Run #, RV_column1, RV_column2, RV_column3, RV_column4, RV_column5, RV_column6, bwpar_1, bwpar_2, bwpar_3, bwpar_4, bwpar_5, bwpar_6, bwpar_7, bwpar_8, bwpar_9, bwpar_10, bwpar_11, bwpar_12, bwpar_13, bwpar_14, bwpar_15, bwpar_1.median, bwpar_2.median, bwpar_3.median, bwpar_4.median, bwpar_5.median, bwpar_6.median, bwpar_7.median, bwpar_8.median, bwpar_9.median, bwpar_10.median, bwpar_11.median, bwpar_12.median, bwpar_13.median, bwpar_14.median, bwpar_15.median, bwpar_1.q5, bwpar_2.q5, bwpar_3.q5, bwpar_4.q5, bwpar_5.q5, bwpar_6.q5, bwpar_7.q5, bwpar_8.q5, bwpar_9.q5, bwpar_10.q5, bwpar_11.q5, bwpar_12.q5, bwpar_13.q5, bwpar_14.q5, bwpar_15.q5, bwpar_1.q95, bwpar_2.q95, bwpar_3.q95, bwpar_4.q95, bwpar_5.q95, bwpar_6.q95, bwpar_7.q95, bwpar_8.q95, bwpar_9.q95, bwpar_10.q95, bwpar_11.q95, bwpar_12.q95, bwpar_13.q95, bwpar_14.q95, bwpar_15.q95, bwpar_1.var, bwpar_2.var, bwpar_3.var, bwpar_4.var, bwpar_5.var, bwpar_6.var, bwpar_7.var, bwpar_8.var, bwpar_9.var, bwpar_10.var, bwpar_11.var, bwpar_12.var, bwpar_13.var, bwpar_14.var, bwpar_15.var, bwpar_1.q5_w_mnoise, bwpar_2.q5_w_mnoise, bwpar_3.q5_w_mnoise, bwpar_4.q5_w_mnoise, bwpar_5.q5_w_mnoise, bwpar_6.q5_w_mnoise, bwpar_7.q5_w_mnoise, bwpar_8.q5_w_mnoise, bwpar_9.q5_w_mnoise, bwpar_10.q5_w_mnoise, bwpar_11.q5_w_mnoise, bwpar_12.q5_w_mnoise, bwpar_13.q5_w_mnoise, bwpar_14.q5_w_mnoise, bwpar_15.q5_w_mnoise, bwpar_1.q95_w_mnoise, bwpar_2.q95_w_mnoise, bwpar_3.q95_w_mnoise, bwpar_4.q95_w_mnoise, bwpar_5.q95_w_mnoise, bwpar_6.q95_w_mnoise, bwpar_7.q95_w_mnoise, bwpar_8.q95_w_mnoise, bwpar_9.q95_w_mnoise, bwpar_10.q95_w_mnoise, bwpar_11.q95_w_mnoise, bwpar_12.q95_w_mnoise, bwpar_13.q95_w_mnoise, bwpar_14.q95_w_mnoise, bwpar_15.q95_w_mnoise, bwpar_1.var_w_mnoise, bwpar_2.var_w_mnoise, bwpar_3.var_w_mnoise, bwpar_4.var_w_mnoise, bwpar_5.var_w_mnoise, bwpar_6.var_w_mnoise, bwpar_7.var_w_mnoise, bwpar_8.var_w_mnoise, bwpar_9.var_w_mnoise, bwpar_10.var_w_mnoise, bwpar_11.var_w_mnoise, bwpar_12.var_w_mnoise, bwpar_13.var_w_mnoise, bwpar_14.var_w_mnoise, bwpar_15.var_w_mnoise
1, 3.0049, 0.16869, 0.07108, 0.2108, 1.3544, 0.51042, 1.7652, 1.0726, 0.55608, 0.94667, 0.61667, 1.2679, 0.61295, 0.69915, 0.02455, 1.299, 1.5287, 0.02719, 3.4275, 0.20139, 0.04094, 0.99517, 1.0094, 1.1384, 0.59348, 0.4793, 1.5518, 0.93359, 0.61691, 0.00841, 3.8318, 0.69071, 0.0079721, 5.6726, 1.0344, 0.04975, 0.9947, 0.98556, 0.73646, 0.50153, 0.31533, 0.99785, -0.09783, 0.51323, 0.0025322, 1.9246, 0.23686, -0.0040877, 4.2152, 0.86865, 0.036883, 0.99563, 1.0332, 1.5403, 0.68543, 0.64327, 2.1057, 1.965, 0.72058, 0.014288, 5.7391, 1.1446, 0.020032, 7.13, 1.2002, 0.062618, 7.9364e-08, 0.00021004, 0.059701, 0.003125, 0.0099376, 0.11341, 0.3932, 0.0039728, 1.2769e-05, 1.3445, 0.076133, 5.3756e-05, 0.78509, 0.010156, 6.1198e-05, 0.21144, 0.91738, 0.43599, 0.36195, 0.23298, -1.2966, -1.4392, 0.35037, -0.0054743, -0.3499, -0.20938, -0.0071325, 2.5568, -0.2036, 0.030002, 1.7789, 1.1014, 1.8407, 0.825, 0.72562, 4.4001, 3.3064, 0.88344, 0.022294, 8.0136, 1.5908, 0.023077, 8.7884, 2.2724, 0.069499, 0.22703, 0.0031301, 0.18234, 0.019813, 0.022425, 2.9987, 2.081, 0.026257, 7.1251e-05, 6.4634, 0.29944, 8.4326e-05, 3.5882, 0.56649, 0.00014415
2, 2, 0.062, 0.09678, 0.59912, 1.4706, 0.51595, 0.84187, 1.0902, 1.0097, 0.58218, 0.5703, 2.0276, 2.0771, 0.46133, 0.00733, 1.0192, 0.61926, 0.01738, 1.8395, 2.7178, 0.03363, 1.2131, 1.0208, 1.201, 0.52596, 0.40154, 1.7322, 1.4398, 0.49249, 0.0043522, 2.1514, 0.95044, 0.0079819, 2.0257, 1.7872, 0.056549, 1.2127, 0.98824, 0.7418, 0.38121, 0.19648, 1.0354, 0.0094862, 0.35012, -0.0028689, -0.12423, 0.41092, -0.00724, 0.068426, 1.6028, 0.040281, 1.2136, 1.0533, 1.6601, 0.6707, 0.60661, 2.429, 2.8701, 0.63486, 0.011573, 4.427, 1.49, 0.023204, 3.9829, 1.9716, 0.072817, 7.9364e-08, 0.00039145, 0.077924, 0.0077438, 0.015543, 0.17947, 0.75612, 0.0074918, 1.9273e-05, 1.914, 0.10759, 8.5642e-05, 1.4159, 0.01257, 9.7817e-05, 0.42939, 0.92612, 0.46433, 0.26886, 0.12616, -1.1473, -1.1316, 0.20866, -0.010152, -2.2107, 0.0042674, -0.0097499, -1.3529, 0.54656, 0.034434, 1.9968, 1.1154, 1.9376, 0.78306, 0.67693, 4.6118, 4.0112, 0.77633, 0.018856, 6.5135, 1.8966, 0.025714, 5.4042, 3.0279, 0.078665, 0.22703, 0.0033115, 0.20056, 0.024432, 0.02803, 3.0648, 2.4439, 0.029776, 7.7754e-05, 7.0329, 0.33089, 0.00011621, 4.219, 0.56891, 0.00018077
3, 6.5574, 0.10961, 0.14472, 0.52977, 0.81121, 0.16569, 0.51746, 0.94211, 1.4635, 0.78232, 0.56176, 5.8578, 8.371, 0.05984, 0.00662, 5.3688, 0.91618, 0.03139, 1.3169, 1.2029, 0.08849, 1.1192, 1.0184, 1.1186, 0.76773, 0.51069, 1.8872, 1.5716, 0.5776, 0.0014512, 5.5967, 0.79263, 0.012428, 2.7264, 2.075, 0.070124, 1.1187, 0.98843, 0.66126, 0.59969, 0.32034, 1.1294, -0.57162, 0.43026, -0.0057686, 3.3071, 0.27832, 0.0007803, 1.0941, 1.8876, 0.055091, 1.1196, 1.0484, 1.576, 0.93577, 0.70104, 2.645, 3.7148, 0.72493, 0.0086709, 7.8862, 1.3069, 0.024075, 4.3588, 2.2625, 0.085156, 7.9365e-08, 0.00033187, 0.077315, 0.010437, 0.013392, 0.21226, 1.6977, 0.0080234, 1.9266e-05, 1.9374, 0.097767, 5.0143e-05, 0.98484, 0.012984, 8.3522e-05, 0.33545, 0.9246, 0.38311, 0.49683, 0.24608, -1.0077, -1.4549, 0.29124, -0.013052, 1.2273, -0.1394, -0.0023496, -0.4749, 0.83395, 0.048901, 1.9029, 1.1122, 1.8541, 1.0386, 0.7753, 4.7821, 4.5981, 0.86396, 0.015955, 9.966, 1.7247, 0.027205, 5.9277, 3.3161, 0.091347, 0.22703, 0.0032519, 0.19995, 0.027125, 0.02588, 3.0976, 3.3855, 0.030308, 7.7747e-05, 7.0564, 0.32107, 8.0712e-05, 3.7879, 0.56932, 0.00016648
4, 6.5574, 0.11304, 0.03442, 0.26407, 1.9174, 0.37956, 0.89938, 1.0362, 0.50956, 0.56951, 0.32897, 0.59889, 1.5455, 0.52756, 0.00022, 1.3233, 0.51222, 0.02833, 2.892, 2.4425, 0.0537, 1.1687, 1.0423, 1.1437, 0.62554, 0.27975, 2.0996, 1.2018, 0.64097, 0.0051629, 3.7825, 0.67512, 0.019882, 3.155, 2.0297, 0.062849, 1.1682, 1.0168, 0.73338, 0.5076, 0.1232, 1.3751, -0.07175, 0.50606, -0.0014794, 1.3541, 0.22042, 0.009723, 1.6502, 1.8411, 0.044736, 1.1691, 1.0677, 1.554, 0.74348, 0.43631, 2.8242, 2.4753, 0.77588, 0.011805, 6.211, 1.1298, 0.03004, 4.6598, 2.2182, 0.080962, 7.9365e-08, 0.00023909, 0.062221, 0.0051416, 0.0090586, 0.19403, 0.59945, 0.0067275, 1.6308e-05, 2.1798, 0.076418, 3.8143e-05, 0.83695, 0.013136, 0.00012126, 0.38494, 0.94982, 0.43647, 0.38252, 0.038312, -0.78674, -1.2859, 0.3608, -0.0090618, -0.66122, -0.22539, 0.0062469, 0.016757, 0.7884, 0.039343, 1.9524, 1.1347, 1.8509, 0.86856, 0.5212, 4.986, 3.6894, 0.92114, 0.019388, 8.2263, 1.5756, 0.033516, 6.2932, 3.2709, 0.086354, 0.22703, 0.0031591, 0.18486, 0.021829, 0.021546, 3.0793, 2.2872, 0.029012, 7.4789e-05, 7.2987, 0.29973, 6.8713e-05, 3.6401, 0.56947, 0.00020422
5, 2, 0.41081, 0.05307, 0.38993, 1, 0.92872, 1.2832, 1.0857, 1.4312, 0.47872, 0.15265, 8.6844, 1.0646, 0.72124, 0.00054, 0.34006, 0.0379, 0.00308, 2.3299, 0.71472, 0.0417, 1.1199, 1.0172, 1.2683, 0.31197, 0.27439, 2.6485, 1.5111, 0.68495, 0.0088146, 3.2147, 0.68424, 0.0083396, 3.1891, 1.0454, 0.052973, 1.1194, 0.98551, 0.80872, 0.14637, 0.019966, 1.8976, -0.59133, 0.5281, 0.0015367, 0.86523, 0.14875, -0.0068441, 1.1678, 0.86738, 0.03535, 1.1204, 1.0488, 1.7279, 0.47756, 0.52882, 3.3994, 3.6135, 0.8418, 0.016093, 5.5641, 1.2197, 0.023523, 5.2104, 1.2234, 0.070596, 7.9364e-08, 0.00037039, 0.078067, 0.010136, 0.023926, 0.20839, 1.6337, 0.0090932, 1.9578e-05, 2.0402, 0.10599, 8.5212e-05, 1.5101, 0.01171, 0.00011479, 0.33618, 0.92282, 0.53141, 0.042576, -0.039485, -0.24461, -1.4867, 0.39359, -0.0057178, -1.1864, -0.25965, -0.0093593, -0.22701, -0.19434, 0.029843, 1.9036, 1.1115, 2.0052, 0.58136, 0.58827, 5.5416, 4.5088, 0.97632, 0.023347, 7.6157, 1.6281, 0.026039, 6.6052, 2.2851, 0.076103, 0.22703, 0.0032904, 0.2007, 0.026823, 0.036413, 3.0937, 3.3215, 0.031378, 7.8059e-05, 7.1591, 0.32929, 0.00011578, 4.3132, 0.56805, 0.00019774
6, 4, 0.27284, 0.15335, 0.38003, 1.3889, 0.31767, 1.3748, 0.93121, 1.988, 0.52877, 0.63426, 0.51612, 1.0266, 0.97657, 0.00814, 1.3384, 0.57185, 0.00324, 5.0227, 1.3687, 0.04046, 1.1111, 0.99867, 1.4259, 0.52702, 0.4912, 1.4967, 0.64049, 0.72669, 0.0067008, 4.2183, 0.98104, 0.0072348, 3.6503, 1.1456, 0.04985, 1.1106, 0.97102, 0.97591, 0.3948, 0.28056, 0.83711, -0.60937, 0.6005, -4.4978e-05, 2.0932, 0.5139, -0.0028331, 2.2365, 0.96523, 0.03311, 1.1115, 1.0263, 1.876, 0.65924, 0.70184, 2.1563, 1.8904, 0.85287, 0.013447, 6.3433, 1.4482, 0.017303, 5.0642, 1.326, 0.06659, 7.9364e-08, 0.00028257, 0.07486, 0.0064616, 0.016399, 0.16081, 0.57739, 0.0058854, 1.6819e-05, 1.6691, 0.080657, 3.7465e-05, 0.73883, 0.012025, 0.00010358, 0.32734, 0.90558, 0.69497, 0.27675, 0.21164, -1.3741, -1.8351, 0.45062, -0.0075726, -0.067199, 0.074181, -0.0063325, 0.55471, -0.094452, 0.027385, 1.8948, 1.0918, 2.1569, 0.77728, 0.77076, 4.3675, 3.1161, 1.0028, 0.020974, 8.5037, 1.8879, 0.020802, 6.7459, 2.3857, 0.072315, 0.22703, 0.0032026, 0.1975, 0.023149, 0.028887, 3.0461, 2.2652, 0.02817, 7.5301e-05, 6.788, 0.30396, 6.8034e-05, 3.5419, 0.56836, 0.00018653
7, 4, 0.2671, 0.04197, 0.13674, 2.25, 0.51118, 1.5134, 1.0564, 1.5884, 0.25543, 0.47478, 0.82318, 1.1474, 0.69133, 0.0006, 4.2576, 0.14208, 0.00957, 3.4762, 0.69529, 0.05307, 1.1819, 1.0027, 1.4085, 0.44724, 0.54292, 1.4469, 1.1451, 0.75626, 0.0084618, 4.5713, 0.62643, 0.0085251, 4.2275, 1.0286, 0.056038, 1.1815, 0.97808, 0.96961, 0.33491, 0.30597, 0.79258, -0.36467, 0.62009, 0.0023951, 2.2542, 0.092531, -0.0065124, 2.3056, 0.84039, 0.03884, 1.1824, 1.0274, 1.8475, 0.55956, 0.77986, 2.1013, 2.6549, 0.89244, 0.014529, 6.8884, 1.1603, 0.023563, 6.1494, 1.2168, 0.073236, 7.9364e-08, 0.00022483, 0.071208, 0.0046635, 0.020751, 0.15825, 0.84253, 0.0068538, 1.3604e-05, 1.9844, 0.10536, 8.3579e-05, 1.3652, 0.013094, 0.00010932, 0.39822, 0.9105, 0.68434, 0.20689, 0.24303, -1.4227, -1.4713, 0.47549, -0.0055034, 0.18744, -0.31655, -0.0090485, 0.86927, -0.21261, 0.03323, 1.9657, 1.095, 2.1327, 0.68758, 0.8428, 4.3165, 3.7616, 1.037, 0.022427, 8.9552, 1.5694, 0.026099, 7.5857, 2.2698, 0.078846, 0.22703, 0.0031449, 0.19384, 0.021351, 0.033239, 3.0435, 2.5303, 0.029138, 7.2085e-05, 7.1034, 0.32866, 0.00011415, 4.1683, 0.56943, 0.00019228
8, 2.8571, 0.39611, 0.08082, 0.14075, 1.25, 0.73476, 1.6247, 1.0899, 0.70085, 0.32007, 0.3766, 0.36617, 1.059, 0.74724, 0.00219, 5.0962, 0.5123, 0.04598, 2.3498, 0.27283, 0.06464, 0.90913, 1.0132, 1.0741, 0.40023, 0.54187, 2.1686, 1.1942, 0.79826, 0.0053792, 6.0712, 0.59642, 0.0065023, 4.1201, 0.58209, 0.041016, 0.90866, 0.98744, 0.66575, 0.2748, 0.33488, 1.4486, -0.47876, 0.68984, -0.00046326, 4.1555, 0.066386, -0.0086478, 2.1516, 0.4087, 0.025442, 0.90959, 1.039, 1.4825, 0.52565, 0.74886, 2.8886, 2.8671, 0.90668, 0.011222, 7.9869, 1.1265, 0.021652, 6.0887, 0.75549, 0.056589, 7.9364e-08, 0.00024541, 0.061647, 0.0058147, 0.015836, 0.19161, 1.0344, 0.0043445, 1.2617e-05, 1.3564, 0.10384, 8.4835e-05, 1.4323, 0.011113, 8.9646e-05, 0.1254, 0.92066, 0.36804, 0.15349, 0.26505, -0.71664, -1.5197, 0.52984, -0.0084901, 1.8856, -0.34438, -0.011168, 0.73501, -0.65696, 0.019406, 1.6929, 1.1058, 1.7803, 0.64697, 0.81869, 5.0539, 3.908, 1.0667, 0.019249, 10.257, 1.5372, 0.024172, 7.5053, 1.8212, 0.062625, 0.22703, 0.0031655, 0.18428, 0.022503, 0.028323, 3.0769, 2.7222, 0.026629, 7.1098e-05, 6.4753, 0.32715, 0.00011541, 4.2354, 0.56745, 0.0001726
9, 2.1818, 0.48346, 0.03425, 0.11868, 2.0833, 1.2156, 0.45605, 1.0378, 1.5855, 0.54527, 0.46382, 0.68332, 0.25843, 0.985, 6e-05, 7.7086, 0.36648, 0.00075, 9.3108, 2.1324, 0.02999, 0.76304, 1.0333, 1.0181, 0.3776, 0.4171, 3.4064, 1.106, 0.77435, 0.0082742, 5.095, 0.45556, 0.0097416, 4.6416, 0.81699, 0.036414, 0.76257, 1.0023, 0.58424, 0.20423, 0.21595, 2.5724, -0.84351, 0.62067, 0.0011748, 2.7412, -0.032269, -0.0019034, 2.8382, 0.62984, 0.019087, 0.7635, 1.0643, 1.452, 0.55096, 0.61825, 4.2404, 3.0555, 0.92803, 0.015374, 7.4489, 0.94338, 0.021387, 6.4449, 1.0041, 0.053741, 7.9365e-08, 0.00035492, 0.069586, 0.011109, 0.014955, 0.25709, 1.4048, 0.0087293, 1.8629e-05, 2.0479, 0.087958, 5.0122e-05, 1.202, 0.012946, 0.00011096, -0.020693, 0.93916, 0.29698, 0.10336, 0.14462, 0.49064, -1.7866, 0.48468, -0.0061697, 0.6916, -0.46213, -0.0050339, 1.3498, -0.42406, 0.013509, 1.5468, 1.1274, 1.7393, 0.65183, 0.68958, 6.3222, 3.9986, 1.064, 0.022718, 9.4984, 1.3732, 0.024517, 7.9334, 2.0581, 0.059319, 0.22703, 0.003275, 0.19222, 0.027796, 0.027443, 3.1424, 3.0926, 0.031014, 7.711e-05, 7.1668, 0.31127, 8.0692e-05, 4.0051, 0.56928, 0.00019392
10, 3.0049, 0.2895, 0.12357, 0.36241, 1.3368, 0.48702, 1.8249, 1.074, 1.2253, 0.20694, 0.41138, 1.6604, 7.7699, 0.68264, 0.01968, 0.59822, 0.11743, 0.04534, 4.2926, 0.22415, 0.03884, 1.0982, 0.98952, 1.4313, 0.555, 0.44399, 1.5716, 1.6916, 0.77328, 0.010768, 2.7025, 0.83214, 0.021089, 5.0355, 0.98311, 0.033017, 1.0977, 0.96396, 1.0724, 0.44268, 0.29791, 0.95698, 0.55151, 0.65363, 0.0047106, 0.82659, 0.39964, 0.013382, 3.5642, 0.81307, 0.021764, 1.0986, 1.0151, 1.7901, 0.66732, 0.59007, 2.1861, 2.8316, 0.89293, 0.016825, 4.5784, 1.2646, 0.028796, 6.5068, 1.1531, 0.04427, 7.9364e-08, 0.0002415, 0.047599, 0.004663, 0.0078872, 0.1396, 0.48038, 0.0052914, 1.3561e-05, 1.3006, 0.069139, 2.1955e-05, 0.8001, 0.010687, 4.6803e-05, 0.31443, 0.89704, 0.75261, 0.31465, 0.2092, -1.2892, -0.73045, 0.50014, -0.0031934, -1.4651, -0.05737, 0.0091678, 1.9132, -0.25548, 0.014281, 1.8819, 1.082, 2.1099, 0.79534, 0.67878, 4.4323, 4.1136, 1.0464, 0.024729, 6.87, 1.7216, 0.03301, 8.1578, 2.2217, 0.051754, 0.22703, 0.0031616, 0.17024, 0.021351, 0.020375, 3.0249, 2.1682, 0.027576, 7.2042e-05, 6.4195, 0.29245, 5.2525e-05, 3.6032, 0.56703, 0.00012976
11, 4.7, 0.39202, 0.17869, 0.4617, 1.3333, 0.30439, 0.84518, 1.0126, 1.0591, 0.5762, 0.72465, 2.0494, 0.46394, 0.95066, 0.00158, 9.678, 0.8277, 0.00229, 2.929, 0.93059, 0.06781, 1.2108, 1.0087, 1.4171, 0.54084, 0.54221, 1.7854, 0.9982, 0.78171, 0.0027785, 7.4784, 0.8291, 0.0053183, 2.4378, 1.1052, 0.067611, 1.2103, 0.97804, 1.0236, 0.42798, 0.35636, 1.0667, -0.32118, 0.65885, -0.0038449, 5.6465, 0.351, -0.0056842, 0.74166, 0.92083, 0.057391, 1.2113, 1.0394, 1.8106, 0.65369, 0.72806, 2.5042, 2.3176, 0.90457, 0.0094019, 9.3102, 1.3072, 0.016321, 4.1339, 1.2896, 0.07783, 7.9364e-08, 0.00034744, 0.057236, 0.0047076, 0.012767, 0.19093, 0.64341, 0.0055791, 1.6215e-05, 1.2403, 0.084485, 4.4744e-05, 1.0633, 0.012565, 3.8602e-05, 0.42707, 0.91468, 0.71948, 0.30024, 0.28081, -1.0995, -1.5132, 0.50714, -0.011437, 3.3304, -0.083446, -0.0089563, -0.79653, -0.13543, 0.049476, 1.9945, 1.1027, 2.1147, 0.78143, 0.8036, 4.6704, 3.5096, 1.0563, 0.016994, 11.626, 1.7417, 0.019593, 5.6721, 2.3459, 0.085746, 0.22703, 0.0032675, 0.17987, 0.021395, 0.025255, 3.0762, 2.3312, 0.027864, 7.4696e-05, 6.3592, 0.30779, 7.5314e-05, 3.8664, 0.5689, 0.00012156
12, 3.9167, 0.12293, 0.04813, 0, 1.3229, 0.27548, 1.5221, 1.0018, 1.735, 0.36818, 0.47592, 0.50948, 0.3616, 0.9373, 0.01864, 8.7805, 0.28777, 0.00331, 4.7191, 0.29467, 0.05908, 1.0279, 1.0216, 1.3537, 0.34767, 0.42389, 0.92665, 1.2029, 0.83606, 0.0048385, 5.9354, 1.0107, 0.0074209, 4.3376, 0.8049, 0.050842, 1.0274, 0.99513, 0.95861, 0.2289, 0.26912, 0.23008, -0.2639, 0.72167, -0.00091268, 4.0333, 0.52357, -0.0037818, 2.7063, 0.6245, 0.039011, 1.0283, 1.0481, 1.7487, 0.46643, 0.57867, 1.6232, 2.6697, 0.95045, 0.01059, 7.8375, 1.4978, 0.018624, 5.9689, 0.98531, 0.062673, 7.9364e-08, 0.00025895, 0.057685, 0.0052136, 0.0088545, 0.17934, 0.7952, 0.0048364, 1.2225e-05, 1.3372, 0.087706, 4.6386e-05, 0.98353, 0.01203, 5.1732e-05, 0.24413, 0.92886, 0.65519, 0.10424, 0.1836, -1.9528, -1.389, 0.56518, -0.0089926, 1.756, 0.093381, -0.0070085, 1.1368, -0.43515, 0.031753, 1.8116, 1.1143, 2.0521, 0.59109, 0.66419, 3.8061, 3.7948, 1.1069, 0.01867, 10.115, 1.928, 0.02185, 7.5384, 2.045, 0.069931, 0.22703, 0.003179, 0.18032, 0.021901, 0.021342, 3.0646, 2.483, 0.027121, 7.0707e-05, 6.4561, 0.31101, 7.6956e-05, 3.7866, 0.56837, 0.00013469
13, 4, 0.16814, 0.01918, 0.3, 2.6111, 0.83011, 1.5936, 0.99743, 1.6494, 0.30572, 0.51048, 8.4966, 9.6572, 0.22792, 0.00198, 0.36659, 0.13221, 0.00253, 2.2576, 1.6473, 0.05051, 1.0154, 1.0292, 1.0504, 0.51922, 0.37228, 2.1997, 1.9974, 0.65505, 0.0065288, 2.6058, 0.74182, 0.01429, 3.8272, 1.9092, 0.05302, 1.0149, 1.0015, 0.59511, 0.39148, 0.15005, 1.3867, -0.018985, 0.51081, -0.00033939, 0.13604, 0.2081, -0.00065763, 1.8383, 1.7177, 0.034157, 1.0159, 1.0568, 1.5056, 0.64695, 0.59451, 3.0128, 4.0137, 0.79928, 0.013397, 5.0756, 1.2755, 0.029237, 5.8161, 2.1006, 0.071884, 7.9365e-08, 0.00028162, 0.076602, 0.0060306, 0.018254, 0.24432, 1.5027, 0.0076891, 1.7435e-05, 2.2545, 0.10529, 8.2578e-05, 1.462, 0.013542, 0.00013152, 0.23166, 0.93608, 0.31616, 0.27129, 0.083881, -0.71014, -0.94067, 0.37027, -0.0078029, -1.8606, -0.20106, -0.0032069, 0.43021, 0.66745, 0.028932, 1.7991, 1.1222, 1.7846, 0.76714, 0.66067, 5.1096, 4.9354, 0.93982, 0.02086, 7.0723, 1.6847, 0.031786, 7.2242, 3.1509, 0.077109, 0.22703, 0.0032017, 0.19924, 0.022718, 0.030741, 3.1296, 3.1905, 0.029974, 7.5916e-05, 7.3735, 0.3286, 0.00011315, 4.2651, 0.56988, 0.00021447
14, 4, 0.17434, 0.0563, 0.5, 1.6875, 0.5452, 1.5208, 0.92554, 0.71779, 0.58641, 0.19682, 1.8178, 0.4209, 0.4626, 0.00925, 4.0116, 0.13642, 0.00506, 2.5387, 1.7192, 0.04971, 1.3144, 0.9921, 1.3014, 0.55378, 0.17869, 1.5323, 1.4488, 0.53685, 0.0071564, 3.2317, 0.73471, 0.0090704, 2.8681, 1.8279, 0.056542, 1.3139, 0.96568, 0.86581, 0.40216, -0.0086904, 0.8495, -0.098559, 0.39331, 0.00038306, 0.99033, 0.23234, -0.0043713, 1.1412, 1.6459, 0.041629, 1.3148, 1.0185, 1.7369, 0.7054, 0.36608, 2.215, 2.9962, 0.6804, 0.01393, 5.4731, 1.2371, 0.022512, 4.595, 2.01, 0.071455, 7.9364e-08, 0.00025796, 0.070117, 0.008497, 0.012978, 0.17231, 0.88498, 0.0076158, 1.6957e-05, 1.8569, 0.09328, 6.6781e-05, 1.1022, 0.012247, 8.2197e-05, 0.53064, 0.89937, 0.57921, 0.29274, -0.083792, -1.3439, -1.1895, 0.25243, -0.00713, -1.1126, -0.19079, -0.0071588, -0.38247, 0.58764, 0.035404, 2.0981, 1.0848, 2.0235, 0.81481, 0.44118, 4.4085, 4.0871, 0.82128, 0.021443, 7.5761, 1.6602, 0.0253, 6.1186, 3.0682, 0.07768, 0.22703, 0.003178, 0.19275, 0.025185, 0.025466, 3.0576, 2.5728, 0.0299, 7.5438e-05, 6.9758, 0.31659, 9.7351e-05, 3.9053, 0.56859, 0.00016515
15, 3, 0.21736, 0.06894, 0.10552, 1.5151, 0.47661, 0.55042, 0.99978, 1.6919, 0.54468, 0.60361, 3.3233, 2.6952, 0.57219, 0.00115, 0.44286, 0.86658, 0.00063, 3.335, 2.1284, 0.04175, 1.0003, 1.0097, 1.1073, 0.43598, 0.49824, 1.4008, 0.78851, 0.75799, 0.005445, 4.516, 0.85107, 0.0060739, 5.8323, 0.70966, 0.04722, 0.99981, 0.98658, 0.84071, 0.35776, 0.39874, 0.85366, -0.14907, 0.6652, 0.00047478, 3.0742, 0.50108, 0.00068506, 4.7616, 0.54003, 0.039738, 1.0007, 1.0328, 1.3739, 0.5142, 0.59773, 1.948, 1.7261, 0.85078, 0.010415, 5.9577, 1.2011, 0.011463, 6.903, 0.87928, 0.054703, 7.9364e-08, 0.00019766, 0.026265, 0.0022613, 0.003659, 0.11065, 0.32491, 0.0031822, 9.1307e-06, 0.76834, 0.045277, 1.0733e-05, 0.42372, 0.010634, 2.0695e-05, 0.21655, 0.91787, 0.47257, 0.20956, 0.28923, -1.4462, -1.545, 0.4955, -0.00808, 0.52494, -0.0013735, -0.0044972, 2.8776, -0.52888, 0.030474, 1.784, 1.1016, 1.742, 0.66241, 0.70725, 4.2479, 3.1221, 1.0205, 0.01897, 8.507, 1.7035, 0.016645, 8.787, 1.9482, 0.063966, 0.22703, 0.0031177, 0.1489, 0.018949, 0.016147, 2.9959, 2.0127, 0.025467, 6.7612e-05, 5.8872, 0.26858, 4.1303e-05, 3.2268, 0.56697, 0.00010365
16, 3.0022, 0.21409, 0.08002, 0.31039, 1.7895, 0.54525, 0.83329, 1.0493, 1.0514, 0.73559, 0.56109, 1.5731, 0.37948, 0.71591, 0.00223, 2.685, 0.64228, 0.01835, 8.2866, 0.72567, 0.04278, 1.1108, 0.99832, 1.2074, 0.53079, 0.46349, 1.5901, 1.0029, 0.74757, 0.0079872, 3.2856, 0.7448, 0.018164, 4.5313, 1.2125, 0.047245, 1.1104, 0.97203, 0.83173, 0.40728, 0.25801, 1.0015, -0.27371, 0.62228, 0.0017975, 1.0779, 0.24233, 0.0065081, 3.0881, 1.0288, 0.029383, 1.1113, 1.0246, 1.5831, 0.6543, 0.66897, 2.1787, 2.2795, 0.87286, 0.014177, 5.4933, 1.2473, 0.02982, 5.9746, 1.3963, 0.065107, 7.9364e-08, 0.00025558, 0.052163, 0.0056383, 0.015606, 0.12804, 0.60236, 0.0058019, 1.4161e-05, 1.8014, 0.093318, 5.0215e-05, 0.7699, 0.012479, 0.00011792, 0.32709, 0.90563, 0.51971, 0.28501, 0.18779, -1.2652, -1.4863, 0.47191, -0.0060319, -1.0415, -0.18075, 0.00338, 1.4222, -0.028012, 0.023932, 1.8945, 1.091, 1.8951, 0.77656, 0.73919, 4.4454, 3.4921, 1.0232, 0.022006, 7.6126, 1.6704, 0.032948, 7.6405, 2.4531, 0.070558, 0.22703, 0.0031756, 0.1748, 0.022326, 0.028094, 3.0133, 2.2902, 0.028087, 7.2642e-05, 6.9203, 0.31663, 8.0785e-05, 3.573, 0.56882, 0.00020088
17, 2, 0.23842, 0.10557, 0.09973, 0.91398, 0.55989, 0.95446, 0.97593, 0.536, 0.4464, 0.3831, 1.0751, 0.9754, 0.77616, 0.00024, 8.8799, 0.14642, 0.00343, 5.7354, 0.24015, 0.03407, 0.77135, 0.98923, 1.3923, 0.45239, 0.46277, 2.3657, 0.76334, 0.73719, 0.0067004, 5.8102, 0.62808, 0.0044226, 4.3444, 0.62753, 0.043061, 0.77088, 0.96416, 0.9677, 0.34803, 0.28403, 1.7119, -0.67121, 0.62312, 0.00012714, 3.7087, 0.1174, -0.0094226, 2.5986, 0.45174, 0.027623, 0.77181, 1.0143, 1.8168, 0.55675, 0.6415, 3.0196, 2.1979, 0.85126, 0.013274, 7.9117, 1.1388, 0.018268, 6.0902, 0.80331, 0.058498, 7.9364e-08, 0.0002323, 0.066622, 0.0040252, 0.011807, 0.15801, 0.76063, 0.0048092, 1.597e-05, 1.6323, 0.096396, 7.085e-05, 1.1265, 0.011421, 8.8082e-05, -0.012383, 0.89688, 0.67669, 0.21566, 0.20639, -0.50374, -1.8104, 0.46644, -0.0074922, 1.5363, -0.30195, -0.012142, 1.0838, -0.61187, 0.021549, 1.5551, 1.0816, 2.1078, 0.68912, 0.71915, 5.2352, 3.3371, 1.0079, 0.020893, 10.084, 1.5581, 0.020988, 7.6051, 1.8669, 0.064572, 0.22703, 0.0031524, 0.18926, 0.020713, 0.024295, 3.0433, 2.4484, 0.027094, 7.4452e-05, 6.7512, 0.3197, 0.00010142, 3.9296, 0.56776, 0.00017104
18, 2.5, 0.2982, 0.06484, 0.3, 1.6667, 0.79933, 1.3174, 0.97958, 1.8095, 0.64832, 0.51745, 1.102, 0.53965, 0.7396, 0.00226, 3.0256, 0.57723, 0.00996, 3.9613, 0.64455, 0.04741, 1.0051, 1.0009, 1.3255, 0.3921, 0.33042, 2.3726, 1.4351, 0.74749, 0.011935, 3.1391, 0.6154, 0.0071856, 3.3126, 1.1351, 0.04866, 1.0046, 0.97507, 0.89154, 0.275, 0.12166, 1.6775, 0.078884, 0.62325, 0.00566, 0.93187, 0.1396, -0.0037079, 1.6551, 0.95382, 0.031234, 1.0056, 1.0267, 1.7594, 0.50921, 0.53919, 3.0678, 2.7914, 0.87173, 0.01821, 5.3463, 1.0912, 0.018079, 4.9701, 1.3163, 0.066086, 7.9364e-08, 0.00024666, 0.069592, 0.0050683, 0.016109, 0.1786, 0.67988, 0.0057051, 1.4555e-05, 1.8007, 0.083672, 4.3861e-05, 1.0154, 0.012141, 0.00011224, 0.22137, 0.90834, 0.60429, 0.14949, 0.052271, -0.50651, -1.0958, 0.4723, -0.0021219, -1.1877, -0.29595, -0.0070051, 0.098404, -0.10512, 0.025679, 1.7888, 1.0935, 2.0466, 0.63472, 0.60857, 5.2518, 3.9661, 1.0227, 0.025992, 7.4659, 1.5267, 0.021376, 6.5268, 2.3752, 0.07164, 0.22703, 0.0031667, 0.19223, 0.021756, 0.028596, 3.0639, 2.3677, 0.02799, 7.3036e-05, 6.9196, 0.30698, 7.4431e-05, 3.8185, 0.56848, 0.00019519
19, 6.5574, 0.14555, 0.1037, 0.39612, 0.88496, 0.21859, 1.4921, 1.0042, 0.58148, 0.90992, 0.56099, 1.5057, 1.0719, 0.96934, 0.00092, 3.4929, 0.53461, 0.00361, 5.2712, 1.6091, 0.05272, 1.1466, 1.0101, 1.2592, 0.59219, 0.44819, 2.0495, 1.447, 0.61557, 0.0031872, 4.4508, 0.86818, 0.010138, 2.6892, 1.8135, 0.06927, 1.1461, 0.98341, 0.85786, 0.47037, 0.27916, 1.3612, 0.019063, 0.49616, -0.0029192, 2.3941, 0.40711, 0.0011499, 1.2891, 1.6291, 0.056534, 1.147, 1.0369, 1.6606, 0.71401, 0.61723, 2.7377, 2.875, 0.73499, 0.0092937, 6.5074, 1.3293, 0.019127, 4.0892, 1.9979, 0.082006, 7.9365e-08, 0.00026397, 0.059546, 0.0054851, 0.010561, 0.17508, 0.75368, 0.0052707, 1.3782e-05, 1.5634, 0.078574, 2.9862e-05, 0.7245, 0.012566, 5.9955e-05, 0.36283, 0.91732, 0.55716, 0.34726, 0.19847, -0.82803, -1.1231, 0.34253, -0.010795, 0.19879, -0.035565, -0.0026483, -0.40017, 0.57282, 0.049607, 1.9303, 1.103, 1.9613, 0.83712, 0.69791, 4.927, 4.0172, 0.88862, 0.01717, 8.7027, 1.7719, 0.022925, 5.7785, 3.0541, 0.088934, 0.22703, 0.003184, 0.18218, 0.022173, 0.023049, 3.0604, 2.4415, 0.027555, 7.2264e-05, 6.6823, 0.30188, 6.0432e-05, 3.5276, 0.5689, 0.00014291
20, 4.7, 0.3222, 0.17869, 0.45618, 1.3333, 0.27337, 1.1103, 1.0222, 0.81343, 0.52532, 0.48292, 1.4509, 0.85413, 0.76469, 0.00027, 8.6927, 1.6705, 0.00381, 1.6846, 1.0394, 0.0723, 1.1544, 0.99533, 1.3796, 0.60806, 0.61554, 1.7895, 1.4435, 0.7806, 0.0023806, 7.021, 0.84221, 0.0078669, 2.4361, 1.2305, 0.062158, 1.154, 0.96367, 0.92558, 0.48963, 0.36941, 1.0672, -0.17664, 0.64575, -0.0048258, 5.1495, 0.3198, -0.0067425, 0.54224, 1.0463, 0.050502, 1.1549, 1.027, 1.8336, 0.72649, 0.86168, 2.5117, 3.0636, 0.91545, 0.009587, 8.8926, 1.3646, 0.022476, 4.33, 1.4147, 0.073814, 7.9364e-08, 0.00037037, 0.076182, 0.0051842, 0.022392, 0.1928, 0.97013, 0.0067212, 1.9195e-05, 1.2946, 0.10087, 7.8888e-05, 1.3257, 0.012542, 5.0214e-05, 0.37072, 0.90097, 0.64615, 0.3648, 0.30835, -1.0963, -1.2382, 0.50047, -0.012116, 2.8555, -0.094316, -0.0093419, -0.90614, -0.010112, 0.043176, 1.9382, 1.0897, 2.113, 0.85132, 0.92274, 4.6753, 4.1251, 1.0607, 0.016877, 11.187, 1.7787, 0.025076, 5.7784, 2.4711, 0.081139, 0.22703, 0.0032904, 0.19882, 0.021872, 0.03488, 3.0781, 2.6579, 0.029006, 7.7676e-05, 6.4135, 0.32418, 0.00010946, 4.1288, 0.56888, 0.00013317
21, 4.4984, 0.33805, 0.06971, 0.10139, 0.79167, 0.36058, 1.13, 0.90813, 1.9478, 0.24687, 0.60602, 1.2405, 2.7974, 0.96518, 0.0135, 1.3603, 0.50724, 0.0011, 3.8422, 0.47801, 0.06581, 1.1442, 1.0003, 1.7284, 0.25335, 0.58244, 1.5355, 3.3532, 0.74906, 0.016302, 4.241, 0.27524, 0.012055, 3.6933, 0.67759, 0.063192, 1.1437, 0.97776, 1.4295, 0.17999, 0.46735, 0.91938, 2.3933, 0.66637, 0.011819, 2.7642, -0.10046, 0.0061987, 2.3558, 0.50084, 0.055176, 1.1446, 1.0228, 2.0272, 0.32671, 0.69753, 2.1517, 4.3131, 0.83175, 0.020784, 5.7179, 0.65093, 0.017912, 5.0309, 0.85433, 0.071208, 7.9364e-08, 0.00018745, 0.033012, 0.0019892, 0.0048955, 0.14031, 0.34057, 0.0025273, 7.4272e-06, 0.80619, 0.052169, 1.2677e-05, 0.66125, 0.011546, 2.3749e-05, 0.36045, 0.90859, 1.0795, 0.028555, 0.36557, -1.3256, 1.0106, 0.48996, 0.002948, 0.23721, -0.58808, 0.0012382, 0.63182, -0.56194, 0.046201, 1.9279, 1.092, 2.3773, 0.47814, 0.79931, 4.3966, 5.6958, 1.0081, 0.029655, 8.2449, 1.1386, 0.022872, 6.7549, 1.9171, 0.080183, 0.22703, 0.0031075, 0.15565, 0.018677, 0.017383, 3.0256, 2.0284, 0.024812, 6.5908e-05, 5.9251, 0.27548, 4.3247e-05, 3.4643, 0.56788, 0.0001067
22, 4.56, 0.08105, 0.04323, 0.2, 2.0833, 0.37977, 0.70575, 0.98823, 1.4376, 0.68811, 0.89367, 0.7368, 0.02477, 0.81933, 0.00801, 1.569, 0.97, 0.04414, 6.532, 0.75536, 0.0553, 1.1245, 1.0465, 1.3388, 0.5146, 0.65886, 1.5916, 1.4801, 0.60933, 0.0034022, 2.8948, 0.64833, 0.034898, 5.7332, 1.5373, 0.048967, 1.1241, 1.0213, 1.0211, 0.41227, 0.52815, 0.97497, 0.32186, 0.49152, -0.0022098, 1.0014, 0.22275, 0.027349, 4.2834, 1.3565, 0.03757, 1.125, 1.0717, 1.6566, 0.61692, 0.78958, 2.2083, 2.6384, 0.72713, 0.0090142, 4.7883, 1.0739, 0.042447, 7.1829, 1.7181, 0.060365, 7.9364e-08, 0.0002352, 0.03731, 0.0038701, 0.0063156, 0.14056, 0.49585, 0.0051297, 1.1641e-05, 1.3251, 0.066944, 2.1063e-05, 0.77686, 0.012076, 4.8012e-05, 0.3408, 0.95413, 0.68101, 0.27876, 0.43331, -1.2696, -0.95052, 0.33698, -0.010372, -1.2806, -0.23783, 0.023078, 2.621, 0.29719, 0.030144, 1.9083, 1.1389, 1.9967, 0.75044, 0.88441, 4.4529, 3.9107, 0.88167, 0.017176, 7.0703, 1.5345, 0.046717, 8.8454, 2.7774, 0.067791, 0.22703, 0.0031553, 0.15995, 0.020558, 0.018803, 3.0259, 2.1836, 0.027414, 7.0122e-05, 6.444, 0.29025, 5.1633e-05, 3.58, 0.56842, 0.00013097
23, 3.9167, 0.12699, 0.06402, 0, 1.3229, 0.22169, 0.98261, 1.0157, 1.4987, 0.31919, 0.41162, 0.98462, 0.56256, 0.74492, 0.00767, 7.4124, 1.7882, 0.00233, 4.0706, 0.32542, 0.04698, 1.0223, 1.0172, 1.3843, 0.36511, 0.44553, 0.86523, 0.64913, 0.88674, 0.0062096, 6.5279, 0.84352, 0.0060421, 4.5732, 0.74186, 0.056509, 1.0218, 0.99106, 0.98284, 0.25577, 0.29479, 0.14358, -0.8818, 0.77301, 0.00023672, 4.6286, 0.35888, -0.0070424, 2.8434, 0.56192, 0.044671, 1.0227, 1.0434, 1.7857, 0.47446, 0.59628, 1.5869, 2.1801, 1.0005, 0.012182, 8.4272, 1.3282, 0.019127, 6.3031, 0.92181, 0.068347, 7.9364e-08, 0.00025313, 0.059564, 0.0044192, 0.0083995, 0.19249, 0.86628, 0.004781, 1.3186e-05, 1.3333, 0.086812, 6.3279e-05, 1.106, 0.011968, 5.1796e-05, 0.23855, 0.92458, 0.68217, 0.12614, 0.20781, -2.0204, -1.9796, 0.61614, -0.0077152, 2.3498, -0.072474, -0.0098925, 1.3211, -0.49813, 0.037415, 1.806, 1.1099, 2.0864, 0.60408, 0.68326, 3.7509, 3.2779, 1.1573, 0.020134, 10.706, 1.7595, 0.021977, 7.8254, 1.9819, 0.075603, 0.22703, 0.0031732, 0.1822, 0.021107, 0.020887, 3.0778, 2.5541, 0.027066, 7.1667e-05, 6.4522, 0.31012, 9.3849e-05, 3.9091, 0.56831, 0.00013475
24, 2.5, 0.1772, 0.06191, 0.39994, 0.97222, 0.73215, 1.1913, 0.993, 0.88555, 0.62077, 0.47672, 1.5818, 0.76895, 0.66159, 0.00218, 1.3681, 1.028, 0.00144, 3.616, 1.0923, 0.03367, 0.99949, 0.98908, 1.0929, 0.53603, 0.28625, 2.1302, 0.83392, 0.60585, 0.0071869, 0.939, 0.69514, 0.0099632, 3.4482, 1.4888, 0.042245, 0.99903, 0.96245, 0.64595, 0.38374, 0.090372, 1.4443, -0.44043, 0.47787, 0.00041014, -1.0949, 0.22892, -0.00062495, 1.772, 1.3128, 0.028593, 0.99996, 1.0157, 1.5399, 0.68832, 0.48212, 2.8162, 2.1083, 0.73384, 0.013964, 2.9729, 1.1614, 0.020551, 5.1244, 1.6648, 0.055897, 7.9364e-08, 0.00026198, 0.073851, 0.0085722, 0.014181, 0.17391, 0.60024, 0.0060542, 1.6974e-05, 1.529, 0.080337, 4.1437e-05, 1.0385, 0.011451, 6.8888e-05, 0.21576, 0.89629, 0.36384, 0.27461, 0.017634, -0.74672, -1.6541, 0.32896, -0.0071011, -3.302, -0.21124, -0.0039945, 0.22427, 0.24936, 0.021976, 1.7832, 1.0819, 1.8221, 0.79746, 0.55486, 5.0072, 3.322, 0.88275, 0.021475, 5.18, 1.6015, 0.023921, 6.6721, 2.7282, 0.062513, 0.22703, 0.003182, 0.19649, 0.02526, 0.026668, 3.0592, 2.288, 0.028339, 7.5456e-05, 6.6479, 0.30364, 7.2007e-05, 3.8416, 0.56779, 0.00015184
25, 2.1818, 0.31447, 0.1057, 0.42002, 1.25, 0.63982, 1.6726, 1.007, 1.7332, 0.54085, 0.35403, 1.6059, 0.52666, 0.71175, 0.00026, 1.5558, 1.6702, 0.00185, 2.256, 1.1532, 0.03867, 1.1311, 0.99812, 1.3879, 0.4619, 0.28709, 2.3995, 1.0547, 0.73352, 0.0080322, 2.8145, 0.78963, 0.0040322, 2.4972, 1.0632, 0.048031, 1.1306, 0.96934, 0.93717, 0.31256, 0.069895, 1.7568, -0.40669, 0.5955, 0.00099939, 0.55247, 0.31238, -0.0071322, 0.92082, 0.88689, 0.030881, 1.1315, 1.0269, 1.8386, 0.61125, 0.50429, 3.0422, 2.5162, 0.87154, 0.015065, 5.0766, 1.2669, 0.015197, 4.0735, 1.2396, 0.065181, 7.9364e-08, 0.00030624, 0.075089, 0.0082437, 0.017436, 0.15266, 0.78941, 0.0070412, 1.8281e-05, 1.8913, 0.084186, 4.6069e-05, 0.91845, 0.011493, 0.00010871, 0.34735, 0.9047, 0.65649, 0.20219, 0.002556, -0.46746, -1.5341, 0.45184, -0.0063791, -1.5405, -0.12247, -0.010368, -0.67596, -0.17625, 0.025259, 1.9148, 1.0916, 2.1193, 0.72162, 0.57163, 5.2664, 3.6436, 1.0152, 0.022443, 7.1696, 1.7017, 0.018432, 5.6703, 2.3027, 0.070803, 0.22703, 0.0032263, 0.19773, 0.024932, 0.029924, 3.038, 2.4772, 0.029326, 7.6762e-05, 7.0102, 0.30749, 7.6639e-05, 3.7216, 0.56783, 0.00019166
26, 6, 0.34416, 0.06131, 0.09624, 0.8642, 0.29775, 1.7968, 0.94907, 1.8108, 0.27522, 0.37132, 0.70705, 0.28501, 0.65146, 0.00435, 4.8391, 0.46177, 0.01939, 5.9377, 0.69136, 0.0635, 1.1893, 1.0092, 1.5375, 0.23184, 0.4509, 1.7335, 2.0867, 0.81285, 0.017106, 5.2268, 0.40238, 0.0078295, 4.2025, 0.83025, 0.060576, 1.1888, 0.98496, 1.1215, 0.14502, 0.23356, 0.96622, 0.9439, 0.72077, 0.012156, 3.3133, -0.091563, -0.0046922, 2.3876, 0.64205, 0.049284, 1.1898, 1.0333, 1.9536, 0.31866, 0.66824, 2.5007, 3.2295, 0.90493, 0.022056, 7.1403, 0.89633, 0.020351, 6.0173, 1.0185, 0.071868, 7.9365e-08, 0.00021637, 0.063973, 0.0027859, 0.017459, 0.21757, 0.4827, 0.0031339, 9.0555e-06, 1.3533, 0.090178, 5.7953e-05, 1.2174, 0.013092, 4.7129e-05, 0.40557, 0.91704, 0.82698, 0.0023017, 0.16626, -1.1639, -0.33661, 0.55061, 0.0035883, 1.0422, -0.51857, -0.0076463, 0.90435, -0.41096, 0.041816, 1.973, 1.1013, 2.2481, 0.46137, 0.73555, 4.6309, 4.51, 1.0751, 0.030623, 9.4114, 1.3233, 0.023305, 7.5006, 2.0715, 0.079336, 0.22703, 0.0031364, 0.18661, 0.019474, 0.029947, 3.1029, 2.1705, 0.025419, 6.7537e-05, 6.4722, 0.31349, 8.8522e-05, 4.0205, 0.56943, 0.00013008
27, 3.5, 0.38431, 0.09646, 0.15341, 1.4286, 0.54397, 1.004, 1.0592, 0.54391, 0.47465, 0.49448, 0.98812, 0.97647, 0.84854, 0.00092, 9.9582, 0.10119, 0.00454, 8.4009, 0.33109, 0.04835, 1.0317, 1.0134, 0.87017, 0.4594, 0.53239, 1.6511, 0.66713, 0.8348, 0.0031357, 6.1916, 0.8147, 0.0065243, 4.8037, 0.62378, 0.059738, 1.0313, 0.98944, 0.53668, 0.3654, 0.39622, 0.9353, -0.3711, 0.72888, -0.0022387, 4.4485, 0.41154, -0.00096216, 3.3995, 0.44745, 0.049191, 1.0322, 1.0373, 1.2037, 0.5534, 0.66857, 2.3669, 1.7054, 0.94071, 0.0085101, 7.9348, 1.2179, 0.014011, 6.2079, 0.8001, 0.070284, 7.9364e-08, 0.00021194, 0.041107, 0.003266, 0.0068539, 0.18938, 0.39841, 0.0041463, 1.0676e-05, 1.1231, 0.060078, 2.0716e-05, 0.72878, 0.011492, 4.1109e-05, 0.24802, 0.92133, 0.20458, 0.22705, 0.30364, -1.2331, -1.7086, 0.56738, -0.010543, 2.0821, -0.060919, -0.0052551, 1.7125, -0.61569, 0.041417, 1.8155, 1.1054, 1.5358, 0.69175, 0.76115, 4.5353, 3.0429, 1.1022, 0.016814, 10.301, 1.6903, 0.018304, 7.895, 1.8632, 0.078059, 0.22703, 0.003132, 0.16374, 0.019954, 0.019342, 3.0747, 2.0862, 0.026431, 6.9157e-05, 6.242, 0.28339, 5.1286e-05, 3.5319, 0.56783, 0.00012406
28, 3.5, 0.41773, 0.10888, 0.11117, 1.3757, 0.51192, 1.5973, 1.0354, 0.61262, 0.49929, 0.59003, 0.99534, 0.53494, 0.79018, 0.00025, 9.5847, 0.07093, 0.00762, 8.0351, 0.27199, 0.0456, 1.0045, 1.0157, 1.0436, 0.36207, 0.53632, 1.6389, 1.461, 0.80444, 0.0063348, 6.53, 0.75048, 0.0065697, 5.1087, 0.43874, 0.054481, 1.004, 0.9874, 0.6396, 0.2587, 0.33646, 0.9176, 0.24642, 0.69045, 0.00018857, 4.517, 0.2794, -0.0054428, 3.4847, 0.26238, 0.040194, 1.0049, 1.044, 1.4477, 0.46544, 0.73619, 2.3602, 2.6756, 0.91842, 0.012481, 8.5429, 1.2216, 0.018582, 6.7328, 0.61509, 0.068769, 7.9364e-08, 0.00029616, 0.060336, 0.0039494, 0.014765, 0.19229, 0.54529, 0.004802, 1.3962e-05, 1.4977, 0.082025, 5.3335e-05, 0.97488, 0.011495, 7.5449e-05, 0.22073, 0.92242, 0.34004, 0.12577, 0.26478, -1.2467, -0.99695, 0.53373, -0.0076652, 2.299, -0.15841, -0.0084971, 1.9116, -0.80074, 0.03378, 1.7882, 1.109, 1.7472, 0.59836, 0.80786, 4.5245, 3.919, 1.0751, 0.020335, 10.761, 1.6594, 0.021637, 8.3058, 1.6782, 0.075183, 0.22703, 0.0032162, 0.18297, 0.020637, 0.027252, 3.0776, 2.2331, 0.027087, 7.2444e-05, 6.6166, 0.30533, 8.3905e-05, 3.778, 0.56783, 0.0001584
29, 4, 0.18328, 0.06227, 0.7, 1.6042, 0.48987, 1.8198, 0.93056, 1.8163, 0.74194, 0.31176, 2.3513, 0.03742, 0.30291, 0.00428, 1.4146, 0.28836, 0.00409, 1.8575, 2.3061, 0.07815, 1.5645, 0.98846, 1.3349, 0.48018, 0.18333, 1.2354, 1.1996, 0.49865, 0.0053792, 3.1216, 0.73164, 0.0059337, 1.7175, 2.0612, 0.065553, 1.564, 0.95798, 0.89227, 0.31617, -0.038638, 0.52276, -0.47712, 0.34326, -0.0017873, 0.61905, 0.23909, -0.0068735, 0.011774, 1.877, 0.046796, 1.565, 1.019, 1.7775, 0.64419, 0.4053, 1.948, 2.8763, 0.65403, 0.012546, 5.6242, 1.2242, 0.018741, 3.4233, 2.2453, 0.084311, 7.9364e-08, 0.0003435, 0.072413, 0.009942, 0.018211, 0.1877, 1.0391, 0.0089241, 1.8983e-05, 2.3149, 0.08967, 6.0625e-05, 1.0754, 0.012531, 0.00013004, 0.78076, 0.8945, 0.60846, 0.21176, -0.10486, -1.648, -1.5166, 0.20807, -0.0090978, -1.363, -0.18856, -0.009774, -1.5218, 0.82056, 0.041548, 2.3482, 1.0824, 2.0613, 0.7486, 0.47152, 4.1188, 3.9158, 0.78923, 0.019856, 7.6063, 1.6518, 0.021641, 4.9569, 3.3018, 0.089559, 0.22703, 0.0032636, 0.19505, 0.02663, 0.030698, 3.073, 2.7269, 0.031209, 7.7464e-05, 7.4338, 0.31298, 9.1195e-05, 3.8785, 0.56887, 0.000213
30, 2.8571, 0.3592, 0.09246, 0.12559, 1.6927, 0.62444, 0.325, 0.94113, 1.3664, 0.48435, 0.57674, 1.7726, 0.13582, 0.64346, 0.00026, 6.656, 0.42409, 0.00081, 1.9017, 0.77251, 0.04249, 0.95011, 1.0083, 0.94104, 0.38585, 0.55626, 1.8924, 1.3534, 0.80898, 0.0073727, 5.7724, 0.90564, 0.0041718, 3.9329, 0.59204, 0.043224, 0.94965, 0.98466, 0.58625, 0.28965, 0.38247, 1.2491, 0.085132, 0.70168, 0.0018499, 4.0058, 0.44775, -0.0059348, 2.3057, 0.4133, 0.032081, 0.95058, 1.032, 1.2958, 0.48204, 0.73006, 2.5358, 2.6217, 0.91628, 0.012896, 7.5391, 1.3635, 0.014278, 5.5601, 0.77077, 0.054368, 7.9364e-08, 0.00020743, 0.046528, 0.00342, 0.011164, 0.15299, 0.59452, 0.0042555, 1.1274e-05, 1.1536, 0.077493, 3.7753e-05, 0.97865, 0.011808, 4.5898e-05, 0.16638, 0.91636, 0.26452, 0.1526, 0.3033, -0.97466, -1.1315, 0.54101, -0.0063651, 1.6529, 0.0035167, -0.0094242, 0.73416, -0.64778, 0.024553, 1.7338, 1.1003, 1.6176, 0.61909, 0.80923, 4.7595, 3.8383, 1.0769, 0.02111, 9.892, 1.8078, 0.017768, 7.1316, 1.8319, 0.061895, 0.22703, 0.0031275, 0.16916, 0.020108, 0.023652, 3.0383, 2.2823, 0.02654, 6.9755e-05, 6.2725, 0.3008, 6.8323e-05, 3.7818, 0.56815, 0.00012885
31, 6.2215, 0.11341, 0.01519, 0.05049, 2.0833, 0.28018, 1.7417, 1.0556, 1.6777, 0.42506, 0.59611, 0.32746, 0.71871, 0.71766, 0.00437, 3.5297, 0.03528, 0.00604, 1.697, 0.81686, 0.08974, 1.1609, 1.0397, 1.3635, 0.36592, 0.56212, 1.5361, 0.85377, 0.81527, 0.0042855, 5.2939, 0.72868, 0.0067396, 3.8079, 1.5163, 0.074898, 1.1604, 1.0125, 0.97472, 0.23038, 0.39447, 0.77314, -0.94535, 0.6714, -0.0025233, 2.9564, 0.25163, -0.0048041, 2.1627, 1.3264, 0.059551, 1.1613, 1.0669, 1.7524, 0.50146, 0.72977, 2.299, 2.6529, 0.95914, 0.011094, 7.6313, 1.2057, 0.018283, 5.4531, 1.7061, 0.090245, 7.9365e-08, 0.00027374, 0.05588, 0.0067905, 0.010388, 0.21513, 1.1964, 0.0076503, 1.7135e-05, 2.0195, 0.084116, 4.9254e-05, 1.0004, 0.013321, 8.7056e-05, 0.37715, 0.94673, 0.66858, 0.11388, 0.31334, -1.3602, -1.9397, 0.53069, -0.010018, 0.89918, -0.18332, -0.0079561, 0.60002, 0.27481, 0.053451, 1.9446, 1.1326, 2.0585, 0.61795, 0.8109, 4.4323, 3.6472, 1.0999, 0.018589, 9.6885, 1.6407, 0.021435, 7.0158, 2.7577, 0.096345, 0.22703, 0.0031938, 0.17852, 0.023478, 0.022876, 3.1004, 2.8842, 0.029935, 7.5617e-05, 7.1384, 0.30742, 7.9823e-05, 3.8035, 0.56966, 0.00017001
32, 2.5, 0.47946, 0.05863, 0.19988, 0.83333, 0.85669, 0.81227, 1.0873, 1.38, 0.39822, 0.43119, 1.0617, 0.57231, 0.69524, 0.01855, 8.2264, 1.2439, 0.00839, 4.3326, 0.31149, 0.02851, 1.0212, 1.0182, 1.3004, 0.37453, 0.38884, 2.449, 1.6412, 0.77446, 0.0079022, 5.5768, 0.54797, 0.0077276, 4.1959, 0.55698, 0.049087, 1.0208, 0.98739, 0.84823, 0.24438, 0.1325, 1.7012, -0.006872, 0.62438, 0.00086694, 3.372, 0.0057026, -0.0078795, 2.0622, 0.37384, 0.031592, 1.0217, 1.049, 1.7526, 0.50469, 0.64519, 3.1968, 3.2892, 0.92454, 0.014938, 7.7816, 1.0902, 0.023335, 6.3297, 0.74012, 0.066583, 7.9364e-08, 0.00035052, 0.075577, 0.0062611, 0.024288, 0.20669, 1.0039, 0.0083248, 1.8294e-05, 1.7968, 0.10869, 9.0032e-05, 1.6828, 0.012397, 0.00011313, 0.23751, 0.92412, 0.56811, 0.12535, 0.073409, -0.44336, -1.0574, 0.48668, -0.0065102, 1.2512, -0.39978, -0.010336, 0.71216, -0.68348, 0.026054, 1.805, 1.1123, 2.0327, 0.62371, 0.70427, 5.3413, 4.3398, 1.0622, 0.022315, 9.9024, 1.4957, 0.025791, 7.6797, 1.7974, 0.07212, 0.22703, 0.0032706, 0.19821, 0.022949, 0.036776, 3.092, 2.6917, 0.030609, 7.6775e-05, 6.9157, 0.33199, 0.0001206, 4.4859, 0.56874, 0.00019609
33, 4, 0.29084, 0.13792, 0.19995, 1.1111, 0.3202, 1.833, 0.97656, 1.8305, 0.45665, 0.57029, 1.069, 1.1707, 0.97682, 0.00127, 4.5274, 1.0832, 0.00311, 9.3245, 0.46392, 0.05143, 0.98595, 0.98563, 1.5111, 0.44642, 0.59243, 1.4388, 0.71495, 0.8174, 0.0024064, 4.7318, 0.78823, 0.0065346, 3.7641, 0.79555, 0.058828, 0.98549, 0.96104, 1.2097, 0.35223, 0.48043, 0.80768, -0.26667, 0.71632, -0.0030918, 3.0548, 0.42309, 0.00096164, 2.5142, 0.61703, 0.049843, 0.98641, 1.0102, 1.8125, 0.54061, 0.70443, 2.0699, 1.6966, 0.91847, 0.0079047, 6.4087, 1.1534, 0.012108, 5.0141, 0.97407, 0.067814, 7.9364e-08, 0.00022351, 0.033579, 0.0032793, 0.0046362, 0.14722, 0.35615, 0.0037763, 1.1174e-05, 1.0394, 0.049281, 1.1479e-05, 0.57748, 0.011779, 2.984e-05, 0.20222, 0.8934, 0.861, 0.21399, 0.37719, -1.4256, -1.6366, 0.55186, -0.011321, 0.64989, -0.070545, -0.0041315, 0.73985, -0.44424, 0.041359, 1.7697, 1.0778, 2.1612, 0.67885, 0.80767, 4.3032, 3.0665, 1.0829, 0.016134, 8.8136, 1.647, 0.017201, 6.7884, 2.0353, 0.076298, 0.22703, 0.0031436, 0.15621, 0.019967, 0.017124, 3.0325, 2.0439, 0.026061, 6.9655e-05, 6.1583, 0.27259, 4.2049e-05, 3.3806, 0.56812, 0.00011279
34, 5.3333, 0.35833, 0.05406, 0.04308, 1.3368, 0.37016, 1.633, 1.081, 1.0542, 0.24966, 0.87643, 5.1546, 6.7792, 0.86043, 0.0225, 1.3707, 0.0227, 0.00683, 1.9686, 0.64833, 0.07126, 1.1673, 1.0096, 1.4019, 0.23375, 0.4636, 1.457, 3.1559, 0.8009, 0.014958, 7.5075, 0.55276, 0.024556, 4.0571, 0.70673, 0.0682, 1.1668, 0.98399, 1.019, 0.12906, 0.28199, 0.64809, 2.0533, 0.677, 0.0087187, 5.4748, 0.089063, 0.014474, 2.3197, 0.51633, 0.056201, 1.1677, 1.0353, 1.7848, 0.33843, 0.64521, 2.2659, 4.2586, 0.9248, 0.021197, 9.5401, 1.0165, 0.034639, 5.7944, 0.89713, 0.080199, 7.9365e-08, 0.00024289, 0.054189, 0.0040505, 0.012191, 0.24186, 0.44939, 0.0056741, 1.4389e-05, 1.5271, 0.079473, 3.7573e-05, 1.1156, 0.013399, 5.3213e-05, 0.38352, 0.91712, 0.71019, -0.0031277, 0.2052, -1.4517, 0.75128, 0.52587, 0.00091696, 3.267, -0.35233, 0.010978, 0.80096, -0.53482, 0.049006, 1.951, 1.1021, 2.0935, 0.47062, 0.722, 4.3657, 5.5605, 1.0759, 0.028999, 11.748, 1.4578, 0.038135, 7.3132, 1.9483, 0.087394, 0.22703, 0.003163, 0.17683, 0.020738, 0.024678, 3.1272, 2.1372, 0.027959, 7.287e-05, 6.6461, 0.30278, 6.8143e-05, 3.9187, 0.56974, 0.00013617
35, 2.5, 0.13114, 0.11054, 0.25389, 0.97222, 0.42379, 0.88513, 0.94691, 1.3673, 0.69261, 0.85921, 2.5579, 1.0546, 0.53489, 0.00371, 0.3588, 0.53943, 0.00061, 2.3382, 1.1408, 0.02865, 0.91304, 1.0144, 1.1435, 0.61258, 0.5918, 1.5608, 1.7371, 0.70575, 0.0065696, 2.9358, 0.6067, 0.0031572, 3.6309, 1.0614, 0.047037, 0.91257, 0.98975, 0.70517, 0.47651, 0.40967, 0.82934, 0.42555, 0.57541, -0.00027485, 0.93392, 0.11614, -0.009661, 1.9349, 0.88586, 0.033125, 0.9135, 1.0391, 1.5819, 0.74866, 0.77392, 2.2922, 3.0487, 0.83609, 0.013414, 4.9376, 1.0973, 0.015975, 5.327, 1.237, 0.060949, 7.9364e-08, 0.00022466, 0.071028, 0.006844, 0.01226, 0.19774, 0.63581, 0.0062791, 1.7315e-05, 1.4812, 0.088949, 6.073e-05, 1.0632, 0.011396, 7.1537e-05, 0.12931, 0.92217, 0.41969, 0.36026, 0.33304, -1.3274, -0.77019, 0.42776, -0.0077507, -1.29, -0.31244, -0.012559, 0.39668, -0.17792, 0.026593, 1.6968, 1.1066, 1.8674, 0.86491, 0.85055, 4.4489, 4.2444, 0.98375, 0.02089, 7.1615, 1.5258, 0.018874, 6.8652, 2.3008, 0.067482, 0.22703, 0.0031447, 0.19366, 0.023532, 0.024747, 3.083, 2.3236, 0.028564, 7.5796e-05, 6.6001, 0.31226, 9.1299e-05, 3.8663, 0.56773, 0.00015449
36, 3, 0.24453, 0.05395, 0.11871, 1.5151, 0.59776, 0.55993, 0.90153, 1.752, 0.16836, 0.42723, 7.2512, 6.4201, 0.49806, 0.02915, 0.45405, 0.26621, 0.00774, 4.9483, 0.69782, 0.04736, 0.98067, 1.0095, 1.2719, 0.45513, 0.42517, 1.4652, 0.88122, 0.7271, 0.0052865, 4.2044, 0.72718, 0.014634, 6.5863, 0.81545, 0.048078, 0.98021, 0.98586, 0.89093, 0.35296, 0.28392, 0.8545, -0.79311, 0.62558, -0.00026778, 2.6895, 0.22961, 0.0020028, 5.0102, 0.64508, 0.039069, 0.98114, 1.0332, 1.6529, 0.55729, 0.56642, 2.0758, 2.5556, 0.82861, 0.010841, 5.7192, 1.2247, 0.027266, 8.1623, 0.98583, 0.057087, 7.9364e-08, 0.00020728, 0.053643, 0.003858, 0.0073743, 0.13783, 1.0362, 0.0038091, 1.1403e-05, 0.84813, 0.091506, 5.8973e-05, 0.91812, 0.010729, 2.9998e-05, 0.19694, 0.91756, 0.5813, 0.21936, 0.19336, -1.3948, -1.8335, 0.46139, -0.0084639, 0.18639, -0.19572, -0.00093047, 3.4133, -0.42319, 0.030596, 1.7644, 1.1015, 1.9625, 0.6909, 0.65698, 4.3251, 3.596, 0.9928, 0.019037, 8.2223, 1.6501, 0.030199, 9.7593, 2.0541, 0.065559, 0.22703, 0.0031273, 0.17628, 0.020546, 0.019862, 3.0231, 2.724, 0.026094, 6.9884e-05, 5.967, 0.31481, 8.9542e-05, 3.7212, 0.56707, 0.00011295
37, 4.4984, 0.33805, 0.06971, 0.10139, 0.79167, 0.36058, 0.79565, 0.93252, 1.8733, 0.14583, 0.64376, 0.81153, 0.96056, 0.43328, 0.04854, 4.8255, 0.01387, 0.00907, 3.2548, 0.52472, 0.06344, 1.1442, 0.99872, 1.7484, 0.26539, 0.56765, 1.5564, 3.7239, 0.80938, 0.011852, 3.6953, 0.3905, 0.0087501, 3.8319, 0.67662, 0.06387, 1.1437, 0.9762, 1.4496, 0.19203, 0.45256, 0.94024, 2.764, 0.72669, 0.0073688, 2.2184, 0.014803, 0.0028936, 2.4944, 0.49987, 0.055854, 1.1446, 1.0212, 2.0473, 0.33875, 0.68273, 2.1725, 4.6838, 0.89207, 0.016334, 5.1722, 0.76619, 0.014607, 5.1694, 0.85336, 0.071886, 7.9364e-08, 0.00018745, 0.033012, 0.0019892, 0.0048955, 0.14031, 0.34057, 0.0025273, 7.4272e-06, 0.80619, 0.052169, 1.2677e-05, 0.66125, 0.011546, 2.3749e-05, 0.36045, 0.90702, 1.0995, 0.040599, 0.35078, -1.3047, 1.3813, 0.55028, -0.0015021, -0.30852, -0.47282, -0.0020668, 0.77037, -0.56291, 0.046879, 1.9279, 1.0904, 2.3974, 0.49018, 0.78451, 4.4175, 6.0665, 1.0685, 0.025205, 7.6991, 1.2538, 0.019567, 6.8934, 1.9161, 0.080861, 0.22703, 0.0031075, 0.15565, 0.018677, 0.017383, 3.0256, 2.0284, 0.024812, 6.5908e-05, 5.9251, 0.27548, 4.3247e-05, 3.4643, 0.56788, 0.0001067
38, 2, 0.09264, 0.0611, 0.34991, 1.3333, 0.66775, 1.023, 1.0096, 1.7243, 0.73859, 0.79833, 0.77002, 0.55564, 0.871, 0.00051, 0.71047, 1.9766, 0.00365, 2.6854, 1.0026, 0.05222, 0.96648, 1.0302, 1.2024, 0.48164, 0.50676, 2.4174, 0.94554, 0.71022, 0.0060533, 0.99502, 0.84129, 0.0067636, 3.6756, 1.4824, 0.055641, 0.96602, 1.0048, 0.85556, 0.35992, 0.30905, 1.775, -0.40854, 0.58869, 0.00038181, -1.1927, 0.30449, -0.0056002, 1.9709, 1.3023, 0.039822, 0.96695, 1.0556, 1.5493, 0.60336, 0.70448, 3.0598, 2.2996, 0.83176, 0.011725, 3.1827, 1.3781, 0.019127, 5.3804, 1.6625, 0.071459, 7.9364e-08, 0.00023833, 0.044468, 0.0054761, 0.014449, 0.15255, 0.67769, 0.0054591, 1.1889e-05, 1.769, 0.10651, 5.65e-05, 1.0742, 0.011988, 9.2484e-05, 0.18275, 0.9378, 0.53003, 0.23676, 0.23681, -0.44948, -1.5843, 0.43625, -0.0077449, -3.3219, -0.10334, -0.0085847, 0.4368, 0.24239, 0.033854, 1.7502, 1.1227, 1.8748, 0.72652, 0.77672, 5.2843, 3.4753, 0.9842, 0.019851, 5.3119, 1.7859, 0.022112, 6.9145, 2.7224, 0.077427, 0.22703, 0.0031584, 0.1671, 0.022164, 0.026936, 3.0378, 2.3655, 0.027744, 7.037e-05, 6.8879, 0.32981, 8.7069e-05, 3.8773, 0.56833, 0.00017544
39, 4.4984, 0.33805, 0.06971, 0.10139, 0.79167, 0.36058, 1.8536, 1.0883, 1.9676, 0.08987, 0.49055, 0.38119, 6.3728, 0.96148, 0.00753, 2.4561, 0.03855, 0.01783, 3.045, 0.38185, 0.06782, 1.1442, 0.98871, 1.723, 0.27206, 0.62771, 1.5773, 2.6318, 0.74947, 0.01706, 4.0685, 0.38473, 0.0051174, 3.8814, 0.67958, 0.062616, 1.1437, 0.96619, 1.4242, 0.1987, 0.51262, 0.96116, 1.6719, 0.66678, 0.012577, 2.5916, 0.0090377, -0.00073901, 2.5439, 0.50284, 0.0546, 1.1446, 1.0112, 2.0219, 0.34542, 0.7428, 2.1934, 3.5917, 0.83217, 0.021542, 5.5453, 0.76043, 0.010974, 5.219, 0.85633, 0.070632, 7.9364e-08, 0.00018745, 0.033012, 0.0019892, 0.0048955, 0.14031, 0.34057, 0.0025273, 7.4272e-06, 0.80619, 0.052169, 1.2677e-05, 0.66125, 0.011546, 2.3749e-05, 0.36045, 0.89702, 1.0741, 0.04727, 0.41084, -1.2838, 0.28917, 0.49038, 0.0037062, 0.064643, -0.47858, -0.0056995, 0.81988, -0.55995, 0.045625, 1.9279, 1.0804, 2.372, 0.49685, 0.84457, 4.4384, 4.9744, 1.0086, 0.030413, 8.0723, 1.248, 0.015934, 6.9429, 1.9191, 0.079607, 0.22703, 0.0031075, 0.15565, 0.018677, 0.017383, 3.0256, 2.0284, 0.024812, 6.5908e-05, 5.9251, 0.27548, 4.3247e-05, 3.4643, 0.56788, 0.0001067
40, 4, 0.25756, 0.09774, 0.21, 1.5, 0.38708, 0.80888, 0.96822, 1.9965, 0.35204, 0.52437, 0.40713, 1.5386, 0.85234, 0.00013, 0.85966, 1.2515, 0.00198, 3.1628, 1.1869, 0.04649, 1.0862, 0.99752, 1.5239, 0.48735, 0.53292, 1.3734, 1.1581, 0.7933, 0.0047637, 5.392, 0.58564, 0.0080467, 4.5401, 0.97635, 0.062307, 1.0858, 0.9729, 1.1151, 0.39679, 0.34604, 0.78042, -0.14222, 0.68429, -0.0013394, 3.3369, 0.078146, -0.0042949, 3.0434, 0.79684, 0.046585, 1.0867, 1.0221, 1.9327, 0.57792, 0.7198, 1.9665, 2.4585, 0.9023, 0.010867, 7.4472, 1.0931, 0.020388, 6.0368, 1.1559, 0.078028, 7.9364e-08, 0.00022414, 0.061773, 0.0030315, 0.012908, 0.12998, 0.62497, 0.0043921, 1.3767e-05, 1.5611, 0.095195, 5.6298e-05, 0.82797, 0.01191, 9.1355e-05, 0.30251, 0.90529, 0.81754, 0.25638, 0.27079, -1.4828, -1.3433, 0.52464, -0.0092174, 1.1408, -0.34265, -0.0072837, 1.4057, -0.26358, 0.04059, 1.87, 1.0898, 2.2302, 0.71833, 0.79505, 4.2297, 3.6596, 1.0619, 0.018745, 9.6433, 1.5139, 0.023377, 7.6744, 2.2163, 0.084023, 0.22703, 0.0031442, 0.18441, 0.019719, 0.025396, 3.0153, 2.3128, 0.026677, 7.2248e-05, 6.68, 0.3185, 8.6867e-05, 3.6311, 0.56825, 0.00017431
41, 2, 0.16718, 0.11289, 0.56689, 1.3123, 0.52876, 0.97247, 0.93562, 1.2127, 0.15669, 0.52852, 2.2164, 0.89257, 0.2654, 0.00597, 0.57087, 1.1129, 0.00026, 1.604, 1.4799, 0.07342, 1.2106, 0.97309, 1.296, 0.55131, 0.21743, 1.8799, 1.7562, 0.48677, 0.0050644, 3.2872, 0.83845, 0.0065528, 1.901, 1.5152, 0.044675, 1.2102, 0.94503, 0.84203, 0.39552, -0.028247, 1.2019, 0.32534, 0.33804, -0.0021303, 1.0344, 0.33718, -0.0054177, 0.19196, 1.335, 0.028751, 1.2111, 1.0012, 1.7499, 0.70709, 0.46311, 2.5578, 3.1871, 0.63551, 0.012259, 5.54, 1.3397, 0.018523, 3.6101, 1.6954, 0.060598, 7.9364e-08, 0.00029121, 0.076166, 0.0089701, 0.022309, 0.16989, 0.75677, 0.0081763, 1.9133e-05, 1.8758, 0.09287, 5.2963e-05, 1.0796, 0.012003, 9.3723e-05, 0.42691, 0.87988, 0.56259, 0.28783, -0.089398, -0.9952, -0.81551, 0.1997, -0.0094266, -1.0631, -0.08645, -0.0084805, -1.3401, 0.27516, 0.022811, 1.9944, 1.0663, 2.0294, 0.81478, 0.52426, 4.7549, 4.328, 0.77385, 0.019555, 7.6374, 1.7633, 0.021586, 5.1421, 2.7552, 0.066538, 0.22703, 0.0032113, 0.1988, 0.025658, 0.034797, 3.0552, 2.4446, 0.030461, 7.7614e-05, 6.9948, 0.31618, 8.3533e-05, 3.8827, 0.56834, 0.00017668
42, 1.6364, 0.47111, 0.07152, 0, 0.97222, 1.022, 0.20239, 0.98345, 1.4928, 0.06478, 0.16837, 9.2504, 1.5595, 0.91434, 0.04154, 6.2886, 0.93332, 0.00695, 3.8898, 0.65178, 0.09161, 0.61372, 1.0169, 1.1323, 0.28499, 0.38375, 2.9609, 0.73316, 0.80486, 0.0092572, 5.5608, 0.51964, 0.0045546, 4.7967, 0.30247, 0.038877, 0.61326, 0.98438, 0.68331, 0.12634, 0.14761, 2.1262, -1.1102, 0.64326, 0.0019572, 3.0696, 0.0080506, -0.0089202, 2.9023, 0.11705, 0.0202, 0.61419, 1.0494, 1.5813, 0.44364, 0.61988, 3.7956, 2.5765, 0.96647, 0.016557, 8.0521, 1.0312, 0.018029, 6.6911, 0.48789, 0.057554, 7.9365e-08, 0.00039095, 0.074508, 0.0093031, 0.020609, 0.25751, 1.2559, 0.0096526, 1.9697e-05, 2.294, 0.096736, 6.711e-05, 1.3264, 0.012707, 0.00012893, -0.17001, 0.92225, 0.40196, 0.019813, 0.084507, 0.044924, -2.089, 0.51091, -0.0052863, 1.0825, -0.41089, -0.011702, 1.4541, -0.93833, 0.014934, 1.3975, 1.1115, 1.8626, 0.55017, 0.68299, 5.8769, 3.5553, 1.0988, 0.023801, 10.039, 1.4502, 0.020811, 8.1392, 1.5433, 0.06282, 0.22703, 0.003311, 0.19714, 0.025991, 0.033097, 3.1428, 2.9437, 0.031937, 7.8178e-05, 7.4129, 0.32004, 9.768e-05, 4.1295, 0.56905, 0.00021189
43, 8, 0.44876, 0.04706, 0.28113, 1.3333, 0.368, 0.89874, 1.0853, 1.9079, 0.44933, 0.5498, 1.3811, 0.86589, 0.82567, 0.00181, 8.7442, 0.43533, 0.00173, 8.91, 2.0326, 0.07183, 1.4423, 1.0402, 1.4719, 0.39531, 0.58196, 2.4755, 3.0645, 0.78464, 0.0064502, 6.649, 0.4877, 0.012572, 4.0664, 1.4367, 0.077488, 1.4418, 1.0064, 1.0089, 0.25574, 0.3111, 1.5982, 1.4854, 0.62574, -0.00081721, 4.1356, -0.05677, -0.0031167, 1.8947, 1.2421, 0.058355, 1.4428, 1.0739, 1.9349, 0.53487, 0.85282, 3.3528, 4.6435, 0.94353, 0.013718, 9.1623, 1.0322, 0.02826, 6.2382, 1.6313, 0.096621, 7.9365e-08, 0.00042081, 0.079235, 0.0071994, 0.027116, 0.28446, 0.92155, 0.0093317, 1.9521e-05, 2.3348, 0.10957, 9.0971e-05, 1.7433, 0.013998, 0.0001353, 0.65856, 0.9451, 0.73287, 0.14108, 0.25462, -0.45296, 0.40745, 0.49217, -0.008077, 2.1583, -0.46131, -0.0055621, 0.55926, 0.19449, 0.053188, 2.226, 1.1352, 2.2109, 0.64953, 0.9093, 5.404, 5.7215, 1.0771, 0.020977, 11.14, 1.4367, 0.030705, 7.5736, 2.6789, 0.10179, 0.22703, 0.0033409, 0.20187, 0.023887, 0.039604, 3.1698, 2.6093, 0.031616, 7.8002e-05, 7.4537, 0.33288, 0.00012154, 4.5464, 0.57034, 0.00021826
44, 6.5574, 0.12218, 0.03547, 0.13607, 1.9174, 0.31909, 0.36056, 1.0875, 0.69361, 0.36405, 0.44787, 4.3688, 1.4497, 0.54341, 0.00044, 2.9662, 0.83681, 0.0043, 2.268, 3.2194, 0.07002, 1.1052, 1.0384, 1.1385, 0.4789, 0.46682, 1.7623, 0.96184, 0.74998, 0.0028545, 4.8189, 0.63901, 0.0119, 3.4566, 1.7145, 0.069903, 1.1048, 1.0135, 0.71931, 0.34092, 0.27754, 1.0375, -0.44658, 0.61036, -0.003596, 2.4434, 0.17719, 0.00036738, 1.9094, 1.5257, 0.052329, 1.1057, 1.0633, 1.5576, 0.61689, 0.6561, 2.4872, 2.3703, 0.88961, 0.0093051, 7.1944, 1.1008, 0.023433, 5.0037, 1.9033, 0.087477, 7.9365e-08, 0.00022837, 0.064934, 0.0070371, 0.013242, 0.1942, 0.73318, 0.0072056, 1.5379e-05, 2.0857, 0.078828, 4.9161e-05, 0.88474, 0.013176, 0.00011416, 0.32149, 0.9461, 0.42608, 0.22555, 0.20298, -1.1241, -1.5975, 0.46752, -0.011282, 0.4039, -0.26512, -0.002787, 0.29784, 0.4732, 0.04681, 1.889, 1.1307, 1.8508, 0.73226, 0.73067, 4.6488, 3.5211, 1.0324, 0.016991, 9.2339, 1.5431, 0.026588, 6.6153, 2.9558, 0.092996, 0.22703, 0.0031484, 0.18757, 0.023725, 0.02573, 3.0795, 2.421, 0.02949, 7.3861e-05, 7.2046, 0.30214, 7.9731e-05, 3.6878, 0.56951, 0.00019711
45, 3.5, 0.38998, 0.10164, 0.15567, 1.3757, 0.52977, 0.28127, 1.0339, 0.64588, 0.42538, 0.53787, 1.4891, 0.76511, 0.93639, 4e-05, 8.3363, 1.0969, 0.00076, 3.0066, 1.9098, 0.07123, 1.0301, 1.016, 0.81086, 0.46253, 0.51547, 1.5998, 0.84629, 0.8217, 0.0030554, 6.6286, 0.56654, 0.0076378, 6.1584, 0.56185, 0.050364, 1.0296, 0.99177, 0.49581, 0.36432, 0.39651, 0.8851, -0.15478, 0.71398, -0.0024787, 4.8885, 0.17671, 0.0004842, 4.8056, 0.38612, 0.040113, 1.0305, 1.0403, 1.1259, 0.56075, 0.63444, 2.3146, 1.8474, 0.92942, 0.0085895, 8.3688, 0.95637, 0.014791, 7.5112, 0.73757, 0.060616, 7.9364e-08, 0.00021773, 0.036687, 0.0035652, 0.0052308, 0.18881, 0.3704, 0.0042891, 1.132e-05, 1.1192, 0.056168, 1.8914e-05, 0.67642, 0.011414, 3.8847e-05, 0.24634, 0.9239, 0.15431, 0.22845, 0.29652, -1.2841, -1.5135, 0.55357, -0.010687, 2.5204, -0.30302, -0.0039329, 3.0902, -0.67754, 0.032211, 1.8138, 1.1082, 1.4674, 0.69662, 0.73442, 4.4838, 3.2061, 1.0898, 0.016798, 10.737, 1.4361, 0.019209, 9.2266, 1.8012, 0.068518, 0.22703, 0.0031378, 0.15932, 0.020253, 0.017719, 3.0741, 2.0582, 0.026574, 6.9801e-05, 6.2381, 0.27948, 4.9484e-05, 3.4795, 0.56775, 0.0001218
46, 6.0132, 0.26546, 0.04042, 0.0685, 0.93291, 0.325, 0.61725, 1.0542, 1.9677, 0.35764, 0.66747, 1.2401, 0.52901, 0.85289, 0.00097, 9.4284, 0.63557, 0.00368, 7.0911, 0.58669, 0.05815, 1.1304, 1.0038, 1.3107, 0.29887, 0.51454, 1.6629, 2.2552, 0.77609, 0.0086066, 4.4636, 0.55802, 0.013535, 5.1222, 1.0185, 0.064232, 1.13, 0.97612, 0.85394, 0.19286, 0.24846, 0.89997, 1.0284, 0.65718, 0.0023813, 2.3202, 0.023138, -0.0018899, 3.0425, 0.83014, 0.048762, 1.1309, 1.0315, 1.7676, 0.40488, 0.78063, 2.4258, 3.4821, 0.895, 0.014832, 6.607, 1.0929, 0.02896, 7.2019, 1.2069, 0.079703, 7.9365e-08, 0.00028358, 0.077128, 0.0041538, 0.026169, 0.21513, 0.55636, 0.0052265, 1.4324e-05, 1.698, 0.10575, 8.7942e-05, 1.5987, 0.013115, 8.8461e-05, 0.34672, 0.91072, 0.57558, 0.061406, 0.19114, -1.2334, -0.20882, 0.50327, -0.0054283, 0.16902, -0.38552, -0.0043713, 1.6712, -0.22274, 0.042697, 1.9142, 1.0969, 2.0459, 0.53633, 0.83794, 4.5591, 4.7193, 1.0489, 0.022641, 8.7582, 1.5016, 0.031441, 8.5732, 2.2597, 0.085768, 0.22703, 0.0032036, 0.19976, 0.020842, 0.038657, 3.1004, 2.2442, 0.027511, 7.2805e-05, 6.817, 0.32905, 0.00011851, 4.4018, 0.56945, 0.00017142
47, 2, 0.23842, 0.10557, 0.19966, 0.91398, 0.62467, 0.23749, 0.9285, 1.9162, 0.62473, 0.30155, 2.945, 0.80283, 0.7992, 0.00016, 7.1011, 0.13177, 0.00029, 2.8981, 1.9696, 0.04316, 0.80693, 0.99172, 1.0674, 0.63179, 0.42446, 2.5143, 1.014, 0.73477, 0.0061583, 4.9287, 0.66052, 0.0038775, 4.6746, 0.82451, 0.043197, 0.80647, 0.96674, 0.64892, 0.5065, 0.25369, 1.8847, -0.5233, 0.61576, 0.00016106, 3.1158, 0.15743, -0.0086086, 3.0589, 0.64976, 0.031139, 0.80739, 1.0167, 1.486, 0.75707, 0.59523, 3.1439, 2.5512, 0.85378, 0.012156, 6.7417, 1.1636, 0.016364, 6.2902, 0.99927, 0.055256, 7.9364e-08, 0.00023072, 0.064742, 0.0058016, 0.010779, 0.14652, 0.87345, 0.0052353, 1.3294e-05, 1.2148, 0.093548, 5.7623e-05, 0.96482, 0.011288, 5.3741e-05, 0.0232, 0.89939, 0.35543, 0.38512, 0.17356, -0.34974, -1.6184, 0.4619, -0.0077769, 0.78913, -0.26537, -0.011569, 1.4817, -0.41474, 0.023966, 1.5907, 1.0841, 1.7795, 0.87846, 0.67535, 5.3783, 3.6464, 1.0076, 0.020094, 9.0683, 1.5864, 0.019325, 7.8674, 2.0638, 0.062429, 0.22703, 0.0031508, 0.18738, 0.022489, 0.023266, 3.0318, 2.5612, 0.02752, 7.1775e-05, 6.3337, 0.31686, 8.8193e-05, 3.7679, 0.56763, 0.0001367
48, 2.25, 0.30301, 0.08051, 0.07844, 1.5132, 0.67066, 0.20141, 0.92282, 1.8492, 0.1746, 0.37176, 5.0099, 4.0041, 0.78876, 0.02767, 9.0316, 0.41524, 0.00539, 2.2602, 0.70514, 0.04915, 0.84793, 0.97989, 1.4108, 0.33197, 0.34798, 2.4606, 1.0031, 0.71785, 0.013108, 4.3858, 0.85532, 0.0053462, 4.372, 0.57963, 0.039382, 0.84747, 0.95513, 1.0566, 0.22021, 0.19393, 1.8218, -0.17195, 0.61077, 0.0074469, 2.6062, 0.42991, -0.0028222, 2.974, 0.39962, 0.02818, 0.8484, 1.0047, 1.765, 0.44373, 0.50203, 3.0993, 2.1782, 0.82493, 0.01877, 6.1653, 1.2807, 0.013514, 5.77, 0.75964, 0.050585, 7.9364e-08, 0.00022673, 0.046372, 0.0046167, 0.0087715, 0.15078, 0.51037, 0.0042379, 1.1846e-05, 1.1705, 0.06689, 2.4661e-05, 0.72238, 0.011977, 4.6385e-05, 0.064202, 0.88762, 0.73462, 0.091884, 0.10815, -0.40549, -1.4356, 0.44997, -0.00068577, 0.26068, -0.030766, -0.006878, 1.2836, -0.66037, 0.020676, 1.6317, 1.0722, 2.087, 0.57205, 0.58781, 5.3266, 3.4418, 0.98572, 0.026902, 8.5108, 1.7414, 0.01757, 7.4604, 1.8196, 0.058089, 0.22703, 0.0031468, 0.16901, 0.021305, 0.021259, 3.0361, 2.1982, 0.026523, 7.0328e-05, 6.2894, 0.2902, 5.5231e-05, 3.5255, 0.56832, 0.00012934
49, 4, 0.29084, 0.13792, 0.19995, 1.1111, 0.3202, 1.2911, 1.0642, 1.2225, 0.54347, 0.49418, 1.383, 0.11287, 0.75468, 0.00147, 4.0265, 0.79872, 0.01305, 2.9969, 0.74897, 0.06345, 0.98595, 0.97892, 1.6776, 0.42936, 0.62069, 1.4228, 0.93817, 0.85504, 0.0023682, 4.8335, 0.85101, 0.002802, 5.0677, 0.78951, 0.054505, 0.98549, 0.95433, 1.3762, 0.33517, 0.50869, 0.79166, -0.043449, 0.75396, -0.00313, 3.1565, 0.48586, -0.002771, 3.8178, 0.61099, 0.04552, 0.98641, 1.0035, 1.979, 0.52355, 0.73269, 2.0539, 1.9198, 0.95612, 0.0078665, 6.5104, 1.2162, 0.008375, 6.3177, 0.96803, 0.06349, 7.9364e-08, 0.00022351, 0.033579, 0.0032793, 0.0046362, 0.14722, 0.35615, 0.0037763, 1.1174e-05, 1.0394, 0.049281, 1.1479e-05, 0.57748, 0.011779, 2.984e-05, 0.20222, 0.88669, 1.0275, 0.19693, 0.40544, -1.4416, -1.4134, 0.5895, -0.01136, 0.75158, -0.0077712, -0.0078641, 2.0434, -0.45027, 0.037036, 1.7697, 1.0711, 2.3277, 0.66179, 0.83593, 4.2871, 3.2898, 1.1206, 0.016096, 8.9153, 1.7098, 0.013468, 8.092, 2.0293, 0.071974, 0.22703, 0.0031436, 0.15621, 0.019967, 0.017124, 3.0325, 2.0439, 0.026061, 6.9655e-05, 6.1583, 0.27259, 4.2049e-05, 3.3806, 0.56812, 0.00011279
50, 4.56, 0.08105, 0.08646, 0.3, 1.0417, 0.27718, 1.4479, 0.98909, 1.2872, 0.52359, 0.53536, 1.2386, 1.0729, 0.69251, 0.01595, 2.9169, 0.78989, 0.02172, 8.5994, 0.67804, 0.05496, 1.0781, 1.0334, 1.1844, 0.64805, 0.61369, 1.4426, 0.88249, 0.7612, 0.0039768, 2.7002, 0.67329, 0.016669, 6.5294, 1.5211, 0.050009, 1.0777, 1.0084, 0.84343, 0.52255, 0.48199, 0.81124, -0.26437, 0.63786, -0.002053, 0.65985, 0.26, 0.0093833, 5.1103, 1.3424, 0.038455, 1.0786, 1.0584, 1.5254, 0.77355, 0.74539, 2.0739, 2.0294, 0.88453, 0.010007, 4.7405, 1.0866, 0.023954, 7.9485, 1.6997, 0.061564, 7.9364e-08, 0.00023069, 0.042982, 0.0058215, 0.006411, 0.14733, 0.48615, 0.0056224, 1.3439e-05, 1.5386, 0.063133, 1.9617e-05, 0.74432, 0.011799, 4.9345e-05, 0.2944, 0.9411, 0.51504, 0.40127, 0.38757, -1.4218, -1.5427, 0.48642, -0.0099725, -1.5439, -0.20704, 0.005016, 3.4314, 0.28127, 0.03109, 1.8619, 1.1258, 1.8538, 0.89483, 0.83981, 4.307, 3.3077, 1.036, 0.017926, 6.9442, 1.5536, 0.028321, 9.6274, 2.7609, 0.068928, 0.22703, 0.0031507, 0.16562, 0.022509, 0.018899, 3.0326, 2.1739, 0.027907, 7.192e-05, 6.6575, 0.28644, 5.0187e-05, 3.5474, 0.56814, 0.0001323
51, 1.9912, 0.27023, 0.05807, 0.30689, 1.0526, 0.71435, 1.6918, 1.0025, 1.5077, 0.23838, 0.30685, 8.142, 0.05836, 0.99276, 0.03226, 0.59444, 0.01478, 0.01515, 3.4914, 0.40701, 0.08043, 1.0773, 0.99532, 1.426, 0.47878, 0.45051, 2.2293, 0.93222, 0.74858, 0.0082535, 2.6763, 0.73852, 0.0038696, 3.8001, 1.0416, 0.046949, 1.0769, 0.96815, 0.99151, 0.35215, 0.25668, 1.5838, -0.33097, 0.61399, 0.0016405, 0.48285, 0.24004, -0.0089511, 2.1294, 0.86739, 0.030732, 1.0778, 1.0225, 1.8605, 0.6054, 0.64434, 2.8748, 2.1954, 0.88317, 0.014867, 4.8698, 1.237, 0.01669, 5.4708, 1.2158, 0.063165, 7.9364e-08, 0.00027289, 0.069779, 0.0059264, 0.013886, 0.15402, 0.58977, 0.0066957, 1.6164e-05, 1.7783, 0.091841, 6.0753e-05, 1.0317, 0.011218, 9.7198e-05, 0.29361, 0.90238, 0.70449, 0.23143, 0.18339, -0.63829, -1.5501, 0.46857, -0.0059576, -1.6435, -0.18487, -0.011849, 0.57902, -0.19757, 0.024871, 1.8611, 1.0883, 2.1475, 0.72613, 0.71764, 5.0969, 3.4146, 1.0286, 0.022465, 6.9961, 1.6619, 0.019588, 7.0211, 2.2808, 0.069026, 0.22703, 0.003193, 0.19242, 0.022614, 0.026374, 3.0393, 2.2776, 0.02898, 7.4645e-05, 6.8972, 0.31515, 9.1323e-05, 3.8348, 0.56756, 0.00018015
52, 4.7, 0.39202, 0.08776, 0.4617, 1.9192, 0.50804, 1.5421, 1.0088, 1.2675, 0.45474, 0.55807, 1.3595, 0.79097, 0.64892, 0.00092, 6.793, 0.19369, 0.0047, 3.7576, 0.65062, 0.07239, 1.4263, 1.0277, 1.7108, 0.52158, 0.59847, 1.7026, 0.84221, 0.79844, 0.0033473, 5.8033, 0.57091, 0.005368, 2.7333, 1.3547, 0.048573, 1.4258, 0.99873, 1.3791, 0.41435, 0.42454, 1.0253, -0.32045, 0.67527, -0.0025763, 3.7502, 0.13379, -0.003347, 1.2912, 1.1715, 0.03655, 1.4268, 1.0567, 2.0424, 0.62882, 0.7724, 2.38, 2.0049, 0.92162, 0.0092708, 7.8563, 1.008, 0.014083, 4.1754, 1.5379, 0.060595, 7.9364e-08, 0.00031084, 0.040658, 0.0042503, 0.011182, 0.16958, 0.49963, 0.0056079, 1.2969e-05, 1.5579, 0.070624, 2.8072e-05, 0.76865, 0.012403, 5.3424e-05, 0.64257, 0.93424, 1.0461, 0.28357, 0.34541, -1.1723, -1.5905, 0.52374, -0.010556, 1.553, -0.32085, -0.007228, -0.37532, 0.11423, 0.029364, 2.21, 1.1212, 2.3755, 0.75959, 0.85153, 4.5775, 3.2749, 1.0732, 0.017251, 10.054, 1.4627, 0.017964, 5.8419, 2.5952, 0.067781, 0.22703, 0.0032309, 0.16329, 0.020938, 0.023669, 3.0549, 2.1874, 0.027893, 7.145e-05, 6.6769, 0.29393, 5.8642e-05, 3.5718, 0.56874, 0.00013638
53, 4.6981, 0.15862, 0.04387, 0.1029, 0.84667, 0.3102, 1.7929, 1.0952, 0.50736, 0.46387, 0.34894, 1.5752, 0.91984, 0.8057, 0.00012, 3.8981, 1.418, 0.01313, 9.6718, 0.57311, 0.05216, 1.0911, 1.0198, 1.1181, 0.33157, 0.37368, 1.3443, 1.5711, 0.79652, 0.0031706, 3.3509, 0.73251, 0.0077368, 6.8463, 1.1038, 0.05508, 1.0906, 0.99634, 0.80383, 0.25018, 0.24812, 0.70677, 0.51143, 0.6921, -0.0019871, 1.7341, 0.32058, 0.00043031, 5.4051, 0.92633, 0.046162, 1.0915, 1.0433, 1.4323, 0.41297, 0.49925, 1.9819, 2.6309, 0.90094, 0.0083283, 4.9678, 1.1444, 0.015043, 8.2875, 1.2814, 0.063998, 7.9364e-08, 0.00020417, 0.036496, 0.002449, 0.0058275, 0.15024, 0.41507, 0.0040302, 9.8324e-06, 0.96627, 0.062715, 1.9731e-05, 0.76771, 0.011648, 2.9395e-05, 0.30732, 0.9279, 0.4619, 0.10403, 0.15108, -1.5215, -0.8141, 0.52969, -0.010424, -0.70662, -0.14718, -0.0039291, 3.7381, -0.1358, 0.037646, 1.8748, 1.1118, 1.7742, 0.55912, 0.59629, 4.2101, 3.9564, 1.0633, 0.016766, 7.4085, 1.6122, 0.019403, 9.9545, 2.3435, 0.072515, 0.22703, 0.0031242, 0.15913, 0.019137, 0.018315, 3.0355, 2.1029, 0.026315, 6.8314e-05, 6.0852, 0.28602, 5.0301e-05, 3.5708, 0.56799, 0.00011235
54, 2.5, 0.13114, 0.04582, 0.25389, 0.97222, 0.73611, 1.4919, 0.9978, 0.85206, 0.83349, 0.83054, 3.2684, 1.606, 0.69339, 0.0056, 1.38, 0.38279, 0.00446, 4.7605, 0.6188, 0.05266, 0.85487, 1.0227, 1.0246, 0.62009, 0.60898, 2.0854, 0.562, 0.61938, 0.0089585, 1.6562, 0.83258, 0.0098773, 4.115, 1.3672, 0.041236, 0.85441, 0.99703, 0.58526, 0.47356, 0.41354, 1.3857, -0.97445, 0.48664, 0.0024691, -0.37423, 0.31678, -0.0041167, 2.2361, 1.1899, 0.027177, 0.85534, 1.0483, 1.464, 0.76662, 0.80442, 2.7851, 2.0984, 0.75213, 0.015448, 3.6866, 1.3484, 0.023871, 5.9939, 1.5445, 0.055295, 7.9364e-08, 0.00024318, 0.071347, 0.0079364, 0.014118, 0.18093, 0.87254, 0.006513, 1.5565e-05, 1.5237, 0.098335, 7.2382e-05, 1.3048, 0.01162, 7.3055e-05, 0.071142, 0.93016, 0.30016, 0.36198, 0.34068, -0.79484, -2.0699, 0.34025, -0.0051955, -2.5832, -0.10028, -0.0068122, 0.78122, 0.12758, 0.020691, 1.6386, 1.1152, 1.7491, 0.8782, 0.87728, 4.9656, 3.1939, 0.89851, 0.023112, 5.8955, 1.7654, 0.026567, 7.4488, 2.6068, 0.061781, 0.22703, 0.0031632, 0.19398, 0.024624, 0.026606, 3.0662, 2.5603, 0.028798, 7.4046e-05, 6.6426, 0.32164, 0.00010295, 4.108, 0.56796, 0.00015601
55, 6.5574, 0.1049, 0.07474, 0.41345, 0.88496, 0.25882, 0.99733, 1.0786, 0.67899, 0.7679, 0.59358, 1.6858, 0.26835, 0.50696, 0.00351, 1.9904, 0.30603, 0.03217, 2.6683, 1.047, 0.06267, 1.1975, 1.0241, 1.0812, 0.62231, 0.46521, 1.9169, 0.91825, 0.65005, 0.0031169, 4.3806, 0.67256, 0.013336, 3.026, 1.9906, 0.068577, 1.1971, 0.99854, 0.68565, 0.5094, 0.31132, 1.2386, -0.39047, 0.52566, -0.0033604, 2.3341, 0.22902, 0.0045515, 1.6122, 1.806, 0.056022, 1.198, 1.0497, 1.4767, 0.73522, 0.61909, 2.5952, 2.227, 0.77444, 0.0095942, 6.4271, 1.1161, 0.02212, 4.4397, 2.1751, 0.081131, 7.9365e-08, 0.00024141, 0.05783, 0.004712, 0.0087527, 0.17005, 0.63305, 0.0057189, 1.5507e-05, 1.548, 0.072712, 2.8522e-05, 0.73873, 0.012589, 5.8255e-05, 0.41381, 0.93162, 0.38244, 0.38169, 0.22549, -0.95828, -1.5876, 0.3748, -0.011032, 0.13357, -0.22237, 0.00069178, -0.069594, 0.74989, 0.049031, 1.9813, 1.1166, 1.78, 0.86293, 0.70493, 4.792, 3.4241, 0.92531, 0.017265, 8.6277, 1.5675, 0.02598, 6.1216, 3.2312, 0.088123, 0.22703, 0.0031615, 0.18047, 0.0214, 0.02124, 3.0553, 2.3208, 0.028004, 7.3988e-05, 6.6669, 0.29602, 5.9091e-05, 3.5418, 0.56893, 0.00014121
56, 4.6981, 0.16327, 0.04387, 0.1029, 0.84667, 0.31592, 1.1971, 1.0809, 0.54477, 0.35771, 0.31914, 1.2026, 1.3776, 0.86669, 0.00014, 4.4372, 0.95026, 0.00997, 9.1106, 0.69067, 0.0478, 1.0905, 1.0203, 1.0894, 0.34628, 0.39623, 1.3785, 1.5844, 0.78284, 0.0033327, 3.2485, 0.87785, 0.011022, 6.8831, 1.0961, 0.056688, 1.09, 0.99627, 0.76217, 0.26596, 0.25643, 0.74185, 0.5093, 0.6785, -0.0019587, 1.6417, 0.45388, 0.0029124, 5.3887, 0.9186, 0.047694, 1.0909, 1.0443, 1.4166, 0.4266, 0.53603, 2.0151, 2.6596, 0.88718, 0.0086242, 4.8552, 1.3018, 0.019132, 8.3775, 1.2736, 0.065683, 7.9364e-08, 0.00021349, 0.039577, 0.0023844, 0.0072237, 0.14981, 0.42725, 0.004024, 1.0349e-05, 0.95417, 0.066436, 2.431e-05, 0.82548, 0.011645, 2.9903e-05, 0.30674, 0.92823, 0.42692, 0.11912, 0.1653, -1.4871, -0.80769, 0.51605, -0.010314, -0.80506, -0.0075418, -0.0011628, 3.7498, -0.14354, 0.039214, 1.8742, 1.1124, 1.7519, 0.57344, 0.62716, 4.2441, 3.9766, 1.0496, 0.016979, 7.302, 1.7632, 0.023208, 10.016, 2.3357, 0.074162, 0.22703, 0.0031336, 0.16221, 0.019072, 0.019711, 3.0351, 2.115, 0.026309, 6.883e-05, 6.0731, 0.28974, 5.488e-05, 3.6286, 0.56798, 0.00011286
57, 3.75, 0.72522, 0.11557, 0.2412, 0.99099, 0.57057, 1.0871, 0.99065, 1.6722, 0.31319, 0.66779, 0.7575, 0.90584, 0.89583, 0.00094, 9.2066, 0.81282, 0.00187, 4.7959, 0.41124, 0.05737, 1.3806, 0.97991, 1.7738, 0.26364, 0.55709, 1.7199, 0.6475, 0.81398, 0.007975, 8.314, 0.90722, 0.0017257, 5.1214, 0.010425, 0.060052, 1.3801, 0.94647, 1.3389, 0.1169, 0.35932, 0.95568, -0.72082, 0.66238, 0.0011077, 5.8264, 0.4549, -0.0067956, 3.3824, -0.17481, 0.041564, 1.381, 1.0133, 2.2088, 0.41038, 0.75486, 2.4842, 2.0158, 0.96558, 0.014842, 10.802, 1.3595, 0.010247, 6.8603, 0.19566, 0.078539, 7.9364e-08, 0.00041314, 0.069928, 0.0079584, 0.014457, 0.21588, 0.69203, 0.0084943, 1.7431e-05, 2.2872, 0.075621, 2.6839e-05, 1.1177, 0.012682, 0.00012633, 0.59685, 0.88494, 1.052, 0.0054104, 0.28709, -1.1767, -1.89, 0.52541, -0.0063562, 3.8377, 0.0079047, -0.010737, 1.8644, -1.2303, 0.036256, 2.1643, 1.0749, 2.4956, 0.52187, 0.82709, 4.6165, 3.185, 1.1026, 0.022306, 12.79, 1.8065, 0.014189, 8.3784, 1.2512, 0.083847, 0.22703, 0.0033332, 0.19256, 0.024646, 0.026945, 3.1012, 2.3798, 0.030779, 7.5912e-05, 7.4061, 0.29893, 5.7408e-05, 3.9208, 0.56902, 0.00020928
58, 1.6364, 0.50326, 0.0764, 0.12354, 0.97222, 1.0488, 0.32473, 1.0083, 0.90826, 0.32429, 0.30102, 0.79955, 0.19252, 0.63031, 2e-05, 2.7503, 0.38699, 0.00028, 2.4779, 2.2659, 0.03314, 0.73305, 1.0128, 1.2573, 0.37894, 0.30581, 3.6948, 1.3589, 0.7869, 0.0085077, 6.3111, 0.65835, 0.0072595, 4.5773, 0.42042, 0.04739, 0.73259, 0.98025, 0.80922, 0.21069, 0.069219, 2.8595, -0.52706, 0.63865, 0.0014144, 3.9681, 0.14523, -0.0062654, 2.6692, 0.23535, 0.029197, 0.73351, 1.0453, 1.7054, 0.54719, 0.5424, 4.5302, 3.2449, 0.93516, 0.015601, 8.6542, 1.1715, 0.020784, 6.4854, 0.60549, 0.065583, 7.9365e-08, 0.00039111, 0.074214, 0.010463, 0.020689, 0.25793, 1.3147, 0.0081236, 1.8597e-05, 2.0291, 0.097314, 6.7611e-05, 1.3457, 0.012659, 0.00012233, -0.05068, 0.91813, 0.52753, 0.10791, 0.0062083, 0.77867, -1.4912, 0.50008, -0.0059332, 1.9135, -0.27303, -0.0090387, 1.2269, -0.82032, 0.023823, 1.5168, 1.1074, 1.9871, 0.64997, 0.60541, 6.611, 4.209, 1.0737, 0.022949, 10.709, 1.5897, 0.023558, 7.9276, 1.6612, 0.070957, 0.22703, 0.0033112, 0.19685, 0.027151, 0.033177, 3.1432, 3.0025, 0.030408, 7.7078e-05, 7.148, 0.32062, 9.8181e-05, 4.1488, 0.569, 0.00020529
59, 2.1818, 0.29133, 0.0918, 0.25974, 1.3333, 0.64866, 0.86012, 1.01, 1.4164, 0.57783, 0.32175, 1.3124, 0.80963, 0.79559, 0.00053, 4.1451, 1.2245, 0.00235, 3.7724, 0.61854, 0.05583, 0.99038, 0.98709, 1.5306, 0.58655, 0.40025, 2.5287, 1.3315, 0.78019, 0.0075506, 3.4501, 0.81025, 0.0034808, 3.2882, 0.87208, 0.050286, 0.98991, 0.9626, 1.1111, 0.44686, 0.22257, 1.92, 0.15398, 0.64187, 0.00072378, 1.2724, 0.3673, -0.0058697, 1.9005, 0.69498, 0.033877, 0.99084, 1.0116, 1.9502, 0.72624, 0.57793, 3.1374, 2.509, 0.91851, 0.014378, 5.6278, 1.2532, 0.012831, 4.6759, 1.0492, 0.066696, 7.9364e-08, 0.00022169, 0.06506, 0.0072123, 0.011669, 0.13695, 0.51248, 0.0070717, 1.7226e-05, 1.7529, 0.072521, 3.2316e-05, 0.71173, 0.011592, 9.953e-05, 0.20665, 0.8949, 0.818, 0.33226, 0.1446, -0.33081, -1.1084, 0.49837, -0.0067612, -0.86174, -0.084387, -0.009563, 0.20445, -0.3675, 0.028067, 1.7741, 1.0793, 2.2432, 0.84084, 0.6559, 5.3882, 3.7714, 1.062, 0.021863, 7.7619, 1.7049, 0.016525, 6.372, 2.1117, 0.072506, 0.22703, 0.0031418, 0.1877, 0.0239, 0.024156, 3.0222, 2.2003, 0.029356, 7.5707e-05, 6.8718, 0.29583, 6.2886e-05, 3.5148, 0.56793, 0.00018248
60, 2.5, 0.13114, 0.11054, 0.42293, 0.97222, 0.48267, 0.82129, 1.0904, 1.2918, 0.43218, 0.53775, 2.8483, 6.3041, 0.50103, 0.00316, 0.34077, 0.38452, 0.00059, 1.6817, 3.5403, 0.03706, 1.0281, 0.9928, 1.2036, 0.56321, 0.54641, 1.6153, 2.3902, 0.61967, 0.0044231, 1.8399, 0.68714, 0.0078528, 2.878, 1.3535, 0.037721, 1.0276, 0.96561, 0.7603, 0.4301, 0.34742, 0.90376, 1.1396, 0.49151, -0.0022169, -0.22592, 0.21559, -0.0050561, 1.1879, 1.1783, 0.024703, 1.0285, 1.02, 1.6469, 0.69632, 0.74539, 2.3268, 3.6409, 0.74784, 0.011063, 3.9058, 1.1587, 0.020762, 4.5681, 1.5288, 0.050738, 7.9364e-08, 0.00027342, 0.072643, 0.0065492, 0.014635, 0.18711, 0.57815, 0.0060716, 1.6296e-05, 1.5774, 0.082188, 6.1592e-05, 1.0558, 0.011354, 6.2634e-05, 0.24433, 0.89985, 0.47675, 0.31247, 0.27552, -1.2679, -0.085755, 0.34269, -0.0098006, -2.4165, -0.22199, -0.007938, -0.35318, 0.11421, 0.017874, 1.8118, 1.0858, 1.9305, 0.81395, 0.8173, 4.4984, 4.8663, 0.89666, 0.018647, 6.0964, 1.5963, 0.023644, 6.1091, 2.5928, 0.057567, 0.22703, 0.0031935, 0.19528, 0.023237, 0.027123, 3.0724, 2.2659, 0.028356, 7.4777e-05, 6.6963, 0.3055, 9.2162e-05, 3.8589, 0.56769, 0.00014559
61, 6.5574, 0.11106, 0.03446, 0.37104, 1.9174, 0.41066, 1.1811, 0.92601, 1.4125, 0.551, 0.02888, 2.4606, 0.417, 0.5345, 0.00979, 3.9031, 0.39239, 0.03163, 3.508, 2.515, 0.05273, 1.2456, 1.0469, 1.0453, 0.52287, 0.35461, 1.996, 1.0037, 0.67007, 0.004389, 3.8492, 0.71477, 0.023826, 2.7665, 2.2395, 0.05994, 1.2451, 1.0213, 0.63618, 0.37285, 0.17087, 1.2533, -0.3495, 0.53213, -0.0021755, 1.3836, 0.23626, 0.012427, 1.0953, 2.0505, 0.041973, 1.246, 1.0726, 1.4544, 0.67289, 0.53834, 2.7387, 2.3569, 0.80801, 0.010954, 6.3148, 1.1933, 0.035226, 4.4378, 2.4285, 0.077906, 7.9365e-08, 0.00024313, 0.061862, 0.0083187, 0.012478, 0.20388, 0.67682, 0.0070329, 1.5928e-05, 2.247, 0.08463, 4.8029e-05, 1.0323, 0.013204, 0.00011931, 0.46183, 0.95443, 0.33877, 0.26276, 0.094709, -0.89502, -1.5256, 0.38844, -0.0097996, -0.61496, -0.198, 0.0092436, -0.45476, 0.99819, 0.036546, 2.0293, 1.1395, 1.7518, 0.78298, 0.6145, 4.887, 3.533, 0.95171, 0.018578, 8.3134, 1.6275, 0.038409, 5.9879, 3.4809, 0.083333, 0.22703, 0.0031632, 0.1845, 0.025007, 0.024966, 3.0892, 2.3646, 0.029318, 7.4409e-05, 7.3659, 0.30794, 7.8599e-05, 3.8354, 0.56954, 0.00020227
62, 3, 0.34793, 0.07308, 0.09056, 0.66146, 0.50163, 1.3477, 1.0657, 0.86327, 0.28051, 0.61531, 1.3444, 0.47851, 0.65825, 0.01039, 3.7559, 0.26498, 0.00555, 3.5536, 0.33668, 0.06186, 1.0342, 0.99009, 1.275, 0.34874, 0.45507, 1.4833, 1.2601, 0.74773, 0.016602, 5.857, 0.54671, 0.0086535, 5.2125, 0.40594, 0.058326, 1.0337, 0.96706, 0.85343, 0.25308, 0.26138, 0.90579, -0.19753, 0.64682, 0.011579, 3.7627, 0.016908, -0.0059966, 3.3681, 0.21652, 0.043392, 1.0346, 1.0131, 1.6965, 0.44441, 0.64876, 2.0607, 2.7177, 0.84864, 0.021625, 7.9513, 1.0765, 0.023304, 7.057, 0.59536, 0.07326, 7.9364e-08, 0.00019613, 0.065675, 0.0033828, 0.013866, 0.12326, 0.78529, 0.0037639, 9.3261e-06, 1.6211, 0.10375, 7.9328e-05, 1.2574, 0.013262, 8.2435e-05, 0.25045, 0.89827, 0.56118, 0.11572, 0.18804, -1.3698, -1.3266, 0.48226, 0.0030577, 1.5867, -0.39396, -0.0085899, 1.8981, -0.83546, 0.037172, 1.8179, 1.0819, 1.9887, 0.58177, 0.72209, 4.3363, 3.8468, 1.0132, 0.030147, 10.127, 1.4874, 0.025897, 8.527, 1.6473, 0.079479, 0.22703, 0.0031162, 0.18831, 0.020071, 0.026354, 3.0085, 2.4731, 0.026049, 6.7807e-05, 6.7401, 0.32705, 0.0001099, 4.0605, 0.5696, 0.00016539
63, 2.1818, 0.4772, 0.03381, 0.23429, 2.0833, 1.184, 1.1833, 1.0962, 0.55101, 0.61858, 0.38809, 0.65727, 0.94401, 0.99438, 0.00612, 7.1722, 0.01258, 0.00782, 3.8605, 0.78632, 0.02925, 0.91381, 1.0304, 1.2861, 0.39465, 0.40947, 3.2693, 0.73435, 0.76223, 0.0094308, 4.1971, 0.58206, 0.004681, 5.6586, 1.0188, 0.042111, 0.91334, 0.99884, 0.85379, 0.21405, 0.20861, 2.4451, -1.2087, 0.60584, 0.0023492, 1.7295, 0.094244, -0.0069538, 3.8625, 0.83192, 0.023882, 0.91427, 1.062, 1.7183, 0.57525, 0.61033, 4.0934, 2.6774, 0.91862, 0.016512, 6.6646, 1.0699, 0.016316, 7.4547, 1.2056, 0.06034, 7.9365e-08, 0.00036847, 0.069061, 0.012056, 0.014911, 0.25104, 1.3954, 0.00904, 1.8536e-05, 2.2505, 0.087955, 5.0034e-05, 1.1923, 0.012903, 0.00012283, 0.13008, 0.93608, 0.56588, 0.11578, 0.1372, 0.3563, -2.1539, 0.47111, -0.0050043, -0.26814, -0.33562, -0.010086, 2.3708, -0.22225, 0.018515, 1.6975, 1.1247, 2.0062, 0.67352, 0.68174, 6.1823, 3.6226, 1.0534, 0.023866, 8.6623, 1.4997, 0.019448, 8.9464, 2.2598, 0.065706, 0.22703, 0.0032885, 0.1917, 0.028744, 0.027399, 3.1363, 3.0832, 0.031325, 7.7017e-05, 7.3694, 0.31126, 8.0604e-05, 3.9954, 0.56924, 0.00020578
64, 7.6378, 0.10199, 0.00844, 0.3395, 6.0476, 0.45183, 1.2473, 1.0941, 0.79235, 0.25032, 0.73413, 6.2955, 1.2774, 0.92586, 0.01334, 0.36817, 0.5912, 0.00664, 1.6783, 3.542, 0.04725, 1.524, 1.0708, 1.3305, 0.5371, 0.68558, 2.4105, 0.61037, 0.76453, 0.00023364, 2.9644, 0.96213, 0.019538, 2.4189, 2.9163, 0.057438, 1.5236, 1.0387, 0.86765, 0.36799, 0.41411, 1.5132, -1.7913, 0.59958, -0.0067687, 0.4347, 0.41755, 0.0038474, 0.23944, 2.7214, 0.038253, 1.5245, 1.103, 1.7934, 0.70621, 0.95704, 3.3078, 3.012, 0.92948, 0.007236, 5.494, 1.5067, 0.035229, 4.5983, 3.1112, 0.076624, 7.9365e-08, 0.00038238, 0.079195, 0.01057, 0.027238, 0.2976, 2.1319, 0.010056, 1.8123e-05, 2.3652, 0.10962, 9.0997e-05, 1.7557, 0.014039, 0.00013605, 0.7403, 0.97632, 0.59158, 0.26554, 0.35774, -0.52403, -2.6043, 0.46872, -0.014163, -1.5355, 0.013058, 0.0014023, -1.0931, 1.6741, 0.033096, 2.3078, 1.1654, 2.0695, 0.80867, 1.0134, 5.345, 3.8251, 1.0603, 0.01463, 7.4642, 1.9112, 0.037674, 5.9309, 4.1586, 0.08178, 0.22703, 0.0033024, 0.20183, 0.027258, 0.039726, 3.1829, 3.8197, 0.032341, 7.6604e-05, 7.4841, 0.33292, 0.00012157, 4.5588, 0.57038, 0.000219
65, 4.56, 0.08105, 0.08646, 0.2, 1.0417, 0.23453, 1.6219, 1.0406, 0.62635, 0.57732, 0.38073, 1.4634, 0.56523, 0.5145, 0.00115, 2.8791, 0.18924, 0.02803, 6.9276, 0.79508, 0.06654, 1.0185, 1.0283, 1.2641, 0.47868, 0.6349, 1.3658, 0.72213, 0.65156, 0.0040508, 3.645, 0.7988, 0.012307, 6.7122, 1.3113, 0.055057, 1.0181, 1.0021, 0.85667, 0.34749, 0.46651, 0.71651, -0.62612, 0.51648, -0.0026894, 1.3546, 0.33322, 0.00053197, 5.1496, 1.133, 0.037783, 1.019, 1.0544, 1.6716, 0.60987, 0.80329, 2.015, 2.0704, 0.78664, 0.010791, 5.9354, 1.2644, 0.024083, 8.2748, 1.4896, 0.072332, 7.9364e-08, 0.00025347, 0.061368, 0.0063612, 0.01048, 0.15581, 0.67188, 0.0067439, 1.6791e-05, 1.939, 0.08012, 5.1251e-05, 0.90249, 0.011748, 0.0001103, 0.23481, 0.93559, 0.55857, 0.22896, 0.38562, -1.5026, -1.8046, 0.37131, -0.01022, -0.72485, -0.10725, -0.0025711, 3.5459, 0.071522, 0.032191, 1.8023, 1.1209, 1.9697, 0.7284, 0.88418, 4.2342, 3.2488, 0.93181, 0.018322, 8.0148, 1.7049, 0.027186, 9.8786, 2.551, 0.077923, 0.22703, 0.0031735, 0.184, 0.023049, 0.022968, 3.0411, 2.3597, 0.029029, 7.5273e-05, 7.0579, 0.30343, 8.1821e-05, 3.7056, 0.56809, 0.00019325
66, 2, 0.13709, 0.04021, 0.20759, 1.7797, 0.55401, 1.8959, 1.0967, 0.99776, 0.81552, 0.25261, 2.7814, 2.8703, 0.29264, 0.02543, 0.05457, 0.93384, 0.00577, 1.1751, 0.48095, 0.0608, 1.1155, 1.0176, 1.3251, 0.57301, 0.46224, 1.7262, 1.5699, 0.63081, 0.0074626, 2.9712, 0.84786, 0.0056118, 3.7077, 1.0564, 0.050898, 1.115, 0.99291, 0.88266, 0.45562, 0.23084, 1.0517, -0.095693, 0.51195, 0.0010838, 0.57721, 0.31231, -0.0079061, 1.9922, 0.87076, 0.032714, 1.116, 1.0424, 1.7676, 0.6904, 0.69364, 2.4007, 3.2355, 0.74966, 0.013841, 5.3652, 1.3834, 0.01913, 5.4233, 1.242, 0.069083, 7.9364e-08, 0.00022603, 0.072354, 0.0050932, 0.019792, 0.16816, 1.0254, 0.0052213, 1.5039e-05, 2.1183, 0.10601, 6.754e-05, 1.0878, 0.012738, 0.00012222, 0.33176, 0.92538, 0.59878, 0.33025, 0.16672, -1.148, -1.1395, 0.35801, -0.006641, -1.4538, -0.096059, -0.010681, 0.46319, -0.18443, 0.027337, 1.8992, 1.1099, 2.0514, 0.81576, 0.75776, 4.6005, 4.2792, 0.9036, 0.021566, 7.3962, 1.7918, 0.021904, 6.9523, 2.2972, 0.074459, 0.22703, 0.0031461, 0.19499, 0.021781, 0.032279, 3.0535, 2.7132, 0.027506, 7.3521e-05, 7.2373, 0.32932, 9.811e-05, 3.8909, 0.56908, 0.00020518
67, 4.7, 0.39202, 0.08935, 0.4617, 2.6667, 0.50219, 0.91433, 1.0239, 1.9297, 0.57232, 0.74553, 1.7294, 0.12379, 0.83408, 4e-05, 4.6123, 1.9519, 0.01053, 1.7727, 0.86094, 0.06771, 1.4805, 1.0298, 1.5615, 0.47545, 0.53098, 1.6791, 0.82871, 0.74072, 0.0025521, 5.3344, 0.73615, 0.0052873, 2.7401, 1.4828, 0.062977, 1.4801, 1.0006, 1.227, 0.36423, 0.29132, 0.99573, -0.75895, 0.59246, -0.0033952, 2.9737, 0.19416, -0.00695, 1.1389, 1.2914, 0.04576, 1.481, 1.0591, 1.8961, 0.58666, 0.77064, 2.3624, 2.4164, 0.88898, 0.0084995, 7.6951, 1.2781, 0.017525, 4.3413, 1.6742, 0.080193, 7.9365e-08, 0.00031696, 0.041375, 0.0045715, 0.021229, 0.17259, 0.93167, 0.0081246, 1.3073e-05, 2.0598, 0.10857, 5.535e-05, 0.94765, 0.013539, 0.00010955, 0.69678, 0.93625, 0.89541, 0.23562, 0.22895, -1.1973, -1.8334, 0.45388, -0.011362, 0.92728, -0.21143, -0.0099593, -0.44544, 0.24107, 0.040155, 2.2642, 1.1234, 2.2277, 0.71527, 0.83301, 4.5554, 3.4909, 1.0276, 0.016466, 9.7415, 1.6837, 0.020534, 5.9257, 2.7245, 0.085799, 0.22703, 0.003237, 0.16401, 0.021259, 0.033717, 3.0579, 2.6195, 0.030409, 7.1555e-05, 7.1787, 0.33188, 8.592e-05, 3.7507, 0.56988, 0.00019251
68, 6, 0.37518, 0.06684, 0.10492, 0.8642, 0.29938, 1.8579, 1.0275, 1.9291, 0.15447, 0.29838, 3.9516, 4.1117, 0.99765, 0.01072, 2.0823, 0.01164, 0.00531, 2.1442, 0.65783, 0.0589, 1.2102, 1.0188, 1.5229, 0.23502, 0.48222, 1.516, 1.0952, 0.77664, 0.011076, 6.0176, 0.48847, 0.014007, 5.0812, 0.77265, 0.063947, 1.2097, 0.99174, 1.1032, 0.14208, 0.26083, 0.74438, -0.11865, 0.67195, 0.0051428, 4.023, -0.0098877, 0.0013105, 3.2184, 0.58434, 0.051492, 1.2106, 1.0458, 1.9427, 0.32796, 0.70362, 2.2875, 2.3091, 0.88132, 0.01701, 8.0121, 0.98683, 0.026704, 6.944, 0.96096, 0.076402, 7.9365e-08, 0.00027052, 0.065121, 0.0031927, 0.018117, 0.22004, 0.54464, 0.0040505, 1.3013e-05, 1.4704, 0.091797, 5.9586e-05, 1.2826, 0.013106, 5.7337e-05, 0.42644, 0.92589, 0.8102, 0.0030951, 0.19447, -1.3826, -1.3624, 0.50971, -0.0028315, 1.7953, -0.43486, -0.0016105, 1.7564, -0.46858, 0.044465, 1.9939, 1.1117, 2.2357, 0.46694, 0.76998, 4.4145, 3.5529, 1.0436, 0.024984, 10.24, 1.4118, 0.029625, 8.4059, 2.0139, 0.083429, 0.22703, 0.0031906, 0.18776, 0.019881, 0.030605, 3.1053, 2.2324, 0.026335, 7.1495e-05, 6.5893, 0.3151, 9.0156e-05, 4.0857, 0.56945, 0.00014029
69, 3.0049, 0.29001, 0.1222, 0.36241, 1.3544, 0.4912, 1.1682, 0.98183, 1.5504, 0.61426, 0.44434, 1.1333, 0.67352, 0.70553, 0.02787, 2.3136, 1.1764, 0.0268, 8.0086, 0.29101, 0.02541, 1.1015, 0.99752, 1.3063, 0.43897, 0.42418, 1.6005, 3.5023, 0.76674, 0.0089032, 2.2914, 0.51201, 0.034534, 3.9876, 0.98608, 0.040761, 1.101, 0.97198, 0.9476, 0.32649, 0.2782, 0.98763, 2.394, 0.647, 0.002833, 0.41206, 0.078298, 0.026764, 2.5116, 0.81615, 0.029478, 1.1019, 1.0231, 1.6649, 0.55146, 0.57017, 2.2134, 4.6107, 0.88648, 0.014973, 4.1708, 0.94573, 0.042305, 5.4637, 1.156, 0.052044, 7.9364e-08, 0.00024107, 0.047548, 0.0046766, 0.0078767, 0.13884, 0.45404, 0.0052996, 1.3619e-05, 1.3055, 0.069527, 2.2316e-05, 0.80528, 0.010673, 4.7052e-05, 0.31773, 0.90504, 0.62771, 0.19855, 0.18946, -1.2599, 1.0951, 0.49355, -0.0050636, -1.8777, -0.37809, 0.022572, 0.86311, -0.2525, 0.022006, 1.8852, 1.09, 1.9848, 0.6794, 0.65891, 4.4609, 5.9096, 1.0399, 0.02287, 6.4606, 1.4021, 0.046496, 7.1121, 2.2247, 0.059515, 0.22703, 0.0031611, 0.17018, 0.021365, 0.020364, 3.0241, 2.1418, 0.027584, 7.2101e-05, 6.4244, 0.29284, 5.2886e-05, 3.6084, 0.56701, 0.00013001
70, 2, 0.062, 0.15337, 0.59912, 1.1719, 0.38897, 0.83042, 1.0811, 0.68945, 0.58865, 0.28196, 1.5555, 0.81505, 0.58224, 0.00044, 3.7151, 1.1254, 0.00691, 1.0474, 1.95, 0.04357, 1.0841, 1.0094, 1.1628, 0.63557, 0.55061, 1.6299, 1.058, 0.4806, 0.0032285, 2.0307, 0.89269, 0.0090328, 2.9041, 1.6709, 0.04637, 1.0836, 0.97664, 0.704, 0.48841, 0.3463, 0.87555, -0.55941, 0.33885, -0.0039882, -0.18789, 0.39756, -0.0032896, 1.1193, 1.4896, 0.030254, 1.0846, 1.0421, 1.6216, 0.78272, 0.75493, 2.3843, 2.6755, 0.62234, 0.010445, 4.2493, 1.3878, 0.021355, 4.689, 1.8523, 0.062486, 7.9364e-08, 0.00039589, 0.077799, 0.0080041, 0.015429, 0.21033, 0.96696, 0.0074261, 1.925e-05, 1.8193, 0.090609, 5.6123e-05, 1.1774, 0.012155, 9.5996e-05, 0.30036, 0.91465, 0.42639, 0.3771, 0.27579, -1.2641, -1.622, 0.19708, -0.011273, -2.3019, -0.028896, -0.0062822, -0.37756, 0.43072, 0.024366, 1.8678, 1.1041, 1.8992, 0.89403, 0.82544, 4.5239, 3.7381, 0.76412, 0.01773, 6.3633, 1.8143, 0.024348, 6.1858, 2.9111, 0.068373, 0.22703, 0.003316, 0.20044, 0.024692, 0.027917, 3.0956, 2.6547, 0.029711, 7.7731e-05, 6.9382, 0.31392, 8.6693e-05, 3.9805, 0.56849, 0.00017895
71, 4.7, 0.39202, 0.08776, 0.23073, 1.9192, 0.48658, 1.4337, 1.0287, 1.8949, 0.52544, 0.54351, 1.1888, 0.77789, 0.84091, 0.00056, 5.8579, 0.53773, 0.00393, 4.2766, 0.56305, 0.03475, 1.2053, 1.03, 1.4592, 0.50253, 0.66196, 1.8407, 1.0543, 0.86621, 0.0036573, 5.0076, 0.46999, 0.0067006, 3.7954, 0.95133, 0.051066, 1.2049, 1.0036, 1.0073, 0.38517, 0.43367, 1.1744, -0.26253, 0.72725, -0.0030164, 2.8195, 0.0087925, -0.0037864, 2.239, 0.76848, 0.034886, 1.2058, 1.0564, 1.911, 0.61989, 0.89026, 2.5071, 2.3711, 1.0052, 0.010331, 7.1957, 0.93118, 0.017188, 5.3519, 1.1342, 0.067245, 7.9364e-08, 0.000258, 0.075456, 0.0050908, 0.019263, 0.16412, 0.64091, 0.0071368, 1.6462e-05, 1.7696, 0.078617, 4.0649e-05, 0.89537, 0.012359, 9.6754e-05, 0.42161, 0.93729, 0.72709, 0.25979, 0.36887, -1.0316, -1.4558, 0.58407, -0.010582, 0.69052, -0.43382, -0.0071805, 0.63215, -0.28908, 0.029015, 1.9891, 1.1227, 2.1913, 0.74527, 0.95506, 4.7131, 3.5643, 1.1483, 0.017897, 9.3247, 1.3738, 0.020582, 6.9587, 2.1918, 0.073116, 0.22703, 0.0031781, 0.19809, 0.021779, 0.031751, 3.0494, 2.3287, 0.029421, 7.4943e-05, 6.8885, 0.30192, 7.1219e-05, 3.6985, 0.5687, 0.00017971
72, 2.8571, 0.37557, 0.09667, 0.13131, 1.6927, 0.62603, 1.405, 0.90815, 0.50188, 0.48596, 0.68235, 0.67907, 0.57241, 0.99338, 0.00092, 7.931, 1.4361, 0.001, 2.4199, 0.39314, 0.03929, 0.95596, 1.0181, 1.15, 0.40099, 0.49337, 1.965, 1.0764, 0.77279, 0.0048903, 5.714, 0.59387, 0.0048392, 3.5124, 0.57249, 0.044671, 0.9555, 0.99376, 0.79778, 0.30309, 0.32787, 1.3176, -0.19247, 0.6666, -0.000388, 3.9014, 0.13495, -0.0052358, 1.895, 0.39352, 0.033131, 0.95643, 1.0424, 1.5021, 0.49889, 0.65886, 2.6124, 2.3453, 0.87899, 0.010169, 7.5266, 1.0528, 0.014914, 5.1297, 0.75147, 0.056212, 7.9364e-08, 0.00021896, 0.045841, 0.0035424, 0.010123, 0.15491, 0.59508, 0.0041685, 1.0297e-05, 1.2144, 0.077845, 3.7518e-05, 0.96681, 0.011839, 4.9224e-05, 0.17223, 0.92595, 0.47481, 0.16704, 0.24603, -0.90302, -1.4088, 0.50527, -0.008751, 1.5746, -0.30878, -0.0087333, 0.31867, -0.66736, 0.025761, 1.7397, 1.1103, 1.8251, 0.63495, 0.7407, 4.833, 3.5616, 1.0403, 0.018532, 9.8534, 1.4965, 0.018412, 6.706, 1.8123, 0.063582, 0.22703, 0.003139, 0.16848, 0.02023, 0.022611, 3.0402, 2.2829, 0.026453, 6.8779e-05, 6.3333, 0.30115, 6.8088e-05, 3.7699, 0.56818, 0.00013218
73, 3.0049, 0.23427, 0.07638, 0.14319, 1.3544, 0.52635, 0.86369, 1.0113, 0.82924, 0.56093, 0.37132, 1.355, 0.77987, 0.53788, 0.01138, 1.6615, 0.46132, 0.02274, 7.6879, 0.19781, 0.0485, 0.96253, 1.0004, 1.2136, 0.51452, 0.46379, 1.6387, 0.81115, 0.72676, 0.0056157, 4.385, 0.58205, 0.025349, 5.7753, 0.78343, 0.042634, 0.96207, 0.97807, 0.91836, 0.42306, 0.35715, 1.0938, -0.1404, 0.62068, 0.00013825, 2.7633, 0.17812, 0.018242, 4.5714, 0.61839, 0.033495, 0.96299, 1.0228, 1.5088, 0.60597, 0.57043, 2.1836, 1.7627, 0.83284, 0.011093, 6.0066, 0.98598, 0.032455, 6.9792, 0.94846, 0.051772, 7.9364e-08, 0.00018498, 0.032211, 0.0030914, 0.0042033, 0.10976, 0.33467, 0.004159, 1.1089e-05, 0.97198, 0.060305, 1.8666e-05, 0.5357, 0.010067, 3.087e-05, 0.1788, 0.90879, 0.56631, 0.28319, 0.25128, -1.2079, -1.528, 0.45928, -0.0081039, 0.3255, -0.29392, 0.013807, 2.7698, -0.45449, 0.025085, 1.7463, 1.0921, 1.8608, 0.74585, 0.67629, 4.4853, 3.1504, 0.99424, 0.019335, 8.4444, 1.458, 0.03689, 8.7809, 2.0213, 0.060182, 0.22703, 0.003105, 0.15485, 0.019779, 0.016691, 2.9951, 2.0225, 0.026444, 6.9571e-05, 6.0909, 0.28361, 4.9236e-05, 3.3388, 0.56641, 0.00011382
74, 3, 0.35826, 0.12126, 0.10019, 0.48387, 0.34299, 1.1867, 1.0262, 0.74933, 0.33302, 0.44337, 1.2119, 0.59746, 0.73741, 0.0002, 6.5387, 0.99824, 0.00394, 2.4298, 0.68129, 0.07193, 1.0072, 0.98879, 1.277, 0.2843, 0.54718, 1.2928, 1.402, 0.77442, 0.0086846, 5.7873, 0.60585, 0.0018284, 4.5408, 0.21694, 0.053686, 1.0068, 0.96387, 0.84912, 0.16785, 0.34523, 0.6078, -0.28872, 0.65845, 0.0025771, 3.5424, 0.065696, -0.013418, 2.5433, 0.024975, 0.038062, 1.0077, 1.0137, 1.7048, 0.40076, 0.74914, 1.9778, 3.0928, 0.89039, 0.014792, 8.0322, 1.146, 0.017075, 6.5384, 0.40891, 0.069311, 7.9365e-08, 0.00022961, 0.067664, 0.0050127, 0.015075, 0.17343, 1.0566, 0.0049707, 1.3787e-05, 1.8627, 0.10784, 8.592e-05, 1.4749, 0.013621, 9.023e-05, 0.22348, 0.89648, 0.55944, 0.041999, 0.27411, -1.5839, -1.3229, 0.50287, -0.0052984, 1.4412, -0.34069, -0.015925, 1.1387, -1.0248, 0.03204, 1.7909, 1.0811, 1.9945, 0.52661, 0.82026, 4.1695, 4.1269, 1.046, 0.022668, 10.133, 1.5524, 0.019581, 7.943, 1.4587, 0.075333, 0.22703, 0.0031497, 0.1903, 0.021701, 0.027562, 3.0587, 2.7444, 0.027255, 7.2269e-05, 6.9816, 0.33115, 0.00011649, 4.278, 0.56996, 0.00017318
75, 2.5, 0.1772, 0.14937, 0.62894, 0.97222, 0.42492, 1.1899, 0.93389, 1.354, 0.6293, 0.02828, 1.115, 0.50551, 0.46123, 0.00283, 2.0236, 0.38757, 0.00229, 1.6513, 1.2568, 0.03491, 1.196, 0.96402, 1.3029, 0.5769, 0.19999, 1.5965, 2.1233, 0.51367, 0.0041522, 3.7084, 0.67529, 0.0021356, 1.7823, 1.5722, 0.050013, 1.1955, 0.93484, 0.84608, 0.4283, -0.0079428, 0.83114, 0.59217, 0.37127, -0.0030632, 1.5125, 0.22434, -0.0075386, 0.12882, 1.392, 0.03475, 1.1965, 0.99321, 1.7598, 0.7255, 0.40791, 2.3619, 3.6545, 0.65607, 0.011367, 5.9044, 1.1263, 0.01181, 3.4358, 1.7524, 0.065275, 7.9364e-08, 0.00031492, 0.077146, 0.0081616, 0.01598, 0.21651, 0.86652, 0.007495, 1.9242e-05, 1.7823, 0.075165, 3.4592e-05, 1.0106, 0.012003, 8.6101e-05, 0.41227, 0.87047, 0.56774, 0.31761, -0.07754, -1.3004, -0.50552, 0.22982, -0.010349, -0.6126, -0.22333, -0.011142, -1.4298, 0.33219, 0.028626, 1.9797, 1.0576, 2.0381, 0.83619, 0.47751, 4.4934, 4.7522, 0.79752, 0.018653, 8.0295, 1.5739, 0.015413, 4.9945, 2.8123, 0.071399, 0.22703, 0.003235, 0.19978, 0.024849, 0.028467, 3.1018, 2.5543, 0.02978, 7.7724e-05, 6.9012, 0.29847, 6.5162e-05, 3.8137, 0.56834, 0.00016906
76, 4.56, 0.32421, 0.04323, 0.2, 2.0833, 0.76092, 1.3472, 1.0454, 1.0003, 0.43989, 0.79948, 0.63351, 0.72003, 0.93319, 0.00623, 2.0348, 1.7532, 0.01031, 8.8826, 0.57549, 0.05214, 1.0051, 1.0045, 1.1105, 0.62609, 0.73967, 2.3333, 0.89438, 0.81701, 0.0045741, 4.0659, 1.0261, 0.0079983, 5.4578, 1.3285, 0.042322, 1.0047, 0.9798, 0.77855, 0.51033, 0.61454, 1.5881, -0.30637, 0.69618, -0.0014069, 2.179, 0.64406, 0.0013099, 4.1002, 1.149, 0.031339, 1.0056, 1.0292, 1.4425, 0.74185, 0.8648, 3.0786, 2.0951, 0.93784, 0.010555, 5.9529, 1.4081, 0.014687, 6.8154, 1.5081, 0.053305, 7.9364e-08, 0.00022578, 0.040738, 0.0049529, 0.0057872, 0.2053, 0.53291, 0.0053965, 1.3222e-05, 1.316, 0.053945, 1.6534e-05, 0.68122, 0.011913, 4.4585e-05, 0.22138, 0.91226, 0.4457, 0.38412, 0.51731, -0.55832, -1.5568, 0.54335, -0.0093541, -0.10657, 0.16, -0.0032908, 2.3875, 0.088604, 0.023746, 1.7888, 1.0968, 1.7754, 0.86806, 0.96203, 5.225, 3.3455, 1.0907, 0.018502, 8.2385, 1.8922, 0.019287, 8.5282, 2.5685, 0.060898, 0.22703, 0.0031458, 0.16337, 0.021641, 0.018275, 3.0906, 2.2207, 0.027681, 7.1703e-05, 6.4349, 0.27725, 4.7104e-05, 3.4843, 0.56825, 0.00012754
77, 2.5, 0.1772, 0.14937, 0.39994, 0.97222, 0.41986, 0.86088, 0.97973, 1.6511, 0.36077, 0.01922, 0.37544, 2.2462, 0.49057, 0.00383, 0.64001, 0.10414, 0.00046, 1.8291, 2.2335, 0.03008, 0.95939, 0.9759, 1.2193, 0.55886, 0.40145, 1.8113, 1.1862, 0.69253, 0.0045453, 2.2577, 0.67779, 0.0029315, 3.0711, 1.1758, 0.035551, 0.95893, 0.94808, 0.766, 0.42767, 0.20297, 1.0751, -0.26802, 0.56892, -0.002507, 0.25275, 0.23017, -0.0064857, 1.4747, 0.99872, 0.02246, 0.95986, 1.0037, 1.6727, 0.69005, 0.59993, 2.5474, 2.6404, 0.81615, 0.011598, 4.2626, 1.1254, 0.012349, 4.6676, 1.3528, 0.048641, 7.9364e-08, 0.00028613, 0.075959, 0.0063609, 0.014561, 0.2003, 0.78164, 0.0056478, 1.8383e-05, 1.4857, 0.074058, 3.2778e-05, 0.94201, 0.011588, 6.3336e-05, 0.17566, 0.88276, 0.48632, 0.30914, 0.13093, -1.0781, -1.3986, 0.41763, -0.0098755, -1.9695, -0.21917, -0.01016, -0.11202, -0.063796, 0.015656, 1.7431, 1.069, 1.9523, 0.80858, 0.67197, 4.7006, 3.771, 0.96744, 0.018966, 6.4848, 1.5747, 0.016023, 6.2543, 2.4154, 0.055445, 0.22703, 0.0032062, 0.1986, 0.023049, 0.027049, 3.0856, 2.4694, 0.027932, 7.6864e-05, 6.6046, 0.29737, 6.3348e-05, 3.7451, 0.56793, 0.00014629
78, 1.5, 0.12975, 0.1397, 0.3332, 0.9697, 0.50471, 0.17717, 0.96432, 0.58978, 0.9131, 0.03206, 2.1719, 0.8805, 0.99635, 0.01558, 4.1445, 0.31675, 0.00676, 4.9521, 0.96827, 0.03542, 0.82572, 1.0013, 1.1635, 0.64846, 0.32396, 1.9734, 2.4388, 0.76808, 0.0043787, 1.8355, 0.77427, 0.0066998, 3.1728, 1.0959, 0.045127, 0.82525, 0.9738, 0.70593, 0.51315, 0.078166, 1.1189, 0.93761, 0.63483, -0.0026773, -0.41545, 0.26819, -0.0081428, 1.1063, 0.90906, 0.02683, 0.82618, 1.0287, 1.6211, 0.78378, 0.56975, 2.828, 3.94, 0.90134, 0.011435, 4.0864, 1.2804, 0.021542, 5.2393, 1.2828, 0.063425, 7.9365e-08, 0.00027879, 0.077397, 0.0067674, 0.02233, 0.26991, 0.83293, 0.0065633, 1.8402e-05, 1.8727, 0.094663, 8.1427e-05, 1.5783, 0.012908, 0.00012375, 0.041988, 0.90823, 0.42787, 0.39655, 0.017038, -0.9483, -0.17271, 0.48871, -0.010044, -2.5138, -0.15324, -0.010707, -0.27018, -0.14508, 0.021479, 1.6094, 1.0943, 1.8992, 0.90037, 0.63088, 4.8952, 5.0503, 1.0475, 0.018801, 6.1847, 1.7018, 0.024107, 6.6158, 2.337, 0.068775, 0.22703, 0.0031988, 0.20003, 0.023455, 0.034818, 3.1552, 2.5207, 0.028848, 7.6883e-05, 6.9916, 0.31797, 0.000112, 4.3814, 0.56925, 0.0002067
79, 4, 0.23445, 0.11054, 0.22306, 1.95, 0.34281, 1.9712, 0.95122, 1.9752, 0.45769, 0.47944, 0.95186, 1.1925, 0.80103, 0.01336, 2.494, 0.19204, 0.00991, 6.6832, 0.56914, 0.05217, 1.0978, 1.0055, 1.5583, 0.47336, 0.46667, 1.3285, 0.76139, 0.75367, 0.0026438, 4.3025, 0.78899, 0.0054982, 3.4964, 1.0584, 0.060165, 1.0973, 0.98017, 1.1481, 0.36303, 0.26139, 0.72421, -0.84339, 0.62513, -0.0034391, 2.2369, 0.25704, -0.0073955, 1.9142, 0.87487, 0.044534, 1.0982, 1.0308, 1.9686, 0.5837, 0.67196, 1.9328, 2.3662, 0.88221, 0.0087266, 6.3681, 1.3209, 0.018392, 5.0786, 1.242, 0.075797, 7.9364e-08, 0.00023708, 0.062198, 0.0044996, 0.015577, 0.13497, 0.95187, 0.0061067, 1.3676e-05, 1.577, 0.10459, 6.1446e-05, 0.92526, 0.012454, 9.0313e-05, 0.31404, 0.91307, 0.85118, 0.23394, 0.19112, -1.5301, -1.911, 0.47651, -0.011329, 0.04621, -0.15289, -0.01028, 0.32037, -0.18209, 0.038514, 1.8815, 1.0979, 2.2655, 0.71279, 0.74223, 4.1871, 3.4338, 1.0308, 0.016616, 8.5588, 1.7309, 0.021276, 6.6724, 2.299, 0.081817, 0.22703, 0.0031571, 0.18483, 0.021187, 0.028064, 3.0203, 2.6397, 0.028391, 7.2157e-05, 6.696, 0.3279, 9.2016e-05, 3.7284, 0.56879, 0.00017327
80, 3.0049, 0.1623, 0.05357, 0.04951, 1.3368, 0.45659, 0.12861, 0.95373, 1.9007, 0.45028, 0.44392, 1.8979, 1.1693, 0.91859, 6e-05, 5.5055, 0.94696, 0.00129, 5.322, 0.50906, 0.03373, 0.94954, 1.0185, 1.0459, 0.40589, 0.47092, 1.3801, 1.1451, 0.76589, 0.004102, 5.2556, 0.54351, 0.0089969, 6.0957, 0.72487, 0.034387, 0.94908, 0.99385, 0.71198, 0.30409, 0.34884, 0.79157, 0.061006, 0.65109, -0.0016052, 3.4298, 0.16047, 0.0024567, 4.8132, 0.55676, 0.023978, 0.95, 1.0432, 1.3799, 0.5077, 0.593, 1.9687, 2.2291, 0.88069, 0.0098092, 7.0814, 0.92656, 0.015537, 7.3783, 0.89299, 0.044796, 7.9364e-08, 0.00022459, 0.04122, 0.0038307, 0.0055087, 0.12803, 0.43437, 0.004871, 1.2039e-05, 1.2321, 0.054231, 1.581e-05, 0.60797, 0.010446, 4.0047e-05, 0.16581, 0.92626, 0.38011, 0.17028, 0.25026, -1.4752, -1.2511, 0.49483, -0.0097109, 1.1103, -0.32303, -0.002205, 3.0578, -0.51346, 0.016144, 1.7333, 1.1107, 1.7117, 0.64151, 0.69158, 4.2354, 3.5412, 1.0369, 0.017915, 9.4008, 1.4101, 0.020199, 9.1336, 1.9632, 0.052629, 0.22703, 0.0031446, 0.16386, 0.020519, 0.017996, 3.0133, 2.1222, 0.027156, 7.052e-05, 6.351, 0.27754, 4.638e-05, 3.4111, 0.56679, 0.000123
81, 4, 0.20693, 0.04168, 0.03201, 1.8518, 0.4529, 1.5755, 1.056, 0.89908, 0.38729, 0.48467, 0.20197, 1.543, 0.9732, 0.00222, 4.0266, 0.37408, 0.00188, 3.5715, 0.38483, 0.07329, 1.0339, 1.0188, 1.2462, 0.37813, 0.58951, 1.3756, 0.96292, 0.79636, 0.0036857, 6.5911, 0.4758, 0.0021903, 4.9119, 0.90115, 0.044391, 1.0334, 0.99216, 0.90206, 0.27252, 0.44498, 0.73011, -0.14566, 0.68035, -0.0022517, 4.6112, 0.047841, -0.0054026, 3.4363, 0.71877, 0.033025, 1.0344, 1.0455, 1.5903, 0.48375, 0.73405, 2.021, 2.0715, 0.91238, 0.0096232, 8.571, 0.90375, 0.0097832, 6.3876, 1.0835, 0.055756, 7.9364e-08, 0.000263, 0.043765, 0.0041227, 0.0077214, 0.15398, 0.45423, 0.0049747, 1.303e-05, 1.4489, 0.067693, 2.1309e-05, 0.80486, 0.012294, 4.7742e-05, 0.25017, 0.92603, 0.5752, 0.14085, 0.35568, -1.492, -1.4444, 0.52479, -0.010224, 2.3757, -0.41151, -0.009657, 1.7876, -0.33919, 0.025586, 1.8176, 1.1116, 1.9171, 0.61542, 0.82334, 4.2431, 3.3703, 1.0679, 0.017595, 10.806, 1.3631, 0.014038, 8.0363, 2.1415, 0.063195, 0.22703, 0.0031831, 0.1664, 0.020811, 0.020209, 3.0393, 2.142, 0.027259, 7.1511e-05, 6.5678, 0.291, 5.1879e-05, 3.608, 0.56863, 0.0001307
82, 4, 0.14463, 0.03544, 0.1, 2.0238, 0.48658, 1.7688, 0.99574, 1.7978, 0.4421, 0.51461, 0.68442, 1.3253, 0.9568, 0.00108, 3.0653, 1.1647, 0.00447, 6.2193, 0.42351, 0.05154, 1.0339, 1.0326, 1.1998, 0.46282, 0.47468, 1.4413, 1.0277, 0.71692, 0.0023884, 4.2235, 0.61351, 0.0086482, 3.991, 1.2162, 0.058866, 1.0334, 1.0093, 0.77293, 0.35647, 0.27974, 0.78627, -0.36031, 0.59167, -0.0030836, 1.9259, 0.095325, -0.0052056, 2.2241, 1.0329, 0.042857, 1.0344, 1.056, 1.6267, 0.56917, 0.66962, 2.0964, 2.4158, 0.84217, 0.0078605, 6.521, 1.1317, 0.022502, 5.7578, 1.3995, 0.074875, 7.9364e-08, 0.00020147, 0.067348, 0.0041807, 0.014046, 0.1586, 0.7121, 0.0057984, 1.1068e-05, 1.9511, 0.099248, 7.0939e-05, 1.1539, 0.012422, 9.4727e-05, 0.25017, 0.94071, 0.48285, 0.22521, 0.20675, -1.4284, -1.5204, 0.44128, -0.011329, -0.15011, -0.32066, -0.0079239, 0.71899, -0.024287, 0.036941, 1.8176, 1.1245, 1.9167, 0.70043, 0.74262, 4.311, 3.5759, 0.99256, 0.016106, 8.5971, 1.5477, 0.02522, 7.2629, 2.4567, 0.080791, 0.22703, 0.0031215, 0.18998, 0.020869, 0.026534, 3.0439, 2.3999, 0.028083, 6.9549e-05, 7.07, 0.32256, 0.00010151, 3.957, 0.56876, 0.00017768
83, 4.6981, 0.13859, 0.04387, 0, 0.84667, 0.19799, 0.88921, 0.9291, 1.1908, 0.25829, 0.22153, 0.77163, 1.44, 0.9526, 0.0001, 3.549, 0.21347, 0.00111, 4.5144, 0.42595, 0.04593, 1.0795, 1.0261, 1.0954, 0.36404, 0.49021, 1.1083, 0.75761, 0.83702, 0.0074148, 5.6995, 0.82689, 0.0067489, 6.547, 0.86678, 0.05704, 1.079, 1.0006, 0.73026, 0.25194, 0.32603, 0.396, -0.76818, 0.70868, 0.0018675, 3.3573, 0.32192, -0.0043381, 4.8986, 0.688, 0.040168, 1.08, 1.0516, 1.4606, 0.47614, 0.6544, 1.8207, 2.2834, 0.96535, 0.012962, 8.0417, 1.3319, 0.017836, 8.1953, 1.0456, 0.073912, 7.9364e-08, 0.00024016, 0.04929, 0.0046445, 0.0099631, 0.18755, 0.86048, 0.0060877, 1.1374e-05, 2.0276, 0.094249, 4.5434e-05, 1.0042, 0.011814, 0.00010521, 0.29578, 0.93367, 0.41342, 0.1238, 0.24376, -1.775, -1.8681, 0.55996, -0.0063328, 1.3023, -0.10002, -0.0075909, 3.3375, -0.37305, 0.034477, 1.8632, 1.1186, 1.7775, 0.60428, 0.73667, 3.9917, 3.3833, 1.1141, 0.021162, 10.097, 1.7538, 0.021089, 9.7565, 2.1066, 0.079603, 0.22703, 0.0031602, 0.17193, 0.021332, 0.022451, 3.0728, 2.5483, 0.028372, 6.9855e-05, 7.1465, 0.31756, 7.6003e-05, 3.8073, 0.56815, 0.00018817
84, 2.1818, 0.16255, 0.08371, 0.214, 1.0417, 0.52392, 0.89294, 0.97718, 1.2364, 0.44438, 0.33975, 0.81104, 1.2038, 0.56662, 0.02108, 1.2338, 0.66865, 0.00825, 5.1722, 0.76619, 0.04885, 0.93545, 1.0087, 1.0533, 0.67338, 0.39562, 2.0028, 0.96282, 0.65135, 0.0086687, 4.3319, 0.68542, 0.0041594, 3.1812, 0.97943, 0.048133, 0.93499, 0.9844, 0.6494, 0.57714, 0.20579, 1.3517, -0.08141, 0.54096, 0.0029432, 2.4722, 0.23282, -0.0065211, 1.5805, 0.80667, 0.034742, 0.93591, 1.033, 1.4572, 0.76963, 0.58545, 2.654, 2.0071, 0.76175, 0.014394, 6.1916, 1.138, 0.01484, 4.7819, 1.1522, 0.061524, 7.9364e-08, 0.00021867, 0.060302, 0.0034237, 0.013319, 0.15672, 0.40303, 0.0045044, 1.2116e-05, 1.2783, 0.075714, 4.2162e-05, 0.94703, 0.011031, 6.6281e-05, 0.15172, 0.91657, 0.3498, 0.44012, 0.13138, -0.866, -1.4156, 0.38213, -0.0051517, 0.17166, -0.21404, -0.0098685, -0.0040823, -0.25954, 0.028039, 1.7192, 1.1009, 1.7568, 0.90665, 0.65986, 4.8717, 3.3412, 0.92057, 0.022489, 8.4922, 1.5849, 0.018187, 6.3665, 2.2184, 0.068227, 0.22703, 0.0031387, 0.18294, 0.020112, 0.025806, 3.042, 2.0908, 0.026789, 7.0598e-05, 6.3972, 0.29902, 7.2732e-05, 3.7501, 0.56737, 0.00014924
85, 5.4951, 0.18313, 0.04428, 0.26576, 2.2281, 0.41515, 1.1184, 1.0798, 1.1035, 0.66249, 0.42974, 1.2357, 0.26638, 0.67189, 0.00121, 8.086, 1.3222, 0.02083, 7.9834, 0.74892, 0.04648, 1.2435, 1.0253, 1.4602, 0.53772, 0.3685, 1.775, 0.78562, 0.60236, 0.0073282, 2.8522, 0.64282, 0.02011, 4.3452, 1.6519, 0.052696, 1.243, 0.99936, 1.0974, 0.43296, 0.2143, 0.96748, -0.33474, 0.48153, 0.0013132, 0.8822, 0.1929, 0.011411, 2.6415, 1.4607, 0.040805, 1.2439, 1.0513, 1.8229, 0.64249, 0.5227, 2.5826, 1.906, 0.7232, 0.013343, 4.8222, 1.0927, 0.028808, 6.0489, 1.8431, 0.064587, 7.9365e-08, 0.00024952, 0.048634, 0.004057, 0.0087887, 0.24103, 0.46393, 0.0053969, 1.3373e-05, 1.4344, 0.07482, 2.7963e-05, 1.0729, 0.01351, 5.2265e-05, 0.45972, 0.93274, 0.77943, 0.30082, 0.12858, -1.1333, -1.6272, 0.3287, -0.0066147, -1.3586, -0.25529, 0.0075252, 1.1069, 0.41025, 0.033569, 2.0272, 1.1179, 2.1409, 0.77463, 0.60843, 4.6834, 3.1984, 0.87603, 0.021271, 7.0629, 1.5409, 0.032694, 7.5835, 2.8936, 0.071823, 0.22703, 0.0031696, 0.17127, 0.020745, 0.021276, 3.1263, 2.1517, 0.027682, 7.1854e-05, 6.5533, 0.29813, 5.8533e-05, 3.876, 0.56985, 0.00013522
86, 6.5574, 0.12536, 0.07885, 0.13961, 0.88496, 0.18522, 1.0637, 1.0594, 0.53823, 0.58288, 0.62286, 1.9736, 0.46374, 0.76149, 0.00056, 4.3636, 0.72288, 0.00637, 5.6036, 0.61502, 0.06222, 0.99453, 1.0281, 1.1048, 0.46364, 0.51707, 1.8645, 1.062, 0.75293, 0.0026267, 4.4244, 0.71578, 0.01388, 3.9871, 1.4253, 0.063334, 0.99407, 1.0023, 0.65152, 0.31186, 0.28086, 1.1332, -0.44399, 0.61583, -0.0040804, 2.0003, 0.24325, 0.0033959, 2.45, 1.2391, 0.044409, 0.99499, 1.0539, 1.5581, 0.61541, 0.75328, 2.5957, 2.568, 0.89003, 0.0093338, 6.8486, 1.1883, 0.024364, 5.5242, 1.6116, 0.082259, 7.9365e-08, 0.00024511, 0.075951, 0.0085142, 0.020622, 0.19765, 0.8383, 0.0069475, 1.6627e-05, 2.1721, 0.082527, 4.0627e-05, 0.87324, 0.012821, 0.00013238, 0.2108, 0.93556, 0.37183, 0.20252, 0.21777, -1.0236, -1.5523, 0.4717, -0.011628, -0.016966, -0.19387, 1.1495e-06, 0.8333, 0.18439, 0.039197, 1.7783, 1.1206, 1.8378, 0.72476, 0.81637, 4.7525, 3.6763, 1.0342, 0.016882, 8.8658, 1.6254, 0.027759, 7.1409, 2.6662, 0.087471, 0.22703, 0.0031652, 0.19859, 0.025202, 0.03311, 3.0829, 2.5261, 0.029232, 7.5109e-05, 7.291, 0.30583, 7.1197e-05, 3.6763, 0.56916, 0.00021533
87, 3.5, 0.39435, 0.10278, 0.20989, 1.3757, 0.54613, 1.3573, 1.0758, 0.51689, 0.58708, 0.48509, 1.0719, 0.72147, 0.89135, 0.00032, 7.7913, 1.1948, 0.01131, 5.29, 0.40646, 0.05681, 1.07, 1.0167, 0.9598, 0.50524, 0.51772, 1.6562, 0.72262, 0.82997, 0.0035587, 5.5581, 0.59311, 0.004372, 5.345, 0.68868, 0.05585, 1.0696, 0.99144, 0.5971, 0.40062, 0.37641, 0.93844, -0.32566, 0.70223, -0.0028777, 3.4962, 0.19957, -0.003011, 3.97, 0.51279, 0.040826, 1.0705, 1.042, 1.3225, 0.60986, 0.65903, 2.374, 1.7709, 0.9577, 0.0099952, 7.6201, 0.98664, 0.011755, 6.7199, 0.86457, 0.070874, 7.9364e-08, 0.00023575, 0.048623, 0.0040457, 0.0073802, 0.19043, 0.40616, 0.0060304, 1.5312e-05, 1.5714, 0.057243, 2.0147e-05, 0.69871, 0.011435, 8.3428e-05, 0.2863, 0.9243, 0.2791, 0.2684, 0.28587, -1.2285, -1.6576, 0.55319, -0.010571, 1.3036, -0.27812, -0.0073419, 2.2669, -0.55073, 0.034633, 1.8538, 1.1091, 1.6405, 0.74209, 0.74957, 4.5409, 3.1028, 1.1067, 0.017689, 9.8127, 1.4643, 0.016086, 8.423, 1.9281, 0.077067, 0.22703, 0.0031558, 0.17126, 0.020734, 0.019868, 3.0757, 2.094, 0.028315, 7.3793e-05, 6.6903, 0.28055, 5.0717e-05, 3.5018, 0.56777, 0.00016638
88, 2.8571, 0.43878, 0.13183, 0.15306, 0.83333, 0.56356, 0.7385, 0.97373, 1.6128, 0.38523, 0.54651, 0.82695, 0.39863, 0.81177, 0.00046, 4.6613, 1.7417, 0.00407, 5.0189, 0.41883, 0.04296, 0.90777, 1.0149, 1.2313, 0.46018, 0.43709, 1.9517, 0.83694, 0.80228, 0.0051774, 6.7023, 0.64146, 0.0050153, 3.9938, 0.35037, 0.047088, 0.90731, 0.98447, 0.77781, 0.34239, 0.19376, 1.2853, -0.7399, 0.66792, -0.0017891, 4.528, 0.10585, -0.010272, 1.9585, 0.16493, 0.030677, 0.90824, 1.0454, 1.6849, 0.57797, 0.68041, 2.6181, 2.4138, 0.93663, 0.012144, 8.8766, 1.1771, 0.020302, 6.029, 0.5358, 0.0635, 7.9364e-08, 0.00034252, 0.076028, 0.0051282, 0.021884, 0.16412, 0.91901, 0.0066721, 1.7938e-05, 1.7474, 0.10603, 8.6376e-05, 1.531, 0.01271, 9.9549e-05, 0.12404, 0.92096, 0.49821, 0.21723, 0.13214, -0.92063, -1.8188, 0.52238, -0.0092016, 2.3922, -0.30249, -0.012772, 0.56942, -0.89043, 0.024867, 1.6915, 1.1089, 1.9645, 0.70312, 0.74204, 4.8241, 3.4926, 1.0822, 0.019556, 11.012, 1.5854, 0.022803, 7.4181, 1.5912, 0.069309, 0.22703, 0.0032626, 0.19866, 0.021816, 0.034372, 3.0494, 2.6068, 0.028957, 7.6419e-05, 6.8663, 0.32934, 0.00011695, 4.3341, 0.56905, 0.0001825
89, 4.7, 0.41303, 0.08776, 0.4617, 1.9192, 0.52352, 1.9273, 1.0065, 1.9418, 0.63449, 0.58351, 1.2537, 0.6942, 0.94268, 6e-05, 6.5153, 0.04537, 0.00219, 2.908, 1.3303, 0.03907, 1.4349, 1.0317, 1.541, 0.45851, 0.5562, 1.7351, 0.6973, 0.73391, 0.0038943, 6.0496, 0.60417, 0.0069788, 3.0799, 1.3043, 0.068601, 1.4344, 1.0019, 1.1735, 0.34868, 0.3727, 1.0484, -0.5384, 0.60852, -0.0023733, 3.9877, 0.13654, -0.004176, 1.4956, 1.121, 0.05654, 1.4353, 1.0616, 1.9085, 0.56833, 0.7397, 2.4218, 1.933, 0.85931, 0.010162, 8.1115, 1.0718, 0.018134, 4.6641, 1.4876, 0.080662, 7.9364e-08, 0.00032919, 0.049928, 0.0044579, 0.012446, 0.17431, 0.56438, 0.0058119, 1.4519e-05, 1.5713, 0.080827, 4.5991e-05, 0.92762, 0.012418, 5.3766e-05, 0.65112, 0.93798, 0.85773, 0.21932, 0.29647, -1.142, -1.7712, 0.4582, -0.010159, 1.7951, -0.30294, -0.0074135, -0.097187, 0.063811, 0.049368, 2.2186, 1.1255, 2.2243, 0.6977, 0.81593, 4.6123, 3.1658, 1.0096, 0.017948, 10.304, 1.5113, 0.021371, 6.2569, 2.5448, 0.087834, 0.22703, 0.0032492, 0.17256, 0.021146, 0.024934, 3.0596, 2.2522, 0.028097, 7.3001e-05, 6.6902, 0.30413, 7.6561e-05, 3.7307, 0.56876, 0.00013672
90, 2, 0.14601, 0.09329, 0.19249, 0.91398, 0.52222, 0.86583, 1.0272, 0.54199, 0.60177, 0.21864, 1.4577, 0.61431, 0.6144, 0.001, 6.8509, 0.44848, 0.00547, 2.4472, 0.28274, 0.049, 0.85193, 1.0074, 1.1996, 0.62834, 0.3912, 2.0528, 1.3855, 0.64577, 0.0082412, 4.3362, 0.64787, 0.0059058, 3.9318, 0.958, 0.046103, 0.85147, 0.98322, 0.78844, 0.52103, 0.18902, 1.403, 0.20845, 0.52422, 0.0023215, 2.4159, 0.19063, -0.0048927, 2.344, 0.78242, 0.032712, 0.85239, 1.0316, 1.6108, 0.73565, 0.59338, 2.7026, 2.5625, 0.76731, 0.014161, 6.2565, 1.1051, 0.016704, 5.5196, 1.1336, 0.059495, 7.9364e-08, 0.00021607, 0.062496, 0.0042563, 0.015109, 0.15606, 0.51206, 0.0054599, 1.2952e-05, 1.363, 0.077274, 4.3099e-05, 0.93185, 0.011395, 6.6281e-05, 0.068199, 0.91529, 0.49191, 0.39029, 0.11795, -0.81572, -1.0541, 0.37179, -0.0056608, 0.14846, -0.25392, -0.0082121, 0.75298, -0.28136, 0.02601, 1.6357, 1.0995, 1.9074, 0.86638, 0.66445, 4.9214, 3.8251, 0.91974, 0.022143, 8.5239, 1.5497, 0.020024, 7.1107, 2.1974, 0.066197, 0.22703, 0.0031361, 0.18513, 0.020944, 0.027597, 3.0414, 2.1999, 0.027745, 7.1434e-05, 6.4819, 0.30058, 7.3669e-05, 3.735, 0.56773, 0.00014924
91, 3, 0.19839, 0.09253, 0.29999, 1.25, 0.46631, 0.91298, 0.99747, 1.429, 0.46589, 0.33976, 0.11565, 1.2037, 0.99874, 0.00307, 0.88585, 1.8769, 0.00231, 3.9451, 0.63878, 0.03972, 1.0728, 0.99657, 1.0912, 0.63056, 0.52392, 1.4842, 2.1763, 0.78928, 0.0075381, 2.1827, 0.59614, 0.0051812, 5.326, 1.0557, 0.039145, 1.0724, 0.97131, 0.77094, 0.52286, 0.39604, 0.91427, 1.0819, 0.67525, 0.0017292, 0.32087, 0.2139, -0.0014016, 4.1675, 0.88653, 0.028252, 1.0733, 1.0218, 1.4115, 0.73826, 0.65179, 2.0541, 3.2708, 0.9033, 0.013347, 4.0446, 0.97837, 0.011764, 6.4845, 1.2249, 0.050037, 7.9364e-08, 0.0002358, 0.037911, 0.0042875, 0.0060437, 0.12005, 0.44273, 0.0048057, 1.2472e-05, 1.2813, 0.054002, 1.6017e-05, 0.49607, 0.010581, 4.3852e-05, 0.28909, 0.90417, 0.43214, 0.39234, 0.3, -1.3673, -0.22455, 0.51855, -0.0063171, -1.9785, -0.27005, -0.0060456, 2.3384, -0.18274, 0.020622, 1.8565, 1.089, 1.7503, 0.86878, 0.74783, 4.3357, 4.5772, 1.06, 0.021393, 6.344, 1.4623, 0.016408, 8.3137, 2.2942, 0.057667, 0.22703, 0.0031559, 0.16055, 0.020975, 0.018531, 3.0053, 2.1305, 0.02709, 7.0953e-05, 6.4002, 0.27731, 4.6586e-05, 3.2992, 0.56692, 0.00012681
92, 4.56, 0.08105, 0.08646, 0.3, 1.0417, 0.27718, 1.1226, 1.0057, 1.3549, 0.72541, 0.81134, 1.2129, 1.1694, 0.83202, 0.00477, 2.1555, 0.56328, 0.01399, 9.6799, 0.75003, 0.04299, 1.0781, 1.0321, 1.1607, 0.57765, 0.47201, 1.4439, 0.8547, 0.726, 0.006546, 2.929, 0.73736, 0.021629, 6.2425, 1.5196, 0.057129, 1.0777, 1.0071, 0.81969, 0.45215, 0.3403, 0.81254, -0.29216, 0.60266, 0.0005161, 0.8887, 0.32406, 0.014344, 4.8234, 1.3409, 0.045575, 1.0786, 1.0571, 1.5017, 0.70315, 0.60371, 2.0752, 2.0016, 0.84933, 0.012576, 4.9693, 1.1506, 0.028914, 7.6616, 1.6982, 0.068684, 7.9364e-08, 0.00023069, 0.042982, 0.0058215, 0.006411, 0.14733, 0.48615, 0.0056224, 1.3439e-05, 1.5386, 0.063133, 1.9617e-05, 0.74432, 0.011799, 4.9345e-05, 0.2944, 0.93979, 0.49131, 0.33087, 0.24588, -1.4205, -1.5705, 0.45122, -0.0074033, -1.3151, -0.14297, 0.0099764, 3.1445, 0.27975, 0.03821, 1.8619, 1.1244, 1.8301, 0.82443, 0.69813, 4.3083, 3.2799, 1.0008, 0.020495, 7.1731, 1.6177, 0.033282, 9.3405, 2.7594, 0.076049, 0.22703, 0.0031507, 0.16562, 0.022509, 0.018899, 3.0326, 2.1739, 0.027907, 7.192e-05, 6.6575, 0.28644, 5.0187e-05, 3.5474, 0.56814, 0.0001323
93, 6.2215, 0.12155, 0.01628, 0.09479, 2.0833, 0.31572, 1.9871, 0.958, 1.7262, 0.37289, 0.5704, 0.66887, 0.45233, 0.68311, 1e-05, 9.065, 0.79542, 0.00212, 1.375, 1.7917, 0.08933, 1.1744, 1.0486, 1.2964, 0.3866, 0.52891, 1.5921, 1.0933, 0.78924, 0.003347, 3.8378, 0.56409, 0.0089061, 3.708, 1.5841, 0.075494, 1.1739, 1.0232, 0.91571, 0.27118, 0.36737, 0.83594, -0.4728, 0.65678, -0.0030157, 1.602, 0.11312, -0.0015409, 2.1227, 1.3944, 0.060838, 1.1748, 1.0739, 1.677, 0.50202, 0.69045, 2.3484, 2.6594, 0.9217, 0.0097098, 6.0736, 1.0151, 0.019353, 5.2933, 1.7738, 0.09015, 7.9365e-08, 0.00023702, 0.053558, 0.0049238, 0.0096452, 0.21136, 0.90656, 0.0064847, 1.4963e-05, 1.8476, 0.07517, 4.0339e-05, 0.9289, 0.013305, 7.9394e-05, 0.39063, 0.95613, 0.60594, 0.14479, 0.2842, -1.3024, -1.556, 0.51025, -0.010749, -0.50365, -0.33454, -0.0049448, 0.53044, 0.34264, 0.054536, 1.9581, 1.141, 1.9868, 0.62841, 0.77362, 4.4866, 3.7427, 1.0682, 0.017443, 8.1793, 1.4627, 0.022757, 6.8856, 2.8255, 0.096452, 0.22703, 0.0031571, 0.17619, 0.021612, 0.022133, 3.0967, 2.5943, 0.028769, 7.3445e-05, 6.9666, 0.29848, 7.0909e-05, 3.732, 0.56964, 0.00016235
94, 4, 0.31953, 0.09037, 0.61304, 1.25, 0.37617, 1.7054, 0.98478, 1.0337, 0.39835, 0.48384, 0.99153, 1.1387, 0.52236, 0.00254, 8.6989, 0.10625, 0.00588, 1.3954, 1.5152, 0.07813, 1.6122, 1.0086, 1.5818, 0.39288, 0.42125, 1.0394, 1.4581, 0.52689, 0.0051542, 4.7118, 0.73808, 0.0051244, 2.476, 1.4478, 0.066344, 1.6118, 0.97585, 1.1203, 0.24043, 0.16336, 0.36021, -0.1089, 0.37603, -0.0019233, 2.2494, 0.22839, -0.0089958, 0.63433, 1.2659, 0.047791, 1.6127, 1.0414, 2.0432, 0.54534, 0.67914, 1.7185, 3.0252, 0.67774, 0.012232, 7.1743, 1.2478, 0.019245, 4.3176, 1.6297, 0.084897, 7.9364e-08, 0.00039712, 0.078708, 0.0085905, 0.024581, 0.17048, 0.90762, 0.0084117, 1.8514e-05, 2.2412, 0.096021, 7.3693e-05, 1.2536, 0.012234, 0.00012723, 0.8285, 0.91389, 0.84369, 0.13137, 0.10456, -1.836, -1.1918, 0.2387, -0.0092789, 0.24942, -0.19141, -0.011671, -0.83696, 0.20753, 0.042498, 2.396, 1.1034, 2.3198, 0.6544, 0.73794, 3.9147, 4.108, 0.81507, 0.019587, 9.1743, 1.6676, 0.02192, 5.7889, 2.6881, 0.090191, 0.22703, 0.0033172, 0.20134, 0.025278, 0.037069, 3.0558, 2.5954, 0.030696, 7.6996e-05, 7.3601, 0.31933, 0.00010426, 4.0567, 0.56857, 0.00021018
95, 4, 0.44611, 0.06497, 0.07227, 0.82812, 0.53178, 1.4487, 1.0955, 0.71607, 0.40972, 0.62801, 0.91995, 0.44166, 0.70632, 0.00016, 5.3266, 0.89327, 0.02218, 7.3772, 0.48554, 0.05473, 1.1035, 1.0175, 1.3938, 0.23734, 0.51813, 1.5851, 1.2165, 0.799, 0.010353, 5.5637, 0.58789, 0.0060059, 5.4631, 0.40909, 0.06145, 1.1031, 0.98632, 0.93393, 0.11655, 0.2537, 0.88521, -0.35541, 0.65715, 0.0032736, 3.4177, 0.051097, -0.009151, 3.3718, 0.22461, 0.043573, 1.104, 1.0487, 1.8537, 0.35814, 0.78256, 2.285, 2.7884, 0.94084, 0.017433, 7.7097, 1.1247, 0.021163, 7.5544, 0.59357, 0.079327, 7.9364e-08, 0.00035971, 0.078167, 0.005393, 0.025845, 0.18106, 0.91326, 0.0074367, 1.8526e-05, 1.7022, 0.1065, 8.4911e-05, 1.6166, 0.012579, 0.00011812, 0.31979, 0.92332, 0.65673, -0.0070758, 0.19609, -1.2952, -1.4363, 0.51543, -0.0040808, 1.2678, -0.35674, -0.01167, 2.0051, -0.83157, 0.038125, 1.8872, 1.1117, 2.1309, 0.48176, 0.84017, 4.4654, 3.8693, 1.0826, 0.024788, 9.8596, 1.5325, 0.023682, 8.9211, 1.6497, 0.084774, 0.22703, 0.0032798, 0.2008, 0.022081, 0.038332, 3.0664, 2.6011, 0.029721, 7.7008e-05, 6.8211, 0.32981, 0.00011548, 4.4197, 0.56892, 0.00020108
96, 4, 0.29084, 0.13792, 0.19995, 1.1111, 0.3202, 0.76228, 1.0008, 1.8738, 0.46773, 0.68187, 1.5374, 0.92981, 0.90979, 0.00016, 2.1547, 0.93272, 0.00149, 3.0302, 0.68581, 0.05544, 0.98595, 0.98377, 1.4993, 0.44424, 0.551, 1.4149, 0.76579, 0.82875, 0.0026185, 5.2135, 0.82144, 0.007143, 5.0609, 0.79085, 0.057386, 0.98549, 0.95918, 1.1979, 0.35005, 0.43901, 0.78378, -0.21584, 0.72767, -0.0028798, 3.5366, 0.45629, 0.00157, 3.8109, 0.61233, 0.048401, 0.98641, 1.0084, 1.8007, 0.53844, 0.663, 2.046, 1.7474, 0.92983, 0.0081168, 6.8905, 1.1866, 0.012716, 6.3108, 0.96937, 0.066371, 7.9364e-08, 0.00022351, 0.033579, 0.0032793, 0.0046362, 0.14722, 0.35615, 0.0037763, 1.1174e-05, 1.0394, 0.049281, 1.1479e-05, 0.57748, 0.011779, 2.984e-05, 0.20222, 0.89155, 0.84916, 0.21182, 0.33576, -1.4495, -1.5858, 0.56322, -0.011109, 1.1317, -0.037343, -0.0035232, 2.0366, -0.44894, 0.039917, 1.7697, 1.076, 2.1494, 0.67667, 0.76625, 4.2793, 3.1174, 1.0943, 0.016346, 9.2954, 1.6802, 0.017809, 8.0852, 2.0306, 0.074855, 0.22703, 0.0031436, 0.15621, 0.019967, 0.017124, 3.0325, 2.0439, 0.026061, 6.9655e-05, 6.1583, 0.27259, 4.2049e-05, 3.3806, 0.56812, 0.00011279
97, 6.0393, 0.11432, 0.0632, 0.45002, 1.3864, 0.32467, 1.7004, 1.0193, 1.1423, 0.94583, 0.25611, 1.3654, 0.36406, 0.79702, 0.00041, 9.4, 1.971, 0.01449, 4.4592, 4.2956, 0.05111, 1.2858, 1.0263, 1.1629, 0.61109, 0.40652, 1.6863, 1.4345, 0.58239, 0.0039383, 5.0572, 0.73468, 0.012231, 2.5342, 2.06, 0.065176, 1.2853, 1.0006, 0.71836, 0.47237, 0.15449, 0.88995, -0.1054, 0.44356, -0.0027103, 2.8058, 0.21712, -0.0015655, 0.625, 1.8678, 0.046799, 1.2863, 1.0521, 1.6074, 0.74981, 0.65855, 2.4826, 2.9743, 0.72122, 0.010587, 7.3086, 1.2522, 0.026028, 4.4434, 2.2522, 0.083554, 7.9365e-08, 0.0002458, 0.073033, 0.0071124, 0.023478, 0.23438, 0.87643, 0.0071235, 1.6338e-05, 1.8735, 0.099006, 7.0353e-05, 1.3473, 0.013654, 0.00012483, 0.50207, 0.93379, 0.43528, 0.35733, 0.094584, -1.219, -1.1995, 0.30032, -0.010289, 0.70769, -0.19915, -0.0042932, -0.81676, 0.81813, 0.041466, 2.0695, 1.1189, 1.8905, 0.86485, 0.71846, 4.5915, 4.0684, 0.86447, 0.018166, 9.4067, 1.6685, 0.028755, 5.8852, 3.3018, 0.088886, 0.22703, 0.0031659, 0.19567, 0.0238, 0.035965, 3.1197, 2.5642, 0.029408, 7.4819e-05, 6.9924, 0.32231, 0.00010092, 4.1504, 0.56999, 0.00020778
98, 6.5574, 0.10993, 0.11064, 0.37139, 1.1799, 0.1906, 0.51055, 1.0441, 1.8096, 0.61252, 0.27059, 1.6937, 1.3049, 0.60625, 2e-05, 5.3413, 1.0398, 0.01325, 1.4627, 3.3013, 0.07146, 1.0994, 1.0229, 0.95828, 0.70568, 0.50404, 2.0533, 2.3986, 0.71977, 0.002938, 4.6494, 0.84609, 0.017772, 3.214, 1.8853, 0.061815, 1.099, 0.99689, 0.5412, 0.55905, 0.33031, 1.3521, 0.76009, 0.58936, -0.0037566, 2.3999, 0.35276, 0.0080836, 1.8308, 1.6971, 0.046632, 1.0999, 1.0489, 1.3754, 0.85232, 0.67777, 2.7545, 4.037, 0.85018, 0.0096327, 6.8989, 1.3394, 0.027459, 4.5972, 2.0735, 0.076997, 7.9365e-08, 0.00025031, 0.064296, 0.0079475, 0.011156, 0.18173, 0.99226, 0.0062859, 1.6565e-05, 1.8703, 0.089957, 3.469e-05, 0.70719, 0.013095, 8.5195e-05, 0.3157, 0.93029, 0.24712, 0.44751, 0.25112, -0.82736, -0.2942, 0.44174, -0.011311, 0.30089, -0.074532, 0.0044838, 0.13224, 0.64407, 0.040485, 1.8832, 1.1155, 1.6694, 0.96385, 0.75696, 4.9339, 5.0913, 0.9978, 0.017187, 8.9979, 1.7667, 0.031059, 6.2958, 3.1265, 0.083144, 0.22703, 0.0031704, 0.18693, 0.024635, 0.023644, 3.067, 2.68, 0.028571, 7.5047e-05, 6.9892, 0.31326, 6.526e-05, 3.5103, 0.56943, 0.00016815
99, 3, 0.19839, 0.09253, 0.29999, 1.25, 0.46631, 1.3285, 0.90987, 0.97288, 0.68117, 0.54435, 0.80528, 1.867, 0.91153, 0.01063, 1.5156, 0.45711, 0.00335, 8.7289, 0.69476, 0.03565, 1.0728, 1.0036, 1.2322, 0.57525, 0.4249, 1.4555, 2.0023, 0.80808, 0.0059259, 2.0251, 0.93949, 0.0046363, 4.4794, 1.0547, 0.041296, 1.0724, 0.97839, 0.91195, 0.46755, 0.29703, 0.88557, 0.90788, 0.69406, 0.00011696, 0.16325, 0.55725, -0.0019465, 3.3209, 0.88547, 0.030404, 1.0733, 1.0289, 1.5525, 0.68295, 0.55277, 2.0254, 3.0968, 0.92211, 0.011735, 3.887, 1.3217, 0.011219, 5.6379, 1.2239, 0.052189, 7.9364e-08, 0.0002358, 0.037911, 0.0042875, 0.0060437, 0.12005, 0.44273, 0.0048057, 1.2472e-05, 1.2813, 0.054002, 1.6017e-05, 0.49607, 0.010581, 4.3852e-05, 0.28909, 0.91124, 0.57315, 0.33703, 0.20099, -1.396, -0.39854, 0.53735, -0.0079294, -2.1361, 0.073303, -0.0065905, 1.4918, -0.18381, 0.022774, 1.8565, 1.096, 1.8913, 0.81347, 0.64882, 4.307, 4.4032, 1.0788, 0.019781, 6.1864, 1.8057, 0.015863, 7.4671, 2.2931, 0.059819, 0.22703, 0.0031559, 0.16055, 0.020975, 0.018531, 3.0053, 2.1305, 0.02709, 7.0953e-05, 6.4002, 0.27731, 4.6586e-05, 3.2992, 0.56692, 0.00012681
100, 2.5, 0.1772, 0.06191, 0.62894, 0.97222, 0.71036, 1.4091, 1.0025, 0.86134, 0.61691, 0.12588, 1.074, 1.2008, 0.61036, 0.00308, 3.549, 0.76437, 0.01066, 1.4463, 1.797, 0.05289, 1.2651, 0.97354, 1.2067, 0.55042, 0.23093, 1.8998, 0.66643, 0.43117, 0.0068415, 2.2361, 0.83568, 0.0041038, 2.64, 1.827, 0.049832, 1.2647, 0.94447, 0.74816, 0.38892, 0.022179, 1.1708, -0.89138, 0.28797, -0.00038753, 0.011498, 0.36398, -0.0068627, 0.91029, 1.6475, 0.034501, 1.2656, 1.0026, 1.6653, 0.71191, 0.43968, 2.6288, 2.2242, 0.57437, 0.01407, 4.4607, 1.3074, 0.01507, 4.3697, 2.0065, 0.065164, 7.9364e-08, 0.00031232, 0.077721, 0.0096394, 0.016107, 0.19644, 0.89696, 0.007579, 1.9315e-05, 1.8291, 0.08224, 4.4451e-05, 1.1058, 0.011909, 8.6882e-05, 0.48141, 0.88002, 0.47047, 0.28353, -0.047212, -0.98769, -1.978, 0.14692, -0.0076665, -2.0996, -0.073535, -0.010143, -0.61206, 0.5871, 0.028396, 2.0489, 1.0671, 1.943, 0.81731, 0.50907, 4.7873, 3.3109, 0.71542, 0.021349, 6.5718, 1.7449, 0.018351, 5.892, 3.067, 0.071268, 0.22703, 0.0032324, 0.20036, 0.026327, 0.028594, 3.0817, 2.5848, 0.029864, 7.7797e-05, 6.948, 0.30555, 7.5021e-05, 3.9089, 0.56825, 0.00016984
101, 4.56, 0.08105, 0.02882, 0.2, 3.125, 0.47855, 0.49934, 1.0633, 1.2089, 0.51208, 0.61336, 3.274, 0.87046, 0.80291, 0.00028, 3.3333, 1.6087, 0.04241, 1.5459, 3.577, 0.05423, 1.1563, 1.0498, 1.3655, 0.66201, 0.60816, 1.6104, 0.84568, 0.71458, 0.0043005, 2.8241, 0.8411, 0.015477, 4.6725, 1.7833, 0.051794, 1.1558, 1.0231, 0.98715, 0.538, 0.34995, 0.92083, -1.0858, 0.55963, -0.0017441, 0.32385, 0.2967, 0.0008318, 2.7858, 1.589, 0.032662, 1.1567, 1.0765, 1.7438, 0.78601, 0.86637, 2.2999, 2.7772, 0.86953, 0.010345, 5.3244, 1.3855, 0.030123, 6.5592, 1.9776, 0.070925, 7.9365e-08, 0.00026388, 0.052902, 0.0056837, 0.024643, 0.17575, 1.3789, 0.0088742, 1.3505e-05, 2.3106, 0.10954, 7.9279e-05, 1.3157, 0.013954, 0.00013528, 0.37254, 0.95698, 0.67632, 0.41598, 0.29121, -1.2674, -2.0348, 0.42424, -0.0096552, -1.6593, -0.10787, -0.0017621, 1.3343, 0.5411, 0.027495, 1.94, 1.1426, 2.0546, 0.90803, 0.92511, 4.4882, 3.7261, 1.0049, 0.018256, 7.3075, 1.7901, 0.032717, 8.0107, 3.0254, 0.076093, 0.22703, 0.0031839, 0.17554, 0.022372, 0.037131, 3.061, 3.0667, 0.031159, 7.1986e-05, 7.4295, 0.33285, 0.00010985, 4.1188, 0.57029, 0.00021823
102, 4.7, 0.26135, 0.06701, 0.42785, 2.6667, 0.48527, 1.3974, 1.0483, 1.6911, 0.35465, 0.12328, 0.01801, 0.78515, 0.68615, 0.00782, 4.7938, 0.07053, 0.01432, 1.646, 2.1993, 0.07582, 1.4022, 1.0156, 1.4278, 0.48047, 0.52371, 1.7085, 0.49102, 0.7056, 0.0051025, 4.0399, 0.77192, 0.010577, 2.7337, 1.6938, 0.059436, 1.4017, 0.98617, 0.96928, 0.34755, 0.26213, 1.0393, -1.0713, 0.54922, -0.0020777, 1.6788, 0.23406, -0.0048443, 0.65403, 1.5026, 0.042291, 1.4027, 1.045, 1.8863, 0.6134, 0.7853, 2.3778, 2.0534, 0.86198, 0.012283, 6.401, 1.3098, 0.025998, 4.8134, 1.885, 0.076581, 7.9365e-08, 0.00031951, 0.077708, 0.0065304, 0.025291, 0.16555, 0.90219, 0.0090386, 1.9055e-05, 2.0605, 0.10693, 8.7895e-05, 1.5986, 0.013515, 0.00010865, 0.61848, 0.92196, 0.69157, 0.22984, 0.20401, -1.1645, -2.1561, 0.41449, -0.0093812, -0.36738, -0.17331, -0.0073262, -0.71724, 0.45211, 0.036668, 2.1859, 1.1092, 2.164, 0.73111, 0.84342, 4.5815, 3.1382, 0.99671, 0.019586, 8.4472, 1.7171, 0.028479, 6.1846, 2.9355, 0.082204, 0.22703, 0.0032396, 0.20034, 0.023218, 0.037779, 3.0508, 2.59, 0.031323, 7.7536e-05, 7.1794, 0.33023, 0.00011847, 4.4017, 0.56985, 0.00019161
103, 4.56, 0.32421, 0.04323, 0.3, 2.0833, 0.78689, 0.88302, 0.99911, 0.71558, 0.44657, 0.70225, 1.5564, 0.57684, 0.6773, 0.00397, 3.429, 1.5652, 0.00234, 6.369, 0.77082, 0.05335, 1.0827, 1.0158, 1.1536, 0.44001, 0.67276, 2.2896, 1.8101, 0.71219, 0.010558, 3.3062, 1.1599, 0.0099577, 5.4125, 1.5166, 0.048731, 1.0823, 0.98912, 0.81825, 0.3337, 0.54838, 1.5365, 0.68324, 0.5887, 0.0044995, 1.3315, 0.77786, 0.0032684, 4.052, 1.337, 0.037445, 1.0832, 1.0426, 1.489, 0.54633, 0.79714, 3.0427, 2.9369, 0.83569, 0.016616, 5.2809, 1.542, 0.016647, 6.773, 1.6962, 0.060017, 7.9364e-08, 0.0002638, 0.041568, 0.004178, 0.005718, 0.20963, 0.46933, 0.0056372, 1.3565e-05, 1.4413, 0.053954, 1.6539e-05, 0.68414, 0.011923, 4.7082e-05, 0.29901, 0.92303, 0.48708, 0.20242, 0.45083, -0.60408, -0.60574, 0.43734, -0.0034039, -0.90673, 0.29381, -0.0013319, 2.3408, 0.27662, 0.029974, 1.8665, 1.1087, 1.8201, 0.67761, 0.8947, 5.1833, 4.2259, 0.98705, 0.024519, 7.5191, 2.026, 0.021247, 8.4841, 2.7565, 0.067488, 0.22703, 0.0031839, 0.1642, 0.020866, 0.018206, 3.0949, 2.1571, 0.027922, 7.2047e-05, 6.5602, 0.27726, 4.7109e-05, 3.4872, 0.56826, 0.00013004
104, 3, 0.21736, 0.06894, 0.10552, 1.5151, 0.47661, 0.74171, 0.94301, 1.3895, 0.55727, 0.71059, 0.38427, 0.76941, 0.96923, 0.00379, 0.66814, 1.0175, 0.00081, 5.0321, 0.81487, 0.04569, 1.0003, 1.0136, 1.172, 0.43428, 0.46689, 1.5135, 1.1592, 0.70129, 0.0050329, 4.4821, 0.82047, 0.0060107, 5.5758, 0.73476, 0.046237, 0.99981, 0.99043, 0.90547, 0.35606, 0.36739, 0.96637, 0.22166, 0.60851, 6.2598e-05, 3.0403, 0.47047, 0.00062186, 4.5051, 0.56514, 0.038755, 1.0007, 1.0367, 1.4386, 0.51249, 0.56639, 2.0607, 2.0968, 0.79408, 0.010003, 5.9239, 1.1705, 0.011399, 6.6465, 0.90439, 0.05372, 7.9364e-08, 0.00019766, 0.026265, 0.0022613, 0.003659, 0.11065, 0.32491, 0.0031822, 9.1307e-06, 0.76834, 0.045277, 1.0733e-05, 0.42372, 0.010634, 2.0695e-05, 0.21655, 0.92171, 0.53733, 0.20785, 0.25788, -1.3335, -1.1743, 0.4388, -0.0084922, 0.49112, -0.031982, -0.0045604, 2.6211, -0.50377, 0.029491, 1.784, 1.1054, 1.8067, 0.6607, 0.6759, 4.3606, 3.4928, 0.96379, 0.018558, 8.4732, 1.6729, 0.016582, 8.5305, 1.9733, 0.062983, 0.22703, 0.0031177, 0.1489, 0.018949, 0.016147, 2.9959, 2.0127, 0.025467, 6.7612e-05, 5.8872, 0.26858, 4.1303e-05, 3.2268, 0.56697, 0.00010365
105, 1.5, 0.08881, 0.13334, 0.14145, 0.93633, 0.2675, 0.30551, 1.0602, 1.9406, 0.41516, 0.16556, 2.2003, 0.82535, 0.8099, 0.00011, 8.6459, 1.8966, 0.0011, 1.381, 0.93641, 0.05191, 0.85528, 1.0046, 1.2078, 0.47948, 0.3975, 1.1721, 1.2099, 0.74068, 0.0043019, 5.0149, 0.84198, 0.0045421, 4.4923, 0.62493, 0.041165, 0.85482, 0.97427, 0.74836, 0.32386, 0.14722, 0.29886, -0.64951, 0.59588, -0.0029265, 2.7041, 0.30198, -0.010995, 2.3586, 0.43712, 0.022745, 0.85574, 1.035, 1.6673, 0.6351, 0.64778, 2.0452, 3.0693, 0.88548, 0.01153, 7.3257, 1.382, 0.020079, 6.626, 0.81273, 0.059585, 7.9365e-08, 0.00034105, 0.078032, 0.0089513, 0.023153, 0.28181, 1.2779, 0.0077498, 1.9312e-05, 1.9736, 0.10778, 8.9223e-05, 1.6828, 0.013037, 0.00012541, 0.071549, 0.91072, 0.47101, 0.2161, 0.086973, -1.7552, -1.6227, 0.45562, -0.010206, 0.63438, -0.10447, -0.013461, 1.0086, -0.61623, 0.017422, 1.639, 1.0986, 1.9447, 0.74286, 0.70803, 4.0993, 4.0425, 1.0257, 0.01881, 9.3955, 1.7884, 0.022545, 7.9761, 1.8661, 0.064908, 0.22703, 0.0032611, 0.20067, 0.025639, 0.035641, 3.1671, 2.9657, 0.030034, 7.7794e-05, 7.0925, 0.33109, 0.00011979, 4.4859, 0.56938, 0.00020836
106, 3.9167, 0.14201, 0.10898, 0.20001, 1.3229, 0.28418, 0.91609, 1.075, 1.2074, 0.2563, 0.04975, 1.2689, 1.0536, 0.56052, 0.00071, 9.9705, 1.8945, 0.00856, 1.5215, 1.7961, 0.07913, 0.98999, 1.014, 1.2426, 0.52665, 0.34584, 1.1865, 0.9213, 0.64849, 0.0048739, 2.9951, 0.80585, 0.0044201, 3.6899, 1.0852, 0.054162, 0.98953, 0.98999, 0.79482, 0.42491, 0.13758, 0.53823, -0.52658, 0.53673, -0.0013973, 0.98469, 0.30172, -0.007012, 2.0881, 0.90755, 0.038136, 0.99046, 1.038, 1.6903, 0.62839, 0.55411, 1.8347, 2.3692, 0.76026, 0.011145, 5.0054, 1.31, 0.015852, 5.2918, 1.2628, 0.070187, 7.9364e-08, 0.00021322, 0.074101, 0.0038257, 0.016032, 0.15533, 0.77483, 0.0046172, 1.4536e-05, 1.4938, 0.093938, 4.8306e-05, 0.94839, 0.011662, 9.492e-05, 0.20626, 0.92193, 0.513, 0.29107, 0.068065, -1.6817, -1.6599, 0.37871, -0.0091814, -1.2347, -0.1206, -0.010188, 0.50407, -0.15447, 0.032224, 1.7737, 1.1061, 1.9721, 0.76224, 0.62362, 4.0547, 3.5025, 0.91828, 0.018929, 7.2248, 1.7323, 0.019028, 6.8758, 2.3248, 0.076099, 0.22703, 0.0031333, 0.19674, 0.020514, 0.028519, 3.0406, 2.4626, 0.026902, 7.3017e-05, 6.6127, 0.31725, 7.8876e-05, 3.7515, 0.568, 0.00017787
107, 4.56, 0.08105, 0.04323, 0.3, 2.0833, 0.43786, 0.51249, 1.0954, 1.2942, 0.51115, 0.63118, 2.4692, 0.86357, 0.75153, 0.00029, 3.0187, 1.2588, 0.01808, 5.6359, 2.9373, 0.05629, 1.1674, 1.0401, 1.283, 0.60395, 0.6905, 1.5799, 0.5911, 0.64199, 0.0055744, 2.5494, 0.74337, 0.033288, 4.5102, 1.715, 0.054546, 1.167, 1.0154, 0.8811, 0.48012, 0.5194, 0.93971, -0.61527, 0.50276, -0.00096904, 0.24682, 0.24779, 0.020558, 2.905, 1.5346, 0.036989, 1.1679, 1.0648, 1.6849, 0.72777, 0.86161, 2.2202, 1.7975, 0.78123, 0.012118, 4.852, 1.2389, 0.046018, 6.1155, 1.8954, 0.072103, 7.9364e-08, 0.00022609, 0.059706, 0.0056672, 0.010821, 0.15151, 0.5379, 0.0071659, 1.5825e-05, 1.9597, 0.090776, 5.9894e-05, 0.95244, 0.012028, 0.00011393, 0.3837, 0.94785, 0.58064, 0.35802, 0.43938, -1.2864, -1.8628, 0.35972, -0.0086045, -1.8268, -0.17846, 0.017643, 1.3226, 0.47492, 0.031466, 1.9512, 1.1324, 1.9854, 0.84988, 0.94163, 4.4463, 3.045, 0.92427, 0.019753, 6.9257, 1.6652, 0.048932, 7.6978, 2.955, 0.077626, 0.22703, 0.0031462, 0.18234, 0.022355, 0.023309, 3.0368, 2.2257, 0.029451, 7.4307e-05, 7.0786, 0.31408, 9.0463e-05, 3.7555, 0.56837, 0.00019689
108, 3.6004, 0, 0, 0.11998, 1.25, 0.59586, 0.21088, 1.07, 1.04, 0.56964, 0.74961, 0.08816, 0.39666, 0.98202, 0.00025, 1.2741, 0.24701, 0.00499, 5.9445, 1.3836, 0.06743, 0.87677, 1.0362, 1.0234, 0.53764, 0.45651, 1.6201, 1.9593, 0.68022, 0.0074339, 2.2686, 0.72609, 0.015403, 5.118, 1.5209, 0.056413, 0.87631, 1.0002, 0.56039, 0.39671, 0.18548, 0.81342, -0.19568, 0.52396, 0.00010198, -0.067361, 0.18174, -0.00028555, 2.9434, 1.3366, 0.037991, 0.87723, 1.0721, 1.4865, 0.67857, 0.72755, 2.4267, 4.1143, 0.83648, 0.014766, 4.6045, 1.2704, 0.031091, 7.2925, 1.7051, 0.074835, 7.9364e-08, 0.00047746, 0.079245, 0.007341, 0.027152, 0.24051, 1.7165, 0.0090246, 1.9869e-05, 2.0168, 0.10952, 9.0971e-05, 1.7478, 0.012548, 0.00012543, 0.093039, 0.9403, 0.28438, 0.28266, 0.12903, -1.288, -1.0755, 0.38917, -0.0071257, -2.1253, -0.22285, -0.0027309, 1.609, 0.28025, 0.032669, 1.6605, 1.132, 1.7625, 0.79261, 0.784, 4.5282, 4.9942, 0.97127, 0.021993, 6.6624, 1.675, 0.033537, 8.6269, 2.7615, 0.080157, 0.22703, 0.0033975, 0.20188, 0.024029, 0.039639, 3.1258, 3.4043, 0.031309, 7.835e-05, 7.1357, 0.33283, 0.00012154, 4.5509, 0.56889, 0.00020838
109, 4.7, 0.41303, 0.17869, 0.4617, 1.3333, 0.31366, 1.5232, 1.0995, 1.5454, 0.51078, 0.57717, 1.1224, 0.74663, 0.87513, 0.00392, 8.8641, 0.85558, 0.00397, 2.8428, 0.97708, 0.07179, 1.2261, 1.0018, 1.3191, 0.54229, 0.61862, 1.8591, 0.85384, 0.80395, 0.0025541, 7.7724, 0.77575, 0.0037436, 2.6363, 1.063, 0.065054, 1.2256, 0.97072, 0.92101, 0.42727, 0.42836, 1.1388, -0.55018, 0.67671, -0.0041182, 5.8791, 0.29298, -0.0075619, 0.87537, 0.87851, 0.053782, 1.2265, 1.0329, 1.7173, 0.65732, 0.80888, 2.5794, 2.2579, 0.93119, 0.0092264, 9.6657, 1.2585, 0.015049, 4.3972, 1.2475, 0.076326, 7.9364e-08, 0.00035777, 0.058585, 0.0048899, 0.01338, 0.19177, 0.72861, 0.0059838, 1.6455e-05, 1.3249, 0.086143, 4.7242e-05, 1.1461, 0.012584, 4.6964e-05, 0.44234, 0.90766, 0.61892, 0.30068, 0.35407, -1.0262, -1.703, 0.5274, -0.011685, 3.597, -0.13926, -0.010766, -0.63246, -0.17763, 0.046306, 2.0098, 1.096, 2.0194, 0.78391, 0.88317, 4.7444, 3.4107, 1.0805, 0.016793, 11.948, 1.6908, 0.018253, 5.9051, 2.3037, 0.083803, 0.22703, 0.0032778, 0.18122, 0.021578, 0.025867, 3.0771, 2.4164, 0.028268, 7.4936e-05, 6.4439, 0.30945, 7.7812e-05, 3.9492, 0.56892, 0.00012992
110, 2.25, 0.30385, 0.0606, 0.15791, 2.0159, 0.83622, 0.54272, 0.90669, 1.9097, 0.26153, 0.24624, 4.0173, 7.6441, 0.68062, 0.01032, 1.7016, 0.22126, 0.00152, 2.5061, 1.0259, 0.02441, 0.87674, 0.99314, 1.3852, 0.465, 0.36938, 2.7856, 1.5064, 0.77136, 0.0064132, 4.6633, 0.61263, 0.0070571, 4.3181, 0.94709, 0.039471, 0.87628, 0.968, 0.99548, 0.32355, 0.18362, 2.0994, -0.086927, 0.64116, -6.1651e-05, 2.3871, 0.11975, -0.0050395, 2.6382, 0.76265, 0.023215, 0.87721, 1.0183, 1.775, 0.60646, 0.55513, 3.4717, 3.0997, 0.90156, 0.012888, 6.9395, 1.1055, 0.019154, 5.998, 1.1315, 0.055727, 7.9364e-08, 0.00023363, 0.056147, 0.0073953, 0.012753, 0.17403, 0.93834, 0.0062657, 1.5496e-05, 1.915, 0.089788, 5.4085e-05, 1.0431, 0.012574, 9.7672e-05, 0.093014, 0.90077, 0.68975, 0.20974, 0.10805, -0.091436, -1.1591, 0.49343, -0.0077341, 0.30086, -0.30775, -0.0080769, 1.0922, -0.29356, 0.017364, 1.6605, 1.0855, 2.0807, 0.72027, 0.6307, 5.6626, 4.1719, 1.0493, 0.020561, 9.0257, 1.533, 0.022191, 7.5439, 2.1877, 0.061577, 0.22703, 0.0031537, 0.17878, 0.024083, 0.025241, 3.0593, 2.6261, 0.02855, 7.3977e-05, 7.0339, 0.3131, 8.4654e-05, 3.8462, 0.56891, 0.00018063
111, 3.75, 0.72522, 0.11557, 0.35142, 0.99099, 0.57282, 1.1724, 0.92333, 1.9126, 0.24361, 0.58794, 1.2371, 0.43781, 0.46108, 0.0002, 7.1984, 1.7411, 0.00223, 6.7136, 0.38182, 0.06873, 1.4947, 0.9858, 1.7617, 0.19495, 0.55581, 1.6325, 0.8522, 0.79413, 0.0084429, 7.9483, 0.64145, 0.001348, 3.6944, 0.19555, 0.059947, 1.4942, 0.95203, 1.3267, 0.042454, 0.35804, 0.86399, -0.57805, 0.62953, 0.001111, 5.443, 0.18913, -0.0071734, 1.9555, 0.010105, 0.041402, 1.4951, 1.0196, 2.1967, 0.34745, 0.75359, 2.401, 2.2824, 0.95874, 0.015775, 10.454, 1.0938, 0.0098693, 5.4334, 0.38099, 0.078492, 7.9364e-08, 0.00042134, 0.069928, 0.0085955, 0.014457, 0.21829, 0.75608, 0.010014, 1.9869e-05, 2.3198, 0.075621, 2.6839e-05, 1.1177, 0.012711, 0.00012712, 0.71094, 0.89072, 1.0399, -0.066592, 0.28581, -1.2653, -1.7192, 0.49852, -0.0061167, 3.4621, -0.25786, -0.011115, 0.43745, -1.0453, 0.036107, 2.2784, 1.0809, 2.4835, 0.4565, 0.82581, 4.5302, 3.4236, 1.0897, 0.023002, 12.434, 1.5408, 0.013811, 6.9514, 1.4363, 0.083788, 0.22703, 0.0033414, 0.19256, 0.025283, 0.026945, 3.1036, 2.4439, 0.032299, 7.8351e-05, 7.4387, 0.29893, 5.7408e-05, 3.9208, 0.56905, 0.00021007
112, 2, 0.09264, 0.04073, 0.34991, 2, 0.79893, 0.56615, 1.098, 1.1462, 0.2966, 0.42366, 0.74537, 2.0915, 0.90745, 0.01102, 3.9385, 1.9587, 0.02522, 1.3313, 1.0788, 0.06602, 0.96146, 1.0315, 1.3135, 0.48467, 0.51108, 2.7968, 2.5104, 0.64504, 0.0045597, 3.2585, 0.90702, 0.012195, 3.4962, 1.6771, 0.079974, 0.96099, 1.0054, 0.93551, 0.34497, 0.3806, 2.0956, 0.975, 0.53118, -0.0010822, 1.3095, 0.36568, -0.0031919, 1.516, 1.4914, 0.068918, 0.96192, 1.0576, 1.6916, 0.62437, 0.64156, 3.498, 4.0458, 0.75891, 0.010202, 5.2075, 1.4483, 0.027582, 5.4765, 1.8628, 0.09103, 7.9364e-08, 0.0002518, 0.052817, 0.0072132, 0.0062925, 0.18173, 0.87134, 0.0047921, 1.1765e-05, 1.404, 0.10831, 8.7507e-05, 1.4494, 0.012748, 4.5176e-05, 0.17773, 0.93891, 0.62455, 0.23038, 0.28567, -0.083819, -0.12092, 0.37438, -0.0092263, -0.94248, -0.040195, -0.0056786, 0.10427, 0.43628, 0.061355, 1.7452, 1.1242, 2.0025, 0.73897, 0.73649, 5.6774, 5.1417, 0.9157, 0.018346, 7.4594, 1.8542, 0.030068, 6.8882, 2.918, 0.098593, 0.22703, 0.0031719, 0.17545, 0.023901, 0.01878, 3.067, 2.5591, 0.027077, 7.0247e-05, 6.5229, 0.33162, 0.00011808, 4.2525, 0.56909, 0.00012813
113, 4, 0.16546, 0.09921, 0.38996, 1.5333, 0.36631, 1.047, 0.94381, 1.831, 0.35225, 0.02547, 1.6428, 0.42134, 0.36263, 0.00817, 1.195, 0.26831, 0.00114, 1.0004, 1.732, 0.04851, 1.1841, 0.99866, 1.2773, 0.514, 0.24122, 1.2535, 1.1761, 0.71176, 0.0035316, 3.2265, 0.80789, 0.0082666, 2.9496, 1.4713, 0.049727, 1.1837, 0.97348, 0.82554, 0.39303, 0.045011, 0.63764, -0.16569, 0.5895, -0.0027415, 0.99399, 0.28879, -0.0050047, 1.3075, 1.2912, 0.033187, 1.1846, 1.0238, 1.7291, 0.63496, 0.43742, 1.8694, 2.5179, 0.83401, 0.0098046, 5.4591, 1.327, 0.021538, 4.5916, 1.6514, 0.066267, 7.9364e-08, 0.00023431, 0.075441, 0.0054085, 0.014229, 0.14019, 0.66544, 0.0055242, 1.4545e-05, 1.8422, 0.099599, 6.5099e-05, 0.99659, 0.011989, 0.00010111, 0.40042, 0.90628, 0.54527, 0.26949, -0.027637, -1.6075, -1.3471, 0.43746, -0.010525, -1.1132, -0.12679, -0.0078218, -0.25668, 0.23127, 0.027411, 1.9679, 1.091, 2.0094, 0.7585, 0.51007, 4.1145, 3.6993, 0.98605, 0.017588, 7.5663, 1.7426, 0.024355, 6.1559, 2.7113, 0.072043, 0.22703, 0.0031544, 0.19808, 0.022096, 0.026717, 3.0255, 2.3532, 0.027809, 7.3026e-05, 6.9612, 0.32291, 9.5669e-05, 3.7997, 0.56833, 0.00018406
114, 1.9912, 0.26268, 0.05645, 0.15009, 1.0526, 0.66684, 0.29321, 0.99178, 1.5849, 0.62031, 0.81081, 1.4757, 0.091, 0.94676, 0.00034, 9.007, 0.68064, 6e-05, 6.4418, 2.8807, 0.04967, 0.96087, 0.98936, 1.429, 0.42616, 0.34259, 2.457, 1.3896, 0.68016, 0.009654, 5.4025, 0.55035, 0.0063103, 3.9999, 0.70658, 0.042844, 0.96041, 0.96419, 0.99903, 0.3046, 0.1633, 1.812, -0.075551, 0.5581, 0.003697, 3.3909, 0.068585, -0.004732, 2.4598, 0.53189, 0.029249, 0.96133, 1.0145, 1.8589, 0.54772, 0.52188, 3.102, 2.8547, 0.80222, 0.015611, 7.4141, 1.0321, 0.017353, 5.54, 0.88127, 0.056439, 7.9364e-08, 0.00023422, 0.068326, 0.0054614, 0.011881, 0.15376, 0.79343, 0.0055063, 1.3116e-05, 1.4956, 0.085787, 4.5067e-05, 0.87671, 0.011279, 6.8311e-05, 0.17714, 0.89698, 0.71019, 0.18136, 0.085823, -0.41042, -1.2014, 0.40595, -0.004264, 1.1721, -0.36412, -0.007995, 0.84462, -0.53266, 0.022614, 1.7446, 1.0817, 2.1478, 0.67096, 0.59936, 5.3245, 3.9806, 0.95437, 0.023572, 9.6328, 1.4648, 0.020616, 7.1552, 1.9458, 0.063074, 0.22703, 0.0031543, 0.19096, 0.022149, 0.024368, 3.0391, 2.4812, 0.027791, 7.1597e-05, 6.6145, 0.30909, 7.5637e-05, 3.6798, 0.56762, 0.00015127
115, 2.9733, 0.30271, 0.12022, 0.10006, 1.1111, 0.41343, 1.7393, 0.97657, 1.4911, 0.40595, 0.57538, 1.2935, 0.75638, 0.81055, 0.0006, 5.4275, 0.57931, 0.00029, 5.6108, 0.41887, 0.03237, 0.91564, 0.97247, 1.1712, 0.40201, 0.4177, 1.5344, 1.3551, 0.74009, 0.0091264, 6.25, 0.57803, 0.012637, 4.5097, 0.44282, 0.044784, 0.91518, 0.94765, 0.75489, 0.2976, 0.22844, 0.92697, -0.076565, 0.63877, 0.0025501, 4.2845, 0.068973, -0.00093039, 2.8723, 0.26541, 0.029703, 0.91611, 0.99728, 1.5875, 0.50642, 0.60695, 2.1419, 2.7867, 0.8414, 0.015703, 8.2156, 1.0871, 0.026204, 6.1471, 0.62023, 0.059865, 7.9364e-08, 0.00022761, 0.064057, 0.0040292, 0.013238, 0.13639, 0.75755, 0.003794, 1.5985e-05, 1.428, 0.095779, 6.8032e-05, 0.99098, 0.011633, 8.4061e-05, 0.13191, 0.88018, 0.46048, 0.16526, 0.15387, -1.3248, -1.2171, 0.47446, -0.0050677, 2.0413, -0.35112, -0.0036965, 1.3058, -0.7968, 0.023527, 1.6994, 1.0647, 1.8819, 0.63876, 0.68152, 4.3937, 3.9272, 1.0057, 0.02332, 10.459, 1.5072, 0.02897, 7.7136, 1.6824, 0.066041, 0.22703, 0.0031477, 0.18669, 0.020717, 0.025726, 3.0217, 2.4453, 0.026079, 7.4466e-05, 6.5469, 0.31909, 9.8601e-05, 3.7941, 0.56797, 0.00016702
116, 4, 0.22752, 0.02783, 0.5276, 1.75, 0.66824, 1.4755, 1.0446, 1.0799, 0.35622, 0.10681, 1.5015, 0.23729, 0.29876, 0.01249, 1.4912, 0.39396, 0.01268, 1.6221, 2.9859, 0.0571, 1.4021, 1.0043, 1.2564, 0.4781, 0.34353, 1.8353, 0.86356, 0.51887, 0.007789, 3.8375, 0.77828, 0.010759, 2.9423, 1.8449, 0.058319, 1.4016, 0.97272, 0.81529, 0.32253, 0.11084, 1.0924, -0.98073, 0.37075, 0.00064329, 1.5766, 0.24214, -0.0046257, 0.94573, 1.6612, 0.043164, 1.4025, 1.0359, 1.6976, 0.63367, 0.57623, 2.5783, 2.7079, 0.667, 0.014935, 6.0983, 1.3144, 0.026144, 4.9388, 2.0287, 0.073475, 7.9364e-08, 0.00036918, 0.071927, 0.0089452, 0.020014, 0.20402, 1.2572, 0.0081094, 1.8873e-05, 1.8892, 0.10624, 8.7485e-05, 1.4734, 0.012481, 8.4899e-05, 0.61835, 0.90998, 0.5309, 0.21475, 0.046997, -1.0557, -1.9592, 0.23211, -0.0066777, -0.51693, -0.16597, -0.0071126, -0.45921, 0.60438, 0.037009, 2.1858, 1.0987, 1.982, 0.74145, 0.64007, 4.7264, 3.6863, 0.80564, 0.022256, 8.1919, 1.7225, 0.028631, 6.3438, 3.0855, 0.07963, 0.22703, 0.0032892, 0.19456, 0.025633, 0.032501, 3.0893, 2.945, 0.030394, 7.7354e-05, 7.0082, 0.32955, 0.00011805, 4.2765, 0.56882, 0.00016785
117, 4.56, 0.32421, 0.04323, 0.2, 2.0833, 0.76092, 1.1431, 1.0049, 0.93255, 0.7148, 0.84837, 1.0764, 0.81761, 0.93878, 0.0023, 3.8334, 0.84776, 0.00824, 6.0415, 0.92583, 0.03857, 1.0051, 1.0076, 1.1331, 0.5445, 0.71701, 2.3018, 0.86357, 0.81566, 0.0054627, 3.6035, 1.2448, 0.0091179, 6.1483, 1.321, 0.049615, 1.0047, 0.98292, 0.80107, 0.42874, 0.59188, 1.5566, -0.33718, 0.69482, -0.00051837, 1.7166, 0.86278, 0.0024295, 4.7907, 1.1415, 0.038632, 1.0056, 1.0324, 1.4651, 0.66026, 0.84214, 3.0471, 2.0643, 0.93649, 0.011444, 5.4905, 1.6268, 0.015806, 7.5059, 1.5006, 0.060598, 7.9364e-08, 0.00022578, 0.040738, 0.0049529, 0.0057872, 0.2053, 0.53291, 0.0053965, 1.3222e-05, 1.316, 0.053945, 1.6534e-05, 0.68122, 0.011913, 4.4585e-05, 0.22138, 0.91538, 0.46822, 0.30253, 0.49466, -0.58983, -1.5876, 0.54199, -0.0084656, -0.56898, 0.37872, -0.0021712, 3.078, 0.081103, 0.031039, 1.7888, 1.0999, 1.7979, 0.78647, 0.93937, 5.1935, 3.3147, 1.0893, 0.019391, 7.7761, 2.1109, 0.020407, 9.2186, 2.561, 0.068191, 0.22703, 0.0031458, 0.16337, 0.021641, 0.018275, 3.0906, 2.2207, 0.027681, 7.1703e-05, 6.4349, 0.27725, 4.7104e-05, 3.4843, 0.56825, 0.00012754
118, 4.6981, 0.13859, 0.04387, 0.1029, 0.84667, 0.28552, 0.44942, 1.0231, 1.7742, 0.33488, 0.44508, 0.54672, 3.0064, 0.97361, 0, 1.3673, 0.387, 0.0008, 7.7034, 4.9749, 0.05752, 1.0936, 1.0253, 0.94506, 0.35572, 0.34321, 1.3335, 0.70822, 0.771, 0.0032539, 3.8729, 0.85428, 0.011977, 7.3094, 1.0341, 0.053223, 1.0932, 1.0024, 0.59974, 0.26442, 0.19283, 0.68852, -0.55892, 0.66031, -0.0021343, 2.1814, 0.40059, 0.00096042, 5.8577, 0.85646, 0.043571, 1.0941, 1.0482, 1.2904, 0.44701, 0.4936, 1.9786, 1.9754, 0.88168, 0.0086422, 5.5644, 1.308, 0.022994, 8.7612, 1.2118, 0.062875, 7.9364e-08, 0.00019334, 0.044076, 0.0030806, 0.0083588, 0.15378, 0.59347, 0.0045281, 1.0731e-05, 1.0576, 0.076078, 4.4861e-05, 0.77901, 0.011667, 3.4433e-05, 0.3099, 0.93351, 0.27347, 0.12445, 0.10572, -1.5339, -1.7761, 0.50166, -0.01043, -0.21499, -0.04572, -0.0023083, 4.1963, -0.20554, 0.035401, 1.8774, 1.1171, 1.6167, 0.58698, 0.5807, 4.201, 3.1926, 1.0403, 0.016938, 7.9608, 1.7543, 0.026263, 10.423, 2.2738, 0.071044, 0.22703, 0.0031134, 0.16671, 0.019768, 0.020847, 3.0391, 2.2813, 0.026813, 6.9212e-05, 6.1765, 0.29939, 7.543e-05, 3.5821, 0.56801, 0.00011739
119, 3.0022, 0.21681, 0.10674, 0.2059, 1.3386, 0.41882, 0.51079, 1.051, 1.1433, 0.6005, 0.60417, 1.4706, 0.27334, 0.83835, 0.00137, 6.5248, 0.01345, 0.00616, 6.678, 0.69303, 0.05306, 0.9919, 0.99543, 1.22, 0.4905, 0.46376, 1.4335, 1.4123, 0.72271, 0.006428, 3.8762, 0.80943, 0.0014717, 4.703, 0.81457, 0.041996, 0.99143, 0.97097, 0.81013, 0.3958, 0.32548, 0.85074, 0.17385, 0.61797, 0.00036073, 2.0404, 0.33797, -0.010864, 3.2443, 0.64841, 0.029699, 0.99236, 1.0199, 1.6299, 0.58521, 0.60203, 2.0163, 2.6507, 0.82746, 0.012495, 5.7119, 1.2809, 0.013808, 6.1618, 0.98073, 0.054293, 7.9364e-08, 0.00022111, 0.062093, 0.003315, 0.0070669, 0.12553, 0.56687, 0.0040552, 1.3606e-05, 1.2456, 0.082156, 5.6246e-05, 0.78654, 0.010205, 5.5893e-05, 0.20817, 0.90324, 0.51305, 0.25787, 0.23375, -1.4206, -1.0576, 0.45576, -0.0075375, -0.27345, -0.099656, -0.013854, 1.5866, -0.42349, 0.022614, 1.7756, 1.0876, 1.927, 0.72314, 0.69377, 4.2876, 3.8821, 0.98967, 0.020394, 8.0258, 1.7185, 0.016798, 7.8194, 2.0526, 0.061378, 0.22703, 0.0031412, 0.18473, 0.020003, 0.019555, 3.0108, 2.2547, 0.02634, 7.2088e-05, 6.3645, 0.30546, 8.6815e-05, 3.5896, 0.56654, 0.00013885
120, 2.25, 0.34455, 0.13744, 0.0892, 1.0079, 0.51293, 1.7962, 0.94851, 0.92745, 0.34529, 0.28427, 2.3246, 0.9779, 0.56956, 0.00541, 8.9966, 0.19464, 0.00182, 3.9881, 0.23038, 0.03244, 0.79694, 0.98526, 1.379, 0.42788, 0.32543, 2.2559, 1.6104, 0.76339, 0.0062387, 6.3662, 0.60009, 0.0039938, 3.7678, 0.35349, 0.038857, 0.79648, 0.95963, 0.93722, 0.3066, 0.11354, 1.5492, 0.1757, 0.65423, -0.0002599, 4.3178, 0.10086, -0.008811, 1.9001, 0.17695, 0.022503, 0.79741, 1.0109, 1.8209, 0.54917, 0.53732, 2.9626, 3.045, 0.87255, 0.012737, 8.4146, 1.0993, 0.016798, 5.6355, 0.53003, 0.055212, 7.9364e-08, 0.00024282, 0.07215, 0.0054373, 0.016595, 0.1846, 0.76074, 0.0044042, 1.561e-05, 1.5509, 0.092118, 6.0602e-05, 1.2894, 0.011519, 9.8862e-05, 0.013213, 0.89275, 0.65309, 0.18322, 0.044921, -0.62609, -0.96348, 0.49467, -0.0079195, 2.1182, -0.3237, -0.011712, 0.44029, -0.88601, 0.016678, 1.5807, 1.0778, 2.105, 0.67255, 0.60593, 5.1378, 4.1842, 1.0321, 0.020397, 10.614, 1.5239, 0.019699, 7.0953, 1.593, 0.061036, 0.22703, 0.0031629, 0.19479, 0.022125, 0.029082, 3.0699, 2.4485, 0.026689, 7.4091e-05, 6.6698, 0.31543, 9.1172e-05, 4.0925, 0.56786, 0.00018182
121, 3, 0.21736, 0.06894, 0.10552, 1.5151, 0.47661, 1.4733, 1.0656, 0.54998, 0.50302, 0.3207, 1.2563, 0.90325, 0.80235, 0.00028, 9.1492, 1.4945, 0.0051, 2.9339, 0.4588, 0.05764, 1.0003, 1.0053, 1.3518, 0.44163, 0.58113, 1.4801, 1.1335, 0.72512, 0.0055809, 3.2092, 0.72375, 0.0045044, 5.8929, 0.74157, 0.043256, 0.99981, 0.98213, 1.0853, 0.36341, 0.48164, 0.93293, 0.19589, 0.63234, 0.00061061, 1.7674, 0.37376, -0.00088438, 4.8222, 0.57195, 0.035773, 1.0007, 1.0284, 1.6184, 0.51984, 0.68063, 2.0272, 2.0711, 0.81791, 0.010551, 4.6509, 1.0738, 0.0098932, 6.9636, 0.91119, 0.050739, 7.9364e-08, 0.00019766, 0.026265, 0.0022613, 0.003659, 0.11065, 0.32491, 0.0031822, 9.1307e-06, 0.76834, 0.045277, 1.0733e-05, 0.42372, 0.010634, 2.0695e-05, 0.21654, 0.91341, 0.71713, 0.2152, 0.37212, -1.367, -1.2001, 0.46263, -0.0079442, -0.78187, -0.12869, -0.0060666, 2.9382, -0.49696, 0.02651, 1.784, 1.0971, 1.9865, 0.66805, 0.79014, 4.3271, 3.467, 0.98762, 0.019106, 7.2002, 1.5762, 0.015075, 8.8476, 1.9801, 0.060002, 0.22703, 0.0031177, 0.1489, 0.018949, 0.016147, 2.9959, 2.0127, 0.025467, 6.7612e-05, 5.8872, 0.26858, 4.1303e-05, 3.2268, 0.56697, 0.00010365
122, 4.56, 0.32421, 0.04323, 0.3, 2.0833, 0.78689, 0.68576, 0.9811, 1.1317, 0.4226, 0.65159, 0.87109, 0.97315, 0.67327, 0.02257, 1.7121, 1.8787, 0.00922, 5.0359, 1.1051, 0.04749, 1.0827, 1.0175, 1.0126, 0.44602, 0.69596, 2.3394, 1.6999, 0.71321, 0.0062432, 3.7896, 1.0842, 0.0062355, 5.7378, 1.5094, 0.052057, 1.0823, 0.99075, 0.6772, 0.3397, 0.57158, 1.5863, 0.57303, 0.58972, 0.00018497, 1.8149, 0.7021, -0.00045389, 4.3773, 1.3298, 0.040771, 1.0832, 1.0442, 1.3479, 0.55233, 0.82034, 3.0925, 2.8267, 0.83671, 0.012301, 5.7643, 1.4662, 0.012925, 7.0983, 1.689, 0.063343, 7.9364e-08, 0.0002638, 0.041568, 0.004178, 0.005718, 0.20963, 0.46933, 0.0056372, 1.3565e-05, 1.4413, 0.053954, 1.6539e-05, 0.68414, 0.011923, 4.7082e-05, 0.29901, 0.92465, 0.34603, 0.20842, 0.47402, -0.55429, -0.71594, 0.43836, -0.0077184, -0.42335, 0.21806, -0.0050542, 2.6662, 0.26946, 0.0333, 1.8665, 1.1103, 1.6791, 0.68362, 0.9179, 5.2331, 4.1157, 0.98807, 0.020205, 8.0025, 1.9503, 0.017525, 8.8095, 2.7493, 0.070814, 0.22703, 0.0031839, 0.1642, 0.020866, 0.018206, 3.0949, 2.1571, 0.027922, 7.2047e-05, 6.5602, 0.27726, 4.7109e-05, 3.4872, 0.56826, 0.00013004
123, 3.0049, 0.1623, 0.05357, 0.04951, 1.3368, 0.45659, 1.2514, 0.95992, 0.77052, 0.41889, 0.37026, 1.436, 0.7106, 0.61358, 0.00273, 6.005, 0.07381, 0.01051, 9.2238, 0.11614, 0.02513, 0.94954, 1.018, 1.4258, 0.4131, 0.50342, 1.4006, 1.2631, 0.83256, 0.0035523, 5.1354, 0.75556, 0.0042285, 5.2494, 0.73225, 0.038539, 0.94908, 0.99338, 1.0918, 0.31129, 0.38133, 0.81207, 0.17905, 0.71776, -0.0021549, 3.3096, 0.37251, -0.0023117, 3.9669, 0.56414, 0.028129, 0.95, 1.0427, 1.7597, 0.5149, 0.6255, 1.9892, 2.3472, 0.94736, 0.0092595, 6.9611, 1.1386, 0.010769, 6.532, 0.90037, 0.048948, 7.9364e-08, 0.00022459, 0.04122, 0.0038307, 0.0055087, 0.12803, 0.43437, 0.004871, 1.2039e-05, 1.2321, 0.054231, 1.581e-05, 0.60797, 0.010446, 4.0047e-05, 0.16581, 0.92579, 0.75996, 0.17749, 0.28276, -1.4547, -1.133, 0.5615, -0.010261, 0.99012, -0.11098, -0.0069734, 2.2115, -0.50608, 0.020296, 1.7333, 1.1103, 2.0916, 0.64871, 0.72407, 4.2559, 3.6593, 1.1036, 0.017365, 9.2806, 1.6221, 0.01543, 8.2873, 1.9706, 0.056781, 0.22703, 0.0031446, 0.16386, 0.020519, 0.017996, 3.0133, 2.1222, 0.027156, 7.052e-05, 6.351, 0.27754, 4.638e-05, 3.4111, 0.56679, 0.000123
124, 4.5625, 0.14721, 0.04663, 0, 1.1778, 0.19263, 1.3507, 1.0793, 0.64349, 0.42826, 0.60469, 0.85331, 0.58128, 0.98999, 0.00128, 8.9719, 1.794, 0.00393, 4.3879, 0.26061, 0.05327, 1.114, 1.0148, 1.2797, 0.29924, 0.38898, 1.0753, 0.97221, 0.84467, 0.0062576, 5.814, 0.76248, 0.0035039, 5.98, 0.78266, 0.05486, 1.1135, 0.9892, 0.91515, 0.18753, 0.19736, 0.37564, -0.51995, 0.73186, 0.00057467, 3.7016, 0.26495, -0.0077449, 4.2855, 0.59918, 0.037706, 1.1145, 1.0405, 1.6443, 0.41096, 0.5806, 1.7749, 2.4644, 0.95749, 0.011941, 7.9263, 1.26, 0.014753, 7.6745, 0.96614, 0.072014, 7.9364e-08, 0.00024284, 0.049126, 0.0046128, 0.013572, 0.18092, 0.82295, 0.0047042, 1.1937e-05, 1.6493, 0.091493, 4.6769e-05, 1.0613, 0.012443, 0.00010876, 0.33028, 0.92233, 0.59803, 0.05918, 0.12345, -1.805, -1.6341, 0.57445, -0.0075453, 1.5348, -0.1604, -0.010961, 2.7465, -0.45785, 0.032085, 1.8977, 1.1073, 1.9614, 0.5393, 0.65451, 3.9555, 3.5785, 1.1149, 0.02006, 10.093, 1.6854, 0.017969, 9.2135, 2.0232, 0.077635, 0.22703, 0.0031629, 0.17176, 0.021301, 0.026059, 3.0662, 2.5107, 0.026989, 7.0418e-05, 6.7682, 0.3148, 7.7339e-05, 3.8644, 0.56878, 0.00019172
125, 6.5574, 0.1047, 0.0838, 0.50605, 0.88496, 0.24638, 0.8706, 1.074, 0.64377, 0.86394, 0.58756, 2.2467, 0.40053, 0.66611, 0.00057, 9.965, 0.31629, 0.01586, 3.4083, 2.1609, 0.08053, 1.2695, 1.0194, 1.1211, 0.68583, 0.48104, 1.8719, 0.88231, 0.45674, 0.0040602, 4.2397, 0.70257, 0.024598, 2.3432, 2.1086, 0.079698, 1.269, 0.99143, 0.70718, 0.52459, 0.32676, 1.1789, -0.44649, 0.31157, -0.0030423, 1.9902, 0.26962, 0.01619, 0.93902, 1.9237, 0.065468, 1.27, 1.0474, 1.535, 0.84706, 0.63533, 2.565, 2.2111, 0.60191, 0.011163, 6.4893, 1.1355, 0.033005, 3.7474, 2.2935, 0.093929, 7.9365e-08, 0.0002898, 0.063324, 0.0096084, 0.0087979, 0.17753, 0.65263, 0.0077892, 1.8645e-05, 1.8704, 0.06928, 2.6127e-05, 0.72878, 0.012634, 7.4846e-05, 0.48577, 0.92624, 0.41178, 0.41909, 0.24107, -1.0067, -1.6341, 0.1715, -0.010385, -0.10881, -0.18716, 0.012213, -0.74801, 0.86786, 0.059036, 2.0532, 1.1126, 1.8304, 0.95256, 0.72102, 4.7506, 3.3987, 0.74199, 0.018506, 8.5883, 1.5923, 0.036983, 5.4344, 3.3493, 0.10036, 0.22703, 0.0032099, 0.18596, 0.026296, 0.021286, 3.0628, 2.3404, 0.030074, 7.7127e-05, 6.9893, 0.29259, 5.6697e-05, 3.5319, 0.56897, 0.0001578
126, 3.0049, 0.29103, 0.12422, 0, 1.3368, 0.34018, 0.13438, 0.93988, 1.0817, 0.31714, 0.3177, 1.1879, 0.76344, 0.69657, 0.00011, 5.1224, 0.31644, 0.00142, 2.3397, 1.0328, 0.02895, 0.87288, 0.97918, 1.3397, 0.35419, 0.53251, 1.4401, 0.9231, 0.86356, 0.0068503, 7.0778, 0.70408, 0.0027583, 5.1595, 0.22849, 0.038841, 0.87242, 0.95058, 0.90825, 0.19873, 0.33507, 0.75022, -0.51522, 0.71389, -0.00042666, 4.7861, 0.19652, -0.011683, 3.3026, 0.05741, 0.021862, 0.87334, 1.0078, 1.7712, 0.50966, 0.72996, 2.1301, 2.3614, 1.0132, 0.014127, 9.3696, 1.2116, 0.0172, 7.0165, 0.39957, 0.05582, 7.9364e-08, 0.00030245, 0.068814, 0.0089332, 0.01441, 0.17593, 0.76463, 0.0082806, 1.9573e-05, 1.9412, 0.095219, 7.7085e-05, 1.2745, 0.010818, 0.00010655, 0.089151, 0.88581, 0.62003, 0.09091, 0.26275, -1.4377, -1.6528, 0.576, -0.0076817, 2.7073, -0.22424, -0.014308, 1.8381, -1.0102, 0.016198, 1.6566, 1.0726, 2.0594, 0.61748, 0.80228, 4.318, 3.499, 1.1511, 0.021382, 11.448, 1.6324, 0.019825, 8.481, 1.4672, 0.061484, 0.22703, 0.0032225, 0.19145, 0.025621, 0.026897, 3.0612, 2.4524, 0.030565, 7.8054e-05, 7.0601, 0.31853, 0.00010765, 4.0776, 0.56716, 0.0001895
127, 4, 0.22305, 0.06497, 0.07227, 0.82812, 0.30042, 0.96552, 1.0856, 0.55059, 0.33942, 0.42883, 1.3077, 0.47894, 0.60757, 0.00495, 7.9526, 1.6812, 0.01629, 4.1865, 0.43928, 0.07077, 1.0852, 1.0031, 1.4056, 0.29285, 0.49174, 0.98176, 1.7681, 0.81293, 0.0050797, 4.0687, 0.67372, 0.0047106, 5.0431, 0.70973, 0.057679, 1.0847, 0.978, 0.98454, 0.18184, 0.24546, 0.33374, 0.55907, 0.69591, -0.00096363, 2.1338, 0.15043, -0.0094217, 3.2715, 0.52562, 0.04034, 1.0856, 1.0283, 1.8267, 0.40386, 0.73801, 1.6298, 2.9772, 0.92995, 0.011123, 6.0036, 1.197, 0.018843, 6.8146, 0.89383, 0.075017, 7.9364e-08, 0.00023357, 0.065534, 0.0045546, 0.022417, 0.15521, 0.54032, 0.0050612, 1.3499e-05, 1.3838, 0.10121, 7.382e-05, 1.16, 0.012528, 0.00011111, 0.30143, 0.91076, 0.6921, 0.053114, 0.18443, -1.8864, -0.6871, 0.54093, -0.0088754, -0.12573, -0.26329, -0.012095, 1.7686, -0.53087, 0.034765, 1.8689, 1.0955, 2.1191, 0.53258, 0.79904, 3.8499, 4.2234, 1.0849, 0.019035, 8.2631, 1.6107, 0.021516, 8.3176, 1.9503, 0.080592, 0.22703, 0.0031536, 0.18817, 0.021243, 0.034905, 3.0405, 2.2281, 0.027346, 7.198e-05, 6.5027, 0.32452, 0.00010439, 3.9631, 0.56887, 0.00019406
128, 3.0049, 0.23387, 0.07719, 0.14319, 1.3368, 0.52201, 0.71713, 1.0658, 1.0619, 0.67808, 0.3956, 1.4225, 0.47705, 0.62206, 0.00364, 3.115, 0.02526, 0.03344, 6.0033, 0.16016, 0.03458, 0.96196, 0.99689, 1.1461, 0.4917, 0.45604, 1.6266, 0.85682, 0.71274, 0.0070283, 4.1824, 0.708, 0.01854, 6.0613, 0.77866, 0.047525, 0.96149, 0.97453, 0.84961, 0.39956, 0.34706, 1.0837, -0.069124, 0.60659, 0.0015327, 2.5478, 0.30613, 0.011485, 4.8704, 0.6135, 0.038182, 0.96242, 1.0192, 1.4427, 0.58385, 0.56503, 2.1695, 1.7828, 0.8189, 0.012524, 5.817, 1.1099, 0.025595, 7.2521, 0.94382, 0.056868, 7.9364e-08, 0.00018478, 0.032498, 0.0031384, 0.00439, 0.10894, 0.3169, 0.0041651, 1.1163e-05, 0.98755, 0.059692, 1.8398e-05, 0.52419, 0.010082, 3.2264e-05, 0.17823, 0.90524, 0.49827, 0.2601, 0.24235, -1.2196, -1.4721, 0.44523, -0.0066985, 0.11779, -0.16703, 0.0070301, 3.0609, -0.45928, 0.029869, 1.7457, 1.0885, 1.794, 0.72331, 0.66973, 4.4729, 3.1857, 0.98025, 0.020755, 8.2471, 1.583, 0.03005, 9.0616, 2.0166, 0.065181, 0.22703, 0.0031048, 0.15513, 0.019826, 0.016878, 2.9942, 2.0047, 0.02645, 6.9644e-05, 6.1065, 0.283, 4.8967e-05, 3.3273, 0.56642, 0.00011522
129, 2, 0.35329, 0.12544, 0.20759, 0.78652, 0.498, 0.26529, 1.0591, 1.8561, 0.25017, 0.10517, 2.8836, 2.3685, 0.71813, 0.00015, 3.775, 0.07673, 0.00094, 1.697, 1.6013, 0.03549, 0.99542, 0.9867, 1.4043, 0.49676, 0.3376, 1.9908, 2.2243, 0.80864, 0.004466, 6.537, 0.62636, 0.0017978, 3.8087, 0.41517, 0.041301, 0.99496, 0.96012, 0.96159, 0.3855, 0.13013, 1.3046, 0.9179, 0.67895, -0.0023692, 4.4269, 0.12459, -0.011218, 1.8785, 0.23352, 0.025801, 0.99589, 1.0133, 1.8469, 0.60802, 0.54507, 2.677, 3.5306, 0.93834, 0.011301, 8.6471, 1.1281, 0.014814, 5.739, 0.59681, 0.056801, 7.9364e-08, 0.00026103, 0.072429, 0.0045755, 0.015909, 0.17404, 0.63077, 0.006217, 1.7268e-05, 1.6457, 0.093059, 6.2617e-05, 1.3771, 0.012195, 8.8799e-05, 0.21169, 0.89392, 0.6778, 0.25691, 0.060419, -0.88622, -0.28033, 0.53095, -0.0098499, 2.2589, -0.29881, -0.01408, 0.44573, -0.82507, 0.019745, 1.7792, 1.0795, 2.1307, 0.73661, 0.61478, 4.8678, 4.7288, 1.0863, 0.018782, 10.815, 1.5515, 0.017676, 7.1717, 1.6554, 0.062858, 0.22703, 0.0031811, 0.19506, 0.021263, 0.028397, 3.0593, 2.3186, 0.028502, 7.5749e-05, 6.7647, 0.31637, 9.3187e-05, 4.1802, 0.56853, 0.00017175
130, 3, 0.27345, 0.03343, 0.04505, 1.7018, 0.64253, 0.28535, 1.0802, 1.8424, 0.36976, 0.38865, 0.92983, 0.89203, 0.95683, 0.00043, 8.4101, 1.6111, 0.00541, 9.105, 0.59763, 0.05459, 0.99152, 0.99172, 1.4014, 0.31295, 0.415, 1.7941, 1.6391, 0.75903, 0.009321, 5.4452, 0.57395, 0.0075264, 5.1497, 0.71281, 0.046149, 0.99106, 0.96489, 0.96359, 0.16233, 0.20703, 1.1149, -0.086192, 0.63396, 0.0027022, 3.313, 0.061999, -0.0063145, 3.322, 0.53228, 0.029973, 0.99199, 1.0185, 1.8393, 0.46358, 0.62296, 2.4733, 3.3644, 0.8841, 0.01594, 7.5774, 1.0859, 0.021367, 6.9775, 0.89334, 0.062325, 7.9364e-08, 0.00026599, 0.070858, 0.0083855, 0.015985, 0.17052, 1.1002, 0.005782, 1.6192e-05, 1.6804, 0.096872, 7.0807e-05, 1.2348, 0.012047, 9.6715e-05, 0.20779, 0.89888, 0.6779, 0.052498, 0.13745, -1.0813, -1.1074, 0.48347, -0.0048928, 1.1561, -0.35678, -0.009035, 1.8445, -0.52727, 0.024101, 1.7753, 1.0846, 2.125, 0.57341, 0.69255, 4.6694, 4.3856, 1.0346, 0.023535, 9.7342, 1.5047, 0.024088, 8.455, 1.9529, 0.068197, 0.22703, 0.0031861, 0.19349, 0.025073, 0.028473, 3.0558, 2.788, 0.028067, 7.4673e-05, 6.7993, 0.32018, 0.00010138, 4.0379, 0.56839, 0.00017967
131, 2, 0.35621, 0.05167, 0.18994, 1, 0.8647, 1.7308, 1.0679, 0.67742, 0.41156, 0.36763, 1.0482, 0.64669, 0.62777, 0.00068, 8.7882, 0.40591, 0.00708, 3.1943, 0.37958, 0.03473, 0.91804, 1.0016, 1.3762, 0.43316, 0.21197, 3.1479, 2.1036, 0.77777, 0.0076224, 5.1577, 0.58277, 0.0065483, 4.1364, 0.79695, 0.045194, 0.91758, 0.97451, 0.93379, 0.3057, -0.00043301, 2.4348, 0.51518, 0.64791, 0.0010116, 3.1499, 0.045196, -0.0083221, 2.2025, 0.62106, 0.03084, 0.91851, 1.0288, 1.8185, 0.56061, 0.42436, 3.8609, 3.692, 0.90762, 0.014233, 7.1656, 1.1203, 0.021419, 6.0703, 0.97284, 0.059548, 7.9364e-08, 0.00027211, 0.072327, 0.0060045, 0.016674, 0.18791, 0.93257, 0.0062326, 1.6153e-05, 1.4901, 0.10681, 8.1731e-05, 1.3824, 0.011435, 7.6153e-05, 0.13431, 0.90871, 0.64987, 0.18538, -0.068924, 0.26433, -0.55901, 0.5, -0.0065877, 0.92914, -0.3623, -0.010883, 0.77129, -0.44246, 0.024446, 1.7018, 1.0946, 2.1024, 0.68094, 0.49286, 6.0314, 4.7662, 1.0555, 0.021832, 9.3863, 1.5278, 0.023979, 7.5015, 2.0364, 0.065942, 0.22703, 0.0031922, 0.19496, 0.022692, 0.029162, 3.0732, 2.6204, 0.028517, 7.4634e-05, 6.609, 0.33012, 0.0001123, 4.1855, 0.56777, 0.00015911
132, 5.3333, 0.34261, 0.05169, 0.0412, 1.3368, 0.36861, 1.6082, 1.0945, 1.1152, 0.01054, 0.413, 0.18983, 6.3704, 0.78441, 0.03335, 9.112, 0.71465, 0.03382, 2.5602, 0.28438, 0.07362, 1.1583, 1.0008, 1.3673, 0.30191, 0.75296, 1.8606, 3.2161, 0.81918, 0.0128, 5.1529, 0.36837, 0.0077238, 3.9356, 0.7488, 0.066629, 1.1578, 0.97597, 0.98432, 0.19745, 0.57117, 1.0522, 2.1166, 0.69726, 0.0066278, 3.1277, -0.093666, -0.0023548, 2.1995, 0.5584, 0.054642, 1.1587, 1.0256, 1.7503, 0.40637, 0.93476, 2.6689, 4.3156, 0.94111, 0.018971, 7.178, 0.83041, 0.017802, 5.6717, 0.9392, 0.078616, 7.9365e-08, 0.00022741, 0.05421, 0.004033, 0.012215, 0.24153, 0.44685, 0.0054945, 1.4079e-05, 1.5159, 0.078903, 3.7545e-05, 1.1141, 0.013399, 5.3108e-05, 0.37452, 0.90849, 0.67558, 0.065136, 0.49444, -1.048, 0.81291, 0.54504, -0.0012117, 0.91603, -0.53587, -0.0058514, 0.68015, -0.49275, 0.047443, 1.942, 1.0931, 2.059, 0.53868, 1.0115, 4.7691, 5.6193, 1.0933, 0.026811, 9.3897, 1.2726, 0.021299, 7.1911, 1.9904, 0.085816, 0.22703, 0.0031475, 0.17685, 0.020721, 0.024703, 3.1268, 2.1346, 0.027779, 7.256e-05, 6.6348, 0.30221, 6.8115e-05, 3.9172, 0.56974, 0.00013606
133, 6.58, 0.15255, 0.03744, 0.41875, 1.4749, 0.34159, 1.9955, 0.94001, 1.6599, 0.49465, 0.35365, 0.78493, 1.083, 0.73588, 0.00355, 9.7545, 0.64242, 0.00076, 1.4044, 2.2447, 0.04814, 1.3744, 1.0228, 1.2293, 0.57326, 0.33049, 1.8797, 1.3251, 0.61945, 0.0050108, 5.0894, 0.85525, 0.014076, 2.8058, 2.0957, 0.071441, 1.3739, 0.9956, 0.7995, 0.44024, 0.13157, 1.1681, -0.10869, 0.49498, -0.0017148, 2.8391, 0.33668, 0.00065561, 1.0917, 1.9038, 0.054684, 1.3748, 1.0499, 1.6592, 0.70628, 0.52941, 2.5912, 2.7589, 0.74392, 0.011736, 7.3398, 1.3738, 0.027496, 4.5198, 2.2875, 0.088199, 7.9365e-08, 0.00027278, 0.068289, 0.0065402, 0.014625, 0.18713, 0.75984, 0.0057264, 1.6719e-05, 1.8717, 0.099393, 6.6567e-05, 1.0859, 0.013603, 0.00010379, 0.59063, 0.92982, 0.51061, 0.32257, 0.059647, -1.0035, -1.2483, 0.34416, -0.0092531, 0.7405, -0.079137, -0.0021356, -0.43797, 0.85389, 0.048963, 2.1581, 1.1157, 1.9481, 0.82395, 0.60133, 4.7628, 3.8985, 0.89474, 0.019275, 9.4384, 1.7896, 0.030287, 6.0495, 3.3374, 0.093919, 0.22703, 0.0031928, 0.19093, 0.023228, 0.027113, 3.0724, 2.4476, 0.028011, 7.52e-05, 6.9906, 0.3227, 9.7137e-05, 3.889, 0.56994, 0.00018675
134, 2.25, 0.40365, 0.10725, 0.1045, 1.5132, 0.69031, 0.40909, 0.90238, 1.9188, 0.16961, 0.20541, 8.3604, 4.1782, 0.73874, 0.01647, 2.2509, 0.0209, 0.00241, 2.7867, 0.65054, 0.03387, 0.85989, 1.0212, 1.2676, 0.32723, 0.39496, 2.4788, 1.1235, 0.77952, 0.0044046, 6.4303, 0.74457, 0.010335, 3.846, 0.40675, 0.040708, 0.85942, 0.99382, 0.8212, 0.20725, 0.1505, 1.822, -0.60608, 0.66476, -0.0016217, 4.4744, 0.22285, -0.0047875, 1.8296, 0.226, 0.02606, 0.86035, 1.0485, 1.7139, 0.44721, 0.63942, 3.1356, 2.8531, 0.89428, 0.010431, 8.3861, 1.2663, 0.025457, 5.8623, 0.5875, 0.055356, 7.9364e-08, 0.00027653, 0.073637, 0.0053205, 0.022088, 0.15946, 1.1057, 0.004868, 1.3423e-05, 1.4139, 0.1006, 8.4525e-05, 1.5027, 0.012076, 7.9303e-05, 0.076156, 0.92818, 0.53884, 0.08321, 0.089106, -0.39136, -1.6257, 0.50848, -0.0095431, 2.2262, -0.19157, -0.0073115, 0.43283, -0.83336, 0.019756, 1.6436, 1.1142, 1.9963, 0.57125, 0.70081, 5.3489, 3.8727, 1.0506, 0.018352, 10.634, 1.6807, 0.027981, 7.2591, 1.6469, 0.06166, 0.22703, 0.0031966, 0.19627, 0.022008, 0.034576, 3.0448, 2.7935, 0.027153, 7.1904e-05, 6.5328, 0.32391, 0.0001151, 4.3058, 0.56841, 0.00016226
135, 2.8571, 0.31616, 0.03225, 0, 2.5, 1.0324, 1.8568, 0.98898, 1.3392, 0.19784, 0.305, 0.12818, 0.09563, 0.44879, 0.00201, 1.5262, 1.0602, 0.04796, 4.9098, 0.26284, 0.07382, 0.64363, 1.0044, 1.1062, 0.35935, 0.49741, 2.9627, 1.1109, 0.82948, 0.0096175, 4.2952, 0.67409, 0.013941, 5.2597, 1.045, 0.04063, 0.64317, 0.97459, 0.65147, 0.20064, 0.24182, 2.0979, -1.1202, 0.67071, 0.0024969, 1.7811, 0.12956, -0.0017454, 3.0921, 0.8507, 0.021545, 0.6441, 1.0343, 1.5609, 0.51806, 0.75299, 3.8274, 3.342, 0.98826, 0.016738, 6.8093, 1.2186, 0.029628, 7.4273, 1.2393, 0.059715, 7.9365e-08, 0.00032918, 0.076429, 0.0093098, 0.024144, 0.27639, 1.8399, 0.0093177, 1.874e-05, 2.3362, 0.1096, 9.0949e-05, 1.7366, 0.013953, 0.00013463, -0.1401, 0.91068, 0.37232, 0.09414, 0.18259, 0.037939, -1.9785, 0.53707, -0.0048368, -0.1959, -0.27495, -0.004191, 1.7551, -0.19716, 0.016367, 1.4274, 1.0982, 1.8401, 0.62457, 0.81223, 5.8874, 4.2003, 1.1219, 0.024072, 8.7863, 1.6231, 0.032073, 8.7644, 2.2872, 0.064892, 0.22703, 0.0032492, 0.19907, 0.025998, 0.036632, 3.1617, 3.5277, 0.031602, 7.7222e-05, 7.4551, 0.3329, 0.00012152, 4.5397, 0.57029, 0.00021758
136, 5.999, 0.24413, 0.00896, 0.18697, 3.3073, 0.6461, 1.6405, 1.0647, 0.74788, 0.84333, 0.45908, 0.83329, 0.82683, 0.94894, 0.00019, 2.4192, 0.46328, 0.00392, 3.3546, 2.2644, 0.04487, 1.1932, 1.0366, 1.3034, 0.552, 0.5692, 2.4034, 1.0666, 0.76603, 0.0054565, 4.0977, 0.70825, 0.016304, 4.2289, 1.8682, 0.058375, 1.1928, 1.0072, 0.8444, 0.40443, 0.29892, 1.533, -1.197, 0.60741, -0.0017013, 1.5927, 0.16372, 0.00061427, 2.0548, 1.6733, 0.039193, 1.1937, 1.0659, 1.7624, 0.69956, 0.83948, 3.2738, 3.3301, 0.92466, 0.012614, 6.6028, 1.2528, 0.031994, 6.403, 2.0631, 0.077556, 7.9365e-08, 0.00031833, 0.077868, 0.0080484, 0.027001, 0.28001, 1.8938, 0.0092999, 1.8937e-05, 2.3195, 0.10959, 9.0986e-05, 1.7471, 0.014037, 0.00013599, 0.4095, 0.94295, 0.56686, 0.2933, 0.24234, -0.52298, -2.0463, 0.47371, -0.0090162, -0.38832, -0.24079, -0.0018309, 0.72023, 0.62596, 0.034036, 1.977, 1.1302, 2.0399, 0.81069, 0.89606, 5.3298, 4.1795, 1.0584, 0.019929, 8.5838, 1.6573, 0.034439, 7.7376, 3.1105, 0.082713, 0.22703, 0.0032384, 0.2005, 0.024736, 0.039488, 3.1653, 3.5816, 0.031585, 7.7418e-05, 7.4384, 0.3329, 0.00012156, 4.5502, 0.57038, 0.00021895
137, 3.0049, 0.16268, 0.06944, 0.10201, 1.3368, 0.42998, 0.19636, 0.96975, 1.0673, 0.50572, 0.51429, 1.9557, 0.59306, 0.60697, 0.00332, 4.0659, 0.22156, 0.00313, 5.5905, 0.29652, 0.03673, 0.96572, 1.0171, 1.158, 0.44574, 0.48907, 1.3451, 1.562, 0.78667, 0.0028789, 4.0073, 0.65251, 0.0037594, 5.6506, 0.78658, 0.040043, 0.96525, 0.99358, 0.78887, 0.35972, 0.36706, 0.76608, 0.20834, 0.67888, -0.0031534, 2.2421, 0.22997, -0.0056814, 4.2755, 0.6202, 0.028575, 0.96618, 1.0405, 1.5272, 0.53176, 0.61107, 1.9241, 2.9157, 0.89445, 0.0089112, 5.7724, 1.0751, 0.0132, 7.0256, 0.95296, 0.051511, 7.9364e-08, 0.00020372, 0.050374, 0.002735, 0.0055019, 0.12392, 0.67727, 0.0042941, 1.345e-05, 1.1516, 0.065991, 3.2943e-05, 0.69886, 0.010232, 4.8611e-05, 0.18199, 0.92512, 0.47388, 0.21651, 0.26845, -1.5082, -0.96758, 0.51851, -0.011071, -0.11162, -0.2322, -0.0093493, 2.5725, -0.45152, 0.021176, 1.7494, 1.109, 1.8422, 0.67498, 0.70968, 4.1985, 4.0916, 1.0548, 0.016829, 8.1261, 1.5372, 0.016868, 8.7287, 2.0247, 0.05891, 0.22703, 0.0031238, 0.17301, 0.019423, 0.01799, 3.0092, 2.3651, 0.026579, 7.1931e-05, 6.2705, 0.2893, 6.3513e-05, 3.502, 0.56657, 0.00013157
138, 2, 0.062, 0.15337, 0.3497, 1.1719, 0.35343, 1.7917, 1.0908, 0.92032, 0.88552, 0.88839, 1.045, 1.079, 0.88366, 0.00026, 0.65724, 0.65562, 0.00892, 6.7166, 0.85853, 0.04083, 0.85886, 1.0109, 1.121, 0.64679, 0.49642, 1.7067, 0.6454, 0.74113, 0.0038069, 1.9713, 1.0026, 0.0067272, 2.6475, 1.25, 0.043086, 0.85839, 0.97974, 0.66298, 0.50222, 0.26981, 0.9444, -0.97188, 0.6051, -0.0034065, -0.18437, 0.50856, -0.005622, 0.82546, 1.0705, 0.02702, 0.85932, 1.042, 1.579, 0.79137, 0.72302, 2.469, 2.2627, 0.87716, 0.01102, 4.127, 1.4965, 0.019076, 4.4695, 1.4294, 0.059151, 7.9364e-08, 0.00035857, 0.077538, 0.0077255, 0.018979, 0.21477, 0.96676, 0.0068391, 1.9232e-05, 1.7175, 0.090197, 5.6367e-05, 1.227, 0.011902, 9.5398e-05, 0.075127, 0.9167, 0.38508, 0.38979, 0.20463, -1.1894, -2.0345, 0.46043, -0.010693, -2.3294, 0.081577, -0.0086094, -0.6546, 0.010032, 0.021119, 1.6426, 1.1051, 1.8569, 0.9038, 0.7882, 4.6028, 3.3253, 1.0218, 0.018307, 6.272, 1.9235, 0.022064, 5.9495, 2.4899, 0.065053, 0.22703, 0.0032786, 0.20017, 0.024413, 0.031467, 3.1001, 2.6545, 0.029124, 7.7713e-05, 6.8365, 0.3135, 8.6937e-05, 4.0301, 0.56824, 0.00017835
139, 5.4951, 0.18658, 0.04293, 0.27077, 2.2281, 0.42595, 0.90854, 1.0896, 1.7515, 0.53639, 0.30147, 0.83737, 0.42987, 0.39188, 0.01044, 1.4954, 0.5848, 0.02285, 4.9224, 0.83158, 0.04858, 1.2471, 1.0238, 1.2105, 0.56531, 0.45115, 1.8258, 0.69622, 0.66598, 0.0051316, 4.6593, 0.86487, 0.018859, 5.4396, 1.6608, 0.0516, 1.2466, 0.99766, 0.84773, 0.45998, 0.29692, 1.0171, -0.42939, 0.54563, -0.00089187, 2.6914, 0.41455, 0.010152, 3.734, 1.4696, 0.039707, 1.2475, 1.05, 1.5733, 0.67065, 0.60537, 2.6345, 1.8218, 0.78634, 0.011155, 6.6271, 1.3152, 0.027567, 7.1453, 1.8519, 0.063493, 7.9365e-08, 0.00025308, 0.048646, 0.0041007, 0.0087912, 0.24171, 0.4683, 0.0053538, 1.341e-05, 1.4313, 0.074953, 2.8026e-05, 1.0753, 0.01351, 5.2277e-05, 0.46332, 0.93117, 0.52977, 0.32816, 0.21121, -1.0828, -1.719, 0.39253, -0.0088149, 0.44952, -0.03344, 0.0062684, 2.2003, 0.41909, 0.032472, 2.0308, 1.1165, 1.8913, 0.80247, 0.69109, 4.7345, 3.1115, 0.93944, 0.019078, 8.869, 1.7632, 0.03145, 8.679, 2.9024, 0.070728, 0.22703, 0.0031731, 0.17128, 0.020789, 0.021279, 3.127, 2.1561, 0.027638, 7.1892e-05, 6.5502, 0.29826, 5.8596e-05, 3.8784, 0.56985, 0.00013523
140, 2.25, 0.31691, 0.0842, 0.08204, 1.5132, 0.67396, 1.1096, 0.91486, 1.4385, 0.22054, 0.26254, 1.2785, 0.70091, 0.51289, 0.03167, 2.5363, 0.78562, 0.00641, 3.7786, 0.33838, 0.03977, 0.84896, 0.98151, 1.5132, 0.30926, 0.3542, 2.6899, 2.1141, 0.7611, 0.013209, 5.8581, 0.73878, 0.0051489, 3.8014, 0.56405, 0.043372, 0.8485, 0.95712, 1.1593, 0.19987, 0.20505, 2.0517, 0.92989, 0.6553, 0.0077901, 4.1037, 0.30416, -0.0039833, 2.3575, 0.38406, 0.032762, 0.84943, 1.0059, 1.8671, 0.41865, 0.50335, 3.3282, 3.2983, 0.86689, 0.018627, 7.6125, 1.1734, 0.014281, 5.2453, 0.74403, 0.053982, 7.9364e-08, 0.00022002, 0.046288, 0.0044227, 0.0082219, 0.15058, 0.51833, 0.0041368, 1.0851e-05, 1.1376, 0.06982, 3.0824e-05, 0.77059, 0.011973, 4.1607e-05, 0.065233, 0.88934, 0.83713, 0.070269, 0.11749, -0.17602, -0.329, 0.49373, -0.00048756, 1.7438, -0.15176, -0.0077393, 0.69196, -0.67595, 0.025014, 1.6327, 1.0737, 2.1892, 0.54825, 0.59091, 5.5559, 4.5572, 1.0285, 0.026905, 9.9724, 1.6293, 0.018037, 6.9109, 1.804, 0.06173, 0.22703, 0.0031401, 0.16892, 0.021111, 0.02071, 3.0359, 2.2061, 0.026421, 6.9333e-05, 6.2565, 0.29313, 6.1394e-05, 3.5737, 0.56831, 0.00012456
141, 6.58, 0.15255, 0.07854, 0.41875, 1.1111, 0.20921, 1.4482, 1.0684, 1.3531, 0.33881, 0.35513, 0.67187, 0.91657, 0.54195, 0.00016, 4.9234, 1.8247, 0.00566, 1.4761, 1.538, 0.08741, 1.3133, 1.0034, 1.1128, 0.6758, 0.46606, 1.8465, 0.65479, 0.67445, 0.003617, 5.5139, 0.72915, 0.0056672, 3.3072, 1.8946, 0.064391, 1.3128, 0.97665, 0.70575, 0.55145, 0.30792, 1.1581, -0.748, 0.56078, -0.0025892, 3.4618, 0.24843, -0.0039643, 1.812, 1.7077, 0.051046, 1.3138, 1.0301, 1.5198, 0.80015, 0.6242, 2.535, 2.0576, 0.78811, 0.0098232, 7.5661, 1.2099, 0.015299, 4.8025, 2.0815, 0.077736, 7.9365e-08, 0.00026436, 0.061239, 0.0057155, 0.0092435, 0.17517, 0.72733, 0.004775, 1.4236e-05, 1.5565, 0.085412, 3.4287e-05, 0.82638, 0.01291, 6.5823e-05, 0.52958, 0.91057, 0.40746, 0.4296, 0.22359, -1.031, -1.9014, 0.40387, -0.010409, 1.2641, -0.18478, -0.0075795, 0.17357, 0.65361, 0.044328, 2.097, 1.0962, 1.8181, 0.922, 0.70854, 4.7241, 3.211, 0.94502, 0.017643, 9.7637, 1.6431, 0.018914, 6.4409, 3.1356, 0.084454, 0.22703, 0.0031844, 0.18387, 0.022403, 0.021731, 3.0605, 2.4151, 0.02706, 7.2718e-05, 6.6755, 0.30872, 6.4857e-05, 3.6295, 0.56925, 0.00014878
142, 2.25, 0.32819, 0.06546, 0.08496, 2.0159, 0.80617, 0.33115, 0.92858, 1.5033, 0.37884, 0.28337, 2.8619, 0.10309, 0.76895, 0.00877, 9.0654, 0.11913, 0.00155, 5.6528, 0.86888, 0.03393, 0.84044, 0.99356, 1.4208, 0.29591, 0.32536, 2.8554, 2.6319, 0.7464, 0.016088, 4.9134, 0.61316, 0.0064534, 3.6538, 0.74142, 0.036302, 0.83997, 0.96839, 1.0375, 0.14498, 0.13248, 2.1749, 1.1683, 0.61618, 0.010522, 2.642, 0.11964, -0.0057632, 2.0009, 0.55646, 0.020054, 0.8409, 1.0187, 1.8042, 0.44683, 0.51823, 3.536, 4.0955, 0.87662, 0.021653, 7.1849, 1.1067, 0.01867, 5.3066, 0.92638, 0.052551, 7.9364e-08, 0.00023404, 0.054312, 0.0084189, 0.01375, 0.17117, 0.79175, 0.0062679, 1.1449e-05, 1.907, 0.090022, 5.5163e-05, 1.0097, 0.012645, 9.758e-05, 0.056705, 0.90118, 0.72894, 0.035277, 0.058926, -0.020226, 0.041808, 0.46846, 0.0023327, 0.55351, -0.30756, -0.0087766, 0.44197, -0.49931, 0.014201, 1.6242, 1.0859, 2.1128, 0.55654, 0.59179, 5.7311, 5.222, 1.0243, 0.029843, 9.2733, 1.5339, 0.021683, 6.8656, 1.9821, 0.058403, 0.22703, 0.0031541, 0.17695, 0.025107, 0.026237, 3.0565, 2.4795, 0.028553, 6.993e-05, 7.0259, 0.31333, 8.5732e-05, 3.8128, 0.56898, 0.00018053
143, 7.5, 0.72522, 0.11557, 0.2412, 0.99099, 0.28911, 0.649, 1.006, 1.7291, 0.14361, 0.37906, 9.4255, 2.8687, 0.76521, 0.00316, 8.214, 0.01555, 0.02411, 1.2552, 0.58376, 0.09502, 1.5193, 0.99454, 1.7464, 0.23329, 0.59228, 2.2148, 1.37, 0.87081, 0.0055029, 9.5315, 0.42915, 0.0049124, 4.0886, 0.49909, 0.073582, 1.5188, 0.9603, 1.2832, 0.072837, 0.32081, 1.3204, -0.62829, 0.71911, -0.0013659, 7.0148, -0.11543, -0.010778, 1.9089, 0.30494, 0.054446, 1.5198, 1.0288, 2.2096, 0.39374, 0.86374, 3.1092, 3.3683, 1.0225, 0.012372, 12.048, 0.97373, 0.020603, 6.2683, 0.69324, 0.092718, 7.9365e-08, 0.00043329, 0.079293, 0.0095152, 0.027238, 0.29567, 1.476, 0.0085066, 1.7439e-05, 2.3411, 0.10962, 9.0998e-05, 1.7561, 0.013933, 0.00013534, 0.73557, 0.89929, 1.0073, -0.032972, 0.26444, -0.71889, -1.5557, 0.58219, -0.0088291, 5.0389, -0.51992, -0.013223, 0.57645, -0.74304, 0.049279, 2.303, 1.0898, 2.4855, 0.49954, 0.92012, 5.1484, 4.2957, 1.1594, 0.019835, 14.024, 1.3782, 0.023048, 7.6007, 1.7412, 0.097885, 0.22703, 0.0033533, 0.20193, 0.026203, 0.039726, 3.181, 3.1637, 0.030791, 7.592e-05, 7.46, 0.33292, 0.00012157, 4.5592, 0.57027, 0.0002183
144, 4, 0.17869, 0.16747, 0.7, 0.72222, 0.25693, 1.8258, 0.91074, 1.4615, 0.28822, 0.03239, 1.6833, 2.6463, 0.17198, 0.00955, 1.3058, 0.1538, 0.00137, 1.6116, 2.425, 0.06553, 1.2918, 0.96969, 1.3112, 0.65549, 0.31485, 1.3013, 1.6537, 0.54932, 0.0027023, 3.8055, 0.96432, 0.0092047, 1.8086, 1.7735, 0.061512, 1.2913, 0.93822, 0.84821, 0.4798, 0.059334, 0.52598, -0.27833, 0.39673, -0.0045717, 1.3705, 0.4238, -0.0053991, -0.15459, 1.5832, 0.043624, 1.2923, 1.0012, 1.7743, 0.83117, 0.57036, 2.0766, 3.5856, 0.70191, 0.0099763, 6.2405, 1.5048, 0.023808, 3.7718, 1.9639, 0.079399, 7.9365e-08, 0.00036608, 0.079245, 0.011408, 0.024131, 0.22217, 1.3796, 0.008606, 1.9557e-05, 2.1915, 0.10799, 7.8827e-05, 1.4245, 0.013388, 0.00011826, 0.50808, 0.8754, 0.57219, 0.37978, 8.8869e-05, -1.5983, -1.2271, 0.26023, -0.011828, -0.64181, 0.017571, -0.0079993, -1.5734, 0.532, 0.038179, 2.0755, 1.064, 2.0503, 0.93119, 0.62961, 4.2008, 4.5344, 0.83842, 0.017233, 8.2528, 1.9111, 0.026409, 5.1906, 3.0151, 0.084844, 0.22703, 0.0032861, 0.20188, 0.028096, 0.036619, 3.1075, 3.0674, 0.030891, 7.8038e-05, 7.3104, 0.3313, 0.0001094, 4.2276, 0.56973, 0.00020121
145, 4.4984, 0.27827, 0.05739, 0.09264, 0.79167, 0.36082, 0.3498, 0.90052, 1.9932, 0.35769, 0.84081, 4.2032, 5.2219, 0.95763, 0.00499, 2.3817, 0.32762, 0.00069, 2.6619, 2.9377, 0.06345, 1.1159, 0.99627, 1.6008, 0.27951, 0.67796, 1.376, 3.0803, 0.74037, 0.012538, 3.818, 0.47063, 0.0045024, 4.1527, 0.75827, 0.060423, 1.1155, 0.97148, 1.2522, 0.20467, 0.52939, 0.76712, 2.094, 0.64428, 0.0070718, 2.3822, 0.043317, -0.0032016, 2.6514, 0.58192, 0.051711, 1.1164, 1.0211, 1.9493, 0.35436, 0.82652, 1.9849, 4.0666, 0.83646, 0.018003, 5.2538, 0.89793, 0.012206, 5.6541, 0.93462, 0.069135, 7.9364e-08, 0.00022723, 0.044913, 0.0020706, 0.008158, 0.13704, 0.35954, 0.0034128, 1.1042e-05, 0.76194, 0.067488, 2.1937e-05, 0.83311, 0.011495, 2.8052e-05, 0.33218, 0.90399, 0.92747, 0.054233, 0.44162, -1.4835, 0.72677, 0.47669, -0.0011773, -0.17084, -0.41637, -0.0074165, 1.0162, -0.4812, 0.043093, 1.8996, 1.0885, 2.274, 0.5048, 0.9143, 4.2356, 5.4338, 1.004, 0.026252, 7.8069, 1.3576, 0.016421, 7.2893, 1.9977, 0.077753, 0.22703, 0.0031473, 0.16755, 0.018759, 0.020646, 3.0223, 2.0473, 0.025697, 6.9523e-05, 5.8809, 0.2908, 5.2507e-05, 3.6362, 0.56783, 0.00011101
146, 4.4984, 0.28084, 0.05792, 0.09349, 0.79167, 0.36102, 0.4759, 0.90508, 1.9385, 0.18205, 0.75003, 3.7828, 2.2093, 0.65909, 0.01921, 1.6395, 0.14229, 0.00244, 2.9959, 1.2145, 0.05735, 1.1174, 0.9948, 1.6385, 0.29898, 0.73769, 1.3972, 3.7219, 0.78552, 0.010273, 3.9122, 0.51125, 0.003306, 4.0006, 0.78926, 0.062643, 1.1169, 0.96998, 1.292, 0.22514, 0.59088, 0.78834, 2.7464, 0.69015, 0.0047988, 2.4846, 0.086138, -0.0043266, 2.5144, 0.61291, 0.054108, 1.1179, 1.0196, 1.9851, 0.37283, 0.8845, 2.0061, 4.6974, 0.88089, 0.015747, 5.3398, 0.93636, 0.010939, 5.4869, 0.9656, 0.071178, 7.9364e-08, 0.00022766, 0.044385, 0.0020155, 0.0079662, 0.13702, 0.35172, 0.0033618, 1.1075e-05, 0.75329, 0.066796, 2.1533e-05, 0.81649, 0.011494, 2.6925e-05, 0.33367, 0.90251, 0.96632, 0.074031, 0.50245, -1.4623, 1.3729, 0.52211, -0.0034454, -0.073681, -0.37469, -0.0085669, 0.87127, -0.45022, 0.045401, 1.9011, 1.0871, 2.3108, 0.52393, 0.97293, 4.2567, 6.0709, 1.0489, 0.023991, 7.8981, 1.3972, 0.015179, 7.13, 2.0287, 0.079885, 0.22703, 0.0031477, 0.16702, 0.018703, 0.020454, 3.0223, 2.0395, 0.025646, 6.9556e-05, 5.8722, 0.2901, 5.2103e-05, 3.6196, 0.56783, 0.00010988
147, 4.56, 0.08105, 0.04323, 0.2, 2.0833, 0.37977, 0.64628, 1.0768, 1.6017, 0.52521, 0.71765, 3.2224, 1.2615, 0.688, 0.00012, 2.2106, 0.23115, 0.04396, 6.1086, 2.4097, 0.04345, 1.1245, 1.0394, 1.2889, 0.55237, 0.74788, 1.4706, 1.1168, 0.63956, 0.0049727, 2.7288, 0.86983, 0.035022, 5.8505, 1.5014, 0.055826, 1.1241, 1.0142, 0.9712, 0.45005, 0.61717, 0.85388, -0.041473, 0.52175, -0.00063929, 0.83534, 0.44425, 0.027473, 4.4008, 1.3206, 0.044429, 1.125, 1.0646, 1.6066, 0.6547, 0.8786, 2.0872, 2.275, 0.75737, 0.010585, 4.6222, 1.2954, 0.042571, 7.3003, 1.6821, 0.067223, 7.9364e-08, 0.0002352, 0.03731, 0.0038701, 0.0063156, 0.14056, 0.49585, 0.0051297, 1.1641e-05, 1.3251, 0.066944, 2.1063e-05, 0.77686, 0.012076, 4.8012e-05, 0.3408, 0.94699, 0.63109, 0.31653, 0.52233, -1.3907, -1.3138, 0.36721, -0.0088011, -1.4467, -0.016337, 0.023202, 2.7383, 0.26128, 0.037002, 1.9083, 1.1318, 1.9467, 0.78821, 0.97344, 4.3318, 3.5474, 0.9119, 0.018746, 6.9042, 1.756, 0.046841, 8.9627, 2.7415, 0.07465, 0.22703, 0.0031553, 0.15995, 0.020558, 0.018803, 3.0259, 2.1836, 0.027414, 7.0122e-05, 6.444, 0.29025, 5.1633e-05, 3.58, 0.56842, 0.00013097
148, 2.5, 0.2982, 0.06484, 0.6, 1.6667, 0.77092, 0.92858, 1.0653, 0.87941, 0.41175, 0.28611, 1.1012, 0.12765, 0.32978, 0.00045, 7.9993, 0.62862, 0.00789, 1.6314, 0.87548, 0.07689, 1.353, 1.0044, 1.3778, 0.47513, 0.34394, 2.0451, 0.79639, 0.52059, 0.0063775, 3.0838, 0.73444, 0.0096144, 2.1268, 1.5953, 0.054542, 1.3525, 0.97199, 0.91711, 0.3127, 0.097164, 1.3156, -0.85141, 0.37041, -0.0006916, 0.6506, 0.25045, -0.0023157, 0.37203, 1.4109, 0.035678, 1.3534, 1.0369, 1.8385, 0.63756, 0.59073, 2.7745, 2.4442, 0.67076, 0.013447, 5.5171, 1.2184, 0.021544, 3.8816, 1.7797, 0.073406, 7.9364e-08, 0.00038932, 0.078453, 0.0097518, 0.02251, 0.19669, 1.0036, 0.0083355, 1.847e-05, 2.1883, 0.086579, 5.2606e-05, 1.1381, 0.012568, 0.00013153, 0.56922, 0.90982, 0.64022, 0.20767, 0.036233, -0.84257, -1.9021, 0.23276, -0.0080515, -1.3625, -0.18121, -0.0053868, -1.1386, 0.35464, 0.030453, 2.1367, 1.0991, 2.1154, 0.74259, 0.65166, 4.9327, 3.4948, 0.80841, 0.020806, 7.5302, 1.6501, 0.024616, 5.3923, 2.8359, 0.078631, 0.22703, 0.0033094, 0.20109, 0.02644, 0.034997, 3.082, 2.6914, 0.03062, 7.6951e-05, 7.3072, 0.30989, 8.3175e-05, 3.9412, 0.56891, 0.00021448
149, 4, 0.17869, 0.02857, 0.5, 2.6667, 0.74816, 1.769, 0.90508, 0.92317, 0.58485, 0.19554, 1.2001, 1.3676, 0.57204, 0.01601, 2.4759, 0.41572, 0.00688, 2.3177, 1.8749, 0.04277, 1.2916, 1.0093, 1.155, 0.53398, 0.38274, 2.3221, 1.2986, 0.56275, 0.006238, 2.5112, 0.76572, 0.010957, 2.3408, 2.1343, 0.057292, 1.2912, 0.98088, 0.72664, 0.37186, 0.15387, 1.5457, -0.56934, 0.40662, -0.00054927, 0.046478, 0.2321, -0.0038107, 0.43018, 1.9425, 0.038299, 1.2921, 1.0377, 1.5834, 0.69609, 0.61161, 3.0984, 3.1665, 0.71889, 0.013025, 4.9759, 1.2993, 0.025724, 4.2514, 2.326, 0.076285, 7.9365e-08, 0.00029829, 0.067833, 0.0097137, 0.019361, 0.22278, 1.2896, 0.0090106, 1.7027e-05, 2.2453, 0.10525, 8.0606e-05, 1.3492, 0.013588, 0.00013333, 0.50791, 0.91598, 0.43717, 0.26671, 0.089202, -0.57774, -1.5396, 0.27177, -0.008055, -1.9525, -0.1771, -0.0063864, -1.011, 0.89251, 0.033102, 2.0754, 1.1026, 1.8729, 0.80124, 0.67629, 5.2219, 4.1368, 0.85374, 0.020531, 6.9748, 1.7085, 0.0283, 5.6926, 3.376, 0.081482, 0.22703, 0.0032183, 0.19047, 0.026402, 0.031848, 3.1081, 2.9774, 0.031295, 7.5508e-05, 7.3642, 0.32855, 0.00011118, 4.1523, 0.56993, 0.00021628
150, 2, 0.09264, 0.05925, 0.34991, 2, 0.67782, 0.3795, 0.97384, 1.447, 0.37479, 0.61597, 1.6727, 0.18878, 0.71181, 0, 8.8944, 1.4525, 0.00284, 5.1829, 1.9931, 0.09282, 1.0124, 1.0378, 1.3473, 0.56402, 0.46579, 2.3887, 0.92756, 0.70767, 0.0054347, 2.4, 0.99259, 0.0080393, 2.5807, 1.5327, 0.064449, 1.012, 1.0124, 1.0067, 0.44286, 0.32012, 1.7366, -0.67809, 0.59229, -0.00016742, 0.4233, 0.45412, -0.0043323, 0.87643, 1.3467, 0.052898, 1.0129, 1.0632, 1.6878, 0.68518, 0.61145, 3.0408, 2.5332, 0.82306, 0.011037, 4.3768, 1.531, 0.020411, 4.285, 1.7187, 0.076, 7.9364e-08, 0.00023822, 0.042869, 0.0054255, 0.0078423, 0.15718, 0.95291, 0.0049209, 1.16e-05, 1.4443, 0.10717, 5.6571e-05, 1.0736, 0.012787, 4.9317e-05, 0.22869, 0.94534, 0.67811, 0.31942, 0.23126, -0.48039, -1.7454, 0.43637, -0.0083351, -1.8139, 0.047013, -0.0073153, -0.65788, 0.29181, 0.045532, 1.7962, 1.1302, 2.0164, 0.80862, 0.70032, 5.2577, 3.6005, 0.97898, 0.019204, 6.6139, 1.9382, 0.023394, 5.8193, 2.7736, 0.083366, 0.22703, 0.0031583, 0.1655, 0.022113, 0.02033, 3.0425, 2.6407, 0.027206, 7.0081e-05, 6.5632, 0.33047, 8.7141e-05, 3.8767, 0.56913, 0.00013227
151, 8, 0.34793, 0.07308, 0.09056, 0.66146, 0.20229, 0.56553, 0.92462, 1.7693, 0.15235, 0.75344, 1.505, 0.2519, 0.91029, 0.0322, 6.417, 0.18183, 0.00236, 2.0135, 0.77326, 0.06822, 1.137, 1.0193, 1.3322, 0.35655, 0.60771, 2.2522, 1.2001, 0.80472, 0.011061, 6.7436, 0.4726, 0.012842, 5.5472, 1.1269, 0.072945, 1.1366, 0.99085, 0.86924, 0.21405, 0.33686, 1.3723, -0.47579, 0.68404, 0.0053552, 4.2436, -0.071509, -0.0028466, 3.3755, 0.93232, 0.053769, 1.1375, 1.0478, 1.7953, 0.49905, 0.87857, 3.1321, 2.876, 0.9254, 0.016766, 9.2435, 1.0167, 0.02853, 7.719, 1.3215, 0.092122, 7.9365e-08, 0.00029918, 0.079235, 0.0075055, 0.027116, 0.28615, 1.0381, 0.0053827, 1.2032e-05, 2.3099, 0.10943, 9.0971e-05, 1.7433, 0.013999, 0.00013592, 0.35328, 0.92598, 0.59321, 0.1007, 0.28038, -0.67706, -1.5156, 0.53112, -0.0027514, 2.2604, -0.4762, -0.005292, 2.04, -0.11527, 0.048611, 1.9207, 1.1126, 2.0713, 0.61239, 0.93505, 5.1814, 3.9158, 1.0783, 0.024873, 11.227, 1.4214, 0.030976, 9.0544, 2.3691, 0.09728, 0.22703, 0.0032192, 0.20187, 0.024193, 0.039604, 3.1714, 2.7259, 0.027667, 7.0514e-05, 7.4289, 0.33273, 0.00012154, 4.5464, 0.57034, 0.00021888
152, 2, 0.09264, 0.0219, 0.34991, 1.8182, 0.97622, 0.41015, 1.0878, 1.5688, 0.10212, 0.38975, 5.2443, 1.1517, 0.58688, 0.00191, 0.57458, 1.6995, 0.04551, 1.4148, 1.8326, 0.09028, 0.83776, 1.0349, 0.97221, 0.57341, 0.51381, 2.8815, 1.3336, 0.69046, 0.0076814, 2.3472, 0.83152, 0.016315, 3.7315, 1.8147, 0.064341, 0.83729, 1.0068, 0.54472, 0.40961, 0.35518, 2.1003, -0.85195, 0.57077, 0.0013737, 0.23556, 0.28718, 0.00064279, 1.5926, 1.6286, 0.05009, 0.83822, 1.063, 1.3997, 0.73721, 0.67244, 3.6628, 3.5192, 0.81015, 0.013989, 4.4589, 1.3759, 0.031987, 5.8705, 2.0007, 0.078591, 7.9364e-08, 0.0002917, 0.067545, 0.0099169, 0.0093006, 0.22557, 1.7655, 0.0052952, 1.4706e-05, 1.6482, 0.10952, 9.0782e-05, 1.691, 0.012793, 7.5056e-05, 0.054027, 0.94167, 0.2549, 0.30512, 0.27101, -0.019586, -1.723, 0.41729, -0.0063902, -1.9316, -0.11741, -0.0018048, 0.24457, 0.5738, 0.043664, 1.6215, 1.1281, 1.6895, 0.84171, 0.7566, 5.7827, 4.3903, 0.96362, 0.021753, 6.6261, 1.7805, 0.034434, 7.2185, 3.0556, 0.085017, 0.22703, 0.0032118, 0.19018, 0.026605, 0.021788, 3.1109, 3.4533, 0.02758, 7.3187e-05, 6.7671, 0.33282, 0.00012135, 4.4941, 0.56913, 0.00015801
153, 3.9167, 0.13352, 0.06831, 0.19994, 1.9844, 0.39616, 0.81865, 1.0942, 0.83088, 0.43027, 0.41067, 1.5147, 0.67025, 0.38759, 6e-05, 4.5568, 0.26652, 0.00455, 1.2076, 2.3676, 0.08879, 1.0827, 1.0256, 1.3195, 0.54625, 0.39419, 1.2085, 1.3271, 0.65706, 0.0078104, 2.6833, 0.75954, 0.0083836, 3.8731, 1.262, 0.052471, 1.0823, 1.0026, 0.88211, 0.45365, 0.20172, 0.58354, -0.097033, 0.54206, 0.0018769, 0.6722, 0.24447, -0.0052381, 2.1473, 1.0786, 0.0368, 1.0832, 1.0485, 1.7568, 0.63885, 0.58666, 1.8334, 2.7512, 0.77205, 0.013744, 4.6944, 1.2746, 0.022005, 5.5989, 1.4454, 0.068142, 7.9364e-08, 0.00019457, 0.070698, 0.0031693, 0.013692, 0.14434, 0.74964, 0.0048876, 1.3013e-05, 1.4949, 0.098054, 6.8582e-05, 1.1008, 0.012427, 9.077e-05, 0.29902, 0.93379, 0.59623, 0.31447, 0.12805, -1.6545, -1.2409, 0.38592, -0.0060975, -1.5468, -0.17291, -0.007995, 0.62317, 0.021505, 0.030791, 1.8665, 1.1174, 2.0427, 0.77804, 0.66033, 4.0715, 3.8951, 0.9282, 0.021718, 6.9135, 1.692, 0.024762, 7.1231, 2.5025, 0.074151, 0.22703, 0.0031146, 0.19333, 0.019857, 0.02618, 3.0296, 2.4374, 0.027172, 7.1494e-05, 6.6139, 0.32136, 9.9151e-05, 3.9039, 0.56877, 0.00017372
154, 2, 0.24182, 0.10498, 0.73674, 0.57292, 0.43928, 1.5253, 0.95429, 1.9126, 0.3431, 0.13513, 1.3854, 4.2915, 0.76975, 0.01706, 5.0432, 1.9812, 0.00925, 1.81, 0.35819, 0.04515, 1.5568, 0.97852, 1.4892, 0.44701, 0.22034, 1.2986, 2.0451, 0.48163, 0.0061766, 3.2548, 0.76184, 0.0033596, 1.5082, 1.4465, 0.057775, 1.5564, 0.94545, 1.0282, 0.29519, -0.044218, 0.54576, 0.23168, 0.33514, -0.00096794, 0.74638, 0.22255, -0.012005, -0.53985, 1.2552, 0.038698, 1.5573, 1.0116, 1.9503, 0.59883, 0.48489, 2.0515, 3.8585, 0.62812, 0.013321, 5.7631, 1.3011, 0.018724, 3.5562, 1.6378, 0.076852, 7.9365e-08, 0.00040437, 0.078557, 0.0085192, 0.025869, 0.20949, 1.2155, 0.0079313, 1.8867e-05, 2.3256, 0.10749, 8.7249e-05, 1.5503, 0.01352, 0.00013451, 0.77309, 0.88368, 0.75146, 0.18586, -0.10181, -1.595, -0.75756, 0.19571, -0.0082895, -1.2332, -0.18421, -0.014494, -1.9238, 0.20482, 0.033519, 2.3406, 1.0734, 2.227, 0.70816, 0.54248, 4.1922, 4.8478, 0.76755, 0.020643, 7.7427, 1.7079, 0.021214, 4.9401, 2.6882, 0.082031, 0.22703, 0.0033244, 0.20119, 0.025207, 0.038356, 3.0948, 2.9033, 0.030216, 7.7348e-05, 7.4445, 0.3308, 0.00011782, 4.3534, 0.56986, 0.00021747
155, 4, 0.23335, 0.05971, 0.73864, 0.95, 0.41217, 1.6449, 0.95325, 1.5069, 0.32566, 0.31955, 0.06911, 2.0257, 0.63946, 0.00364, 2.5114, 0.56838, 0.0121, 2.3161, 2.1292, 0.0762, 1.7128, 0.99453, 1.5423, 0.44871, 0.24866, 1.0236, 1.58, 0.50278, 0.0075535, 3.22, 0.77453, 0.0047737, 1.7171, 1.8663, 0.072655, 1.7123, 0.96185, 1.0959, 0.2973, 7.311e-05, 0.30215, -0.28502, 0.35764, 0.000464, 0.78051, 0.247, -0.0092712, -0.10745, 1.6797, 0.054938, 1.7132, 1.0272, 1.9886, 0.60011, 0.49725, 1.745, 3.4451, 0.64792, 0.014643, 5.6595, 1.3021, 0.018819, 3.5416, 2.053, 0.090373, 7.9364e-08, 0.00039472, 0.073633, 0.0084728, 0.02284, 0.19236, 1.2857, 0.0077858, 1.8577e-05, 2.1996, 0.10286, 7.2909e-05, 1.2304, 0.012877, 0.00011602, 0.92905, 0.89983, 0.81356, 0.1878, -0.060503, -1.862, -1.2563, 0.21755, -0.0068855, -1.2298, -0.16487, -0.011959, -1.5864, 0.62533, 0.049453, 2.4965, 1.0892, 2.271, 0.70962, 0.55782, 3.9092, 4.4164, 0.78801, 0.021992, 7.6698, 1.7139, 0.021506, 5.0205, 3.1073, 0.095858, 0.22703, 0.0033148, 0.19627, 0.025161, 0.035328, 3.0777, 2.9734, 0.03007, 7.7058e-05, 7.3185, 0.32617, 0.00010348, 4.0335, 0.56922, 0.00019898
156, 4, 0.20693, 0.04168, 0.03201, 1.8518, 0.4529, 1.1179, 0.96222, 1.2709, 0.47373, 0.6558, 1.6524, 0.78437, 0.76832, 0.00023, 9.7332, 0.12321, 0.00033, 5.2329, 0.44807, 0.03862, 1.0339, 1.0273, 1.1135, 0.35678, 0.4837, 1.2982, 1.1671, 0.8421, 0.0041291, 4.9759, 0.55185, 0.0032708, 4.4349, 0.89975, 0.064344, 1.0334, 1.0006, 0.76938, 0.25117, 0.33916, 0.6527, 0.058495, 0.72609, -0.0018084, 2.996, 0.12389, -0.0043221, 2.9592, 0.71738, 0.052979, 1.0344, 1.054, 1.4576, 0.46239, 0.62824, 1.9436, 2.2757, 0.95811, 0.010067, 6.9557, 0.9798, 0.010864, 5.9105, 1.0821, 0.075709, 7.9364e-08, 0.000263, 0.043765, 0.0041227, 0.0077214, 0.15398, 0.45423, 0.0049747, 1.303e-05, 1.4489, 0.067693, 2.1309e-05, 0.80486, 0.012294, 4.7742e-05, 0.25017, 0.93448, 0.44252, 0.11949, 0.24987, -1.5694, -1.2403, 0.57053, -0.0097805, 0.76047, -0.33546, -0.0085766, 1.3105, -0.34059, 0.045539, 1.8176, 1.1201, 1.7845, 0.59406, 0.71753, 4.1657, 3.5744, 1.1137, 0.018039, 9.1912, 1.4392, 0.015118, 7.5592, 2.1401, 0.083148, 0.22703, 0.0031831, 0.1664, 0.020811, 0.020209, 3.0393, 2.142, 0.027259, 7.1511e-05, 6.5678, 0.291, 5.1879e-05, 3.608, 0.56863, 0.0001307
157, 4.7, 0.26135, 0.13402, 0.42785, 1.3333, 0.30527, 1.8152, 1.0107, 1.8913, 0.61122, 0.74595, 1.7567, 0.19426, 0.93875, 0.00023, 6.6471, 1.5952, 0.0087, 2.7057, 0.59524, 0.06034, 1.2097, 0.99644, 1.3938, 0.54289, 0.46357, 1.603, 1.0468, 0.70495, 0.005102, 5.6845, 0.84061, 0.0074128, 2.7926, 1.3637, 0.064104, 1.2092, 0.96736, 0.93631, 0.41761, 0.213, 0.93179, -0.29167, 0.57194, -0.0018789, 3.6081, 0.34616, -0.0069118, 0.90256, 1.1799, 0.049068, 1.2102, 1.0255, 1.8513, 0.66817, 0.71414, 2.2742, 2.3852, 0.83796, 0.012083, 7.7609, 1.3351, 0.021737, 4.6826, 1.5475, 0.079139, 7.9364e-08, 0.00031272, 0.077354, 0.0058014, 0.023206, 0.16652, 0.66212, 0.0065392, 1.8012e-05, 1.5935, 0.090361, 7.5842e-05, 1.3203, 0.012484, 8.356e-05, 0.42598, 0.90292, 0.6582, 0.29622, 0.15281, -1.2705, -1.4747, 0.42569, -0.009284, 1.4229, -0.08061, -0.0095548, -0.5475, 0.12313, 0.042878, 1.9934, 1.09, 2.1294, 0.78956, 0.77433, 4.4765, 3.5682, 0.9842, 0.019488, 9.946, 1.7618, 0.02438, 6.1326, 2.6042, 0.085329, 0.22703, 0.0032328, 0.19999, 0.022489, 0.035694, 3.0518, 2.3499, 0.028824, 7.6494e-05, 6.7124, 0.31367, 0.00010641, 4.1234, 0.56882, 0.00016651
