Run #, RV_column1, RV_column2, RV_column3, RV_column4, RV_column5, RV_column6, bwpar_1, bwpar_2, bwpar_3, bwpar_4, bwpar_5, bwpar_6, bwpar_7, bwpar_8, bwpar_9, bwpar_10, bwpar_11, bwpar_12, bwpar_13, bwpar_14, bwpar_15, bwpar_1.median, bwpar_2.median, bwpar_3.median, bwpar_4.median, bwpar_5.median, bwpar_6.median, bwpar_7.median, bwpar_8.median, bwpar_9.median, bwpar_10.median, bwpar_11.median, bwpar_12.median, bwpar_13.median, bwpar_14.median, bwpar_15.median, bwpar_1.q5, bwpar_2.q5, bwpar_3.q5, bwpar_4.q5, bwpar_5.q5, bwpar_6.q5, bwpar_7.q5, bwpar_8.q5, bwpar_9.q5, bwpar_10.q5, bwpar_11.q5, bwpar_12.q5, bwpar_13.q5, bwpar_14.q5, bwpar_15.q5, bwpar_1.q95, bwpar_2.q95, bwpar_3.q95, bwpar_4.q95, bwpar_5.q95, bwpar_6.q95, bwpar_7.q95, bwpar_8.q95, bwpar_9.q95, bwpar_10.q95, bwpar_11.q95, bwpar_12.q95, bwpar_13.q95, bwpar_14.q95, bwpar_15.q95, bwpar_1.var, bwpar_2.var, bwpar_3.var, bwpar_4.var, bwpar_5.var, bwpar_6.var, bwpar_7.var, bwpar_8.var, bwpar_9.var, bwpar_10.var, bwpar_11.var, bwpar_12.var, bwpar_13.var, bwpar_14.var, bwpar_15.var, bwpar_1.q5_w_mnoise, bwpar_2.q5_w_mnoise, bwpar_3.q5_w_mnoise, bwpar_4.q5_w_mnoise, bwpar_5.q5_w_mnoise, bwpar_6.q5_w_mnoise, bwpar_7.q5_w_mnoise, bwpar_8.q5_w_mnoise, bwpar_9.q5_w_mnoise, bwpar_10.q5_w_mnoise, bwpar_11.q5_w_mnoise, bwpar_12.q5_w_mnoise, bwpar_13.q5_w_mnoise, bwpar_14.q5_w_mnoise, bwpar_15.q5_w_mnoise, bwpar_1.q95_w_mnoise, bwpar_2.q95_w_mnoise, bwpar_3.q95_w_mnoise, bwpar_4.q95_w_mnoise, bwpar_5.q95_w_mnoise, bwpar_6.q95_w_mnoise, bwpar_7.q95_w_mnoise, bwpar_8.q95_w_mnoise, bwpar_9.q95_w_mnoise, bwpar_10.q95_w_mnoise, bwpar_11.q95_w_mnoise, bwpar_12.q95_w_mnoise, bwpar_13.q95_w_mnoise, bwpar_14.q95_w_mnoise, bwpar_15.q95_w_mnoise, bwpar_1.var_w_mnoise, bwpar_2.var_w_mnoise, bwpar_3.var_w_mnoise, bwpar_4.var_w_mnoise, bwpar_5.var_w_mnoise, bwpar_6.var_w_mnoise, bwpar_7.var_w_mnoise, bwpar_8.var_w_mnoise, bwpar_9.var_w_mnoise, bwpar_10.var_w_mnoise, bwpar_11.var_w_mnoise, bwpar_12.var_w_mnoise, bwpar_13.var_w_mnoise, bwpar_14.var_w_mnoise, bwpar_15.var_w_mnoise
1, 3.0049, 0.16869, 0.07108, 0.2108, 1.3544, 0.51042, 1.7652, 1.0726, 0.55608, 0.94667, 0.61667, 1.2679, 0.61295, 0.69915, 0.02455, 1.299, 1.5287, 0.02719, 3.4275, 0.20139, 0.04094, 0.79698, 0.97932, 1.0654, 0.71268, 0.56373, 2.6536, 1.0948, 0.58622, 0.022665, 3.3582, 0.57306, 0.025507, 5.1787, 0.81076, 0.050318, 0.64098, 0.94603, 0.73817, 0.59617, 0.45385, 1.8086, -0.036574, 0.48411, 0.016659, 1.8199, 0.13781, 0.019412, 3.7932, 0.30071, 0.040619, 0.95298, 1.0126, 1.3926, 0.82919, 0.67361, 3.4986, 2.2262, 0.68833, 0.028672, 4.8966, 1.0083, 0.031603, 6.5642, 1.3208, 0.060017, 0.0089947, 0.00040979, 0.039575, 0.0050174, 0.0044623, 0.26389, 0.47311, 0.0038536, 1.3335e-05, 0.87469, 0.070021, 1.3731e-05, 0.70952, 0.096157, 3.4771e-05, 0.068464, 0.89555, 0.3707, 0.48944, 0.34015, 0.44458, -1.2882, 0.30295, 0.011595, -0.69029, -0.30455, 0.016032, 1.9985, -0.36557, 0.030251, 1.5255, 1.0631, 1.7601, 0.93593, 0.78731, 4.8626, 3.4778, 0.86949, 0.033735, 7.4068, 1.4507, 0.034983, 8.3589, 1.9871, 0.070385, 0.19617, 0.0025941, 0.17837, 0.018422, 0.018476, 1.8036, 2.0989, 0.029658, 4.5293e-05, 6.0582, 0.28468, 3.3187e-05, 3.7381, 0.51145, 0.00014883
2, 2, 0.062, 0.09678, 0.59912, 1.4706, 0.51595, 0.84187, 1.0902, 1.0097, 0.58218, 0.5703, 2.0276, 2.0771, 0.46133, 0.00733, 1.0192, 0.61926, 0.01738, 1.8395, 2.7178, 0.03363, 1.1661, 1.0505, 1.2032, 0.63878, 0.35091, 2.1222, 1.3493, 0.53897, 0.0054527, 3.0477, 0.92837, 0.0088208, 1.9863, 1.9574, 0.051904, 0.91877, 1.0051, 0.78742, 0.44391, 0.16286, 0.56507, 0.0014613, 0.41879, -0.0030829, 0.75733, 0.30219, -0.0062527, 0.19334, 1.2072, 0.035891, 1.4135, 1.096, 1.619, 0.83365, 0.53897, 3.6794, 2.6971, 0.65915, 0.013988, 5.3381, 1.5545, 0.023894, 3.7793, 2.7075, 0.067917, 0.022618, 0.00076472, 0.063895, 0.014036, 0.013071, 0.89621, 0.67146, 0.0053387, 2.6929e-05, 1.9389, 0.14492, 8.3979e-05, 1.1882, 0.20799, 9.4772e-05, 0.41276, 0.96122, 0.46267, 0.36631, 0.080214, -0.44496, -1.1437, 0.2487, -0.0071695, -1.342, -0.057966, -0.0079078, -1.3914, 0.6588, 0.028134, 1.9195, 1.1399, 1.9437, 0.91125, 0.62161, 4.6894, 3.8423, 0.82924, 0.018075, 7.4375, 1.9147, 0.025549, 5.364, 3.256, 0.075674, 0.20979, 0.002949, 0.20269, 0.02744, 0.027085, 2.4359, 2.2972, 0.031143, 5.8886e-05, 7.1224, 0.35958, 0.00010343, 4.2168, 0.62328, 0.00020883
3, 6.5574, 0.10961, 0.14472, 0.52977, 0.81121, 0.16569, 0.51746, 0.94211, 1.4635, 0.78232, 0.56176, 5.8578, 8.371, 0.05984, 0.00662, 5.3688, 0.91618, 0.03139, 1.3169, 1.2029, 0.08849, 1.216, 1.0407, 1.1066, 0.79068, 0.46488, 1.5374, 1.496, 0.63572, 0.004326, 5.8594, 0.83028, 0.026781, 2.5913, 1.8967, 0.063461, 0.97104, 1, 0.69637, 0.62571, 0.30917, 0.093452, 0.14895, 0.51198, -0.0041891, 3.6699, 0.25971, 0.017389, 0.94843, 1.1879, 0.047988, 1.461, 1.0814, 1.5169, 0.95565, 0.62058, 2.9813, 2.843, 0.75947, 0.012841, 8.049, 1.4009, 0.036174, 4.2341, 2.6054, 0.078934, 0.022186, 0.00061203, 0.062215, 0.010059, 0.0089605, 0.77061, 0.67067, 0.0056595, 2.6799e-05, 1.7719, 0.12033, 3.2607e-05, 0.99756, 0.18568, 8.8494e-05, 0.46343, 0.95371, 0.36919, 0.53872, 0.21556, -0.96276, -0.99661, 0.34396, -0.0082823, 1.5215, -0.12172, 0.014913, -0.70917, 0.62153, 0.040051, 1.9686, 1.1277, 1.8441, 1.0426, 0.71419, 4.0375, 3.9886, 0.92749, 0.016934, 10.197, 1.7823, 0.03865, 5.8917, 3.1718, 0.086871, 0.20936, 0.0027963, 0.20101, 0.023464, 0.022974, 2.3103, 2.2964, 0.031464, 5.8757e-05, 6.9554, 0.33498, 5.2063e-05, 4.0261, 0.60097, 0.00020255
4, 6.5574, 0.11304, 0.03442, 0.26407, 1.9174, 0.37956, 0.89938, 1.0362, 0.50956, 0.56951, 0.32897, 0.59889, 1.5455, 0.52756, 0.00022, 1.3233, 0.51222, 0.02833, 2.892, 2.4425, 0.0537, 1.2808, 1.0372, 1.2137, 0.61937, 0.49296, 1.6105, 1.2853, 0.70504, 0.0054243, 4.5559, 0.75321, 0.0084985, 3.2968, 2.028, 0.065109, 1.0233, 0.99449, 0.80142, 0.45949, 0.29833, 0.31731, -0.062274, 0.57868, -0.0030268, 2.0983, 0.13826, -0.0054621, 1.455, 1.3467, 0.050031, 1.5382, 1.0798, 1.626, 0.77924, 0.68759, 2.9037, 2.6329, 0.8314, 0.013875, 7.0135, 1.3682, 0.022459, 5.1386, 2.7093, 0.080188, 0.024496, 0.00067281, 0.062829, 0.0094474, 0.014001, 0.61813, 0.6712, 0.0059015, 2.6398e-05, 2.2324, 0.13977, 7.2038e-05, 1.2538, 0.17158, 8.4039e-05, 0.52402, 0.94923, 0.47514, 0.37072, 0.21765, -0.80571, -1.2076, 0.41215, -0.0071409, 0.076638, -0.22604, -0.0072348, -0.10702, 0.76792, 0.041959, 2.0375, 1.1251, 1.9523, 0.86802, 0.76827, 4.0267, 3.7782, 0.99792, 0.017989, 9.0352, 1.7325, 0.024232, 6.7007, 3.2881, 0.08826, 0.21167, 0.0028571, 0.20162, 0.022852, 0.028015, 2.1578, 2.2969, 0.031706, 5.8356e-05, 7.4159, 0.35443, 9.1493e-05, 4.2824, 0.58687, 0.0001981
5, 2, 0.41081, 0.05307, 0.38993, 1, 0.92872, 1.2832, 1.0857, 1.4312, 0.47872, 0.15265, 8.6844, 1.0646, 0.72124, 0.00054, 0.34006, 0.0379, 0.00308, 2.3299, 0.71472, 0.0417, 1.1286, 0.99521, 1.2166, 0.45682, 0.26752, 2.5699, 1.4328, 0.65355, 0.0061707, 3.4158, 0.63715, 0.0095965, 3.6452, 0.9417, 0.046795, 0.86419, 0.9392, 0.80073, 0.25, 0.050291, 0.34288, 0.084941, 0.52295, -0.002375, 1.3567, 0.023352, -0.0062637, 1.5817, 0.19761, 0.030175, 1.3929, 1.0512, 1.6324, 0.66364, 0.48475, 4.7969, 2.7806, 0.78415, 0.014716, 5.475, 1.2509, 0.025457, 5.7087, 1.6858, 0.063416, 0.025831, 0.0011597, 0.063915, 0.01581, 0.017442, 1.8331, 0.67145, 0.0063041, 2.6992e-05, 1.5672, 0.13925, 9.2974e-05, 1.5738, 0.20464, 0.00010211, 0.36942, 0.90009, 0.47601, 0.17568, -0.024203, -0.45092, -1.0603, 0.35881, -0.0064583, -0.85785, -0.34138, -0.0078443, 0.11648, -0.35339, 0.022612, 1.8877, 1.0903, 1.9571, 0.73796, 0.55925, 5.5907, 3.9258, 0.94829, 0.0188, 7.6895, 1.6157, 0.027037, 7.1739, 2.2368, 0.070979, 0.213, 0.003344, 0.20271, 0.029214, 0.031455, 3.3728, 2.2972, 0.032108, 5.895e-05, 6.7507, 0.35391, 0.00011243, 4.6024, 0.61994, 0.00021617
6, 4, 0.27284, 0.15335, 0.38003, 1.3889, 0.31767, 1.3748, 0.93121, 1.988, 0.52877, 0.63426, 0.51612, 1.0266, 0.97657, 0.00814, 1.3384, 0.57185, 0.00324, 5.0227, 1.3687, 0.04046, 1.3299, 0.98938, 1.3932, 0.54514, 0.49868, 1.3503, 1.2754, 0.73843, 0.0040273, 4.6696, 0.8895, 0.0029614, 3.258, 1.0843, 0.047968, 1.1036, 0.94241, 0.98183, 0.3934, 0.31162, 0.34017, -0.071291, 0.61904, -0.0043145, 2.6739, 0.2762, -0.0080887, 1.3447, 0.3608, 0.034534, 1.5562, 1.0364, 1.8046, 0.69688, 0.68575, 2.3604, 2.622, 0.85782, 0.012369, 6.6653, 1.5028, 0.014012, 5.1714, 1.8079, 0.061401, 0.018928, 0.00081558, 0.06255, 0.0085106, 0.012934, 0.37711, 0.67027, 0.0052684, 2.5719e-05, 1.4721, 0.13902, 4.5132e-05, 1.3531, 0.19349, 6.6701e-05, 0.58312, 0.89929, 0.65514, 0.30164, 0.22867, -0.92701, -1.217, 0.44848, -0.0084646, 0.42612, -0.088715, -0.010258, -0.18504, -0.19906, 0.025853, 2.0766, 1.0795, 2.1313, 0.78864, 0.7687, 3.6276, 3.7677, 1.0284, 0.016519, 8.913, 1.8677, 0.01618, 6.7011, 2.3677, 0.070082, 0.2061, 0.0029999, 0.20134, 0.021915, 0.026947, 1.9168, 2.296, 0.031073, 5.7677e-05, 6.6556, 0.35368, 6.4587e-05, 4.3817, 0.60878, 0.00018076
7, 4, 0.2671, 0.04197, 0.13674, 2.25, 0.51118, 1.5134, 1.0564, 1.5884, 0.25543, 0.47478, 0.82318, 1.1474, 0.69133, 0.0006, 4.2576, 0.14208, 0.00957, 3.4762, 0.69529, 0.05307, 1.2755, 0.99994, 1.3887, 0.40616, 0.53109, 1.6115, 1.0639, 0.77619, 0.0057545, 4.4425, 0.72756, 0.0059722, 4.7891, 0.99698, 0.054507, 1.0719, 0.95226, 0.9929, 0.20978, 0.32357, 0.30452, -0.28012, 0.66208, -0.002573, 2.3269, 0.1078, -0.0082448, 2.904, 0.30175, 0.040548, 1.4791, 1.0476, 1.7845, 0.60255, 0.73861, 2.9184, 2.4079, 0.8903, 0.014082, 6.5581, 1.3473, 0.020189, 6.6742, 1.6922, 0.068465, 0.015321, 0.00084022, 0.057907, 0.014254, 0.015918, 0.63133, 0.66767, 0.0048128, 2.5632e-05, 1.6543, 0.14197, 7.4707e-05, 1.3134, 0.17865, 7.202e-05, 0.53536, 0.90948, 0.65921, 0.13261, 0.24652, -0.81214, -1.4271, 0.48838, -0.0067279, 0.14136, -0.25472, -0.009989, 1.3617, -0.27068, 0.032069, 2.0157, 1.0904, 2.1182, 0.67972, 0.81566, 4.0351, 3.5549, 1.064, 0.018237, 8.7437, 1.7098, 0.021933, 8.2166, 2.2646, 0.076944, 0.20249, 0.0030245, 0.1967, 0.027659, 0.029931, 2.171, 2.2934, 0.030617, 5.759e-05, 6.8378, 0.35663, 9.4162e-05, 4.342, 0.59394, 0.00018608
8, 2.8571, 0.39611, 0.08082, 0.14075, 1.25, 0.73476, 1.6247, 1.0899, 0.70085, 0.32007, 0.3766, 0.36617, 1.059, 0.74724, 0.00219, 5.0962, 0.5123, 0.04598, 2.3498, 0.27283, 0.06464, 0.98061, 0.97311, 1.0405, 0.37005, 0.50728, 2.3361, 1.2547, 0.78714, 0.0065974, 5.0758, 0.65324, 0.0062882, 4.188, 0.42752, 0.043183, 0.73637, 0.9263, 0.66489, 0.19985, 0.3262, 0.72213, -0.078549, 0.68041, -0.0016724, 3.4143, 0.030868, -0.0099527, 2.4586, -0.27142, 0.031613, 1.2248, 1.0199, 1.416, 0.54025, 0.68836, 3.95, 2.588, 0.89388, 0.014867, 6.7374, 1.2756, 0.022529, 5.9174, 1.1265, 0.054752, 0.022048, 0.00080995, 0.052134, 0.010707, 0.01212, 0.96276, 0.65702, 0.0042106, 2.5278e-05, 1.0204, 0.14317, 9.7491e-05, 1.1055, 0.18056, 4.9474e-05, 0.22824, 0.8831, 0.32174, 0.11464, 0.24138, -0.26596, -1.2305, 0.50218, -0.0058466, 0.97889, -0.33069, -0.0115, 0.8436, -0.84217, 0.022148, 1.733, 1.0631, 1.7592, 0.62546, 0.77318, 4.9381, 3.7399, 1.0721, 0.019041, 9.1727, 1.6372, 0.024076, 7.5324, 1.6972, 0.064217, 0.20922, 0.0029943, 0.19093, 0.024111, 0.026133, 2.5025, 2.2828, 0.030015, 5.7235e-05, 6.2039, 0.35782, 0.00011695, 4.1341, 0.59586, 0.00016353
9, 2.1818, 0.48346, 0.03425, 0.11868, 2.0833, 1.2156, 0.45605, 1.0378, 1.5855, 0.54527, 0.46382, 0.68332, 0.25843, 0.985, 6e-05, 7.7086, 0.36648, 0.00075, 9.3108, 2.1324, 0.02999, 0.97286, 1.0409, 0.94342, 0.49897, 0.43921, 1.7391, 1.441, 0.782, 0.0055582, 4.8059, 0.38139, 0.010239, 5.2715, 0.50683, 0.035096, 0.67087, 0.99047, 0.53328, 0.31015, 0.26259, -0.24764, 0.094331, 0.65286, -0.002978, 2.7516, -0.14159, -0.0016949, 3.3493, -0.1866, 0.019114, 1.2748, 1.0913, 1.3536, 0.68778, 0.61583, 3.7258, 2.7877, 0.91114, 0.014094, 6.8602, 0.90437, 0.022172, 7.1938, 1.2003, 0.051079, 0.033707, 0.00093864, 0.062174, 0.013177, 0.01153, 1.4589, 0.67033, 0.0061639, 2.6932e-05, 1.5599, 0.10109, 5.2637e-05, 1.3657, 0.17773, 9.4415e-05, 0.19982, 0.94894, 0.20605, 0.2308, 0.17632, -1.1092, -1.0514, 0.48791, -0.0070644, 0.53454, -0.54288, -0.0037273, 1.8235, -0.75984, 0.011347, 1.7459, 1.1328, 1.6808, 0.76714, 0.7021, 4.5874, 3.9334, 1.0761, 0.018181, 9.0772, 1.3057, 0.024205, 8.7196, 1.7735, 0.058846, 0.22088, 0.0031229, 0.20097, 0.026581, 0.025544, 2.9986, 2.2961, 0.031968, 5.889e-05, 6.7433, 0.31575, 7.2092e-05, 4.3943, 0.59302, 0.00020847
10, 3.0049, 0.2895, 0.12357, 0.36241, 1.3368, 0.48702, 1.8249, 1.074, 1.2253, 0.20694, 0.41138, 1.6604, 7.7699, 0.68264, 0.01968, 0.59822, 0.11743, 0.04534, 4.2926, 0.22415, 0.03884, 1.0574, 0.99869, 1.421, 0.56659, 0.43413, 1.6148, 1.1009, 0.73662, 0.015218, 2.7629, 0.88454, 0.022025, 5.0961, 0.74721, 0.038016, 0.85998, 0.95628, 1.0778, 0.43396, 0.29416, 0.64752, -0.04119, 0.6248, 0.0088984, 0.99398, 0.41006, 0.015352, 3.457, 0.16274, 0.027118, 1.2547, 1.0411, 1.7642, 0.69921, 0.57411, 2.5822, 2.243, 0.84844, 0.021537, 4.5319, 1.359, 0.028698, 6.7353, 1.3317, 0.048914, 0.014399, 0.00066485, 0.04353, 0.0065014, 0.0072417, 0.34585, 0.48213, 0.0046214, 1.476e-05, 1.1566, 0.083212, 1.6458e-05, 0.99308, 0.12626, 4.3898e-05, 0.31888, 0.91089, 0.71867, 0.33452, 0.19433, -0.6438, -1.2872, 0.44971, 0.0039751, -1.3787, -0.013177, 0.012168, 1.7975, -0.46324, 0.017343, 1.7958, 1.0865, 2.1233, 0.79865, 0.67394, 3.8735, 3.489, 1.0235, 0.02646, 6.9046, 1.7823, 0.031882, 8.3948, 1.9577, 0.058688, 0.20157, 0.0028492, 0.18232, 0.019906, 0.021255, 1.8856, 2.1079, 0.030426, 4.6718e-05, 6.3401, 0.29787, 3.5913e-05, 4.0217, 0.54156, 0.00015796
11, 4.7, 0.39202, 0.17869, 0.4617, 1.3333, 0.30439, 0.84518, 1.0126, 1.0591, 0.5762, 0.72465, 2.0494, 0.46394, 0.95066, 0.00158, 9.678, 0.8277, 0.00229, 2.929, 0.93059, 0.06781, 1.4092, 1.0209, 1.4314, 0.53192, 0.5378, 1.8939, 1.1533, 0.78748, 0.0036134, 7.3782, 0.91067, 0.0040611, 2.6782, 1.0469, 0.060643, 1.166, 0.97646, 1.0651, 0.36882, 0.36488, 0.71992, -0.044988, 0.67529, -0.0034719, 5.6938, 0.37967, -0.0033303, 0.9551, 0.39003, 0.04696, 1.6523, 1.0653, 1.7978, 0.69503, 0.71072, 3.0679, 2.3515, 0.89967, 0.010699, 9.0626, 1.4417, 0.011453, 4.4013, 1.7037, 0.074327, 0.021854, 0.0007293, 0.049605, 0.0098323, 0.011052, 0.50942, 0.53069, 0.0046518, 1.8555e-05, 1.0487, 0.10422, 2.0193e-05, 1.0974, 0.15948, 6.9201e-05, 0.65716, 0.93209, 0.71749, 0.28119, 0.27738, -0.46066, -1.2622, 0.50043, -0.008077, 3.2719, -0.01816, -0.006296, -0.66291, -0.20014, 0.038376, 2.1612, 1.1097, 2.1454, 0.78266, 0.79821, 4.2485, 3.5687, 1.0745, 0.015304, 11.484, 1.8395, 0.014418, 6.0193, 2.2939, 0.082911, 0.20902, 0.0029136, 0.1884, 0.023237, 0.025066, 2.0491, 2.1564, 0.030456, 5.0513e-05, 6.2322, 0.31887, 3.9648e-05, 4.126, 0.57477, 0.00018326
12, 3.9167, 0.12293, 0.04813, 0, 1.3229, 0.27548, 1.5221, 1.0018, 1.735, 0.36818, 0.47592, 0.50948, 0.3616, 0.9373, 0.01864, 8.7805, 0.28777, 0.00331, 4.7191, 0.29467, 0.05908, 1.0034, 1.0284, 1.2999, 0.35107, 0.43306, 0.8977, 0.96708, 0.83248, 0.0053773, 6.4244, 0.94684, 0.0094016, 4.9728, 0.78339, 0.049874, 0.77429, 0.98637, 0.92938, 0.20456, 0.28475, -0.34518, -0.34357, 0.72536, -0.0024464, 4.5772, 0.33916, -0.0041136, 3.3451, 0.16477, 0.03865, 1.2325, 1.0704, 1.6705, 0.49758, 0.58136, 2.1406, 2.2777, 0.9396, 0.013201, 8.2717, 1.5545, 0.022917, 6.6005, 1.402, 0.061098, 0.019396, 0.00065309, 0.050748, 0.0079338, 0.0081293, 0.57096, 0.63492, 0.004241, 2.2624e-05, 1.2612, 0.13648, 6.7514e-05, 0.97925, 0.14144, 4.6565e-05, 0.25579, 0.94078, 0.58381, 0.1108, 0.1883, -1.492, -1.506, 0.54737, -0.0067748, 2.2487, -0.027858, -0.0059378, 1.6799, -0.44392, 0.029028, 1.751, 1.116, 2.016, 0.59135, 0.67782, 3.2874, 3.4402, 1.1176, 0.017529, 10.6, 1.9215, 0.024741, 8.2657, 2.0107, 0.070721, 0.20657, 0.0028374, 0.18954, 0.021338, 0.022143, 2.1107, 2.2607, 0.030045, 5.4582e-05, 6.4447, 0.35114, 8.6969e-05, 4.0078, 0.55674, 0.00016063
13, 4, 0.16814, 0.01918, 0.3, 2.6111, 0.83011, 1.5936, 0.99743, 1.6494, 0.30572, 0.51048, 8.4966, 9.6572, 0.22792, 0.00198, 0.36659, 0.13221, 0.00253, 2.2576, 1.6473, 0.05051, 1.1191, 1.0131, 1.0109, 0.57003, 0.38393, 3.0758, 1.3642, 0.6878, 0.005902, 2.604, 0.70785, 0.014273, 3.9407, 1.7243, 0.049128, 0.83743, 0.96961, 0.5967, 0.36688, 0.19787, 1.2981, 0.016519, 0.56675, -0.0026377, 0.19822, 0.10296, -0.0021011, 2.0137, 0.99769, 0.033954, 1.4009, 1.0565, 1.4251, 0.77318, 0.56999, 4.8535, 2.7118, 0.80885, 0.014442, 5.0098, 1.3127, 0.030648, 5.8678, 2.4509, 0.064302, 0.029334, 0.00069844, 0.06341, 0.015253, 0.012795, 1.1681, 0.67126, 0.0054159, 2.6955e-05, 2.1392, 0.13524, 9.91e-05, 1.3725, 0.19513, 8.5101e-05, 0.3538, 0.92476, 0.27126, 0.29158, 0.11461, 0.36912, -1.1288, 0.39716, -0.0067229, -1.8471, -0.26511, -0.0036364, 0.49005, 0.43916, 0.025915, 1.8845, 1.1014, 1.7505, 0.84848, 0.65325, 5.7824, 3.8571, 0.97843, 0.018527, 7.0551, 1.6808, 0.032183, 7.3914, 3.0094, 0.072341, 0.2165, 0.0028828, 0.2022, 0.028658, 0.026809, 2.7078, 2.297, 0.03122, 5.8912e-05, 7.3227, 0.3499, 0.00011855, 4.4011, 0.61043, 0.00019916
14, 4, 0.17434, 0.0563, 0.5, 1.6875, 0.5452, 1.5208, 0.92554, 0.71779, 0.58641, 0.19682, 1.8178, 0.4209, 0.4626, 0.00925, 4.0116, 0.13642, 0.00506, 2.5387, 1.7192, 0.04971, 1.4267, 0.96269, 1.2663, 0.57727, 0.21318, 1.773, 1.3083, 0.57446, 0.0063454, 3.2228, 0.6443, 0.0096883, 2.3002, 1.9535, 0.053792, 1.2063, 0.92433, 0.86462, 0.38837, 0.04931, 0.36081, -0.038752, 0.4562, -0.0021794, 1.1417, 0.070309, -0.0043056, 0.55718, 1.256, 0.039666, 1.6471, 1.001, 1.6681, 0.76618, 0.37706, 3.1852, 2.6553, 0.69273, 0.01487, 5.3038, 1.2183, 0.023682, 4.0432, 2.6511, 0.067918, 0.017954, 0.00054365, 0.059647, 0.01319, 0.0099258, 0.73713, 0.67067, 0.0051695, 2.686e-05, 1.6007, 0.12178, 7.2381e-05, 1.1229, 0.17983, 7.3753e-05, 0.68174, 0.87678, 0.53361, 0.30904, -0.041313, -0.70893, -1.1843, 0.28498, -0.0062694, -1.0615, -0.30976, -0.0060746, -1.0512, 0.68462, 0.03125, 2.1717, 1.0486, 1.9991, 0.84551, 0.46768, 4.255, 3.8009, 0.86394, 0.01896, 7.507, 1.5984, 0.025451, 5.6516, 3.2224, 0.076334, 0.20513, 0.002728, 0.19844, 0.026594, 0.023939, 2.2768, 2.2964, 0.030974, 5.8818e-05, 6.7842, 0.33643, 9.1836e-05, 4.1515, 0.59513, 0.00018781
15, 3, 0.21736, 0.06894, 0.10552, 1.5151, 0.47661, 0.55042, 0.99978, 1.6919, 0.54468, 0.60361, 3.3233, 2.6952, 0.57219, 0.00115, 0.44286, 0.86658, 0.00063, 3.335, 2.1284, 0.04175, 0.78767, 1.0077, 1.1159, 0.49682, 0.46818, 1.4305, 0.93871, 0.80093, 0.003153, 5.9984, 1.1319, 0.0040765, 5.9726, 0.62629, 0.052519, 0.64299, 0.98072, 0.88375, 0.41452, 0.38693, 0.70745, 0.10229, 0.71662, -0.0011425, 4.858, 0.79773, 0.00028339, 4.9367, 0.20768, 0.045516, 0.93236, 1.0346, 1.348, 0.57913, 0.54942, 2.1536, 1.7751, 0.88524, 0.0074484, 7.1388, 1.466, 0.0078696, 7.0084, 1.0449, 0.059521, 0.0077376, 0.00026818, 0.019914, 0.0025036, 0.0024395, 0.19326, 0.25858, 0.002627, 6.8197e-06, 0.4807, 0.041271, 5.3178e-06, 0.39661, 0.064768, 1.8122e-05, 0.061495, 0.9262, 0.46059, 0.28937, 0.25719, -0.73477, -1.3192, 0.52358, -0.0070898, 2.0837, 0.29976, -0.0041104, 2.9284, -0.51337, 0.033608, 1.5138, 1.0891, 1.7711, 0.70428, 0.67916, 3.5959, 3.1966, 1.0783, 0.013396, 9.9131, 1.964, 0.012263, 9.0167, 1.766, 0.07143, 0.19491, 0.0024525, 0.15871, 0.015908, 0.016453, 1.733, 1.8843, 0.028431, 3.8777e-05, 5.6642, 0.25593, 2.4773e-05, 3.4252, 0.48006, 0.00013218
16, 3.0022, 0.21409, 0.08002, 0.31039, 1.7895, 0.54525, 0.83329, 1.0493, 1.0514, 0.73559, 0.56109, 1.5731, 0.37948, 0.71591, 0.00223, 2.685, 0.64228, 0.01835, 8.2866, 0.72567, 0.04278, 1.0398, 1.0041, 1.2309, 0.56062, 0.45386, 1.7425, 1.222, 0.7434, 0.0076042, 3.5727, 0.9135, 0.025187, 5.0611, 1.0282, 0.042032, 0.85764, 0.96786, 0.87364, 0.37866, 0.28711, 0.61975, -0.11518, 0.63066, -0.00058424, 1.4302, 0.32467, 0.013889, 3.4416, 0.34589, 0.029419, 1.222, 1.0404, 1.5882, 0.74259, 0.62061, 2.8652, 2.5593, 0.85615, 0.015793, 5.7153, 1.5023, 0.036486, 6.6806, 1.7106, 0.054645, 0.01227, 0.00048583, 0.047179, 0.012238, 0.010278, 0.46589, 0.66092, 0.0046982, 2.4783e-05, 1.6967, 0.12815, 4.7182e-05, 0.96939, 0.17208, 5.8804e-05, 0.30527, 0.91912, 0.52158, 0.29723, 0.1975, -0.58697, -1.2653, 0.45613, -0.0047858, -0.74172, -0.049558, 0.01176, 1.7722, -0.2324, 0.020406, 1.7744, 1.0891, 1.9402, 0.82402, 0.71022, 4.0719, 3.7093, 1.0307, 0.019994, 7.8872, 1.8766, 0.038615, 8.35, 2.2888, 0.063658, 0.19944, 0.0026701, 0.18597, 0.025642, 0.024291, 2.0056, 2.2867, 0.030502, 5.674e-05, 6.8802, 0.34281, 6.6638e-05, 3.998, 0.58738, 0.00017286
17, 2, 0.23842, 0.10557, 0.09973, 0.91398, 0.55989, 0.95446, 0.97593, 0.536, 0.4464, 0.3831, 1.0751, 0.9754, 0.77616, 0.00024, 8.8799, 0.14642, 0.00343, 5.7354, 0.24015, 0.03407, 0.82922, 0.98822, 1.1088, 0.55784, 0.5245, 1.2243, 1.2459, 0.78211, 0.0051089, 6.4472, 0.82915, 0.0043585, 5.4194, 0.37388, 0.042768, 0.60493, 0.93554, 0.69839, 0.38713, 0.32459, -0.20802, -0.10072, 0.67009, -0.0032517, 4.537, 0.21111, -0.0097839, 3.5149, -0.33788, 0.028903, 1.0535, 1.0409, 1.5192, 0.72855, 0.72441, 2.6566, 2.5925, 0.89414, 0.013469, 8.3575, 1.4472, 0.018501, 7.3239, 1.0856, 0.056632, 0.018594, 0.0010257, 0.062251, 0.010771, 0.014771, 0.75825, 0.67024, 0.0046386, 2.5836e-05, 1.3487, 0.14118, 7.3925e-05, 1.3406, 0.18725, 7.1048e-05, 0.083096, 0.89503, 0.37127, 0.30209, 0.24543, -1.2692, -1.2465, 0.49512, -0.0073956, 2.2433, -0.15204, -0.011536, 1.9813, -0.90292, 0.020389, 1.5753, 1.0814, 1.8463, 0.81359, 0.80357, 3.7177, 3.7383, 1.0691, 0.017613, 10.651, 1.8103, 0.020253, 8.8576, 1.6507, 0.065147, 0.20576, 0.00321, 0.20104, 0.024176, 0.028785, 2.298, 2.296, 0.030443, 5.7793e-05, 6.5322, 0.35584, 9.338e-05, 4.3692, 0.60254, 0.00018511
18, 2.5, 0.2982, 0.06484, 0.3, 1.6667, 0.79933, 1.3174, 0.97958, 1.8095, 0.64832, 0.51745, 1.102, 0.53965, 0.7396, 0.00226, 3.0256, 0.57723, 0.00996, 3.9613, 0.64455, 0.04741, 1.0816, 0.98355, 1.1726, 0.46503, 0.33315, 2.1, 1.3797, 0.69978, 0.0057283, 3.009, 0.56894, 0.0083306, 4.078, 1.112, 0.040512, 0.84197, 0.93781, 0.76264, 0.2835, 0.15647, 0.90387, 0.033177, 0.57354, -0.0027787, 0.93889, 0.048442, -0.0025023, 2.2209, 0.42571, 0.025731, 1.3213, 1.0293, 1.5826, 0.64656, 0.50984, 3.2961, 2.7263, 0.82601, 0.014235, 5.0792, 1.0894, 0.019164, 5.9351, 1.7983, 0.055294, 0.021227, 0.00077348, 0.062126, 0.01218, 0.011538, 0.52878, 0.67019, 0.0058899, 2.6748e-05, 1.584, 0.10013, 4.3375e-05, 1.2747, 0.17409, 8.0762e-05, 0.33073, 0.8941, 0.43533, 0.20193, 0.070227, -0.2657, -1.1126, 0.40695, -0.0068746, -1.2699, -0.35393, -0.0047074, 0.66582, -0.15077, 0.017554, 1.8325, 1.073, 1.9099, 0.72812, 0.59608, 4.4656, 3.8721, 0.99261, 0.018331, 7.288, 1.4918, 0.021369, 7.4901, 2.3748, 0.063471, 0.2084, 0.0029578, 0.20092, 0.025584, 0.025552, 2.0685, 2.2959, 0.031694, 5.8706e-05, 6.7675, 0.31479, 6.283e-05, 4.3033, 0.58939, 0.00019482
19, 6.5574, 0.14555, 0.1037, 0.39612, 0.88496, 0.21859, 1.4921, 1.0042, 0.58148, 0.90992, 0.56099, 1.5057, 1.0719, 0.96934, 0.00092, 3.4929, 0.53461, 0.00361, 5.2712, 1.6091, 0.05272, 1.1424, 0.99452, 1.3312, 0.5488, 0.49512, 1.7991, 1.384, 0.65902, 0.002752, 5.3886, 0.84669, 0.011839, 2.2971, 1.9984, 0.071339, 0.93839, 0.96105, 0.95401, 0.42327, 0.36368, 0.75209, 0.059964, 0.55272, -0.0046793, 3.5937, 0.24124, 0.0018677, 0.98416, 1.2963, 0.059155, 1.3464, 1.028, 1.7083, 0.67433, 0.62655, 2.846, 2.708, 0.76531, 0.010183, 7.1835, 1.4521, 0.021809, 3.6101, 2.7005, 0.083523, 0.015382, 0.00041409, 0.052577, 0.0058241, 0.0063852, 0.40515, 0.64794, 0.0041761, 2.0412e-05, 1.1908, 0.13549, 3.6746e-05, 0.63715, 0.1822, 5.4867e-05, 0.40211, 0.91068, 0.61161, 0.32072, 0.26019, -0.49482, -1.0962, 0.37421, -0.0091512, 1.2358, -0.12662, -0.0004925, -0.85214, 0.72701, 0.049961, 1.8827, 1.0784, 2.0507, 0.77689, 0.73004, 4.0929, 3.8642, 0.94382, 0.014655, 9.5414, 1.82, 0.02417, 5.4464, 3.2699, 0.092718, 0.20255, 0.0025984, 0.19137, 0.019228, 0.020399, 1.9449, 2.2737, 0.02998, 5.2369e-05, 6.3742, 0.35014, 5.6202e-05, 3.6657, 0.59749, 0.00016893
20, 4.7, 0.3222, 0.17869, 0.45618, 1.3333, 0.27337, 1.1103, 1.0222, 0.81343, 0.52532, 0.48292, 1.4509, 0.85413, 0.76469, 0.00027, 8.6927, 1.6705, 0.00381, 1.6846, 1.0394, 0.0723, 1.3129, 0.98963, 1.3889, 0.55624, 0.58266, 2.1268, 1.2533, 0.75082, 0.0035486, 6.993, 0.8489, 0.0042781, 2.8555, 1.2395, 0.052061, 1.0694, 0.93644, 0.9788, 0.36647, 0.36842, 0.73837, -0.078908, 0.62345, -0.0048291, 5.3237, 0.23103, -0.0088362, 0.86864, 0.50123, 0.036035, 1.5563, 1.0428, 1.799, 0.74602, 0.79691, 3.5152, 2.5856, 0.87819, 0.011926, 8.6624, 1.4668, 0.017392, 4.8425, 1.9779, 0.068087, 0.021903, 0.0010456, 0.06217, 0.013311, 0.016965, 0.71249, 0.65602, 0.0059961, 2.5941e-05, 1.03, 0.14111, 6.3568e-05, 1.4592, 0.20148, 9.4927e-05, 0.56077, 0.89614, 0.65155, 0.28739, 0.29316, -0.34171, -1.2313, 0.4575, -0.0089674, 2.8929, -0.13219, -0.010709, -0.62896, -0.052244, 0.028283, 2.065, 1.0831, 2.1263, 0.82509, 0.87217, 4.5953, 3.738, 1.0441, 0.016064, 11.093, 1.83, 0.019266, 6.34, 2.5313, 0.07584, 0.20907, 0.0032299, 0.20096, 0.026716, 0.030979, 2.2522, 2.2818, 0.0318, 5.7899e-05, 6.2135, 0.35576, 8.3023e-05, 4.4877, 0.61677, 0.00020899
21, 4.4984, 0.33805, 0.06971, 0.10139, 0.79167, 0.36058, 1.13, 0.90813, 1.9478, 0.24687, 0.60602, 1.2405, 2.7974, 0.96518, 0.0135, 1.3603, 0.50724, 0.0011, 3.8422, 0.47801, 0.06581, 0.98464, 0.99335, 1.5176, 0.27208, 0.51764, 1.8986, 1.2664, 0.76608, 0.0060204, 4.8792, 0.4552, 0.0017508, 4.9618, 0.6559, 0.05525, 0.77603, 0.94823, 1.1492, 0.14341, 0.33767, 1.026, 0.02334, 0.65517, -0.0011484, 3.4846, -0.10323, -0.0065306, 3.1749, 0.041414, 0.043361, 1.1932, 1.0385, 1.8859, 0.40075, 0.6976, 2.7712, 2.5094, 0.87698, 0.013189, 6.2738, 1.0136, 0.010032, 6.7487, 1.2704, 0.067139, 0.016084, 0.0007524, 0.050153, 0.0061194, 0.01197, 0.28143, 0.57109, 0.0045463, 1.8995e-05, 0.71885, 0.11526, 2.5349e-05, 1.1802, 0.13956, 5.2247e-05, 0.24307, 0.90421, 0.80259, 0.042248, 0.25249, -0.32111, -1.1716, 0.47952, -0.0057207, 0.88303, -0.48958, -0.0092591, 1.5873, -0.56933, 0.034038, 1.7262, 1.0825, 2.2326, 0.50191, 0.78278, 4.1183, 3.7043, 1.0526, 0.017762, 8.8753, 1.4, 0.012761, 8.3362, 1.8811, 0.076462, 0.20325, 0.0029367, 0.18895, 0.019524, 0.025984, 1.8211, 2.1968, 0.03035, 5.0952e-05, 5.9023, 0.32992, 4.4804e-05, 4.2088, 0.55486, 0.00016631
22, 4.56, 0.08105, 0.04323, 0.2, 2.0833, 0.37977, 0.70575, 0.98823, 1.4376, 0.68811, 0.89367, 0.7368, 0.02477, 0.81933, 0.00801, 1.569, 0.97, 0.04414, 6.532, 0.75536, 0.0553, 0.87766, 1.0553, 1.3126, 0.53334, 0.67542, 1.7945, 1.1728, 0.68473, 0.0023101, 3.1928, 0.66012, 0.038641, 5.6497, 2.1085, 0.05772, 0.68291, 1.0241, 0.99885, 0.40847, 0.55902, 0.70171, 0.042122, 0.58463, -0.0038602, 1.5606, 0.23252, 0.032185, 4.2584, 1.5737, 0.047229, 1.0724, 1.0864, 1.6263, 0.65821, 0.79182, 2.8874, 2.3035, 0.78484, 0.0084804, 4.8249, 1.0877, 0.045097, 7.0409, 2.6432, 0.068211, 0.014019, 0.00035912, 0.036378, 0.0057632, 0.0050076, 0.44142, 0.47252, 0.0037038, 1.4072e-05, 0.9846, 0.067582, 1.5405e-05, 0.71539, 0.1057, 4.0678e-05, 0.13987, 0.9723, 0.62415, 0.30562, 0.44857, -0.52062, -1.2098, 0.40218, -0.0088494, -0.89234, -0.21373, 0.028929, 2.467, 0.92123, 0.037259, 1.6154, 1.1382, 2.001, 0.76106, 0.90227, 4.1097, 3.5554, 0.96728, 0.01347, 7.2779, 1.534, 0.048352, 8.8323, 3.2957, 0.078181, 0.20119, 0.0025434, 0.17517, 0.019167, 0.019021, 1.9811, 2.0983, 0.029508, 4.603e-05, 6.1681, 0.28224, 3.4861e-05, 3.744, 0.52099, 0.00015474
23, 3.9167, 0.12699, 0.06402, 0, 1.3229, 0.22169, 0.98261, 1.0157, 1.4987, 0.31919, 0.41162, 0.98462, 0.56256, 0.74492, 0.00767, 7.4124, 1.7882, 0.00233, 4.0706, 0.32542, 0.04698, 1.0495, 1.0235, 1.3497, 0.37598, 0.44083, 1.0205, 0.93475, 0.87881, 0.0066153, 7.0023, 0.7595, 0.0064951, 5.0456, 0.69631, 0.051533, 0.80743, 0.98244, 0.97345, 0.23914, 0.29727, -0.25214, -0.3843, 0.77344, -0.00086002, 5.1512, 0.14872, -0.0079158, 3.4254, 0.030858, 0.040146, 1.2915, 1.0646, 1.7259, 0.51281, 0.58438, 2.2932, 2.2538, 0.98417, 0.014091, 8.8535, 1.3703, 0.020906, 6.6658, 1.3618, 0.06292, 0.021652, 0.00062306, 0.052322, 0.0069207, 0.007617, 0.59864, 0.64309, 0.0041034, 2.0654e-05, 1.2665, 0.13789, 7.6759e-05, 0.97026, 0.16368, 4.7928e-05, 0.29781, 0.93635, 0.63062, 0.14148, 0.19891, -1.3848, -1.5428, 0.59435, -0.0053155, 2.8249, -0.21714, -0.0096391, 1.7564, -0.55526, 0.030598, 1.8011, 1.1107, 2.0688, 0.61048, 0.68274, 3.4258, 3.4123, 1.1633, 0.018546, 11.18, 1.7361, 0.022629, 8.3348, 1.9479, 0.072468, 0.20882, 0.0028074, 0.19111, 0.020325, 0.021631, 2.1383, 2.2688, 0.029908, 5.2612e-05, 6.45, 0.35254, 9.6214e-05, 3.9988, 0.57897, 0.00016199
24, 2.5, 0.1772, 0.06191, 0.39994, 0.97222, 0.73215, 1.1913, 0.993, 0.88555, 0.62077, 0.47672, 1.5818, 0.76895, 0.66159, 0.00218, 1.3681, 1.028, 0.00144, 3.616, 1.0923, 0.03367, 1.0548, 0.99381, 1.0311, 0.67916, 0.22381, 0.9669, 1.3912, 0.58683, 0.006091, 1.7259, 0.74314, 0.012284, 3.4908, 1.3721, 0.047673, 0.82072, 0.94924, 0.62827, 0.48775, 0.049406, -0.59484, 0.052341, 0.46842, -0.0023105, -0.071844, 0.22273, 0.0017267, 1.7063, 0.67778, 0.033153, 1.2889, 1.0384, 1.4339, 0.87057, 0.39821, 2.5286, 2.73, 0.70524, 0.014492, 3.5237, 1.2635, 0.022842, 5.2753, 2.0664, 0.062192, 0.020255, 0.00073429, 0.059976, 0.013542, 0.011242, 0.9015, 0.66254, 0.0051824, 2.6089e-05, 1.1946, 0.1001, 4.1199e-05, 1.177, 0.17818, 7.7919e-05, 0.30568, 0.90495, 0.29776, 0.40915, -0.037593, -1.6031, -1.097, 0.29729, -0.0064409, -2.4281, -0.17967, -0.00052588, 0.11758, 0.10495, 0.024882, 1.8039, 1.0827, 1.7644, 0.94917, 0.48521, 3.5369, 3.8794, 0.87638, 0.018623, 5.88, 1.666, 0.025095, 6.864, 2.6392, 0.070463, 0.20743, 0.0029186, 0.19877, 0.026946, 0.025256, 2.4412, 2.2883, 0.030987, 5.8047e-05, 6.3781, 0.31476, 6.0654e-05, 4.2056, 0.59347, 0.00019198
25, 2.1818, 0.31447, 0.1057, 0.42002, 1.25, 0.63982, 1.6726, 1.007, 1.7332, 0.54085, 0.35403, 1.6059, 0.52666, 0.71175, 0.00026, 1.5558, 1.6702, 0.00185, 2.256, 1.1532, 0.03867, 1.1786, 0.96973, 1.3246, 0.47798, 0.28993, 1.4603, 1.3889, 0.67753, 0.005847, 2.8938, 0.71321, 0.0037743, 2.9502, 0.90796, 0.044577, 0.95791, 0.92265, 0.911, 0.28703, 0.099215, -0.10388, 0.041802, 0.54966, -0.002691, 0.79663, 0.094105, -0.010281, 1.0133, 0.18689, 0.029625, 1.3993, 1.0168, 1.7382, 0.66894, 0.48065, 3.0245, 2.736, 0.8054, 0.014385, 4.9909, 1.3323, 0.01783, 4.8871, 1.629, 0.059529, 0.018005, 0.0008195, 0.063223, 0.013477, 0.013444, 0.90433, 0.67072, 0.0060433, 2.6944e-05, 1.6255, 0.14167, 7.3017e-05, 1.3866, 0.19218, 8.2632e-05, 0.43356, 0.87958, 0.58529, 0.2083, 0.017375, -1.1112, -1.1037, 0.38399, -0.0067768, -1.3983, -0.26865, -0.012043, -0.50604, -0.37405, 0.021509, 1.9237, 1.0599, 2.0639, 0.74767, 0.56249, 4.0318, 3.8815, 0.97107, 0.018471, 7.1859, 1.6951, 0.019592, 6.4064, 2.19, 0.067646, 0.20518, 0.0030038, 0.20201, 0.026882, 0.027457, 2.444, 2.2965, 0.031847, 5.8901e-05, 6.809, 0.35633, 9.2472e-05, 4.4152, 0.60747, 0.00019669
26, 6, 0.34416, 0.06131, 0.09624, 0.8642, 0.29775, 1.7968, 0.94907, 1.8108, 0.27522, 0.37132, 0.70705, 0.28501, 0.65146, 0.00435, 4.8391, 0.46177, 0.01939, 5.9377, 0.69136, 0.0635, 1.4921, 1.0019, 1.4658, 0.22166, 0.45261, 2.5883, 1.7615, 0.83372, 0.010407, 4.8901, 0.53154, 0.0053899, 4.6788, 0.79813, 0.064824, 1.2248, 0.94941, 1.0856, 0.086623, 0.26589, 1.4025, 0.48557, 0.71707, 0.0028646, 3.0038, -0.046218, -0.0036423, 2.8122, 0.18759, 0.052681, 1.7595, 1.0544, 1.846, 0.3567, 0.63933, 3.7741, 3.0374, 0.95038, 0.017949, 6.7765, 1.1093, 0.014422, 6.5454, 1.4087, 0.076968, 0.026426, 0.0010187, 0.05342, 0.0067399, 0.012886, 0.51975, 0.60173, 0.0050296, 2.1025e-05, 1.3152, 0.12338, 3.0153e-05, 1.2878, 0.13778, 5.4502e-05, 0.73195, 0.90882, 0.74467, -0.011794, 0.18283, 0.2278, -0.69339, 0.54489, -0.0015659, 0.69698, -0.42479, -0.0061953, 1.2614, -0.42513, 0.043469, 2.2523, 1.095, 2.1869, 0.45511, 0.72238, 4.9488, 4.2164, 1.1226, 0.02238, 9.0833, 1.4879, 0.016975, 8.0961, 2.0214, 0.08618, 0.2136, 0.003203, 0.19221, 0.020144, 0.0269, 2.0595, 2.2275, 0.030834, 5.2983e-05, 6.4987, 0.33804, 4.9608e-05, 4.3164, 0.55307, 0.00016856
27, 3.5, 0.38431, 0.09646, 0.15341, 1.4286, 0.54397, 1.004, 1.0592, 0.54391, 0.47465, 0.49448, 0.98812, 0.97647, 0.84854, 0.00092, 9.9582, 0.10119, 0.00454, 8.4009, 0.33109, 0.04835, 1.1288, 1.0375, 1.0087, 0.45638, 0.51402, 1.2155, 1.0443, 0.80409, 0.00241, 6.4546, 0.79419, 0.011264, 4.9116, 0.52524, 0.050694, 0.86805, 0.99256, 0.64341, 0.31925, 0.35906, 0.17773, -0.25769, 0.6941, -0.0054168, 4.8225, 0.24913, 0.003552, 3.2414, -0.042934, 0.040468, 1.3896, 1.0825, 1.374, 0.59351, 0.66897, 2.2532, 2.3463, 0.91407, 0.010237, 8.0867, 1.3392, 0.018975, 6.5818, 1.0934, 0.06092, 0.025138, 0.00074664, 0.049316, 0.00695, 0.0088746, 0.39803, 0.62655, 0.0044713, 2.2642e-05, 0.98453, 0.10981, 2.198e-05, 1.0311, 0.11932, 3.8652e-05, 0.37095, 0.94846, 0.29529, 0.22171, 0.26517, -1.0742, -1.4242, 0.51788, -0.0097441, 2.3695, -0.14275, 0.00067561, 1.5974, -0.67743, 0.030367, 1.8867, 1.1266, 1.7221, 0.69105, 0.76286, 3.5051, 3.5128, 1.0903, 0.014564, 10.54, 1.7311, 0.021852, 8.2257, 1.7279, 0.07102, 0.21231, 0.0029309, 0.18811, 0.020354, 0.022888, 1.9377, 2.2523, 0.030275, 5.46e-05, 6.168, 0.32446, 4.1436e-05, 4.0597, 0.53461, 0.00015271
28, 3.5, 0.41773, 0.10888, 0.11117, 1.3757, 0.51192, 1.5973, 1.0354, 0.61262, 0.49929, 0.59003, 0.99534, 0.53494, 0.79018, 0.00025, 9.5847, 0.07093, 0.00762, 8.0351, 0.27199, 0.0456, 1.0379, 1.0335, 1.1436, 0.42393, 0.53097, 1.6217, 1.1311, 0.82814, 0.0032649, 7.1569, 0.77597, 0.0094733, 5.5272, 0.43707, 0.048321, 0.77254, 0.98337, 0.75335, 0.25531, 0.34946, 0.4743, -0.19946, 0.71214, -0.0048558, 5.4599, 0.20292, -0.0026783, 3.6975, -0.20836, 0.035639, 1.3032, 1.0835, 1.5338, 0.59256, 0.71248, 2.7691, 2.4616, 0.94414, 0.011385, 8.8539, 1.349, 0.021625, 7.357, 1.0825, 0.061003, 0.026023, 0.00092723, 0.056283, 0.01051, 0.012177, 0.48658, 0.65432, 0.0049736, 2.4374e-05, 1.0644, 0.12138, 5.4577e-05, 1.2375, 0.15397, 5.9447e-05, 0.27841, 0.9417, 0.41709, 0.16957, 0.26477, -0.71974, -1.3526, 0.53958, -0.0090805, 3.0454, -0.17752, -0.0046794, 2.1299, -0.80397, 0.026654, 1.7974, 1.1252, 1.8701, 0.6783, 0.79716, 3.9631, 3.6148, 1.1167, 0.01561, 11.268, 1.7295, 0.023626, 8.9246, 1.6781, 0.069987, 0.21319, 0.0031115, 0.19507, 0.023914, 0.02619, 2.0263, 2.2801, 0.030778, 5.6332e-05, 6.2479, 0.33603, 7.4033e-05, 4.2661, 0.56927, 0.00017351
29, 4, 0.18328, 0.06227, 0.7, 1.6042, 0.48987, 1.8198, 0.93056, 1.8163, 0.74194, 0.31176, 2.3513, 0.03742, 0.30291, 0.00428, 1.4146, 0.28836, 0.00409, 1.8575, 2.3061, 0.07815, 1.6033, 0.95635, 1.4004, 0.52763, 0.1725, 1.3933, 1.3566, 0.47602, 0.0061322, 3.5777, 0.68347, 0.0068128, 1.6134, 2.2971, 0.06386, 1.36, 0.91108, 0.99473, 0.32995, -0.01472, -0.15377, 0.010511, 0.35366, -0.0023408, 1.0974, 0.10768, -0.0067003, -0.26672, 1.5834, 0.048351, 1.8466, 1.0016, 1.806, 0.72532, 0.35973, 2.9403, 2.7026, 0.59838, 0.014605, 6.0581, 1.2592, 0.020326, 3.4936, 3.0109, 0.079369, 0.021881, 0.00075735, 0.060816, 0.014444, 0.012956, 0.88459, 0.66969, 0.005534, 2.6535e-05, 2.2739, 0.12254, 6.7493e-05, 1.3065, 0.18832, 8.8902e-05, 0.8512, 0.86714, 0.66549, 0.25314, -0.097621, -1.1678, -1.1355, 0.18484, -0.0064477, -0.91409, -0.27167, -0.0085248, -1.8113, 1.0192, 0.040426, 2.3553, 1.0456, 2.1352, 0.80212, 0.44263, 3.9543, 3.8486, 0.7672, 0.018712, 8.0695, 1.6386, 0.02215, 5.0382, 3.5751, 0.087293, 0.20905, 0.0029417, 0.19961, 0.027849, 0.02697, 2.4243, 2.2954, 0.031338, 5.8493e-05, 7.4574, 0.33719, 8.6948e-05, 4.3351, 0.60361, 0.00020296
30, 2.8571, 0.3592, 0.09246, 0.12559, 1.6927, 0.62444, 0.325, 0.94113, 1.3664, 0.48435, 0.57674, 1.7726, 0.13582, 0.64346, 0.00026, 6.656, 0.42409, 0.00081, 1.9017, 0.77251, 0.04249, 1.0378, 0.98804, 0.98065, 0.40218, 0.51787, 1.1411, 1.0938, 0.80095, 0.0051265, 6.1538, 0.91132, 0.0035156, 3.7054, 0.42485, 0.042419, 0.8274, 0.94716, 0.63917, 0.2592, 0.35833, -0.091561, -0.1146, 0.69646, -0.0016826, 4.5425, 0.37565, -0.0041138, 2.0743, -0.18089, 0.031385, 1.2481, 1.0289, 1.3221, 0.54516, 0.67741, 2.3738, 2.3022, 0.90544, 0.011936, 7.7651, 1.447, 0.011145, 5.3365, 1.0306, 0.053454, 0.016355, 0.00061773, 0.043101, 0.007556, 0.0094072, 0.56163, 0.53972, 0.0040354, 1.7137e-05, 0.95956, 0.10606, 2.1515e-05, 0.98332, 0.13562, 4.5007e-05, 0.2957, 0.90097, 0.27914, 0.16405, 0.26614, -1.2433, -1.3267, 0.51681, -0.0063985, 2.077, -0.020187, -0.0070127, 0.41082, -0.79602, 0.021674, 1.7798, 1.0751, 1.6822, 0.64032, 0.7696, 3.5255, 3.5143, 1.0851, 0.016652, 10.231, 1.8428, 0.014044, 7, 1.6457, 0.063165, 0.20353, 0.002802, 0.18189, 0.02096, 0.023421, 2.1013, 2.1655, 0.02984, 4.9094e-05, 6.143, 0.32072, 4.097e-05, 4.0119, 0.55092, 0.00015907
31, 6.2215, 0.11341, 0.01519, 0.05049, 2.0833, 0.28018, 1.7417, 1.0556, 1.6777, 0.42506, 0.59611, 0.32746, 0.71871, 0.71766, 0.00437, 3.5297, 0.03528, 0.00604, 1.697, 0.81686, 0.08974, 1.3241, 1.015, 1.3738, 0.39595, 0.56053, 0.98469, 0.98247, 0.81688, 0.0047854, 5.9459, 0.76302, 0.0043317, 3.9019, 1.5799, 0.071865, 1.0508, 0.96892, 0.9959, 0.23578, 0.40339, -0.65068, -0.31377, 0.692, -0.003343, 3.6963, 0.23665, -0.0078402, 2.1499, 0.94151, 0.058394, 1.5974, 1.061, 1.7517, 0.55612, 0.71767, 2.6201, 2.2787, 0.94175, 0.012914, 8.1955, 1.2894, 0.016504, 5.6539, 2.2184, 0.085336, 0.027609, 0.00078329, 0.052787, 0.0094821, 0.0091265, 0.9885, 0.62104, 0.0057634, 2.442e-05, 1.8704, 0.10241, 5.4759e-05, 1.1345, 0.15065, 6.7072e-05, 0.56179, 0.92535, 0.65386, 0.14711, 0.31032, -1.6307, -1.483, 0.52463, -0.007565, 1.5773, -0.16317, -0.0098384, 0.54581, 0.34253, 0.049727, 2.0864, 1.1046, 2.0938, 0.64478, 0.81074, 3.6001, 3.448, 1.1091, 0.017136, 10.315, 1.6892, 0.018502, 7.258, 2.8173, 0.094002, 0.21478, 0.0029676, 0.19158, 0.022886, 0.02314, 2.5282, 2.2468, 0.031568, 5.6378e-05, 7.0539, 0.31706, 7.4215e-05, 4.1631, 0.56594, 0.00018113
32, 2.1818, 0.4772, 0.03381, 0.23429, 2.0833, 1.184, 1.1833, 1.0962, 0.55101, 0.61858, 0.38809, 0.65727, 0.94401, 0.99438, 0.00612, 7.1722, 0.01258, 0.00782, 3.8605, 0.78632, 0.02925, 0.98455, 1.0202, 1.1351, 0.48011, 0.41282, 1.5781, 1.4234, 0.73803, 0.0055666, 4.143, 0.55008, 0.0046829, 5.6695, 1.1214, 0.038439, 0.69075, 0.97022, 0.72532, 0.29133, 0.23689, -0.404, 0.076699, 0.60746, -0.0029696, 1.9191, 0.027103, -0.0072465, 3.7535, 0.42831, 0.022396, 1.2783, 1.0702, 1.545, 0.66889, 0.58875, 3.5602, 2.7701, 0.86861, 0.014103, 6.3669, 1.0731, 0.016612, 7.5855, 1.8144, 0.054482, 0.031904, 0.00092408, 0.062077, 0.013172, 0.01144, 1.4521, 0.67033, 0.0063018, 2.6932e-05, 1.828, 0.10109, 5.2599e-05, 1.3569, 0.17752, 9.5133e-05, 0.21467, 0.92852, 0.39794, 0.21196, 0.1504, -1.267, -1.069, 0.4433, -0.007056, -0.21247, -0.37419, -0.0092795, 2.2249, -0.1451, 0.014649, 1.7544, 1.1119, 1.8723, 0.74826, 0.67524, 4.4232, 3.9158, 1.0328, 0.018189, 8.4984, 1.4743, 0.018645, 9.1141, 2.3878, 0.062229, 0.21908, 0.0031084, 0.20087, 0.026577, 0.025453, 2.9918, 2.2961, 0.032106, 5.889e-05, 7.0115, 0.31575, 7.2054e-05, 4.3855, 0.59282, 0.00020919
33, 7.6378, 0.10199, 0.00844, 0.3395, 6.0476, 0.45183, 1.2473, 1.0941, 0.79235, 0.25032, 0.73413, 6.2955, 1.2774, 0.92586, 0.01334, 0.36817, 0.5912, 0.00664, 1.6783, 3.542, 0.04725, 1.3796, 1.0863, 1.4405, 0.50604, 0.75498, 2.9809, 0.93295, 0.77764, 0.0047332, 2.5913, 1.0153, 0.019409, 2.407, 2.8336, 0.060276, 1.0214, 1.0261, 1.0242, 0.29694, 0.52461, 0.4951, -0.4149, 0.64869, -0.0038004, 0.026409, 0.38823, 0.0019471, 0.29711, 2.0799, 0.043299, 1.7377, 1.1464, 1.8567, 0.71515, 0.98534, 5.4666, 2.2808, 0.9066, 0.013267, 5.1562, 1.6423, 0.036871, 4.5169, 3.5874, 0.077254, 0.04741, 0.001337, 0.064042, 0.016161, 0.019615, 2.2839, 0.67147, 0.0061465, 2.6916e-05, 2.4315, 0.14533, 0.0001127, 1.6454, 0.21, 0.00010653, 0.58291, 0.98865, 0.69966, 0.22322, 0.45335, -0.23546, -1.5601, 0.48363, -0.0078876, -1.9477, 0.028391, 0.00049989, -1.1491, 1.533, 0.035846, 2.1762, 1.1839, 2.1812, 0.78887, 1.0566, 6.1972, 3.426, 1.0717, 0.017354, 7.1303, 2.0022, 0.038319, 5.9631, 4.1343, 0.084706, 0.23458, 0.0035213, 0.20283, 0.029565, 0.033628, 3.8236, 2.2972, 0.031951, 5.8874e-05, 7.615, 0.35999, 0.00013216, 4.674, 0.62529, 0.0002206
34, 4.56, 0.08105, 0.08646, 0.2, 1.0417, 0.23453, 1.6219, 1.0406, 0.62635, 0.57732, 0.38073, 1.4634, 0.56523, 0.5145, 0.00115, 2.8791, 0.18924, 0.02803, 6.9276, 0.79508, 0.06654, 0.87688, 1.0256, 1.2234, 0.55076, 0.66537, 1.2509, 1.2173, 0.72049, 0.0045513, 3.9287, 0.74998, 0.0092563, 6.2704, 1.1582, 0.057661, 0.66345, 0.98891, 0.82313, 0.39113, 0.50263, 0.051343, -0.12726, 0.61394, -0.0038777, 1.9263, 0.21832, -0.0033143, 4.5688, 0.4958, 0.043374, 1.0903, 1.0622, 1.6236, 0.71039, 0.82812, 2.4505, 2.5618, 0.82704, 0.01298, 5.9312, 1.2816, 0.021827, 7.972, 1.8206, 0.071948, 0.016836, 0.00049635, 0.059211, 0.0094184, 0.0097895, 0.53187, 0.66816, 0.0041962, 2.626e-05, 1.4821, 0.10448, 5.8406e-05, 1.0702, 0.16216, 7.5441e-05, 0.13395, 0.9404, 0.49146, 0.30227, 0.4116, -1.1165, -1.274, 0.4356, -0.007999, -0.31789, -0.17923, -0.0052577, 2.9403, -0.091758, 0.035018, 1.6198, 1.1107, 1.9553, 0.79925, 0.91915, 3.6184, 3.7085, 1.0054, 0.017102, 8.1754, 1.6792, 0.02377, 9.6005, 2.4081, 0.080304, 0.20401, 0.0026807, 0.198, 0.022823, 0.023803, 2.0716, 2.2939, 0.03, 5.8218e-05, 6.6655, 0.31913, 7.7861e-05, 4.0988, 0.57746, 0.0001895
35, 2, 0.13709, 0.04021, 0.20759, 1.7797, 0.55401, 1.8959, 1.0967, 0.99776, 0.81552, 0.25261, 2.7814, 2.8703, 0.29264, 0.02543, 0.05457, 0.93384, 0.00577, 1.1751, 0.48095, 0.0608, 0.88146, 1.0193, 1.2984, 0.51767, 0.3793, 1.1588, 1.113, 0.63626, 0.0095845, 3.6804, 0.8705, 0.0065684, 3.8232, 1.0655, 0.055493, 0.64537, 0.97392, 0.8874, 0.34132, 0.18085, -0.26907, -0.23456, 0.5239, 0.0012793, 1.5015, 0.24543, -0.0096627, 2.0136, 0.38359, 0.041016, 1.1176, 1.0646, 1.7095, 0.69402, 0.57775, 2.5866, 2.4605, 0.74863, 0.01789, 5.8594, 1.4956, 0.022799, 5.6328, 1.7474, 0.06997, 0.020602, 0.00076002, 0.06245, 0.011495, 0.014557, 0.75353, 0.67117, 0.0046667, 2.5494e-05, 1.7548, 0.14441, 9.7373e-05, 1.2103, 0.17186, 7.7469e-05, 0.13171, 0.93001, 0.56057, 0.25813, 0.10128, -1.3321, -1.3799, 0.34914, -0.002883, -0.65221, -0.11513, -0.01121, 0.43669, -0.19491, 0.032729, 1.6312, 1.1085, 2.0363, 0.77722, 0.65733, 3.6496, 3.6059, 0.92338, 0.022052, 8.0131, 1.8561, 0.024347, 7.2097, 2.3259, 0.078257, 0.20777, 0.0029443, 0.20124, 0.024899, 0.02857, 2.2932, 2.2969, 0.030471, 5.7452e-05, 6.9383, 0.35907, 0.00011683, 4.2389, 0.58715, 0.00019153
36, 4.7, 0.39202, 0.08935, 0.4617, 2.6667, 0.50219, 0.91433, 1.0239, 1.9297, 0.57232, 0.74553, 1.7294, 0.12379, 0.83408, 4e-05, 4.6123, 1.9519, 0.01053, 1.7727, 0.86094, 0.06771, 1.4732, 1.0306, 1.6745, 0.44707, 0.54301, 1.2127, 1.1395, 0.78375, 0.0034854, 5.1628, 0.80294, 0.0047378, 2.7338, 1.5009, 0.05117, 1.2388, 0.98704, 1.3028, 0.24265, 0.3374, -0.29885, -0.20567, 0.67093, -0.0039137, 3.0059, 0.17862, -0.0073004, 0.87339, 0.76436, 0.036395, 1.7075, 1.0743, 2.0462, 0.6515, 0.74861, 2.7243, 2.4847, 0.89657, 0.010884, 7.3197, 1.4273, 0.016776, 4.5942, 2.2375, 0.065946, 0.020296, 0.0007028, 0.051057, 0.015446, 0.015625, 0.8445, 0.6688, 0.0047043, 2.0235e-05, 1.7195, 0.14407, 5.3564e-05, 1.2792, 0.20052, 8.0694e-05, 0.72396, 0.94227, 0.95781, 0.16769, 0.25983, -1.3271, -1.3521, 0.49645, -0.0083977, 0.84119, -0.18222, -0.0093177, -0.68016, 0.21014, 0.028216, 2.2224, 1.119, 2.3912, 0.72645, 0.82618, 3.7525, 3.6311, 1.0711, 0.015369, 9.4844, 1.7881, 0.018793, 6.1477, 2.7917, 0.074125, 0.20747, 0.0028871, 0.18985, 0.02885, 0.029638, 2.3842, 2.2945, 0.030508, 5.2192e-05, 6.903, 0.35873, 7.3019e-05, 4.3078, 0.61581, 0.00019475
37, 6, 0.37518, 0.06684, 0.10492, 0.8642, 0.29938, 1.8579, 1.0275, 1.9291, 0.15447, 0.29838, 3.9516, 4.1117, 0.99765, 0.01072, 2.0823, 0.01164, 0.00531, 2.1442, 0.65783, 0.0589, 1.5117, 0.98598, 1.5024, 0.27412, 0.48115, 1.7961, 1.0724, 0.80169, 0.0070799, 5.7622, 0.607, 0.016585, 5.0833, 0.67892, 0.064221, 1.2415, 0.93158, 1.1163, 0.10966, 0.2846, 0.5535, -0.20574, 0.6805, -0.00055333, 3.8985, 0.027216, 0.0073427, 3.1606, 0.024758, 0.050314, 1.7819, 1.0404, 1.8884, 0.43858, 0.67769, 3.0388, 2.3505, 0.92288, 0.014713, 7.6259, 1.1868, 0.025827, 7.006, 1.3331, 0.078127, 0.026984, 0.0010939, 0.055082, 0.0099968, 0.014278, 0.57075, 0.60382, 0.0054287, 2.1536e-05, 1.2838, 0.12424, 3.1572e-05, 1.3663, 0.15817, 7.1478e-05, 0.7505, 0.8918, 0.77811, 0.022499, 0.20448, -0.59339, -1.3836, 0.511, -0.0049504, 1.5792, -0.35056, 0.0048352, 1.635, -0.56668, 0.041816, 2.2729, 1.0802, 2.2266, 0.52574, 0.75781, 4.1857, 3.5284, 1.0924, 0.01911, 9.9452, 1.5646, 0.028335, 8.5316, 1.9245, 0.086626, 0.21415, 0.0032782, 0.19387, 0.023401, 0.028292, 2.1104, 2.2296, 0.031233, 5.3494e-05, 6.4673, 0.3389, 5.1027e-05, 4.3949, 0.57346, 0.00018554
38, 3.0049, 0.29001, 0.1222, 0.36241, 1.3544, 0.4912, 1.1682, 0.98183, 1.5504, 0.61426, 0.44434, 1.1333, 0.67352, 0.70553, 0.02787, 2.3136, 1.1764, 0.0268, 8.0086, 0.29101, 0.02541, 1.1107, 1.0269, 1.3207, 0.36954, 0.41744, 1.8153, 3.1313, 0.73189, 0.011506, 2.3998, 0.49534, 0.037552, 3.8718, 0.73966, 0.043324, 0.91391, 0.98446, 0.97765, 0.23655, 0.27754, 0.84958, 1.9893, 0.62003, 0.0051875, 0.61949, 0.01847, 0.030856, 2.2328, 0.15249, 0.032425, 1.3074, 1.0692, 1.6638, 0.50252, 0.55735, 2.7811, 4.2733, 0.84375, 0.017825, 4.1801, 0.9722, 0.044248, 5.5109, 1.3268, 0.054224, 0.014307, 0.00066436, 0.043499, 0.0065365, 0.0072347, 0.34474, 0.48207, 0.0046251, 1.4757e-05, 1.1715, 0.08405, 1.6572e-05, 0.99291, 0.12743, 4.3908e-05, 0.37234, 0.93906, 0.61843, 0.13727, 0.17768, -0.44262, 0.74325, 0.44496, 0.0002639, -1.7467, -0.40364, 0.027679, 0.57331, -0.4721, 0.022651, 1.849, 1.1146, 2.023, 0.60181, 0.65721, 4.0733, 5.5193, 1.0188, 0.022748, 6.5463, 1.3943, 0.047425, 7.1704, 1.9514, 0.063998, 0.20148, 0.0028487, 0.18229, 0.019941, 0.021248, 1.8844, 2.1078, 0.030429, 4.6714e-05, 6.3549, 0.29871, 3.6028e-05, 4.0215, 0.54272, 0.00015797
39, 2, 0.062, 0.15337, 0.59912, 1.1719, 0.38897, 0.83042, 1.0811, 0.68945, 0.58865, 0.28196, 1.5555, 0.81505, 0.58224, 0.00044, 3.7151, 1.1254, 0.00691, 1.0474, 1.95, 0.04357, 1.1633, 1.0491, 1.1816, 0.72599, 0.47091, 1.1425, 1.3765, 0.54954, 0.0046899, 2.3003, 0.87426, 0.0087825, 2.1624, 1.6364, 0.042941, 0.90805, 1.0041, 0.76599, 0.53431, 0.29077, -0.44987, 0.028983, 0.42935, -0.0038408, 0.10753, 0.33519, -0.0041211, 0.37037, 0.89744, 0.026923, 1.4186, 1.0941, 1.5972, 0.91767, 0.65105, 2.7349, 2.724, 0.66973, 0.013221, 4.493, 1.4133, 0.021686, 3.9545, 2.3753, 0.058958, 0.024085, 0.00074924, 0.063849, 0.01358, 0.011994, 0.93723, 0.67115, 0.005339, 2.6898e-05, 1.7771, 0.10741, 6.1541e-05, 1.187, 0.20181, 9.4826e-05, 0.4073, 0.96001, 0.44118, 0.45579, 0.20564, -1.4462, -1.1163, 0.25927, -0.007929, -2.0394, -0.059207, -0.0060209, -1.2148, 0.34423, 0.019168, 1.9193, 1.1382, 1.9221, 0.99618, 0.73617, 3.7312, 3.8694, 0.83982, 0.017309, 6.6399, 1.8077, 0.023586, 5.5396, 2.9285, 0.066714, 0.21126, 0.0029336, 0.20264, 0.026984, 0.026008, 2.4769, 2.2969, 0.031143, 5.8855e-05, 6.9606, 0.32207, 8.0996e-05, 4.2156, 0.61711, 0.00020889
40, 4.7, 0.39202, 0.08776, 0.23073, 1.9192, 0.48658, 1.4337, 1.0287, 1.8949, 0.52544, 0.54351, 1.1888, 0.77789, 0.84091, 0.00056, 5.8579, 0.53773, 0.00393, 4.2766, 0.56305, 0.03475, 1.1367, 1.0209, 1.4038, 0.49669, 0.65168, 1.1252, 1.1772, 0.8009, 0.0046007, 5.286, 0.56771, 0.0078565, 4.2443, 0.86866, 0.052646, 0.9129, 0.97194, 0.9904, 0.30905, 0.45459, -0.1425, -0.17049, 0.67833, -0.0038285, 3.3605, 0.0052527, -0.0042447, 2.2675, 0.17736, 0.038373, 1.3606, 1.0699, 1.8171, 0.68432, 0.84878, 2.3929, 2.5249, 0.92348, 0.01303, 7.2114, 1.1302, 0.019958, 6.2212, 1.56, 0.066919, 0.018519, 0.00088693, 0.063158, 0.013013, 0.014358, 0.59398, 0.67131, 0.0055533, 2.6261e-05, 1.3703, 0.11693, 5.4125e-05, 1.4445, 0.17663, 7.5301e-05, 0.39075, 0.92977, 0.66459, 0.22934, 0.37463, -1.2775, -1.3157, 0.50963, -0.0079498, 1.0751, -0.37946, -0.0062529, 0.76555, -0.39684, 0.030011, 1.8827, 1.1121, 2.143, 0.76403, 0.92874, 3.5278, 3.6701, 1.0922, 0.017151, 9.4969, 1.5149, 0.021966, 7.7231, 2.1342, 0.075281, 0.20569, 0.0030712, 0.20195, 0.026417, 0.028371, 2.1337, 2.297, 0.031357, 5.8219e-05, 6.5538, 0.33159, 7.3581e-05, 4.473, 0.59193, 0.00018936
41, 2.8571, 0.37557, 0.09667, 0.13131, 1.6927, 0.62603, 1.405, 0.90815, 0.50188, 0.48596, 0.68235, 0.67907, 0.57241, 0.99338, 0.00092, 7.931, 1.4361, 0.001, 2.4199, 0.39314, 0.03929, 0.96389, 1.0066, 1.1523, 0.41437, 0.47878, 1.6519, 1.0306, 0.7696, 0.0039127, 5.9544, 0.58771, 0.0029537, 3.4375, 0.48285, 0.045064, 0.7513, 0.96609, 0.82092, 0.27878, 0.32673, 0.40002, -0.17588, 0.66753, -0.0028249, 4.3076, 0.052582, -0.0047266, 1.8578, -0.087058, 0.034957, 1.1765, 1.047, 1.4836, 0.54995, 0.63083, 2.9037, 2.237, 0.87167, 0.01065, 7.6012, 1.1228, 0.010634, 5.0172, 1.0528, 0.055171, 0.016703, 0.00060517, 0.040579, 0.0067948, 0.0085454, 0.57923, 0.53798, 0.0038507, 1.6778e-05, 1.0024, 0.10584, 2.1802e-05, 0.92235, 0.12005, 3.7756e-05, 0.2212, 0.91968, 0.45563, 0.1806, 0.23173, -0.74247, -1.3889, 0.48634, -0.0075702, 1.8634, -0.34349, -0.0076116, 0.16806, -0.72064, 0.024797, 1.7066, 1.0934, 1.8489, 0.64814, 0.72583, 4.0462, 3.4501, 1.0529, 0.015396, 10.045, 1.5189, 0.013519, 6.707, 1.6863, 0.065331, 0.20387, 0.0027895, 0.17937, 0.020199, 0.022559, 2.1189, 2.1637, 0.029655, 4.8736e-05, 6.1859, 0.3205, 4.1258e-05, 3.9509, 0.53534, 0.00015182
42, 3.0049, 0.23427, 0.07638, 0.14319, 1.3544, 0.52635, 0.86369, 1.0113, 0.82924, 0.56093, 0.37132, 1.355, 0.77987, 0.53788, 0.01138, 1.6615, 0.46132, 0.02274, 7.6879, 0.19781, 0.0485, 0.82351, 1.0285, 1.1189, 0.58746, 0.46486, 1.9454, 1.015, 0.75217, 0.0043927, 4.6783, 0.64124, 0.026878, 5.4157, 0.66777, 0.046827, 0.6734, 0.99609, 0.82658, 0.47347, 0.35771, 1.0923, -0.06568, 0.64978, -0.0016326, 3.3658, 0.19466, 0.021022, 4.1768, 0.15131, 0.037756, 0.97362, 1.0608, 1.4111, 0.70146, 0.572, 2.7985, 2.0957, 0.85456, 0.010418, 5.9908, 1.0878, 0.032735, 6.6546, 1.1842, 0.055898, 0.0083284, 0.00038718, 0.031574, 0.0048032, 0.004243, 0.26901, 0.43165, 0.003875, 1.3419e-05, 0.63667, 0.073715, 1.2677e-05, 0.5673, 0.098587, 3.0412e-05, 0.096232, 0.94504, 0.43993, 0.36552, 0.24261, -0.26675, -1.3443, 0.4688, -0.0066873, 0.71009, -0.24205, 0.017554, 2.2966, -0.51135, 0.027057, 1.5508, 1.1119, 1.7978, 0.80941, 0.6871, 4.1575, 3.3743, 1.0355, 0.015473, 8.6465, 1.5245, 0.036202, 8.5348, 1.8469, 0.066598, 0.1955, 0.0025715, 0.17037, 0.018207, 0.018257, 1.8087, 2.0574, 0.029679, 4.5376e-05, 5.8202, 0.28837, 3.2133e-05, 3.5959, 0.51388, 0.00014447
43, 3, 0.35826, 0.12126, 0.10019, 0.48387, 0.34299, 1.1867, 1.0262, 0.74933, 0.33302, 0.44337, 1.2119, 0.59746, 0.73741, 0.0002, 6.5387, 0.99824, 0.00394, 2.4298, 0.68129, 0.07193, 0.84465, 0.9631, 1.2838, 0.2825, 0.39923, 1.7118, 1.1044, 0.77541, 0.0044433, 6.7508, 0.6123, 0.0025904, 4.1548, 0.49049, 0.04769, 0.63496, 0.92109, 0.90449, 0.12059, 0.23525, 0.46507, -0.23612, 0.66697, -0.0039185, 4.6885, 0.096289, -0.0080168, 2.3932, -0.16083, 0.034641, 1.0543, 1.0051, 1.6631, 0.4444, 0.5632, 2.9586, 2.4449, 0.88385, 0.012805, 8.8131, 1.1283, 0.013198, 5.9165, 1.1418, 0.06074, 0.016252, 0.0006523, 0.053173, 0.0096889, 0.0099378, 0.57453, 0.66417, 0.0043461, 2.5843e-05, 1.572, 0.098415, 4.1586e-05, 1.147, 0.1568, 6.2941e-05, 0.10278, 0.87549, 0.5631, 0.032538, 0.14467, -0.67985, -1.3847, 0.4898, -0.008062, 2.4756, -0.30804, -0.010261, 0.79369, -0.75362, 0.025807, 1.5865, 1.0507, 2.0044, 0.53246, 0.65379, 4.1035, 3.5934, 1.061, 0.016949, 11.026, 1.5326, 0.015441, 7.516, 1.7346, 0.069574, 0.20342, 0.0028366, 0.19196, 0.023093, 0.023951, 2.1142, 2.2899, 0.03015, 5.7801e-05, 6.7555, 0.31307, 6.1042e-05, 4.1756, 0.57209, 0.000177
44, 2.5, 0.1772, 0.14937, 0.62894, 0.97222, 0.42492, 1.1899, 0.93389, 1.354, 0.6293, 0.02828, 1.115, 0.50551, 0.46123, 0.00283, 2.0236, 0.38757, 0.00229, 1.6513, 1.2568, 0.03491, 1.2602, 0.98953, 1.2939, 0.54273, 0.16608, 1.0546, 1.405, 0.56472, 0.0049704, 3.4513, 0.62829, 0.0028579, 1.7703, 1.7512, 0.050354, 0.97373, 0.94209, 0.87823, 0.35285, -0.02452, -0.21309, 0.057837, 0.44245, -0.0035573, 1.437, 0.1133, -0.0067837, -0.10263, 1.0257, 0.034609, 1.5466, 1.037, 1.7096, 0.73261, 0.35669, 2.3224, 2.7522, 0.68699, 0.013498, 5.4657, 1.1433, 0.0125, 3.6433, 2.4767, 0.0661, 0.030325, 0.00083167, 0.06387, 0.013326, 0.013428, 0.59402, 0.67082, 0.0055257, 2.6879e-05, 1.4997, 0.098027, 3.4359e-05, 1.2966, 0.19454, 9.1632e-05, 0.49306, 0.89919, 0.55345, 0.27381, -0.10639, -1.348, -1.0876, 0.27358, -0.0076464, -0.80093, -0.29148, -0.0092085, -1.6505, 0.46671, 0.026764, 2.0273, 1.0799, 2.0344, 0.81166, 0.43856, 3.4573, 3.8977, 0.85587, 0.017587, 7.7036, 1.5481, 0.014924, 5.1912, 3.0357, 0.073945, 0.2175, 0.003016, 0.20266, 0.02673, 0.027441, 2.1337, 2.2966, 0.03133, 5.8837e-05, 6.6832, 0.31268, 5.3815e-05, 4.3252, 0.60984, 0.00020569
45, 4.56, 0.32421, 0.04323, 0.2, 2.0833, 0.76092, 1.3472, 1.0454, 1.0003, 0.43989, 0.79948, 0.63351, 0.72003, 0.93319, 0.00623, 2.0348, 1.7532, 0.01031, 8.8826, 0.57549, 0.05214, 0.96838, 0.99813, 1.0977, 0.53859, 0.71389, 1.3164, 1.1698, 0.78542, 0.0038074, 3.8288, 1.1396, 0.0078602, 5.1808, 0.96372, 0.044685, 0.72159, 0.9638, 0.76815, 0.42373, 0.59661, 0.21605, 0.040535, 0.67623, -0.0023839, 2.1903, 0.75153, 0.0019566, 3.7182, 0.43696, 0.034004, 1.2152, 1.0325, 1.4273, 0.65345, 0.83118, 2.4168, 2.2991, 0.89462, 0.0099988, 5.4673, 1.5277, 0.013764, 6.6433, 1.4905, 0.055366, 0.02251, 0.00043561, 0.040145, 0.0048766, 0.0050844, 0.44752, 0.47136, 0.0044071, 1.4168e-05, 0.99229, 0.055663, 1.2882e-05, 0.79065, 0.10256, 4.2165e-05, 0.21518, 0.91394, 0.40193, 0.3162, 0.48658, -1.0023, -1.2122, 0.49952, -0.0073638, -0.25887, 0.28441, -0.0014934, 1.9663, -0.21995, 0.024126, 1.7216, 1.0823, 1.7935, 0.76099, 0.9412, 3.6352, 3.5518, 1.0713, 0.014979, 7.9164, 1.9948, 0.017214, 8.3953, 2.1474, 0.065244, 0.20968, 0.0026199, 0.17894, 0.018281, 0.019098, 1.9872, 2.0971, 0.030211, 4.6126e-05, 6.1758, 0.27032, 3.2337e-05, 3.8192, 0.51785, 0.00015623
46, 2.5, 0.1772, 0.14937, 0.39994, 0.97222, 0.41986, 0.86088, 0.97973, 1.6511, 0.36077, 0.01922, 0.37544, 2.2462, 0.49057, 0.00383, 0.64001, 0.10414, 0.00046, 1.8291, 2.2335, 0.03008, 1.0798, 0.98155, 1.1734, 0.6053, 0.31329, 1.4809, 1.3686, 0.6787, 0.0054479, 2.6237, 0.66217, 0.004095, 3.4428, 1.0494, 0.040748, 0.80337, 0.93612, 0.75804, 0.42866, 0.12842, 0.2735, 0.021215, 0.55979, -0.0030551, 0.68796, 0.1472, -0.0055664, 1.6247, 0.32928, 0.025121, 1.3563, 1.027, 1.5887, 0.78194, 0.49817, 2.6882, 2.716, 0.79761, 0.013951, 4.5594, 1.1771, 0.013756, 5.2609, 1.7696, 0.056374, 0.028252, 0.00076316, 0.06376, 0.011533, 0.012633, 0.5388, 0.67101, 0.0052263, 2.6723e-05, 1.3849, 0.098021, 3.4501e-05, 1.2217, 0.19168, 9.0254e-05, 0.31641, 0.89225, 0.4331, 0.34556, 0.044793, -0.89052, -1.1242, 0.38895, -0.0071523, -1.5919, -0.25759, -0.0079873, 0.051734, -0.23206, 0.017236, 1.8433, 1.0709, 1.9137, 0.86505, 0.58179, 3.8523, 3.8614, 0.96845, 0.018048, 6.8393, 1.5819, 0.016177, 6.8339, 2.3309, 0.064259, 0.21542, 0.0029475, 0.20255, 0.024937, 0.026646, 2.0785, 2.2968, 0.03103, 5.8681e-05, 6.5684, 0.31268, 5.3956e-05, 4.2503, 0.60698, 0.00020431
47, 1.5, 0.12975, 0.1397, 0.3332, 0.9697, 0.50471, 0.17717, 0.96432, 0.58978, 0.9131, 0.03206, 2.1719, 0.8805, 0.99635, 0.01558, 4.1445, 0.31675, 0.00676, 4.9521, 0.96827, 0.03542, 0.80727, 1.0239, 1.0919, 0.63968, 0.28099, 2.1072, 1.3557, 0.69628, 0.0047223, 2.261, 0.87036, 0.0087796, 3.2377, 1.0816, 0.041228, 0.47876, 0.96818, 0.67811, 0.45702, 0.068981, 0.78927, 0.0098924, 0.57265, -0.0037961, 0.13131, 0.24504, -0.0079734, 1.2171, 0.35968, 0.025557, 1.1358, 1.0796, 1.5056, 0.82234, 0.49299, 3.4251, 2.7016, 0.8199, 0.013241, 4.3907, 1.4957, 0.025533, 5.2583, 1.8035, 0.0569, 0.039887, 0.0011478, 0.063269, 0.012332, 0.016613, 0.64196, 0.66949, 0.0056487, 2.682e-05, 1.6764, 0.14453, 0.00010374, 1.509, 0.19263, 9.0771e-05, 0.023483, 0.92895, 0.35247, 0.3758, -0.006868, -0.32235, -1.1362, 0.40456, -0.0078883, -2.0471, -0.11544, -0.0094769, -0.26609, -0.20088, 0.017687, 1.591, 1.1188, 1.8312, 0.90356, 0.56884, 4.5367, 3.8477, 0.98799, 0.017333, 6.5691, 1.8561, 0.027036, 6.7415, 2.3641, 0.064769, 0.22706, 0.0033321, 0.20206, 0.025736, 0.030626, 2.1817, 2.2952, 0.031453, 5.8778e-05, 6.8599, 0.35918, 0.00012319, 4.5376, 0.60793, 0.00020483
48, 4, 0.23445, 0.11054, 0.22306, 1.95, 0.34281, 1.9712, 0.95122, 1.9752, 0.45769, 0.47944, 0.95186, 1.1925, 0.80103, 0.01336, 2.494, 0.19204, 0.00991, 6.6832, 0.56914, 0.05217, 1.2197, 1.0151, 1.3998, 0.50133, 0.47877, 1.2282, 1.115, 0.78175, 0.0035262, 4.9229, 0.81413, 0.0037033, 3.7401, 0.96285, 0.045852, 1.0242, 0.97001, 0.9935, 0.31568, 0.28518, -0.10404, -0.23179, 0.66345, -0.0046735, 3.0424, 0.18953, -0.0090818, 1.8989, 0.24055, 0.032386, 1.4153, 1.0602, 1.8061, 0.68699, 0.67236, 2.5604, 2.4617, 0.90005, 0.011726, 6.8035, 1.4387, 0.016488, 5.5813, 1.6851, 0.059318, 0.014132, 0.00075099, 0.061013, 0.012739, 0.013852, 0.65598, 0.67039, 0.0051726, 2.4851e-05, 1.3071, 0.1442, 6.0416e-05, 1.253, 0.19283, 6.7025e-05, 0.48174, 0.92597, 0.66455, 0.23538, 0.2042, -1.2092, -1.3775, 0.49225, -0.0088713, 0.73238, -0.17121, -0.010997, 0.33658, -0.31985, 0.023718, 1.9577, 1.1042, 2.135, 0.76729, 0.75335, 3.6655, 3.6074, 1.0712, 0.015924, 9.1135, 1.7995, 0.018404, 7.1436, 2.2455, 0.067986, 0.2013, 0.0029353, 0.1998, 0.026144, 0.027866, 2.1957, 2.2961, 0.030977, 5.6808e-05, 6.4906, 0.35885, 7.9872e-05, 4.2816, 0.60813, 0.00018109
49, 3.0049, 0.1623, 0.05357, 0.04951, 1.3368, 0.45659, 0.12861, 0.95373, 1.9007, 0.45028, 0.44392, 1.8979, 1.1693, 0.91859, 6e-05, 5.5055, 0.94696, 0.00129, 5.322, 0.50906, 0.03373, 0.69574, 0.98843, 1.1098, 0.45361, 0.50466, 1.6459, 1.0185, 0.77552, 0.0034341, 5.2377, 0.48442, 0.0081109, 6.0096, 0.49722, 0.038096, 0.52929, 0.95485, 0.78863, 0.34276, 0.39638, 0.76853, -0.10287, 0.66871, -0.0025639, 3.7205, 0.015439, 0.0022972, 4.6734, -0.038014, 0.028444, 0.86218, 1.022, 1.431, 0.56445, 0.61293, 2.5232, 2.1398, 0.88234, 0.009432, 6.7549, 0.95341, 0.013925, 7.3458, 1.0325, 0.047748, 0.01024, 0.00041667, 0.03813, 0.0045414, 0.004333, 0.2845, 0.46474, 0.0042168, 1.3297e-05, 0.85078, 0.081294, 1.2493e-05, 0.65993, 0.10588, 3.4435e-05, -0.035089, 0.90454, 0.41796, 0.23326, 0.28186, -0.57572, -1.3598, 0.49053, -0.0076311, 1.1971, -0.4104, -0.0011862, 2.8506, -0.69025, 0.018052, 1.4266, 1.0723, 1.8017, 0.67395, 0.72745, 3.8675, 3.3967, 1.0605, 0.014499, 9.2782, 1.3792, 0.017408, 9.1686, 1.6847, 0.05814, 0.19741, 0.002601, 0.17692, 0.017946, 0.018347, 1.8242, 2.0905, 0.030021, 4.5254e-05, 6.0343, 0.29595, 3.1948e-05, 3.6885, 0.52118, 0.0001485
50, 4, 0.20693, 0.04168, 0.03201, 1.8518, 0.4529, 1.5755, 1.056, 0.89908, 0.38729, 0.48467, 0.20197, 1.543, 0.9732, 0.00222, 4.0266, 0.37408, 0.00188, 3.5715, 0.38483, 0.07329, 1.1109, 1.0202, 1.2161, 0.4209, 0.54918, 1.4859, 0.97551, 0.81164, 0.0023714, 6.7042, 0.47271, 0.0035314, 5.7539, 0.68379, 0.047611, 0.91218, 0.98326, 0.89803, 0.29815, 0.41987, 0.55308, -0.14667, 0.70402, -0.0035927, 4.8403, 0.0018408, -0.0024666, 4.2813, 0.10445, 0.037186, 1.3096, 1.0571, 1.5342, 0.54364, 0.67849, 2.4187, 2.0977, 0.91927, 0.0083355, 8.5681, 0.94358, 0.0095294, 7.2264, 1.2631, 0.058036, 0.014591, 0.00050361, 0.037393, 0.0055687, 0.0061803, 0.32163, 0.46544, 0.0042813, 1.3147e-05, 1.2841, 0.081949, 1.3297e-05, 0.80146, 0.12406, 4.017e-05, 0.37204, 0.93489, 0.52568, 0.19433, 0.31544, -0.75817, -1.4031, 0.52634, -0.0086754, 2.5211, -0.4231, -0.005882, 2.5348, -0.5242, 0.027184, 1.8497, 1.1054, 1.9065, 0.64746, 0.78292, 3.73, 3.3541, 1.0969, 0.013418, 10.887, 1.3685, 0.012945, 8.9729, 1.8918, 0.068038, 0.20176, 0.0026879, 0.17618, 0.018973, 0.020194, 1.8613, 2.0912, 0.030085, 4.5105e-05, 6.4676, 0.29661, 3.2753e-05, 3.83, 0.53935, 0.00015423
51, 4, 0.14463, 0.03544, 0.1, 2.0238, 0.48658, 1.7688, 0.99574, 1.7978, 0.4421, 0.51461, 0.68442, 1.3253, 0.9568, 0.00108, 3.0653, 1.1647, 0.00447, 6.2193, 0.42351, 0.05154, 1.0911, 1.0416, 1.1497, 0.5187, 0.46194, 1.9116, 1.1118, 0.7847, 0.0045331, 4.5605, 0.67943, 0.011802, 4.3414, 0.99738, 0.052979, 0.8886, 1.0014, 0.77044, 0.34619, 0.29465, 0.77215, -0.22351, 0.67788, -0.0035844, 2.5355, 0.074562, 0.00067837, 2.6557, 0.32861, 0.040084, 1.2936, 1.0818, 1.529, 0.69121, 0.62924, 3.051, 2.447, 0.89152, 0.012651, 6.5854, 1.2843, 0.022926, 6.0271, 1.6662, 0.065874, 0.015153, 0.00059685, 0.053173, 0.010999, 0.010345, 0.47985, 0.659, 0.0042174, 2.4355e-05, 1.5156, 0.13523, 4.5736e-05, 1.0503, 0.16531, 6.1459e-05, 0.35122, 0.95484, 0.42906, 0.26175, 0.20523, -0.42596, -1.3745, 0.4997, -0.0078102, 0.30319, -0.29352, -0.0014785, 1.0194, -0.25596, 0.031187, 1.8309, 1.1283, 1.8704, 0.77565, 0.71866, 4.2491, 3.598, 1.0697, 0.016876, 8.8178, 1.6524, 0.025083, 7.6634, 2.2507, 0.07477, 0.20232, 0.0027812, 0.19196, 0.024403, 0.024358, 2.0196, 2.2847, 0.030022, 5.6313e-05, 6.699, 0.34989, 6.5191e-05, 4.0789, 0.58061, 0.00017552
52, 4.6981, 0.13859, 0.04387, 0, 0.84667, 0.19799, 0.88921, 0.9291, 1.1908, 0.25829, 0.22153, 0.77163, 1.44, 0.9526, 0.0001, 3.549, 0.21347, 0.00111, 4.5144, 0.42595, 0.04593, 0.89903, 1.044, 1.1048, 0.3987, 0.52043, 0.94994, 0.93823, 0.84738, 0.0038763, 6.0646, 0.70381, 0.0042585, 6.2765, 1.135, 0.058863, 0.66462, 1.0054, 0.785, 0.25844, 0.38962, -0.20632, -0.22182, 0.74555, -0.0019863, 4.1559, 0.21071, -0.0039118, 4.7706, 0.5863, 0.048695, 1.1334, 1.0826, 1.4247, 0.53896, 0.65123, 2.1062, 2.0983, 0.94922, 0.009739, 7.9733, 1.1969, 0.012429, 7.7825, 1.6837, 0.069031, 0.020309, 0.00055046, 0.037808, 0.007271, 0.0063236, 0.49415, 0.49739, 0.003833, 1.2704e-05, 1.3466, 0.08987, 2.4673e-05, 0.83825, 0.11128, 3.8217e-05, 0.1498, 0.958, 0.4136, 0.16219, 0.28586, -1.3958, -1.4585, 0.56421, -0.0071161, 1.8614, -0.20389, -0.0066682, 3.0421, -0.058604, 0.038565, 1.6483, 1.13, 1.7961, 0.63521, 0.755, 3.2957, 3.3349, 1.1306, 0.014869, 10.268, 1.6115, 0.015185, 9.511, 2.3286, 0.079161, 0.20748, 0.0027348, 0.1766, 0.020675, 0.020337, 2.0339, 2.1231, 0.029637, 4.4661e-05, 6.53, 0.30453, 4.4128e-05, 3.8668, 0.52657, 0.00015228
53, 2.1818, 0.16255, 0.08371, 0.214, 1.0417, 0.52392, 0.89294, 0.97718, 1.2364, 0.44438, 0.33975, 0.81104, 1.2038, 0.56662, 0.02108, 1.2338, 0.66865, 0.00825, 5.1722, 0.76619, 0.04885, 0.99899, 1.0133, 1.0006, 0.69599, 0.28535, 2.2319, 1.1423, 0.60657, 0.012748, 4.6954, 0.72289, 0.007644, 3.5767, 0.59422, 0.046557, 0.77656, 0.96592, 0.62196, 0.56151, 0.11214, 1.3025, -0.16583, 0.50011, 0.0057794, 2.8623, 0.12899, -0.003865, 1.805, -0.034154, 0.035601, 1.2214, 1.0606, 1.3792, 0.83046, 0.45857, 3.1614, 2.4504, 0.71303, 0.019716, 6.5284, 1.3168, 0.019153, 5.3484, 1.2226, 0.057513, 0.018287, 0.00082821, 0.052987, 0.0066841, 0.01109, 0.31933, 0.63247, 0.0041892, 1.7948e-05, 1.242, 0.13037, 4.8958e-05, 1.1601, 0.14594, 4.4367e-05, 0.25342, 0.92297, 0.28026, 0.46286, 0.024741, -0.010747, -1.3295, 0.32171, 0.001128, 0.52591, -0.24328, -0.005961, 0.21028, -0.63804, 0.025853, 1.7446, 1.1035, 1.7209, 0.92912, 0.54596, 4.4746, 3.6141, 0.89144, 0.024368, 8.8648, 1.6891, 0.021249, 6.9431, 1.8265, 0.06726, 0.20546, 0.0030125, 0.19178, 0.020088, 0.025103, 1.859, 2.2582, 0.029993, 4.9906e-05, 6.4254, 0.34503, 6.8413e-05, 4.1887, 0.56124, 0.00015843
54, 5.4951, 0.18313, 0.04428, 0.26576, 2.2281, 0.41515, 1.1184, 1.0798, 1.1035, 0.66249, 0.42974, 1.2357, 0.26638, 0.67189, 0.00121, 8.086, 1.3222, 0.02083, 7.9834, 0.74892, 0.04648, 1.2982, 1.0573, 1.4751, 0.5184, 0.38438, 1.3081, 0.96968, 0.64186, 0.0072378, 3.3243, 0.71653, 0.022068, 4.0659, 1.3862, 0.053757, 1.0154, 1.0155, 1.1349, 0.38192, 0.23835, 0.17574, -0.17984, 0.53397, 0.00075985, 1.3755, 0.22177, 0.014324, 2.4577, 0.78762, 0.042639, 1.5809, 1.0992, 1.8154, 0.65489, 0.5304, 2.4405, 2.1192, 0.74974, 0.013716, 5.2732, 1.2113, 0.029812, 5.6741, 1.9848, 0.064874, 0.029547, 0.00064828, 0.042781, 0.0068848, 0.0078814, 0.47396, 0.48841, 0.0043022, 1.551e-05, 1.4038, 0.090477, 2.2163e-05, 0.95593, 0.13243, 4.5685e-05, 0.53244, 0.96981, 0.77425, 0.28411, 0.14099, -1.026, -1.422, 0.35646, -0.0040948, -0.89729, -0.19207, 0.011457, 0.78261, 0.16886, 0.032967, 2.0639, 1.1449, 2.176, 0.7527, 0.62776, 3.6422, 3.3613, 0.92726, 0.01857, 7.546, 1.6251, 0.032679, 7.3493, 2.6035, 0.074546, 0.21672, 0.0028326, 0.18157, 0.020289, 0.021895, 2.0137, 2.1141, 0.030106, 4.7468e-05, 6.5873, 0.30513, 4.1618e-05, 3.9845, 0.54772, 0.00015975
55, 6.5574, 0.12536, 0.07885, 0.13961, 0.88496, 0.18522, 1.0637, 1.0594, 0.53823, 0.58288, 0.62286, 1.9736, 0.46374, 0.76149, 0.00056, 4.3636, 0.72288, 0.00637, 5.6036, 0.61502, 0.06222, 1.0276, 1.0062, 1.243, 0.48559, 0.52777, 1.2662, 1.2817, 0.76695, 0.0045874, 3.6686, 0.97189, 0.0042362, 3.8886, 1.3992, 0.064253, 0.78942, 0.96254, 0.84206, 0.32361, 0.34533, 0.13847, -0.057756, 0.64162, -0.0038337, 1.5463, 0.44475, -0.0046507, 2.0487, 0.71877, 0.049605, 1.2657, 1.0498, 1.644, 0.64756, 0.7102, 2.3939, 2.6212, 0.89228, 0.013009, 5.7908, 1.499, 0.013123, 5.7284, 2.0796, 0.0789, 0.020963, 0.00070319, 0.05942, 0.0096972, 0.012302, 0.47004, 0.66318, 0.0058053, 2.6211e-05, 1.6647, 0.1027, 2.9191e-05, 1.2511, 0.17111, 7.9301e-05, 0.27717, 0.91777, 0.51071, 0.23559, 0.26094, -1.0657, -1.2068, 0.47451, -0.0079576, -0.63585, 0.045264, -0.0072361, 0.48579, 0.1396, 0.04138, 1.778, 1.0945, 1.9753, 0.73559, 0.7946, 3.598, 3.7703, 1.0594, 0.017132, 7.973, 1.8985, 0.015709, 7.2913, 2.6588, 0.087125, 0.20813, 0.0028875, 0.19821, 0.023101, 0.026315, 2.0097, 2.2889, 0.031609, 5.8169e-05, 6.8482, 0.31736, 4.8646e-05, 4.2797, 0.58641, 0.00019336
56, 3.5, 0.39435, 0.10278, 0.20989, 1.3757, 0.54613, 1.3573, 1.0758, 0.51689, 0.58708, 0.48509, 1.0719, 0.72147, 0.89135, 0.00032, 7.7913, 1.1948, 0.01131, 5.29, 0.40646, 0.05681, 1.14, 1.0311, 1.1183, 0.48433, 0.50338, 1.175, 1.1788, 0.77985, 0.0032672, 5.8117, 0.43544, 0.0062165, 5.4799, 0.6404, 0.046083, 0.87769, 0.98704, 0.73945, 0.33581, 0.35543, 0.11977, -0.14448, 0.66259, -0.0048399, 4.0705, -0.078248, -0.0012282, 3.7955, 0.029065, 0.033847, 1.4024, 1.0752, 1.4972, 0.63285, 0.65132, 2.2303, 2.5021, 0.89712, 0.011374, 7.553, 0.94912, 0.013661, 7.1643, 1.2517, 0.058318, 0.02544, 0.00071863, 0.053053, 0.008153, 0.0080902, 0.4116, 0.64724, 0.0050825, 2.4293e-05, 1.1206, 0.097531, 2.0485e-05, 1.0487, 0.13813, 5.533e-05, 0.3816, 0.94251, 0.39786, 0.24282, 0.25883, -1.1226, -1.301, 0.49078, -0.0090692, 1.6818, -0.4836, -0.0041787, 2.1586, -0.58326, 0.024675, 1.8985, 1.1198, 1.8388, 0.72583, 0.74792, 3.4727, 3.6587, 1.0689, 0.015604, 9.9416, 1.3545, 0.016612, 8.8012, 1.8641, 0.06749, 0.21261, 0.0029029, 0.19184, 0.021557, 0.022104, 1.9513, 2.273, 0.030887, 5.6251e-05, 6.3041, 0.31219, 3.994e-05, 4.0772, 0.55343, 0.00016939
57, 2.8571, 0.43878, 0.13183, 0.15306, 0.83333, 0.56356, 0.7385, 0.97373, 1.6128, 0.38523, 0.54651, 0.82695, 0.39863, 0.81177, 0.00046, 4.6613, 1.7417, 0.00407, 5.0189, 0.41883, 0.04296, 1.031, 0.9997, 1.2055, 0.4707, 0.42759, 1.1808, 1.2773, 0.82131, 0.0036159, 6.8894, 0.65725, 0.0079912, 4.45, 0.28224, 0.043877, 0.80254, 0.9438, 0.79743, 0.29479, 0.21185, -0.2999, -0.067287, 0.69894, -0.0046927, 4.8334, 0.03136, -0.0082415, 2.4609, -0.46099, 0.028849, 1.2595, 1.0556, 1.6135, 0.6466, 0.64334, 2.6614, 2.6219, 0.94368, 0.011924, 8.9454, 1.2831, 0.024224, 6.439, 1.0255, 0.058905, 0.019295, 0.0011551, 0.061545, 0.011437, 0.017204, 0.81031, 0.66824, 0.0055346, 2.5515e-05, 1.5625, 0.14479, 9.7392e-05, 1.4623, 0.20417, 8.3473e-05, 0.28362, 0.90465, 0.46927, 0.21145, 0.13697, -1.3408, -1.214, 0.53013, -0.0088539, 2.6172, -0.3289, -0.009789, 0.96425, -1.0124, 0.020759, 1.7784, 1.0948, 1.9417, 0.72994, 0.71821, 3.7023, 3.7686, 1.1125, 0.016086, 11.162, 1.6434, 0.025771, 7.9357, 1.5768, 0.066995, 0.20647, 0.0033394, 0.20034, 0.024841, 0.031217, 2.35, 2.294, 0.031339, 5.7473e-05, 6.7459, 0.35945, 0.00011685, 4.4908, 0.61946, 0.00019753
58, 4.7, 0.41303, 0.08776, 0.4617, 1.9192, 0.52352, 1.9273, 1.0065, 1.9418, 0.63449, 0.58351, 1.2537, 0.6942, 0.94268, 6e-05, 6.5153, 0.04537, 0.00219, 2.908, 1.3303, 0.03907, 1.343, 1.0312, 1.6056, 0.49124, 0.55529, 1.3887, 1.2155, 0.74567, 0.0037056, 5.4835, 0.75835, 0.0079015, 2.7959, 1.286, 0.062408, 1.1077, 0.98655, 1.2337, 0.29159, 0.36467, -0.017697, -0.12967, 0.63305, -0.0036958, 3.1221, 0.19568, -0.0042253, 1.0524, 0.55977, 0.04773, 1.5784, 1.0758, 1.9774, 0.69089, 0.74592, 2.795, 2.5608, 0.85829, 0.011107, 7.8448, 1.321, 0.020028, 4.5393, 2.0122, 0.077085, 0.020472, 0.0007364, 0.051119, 0.014732, 0.013431, 0.73105, 0.66886, 0.0046878, 2.0248e-05, 2.0609, 0.11702, 5.4356e-05, 1.1235, 0.19493, 7.9624e-05, 0.59352, 0.94229, 0.88875, 0.21533, 0.2828, -1.09, -1.2761, 0.45845, -0.008179, 1.0563, -0.18894, -0.0062299, -0.55577, 0.001083, 0.039516, 2.0926, 1.1201, 2.3224, 0.76715, 0.82779, 3.8673, 3.7072, 1.0329, 0.01559, 9.9107, 1.7056, 0.022033, 6.1475, 2.5709, 0.085299, 0.20764, 0.0029207, 0.18991, 0.028137, 0.027445, 2.2707, 2.2946, 0.030492, 5.2205e-05, 7.2444, 0.33168, 7.3811e-05, 4.1521, 0.61023, 0.00019368
59, 2, 0.14601, 0.09329, 0.19249, 0.91398, 0.52222, 0.86583, 1.0272, 0.54199, 0.60177, 0.21864, 1.4577, 0.61431, 0.6144, 0.001, 6.8509, 0.44848, 0.00547, 2.4472, 0.28274, 0.049, 0.87061, 1.0198, 1.1141, 0.59791, 0.3014, 2.121, 1.2618, 0.60925, 0.013206, 4.6868, 0.7547, 0.009218, 4.1282, 0.77343, 0.048459, 0.65182, 0.97487, 0.73004, 0.44235, 0.12067, 1.0694, -0.048838, 0.49832, 0.0057274, 2.9461, 0.15917, -0.0016173, 2.3843, 0.096753, 0.035902, 1.0894, 1.0647, 1.4981, 0.75346, 0.48214, 3.1726, 2.5725, 0.72018, 0.020685, 6.4276, 1.3502, 0.020053, 5.8722, 1.4501, 0.061016, 0.017694, 0.00074518, 0.054509, 0.0089437, 0.012073, 0.40872, 0.63494, 0.0045484, 2.0673e-05, 1.12, 0.13108, 4.3393e-05, 1.1241, 0.16924, 5.8281e-05, 0.12612, 0.93074, 0.39089, 0.35201, 0.035738, -0.17499, -1.2113, 0.32268, 0.0012733, 0.55713, -0.21247, -0.003822, 0.77634, -0.48414, 0.026866, 1.6151, 1.1088, 1.8372, 0.8438, 0.56707, 4.417, 3.735, 0.89582, 0.025139, 8.8165, 1.7219, 0.022258, 7.4802, 2.031, 0.070053, 0.20486, 0.0029295, 0.1933, 0.022348, 0.026087, 1.9484, 2.2607, 0.030353, 5.2631e-05, 6.3035, 0.34574, 6.2849e-05, 4.1527, 0.58454, 0.00017234
60, 3, 0.19839, 0.09253, 0.29999, 1.25, 0.46631, 0.91298, 0.99747, 1.429, 0.46589, 0.33976, 0.11565, 1.2037, 0.99874, 0.00307, 0.88585, 1.8769, 0.00231, 3.9451, 0.63878, 0.03972, 0.96546, 0.98626, 1.1205, 0.63512, 0.52759, 1.6643, 1.3804, 0.69689, 0.0088028, 2.3237, 0.61635, 0.0075223, 5.9454, 0.87296, 0.042171, 0.7988, 0.9523, 0.80375, 0.51417, 0.40882, 0.75922, 0.25178, 0.58964, 0.00264, 0.59591, 0.14882, 0.0015846, 4.551, 0.31031, 0.031979, 1.1321, 1.0202, 1.4373, 0.75607, 0.64636, 2.5693, 2.509, 0.80414, 0.014966, 4.0515, 1.0839, 0.01346, 7.3398, 1.4356, 0.052363, 0.010266, 0.00042618, 0.037085, 0.005407, 0.0052138, 0.30276, 0.47078, 0.0042516, 1.4038e-05, 1.1034, 0.080791, 1.3031e-05, 0.71868, 0.11701, 3.8394e-05, 0.23459, 0.90222, 0.4307, 0.40953, 0.29951, -0.56841, -1.0013, 0.41173, -0.0023526, -1.8006, -0.27771, -0.0018529, 2.7613, -0.32712, 0.021862, 1.6963, 1.0703, 1.8103, 0.86072, 0.75567, 3.8969, 3.762, 0.98205, 0.019958, 6.4479, 1.5104, 0.016897, 9.1295, 2.073, 0.06248, 0.19744, 0.0026105, 0.17588, 0.018811, 0.019227, 1.8425, 2.0965, 0.030056, 4.5996e-05, 6.2868, 0.29545, 3.2486e-05, 3.7473, 0.53231, 0.00015245
61, 4.56, 0.08105, 0.08646, 0.3, 1.0417, 0.27718, 1.1226, 1.0057, 1.3549, 0.72541, 0.81134, 1.2129, 1.1694, 0.83202, 0.00477, 2.1555, 0.56328, 0.01399, 9.6799, 0.75003, 0.04299, 0.976, 1.0349, 1.1376, 0.64503, 0.42014, 1.0941, 1.2526, 0.71988, 0.0046817, 3.7789, 0.63783, 0.021462, 5.2746, 1.5352, 0.065729, 0.76478, 0.99806, 0.73594, 0.48937, 0.25543, -0.020822, -0.092273, 0.60884, -0.0038151, 1.5244, 0.10619, 0.0088783, 3.5593, 0.87534, 0.051459, 1.1872, 1.0717, 1.5394, 0.80069, 0.58485, 2.209, 2.5974, 0.83092, 0.013178, 6.0334, 1.1695, 0.034047, 6.9899, 2.195, 0.079999, 0.01649, 0.00050047, 0.059645, 0.0089555, 0.010027, 0.45944, 0.66847, 0.0045573, 2.6684e-05, 1.8786, 0.10447, 5.8532e-05, 1.0875, 0.16091, 7.5268e-05, 0.2337, 0.94963, 0.40493, 0.39907, 0.1651, -1.2316, -1.2388, 0.43327, -0.0079142, -0.59223, -0.29136, 0.0069367, 1.9375, 0.28658, 0.043096, 1.7183, 1.1201, 1.8704, 0.89099, 0.67517, 3.4198, 3.744, 1.0065, 0.017278, 8.15, 1.567, 0.035988, 8.6117, 2.7837, 0.088362, 0.20366, 0.0026848, 0.19844, 0.02236, 0.024041, 1.9991, 2.2942, 0.030361, 5.8642e-05, 7.0621, 0.31912, 7.7987e-05, 4.1161, 0.5762, 0.00018933
62, 6.2215, 0.12155, 0.01628, 0.09479, 2.0833, 0.31572, 1.9871, 0.958, 1.7262, 0.37289, 0.5704, 0.66887, 0.45233, 0.68311, 1e-05, 9.065, 0.79542, 0.00212, 1.375, 1.7917, 0.08933, 1.3322, 1.0419, 1.3332, 0.43881, 0.53744, 0.97843, 1.0656, 0.80075, 0.0059203, 4.1708, 0.50007, 0.0095483, 3.7556, 1.3893, 0.071268, 1.0636, 0.99724, 0.95603, 0.28963, 0.38404, -0.55058, -0.23067, 0.67973, -0.0021748, 1.9477, -0.024533, -0.0020222, 2.0375, 0.75853, 0.058196, 1.6009, 1.0865, 1.7104, 0.58799, 0.69084, 2.5074, 2.3618, 0.92178, 0.014015, 6.3938, 1.0247, 0.021119, 5.4738, 2.0201, 0.084339, 0.026671, 0.00073691, 0.052582, 0.0082255, 0.0086975, 0.8641, 0.62102, 0.0054135, 2.4221e-05, 1.8266, 0.10172, 4.9482e-05, 1.0911, 0.14708, 6.3155e-05, 0.57161, 0.95299, 0.61364, 0.1969, 0.28956, -1.5718, -1.3999, 0.51013, -0.0064082, -0.18423, -0.42512, -0.0041087, 0.41707, 0.15584, 0.049371, 2.0929, 1.1308, 2.0528, 0.68072, 0.78532, 3.5286, 3.5311, 1.0914, 0.018249, 8.5258, 1.4253, 0.023205, 7.0942, 2.6228, 0.093164, 0.21384, 0.0029212, 0.19137, 0.02163, 0.022711, 2.4038, 2.2468, 0.031218, 5.6179e-05, 7.0101, 0.31638, 6.8938e-05, 4.1197, 0.56237, 0.00017722
63, 4, 0.31953, 0.09037, 0.61304, 1.25, 0.37617, 1.7054, 0.98478, 1.0337, 0.39835, 0.48384, 0.99153, 1.1387, 0.52236, 0.00254, 8.6989, 0.10625, 0.00588, 1.3954, 1.5152, 0.07813, 1.6793, 0.98797, 1.6195, 0.42266, 0.39066, 0.9968, 1.2311, 0.57688, 0.0059816, 4.8104, 0.80411, 0.0050241, 2.1452, 1.6271, 0.068523, 1.4469, 0.93191, 1.2035, 0.22796, 0.17188, -0.53827, -0.11674, 0.44906, -0.0025622, 2.41, 0.17884, -0.0096517, 0.07617, 0.88448, 0.052583, 1.9117, 1.044, 2.0355, 0.61735, 0.60943, 2.5319, 2.5789, 0.70469, 0.014525, 7.2108, 1.4294, 0.0197, 4.2142, 2.3698, 0.084464, 0.019969, 0.0011613, 0.063963, 0.01401, 0.017691, 0.87097, 0.67145, 0.0060382, 2.6981e-05, 2.1297, 0.1445, 7.9607e-05, 1.5823, 0.20385, 9.3921e-05, 0.93068, 0.89283, 0.87884, 0.15031, 0.097778, -1.5571, -1.2619, 0.28336, -0.0066461, 0.36222, -0.18165, -0.011347, -1.3868, 0.33286, 0.044802, 2.4279, 1.0831, 2.3601, 0.695, 0.68353, 3.5507, 3.7241, 0.87039, 0.018609, 9.2586, 1.7899, 0.021395, 5.6772, 2.9214, 0.092245, 0.20714, 0.0033456, 0.20275, 0.027415, 0.031704, 2.4107, 2.2972, 0.031842, 5.8938e-05, 7.3132, 0.35916, 9.9062e-05, 4.6108, 0.61914, 0.00020798
64, 4.6981, 0.15862, 0.04387, 0.1029, 0.84667, 0.3102, 0.79241, 1.0622, 0.55011, 0.45916, 0.3469, 1.3454, 1.1421, 0.89835, 0.02138, 6.0631, 0.12965, 0.02151, 9.4721, 1.0125, 0.05454, 0.90661, 1.0255, 1.3207, 0.39526, 0.46251, 1.0519, 1.6198, 0.77675, 0.0034294, 3.0518, 0.64438, 0.0060149, 5.6258, 1.5474, 0.0549, 0.69813, 0.98425, 0.96869, 0.25884, 0.31929, -0.038774, 0.42051, 0.66947, -0.0036209, 1.5475, 0.12617, -0.0041749, 4.009, 0.98352, 0.043613, 1.1151, 1.0668, 1.6728, 0.53168, 0.60572, 2.1426, 2.819, 0.88403, 0.01048, 4.5561, 1.1626, 0.016205, 7.2427, 2.1113, 0.066188, 0.016065, 0.00062904, 0.045808, 0.0068786, 0.0075807, 0.43969, 0.53158, 0.0042536, 1.8372e-05, 0.83642, 0.099253, 3.8378e-05, 0.96626, 0.11754, 4.7094e-05, 0.16509, 0.93826, 0.61402, 0.161, 0.2208, -1.2622, -0.79617, 0.49158, -0.0082398, -0.98396, -0.2772, -0.0064939, 2.3382, 0.34676, 0.034019, 1.6481, 1.1127, 2.0274, 0.62952, 0.70422, 3.3661, 4.0357, 1.0619, 0.015099, 7.0875, 1.5659, 0.018524, 8.9134, 2.7481, 0.075781, 0.20324, 0.0028133, 0.1846, 0.020283, 0.021594, 1.9794, 2.1573, 0.030058, 5.033e-05, 6.0199, 0.31391, 5.7834e-05, 3.9948, 0.53283, 0.00016115
65, 4, 0.18588, 0.02711, 0.06024, 1.6537, 0.47104, 0.69657, 1.0595, 1.3399, 0.37582, 0.39301, 0.90748, 0.76832, 0.74257, 0.00045, 5.469, 0.90154, 0.01359, 8.6633, 0.44619, 0.04761, 1.1881, 1.0164, 1.2214, 0.45101, 0.48723, 1.4928, 1.1285, 0.80624, 0.0034619, 6.3656, 0.6583, 0.003437, 4.8736, 0.85773, 0.051483, 0.98503, 0.97766, 0.85865, 0.32, 0.33244, 0.55881, -0.1884, 0.69948, -0.003934, 4.3978, 0.057043, -0.0060374, 3.3333, 0.16325, 0.039744, 1.3912, 1.0552, 1.5842, 0.58203, 0.64202, 2.4268, 2.4454, 0.913, 0.010858, 8.3334, 1.2596, 0.012911, 6.4139, 1.5522, 0.063221, 0.015241, 0.00055575, 0.048638, 0.006344, 0.0088558, 0.32243, 0.64101, 0.0042126, 2.0218e-05, 1.4312, 0.13362, 3.3178e-05, 0.87694, 0.17827, 5.093e-05, 0.44807, 0.93034, 0.5093, 0.21986, 0.23848, -0.75175, -1.3479, 0.52126, -0.0084193, 2.1352, -0.31241, -0.0084962, 1.623, -0.40951, 0.030355, 1.9281, 1.1025, 1.9335, 0.68216, 0.73597, 3.7374, 3.605, 1.0912, 0.015343, 10.596, 1.629, 0.01537, 8.1242, 2.125, 0.072611, 0.20241, 0.0027401, 0.18743, 0.019748, 0.022869, 1.8621, 2.2668, 0.030017, 5.2175e-05, 6.6146, 0.34828, 5.2634e-05, 3.9055, 0.59356, 0.00016499
66, 6.58, 0.15255, 0.05183, 0.41875, 1.0417, 0.27964, 1.2589, 0.91403, 1.7128, 0.13078, 0.40948, 0.81358, 1.995, 0.25709, 0.00968, 1.9398, 0.42969, 0.00027, 1.8152, 2.1744, 0.06344, 1.3374, 0.99789, 1.4098, 0.56743, 0.45018, 1.3508, 1.2695, 0.69774, 0.003649, 5.6917, 0.8735, 0.0063996, 2.5394, 2.3112, 0.068597, 1.1205, 0.96542, 1.055, 0.43005, 0.32589, 0.018407, -0.060907, 0.60244, -0.0039525, 3.8945, 0.25603, -0.0070459, 1.2699, 1.6155, 0.058012, 1.5542, 1.0304, 1.7646, 0.70481, 0.57448, 2.6833, 2.5999, 0.79304, 0.01125, 7.489, 1.491, 0.019845, 3.8088, 3.0069, 0.079182, 0.017376, 0.00038969, 0.046531, 0.0069755, 0.0057104, 0.6562, 0.65421, 0.0033566, 2.1357e-05, 1.1939, 0.14092, 6.6819e-05, 0.59564, 0.17891, 4.1412e-05, 0.59344, 0.91444, 0.70171, 0.33262, 0.21918, -1.0866, -1.2141, 0.41686, -0.0083613, 1.5379, -0.10733, -0.0088785, -0.592, 1.0433, 0.048088, 2.0813, 1.0813, 2.1179, 0.80225, 0.68119, 3.7883, 3.7531, 0.97863, 0.015659, 9.8455, 1.8543, 0.021678, 5.6707, 3.5791, 0.089106, 0.20455, 0.002574, 0.18532, 0.02038, 0.019724, 2.1959, 2.2799, 0.029161, 5.3315e-05, 6.3774, 0.35558, 8.6274e-05, 3.6242, 0.59421, 0.00015547
67, 3, 0.26774, 0.04855, 0.04287, 1.1228, 0.50411, 0.29292, 1.0014, 1.9009, 0.40038, 0.50932, 2.9583, 1.722, 0.99462, 0.00025, 6.1756, 0.82509, 0.00014, 1.2703, 4.3825, 0.08061, 0.80145, 1.0293, 1.402, 0.3475, 0.4163, 1.7571, 1.1037, 0.7874, 0.0046231, 5.925, 0.71772, 0.010899, 5.5833, 1.0161, 0.056061, 0.62884, 0.9916, 1.0328, 0.1802, 0.25208, 0.64089, -0.23665, 0.67927, -0.0037027, 4.0298, 0.095323, -0.0019233, 4.0596, 0.35704, 0.04406, 0.97405, 1.0671, 1.7712, 0.51481, 0.58052, 2.8734, 2.444, 0.89552, 0.012949, 7.8201, 1.3401, 0.023722, 7.107, 1.6752, 0.068062, 0.011012, 0.00052636, 0.050372, 0.010346, 0.0099677, 0.46054, 0.66401, 0.0043211, 2.5622e-05, 1.3275, 0.14318, 6.0773e-05, 0.85812, 0.16054, 5.3232e-05, 0.069195, 0.9437, 0.68659, 0.094015, 0.16158, -0.56918, -1.3853, 0.50191, -0.0078582, 1.7279, -0.26622, -0.0038335, 2.3405, -0.23209, 0.034786, 1.5337, 1.115, 2.1174, 0.60099, 0.67102, 4.0835, 3.5927, 1.0729, 0.017104, 10.122, 1.7017, 0.025632, 8.8261, 2.2643, 0.077336, 0.19818, 0.0027107, 0.18916, 0.02375, 0.023981, 2.0002, 2.2898, 0.030125, 5.7579e-05, 6.511, 0.35784, 8.0228e-05, 3.8867, 0.57584, 0.00016729
68, 2.1818, 0.28637, 0.16597, 0.59996, 0.86111, 0.46736, 1.2229, 0.91013, 1.6858, 0.51573, 0.20011, 1.2496, 1.2992, 0.71408, 0.00572, 2.2703, 0.86402, 0.00138, 1.2368, 2.5553, 0.03615, 1.3402, 0.98703, 1.3569, 0.52926, 0.28295, 1.4582, 1.3864, 0.56794, 0.004597, 4.1583, 0.84609, 0.0046208, 2.1777, 1.2506, 0.048503, 1.08, 0.9347, 0.94078, 0.3348, 0.072047, -0.036891, 0.038915, 0.44385, -0.0039399, 2.0015, 0.21969, -0.010827, 0.19821, 0.50533, 0.031947, 1.6004, 1.0394, 1.7731, 0.72373, 0.49385, 2.9533, 2.7339, 0.69204, 0.013134, 6.3151, 1.4725, 0.020069, 4.1573, 1.996, 0.065059, 0.025029, 0.0010121, 0.064009, 0.013977, 0.01644, 0.82618, 0.67114, 0.0056916, 2.6937e-05, 1.7193, 0.14503, 8.8205e-05, 1.4483, 0.20531, 0.00010131, 0.58247, 0.89403, 0.6162, 0.25708, -0.0040947, -1.0718, -1.1064, 0.27603, -0.008026, -0.16324, -0.14039, -0.012446, -1.3026, -0.045154, 0.024364, 2.0979, 1.08, 2.0977, 0.80144, 0.56999, 3.9882, 3.8793, 0.85986, 0.01722, 8.4799, 1.8326, 0.021688, 5.658, 2.5464, 0.072642, 0.2122, 0.0031964, 0.2028, 0.027381, 0.030453, 2.3659, 2.2969, 0.031496, 5.8894e-05, 6.9028, 0.35968, 0.00010766, 4.4769, 0.62061, 0.00021537
69, 1.9912, 0.72035, 0.17202, 0.33339, 0.52493, 0.68114, 1.9058, 0.94259, 1.7271, 0.44618, 0.64172, 0.62552, 0.28503, 0.92724, 9e-05, 7.9959, 1.242, 0.00031, 8.6038, 0.48195, 0.03036, 1.3291, 0.95244, 1.5684, 0.31337, 0.38674, 2.7378, 1.3088, 0.76285, 0.0043911, 7.3756, 0.65481, -0.00093751, 4.0637, -0.18101, 0.043185, 1.0246, 0.89223, 1.1519, 0.11262, 0.15638, 0.4363, -0.03907, 0.63388, -0.0041523, 4.9142, 0.027751, -0.01839, 1.9538, -0.93476, 0.026586, 1.6335, 1.0127, 1.985, 0.51412, 0.6171, 5.0392, 2.6566, 0.89183, 0.012934, 9.837, 1.2819, 0.016515, 6.1737, 0.57274, 0.059783, 0.034267, 0.0013401, 0.064133, 0.014896, 0.019614, 1.9577, 0.67147, 0.006148, 2.6978e-05, 2.2393, 0.14533, 0.00011258, 1.6455, 0.20999, 0.00010183, 0.55503, 0.8548, 0.82745, 0.036666, 0.085109, -0.33835, -1.1843, 0.46883, -0.0082364, 2.8943, -0.33209, -0.019838, 0.50763, -1.4817, 0.019016, 2.1031, 1.0501, 2.3094, 0.59008, 0.68837, 5.8139, 3.8018, 1.0569, 0.017018, 11.857, 1.6417, 0.017963, 7.6198, 1.1197, 0.067353, 0.22144, 0.0035244, 0.20292, 0.0283, 0.033628, 3.4974, 2.2972, 0.031952, 5.8935e-05, 7.4228, 0.35999, 0.00013204, 4.674, 0.62528, 0.00021589
70, 2, 0.062, 0.19719, 0.3497, 0.91146, 0.29321, 1.2213, 1.0953, 0.74592, 0.71968, 0.41801, 0.92691, 1.4921, 0.69262, 0.00031, 0.51538, 0.91246, 0.00492, 2.4094, 1.0774, 0.02778, 0.85428, 1.048, 1.0315, 0.80633, 0.54543, 1.5042, 1.3686, 0.76066, 0.0031837, 2.6645, 0.92832, 0.0088614, 4.1709, 0.96835, 0.037102, 0.57395, 1.0031, 0.61753, 0.63699, 0.36313, -0.15962, 0.020795, 0.64532, -0.005245, 0.59468, 0.30129, -0.0077123, 2.4354, 0.21485, 0.021707, 1.1346, 1.0929, 1.4454, 0.97567, 0.72772, 3.168, 2.7164, 0.876, 0.011612, 4.7343, 1.5553, 0.025435, 5.9064, 1.7219, 0.052496, 0.029046, 0.00074495, 0.063337, 0.010599, 0.012283, 1.0232, 0.67142, 0.0049173, 2.6258e-05, 1.5835, 0.14532, 0.00010153, 1.1133, 0.20985, 8.7594e-05, 0.089438, 0.95899, 0.29198, 0.5515, 0.27869, -1.1291, -1.1244, 0.47236, -0.0093664, -1.6143, -0.058558, -0.0092307, 0.82338, -0.33217, 0.013744, 1.6191, 1.137, 1.771, 1.0612, 0.81216, 4.1375, 3.8616, 1.049, 0.015734, 6.9433, 1.9152, 0.026953, 7.5185, 2.2689, 0.060459, 0.21622, 0.0029293, 0.20213, 0.024003, 0.026296, 2.5629, 2.2972, 0.030721, 5.8216e-05, 6.767, 0.35997, 0.00012098, 4.1419, 0.62515, 0.00020165
71, 3, 0.19901, 0.07594, 0.1, 1.5278, 0.42467, 0.8976, 0.92972, 1.5365, 0.47477, 0.57106, 1.6641, 0.47995, 0.93445, 0.00994, 7.8101, 1.7067, 0.00163, 9.5735, 0.30436, 0.03665, 0.74263, 0.9897, 1.2341, 0.44569, 0.51368, 1.6276, 1.1899, 0.78368, 0.0059434, 5.4957, 1.1817, 0.00091025, 5.343, 0.60118, 0.049802, 0.59068, 0.95885, 0.96983, 0.34319, 0.41158, 0.77906, 0.21289, 0.69483, 0.00048727, 4.3112, 0.75693, -0.0045481, 4.1619, 0.1136, 0.041286, 0.89459, 1.0206, 1.4983, 0.54819, 0.61579, 2.4762, 2.1669, 0.87254, 0.0114, 6.6802, 1.6065, 0.0063686, 6.5241, 1.0888, 0.058318, 0.0085345, 0.00035179, 0.025809, 0.0038831, 0.0038537, 0.26616, 0.35281, 0.0029179, 1.1003e-05, 0.51858, 0.066697, 1.1012e-05, 0.51558, 0.087869, 2.6803e-05, 0.014971, 0.90687, 0.56675, 0.22942, 0.29382, -0.58274, -1.1238, 0.50492, -0.0048377, 1.568, 0.30925, -0.0081689, 2.2464, -0.56558, 0.03028, 1.4703, 1.0725, 1.9014, 0.66195, 0.73355, 3.838, 3.5036, 1.0624, 0.016725, 9.4235, 2.0542, 0.0099894, 8.4396, 1.7679, 0.069324, 0.19571, 0.0025361, 0.1646, 0.017287, 0.017867, 1.8059, 1.9786, 0.028722, 4.2961e-05, 5.7021, 0.28135, 3.0467e-05, 3.5442, 0.50316, 0.00014086
72, 3.0049, 0.16297, 0.06867, 0.10201, 1.3544, 0.43383, 0.13469, 0.98208, 1.4059, 0.54494, 0.6159, 4.0133, 1.9444, 0.73672, 0.00045, 2.1846, 0.58094, 0.00071, 2.5005, 1.3171, 0.03739, 0.73583, 0.98529, 1.1829, 0.50255, 0.51504, 1.4178, 0.96305, 0.77237, 0.005206, 4.8712, 0.7275, 0.0032793, 5.877, 0.47279, 0.041553, 0.58124, 0.95439, 0.88238, 0.39937, 0.42083, 0.57052, -0.11096, 0.67123, -0.0005045, 3.5915, 0.30058, -0.0019339, 4.644, -0.033715, 0.032288, 0.89041, 1.0162, 1.4834, 0.60574, 0.60924, 2.2652, 2.0371, 0.87352, 0.010916, 6.1509, 1.1544, 0.0084925, 7.11, 0.9793, 0.050818, 0.0088326, 0.00035289, 0.03338, 0.0039351, 0.0032804, 0.26536, 0.42635, 0.0037812, 1.2053e-05, 0.60527, 0.067366, 1.0045e-05, 0.56192, 0.094823, 3.1728e-05, 0.0076113, 0.90244, 0.50039, 0.28596, 0.29873, -0.79206, -1.3932, 0.48945, -0.005706, 0.91368, -0.14601, -0.0056546, 2.7602, -0.70201, 0.021693, 1.464, 1.0681, 1.8654, 0.71915, 0.73134, 3.6278, 3.3193, 1.0553, 0.016118, 8.8287, 1.601, 0.012213, 8.9938, 1.6476, 0.061413, 0.196, 0.0025372, 0.17217, 0.017339, 0.017294, 1.8051, 2.0521, 0.029585, 4.4011e-05, 5.7888, 0.28202, 2.95e-05, 3.5905, 0.51012, 0.00014579
73, 6.58, 0.15255, 0.07488, 0.41875, 0.73746, 0.21669, 1.2772, 0.97707, 1.8453, 0.68567, 0.62979, 1.6501, 0.77907, 0.94812, 0.00012, 4.9612, 1.2347, 0.00033, 1.505, 3.5975, 0.08455, 1.2592, 0.9859, 1.2939, 0.57373, 0.46103, 1.5431, 1.3053, 0.6195, 0.0032446, 5.4317, 0.90748, 0.0061013, 2.8206, 1.8535, 0.069194, 1.0532, 0.95379, 0.96691, 0.42737, 0.325, 0.4329, 0.0018985, 0.52408, -0.0028732, 3.4412, 0.34303, -0.0022273, 1.4787, 1.1914, 0.058779, 1.4652, 1.018, 1.621, 0.72009, 0.59706, 2.6532, 2.6088, 0.71492, 0.0093625, 7.4222, 1.4719, 0.01443, 4.1625, 2.5156, 0.079609, 0.015686, 0.00038094, 0.03953, 0.0079174, 0.0068392, 0.45553, 0.62795, 0.0033651, 1.3834e-05, 1.4644, 0.11776, 2.5639e-05, 0.66558, 0.16204, 4.0093e-05, 0.51839, 0.90259, 0.59935, 0.33355, 0.2235, -0.78034, -1.164, 0.33857, -0.007886, 1.1906, -0.040871, -0.0049442, -0.34084, 0.60371, 0.048772, 2.0001, 1.0692, 1.9885, 0.81391, 0.69855, 3.8665, 3.7746, 0.90042, 0.014375, 9.6727, 1.8558, 0.017147, 5.982, 3.1033, 0.089616, 0.20286, 0.0025652, 0.17832, 0.021322, 0.020853, 1.9952, 2.2537, 0.029169, 4.5792e-05, 6.6479, 0.33242, 4.5094e-05, 3.6942, 0.57733, 0.00015415
74, 4, 0.18588, 0.05414, 0.12047, 0.82812, 0.33729, 1.6389, 1.0183, 0.60394, 0.42476, 0.43377, 1.0974, 0.57956, 0.65953, 0.00362, 4.4607, 1.8966, 0.01274, 5.3743, 0.36212, 0.04084, 1.1444, 1.0049, 1.2273, 0.41224, 0.34856, 1.5293, 1.2152, 0.75911, 0.0081918, 4.1486, 0.79841, 0.011478, 5.0032, 1.0845, 0.053996, 0.94647, 0.96564, 0.85261, 0.25523, 0.16288, 0.40467, -0.11296, 0.65097, 0.00030583, 2.4052, 0.20085, -0.00087052, 3.2717, 0.43711, 0.042068, 1.3423, 1.0442, 1.602, 0.56925, 0.53424, 2.6539, 2.5434, 0.86724, 0.016078, 5.8921, 1.396, 0.023826, 6.7347, 1.732, 0.065925, 0.014479, 0.0005707, 0.051888, 0.0091117, 0.012743, 0.46748, 0.65203, 0.0043219, 2.2986e-05, 1.1235, 0.13198, 5.636e-05, 1.1081, 0.15493, 5.2593e-05, 0.40576, 0.9186, 0.50903, 0.16543, 0.079507, -0.80104, -1.2672, 0.47361, -0.0040004, 0.017791, -0.17001, -0.0028441, 1.6577, -0.15754, 0.032762, 1.883, 1.0913, 1.9455, 0.65906, 0.61762, 3.8597, 3.6977, 1.0446, 0.020384, 8.2795, 1.7668, 0.0258, 8.3486, 2.3266, 0.07523, 0.20165, 0.002755, 0.19068, 0.022516, 0.026757, 2.0072, 2.2778, 0.030126, 5.4944e-05, 6.307, 0.34664, 7.5815e-05, 4.1367, 0.57022, 0.00016665
75, 4.4984, 0.31474, 0.0649, 0.09439, 0.79167, 0.35916, 0.68095, 0.98915, 1.8581, 0.40456, 0.42977, 0.92153, 0.84581, 0.73281, 0.00015, 4.8815, 0.01327, 0.00139, 4.8323, 0.71664, 0.03597, 0.99268, 0.95946, 1.6138, 0.25608, 0.6623, 1.9917, 2.0011, 0.78979, 0.011495, 4.2754, 0.51876, 0.0013784, 4.3598, 0.95451, 0.063247, 0.78744, 0.91805, 1.2716, 0.12503, 0.50508, 1.1714, 0.82484, 0.6818, 0.0050531, 2.9285, -0.00025175, -0.0043134, 2.7216, 0.35474, 0.051738, 1.1979, 1.0009, 1.956, 0.38714, 0.81951, 2.812, 3.1773, 0.89779, 0.017937, 5.6224, 1.0378, 0.0070701, 5.9979, 1.5543, 0.074755, 0.015569, 0.00063389, 0.04328, 0.0063481, 0.0091356, 0.24869, 0.51135, 0.0043108, 1.5338e-05, 0.67058, 0.099562, 1.1974e-05, 0.99188, 0.13296, 4.895e-05, 0.25206, 0.87214, 0.91197, 0.024912, 0.41204, -0.20799, -0.40352, 0.50435, 0.00018298, 0.29566, -0.40327, -0.007843, 1.0617, -0.26341, 0.042246, 1.7333, 1.0468, 2.3157, 0.48726, 0.91256, 4.1914, 4.4056, 1.0752, 0.022807, 8.2552, 1.4408, 0.0106, 7.6579, 2.1724, 0.084247, 0.20274, 0.0028182, 0.18207, 0.019752, 0.023149, 1.7884, 2.1371, 0.030115, 4.7295e-05, 5.8541, 0.31422, 3.1429e-05, 4.0205, 0.54825, 0.00016301
76, 6.58, 0.15255, 0.07854, 0.20938, 1.1111, 0.17345, 1.1198, 0.94393, 1.8835, 0.37668, 0.55987, 0.40348, 0.93577, 0.84934, 0.00136, 1.2018, 1.6682, 0.00085, 3.4862, 1.9556, 0.05496, 1.1221, 1.0074, 1.1637, 0.48842, 0.52717, 1.8524, 1.2034, 0.71114, 0.0046037, 4.9157, 1.0766, 0.0063536, 3.8342, 1.3071, 0.064201, 0.89569, 0.96489, 0.76441, 0.31837, 0.36451, 0.61898, -0.13591, 0.58465, -0.0038225, 2.6557, 0.57212, -0.0028937, 2.0423, 0.6584, 0.049842, 1.3486, 1.05, 1.5631, 0.65847, 0.68983, 3.0857, 2.5428, 0.83762, 0.01303, 7.1756, 1.5811, 0.015601, 5.6261, 1.9558, 0.07856, 0.018952, 0.00066953, 0.058941, 0.010688, 0.0097793, 0.56227, 0.66303, 0.0059129, 2.6243e-05, 1.8877, 0.094062, 3.1607e-05, 1.1868, 0.15554, 7.6208e-05, 0.37535, 0.91958, 0.43233, 0.23311, 0.27345, -0.53238, -1.285, 0.4182, -0.0079447, 0.54171, 0.16266, -0.0054001, 0.45708, 0.064365, 0.041512, 1.8689, 1.0953, 1.8952, 0.74373, 0.78089, 4.2371, 3.6919, 1.0041, 0.017152, 9.2896, 1.9905, 0.018107, 7.2113, 2.5499, 0.08689, 0.20612, 0.0028538, 0.19773, 0.024092, 0.023793, 2.102, 2.2888, 0.031717, 5.82e-05, 7.0712, 0.30872, 5.1062e-05, 4.2154, 0.57084, 0.00019027
77, 2.25, 0.30385, 0.0606, 0.15791, 2.0159, 0.83622, 0.65541, 0.91446, 1.1502, 0.42711, 0.34616, 6.6348, 4.9193, 0.74512, 0.0044, 3.3927, 0.30954, 0.00228, 5.0106, 0.83014, 0.04891, 0.92027, 0.96435, 1.3755, 0.37924, 0.31441, 3.6218, 3.0515, 0.75145, 0.0073173, 4.5305, 0.44327, 0.0030028, 4.2042, 0.86918, 0.033732, 0.70105, 0.92956, 1.0555, 0.25556, 0.19018, 2.4038, 1.9239, 0.64218, 0.001131, 2.7661, -0.0070534, -0.0030909, 2.7701, 0.31361, 0.023115, 1.1395, 0.99913, 1.6954, 0.50292, 0.43864, 4.8397, 4.1791, 0.86071, 0.013504, 6.2948, 0.89359, 0.0090965, 5.6384, 1.4247, 0.044348, 0.017761, 0.00044713, 0.037841, 0.0056538, 0.0057043, 0.54827, 0.46995, 0.0044125, 1.4145e-05, 1.1506, 0.074953, 1.3725e-05, 0.76024, 0.11408, 4.1662e-05, 0.17565, 0.87997, 0.68417, 0.15217, 0.08344, 1.245, 0.6703, 0.46552, -0.0038511, 0.39076, -0.44192, -0.0064719, 1.0025, -0.32759, 0.013206, 1.6649, 1.0487, 2.0668, 0.60631, 0.54538, 5.9986, 5.4326, 1.0374, 0.018486, 8.6702, 1.3285, 0.012478, 7.4059, 2.0659, 0.054258, 0.20493, 0.0026314, 0.17663, 0.019058, 0.019718, 2.088, 2.0957, 0.030217, 4.6103e-05, 6.3341, 0.28961, 3.318e-05, 3.7888, 0.52938, 0.00015572
78, 3, 0.19901, 0.07594, 0.1, 1.5278, 0.42467, 0.22104, 0.91358, 1.6178, 0.327, 0.45006, 1.2799, 1.4426, 0.96024, 0.01263, 9.4869, 1.9251, 0.0022, 6.3656, 0.51142, 0.06155, 0.77348, 0.9923, 1.219, 0.4885, 0.54696, 1.6941, 0.98098, 0.78077, 0.0050172, 5.328, 1.1139, 0.00058763, 5.8891, 0.55737, 0.043951, 0.62152, 0.96145, 0.95472, 0.386, 0.44485, 0.84548, 0.0039707, 0.69192, -0.0004389, 4.1435, 0.68908, -0.0048707, 4.7081, 0.069793, 0.035435, 0.92544, 1.0232, 1.4832, 0.59099, 0.64907, 2.5426, 1.958, 0.86962, 0.010473, 6.5125, 1.5387, 0.0060459, 7.0702, 1.045, 0.052467, 0.0085345, 0.00035179, 0.025809, 0.0038831, 0.0038537, 0.26616, 0.35281, 0.0029179, 1.1003e-05, 0.51858, 0.066697, 1.1012e-05, 0.51558, 0.087869, 2.6803e-05, 0.04582, 0.90947, 0.55164, 0.27223, 0.32709, -0.51633, -1.3327, 0.502, -0.0057639, 1.4002, 0.2414, -0.0084915, 2.7925, -0.60939, 0.024429, 1.5011, 1.0751, 1.8863, 0.70476, 0.76682, 3.9045, 3.2946, 1.0595, 0.015798, 9.2557, 1.9864, 0.0096668, 8.9857, 1.7241, 0.063473, 0.19571, 0.0025361, 0.1646, 0.017287, 0.017867, 1.8059, 1.9786, 0.028722, 4.2961e-05, 5.7021, 0.28135, 3.0467e-05, 3.5442, 0.50316, 0.00014086
79, 4.6981, 0.15408, 0.04401, 0, 0.89123, 0.21726, 1.105, 1.0815, 0.89482, 0.42757, 0.57606, 1.1113, 0.60446, 0.94667, 0.00015, 8.3986, 0.47392, 0.0025, 6.3764, 0.2292, 0.0583, 0.87639, 1.0196, 1.1373, 0.34016, 0.41812, 0.91962, 1.1331, 0.85314, 0.0044011, 5.1391, 0.62169, 0.0021238, 5.9374, 0.98175, 0.053379, 0.64773, 0.98136, 0.81967, 0.20447, 0.29222, -0.24134, -0.012637, 0.74848, -0.0018452, 3.2606, 0.15372, -0.0065165, 4.4527, 0.44764, 0.042944, 1.105, 1.0578, 1.4549, 0.47586, 0.54401, 2.0806, 2.2788, 0.9578, 0.010647, 7.0176, 1.0896, 0.010764, 7.4221, 1.5159, 0.063814, 0.019324, 0.00053958, 0.037291, 0.0068055, 0.0058581, 0.49817, 0.48517, 0.0040488, 1.4421e-05, 1.3043, 0.080941, 2.7593e-05, 0.81474, 0.10544, 4.0246e-05, 0.12894, 0.93372, 0.44709, 0.10633, 0.18625, -1.4285, -1.2567, 0.56894, -0.0068007, 0.94944, -0.2726, -0.0091586, 2.7128, -0.20521, 0.032947, 1.6238, 1.1054, 1.8275, 0.574, 0.64999, 3.2677, 3.5229, 1.1373, 0.015603, 9.3287, 1.516, 0.013406, 9.162, 2.1687, 0.073812, 0.2065, 0.0027239, 0.17608, 0.02021, 0.019872, 2.0379, 2.1109, 0.029853, 4.6378e-05, 6.4878, 0.2956, 4.7049e-05, 3.8433, 0.52074, 0.00015431
80, 8, 0.43305, 0.03016, 0.27129, 1.3281, 0.46337, 1.3119, 1.091, 0.65398, 0.86124, 0.71936, 1.2026, 0.4822, 0.8581, 0.00639, 8.3363, 0.34398, 0.01764, 3.8112, 1.2819, 0.04025, 1.335, 1.0014, 1.3957, 0.46429, 0.61203, 1.3194, 1.3532, 0.75243, 0.0060669, 6.1194, 0.6084, 0.013257, 3.9587, 1.4953, 0.071437, 0.99064, 0.94143, 0.97921, 0.26872, 0.38258, -0.6527, 0.0053826, 0.62147, -0.002479, 3.6378, -0.018654, -0.0042045, 1.853, 0.74319, 0.054544, 1.6794, 1.0613, 1.8123, 0.65986, 0.84148, 3.2914, 2.7011, 0.88339, 0.014613, 8.601, 1.2355, 0.030719, 6.0644, 2.2474, 0.088331, 0.04383, 0.0013282, 0.064124, 0.014137, 0.019459, 1.4374, 0.67147, 0.0063394, 2.6994e-05, 2.2762, 0.14533, 0.0001127, 1.6388, 0.20909, 0.00010548, 0.54444, 0.90389, 0.65479, 0.19132, 0.3111, -1.5187, -1.1398, 0.45753, -0.0065622, 1.6269, -0.37849, -0.0056518, 0.40513, 0.19558, 0.047065, 2.1256, 1.0989, 2.1367, 0.73727, 0.91297, 4.1575, 3.8463, 1.0473, 0.018696, 10.612, 1.5953, 0.032166, 7.5123, 2.795, 0.095809, 0.231, 0.0035125, 0.20292, 0.027541, 0.033473, 2.9771, 2.2972, 0.032143, 5.8952e-05, 7.4597, 0.35999, 0.00013215, 4.6674, 0.62438, 0.00021954
81, 5.4951, 0.1914, 0.07359, 0.27776, 1.3333, 0.3153, 1.2817, 1.065, 1.7518, 0.63635, 0.36912, 1.0918, 0.25088, 0.61192, 0.00042, 6.9096, 1.7201, 0.0124, 3.2098, 0.87793, 0.05238, 1.2553, 1.0422, 1.3213, 0.44549, 0.44296, 1.1737, 1.246, 0.6547, 0.0052986, 4.6851, 0.82482, 0.017616, 4.8744, 1.3443, 0.054951, 0.96379, 0.99827, 0.91998, 0.27719, 0.23192, 0.17857, -0.10152, 0.54417, -0.00312, 2.3668, 0.19936, 0.0015243, 3.031, 0.69267, 0.041294, 1.5468, 1.0861, 1.7226, 0.6138, 0.654, 2.1688, 2.5935, 0.76524, 0.013717, 7.0034, 1.4503, 0.033708, 6.7178, 1.996, 0.068607, 0.03141, 0.00071316, 0.059529, 0.01047, 0.016462, 0.36601, 0.67114, 0.0045158, 2.6196e-05, 1.9865, 0.14459, 9.5708e-05, 1.2559, 0.15696, 6.8931e-05, 0.48629, 0.95366, 0.58879, 0.19134, 0.15581, -1.097, -1.2469, 0.36829, -0.0072448, 0.28069, -0.16106, -3.5685e-05, 1.4697, 0.10004, 0.0327, 2.0243, 1.1307, 2.0538, 0.69965, 0.7301, 3.4444, 3.7388, 0.94111, 0.017842, 9.0895, 1.8107, 0.035268, 8.2791, 2.5886, 0.077201, 0.21858, 0.0028975, 0.19832, 0.023874, 0.030476, 1.9057, 2.2969, 0.03032, 5.8153e-05, 7.17, 0.35925, 0.00011516, 4.2845, 0.57225, 0.00018299
82, 3, 0.21736, 0.06894, 0.10552, 1.5151, 0.47661, 0.42981, 1.0497, 0.73885, 0.43479, 0.3397, 1.599, 0.76761, 0.77635, 1e-05, 8.3476, 1.4587, 0.00181, 6.8057, 0.73764, 0.06878, 0.79266, 1.0015, 1.2526, 0.51735, 0.51412, 1.647, 1.2453, 0.78015, 0.0033962, 5.2654, 1.018, 0.0037539, 5.5181, 0.84318, 0.048224, 0.64797, 0.97459, 1.0205, 0.43505, 0.43288, 0.92387, 0.40888, 0.69584, -0.00089923, 4.1249, 0.68389, -3.9137e-05, 4.4822, 0.42457, 0.041222, 0.93735, 1.0285, 1.4847, 0.59965, 0.59536, 2.3701, 2.0817, 0.86445, 0.0076917, 6.4058, 1.3522, 0.007547, 6.5539, 1.2618, 0.055226, 0.0077376, 0.00026818, 0.019914, 0.0025036, 0.0024395, 0.19326, 0.25858, 0.002627, 6.8197e-06, 0.4807, 0.041271, 5.3178e-06, 0.39661, 0.064768, 1.8122e-05, 0.066481, 0.92007, 0.59733, 0.30989, 0.30313, -0.51835, -1.0126, 0.5028, -0.0068465, 1.3507, 0.18592, -0.0044329, 2.4739, -0.29648, 0.029313, 1.5188, 1.083, 1.9079, 0.72481, 0.7251, 3.8123, 3.5032, 1.0575, 0.013639, 9.18, 1.8502, 0.011941, 8.5622, 1.9828, 0.067135, 0.19491, 0.0024525, 0.15871, 0.015908, 0.016453, 1.733, 1.8843, 0.028431, 3.8777e-05, 5.6642, 0.25593, 2.4773e-05, 3.4252, 0.48006, 0.00013218
83, 3, 0.35974, 0.12176, 0.20036, 0.48387, 0.37378, 0.61482, 0.9618, 1.2713, 0.32289, 0.29609, 1.5024, 0.77862, 0.65415, 0.00472, 9.4119, 0.48097, 0.00393, 2.9344, 0.90805, 0.06033, 1.0073, 0.98174, 1.2584, 0.3355, 0.42693, 1.4534, 1.1767, 0.77751, 0.0042205, 5.8235, 0.82243, 0.0025269, 3.6192, 0.74953, 0.050699, 0.8063, 0.9395, 0.86747, 0.16622, 0.26252, 0.097236, -0.16587, 0.66549, -0.0042076, 3.5057, 0.30684, -0.0080027, 1.8454, 0.11839, 0.037804, 1.2082, 1.024, 1.6494, 0.50478, 0.59135, 2.8095, 2.5192, 0.88954, 0.012649, 8.1413, 1.338, 0.013056, 5.393, 1.3807, 0.063594, 0.014927, 0.00065945, 0.056495, 0.010591, 0.009992, 0.67975, 0.6662, 0.0046386, 2.6255e-05, 1.9856, 0.098256, 4.098e-05, 1.1629, 0.14723, 6.1458e-05, 0.26782, 0.89403, 0.53155, 0.080706, 0.17209, -0.99711, -1.3135, 0.49052, -0.0083292, 1.4194, -0.097677, -0.01026, 0.25162, -0.48414, 0.028907, 1.7467, 1.0695, 1.9853, 0.5903, 0.68178, 3.9038, 3.6669, 1.0645, 0.01677, 10.228, 1.7425, 0.015314, 6.9867, 1.9832, 0.072491, 0.2021, 0.0028438, 0.19529, 0.023995, 0.024006, 2.2194, 2.2919, 0.030443, 5.8213e-05, 7.1691, 0.31291, 6.0435e-05, 4.1915, 0.56253, 0.00017552
84, 3.0066, 0.27707, 0.08854, 0.0715, 0.4712, 0.35285, 0.52583, 1.0736, 0.77583, 0.32346, 0.49335, 1.1921, 0.77006, 0.705, 0.00048, 5.2501, 0.38993, 0.00443, 2.68, 0.42764, 0.06325, 0.78919, 0.99185, 1.3177, 0.32837, 0.4404, 1.7184, 1.1209, 0.80558, 0.0050751, 6.283, 0.71227, 0.0022932, 4.6321, 0.41819, 0.051556, 0.59647, 0.95393, 0.92887, 0.15873, 0.24593, 0.62039, -0.22603, 0.69872, -0.0031087, 4.149, 0.086002, -0.012111, 2.9273, -0.31524, 0.038667, 0.98191, 1.0298, 1.7064, 0.49801, 0.63487, 2.8165, 2.4679, 0.91244, 0.013259, 8.417, 1.3385, 0.016698, 6.3369, 1.1516, 0.064444, 0.013728, 0.00053159, 0.055868, 0.010637, 0.013978, 0.44564, 0.67058, 0.0042206, 2.4755e-05, 1.6832, 0.14497, 7.6691e-05, 1.0743, 0.19882, 6.1397e-05, 0.051935, 0.90613, 0.59194, 0.073331, 0.1652, -0.5992, -1.3716, 0.52057, -0.0073119, 1.9728, -0.27412, -0.013835, 1.3004, -0.87081, 0.029768, 1.5264, 1.0776, 2.0434, 0.58341, 0.71559, 4.0361, 3.6135, 1.0906, 0.017462, 10.593, 1.6987, 0.018422, 7.9638, 1.7072, 0.073344, 0.2009, 0.0027159, 0.19466, 0.024041, 0.027992, 1.9853, 2.2963, 0.030025, 5.6712e-05, 6.8667, 0.35962, 9.6146e-05, 4.1029, 0.61412, 0.00017546
85, 2.5, 0.13114, 0.04582, 0.42293, 0.97222, 0.80039, 1.1503, 1.0053, 0.79531, 0.94335, 0.10493, 1.8954, 0.49611, 0.72529, 0.00709, 4.0869, 0.85206, 0.01537, 2.1554, 1.2325, 0.06219, 1.0116, 1.0164, 0.98491, 0.62495, 0.33342, 1.3278, 1.479, 0.57254, 0.0061799, 0.71774, 0.78854, 0.012968, 3.406, 1.7501, 0.054655, 0.76408, 0.96353, 0.58447, 0.42945, 0.13058, -0.436, 0.14005, 0.44703, -0.002182, -1.2057, 0.16817, -0.0024167, 1.4693, 1.0291, 0.039662, 1.2592, 1.0693, 1.3853, 0.82046, 0.53626, 3.0915, 2.8179, 0.69805, 0.014542, 2.6412, 1.4089, 0.028353, 5.3426, 2.4711, 0.069648, 0.022652, 0.0010342, 0.059268, 0.014127, 0.015208, 1.1498, 0.66261, 0.0058228, 2.5844e-05, 1.3675, 0.14225, 8.7487e-05, 1.3863, 0.19213, 8.3084e-05, 0.25819, 0.92311, 0.25288, 0.35203, 0.052245, -1.3698, -1.0092, 0.28002, -0.0063254, -3.4922, -0.19412, -0.0040415, -0.05012, 0.46813, 0.03156, 1.7651, 1.1097, 1.7169, 0.89788, 0.61459, 4.0253, 3.9672, 0.86506, 0.018685, 4.9277, 1.7712, 0.029978, 6.8621, 3.032, 0.07775, 0.20982, 0.0032185, 0.19806, 0.027532, 0.029221, 2.6895, 2.2883, 0.031627, 5.7801e-05, 6.551, 0.35691, 0.00010694, 4.4148, 0.60742, 0.00019714
86, 4, 0.29084, 0.13792, 0.19995, 1.1111, 0.3202, 1.3599, 0.94894, 1.2687, 0.48874, 0.48712, 1.5155, 1.0426, 0.87326, 0.00097, 8.3809, 0.96378, 0.00248, 4.7639, 0.57032, 0.05269, 1.1908, 0.99002, 1.5399, 0.45114, 0.63471, 1.4134, 1.1182, 0.82438, 0.0027428, 5.0218, 0.83144, 0.0025226, 3.9453, 0.66142, 0.047352, 0.97787, 0.94886, 1.2003, 0.32829, 0.49671, 0.48441, -0.0127, 0.71709, -0.0033873, 3.2789, 0.35322, -0.00358, 2.3635, 0.094169, 0.036344, 1.4037, 1.0312, 1.8795, 0.57399, 0.77272, 2.3425, 2.2492, 0.93167, 0.008873, 6.7647, 1.3097, 0.0086252, 5.5272, 1.2287, 0.05836, 0.016758, 0.00062636, 0.042634, 0.0055786, 0.0070396, 0.31901, 0.47275, 0.0042546, 1.389e-05, 1.1227, 0.084528, 1.3765e-05, 0.92489, 0.11893, 4.479e-05, 0.448, 0.90282, 0.83929, 0.22452, 0.39605, -0.82907, -1.2645, 0.53921, -0.0083946, 0.89121, -0.068261, -0.0069578, 0.67481, -0.54082, 0.026621, 1.9336, 1.0772, 2.2405, 0.67777, 0.87338, 3.6559, 3.501, 1.1096, 0.01388, 9.1524, 1.7311, 0.012003, 7.2158, 1.8637, 0.068083, 0.20393, 0.0028107, 0.18143, 0.018983, 0.021053, 1.8587, 2.0985, 0.030059, 4.5847e-05, 6.3062, 0.29918, 3.322e-05, 3.9535, 0.53423, 0.00015885
87, 4.56, 0.08105, 0.04323, 0.3, 2.0833, 0.43786, 0.57076, 1.0672, 1.0782, 0.82847, 0.78171, 1.2926, 0.89715, 0.93874, 0.00121, 6.808, 0.53455, 0.0319, 8.3657, 2.9677, 0.08395, 0.9454, 1.046, 1.2678, 0.56017, 0.65965, 1.7599, 1.124, 0.70473, 0.0031845, 2.6104, 0.90783, 0.021937, 5.1483, 2.1432, 0.05812, 0.74206, 1.0133, 0.9355, 0.43363, 0.54242, 0.66036, -0.0071018, 0.59684, -0.00308, 0.90959, 0.4806, 0.01557, 3.7167, 1.6173, 0.04721, 1.1487, 1.0787, 1.6001, 0.68671, 0.77688, 2.8595, 2.2551, 0.81262, 0.0094491, 4.3112, 1.3351, 0.028305, 6.5799, 2.669, 0.06903, 0.015282, 0.00039576, 0.040819, 0.0059183, 0.0050792, 0.44689, 0.47286, 0.0043026, 1.4505e-05, 1.0692, 0.067463, 1.4984e-05, 0.75753, 0.10221, 4.3995e-05, 0.2053, 0.96247, 0.57073, 0.33152, 0.43237, -0.55843, -1.2588, 0.41933, -0.0080274, -1.5026, 0.034166, 0.012285, 1.9477, 0.95992, 0.037441, 1.6855, 1.1296, 1.9649, 0.78881, 0.88693, 4.0783, 3.5068, 0.99013, 0.014396, 6.7234, 1.7815, 0.03159, 8.3488, 3.3265, 0.078799, 0.20245, 0.0025801, 0.17961, 0.019323, 0.019093, 1.9866, 2.0986, 0.030107, 4.6463e-05, 6.2527, 0.28212, 3.4439e-05, 3.7861, 0.5175, 0.00015806
88, 4.7, 0.26135, 0.13402, 0.19952, 1.3333, 0.26562, 1.4242, 0.97031, 1.9281, 0.55257, 0.62716, 1.6537, 0.50733, 0.87132, 0.00195, 5.9565, 0.8309, 0.0031, 3.9174, 0.4819, 0.03888, 1.0331, 0.98981, 1.3859, 0.49108, 0.66211, 1.6962, 1.2024, 0.81473, 0.0041215, 6.2538, 1.0358, 0.0085928, 3.9183, 0.78623, 0.052511, 0.80943, 0.94229, 0.97775, 0.31944, 0.47002, 0.39044, -0.13803, 0.6996, -0.0040064, 4.1314, 0.49679, -0.0044542, 2.0158, 0.12676, 0.039003, 1.2567, 1.0373, 1.7941, 0.66272, 0.8542, 3.0019, 2.5428, 0.92987, 0.012249, 8.3762, 1.5748, 0.02164, 5.8207, 1.4457, 0.06602, 0.018489, 0.00083468, 0.061587, 0.010889, 0.013638, 0.63017, 0.66407, 0.0048994, 2.4417e-05, 1.6649, 0.10739, 6.2917e-05, 1.3377, 0.16074, 6.745e-05, 0.28715, 0.89943, 0.64965, 0.23471, 0.38859, -0.72677, -1.2866, 0.52651, -0.0082287, 1.9493, 0.10237, -0.0063358, 0.48124, -0.46217, 0.030351, 1.779, 1.0802, 2.1222, 0.74745, 0.93563, 4.1191, 3.6914, 1.103, 0.016472, 10.558, 1.9693, 0.023521, 7.3553, 2.0346, 0.074672, 0.20566, 0.003019, 0.20038, 0.024293, 0.027652, 2.1699, 2.2898, 0.030704, 5.6375e-05, 6.8484, 0.32205, 8.2373e-05, 4.3663, 0.57604, 0.00018151
89, 6, 0.29326, 0.04107, 0.14819, 1, 0.38358, 1.7636, 0.93224, 1.0507, 0.29278, 0.53974, 1.0936, 0.18183, 0.52661, 0.01875, 4.0794, 1.3698, 0.00351, 9.1533, 0.68213, 0.07562, 1.4998, 1.0069, 1.3348, 0.37631, 0.47771, 1.6266, 1.2845, 0.78702, 0.0068257, 4.3328, 0.6498, 0.015603, 4.6384, 1.5172, 0.062028, 1.2347, 0.95078, 0.92632, 0.23126, 0.26006, 0.34319, -0.061165, 0.663, -0.0016227, 2.3189, 0.025534, -0.00051196, 2.6065, 0.80593, 0.04747, 1.7648, 1.063, 1.7433, 0.52135, 0.69536, 2.91, 2.6303, 0.91105, 0.015274, 6.3468, 1.2741, 0.031718, 6.6703, 2.2285, 0.076587, 0.025969, 0.0011644, 0.061674, 0.0077759, 0.017509, 0.60882, 0.66934, 0.0056854, 2.6381e-05, 1.4991, 0.14404, 9.5987e-05, 1.526, 0.187, 7.8336e-05, 0.74038, 0.91172, 0.59835, 0.13692, 0.18567, -0.78438, -1.2073, 0.49514, -0.0057377, 0.08078, -0.33532, -0.0020698, 1.1281, 0.24069, 0.039213, 2.2591, 1.1021, 2.0713, 0.61569, 0.76975, 4.0376, 3.7764, 1.0789, 0.019389, 8.5849, 1.6349, 0.033276, 8.1488, 2.7938, 0.084844, 0.21314, 0.0033487, 0.20047, 0.02118, 0.031523, 2.1485, 2.2951, 0.03149, 5.8339e-05, 6.6826, 0.3587, 0.00011544, 4.5546, 0.6023, 0.0001924
90, 3.0049, 0.1684, 0.07188, 0.2108, 1.3368, 0.50631, 0.73949, 1.0092, 0.86216, 0.93199, 0.77681, 7.9794, 0.8289, 0.29245, 0.04211, 0.43637, 0.14439, 0.03026, 4.9199, 0.21217, 0.04551, 0.84408, 0.99094, 0.97912, 0.71035, 0.51116, 1.5354, 1.0304, 0.64647, 0.015257, 3.4955, 1.0115, 0.021747, 4.8139, 0.79243, 0.049072, 0.68906, 0.95761, 0.65222, 0.59573, 0.40123, 0.68241, -0.1006, 0.54446, 0.0092504, 1.9633, 0.57831, 0.015792, 3.4272, 0.28292, 0.039429, 0.9991, 1.0243, 1.306, 0.82497, 0.62109, 2.3884, 2.1615, 0.74847, 0.021264, 5.0277, 1.4446, 0.027702, 6.2007, 1.3019, 0.058715, 0.0088824, 0.00041055, 0.039499, 0.0048559, 0.0044667, 0.26894, 0.47282, 0.0038458, 1.3335e-05, 0.86771, 0.069349, 1.3109e-05, 0.71082, 0.095951, 3.4369e-05, 0.11577, 0.90715, 0.28459, 0.48808, 0.28755, -0.67668, -1.3524, 0.36324, 0.0041872, -0.55073, 0.13489, 0.012361, 1.6332, -0.38366, 0.029032, 1.5724, 1.0747, 1.6737, 0.93262, 0.73476, 3.7475, 3.4132, 0.9297, 0.026327, 7.5417, 1.8881, 0.031133, 7.9947, 1.9685, 0.069111, 0.19605, 0.0025949, 0.17829, 0.01826, 0.01848, 1.8086, 2.0986, 0.02965, 4.5293e-05, 6.0512, 0.28401, 3.2564e-05, 3.7394, 0.51125, 0.00014843
91, 6.5574, 0.10461, 0.15315, 0.41232, 0.81121, 0.1496, 1.0057, 1.0994, 0.74226, 0.77687, 0.46934, 1.5632, 0.47828, 0.75392, 0.01062, 8.0815, 0.75229, 0.03369, 3.6071, 0.93623, 0.05121, 1.0288, 1.0158, 1.1258, 0.79605, 0.51887, 3.2585, 1.6244, 0.70226, 0.0034725, 4.6516, 0.84942, 0.027758, 2.7132, 1.6109, 0.064739, 0.78432, 0.97648, 0.71723, 0.63242, 0.36278, 1.6558, 0.27743, 0.58352, -0.0049505, 2.7316, 0.27866, 0.017573, 1.1384, 0.90242, 0.049896, 1.2732, 1.0551, 1.5343, 0.95968, 0.67496, 4.8612, 2.9714, 0.82101, 0.011896, 6.5717, 1.4202, 0.037943, 4.288, 2.3193, 0.079583, 0.022084, 0.00057072, 0.061695, 0.0098966, 0.0090051, 0.94937, 0.67063, 0.0052115, 2.6223e-05, 1.3626, 0.12041, 3.8341e-05, 0.91664, 0.18552, 8.1439e-05, 0.27633, 0.92943, 0.38929, 0.54497, 0.26931, 0.66345, -0.86814, 0.41259, -0.0090738, 0.44322, -0.1027, 0.015253, -0.55389, 0.33592, 0.041741, 1.7812, 1.1021, 1.8623, 1.0471, 0.76842, 5.8536, 4.117, 0.99194, 0.016019, 8.86, 1.8015, 0.040263, 5.9803, 2.8858, 0.087738, 0.20926, 0.002755, 0.20049, 0.023301, 0.023019, 2.4891, 2.2964, 0.031016, 5.8181e-05, 6.5461, 0.33507, 5.7797e-05, 3.9452, 0.60081, 0.0001955
92, 2.25, 0.30301, 0.08051, 0.07844, 1.5132, 0.67066, 1.7941, 0.95075, 0.72053, 0.30215, 0.19775, 0.22269, 1.4562, 0.96655, 0.0099, 5.792, 0.0208, 0.00526, 5.621, 0.32028, 0.04191, 0.86768, 0.94625, 1.2968, 0.35801, 0.37523, 2.4157, 1.1051, 0.74634, 0.014999, 4.5122, 0.71916, 0.0054312, 4.6399, 0.48894, 0.041255, 0.65617, 0.90929, 0.96039, 0.21909, 0.23402, 1.3513, -0.092859, 0.64263, 0.0082551, 2.841, 0.19306, -0.0017361, 3.1398, -0.13615, 0.030496, 1.0792, 0.98322, 1.6331, 0.49693, 0.51644, 3.48, 2.3031, 0.85006, 0.021743, 6.1834, 1.2453, 0.012599, 6.1399, 1.114, 0.052013, 0.016535, 0.00050507, 0.041822, 0.0071334, 0.0073701, 0.41872, 0.53045, 0.0039756, 1.681e-05, 1.0323, 0.1023, 1.8987e-05, 0.83169, 0.14442, 4.2783e-05, 0.12529, 0.86095, 0.59773, 0.12229, 0.1347, 0.11378, -1.3102, 0.46249, 0.0035124, 0.41138, -0.20688, -0.0047672, 1.4081, -0.74164, 0.020655, 1.6101, 1.0316, 1.9958, 0.59373, 0.61576, 4.7175, 3.5204, 1.0302, 0.026486, 8.6131, 1.6452, 0.01563, 7.8716, 1.7195, 0.061854, 0.20371, 0.0026894, 0.18061, 0.020538, 0.021384, 1.9584, 2.1562, 0.02978, 4.8768e-05, 6.2158, 0.31696, 3.8443e-05, 3.8603, 0.55971, 0.00015684
93, 3.8279, 0.35472, 0.05462, 0.23244, 2.3056, 0.7296, 0.67293, 1.0977, 0.69351, 0.47225, 0.42841, 1.6964, 0.74409, 0.6449, 3e-05, 4.0468, 1.9794, 0.00481, 2.0599, 0.74043, 0.03786, 1.3164, 1.0291, 1.2355, 0.45699, 0.54394, 1.7322, 1.2163, 0.78401, 0.0054644, 4.0186, 0.78751, 0.010752, 4.936, 0.95586, 0.044288, 1.0477, 0.97414, 0.82783, 0.28205, 0.32407, 0.23068, -0.12759, 0.6667, -0.0027227, 1.8627, 0.16324, -0.005894, 2.9272, 0.26813, 0.030872, 1.5852, 1.084, 1.6432, 0.63192, 0.76382, 3.2338, 2.5601, 0.90133, 0.013652, 6.1744, 1.4118, 0.027399, 6.9449, 1.6436, 0.057704, 0.026689, 0.0011157, 0.06143, 0.011311, 0.017868, 0.83335, 0.66749, 0.0050866, 2.4775e-05, 1.7178, 0.14405, 0.00010242, 1.4916, 0.17481, 6.6524e-05, 0.55578, 0.93459, 0.4995, 0.1984, 0.25025, -0.80161, -1.2746, 0.49492, -0.0069247, -0.30253, -0.19762, -0.0074064, 1.439, -0.30769, 0.022184, 2.0771, 1.1236, 1.9715, 0.71558, 0.83764, 4.2661, 3.7071, 1.0731, 0.017854, 8.3396, 1.7726, 0.028911, 8.4331, 2.2194, 0.066392, 0.21386, 0.0033, 0.20022, 0.024715, 0.031882, 2.3731, 2.2932, 0.030891, 5.6732e-05, 6.9013, 0.3587, 0.00012188, 4.5202, 0.59011, 0.00018058
94, 4, 0.44611, 0.06497, 0.07227, 0.82812, 0.53178, 1.4487, 1.0955, 0.71607, 0.40972, 0.62801, 0.91995, 0.44166, 0.70632, 0.00016, 5.3266, 0.89327, 0.02218, 7.3772, 0.48554, 0.05473, 1.2403, 1.001, 1.3557, 0.31795, 0.51084, 1.2735, 1.2168, 0.82097, 0.0054846, 6.1205, 0.61014, 0.0041974, 5.6529, 0.35644, 0.053936, 0.99916, 0.94256, 0.94098, 0.1384, 0.28584, -0.17063, -0.13035, 0.6938, -0.0029815, 4.3272, -0.016731, -0.012398, 3.5853, -0.38548, 0.038102, 1.4814, 1.0595, 1.7704, 0.4975, 0.73584, 2.7177, 2.564, 0.94814, 0.013951, 7.9139, 1.237, 0.020793, 7.7206, 1.0983, 0.06977, 0.021485, 0.0012637, 0.063562, 0.011915, 0.018712, 0.77084, 0.67082, 0.0059778, 2.6492e-05, 1.1887, 0.14524, 0.00010179, 1.5802, 0.20345, 9.2666e-05, 0.48891, 0.90445, 0.61575, 0.056217, 0.21328, -1.2267, -1.2758, 0.52773, -0.0070907, 1.9684, -0.37664, -0.013915, 2.1218, -0.93741, 0.030287, 1.9916, 1.0976, 2.0956, 0.57968, 0.8084, 3.7738, 3.7095, 1.1142, 0.01806, 10.273, 1.5969, 0.022309, 9.1841, 1.6503, 0.077586, 0.20866, 0.003448, 0.20235, 0.02532, 0.032726, 2.3105, 2.2966, 0.031782, 5.8449e-05, 6.3722, 0.3599, 0.00012125, 4.6088, 0.61874, 0.00020673
95, 4, 0.29084, 0.13792, 0.19995, 1.1111, 0.3202, 0.76228, 1.0008, 1.8738, 0.46773, 0.68187, 1.5374, 0.92981, 0.90979, 0.00016, 2.1547, 0.93272, 0.00149, 3.0302, 0.68581, 0.05544, 1.2443, 0.97517, 1.354, 0.45988, 0.53688, 1.4089, 1.151, 0.81836, 0.0030949, 6.3704, 0.84367, 0.003223, 4.4748, 0.62835, 0.046272, 1.0314, 0.934, 1.0144, 0.33703, 0.39888, 0.47986, 0.020101, 0.71107, -0.0030353, 4.6275, 0.36545, -0.0028795, 2.8929, 0.061095, 0.035264, 1.4572, 1.0163, 1.6937, 0.58274, 0.67489, 2.3379, 2.282, 0.92565, 0.009225, 8.1133, 1.3219, 0.0093256, 6.0567, 1.1956, 0.05728, 0.016758, 0.00062636, 0.042634, 0.0055786, 0.0070396, 0.31901, 0.47275, 0.0042546, 1.389e-05, 1.1227, 0.084528, 1.3765e-05, 0.92489, 0.11893, 4.479e-05, 0.50151, 0.88796, 0.65343, 0.23326, 0.29822, -0.83362, -1.2317, 0.53319, -0.0080425, 2.2398, -0.056031, -0.0062574, 1.2043, -0.57389, 0.025541, 1.9871, 1.0624, 2.0546, 0.68651, 0.77555, 3.6514, 3.5338, 1.1035, 0.014232, 10.501, 1.7434, 0.012703, 7.7453, 1.8306, 0.067003, 0.20393, 0.0028107, 0.18143, 0.018983, 0.021053, 1.8587, 2.0985, 0.030059, 4.5847e-05, 6.3062, 0.29918, 3.322e-05, 3.9535, 0.53423, 0.00015885
96, 6.0393, 0.11432, 0.0632, 0.45002, 1.3864, 0.32467, 1.7004, 1.0193, 1.1423, 0.94583, 0.25611, 1.3654, 0.36406, 0.79702, 0.00041, 9.4, 1.971, 0.01449, 4.4592, 4.2956, 0.05111, 1.5274, 1.0197, 1.2668, 0.58311, 0.42765, 1.0085, 1.3493, 0.61891, 0.0052481, 5.3636, 0.85727, 0.011, 2.7587, 2.1838, 0.069238, 1.2368, 0.9647, 0.86542, 0.41253, 0.21351, -0.24332, 0.0073417, 0.49851, -0.0029433, 3.1764, 0.23521, -0.0045612, 0.76105, 1.4791, 0.055791, 1.818, 1.0747, 1.6682, 0.7537, 0.6418, 2.2604, 2.6912, 0.7393, 0.01344, 7.5508, 1.4793, 0.026562, 4.7563, 2.8886, 0.082685, 0.031212, 0.0011172, 0.059557, 0.010755, 0.016949, 0.57922, 0.66557, 0.0053574, 2.4801e-05, 1.7682, 0.14303, 8.9506e-05, 1.4749, 0.18357, 6.6834e-05, 0.7587, 0.92516, 0.53427, 0.32745, 0.13822, -1.3858, -1.1406, 0.32855, -0.0071439, 1.0268, -0.12646, -0.0061694, -0.73196, 0.91094, 0.047115, 2.296, 1.1142, 1.9994, 0.83878, 0.71709, 3.4029, 3.8391, 0.90927, 0.01764, 9.7004, 1.841, 0.02817, 6.2493, 3.4567, 0.09136, 0.21838, 0.0033015, 0.19835, 0.024159, 0.030963, 2.1189, 2.2913, 0.031162, 5.6758e-05, 6.9516, 0.35768, 0.00010896, 4.5035, 0.59887, 0.00018089
97, 6.5574, 0.10993, 0.11064, 0.37139, 1.1799, 0.1906, 0.51055, 1.0441, 1.8096, 0.61252, 0.27059, 1.6937, 1.3049, 0.60625, 2e-05, 5.3413, 1.0398, 0.01325, 1.4627, 3.3013, 0.07146, 1.1646, 1.0321, 1.0584, 0.70413, 0.51789, 2.0291, 1.3546, 0.72356, 0.0041506, 5.0938, 0.78989, 0.013352, 3.2174, 1.7937, 0.058959, 0.95564, 0.99604, 0.66784, 0.54308, 0.36435, 0.86256, 0.027179, 0.60249, -0.0038567, 3.0655, 0.17943, 0.0025228, 1.67, 1.0824, 0.045216, 1.3736, 1.0682, 1.449, 0.86518, 0.67143, 3.1957, 2.6819, 0.84463, 0.012158, 7.1221, 1.4004, 0.024182, 4.7647, 2.5049, 0.072701, 0.016144, 0.00048146, 0.056389, 0.0095867, 0.0087133, 0.50301, 0.65123, 0.0054178, 2.3698e-05, 1.5206, 0.13774, 4.3348e-05, 0.88498, 0.18698, 6.9801e-05, 0.42296, 0.94721, 0.33175, 0.45472, 0.26992, -0.32174, -1.1275, 0.43292, -0.0081205, 0.83489, -0.18655, 0.00031712, -0.036609, 0.51717, 0.036655, 1.9063, 1.1171, 1.7851, 0.95353, 0.76586, 4.38, 3.8366, 1.0142, 0.016422, 9.3527, 1.7663, 0.026388, 6.4713, 3.0702, 0.081262, 0.20331, 0.0026658, 0.19518, 0.022991, 0.022727, 2.0427, 2.277, 0.031222, 5.5656e-05, 6.7041, 0.3524, 6.2804e-05, 3.9136, 0.60228, 0.00018386
98, 3, 0.19839, 0.09253, 0.29999, 1.25, 0.46631, 1.3285, 0.90987, 0.97288, 0.68117, 0.54435, 0.80528, 1.867, 0.91153, 0.01063, 1.5156, 0.45711, 0.00335, 8.7289, 0.69476, 0.03565, 0.94267, 1.0033, 1.2424, 0.54828, 0.45147, 1.5287, 1.1883, 0.71126, 0.0054819, 2.1896, 1.1507, 0.0068257, 4.8102, 0.85718, 0.043541, 0.77601, 0.96939, 0.92563, 0.42733, 0.3327, 0.62362, 0.059705, 0.60401, -0.0006809, 0.46186, 0.6832, 0.00088804, 3.4158, 0.29453, 0.033349, 1.1093, 1.0373, 1.5591, 0.66923, 0.57024, 2.4337, 2.3169, 0.81851, 0.011645, 3.9174, 1.6183, 0.012763, 6.2046, 1.4198, 0.053733, 0.010266, 0.00042618, 0.037085, 0.005407, 0.0052138, 0.30276, 0.47078, 0.0042516, 1.4038e-05, 1.1034, 0.080791, 1.3031e-05, 0.71868, 0.11701, 3.8394e-05, 0.2118, 0.91931, 0.55257, 0.32269, 0.22339, -0.70401, -1.1934, 0.4261, -0.0056735, -1.9346, 0.25667, -0.0025495, 1.6261, -0.34289, 0.023232, 1.6735, 1.0874, 1.9322, 0.77388, 0.67955, 3.7613, 3.5699, 0.99642, 0.016637, 6.3139, 2.0448, 0.016201, 7.9943, 2.0573, 0.06385, 0.19744, 0.0026105, 0.17588, 0.018811, 0.019227, 1.8425, 2.0965, 0.030056, 4.5996e-05, 6.2868, 0.29545, 3.2486e-05, 3.7473, 0.53231, 0.00015245
99, 2.5, 0.1772, 0.06191, 0.62894, 0.97222, 0.71036, 1.4091, 1.0025, 0.86134, 0.61691, 0.12588, 1.074, 1.2008, 0.61036, 0.00308, 3.549, 0.76437, 0.01066, 1.4463, 1.797, 0.05289, 1.2577, 0.98415, 1.1814, 0.62469, 0.20642, 1.4652, 1.4814, 0.47464, 0.0063297, 2.2205, 0.90513, 0.0033583, 2.3165, 1.9098, 0.055588, 1.0018, 0.93712, 0.76566, 0.42359, 0.018392, -0.20935, 0.13366, 0.3523, -0.0022097, 0.083297, 0.38368, -0.0078357, 0.44958, 1.2022, 0.040006, 1.5137, 1.0312, 1.5971, 0.8258, 0.39445, 3.1397, 2.8291, 0.59698, 0.014869, 4.3578, 1.4266, 0.014552, 4.1835, 2.6173, 0.07117, 0.024219, 0.00081742, 0.063871, 0.014948, 0.013068, 1.0364, 0.67136, 0.0055321, 2.6953e-05, 1.6883, 0.1005, 4.6314e-05, 1.2883, 0.18504, 8.9744e-05, 0.50148, 0.89403, 0.44088, 0.34773, -0.064262, -1.1749, -1.0116, 0.18347, -0.006295, -2.0913, -0.018273, -0.0099812, -1.101, 0.63532, 0.032106, 2.014, 1.0743, 1.9218, 0.90166, 0.4771, 4.1052, 3.9744, 0.76581, 0.018955, 6.5324, 1.8285, 0.016698, 5.7341, 3.1842, 0.07907, 0.21139, 0.0030017, 0.20266, 0.028352, 0.027081, 2.5761, 2.2971, 0.031336, 5.8911e-05, 6.8718, 0.31516, 6.577e-05, 4.3169, 0.60034, 0.0002038
100, 4.56, 0.08105, 0.02882, 0.2, 3.125, 0.47855, 0.49934, 1.0633, 1.2089, 0.51208, 0.61336, 3.274, 0.87046, 0.80291, 0.00028, 3.3333, 1.6087, 0.04241, 1.5459, 3.577, 0.05423, 0.91845, 1.0603, 1.3531, 0.50422, 0.63497, 1.5398, 1.1169, 0.7131, 0.005471, 3.0103, 0.86888, 0.017368, 5.068, 1.7959, 0.05651, 0.6889, 1.0242, 0.99705, 0.29681, 0.4207, -0.25461, -0.23065, 0.60857, -0.0028482, 0.48824, 0.24201, 0.0019814, 3.2443, 1.0506, 0.042384, 1.148, 1.0964, 1.7092, 0.71163, 0.84925, 3.3341, 2.4644, 0.81764, 0.01379, 5.5323, 1.4957, 0.032754, 6.8916, 2.5412, 0.070637, 0.019474, 0.0004812, 0.046869, 0.015901, 0.01697, 1.1901, 0.67114, 0.0040389, 2.5581e-05, 2.3509, 0.14524, 8.7499e-05, 1.2293, 0.20531, 7.3761e-05, 0.17072, 0.97538, 0.64441, 0.22264, 0.34544, -1.1779, -1.376, 0.42895, -0.0070058, -1.5047, -0.1179, 0.00035662, 1.6739, 0.50011, 0.033968, 1.6662, 1.1452, 2.0619, 0.7858, 0.9245, 4.2574, 3.6097, 0.99725, 0.017948, 7.5252, 1.8556, 0.034378, 8.462, 3.0917, 0.079053, 0.20665, 0.0026655, 0.18566, 0.029305, 0.030984, 2.7298, 2.2969, 0.029843, 5.7538e-05, 7.5344, 0.3599, 0.00010695, 4.2578, 0.62061, 0.00018782
101, 4.7, 0.26135, 0.06701, 0.42785, 2.6667, 0.48527, 1.3974, 1.0483, 1.6911, 0.35465, 0.12328, 0.01801, 0.78515, 0.68615, 0.00782, 4.7938, 0.07053, 0.01432, 1.646, 2.1993, 0.07582, 1.2503, 1.0091, 1.4494, 0.48821, 0.53159, 1.8067, 1.1619, 0.73245, 0.0059228, 3.9532, 0.85944, 0.014434, 2.9905, 1.6722, 0.055356, 1.025, 0.96103, 1.035, 0.28242, 0.31068, 0.41897, -0.18586, 0.61292, -0.0026058, 1.7943, 0.23278, -0.0010402, 1.0062, 0.92641, 0.039359, 1.4756, 1.0572, 1.8638, 0.694, 0.75249, 3.1945, 2.5096, 0.85197, 0.014451, 6.1121, 1.4861, 0.029908, 4.9749, 2.4181, 0.071353, 0.018761, 0.00085458, 0.063477, 0.015653, 0.018037, 0.71182, 0.67135, 0.0052802, 2.6884e-05, 1.7228, 0.14515, 8.8504e-05, 1.4554, 0.2056, 9.4586e-05, 0.50391, 0.91844, 0.70964, 0.20783, 0.23711, -0.66139, -1.3311, 0.44245, -0.0066946, -0.36942, -0.12721, -0.0026566, -0.4925, 0.37614, 0.031597, 1.9968, 1.0998, 2.1892, 0.76859, 0.82606, 4.2748, 3.6548, 1.0224, 0.01854, 8.2758, 1.8461, 0.031525, 6.4736, 2.9683, 0.079115, 0.20593, 0.0030389, 0.20227, 0.029057, 0.032051, 2.2515, 2.2971, 0.031084, 5.8842e-05, 6.9062, 0.3598, 0.00010796, 4.484, 0.6209, 0.00020865
102, 4.56, 0.32421, 0.04323, 0.3, 2.0833, 0.78689, 0.88302, 0.99911, 0.71558, 0.44657, 0.70225, 1.5564, 0.57684, 0.6773, 0.00397, 3.429, 1.5652, 0.00234, 6.369, 0.77082, 0.05335, 1.1201, 1.009, 1.1284, 0.50495, 0.66973, 1.8229, 1.2458, 0.71396, 0.012974, 3.6878, 1.2625, 0.0095001, 4.9378, 1.1775, 0.048857, 0.86889, 0.973, 0.79399, 0.3813, 0.55248, 0.73552, 0.11493, 0.59875, 0.006716, 1.9813, 0.87426, 0.0035887, 3.4622, 0.63868, 0.037686, 1.3713, 1.0449, 1.4629, 0.62859, 0.78697, 2.9103, 2.3766, 0.82916, 0.019233, 5.3943, 1.6507, 0.015411, 6.4135, 1.7164, 0.060028, 0.02332, 0.00047804, 0.041345, 0.0056505, 0.0050809, 0.43705, 0.47267, 0.0049053, 1.4477e-05, 1.0763, 0.055711, 1.2916e-05, 0.80484, 0.10732, 4.6124e-05, 0.36543, 0.92409, 0.43032, 0.27789, 0.44244, -0.48969, -1.1369, 0.42571, 0.0017659, -0.42755, 0.40723, 0.00014158, 1.7174, -0.011564, 0.028039, 1.8747, 1.0938, 1.8266, 0.732, 0.89702, 4.1355, 3.6285, 1.0022, 0.024183, 7.8032, 2.1178, 0.018859, 8.1583, 2.3666, 0.069675, 0.21049, 0.0026623, 0.18014, 0.019055, 0.019094, 1.9768, 2.0984, 0.030709, 4.6434e-05, 6.2598, 0.27037, 3.2371e-05, 3.8334, 0.52262, 0.00016018
103, 3, 0.21736, 0.06894, 0.10552, 1.5151, 0.47661, 0.74171, 0.94301, 1.3895, 0.55727, 0.71059, 0.38427, 0.76941, 0.96923, 0.00379, 0.66814, 1.0175, 0.00081, 5.0321, 0.81487, 0.04569, 0.77976, 1.0146, 1.1592, 0.49447, 0.44955, 1.7994, 1.245, 0.76051, 0.0025896, 5.9775, 1.1029, 0.0040273, 5.7503, 0.83114, 0.051893, 0.63508, 0.98769, 0.92713, 0.41217, 0.36831, 1.0763, 0.4086, 0.6762, -0.0017059, 4.8371, 0.7687, 0.00023419, 4.7144, 0.41253, 0.04489, 0.92445, 1.0416, 1.3914, 0.57677, 0.53079, 2.5225, 2.0814, 0.84482, 0.006885, 7.1179, 1.437, 0.0078204, 6.7862, 1.2497, 0.058895, 0.0077376, 0.00026818, 0.019914, 0.0025036, 0.0024395, 0.19326, 0.25858, 0.002627, 6.8197e-06, 0.4807, 0.041271, 5.3178e-06, 0.39661, 0.064768, 1.8122e-05, 0.053587, 0.93317, 0.50397, 0.28701, 0.23857, -0.36589, -1.0129, 0.48316, -0.0076532, 2.0628, 0.27074, -0.0041596, 2.7061, -0.30852, 0.032982, 1.5059, 1.0961, 1.8145, 0.70193, 0.66054, 3.9647, 3.5029, 1.0379, 0.012832, 9.8922, 1.935, 0.012214, 8.7945, 1.9708, 0.070804, 0.19491, 0.0024525, 0.15871, 0.015908, 0.016453, 1.733, 1.8843, 0.028431, 3.8777e-05, 5.6642, 0.25593, 2.4773e-05, 3.4252, 0.48006, 0.00013218
104, 1.5, 0.08881, 0.13334, 0.14145, 0.93633, 0.2675, 0.30551, 1.0602, 1.9406, 0.41516, 0.16556, 2.2003, 0.82535, 0.8099, 0.00011, 8.6459, 1.8966, 0.0011, 1.381, 0.93641, 0.05191, 0.7025, 1.0121, 1.1991, 0.50233, 0.36264, 0.91106, 1.1114, 0.74377, 0.0047746, 5.7226, 0.84421, 0.0045086, 4.5162, 0.65749, 0.044078, 0.36752, 0.95614, 0.78353, 0.32786, 0.14984, -0.62003, -0.23639, 0.61443, -0.0037689, 3.5914, 0.21902, -0.012641, 2.469, -0.08272, 0.027656, 1.0375, 1.068, 1.6147, 0.6768, 0.57543, 2.4421, 2.4592, 0.8731, 0.013318, 7.8537, 1.4694, 0.021659, 6.5634, 1.3977, 0.060499, 0.041476, 0.0011567, 0.063839, 0.011251, 0.016736, 0.86645, 0.67143, 0.0061827, 2.6978e-05, 1.6788, 0.14447, 0.00010871, 1.5491, 0.20252, 9.9668e-05, -0.084018, 0.91701, 0.4587, 0.24406, 0.074201, -1.6404, -1.3816, 0.44959, -0.0078529, 1.4137, -0.1415, -0.014113, 0.99694, -0.63538, 0.020031, 1.489, 1.1072, 1.9395, 0.76061, 0.65107, 3.4625, 3.6044, 1.0379, 0.017402, 10.031, 1.8299, 0.02313, 8.0354, 1.9504, 0.068125, 0.22865, 0.003341, 0.20263, 0.024655, 0.03075, 2.4062, 2.2972, 0.031987, 5.8936e-05, 6.8622, 0.35912, 0.00012817, 4.5777, 0.61781, 0.00021373
105, 3.9167, 0.14201, 0.10898, 0.20001, 1.3229, 0.28418, 0.91609, 1.075, 1.2074, 0.2563, 0.04975, 1.2689, 1.0536, 0.56052, 0.00071, 9.9705, 1.8945, 0.00856, 1.5215, 1.7961, 0.07913, 1.1514, 1.0099, 1.2103, 0.51483, 0.3584, 1.1109, 1.1702, 0.65014, 0.0043457, 4.5675, 0.73347, 0.0081, 3.8802, 1.0952, 0.054183, 0.93856, 0.96896, 0.80102, 0.34775, 0.18029, 0.062736, -0.17596, 0.54019, -0.0040559, 2.7428, 0.11944, -0.0066095, 2.1572, 0.38392, 0.040351, 1.3643, 1.0508, 1.6196, 0.68191, 0.53651, 2.159, 2.5164, 0.7601, 0.012747, 6.3922, 1.3475, 0.022809, 5.6031, 1.8064, 0.068015, 0.016748, 0.00061879, 0.061916, 0.010318, 0.011725, 0.40606, 0.66982, 0.0044683, 2.6089e-05, 1.2306, 0.13935, 7.9972e-05, 1.0972, 0.18698, 7.0715e-05, 0.40865, 0.9228, 0.4734, 0.26149, 0.094514, -1.1835, -1.3219, 0.36396, -0.0081862, 0.40174, -0.2452, -0.0083014, 0.53913, -0.18134, 0.031824, 1.8942, 1.097, 1.9472, 0.76817, 0.62229, 3.4053, 3.6624, 0.93633, 0.016878, 8.7333, 1.7121, 0.024501, 7.2212, 2.3717, 0.076542, 0.20392, 0.0028031, 0.20071, 0.023722, 0.025738, 1.9458, 2.2956, 0.030272, 5.8047e-05, 6.4141, 0.35401, 9.9428e-05, 4.1257, 0.60228, 0.00018478
106, 4.56, 0.08105, 0.04323, 0.3, 2.0833, 0.43786, 0.51249, 1.0954, 1.2942, 0.51115, 0.63118, 2.4692, 0.86357, 0.75153, 0.00029, 3.0187, 1.2588, 0.01808, 5.6359, 2.9373, 0.05629, 0.95016, 1.0409, 1.2043, 0.70027, 0.71421, 1.4184, 1.1337, 0.73595, 0.0036021, 3.392, 0.68023, 0.032581, 5.8311, 2.1507, 0.068789, 0.74682, 1.0082, 0.87197, 0.57373, 0.59698, 0.31884, 0.0026651, 0.62805, -0.0026624, 1.6912, 0.253, 0.026214, 4.3995, 1.6248, 0.057879, 1.1535, 1.0736, 1.5366, 0.82681, 0.83144, 2.518, 2.2648, 0.84384, 0.0098667, 5.0928, 1.1075, 0.038948, 7.2627, 2.6765, 0.079699, 0.015282, 0.00039576, 0.040819, 0.0059183, 0.0050792, 0.44689, 0.47286, 0.0043026, 1.4505e-05, 1.0692, 0.067463, 1.4984e-05, 0.75753, 0.10221, 4.3995e-05, 0.21006, 0.95736, 0.5072, 0.47163, 0.48693, -0.89994, -1.2491, 0.45054, -0.0076098, -0.72102, -0.19344, 0.022928, 2.6305, 0.96741, 0.04811, 1.6903, 1.1245, 1.9014, 0.92892, 0.94149, 3.7368, 3.5166, 1.0213, 0.014814, 7.505, 1.5539, 0.042234, 9.0316, 3.3339, 0.089468, 0.20245, 0.0025801, 0.17961, 0.019323, 0.019093, 1.9866, 2.0986, 0.030107, 4.6463e-05, 6.2527, 0.28212, 3.4439e-05, 3.7861, 0.5175, 0.00015806
107, 3.6004, 0, 0, 0.11998, 1.25, 0.59586, 0.21088, 1.07, 1.04, 0.56964, 0.74961, 0.08816, 0.39666, 0.98202, 0.00025, 1.2741, 0.24701, 0.00499, 5.9445, 1.3836, 0.06743, 0.8629, 1.0335, 0.95075, 0.57521, 0.43551, 1.2867, 1.3171, 0.68618, 0.0065603, 3.2873, 0.7375, 0.015697, 5.1831, 1.5458, 0.05636, 0.55873, 0.97336, 0.53432, 0.36659, 0.20541, -0.76178, -0.030725, 0.55534, -0.0019844, 1.2915, 0.11044, -0.0016177, 3.0752, 0.7923, 0.039452, 1.1671, 1.0937, 1.3672, 0.78383, 0.66561, 3.3352, 2.665, 0.81701, 0.015105, 5.283, 1.3646, 0.033011, 7.2911, 2.2992, 0.073267, 0.034196, 0.0013371, 0.064094, 0.016086, 0.01957, 1.551, 0.67147, 0.0063271, 2.6986e-05, 1.4721, 0.14533, 0.0001108, 1.6424, 0.20984, 0.00010566, 0.089006, 0.9359, 0.20986, 0.29274, 0.13408, -1.605, -1.1759, 0.39133, -0.0060681, -0.95621, -0.2494, -0.0030763, 1.6282, 0.24527, 0.031978, 1.6368, 1.1311, 1.6916, 0.85767, 0.73694, 4.1784, 3.8101, 0.98102, 0.019189, 7.5307, 1.7244, 0.034469, 8.738, 2.8463, 0.080741, 0.22137, 0.0035214, 0.20289, 0.029491, 0.033583, 3.0907, 2.2972, 0.032131, 5.8944e-05, 6.6556, 0.35999, 0.00013026, 4.6709, 0.62513, 0.00021972
108, 4.7, 0.41303, 0.17869, 0.4617, 1.3333, 0.31366, 1.5232, 1.0995, 1.5454, 0.51078, 0.57717, 1.1224, 0.74663, 0.87513, 0.00392, 8.8641, 0.85558, 0.00397, 2.8428, 0.97708, 0.07179, 1.3483, 1.0009, 1.3556, 0.56471, 0.60353, 2.2532, 1.1013, 0.80377, 0.0030225, 7.6928, 0.84176, 0.0028101, 2.7606, 0.98622, 0.0572, 1.1035, 0.9556, 0.98578, 0.39927, 0.42841, 0.98686, -0.1071, 0.69121, -0.0041492, 5.9944, 0.30457, -0.0056521, 1.0435, 0.32267, 0.043317, 1.5932, 1.0462, 1.7253, 0.73016, 0.77865, 3.5195, 2.3097, 0.91633, 0.010194, 9.3912, 1.3789, 0.011272, 4.4776, 1.6498, 0.071084, 0.022157, 0.00075783, 0.050539, 0.010117, 0.011335, 0.59271, 0.53971, 0.004683, 1.901e-05, 1.0662, 0.10666, 2.6467e-05, 1.0897, 0.16274, 7.1243e-05, 0.59577, 0.91167, 0.63985, 0.31245, 0.34165, -0.14875, -1.3192, 0.51657, -0.0087204, 3.5808, -0.090625, -0.0083365, -0.5774, -0.26434, 0.03481, 2.1009, 1.0901, 2.0713, 0.81698, 0.86541, 4.6551, 3.5218, 1.091, 0.014765, 11.805, 1.7741, 0.013957, 6.0986, 2.2368, 0.079591, 0.20933, 0.0029421, 0.18933, 0.023521, 0.025348, 2.1324, 2.1655, 0.030487, 5.0968e-05, 6.2497, 0.32132, 4.5923e-05, 4.1183, 0.57804, 0.0001853
109, 2.25, 0.30385, 0.0606, 0.15791, 2.0159, 0.83622, 0.54272, 0.90669, 1.9097, 0.26153, 0.24624, 4.0173, 7.6441, 0.68062, 0.01032, 1.7016, 0.22126, 0.00152, 2.5061, 1.0259, 0.02441, 0.93096, 0.96594, 1.1684, 0.44908, 0.35508, 4.5538, 2.2638, 0.76247, 0.004697, 4.9058, 0.47409, 0.003539, 4.8329, 0.81539, 0.042681, 0.71175, 0.93115, 0.84842, 0.3254, 0.23085, 3.3359, 1.1362, 0.65321, -0.0014893, 3.1415, 0.023772, -0.0025548, 3.3987, 0.25983, 0.032064, 1.1502, 1.0007, 1.4884, 0.57276, 0.47931, 5.7717, 3.3914, 0.87174, 0.010883, 6.6702, 0.92442, 0.0096327, 6.2671, 1.371, 0.053297, 0.017761, 0.00044713, 0.037841, 0.0056538, 0.0057043, 0.54827, 0.46995, 0.0044125, 1.4145e-05, 1.1506, 0.074953, 1.3725e-05, 0.76024, 0.11408, 4.1662e-05, 0.18634, 0.88156, 0.4771, 0.22201, 0.12411, 2.177, -0.11736, 0.47655, -0.0064714, 0.76613, -0.41109, -0.0059358, 1.6312, -0.38138, 0.022155, 1.6756, 1.0503, 1.8597, 0.67615, 0.58605, 6.9306, 4.645, 1.0484, 0.015865, 9.0455, 1.3593, 0.013014, 8.0346, 2.0122, 0.063206, 0.20493, 0.0026314, 0.17663, 0.019058, 0.019718, 2.088, 2.0957, 0.030217, 4.6103e-05, 6.3341, 0.28961, 3.318e-05, 3.7888, 0.52938, 0.00015572
110, 3.75, 0.72522, 0.11557, 0.35142, 0.99099, 0.57282, 1.1724, 0.92333, 1.9126, 0.24361, 0.58794, 1.2371, 0.43781, 0.46108, 0.0002, 7.1984, 1.7411, 0.00223, 6.7136, 0.38182, 0.06873, 1.6829, 0.9589, 1.7722, 0.24088, 0.44325, 1.3821, 1.1759, 0.78984, 0.0053455, 7.1616, 0.64587, -0.00016557, 3.684, 0.3172, 0.054482, 1.3832, 0.89869, 1.3556, 0.041035, 0.21289, -0.74922, -0.17195, 0.66088, -0.0031979, 4.8046, 0.018808, -0.01758, 1.5741, -0.42546, 0.037936, 1.9827, 1.0191, 2.1887, 0.44073, 0.67361, 3.5135, 2.5237, 0.91881, 0.013889, 9.5187, 1.2729, 0.017249, 5.794, 1.0599, 0.071028, 0.033213, 0.0013401, 0.064133, 0.014762, 0.019614, 1.679, 0.67147, 0.0061474, 2.6978e-05, 2.0534, 0.14533, 0.00011209, 1.6455, 0.20386, 0.00010119, 0.91075, 0.86126, 1.0312, -0.035169, 0.14162, -1.5689, -1.3171, 0.49583, -0.007282, 2.7367, -0.34103, -0.019031, 0.12795, -0.97707, 0.03035, 2.4551, 1.0566, 2.5131, 0.51694, 0.74488, 4.3331, 3.6689, 1.0839, 0.017973, 11.587, 1.6328, 0.0187, 7.2401, 1.6115, 0.078614, 0.22038, 0.0035244, 0.20292, 0.028166, 0.033628, 3.2187, 2.2972, 0.031952, 5.8935e-05, 7.2369, 0.35999, 0.00013154, 4.674, 0.61915, 0.00021525
111, 2, 0.09264, 0.04073, 0.34991, 2, 0.79893, 0.56615, 1.098, 1.1462, 0.2966, 0.42366, 0.74537, 2.0915, 0.90745, 0.01102, 3.9385, 1.9587, 0.02522, 1.3313, 1.0788, 0.06602, 0.87487, 1.0492, 1.1814, 0.44255, 0.47083, 2.9949, 1.2568, 0.66581, 0.0053228, 3.4453, 0.90637, 0.012486, 3.4792, 1.8408, 0.074998, 0.63045, 1.0108, 0.81796, 0.26449, 0.34205, 1.3854, -0.064162, 0.56161, -0.0030983, 1.5146, 0.28454, -0.0040444, 1.9817, 1.1711, 0.063904, 1.1193, 1.0876, 1.5449, 0.62061, 0.5996, 4.6044, 2.5778, 0.77001, 0.013744, 5.3759, 1.5282, 0.029016, 4.9767, 2.5105, 0.086091, 0.022082, 0.00054544, 0.048829, 0.011719, 0.0061293, 0.95752, 0.64499, 0.0040131, 2.6211e-05, 1.3777, 0.14292, 0.00010099, 0.82887, 0.16575, 4.5484e-05, 0.12245, 0.96326, 0.46896, 0.18184, 0.23738, 0.39559, -1.2218, 0.38178, -0.0072223, -0.768, -0.07721, -0.0055665, 0.24865, 0.58698, 0.054221, 1.6273, 1.1351, 1.8939, 0.70327, 0.70427, 5.5942, 3.7355, 0.94984, 0.017868, 7.6585, 1.89, 0.030538, 6.7098, 3.0946, 0.095774, 0.20925, 0.0027297, 0.18762, 0.025123, 0.020143, 2.4972, 2.2707, 0.029817, 5.8168e-05, 6.5612, 0.35758, 0.00012045, 3.8574, 0.58105, 0.00015954
112, 4, 0.16546, 0.09921, 0.38996, 1.5333, 0.36631, 1.047, 0.94381, 1.831, 0.35225, 0.02547, 1.6428, 0.42134, 0.36263, 0.00817, 1.195, 0.26831, 0.00114, 1.0004, 1.732, 0.04851, 1.3548, 0.98358, 1.2971, 0.55153, 0.25995, 1.1902, 1.2597, 0.68641, 0.0051202, 3.5734, 0.9479, 0.010503, 2.9847, 1.4799, 0.049909, 1.1548, 0.94205, 0.88363, 0.39221, 0.08835, 0.032139, -0.087871, 0.56413, -0.0033823, 1.5066, 0.33592, -0.0021469, 1.1599, 0.78713, 0.035604, 1.5547, 1.0251, 1.7106, 0.71084, 0.43156, 2.3482, 2.6072, 0.80869, 0.013623, 5.6401, 1.5599, 0.023153, 4.8096, 2.1726, 0.064214, 0.014772, 0.00063752, 0.063193, 0.0093815, 0.010884, 0.49568, 0.67115, 0.0055266, 2.672e-05, 1.5788, 0.13843, 5.9144e-05, 1.2308, 0.17737, 7.5633e-05, 0.61559, 0.89621, 0.55787, 0.30324, 0.00041183, -1.1565, -1.2332, 0.39527, -0.0074796, -0.70395, -0.029482, -0.0040798, -0.40996, 0.21357, 0.027255, 2.0939, 1.071, 2.0364, 0.79982, 0.5195, 3.5369, 3.7525, 0.97756, 0.01772, 7.8507, 1.9253, 0.025086, 6.3795, 2.7461, 0.072564, 0.20194, 0.0028218, 0.20198, 0.022786, 0.024898, 2.0354, 2.2969, 0.031331, 5.8678e-05, 6.7623, 0.35308, 7.86e-05, 4.2594, 0.59266, 0.00018969
113, 1.9912, 0.26268, 0.05645, 0.15009, 1.0526, 0.66684, 0.29321, 0.99178, 1.5849, 0.62031, 0.81081, 1.4757, 0.091, 0.94676, 0.00034, 9.007, 0.68064, 6e-05, 6.4418, 2.8807, 0.04967, 0.97119, 0.97325, 1.2613, 0.42737, 0.33153, 1.3165, 1.2911, 0.70165, 0.0070354, 5.6207, 0.69633, 0.0040695, 4.8997, 1.2969, 0.046974, 0.74689, 0.92309, 0.86972, 0.24549, 0.13786, -0.026138, -0.053221, 0.58609, -0.0014118, 3.8273, 0.072299, -0.010794, 3.0593, 0.63396, 0.033374, 1.1955, 1.0234, 1.653, 0.60925, 0.52521, 2.6592, 2.6355, 0.81721, 0.015483, 7.414, 1.3204, 0.018933, 6.7402, 1.9598, 0.060575, 0.018595, 0.00093023, 0.05669, 0.012227, 0.013865, 0.66632, 0.66801, 0.0049358, 2.6374e-05, 1.1887, 0.14393, 8.1659e-05, 1.252, 0.16242, 6.8369e-05, 0.22506, 0.88146, 0.5341, 0.16403, 0.056896, -1.1265, -1.2, 0.41326, -0.0055271, 1.4685, -0.28865, -0.01247, 1.4966, 0.046643, 0.024758, 1.7173, 1.065, 1.9886, 0.69071, 0.60617, 3.7596, 3.7823, 0.99004, 0.019598, 9.7728, 1.6813, 0.02061, 8.3028, 2.5471, 0.069191, 0.20577, 0.0031145, 0.19548, 0.025631, 0.027878, 2.206, 2.2938, 0.03074, 5.8331e-05, 6.3722, 0.35859, 0.00010111, 4.2806, 0.57771, 0.00018243
114, 2.9733, 0.30271, 0.12022, 0.10006, 1.1111, 0.41343, 1.7393, 0.97657, 1.4911, 0.40595, 0.57538, 1.2935, 0.75638, 0.81055, 0.0006, 5.4275, 0.57931, 0.00029, 5.6108, 0.41887, 0.03237, 0.75915, 0.99591, 1.129, 0.35317, 0.41581, 1.4458, 1.1208, 0.78774, 0.0034769, 6.1719, 0.60721, 0.010111, 3.8583, 0.56087, 0.043581, 0.58339, 0.95473, 0.7413, 0.20517, 0.25713, 0.14613, -0.21959, 0.68105, -0.0047483, 4.3835, 0.040803, -0.0019165, 2.1896, -0.10154, 0.030912, 0.93491, 1.0371, 1.5166, 0.50116, 0.57449, 2.7454, 2.4613, 0.89443, 0.011702, 7.9604, 1.1736, 0.022139, 5.5271, 1.2233, 0.056251, 0.011418, 0.00062662, 0.055548, 0.0080952, 0.0093065, 0.62431, 0.6641, 0.0042072, 2.5006e-05, 1.1823, 0.11858, 5.3471e-05, 1.0292, 0.16218, 5.933e-05, 0.026146, 0.9087, 0.40385, 0.11199, 0.16463, -0.9739, -1.3682, 0.50279, -0.0089374, 2.0219, -0.34231, -0.0039353, 0.54496, -0.68909, 0.021922, 1.4921, 1.0831, 1.8541, 0.59435, 0.667, 3.8654, 3.6099, 1.0727, 0.015891, 10.322, 1.5567, 0.024158, 7.1717, 1.8108, 0.065241, 0.19859, 0.0028109, 0.19434, 0.021499, 0.02332, 2.164, 2.2898, 0.030011, 5.6963e-05, 6.3657, 0.33323, 7.2927e-05, 4.0578, 0.57748, 0.00017339
115, 4, 0.22752, 0.02783, 0.5276, 1.75, 0.66824, 1.4755, 1.0446, 1.0799, 0.35622, 0.10681, 1.5015, 0.23729, 0.29876, 0.01249, 1.4912, 0.39396, 0.01268, 1.6221, 2.9859, 0.0571, 1.499, 0.9768, 1.2529, 0.53492, 0.34125, 1.3645, 1.3371, 0.56707, 0.0074548, 3.8635, 0.79058, 0.0088475, 2.9721, 1.9325, 0.061516, 1.2536, 0.92813, 0.85081, 0.33768, 0.14127, -0.28729, -0.0096585, 0.43934, -0.00098756, 1.7178, 0.16726, -0.0074515, 1.0377, 1.1884, 0.045834, 1.7444, 1.0255, 1.655, 0.73217, 0.54124, 3.0163, 2.6838, 0.6948, 0.015897, 6.0092, 1.4139, 0.025146, 4.9065, 2.6765, 0.077198, 0.022255, 0.00087554, 0.059755, 0.01438, 0.014782, 1.0084, 0.67037, 0.0060303, 2.6343e-05, 1.7016, 0.14361, 9.819e-05, 1.3831, 0.20462, 9.09e-05, 0.74624, 0.88581, 0.51996, 0.26075, 0.062135, -1.2612, -1.1554, 0.27359, -0.0051045, -0.45252, -0.19395, -0.0089933, -0.48274, 0.63739, 0.037967, 2.2517, 1.0678, 1.9858, 0.8091, 0.62037, 3.9901, 3.8295, 0.86055, 0.020014, 8.1795, 1.7751, 0.026688, 6.4269, 3.2275, 0.085064, 0.20943, 0.0030599, 0.19855, 0.027784, 0.028796, 2.5481, 2.2961, 0.031834, 5.8301e-05, 6.8851, 0.35826, 0.00011765, 4.4116, 0.61991, 0.00020496
116, 4.56, 0.32421, 0.04323, 0.2, 2.0833, 0.76092, 1.1431, 1.0049, 0.93255, 0.7148, 0.84837, 1.0764, 0.81761, 0.93878, 0.0023, 3.8334, 0.84776, 0.00824, 6.0415, 0.92583, 0.03857, 0.99292, 1.0062, 1.1173, 0.43858, 0.69615, 1.1877, 1.1415, 0.78447, 0.0055498, 3.4845, 1.3744, 0.0092307, 5.9225, 0.8772, 0.049701, 0.74614, 0.97186, 0.78776, 0.32371, 0.57887, 0.087334, 0.012243, 0.67527, -0.00064157, 1.846, 0.98632, 0.0033272, 4.4599, 0.35045, 0.03902, 1.2397, 1.0405, 1.4469, 0.55344, 0.81344, 2.2881, 2.2708, 0.89366, 0.011741, 5.123, 1.7625, 0.015134, 7.3851, 1.404, 0.060382, 0.02251, 0.00043561, 0.040145, 0.0048766, 0.0050844, 0.44752, 0.47136, 0.0044071, 1.4168e-05, 0.99229, 0.055663, 1.2882e-05, 0.79065, 0.10256, 4.2165e-05, 0.23973, 0.922, 0.42154, 0.21618, 0.46884, -1.131, -1.2404, 0.49857, -0.0056214, -0.60318, 0.5192, -0.00012285, 2.708, -0.30647, 0.029142, 1.7461, 1.0904, 1.8131, 0.66097, 0.92347, 3.5064, 3.5235, 1.0704, 0.016721, 7.5721, 2.2296, 0.018584, 9.137, 2.0609, 0.07026, 0.20968, 0.0026199, 0.17894, 0.018281, 0.019098, 1.9872, 2.0971, 0.030211, 4.6126e-05, 6.1758, 0.27032, 3.2337e-05, 3.8192, 0.51785, 0.00015623
117, 4.6981, 0.13859, 0.04387, 0.1029, 0.84667, 0.28552, 0.44942, 1.0231, 1.7742, 0.33488, 0.44508, 0.54672, 3.0064, 0.97361, 0, 1.3673, 0.387, 0.0008, 7.7034, 4.9749, 0.05752, 0.93963, 1.0249, 1.064, 0.42368, 0.39714, 1.0415, 1.1432, 0.76829, 0.010432, 3.7723, 0.53918, 0.017206, 6.1039, 0.85334, 0.059219, 0.72985, 0.98568, 0.71321, 0.2841, 0.26122, -0.059743, -0.057885, 0.65904, 0.0031498, 2.2442, 0.049208, 0.0074645, 4.529, 0.28316, 0.047453, 1.1494, 1.0642, 1.4149, 0.56325, 0.53307, 2.1428, 2.3443, 0.87755, 0.017714, 5.3004, 1.0291, 0.026948, 7.6788, 1.4235, 0.070985, 0.016267, 0.00056963, 0.045493, 0.0072005, 0.0068286, 0.44827, 0.53319, 0.0044122, 1.9599e-05, 0.86309, 0.088733, 3.5078e-05, 0.91676, 0.12017, 5.1172e-05, 0.19774, 0.93862, 0.35793, 0.18757, 0.15968, -1.2776, -1.2736, 0.48237, -0.0013788, -0.27236, -0.36682, 0.0050597, 2.8368, -0.35028, 0.038076, 1.6815, 1.1113, 1.7702, 0.65979, 0.63461, 3.3607, 3.56, 1.0542, 0.022242, 7.817, 1.4452, 0.029353, 9.3711, 2.057, 0.080362, 0.20344, 0.0027539, 0.18429, 0.020605, 0.020842, 1.988, 2.1589, 0.030216, 5.1557e-05, 6.0466, 0.30339, 5.4533e-05, 3.9453, 0.53546, 0.00016523
118, 3.0022, 0.21681, 0.10674, 0.2059, 1.3386, 0.41882, 0.51079, 1.051, 1.1433, 0.6005, 0.60417, 1.4706, 0.27334, 0.83835, 0.00137, 6.5248, 0.01345, 0.00616, 6.678, 0.69303, 0.05306, 0.87769, 0.9987, 1.215, 0.56828, 0.455, 1.43, 1.1846, 0.71491, 0.007889, 3.5957, 0.8458, 0.0025364, 5.7712, 0.69319, 0.042492, 0.71639, 0.968, 0.8228, 0.4237, 0.32779, 0.4812, -0.15853, 0.59711, -0.00040849, 2.0469, 0.24433, -0.0083374, 4.4204, 0.018798, 0.029947, 1.039, 1.0294, 1.6073, 0.71286, 0.58221, 2.3789, 2.5277, 0.83271, 0.016187, 5.1446, 1.4473, 0.01341, 7.122, 1.3676, 0.055036, 0.0096163, 0.00034835, 0.056866, 0.0077262, 0.0059813, 0.33276, 0.66676, 0.005129, 2.5447e-05, 0.88669, 0.13371, 4.3703e-05, 0.67444, 0.1681, 5.8163e-05, 0.14802, 0.91592, 0.48747, 0.32918, 0.22241, -0.82074, -1.3059, 0.42561, -0.0045734, -0.4568, -0.12504, -0.010536, 2.6059, -0.56316, 0.020906, 1.6074, 1.0815, 1.9426, 0.80738, 0.68759, 3.6808, 3.675, 1.0042, 0.020351, 7.6483, 1.8166, 0.015608, 8.9364, 1.9495, 0.064078, 0.19679, 0.0025327, 0.19566, 0.02113, 0.019995, 1.8725, 2.2925, 0.030933, 5.7405e-05, 6.0702, 0.34837, 6.3159e-05, 3.703, 0.5834, 0.00017222
119, 2.25, 0.34455, 0.13744, 0.0892, 1.0079, 0.51293, 1.7962, 0.94851, 0.92745, 0.34529, 0.28427, 2.3246, 0.9779, 0.56956, 0.00541, 8.9966, 0.19464, 0.00182, 3.9881, 0.23038, 0.03244, 0.92406, 0.96921, 1.2534, 0.36504, 0.31746, 1.7769, 1.235, 0.79191, 0.0036827, 6.9669, 0.65878, 0.0043451, 3.9793, 0.37036, 0.041214, 0.67612, 0.92384, 0.84844, 0.19261, 0.13184, 0.60835, -0.11004, 0.6834, -0.0047567, 5.0543, 0.047928, -0.0090598, 2.2141, -0.33302, 0.027742, 1.172, 1.0146, 1.6584, 0.53748, 0.50309, 2.9454, 2.5801, 0.90042, 0.012122, 8.8796, 1.2696, 0.01775, 5.7445, 1.0737, 0.054686, 0.022723, 0.00076067, 0.060621, 0.01099, 0.012735, 0.50471, 0.6687, 0.0043522, 2.6325e-05, 1.3521, 0.13792, 6.6416e-05, 1.1517, 0.18287, 6.7083e-05, 0.17049, 0.87994, 0.5189, 0.10814, 0.048448, -0.57496, -1.2565, 0.50627, -0.0088746, 2.7619, -0.3179, -0.010897, 0.61628, -0.90178, 0.019076, 1.6776, 1.0585, 1.9879, 0.62195, 0.58648, 4.1288, 3.7266, 1.0775, 0.01624, 11.172, 1.6355, 0.019587, 7.3423, 1.6425, 0.063352, 0.20989, 0.002945, 0.19941, 0.024394, 0.026749, 2.0444, 2.2944, 0.030156, 5.8283e-05, 6.5356, 0.35257, 8.5871e-05, 4.1803, 0.59816, 0.00018114
120, 3, 0.21736, 0.06894, 0.10552, 1.5151, 0.47661, 1.4733, 1.0656, 0.54998, 0.50302, 0.3207, 1.2563, 0.90325, 0.80235, 0.00028, 9.1492, 1.4945, 0.0051, 2.9339, 0.4588, 0.05764, 0.74952, 0.99958, 1.2797, 0.50461, 0.51743, 1.69, 1.2237, 0.7775, 0.0033386, 5.191, 1.0112, 0.0028547, 6.0251, 0.88667, 0.049994, 0.60483, 0.97264, 1.0476, 0.4223, 0.43618, 0.96689, 0.38731, 0.69319, -0.00095685, 4.0506, 0.677, -0.0009384, 4.9892, 0.46806, 0.042992, 0.89421, 1.0265, 1.5118, 0.58691, 0.59867, 2.4131, 2.0602, 0.8618, 0.0076341, 6.3314, 1.3453, 0.0066478, 7.061, 1.3053, 0.056996, 0.0077376, 0.00026818, 0.019914, 0.0025036, 0.0024395, 0.19326, 0.25858, 0.002627, 6.8197e-06, 0.4807, 0.041271, 5.3178e-06, 0.39661, 0.064768, 1.8122e-05, 0.023345, 0.91812, 0.62443, 0.29715, 0.30644, -0.47534, -1.0342, 0.50015, -0.0069041, 1.2763, 0.17903, -0.0053322, 2.9809, -0.25299, 0.031083, 1.4757, 1.081, 1.935, 0.71206, 0.72841, 3.8553, 3.4816, 1.0548, 0.013581, 9.1057, 1.8433, 0.011042, 9.0693, 2.0263, 0.068905, 0.19491, 0.0024525, 0.15871, 0.015908, 0.016453, 1.733, 1.8843, 0.028431, 3.8777e-05, 5.6642, 0.25593, 2.4773e-05, 3.4252, 0.48006, 0.00013218
121, 4.56, 0.32421, 0.04323, 0.3, 2.0833, 0.78689, 0.68576, 0.9811, 1.1317, 0.4226, 0.65159, 0.87109, 0.97315, 0.67327, 0.02257, 1.7121, 1.8787, 0.00922, 5.0359, 1.1051, 0.04749, 1.1447, 1.0129, 1.0045, 0.51505, 0.6881, 2.0175, 1.1306, 0.71472, 0.0045486, 4.0443, 1.1811, 0.0049327, 5.2921, 1.0912, 0.051227, 0.89347, 0.97694, 0.67002, 0.39141, 0.57085, 0.93005, -0.00028872, 0.59952, -0.0017097, 2.3378, 0.79288, -0.00097869, 3.8165, 0.55231, 0.040056, 1.3958, 1.0489, 1.3389, 0.63869, 0.80534, 3.1049, 2.2614, 0.82992, 0.010807, 5.7508, 1.5694, 0.010844, 6.7678, 1.63, 0.062398, 0.02332, 0.00047804, 0.041345, 0.0056505, 0.0050809, 0.43705, 0.47267, 0.0049053, 1.4477e-05, 1.0763, 0.055711, 1.2916e-05, 0.80484, 0.10732, 4.6124e-05, 0.39001, 0.92803, 0.30636, 0.288, 0.46081, -0.29516, -1.2522, 0.42648, -0.0066598, -0.071057, 0.32585, -0.0044258, 2.0717, -0.09794, 0.030409, 1.8993, 1.0978, 1.7026, 0.7421, 0.91539, 4.3301, 3.5133, 1.003, 0.015757, 8.1597, 2.0364, 0.014291, 8.5126, 2.2803, 0.072045, 0.21049, 0.0026623, 0.18014, 0.019055, 0.019094, 1.9768, 2.0984, 0.030709, 4.6434e-05, 6.2598, 0.27037, 3.2371e-05, 3.8334, 0.52262, 0.00016018
122, 3.0049, 0.1623, 0.05357, 0.04951, 1.3368, 0.45659, 1.2514, 0.95992, 0.77052, 0.41889, 0.37026, 1.436, 0.7106, 0.61358, 0.00273, 6.005, 0.07381, 0.01051, 9.2238, 0.11614, 0.02513, 0.63431, 0.98725, 1.4203, 0.46424, 0.52743, 1.7312, 1.1496, 0.82537, 0.0023231, 5.1557, 0.8151, 0.0021907, 5.1594, 0.5974, 0.040693, 0.46786, 0.95367, 1.0991, 0.3534, 0.41916, 0.85388, 0.028243, 0.71856, -0.0036748, 3.6385, 0.34612, -0.0036231, 3.8232, 0.062165, 0.03104, 0.80075, 1.0208, 1.7415, 0.57509, 0.63571, 2.6086, 2.2709, 0.93218, 0.0083211, 6.6729, 1.2841, 0.0080044, 6.4956, 1.1326, 0.050345, 0.01024, 0.00041667, 0.03813, 0.0045414, 0.004333, 0.2845, 0.46474, 0.0042168, 1.3297e-05, 0.85078, 0.081294, 1.2493e-05, 0.65993, 0.10588, 3.4435e-05, -0.096519, 0.90336, 0.72845, 0.2439, 0.30464, -0.49037, -1.2286, 0.54037, -0.008742, 1.1152, -0.079724, -0.0071065, 2.0004, -0.59007, 0.020649, 1.3651, 1.0711, 2.1122, 0.68459, 0.75023, 3.9528, 3.5278, 1.1104, 0.013388, 9.1962, 1.7099, 0.011488, 8.3184, 1.7849, 0.060737, 0.19741, 0.002601, 0.17692, 0.017946, 0.018347, 1.8242, 2.0905, 0.030021, 4.5254e-05, 6.0343, 0.29595, 3.1948e-05, 3.6885, 0.52118, 0.0001485
123, 4.5625, 0.14721, 0.04663, 0, 1.1778, 0.19263, 1.3507, 1.0793, 0.64349, 0.42826, 0.60469, 0.85331, 0.58128, 0.98999, 0.00128, 8.9719, 1.794, 0.00393, 4.3879, 0.26061, 0.05327, 0.87665, 1.0197, 1.2699, 0.3197, 0.45344, 0.88817, 0.97069, 0.8588, 0.0032569, 6.5849, 0.64084, 0.0038032, 6.0069, 0.7749, 0.054131, 0.64529, 0.97954, 0.95503, 0.17856, 0.29866, -0.33538, -0.28339, 0.75825, -0.0025478, 4.5367, 0.070183, -0.0066953, 4.4521, 0.23333, 0.044589, 1.108, 1.0599, 1.5847, 0.46085, 0.60822, 2.1117, 2.2248, 0.95936, 0.0090617, 8.633, 1.2115, 0.014302, 7.5618, 1.3165, 0.063673, 0.019785, 0.00059691, 0.036635, 0.0073635, 0.0088549, 0.55334, 0.5813, 0.0037372, 1.2454e-05, 1.5506, 0.12036, 4.0737e-05, 0.89354, 0.10841, 3.3652e-05, 0.12837, 0.93298, 0.58093, 0.082662, 0.2047, -1.4915, -1.4729, 0.57609, -0.0077047, 2.3165, -0.31122, -0.0089583, 2.7494, -0.41543, 0.03414, 1.6249, 1.1065, 1.9588, 0.55674, 0.70218, 3.2678, 3.4143, 1.1415, 0.014219, 10.853, 1.5929, 0.016565, 9.2645, 1.9652, 0.074122, 0.20696, 0.0027812, 0.17543, 0.020768, 0.022868, 2.093, 2.207, 0.029541, 4.4412e-05, 6.734, 0.33502, 6.0193e-05, 3.9221, 0.5237, 0.00014771
124, 6.5574, 0.1047, 0.0838, 0.50605, 0.88496, 0.24638, 0.8706, 1.074, 0.64377, 0.86394, 0.58756, 2.2467, 0.40053, 0.66611, 0.00057, 9.965, 0.31629, 0.01586, 3.4083, 2.1609, 0.08053, 1.2953, 1.0131, 1.2425, 0.70283, 0.3985, 1.3671, 1.4189, 0.53144, 0.0050082, 4.5464, 0.9552, 0.0057851, 2.273, 2.3645, 0.070136, 1.0802, 0.97265, 0.83964, 0.5419, 0.23149, 0.039427, 0.075153, 0.40928, -0.0034281, 2.4896, 0.37715, -0.0056544, 0.67305, 1.6543, 0.055728, 1.5103, 1.0536, 1.6455, 0.86377, 0.56551, 2.6948, 2.7627, 0.6536, 0.013444, 6.6033, 1.5332, 0.017225, 3.8729, 3.0746, 0.084545, 0.017092, 0.00060603, 0.06, 0.009573, 0.010309, 0.65153, 0.66743, 0.0055156, 2.6306e-05, 1.5637, 0.1235, 4.8368e-05, 0.94611, 0.18639, 7.6736e-05, 0.55186, 0.92625, 0.50917, 0.4535, 0.14197, -1.0677, -1.0719, 0.24034, -0.007547, 0.27385, -0.0013055, -0.0077611, -1.0063, 1.0886, 0.047416, 2.0387, 1.1, 1.9759, 0.95216, 0.65502, 3.802, 3.9098, 0.82253, 0.017563, 8.819, 1.9117, 0.019331, 5.5523, 3.6403, 0.092857, 0.20426, 0.0027903, 0.19879, 0.022977, 0.024323, 2.1912, 2.2932, 0.03132, 5.8263e-05, 6.7472, 0.33816, 6.7824e-05, 3.9747, 0.60168, 0.0001908
125, 3.0049, 0.29103, 0.12422, 0, 1.3368, 0.34018, 0.13438, 0.93988, 1.0817, 0.31714, 0.3177, 1.1879, 0.76344, 0.69657, 0.00011, 5.1224, 0.31644, 0.00142, 2.3397, 1.0328, 0.02895, 0.76985, 1.0147, 1.2751, 0.33667, 0.54415, 1.4342, 1.0625, 0.85538, 0.0041673, 7.2829, 0.68028, 0.0034355, 4.8567, 0.20884, 0.04431, 0.55565, 0.97308, 0.87134, 0.15402, 0.37362, 0.14258, -0.28313, 0.73179, -0.004312, 5.2553, 0.089988, -0.010319, 3.1559, -0.4799, 0.029291, 0.98404, 1.0562, 1.6788, 0.51933, 0.71469, 2.7259, 2.4082, 0.97897, 0.012647, 9.3105, 1.2706, 0.01719, 6.5574, 0.89758, 0.059329, 0.016957, 0.00063893, 0.060253, 0.012331, 0.010749, 0.61664, 0.6693, 0.0056453, 2.6575e-05, 1.5195, 0.12879, 6.9922e-05, 1.0691, 0.17533, 8.3374e-05, 0.026691, 0.92725, 0.54125, 0.072799, 0.28531, -0.98115, -1.4293, 0.56368, -0.0084169, 3.0244, -0.28367, -0.012115, 1.527, -1.0553, 0.021198, 1.513, 1.102, 2.0089, 0.60054, 0.80299, 3.8496, 3.5544, 1.1471, 0.016751, 11.541, 1.6442, 0.018986, 8.1863, 1.4729, 0.067422, 0.20413, 0.0028232, 0.19904, 0.025736, 0.024763, 2.1563, 2.295, 0.031449, 5.8532e-05, 6.703, 0.34345, 8.9378e-05, 4.0977, 0.59063, 0.00019743
126, 4, 0.22305, 0.06497, 0.07227, 0.82812, 0.30042, 0.96552, 1.0856, 0.55059, 0.33942, 0.42883, 1.3077, 0.47894, 0.60757, 0.00495, 7.9526, 1.6812, 0.01629, 4.1865, 0.43928, 0.07077, 1.1838, 0.98806, 1.3022, 0.3762, 0.5011, 1.2156, 1.2544, 0.81124, 0.006659, 4.6224, 0.82019, 0.0065936, 5.158, 1.0103, 0.057419, 0.97781, 0.94648, 0.92269, 0.1987, 0.30763, 0.15715, -0.070752, 0.70157, -0.0015054, 2.9483, 0.22251, -0.0058488, 3.3757, 0.34437, 0.044923, 1.3897, 1.0296, 1.6816, 0.55369, 0.69457, 2.274, 2.5795, 0.92092, 0.014823, 6.2965, 1.4179, 0.019036, 6.9403, 1.6763, 0.069916, 0.01568, 0.00063874, 0.053221, 0.011645, 0.013835, 0.41408, 0.64901, 0.004446, 2.4637e-05, 1.0359, 0.13203, 5.7221e-05, 1.1741, 0.16392, 5.772e-05, 0.44295, 0.90066, 0.58139, 0.11587, 0.22661, -1.0835, -1.2265, 0.52516, -0.0057152, 0.5204, -0.1483, -0.0078095, 1.786, -0.24152, 0.035861, 1.9246, 1.0755, 2.0229, 0.63652, 0.77559, 3.5147, 3.7352, 1.0973, 0.019033, 8.7245, 1.7887, 0.020997, 8.53, 2.2621, 0.078977, 0.20285, 0.0028231, 0.19201, 0.025049, 0.027848, 1.9538, 2.2748, 0.03025, 5.6595e-05, 6.2193, 0.34669, 7.6676e-05, 4.2027, 0.57921, 0.00017178
127, 3.0049, 0.23387, 0.07719, 0.14319, 1.3368, 0.52201, 0.71713, 1.0658, 1.0619, 0.67808, 0.3956, 1.4225, 0.47705, 0.62206, 0.00364, 3.115, 0.02526, 0.03344, 6.0033, 0.16016, 0.03458, 0.82758, 1.0182, 1.066, 0.54445, 0.45822, 2.0522, 1.085, 0.73943, 0.0075492, 4.4839, 0.79104, 0.02011, 5.727, 0.64513, 0.050495, 0.67886, 0.98604, 0.77292, 0.43141, 0.35085, 1.2275, -0.0042331, 0.63703, 0.0015729, 3.1591, 0.34008, 0.014318, 4.4934, 0.11945, 0.041441, 0.9763, 1.0503, 1.3591, 0.65748, 0.56558, 2.8769, 2.1742, 0.84183, 0.013526, 5.8087, 1.242, 0.025902, 6.9607, 1.1708, 0.059548, 0.0081751, 0.00038206, 0.031751, 0.0047225, 0.0042608, 0.25136, 0.43851, 0.0038758, 1.3201e-05, 0.64872, 0.075168, 1.2399e-05, 0.5625, 0.10214, 3.0296e-05, 0.10059, 0.93486, 0.38674, 0.32299, 0.23586, -0.14913, -1.2783, 0.45605, -0.0035043, 0.51156, -0.09447, 0.010827, 2.61, -0.53806, 0.030732, 1.5546, 1.1015, 1.7453, 0.7659, 0.68057, 4.2535, 3.4482, 1.0228, 0.018603, 8.4562, 1.6766, 0.029394, 8.8441, 1.8283, 0.070257, 0.19535, 0.0025664, 0.17054, 0.018127, 0.018274, 1.7911, 2.0643, 0.02968, 4.5159e-05, 5.8322, 0.28982, 3.1854e-05, 3.5911, 0.51743, 0.00014436
128, 2, 0.35329, 0.12544, 0.20759, 0.78652, 0.498, 0.26529, 1.0591, 1.8561, 0.25017, 0.10517, 2.8836, 2.3685, 0.71813, 0.00015, 3.775, 0.07673, 0.00094, 1.697, 1.6013, 0.03549, 1.1549, 0.98042, 1.3441, 0.38997, 0.31769, 1.5708, 1.2056, 0.74991, 0.0045346, 6.8452, 0.70338, 0.001105, 3.6649, 0.5085, 0.046096, 0.92207, 0.93335, 0.93515, 0.21437, 0.13128, 0.32255, -0.14073, 0.63403, -0.003919, 4.8413, 0.091969, -0.012366, 1.8343, -0.13744, 0.032618, 1.3878, 1.0275, 1.7531, 0.56558, 0.50409, 2.819, 2.5519, 0.86578, 0.012988, 8.8491, 1.3148, 0.014576, 5.4956, 1.1544, 0.059573, 0.020041, 0.00081898, 0.061824, 0.011398, 0.012843, 0.57589, 0.66995, 0.0049627, 2.6414e-05, 1.4842, 0.13817, 6.7069e-05, 1.2387, 0.15422, 6.7133e-05, 0.40617, 0.89028, 0.6074, 0.13093, 0.048129, -0.82166, -1.2866, 0.46139, -0.0080322, 2.5979, -0.27365, -0.014195, 0.2671, -0.73281, 0.023954, 1.9037, 1.0706, 2.0809, 0.64902, 0.58724, 3.9632, 3.6978, 1.0384, 0.017101, 11.093, 1.6804, 0.016405, 7.0628, 1.7498, 0.068237, 0.20721, 0.0030033, 0.20062, 0.024802, 0.026856, 2.1156, 2.2957, 0.030767, 5.8371e-05, 6.6677, 0.35283, 8.6525e-05, 4.2673, 0.56951, 0.00018119
129, 3, 0.27345, 0.03343, 0.04505, 1.7018, 0.64253, 0.28535, 1.0802, 1.8424, 0.36976, 0.38865, 0.92983, 0.89203, 0.95683, 0.00043, 8.4101, 1.6111, 0.00541, 9.105, 0.59763, 0.05459, 0.9035, 1.019, 1.4024, 0.34886, 0.44539, 1.009, 1.1597, 0.79277, 0.0063482, 5.8868, 0.69152, 0.0095017, 4.3289, 0.91285, 0.061668, 0.678, 0.97913, 1.0298, 0.17196, 0.26308, -0.38507, -0.18282, 0.6845, -0.0021019, 3.9239, 0.066039, -0.007107, 2.6647, 0.20671, 0.048946, 1.129, 1.0589, 1.7751, 0.52577, 0.62771, 2.403, 2.5023, 0.90103, 0.014798, 7.8497, 1.317, 0.02611, 5.9932, 1.619, 0.074391, 0.018794, 0.00058862, 0.051329, 0.011567, 0.012286, 0.71828, 0.66621, 0.0043324, 2.6392e-05, 1.4241, 0.1446, 0.00010196, 1.0237, 0.1843, 5.9823e-05, 0.15701, 0.93242, 0.68523, 0.08894, 0.17865, -1.4627, -1.3304, 0.50722, -0.0062163, 1.6587, -0.29438, -0.0086225, 1.0178, -0.36082, 0.039979, 1.65, 1.1056, 2.1196, 0.60879, 0.71214, 3.4806, 3.6499, 1.0783, 0.018913, 10.115, 1.6774, 0.027626, 7.6401, 2.1865, 0.083358, 0.20596, 0.0027729, 0.19012, 0.024971, 0.026299, 2.258, 2.2919, 0.030137, 5.835e-05, 6.6076, 0.35926, 0.00012141, 4.0523, 0.5996, 0.00017388
130, 2, 0.35621, 0.05167, 0.18994, 1, 0.8647, 1.7308, 1.0679, 0.67742, 0.41156, 0.36763, 1.0482, 0.64669, 0.62777, 0.00068, 8.7882, 0.40591, 0.00708, 3.1943, 0.37958, 0.03473, 0.84746, 0.99539, 1.2328, 0.42175, 0.24193, 4.6921, 1.3736, 0.7146, 0.0061974, 5.0152, 0.56083, 0.0048144, 4.0593, 0.69482, 0.044981, 0.60221, 0.94755, 0.83042, 0.22262, 0.047124, 2.7691, 0.028092, 0.59832, -0.0021116, 3.1469, -0.052319, -0.0099021, 2.2261, -0.026939, 0.030161, 1.0927, 1.0432, 1.6352, 0.62089, 0.43673, 6.615, 2.719, 0.83088, 0.014506, 6.8834, 1.174, 0.019531, 5.8925, 1.4166, 0.0598, 0.022231, 0.00084599, 0.059841, 0.014656, 0.014026, 1.3668, 0.6691, 0.0049975, 2.5518e-05, 1.2901, 0.13896, 8.0049e-05, 1.2421, 0.19255, 8.1173e-05, 0.094768, 0.90485, 0.49971, 0.14622, -0.033504, 1.8878, -1.1182, 0.42592, -0.0062727, 0.83011, -0.41729, -0.011593, 0.66009, -0.58757, 0.021998, 1.6002, 1.0859, 1.9659, 0.69729, 0.51736, 7.4963, 3.8653, 1.0033, 0.018667, 9.2002, 1.5389, 0.021222, 7.4585, 1.9772, 0.067964, 0.2094, 0.0030303, 0.19863, 0.028061, 0.02804, 2.9065, 2.2948, 0.030802, 5.7475e-05, 6.4736, 0.35361, 9.9504e-05, 4.2707, 0.60784, 0.00019523
131, 5.3333, 0.34261, 0.05169, 0.0412, 1.3368, 0.36861, 1.6082, 1.0945, 1.1152, 0.01054, 0.413, 0.18983, 6.3704, 0.78441, 0.03335, 9.112, 0.71465, 0.03382, 2.5602, 0.28438, 0.07362, 1.1343, 0.99869, 1.4928, 0.29632, 0.56113, 1.8808, 1.1497, 0.82352, 0.0063508, 6.7994, 0.66159, 0.0083864, 5.2462, 0.82202, 0.059753, 0.82412, 0.94025, 1.0851, 0.11598, 0.3377, 0.6413, -0.1964, 0.69782, -0.0019457, 4.448, 0.037328, -0.0079618, 3.1804, 0.12643, 0.046077, 1.4445, 1.0571, 1.9006, 0.47667, 0.78456, 3.1203, 2.4958, 0.94923, 0.014647, 9.1508, 1.2859, 0.024735, 7.312, 1.5176, 0.073429, 0.035563, 0.001262, 0.061449, 0.012021, 0.018451, 0.56785, 0.66971, 0.0058407, 2.5441e-05, 2.0436, 0.14404, 9.8784e-05, 1.5774, 0.17883, 6.913e-05, 0.35803, 0.90212, 0.7568, 0.034042, 0.26476, -0.50711, -1.3424, 0.53092, -0.0061109, 2.3775, -0.32353, -0.0094994, 1.7161, -0.44583, 0.03749, 1.9106, 1.0952, 2.2289, 0.5586, 0.8575, 4.2687, 3.6418, 1.1161, 0.018813, 11.221, 1.6467, 0.026272, 8.7763, 2.0899, 0.082015, 0.22273, 0.0034463, 0.20024, 0.025426, 0.032465, 2.1076, 2.2955, 0.031645, 5.7399e-05, 7.2271, 0.3587, 0.00011824, 4.6059, 0.59413, 0.00018319
132, 6.58, 0.15255, 0.03744, 0.41875, 1.4749, 0.34159, 1.9955, 0.94001, 1.6599, 0.49465, 0.35365, 0.78493, 1.083, 0.73588, 0.00355, 9.7545, 0.64242, 0.00076, 1.4044, 2.2447, 0.04814, 1.3115, 1.0004, 1.3782, 0.49509, 0.40624, 1.2681, 1.355, 0.63471, 0.0063273, 5.2148, 0.75407, 0.014319, 2.5607, 2.2272, 0.06816, 1.0719, 0.96514, 1.0026, 0.33964, 0.24123, -0.035648, 0.017032, 0.5365, -0.0016452, 2.9769, 0.13973, 0.001666, 1.0581, 1.519, 0.055619, 1.5511, 1.0357, 1.7537, 0.65054, 0.57125, 2.5719, 2.6929, 0.73293, 0.0143, 7.4527, 1.3684, 0.026971, 4.0633, 2.9355, 0.0807, 0.02122, 0.00046005, 0.052128, 0.0089314, 0.010064, 0.62826, 0.66164, 0.0035653, 2.3493e-05, 1.851, 0.1395, 5.917e-05, 0.83454, 0.1854, 5.8127e-05, 0.56066, 0.91583, 0.65948, 0.24927, 0.15101, -1.1538, -1.1327, 0.35282, -0.0059211, 0.8522, -0.22479, -0.00026652, -0.67224, 0.95238, 0.046576, 2.0624, 1.085, 2.0969, 0.74092, 0.66147, 3.69, 3.8427, 0.9166, 0.018576, 9.5774, 1.7329, 0.028904, 5.7936, 3.5021, 0.089744, 0.20839, 0.0026444, 0.19092, 0.022336, 0.024078, 2.168, 2.2874, 0.029369, 5.545e-05, 7.0345, 0.35415, 7.8626e-05, 3.8631, 0.6007, 0.00017219
133, 2.25, 0.40365, 0.10725, 0.1045, 1.5132, 0.69031, 0.40909, 0.90238, 1.9188, 0.16961, 0.20541, 8.3604, 4.1782, 0.73874, 0.01647, 2.2509, 0.0209, 0.00241, 2.7867, 0.65054, 0.03387, 1.0749, 1.0196, 1.1755, 0.4222, 0.40963, 1.0592, 1.168, 0.8073, 0.0047691, 5.7365, 0.77061, 0.0082592, 4.3964, 0.23268, 0.042543, 0.85524, 0.96555, 0.77347, 0.26033, 0.19993, -0.36119, -0.17286, 0.6908, -0.0034104, 4.0085, 0.14886, -0.0062889, 2.4232, -0.39674, 0.02974, 1.2945, 1.0736, 1.5775, 0.58406, 0.61933, 2.4796, 2.5088, 0.9238, 0.012949, 7.4645, 1.3924, 0.022807, 6.3697, 0.86211, 0.055346, 0.017828, 0.0010786, 0.059734, 0.0096839, 0.016253, 0.74572, 0.66452, 0.0050167, 2.4729e-05, 1.1037, 0.14288, 7.8227e-05, 1.4391, 0.14643, 6.0588e-05, 0.33013, 0.92562, 0.4426, 0.17227, 0.12347, -1.4274, -1.3213, 0.51853, -0.0076151, 1.6121, -0.21292, -0.0079976, 0.91973, -1.0001, 0.020805, 1.8196, 1.1135, 1.9084, 0.67213, 0.69579, 3.5458, 3.6572, 1.0961, 0.017153, 9.8608, 1.7541, 0.024516, 7.8732, 1.4655, 0.06428, 0.205, 0.0032629, 0.19853, 0.023088, 0.030267, 2.2854, 2.2903, 0.030821, 5.6686e-05, 6.2872, 0.35754, 9.7682e-05, 4.4677, 0.56173, 0.00017465
134, 2.8571, 0.31616, 0.03225, 0, 2.5, 1.0324, 1.8568, 0.98898, 1.3392, 0.19784, 0.305, 0.12818, 0.09563, 0.44879, 0.00201, 1.5262, 1.0602, 0.04796, 4.9098, 0.26284, 0.07382, 0.7684, 1.0175, 1.0169, 0.48384, 0.5158, 3.5425, 1.3577, 0.81899, 0.0052764, 4.2593, 0.65843, 0.016606, 5.8049, 0.62111, 0.03842, 0.44014, 0.96613, 0.61467, 0.27728, 0.29974, 1.15, 0.010545, 0.69338, -0.0032695, 1.7369, 0.031424, -0.00082655, 3.8048, -0.1136, 0.022899, 1.0967, 1.0688, 1.4192, 0.6904, 0.73187, 5.935, 2.7049, 0.9446, 0.013822, 6.7816, 1.2854, 0.034038, 7.805, 1.3558, 0.053942, 0.039828, 0.00097507, 0.05981, 0.015771, 0.017255, 2.1157, 0.67079, 0.0058317, 2.6994e-05, 2.3515, 0.14531, 0.00011232, 1.4786, 0.19951, 8.9046e-05, -0.015281, 0.92503, 0.28391, 0.20289, 0.22495, 0.39766, -1.135, 0.52643, -0.0073527, -0.25584, -0.32843, -0.0022761, 2.3129, -0.66862, 0.014979, 1.5521, 1.1099, 1.75, 0.76479, 0.80666, 6.6873, 3.8504, 1.1116, 0.017906, 8.7744, 1.6453, 0.035487, 9.297, 1.9108, 0.061862, 0.227, 0.0031594, 0.1986, 0.029175, 0.031268, 3.6554, 2.2965, 0.031636, 5.8952e-05, 7.535, 0.35996, 0.00013177, 4.5072, 0.61481, 0.00020311
135, 5.999, 0.24413, 0.00896, 0.18697, 3.3073, 0.6461, 1.6405, 1.0647, 0.74788, 0.84333, 0.45908, 0.83329, 0.82683, 0.94894, 0.00019, 2.4192, 0.46328, 0.00392, 3.3546, 2.2644, 0.04487, 1.4162, 1.0371, 1.2372, 0.45036, 0.60287, 2.1357, 1.1879, 0.76654, 0.0056936, 4.0126, 0.76675, 0.01646, 4.5218, 1.7198, 0.057363, 1.0893, 0.97943, 0.82374, 0.24248, 0.37369, -0.067206, -0.15996, 0.64047, -0.0028478, 1.4754, 0.13969, -0.0010004, 2.4312, 0.9676, 0.040974, 1.7431, 1.0947, 1.6506, 0.65824, 0.83205, 4.3385, 2.5357, 0.89261, 0.014235, 6.5498, 1.3938, 0.03392, 6.6125, 2.4719, 0.073752, 0.039508, 0.001228, 0.063178, 0.015973, 0.019413, 1.7936, 0.67146, 0.0058744, 2.6965e-05, 2.3793, 0.14533, 0.00011268, 1.6155, 0.20911, 9.9277e-05, 0.63307, 0.94098, 0.49796, 0.16844, 0.30214, -0.8674, -1.3052, 0.47378, -0.0069325, -0.51086, -0.22015, -0.0024477, 0.97713, 0.42001, 0.033338, 2.1993, 1.1332, 1.9764, 0.73229, 0.9036, 5.1387, 3.6809, 1.0593, 0.01832, 8.536, 1.7536, 0.035368, 8.0665, 3.0195, 0.081388, 0.22668, 0.0034123, 0.20197, 0.029377, 0.033427, 3.3333, 2.2972, 0.031679, 5.8923e-05, 7.5628, 0.35999, 0.00013214, 4.6441, 0.62441, 0.00021334
136, 3.0049, 0.16268, 0.06944, 0.10201, 1.3368, 0.42998, 0.19636, 0.96975, 1.0673, 0.50572, 0.51429, 1.9557, 0.59306, 0.60697, 0.00332, 4.0659, 0.22156, 0.00313, 5.5905, 0.29652, 0.03673, 0.73161, 0.98709, 1.2645, 0.50861, 0.53773, 1.7833, 1.309, 0.79145, 0.0042695, 4.6277, 0.84396, 0.0020538, 5.2928, 0.69181, 0.041876, 0.57627, 0.95606, 0.96274, 0.40401, 0.44248, 0.91687, 0.23143, 0.69018, -0.0014621, 3.3195, 0.41051, -0.0034457, 4.0551, 0.18411, 0.03255, 0.88696, 1.0181, 1.5664, 0.61322, 0.63297, 2.6497, 2.3866, 0.89272, 0.010001, 5.936, 1.2774, 0.0075534, 6.5306, 1.1995, 0.051201, 0.0089197, 0.000356, 0.033668, 0.0040443, 0.003353, 0.27745, 0.4292, 0.0037907, 1.2142e-05, 0.63257, 0.069443, 1.1179e-05, 0.56625, 0.095268, 3.2144e-05, 0.0032372, 0.90419, 0.58147, 0.29134, 0.32096, -0.43402, -1.0489, 0.50848, -0.0066536, 0.66093, -0.032765, -0.0070502, 2.1742, -0.4835, 0.021987, 1.46, 1.07, 1.9476, 0.72588, 0.75449, 4.0006, 3.6669, 1.0744, 0.015193, 8.5946, 1.7207, 0.011158, 8.4115, 1.8671, 0.061765, 0.19609, 0.0025403, 0.17246, 0.017449, 0.017367, 1.8172, 2.0549, 0.029595, 4.41e-05, 5.8161, 0.2841, 3.0634e-05, 3.5948, 0.51056, 0.0001462
137, 2, 0.062, 0.15337, 0.3497, 1.1719, 0.35343, 1.7917, 1.0908, 0.92032, 0.88552, 0.88839, 1.045, 1.079, 0.88366, 0.00026, 0.65724, 0.65562, 0.00892, 6.7166, 0.85853, 0.04083, 0.86107, 1.0561, 1.0803, 0.70322, 0.39774, 1.326, 1.2993, 0.71206, 0.0042465, 1.8058, 0.97906, 0.0063043, 2.8446, 1.1707, 0.040922, 0.61076, 1.0136, 0.66838, 0.53443, 0.2283, -0.23949, -0.046468, 0.59918, -0.0041744, -0.22393, 0.44017, -0.006344, 1.1569, 0.43773, 0.025869, 1.1114, 1.0986, 1.4923, 0.87202, 0.56718, 2.8914, 2.6451, 0.82494, 0.012668, 3.8355, 1.5179, 0.018953, 4.5322, 1.9037, 0.055975, 0.023159, 0.00066756, 0.062719, 0.010531, 0.010611, 0.90578, 0.66942, 0.0047094, 2.621e-05, 1.5227, 0.10733, 5.913e-05, 1.0527, 0.19858, 8.3753e-05, 0.10672, 0.96823, 0.34194, 0.44875, 0.13962, -1.2463, -1.1926, 0.42474, -0.0082984, -2.4538, 0.045699, -0.0082771, -0.47841, -0.11803, 0.017788, 1.6154, 1.1439, 1.8187, 0.9577, 0.65585, 3.8982, 3.7912, 0.99939, 0.016791, 6.0654, 1.9124, 0.020886, 6.1675, 2.4595, 0.064056, 0.21033, 0.0028519, 0.20151, 0.023935, 0.024625, 2.4455, 2.2952, 0.030514, 5.8168e-05, 6.7062, 0.32199, 7.8586e-05, 4.0813, 0.61387, 0.00019781
138, 5.4951, 0.18658, 0.04293, 0.27077, 2.2281, 0.42595, 0.90854, 1.0896, 1.7515, 0.53639, 0.30147, 0.83737, 0.42987, 0.39188, 0.01044, 1.4954, 0.5848, 0.02285, 4.9224, 0.83158, 0.04858, 1.337, 1.0549, 1.2752, 0.58858, 0.44996, 1.3882, 0.93359, 0.68447, 0.0035672, 5.0853, 0.99859, 0.020133, 4.9863, 1.3655, 0.052609, 1.0531, 1.0134, 0.934, 0.45181, 0.3041, 0.26783, -0.21597, 0.57758, -0.0029496, 3.1352, 0.50378, 0.012297, 3.3823, 0.76659, 0.041425, 1.6209, 1.0963, 1.6164, 0.72534, 0.59582, 2.5086, 2.0832, 0.79135, 0.010084, 7.0353, 1.4934, 0.027969, 6.5903, 1.9645, 0.063792, 0.029797, 0.00063487, 0.043032, 0.0069137, 0.0078634, 0.46396, 0.48844, 0.0042226, 1.5697e-05, 1.4055, 0.090494, 2.2696e-05, 0.95096, 0.13259, 4.6228e-05, 0.57084, 0.96753, 0.57383, 0.35412, 0.20667, -0.94009, -1.4581, 0.39944, -0.0077876, 0.86311, 0.089961, 0.0094536, 1.705, 0.14802, 0.031784, 2.1032, 1.1422, 1.9766, 0.82303, 0.69325, 3.7165, 3.3253, 0.96949, 0.014922, 9.3075, 1.9072, 0.030812, 8.2676, 2.583, 0.073433, 0.21697, 0.0028192, 0.18182, 0.020318, 0.021877, 2.0037, 2.1142, 0.030027, 4.7654e-05, 6.589, 0.30515, 4.2152e-05, 3.9795, 0.54788, 0.00016029
139, 2.25, 0.31691, 0.0842, 0.08204, 1.5132, 0.67396, 1.1096, 0.91486, 1.4385, 0.22054, 0.26254, 1.2785, 0.70091, 0.51289, 0.03167, 2.5363, 0.78562, 0.00641, 3.7786, 0.33838, 0.03977, 0.93913, 0.95366, 1.127, 0.37696, 0.30491, 2.4287, 1.2878, 0.79186, 0.0067628, 5.1991, 0.48984, 0.0047661, 4.7764, 0.41849, 0.03927, 0.72839, 0.91837, 0.78946, 0.23468, 0.1683, 1.3537, 0.08977, 0.69122, 4.8391e-05, 3.5481, -0.035766, -0.002172, 3.3491, -0.20505, 0.028729, 1.1499, 0.98895, 1.4645, 0.51925, 0.44153, 3.5036, 2.4859, 0.8925, 0.013477, 6.8501, 1.0155, 0.011704, 6.2037, 1.042, 0.049812, 0.016415, 0.0004603, 0.042111, 0.0074829, 0.0068986, 0.4271, 0.5305, 0.0037436, 1.6663e-05, 1.0074, 0.10211, 1.7792e-05, 0.75298, 0.14371, 4.1074e-05, 0.19696, 0.86907, 0.4274, 0.13924, 0.067051, 0.12187, -1.1275, 0.50912, -0.0047065, 1.1065, -0.43592, -0.0052725, 1.5778, -0.81131, 0.018783, 1.6813, 1.0382, 1.8266, 0.61468, 0.54278, 4.7354, 3.7031, 1.0746, 0.018232, 9.2918, 1.4156, 0.014805, 7.975, 1.6483, 0.059757, 0.20359, 0.0026446, 0.1809, 0.020887, 0.020912, 1.9668, 2.1562, 0.029548, 4.8621e-05, 6.1909, 0.31677, 3.7248e-05, 3.7816, 0.559, 0.00015513
140, 6.58, 0.15255, 0.07854, 0.41875, 1.1111, 0.20921, 1.4482, 1.0684, 1.3531, 0.33881, 0.35513, 0.67187, 0.91657, 0.54195, 0.00016, 4.9234, 1.8247, 0.00566, 1.4761, 1.538, 0.08741, 1.2587, 0.97521, 1.4367, 0.53044, 0.48152, 1.7472, 1.2136, 0.68705, 0.0027454, 5.6035, 1.0868, 0.0018877, 2.5217, 2.3231, 0.065982, 1.0543, 0.94326, 1.108, 0.39222, 0.3637, 0.6608, -0.087894, 0.59175, -0.0033735, 3.8133, 0.58409, -0.0059013, 1.2621, 1.68, 0.055884, 1.463, 1.0072, 1.7653, 0.66866, 0.59934, 2.8336, 2.5151, 0.78236, 0.0088642, 7.3936, 1.5895, 0.0096767, 3.7814, 2.9663, 0.076079, 0.015435, 0.00037718, 0.039933, 0.0070613, 0.0051306, 0.43622, 0.62606, 0.0033573, 1.3839e-05, 1.1845, 0.093406, 2.2424e-05, 0.58645, 0.15291, 3.7687e-05, 0.5183, 0.89196, 0.74128, 0.29513, 0.25393, -0.56495, -1.2547, 0.40617, -0.0083858, 1.4527, 0.17385, -0.0087568, -0.60566, 1.0833, 0.045719, 1.9991, 1.0585, 2.132, 0.76575, 0.70911, 4.0593, 3.6819, 0.96794, 0.013877, 9.7542, 1.9998, 0.012532, 5.6491, 3.563, 0.086244, 0.20261, 0.0025615, 0.17872, 0.020465, 0.019144, 1.9759, 2.2518, 0.029161, 4.5796e-05, 6.3679, 0.30806, 4.1879e-05, 3.615, 0.5682, 0.00015175
141, 2.25, 0.32819, 0.06546, 0.08496, 2.0159, 0.80617, 0.33115, 0.92858, 1.5033, 0.37884, 0.28337, 2.8619, 0.10309, 0.76895, 0.00877, 9.0654, 0.11913, 0.00155, 5.6528, 0.86888, 0.03393, 0.93068, 0.97076, 1.1881, 0.37245, 0.33294, 2.7331, 1.6952, 0.74626, 0.0066625, 4.8794, 0.52268, 0.0042923, 4.3249, 0.56444, 0.041849, 0.71068, 0.93188, 0.82871, 0.20797, 0.17136, 1.3955, 0.36805, 0.64132, -0.0017026, 2.8292, -0.01558, -0.0063271, 2.7405, -0.08717, 0.029787, 1.1507, 1.0096, 1.5476, 0.53692, 0.49452, 4.0706, 3.0224, 0.8512, 0.015028, 6.9296, 1.0609, 0.014912, 5.9093, 1.2161, 0.05391, 0.017888, 0.00055887, 0.04775, 0.0099988, 0.00965, 0.66127, 0.65102, 0.0040705, 2.5863e-05, 1.5536, 0.10708, 4.1682e-05, 0.92782, 0.15694, 5.3769e-05, 0.18583, 0.88461, 0.47772, 0.12082, 0.079915, 0.29282, -0.78669, 0.46196, -0.005845, 0.61001, -0.41032, -0.0085689, 1.0532, -0.67982, 0.02054, 1.6755, 1.0569, 1.8986, 0.62408, 0.58597, 5.1733, 4.1771, 1.0306, 0.01917, 9.1487, 1.4557, 0.017154, 7.5967, 1.8087, 0.063158, 0.20506, 0.0027432, 0.18654, 0.023403, 0.023664, 2.201, 2.2768, 0.029875, 5.7821e-05, 6.7371, 0.32174, 6.1138e-05, 3.9564, 0.57223, 0.00016783
142, 7.5, 0.72522, 0.11557, 0.2412, 0.99099, 0.28911, 0.649, 1.006, 1.7291, 0.14361, 0.37906, 9.4255, 2.8687, 0.76521, 0.00316, 8.214, 0.01555, 0.02411, 1.2552, 0.58376, 0.09502, 1.6123, 0.96902, 1.7763, 0.23909, 0.62933, 2.1663, 1.1852, 0.85977, 0.0050221, 9.0324, 0.59123, 0.0029103, 3.9431, 0.51076, 0.067509, 1.2552, 0.90881, 1.3597, 0.030998, 0.39896, -0.06122, -0.16267, 0.72869, -0.003524, 6.6029, -0.035826, -0.01455, 1.8332, -0.2319, 0.05057, 1.9694, 1.0292, 2.1928, 0.44718, 0.85969, 4.3937, 2.533, 0.99085, 0.013568, 11.462, 1.2183, 0.020371, 6.0531, 1.2534, 0.084449, 0.047134, 0.0013401, 0.064133, 0.016005, 0.019615, 1.8339, 0.67147, 0.0063509, 2.6995e-05, 2.1816, 0.14533, 0.00011268, 1.6455, 0.20386, 0.00010606, 0.81614, 0.87137, 1.0353, -0.042989, 0.3277, -0.8549, -1.3079, 0.56482, -0.0076072, 4.5685, -0.39566, -0.015998, 0.38702, -0.78351, 0.043105, 2.4085, 1.0667, 2.5172, 0.52116, 0.93096, 5.1874, 3.6782, 1.1547, 0.017651, 13.496, 1.5781, 0.021818, 7.4992, 1.805, 0.091913, 0.2343, 0.0035244, 0.20293, 0.029409, 0.033628, 3.3736, 2.2972, 0.032155, 5.8953e-05, 7.3651, 0.35999, 0.00013214, 4.6741, 0.61916, 0.00022012
143, 4, 0.17869, 0.16747, 0.7, 0.72222, 0.25693, 1.8258, 0.91074, 1.4615, 0.28822, 0.03239, 1.6833, 2.6463, 0.17198, 0.00955, 1.3058, 0.1538, 0.00137, 1.6116, 2.425, 0.06553, 1.4267, 0.95742, 1.337, 0.64535, 0.29127, 1.7501, 1.4488, 0.53611, 0.004603, 3.9351, 0.91488, 0.0075674, 1.6694, 1.8294, 0.054452, 1.1415, 0.90706, 0.92051, 0.44656, 0.070529, 0.022937, 0.10094, 0.41317, -0.003942, 1.5128, 0.28798, -0.0088437, -0.28972, 1.0883, 0.038429, 1.7119, 1.0078, 1.7535, 0.84414, 0.51201, 3.4773, 2.7966, 0.65905, 0.013148, 6.3575, 1.5418, 0.023979, 3.6286, 2.5705, 0.070476, 0.030066, 0.00093723, 0.064118, 0.014606, 0.01801, 1.1026, 0.67146, 0.0055863, 2.6988e-05, 2.1688, 0.14526, 9.9545e-05, 1.4187, 0.20301, 9.4899e-05, 0.66005, 0.86552, 0.59607, 0.37006, -0.0030783, -0.92362, -1.0443, 0.24469, -0.0080255, -0.5249, -0.071914, -0.010376, -1.7993, 0.53601, 0.030675, 2.1933, 1.0493, 2.0779, 0.92064, 0.58562, 4.4239, 3.9418, 0.82754, 0.017231, 8.3952, 1.9017, 0.025511, 5.1382, 3.1228, 0.078229, 0.21724, 0.0031215, 0.20291, 0.02801, 0.032024, 2.6423, 2.2972, 0.03139, 5.8945e-05, 7.3523, 0.35991, 0.000119, 4.4472, 0.61831, 0.00020896
144, 4.4984, 0.27827, 0.05739, 0.09264, 0.79167, 0.36082, 0.3498, 0.90052, 1.9932, 0.35769, 0.84081, 4.2032, 5.2219, 0.95763, 0.00499, 2.3817, 0.32762, 0.00069, 2.6619, 2.9377, 0.06345, 0.97938, 0.96797, 1.5347, 0.29048, 0.62873, 1.4989, 1.4623, 0.74532, 0.01117, 4.3152, 0.43951, 0.0044744, 4.417, 1.2864, 0.060709, 0.77762, 0.92674, 1.21, 0.17414, 0.48993, 0.65335, 0.35898, 0.63951, 0.005222, 2.9877, -0.029793, -0.001404, 2.8657, 0.72836, 0.050241, 1.1811, 1.0092, 1.8594, 0.40683, 0.76752, 2.3444, 2.5656, 0.85112, 0.017118, 5.6428, 0.90882, 0.010353, 5.9684, 1.8445, 0.071176, 0.015045, 0.00062821, 0.038967, 0.0050032, 0.0071204, 0.26424, 0.44994, 0.0041376, 1.3077e-05, 0.6514, 0.081407, 1.2772e-05, 0.88951, 0.11511, 4.0498e-05, 0.23971, 0.88073, 0.84118, 0.06732, 0.38961, -0.71034, -0.90747, 0.4607, 0.00013186, 0.342, -0.45548, -0.0048633, 1.1612, 0.088498, 0.04026, 1.719, 1.0552, 2.2282, 0.51365, 0.86785, 3.7081, 3.8321, 1.0299, 0.022208, 8.2885, 1.3345, 0.013812, 7.6729, 2.4844, 0.081158, 0.20222, 0.0028125, 0.17776, 0.018407, 0.021134, 1.8039, 2.0757, 0.029942, 4.5035e-05, 5.8349, 0.29606, 3.2228e-05, 3.9181, 0.53041, 0.00015456
145, 4.4984, 0.28084, 0.05792, 0.09349, 0.79167, 0.36102, 0.4759, 0.90508, 1.9385, 0.18205, 0.75003, 3.7828, 2.2093, 0.65909, 0.01921, 1.6395, 0.14229, 0.00244, 2.9959, 1.2145, 0.05735, 0.97235, 0.96582, 1.5663, 0.35141, 0.67095, 1.5724, 2.2828, 0.79272, 0.0054695, 4.4152, 0.48997, 0.0029331, 4.3121, 1.7151, 0.062087, 0.77051, 0.925, 1.2445, 0.23736, 0.53504, 0.73259, 1.1884, 0.68742, -0.00038702, 3.0883, 0.026123, -0.0026772, 2.777, 1.1592, 0.051732, 1.1742, 1.0066, 1.888, 0.46547, 0.80686, 2.4122, 3.3771, 0.89802, 0.011326, 5.742, 0.95381, 0.0085434, 5.8473, 2.2709, 0.072442, 0.015057, 0.00061567, 0.038259, 0.0048081, 0.0068271, 0.26069, 0.44266, 0.0040982, 1.2677e-05, 0.65075, 0.079522, 1.1634e-05, 0.87101, 0.1142, 3.9631e-05, 0.23266, 0.87878, 0.87416, 0.12943, 0.43349, -0.63462, -0.082843, 0.50828, -0.0055197, 0.44216, -0.40217, -0.0062382, 1.064, 0.51819, 0.041696, 1.712, 1.0529, 2.2584, 0.57339, 0.90841, 3.7795, 4.6484, 1.0772, 0.016459, 8.3882, 1.3821, 0.012104, 7.5603, 2.912, 0.082479, 0.20223, 0.0028, 0.17705, 0.018212, 0.020841, 1.8004, 2.0684, 0.029902, 4.4635e-05, 5.8342, 0.29418, 3.1089e-05, 3.8996, 0.52949, 0.00015369
146, 4.56, 0.08105, 0.04323, 0.2, 2.0833, 0.37977, 0.64628, 1.0768, 1.6017, 0.52521, 0.71765, 3.2224, 1.2615, 0.688, 0.00012, 2.2106, 0.23115, 0.04396, 6.1086, 2.4097, 0.04345, 0.88211, 1.0407, 1.2696, 0.60338, 0.73832, 1.082, 0.81335, 0.70358, 0.0057843, 3.0709, 0.89274, 0.038783, 5.7497, 1.6874, 0.061946, 0.68736, 1.0095, 0.95584, 0.47851, 0.62192, -0.010884, -0.31733, 0.60348, -0.00038597, 1.4387, 0.46513, 0.032327, 4.3584, 1.1527, 0.051455, 1.0769, 1.0719, 1.5833, 0.72825, 0.85472, 2.1748, 1.944, 0.80369, 0.011955, 4.703, 1.3203, 0.045239, 7.1409, 2.2222, 0.072437, 0.014019, 0.00035912, 0.036378, 0.0057632, 0.0050076, 0.44142, 0.47252, 0.0037038, 1.4072e-05, 0.9846, 0.067582, 1.5405e-05, 0.71539, 0.1057, 4.0678e-05, 0.14433, 0.95774, 0.58114, 0.37565, 0.51147, -1.2332, -1.5693, 0.42103, -0.0053752, -1.0142, 0.018891, 0.029072, 2.567, 0.50018, 0.041485, 1.6199, 1.1236, 1.958, 0.8311, 0.96517, 3.3971, 3.196, 0.98614, 0.016944, 7.156, 1.7666, 0.048495, 8.9324, 2.8747, 0.082407, 0.20119, 0.0025434, 0.17517, 0.019167, 0.019021, 1.9811, 2.0983, 0.029508, 4.603e-05, 6.1681, 0.28224, 3.4861e-05, 3.744, 0.52099, 0.00015474
147, 2.5, 0.2982, 0.06484, 0.6, 1.6667, 0.77092, 0.92858, 1.0653, 0.87941, 0.41175, 0.28611, 1.1012, 0.12765, 0.32978, 0.00045, 7.9993, 0.62862, 0.00789, 1.6314, 0.87548, 0.07689, 1.4352, 0.98604, 1.3339, 0.51425, 0.3291, 1.1126, 1.3849, 0.56965, 0.0060595, 2.993, 0.6806, 0.010779, 2.489, 1.6717, 0.055187, 1.1802, 0.93399, 0.91796, 0.31038, 0.12322, -0.46194, 0.037183, 0.44665, -0.0024815, 0.61504, 0.14905, -0.0014221, 0.4827, 0.93038, 0.039297, 1.6902, 1.0381, 1.7499, 0.71812, 0.53498, 2.6871, 2.7327, 0.69265, 0.014601, 5.3709, 1.2121, 0.02298, 4.4953, 2.4131, 0.071077, 0.024036, 0.0010014, 0.06395, 0.015362, 0.015667, 0.91632, 0.67137, 0.0055919, 2.6963e-05, 2.09, 0.10443, 5.5024e-05, 1.4878, 0.20313, 9.3323e-05, 0.67928, 0.8932, 0.59329, 0.23527, 0.045724, -1.4652, -1.108, 0.2782, -0.0065663, -1.4431, -0.24854, -0.0034162, -1.0066, 0.37821, 0.031499, 2.1911, 1.0789, 2.0745, 0.79323, 0.61248, 3.6904, 3.8779, 0.8611, 0.018685, 7.4291, 1.6097, 0.024975, 5.9846, 2.9652, 0.078874, 0.21121, 0.0031857, 0.20274, 0.028767, 0.02968, 2.456, 2.2971, 0.031396, 5.892e-05, 7.2735, 0.31909, 7.448e-05, 4.5164, 0.61843, 0.00020738
148, 4, 0.17869, 0.02857, 0.5, 2.6667, 0.74816, 1.769, 0.90508, 0.92317, 0.58485, 0.19554, 1.2001, 1.3676, 0.57204, 0.01601, 2.4759, 0.41572, 0.00688, 2.3177, 1.8749, 0.04277, 1.3748, 0.99217, 1.1317, 0.52246, 0.37898, 1.65, 1.3375, 0.56056, 0.0065253, 2.4651, 0.73554, 0.0096906, 2.4627, 2.1509, 0.053161, 1.1125, 0.95083, 0.73785, 0.3192, 0.18784, -0.1206, -0.0099191, 0.44245, -0.0019224, 0.075145, 0.13092, -0.0058814, 0.59915, 1.4199, 0.038185, 1.6371, 1.0335, 1.5256, 0.72572, 0.57011, 3.4206, 2.6849, 0.67867, 0.014973, 4.8551, 1.3402, 0.025263, 4.3263, 2.882, 0.068137, 0.025427, 0.00063168, 0.057346, 0.01527, 0.013502, 1.1587, 0.67104, 0.0051559, 2.6377e-05, 2.1112, 0.13512, 8.9626e-05, 1.2836, 0.19753, 8.2894e-05, 0.61636, 0.90489, 0.40328, 0.24393, 0.10613, -1.052, -1.1553, 0.27114, -0.0060376, -1.9774, -0.23725, -0.0074886, -0.95295, 0.8633, 0.030077, 2.1332, 1.0795, 1.8602, 0.80099, 0.65182, 4.352, 3.8303, 0.84998, 0.019088, 6.9077, 1.7083, 0.02687, 5.8784, 3.4386, 0.076245, 0.2126, 0.002816, 0.19614, 0.028674, 0.027516, 2.6984, 2.2968, 0.03096, 5.8335e-05, 7.2947, 0.34977, 0.00010908, 4.3122, 0.61282, 0.00019695
149, 2, 0.09264, 0.05925, 0.34991, 2, 0.67782, 0.3795, 0.97384, 1.447, 0.37479, 0.61597, 1.6727, 0.18878, 0.71181, 0, 8.8944, 1.4525, 0.00284, 5.1829, 1.9931, 0.09282, 0.96004, 1.0761, 1.1315, 0.53172, 0.41861, 1.2534, 1.3477, 0.71793, 0.0061575, 2.6493, 0.93877, 0.011075, 2.4745, 1.6848, 0.060493, 0.73014, 1.037, 0.74647, 0.35096, 0.27534, -0.48261, 0.01531, 0.61332, -0.0023138, 0.69085, 0.31669, -0.0053433, 0.91621, 0.97412, 0.048024, 1.1899, 1.1151, 1.5165, 0.71248, 0.56189, 2.9895, 2.6801, 0.82254, 0.014629, 4.6078, 1.5609, 0.027493, 4.0327, 2.3955, 0.072962, 0.019535, 0.00056272, 0.054789, 0.012077, 0.0075874, 1.114, 0.65616, 0.0040446, 2.6525e-05, 1.4177, 0.14304, 9.9629e-05, 0.89748, 0.18667, 5.7466e-05, 0.21221, 0.98985, 0.40778, 0.26916, 0.17687, -1.426, -1.137, 0.43375, -0.0064213, -1.5768, -0.044973, -0.006875, -0.78469, 0.40861, 0.038951, 1.7079, 1.1623, 1.8552, 0.79429, 0.66036, 3.9329, 3.8324, 1.0021, 0.018736, 6.8754, 1.9225, 0.029024, 5.7336, 2.961, 0.082036, 0.20671, 0.002747, 0.19358, 0.025481, 0.021601, 2.6537, 2.2819, 0.029849, 5.8482e-05, 6.6012, 0.35769, 0.00011908, 3.9261, 0.60196, 0.00017153
150, 8, 0.34793, 0.07308, 0.09056, 0.66146, 0.20229, 0.56553, 0.92462, 1.7693, 0.15235, 0.75344, 1.505, 0.2519, 0.91029, 0.0322, 6.417, 0.18183, 0.00236, 2.0135, 0.77326, 0.06822, 1.1444, 1.0075, 1.314, 0.37797, 0.64962, 2.0084, 1.2984, 0.82513, 0.0054957, 6.8357, 0.615, 0.011859, 4.8768, 0.96333, 0.068695, 0.79848, 0.94759, 0.8975, 0.19865, 0.42017, 0.14948, -0.049419, 0.69732, -0.0030365, 4.307, -0.012054, -0.0056001, 2.7711, 0.26366, 0.053012, 1.4903, 1.0675, 1.7305, 0.55728, 0.87907, 3.8673, 2.6463, 0.95294, 0.014028, 9.3645, 1.2421, 0.029318, 6.9824, 1.663, 0.084378, 0.044223, 0.0013282, 0.064122, 0.011884, 0.019459, 1.2772, 0.67147, 0.0060377, 2.6907e-05, 2.3635, 0.14533, 0.00011266, 1.6388, 0.18094, 9.091e-05, 0.35315, 0.91005, 0.57308, 0.1164, 0.34869, -0.75228, -1.1946, 0.53162, -0.0071242, 2.3171, -0.37189, -0.0070475, 1.3232, -0.30676, 0.045146, 1.9356, 1.105, 2.055, 0.63954, 0.95055, 4.7691, 3.7915, 1.1186, 0.018115, 11.354, 1.6019, 0.030765, 8.4303, 2.2334, 0.092244, 0.23139, 0.0035125, 0.20291, 0.025289, 0.033472, 2.8169, 2.2972, 0.031842, 5.8864e-05, 7.5469, 0.35999, 0.00013212, 4.6674, 0.59624, 0.00020497
151, 2, 0.09264, 0.0219, 0.34991, 1.8182, 0.97622, 0.41015, 1.0878, 1.5688, 0.10212, 0.38975, 5.2443, 1.1517, 0.58688, 0.00191, 0.57458, 1.6995, 0.04551, 1.4148, 1.8326, 0.09028, 0.81983, 1.0549, 0.87104, 0.59675, 0.41939, 3.0809, 1.5592, 0.68052, 0.0062154, 2.3539, 0.81644, 0.018838, 3.704, 1.668, 0.06019, 0.5413, 1.013, 0.4831, 0.39714, 0.26428, 0.77638, 0.22294, 0.5724, -0.0023233, 0.28176, 0.19052, 0.0014424, 2.0461, 0.93926, 0.047262, 1.0984, 1.0968, 1.259, 0.79636, 0.57449, 5.3855, 2.8954, 0.78864, 0.014754, 4.426, 1.4424, 0.036233, 5.3618, 2.3968, 0.073119, 0.028674, 0.00064918, 0.055624, 0.014726, 0.008892, 1.963, 0.65994, 0.0043205, 2.6948e-05, 1.587, 0.14481, 0.00011184, 1.0159, 0.1963, 6.1779e-05, 0.055642, 0.96736, 0.14578, 0.32087, 0.17044, 0.0025082, -0.9276, 0.39503, -0.0064089, -1.926, -0.16973, -9.9805e-06, 0.39603, 0.38167, 0.038379, 1.584, 1.1425, 1.5963, 0.87263, 0.66833, 6.1593, 4.0459, 0.96601, 0.01884, 6.6338, 1.8026, 0.037685, 7.0119, 2.9544, 0.082002, 0.21584, 0.0028335, 0.19442, 0.028131, 0.022906, 3.5027, 2.2857, 0.030125, 5.8906e-05, 6.7705, 0.35947, 0.0001313, 4.0445, 0.61159, 0.00017584
152, 3.9167, 0.13352, 0.06831, 0.19994, 1.9844, 0.39616, 0.81865, 1.0942, 0.83088, 0.43027, 0.41067, 1.5147, 0.67025, 0.38759, 6e-05, 4.5568, 0.26652, 0.00455, 1.2076, 2.3676, 0.08879, 1.2253, 1.0196, 1.2293, 0.54554, 0.3892, 1.5934, 1.1224, 0.66609, 0.0065211, 3.3741, 0.78966, 0.0079424, 3.8919, 1.2238, 0.055607, 1.0272, 0.97973, 0.82837, 0.3891, 0.22096, 0.52018, -0.22394, 0.55655, -0.0016954, 1.5457, 0.16862, -0.0061337, 2.2028, 0.52106, 0.042587, 1.4234, 1.0594, 1.6302, 0.70198, 0.55744, 2.6666, 2.4687, 0.77564, 0.014738, 5.2025, 1.4107, 0.022018, 5.581, 1.9265, 0.068628, 0.014504, 0.00058617, 0.059413, 0.0090457, 0.010462, 0.42572, 0.66996, 0.0044354, 2.4953e-05, 1.2356, 0.14256, 7.3234e-05, 1.0545, 0.18253, 6.2663e-05, 0.48658, 0.93297, 0.49701, 0.29908, 0.13187, -0.71258, -1.3698, 0.38006, -0.0058875, -0.79326, -0.19342, -0.0078935, 0.56822, -0.047988, 0.033741, 1.9639, 1.1061, 1.9616, 0.79199, 0.64653, 3.8994, 3.6146, 0.95212, 0.01893, 7.5415, 1.7727, 0.023778, 7.2156, 2.4956, 0.077474, 0.20168, 0.0027705, 0.1982, 0.02245, 0.024475, 1.9654, 2.2957, 0.03024, 5.6911e-05, 6.4191, 0.35721, 9.2689e-05, 4.0831, 0.59782, 0.00017672
153, 2, 0.24182, 0.10498, 0.73674, 0.57292, 0.43928, 1.5253, 0.95429, 1.9126, 0.3431, 0.13513, 1.3854, 4.2915, 0.76975, 0.01706, 5.0432, 1.9812, 0.00925, 1.81, 0.35819, 0.04515, 1.4459, 0.96752, 1.5254, 0.43351, 0.16742, 0.76191, 1.3187, 0.49233, 0.0060393, 3.5367, 0.81534, 0.0014518, 1.4379, 1.7461, 0.060634, 1.1754, 0.91028, 1.1093, 0.24692, -0.053046, -0.76144, -0.029182, 0.36348, -0.0024915, 1.0254, 0.19423, -0.014682, -0.61941, 0.99417, 0.04442, 1.7164, 1.0248, 1.9414, 0.6201, 0.38788, 2.2853, 2.6665, 0.62118, 0.01457, 6.0479, 1.4365, 0.017586, 3.4952, 2.498, 0.076848, 0.02705, 0.0012109, 0.063983, 0.012868, 0.017965, 0.85773, 0.67146, 0.0061361, 2.6899e-05, 2.3309, 0.14259, 9.6214e-05, 1.5644, 0.20898, 9.7168e-05, 0.68457, 0.87168, 0.78469, 0.1669, -0.12672, -1.7849, -1.1744, 0.19837, -0.0065796, -0.97227, -0.16779, -0.016239, -2.0872, 0.44649, 0.036728, 2.2072, 1.0634, 2.2661, 0.70012, 0.46156, 3.3087, 3.8117, 0.7863, 0.018658, 8.0456, 1.7985, 0.019142, 4.963, 3.0457, 0.084539, 0.21422, 0.0033952, 0.20277, 0.026272, 0.031979, 2.3974, 2.2972, 0.03194, 5.8856e-05, 7.5144, 0.35725, 0.00011567, 4.593, 0.62428, 0.00021123
154, 4, 0.23335, 0.05971, 0.73864, 0.95, 0.41217, 1.6449, 0.95325, 1.5069, 0.32566, 0.31955, 0.06911, 2.0257, 0.63946, 0.00364, 2.5114, 0.56838, 0.0121, 2.3161, 2.1292, 0.0762, 1.7262, 0.97427, 1.5919, 0.43107, 0.22813, 1.0977, 1.281, 0.483, 0.0068751, 3.6076, 0.94744, 0.0042881, 1.4501, 2.1875, 0.0711, 1.4734, 0.92225, 1.1859, 0.24703, 0.016261, -0.46999, -0.065021, 0.35554, -0.0015906, 1.2028, 0.33984, -0.010214, -0.54371, 1.4522, 0.055245, 1.979, 1.0263, 1.9979, 0.61512, 0.44001, 2.6654, 2.6271, 0.61045, 0.015341, 6.0124, 1.555, 0.01879, 3.4439, 2.9229, 0.086955, 0.023619, 0.0010004, 0.060922, 0.01252, 0.016592, 0.90838, 0.6697, 0.0060044, 2.6489e-05, 2.1375, 0.13645, 7.7732e-05, 1.4693, 0.19986, 9.2914e-05, 0.97101, 0.88145, 0.85679, 0.16624, -0.059624, -1.4759, -1.211, 0.18964, -0.0056999, -0.84294, -0.027207, -0.011927, -2.0383, 0.89743, 0.047436, 2.4814, 1.0671, 2.3269, 0.69591, 0.51589, 3.6713, 3.7731, 0.77635, 0.01945, 8.0581, 1.9221, 0.020504, 4.9385, 3.4776, 0.094763, 0.21079, 0.0031848, 0.19971, 0.025924, 0.030605, 2.4481, 2.2954, 0.031809, 5.8447e-05, 7.321, 0.35111, 9.7188e-05, 4.4979, 0.61515, 0.00020697
155, 4, 0.20693, 0.04168, 0.03201, 1.8518, 0.4529, 1.1179, 0.96222, 1.2709, 0.47373, 0.6558, 1.6524, 0.78437, 0.76832, 0.00023, 9.7332, 0.12321, 0.00033, 5.2329, 0.44807, 0.03862, 1.1465, 1.0418, 1.1159, 0.38499, 0.47371, 1.1829, 1.1927, 0.84564, 0.0031901, 5.2905, 0.56848, 0.0045908, 5.3142, 0.6649, 0.059821, 0.94786, 1.0049, 0.79786, 0.26224, 0.3444, 0.25011, 0.070511, 0.73801, -0.002774, 3.4266, 0.097615, -0.0014072, 3.8416, 0.085554, 0.049396, 1.3452, 1.0787, 1.434, 0.50773, 0.60302, 2.1158, 2.3149, 0.95326, 0.0091542, 7.1544, 1.0393, 0.010589, 6.7867, 1.2443, 0.070246, 0.014591, 0.00050361, 0.037393, 0.0055687, 0.0061803, 0.32163, 0.46544, 0.0042813, 1.3147e-05, 1.2841, 0.081949, 1.3297e-05, 0.80146, 0.12406, 4.017e-05, 0.40771, 0.95653, 0.42551, 0.15842, 0.23997, -1.0611, -1.1859, 0.56033, -0.0078567, 1.1075, -0.32733, -0.0048227, 2.0951, -0.54309, 0.039394, 1.8854, 1.1271, 1.8063, 0.61155, 0.70745, 3.427, 3.5713, 1.1309, 0.014237, 9.4736, 1.4643, 0.014004, 8.5332, 1.8729, 0.080249, 0.20176, 0.0026879, 0.17618, 0.018973, 0.020194, 1.8613, 2.0912, 0.030085, 4.5105e-05, 6.4676, 0.29661, 3.2753e-05, 3.83, 0.53935, 0.00015423
156, 4.7, 0.26135, 0.13402, 0.42785, 1.3333, 0.30527, 1.8152, 1.0107, 1.8913, 0.61122, 0.74595, 1.7567, 0.19426, 0.93875, 0.00023, 6.6471, 1.5952, 0.0087, 2.7057, 0.59524, 0.06034, 1.1996, 0.99398, 1.4106, 0.51048, 0.47813, 1.2119, 1.2983, 0.70425, 0.0051113, 6.1711, 0.84762, 0.0052316, 2.8509, 1.245, 0.053144, 0.97932, 0.94721, 0.99791, 0.34927, 0.28286, 0.18598, -0.048575, 0.58549, -0.0032132, 4.3548, 0.30913, -0.0077515, 0.91454, 0.54756, 0.038692, 1.4199, 1.0408, 1.8232, 0.67169, 0.67341, 2.2379, 2.6451, 0.823, 0.013436, 7.9874, 1.3861, 0.018215, 4.7872, 1.9424, 0.067597, 0.017936, 0.00080876, 0.062942, 0.0096055, 0.014094, 0.38904, 0.67047, 0.0052126, 2.5613e-05, 1.2193, 0.10718, 6.2302e-05, 1.3858, 0.17977, 7.7203e-05, 0.45468, 0.904, 0.6718, 0.26097, 0.20237, -1.0724, -1.1942, 0.41456, -0.007369, 2.009, -0.085508, -0.0096411, -0.60503, -0.023879, 0.030396, 1.9445, 1.084, 2.1494, 0.75999, 0.7539, 3.4963, 3.7908, 0.99393, 0.017592, 10.333, 1.7808, 0.020104, 6.3068, 2.5138, 0.075892, 0.20511, 0.0029931, 0.20173, 0.02301, 0.028108, 1.9287, 2.2962, 0.031017, 5.7571e-05, 6.4028, 0.32183, 8.1757e-05, 4.4144, 0.59506, 0.00019126
