UniqueId,split,err_cal_exp,err_surr_exp,err_surr_cal,ar,lrr,srr,alr,sdr,smr,no_model_err,one_model_err,ColumnType,FailureMode
64,1,0.05439294958555291,0.1337764371635266,0.11586037350750328,1.5,0.2975403315468571,0.1333872229663706,0.2567829457364341,1.9444444444444444,0.7526079372813009,0.39897095554164846,0.6010290444583515,Rectangular,Flexure-Shear
352,5,0.06334252641617248,0.10631060874821958,0.07320581465928348,4.498360655737705,0.2782729531138365,0.0573855178626642,0.0926380853990227,0.7916666666666666,0.3608154540952911,0.34061376844172736,0.6599220504558365,Spiral,Flexure
379,3,0.07401394689325531,0.09386424623920363,0.04397755306008903,3.0,0.2677432121212121,0.0485525062547868,0.0428700183412512,1.1228070175438596,0.5041050008447017,0.43324961217510294,0.5679551253263131,Spiral,Flexure
374,1,0.061151432129703524,0.09470566407241422,0.07973906330410827,3.0,0.3479286155432214,0.0730848949551309,0.0905565245626531,0.6614583333333331,0.5016320326049301,0.43457491567776374,0.5654250843222363,Spiral,Flexure
190,0,0.04286588421956508,0.11001349026866737,0.10174078580014381,3.5,0.4177286036035967,0.1088761188952565,0.1111660079051383,1.3756613756613758,0.5119187778069219,0.3871840021162779,0.6128159978837221,Rectangular,Flexure
125,2,0.050840340404973115,0.11264804389741898,0.0981215091189886,4.5600000000000005,0.3242123618504666,0.0432283149133955,0.2,2.083333333333333,0.7609223826520778,0.5099557686468753,0.49178637593564384,Rectangular,Flexure
67,1,0.05194304084889628,0.07885303948020217,0.045873172587826465,2.0,0.092643441806449,0.0610952943185552,0.3499095477386935,1.3333333333333333,0.6677504471434148,0.49707914681892584,0.503092778429528,Rectangular,Flexure
32,2,0.07185767634479402,0.17625375391974954,0.17406570847897657,4.0,0.20693024755868,0.0416846908295117,0.0320060483870967,1.851851851851852,0.4528985576643131,0.5186583741968008,0.4845416924958251,Rectangular,Flexure
149,1,0.04104992281966353,0.17667012162207488,0.1718107046988804,2.0,0.1460085905369636,0.0388969081265255,0.0962443785352687,1.3281249999999998,0.741460410374528,0.4712984718116829,0.5287015281883171,Rectangular,Flexure-Shear
100,2,0.03992348895214644,0.13200079501373996,0.1330437443408756,1.1097560975609757,0.3157000782988364,0.054460996242006,0.2696561127101954,2.4722222222222223,1.817652418872768,0.2430992761104721,0.7569007238895279,Rectangular,Shear
337,1,0.03295878573280186,0.12960372097384695,0.12294025854997255,1.6363636363636362,0.5032627986348123,0.076397473226608,0.1235422681829171,0.9722222222222222,1.0487633365439422,0.4875738626351944,0.5124261373648056,Spiral,Flexure
155,3,0.027615975985752043,0.08505326492115563,0.079720384893982,2.0,0.0620035612233917,0.1971910684634253,0.3496965892446118,0.9114583333333331,0.2932052623748773,0.5373370468594063,0.46266295314059375,Rectangular,Flexure
335,4,0.03725361345324952,0.09225154719442902,0.07692309010964106,1.6363636363636362,0.4741350482315112,0.0,0.1163919118250633,2.0,2.6253097065065103,0.39188120375374835,0.6081187962462516,Spiral,Shear
398,4,0.05648129010606729,0.10414506457563266,0.083486479343329,4.698090692124105,0.1385867845521421,0.0438650292272484,0.1028987116985612,0.8466666666666666,0.2855176954456508,0.40162227610316736,0.5983777238968325,Spiral,Flexure
396,3,0.056989599077355145,0.15733110093829872,0.14869138939477064,4.698090692124105,0.1540837093423177,0.0440149831610284,0.0,0.8912280701754386,0.2172556643312284,0.4248614781950648,0.5757696862259184,Spiral,Flexure
306,1,0.05730642359054235,0.10488734406363082,0.0935979779449465,6.0131578947368425,0.2654607560276389,0.040424478291429,0.0685014756456048,0.9329140461215932,0.3249960137095146,0.49047945531020903,0.5095205446897909,Spiral,Flexure
145,0,0.03352900960787365,0.11971642696004914,0.10926337066478077,2.0,0.2384161954674675,0.1055673753920099,0.0997304626188199,0.913978494623656,0.5598902879369332,0.442283180112503,0.5577168198874971,Rectangular,Flexure
169,0,0.0664690045292651,0.09525621351815858,0.06771552577445554,4.7,0.3920207541420919,0.1786945821343354,0.4617046818727491,1.3333333333333333,0.3043874938185217,0.49613642388443463,0.5052103106539341,Rectangular,Flexure
136,3,0.03772072359397044,0.10555948473932879,0.09793714359441105,3.8278688524590168,0.3547213947733016,0.0546170367251115,0.2324374614267423,2.305555555555556,0.7295960902153189,0.5426658485788091,0.45749446761405854,Rectangular,Flexure
175,4,0.024752327068574824,0.13058165391078455,0.1257169184224966,3.004926108374384,0.1622985079540362,0.0535658231327001,0.0495093276968009,1.336842105263158,0.45659162347404,0.422540136834733,0.577459863165267,Rectangular,Flexure
33,5,0.05265119099955979,0.15343383049551254,0.15329422004352367,2.0,0.2318495378349267,0.0469226315244763,0.14296875,1.5151515151515151,0.8042647315190902,0.40984751573093137,0.5901524842690686,Rectangular,Flexure-Shear
322,2,0.03266603609233914,0.0974819475361906,0.08897318489360967,1.090909090909091,0.5198414147835635,0.0,0.1265660299915899,2.0,4.068249664091903,0.3950958603776545,0.6049041396223455,Spiral,Shear
191,1,0.06582533259025619,0.11011984198530418,0.0899323401433115,3.5,0.3899827922941327,0.1016444947619922,0.1556734317343173,1.3756613756613758,0.5297706192504589,0.4173827497665773,0.5828152887854416,Rectangular,Flexure
105,0,0.06737304121194998,0.11205240346702414,0.08595526418974123,2.857142857142857,0.3961074481127173,0.0808182018164862,0.1407459535538353,1.25,0.7347613405349893,0.37661817049329066,0.6239691888577426,Rectangular,Flexure
331,0,0.05230519465658339,0.13550855614961935,0.13371141231407468,1.090909090909091,0.4749988646265149,0.069075672336845,0.2312963870772824,0.9722222222222222,1.6251997920090395,0.4061086499380256,0.5938913500619744,Spiral,Shear
168,2,0.06682686356826768,0.08519354325429523,0.05676980372121332,4.7,0.3920207541420919,0.0893472910671677,0.4617046818727491,2.6666666666666665,0.5021850676314081,0.4224526856315342,0.5775859605424141,Rectangular,Flexure
315,4,0.08058163386180588,0.09716453960354637,0.07945101999900298,1.0,0.1634716981132075,0.1903689830609228,0.2475369862066248,0.6179775280898876,0.4899783196806555,0.3798691545675312,0.6202465689217638,Spiral,Flexure-Shear
24,2,0.03955011252133046,0.09623065973708222,0.09176226684109436,3.0,0.1983908359909642,0.0925306247446441,0.2999922762029814,1.25,0.46631047512654,0.5315689128343721,0.46996655818166205,Rectangular,Flexure
283,3,0.09921056999315042,0.12607214242170525,0.13557474998946423,2.5,0.4067638483965015,0.0223941517143645,0.0999938490854328,1.6666666666666667,1.2243661511164816,0.3047370380314285,0.6953960452448713,Spiral,Flexure-Shear
201,0,0.05056423561195981,0.13958890905989968,0.12923683166565195,3.916666666666666,0.1229309503617101,0.048127705028581,0.0,1.3229166666666663,0.2754795386188717,0.26991464820326894,0.7301623099274478,Rectangular,Flexure
208,4,0.5639661844600001,0.10485213598620498,0.5136512459451483,3.916666666666666,0.1420130578920206,0.1089823385185393,0.2000139832933836,1.3229166666666663,0.2841766447439349,0.41476790402826147,0.5853327617017839,Rectangular,Flexure
128,4,0.046162948565575075,0.11948629372171934,0.1255076507391062,4.5600000000000005,0.3242123618504666,0.0432283149133955,0.3,2.083333333333333,0.7868914435733787,0.5176425948333245,0.48338684124557585,Rectangular,Flexure
353,5,0.05725566623399921,0.10131731059890745,0.08908428502217115,4.498360655737705,0.2808416265271949,0.0579152303352426,0.0934932061873213,0.7916666666666666,0.3610211893121618,0.32638091181405926,0.6736190881859407,Spiral,Flexure
20,1,0.06304989506442556,0.07327199053485445,0.03584479074547375,4.0,0.2908427573831176,0.137920212638798,0.199951171875,1.1111111111111112,0.3201972645977145,0.48269472490198245,0.5173052750980176,Rectangular,Flexure
173,2,0.0388239149333041,0.064970706839507,0.05241678824264005,4.7,0.4130338227186827,0.0877617316170006,0.4617046818727491,1.91919191919192,0.5235228037703472,0.42650691638033,0.57349308361967,Rectangular,Flexure
186,2,0.025116557656389277,0.13478293547474865,0.13564867759039148,3.004926108374384,0.2900073544936885,0.122203302279735,0.3624058628479151,1.3543859649122807,0.4911993082650706,0.4789591073555289,0.5210408926444712,Rectangular,Flexure
61,1,0.028454113146929763,0.15564858262000458,0.15269966710933786,2.5,0.1311400962741969,0.1105440648159523,0.2538860103626943,0.9722222222222222,0.4237856196418204,0.5165540208065668,0.48344597919343335,Rectangular,Flexure
369,5,0.0704174440614286,0.11325025960975953,0.09092131762827997,4.0,0.2230526023552046,0.0649668223262135,0.0722675411254063,0.8281249999999999,0.3004249610560432,0.3449022496083648,0.6550977503916352,Spiral,Flexure
165,4,0.07590894816047057,0.0975283619328324,0.07276627624871657,4.7,0.2613471694280612,0.0670104683003757,0.4278511404561825,2.6666666666666665,0.485270969404303,0.4422102245280647,0.5578000557346278,Rectangular,Flexure
108,0,0.04231773840483221,0.08365413568114996,0.07197734184114737,2.857142857142857,0.3592035556302301,0.092457895035826,0.1255886970172684,1.692708333333333,0.6244439766092185,0.42816592669678866,0.5718340733032115,Rectangular,Flexure
82,5,0.04825076877668856,0.1318940984687739,0.12212800858990852,2.8721311475409834,0.3632861633384486,0.0661987886150566,0.1149555935583535,1.6931216931216932,0.7628170111050468,0.5000969627310426,0.5013281620156835,Rectangular,Flexure-Shear
313,2,0.058745528414921894,0.07619045284896617,0.04527226443601824,6.0,0.375175965665236,0.0668390691089069,0.1049193101240992,0.8641975308641974,0.2993806458761555,0.38129607216342976,0.6187039278365704,Spiral,Flexure
333,1,0.197012245092726,0.1991349980297058,0.32613119050964995,1.6363636363636362,0.4711054313099041,0.0715158455443966,0.0,0.9722222222222222,1.0220362608387008,0.5005968722325979,0.4994073003628245,Spiral,Flexure
305,4,0.06819138522710153,0.08433204924792874,0.04825306871949975,3.75,0.7252189971496247,0.1155658853630965,0.3514200437614614,0.9909909909909907,0.5728223274780351,0.49709477753238046,0.5029216991239671,Spiral,Flexure
112,4,0.05167486228913001,0.12648304823353546,0.11588856429862585,4.5600000000000005,0.0810530904626166,0.0288188766089303,0.2,3.125,0.4785475406271931,0.32581418190096506,0.6741858180990349,Rectangular,Flexure
276,5,0.05451246712335788,0.11308342592494634,0.09866632748962681,2.0,0.4594871794871795,0.0501446519707601,0.1999639028590479,1.6666666666666667,1.0172615127664126,0.4931964163646589,0.5071525329703724,Spiral,Flexure-Shear
237,4,0.023915910945085436,0.05073265481818118,0.04819479255738231,2.25,0.3038463077461198,0.0606032332957975,0.1579101143550272,2.0158730158730163,0.8362216298696364,0.4473037089246255,0.5526962910753744,Rectangular,Flexure
319,5,0.03542875756827533,0.10541229281024202,0.09649832747315226,2.0,0.3532939746835443,0.1254352589562816,0.2075863966606189,0.7865168539325842,0.4980034092301829,0.40647015783502,0.5935545048749261,Spiral,Flexure
282,4,0.05159660390505282,0.11679252619595316,0.11047403180805462,2.0,0.4177245508982036,0.0229975869402007,0.100067479189515,1.6666666666666667,1.336156006400793,0.32306687317931154,0.6770653519261796,Spiral,Shear
344,1,0.051499116330709215,0.07309819260930393,0.048171009240731325,1.6363636363636362,0.7801904761904763,0.0552702707540645,0.3830463976465049,2.083333333333333,1.5197989599411117,0.3909356263719363,0.6090643736280638,Spiral,Shear
299,0,0.08957170867902814,0.13357337980320788,0.0937318236387601,6.221498371335505,0.1134087342445483,0.0151915558654397,0.0504858467109986,2.083333333333333,0.2801831817963103,0.42147238469179465,0.5794992390040923,Spiral,Flexure
57,2,0.029583462635120978,0.08019112491237027,0.07462548692532094,2.5,0.1771998033670012,0.1493699265541105,0.3999416569428238,0.9722222222222222,0.4198635096689885,0.4577911083528317,0.5422088916471683,Rectangular,Flexure
221,0,0.0519236441764906,0.1715172920425574,0.16413849077248802,6.557377049180328,0.145549104829664,0.1036988580264688,0.3961170963114327,0.8849557522123892,0.218586913017501,0.4587739980028511,0.5412830800300956,Rectangular,Flexure
368,1,0.07189737897467302,0.09923358832798163,0.07022819058974111,8.0,0.4487600395128919,0.0470554576445095,0.281132086683322,1.3333333333333333,0.3680043873427329,0.5215736488090302,0.4875943015845219,Spiral,Flexure
397,2,0.04544402406273146,0.10743719909543001,0.10367817531262684,4.698090692124105,0.1385867845521421,0.0438650292272484,0.0,0.8466666666666666,0.1979925176808568,0.3327614942606226,0.6672385057393774,Spiral,Flexure
148,2,0.047648668789993756,0.13949528229750485,0.12748121209125957,2.0,0.1460085905369636,0.0932920991836366,0.1924887570705374,0.913978494623656,0.522222778820876,0.4634548065551663,0.5365451934448338,Rectangular,Flexure
387,3,0.07931277560593376,0.10943436475362904,0.07027711554598788,6.58,0.1525532444444444,0.0748813269748844,0.4187543391573424,0.7374631268436577,0.2166850372099689,0.5150122785049851,0.48603397382177166,Spiral,Flexure
1,1,0.05572606158130316,0.0716400132124949,0.042075844976596256,2.181818181818182,0.2913315501450661,0.0917997853321692,0.2597402597402597,1.3333333333333333,0.648662878889607,0.4902815615728179,0.5112286716718136,Rectangular,Flexure
83,3,0.04591183141137711,0.1450195284729418,0.14184727794646343,2.8721311475409834,0.3632861633384486,0.0661987886150566,0.1149555935583535,1.6931216931216932,0.7628170111050468,0.4791809806436007,0.5208190193563993,Rectangular,Flexure-Shear
246,1,0.07314617491953963,0.09731257548745663,0.08011997677100356,2.0,0.1671789982056369,0.1128889111594765,0.5668934240362811,1.3123359580052496,0.5287605946555258,0.47567042644038166,0.5243295735596183,Rectangular,Flexure
303,5,0.09401505546344006,0.10963509348780856,0.07597250871025905,7.5,0.7252189971496247,0.1155658853630965,0.2412019391271849,0.9909909909909907,0.2891096231747155,0.42441309400932065,0.5755869059906793,Spiral,Flexure
334,2,0.047433214737985056,0.15770370309370507,0.1656717510779117,1.090909090909091,0.4711054313099041,0.0333740612540517,0.1156481935386412,2.083333333333333,2.3032579711370857,0.4164199096084087,0.5835800903915912,Spiral,Shear
298,0,0.04104925064288697,0.14283366427346333,0.13472442324213066,2.0,0.4108108108108108,0.0530674434728005,0.3899296105751435,1.0,0.9287197968509692,0.40807812561271767,0.5919218743872823,Spiral,Flexure
6,1,0.04582155752994966,0.0800179677505302,0.07014226191480973,4.0,0.2575603321119055,0.0977384381116824,0.21,1.5,0.3870776191097969,0.4874880684420328,0.5125119315579673,Rectangular,Flexure
118,2,0.04246615504306852,0.1131724434055327,0.11669323337682044,4.5600000000000005,0.0810530904626166,0.0864566298267911,0.3,1.0416666666666667,0.2771842030326142,0.4774762738857464,0.5225237261142537,Rectangular,Flexure
104,5,0.07275363247141235,0.12460153132862062,0.08894595865430817,2.857142857142857,0.3161591558330862,0.0322531355873133,0.0,2.5,1.0323673510773903,0.2721906895776262,0.7278093104223738,Rectangular,Flexure
220,1,0.05155107376112123,0.07274317442420498,0.05334100813963506,6.557377049180328,0.1110559025167279,0.0344646971879723,0.3710381053557547,1.91740412979351,0.4106553964058349,0.4427986366773192,0.5572013633226808,Rectangular,Flexure
318,5,0.07599268718107448,0.21820975279110974,0.23945195705827638,2.0,0.2495707544303797,0.0315914655780284,0.1037931983303094,1.5811965811965814,0.7856197729731355,0.4632979250475615,0.5369880127937563,Spiral,Flexure-Shear
289,0,0.06361883580863663,0.11303041714824802,0.09539519268958963,2.0,0.4319504643962848,0.0363277045237086,0.0,2.2222222222222223,1.1747270513412311,0.31962222244383137,0.6803777775561686,Spiral,Flexure-Shear
119,2,0.06185462057755608,0.10027440269000383,0.09108491486099178,4.5600000000000005,0.0810530904626166,0.0864566298267911,0.2,1.0416666666666667,0.2345321282928151,0.4411902718600824,0.5588097281399177,Rectangular,Flexure
288,3,0.04747946198430507,0.09785578569975789,0.07902980868097174,2.0,0.4515210355987055,0.0179077251142401,0.0,3.6666666666666665,1.669565854845116,0.2943536373857224,0.7056463626142775,Spiral,Shear
172,2,0.03442617185505746,0.07938785113738732,0.0683598289095036,4.7,0.3920207541420919,0.0877617316170006,0.2307322929171668,1.91919191919192,0.4865821391852996,0.4473175123325932,0.5526824876674067,Rectangular,Flexure
21,4,0.05503296372282895,0.08488911617699259,0.06860865559579521,4.0,0.2908427573831176,0.137920212638798,0.199951171875,1.1111111111111112,0.3201972645977145,0.5159374211657682,0.4840625788342317,Rectangular,Flexure
329,4,0.05921309006979673,0.10389018997896288,0.07713831382101001,1.090909090909091,0.5348008799571913,0.0272202874262639,0.2604164358100339,2.7777777777777777,2.531022062264917,0.36410406248264154,0.6358959375173585,Spiral,Shear
95,2,0.04646862101319464,0.14522726882964646,0.14204444337495323,5.495081967213115,0.1831290196430993,0.0442796912618901,0.265758905909403,2.2280701754385963,0.4151514406429186,0.4846511093825285,0.5153488906174715,Rectangular,Flexure
363,5,0.04062960111102279,0.08576363540664328,0.06978587181605633,1.9912472647702408,0.6936803965681287,0.1529045388628064,0.1480568822484718,0.5905511811023623,0.715319910010955,0.397238816119101,0.6027611838808989,Spiral,Flexure-Shear
102,4,0.05242648215396572,0.08181915412780376,0.057947380486467186,3.00218818380744,0.2168137751045223,0.1067390101346243,0.2059025637147512,1.3385826771653546,0.418819547804882,0.4621064775025436,0.5378935224974564,Rectangular,Flexure
266,5,0.04462292288622285,0.09669782168440937,0.07923772936911236,2.0,0.2418215384615384,0.1049833852724085,0.7367377536629959,0.5729166666666666,0.4392805725864854,0.5139876432874161,0.48601235671258386,Spiral,Flexure
226,4,0.074161671558684,0.08860614101213872,0.04957442307568543,6.557377049180328,0.1047048861983049,0.0837958240950657,0.506046270316161,0.8849557522123892,0.2463802441743374,0.42030221144953955,0.5796977885504604,Rectangular,Flexure
270,1,0.03747011538108032,0.15740903572617784,0.1609638793439375,2.0,0.4559477124183006,0.0245777203043764,0.0,2.75,1.4809772199367044,0.4207388261201187,0.5792611738798813,Spiral,Shear
174,4,0.07085738606995293,0.08222533473547718,0.043139468026976054,4.7,0.4130338227186827,0.1786945821343354,0.4617046818727491,1.3333333333333333,0.3136615879381742,0.4781987471552839,0.5240139129285271,Rectangular,Flexure
314,4,0.05166847398959971,0.08566429897522948,0.06588615641277928,1.5,0.0888074626415094,0.1333436553996239,0.1414497064037856,0.9363295880149812,0.2674987814728254,0.4406337256706827,0.55972534136747,Spiral,Flexure
355,1,0.06313026106811588,0.09326346533238557,0.08392614188934175,4.498360655737705,0.3380501060049569,0.0697127772553846,0.1013856923953268,0.7916666666666666,0.3605814858759095,0.3030838910632844,0.6981581333513598,Spiral,Flexure
365,3,0.030156477320171775,0.3092832446836305,0.3054533666980916,1.9912472647702408,0.720349014975276,0.1720176062206572,0.3333892619100884,0.5249343832020998,0.6811417752409096,0.4124646188391124,0.5875353811608875,Spiral,Flexure
295,5,0.07599876923294471,0.07981689620149977,0.029408287999279113,4.0,0.2333538461538461,0.0597086323050691,0.738642171785463,0.95,0.4121736351922188,0.4800626329334253,0.5199373670665747,Spiral,Flexure
60,1,0.05222034815848819,0.10327181819700139,0.10963403836421319,2.5,0.1311400962741969,0.0458193498492474,0.2538860103626943,0.9722222222222222,0.7361143191322704,0.5444136682270856,0.45565382398799154,Rectangular,Flexure
144,1,0.05755886289435498,0.07847735698749148,0.03425982964315148,3.2222222222222223,0.3945567505589216,0.0271210218311461,0.2836606980403503,5.347368421052632,1.145922848537989,0.39938378888759773,0.6006162111124023,Rectangular,Flexure-Shear
17,5,0.06506227144711996,0.07390833350973343,0.03105695447636638,4.0,0.1786937901361874,0.1674710545336712,0.7,0.7222222222222222,0.2569309458093186,0.48011904068497285,0.5198809593150271,Rectangular,Flexure
27,2,0.03530297912285401,0.16619363653493516,0.1645558725340153,1.5,0.1297515587048026,0.1396953113777115,0.3332038834951456,0.9696969696969696,0.5047089002602484,0.5867967631956421,0.4132939058243765,Rectangular,Flexure
114,4,0.0525750319620865,0.09048987136608583,0.06614155219812272,4.5600000000000005,0.0810530904626166,0.0432283149133955,0.3,2.083333333333333,0.4378615678539381,0.459571551135784,0.5409824480100883,Rectangular,Flexure
10,0,0.05010852622085988,0.0849676600673696,0.06804703576466996,4.0,0.1681380388201257,0.0191754126063525,0.3,2.611111111111111,0.8301052803842227,0.48374584098546136,0.5162541590145385,Rectangular,Flexure
293,2,0.07777727153531772,0.08000075528029135,0.022522762760715943,4.0,0.3195259259259259,0.0903692701588175,0.6130412622798932,1.25,0.3761674710296161,0.5149268041719232,0.48507319582807673,Spiral,Flexure
359,3,0.08072802133735912,0.1195608657179618,0.09780272078855386,6.0,0.2932552861349178,0.0410696419055504,0.1481933204537532,1.0,0.3835846773122155,0.4589770301202995,0.5420069701626188,Spiral,Flexure
375,5,0.0663201866411474,0.09688807640136031,0.09822686163337824,8.0,0.3479286155432214,0.0730848949551309,0.0905565245626531,0.6614583333333331,0.202285045352344,0.44428861551449167,0.5557113844855082,Spiral,Flexure
26,4,0.03225978972488869,0.06055460828902928,0.04270456309037031,2.973333333333333,0.3027140579221095,0.1202184735237544,0.1000619578686493,1.1111111111111112,0.4134315904828285,0.5187775215073833,0.48154459196825766,Rectangular,Flexure
285,4,0.04593250254994965,0.10944434591269034,0.09466102759719804,1.5,0.4055813953488372,0.0167467893270938,0.0999344991507249,2.2222222222222223,1.9320912066252085,0.3076784205718542,0.6923215794281459,Spiral,Shear
294,4,0.0561912089030128,0.06585856254507338,0.03235077860045307,4.0,0.2275199999999999,0.0278255349317953,0.527598636349633,1.75,0.6682423237992285,0.46781792101664493,0.532182078983355,Spiral,Flexure
152,2,0.043422415063106866,0.05663591631008095,0.04422513472116999,2.0,0.0620035612233917,0.1533708310271086,0.5991211550533584,1.1718749999999998,0.3889716676777381,0.5264188945931678,0.4735811054068323,Rectangular,Flexure
76,2,0.07493198978890148,0.1368852412771551,0.13010128600717216,2.8721311475409834,0.4648949369924974,0.060918046641502,0.1471079243237167,2.354497354497355,0.9492901343385364,0.4449870387673002,0.5550129612326998,Rectangular,Flexure-Shear
11,2,0.05040015780370275,0.08471970452683057,0.06842721314932258,4.0,0.2344538404375138,0.1105359379490836,0.2230565371024735,1.95,0.3428120328803654,0.4641457052789461,0.535854294721054,Rectangular,Flexure
56,0,0.033247739124898805,0.08331201803962492,0.07358678906386541,2.5,0.1771998033670012,0.0619122603563926,0.3999416569428238,0.9722222222222222,0.7321473083720326,0.5162447672864829,0.4841376873189272,Rectangular,Flexure
401,1,0.046036355596095875,0.08709077828621081,0.06946529121338671,4.698090692124105,0.163271043034654,0.0438650292272484,0.1028987116985612,0.8466666666666666,0.3159222419092595,0.36000424558755006,0.6400867379231172,Spiral,Flexure
304,1,0.057150289792780605,0.200859193497861,0.19291094240400652,3.75,0.7252189971496247,0.1155658853630965,0.2412019391271849,0.9909909909909907,0.570570012718192,0.491301222065704,0.508698777934296,Spiral,Flexure
312,3,0.05830379989253748,0.06727124162570441,0.04258877198386297,3.0,0.3597366255144033,0.1217567542920903,0.2003649390562659,0.4838709677419354,0.3737755729378513,0.4119640641703459,0.5880359358296541,Spiral,Flexure
113,5,0.03999150219882273,0.08970342662111805,0.07812587528775092,4.5600000000000005,0.0810530904626166,0.0432283149133955,0.2,2.083333333333333,0.3797668651711147,0.3408079373296652,0.6591920626703348,Rectangular,Flexure
179,3,0.04556806187581966,0.24176849882667503,0.2432977972539583,3.004926108374384,0.1683970547377035,0.0718760734945415,0.2108040209848178,1.336842105263158,0.5063099927134541,0.530523171948561,0.46948951879914463,Rectangular,Flexure
386,5,0.08337073086161982,0.10017015446120951,0.06886431531518097,6.58,0.1525532444444444,0.0785398163397448,0.4187543391573424,1.1111111111111112,0.2092100197404387,0.516326717141129,0.48426975295262814,Spiral,Flexure
354,0,0.06548858427396805,0.09351579979524872,0.06967091615464728,4.498360655737705,0.3380501060049569,0.0697127772553846,0.1013856923953268,0.7916666666666666,0.3605814858759095,0.3381627290216282,0.6618372709783718,Spiral,Flexure
328,0,0.03205684736914912,0.060215391409799354,0.046034015921590836,1.090909090909091,0.5180301206553979,0.0,0.2522500667428203,2.0,3.5851316547384924,0.34690618842293747,0.6530938115770625,Spiral,Shear
338,0,0.02977315978719008,0.1935963420616066,0.19080850837144783,2.181818181818182,0.4834622950819672,0.0342494464672728,0.118681588778999,2.083333333333333,1.215604912243873,0.5066607685641126,0.4933392314358874,Spiral,Flexure
277,2,0.0607246776863774,0.13661285480973087,0.11446020691016784,2.0,0.4794648829431438,0.0293145267676104,0.1998751877291194,1.6666666666666667,1.2932679600492083,0.24886617087667454,0.7511338291233254,Spiral,Flexure-Shear
51,1,0.0480161871338971,0.08213869007258089,0.07012281848524478,3.0,0.2445272221709214,0.0539543202829421,0.1187096774193548,1.5151515151515151,0.597758465289246,0.2540661815932025,0.7460452269422451,Rectangular,Flexure
373,4,0.05424762951608694,0.06829904377275457,0.03289491392177151,4.0,0.4461052047104093,0.0649668223262135,0.0722675411254063,0.8281249999999999,0.5317759914540684,0.33679949654569963,0.6632005034543004,Spiral,Flexure
142,5,0.028828193043169803,0.17045049230262768,0.17081912304027277,3.2222222222222223,0.374022198485223,0.0100821642494967,0.0894547201917387,8.021052631578947,1.5239557303264712,0.19115167957524515,0.8088483204247549,Rectangular,Shear
271,2,0.05414734108061509,0.10107731741574932,0.10575686297168624,2.0,0.4486173633440514,0.0372748453110814,0.0,1.1111111111111112,1.1927604459132382,0.3515295489175735,0.6484704510824264,Spiral,Flexure-Shear
416,3,0.05124160029089073,0.10370890221033185,0.100432172199226,2.0,0.1908345683678547,0.0039034513632485,0.0020645407395238,3.455782312925169,0.9893647715066765,0.30520473729907843,0.6947952627009215,Spiral,Shear
163,4,0.050122960070970994,0.11157018822026213,0.08875348121171737,6.039344262295082,0.1143154929601453,0.0631970938082168,0.4500160720025715,1.3864306784660765,0.3246690681481317,0.4316470262820025,0.5692282192997542,Rectangular,Flexure
66,4,0.06567284029813505,0.10731145217893628,0.08032844852423823,2.0,0.092643441806449,0.0407301962123701,0.3499095477386935,2.0,0.7989298367630033,0.4647279610907291,0.5361672239627825,Rectangular,Flexure
362,4,0.04875494663093795,0.08934736586869102,0.08681415423451262,1.9912472647702408,0.2626828632145348,0.0564512835917607,0.1500905091769369,1.0526315789473684,0.666840692454253,0.41636607784628415,0.5836339221537159,Spiral,Flexure
16,0,0.07689895049277952,0.08555566464526634,0.03307495250961464,4.0,0.1832756821909614,0.0622669313159055,0.7,1.6041666666666667,0.4898662098732854,0.4390113215126942,0.5609886784873057,Rectangular,Flexure
291,0,0.048351923113682346,0.14021188725507666,0.13634455847325658,1.5,0.2887804878048781,0.0,0.0,2.0,2.303491406410322,0.2960753243242669,0.703924675675733,Spiral,Shear
356,1,0.06759556034638779,0.08267498024688896,0.0634131227651512,4.498360655737705,0.3380501060049569,0.0697127772553846,0.1013856923953268,0.7916666666666666,0.3605814858759095,0.30996379879249947,0.6900362012075005,Spiral,Flexure
139,4,0.036665692891200224,0.15495687381639597,0.141414463402474,3.2222222222222223,0.251722868152559,0.0106356948357435,0.2836606980403503,8.021052631578947,1.10201696523192,0.37515378833259494,0.6248462116674052,Rectangular,Flexure-Shear
301,2,0.0678982528685489,0.1705899971452882,0.1564457019686704,2.931596091205212,0.1225698854787875,0.0164187289019237,0.0545640905957311,2.083333333333333,0.5053963870467643,0.4613335332199152,0.5410939500497621,Spiral,Flexure-Shear
141,3,0.07099783563242633,0.08901744002350416,0.033696483551795775,3.2222222222222223,0.3645361282337861,0.0250574658222545,0.262077818841628,5.347368421052632,1.1392106467999783,0.37120038231665237,0.6287996176833477,Rectangular,Shear
272,4,0.0271096681417948,0.09093460868192343,0.09127739809331441,1.5,0.4635215946843853,0.025675474843292,0.0,1.6666666666666667,1.959991531834249,0.3110570929141938,0.6889429070858062,Spiral,Shear
7,2,0.05127407566868035,0.1161198605026766,0.1036821503289651,4.0,0.1446348721033339,0.0354417751862286,0.1,2.023809523809524,0.4865796836601485,0.49548802637240147,0.5045119736275986,Rectangular,Flexure
343,2,0.029061481794542814,0.18641104473492415,0.17926770234574138,2.181818181818182,0.4772038834951457,0.0338060879369521,0.2342905150653379,2.083333333333333,1.183978597722823,0.5089763387388873,0.4910236612611128,Spiral,Flexure
50,3,0.06528936103718459,0.1323604016340868,0.1163354108553528,3.0,0.2173575308185968,0.0689416314726482,0.1055197132616487,1.5151515151515151,0.476614025346575,0.5042123894160582,0.5020486630150809,Rectangular,Flexure
115,3,0.07314451392370407,0.11081728139369135,0.08833779912942852,4.5600000000000005,0.0810530904626166,0.0432283149133955,0.3,2.083333333333333,0.4378615678539381,0.455413763542875,0.544586236457125,Rectangular,Flexure
31,5,0.03858563636753481,0.1187343615255198,0.11181587542440305,4.0,0.20693024755868,0.0416846908295117,0.0320060483870967,1.851851851851852,0.4528985576643131,0.5343807472556484,0.46561925274435145,Rectangular,Flexure
45,3,0.0631176915534288,0.09992845356394207,0.07306451151302287,3.0,0.2622702346798754,0.1190965639483435,0.7012261284722222,1.3333333333333333,0.4437507760041941,0.522629701287103,0.482296850197978,Rectangular,Flexure-Shear
399,3,0.05353974549508827,0.10660414407073798,0.09433332830225068,4.698090692124105,0.1586245943791223,0.0438650292272484,0.1028987116985612,0.8466666666666666,0.3101990331631684,0.37514837046286337,0.6248516295371366,Spiral,Flexure
177,5,0.03595801952922518,0.13181930860789623,0.12492207771862779,3.004926108374384,0.1626844702849495,0.0694377996149332,0.1020053828777415,1.336842105263158,0.4299826822788952,0.49993816471547775,0.5000618352845222,Rectangular,Flexure
25,4,0.03557986276539347,0.08541772313512938,0.06956398716581332,3.0,0.1983908359909642,0.0925306247446441,0.2999922762029814,1.25,0.46631047512654,0.5613595324645908,0.43864046753540914,Rectangular,Flexure
197,4,0.06704105451789456,0.18743184496752577,0.17427558844925778,3.600393700787402,0.0,0.0,0.1199842612997491,1.25,0.5958602917261285,0.45503175440220117,0.5449682455977988,Rectangular,Flexure
178,3,0.03613188826878348,0.130710481084012,0.11751597522032517,3.004926108374384,0.1629687346048603,0.0686717672102935,0.1020053828777415,1.3543859649122807,0.4338326201985894,0.506347831552184,0.4936521684478161,Rectangular,Flexure
415,1,0.04727922977546551,0.10529056755337139,0.08559818888429072,2.0,0.2304917506290236,0.0045443165124386,0.0024034951892964,3.455782312925169,1.0965927247136331,0.32056501540716886,0.6794349845928311,Spiral,Shear
181,4,0.028504494612318746,0.08684111980708914,0.0853445728652066,3.004926108374384,0.291029210694448,0.124218543902176,0.0,1.336842105263158,0.3401808241119036,0.38675820649211606,0.6132417935078839,Rectangular,Flexure
120,1,0.051849313755990015,0.09717319208639287,0.08269774152953088,4.5600000000000005,0.0810530904626166,0.0864566298267911,0.3,1.0416666666666667,0.2771842030326142,0.4659383755961323,0.5340616244038676,Rectangular,Flexure
176,2,0.03269800111079889,0.13767435770151024,0.1280001673163309,3.004926108374384,0.1622985079540362,0.0535658231327001,0.0495093276968009,1.336842105263158,0.45659162347404,0.43457789220372217,0.5654221077962779,Rectangular,Flexure
46,0,0.08733150014621346,0.09749782857645044,0.05651566343183164,3.0,0.2622702346798754,0.1190965639483435,0.7012261284722222,1.3333333333333333,0.4437507760041941,0.4388697485390913,0.5611302514609088,Rectangular,Flexure-Shear
4,3,0.03503927914870543,0.05624999871239548,0.0474578493783893,2.181818181818182,0.2863727152489799,0.1659730037840862,0.5999648320731493,0.8611111111111112,0.4673636988438908,0.46816731427686187,0.531832685723138,Rectangular,Flexure
116,0,0.049673240222071646,0.11706426182740005,0.11797371047901027,4.5600000000000005,0.0810530904626166,0.0432283149133955,0.2,2.083333333333333,0.3797668651711147,0.395857154818733,0.604142845181267,Rectangular,Flexure
244,5,0.07684861510024214,0.11845061679889018,0.11117024705073937,2.5,0.2982027419539741,0.0648371249783425,0.6,1.6666666666666667,0.7709246005897303,0.5125861785743082,0.48741382142569184,Rectangular,Flexure
225,0,0.07347286308016523,0.13930107105911904,0.14009330605033615,6.557377049180328,0.1096144933023403,0.1447170835265416,0.5297747557185456,0.8112094395280235,0.1656912034910311,0.3770654263989897,0.6229345736010103,Rectangular,Flexure
137,0,0.03577770432814297,0.14185766768904085,0.14100743143316727,3.2222222222222223,0.374022198485223,0.0100821642494967,0.0894547201917387,8.021052631578947,1.5239557303264712,0.22367458259984305,0.7763254174001568,Rectangular,Shear
103,0,0.04277536447282739,0.12417106466334313,0.12126161948075846,3.00218818380744,0.2140899839599931,0.0800197660364509,0.3103875077353259,1.7894736842105263,0.5452513813835986,0.4898655752464138,0.5101344247535863,Rectangular,Flexure
213,4,0.07172495628789702,0.19374099371362305,0.17904333996640381,3.2222222222222223,0.5097281045486892,0.0390138960079417,0.6051369542327173,5.347368421052632,1.0245732611885647,0.4939517617693766,0.5118977730280068,Rectangular,Flexure-Shear
292,0,0.05264232266646789,0.08450451968775076,0.062070032023507936,4.0,0.2670959752321981,0.0419671533245282,0.1367352839256995,2.25,0.5111847310819113,0.48803993875122875,0.5119600612487712,Spiral,Flexure
284,1,0.0647567491550707,0.12860567823740662,0.1281596652612411,1.5,0.3986285714285714,0.0219462686800772,0.100040249943477,1.6666666666666667,1.761817228178305,0.29588726713339203,0.704112732866608,Spiral,Shear
357,2,0.06708706287006902,0.17394471874270503,0.15115785455231334,1.4991803278688525,0.0801031765654393,0.0166563932518195,0.0573716286842055,1.984375,0.5565166020669209,0.3786013236243019,0.6215230903498055,Spiral,Flexure-Shear
12,4,0.04658735649390544,0.06851289424330118,0.052720079363428346,4.0,0.1654624360194923,0.0992072926767892,0.3899625935162095,1.5333333333333334,0.3663062582104558,0.4643931011849069,0.5371149692562065,Rectangular,Flexure
383,3,0.06399049017642418,0.07954553084336279,0.057322559058538544,6.58,0.1525532444444444,0.0518292974672236,0.4187543391573424,1.0416666666666667,0.2796412016605888,0.5096430143410806,0.49048815456178074,Spiral,Flexure
210,5,0.08809400157544471,0.10156962655396078,0.057320638549629245,3.916666666666666,0.1335249210984745,0.0683123010790537,0.1999365429126771,1.984375,0.3961636165757645,0.48680258709344454,0.5141018419976322,Rectangular,Flexure
53,4,0.04558185370942052,0.0863554998524192,0.06806947410135973,3.0,0.2173575308185968,0.0689416314726482,0.1055197132616487,1.5151515151515151,0.476614025346575,0.29641679361260737,0.7038882319271605,Rectangular,Flexure
229,4,0.03160632149152352,0.06951832208267598,0.06428823503578934,2.25,0.3445484611202107,0.1374428468515284,0.0891962670045104,1.007936507936508,0.5129290691185904,0.4943350156371022,0.5057081265157427,Rectangular,Flexure
377,5,0.054217952649594774,0.10371347406088466,0.09076006776574651,3.0,0.2734512101910828,0.0334342607418883,0.0450544778745634,1.7017543859649122,0.6425319835986391,0.391939904627234,0.6084174796456765,Spiral,Flexure
154,5,0.04072459694645922,0.08976596650419166,0.08693835846229615,2.0,0.0620035612233917,0.1533708310271086,0.3496965892446118,1.1718749999999998,0.3534259679195131,0.5412483545547241,0.458762177692321,Rectangular,Flexure
69,5,0.08854485262793307,0.11896985894146958,0.1119020397216525,2.0,0.092643441806449,0.0592534895802698,0.3499095477386935,2.0,0.6778157230307,0.4778490491409231,0.5224337512516589,Rectangular,Flexure
360,1,0.08017259467917151,0.12806448928483627,0.11480795907292053,1.9912472647702408,0.2702272796515058,0.0580725998306886,0.3068922873330327,1.0526315789473684,0.7143460152890663,0.39657383572153626,0.603963197735969,Spiral,Flexure
65,5,0.07295007998423518,0.13411754095778125,0.12103647863410583,1.5,0.2975403315468571,0.1333872229663706,0.6162790697674418,1.9444444444444444,0.7587374521546973,0.46613359297497475,0.5339786399840964,Rectangular,Flexure-Shear
403,1,0.06971814385481698,0.16712378106841652,0.14623710241798685,5.333333333333333,0.358330731385667,0.0540565044171587,0.0430849462315006,1.336842105263158,0.3701579875120211,0.5633104015862341,0.43670354492835994,Spiral,Flexure
106,2,0.04184007548778873,0.06836286285918136,0.044672721851263905,2.857142857142857,0.4387811167960234,0.1318346917131431,0.1530612244897959,0.8333333333333334,0.56355573833565,0.3841390035992394,0.6158609964007606,Rectangular,Flexure
29,3,0.046363191043403695,0.19309087913021966,0.16503728891819902,1.5,0.2237958032680615,0.1945917449598534,0.35,0.6060606060606061,0.5190835774856802,0.3683860552599985,0.6316288551775661,Rectangular,Flexure-Shear
63,1,0.0368988160421292,0.13998057401784353,0.13172158037717133,2.5,0.1311400962741969,0.1105440648159523,0.4229274611398964,0.9722222222222222,0.4826730477396071,0.4972676583762975,0.5027323416237025,Rectangular,Flexure
171,1,0.06967158172163981,0.10700955682342497,0.07843793975699573,4.7,0.3920207541420919,0.0877617316170006,0.4617046818727491,1.91919191919192,0.5080437016339787,0.4721211936343301,0.5279334138386654,Rectangular,Flexure
402,1,0.05050796772065091,0.09625282543405222,0.08110592916957596,4.698090692124105,0.1586245943791223,0.0438650292272484,0.1028987116985612,0.8466666666666666,0.3101990331631684,0.38446246007802837,0.6160119616281217,Spiral,Flexure
341,0,0.05091033394743443,0.1498561838576802,0.14575958482719345,1.090909090909091,0.4741350482315112,0.0335886854421807,0.2327838236501267,2.083333333333333,2.2408095158667507,0.3979897989503244,0.6020102010496756,Spiral,Shear
14,5,0.042110326899942825,0.04762698550151378,0.022826524914312907,4.0,0.1786937901361874,0.0285688581935821,0.5,2.6666666666666665,0.7481584131326527,0.47883969378130414,0.5211603062186959,Rectangular,Flexure
22,3,0.06135933022173798,0.10954525657162785,0.12253032765776992,3.0,0.199010807353436,0.0759434587747945,0.1,1.5277777777777777,0.4246670963405309,0.5055776998725227,0.49442230012747723,Rectangular,Flexure
327,1,0.05215219209451383,0.14512428828630883,0.1310086190584757,1.090909090909091,0.3282000985167752,0.0501141715529892,0.1198605449589228,1.3888888888888888,1.427090433257014,0.40740571237865997,0.59259428762134,Spiral,Flexure-Shear
385,3,0.05497064951618945,0.07300620161544688,0.04088364075968691,6.58,0.1525532444444444,0.0785398163397448,0.2093771695786712,1.1111111111111112,0.1734527065755909,0.5105876760022274,0.4894135133461473,Spiral,Flexure
223,3,0.04788371148026346,0.1256366427034523,0.12108048431373057,6.557377049180328,0.1046092652976672,0.1531450577347175,0.4123210361038607,0.8112094395280235,0.1496013067124592,0.4164442826779198,0.5835557173220803,Rectangular,Flexure
126,4,0.0382589872768138,0.0712983534659091,0.05281948846971201,4.5600000000000005,0.3242123618504666,0.0432283149133955,0.2,2.083333333333333,0.7609223826520778,0.48490387655009404,0.5150961234499061,Rectangular,Flexure
18,1,0.050888321047065914,0.08359173483443881,0.07167651580774506,4.0,0.2908427573831176,0.137920212638798,0.199951171875,1.1111111111111112,0.3201972645977145,0.5244549444720281,0.47554505552797194,Rectangular,Flexure
290,4,0.060411217044151,0.10142178497878801,0.07353536306013189,2.0,0.4215105740181268,0.0334349671317232,0.0,1.8333333333333333,1.20504572268205,0.3051434317186844,0.6948565682813156,Spiral,Flexure-Shear
156,2,0.051150691146795074,0.10073589534085434,0.0879891604218085,7.637795275590553,0.1019904935522901,0.0084387754544073,0.339495040428016,6.047619047619048,0.4518303279873847,0.4198611596695713,0.5829188901795476,Rectangular,Flexure
52,0,0.04171322094838319,0.08153171131586999,0.06581390222755186,3.0,0.2173575308185968,0.0689416314726482,0.1055197132616487,1.5151515151515151,0.476614025346575,0.29188459602609296,0.7097294754306526,Rectangular,Flexure
278,3,0.035258007027199556,0.11807714993649311,0.10882376395653251,1.5,0.4878321678321678,0.0540441813135027,0.0998892037936895,0.8333333333333334,1.3516951257321212,0.3035810978039776,0.6964189021960224,Spiral,Flexure-Shear
13,0,0.04960696401177093,0.0831412895848452,0.06243093151787041,4.0,0.1743354050109145,0.0563046054627113,0.5,1.6875,0.545196676134645,0.5015982886002534,0.49840171139974676,Rectangular,Flexure
286,1,0.03328092467508014,0.11968763455390673,0.11163317190112748,1.75,0.4202724795640327,0.0156972630204912,0.1749837044620702,2.2222222222222223,1.698326554935525,0.2691328384939099,0.7308671615060902,Spiral,Shear
224,4,0.0682640639332998,0.08263064487761944,0.055972951700626945,6.557377049180328,0.1099300820546503,0.1106425276160432,0.3713941879904531,1.1799410029498525,0.1906018747522021,0.3955444394953953,0.6053649919692929,Rectangular,Flexure
151,0,0.03338908383410273,0.06844156957967482,0.0651235460865425,2.0,0.0620035612233917,0.0967764362934645,0.5991211550533584,1.4705882352941178,0.5159503116463756,0.542588665911399,0.457411334088601,Rectangular,Flexure
34,4,0.04251271056373107,0.1318225739792044,0.12354264982134389,2.0,0.3285013187775414,0.0502182009626502,0.153010033444816,1.5151515151515151,0.9850778241218324,0.34743243356221026,0.6525675664377897,Rectangular,Flexure-Shear
273,3,0.04079947436451286,0.13007460090038825,0.11463114219935969,2.0,0.4859661016949153,0.0222840089072428,0.0,2.2222222222222223,1.62810669260053,0.24826408179907916,0.7517359182009208,Spiral,Shear
228,5,0.033597241355681685,0.05135253529509208,0.042306989436782134,2.25,0.3281900772094588,0.0654586852215736,0.0849614294019224,2.0158730158730163,0.8061712829162269,0.4696572204210652,0.5303427795789347,Rectangular,Flexure
167,3,0.0377940106303823,0.10404816455287977,0.0936735107641169,4.7,0.2613471694280612,0.1340209366007515,0.1995198079231692,1.3333333333333333,0.2656232507328804,0.4424690717986107,0.5575309282013893,Rectangular,Flexure
274,4,0.07240223868618455,0.22269549288849447,0.23605144232823425,2.0,0.4995121951219512,0.0610804425332092,0.1999141358349417,0.8333333333333334,0.9680726335871248,0.4879822463036091,0.5121547728416226,Spiral,Flexure-Shear
44,5,0.06434799829802386,,,2.0,0.3579802255346166,0.2763491834554928,0.8997334123222749,1.3333333333333333,0.3251456110414734,0.4242331521197215,0.5757668478802785,Rectangular,Flexure-Shear
2,2,0.048539224801290935,0.12302654509165205,0.1112776812776987,2.181818181818182,0.1625545605881891,0.0837095781636363,0.2139976843534155,1.0416666666666667,0.523924079239485,0.5278727912310537,0.47395509698181565,Rectangular,Flexure
140,5,0.05231576991689259,0.10831673980559117,0.10680966828690842,3.2222222222222223,0.3645361282337861,0.0098264571851978,0.262077818841628,8.021052631578947,1.425095045132254,0.2715423176198901,0.72845768238011,Rectangular,Shear
59,2,0.03207225808796976,0.05493730701785002,0.04362703971560334,2.5,0.1771998033670012,0.1493699265541105,0.6289381563593932,0.9722222222222222,0.4249249110719393,0.45490038629108276,0.5450996137089172,Rectangular,Flexure
68,5,0.08797318573683162,0.1525470317933337,0.14048336668299616,2.0,0.092643441806449,0.0219037944075412,0.3499095477386935,1.818181818181818,0.9762176536582098,0.3946859072302548,0.6053140927697451,Rectangular,Flexure
269,5,0.09257873177725469,0.09907524172890256,0.08275045184248367,2.5,0.3875555555555555,0.0214675497995302,0.0,1.6666666666666667,1.2634613495159657,0.3009630484775938,0.6990369515224062,Spiral,Flexure-Shear
192,2,0.051682831517302255,0.10128411140863977,0.0819737323808479,3.5,0.3943482713123507,0.102782306270522,0.2098880597014925,1.3756613756613758,0.5461286297716522,0.36956124251740047,0.6304387574825995,Rectangular,Flexure
281,5,0.08639491169662485,0.10448369292156466,0.10827413555617223,2.0,0.240551724137931,0.0220723966609972,0.0,1.6666666666666667,0.8489598591578973,0.3460046836851986,0.6539953163148015,Spiral,Flexure-Shear
212,0,0.05155934914213525,0.1171062130204145,0.09879839419949678,3.2222222222222223,0.5097281045486892,0.0390138960079417,0.1512275565654636,5.347368421052632,1.1648670009183122,0.2657466338836969,0.734333533985024,Rectangular,Flexure-Shear
183,5,0.034851171780177895,0.1744820771456478,0.16930861980239453,3.004926108374384,0.2338711418964994,0.0771880184272449,0.1431876803128545,1.336842105263158,0.5220121565366791,0.4424835995901568,0.5575864967441101,Rectangular,Flexure
316,2,0.060701724775789646,0.2046929534727911,0.20419003598488608,2.0,0.1370886075949367,0.0402103029328457,0.2075863966606189,1.7796610169491522,0.5540116198929973,0.4963021122653703,0.5037113382980791,Spiral,Flexure
101,4,0.03203630414648979,0.2004580074809913,0.2018718337179293,1.498360655737705,0.3767542662236212,0.0122245363569698,0.1035432090665022,5.833333333333333,2.2133958786422734,0.35909842820659255,0.6409015717934076,Rectangular,Shear
300,2,0.08912047811887333,0.155153768511694,0.12143803619777573,6.221498371335505,0.1215541129471953,0.0162826620878193,0.0947891248821173,2.083333333333333,0.3157237110615077,0.42597029807277453,0.5753827613676744,Spiral,Flexure
219,0,0.051955227458378446,0.09197545536156453,0.06340883777203764,6.557377049180328,0.1130376979162133,0.0344163403111726,0.2640687436957026,1.91740412979351,0.379560746716228,0.4150924089886477,0.5849075910113524,Rectangular,Flexure
394,5,0.044684683637871404,0.08501544103596666,0.06436659217396835,5.999015748031496,0.2441301603163874,0.0089631860669541,0.1869728508666061,3.307291666666666,0.6461033519553142,0.4927330991042237,0.5077451177725291,Spiral,Flexure
55,2,0.04549532828556778,0.13353191404665885,0.13468531638492603,1.25,0.3222606488835563,0.0163848243082742,0.4451926674148896,2.6791666666666667,2.070953323625844,0.4199808515586856,0.5800191484413144,Rectangular,Shear
5,0,0.04002115408259523,0.058817860298854774,0.04430788349757123,4.0,0.2728393348643067,0.1533523193616712,0.3800317796610169,1.3888888888888888,0.3176669416831,0.49854943740876795,0.5014505625912321,Rectangular,Flexure
320,1,0.09425018291873548,0.12657452931078692,0.11225147734648248,1.090909090909091,0.5162314049586776,0.0262751385572964,0.0,2.7777777777777777,2.934593692473316,0.3433365375767862,0.6566634624232138,Spiral,Shear
203,0,0.04484476733954761,0.13200979473072377,0.12154938319220528,3.916666666666666,0.126986024584079,0.064019931588114,0.0,1.3229166666666663,0.2216904579615003,0.3533168920532587,0.6509822595676421,Rectangular,Flexure
346,3,0.035122174986702684,0.12164587642702644,0.11864315234324958,4.498360655737705,0.3147363055908219,0.064904999513634,0.0943935756784077,0.7916666666666666,0.3591616971926681,0.4823263994746849,0.5176736005253151,Spiral,Flexure
184,2,0.04826040521343477,0.19409816043517536,0.18662738291938266,3.004926108374384,0.2342701713145108,0.0763754601914743,0.1431876803128545,1.3543859649122807,0.5263526554590484,0.45427464881466356,0.5459375272618975,Rectangular,Flexure
393,3,0.04735842514553841,0.11529209670673098,0.11232736101346708,4.0,0.1858771686293372,0.0271121384510969,0.0602358454613318,1.653645833333333,0.4710391434239153,0.34173325714428354,0.6582667428557164,Spiral,Flexure
215,2,0.06128612793531747,0.12712847093907242,0.1208078064933765,6.557377049180328,0.1253585566287307,0.0788459484654048,0.1396077719646652,0.8849557522123892,0.1852231555536475,0.5635624278652563,0.436719758741016,Rectangular,Flexure
412,5,0.03531797199578741,0.20008608053538812,0.20171814939266008,2.578248031496063,0.1517809851694915,0.0240772234034443,0.0,2.351851851851852,0.4583490248515089,0.5228471675225672,0.47740342089384896,Spiral,Flexure-Shear
97,5,0.04830815852672408,0.14728557607003478,0.14614067962513252,5.495081967213115,0.1865842841646672,0.0429284530899591,0.2707732248888257,2.2280701754385963,0.4259538041626897,0.47443524542521265,0.5255647545747874,Rectangular,Flexure
81,3,0.034954897724409566,0.07435669401650266,0.07037081420184423,2.8721311475409834,0.3611237456995292,0.0331614479151539,0.0712590903488228,3.35978835978836,1.0930896313803085,0.45288224047383674,0.5471177595261633,Rectangular,Flexure-Shear
311,2,0.06930539749296748,0.09917193556105722,0.07464441384315326,3.0,0.3582622950819672,0.1212577512007293,0.100189341225062,0.4838709677419354,0.3429884575496945,0.3840848159863657,0.6159151840136343,Spiral,Flexure
96,3,0.05222456506397803,0.09851802088221985,0.08113235971061811,5.495081967213115,0.1913993624656909,0.0735869484928307,0.277760921014989,1.3333333333333333,0.3153005960815045,0.5033511930579693,0.4980666624553784,Rectangular,Flexure
78,1,0.04984732788484379,0.0689094243208887,0.04916784744962135,2.8721311475409834,0.3611237456995292,0.0331614479151539,0.1142713340728871,3.35978835978836,1.0992997381814311,0.4748226315675921,0.5251773684324078,Rectangular,Flexure-Shear
243,0,0.044600538314267496,0.08849031819358748,0.07077688150300857,2.5,0.2982027419539741,0.0648371249783425,0.3,1.6666666666666667,0.7993310527353875,0.4284241184343677,0.5715758815656323,Rectangular,Flexure
310,0,0.06243788774624282,0.160361534313823,0.15577852858968969,6.0,0.3441574803149606,0.0613130043400603,0.0962448789721067,0.8641975308641974,0.2977465407273655,0.3458860814581174,0.6541139185418826,Spiral,Flexure
404,5,0.09774148702858183,0.15755264651956494,0.16742807225658393,5.333333333333333,0.3426144712371728,0.0516856051006167,0.041195255607312,1.336842105263158,0.3686141345804258,0.5342123556279685,0.4657876443720315,Spiral,Flexure
239,5,0.03878341009137903,0.06528885177163225,0.05365563994834428,2.25,0.3169056046406522,0.0842036067725408,0.0820401195084465,1.5132275132275137,0.6739620395317363,0.4072880434968116,0.5927119565031884,Rectangular,Flexure
80,1,0.06129455073215645,0.09025532822790852,0.07615497489755456,2.8721311475409834,0.3611237456995292,0.0331614479151539,0.0712590903488228,3.35978835978836,1.0930896313803085,0.43480408382924535,0.5651959161707546,Rectangular,Shear
307,3,0.06123744281207861,0.07950065043810758,0.04582632397077824,3.006578947368421,0.2770698269909468,0.0885409955126088,0.0714971670003689,0.4712041884816753,0.3528457468796157,0.4906271447298055,0.5110170287910036,Spiral,Flexure
79,2,0.029214903959061917,0.04767864289819321,0.036774042718080255,2.8721311475409834,0.3611237456995292,0.0331614479151539,0.1142713340728871,3.35978835978836,1.0992997381814311,0.45386664614859085,0.546133353851409,Rectangular,Flexure-Shear
242,1,0.0480093060561381,0.11182646949750358,0.1090026860786739,2.25,0.3030138521084592,0.0805124897633335,0.0784438402971174,1.5132275132275137,0.6706621734965332,0.4182984665040916,0.5817015334959084,Rectangular,Flexure
54,3,0.04675870020311045,0.2009064476025348,0.19834596936260715,1.25,0.3344214280867094,0.0170031195651902,0.1844087273856666,2.6791666666666667,2.2534107849112868,0.41609731024214675,0.5839026897578533,Rectangular,Shear
275,1,0.028271652635820196,0.1245981836541575,0.12278706827798837,2.5,0.4794648829431438,0.0586290535352208,0.1998751877291194,0.8333333333333334,0.8566921589593827,0.4948655579543193,0.5060267847321692,Spiral,Flexure
330,3,0.0531122738770488,0.15883277845750396,0.14553496364500518,1.090909090909091,0.4874578512396694,0.0496212452754188,0.2373631775579981,1.3888888888888888,1.9414643374532217,0.3672497078365016,0.6327502921634983,Spiral,Shear
367,3,0.04007222250746852,0.10806068656947525,0.09717476738976058,8.0,0.4330534381299408,0.0301588581406785,0.2712924636494057,1.3281249999999998,0.4633707614260111,0.46607794152217874,0.5339220584778213,Spiral,Flexure
19,3,0.0522500098818752,0.07286722326018728,0.04918295715432363,4.0,0.2908427573831176,0.137920212638798,0.199951171875,1.1111111111111112,0.3201972645977145,0.5186313831282059,0.4813686168717942,Rectangular,Flexure
58,4,0.05117438352403376,0.06539282575343523,0.03053432061978931,2.5,0.1771998033670012,0.0619122603563926,0.6289381563593932,0.9722222222222222,0.7103550446199894,0.45234342445378733,0.5476565755462127,Rectangular,Flexure
326,0,0.04241195483428345,0.1706249823482098,0.16788218797034388,1.090909090909091,0.6499438016528926,0.0496212452754188,0.118681588778999,1.3888888888888888,2.498800695654154,0.4034858563459831,0.5965141436540168,Spiral,Shear
185,0,0.03752289206807252,0.1421441567752915,0.1417687171900026,3.004926108374384,0.2895014983023511,0.1235664780549205,0.3624058628479151,1.336842105263158,0.487020578578339,0.4924923053246597,0.5075076946753402,Rectangular,Flexure
166,5,0.059688845944162926,0.09274248072321073,0.0678215249049891,4.7,0.2613471694280612,0.1340209366007515,0.4278511404561825,1.3333333333333333,0.3052704198528541,0.4568413754199791,0.5433206932857291,Rectangular,Flexure
408,4,0.050837815499635175,0.13042798548427204,0.12476733917638691,4.5625,0.1472067636986301,0.0466297841721397,0.0,1.1777777777777778,0.1926270748429406,0.37722549752612977,0.6227745024738702,Spiral,Flexure
222,1,0.06034357204781061,0.11538190833257958,0.09744313730615953,6.557377049180328,0.1048966533891443,0.0747353491454496,0.4134537862030472,0.8849557522123892,0.2588162222221008,0.4065577563104683,0.5934422436895317,Rectangular,Flexure
392,3,0.040822487547779285,0.10211333447246769,0.09482065733042075,4.0,0.1858771686293372,0.0541390186051779,0.1204716909226637,0.8281249999999999,0.3372935707327432,0.3426485985797318,0.6573514014202682,Spiral,Flexure
170,0,0.07020221959605469,0.09776369596295661,0.05757869392797877,4.7,0.3221984071085403,0.1786945821343354,0.4561824729891957,1.3333333333333333,0.2733674914912262,0.4560078082485411,0.543992191751459,Rectangular,Flexure
23,3,0.03647462735973682,0.07822099180138913,0.06864407151404195,3.0,0.199010807353436,0.0759434587747945,0.1,1.5277777777777777,0.4246670963405309,0.5135755592651209,0.4864244407348792,Rectangular,Flexure
62,3,0.06156915583616906,0.07080590040311709,0.032493390889200745,2.5,0.1311400962741969,0.0458193498492474,0.4229274611398964,0.9722222222222222,0.8003933063062444,0.44025805418199127,0.5597419458180087,Rectangular,Flexure
218,1,0.0699974140695837,0.10515284772650313,0.08641292638874591,6.557377049180328,0.1221849222836996,0.0354691608481178,0.1360733979908762,1.91740412979351,0.3190912240364358,0.5182386139823093,0.4820029540770112,Rectangular,Flexure
127,4,0.052584274826530275,0.12844555839626373,0.12035906823414456,4.5600000000000005,0.3242123618504666,0.0432283149133955,0.3,2.083333333333333,0.7868914435733787,0.5332270131805803,0.4678943439328047,Rectangular,Flexure
238,3,0.04810014445026881,0.05518484378757395,0.027199837365996935,2.25,0.3038463077461198,0.0606032332957975,0.1579101143550272,2.0158730158730163,0.8362216298696364,0.4450558360868404,0.5549441639131597,Rectangular,Flexure
234,5,0.03324662392493685,0.06145806170046127,0.05210005563266683,2.25,0.4036498394875461,0.1072520392832728,0.1044963566001746,1.5132275132275137,0.6903085574650586,0.41555676939529573,0.5844432306047043,Rectangular,Flexure
107,2,0.038554378967019236,0.062387715568360036,0.047241628801158744,2.857142857142857,0.3755747632594899,0.0966717937371908,0.1313125786507632,1.692708333333333,0.626030019995597,0.42944458144320713,0.5705554185567928,Rectangular,Flexure
384,5,0.045816495500064204,0.09153329224755728,0.076287576582871,6.58,0.1525532444444444,0.0374406634874422,0.4187543391573424,1.4749262536873151,0.3415886057778702,0.5019900105135311,0.498848564931492,Spiral,Flexure
146,1,0.04113792488870204,0.09585780317869524,0.07720897193253276,2.0,0.2384161954674675,0.1055673753920099,0.1996648730139565,0.913978494623656,0.6246738967102624,0.4471350483729988,0.5528649516270012,Rectangular,Flexure
279,1,0.0626187470941364,0.17357941966958684,0.17059326290875376,2.0,0.3854143646408839,0.0424375361216963,0.1000214076060944,0.8333333333333334,0.985548691488518,0.4137988995922362,0.5862047725394529,Spiral,Flexure-Shear
296,5,0.0344345463227049,0.16671800551274474,0.16779002201679716,2.0,0.3562105263157895,0.0516709318024637,0.1899388597162487,1.0,0.8646993989316731,0.44391860994351207,0.556081390056488,Spiral,Flexure
150,0,0.0503638642995073,0.18495504809352417,0.1846906175469567,2.0,0.1460085905369636,0.0388969081265255,0.1924887570705374,1.3281249999999998,0.8374140074196855,0.46701128682014487,0.5329887131798552,Rectangular,Flexure-Shear
3,0,0.03825258200413956,0.06010752430839883,0.047492789843051685,2.181818181818182,0.3144747106706088,0.1056984444198435,0.4200200818722484,1.25,0.6398198520675843,0.502205695504117,0.4987557285239992,Rectangular,Flexure
336,0,0.0462005155791656,0.11852991602907656,0.11107377342777187,1.6363636363636362,0.4726153846153846,0.0334810293990968,0.116018860825624,2.083333333333333,1.5363064295762687,0.39436480791883793,0.6056351920811621,Spiral,Shear
199,2,0.05162724775696453,0.11715792316749582,0.10225680769829677,2.6666666666666665,0.3723000177534428,0.0174193945518567,0.0,7.129824561403509,1.3707361135766254,0.3459252050147734,0.6546944819429054,Rectangular,Shear
241,3,0.04091259503397071,0.11099598457992046,0.09937947330665328,2.25,0.3030138521084592,0.0805124897633335,0.0784438402971174,1.5132275132275137,0.6706621734965332,0.41821185722521687,0.5817881427747831,Rectangular,Flexure
325,2,0.05184735949013549,0.14525605599651414,0.13806160899353015,1.090909090909091,0.4734861293888509,0.0688556861192118,0.115279887189792,0.9722222222222222,1.606665214450584,0.42292710856866295,0.5770728914313371,Spiral,Shear
49,4,0.05467968168421407,0.10592208965386736,0.084158236065875,3.0,0.2173575308185968,0.0689416314726482,0.1055197132616487,1.5151515151515151,0.476614025346575,0.48361861833521314,0.5163813816647869,Rectangular,Flexure
77,2,0.0656609076386196,0.13323978012323598,0.12489436780174086,2.8721311475409834,0.4648949369924974,0.060918046641502,0.1471079243237167,2.354497354497355,0.9492901343385364,0.4568333239883458,0.5431666760116542,Rectangular,Flexure-Shear
143,4,0.037260127390699775,0.19916552878690072,0.2032229203081378,3.2222222222222223,0.1939254724438144,0.0081936621846362,0.0726988511528028,8.021052631578947,1.0083254760037947,0.3723879392789155,0.6276216126979082,Rectangular,Flexure-Shear
280,0,0.05492594781573894,0.11865200912100782,0.10603535050122817,2.0,0.4076439169139465,0.0227928606469645,0.0,1.6666666666666667,1.406018893088108,0.3883574892605289,0.6116425107394711,Spiral,Flexure-Shear
180,0,0.04058165299523865,0.25292272364522156,0.2539817356653325,3.004926108374384,0.1686913008581607,0.0710831422421054,0.2108040209848178,1.3543859649122807,0.5104226432875383,0.5454791786840699,0.45452082131593,Rectangular,Flexure
364,5,0.05706779059518898,0.0948608175138922,0.06706590086626779,1.9912472647702408,0.3490480589717059,0.0493730651036511,0.0848654923315939,1.4035087719298245,0.836812884166106,0.32282856083609107,0.677477805768216,Spiral,Flexure-Shear
194,0,0.04661072652216497,0.1253637940151307,0.11965878025923853,3.5,0.384310315315309,0.0964561764435013,0.1534090909090909,1.4285714285714286,0.5439715662059975,0.42908513533564524,0.5712119336332455,Rectangular,Flexure
332,0,0.042991667658258695,0.14384183147078483,0.14095867798830616,1.6363636363636362,0.4608,0.0326440036641193,0.0,2.083333333333333,1.6170649153132122,0.4104294253044713,0.5906249524078063,Spiral,Flexure-Shear
64,1,0.05439294958555291,0.17946526736289917,0.18366634694724668,1.5,0.2975403315468571,0.1333872229663706,0.2567829457364341,1.9444444444444444,0.7526079372813009,0.39897095554164846,0.6010290444583515,Rectangular,Flexure-Shear
352,5,0.06334252641617248,0.09594073531869945,0.07411890802013368,4.498360655737705,0.2782729531138365,0.0573855178626642,0.0926380853990227,0.7916666666666666,0.3608154540952911,0.34061376844172736,0.6599220504558365,Spiral,Flexure
379,3,0.07401394689325531,0.16207857352221103,0.13507975234408756,3.0,0.2677432121212121,0.0485525062547868,0.0428700183412512,1.1228070175438596,0.5041050008447017,0.43324961217510294,0.5679551253263131,Spiral,Flexure
374,1,0.061151432129703524,0.10046607958206843,0.08222371300336784,3.0,0.3479286155432214,0.0730848949551309,0.0905565245626531,0.6614583333333331,0.5016320326049301,0.43457491567776374,0.5654250843222363,Spiral,Flexure
190,0,0.04286588421956508,0.08032586538537119,0.06681437632037794,3.5,0.4177286036035967,0.1088761188952565,0.1111660079051383,1.3756613756613758,0.5119187778069219,0.3871840021162779,0.6128159978837221,Rectangular,Flexure
125,2,0.050840340404973115,0.09878731769441752,0.08457286495263262,4.5600000000000005,0.3242123618504666,0.0432283149133955,0.2,2.083333333333333,0.7609223826520778,0.5099557686468753,0.49178637593564384,Rectangular,Flexure
67,1,0.05194304084889628,0.08399757877913878,0.05419118429438591,2.0,0.092643441806449,0.0610952943185552,0.3499095477386935,1.3333333333333333,0.6677504471434148,0.49707914681892584,0.503092778429528,Rectangular,Flexure
32,2,0.07185767634479402,0.10745016094103661,0.09466670628371018,4.0,0.20693024755868,0.0416846908295117,0.0320060483870967,1.851851851851852,0.4528985576643131,0.5186583741968008,0.4845416924958251,Rectangular,Flexure
149,1,0.04104992281966353,0.1647522105213143,0.15861938622397015,2.0,0.1460085905369636,0.0388969081265255,0.0962443785352687,1.3281249999999998,0.741460410374528,0.4712984718116829,0.5287015281883171,Rectangular,Flexure-Shear
100,2,0.03992348895214644,0.139795270388702,0.14061480530090933,1.1097560975609757,0.3157000782988364,0.054460996242006,0.2696561127101954,2.4722222222222223,1.817652418872768,0.2430992761104721,0.7569007238895279,Rectangular,Shear
337,1,0.03295878573280186,0.15829558399537721,0.14972032457617934,1.6363636363636362,0.5032627986348123,0.076397473226608,0.1235422681829171,0.9722222222222222,1.0487633365439422,0.4875738626351944,0.5124261373648056,Spiral,Flexure
155,3,0.027615975985752043,0.09701261864501678,0.0909839266303127,2.0,0.0620035612233917,0.1971910684634253,0.3496965892446118,0.9114583333333331,0.2932052623748773,0.5373370468594063,0.46266295314059375,Rectangular,Flexure
335,4,0.03725361345324952,0.09249931505530698,0.07817384417120532,1.6363636363636362,0.4741350482315112,0.0,0.1163919118250633,2.0,2.6253097065065103,0.39188120375374835,0.6081187962462516,Spiral,Shear
398,4,0.05648129010606729,0.10688921814143314,0.08658819139273322,4.698090692124105,0.1385867845521421,0.0438650292272484,0.1028987116985612,0.8466666666666666,0.2855176954456508,0.40162227610316736,0.5983777238968325,Spiral,Flexure
396,3,0.056989599077355145,0.14451125246107616,0.13285678545252,4.698090692124105,0.1540837093423177,0.0440149831610284,0.0,0.8912280701754386,0.2172556643312284,0.4248614781950648,0.5757696862259184,Spiral,Flexure
306,1,0.05730642359054235,0.1888864624625152,0.19789533421388394,6.0131578947368425,0.2654607560276389,0.040424478291429,0.0685014756456048,0.9329140461215932,0.3249960137095146,0.49047945531020903,0.5095205446897909,Spiral,Flexure
145,0,0.03352900960787365,0.0786021407189574,0.06905638741220228,2.0,0.2384161954674675,0.1055673753920099,0.0997304626188199,0.913978494623656,0.5598902879369332,0.442283180112503,0.5577168198874971,Rectangular,Flexure
169,0,0.0664690045292651,0.07956800865411864,0.04010982668327421,4.7,0.3920207541420919,0.1786945821343354,0.4617046818727491,1.3333333333333333,0.3043874938185217,0.49613642388443463,0.5052103106539341,Rectangular,Flexure
136,3,0.03772072359397044,0.09509200083691424,0.0878234659393824,3.8278688524590168,0.3547213947733016,0.0546170367251115,0.2324374614267423,2.305555555555556,0.7295960902153189,0.5426658485788091,0.45749446761405854,Rectangular,Flexure
175,4,0.024752327068574824,0.11419208821796906,0.11156279208294634,3.004926108374384,0.1622985079540362,0.0535658231327001,0.0495093276968009,1.336842105263158,0.45659162347404,0.422540136834733,0.577459863165267,Rectangular,Flexure
33,5,0.05265119099955979,0.1566438990434548,0.15721788149793162,2.0,0.2318495378349267,0.0469226315244763,0.14296875,1.5151515151515151,0.8042647315190902,0.40984751573093137,0.5901524842690686,Rectangular,Flexure-Shear
322,2,0.03266603609233914,0.1739283710879396,0.17117466764972017,1.090909090909091,0.5198414147835635,0.0,0.1265660299915899,2.0,4.068249664091903,0.3950958603776545,0.6049041396223455,Spiral,Shear
191,1,0.06582533259025619,0.10393625899538192,0.08346362697438596,3.5,0.3899827922941327,0.1016444947619922,0.1556734317343173,1.3756613756613758,0.5297706192504589,0.4173827497665773,0.5828152887854416,Rectangular,Flexure
105,0,0.06737304121194998,0.10470078590384026,0.06895612314081574,2.857142857142857,0.3961074481127173,0.0808182018164862,0.1407459535538353,1.25,0.7347613405349893,0.37661817049329066,0.6239691888577426,Rectangular,Flexure
331,0,0.05230519465658339,0.148738560161984,0.13674597881988462,1.090909090909091,0.4749988646265149,0.069075672336845,0.2312963870772824,0.9722222222222222,1.6251997920090395,0.4061086499380256,0.5938913500619744,Spiral,Shear
168,2,0.06682686356826768,0.07805287986950266,0.04115977830992637,4.7,0.3920207541420919,0.0893472910671677,0.4617046818727491,2.6666666666666665,0.5021850676314081,0.4224526856315342,0.5775859605424141,Rectangular,Flexure
315,4,0.08058163386180588,0.1204169678687269,0.10448143511135115,1.0,0.1634716981132075,0.1903689830609228,0.2475369862066248,0.6179775280898876,0.4899783196806555,0.3798691545675312,0.6202465689217638,Spiral,Flexure-Shear
24,2,0.03955011252133046,0.07793656092256061,0.06839124488587355,3.0,0.1983908359909642,0.0925306247446441,0.2999922762029814,1.25,0.46631047512654,0.5315689128343721,0.46996655818166205,Rectangular,Flexure
283,3,0.09921056999315042,0.11682201717860362,0.12416067574599622,2.5,0.4067638483965015,0.0223941517143645,0.0999938490854328,1.6666666666666667,1.2243661511164816,0.3047370380314285,0.6953960452448713,Spiral,Flexure-Shear
201,0,0.05056423561195981,0.10819716082974037,0.0897860885001951,3.916666666666666,0.1229309503617101,0.048127705028581,0.0,1.3229166666666663,0.2754795386188717,0.26991464820326894,0.7301623099274478,Rectangular,Flexure
208,4,0.5639661844600001,0.09823460923590005,0.4988858366004955,3.916666666666666,0.1420130578920206,0.1089823385185393,0.2000139832933836,1.3229166666666663,0.2841766447439349,0.41476790402826147,0.5853327617017839,Rectangular,Flexure
128,4,0.046162948565575075,0.09005712203603945,0.09094419585805871,4.5600000000000005,0.3242123618504666,0.0432283149133955,0.3,2.083333333333333,0.7868914435733787,0.5176425948333245,0.48338684124557585,Rectangular,Flexure
353,5,0.05725566623399921,0.09701171217713436,0.08555919001495482,4.498360655737705,0.2808416265271949,0.0579152303352426,0.0934932061873213,0.7916666666666666,0.3610211893121618,0.32638091181405926,0.6736190881859407,Spiral,Flexure
20,1,0.06304989506442556,0.0927491089862793,0.06253904060611074,4.0,0.2908427573831176,0.137920212638798,0.199951171875,1.1111111111111112,0.3201972645977145,0.48269472490198245,0.5173052750980176,Rectangular,Flexure
173,2,0.0388239149333041,0.06205546935404059,0.050866668653570424,4.7,0.4130338227186827,0.0877617316170006,0.4617046818727491,1.91919191919192,0.5235228037703472,0.42650691638033,0.57349308361967,Rectangular,Flexure
186,2,0.025116557656389277,0.14872913673856547,0.14911992329542187,3.004926108374384,0.2900073544936885,0.122203302279735,0.3624058628479151,1.3543859649122807,0.4911993082650706,0.4789591073555289,0.5210408926444712,Rectangular,Flexure
61,1,0.028454113146929763,0.09226767267204303,0.09080059402710018,2.5,0.1311400962741969,0.1105440648159523,0.2538860103626943,0.9722222222222222,0.4237856196418204,0.5165540208065668,0.48344597919343335,Rectangular,Flexure
369,5,0.0704174440614286,0.11590737075017592,0.09625835070044707,4.0,0.2230526023552046,0.0649668223262135,0.0722675411254063,0.8281249999999999,0.3004249610560432,0.3449022496083648,0.6550977503916352,Spiral,Flexure
165,4,0.07590894816047057,0.09294743027550005,0.06424018092031288,4.7,0.2613471694280612,0.0670104683003757,0.4278511404561825,2.6666666666666665,0.485270969404303,0.4422102245280647,0.5578000557346278,Rectangular,Flexure
108,0,0.04231773840483221,0.053883813237013654,0.031265366484931785,2.857142857142857,0.3592035556302301,0.092457895035826,0.1255886970172684,1.692708333333333,0.6244439766092185,0.42816592669678866,0.5718340733032115,Rectangular,Flexure
82,5,0.04825076877668856,0.2254834471631226,0.21919020757358168,2.8721311475409834,0.3632861633384486,0.0661987886150566,0.1149555935583535,1.6931216931216932,0.7628170111050468,0.5000969627310426,0.5013281620156835,Rectangular,Flexure-Shear
313,2,0.058745528414921894,0.08194594939112673,0.04693274224660684,6.0,0.375175965665236,0.0668390691089069,0.1049193101240992,0.8641975308641974,0.2993806458761555,0.38129607216342976,0.6187039278365704,Spiral,Flexure
333,1,0.197012245092726,0.1318989805283819,0.26966474606233143,1.6363636363636362,0.4711054313099041,0.0715158455443966,0.0,0.9722222222222222,1.0220362608387008,0.5005968722325979,0.4994073003628245,Spiral,Flexure
305,4,0.06819138522710153,0.09672945612505032,0.06204273055403715,3.75,0.7252189971496247,0.1155658853630965,0.3514200437614614,0.9909909909909907,0.5728223274780351,0.49709477753238046,0.5029216991239671,Spiral,Flexure
112,4,0.05167486228913001,0.09125282116763546,0.07870750138389324,4.5600000000000005,0.0810530904626166,0.0288188766089303,0.2,3.125,0.4785475406271931,0.32581418190096506,0.6741858180990349,Rectangular,Flexure
276,5,0.05451246712335788,0.18114550474939484,0.1774149075750949,2.0,0.4594871794871795,0.0501446519707601,0.1999639028590479,1.6666666666666667,1.0172615127664126,0.4931964163646589,0.5071525329703724,Spiral,Flexure-Shear
237,4,0.023915910945085436,0.03860570594146034,0.03442786853970607,2.25,0.3038463077461198,0.0606032332957975,0.1579101143550272,2.0158730158730163,0.8362216298696364,0.4473037089246255,0.5526962910753744,Rectangular,Flexure
319,5,0.03542875756827533,0.09104306640120512,0.08879119499764752,2.0,0.3532939746835443,0.1254352589562816,0.2075863966606189,0.7865168539325842,0.4980034092301829,0.40647015783502,0.5935545048749261,Spiral,Flexure
282,4,0.05159660390505282,0.12253929149113059,0.1163597474260748,2.0,0.4177245508982036,0.0229975869402007,0.100067479189515,1.6666666666666667,1.336156006400793,0.32306687317931154,0.6770653519261796,Spiral,Shear
344,1,0.051499116330709215,0.08941327684055907,0.08542479619618752,1.6363636363636362,0.7801904761904763,0.0552702707540645,0.3830463976465049,2.083333333333333,1.5197989599411117,0.3909356263719363,0.6090643736280638,Spiral,Shear
299,0,0.08957170867902814,0.11391353706486722,0.06511166621520884,6.221498371335505,0.1134087342445483,0.0151915558654397,0.0504858467109986,2.083333333333333,0.2801831817963103,0.42147238469179465,0.5794992390040923,Spiral,Flexure
57,2,0.029583462635120978,0.0834947986328092,0.07839416623444609,2.5,0.1771998033670012,0.1493699265541105,0.3999416569428238,0.9722222222222222,0.4198635096689885,0.4577911083528317,0.5422088916471683,Rectangular,Flexure
221,0,0.0519236441764906,0.14347922735848417,0.13749308583669106,6.557377049180328,0.145549104829664,0.1036988580264688,0.3961170963114327,0.8849557522123892,0.218586913017501,0.4587739980028511,0.5412830800300956,Rectangular,Flexure
368,1,0.07189737897467302,0.1643854916571665,0.1476032576861387,8.0,0.4487600395128919,0.0470554576445095,0.281132086683322,1.3333333333333333,0.3680043873427329,0.5215736488090302,0.4875943015845219,Spiral,Flexure
397,2,0.04544402406273146,0.11698398715117604,0.11605311299317285,4.698090692124105,0.1385867845521421,0.0438650292272484,0.0,0.8466666666666666,0.1979925176808568,0.3327614942606226,0.6672385057393774,Spiral,Flexure
148,2,0.047648668789993756,0.12180588696946634,0.1099564776666612,2.0,0.1460085905369636,0.0932920991836366,0.1924887570705374,0.913978494623656,0.522222778820876,0.4634548065551663,0.5365451934448338,Rectangular,Flexure
387,3,0.07931277560593376,0.09259531994665589,0.05148254178464099,6.58,0.1525532444444444,0.0748813269748844,0.4187543391573424,0.7374631268436577,0.2166850372099689,0.5150122785049851,0.48603397382177166,Spiral,Flexure
1,1,0.05572606158130316,0.07526323218267053,0.059091181482522216,2.181818181818182,0.2913315501450661,0.0917997853321692,0.2597402597402597,1.3333333333333333,0.648662878889607,0.4902815615728179,0.5112286716718136,Rectangular,Flexure
83,3,0.04591183141137711,0.21446230926149296,0.20940472262010404,2.8721311475409834,0.3632861633384486,0.0661987886150566,0.1149555935583535,1.6931216931216932,0.7628170111050468,0.4791809806436007,0.5208190193563993,Rectangular,Flexure-Shear
246,1,0.07314617491953963,0.09237375321023275,0.06421918323143624,2.0,0.1671789982056369,0.1128889111594765,0.5668934240362811,1.3123359580052496,0.5287605946555258,0.47567042644038166,0.5243295735596183,Rectangular,Flexure
303,5,0.09401505546344006,0.11822584352641555,0.07626814619254255,7.5,0.7252189971496247,0.1155658853630965,0.2412019391271849,0.9909909909909907,0.2891096231747155,0.42441309400932065,0.5755869059906793,Spiral,Flexure
334,2,0.047433214737985056,0.15411364306889255,0.17001442094696473,1.090909090909091,0.4711054313099041,0.0333740612540517,0.1156481935386412,2.083333333333333,2.3032579711370857,0.4164199096084087,0.5835800903915912,Spiral,Shear
298,0,0.04104925064288697,0.1224897015450501,0.10611471867526445,2.0,0.4108108108108108,0.0530674434728005,0.3899296105751435,1.0,0.9287197968509692,0.40807812561271767,0.5919218743872823,Spiral,Flexure
6,1,0.04582155752994966,0.07266503122151004,0.058117358917999504,4.0,0.2575603321119055,0.0977384381116824,0.21,1.5,0.3870776191097969,0.4874880684420328,0.5125119315579673,Rectangular,Flexure
118,2,0.04246615504306852,0.08148861287530632,0.08295434328540342,4.5600000000000005,0.0810530904626166,0.0864566298267911,0.3,1.0416666666666667,0.2771842030326142,0.4774762738857464,0.5225237261142537,Rectangular,Flexure
104,5,0.07275363247141235,0.09763409662057133,0.06658652359514085,2.857142857142857,0.3161591558330862,0.0322531355873133,0.0,2.5,1.0323673510773903,0.2721906895776262,0.7278093104223738,Rectangular,Flexure
220,1,0.05155107376112123,0.09485669720089493,0.07733123056148318,6.557377049180328,0.1110559025167279,0.0344646971879723,0.3710381053557547,1.91740412979351,0.4106553964058349,0.4427986366773192,0.5572013633226808,Rectangular,Flexure
318,5,0.07599268718107448,0.18809053455094263,0.2004783490814714,2.0,0.2495707544303797,0.0315914655780284,0.1037931983303094,1.5811965811965814,0.7856197729731355,0.4632979250475615,0.5369880127937563,Spiral,Flexure-Shear
289,0,0.06361883580863663,0.11148662499596358,0.08915657745942547,2.0,0.4319504643962848,0.0363277045237086,0.0,2.2222222222222223,1.1747270513412311,0.31962222244383137,0.6803777775561686,Spiral,Flexure-Shear
119,2,0.06185462057755608,0.07803264298884187,0.05444338903056828,4.5600000000000005,0.0810530904626166,0.0864566298267911,0.2,1.0416666666666667,0.2345321282928151,0.4411902718600824,0.5588097281399177,Rectangular,Flexure
288,3,0.04747946198430507,0.09863180458869307,0.08314945459452645,2.0,0.4515210355987055,0.0179077251142401,0.0,3.6666666666666665,1.669565854845116,0.2943536373857224,0.7056463626142775,Spiral,Shear
172,2,0.03442617185505746,0.07018954265984798,0.05787715556274438,4.7,0.3920207541420919,0.0877617316170006,0.2307322929171668,1.91919191919192,0.4865821391852996,0.4473175123325932,0.5526824876674067,Rectangular,Flexure
21,4,0.05503296372282895,0.07044765944482811,0.04979758272523587,4.0,0.2908427573831176,0.137920212638798,0.199951171875,1.1111111111111112,0.3201972645977145,0.5159374211657682,0.4840625788342317,Rectangular,Flexure
329,4,0.05921309006979673,0.09790388897116777,0.07707527133992653,1.090909090909091,0.5348008799571913,0.0272202874262639,0.2604164358100339,2.7777777777777777,2.531022062264917,0.36410406248264154,0.6358959375173585,Spiral,Shear
95,2,0.04646862101319464,0.11354690125058126,0.10907487705538726,5.495081967213115,0.1831290196430993,0.0442796912618901,0.265758905909403,2.2280701754385963,0.4151514406429186,0.4846511093825285,0.5153488906174715,Rectangular,Flexure
363,5,0.04062960111102279,0.06941903920562267,0.04760290312740146,1.9912472647702408,0.6936803965681287,0.1529045388628064,0.1480568822484718,0.5905511811023623,0.715319910010955,0.397238816119101,0.6027611838808989,Spiral,Flexure-Shear
102,4,0.05242648215396572,0.06571133804463984,0.03797904158559527,3.00218818380744,0.2168137751045223,0.1067390101346243,0.2059025637147512,1.3385826771653546,0.418819547804882,0.4621064775025436,0.5378935224974564,Rectangular,Flexure
266,5,0.04462292288622285,0.08927817148020901,0.07079752065087949,2.0,0.2418215384615384,0.1049833852724085,0.7367377536629959,0.5729166666666666,0.4392805725864854,0.5139876432874161,0.48601235671258386,Spiral,Flexure
226,4,0.074161671558684,0.1115810855420716,0.08279987367607683,6.557377049180328,0.1047048861983049,0.0837958240950657,0.506046270316161,0.8849557522123892,0.2463802441743374,0.42030221144953955,0.5796977885504604,Rectangular,Flexure
270,1,0.03747011538108032,0.17522222202362697,0.18035199507242683,2.0,0.4559477124183006,0.0245777203043764,0.0,2.75,1.4809772199367044,0.4207388261201187,0.5792611738798813,Spiral,Shear
174,4,0.07085738606995293,0.07279446704393179,0.01572395196848309,4.7,0.4130338227186827,0.1786945821343354,0.4617046818727491,1.3333333333333333,0.3136615879381742,0.4781987471552839,0.5240139129285271,Rectangular,Flexure
314,4,0.05166847398959971,0.08872140815085677,0.07024472827674204,1.5,0.0888074626415094,0.1333436553996239,0.1414497064037856,0.9363295880149812,0.2674987814728254,0.4406337256706827,0.55972534136747,Spiral,Flexure
355,1,0.06313026106811588,0.07595092781361915,0.05551675435827916,4.498360655737705,0.3380501060049569,0.0697127772553846,0.1013856923953268,0.7916666666666666,0.3605814858759095,0.3030838910632844,0.6981581333513598,Spiral,Flexure
365,3,0.030156477320171775,0.30476155192840637,0.3010006675469482,1.9912472647702408,0.720349014975276,0.1720176062206572,0.3333892619100884,0.5249343832020998,0.6811417752409096,0.4124646188391124,0.5875353811608875,Spiral,Flexure
295,5,0.07599876923294471,0.07783204060836328,0.033119370081408576,4.0,0.2333538461538461,0.0597086323050691,0.738642171785463,0.95,0.4121736351922188,0.4800626329334253,0.5199373670665747,Spiral,Flexure
60,1,0.05222034815848819,0.10765888199917414,0.0867396566486284,2.5,0.1311400962741969,0.0458193498492474,0.2538860103626943,0.9722222222222222,0.7361143191322704,0.5444136682270856,0.45565382398799154,Rectangular,Flexure
144,1,0.05755886289435498,0.08975345089785872,0.05153377851962949,3.2222222222222223,0.3945567505589216,0.0271210218311461,0.2836606980403503,5.347368421052632,1.145922848537989,0.39938378888759773,0.6006162111124023,Rectangular,Flexure-Shear
17,5,0.06506227144711996,0.07456184116851419,0.031031640845500072,4.0,0.1786937901361874,0.1674710545336712,0.7,0.7222222222222222,0.2569309458093186,0.48011904068497285,0.5198809593150271,Rectangular,Flexure
27,2,0.03530297912285401,0.16966289286223804,0.1685198900854078,1.5,0.1297515587048026,0.1396953113777115,0.3332038834951456,0.9696969696969696,0.5047089002602484,0.5867967631956421,0.4132939058243765,Rectangular,Flexure
114,4,0.0525750319620865,0.10924246423283716,0.08687265164164913,4.5600000000000005,0.0810530904626166,0.0432283149133955,0.3,2.083333333333333,0.4378615678539381,0.459571551135784,0.5409824480100883,Rectangular,Flexure
10,0,0.05010852622085988,0.10542094841788228,0.09423486221130094,4.0,0.1681380388201257,0.0191754126063525,0.3,2.611111111111111,0.8301052803842227,0.48374584098546136,0.5162541590145385,Rectangular,Flexure
293,2,0.07777727153531772,0.08040584086432552,0.018208678265115113,4.0,0.3195259259259259,0.0903692701588175,0.6130412622798932,1.25,0.3761674710296161,0.5149268041719232,0.48507319582807673,Spiral,Flexure
359,3,0.08072802133735912,0.11331337439287137,0.09090590035631826,6.0,0.2932552861349178,0.0410696419055504,0.1481933204537532,1.0,0.3835846773122155,0.4589770301202995,0.5420069701626188,Spiral,Flexure
375,5,0.0663201866411474,0.0774556186546558,0.06873733415613882,8.0,0.3479286155432214,0.0730848949551309,0.0905565245626531,0.6614583333333331,0.202285045352344,0.44428861551449167,0.5557113844855082,Spiral,Flexure
26,4,0.03225978972488869,0.05469016013149814,0.03766265934624257,2.973333333333333,0.3027140579221095,0.1202184735237544,0.1000619578686493,1.1111111111111112,0.4134315904828285,0.5187775215073833,0.48154459196825766,Rectangular,Flexure
285,4,0.04593250254994965,0.10699662567860295,0.08540270311983604,1.5,0.4055813953488372,0.0167467893270938,0.0999344991507249,2.2222222222222223,1.9320912066252085,0.3076784205718542,0.6923215794281459,Spiral,Shear
294,4,0.0561912089030128,0.06365496879540287,0.02405164201093517,4.0,0.2275199999999999,0.0278255349317953,0.527598636349633,1.75,0.6682423237992285,0.46781792101664493,0.532182078983355,Spiral,Flexure
152,2,0.043422415063106866,0.06843574046895233,0.06206610578526145,2.0,0.0620035612233917,0.1533708310271086,0.5991211550533584,1.1718749999999998,0.3889716676777381,0.5264188945931678,0.4735811054068323,Rectangular,Flexure
76,2,0.07493198978890148,0.17567709045201968,0.1713012414706163,2.8721311475409834,0.4648949369924974,0.060918046641502,0.1471079243237167,2.354497354497355,0.9492901343385364,0.4449870387673002,0.5550129612326998,Rectangular,Flexure-Shear
11,2,0.05040015780370275,0.08324530498246697,0.061102920746624906,4.0,0.2344538404375138,0.1105359379490836,0.2230565371024735,1.95,0.3428120328803654,0.4641457052789461,0.535854294721054,Rectangular,Flexure
56,0,0.033247739124898805,0.05231451251743399,0.04002727650711817,2.5,0.1771998033670012,0.0619122603563926,0.3999416569428238,0.9722222222222222,0.7321473083720326,0.5162447672864829,0.4841376873189272,Rectangular,Flexure
401,1,0.046036355596095875,0.10080913979006287,0.08453385428088411,4.698090692124105,0.163271043034654,0.0438650292272484,0.1028987116985612,0.8466666666666666,0.3159222419092595,0.36000424558755006,0.6400867379231172,Spiral,Flexure
304,1,0.057150289792780605,0.2831513552258587,0.27892068870358294,3.75,0.7252189971496247,0.1155658853630965,0.2412019391271849,0.9909909909909907,0.570570012718192,0.491301222065704,0.508698777934296,Spiral,Flexure
312,3,0.05830379989253748,0.06585730864829582,0.02928816382515418,3.0,0.3597366255144033,0.1217567542920903,0.2003649390562659,0.4838709677419354,0.3737755729378513,0.4119640641703459,0.5880359358296541,Spiral,Flexure
113,5,0.03999150219882273,0.06863349609552076,0.05108702107839989,4.5600000000000005,0.0810530904626166,0.0432283149133955,0.2,2.083333333333333,0.3797668651711147,0.3408079373296652,0.6591920626703348,Rectangular,Flexure
179,3,0.04556806187581966,0.1751035114343789,0.17535462363529247,3.004926108374384,0.1683970547377035,0.0718760734945415,0.2108040209848178,1.336842105263158,0.5063099927134541,0.530523171948561,0.46948951879914463,Rectangular,Flexure
386,5,0.08337073086161982,0.09288066509262831,0.05243439796647983,6.58,0.1525532444444444,0.0785398163397448,0.4187543391573424,1.1111111111111112,0.2092100197404387,0.516326717141129,0.48426975295262814,Spiral,Flexure
354,0,0.06548858427396805,0.07555897979836215,0.04538435679229448,4.498360655737705,0.3380501060049569,0.0697127772553846,0.1013856923953268,0.7916666666666666,0.3605814858759095,0.3381627290216282,0.6618372709783718,Spiral,Flexure
328,0,0.03205684736914912,0.04666736299847663,0.03139516402999614,1.090909090909091,0.5180301206553979,0.0,0.2522500667428203,2.0,3.5851316547384924,0.34690618842293747,0.6530938115770625,Spiral,Shear
338,0,0.02977315978719008,0.18161411493678148,0.17677597944837248,2.181818181818182,0.4834622950819672,0.0342494464672728,0.118681588778999,2.083333333333333,1.215604912243873,0.5066607685641126,0.4933392314358874,Spiral,Flexure
277,2,0.0607246776863774,0.14672676041643276,0.12438568424980193,2.0,0.4794648829431438,0.0293145267676104,0.1998751877291194,1.6666666666666667,1.2932679600492083,0.24886617087667454,0.7511338291233254,Spiral,Flexure-Shear
51,1,0.0480161871338971,0.08320454474548623,0.07592592247719153,3.0,0.2445272221709214,0.0539543202829421,0.1187096774193548,1.5151515151515151,0.597758465289246,0.2540661815932025,0.7460452269422451,Rectangular,Flexure
373,4,0.05424762951608694,0.0641599500185606,0.027645480030770747,4.0,0.4461052047104093,0.0649668223262135,0.0722675411254063,0.8281249999999999,0.5317759914540684,0.33679949654569963,0.6632005034543004,Spiral,Flexure
142,5,0.028828193043169803,0.10365963469331468,0.102932055173504,3.2222222222222223,0.374022198485223,0.0100821642494967,0.0894547201917387,8.021052631578947,1.5239557303264712,0.19115167957524515,0.8088483204247549,Rectangular,Shear
271,2,0.05414734108061509,0.10819075434072088,0.10621604087868096,2.0,0.4486173633440514,0.0372748453110814,0.0,1.1111111111111112,1.1927604459132382,0.3515295489175735,0.6484704510824264,Spiral,Flexure-Shear
416,3,0.05124160029089073,0.11540023546412467,0.10864039792583506,2.0,0.1908345683678547,0.0039034513632485,0.0020645407395238,3.455782312925169,0.9893647715066765,0.30520473729907843,0.6947952627009215,Spiral,Shear
163,4,0.050122960070970994,0.08117943584446921,0.04957275201018254,6.039344262295082,0.1143154929601453,0.0631970938082168,0.4500160720025715,1.3864306784660765,0.3246690681481317,0.4316470262820025,0.5692282192997542,Rectangular,Flexure
66,4,0.06567284029813505,0.10699095830400634,0.07838215019334561,2.0,0.092643441806449,0.0407301962123701,0.3499095477386935,2.0,0.7989298367630033,0.4647279610907291,0.5361672239627825,Rectangular,Flexure
362,4,0.04875494663093795,0.13219088709788793,0.13967852259363758,1.9912472647702408,0.2626828632145348,0.0564512835917607,0.1500905091769369,1.0526315789473684,0.666840692454253,0.41636607784628415,0.5836339221537159,Spiral,Flexure
16,0,0.07689895049277952,0.0857114675138478,0.03159870054716571,4.0,0.1832756821909614,0.0622669313159055,0.7,1.6041666666666667,0.4898662098732854,0.4390113215126942,0.5609886784873057,Rectangular,Flexure
291,0,0.048351923113682346,0.12759078791197645,0.12187894560813006,1.5,0.2887804878048781,0.0,0.0,2.0,2.303491406410322,0.2960753243242669,0.703924675675733,Spiral,Shear
356,1,0.06759556034638779,0.08817814863772598,0.06712897940107336,4.498360655737705,0.3380501060049569,0.0697127772553846,0.1013856923953268,0.7916666666666666,0.3605814858759095,0.30996379879249947,0.6900362012075005,Spiral,Flexure
139,4,0.036665692891200224,0.16187301110294927,0.15132470952361443,3.2222222222222223,0.251722868152559,0.0106356948357435,0.2836606980403503,8.021052631578947,1.10201696523192,0.37515378833259494,0.6248462116674052,Rectangular,Flexure-Shear
301,2,0.0678982528685489,0.15284066684891928,0.13835531622269875,2.931596091205212,0.1225698854787875,0.0164187289019237,0.0545640905957311,2.083333333333333,0.5053963870467643,0.4613335332199152,0.5410939500497621,Spiral,Flexure-Shear
141,3,0.07099783563242633,0.09089518416528906,0.05181647982104668,3.2222222222222223,0.3645361282337861,0.0250574658222545,0.262077818841628,5.347368421052632,1.1392106467999783,0.37120038231665237,0.6287996176833477,Rectangular,Shear
272,4,0.0271096681417948,0.06370257595906245,0.059112419406465805,1.5,0.4635215946843853,0.025675474843292,0.0,1.6666666666666667,1.959991531834249,0.3110570929141938,0.6889429070858062,Spiral,Shear
7,2,0.05127407566868035,0.08371639516526859,0.062389255032092666,4.0,0.1446348721033339,0.0354417751862286,0.1,2.023809523809524,0.4865796836601485,0.49548802637240147,0.5045119736275986,Rectangular,Flexure
343,2,0.029061481794542814,0.1665364369413284,0.15789662311474398,2.181818181818182,0.4772038834951457,0.0338060879369521,0.2342905150653379,2.083333333333333,1.183978597722823,0.5089763387388873,0.4910236612611128,Spiral,Flexure
50,3,0.06528936103718459,0.12016059844013371,0.10957642984149861,3.0,0.2173575308185968,0.0689416314726482,0.1055197132616487,1.5151515151515151,0.476614025346575,0.5042123894160582,0.5020486630150809,Rectangular,Flexure
115,3,0.07314451392370407,0.10482673789961569,0.07098032303063577,4.5600000000000005,0.0810530904626166,0.0432283149133955,0.3,2.083333333333333,0.4378615678539381,0.455413763542875,0.544586236457125,Rectangular,Flexure
31,5,0.03858563636753481,0.0711359979465956,0.05710043522251166,4.0,0.20693024755868,0.0416846908295117,0.0320060483870967,1.851851851851852,0.4528985576643131,0.5343807472556484,0.46561925274435145,Rectangular,Flexure
45,3,0.0631176915534288,0.09823609159297221,0.07807938966512709,3.0,0.2622702346798754,0.1190965639483435,0.7012261284722222,1.3333333333333333,0.4437507760041941,0.522629701287103,0.482296850197978,Rectangular,Flexure-Shear
399,3,0.05353974549508827,0.09651646287109723,0.08662949643005803,4.698090692124105,0.1586245943791223,0.0438650292272484,0.1028987116985612,0.8466666666666666,0.3101990331631684,0.37514837046286337,0.6248516295371366,Spiral,Flexure
177,5,0.03595801952922518,0.11180608754442141,0.10534598678228937,3.004926108374384,0.1626844702849495,0.0694377996149332,0.1020053828777415,1.336842105263158,0.4299826822788952,0.49993816471547775,0.5000618352845222,Rectangular,Flexure
25,4,0.03557986276539347,0.061166404938312297,0.04303168501741263,3.0,0.1983908359909642,0.0925306247446441,0.2999922762029814,1.25,0.46631047512654,0.5613595324645908,0.43864046753540914,Rectangular,Flexure
197,4,0.06704105451789456,0.24147968458373503,0.23510073081074556,3.600393700787402,0.0,0.0,0.1199842612997491,1.25,0.5958602917261285,0.45503175440220117,0.5449682455977988,Rectangular,Flexure
178,3,0.03613188826878348,0.11309350987244086,0.10188737023288111,3.004926108374384,0.1629687346048603,0.0686717672102935,0.1020053828777415,1.3543859649122807,0.4338326201985894,0.506347831552184,0.4936521684478161,Rectangular,Flexure
415,1,0.04727922977546551,0.11012423016914738,0.10186181946533275,2.0,0.2304917506290236,0.0045443165124386,0.0024034951892964,3.455782312925169,1.0965927247136331,0.32056501540716886,0.6794349845928311,Spiral,Shear
181,4,0.028504494612318746,0.10570232673877847,0.10780157154904717,3.004926108374384,0.291029210694448,0.124218543902176,0.0,1.336842105263158,0.3401808241119036,0.38675820649211606,0.6132417935078839,Rectangular,Flexure
120,1,0.051849313755990015,0.07875194856966364,0.062127271135144276,4.5600000000000005,0.0810530904626166,0.0864566298267911,0.3,1.0416666666666667,0.2771842030326142,0.4659383755961323,0.5340616244038676,Rectangular,Flexure
176,2,0.03269800111079889,0.11966971427312294,0.11057993096536732,3.004926108374384,0.1622985079540362,0.0535658231327001,0.0495093276968009,1.336842105263158,0.45659162347404,0.43457789220372217,0.5654221077962779,Rectangular,Flexure
46,0,0.08733150014621346,0.09568182098714907,0.05424848897245924,3.0,0.2622702346798754,0.1190965639483435,0.7012261284722222,1.3333333333333333,0.4437507760041941,0.4388697485390913,0.5611302514609088,Rectangular,Flexure-Shear
4,3,0.03503927914870543,0.06783828047694723,0.057484766468139076,2.181818181818182,0.2863727152489799,0.1659730037840862,0.5999648320731493,0.8611111111111112,0.4673636988438908,0.46816731427686187,0.531832685723138,Rectangular,Flexure
116,0,0.049673240222071646,0.11689021076705451,0.11846421174632697,4.5600000000000005,0.0810530904626166,0.0432283149133955,0.2,2.083333333333333,0.3797668651711147,0.395857154818733,0.604142845181267,Rectangular,Flexure
244,5,0.07684861510024214,0.10984108994910587,0.09699685950364506,2.5,0.2982027419539741,0.0648371249783425,0.6,1.6666666666666667,0.7709246005897303,0.5125861785743082,0.48741382142569184,Rectangular,Flexure
225,0,0.07347286308016523,0.1252716569135244,0.11175841672227114,6.557377049180328,0.1096144933023403,0.1447170835265416,0.5297747557185456,0.8112094395280235,0.1656912034910311,0.3770654263989897,0.6229345736010103,Rectangular,Flexure
137,0,0.03577770432814297,0.11184250070929926,0.10835128856516552,3.2222222222222223,0.374022198485223,0.0100821642494967,0.0894547201917387,8.021052631578947,1.5239557303264712,0.22367458259984305,0.7763254174001568,Rectangular,Shear
103,0,0.04277536447282739,0.0924694178643284,0.08796306575118665,3.00218818380744,0.2140899839599931,0.0800197660364509,0.3103875077353259,1.7894736842105263,0.5452513813835986,0.4898655752464138,0.5101344247535863,Rectangular,Flexure
213,4,0.07172495628789702,0.21029125261972018,0.19510615243798005,3.2222222222222223,0.5097281045486892,0.0390138960079417,0.6051369542327173,5.347368421052632,1.0245732611885647,0.4939517617693766,0.5118977730280068,Rectangular,Flexure-Shear
292,0,0.05264232266646789,0.06294504449357675,0.039649816508538244,4.0,0.2670959752321981,0.0419671533245282,0.1367352839256995,2.25,0.5111847310819113,0.48803993875122875,0.5119600612487712,Spiral,Flexure
284,1,0.0647567491550707,0.1343213190444951,0.13492995925305426,1.5,0.3986285714285714,0.0219462686800772,0.100040249943477,1.6666666666666667,1.761817228178305,0.29588726713339203,0.704112732866608,Spiral,Shear
357,2,0.06708706287006902,0.1528603676330163,0.12667303330121676,1.4991803278688525,0.0801031765654393,0.0166563932518195,0.0573716286842055,1.984375,0.5565166020669209,0.3786013236243019,0.6215230903498055,Spiral,Flexure-Shear
12,4,0.04658735649390544,0.06632176319578796,0.05321126419303313,4.0,0.1654624360194923,0.0992072926767892,0.3899625935162095,1.5333333333333334,0.3663062582104558,0.4643931011849069,0.5371149692562065,Rectangular,Flexure
383,3,0.06399049017642418,0.07750528873693242,0.05505346739314398,6.58,0.1525532444444444,0.0518292974672236,0.4187543391573424,1.0416666666666667,0.2796412016605888,0.5096430143410806,0.49048815456178074,Spiral,Flexure
210,5,0.08809400157544471,0.10196852539076903,0.06668362567669346,3.916666666666666,0.1335249210984745,0.0683123010790537,0.1999365429126771,1.984375,0.3961636165757645,0.48680258709344454,0.5141018419976322,Rectangular,Flexure
53,4,0.04558185370942052,0.07788279244250969,0.057182751049976596,3.0,0.2173575308185968,0.0689416314726482,0.1055197132616487,1.5151515151515151,0.476614025346575,0.29641679361260737,0.7038882319271605,Rectangular,Flexure
229,4,0.03160632149152352,0.06972746288892136,0.06270556349379454,2.25,0.3445484611202107,0.1374428468515284,0.0891962670045104,1.007936507936508,0.5129290691185904,0.4943350156371022,0.5057081265157427,Rectangular,Flexure
377,5,0.054217952649594774,0.11081145267474497,0.10238402663663572,3.0,0.2734512101910828,0.0334342607418883,0.0450544778745634,1.7017543859649122,0.6425319835986391,0.391939904627234,0.6084174796456765,Spiral,Flexure
154,5,0.04072459694645922,0.08355194784535078,0.07980587633432638,2.0,0.0620035612233917,0.1533708310271086,0.3496965892446118,1.1718749999999998,0.3534259679195131,0.5412483545547241,0.458762177692321,Rectangular,Flexure
69,5,0.08854485262793307,0.12058121711825229,0.10161321604110547,2.0,0.092643441806449,0.0592534895802698,0.3499095477386935,2.0,0.6778157230307,0.4778490491409231,0.5224337512516589,Rectangular,Flexure
360,1,0.08017259467917151,0.11541712373772502,0.10739078233247529,1.9912472647702408,0.2702272796515058,0.0580725998306886,0.3068922873330327,1.0526315789473684,0.7143460152890663,0.39657383572153626,0.603963197735969,Spiral,Flexure
65,5,0.07295007998423518,0.1418261286234172,0.13008869355420588,1.5,0.2975403315468571,0.1333872229663706,0.6162790697674418,1.9444444444444444,0.7587374521546973,0.46613359297497475,0.5339786399840964,Rectangular,Flexure-Shear
403,1,0.06971814385481698,0.17806454928064783,0.1601140898663289,5.333333333333333,0.358330731385667,0.0540565044171587,0.0430849462315006,1.336842105263158,0.3701579875120211,0.5633104015862341,0.43670354492835994,Spiral,Flexure
106,2,0.04184007548778873,0.06196813102610938,0.03997026372429072,2.857142857142857,0.4387811167960234,0.1318346917131431,0.1530612244897959,0.8333333333333334,0.56355573833565,0.3841390035992394,0.6158609964007606,Rectangular,Flexure
29,3,0.046363191043403695,0.1279697539157605,0.11649234836327525,1.5,0.2237958032680615,0.1945917449598534,0.35,0.6060606060606061,0.5190835774856802,0.3683860552599985,0.6316288551775661,Rectangular,Flexure-Shear
63,1,0.0368988160421292,0.0795981948427521,0.07315976966481161,2.5,0.1311400962741969,0.1105440648159523,0.4229274611398964,0.9722222222222222,0.4826730477396071,0.4972676583762975,0.5027323416237025,Rectangular,Flexure
171,1,0.06967158172163981,0.09453524224769672,0.06112339909061681,4.7,0.3920207541420919,0.0877617316170006,0.4617046818727491,1.91919191919192,0.5080437016339787,0.4721211936343301,0.5279334138386654,Rectangular,Flexure
402,1,0.05050796772065091,0.1057741113710562,0.08879357679891035,4.698090692124105,0.1586245943791223,0.0438650292272484,0.1028987116985612,0.8466666666666666,0.3101990331631684,0.38446246007802837,0.6160119616281217,Spiral,Flexure
341,0,0.05091033394743443,0.12430432665165127,0.13319133022231547,1.090909090909091,0.4741350482315112,0.0335886854421807,0.2327838236501267,2.083333333333333,2.2408095158667507,0.3979897989503244,0.6020102010496756,Spiral,Shear
14,5,0.042110326899942825,0.05164098316472461,0.025275252754578967,4.0,0.1786937901361874,0.0285688581935821,0.5,2.6666666666666665,0.7481584131326527,0.47883969378130414,0.5211603062186959,Rectangular,Flexure
22,3,0.06135933022173798,0.11158808298957675,0.11890906889766001,3.0,0.199010807353436,0.0759434587747945,0.1,1.5277777777777777,0.4246670963405309,0.5055776998725227,0.49442230012747723,Rectangular,Flexure
327,1,0.05215219209451383,0.13154184941880173,0.12596829229804504,1.090909090909091,0.3282000985167752,0.0501141715529892,0.1198605449589228,1.3888888888888888,1.427090433257014,0.40740571237865997,0.59259428762134,Spiral,Flexure-Shear
385,3,0.05497064951618945,0.0724698542002944,0.042910469353918304,6.58,0.1525532444444444,0.0785398163397448,0.2093771695786712,1.1111111111111112,0.1734527065755909,0.5105876760022274,0.4894135133461473,Spiral,Flexure
223,3,0.04788371148026346,0.1354051138380675,0.12622345178479014,6.557377049180328,0.1046092652976672,0.1531450577347175,0.4123210361038607,0.8112094395280235,0.1496013067124592,0.4164442826779198,0.5835557173220803,Rectangular,Flexure
126,4,0.0382589872768138,0.05033856144793972,0.025539051449764504,4.5600000000000005,0.3242123618504666,0.0432283149133955,0.2,2.083333333333333,0.7609223826520778,0.48490387655009404,0.5150961234499061,Rectangular,Flexure
18,1,0.050888321047065914,0.07226860614138933,0.05306145088955775,4.0,0.2908427573831176,0.137920212638798,0.199951171875,1.1111111111111112,0.3201972645977145,0.5244549444720281,0.47554505552797194,Rectangular,Flexure
290,4,0.060411217044151,0.11172018502448806,0.08781675320493335,2.0,0.4215105740181268,0.0334349671317232,0.0,1.8333333333333333,1.20504572268205,0.3051434317186844,0.6948565682813156,Spiral,Flexure-Shear
156,2,0.051150691146795074,0.101010513178854,0.08850748509051676,7.637795275590553,0.1019904935522901,0.0084387754544073,0.339495040428016,6.047619047619048,0.4518303279873847,0.4198611596695713,0.5829188901795476,Rectangular,Flexure
52,0,0.04171322094838319,0.07803578150300709,0.057831350027832996,3.0,0.2173575308185968,0.0689416314726482,0.1055197132616487,1.5151515151515151,0.476614025346575,0.29188459602609296,0.7097294754306526,Rectangular,Flexure
278,3,0.035258007027199556,0.09999736579395947,0.09094836374784293,1.5,0.4878321678321678,0.0540441813135027,0.0998892037936895,0.8333333333333334,1.3516951257321212,0.3035810978039776,0.6964189021960224,Spiral,Flexure-Shear
13,0,0.04960696401177093,0.05298495953280067,0.017714809877093236,4.0,0.1743354050109145,0.0563046054627113,0.5,1.6875,0.545196676134645,0.5015982886002534,0.49840171139974676,Rectangular,Flexure
286,1,0.03328092467508014,0.1354991302876209,0.1294868651842549,1.75,0.4202724795640327,0.0156972630204912,0.1749837044620702,2.2222222222222223,1.698326554935525,0.2691328384939099,0.7308671615060902,Spiral,Shear
224,4,0.0682640639332998,0.09746468168056938,0.07486188264672175,6.557377049180328,0.1099300820546503,0.1106425276160432,0.3713941879904531,1.1799410029498525,0.1906018747522021,0.3955444394953953,0.6053649919692929,Rectangular,Flexure
151,0,0.03338908383410273,0.06432912914133833,0.05703306550309376,2.0,0.0620035612233917,0.0967764362934645,0.5991211550533584,1.4705882352941178,0.5159503116463756,0.542588665911399,0.457411334088601,Rectangular,Flexure
34,4,0.04251271056373107,0.13365511198532395,0.12501019631627205,2.0,0.3285013187775414,0.0502182009626502,0.153010033444816,1.5151515151515151,0.9850778241218324,0.34743243356221026,0.6525675664377897,Rectangular,Flexure-Shear
273,3,0.04079947436451286,0.07069474182269841,0.0575290470957283,2.0,0.4859661016949153,0.0222840089072428,0.0,2.2222222222222223,1.62810669260053,0.24826408179907916,0.7517359182009208,Spiral,Shear
228,5,0.033597241355681685,0.05203357419440417,0.04488949110283162,2.25,0.3281900772094588,0.0654586852215736,0.0849614294019224,2.0158730158730163,0.8061712829162269,0.4696572204210652,0.5303427795789347,Rectangular,Flexure
167,3,0.0377940106303823,0.06570622405149747,0.05054506061711574,4.7,0.2613471694280612,0.1340209366007515,0.1995198079231692,1.3333333333333333,0.2656232507328804,0.4424690717986107,0.5575309282013893,Rectangular,Flexure
274,4,0.07240223868618455,0.18174702450351035,0.19877198291274606,2.0,0.4995121951219512,0.0610804425332092,0.1999141358349417,0.8333333333333334,0.9680726335871248,0.4879822463036091,0.5121547728416226,Spiral,Flexure-Shear
44,5,0.06434799829802386,0.4051025371812238,0.39512100581379084,2.0,0.3579802255346166,0.2763491834554928,0.8997334123222749,1.3333333333333333,0.3251456110414734,0.4242331521197215,0.5757668478802785,Rectangular,Flexure-Shear
2,2,0.048539224801290935,0.08205429991121956,0.05873249961512492,2.181818181818182,0.1625545605881891,0.0837095781636363,0.2139976843534155,1.0416666666666667,0.523924079239485,0.5278727912310537,0.47395509698181565,Rectangular,Flexure
140,5,0.05231576991689259,0.09028568773037109,0.08735870729583636,3.2222222222222223,0.3645361282337861,0.0098264571851978,0.262077818841628,8.021052631578947,1.425095045132254,0.2715423176198901,0.72845768238011,Rectangular,Shear
59,2,0.03207225808796976,0.0632880731804459,0.05503028651236346,2.5,0.1771998033670012,0.1493699265541105,0.6289381563593932,0.9722222222222222,0.4249249110719393,0.45490038629108276,0.5450996137089172,Rectangular,Flexure
68,5,0.08797318573683162,0.16960863840281767,0.1569921816872663,2.0,0.092643441806449,0.0219037944075412,0.3499095477386935,1.818181818181818,0.9762176536582098,0.3946859072302548,0.6053140927697451,Rectangular,Flexure
269,5,0.09257873177725469,0.08846311984906563,0.07645812235029845,2.5,0.3875555555555555,0.0214675497995302,0.0,1.6666666666666667,1.2634613495159657,0.3009630484775938,0.6990369515224062,Spiral,Flexure-Shear
192,2,0.051682831517302255,0.09337076208791024,0.0759433402970982,3.5,0.3943482713123507,0.102782306270522,0.2098880597014925,1.3756613756613758,0.5461286297716522,0.36956124251740047,0.6304387574825995,Rectangular,Flexure
281,5,0.08639491169662485,0.12601075836451092,0.13583202389583263,2.0,0.240551724137931,0.0220723966609972,0.0,1.6666666666666667,0.8489598591578973,0.3460046836851986,0.6539953163148015,Spiral,Flexure-Shear
212,0,0.05155934914213525,0.11099681844634736,0.09522021314456566,3.2222222222222223,0.5097281045486892,0.0390138960079417,0.1512275565654636,5.347368421052632,1.1648670009183122,0.2657466338836969,0.734333533985024,Rectangular,Flexure-Shear
183,5,0.034851171780177895,0.15334465668952604,0.1497604427688337,3.004926108374384,0.2338711418964994,0.0771880184272449,0.1431876803128545,1.336842105263158,0.5220121565366791,0.4424835995901568,0.5575864967441101,Rectangular,Flexure
316,2,0.060701724775789646,0.15538107203310741,0.15064103026109343,2.0,0.1370886075949367,0.0402103029328457,0.2075863966606189,1.7796610169491522,0.5540116198929973,0.4963021122653703,0.5037113382980791,Spiral,Flexure
101,4,0.03203630414648979,0.22166688690908157,0.22964136339793337,1.498360655737705,0.3767542662236212,0.0122245363569698,0.1035432090665022,5.833333333333333,2.2133958786422734,0.35909842820659255,0.6409015717934076,Rectangular,Shear
300,2,0.08912047811887333,0.1351364935172305,0.09858510784286945,6.221498371335505,0.1215541129471953,0.0162826620878193,0.0947891248821173,2.083333333333333,0.3157237110615077,0.42597029807277453,0.5753827613676744,Spiral,Flexure
219,0,0.051955227458378446,0.08142546637624505,0.0626915123119876,6.557377049180328,0.1130376979162133,0.0344163403111726,0.2640687436957026,1.91740412979351,0.379560746716228,0.4150924089886477,0.5849075910113524,Rectangular,Flexure
394,5,0.044684683637871404,0.07263847505058739,0.051758596379043086,5.999015748031496,0.2441301603163874,0.0089631860669541,0.1869728508666061,3.307291666666666,0.6461033519553142,0.4927330991042237,0.5077451177725291,Spiral,Flexure
55,2,0.04549532828556778,0.12253473387574024,0.1267980345100862,1.25,0.3222606488835563,0.0163848243082742,0.4451926674148896,2.6791666666666667,2.070953323625844,0.4199808515586856,0.5800191484413144,Rectangular,Shear
5,0,0.04002115408259523,0.08322887543375855,0.07220271353558548,4.0,0.2728393348643067,0.1533523193616712,0.3800317796610169,1.3888888888888888,0.3176669416831,0.49854943740876795,0.5014505625912321,Rectangular,Flexure
320,1,0.09425018291873548,0.24906712865859054,0.27298841972459226,1.090909090909091,0.5162314049586776,0.0262751385572964,0.0,2.7777777777777777,2.934593692473316,0.3433365375767862,0.6566634624232138,Spiral,Shear
203,0,0.04484476733954761,0.07714182033085384,0.06262244297723918,3.916666666666666,0.126986024584079,0.064019931588114,0.0,1.3229166666666663,0.2216904579615003,0.3533168920532587,0.6509822595676421,Rectangular,Flexure
346,3,0.035122174986702684,0.10331625054034654,0.09696913513805001,4.498360655737705,0.3147363055908219,0.064904999513634,0.0943935756784077,0.7916666666666666,0.3591616971926681,0.4823263994746849,0.5176736005253151,Spiral,Flexure
184,2,0.04826040521343477,0.17238834410968257,0.16812250831452305,3.004926108374384,0.2342701713145108,0.0763754601914743,0.1431876803128545,1.3543859649122807,0.5263526554590484,0.45427464881466356,0.5459375272618975,Rectangular,Flexure
393,3,0.04735842514553841,0.0938135320768471,0.08017898868484269,4.0,0.1858771686293372,0.0271121384510969,0.0602358454613318,1.653645833333333,0.4710391434239153,0.34173325714428354,0.6582667428557164,Spiral,Flexure
215,2,0.06128612793531747,0.10820882886392715,0.09767691623472231,6.557377049180328,0.1253585566287307,0.0788459484654048,0.1396077719646652,0.8849557522123892,0.1852231555536475,0.5635624278652563,0.436719758741016,Rectangular,Flexure
412,5,0.03531797199578741,0.14882128342444736,0.14951660717796778,2.578248031496063,0.1517809851694915,0.0240772234034443,0.0,2.351851851851852,0.4583490248515089,0.5228471675225672,0.47740342089384896,Spiral,Flexure-Shear
97,5,0.04830815852672408,0.12236305408331592,0.1219236906574665,5.495081967213115,0.1865842841646672,0.0429284530899591,0.2707732248888257,2.2280701754385963,0.4259538041626897,0.47443524542521265,0.5255647545747874,Rectangular,Flexure
81,3,0.034954897724409566,0.12231689966026313,0.12479292247096259,2.8721311475409834,0.3611237456995292,0.0331614479151539,0.0712590903488228,3.35978835978836,1.0930896313803085,0.45288224047383674,0.5471177595261633,Rectangular,Flexure-Shear
311,2,0.06930539749296748,0.08006653664525877,0.034945048150037454,3.0,0.3582622950819672,0.1212577512007293,0.100189341225062,0.4838709677419354,0.3429884575496945,0.3840848159863657,0.6159151840136343,Spiral,Flexure
96,3,0.05222456506397803,0.08188189631510534,0.0611172880807518,5.495081967213115,0.1913993624656909,0.0735869484928307,0.277760921014989,1.3333333333333333,0.3153005960815045,0.5033511930579693,0.4980666624553784,Rectangular,Flexure
78,1,0.04984732788484379,0.12510399322293694,0.12096577077980587,2.8721311475409834,0.3611237456995292,0.0331614479151539,0.1142713340728871,3.35978835978836,1.0992997381814311,0.4748226315675921,0.5251773684324078,Rectangular,Flexure-Shear
243,0,0.044600538314267496,0.06623825860534306,0.04032435117002923,2.5,0.2982027419539741,0.0648371249783425,0.3,1.6666666666666667,0.7993310527353875,0.4284241184343677,0.5715758815656323,Rectangular,Flexure
310,0,0.06243788774624282,0.08044954082202363,0.041580837754457166,6.0,0.3441574803149606,0.0613130043400603,0.0962448789721067,0.8641975308641974,0.2977465407273655,0.3458860814581174,0.6541139185418826,Spiral,Flexure
404,5,0.09774148702858183,0.1694069689026066,0.19089350862842788,5.333333333333333,0.3426144712371728,0.0516856051006167,0.041195255607312,1.336842105263158,0.3686141345804258,0.5342123556279685,0.4657876443720315,Spiral,Flexure
239,5,0.03878341009137903,0.06631731576487718,0.04853888008916213,2.25,0.3169056046406522,0.0842036067725408,0.0820401195084465,1.5132275132275137,0.6739620395317363,0.4072880434968116,0.5927119565031884,Rectangular,Flexure
80,1,0.06129455073215645,0.1302400028447625,0.13086775529930786,2.8721311475409834,0.3611237456995292,0.0331614479151539,0.0712590903488228,3.35978835978836,1.0930896313803085,0.43480408382924535,0.5651959161707546,Rectangular,Shear
307,3,0.06123744281207861,0.07603633605536317,0.042998468892899676,3.006578947368421,0.2770698269909468,0.0885409955126088,0.0714971670003689,0.4712041884816753,0.3528457468796157,0.4906271447298055,0.5110170287910036,Spiral,Flexure
79,2,0.029214903959061917,0.11760651300613612,0.1186545316311875,2.8721311475409834,0.3611237456995292,0.0331614479151539,0.1142713340728871,3.35978835978836,1.0992997381814311,0.45386664614859085,0.546133353851409,Rectangular,Flexure-Shear
242,1,0.0480093060561381,0.08098092354056606,0.07490794183540443,2.25,0.3030138521084592,0.0805124897633335,0.0784438402971174,1.5132275132275137,0.6706621734965332,0.4182984665040916,0.5817015334959084,Rectangular,Flexure
54,3,0.04675870020311045,0.14526991461478442,0.143860232353233,1.25,0.3344214280867094,0.0170031195651902,0.1844087273856666,2.6791666666666667,2.2534107849112868,0.41609731024214675,0.5839026897578533,Rectangular,Shear
275,1,0.028271652635820196,0.1472613622457645,0.14642384860842794,2.5,0.4794648829431438,0.0586290535352208,0.1998751877291194,0.8333333333333334,0.8566921589593827,0.4948655579543193,0.5060267847321692,Spiral,Flexure
330,3,0.0531122738770488,0.1289855652562912,0.11517297123566865,1.090909090909091,0.4874578512396694,0.0496212452754188,0.2373631775579981,1.3888888888888888,1.9414643374532217,0.3672497078365016,0.6327502921634983,Spiral,Shear
367,3,0.04007222250746852,0.1041364774345822,0.09358290619027092,8.0,0.4330534381299408,0.0301588581406785,0.2712924636494057,1.3281249999999998,0.4633707614260111,0.46607794152217874,0.5339220584778213,Spiral,Flexure
19,3,0.0522500098818752,0.07212961412103629,0.04313274770587952,4.0,0.2908427573831176,0.137920212638798,0.199951171875,1.1111111111111112,0.3201972645977145,0.5186313831282059,0.4813686168717942,Rectangular,Flexure
58,4,0.05117438352403376,0.07220442996441655,0.043580037745162205,2.5,0.1771998033670012,0.0619122603563926,0.6289381563593932,0.9722222222222222,0.7103550446199894,0.45234342445378733,0.5476565755462127,Rectangular,Flexure
326,0,0.04241195483428345,1.7751137718213542e+17,1.7673958858569136e+17,1.090909090909091,0.6499438016528926,0.0496212452754188,0.118681588778999,1.3888888888888888,2.498800695654154,0.4034858563459831,0.5965141436540168,Spiral,Shear
185,0,0.03752289206807252,0.15751994811007886,0.15518550660420619,3.004926108374384,0.2895014983023511,0.1235664780549205,0.3624058628479151,1.336842105263158,0.487020578578339,0.4924923053246597,0.5075076946753402,Rectangular,Flexure
166,5,0.059688845944162926,0.07791567490728248,0.03989485742526834,4.7,0.2613471694280612,0.1340209366007515,0.4278511404561825,1.3333333333333333,0.3052704198528541,0.4568413754199791,0.5433206932857291,Rectangular,Flexure
408,4,0.050837815499635175,0.10750079305880493,0.09566874335107355,4.5625,0.1472067636986301,0.0466297841721397,0.0,1.1777777777777778,0.1926270748429406,0.37722549752612977,0.6227745024738702,Spiral,Flexure
222,1,0.06034357204781061,0.11789635523648459,0.10287606811464949,6.557377049180328,0.1048966533891443,0.0747353491454496,0.4134537862030472,0.8849557522123892,0.2588162222221008,0.4065577563104683,0.5934422436895317,Rectangular,Flexure
392,3,0.040822487547779285,0.09815745914181961,0.0902814224844206,4.0,0.1858771686293372,0.0541390186051779,0.1204716909226637,0.8281249999999999,0.3372935707327432,0.3426485985797318,0.6573514014202682,Spiral,Flexure
170,0,0.07020221959605469,0.08463803860853007,0.03620358710776676,4.7,0.3221984071085403,0.1786945821343354,0.4561824729891957,1.3333333333333333,0.2733674914912262,0.4560078082485411,0.543992191751459,Rectangular,Flexure
23,3,0.03647462735973682,0.08533547495699768,0.0734142193572297,3.0,0.199010807353436,0.0759434587747945,0.1,1.5277777777777777,0.4246670963405309,0.5135755592651209,0.4864244407348792,Rectangular,Flexure
62,3,0.06156915583616906,0.07517345181493476,0.04001906660340301,2.5,0.1311400962741969,0.0458193498492474,0.4229274611398964,0.9722222222222222,0.8003933063062444,0.44025805418199127,0.5597419458180087,Rectangular,Flexure
218,1,0.0699974140695837,0.12073255124638331,0.11006748092638895,6.557377049180328,0.1221849222836996,0.0354691608481178,0.1360733979908762,1.91740412979351,0.3190912240364358,0.5182386139823093,0.4820029540770112,Rectangular,Flexure
127,4,0.052584274826530275,0.09341068686720873,0.08023397611235596,4.5600000000000005,0.3242123618504666,0.0432283149133955,0.3,2.083333333333333,0.7868914435733787,0.5332270131805803,0.4678943439328047,Rectangular,Flexure
238,3,0.04810014445026881,0.0543339885296496,0.02342173010024901,2.25,0.3038463077461198,0.0606032332957975,0.1579101143550272,2.0158730158730163,0.8362216298696364,0.4450558360868404,0.5549441639131597,Rectangular,Flexure
234,5,0.03324662392493685,0.05434191831891734,0.04279619265123598,2.25,0.4036498394875461,0.1072520392832728,0.1044963566001746,1.5132275132275137,0.6903085574650586,0.41555676939529573,0.5844432306047043,Rectangular,Flexure
107,2,0.038554378967019236,0.049164615500572904,0.029569498059679646,2.857142857142857,0.3755747632594899,0.0966717937371908,0.1313125786507632,1.692708333333333,0.626030019995597,0.42944458144320713,0.5705554185567928,Rectangular,Flexure
384,5,0.045816495500064204,0.07301422180631703,0.05745559377043872,6.58,0.1525532444444444,0.0374406634874422,0.4187543391573424,1.4749262536873151,0.3415886057778702,0.5019900105135311,0.498848564931492,Spiral,Flexure
146,1,0.04113792488870204,0.11558909562767071,0.10792128830871768,2.0,0.2384161954674675,0.1055673753920099,0.1996648730139565,0.913978494623656,0.6246738967102624,0.4471350483729988,0.5528649516270012,Rectangular,Flexure
279,1,0.0626187470941364,0.14544993955367663,0.1399553343747474,2.0,0.3854143646408839,0.0424375361216963,0.1000214076060944,0.8333333333333334,0.985548691488518,0.4137988995922362,0.5862047725394529,Spiral,Flexure-Shear
296,5,0.0344345463227049,0.12196329397910922,0.11497283209882803,2.0,0.3562105263157895,0.0516709318024637,0.1899388597162487,1.0,0.8646993989316731,0.44391860994351207,0.556081390056488,Spiral,Flexure
150,0,0.0503638642995073,0.1833138895380965,0.17973067321909253,2.0,0.1460085905369636,0.0388969081265255,0.1924887570705374,1.3281249999999998,0.8374140074196855,0.46701128682014487,0.5329887131798552,Rectangular,Flexure-Shear
3,0,0.03825258200413956,0.04480120069148738,0.02620924106991682,2.181818181818182,0.3144747106706088,0.1056984444198435,0.4200200818722484,1.25,0.6398198520675843,0.502205695504117,0.4987557285239992,Rectangular,Flexure
336,0,0.0462005155791656,0.1130061512457294,0.11280586362413858,1.6363636363636362,0.4726153846153846,0.0334810293990968,0.116018860825624,2.083333333333333,1.5363064295762687,0.39436480791883793,0.6056351920811621,Spiral,Shear
199,2,0.05162724775696453,0.1715250314077318,0.17003214416370516,2.6666666666666665,0.3723000177534428,0.0174193945518567,0.0,7.129824561403509,1.3707361135766254,0.3459252050147734,0.6546944819429054,Rectangular,Shear
241,3,0.04091259503397071,0.08123457121742333,0.06209604745835441,2.25,0.3030138521084592,0.0805124897633335,0.0784438402971174,1.5132275132275137,0.6706621734965332,0.41821185722521687,0.5817881427747831,Rectangular,Flexure
325,2,0.05184735949013549,0.16068610786937693,0.16610452938757003,1.090909090909091,0.4734861293888509,0.0688556861192118,0.115279887189792,0.9722222222222222,1.606665214450584,0.42292710856866295,0.5770728914313371,Spiral,Shear
49,4,0.05467968168421407,0.10009241095006434,0.08350448718391346,3.0,0.2173575308185968,0.0689416314726482,0.1055197132616487,1.5151515151515151,0.476614025346575,0.48361861833521314,0.5163813816647869,Rectangular,Flexure
77,2,0.0656609076386196,0.15603421464602985,0.1533802908901924,2.8721311475409834,0.4648949369924974,0.060918046641502,0.1471079243237167,2.354497354497355,0.9492901343385364,0.4568333239883458,0.5431666760116542,Rectangular,Flexure-Shear
143,4,0.037260127390699775,0.1760752745753379,0.17912032448103668,3.2222222222222223,0.1939254724438144,0.0081936621846362,0.0726988511528028,8.021052631578947,1.0083254760037947,0.3723879392789155,0.6276216126979082,Rectangular,Flexure-Shear
280,0,0.05492594781573894,0.1573686279282485,0.15924865680365702,2.0,0.4076439169139465,0.0227928606469645,0.0,1.6666666666666667,1.406018893088108,0.3883574892605289,0.6116425107394711,Spiral,Flexure-Shear
180,0,0.04058165299523865,0.18800271520011808,0.1877674046939583,3.004926108374384,0.1686913008581607,0.0710831422421054,0.2108040209848178,1.3543859649122807,0.5104226432875383,0.5454791786840699,0.45452082131593,Rectangular,Flexure
364,5,0.05706779059518898,0.1376607537887825,0.13478983871211386,1.9912472647702408,0.3490480589717059,0.0493730651036511,0.0848654923315939,1.4035087719298245,0.836812884166106,0.32282856083609107,0.677477805768216,Spiral,Flexure-Shear
194,0,0.04661072652216497,0.10397563819450303,0.09731684388237385,3.5,0.384310315315309,0.0964561764435013,0.1534090909090909,1.4285714285714286,0.5439715662059975,0.42908513533564524,0.5712119336332455,Rectangular,Flexure
332,0,0.042991667658258695,0.1442997798620902,0.14762226228576034,1.6363636363636362,0.4608,0.0326440036641193,0.0,2.083333333333333,1.6170649153132122,0.4104294253044713,0.5906249524078063,Spiral,Flexure-Shear
64,1,0.05439294958555291,0.15742018431104052,0.15227521158662288,1.5,0.2975403315468571,0.1333872229663706,0.2567829457364341,1.9444444444444444,0.7526079372813009,0.39897095554164846,0.6010290444583515,Rectangular,Flexure-Shear
352,5,0.06334252641617248,0.0987022811410032,0.06607640830988971,4.498360655737705,0.2782729531138365,0.0573855178626642,0.0926380853990227,0.7916666666666666,0.3608154540952911,0.34061376844172736,0.6599220504558365,Spiral,Flexure
379,3,0.07401394689325531,0.11037322486177852,0.06868437406355274,3.0,0.2677432121212121,0.0485525062547868,0.0428700183412512,1.1228070175438596,0.5041050008447017,0.43324961217510294,0.5679551253263131,Spiral,Flexure
374,1,0.061151432129703524,0.09023702231176622,0.07198240699083197,3.0,0.3479286155432214,0.0730848949551309,0.0905565245626531,0.6614583333333331,0.5016320326049301,0.43457491567776374,0.5654250843222363,Spiral,Flexure
190,0,0.04286588421956508,0.10137658573420852,0.09010078192392657,3.5,0.4177286036035967,0.1088761188952565,0.1111660079051383,1.3756613756613758,0.5119187778069219,0.3871840021162779,0.6128159978837221,Rectangular,Flexure
125,2,0.050840340404973115,0.11694887501849338,0.10239098967600772,4.5600000000000005,0.3242123618504666,0.0432283149133955,0.2,2.083333333333333,0.7609223826520778,0.5099557686468753,0.49178637593564384,Rectangular,Flexure
67,1,0.05194304084889628,0.07916963014021904,0.05021659027208429,2.0,0.092643441806449,0.0610952943185552,0.3499095477386935,1.3333333333333333,0.6677504471434148,0.49707914681892584,0.503092778429528,Rectangular,Flexure
32,2,0.07185767634479402,0.15849992591152268,0.15349271911104087,4.0,0.20693024755868,0.0416846908295117,0.0320060483870967,1.851851851851852,0.4528985576643131,0.5186583741968008,0.4845416924958251,Rectangular,Flexure
149,1,0.04104992281966353,0.21008431577741257,0.20276351439403928,2.0,0.1460085905369636,0.0388969081265255,0.0962443785352687,1.3281249999999998,0.741460410374528,0.4712984718116829,0.5287015281883171,Rectangular,Flexure-Shear
100,2,0.03992348895214644,0.13739117670242837,0.1375559552127021,1.1097560975609757,0.3157000782988364,0.054460996242006,0.2696561127101954,2.4722222222222223,1.817652418872768,0.2430992761104721,0.7569007238895279,Rectangular,Shear
337,1,0.03295878573280186,0.15722774875051518,0.14708647220147633,1.6363636363636362,0.5032627986348123,0.076397473226608,0.1235422681829171,0.9722222222222222,1.0487633365439422,0.4875738626351944,0.5124261373648056,Spiral,Flexure
155,3,0.027615975985752043,0.10923766690875444,0.10439468550584698,2.0,0.0620035612233917,0.1971910684634253,0.3496965892446118,0.9114583333333331,0.2932052623748773,0.5373370468594063,0.46266295314059375,Rectangular,Flexure
335,4,0.03725361345324952,0.10597190223205545,0.09514321449601974,1.6363636363636362,0.4741350482315112,0.0,0.1163919118250633,2.0,2.6253097065065103,0.39188120375374835,0.6081187962462516,Spiral,Shear
398,4,0.05648129010606729,0.08972534398965079,0.06639900101161192,4.698090692124105,0.1385867845521421,0.0438650292272484,0.1028987116985612,0.8466666666666666,0.2855176954456508,0.40162227610316736,0.5983777238968325,Spiral,Flexure
396,3,0.056989599077355145,0.16333892328832597,0.14968208352620344,4.698090692124105,0.1540837093423177,0.0440149831610284,0.0,0.8912280701754386,0.2172556643312284,0.4248614781950648,0.5757696862259184,Spiral,Flexure
306,1,0.05730642359054235,0.11250537612350038,0.10724821663879795,6.0131578947368425,0.2654607560276389,0.040424478291429,0.0685014756456048,0.9329140461215932,0.3249960137095146,0.49047945531020903,0.5095205446897909,Spiral,Flexure
145,0,0.03352900960787365,0.11112508065295237,0.10041444416461211,2.0,0.2384161954674675,0.1055673753920099,0.0997304626188199,0.913978494623656,0.5598902879369332,0.442283180112503,0.5577168198874971,Rectangular,Flexure
169,0,0.0664690045292651,0.09299750798447404,0.06362785736276667,4.7,0.3920207541420919,0.1786945821343354,0.4617046818727491,1.3333333333333333,0.3043874938185217,0.49613642388443463,0.5052103106539341,Rectangular,Flexure
136,3,0.03772072359397044,0.13348308219149166,0.1309776419015848,3.8278688524590168,0.3547213947733016,0.0546170367251115,0.2324374614267423,2.305555555555556,0.7295960902153189,0.5426658485788091,0.45749446761405854,Rectangular,Flexure
175,4,0.024752327068574824,0.15027751066740533,0.1446872389595618,3.004926108374384,0.1622985079540362,0.0535658231327001,0.0495093276968009,1.336842105263158,0.45659162347404,0.422540136834733,0.577459863165267,Rectangular,Flexure
33,5,0.05265119099955979,0.16041701934263566,0.16300044734128644,2.0,0.2318495378349267,0.0469226315244763,0.14296875,1.5151515151515151,0.8042647315190902,0.40984751573093137,0.5901524842690686,Rectangular,Flexure-Shear
322,2,0.03266603609233914,0.14862407077005443,0.14365835246195122,1.090909090909091,0.5198414147835635,0.0,0.1265660299915899,2.0,4.068249664091903,0.3950958603776545,0.6049041396223455,Spiral,Shear
191,1,0.06582533259025619,0.10334568144179007,0.07596768740161342,3.5,0.3899827922941327,0.1016444947619922,0.1556734317343173,1.3756613756613758,0.5297706192504589,0.4173827497665773,0.5828152887854416,Rectangular,Flexure
105,0,0.06737304121194998,0.15552970189140153,0.1320905503289904,2.857142857142857,0.3961074481127173,0.0808182018164862,0.1407459535538353,1.25,0.7347613405349893,0.37661817049329066,0.6239691888577426,Rectangular,Flexure
331,0,0.05230519465658339,0.14734365128566332,0.14309124087695935,1.090909090909091,0.4749988646265149,0.069075672336845,0.2312963870772824,0.9722222222222222,1.6251997920090395,0.4061086499380256,0.5938913500619744,Spiral,Shear
168,2,0.06682686356826768,0.08569646355111957,0.0618942366296663,4.7,0.3920207541420919,0.0893472910671677,0.4617046818727491,2.6666666666666665,0.5021850676314081,0.4224526856315342,0.5775859605424141,Rectangular,Flexure
315,4,0.08058163386180588,0.12252543060122267,0.1018914465327812,1.0,0.1634716981132075,0.1903689830609228,0.2475369862066248,0.6179775280898876,0.4899783196806555,0.3798691545675312,0.6202465689217638,Spiral,Flexure-Shear
24,2,0.03955011252133046,0.141273223547578,0.14015566741694543,3.0,0.1983908359909642,0.0925306247446441,0.2999922762029814,1.25,0.46631047512654,0.5315689128343721,0.46996655818166205,Rectangular,Flexure
283,3,0.09921056999315042,0.10992902258403357,0.11059094740421188,2.5,0.4067638483965015,0.0223941517143645,0.0999938490854328,1.6666666666666667,1.2243661511164816,0.3047370380314285,0.6953960452448713,Spiral,Flexure-Shear
201,0,0.05056423561195981,0.12694009608235515,0.10982148147121622,3.916666666666666,0.1229309503617101,0.048127705028581,0.0,1.3229166666666663,0.2754795386188717,0.26991464820326894,0.7301623099274478,Rectangular,Flexure
208,4,0.5639661844600001,0.11376895583522341,0.5178657637671485,3.916666666666666,0.1420130578920206,0.1089823385185393,0.2000139832933836,1.3229166666666663,0.2841766447439349,0.41476790402826147,0.5853327617017839,Rectangular,Flexure
128,4,0.046162948565575075,0.10981651408062465,0.1149133731678898,4.5600000000000005,0.3242123618504666,0.0432283149133955,0.3,2.083333333333333,0.7868914435733787,0.5176425948333245,0.48338684124557585,Rectangular,Flexure
353,5,0.05725566623399921,0.09998809440549569,0.09239493583866773,4.498360655737705,0.2808416265271949,0.0579152303352426,0.0934932061873213,0.7916666666666666,0.3610211893121618,0.32638091181405926,0.6736190881859407,Spiral,Flexure
20,1,0.06304989506442556,0.0765263707428755,0.03821090111358395,4.0,0.2908427573831176,0.137920212638798,0.199951171875,1.1111111111111112,0.3201972645977145,0.48269472490198245,0.5173052750980176,Rectangular,Flexure
173,2,0.0388239149333041,0.09291591617053435,0.08808473590113107,4.7,0.4130338227186827,0.0877617316170006,0.4617046818727491,1.91919191919192,0.5235228037703472,0.42650691638033,0.57349308361967,Rectangular,Flexure
186,2,0.025116557656389277,0.23299091029411104,0.23504304967483836,3.004926108374384,0.2900073544936885,0.122203302279735,0.3624058628479151,1.3543859649122807,0.4911993082650706,0.4789591073555289,0.5210408926444712,Rectangular,Flexure
61,1,0.028454113146929763,0.1714446253365745,0.17174689363349852,2.5,0.1311400962741969,0.1105440648159523,0.2538860103626943,0.9722222222222222,0.4237856196418204,0.5165540208065668,0.48344597919343335,Rectangular,Flexure
369,5,0.0704174440614286,0.11451542429153197,0.09469271093159896,4.0,0.2230526023552046,0.0649668223262135,0.0722675411254063,0.8281249999999999,0.3004249610560432,0.3449022496083648,0.6550977503916352,Spiral,Flexure
165,4,0.07590894816047057,0.08452920610992506,0.04399529797348014,4.7,0.2613471694280612,0.0670104683003757,0.4278511404561825,2.6666666666666665,0.485270969404303,0.4422102245280647,0.5578000557346278,Rectangular,Flexure
108,0,0.04231773840483221,0.07964095407791401,0.06343440682630024,2.857142857142857,0.3592035556302301,0.092457895035826,0.1255886970172684,1.692708333333333,0.6244439766092185,0.42816592669678866,0.5718340733032115,Rectangular,Flexure
82,5,0.04825076877668856,0.18967307725246746,0.18281961573657401,2.8721311475409834,0.3632861633384486,0.0661987886150566,0.1149555935583535,1.6931216931216932,0.7628170111050468,0.5000969627310426,0.5013281620156835,Rectangular,Flexure-Shear
313,2,0.058745528414921894,0.08629174089955859,0.06695188779964703,6.0,0.375175965665236,0.0668390691089069,0.1049193101240992,0.8641975308641974,0.2993806458761555,0.38129607216342976,0.6187039278365704,Spiral,Flexure
333,1,0.197012245092726,0.14171890093506395,0.2768189078518087,1.6363636363636362,0.4711054313099041,0.0715158455443966,0.0,0.9722222222222222,1.0220362608387008,0.5005968722325979,0.4994073003628245,Spiral,Flexure
305,4,0.06819138522710153,0.08895108813125734,0.048762812702146885,3.75,0.7252189971496247,0.1155658853630965,0.3514200437614614,0.9909909909909907,0.5728223274780351,0.49709477753238046,0.5029216991239671,Spiral,Flexure
112,4,0.05167486228913001,0.10458123465170714,0.0942353109971717,4.5600000000000005,0.0810530904626166,0.0288188766089303,0.2,3.125,0.4785475406271931,0.32581418190096506,0.6741858180990349,Rectangular,Flexure
276,5,0.05451246712335788,0.2315902292347028,0.23087894815032373,2.0,0.4594871794871795,0.0501446519707601,0.1999639028590479,1.6666666666666667,1.0172615127664126,0.4931964163646589,0.5071525329703724,Spiral,Flexure-Shear
237,4,0.023915910945085436,0.07313932796366847,0.07134257943996557,2.25,0.3038463077461198,0.0606032332957975,0.1579101143550272,2.0158730158730163,0.8362216298696364,0.4473037089246255,0.5526962910753744,Rectangular,Flexure
319,5,0.03542875756827533,0.11167847641690018,0.10824858400080657,2.0,0.3532939746835443,0.1254352589562816,0.2075863966606189,0.7865168539325842,0.4980034092301829,0.40647015783502,0.5935545048749261,Spiral,Flexure
282,4,0.05159660390505282,0.11488651577192671,0.10896243027707767,2.0,0.4177245508982036,0.0229975869402007,0.100067479189515,1.6666666666666667,1.336156006400793,0.32306687317931154,0.6770653519261796,Spiral,Shear
344,1,0.051499116330709215,0.1495274049018834,0.1348366436833207,1.6363636363636362,0.7801904761904763,0.0552702707540645,0.3830463976465049,2.083333333333333,1.5197989599411117,0.3909356263719363,0.6090643736280638,Spiral,Shear
299,0,0.08957170867902814,0.12363741502462612,0.08222878212521473,6.221498371335505,0.1134087342445483,0.0151915558654397,0.0504858467109986,2.083333333333333,0.2801831817963103,0.42147238469179465,0.5794992390040923,Spiral,Flexure
57,2,0.029583462635120978,0.14212351293440686,0.13651556311016474,2.5,0.1771998033670012,0.1493699265541105,0.3999416569428238,0.9722222222222222,0.4198635096689885,0.4577911083528317,0.5422088916471683,Rectangular,Flexure
221,0,0.0519236441764906,0.11962073912195173,0.11106719803524488,6.557377049180328,0.145549104829664,0.1036988580264688,0.3961170963114327,0.8849557522123892,0.218586913017501,0.4587739980028511,0.5412830800300956,Rectangular,Flexure
368,1,0.07189737897467302,0.0994065413146892,0.06957208074848484,8.0,0.4487600395128919,0.0470554576445095,0.281132086683322,1.3333333333333333,0.3680043873427329,0.5215736488090302,0.4875943015845219,Spiral,Flexure
397,2,0.04544402406273146,0.1216544233100747,0.11714457654008655,4.698090692124105,0.1385867845521421,0.0438650292272484,0.0,0.8466666666666666,0.1979925176808568,0.3327614942606226,0.6672385057393774,Spiral,Flexure
148,2,0.047648668789993756,0.17906132485329565,0.16969878284449696,2.0,0.1460085905369636,0.0932920991836366,0.1924887570705374,0.913978494623656,0.522222778820876,0.4634548065551663,0.5365451934448338,Rectangular,Flexure
387,3,0.07931277560593376,0.08913758265893552,0.04548363225059577,6.58,0.1525532444444444,0.0748813269748844,0.4187543391573424,0.7374631268436577,0.2166850372099689,0.5150122785049851,0.48603397382177166,Spiral,Flexure
1,1,0.05572606158130316,0.0751074018709038,0.05432019746556402,2.181818181818182,0.2913315501450661,0.0917997853321692,0.2597402597402597,1.3333333333333333,0.648662878889607,0.4902815615728179,0.5112286716718136,Rectangular,Flexure
83,3,0.04591183141137711,0.1853194204260837,0.17851041097466888,2.8721311475409834,0.3632861633384486,0.0661987886150566,0.1149555935583535,1.6931216931216932,0.7628170111050468,0.4791809806436007,0.5208190193563993,Rectangular,Flexure-Shear
246,1,0.07314617491953963,0.11590750277285587,0.10441117586803737,2.0,0.1671789982056369,0.1128889111594765,0.5668934240362811,1.3123359580052496,0.5287605946555258,0.47567042644038166,0.5243295735596183,Rectangular,Flexure
303,5,0.09401505546344006,0.10702859492862092,0.07486287490460065,7.5,0.7252189971496247,0.1155658853630965,0.2412019391271849,0.9909909909909907,0.2891096231747155,0.42441309400932065,0.5755869059906793,Spiral,Flexure
334,2,0.047433214737985056,0.16639052321726688,0.18327862258215977,1.090909090909091,0.4711054313099041,0.0333740612540517,0.1156481935386412,2.083333333333333,2.3032579711370857,0.4164199096084087,0.5835800903915912,Spiral,Shear
298,0,0.04104925064288697,0.09695722377509952,0.0851770686799698,2.0,0.4108108108108108,0.0530674434728005,0.3899296105751435,1.0,0.9287197968509692,0.40807812561271767,0.5919218743872823,Spiral,Flexure
6,1,0.04582155752994966,0.0843823111260138,0.07458763249547722,4.0,0.2575603321119055,0.0977384381116824,0.21,1.5,0.3870776191097969,0.4874880684420328,0.5125119315579673,Rectangular,Flexure
118,2,0.04246615504306852,0.12222569970087332,0.12563343659447324,4.5600000000000005,0.0810530904626166,0.0864566298267911,0.3,1.0416666666666667,0.2771842030326142,0.4774762738857464,0.5225237261142537,Rectangular,Flexure
104,5,0.07275363247141235,0.13266505260513103,0.10289603964047311,2.857142857142857,0.3161591558330862,0.0322531355873133,0.0,2.5,1.0323673510773903,0.2721906895776262,0.7278093104223738,Rectangular,Flexure
220,1,0.05155107376112123,0.07058342176328535,0.0523380547012333,6.557377049180328,0.1110559025167279,0.0344646971879723,0.3710381053557547,1.91740412979351,0.4106553964058349,0.4427986366773192,0.5572013633226808,Rectangular,Flexure
318,5,0.07599268718107448,0.1993003935895644,0.21887210482635108,2.0,0.2495707544303797,0.0315914655780284,0.1037931983303094,1.5811965811965814,0.7856197729731355,0.4632979250475615,0.5369880127937563,Spiral,Flexure-Shear
289,0,0.06361883580863663,0.11925770540022054,0.0999932007766359,2.0,0.4319504643962848,0.0363277045237086,0.0,2.2222222222222223,1.1747270513412311,0.31962222244383137,0.6803777775561686,Spiral,Flexure-Shear
119,2,0.06185462057755608,0.08754871574828992,0.06409682077111192,4.5600000000000005,0.0810530904626166,0.0864566298267911,0.2,1.0416666666666667,0.2345321282928151,0.4411902718600824,0.5588097281399177,Rectangular,Flexure
288,3,0.04747946198430507,0.10002959412150406,0.08090656638804973,2.0,0.4515210355987055,0.0179077251142401,0.0,3.6666666666666665,1.669565854845116,0.2943536373857224,0.7056463626142775,Spiral,Shear
172,2,0.03442617185505746,0.12456253009745044,0.11864849718415969,4.7,0.3920207541420919,0.0877617316170006,0.2307322929171668,1.91919191919192,0.4865821391852996,0.4473175123325932,0.5526824876674067,Rectangular,Flexure
21,4,0.05503296372282895,0.08285348477675954,0.0653237284344968,4.0,0.2908427573831176,0.137920212638798,0.199951171875,1.1111111111111112,0.3201972645977145,0.5159374211657682,0.4840625788342317,Rectangular,Flexure
329,4,0.05921309006979673,0.0988853851398195,0.08127222775629661,1.090909090909091,0.5348008799571913,0.0272202874262639,0.2604164358100339,2.7777777777777777,2.531022062264917,0.36410406248264154,0.6358959375173585,Spiral,Shear
95,2,0.04646862101319464,0.15750518869375404,0.1570452930901246,5.495081967213115,0.1831290196430993,0.0442796912618901,0.265758905909403,2.2280701754385963,0.4151514406429186,0.4846511093825285,0.5153488906174715,Rectangular,Flexure
363,5,0.04062960111102279,0.10670623402743594,0.09467979416604021,1.9912472647702408,0.6936803965681287,0.1529045388628064,0.1480568822484718,0.5905511811023623,0.715319910010955,0.397238816119101,0.6027611838808989,Spiral,Flexure-Shear
102,4,0.05242648215396572,0.099228250010296,0.08165442006971001,3.00218818380744,0.2168137751045223,0.1067390101346243,0.2059025637147512,1.3385826771653546,0.418819547804882,0.4621064775025436,0.5378935224974564,Rectangular,Flexure
266,5,0.04462292288622285,0.09998449476629873,0.0865755076337086,2.0,0.2418215384615384,0.1049833852724085,0.7367377536629959,0.5729166666666666,0.4392805725864854,0.5139876432874161,0.48601235671258386,Spiral,Flexure
226,4,0.074161671558684,0.10669039312350723,0.07601474055222494,6.557377049180328,0.1047048861983049,0.0837958240950657,0.506046270316161,0.8849557522123892,0.2463802441743374,0.42030221144953955,0.5796977885504604,Rectangular,Flexure
270,1,0.03747011538108032,0.17325066800055683,0.17718525049745246,2.0,0.4559477124183006,0.0245777203043764,0.0,2.75,1.4809772199367044,0.4207388261201187,0.5792611738798813,Spiral,Shear
174,4,0.07085738606995293,0.08458438758474986,0.04198140245168659,4.7,0.4130338227186827,0.1786945821343354,0.4617046818727491,1.3333333333333333,0.3136615879381742,0.4781987471552839,0.5240139129285271,Rectangular,Flexure
314,4,0.05166847398959971,0.09986053710066525,0.08481781640095647,1.5,0.0888074626415094,0.1333436553996239,0.1414497064037856,0.9363295880149812,0.2674987814728254,0.4406337256706827,0.55972534136747,Spiral,Flexure
355,1,0.06313026106811588,0.09681181141538538,0.08849244045284216,4.498360655737705,0.3380501060049569,0.0697127772553846,0.1013856923953268,0.7916666666666666,0.3605814858759095,0.3030838910632844,0.6981581333513598,Spiral,Flexure
365,3,0.030156477320171775,0.3872921601134097,0.3830871559505802,1.9912472647702408,0.720349014975276,0.1720176062206572,0.3333892619100884,0.5249343832020998,0.6811417752409096,0.4124646188391124,0.5875353811608875,Spiral,Flexure
295,5,0.07599876923294471,0.08365820459454423,0.03274159912732094,4.0,0.2333538461538461,0.0597086323050691,0.738642171785463,0.95,0.4121736351922188,0.4800626329334253,0.5199373670665747,Spiral,Flexure
60,1,0.05222034815848819,0.08416693622231504,0.05708079790191414,2.5,0.1311400962741969,0.0458193498492474,0.2538860103626943,0.9722222222222222,0.7361143191322704,0.5444136682270856,0.45565382398799154,Rectangular,Flexure
144,1,0.05755886289435498,0.08255308506359801,0.04541636375717545,3.2222222222222223,0.3945567505589216,0.0271210218311461,0.2836606980403503,5.347368421052632,1.145922848537989,0.39938378888759773,0.6006162111124023,Rectangular,Flexure-Shear
17,5,0.06506227144711996,0.07333833563908668,0.028703844140910872,4.0,0.1786937901361874,0.1674710545336712,0.7,0.7222222222222222,0.2569309458093186,0.48011904068497285,0.5198809593150271,Rectangular,Flexure
27,2,0.03530297912285401,0.2882249749577971,0.2890863581494956,1.5,0.1297515587048026,0.1396953113777115,0.3332038834951456,0.9696969696969696,0.5047089002602484,0.5867967631956421,0.4132939058243765,Rectangular,Flexure
114,4,0.0525750319620865,0.09482754985781792,0.06800814588318776,4.5600000000000005,0.0810530904626166,0.0432283149133955,0.3,2.083333333333333,0.4378615678539381,0.459571551135784,0.5409824480100883,Rectangular,Flexure
10,0,0.05010852622085988,0.11720746416366949,0.10516879709622841,4.0,0.1681380388201257,0.0191754126063525,0.3,2.611111111111111,0.8301052803842227,0.48374584098546136,0.5162541590145385,Rectangular,Flexure
293,2,0.07777727153531772,0.09180594732562262,0.06656231535560111,4.0,0.3195259259259259,0.0903692701588175,0.6130412622798932,1.25,0.3761674710296161,0.5149268041719232,0.48507319582807673,Spiral,Flexure
359,3,0.08072802133735912,0.11555302556537247,0.09224307981029842,6.0,0.2932552861349178,0.0410696419055504,0.1481933204537532,1.0,0.3835846773122155,0.4589770301202995,0.5420069701626188,Spiral,Flexure
375,5,0.0663201866411474,0.09717339704590121,0.09425077003857588,8.0,0.3479286155432214,0.0730848949551309,0.0905565245626531,0.6614583333333331,0.202285045352344,0.44428861551449167,0.5557113844855082,Spiral,Flexure
26,4,0.03225978972488869,0.07060490771854087,0.05479368622555792,2.973333333333333,0.3027140579221095,0.1202184735237544,0.1000619578686493,1.1111111111111112,0.4134315904828285,0.5187775215073833,0.48154459196825766,Rectangular,Flexure
285,4,0.04593250254994965,0.09805958390707238,0.08176777370714956,1.5,0.4055813953488372,0.0167467893270938,0.0999344991507249,2.2222222222222223,1.9320912066252085,0.3076784205718542,0.6923215794281459,Spiral,Shear
294,4,0.0561912089030128,0.06981516264117088,0.038295103150120226,4.0,0.2275199999999999,0.0278255349317953,0.527598636349633,1.75,0.6682423237992285,0.46781792101664493,0.532182078983355,Spiral,Flexure
152,2,0.043422415063106866,0.09602621428342009,0.09306814825772244,2.0,0.0620035612233917,0.1533708310271086,0.5991211550533584,1.1718749999999998,0.3889716676777381,0.5264188945931678,0.4735811054068323,Rectangular,Flexure
76,2,0.07493198978890148,0.14614746284370883,0.13791602799514732,2.8721311475409834,0.4648949369924974,0.060918046641502,0.1471079243237167,2.354497354497355,0.9492901343385364,0.4449870387673002,0.5550129612326998,Rectangular,Flexure-Shear
11,2,0.05040015780370275,0.10036434146821159,0.08193350909180205,4.0,0.2344538404375138,0.1105359379490836,0.2230565371024735,1.95,0.3428120328803654,0.4641457052789461,0.535854294721054,Rectangular,Flexure
56,0,0.033247739124898805,0.05473087929998374,0.0411813560765649,2.5,0.1771998033670012,0.0619122603563926,0.3999416569428238,0.9722222222222222,0.7321473083720326,0.5162447672864829,0.4841376873189272,Rectangular,Flexure
401,1,0.046036355596095875,0.09115797318990716,0.0737769472689382,4.698090692124105,0.163271043034654,0.0438650292272484,0.1028987116985612,0.8466666666666666,0.3159222419092595,0.36000424558755006,0.6400867379231172,Spiral,Flexure
304,1,0.057150289792780605,0.14753966410828045,0.13538914519327827,3.75,0.7252189971496247,0.1155658853630965,0.2412019391271849,0.9909909909909907,0.570570012718192,0.491301222065704,0.508698777934296,Spiral,Flexure
312,3,0.05830379989253748,0.07092231784754574,0.04303401377302748,3.0,0.3597366255144033,0.1217567542920903,0.2003649390562659,0.4838709677419354,0.3737755729378513,0.4119640641703459,0.5880359358296541,Spiral,Flexure
113,5,0.03999150219882273,0.075125724845338,0.05742747396242416,4.5600000000000005,0.0810530904626166,0.0432283149133955,0.2,2.083333333333333,0.3797668651711147,0.3408079373296652,0.6591920626703348,Rectangular,Flexure
179,3,0.04556806187581966,0.23949579240005475,0.24034385066790848,3.004926108374384,0.1683970547377035,0.0718760734945415,0.2108040209848178,1.336842105263158,0.5063099927134541,0.530523171948561,0.46948951879914463,Rectangular,Flexure
386,5,0.08337073086161982,0.0910759386134219,0.04231368615876103,6.58,0.1525532444444444,0.0785398163397448,0.4187543391573424,1.1111111111111112,0.2092100197404387,0.516326717141129,0.48426975295262814,Spiral,Flexure
354,0,0.06548858427396805,0.0975931047562757,0.07671744914099357,4.498360655737705,0.3380501060049569,0.0697127772553846,0.1013856923953268,0.7916666666666666,0.3605814858759095,0.3381627290216282,0.6618372709783718,Spiral,Flexure
328,0,0.03205684736914912,0.037815874226357106,0.023501589750294833,1.090909090909091,0.5180301206553979,0.0,0.2522500667428203,2.0,3.5851316547384924,0.34690618842293747,0.6530938115770625,Spiral,Shear
338,0,0.02977315978719008,0.20348919459633563,0.20304340291865924,2.181818181818182,0.4834622950819672,0.0342494464672728,0.118681588778999,2.083333333333333,1.215604912243873,0.5066607685641126,0.4933392314358874,Spiral,Flexure
277,2,0.0607246776863774,0.11652390148992432,0.09082217297633273,2.0,0.4794648829431438,0.0293145267676104,0.1998751877291194,1.6666666666666667,1.2932679600492083,0.24886617087667454,0.7511338291233254,Spiral,Flexure-Shear
51,1,0.0480161871338971,0.09963625985543856,0.08636897485067484,3.0,0.2445272221709214,0.0539543202829421,0.1187096774193548,1.5151515151515151,0.597758465289246,0.2540661815932025,0.7460452269422451,Rectangular,Flexure
373,4,0.05424762951608694,0.0798631961488762,0.04428040629501458,4.0,0.4461052047104093,0.0649668223262135,0.0722675411254063,0.8281249999999999,0.5317759914540684,0.33679949654569963,0.6632005034543004,Spiral,Flexure
142,5,0.028828193043169803,0.0937741183885979,0.08478217453123435,3.2222222222222223,0.374022198485223,0.0100821642494967,0.0894547201917387,8.021052631578947,1.5239557303264712,0.19115167957524515,0.8088483204247549,Rectangular,Shear
271,2,0.05414734108061509,0.11542370596418021,0.11213526499557794,2.0,0.4486173633440514,0.0372748453110814,0.0,1.1111111111111112,1.1927604459132382,0.3515295489175735,0.6484704510824264,Spiral,Flexure-Shear
416,3,0.05124160029089073,0.10403259293013883,0.09511137126482605,2.0,0.1908345683678547,0.0039034513632485,0.0020645407395238,3.455782312925169,0.9893647715066765,0.30520473729907843,0.6947952627009215,Spiral,Shear
163,4,0.050122960070970994,0.10250914527618096,0.07538457730003334,6.039344262295082,0.1143154929601453,0.0631970938082168,0.4500160720025715,1.3864306784660765,0.3246690681481317,0.4316470262820025,0.5692282192997542,Rectangular,Flexure
66,4,0.06567284029813505,0.11891323842723675,0.09442162168009496,2.0,0.092643441806449,0.0407301962123701,0.3499095477386935,2.0,0.7989298367630033,0.4647279610907291,0.5361672239627825,Rectangular,Flexure
362,4,0.04875494663093795,0.08452526359026301,0.08041928767365177,1.9912472647702408,0.2626828632145348,0.0564512835917607,0.1500905091769369,1.0526315789473684,0.666840692454253,0.41636607784628415,0.5836339221537159,Spiral,Flexure
16,0,0.07689895049277952,0.08998117298581294,0.043016765288695025,4.0,0.1832756821909614,0.0622669313159055,0.7,1.6041666666666667,0.4898662098732854,0.4390113215126942,0.5609886784873057,Rectangular,Flexure
291,0,0.048351923113682346,0.12027536602307747,0.1154268738813858,1.5,0.2887804878048781,0.0,0.0,2.0,2.303491406410322,0.2960753243242669,0.703924675675733,Spiral,Shear
356,1,0.06759556034638779,0.08805472155480197,0.07287730892923631,4.498360655737705,0.3380501060049569,0.0697127772553846,0.1013856923953268,0.7916666666666666,0.3605814858759095,0.30996379879249947,0.6900362012075005,Spiral,Flexure
139,4,0.036665692891200224,0.13524297912670405,0.11732971112996277,3.2222222222222223,0.251722868152559,0.0106356948357435,0.2836606980403503,8.021052631578947,1.10201696523192,0.37515378833259494,0.6248462116674052,Rectangular,Flexure-Shear
301,2,0.0678982528685489,0.17809737914983462,0.16308673290279563,2.931596091205212,0.1225698854787875,0.0164187289019237,0.0545640905957311,2.083333333333333,0.5053963870467643,0.4613335332199152,0.5410939500497621,Spiral,Flexure-Shear
141,3,0.07099783563242633,0.0892714732276288,0.04963293582325255,3.2222222222222223,0.3645361282337861,0.0250574658222545,0.262077818841628,5.347368421052632,1.1392106467999783,0.37120038231665237,0.6287996176833477,Rectangular,Shear
272,4,0.0271096681417948,0.07954414273325384,0.08014871141398988,1.5,0.4635215946843853,0.025675474843292,0.0,1.6666666666666667,1.959991531834249,0.3110570929141938,0.6889429070858062,Spiral,Shear
7,2,0.05127407566868035,0.15670625407834665,0.1457471020229502,4.0,0.1446348721033339,0.0354417751862286,0.1,2.023809523809524,0.4865796836601485,0.49548802637240147,0.5045119736275986,Rectangular,Flexure
343,2,0.029061481794542814,0.18261628641653554,0.1771797816376334,2.181818181818182,0.4772038834951457,0.0338060879369521,0.2342905150653379,2.083333333333333,1.183978597722823,0.5089763387388873,0.4910236612611128,Spiral,Flexure
50,3,0.06528936103718459,0.12766133807799787,0.1134044455978002,3.0,0.2173575308185968,0.0689416314726482,0.1055197132616487,1.5151515151515151,0.476614025346575,0.5042123894160582,0.5020486630150809,Rectangular,Flexure
115,3,0.07314451392370407,0.10445397248251012,0.07741999111456799,4.5600000000000005,0.0810530904626166,0.0432283149133955,0.3,2.083333333333333,0.4378615678539381,0.455413763542875,0.544586236457125,Rectangular,Flexure
31,5,0.03858563636753481,0.10496969976343445,0.09388688235149488,4.0,0.20693024755868,0.0416846908295117,0.0320060483870967,1.851851851851852,0.4528985576643131,0.5343807472556484,0.46561925274435145,Rectangular,Flexure
45,3,0.0631176915534288,0.10334674906815979,0.08043455259885386,3.0,0.2622702346798754,0.1190965639483435,0.7012261284722222,1.3333333333333333,0.4437507760041941,0.522629701287103,0.482296850197978,Rectangular,Flexure-Shear
399,3,0.05353974549508827,0.10249541560316615,0.09183107905239331,4.698090692124105,0.1586245943791223,0.0438650292272484,0.1028987116985612,0.8466666666666666,0.3101990331631684,0.37514837046286337,0.6248516295371366,Spiral,Flexure
177,5,0.03595801952922518,0.1539378522499042,0.14773709637804036,3.004926108374384,0.1626844702849495,0.0694377996149332,0.1020053828777415,1.336842105263158,0.4299826822788952,0.49993816471547775,0.5000618352845222,Rectangular,Flexure
25,4,0.03557986276539347,0.12538590094962115,0.11243037559995331,3.0,0.1983908359909642,0.0925306247446441,0.2999922762029814,1.25,0.46631047512654,0.5613595324645908,0.43864046753540914,Rectangular,Flexure
197,4,0.06704105451789456,0.17923708936808622,0.1616643005464101,3.600393700787402,0.0,0.0,0.1199842612997491,1.25,0.5958602917261285,0.45503175440220117,0.5449682455977988,Rectangular,Flexure
178,3,0.03613188826878348,0.1630017998816924,0.14940681943029496,3.004926108374384,0.1629687346048603,0.0686717672102935,0.1020053828777415,1.3543859649122807,0.4338326201985894,0.506347831552184,0.4936521684478161,Rectangular,Flexure
415,1,0.04727922977546551,0.09001087050776121,0.06567215763268695,2.0,0.2304917506290236,0.0045443165124386,0.0024034951892964,3.455782312925169,1.0965927247136331,0.32056501540716886,0.6794349845928311,Spiral,Shear
181,4,0.028504494612318746,0.08192215694211408,0.07670991944923206,3.004926108374384,0.291029210694448,0.124218543902176,0.0,1.336842105263158,0.3401808241119036,0.38675820649211606,0.6132417935078839,Rectangular,Flexure
120,1,0.051849313755990015,0.10032857381349912,0.08691543918274058,4.5600000000000005,0.0810530904626166,0.0864566298267911,0.3,1.0416666666666667,0.2771842030326142,0.4659383755961323,0.5340616244038676,Rectangular,Flexure
176,2,0.03269800111079889,0.15828886709900475,0.14773767999756487,3.004926108374384,0.1622985079540362,0.0535658231327001,0.0495093276968009,1.336842105263158,0.45659162347404,0.43457789220372217,0.5654221077962779,Rectangular,Flexure
46,0,0.08733150014621346,0.09466347437551216,0.03367684008088623,3.0,0.2622702346798754,0.1190965639483435,0.7012261284722222,1.3333333333333333,0.4437507760041941,0.4388697485390913,0.5611302514609088,Rectangular,Flexure-Shear
4,3,0.03503927914870543,0.04857417242913018,0.034881255048787474,2.181818181818182,0.2863727152489799,0.1659730037840862,0.5999648320731493,0.8611111111111112,0.4673636988438908,0.46816731427686187,0.531832685723138,Rectangular,Flexure
116,0,0.049673240222071646,0.10494130765162453,0.1057663516935262,4.5600000000000005,0.0810530904626166,0.0432283149133955,0.2,2.083333333333333,0.3797668651711147,0.395857154818733,0.604142845181267,Rectangular,Flexure
244,5,0.07684861510024214,0.133988919063036,0.13001054650974544,2.5,0.2982027419539741,0.0648371249783425,0.6,1.6666666666666667,0.7709246005897303,0.5125861785743082,0.48741382142569184,Rectangular,Flexure
225,0,0.07347286308016523,0.14059904842756676,0.14045094059107072,6.557377049180328,0.1096144933023403,0.1447170835265416,0.5297747557185456,0.8112094395280235,0.1656912034910311,0.3770654263989897,0.6229345736010103,Rectangular,Flexure
137,0,0.03577770432814297,0.07787917184785906,0.06850188161290723,3.2222222222222223,0.374022198485223,0.0100821642494967,0.0894547201917387,8.021052631578947,1.5239557303264712,0.22367458259984305,0.7763254174001568,Rectangular,Shear
103,0,0.04277536447282739,0.14290600283478028,0.14183251686841014,3.00218818380744,0.2140899839599931,0.0800197660364509,0.3103875077353259,1.7894736842105263,0.5452513813835986,0.4898655752464138,0.5101344247535863,Rectangular,Flexure
213,4,0.07172495628789702,0.2626822947082989,0.2353557596714064,3.2222222222222223,0.5097281045486892,0.0390138960079417,0.6051369542327173,5.347368421052632,1.0245732611885647,0.4939517617693766,0.5118977730280068,Rectangular,Flexure-Shear
292,0,0.05264232266646789,0.07283019659225265,0.05107628858244326,4.0,0.2670959752321981,0.0419671533245282,0.1367352839256995,2.25,0.5111847310819113,0.48803993875122875,0.5119600612487712,Spiral,Flexure
284,1,0.0647567491550707,0.12265061822257241,0.12322787024992903,1.5,0.3986285714285714,0.0219462686800772,0.100040249943477,1.6666666666666667,1.761817228178305,0.29588726713339203,0.704112732866608,Spiral,Shear
357,2,0.06708706287006902,0.17512224055305053,0.15349923970435572,1.4991803278688525,0.0801031765654393,0.0166563932518195,0.0573716286842055,1.984375,0.5565166020669209,0.3786013236243019,0.6215230903498055,Spiral,Flexure-Shear
12,4,0.04658735649390544,0.0753718211666019,0.05975890724772681,4.0,0.1654624360194923,0.0992072926767892,0.3899625935162095,1.5333333333333334,0.3663062582104558,0.4643931011849069,0.5371149692562065,Rectangular,Flexure
383,3,0.06399049017642418,0.07855633446447954,0.051091985283145604,6.58,0.1525532444444444,0.0518292974672236,0.4187543391573424,1.0416666666666667,0.2796412016605888,0.5096430143410806,0.49048815456178074,Spiral,Flexure
210,5,0.08809400157544471,0.11005285019490363,0.07122238830354863,3.916666666666666,0.1335249210984745,0.0683123010790537,0.1999365429126771,1.984375,0.3961636165757645,0.48680258709344454,0.5141018419976322,Rectangular,Flexure
53,4,0.04558185370942052,0.0763111137613132,0.05798063486486968,3.0,0.2173575308185968,0.0689416314726482,0.1055197132616487,1.5151515151515151,0.476614025346575,0.29641679361260737,0.7038882319271605,Rectangular,Flexure
229,4,0.03160632149152352,0.07148022516610125,0.0669785933337879,2.25,0.3445484611202107,0.1374428468515284,0.0891962670045104,1.007936507936508,0.5129290691185904,0.4943350156371022,0.5057081265157427,Rectangular,Flexure
377,5,0.054217952649594774,0.106259408524518,0.09643005783694038,3.0,0.2734512101910828,0.0334342607418883,0.0450544778745634,1.7017543859649122,0.6425319835986391,0.391939904627234,0.6084174796456765,Spiral,Flexure
154,5,0.04072459694645922,0.11001291975957374,0.10957796875638652,2.0,0.0620035612233917,0.1533708310271086,0.3496965892446118,1.1718749999999998,0.3534259679195131,0.5412483545547241,0.458762177692321,Rectangular,Flexure
69,5,0.08854485262793307,0.11099234149886325,0.08564610469099486,2.0,0.092643441806449,0.0592534895802698,0.3499095477386935,2.0,0.6778157230307,0.4778490491409231,0.5224337512516589,Rectangular,Flexure
360,1,0.08017259467917151,0.1532881125650328,0.14718850133264116,1.9912472647702408,0.2702272796515058,0.0580725998306886,0.3068922873330327,1.0526315789473684,0.7143460152890663,0.39657383572153626,0.603963197735969,Spiral,Flexure
65,5,0.07295007998423518,0.09768964488134387,0.06871217914409,1.5,0.2975403315468571,0.1333872229663706,0.6162790697674418,1.9444444444444444,0.7587374521546973,0.46613359297497475,0.5339786399840964,Rectangular,Flexure-Shear
403,1,0.06971814385481698,0.18092905078625784,0.16062105745521557,5.333333333333333,0.358330731385667,0.0540565044171587,0.0430849462315006,1.336842105263158,0.3701579875120211,0.5633104015862341,0.43670354492835994,Spiral,Flexure
106,2,0.04184007548778873,0.07895600550187024,0.058241880282729405,2.857142857142857,0.4387811167960234,0.1318346917131431,0.1530612244897959,0.8333333333333334,0.56355573833565,0.3841390035992394,0.6158609964007606,Rectangular,Flexure
29,3,0.046363191043403695,0.1505183460865794,0.13871570844274447,1.5,0.2237958032680615,0.1945917449598534,0.35,0.6060606060606061,0.5190835774856802,0.3683860552599985,0.6316288551775661,Rectangular,Flexure-Shear
63,1,0.0368988160421292,0.15034954687971672,0.1425795186987873,2.5,0.1311400962741969,0.1105440648159523,0.4229274611398964,0.9722222222222222,0.4826730477396071,0.4972676583762975,0.5027323416237025,Rectangular,Flexure
171,1,0.06967158172163981,0.12061775643188061,0.09437846264883856,4.7,0.3920207541420919,0.0877617316170006,0.4617046818727491,1.91919191919192,0.5080437016339787,0.4721211936343301,0.5279334138386654,Rectangular,Flexure
402,1,0.05050796772065091,0.0971434103806384,0.0807716001411249,4.698090692124105,0.1586245943791223,0.0438650292272484,0.1028987116985612,0.8466666666666666,0.3101990331631684,0.38446246007802837,0.6160119616281217,Spiral,Flexure
341,0,0.05091033394743443,0.12664579742521867,0.13794912951017185,1.090909090909091,0.4741350482315112,0.0335886854421807,0.2327838236501267,2.083333333333333,2.2408095158667507,0.3979897989503244,0.6020102010496756,Spiral,Shear
14,5,0.042110326899942825,0.06624946056686673,0.040922380491758004,4.0,0.1786937901361874,0.0285688581935821,0.5,2.6666666666666665,0.7481584131326527,0.47883969378130414,0.5211603062186959,Rectangular,Flexure
22,3,0.06135933022173798,0.14350521971297442,0.15852495802467015,3.0,0.199010807353436,0.0759434587747945,0.1,1.5277777777777777,0.4246670963405309,0.5055776998725227,0.49442230012747723,Rectangular,Flexure
327,1,0.05215219209451383,0.12172749673199831,0.11379239848545117,1.090909090909091,0.3282000985167752,0.0501141715529892,0.1198605449589228,1.3888888888888888,1.427090433257014,0.40740571237865997,0.59259428762134,Spiral,Flexure-Shear
385,3,0.05497064951618945,0.06880471149881125,0.038419805627923194,6.58,0.1525532444444444,0.0785398163397448,0.2093771695786712,1.1111111111111112,0.1734527065755909,0.5105876760022274,0.4894135133461473,Spiral,Flexure
223,3,0.04788371148026346,0.16188269889052762,0.16128968704107843,6.557377049180328,0.1046092652976672,0.1531450577347175,0.4123210361038607,0.8112094395280235,0.1496013067124592,0.4164442826779198,0.5835557173220803,Rectangular,Flexure
126,4,0.0382589872768138,0.07665355524134428,0.057642633316594374,4.5600000000000005,0.3242123618504666,0.0432283149133955,0.2,2.083333333333333,0.7609223826520778,0.48490387655009404,0.5150961234499061,Rectangular,Flexure
18,1,0.050888321047065914,0.08223227924306577,0.06963065076763296,4.0,0.2908427573831176,0.137920212638798,0.199951171875,1.1111111111111112,0.3201972645977145,0.5244549444720281,0.47554505552797194,Rectangular,Flexure
290,4,0.060411217044151,0.11149616434623513,0.08510639508726676,2.0,0.4215105740181268,0.0334349671317232,0.0,1.8333333333333333,1.20504572268205,0.3051434317186844,0.6948565682813156,Spiral,Flexure-Shear
156,2,0.051150691146795074,0.12461242690009741,0.10805064685267464,7.637795275590553,0.1019904935522901,0.0084387754544073,0.339495040428016,6.047619047619048,0.4518303279873847,0.4198611596695713,0.5829188901795476,Rectangular,Flexure
52,0,0.04171322094838319,0.07582797358916882,0.05600737309914376,3.0,0.2173575308185968,0.0689416314726482,0.1055197132616487,1.5151515151515151,0.476614025346575,0.29188459602609296,0.7097294754306526,Rectangular,Flexure
278,3,0.035258007027199556,0.10277929242761204,0.09545796901281646,1.5,0.4878321678321678,0.0540441813135027,0.0998892037936895,0.8333333333333334,1.3516951257321212,0.3035810978039776,0.6964189021960224,Spiral,Flexure-Shear
13,0,0.04960696401177093,0.057331216070953074,0.02575929280448193,4.0,0.1743354050109145,0.0563046054627113,0.5,1.6875,0.545196676134645,0.5015982886002534,0.49840171139974676,Rectangular,Flexure
286,1,0.03328092467508014,0.11972756943579393,0.11098082845197342,1.75,0.4202724795640327,0.0156972630204912,0.1749837044620702,2.2222222222222223,1.698326554935525,0.2691328384939099,0.7308671615060902,Spiral,Shear
224,4,0.0682640639332998,0.10758679908687392,0.08831890095828986,6.557377049180328,0.1099300820546503,0.1106425276160432,0.3713941879904531,1.1799410029498525,0.1906018747522021,0.3955444394953953,0.6053649919692929,Rectangular,Flexure
151,0,0.03338908383410273,0.06548164214275505,0.05709671959812857,2.0,0.0620035612233917,0.0967764362934645,0.5991211550533584,1.4705882352941178,0.5159503116463756,0.542588665911399,0.457411334088601,Rectangular,Flexure
34,4,0.04251271056373107,0.12236675169568165,0.11316906502907816,2.0,0.3285013187775414,0.0502182009626502,0.153010033444816,1.5151515151515151,0.9850778241218324,0.34743243356221026,0.6525675664377897,Rectangular,Flexure-Shear
273,3,0.04079947436451286,0.0744700100118666,0.05772095850369325,2.0,0.4859661016949153,0.0222840089072428,0.0,2.2222222222222223,1.62810669260053,0.24826408179907916,0.7517359182009208,Spiral,Shear
228,5,0.033597241355681685,0.04688321544192228,0.03727325733668524,2.25,0.3281900772094588,0.0654586852215736,0.0849614294019224,2.0158730158730163,0.8061712829162269,0.4696572204210652,0.5303427795789347,Rectangular,Flexure
167,3,0.0377940106303823,0.08842987771577789,0.07701434055039605,4.7,0.2613471694280612,0.1340209366007515,0.1995198079231692,1.3333333333333333,0.2656232507328804,0.4424690717986107,0.5575309282013893,Rectangular,Flexure
274,4,0.07240223868618455,0.20492237501166755,0.2178416874447769,2.0,0.4995121951219512,0.0610804425332092,0.1999141358349417,0.8333333333333334,0.9680726335871248,0.4879822463036091,0.5121547728416226,Spiral,Flexure-Shear
44,5,0.06434799829802386,,,2.0,0.3579802255346166,0.2763491834554928,0.8997334123222749,1.3333333333333333,0.3251456110414734,0.4242331521197215,0.5757668478802785,Rectangular,Flexure-Shear
2,2,0.048539224801290935,0.16114259604341366,0.14654338904253228,2.181818181818182,0.1625545605881891,0.0837095781636363,0.2139976843534155,1.0416666666666667,0.523924079239485,0.5278727912310537,0.47395509698181565,Rectangular,Flexure
140,5,0.05231576991689259,0.08446736031988387,0.07672977230473971,3.2222222222222223,0.3645361282337861,0.0098264571851978,0.262077818841628,8.021052631578947,1.425095045132254,0.2715423176198901,0.72845768238011,Rectangular,Shear
59,2,0.03207225808796976,0.12551086181435628,0.1221903605668288,2.5,0.1771998033670012,0.1493699265541105,0.6289381563593932,0.9722222222222222,0.4249249110719393,0.45490038629108276,0.5450996137089172,Rectangular,Flexure
68,5,0.08797318573683162,0.1697897995213346,0.1597467174294225,2.0,0.092643441806449,0.0219037944075412,0.3499095477386935,1.818181818181818,0.9762176536582098,0.3946859072302548,0.6053140927697451,Rectangular,Flexure
269,5,0.09257873177725469,0.09118149747801835,0.06971968975138902,2.5,0.3875555555555555,0.0214675497995302,0.0,1.6666666666666667,1.2634613495159657,0.3009630484775938,0.6990369515224062,Spiral,Flexure-Shear
192,2,0.051682831517302255,0.10547575898554223,0.08604860010022805,3.5,0.3943482713123507,0.102782306270522,0.2098880597014925,1.3756613756613758,0.5461286297716522,0.36956124251740047,0.6304387574825995,Rectangular,Flexure
281,5,0.08639491169662485,0.11960832416223272,0.13020913946497675,2.0,0.240551724137931,0.0220723966609972,0.0,1.6666666666666667,0.8489598591578973,0.3460046836851986,0.6539953163148015,Spiral,Flexure-Shear
212,0,0.05155934914213525,0.12433325284399328,0.11455767337756352,3.2222222222222223,0.5097281045486892,0.0390138960079417,0.1512275565654636,5.347368421052632,1.1648670009183122,0.2657466338836969,0.734333533985024,Rectangular,Flexure-Shear
183,5,0.034851171780177895,0.18054311578199023,0.17506953947405185,3.004926108374384,0.2338711418964994,0.0771880184272449,0.1431876803128545,1.336842105263158,0.5220121565366791,0.4424835995901568,0.5575864967441101,Rectangular,Flexure
316,2,0.060701724775789646,0.24036594874062295,0.24341047744281757,2.0,0.1370886075949367,0.0402103029328457,0.2075863966606189,1.7796610169491522,0.5540116198929973,0.4963021122653703,0.5037113382980791,Spiral,Flexure
101,4,0.03203630414648979,0.21344546852515428,0.22068794118383786,1.498360655737705,0.3767542662236212,0.0122245363569698,0.1035432090665022,5.833333333333333,2.2133958786422734,0.35909842820659255,0.6409015717934076,Rectangular,Shear
300,2,0.08912047811887333,0.15353735795054657,0.1210746200875499,6.221498371335505,0.1215541129471953,0.0162826620878193,0.0947891248821173,2.083333333333333,0.3157237110615077,0.42597029807277453,0.5753827613676744,Spiral,Flexure
219,0,0.051955227458378446,0.06871349909882252,0.04169565323533683,6.557377049180328,0.1130376979162133,0.0344163403111726,0.2640687436957026,1.91740412979351,0.379560746716228,0.4150924089886477,0.5849075910113524,Rectangular,Flexure
394,5,0.044684683637871404,0.07648777352160874,0.06113226724877288,5.999015748031496,0.2441301603163874,0.0089631860669541,0.1869728508666061,3.307291666666666,0.6461033519553142,0.4927330991042237,0.5077451177725291,Spiral,Flexure
55,2,0.04549532828556778,0.08798826600092742,0.08475122353035502,1.25,0.3222606488835563,0.0163848243082742,0.4451926674148896,2.6791666666666667,2.070953323625844,0.4199808515586856,0.5800191484413144,Rectangular,Shear
5,0,0.04002115408259523,0.0708635908386376,0.06010703454365456,4.0,0.2728393348643067,0.1533523193616712,0.3800317796610169,1.3888888888888888,0.3176669416831,0.49854943740876795,0.5014505625912321,Rectangular,Flexure
320,1,0.09425018291873548,0.17110435752627684,0.17287768115405158,1.090909090909091,0.5162314049586776,0.0262751385572964,0.0,2.7777777777777777,2.934593692473316,0.3433365375767862,0.6566634624232138,Spiral,Shear
203,0,0.04484476733954761,0.10935972023668153,0.10165931145558292,3.916666666666666,0.126986024584079,0.064019931588114,0.0,1.3229166666666663,0.2216904579615003,0.3533168920532587,0.6509822595676421,Rectangular,Flexure
346,3,0.035122174986702684,0.12579503887696128,0.12368759573203794,4.498360655737705,0.3147363055908219,0.064904999513634,0.0943935756784077,0.7916666666666666,0.3591616971926681,0.4823263994746849,0.5176736005253151,Spiral,Flexure
184,2,0.04826040521343477,0.18864549242732825,0.18400600514626375,3.004926108374384,0.2342701713145108,0.0763754601914743,0.1431876803128545,1.3543859649122807,0.5263526554590484,0.45427464881466356,0.5459375272618975,Rectangular,Flexure
393,3,0.04735842514553841,0.11648950087538255,0.11009145617220405,4.0,0.1858771686293372,0.0271121384510969,0.0602358454613318,1.653645833333333,0.4710391434239153,0.34173325714428354,0.6582667428557164,Spiral,Flexure
215,2,0.06128612793531747,0.13399742238980372,0.12350692528959788,6.557377049180328,0.1253585566287307,0.0788459484654048,0.1396077719646652,0.8849557522123892,0.1852231555536475,0.5635624278652563,0.436719758741016,Rectangular,Flexure
412,5,0.03531797199578741,0.22905218068388178,0.23073218814685295,2.578248031496063,0.1517809851694915,0.0240772234034443,0.0,2.351851851851852,0.4583490248515089,0.5228471675225672,0.47740342089384896,Spiral,Flexure-Shear
97,5,0.04830815852672408,0.16232833575494351,0.16382728337165842,5.495081967213115,0.1865842841646672,0.0429284530899591,0.2707732248888257,2.2280701754385963,0.4259538041626897,0.47443524542521265,0.5255647545747874,Rectangular,Flexure
81,3,0.034954897724409566,0.12475051874267686,0.12240140216976937,2.8721311475409834,0.3611237456995292,0.0331614479151539,0.0712590903488228,3.35978835978836,1.0930896313803085,0.45288224047383674,0.5471177595261633,Rectangular,Flexure-Shear
311,2,0.06930539749296748,0.11439113196212879,0.08861822120881833,3.0,0.3582622950819672,0.1212577512007293,0.100189341225062,0.4838709677419354,0.3429884575496945,0.3840848159863657,0.6159151840136343,Spiral,Flexure
96,3,0.05222456506397803,0.09848891375754878,0.0830396494738389,5.495081967213115,0.1913993624656909,0.0735869484928307,0.277760921014989,1.3333333333333333,0.3153005960815045,0.5033511930579693,0.4980666624553784,Rectangular,Flexure
78,1,0.04984732788484379,0.1190591718407685,0.11217670722270463,2.8721311475409834,0.3611237456995292,0.0331614479151539,0.1142713340728871,3.35978835978836,1.0992997381814311,0.4748226315675921,0.5251773684324078,Rectangular,Flexure-Shear
243,0,0.044600538314267496,0.07476122298678058,0.047598453496027725,2.5,0.2982027419539741,0.0648371249783425,0.3,1.6666666666666667,0.7993310527353875,0.4284241184343677,0.5715758815656323,Rectangular,Flexure
310,0,0.06243788774624282,0.08181273128891679,0.05232806984140103,6.0,0.3441574803149606,0.0613130043400603,0.0962448789721067,0.8641975308641974,0.2977465407273655,0.3458860814581174,0.6541139185418826,Spiral,Flexure
404,5,0.09774148702858183,0.20280843815888067,0.22532432986859222,5.333333333333333,0.3426144712371728,0.0516856051006167,0.041195255607312,1.336842105263158,0.3686141345804258,0.5342123556279685,0.4657876443720315,Spiral,Flexure
239,5,0.03878341009137903,0.08064772206212885,0.07361665208309076,2.25,0.3169056046406522,0.0842036067725408,0.0820401195084465,1.5132275132275137,0.6739620395317363,0.4072880434968116,0.5927119565031884,Rectangular,Flexure
80,1,0.06129455073215645,0.12955020776853016,0.12920750660216826,2.8721311475409834,0.3611237456995292,0.0331614479151539,0.0712590903488228,3.35978835978836,1.0930896313803085,0.43480408382924535,0.5651959161707546,Rectangular,Shear
307,3,0.06123744281207861,0.08486654065360767,0.05884760816369413,3.006578947368421,0.2770698269909468,0.0885409955126088,0.0714971670003689,0.4712041884816753,0.3528457468796157,0.4906271447298055,0.5110170287910036,Spiral,Flexure
79,2,0.029214903959061917,0.10293287689391745,0.1035935184493245,2.8721311475409834,0.3611237456995292,0.0331614479151539,0.1142713340728871,3.35978835978836,1.0992997381814311,0.45386664614859085,0.546133353851409,Rectangular,Flexure-Shear
242,1,0.0480093060561381,0.11890725672960138,0.11797920617361941,2.25,0.3030138521084592,0.0805124897633335,0.0784438402971174,1.5132275132275137,0.6706621734965332,0.4182984665040916,0.5817015334959084,Rectangular,Flexure
54,3,0.04675870020311045,0.13990870356150115,0.13762655856689746,1.25,0.3344214280867094,0.0170031195651902,0.1844087273856666,2.6791666666666667,2.2534107849112868,0.41609731024214675,0.5839026897578533,Rectangular,Shear
275,1,0.028271652635820196,0.1548945463258242,0.15437058818155094,2.5,0.4794648829431438,0.0586290535352208,0.1998751877291194,0.8333333333333334,0.8566921589593827,0.4948655579543193,0.5060267847321692,Spiral,Flexure
330,3,0.0531122738770488,0.1225145937931869,0.11296012416219214,1.090909090909091,0.4874578512396694,0.0496212452754188,0.2373631775579981,1.3888888888888888,1.9414643374532217,0.3672497078365016,0.6327502921634983,Spiral,Shear
367,3,0.04007222250746852,0.10281007646387169,0.08705565715674579,8.0,0.4330534381299408,0.0301588581406785,0.2712924636494057,1.3281249999999998,0.4633707614260111,0.46607794152217874,0.5339220584778213,Spiral,Flexure
19,3,0.0522500098818752,0.0721886097079671,0.04793307776518479,4.0,0.2908427573831176,0.137920212638798,0.199951171875,1.1111111111111112,0.3201972645977145,0.5186313831282059,0.4813686168717942,Rectangular,Flexure
58,4,0.05117438352403376,0.07205981274320153,0.039321453782392865,2.5,0.1771998033670012,0.0619122603563926,0.6289381563593932,0.9722222222222222,0.7103550446199894,0.45234342445378733,0.5476565755462127,Rectangular,Flexure
326,0,0.04241195483428345,0.25087878386200835,0.2624341050802917,1.090909090909091,0.6499438016528926,0.0496212452754188,0.118681588778999,1.3888888888888888,2.498800695654154,0.4034858563459831,0.5965141436540168,Spiral,Shear
185,0,0.03752289206807252,0.24201275123716634,0.24787593940985564,3.004926108374384,0.2895014983023511,0.1235664780549205,0.3624058628479151,1.336842105263158,0.487020578578339,0.4924923053246597,0.5075076946753402,Rectangular,Flexure
166,5,0.059688845944162926,0.08883879537019536,0.061181147077052564,4.7,0.2613471694280612,0.1340209366007515,0.4278511404561825,1.3333333333333333,0.3052704198528541,0.4568413754199791,0.5433206932857291,Rectangular,Flexure
408,4,0.050837815499635175,0.13706490956587555,0.1272750318745691,4.5625,0.1472067636986301,0.0466297841721397,0.0,1.1777777777777778,0.1926270748429406,0.37722549752612977,0.6227745024738702,Spiral,Flexure
222,1,0.06034357204781061,0.11047821101958179,0.08908154599427091,6.557377049180328,0.1048966533891443,0.0747353491454496,0.4134537862030472,0.8849557522123892,0.2588162222221008,0.4065577563104683,0.5934422436895317,Rectangular,Flexure
392,3,0.040822487547779285,0.10167836552031687,0.09405974485327237,4.0,0.1858771686293372,0.0541390186051779,0.1204716909226637,0.8281249999999999,0.3372935707327432,0.3426485985797318,0.6573514014202682,Spiral,Flexure
170,0,0.07020221959605469,0.09461361762252846,0.057230537581260676,4.7,0.3221984071085403,0.1786945821343354,0.4561824729891957,1.3333333333333333,0.2733674914912262,0.4560078082485411,0.543992191751459,Rectangular,Flexure
23,3,0.03647462735973682,0.1048110101622113,0.09979575236774145,3.0,0.199010807353436,0.0759434587747945,0.1,1.5277777777777777,0.4246670963405309,0.5135755592651209,0.4864244407348792,Rectangular,Flexure
62,3,0.06156915583616906,0.08037482603204303,0.05267659512814658,2.5,0.1311400962741969,0.0458193498492474,0.4229274611398964,0.9722222222222222,0.8003933063062444,0.44025805418199127,0.5597419458180087,Rectangular,Flexure
218,1,0.0699974140695837,0.10536953536273277,0.08536397171172318,6.557377049180328,0.1221849222836996,0.0354691608481178,0.1360733979908762,1.91740412979351,0.3190912240364358,0.5182386139823093,0.4820029540770112,Rectangular,Flexure
127,4,0.052584274826530275,0.1191627188280962,0.10990850938677683,4.5600000000000005,0.3242123618504666,0.0432283149133955,0.3,2.083333333333333,0.7868914435733787,0.5332270131805803,0.4678943439328047,Rectangular,Flexure
238,3,0.04810014445026881,0.07723572023954428,0.058928063184026484,2.25,0.3038463077461198,0.0606032332957975,0.1579101143550272,2.0158730158730163,0.8362216298696364,0.4450558360868404,0.5549441639131597,Rectangular,Flexure
234,5,0.03324662392493685,0.06846441366531962,0.05757931782592267,2.25,0.4036498394875461,0.1072520392832728,0.1044963566001746,1.5132275132275137,0.6903085574650586,0.41555676939529573,0.5844432306047043,Rectangular,Flexure
107,2,0.038554378967019236,0.08625133032355775,0.07625275575443285,2.857142857142857,0.3755747632594899,0.0966717937371908,0.1313125786507632,1.692708333333333,0.626030019995597,0.42944458144320713,0.5705554185567928,Rectangular,Flexure
384,5,0.045816495500064204,0.08496963337249652,0.07048991206355279,6.58,0.1525532444444444,0.0374406634874422,0.4187543391573424,1.4749262536873151,0.3415886057778702,0.5019900105135311,0.498848564931492,Spiral,Flexure
146,1,0.04113792488870204,0.10031221484643162,0.08616127579694365,2.0,0.2384161954674675,0.1055673753920099,0.1996648730139565,0.913978494623656,0.6246738967102624,0.4471350483729988,0.5528649516270012,Rectangular,Flexure
279,1,0.0626187470941364,0.14697778223771782,0.14441667638852052,2.0,0.3854143646408839,0.0424375361216963,0.1000214076060944,0.8333333333333334,0.985548691488518,0.4137988995922362,0.5862047725394529,Spiral,Flexure-Shear
296,5,0.0344345463227049,0.1410951222712921,0.138185875049055,2.0,0.3562105263157895,0.0516709318024637,0.1899388597162487,1.0,0.8646993989316731,0.44391860994351207,0.556081390056488,Spiral,Flexure
150,0,0.0503638642995073,0.16161089622208324,0.16003126231167217,2.0,0.1460085905369636,0.0388969081265255,0.1924887570705374,1.3281249999999998,0.8374140074196855,0.46701128682014487,0.5329887131798552,Rectangular,Flexure-Shear
3,0,0.03825258200413956,0.05952133427082842,0.04372736047043881,2.181818181818182,0.3144747106706088,0.1056984444198435,0.4200200818722484,1.25,0.6398198520675843,0.502205695504117,0.4987557285239992,Rectangular,Flexure
336,0,0.0462005155791656,0.0982978560643562,0.09218807353398453,1.6363636363636362,0.4726153846153846,0.0334810293990968,0.116018860825624,2.083333333333333,1.5363064295762687,0.39436480791883793,0.6056351920811621,Spiral,Shear
199,2,0.05162724775696453,0.17132485298328892,0.16570511390434856,2.6666666666666665,0.3723000177534428,0.0174193945518567,0.0,7.129824561403509,1.3707361135766254,0.3459252050147734,0.6546944819429054,Rectangular,Shear
241,3,0.04091259503397071,0.11913237413774969,0.10898623862601742,2.25,0.3030138521084592,0.0805124897633335,0.0784438402971174,1.5132275132275137,0.6706621734965332,0.41821185722521687,0.5817881427747831,Rectangular,Flexure
325,2,0.05184735949013549,0.1696615340110517,0.17492121295260496,1.090909090909091,0.4734861293888509,0.0688556861192118,0.115279887189792,0.9722222222222222,1.606665214450584,0.42292710856866295,0.5770728914313371,Spiral,Shear
49,4,0.05467968168421407,0.10632350361216872,0.08616782153865887,3.0,0.2173575308185968,0.0689416314726482,0.1055197132616487,1.5151515151515151,0.476614025346575,0.48361861833521314,0.5163813816647869,Rectangular,Flexure
77,2,0.0656609076386196,0.14155868170554875,0.13782976171914088,2.8721311475409834,0.4648949369924974,0.060918046641502,0.1471079243237167,2.354497354497355,0.9492901343385364,0.4568333239883458,0.5431666760116542,Rectangular,Flexure-Shear
143,4,0.037260127390699775,0.30301543281926857,0.3069706978668499,3.2222222222222223,0.1939254724438144,0.0081936621846362,0.0726988511528028,8.021052631578947,1.0083254760037947,0.3723879392789155,0.6276216126979082,Rectangular,Flexure-Shear
280,0,0.05492594781573894,0.14631313527176035,0.15005402906503007,2.0,0.4076439169139465,0.0227928606469645,0.0,1.6666666666666667,1.406018893088108,0.3883574892605289,0.6116425107394711,Spiral,Flexure-Shear
180,0,0.04058165299523865,0.2538927799170516,0.2545545268784876,3.004926108374384,0.1686913008581607,0.0710831422421054,0.2108040209848178,1.3543859649122807,0.5104226432875383,0.5454791786840699,0.45452082131593,Rectangular,Flexure
364,5,0.05706779059518898,0.15522248943208955,0.15641184947949038,1.9912472647702408,0.3490480589717059,0.0493730651036511,0.0848654923315939,1.4035087719298245,0.836812884166106,0.32282856083609107,0.677477805768216,Spiral,Flexure-Shear
194,0,0.04661072652216497,0.11306343469111878,0.10658946852530277,3.5,0.384310315315309,0.0964561764435013,0.1534090909090909,1.4285714285714286,0.5439715662059975,0.42908513533564524,0.5712119336332455,Rectangular,Flexure
332,0,0.042991667658258695,0.14109962092099232,0.1399293608519357,1.6363636363636362,0.4608,0.0326440036641193,0.0,2.083333333333333,1.6170649153132122,0.4104294253044713,0.5906249524078063,Spiral,Flexure-Shear
64,1,0.05439294958555291,0.18903897593839772,0.19244965010845635,1.5,0.2975403315468571,0.1333872229663706,0.2567829457364341,1.9444444444444444,0.7526079372813009,0.39897095554164846,0.6010290444583515,Rectangular,Flexure-Shear
352,5,0.06334252641617248,0.10447482930089033,0.07687778311350599,4.498360655737705,0.2782729531138365,0.0573855178626642,0.0926380853990227,0.7916666666666666,0.3608154540952911,0.34061376844172736,0.6599220504558365,Spiral,Flexure
379,3,0.07401394689325531,0.18185534225247535,0.16437647430696217,3.0,0.2677432121212121,0.0485525062547868,0.0428700183412512,1.1228070175438596,0.5041050008447017,0.43324961217510294,0.5679551253263131,Spiral,Flexure
374,1,0.061151432129703524,0.07140690701115784,0.040999553175966395,3.0,0.3479286155432214,0.0730848949551309,0.0905565245626531,0.6614583333333331,0.5016320326049301,0.43457491567776374,0.5654250843222363,Spiral,Flexure
190,0,0.04286588421956508,0.09743325357698145,0.0874340560258243,3.5,0.4177286036035967,0.1088761188952565,0.1111660079051383,1.3756613756613758,0.5119187778069219,0.3871840021162779,0.6128159978837221,Rectangular,Flexure
125,2,0.050840340404973115,0.11420001696937031,0.10078927912958571,4.5600000000000005,0.3242123618504666,0.0432283149133955,0.2,2.083333333333333,0.7609223826520778,0.5099557686468753,0.49178637593564384,Rectangular,Flexure
67,1,0.05194304084889628,0.06929219568827769,0.03799099728434031,2.0,0.092643441806449,0.0610952943185552,0.3499095477386935,1.3333333333333333,0.6677504471434148,0.49707914681892584,0.503092778429528,Rectangular,Flexure
32,2,0.07185767634479402,0.1260299225647064,0.11404437893948147,4.0,0.20693024755868,0.0416846908295117,0.0320060483870967,1.851851851851852,0.4528985576643131,0.5186583741968008,0.4845416924958251,Rectangular,Flexure
149,1,0.04104992281966353,0.1855776875788874,0.18180188790493707,2.0,0.1460085905369636,0.0388969081265255,0.0962443785352687,1.3281249999999998,0.741460410374528,0.4712984718116829,0.5287015281883171,Rectangular,Flexure-Shear
100,2,0.03992348895214644,0.12421100354865253,0.1227408226552132,1.1097560975609757,0.3157000782988364,0.054460996242006,0.2696561127101954,2.4722222222222223,1.817652418872768,0.2430992761104721,0.7569007238895279,Rectangular,Shear
337,1,0.03295878573280186,0.17327708184688584,0.16896617746837844,1.6363636363636362,0.5032627986348123,0.076397473226608,0.1235422681829171,0.9722222222222222,1.0487633365439422,0.4875738626351944,0.5124261373648056,Spiral,Flexure
155,3,0.027615975985752043,0.11840184593684902,0.11385445984393924,2.0,0.0620035612233917,0.1971910684634253,0.3496965892446118,0.9114583333333331,0.2932052623748773,0.5373370468594063,0.46266295314059375,Rectangular,Flexure
335,4,0.03725361345324952,0.1033253196557458,0.09316526382776111,1.6363636363636362,0.4741350482315112,0.0,0.1163919118250633,2.0,2.6253097065065103,0.39188120375374835,0.6081187962462516,Spiral,Shear
398,4,0.05648129010606729,0.08410997622600223,0.06746175211454718,4.698090692124105,0.1385867845521421,0.0438650292272484,0.1028987116985612,0.8466666666666666,0.2855176954456508,0.40162227610316736,0.5983777238968325,Spiral,Flexure
396,3,0.056989599077355145,0.14777393604916808,0.139240613818378,4.698090692124105,0.1540837093423177,0.0440149831610284,0.0,0.8912280701754386,0.2172556643312284,0.4248614781950648,0.5757696862259184,Spiral,Flexure
306,1,0.05730642359054235,0.12982179180996994,0.12786609624170847,6.0131578947368425,0.2654607560276389,0.040424478291429,0.0685014756456048,0.9329140461215932,0.3249960137095146,0.49047945531020903,0.5095205446897909,Spiral,Flexure
145,0,0.03352900960787365,0.12115504710727536,0.11302561086051593,2.0,0.2384161954674675,0.1055673753920099,0.0997304626188199,0.913978494623656,0.5598902879369332,0.442283180112503,0.5577168198874971,Rectangular,Flexure
169,0,0.0664690045292651,0.08766069956592866,0.05299842754597132,4.7,0.3920207541420919,0.1786945821343354,0.4617046818727491,1.3333333333333333,0.3043874938185217,0.49613642388443463,0.5052103106539341,Rectangular,Flexure
136,3,0.03772072359397044,0.19221414646108415,0.18966157572676046,3.8278688524590168,0.3547213947733016,0.0546170367251115,0.2324374614267423,2.305555555555556,0.7295960902153189,0.5426658485788091,0.45749446761405854,Rectangular,Flexure
175,4,0.024752327068574824,0.13699572325189768,0.1327177741056895,3.004926108374384,0.1622985079540362,0.0535658231327001,0.0495093276968009,1.336842105263158,0.45659162347404,0.422540136834733,0.577459863165267,Rectangular,Flexure
33,5,0.05265119099955979,0.1603373220146869,0.16314762889055662,2.0,0.2318495378349267,0.0469226315244763,0.14296875,1.5151515151515151,0.8042647315190902,0.40984751573093137,0.5901524842690686,Rectangular,Flexure-Shear
322,2,0.03266603609233914,0.1694599595739273,0.1670617273209857,1.090909090909091,0.5198414147835635,0.0,0.1265660299915899,2.0,4.068249664091903,0.3950958603776545,0.6049041396223455,Spiral,Shear
191,1,0.06582533259025619,0.10125333097368817,0.08140161773076944,3.5,0.3899827922941327,0.1016444947619922,0.1556734317343173,1.3756613756613758,0.5297706192504589,0.4173827497665773,0.5828152887854416,Rectangular,Flexure
105,0,0.06737304121194998,0.13239370949638032,0.10578323251943153,2.857142857142857,0.3961074481127173,0.0808182018164862,0.1407459535538353,1.25,0.7347613405349893,0.37661817049329066,0.6239691888577426,Rectangular,Flexure
331,0,0.05230519465658339,0.13510719999480827,0.1334514154354699,1.090909090909091,0.4749988646265149,0.069075672336845,0.2312963870772824,0.9722222222222222,1.6251997920090395,0.4061086499380256,0.5938913500619744,Spiral,Shear
168,2,0.06682686356826768,0.08546267743267606,0.05798352633218518,4.7,0.3920207541420919,0.0893472910671677,0.4617046818727491,2.6666666666666665,0.5021850676314081,0.4224526856315342,0.5775859605424141,Rectangular,Flexure
315,4,0.08058163386180588,0.11933094197272197,0.09636245268957432,1.0,0.1634716981132075,0.1903689830609228,0.2475369862066248,0.6179775280898876,0.4899783196806555,0.3798691545675312,0.6202465689217638,Spiral,Flexure-Shear
24,2,0.03955011252133046,0.08240158917350321,0.07462834967075314,3.0,0.1983908359909642,0.0925306247446441,0.2999922762029814,1.25,0.46631047512654,0.5315689128343721,0.46996655818166205,Rectangular,Flexure
283,3,0.09921056999315042,0.10615108703162994,0.10419043805094343,2.5,0.4067638483965015,0.0223941517143645,0.0999938490854328,1.6666666666666667,1.2243661511164816,0.3047370380314285,0.6953960452448713,Spiral,Flexure-Shear
201,0,0.05056423561195981,0.12178952252069632,0.1062138891324522,3.916666666666666,0.1229309503617101,0.048127705028581,0.0,1.3229166666666663,0.2754795386188717,0.26991464820326894,0.7301623099274478,Rectangular,Flexure
208,4,0.5639661844600001,0.1239393499224203,0.5429213650867031,3.916666666666666,0.1420130578920206,0.1089823385185393,0.2000139832933836,1.3229166666666663,0.2841766447439349,0.41476790402826147,0.5853327617017839,Rectangular,Flexure
128,4,0.046162948565575075,0.11796068129007978,0.12437540949896626,4.5600000000000005,0.3242123618504666,0.0432283149133955,0.3,2.083333333333333,0.7868914435733787,0.5176425948333245,0.48338684124557585,Rectangular,Flexure
353,5,0.05725566623399921,0.10766498556103185,0.10238403980383377,4.498360655737705,0.2808416265271949,0.0579152303352426,0.0934932061873213,0.7916666666666666,0.3610211893121618,0.32638091181405926,0.6736190881859407,Spiral,Flexure
20,1,0.06304989506442556,0.06979087572227854,0.03309551035156265,4.0,0.2908427573831176,0.137920212638798,0.199951171875,1.1111111111111112,0.3201972645977145,0.48269472490198245,0.5173052750980176,Rectangular,Flexure
173,2,0.0388239149333041,0.05618981335105354,0.04055456673953499,4.7,0.4130338227186827,0.0877617316170006,0.4617046818727491,1.91919191919192,0.5235228037703472,0.42650691638033,0.57349308361967,Rectangular,Flexure
186,2,0.025116557656389277,0.16723957162610142,0.16784097873872755,3.004926108374384,0.2900073544936885,0.122203302279735,0.3624058628479151,1.3543859649122807,0.4911993082650706,0.4789591073555289,0.5210408926444712,Rectangular,Flexure
61,1,0.028454113146929763,0.15504984285882376,0.1551856293649318,2.5,0.1311400962741969,0.1105440648159523,0.2538860103626943,0.9722222222222222,0.4237856196418204,0.5165540208065668,0.48344597919343335,Rectangular,Flexure
369,5,0.0704174440614286,0.10888383996236263,0.07946638803220309,4.0,0.2230526023552046,0.0649668223262135,0.0722675411254063,0.8281249999999999,0.3004249610560432,0.3449022496083648,0.6550977503916352,Spiral,Flexure
165,4,0.07590894816047057,0.10887609390920718,0.09226641431444886,4.7,0.2613471694280612,0.0670104683003757,0.4278511404561825,2.6666666666666665,0.485270969404303,0.4422102245280647,0.5578000557346278,Rectangular,Flexure
108,0,0.04231773840483221,0.06559865042614942,0.048474407014428525,2.857142857142857,0.3592035556302301,0.092457895035826,0.1255886970172684,1.692708333333333,0.6244439766092185,0.42816592669678866,0.5718340733032115,Rectangular,Flexure
82,5,0.04825076877668856,0.2050357520137516,0.19858575673940732,2.8721311475409834,0.3632861633384486,0.0661987886150566,0.1149555935583535,1.6931216931216932,0.7628170111050468,0.5000969627310426,0.5013281620156835,Rectangular,Flexure-Shear
313,2,0.058745528414921894,0.07532073765744766,0.03738716269025996,6.0,0.375175965665236,0.0668390691089069,0.1049193101240992,0.8641975308641974,0.2993806458761555,0.38129607216342976,0.6187039278365704,Spiral,Flexure
333,1,0.197012245092726,0.19073713861127056,0.34690489654906115,1.6363636363636362,0.4711054313099041,0.0715158455443966,0.0,0.9722222222222222,1.0220362608387008,0.5005968722325979,0.4994073003628245,Spiral,Flexure
305,4,0.06819138522710153,0.13280592855857684,0.11729668384379043,3.75,0.7252189971496247,0.1155658853630965,0.3514200437614614,0.9909909909909907,0.5728223274780351,0.49709477753238046,0.5029216991239671,Spiral,Flexure
112,4,0.05167486228913001,0.11971380428958422,0.11155516627920972,4.5600000000000005,0.0810530904626166,0.0288188766089303,0.2,3.125,0.4785475406271931,0.32581418190096506,0.6741858180990349,Rectangular,Flexure
276,5,0.05451246712335788,0.21106050026157824,0.2100636702865882,2.0,0.4594871794871795,0.0501446519707601,0.1999639028590479,1.6666666666666667,1.0172615127664126,0.4931964163646589,0.5071525329703724,Spiral,Flexure-Shear
237,4,0.023915910945085436,0.05107701149100745,0.048229669499738476,2.25,0.3038463077461198,0.0606032332957975,0.1579101143550272,2.0158730158730163,0.8362216298696364,0.4473037089246255,0.5526962910753744,Rectangular,Flexure
319,5,0.03542875756827533,0.127633010272887,0.12003900529987589,2.0,0.3532939746835443,0.1254352589562816,0.2075863966606189,0.7865168539325842,0.4980034092301829,0.40647015783502,0.5935545048749261,Spiral,Flexure
282,4,0.05159660390505282,0.1217174383512106,0.1158080210421988,2.0,0.4177245508982036,0.0229975869402007,0.100067479189515,1.6666666666666667,1.336156006400793,0.32306687317931154,0.6770653519261796,Spiral,Shear
344,1,0.051499116330709215,0.08120137313244982,0.07395257628462226,1.6363636363636362,0.7801904761904763,0.0552702707540645,0.3830463976465049,2.083333333333333,1.5197989599411117,0.3909356263719363,0.6090643736280638,Spiral,Shear
299,0,0.08957170867902814,0.12297416592620697,0.08149992443735432,6.221498371335505,0.1134087342445483,0.0151915558654397,0.0504858467109986,2.083333333333333,0.2801831817963103,0.42147238469179465,0.5794992390040923,Spiral,Flexure
57,2,0.029583462635120978,0.06463397150138402,0.05804632691872023,2.5,0.1771998033670012,0.1493699265541105,0.3999416569428238,0.9722222222222222,0.4198635096689885,0.4577911083528317,0.5422088916471683,Rectangular,Flexure
221,0,0.0519236441764906,0.12341504599084543,0.1132370989099783,6.557377049180328,0.145549104829664,0.1036988580264688,0.3961170963114327,0.8849557522123892,0.218586913017501,0.4587739980028511,0.5412830800300956,Rectangular,Flexure
368,1,0.07189737897467302,0.13476025250464885,0.11369925328484279,8.0,0.4487600395128919,0.0470554576445095,0.281132086683322,1.3333333333333333,0.3680043873427329,0.5215736488090302,0.4875943015845219,Spiral,Flexure
397,2,0.04544402406273146,0.08534112905328561,0.07469098119425807,4.698090692124105,0.1385867845521421,0.0438650292272484,0.0,0.8466666666666666,0.1979925176808568,0.3327614942606226,0.6672385057393774,Spiral,Flexure
148,2,0.047648668789993756,0.13980212453730903,0.12992070779808057,2.0,0.1460085905369636,0.0932920991836366,0.1924887570705374,0.913978494623656,0.522222778820876,0.4634548065551663,0.5365451934448338,Rectangular,Flexure
387,3,0.07931277560593376,0.10282731867744065,0.07264462892410306,6.58,0.1525532444444444,0.0748813269748844,0.4187543391573424,0.7374631268436577,0.2166850372099689,0.5150122785049851,0.48603397382177166,Spiral,Flexure
1,1,0.05572606158130316,0.0777914403883076,0.055455399294358464,2.181818181818182,0.2913315501450661,0.0917997853321692,0.2597402597402597,1.3333333333333333,0.648662878889607,0.4902815615728179,0.5112286716718136,Rectangular,Flexure
83,3,0.04591183141137711,0.20019750442173637,0.19510182950409954,2.8721311475409834,0.3632861633384486,0.0661987886150566,0.1149555935583535,1.6931216931216932,0.7628170111050468,0.4791809806436007,0.5208190193563993,Rectangular,Flexure-Shear
246,1,0.07314617491953963,0.1069129981168814,0.09164717938488769,2.0,0.1671789982056369,0.1128889111594765,0.5668934240362811,1.3123359580052496,0.5287605946555258,0.47567042644038166,0.5243295735596183,Rectangular,Flexure
303,5,0.09401505546344006,0.10465439517507641,0.05632662895993863,7.5,0.7252189971496247,0.1155658853630965,0.2412019391271849,0.9909909909909907,0.2891096231747155,0.42441309400932065,0.5755869059906793,Spiral,Flexure
334,2,0.047433214737985056,0.16477820571561883,0.181096150733466,1.090909090909091,0.4711054313099041,0.0333740612540517,0.1156481935386412,2.083333333333333,2.3032579711370857,0.4164199096084087,0.5835800903915912,Spiral,Shear
298,0,0.04104925064288697,0.08912853115536673,0.07510695297974553,2.0,0.4108108108108108,0.0530674434728005,0.3899296105751435,1.0,0.9287197968509692,0.40807812561271767,0.5919218743872823,Spiral,Flexure
6,1,0.04582155752994966,0.07568126037100308,0.06345397412014982,4.0,0.2575603321119055,0.0977384381116824,0.21,1.5,0.3870776191097969,0.4874880684420328,0.5125119315579673,Rectangular,Flexure
118,2,0.04246615504306852,0.09731797372672069,0.09619733154185361,4.5600000000000005,0.0810530904626166,0.0864566298267911,0.3,1.0416666666666667,0.2771842030326142,0.4774762738857464,0.5225237261142537,Rectangular,Flexure
104,5,0.07275363247141235,0.12795061996202678,0.0956078301108403,2.857142857142857,0.3161591558330862,0.0322531355873133,0.0,2.5,1.0323673510773903,0.2721906895776262,0.7278093104223738,Rectangular,Flexure
220,1,0.05155107376112123,0.06959758776137234,0.0413600226465451,6.557377049180328,0.1110559025167279,0.0344646971879723,0.3710381053557547,1.91740412979351,0.4106553964058349,0.4427986366773192,0.5572013633226808,Rectangular,Flexure
318,5,0.07599268718107448,0.20709937014332475,0.22433331333376705,2.0,0.2495707544303797,0.0315914655780284,0.1037931983303094,1.5811965811965814,0.7856197729731355,0.4632979250475615,0.5369880127937563,Spiral,Flexure-Shear
289,0,0.06361883580863663,0.12350625182792573,0.09970785808171545,2.0,0.4319504643962848,0.0363277045237086,0.0,2.2222222222222223,1.1747270513412311,0.31962222244383137,0.6803777775561686,Spiral,Flexure-Shear
119,2,0.06185462057755608,0.08625418312589388,0.07088170176981469,4.5600000000000005,0.0810530904626166,0.0864566298267911,0.2,1.0416666666666667,0.2345321282928151,0.4411902718600824,0.5588097281399177,Rectangular,Flexure
288,3,0.04747946198430507,0.10845284119292081,0.08914013707859464,2.0,0.4515210355987055,0.0179077251142401,0.0,3.6666666666666665,1.669565854845116,0.2943536373857224,0.7056463626142775,Spiral,Shear
172,2,0.03442617185505746,0.07798743909653279,0.06731916686342934,4.7,0.3920207541420919,0.0877617316170006,0.2307322929171668,1.91919191919192,0.4865821391852996,0.4473175123325932,0.5526824876674067,Rectangular,Flexure
21,4,0.05503296372282895,0.08453247300224681,0.06541191835510397,4.0,0.2908427573831176,0.137920212638798,0.199951171875,1.1111111111111112,0.3201972645977145,0.5159374211657682,0.4840625788342317,Rectangular,Flexure
329,4,0.05921309006979673,0.1251137485619657,0.12083217091583613,1.090909090909091,0.5348008799571913,0.0272202874262639,0.2604164358100339,2.7777777777777777,2.531022062264917,0.36410406248264154,0.6358959375173585,Spiral,Shear
95,2,0.04646862101319464,0.14973223637530977,0.14826234987128403,5.495081967213115,0.1831290196430993,0.0442796912618901,0.265758905909403,2.2280701754385963,0.4151514406429186,0.4846511093825285,0.5153488906174715,Rectangular,Flexure
363,5,0.04062960111102279,0.08652788713681207,0.06852934040238408,1.9912472647702408,0.6936803965681287,0.1529045388628064,0.1480568822484718,0.5905511811023623,0.715319910010955,0.397238816119101,0.6027611838808989,Spiral,Flexure-Shear
102,4,0.05242648215396572,0.08746329032179266,0.0689608568432529,3.00218818380744,0.2168137751045223,0.1067390101346243,0.2059025637147512,1.3385826771653546,0.418819547804882,0.4621064775025436,0.5378935224974564,Rectangular,Flexure
266,5,0.04462292288622285,0.09551803506134439,0.07801445016938126,2.0,0.2418215384615384,0.1049833852724085,0.7367377536629959,0.5729166666666666,0.4392805725864854,0.5139876432874161,0.48601235671258386,Spiral,Flexure
226,4,0.074161671558684,0.11853382858174116,0.0969912737156547,6.557377049180328,0.1047048861983049,0.0837958240950657,0.506046270316161,0.8849557522123892,0.2463802441743374,0.42030221144953955,0.5796977885504604,Rectangular,Flexure
270,1,0.03747011538108032,0.17947564727008924,0.1842436111738937,2.0,0.4559477124183006,0.0245777203043764,0.0,2.75,1.4809772199367044,0.4207388261201187,0.5792611738798813,Spiral,Shear
174,4,0.07085738606995293,0.08095440906464016,0.03663805889285797,4.7,0.4130338227186827,0.1786945821343354,0.4617046818727491,1.3333333333333333,0.3136615879381742,0.4781987471552839,0.5240139129285271,Rectangular,Flexure
314,4,0.05166847398959971,0.08543393180511424,0.0677566359728723,1.5,0.0888074626415094,0.1333436553996239,0.1414497064037856,0.9363295880149812,0.2674987814728254,0.4406337256706827,0.55972534136747,Spiral,Flexure
355,1,0.06313026106811588,0.08656441399953219,0.07260630433246183,4.498360655737705,0.3380501060049569,0.0697127772553846,0.1013856923953268,0.7916666666666666,0.3605814858759095,0.3030838910632844,0.6981581333513598,Spiral,Flexure
365,3,0.030156477320171775,0.15341448267497962,0.14917809548491176,1.9912472647702408,0.720349014975276,0.1720176062206572,0.3333892619100884,0.5249343832020998,0.6811417752409096,0.4124646188391124,0.5875353811608875,Spiral,Flexure
295,5,0.07599876923294471,0.08154058772436332,0.03966960631350259,4.0,0.2333538461538461,0.0597086323050691,0.738642171785463,0.95,0.4121736351922188,0.4800626329334253,0.5199373670665747,Spiral,Flexure
60,1,0.05222034815848819,0.07239962275502934,0.07575080877615066,2.5,0.1311400962741969,0.0458193498492474,0.2538860103626943,0.9722222222222222,0.7361143191322704,0.5444136682270856,0.45565382398799154,Rectangular,Flexure
144,1,0.05755886289435498,0.07649667899878919,0.03828114317820691,3.2222222222222223,0.3945567505589216,0.0271210218311461,0.2836606980403503,5.347368421052632,1.145922848537989,0.39938378888759773,0.6006162111124023,Rectangular,Flexure-Shear
17,5,0.06506227144711996,0.07860386181613956,0.03948868976283592,4.0,0.1786937901361874,0.1674710545336712,0.7,0.7222222222222222,0.2569309458093186,0.48011904068497285,0.5198809593150271,Rectangular,Flexure
27,2,0.03530297912285401,0.18996302200011572,0.18939630383867845,1.5,0.1297515587048026,0.1396953113777115,0.3332038834951456,0.9696969696969696,0.5047089002602484,0.5867967631956421,0.4132939058243765,Rectangular,Flexure
114,4,0.0525750319620865,0.09535144304913197,0.07044801343050716,4.5600000000000005,0.0810530904626166,0.0432283149133955,0.3,2.083333333333333,0.4378615678539381,0.459571551135784,0.5409824480100883,Rectangular,Flexure
10,0,0.05010852622085988,0.1147482094437078,0.10416570008831463,4.0,0.1681380388201257,0.0191754126063525,0.3,2.611111111111111,0.8301052803842227,0.48374584098546136,0.5162541590145385,Rectangular,Flexure
293,2,0.07777727153531772,0.08834191377322612,0.055034321933792374,4.0,0.3195259259259259,0.0903692701588175,0.6130412622798932,1.25,0.3761674710296161,0.5149268041719232,0.48507319582807673,Spiral,Flexure
359,3,0.08072802133735912,0.15683567574988747,0.14060837684067518,6.0,0.2932552861349178,0.0410696419055504,0.1481933204537532,1.0,0.3835846773122155,0.4589770301202995,0.5420069701626188,Spiral,Flexure
375,5,0.0663201866411474,0.09839713196868598,0.09847828895635065,8.0,0.3479286155432214,0.0730848949551309,0.0905565245626531,0.6614583333333331,0.202285045352344,0.44428861551449167,0.5557113844855082,Spiral,Flexure
26,4,0.03225978972488869,0.058434336037779755,0.04254246900739729,2.973333333333333,0.3027140579221095,0.1202184735237544,0.1000619578686493,1.1111111111111112,0.4134315904828285,0.5187775215073833,0.48154459196825766,Rectangular,Flexure
285,4,0.04593250254994965,0.11190759058689367,0.08891113767833572,1.5,0.4055813953488372,0.0167467893270938,0.0999344991507249,2.2222222222222223,1.9320912066252085,0.3076784205718542,0.6923215794281459,Spiral,Shear
294,4,0.0561912089030128,0.06749740179700484,0.03400684263157046,4.0,0.2275199999999999,0.0278255349317953,0.527598636349633,1.75,0.6682423237992285,0.46781792101664493,0.532182078983355,Spiral,Flexure
152,2,0.043422415063106866,0.06732585444750798,0.059205711869791136,2.0,0.0620035612233917,0.1533708310271086,0.5991211550533584,1.1718749999999998,0.3889716676777381,0.5264188945931678,0.4735811054068323,Rectangular,Flexure
76,2,0.07493198978890148,0.14652039928806487,0.13994229831019905,2.8721311475409834,0.4648949369924974,0.060918046641502,0.1471079243237167,2.354497354497355,0.9492901343385364,0.4449870387673002,0.5550129612326998,Rectangular,Flexure-Shear
11,2,0.05040015780370275,0.07971706644657171,0.06005035596249131,4.0,0.2344538404375138,0.1105359379490836,0.2230565371024735,1.95,0.3428120328803654,0.4641457052789461,0.535854294721054,Rectangular,Flexure
56,0,0.033247739124898805,0.06154225733314231,0.0444532080698418,2.5,0.1771998033670012,0.0619122603563926,0.3999416569428238,0.9722222222222222,0.7321473083720326,0.5162447672864829,0.4841376873189272,Rectangular,Flexure
401,1,0.046036355596095875,0.08444411738729764,0.0678934680229963,4.698090692124105,0.163271043034654,0.0438650292272484,0.1028987116985612,0.8466666666666666,0.3159222419092595,0.36000424558755006,0.6400867379231172,Spiral,Flexure
304,1,0.057150289792780605,0.4470943523592568,0.446981009734138,3.75,0.7252189971496247,0.1155658853630965,0.2412019391271849,0.9909909909909907,0.570570012718192,0.491301222065704,0.508698777934296,Spiral,Flexure
312,3,0.05830379989253748,0.075276817752116,0.06304276124472225,3.0,0.3597366255144033,0.1217567542920903,0.2003649390562659,0.4838709677419354,0.3737755729378513,0.4119640641703459,0.5880359358296541,Spiral,Flexure
113,5,0.03999150219882273,0.09236235862235943,0.08101801101805726,4.5600000000000005,0.0810530904626166,0.0432283149133955,0.2,2.083333333333333,0.3797668651711147,0.3408079373296652,0.6591920626703348,Rectangular,Flexure
179,3,0.04556806187581966,0.21997077708025636,0.2211803325387892,3.004926108374384,0.1683970547377035,0.0718760734945415,0.2108040209848178,1.336842105263158,0.5063099927134541,0.530523171948561,0.46948951879914463,Rectangular,Flexure
386,5,0.08337073086161982,0.10990204620659202,0.07680347365110145,6.58,0.1525532444444444,0.0785398163397448,0.4187543391573424,1.1111111111111112,0.2092100197404387,0.516326717141129,0.48426975295262814,Spiral,Flexure
354,0,0.06548858427396805,0.09132951280773109,0.06652208624114127,4.498360655737705,0.3380501060049569,0.0697127772553846,0.1013856923953268,0.7916666666666666,0.3605814858759095,0.3381627290216282,0.6618372709783718,Spiral,Flexure
328,0,0.03205684736914912,0.0738469919074683,0.06199928461331957,1.090909090909091,0.5180301206553979,0.0,0.2522500667428203,2.0,3.5851316547384924,0.34690618842293747,0.6530938115770625,Spiral,Shear
338,0,0.02977315978719008,0.208015404826595,0.20312601999639157,2.181818181818182,0.4834622950819672,0.0342494464672728,0.118681588778999,2.083333333333333,1.215604912243873,0.5066607685641126,0.4933392314358874,Spiral,Flexure
277,2,0.0607246776863774,0.10239201842291804,0.07606468474947535,2.0,0.4794648829431438,0.0293145267676104,0.1998751877291194,1.6666666666666667,1.2932679600492083,0.24886617087667454,0.7511338291233254,Spiral,Flexure-Shear
51,1,0.0480161871338971,0.08058520667277586,0.0695112526489149,3.0,0.2445272221709214,0.0539543202829421,0.1187096774193548,1.5151515151515151,0.597758465289246,0.2540661815932025,0.7460452269422451,Rectangular,Flexure
373,4,0.05424762951608694,0.06744935580240853,0.03261847455338044,4.0,0.4461052047104093,0.0649668223262135,0.0722675411254063,0.8281249999999999,0.5317759914540684,0.33679949654569963,0.6632005034543004,Spiral,Flexure
142,5,0.028828193043169803,0.11300277292507185,0.11211591776455031,3.2222222222222223,0.374022198485223,0.0100821642494967,0.0894547201917387,8.021052631578947,1.5239557303264712,0.19115167957524515,0.8088483204247549,Rectangular,Shear
271,2,0.05414734108061509,0.1154575943191092,0.11222726454798183,2.0,0.4486173633440514,0.0372748453110814,0.0,1.1111111111111112,1.1927604459132382,0.3515295489175735,0.6484704510824264,Spiral,Flexure-Shear
416,3,0.05124160029089073,0.11155371323171347,0.10399722362409466,2.0,0.1908345683678547,0.0039034513632485,0.0020645407395238,3.455782312925169,0.9893647715066765,0.30520473729907843,0.6947952627009215,Spiral,Shear
163,4,0.050122960070970994,0.10758533449034756,0.08252751741772098,6.039344262295082,0.1143154929601453,0.0631970938082168,0.4500160720025715,1.3864306784660765,0.3246690681481317,0.4316470262820025,0.5692282192997542,Rectangular,Flexure
66,4,0.06567284029813505,0.12362465524665538,0.09866732467423094,2.0,0.092643441806449,0.0407301962123701,0.3499095477386935,2.0,0.7989298367630033,0.4647279610907291,0.5361672239627825,Rectangular,Flexure
362,4,0.04875494663093795,0.10413477637383273,0.10643938210394584,1.9912472647702408,0.2626828632145348,0.0564512835917607,0.1500905091769369,1.0526315789473684,0.666840692454253,0.41636607784628415,0.5836339221537159,Spiral,Flexure
16,0,0.07689895049277952,0.09215283897292185,0.045699293894458544,4.0,0.1832756821909614,0.0622669313159055,0.7,1.6041666666666667,0.4898662098732854,0.4390113215126942,0.5609886784873057,Rectangular,Flexure
291,0,0.048351923113682346,0.1266251372958278,0.1216338967431374,1.5,0.2887804878048781,0.0,0.0,2.0,2.303491406410322,0.2960753243242669,0.703924675675733,Spiral,Shear
356,1,0.06759556034638779,0.08021252596739376,0.05750482434296767,4.498360655737705,0.3380501060049569,0.0697127772553846,0.1013856923953268,0.7916666666666666,0.3605814858759095,0.30996379879249947,0.6900362012075005,Spiral,Flexure
139,4,0.036665692891200224,0.17259213265861845,0.16559521213473127,3.2222222222222223,0.251722868152559,0.0106356948357435,0.2836606980403503,8.021052631578947,1.10201696523192,0.37515378833259494,0.6248462116674052,Rectangular,Flexure-Shear
301,2,0.0678982528685489,0.16999965227683075,0.15680690333148126,2.931596091205212,0.1225698854787875,0.0164187289019237,0.0545640905957311,2.083333333333333,0.5053963870467643,0.4613335332199152,0.5410939500497621,Spiral,Flexure-Shear
141,3,0.07099783563242633,0.08556578211026368,0.04524887713201261,3.2222222222222223,0.3645361282337861,0.0250574658222545,0.262077818841628,5.347368421052632,1.1392106467999783,0.37120038231665237,0.6287996176833477,Rectangular,Shear
272,4,0.0271096681417948,0.07135276323056979,0.06618291617562706,1.5,0.4635215946843853,0.025675474843292,0.0,1.6666666666666667,1.959991531834249,0.3110570929141938,0.6889429070858062,Spiral,Shear
7,2,0.05127407566868035,0.10530642542947173,0.09234455051540114,4.0,0.1446348721033339,0.0354417751862286,0.1,2.023809523809524,0.4865796836601485,0.49548802637240147,0.5045119736275986,Rectangular,Flexure
343,2,0.029061481794542814,0.19702503454514425,0.18963978956935404,2.181818181818182,0.4772038834951457,0.0338060879369521,0.2342905150653379,2.083333333333333,1.183978597722823,0.5089763387388873,0.4910236612611128,Spiral,Flexure
50,3,0.06528936103718459,0.1298668171888237,0.11812947450795344,3.0,0.2173575308185968,0.0689416314726482,0.1055197132616487,1.5151515151515151,0.476614025346575,0.5042123894160582,0.5020486630150809,Rectangular,Flexure
115,3,0.07314451392370407,0.11661707726938308,0.09302402191759938,4.5600000000000005,0.0810530904626166,0.0432283149133955,0.3,2.083333333333333,0.4378615678539381,0.455413763542875,0.544586236457125,Rectangular,Flexure
31,5,0.03858563636753481,0.07723082379625593,0.06599099323826761,4.0,0.20693024755868,0.0416846908295117,0.0320060483870967,1.851851851851852,0.4528985576643131,0.5343807472556484,0.46561925274435145,Rectangular,Flexure
45,3,0.0631176915534288,0.1155478970175382,0.09984303892276795,3.0,0.2622702346798754,0.1190965639483435,0.7012261284722222,1.3333333333333333,0.4437507760041941,0.522629701287103,0.482296850197978,Rectangular,Flexure-Shear
399,3,0.05353974549508827,0.10690031229396008,0.09562732394282684,4.698090692124105,0.1586245943791223,0.0438650292272484,0.1028987116985612,0.8466666666666666,0.3101990331631684,0.37514837046286337,0.6248516295371366,Spiral,Flexure
177,5,0.03595801952922518,0.1441807022101826,0.13764559923448547,3.004926108374384,0.1626844702849495,0.0694377996149332,0.1020053828777415,1.336842105263158,0.4299826822788952,0.49993816471547775,0.5000618352845222,Rectangular,Flexure
25,4,0.03557986276539347,0.07095513332805486,0.05494118412334913,3.0,0.1983908359909642,0.0925306247446441,0.2999922762029814,1.25,0.46631047512654,0.5613595324645908,0.43864046753540914,Rectangular,Flexure
197,4,0.06704105451789456,0.20027362541224605,0.1899842568606281,3.600393700787402,0.0,0.0,0.1199842612997491,1.25,0.5958602917261285,0.45503175440220117,0.5449682455977988,Rectangular,Flexure
178,3,0.03613188826878348,0.14681355193765092,0.13380577451978526,3.004926108374384,0.1629687346048603,0.0686717672102935,0.1020053828777415,1.3543859649122807,0.4338326201985894,0.506347831552184,0.4936521684478161,Rectangular,Flexure
415,1,0.04727922977546551,0.10168035258539995,0.08852168501335042,2.0,0.2304917506290236,0.0045443165124386,0.0024034951892964,3.455782312925169,1.0965927247136331,0.32056501540716886,0.6794349845928311,Spiral,Shear
181,4,0.028504494612318746,0.08377230761860037,0.07695467874887352,3.004926108374384,0.291029210694448,0.124218543902176,0.0,1.336842105263158,0.3401808241119036,0.38675820649211606,0.6132417935078839,Rectangular,Flexure
120,1,0.051849313755990015,0.07878001422810381,0.057895691728156284,4.5600000000000005,0.0810530904626166,0.0864566298267911,0.3,1.0416666666666667,0.2771842030326142,0.4659383755961323,0.5340616244038676,Rectangular,Flexure
176,2,0.03269800111079889,0.14251512590070053,0.1325554071521946,3.004926108374384,0.1622985079540362,0.0535658231327001,0.0495093276968009,1.336842105263158,0.45659162347404,0.43457789220372217,0.5654221077962779,Rectangular,Flexure
46,0,0.08733150014621346,0.1138146595763019,0.08426508204049765,3.0,0.2622702346798754,0.1190965639483435,0.7012261284722222,1.3333333333333333,0.4437507760041941,0.4388697485390913,0.5611302514609088,Rectangular,Flexure-Shear
4,3,0.03503927914870543,0.0934160193351546,0.08134835659110722,2.181818181818182,0.2863727152489799,0.1659730037840862,0.5999648320731493,0.8611111111111112,0.4673636988438908,0.46816731427686187,0.531832685723138,Rectangular,Flexure
116,0,0.049673240222071646,0.11590725150681629,0.11675913447726285,4.5600000000000005,0.0810530904626166,0.0432283149133955,0.2,2.083333333333333,0.3797668651711147,0.395857154818733,0.604142845181267,Rectangular,Flexure
244,5,0.07684861510024214,0.11979671373398999,0.11224151164941504,2.5,0.2982027419539741,0.0648371249783425,0.6,1.6666666666666667,0.7709246005897303,0.5125861785743082,0.48741382142569184,Rectangular,Flexure
225,0,0.07347286308016523,0.14342221811741482,0.14109306755537002,6.557377049180328,0.1096144933023403,0.1447170835265416,0.5297747557185456,0.8112094395280235,0.1656912034910311,0.3770654263989897,0.6229345736010103,Rectangular,Flexure
137,0,0.03577770432814297,0.11411102681482957,0.11177063365883687,3.2222222222222223,0.374022198485223,0.0100821642494967,0.0894547201917387,8.021052631578947,1.5239557303264712,0.22367458259984305,0.7763254174001568,Rectangular,Shear
103,0,0.04277536447282739,0.1156670189567087,0.11330603016385873,3.00218818380744,0.2140899839599931,0.0800197660364509,0.3103875077353259,1.7894736842105263,0.5452513813835986,0.4898655752464138,0.5101344247535863,Rectangular,Flexure
213,4,0.07172495628789702,0.19845735497526135,0.18324176070293333,3.2222222222222223,0.5097281045486892,0.0390138960079417,0.6051369542327173,5.347368421052632,1.0245732611885647,0.4939517617693766,0.5118977730280068,Rectangular,Flexure-Shear
292,0,0.05264232266646789,0.0674019462636613,0.0458379586937699,4.0,0.2670959752321981,0.0419671533245282,0.1367352839256995,2.25,0.5111847310819113,0.48803993875122875,0.5119600612487712,Spiral,Flexure
284,1,0.0647567491550707,0.13275135136898514,0.13251074149239175,1.5,0.3986285714285714,0.0219462686800772,0.100040249943477,1.6666666666666667,1.761817228178305,0.29588726713339203,0.704112732866608,Spiral,Shear
357,2,0.06708706287006902,0.1765584201436877,0.1540728593697114,1.4991803278688525,0.0801031765654393,0.0166563932518195,0.0573716286842055,1.984375,0.5565166020669209,0.3786013236243019,0.6215230903498055,Spiral,Flexure-Shear
12,4,0.04658735649390544,0.0646197654042212,0.04858934898881146,4.0,0.1654624360194923,0.0992072926767892,0.3899625935162095,1.5333333333333334,0.3663062582104558,0.4643931011849069,0.5371149692562065,Rectangular,Flexure
383,3,0.06399049017642418,0.09471441503012373,0.08053564573574008,6.58,0.1525532444444444,0.0518292974672236,0.4187543391573424,1.0416666666666667,0.2796412016605888,0.5096430143410806,0.49048815456178074,Spiral,Flexure
210,5,0.08809400157544471,0.10918139514286805,0.07443281709943844,3.916666666666666,0.1335249210984745,0.0683123010790537,0.1999365429126771,1.984375,0.3961636165757645,0.48680258709344454,0.5141018419976322,Rectangular,Flexure
53,4,0.04558185370942052,0.07762209379585709,0.05911490852850066,3.0,0.2173575308185968,0.0689416314726482,0.1055197132616487,1.5151515151515151,0.476614025346575,0.29641679361260737,0.7038882319271605,Rectangular,Flexure
229,4,0.03160632149152352,0.04616543471363991,0.03612384512184359,2.25,0.3445484611202107,0.1374428468515284,0.0891962670045104,1.007936507936508,0.5129290691185904,0.4943350156371022,0.5057081265157427,Rectangular,Flexure
377,5,0.054217952649594774,0.10345682360055435,0.08971614934110521,3.0,0.2734512101910828,0.0334342607418883,0.0450544778745634,1.7017543859649122,0.6425319835986391,0.391939904627234,0.6084174796456765,Spiral,Flexure
154,5,0.04072459694645922,0.09118905389559091,0.092222952509211,2.0,0.0620035612233917,0.1533708310271086,0.3496965892446118,1.1718749999999998,0.3534259679195131,0.5412483545547241,0.458762177692321,Rectangular,Flexure
69,5,0.08854485262793307,0.12129217663676088,0.10822496577074572,2.0,0.092643441806449,0.0592534895802698,0.3499095477386935,2.0,0.6778157230307,0.4778490491409231,0.5224337512516589,Rectangular,Flexure
360,1,0.08017259467917151,0.1392368540715005,0.12987958830345314,1.9912472647702408,0.2702272796515058,0.0580725998306886,0.3068922873330327,1.0526315789473684,0.7143460152890663,0.39657383572153626,0.603963197735969,Spiral,Flexure
65,5,0.07295007998423518,0.1297025933548464,0.11534409660902702,1.5,0.2975403315468571,0.1333872229663706,0.6162790697674418,1.9444444444444444,0.7587374521546973,0.46613359297497475,0.5339786399840964,Rectangular,Flexure-Shear
403,1,0.06971814385481698,0.15594160542514002,0.13350729655050242,5.333333333333333,0.358330731385667,0.0540565044171587,0.0430849462315006,1.336842105263158,0.3701579875120211,0.5633104015862341,0.43670354492835994,Spiral,Flexure
106,2,0.04184007548778873,0.07315435331043428,0.05144440948863574,2.857142857142857,0.4387811167960234,0.1318346917131431,0.1530612244897959,0.8333333333333334,0.56355573833565,0.3841390035992394,0.6158609964007606,Rectangular,Flexure
29,3,0.046363191043403695,0.1299132952434866,0.1211757650028179,1.5,0.2237958032680615,0.1945917449598534,0.35,0.6060606060606061,0.5190835774856802,0.3683860552599985,0.6316288551775661,Rectangular,Flexure-Shear
63,1,0.0368988160421292,0.11083768848297233,0.10173188895135937,2.5,0.1311400962741969,0.1105440648159523,0.4229274611398964,0.9722222222222222,0.4826730477396071,0.4972676583762975,0.5027323416237025,Rectangular,Flexure
171,1,0.06967158172163981,0.10489269210698574,0.07673024438235536,4.7,0.3920207541420919,0.0877617316170006,0.4617046818727491,1.91919191919192,0.5080437016339787,0.4721211936343301,0.5279334138386654,Rectangular,Flexure
402,1,0.05050796772065091,0.09450429270358827,0.08195313951537761,4.698090692124105,0.1586245943791223,0.0438650292272484,0.1028987116985612,0.8466666666666666,0.3101990331631684,0.38446246007802837,0.6160119616281217,Spiral,Flexure
341,0,0.05091033394743443,0.14192832888196893,0.15587820102626027,1.090909090909091,0.4741350482315112,0.0335886854421807,0.2327838236501267,2.083333333333333,2.2408095158667507,0.3979897989503244,0.6020102010496756,Spiral,Shear
14,5,0.042110326899942825,0.05534089295044326,0.03123174649943858,4.0,0.1786937901361874,0.0285688581935821,0.5,2.6666666666666665,0.7481584131326527,0.47883969378130414,0.5211603062186959,Rectangular,Flexure
22,3,0.06135933022173798,0.14223460517888445,0.15520300379593605,3.0,0.199010807353436,0.0759434587747945,0.1,1.5277777777777777,0.4246670963405309,0.5055776998725227,0.49442230012747723,Rectangular,Flexure
327,1,0.05215219209451383,0.14851822362262657,0.15133571229839682,1.090909090909091,0.3282000985167752,0.0501141715529892,0.1198605449589228,1.3888888888888888,1.427090433257014,0.40740571237865997,0.59259428762134,Spiral,Flexure-Shear
385,3,0.05497064951618945,0.09602871677482037,0.06773664996658207,6.58,0.1525532444444444,0.0785398163397448,0.2093771695786712,1.1111111111111112,0.1734527065755909,0.5105876760022274,0.4894135133461473,Spiral,Flexure
223,3,0.04788371148026346,0.21599340138953882,0.21870115530076276,6.557377049180328,0.1046092652976672,0.1531450577347175,0.4123210361038607,0.8112094395280235,0.1496013067124592,0.4164442826779198,0.5835557173220803,Rectangular,Flexure
126,4,0.0382589872768138,0.07156799201859308,0.053726889773151695,4.5600000000000005,0.3242123618504666,0.0432283149133955,0.2,2.083333333333333,0.7609223826520778,0.48490387655009404,0.5150961234499061,Rectangular,Flexure
18,1,0.050888321047065914,0.08378224938201491,0.06923342047659713,4.0,0.2908427573831176,0.137920212638798,0.199951171875,1.1111111111111112,0.3201972645977145,0.5244549444720281,0.47554505552797194,Rectangular,Flexure
290,4,0.060411217044151,0.11118624585778412,0.08584347515365234,2.0,0.4215105740181268,0.0334349671317232,0.0,1.8333333333333333,1.20504572268205,0.3051434317186844,0.6948565682813156,Spiral,Flexure-Shear
156,2,0.051150691146795074,0.09910976178020124,0.09134911677751224,7.637795275590553,0.1019904935522901,0.0084387754544073,0.339495040428016,6.047619047619048,0.4518303279873847,0.4198611596695713,0.5829188901795476,Rectangular,Flexure
52,0,0.04171322094838319,0.0778472373840389,0.05888806435737316,3.0,0.2173575308185968,0.0689416314726482,0.1055197132616487,1.5151515151515151,0.476614025346575,0.29188459602609296,0.7097294754306526,Rectangular,Flexure
278,3,0.035258007027199556,0.10349765060088553,0.09496578294191466,1.5,0.4878321678321678,0.0540441813135027,0.0998892037936895,0.8333333333333334,1.3516951257321212,0.3035810978039776,0.6964189021960224,Spiral,Flexure-Shear
13,0,0.04960696401177093,0.055026133533068275,0.021775976178910417,4.0,0.1743354050109145,0.0563046054627113,0.5,1.6875,0.545196676134645,0.5015982886002534,0.49840171139974676,Rectangular,Flexure
286,1,0.03328092467508014,0.12904407273085142,0.12304025594839378,1.75,0.4202724795640327,0.0156972630204912,0.1749837044620702,2.2222222222222223,1.698326554935525,0.2691328384939099,0.7308671615060902,Spiral,Shear
224,4,0.0682640639332998,0.11072492474456212,0.08795997290648633,6.557377049180328,0.1099300820546503,0.1106425276160432,0.3713941879904531,1.1799410029498525,0.1906018747522021,0.3955444394953953,0.6053649919692929,Rectangular,Flexure
151,0,0.03338908383410273,0.062415892166350476,0.056007618854315024,2.0,0.0620035612233917,0.0967764362934645,0.5991211550533584,1.4705882352941178,0.5159503116463756,0.542588665911399,0.457411334088601,Rectangular,Flexure
34,4,0.04251271056373107,0.1355042655894582,0.12672109672643567,2.0,0.3285013187775414,0.0502182009626502,0.153010033444816,1.5151515151515151,0.9850778241218324,0.34743243356221026,0.6525675664377897,Rectangular,Flexure-Shear
273,3,0.04079947436451286,0.07803691942915121,0.0660692147971192,2.0,0.4859661016949153,0.0222840089072428,0.0,2.2222222222222223,1.62810669260053,0.24826408179907916,0.7517359182009208,Spiral,Shear
228,5,0.033597241355681685,0.057420017384392674,0.054433354875437705,2.25,0.3281900772094588,0.0654586852215736,0.0849614294019224,2.0158730158730163,0.8061712829162269,0.4696572204210652,0.5303427795789347,Rectangular,Flexure
167,3,0.0377940106303823,0.1337047391221525,0.12446528560749819,4.7,0.2613471694280612,0.1340209366007515,0.1995198079231692,1.3333333333333333,0.2656232507328804,0.4424690717986107,0.5575309282013893,Rectangular,Flexure
274,4,0.07240223868618455,0.19740258458127985,0.21038764118508807,2.0,0.4995121951219512,0.0610804425332092,0.1999141358349417,0.8333333333333334,0.9680726335871248,0.4879822463036091,0.5121547728416226,Spiral,Flexure-Shear
44,5,0.06434799829802386,0.42461342181060885,0.4147941281070631,2.0,0.3579802255346166,0.2763491834554928,0.8997334123222749,1.3333333333333333,0.3251456110414734,0.4242331521197215,0.5757668478802785,Rectangular,Flexure-Shear
2,2,0.048539224801290935,0.09087466451256652,0.07400113585036056,2.181818181818182,0.1625545605881891,0.0837095781636363,0.2139976843534155,1.0416666666666667,0.523924079239485,0.5278727912310537,0.47395509698181565,Rectangular,Flexure
140,5,0.05231576991689259,0.0946628918260328,0.08942177197917948,3.2222222222222223,0.3645361282337861,0.0098264571851978,0.262077818841628,8.021052631578947,1.425095045132254,0.2715423176198901,0.72845768238011,Rectangular,Shear
59,2,0.03207225808796976,0.07804940967462157,0.07156965351757263,2.5,0.1771998033670012,0.1493699265541105,0.6289381563593932,0.9722222222222222,0.4249249110719393,0.45490038629108276,0.5450996137089172,Rectangular,Flexure
68,5,0.08797318573683162,0.15975316287997152,0.1429794256219363,2.0,0.092643441806449,0.0219037944075412,0.3499095477386935,1.818181818181818,0.9762176536582098,0.3946859072302548,0.6053140927697451,Rectangular,Flexure
269,5,0.09257873177725469,0.08793406715021197,0.0647295108787452,2.5,0.3875555555555555,0.0214675497995302,0.0,1.6666666666666667,1.2634613495159657,0.3009630484775938,0.6990369515224062,Spiral,Flexure-Shear
192,2,0.051682831517302255,0.0876334284783072,0.06716834262670088,3.5,0.3943482713123507,0.102782306270522,0.2098880597014925,1.3756613756613758,0.5461286297716522,0.36956124251740047,0.6304387574825995,Rectangular,Flexure
281,5,0.08639491169662485,0.11593797210942773,0.12806518282260068,2.0,0.240551724137931,0.0220723966609972,0.0,1.6666666666666667,0.8489598591578973,0.3460046836851986,0.6539953163148015,Spiral,Flexure-Shear
212,0,0.05155934914213525,0.12594355065005383,0.10620120360526858,3.2222222222222223,0.5097281045486892,0.0390138960079417,0.1512275565654636,5.347368421052632,1.1648670009183122,0.2657466338836969,0.734333533985024,Rectangular,Flexure-Shear
183,5,0.034851171780177895,0.17795418719825615,0.1740143753601928,3.004926108374384,0.2338711418964994,0.0771880184272449,0.1431876803128545,1.336842105263158,0.5220121565366791,0.4424835995901568,0.5575864967441101,Rectangular,Flexure
316,2,0.060701724775789646,0.18689588912979185,0.18475251295993336,2.0,0.1370886075949367,0.0402103029328457,0.2075863966606189,1.7796610169491522,0.5540116198929973,0.4963021122653703,0.5037113382980791,Spiral,Flexure
101,4,0.03203630414648979,0.23379754764522445,0.24110288526644086,1.498360655737705,0.3767542662236212,0.0122245363569698,0.1035432090665022,5.833333333333333,2.2133958786422734,0.35909842820659255,0.6409015717934076,Rectangular,Shear
300,2,0.08912047811887333,0.14546498864584823,0.11188126395448376,6.221498371335505,0.1215541129471953,0.0162826620878193,0.0947891248821173,2.083333333333333,0.3157237110615077,0.42597029807277453,0.5753827613676744,Spiral,Flexure
219,0,0.051955227458378446,0.07141145558891027,0.045123091318915697,6.557377049180328,0.1130376979162133,0.0344163403111726,0.2640687436957026,1.91740412979351,0.379560746716228,0.4150924089886477,0.5849075910113524,Rectangular,Flexure
394,5,0.044684683637871404,0.08243295534489253,0.0629264349181675,5.999015748031496,0.2441301603163874,0.0089631860669541,0.1869728508666061,3.307291666666666,0.6461033519553142,0.4927330991042237,0.5077451177725291,Spiral,Flexure
55,2,0.04549532828556778,0.13562955613828562,0.1399007051286784,1.25,0.3222606488835563,0.0163848243082742,0.4451926674148896,2.6791666666666667,2.070953323625844,0.4199808515586856,0.5800191484413144,Rectangular,Shear
5,0,0.04002115408259523,0.055067037239124324,0.04247039703586773,4.0,0.2728393348643067,0.1533523193616712,0.3800317796610169,1.3888888888888888,0.3176669416831,0.49854943740876795,0.5014505625912321,Rectangular,Flexure
320,1,0.09425018291873548,0.1680810690809782,0.1841585302421495,1.090909090909091,0.5162314049586776,0.0262751385572964,0.0,2.7777777777777777,2.934593692473316,0.3433365375767862,0.6566634624232138,Spiral,Shear
203,0,0.04484476733954761,0.0819432411395129,0.0725257421462252,3.916666666666666,0.126986024584079,0.064019931588114,0.0,1.3229166666666663,0.2216904579615003,0.3533168920532587,0.6509822595676421,Rectangular,Flexure
346,3,0.035122174986702684,0.13439398079697104,0.1338305526462909,4.498360655737705,0.3147363055908219,0.064904999513634,0.0943935756784077,0.7916666666666666,0.3591616971926681,0.4823263994746849,0.5176736005253151,Spiral,Flexure
184,2,0.04826040521343477,0.20090275057738763,0.19550719041138998,3.004926108374384,0.2342701713145108,0.0763754601914743,0.1431876803128545,1.3543859649122807,0.5263526554590484,0.45427464881466356,0.5459375272618975,Rectangular,Flexure
393,3,0.04735842514553841,0.11842090979624068,0.11064002536642385,4.0,0.1858771686293372,0.0271121384510969,0.0602358454613318,1.653645833333333,0.4710391434239153,0.34173325714428354,0.6582667428557164,Spiral,Flexure
215,2,0.06128612793531747,0.18049187842782904,0.1779234330969585,6.557377049180328,0.1253585566287307,0.0788459484654048,0.1396077719646652,0.8849557522123892,0.1852231555536475,0.5635624278652563,0.436719758741016,Rectangular,Flexure
412,5,0.03531797199578741,0.14750079313842895,0.1493099882384436,2.578248031496063,0.1517809851694915,0.0240772234034443,0.0,2.351851851851852,0.4583490248515089,0.5228471675225672,0.47740342089384896,Spiral,Flexure-Shear
97,5,0.04830815852672408,0.1535698821762117,0.15428932291552286,5.495081967213115,0.1865842841646672,0.0429284530899591,0.2707732248888257,2.2280701754385963,0.4259538041626897,0.47443524542521265,0.5255647545747874,Rectangular,Flexure
81,3,0.034954897724409566,0.14260798604714836,0.14588455640253206,2.8721311475409834,0.3611237456995292,0.0331614479151539,0.0712590903488228,3.35978835978836,1.0930896313803085,0.45288224047383674,0.5471177595261633,Rectangular,Flexure-Shear
311,2,0.06930539749296748,0.11672139458213233,0.09490031849769265,3.0,0.3582622950819672,0.1212577512007293,0.100189341225062,0.4838709677419354,0.3429884575496945,0.3840848159863657,0.6159151840136343,Spiral,Flexure
96,3,0.05222456506397803,0.09042190539102087,0.07295686093404742,5.495081967213115,0.1913993624656909,0.0735869484928307,0.277760921014989,1.3333333333333333,0.3153005960815045,0.5033511930579693,0.4980666624553784,Rectangular,Flexure
78,1,0.04984732788484379,0.1524313381069424,0.15039444899826301,2.8721311475409834,0.3611237456995292,0.0331614479151539,0.1142713340728871,3.35978835978836,1.0992997381814311,0.4748226315675921,0.5251773684324078,Rectangular,Flexure-Shear
243,0,0.044600538314267496,0.07525066197333698,0.051613109797556976,2.5,0.2982027419539741,0.0648371249783425,0.3,1.6666666666666667,0.7993310527353875,0.4284241184343677,0.5715758815656323,Rectangular,Flexure
310,0,0.06243788774624282,0.08680219703769809,0.06229503059431114,6.0,0.3441574803149606,0.0613130043400603,0.0962448789721067,0.8641975308641974,0.2977465407273655,0.3458860814581174,0.6541139185418826,Spiral,Flexure
404,5,0.09774148702858183,0.16655789095666598,0.17407552103310636,5.333333333333333,0.3426144712371728,0.0516856051006167,0.041195255607312,1.336842105263158,0.3686141345804258,0.5342123556279685,0.4657876443720315,Spiral,Flexure
239,5,0.03878341009137903,0.06746543049234847,0.056531353494875466,2.25,0.3169056046406522,0.0842036067725408,0.0820401195084465,1.5132275132275137,0.6739620395317363,0.4072880434968116,0.5927119565031884,Rectangular,Flexure
80,1,0.06129455073215645,0.14122906532380886,0.14288614714078243,2.8721311475409834,0.3611237456995292,0.0331614479151539,0.0712590903488228,3.35978835978836,1.0930896313803085,0.43480408382924535,0.5651959161707546,Rectangular,Shear
307,3,0.06123744281207861,0.08804664129104046,0.058067645789500244,3.006578947368421,0.2770698269909468,0.0885409955126088,0.0714971670003689,0.4712041884816753,0.3528457468796157,0.4906271447298055,0.5110170287910036,Spiral,Flexure
79,2,0.029214903959061917,0.14254837838291118,0.1428663148351975,2.8721311475409834,0.3611237456995292,0.0331614479151539,0.1142713340728871,3.35978835978836,1.0992997381814311,0.45386664614859085,0.546133353851409,Rectangular,Flexure-Shear
242,1,0.0480093060561381,0.110127281772342,0.10433316078345227,2.25,0.3030138521084592,0.0805124897633335,0.0784438402971174,1.5132275132275137,0.6706621734965332,0.4182984665040916,0.5817015334959084,Rectangular,Flexure
54,3,0.04675870020311045,0.17273412832485763,0.17630678606610473,1.25,0.3344214280867094,0.0170031195651902,0.1844087273856666,2.6791666666666667,2.2534107849112868,0.41609731024214675,0.5839026897578533,Rectangular,Shear
275,1,0.028271652635820196,0.13782660557029194,0.13662554949145314,2.5,0.4794648829431438,0.0586290535352208,0.1998751877291194,0.8333333333333334,0.8566921589593827,0.4948655579543193,0.5060267847321692,Spiral,Flexure
330,3,0.0531122738770488,0.11703478432516912,0.11282427597920908,1.090909090909091,0.4874578512396694,0.0496212452754188,0.2373631775579981,1.3888888888888888,1.9414643374532217,0.3672497078365016,0.6327502921634983,Spiral,Shear
367,3,0.04007222250746852,0.13233131481399596,0.12235483447218702,8.0,0.4330534381299408,0.0301588581406785,0.2712924636494057,1.3281249999999998,0.4633707614260111,0.46607794152217874,0.5339220584778213,Spiral,Flexure
19,3,0.0522500098818752,0.07273504377641528,0.04639144585129697,4.0,0.2908427573831176,0.137920212638798,0.199951171875,1.1111111111111112,0.3201972645977145,0.5186313831282059,0.4813686168717942,Rectangular,Flexure
58,4,0.05117438352403376,0.06472445051175953,0.0328412694977486,2.5,0.1771998033670012,0.0619122603563926,0.6289381563593932,0.9722222222222222,0.7103550446199894,0.45234342445378733,0.5476565755462127,Rectangular,Flexure
326,0,0.04241195483428345,0.17989016819778975,0.1891935230139293,1.090909090909091,0.6499438016528926,0.0496212452754188,0.118681588778999,1.3888888888888888,2.498800695654154,0.4034858563459831,0.5965141436540168,Spiral,Shear
185,0,0.03752289206807252,0.17427549651685062,0.17773916816903176,3.004926108374384,0.2895014983023511,0.1235664780549205,0.3624058628479151,1.336842105263158,0.487020578578339,0.4924923053246597,0.5075076946753402,Rectangular,Flexure
166,5,0.059688845944162926,0.09036969330477534,0.06116646646205961,4.7,0.2613471694280612,0.1340209366007515,0.4278511404561825,1.3333333333333333,0.3052704198528541,0.4568413754199791,0.5433206932857291,Rectangular,Flexure
408,4,0.050837815499635175,0.1194549596080073,0.1126968775429529,4.5625,0.1472067636986301,0.0466297841721397,0.0,1.1777777777777778,0.1926270748429406,0.37722549752612977,0.6227745024738702,Spiral,Flexure
222,1,0.06034357204781061,0.11785443618437347,0.0997270844418489,6.557377049180328,0.1048966533891443,0.0747353491454496,0.4134537862030472,0.8849557522123892,0.2588162222221008,0.4065577563104683,0.5934422436895317,Rectangular,Flexure
392,3,0.040822487547779285,0.11408441780680921,0.10294737680220536,4.0,0.1858771686293372,0.0541390186051779,0.1204716909226637,0.8281249999999999,0.3372935707327432,0.3426485985797318,0.6573514014202682,Spiral,Flexure
170,0,0.07020221959605469,0.0881794224910318,0.04202582915896462,4.7,0.3221984071085403,0.1786945821343354,0.4561824729891957,1.3333333333333333,0.2733674914912262,0.4560078082485411,0.543992191751459,Rectangular,Flexure
23,3,0.03647462735973682,0.10539911080471462,0.10141099983373861,3.0,0.199010807353436,0.0759434587747945,0.1,1.5277777777777777,0.4246670963405309,0.5135755592651209,0.4864244407348792,Rectangular,Flexure
62,3,0.06156915583616906,0.08906942419665219,0.06553081645709012,2.5,0.1311400962741969,0.0458193498492474,0.4229274611398964,0.9722222222222222,0.8003933063062444,0.44025805418199127,0.5597419458180087,Rectangular,Flexure
218,1,0.0699974140695837,0.1111766635810113,0.10032750166408605,6.557377049180328,0.1221849222836996,0.0354691608481178,0.1360733979908762,1.91740412979351,0.3190912240364358,0.5182386139823093,0.4820029540770112,Rectangular,Flexure
127,4,0.052584274826530275,0.1256942971001125,0.11742032034030353,4.5600000000000005,0.3242123618504666,0.0432283149133955,0.3,2.083333333333333,0.7868914435733787,0.5332270131805803,0.4678943439328047,Rectangular,Flexure
238,3,0.04810014445026881,0.05926447138671139,0.03739514409976368,2.25,0.3038463077461198,0.0606032332957975,0.1579101143550272,2.0158730158730163,0.8362216298696364,0.4450558360868404,0.5549441639131597,Rectangular,Flexure
234,5,0.03324662392493685,0.055730030966754114,0.04274720167041362,2.25,0.4036498394875461,0.1072520392832728,0.1044963566001746,1.5132275132275137,0.6903085574650586,0.41555676939529573,0.5844432306047043,Rectangular,Flexure
107,2,0.038554378967019236,0.060688745574196595,0.04310572278597092,2.857142857142857,0.3755747632594899,0.0966717937371908,0.1313125786507632,1.692708333333333,0.626030019995597,0.42944458144320713,0.5705554185567928,Rectangular,Flexure
384,5,0.045816495500064204,0.09619152819586026,0.08261110024819401,6.58,0.1525532444444444,0.0374406634874422,0.4187543391573424,1.4749262536873151,0.3415886057778702,0.5019900105135311,0.498848564931492,Spiral,Flexure
146,1,0.04113792488870204,0.10364476907506773,0.0866264889542518,2.0,0.2384161954674675,0.1055673753920099,0.1996648730139565,0.913978494623656,0.6246738967102624,0.4471350483729988,0.5528649516270012,Rectangular,Flexure
279,1,0.0626187470941364,0.13831545520074653,0.13019769175143137,2.0,0.3854143646408839,0.0424375361216963,0.1000214076060944,0.8333333333333334,0.985548691488518,0.4137988995922362,0.5862047725394529,Spiral,Flexure-Shear
296,5,0.0344345463227049,0.10860010333773541,0.10000986467128523,2.0,0.3562105263157895,0.0516709318024637,0.1899388597162487,1.0,0.8646993989316731,0.44391860994351207,0.556081390056488,Spiral,Flexure
150,0,0.0503638642995073,0.17283260304602924,0.17123097435629597,2.0,0.1460085905369636,0.0388969081265255,0.1924887570705374,1.3281249999999998,0.8374140074196855,0.46701128682014487,0.5329887131798552,Rectangular,Flexure-Shear
3,0,0.03825258200413956,0.05748100597449296,0.038214501671323925,2.181818181818182,0.3144747106706088,0.1056984444198435,0.4200200818722484,1.25,0.6398198520675843,0.502205695504117,0.4987557285239992,Rectangular,Flexure
336,0,0.0462005155791656,0.11844289874781905,0.12179594950328877,1.6363636363636362,0.4726153846153846,0.0334810293990968,0.116018860825624,2.083333333333333,1.5363064295762687,0.39436480791883793,0.6056351920811621,Spiral,Shear
199,2,0.05162724775696453,0.1803303125811196,0.17661412580628283,2.6666666666666665,0.3723000177534428,0.0174193945518567,0.0,7.129824561403509,1.3707361135766254,0.3459252050147734,0.6546944819429054,Rectangular,Shear
241,3,0.04091259503397071,0.1080287008874979,0.09942994823352941,2.25,0.3030138521084592,0.0805124897633335,0.0784438402971174,1.5132275132275137,0.6706621734965332,0.41821185722521687,0.5817881427747831,Rectangular,Flexure
325,2,0.05184735949013549,0.1601709874847739,0.16693081615936434,1.090909090909091,0.4734861293888509,0.0688556861192118,0.115279887189792,0.9722222222222222,1.606665214450584,0.42292710856866295,0.5770728914313371,Spiral,Shear
49,4,0.05467968168421407,0.10727436060757205,0.09028089625459344,3.0,0.2173575308185968,0.0689416314726482,0.1055197132616487,1.5151515151515151,0.476614025346575,0.48361861833521314,0.5163813816647869,Rectangular,Flexure
77,2,0.0656609076386196,0.14038355990705484,0.13585922341827397,2.8721311475409834,0.4648949369924974,0.060918046641502,0.1471079243237167,2.354497354497355,0.9492901343385364,0.4568333239883458,0.5431666760116542,Rectangular,Flexure-Shear
143,4,0.037260127390699775,0.20732344703377828,0.2122875977504756,3.2222222222222223,0.1939254724438144,0.0081936621846362,0.0726988511528028,8.021052631578947,1.0083254760037947,0.3723879392789155,0.6276216126979082,Rectangular,Flexure-Shear
280,0,0.05492594781573894,0.1530031372515651,0.15242014029794962,2.0,0.4076439169139465,0.0227928606469645,0.0,1.6666666666666667,1.406018893088108,0.3883574892605289,0.6116425107394711,Spiral,Flexure-Shear
180,0,0.04058165299523865,0.232858617268782,0.23396704759397444,3.004926108374384,0.1686913008581607,0.0710831422421054,0.2108040209848178,1.3543859649122807,0.5104226432875383,0.5454791786840699,0.45452082131593,Rectangular,Flexure
364,5,0.05706779059518898,0.14139259433841964,0.13948680526761403,1.9912472647702408,0.3490480589717059,0.0493730651036511,0.0848654923315939,1.4035087719298245,0.836812884166106,0.32282856083609107,0.677477805768216,Spiral,Flexure-Shear
194,0,0.04661072652216497,0.11572070441560363,0.11037375177694371,3.5,0.384310315315309,0.0964561764435013,0.1534090909090909,1.4285714285714286,0.5439715662059975,0.42908513533564524,0.5712119336332455,Rectangular,Flexure
332,0,0.042991667658258695,0.16015639657212774,0.16519325674909366,1.6363636363636362,0.4608,0.0326440036641193,0.0,2.083333333333333,1.6170649153132122,0.4104294253044713,0.5906249524078063,Spiral,Flexure-Shear
64,1,0.05439294958555291,0.1624056406074613,0.15923753949480834,1.5,0.2975403315468571,0.1333872229663706,0.2567829457364341,1.9444444444444444,0.7526079372813009,0.39897095554164846,0.6010290444583515,Rectangular,Flexure-Shear
352,5,0.06334252641617248,0.09916641212002249,0.06543141912276078,4.498360655737705,0.2782729531138365,0.0573855178626642,0.0926380853990227,0.7916666666666666,0.3608154540952911,0.34061376844172736,0.6599220504558365,Spiral,Flexure
379,3,0.07401394689325531,0.09624715976288381,0.04411294589777201,3.0,0.2677432121212121,0.0485525062547868,0.0428700183412512,1.1228070175438596,0.5041050008447017,0.43324961217510294,0.5679551253263131,Spiral,Flexure
374,1,0.061151432129703524,0.07466001033852225,0.04237892262415671,3.0,0.3479286155432214,0.0730848949551309,0.0905565245626531,0.6614583333333331,0.5016320326049301,0.43457491567776374,0.5654250843222363,Spiral,Flexure
190,0,0.04286588421956508,0.103533469491079,0.0933691825960583,3.5,0.4177286036035967,0.1088761188952565,0.1111660079051383,1.3756613756613758,0.5119187778069219,0.3871840021162779,0.6128159978837221,Rectangular,Flexure
125,2,0.050840340404973115,0.15175183472773465,0.14389835126521275,4.5600000000000005,0.3242123618504666,0.0432283149133955,0.2,2.083333333333333,0.7609223826520778,0.5099557686468753,0.49178637593564384,Rectangular,Flexure
67,1,0.05194304084889628,0.07308282337074958,0.04031369694263445,2.0,0.092643441806449,0.0610952943185552,0.3499095477386935,1.3333333333333333,0.6677504471434148,0.49707914681892584,0.503092778429528,Rectangular,Flexure
32,2,0.07185767634479402,0.1378867393697084,0.13048986056889264,4.0,0.20693024755868,0.0416846908295117,0.0320060483870967,1.851851851851852,0.4528985576643131,0.5186583741968008,0.4845416924958251,Rectangular,Flexure
149,1,0.04104992281966353,0.1725051408680324,0.1666429861541021,2.0,0.1460085905369636,0.0388969081265255,0.0962443785352687,1.3281249999999998,0.741460410374528,0.4712984718116829,0.5287015281883171,Rectangular,Flexure-Shear
100,2,0.03992348895214644,0.11302300073344315,0.11234456861584274,1.1097560975609757,0.3157000782988364,0.054460996242006,0.2696561127101954,2.4722222222222223,1.817652418872768,0.2430992761104721,0.7569007238895279,Rectangular,Shear
337,1,0.03295878573280186,0.1462982597194092,0.13912063790887938,1.6363636363636362,0.5032627986348123,0.076397473226608,0.1235422681829171,0.9722222222222222,1.0487633365439422,0.4875738626351944,0.5124261373648056,Spiral,Flexure
155,3,0.027615975985752043,0.0781129192504447,0.07241493544055434,2.0,0.0620035612233917,0.1971910684634253,0.3496965892446118,0.9114583333333331,0.2932052623748773,0.5373370468594063,0.46266295314059375,Rectangular,Flexure
335,4,0.03725361345324952,0.1030708487409369,0.0869343500862282,1.6363636363636362,0.4741350482315112,0.0,0.1163919118250633,2.0,2.6253097065065103,0.39188120375374835,0.6081187962462516,Spiral,Shear
398,4,0.05648129010606729,0.1052598452319541,0.08809868537269097,4.698090692124105,0.1385867845521421,0.0438650292272484,0.1028987116985612,0.8466666666666666,0.2855176954456508,0.40162227610316736,0.5983777238968325,Spiral,Flexure
396,3,0.056989599077355145,0.1479081715848355,0.13745132336391644,4.698090692124105,0.1540837093423177,0.0440149831610284,0.0,0.8912280701754386,0.2172556643312284,0.4248614781950648,0.5757696862259184,Spiral,Flexure
306,1,0.05730642359054235,0.10944481381101391,0.10075838608243622,6.0131578947368425,0.2654607560276389,0.040424478291429,0.0685014756456048,0.9329140461215932,0.3249960137095146,0.49047945531020903,0.5095205446897909,Spiral,Flexure
145,0,0.03352900960787365,0.09368674706266206,0.08165797312004636,2.0,0.2384161954674675,0.1055673753920099,0.0997304626188199,0.913978494623656,0.5598902879369332,0.442283180112503,0.5577168198874971,Rectangular,Flexure
169,0,0.0664690045292651,0.0962171499305925,0.0681081878981463,4.7,0.3920207541420919,0.1786945821343354,0.4617046818727491,1.3333333333333333,0.3043874938185217,0.49613642388443463,0.5052103106539341,Rectangular,Flexure
136,3,0.03772072359397044,0.15186745147085645,0.1500797676358771,3.8278688524590168,0.3547213947733016,0.0546170367251115,0.2324374614267423,2.305555555555556,0.7295960902153189,0.5426658485788091,0.45749446761405854,Rectangular,Flexure
175,4,0.024752327068574824,0.12655196223461254,0.12487650701060697,3.004926108374384,0.1622985079540362,0.0535658231327001,0.0495093276968009,1.336842105263158,0.45659162347404,0.422540136834733,0.577459863165267,Rectangular,Flexure
33,5,0.05265119099955979,0.15011486046391082,0.14965967625417384,2.0,0.2318495378349267,0.0469226315244763,0.14296875,1.5151515151515151,0.8042647315190902,0.40984751573093137,0.5901524842690686,Rectangular,Flexure-Shear
322,2,0.03266603609233914,0.1035936213877265,0.0976069128826025,1.090909090909091,0.5198414147835635,0.0,0.1265660299915899,2.0,4.068249664091903,0.3950958603776545,0.6049041396223455,Spiral,Shear
191,1,0.06582533259025619,0.10679610953756928,0.08554306567224539,3.5,0.3899827922941327,0.1016444947619922,0.1556734317343173,1.3756613756613758,0.5297706192504589,0.4173827497665773,0.5828152887854416,Rectangular,Flexure
105,0,0.06737304121194998,0.15879281007488052,0.13848230521777316,2.857142857142857,0.3961074481127173,0.0808182018164862,0.1407459535538353,1.25,0.7347613405349893,0.37661817049329066,0.6239691888577426,Rectangular,Flexure
331,0,0.05230519465658339,0.12622859297275194,0.12164936038359142,1.090909090909091,0.4749988646265149,0.069075672336845,0.2312963870772824,0.9722222222222222,1.6251997920090395,0.4061086499380256,0.5938913500619744,Spiral,Shear
168,2,0.06682686356826768,0.08203907405695406,0.04488436764771848,4.7,0.3920207541420919,0.0893472910671677,0.4617046818727491,2.6666666666666665,0.5021850676314081,0.4224526856315342,0.5775859605424141,Rectangular,Flexure
315,4,0.08058163386180588,0.09609941772698291,0.059136655080789066,1.0,0.1634716981132075,0.1903689830609228,0.2475369862066248,0.6179775280898876,0.4899783196806555,0.3798691545675312,0.6202465689217638,Spiral,Flexure-Shear
24,2,0.03955011252133046,0.08575541984976331,0.07752110184279135,3.0,0.1983908359909642,0.0925306247446441,0.2999922762029814,1.25,0.46631047512654,0.5315689128343721,0.46996655818166205,Rectangular,Flexure
283,3,0.09921056999315042,0.11510636924986493,0.14598368539706832,2.5,0.4067638483965015,0.0223941517143645,0.0999938490854328,1.6666666666666667,1.2243661511164816,0.3047370380314285,0.6953960452448713,Spiral,Flexure-Shear
201,0,0.05056423561195981,0.11444313756013913,0.09676674350619324,3.916666666666666,0.1229309503617101,0.048127705028581,0.0,1.3229166666666663,0.2754795386188717,0.26991464820326894,0.7301623099274478,Rectangular,Flexure
208,4,0.5639661844600001,0.12543231694686213,0.5423495894155596,3.916666666666666,0.1420130578920206,0.1089823385185393,0.2000139832933836,1.3229166666666663,0.2841766447439349,0.41476790402826147,0.5853327617017839,Rectangular,Flexure
128,4,0.046162948565575075,0.15573275527927052,0.16213061792943362,4.5600000000000005,0.3242123618504666,0.0432283149133955,0.3,2.083333333333333,0.7868914435733787,0.5176425948333245,0.48338684124557585,Rectangular,Flexure
353,5,0.05725566623399921,0.10192512042172122,0.09307645413622694,4.498360655737705,0.2808416265271949,0.0579152303352426,0.0934932061873213,0.7916666666666666,0.3610211893121618,0.32638091181405926,0.6736190881859407,Spiral,Flexure
20,1,0.06304989506442556,0.0739082038389865,0.02983357652733428,4.0,0.2908427573831176,0.137920212638798,0.199951171875,1.1111111111111112,0.3201972645977145,0.48269472490198245,0.5173052750980176,Rectangular,Flexure
173,2,0.0388239149333041,0.062230732254197264,0.048551465642070815,4.7,0.4130338227186827,0.0877617316170006,0.4617046818727491,1.91919191919192,0.5235228037703472,0.42650691638033,0.57349308361967,Rectangular,Flexure
186,2,0.025116557656389277,0.16871593916912234,0.16938306163361036,3.004926108374384,0.2900073544936885,0.122203302279735,0.3624058628479151,1.3543859649122807,0.4911993082650706,0.4789591073555289,0.5210408926444712,Rectangular,Flexure
61,1,0.028454113146929763,0.13112847729564026,0.13115348179762146,2.5,0.1311400962741969,0.1105440648159523,0.2538860103626943,0.9722222222222222,0.4237856196418204,0.5165540208065668,0.48344597919343335,Rectangular,Flexure
369,5,0.0704174440614286,0.105864093764384,0.07472266758844606,4.0,0.2230526023552046,0.0649668223262135,0.0722675411254063,0.8281249999999999,0.3004249610560432,0.3449022496083648,0.6550977503916352,Spiral,Flexure
165,4,0.07590894816047057,0.09249952422323761,0.05023839734021073,4.7,0.2613471694280612,0.0670104683003757,0.4278511404561825,2.6666666666666665,0.485270969404303,0.4422102245280647,0.5578000557346278,Rectangular,Flexure
108,0,0.04231773840483221,0.06588892215767762,0.050262159654191806,2.857142857142857,0.3592035556302301,0.092457895035826,0.1255886970172684,1.692708333333333,0.6244439766092185,0.42816592669678866,0.5718340733032115,Rectangular,Flexure
82,5,0.04825076877668856,0.2164238430799933,0.2108246235502426,2.8721311475409834,0.3632861633384486,0.0661987886150566,0.1149555935583535,1.6931216931216932,0.7628170111050468,0.5000969627310426,0.5013281620156835,Rectangular,Flexure-Shear
313,2,0.058745528414921894,0.07422537357869105,0.034845207659576875,6.0,0.375175965665236,0.0668390691089069,0.1049193101240992,0.8641975308641974,0.2993806458761555,0.38129607216342976,0.6187039278365704,Spiral,Flexure
333,1,0.197012245092726,0.1167995699251675,0.26112649895188544,1.6363636363636362,0.4711054313099041,0.0715158455443966,0.0,0.9722222222222222,1.0220362608387008,0.5005968722325979,0.4994073003628245,Spiral,Flexure
305,4,0.06819138522710153,0.09398589442385674,0.06967079419868001,3.75,0.7252189971496247,0.1155658853630965,0.3514200437614614,0.9909909909909907,0.5728223274780351,0.49709477753238046,0.5029216991239671,Spiral,Flexure
112,4,0.05167486228913001,0.17345681186618161,0.16532929829108278,4.5600000000000005,0.0810530904626166,0.0288188766089303,0.2,3.125,0.4785475406271931,0.32581418190096506,0.6741858180990349,Rectangular,Flexure
276,5,0.05451246712335788,0.20762771504908498,0.2055021123636001,2.0,0.4594871794871795,0.0501446519707601,0.1999639028590479,1.6666666666666667,1.0172615127664126,0.4931964163646589,0.5071525329703724,Spiral,Flexure-Shear
237,4,0.023915910945085436,0.03892609029978743,0.03162230533147551,2.25,0.3038463077461198,0.0606032332957975,0.1579101143550272,2.0158730158730163,0.8362216298696364,0.4473037089246255,0.5526962910753744,Rectangular,Flexure
319,5,0.03542875756827533,0.08048900743354016,0.07322376370926036,2.0,0.3532939746835443,0.1254352589562816,0.2075863966606189,0.7865168539325842,0.4980034092301829,0.40647015783502,0.5935545048749261,Spiral,Flexure
282,4,0.05159660390505282,0.1238458599457811,0.11741344476964989,2.0,0.4177245508982036,0.0229975869402007,0.100067479189515,1.6666666666666667,1.336156006400793,0.32306687317931154,0.6770653519261796,Spiral,Shear
344,1,0.051499116330709215,0.139322911483464,0.14167776236611598,1.6363636363636362,0.7801904761904763,0.0552702707540645,0.3830463976465049,2.083333333333333,1.5197989599411117,0.3909356263719363,0.6090643736280638,Spiral,Shear
299,0,0.08957170867902814,0.1154827363090284,0.0661285553875486,6.221498371335505,0.1134087342445483,0.0151915558654397,0.0504858467109986,2.083333333333333,0.2801831817963103,0.42147238469179465,0.5794992390040923,Spiral,Flexure
57,2,0.029583462635120978,0.05489860634272741,0.04870990077884643,2.5,0.1771998033670012,0.1493699265541105,0.3999416569428238,0.9722222222222222,0.4198635096689885,0.4577911083528317,0.5422088916471683,Rectangular,Flexure
221,0,0.0519236441764906,0.11356738250772277,0.10281991229600801,6.557377049180328,0.145549104829664,0.1036988580264688,0.3961170963114327,0.8849557522123892,0.218586913017501,0.4587739980028511,0.5412830800300956,Rectangular,Flexure
368,1,0.07189737897467302,0.1021100604179519,0.07304769992112943,8.0,0.4487600395128919,0.0470554576445095,0.281132086683322,1.3333333333333333,0.3680043873427329,0.5215736488090302,0.4875943015845219,Spiral,Flexure
397,2,0.04544402406273146,0.09848567703967452,0.09212557927324619,4.698090692124105,0.1385867845521421,0.0438650292272484,0.0,0.8466666666666666,0.1979925176808568,0.3327614942606226,0.6672385057393774,Spiral,Flexure
148,2,0.047648668789993756,0.10725925538557575,0.09320585863131137,2.0,0.1460085905369636,0.0932920991836366,0.1924887570705374,0.913978494623656,0.522222778820876,0.4634548065551663,0.5365451934448338,Rectangular,Flexure
387,3,0.07931277560593376,0.09026194197468858,0.047392382487988126,6.58,0.1525532444444444,0.0748813269748844,0.4187543391573424,0.7374631268436577,0.2166850372099689,0.5150122785049851,0.48603397382177166,Spiral,Flexure
1,1,0.05572606158130316,0.07323744464436276,0.047172496182706435,2.181818181818182,0.2913315501450661,0.0917997853321692,0.2597402597402597,1.3333333333333333,0.648662878889607,0.4902815615728179,0.5112286716718136,Rectangular,Flexure
83,3,0.04591183141137711,0.21119430290978902,0.20638600061694862,2.8721311475409834,0.3632861633384486,0.0661987886150566,0.1149555935583535,1.6931216931216932,0.7628170111050468,0.4791809806436007,0.5208190193563993,Rectangular,Flexure-Shear
246,1,0.07314617491953963,0.09551743176585785,0.07536941096435144,2.0,0.1671789982056369,0.1128889111594765,0.5668934240362811,1.3123359580052496,0.5287605946555258,0.47567042644038166,0.5243295735596183,Rectangular,Flexure
303,5,0.09401505546344006,0.11311236853803922,0.08974111803923226,7.5,0.7252189971496247,0.1155658853630965,0.2412019391271849,0.9909909909909907,0.2891096231747155,0.42441309400932065,0.5755869059906793,Spiral,Flexure
334,2,0.047433214737985056,0.15980689663948375,0.17654033580135003,1.090909090909091,0.4711054313099041,0.0333740612540517,0.1156481935386412,2.083333333333333,2.3032579711370857,0.4164199096084087,0.5835800903915912,Spiral,Shear
298,0,0.04104925064288697,0.12398712572262181,0.11376577212803728,2.0,0.4108108108108108,0.0530674434728005,0.3899296105751435,1.0,0.9287197968509692,0.40807812561271767,0.5919218743872823,Spiral,Flexure
6,1,0.04582155752994966,0.07215843239211425,0.061360913097659384,4.0,0.2575603321119055,0.0977384381116824,0.21,1.5,0.3870776191097969,0.4874880684420328,0.5125119315579673,Rectangular,Flexure
118,2,0.04246615504306852,0.0995864786196937,0.10095946100628608,4.5600000000000005,0.0810530904626166,0.0864566298267911,0.3,1.0416666666666667,0.2771842030326142,0.4774762738857464,0.5225237261142537,Rectangular,Flexure
104,5,0.07275363247141235,0.1380284699610943,0.10660596136869599,2.857142857142857,0.3161591558330862,0.0322531355873133,0.0,2.5,1.0323673510773903,0.2721906895776262,0.7278093104223738,Rectangular,Flexure
220,1,0.05155107376112123,0.07991767767098513,0.056813225461386126,6.557377049180328,0.1110559025167279,0.0344646971879723,0.3710381053557547,1.91740412979351,0.4106553964058349,0.4427986366773192,0.5572013633226808,Rectangular,Flexure
318,5,0.07599268718107448,0.18821503649001448,0.20901453450833338,2.0,0.2495707544303797,0.0315914655780284,0.1037931983303094,1.5811965811965814,0.7856197729731355,0.4632979250475615,0.5369880127937563,Spiral,Flexure-Shear
289,0,0.06361883580863663,0.11752410481185288,0.09418206747066234,2.0,0.4319504643962848,0.0363277045237086,0.0,2.2222222222222223,1.1747270513412311,0.31962222244383137,0.6803777775561686,Spiral,Flexure-Shear
119,2,0.06185462057755608,0.07734380128540462,0.051389692199008456,4.5600000000000005,0.0810530904626166,0.0864566298267911,0.2,1.0416666666666667,0.2345321282928151,0.4411902718600824,0.5588097281399177,Rectangular,Flexure
288,3,0.04747946198430507,0.10103603007632017,0.08479694290218184,2.0,0.4515210355987055,0.0179077251142401,0.0,3.6666666666666665,1.669565854845116,0.2943536373857224,0.7056463626142775,Spiral,Shear
172,2,0.03442617185505746,0.08459612583380911,0.07444112242329315,4.7,0.3920207541420919,0.0877617316170006,0.2307322929171668,1.91919191919192,0.4865821391852996,0.4473175123325932,0.5526824876674067,Rectangular,Flexure
21,4,0.05503296372282895,0.07814436274897192,0.056678345908908016,4.0,0.2908427573831176,0.137920212638798,0.199951171875,1.1111111111111112,0.3201972645977145,0.5159374211657682,0.4840625788342317,Rectangular,Flexure
329,4,0.05921309006979673,0.14761142679155598,0.15311618969137816,1.090909090909091,0.5348008799571913,0.0272202874262639,0.2604164358100339,2.7777777777777777,2.531022062264917,0.36410406248264154,0.6358959375173585,Spiral,Shear
95,2,0.04646862101319464,0.14377730059861585,0.1410541457940503,5.495081967213115,0.1831290196430993,0.0442796912618901,0.265758905909403,2.2280701754385963,0.4151514406429186,0.4846511093825285,0.5153488906174715,Rectangular,Flexure
363,5,0.04062960111102279,0.29159566678057186,0.2889409720293513,1.9912472647702408,0.6936803965681287,0.1529045388628064,0.1480568822484718,0.5905511811023623,0.715319910010955,0.397238816119101,0.6027611838808989,Spiral,Flexure-Shear
102,4,0.05242648215396572,0.07651796918815845,0.05307089406518885,3.00218818380744,0.2168137751045223,0.1067390101346243,0.2059025637147512,1.3385826771653546,0.418819547804882,0.4621064775025436,0.5378935224974564,Rectangular,Flexure
266,5,0.04462292288622285,0.09310999284514694,0.0766180410706389,2.0,0.2418215384615384,0.1049833852724085,0.7367377536629959,0.5729166666666666,0.4392805725864854,0.5139876432874161,0.48601235671258386,Spiral,Flexure
226,4,0.074161671558684,0.1409529376821707,0.12337393211961845,6.557377049180328,0.1047048861983049,0.0837958240950657,0.506046270316161,0.8849557522123892,0.2463802441743374,0.42030221144953955,0.5796977885504604,Rectangular,Flexure
270,1,0.03747011538108032,0.16239099980535227,0.16684077087379745,2.0,0.4559477124183006,0.0245777203043764,0.0,2.75,1.4809772199367044,0.4207388261201187,0.5792611738798813,Spiral,Shear
174,4,0.07085738606995293,0.09310018269306168,0.055270934277025216,4.7,0.4130338227186827,0.1786945821343354,0.4617046818727491,1.3333333333333333,0.3136615879381742,0.4781987471552839,0.5240139129285271,Rectangular,Flexure
314,4,0.05166847398959971,0.12125793571760883,0.10937617983408515,1.5,0.0888074626415094,0.1333436553996239,0.1414497064037856,0.9363295880149812,0.2674987814728254,0.4406337256706827,0.55972534136747,Spiral,Flexure
355,1,0.06313026106811588,0.09116314795684963,0.07989663745801114,4.498360655737705,0.3380501060049569,0.0697127772553846,0.1013856923953268,0.7916666666666666,0.3605814858759095,0.3030838910632844,0.6981581333513598,Spiral,Flexure
365,3,0.030156477320171775,0.10231824650610193,0.09414033321429835,1.9912472647702408,0.720349014975276,0.1720176062206572,0.3333892619100884,0.5249343832020998,0.6811417752409096,0.4124646188391124,0.5875353811608875,Spiral,Flexure
295,5,0.07599876923294471,0.08483879384221933,0.03905440014555673,4.0,0.2333538461538461,0.0597086323050691,0.738642171785463,0.95,0.4121736351922188,0.4800626329334253,0.5199373670665747,Spiral,Flexure
60,1,0.05222034815848819,0.08306184137884356,0.06659391828374076,2.5,0.1311400962741969,0.0458193498492474,0.2538860103626943,0.9722222222222222,0.7361143191322704,0.5444136682270856,0.45565382398799154,Rectangular,Flexure
144,1,0.05755886289435498,0.09852015261453871,0.0731440546969049,3.2222222222222223,0.3945567505589216,0.0271210218311461,0.2836606980403503,5.347368421052632,1.145922848537989,0.39938378888759773,0.6006162111124023,Rectangular,Flexure-Shear
17,5,0.06506227144711996,0.0746410170058407,0.03255832692210508,4.0,0.1786937901361874,0.1674710545336712,0.7,0.7222222222222222,0.2569309458093186,0.48011904068497285,0.5198809593150271,Rectangular,Flexure
27,2,0.03530297912285401,0.17399262645723262,0.17272071075893383,1.5,0.1297515587048026,0.1396953113777115,0.3332038834951456,0.9696969696969696,0.5047089002602484,0.5867967631956421,0.4132939058243765,Rectangular,Flexure
114,4,0.0525750319620865,0.10674812592329297,0.08272499366892419,4.5600000000000005,0.0810530904626166,0.0432283149133955,0.3,2.083333333333333,0.4378615678539381,0.459571551135784,0.5409824480100883,Rectangular,Flexure
10,0,0.05010852622085988,0.11540558983084488,0.10509151554289475,4.0,0.1681380388201257,0.0191754126063525,0.3,2.611111111111111,0.8301052803842227,0.48374584098546136,0.5162541590145385,Rectangular,Flexure
293,2,0.07777727153531772,0.08353336109790276,0.02505514608734868,4.0,0.3195259259259259,0.0903692701588175,0.6130412622798932,1.25,0.3761674710296161,0.5149268041719232,0.48507319582807673,Spiral,Flexure
359,3,0.08072802133735912,0.10737570430435049,0.07911299741261846,6.0,0.2932552861349178,0.0410696419055504,0.1481933204537532,1.0,0.3835846773122155,0.4589770301202995,0.5420069701626188,Spiral,Flexure
375,5,0.0663201866411474,0.09117095073922599,0.08751596819561151,8.0,0.3479286155432214,0.0730848949551309,0.0905565245626531,0.6614583333333331,0.202285045352344,0.44428861551449167,0.5557113844855082,Spiral,Flexure
26,4,0.03225978972488869,0.11531933739195514,0.1052898958751116,2.973333333333333,0.3027140579221095,0.1202184735237544,0.1000619578686493,1.1111111111111112,0.4134315904828285,0.5187775215073833,0.48154459196825766,Rectangular,Flexure
285,4,0.04593250254994965,0.10920054588701097,0.08570910382058457,1.5,0.4055813953488372,0.0167467893270938,0.0999344991507249,2.2222222222222223,1.9320912066252085,0.3076784205718542,0.6923215794281459,Spiral,Shear
294,4,0.0561912089030128,0.080642859922956,0.053016833504125845,4.0,0.2275199999999999,0.0278255349317953,0.527598636349633,1.75,0.6682423237992285,0.46781792101664493,0.532182078983355,Spiral,Flexure
152,2,0.043422415063106866,0.061318839358211474,0.04613541640001299,2.0,0.0620035612233917,0.1533708310271086,0.5991211550533584,1.1718749999999998,0.3889716676777381,0.5264188945931678,0.4735811054068323,Rectangular,Flexure
76,2,0.07493198978890148,0.1536417761447438,0.1467746693185919,2.8721311475409834,0.4648949369924974,0.060918046641502,0.1471079243237167,2.354497354497355,0.9492901343385364,0.4449870387673002,0.5550129612326998,Rectangular,Flexure-Shear
11,2,0.05040015780370275,0.09317013738452784,0.07689395174915381,4.0,0.2344538404375138,0.1105359379490836,0.2230565371024735,1.95,0.3428120328803654,0.4641457052789461,0.535854294721054,Rectangular,Flexure
56,0,0.033247739124898805,0.05065827864236606,0.03682860664074408,2.5,0.1771998033670012,0.0619122603563926,0.3999416569428238,0.9722222222222222,0.7321473083720326,0.5162447672864829,0.4841376873189272,Rectangular,Flexure
401,1,0.046036355596095875,0.07676093339574704,0.05458216064371958,4.698090692124105,0.163271043034654,0.0438650292272484,0.1028987116985612,0.8466666666666666,0.3159222419092595,0.36000424558755006,0.6400867379231172,Spiral,Flexure
304,1,0.057150289792780605,0.08234344625787465,0.0640617642079284,3.75,0.7252189971496247,0.1155658853630965,0.2412019391271849,0.9909909909909907,0.570570012718192,0.491301222065704,0.508698777934296,Spiral,Flexure
312,3,0.05830379989253748,0.06628769853918338,0.04345453117664584,3.0,0.3597366255144033,0.1217567542920903,0.2003649390562659,0.4838709677419354,0.3737755729378513,0.4119640641703459,0.5880359358296541,Spiral,Flexure
113,5,0.03999150219882273,0.08925538236104653,0.0742712576614912,4.5600000000000005,0.0810530904626166,0.0432283149133955,0.2,2.083333333333333,0.3797668651711147,0.3408079373296652,0.6591920626703348,Rectangular,Flexure
179,3,0.04556806187581966,0.18880476300578333,0.18732329113105337,3.004926108374384,0.1683970547377035,0.0718760734945415,0.2108040209848178,1.336842105263158,0.5063099927134541,0.530523171948561,0.46948951879914463,Rectangular,Flexure
386,5,0.08337073086161982,0.09628170631829618,0.05497645104532433,6.58,0.1525532444444444,0.0785398163397448,0.4187543391573424,1.1111111111111112,0.2092100197404387,0.516326717141129,0.48426975295262814,Spiral,Flexure
354,0,0.06548858427396805,0.08563254912599512,0.05639711632872344,4.498360655737705,0.3380501060049569,0.0697127772553846,0.1013856923953268,0.7916666666666666,0.3605814858759095,0.3381627290216282,0.6618372709783718,Spiral,Flexure
328,0,0.03205684736914912,0.05411841791053469,0.0380319615861545,1.090909090909091,0.5180301206553979,0.0,0.2522500667428203,2.0,3.5851316547384924,0.34690618842293747,0.6530938115770625,Spiral,Shear
338,0,0.02977315978719008,0.17630337019453285,0.17122134238122727,2.181818181818182,0.4834622950819672,0.0342494464672728,0.118681588778999,2.083333333333333,1.215604912243873,0.5066607685641126,0.4933392314358874,Spiral,Flexure
277,2,0.0607246776863774,0.13021233719789957,0.10669893221061298,2.0,0.4794648829431438,0.0293145267676104,0.1998751877291194,1.6666666666666667,1.2932679600492083,0.24886617087667454,0.7511338291233254,Spiral,Flexure-Shear
51,1,0.0480161871338971,0.08337905719314981,0.0713602856358538,3.0,0.2445272221709214,0.0539543202829421,0.1187096774193548,1.5151515151515151,0.597758465289246,0.2540661815932025,0.7460452269422451,Rectangular,Flexure
373,4,0.05424762951608694,0.07149010540000286,0.043719207643320726,4.0,0.4461052047104093,0.0649668223262135,0.0722675411254063,0.8281249999999999,0.5317759914540684,0.33679949654569963,0.6632005034543004,Spiral,Flexure
142,5,0.028828193043169803,0.06384428028611393,0.05912212949836531,3.2222222222222223,0.374022198485223,0.0100821642494967,0.0894547201917387,8.021052631578947,1.5239557303264712,0.19115167957524515,0.8088483204247549,Rectangular,Shear
271,2,0.05414734108061509,0.08062771990462171,0.08808284834396281,2.0,0.4486173633440514,0.0372748453110814,0.0,1.1111111111111112,1.1927604459132382,0.3515295489175735,0.6484704510824264,Spiral,Flexure-Shear
416,3,0.05124160029089073,0.09592015355064319,0.08618802988764553,2.0,0.1908345683678547,0.0039034513632485,0.0020645407395238,3.455782312925169,0.9893647715066765,0.30520473729907843,0.6947952627009215,Spiral,Shear
163,4,0.050122960070970994,0.10392595143329839,0.0683270056650842,6.039344262295082,0.1143154929601453,0.0631970938082168,0.4500160720025715,1.3864306784660765,0.3246690681481317,0.4316470262820025,0.5692282192997542,Rectangular,Flexure
66,4,0.06567284029813505,0.10013406957310149,0.0730899383669894,2.0,0.092643441806449,0.0407301962123701,0.3499095477386935,2.0,0.7989298367630033,0.4647279610907291,0.5361672239627825,Rectangular,Flexure
362,4,0.04875494663093795,0.12211703734161626,0.1190392562184456,1.9912472647702408,0.2626828632145348,0.0564512835917607,0.1500905091769369,1.0526315789473684,0.666840692454253,0.41636607784628415,0.5836339221537159,Spiral,Flexure
16,0,0.07689895049277952,0.0881571706384396,0.03480406331362098,4.0,0.1832756821909614,0.0622669313159055,0.7,1.6041666666666667,0.4898662098732854,0.4390113215126942,0.5609886784873057,Rectangular,Flexure
291,0,0.048351923113682346,0.14276047200975145,0.138301383840625,1.5,0.2887804878048781,0.0,0.0,2.0,2.303491406410322,0.2960753243242669,0.703924675675733,Spiral,Shear
356,1,0.06759556034638779,0.08103357521232318,0.05647864209764547,4.498360655737705,0.3380501060049569,0.0697127772553846,0.1013856923953268,0.7916666666666666,0.3605814858759095,0.30996379879249947,0.6900362012075005,Spiral,Flexure
139,4,0.036665692891200224,0.1792037857116001,0.16868777970663829,3.2222222222222223,0.251722868152559,0.0106356948357435,0.2836606980403503,8.021052631578947,1.10201696523192,0.37515378833259494,0.6248462116674052,Rectangular,Flexure-Shear
301,2,0.0678982528685489,0.14218671001836614,0.12391254953629496,2.931596091205212,0.1225698854787875,0.0164187289019237,0.0545640905957311,2.083333333333333,0.5053963870467643,0.4613335332199152,0.5410939500497621,Spiral,Flexure-Shear
141,3,0.07099783563242633,0.10079980662720313,0.08022980618355043,3.2222222222222223,0.3645361282337861,0.0250574658222545,0.262077818841628,5.347368421052632,1.1392106467999783,0.37120038231665237,0.6287996176833477,Rectangular,Shear
272,4,0.0271096681417948,0.05895658546871535,0.05622950054064798,1.5,0.4635215946843853,0.025675474843292,0.0,1.6666666666666667,1.959991531834249,0.3110570929141938,0.6889429070858062,Spiral,Shear
7,2,0.05127407566868035,0.1016789255452231,0.08638130962378238,4.0,0.1446348721033339,0.0354417751862286,0.1,2.023809523809524,0.4865796836601485,0.49548802637240147,0.5045119736275986,Rectangular,Flexure
343,2,0.029061481794542814,0.18294669359992,0.1756354638247746,2.181818181818182,0.4772038834951457,0.0338060879369521,0.2342905150653379,2.083333333333333,1.183978597722823,0.5089763387388873,0.4910236612611128,Spiral,Flexure
50,3,0.06528936103718459,0.11798396831164408,0.1042214716448895,3.0,0.2173575308185968,0.0689416314726482,0.1055197132616487,1.5151515151515151,0.476614025346575,0.5042123894160582,0.5020486630150809,Rectangular,Flexure
115,3,0.07314451392370407,0.11660065433106293,0.08986244544543891,4.5600000000000005,0.0810530904626166,0.0432283149133955,0.3,2.083333333333333,0.4378615678539381,0.455413763542875,0.544586236457125,Rectangular,Flexure
31,5,0.03858563636753481,0.09318479369595281,0.0837430741831083,4.0,0.20693024755868,0.0416846908295117,0.0320060483870967,1.851851851851852,0.4528985576643131,0.5343807472556484,0.46561925274435145,Rectangular,Flexure
45,3,0.0631176915534288,0.09545832821621106,0.07523085978717262,3.0,0.2622702346798754,0.1190965639483435,0.7012261284722222,1.3333333333333333,0.4437507760041941,0.522629701287103,0.482296850197978,Rectangular,Flexure-Shear
399,3,0.05353974549508827,0.10009031125750777,0.08318066120921899,4.698090692124105,0.1586245943791223,0.0438650292272484,0.1028987116985612,0.8466666666666666,0.3101990331631684,0.37514837046286337,0.6248516295371366,Spiral,Flexure
177,5,0.03595801952922518,0.13649396225200303,0.13402266805903623,3.004926108374384,0.1626844702849495,0.0694377996149332,0.1020053828777415,1.336842105263158,0.4299826822788952,0.49993816471547775,0.5000618352845222,Rectangular,Flexure
25,4,0.03557986276539347,0.06949016574083011,0.05387298358618698,3.0,0.1983908359909642,0.0925306247446441,0.2999922762029814,1.25,0.46631047512654,0.5613595324645908,0.43864046753540914,Rectangular,Flexure
197,4,0.06704105451789456,0.21524055508412354,0.2076557393641857,3.600393700787402,0.0,0.0,0.1199842612997491,1.25,0.5958602917261285,0.45503175440220117,0.5449682455977988,Rectangular,Flexure
178,3,0.03613188826878348,0.13762448073833744,0.12978845709561493,3.004926108374384,0.1629687346048603,0.0686717672102935,0.1020053828777415,1.3543859649122807,0.4338326201985894,0.506347831552184,0.4936521684478161,Rectangular,Flexure
415,1,0.04727922977546551,0.08544607954854393,0.07479895130283726,2.0,0.2304917506290236,0.0045443165124386,0.0024034951892964,3.455782312925169,1.0965927247136331,0.32056501540716886,0.6794349845928311,Spiral,Shear
181,4,0.028504494612318746,0.09325022255787095,0.08722847055685692,3.004926108374384,0.291029210694448,0.124218543902176,0.0,1.336842105263158,0.3401808241119036,0.38675820649211606,0.6132417935078839,Rectangular,Flexure
120,1,0.051849313755990015,0.0842132110319928,0.06517804747196346,4.5600000000000005,0.0810530904626166,0.0864566298267911,0.3,1.0416666666666667,0.2771842030326142,0.4659383755961323,0.5340616244038676,Rectangular,Flexure
176,2,0.03269800111079889,0.128578519196238,0.12035288561847475,3.004926108374384,0.1622985079540362,0.0535658231327001,0.0495093276968009,1.336842105263158,0.45659162347404,0.43457789220372217,0.5654221077962779,Rectangular,Flexure
46,0,0.08733150014621346,0.10065140516567732,0.05764631316390847,3.0,0.2622702346798754,0.1190965639483435,0.7012261284722222,1.3333333333333333,0.4437507760041941,0.4388697485390913,0.5611302514609088,Rectangular,Flexure-Shear
4,3,0.03503927914870543,0.05933065380177119,0.0486751740573214,2.181818181818182,0.2863727152489799,0.1659730037840862,0.5999648320731493,0.8611111111111112,0.4673636988438908,0.46816731427686187,0.531832685723138,Rectangular,Flexure
116,0,0.049673240222071646,0.10534756879198527,0.10537038569601663,4.5600000000000005,0.0810530904626166,0.0432283149133955,0.2,2.083333333333333,0.3797668651711147,0.395857154818733,0.604142845181267,Rectangular,Flexure
244,5,0.07684861510024214,0.1265596260723376,0.12057746099821971,2.5,0.2982027419539741,0.0648371249783425,0.6,1.6666666666666667,0.7709246005897303,0.5125861785743082,0.48741382142569184,Rectangular,Flexure
225,0,0.07347286308016523,0.12510931397401165,0.12073354215750007,6.557377049180328,0.1096144933023403,0.1447170835265416,0.5297747557185456,0.8112094395280235,0.1656912034910311,0.3770654263989897,0.6229345736010103,Rectangular,Flexure
137,0,0.03577770432814297,0.0906728895393967,0.08451457456820687,3.2222222222222223,0.374022198485223,0.0100821642494967,0.0894547201917387,8.021052631578947,1.5239557303264712,0.22367458259984305,0.7763254174001568,Rectangular,Shear
103,0,0.04277536447282739,0.10777635255537527,0.10278486297654499,3.00218818380744,0.2140899839599931,0.0800197660364509,0.3103875077353259,1.7894736842105263,0.5452513813835986,0.4898655752464138,0.5101344247535863,Rectangular,Flexure
213,4,0.07172495628789702,0.2039126401599623,0.1878740491934058,3.2222222222222223,0.5097281045486892,0.0390138960079417,0.6051369542327173,5.347368421052632,1.0245732611885647,0.4939517617693766,0.5118977730280068,Rectangular,Flexure-Shear
292,0,0.05264232266646789,0.06935753144381697,0.04544644277954518,4.0,0.2670959752321981,0.0419671533245282,0.1367352839256995,2.25,0.5111847310819113,0.48803993875122875,0.5119600612487712,Spiral,Flexure
284,1,0.0647567491550707,0.13173040344384856,0.1304953860718836,1.5,0.3986285714285714,0.0219462686800772,0.100040249943477,1.6666666666666667,1.761817228178305,0.29588726713339203,0.704112732866608,Spiral,Shear
357,2,0.06708706287006902,0.15539609591657508,0.12797353881739365,1.4991803278688525,0.0801031765654393,0.0166563932518195,0.0573716286842055,1.984375,0.5565166020669209,0.3786013236243019,0.6215230903498055,Spiral,Flexure-Shear
12,4,0.04658735649390544,0.10574730246136883,0.09266175102446658,4.0,0.1654624360194923,0.0992072926767892,0.3899625935162095,1.5333333333333334,0.3663062582104558,0.4643931011849069,0.5371149692562065,Rectangular,Flexure
383,3,0.06399049017642418,0.07940246687052886,0.05471024412115365,6.58,0.1525532444444444,0.0518292974672236,0.4187543391573424,1.0416666666666667,0.2796412016605888,0.5096430143410806,0.49048815456178074,Spiral,Flexure
210,5,0.08809400157544471,0.1157651712753326,0.07999664015823212,3.916666666666666,0.1335249210984745,0.0683123010790537,0.1999365429126771,1.984375,0.3961636165757645,0.48680258709344454,0.5141018419976322,Rectangular,Flexure
53,4,0.04558185370942052,0.07363544270284515,0.0531403286829675,3.0,0.2173575308185968,0.0689416314726482,0.1055197132616487,1.5151515151515151,0.476614025346575,0.29641679361260737,0.7038882319271605,Rectangular,Flexure
229,4,0.03160632149152352,0.081160480708389,0.07847884374946162,2.25,0.3445484611202107,0.1374428468515284,0.0891962670045104,1.007936507936508,0.5129290691185904,0.4943350156371022,0.5057081265157427,Rectangular,Flexure
377,5,0.054217952649594774,0.10679387040365441,0.0943350052404328,3.0,0.2734512101910828,0.0334342607418883,0.0450544778745634,1.7017543859649122,0.6425319835986391,0.391939904627234,0.6084174796456765,Spiral,Flexure
154,5,0.04072459694645922,0.09264493108560037,0.09184353675075442,2.0,0.0620035612233917,0.1533708310271086,0.3496965892446118,1.1718749999999998,0.3534259679195131,0.5412483545547241,0.458762177692321,Rectangular,Flexure
69,5,0.08854485262793307,0.13038871401055432,0.11371109619109074,2.0,0.092643441806449,0.0592534895802698,0.3499095477386935,2.0,0.6778157230307,0.4778490491409231,0.5224337512516589,Rectangular,Flexure
360,1,0.08017259467917151,0.12921598030299405,0.11850697332320347,1.9912472647702408,0.2702272796515058,0.0580725998306886,0.3068922873330327,1.0526315789473684,0.7143460152890663,0.39657383572153626,0.603963197735969,Spiral,Flexure
65,5,0.07295007998423518,0.15567604299781215,0.1512970402565063,1.5,0.2975403315468571,0.1333872229663706,0.6162790697674418,1.9444444444444444,0.7587374521546973,0.46613359297497475,0.5339786399840964,Rectangular,Flexure-Shear
403,1,0.06971814385481698,0.15022037727753487,0.1291063374955961,5.333333333333333,0.358330731385667,0.0540565044171587,0.0430849462315006,1.336842105263158,0.3701579875120211,0.5633104015862341,0.43670354492835994,Spiral,Flexure
106,2,0.04184007548778873,0.059068060898382464,0.03209261918321737,2.857142857142857,0.4387811167960234,0.1318346917131431,0.1530612244897959,0.8333333333333334,0.56355573833565,0.3841390035992394,0.6158609964007606,Rectangular,Flexure
29,3,0.046363191043403695,0.11550601441160664,0.10506269970071815,1.5,0.2237958032680615,0.1945917449598534,0.35,0.6060606060606061,0.5190835774856802,0.3683860552599985,0.6316288551775661,Rectangular,Flexure-Shear
63,1,0.0368988160421292,0.11383562455665007,0.10712592037461167,2.5,0.1311400962741969,0.1105440648159523,0.4229274611398964,0.9722222222222222,0.4826730477396071,0.4972676583762975,0.5027323416237025,Rectangular,Flexure
171,1,0.06967158172163981,0.13130571989849765,0.11035264679631573,4.7,0.3920207541420919,0.0877617316170006,0.4617046818727491,1.91919191919192,0.5080437016339787,0.4721211936343301,0.5279334138386654,Rectangular,Flexure
402,1,0.05050796772065091,0.08949789682223683,0.06972263151130409,4.698090692124105,0.1586245943791223,0.0438650292272484,0.1028987116985612,0.8466666666666666,0.3101990331631684,0.38446246007802837,0.6160119616281217,Spiral,Flexure
341,0,0.05091033394743443,0.1472405357749941,0.1621104693287454,1.090909090909091,0.4741350482315112,0.0335886854421807,0.2327838236501267,2.083333333333333,2.2408095158667507,0.3979897989503244,0.6020102010496756,Spiral,Shear
14,5,0.042110326899942825,0.059180156099475946,0.03127118343163298,4.0,0.1786937901361874,0.0285688581935821,0.5,2.6666666666666665,0.7481584131326527,0.47883969378130414,0.5211603062186959,Rectangular,Flexure
22,3,0.06135933022173798,0.12645631566727972,0.13696033291248103,3.0,0.199010807353436,0.0759434587747945,0.1,1.5277777777777777,0.4246670963405309,0.5055776998725227,0.49442230012747723,Rectangular,Flexure
327,1,0.05215219209451383,0.1297239394365366,0.13093985990318596,1.090909090909091,0.3282000985167752,0.0501141715529892,0.1198605449589228,1.3888888888888888,1.427090433257014,0.40740571237865997,0.59259428762134,Spiral,Flexure-Shear
385,3,0.05497064951618945,0.07574204795368787,0.05207358948645295,6.58,0.1525532444444444,0.0785398163397448,0.2093771695786712,1.1111111111111112,0.1734527065755909,0.5105876760022274,0.4894135133461473,Spiral,Flexure
223,3,0.04788371148026346,0.13737465693281256,0.1329834204606408,6.557377049180328,0.1046092652976672,0.1531450577347175,0.4123210361038607,0.8112094395280235,0.1496013067124592,0.4164442826779198,0.5835557173220803,Rectangular,Flexure
126,4,0.0382589872768138,0.1084680451661607,0.09765553376709238,4.5600000000000005,0.3242123618504666,0.0432283149133955,0.2,2.083333333333333,0.7609223826520778,0.48490387655009404,0.5150961234499061,Rectangular,Flexure
18,1,0.050888321047065914,0.07789248719526608,0.06157484172351617,4.0,0.2908427573831176,0.137920212638798,0.199951171875,1.1111111111111112,0.3201972645977145,0.5244549444720281,0.47554505552797194,Rectangular,Flexure
290,4,0.060411217044151,0.10314484445558077,0.07899687989299804,2.0,0.4215105740181268,0.0334349671317232,0.0,1.8333333333333333,1.20504572268205,0.3051434317186844,0.6948565682813156,Spiral,Flexure-Shear
156,2,0.051150691146795074,0.0976560481019241,0.08490025012552026,7.637795275590553,0.1019904935522901,0.0084387754544073,0.339495040428016,6.047619047619048,0.4518303279873847,0.4198611596695713,0.5829188901795476,Rectangular,Flexure
52,0,0.04171322094838319,0.07615432777880163,0.05647830793343082,3.0,0.2173575308185968,0.0689416314726482,0.1055197132616487,1.5151515151515151,0.476614025346575,0.29188459602609296,0.7097294754306526,Rectangular,Flexure
278,3,0.035258007027199556,0.08825922698602406,0.07641791290861874,1.5,0.4878321678321678,0.0540441813135027,0.0998892037936895,0.8333333333333334,1.3516951257321212,0.3035810978039776,0.6964189021960224,Spiral,Flexure-Shear
13,0,0.04960696401177093,0.0544666652164504,0.019669850992259586,4.0,0.1743354050109145,0.0563046054627113,0.5,1.6875,0.545196676134645,0.5015982886002534,0.49840171139974676,Rectangular,Flexure
286,1,0.03328092467508014,0.11816984114890607,0.11196028462954827,1.75,0.4202724795640327,0.0156972630204912,0.1749837044620702,2.2222222222222223,1.698326554935525,0.2691328384939099,0.7308671615060902,Spiral,Shear
224,4,0.0682640639332998,0.08826063780814404,0.05817276056632279,6.557377049180328,0.1099300820546503,0.1106425276160432,0.3713941879904531,1.1799410029498525,0.1906018747522021,0.3955444394953953,0.6053649919692929,Rectangular,Flexure
151,0,0.03338908383410273,0.05429109850693251,0.04463500791194972,2.0,0.0620035612233917,0.0967764362934645,0.5991211550533584,1.4705882352941178,0.5159503116463756,0.542588665911399,0.457411334088601,Rectangular,Flexure
34,4,0.04251271056373107,0.13005636946275073,0.12166080026075927,2.0,0.3285013187775414,0.0502182009626502,0.153010033444816,1.5151515151515151,0.9850778241218324,0.34743243356221026,0.6525675664377897,Rectangular,Flexure-Shear
273,3,0.04079947436451286,0.08599095893564308,0.07094174851265068,2.0,0.4859661016949153,0.0222840089072428,0.0,2.2222222222222223,1.62810669260053,0.24826408179907916,0.7517359182009208,Spiral,Shear
228,5,0.033597241355681685,0.0439948660026885,0.033724013756699735,2.25,0.3281900772094588,0.0654586852215736,0.0849614294019224,2.0158730158730163,0.8061712829162269,0.4696572204210652,0.5303427795789347,Rectangular,Flexure
167,3,0.0377940106303823,0.08120914771615467,0.06821158860782058,4.7,0.2613471694280612,0.1340209366007515,0.1995198079231692,1.3333333333333333,0.2656232507328804,0.4424690717986107,0.5575309282013893,Rectangular,Flexure
274,4,0.07240223868618455,0.16408989295971851,0.17747787774145046,2.0,0.4995121951219512,0.0610804425332092,0.1999141358349417,0.8333333333333334,0.9680726335871248,0.4879822463036091,0.5121547728416226,Spiral,Flexure-Shear
44,5,0.06434799829802386,0.4313604593701564,0.42148206509499064,2.0,0.3579802255346166,0.2763491834554928,0.8997334123222749,1.3333333333333333,0.3251456110414734,0.4242331521197215,0.5757668478802785,Rectangular,Flexure-Shear
2,2,0.048539224801290935,0.07536317393090666,0.04893235062314635,2.181818181818182,0.1625545605881891,0.0837095781636363,0.2139976843534155,1.0416666666666667,0.523924079239485,0.5278727912310537,0.47395509698181565,Rectangular,Flexure
140,5,0.05231576991689259,0.07084212424891331,0.05247674363009116,3.2222222222222223,0.3645361282337861,0.0098264571851978,0.262077818841628,8.021052631578947,1.425095045132254,0.2715423176198901,0.72845768238011,Rectangular,Shear
59,2,0.03207225808796976,0.05768028151961814,0.04910620489240815,2.5,0.1771998033670012,0.1493699265541105,0.6289381563593932,0.9722222222222222,0.4249249110719393,0.45490038629108276,0.5450996137089172,Rectangular,Flexure
68,5,0.08797318573683162,0.15097315438046296,0.14025405142160455,2.0,0.092643441806449,0.0219037944075412,0.3499095477386935,1.818181818181818,0.9762176536582098,0.3946859072302548,0.6053140927697451,Rectangular,Flexure
269,5,0.09257873177725469,0.12496028970230148,0.10321670932785723,2.5,0.3875555555555555,0.0214675497995302,0.0,1.6666666666666667,1.2634613495159657,0.3009630484775938,0.6990369515224062,Spiral,Flexure-Shear
192,2,0.051682831517302255,0.09995128809685137,0.07704998054363323,3.5,0.3943482713123507,0.102782306270522,0.2098880597014925,1.3756613756613758,0.5461286297716522,0.36956124251740047,0.6304387574825995,Rectangular,Flexure
281,5,0.08639491169662485,0.11305006326483887,0.1248492200623649,2.0,0.240551724137931,0.0220723966609972,0.0,1.6666666666666667,0.8489598591578973,0.3460046836851986,0.6539953163148015,Spiral,Flexure-Shear
212,0,0.05155934914213525,0.12537817872523738,0.10929029013415607,3.2222222222222223,0.5097281045486892,0.0390138960079417,0.1512275565654636,5.347368421052632,1.1648670009183122,0.2657466338836969,0.734333533985024,Rectangular,Flexure-Shear
183,5,0.034851171780177895,0.16180855205781594,0.155995804834454,3.004926108374384,0.2338711418964994,0.0771880184272449,0.1431876803128545,1.336842105263158,0.5220121565366791,0.4424835995901568,0.5575864967441101,Rectangular,Flexure
316,2,0.060701724775789646,0.17417402141536653,0.17157388535739712,2.0,0.1370886075949367,0.0402103029328457,0.2075863966606189,1.7796610169491522,0.5540116198929973,0.4963021122653703,0.5037113382980791,Spiral,Flexure
101,4,0.03203630414648979,0.30618548236645393,0.3139927970909998,1.498360655737705,0.3767542662236212,0.0122245363569698,0.1035432090665022,5.833333333333333,2.2133958786422734,0.35909842820659255,0.6409015717934076,Rectangular,Shear
300,2,0.08912047811887333,0.13994680420025887,0.10543507596739236,6.221498371335505,0.1215541129471953,0.0162826620878193,0.0947891248821173,2.083333333333333,0.3157237110615077,0.42597029807277453,0.5753827613676744,Spiral,Flexure
219,0,0.051955227458378446,0.07437887285873325,0.04855161872510057,6.557377049180328,0.1130376979162133,0.0344163403111726,0.2640687436957026,1.91740412979351,0.379560746716228,0.4150924089886477,0.5849075910113524,Rectangular,Flexure
394,5,0.044684683637871404,0.08947149501970478,0.06800798178534909,5.999015748031496,0.2441301603163874,0.0089631860669541,0.1869728508666061,3.307291666666666,0.6461033519553142,0.4927330991042237,0.5077451177725291,Spiral,Flexure
55,2,0.04549532828556778,0.14993230593177742,0.15550969606236825,1.25,0.3222606488835563,0.0163848243082742,0.4451926674148896,2.6791666666666667,2.070953323625844,0.4199808515586856,0.5800191484413144,Rectangular,Shear
5,0,0.04002115408259523,0.07201392751707922,0.05866523462623401,4.0,0.2728393348643067,0.1533523193616712,0.3800317796610169,1.3888888888888888,0.3176669416831,0.49854943740876795,0.5014505625912321,Rectangular,Flexure
320,1,0.09425018291873548,0.1561956686826667,0.1702221097737227,1.090909090909091,0.5162314049586776,0.0262751385572964,0.0,2.7777777777777777,2.934593692473316,0.3433365375767862,0.6566634624232138,Spiral,Shear
203,0,0.04484476733954761,0.09367791897889365,0.08312454743040912,3.916666666666666,0.126986024584079,0.064019931588114,0.0,1.3229166666666663,0.2216904579615003,0.3533168920532587,0.6509822595676421,Rectangular,Flexure
346,3,0.035122174986702684,0.09753661319224532,0.09388497422197456,4.498360655737705,0.3147363055908219,0.064904999513634,0.0943935756784077,0.7916666666666666,0.3591616971926681,0.4823263994746849,0.5176736005253151,Spiral,Flexure
184,2,0.04826040521343477,3.9534590607463946,3.8415344536796554,3.004926108374384,0.2342701713145108,0.0763754601914743,0.1431876803128545,1.3543859649122807,0.5263526554590484,0.45427464881466356,0.5459375272618975,Rectangular,Flexure
393,3,0.04735842514553841,0.1091346902059201,0.1004024485059569,4.0,0.1858771686293372,0.0271121384510969,0.0602358454613318,1.653645833333333,0.4710391434239153,0.34173325714428354,0.6582667428557164,Spiral,Flexure
215,2,0.06128612793531747,0.30541177816251,0.2946862641434983,6.557377049180328,0.1253585566287307,0.0788459484654048,0.1396077719646652,0.8849557522123892,0.1852231555536475,0.5635624278652563,0.436719758741016,Rectangular,Flexure
412,5,0.03531797199578741,0.13051269524110987,0.1328699962286468,2.578248031496063,0.1517809851694915,0.0240772234034443,0.0,2.351851851851852,0.4583490248515089,0.5228471675225672,0.47740342089384896,Spiral,Flexure-Shear
97,5,0.04830815852672408,0.14890011471375716,0.1489215064972159,5.495081967213115,0.1865842841646672,0.0429284530899591,0.2707732248888257,2.2280701754385963,0.4259538041626897,0.47443524542521265,0.5255647545747874,Rectangular,Flexure
81,3,0.034954897724409566,0.10705611155420175,0.10688399782749762,2.8721311475409834,0.3611237456995292,0.0331614479151539,0.0712590903488228,3.35978835978836,1.0930896313803085,0.45288224047383674,0.5471177595261633,Rectangular,Flexure-Shear
311,2,0.06930539749296748,0.12113401824914174,0.09185224528109213,3.0,0.3582622950819672,0.1212577512007293,0.100189341225062,0.4838709677419354,0.3429884575496945,0.3840848159863657,0.6159151840136343,Spiral,Flexure
96,3,0.05222456506397803,0.08467406054118677,0.06753071478390622,5.495081967213115,0.1913993624656909,0.0735869484928307,0.277760921014989,1.3333333333333333,0.3153005960815045,0.5033511930579693,0.4980666624553784,Rectangular,Flexure
78,1,0.04984732788484379,0.12131387734261653,0.11533946230040679,2.8721311475409834,0.3611237456995292,0.0331614479151539,0.1142713340728871,3.35978835978836,1.0992997381814311,0.4748226315675921,0.5251773684324078,Rectangular,Flexure-Shear
243,0,0.044600538314267496,0.0780746796044068,0.05366998971662998,2.5,0.2982027419539741,0.0648371249783425,0.3,1.6666666666666667,0.7993310527353875,0.4284241184343677,0.5715758815656323,Rectangular,Flexure
310,0,0.06243788774624282,0.09160215852830142,0.06881114973709067,6.0,0.3441574803149606,0.0613130043400603,0.0962448789721067,0.8641975308641974,0.2977465407273655,0.3458860814581174,0.6541139185418826,Spiral,Flexure
404,5,0.09774148702858183,0.16220114777929015,0.16991697605042264,5.333333333333333,0.3426144712371728,0.0516856051006167,0.041195255607312,1.336842105263158,0.3686141345804258,0.5342123556279685,0.4657876443720315,Spiral,Flexure
239,5,0.03878341009137903,0.07901498439929988,0.07148940844874188,2.25,0.3169056046406522,0.0842036067725408,0.0820401195084465,1.5132275132275137,0.6739620395317363,0.4072880434968116,0.5927119565031884,Rectangular,Flexure
80,1,0.06129455073215645,0.11216578723760856,0.10919873334918809,2.8721311475409834,0.3611237456995292,0.0331614479151539,0.0712590903488228,3.35978835978836,1.0930896313803085,0.43480408382924535,0.5651959161707546,Rectangular,Shear
307,3,0.06123744281207861,0.07134005158376834,0.033018222072755433,3.006578947368421,0.2770698269909468,0.0885409955126088,0.0714971670003689,0.4712041884816753,0.3528457468796157,0.4906271447298055,0.5110170287910036,Spiral,Flexure
79,2,0.029214903959061917,0.11277948693942706,0.1121359852964267,2.8721311475409834,0.3611237456995292,0.0331614479151539,0.1142713340728871,3.35978835978836,1.0992997381814311,0.45386664614859085,0.546133353851409,Rectangular,Flexure-Shear
242,1,0.0480093060561381,0.1039826993781026,0.10186147768380478,2.25,0.3030138521084592,0.0805124897633335,0.0784438402971174,1.5132275132275137,0.6706621734965332,0.4182984665040916,0.5817015334959084,Rectangular,Flexure
54,3,0.04675870020311045,0.17996123456173052,0.18531312523464655,1.25,0.3344214280867094,0.0170031195651902,0.1844087273856666,2.6791666666666667,2.2534107849112868,0.41609731024214675,0.5839026897578533,Rectangular,Shear
275,1,0.028271652635820196,0.15212646903598495,0.15167390826338362,2.5,0.4794648829431438,0.0586290535352208,0.1998751877291194,0.8333333333333334,0.8566921589593827,0.4948655579543193,0.5060267847321692,Spiral,Flexure
330,3,0.0531122738770488,0.11256277085419052,0.10422763833314415,1.090909090909091,0.4874578512396694,0.0496212452754188,0.2373631775579981,1.3888888888888888,1.9414643374532217,0.3672497078365016,0.6327502921634983,Spiral,Shear
367,3,0.04007222250746852,0.1185995907214538,0.10611410671255272,8.0,0.4330534381299408,0.0301588581406785,0.2712924636494057,1.3281249999999998,0.4633707614260111,0.46607794152217874,0.5339220584778213,Spiral,Flexure
19,3,0.0522500098818752,0.0697249161893668,0.04034557525905858,4.0,0.2908427573831176,0.137920212638798,0.199951171875,1.1111111111111112,0.3201972645977145,0.5186313831282059,0.4813686168717942,Rectangular,Flexure
58,4,0.05117438352403376,0.08829436474426508,0.06466442206445837,2.5,0.1771998033670012,0.0619122603563926,0.6289381563593932,0.9722222222222222,0.7103550446199894,0.45234342445378733,0.5476565755462127,Rectangular,Flexure
326,0,0.04241195483428345,0.15695268021189754,0.15989060720334278,1.090909090909091,0.6499438016528926,0.0496212452754188,0.118681588778999,1.3888888888888888,2.498800695654154,0.4034858563459831,0.5965141436540168,Spiral,Shear
185,0,0.03752289206807252,0.1760894525558398,0.18131090126363206,3.004926108374384,0.2895014983023511,0.1235664780549205,0.3624058628479151,1.336842105263158,0.487020578578339,0.4924923053246597,0.5075076946753402,Rectangular,Flexure
166,5,0.059688845944162926,0.09333615232012238,0.0673204615537853,4.7,0.2613471694280612,0.1340209366007515,0.4278511404561825,1.3333333333333333,0.3052704198528541,0.4568413754199791,0.5433206932857291,Rectangular,Flexure
408,4,0.050837815499635175,0.09141180783139193,0.07476533501389335,4.5625,0.1472067636986301,0.0466297841721397,0.0,1.1777777777777778,0.1926270748429406,0.37722549752612977,0.6227745024738702,Spiral,Flexure
222,1,0.06034357204781061,0.11856857771756045,0.10007216609766811,6.557377049180328,0.1048966533891443,0.0747353491454496,0.4134537862030472,0.8849557522123892,0.2588162222221008,0.4065577563104683,0.5934422436895317,Rectangular,Flexure
392,3,0.040822487547779285,0.10823696560094535,0.10040632907233434,4.0,0.1858771686293372,0.0541390186051779,0.1204716909226637,0.8281249999999999,0.3372935707327432,0.3426485985797318,0.6573514014202682,Spiral,Flexure
170,0,0.07020221959605469,0.08497850798610296,0.039379712108261286,4.7,0.3221984071085403,0.1786945821343354,0.4561824729891957,1.3333333333333333,0.2733674914912262,0.4560078082485411,0.543992191751459,Rectangular,Flexure
23,3,0.03647462735973682,0.09252730263500658,0.08381201809748942,3.0,0.199010807353436,0.0759434587747945,0.1,1.5277777777777777,0.4246670963405309,0.5135755592651209,0.4864244407348792,Rectangular,Flexure
62,3,0.06156915583616906,0.07942684234304823,0.0449884253404435,2.5,0.1311400962741969,0.0458193498492474,0.4229274611398964,0.9722222222222222,0.8003933063062444,0.44025805418199127,0.5597419458180087,Rectangular,Flexure
218,1,0.0699974140695837,0.10251670465257823,0.08267221816989885,6.557377049180328,0.1221849222836996,0.0354691608481178,0.1360733979908762,1.91740412979351,0.3190912240364358,0.5182386139823093,0.4820029540770112,Rectangular,Flexure
127,4,0.052584274826530275,0.1674498976294997,0.1624353436423768,4.5600000000000005,0.3242123618504666,0.0432283149133955,0.3,2.083333333333333,0.7868914435733787,0.5332270131805803,0.4678943439328047,Rectangular,Flexure
238,3,0.04810014445026881,0.05342149356465461,0.017737346438065408,2.25,0.3038463077461198,0.0606032332957975,0.1579101143550272,2.0158730158730163,0.8362216298696364,0.4450558360868404,0.5549441639131597,Rectangular,Flexure
234,5,0.03324662392493685,0.09351919552516098,0.08679146567633639,2.25,0.4036498394875461,0.1072520392832728,0.1044963566001746,1.5132275132275137,0.6903085574650586,0.41555676939529573,0.5844432306047043,Rectangular,Flexure
107,2,0.038554378967019236,0.06453171460145105,0.048321115949081075,2.857142857142857,0.3755747632594899,0.0966717937371908,0.1313125786507632,1.692708333333333,0.626030019995597,0.42944458144320713,0.5705554185567928,Rectangular,Flexure
384,5,0.045816495500064204,0.07247373139790314,0.05160451850024375,6.58,0.1525532444444444,0.0374406634874422,0.4187543391573424,1.4749262536873151,0.3415886057778702,0.5019900105135311,0.498848564931492,Spiral,Flexure
146,1,0.04113792488870204,0.09963712894462702,0.08327784255835705,2.0,0.2384161954674675,0.1055673753920099,0.1996648730139565,0.913978494623656,0.6246738967102624,0.4471350483729988,0.5528649516270012,Rectangular,Flexure
279,1,0.0626187470941364,0.12679874116402748,0.1120524920682803,2.0,0.3854143646408839,0.0424375361216963,0.1000214076060944,0.8333333333333334,0.985548691488518,0.4137988995922362,0.5862047725394529,Spiral,Flexure-Shear
296,5,0.0344345463227049,0.12029386302390711,0.1146786595006536,2.0,0.3562105263157895,0.0516709318024637,0.1899388597162487,1.0,0.8646993989316731,0.44391860994351207,0.556081390056488,Spiral,Flexure
150,0,0.0503638642995073,0.18259839145645212,0.18311981449246098,2.0,0.1460085905369636,0.0388969081265255,0.1924887570705374,1.3281249999999998,0.8374140074196855,0.46701128682014487,0.5329887131798552,Rectangular,Flexure-Shear
3,0,0.03825258200413956,0.05941090672310818,0.04491595431378171,2.181818181818182,0.3144747106706088,0.1056984444198435,0.4200200818722484,1.25,0.6398198520675843,0.502205695504117,0.4987557285239992,Rectangular,Flexure
336,0,0.0462005155791656,0.11632133570452428,0.11744053371057743,1.6363636363636362,0.4726153846153846,0.0334810293990968,0.116018860825624,2.083333333333333,1.5363064295762687,0.39436480791883793,0.6056351920811621,Spiral,Shear
199,2,0.05162724775696453,0.22648479035061428,0.23344069691879543,2.6666666666666665,0.3723000177534428,0.0174193945518567,0.0,7.129824561403509,1.3707361135766254,0.3459252050147734,0.6546944819429054,Rectangular,Shear
241,3,0.04091259503397071,0.10399188520365248,0.09273704790223686,2.25,0.3030138521084592,0.0805124897633335,0.0784438402971174,1.5132275132275137,0.6706621734965332,0.41821185722521687,0.5817881427747831,Rectangular,Flexure
325,2,0.05184735949013549,0.1391684625221424,0.1451024285360954,1.090909090909091,0.4734861293888509,0.0688556861192118,0.115279887189792,0.9722222222222222,1.606665214450584,0.42292710856866295,0.5770728914313371,Spiral,Shear
49,4,0.05467968168421407,0.09854971863453492,0.07743526251090657,3.0,0.2173575308185968,0.0689416314726482,0.1055197132616487,1.5151515151515151,0.476614025346575,0.48361861833521314,0.5163813816647869,Rectangular,Flexure
77,2,0.0656609076386196,0.1481730703180832,0.1455069683680082,2.8721311475409834,0.4648949369924974,0.060918046641502,0.1471079243237167,2.354497354497355,0.9492901343385364,0.4568333239883458,0.5431666760116542,Rectangular,Flexure-Shear
143,4,0.037260127390699775,0.2246433978856873,0.22926520332239092,3.2222222222222223,0.1939254724438144,0.0081936621846362,0.0726988511528028,8.021052631578947,1.0083254760037947,0.3723879392789155,0.6276216126979082,Rectangular,Flexure-Shear
280,0,0.05492594781573894,0.1310218089512698,0.12059503275159641,2.0,0.4076439169139465,0.0227928606469645,0.0,1.6666666666666667,1.406018893088108,0.3883574892605289,0.6116425107394711,Spiral,Flexure-Shear
180,0,0.04058165299523865,0.20071969737285425,0.19906717153885672,3.004926108374384,0.1686913008581607,0.0710831422421054,0.2108040209848178,1.3543859649122807,0.5104226432875383,0.5454791786840699,0.45452082131593,Rectangular,Flexure
364,5,0.05706779059518898,0.1381512372888825,0.13860674223296962,1.9912472647702408,0.3490480589717059,0.0493730651036511,0.0848654923315939,1.4035087719298245,0.836812884166106,0.32282856083609107,0.677477805768216,Spiral,Flexure-Shear
194,0,0.04661072652216497,0.11999241003392128,0.11361420502846924,3.5,0.384310315315309,0.0964561764435013,0.1534090909090909,1.4285714285714286,0.5439715662059975,0.42908513533564524,0.5712119336332455,Rectangular,Flexure
332,0,0.042991667658258695,0.13450512398116551,0.13641383900116144,1.6363636363636362,0.4608,0.0326440036641193,0.0,2.083333333333333,1.6170649153132122,0.4104294253044713,0.5906249524078063,Spiral,Flexure-Shear
