UniqueId,Name,Location,res_mean,res_median,res_std,res_max,res_min,gamma,kappa,eta1,sig,lam,mup,sigp,rsmax,alpha,alpha1,alpha2,betam1,n,kappa_k
64,"Ono et al. 1989, CA025C",81828011-5b4b-4138-be69-3a1c47544fdf-007,0.0564686189029695,0.0563083387824895,0.0009485132553504,0.0631779613063189,0.0548991183197096,1.967599538650469,1.0725733477575308,1.5281784511402854,0.2161274874942393,0.1974182972085344,6.70227981592896,5.041588411381579,0.9917954680844564,0.0006171679309176,0.3640055371447042,0.2052046329469347,0.0203765866646376,4.337753202345643,0.2490563445569302
352,"Kunnath et al. 1997, A8",97dd05ce-a541-46a1-a5d2-5d5bf654cb6f-007,0.0641160249917322,0.0640543591482219,0.0003957591325076,0.0664604173070987,0.0634464720638237,0.3498035687455252,0.9005168529402215,1.9931703294547576,0.3576878968729804,0.8408117761966846,4.203174556104926,5.221883628202314,0.957629921987318,0.0049863317150485,2.3817443223515125,0.3276170105946779,0.0006863505335031,2.6619151348340946,2.9376887951115944
379,"Sritharan et al. 1995, IC3",a815a3bf-1b81-4ae7-89dd-10555c1e48b0-007,0.0861659549612004,0.0860947946439885,0.0018475856998664,0.0928745327921528,0.080608288318141,0.2929189940752666,1.001421453205188,1.9009421426781128,0.4003821836982193,0.5093177755120604,2.958336010863743,1.7219873563881876,0.9946177449063712,0.0002538907831292,6.175634971926372,0.825094041628203,0.0001443394251941,1.270287659199453,4.382526706913601
374,"Calderone et al. 2000, 328",f9585614-d99f-4ffe-8606-959791148bc5-007,0.0692482372061312,0.069532604326141,0.0026508752907912,0.0763625393057812,0.061858126027473,1.3476814223033733,1.0657197311585198,0.8632700264278816,0.2805113030647888,0.615313115585814,1.3443926188317616,0.478505130218067,0.6582483740067406,0.0103870456224332,3.755908253409658,0.2649800234952854,0.0055462305369826,3.553621047237985,0.3366789436143533
309,"NIST, Model N2",042badac-3f82-492d-9b57-ed6589371140-007,0.1083752166396413,0.108311319675832,0.0029317934117371,0.1181002894069358,0.1013737530237329,1.4328123734668743,1.0980828761954546,1.252482734723854,0.4086050765394243,0.2427120893981273,0.9919502159688816,0.4960902973226269,0.6624669397484292,5.101116018187439e-05,5.461077499671149,1.8027294362377253,0.0132410553966885,1.4126916898616173,0.5068565093600534
196,"Aboutaha and Machado 1999, ORC1",043f4941-b87b-4d29-8781-72e8ce688bf6-007,0.2254706756090171,0.225470675609017,2.775557561562892e-17,0.225470675609017,0.225470675609017,0.3784400707522639,0.9723721102524766,1.334075075651877,0.3926261020546952,0.4811520007660427,3.9324575075237975,2.8471320607818846,0.5456884608037421,0.0174052240057179,3.3189776632018013,0.3090973420085885,0.0468464121512814,7.53152570376772,1.981551093489744
190,"Mo and Wang 2000,C2-1",072c5120-3138-450b-ac08-ecdd34a2b143-007,0.0466781411001597,0.0466669257563508,0.0004040869472652,0.0483555804856967,0.0455974512655533,1.597291979582751,1.035435657942509,0.6126177589725437,0.4992892905585146,0.590029455833899,0.995342043433698,0.5349385911511488,0.7901845546888454,0.0002488820812729,9.584728545858896,0.0709339798823882,0.0076182142552417,8.035101484483963,0.2719939481135611
125,"Galeota et al. 1996, BB",08c9077a-7b4e-451b-ab5d-252ebd59b243-007,0.0601061601570755,0.0599877229553715,0.0029231896083022,0.0713489637465637,0.052142660154895,1.3471982457279743,1.045370962077188,1.000342127040838,0.4398901651914558,0.7994778655060476,0.633506846620973,0.7200335371571328,0.9331899807389996,0.0062330905013842,2.03475509492584,1.753198230879878,0.0103143964436696,8.882645003760668,0.5754881169625077
217,"Paultre and Legeron, 2000, No. 1006040",0c290e62-8ab2-4222-80da-54bb202e3edf-007,0.1023649623810759,0.1021219920383312,0.0025018008216823,0.1134022890510946,0.0963766487442356,0.8413353046563937,1.0859002696134796,0.5624870924240504,0.790662814887359,0.4646941931927796,1.6059299409732524,0.6806955565862841,0.7608087759787139,0.0004954107276437,8.809361282669808,0.7496977208084705,0.0164977330359167,3.896981196138541,1.4519990276634738
15,"Watson and Park 1989, No. 7",20da9607-d3f1-49a2-bcca-ac0ce4d50a25-007,0.1052328895038819,0.1049716646321494,0.0030864364333459,0.1187305943043337,0.0981328516445603,1.830254805567738,0.9523725316655554,1.7636521650936638,0.6200329081790961,0.5638148879405741,2.9887844351997064,0.7198460785279284,0.0799893176640589,0.0044941525940466,0.9947257897126842,0.3162313237526803,0.0075090394901303,1.181590947855414,2.5189896224842694
67,"Sakai et al. 1990, B2",233eb374-2ebf-4f37-82e7-f7efb100a6cf-007,0.0590021947834212,0.0588349606146132,0.0026645015390218,0.070738887115333,0.0522190316797479,1.0229835501568558,1.0096324848553793,1.7243070576779056,0.7385854375858193,0.798333625251231,0.7700181897876277,0.5556353802771847,0.8709972487174611,0.0005084289498875,0.7104684244357895,1.9766279192879683,0.0036506427756608,2.685415733407115,1.002598793844664
32,"Ohno and Nishioka 1984, L3",2bc42c69-0ff8-433b-b5b5-68350caf503c-007,0.0767247051811901,0.0765461903402713,0.0016941571288356,0.0828670832022212,0.0732854226621479,1.5755163109314072,1.0560353230397308,0.8990775873574912,0.3872924297596598,0.4846664076832557,0.2019686342991489,1.5429501096489349,0.9732000685241068,0.002217803436364,4.026575745416448,0.3740796681703691,0.0018796939624437,3.571501011707076,0.3848346130928081
149,"Xiao and Martirossyan 1998, HC4-8L16-T6-0.1P",2c081ff4-795e-407f-997c-4cad6ada1b5b-007,0.0442098159130608,0.0440937884568362,0.0011188939241049,0.049181005966113,0.0413598544220482,0.6430203411119044,1.0763421428099895,0.5921963583510197,0.3881774960097834,0.1587897363468838,1.1373398604569218,0.961815047706194,0.5014438536509545,0.0032630484501937,5.142370823265931,0.1933954764096131,0.0077077668750429,2.8492882755017663,0.2193459852635575
100,"Umehara and Jirsa 1982, 2CUS",43e533ce-5dd6-4862-99ea-18ea5f91c16f-007,0.0482452929865052,0.0481944496310392,0.0019764203784951,0.0563676859213197,0.0407037568546198,0.1026364931761342,0.9866710262155276,1.865891931081039,0.1222418268706055,0.1937458439935496,8.460896849913548,5.791536457273459,0.9641740428505756,0.0003883349101739,1.756207020911247,0.2599455234322833,0.0381804905461517,1.2195242029695224,0.8635208552830391
216,"Paultre and Legeron, 2000, No. 1006025",554fb741-8fec-41fb-a3b3-a815a3d41ec0-007,0.1223970959047316,0.1223246031448591,0.0014663058176074,0.1263725800540355,0.1190970246904364,0.7466220879453893,1.0453796593550009,0.988276153341227,0.6655604682579161,0.4037402492968018,1.6975337804445498,0.0523090527643285,0.5379936016006966,0.0007448767707594,2.2626426642521067,0.3705628072089032,0.0117727677096147,2.018632581090918,1.6288667406013502
337,"Arakawa et al. 1988, No. 20",581716bb-f57a-4f36-8893-928bdeac0075-007,0.0356303252698383,0.0354075899744915,0.0013060223404442,0.0424294256811092,0.0331412439599835,0.3247262698753698,1.008331242728946,0.9082596898494688,0.3242878891589268,0.3010153243946487,0.7995504936506601,0.1925180774762552,0.6303062782307233,1.6780334601483943e-05,2.750258272598824,0.3869891036077016,0.000283446144271,2.477857155558938,2.2659146731480586
155,"Sugano 1996, UC20L",5944fcdd-0c4e-4287-a00d-b9a768e6d4f3-007,0.029552681851395,0.0294182909141118,0.0009206816674047,0.0356840148774091,0.0277808715342531,1.221259153742554,1.0952493136055848,0.7459157951671469,0.719684844150796,0.4180066656859784,0.9269070538884608,1.4921246319122392,0.6926196709207587,0.0003111025230847,0.5153835808366745,0.9124565244910976,0.0049249920106365,2.409405666243217,1.0773596316931664
335,"Arakawa et al. 1988, No. 18",621dd5ea-56bb-4c57-a6e0-2e59634e4800-007,0.0431173199125876,0.0428115035906603,0.0021435548216985,0.053000593027228,0.0383513032500054,0.503012170615528,1.0877340574945258,1.0289571939474338,0.1498008149604081,0.249108163893148,6.580665296706892,7.333402074644045,0.4543463388847023,9.256259096111872e-05,0.2958067161057675,0.5206142716393899,0.0423931219358633,2.696717886015268,2.502139576173482
398,"Soderstrom 2001,C4",64465d43-32dc-475d-9ebb-57664ffe0ea0-007,0.0590069122061166,0.0589525575945448,0.0006409211111468,0.0612621741135842,0.0575172583921031,0.4494203047846624,1.0230927749922567,1.774206407630257,0.3348761512109091,0.4450791278487102,0.5467182743593939,3.006413903942691,0.973605613312982,8.306221009279165e-08,1.367255688961609,0.3870040963208067,0.0008017291431402,7.703395830398765,4.97485864193798
396,"Soderstrom 2001,C2",665e95a4-9313-481e-8035-179b27d87356-007,0.0595254267398651,0.059402388958025,0.0006805934510892,0.0635643521471544,0.0583000176928893,1.1049628678994956,1.081475925921174,0.8948218952593264,0.4275717729989753,0.5760582808259262,1.1112820198651872,0.6044560842434608,0.9466662638147788,0.0001482072492853,8.398611513133988,0.4739218754724624,0.0025042572421185,6.3763486132371066,0.2291969220104831
306,"NIST, Full Scale Flexure",66d2fcd1-12b5-4775-81c9-552127619c6b-007,0.0639736715838829,0.0638580124989702,0.0016592217512715,0.0709796833917408,0.0581543702715537,0.6172509534414602,1.0541596088514007,1.967701525724392,0.3576382595185139,0.6674739788233464,1.2401422485637377,0.5290074850262757,0.852892775126424,0.0009695449775159,9.42844061982251,0.6355713602763944,0.0036791271182755,7.091073354811787,0.5866859865835835
145,"Xiao and Martirossyan 1998, HC4-8L19-T10-0.1P",68c798d2-b6d1-4e58-ab64-2f903b5c4cf3-007,0.0353489364122782,0.035286610295217,0.0006062189075641,0.0377368242642401,0.0340702212574437,0.954456358785576,0.9759317656094544,0.5359976905144809,0.4463956811477476,0.3830976353586661,1.075064815490499,0.975395670099824,0.776160738358974,0.0002397623303834,8.879860207124212,0.1464151106570509,0.0034331877517063,5.735440005034452,0.2401500245617661
302,"Petrovsky and Ristic 1984, M2E2",6d18ffc0-0bfb-4b73-bb12-de8a601d0572-007,0.1296816090488186,0.1294984632663435,0.0013756742435292,0.135609514515464,0.1266161702497015,1.2873907289717734,0.9825983960840292,1.71603008296794,0.3610768131815175,0.3809705877203794,0.5424905793367898,0.5229924237691193,0.67775437285099,1.6822199871095907e-05,9.787301578284293,0.0870896118947752,0.001323565811885,3.797574565920825,0.7463137207908248
169,"Saatcioglu and Grira 1999, BG-5",797f648c-a212-46d2-b8f9-3e9097cc0517-007,0.0718396741647039,0.0715759270165288,0.0018249172591855,0.0806537312105884,0.067809471806222,0.8451825015444258,1.0125884439708417,1.0591322832611627,0.5761953373119274,0.7246487029078549,2.049444248860468,0.4639399187446432,0.950658954034944,0.0015843768641058,9.67803093875924,0.8277048739297415,0.00228565162516,2.929036204530873,0.9305940035794577
381,"Saatcioglu and Baingo 1999, RC2",833a813c-719f-45d7-8b8f-4ee570b1a4f1-007,0.1084937888172886,0.1082507530134671,0.0014057292482251,0.1170891131780133,0.1061069629023652,1.9539607600226367,0.9884987157848624,1.702832656145321,0.5858081880060412,0.3109296094516927,0.4209490858544519,0.7526895624802388,0.9661280393431918,0.0007073694943599,4.763780950801904,1.5553083705036437,0.0016374909176888,1.197863661769815,1.814856728415608
136,"Wehbe et al. 1998, B2",872fcf07-e82a-4098-80aa-2c90cc295a54-007,0.0405753223027142,0.0403250854282004,0.0015106674351979,0.0479346911095992,0.0378627370277623,0.67292706196239,1.0976810435686892,0.693508829124409,0.4722514803282178,0.4284135821690202,1.69640933060585,0.7440932535533331,0.6448952046162445,2.846390530842149e-05,4.046781304884949,1.979375906499946,0.0048086878647044,2.059928766145922,0.7404289550440292
175,"Matamoros et al. 1999,C10-05N",8ac85901-7a7b-40db-b24d-d6c70e0335d1-007,0.0275746648863393,0.027497305535799,0.0008730644415464,0.0307394754493684,0.0251324156173646,1.2514438877834977,0.9599243463034968,0.7705150909310932,0.4188872744128127,0.3702640084755603,1.4359562903365888,0.7106034399629366,0.6135813667314078,0.0027312882554253,6.004960047747622,0.0738070254178978,0.0105119261953176,9.223829243171116,0.1161402775292292
33,"Ohue et al. 1985, 2D16RS",8e764fcd-bc05-4aa9-a803-709b258de9f1-007,0.0556687344543509,0.0555788963689605,0.0011398899796478,0.0593711966633437,0.0530219942370549,0.9309692527571268,1.044639282470975,1.150894589817366,0.1503787675429224,0.1125300187463292,3.954585605039957,2.482883464889869,0.9968304764650868,0.0019671365591049,1.0516623663064588,0.0556283581716431,0.0110674307757712,3.6277706302571446,0.1912766874732146
195,"Mo and Wang 2000,C3-3",90986716-2300-4a22-a50e-10cb7a3dc388-007,0.271790847630328,0.2717326610303577,0.0005279719256357,0.2765815443612188,0.2717326610303577,0.2107409881617484,1.015401727605424,0.6964988376419123,0.5808533133073502,0.6470791161177973,8.015617418883991,5.606749273178601,0.7189371587097194,0.0068772658735464,4.958642703937446,0.2695380138146647,0.0025511305604597,1.7278153783010604,2.161451738768225
204,"Thomsen and Wallace 1994, B2",95463e15-4650-42e1-89b9-39701e6b0784-007,0.2100047810316882,0.2099971993081938,0.0015700878811333,0.2153039272580773,0.206271827733697,0.6413922810516874,0.9710999392629736,1.9190625579478355,0.5581108811628284,0.8198196434302397,4.294452735935142,0.2309542133557491,0.9060411319374864,0.0011773517063644,2.5416202483088406,0.0870152970930482,0.0005617698374747,1.1336176151452655,3.2251648017555787
322,"Arakawa et al. 1987, No. 3",a2f27e78-d1b0-4bb3-a104-5316ffe2abc4-007,0.0371215174389972,0.0368268972806702,0.0016636131495006,0.0462923229333531,0.0340942697947145,0.4104230515391233,0.9868025363161153,1.5258045785688088,0.3702118685019353,0.1249888263259987,4.77850460155045,3.586847343208229,0.7409393944050593,0.0001001063502283,1.1285568536817534,0.8897005246387016,0.0068452659637492,5.5376799009382855,3.663055683105394
191,"Mo and Wang 2000,C2-2",abab6519-de21-4972-896e-f38d54ed5101-007,0.0736558697811892,0.0736011041315604,0.0009075671990195,0.0763332094239593,0.0712327604751108,0.2812699261323683,1.03393689860723,0.6458811426182796,0.4253794262442314,0.5378653199110973,1.4890709465854617,0.7651064742165055,0.9363916044175656,4.476055817836203e-05,8.336263629202861,1.0968862685961331,0.0007563254442819,3.006557900385571,1.909760924073736
105,"Saatcioglu and Ozcebe 1989, U3",b131d3d1-eca3-4cc0-990c-87cce0b5f413-007,0.0695365537144857,0.069189888624776,0.0021945548420914,0.0774217041589181,0.0646367716228354,1.6247221350553265,1.089908215129849,0.7008542938790658,0.320070763544295,0.3765965010227406,0.3661747238993357,1.0589825424383372,0.7472366178900269,0.0021917667568563,5.096230625091052,0.5122958738870848,0.0459841831758845,2.349825238394448,0.272828145270063
331,"Arakawa et al. 1987, No. 14",be6f7892-7c5d-4908-b3fc-59510cdbecaf-007,0.0558849031105269,0.0556749752417444,0.0013954077403577,0.062091514221115,0.0532623982322106,0.2979796911517156,1.0841091619113323,0.8789180867818175,0.2678203729522357,0.0867201805592852,2.8994085533931204,0.2298288640706463,0.7539730498367962,6.76683823347657e-06,3.605178412980507,0.0734669846160826,0.0054235107641387,2.3217674869013027,2.853568700809313
168,"Saatcioglu and Grira 1999, BG-4",c267b521-dede-4586-8cb5-75bdbb85cbcf-007,0.0714408644861206,0.0712434421449332,0.0016390605683574,0.0779689122105755,0.0677063744213013,0.9143318878650036,1.0239055083258135,1.9296620996874927,0.5723200603159245,0.7455335273694903,1.7294276131663926,0.1237871737981172,0.8340771468008091,4.242578368419286e-05,4.612342097438362,1.9518789701381845,0.0105279950487662,1.7727437420275975,0.8609397241291692
315,"BRI No. 3 (Japan), ws21bs",c7b6b1db-1e77-4083-8b82-6625ae6dae89-007,0.0822669558873436,0.0822669558873436,0.0,0.0822669558873436,0.0822669558873436,0.8273556319440788,1.0604170633690102,0.9906566632864412,0.5374153577673362,0.8798731264096318,6.894422047998457,6.156011530186368,0.6344250818142442,0.0015031353957876,0.1595094611209423,0.832831633094404,0.0033519491255026,4.674106972973815,3.1688452401837983
24,"Tanaka and Park 1990, No. 7",d0a161b4-3e6c-4d94-bdb0-5d34d9c5c920-007,0.0437370207170614,0.0436014802180868,0.0018673588691849,0.0523591940986242,0.0397175586578849,0.912975034575852,0.9974748524028926,1.4289980661617565,0.4658891586906991,0.3397632456488471,0.115654329640495,1.2036467668133988,0.9987422250440476,0.0030679143380616,0.8858486604837222,1.876922896102997,0.0023100173888437,3.945071423799983,0.6387797013041816
283,"Ang et al. 1985, No. 17",d3284470-ee39-41da-bb70-6710cf59a02b-007,0.0462373848512924,0.0461050680214969,0.0006786352505329,0.0504710331277784,0.0448857861290172,0.2760414872955506,1.0993411187284012,1.0333296859220074,0.1315579673606745,0.0895659937038971,5.7612650375018655,6.753152109231377,0.965331083036432,3.7128527851951054e-05,1.670766560066335,0.3784846441808955,0.0053109991656709,1.85435768849603,2.0370773100290216
205,"Thomsen and Wallace 1994, B3",dd3216db-8ad7-4bf6-97bd-4b4e187d4876-007,0.1817654059903832,0.1817654059903832,2.775557561562892e-17,0.1817654059903832,0.1817654059903832,0.7096546475717839,0.9619468448060372,1.7264843755180452,0.321872557864139,0.3654637667040975,4.656473141350991,5.127742393222643,0.457184519438556,0.0161458629665793,6.096370215612166,1.153096801791518,0.0154103020430878,5.533405489094589,2.479083240621549
201,"Thomsen and Wallace 1994, A1",e4b9bd16-c8b9-437d-916a-0f323b3dfe66-007,0.0609581545938005,0.0608981557940977,0.00078136926401,0.0642797606136395,0.0590836757132152,1.5221517947752647,1.001849464071226,1.7350037718594742,0.3681767055742326,0.4759202967239614,0.5094781864881862,0.3615972628627995,0.937303602699334,0.0186351115603431,8.780485172926015,0.2877733529778022,0.0033148691615211,4.719083496418163,0.2946728294795478
208,"Thomsen and Wallace 1994, C3",e562a191-5349-4931-8f80-4be7cb53580b-007,0.0832320423373987,0.082575599580216,0.0024719881656886,0.094783425775679,0.0791265974143685,0.9160912100962204,1.0749869627681254,1.207383660384284,0.2562972779233257,0.0497511582372149,1.268886097298216,1.0535907808198,0.5605181717622003,0.0007124683969646,9.970535977183168,1.89451479105786,0.0085610497303464,1.521472392242918,1.79610072421281
366,"Kowalsky et al. 1996, FL1",fef14f78-eefc-4147-9e0a-e90b47d4a47e-007,0.1280981340024085,0.1280820075880987,0.0014519048449587,0.1332096382243819,0.1248393086603429,0.6456309230084156,1.078891942791139,0.5207692172814197,0.4907874181954315,0.6877430706343479,2.690319406429789,1.1575242570604554,0.8124770971205051,0.0011216594150828,8.694127488168677,1.6845948165396494,0.0013355016108522,1.38398585383113,2.376932580570724
128,"Galeota et al. 1996, BB4B",00095739-6143-4dd8-b827-59444c4d2f2c-007,0.0518366624609525,0.0514315428491504,0.0026097562401199,0.0612128973962447,0.0474898363904574,0.6857613155768004,0.9810971004118186,1.131721780446956,0.422595749589733,0.6515876998931437,0.8710937566278752,0.9731479993235316,0.6732664609272847,0.0225708529787096,1.7121263499288384,1.8787414248746908,0.0092240107139944,5.03588454488969,1.105063207240613
353,"Kunnath et al. 1997, A9",01eb93b4-38fd-42cf-9710-050bacbc8891-007,0.058303730165818,0.0581741484818847,0.0005850049872805,0.0605127266454199,0.0573521105074668,0.4759036211374368,0.9050795476613176,1.9384726522448128,0.1820549708608848,0.7500280757006241,3.782844480309197,2.2093077045543383,0.6590909445839522,0.0192101518758732,1.6394515166976928,0.1422864584471939,0.0024367858687995,2.995936217743212,1.214463705544472
20,"Tanaka and Park 1990, No. 3",01f15b68-2093-428e-b9ef-f581de46305e-007,0.0696536781494588,0.0691878646282849,0.0030164273682543,0.0816201784054577,0.0634507845718072,1.2910557064746406,1.0642110761599852,1.2224988720877916,0.5434666459311496,0.4941769793724164,1.3830292428085993,0.1128727724163352,0.7546823087915124,0.0014668756639462,4.026541220855891,0.7987227338747297,0.0130494509438249,2.996906689305089,0.7489716866208443
173,"Saatcioglu and Grira 1999, BG-9",1bc9af5a-b102-4c7e-aa1d-faf64d4b0f47-007,0.0406860606539953,0.0406196409985561,0.0006766511661887,0.0429870965194972,0.0390653153989533,1.927292800444803,1.0065128962295733,1.9417510876974715,0.6344885074008134,0.5835090753075673,1.2536983668842256,0.6941991395561706,0.9426826634702296,6.249835032933918e-05,6.515311670608986,0.0453731879559663,0.0021892788230696,2.908018283918551,1.3302867330419843
186,"Matamoros et al. 1999,C5-40S",2352f9bc-1d86-4f7e-86ad-a422c56747a9-007,0.0277342668984539,0.0275470011093457,0.0013143978857305,0.0322635534298904,0.0254095457835614,1.1681873006065562,0.9818342447888556,1.5503639802140865,0.6142643674552561,0.4443419956632488,1.1332990640123577,0.6735169242730302,0.7055261064759999,0.0278743323649547,2.313609568075496,1.1763825967992427,0.0267960645850039,8.00861686224325,0.2910095032460351
61,"Muguruma et al. 1989, BH-1",26148258-ab33-473a-b610-5b2be7d50d69-007,0.0314586978067921,0.031403298535773,0.0013135640277765,0.0359022255660683,0.0286504399423566,0.8851293464800887,0.94691395621049,1.3672711891721965,0.6926134516562177,0.8592097062692523,2.557884203320914,1.054613318106745,0.5348909251174165,0.0037136164729076,0.3588014912736634,0.5394308005827689,0.0006113196887174,2.33821202105978,1.140842203267463
369,"Lehman et al. 1998, 415",28e5d2e1-9e5e-468c-8931-6f51b69a47f6-007,0.0737919001619831,0.0735671501590477,0.0014569029736686,0.0785996800443311,0.0707720701644931,0.965517045643898,1.0855662583112526,0.5505878975311085,0.3394169366767455,0.4288325339357809,1.3076651869385492,0.4789409656492491,0.6075735953297418,0.0049517593230801,7.952572889421669,1.6812475251775705,0.0162901547917637,4.186512987744451,0.4392812500591998
165,"Saatcioglu and Grira 1999, BG-1",2935819f-d939-463a-a5a1-3e2485358849-007,0.0796586573877051,0.0794087732730315,0.0018944094307927,0.0874804200181252,0.0758232055306138,1.3974368046171266,1.0482555923869057,1.6911535822756476,0.354647389720175,0.1232846435503315,0.0180119182689427,0.7851549980967013,0.6861489933644364,0.0078179318663897,4.793781876007468,0.0705341757485912,0.0143227382308371,1.6459506677933766,2.199277013626841
108,"Saatcioglu and Ozcebe 1989, U7",2e467baa-d07e-4915-bec0-9dd419212fc9-007,0.0441861089063559,0.0440408786139281,0.0011906408081473,0.0521838497892638,0.0424911315651679,0.325002398607656,0.9411271947152424,1.366393546036097,0.4843499121253895,0.576737764234801,1.772556318643384,0.1358208772358987,0.6434567343892996,0.0002634684842204,6.656053766083088,0.4240866491417138,0.0008133069674398,1.901733067147513,0.7725104146486405
82,"Wight and Sozen 1973, No. 40.067(East)",443dd2ab-efeb-4f00-84d3-81000fefccc9-007,0.0520535993286656,0.0518147221292169,0.0015443797343766,0.0584804176633943,0.0484203546407102,0.3380568648332464,0.92774747374496,1.605257534270126,0.3112535186040933,0.2909478587821,0.5304786047476429,1.4152763746415609,0.8451879422691182,0.0038999856398034,2.198188759281075,1.5561639833696557,0.0003139128292117,2.062600252466071,0.4246251590048915
313,"NIST, Model N6",47b5207b-1839-44b4-9ca1-25e9aa919a04-007,0.0611947560574283,0.0609186637043253,0.0011234916415767,0.064488626237887,0.0588952212883699,1.8579368464842727,1.0274642634448568,1.9290936854134784,0.1544664973308362,0.298376426469896,3.951607358193613,4.111719732669302,0.9976504753003136,0.0107197860670504,2.082320554975861,0.0116419988712875,0.0053086286830275,2.144194847273957,0.6578322939318959
333,"Arakawa et al. 1988, No. 16",48b4aedf-1c17-4d64-b392-f356ad5eaf39-007,0.0956263775519569,0.0935497954510273,0.0032694351526399,0.109915294227467,0.0916130561291675,0.2023868786778152,0.9834456438272716,1.4928314833829834,0.064783164215034,0.1683666590656832,9.250414416372166,1.5595156715256535,0.9143399500904944,0.0415366678049618,6.288569582153442,0.9333151821814728,0.0069480886969159,3.889811376490976,0.6517755597154227
305,"Lim et al. 1990, Con3",5b75e027-7737-4a5a-a788-1709ed17169f-007,0.072327584422209,0.0720208473787336,0.001716274650966,0.0776162245331054,0.0687328720285904,1.1723920677337742,0.9233319736977408,1.9126122712879183,0.243605187046089,0.5879382165534116,1.237058580976144,0.4378148547985179,0.4610841014110451,0.0001958234293478,7.198435959884971,1.7410808740358612,0.0022289560074549,6.713586501190731,0.3818229288217695
112,"Galeota et al. 1996, AA4",5d7eee0b-b0e8-435b-aa5d-283489663f30-007,0.0619358642949393,0.0612346104268673,0.0038031280997276,0.0739426265451033,0.0542273519051422,0.4993394480013867,1.063283655765437,1.2088624675252095,0.5120834362565115,0.6133645501185825,3.273980526164177,0.8704628405509109,0.8029144191331172,0.000277805298221,3.333349903898626,1.608733253342726,0.0424116020822692,1.5458736531169286,3.577043155481728
98,"Umehara and Jirsa 1982, CUS",5e830713-570f-4aed-a87c-9a019655eebc-007,0.1509587508045211,0.1509587508045211,0.0,0.1509587508045211,0.1509587508045211,0.1752163761628602,1.0812414244209845,0.7356618830801754,0.6789301024770587,0.0323338375178565,2.826991806735202,8.19198944894327,0.411316226117874,0.0021062112104899,8.611010604881956,1.100926626972624,0.0310774456112736,8.142461172818338,0.7453082280451336
276,"Ang et al. 1985, No. 10",5efe76cf-fe52-4c57-b694-2cdd4bed65c5-007,0.0608330008771323,0.0606696715654218,0.0026303608250162,0.0695826530893782,0.0546654937912658,1.6151121757592133,0.937433397145964,1.467600904198761,0.1987475122662083,0.3630542591151203,2.227369962846507,0.8534938516744857,0.895181533817508,0.0242322503963712,3.79103615839045,0.0763528361192305,0.0007416500347887,6.298576448397983,0.1560416146595834
237,"Pujol 2002, No. 20-3-3N",65e23b71-c06e-4417-8680-50466f9f845a-007,0.0273052605196047,0.0270849978437743,0.0014471393147596,0.0323192566587118,0.0244075877977859,0.5427156522871862,0.906688497799044,1.9096551896770857,0.2615349877828342,0.2462391701105695,4.017319425170951,7.6441061508487,0.6806171448264632,0.0103210191803567,1.70161939793437,0.2212583491781776,0.0015202311227143,2.506110079082101,1.025944866257286
319,"BRI No. 3 (Japan), ws27bs",6a1e9517-a264-4b2d-be85-3c8d67f3b118-007,0.0364072823465099,0.0363641775436118,0.0004405509403025,0.0381291172683054,0.0354886792927069,0.2652910518224749,1.0590712422058888,1.8561210945199489,0.2501676374129705,0.1051656651515829,2.883639814173969,2.3684645616690907,0.7181294131867942,0.0001474945067772,3.774959864195607,0.0767348298315267,0.0009441508022124,1.6969668960054871,1.6013434300652791
282,"Ang et al. 1985, No. 16",8805c455-16a6-402b-b094-1b2759549630-007,0.0543236421821083,0.0542105308710187,0.0012109266542834,0.0603763177913489,0.0519804995265541,0.3942437098618856,1.0818659367200414,1.0124090399921168,0.1563314953061762,0.10618742515294,1.7080479281059342,2.0687495241364147,0.959953465260274,0.0003128329655146,2.3266458645960526,0.3035013593088701,0.0429645317201367,3.1514753773032167,0.4355028768885735
344,"Arakawa et al. 1988, No. 27",8b4d9c9c-8a9b-4336-a7c8-8843469b5bdd-007,0.0558301447742957,0.0556955740959985,0.0015329250089134,0.0614402757227731,0.0526255987709291,1.7022256376335303,1.09644595324983,0.5477295520162818,0.176379640819396,0.1153346429074213,1.762138133669684,2.9568796303446097,0.9909390710257544,0.0012561134309294,1.46962296670408,0.7924527793352081,0.0409505568951155,2.899452421838489,0.5726822126086136
299,"Petrovski and Ristic 1984, M1E1",b25cf496-13f1-46ea-8d2a-0b8500e9ab78-007,0.0918782803475852,0.0916819179241515,0.0011740428123326,0.0954539873457787,0.0897366213164365,1.7416788530755645,1.0556095576132547,1.6776787468583845,0.4250603109925297,0.5961088431443599,0.3274617376255517,0.7187061709672284,0.7176565698014173,0.0043693442355667,3.5297351483098725,0.0352802851699624,0.0060393482063107,1.6969706736666994,0.8168558852962394
57,"Muguruma et al. 1989, AH-1",c07b40a2-84c5-4ee9-b2a9-f61af31649d3-007,0.0334426280323277,0.0333316919879098,0.001180343877312,0.0369022610742297,0.0300815865737964,0.8608815259022744,0.979728538156314,1.6510582754243304,0.3607711077010805,0.0192202073961311,0.3754428003456682,2.246219922230339,0.4905651689184993,0.0038293167718338,0.6400076484317421,0.1041440791431717,0.0004613780784743,1.8291424057026693,2.233458346834712
221,"Paultre et al., 2001, No. 806040",cf005892-7f82-4f90-ae95-cf3ad91ece89-007,0.0549257440445687,0.0547690600784077,0.0014984194375517,0.0695974281835207,0.0527230444193326,1.4920501031571585,1.004206147749284,0.5814816764899543,0.90991566085341,0.5609942012096772,1.5057065790227528,1.071886779799148,0.969336993466615,0.0009152618083786,3.492951335150441,0.5346109748543344,0.0036141124010943,5.271211006952317,1.6090617695155935
368,"Kowalsky et al. 1996, FL3",d0a65402-9963-4da8-a3d1-d5b52039b2f0-007,0.073347241821842,0.0732809048129612,0.0007110573788661,0.0756331930639256,0.0718281336825852,0.8987430870762835,1.0853387577800295,1.907911268244378,0.4493325142536965,0.5497959716872867,1.3810545436259218,0.8658878594783594,0.8256663113982379,0.0018110780094931,8.744185357302099,0.4353266137350748,0.0017327106143157,8.909962640405885,2.0326342627083607
397,"Soderstrom 2001,C3",f22d0c30-7093-4b60-b60e-04703c0de64a-007,0.0467004179048194,0.0466677362604134,0.0003930648816077,0.0477094137290082,0.045927509949895,0.8892110348362766,0.9290972901492348,1.190793603022331,0.2582906446062506,0.2215258363133834,0.7716292450902712,1.4400008484948252,0.9526032656791978,9.675221376017677e-05,3.5490548113228875,0.213465919248968,0.0011145788674906,4.514414039843852,0.4259530187848849
148,"Xiao and Martirossyan 1998, HC4-8L16-T10-0.2P",05371f66-b7ca-4cdb-8b59-da0c3df1e040-007,0.0516309580264886,0.0516868574067581,0.0009490213939681,0.0559999430565828,0.0489954819170205,0.8658282316731466,1.0271804149518544,0.5419851961295442,0.601770757280804,0.2186364501380475,1.4577358667797111,0.614312026799482,0.6144049767172409,0.0009970220553815,6.850929279743072,0.4484838947373576,0.0054685931575056,2.447234327120249,0.2827421152911502
387,"Saatcioglu and Baingo 1999, RC9",05a79eb4-922a-4ffa-90a6-9d01ad986fd1-007,0.0871549162418183,0.0867862343262031,0.0016264587818791,0.0927418925538373,0.0845537583349699,1.27717652487881,0.9770733395187164,1.845267938251688,0.6856654202417505,0.6297925077970549,1.6500679876575202,0.7790718136687483,0.9481172575799988,0.0001152457456135,4.9612017168940366,1.2347211813380687,0.0003283872106111,1.504958396051097,3.5975151746966296
1,"Gill et al. 1979, No. 1",08db691f-c14c-43ee-98c4-74a13c147cee-007,0.0604065001634615,0.0600319714990747,0.0022032632680257,0.0693438213104174,0.0558296404960011,0.8601177847964304,1.010046791002169,1.4164208833847882,0.5778336154489968,0.3217503251589071,1.312376404876353,0.8096294184018394,0.7955944813681359,0.0005277317849372,4.145051199707543,1.2244754093453487,0.0023478326721112,3.7724033308106217,0.6185370975562479
83,"Wight and Sozen 1973, No. 40.067(West)",095c2edd-b01e-41d0-bb7a-556c8cb1f2de-007,0.0503263476035174,0.0500981651684845,0.002082672317412,0.056996895322407,0.0460626169555342,0.8384510250421113,1.0955682535778857,0.7384591783307098,0.296436781575968,0.1180539949082614,0.8946883622951967,1.2249315598070474,0.3792537342021198,0.013133452367129,1.7344299153007,0.0609354576178739,0.0080570062803826,1.0827227318163335,0.3165968323504584
246,"Bechtoula, Kono, Arai and Watanabe, 2002, L1N60",0d2236cd-a062-43a9-aab6-1d00fdaa6618-007,0.0798620430902068,0.0796624144474462,0.0028032344890977,0.0883219516674401,0.0734163537830399,0.972468226817396,0.9356217159042354,1.212657384016564,0.1566881601513829,0.5285173259722885,2.216426523790344,0.8925711317527444,0.2653952621159651,0.0059740267033061,0.5708689366289963,1.112879487989104,0.0002578730057291,1.6040402470241186,1.4798689540647203
303,"Lim et al. 1990, Con1",0e3f14c2-0f3f-44a0-aa8c-666fd1f64e64-007,0.0977884498989667,0.0976812514549669,0.0013465518420036,0.1037276308757565,0.0950207062590305,0.6489978457988207,1.006020063009753,1.7290723402533177,0.1436114296181574,0.3790585927278633,9.425540317480888,2.8686983941360285,0.7652110273477962,0.0031613561856634,8.213949973802452,0.0155532627481548,0.0241143024821064,1.2551848259952183,0.5837646128612227
334,"Arakawa et al. 1988, No. 17",1434df1a-ad09-4c47-b6dc-29df7ca80162-007,0.0540871433841598,0.0539197305241615,0.0023800575693787,0.0627612684293442,0.0486059194317855,0.2424427862426146,1.0532458134048248,0.92880689710937,0.3826120556912608,0.145950746346338,4.550894892264787,0.2641214971776768,0.9857581395653572,0.0001455819803532,9.618872654786612,1.6717971133205416,0.0031589466675206,3.1245749656800106,4.25198087466086
298,"Wong et al. 1990, No. 3",15e027e2-baa5-4998-9a81-8482ebafd5f2-007,0.0427760198536326,0.042703683040696,0.0006025197600667,0.0451024573401403,0.0417016341933673,1.2831639050046266,1.085752407356006,1.4312080455850082,0.4787218091166534,0.1526496869060169,8.68437882889259,1.0646121396994397,0.7212399990399398,0.0005416860560443,0.3400612269272515,0.0378965545538401,0.0030761854121685,2.3299188077643618,0.714715152209087
6,"Ang et al. 1981, No. 4",15fd73c6-0aee-45c7-aa4f-3f7c9ad278b5-007,0.0492625755168957,0.0490703167611781,0.0014676400774033,0.0540818454734969,0.046486761650914,0.8088811856111812,0.9682169401014468,1.9965030706265297,0.3520402548779301,0.5243661349990953,0.4071323622638229,1.5386324796855355,0.8523413830768379,0.0001290376616673,0.8596598818590235,1.2515390040204486,0.0019843237770222,3.162816946509665,1.1869168238895813
118,"Galeota et al. 1996, CA2",1fcf14e2-4df4-4af0-bdab-0ccb2a158ab6-007,0.0466711205093142,0.0464808633399952,0.0018222119481718,0.0555743702052315,0.0429871783095061,1.1225572923660592,1.0057485176743752,1.3549010402035722,0.7254139188515335,0.8113362515697058,1.212950528493731,1.169416819537897,0.8320214003715142,0.0047651440174483,2.1555449815502783,0.5632804750409283,0.0139900915019115,9.679905562109228,0.7500338856633298
104,"Saatcioglu and Ozcebe 1989, U1",20861a22-910b-4b4e-93fb-053beca13ac4-007,0.0792185983715079,0.0792603229459868,0.0019969841315243,0.0866947173236245,0.0738247906053701,1.8567642310093864,0.9889834207263378,1.339218361547334,0.1978358481005281,0.3050021222527564,0.1281786477067991,0.0956288710346046,0.4487911453987555,0.0020103204977531,1.5261914192728794,1.060235457573842,0.0479634041670787,4.909854402909522,0.2628402841067063
220,"Paultre and Legeron, 2000, No. 10013040",2aca2172-ae0a-4995-83fb-00e4c3dee22e-007,0.0595754129107463,0.0592061192470862,0.0029135812420149,0.0707164321289737,0.0527347092667633,1.1810567144170745,0.9260099235098388,1.4125229284945695,0.5509969825384251,0.0288780716902554,2.460636775344505,0.4170017244758266,0.5344983346077279,0.0097889493327399,3.903056997897429,0.3923926240800638,0.0316302800610039,3.508001282804282,2.5149606411720327
318,"BRI No. 3 (Japan), ws26bs",2c402075-34ca-4ea6-b567-62e8a1036dd5-007,0.078469108839104,0.0782270614100816,0.0012461343371249,0.0811673553402649,0.076188515952611,1.958499913055036,0.9243995222142016,1.6633716692376157,0.6092313739087983,0.928912814691444,8.95614259051278,0.6719705516982037,0.9956467299993104,0.0485540277183344,0.5170643230803182,0.011452644894588,0.006712212996479,3.586371270598872,0.2837725733773245
289,"Ang et al. 1985, No. 23",2de73385-d434-4a9b-ae09-bd6cc786beab-007,0.0672647719727765,0.0671344459286028,0.0014242885832151,0.0709963374215467,0.0636188356129563,0.5013438905401992,1.0466676387239875,0.9187078048465424,0.1953822797154862,0.1660991503243822,1.5605273807063655,1.207274398411842,0.9058614248496912,0.0078928261648433,7.874983108869682,1.0436698229482435,0.0470345337669235,5.56368425750037,0.2547541502637889
119,"Galeota et al. 1996, CA3",39a1cdcb-0b51-4d01-8d10-9ca6323e7034-007,0.0696235509783084,0.0690112426568279,0.0021025445382241,0.0795709798285135,0.0665443302319898,1.6219256290415542,1.0406138243591465,0.626351514163415,0.5773150340644007,0.3807278710855182,1.4634200786917728,0.5652296574882022,0.5144954931743774,0.0011462245386574,2.87913827675566,0.189236288938794,0.0280324672993358,6.927614484071244,0.795075126891024
288,"Ang et al. 1985, No. 22",3cbcbe2c-7558-4cbd-a482-11cfaedacb42-007,0.0508954098940903,0.0509924106200825,0.0015721585438556,0.0556257138689039,0.0475387774982223,0.2032871731400453,1.0274134730225968,1.4024836335465476,0.176203653995586,0.0934407795890403,3.0559860527355367,0.7837242563662424,0.7948666376552928,5.211205548228245e-05,8.3204462565612,1.1807967256209189,0.0217671045720675,1.2557163779236542,0.7788933073203658
172,"Saatcioglu and Grira 1999, BG-8",40267dcb-be3d-4295-b33e-f047ec7563bf-007,0.0363419069882619,0.036244516829907,0.0008054662719866,0.0393443845568198,0.0347501783912422,1.4336926541030477,1.028677195347432,1.894916517386932,0.525438401545463,0.5435061418487366,1.188800452758661,0.7778939943629974,0.8409102845477013,0.0005613452801518,5.857905545372735,0.5377323758167047,0.003925874106481,4.276600076807769,0.5630496479191032
21,"Tanaka and Park 1990, No. 4",42a2112a-a353-4c80-b411-1fc8f8456f4b-007,0.0586459730678631,0.0583263890964256,0.0015499379844922,0.0650183833985014,0.055437275695495,0.7622824606694739,1.000750935353675,1.873759688374637,0.4677284205530364,0.6818732119119223,1.5374494885845056,0.9298066427228132,0.9097903530956454,0.0001631427512888,2.1547303829502344,0.9327192877102374,0.0014858363832165,3.030182068717656,0.6858069091188352
329,"Arakawa et al. 1987, No. 12",494855be-b0c4-4530-b02f-52f831fbff6d-007,0.0633155769320114,0.0631034353515303,0.0018567545625029,0.0702627347420828,0.059921423397685,1.9837369850975304,1.016416886582283,1.364907254310505,0.2409836224376019,0.1967300833445176,1.9762123649418069,3.333125317705997,0.8806176059871467,8.953873897869416e-05,1.3004173091451143,0.4341764448801395,0.0471133756855056,7.554133320961697,0.4174603218820902
95,"Atalay and Penzien 1975, No. 10",4f18ae5e-e6d8-4fc9-91da-0b35c31f45d5-007,0.0481391060559047,0.0480626385902708,0.0009267041295526,0.0512663686184793,0.0464804960096075,1.118429720916926,1.0797808353911802,1.1035136819908664,0.6624882431266689,0.429744814071808,1.2356965491629597,0.2663807498730202,0.6718905372561066,0.0012067094015877,8.085945009668288,1.3222052307303802,0.0208300125487786,7.983382148167422,0.748924766857536
363,"Vu et al. 1998, NH4",4fe4d7b9-ca65-4444-bba9-7e335d2ec60e-007,0.0427203850387468,0.042612354996144,0.0006880510800439,0.045877596088573,0.0409957196515003,1.2622532239084,1.0776243510451653,1.8029779518955724,0.4089447135707802,0.5591957016770115,0.4877402720925243,0.4642109825401565,0.9527826987968896,0.0009254045036983,5.561157655371601,1.6885462069592625,0.0050546468005148,3.5875190583829006,0.3892229276034605
102,"Azizinamini et al. 1988, NC-2",531e0646-38fa-4b75-9563-ba2b6c53fbb8-007,0.0554139414882425,0.0553302941893305,0.0012701785409853,0.0606769622049264,0.0530640256228173,0.5107874698037683,1.0509925332521677,1.143269695981713,0.6004986844399176,0.6041732464874814,1.470589049082068,0.2733363112635484,0.838345683653881,0.0013731015194923,6.524765772164863,0.0134496059955127,0.0061618941396549,6.678031550638353,0.6930261007795282
266,"Potangaroa et al. 1979, No. 5B",5524b2aa-0c0c-4fed-b45e-d66debc2cf3a-007,0.0496460458154447,0.0491164419682775,0.0028517430280159,0.0633586494155907,0.0451486710275655,1.5252849826803216,0.9542945756817844,1.912632880561228,0.3430954472518485,0.1351318193319285,1.38537773156946,4.291493140082361,0.7697487389958444,0.0170598496813433,5.043173903345013,1.98119707719812,0.0092507930394275,1.8099863293421776,0.3581902827443479
226,"Paultre et al., 2001, No. 1006052",552ac52a-53c1-4c89-80fc-52bb122e5269-007,0.0861406939183379,0.0853425478487873,0.003630846262131,0.1127042487673623,0.0805323454271312,0.870601881157366,1.0739577274682297,0.64377417558184,0.8639387221332637,0.5875587924260277,2.2466784088159555,0.4005250451459197,0.666112450391735,0.0005660460345555,9.96496506560764,0.3162874073362257,0.0158565875088498,3.408329394681696,2.160905711574433
270,"Ang et al. 1985, No. 4",5b7de272-fc62-4455-bc8b-d6784820abce-007,0.0427503798308121,0.042102193949577,0.0026846952988208,0.0524499988611783,0.0377775652110473,0.1524841536754516,0.964269445070349,1.480794945616289,0.1369785839161989,0.1106714714839627,3.259623681328009,2.094222612624774,0.8191167160073033,0.0229213427352955,6.155430884707257,0.104666457711391,0.0140244760766061,1.9189809188334623,1.4591345264237734
174,"Saatcioglu and Grira 1999, BG-10",5ee04158-dede-450e-84a0-6a1014171d16-007,0.073935180292243,0.0737697802730746,0.0010869782794241,0.0775986354292226,0.071785998081556,1.52317913631514,1.0994514757837814,1.5454349050912783,0.5107849696860008,0.577173173574381,1.122380615240319,0.746631703118454,0.8751303274818748,0.0039231030706562,8.864134392190401,0.8555817126697044,0.0039674548670438,2.842789874814285,0.9770825102524064
314,"BRI No. 2 (Japan), spbaa1",601d0e7e-d0d7-41b2-bb89-524b243d495a-007,0.0532366400154418,0.053176915663826,0.0006952852707512,0.0555532113291716,0.0519128709957945,0.3055079731014016,1.060155503055662,1.9405856515517024,0.4151604761622542,0.1655609176456281,2.200330407699828,0.8253501865942193,0.8098998340306381,0.0001079314792385,8.645856243374352,1.8965645369680628,0.0011020039785481,1.3810084778183556,0.9364064981036936
355,"Kunnath et al. 1997, A11",658ff5c4-d4bb-49b3-aae7-10d923c4614e-007,0.0639467644858476,0.0638262697463189,0.0005073564843229,0.066519459665996,0.0634427470940265,0.7956450342986288,0.9325188325616453,1.8733010051911627,0.1458328163561792,0.6437645878903541,0.8115282939931403,0.9605572541998704,0.4332829501207681,0.0485375554726203,4.825483255501926,0.0138739425005727,0.0090726737344175,3.2548203417437453,0.5247226816150005
365,"Vu et al. 1998, NH6",6dd59525-07aa-4d94-badc-19405a02c483-007,0.0311711684926282,0.031129977965505,0.0003974071872919,0.0324316654692928,0.0303559829239065,1.9057687243553223,0.94259195758615,1.7270769114947129,0.4461847786381315,0.6417152009903918,0.6255174905455085,0.2850292517957068,0.9272362662774726,9.387928502784485e-05,7.995855149041054,1.241956077448623,0.0003078222974563,8.603757965509843,0.4819450260229678
295,"Watson and Park 1989, No 11",6efe8aa5-a28f-4661-be29-84dc254f0291-007,0.0827368779913012,0.0824492208128717,0.0031315007613976,0.0928445816195141,0.0762022020287738,1.644946817270997,0.9532513310256668,1.5068749657040623,0.3256568742228926,0.3195461626647448,0.0691105364057256,2.0256644616151185,0.639457967827673,0.0036408385836121,2.511406633386573,0.5683791855524555,0.0121005947782939,2.316112339502147,2.129176165881694
60,"Muguruma et al. 1989, BL-1",6f7a8297-d2ac-44e9-a71f-b4c7433b88b3-007,0.0561288819749321,0.0559744946988283,0.0018052238585049,0.0636140335198043,0.0526559096875386,1.491869234595404,0.9978014684678976,0.8520556664985948,0.8334878646085428,0.8305404177119151,3.268430814761827,1.6060374818762817,0.6933888286649261,0.0056012420011149,1.3800044712380342,0.3827856828400588,0.0044555114125744,4.760493877495848,0.6187992963122932
144,"Lynn et al. 1996, 3SMD12",732bd5be-4e75-42e4-aa5a-8c755c7d073e-007,0.0612684003320563,0.060995284400033,0.0018312021931913,0.0691536746600941,0.0577394165456738,0.6333216311997818,1.060514880530144,0.8023890487008345,0.4911857709711159,0.1133991896453805,3.0095207029917885,0.8965563048611316,0.7142695327316404,0.0049809860034921,4.311395851695886,1.641010202808854,0.0196507105995582,1.0031267001088913,1.9896811878218856
99,"Umehara and Jirsa 1982, CUW",740b6de4-5242-4f74-8099-6e9c39745aa1-007,0.1461130687215182,0.1461130687215181,2.775557561562892e-17,0.1461130687215181,0.1461130687215181,0.68615537151782,0.9188197964351252,1.6671239482636828,0.2617571704414898,0.5575242247131125,1.2131888937764077,0.4575832437569457,0.467101921114443,0.0103114892826528,3.9269110612516753,1.1987441182389875,0.0479981249783439,5.034513819995697,0.2816789453255399
17,"Watson and Park 1989, No. 9",75ff14c3-674c-4ba3-b54e-d0c9e3843e75-007,0.0689548314423009,0.0684051329915235,0.0019400955972901,0.0786081663941973,0.0655319214700568,1.8257727013785752,0.9107376509001648,1.461461432355401,0.2882217467987298,0.0323876823999079,1.6833274799970386,2.6463440785055408,0.1719847434889144,0.0095503938652366,1.3057843256171795,0.1537978287026757,0.001371044164315,1.611632460252129,2.424960379778777
27,"Arakawa et al. 1982, No. 102",78afa219-fb02-4b2f-bbf8-2432dafbd441-007,0.0380723696236954,0.0378697141120871,0.0012332895931214,0.0439382762892724,0.0354231814958842,0.1771690702045084,0.9643240154056654,0.5897833414145937,0.9131021412730392,0.0320558581509804,2.171927876118632,0.8804976861149694,0.9963498372484072,0.0155844718818895,4.144528413250081,0.3167542782429404,0.0067634067317162,4.95208216082606,0.9682670914024958
114,"Galeota et al. 1996, BA2",7e7541bd-ba20-4d20-aece-d645cc1b9c3b-007,0.0641995860611041,0.0634349212473725,0.0042508345842232,0.0816232783774741,0.056285726954993,0.5124885764212013,1.0953594100927349,1.2942264472714995,0.5111496863619917,0.631183451323039,2.469243719985092,0.863571244144574,0.7515252612885853,0.0002901193583806,3.018712274581362,1.258752397177766,0.0180768460294255,5.635939595211937,2.9372519143557465
10,"Soesianawati et al. 1986, No. 4",7eacee6a-d451-420f-b1d9-abd75f0aa8a9-007,0.0522336310076915,0.0521470677919997,0.0009639936475827,0.0559133382945702,0.0505149657938425,1.593612226889114,0.9974282008266522,1.6494252628448585,0.3057192217474981,0.5104812884961758,8.496596710122764,9.65723485766144,0.2279188411505206,0.0019803608642894,0.3665862289983203,0.132212579503658,0.0025346649219598,2.25757926236865,1.6472863630028107
293,"Zahn et al. 1986, No. 6",7ee602d8-6dfd-4db0-81b0-1f08dcecdd6f-007,0.0828933210880637,0.0825531303712116,0.0024796551865404,0.0921506200546251,0.0781299409665324,1.7054099017153554,0.9847752640990104,1.033671149800385,0.3983482801646099,0.4838393316072162,0.9915282430382214,1.1386657413437633,0.5223578451390369,0.0025394731109667,8.69887145271603,0.1062500714471424,0.0058766751525294,1.395416989674413,1.5151638420360662
359,"Hose et al., 1997, SRPH1",8732355d-4054-4deb-baa2-bf1ada944e0e-007,0.0775546785038536,0.0773935243792202,0.0009706151357811,0.0827193454703045,0.0756221152959187,1.7636261056134228,0.9322440737387284,1.0506552122504471,0.2927839878364893,0.5397372021912534,1.093573627410088,0.1818279872226791,0.5266110704206828,0.0187537356900298,4.079362224119489,1.369840636091143,0.003508073924422,9.15334252817777,0.6821298205851757
375,"Calderone et al. 2000, 828",893d27c1-8bca-4e61-b165-a6df34de9023-007,0.0727492022335346,0.0727220791283308,0.0017769864579889,0.078181315539135,0.068215978512925,0.5655322913603138,0.9246168118637628,1.7692807822099506,0.1523544357126668,0.7534438991516751,1.505023030878936,0.2519033161557503,0.9102925517735708,0.0322025141074618,6.416996346588107,0.1818330153926453,0.0023554116981334,2.0135438806313872,0.7732572149688532
26,"Park and Paulay 1990, No. 9",8c08f492-244c-428b-8f11-6da22c2f8a1c-007,0.0348319837285253,0.0346862570178485,0.001189469821149,0.038129591236252,0.0323672099615504,1.7392989957580356,0.9765681002816028,1.491070444177684,0.4059487988500488,0.5753833777600049,1.293530696459401,0.7563750566085847,0.8105533825098147,0.0005970195603008,5.427468514969011,0.5793122454670947,0.0002935750220577,5.610799079830391,0.4188657220493195
285,"Ang et al. 1985, No. 19",8d899438-a9ce-43b6-8519-acc793085446-007,0.0488578308784739,0.048759844109839,0.0012108914752911,0.0536393763620017,0.0461716181994814,0.1730539952301305,1.0465895600277475,1.8733265566398825,0.2382032961989608,0.1351152970705269,3.819120497346892,1.788450657294132,0.9097358491016388,0.0001616233937676,9.874649595165542,0.8445537360980856,0.0290256880315493,1.40295391071371,0.7708249831540512
294,"Watson and Park 1989, No 10",98675486-7554-4e5d-9cd7-958084961faa-007,0.0616898070898699,0.0613550465054658,0.0019376284926367,0.069800711515055,0.0571034729698797,1.475457237207058,1.044557910079532,1.0799218320627488,0.3562191679906189,0.1068139547885934,1.5014869730170206,0.2372922170494797,0.2987577790330737,0.0124947741720054,1.491189508362992,0.3939642396199928,0.012682055682037,1.6221255204464258,2.985903224271093
345,"Arakawa et al. 1988, No. 28",99f9abdf-5e3f-46b5-80cd-9f5950b28f71-007,0.143049420288787,0.1427022231612552,0.0009941774677673,0.1458026588625585,0.1423930106480286,0.1920535894455602,1.0045694930259437,1.1301860188319723,0.5664177523298355,0.4310450955143138,1.5297188574281964,3.4110063933991084,0.1594707178620729,0.013669068344701,8.963117274794662,1.4236443157318983,0.0240380684863866,7.054013291559968,1.9120577874114384
152,"Sugano 1996, UC15H",9d164f80-5921-4874-ae6d-d31cbed2619c-007,0.0475211763500159,0.0473115186209788,0.0018911866547842,0.0552229395842532,0.0435722483871449,0.8304227636177596,1.0810987344392486,0.6894479591412573,0.5886541985342069,0.2819629766495681,1.5555171705493511,0.8150520108802879,0.5822428859247684,0.0004419649153568,3.715139218085165,1.1254225552628545,0.0069130424337021,1.0473496933890185,1.9499609868160936
76,"Wight and Sozen 1973, No. 40.048(East)",a2a9b24a-6c6f-4840-91d1-91520bb87510-007,0.0798119238496763,0.079420598461319,0.0018290773514545,0.0864726909057384,0.0765912260486512,0.5403013862458997,1.0113079700237038,1.6841466731830306,0.2307513752048234,0.1961766767182266,1.0947481617292114,1.2359279911244148,0.6746627772794603,0.0307493176537016,4.40369505674275,0.0721613579959723,0.0290343941050581,5.850365857941365,0.3843102058282429
11,"Zahn et al. 1986, No. 7",a3771ba3-e219-4c6f-adf3-376e82fe2316-007,0.055433696275969,0.0550980827613163,0.0019072471140948,0.0676304448041072,0.0521659775893485,1.971254924511136,0.9512209557212764,1.9752319376353031,0.457689668210966,0.479439339590976,0.9518635189042924,1.1924616786089384,0.8010348359576277,0.0133556852663207,2.494043668093554,0.192040619734621,0.0099114254611314,6.683219665453774,0.5691381739739696
56,"Muguruma et al. 1989, AL-1",a4481a5e-b464-4893-8ebb-88344a4b91a2-007,0.035818155559247,0.035589593006603,0.0011360470522119,0.0397904649120117,0.0336729812168518,1.1913282245110757,0.993002790180634,0.8855461375904707,0.6207673407373909,0.4767232386953578,1.5818093620198193,0.7689462364009104,0.6615851616186095,0.0021777140609548,1.3680642966195289,1.0280442082472414,0.0014418732237469,3.615959062439316,1.0923391589089817
401,"Graff, 2001,C7",a49aef60-424f-442f-82b3-5dbdab7db90b-007,0.0489759613342676,0.0489018854080812,0.0005122362968587,0.0509802969089814,0.0478045709591006,1.197144062554644,1.0809284132176626,0.5447696327429842,0.3577109105856339,0.3191447869995015,1.2025955301276052,1.3775863995578044,0.8666932803467879,0.0001371808441543,4.437237366454785,0.9502644501106003,0.0099704374281067,9.1106151903833,0.6906731521401072
304,"Lim et al. 1990, Con2",ab6ffcb5-dade-4de6-99d8-779fa6942ba5-007,0.0596100263762382,0.0595592501237721,0.0010033024770959,0.0638636479200544,0.057372685338627,1.087069488040668,0.9906502272446002,1.6722051852304547,0.3131918798016945,0.6677900130165689,0.7574981905339999,0.9058356375764868,0.8958309664675695,0.0009436508409576,9.206583642936849,0.8128165332914731,0.0018716558598846,4.795857445459423,0.4112368023356936
312,"NIST, Model N5",b3b0d758-6586-4d50-8c30-6b66db0dd800-007,0.0633667868860956,0.0631249135814125,0.0016590531938591,0.0733990832081634,0.0603285700864587,0.614818999403294,0.9618003679325142,1.2712567848245924,0.3228864886752078,0.2960941229968756,1.5024170016040137,0.7786231340760127,0.6541494525540561,0.0047207496491317,9.411911200532254,0.4809655217447123,0.0039266856050986,2.9343751165829373,0.9080482933371736
113,"Galeota et al. 1996, BA1",b4276509-a97b-4931-8c45-ede861825ae2-007,0.0473126910760332,0.0469453130764522,0.0020774363393193,0.0549285662315488,0.0434462108427506,0.6462828966248431,1.0767956769814004,1.6016488539457645,0.5252127097405739,0.7176524829559163,3.2223562501954817,1.26149400285149,0.6880023490551649,0.000117361687273,2.2105762915816767,0.2311452972944022,0.043957067502172,6.108585664334999,2.409730370337104
179,"Matamoros et al. 1999,C10-20N",b8303912-6e0e-470a-bc71-0f89a7664a0f-007,0.0481897174875026,0.0479765631154991,0.0014623891190728,0.0531089411139416,0.0455077082232977,0.739488490887683,1.0092073810669355,0.8621570595060392,0.9319863781553822,0.7768141666077115,7.979433877834646,0.8288975285615083,0.2924497759248076,0.0421130301676938,0.4363692026475714,0.1443901962354254,0.0302627796482906,4.91984641477275,0.2121723249807716
386,"Saatcioglu and Baingo 1999, RC8",bbc96702-cf3a-4c2d-aed4-5e1a22586f52-007,0.0907313873758564,0.0905945082254954,0.001661537644467,0.0966171770236871,0.0874098660447582,1.4481456045459131,1.068442870941545,1.353102226291656,0.3388098941916528,0.355129996340611,0.6718744759282343,0.9165744454913906,0.5419536346649712,0.0001612746605865,4.923412128753003,1.824662707600737,0.0056628676285187,1.4760771377084154,1.5380155832524292
354,"Kunnath et al. 1997, A10",be0d0f41-2ce9-457a-b04e-331c99c615b4-007,0.0665419705979504,0.0664624600898111,0.0004962725840963,0.07059381546721,0.0658139928037459,1.12998107901787,0.908131412963428,1.9477541059269363,0.2468719737080065,0.6060222103612033,1.240465182287861,2.7974343187170096,0.9651759908692156,0.0134966517328912,1.3603350120349245,0.5072350302328514,0.0010970533455349,3.842145627298883,0.4780068337850094
328,"Arakawa et al. 1987, No. 11",c15902b5-d0c1-4d99-9cea-ad871cc70a4b-007,0.0368901406496717,0.0367118241505514,0.0021410362337153,0.043735821115214,0.0321947715892265,0.7266965497724608,0.9668920499138548,1.119070931327384,0.298690330206988,0.2605972644751708,2.736968126463526,6.937252212187726,0.7843566834441986,0.0017590876139732,0.7302961494498219,0.5089677148596093,0.0463816620642538,2.7797069427374663,1.6140347680529386
338,"Arakawa et al. 1988, No. 21",c2a26e5d-504e-4dd4-b400-d82e2ea57255-007,0.0316188254355199,0.0314472533958769,0.0009396340424867,0.0368580337978785,0.0299870625989315,0.4560521581152135,1.0377593898805144,1.5854933935154982,0.5452694462822003,0.4638240245455858,0.6833194343009236,0.2584339681987814,0.9850040651384768,6.325462250277954e-05,7.70861788375048,0.3664769414065965,0.000745135902083,9.310753271263334,2.1323736096006343
277,"Ang et al. 1985, No. 11",c33ab8aa-35bb-4d60-b3dd-d988b1a4532a-007,0.064012744243297,0.0636445325368164,0.0016084198908975,0.0729378570674144,0.0620357357217439,0.3015140708730112,0.9173036284994036,1.959155253221141,0.4942094665317403,0.5348608013186577,1.796543498249214,0.0142804720831577,0.6024049080112717,0.0125234167738601,7.44158057503937,1.2703652888478572,0.0479988489567051,1.1352046494385584,0.9431026031572768
51,"Kanda et al. 1988, 85PDC-1",c5a1dc7d-0ffd-4fd6-a82d-6e628669006d-007,0.0493865032216298,0.0493546507220364,0.000952746099738,0.052804172588173,0.0473618479205954,0.5599315569664703,0.9015281195455332,1.7520117751178748,0.1683574031493627,0.4272250302851068,7.251243742732138,6.420122040734651,0.4980618930771094,0.0291544152469838,0.4540474289376754,0.2662115677814535,0.007744601881797,4.948303155127298,0.6978173662959629
373,"Lehman et al. 1998, 430",c86f2dd8-e340-4a6b-8cae-0c38f70fc0cf-007,0.0565057824170292,0.056473146781838,0.0007477534453477,0.058956909252365,0.0547257540096699,1.4486794558828555,1.0954650152605525,0.7160659296625481,0.4097232487358628,0.6280098315275243,0.9199543669287312,0.4416612070760071,0.7063242567351399,0.0001593299149823,5.326644664072223,0.8932698529849707,0.022181448458487,7.377218930557708,0.4855434859757294
142,"Lynn et al. 1996, 3SLH18",c9bc8d0f-a42e-41b4-b79b-3f45e2aaa6ba-007,0.0312146929918374,0.031156410212605,0.000741451390511,0.0360171969946597,0.0295302076550943,0.4074536067915632,1.0370405123736062,1.029228257616241,0.1678915072269742,0.1073066327272291,4.790715316398495,4.647019614362165,0.8584477395951284,5.11845096543741e-05,2.9141655706159755,0.414475768761733,0.0277489697889445,1.1141868579950371,3.75896334283908
271,"Ang et al. 1985, No. 5",d2e3e63e-6a7d-4c13-9e4f-bf0d75bcc321-007,0.0433440322744201,0.0432254826480295,0.0016023742725296,0.0495073366496898,0.0390910171972877,0.1785372458915879,1.0277439028056976,1.7032385752804255,0.0294672979673501,0.0952846813028458,1.983336169168317,1.470709454397604,0.7332386410703411,0.0188276050824384,3.454019516578224,0.0408422001649969,0.0293674135817116,2.221026533801519,0.2655610903647885
416,"McDaniel, 1997, S2",d5ef9a47-67d6-419c-b496-25f8b7f1057f-007,0.054715707560361,0.0544699257129382,0.0016016458567907,0.0657685937635733,0.0522915357797785,0.2045842163852417,1.099256624843037,1.0661786187600857,0.1503606265511061,0.1427076195159424,4.641462939880109,3.7157635585067808,0.9151171400426308,0.0006016775111379,2.2297089083682584,0.7464243495169098,0.0310821839378625,1.1346810984769635,1.0044270718890245
163,"Bayrak and Sheikh 1996, AS-7HT",d602f924-3b22-4eb2-a1b7-27ac1c3f0057-007,0.0574971980506813,0.0571947746938021,0.0033303538836155,0.0728397105472489,0.0511081858677906,1.7003701423743411,1.0192733608306053,1.1423198622925856,0.9458309323761092,0.2561074005280095,1.3654151049988117,0.3640633209409257,0.7970219235749337,0.0004062309870765,9.399978094283735,1.9709816191807543,0.0144856659090447,4.459218075777915,4.295641484964331
66,"Sakai et al. 1990, B1",dd160887-2a5d-4975-a33f-39947eabf7cd-007,0.0729720385832737,0.0726225887948402,0.0029767362357955,0.0825862886979773,0.0660204083387479,0.5661476141451965,1.0979724551742152,1.1462272578639117,0.296597334574606,0.4236578341576252,0.7453703384500022,2.091465585143636,0.907447839791493,0.0110200553103977,3.93846508806331,1.9587424094213768,0.0252181405599424,1.3313322678140989,1.0787489479260668
362,"Vu et al. 1998, NH3",e557334b-afaa-4fe8-9256-670a95953c71-007,0.0517781523529441,0.0515246757836775,0.0018855188473528,0.0706978456156604,0.0496666907917016,0.2932095286895753,0.991782431479958,1.584848088745466,0.6203088226430167,0.8108065310438947,1.475751071870564,0.0910035222717726,0.946756891671202,0.0003403519067494,9.006963553382212,0.6806405647303643,6.259644802393731e-05,6.441798427779176,2.88068099074974
16,"Watson and Park 1989, No. 8",e79ae509-5a83-44c1-a1b0-410b4f67e042-007,0.0839519289096704,0.0835571520397996,0.0024525123877659,0.0933481861451966,0.0781507068258536,1.8198085138137816,0.930558254693068,1.816279231560616,0.7419432919349128,0.3117624033042185,2.351284584891573,0.0374186905633026,0.3029072727943899,0.0042846438660203,1.4146375493917902,0.2883647340720347,0.0040858688460665,1.857536791472891,2.3060686542559545
291,"Ang et al. 1985, No. 25",e959c125-c19b-4db5-8bc8-620793da0549-007,0.0512025275259496,0.051067571397515,0.0011722340742536,0.0542610854475329,0.0486350064035336,0.1516185722117975,1.0706245263070973,1.385740772926919,0.2643218757938675,0.2422852798445493,4.811930198429079,2.790792868095428,0.9878701665154732,0.0001321186411449,4.695146277115723,1.836799185206957,0.0182138374357832,8.01895039941901,0.9009033368891896
47,"Zhou et al. 1987, No. 322-07",ed0e0dfb-c1ba-4263-82ce-8bdda04c6409-007,0.1136063900704913,0.1136119539088389,0.0039695851484078,0.1272867663540904,0.1045263599647037,0.6577102267421501,0.994884511710851,1.9239842720571243,0.4382663852242808,0.6404566223158379,2.416053346686593,0.3846032225104011,0.5876669409659864,0.004720142437784,9.607956075526875,0.5704244520046995,0.0070747660772251,2.68768301490156,1.262000968557481
356,"Kunnath et al. 1997, A12",ee7b35c3-c265-41b9-a63e-6eaf3803c8bc-007,0.0684293838743473,0.0683104882462146,0.0005807728235314,0.0726282879271458,0.0678208486663981,1.853546106826767,1.0883353932976645,1.967628195753808,0.0898700176143258,0.4905488689020938,0.3811889289039106,6.372848314766452,0.9614795858575268,0.0075288042285777,2.456058065331425,0.038551830044507,0.0178324908738507,3.0449585133763244,0.3818465265622171
139,"Lynn et al. 1998, 2CMH18",05c9b502-eef1-4ff6-96ba-0c24f50dc295-007,0.0406867688860236,0.0406031116202344,0.0011204082214155,0.0470059621408845,0.0373908460733974,0.9139490613762938,0.9517205997418048,1.4744977892140587,0.8379045268296067,0.4417082055755129,0.1688687444459952,0.9254879150153584,0.5755431887296205,0.0307372001370373,0.2625879503647511,0.4666159231291827,0.0047820143467569,1.3805306792646097,2.8793960537680863
301,"Petrovsky and Ristic 1984, M2E1",0bf5a557-2755-4d34-bbdf-a2a14ab37164-007,0.0690297048371758,0.0689732617932547,0.0004809091777671,0.0711821678994897,0.0680941666386634,0.885111913157409,1.006220881062492,1.2224455272916157,0.3069860823425978,0.5174242845786162,0.8960216906440015,1.2241106171155458,0.983607549637633,0.0004623415426355,8.983143518813145,1.836990780630824,0.0018811238211997,5.538987262818021,0.502199189123479
141,"Lynn et al. 1998, 3CMD12",0c30b3dd-faca-48db-b973-720f71102db7-007,0.0747233119881857,0.0747565102648833,0.0017656282993967,0.0868377320425256,0.0713534933981411,0.5960664109655794,1.0963869782581264,1.807088124512624,0.6555153990272886,0.1055667318850316,0.3663072215300469,0.1584363853003585,0.8094902994664632,0.0037609092588916,6.993873980504413,1.6173609564280582,0.0243621462054424,1.9847572960375384,2.257386736258712
272,"Ang et al. 1985, No. 6",11143bf5-f445-4e6b-8d9a-43728158c7df-007,0.0302873941378793,0.0301717036755165,0.0012213263751373,0.0354673408257147,0.0275591229206046,0.1469717098241785,0.9386154233128072,1.8773892795745928,0.1740882005656767,0.0636781849243396,2.47239186203138,1.7027953909376952,0.8019998092169154,0.0016237311165108,4.365437432357687,0.905773414602708,0.021282198376563,1.646189938121737,0.6581331470008897
7,"Soesianawati et al. 1986, No. 1",11329922-d141-4bc1-b4e2-f361d2345e10-007,0.0539918297585039,0.0536350418220054,0.0015081967221114,0.0589203689934941,0.0515382737992145,1.7688167020772434,0.995737941345218,1.7977645041792711,0.442096885565771,0.5146100595559004,0.6844224299917118,1.3252680204541478,0.9568046398437888,0.0010751352753929,3.0652614045846414,1.1646619573330317,0.0044738341993604,6.219260081798669,0.4235141327837765
343,"Arakawa et al. 1988, No. 26",15c96508-32b6-4424-b303-56d72a83cc97-007,0.030840096364882,0.0307373810867289,0.0007006081472201,0.0328187268596263,0.029250999126876,1.1832652635384755,1.096219460468716,0.5510100337415118,0.6185809176587858,0.3880898388066151,0.6572688374544811,0.9440113896412164,0.9943848949258892,0.0061156900685211,7.172217053578013,0.0125848444398868,0.0078181556592543,3.860456208549278,0.786316228442909
28,"Nagasaka 1982, HPRC10-63",1aef81ea-00a2-4175-984e-8ba1fde544bb-007,0.1265590997096534,0.1267028992756205,0.0004557624367454,0.1267028992756205,0.1248991528810047,0.1219142598050954,0.9546771117378152,1.920788308100206,0.4576570389234274,0.4189905474144648,8.162814556609312,7.26145362186812,0.5544204553458243,0.0138204746068889,3.398403782460529,1.511561000648896,0.0238652071345153,2.2096976572287814,0.8692298245440097
380,"Saatcioglu and Baingo 1999, RC1",1d266eea-c426-40c5-b874-4da0c01e2192-007,0.1409534751953485,0.1408374316786756,0.0020406387749921,0.1479809478688393,0.135655272668037,1.671672655789577,0.929570143349544,1.7296547143451886,0.0557588870578553,0.5755218902831267,8.223086561763104,7.292344813535901,0.7685169988885924,0.0342753251871691,1.959458213390968,0.0763373576366763,0.006014110147224,2.0247436652504187,0.7840868865598304
50,"Kanda et al. 1988, 85STC-3",20c26d3c-5a63-4bb5-9a15-756d32696f75-007,0.0703894646703107,0.0703706131936658,0.0007679226304366,0.07260056940667,0.0687803673438369,0.4298060796658807,1.0496993607365457,0.7388496799441909,0.4347861730086268,0.339697371541494,1.59898343798603,0.7676112418282552,0.7763486404096905,9.025558053241835e-06,8.34761468953448,1.4586946141583017,0.0018093249485407,6.80569466645577,0.7376381202356789
115,"Galeota et al. 1996, BA3",258875b0-964e-493c-8456-f24c91430deb-007,0.0966640492644455,0.0956658089299342,0.0068881805334036,0.119355141351991,0.0839468015849105,0.5707637396892885,1.0671609401178368,1.0782116271196294,0.828467862481753,0.7817089890560471,1.2925819176237625,0.8971476796057162,0.9387400116112794,0.0012107498556338,6.807997360432431,0.5345530236875758,0.0318964435635808,8.365691956336741,2.9676793167823883
31,"Ohno and Nishioka 1984, L2",2790e893-bfa1-4e16-b9aa-cfebb8f48148-007,0.0408931391520412,0.0407970606926809,0.0011416401597853,0.0448539355326465,0.0386177278200754,1.1179320192101103,0.9622204686940864,1.2708733709558484,0.4737310050383939,0.6557970969934542,1.652368707698253,0.7843699075990572,0.7683150437394318,0.0002291703537605,9.733220413315175,0.1232134963468308,0.0003324927620854,5.232922559980943,0.4480710340191439
45,"Zhou et al. 1987, No. 302-07",28e473c1-55e1-4f72-b577-0d809394037d-007,0.0723159012396578,0.0718881571656303,0.0037796103467461,0.0833512176843695,0.0636876725100271,1.0812508531796607,1.0121880134695556,1.400554232960713,0.7257072801585793,0.47127883642711,1.604180318379932,2.106108981164445,0.9269722900797984,0.0011846453574654,7.4467144909053316,0.1869513971595243,0.0068534744716557,7.182799873669129,2.494013623387181
399,"Graff, 2001,C5",2aadd5af-4837-4ccd-afbc-abd0fefa8264-007,0.0557881147582344,0.0557576657198364,0.0005307541413156,0.0581877350004644,0.0545438997049012,0.7924093719298958,1.0622180226309434,0.5501060269845045,0.4591612697595479,0.3468959015625626,1.3453723401479405,1.1420700119717335,0.8983505671112832,0.0213826515270716,6.063131965812069,0.1296477343149236,0.0215124801575742,9.472138314986005,1.0124535719484489
177,"Matamoros et al. 1999,C10-10N",315501dc-0178-4768-9979-61e61ef9359a-007,0.0389455851927364,0.038776357627409,0.0010089502156955,0.0431297494938023,0.0367337195951417,0.1963594800403,0.9697545118495556,1.0672860011001235,0.5057219369725123,0.5142921442743797,1.955692117017745,0.5930646667683729,0.6069691059293078,0.0033197256350313,4.065888352189509,0.2215604968524313,0.0031343957142836,5.590484547966424,0.2965194044526391
25,"Tanaka and Park 1990, No. 8",3228f213-50f9-456f-92a1-98b74ba4786a-007,0.0392539163323032,0.0389498663061039,0.0016956844222958,0.0442652361004303,0.0356514322961286,1.328518061574543,0.909872256215966,0.9728780052490876,0.6811716769490765,0.5443474618964176,0.8052799807993687,1.8669550412570053,0.9115349185491848,0.0106280147064776,1.5155677000724936,0.4571070454377489,0.0033509832078177,8.728865548343556,0.6947574399847077
197,"Aboutaha and Machado 1999, ORC2",383c1867-29aa-46ac-9800-7342d67f6d93-007,0.0689431314754699,0.068766879694936,0.0008813299194971,0.074187771561465,0.0674262576056792,0.2108775596089331,1.069993713927309,1.0400056053945506,0.5696375770594915,0.7496103253790188,0.0881643881902234,0.3966573926061547,0.9820219609651027,0.0002528973442586,1.2741357575643824,0.2470066475820236,0.004993177600996,5.944536304471266,1.3836444548051978
178,"Matamoros et al. 1999,C10-10S",3c9b6bf7-87ff-4f87-805c-21b9e9f7d1e8-007,0.0417206363415757,0.0415624010952774,0.0018506585892553,0.0503035668600219,0.0373892296669672,0.1346875198776487,0.9820752457912456,1.4059075937777417,0.5449374141883926,0.6159020471804129,4.013315247302725,1.9443976526366928,0.7367161699668,0.0004509752863903,2.1846547506594804,0.5809437256067511,0.0007093165772946,2.5005077518925014,1.3171217984124104
415,"McDaniel, 1997, S1-2",40a99131-58e8-4054-ae30-f5521cb36572-007,0.0497331600295958,0.0496142677559339,0.0010643343724653,0.0528572326970292,0.0476219229787954,0.2119499797724779,1.0917765554121532,1.2927748272848747,0.3172979219152173,0.1972573354639439,0.6904464917649524,0.0809356148917412,0.7884511284375925,0.0001936826584881,8.190314004753759,1.420466649428365,0.0160353656466845,2.606978592735974,3.00468917203229
181,"Matamoros et al. 1999,C5-00N",42350693-4954-4c71-9e38-83916e40580f-007,0.0304972788376732,0.0304232112633282,0.000728919543741,0.0337981123007813,0.028945982631089,0.1343792295170686,0.9398793237144888,1.0817004306842162,0.3171382516444787,0.3176960060506375,1.1879144628466063,0.763437736963581,0.6965746325078639,0.000108288051289,5.122406785738235,0.3164367688623229,0.0014175992785323,2.3396837599076186,1.032840478765692
340,"Arakawa et al. 1988, No. 23",46217c94-529a-40cb-8ac4-1f8ae155dba1-007,0.10706482802011,0.1072804597459003,0.0019241603154704,0.1145010976306754,0.1043767003099864,0.154922149667088,0.9861347494562612,1.2480597348255875,0.2728289894377535,0.3200969588844021,4.0331294025980045,0.0162704372084742,0.186947783824655,0.0199319612560815,8.215267381956487,1.6165816257721688,0.0304013294462666,4.910951647637392,1.35692663409423
120,"Galeota et al. 1996, CA4",46b58ba1-f2d3-4cbb-b782-6a0d3f70c3ff-007,0.0590976536216945,0.0589015087863621,0.001947984978617,0.0666191222945058,0.0549647237403438,1.447927256356638,0.9890874660582528,1.2871851986404077,0.523589726789347,0.5353628114481177,1.2385930116036652,1.0729372391189238,0.6925057933182239,0.0159484188976151,2.916912326084529,0.7898935066625581,0.0217236639270404,8.599434280076801,0.6780416743236365
176,"Matamoros et al. 1999,C10-05S",4cc1ceea-c183-4bb9-bc21-843fdbe6aaaa-007,0.0351472061018405,0.0350155981673803,0.0008401189859853,0.0391673108526392,0.0337314432445288,0.1286110734372942,0.9537311569980086,1.900671525633143,0.4502846526321826,0.4439212617684475,1.897903419412868,1.1692627272102314,0.9185922260395246,6.361457603725677e-05,5.505543058558306,0.9469647641776926,0.0012915227594987,5.321947460652049,0.5090566163059804
46,"Zhou et al. 1987, No. 312-07",4cd5ca22-eb88-4933-a2d1-562ba0856337-007,0.0941872801627056,0.094030720246013,0.0018403273639828,0.0998026876593019,0.0903474941730976,1.3779369713484713,0.980232503576472,1.9573842848180143,0.7102200640320648,0.4533724107361365,2.256623257303679,0.617020299196913,0.6269382778126796,0.0009600814644825,1.0696921146592124,1.153630853931379,0.0142005876403494,1.5885615190801547,1.824429059837088
4,"Gill et al. 1979, No. 4",4d5d7344-1cc3-4a6d-8ad4-4559570c2226-007,0.0392262449496767,0.0388087381401187,0.0017919969345825,0.0444009745657823,0.0361514624526583,1.2228726834040118,0.9101295995617652,1.6857661498218774,0.515725593216926,0.2001061449538019,1.249611483237571,1.2992337249849897,0.7140839932287673,0.0057185207165301,2.270275135352431,0.864015531344127,0.0013765589185564,1.2368442498082617,2.555249996875732
116,"Galeota et al. 1996, BA4",5889ffda-1401-4120-96e0-6dad0a967dc7-007,0.0590540066364898,0.0588184725853511,0.0019212474492069,0.0693255729565179,0.0552994706557812,0.7057521618884937,0.9882328001771552,1.437555501694295,0.6881071112536508,0.8936680976981076,0.7367994171322753,0.0247732886026402,0.8193311686402972,0.0080142424900238,1.5689751111975971,0.9700019201744788,0.0441414310748885,6.531993748408135,0.7553550709240673
244,"Bechtoula, Kono, Arai and Watanabe, 2002, D1N60",6a6d8ffa-fe86-4486-8aef-adc399d57f7b-007,0.0877928068016648,0.0870883928328259,0.0051233585247324,0.1014771769500824,0.0768935516696617,0.9285810557944042,1.0653361578946607,0.8794124042563511,0.4117456500676502,0.2861089218725821,1.1011525380106315,0.1276451990247585,0.3297755263267602,0.0004485887516798,7.999331129634767,0.6286155741090963,0.0078860679036441,1.6313538471747242,0.8754767838849999
225,"Paultre et al., 2001, No. 1005552",73b26769-6066-43b4-9fa7-41733a85264f-007,0.0963943274525943,0.0960326728593347,0.0038057908780294,0.1131530507951739,0.0884850366038839,0.5174648484237641,0.942107876526124,1.463522761146067,0.7823173016674896,0.5617639916008101,5.857748554140824,8.370952822193452,0.0598381816908031,0.0066212516882201,5.368813859508111,0.916184741305584,0.0313930750898074,1.316932972140779,1.2028631496489843
206,"Thomsen and Wallace 1994, C1",7db288c2-06ab-49e1-a061-3faad1d2fd91-007,0.1545376624784402,0.1557182573478893,0.0041684842302246,0.1613525743986461,0.1406887564310761,0.4155752769921148,0.962935824267625,1.4202071829511451,0.051279274080974,0.1388488162457971,0.4650952149100705,1.992758010845028,0.8807084709153254,0.0065251109104766,9.3094210150115,0.8949269990404205,0.0017866659333116,1.5701479018256213,0.2935909126399036
137,"Lynn et al. 1998, 3CLH18",8b9115e4-3f93-4dcb-b156-8e2a25976571-007,0.0383311586416144,0.0382584957174619,0.0004496678453896,0.0402206322413452,0.0374146472125008,0.3966484809958429,1.0859142990617947,1.8825056068697927,0.1621905911007564,0.1203475918785329,4.554335633595515,2.3014646457014805,0.9643938872598026,0.0005866872879467,1.8260523655457068,0.4350963253549886,0.0370456350774174,1.2205257099315376,2.346660223927873
103,"Azizinamini et al. 1988, NC-4",8dda3029-a522-429d-8860-f44d5652d54f-007,0.0454880249037171,0.0452667737301943,0.0012494496733542,0.0502033115751395,0.0427753637708259,0.8332852010822104,1.0493229651949278,1.0514441038802622,0.7355862173591792,0.5610914756967826,1.573135947730239,0.3794766610819837,0.7159144763696301,0.0022324204868719,2.684946045476713,0.6422775569899369,0.0183498700942955,8.286566411228259,0.725666486759482
213,Sezen and Moehle No. 2,93929d9e-25f8-43d5-8ef2-795c37a969d1-007,0.0793324670676723,0.0793015166228181,0.0021942604939335,0.0861659002943983,0.0731126630754397,0.9103777597109342,1.035916758128991,1.7268170150872084,0.7950402770429804,0.0887204731054734,0.8379540346018296,0.8352860896379326,0.8855206558828967,0.0012396582972552,6.506799204183823,0.4016258711500166,0.0060279333887271,2.968000358585889,2.840257925192988
292,"Zahn et al. 1986, No. 5",954320fe-aabd-4753-bc88-c9436081465a-007,0.0568323402262986,0.0566619696585827,0.0015186783254596,0.0621783076283747,0.053073444934154,1.5134307504150248,1.0564062851360871,1.5883781116940314,0.2554299834725488,0.4747768647709192,0.8231847333778507,1.1473890251735124,0.6913306958860175,0.0006009343152316,4.257565703113791,0.1420824724477762,0.009571373853576,3.476237021558966,0.6952876568419122
284,"Ang et al. 1985, No. 18",a16d36e6-9124-4c7e-919b-d8266aaecd58-007,0.0682601335627324,0.0684282500978384,0.0013118490736098,0.0722725917660764,0.0649291772726027,0.1238019465308554,0.995547228713752,1.989073232539803,0.185968576418234,0.051254423560018,0.7937330364167889,0.0949664310947734,0.64741162795058,9.511817411246787e-06,9.767758635069844,0.9019416178960824,0.0290026439570043,3.1022744509098845,0.945111775355676
357,"Benzoni and Priestley 1994, NR1",bc96ddab-f69f-48cb-b25f-25976fa75520-007,0.0699484653801988,0.069758928780627,0.0016213249652154,0.0772954080832752,0.0666534158017452,0.996047111048476,1.0185098654926017,0.6666046583203843,0.3672819779601544,0.1293313748273112,0.9655574592825096,0.7890113264176245,0.6670251904412011,0.0031803129814593,2.329161011285099,1.9979583929614173,0.0027168587265023,2.2581978189366154,0.3845411363518188
12,"Zahn et al. 1986, No. 8",bccf15a3-042c-4d0f-80b0-e95bc4bc4305-007,0.0542900008682867,0.0538849718307827,0.0029371959407071,0.0647213414395082,0.0485078171160889,1.0469549956102568,0.9438121905749178,1.830963311180248,0.3522536111441267,0.0254729441587512,1.6427923064877208,0.4213363604817974,0.3626319185773149,0.0081667439343279,1.1950019527395557,0.2683075643735388,0.0011444058027169,1.0003482930238516,1.7320426520283916
383,"Saatcioglu and Baingo 1999, RC4",bd5e4208-db1d-44b3-b574-b4ab3cf615c9-007,0.0671796091722563,0.0671496551317456,0.0015136420406017,0.0714455129977353,0.0634422580670126,1.2588710199332156,0.9140264686670272,1.7128394785715586,0.1307786220513069,0.4094847177409359,0.8135804144677576,1.994988784924984,0.2570855068781659,0.0096770717954817,1.939767049534977,0.42969056601985,0.0002746035879286,1.815175045458695,2.174383556053441
210,"Thomsen and Wallace 1994, D2",bf06b4d7-5d11-4aaa-bca6-210fd9c60424-007,0.092151216929383,0.0920352465232909,0.001616454713763,0.0973455196728885,0.0887931324158151,0.81865122280671,1.094222560650148,0.830881104582458,0.4302681084854822,0.410674681072146,1.5147232233459775,0.6702508194760977,0.38758626302417,5.865895145318863e-05,4.556842887580433,0.2665180670120332,0.0045476133852405,1.207634761534741,2.36759578198159
53,"Kanda et al. 1988, 85PDC-3",c24b1478-bb7e-4609-a7c8-ec347be5e5f0-007,0.047340715837436,0.0472553089456809,0.0007438792401479,0.0506282235158198,0.0456897419769467,0.7417092889489073,0.9430086913520396,1.3895153291959126,0.5572726876932775,0.7105860115376512,0.3842731283235926,0.7694138568769578,0.9692337441222814,0.0037927736281782,0.6681443727986054,1.0175427786918858,0.0008074784551973,5.032114952590693,0.8148749789405438
229,"Pujol 2002, No. 10-3-1.5N",c4fb90bc-79c2-4af5-b159-a266b37e6877-007,0.0343358520609103,0.03431876158782,0.0008868503328141,0.0379669081725038,0.0324398234448885,1.7961632487708348,0.9485115401973444,0.9274546047856972,0.3452851907679282,0.284266252179611,2.324640971392188,0.977904926583348,0.5695594289347715,0.0054138732907794,8.996560307823346,0.1946420175709582,0.0018225335130636,3.988107685911056,0.2303777969864735
193,"Mo and Wang 2000,C3-1",d061ca2b-d799-4ecf-8a5a-22eb69bb7afc-007,0.1021174229730932,0.1019982591186272,0.0013456059207478,0.1090586582165623,0.099050475708897,0.8147914284888064,1.0828149116134915,0.5894037666784212,0.2950295141862542,0.4381137875988916,1.274822245223977,0.4454819726196709,0.5399865630941542,0.0048836159964768,3.786419330151242,1.8798849699655904,0.0059765179474823,9.001838565352347,0.29166360743814
377,"Sritharan et al. 1995, IC1",d78144d6-b53a-4ad1-9033-efb0a3fb3e8e-007,0.056040865728766,0.0559949686217827,0.0007355682324643,0.0613997658807304,0.0545945578692553,0.285348508836717,1.080195201274807,1.8423605055620944,0.3697555035842651,0.3886528883787933,0.9298278209068066,0.8920286056002329,0.9568297418987196,0.0004260214302847,8.410152072514974,1.611105362907676,0.0054146824084476,9.104993532898847,0.5976306170723362
154,"Sugano 1996, UC15L",f06555b8-190a-40a2-9128-3eb0abcf6cc8-007,0.043098358276916,0.0430689185121276,0.0009904142641925,0.0472203052054313,0.0408278730431935,1.791708694063998,1.0908178786135028,0.920320554862019,0.8855237975429744,0.8883927388760252,1.0449731418415962,1.078955209183674,0.8836575090263529,0.000259222982117,0.6572365209872489,0.6556203752828128,0.0089192004278617,6.716649222012857,0.8585322890040978
69,"Sakai et al. 1990, B4",f8130e0c-f849-4c26-a228-0a857f2a2cc1-007,0.0981354371870815,0.0977833201071226,0.0031432075679024,0.1088790110241392,0.0928243134014956,0.3794984421431777,0.9738449816400752,1.4469639272712795,0.374785968049631,0.615967301869945,1.6727407272014831,0.188783187189639,0.7118102792162121,3.9065937287413284e-08,8.894431147915128,1.452459188755568,0.002844318766151,5.182937472359933,1.9930746341204555
360,"Vu et al. 1998, NH1",f89802c3-a68f-4062-8c7c-bef8ef14873d-007,0.0828612724041381,0.0827590084798708,0.0010779858377386,0.0863306574684954,0.0804285243995285,1.6917619274336313,1.0024462339580509,1.5077292726088134,0.2383801732799121,0.3068511752281725,8.142047808730409,0.0583629532165429,0.992757576958756,0.0322613911474839,0.5944445029638543,0.0147835845386395,0.0151523638288933,3.491450662015609,0.407009675384884
65,"Ono et al. 1989, CA060C",fcab71c1-01db-4e08-8da0-422de28a8f70-007,0.0790373279828367,0.0787179293340923,0.0022417562792245,0.0895964673909734,0.0746507873019357,0.5539485929613596,1.0758910121195429,1.855165744642508,0.6307013356913795,0.2290451553315941,1.4057836183558174,0.2100965694493037,0.6583768165671429,0.0038607018149169,7.808996354483662,0.5132225558034484,0.0225537951225402,3.812504645552429,0.7637766120313876
403,"Kowalsky and Moyer, 2001, 1",fcc65923-5c6c-4526-a3b2-231f86f8bb44-007,0.0765516142312253,0.0762380366237993,0.0020129458052877,0.0827736535719924,0.0712591490973127,1.6329930210172368,1.0810124522662268,1.054200812835346,0.2496579820579841,0.8764250973712143,5.154644377483158,6.77920781157288,0.8604295627440948,0.0224992046630158,1.370681373111173,0.0226954186986618,0.0068256055253881,1.9685545815983545,0.6483260857466321
106,"Saatcioglu and Ozcebe 1989, U4",0d4092be-36e5-4349-a71f-d772a189f0b0-007,0.0452058450044747,0.0450448645651047,0.001103554102743,0.0492828847564829,0.0429618849581141,0.7384959265334081,0.9737343920312116,1.612803614512633,0.3852339953112372,0.5465143355302051,0.8269533363370929,0.3986340608765256,0.8117721283309332,0.0004640829721076,4.661333061998749,1.7417151002903384,0.0040748257809495,5.018909029614671,0.4188349251789491
29,"Nagasaka 1982, HPRC19-32",0e1162d2-36d4-4d5a-8da7-ddd85315fab5-007,0.0490701190181377,0.0488994419392241,0.0010989482618751,0.0561416039466985,0.0473609448640875,0.6471565630174128,1.0953193691170464,0.6675885851606131,0.3705502226506377,0.2285349032431129,1.353295774165896,1.7209961852751738,0.9395019262552772,0.0003099063287517,5.533335977581482,1.2724515874445357,0.0352517398944693,2.0683220060889043,0.3826748077798624
63,"Muguruma et al. 1989, BH-2",12be9e94-f3b2-444b-b552-2932ce11ffb2-007,0.0398062203777045,0.0397122302235891,0.0012987876819602,0.0449895509019468,0.037055971690963,0.8212885626335636,1.090438913355702,1.291792197801062,0.4321775501370916,0.5377505573921197,2.8482779521536914,6.3040618244441085,0.5010292530320726,0.0031557374712581,0.3407719332943032,0.3845243484827096,0.0005900133234395,1.6816756716622514,3.5402878590815283
171,"Saatcioglu and Grira 1999, BG-7",13bca49a-2fe2-4088-93a6-7d74660a6003-007,0.0752966857763851,0.075083306455929,0.0016223904462283,0.080756093288978,0.0723852707211007,1.5420704057065526,1.0088389415876349,1.267479669180281,0.4547376533904897,0.5580740919922756,1.3594963679597727,0.7909654683524237,0.6489224181553689,0.0009227851623079,6.7929779711338485,0.1936901672731027,0.0047026014503725,3.757621215658226,0.6506227358699015
402,"Graff, 2001,C8",18a30393-f6f7-4aea-8685-5102c9b23f4d-007,0.052953921095346,0.0529155435913661,0.0003951701489953,0.0544278688857306,0.0521588476427926,1.7928706469754443,1.0952387797000422,0.5073592247246264,0.4638729294813541,0.3489446332870434,1.5752201509998058,0.919835410583829,0.8056985457811665,0.0001170815187069,3.8980727762594376,1.4179663637191862,0.0131341621214378,9.671772317778814,0.5731074377198236
341,"Arakawa et al. 1988, No. 24",24b12990-0125-45dc-8cd7-655567df9bb8-007,0.0631108425192155,0.0628920682653661,0.0041880868482883,0.0757042635220212,0.0525141535387151,1.563371151834699,1.0547268367977176,0.9949560375396512,0.1473650707024213,0.0739878370171512,1.9721373148638408,7.56650007363818,0.990064762619091,0.001270926054521,0.6421406346328388,0.0654533270809472,0.044483666284098,4.2186466832950185,0.3862451721425047
14,"Watson and Park 1989, No. 6",25503fb6-a01d-4bfe-ae9a-e6d6253d1eb8-007,0.0462459176616687,0.0460834982290374,0.0019424469629899,0.0536359056018505,0.0427684482785398,1.7690325326462517,0.9050770304983698,0.923174938878492,0.5848548334837309,0.1955361014000846,1.2000486375883015,1.3675506229947405,0.5720364289851679,0.0160130180243932,2.4759284153438834,0.4157238456238041,0.0068805577252914,2.3177296806797907,1.8749408789771893
22,"Tanaka and Park 1990, No. 5",28e118a3-330b-4968-acd5-1f480d5f755d-007,0.0670322074800043,0.0666951356135917,0.0028420803992569,0.0759015626972443,0.0615482907911488,0.2210387672748419,0.913582128575208,1.617763221051763,0.3270004758498797,0.4500551316071076,1.2799208307044945,1.442643699763032,0.9602364078789588,0.0126301661629974,9.486869298572154,1.9250711367726496,0.0021961797553495,6.365602403172417,0.5114230512727597
327,"Arakawa et al. 1987, No. 10",2b63a8f8-b05d-4a9a-b835-32880000ee74-007,0.0596941880809009,0.0596589531929466,0.0023085762703061,0.0664213629210089,0.0532797473460377,0.5865128278602271,1.0295250733497705,1.0921045792717596,0.220818352382112,0.1467204170341012,1.7562148162555595,1.3134610075402229,0.7194420261973729,0.000892494081898,2.215379537357946,0.778825266414045,0.0328384562342284,7.594280238298516,0.2478256777248748
385,"Saatcioglu and Baingo 1999, RC7",2ec29f1d-7205-41a1-9e2a-183f2b8902c6-007,0.0567028439404168,0.0565269757257093,0.0007842379619512,0.0592300462741907,0.0549551915541173,1.1198317840957348,0.9439305953685,1.883470993205316,0.3766779006348769,0.5598671778456592,0.4034754787054676,0.9357651709689214,0.8493400367868227,0.0013573060830294,1.2018167074603072,1.6681959393063617,0.0008543571031544,3.486226221887065,1.9556305155429103
223,"Paultre et al., 2001, No. 1005540",3045e510-ad9a-4036-9b3a-ac11ebe49781-007,0.0552784147350584,0.0551046194364762,0.0017717172983848,0.0631955699159559,0.0512118145855264,1.0057349926211483,1.099444537015433,0.7422627394514418,0.776874333189811,0.4693437745153266,1.5631780724126854,0.4782799534910456,0.753922364475819,0.0106227090392707,8.081464889288256,0.7522874103161015,0.0336935169589585,3.6070596141579054,0.9362257620827944
126,"Galeota et al. 1996, BB1",32531666-639c-4510-8673-50a1860cb6c4-007,0.0424221746097136,0.0421996123005159,0.0019809477486281,0.0519022578503912,0.0385701535151713,1.143097904239152,1.004927333803542,0.9325499783195664,0.7148010045072609,0.8483674137945202,1.0763675240552588,0.8176072274094965,0.938779968402086,0.0023043861603785,3.833384649626159,0.8477644783839097,0.0082409663143649,6.041461582706351,0.9258252265136604
18,"Tanaka and Park 1990, No. 1",3b634a9f-cebb-451a-9f3e-f0c1cbb8d9ac-007,0.0538065847267708,0.0536202995583402,0.0012453298492678,0.0577955778912847,0.0514346232369777,1.8329603435335189,0.9765637575323872,1.830487065090038,0.4566540350329244,0.5702863375811879,1.0689597484341753,1.1707000282337114,0.976817427223766,0.0012651878383512,4.527361089235471,1.083174969866276,0.0031118969576123,9.324517381660325,0.4639196696885813
290,"Ang et al. 1985, No. 24",3ea4e034-df80-4c37-9008-d15d5d156c91-007,0.0632697151872809,0.0631952406951991,0.0012758936436245,0.0677485520830459,0.0605883998597053,1.7228637256077024,1.0724366272347916,0.5547469469993914,0.1657598966897575,0.1524543860053617,1.6116722869544755,1.973468287202262,0.984023694605438,0.0002501840419909,5.203363497973325,1.633235894554377,0.0415112601492941,2.2365034733525184,0.2249237316777486
156,"Nosho et al. 1996, No. 1",3f0daa5f-b593-4e24-bb57-6ce400b635b7-007,0.0510182035071851,0.0506334477265786,0.0023037823365158,0.0590269340380119,0.047250278012063,1.24727168214395,1.0941412668444166,0.7923503993845995,0.250323297786322,0.7341346319041343,6.295487596170072,1.277365445145334,0.9258578733041378,0.0133393028130178,0.3681711603764189,0.5912042533985478,0.0066393202352375,1.6782829078744947,3.5420445430686507
147,"Xiao and Martirossyan 1998, HC4-8L16-T10-0.1P",4ec30652-2926-4fdd-bd8c-52b653a8bfec-007,0.100137703142614,0.1010684975923457,0.0010533742203318,0.1013739694702269,0.0989495843897976,1.936650061283964,1.02022655317255,0.9236281528530208,0.1911223198156915,0.7162715612772699,8.307339617358986,9.776022815363342,0.4113301319613857,0.0390140577077053,0.3977601801804594,0.8497595639544061,0.0293441146661227,1.9694658403782368,0.1909807296971872
52,"Kanda et al. 1988, 85PDC-2",5cd232e4-1695-4ec0-8888-cd4df9f6a5d6-007,0.0430140410953838,0.0428039262349153,0.0008967138767753,0.0472116278015513,0.0417501055937312,0.5504230588484733,0.9997831700661508,1.691865772592701,0.5446822583130675,0.6036109099597581,3.323257497208965,2.695219762648609,0.5721903538833174,0.0011501420166424,0.4428613975728225,0.8665845726410127,0.0006266478361003,3.3350420500214053,2.128364407900849
117,"Galeota et al. 1996, CA1",6e71c83c-bf54-4618-883e-2b4529a97c87-007,0.126017972105905,0.1256775355300058,0.0018942370498333,0.1344509126244586,0.120163045009789,1.7562027135452771,0.994216350889188,1.0782632204244615,0.0775241814348301,0.292826015200322,7.933016621366123,6.496633686464987,0.7416877478354031,0.0320692259705181,0.3847660511685495,1.2787436363872158,0.0329692929917554,1.2242239690461774,0.3579611345806858
278,"Ang et al. 1985, No. 12",7702d9e9-639c-4aeb-a23b-fd73602e3f30-007,0.038377452903688,0.0382145053170204,0.0010432876648866,0.0414103642575582,0.0353532271249345,0.3232346433143158,1.0317174102929434,0.926379919066814,0.1439612318250138,0.0930084562545139,2.0667264262772744,1.2361841842318908,0.709500889767023,0.0019154404304117,4.038937619049496,0.0755666790206415,0.0476621873146445,3.582145801352849,0.1812390864627292
13,"Watson and Park 1989, No. 5",77d95594-7d38-49b4-b779-e6bd33f083fa-007,0.0533635959483182,0.0528548322980159,0.0020243273228589,0.0630527771276014,0.0497101408118644,1.5208256999895098,0.9255388204621476,0.7177881111628842,0.5864121812967769,0.196822557800316,1.8178543043957824,0.4209048917242058,0.462598443879048,0.0092514095083303,4.011559052169859,0.1364214665836873,0.0050613564100271,2.5387120093957023,1.719210312030161
286,"Ang et al. 1985, No. 20",865331fe-7e2c-4213-a075-2b926c544aba-007,0.0363627835738321,0.0362815668796344,0.0011580963273973,0.0401738389729995,0.0333645573677092,0.2244775012616838,1.0987321632648626,1.9794874351909573,0.1564136438385478,0.082728741365939,5.573355338065885,1.4983839546799125,0.7545360572623323,2.049294936029616e-06,1.739820367571303,0.2166161688262737,0.0446051790592404,1.4676149543181898,1.2120890221771965
224,"Paultre et al., 2001, No. 1008040",8c10d265-44dc-4571-b99b-e45f63e4897d-007,0.0764925156061644,0.0761632510439918,0.0026070050462894,0.0876957406789579,0.0714579377869995,0.5105455675900752,1.0441396989834102,1.8095818430866204,0.6125222322291384,0.2705924751528616,1.6937171233519897,1.3049100176080506,0.6062529335520281,2.2315687491421504e-05,5.341261676634387,1.0398270015344786,0.013253230067462,1.4627050536666122,3.301261224238886
151,"Sugano 1996, UC10H",919e485d-ed58-4464-bc19-c5e426f791e0-007,0.0378451605401103,0.0377382884923171,0.0020425998141188,0.0458758544815848,0.0336303231695987,0.8418727565405655,1.090213964316005,1.0096975682745868,0.5821794757136448,0.5703036718460085,2.027602830071762,2.0771435837947263,0.4613258010750924,0.0073263371289498,1.0191770332183998,0.6192571024045325,0.0173765498574637,1.839472894933574,2.717758159976841
34,"Ohue et al. 1985, 4D13RS",996cba52-0ca9-4a77-9e8c-7affa856550f-007,0.0459334256191169,0.0458122847588513,0.0014054550255691,0.0515927877593404,0.0429626468266187,0.2511954089980093,1.070269223845677,1.9631141387379056,0.1835999848058293,0.1390113945264561,1.6749194641456788,2.45422711711675,0.924026724530342,0.0009506422734444,2.2386900719575022,0.0542509779097151,0.047831645144104,3.9474868865472863,0.4955496638650225
273,"Ang et al. 1985, No. 7",9d5a55a3-f400-4890-8448-7994f09f4a59-007,0.0440276329296767,0.0440161867037373,0.0009475485258668,0.0471048850005682,0.0412382767534833,0.3379983159716334,1.0242361375709326,1.839784522783834,0.1475859312696043,0.0916543904983713,1.2464797088826596,1.3611243231964776,0.9886826355788187,0.0009106851651773,7.290997976512412,0.1154054941991219,0.0463338590119578,2.6865886711782743,0.2814594507059138
228,"Pujol 2002, No. 10-2-3S",9e0793a7-f663-4383-b92c-4f600eb5da67-007,0.0366030935025714,0.0365257476018471,0.001015937972543,0.0399525727245554,0.0339310159828999,0.3311492208279828,0.9285820102325022,1.5033279842363585,0.3788428189057531,0.2833739978712871,2.861857258826499,0.1030909104995435,0.7689519054882845,0.0087697014671756,9.065386094804332,0.1191259208569054,0.0015502829145105,5.652756426739219,0.8688834552091792
167,"Saatcioglu and Grira 1999, BG-3",9ec0cf1b-e7c3-4361-abd2-4e6122521677-007,0.0399530698628608,0.0397916743214727,0.0006489528328806,0.0421990197916319,0.0388825026287555,1.4241942610779594,0.9703082027326428,1.9280831717696325,0.5525708102145344,0.6271632115354332,1.6537291344056306,0.5073335987979426,0.8713173021787474,0.0019512845828074,5.9565227261093305,0.8309006742160157,0.003097643712255,3.9173729949559424,0.4818958922750583
274,"Ang et al. 1985, No. 8",abad07a4-cc95-49ae-9f8a-6558328fbca4-007,0.0807441087224367,0.0807152808779479,0.0031774257623085,0.0912116187998003,0.073179559992554,0.1669588912832428,0.902177951170097,1.856759096103224,0.1769293294350964,0.4042294636880597,3.161105634612234,7.5045578054076305,0.9759877779231548,0.0114770688897089,9.923735969475391,0.6914145150824471,0.0025362133419501,3.681186307439548,1.4146341377592044
44,"Zhou et al. 1987, No. 223-09",b7cea5c6-94ba-4515-9b22-60c6ff7a8056-007,0.0703556951252471,0.0703400566388857,0.0024031958750427,0.080837658828358,0.0644784931196578,1.5782222721309849,1.008453155430338,1.2002867798015455,0.2994498732688043,0.5843795218186147,0.1965744566844169,0.161313534082878,0.604958831886522,0.0013902099417412,3.305287466084604,0.6518858725108836,0.0243349577675748,8.708659961538187,0.3344211770416478
2,"Gill et al. 1979, No. 2",bb578d69-3420-4daf-83d6-3696eed1ffcb-007,0.0545643302676483,0.054313816644941,0.0028125004647207,0.0689196459464655,0.0488471847159484,0.8929405387305851,0.9771848717295718,1.2364172680090713,0.4443765983197308,0.3397508642028615,0.8110357764285492,1.2038025935419672,0.5666172439590723,0.0210839849638114,1.233759141415504,0.6686473773466223,0.0082529366600588,5.172151558558138,0.7661931667761331
140,"Lynn et al. 1998, 3CMH18",bee24619-0682-466e-a8dd-ca31a98be8c0-007,0.0549474267747085,0.0547881913416886,0.0011689080743906,0.0595625760351063,0.0525037618159564,0.5309634031685373,1.08827193493275,1.97291883285808,0.231351320174117,0.1599438454644474,5.959468615032222,0.5750851350035897,0.7827460164368294,0.0001567190814108,1.538625798537571,1.495910686904609,0.0297470904267337,1.3642572626652842,3.569329572403192
59,"Mugumura et al. 1989, AH-2",c646b62b-3acd-4ead-ab65-5a32387b981e-007,0.0389962330394192,0.0386674751570382,0.0021784741277058,0.0497254903762395,0.0349051971335775,1.189937001898509,0.9338892417246162,1.3540137676110573,0.6292979425125027,0.0282781145936266,1.1150151319373225,0.5055131599860471,0.4612334112326326,0.0028312541081477,2.0236269383583205,0.3875699972177805,0.0022895645164136,1.651290273167893,1.2567642560609122
68,"Sakai et al. 1990, B3",d387f633-255c-4056-a750-37680df1be16-007,0.0981855269491684,0.0978822003218646,0.0035211194222507,0.1135743540130688,0.0902832357888205,0.410154435327418,1.087797413034939,1.568818626699387,0.1021171366705135,0.389751253719882,5.244274385372573,1.151646383900106,0.5868847705722955,0.0019100564887098,0.5745839506690356,1.6995473516819986,0.0455128807905395,1.414833363411428,1.8326324431723904
269,"Ang et al. 1985, No. 3",d86d8b22-500f-4d0a-80da-fe077a12ece1-007,0.0963490288644956,0.0962067263446304,0.0015599415054138,0.1043373578291587,0.0934168917509292,0.1177931520090876,0.903979331762278,1.9621313094255728,0.3161783565358779,0.5163412400261242,3.618975667343631,7.320976596766421,0.0125597667227436,0.0210930869964555,8.488357540034272,1.6324963753876924,0.0419618302983943,6.441808871993088,1.5027346666205743
192,"Mo and Wang 2000,C2-3",d88fab16-2a30-4fad-b5f8-a42f75807121-007,0.0579258831853139,0.0578844914140943,0.0004724997610952,0.0601325924378342,0.0568087073420103,1.3572919489616615,1.0757943743351148,0.5168901993934223,0.5870794085817548,0.4850915880217093,1.0718958483470789,0.721466699650212,0.8913475375575842,0.0003219216687173,7.791328953198953,1.19483786853407,0.0113111941447554,5.289974279452781,0.4064582959638141
281,"Ang et al. 1985, No. 15",d9bf5839-eaa1-46cc-8bb6-caf88c08b4cf-007,0.0949987990603613,0.0947329885364628,0.0030413653629764,0.1036031253787877,0.08755371377335,0.120389812387993,1.0897347633238292,1.2945966858388462,0.1422161181188473,0.2215312367621423,3.537161106659989,2.533905708349332,0.990013430865323,0.0206138357936039,9.244415097186318,1.8631345845888625,0.0303544811153818,1.0637223232100117,0.2493129919158895
212,Sezen and Moehle No. 1,dc949dd3-1085-43b1-a9dc-58c21eb24123-007,0.0531396304422423,0.0530424623658344,0.0013517760828813,0.058764767817058,0.0506336830913996,1.6136412260574562,1.0975696757160218,1.219561423474457,0.1347197225397043,0.1636069018903933,4.966180014327536,1.120237485902488,0.992262508477732,0.0003811830821706,0.315366203739243,0.0320866756509218,0.0345150991021058,3.798164374499799,0.579793182745259
183,"Matamoros et al. 1999,C5-20N",e0c8dbf8-c279-4aa6-81b2-25148e0c7620-007,0.0376757917986675,0.0375537375615318,0.0014576750048177,0.0423258537732131,0.0345845060981328,0.7171263977680747,1.065794974252804,1.061910054687491,0.6780789768120077,0.3956005021934893,1.4225247835742534,0.4770509664437541,0.6220603079476078,0.0036379374025236,3.1149945036046565,0.0252555781849026,0.0334366831668498,6.003266291131654,0.160158015118496
316,"BRI No. 3 (Japan), ws22bs",e2359297-05ec-44f6-947a-f3aff6b07a9f-007,0.0639043452139924,0.0638799110866214,0.0013076531653027,0.0682638891897293,0.0607968182598665,1.8959437113019115,1.0966720741758458,0.9977552569209708,0.8155216344007226,0.2526099843134541,2.78138424478151,2.8702676054141154,0.2926416027169344,0.0254263075537156,0.0545670905062391,0.9338363807299584,0.005770166494098,1.175143701776891,0.4809549859260614
101,"Bett et al. 1985 , No. 1-1",e313a222-3f8c-452e-964b-65392e1a04f8-007,0.0359318765041952,0.0357923555718313,0.0012839511566013,0.0401779829658376,0.0335538825340617,0.2030891766472496,1.0726907912770265,0.9080338746568654,0.1648849308425886,0.2472332668515763,3.646067585462868,3.7001203100179567,0.8424679374242451,0.0347372790376128,0.5152786475489456,0.2522511566925153,0.0356956405653913,2.368520626079136,0.3500356460532242
300,"Petrovsky and Ristic 1984, M1E2",e5c42c86-1e3a-4766-a02b-d537ef031b1e-007,0.0915483493715212,0.0914210324022865,0.0011395143930275,0.1003782173698743,0.0893293441026221,1.9871456569585888,0.9579970742418384,1.7262099478100557,0.3728867623888393,0.5704040996312476,0.6688671314474208,0.45232853960285,0.6831085032152425,5.774711313824237e-06,9.06500073180512,0.7954210602640519,0.0021238379509109,1.375023954188733,1.7917027442270033
219,"Paultre and Legeron, 2000, No. 10013025",e8809b43-b7f8-40bc-818b-04b801f568e9-007,0.0569833534585934,0.0566540094303131,0.0018251477000294,0.0632402730326871,0.0536989518656685,0.8993813728411724,1.0361664837831033,0.5095606483197739,0.569513547895839,0.3289695048822033,0.5988884124176675,1.5454919531030669,0.5275585680266724,0.0002202794536311,1.3232875272136784,0.5122192619735828,0.0283327588359471,2.892036234247506,2.4425409127899003
245,"Bechtoula, Kono, Arai and Watanabe, 2002, L1D60",f24b25d4-7b0a-4910-ba77-970d18825501-007,0.1329434993657334,0.1323196432682495,0.0017565986784971,0.1393565471295428,0.129435961591581,0.731413413805156,0.980480122505817,1.4829572961440902,0.1938972689442781,0.010240831271903,5.428591185381382,5.888866366908464,0.233960343735119,0.0079669677251166,8.28284180756227,1.884064935210983,0.0186812902629322,4.770621305378053,0.8717483073666783
394,"Chai, Priestley, and Seible 1991, Test 3",f4421f3b-2b23-43aa-8c86-16abb03aa230-007,0.0474187096792621,0.0473804400467513,0.0010218469414278,0.0508937555555504,0.0448686819239357,1.6405353415476096,1.06468248829351,0.7478827641305481,0.8433342866910005,0.459080243211038,0.8332882833991625,0.8268333878765396,0.9489395211704004,0.0001855091344087,2.4191665014502792,0.4632788199006887,0.0039229817587438,3.35463455186392,2.26439337689733
55,"Arakawa et al. 1989, OA5",fa4acc2e-6cdc-4b5c-8e34-c858c1c11cca-007,0.0524027342085449,0.0520810725441255,0.0029682940855471,0.0676978326652892,0.0462844815318936,0.6427558041240202,1.0263379449552847,1.815341813640475,0.3861590798021576,0.7217670925017842,3.4354708367771782,6.10016790143733,0.1391422229876504,0.0042252362197798,0.2041447460474525,0.0197998823178725,0.028955810901712,3.929159764377517,0.9612663696487443
5,"Ang et al. 1981, No. 3",fa719936-6432-4819-b45a-53fa585291af-007,0.0422492390233946,0.042076389102123,0.0011033148531319,0.0468240539618132,0.0404620154186605,1.3748151144702958,0.931208826383858,1.9879520565508708,0.5287706420805788,0.6342626699345066,0.5161210283607689,1.026613997501059,0.9765656903536134,0.0081428537707539,1.3384290310141664,0.5718465954098373,0.0032362825028871,5.022670442984577,1.36871770064041
320,"Arakawa et al. 1987, No. 1",fc96386d-a941-4ed8-9c31-8f1d052af704-007,0.0986739403061435,0.0985174910774934,0.001050526000065,0.1021493169866557,0.096718992865057,1.1927196277572265,0.9005124680537515,1.8917347126772333,0.6072313759436443,0.5998747523663067,9.46491631800865,8.880379156614257,0.166018786744051,0.0017529145249875,0.0331830011632272,0.8087277073134858,0.0131867198643276,3.751368922315367,1.347433874299649
203,"Thomsen and Wallace 1994, B1",058bd79b-add2-4daa-93d4-3730ecce21e4-007,0.0485654142509102,0.04848954073834,0.0006113028813115,0.0505678001489562,0.0469815982714925,0.9826107496224844,1.0157480294778751,1.498684834136475,0.3191885908161121,0.4116212738447944,0.9846235002110136,0.5625621556124601,0.7449238566760681,0.0076700990364659,7.412446953483546,1.7881936992636764,0.0023273840100629,4.070598673323537,0.325418754678869
346,"Kunnath et al. 1997, A2",17761596-14f1-4eaf-b394-be867333208c-007,0.0376191657415314,0.0375578495258999,0.0007536766061906,0.041843739105265,0.035973250626073,0.6809451374995772,0.9891511096015668,1.8580856290791885,0.4045604961198247,0.4297678956772668,0.9215305104699276,0.8458147827162098,0.7328144855882336,0.0001538129546704,4.881485164078181,0.0132720639930496,0.0013871080542617,4.832260174991264,0.7166362506527599
184,"Matamoros et al. 1999,C5-20S",2613918f-295e-487e-ab09-11abf47db176-007,0.0517258771300165,0.0514954730547595,0.0015974631594231,0.0562634983668376,0.0484986462139657,0.86368738382961,1.0113053933720637,0.8292388732464396,0.5609273196736277,0.3713201680334408,1.3549678120469708,0.7798706595711693,0.5378769314623065,0.0113775959196227,1.661527457029513,0.4613234995896113,0.0227411801554545,7.687860858621409,0.1978115153403957
393,"Henry 1998, 415s",2a28a390-288d-4bca-ae65-046b03d9be01-007,0.0495076926507598,0.0493079664390045,0.0010794974166949,0.0541866619365836,0.0476119869067883,0.6965736608723581,1.0595193607707396,1.3398864886691246,0.3758240518407622,0.3930097819949522,0.90748377364137,0.7683240161754031,0.7425679223423323,0.0004532397959461,5.468954545445972,0.9015398144856632,0.0135946548822727,8.663297398504927,0.4461926114577992
215,"Paultre and Legeron, 2000, No. 1006015",2cac336b-a70e-4d0f-8168-5b422e336665-007,0.0644098446863606,0.0642764482072896,0.0010997590702554,0.0678408660914035,0.0622242287521168,1.0637142112800655,1.0594254638020797,0.5382313221682701,0.5828776455291464,0.6228602154071656,1.973556653592444,0.4637372948915752,0.7614893371687932,0.0005595969102972,4.363585014312494,0.7228793649223442,0.0063692486509775,5.603583367792437,0.6150173796764163
412,"Hamilton, 2002, UCI5",2fec0d50-c381-424e-a520-8a420884a0bb-007,0.036767006555273,0.0366145255244497,0.0008338134049739,0.0405103944693067,0.0353692688041516,0.2691947599613328,1.0840088180824483,1.4741609342974302,0.2867536083432088,0.3069172681409253,0.5633737035699602,1.1755931786744316,0.8941829099254491,0.0114947763683525,3.67972546753878,0.5020412488166365,0.0054524193603645,2.6292506987112323,0.479638577142632
97,"Atalay and Penzien 1975, No. 12",37eb6e0b-a6d7-4709-b167-6ae780a9a576-007,0.0520971512181445,0.0519948384045436,0.0015320980100558,0.0572019276747618,0.0485818315172205,0.908539030038856,1.0896213959622711,1.751457507430703,0.5363943070007373,0.3014674501965666,0.8373739573611978,0.4298679941260643,0.3918827586941725,0.0104442791077111,1.49541948268619,0.5848026907166355,0.0228485145558005,4.92237646289538,0.8315805086448259
81,"Wight and Sozen 1973, No. 25.033(West)",422bb73e-e25a-4fa0-973b-96dec9c6f146-007,0.0374212802026048,0.0372955496385987,0.0012311467019224,0.0423828848846733,0.0351242415081813,0.3907362106296562,0.9068589258154152,1.802536553682803,0.3402882960544964,0.2710300656843061,0.1090183367803963,0.5737605571716449,0.9270666176358656,0.0243245745400297,2.6468575159195464,0.2754297838326719,0.0085353684040608,4.154862104563704,0.6267466717016972
311,"NIST, Model N4",67cea031-f2be-4b53-8630-d69e553278ac-007,0.0746085209539292,0.0745158430501229,0.0011368825155507,0.0791666731693276,0.0719276974813752,1.1867278230770992,1.0261840782417937,0.7493254625919465,0.3330220842833905,0.4433664933186214,1.2118452175030778,0.5974569545239155,0.7374097474185087,0.0001993786612811,6.538672731944454,0.99823991393082,0.0039438217815597,2.429771471595125,0.681285947945447
96,"Atalay and Penzien 1975, No. 11",6cb813b7-df06-4211-a8ba-4c5123c15ef4-007,0.0541014549157619,0.0538085765346009,0.0015488332703151,0.0690325697361858,0.0523776552971156,1.2817107863995547,1.0650295306142976,1.7517999270572449,0.6363545004946606,0.3691156896397731,1.0917944114382252,0.2508792558388285,0.6119232947040094,0.0004245174760145,6.909595893710063,1.72004794032079,0.0124019965965424,3.2098247998429006,0.8779300719377738
78,"Wight and Sozen 1973, No. 40.033(East)",6d98641a-347c-4c1d-8e57-e51a02bc38a0-007,0.052947640651115,0.0527147094699238,0.0013910956777352,0.0635286369491338,0.0507194313456472,0.2369974779766995,0.9555719927442062,1.4324298710926822,0.3899020422914676,0.255205572778239,1.7902361882748976,0.9096554668849596,0.5806817985471876,0.00745632224541,5.6493356776095816,0.5440871447359313,0.0140039154346266,5.557835049911344,0.4370388362768991
243,"Bechtoula, Kono, Arai and Watanabe, 2002, D1N30",7b09e632-c2cf-4f51-8758-b662be27f0d5-007,0.0501895703511669,0.0499667330030916,0.0013085470098189,0.0555817819866391,0.0474144333385252,1.317393653176326,0.979580742952556,1.8095438895738625,0.648317425524086,0.5174524274235386,1.1020516113193664,0.5396477340738473,0.7395967841734886,0.0022647926718698,3.02556337145493,0.5772313785723184,0.0099566135301343,3.961258146276721,0.6445516936173328
310,"NIST, Model N3",7c1b10e5-4038-4b7e-8f9c-526fb38d0e1a-007,0.0652880927474314,0.0651809987789421,0.001004080119781,0.0685881240804609,0.0635002339256834,1.7967617922244912,0.9490653148692672,1.8107796469510884,0.2752168879578168,0.3713199822505296,0.7070537506313204,0.2850086684930835,0.6514564619272433,0.0043461148490705,4.839059376908959,0.461766518445727,0.0193868269797213,5.937677920273439,0.6913636121974771
404,"Kowalsky and Moyer, 2001, 2",9aa6c6cd-4db6-4109-adb4-372431614d68-007,0.077395370165281,0.0752778291732605,0.004565455411554,0.0941966739594554,0.0736178095838284,1.608253042765779,1.0945139322485065,1.115195431461949,0.0105432847260646,0.4129995760473623,0.1898301462774946,6.370412088926472,0.784413215267785,0.0333466048251975,9.111969448622595,0.7146543264931051,0.0338215159947881,2.560168279505616,0.2843838645367353
239,"Pujol 2002, No. 10-2-2.25N",a7fdad5c-bda5-4503-8a90-5b5c45b4896b-007,0.041828769130917,0.0417749558429491,0.0008718209047505,0.0449740693064101,0.039765554654998,1.1095869473053237,0.9148617327984016,1.4385441834911314,0.2205405268240196,0.2625435343369735,1.2784469791552038,0.7009086623440346,0.5128886723889348,0.031674328958925,2.536308174267353,0.7856208712707081,0.0064077858003252,3.778562161632834,0.3383848586116954
80,"Wight and Sozen 1973, No. 25.033(East)",ae75cf01-67d4-45ed-8f54-a9f690ade976-007,0.0652609936173278,0.0651646793965572,0.0016120236826137,0.0716300228506165,0.0617575988795416,0.1907709043218055,0.9204828272489144,1.5283223739603224,0.1123202609108895,0.2894668379036113,6.825915961904852,4.624113836804038,0.8973496716522725,0.0447286336180707,1.3678301738753118,0.3120016489361659,0.0280466037534174,2.1757541984884687,0.5208879085273369
307,"NIST, Full Scale Shear",c769793a-50df-4980-8de9-f8f730abb9fc-007,0.0671751851424822,0.0669221446179084,0.0017201010063077,0.0772701521486852,0.0632450969783168,0.525833991942306,1.0736042651289042,0.7758276715035191,0.3234636008161136,0.4933543766903346,1.192116043612002,0.7700627659391929,0.7049985403286368,0.0004790773320939,5.250060221185591,0.3899272690939439,0.0044262748251703,2.67996167533978,0.4276356839980725
79,"Wight and Sozen 1973, No. 40.033(West)",ed47a871-0afe-4b19-a128-787960cbc815-007,0.0321425832051527,0.0318393616080837,0.0016447435620315,0.0394428305535574,0.0292305653535584,0.2801724603297354,0.940694547782255,1.6220947014857785,0.374692769779666,0.2290308187275622,1.5630563318820925,0.7905906668012184,0.577779410109609,0.0165421794331435,4.591234352673201,0.6053154364058017,0.0097047676149119,2.592301106692629,0.5787169086124192
242,"Pujol 2002, No. 10-1-2.25S",f8f17cf0-5bfc-4f29-a184-4518ac2868ba-007,0.053685440439905,0.0533110407582987,0.0024303687374325,0.0667392108921427,0.0491533830779532,0.2014081755045795,0.9228184817351852,1.849145964806037,0.1746000542114016,0.3717624664928713,5.009913969704417,4.004067841296648,0.7887593432455641,0.0276720753205739,9.031561325013536,0.4152419455395917,0.0053880649015188,2.2602289658323005,0.7051375083914916
54,"Arakawa et al. 1989, OA2",08486233-d783-4861-88f5-8cd11c560a02-007,0.0520867061399681,0.0517351272720404,0.0025055722403925,0.0611811413949201,0.0467916343718737,1.3854053430077855,1.0135985682871154,1.7598917149443805,0.217225760854828,0.2950069826680525,3.2078917263881976,1.421829314593789,0.8448607806760547,0.0301127140896479,0.1767741851477833,1.3762761820168603,0.0499510153684558,3.517058827030987,0.2039152852081391
275,"Ang et al. 1985, No. 9",09335dfd-bd9f-4a59-9975-36480cf6dd94-007,0.0303687565324336,0.0303543319175825,0.0007426250140921,0.0325411976674323,0.0285103620550386,0.8122723257127693,1.087296886800835,1.3799626700124066,0.3982220238956215,0.4311920256918662,1.061693825900167,0.5723096088385285,0.6952371112539038,0.0185465931190273,8.226367434236636,1.2439428451926429,0.0083884498358177,4.332630466112807,0.3114900362764962
330,"Arakawa et al. 1987, No. 13",0bda6e5a-bc4e-4e60-a687-23ed0f04e8f0-007,0.0591864877883583,0.0589801792417425,0.0019405340100776,0.0715792178282973,0.0546442360049873,0.29155993503866,1.0984248757977475,1.7058938167596815,0.2434440433197871,0.1313872633120119,3.889346537535713,3.2825624382943075,0.8313413717258801,3.234214647614934e-05,2.242574612683536,0.7995359909495494,0.0041542692313576,3.273403940178885,4.778648494229972
367,"Kowalsky et al. 1996, FL2",4cfca797-d0ec-4dbc-92aa-cf55f990d71d-007,0.045878156093367,0.0456770129377321,0.0022502028140566,0.0513640924707275,0.0402460893203922,1.311872511442249,1.09097013410372,0.65398242866544,0.8612410906864366,0.7193560880571924,1.2026013346066702,0.4821992996127352,0.8580962138703625,0.00639456954458,8.33632898257334,0.343983599058638,0.0176351915988003,3.8111694315467832,1.2819039537826105
19,"Tanaka and Park 1990, No. 2",5e61d970-d214-4795-90ab-55691c1cd188-007,0.0554588132470426,0.055224842425652,0.0013651167043894,0.0614354613451544,0.0526884456735994,1.3598492956008426,0.9489431116699554,1.268682763376118,0.4887358522608178,0.4871243605225498,1.5154786797898998,1.0426091920883065,0.8732571965330884,0.0009661677045909,8.380929548456557,0.963775047579655,0.0024777771370818,4.76390750443575,0.5703196632413989
58,"Muguruma et al. 1989, AL-2",6c9d50ca-64a2-4a3c-ba7e-a54afaa2043c-007,0.0588465725482867,0.058594091013197,0.0028037409018984,0.0682944625802597,0.0528875069783377,1.4090648894684754,1.0024907293407117,0.8613365468873447,0.6169143728938211,0.1258813788657845,1.073964059796926,1.2008527430801748,0.6103585964780425,0.00308472950755,3.5489574388144467,0.7643695135377064,0.0106578715635667,1.4462866946669672,1.796993467666079
326,"Arakawa et al. 1987, No. 9",780e70bc-6017-42a0-80c7-1e9b682eaaf0-007,0.0482435300629062,0.0480967234937864,0.0020404279919605,0.0599571283355201,0.0434600166960971,0.2391812345045678,1.0719026368502702,0.72551428492262,0.2098375576479642,0.0499289062907952,5.163041814418964,0.7138440061944269,0.8079083278901974,2.313334440015421e-05,5.58485776591787,1.621699513911878,0.0028515616969678,1.1056417445355595,3.738589309851341
185,"Matamoros et al. 1999,C5-40N",7b064bd2-0a60-48e1-a3d6-0b2bd63f438c-007,0.0434156505387747,0.0430470776546196,0.0022859003710112,0.0518390202864042,0.0388399320825085,1.824908048086386,1.0740124957099189,1.2252821845110868,0.2069404777139911,0.4113788290764024,1.6604271090658234,7.769934312833648,0.6826429208199511,0.0196819939091537,0.5982173303954094,0.1174295837428253,0.0453435617453555,4.292561463259219,0.224148196904546
166,"Saatcioglu and Grira 1999, BG-2",85de13f0-77a1-4ce3-81ce-ed49a1ac4cb6-007,0.0641712647855066,0.0639464856665425,0.0018115192690161,0.0696959849513721,0.0603405229253158,1.8151700494799468,1.0106988633199692,1.891274980441645,0.6112183792764851,0.7459485138221079,1.7566640865296113,0.1942550372791587,0.9387520902794254,0.0002301190343474,6.647151337839952,1.5951667621866197,0.0087037827127678,2.705707106662671,0.5952413128950235
408,"Hamilton, 2002, UCI1",89f16377-33e5-4113-a52c-3f00c4f83aa7-007,0.055718349696349,0.0555833784248618,0.0012684129535724,0.0644352784156869,0.0532661749256276,1.350750129774744,1.0792871446733474,0.6434860141217247,0.4282556198313118,0.6046889498850134,0.8533147731889491,0.5812776653961672,0.9899946997661534,0.001278012804971,8.971940424599072,1.7940054602193047,0.0039330307397464,4.387864714048432,0.2606078789011841
222,"Paultre et al., 2001, No. 1206040",8b808d1d-662c-4ecf-9531-2f259731f92c-007,0.0661993685145479,0.0659754734059092,0.0019852834928846,0.0752578619004538,0.0626690502431147,0.9973342554319956,1.078595865062946,0.6789858856973244,0.7679027136953915,0.5935800773880504,1.68579109006096,0.2683469335399058,0.5069641645969386,0.0035112016158106,1.990431435345691,0.3060328360720474,0.0321652328305438,2.6682625857756745,1.0469785275646224
392,"Henry 1998, 415p",8b9d20c2-8b95-4bb6-8c33-6cecb1f44e62-007,0.0424552654945957,0.042333205480954,0.0008379707252928,0.0453634894523892,0.0408365599193592,1.6388602347331649,1.0182794813521248,0.6039426577390052,0.4247565349319016,0.4337748715090564,1.0973588953222928,0.5795562037811061,0.659532305280101,0.0036192392190906,4.460731858513376,1.8966455908666564,0.0127408890412499,5.374303253823769,0.3621166776107825
170,"Saatcioglu and Grira 1999, BG-6",9240f870-c171-47a7-a2d3-d6075cfc069a-007,0.0751157698287917,0.0750726347136191,0.0013001423316973,0.0793429657760869,0.0722974145775429,1.1102683063720993,1.0222342483803286,0.8134259818511058,0.5253154354134802,0.4829213437570703,1.4508783875569746,0.8541333297260182,0.7646942978088217,0.0002738183383768,8.692728960527521,1.6704707373612289,0.0038141444904111,1.684562543217889,1.03937486396413
189,"Mo and Wang 2000,C1-3",a0ac7a7d-663f-4167-a209-48f88c34eebf-007,0.1025618301333647,0.102540399362777,0.0006572975954342,0.105002077917138,0.1009660208351714,0.2772716971540608,0.9241337670655136,1.7460830201434674,0.4019346374734048,0.2491483420787856,3.5262256364945768,6.705474072947973,0.7764968494404131,5.510072716500706e-05,3.019698335878374,0.0324167392289493,0.0004027487216871,4.863104991757608,4.342365115210956
23,"Tanaka and Park 1990, No. 6",c6daf686-448e-4d7c-9c3f-869b5969078b-007,0.0403194118532298,0.0402164796269732,0.001782871128258,0.0454005328817155,0.0366535453034257,0.8976043737575645,0.9297152586148792,1.5365012968355989,0.4747710199401639,0.5710565052994181,1.6641258136116468,0.4799544765436048,0.934453719180318,0.0099374253186855,7.810112966201474,1.706713801111619,0.0016272352453326,9.57355355484024,0.304355093820956
62,"Muguruma et al. 1989, BL-2",d9d66904-bc1b-4dd9-85e7-4a2eba227b85-007,0.068002308631352,0.0676796236618522,0.0031017054845872,0.0788946689145004,0.0621945673804447,1.1502819583616517,1.00533090155081,0.795307398817531,0.9433500475278506,0.1049261165283866,1.8954162183465733,0.4961138330021522,0.7252887969695134,0.0070891380833433,4.086941937530322,0.8520575341473742,0.0153656678763725,2.155365856370871,1.2325026653025932
218,"Paultre and Legeron, 2000, No. 10013015",db3841a0-360c-4797-be7c-39ebfc7bcc70-007,0.0735331866843939,0.073469947348298,0.0017409918438687,0.0796879144839429,0.0700170275637162,0.3605611292565538,1.087507679182352,0.6936120560833209,0.3640476836845115,0.4478693831960284,4.3687650638720665,1.449721101543084,0.5434067407179888,0.00043545666443,2.9661890976643206,0.8368091084108304,0.0042993591244652,2.268031766083294,3.219362574984724
127,"Galeota et al. 1996, BB4",dec13f2b-cf33-4566-8e65-96d3bae67c1a-007,0.0574492676364998,0.0571115098352222,0.0022508490659607,0.0651002073158085,0.0533526650148268,0.883015288835025,0.9991100832522064,0.7155844522618798,0.4465677664634831,0.7022477349790119,1.5564257965111483,0.5768439013975999,0.677297324638568,0.0039662626334791,3.428955117343224,1.5652019636707677,0.0023372799665563,6.369047895488501,0.7708151338915471
238,"Pujol 2002, No. 20-3-3S",e9457f03-0d76-47a4-873e-6e3fddef7d86-007,0.0552813297369358,0.0549227671548391,0.0031487739390131,0.0706074873290867,0.048911701579983,0.655411634022797,0.9144589752139752,1.1501699824380214,0.4271116663142781,0.3461575101953355,6.634769861871585,4.9193170134638144,0.7451245637673681,0.0043968076989055,3.392667163505813,0.3095441426070015,0.0022828851582813,5.010575672408484,0.8301422086790495
234,"Pujol 2002, No. 10-3-2.25S",eefbf9fe-8b3f-4051-8191-64514aab367a-007,0.0358560283128126,0.0357447099814088,0.0008786206862376,0.038807544759302,0.0338681297031899,0.409090612389117,0.9023751636073892,1.918760615025641,0.1696138503954048,0.2054083636793523,8.36037878339441,4.178184127744768,0.7387383972325109,0.0164661154169104,2.2509226634295483,0.0209041248093902,0.0024115339483279,2.7867164788707104,0.6505385869630845
107,"Saatcioglu and Ozcebe 1989, U6",f4fe668b-9678-4b73-94bd-e2b9270168e7-007,0.0416803534196101,0.0416679211110566,0.0009507083273251,0.0449109746974622,0.0392931405817398,1.405043923781703,0.9081515538007598,0.5018771364168069,0.4859634750095558,0.6823535213369062,0.6790677625040449,0.5724115271100799,0.993382628339762,0.0009175557442863,7.9310036905575485,1.4361445858227109,0.0009965677532287,2.419940935063049,0.3931418123419885
384,"Saatcioglu and Baingo 1999, RC6",1889a909-35e1-45e0-8c22-b113310aeaee-007,0.050347888904392,0.0502024856503937,0.001152895820973,0.0549316470539124,0.0481444205404822,1.995483994158988,0.9400083662119848,1.6599166153888327,0.4946456471879447,0.3536523910251511,0.7849265831151631,1.0829990089880717,0.7358781183857112,0.0035539749696028,9.754516083661237,0.6424157964743206,0.0007587634377067,1.404425568223923,2.244752191754095
146,"Xiao and Martirossyan 1998, HC4-8L19-T10-0.2P",18bc3b88-18e6-4df5-8273-c173d1990ee5-007,0.0450762503697867,0.0449142569554733,0.000980209905119,0.0493550090302217,0.0431585277391587,0.2374909806179686,0.9285029806004336,1.916236997854721,0.6247251455611519,0.3015539732922739,2.9450082325771896,0.802829785287578,0.7991959227364295,0.0001615780191285,7.101135054897398,0.1317737055110256,0.0002903925233657,2.8980574827384715,1.9695796151399545
279,"Ang et al. 1985, No. 13",701e9640-6c57-433d-ba71-4fe85691ec54-007,0.0661311289372566,0.0660276179441204,0.0012708168397218,0.0698944837869277,0.0628074138559931,0.2051612663061848,1.0764443022745205,1.3248890536343982,0.4395207948971732,0.2956765280930492,1.507202451659182,0.8009654817823328,0.8284107188380352,0.0001342513637936,7.901061462926801,1.8402003987854283,0.0041459649497349,1.0301643291701452,1.4668138918473197
296,"Wong et al. 1990, No. 1",95cdf547-4bc5-4446-aa3c-69faf07428bc-007,0.0367409534267844,0.0366576082614184,0.0008488758678017,0.0398796653828213,0.0347342845980912,1.7308506297905346,1.0679358247981658,0.6774233656056311,0.4115576015303334,0.367634552733155,1.0481646580642288,0.6466858166885237,0.6277726772039318,0.0006829957219301,8.788211997822934,0.4059087893657128,0.0070757513471084,3.194312122375693,0.3795807292264468
150,"Xiao and Martirossyan 1998, HC4-8L16-T6-0.2P",a934abc3-fc95-4d0e-b9fb-c9e3c38d72d9-007,0.05407832368596,0.0539630307837892,0.0013098650539202,0.0592983572782312,0.0513210971967915,0.5367638628092033,0.9792174834309162,1.390080307812032,0.5140060785051919,0.5699662016586935,0.2588536595978012,0.4556432703501745,0.2266419927804201,0.0204081449090754,0.4124929782537184,0.1999773206601719,0.0100046374651011,7.25516132680568,0.4581223179332899
3,"Gill et al. 1979, No. 3",45050e4d-7a8d-4ec3-a487-0ca4baadf60d-007,0.0411974524882973,0.0409611059357478,0.0013504597689742,0.0474968585401172,0.0386716125684849,1.672602923424107,1.0069656488621206,1.7331851807970728,0.5408540129820469,0.3540284819913931,1.605911882851517,0.5266555281120251,0.7117501898657083,0.0002600204181426,1.5557600737968522,1.6702388516422866,0.0018498764186291,2.256010923791321,1.1532286877208051
336,"Arakawa et al. 1988, No. 19",50fbc6cb-0128-4011-81bb-acab851f1a86-007,0.050266080340452,0.0500732164286484,0.0014447910648201,0.055338266585593,0.0469667321866251,1.0021107426020417,1.0589137320601762,0.9302490839825184,0.1521693698298657,0.0850192955091382,2.0842474957472725,4.240102152178275,0.9390436816139408,0.0008391795974978,0.8982405538997605,0.0456892946844044,0.0147802812875751,3.2887688408546194,0.465055464236028
199,"Aboutaha et al. 1999, SC3",d4d1229c-f159-40b1-80c2-1e86661dd038-007,0.054580026992191,0.0544816744089644,0.000860598536891,0.0594081466322267,0.0526886501846578,1.6943777068701027,1.0714093058225995,1.1069783117236405,0.1694084512097616,0.0987010141850604,2.2468496558346414,1.808366366372204,0.9983071654212136,0.0011349589988485,5.129890359742423,0.0605668602680822,0.0320606819438869,4.850392609748468,0.2174483887750961
241,"Pujol 2002, No. 10-1-2.25N",019223bb-c0a4-4cc5-b845-11900a69d4f9-007,0.042937177421567,0.0428702829055666,0.0005598997979699,0.0462520049813831,0.0419085240822092,1.794094157671563,0.9507527789281692,0.7205299295515561,0.302154842859187,0.1977453904460252,0.2226850695567802,1.4562142569269827,0.966554028585526,0.009898614442223,5.792005015634296,0.0207950911961334,0.0052556597379166,5.62102613276732,0.3202811406311727
325,"Arakawa et al. 1987, No. 8",021757f3-a667-4058-a724-6c217dcc1d5f-007,0.0574406547258878,0.0572718911562278,0.0018714474555553,0.0680002303115386,0.0527510043112105,1.0371793902512825,1.0617889827677534,0.9512725578451248,0.1397479479259261,0.0810281341168378,3.1525043077996067,8.354747000057305,0.9493751017188276,0.0013949226108264,0.5835986466004294,0.1040088693163106,0.016762322091878,3.6583088818433023,0.3372713167800506
207,"Thomsen and Wallace 1994, C2",070ec079-67f1-486d-93b7-61d0fe57a156-007,0.1421884278086315,0.1419883533036583,0.0025822059599294,0.1528940596274053,0.1362172992670016,1.5990481149838571,0.9921260764959258,1.002109704807807,0.4111898497779536,0.7050549540332095,1.238781028560826,0.7352257022415164,0.8155418569914636,0.0179578155922066,6.370403896056881,1.2264150040640656,0.0092000508975241,7.007719720134826,0.6063118249552284
49,"Kanda et al. 1988, 85STC-2",1f8e814e-f3b1-4868-b1d5-c8bdb48bd3f0-007,0.0590697138493848,0.05896749423782,0.000718678686386,0.0644083404419009,0.057643700350182,1.4732849227972296,1.0655703135099377,0.5499820783262135,0.5030201010526717,0.3206974335943341,1.2562684831632032,0.9032466554808848,0.8023498705373593,0.0002752141971454,9.14921304323533,1.4945335145256844,0.005103611508495,2.9339495189239746,0.4587975082871681
77,"Wight and Sozen 1973, No. 40.048(West)",2a625762-2b6e-48dc-800a-e812fc69e0c7-007,0.0707626283513043,0.0705244068659436,0.0022203641740645,0.0786180339169535,0.0661297750248636,0.8192829147836229,1.0197313609210352,1.509923248355538,0.2975605997095299,0.3080733464690895,0.276000875957899,1.599117110172958,0.9252819795640498,0.0117282287927194,2.331681694338605,0.5307840115856626,0.0189175322670884,5.653133815072972,0.3146636595884293
143,"Lynn et al. 1996, 2SLH18",88d57567-f035-46d5-afa9-b9f0add0082b-007,0.0394626703741671,0.0394023342761261,0.0006505347192524,0.0420006524434335,0.03786405359727,0.5116778047304675,0.9496862730340312,0.8632963789140169,0.5138950505478171,0.3227547646144504,2.706369697637892,2.540603208287267,0.9468947893450848,0.0006471030182973,2.6989448909579385,0.509101190228775,0.002432430244971,2.5784877331277105,0.8690837337413817
280,"Ang et al. 1985, No. 14",4f98533e-7ed8-4e04-ac31-aa7ed18e3095-007,0.0592819918458751,0.0591185079383812,0.0018066414473585,0.0653629488538605,0.0552803300306973,0.1656055750536688,1.087511026283459,1.4434075046835173,0.1922535748970958,0.159857055419385,0.7728441158850305,0.3359617699706739,0.6940968007892642,0.0001301954541704,3.3808454472201768,0.4674561115590296,0.00317464760797,2.635606472027648,4.096478023949121
180,"Matamoros et al. 1999,C10-20S",69de9911-9828-41b3-81f7-4a99645ab580-007,0.044320099291719275,0.04420901161146003,0.0014987598187109995,0.04866901045862314,0.04094136822789743,1.765213541057118,1.0725566544394316,0.5560838759389211,0.9466712437361874,0.6166723983942389,1.2679405701451,0.6129487555503317,0.6991487609068805,0.0245492044342564,1.2990143583523506,1.5286966012885903,0.0271891603374329,3.4274894793649,0.2013871834488181
364,"Vu et al. 1998, NH5",9fd00ff4-36bb-4402-ad72-e941aeabfa8d-007,0.05945574389060941,0.0593878155389783,0.0009107752813124118,0.06255438684727532,0.05710181037318586,1.274970334394142,1.0972467492888736,1.2237625617422865,0.130858051753557,0.1581512498807442,0.7303708134020561,2.034357913528575,0.9388262568121888,0.0054114875313104,4.479772529640224,1.2225240168854197,0.0098595643707376,1.3088618477622875,0.1439592047790805
194,"Mo and Wang 2000,C3-2",aa16374a-cc28-4b8e-87c0-a9ac939f79d3-007,0.04987000426104279,0.04983582965159883,0.0006468624880628411,0.052585420639317204,0.04835338197914847,1.0039988503259816,1.059194770098541,0.5439063861958393,0.4746510133288238,0.4944818054783387,0.9881154269752392,0.9764687342761807,0.8485367126039642,0.0009234365741295,9.95823431836784,0.1011901083878774,0.0045434331265603,8.400852702390544,0.331093990406466
209,"Thomsen and Wallace 1994, D1",da26adf5-d593-4858-877c-091b816820b4-007,0.137360001464921,0.13731151039547723,0.0002159531870878629,0.13832174100888942,0.13731151039547723,1.9790597568062147,0.955251871344716,1.6035059313674769,0.7570261062326091,0.7942413140918585,9.856439645933609,8.041642682779248,0.7314521496731673,0.0183563997007181,5.827886945978726,0.1898700653955996,0.0213066864716509,4.340099163809021,0.4350923852211558
332,"Arakawa et al. 1988, No. 15",f65b18a0-7919-4ab8-b07d-82c549f9394c-007,0.04686160003370694,0.04670287047328742,0.0013992422321348916,0.05298889592959273,0.04351365163539838,0.7699117550510683,1.0712756368173242,0.7039679022971443,0.1684215386080047,0.0982534055998505,1.2518554177709451,2.3028492345865423,0.991141935088296,0.000142038061498,2.370282923573589,0.8655523881294906,0.0260519534106519,3.754760036379247,0.2769210973639569
