Run #, RV_column1, RV_column2, RV_column3, RV_column4, RV_column5, RV_column6, gamma, kappa, eta1, sig, lam, mup, sigp, rsmax, alpha, alpha1, alpha2, betam1, n, kappa_k, res_min, gamma.median, kappa.median, eta1.median, sig.median, lam.median, mup.median, sigp.median, rsmax.median, alpha.median, alpha1.median, alpha2.median, betam1.median, n.median, kappa_k.median, res_min.median, gamma.q5, kappa.q5, eta1.q5, sig.q5, lam.q5, mup.q5, sigp.q5, rsmax.q5, alpha.q5, alpha1.q5, alpha2.q5, betam1.q5, n.q5, kappa_k.q5, res_min.q5, gamma.q95, kappa.q95, eta1.q95, sig.q95, lam.q95, mup.q95, sigp.q95, rsmax.q95, alpha.q95, alpha1.q95, alpha2.q95, betam1.q95, n.q95, kappa_k.q95, res_min.q95, gamma.var, kappa.var, eta1.var, sig.var, lam.var, mup.var, sigp.var, rsmax.var, alpha.var, alpha1.var, alpha2.var, betam1.var, n.var, kappa_k.var, res_min.var, gamma.q5_w_mnoise, kappa.q5_w_mnoise, eta1.q5_w_mnoise, sig.q5_w_mnoise, lam.q5_w_mnoise, mup.q5_w_mnoise, sigp.q5_w_mnoise, rsmax.q5_w_mnoise, alpha.q5_w_mnoise, alpha1.q5_w_mnoise, alpha2.q5_w_mnoise, betam1.q5_w_mnoise, n.q5_w_mnoise, kappa_k.q5_w_mnoise, res_min.q5_w_mnoise, gamma.q95_w_mnoise, kappa.q95_w_mnoise, eta1.q95_w_mnoise, sig.q95_w_mnoise, lam.q95_w_mnoise, mup.q95_w_mnoise, sigp.q95_w_mnoise, rsmax.q95_w_mnoise, alpha.q95_w_mnoise, alpha1.q95_w_mnoise, alpha2.q95_w_mnoise, betam1.q95_w_mnoise, n.q95_w_mnoise, kappa_k.q95_w_mnoise, res_min.q95_w_mnoise, gamma.var_w_mnoise, kappa.var_w_mnoise, eta1.var_w_mnoise, sig.var_w_mnoise, lam.var_w_mnoise, mup.var_w_mnoise, sigp.var_w_mnoise, rsmax.var_w_mnoise, alpha.var_w_mnoise, alpha1.var_w_mnoise, alpha2.var_w_mnoise, betam1.var_w_mnoise, n.var_w_mnoise, kappa_k.var_w_mnoise, res_min.var_w_mnoise
90, 3.75, 0.72522, 0.11557, 0.35142, 0.99099, 0.57282, 1.1724, 0.92333, 1.9126, 0.24361, 0.58794, 1.2371, 0.43781, 0.46108, 0.0002, 7.1984, 1.7411, 0.00223, 6.7136, 0.38182, 0.06873, 1.3607, 0.99785, 1.4884, 0.42364, 0.56137, 1.0396, 1.3186, 0.85032, 0.0034051, 5.5549, 0.88986, 0.0038778, 5.5698, 0.52612, 0.053145, 1.1231, 0.95649, 1.2428, 0.27256, 0.40087, 0.41894, 0.69452, 0.71265, -0.0027624, 2.5202, 0.4895, -0.0047687, 3.874, -0.11752, 0.046928, 1.5982, 1.0392, 1.7339, 0.57472, 0.72187, 1.6602, 1.9426, 0.98798, 0.0095725, 8.5896, 1.2902, 0.012524, 7.2657, 1.1698, 0.059363, 0.02086, 0.00063241, 0.022285, 0.0084368, 0.0095211, 0.14236, 0.14394, 0.0070044, 1.4059e-05, 3.4039, 0.059246, 2.7633e-05, 1.063, 0.15312, 1.4288e-05, 0.47308, 0.90794, 0.88054, 0.15525, 0.26855, -0.31736, -0.73071, 0.57604, -0.0073439, 0.70534, 0.30768, -0.01333, 1.6379, -0.77576, 0.041056, 2.2483, 1.0878, 2.0962, 0.69203, 0.85419, 2.3965, 3.3678, 1.1246, 0.014154, 10.404, 1.472, 0.021086, 9.5018, 1.828, 0.065235, 0.29118, 0.0029881, 0.13655, 0.026625, 0.031691, 0.68053, 1.5522, 0.027806, 4.2705e-05, 8.6925, 0.12528, 0.00010945, 5.7142, 0.62645, 5.4018e-05
98, 3.75, 0.72522, 0.11557, 0.2412, 0.99099, 0.57057, 1.0871, 0.99065, 1.6722, 0.31319, 0.66779, 0.7575, 0.90584, 0.89583, 0.00094, 9.2066, 0.81282, 0.00187, 4.7959, 0.41124, 0.05737, 1.2787, 0.99705, 1.5352, 0.42619, 0.53756, 1.2422, 1.3352, 0.8249, 0.003035, 6.5445, 0.88377, 0.0049459, 5.4918, 0.4486, 0.056309, 1.0467, 0.95684, 1.2897, 0.2702, 0.38466, 0.64884, 0.72439, 0.67569, -0.0031135, 3.2061, 0.45233, -0.0029222, 3.7846, -0.15774, 0.050397, 1.5107, 1.0373, 1.7807, 0.58217, 0.69046, 1.8355, 1.946, 0.97412, 0.0091835, 9.8829, 1.3152, 0.012814, 7.1989, 1.0549, 0.06222, 0.019896, 0.00059755, 0.022275, 0.0089929, 0.0086409, 0.13013, 0.13789, 0.0082296, 1.3973e-05, 4.1193, 0.068801, 2.2882e-05, 1.0772, 0.13589, 1.2917e-05, 0.27176, 0.90766, 0.92834, 0.15501, 0.24583, -0.10404, -0.71333, 0.54235, -0.0077031, 1.4993, 0.2901, -0.011885, 1.5544, -0.83525, 0.044423, 2.2857, 1.0864, 2.1421, 0.69737, 0.82929, 2.5884, 3.3837, 1.1075, 0.013773, 11.59, 1.4774, 0.021776, 9.4291, 1.7325, 0.068195, 0.37478, 0.0029532, 0.13612, 0.027181, 0.031456, 0.66986, 1.551, 0.02951, 4.2619e-05, 9.408, 0.13027, 0.0001047, 5.73, 0.60922, 5.2216e-05
16, 1.9912, 0.72035, 0.17202, 0.33339, 0.52493, 0.68114, 1.9058, 0.94259, 1.7271, 0.44618, 0.64172, 0.62552, 0.28503, 0.92724, 9e-05, 7.9959, 1.242, 0.00031, 8.6038, 0.48195, 0.03036, 1.0547, 0.99726, 1.5227, 0.32232, 0.47096, 1.7452, 1.2682, 0.68069, 0.0041783, 5.4254, 1.0429, 0.0032452, 4.5928, 0.75763, 0.042536, 0.78136, 0.95541, 1.2746, 0.16983, 0.30321, 1.0383, 0.54353, 0.52675, -0.0032553, 2.3758, 0.64563, -0.0059703, 2.8074, 0.029851, 0.034772, 1.3281, 1.0391, 1.7708, 0.47481, 0.6387, 2.452, 1.9929, 0.83464, 0.011612, 8.475, 1.4402, 0.012461, 6.3782, 1.4854, 0.050299, 0.027624, 0.00064745, 0.022754, 0.0085948, 0.0104, 0.18467, 0.19411, 0.0087598, 2.0424e-05, 3.4374, 0.05834, 3.139e-05, 1.1782, 0.19577, 2.2276e-05, 0.24794, 0.90712, 0.89406, 0.053135, 0.17963, 0.28306, -0.91794, 0.45979, -0.0073439, 0.56656, 0.43975, -0.014256, 1.4031, -0.58784, 0.028059, 1.8615, 1.0874, 2.1513, 0.59151, 0.76229, 3.2073, 3.4544, 0.9016, 0.0157, 10.284, 1.6461, 0.020746, 7.7826, 2.1031, 0.057012, 0.24059, 0.0030031, 0.14607, 0.026783, 0.031371, 0.79016, 1.7665, 0.018037, 4.907e-05, 8.726, 0.13447, 0.00011321, 3.7606, 0.6691, 7.7461e-05
89, 1.9912, 0.69368, 0.1529, 0.14806, 0.59055, 0.71532, 1.2623, 1.0776, 1.803, 0.40894, 0.5592, 0.48774, 0.46421, 0.95278, 0.00093, 5.5612, 1.6885, 0.00505, 3.5875, 0.38922, 0.041, 0.98393, 1.0017, 1.4785, 0.27998, 0.44906, 2.2109, 1.3674, 0.78796, 0.0040584, 5.6102, 0.76034, 0.0063206, 4.7368, 0.78092, 0.040769, 0.73854, 0.95708, 1.2149, 0.13131, 0.29146, 1.558, 0.69676, 0.59496, -0.0034211, 2.3947, 0.3264, -0.0022296, 2.6214, 0.15317, 0.033644, 1.2293, 1.0463, 1.742, 0.42865, 0.60667, 2.8637, 2.038, 0.98097, 0.011538, 8.8258, 1.1943, 0.014871, 6.8522, 1.4087, 0.047894, 0.022256, 0.00073632, 0.02568, 0.0081695, 0.009181, 0.15754, 0.16622, 0.013769, 2.0677e-05, 3.8218, 0.0696, 2.7021e-05, 1.654, 0.14565, 1.8763e-05, 0.1159, 0.91025, 0.85986, 0.012942, 0.16184, 0.75339, -0.93559, 0.54984, -0.0074934, 0.64551, 0.15828, -0.010839, 1.3488, -0.51318, 0.027469, 1.8519, 1.0932, 2.0971, 0.54702, 0.73629, 3.6684, 3.6703, 1.0261, 0.01561, 10.575, 1.3624, 0.023481, 8.1249, 2.075, 0.054069, 0.27849, 0.003092, 0.14144, 0.026357, 0.030492, 0.78515, 1.9603, 0.020959, 4.9323e-05, 9.1104, 0.13398, 0.00010884, 4.2427, 0.61899, 6.5383e-05
144, 1.0909, 0.64994, 0.04962, 0.11868, 1.3889, 2.4988, 0.23918, 1.0719, 0.72551, 0.20984, 0.04993, 5.163, 0.71384, 0.80791, 2e-05, 5.5849, 1.6217, 0.00285, 1.1056, 3.7386, 0.04346, 1.108, 1.0129, 1.3301, 0.34206, 0.28841, 2.8042, 3.5601, 0.73455, 0.0072725, 6.2127, 0.78159, 0.020968, 3.8297, 2.439, 0.05554, 0.86962, 0.96339, 1.026, 0.17763, 0.12448, 1.4095, 2.6289, 0.52475, -0.0014017, 3.0264, 0.34626, 0.010645, 1.5015, 1.5805, 0.045296, 1.3463, 1.0624, 1.6341, 0.50649, 0.45234, 4.1988, 4.4913, 0.94435, 0.015947, 9.3991, 1.2169, 0.031292, 6.158, 3.2975, 0.065785, 0.020998, 0.00090588, 0.034162, 0.0099935, 0.0099325, 0.7189, 0.3205, 0.016269, 2.7811e-05, 3.7526, 0.070045, 3.9394e-05, 2.0035, 0.27242, 3.8791e-05, 0.19565, 0.91895, 0.60747, 0.065932, -0.015254, -0.23401, 1.0508, 0.40996, -0.0050865, 1.2669, 0.23961, 0.0028593, 0.32734, 1.0186, 0.032059, 2.0203, 1.1068, 2.0526, 0.61819, 0.59208, 5.8423, 6.0694, 1.0591, 0.019632, 11.159, 1.3236, 0.039078, 7.3321, 3.8595, 0.079021, 0.30764, 0.0032616, 0.19298, 0.028181, 0.034083, 3.4117, 2.3273, 0.038941, 5.6457e-05, 9.0412, 0.10857, 0.00012121, 4.534, 0.74576, 0.00020379
107, 1.0909, 0.5348, 0.02722, 0.26042, 2.7778, 2.531, 1.9837, 1.0164, 1.3649, 0.24098, 0.19673, 1.9762, 3.3331, 0.88062, 9e-05, 1.3004, 0.43418, 0.04711, 7.5541, 0.41746, 0.05992, 0.99754, 1.0093, 1.3382, 0.26003, 0.2561, 3.3152, 3.6583, 0.80592, 0.0064854, 2.4205, 0.51299, 0.023376, 3.6111, 1.7778, 0.053125, 0.75972, 0.97121, 1.0413, 0.11073, 0.10894, 2.0275, 2.8074, 0.61973, -0.0021235, -0.58643, 0.1273, 0.01265, 1.4979, 1.1334, 0.043129, 1.2354, 1.0474, 1.635, 0.40933, 0.40325, 4.603, 4.5092, 0.9921, 0.015094, 5.4274, 0.89868, 0.034102, 5.7242, 2.4222, 0.063122, 0.020905, 0.00053685, 0.032569, 0.0082383, 0.0080038, 0.61294, 0.26763, 0.012812, 2.7393e-05, 3.3419, 0.054983, 4.2524e-05, 1.6505, 0.15349, 3.6935e-05, 0.48007, 0.92086, 0.61859, -0.0073601, -0.010747, -3.716, 0.34276, 0.49607, -0.0058338, -2.4117, 0.086237, 0.0050348, 0.24791, 0.47553, 0.029102, 1.515, 1.0978, 2.0578, 0.52742, 0.52294, 10.346, 6.9738, 1.1158, 0.018805, 7.2527, 0.93974, 0.041718, 6.9742, 3.0801, 0.077148, 0.098974, 0.0028925, 0.19139, 0.026426, 0.026318, 18.273, 4.0631, 0.035484, 5.6093e-05, 8.6305, 0.067313, 0.00012434, 4.1806, 0.62682, 0.00021331
103, 1.0909, 0.51803, 0, 0.25225, 2, 3.5851, 0.7267, 0.96689, 1.1191, 0.29869, 0.2606, 2.737, 6.9372, 0.78436, 0.00176, 0.7303, 0.50897, 0.04638, 2.7797, 1.614, 0.03219, 1.1442, 1.0199, 1.3385, 0.35526, 0.40389, 2.3187, 2.6295, 0.74778, 0.0072964, 3.9239, 0.72057, 0.017286, 4.527, 1.8138, 0.0541, 0.70486, 0.98132, 1.0347, 0.14983, 0.18998, 0.74956, 1.4142, 0.54729, -0.001378, 0.39552, 0.28946, -0.00017698, 2.3415, 0.46666, 0.040567, 1.5835, 1.0584, 1.6423, 0.56069, 0.61779, 3.8878, 3.8448, 0.94827, 0.015971, 7.4524, 1.1517, 0.034748, 6.7126, 3.161, 0.067633, 0.071341, 0.00054863, 0.034118, 0.015598, 0.016912, 0.91004, 0.54587, 0.014857, 2.7812e-05, 4.6016, 0.068694, 0.00011271, 1.7654, 0.6708, 6.7693e-05, 0.53732, 0.93121, 0.61603, 0.05292, 0.082076, -1.8189, -0.53623, 0.42913, -0.0050758, -1.2489, 0.21189, -0.0056557, 1.1177, 0.054424, 0.028868, 1.7511, 1.1085, 2.061, 0.6576, 0.7257, 6.4563, 5.7952, 1.0664, 0.019669, 9.0968, 1.2292, 0.040227, 7.9364, 3.5732, 0.079332, 0.13613, 0.0029043, 0.19294, 0.033786, 0.038278, 6.3277, 3.7042, 0.037529, 5.6577e-05, 9.8902, 0.095637, 0.00019453, 4.2962, 1.1441, 0.00023532
3, 1.0909, 0.51623, 0.02628, 0, 2.7778, 2.9346, 1.1927, 0.90051, 1.8917, 0.60723, 0.59987, 9.4649, 8.8804, 0.16602, 0.00175, 0.03318, 0.80873, 0.01319, 3.7514, 1.3474, 0.09672, 1.0333, 1.0078, 1.3223, 0.34286, 0.26864, 2.5924, 3.1531, 0.77074, 0.0069421, 4.702, 0.83385, 0.013662, 3.954, 1.3959, 0.052121, 0.69424, 0.96831, 1.023, 0.15498, 0.0809, 1.0737, 2.1708, 0.56992, -0.0017094, 1.2686, 0.40342, -0.00073495, 1.7851, 0.54924, 0.039084, 1.3724, 1.0472, 1.6217, 0.53075, 0.45637, 4.1111, 4.1353, 0.97156, 0.015594, 8.1355, 1.2643, 0.028059, 6.1229, 2.2425, 0.065158, 0.042494, 0.0005752, 0.033118, 0.013047, 0.013027, 0.85248, 0.35659, 0.014906, 2.7665e-05, 4.3572, 0.068478, 7.6613e-05, 1.7387, 0.26493, 6.2822e-05, 0.42868, 0.91871, 0.60173, 0.05216, -0.020837, -4.0555, -0.23131, 0.45188, -0.0054159, -0.40654, 0.37311, -0.0070414, 0.55555, -0.01743, 0.026941, 1.638, 1.0968, 2.043, 0.63357, 0.55811, 9.2402, 6.5375, 1.0896, 0.0193, 9.8105, 1.2946, 0.034366, 7.3524, 2.8092, 0.077301, 0.13513, 0.0029309, 0.19193, 0.031235, 0.030971, 16.334, 4.2336, 0.037578, 5.6447e-05, 9.6458, 0.078461, 0.00015843, 4.2688, 0.73826, 0.00023435
36, 3.2222, 0.50973, 0.03901, 0.15123, 5.3474, 1.1649, 1.6136, 1.0976, 1.2196, 0.13472, 0.16361, 4.9662, 1.1202, 0.99226, 0.00038, 0.31537, 0.03209, 0.03452, 3.7982, 0.57979, 0.05063, 0.67488, 1.0073, 1.3811, 0.33604, 0.25685, 2.749, 2.9691, 0.79733, 0.0055603, 3.9938, 0.42899, 0.019429, 4.3959, 1.7494, 0.052073, 0.48477, 0.97226, 1.0949, 0.21492, 0.13982, 1.6324, 2.3629, 0.62208, -0.001161, 0.59404, 0.11613, 0.011649, 2.6063, 0.93429, 0.044516, 0.86499, 1.0423, 1.6673, 0.45716, 0.37388, 3.8656, 3.5752, 0.97258, 0.012282, 7.3937, 0.74186, 0.027209, 6.1855, 2.5644, 0.059629, 0.013359, 0.00045383, 0.030274, 0.0054223, 0.0050624, 0.46083, 0.13578, 0.011352, 1.6697e-05, 4.2722, 0.03618, 2.237e-05, 1.1838, 0.24555, 2.1106e-05, 0.0018927, 0.92011, 0.66582, 0.083295, -0.0066278, -1.7383, -0.58993, 0.56638, -0.0055402, -1.0921, 0.06023, 0.0026395, 1.228, 0.35474, 0.029452, 1.3479, 1.0945, 2.0963, 0.58878, 0.52033, 7.2362, 6.528, 1.0283, 0.016661, 9.0798, 0.79776, 0.036219, 7.5638, 3.144, 0.074694, 0.1674, 0.0028095, 0.18909, 0.023611, 0.025658, 7.4422, 4.6816, 0.019715, 4.5544e-05, 9.5608, 0.050262, 0.00010419, 3.7093, 0.71889, 0.00018913
127, 3.2222, 0.50973, 0.03901, 0.60514, 5.3474, 1.0246, 0.91038, 1.0359, 1.7268, 0.79504, 0.08872, 0.83795, 0.83529, 0.88552, 0.00124, 6.5068, 0.40163, 0.00603, 2.968, 2.8403, 0.07311, 1.1701, 1.0129, 1.31, 0.41945, 0.40078, 2.7194, 2.1008, 0.73067, 0.006447, 4.4304, 0.76011, 0.0080329, 3.8273, 1.5718, 0.048416, 0.87184, 0.96205, 1.0237, 0.226, 0.20478, 1.5068, 1.4067, 0.52044, -0.0013043, 0.83066, 0.32469, -0.0060478, 1.5069, 0.42124, 0.03951, 1.4684, 1.0638, 1.5962, 0.61289, 0.59677, 3.932, 2.7948, 0.94089, 0.014198, 8.0301, 1.1955, 0.022114, 6.1477, 2.7224, 0.057322, 0.032882, 0.00095595, 0.030284, 0.013831, 0.014198, 0.54348, 0.17805, 0.016334, 2.2207e-05, 4.7894, 0.070076, 7.3281e-05, 1.9901, 0.48932, 2.9316e-05, 0.4585, 0.91825, 0.59468, 0.12512, 0.093958, -1.7412, -1.3714, 0.48865, -0.0053057, -0.79137, 0.25707, -0.012452, 0.33194, -0.042012, 0.02531, 1.8817, 1.1076, 2.0252, 0.71377, 0.7076, 7.18, 5.5729, 0.97268, 0.0182, 9.6521, 1.2632, 0.028518, 7.3226, 3.1857, 0.071523, 0.18716, 0.0033116, 0.1891, 0.032019, 0.034795, 7.354, 4.4561, 0.021648, 5.1053e-05, 10.078, 0.09353, 0.0001551, 4.5156, 0.96265, 0.00019734
35, 2, 0.49951, 0.06108, 0.19991, 0.83333, 0.96807, 0.16696, 0.90218, 1.8568, 0.17693, 0.40423, 3.1611, 7.5046, 0.97599, 0.01148, 9.9237, 0.69141, 0.00254, 3.6812, 1.4146, 0.07318, 0.81092, 1.0357, 1.3418, 0.42454, 0.33009, 3.6089, 1.9331, 0.73565, 0.016347, 7.5075, 0.77005, 0.012577, 4.4359, 0.8813, 0.051178, 0.66117, 1.0074, 1.0864, 0.34135, 0.2456, 3.0292, 1.4899, 0.63499, 0.010191, 5.5427, 0.52697, 0.0074247, 3.0026, 0.5294, 0.046233, 0.96067, 1.0639, 1.5972, 0.50774, 0.41458, 4.1885, 2.3762, 0.83631, 0.022503, 9.4723, 1.0131, 0.017729, 5.8692, 1.2332, 0.056122, 0.0082883, 0.00029589, 0.024108, 0.0025585, 0.0026383, 0.12419, 0.072582, 0.0037452, 1.4006e-05, 1.4269, 0.021839, 9.8104e-06, 0.7593, 0.045772, 9.0366e-06, -0.17735, 0.95095, 0.67745, 0.18762, 0.11868, 2.0669, -2.3408, 0.57765, 0.0055627, 3.245, 0.31404, -0.0031687, 1.4116, -0.3038, 0.03934, 1.7992, 1.1204, 2.0062, 0.66147, 0.5415, 5.1508, 6.207, 0.89365, 0.027132, 11.77, 1.2261, 0.028322, 7.4602, 2.0664, 0.063016, 0.36099, 0.0026516, 0.16314, 0.020747, 0.01652, 0.87876, 6.7514, 0.0092269, 4.2988e-05, 6.7155, 0.076857, 9.1633e-05, 3.3806, 0.51911, 5.1796e-05
49, 1.5, 0.48783, 0.05404, 0.09989, 0.83333, 1.3517, 0.32323, 1.0317, 0.92638, 0.14396, 0.09301, 2.0667, 1.2362, 0.7095, 0.00192, 4.0389, 0.07557, 0.04766, 3.5821, 0.18124, 0.03535, 0.49183, 1.0091, 1.4701, 0.2432, 0.18769, 3.1189, 2.8888, 0.87858, 0.0089954, 5.7819, 0.59427, 0.024444, 3.9238, 1.5143, 0.054864, 0.31888, 0.98382, 1.1992, 0.14674, 0.09432, 2.2004, 2.34, 0.76762, 0.0025369, 3.369, 0.33803, 0.018642, 2.7549, 1.0792, 0.047137, 0.66477, 1.0344, 1.741, 0.33967, 0.28105, 4.0374, 3.4376, 0.98954, 0.015454, 8.1949, 0.85051, 0.030246, 5.0927, 1.9493, 0.06259, 0.011055, 0.00023627, 0.027128, 0.0034396, 0.003222, 0.31185, 0.11132, 0.0045506, 1.5417e-05, 2.152, 0.024268, 1.2442e-05, 0.50502, 0.069949, 2.2066e-05, -0.52864, 0.92536, 0.76432, 0.0012915, -0.012524, 1.2683, -1.4169, 0.63984, -0.0019966, 1.2952, 0.15339, 0.0084732, 1.0538, 0.30189, 0.038074, 1.5123, 1.0928, 2.1759, 0.48512, 0.3879, 4.9694, 7.1944, 1.1173, 0.019987, 10.269, 1.0352, 0.040415, 6.7938, 2.7267, 0.071653, 0.3849, 0.002592, 0.18411, 0.02163, 0.014816, 1.2657, 6.8521, 0.021066, 4.4658e-05, 7.4406, 0.071843, 9.4276e-05, 3.0444, 0.54328, 0.00010419
56, 1.0909, 0.48746, 0.04962, 0.23736, 1.3889, 1.9415, 0.29156, 1.0984, 1.7059, 0.24344, 0.13139, 3.8893, 3.2826, 0.83134, 3e-05, 2.2426, 0.79954, 0.00415, 3.2734, 4.7786, 0.05464, 0.6669, 1.0206, 1.4111, 0.28346, 0.19981, 2.4421, 3.366, 0.89073, 0.0043054, 3.4227, 0.22975, 0.035627, 3.9378, 1.5879, 0.045773, 0.47776, 0.99337, 1.1366, 0.1659, 0.079467, 1.2437, 2.6848, 0.75812, -0.0033454, 0.80121, -0.033933, 0.027122, 2.4737, 1.0868, 0.036693, 0.85605, 1.0478, 1.6856, 0.40102, 0.32016, 3.6404, 4.0472, 1.0233, 0.011956, 6.0442, 0.49343, 0.044131, 5.4018, 2.0891, 0.054852, 0.013223, 0.00027378, 0.027845, 0.0051081, 0.0053532, 0.53077, 0.17151, 0.0064995, 2.1635e-05, 2.5401, 0.025699, 2.6732e-05, 0.79226, 0.092839, 3.0471e-05, -0.1499, 0.93624, 0.70018, 0.032398, -0.1133, -0.47568, -0.59374, 0.61, -0.007427, -1.1796, -0.16439, 0.018488, 0.93943, 0.35027, 0.022938, 1.4837, 1.1049, 2.122, 0.53453, 0.51293, 5.3598, 7.3258, 1.1715, 0.016038, 8.025, 0.62389, 0.052766, 6.9361, 2.8256, 0.068608, 0.24659, 0.0026295, 0.18681, 0.023298, 0.036236, 3.1466, 5.7954, 0.029128, 5.0877e-05, 7.8287, 0.057417, 0.00010857, 3.3228, 0.56617, 0.00019273
68, 2, 0.48597, 0.02228, 0, 2.2222, 1.6281, 0.338, 1.0242, 1.8398, 0.14759, 0.09165, 1.2465, 1.3611, 0.98868, 0.00091, 7.291, 0.11541, 0.04633, 2.6866, 0.28146, 0.04124, 0.33857, 0.99778, 1.4358, 0.18646, 0.10539, 2.4189, 3.9114, 0.81661, 0.0074743, 5.9663, 0.25315, 0.028701, 3.3754, 1.0995, 0.044996, 0.16427, 0.96918, 1.1645, 0.097903, 0.012582, 1.3509, 3.304, 0.69444, 0.00025553, 4.1169, 0.059251, 0.022277, 1.9551, 0.72198, 0.037005, 0.51288, 1.0264, 1.7071, 0.27502, 0.19819, 3.4869, 4.5189, 0.93879, 0.014693, 7.8157, 0.44704, 0.035125, 4.7957, 1.4771, 0.052986, 0.011229, 0.00030238, 0.027205, 0.0028986, 0.0031834, 0.42161, 0.1364, 0.0055172, 1.9261e-05, 1.2642, 0.013896, 1.5252e-05, 0.7456, 0.052688, 2.3598e-05, -0.15083, 0.91298, 0.72047, -0.052411, -0.16311, -2.8951, -0.52506, 0.54446, -0.0039876, 1.7557, 0.0036546, 0.012494, 0.2784, -0.093434, 0.022771, 0.82797, 1.0826, 2.1512, 0.42533, 0.37389, 7.7329, 8.3479, 1.0888, 0.018936, 10.177, 0.50264, 0.044909, 6.4725, 2.2925, 0.06722, 0.088527, 0.0026581, 0.18914, 0.02109, 0.026646, 10.437, 7.2749, 0.027375, 4.8558e-05, 6.5528, 0.023007, 9.709e-05, 3.5452, 0.52602, 0.00018256
160, 2.1818, 0.48346, 0.03425, 0.11868, 2.0833, 1.2156, 0.45605, 1.0378, 1.5855, 0.54527, 0.46382, 0.68332, 0.25843, 0.985, 6e-05, 7.7086, 0.36648, 0.00075, 9.3108, 2.1324, 0.02999, 0.60137, 1.0212, 1.3537, 0.20825, 0.19203, 3.3621, 2.9825, 0.81588, 0.0099846, 4.2804, 0.022112, 0.027359, 3.4357, 0.7293, 0.054111, 0.47312, 0.99821, 1.113, 0.12659, 0.12237, 2.6429, 2.5175, 0.72762, 0.0054184, 2.3378, -0.20859, 0.022677, 2.4141, 0.41841, 0.04864, 0.72961, 1.0443, 1.5944, 0.28992, 0.26169, 4.0813, 3.4474, 0.90415, 0.014551, 6.223, 0.25281, 0.03204, 4.4574, 1.0402, 0.059582, 0.0060788, 0.00019608, 0.021418, 0.0024651, 0.0017935, 0.19116, 0.079912, 0.0028794, 7.7066e-06, 1.3948, 0.019672, 8.1003e-06, 0.38579, 0.035724, 1.1063e-05, 0.20165, 0.93816, 0.5838, -0.028155, -0.07736, -1.1756, -1.5745, 0.62561, -3.3613e-05, 0.028101, -0.26922, 0.011759, 0.39682, -0.44427, 0.031494, 1.0011, 1.1043, 2.1236, 0.44466, 0.46142, 7.8998, 7.5394, 1.0062, 0.020003, 8.5327, 0.31344, 0.042958, 6.4747, 1.9029, 0.076728, 0.059056, 0.0025518, 0.21907, 0.020657, 0.026823, 7.6107, 7.6753, 0.013381, 3.7096e-05, 6.6834, 0.031369, 8.9944e-05, 3.4134, 0.50906, 0.00018907
20, 2.5, 0.47946, 0.05863, 0.19988, 0.83333, 0.85669, 0.81227, 1.0873, 1.38, 0.39822, 0.43119, 1.0617, 0.57231, 0.69524, 0.01855, 8.2264, 1.2439, 0.00839, 4.3326, 0.31149, 0.02851, 0.90329, 1.0274, 1.3788, 0.42008, 0.3977, 3.3215, 1.8661, 0.83377, 0.017813, 7.9861, 0.53117, 0.0091311, 4.7578, 0.81629, 0.056584, 0.76819, 1.002, 1.1343, 0.34248, 0.31867, 2.8167, 1.4747, 0.74544, 0.011594, 6.1477, 0.29373, 0.0044807, 3.5077, 0.49093, 0.051894, 1.0384, 1.0527, 1.6234, 0.49768, 0.47674, 3.8263, 2.2576, 0.9221, 0.024031, 9.8246, 0.76861, 0.013782, 6.0079, 1.1417, 0.061275, 0.0067462, 0.00023751, 0.022104, 0.0022257, 0.0023086, 0.094181, 0.056634, 0.0028835, 1.4293e-05, 1.2492, 0.020838, 7.9934e-06, 0.57761, 0.039128, 8.131e-06, -0.09095, 0.94361, 0.75135, 0.18504, 0.19743, 1.938, -2.6294, 0.6991, 0.0069217, 3.7804, 0.065655, -0.0064601, 1.5609, -0.3612, 0.045977, 1.8975, 1.1111, 2.0063, 0.65511, 0.59798, 4.7049, 6.3617, 0.96845, 0.028704, 12.192, 0.99668, 0.024722, 7.9547, 1.9938, 0.067192, 0.36537, 0.0025932, 0.14552, 0.020418, 0.014825, 0.70742, 7.4699, 0.0067038, 4.3843e-05, 6.5379, 0.080096, 8.9847e-05, 3.7775, 0.51246, 4.1588e-05
109, 2, 0.47946, 0.02931, 0.19988, 1.6667, 1.2933, 0.30151, 0.9173, 1.9592, 0.49421, 0.53486, 1.7965, 0.01428, 0.6024, 0.01252, 7.4416, 1.2704, 0.048, 1.1352, 0.9431, 0.06204, 0.58005, 1.0465, 1.3339, 0.34163, 0.20891, 3.1543, 2.9197, 0.87261, 0.005466, 5.7717, 0.13353, 0.018334, 4.4238, 1.1329, 0.049416, 0.4341, 1.0226, 1.0958, 0.25354, 0.12367, 2.3898, 2.4404, 0.79377, 0.00041334, 3.7517, -0.092611, 0.012391, 3.3234, 0.80646, 0.043166, 0.726, 1.0704, 1.572, 0.42972, 0.29416, 3.9189, 3.399, 0.95144, 0.010519, 7.7916, 0.35968, 0.024277, 5.5243, 1.4594, 0.055666, 0.0078734, 0.00021105, 0.020961, 0.0028682, 0.002686, 0.21604, 0.084909, 0.0022971, 9.4361e-06, 1.5081, 0.018902, 1.3055e-05, 0.4476, 0.039398, 1.4436e-05, -0.0094131, 0.96315, 0.6172, 0.10292, -0.096145, 0.036683, -1.6609, 0.66309, -0.0048038, 1.4834, -0.19834, 0.0023092, 1.4618, -0.044861, 0.024059, 1.1695, 1.1298, 2.0506, 0.58033, 0.51397, 6.272, 7.5004, 1.0821, 0.015736, 10.06, 0.46541, 0.034358, 7.3858, 2.3107, 0.074773, 0.12843, 0.0025667, 0.18986, 0.021061, 0.034397, 3.5925, 7.7552, 0.016224, 3.8983e-05, 6.7968, 0.04071, 9.491e-05, 3.2427, 0.51273, 0.00023766
41, 2.1818, 0.4772, 0.03381, 0.23429, 2.0833, 1.184, 1.1833, 1.0962, 0.55101, 0.61858, 0.38809, 0.65727, 0.94401, 0.99438, 0.00612, 7.1722, 0.01258, 0.00782, 3.8605, 0.78632, 0.02925, 0.53864, 1.036, 1.4484, 0.38687, 0.26002, 3.4558, 2.6633, 0.76503, 0.0095578, 5.3355, 1.2452, 0.019436, 4.1443, 0.99132, 0.054318, 0.38754, 1.0103, 1.2111, 0.29326, 0.1722, 2.7328, 2.2195, 0.6649, 0.0046312, 2.8932, 0.96358, 0.013495, 2.9091, 0.63191, 0.048703, 0.68974, 1.0618, 1.6857, 0.48048, 0.34785, 4.1788, 3.107, 0.86515, 0.014485, 7.7778, 1.5268, 0.025377, 5.3795, 1.3507, 0.059932, 0.0084392, 0.00024556, 0.020816, 0.0032387, 0.0028508, 0.19321, 0.072782, 0.0037053, 8.9712e-06, 2.2047, 0.029316, 1.3045e-05, 0.5639, 0.047743, 1.1651e-05, 0.1875, 0.95215, 0.66866, 0.14608, 0.0037642, -1.0571, -1.9676, 0.57762, -0.00066486, 0.83287, 0.90138, 0.0034116, 1.0266, -0.19603, 0.031549, 0.88978, 1.1199, 2.2282, 0.62767, 0.51628, 7.9687, 7.2941, 0.95243, 0.019781, 9.8381, 1.589, 0.03546, 7.262, 2.1787, 0.077086, 0.045574, 0.0026013, 0.22474, 0.021431, 0.024272, 7.5275, 7.9262, 0.012981, 3.8626e-05, 7.4934, 0.043694, 9.4908e-05, 3.5927, 0.52108, 0.0001916
44, 1.0909, 0.47414, 0.03359, 0.23278, 2.0833, 2.2408, 1.5634, 1.0547, 0.99496, 0.14737, 0.07399, 1.9721, 7.5665, 0.99006, 0.00127, 0.64214, 0.06545, 0.04448, 4.2187, 0.38625, 0.05251, 0.73723, 1.0355, 1.3629, 0.26819, 0.23449, 3.2858, 3.5995, 0.83255, 0.0032625, 2.1379, 0.71466, 0.025387, 3.22, 1.9989, 0.047291, 0.55538, 1.0076, 1.0987, 0.15074, 0.12324, 2.1229, 2.8587, 0.68576, -0.0031933, -0.24658, 0.42564, 0.017804, 1.649, 1.5795, 0.039325, 0.91908, 1.0634, 1.627, 0.38565, 0.34573, 4.4486, 4.3404, 0.97934, 0.0097183, 4.5223, 1.0037, 0.032971, 4.7909, 2.4183, 0.055257, 0.012223, 0.00028797, 0.025784, 0.0050994, 0.0045741, 0.49978, 0.20287, 0.0079644, 1.5404e-05, 2.1014, 0.030876, 2.1258e-05, 0.91217, 0.065009, 2.3453e-05, 0.34469, 0.95091, 0.65598, 0.017155, -0.031751, -1.5765, -0.40748, 0.54466, -0.0077929, -2.3336, 0.36027, 0.008683, 0.16783, 0.79205, 0.024645, 1.1298, 1.1201, 2.0698, 0.51923, 0.50072, 8.1481, 7.6065, 1.1204, 0.014318, 6.6093, 1.0691, 0.042092, 6.2721, 3.2058, 0.069937, 0.056953, 0.0026437, 0.18469, 0.023293, 0.026199, 8.7384, 5.9345, 0.030634, 4.5175e-05, 7.3901, 0.046421, 0.00010314, 3.4431, 0.53834, 0.00018955
124, 1.6364, 0.47111, 0.07152, 0, 0.97222, 1.022, 0.20239, 0.98345, 1.4928, 0.06478, 0.16837, 9.2504, 1.5595, 0.91434, 0.04154, 6.2886, 0.93332, 0.00695, 3.8898, 0.65178, 0.09161, 0.69708, 1.005, 1.3861, 0.20076, 0.23905, 2.905, 2.4974, 0.81866, 0.015375, 5.1814, 0.16352, 0.026077, 4.0322, 0.74221, 0.049089, 0.51334, 0.97535, 1.1508, 0.10162, 0.13243, 2.2328, 1.9994, 0.69693, 0.0092509, 2.8994, -0.085453, 0.019693, 2.6359, 0.34667, 0.04247, 0.88082, 1.0346, 1.6214, 0.2999, 0.34567, 3.5771, 2.9953, 0.94039, 0.021498, 7.4633, 0.4125, 0.032461, 5.4284, 1.1378, 0.055709, 0.012478, 0.00032476, 0.020461, 0.0036325, 0.0042015, 0.16698, 0.091643, 0.0054767, 1.386e-05, 1.9247, 0.022912, 1.5064e-05, 0.72058, 0.057827, 1.6198e-05, -0.41937, 0.91984, 0.70127, -0.042278, 0.0098301, 1.1024, -2.1725, 0.6391, 0.0044819, 0.76369, -0.23854, 0.0098807, 1.0556, -0.45657, 0.035162, 1.8135, 1.0902, 2.0709, 0.4438, 0.46827, 4.7076, 7.1672, 0.99822, 0.026267, 9.599, 0.56559, 0.042273, 7.0088, 1.941, 0.063016, 0.4607, 0.0026805, 0.17334, 0.021832, 0.01942, 1.201, 8.0604, 0.011917, 4.3854e-05, 7.2133, 0.059749, 9.6955e-05, 3.2748, 0.53116, 7.169e-05
133, 1.0909, 0.47111, 0.03337, 0.11565, 2.0833, 2.3033, 0.24244, 1.0533, 0.92881, 0.38261, 0.14595, 4.5509, 0.26412, 0.98576, 0.00015, 9.6189, 1.6718, 0.00316, 3.1246, 4.252, 0.04861, 0.95767, 1.0183, 1.3534, 0.21998, 0.18581, 3.1925, 3.988, 0.78075, 0.0042926, 6.1576, 0.66708, 0.02462, 2.9342, 1.4678, 0.04858, 0.77814, 0.99321, 1.0846, 0.10265, 0.079956, 2.0178, 3.2312, 0.62635, -0.0023365, 3.6493, 0.27964, 0.017809, 1.4282, 1.0789, 0.040544, 1.1372, 1.0435, 1.6222, 0.33732, 0.29167, 4.3671, 4.7448, 0.93515, 0.010922, 8.6659, 1.0545, 0.03143, 4.4402, 1.8567, 0.056616, 0.011912, 0.0002335, 0.026698, 0.0050886, 0.0041417, 0.51, 0.21172, 0.0088115, 1.6242e-05, 2.3254, 0.055483, 1.7143e-05, 0.8383, 0.055903, 2.3868e-05, 0.51493, 0.93465, 0.64482, -0.031031, -0.095598, -1.6673, -0.038807, 0.4889, -0.0068858, 1.6189, 0.23681, 0.0082505, -0.085049, 0.27122, 0.025897, 1.4004, 1.102, 2.062, 0.471, 0.46722, 8.0522, 8.0148, 1.0726, 0.015471, 10.696, 1.0974, 0.040989, 5.9534, 2.6644, 0.071262, 0.072451, 0.0025892, 0.18558, 0.023289, 0.02927, 8.729, 5.9933, 0.031483, 4.6185e-05, 7.614, 0.068428, 9.9039e-05, 3.3693, 0.52924, 0.00019017
34, 2.8721, 0.46489, 0.06092, 0.14711, 2.3545, 0.94929, 0.5403, 1.0113, 1.6842, 0.23075, 0.19618, 1.0947, 1.2359, 0.67466, 0.03075, 4.4037, 0.07216, 0.02903, 5.8504, 0.38431, 0.07659, 0.86947, 1.0377, 1.291, 0.32622, 0.36668, 3.2026, 2.3521, 0.87664, 0.01865, 4.9161, 0.78747, 0.013426, 4.4312, 0.6839, 0.050413, 0.74747, 1.0141, 1.0207, 0.25322, 0.29672, 2.5254, 1.9718, 0.78025, 0.013004, 2.8967, 0.55374, 0.0091412, 3.2304, 0.34791, 0.044995, 0.99147, 1.0613, 1.5613, 0.39922, 0.43665, 3.8798, 2.7324, 0.97303, 0.024296, 6.9354, 1.0212, 0.01771, 5.6319, 1.0199, 0.055831, 0.0055012, 0.00020588, 0.027004, 0.0019696, 0.0018094, 0.16951, 0.053462, 0.003434, 1.1783e-05, 1.5072, 0.020191, 6.7852e-06, 0.53292, 0.041726, 1.085e-05, 0.49369, 0.95441, 0.54676, 0.09257, 0.11642, -1.9828, -2.153, 0.7321, 0.0079567, 0.62812, 0.50643, -0.0020687, 1.3697, -0.49657, 0.028456, 1.2453, 1.1209, 2.0353, 0.55986, 0.61695, 8.388, 6.8572, 1.0212, 0.029344, 9.204, 1.0685, 0.02892, 7.4927, 1.8644, 0.072371, 0.052193, 0.0025616, 0.20474, 0.020177, 0.02315, 9.9384, 7.5015, 0.0077225, 4.2266e-05, 6.7959, 0.029192, 8.8736e-05, 3.4643, 0.51506, 0.0001782
66, 1.5, 0.46352, 0.02568, 0, 1.6667, 1.96, 0.14697, 0.93862, 1.8774, 0.17409, 0.06368, 2.4724, 1.7028, 0.802, 0.00162, 4.3654, 0.90577, 0.02128, 1.6462, 0.65813, 0.02756, 0.41777, 1.013, 1.4402, 0.2467, 0.14383, 2.7631, 4.0496, 0.81047, 0.0022788, 5.8864, 1.0232, 0.022663, 2.6221, 1.7434, 0.048478, 0.23138, 0.98709, 1.179, 0.13881, 0.031888, 1.6116, 3.3557, 0.67984, -0.0050586, 3.4518, 0.77644, 0.014948, 1.2397, 1.3186, 0.040197, 0.60416, 1.039, 1.7013, 0.35459, 0.25578, 3.9145, 4.7434, 0.9411, 0.0096162, 8.3209, 1.27, 0.030377, 4.0045, 2.1683, 0.056759, 0.012841, 0.00024865, 0.025208, 0.0043024, 0.0046318, 0.49007, 0.17794, 0.0063071, 1.9899e-05, 2.1907, 0.02251, 2.1998e-05, 0.70633, 0.066725, 2.5347e-05, -0.36321, 0.92909, 0.73394, -9.6904e-05, -0.17482, -0.7094, -0.43078, 0.53064, -0.0094037, 1.388, 0.69701, 0.0058909, -0.34784, 0.53466, 0.025428, 1.1987, 1.097, 2.1464, 0.4935, 0.46249, 6.2355, 8.53, 1.0903, 0.013961, 10.385, 1.3494, 0.039435, 5.592, 2.9522, 0.071528, 0.22544, 0.0026043, 0.18435, 0.022513, 0.03753, 4.4568, 7.4195, 0.028942, 5.0445e-05, 7.4793, 0.03933, 0.00010397, 3.2602, 0.54006, 0.00019638
92, 2, 0.45595, 0.02458, 0, 2.75, 1.481, 0.15248, 0.96427, 1.4808, 0.13698, 0.11067, 3.2596, 2.0942, 0.81912, 0.02292, 6.1554, 0.10467, 0.01402, 1.919, 1.4591, 0.03778, 0.40752, 1.0174, 1.4216, 0.17541, 0.10897, 2.5944, 3.806, 0.88265, 0.0038695, 6.3417, 0.87644, 0.036596, 2.9893, 0.55012, 0.04677, 0.2485, 0.99236, 1.1569, 0.094223, 0.028551, 1.6087, 3.2463, 0.79026, -0.0027887, 4.5623, 0.7745, 0.030813, 1.8772, 0.153, 0.039496, 0.56653, 1.0424, 1.6862, 0.25659, 0.18939, 3.5801, 4.3657, 0.97503, 0.010528, 8.1211, 0.97838, 0.042379, 4.1013, 0.94725, 0.054045, 0.0093458, 0.00023123, 0.025881, 0.002436, 0.0023904, 0.35914, 0.11579, 0.0031546, 1.6385e-05, 1.1703, 0.003841, 1.2361e-05, 0.45707, 0.058291, 1.9561e-05, -0.098002, 0.93371, 0.71458, -0.061063, -0.12526, -5.2425, -1.1293, 0.63245, -0.0075046, 2.1614, 0.72121, 0.020608, 0.084543, -0.64919, 0.022245, 0.91303, 1.101, 2.1285, 0.41187, 0.3432, 10.431, 8.7414, 1.1328, 0.015244, 10.522, 1.0317, 0.052584, 5.894, 1.7494, 0.071296, 0.094453, 0.0025869, 0.18474, 0.020668, 0.020279, 22.7, 9.0029, 0.023136, 4.7816e-05, 6.4589, 0.0089062, 9.4479e-05, 3.1186, 0.53163, 0.00022232
78, 2, 0.45152, 0.01791, 0, 3.6667, 1.6696, 0.20329, 1.0274, 1.4025, 0.1762, 0.09344, 3.056, 0.78372, 0.79487, 5e-05, 8.3204, 1.1808, 0.02177, 1.2557, 0.77889, 0.04754, 0.33723, 1.0136, 1.3868, 0.1954, 0.099018, 2.6584, 4.1375, 0.87505, 0.006893, 5.1316, 0.35173, 0.033583, 2.758, 0.39537, 0.04412, 0.15592, 0.98654, 1.0935, 0.099309, -0.00034983, 1.4886, 3.5094, 0.75296, 0.00044632, 2.5189, 0.20665, 0.026583, 1.4805, -0.19439, 0.036131, 0.51853, 1.0407, 1.6801, 0.29149, 0.19839, 3.8282, 4.7656, 0.99713, 0.01334, 7.7442, 0.49682, 0.040584, 4.0354, 0.98512, 0.052108, 0.01215, 0.00027128, 0.031793, 0.0034129, 0.0036495, 0.50577, 0.14582, 0.005509, 1.5361e-05, 2.523, 0.0077806, 1.8116e-05, 0.60319, 0.12856, 2.3588e-05, -0.22588, 0.92933, 0.67026, -0.046702, -0.10703, -6.7623, -0.74193, 0.60172, -0.0044333, 0.53431, 0.17366, 0.017105, -0.15799, -0.88074, 0.01619, 0.90033, 1.0979, 2.1034, 0.4375, 0.30506, 12.079, 9.0169, 1.1484, 0.018219, 9.7288, 0.52981, 0.050062, 5.6739, 1.6715, 0.072049, 0.1172, 0.002627, 0.18978, 0.021664, 0.015692, 32.803, 8.8, 0.027613, 4.7415e-05, 7.8116, 0.011721, 0.00010037, 3.1427, 0.60189, 0.00028832
43, 8, 0.44876, 0.04706, 0.28113, 1.3333, 0.368, 0.89874, 1.0853, 1.9079, 0.44933, 0.5498, 1.3811, 0.86589, 0.82567, 0.00181, 8.7442, 0.43533, 0.00173, 8.91, 2.0326, 0.07183, 1.1494, 1.0492, 1.279, 0.53075, 0.56799, 1.8198, 1.2243, 0.76649, 0.0054151, 6.2657, 0.57341, 0.012626, 4.2265, 1.1243, 0.062285, 0.8672, 1.0117, 1.019, 0.40672, 0.41784, 1.2003, 0.81869, 0.60588, -0.0017554, 3.7026, 0.246, 0.0051053, 2.5274, 0.52599, 0.054829, 1.4315, 1.0867, 1.539, 0.65479, 0.71815, 2.4392, 1.6299, 0.9271, 0.012586, 8.8288, 0.90082, 0.020146, 5.9256, 1.7226, 0.069741, 0.029428, 0.00051957, 0.024986, 0.0056861, 0.0083337, 0.14182, 0.060803, 0.0095341, 1.9004e-05, 2.4281, 0.039621, 2.0905e-05, 1.067, 0.13232, 2.0549e-05, 0.28745, 0.96098, 0.30901, 0.27644, 0.25113, 0.56804, -0.061355, 0.39949, -0.0063831, 1.6965, 0.034186, -0.0040878, 1.1076, -0.15578, 0.041262, 2.0113, 1.1374, 2.249, 0.78507, 0.88486, 3.0715, 2.5099, 1.1335, 0.017213, 10.835, 1.1126, 0.029339, 7.3454, 2.4044, 0.083308, 0.27458, 0.0028753, 0.34777, 0.023906, 0.03711, 0.57912, 0.61092, 0.049782, 5.1449e-05, 7.7167, 0.10747, 0.00010325, 3.5954, 0.60565, 0.00016335
116, 2, 0.44862, 0.03727, 0, 1.1111, 1.1928, 0.17854, 1.0277, 1.7032, 0.02947, 0.09528, 1.9833, 1.4707, 0.73324, 0.01883, 3.454, 0.04084, 0.02937, 2.221, 0.26556, 0.03909, 0.58287, 1.0104, 1.3256, 0.18733, 0.20796, 3.6253, 3.1241, 0.86859, 0.01057, 6.1465, 0.72405, 0.029547, 3.6763, 0.86887, 0.056977, 0.42702, 0.9855, 1.0835, 0.10439, 0.12535, 2.9094, 2.6248, 0.78359, 0.0052897, 4.2726, 0.60273, 0.02399, 2.5074, 0.49536, 0.051125, 0.73871, 1.0353, 1.5678, 0.27027, 0.29056, 4.3412, 3.6233, 0.9536, 0.01585, 8.0204, 0.84536, 0.035103, 4.8453, 1.2424, 0.062829, 0.0089773, 0.0002288, 0.021672, 0.0025424, 0.0025219, 0.18944, 0.092136, 0.0026706, 1.0304e-05, 1.2979, 0.0054401, 1.1412e-05, 0.50508, 0.051564, 1.2657e-05, -0.58903, 0.92675, 0.62043, -0.049959, -0.0043502, 1.7087, -1.9635, 0.68491, -0.00020585, 1.9251, 0.40046, 0.013617, 0.74647, -0.32282, 0.040525, 1.7548, 1.094, 2.0309, 0.42462, 0.42026, 5.5418, 8.2116, 1.0523, 0.021345, 10.368, 1.0476, 0.045477, 6.6062, 2.0606, 0.073429, 0.5076, 0.0025845, 0.18382, 0.020811, 0.01666, 1.3577, 9.5667, 0.01247, 4.2917e-05, 6.5865, 0.038702, 9.3792e-05, 3.1728, 0.5249, 0.00010004
146, 4, 0.44611, 0.06497, 0.07227, 0.82812, 0.53178, 1.4487, 1.0955, 0.71607, 0.40972, 0.62801, 0.91995, 0.44166, 0.70632, 0.00016, 5.3266, 0.89327, 0.02218, 7.3772, 0.48554, 0.05473, 1.1345, 1.018, 1.469, 0.24467, 0.54214, 1.7673, 1.6096, 0.78724, 0.005989, 4.5263, 0.38726, 0.0042467, 4.7843, 0.37641, 0.051672, 0.97354, 0.99059, 1.2359, 0.1535, 0.4464, 1.3499, 1.2929, 0.65962, -0.0014433, 2.4931, -0.0027555, -0.00084368, 3.2484, 0.042251, 0.046891, 1.2954, 1.0454, 1.7021, 0.33583, 0.63788, 2.1846, 1.9262, 0.91486, 0.013421, 6.5596, 0.77727, 0.0093371, 6.3202, 0.71058, 0.056453, 0.0095709, 0.00027754, 0.020083, 0.0030719, 0.0033878, 0.064382, 0.037066, 0.0060198, 2.0417e-05, 1.528, 0.056221, 9.5775e-06, 0.87191, 0.041273, 8.4486e-06, 0.079776, 0.93359, 1.0302, 0.0042134, 0.35005, 0.71396, -1.6542, 0.46871, -0.0060486, 0.23183, -0.17365, -0.011534, 0.86937, -0.80354, 0.043188, 2.1891, 1.1024, 1.9079, 0.48512, 0.73423, 2.8206, 4.8733, 1.1058, 0.018027, 8.8208, 0.94816, 0.020027, 8.6991, 1.5564, 0.060157, 0.41113, 0.0026332, 0.071183, 0.02137, 0.013638, 0.41007, 3.9372, 0.0375, 5.3559e-05, 6.8166, 0.11629, 9.204e-05, 5.6648, 0.51461, 2.6608e-05
59, 2.8571, 0.43878, 0.13183, 0.15306, 0.83333, 0.56356, 0.7385, 0.97373, 1.6128, 0.38523, 0.54651, 0.82695, 0.39863, 0.81177, 0.00046, 4.6613, 1.7417, 0.00407, 5.0189, 0.41883, 0.04296, 1.0539, 1.0246, 1.179, 0.34901, 0.46649, 1.6478, 1.4727, 0.7178, 0.0065585, 6.8672, 0.62016, 0.0030088, 4.9627, 0.51712, 0.041756, 0.90617, 0.98943, 0.95314, 0.26803, 0.38507, 1.2905, 1.1082, 0.60253, -0.001446, 4.8453, 0.35455, -0.001283, 3.4464, 0.21722, 0.037597, 1.2016, 1.0597, 1.4049, 0.42998, 0.54792, 2.0051, 1.8371, 0.83306, 0.014563, 8.8891, 0.88577, 0.0073005, 6.4789, 0.81702, 0.045916, 0.008064, 0.00045608, 0.018859, 0.0024234, 0.0024505, 0.047181, 0.049093, 0.0049109, 2.3682e-05, 1.511, 0.026076, 6.8078e-06, 0.8497, 0.033243, 6.3958e-06, 0.023576, 0.93734, 0.71865, 0.11189, 0.18391, 0.43189, -3.1609, 0.4385, -0.0060381, 2.578, 0.13306, -0.012529, 0.87205, -0.65359, 0.032189, 2.0842, 1.1118, 1.6394, 0.58612, 0.74907, 2.8637, 6.1063, 0.99709, 0.019155, 11.156, 1.1073, 0.018547, 9.0533, 1.6878, 0.051324, 0.39235, 0.0028118, 0.078338, 0.020781, 0.029515, 0.54642, 7.9357, 0.028832, 5.8648e-05, 6.7996, 0.087695, 8.9237e-05, 6.1847, 0.50658, 3.3831e-05
71, 8, 0.43305, 0.03016, 0.27129, 1.3281, 0.46337, 1.3119, 1.091, 0.65398, 0.86124, 0.71936, 1.2026, 0.4822, 0.8581, 0.00639, 8.3363, 0.34398, 0.01764, 3.8112, 1.2819, 0.04025, 1.1115, 1.0542, 1.3774, 0.43601, 0.51736, 1.7435, 1.2689, 0.74857, 0.0040799, 6.2762, 0.63098, 0.0091519, 5.4992, 1.4421, 0.064883, 0.82759, 1.017, 1.134, 0.31815, 0.36734, 1.0028, 0.86732, 0.5907, -0.0029572, 3.7624, 0.30731, 0.0018281, 3.8845, 0.83674, 0.055909, 1.3955, 1.0914, 1.6208, 0.55386, 0.66737, 2.4842, 1.6705, 0.90644, 0.011117, 8.7899, 0.95464, 0.016476, 7.1139, 2.0475, 0.073857, 0.029801, 0.00051105, 0.021891, 0.0051339, 0.0083179, 0.20279, 0.059615, 0.0092116, 1.8303e-05, 2.3356, 0.038719, 1.9825e-05, 0.96363, 0.13546, 2.9766e-05, 0.23421, 0.9661, 0.3785, 0.18422, 0.21773, 0.42693, 0.02179, 0.40734, -0.0081148, 1.7344, 0.084157, -0.0075907, 2.4255, 0.15873, 0.04407, 1.9889, 1.1422, 2.3763, 0.68779, 0.81698, 3.06, 2.5161, 1.0898, 0.016275, 10.818, 1.1778, 0.025895, 8.5729, 2.7255, 0.085696, 0.28449, 0.0028667, 0.36879, 0.023431, 0.033181, 0.64066, 0.57488, 0.043038, 5.4965e-05, 7.6242, 0.11052, 0.00010361, 3.492, 0.6088, 0.0001601
23, 2, 0.43195, 0.03633, 0, 2.2222, 1.1747, 0.50134, 1.0467, 0.91871, 0.19538, 0.1661, 1.5605, 1.2073, 0.90586, 0.00789, 7.875, 1.0437, 0.04703, 5.5637, 0.25475, 0.06362, 0.58386, 1.0118, 1.3442, 0.16738, 0.18362, 3.5079, 3.2289, 0.78559, 0.011135, 5.5578, 0.9725, 0.027614, 2.9174, 0.55754, 0.054629, 0.43246, 0.98664, 1.1017, 0.088431, 0.10738, 2.7841, 2.7571, 0.69801, 0.0058281, 3.9282, 0.84403, 0.022394, 1.7036, 0.23661, 0.049062, 0.73526, 1.0369, 1.5867, 0.24633, 0.25985, 4.2317, 3.7006, 0.87318, 0.016443, 7.1874, 1.101, 0.032835, 4.1313, 0.87847, 0.060197, 0.0084721, 0.00023306, 0.021742, 0.0023038, 0.0021483, 0.19364, 0.082255, 0.0028356, 1.0411e-05, 0.98153, 0.0061005, 1.0073e-05, 0.54459, 0.038068, 1.1457e-05, 0.10724, 0.92806, 0.5926, -0.069901, -0.089446, -1.7841, -2.1437, 0.60636, -0.00024872, 1.439, 0.77899, 0.011653, -0.093803, -0.61873, 0.032932, 1.0605, 1.0954, 2.0958, 0.40466, 0.45668, 8.7999, 8.6014, 0.96483, 0.02252, 9.6765, 1.166, 0.043576, 5.9287, 1.7338, 0.076327, 0.083965, 0.0025888, 0.20879, 0.02081, 0.027559, 10.351, 10.669, 0.011873, 4.7901e-05, 6.2701, 0.013842, 9.4162e-05, 3.3515, 0.5114, 0.00017401
114, 2, 0.42151, 0.03343, 0, 1.8333, 1.205, 1.7229, 1.0724, 0.55475, 0.16576, 0.15245, 1.6117, 1.9735, 0.98402, 0.00025, 5.2034, 1.6332, 0.04151, 2.2365, 0.22492, 0.06059, 0.48806, 1.0083, 1.3849, 0.17141, 0.1846, 3.4559, 3.2808, 0.69114, 0.01041, 5.9799, 1.0135, 0.029086, 3.5051, 0.64321, 0.054014, 0.33964, 0.98244, 1.1521, 0.094054, 0.11045, 2.7543, 2.8073, 0.60255, 0.0050201, 4.463, 0.8951, 0.023935, 2.2388, 0.35156, 0.048391, 0.63648, 1.0342, 1.6177, 0.24877, 0.25875, 4.1574, 3.7542, 0.77973, 0.0158, 7.4967, 1.132, 0.034236, 4.7715, 0.93487, 0.059636, 0.0081419, 0.00024754, 0.020028, 0.0022119, 0.0020322, 0.18192, 0.082838, 0.0029007, 1.0738e-05, 0.85043, 0.0051845, 9.805e-06, 0.59275, 0.031441, 1.1684e-05, -0.15699, 0.92439, 0.63423, -0.06764, -0.1485, -0.19944, -2.1971, 0.50297, -0.0016856, 1.9044, 0.79274, 0.012894, 0.46426, -0.52542, 0.027972, 1.1331, 1.0922, 2.1355, 0.41047, 0.5177, 7.1111, 8.7586, 0.87931, 0.022506, 10.055, 1.2343, 0.045277, 6.546, 1.8118, 0.080055, 0.15379, 0.0026032, 0.20827, 0.021122, 0.04101, 4.9384, 11.091, 0.013087, 5.4077e-05, 6.139, 0.01802, 9.6904e-05, 3.4178, 0.50478, 0.00025065
63, 1.75, 0.42027, 0.0157, 0.17498, 2.2222, 1.6983, 0.22448, 1.0987, 1.9795, 0.15641, 0.08273, 5.5734, 1.4984, 0.75454, 0, 1.7398, 0.21662, 0.04461, 1.4676, 1.2121, 0.03336, 0.44674, 1.0501, 1.5139, 0.29917, 0.16173, 2.2796, 3.8349, 0.815, 0.0044975, 4.5935, 1.092, 0.027923, 2.4167, 1.1297, 0.046434, 0.27857, 1.0222, 1.2544, 0.19882, 0.064879, 1.1986, 3.2768, 0.68353, -0.0023507, 2.1679, 0.7384, 0.021139, 0.94161, 0.80965, 0.038375, 0.61491, 1.078, 1.7735, 0.39952, 0.25858, 3.3606, 4.3931, 0.94646, 0.011346, 7.0192, 1.4455, 0.034707, 3.8917, 1.4498, 0.054493, 0.010453, 0.00028736, 0.024893, 0.0037222, 0.0034671, 0.43192, 0.11514, 0.006388, 1.7334e-05, 2.1747, 0.046203, 1.7012e-05, 0.80419, 0.037868, 2.4004e-05, 0.067036, 0.96551, 0.8049, 0.052126, -0.10072, -3.1275, -1.3392, 0.53671, -0.0083755, 0.099921, 0.69885, 0.011115, -0.62873, -0.046308, 0.024127, 0.82644, 1.1346, 2.223, 0.54622, 0.42419, 7.6867, 9.009, 1.0933, 0.01737, 9.0871, 1.4851, 0.044731, 5.462, 2.3058, 0.068741, 0.053288, 0.0026431, 0.18581, 0.022558, 0.02546, 10.806, 9.895, 0.028624, 6.1249e-05, 7.4634, 0.057119, 0.00010442, 3.4279, 0.5112, 0.00018392
22, 4.7, 0.41303, 0.08776, 0.4617, 1.9192, 0.52352, 1.9273, 1.0065, 1.9418, 0.63449, 0.58351, 1.2537, 0.6942, 0.94268, 6e-05, 6.5153, 0.04537, 0.00219, 2.908, 1.3303, 0.03907, 1.2958, 1.0411, 1.3096, 0.51396, 0.47364, 1.3986, 1.5642, 0.75949, 0.0037109, 5.0899, 1.6207, 0.0076678, 3.2446, 1.2366, 0.061807, 1.1386, 1.0025, 1.0605, 0.40657, 0.35775, 0.88796, 1.2507, 0.60644, -0.0032137, 2.7578, 1.3779, 0.0017075, 1.6082, 0.84752, 0.055986, 1.453, 1.0796, 1.5586, 0.62136, 0.58954, 1.9092, 1.8778, 0.91253, 0.010636, 7.422, 1.8635, 0.013628, 4.8811, 1.6257, 0.067629, 0.0091329, 0.00055007, 0.022924, 0.0042628, 0.0049647, 0.096367, 0.036335, 0.0086575, 1.7723e-05, 2.0102, 0.021791, 1.3131e-05, 0.98981, 0.05595, 1.2525e-05, 0.89314, 0.9524, 0.55778, 0.26756, 0.20441, -0.79713, -0.66578, 0.4241, -0.009934, 0.64613, 1.1973, -0.0089763, 0.6253, 0.039925, 0.022554, 1.6984, 1.1297, 2.0614, 0.76037, 0.74288, 3.5943, 3.7943, 1.0949, 0.017356, 9.5337, 2.044, 0.024312, 5.864, 2.4333, 0.10106, 0.059919, 0.0029058, 0.2089, 0.022442, 0.026793, 1.7819, 1.8381, 0.041575, 6.8816e-05, 7.2988, 0.066236, 0.00010239, 2.5359, 0.52929, 0.00056952
40, 2, 0.41081, 0.05307, 0.38993, 1, 0.92872, 1.2832, 1.0857, 1.4312, 0.47872, 0.15265, 8.6844, 1.0646, 0.72124, 0.00054, 0.34006, 0.0379, 0.00308, 2.3299, 0.71472, 0.0417, 0.88016, 1.0444, 1.2554, 0.40195, 0.34917, 2.8308, 1.7072, 0.74801, 0.010841, 2.7328, 0.87788, 0.0086613, 2.8426, 1.1682, 0.056653, 0.70651, 1.0074, 0.99685, 0.28065, 0.22105, 2.2511, 1.3135, 0.57297, 0.0027443, -0.11759, 0.44944, 0.0013356, 1.2168, 0.75952, 0.051542, 1.0538, 1.0813, 1.514, 0.52325, 0.47728, 3.4104, 2.1009, 0.92305, 0.018937, 5.5833, 1.3063, 0.015987, 4.4683, 1.5769, 0.061765, 0.011146, 0.00050451, 0.024708, 0.0054381, 0.0060666, 0.12419, 0.057285, 0.011324, 2.4229e-05, 3.0031, 0.067844, 1.9835e-05, 0.97689, 0.061741, 9.6576e-06, 0.035936, 0.9564, 0.56359, 0.14889, 0.097977, 1.1629, -3.7166, 0.53758, -0.0036805, -2.0036, 0.21729, -0.0088523, -0.28918, -0.034967, 0.044129, 1.7244, 1.1323, 1.9472, 0.65501, 0.60036, 4.4987, 7.131, 0.95844, 0.025362, 7.4692, 1.5385, 0.026175, 5.9743, 2.3714, 0.069177, 0.26343, 0.0028602, 0.1769, 0.02367, 0.023321, 1.0282, 10.873, 0.016367, 7.7938e-05, 8.2917, 0.16129, 0.00011337, 3.6251, 0.53508, 5.7974e-05
137, 2.5, 0.40676, 0.02239, 0.09999, 1.6667, 1.2244, 0.27604, 1.0993, 1.0333, 0.13156, 0.08957, 5.7613, 6.7531, 0.96533, 4e-05, 1.6708, 0.37848, 0.00531, 1.8544, 2.0371, 0.04489, 0.59113, 1.0306, 1.3398, 0.25702, 0.254, 3.0186, 3.1764, 0.65326, 0.0077914, 5.1624, 0.34844, 0.02825, 2.9367, 0.73108, 0.052191, 0.46214, 1.007, 1.0997, 0.17759, 0.1888, 2.2814, 2.7484, 0.559, 0.0017761, 3.395, 0.12796, 0.023644, 1.7667, 0.45582, 0.046084, 0.72013, 1.0541, 1.5799, 0.33645, 0.3192, 3.7559, 3.6044, 0.74752, 0.013807, 6.9297, 0.56893, 0.032856, 4.1066, 1.0063, 0.058298, 0.0061502, 0.0002052, 0.021309, 0.002332, 0.0015713, 0.20089, 0.0677, 0.003284, 1.3374e-05, 1.1545, 0.017968, 7.8406e-06, 0.50594, 0.028004, 1.3786e-05, -0.099721, 0.94732, 0.61654, 0.0073555, -0.078039, 0.14697, -2.198, 0.45862, -0.0062752, 0.9872, 0.026027, 0.011289, -0.28733, -0.43356, 0.026246, 1.282, 1.1138, 2.063, 0.50669, 0.58605, 5.8903, 8.5509, 0.8479, 0.021858, 9.3376, 0.67086, 0.045211, 6.1607, 1.8957, 0.078136, 0.17641, 0.0025609, 0.19334, 0.023039, 0.040751, 3.048, 10.676, 0.014003, 7.3134e-05, 6.4431, 0.038422, 0.00010632, 3.8418, 0.50134, 0.0002488
91, 1.5, 0.40558, 0.01675, 0.09993, 2.2222, 1.9321, 0.17305, 1.0466, 1.8733, 0.2382, 0.13512, 3.8191, 1.7885, 0.90974, 0.00016, 9.8747, 0.84455, 0.02903, 1.4029, 0.77082, 0.04617, 0.48612, 1.0339, 1.5173, 0.22655, 0.12659, 2.6884, 4.1592, 0.76832, 0.005237, 6.4345, 0.83759, 0.027882, 2.5372, 1.201, 0.045559, 0.32505, 1.0084, 1.2466, 0.12628, 0.036102, 1.589, 3.521, 0.64429, -0.0024473, 4.2363, 0.64632, 0.021771, 1.1624, 0.87359, 0.037558, 0.64718, 1.0594, 1.788, 0.32682, 0.21708, 3.7877, 4.7973, 0.89234, 0.012921, 8.6326, 1.0289, 0.033992, 3.9119, 1.5285, 0.05356, 0.0095884, 0.00024016, 0.027078, 0.0037163, 0.0030264, 0.44673, 0.15051, 0.0056853, 2.1825e-05, 1.7859, 0.013522, 1.38e-05, 0.69855, 0.039627, 2.3661e-05, 0.067508, 0.95013, 0.80711, -0.031469, -0.14306, -2.756, -0.89685, 0.49157, -0.0096319, 2.0595, 0.58573, 0.010386, -0.42967, 0.022957, 0.023083, 0.90472, 1.1177, 2.2275, 0.48457, 0.39624, 8.1327, 9.2152, 1.0451, 0.020106, 10.809, 1.0894, 0.045378, 5.504, 2.3791, 0.068035, 0.064768, 0.0025959, 0.18642, 0.024607, 0.026874, 10.956, 9.4485, 0.028309, 8.1715e-05, 7.0745, 0.023445, 0.00011314, 3.2534, 0.51296, 0.00018672
86, 2.25, 0.40365, 0.10725, 0.1045, 1.5132, 0.69031, 0.40909, 0.90238, 1.9188, 0.16961, 0.20541, 8.3604, 4.1782, 0.73874, 0.01647, 2.2509, 0.0209, 0.00241, 2.7867, 0.65054, 0.03387, 0.9059, 1.0189, 1.2086, 0.31366, 0.39054, 2.3624, 1.6473, 0.70193, 0.0040805, 5.6314, 0.69115, 0.0063281, 3.4221, 0.46976, 0.043041, 0.7675, 0.99114, 0.98269, 0.24333, 0.31878, 1.9448, 1.2898, 0.60263, -0.0032381, 4.1356, 0.44389, 0.0025319, 2.0333, 0.18575, 0.038775, 1.0443, 1.0466, 1.4346, 0.38399, 0.4623, 2.7801, 2.0047, 0.80123, 0.011399, 7.1273, 0.93841, 0.010124, 4.811, 0.75377, 0.047307, 0.0070793, 0.00028395, 0.018869, 0.0018282, 0.0019033, 0.064473, 0.04723, 0.0036444, 1.9797e-05, 0.82705, 0.022597, 5.3266e-06, 0.71293, 0.029813, 6.7264e-06, 0.028667, 0.93435, 0.41902, 0.063574, 0.012342, -0.0018286, -3.8742, 0.52862, -0.011079, 1.5637, 0.33311, -0.0099731, 0.25258, -0.69698, 0.010549, 1.7831, 1.1034, 1.9982, 0.56374, 0.76874, 4.7266, 7.1688, 0.87524, 0.01924, 9.6991, 1.0492, 0.022629, 6.5917, 1.6365, 0.075534, 0.28443, 0.0026396, 0.23045, 0.023116, 0.052867, 2.066, 11.268, 0.011102, 8.4936e-05, 6.1157, 0.047382, 9.8217e-05, 3.7131, 0.50315, 0.00039021
99, 1.5, 0.39863, 0.02195, 0.10004, 1.6667, 1.7618, 0.1238, 0.99555, 1.9891, 0.18597, 0.05125, 0.79373, 0.09497, 0.64741, 1e-05, 9.7678, 0.90194, 0.029, 3.1023, 0.94511, 0.06493, 0.38045, 1.0343, 1.4993, 0.23073, 0.13125, 2.568, 3.953, 0.76662, 0.0036598, 5.8609, 0.71694, 0.030583, 2.3202, 1.3482, 0.042639, 0.22161, 1.0094, 1.2288, 0.13538, 0.041826, 1.4508, 3.3579, 0.65136, -0.003313, 3.8635, 0.54471, 0.024495, 1.0282, 1.0135, 0.034679, 0.53929, 1.0592, 1.7699, 0.32608, 0.22068, 3.6852, 4.5481, 0.88188, 0.010633, 7.8584, 0.88917, 0.036671, 3.6121, 1.6829, 0.050598, 0.0093251, 0.0002297, 0.027056, 0.0033603, 0.0029559, 0.46132, 0.1309, 0.0049103, 1.7971e-05, 1.4747, 0.010964, 1.37e-05, 0.61691, 0.041411, 2.3417e-05, -0.30768, 0.95065, 0.78826, -0.034891, -0.20472, -0.87836, -1.2392, 0.49464, -0.012129, 1.5833, 0.42523, 0.012102, -0.6089, 0.16808, 0.019358, 1.0686, 1.1179, 2.2104, 0.49636, 0.46722, 6.0144, 9.1452, 1.0386, 0.019449, 10.139, 1.0087, 0.049064, 5.2492, 2.5283, 0.06592, 0.17502, 0.0025854, 0.18688, 0.026078, 0.04172, 4.3901, 9.9644, 0.02734, 9.2141e-05, 6.7633, 0.031453, 0.00012624, 3.171, 0.51475, 0.00020033
53, 3.2222, 0.39456, 0.02712, 0.28366, 5.3474, 1.1459, 0.63332, 1.0605, 0.80239, 0.49119, 0.1134, 3.0095, 0.89656, 0.71427, 0.00498, 4.3114, 1.641, 0.01965, 1.0031, 1.9897, 0.05774, 0.79819, 1.0638, 1.3451, 0.45154, 0.31858, 2.8514, 2.9329, 0.70951, 0.0058955, 3.1254, 1.1356, 0.015522, 2.0893, 1.7635, 0.050902, 0.61653, 1.0307, 1.0417, 0.34492, 0.21253, 1.7612, 2.4264, 0.54703, -0.0013203, -0.29146, 0.78341, 0.0083113, 0.50315, 1.1118, 0.043658, 0.97984, 1.097, 1.6485, 0.55816, 0.42464, 3.9416, 3.4394, 0.872, 0.013111, 6.5422, 1.4878, 0.022733, 3.6754, 2.4152, 0.058147, 0.012196, 0.00040559, 0.034018, 0.0042016, 0.004157, 0.43929, 0.094826, 0.0097583, 1.9244e-05, 4.3151, 0.045847, 1.9218e-05, 0.92989, 0.15698, 1.9397e-05, 0.12745, 0.9774, 0.6228, 0.2009, 0.059798, -1.6416, -1.207, 0.49221, -0.011006, -1.972, 0.73777, -0.0042523, -0.96828, 0.45763, 0.028384, 1.4689, 1.1503, 2.0674, 0.70218, 0.57737, 7.3443, 7.0728, 0.92681, 0.022797, 8.2227, 1.5334, 0.035296, 5.1469, 3.0694, 0.073421, 0.16628, 0.0027613, 0.19283, 0.023219, 0.024753, 7.4612, 6.3346, 0.017452, 0.00010558, 9.6037, 0.058501, 0.00014453, 3.4554, 0.63031, 0.00018742
11, 3.5, 0.39435, 0.10278, 0.20989, 1.3757, 0.54613, 1.3573, 1.0758, 0.51689, 0.58708, 0.48509, 1.0719, 0.72147, 0.89135, 0.00032, 7.7913, 1.1948, 0.01131, 5.29, 0.40646, 0.05681, 1.1229, 1.0222, 1.3776, 0.46919, 0.53545, 1.5921, 1.4374, 0.68615, 0.0050139, 6.278, 1.4001, 0.0047437, 2.2707, 0.62141, 0.048706, 1.0077, 0.99447, 1.174, 0.40011, 0.46049, 1.2744, 1.1653, 0.57722, -0.0014172, 4.6406, 1.1123, 0.0012252, 0.92648, 0.4014, 0.04502, 1.2381, 1.0499, 1.5811, 0.53827, 0.61041, 1.9098, 1.7095, 0.79509, 0.011445, 7.9154, 1.6878, 0.0082622, 3.615, 0.84143, 0.052392, 0.0049063, 0.00028367, 0.015316, 0.0017637, 0.0020768, 0.037309, 0.027367, 0.0043862, 1.5287e-05, 0.99094, 0.030604, 4.5757e-06, 0.66791, 0.017892, 5.0215e-06, 0.22242, 0.93767, 0.39978, 0.22232, 0.12881, 0.0016236, -2.4854, 0.39055, -0.011824, 2.1561, 0.95018, -0.012361, -1.2092, -0.53142, 0.023905, 2.0234, 1.1067, 2.3553, 0.71606, 0.9421, 3.1825, 5.3601, 0.98176, 0.021852, 10.4, 1.85, 0.021848, 5.7507, 1.7743, 0.073506, 0.2997, 0.0026394, 0.35337, 0.022526, 0.061119, 0.93494, 5.6877, 0.032298, 0.00010479, 6.2796, 0.074817, 0.00010813, 4.4761, 0.49123, 0.00022734
168, 4.7, 0.39202, 0.08935, 0.4617, 2.6667, 0.50219, 0.91433, 1.0239, 1.9297, 0.57232, 0.74553, 1.7294, 0.12379, 0.83408, 4e-05, 4.6123, 1.9519, 0.01053, 1.7727, 0.86094, 0.06771, 1.4348, 1.0338, 1.2907, 0.53287, 0.42074, 1.4715, 1.5931, 0.75105, 0.0046725, 5.4806, 0.4328, 0.007272, 2.704, 1.6599, 0.061086, 1.2805, 0.99597, 1.0129, 0.42939, 0.31021, 0.86387, 1.2649, 0.59356, -0.0021186, 3.0947, 0.148, 0.001344, 1.0882, 1.1419, 0.054996, 1.5891, 1.0716, 1.5686, 0.63635, 0.53128, 2.0792, 1.9213, 0.90855, 0.011464, 7.8665, 0.71759, 0.0132, 4.3198, 2.178, 0.067175, 0.0088, 0.00052882, 0.028539, 0.0039577, 0.0045161, 0.13648, 0.039816, 0.009168, 1.7046e-05, 2.104, 0.029978, 1.2989e-05, 0.96496, 0.099189, 1.3706e-05, 0.96482, 0.94546, 0.57922, 0.28894, 0.16273, -2.9073, -0.50225, 0.39019, -0.012916, 1.0084, 0.063235, -0.011235, -0.32069, 0.41535, 0.036562, 1.9048, 1.1221, 2.0022, 0.7768, 0.67876, 5.8504, 3.6885, 1.1119, 0.022261, 9.9529, 0.80236, 0.025779, 5.7287, 2.9045, 0.085609, 0.08165, 0.0028845, 0.18712, 0.021993, 0.024605, 7.0871, 1.6228, 0.048131, 0.00011434, 7.3926, 0.05048, 0.0001266, 3.3815, 0.57252, 0.00022229
110, 2.5, 0.38756, 0.02147, 0, 1.6667, 1.2635, 0.11779, 0.90398, 1.9621, 0.31618, 0.51634, 3.619, 7.321, 0.01256, 0.02109, 8.4884, 1.6325, 0.04196, 6.4418, 1.5027, 0.09342, 0.55963, 1.0235, 1.2242, 0.16423, 0.19137, 3.0242, 3.5228, 0.79113, 0.0045301, 5.1975, 1.4463, 0.031327, 2.6038, 0.57544, 0.048462, 0.40409, 0.99462, 0.96854, 0.084569, 0.10965, 2.2353, 3.0511, 0.67151, -0.002367, 3.4908, 1.2271, 0.025914, 1.1581, 0.24354, 0.041879, 0.71518, 1.0524, 1.4799, 0.24389, 0.27308, 3.8132, 3.9944, 0.91075, 0.011427, 6.9042, 1.6654, 0.03674, 4.0495, 0.90733, 0.055046, 0.0089428, 0.00030894, 0.024158, 0.0023456, 0.0024679, 0.23005, 0.082226, 0.0052884, 1.7582e-05, 1.0766, 0.017745, 1.0829e-05, 0.7725, 0.040714, 1.6021e-05, -0.23927, 0.93862, 0.49903, -0.11443, -0.1441, 0.12877, -1.9471, 0.57226, -0.01456, 1.0476, 1.1335, 0.010103, -0.72839, -0.60388, 0.02284, 1.3585, 1.1084, 1.9494, 0.4429, 0.52684, 5.9197, 8.9927, 1.01, 0.02362, 9.3473, 1.759, 0.052551, 5.9361, 1.7548, 0.074084, 0.2359, 0.0026646, 0.19436, 0.028701, 0.041596, 3.0987, 11.059, 0.017705, 0.00013469, 6.3652, 0.036143, 0.0001665, 4.1041, 0.51405, 0.00024265
106, 1.4984, 0.37675, 0.01222, 0.10354, 5.8333, 2.2134, 0.20309, 1.0727, 0.90803, 0.16488, 0.24723, 3.6461, 3.7001, 0.84247, 0.03474, 0.51528, 0.25225, 0.0357, 2.3685, 0.35004, 0.03355, 0.76895, 1.0252, 1.3309, 0.27472, 0.20427, 2.8232, 4.2325, 0.83439, 0.0072222, 4.2345, 0.98373, 0.023991, 2.7605, 0.92453, 0.049034, 0.51845, 0.99477, 1.0269, 0.13569, 0.071804, 1.3746, 3.3688, 0.66321, -0.0012521, 0.74789, 0.66894, 0.014157, 1.0094, -0.36144, 0.039766, 1.0195, 1.0556, 1.6349, 0.41374, 0.33674, 4.2718, 5.0961, 1.0056, 0.015697, 7.7212, 1.2985, 0.033825, 4.5116, 2.2105, 0.058302, 0.023194, 0.0003418, 0.034165, 0.0071437, 0.0064861, 0.77561, 0.27571, 0.010831, 2.6544e-05, 4.4933, 0.036626, 3.5745e-05, 1.1333, 0.61124, 3.1747e-05, 0.075676, 0.93975, 0.60831, -0.069123, -0.066417, -0.92744, -0.42601, 0.53333, -0.014797, -0.90991, 0.59927, -0.0021428, -0.38701, -0.78847, 0.025803, 1.4622, 1.1106, 2.0535, 0.61856, 0.47497, 6.5739, 8.8909, 1.1354, 0.029241, 9.379, 1.3682, 0.050125, 5.908, 2.6375, 0.072265, 0.17765, 0.0026975, 0.19298, 0.043698, 0.027083, 5.1995, 8.0211, 0.0335, 0.0001792, 9.7819, 0.054634, 0.00025243, 3.6617, 1.0846, 0.00019947
139, 2.8571, 0.37557, 0.09667, 0.13131, 1.6927, 0.62603, 1.405, 0.90815, 0.50188, 0.48596, 0.68235, 0.67907, 0.57241, 0.99338, 0.00092, 7.931, 1.4361, 0.001, 2.4199, 0.39314, 0.03929, 0.96306, 1.0085, 1.3282, 0.34219, 0.46485, 2.1513, 1.5962, 0.63168, 0.0084554, 4.4363, 0.43763, 0.0052149, 2.4615, 0.52184, 0.044357, 0.84792, 0.98663, 1.1188, 0.28059, 0.40546, 1.7754, 1.303, 0.5643, 0.0016511, 3.0438, 0.26742, 0.0020649, 1.4593, 0.2784, 0.040543, 1.0782, 1.0304, 1.5376, 0.4038, 0.52425, 2.5272, 1.8893, 0.69907, 0.01526, 5.8289, 0.60784, 0.0083648, 3.4638, 0.76528, 0.048171, 0.0049007, 0.00017736, 0.016206, 0.0014028, 0.0013039, 0.052223, 0.031762, 0.0016784, 1.7112e-05, 0.71678, 0.010708, 3.6674e-06, 0.37128, 0.021905, 5.3771e-06, 0.33289, 0.92575, 0.60738, 0.028173, 0.082744, -0.37861, -3.4115, 0.43606, -0.016157, 0.40548, 0.13215, -0.015377, -1.2815, -0.6357, 0.0035025, 1.5932, 1.0913, 2.0491, 0.65622, 0.84696, 4.6811, 6.6039, 0.82731, 0.033068, 8.4672, 0.74311, 0.025807, 6.2046, 1.6794, 0.085211, 0.14678, 0.0025331, 0.19206, 0.036447, 0.053966, 2.3656, 9.2687, 0.014145, 0.0002239, 6.0054, 0.034492, 0.00015672, 5.1785, 0.49524, 0.00061691
42, 6, 0.37518, 0.06684, 0.10492, 0.8642, 0.29938, 1.8579, 1.0275, 1.9291, 0.15447, 0.29838, 3.9516, 4.1117, 0.99765, 0.01072, 2.0823, 0.01164, 0.00531, 2.1442, 0.65783, 0.0589, 1.1856, 1.0085, 1.4254, 0.3337, 0.70121, 1.4096, 1.0292, 0.72535, 0.0089937, 4.7074, 0.59697, 0.0052508, 2.5661, 0.63522, 0.064077, 0.98853, 0.98216, 1.2154, 0.24846, 0.62133, 1.0453, 0.77376, 0.60893, 0.0010416, 2.8901, 0.23148, 0.00020422, 1.2624, 0.29146, 0.059743, 1.3827, 1.0349, 1.6353, 0.41894, 0.78108, 1.7738, 1.2846, 0.84178, 0.016946, 6.5246, 0.96247, 0.010297, 3.8698, 0.97897, 0.06841, 0.014355, 0.00025685, 0.016291, 0.0026857, 0.0023581, 0.04903, 0.024111, 0.0050097, 2.3373e-05, 1.2206, 0.049375, 9.4134e-06, 0.62819, 0.043676, 6.9415e-06, 0.09591, 0.92445, 1.0561, 0.0029293, 0.54094, 0.50694, -0.26233, 0.35124, -0.01565, 0.51083, -0.044687, -0.019187, -0.34846, -0.54749, 0.055951, 2.2753, 1.0926, 1.7947, 0.66447, 0.86148, 2.3122, 2.3207, 1.0995, 0.033638, 8.9039, 1.2386, 0.029689, 5.4806, 1.8179, 0.072202, 0.43889, 0.0026125, 0.050406, 0.040438, 0.0094941, 0.30113, 0.6165, 0.051732, 0.00022447, 6.5092, 0.15218, 0.00022074, 3.1397, 0.51701, 2.4402e-05
180, 3.2222, 0.37402, 0.01008, 0.08945, 8.0211, 1.524, 0.39665, 1.0859, 1.8825, 0.16219, 0.12035, 4.5543, 2.3015, 0.96439, 0.00059, 1.826, 0.4351, 0.03705, 1.2205, 2.3467, 0.03741, 0.60178, 1.0214, 1.4332, 0.25862, 0.18175, 3.1442, 3.7619, 0.8077, 0.0063193, 3.6323, 0.62736, 0.028752, 2.7586, 2.5626, 0.048978, 0.31376, 0.98607, 1.1528, 0.10353, 0.042003, 1.877, 2.9275, 0.63087, -0.0018371, 0.10762, 0.30512, 0.017728, 1.1412, 1.6534, 0.03871, 0.88979, 1.0568, 1.7136, 0.4137, 0.32149, 4.4114, 4.5963, 0.98453, 0.014476, 7.1569, 0.9496, 0.039776, 4.376, 3.4718, 0.059246, 0.03066, 0.00046225, 0.02906, 0.0088896, 0.0072177, 0.59354, 0.25735, 0.011557, 2.4589e-05, 4.5917, 0.03838, 4.4919e-05, 0.96688, 0.30554, 3.8967e-05, -0.10609, 0.93412, 0.72025, -0.10723, -0.092578, 0.60108, 0.15572, 0.51192, -0.016644, -1.538, 0.098688, 0.0012566, -0.31658, 1.1109, 0.025331, 1.3096, 1.1087, 2.1462, 0.62447, 0.45607, 5.6873, 7.3681, 1.1035, 0.029282, 8.8025, 1.156, 0.056248, 5.8337, 4.0142, 0.072624, 0.1852, 0.0028179, 0.18788, 0.049471, 0.027815, 2.3904, 4.8066, 0.032335, 0.0001949, 9.8803, 0.1033, 0.00027943, 3.4952, 0.77887, 0.00020667
161, 3.2222, 0.36454, 0.00983, 0.26208, 8.0211, 1.4251, 0.53096, 1.0883, 1.9729, 0.23135, 0.15994, 5.9595, 0.57509, 0.78275, 0.00016, 1.5386, 1.4959, 0.02975, 1.3643, 3.5693, 0.0525, 0.68457, 1.0381, 1.4193, 0.52762, 0.24686, 2.5913, 3.5055, 0.73315, 0.0067311, 2.9988, 1.3195, 0.021113, 2.4963, 2.4025, 0.04677, 0.4102, 1.0004, 1.1389, 0.38805, 0.1114, 1.3953, 2.7184, 0.56015, -0.001341, -0.058124, 0.98521, 0.011116, 0.75129, 1.6136, 0.036994, 0.95894, 1.0758, 1.6996, 0.66718, 0.38232, 3.7873, 4.2926, 0.90615, 0.014803, 6.0558, 1.6538, 0.031111, 4.2413, 3.1914, 0.056545, 0.027824, 0.0005256, 0.029051, 0.0071997, 0.0067819, 0.5287, 0.22897, 0.011063, 2.4083e-05, 3.454, 0.041311, 3.694e-05, 1.1255, 0.23003, 3.5319e-05, -0.017859, 0.94978, 0.70632, 0.26213, -0.025305, 0.082876, -0.0030431, 0.44923, -0.020188, -1.8647, 0.7795, -0.00952, -0.64784, 1.023, 0.023333, 1.387, 1.1264, 2.1322, 0.79311, 0.51903, 5.0997, 7.014, 1.0171, 0.03365, 7.8623, 1.8595, 0.051747, 5.6405, 3.782, 0.070206, 0.18237, 0.0028813, 0.18787, 0.026052, 0.027379, 2.3256, 4.5498, 0.029794, 0.00026783, 8.7426, 0.10779, 0.00034684, 3.6539, 0.70337, 0.00020302
47, 2.8721, 0.36329, 0.0662, 0.11496, 1.6931, 0.76282, 0.83845, 1.0956, 0.73846, 0.29644, 0.11805, 0.89469, 1.2249, 0.37925, 0.01313, 1.7344, 0.06094, 0.00806, 1.0827, 0.3166, 0.04606, 0.9033, 0.99548, 1.2294, 0.32296, 0.4617, 2.8128, 1.974, 0.73759, 0.0075771, 4.339, 0.56907, 0.0093423, 2.8931, 0.55349, 0.048134, 0.79873, 0.9766, 1.016, 0.26613, 0.40704, 2.3687, 1.6912, 0.6749, 0.00017201, 3.1125, 0.4402, 0.0062998, 2.0287, 0.35448, 0.04382, 1.0079, 1.0144, 1.4429, 0.37979, 0.51637, 3.2569, 2.2568, 0.80027, 0.014982, 5.5655, 0.69795, 0.012385, 3.7575, 0.7525, 0.052448, 0.0040417, 0.00013176, 0.016842, 0.0011938, 0.0011045, 0.072883, 0.029561, 0.0014523, 2.0268e-05, 0.55601, 0.0061391, 3.4214e-06, 0.27617, 0.014638, 6.8782e-06, 0.25721, 0.91345, 0.48223, -0.044037, 0.030829, 0.2299, -3.0072, 0.62041, -0.025089, 0.36243, 0.28066, -0.020647, -0.82891, -0.59552, 0.011458, 1.5494, 1.0775, 1.9766, 0.68996, 0.89258, 5.3957, 6.9552, 0.85476, 0.040244, 8.3155, 0.85749, 0.039331, 6.6151, 1.7025, 0.08481, 0.15429, 0.0024874, 0.20636, 0.049782, 0.06862, 2.4658, 9.1709, 0.0050748, 0.00039441, 5.8446, 0.030746, 0.00033241, 5.1204, 0.48797, 0.00049717
31, 2.8721, 0.36112, 0.03316, 0.11427, 3.3598, 1.0993, 0.28017, 0.94069, 1.6221, 0.37469, 0.22903, 1.5631, 0.79059, 0.57778, 0.01654, 4.5912, 0.60532, 0.0097, 2.5923, 0.57872, 0.02923, 0.71471, 1.0192, 1.3528, 0.27818, 0.34302, 3.2505, 3.0761, 0.75324, 0.0064156, 2.9916, 0.17027, 0.022384, 3.0424, 0.79023, 0.054025, 0.58959, 0.99797, 1.0859, 0.20219, 0.274, 2.3761, 2.6979, 0.66883, -0.0011074, 0.698, -0.035109, 0.017734, 1.9787, 0.38664, 0.04827, 0.83984, 1.0404, 1.6197, 0.35416, 0.41203, 4.1249, 3.4542, 0.83764, 0.013939, 5.2852, 0.37565, 0.027035, 4.1062, 1.1938, 0.059781, 0.0057869, 0.00016623, 0.026332, 0.0021341, 0.0017605, 0.28258, 0.052853, 0.0026335, 2.0919e-05, 1.9444, 0.015591, 7.9938e-06, 0.41825, 0.060205, 1.2243e-05, 0.2152, 0.93657, 0.6713, -0.098152, 0.19968, -6.1495, -1.8146, 0.59719, -0.027149, -1.4321, -0.059743, -0.014082, 0.30275, -0.41123, 0.01934, 1.2142, 1.1018, 2.0342, 0.6545, 0.48636, 12.65, 7.9667, 0.90928, 0.03998, 7.4153, 0.40028, 0.05885, 5.7821, 1.9917, 0.088711, 0.092225, 0.0025219, 0.17164, 0.052346, 0.0075943, 32.659, 8.8406, 0.0090001, 0.00041639, 7.233, 0.019555, 0.00049151, 2.7743, 0.53354, 0.00044469
177, 2.8721, 0.36112, 0.03316, 0.07126, 3.3598, 1.0931, 0.19077, 0.92048, 1.5283, 0.11232, 0.28947, 6.8259, 4.6241, 0.89735, 0.04473, 1.3678, 0.312, 0.02805, 2.1757, 0.52089, 0.06176, 0.71765, 1.0143, 1.3442, 0.23132, 0.30525, 3.2406, 3.1509, 0.54145, 0.0054587, 5.6547, 0.67115, 0.024376, 3.1503, 0.69682, 0.053723, 0.58412, 0.99184, 1.0774, 0.14625, 0.23187, 2.3612, 2.7589, 0.4535, -0.0020939, 3.1253, 0.44072, 0.019533, 2.0047, 0.2748, 0.047852, 0.85118, 1.0368, 1.611, 0.31639, 0.37862, 4.1199, 3.5428, 0.6294, 0.013011, 8.1842, 0.90158, 0.029219, 4.296, 1.1188, 0.059593, 0.0065904, 0.00018676, 0.026303, 0.0026751, 0.0019899, 0.28582, 0.056773, 0.0028591, 2.1083e-05, 2.3648, 0.019626, 8.6679e-06, 0.48508, 0.065827, 1.2737e-05, 0.21626, 0.93138, 0.6628, -0.17982, 0.16211, -6.1706, -1.761, 0.38455, -0.028118, 1.1043, 0.4199, -0.012118, 0.37789, -0.51096, 0.019013, 1.219, 1.0973, 2.0256, 0.64246, 0.44839, 12.652, 8.0627, 0.69835, 0.039035, 10.205, 0.9224, 0.060871, 5.9228, 1.9046, 0.088432, 0.092919, 0.0025425, 0.17161, 0.062478, 0.0075727, 32.737, 8.9172, 0.0090992, 0.0004167, 7.6534, 0.023332, 0.00049226, 2.841, 0.53916, 0.00044529
181, 2.8721, 0.36112, 0.03316, 0.07126, 3.3598, 1.0931, 0.39074, 0.90686, 1.8025, 0.34029, 0.27103, 0.10902, 0.57376, 0.92707, 0.02432, 2.6469, 0.27543, 0.00854, 4.1549, 0.62675, 0.03512, 0.71765, 1.0143, 1.3442, 0.23132, 0.30525, 3.2406, 3.1509, 0.54145, 0.0054587, 5.6547, 0.67115, 0.024376, 3.1503, 0.69682, 0.053723, 0.58412, 0.99184, 1.0774, 0.14625, 0.23187, 2.3612, 2.7589, 0.4535, -0.0020939, 3.1253, 0.44072, 0.019533, 2.0047, 0.2748, 0.047852, 0.85118, 1.0368, 1.611, 0.31639, 0.37862, 4.1199, 3.5428, 0.6294, 0.013011, 8.1842, 0.90158, 0.029219, 4.296, 1.1188, 0.059593, 0.0065904, 0.00018676, 0.026303, 0.0026751, 0.0019899, 0.28582, 0.056773, 0.0028591, 2.1083e-05, 2.3648, 0.019626, 8.6679e-06, 0.48508, 0.065827, 1.2737e-05, 0.21626, 0.93138, 0.6628, -0.17982, 0.16211, -6.1706, -1.761, 0.38455, -0.028118, 1.1043, 0.4199, -0.012118, 0.37789, -0.51096, 0.019013, 1.219, 1.0973, 2.0256, 0.64246, 0.44839, 12.652, 8.0627, 0.69835, 0.039035, 10.205, 0.9224, 0.060871, 5.9228, 1.9046, 0.088432, 0.092919, 0.0025425, 0.17161, 0.062478, 0.0075727, 32.737, 8.9172, 0.0090992, 0.0004167, 7.6534, 0.023332, 0.00049226, 2.841, 0.53916, 0.00044529
117, 3, 0.35974, 0.12176, 0.20036, 0.48387, 0.37378, 0.61482, 0.9618, 1.2713, 0.32289, 0.29609, 1.5024, 0.77862, 0.65415, 0.00472, 9.4119, 0.48097, 0.00393, 2.9344, 0.90805, 0.06033, 1.1382, 1.0043, 1.5716, 0.47276, 0.52246, 1.2709, 1.1003, 0.7099, 0.0071971, 6.0668, 1.0934, 0.0035017, 2.5661, 0.51809, 0.048161, 0.98734, 0.97754, 1.3926, 0.39695, 0.43958, 0.92397, 0.80657, 0.60344, -0.00031295, 4.2131, 0.82247, -0.00077027, 1.4656, 0.1764, 0.044438, 1.2891, 1.031, 1.7506, 0.54857, 0.60534, 1.6179, 1.3941, 0.81636, 0.014707, 7.9205, 1.3643, 0.0077737, 3.6666, 0.85977, 0.051885, 0.008415, 0.00026458, 0.011845, 0.0021241, 0.0025387, 0.0445, 0.031897, 0.0041892, 2.0846e-05, 1.27, 0.027128, 6.7453e-06, 0.44763, 0.043151, 5.1235e-06, 0.32344, 0.9201, 0.99968, 0.20405, 0.28394, 0.25617, -3.3812, 0.32296, -0.026673, 1.8543, 0.37388, -0.01622, -0.94391, -0.66402, 0.037452, 1.953, 1.0885, 2.1435, 0.74148, 0.76098, 2.2857, 5.5819, 1.0968, 0.041067, 10.279, 1.8129, 0.023223, 6.0761, 1.7002, 0.05887, 0.24538, 0.0026203, 0.12089, 0.026689, 0.021028, 0.38062, 7.4234, 0.055338, 0.00042401, 6.5586, 0.19135, 0.00014375, 4.5536, 0.51649, 4.2388e-05
113, 2.8571, 0.3592, 0.09246, 0.12559, 1.6927, 0.62444, 0.325, 0.94113, 1.3664, 0.48435, 0.57674, 1.7726, 0.13582, 0.64346, 0.00026, 6.656, 0.42409, 0.00081, 1.9017, 0.77251, 0.04249, 0.98983, 0.99463, 1.2522, 0.34386, 0.47289, 2.1626, 1.6009, 0.65895, 0.011825, 4.4642, 0.67369, 0.0052892, 2.8353, 0.51093, 0.044618, 0.8781, 0.97462, 1.05, 0.28518, 0.41607, 1.7924, 1.3207, 0.59888, 0.004869, 3.1775, 0.51899, 0.0023335, 2.0233, 0.28115, 0.040858, 1.1016, 1.0146, 1.4544, 0.40254, 0.5297, 2.5327, 1.8811, 0.71902, 0.018781, 5.7508, 0.8284, 0.0082448, 3.6474, 0.74071, 0.048379, 0.004614, 0.000148, 0.015107, 0.0012726, 0.001193, 0.050642, 0.029018, 0.0013337, 1.7884e-05, 0.61186, 0.0088458, 3.2289e-06, 0.24372, 0.019515, 5.2269e-06, 0.35361, 0.91233, 0.53384, -0.0090971, 0.071956, -0.36557, -3.3211, 0.46426, -0.023193, 0.46866, 0.36782, -0.01899, -0.86122, -0.64381, 0.0036765, 1.6261, 1.0769, 1.9706, 0.69681, 0.87382, 4.6907, 6.5229, 0.85364, 0.046843, 8.4597, 0.97957, 0.029569, 6.5319, 1.6657, 0.08556, 0.14961, 0.0025037, 0.19075, 0.046045, 0.059414, 2.3624, 8.9543, 0.014011, 0.00045323, 5.9005, 0.034581, 0.00021788, 5.0506, 0.49285, 0.00061956
172, 5.3333, 0.35833, 0.05406, 0.04308, 1.3368, 0.37016, 1.633, 1.081, 1.0542, 0.24966, 0.87643, 5.1546, 6.7792, 0.86043, 0.0225, 1.3707, 0.0227, 0.00683, 1.9686, 0.64833, 0.07126, 1.1924, 0.9881, 1.5522, 0.28794, 0.57526, 1.3946, 1.1825, 0.64956, 0.01332, 7.0459, 0.61016, 0.0049734, 2.8574, 0.55889, 0.057775, 1.0106, 0.96254, 1.3643, 0.19891, 0.50582, 1.0646, 0.94156, 0.53251, 0.005778, 5.1458, 0.32613, 2.6999e-05, 1.8109, 0.24119, 0.054397, 1.3743, 1.0137, 1.74, 0.37698, 0.64471, 1.7245, 1.4234, 0.76662, 0.020863, 8.946, 0.89418, 0.0099198, 3.9039, 0.87659, 0.061153, 0.012223, 0.00024146, 0.013044, 0.00293, 0.0017825, 0.040236, 0.021458, 0.0050644, 2.1025e-05, 1.3344, 0.029816, 9.0433e-06, 0.4048, 0.037306, 4.2171e-06, 0.037427, 0.90428, 0.56201, -0.095796, 0.26416, 0.21891, -0.29641, 0.23814, -0.022131, 2.8129, 0.14226, -0.028113, 0.31488, -0.61651, 0.037584, 2.3474, 1.0719, 2.5423, 0.67168, 0.88636, 2.5702, 2.6614, 1.061, 0.048771, 11.279, 1.078, 0.03806, 5.3999, 1.7343, 0.077965, 0.49308, 0.0025972, 0.36238, 0.054427, 0.035773, 0.51087, 0.80841, 0.062566, 0.00046451, 6.6231, 0.080917, 0.00040462, 2.3893, 0.51064, 0.00015067
55, 3, 0.35826, 0.12126, 0.10019, 0.48387, 0.34299, 1.1867, 1.0262, 0.74933, 0.33302, 0.44337, 1.2119, 0.59746, 0.73741, 0.0002, 6.5387, 0.99824, 0.00394, 2.4298, 0.68129, 0.07193, 1.0796, 0.97544, 1.643, 0.34456, 0.48968, 1.3601, 1.1272, 0.65821, 0.0065776, 5.4223, 0.47715, 0.001537, 2.762, 0.39354, 0.046405, 0.90943, 0.95036, 1.4639, 0.26836, 0.41204, 0.96926, 0.81589, 0.56048, -0.0010297, 3.7021, 0.23908, -0.003015, 1.8021, 0.028107, 0.042072, 1.2497, 1.0005, 1.822, 0.42077, 0.56733, 1.7509, 1.4385, 0.75594, 0.014185, 7.1425, 0.71521, 0.006089, 3.722, 0.75897, 0.050738, 0.010699, 0.00023244, 0.011852, 0.0021465, 0.0022281, 0.056453, 0.035823, 0.0035301, 2.139e-05, 1.0937, 0.020948, 7.6585e-06, 0.34061, 0.049358, 6.9388e-06, 0.25029, 0.89176, 1.0719, -0.030271, 0.25636, 0.32939, -3.3841, 0.28215, -0.028183, 1.2669, -0.17889, -0.018368, -0.70345, -0.79565, 0.035488, 1.9088, 1.0591, 2.214, 0.7194, 0.72301, 2.3908, 5.6385, 1.0343, 0.041338, 9.5778, 1.1332, 0.021442, 6.2275, 1.5827, 0.057322, 0.25418, 0.0025881, 0.12055, 0.051931, 0.020122, 0.39264, 7.5223, 0.05227, 0.0004466, 6.3823, 0.15907, 0.00014644, 4.4389, 0.52269, 4.4053e-05
61, 2, 0.35798, 0.27635, 0.89973, 1.3333, 0.32515, 1.5782, 1.0085, 1.2003, 0.29945, 0.58438, 0.19657, 0.16131, 0.60496, 0.00139, 3.3053, 0.65189, 0.02433, 8.7087, 0.33442, 0.06448, 1.2161, 1.0074, 1.4036, 0.40554, 0.38213, 1.262, 4.2395, 0.72623, 0.0072024, 4.4266, 0.76236, 0.011855, 3.6401, 1.4197, 0.044337, 0.85699, 0.95607, 1.1325, 0.18212, 0.18233, 0.3116, 3.4146, 0.51599, -0.001471, 0.825, 0.32694, -0.0038484, 1.3196, 0.24082, 0.031979, 1.5751, 1.0587, 1.6747, 0.62895, 0.58193, 2.2124, 5.0644, 0.93647, 0.015876, 8.0282, 1.1978, 0.027559, 5.9606, 2.5986, 0.056696, 0.047654, 0.00097286, 0.027163, 0.018449, 0.014755, 0.33385, 0.2515, 0.016337, 2.7805e-05, 4.7944, 0.070077, 9.1149e-05, 1.9902, 0.51369, 5.6451e-05, 0.50759, 0.91248, 0.46086, 0.090828, 0.073925, -0.84077, 0.036973, 0.33746, -0.021992, -0.79644, -0.14812, -0.0098231, 0.076684, -0.21443, 0.016019, 1.9245, 1.1023, 2.3463, 0.72025, 0.69034, 3.3647, 8.4421, 1.115, 0.036397, 9.6496, 1.6728, 0.033534, 7.2035, 3.0539, 0.072656, 0.18552, 0.0033286, 0.32847, 0.036607, 0.03511, 1.6343, 6.5279, 0.055865, 0.00031503, 10.083, 0.3064, 0.0001737, 4.6933, 0.98702, 0.00029641
72, 2, 0.35621, 0.05167, 0.18994, 1, 0.8647, 1.7308, 1.0679, 0.67742, 0.41156, 0.36763, 1.0482, 0.64669, 0.62777, 0.00068, 8.7882, 0.40591, 0.00708, 3.1943, 0.37958, 0.03473, 0.77742, 1.0106, 1.3184, 0.46659, 0.41441, 3.7395, 1.9292, 0.65246, 0.0073676, 5.7029, 0.84706, 0.0098177, 3.108, 0.74792, 0.057146, 0.65535, 0.98697, 1.067, 0.40199, 0.34403, 3.2891, 1.6025, 0.56239, -0.00014054, 4.0232, 0.54612, 0.0060218, 2.0328, 0.48534, 0.053146, 0.89949, 1.0342, 1.5699, 0.53119, 0.4848, 4.19, 2.2559, 0.74254, 0.014876, 7.3825, 1.148, 0.013614, 4.1832, 1.0105, 0.061147, 0.0055076, 0.00020632, 0.023369, 0.0015425, 0.0018311, 0.074997, 0.039453, 0.0029987, 2.0836e-05, 1.0428, 0.033473, 5.3257e-06, 0.42728, 0.025483, 5.9157e-06, -0.31456, 0.92734, 0.63609, 0.19353, 0.24792, 2.1291, -3.7147, 0.50972, -0.028969, 1.5641, 0.28029, -0.02416, 0.2233, -0.41379, 0.045732, 1.8694, 1.0939, 2.0007, 0.73964, 0.58091, 5.3499, 7.573, 0.7952, 0.043704, 9.8417, 1.4138, 0.043795, 5.9928, 1.9096, 0.068561, 0.44073, 0.002562, 0.17208, 0.027558, 0.010246, 0.95855, 11.773, 0.0075308, 0.00048802, 6.3314, 0.11873, 0.00042671, 3.0758, 0.49882, 4.8158e-05
169, 3.8279, 0.35472, 0.05462, 0.23244, 2.3056, 0.7296, 0.67293, 1.0977, 0.69351, 0.47225, 0.42841, 1.6964, 0.74409, 0.6449, 3e-05, 4.0468, 1.9794, 0.00481, 2.0599, 0.74043, 0.03786, 1.1172, 1.0176, 1.2774, 0.55627, 0.53291, 2.2021, 1.8202, 0.7345, 0.0088732, 4.4543, 1.1338, 0.0093336, 2.9806, 0.99951, 0.050011, 1.0101, 0.9929, 1.0431, 0.48673, 0.45382, 1.6225, 1.5764, 0.65247, 0.0015171, 2.3727, 0.86052, 0.005594, 1.8824, 0.74022, 0.044509, 1.2242, 1.0424, 1.5116, 0.62581, 0.61201, 2.7817, 2.0639, 0.81653, 0.016229, 6.536, 1.407, 0.013073, 4.0788, 1.2588, 0.055513, 0.0042326, 0.00022615, 0.020287, 0.0017873, 0.0023123, 0.12417, 0.021956, 0.0024873, 2.0001e-05, 1.6017, 0.027594, 5.1689e-06, 0.44577, 0.024849, 1.1189e-05, 0.78761, 0.93405, 0.54508, 0.31956, 0.27583, -1.8162, -1.2344, 0.60817, -0.029313, 0.13671, 0.79116, -0.024354, 0.28188, -0.16147, 0.026275, 1.4467, 1.1012, 2.0097, 0.79297, 0.78999, 6.2205, 4.8747, 0.86083, 0.04706, 8.772, 1.4764, 0.043021, 5.6794, 2.1605, 0.073747, 0.040141, 0.0025818, 0.1982, 0.020709, 0.024428, 5.9681, 3.4486, 0.0058986, 0.00053897, 6.8903, 0.043383, 0.00041945, 2.692, 0.49818, 0.00020824
143, 2, 0.35329, 0.12544, 0.20759, 0.78652, 0.498, 0.26529, 1.0591, 1.8561, 0.25017, 0.10517, 2.8836, 2.3685, 0.71813, 0.00015, 3.775, 0.07673, 0.00094, 1.697, 1.6013, 0.03549, 1.0026, 0.98975, 1.3682, 0.50187, 0.43561, 1.5783, 1.1134, 0.67599, 0.011844, 7.2256, 0.93891, 0.0027942, 3.0956, 0.56738, 0.041148, 0.8426, 0.96181, 1.1815, 0.42668, 0.3485, 1.2085, 0.78557, 0.57743, 0.004611, 5.4441, 0.62638, -0.0011742, 1.9698, 0.27365, 0.037437, 1.1625, 1.0177, 1.555, 0.57707, 0.52272, 1.9482, 1.4413, 0.77454, 0.019076, 9.0071, 1.2514, 0.0067625, 4.2215, 0.86111, 0.044858, 0.0094571, 0.00028855, 0.012895, 0.0020898, 0.0028047, 0.050559, 0.039733, 0.00359, 1.9335e-05, 1.173, 0.036103, 5.8206e-06, 0.46846, 0.031889, 5.0875e-06, 0.026908, 0.90517, 0.96804, 0.24768, 0.16275, 0.23231, -4.2909, 0.34536, -0.024946, 3.0444, 0.29874, -0.016633, 0.20711, -0.60177, 0.032221, 1.9782, 1.0743, 1.7685, 0.75606, 0.70847, 2.9244, 6.5178, 1.0066, 0.048634, 11.407, 1.5791, 0.022221, 5.9842, 1.7365, 0.050074, 0.35183, 0.0026442, 0.059201, 0.023882, 0.027518, 0.66965, 10.795, 0.040404, 0.00050027, 6.4616, 0.15147, 0.0001395, 3.0839, 0.50522, 2.9454e-05
186, 8, 0.34793, 0.07308, 0.09056, 0.66146, 0.20229, 0.56553, 0.92462, 1.7693, 0.15235, 0.75344, 1.505, 0.2519, 0.91029, 0.0322, 6.417, 0.18183, 0.00236, 2.0135, 0.77326, 0.06822, 1.1046, 1.0064, 1.624, 0.33731, 0.58273, 2.0618, 1.2762, 0.74845, 0.011482, 4.391, 0.60781, 0.0064943, 3.2655, 0.95822, 0.059428, 0.80528, 0.97454, 1.4087, 0.2241, 0.43079, 1.3643, 0.92998, 0.6055, 0.0035128, 1.8261, 0.19798, -0.0011922, 2.0233, 0.35275, 0.050916, 1.4039, 1.0383, 1.8393, 0.45052, 0.73467, 2.7593, 1.6223, 0.8914, 0.019452, 6.956, 1.0176, 0.014181, 4.5077, 1.5637, 0.06794, 0.03311, 0.00037618, 0.01713, 0.0047373, 0.0085327, 0.17983, 0.044295, 0.0075529, 2.3476e-05, 2.4316, 0.06208, 2.1837e-05, 0.57037, 0.1355, 2.678e-05, 0.15088, 0.92047, 1.1654, -0.0093821, 0.37477, 0.93979, 0.24598, 0.42413, -0.024668, -0.17924, -0.18481, -0.021115, 0.37004, -0.32522, 0.047839, 2.0583, 1.0924, 2.0826, 0.684, 0.7907, 3.1838, 2.3063, 1.0728, 0.047633, 8.9613, 1.4004, 0.034104, 6.161, 2.2417, 0.071018, 0.33618, 0.0027319, 0.077736, 0.044425, 0.015985, 0.46532, 0.39226, 0.038875, 0.00048303, 7.7202, 0.23221, 0.00028175, 3.0987, 0.60883, 4.9646e-05
102, 2.25, 0.34455, 0.13744, 0.0892, 1.0079, 0.51293, 1.7962, 0.94851, 0.92745, 0.34529, 0.28427, 2.3246, 0.9779, 0.56956, 0.00541, 8.9966, 0.19464, 0.00182, 3.9881, 0.23038, 0.03244, 0.93, 0.97402, 1.5158, 0.33161, 0.41136, 1.7012, 1.3387, 0.62297, 0.012765, 5.6594, 0.4023, 0.0020308, 3.2883, 0.49751, 0.038825, 0.76466, 0.94581, 1.3443, 0.25432, 0.33039, 1.3236, 0.98289, 0.53643, 0.0054206, 4.0278, 0.19435, -0.0022005, 2.3221, 0.18011, 0.034819, 1.0953, 1.0022, 1.6874, 0.4089, 0.49233, 2.0789, 1.6945, 0.70952, 0.02011, 7.291, 0.61026, 0.0062621, 4.2545, 0.81491, 0.042831, 0.010104, 0.0002943, 0.010875, 0.0022081, 0.0024232, 0.052715, 0.046789, 0.0027684, 1.9938e-05, 0.98393, 0.015985, 6.6175e-06, 0.34507, 0.037235, 5.9324e-06, -0.24959, 0.88935, 0.92883, -0.0074687, 0.081209, 0.22441, -3.9321, 0.30482, -0.026194, 1.5399, -0.082252, -0.016252, 0.36263, -0.67781, 0.027524, 2.1096, 1.0587, 2.1029, 0.67069, 0.74151, 3.178, 6.6095, 0.94112, 0.051725, 9.7789, 0.88686, 0.020313, 6.2139, 1.6728, 0.050127, 0.51429, 0.00265, 0.12736, 0.042495, 0.040287, 0.80611, 10.268, 0.037412, 0.00056102, 6.2725, 0.086783, 0.00012354, 3.1637, 0.51057, 4.7208e-05
7, 5.3333, 0.34261, 0.05169, 0.0412, 1.3368, 0.36861, 1.6082, 1.0945, 1.1152, 0.01054, 0.413, 0.18983, 6.3704, 0.78441, 0.03335, 9.112, 0.71465, 0.03382, 2.5602, 0.28438, 0.07362, 1.1875, 0.98091, 1.5821, 0.31172, 0.59367, 1.8011, 1.1624, 0.65244, 0.01801, 5.2911, 0.26771, 0.0041722, 3.3662, 0.60833, 0.057333, 1.0089, 0.95567, 1.3984, 0.22464, 0.52786, 1.4796, 0.93407, 0.53923, 0.01095, 3.4318, -0.0077954, -0.0006227, 2.4784, 0.30066, 0.054023, 1.366, 1.0061, 1.7658, 0.3988, 0.65948, 2.1225, 1.3908, 0.76566, 0.02507, 7.1505, 0.54322, 0.008967, 4.254, 0.91601, 0.060643, 0.011787, 0.00023538, 0.012469, 0.0028026, 0.0016007, 0.038188, 0.019275, 0.0047374, 1.8423e-05, 1.2778, 0.028056, 8.4976e-06, 0.29133, 0.034989, 4.0498e-06, 0.03031, 0.89718, 0.59322, -0.019978, 0.28675, 0.63029, -0.20861, 0.24266, -0.022688, 1.0762, -0.21201, -0.025105, 0.88502, -0.5644, 0.037251, 2.3446, 1.0646, 2.571, 0.64342, 0.90058, 2.9718, 2.5335, 1.0622, 0.058708, 9.5061, 0.74744, 0.03345, 5.8474, 1.7811, 0.077415, 0.4949, 0.0025911, 0.36145, 0.040666, 0.034817, 0.50662, 0.69477, 0.062067, 0.00061219, 6.5664, 0.085061, 0.00031682, 2.2754, 0.50832, 0.00014906
94, 4.4984, 0.33805, 0.06971, 0.10139, 0.79167, 0.36058, 0.79565, 0.93252, 1.8733, 0.14583, 0.64376, 0.81153, 0.96056, 0.43328, 0.04854, 4.8255, 0.01387, 0.00907, 3.2548, 0.52472, 0.06344, 1.1853, 0.98914, 1.5736, 0.34794, 0.56393, 1.6216, 1.1245, 0.70277, 0.018196, 4.6944, 0.42391, 0.0040952, 3.6145, 0.47847, 0.053856, 1.0368, 0.96889, 1.4211, 0.28585, 0.51247, 1.3527, 0.90586, 0.61352, 0.011494, 3.3666, 0.15517, 0.00058848, 2.8194, 0.20911, 0.050931, 1.3338, 1.0094, 1.7261, 0.41003, 0.61538, 1.8905, 1.3432, 0.79202, 0.024899, 6.0222, 0.69266, 0.0076019, 4.4096, 0.74783, 0.056782, 0.0081525, 0.00015153, 0.0085951, 0.0014248, 0.00097854, 0.026726, 0.017675, 0.0029441, 1.6606e-05, 0.65163, 0.026694, 4.5451e-06, 0.23366, 0.026818, 3.1633e-06, 0.14925, 0.90678, 1.2498, 0.038393, 0.43148, 0.72143, -0.87603, 0.29689, -0.021341, 0.68546, -0.23122, -0.021077, 2.4106, -0.6848, 0.046707, 2.2213, 1.0715, 1.8974, 0.65748, 0.69637, 2.5218, 3.1251, 1.1086, 0.057734, 8.7033, 1.079, 0.029267, 4.8184, 1.6417, 0.061006, 0.39673, 0.0025072, 0.038752, 0.035416, 0.0064835, 0.29951, 1.4793, 0.060888, 0.00057779, 5.9403, 0.15864, 0.00023419, 0.53569, 0.50015, 1.8893e-05
128, 4.4984, 0.33805, 0.06971, 0.10139, 0.79167, 0.36058, 1.13, 0.90813, 1.9478, 0.24687, 0.60602, 1.2405, 2.7974, 0.96518, 0.0135, 1.3603, 0.50724, 0.0011, 3.8422, 0.47801, 0.06581, 1.1853, 0.98914, 1.5736, 0.34794, 0.56393, 1.6216, 1.1245, 0.70277, 0.018196, 4.6944, 0.42391, 0.0040952, 3.6145, 0.47847, 0.053856, 1.0368, 0.96889, 1.4211, 0.28585, 0.51247, 1.3527, 0.90586, 0.61352, 0.011494, 3.3666, 0.15517, 0.00058848, 2.8194, 0.20911, 0.050931, 1.3338, 1.0094, 1.7261, 0.41003, 0.61538, 1.8905, 1.3432, 0.79202, 0.024899, 6.0222, 0.69266, 0.0076019, 4.4096, 0.74783, 0.056782, 0.0081525, 0.00015153, 0.0085951, 0.0014248, 0.00097854, 0.026726, 0.017675, 0.0029441, 1.6606e-05, 0.65163, 0.026694, 4.5451e-06, 0.23366, 0.026818, 3.1633e-06, 0.14925, 0.90678, 1.2498, 0.038393, 0.43148, 0.72143, -0.87603, 0.29689, -0.021341, 0.68546, -0.23122, -0.021077, 2.4106, -0.6848, 0.046707, 2.2213, 1.0715, 1.8974, 0.65748, 0.69637, 2.5218, 3.1251, 1.1086, 0.057734, 8.7033, 1.079, 0.029267, 4.8184, 1.6417, 0.061006, 0.39673, 0.0025072, 0.038752, 0.035416, 0.0064835, 0.29951, 1.4793, 0.060888, 0.00057779, 5.9403, 0.15864, 0.00023419, 0.53569, 0.50015, 1.8893e-05
129, 1.25, 0.33442, 0.017, 0.18441, 2.6792, 2.2534, 1.3854, 1.0136, 1.7599, 0.21723, 0.29501, 3.2079, 1.4218, 0.84486, 0.03011, 0.17677, 1.3763, 0.04995, 3.5171, 0.20392, 0.04679, 0.72964, 1.0144, 1.4168, 0.25842, 0.24987, 3.1919, 4.3765, 0.74514, 0.0067337, 3.4058, 0.48431, 0.027107, 4.7547, 1.0316, 0.047761, 0.55403, 0.98324, 1.1363, 0.11918, 0.12184, 2.0236, 3.632, 0.56126, -0.0010238, 0.44468, 0.069437, 0.019167, 2.8229, 0.5102, 0.039972, 0.90524, 1.0456, 1.6973, 0.39767, 0.37791, 4.3602, 5.121, 0.92902, 0.014491, 6.367, 0.89917, 0.035047, 6.6864, 1.5531, 0.055549, 0.011397, 0.00035955, 0.029082, 0.0071663, 0.0060592, 0.50449, 0.20487, 0.012498, 2.2243e-05, 3.2409, 0.063616, 2.33e-05, 1.3792, 0.1005, 2.242e-05, 0.26263, 0.92872, 0.70381, -0.013951, -0.010762, -3.9262, -0.20451, 0.43668, -0.023975, -1.398, 0.038767, 0.0035666, 1.5011, -0.21436, 0.024513, 1.1966, 1.1001, 2.1298, 0.5308, 0.51051, 10.31, 8.9575, 1.0536, 0.037442, 8.2097, 0.92984, 0.050648, 8.0082, 2.2777, 0.071009, 0.080609, 0.0027152, 0.18791, 0.02742, 0.025108, 18.727, 7.7565, 0.035168, 0.00034854, 8.5295, 0.07337, 0.00020482, 3.9125, 0.57384, 0.00019976
84, 1.0909, 0.3282, 0.05011, 0.11986, 1.3889, 1.4271, 0.58651, 1.0295, 1.0921, 0.22082, 0.14672, 1.7562, 1.3135, 0.71944, 0.00089, 2.2154, 0.77883, 0.03284, 7.5943, 0.24783, 0.05328, 0.40148, 0.98487, 1.3687, 0.28062, 0.2407, 2.7777, 3.2326, 0.66643, 0.0074341, 5.225, 0.61727, 0.028154, 4.5016, 1.1214, 0.04854, 0.19801, 0.96055, 1.0723, 0.18755, 0.11817, 1.8145, 2.7241, 0.54395, -0.0011427, 3.0438, 0.26279, 0.021384, 3.0264, 0.72263, 0.03996, 0.60496, 1.0092, 1.6652, 0.3737, 0.36323, 3.7409, 3.7411, 0.78891, 0.016011, 7.4062, 0.97175, 0.034924, 5.9768, 1.5202, 0.057121, 0.015303, 0.00021852, 0.032476, 0.0032019, 0.0055492, 0.34289, 0.095588, 0.0055448, 2.7189e-05, 1.7585, 0.046444, 1.694e-05, 0.80435, 0.058777, 2.7214e-05, -0.59061, 0.90141, 0.64424, -0.018398, -0.13357, 0.018228, -1.657, 0.40902, -0.022699, 0.85847, 0.11848, 0.0075613, 1.4978, -0.078444, 0.025846, 1.3936, 1.0683, 2.0932, 0.57965, 0.61496, 5.5371, 8.1222, 0.92383, 0.037567, 9.5914, 1.1161, 0.048747, 7.5054, 2.3213, 0.071235, 0.36379, 0.0025742, 0.19401, 0.033049, 0.051773, 2.8144, 8.8366, 0.02449, 0.00033562, 7.0471, 0.091958, 0.00015674, 3.3349, 0.53211, 0.00019036
79, 2.25, 0.32819, 0.06546, 0.08496, 2.0159, 0.80617, 0.33115, 0.92858, 1.5033, 0.37884, 0.28337, 2.8619, 0.10309, 0.76895, 0.00877, 9.0654, 0.11913, 0.00155, 5.6528, 0.86888, 0.03393, 0.83519, 0.98301, 1.2349, 0.29406, 0.39483, 3.3225, 2.1068, 0.59112, 0.010869, 4.2113, 0.40258, 0.011342, 4.3977, 0.4801, 0.051673, 0.71583, 0.96273, 1.0178, 0.23141, 0.33233, 2.8083, 1.8009, 0.52603, 0.0046876, 2.7436, 0.23485, 0.0080577, 3.4857, 0.22904, 0.047453, 0.95455, 1.0033, 1.452, 0.35671, 0.45733, 3.8366, 2.4128, 0.65622, 0.01705, 5.679, 0.5703, 0.014626, 5.3097, 0.73116, 0.055893, 0.0052657, 0.00015201, 0.017424, 0.0014507, 0.0014439, 0.097714, 0.034593, 0.0015661, 1.4123e-05, 0.79621, 0.010398, 3.9867e-06, 0.30742, 0.023297, 6.5823e-06, 0.39724, 0.90064, 0.32375, -0.0056109, 0.047525, -0.75275, -3.2431, 0.46772, -0.020661, 0.15388, 0.13273, -0.0080939, 1.3582, -0.67907, 0.022043, 1.2731, 1.0654, 2.146, 0.59374, 0.74213, 7.3977, 7.4568, 0.71453, 0.042399, 8.2687, 0.67242, 0.030778, 7.4371, 1.6393, 0.081302, 0.070891, 0.0025077, 0.30683, 0.033193, 0.044582, 6.1383, 10.579, 0.0056288, 0.00036745, 6.0848, 0.026915, 0.00013962, 3.4146, 0.49663, 0.00032449
37, 4.56, 0.32421, 0.04323, 0.3, 2.0833, 0.78689, 0.88302, 0.99911, 0.71558, 0.44657, 0.70225, 1.5564, 0.57684, 0.6773, 0.00397, 3.429, 1.5652, 0.00234, 6.369, 0.77082, 0.05335, 1.2295, 1.0216, 1.2851, 0.50167, 0.46768, 2.0722, 1.9117, 0.8181, 0.014417, 3.4929, 1.2408, 0.011784, 3.9033, 1.3352, 0.050822, 1.0874, 0.991, 1.0608, 0.41252, 0.36661, 1.3192, 1.667, 0.70526, 0.0077409, 1.1435, 0.85292, 0.0068193, 2.5942, 1.0243, 0.043327, 1.3715, 1.0521, 1.5094, 0.59082, 0.56876, 2.8252, 2.1564, 0.93093, 0.021093, 5.8423, 1.6288, 0.016748, 5.2123, 1.6461, 0.058317, 0.007461, 0.0003452, 0.018602, 0.0029377, 0.0037761, 0.20956, 0.022136, 0.0047058, 1.6473e-05, 2.0401, 0.055619, 9.1099e-06, 0.63335, 0.035734, 2.0762e-05, 0.904, 0.93608, 0.4142, 0.34094, 0.19432, -0.7117, 0.21143, 0.6818, -0.013854, -0.95998, 0.74169, -0.0067012, 1.2821, 0.16163, 0.023986, 1.5549, 1.107, 2.156, 0.6624, 0.74105, 4.8562, 3.612, 0.9544, 0.042688, 7.9458, 1.74, 0.030269, 6.5245, 2.5088, 0.077658, 0.039151, 0.0027009, 0.28034, 0.0095483, 0.027621, 2.8646, 1.0685, 0.0068664, 0.00029541, 7.3287, 0.092089, 0.0001263, 2.5395, 0.50907, 0.00026618
70, 4.56, 0.32421, 0.04323, 0.2, 2.0833, 0.76092, 1.1431, 1.0049, 0.93255, 0.7148, 0.84837, 1.0764, 0.81761, 0.93878, 0.0023, 3.8334, 0.84776, 0.00824, 6.0415, 0.92583, 0.03857, 1.0935, 1.001, 1.2908, 0.50301, 0.52881, 2.09, 1.9935, 0.67455, 0.011176, 4.0838, 1.2996, 0.010999, 4.6037, 1.0704, 0.051527, 0.95512, 0.97633, 1.0699, 0.43124, 0.44333, 1.3708, 1.7526, 0.59473, 0.0047179, 2.1555, 1.0013, 0.006663, 3.5615, 0.78201, 0.044306, 1.2319, 1.0257, 1.5117, 0.57479, 0.61429, 2.8091, 2.2345, 0.75436, 0.017634, 6.0122, 1.598, 0.015335, 5.646, 1.3587, 0.058748, 0.0070805, 0.0002249, 0.018033, 0.001904, 0.0027009, 0.19115, 0.021457, 0.0023546, 1.5414e-05, 1.3744, 0.032901, 6.9488e-06, 0.40152, 0.030733, 1.9273e-05, 0.74739, 0.91744, 0.43257, 0.27568, 0.22998, -0.69599, 0.26847, 0.56077, -0.017128, -0.16202, 0.89802, -0.0073223, 2.1048, -0.097441, 0.024222, 1.4397, 1.0846, 2.1491, 0.73035, 0.82764, 4.8759, 3.7186, 0.78833, 0.039479, 8.3297, 1.7012, 0.02932, 7.1026, 2.2382, 0.078832, 0.044282, 0.0025806, 0.27226, 0.019102, 0.033006, 2.8688, 1.0999, 0.0047848, 0.00029609, 6.663, 0.059615, 0.00012407, 2.308, 0.50407, 0.00027556
135, 4.56, 0.32421, 0.04323, 0.3, 2.0833, 0.78689, 0.68576, 0.9811, 1.1317, 0.4226, 0.65159, 0.87109, 0.97315, 0.67327, 0.02257, 1.7121, 1.8787, 0.00922, 5.0359, 1.1051, 0.04749, 1.2295, 1.0216, 1.2851, 0.50167, 0.46768, 2.0722, 1.9117, 0.8181, 0.014417, 3.4929, 1.2408, 0.011784, 3.9033, 1.3352, 0.050822, 1.0874, 0.991, 1.0608, 0.41252, 0.36661, 1.3192, 1.667, 0.70526, 0.0077409, 1.1435, 0.85292, 0.0068193, 2.5942, 1.0243, 0.043327, 1.3715, 1.0521, 1.5094, 0.59082, 0.56876, 2.8252, 2.1564, 0.93093, 0.021093, 5.8423, 1.6288, 0.016748, 5.2123, 1.6461, 0.058317, 0.007461, 0.0003452, 0.018602, 0.0029377, 0.0037761, 0.20956, 0.022136, 0.0047058, 1.6473e-05, 2.0401, 0.055619, 9.1099e-06, 0.63335, 0.035734, 2.0762e-05, 0.904, 0.93608, 0.4142, 0.34094, 0.19432, -0.7117, 0.21143, 0.6818, -0.013854, -0.95998, 0.74169, -0.0067012, 1.2821, 0.16163, 0.023986, 1.5549, 1.107, 2.156, 0.6624, 0.74105, 4.8562, 3.612, 0.9544, 0.042688, 7.9458, 1.74, 0.030269, 6.5245, 2.5088, 0.077658, 0.039151, 0.0027009, 0.28034, 0.0095483, 0.027621, 2.8646, 1.0685, 0.0068664, 0.00029541, 7.3287, 0.092089, 0.0001263, 2.5395, 0.50907, 0.00026618
67, 1.25, 0.32226, 0.01638, 0.44519, 2.6792, 2.0709, 0.64276, 1.0263, 1.8153, 0.38616, 0.72177, 3.4355, 6.1002, 0.13914, 0.00423, 0.20414, 0.0198, 0.02896, 3.9292, 0.96127, 0.04628, 1.0101, 1.0225, 1.4126, 0.46652, 0.28129, 2.9378, 3.8711, 0.69842, 0.0076645, 4.1281, 0.76141, 0.025544, 3.7124, 1.1973, 0.047436, 0.72784, 0.9803, 1.1304, 0.25633, 0.083684, 1.7464, 3.1257, 0.49275, -0.00075644, 0.54261, 0.32606, 0.010454, 1.511, 0.41264, 0.038458, 1.2923, 1.0647, 1.6948, 0.67671, 0.4789, 4.1292, 4.6166, 0.90408, 0.016085, 7.7137, 1.1968, 0.040634, 5.9139, 1.982, 0.056414, 0.029438, 0.00065858, 0.029444, 0.016329, 0.014433, 0.52463, 0.20537, 0.015634, 2.621e-05, 4.7517, 0.070052, 8.4165e-05, 1.7912, 0.22758, 2.9789e-05, 0.47448, 0.93221, 0.69888, 0.18493, -0.023483, -4.2302, -0.63726, 0.37654, -0.015958, -1.0838, 0.26462, 0.0033622, 0.2919, -0.17976, 0.023607, 1.5456, 1.1128, 2.1263, 0.74811, 0.58606, 10.106, 8.3795, 1.0203, 0.031287, 9.3401, 1.2582, 0.047725, 7.133, 2.5744, 0.071265, 0.10602, 0.0030143, 0.18828, 0.029307, 0.034332, 18.991, 7.5126, 0.038294, 0.00020625, 10.04, 0.091218, 0.00018186, 4.3245, 0.70091, 0.00020988
155, 4.7, 0.3222, 0.17869, 0.45618, 1.3333, 0.27337, 1.1103, 1.0222, 0.81343, 0.52532, 0.48292, 1.4509, 0.85413, 0.76469, 0.00027, 8.6927, 1.6705, 0.00381, 1.6846, 1.0394, 0.0723, 1.3641, 0.99871, 1.5992, 0.60089, 0.49524, 1.7504, 2.6996, 0.7109, 0.0083028, 5.5892, 1.1367, 0.0094679, 3.3713, 1.0256, 0.058214, 1.1668, 0.95958, 1.3848, 0.49175, 0.3806, 1.2479, 2.368, 0.55536, 0.00083209, 3.0397, 0.7749, 0.0026458, 1.6497, 0.58413, 0.049877, 1.5613, 1.0378, 1.8137, 0.71002, 0.60987, 2.2529, 3.0312, 0.86645, 0.015773, 8.1386, 1.4985, 0.01629, 5.0928, 1.467, 0.066551, 0.014378, 0.00056576, 0.016996, 0.0044022, 0.0048571, 0.093337, 0.040637, 0.0089424, 2.0628e-05, 2.4024, 0.048388, 1.7202e-05, 1.0954, 0.072033, 2.5689e-05, 0.67627, 0.9098, 0.6828, 0.38194, 0.22752, 0.46086, 1.1221, 0.33251, -0.015599, 1.0276, 0.3762, -0.0084025, 1.316, -0.18912, 0.031821, 2.0519, 1.0876, 2.5157, 0.81984, 0.76295, 3.0399, 4.2771, 1.0893, 0.032205, 10.151, 1.8972, 0.027338, 5.4266, 2.2403, 0.084607, 0.17486, 0.0029215, 0.31042, 0.017719, 0.02649, 0.61463, 0.91977, 0.052922, 0.00021116, 7.691, 0.21378, 0.00011804, 1.5613, 0.54537, 0.00025747
18, 4, 0.31953, 0.09037, 0.61304, 1.25, 0.37617, 1.7054, 0.98478, 1.0337, 0.39835, 0.48384, 0.99153, 1.1387, 0.52236, 0.00254, 8.6989, 0.10625, 0.00588, 1.3954, 1.5152, 0.07813, 1.4081, 1.0019, 1.5969, 0.59491, 0.38432, 1.3853, 1.4376, 0.71685, 0.014999, 2.8913, 0.77035, 0.0077988, 2.3995, 1.4291, 0.058537, 1.2219, 0.96011, 1.4017, 0.47439, 0.26718, 0.90462, 1.1141, 0.53261, 0.0076965, 0.037673, 0.34268, 0.00064376, 0.69777, 1.0088, 0.052361, 1.5942, 1.0437, 1.7922, 0.71543, 0.50146, 1.866, 1.7612, 0.90108, 0.022301, 5.745, 1.198, 0.014954, 4.1012, 1.8495, 0.064714, 0.012812, 0.00064517, 0.014092, 0.0053685, 0.0050719, 0.0854, 0.038702, 0.012545, 1.971e-05, 3.0099, 0.067601, 1.8922e-05, 1.0703, 0.06531, 1.4101e-05, 0.75626, 0.91178, 0.58577, 0.3509, 0.16899, 0.065581, -0.81453, 0.28152, -0.0075345, -1.847, -0.21423, -0.0081172, -1.6647, 0.22192, 0.040517, 2.0599, 1.092, 2.608, 0.83893, 0.59965, 2.705, 3.6898, 1.1522, 0.037532, 7.6297, 1.7549, 0.023715, 6.4636, 2.6363, 0.076558, 0.15702, 0.0030009, 0.37789, 0.022008, 0.017137, 0.64374, 1.8748, 0.070043, 0.00018767, 8.2985, 0.3583, 9.3629e-05, 6.1049, 0.53864, 0.00012003
138, 2.25, 0.31691, 0.0842, 0.08204, 1.5132, 0.67396, 1.1096, 0.91486, 1.4385, 0.22054, 0.26254, 1.2785, 0.70091, 0.51289, 0.03167, 2.5363, 0.78562, 0.00641, 3.7786, 0.33838, 0.03977, 0.85879, 0.97593, 1.3864, 0.32232, 0.41863, 2.7437, 1.6994, 0.69589, 0.012636, 5.8164, 0.27939, 0.0064401, 4.6407, 0.46145, 0.045894, 0.73431, 0.95492, 1.1868, 0.26209, 0.35443, 2.3541, 1.4082, 0.63036, 0.007063, 4.5154, 0.12233, 0.0033678, 3.772, 0.2392, 0.042152, 0.98326, 0.99693, 1.5859, 0.38255, 0.48282, 3.1332, 1.9906, 0.76142, 0.01821, 7.1173, 0.43645, 0.0095123, 5.5093, 0.6837, 0.049637, 0.0057271, 0.00016307, 0.014718, 0.0013408, 0.0015233, 0.05609, 0.031339, 0.0015872, 1.1481e-05, 0.62554, 0.0091171, 3.4887e-06, 0.27888, 0.018257, 5.1772e-06, -0.049825, 0.89337, 0.60158, 0.022761, -0.054946, 0.39625, -3.4126, 0.53032, -0.0072672, 1.8162, -0.08784, -0.0064814, 1.6612, -0.69182, 0.013763, 1.7674, 1.0585, 2.1712, 0.62188, 0.8922, 5.0911, 6.8114, 0.86146, 0.03254, 9.8165, 0.64662, 0.019362, 7.6202, 1.6147, 0.078026, 0.30514, 0.0025188, 0.22766, 0.033168, 0.082893, 2.0367, 9.6589, 0.010132, 0.00014642, 5.9142, 0.049845, 6.1712e-05, 3.2812, 0.49159, 0.0003816
74, 2.8571, 0.31616, 0.03225, 0, 2.5, 1.0324, 1.8568, 0.98898, 1.3392, 0.19784, 0.305, 0.12818, 0.09563, 0.44879, 0.00201, 1.5262, 1.0602, 0.04796, 4.9098, 0.26284, 0.07382, 0.58574, 0.99412, 1.3095, 0.2149, 0.33371, 3.4371, 3.1695, 0.73353, 0.01612, 6.6375, 1.1448, 0.019796, 4.8673, 0.48006, 0.052317, 0.43011, 0.96505, 1.0419, 0.12359, 0.239, 2.6655, 2.798, 0.60172, 0.008174, 4.4014, 0.80045, 0.01369, 3.3977, 0.13695, 0.04602, 0.74137, 1.0232, 1.5771, 0.30621, 0.42841, 4.2087, 3.5411, 0.86534, 0.024066, 8.8735, 1.4892, 0.025902, 6.337, 0.82317, 0.058614, 0.0089522, 0.00031252, 0.026465, 0.0030816, 0.0033152, 0.22005, 0.051018, 0.0064213, 2.3337e-05, 1.8481, 0.043836, 1.3782e-05, 0.79833, 0.043513, 1.4655e-05, 0.10894, 0.90916, 0.59135, -0.060722, 0.072708, -2.5606, -1.2214, 0.55541, -0.0043938, 2.2433, 0.76958, 0.0055787, 1.7613, -0.70246, 0.029973, 1.0625, 1.0791, 2.0276, 0.49052, 0.59471, 9.4348, 7.5604, 0.91165, 0.036634, 11.032, 1.5201, 0.034013, 7.9734, 1.6626, 0.074662, 0.084027, 0.0026682, 0.19061, 0.028079, 0.025178, 13.296, 7.1261, 0.011726, 0.00015554, 7.1367, 0.052048, 7.471e-05, 3.5658, 0.51685, 0.00018454
80, 4.4984, 0.31474, 0.0649, 0.09439, 0.79167, 0.35916, 0.68095, 0.98915, 1.8581, 0.40456, 0.42977, 0.92153, 0.84581, 0.73281, 0.00015, 4.8815, 0.01327, 0.00139, 4.8323, 0.71664, 0.03597, 1.1778, 0.9792, 1.6342, 0.34526, 0.5861, 1.6252, 1.1015, 0.7331, 0.023932, 4.7557, 0.43672, 0.0043919, 3.9961, 0.4807, 0.058175, 1.0324, 0.95836, 1.4791, 0.28788, 0.53912, 1.3635, 0.89921, 0.64054, 0.01886, 3.4955, 0.17582, 0.00099614, 3.1496, 0.21648, 0.055443, 1.3233, 1, 1.7892, 0.40265, 0.63307, 1.8868, 1.3037, 0.82567, 0.029004, 6.016, 0.69762, 0.0077877, 4.8426, 0.74491, 0.060907, 0.0078169, 0.00016045, 0.0088863, 0.0012173, 0.00081549, 0.025297, 0.015118, 0.0031668, 9.5094e-06, 0.58701, 0.025159, 4.2622e-06, 0.26485, 0.025802, 2.7581e-06, 0.1387, 0.89669, 1.3099, 0.044398, 0.47345, 0.73079, -0.66403, 0.32753, 0.0061026, 0.76866, -0.27245, -0.0074961, 2.7594, -0.68139, 0.051155, 2.217, 1.0617, 1.9585, 0.64613, 0.69874, 2.5195, 2.8669, 1.1387, 0.041762, 8.7428, 1.1459, 0.01628, 5.2328, 1.6428, 0.065195, 0.3991, 0.0025161, 0.038877, 0.033457, 0.0046902, 0.29564, 1.152, 0.060798, 0.0001175, 5.8756, 0.18589, 5.2236e-05, 0.56529, 0.49914, 1.8213e-05
108, 2.1818, 0.31447, 0.1057, 0.42002, 1.25, 0.63982, 1.6726, 1.007, 1.7332, 0.54085, 0.35403, 1.6059, 0.52666, 0.71175, 0.00026, 1.5558, 1.6702, 0.00185, 2.256, 1.1532, 0.03867, 1.0156, 1.0113, 1.4406, 0.50934, 0.28934, 2.2561, 1.3265, 0.66381, 0.03108, 2.8634, 0.7122, 0.0062739, 3.1514, 1.0848, 0.04282, 0.87489, 0.97979, 1.2439, 0.41864, 0.18863, 1.8758, 1.0377, 0.52167, 0.025045, 0.68674, 0.31148, 0.0013764, 1.844, 0.80822, 0.038663, 1.1563, 1.0429, 1.6373, 0.60005, 0.39004, 2.6365, 1.6153, 0.80596, 0.037115, 5.0401, 1.1129, 0.011171, 4.4589, 1.3614, 0.046976, 0.0073179, 0.00036819, 0.014299, 0.0030407, 0.0037482, 0.053463, 0.030818, 0.007468, 1.3463e-05, 1.7512, 0.059351, 8.8653e-06, 0.63182, 0.028272, 6.386e-06, 0.27784, 0.9255, 0.51985, 0.30924, -0.038819, 0.44639, -3.5304, 0.43437, 0.013638, -1.5008, -0.056161, -0.0081331, 0.089316, -0.08016, 0.024949, 1.7533, 1.0972, 2.3613, 0.70945, 0.61749, 4.0659, 6.1834, 0.89326, 0.048523, 7.2276, 1.4806, 0.020681, 6.2135, 2.2497, 0.06069, 0.20117, 0.0027239, 0.31335, 0.0148, 0.039802, 1.2105, 8.7191, 0.019458, 0.00011245, 7.0398, 0.21821, 7.6717e-05, 3.4656, 0.50161, 0.00011804
134, 2.25, 0.30385, 0.0606, 0.15791, 2.0159, 0.83622, 0.54272, 0.90669, 1.9097, 0.26153, 0.24624, 4.0173, 7.6441, 0.68062, 0.01032, 1.7016, 0.22126, 0.00152, 2.5061, 1.0259, 0.02441, 0.79677, 0.9871, 1.3209, 0.42732, 0.44663, 3.3838, 2.0157, 0.88958, 0.025882, 4.1052, 0.46972, 0.011801, 5.2573, 0.66649, 0.052679, 0.6909, 0.96528, 1.0933, 0.36655, 0.38831, 2.88, 1.7412, 0.8076, 0.019842, 2.4787, 0.18328, 0.0083134, 4.1618, 0.43486, 0.048804, 0.90263, 1.0089, 1.5484, 0.4881, 0.50494, 3.8877, 2.2901, 0.97155, 0.031921, 5.7317, 0.75617, 0.015289, 6.3528, 0.89813, 0.056553, 0.004142, 0.00017612, 0.019134, 0.0013651, 0.0012569, 0.093816, 0.027837, 0.0024838, 1.3482e-05, 0.97776, 0.030327, 4.4963e-06, 0.44356, 0.019831, 5.5484e-06, 0.42398, 0.90434, 0.40007, 0.11513, 0.10277, -0.68248, -2.8437, 0.75703, 0.014968, -0.012318, 0.085121, 0.0032143, 2.1576, -0.48862, 0.023808, 1.1696, 1.0699, 2.2417, 0.73952, 0.79049, 7.4502, 6.8751, 1.0221, 0.036795, 8.2227, 0.85432, 0.020388, 8.3571, 1.8216, 0.081549, 0.051366, 0.0025318, 0.31339, 0.036024, 0.043704, 6.1115, 8.7279, 0.0064937, 4.4022e-05, 6.2664, 0.054672, 2.7253e-05, 3.5514, 0.49317, 0.00030806
167, 2.25, 0.30385, 0.0606, 0.15791, 2.0159, 0.83622, 0.65541, 0.91446, 1.1502, 0.42711, 0.34616, 6.6348, 4.9193, 0.74512, 0.0044, 3.3927, 0.30954, 0.00228, 5.0106, 0.83014, 0.04891, 0.79677, 0.9871, 1.3209, 0.42732, 0.44663, 3.3838, 2.0157, 0.88958, 0.025882, 4.1052, 0.46972, 0.011801, 5.2573, 0.66649, 0.052679, 0.6909, 0.96528, 1.0933, 0.36655, 0.38831, 2.88, 1.7412, 0.8076, 0.019842, 2.4787, 0.18328, 0.0083134, 4.1618, 0.43486, 0.048804, 0.90263, 1.0089, 1.5484, 0.4881, 0.50494, 3.8877, 2.2901, 0.97155, 0.031921, 5.7317, 0.75617, 0.015289, 6.3528, 0.89813, 0.056553, 0.004142, 0.00017612, 0.019134, 0.0013651, 0.0012569, 0.093816, 0.027837, 0.0024838, 1.3482e-05, 0.97776, 0.030327, 4.4963e-06, 0.44356, 0.019831, 5.5484e-06, 0.42398, 0.90434, 0.40007, 0.11513, 0.10277, -0.68248, -2.8437, 0.75703, 0.014968, -0.012318, 0.085121, 0.0032143, 2.1576, -0.48862, 0.023808, 1.1696, 1.0699, 2.2417, 0.73952, 0.79049, 7.4502, 6.8751, 1.0221, 0.036795, 8.2227, 0.85432, 0.020388, 8.3571, 1.8216, 0.081549, 0.051366, 0.0025318, 0.31339, 0.036024, 0.043704, 6.1115, 8.7279, 0.0064937, 4.4022e-05, 6.2664, 0.054672, 2.7253e-05, 3.5514, 0.49317, 0.00030806
58, 2.25, 0.30301, 0.08051, 0.07844, 1.5132, 0.67066, 0.20141, 0.92282, 1.8492, 0.1746, 0.37176, 5.0099, 4.0041, 0.78876, 0.02767, 9.0316, 0.41524, 0.00539, 2.2602, 0.70514, 0.04915, 0.87206, 0.97616, 1.4222, 0.32789, 0.4216, 2.6563, 1.6898, 0.70544, 0.0017239, 5.1261, 0.47948, 0.0066084, 4.8078, 0.44413, 0.046261, 0.74825, 0.95487, 1.2228, 0.26846, 0.35676, 2.2674, 1.4076, 0.63663, -0.0037838, 3.7983, 0.30547, 0.0034957, 3.882, 0.22597, 0.042552, 0.99586, 0.99745, 1.6217, 0.38732, 0.48643, 3.0452, 1.9721, 0.77425, 0.0072316, 6.454, 0.65349, 0.0097211, 5.7337, 0.66229, 0.04997, 0.0056654, 0.00016754, 0.014704, 0.0013055, 0.0015537, 0.055896, 0.02944, 0.00175, 1.1212e-05, 0.6517, 0.011192, 3.5811e-06, 0.31682, 0.017591, 5.0844e-06, -0.041527, 0.89354, 0.63711, 0.028506, -0.065889, 0.31142, -3.1521, 0.53647, -0.0083847, 1.1171, 0.085819, -0.0030034, 1.8111, -0.70836, 0.01421, 1.7856, 1.0588, 2.2073, 0.62727, 0.90908, 5.0012, 6.5318, 0.87441, 0.011833, 9.1351, 0.87315, 0.01622, 7.8046, 1.5966, 0.078311, 0.30849, 0.0025232, 0.22782, 0.033128, 0.087835, 2.0323, 8.6653, 0.010553, 3.7768e-05, 5.9403, 0.057279, 3.4147e-05, 3.3192, 0.49093, 0.00037968
39, 2.9733, 0.30271, 0.12022, 0.10006, 1.1111, 0.41343, 1.7393, 0.97657, 1.4911, 0.40595, 0.57538, 1.2935, 0.75638, 0.81055, 0.0006, 5.4275, 0.57931, 0.00029, 5.6108, 0.41887, 0.03237, 1.0215, 0.9659, 1.6377, 0.36021, 0.46757, 1.4701, 1.2155, 0.73668, 0.01292, 5.9198, 0.42479, 0.0020914, 4.2142, 0.47785, 0.047026, 0.88072, 0.94132, 1.4856, 0.29594, 0.40529, 1.1806, 0.947, 0.65144, 0.0094545, 4.598, 0.19653, -0.0012758, 3.3886, 0.23784, 0.043628, 1.1622, 0.99048, 1.7899, 0.42448, 0.52985, 1.7596, 1.4841, 0.82192, 0.016385, 7.2415, 0.65306, 0.0054586, 5.0397, 0.71786, 0.050423, 0.0073211, 0.00022335, 0.0085524, 0.0015268, 0.0014336, 0.030978, 0.026654, 0.0026857, 4.4384e-06, 0.64573, 0.019259, 4.1906e-06, 0.25192, 0.021291, 4.2672e-06, -0.19998, 0.88237, 0.84765, 0.0516, 0.1135, 0.11377, -2.5863, 0.35586, 0.0041813, 1.9128, -0.13533, -0.013983, -0.46039, -0.67897, 0.034406, 2.2429, 1.0494, 2.4278, 0.66882, 0.82163, 2.8264, 5.0174, 1.1175, 0.021658, 9.9267, 0.98492, 0.018165, 8.8887, 1.6347, 0.059646, 0.55143, 0.002579, 0.23073, 0.035202, 0.046335, 0.67992, 5.3424, 0.053603, 2.8224e-05, 5.9343, 0.11596, 9.5498e-05, 8.0766, 0.49463, 5.8867e-05
26, 6, 0.29326, 0.04107, 0.14819, 1, 0.38358, 1.7636, 0.93224, 1.0507, 0.29278, 0.53974, 1.0936, 0.18183, 0.52661, 0.01875, 4.0794, 1.3698, 0.00351, 9.1533, 0.68213, 0.07562, 1.1774, 0.99827, 1.7594, 0.42088, 0.60534, 1.725, 1.0485, 0.87905, 0.011945, 3.4774, 0.39107, 0.0085777, 4.1917, 0.93535, 0.057478, 1.0225, 0.97166, 1.6028, 0.34403, 0.54215, 1.3935, 0.86208, 0.77065, 0.0078493, 1.3477, 0.049203, 0.0044538, 3.2775, 0.64322, 0.05321, 1.3324, 1.0249, 1.9159, 0.49774, 0.66852, 2.0564, 1.2349, 0.98746, 0.01604, 5.6071, 0.73295, 0.012702, 5.1059, 1.2275, 0.061747, 0.008874, 0.00026166, 0.0090571, 0.002183, 0.0014758, 0.040605, 0.012843, 0.0043434, 6.1986e-06, 1.6764, 0.043199, 6.2858e-06, 0.30888, 0.031541, 6.7337e-06, 0.024069, 0.91412, 1.2326, 0.1342, 0.48619, 0.7979, 0.20428, 0.4811, 0.0057144, -0.86357, -0.40847, -0.0014642, 1.4292, -0.2334, 0.048444, 2.3308, 1.0824, 2.2862, 0.70757, 0.72449, 2.652, 1.8927, 1.277, 0.018175, 7.8184, 1.1906, 0.01862, 6.9542, 2.1041, 0.066513, 0.49166, 0.0026174, 0.10258, 0.030378, 0.0052473, 0.31766, 0.26342, 0.058533, 1.4346e-05, 6.965, 0.23629, 3.7272e-05, 2.8206, 0.50488, 3.0168e-05
149, 3.0049, 0.29103, 0.12422, 0, 1.3368, 0.34018, 0.13438, 0.93988, 1.0817, 0.31714, 0.3177, 1.1879, 0.76344, 0.69657, 0.00011, 5.1224, 0.31644, 0.00142, 2.3397, 1.0328, 0.02895, 1.0554, 0.98172, 1.6502, 0.3082, 0.41197, 1.4329, 1.2242, 0.69809, 0.0017156, 5.8525, 0.97906, 0.0021625, 3.7109, 0.26674, 0.048899, 0.86789, 0.94829, 1.4695, 0.20147, 0.31098, 1.0191, 0.90837, 0.5655, -0.0019926, 3.162, 0.6095, -0.004252, 2.4627, -0.10084, 0.044359, 1.2429, 1.0152, 1.8309, 0.41492, 0.51297, 1.8466, 1.54, 0.83068, 0.0054237, 8.5429, 1.3486, 0.0085769, 4.9591, 0.63432, 0.053438, 0.012997, 0.00041315, 0.012069, 0.0042097, 0.00377, 0.063268, 0.036861, 0.006498, 5.0823e-06, 2.6754, 0.050478, 1.5208e-05, 0.57586, 0.049939, 7.6169e-06, -0.11674, 0.89517, 0.67566, 0.041165, 0.057287, -0.2274, -2.3192, 0.31471, -0.0036618, 1.2106, 0.42791, -0.018271, -1.0457, -0.92311, 0.025406, 2.2276, 1.0683, 2.6248, 0.57523, 0.76665, 3.0931, 4.7676, 1.0815, 0.0070929, 10.494, 1.5302, 0.022596, 8.4675, 1.4566, 0.072392, 0.50782, 0.0027688, 0.35105, 0.026355, 0.046497, 1.0188, 4.6407, 0.054326, 1.0687e-05, 7.964, 0.11227, 0.00015432, 8.3625, 0.52327, 0.000204
21, 4, 0.29084, 0.13792, 0.19995, 1.1111, 0.3202, 1.2911, 1.0642, 1.2225, 0.54347, 0.49418, 1.383, 0.11287, 0.75468, 0.00147, 4.0265, 0.79872, 0.01305, 2.9969, 0.74897, 0.06345, 1.165, 0.97385, 1.6734, 0.48092, 0.52075, 1.4031, 1.3497, 0.84911, 0.0062608, 5.3666, 0.70839, 0.005456, 4.2815, 0.70148, 0.054459, 1.0214, 0.94557, 1.5167, 0.41117, 0.44591, 1.092, 1.1065, 0.73536, 0.0030749, 3.7915, 0.4235, 0.0014337, 3.2757, 0.43315, 0.049107, 1.3086, 1.0021, 1.8301, 0.55066, 0.59559, 1.7142, 1.593, 0.96286, 0.0094467, 6.9417, 0.99328, 0.0094783, 5.2874, 0.96982, 0.059811, 0.0076235, 0.0002955, 0.0090784, 0.0017978, 0.00207, 0.035775, 0.021868, 0.0047824, 3.7516e-06, 0.91698, 0.029999, 5.9798e-06, 0.37395, 0.026614, 1.0587e-05, 0.053206, 0.88915, 0.89164, 0.22838, 0.11106, 0.26782, -0.63913, 0.46202, 0.0013278, 1.269, 0.012856, -0.016723, 0.26327, -0.46154, 0.040346, 2.2768, 1.0585, 2.4551, 0.73346, 0.93044, 2.5384, 3.3386, 1.2362, 0.011194, 9.4641, 1.4039, 0.027635, 8.2998, 1.8645, 0.068572, 0.45689, 0.0026512, 0.22588, 0.023572, 0.062038, 0.4764, 1.462, 0.05538, 8.9943e-06, 6.2056, 0.17881, 0.00018182, 5.9679, 0.49995, 7.3619e-05
54, 4, 0.29084, 0.13792, 0.19995, 1.1111, 0.3202, 1.3599, 0.94894, 1.2687, 0.48874, 0.48712, 1.5155, 1.0426, 0.87326, 0.00097, 8.3809, 0.96378, 0.00248, 4.7639, 0.57032, 0.05269, 1.165, 0.97385, 1.6734, 0.48092, 0.52075, 1.4031, 1.3497, 0.84911, 0.0062608, 5.3666, 0.70839, 0.005456, 4.2815, 0.70148, 0.054459, 1.0214, 0.94557, 1.5167, 0.41117, 0.44591, 1.092, 1.1065, 0.73536, 0.0030749, 3.7915, 0.4235, 0.0014337, 3.2757, 0.43315, 0.049107, 1.3086, 1.0021, 1.8301, 0.55066, 0.59559, 1.7142, 1.593, 0.96286, 0.0094467, 6.9417, 0.99328, 0.0094783, 5.2874, 0.96982, 0.059811, 0.0076235, 0.0002955, 0.0090784, 0.0017978, 0.00207, 0.035775, 0.021868, 0.0047824, 3.7516e-06, 0.91698, 0.029999, 5.9798e-06, 0.37395, 0.026614, 1.0587e-05, 0.053206, 0.88915, 0.89164, 0.22838, 0.11106, 0.26782, -0.63913, 0.46202, 0.0013278, 1.269, 0.012856, -0.016723, 0.26327, -0.46154, 0.040346, 2.2768, 1.0585, 2.4551, 0.73346, 0.93044, 2.5384, 3.3386, 1.2362, 0.011194, 9.4641, 1.4039, 0.027635, 8.2998, 1.8645, 0.068572, 0.45689, 0.0026512, 0.22588, 0.023572, 0.062038, 0.4764, 1.462, 0.05538, 8.9943e-06, 6.2056, 0.17881, 0.00018182, 5.9679, 0.49995, 7.3619e-05
69, 4, 0.29084, 0.13792, 0.19995, 1.1111, 0.3202, 1.833, 0.97656, 1.8305, 0.45665, 0.57029, 1.069, 1.1707, 0.97682, 0.00127, 4.5274, 1.0832, 0.00311, 9.3245, 0.46392, 0.05143, 1.165, 0.97385, 1.6734, 0.48092, 0.52075, 1.4031, 1.3497, 0.84911, 0.0062608, 5.3666, 0.70839, 0.005456, 4.2815, 0.70148, 0.054459, 1.0214, 0.94557, 1.5167, 0.41117, 0.44591, 1.092, 1.1065, 0.73536, 0.0030749, 3.7915, 0.4235, 0.0014337, 3.2757, 0.43315, 0.049107, 1.3086, 1.0021, 1.8301, 0.55066, 0.59559, 1.7142, 1.593, 0.96286, 0.0094467, 6.9417, 0.99328, 0.0094783, 5.2874, 0.96982, 0.059811, 0.0076235, 0.0002955, 0.0090784, 0.0017978, 0.00207, 0.035775, 0.021868, 0.0047824, 3.7516e-06, 0.91698, 0.029999, 5.9798e-06, 0.37395, 0.026614, 1.0587e-05, 0.053206, 0.88915, 0.89164, 0.22838, 0.11106, 0.26782, -0.63913, 0.46202, 0.0013278, 1.269, 0.012856, -0.016723, 0.26327, -0.46154, 0.040346, 2.2768, 1.0585, 2.4551, 0.73346, 0.93044, 2.5384, 3.3386, 1.2362, 0.011194, 9.4641, 1.4039, 0.027635, 8.2998, 1.8645, 0.068572, 0.45689, 0.0026512, 0.22588, 0.023572, 0.062038, 0.4764, 1.462, 0.05538, 8.9943e-06, 6.2056, 0.17881, 0.00018182, 5.9679, 0.49995, 7.3619e-05
73, 4, 0.29084, 0.13792, 0.19995, 1.1111, 0.3202, 0.76228, 1.0008, 1.8738, 0.46773, 0.68187, 1.5374, 0.92981, 0.90979, 0.00016, 2.1547, 0.93272, 0.00149, 3.0302, 0.68581, 0.05544, 1.165, 0.97385, 1.6734, 0.48092, 0.52075, 1.4031, 1.3497, 0.84911, 0.0062608, 5.3666, 0.70839, 0.005456, 4.2815, 0.70148, 0.054459, 1.0214, 0.94557, 1.5167, 0.41117, 0.44591, 1.092, 1.1065, 0.73536, 0.0030749, 3.7915, 0.4235, 0.0014337, 3.2757, 0.43315, 0.049107, 1.3086, 1.0021, 1.8301, 0.55066, 0.59559, 1.7142, 1.593, 0.96286, 0.0094467, 6.9417, 0.99328, 0.0094783, 5.2874, 0.96982, 0.059811, 0.0076235, 0.0002955, 0.0090784, 0.0017978, 0.00207, 0.035775, 0.021868, 0.0047824, 3.7516e-06, 0.91698, 0.029999, 5.9798e-06, 0.37395, 0.026614, 1.0587e-05, 0.053206, 0.88915, 0.89164, 0.22838, 0.11106, 0.26782, -0.63913, 0.46202, 0.0013278, 1.269, 0.012856, -0.016723, 0.26327, -0.46154, 0.040346, 2.2768, 1.0585, 2.4551, 0.73346, 0.93044, 2.5384, 3.3386, 1.2362, 0.011194, 9.4641, 1.4039, 0.027635, 8.2998, 1.8645, 0.068572, 0.45689, 0.0026512, 0.22588, 0.023572, 0.062038, 0.4764, 1.462, 0.05538, 8.9943e-06, 6.2056, 0.17881, 0.00018182, 5.9679, 0.49995, 7.3619e-05
115, 3.0049, 0.29001, 0.1222, 0.36241, 1.3544, 0.4912, 1.1682, 0.98183, 1.5504, 0.61426, 0.44434, 1.1333, 0.67352, 0.70553, 0.02787, 2.3136, 1.1764, 0.0268, 8.0086, 0.29101, 0.02541, 1.1351, 1.0017, 1.6089, 0.41364, 0.39816, 1.474, 1.3521, 0.80907, 0.01142, 1.4718, 0.63895, 0.0068744, 3.2702, 1.0491, 0.04465, 1.0161, 0.9744, 1.4422, 0.33305, 0.31346, 1.1873, 1.1158, 0.7084, 0.008624, -0.3529, 0.31527, 0.0032962, 2.1504, 0.82533, 0.041197, 1.254, 1.029, 1.7755, 0.49423, 0.48286, 1.7608, 1.5883, 0.90975, 0.014216, 3.2966, 0.96264, 0.010453, 4.39, 1.2728, 0.048103, 0.0052331, 0.00027504, 0.010264, 0.0024005, 0.0026516, 0.030391, 0.02063, 0.0037458, 2.8896e-06, 1.2307, 0.038724, 4.7323e-06, 0.4635, 0.018501, 4.4066e-06, 0.40883, 0.91732, 0.59339, 0.19978, 0.033655, -0.18482, -2.0302, 0.4583, 0.0068573, -2.728, -0.091202, -0.012706, -1.4994, -0.10449, 0.020111, 1.8613, 1.086, 2.6243, 0.62751, 0.76267, 3.1329, 4.7344, 1.1598, 0.015983, 5.6716, 1.3691, 0.026455, 8.0399, 2.2026, 0.06919, 0.19494, 0.0026307, 0.38114, 0.016905, 0.049109, 1.0171, 4.2284, 0.045478, 7.6947e-06, 6.5193, 0.19705, 0.0001417, 8.4085, 0.49184, 0.00022257
164, 3.0049, 0.2895, 0.12357, 0.36241, 1.3368, 0.48702, 1.8249, 1.074, 1.2253, 0.20694, 0.41138, 1.6604, 7.7699, 0.68264, 0.01968, 0.59822, 0.11743, 0.04534, 4.2926, 0.22415, 0.03884, 1.1187, 0.99056, 1.6216, 0.48176, 0.39993, 1.4428, 1.3214, 0.81301, 0.015495, 1.8635, 0.88993, 0.0062502, 3.4802, 1.0477, 0.04433, 0.9989, 0.96323, 1.4566, 0.40096, 0.31494, 1.1577, 1.0842, 0.71186, 0.012728, 0.036894, 0.56746, 0.0026531, 2.3635, 0.82347, 0.040878, 1.2386, 1.0179, 1.7866, 0.56256, 0.48492, 1.728, 1.5585, 0.91415, 0.018262, 3.69, 1.2124, 0.0098473, 4.5968, 1.2719, 0.047782, 0.0053072, 0.00027604, 0.010061, 0.0024131, 0.00267, 0.030063, 0.020793, 0.0037813, 2.8294e-06, 1.2331, 0.038436, 4.7825e-06, 0.46088, 0.018585, 4.4046e-06, 0.37983, 0.90618, 0.58818, 0.26722, 0.035039, -0.18748, -2.0474, 0.45864, 0.011034, -2.3371, 0.1517, -0.01373, -1.3157, -0.10595, 0.020881, 1.8576, 1.0749, 2.655, 0.69631, 0.76482, 3.0732, 4.6901, 1.1674, 0.019956, 6.064, 1.6282, 0.02623, 8.2761, 2.2014, 0.06778, 0.2018, 0.0026317, 0.39472, 0.017013, 0.049212, 0.98242, 4.1945, 0.046414, 7.3562e-06, 6.5218, 0.20143, 0.00014755, 8.5013, 0.49192, 0.00020325
130, 1.5, 0.28878, 0, 0, 2, 2.3035, 0.15162, 1.0706, 1.3857, 0.26432, 0.24229, 4.8119, 2.7908, 0.98787, 0.00013, 4.6951, 1.8368, 0.01821, 8.019, 0.9009, 0.04864, 0.75799, 0.99629, 1.3943, 0.33467, 0.29487, 3.0647, 4.6757, 0.70039, 0.008121, 4.6598, 0.79507, 0.016465, 4.2334, 1.0864, 0.048313, 0.51799, 0.95839, 1.1004, 0.18152, 0.13344, 1.8243, 3.8512, 0.50079, -0.00047076, 1.5682, 0.36086, 0.005471, 2.0136, 0.33857, 0.039111, 0.99799, 1.0342, 1.6882, 0.48781, 0.4563, 4.305, 5.5001, 0.89999, 0.016713, 7.7514, 1.2293, 0.02746, 6.4531, 1.8342, 0.057516, 0.02129, 0.00053104, 0.031933, 0.0086688, 0.0096315, 0.56864, 0.25122, 0.014726, 2.7284e-05, 3.5327, 0.069686, 4.4677e-05, 1.8212, 0.20671, 3.1301e-05, 0.18222, 0.90792, 0.67579, 0.047869, -0.038361, -1.4079, 0.56873, 0.3823, -0.0016154, -0.22558, 0.29567, 0.00044174, 0.79225, -0.27002, 0.025192, 1.3338, 1.0847, 2.1128, 0.62146, 0.6281, 7.5372, 8.7826, 1.0185, 0.017857, 9.5451, 1.2945, 0.032489, 7.6745, 2.4428, 0.071435, 0.12253, 0.0028867, 0.19081, 0.030401, 0.041043, 7.3937, 6.2342, 0.037397, 3.5038e-05, 8.8214, 0.092181, 9.49e-05, 4.3766, 0.68004, 0.00019759
27, 2.1818, 0.28637, 0.16597, 0.59996, 0.86111, 0.46736, 1.2229, 0.91013, 1.6858, 0.51573, 0.20011, 1.2496, 1.2992, 0.71408, 0.00572, 2.2703, 0.86402, 0.00138, 1.2368, 2.5553, 0.03615, 1.2271, 1, 1.5781, 0.50611, 0.31019, 1.2987, 1.9888, 0.62052, 0.014789, 3.9501, 0.69615, 0.0048507, 2.516, 1.0358, 0.036597, 1.0379, 0.96051, 1.3743, 0.39051, 0.19834, 0.85199, 1.601, 0.44748, 0.0090817, 1.4172, 0.27265, -0.0017789, 0.79927, 0.63044, 0.030981, 1.4162, 1.0395, 1.7818, 0.62171, 0.42204, 1.7454, 2.3766, 0.79356, 0.020497, 6.483, 1.1197, 0.01148, 4.2328, 1.4412, 0.042214, 0.013223, 0.00057624, 0.01534, 0.0049393, 0.0046239, 0.073762, 0.055582, 0.011067, 1.204e-05, 2.3713, 0.066291, 1.6245e-05, 1.0894, 0.060738, 1.1659e-05, 0.51069, 0.91094, 1.1651, 0.29504, 0.057877, -0.068279, -1.9682, 0.24225, 0.0083729, -0.60225, -0.48531, -0.018143, -0.69353, -0.16624, 0.025192, 1.9435, 1.0891, 1.9911, 0.71718, 0.5625, 2.6657, 5.9458, 0.99879, 0.021205, 8.5025, 1.8776, 0.027844, 5.7256, 2.2379, 0.048003, 0.18969, 0.0029319, 0.063045, 0.016466, 0.02353, 0.69068, 5.7873, 0.052887, 1.5216e-05, 7.6599, 0.51593, 0.00019542, 3.8075, 0.53407, 4.8084e-05
131, 4.4984, 0.28084, 0.05792, 0.09349, 0.79167, 0.36102, 0.4759, 0.90508, 1.9385, 0.18205, 0.75003, 3.7828, 2.2093, 0.65909, 0.01921, 1.6395, 0.14229, 0.00244, 2.9959, 1.2145, 0.05735, 1.1633, 0.99143, 1.5822, 0.37128, 0.47067, 1.3473, 1.0138, 0.81173, 0.003158, 5.2525, 0.51916, 0.0045312, 5.2208, 0.49322, 0.053137, 1.0236, 0.96976, 1.4219, 0.3204, 0.4282, 1.0873, 0.83433, 0.71589, 0.00072217, 3.992, 0.24581, 0.0014711, 4.3222, 0.23107, 0.050513, 1.3031, 1.0131, 1.7425, 0.42217, 0.51313, 1.6072, 1.1934, 0.90757, 0.0055939, 6.5129, 0.79251, 0.0075914, 6.1195, 0.75536, 0.055761, 0.0072185, 0.00017365, 0.0094959, 0.00095707, 0.00066642, 0.024971, 0.011911, 0.003395, 2.193e-06, 0.58719, 0.027617, 3.4612e-06, 0.2985, 0.0254, 2.5449e-06, 0.12122, 0.90871, 1.2557, 0.11537, 0.3818, 0.45793, -0.39727, 0.40574, -0.00026482, 1.2653, -0.30855, -0.0077019, 3.9497, -0.6684, 0.046214, 2.2055, 1.0742, 1.9088, 0.6272, 0.55953, 2.2366, 2.425, 1.2177, 0.0065809, 9.2396, 1.3469, 0.016764, 6.492, 1.6548, 0.06006, 0.40141, 0.0025293, 0.039419, 0.024206, 0.0029186, 0.29233, 0.73599, 0.060923, 4.3303e-06, 5.8758, 0.25322, 5.5312e-05, 0.59722, 0.49873, 1.7716e-05
15, 3.0066, 0.27707, 0.08854, 0.0715, 0.4712, 0.35285, 0.52583, 1.0736, 0.77583, 0.32346, 0.49335, 1.1921, 0.77006, 0.705, 0.00048, 5.2501, 0.38993, 0.00443, 2.68, 0.42764, 0.06325, 1.0579, 0.96902, 1.6758, 0.36465, 0.44984, 1.4925, 1.0091, 0.78118, 0.0071135, 6.1897, 0.75163, 0.0019291, 3.8792, 0.39139, 0.047735, 0.90025, 0.94591, 1.4902, 0.30052, 0.381, 1.133, 0.76817, 0.67986, 0.0041709, 4.4333, 0.49548, -0.0017877, 3.0259, 0.046047, 0.043682, 1.2156, 0.99212, 1.8614, 0.42878, 0.51867, 1.8519, 1.25, 0.8825, 0.010056, 7.946, 1.0078, 0.0056459, 4.7324, 0.73673, 0.051787, 0.0091867, 0.00019729, 0.012738, 0.00152, 0.0017513, 0.047757, 0.021453, 0.0037941, 3.2004e-06, 1.1402, 0.024251, 5.106e-06, 0.2691, 0.04408, 6.0709e-06, 0.23218, 0.88591, 1.0947, 0.11258, 0.26306, 0.4915, -2.2361, 0.40215, 0.0035381, 2.0191, -0.15566, -0.014409, 0.45924, -0.79178, 0.037237, 1.8836, 1.0521, 2.2569, 0.61672, 0.63662, 2.4935, 4.2543, 1.1602, 0.010689, 10.36, 1.6589, 0.018267, 7.2991, 1.5746, 0.058233, 0.25201, 0.002553, 0.12481, 0.023485, 0.012894, 0.37034, 3.8924, 0.053101, 4.7251e-06, 6.4288, 0.30426, 9.8664e-05, 4.3229, 0.51741, 4.0735e-05
6, 3, 0.27345, 0.03343, 0.04505, 1.7018, 0.64253, 0.28535, 1.0802, 1.8424, 0.36976, 0.38865, 0.92983, 0.89203, 0.95683, 0.00043, 8.4101, 1.6111, 0.00541, 9.105, 0.59763, 0.05459, 0.95952, 0.98771, 1.4781, 0.29833, 0.47322, 2.5532, 1.8982, 0.76294, 0.0092467, 5.5668, 0.44134, 0.0085622, 3.6515, 0.42986, 0.049109, 0.83525, 0.96256, 1.2774, 0.23621, 0.40062, 2.1135, 1.6656, 0.66495, 0.0059344, 3.9578, 0.16018, 0.0049926, 2.6063, 0.19035, 0.043748, 1.0838, 1.0129, 1.6788, 0.36045, 0.54582, 2.9928, 2.1307, 0.86093, 0.012559, 7.1758, 0.7225, 0.012132, 4.6966, 0.66937, 0.05447, 0.0057075, 0.00023379, 0.014892, 0.0014262, 0.0019481, 0.071446, 0.019991, 0.0035492, 4.0552e-06, 0.95688, 0.029217, 4.7096e-06, 0.40375, 0.021202, 1.0623e-05, 0.23348, 0.90401, 0.7537, 0.052278, 0.038639, 0.03336, -1.3502, 0.57056, 0.0054213, 1.4561, -0.012949, -0.0045385, -0.19074, -0.72685, 0.010279, 1.6855, 1.0714, 2.2025, 0.54438, 0.9078, 5.073, 5.1466, 0.95531, 0.013072, 9.6775, 0.89563, 0.021663, 7.4937, 1.5866, 0.087939, 0.19483, 0.0025895, 0.19396, 0.022377, 0.069805, 2.3468, 3.9002, 0.013679, 5.4085e-06, 6.2455, 0.076279, 6.3436e-05, 5.4564, 0.49454, 0.00055728
104, 4, 0.27284, 0.15335, 0.38003, 1.3889, 0.31767, 1.3748, 0.93121, 1.988, 0.52877, 0.63426, 0.51612, 1.0266, 0.97657, 0.00814, 1.3384, 0.57185, 0.00324, 5.0227, 1.3687, 0.04046, 1.2525, 1.0038, 1.6355, 0.48408, 0.4218, 1.4223, 1.8028, 0.79062, 0.0010675, 2.7537, 0.66331, 0.0095025, 3.0924, 1.0693, 0.055599, 1.101, 0.97321, 1.4507, 0.40013, 0.32653, 1.0584, 1.5522, 0.66574, -0.001915, 0.81713, 0.32983, 0.0048811, 2.1484, 0.77092, 0.049698, 1.404, 1.0344, 1.8204, 0.56802, 0.51707, 1.7861, 2.0534, 0.91551, 0.00405, 4.6903, 0.99679, 0.014124, 4.0364, 1.3676, 0.061499, 0.0084811, 0.00034557, 0.012628, 0.0026046, 0.0033547, 0.04893, 0.023209, 0.0057647, 3.2878e-06, 1.3861, 0.041104, 7.8938e-06, 0.3294, 0.032898, 1.2868e-05, 0.55832, 0.9183, 0.75407, 0.2555, 0.11938, 0.00037943, 0.10488, 0.40243, -0.0023694, -1.4959, -0.14501, -0.013179, -0.47443, -0.10106, 0.027156, 1.9467, 1.0893, 2.517, 0.71265, 0.72422, 2.8441, 3.5007, 1.1788, 0.0045044, 7.0033, 1.4716, 0.032184, 6.6592, 2.2396, 0.084042, 0.17811, 0.0027013, 0.28719, 0.019311, 0.033804, 0.74726, 1.0655, 0.055698, 4.3658e-06, 6.6748, 0.2415, 0.00019015, 4.7023, 0.50623, 0.00029901
30, 1.9912, 0.27023, 0.05807, 0.30689, 1.0526, 0.71435, 1.6918, 1.0025, 1.5077, 0.23838, 0.30685, 8.142, 0.05836, 0.99276, 0.03226, 0.59444, 0.01478, 0.01515, 3.4914, 0.40701, 0.08043, 0.86551, 0.99904, 1.4912, 0.50181, 0.44833, 2.6347, 1.3318, 0.78615, -0.00043758, 2.5548, 0.81832, 0.0080343, 3.8883, 0.94739, 0.047637, 0.74234, 0.96957, 1.2879, 0.41143, 0.36803, 2.2488, 1.0712, 0.65428, -0.0037598, 0.24877, 0.43484, 0.0040595, 2.5715, 0.68033, 0.043835, 0.98868, 1.0285, 1.6945, 0.5922, 0.52863, 3.0207, 1.5924, 0.91801, 0.0028847, 4.8608, 1.2018, 0.012009, 5.205, 1.2144, 0.05144, 0.0056073, 0.00032105, 0.015274, 0.0030193, 0.0023832, 0.055054, 0.025095, 0.0064272, 4.0795e-06, 1.9655, 0.054354, 5.8396e-06, 0.64082, 0.02636, 5.3447e-06, -0.07774, 0.91394, 0.80326, 0.26651, 0.2362, 1.0225, -2.7834, 0.5984, -0.0041735, -1.8754, -0.086129, -0.0065325, 0.90243, -0.21534, 0.036664, 1.8088, 1.0841, 2.1792, 0.73712, 0.66046, 4.247, 5.447, 0.97389, 0.0032984, 6.9849, 1.7228, 0.022601, 6.8741, 2.1101, 0.05861, 0.32885, 0.0026767, 0.17493, 0.020465, 0.016633, 0.96074, 6.2594, 0.013028, 5.1588e-06, 7.2541, 0.30235, 7.8428e-05, 3.2951, 0.4997, 4.4504e-05
111, 4, 0.2671, 0.04197, 0.13674, 2.25, 0.51118, 1.5134, 1.0564, 1.5884, 0.25543, 0.47478, 0.82318, 1.1474, 0.69133, 0.0006, 4.2576, 0.14208, 0.00957, 3.4762, 0.69529, 0.05307, 1.0493, 0.98765, 1.4863, 0.42837, 0.55217, 1.8138, 1.3504, 0.91116, 0.0027883, 3.1371, 0.51001, 0.0066121, 4.1487, 0.9872, 0.050525, 0.94335, 0.96591, 1.2585, 0.37071, 0.49787, 1.369, 1.1754, 0.83089, 4.0579e-06, 1.3989, 0.22053, 0.0036191, 3.3633, 0.72696, 0.046058, 1.1552, 1.0094, 1.7141, 0.48604, 0.60647, 2.2586, 1.5255, 0.99143, 0.0055725, 4.8753, 0.7995, 0.0096052, 4.9342, 1.2474, 0.054992, 0.0041467, 0.00017469, 0.019181, 0.001229, 0.0010896, 0.073127, 0.011325, 0.0023815, 2.8652e-06, 1.1167, 0.030974, 3.3111e-06, 0.22805, 0.025032, 7.3745e-06, 0.69199, 0.90491, 0.79929, 0.18705, 0.2628, -1.7827, -0.33701, 0.58324, -0.00045151, -1.0258, 0.10738, -0.0073786, 1.6499, -0.17398, 0.022915, 1.4066, 1.0704, 2.1733, 0.66969, 0.84154, 5.4104, 3.0379, 1.2391, 0.0060281, 7.3, 0.91265, 0.020603, 6.6476, 2.1484, 0.078135, 0.047182, 0.0025304, 0.17444, 0.021525, 0.030949, 4.7809, 1.0525, 0.039743, 3.8796e-06, 6.4054, 0.05992, 7.2348e-05, 2.3079, 0.49837, 0.00028175
93, 6.0132, 0.26546, 0.04042, 0.0685, 0.93291, 0.325, 0.61725, 1.0542, 1.9677, 0.35764, 0.66747, 1.2401, 0.52901, 0.85289, 0.00097, 9.4284, 0.63557, 0.00368, 7.0911, 0.58669, 0.05815, 1.1769, 0.99401, 1.5494, 0.34229, 0.50214, 1.7127, 1.0059, 0.80458, 0.019148, 5.2107, 0.57817, 0.005633, 3.5267, 0.79173, 0.060646, 0.99915, 0.96571, 1.3649, 0.26939, 0.43309, 1.3969, 0.82534, 0.68143, 0.01452, 3.4488, 0.19792, 0.0011214, 2.472, 0.47123, 0.056553, 1.3547, 1.0223, 1.7338, 0.41519, 0.57119, 2.0285, 1.1865, 0.92774, 0.023776, 6.9725, 0.95843, 0.010145, 4.5814, 1.1122, 0.064738, 0.011682, 0.00029608, 0.012575, 0.0019642, 0.0017623, 0.036859, 0.012051, 0.005606, 7.9165e-06, 1.1473, 0.053444, 7.5231e-06, 0.41115, 0.037965, 6.1897e-06, 0.023631, 0.90931, 1.1332, 0.09717, 0.403, 0.81803, 0.28715, 0.41852, 0.014205, 1.0378, -0.30226, -0.0089103, 0.71402, -0.38443, 0.052419, 2.3302, 1.0787, 1.9655, 0.58741, 0.60128, 2.6074, 1.7247, 1.1906, 0.02409, 9.3835, 1.4586, 0.020176, 6.3393, 1.9679, 0.068872, 0.49162, 0.0026518, 0.064013, 0.022207, 0.0036327, 0.29585, 0.19094, 0.055088, 9.0298e-06, 6.4359, 0.28651, 7.8176e-05, 2.924, 0.5113, 2.5015e-05
24, 1.9912, 0.26268, 0.05645, 0.15009, 1.0526, 0.66684, 0.29321, 0.99178, 1.5849, 0.62031, 0.81081, 1.4757, 0.091, 0.94676, 0.00034, 9.007, 0.68064, 6e-05, 6.4418, 2.8807, 0.04967, 0.84946, 0.98534, 1.4792, 0.43573, 0.39351, 2.9293, 1.489, 0.89917, 0.028753, 3.7957, 0.17299, 0.0064036, 3.8021, 0.46664, 0.051225, 0.72746, 0.96336, 1.2923, 0.37529, 0.32738, 2.542, 1.2321, 0.82464, 0.026791, 2.2403, -0.070585, 0.0033548, 2.8416, 0.22808, 0.047029, 0.97147, 1.0073, 1.6662, 0.49618, 0.45963, 3.3165, 1.7458, 0.97369, 0.030715, 5.3512, 0.41656, 0.0094524, 4.7626, 0.70521, 0.055421, 0.0055019, 0.00017855, 0.012921, 0.0013505, 0.001616, 0.055428, 0.024383, 0.0020527, 1.4229e-06, 0.89426, 0.021928, 3.4356e-06, 0.34097, 0.021036, 6.5072e-06, -0.31446, 0.90253, 0.79828, 0.19515, 0.24549, 1.3185, -2.4998, 0.72121, 0.026224, -0.29425, -0.56601, -0.0084981, 0.95541, -0.68988, 0.040465, 2.0134, 1.0681, 2.1602, 0.67631, 0.54152, 4.54, 5.4777, 1.0771, 0.031281, 7.8857, 0.91198, 0.021305, 6.6488, 1.6232, 0.061985, 0.50072, 0.0025342, 0.17139, 0.021392, 0.0080978, 0.95897, 5.8805, 0.011705, 2.3626e-06, 6.1829, 0.20185, 8.2076e-05, 2.9952, 0.49437, 4.2791e-05
122, 3, 0.26227, 0.1191, 0.70123, 1.3333, 0.44375, 1.3779, 0.98023, 1.9574, 0.71022, 0.45337, 2.2566, 0.61702, 0.62694, 0.00096, 1.0697, 1.1536, 0.0142, 1.5886, 1.8244, 0.09035, 1.3735, 0.97752, 1.6122, 0.43297, 0.28708, 1.2461, 1.9293, 0.65482, 0.014018, 4.7129, 0.7982, 0.0085633, 2.2506, 1.5225, 0.04794, 1.1749, 0.93844, 1.4186, 0.30281, 0.17154, 0.78577, 1.5701, 0.48186, 0.010471, 1.7195, 0.37076, 0.0014628, 0.58587, 1.1119, 0.04268, 1.5721, 1.0166, 1.8057, 0.56313, 0.40263, 1.7064, 2.2884, 0.82779, 0.017564, 7.7062, 1.2256, 0.015664, 3.9154, 1.9331, 0.0532, 0.014577, 0.00056439, 0.013848, 0.0062616, 0.0049347, 0.078316, 0.047674, 0.011057, 4.6489e-06, 3.3117, 0.067529, 1.8634e-05, 1.0243, 0.062319, 1.0226e-05, 0.74661, 0.88863, 0.57838, 0.26801, 0.11525, -0.4027, -0.72911, 0.25019, 0.010182, -0.1109, -0.42467, -0.013309, -2.7302, 0.31867, 0.024095, 2.0003, 1.0664, 2.6459, 0.59793, 0.45892, 2.8949, 4.5877, 1.0595, 0.017854, 9.5366, 2.0211, 0.030435, 7.2314, 2.7264, 0.071786, 0.14523, 0.0029201, 0.395, 0.010058, 0.010913, 1.0048, 2.6121, 0.060517, 5.4388e-06, 8.6004, 0.55273, 0.00017682, 9.1696, 0.53565, 0.00021016
147, 3, 0.26227, 0.1191, 0.70123, 1.3333, 0.44375, 1.0813, 1.0122, 1.4005, 0.72571, 0.47128, 1.6042, 2.1061, 0.92697, 0.00118, 7.4467, 0.18695, 0.00685, 7.1828, 2.494, 0.06369, 1.3735, 0.97752, 1.6122, 0.43297, 0.28708, 1.2461, 1.9293, 0.65482, 0.014018, 4.7129, 0.7982, 0.0085633, 2.2506, 1.5225, 0.04794, 1.1749, 0.93844, 1.4186, 0.30281, 0.17154, 0.78577, 1.5701, 0.48186, 0.010471, 1.7195, 0.37076, 0.0014628, 0.58587, 1.1119, 0.04268, 1.5721, 1.0166, 1.8057, 0.56313, 0.40263, 1.7064, 2.2884, 0.82779, 0.017564, 7.7062, 1.2256, 0.015664, 3.9154, 1.9331, 0.0532, 0.014577, 0.00056439, 0.013848, 0.0062616, 0.0049347, 0.078316, 0.047674, 0.011057, 4.6489e-06, 3.3117, 0.067529, 1.8634e-05, 1.0243, 0.062319, 1.0226e-05, 0.74661, 0.88863, 0.57838, 0.26801, 0.11525, -0.4027, -0.72911, 0.25019, 0.010182, -0.1109, -0.42467, -0.013309, -2.7302, 0.31867, 0.024095, 2.0003, 1.0664, 2.6459, 0.59793, 0.45892, 2.8949, 4.5877, 1.0595, 0.017854, 9.5366, 2.0211, 0.030435, 7.2314, 2.7264, 0.071786, 0.14523, 0.0029201, 0.395, 0.010058, 0.010913, 1.0048, 2.6121, 0.060517, 5.4388e-06, 8.6004, 0.55273, 0.00017682, 9.1696, 0.53565, 0.00021016
52, 4.7, 0.26135, 0.06701, 0.42785, 2.6667, 0.48527, 1.3974, 1.0483, 1.6911, 0.35465, 0.12328, 0.01801, 0.78515, 0.68615, 0.00782, 4.7938, 0.07053, 0.01432, 1.646, 2.1993, 0.07582, 1.2735, 0.99955, 1.3932, 0.59157, 0.45251, 1.5739, 1.3027, 0.66552, 0.014593, 4.975, 1.0152, 0.011216, 2.9365, 1.9796, 0.057876, 1.1523, 0.9668, 1.1385, 0.51292, 0.36461, 1.0264, 1.0885, 0.52602, 0.0104, 2.5723, 0.6439, 0.0067981, 1.8519, 1.5886, 0.052344, 1.3948, 1.0323, 1.648, 0.67022, 0.54042, 2.1214, 1.5169, 0.80503, 0.018786, 7.3777, 1.3865, 0.015633, 4.0211, 2.3705, 0.063409, 0.0054329, 0.00039657, 0.02399, 0.0022863, 0.002856, 0.11079, 0.016956, 0.0071933, 6.4975e-06, 2.1338, 0.050959, 7.2127e-06, 0.43477, 0.05649, 1.1314e-05, 0.82652, 0.91326, 0.69057, 0.36353, 0.20137, -2.81, 0.2875, 0.29379, 0.010117, 0.49376, 0.50562, -0.0047783, 0.15016, 0.78232, 0.033378, 1.7206, 1.0858, 2.0959, 0.81961, 0.70366, 5.9578, 2.3179, 1.0373, 0.019069, 9.4563, 1.5248, 0.02721, 5.7229, 3.1769, 0.082374, 0.073857, 0.0027523, 0.1825, 0.019221, 0.023313, 7.1034, 0.38092, 0.051075, 7.4046e-06, 7.4224, 0.095982, 9.4549e-05, 2.8696, 0.52982, 0.00022182
75, 4.7, 0.26135, 0.13402, 0.19952, 1.3333, 0.26562, 1.4242, 0.97031, 1.9281, 0.55257, 0.62716, 1.6537, 0.50733, 0.87132, 0.00195, 5.9565, 0.8309, 0.0031, 3.9174, 0.4819, 0.03888, 1.177, 0.98241, 1.6211, 0.47812, 0.50783, 1.5725, 1.408, 0.86289, 0.002178, 4.2468, 0.64545, 0.0071276, 4.1938, 0.89039, 0.060242, 1.0215, 0.95448, 1.4298, 0.40711, 0.42806, 1.2217, 1.1837, 0.74745, -0.0010544, 2.5432, 0.36423, 0.0027476, 3.1143, 0.59061, 0.054495, 1.3325, 1.0103, 1.8123, 0.54913, 0.58761, 1.9233, 1.6323, 0.97833, 0.0054105, 5.9504, 0.92668, 0.011508, 5.2734, 1.1902, 0.065988, 0.0089381, 0.00028841, 0.013521, 0.0018638, 0.0023524, 0.045489, 0.018593, 0.0049258, 3.8619e-06, 1.0727, 0.029232, 7.0906e-06, 0.43077, 0.033216, 1.2204e-05, 0.20427, 0.89783, 0.7097, 0.23882, 0.086005, 0.34943, 0.33165, 0.5036, -0.0014015, 0.098183, -0.067567, -0.014108, 2.6574, -0.28029, 0.036215, 2.1498, 1.067, 2.5324, 0.71743, 0.92967, 2.7956, 2.4843, 1.2222, 0.0057576, 8.3954, 1.3585, 0.028363, 5.7303, 2.0611, 0.084268, 0.34974, 0.0026441, 0.307, 0.021166, 0.065769, 0.55289, 0.42819, 0.047713, 4.736e-06, 6.3613, 0.18791, 0.00016667, 0.87253, 0.50655, 0.00021337
112, 4.7, 0.26135, 0.13402, 0.42785, 1.3333, 0.30527, 1.8152, 1.0107, 1.8913, 0.61122, 0.74595, 1.7567, 0.19426, 0.93875, 0.00023, 6.6471, 1.5952, 0.0087, 2.7057, 0.59524, 0.06034, 1.2723, 0.99292, 1.6375, 0.58635, 0.41729, 1.5589, 1.9152, 0.69299, 0.0042744, 5.0567, 0.49378, 0.010724, 3.1253, 1.3376, 0.062153, 1.1219, 0.96121, 1.4496, 0.51253, 0.32505, 1.2029, 1.7004, 0.55502, 0.0016943, 3.239, 0.20311, 0.0061451, 1.7526, 1.0574, 0.056368, 1.4228, 1.0246, 1.8254, 0.66018, 0.50952, 1.9149, 2.1299, 0.83095, 0.0068544, 6.8745, 0.78445, 0.015304, 4.498, 1.6179, 0.067938, 0.0083632, 0.00037165, 0.013052, 0.0020142, 0.0031443, 0.046839, 0.017047, 0.0070352, 2.4603e-06, 1.2213, 0.031228, 7.7505e-06, 0.69648, 0.029033, 1.2369e-05, 0.57885, 0.90702, 0.69326, 0.35998, 0.12083, 0.3371, 0.87343, 0.30262, 0.0012871, 0.85998, -0.44936, -0.010624, 1.3674, 0.17179, 0.037859, 1.9658, 1.0788, 2.5817, 0.81273, 0.71375, 2.7807, 2.9569, 1.0834, 0.0072616, 9.2535, 1.4369, 0.032073, 4.8832, 2.5035, 0.086448, 0.17776, 0.0027273, 0.32954, 0.018941, 0.032484, 0.55178, 0.40112, 0.056324, 3.2983e-06, 6.5099, 0.32878, 0.00016845, 1.1422, 0.50237, 0.00021816
33, 4, 0.25756, 0.09774, 0.21, 1.5, 0.38708, 0.80888, 0.96822, 1.9965, 0.35204, 0.52437, 0.40713, 1.5386, 0.85234, 0.00013, 0.85966, 1.2515, 0.00198, 3.1628, 1.1869, 0.04649, 1.1449, 0.98675, 1.597, 0.54788, 0.52783, 1.4621, 1.104, 0.89244, 0.0049459, 4.3069, 0.49073, 0.007409, 4.1131, 0.88999, 0.053654, 1.04, 0.96436, 1.4235, 0.49382, 0.46788, 1.2014, 0.93086, 0.79762, 0.0024132, 3.0312, 0.23375, 0.0047366, 3.3818, 0.69592, 0.050212, 1.2498, 1.0091, 1.7705, 0.60194, 0.58777, 1.7227, 1.2771, 0.98727, 0.0074786, 5.5827, 0.7477, 0.010081, 4.8444, 1.0841, 0.057095, 0.0040706, 0.00018522, 0.011126, 0.0010801, 0.0013282, 0.025111, 0.011075, 0.0033234, 2.3708e-06, 0.60155, 0.024408, 2.6397e-06, 0.19767, 0.01392, 4.3772e-06, 0.3846, 0.90384, 0.8769, 0.31155, 0.040498, -0.11083, -0.44537, 0.48713, 0.0019706, 0.3149, -0.15522, -0.010616, 0.87947, -0.25818, 0.019399, 1.9052, 1.0697, 2.3171, 0.78421, 1.0152, 3.035, 2.6533, 1.2978, 0.0079212, 8.2989, 1.1367, 0.025434, 7.3467, 2.0382, 0.087908, 0.21366, 0.0025409, 0.19165, 0.020644, 0.087779, 0.91442, 0.88723, 0.06072, 3.272e-06, 5.8902, 0.15422, 0.00012009, 3.8648, 0.48726, 0.00043369
119, 3.2222, 0.25172, 0.01064, 0.28366, 8.0211, 1.102, 0.91395, 0.95172, 1.4745, 0.8379, 0.44171, 0.16887, 0.92549, 0.57554, 0.03074, 0.26259, 0.46662, 0.00478, 1.3805, 2.8794, 0.03739, 0.77166, 1.0193, 1.3354, 0.39673, 0.33576, 3.2948, 3.1013, 0.73707, 0.018439, 3.3334, 0.82048, 0.020682, 3.8272, 3.0627, 0.054946, 0.50392, 0.97714, 1.0314, 0.26211, 0.19378, 1.9623, 2.3916, 0.53455, 0.0099603, 0.27515, 0.41015, 0.0098824, 1.8332, 2.0991, 0.045491, 1.0394, 1.0615, 1.6394, 0.53135, 0.47773, 4.6272, 3.811, 0.93959, 0.026917, 6.3917, 1.2308, 0.031481, 5.8211, 4.0263, 0.064401, 0.026495, 0.00065842, 0.034154, 0.0066987, 0.0074501, 0.65622, 0.18616, 0.015159, 2.6569e-05, 3.4569, 0.06223, 4.3105e-05, 1.4695, 0.34317, 3.3044e-05, 0.071794, 0.92904, 0.61283, 0.12986, 0.060291, 0.71846, 0.97916, 0.49132, 0.0096093, -1.5309, 0.22182, 0.0033776, 0.53835, 1.5764, 0.031641, 1.4715, 1.1096, 2.0579, 0.6636, 0.61122, 5.8711, 5.2235, 0.98281, 0.027268, 8.1977, 1.4191, 0.037986, 7.116, 4.549, 0.078251, 0.18104, 0.0030141, 0.19297, 0.026323, 0.028047, 2.4532, 1.6646, 0.022321, 2.8814e-05, 8.7456, 0.13247, 0.00011067, 3.9979, 0.81651, 0.00020074
45, 2, 0.24957, 0.03159, 0.10379, 1.5812, 0.78562, 1.9585, 0.9244, 1.6634, 0.60923, 0.92891, 8.9561, 0.67197, 0.99565, 0.04855, 0.51706, 0.01145, 0.00671, 3.5864, 0.28377, 0.07619, 0.74519, 1.0042, 1.3769, 0.35194, 0.44674, 3.3029, 2.0419, 0.87982, 0.0048165, 4.1757, 0.61346, 0.010421, 4.2819, 0.51331, 0.05484, 0.61844, 0.97968, 1.1589, 0.28789, 0.37367, 2.8207, 1.7671, 0.79954, 0.0012012, 2.6105, 0.33961, 0.006698, 3.1637, 0.25921, 0.049723, 0.87194, 1.0287, 1.5949, 0.41599, 0.51981, 3.7852, 2.3168, 0.96009, 0.0084319, 5.7409, 0.88732, 0.014144, 5.4002, 0.7674, 0.059956, 0.0059379, 0.00022192, 0.017569, 0.0015163, 0.0019733, 0.085947, 0.027922, 0.0023817, 4.8311e-06, 0.90547, 0.02772, 5.1225e-06, 0.46219, 0.023864, 9.6751e-06, -0.047924, 0.92067, 0.6248, 0.10449, 0.030566, 0.62982, -1.6284, 0.74171, 0.00071178, 0.081994, 0.073309, -0.0032307, 1.3202, -0.64652, 0.023132, 1.5383, 1.0877, 2.1289, 0.5994, 0.86291, 5.9761, 5.7122, 1.0179, 0.0089212, 8.2694, 1.1536, 0.024072, 7.2437, 1.6731, 0.086547, 0.2325, 0.0025776, 0.20906, 0.022632, 0.064016, 2.6411, 4.9792, 0.0070492, 6.2275e-06, 6.1941, 0.10784, 6.8882e-05, 3.2421, 0.4972, 0.0003716
96, 3, 0.24453, 0.05395, 0.11871, 1.5151, 0.59776, 0.55993, 0.90153, 1.752, 0.16836, 0.42723, 7.2512, 6.4201, 0.49806, 0.02915, 0.45405, 0.26621, 0.00774, 4.9483, 0.69782, 0.04736, 0.9507, 1, 1.4468, 0.41326, 0.5241, 2.0897, 1.458, 0.92568, -0.0045083, 4.1994, 0.4646, 0.0060884, 4.2967, 0.61072, 0.047697, 0.85173, 0.97955, 1.2722, 0.36542, 0.47185, 1.7449, 1.2718, 0.862, -0.0069199, 3.0501, 0.25058, 0.0037619, 3.4272, 0.43739, 0.043712, 1.0497, 1.0205, 1.6215, 0.4611, 0.57634, 2.4345, 1.6442, 0.98935, -0.0020968, 5.3486, 0.67861, 0.0084149, 5.1663, 0.78404, 0.051682, 0.0036202, 0.00015527, 0.01127, 0.00084582, 0.0010088, 0.043937, 0.012813, 0.0014987, 2.1496e-06, 0.48815, 0.016929, 2.0005e-06, 0.27948, 0.011104, 5.8693e-06, 0.087847, 0.91763, 0.67169, 0.16372, 0.02929, 0.075478, -1.0928, 0.70366, -0.0077451, 0.24598, -0.11502, -0.006545, 0.013749, -0.53413, 0.015678, 1.8136, 1.0825, 2.222, 0.6628, 1.0189, 4.1039, 4.0087, 1.1477, -0.0012716, 8.1528, 1.0442, 0.018722, 8.5797, 1.7556, 0.079715, 0.27518, 0.002511, 0.22209, 0.023015, 0.090493, 1.4996, 2.4048, 0.018218, 3.8722e-06, 5.7768, 0.12417, 5.8991e-05, 6.7801, 0.48444, 0.00037892
62, 5.999, 0.24413, 0.00896, 0.18697, 3.3073, 0.6461, 1.6405, 1.0647, 0.74788, 0.84333, 0.45908, 0.83329, 0.82683, 0.94894, 0.00019, 2.4192, 0.46328, 0.00392, 3.3546, 2.2644, 0.04487, 1.1057, 1.0057, 1.3847, 0.4892, 0.57695, 1.8923, 1.8351, 0.78646, 0.026534, 3.0933, 0.70728, 0.013907, 4.2003, 2.0384, 0.056376, 0.91859, 0.97322, 1.0996, 0.39406, 0.46877, 1.0025, 1.6032, 0.64924, 0.021034, 0.40767, 0.32434, 0.007965, 2.8819, 1.4686, 0.047134, 1.2928, 1.0382, 1.6699, 0.58435, 0.68512, 2.782, 2.0671, 0.92368, 0.032034, 5.779, 1.0902, 0.019849, 5.5186, 2.6082, 0.065618, 0.012939, 0.00039071, 0.030051, 0.0033461, 0.0043251, 0.29262, 0.019887, 0.0069595, 1.1182e-05, 2.6659, 0.054202, 1.3051e-05, 0.6424, 0.12, 3.157e-05, 0.57728, 0.91953, 0.67634, 0.22741, 0.37764, -3.0394, 1.2162, 0.58388, 0.020537, -1.5458, 0.27159, -0.00026851, 1.2717, 0.77138, 0.025301, 1.6341, 1.0919, 2.0931, 0.751, 0.77626, 6.8239, 2.4541, 0.98904, 0.03253, 7.7324, 1.143, 0.028083, 7.1289, 3.3054, 0.087451, 0.1032, 0.0027464, 0.18547, 0.025331, 0.014682, 8.9895, 0.14159, 0.015168, 1.3291e-05, 7.9545, 0.070164, 7.4274e-05, 3.17, 0.59334, 0.00035692
151, 2, 0.24182, 0.10498, 0.73674, 0.57292, 0.43928, 1.5253, 0.95429, 1.9126, 0.3431, 0.13513, 1.3854, 4.2915, 0.76975, 0.01706, 5.0432, 1.9812, 0.00925, 1.81, 0.35819, 0.04515, 1.2099, 0.98767, 1.3838, 0.63615, 0.41695, 1.4793, 1.3712, 0.67731, -0.0017464, 4.3077, 0.75308, 0.0099085, 3.1644, 1.7652, 0.048901, 0.9757, 0.94589, 1.1532, 0.50647, 0.29559, 0.8691, 0.93213, 0.49222, -0.0060269, 1.1782, 0.32938, 0.00061789, 1.1487, 1.1347, 0.04205, 1.444, 1.0294, 1.6144, 0.76583, 0.53831, 2.0894, 1.8102, 0.86239, 0.0025341, 7.4373, 1.1768, 0.019199, 5.1801, 2.3957, 0.055751, 0.020267, 0.000645, 0.019658, 0.0062158, 0.0054436, 0.1376, 0.071251, 0.012662, 6.7722e-06, 3.62, 0.066353, 3.1903e-05, 1.5018, 0.14695, 1.7347e-05, 0.50672, 0.89756, 0.85149, 0.4391, 0.15981, 0.17444, -1.7637, 0.28685, -0.0066017, -0.60172, -0.8939, -0.0065478, -0.16318, 0.46973, 0.037645, 1.913, 1.0778, 1.9162, 0.8332, 0.67409, 2.7841, 4.5061, 1.0678, 0.0031089, 9.2172, 2.4001, 0.026365, 6.492, 3.0606, 0.060156, 0.18274, 0.0030007, 0.10474, 0.014351, 0.024439, 0.62928, 3.6325, 0.05635, 8.7133e-06, 8.9086, 1.0026, 0.00010009, 4.0926, 0.62028, 4.6826e-05
51, 2, 0.23842, 0.10557, 0.19966, 0.91398, 0.62467, 0.23749, 0.9285, 1.9162, 0.62473, 0.30155, 2.945, 0.80283, 0.7992, 0.00016, 7.1011, 0.13177, 0.00029, 2.8981, 1.9696, 0.04316, 0.86553, 0.98906, 1.299, 0.53814, 0.48213, 2.4047, 1.2994, 0.87225, 0.0011593, 4.7015, 0.39424, 0.0055398, 4.6816, 0.68672, 0.041051, 0.73608, 0.96478, 1.1093, 0.48301, 0.41894, 2.0403, 1.0378, 0.77794, -0.0022514, 3.2184, 0.054545, 0.0021991, 3.635, 0.43488, 0.037278, 0.99498, 1.0133, 1.4887, 0.59327, 0.54533, 2.7692, 1.561, 0.96657, 0.00457, 6.1846, 0.73394, 0.0088804, 5.7282, 0.93857, 0.044824, 0.0061937, 0.00021784, 0.013306, 0.0011233, 0.0014761, 0.049093, 0.025302, 0.0032879, 4.2997e-06, 0.81297, 0.042651, 4.1248e-06, 0.40485, 0.023443, 5.2616e-06, -0.19629, 0.90562, 0.77507, 0.27802, 0.23781, 0.97094, -1.9941, 0.65446, -0.0031383, 0.63849, -0.57607, -0.0072855, 1.8141, -0.47261, 0.031579, 1.9274, 1.0725, 1.8229, 0.79826, 0.72645, 3.8385, 4.5929, 1.09, 0.0054569, 8.7645, 1.3646, 0.018365, 7.549, 1.8461, 0.050523, 0.41672, 0.0025735, 0.10146, 0.02501, 0.022063, 0.75984, 4.0092, 0.017532, 6.8266e-06, 6.1016, 0.34799, 6.0797e-05, 3.0391, 0.49678, 3.3161e-05
173, 2, 0.23842, 0.10557, 0.09973, 0.91398, 0.55989, 0.95446, 0.97593, 0.536, 0.4464, 0.3831, 1.0751, 0.9754, 0.77616, 0.00024, 8.8799, 0.14642, 0.00343, 5.7354, 0.24015, 0.03407, 0.86458, 0.98329, 1.5255, 0.38826, 0.42801, 2.3069, 1.2801, 0.86832, 0.0013676, 5.3466, 0.67828, 0.0029851, 4.3441, 0.55504, 0.042798, 0.71571, 0.9571, 1.3399, 0.32453, 0.35316, 1.9271, 0.99981, 0.78113, -0.0015109, 3.8217, 0.4123, -0.00032998, 3.2396, 0.28137, 0.039169, 1.0135, 1.0095, 1.7111, 0.452, 0.50286, 2.6867, 1.5604, 0.95551, 0.0042461, 6.8715, 0.94426, 0.0063001, 5.4485, 0.8287, 0.046428, 0.0081916, 0.00025346, 0.012735, 0.0015014, 0.0020708, 0.053322, 0.029036, 0.0028099, 3.0625e-06, 0.85948, 0.026149, 4.0619e-06, 0.45089, 0.027681, 4.8688e-06, -0.26556, 0.89927, 1.0399, 0.12693, 0.20508, 0.87221, -2.0414, 0.59435, -0.002531, 1.2681, -0.16974, -0.0098236, 1.455, -0.60923, 0.033692, 1.9947, 1.0673, 2.0111, 0.6496, 0.65095, 3.7416, 4.6016, 1.1423, 0.0052662, 9.4251, 1.5263, 0.015794, 7.2331, 1.7193, 0.051905, 0.47207, 0.0026092, 0.087163, 0.025243, 0.01837, 0.7608, 4.0778, 0.027743, 5.6177e-06, 6.1481, 0.2658, 6.0639e-05, 3.085, 0.50102, 3.0653e-05
152, 4, 0.23445, 0.11054, 0.22306, 1.95, 0.34281, 1.9712, 0.95122, 1.9752, 0.45769, 0.47944, 0.95186, 1.1925, 0.80103, 0.01336, 2.494, 0.19204, 0.00991, 6.6832, 0.56914, 0.05217, 1.0293, 0.99366, 1.4926, 0.55976, 0.50323, 1.4053, 1.108, 0.81005, -0.0014235, 3.3214, 0.73158, 0.0079673, 4.1411, 1.1484, 0.054094, 0.9058, 0.96928, 1.2758, 0.49778, 0.4335, 1.0316, 0.9107, 0.70545, -0.0046501, 1.6639, 0.42786, 0.0045968, 3.0957, 0.84921, 0.049937, 1.1528, 1.018, 1.7093, 0.62174, 0.57296, 1.779, 1.3053, 0.91464, 0.0018031, 4.979, 1.0353, 0.011338, 5.1866, 1.4475, 0.058252, 0.0056358, 0.00021954, 0.017365, 0.00142, 0.0017972, 0.05161, 0.014387, 0.0040433, 3.848e-06, 1.0155, 0.034095, 4.1989e-06, 0.40396, 0.033079, 6.3896e-06, 0.66342, 0.91019, 0.81288, 0.29055, 0.18942, -1.1167, -0.14462, 0.41613, -0.0058075, -0.80849, 0.16375, -0.0038948, 1.4844, -0.022152, 0.012573, 1.3951, 1.0771, 2.1723, 0.82896, 0.81704, 3.9273, 2.3606, 1.204, 0.0029605, 7.4513, 1.2994, 0.019829, 6.7979, 2.3189, 0.095616, 0.049474, 0.0025752, 0.17076, 0.026786, 0.036399, 2.3509, 0.57993, 0.057352, 7.1036e-06, 6.3041, 0.11917, 5.2008e-05, 2.6088, 0.50641, 0.00063722
136, 3.0049, 0.23427, 0.07638, 0.14319, 1.3544, 0.52635, 0.86369, 1.0113, 0.82924, 0.56093, 0.37132, 1.355, 0.77987, 0.53788, 0.01138, 1.6615, 0.46132, 0.02274, 7.6879, 0.19781, 0.0485, 0.97189, 0.99, 1.4414, 0.44306, 0.52068, 1.9197, 1.2442, 0.86846, 0.0098334, 4.6837, 0.37863, 0.0042956, 4.6414, 0.67197, 0.046159, 0.87325, 0.96973, 1.2796, 0.39184, 0.47234, 1.6347, 1.066, 0.79776, 0.0076139, 3.3795, 0.13625, 0.0021844, 3.7519, 0.51041, 0.042857, 1.0705, 1.0103, 1.6031, 0.49427, 0.56902, 2.2047, 1.4223, 0.93916, 0.012053, 5.988, 0.62101, 0.0064067, 5.5309, 0.83353, 0.049461, 0.003596, 0.00015192, 0.0096716, 0.00096952, 0.00086374, 0.03002, 0.011733, 0.0018474, 1.8209e-06, 0.62873, 0.021713, 1.6473e-06, 0.29246, 0.0096473, 4.0291e-06, -0.063489, 0.90763, 0.43012, 0.17331, 0.072724, 0.24533, -1.0568, 0.56076, 0.0060961, 0.68252, -0.33543, -0.005779, -0.028219, -0.47115, 0.024147, 2.0073, 1.0724, 2.4526, 0.71281, 0.96863, 3.5941, 3.5451, 1.1762, 0.013571, 8.6849, 1.0927, 0.01437, 9.311, 1.8151, 0.068171, 0.39622, 0.0025076, 0.37797, 0.026895, 0.074167, 1.0362, 1.9569, 0.034995, 5.1625e-06, 5.9173, 0.18846, 3.7514e-05, 8.0595, 0.48298, 0.00017908
32, 2, 0.23185, 0.04692, 0.14297, 1.5151, 0.80426, 0.93097, 1.0446, 1.1509, 0.15038, 0.11253, 3.9546, 2.4829, 0.99683, 0.00197, 1.0517, 0.05563, 0.01107, 3.6278, 0.19128, 0.05302, 0.75049, 0.99298, 1.351, 0.45609, 0.50136, 3.4901, 1.9087, 0.80029, 0.047911, 3.7453, 0.38392, 0.009479, 4.8021, 0.64147, 0.054513, 0.63335, 0.96978, 1.1265, 0.3914, 0.43444, 3.0323, 1.6508, 0.71446, 0.043858, 2.166, 0.09442, 0.0056628, 3.6463, 0.41639, 0.050402, 0.86763, 1.0162, 1.5755, 0.52078, 0.56828, 3.948, 2.1667, 0.88612, 0.051963, 5.3246, 0.67343, 0.013295, 5.9579, 0.86655, 0.058623, 0.0050717, 0.00019898, 0.018627, 0.0015468, 0.0016553, 0.077472, 0.024591, 0.0027227, 6.0697e-06, 0.92186, 0.030978, 5.3828e-06, 0.49376, 0.018725, 6.2465e-06, -0.074424, 0.90984, 0.57908, 0.17779, 0.039736, 1.0107, -1.285, 0.66038, 0.042666, -0.3538, -0.25701, -0.00067942, 1.8332, -0.51235, 0.025548, 1.5754, 1.0761, 2.1229, 0.7344, 0.96298, 5.9696, 5.1025, 0.9402, 0.053155, 7.8444, 1.0249, 0.019638, 7.771, 1.7953, 0.083477, 0.25152, 0.0025547, 0.22022, 0.028628, 0.078762, 2.2723, 3.7701, 0.0072353, 1.0165e-05, 6.2105, 0.15184, 3.8142e-05, 3.2579, 0.49206, 0.00031008
100, 4, 0.22752, 0.02783, 0.5276, 1.75, 0.66824, 1.4755, 1.0446, 1.0799, 0.35622, 0.10681, 1.5015, 0.23729, 0.29876, 0.01249, 1.4912, 0.39396, 0.01268, 1.6221, 2.9859, 0.0571, 1.228, 0.98007, 1.4054, 0.56117, 0.31932, 1.9345, 1.2822, 0.66017, 0.01923, 3.929, 0.64518, 0.0074091, 2.7295, 1.7774, 0.052152, 1.0679, 0.94148, 1.188, 0.4482, 0.21721, 1.3234, 1.0371, 0.50619, 0.013327, 1.4444, 0.25266, 0.0012492, 0.98459, 1.3896, 0.04522, 1.388, 1.0187, 1.6228, 0.67415, 0.42143, 2.5455, 1.5272, 0.81416, 0.025133, 6.4136, 1.0377, 0.013569, 4.4744, 2.1652, 0.059084, 0.0094711, 0.00055058, 0.017467, 0.0047175, 0.0038537, 0.13801, 0.022199, 0.0087641, 1.2879e-05, 2.2817, 0.056946, 1.4025e-05, 1.1253, 0.055593, 1.7761e-05, 0.75449, 0.8914, 0.65785, 0.31865, 0.041858, -0.22206, 0.15096, 0.45707, 0.012217, -0.59667, -0.35054, -0.0038685, -0.42674, 0.58115, 0.01389, 1.7014, 1.0687, 2.153, 0.80369, 0.59678, 4.091, 2.4134, 0.86327, 0.026243, 8.4547, 1.6409, 0.018687, 5.8857, 2.9737, 0.090415, 0.082857, 0.0029063, 0.20655, 0.021739, 0.028455, 1.719, 0.47297, 0.015247, 1.8177e-05, 7.5703, 0.36646, 4.7009e-05, 3.682, 0.52893, 0.00054113
83, 3, 0.21736, 0.06894, 0.10552, 1.5151, 0.47661, 0.55042, 0.99978, 1.6919, 0.54468, 0.60361, 3.3233, 2.6952, 0.57219, 0.00115, 0.44286, 0.86658, 0.00063, 3.335, 2.1284, 0.04175, 0.98025, 0.99825, 1.3532, 0.40721, 0.48011, 1.8217, 1.1633, 0.82241, 0.014872, 5.0443, 0.70733, 0.0046539, 5.8866, 0.6072, 0.047133, 0.87035, 0.97598, 1.1832, 0.36317, 0.42769, 1.508, 0.99153, 0.73161, 0.011967, 3.8825, 0.45414, 0.0024581, 4.8033, 0.42242, 0.043558, 1.0901, 1.0205, 1.5232, 0.45125, 0.53254, 2.1355, 1.3351, 0.91321, 0.017778, 6.2061, 0.96051, 0.0068496, 6.9699, 0.79197, 0.050708, 0.0044636, 0.00018339, 0.01068, 0.00071686, 0.0010158, 0.036388, 0.010909, 0.0030475, 3.1201e-06, 0.49892, 0.023693, 1.782e-06, 0.43375, 0.012619, 4.7233e-06, 0.096089, 0.91537, 0.61842, 0.093075, -0.060259, -0.1537, -0.7965, 0.46358, 0.0089607, 1.0872, 0.033469, -0.0013525, 1.5461, -0.53944, 0.013238, 1.8644, 1.0811, 2.0879, 0.72135, 1.0205, 3.7971, 3.1232, 1.1812, 0.020784, 9.0014, 1.3812, 0.01066, 10.227, 1.7538, 0.081027, 0.28894, 0.0025391, 0.19954, 0.036474, 0.10793, 1.4423, 1.4197, 0.047591, 1.2917e-05, 5.7875, 0.16783, 1.3335e-05, 6.9635, 0.48595, 0.00042463
88, 3, 0.21736, 0.06894, 0.10552, 1.5151, 0.47661, 0.42981, 1.0497, 0.73885, 0.43479, 0.3397, 1.599, 0.76761, 0.77635, 1e-05, 8.3476, 1.4587, 0.00181, 6.8057, 0.73764, 0.06878, 0.98025, 0.99825, 1.3532, 0.40721, 0.48011, 1.8217, 1.1633, 0.82241, 0.014872, 5.0443, 0.70733, 0.0046539, 5.8866, 0.6072, 0.047133, 0.87035, 0.97598, 1.1832, 0.36317, 0.42769, 1.508, 0.99153, 0.73161, 0.011967, 3.8825, 0.45414, 0.0024581, 4.8033, 0.42242, 0.043558, 1.0901, 1.0205, 1.5232, 0.45125, 0.53254, 2.1355, 1.3351, 0.91321, 0.017778, 6.2061, 0.96051, 0.0068496, 6.9699, 0.79197, 0.050708, 0.0044636, 0.00018339, 0.01068, 0.00071686, 0.0010158, 0.036388, 0.010909, 0.0030475, 3.1201e-06, 0.49892, 0.023693, 1.782e-06, 0.43375, 0.012619, 4.7233e-06, 0.096089, 0.91537, 0.61842, 0.093075, -0.060259, -0.1537, -0.7965, 0.46358, 0.0089607, 1.0872, 0.033469, -0.0013525, 1.5461, -0.53944, 0.013238, 1.8644, 1.0811, 2.0879, 0.72135, 1.0205, 3.7971, 3.1232, 1.1812, 0.020784, 9.0014, 1.3812, 0.01066, 10.227, 1.7538, 0.081027, 0.28894, 0.0025391, 0.19954, 0.036474, 0.10793, 1.4423, 1.4197, 0.047591, 1.2917e-05, 5.7875, 0.16783, 1.3335e-05, 6.9635, 0.48595, 0.00042463
123, 3, 0.21736, 0.06894, 0.10552, 1.5151, 0.47661, 0.74171, 0.94301, 1.3895, 0.55727, 0.71059, 0.38427, 0.76941, 0.96923, 0.00379, 0.66814, 1.0175, 0.00081, 5.0321, 0.81487, 0.04569, 0.98025, 0.99825, 1.3532, 0.40721, 0.48011, 1.8217, 1.1633, 0.82241, 0.014872, 5.0443, 0.70733, 0.0046539, 5.8866, 0.6072, 0.047133, 0.87035, 0.97598, 1.1832, 0.36317, 0.42769, 1.508, 0.99153, 0.73161, 0.011967, 3.8825, 0.45414, 0.0024581, 4.8033, 0.42242, 0.043558, 1.0901, 1.0205, 1.5232, 0.45125, 0.53254, 2.1355, 1.3351, 0.91321, 0.017778, 6.2061, 0.96051, 0.0068496, 6.9699, 0.79197, 0.050708, 0.0044636, 0.00018339, 0.01068, 0.00071686, 0.0010158, 0.036388, 0.010909, 0.0030475, 3.1201e-06, 0.49892, 0.023693, 1.782e-06, 0.43375, 0.012619, 4.7233e-06, 0.096089, 0.91537, 0.61842, 0.093075, -0.060259, -0.1537, -0.7965, 0.46358, 0.0089607, 1.0872, 0.033469, -0.0013525, 1.5461, -0.53944, 0.013238, 1.8644, 1.0811, 2.0879, 0.72135, 1.0205, 3.7971, 3.1232, 1.1812, 0.020784, 9.0014, 1.3812, 0.01066, 10.227, 1.7538, 0.081027, 0.28894, 0.0025391, 0.19954, 0.036474, 0.10793, 1.4423, 1.4197, 0.047591, 1.2917e-05, 5.7875, 0.16783, 1.3335e-05, 6.9635, 0.48595, 0.00042463
12, 3.0022, 0.21681, 0.10674, 0.2059, 1.3386, 0.41882, 0.51079, 1.051, 1.1433, 0.6005, 0.60417, 1.4706, 0.27334, 0.83835, 0.00137, 6.5248, 0.01345, 0.00616, 6.678, 0.69303, 0.05306, 1.0259, 0.98619, 1.3589, 0.55225, 0.49411, 1.4922, 1.0297, 0.72616, 0.010841, 3.6863, 0.48109, 0.0062672, 5.3888, 0.83992, 0.045922, 0.91246, 0.96227, 1.1929, 0.50256, 0.43478, 1.2312, 0.84656, 0.62667, 0.0075512, 2.475, 0.17694, 0.0035227, 4.2985, 0.65038, 0.042851, 1.1394, 1.0101, 1.5249, 0.60193, 0.55345, 1.7533, 1.2129, 0.82565, 0.01413, 4.8976, 0.78524, 0.0090117, 6.479, 1.0295, 0.048992, 0.0047583, 0.00021144, 0.010182, 0.00091246, 0.0013013, 0.025186, 0.0124, 0.0036586, 3.9996e-06, 0.54233, 0.034192, 2.784e-06, 0.43933, 0.013278, 3.4845e-06, 0.07247, 0.90285, 0.33117, 0.2301, 0.009036, -0.1231, -0.87892, 0.34247, 0.0046553, -0.28558, -0.38807, -0.00096899, 0.62596, -0.3075, 0.023312, 1.9794, 1.0695, 2.3867, 0.87439, 0.97919, 3.1076, 2.9384, 1.1098, 0.017026, 7.6582, 1.3502, 0.013503, 10.152, 1.9873, 0.068532, 0.336, 0.0025671, 0.39041, 0.038356, 0.08697, 0.96444, 1.3465, 0.054412, 1.4141e-05, 5.8309, 0.27922, 1.9354e-05, 8.3844, 0.48661, 0.00018895
165, 3.0022, 0.21409, 0.08002, 0.31039, 1.7895, 0.54525, 0.83329, 1.0493, 1.0514, 0.73559, 0.56109, 1.5731, 0.37948, 0.71591, 0.00223, 2.685, 0.64228, 0.01835, 8.2866, 0.72567, 0.04278, 1.0319, 0.99103, 1.3945, 0.47523, 0.477, 1.8917, 1.1463, 0.65342, 0.013833, 2.2135, 0.55424, 0.0074976, 3.678, 1.2301, 0.046716, 0.93451, 0.96552, 1.2091, 0.39851, 0.41005, 1.5545, 0.98464, 0.5422, 0.010262, 0.48799, 0.20157, 0.0045085, 2.4015, 1.0252, 0.043075, 1.1294, 1.0165, 1.5798, 0.55195, 0.54395, 2.2289, 1.3081, 0.76465, 0.017404, 3.9389, 0.90691, 0.010487, 4.9546, 1.4349, 0.050358, 0.0035088, 0.00024042, 0.012702, 0.0021754, 0.0016566, 0.042027, 0.0096651, 0.0045727, 4.7134e-06, 1.1004, 0.045971, 3.3022e-06, 0.60235, 0.015511, 4.901e-06, 0.62093, 0.90722, 0.67391, 0.13177, 0.10999, -0.75594, -0.6914, 0.35526, 0.0071729, -1.9442, -0.20909, 0.0015517, -0.091356, 0.080053, 0.0029725, 1.443, 1.0748, 2.115, 0.81869, 0.84402, 4.5393, 2.9841, 0.95159, 0.020494, 6.3711, 1.3176, 0.013443, 7.4475, 2.3801, 0.09046, 0.062438, 0.0025961, 0.1919, 0.043601, 0.049787, 2.591, 1.2483, 0.03286, 1.6396e-05, 6.389, 0.21536, 1.3067e-05, 5.2516, 0.48885, 0.00070726
60, 4, 0.20693, 0.04168, 0.03201, 1.8518, 0.4529, 1.1179, 0.96222, 1.2709, 0.47373, 0.6558, 1.6524, 0.78437, 0.76832, 0.00023, 9.7332, 0.12321, 0.00033, 5.2329, 0.44807, 0.03862, 1.0454, 1.0098, 1.3756, 0.33801, 0.42759, 1.7598, 1.3432, 0.84981, 0.011133, 6.53, 1.0508, 0.0067097, 7.1362, 0.71861, 0.048795, 0.91065, 0.98078, 1.1833, 0.28028, 0.36426, 1.3674, 1.1881, 0.71369, 0.0066063, 4.8636, 0.70905, 0.0026175, 5.6922, 0.45846, 0.044573, 1.1801, 1.0388, 1.5679, 0.39575, 0.49091, 2.1523, 1.4983, 0.98592, 0.015661, 8.1964, 1.3925, 0.010802, 8.5801, 0.97877, 0.053016, 0.0067078, 0.0003109, 0.013667, 0.0012319, 0.0014822, 0.05692, 0.0088933, 0.0068477, 7.5753e-06, 1.0264, 0.043167, 6.1897e-06, 0.77064, 0.025016, 6.5877e-06, 0.44134, 0.92484, 0.66499, 0.055209, -0.032286, -0.59277, 0.37518, 0.45224, 0.0030711, 2.3966, 0.45923, -0.00054261, 4.249, -0.44255, 0.0054301, 1.6494, 1.0947, 2.0862, 0.62082, 0.88746, 4.1125, 2.3113, 1.2474, 0.019196, 10.663, 1.6424, 0.013962, 10.023, 1.8798, 0.092159, 0.13485, 0.0026666, 0.18664, 0.029561, 0.078166, 2.0457, 0.34637, 0.058422, 2.4026e-05, 6.315, 0.12935, 1.944e-05, 3.0809, 0.49835, 0.00069505
159, 4, 0.20693, 0.04168, 0.03201, 1.8518, 0.4529, 1.5755, 1.056, 0.89908, 0.38729, 0.48467, 0.20197, 1.543, 0.9732, 0.00222, 4.0266, 0.37408, 0.00188, 3.5715, 0.38483, 0.07329, 1.0454, 1.0098, 1.3756, 0.33801, 0.42759, 1.7598, 1.3432, 0.84981, 0.011133, 6.53, 1.0508, 0.0067097, 7.1362, 0.71861, 0.048795, 0.91065, 0.98078, 1.1833, 0.28028, 0.36426, 1.3674, 1.1881, 0.71369, 0.0066063, 4.8636, 0.70905, 0.0026175, 5.6922, 0.45846, 0.044573, 1.1801, 1.0388, 1.5679, 0.39575, 0.49091, 2.1523, 1.4983, 0.98592, 0.015661, 8.1964, 1.3925, 0.010802, 8.5801, 0.97877, 0.053016, 0.0067078, 0.0003109, 0.013667, 0.0012319, 0.0014822, 0.05692, 0.0088933, 0.0068477, 7.5753e-06, 1.0264, 0.043167, 6.1897e-06, 0.77064, 0.025016, 6.5877e-06, 0.44134, 0.92484, 0.66499, 0.055209, -0.032286, -0.59277, 0.37518, 0.45224, 0.0030711, 2.3966, 0.45923, -0.00054261, 4.249, -0.44255, 0.0054301, 1.6494, 1.0947, 2.0862, 0.62082, 0.88746, 4.1125, 2.3113, 1.2474, 0.019196, 10.663, 1.6424, 0.013962, 10.023, 1.8798, 0.092159, 0.13485, 0.0026666, 0.18664, 0.029561, 0.078166, 2.0457, 0.34637, 0.058422, 2.4026e-05, 6.315, 0.12935, 1.944e-05, 3.0809, 0.49835, 0.00069505
8, 3, 0.19901, 0.07594, 0.1, 1.5278, 0.42467, 0.22104, 0.91358, 1.6178, 0.327, 0.45006, 1.2799, 1.4426, 0.96024, 0.01263, 9.4869, 1.9251, 0.0022, 6.3656, 0.51142, 0.06155, 0.98834, 1.0081, 1.2421, 0.41647, 0.45119, 1.6695, 1.0325, 0.75521, 0.0068279, 4.9674, 0.77467, 0.0041762, 7.2609, 0.65722, 0.047349, 0.86822, 0.98422, 1.0733, 0.37045, 0.39521, 1.3455, 0.86211, 0.64875, 0.0031782, 3.6734, 0.49203, 0.0015238, 6.1442, 0.45126, 0.043773, 1.1085, 1.032, 1.4109, 0.4625, 0.50718, 1.9936, 1.2029, 0.86166, 0.010478, 6.2614, 1.0573, 0.0068286, 8.3776, 0.86317, 0.050926, 0.0053333, 0.0002106, 0.010535, 0.00078293, 0.0011584, 0.038811, 0.010731, 0.0041884, 4.9233e-06, 0.61887, 0.029527, 2.6004e-06, 0.4609, 0.015678, 4.7288e-06, 0.11183, 0.92476, 0.54677, 0.10889, -0.086974, -0.31767, -0.57594, 0.37144, -0.0019715, 0.96951, 0.033295, -0.0011224, 2.9422, -0.49302, 0.011928, 1.8649, 1.0914, 1.9374, 0.72406, 0.98936, 3.6567, 2.641, 1.139, 0.015627, 8.9652, 1.5161, 0.0094748, 11.58, 1.8075, 0.082771, 0.28397, 0.0025663, 0.17869, 0.034969, 0.10705, 1.4596, 0.95623, 0.054436, 2.8619e-05, 5.9075, 0.20315, 1.0377e-05, 6.8936, 0.48901, 0.00046374
101, 3, 0.19901, 0.07594, 0.1, 1.5278, 0.42467, 0.8976, 0.92972, 1.5365, 0.47477, 0.57106, 1.6641, 0.47995, 0.93445, 0.00994, 7.8101, 1.7067, 0.00163, 9.5735, 0.30436, 0.03665, 0.98834, 1.0081, 1.2421, 0.41647, 0.45119, 1.6695, 1.0325, 0.75521, 0.0068279, 4.9674, 0.77467, 0.0041762, 7.2609, 0.65722, 0.047349, 0.86822, 0.98422, 1.0733, 0.37045, 0.39521, 1.3455, 0.86211, 0.64875, 0.0031782, 3.6734, 0.49203, 0.0015238, 6.1442, 0.45126, 0.043773, 1.1085, 1.032, 1.4109, 0.4625, 0.50718, 1.9936, 1.2029, 0.86166, 0.010478, 6.2614, 1.0573, 0.0068286, 8.3776, 0.86317, 0.050926, 0.0053333, 0.0002106, 0.010535, 0.00078293, 0.0011584, 0.038811, 0.010731, 0.0041884, 4.9233e-06, 0.61887, 0.029527, 2.6004e-06, 0.4609, 0.015678, 4.7288e-06, 0.11183, 0.92476, 0.54677, 0.10889, -0.086974, -0.31767, -0.57594, 0.37144, -0.0019715, 0.96951, 0.033295, -0.0011224, 2.9422, -0.49302, 0.011928, 1.8649, 1.0914, 1.9374, 0.72406, 0.98936, 3.6567, 2.641, 1.139, 0.015627, 8.9652, 1.5161, 0.0094748, 11.58, 1.8075, 0.082771, 0.28397, 0.0025663, 0.17869, 0.034969, 0.10705, 1.4596, 0.95623, 0.054436, 2.8619e-05, 5.9075, 0.20315, 1.0377e-05, 6.8936, 0.48901, 0.00046374
82, 3, 0.19839, 0.09253, 0.29999, 1.25, 0.46631, 0.91298, 0.99747, 1.429, 0.46589, 0.33976, 0.11565, 1.2037, 0.99874, 0.00307, 0.88585, 1.8769, 0.00231, 3.9451, 0.63878, 0.03972, 1.0355, 0.99928, 1.2095, 0.51178, 0.48058, 1.629, 0.98875, 0.57711, 0.0089838, 2.4406, 0.52878, 0.012465, 4.578, 1.0815, 0.046922, 0.93023, 0.97458, 1.0559, 0.43, 0.41275, 1.3677, 0.83088, 0.47226, 0.0052662, 0.5934, 0.19285, 0.0095416, 3.4141, 0.90227, 0.043622, 1.1408, 1.024, 1.3632, 0.59357, 0.54842, 1.8903, 1.1466, 0.68196, 0.012701, 4.2878, 0.86471, 0.015388, 5.7418, 1.2607, 0.050222, 0.0040989, 0.00022553, 0.0087261, 0.0024724, 0.0017008, 0.025237, 0.0092125, 0.0040631, 5.1081e-06, 1.2612, 0.041711, 3.1583e-06, 0.50063, 0.01187, 4.0244e-06, 0.15657, 0.91571, 0.18371, 0.11385, 0.037724, 0.13991, -0.56627, 0.20737, -2.3393e-06, -1.769, -0.62088, 0.006766, -0.29297, -0.064271, 0.030133, 1.9145, 1.0828, 2.2353, 0.90972, 0.92344, 3.118, 2.5438, 0.94685, 0.01797, 6.6502, 1.6784, 0.018164, 9.4489, 2.2272, 0.06371, 0.28556, 0.0025812, 0.38893, 0.058528, 0.07249, 0.81952, 0.89375, 0.050528, 2.9846e-05, 6.5498, 0.48853, 1.2004e-05, 8.7694, 0.48521, 0.00010418
174, 3, 0.19839, 0.09253, 0.29999, 1.25, 0.46631, 1.3285, 0.90987, 0.97288, 0.68117, 0.54435, 0.80528, 1.867, 0.91153, 0.01063, 1.5156, 0.45711, 0.00335, 8.7289, 0.69476, 0.03565, 1.0355, 0.99928, 1.2095, 0.51178, 0.48058, 1.629, 0.98875, 0.57711, 0.0089838, 2.4406, 0.52878, 0.012465, 4.578, 1.0815, 0.046922, 0.93023, 0.97458, 1.0559, 0.43, 0.41275, 1.3677, 0.83088, 0.47226, 0.0052662, 0.5934, 0.19285, 0.0095416, 3.4141, 0.90227, 0.043622, 1.1408, 1.024, 1.3632, 0.59357, 0.54842, 1.8903, 1.1466, 0.68196, 0.012701, 4.2878, 0.86471, 0.015388, 5.7418, 1.2607, 0.050222, 0.0040989, 0.00022553, 0.0087261, 0.0024724, 0.0017008, 0.025237, 0.0092125, 0.0040631, 5.1081e-06, 1.2612, 0.041711, 3.1583e-06, 0.50063, 0.01187, 4.0244e-06, 0.15657, 0.91571, 0.18371, 0.11385, 0.037724, 0.13991, -0.56627, 0.20737, -2.3393e-06, -1.769, -0.62088, 0.006766, -0.29297, -0.064271, 0.030133, 1.9145, 1.0828, 2.2353, 0.90972, 0.92344, 3.118, 2.5438, 0.94685, 0.01797, 6.6502, 1.6784, 0.018164, 9.4489, 2.2272, 0.06371, 0.28556, 0.0025812, 0.38893, 0.058528, 0.07249, 0.81952, 0.89375, 0.050528, 2.9846e-05, 6.5498, 0.48853, 1.2004e-05, 8.7694, 0.48521, 0.00010418
19, 5.4951, 0.1914, 0.07359, 0.27776, 1.3333, 0.3153, 1.2817, 1.065, 1.7518, 0.63635, 0.36912, 1.0918, 0.25088, 0.61192, 0.00042, 6.9096, 1.7201, 0.0124, 3.2098, 0.87793, 0.05238, 1.1704, 1.0031, 1.1856, 0.54557, 0.47873, 1.6172, 0.93747, 0.58136, 0.0066521, 2.5073, 0.61972, 0.014165, 5.8286, 1.4452, 0.062392, 1.0562, 0.97779, 1.0119, 0.4598, 0.40311, 1.3755, 0.83693, 0.46447, 0.0014462, 0.4852, 0.28005, 0.010507, 4.6052, 1.2456, 0.059049, 1.2846, 1.0285, 1.3593, 0.63133, 0.55434, 1.8589, 1.038, 0.69826, 0.011858, 4.5294, 0.95939, 0.017824, 7.052, 1.6448, 0.065735, 0.00482, 0.00023737, 0.01115, 0.0027188, 0.0021134, 0.021591, 0.0037359, 0.0050505, 1.0017e-05, 1.5113, 0.042645, 4.948e-06, 0.55317, 0.014725, 4.1312e-06, 0.32385, 0.91938, 0.2359, 0.18888, 0.05702, 0.52173, 0.51446, 0.19658, -0.0041391, -1.7819, -0.56275, 0.0070528, 3.0631, 0.29605, 0.041547, 2.0169, 1.0869, 2.1353, 0.90225, 0.90043, 2.7127, 1.3605, 0.96614, 0.017443, 6.7965, 1.8022, 0.021278, 8.5941, 2.5943, 0.083237, 0.26488, 0.0025931, 0.33335, 0.047023, 0.06573, 0.44356, 0.066137, 0.054723, 4.3041e-05, 6.7999, 0.5168, 1.8698e-05, 2.8268, 0.48806, 0.0001606
145, 5.4951, 0.18658, 0.04293, 0.27077, 2.2281, 0.42595, 0.90854, 1.0896, 1.7515, 0.53639, 0.30147, 0.83737, 0.42987, 0.39188, 0.01044, 1.4954, 0.5848, 0.02285, 4.9224, 0.83158, 0.04858, 1.2056, 1.0067, 1.3325, 0.57726, 0.49049, 1.5804, 0.94829, 0.49088, 0.0034484, 3.1018, 0.6974, 0.013115, 5.4415, 1.9759, 0.059831, 1.0991, 0.98023, 1.1099, 0.49778, 0.41435, 1.151, 0.8423, 0.38764, -0.0013747, 1.2223, 0.3274, 0.0095891, 4.2921, 1.7078, 0.055184, 1.312, 1.0333, 1.5552, 0.65673, 0.56662, 2.0098, 1.0543, 0.59412, 0.0082715, 4.9813, 1.0674, 0.016642, 6.591, 2.2439, 0.064477, 0.0041876, 0.00025982, 0.018326, 0.0023344, 0.0021423, 0.068137, 0.0041524, 0.0039394, 8.5978e-06, 1.3057, 0.0506, 4.5961e-06, 0.48833, 0.026556, 7.9798e-06, 0.89429, 0.92263, 0.6671, 0.25913, 0.17871, -0.93506, 0.54802, 0.096602, -0.0078216, -1.1221, 0.0043906, 0.0030243, 2.6203, 0.81293, 0.030525, 1.5169, 1.0909, 1.998, 0.89538, 0.80226, 4.0959, 1.3486, 0.88516, 0.014718, 7.3256, 1.3904, 0.023207, 8.2627, 3.1389, 0.089136, 0.035817, 0.0026155, 0.16367, 0.037407, 0.035927, 2.3387, 0.059218, 0.057458, 4.6946e-05, 6.5943, 0.17751, 3.7638e-05, 2.9418, 0.49989, 0.00031743
140, 4, 0.18588, 0.02711, 0.06024, 1.6537, 0.47104, 0.69657, 1.0595, 1.3399, 0.37582, 0.39301, 0.90748, 0.76832, 0.74257, 0.00045, 5.469, 0.90154, 0.01359, 8.6633, 0.44619, 0.04761, 1.0589, 1.0086, 1.1992, 0.37677, 0.44041, 1.8037, 1.2772, 0.81215, 0.006252, 6.3795, 0.91657, 0.0049708, 8.1017, 0.76013, 0.048848, 0.93219, 0.98172, 1.0218, 0.32765, 0.3831, 1.4132, 1.133, 0.6909, 0.00098466, 4.9285, 0.62033, 0.001798, 6.9909, 0.50866, 0.043784, 1.1857, 1.0355, 1.3767, 0.42589, 0.49772, 2.1942, 1.4215, 0.93339, 0.011519, 7.8304, 1.2128, 0.0081435, 9.2125, 1.0116, 0.053911, 0.0059385, 0.00026687, 0.01164, 0.0008919, 0.001214, 0.05636, 0.0076913, 0.0054334, 1.0255e-05, 0.77812, 0.032436, 3.7207e-06, 0.45603, 0.023373, 9.4768e-06, 0.29124, 0.92435, 0.53842, 0.17559, 0.025253, -0.10506, 0.51575, 0.43252, -0.0051932, 2.3281, 0.18256, -0.0064453, 5.1077, -0.39912, 0.009184, 1.8266, 1.0928, 1.8601, 0.57796, 0.85557, 3.7124, 2.0387, 1.1918, 0.017697, 10.431, 1.6506, 0.016387, 11.096, 1.9194, 0.088511, 0.21784, 0.0026226, 0.16141, 0.01496, 0.063706, 1.3466, 0.21431, 0.053267, 4.8417e-05, 6.0667, 0.19914, 4.817e-05, 3.3133, 0.49671, 0.00058147
176, 4, 0.18588, 0.05414, 0.12047, 0.82812, 0.33729, 1.6389, 1.0183, 0.60394, 0.42476, 0.43377, 1.0974, 0.57956, 0.65953, 0.00362, 4.4607, 1.8966, 0.01274, 5.3743, 0.36212, 0.04084, 1.0709, 1.0104, 1.1423, 0.44303, 0.45259, 1.491, 0.73409, 0.72058, 0.0027764, 4.5427, 0.83195, 0.004626, 8.5882, 0.67328, 0.053102, 0.94214, 0.98771, 0.96089, 0.39754, 0.40735, 1.2038, 0.59618, 0.60699, -0.0018836, 3.0184, 0.51638, 0.0015479, 7.6382, 0.40317, 0.049748, 1.1996, 1.033, 1.3238, 0.48853, 0.49784, 1.7781, 0.87201, 0.83417, 0.0074363, 6.067, 1.1475, 0.007704, 9.5382, 0.94338, 0.056455, 0.0061249, 0.00018973, 0.012167, 0.00076503, 0.00075661, 0.030472, 0.0070301, 0.0047688, 8.0262e-06, 0.85884, 0.036809, 3.5019e-06, 0.33356, 0.026965, 4.1573e-06, -0.0040524, 0.92738, 0.80638, 0.2363, 0.38432, 0.54151, -0.0286, 0.32762, -0.0085167, 0.46444, -0.48675, -0.0046783, 4.8645, -0.49016, 0.045845, 2.1458, 1.0934, 1.4783, 0.64976, 0.52086, 2.4404, 1.4968, 1.1135, 0.014069, 8.621, 2.1507, 0.01393, 12.312, 1.8367, 0.060358, 0.42707, 0.0025454, 0.041713, 0.015796, 0.0017228, 0.33318, 0.215, 0.057073, 4.7138e-05, 6.1475, 0.64275, 3.1997e-05, 5.1251, 0.5003, 1.9462e-05
150, 4, 0.17869, 0.02857, 0.5, 2.6667, 0.74816, 1.769, 0.90508, 0.92317, 0.58485, 0.19554, 1.2001, 1.3676, 0.57204, 0.01601, 2.4759, 0.41572, 0.00688, 2.3177, 1.8749, 0.04277, 1.0896, 0.98897, 1.3613, 0.5614, 0.3038, 2.2208, 1.58, 0.47267, 0.0016857, 3.9617, 0.61943, 0.011248, 2.0842, 2.3714, 0.052041, 0.92695, 0.95624, 1.1029, 0.44911, 0.19087, 1.4784, 1.3449, 0.34418, -0.004495, 1.3665, 0.22448, 0.0050913, 0.72448, 1.9007, 0.044791, 1.2522, 1.0217, 1.6198, 0.67368, 0.41673, 2.9633, 1.8151, 0.60117, 0.0078663, 6.557, 1.0144, 0.017405, 3.4439, 2.842, 0.059291, 0.0097754, 0.00039583, 0.024691, 0.0046599, 0.0047138, 0.20374, 0.020422, 0.0061026, 1.4119e-05, 2.4894, 0.057655, 1.4011e-05, 0.68335, 0.081868, 1.9428e-05, 0.60764, 0.90269, 0.6555, 0.30192, 0.040424, -2.9758, 0.89753, 0.31643, -0.011109, -0.62561, -0.06187, -0.0041545, -0.73837, 1.1458, 0.02764, 1.5715, 1.0752, 2.0672, 0.82088, 0.56718, 7.4175, 2.2625, 0.62891, 0.014481, 8.5491, 1.3007, 0.026651, 4.9068, 3.597, 0.076442, 0.085846, 0.0027515, 0.18415, 0.024886, 0.025639, 9.9816, 0.17215, 0.0090223, 6.0509e-05, 7.778, 0.17156, 8.7689e-05, 2.9447, 0.5552, 0.00022007
38, 2.5, 0.1772, 0.06191, 0.39994, 0.97222, 0.73215, 1.1913, 0.993, 0.88555, 0.62077, 0.47672, 1.5818, 0.76895, 0.66159, 0.00218, 1.3681, 1.028, 0.00144, 3.616, 1.0923, 0.03367, 0.91855, 0.98488, 1.1224, 0.51435, 0.3839, 2.8971, 1.3499, 0.54956, 0.0033291, 2.4919, 0.68137, 0.011786, 2.5748, 1.2834, 0.052536, 0.79438, 0.95799, 0.89974, 0.42681, 0.30643, 2.4505, 1.1224, 0.43957, -0.0027953, 0.54275, 0.27973, 0.0069778, 1.3831, 0.97118, 0.048443, 1.0427, 1.0118, 1.345, 0.60189, 0.46137, 3.3436, 1.5775, 0.65956, 0.0094534, 4.4411, 1.083, 0.016593, 3.7665, 1.5956, 0.05663, 0.0056987, 0.00026729, 0.018323, 0.0028324, 0.0022183, 0.073694, 0.019136, 0.0044718, 1.3863e-05, 1.4042, 0.059623, 8.5434e-06, 0.52489, 0.036032, 6.1926e-06, 0.08233, 0.90064, 0.49518, 0.24048, 0.17631, 1.5076, -0.22746, 0.38932, -0.00954, -1.7634, -0.91646, -0.0019811, -0.64549, 0.10948, 0.042441, 1.7548, 1.0691, 1.7496, 0.78822, 0.59148, 4.2866, 2.9273, 0.70981, 0.016198, 6.7472, 2.2792, 0.025552, 5.795, 2.4573, 0.062632, 0.25845, 0.002623, 0.14541, 0.027722, 0.015927, 0.71362, 0.91965, 0.0094908, 6.1213e-05, 6.6928, 0.94364, 7.005e-05, 3.8329, 0.50937, 3.7673e-05
76, 2.5, 0.1772, 0.14937, 0.39994, 0.97222, 0.41986, 0.86088, 0.97973, 1.6511, 0.36077, 0.01922, 0.37544, 2.2462, 0.49057, 0.00383, 0.64001, 0.10414, 0.00046, 1.8291, 2.2335, 0.03008, 1.0642, 0.98274, 1.031, 0.56853, 0.39588, 1.4409, 1.3935, 0.65866, 0.0067597, 2.66, 0.72476, 0.0093908, 2.8482, 1.1463, 0.039598, 0.91283, 0.94835, 0.86557, 0.48213, 0.30311, 1.112, 1.152, 0.54636, 0.00023648, 0.60347, 0.3224, 0.0046643, 1.5763, 0.86127, 0.035697, 1.2155, 1.0171, 1.1965, 0.65493, 0.48865, 1.7699, 1.6349, 0.77096, 0.013283, 4.7165, 1.1271, 0.014117, 4.12, 1.4313, 0.043499, 0.0084674, 0.00043715, 0.010117, 0.0027593, 0.0031811, 0.039999, 0.02154, 0.0046609, 1.5728e-05, 1.5632, 0.059839, 8.2571e-06, 0.59788, 0.030023, 5.6244e-06, 0.22354, 0.89581, 0.53435, 0.29504, 0.10348, 0.12031, -0.16602, 0.28505, -0.006336, -1.6456, -0.80835, -0.0038411, -0.40385, -0.020715, 0.028567, 1.9048, 1.0697, 1.5277, 0.84202, 0.68827, 2.7616, 2.9529, 1.0323, 0.019855, 6.9656, 2.2579, 0.022623, 6.1002, 2.3133, 0.050629, 0.2612, 0.0027928, 0.091175, 0.027645, 0.0316, 0.64462, 0.89888, 0.051591, 6.3387e-05, 6.8518, 0.86875, 6.4713e-05, 3.9089, 0.50336, 4.4976e-05
163, 2.5, 0.1772, 0.14937, 0.62894, 0.97222, 0.42492, 1.1899, 0.93389, 1.354, 0.6293, 0.02828, 1.115, 0.50551, 0.46123, 0.00283, 2.0236, 0.38757, 0.00229, 1.6513, 1.2568, 0.03491, 1.2159, 0.97541, 1.1247, 0.55941, 0.3595, 1.3469, 2.0899, 0.51931, 0.0082736, 3.9903, 0.77144, 0.008172, 2.6004, 1.5715, 0.041393, 1.0356, 0.93464, 0.93562, 0.45815, 0.27241, 0.92519, 1.77, 0.34983, 0.0014985, 1.6071, 0.34244, 0.0019119, 0.92036, 1.2072, 0.036534, 1.3963, 1.0162, 1.3138, 0.66067, 0.44659, 1.7686, 2.4098, 0.68878, 0.015049, 6.3736, 1.2004, 0.014432, 4.2805, 1.9357, 0.046252, 0.012022, 0.00061455, 0.013216, 0.0037898, 0.0028031, 0.065724, 0.037825, 0.010616, 1.6966e-05, 2.0994, 0.068023, 1.4485e-05, 1.0433, 0.049045, 8.7263e-06, 0.52062, 0.88577, 0.61664, 0.31474, 0.13398, -0.0025531, 0.55659, 0.1249, -0.0049662, -0.48051, -0.98251, -0.0056936, -0.83248, 0.38264, 0.029849, 1.9112, 1.0651, 1.6328, 0.80408, 0.58502, 2.6963, 3.6232, 0.91371, 0.021513, 8.4612, 2.5254, 0.022038, 6.0334, 2.7603, 0.052936, 0.17869, 0.0029702, 0.095412, 0.022126, 0.018798, 0.67305, 0.86894, 0.057496, 6.479e-05, 7.388, 1.1371, 7.106e-05, 4.3559, 0.52238, 4.9253e-05
64, 4, 0.17434, 0.0563, 0.5, 1.6875, 0.5452, 1.5208, 0.92554, 0.71779, 0.58641, 0.19682, 1.8178, 0.4209, 0.4626, 0.00925, 4.0116, 0.13642, 0.00506, 2.5387, 1.7192, 0.04971, 1.2052, 0.97953, 1.2595, 0.59371, 0.32468, 1.6063, 1.2066, 0.54579, 0.010595, 4.7315, 0.59854, 0.010868, 1.9239, 1.9505, 0.053305, 1.0699, 0.95055, 1.0723, 0.49804, 0.22957, 1.1325, 1.0309, 0.46109, 0.0048826, 2.5613, 0.25029, 0.0064204, 0.79243, 1.6633, 0.047559, 1.3405, 1.0085, 1.4468, 0.68938, 0.4198, 2.0802, 1.3823, 0.6305, 0.016308, 6.9017, 0.94679, 0.015315, 3.0554, 2.2376, 0.05905, 0.0067661, 0.00031041, 0.012962, 0.0033829, 0.0033441, 0.083, 0.011412, 0.0026519, 1.2063e-05, 1.7408, 0.044826, 7.3106e-06, 0.4732, 0.030475, 1.2202e-05, 0.72347, 0.8946, 0.56896, 0.34257, 0.034853, -0.34508, 0.56873, 0.25908, -0.0027052, 0.37049, -0.63432, -0.0050148, -1.0385, 0.78295, 0.011465, 1.687, 1.0645, 1.9501, 0.84486, 0.61452, 3.5578, 1.8445, 0.83251, 0.023896, 9.0925, 1.8314, 0.02675, 4.8863, 3.118, 0.095145, 0.08578, 0.0026661, 0.17627, 0.023313, 0.031048, 1.4075, 0.15039, 0.030384, 6.5387e-05, 7.0294, 0.56179, 9.3236e-05, 3.2436, 0.50381, 0.00064704
28, 3.0049, 0.1684, 0.07188, 0.2108, 1.3368, 0.50631, 0.73949, 1.0092, 0.86216, 0.93199, 0.77681, 7.9794, 0.8289, 0.29245, 0.04211, 0.43637, 0.14439, 0.03026, 4.9199, 0.21217, 0.04551, 0.96272, 1.0096, 1.0819, 0.56811, 0.53139, 1.6369, 1.0122, 0.48093, 0.0053956, 2.9374, 0.54383, 0.007955, 6.603, 0.94786, 0.046674, 0.86407, 0.98831, 0.93189, 0.52196, 0.47753, 1.3398, 0.87203, 0.39408, 0.0010316, 1.7161, 0.22411, 0.0053597, 5.7422, 0.77043, 0.043147, 1.0614, 1.0309, 1.232, 0.61427, 0.58524, 1.934, 1.1523, 0.56778, 0.0097596, 4.1586, 0.86354, 0.01055, 7.4638, 1.1253, 0.0502, 0.0035972, 0.00016761, 0.0083222, 0.00078743, 0.0010721, 0.032624, 0.0072593, 0.002788, 7.039e-06, 0.55127, 0.037781, 2.4894e-06, 0.27386, 0.011636, 4.597e-06, 0.016527, 0.92698, 0.04846, 0.41242, 0.11224, 0.007941, -0.10493, 0.14831, -0.0078282, -1.0376, -0.59037, -0.010218, 1.9067, -0.19761, 0.025923, 1.9089, 1.0922, 2.1154, 0.7238, 0.95053, 3.2658, 2.1293, 0.81355, 0.018619, 6.9123, 1.678, 0.026128, 11.299, 2.0933, 0.067425, 0.33091, 0.0025233, 0.39478, 0.0089589, 0.064935, 0.98076, 0.46125, 0.040893, 6.4634e-05, 5.8399, 0.47547, 0.00012206, 8.1519, 0.48497, 0.00015916
162, 4, 0.16814, 0.01918, 0.3, 2.6111, 0.83011, 1.5936, 0.99743, 1.6494, 0.30572, 0.51048, 8.4966, 9.6572, 0.22792, 0.00198, 0.36659, 0.13221, 0.00253, 2.2576, 1.6473, 0.05051, 0.9077, 1.014, 1.2479, 0.54189, 0.51325, 2.3632, 0.92983, 0.6012, 0.0064721, 3.1037, 0.73353, 0.015436, 4.4539, 1.754, 0.05009, 0.76647, 0.98578, 0.98359, 0.45345, 0.41403, 1.5874, 0.72178, 0.47434, -0.00010625, 0.78874, 0.34969, 0.010074, 3.1506, 1.3864, 0.042548, 1.0489, 1.0423, 1.5122, 0.63032, 0.61247, 3.139, 1.1379, 0.72805, 0.013051, 5.4186, 1.1174, 0.020798, 5.7572, 2.1216, 0.057631, 0.0073722, 0.00029469, 0.025821, 0.0028904, 0.0036388, 0.22245, 0.015997, 0.0059476, 1.5995e-05, 1.9807, 0.054456, 1.0626e-05, 0.62781, 0.049945, 2.1023e-05, 0.4949, 0.92934, 0.53804, 0.30061, 0.25182, -2.7135, 0.31237, 0.45137, -0.0076525, -1.3311, 0.12948, -0.0048588, 1.6719, 0.56416, 0.026194, 1.3205, 1.0987, 1.9578, 0.78316, 0.77468, 7.4399, 1.5473, 0.75102, 0.020597, 7.5385, 1.3376, 0.035731, 7.2358, 2.9439, 0.073986, 0.062982, 0.0026504, 0.18625, 0.021516, 0.025262, 9.5259, 0.14091, 0.0082965, 7.374e-05, 7.2694, 0.13486, 0.00015223, 2.8605, 0.52328, 0.00021105
105, 2, 0.16718, 0.11289, 0.56689, 1.3123, 0.52876, 0.97247, 0.93562, 1.2127, 0.15669, 0.52852, 2.2164, 0.89257, 0.2654, 0.00597, 0.57087, 1.1129, 0.00026, 1.604, 1.4799, 0.07342, 1.0759, 0.97218, 1.1566, 0.54052, 0.23191, 1.8531, 1.3464, 0.55958, 0.0076282, 2.9633, 0.71192, 0.0067112, 2.2521, 1.6324, 0.040517, 0.909, 0.93719, 0.97956, 0.43704, 0.1388, 1.4181, 1.0665, 0.4207, 0.0012606, 0.52864, 0.28681, 0.001169, 0.82418, 1.3054, 0.036109, 1.2428, 1.0072, 1.3336, 0.64401, 0.32502, 2.2882, 1.6263, 0.69845, 0.013996, 5.3979, 1.137, 0.012253, 3.68, 1.9593, 0.044926, 0.010293, 0.00045254, 0.011584, 0.0039583, 0.0032042, 0.069957, 0.028958, 0.0071285, 1.4986e-05, 2.1909, 0.066797, 1.1353e-05, 0.75359, 0.039506, 7.1829e-06, 0.43607, 0.88502, 0.12973, 0.29306, 0.019128, -0.069782, -0.35953, 0.23818, -0.0061794, -1.5352, -0.82715, -0.0091496, -0.81001, 0.45444, 0.018885, 1.7157, 1.0593, 2.1835, 0.78799, 0.44469, 3.7761, 3.0524, 0.88098, 0.021436, 7.4618, 2.251, 0.022572, 5.3141, 2.8103, 0.062149, 0.15131, 0.0028082, 0.38974, 0.022634, 0.016735, 1.3667, 1.0757, 0.03818, 7.0467e-05, 7.4795, 0.87552, 9.2981e-05, 3.4656, 0.51284, 0.00017296
126, 4, 0.16546, 0.09921, 0.38996, 1.5333, 0.36631, 1.047, 0.94381, 1.831, 0.35225, 0.02547, 1.6428, 0.42134, 0.36263, 0.00817, 1.195, 0.26831, 0.00114, 1.0004, 1.732, 0.04851, 1.1822, 0.99493, 1.1428, 0.55699, 0.42722, 1.3676, 1.1572, 0.62534, 0.0063862, 3.4573, 0.6618, 0.013271, 2.7031, 1.5638, 0.054847, 1.0604, 0.97024, 0.97816, 0.48812, 0.33579, 1.0447, 1.0189, 0.52901, 0.0011061, 1.7958, 0.25884, 0.0097912, 1.689, 1.3411, 0.050406, 1.3041, 1.0196, 1.3074, 0.62586, 0.51866, 1.6906, 1.2956, 0.72166, 0.011666, 5.1187, 1.0648, 0.016752, 3.7172, 1.7866, 0.059289, 0.0054903, 0.00022535, 0.010019, 0.0017532, 0.0030901, 0.038541, 0.0070744, 0.0034293, 1.0305e-05, 1.0203, 0.060015, 4.4767e-06, 0.3801, 0.018339, 7.2912e-06, 0.6065, 0.91137, 0.47125, 0.30961, 0.075807, -0.24124, 0.57598, 0.22628, -0.0077306, -0.6742, -0.61737, -0.0035745, -0.52955, 0.41045, 0.017983, 1.758, 1.0785, 1.8144, 0.80437, 0.77864, 2.9765, 1.7385, 1.0244, 0.020503, 7.5887, 1.941, 0.030117, 5.9358, 2.7172, 0.091712, 0.12252, 0.002581, 0.16669, 0.022619, 0.045645, 0.95673, 0.12488, 0.058859, 7.3658e-05, 6.3089, 0.60478, 0.00010489, 3.8625, 0.49167, 0.00050231
14, 2.1818, 0.16255, 0.08371, 0.214, 1.0417, 0.52392, 0.89294, 0.97718, 1.2364, 0.44438, 0.33975, 0.81104, 1.2038, 0.56662, 0.02108, 1.2338, 0.66865, 0.00825, 5.1722, 0.76619, 0.04885, 0.87968, 1.0098, 0.98972, 0.62784, 0.52106, 2.1605, 0.96122, 0.46659, 0.0073834, 3.3664, 0.53953, 0.0071117, 6.1365, 0.83, 0.044854, 0.75716, 0.98654, 0.83227, 0.5741, 0.46053, 1.8265, 0.76531, 0.37823, 0.0025679, 1.9505, 0.21065, 0.0040429, 5.1698, 0.60165, 0.041475, 1.0022, 1.0331, 1.1472, 0.68158, 0.58159, 2.4945, 1.1571, 0.55496, 0.012199, 4.7822, 0.8684, 0.01018, 7.1033, 1.0583, 0.048234, 0.0055478, 0.00020058, 0.0091626, 0.0010674, 0.0013541, 0.041224, 0.014187, 0.002886, 8.5709e-06, 0.74093, 0.039976, 3.4808e-06, 0.34545, 0.019273, 4.2224e-06, -0.21231, 0.92667, 0.34682, 0.48124, 0.30398, 0.67512, -0.61423, 0.15759, -0.0061832, -0.67257, -0.80212, -0.012527, 3.2347, -0.32446, 0.034798, 1.9717, 1.093, 1.6326, 0.77444, 0.73813, 3.6459, 2.5367, 0.7756, 0.02095, 7.4054, 1.8812, 0.02675, 9.0384, 1.9845, 0.05491, 0.44073, 0.0025563, 0.15277, 0.0079433, 0.017416, 0.81549, 0.9174, 0.035292, 6.8028e-05, 6.0295, 0.6653, 0.00014255, 3.1123, 0.49261, 3.7376e-05
57, 3.0049, 0.1623, 0.05357, 0.04951, 1.3368, 0.45659, 0.12861, 0.95373, 1.9007, 0.45028, 0.44392, 1.8979, 1.1693, 0.91859, 6e-05, 5.5055, 0.94696, 0.00129, 5.322, 0.50906, 0.03373, 0.95808, 1.014, 1.0394, 0.36088, 0.39815, 1.858, 1.153, 0.79849, 0.0081681, 6.5593, 1.106, 0.0039024, 7.7458, 0.53371, 0.048252, 0.82399, 0.98837, 0.88541, 0.29755, 0.32177, 1.4967, 0.98151, 0.67837, 0.0034461, 4.946, 0.79214, 0.00061321, 6.8936, 0.28622, 0.043728, 1.0922, 1.0396, 1.1935, 0.42422, 0.47454, 2.2193, 1.3245, 0.91861, 0.01289, 8.1725, 1.4199, 0.0071915, 8.5979, 0.78121, 0.052776, 0.006646, 0.0002427, 0.0087679, 0.0014826, 0.0021566, 0.048245, 0.010871, 0.0053329, 8.2415e-06, 0.96194, 0.036419, 3.9987e-06, 0.2684, 0.02264, 7.5642e-06, -0.21033, 0.93015, -0.00047142, 0.2541, 0.09436, 0.20684, 0.086887, 0.42112, -0.0056548, 2.447, 0.13233, -0.019719, 3.1012, -0.62468, 0.028062, 2.1265, 1.0978, 2.0793, 0.46767, 0.70195, 3.5091, 2.2191, 1.1759, 0.021991, 10.672, 2.0797, 0.027524, 12.39, 1.6921, 0.068442, 0.50459, 0.0025984, 0.3997, 0.0042149, 0.034112, 1.0077, 0.42011, 0.052636, 7.0623e-05, 6.2505, 0.35043, 0.00020624, 7.9733, 0.49598, 0.00015066
166, 3.0049, 0.1623, 0.05357, 0.04951, 1.3368, 0.45659, 1.2514, 0.95992, 0.77052, 0.41889, 0.37026, 1.436, 0.7106, 0.61358, 0.00273, 6.005, 0.07381, 0.01051, 9.2238, 0.11614, 0.02513, 0.95808, 1.014, 1.0394, 0.36088, 0.39815, 1.858, 1.153, 0.79849, 0.0081681, 6.5593, 1.106, 0.0039024, 7.7458, 0.53371, 0.048252, 0.82399, 0.98837, 0.88541, 0.29755, 0.32177, 1.4967, 0.98151, 0.67837, 0.0034461, 4.946, 0.79214, 0.00061321, 6.8936, 0.28622, 0.043728, 1.0922, 1.0396, 1.1935, 0.42422, 0.47454, 2.2193, 1.3245, 0.91861, 0.01289, 8.1725, 1.4199, 0.0071915, 8.5979, 0.78121, 0.052776, 0.006646, 0.0002427, 0.0087679, 0.0014826, 0.0021566, 0.048245, 0.010871, 0.0053329, 8.2415e-06, 0.96194, 0.036419, 3.9987e-06, 0.2684, 0.02264, 7.5642e-06, -0.21033, 0.93015, -0.00047142, 0.2541, 0.09436, 0.20684, 0.086887, 0.42112, -0.0056548, 2.447, 0.13233, -0.019719, 3.1012, -0.62468, 0.028062, 2.1265, 1.0978, 2.0793, 0.46767, 0.70195, 3.5091, 2.2191, 1.1759, 0.021991, 10.672, 2.0797, 0.027524, 12.39, 1.6921, 0.068442, 0.50459, 0.0025984, 0.3997, 0.0042149, 0.034112, 1.0077, 0.42011, 0.052636, 7.0623e-05, 6.2505, 0.35043, 0.00020624, 7.9733, 0.49598, 0.00015066
170, 4.6981, 0.15862, 0.04387, 0.1029, 0.84667, 0.3102, 1.7929, 1.0952, 0.50736, 0.46387, 0.34894, 1.5752, 0.91984, 0.8057, 0.00012, 3.8981, 1.418, 0.01313, 9.6718, 0.57311, 0.05216, 1.0965, 1.0118, 0.97122, 0.41118, 0.4579, 1.4642, 0.59826, 0.71235, 0.001316, 5.0354, 0.9732, 0.0057656, 4.8806, 0.75656, 0.051841, 0.95597, 0.98926, 0.82158, 0.35487, 0.41361, 1.1677, 0.47137, 0.60152, -0.0034569, 3.3801, 0.64144, 0.0022681, 3.9767, 0.44975, 0.048593, 1.2371, 1.0344, 1.1209, 0.46749, 0.50219, 1.7606, 0.72515, 0.82319, 0.0060889, 6.6907, 1.305, 0.009263, 5.7845, 1.0634, 0.055089, 0.0073024, 0.00018846, 0.0082772, 0.0011718, 0.00072495, 0.032484, 0.0059512, 0.0045403, 8.42e-06, 1.0128, 0.040683, 4.5212e-06, 0.30199, 0.034791, 3.8986e-06, -0.00067989, 0.92887, 0.64645, 0.32829, 0.39604, 0.57109, 0.19529, 0.33144, -0.013352, 0.90642, -0.48649, -0.019216, 3.7716, -0.41594, 0.044585, 2.1937, 1.0948, 1.296, 0.49407, 0.51976, 2.3573, 1.0012, 1.0933, 0.015984, 9.1644, 2.4329, 0.030747, 5.9895, 1.9291, 0.059097, 0.44496, 0.0025442, 0.038987, 0.0025395, 0.0014145, 0.29481, 0.06002, 0.05363, 7.9518e-05, 6.3014, 0.78753, 0.00023067, 0.45454, 0.50813, 1.9461e-05
179, 4.6981, 0.15862, 0.04387, 0.1029, 0.84667, 0.3102, 0.79241, 1.0622, 0.55011, 0.45916, 0.3469, 1.3454, 1.1421, 0.89835, 0.02138, 6.0631, 0.12965, 0.02151, 9.4721, 1.0125, 0.05454, 1.0965, 1.0118, 0.97122, 0.41118, 0.4579, 1.4642, 0.59826, 0.71235, 0.001316, 5.0354, 0.9732, 0.0057656, 4.8806, 0.75656, 0.051841, 0.95597, 0.98926, 0.82158, 0.35487, 0.41361, 1.1677, 0.47137, 0.60152, -0.0034569, 3.3801, 0.64144, 0.0022681, 3.9767, 0.44975, 0.048593, 1.2371, 1.0344, 1.1209, 0.46749, 0.50219, 1.7606, 0.72515, 0.82319, 0.0060889, 6.6907, 1.305, 0.009263, 5.7845, 1.0634, 0.055089, 0.0073024, 0.00018846, 0.0082772, 0.0011718, 0.00072495, 0.032484, 0.0059512, 0.0045403, 8.42e-06, 1.0128, 0.040683, 4.5212e-06, 0.30199, 0.034791, 3.8986e-06, -0.00067989, 0.92887, 0.64645, 0.32829, 0.39604, 0.57109, 0.19529, 0.33144, -0.013352, 0.90642, -0.48649, -0.019216, 3.7716, -0.41594, 0.044585, 2.1937, 1.0948, 1.296, 0.49407, 0.51976, 2.3573, 1.0012, 1.0933, 0.015984, 9.1644, 2.4329, 0.030747, 5.9895, 1.9291, 0.059097, 0.44496, 0.0025442, 0.038987, 0.0025395, 0.0014145, 0.29481, 0.06002, 0.05363, 7.9518e-05, 6.3014, 0.78753, 0.00023067, 0.45454, 0.50813, 1.9461e-05
9, 6.58, 0.15255, 0.03744, 0.41875, 1.4749, 0.34159, 1.9955, 0.94001, 1.6599, 0.49465, 0.35365, 0.78493, 1.083, 0.73588, 0.00355, 9.7545, 0.64242, 0.00076, 1.4044, 2.2447, 0.04814, 1.1084, 1.0066, 1.0501, 0.63655, 0.46786, 1.7005, 0.64333, 0.61459, 0.0053101, 5.0714, 0.73968, 0.018181, 2.4929, 2.2354, 0.065992, 0.95115, 0.97878, 0.87638, 0.54978, 0.38016, 1.3206, 0.50944, 0.50679, -0.00038273, 3.1808, 0.35033, 0.012965, 1.3359, 1.8791, 0.060764, 1.2656, 1.0343, 1.2238, 0.72333, 0.55556, 2.0804, 0.77723, 0.72239, 0.011003, 6.9621, 1.129, 0.023396, 3.6498, 2.5918, 0.07122, 0.0091392, 0.00028513, 0.011153, 0.0027829, 0.0028429, 0.053338, 0.0066263, 0.0042953, 1.1978e-05, 1.3212, 0.056032, 1.0054e-05, 0.49471, 0.046932, 1.0101e-05, 0.49445, 0.92203, 0.30476, 0.39466, 0.16722, 0.51274, 0.29258, 0.24045, -0.0097546, 0.84259, -0.72893, -0.0062826, -0.36687, 1.049, 0.037136, 1.7223, 1.0911, 1.7954, 0.87845, 0.7685, 2.8883, 0.99409, 0.98873, 0.020375, 9.3003, 2.2083, 0.042644, 5.3526, 3.4219, 0.094849, 0.13931, 0.0026408, 0.20533, 0.021627, 0.033407, 0.52146, 0.045473, 0.051739, 8.3881e-05, 6.6098, 0.79718, 0.00022119, 3.0227, 0.52027, 0.00030777
153, 6.58, 0.15255, 0.07854, 0.41875, 1.1111, 0.20921, 1.4482, 1.0684, 1.3531, 0.33881, 0.35513, 0.67187, 0.91657, 0.54195, 0.00016, 4.9234, 1.8247, 0.00566, 1.4761, 1.538, 0.08741, 1.119, 0.99124, 0.98572, 0.67265, 0.49037, 2.072, 1.1804, 0.65517, 0.003095, 6.2434, 0.69453, 0.017844, 2.5618, 1.9225, 0.066218, 0.94897, 0.96556, 0.82765, 0.59104, 0.40856, 1.778, 1.0705, 0.53918, -0.0024183, 4.6293, 0.30923, 0.012623, 1.3902, 1.6083, 0.062653, 1.2891, 1.0169, 1.1438, 0.75426, 0.57217, 2.3659, 1.2902, 0.77116, 0.0086084, 7.8575, 1.0798, 0.023064, 3.7335, 2.2367, 0.069782, 0.010691, 0.00024392, 0.0092349, 0.0024617, 0.0024736, 0.031935, 0.00446, 0.0049728, 1.1235e-05, 0.96294, 0.05487, 1.0073e-05, 0.50739, 0.036496, 4.6958e-06, 0.31678, 0.90738, 0.25261, 0.43254, 0.21465, 1.1312, 0.83302, 0.33096, -0.011934, 2.1307, -1.0399, -0.004332, -0.3039, 0.74805, 0.054245, 1.9213, 1.0751, 1.7188, 0.91276, 0.76608, 3.0128, 1.5278, 0.97937, 0.018124, 10.356, 2.4289, 0.04002, 5.4275, 3.097, 0.078191, 0.2379, 0.0025996, 0.19865, 0.021309, 0.028098, 0.32717, 0.044601, 0.038849, 8.3482e-05, 6.2516, 1.1119, 0.00018176, 3.0353, 0.50983, 5.2984e-05
171, 6.58, 0.15255, 0.07854, 0.20938, 1.1111, 0.17345, 1.1198, 0.94393, 1.8835, 0.37668, 0.55987, 0.40348, 0.93577, 0.84934, 0.00136, 1.2018, 1.6682, 0.00085, 3.4862, 1.9556, 0.05496, 1.0814, 1.0307, 0.95007, 0.59003, 0.54368, 1.9665, 0.74749, 0.56067, 0.0023131, 3.6457, 0.75251, 0.013105, 6.4074, 1.3961, 0.065025, 0.9071, 1.0042, 0.79072, 0.49488, 0.46436, 1.6322, 0.62876, 0.43102, -0.0031829, 1.3257, 0.35097, 0.0077798, 5.3588, 1.0928, 0.061199, 1.2558, 1.0572, 1.1094, 0.68517, 0.623, 2.3008, 0.86621, 0.69031, 0.007809, 5.9657, 1.154, 0.01843, 7.456, 1.6994, 0.068851, 0.011235, 0.00025945, 0.0093858, 0.0033459, 0.0023256, 0.041313, 0.0052098, 0.0062122, 1.1164e-05, 1.9895, 0.059594, 1.048e-05, 0.4064, 0.034006, 5.4112e-06, -0.011983, 0.94661, 0.22887, 0.43393, 0.30398, 1.012, 0.39279, 0.24294, -0.01273, -0.79178, -0.71826, -0.0091432, 3.5897, 0.22453, 0.052923, 2.1749, 1.1148, 1.6713, 0.74613, 0.78339, 2.921, 1.1022, 0.87839, 0.017356, 8.0832, 2.2233, 0.035353, 9.225, 2.5677, 0.077127, 0.4419, 0.0026151, 0.19224, 0.0090062, 0.021237, 0.33675, 0.0465, 0.037311, 8.3642e-05, 7.2781, 0.79953, 0.00018295, 2.9344, 0.50734, 5.4134e-05
81, 4.5625, 0.14721, 0.04663, 0, 1.1778, 0.19263, 1.3507, 1.0793, 0.64349, 0.42826, 0.60469, 0.85331, 0.58128, 0.98999, 0.00128, 8.9719, 1.794, 0.00393, 4.3879, 0.26061, 0.05327, 1.0906, 0.99969, 1.0252, 0.32972, 0.25642, 1.4119, 0.61751, 0.84198, 0.0018055, 4.9647, 0.65332, 0.0032005, 6.1152, 0.68391, 0.04937, 0.89393, 0.96984, 0.86385, 0.23417, 0.20595, 0.95699, 0.45388, 0.70014, -0.0037804, 2.7321, 0.26503, -0.0034106, 5.4826, 0.32054, 0.044927, 1.2873, 1.0295, 1.1865, 0.42527, 0.3069, 1.8668, 0.78113, 0.98383, 0.0073913, 7.1973, 1.0416, 0.0098117, 6.7478, 1.0473, 0.053812, 0.014296, 0.00032932, 0.0096179, 0.0033743, 0.00094169, 0.076491, 0.0098955, 0.0074368, 1.1532e-05, 1.8423, 0.055726, 1.6155e-05, 0.1479, 0.048804, 7.2938e-06, -0.16041, 0.91446, 0.20428, 0.17095, 0.094355, 0.26655, 0.22002, 0.51017, -0.012424, 0.57229, -0.5087, -0.021101, 4.9551, -0.50465, 0.036024, 2.3416, 1.0849, 1.846, 0.48849, 0.41849, 2.5573, 1.015, 1.1738, 0.016035, 9.3571, 1.8153, 0.027502, 7.2753, 1.8725, 0.062715, 0.57845, 0.002685, 0.24906, 0.0093174, 0.0097085, 0.48487, 0.058399, 0.040693, 7.4837e-05, 7.1309, 0.49909, 0.00021828, 0.49745, 0.52214, 6.583e-05
46, 2, 0.14601, 0.09329, 0.19249, 0.91398, 0.52222, 0.86583, 1.0272, 0.54199, 0.60177, 0.21864, 1.4577, 0.61431, 0.6144, 0.001, 6.8509, 0.44848, 0.00547, 2.4472, 0.28274, 0.049, 0.8528, 1.011, 1.0568, 0.56952, 0.53533, 2.1778, 0.97479, 0.50355, 0.0095816, 3.6783, 0.67164, 0.0061015, 5.4852, 0.81814, 0.042605, 0.71428, 0.98579, 0.87828, 0.50955, 0.46482, 1.8009, 0.75283, 0.4176, 0.0041151, 2.0776, 0.33146, 0.0026307, 4.5333, 0.54006, 0.038977, 0.99133, 1.0362, 1.2354, 0.62949, 0.60584, 2.5546, 1.1967, 0.58951, 0.015048, 5.279, 1.0118, 0.0095724, 6.4372, 1.0962, 0.046234, 0.0070927, 0.0002346, 0.011783, 0.0013294, 0.0018377, 0.052494, 0.018209, 0.0027307, 1.1045e-05, 0.94705, 0.042774, 4.4526e-06, 0.33495, 0.028581, 4.8673e-06, -0.22415, 0.92727, 0.59503, 0.43529, 0.35035, 0.76353, -0.47513, 0.19569, -0.0036995, -0.42915, -0.79555, -0.01377, 2.6511, -0.34717, 0.03387, 1.9298, 1.0947, 1.5186, 0.70375, 0.72031, 3.592, 2.4247, 0.81142, 0.022863, 7.7857, 2.1388, 0.025973, 8.3194, 1.9835, 0.051341, 0.42869, 0.0025903, 0.078826, 0.0066593, 0.012647, 0.73924, 0.77701, 0.035032, 6.5195e-05, 6.2357, 0.79565, 0.00014595, 2.9689, 0.50192, 2.8203e-05
182, 2, 0.14601, 0.0389, 0.19249, 1.3281, 0.83741, 0.53676, 0.97922, 1.3901, 0.51401, 0.56997, 0.25885, 0.45564, 0.22664, 0.02041, 0.41249, 0.19998, 0.01, 7.2552, 0.45812, 0.05132, 0.71343, 1.0212, 1.1198, 0.61649, 0.57802, 3.8313, 1.871, 0.57096, 0.0055611, 3.1438, 0.6796, 0.0114, 4.4975, 0.81717, 0.056302, 0.58428, 0.99691, 0.88999, 0.53794, 0.49743, 3.3074, 1.6065, 0.4664, -0.00040157, 1.1926, 0.31141, 0.0063208, 3.3319, 0.50708, 0.05148, 0.84258, 1.0456, 1.3496, 0.69505, 0.6586, 4.3553, 2.1356, 0.67552, 0.011524, 5.0949, 1.0478, 0.01648, 5.6632, 1.1273, 0.061124, 0.0061649, 0.00021881, 0.019521, 0.0022809, 0.0024001, 0.10146, 0.025864, 0.0040409, 1.3141e-05, 1.4071, 0.050108, 9.5368e-06, 0.50221, 0.03554, 8.5945e-06, -0.26255, 0.93778, 0.31176, 0.47273, 0.29101, 1.7695, 0.4098, 0.41896, -0.0078392, -1.1125, -0.50331, -0.011853, 1.5464, -0.3562, 0.036679, 1.6894, 1.1047, 1.9279, 0.76026, 0.86502, 5.8931, 3.3322, 0.72296, 0.018961, 7.4, 1.8625, 0.034654, 7.4486, 1.9905, 0.075924, 0.35207, 0.0025745, 0.24134, 0.0076391, 0.030445, 1.5712, 0.78918, 0.0085394, 6.637e-05, 6.6957, 0.51719, 0.00019986, 3.219, 0.50887, 0.00014232
95, 6.5574, 0.14555, 0.1037, 0.39612, 0.88496, 0.21859, 1.4921, 1.0042, 0.58148, 0.90992, 0.56099, 1.5057, 1.0719, 0.96934, 0.00092, 3.4929, 0.53461, 0.00361, 5.2712, 1.6091, 0.05272, 1.1032, 1.0061, 1.0056, 0.55127, 0.47503, 2.1118, 1.6533, 0.6197, 0.0032764, 4.9827, 0.74436, 0.017931, 1.9794, 1.6649, 0.071109, 0.9322, 0.97978, 0.85064, 0.46823, 0.39317, 1.8439, 1.5546, 0.50584, -0.0022568, 3.3057, 0.36728, 0.01296, 0.84228, 1.338, 0.067536, 1.2743, 1.0324, 1.1606, 0.6343, 0.55688, 2.3797, 1.752, 0.73356, 0.0088096, 6.6598, 1.1214, 0.022903, 3.1166, 1.9917, 0.074682, 0.010813, 0.00025608, 0.0088802, 0.0025483, 0.0024763, 0.026524, 0.0036005, 0.0047915, 1.1316e-05, 1.0395, 0.052555, 9.1338e-06, 0.47795, 0.039482, 4.7189e-06, 0.25572, 0.92204, 0.62802, 0.31358, 0.228, 1.2549, 1.3181, 0.29262, -0.010918, 0.84497, -1.1188, -0.0011855, -0.87231, 0.48697, 0.062364, 1.9508, 1.0902, 1.3833, 0.78896, 0.72205, 2.9688, 1.9884, 0.94678, 0.01747, 9.1205, 2.6075, 0.037048, 4.8312, 2.8428, 0.079855, 0.26549, 0.0026118, 0.052705, 0.020882, 0.022554, 0.27144, 0.041517, 0.039541, 7.4466e-05, 6.3282, 1.2831, 0.00013508, 3.0058, 0.51282, 2.8268e-05
13, 4, 0.14463, 0.03544, 0.1, 2.0238, 0.48658, 1.7688, 0.99574, 1.7978, 0.4421, 0.51461, 0.68442, 1.3253, 0.9568, 0.00108, 3.0653, 1.1647, 0.00447, 6.2193, 0.42351, 0.05154, 0.95929, 1.02, 1.1915, 0.42987, 0.4406, 1.8195, 1.1519, 0.6456, 0.0078641, 5.0293, 1.0554, 0.0067597, 6.0983, 1.1147, 0.048741, 0.84224, 0.99753, 1.0008, 0.37729, 0.38185, 1.3833, 1.0345, 0.53949, 0.0031996, 3.3607, 0.70768, 0.0035434, 5.3593, 0.86059, 0.043865, 1.0763, 1.0424, 1.3821, 0.48246, 0.49934, 2.2558, 1.2693, 0.75171, 0.012529, 6.698, 1.4032, 0.0099759, 6.8373, 1.3687, 0.053616, 0.0050642, 0.0001862, 0.013435, 0.001022, 0.0012755, 0.070345, 0.0050921, 0.0041616, 8.0419e-06, 1.0292, 0.044699, 3.8234e-06, 0.20185, 0.02386, 8.7861e-06, 0.5392, 0.93705, 0.50081, 0.33128, 0.04642, -0.994, 0.68449, 0.28523, -0.0054093, 0.89496, 0.31169, -0.015824, 3.5983, -0.045154, 0.012199, 1.3794, 1.1029, 1.8821, 0.52847, 0.83477, 4.633, 1.6193, 1.006, 0.021138, 9.1637, 1.7992, 0.029343, 8.5983, 2.2745, 0.085283, 0.065227, 0.0025419, 0.17631, 0.003593, 0.057429, 2.9258, 0.080747, 0.048, 6.512e-05, 6.3178, 0.20445, 0.0001885, 2.3101, 0.49719, 0.00049355
17, 4.6981, 0.13859, 0.04387, 0, 0.84667, 0.19799, 0.88921, 0.9291, 1.1908, 0.25829, 0.22153, 0.77163, 1.44, 0.9526, 0.0001, 3.549, 0.21347, 0.00111, 4.5144, 0.42595, 0.04593, 1.1027, 1.0215, 0.86018, 0.41231, 0.42234, 1.5318, 0.32414, 0.84627, 0.0019538, 6.8098, 0.8457, 0.0037166, 4.9745, 0.59021, 0.052279, 0.90228, 0.99105, 0.69536, 0.32018, 0.34055, 1.0803, 0.14965, 0.70179, -0.0035673, 4.4446, 0.45881, -0.0030754, 4.109, 0.17844, 0.047191, 1.3031, 1.052, 1.025, 0.50445, 0.50413, 1.9832, 0.49863, 0.99075, 0.007475, 9.1749, 1.2326, 0.010509, 5.8399, 1.002, 0.057367, 0.014844, 0.00034359, 0.01004, 0.0031376, 0.0024728, 0.075336, 0.011253, 0.0077157, 1.1267e-05, 2.0675, 0.055325, 1.7051e-05, 0.27683, 0.06267, 9.5686e-06, 0.01639, 0.93608, 0.49678, 0.24095, 0.32269, 0.57596, -0.037486, 0.51131, -0.010913, 2.3485, -0.56184, -0.018222, 3.8955, -0.61402, 0.04378, 2.189, 1.107, 1.2236, 0.58367, 0.52199, 2.4875, 0.68576, 1.1812, 0.01482, 11.271, 2.2532, 0.025655, 6.0534, 1.7945, 0.060779, 0.43616, 0.0026993, 0.048811, 0.010853, 0.0036699, 0.33765, 0.048335, 0.041469, 6.1187e-05, 7.3562, 0.73226, 0.0001779, 0.43029, 0.536, 2.67e-05
25, 2, 0.13709, 0.04021, 0.20759, 1.7797, 0.55401, 1.8959, 1.0967, 0.99776, 0.81552, 0.25261, 2.7814, 2.8703, 0.29264, 0.02543, 0.05457, 0.93384, 0.00577, 1.1751, 0.48095, 0.0608, 0.74769, 1.0145, 1.1921, 0.59268, 0.53844, 2.4953, 0.95643, 0.48117, 0.0061258, 2.5537, 0.61889, 0.0089045, 4.4626, 0.98067, 0.052546, 0.61033, 0.9905, 1.001, 0.53106, 0.46591, 2.0111, 0.7456, 0.40023, 0.0010678, 0.78289, 0.26443, 0.0048798, 3.4852, 0.68163, 0.046906, 0.88505, 1.0384, 1.3833, 0.6543, 0.61098, 2.9795, 1.1673, 0.56212, 0.011184, 4.3245, 0.97334, 0.012929, 5.4401, 1.2797, 0.058187, 0.0069736, 0.00021217, 0.013505, 0.0014034, 0.0019448, 0.086663, 0.016428, 0.0024218, 9.4558e-06, 1.159, 0.046437, 5.9871e-06, 0.35311, 0.033053, 1.1758e-05, 0.27012, 0.93111, 0.471, 0.42781, 0.10783, -0.65995, -0.37571, 0.20431, -0.0057172, -1.6229, -0.32577, -0.011865, 1.5333, -0.18982, 0.0099824, 1.2253, 1.0978, 1.9132, 0.75755, 0.96905, 5.6505, 2.2886, 0.75803, 0.017969, 6.7303, 1.5635, 0.029674, 7.3919, 2.1512, 0.095111, 0.084299, 0.0025679, 0.19219, 0.010047, 0.068535, 3.6797, 0.65591, 0.028331, 5.184e-05, 6.4476, 0.32983, 0.00015943, 3.1715, 0.50639, 0.00066962
132, 3.9167, 0.13352, 0.06831, 0.19994, 1.9844, 0.39616, 0.81865, 1.0942, 0.83088, 0.43027, 0.41067, 1.5147, 0.67025, 0.38759, 6e-05, 4.5568, 0.26652, 0.00455, 1.2076, 2.3676, 0.08879, 1.0648, 1.0201, 1.262, 0.60074, 0.47494, 1.5035, 0.82724, 0.53886, 0.00533, 2.0215, 0.86962, 0.010067, 4.5425, 1.3214, 0.049994, 0.95831, 0.99911, 1.0783, 0.54617, 0.41589, 1.1233, 0.72175, 0.44836, 0.00058642, 0.57728, 0.52822, 0.0069624, 3.6772, 1.0745, 0.04623, 1.1713, 1.0411, 1.4457, 0.6553, 0.53399, 1.8836, 0.93272, 0.62935, 0.010074, 3.4656, 1.211, 0.013172, 5.4079, 1.5683, 0.053759, 0.0041914, 0.00016279, 0.012477, 0.0011004, 0.0012887, 0.053409, 0.0041125, 0.0030268, 8.3168e-06, 0.77088, 0.043081, 3.5625e-06, 0.27678, 0.022527, 5.2382e-06, 0.70984, 0.93755, 0.59197, 0.43359, 0.07975, -1.1768, 0.39972, 0.1405, -0.0060593, -2.0275, -0.0050374, -0.009525, 1.9283, 0.16312, 0.0093506, 1.4198, 1.1026, 1.932, 0.76788, 0.87013, 4.1837, 1.2548, 0.93722, 0.016719, 6.0704, 1.7443, 0.029659, 7.1567, 2.4796, 0.090638, 0.046571, 0.0025185, 0.16593, 0.010326, 0.057724, 2.6552, 0.067554, 0.058654, 4.7945e-05, 6.0595, 0.28276, 0.00014187, 2.526, 0.49586, 0.00061056
65, 2.5, 0.13114, 0.04582, 0.25389, 0.97222, 0.73611, 1.4919, 0.9978, 0.85206, 0.83349, 0.83054, 3.2684, 1.606, 0.69339, 0.0056, 1.38, 0.38279, 0.00446, 4.7605, 0.6188, 0.05266, 0.80412, 1.0249, 1.0798, 0.57804, 0.44741, 2.901, 1.3877, 0.3823, 0.011432, 1.6011, 0.65799, 0.012006, 3.0975, 0.98314, 0.050755, 0.68579, 1.0016, 0.86185, 0.49415, 0.36767, 2.4415, 1.1574, 0.28916, 0.0063855, -0.64908, 0.28423, 0.0073619, 2.0143, 0.64525, 0.046556, 0.92246, 1.0482, 1.2978, 0.66193, 0.52716, 3.3604, 1.6179, 0.47544, 0.016479, 3.8512, 1.0317, 0.01665, 4.1808, 1.321, 0.054955, 0.0051756, 0.00020144, 0.017561, 0.0026011, 0.0023504, 0.078021, 0.019592, 0.0032064, 9.4137e-06, 1.8714, 0.051631, 7.9718e-06, 0.43369, 0.042198, 6.5176e-06, -0.21891, 0.94172, 0.45334, 0.36641, 0.31775, 1.5066, 0.38234, 0.23398, 0.00049062, -2.8003, -0.98398, -0.0078304, -0.081264, -0.19788, 0.040731, 1.8272, 1.1081, 1.7063, 0.78967, 0.57708, 4.2953, 2.393, 0.53063, 0.022374, 6.0024, 2.2999, 0.031842, 6.2763, 2.1642, 0.06078, 0.38683, 0.0025571, 0.14507, 0.016553, 0.0062139, 0.71861, 0.37356, 0.0081316, 4.4249e-05, 7.16, 0.99649, 0.00014544, 3.7349, 0.51553, 3.7144e-05
87, 2.5, 0.13114, 0.04582, 0.42293, 0.97222, 0.80039, 1.1503, 1.0053, 0.79531, 0.94335, 0.10493, 1.8954, 0.49611, 0.72529, 0.00709, 4.0869, 0.85206, 0.01537, 2.1554, 1.2325, 0.06219, 0.87242, 1.0047, 1.1372, 0.49547, 0.47714, 3.264, 1.4883, 0.66348, 0.010612, 2.9357, 0.78929, 0.011297, 1.9713, 1.4059, 0.049726, 0.72877, 0.97657, 0.90469, 0.38447, 0.38379, 2.7022, 1.2233, 0.54573, 0.0051584, 0.47888, 0.3773, 0.0053617, 0.52032, 1.001, 0.044835, 1.0161, 1.0329, 1.3697, 0.60648, 0.57048, 3.8259, 1.7533, 0.78122, 0.016066, 5.3926, 1.2013, 0.017232, 3.4223, 1.8109, 0.054618, 0.007626, 0.00029274, 0.019977, 0.0045543, 0.0032205, 0.11667, 0.025959, 0.0051242, 1.0995e-05, 2.231, 0.062739, 1.3019e-05, 0.77816, 0.060613, 8.8428e-06, 0.057116, 0.92006, 0.48742, 0.24164, 0.27356, 1.8277, 0.48811, 0.5079, -0.0005081, -1.5748, -1.0687, -0.0088588, -1.3518, 0.204, 0.038864, 1.6877, 1.0894, 1.7869, 0.74931, 0.68072, 4.7003, 2.4885, 0.81906, 0.021733, 7.4462, 2.6473, 0.031452, 5.2943, 2.6078, 0.060589, 0.24569, 0.0026484, 0.15604, 0.023814, 0.015318, 0.76247, 0.36975, 0.0089467, 4.5708e-05, 7.5196, 1.276, 0.00015015, 4.0815, 0.53395, 4.3614e-05
121, 2.5, 0.13114, 0.11054, 0.25389, 0.97222, 0.42379, 0.88513, 0.94691, 1.3673, 0.69261, 0.85921, 2.5579, 1.0546, 0.53489, 0.00371, 0.3588, 0.53943, 0.00061, 2.3382, 1.1408, 0.02865, 0.94008, 1.0281, 0.94503, 0.5808, 0.45231, 1.523, 0.86758, 0.59587, 0.0038214, 2.5282, 0.67964, 0.0091305, 3.4811, 0.98555, 0.044962, 0.80424, 1.001, 0.77523, 0.4955, 0.37913, 1.2047, 0.67857, 0.49871, -0.00236, 0.40327, 0.30332, 0.0056735, 2.4081, 0.72718, 0.041542, 1.0759, 1.0551, 1.1148, 0.6661, 0.52548, 1.8413, 1.0566, 0.69303, 0.010003, 4.6531, 1.056, 0.012588, 4.5542, 1.2439, 0.048382, 0.0068205, 0.00027068, 0.010657, 0.0026892, 0.001979, 0.037446, 0.013204, 0.0034892, 1.4123e-05, 1.6689, 0.052343, 4.4172e-06, 0.42558, 0.024673, 4.3227e-06, -0.08857, 0.94378, 0.44977, 0.36857, 0.17699, 0.21017, -0.12916, 0.2274, -0.0077022, -1.8105, -0.94042, -0.0083945, 0.30268, -0.17522, 0.035516, 1.9687, 1.1124, 1.4403, 0.79303, 0.72762, 2.8359, 1.8643, 0.96433, 0.015345, 6.8668, 2.2997, 0.026655, 6.6596, 2.1463, 0.054407, 0.39109, 0.0026264, 0.090662, 0.016648, 0.028017, 0.63706, 0.36721, 0.050181, 4.9082e-05, 6.9575, 0.97008, 0.00011352, 3.734, 0.49801, 3.2976e-05
183, 6.5574, 0.12536, 0.07885, 0.13961, 0.88496, 0.18522, 1.0637, 1.0594, 0.53823, 0.58288, 0.62286, 1.9736, 0.46374, 0.76149, 0.00056, 4.3636, 0.72288, 0.00637, 5.6036, 0.61502, 0.06222, 1.0649, 1.0213, 0.98411, 0.41313, 0.45584, 1.6729, 0.79496, 0.70903, 0.00082819, 4.2578, 0.84444, 0.0092977, 4.3615, 1.279, 0.062752, 0.87431, 0.99343, 0.84081, 0.33417, 0.35403, 1.307, 0.64403, 0.58199, -0.0043662, 1.951, 0.47313, 0.0033275, 3.3231, 0.89256, 0.058311, 1.2555, 1.0492, 1.1274, 0.49209, 0.55765, 2.0387, 0.9459, 0.83607, 0.0060226, 6.5647, 1.2157, 0.015268, 5.3999, 1.6654, 0.067193, 0.013429, 0.00028781, 0.0075896, 0.0023045, 0.0038313, 0.049474, 0.0084202, 0.0059654, 9.9727e-06, 1.9669, 0.050957, 1.3174e-05, 0.39854, 0.055189, 7.2894e-06, -0.040793, 0.93676, 0.59916, 0.23117, 0.31253, 0.78091, 0.4656, 0.38904, -0.0095109, -0.17276, -0.78563, -0.0097273, 1.5477, 0.08317, 0.053996, 2.1706, 1.1059, 1.3691, 0.59509, 0.59916, 2.5649, 1.1243, 1.029, 0.011167, 8.6884, 2.4745, 0.028323, 7.1753, 2.4748, 0.071508, 0.45189, 0.0026435, 0.05477, 0.012237, 0.0075914, 0.29407, 0.040095, 0.037846, 3.951e-05, 7.2556, 0.9821, 0.00013378, 2.9264, 0.52852, 2.8338e-05
178, 2.9316, 0.12257, 0.01642, 0.05456, 2.0833, 0.5054, 0.88511, 1.0062, 1.2225, 0.30699, 0.51742, 0.89602, 1.2241, 0.98361, 0.00046, 8.9831, 1.837, 0.00188, 5.539, 0.5022, 0.06809, 0.93143, 1.016, 1.23, 0.41631, 0.39647, 2.2019, 1.3344, 0.72361, 0.0070017, 5.139, 0.97699, 0.006029, 3.1969, 0.82712, 0.048636, 0.77834, 0.9868, 1.0292, 0.3522, 0.30165, 1.6745, 1.1346, 0.5945, 0.0014927, 3.3332, 0.61377, 0.001647, 2.0796, 0.46694, 0.041645, 1.0845, 1.0452, 1.4308, 0.48041, 0.49128, 2.7294, 1.5341, 0.85271, 0.012511, 6.9447, 1.3402, 0.010411, 4.3142, 1.1873, 0.055628, 0.0086619, 0.0003156, 0.014903, 0.0015188, 0.0033229, 0.10282, 0.014745, 0.0061606, 1.1217e-05, 1.2052, 0.048761, 7.0973e-06, 0.46139, 0.047949, 1.8065e-05, 0.47806, 0.93101, 0.54238, 0.23254, 0.051102, -1.5379, 0.60275, 0.38019, -0.002785, 0.94741, 0.23394, -0.012625, -0.044907, -0.36046, 0.014867, 1.3848, 1.101, 1.9177, 0.60008, 0.74183, 5.9417, 2.066, 1.067, 0.016788, 9.3305, 1.72, 0.024684, 6.4387, 2.0147, 0.082406, 0.075973, 0.0026713, 0.17478, 0.012482, 0.044086, 5.1693, 0.19784, 0.043591, 3.5401e-05, 6.4938, 0.20407, 0.00012862, 3.8844, 0.52128, 0.0004215
156, 6.5574, 0.12218, 0.03547, 0.13607, 1.9174, 0.31909, 0.36056, 1.0875, 0.69361, 0.36405, 0.44787, 4.3688, 1.4497, 0.54341, 0.00044, 2.9662, 0.83681, 0.0043, 2.268, 3.2194, 0.07002, 1.2002, 1.0206, 1.2087, 0.47204, 0.5463, 1.3036, 0.49105, 0.6966, 0.0030992, 4.4161, 0.84471, 0.010246, 4.3735, 1.6819, 0.061565, 1.0325, 0.99447, 1.0206, 0.39954, 0.46862, 0.85943, 0.36307, 0.578, -0.00085856, 2.2365, 0.46077, 0.0051316, 3.3677, 1.2979, 0.056663, 1.3679, 1.0468, 1.3969, 0.54454, 0.62398, 1.7477, 0.61902, 0.8152, 0.0070571, 6.5956, 1.2287, 0.015361, 5.3793, 2.0658, 0.066467, 0.010397, 0.00025283, 0.013083, 0.0019426, 0.0022304, 0.07291, 0.0060536, 0.0051985, 5.7897e-06, 1.7558, 0.054486, 9.669e-06, 0.37391, 0.054494, 8.8815e-06, 0.73494, 0.93662, 0.53628, 0.2824, 0.1252, -0.36125, 0.1825, 0.32769, -0.0060422, 0.050408, -0.12063, -0.0089145, 1.5715, 0.48685, 0.020514, 1.6655, 1.1046, 1.8812, 0.66168, 0.96741, 2.9684, 0.79959, 1.0655, 0.012241, 8.7818, 1.8101, 0.029407, 7.1756, 2.8769, 0.10262, 0.080007, 0.0026085, 0.16714, 0.013293, 0.065543, 1.0244, 0.035187, 0.050303, 3.0887e-05, 7.0445, 0.34443, 0.0001357, 2.902, 0.52783, 0.00062285
1, 6.2215, 0.12155, 0.01628, 0.09479, 2.0833, 0.31572, 1.9871, 0.958, 1.7262, 0.37289, 0.5704, 0.66887, 0.45233, 0.68311, 1e-05, 9.065, 0.79542, 0.00212, 1.375, 1.7917, 0.08933, 0.92758, 1.0304, 1.1613, 0.43439, 0.48946, 1.5194, 0.67782, 0.74754, 0.0045399, 4.6681, 0.83973, 0.0084361, 4.261, 1.7589, 0.057906, 0.74964, 1.0019, 0.95956, 0.36513, 0.40942, 1.0352, 0.52774, 0.62295, -0.00053475, 2.3762, 0.44722, 0.0031004, 3.2497, 1.3369, 0.051992, 1.1055, 1.0589, 1.3631, 0.50366, 0.56949, 2.0036, 0.8279, 0.87212, 0.0096146, 6.9599, 1.2323, 0.013772, 5.2724, 2.1809, 0.06382, 0.011703, 0.00030066, 0.015046, 0.0017734, 0.0023676, 0.086655, 0.008325, 0.005737, 9.5184e-06, 1.9414, 0.056946, 1.0523e-05, 0.37804, 0.065827, 1.2928e-05, 0.49038, 0.94565, 0.51891, 0.24844, 0.14495, -0.47594, 0.38078, 0.37372, -0.005013, 0.24528, -0.010412, -0.010436, 1.4578, 0.55114, 0.022716, 1.3648, 1.1152, 1.8037, 0.62034, 0.83396, 3.5147, 0.97486, 1.1214, 0.014093, 9.0909, 1.6899, 0.027308, 7.0642, 2.9667, 0.093096, 0.07065, 0.0026564, 0.15253, 0.01278, 0.043866, 1.4716, 0.032613, 0.051648, 3.373e-05, 7.2301, 0.26714, 0.00013164, 2.9044, 0.53916, 0.0004577
5, 6.0393, 0.11432, 0.0632, 0.45002, 1.3864, 0.32467, 1.7004, 1.0193, 1.1423, 0.94583, 0.25611, 1.3654, 0.36406, 0.79702, 0.00041, 9.4, 1.971, 0.01449, 4.4592, 4.2956, 0.05111, 1.147, 1.0206, 1.0011, 0.64779, 0.43428, 1.6937, 1.1429, 0.63788, 0.0033997, 6.5207, 0.71616, 0.016865, 2.3645, 2.0337, 0.066603, 0.9959, 0.99507, 0.84497, 0.55658, 0.34743, 1.3491, 1.0371, 0.53364, -0.00036732, 4.4282, 0.31218, 0.011719, 1.374, 1.7189, 0.06227, 1.2981, 1.0461, 1.1572, 0.73901, 0.52112, 2.0382, 1.2487, 0.74212, 0.0071667, 8.6132, 1.1201, 0.022012, 3.3549, 2.3485, 0.070936, 0.0084377, 0.00024083, 0.0090068, 0.0030755, 0.0027874, 0.043878, 0.0041379, 0.0040161, 5.2449e-06, 1.6184, 0.060321, 9.7902e-06, 0.3626, 0.036623, 6.9404e-06, 0.49687, 0.93678, 0.12086, 0.39069, 0.13273, 0.56858, 0.88799, 0.26166, -0.0043576, 2.1978, -1.0128, -0.002542, -0.42682, 0.8591, 0.042592, 1.7971, 1.1044, 1.8813, 0.9049, 0.73582, 2.8188, 1.3979, 1.0141, 0.011157, 10.844, 2.4451, 0.036272, 5.1557, 3.2083, 0.090614, 0.15622, 0.0025965, 0.28637, 0.024433, 0.033609, 0.46786, 0.024024, 0.052316, 2.2242e-05, 6.907, 1.1048, 0.00013921, 2.8797, 0.50996, 0.00021309
175, 6.5574, 0.11304, 0.03442, 0.26407, 1.9174, 0.37956, 0.89938, 1.0362, 0.50956, 0.56951, 0.32897, 0.59889, 1.5455, 0.52756, 0.00022, 1.3233, 0.51222, 0.02833, 2.892, 2.4425, 0.0537, 1.1415, 1.0357, 1.199, 0.5731, 0.51486, 1.6121, 0.53804, 0.64933, 0.0052616, 3.4741, 0.81314, 0.016036, 3.715, 2.2014, 0.062925, 0.99999, 1.0102, 1.0148, 0.47216, 0.42838, 1.1656, 0.43027, 0.5303, 0.001996, 1.205, 0.41365, 0.011346, 2.7111, 1.8527, 0.057651, 1.2829, 1.0612, 1.3832, 0.67404, 0.60133, 2.0587, 0.64582, 0.76836, 0.0085273, 5.7432, 1.2126, 0.020725, 4.7189, 2.5502, 0.068198, 0.0073968, 0.00023972, 0.012541, 0.0037661, 0.0027637, 0.073702, 0.0042935, 0.0052369, 3.9418e-06, 1.9031, 0.058987, 8.1296e-06, 0.3725, 0.044943, 1.0278e-05, 0.76481, 0.95189, 0.51704, 0.29913, 0.12394, -0.049331, 0.25018, 0.26684, -0.0020857, -0.93698, -0.30662, -0.0035469, 0.91368, 1.0173, 0.022396, 1.5181, 1.1195, 1.881, 0.84707, 0.90577, 3.2735, 0.82591, 1.0318, 0.012609, 7.8851, 1.9329, 0.035618, 6.5164, 3.3856, 0.10345, 0.052433, 0.0025954, 0.17191, 0.027743, 0.056482, 1.0203, 0.030628, 0.054074, 1.9953e-05, 7.1917, 0.46344, 0.00014174, 2.9006, 0.51828, 0.00060712
2, 6.5574, 0.11106, 0.03446, 0.37104, 1.9174, 0.41066, 1.1811, 0.92601, 1.4125, 0.551, 0.02888, 2.4606, 0.417, 0.5345, 0.00979, 3.9031, 0.39239, 0.03163, 3.508, 2.515, 0.05273, 1.1305, 1.0415, 1.1247, 0.51417, 0.48862, 1.4643, 0.85144, 0.71036, 0.0037888, 4.6505, 0.7215, 0.017699, 2.9518, 2.5069, 0.063616, 0.9737, 1.0156, 0.93517, 0.41572, 0.39863, 0.97707, 0.72958, 0.60385, 5.9559e-05, 2.1767, 0.35825, 0.012531, 1.9869, 2.1288, 0.057747, 1.2872, 1.0673, 1.3141, 0.61262, 0.57861, 1.9516, 0.97331, 0.81687, 0.007518, 7.1243, 1.0847, 0.022867, 3.9166, 2.8851, 0.069485, 0.0090823, 0.00024638, 0.013271, 0.0035823, 0.0029932, 0.087749, 0.0054891, 0.0041929, 5.1402e-06, 2.262, 0.04877, 9.8701e-06, 0.34407, 0.052853, 1.273e-05, 0.75535, 0.95755, 0.43395, 0.23069, 0.14126, -0.20513, 0.56138, 0.33532, -0.0035034, 0.13071, -0.49414, -0.0022878, 0.16417, 1.3138, 0.023487, 1.5056, 1.1254, 1.8154, 0.79764, 0.83598, 3.1338, 1.1415, 1.0854, 0.011081, 9.1703, 1.9371, 0.037686, 5.7394, 3.7001, 0.10374, 0.052006, 0.0026021, 0.17633, 0.029701, 0.044596, 1.0301, 0.031097, 0.051987, 1.9654e-05, 7.5506, 0.5462, 0.00014765, 2.8721, 0.52619, 0.00059519
154, 6.5574, 0.10993, 0.11064, 0.37139, 1.1799, 0.1906, 0.51055, 1.0441, 1.8096, 0.61252, 0.27059, 1.6937, 1.3049, 0.60625, 2e-05, 5.3413, 1.0398, 0.01325, 1.4627, 3.3013, 0.07146, 1.1141, 1.0335, 0.9718, 0.54723, 0.49844, 2.0715, 1.6536, 0.72731, 0.0028863, 3.8105, 0.70456, 0.018125, 3.6136, 1.7178, 0.066734, 0.93759, 1.0066, 0.82952, 0.44928, 0.4152, 1.7757, 1.5437, 0.61267, -0.0013153, 1.6604, 0.33287, 0.012818, 2.6246, 1.3809, 0.063116, 1.2906, 1.0605, 1.1141, 0.64518, 0.58169, 2.3672, 1.7635, 0.84194, 0.007088, 5.9605, 1.0763, 0.023433, 4.6025, 2.0547, 0.070352, 0.011514, 0.00026862, 0.0074823, 0.0035461, 0.0025613, 0.032339, 0.0044628, 0.0048573, 6.525e-06, 1.7086, 0.051065, 1.0412e-05, 0.3615, 0.041953, 4.8374e-06, 0.28322, 0.94927, 0.15865, 0.26115, 0.15884, 1.0995, 1.3601, 0.41034, -0.0045625, -0.54053, -1.0624, 7.6559e-05, 0.8176, 0.53707, 0.051517, 1.945, 1.1178, 1.7849, 0.8333, 0.83805, 3.0434, 1.9471, 1.0443, 0.010335, 8.1615, 2.4716, 0.036174, 6.4095, 2.8985, 0.081951, 0.25516, 0.0026243, 0.24439, 0.030249, 0.042628, 0.34917, 0.031849, 0.037134, 2.0508e-05, 6.9972, 1.154, 0.0001204, 2.8894, 0.51529, 8.5585e-05
157, 6.5574, 0.10961, 0.14472, 0.52977, 0.81121, 0.16569, 0.51746, 0.94211, 1.4635, 0.78232, 0.56176, 5.8578, 8.371, 0.05984, 0.00662, 5.3688, 0.91618, 0.03139, 1.3169, 1.2029, 0.08849, 1.1853, 1.0343, 0.88974, 0.56667, 0.46107, 1.5246, 0.60196, 0.65607, 0.0068825, 6.3953, 0.75128, 0.012044, 3.0877, 1.8823, 0.058699, 0.94637, 0.99924, 0.73297, 0.42911, 0.3383, 1.0947, 0.41364, 0.50505, 0.0022279, 3.5431, 0.32493, 0.0039198, 1.7071, 1.3749, 0.05276, 1.4242, 1.0694, 1.0465, 0.70424, 0.58384, 1.9545, 0.79029, 0.80708, 0.011537, 9.2475, 1.1776, 0.020168, 4.4684, 2.3897, 0.064639, 0.021097, 0.00045437, 0.0090834, 0.0069945, 0.0055706, 0.06831, 0.013109, 0.0084292, 8.008e-06, 3.0068, 0.067184, 2.4396e-05, 0.70454, 0.095147, 1.3039e-05, 0.42007, 0.9471, 0.50877, 0.29833, 0.19695, 0.61047, 0.26427, 0.33145, -0.00083304, 1.6578, -1.3046, -0.0059374, 0.13047, 0.64213, 0.047836, 1.9505, 1.1215, 1.2707, 0.83501, 0.72519, 2.4387, 0.93966, 0.98069, 0.014598, 11.133, 2.8071, 0.030026, 6.045, 3.1225, 0.069562, 0.21643, 0.0028101, 0.053643, 0.026615, 0.025784, 0.30886, 0.04215, 0.038948, 2.2003e-05, 8.2955, 1.5622, 0.00011951, 3.2324, 0.56848, 4.3618e-05
97, 6.5574, 0.1049, 0.07474, 0.41345, 0.88496, 0.25882, 0.99733, 1.0786, 0.67899, 0.7679, 0.59358, 1.6858, 0.26835, 0.50696, 0.00351, 1.9904, 0.30603, 0.03217, 2.6683, 1.047, 0.06267, 1.1202, 1.0282, 0.9673, 0.62762, 0.43723, 1.8853, 1.2382, 0.70956, 0.00081754, 6.3326, 0.7907, 0.017111, 3.412, 1.9601, 0.069159, 0.95681, 1.0026, 0.82126, 0.54394, 0.35333, 1.5773, 1.1325, 0.60049, -0.0025162, 4.635, 0.41015, 0.011874, 2.4489, 1.598, 0.065319, 1.2836, 1.0537, 1.1133, 0.7113, 0.52113, 2.1933, 1.344, 0.81864, 0.0041513, 8.0302, 1.1712, 0.022348, 4.3751, 2.3223, 0.072998, 0.009869, 0.00024119, 0.0078827, 0.0025881, 0.0026017, 0.035059, 0.0041342, 0.0043974, 4.1079e-06, 1.0652, 0.053525, 1.0137e-05, 0.34284, 0.048473, 5.4499e-06, 0.28984, 0.94437, 0.60699, 0.34769, 0.22885, 1.0153, 0.95429, 0.36843, -0.0055686, 2.1865, -1.262, -0.0033075, 0.6251, 0.77195, 0.060896, 1.9506, 1.112, 1.3276, 0.90754, 0.64561, 2.7553, 1.5222, 1.0507, 0.0072037, 10.479, 2.8434, 0.037529, 6.1989, 3.1483, 0.077421, 0.25486, 0.0025969, 0.047985, 0.028962, 0.016049, 0.27978, 0.029801, 0.043012, 1.5074e-05, 6.3538, 1.5573, 0.00015409, 2.8707, 0.52181, 2.5235e-05
118, 6.5574, 0.1047, 0.0838, 0.50605, 0.88496, 0.24638, 0.8706, 1.074, 0.64377, 0.86394, 0.58756, 2.2467, 0.40053, 0.66611, 0.00057, 9.965, 0.31629, 0.01586, 3.4083, 2.1609, 0.08053, 1.1619, 1.0166, 0.99033, 0.61491, 0.43051, 1.9624, 1.8334, 0.54857, 0.0022443, 5.6663, 0.78888, 0.016516, 2.7424, 2.0018, 0.065774, 0.96533, 0.98603, 0.84213, 0.49717, 0.32523, 1.6137, 1.6998, 0.41421, -0.0016959, 3.1394, 0.36758, 0.0098661, 1.5316, 1.5839, 0.061484, 1.3585, 1.0473, 1.1385, 0.73265, 0.5358, 2.311, 1.967, 0.68293, 0.0061844, 8.1933, 1.2102, 0.023166, 3.9531, 2.4198, 0.070063, 0.014285, 0.00034659, 0.0081171, 0.0051236, 0.0040973, 0.044927, 0.0065973, 0.0066724, 5.7382e-06, 2.3601, 0.065601, 1.6346e-05, 0.54183, 0.064561, 6.8015e-06, 0.39515, 0.93114, 0.62442, 0.3508, 0.19144, 1.0757, 1.5377, 0.20373, -0.0044653, 1.1173, -1.3213, -0.0038368, -0.13951, 0.79549, 0.057096, 1.9287, 1.1022, 1.3562, 0.87902, 0.66959, 2.8491, 2.1291, 0.89341, 0.0089539, 10.215, 2.8991, 0.036869, 5.6242, 3.2082, 0.074451, 0.21731, 0.0027023, 0.049487, 0.025782, 0.021126, 0.29059, 0.032323, 0.043953, 1.664e-05, 7.6488, 1.6459, 0.00015311, 3.0697, 0.5379, 2.7831e-05
50, 6.5574, 0.10461, 0.15315, 0.41232, 0.81121, 0.1496, 1.0057, 1.0994, 0.74226, 0.77687, 0.46934, 1.5632, 0.47828, 0.75392, 0.01062, 8.0815, 0.75229, 0.03369, 3.6071, 0.93623, 0.05121, 1.0823, 1.0242, 1.048, 0.62874, 0.48766, 2.6345, 3.6636, 0.66557, 0.0047156, 4.6777, 0.78064, 0.014232, 3.3078, 1.6944, 0.071575, 0.86319, 0.99107, 0.88866, 0.53105, 0.38968, 2.2067, 3.4739, 0.54209, -0.00037065, 2.522, 0.39127, 0.0076383, 2.1747, 1.2085, 0.06508, 1.3015, 1.0572, 1.2072, 0.72643, 0.58565, 3.0622, 3.8533, 0.78905, 0.0098018, 6.8334, 1.17, 0.020826, 4.4409, 2.1803, 0.07807, 0.017752, 0.00040455, 0.0093783, 0.0035274, 0.0035488, 0.06763, 0.013304, 0.0056355, 9.5617e-06, 1.7176, 0.056035, 1.6071e-05, 0.47454, 0.087265, 1.5592e-05, 0.24757, 0.93774, 0.65729, 0.3441, 0.22002, 1.7212, 3.3269, 0.35706, -0.0027716, 0.32389, -1.1931, -0.003005, 0.45766, 0.46284, 0.060132, 1.9171, 1.1106, 1.4386, 0.91338, 0.75531, 3.5477, 4.0003, 0.97407, 0.012203, 9.0315, 2.7544, 0.03147, 6.1579, 2.926, 0.083018, 0.25756, 0.0027602, 0.05641, 0.029945, 0.026476, 0.30825, 0.041893, 0.035178, 2.0719e-05, 7.0062, 1.4399, 0.00010982, 3.0024, 0.5606, 4.8398e-05
158, 7.6378, 0.10199, 0.00844, 0.3395, 6.0476, 0.45183, 1.2473, 1.0941, 0.79235, 0.25032, 0.73413, 6.2955, 1.2774, 0.92586, 0.01334, 0.36817, 0.5912, 0.00664, 1.6783, 3.542, 0.04725, 1.0633, 1.0228, 1.3295, 0.50204, 0.43771, 1.6591, 1.0118, 0.65505, 0.0038778, 4.2415, 0.73435, 0.020409, 3.4997, 3.1806, 0.059372, 0.7532, 0.98486, 1.0255, 0.34814, 0.26813, 0.28406, 0.45789, 0.46785, -0.0022639, 0.65934, 0.31443, 0.010205, 1.8868, 1.6282, 0.048705, 1.3734, 1.0607, 1.6335, 0.65593, 0.60728, 3.0342, 1.5657, 0.84225, 0.010019, 7.8236, 1.1543, 0.030612, 5.1126, 4.733, 0.070038, 0.035538, 0.00053185, 0.034165, 0.0087535, 0.010629, 0.69886, 0.1134, 0.012953, 1.3942e-05, 4.7427, 0.065173, 3.8479e-05, 0.96149, 0.89075, 4.2052e-05, 0.34622, 0.93441, 0.6069, 0.1563, 0.14705, -1.3933, 0.32001, 0.29704, -0.0042302, -0.96817, 0.16544, -0.0018364, 0.42693, 1.2595, 0.035549, 1.7803, 1.1112, 2.0521, 0.84778, 0.72836, 4.7115, 1.7036, 1.013, 0.011986, 9.4511, 1.3033, 0.042653, 6.5725, 5.1017, 0.083195, 0.19005, 0.0028875, 0.19298, 0.044182, 0.031225, 3.4438, 0.17688, 0.047372, 2.4298e-05, 10.031, 0.11963, 0.0001829, 3.4899, 1.3641, 0.00020977
4, 2, 0.09264, 0.04073, 0.34991, 2, 0.79893, 0.56615, 1.098, 1.1462, 0.2966, 0.42366, 0.74537, 2.0915, 0.90745, 0.01102, 3.9385, 1.9587, 0.02522, 1.3313, 1.0788, 0.06602, 0.79208, 1.0332, 1.2559, 0.46404, 0.52023, 3.4664, 1.4491, 0.66876, 0.0015007, 3.2854, 0.91784, 0.012612, 3.4482, 1.4938, 0.055465, 0.64403, 1.0049, 1.0104, 0.35726, 0.42866, 2.8696, 1.2031, 0.58862, -0.0031667, 1.3291, 0.54357, 0.0068242, 2.2373, 1.1213, 0.050468, 0.94012, 1.0615, 1.5014, 0.57083, 0.6118, 4.0632, 1.6952, 0.7489, 0.0061681, 5.2416, 1.2921, 0.0184, 4.6592, 1.8663, 0.060461, 0.0081011, 0.0002952, 0.022279, 0.004215, 0.0030993, 0.13166, 0.02237, 0.002374, 8.0519e-06, 1.4145, 0.051774, 1.2382e-05, 0.54199, 0.051294, 9.2282e-06, 0.45019, 0.94852, 0.34701, 0.082664, 0.15352, -0.50679, 0.52038, 0.53108, -0.0047958, -0.97323, -0.16324, -0.013069, 0.42653, 0.30242, 0.025035, 1.134, 1.1179, 2.1647, 0.84543, 0.88694, 7.4396, 2.3779, 0.80644, 0.0077973, 7.5439, 1.9989, 0.038294, 6.4699, 2.6852, 0.085894, 0.043202, 0.0026509, 0.30532, 0.053761, 0.049704, 5.8348, 0.31882, 0.0070064, 1.4654e-05, 6.7031, 0.43198, 0.00024377, 3.3748, 0.52463, 0.00034225
141, 2, 0.09264, 0.05925, 0.34991, 2, 0.67782, 0.3795, 0.97384, 1.447, 0.37479, 0.61597, 1.6727, 0.18878, 0.71181, 0, 8.8944, 1.4525, 0.00284, 5.1829, 1.9931, 0.09282, 0.88804, 1.0501, 1.1971, 0.46935, 0.48879, 2.9461, 1.2345, 0.77131, 0.0086979, 1.9597, 0.97558, 0.012838, 2.8992, 1.4492, 0.050918, 0.74953, 1.0223, 0.96846, 0.36856, 0.40117, 2.4179, 1.0195, 0.69393, 0.003582, 0.001725, 0.59873, 0.0078369, 1.7563, 1.0961, 0.046491, 1.0265, 1.0779, 1.4257, 0.57014, 0.57641, 3.4743, 1.4495, 0.8487, 0.013814, 3.9176, 1.3524, 0.017838, 4.0421, 1.8024, 0.055345, 0.0070906, 0.00028579, 0.019315, 0.0037547, 0.0028375, 0.10312, 0.017086, 0.0022133, 9.6739e-06, 1.4169, 0.05249, 9.2431e-06, 0.48277, 0.046096, 7.244e-06, 0.55075, 0.96557, 0.36356, 0.089188, 0.1266, -0.96948, 0.31518, 0.59832, 0.0020674, -2.2997, -0.11229, -0.012055, -0.095917, 0.26377, 0.017023, 1.2253, 1.1346, 2.0306, 0.84952, 0.85098, 6.8617, 2.1538, 0.94431, 0.015328, 6.219, 2.0634, 0.037731, 5.8943, 2.6347, 0.084813, 0.042047, 0.0026415, 0.25678, 0.053418, 0.048485, 5.6669, 0.31239, 0.011061, 1.6249e-05, 6.7055, 0.43742, 0.00022903, 3.3157, 0.51943, 0.00042463
148, 2, 0.09264, 0.0219, 0.34991, 1.8182, 0.97622, 0.41015, 1.0878, 1.5688, 0.10212, 0.38975, 5.2443, 1.1517, 0.58688, 0.00191, 0.57458, 1.6995, 0.04551, 1.4148, 1.8326, 0.09028, 0.7315, 1.0313, 1.2522, 0.47201, 0.5417, 3.6259, 2.1139, 0.81789, 0.011353, 4.1778, 0.95656, 0.011585, 3.3891, 1.2659, 0.055533, 0.55127, 1.0011, 0.97773, 0.35097, 0.43177, 2.8666, 1.7876, 0.72603, 0.0043794, 1.9254, 0.57583, 0.0039078, 1.9843, 0.82401, 0.04846, 0.91174, 1.0615, 1.5267, 0.59305, 0.65163, 4.3852, 2.4401, 0.90974, 0.018327, 6.4302, 1.3373, 0.019263, 4.7938, 1.7077, 0.062605, 0.012006, 0.00033785, 0.027844, 0.0054147, 0.0044665, 0.2131, 0.039353, 0.0031186, 1.7975e-05, 1.8752, 0.053576, 2.1786e-05, 0.72938, 0.072165, 1.8489e-05, 0.31086, 0.94594, 0.44122, 0.087725, 0.19981, 0.23932, 1.1562, 0.66448, 0.0031832, -0.22472, -0.23834, -0.013403, 0.28941, 0.05102, 0.025106, 1.1521, 1.1167, 2.0632, 0.85629, 0.88359, 7.0124, 3.0715, 0.97129, 0.019523, 8.5803, 2.1515, 0.036573, 6.4887, 2.4807, 0.085959, 0.065399, 0.0026935, 0.24309, 0.054582, 0.043203, 4.239, 0.33898, 0.0086981, 2.467e-05, 7.1638, 0.52773, 0.00023078, 3.5512, 0.5455, 0.00034217
85, 1.5, 0.08881, 0.13334, 0.14145, 0.93633, 0.2675, 0.30551, 1.0602, 1.9406, 0.41516, 0.16556, 2.2003, 0.82535, 0.8099, 0.00011, 8.6459, 1.8966, 0.0011, 1.381, 0.93641, 0.05191, 0.9187, 1.0229, 0.9388, 0.51852, 0.38188, 1.277, 0.48918, 0.70419, 0.0028164, 5.2896, 0.89425, 0.0039369, 4.9283, 0.78818, 0.041101, 0.66983, 0.98405, 0.73807, 0.41357, 0.24996, 0.56522, 0.15368, 0.55406, -0.0037438, 2.6065, 0.47109, -0.0024951, 3.6749, 0.29007, 0.033178, 1.1676, 1.0618, 1.1395, 0.62348, 0.51381, 1.9888, 0.82468, 0.85433, 0.0093767, 7.9726, 1.3174, 0.010369, 6.1817, 1.2863, 0.049025, 0.022892, 0.00055787, 0.014892, 0.0040715, 0.006433, 0.18727, 0.041603, 0.0083314, 1.5907e-05, 2.6607, 0.066185, 1.5291e-05, 0.58067, 0.091705, 2.3204e-05, -0.22226, 0.93411, 0.49265, 0.2388, 0.088203, -0.37126, -0.66438, 0.3665, -0.0049422, 0.65198, -0.66454, -0.014401, 2.0221, -0.44825, 0.028804, 2.0597, 1.1117, 1.3849, 0.79824, 0.67557, 2.9253, 1.6427, 1.0419, 0.010575, 9.9272, 2.4531, 0.022275, 7.8345, 2.0246, 0.053399, 0.48116, 0.0029136, 0.073569, 0.028919, 0.031879, 1.0042, 0.49185, 0.042149, 2.2249e-05, 7.9493, 0.8981, 0.00012429, 3.1218, 0.56504, 5.5898e-05
10, 4.56, 0.08105, 0.04323, 0.3, 2.0833, 0.43786, 0.51249, 1.0954, 1.2942, 0.51115, 0.63118, 2.4692, 0.86357, 0.75153, 0.00029, 3.0187, 1.2588, 0.01808, 5.6359, 2.9373, 0.05629, 1.1713, 1.0437, 1.1783, 0.53149, 0.42389, 1.524, 0.6435, 0.75156, 0.0045323, 2.5815, 0.7616, 0.016255, 4.6499, 1.9531, 0.052934, 1.0521, 1.0168, 0.96671, 0.43514, 0.32806, 1.0731, 0.54185, 0.6397, 0.0015251, 0.43, 0.3493, 0.012067, 3.6917, 1.6588, 0.04785, 1.2904, 1.0706, 1.3898, 0.62784, 0.51973, 1.9749, 0.74516, 0.86341, 0.0075395, 4.7329, 1.1739, 0.020444, 5.6082, 2.2473, 0.058018, 0.0052483, 0.00026767, 0.016544, 0.0034312, 0.0033945, 0.075149, 0.0038194, 0.0046244, 3.3425e-06, 1.7108, 0.06283, 6.4854e-06, 0.33942, 0.032001, 9.5531e-06, 0.8618, 0.95946, 0.51728, 0.049084, 0.036103, -1.0795, 0.42873, 0.35501, -0.00019082, -1.7703, -0.35714, -0.012744, 2.1297, 0.78379, 0.01785, 1.4807, 1.128, 1.8393, 1.0139, 0.81168, 4.1275, 0.85827, 1.1481, 0.0092555, 6.9332, 1.8803, 0.045255, 7.1702, 3.1223, 0.088019, 0.035398, 0.0026234, 0.16149, 0.086013, 0.055583, 2.5053, 0.017049, 0.058123, 8.2453e-06, 6.9995, 0.4626, 0.00031083, 2.3477, 0.50534, 0.00045495
29, 4.56, 0.08105, 0.08646, 0.2, 1.0417, 0.23453, 1.6219, 1.0406, 0.62635, 0.57732, 0.38073, 1.4634, 0.56523, 0.5145, 0.00115, 2.8791, 0.18924, 0.02803, 6.9276, 0.79508, 0.06654, 1.0539, 1.041, 1.0792, 0.55233, 0.37358, 1.398, 0.54584, 0.77427, 0.0039596, 2.9821, 1.0196, 0.010465, 3.6104, 1.2177, 0.051964, 0.90474, 1.0109, 0.90455, 0.48153, 0.28994, 1.0347, 0.40861, 0.63684, -0.0015116, 1.0114, 0.6891, 0.0057315, 2.4336, 0.90941, 0.047078, 1.203, 1.0712, 1.2538, 0.62314, 0.45722, 1.7612, 0.68307, 0.91169, 0.0094309, 4.9529, 1.3501, 0.015199, 4.7873, 1.526, 0.05685, 0.0082195, 0.00033574, 0.011271, 0.001853, 0.0025859, 0.048771, 0.0069605, 0.0069802, 1.1064e-05, 1.4355, 0.04037, 8.2824e-06, 0.51191, 0.035129, 8.8226e-06, -0.072447, 0.95569, 0.46667, 0.21656, 0.16097, 0.39174, 0.30402, 0.42738, -0.0026415, -1.2831, -0.74914, -0.012795, 2.1585, 0.044813, 0.041247, 2.1802, 1.1264, 1.6917, 0.88811, 0.58619, 2.4042, 0.78765, 1.1212, 0.010561, 7.2474, 2.7883, 0.033725, 5.0624, 2.3906, 0.06268, 0.46888, 0.0026914, 0.13866, 0.041672, 0.016708, 0.37422, 0.021613, 0.044476, 1.6106e-05, 6.7241, 1.1563, 0.00019997, 0.77921, 0.50846, 4.2447e-05
125, 4.56, 0.08105, 0.04323, 0.3, 2.0833, 0.43786, 0.57076, 1.0672, 1.0782, 0.82847, 0.78171, 1.2926, 0.89715, 0.93874, 0.00121, 6.808, 0.53455, 0.0319, 8.3657, 2.9677, 0.08395, 1.1713, 1.0437, 1.1783, 0.53149, 0.42389, 1.524, 0.6435, 0.75156, 0.0045323, 2.5815, 0.7616, 0.016255, 4.6499, 1.9531, 0.052934, 1.0521, 1.0168, 0.96671, 0.43514, 0.32806, 1.0731, 0.54185, 0.6397, 0.0015251, 0.43, 0.3493, 0.012067, 3.6917, 1.6588, 0.04785, 1.2904, 1.0706, 1.3898, 0.62784, 0.51973, 1.9749, 0.74516, 0.86341, 0.0075395, 4.7329, 1.1739, 0.020444, 5.6082, 2.2473, 0.058018, 0.0052483, 0.00026767, 0.016544, 0.0034312, 0.0033945, 0.075149, 0.0038194, 0.0046244, 3.3425e-06, 1.7108, 0.06283, 6.4854e-06, 0.33942, 0.032001, 9.5531e-06, 0.8618, 0.95946, 0.51728, 0.049084, 0.036103, -1.0795, 0.42873, 0.35501, -0.00019082, -1.7703, -0.35714, -0.012744, 2.1297, 0.78379, 0.01785, 1.4807, 1.128, 1.8393, 1.0139, 0.81168, 4.1275, 0.85827, 1.1481, 0.0092555, 6.9332, 1.8803, 0.045255, 7.1702, 3.1223, 0.088019, 0.035398, 0.0026234, 0.16149, 0.086013, 0.055583, 2.5053, 0.017049, 0.058123, 8.2453e-06, 6.9995, 0.4626, 0.00031083, 2.3477, 0.50534, 0.00045495
142, 4.56, 0.08105, 0.04323, 0.2, 2.0833, 0.37977, 0.70575, 0.98823, 1.4376, 0.68811, 0.89367, 0.7368, 0.02477, 0.81933, 0.00801, 1.569, 0.97, 0.04414, 6.532, 0.75536, 0.0553, 1.1014, 1.0458, 1.1537, 0.58615, 0.40604, 1.4969, 0.75279, 0.70474, 0.00030505, 2.1389, 1.0388, 0.011686, 5.2247, 1.7952, 0.052008, 0.98166, 1.0179, 0.93948, 0.51789, 0.33323, 1.0653, 0.66007, 0.57746, -0.0031073, 0.35198, 0.72593, 0.0075138, 4.4414, 1.497, 0.047668, 1.2211, 1.0736, 1.3679, 0.65442, 0.47885, 1.9286, 0.84551, 0.83202, 0.0037174, 3.9258, 1.3516, 0.015858, 6.0081, 2.0935, 0.056348, 0.0052963, 0.00028696, 0.016961, 0.0017227, 0.0019595, 0.068858, 0.0031774, 0.0059878, 4.3037e-06, 1.1802, 0.03617, 6.4339e-06, 0.22681, 0.032883, 6.9627e-06, 0.76637, 0.96121, 0.50372, 0.24976, 0.015001, -1.1072, 0.54021, 0.29498, -0.0046884, -2.0446, 0.041332, -0.017294, 2.7645, 0.62494, 0.015991, 1.4364, 1.1303, 1.8037, 0.92255, 0.79708, 4.1011, 0.96537, 1.1145, 0.0052985, 6.3224, 2.0362, 0.040666, 7.6849, 2.9655, 0.088025, 0.041479, 0.0026427, 0.15615, 0.041826, 0.056517, 2.5066, 0.016703, 0.06206, 9.2163e-06, 6.4688, 0.36771, 0.00031041, 2.2371, 0.50622, 0.00047947
184, 4.56, 0.08105, 0.02882, 0.2, 3.125, 0.47855, 0.49934, 1.0633, 1.2089, 0.51208, 0.61336, 3.274, 0.87046, 0.80291, 0.00028, 3.3333, 1.6087, 0.04241, 1.5459, 3.577, 0.05423, 1.0768, 1.0356, 1.3118, 0.61043, 0.42269, 1.7532, 1.0077, 0.68767, 0.0047923, 1.954, 0.72165, 0.011851, 5.4061, 1.9501, 0.051463, 0.94827, 1.0062, 1.0322, 0.53009, 0.3302, 1.0858, 0.85265, 0.54506, 0.0017467, -0.44246, 0.35134, 0.0068563, 4.4233, 1.4243, 0.045275, 1.2053, 1.065, 1.5915, 0.69077, 0.51518, 2.4207, 1.1627, 0.83028, 0.007838, 4.3505, 1.092, 0.016845, 6.3889, 2.4759, 0.057651, 0.0061052, 0.00031932, 0.028914, 0.0023857, 0.0031619, 0.16466, 0.0088833, 0.0075167, 3.4285e-06, 2.1227, 0.050686, 9.22e-06, 0.357, 0.10218, 1.4154e-05, 0.57762, 0.95055, 0.60095, 0.27188, 0.19892, -4.2912, 0.76046, 0.31275, 2.885e-05, -2.5239, 0.10794, -0.016193, 2.6184, 0.70225, 0.023764, 1.576, 1.1207, 2.0227, 0.94898, 0.64646, 7.7977, 1.2549, 1.0626, 0.0095558, 6.4319, 1.3354, 0.039894, 8.1939, 3.1979, 0.079163, 0.092097, 0.002675, 0.18679, 0.042364, 0.018507, 13.504, 0.02259, 0.051956, 8.3867e-06, 7.4113, 0.13921, 0.00029067, 2.8724, 0.57552, 0.00028359
120, 1.4992, 0.0801, 0.01666, 0.05737, 1.9844, 0.55652, 0.99605, 1.0185, 0.6666, 0.36728, 0.12933, 0.96556, 0.78901, 0.66703, 0.00318, 2.3292, 1.998, 0.00272, 2.2582, 0.38454, 0.06665, 0.77503, 1.0174, 1.2635, 0.43307, 0.4451, 2.8946, 1.4349, 0.77054, 0.0020472, 6.1481, 0.97005, 0.0059325, 4.0901, 0.6472, 0.056151, 0.55473, 0.97812, 1.0316, 0.34487, 0.30497, 2.1959, 1.1044, 0.59749, -0.0036379, 3.7726, 0.56051, -0.00012859, 2.421, 0.13146, 0.047546, 0.99533, 1.0567, 1.4954, 0.52127, 0.58522, 3.5933, 1.7653, 0.9436, 0.0077322, 8.5235, 1.3796, 0.011994, 5.7592, 1.1629, 0.064755, 0.017938, 0.00057094, 0.019882, 0.0028752, 0.0072577, 0.18045, 0.040356, 0.01107, 1.1946e-05, 2.0857, 0.061992, 1.3578e-05, 1.0297, 0.098311, 2.7367e-05, 0.25997, 0.92844, 0.50931, 0.18482, 0.070461, -1.231, 0.34015, 0.45793, -0.0047985, 1.6814, 0.071291, -0.019906, 0.97519, -0.59643, 0.019053, 1.2901, 1.1064, 2.0177, 0.68131, 0.81973, 7.0202, 2.5296, 1.0832, 0.0088928, 10.615, 1.8688, 0.031771, 7.2049, 1.8908, 0.093248, 0.098054, 0.0029266, 0.21025, 0.022777, 0.051875, 6.291, 0.44295, 0.036122, 1.7321e-05, 7.3743, 0.29856, 0.00024676, 3.5861, 0.57165, 0.00050867
48, 2, 0.062, 0.15337, 0.59912, 1.1719, 0.38897, 0.83042, 1.0811, 0.68945, 0.58865, 0.28196, 1.5555, 0.81505, 0.58224, 0.00044, 3.7151, 1.1254, 0.00691, 1.0474, 1.95, 0.04357, 1.088, 1.0344, 1.1293, 0.496, 0.36556, 1.4221, 1.9901, 0.5812, 0.0045888, 2.2348, 0.75427, 0.0080179, 2.809, 1.7619, 0.037328, 0.87797, 0.9924, 0.91287, 0.37926, 0.24493, 0.90154, 1.6234, 0.41262, -0.0023865, -0.11073, 0.33239, 0.00054001, 1.096, 1.2565, 0.032036, 1.298, 1.0765, 1.3458, 0.61274, 0.48619, 1.9426, 2.3568, 0.74979, 0.011564, 4.5804, 1.1761, 0.015496, 4.522, 2.2673, 0.04262, 0.016302, 0.00065302, 0.017316, 0.0050371, 0.0053786, 0.10015, 0.049702, 0.010505, 1.7983e-05, 2.0335, 0.065785, 2.0669e-05, 1.0846, 0.094408, 1.0351e-05, 0.40708, 0.94421, 0.21303, 0.24173, 0.125, -0.27211, 1.1683, 0.20132, -0.003636, -2.216, -1.1249, -0.0095422, -0.3817, 0.52256, 0.020297, 1.7689, 1.1247, 2.0456, 0.75026, 0.60613, 3.1162, 2.8119, 0.96108, 0.012814, 6.6857, 2.6335, 0.025578, 5.9997, 3.0013, 0.054359, 0.17136, 0.0030087, 0.31032, 0.023896, 0.021389, 1.0609, 0.24962, 0.053338, 2.5003e-05, 7.3221, 1.3052, 0.00011397, 3.7628, 0.56774, 0.00010721
77, 2, 0.062, 0.19719, 0.3497, 0.91146, 0.29321, 1.2213, 1.0953, 0.74592, 0.71968, 0.41801, 0.92691, 1.4921, 0.69262, 0.00031, 0.51538, 0.91246, 0.00492, 2.4094, 1.0774, 0.02778, 0.93751, 1.0349, 1.2749, 0.47944, 0.38127, 1.3639, 1.5272, 0.77912, 0.0045918, 3.3483, 0.90984, 0.010217, 5.2887, 1.3569, 0.042816, 0.69923, 0.98989, 1.0421, 0.34508, 0.24159, 0.72756, 1.119, 0.61552, -0.0029976, 0.36076, 0.49526, 0.0025516, 3.5671, 0.75149, 0.03442, 1.1758, 1.0798, 1.5076, 0.61381, 0.52094, 2.0002, 1.9355, 0.94271, 0.012181, 6.3359, 1.3244, 0.017881, 7.0104, 1.9624, 0.051211, 0.020986, 0.00074766, 0.020024, 0.0066726, 0.0072105, 0.14966, 0.061608, 0.0098918, 2.1289e-05, 3.299, 0.063528, 2.1715e-05, 1.0956, 0.13548, 2.6054e-05, 0.03149, 0.94323, 0.83783, 0.13274, 0.09507, -0.11808, 0.66574, 0.42274, -0.0042003, -1.4719, -0.88732, -0.0067814, 2.1134, 0.073501, 0.028327, 1.8435, 1.1265, 1.7119, 0.82615, 0.66746, 2.8459, 2.3887, 1.1355, 0.013384, 8.1685, 2.707, 0.027214, 8.464, 2.6404, 0.057304, 0.30341, 0.0031034, 0.070595, 0.044429, 0.030274, 0.81176, 0.27432, 0.046942, 2.8571e-05, 8.5876, 1.1938, 0.00010679, 3.7266, 0.60882, 7.7586e-05
185, 2, 0.062, 0.09678, 0.59912, 1.4706, 0.51595, 0.84187, 1.0902, 1.0097, 0.58218, 0.5703, 2.0276, 2.0771, 0.46133, 0.00733, 1.0192, 0.61926, 0.01738, 1.8395, 2.7178, 0.03363, 1.0357, 1.0332, 1.1447, 0.48702, 0.27328, 1.9511, 1.02, 0.63276, 0.0014699, 3.0906, 0.78115, 0.0065266, 2.5498, 1.8518, 0.045502, 0.84454, 0.99162, 0.90403, 0.36874, 0.15689, 1.4291, 0.69809, 0.45789, -0.0058449, 0.67689, 0.35751, -0.00044246, 0.83689, 1.3773, 0.040306, 1.2269, 1.0748, 1.3854, 0.60531, 0.38967, 2.473, 1.3418, 0.80762, 0.0087848, 5.5043, 1.2048, 0.013496, 4.2627, 2.3264, 0.050697, 0.013512, 0.00063892, 0.021415, 0.0051717, 0.0050072, 0.10069, 0.038292, 0.011302, 1.9777e-05, 2.1533, 0.066336, 1.7951e-05, 1.0845, 0.083226, 9.9775e-06, 0.44368, 0.94318, 0.31132, 0.23201, 0.032585, -0.26433, 0.22841, 0.28565, -0.0070058, -1.3966, -0.95742, -0.013425, -0.6704, 0.62474, 0.013686, 1.6278, 1.1232, 1.9782, 0.74204, 0.51397, 4.1665, 1.8115, 0.97986, 0.0099456, 7.5777, 2.5197, 0.026479, 5.77, 3.079, 0.077317, 0.12956, 0.0029946, 0.25673, 0.024037, 0.021413, 1.8141, 0.23158, 0.04453, 2.6552e-05, 7.442, 1.1172, 0.00014714, 3.8328, 0.55656, 0.00037413
