Run #, RV_column1, RV_column2, RV_column3, RV_column4, RV_column5, RV_column6, bwpar_1, bwpar_2, bwpar_3, bwpar_4, bwpar_5, bwpar_6, bwpar_7, bwpar_8, bwpar_9, bwpar_10, bwpar_11, bwpar_12, bwpar_13, bwpar_14, bwpar_15, bwpar_1.median, bwpar_2.median, bwpar_3.median, bwpar_4.median, bwpar_5.median, bwpar_6.median, bwpar_7.median, bwpar_8.median, bwpar_9.median, bwpar_10.median, bwpar_11.median, bwpar_12.median, bwpar_13.median, bwpar_14.median, bwpar_15.median, bwpar_1.q5, bwpar_2.q5, bwpar_3.q5, bwpar_4.q5, bwpar_5.q5, bwpar_6.q5, bwpar_7.q5, bwpar_8.q5, bwpar_9.q5, bwpar_10.q5, bwpar_11.q5, bwpar_12.q5, bwpar_13.q5, bwpar_14.q5, bwpar_15.q5, bwpar_1.q95, bwpar_2.q95, bwpar_3.q95, bwpar_4.q95, bwpar_5.q95, bwpar_6.q95, bwpar_7.q95, bwpar_8.q95, bwpar_9.q95, bwpar_10.q95, bwpar_11.q95, bwpar_12.q95, bwpar_13.q95, bwpar_14.q95, bwpar_15.q95, bwpar_1.var, bwpar_2.var, bwpar_3.var, bwpar_4.var, bwpar_5.var, bwpar_6.var, bwpar_7.var, bwpar_8.var, bwpar_9.var, bwpar_10.var, bwpar_11.var, bwpar_12.var, bwpar_13.var, bwpar_14.var, bwpar_15.var, bwpar_1.q5_w_mnoise, bwpar_2.q5_w_mnoise, bwpar_3.q5_w_mnoise, bwpar_4.q5_w_mnoise, bwpar_5.q5_w_mnoise, bwpar_6.q5_w_mnoise, bwpar_7.q5_w_mnoise, bwpar_8.q5_w_mnoise, bwpar_9.q5_w_mnoise, bwpar_10.q5_w_mnoise, bwpar_11.q5_w_mnoise, bwpar_12.q5_w_mnoise, bwpar_13.q5_w_mnoise, bwpar_14.q5_w_mnoise, bwpar_15.q5_w_mnoise, bwpar_1.q95_w_mnoise, bwpar_2.q95_w_mnoise, bwpar_3.q95_w_mnoise, bwpar_4.q95_w_mnoise, bwpar_5.q95_w_mnoise, bwpar_6.q95_w_mnoise, bwpar_7.q95_w_mnoise, bwpar_8.q95_w_mnoise, bwpar_9.q95_w_mnoise, bwpar_10.q95_w_mnoise, bwpar_11.q95_w_mnoise, bwpar_12.q95_w_mnoise, bwpar_13.q95_w_mnoise, bwpar_14.q95_w_mnoise, bwpar_15.q95_w_mnoise, bwpar_1.var_w_mnoise, bwpar_2.var_w_mnoise, bwpar_3.var_w_mnoise, bwpar_4.var_w_mnoise, bwpar_5.var_w_mnoise, bwpar_6.var_w_mnoise, bwpar_7.var_w_mnoise, bwpar_8.var_w_mnoise, bwpar_9.var_w_mnoise, bwpar_10.var_w_mnoise, bwpar_11.var_w_mnoise, bwpar_12.var_w_mnoise, bwpar_13.var_w_mnoise, bwpar_14.var_w_mnoise, bwpar_15.var_w_mnoise
1, 3.0049, 0.16869, 0.07108, 0.2108, 1.3544, 0.51042, 1.7652, 1.0726, 0.55608, 0.94667, 0.61667, 1.2679, 0.61295, 0.69915, 0.02455, 1.299, 1.5287, 0.02719, 3.4275, 0.20139, 0.04094, 0.85003, 0.99735, 1.1706, 0.64946, 0.62824, 2.7434, 1.1216, 0.61095, 0.016206, 2.3247, 0.57439, 0.021257, 5.1192, 1.1292, 0.048611, 0.72912, 0.97764, 0.91305, 0.56981, 0.50507, 1.9187, -0.03526, 0.51338, 0.010519, 0.59468, 0.15178, 0.014405, 3.6175, 1.1285, 0.038281, 0.97093, 1.0171, 1.4282, 0.72911, 0.7514, 3.568, 2.2784, 0.70852, 0.021892, 4.0546, 0.99701, 0.02811, 6.621, 1.1299, 0.058941, 0.0054031, 0.00014356, 0.024518, 0.0023447, 0.0056067, 0.25135, 0.49463, 0.0035186, 1.1951e-05, 1.1062, 0.066013, 1.7354e-05, 0.83356, 1.7864e-07, 3.9439e-05, 0.12487, 0.91076, 0.4694, 0.42228, 0.40751, 0.1842, -1.3519, 0.35531, 0.0026746, -1.5651, -0.2866, 0.010218, 1.8833, -0.18921, 0.028473, 1.5752, 1.0839, 1.8718, 0.87664, 0.84897, 5.3025, 3.5951, 0.86658, 0.029737, 6.2144, 1.4354, 0.032296, 8.3551, 2.4475, 0.06875, 0.19436, 0.0027713, 0.18173, 0.019076, 0.018008, 2.4207, 2.2614, 0.024154, 6.7673e-05, 5.5924, 0.27399, 4.5041e-05, 3.8702, 0.64242, 0.0001499
2, 2, 0.062, 0.09678, 0.59912, 1.4706, 0.51595, 0.84187, 1.0902, 1.0097, 0.58218, 0.5703, 2.0276, 2.0771, 0.46133, 0.00733, 1.0192, 0.61926, 0.01738, 1.8395, 2.7178, 0.03363, 1.1676, 1.0277, 1.2458, 0.56384, 0.37209, 1.9538, 1.2473, 0.45497, 0.0064432, 1.4773, 0.83219, 0.0092797, 1.5083, 1.9588, 0.050333, 1.0104, 0.99641, 0.88745, 0.4465, 0.14516, 0.82118, -0.23614, 0.31694, -0.00062403, -0.82104, 0.26492, -0.003818, -0.35079, 1.9581, 0.036273, 1.3247, 1.059, 1.6042, 0.68118, 0.59901, 3.0864, 2.7307, 0.593, 0.01351, 3.7757, 1.3995, 0.022377, 3.3674, 1.9595, 0.064393, 0.0091329, 0.00036145, 0.047476, 0.0050891, 0.019034, 0.47413, 0.81336, 0.007042, 1.846e-05, 1.9524, 0.11894, 6.3407e-05, 1.2775, 1.7864e-07, 7.3064e-05, 0.43547, 0.93775, 0.50167, 0.32087, 0.080455, -0.72056, -1.3948, 0.18133, -0.0077238, -2.6964, -0.10829, -0.0064193, -1.9081, 0.64042, 0.02805, 1.8996, 1.1176, 1.99, 0.80682, 0.66372, 4.6281, 3.8894, 0.72862, 0.02061, 5.6511, 1.7727, 0.024979, 4.9247, 3.2772, 0.072616, 0.19809, 0.0029892, 0.20469, 0.02182, 0.031435, 2.6435, 2.5801, 0.027677, 7.4182e-05, 6.4387, 0.32692, 9.1095e-05, 4.3141, 0.64242, 0.00018352
3, 6.5574, 0.10961, 0.14472, 0.52977, 0.81121, 0.16569, 0.51746, 0.94211, 1.4635, 0.78232, 0.56176, 5.8578, 8.371, 0.05984, 0.00662, 5.3688, 0.91618, 0.03139, 1.3169, 1.2029, 0.08849, 1.1081, 1.0324, 1.0673, 0.79707, 0.4973, 1.5327, 1.3524, 0.62732, 0.0017293, 6.3377, 0.84392, 0.025247, 2.8816, 2.0287, 0.059928, 0.94617, 1.0052, 0.74224, 0.66383, 0.31584, 0.41317, -0.13004, 0.4818, -0.005339, 4.1553, 0.3202, 0.016613, 1.1385, 2.028, 0.045968, 1.27, 1.0596, 1.3923, 0.93031, 0.67877, 2.6523, 2.8348, 0.77284, 0.0087975, 8.5202, 1.3676, 0.033881, 4.6247, 2.0294, 0.073888, 0.0096878, 0.00027267, 0.039053, 0.0065616, 0.012171, 0.46328, 0.81226, 0.0078269, 1.8466e-05, 1.7605, 0.10138, 2.7553e-05, 1.1231, 1.7864e-07, 7.2032e-05, 0.37496, 0.94381, 0.33859, 0.54603, 0.23946, -1.1361, -1.2891, 0.34982, -0.012438, 2.2267, -0.070951, 0.013022, -0.47314, 0.71031, 0.037708, 1.8412, 1.121, 1.796, 1.0481, 0.75515, 4.2016, 3.9939, 0.90482, 0.015897, 10.449, 1.7588, 0.037472, 6.2363, 3.3471, 0.082148, 0.19864, 0.0029004, 0.19627, 0.023293, 0.024573, 2.6326, 2.579, 0.028462, 7.4187e-05, 6.2467, 0.30936, 5.524e-05, 4.1597, 0.64242, 0.00018249
4, 6.5574, 0.11304, 0.03442, 0.26407, 1.9174, 0.37956, 0.89938, 1.0362, 0.50956, 0.56951, 0.32897, 0.59889, 1.5455, 0.52756, 0.00022, 1.3233, 0.51222, 0.02833, 2.892, 2.4425, 0.0537, 1.0794, 1.0397, 1.1595, 0.68414, 0.29749, 2.4096, 1.3013, 0.63562, 0.0047152, 3.4634, 0.70956, 0.020397, 3.4599, 1.9311, 0.06293, 0.92362, 1.0169, 0.87069, 0.58304, 0.13192, 1.4292, -0.094671, 0.50328, -0.0021424, 1.2051, 0.24981, 0.011415, 1.654, 1.9304, 0.049413, 1.2352, 1.0624, 1.4482, 0.78523, 0.46307, 3.39, 2.6973, 0.76795, 0.011573, 5.7217, 1.1693, 0.029378, 5.2658, 1.9318, 0.076448, 0.0089736, 0.00019141, 0.030823, 0.0037775, 0.010133, 0.35526, 0.72027, 0.0064726, 1.7382e-05, 1.8849, 0.078124, 2.9816e-05, 1.2054, 1.7864e-07, 6.7538e-05, 0.34765, 0.95233, 0.4462, 0.44858, 0.050574, -0.20389, -1.2927, 0.3648, -0.0093484, -0.68841, -0.17025, 0.0079236, 0.072089, 0.61274, 0.040985, 1.8112, 1.127, 1.8727, 0.9197, 0.54441, 5.0231, 3.8953, 0.90643, 0.018779, 7.6152, 1.5894, 0.03287, 6.8477, 3.2495, 0.084875, 0.19793, 0.0028191, 0.18804, 0.020509, 0.022535, 2.5246, 2.487, 0.027108, 7.3103e-05, 6.3712, 0.28611, 5.7504e-05, 4.2421, 0.64242, 0.000178
5, 2, 0.41081, 0.05307, 0.38993, 1, 0.92872, 1.2832, 1.0857, 1.4312, 0.47872, 0.15265, 8.6844, 1.0646, 0.72124, 0.00054, 0.34006, 0.0379, 0.00308, 2.3299, 0.71472, 0.0417, 1.1579, 1.0235, 1.2447, 0.50156, 0.34684, 2.6738, 1.0732, 0.64511, 0.0092498, 3.5878, 0.63671, 0.0071138, 3.8179, 1.1704, 0.049277, 1.0036, 0.99242, 0.88331, 0.36595, 0.10102, 1.5377, -0.40891, 0.49235, 0.0021763, 1.0127, 0.07057, -0.006126, 1.6243, 1.1697, 0.03517, 1.3122, 1.0545, 1.606, 0.63718, 0.59265, 3.8099, 2.5553, 0.79787, 0.016323, 6.1628, 1.2029, 0.020354, 6.0114, 1.171, 0.063384, 0.0088005, 0.00035662, 0.048264, 0.0067972, 0.022334, 0.47707, 0.81188, 0.008625, 1.8494e-05, 2.4509, 0.11847, 6.4791e-05, 1.7785, 1.7864e-07, 7.3557e-05, 0.42639, 0.93362, 0.49906, 0.24926, 0.040282, -0.0020545, -1.5681, 0.36375, -0.0049203, -0.74454, -0.30309, -0.008704, 0.20848, -0.14802, 0.026964, 1.8893, 1.1133, 1.9903, 0.75387, 0.6534, 5.3496, 3.7145, 0.92648, 0.02342, 7.92, 1.5765, 0.022932, 7.4272, 2.4887, 0.07159, 0.19776, 0.0029843, 0.20548, 0.023528, 0.034735, 2.6464, 2.5786, 0.02926, 7.4215e-05, 6.9371, 0.32645, 9.2478e-05, 4.8151, 0.64242, 0.00018402
6, 4, 0.27284, 0.15335, 0.38003, 1.3889, 0.31767, 1.3748, 0.93121, 1.988, 0.52877, 0.63426, 0.51612, 1.0266, 0.97657, 0.00814, 1.3384, 0.57185, 0.00324, 5.0227, 1.3687, 0.04046, 1.234, 0.98935, 1.4603, 0.48111, 0.47473, 1.4448, 1.3668, 0.74854, 0.003211, 5.0139, 0.9218, 0.0067936, 3.3456, 1.1559, 0.047981, 1.0858, 0.96374, 1.1392, 0.37136, 0.25522, 0.31296, -0.099093, 0.59981, -0.0038487, 2.6067, 0.36924, -0.0030418, 1.3047, 1.1553, 0.034437, 1.3822, 1.015, 1.7815, 0.59087, 0.69425, 2.5766, 2.8327, 0.89726, 0.010271, 7.4211, 1.4744, 0.016629, 5.3865, 1.1566, 0.061524, 0.008119, 0.00024236, 0.038124, 0.0044525, 0.01781, 0.47346, 0.79424, 0.0081756, 1.8422e-05, 2.1417, 0.11285, 3.5754e-05, 1.5395, 1.7864e-07, 6.7795e-05, 0.50377, 0.90123, 0.73336, 0.24171, 0.18883, -1.2292, -1.2655, 0.46934, -0.010952, 0.77925, -0.0098833, -0.0063077, -0.17306, -0.16242, 0.02602, 1.9642, 1.0775, 2.1873, 0.72051, 0.76063, 4.1187, 3.9991, 1.0277, 0.017374, 9.2485, 1.8535, 0.019895, 6.8642, 2.4743, 0.069941, 0.19707, 0.0028701, 0.19534, 0.021184, 0.030212, 2.6428, 2.561, 0.028811, 7.4143e-05, 6.628, 0.32083, 6.3442e-05, 4.5761, 0.64242, 0.00017825
7, 4, 0.2671, 0.04197, 0.13674, 2.25, 0.51118, 1.5134, 1.0564, 1.5884, 0.25543, 0.47478, 0.82318, 1.1474, 0.69133, 0.0006, 4.2576, 0.14208, 0.00957, 3.4762, 0.69529, 0.05307, 1.2569, 1.0029, 1.3724, 0.40004, 0.53661, 1.4753, 1.5008, 0.83141, 0.007757, 3.3522, 0.77159, 0.0067891, 4.8388, 1.0868, 0.053523, 1.1168, 0.9784, 1.0233, 0.30105, 0.30277, 0.40418, 0.12715, 0.69599, 0.00087198, 1.19, 0.20708, -0.0060867, 2.9301, 1.0861, 0.03982, 1.397, 1.0274, 1.7216, 0.49902, 0.77046, 2.5464, 2.8745, 0.96684, 0.014642, 5.5144, 1.3361, 0.019665, 6.7474, 1.0875, 0.067226, 0.0072583, 0.00022177, 0.045054, 0.0036215, 0.020212, 0.42405, 0.69743, 0.0067787, 1.7521e-05, 1.7279, 0.11778, 6.1277e-05, 1.3465, 1.7864e-07, 6.9402e-05, 0.52829, 0.91509, 0.63267, 0.16538, 0.23956, -1.1736, -1.0812, 0.55907, -0.00632, -0.74812, -0.16722, -0.0087253, 1.3951, -0.23157, 0.031464, 1.9855, 1.0907, 2.1122, 0.6347, 0.83366, 4.1242, 4.0828, 1.1038, 0.021834, 7.4525, 1.7104, 0.022304, 8.2824, 2.4052, 0.075583, 0.19621, 0.0028495, 0.20227, 0.020353, 0.032613, 2.5934, 2.4642, 0.027414, 7.3242e-05, 6.2141, 0.32577, 8.8964e-05, 4.3831, 0.64242, 0.00017986
8, 2.8571, 0.39611, 0.08082, 0.14075, 1.25, 0.73476, 1.6247, 1.0899, 0.70085, 0.32007, 0.3766, 0.36617, 1.059, 0.74724, 0.00219, 5.0962, 0.5123, 0.04598, 2.3498, 0.27283, 0.06464, 0.87009, 1.0254, 1.0437, 0.43534, 0.51365, 2.1236, 1.4991, 0.82277, 0.0068733, 6.2238, 0.69716, 0.0052651, 4.1153, 0.64827, 0.048578, 0.73121, 0.99951, 0.70886, 0.32278, 0.28665, 1.0126, 0.14904, 0.67088, -0.00013874, 4.171, 0.13058, -0.0078293, 2.3485, 0.64758, 0.036025, 1.009, 1.0513, 1.3786, 0.54791, 0.74065, 3.2346, 2.8491, 0.97466, 0.013885, 8.2767, 1.2637, 0.018359, 5.8822, 0.64897, 0.06113, 0.007129, 0.00024803, 0.041443, 0.0046833, 0.019046, 0.4562, 0.67366, 0.0085275, 1.8173e-05, 1.5576, 0.11865, 6.3375e-05, 1.1539, 1.7864e-07, 5.8239e-05, 0.14172, 0.9372, 0.31058, 0.19464, 0.22196, -0.54164, -1.0705, 0.54187, -0.0072662, 2.1801, -0.2429, -0.010431, 0.74821, -0.6701, 0.027214, 1.5985, 1.1136, 1.7768, 0.67605, 0.80534, 4.7889, 4.0686, 1.1037, 0.021013, 10.268, 1.6372, 0.020961, 7.4825, 1.9666, 0.069942, 0.19608, 0.0028757, 0.19866, 0.021415, 0.031447, 2.6255, 2.4404, 0.029163, 7.3895e-05, 6.0438, 0.32663, 9.1062e-05, 4.1905, 0.64242, 0.0001687
9, 2.1818, 0.48346, 0.03425, 0.11868, 2.0833, 1.2156, 0.45605, 1.0378, 1.5855, 0.54527, 0.46382, 0.68332, 0.25843, 0.985, 6e-05, 7.7086, 0.36648, 0.00075, 9.3108, 2.1324, 0.02999, 0.75959, 1.0404, 0.92508, 0.44153, 0.4573, 3.2344, 1.9433, 0.90917, 0.0097773, 4.8784, 0.4665, 0.0077478, 4.6692, 0.8261, 0.03682, 0.59585, 1.0093, 0.59772, 0.30306, 0.25621, 2.1701, 0.46776, 0.76902, 0.0027074, 2.4624, -0.035721, -0.0023603, 2.6642, 0.82541, 0.022832, 0.92332, 1.0715, 1.2524, 0.58, 0.65838, 4.2986, 3.4188, 1.0493, 0.016847, 7.2944, 0.96872, 0.017856, 6.6742, 0.8268, 0.050808, 0.0099092, 0.00035744, 0.03961, 0.0070869, 0.014945, 0.4186, 0.80473, 0.0072596, 1.8475e-05, 2.1574, 0.093225, 3.7764e-05, 1.4858, 1.7864e-07, 7.2321e-05, 0.026077, 0.95052, 0.19534, 0.18768, 0.18529, 0.58826, -0.69435, 0.63445, -0.004391, 0.63875, -0.43624, -0.0055595, 1.1712, -0.49227, 0.014582, 1.4931, 1.1303, 1.6548, 0.69538, 0.7293, 5.8804, 4.5809, 1.1839, 0.023946, 9.1181, 1.3692, 0.021055, 8.1672, 2.1445, 0.059058, 0.19886, 0.0029852, 0.19683, 0.023818, 0.027347, 2.5879, 2.5715, 0.027895, 7.4196e-05, 6.6436, 0.30121, 6.5452e-05, 4.5225, 0.64242, 0.00018278
10, 3.0049, 0.2895, 0.12357, 0.36241, 1.3368, 0.48702, 1.8249, 1.074, 1.2253, 0.20694, 0.41138, 1.6604, 7.7699, 0.68264, 0.01968, 0.59822, 0.11743, 0.04534, 4.2926, 0.22415, 0.03884, 1.0457, 0.9767, 1.3571, 0.54113, 0.44297, 1.5726, 1.0841, 0.68579, 0.010572, 3.4017, 0.88412, 0.019631, 5.1994, 1.1, 0.038745, 0.90971, 0.95469, 1.0583, 0.4402, 0.29819, 0.6184, -0.14542, 0.56019, 0.0044336, 1.4279, 0.43318, 0.012465, 3.4944, 1.0993, 0.028138, 1.1816, 0.99871, 1.6559, 0.64206, 0.58774, 2.5268, 2.3137, 0.81139, 0.016711, 5.3755, 1.3351, 0.026797, 6.9045, 1.1007, 0.049353, 0.0068318, 0.00017904, 0.033001, 0.0037651, 0.0077473, 0.33652, 0.55879, 0.0058306, 1.3929e-05, 1.44, 0.075161, 1.898e-05, 1.0745, 1.7864e-07, 4.1589e-05, 0.31785, 0.88956, 0.63968, 0.30564, 0.20948, -1.0312, -1.4242, 0.4182, -0.003155, -0.6025, 0.0088768, 0.0083941, 1.8643, -0.21838, 0.018463, 1.7735, 1.0638, 2.0744, 0.77661, 0.67645, 4.1764, 3.5925, 0.95338, 0.0243, 7.4059, 1.7594, 0.030867, 8.5345, 2.4184, 0.059028, 0.19579, 0.0028067, 0.19022, 0.020496, 0.020149, 2.5059, 2.3255, 0.026466, 6.9651e-05, 5.9262, 0.28314, 4.6668e-05, 4.1112, 0.64242, 0.00015205
11, 4.7, 0.39202, 0.17869, 0.4617, 1.3333, 0.30439, 0.84518, 1.0126, 1.0591, 0.5762, 0.72465, 2.0494, 0.46394, 0.95066, 0.00158, 9.678, 0.8277, 0.00229, 2.929, 0.93059, 0.06781, 1.3284, 1.0144, 1.4366, 0.54164, 0.54712, 1.2397, 0.94221, 0.77612, 0.0019592, 7.6387, 0.94725, 0.0051422, 2.8939, 1.1456, 0.060106, 1.1696, 0.98482, 1.1039, 0.44237, 0.37305, 0.21256, -0.2368, 0.65566, -0.0044762, 5.6738, 0.45474, -0.0045387, 1.1959, 1.1449, 0.048168, 1.4873, 1.044, 1.7693, 0.64091, 0.72118, 2.2669, 2.1212, 0.89658, 0.0083946, 9.6037, 1.4398, 0.014823, 4.5919, 1.1463, 0.072045, 0.0093286, 0.0003234, 0.040903, 0.0036422, 0.011199, 0.38995, 0.51379, 0.0053631, 1.5307e-05, 1.4271, 0.089654, 3.464e-05, 1.0657, 1.7864e-07, 5.2679e-05, 0.596, 0.92504, 0.70447, 0.30686, 0.29443, -1.3917, -1.5417, 0.5109, -0.011903, 3.6389, 0.049886, -0.0078435, -0.43757, -0.17275, 0.039097, 2.0609, 1.1038, 2.1687, 0.77642, 0.79981, 3.8711, 3.4262, 1.0413, 0.015822, 11.639, 1.8446, 0.018128, 6.2255, 2.464, 0.081115, 0.19828, 0.0029511, 0.19812, 0.020373, 0.0236, 2.5593, 2.2805, 0.025999, 7.1029e-05, 5.9133, 0.29764, 6.2327e-05, 4.1023, 0.64242, 0.00016314
12, 3.9167, 0.12293, 0.04813, 0, 1.3229, 0.27548, 1.5221, 1.0018, 1.735, 0.36818, 0.47592, 0.50948, 0.3616, 0.9373, 0.01864, 8.7805, 0.28777, 0.00331, 4.7191, 0.29467, 0.05908, 1.0861, 1.0216, 1.2984, 0.36421, 0.42193, 1.1417, 1.0562, 0.81578, 0.0054786, 5.7552, 0.97283, 0.0071766, 5.1447, 0.79804, 0.049995, 0.9373, 0.99777, 0.97743, 0.26264, 0.26566, 0.058037, -0.14566, 0.66796, -0.001148, 3.7389, 0.44405, -0.0043734, 3.4493, 0.79735, 0.038564, 1.2349, 1.0455, 1.6194, 0.46577, 0.57821, 2.2254, 2.2581, 0.9636, 0.012105, 7.7716, 1.5016, 0.018727, 6.84, 0.79874, 0.061426, 0.0081838, 0.00021081, 0.038087, 0.003813, 0.0090267, 0.43405, 0.5339, 0.0080759, 1.623e-05, 1.5027, 0.10335, 4.9307e-05, 1.0623, 1.7864e-07, 4.8297e-05, 0.35578, 0.93401, 0.57153, 0.12845, 0.18115, -1.5123, -1.4387, 0.53707, -0.0084738, 1.7299, 0.055052, -0.0072565, 1.8145, -0.52033, 0.02927, 1.8164, 1.1093, 2.0254, 0.59997, 0.66271, 3.7957, 3.5511, 1.0945, 0.019431, 9.7806, 1.8906, 0.02161, 8.4748, 2.1164, 0.070719, 0.19714, 0.0028385, 0.1953, 0.020544, 0.021428, 2.6034, 2.3006, 0.028711, 7.1952e-05, 5.9889, 0.31133, 7.6994e-05, 4.099, 0.64242, 0.00015876
13, 4, 0.16814, 0.01918, 0.3, 2.6111, 0.83011, 1.5936, 0.99743, 1.6494, 0.30572, 0.51048, 8.4966, 9.6572, 0.22792, 0.00198, 0.36659, 0.13221, 0.00253, 2.2576, 1.6473, 0.05051, 0.94917, 1.0265, 1.0122, 0.56195, 0.47785, 3.0488, 1.7001, 0.70917, 0.0079387, 1.9493, 0.7852, 0.014541, 3.8467, 1.9089, 0.048586, 0.7925, 0.99984, 0.65624, 0.45169, 0.23093, 1.9078, 0.21809, 0.55398, 0.00088354, -0.61631, 0.21627, 0.0011967, 1.7913, 1.9082, 0.034595, 1.1058, 1.0531, 1.3681, 0.67221, 0.72478, 4.1898, 3.1821, 0.86436, 0.014994, 4.5148, 1.3541, 0.027885, 5.9021, 1.9096, 0.062578, 0.0090727, 0.00026261, 0.046822, 0.0044936, 0.022536, 0.48119, 0.81176, 0.0089017, 1.8398e-05, 2.4329, 0.11964, 6.5816e-05, 1.5615, 1.7864e-07, 7.2355e-05, 0.2172, 0.93806, 0.26917, 0.32232, 0.17041, 0.37089, -0.94118, 0.42648, -0.0062222, -2.3774, -0.15628, -0.0013644, 0.31961, 0.59054, 0.026347, 1.6811, 1.1149, 1.7551, 0.80159, 0.7853, 5.7267, 4.3413, 0.99186, 0.0221, 6.2759, 1.7267, 0.030446, 7.3738, 3.2273, 0.070826, 0.19803, 0.0028903, 0.20404, 0.021225, 0.034937, 2.6505, 2.5785, 0.029537, 7.4119e-05, 6.9191, 0.32762, 9.3504e-05, 4.5981, 0.64242, 0.00018281
14, 4, 0.17434, 0.0563, 0.5, 1.6875, 0.5452, 1.5208, 0.92554, 0.71779, 0.58641, 0.19682, 1.8178, 0.4209, 0.4626, 0.00925, 4.0116, 0.13642, 0.00506, 2.5387, 1.7192, 0.04971, 1.3611, 0.99922, 1.3487, 0.57441, 0.22454, 1.8809, 0.98586, 0.53651, 0.0064923, 1.9745, 0.68351, 0.0098971, 2.3936, 1.9639, 0.057245, 1.2129, 0.97574, 1.0235, 0.44859, 0.025646, 0.82177, -0.47529, 0.39369, -0.00057025, -0.38769, 0.15465, -0.0016468, 0.41957, 1.9632, 0.043394, 1.5094, 1.0227, 1.674, 0.70022, 0.42344, 2.9401, 2.447, 0.67932, 0.013555, 4.3368, 1.2124, 0.021441, 4.3677, 1.9645, 0.071095, 0.0081214, 0.0002037, 0.039094, 0.0058508, 0.014622, 0.41463, 0.78911, 0.0075385, 1.8436e-05, 2.0625, 0.10337, 4.9255e-05, 1.4404, 1.7864e-07, 7.0906e-05, 0.63094, 0.91169, 0.61995, 0.32723, -0.04585, -0.76315, -1.6438, 0.26041, -0.0076723, -2.2347, -0.23431, -0.004531, -1.0867, 0.64548, 0.035093, 2.0914, 1.0867, 2.0775, 0.82159, 0.49494, 4.525, 3.6155, 0.8126, 0.020657, 6.1838, 1.6013, 0.024325, 5.874, 3.2822, 0.079396, 0.19708, 0.0028314, 0.19631, 0.022582, 0.027023, 2.584, 2.5558, 0.028174, 7.4158e-05, 6.5487, 0.31136, 7.6942e-05, 4.477, 0.64242, 0.00018136
15, 3, 0.21736, 0.06894, 0.10552, 1.5151, 0.47661, 0.55042, 0.99978, 1.6919, 0.54468, 0.60361, 3.3233, 2.6952, 0.57219, 0.00115, 0.44286, 0.86658, 0.00063, 3.335, 2.1284, 0.04175, 0.89139, 0.99985, 1.1615, 0.42966, 0.46524, 2.0085, 1.4311, 0.7753, 0.0047583, 5.3608, 1.1269, 0.0042206, 5.7603, 0.81302, 0.052947, 0.77326, 0.9785, 0.94329, 0.36349, 0.38501, 1.2458, 0.5933, 0.68876, 7.7337e-06, 4.1488, 0.80184, -0.00017962, 4.6868, 0.81233, 0.04588, 1.0095, 1.0212, 1.3798, 0.49582, 0.54547, 2.7712, 2.2688, 0.86183, 0.0095089, 6.5729, 1.4519, 0.0086208, 6.8338, 0.81372, 0.060014, 0.0051581, 0.00016853, 0.017603, 0.0016183, 0.0023792, 0.21502, 0.2594, 0.0027678, 8.3414e-06, 0.54298, 0.039047, 7.1563e-06, 0.42593, 1.7864e-07, 1.8458e-05, 0.16669, 0.91288, 0.47379, 0.20684, 0.26527, -0.53139, -0.91027, 0.52366, -0.008407, 1.6721, 0.30934, -0.0054887, 2.6995, -0.50535, 0.034271, 1.6161, 1.0868, 1.8493, 0.65247, 0.66522, 4.5484, 3.7724, 1.0269, 0.017924, 9.0496, 1.9444, 0.01393, 8.821, 2.1314, 0.071623, 0.19411, 0.0027962, 0.17482, 0.01835, 0.014781, 2.3844, 2.0261, 0.023403, 6.4063e-05, 5.0292, 0.24703, 3.4844e-05, 3.4626, 0.64242, 0.00012892
16, 3.0022, 0.21409, 0.08002, 0.31039, 1.7895, 0.54525, 0.83329, 1.0493, 1.0514, 0.73559, 0.56109, 1.5731, 0.37948, 0.71591, 0.00223, 2.685, 0.64228, 0.01835, 8.2866, 0.72567, 0.04278, 1.0181, 0.9927, 1.2129, 0.56325, 0.45654, 2.016, 1.0694, 0.62977, 0.0073803, 1.5271, 0.83443, 0.017517, 4.9931, 1.3016, 0.047763, 0.8902, 0.96981, 0.94282, 0.45354, 0.22767, 1.0812, -0.33854, 0.50045, 0.00047681, -0.33821, 0.28887, 0.007482, 3.2976, 1.3009, 0.034142, 1.1461, 1.0156, 1.483, 0.67296, 0.6854, 2.9508, 2.4773, 0.75908, 0.014284, 3.3925, 1.38, 0.027552, 6.6886, 1.3023, 0.061384, 0.0060493, 0.00019357, 0.026967, 0.0044489, 0.019361, 0.32299, 0.73267, 0.0061807, 1.7615e-05, 1.2861, 0.11001, 3.722e-05, 1.0625, 1.7864e-07, 6.8574e-05, 0.29177, 0.90533, 0.50701, 0.32387, 0.16339, -0.58076, -1.531, 0.36041, -0.0067057, -2.4247, -0.093117, 0.0042652, 1.6629, -0.016731, 0.025754, 1.7445, 1.0801, 1.9188, 0.80263, 0.74968, 4.6127, 3.6698, 0.89912, 0.021466, 5.479, 1.762, 0.030769, 8.3234, 2.62, 0.069771, 0.195, 0.0028213, 0.18418, 0.02118, 0.031762, 2.4923, 2.4994, 0.026816, 7.3336e-05, 5.7723, 0.31799, 6.4908e-05, 4.0992, 0.64242, 0.00017903
17, 2, 0.23842, 0.10557, 0.09973, 0.91398, 0.55989, 0.95446, 0.97593, 0.536, 0.4464, 0.3831, 1.0751, 0.9754, 0.77616, 0.00024, 8.8799, 0.14642, 0.00343, 5.7354, 0.24015, 0.03407, 0.78326, 0.98225, 1.3173, 0.46643, 0.4414, 2.056, 1.2258, 0.76404, 0.0072331, 6.4477, 0.66866, 0.0027451, 4.7336, 0.53146, 0.0421, 0.63567, 0.95765, 0.99546, 0.37388, 0.25971, 1.0337, -0.19058, 0.6262, 0.00027457, 4.2704, 0.13236, -0.0091167, 2.8589, 0.53077, 0.028597, 0.93086, 1.0069, 1.6391, 0.55899, 0.62309, 3.0783, 2.6422, 0.90189, 0.014192, 8.625, 1.2049, 0.014607, 6.6083, 0.53216, 0.055602, 0.0080515, 0.00022371, 0.038285, 0.0031661, 0.012201, 0.38627, 0.74148, 0.0070231, 1.7897e-05, 1.7522, 0.1063, 5.2005e-05, 1.299, 1.7864e-07, 6.7386e-05, 0.053188, 0.89442, 0.59002, 0.23442, 0.1834, -0.57353, -1.3792, 0.49049, -0.00688, 2.3394, -0.25347, -0.011939, 1.3087, -0.78691, 0.020164, 1.5133, 1.0701, 2.0446, 0.69845, 0.6994, 4.6855, 3.8308, 1.0376, 0.021346, 10.556, 1.5908, 0.017429, 8.1586, 1.8498, 0.064035, 0.19701, 0.0028514, 0.1955, 0.019897, 0.024603, 2.5556, 2.5082, 0.027659, 7.3618e-05, 6.2384, 0.31429, 7.9692e-05, 4.3356, 0.64242, 0.00017784
18, 2.5, 0.2982, 0.06484, 0.3, 1.6667, 0.79933, 1.3174, 0.97958, 1.8095, 0.64832, 0.51745, 1.102, 0.53965, 0.7396, 0.00226, 3.0256, 0.57723, 0.00996, 3.9613, 0.64455, 0.04741, 1.0128, 0.98676, 1.2998, 0.42973, 0.36482, 3.2486, 1.3087, 0.71588, 0.010111, 2.5535, 0.63297, 0.0076349, 3.998, 1.2293, 0.046669, 0.8641, 0.96342, 0.98592, 0.32824, 0.14487, 2.2032, -0.10853, 0.58014, 0.0033855, 0.28442, 0.090753, -0.0038085, 2.0776, 1.2286, 0.033047, 1.1615, 1.0101, 1.6137, 0.53123, 0.58476, 4.294, 2.726, 0.85161, 0.016837, 4.8225, 1.1752, 0.019078, 5.9184, 1.23, 0.060291, 0.0081739, 0.00020138, 0.036412, 0.0038075, 0.01788, 0.40392, 0.74241, 0.0068097, 1.6719e-05, 1.903, 0.10867, 4.8401e-05, 1.3631, 1.7864e-07, 6.8584e-05, 0.28251, 0.89927, 0.576, 0.194, 0.078584, 0.61001, -1.2968, 0.44338, -0.0038886, -1.6042, -0.29261, -0.0067129, 0.54785, -0.089085, 0.02466, 1.7431, 1.0742, 2.0236, 0.66546, 0.65105, 5.8872, 3.9142, 0.98838, 0.024111, 6.7112, 1.5586, 0.021983, 7.4482, 2.5477, 0.068679, 0.19713, 0.0028291, 0.19363, 0.020539, 0.030282, 2.5733, 2.5091, 0.027445, 7.244e-05, 6.3892, 0.31665, 7.6088e-05, 4.3998, 0.64242, 0.00017904
19, 6.5574, 0.14555, 0.1037, 0.39612, 0.88496, 0.21859, 1.4921, 1.0042, 0.58148, 0.90992, 0.56099, 1.5057, 1.0719, 0.96934, 0.00092, 3.4929, 0.53461, 0.00361, 5.2712, 1.6091, 0.05272, 1.0945, 1.0087, 1.2725, 0.63443, 0.53644, 1.551, 1.4164, 0.65256, 0.0027758, 4.993, 0.84913, 0.0097573, 2.5848, 1.802, 0.065407, 0.94459, 0.98381, 0.95379, 0.53374, 0.37593, 0.44136, 0.012172, 0.50917, -0.0039536, 3.3383, 0.30085, -0.00020177, 1.0938, 1.8013, 0.052418, 1.2445, 1.0336, 1.5912, 0.73512, 0.69696, 2.6607, 2.8206, 0.79595, 0.0095053, 6.6476, 1.3974, 0.019716, 4.0758, 1.8027, 0.078395, 0.0083108, 0.00022882, 0.037538, 0.0037473, 0.0095228, 0.45512, 0.72881, 0.0075993, 1.6738e-05, 1.0119, 0.11111, 3.6659e-05, 0.82169, 1.7864e-07, 6.2354e-05, 0.36398, 0.92078, 0.54658, 0.39905, 0.29289, -1.1137, -1.182, 0.37617, -0.011226, 1.1361, -0.080014, -0.0034371, -0.64612, 0.48365, 0.043784, 1.8251, 1.0966, 1.9984, 0.86982, 0.78, 4.2157, 4.0148, 0.92895, 0.016777, 8.8499, 1.7783, 0.022952, 5.8157, 3.1204, 0.08703, 0.19727, 0.0028565, 0.19475, 0.020479, 0.021924, 2.6245, 2.4955, 0.028235, 7.246e-05, 5.4982, 0.31909, 6.4347e-05, 3.8583, 0.64242, 0.00017281
20, 4.7, 0.3222, 0.17869, 0.45618, 1.3333, 0.27337, 1.1103, 1.0222, 0.81343, 0.52532, 0.48292, 1.4509, 0.85413, 0.76469, 0.00027, 8.6927, 1.6705, 0.00381, 1.6846, 1.0394, 0.0723, 1.2302, 0.98544, 1.4066, 0.59743, 0.5732, 1.4108, 1.0418, 0.78926, 0.0016982, 6.6637, 0.90543, 0.006901, 3.0593, 1.2455, 0.052369, 1.072, 0.95538, 1.047, 0.49445, 0.33853, 0.30936, -0.29635, 0.65672, -0.0053098, 4.322, 0.34381, -0.0059505, 0.95585, 1.2448, 0.038557, 1.3884, 1.0155, 1.7662, 0.70042, 0.80787, 2.5123, 2.3799, 0.92179, 0.0087062, 9.0054, 1.4671, 0.019753, 5.1628, 1.2462, 0.06618, 0.0092507, 0.00033395, 0.047793, 0.0039202, 0.020354, 0.44841, 0.66184, 0.0064927, 1.8152e-05, 2.0268, 0.11658, 6.1046e-05, 1.6354, 1.7864e-07, 7.0507e-05, 0.49788, 0.89593, 0.66188, 0.36106, 0.27551, -1.2505, -1.5215, 0.51834, -0.012439, 2.4659, -0.031646, -0.0085932, -0.49601, -0.072843, 0.030242, 1.9625, 1.075, 2.1514, 0.83381, 0.8709, 4.0721, 3.6051, 1.0602, 0.015836, 10.861, 1.8425, 0.022395, 6.6146, 2.5639, 0.074496, 0.19821, 0.0029617, 0.20501, 0.020651, 0.032756, 2.6178, 2.4286, 0.027128, 7.3874e-05, 6.513, 0.32456, 8.8734e-05, 4.672, 0.64242, 0.00018097
21, 4.4984, 0.33805, 0.06971, 0.10139, 0.79167, 0.36058, 1.13, 0.90813, 1.9478, 0.24687, 0.60602, 1.2405, 2.7974, 0.96518, 0.0135, 1.3603, 0.50724, 0.0011, 3.8422, 0.47801, 0.06581, 1.2407, 1.002, 1.609, 0.29107, 0.54084, 0.83258, 2.0659, 0.7524, 0.013391, 4.6632, 0.22853, 0.010622, 4.4767, 0.65421, 0.060318, 1.1026, 0.97917, 1.3411, 0.2241, 0.43473, -0.072369, 1.1386, 0.64742, 0.0083228, 3.078, -0.13343, 0.0053982, 3.1047, 0.65352, 0.052045, 1.3789, 1.0248, 1.8768, 0.35804, 0.64696, 1.7375, 2.9932, 0.85738, 0.01846, 6.2484, 0.59049, 0.015846, 5.8488, 0.65491, 0.068591, 0.0070554, 0.00019221, 0.026513, 0.0016575, 0.0041622, 0.30269, 0.31784, 0.0040735, 9.4959e-06, 0.92879, 0.048425, 1.0086e-05, 0.69576, 1.7864e-07, 2.5297e-05, 0.51251, 0.91463, 0.90392, 0.068019, 0.32915, -1.7536, -0.30894, 0.49384, 0.00010804, 0.83559, -0.60436, 0.00051271, 1.299, -0.66416, 0.041153, 1.969, 1.0893, 2.314, 0.51412, 0.75254, 3.4187, 4.4408, 1.011, 0.026675, 8.4908, 1.0614, 0.020731, 7.6545, 1.9726, 0.079483, 0.19601, 0.0028199, 0.18373, 0.018389, 0.016564, 2.472, 2.0846, 0.024709, 6.5217e-05, 5.415, 0.25641, 3.7773e-05, 3.7324, 0.64242, 0.00013576
22, 4.56, 0.08105, 0.04323, 0.2, 2.0833, 0.37977, 0.70575, 0.98823, 1.4376, 0.68811, 0.89367, 0.7368, 0.02477, 0.81933, 0.00801, 1.569, 0.97, 0.04414, 6.532, 0.75536, 0.0553, 1.0438, 1.0493, 1.2105, 0.51801, 0.64123, 1.8064, 1.4446, 0.79818, 0.0053256, 3.5053, 0.82658, 0.017432, 5.5197, 1.5511, 0.059075, 0.90932, 1.025, 0.9268, 0.41624, 0.4642, 0.89385, 0.060192, 0.66401, -0.0016258, 1.6272, 0.3275, 0.0060951, 3.8567, 1.5504, 0.04552, 1.1782, 1.0736, 1.4942, 0.61978, 0.81825, 2.719, 2.829, 0.93235, 0.012277, 5.3834, 1.3257, 0.028769, 7.1828, 1.5518, 0.07263, 0.0066826, 0.00021814, 0.029747, 0.0038283, 0.011582, 0.30782, 0.70839, 0.0066536, 1.786e-05, 1.3037, 0.092063, 4.7506e-05, 1.0223, 1.7864e-07, 6.791e-05, 0.31625, 0.96153, 0.49927, 0.28216, 0.38649, -0.78239, -1.1432, 0.52646, -0.0087839, -0.45262, -0.074415, 0.003169, 2.2059, 0.23273, 0.037107, 1.7713, 1.137, 1.9217, 0.75386, 0.89596, 4.3953, 4.0324, 1.0699, 0.019435, 7.4632, 1.7276, 0.031695, 8.8336, 2.8695, 0.081043, 0.19564, 0.0028459, 0.18696, 0.02056, 0.023984, 2.4772, 2.4751, 0.027289, 7.3582e-05, 5.79, 0.30004, 7.5193e-05, 4.0589, 0.64242, 0.00017837
23, 3.9167, 0.12699, 0.06402, 0, 1.3229, 0.22169, 0.98261, 1.0157, 1.4987, 0.31919, 0.41162, 0.98462, 0.56256, 0.74492, 0.00767, 7.4124, 1.7882, 0.00233, 4.0706, 0.32542, 0.04698, 1.1133, 1.017, 1.3451, 0.36836, 0.4429, 1.1673, 1.1242, 0.83502, 0.0055394, 6.638, 0.96166, 0.0059697, 5.2328, 0.72384, 0.052076, 0.96443, 0.99354, 1.0203, 0.27683, 0.28968, 0.043642, -0.27185, 0.68232, -0.00087831, 4.5967, 0.42096, -0.0055821, 3.5499, 0.72315, 0.040311, 1.2622, 1.0406, 1.6699, 0.45988, 0.59612, 2.291, 2.5203, 0.98773, 0.011957, 8.6793, 1.5024, 0.017522, 6.9156, 0.72454, 0.063841, 0.008192, 0.00020426, 0.038989, 0.0030961, 0.0086776, 0.46668, 0.72037, 0.0086187, 1.5223e-05, 1.5402, 0.10806, 4.9322e-05, 1.0468, 1.7864e-07, 5.1161e-05, 0.38297, 0.92951, 0.6165, 0.13675, 0.20409, -1.5032, -1.4698, 0.55369, -0.008315, 2.6001, 0.036968, -0.0084647, 1.9089, -0.59453, 0.031165, 1.8436, 1.1046, 2.0737, 0.59997, 0.68171, 3.8379, 3.7182, 1.1164, 0.019394, 10.676, 1.8864, 0.020404, 8.5566, 2.0422, 0.072987, 0.19715, 0.002832, 0.19621, 0.019827, 0.021079, 2.636, 2.4871, 0.029254, 7.0945e-05, 6.0264, 0.31604, 7.701e-05, 4.0834, 0.64242, 0.00016162
24, 2.5, 0.1772, 0.06191, 0.39994, 0.97222, 0.73215, 1.1913, 0.993, 0.88555, 0.62077, 0.47672, 1.5818, 0.76895, 0.66159, 0.00218, 1.3681, 1.028, 0.00144, 3.616, 1.0923, 0.03367, 1.004, 0.99172, 0.97942, 0.66162, 0.28426, 2.5837, 1.0996, 0.66857, 0.008255, 1.8859, 0.69094, 0.0097513, 3.3313, 1.5596, 0.050303, 0.8559, 0.96794, 0.6599, 0.54066, 0.091256, 1.564, -0.31546, 0.53896, 0.0012398, -0.3124, 0.20146, 0.0004204, 1.5337, 1.5589, 0.036804, 1.1522, 1.0155, 1.2989, 0.78257, 0.47725, 3.6034, 2.5147, 0.79817, 0.01527, 4.0841, 1.1804, 0.019082, 5.129, 1.5603, 0.063802, 0.00811, 0.00020897, 0.037736, 0.0054076, 0.013767, 0.38433, 0.74011, 0.0062084, 1.819e-05, 1.7861, 0.088557, 3.218e-05, 1.1945, 1.7864e-07, 6.7352e-05, 0.27385, 0.90411, 0.25316, 0.41688, 0.01817, -0.044822, -1.5047, 0.39907, -0.0058861, -2.2336, -0.20477, -0.0029757, -0.052058, 0.2412, 0.028369, 1.7342, 1.0793, 1.7057, 0.90636, 0.55034, 5.2122, 3.7039, 0.93806, 0.022396, 6.0053, 1.5867, 0.022478, 6.7148, 2.8779, 0.072236, 0.19707, 0.0028367, 0.19495, 0.022139, 0.026169, 2.5537, 2.5068, 0.026844, 7.3911e-05, 6.2723, 0.29654, 5.9867e-05, 4.2311, 0.64242, 0.00017781
25, 2.1818, 0.31447, 0.1057, 0.42002, 1.25, 0.63982, 1.6726, 1.007, 1.7332, 0.54085, 0.35403, 1.6059, 0.52666, 0.71175, 0.00026, 1.5558, 1.6702, 0.00185, 2.256, 1.1532, 0.03867, 1.1872, 0.97602, 1.3634, 0.51772, 0.31624, 1.8352, 1.6159, 0.66008, 0.006894, 2.9139, 0.77732, 0.0048656, 3.0513, 1.1751, 0.045316, 1.0447, 0.95032, 1.0285, 0.39277, 0.098522, 0.73684, 0.15803, 0.52251, -0.00017155, 0.48351, 0.22855, -0.0057895, 0.99713, 1.1744, 0.03172, 1.3296, 1.0017, 1.6983, 0.64268, 0.53397, 2.9336, 3.0737, 0.79765, 0.01396, 5.3442, 1.3261, 0.015521, 5.1054, 1.1758, 0.058912, 0.007497, 0.00024408, 0.041455, 0.0057708, 0.017521, 0.44592, 0.78553, 0.0069949, 1.8452e-05, 2.1832, 0.11131, 4.1963e-05, 1.5596, 1.7864e-07, 6.8324e-05, 0.4581, 0.88787, 0.63021, 0.27098, 0.031717, -0.8248, -1.0119, 0.38667, -0.0072721, -1.334, -0.15212, -0.0088618, -0.4751, -0.14324, 0.023323, 1.9162, 1.0642, 2.0965, 0.76446, 0.60077, 4.4952, 4.2437, 0.9335, 0.02106, 7.1617, 1.7068, 0.018593, 6.5776, 2.4935, 0.067309, 0.19645, 0.0028718, 0.19867, 0.022502, 0.029922, 2.6153, 2.5523, 0.02763, 7.4174e-05, 6.6694, 0.31929, 6.965e-05, 4.5962, 0.64242, 0.00017878
26, 6, 0.34416, 0.06131, 0.09624, 0.8642, 0.29775, 1.7968, 0.94907, 1.8108, 0.27522, 0.37132, 0.70705, 0.28501, 0.65146, 0.00435, 4.8391, 0.46177, 0.01939, 5.9377, 0.69136, 0.0635, 1.3516, 1.0166, 1.4362, 0.29898, 0.45948, 1.5848, 2.3002, 0.85884, 0.0090962, 5.1319, 0.3917, 0.0060915, 5.2148, 0.84358, 0.064021, 1.1816, 0.99094, 1.0985, 0.21844, 0.27143, 0.49328, 1.0809, 0.7288, 0.0028148, 3.0725, -0.11094, -0.0047445, 3.2739, 0.84288, 0.052357, 1.5217, 1.0423, 1.7739, 0.37952, 0.64752, 2.6762, 3.5194, 0.98889, 0.015378, 7.1914, 0.89434, 0.016928, 7.1556, 0.84428, 0.075685, 0.010689, 0.00024342, 0.042157, 0.0023977, 0.01307, 0.44032, 0.54941, 0.0062507, 1.4583e-05, 1.5677, 0.093381, 4.34e-05, 1.3923, 1.7864e-07, 5.0286e-05, 0.61666, 0.92846, 0.70177, 0.071483, 0.19696, -1.0724, -0.20313, 0.58914, -0.0046956, 1.0848, -0.51126, -0.0077768, 1.7532, -0.47479, 0.043167, 2.0866, 1.1047, 2.1707, 0.52647, 0.72199, 4.2419, 4.8034, 1.1285, 0.022888, 9.1791, 1.2947, 0.01996, 8.6764, 2.162, 0.084875, 0.19964, 0.0028711, 0.19937, 0.019129, 0.025471, 2.6097, 2.3161, 0.026886, 7.0305e-05, 6.0539, 0.30136, 7.1087e-05, 4.4289, 0.64242, 0.00016074
27, 3.5, 0.38431, 0.09646, 0.15341, 1.4286, 0.54397, 1.004, 1.0592, 0.54391, 0.47465, 0.49448, 0.98812, 0.97647, 0.84854, 0.00092, 9.9582, 0.10119, 0.00454, 8.4009, 0.33109, 0.04835, 1.0377, 1.0192, 0.95299, 0.43426, 0.53183, 1.4853, 0.79903, 0.85987, 0.0032927, 6.9137, 0.8596, 0.0063422, 4.3825, 0.65677, 0.056714, 0.87654, 0.9959, 0.66916, 0.3476, 0.39593, 0.47069, -0.32786, 0.7326, -0.0027796, 5.2199, 0.40398, -0.00072378, 2.8606, 0.65608, 0.04676, 1.1988, 1.0424, 1.2368, 0.52091, 0.66773, 2.5, 1.9259, 0.98714, 0.0093649, 8.6074, 1.3152, 0.013408, 5.9043, 0.65747, 0.066669, 0.0095983, 0.00020018, 0.029776, 0.0027753, 0.006826, 0.38052, 0.46936, 0.0059866, 1.3628e-05, 1.0603, 0.076727, 1.8454e-05, 0.85606, 1.7864e-07, 3.6626e-05, 0.30475, 0.9317, 0.24172, 0.20453, 0.30375, -1.1412, -1.6606, 0.59149, -0.010405, 3.0399, -0.018067, -0.0048309, 1.1372, -0.6616, 0.036766, 1.7706, 1.1066, 1.6643, 0.66399, 0.75991, 4.1119, 3.2587, 1.1282, 0.01699, 10.787, 1.7373, 0.017515, 7.6277, 1.9751, 0.076663, 0.19855, 0.0028279, 0.18699, 0.019507, 0.019228, 2.5499, 2.2361, 0.026622, 6.935e-05, 5.5465, 0.28471, 4.6141e-05, 3.8927, 0.64242, 0.00014708
28, 3.5, 0.41773, 0.10888, 0.11117, 1.3757, 0.51192, 1.5973, 1.0354, 0.61262, 0.49929, 0.59003, 0.99534, 0.53494, 0.79018, 0.00025, 9.5847, 0.07093, 0.00762, 8.0351, 0.27199, 0.0456, 0.99891, 1.0306, 1.0828, 0.36475, 0.53525, 1.4319, 0.94121, 0.88777, 0.0040422, 7.3662, 0.86953, 0.0054337, 5.1534, 0.45408, 0.052738, 0.83656, 1.0025, 0.76476, 0.27924, 0.35038, 0.38249, -0.4205, 0.75554, -0.002763, 5.3652, 0.35314, -0.0050915, 3.2917, 0.45339, 0.03997, 1.1613, 1.0586, 1.4008, 0.45025, 0.72011, 2.4812, 2.3029, 1.02, 0.010847, 9.3671, 1.3859, 0.015959, 7.015, 0.45478, 0.065507, 0.009742, 0.00029074, 0.037382, 0.0027022, 0.012631, 0.407, 0.68535, 0.0064628, 1.7117e-05, 1.4798, 0.098561, 4.0945e-05, 1.281, 1.7864e-07, 6.026e-05, 0.26571, 0.94172, 0.35719, 0.13545, 0.275, -1.2083, -1.6345, 0.61701, -0.0099959, 3.3485, -0.041167, -0.008193, 1.7356, -0.86429, 0.031247, 1.7321, 1.1194, 1.8084, 0.59404, 0.79549, 4.072, 3.5169, 1.1585, 0.01808, 11.384, 1.7802, 0.019061, 8.5712, 1.7725, 0.07423, 0.1987, 0.0029185, 0.1946, 0.019433, 0.025032, 2.5763, 2.4521, 0.027098, 7.2838e-05, 5.9661, 0.30654, 6.8633e-05, 4.3176, 0.64242, 0.00017072
29, 4, 0.18328, 0.06227, 0.7, 1.6042, 0.48987, 1.8198, 0.93056, 1.8163, 0.74194, 0.31176, 2.3513, 0.03742, 0.30291, 0.00428, 1.4146, 0.28836, 0.00409, 1.8575, 2.3061, 0.07815, 1.611, 0.99214, 1.3434, 0.60589, 0.2624, 1.4848, 0.84666, 0.44157, 0.0059749, 2.2391, 0.74147, 0.0088013, 1.7721, 2.3107, 0.062944, 1.4484, 0.96372, 1.0075, 0.46614, 0.035537, 0.40202, -0.63594, 0.29638, -0.0010986, -0.34415, 0.23395, -0.0025111, -0.3826, 2.31, 0.048864, 1.7737, 1.0206, 1.6793, 0.74564, 0.48927, 2.5677, 2.3293, 0.58676, 0.013048, 4.8224, 1.249, 0.020114, 3.9267, 2.3114, 0.077023, 0.0097775, 0.00029845, 0.041696, 0.0072186, 0.019023, 0.43337, 0.81244, 0.0077916, 1.8493e-05, 2.4665, 0.095205, 4.73e-05, 1.7159, 1.7864e-07, 7.327e-05, 0.87776, 0.90316, 0.60982, 0.35134, -0.02918, -1.1688, -1.7949, 0.16424, -0.0081952, -2.098, -0.16423, -0.0054423, -1.8138, 0.99234, 0.040648, 2.3443, 1.0811, 2.077, 0.86045, 0.55399, 4.1385, 3.4883, 0.7189, 0.020145, 6.5763, 1.6472, 0.023045, 5.3579, 3.6291, 0.085239, 0.19873, 0.0029262, 0.19891, 0.02395, 0.031425, 2.6027, 2.5792, 0.028427, 7.4215e-05, 6.9527, 0.30319, 7.4987e-05, 4.7526, 0.64242, 0.00018373
30, 2.8571, 0.3592, 0.09246, 0.12559, 1.6927, 0.62444, 0.325, 0.94113, 1.3664, 0.48435, 0.57674, 1.7726, 0.13582, 0.64346, 0.00026, 6.656, 0.42409, 0.00081, 1.9017, 0.77251, 0.04249, 0.93629, 1.0082, 1.0063, 0.38086, 0.5737, 1.615, 1.2298, 0.87862, 0.0052043, 6.0688, 0.92851, 0.0045464, 3.3738, 0.63507, 0.044084, 0.80246, 0.98414, 0.70335, 0.29092, 0.40731, 0.58093, 0.038257, 0.74608, -0.0010899, 4.3038, 0.4416, -0.0045072, 1.7222, 0.63437, 0.032752, 1.0701, 1.0323, 1.3092, 0.47081, 0.7401, 2.649, 2.4214, 1.0112, 0.011498, 7.8338, 1.4154, 0.0136, 5.0253, 0.63576, 0.055416, 0.0066198, 0.00021425, 0.033914, 0.0029904, 0.010234, 0.3952, 0.52478, 0.0064925, 1.4643e-05, 1.1514, 0.087627, 3.0296e-05, 1.0082, 1.7864e-07, 4.7465e-05, 0.20887, 0.92053, 0.28715, 0.14987, 0.32623, -1.0191, -1.2601, 0.6077, -0.0085933, 2.1633, 0.034206, -0.0079787, 0.065686, -0.6833, 0.023413, 1.6637, 1.0959, 1.7254, 0.61186, 0.82117, 4.2491, 3.7197, 1.1495, 0.019002, 9.9743, 1.8228, 0.017071, 6.6818, 1.9534, 0.064754, 0.19557, 0.002842, 0.19113, 0.019722, 0.022635, 2.5645, 2.2915, 0.027128, 7.0364e-05, 5.6376, 0.29561, 5.7983e-05, 4.0448, 0.64242, 0.00015792
31, 6.2215, 0.11341, 0.01519, 0.05049, 2.0833, 0.28018, 1.7417, 1.0556, 1.6777, 0.42506, 0.59611, 0.32746, 0.71871, 0.71766, 0.00437, 3.5297, 0.03528, 0.00604, 1.697, 0.81686, 0.08974, 1.1577, 1.0387, 1.2807, 0.39142, 0.56584, 1.5372, 1.0857, 0.77493, 0.0049985, 5.6164, 0.78419, 0.0057222, 3.9844, 1.4184, 0.070121, 0.98733, 1.0134, 0.96777, 0.27357, 0.40212, 0.47973, -0.27097, 0.63431, -0.0018418, 3.4489, 0.27844, -0.004437, 2.1682, 1.4177, 0.057468, 1.328, 1.0639, 1.5935, 0.50927, 0.72956, 2.5946, 2.4424, 0.91554, 0.011839, 7.784, 1.29, 0.015881, 5.8006, 1.4191, 0.082774, 0.010722, 0.00023511, 0.036184, 0.0051334, 0.0099072, 0.41328, 0.68031, 0.007308, 1.7294e-05, 1.7365, 0.094544, 3.8148e-05, 1.2192, 1.7864e-07, 5.9176e-05, 0.42265, 0.95065, 0.55729, 0.1482, 0.32016, -1.1062, -1.4873, 0.49997, -0.0090566, 1.5132, -0.12051, -0.0076239, 0.59112, 0.10004, 0.048698, 1.8927, 1.1267, 2.004, 0.63464, 0.81152, 4.1805, 3.6588, 1.0499, 0.019054, 9.7196, 1.6889, 0.019068, 7.3777, 2.7368, 0.091544, 0.19968, 0.0028628, 0.1934, 0.021865, 0.022309, 2.5826, 2.447, 0.027943, 7.3015e-05, 6.2228, 0.30253, 6.5835e-05, 4.2559, 0.64242, 0.00016963
32, 2.5, 0.47946, 0.05863, 0.19988, 0.83333, 0.85669, 0.81227, 1.0873, 1.38, 0.39822, 0.43119, 1.0617, 0.57231, 0.69524, 0.01855, 8.2264, 1.2439, 0.00839, 4.3326, 0.31149, 0.02851, 1.1412, 1.0202, 1.2484, 0.4132, 0.41649, 2.5058, 1.204, 0.75896, 0.0085737, 5.3834, 0.55876, 0.0057435, 5.2702, 0.64227, 0.049369, 0.98294, 0.98947, 0.8893, 0.28723, 0.1756, 1.3537, -0.26903, 0.62238, 0.0015016, 2.8998, -0.0076376, -0.007546, 3.1969, 0.64157, 0.035489, 1.2994, 1.0509, 1.6075, 0.53917, 0.65738, 3.6579, 2.677, 0.89554, 0.015646, 7.867, 1.1252, 0.019033, 7.3436, 0.64296, 0.063248, 0.0092543, 0.00034904, 0.047659, 0.0058654, 0.021448, 0.49061, 0.802, 0.0068948, 1.8486e-05, 2.2799, 0.11857, 6.5277e-05, 1.5889, 1.7864e-07, 7.1199e-05, 0.40887, 0.93046, 0.50387, 0.16594, 0.11386, -0.17682, -1.4322, 0.48604, -0.0055957, 1.1048, -0.38119, -0.010116, 1.7326, -0.6761, 0.027199, 1.8735, 1.1099, 1.9929, 0.66046, 0.71911, 5.1885, 3.8403, 1.0319, 0.022743, 9.662, 1.4987, 0.021603, 8.8078, 1.9606, 0.071538, 0.19821, 0.0029768, 0.20488, 0.022597, 0.033849, 2.66, 2.5687, 0.02753, 7.4208e-05, 6.7662, 0.32656, 9.2965e-05, 4.6255, 0.64242, 0.00018166
33, 4, 0.29084, 0.13792, 0.19995, 1.1111, 0.3202, 1.833, 0.97656, 1.8305, 0.45665, 0.57029, 1.069, 1.1707, 0.97682, 0.00127, 4.5274, 1.0832, 0.00311, 9.3245, 0.46392, 0.05143, 1.1119, 0.98618, 1.4507, 0.46464, 0.55231, 1.3807, 0.86219, 0.83819, 0.0023216, 4.7419, 0.83487, 0.005354, 3.8647, 0.74714, 0.053302, 0.97151, 0.96461, 1.1989, 0.3909, 0.45631, 0.49287, -0.06171, 0.73685, -0.0025916, 3.2921, 0.49752, 0.00084183, 2.6076, 0.74645, 0.04534, 1.2523, 1.0078, 1.7025, 0.53838, 0.64831, 2.2685, 1.7861, 0.93954, 0.0072348, 6.1917, 1.1722, 0.0098661, 5.1219, 0.74784, 0.061264, 0.0072869, 0.00017205, 0.023443, 0.0020097, 0.0034066, 0.29134, 0.3155, 0.0037964, 8.9222e-06, 0.77692, 0.042064, 7.525e-06, 0.58414, 1.7864e-07, 2.3433e-05, 0.38327, 0.89915, 0.75157, 0.23946, 0.3455, -1.1995, -1.5113, 0.58109, -0.010903, 0.96835, 0.012372, -0.0044066, 0.73483, -0.57123, 0.034269, 1.8406, 1.0732, 2.1498, 0.68981, 0.75912, 3.9609, 3.2357, 1.0953, 0.015546, 8.5154, 1.6574, 0.015115, 6.9946, 2.0655, 0.072335, 0.19624, 0.0027998, 0.18066, 0.018741, 0.015808, 2.4607, 2.0822, 0.024432, 6.4644e-05, 5.2631, 0.25005, 3.5212e-05, 3.6208, 0.64242, 0.00013389
34, 5.3333, 0.35833, 0.05406, 0.04308, 1.3368, 0.37016, 1.633, 1.081, 1.0542, 0.24966, 0.87643, 5.1546, 6.7792, 0.86043, 0.0225, 1.3707, 0.0227, 0.00683, 1.9686, 0.64833, 0.07126, 1.2434, 1.0138, 1.5124, 0.31082, 0.56968, 1.2159, 1.2739, 0.85288, 0.0069012, 5.6487, 0.65246, 0.0070312, 5.5938, 0.71264, 0.061047, 1.0559, 0.98822, 1.1581, 0.20504, 0.32247, 0.062526, -0.13592, 0.7043, 9.5175e-06, 3.1993, 0.093894, -0.006056, 3.4267, 0.71194, 0.047253, 1.4309, 1.0395, 1.8668, 0.4166, 0.8169, 2.3693, 2.6837, 1.0015, 0.013793, 8.0982, 1.211, 0.020118, 7.761, 0.71333, 0.074841, 0.012994, 0.00024254, 0.046398, 0.004136, 0.022589, 0.49171, 0.73464, 0.0081593, 1.7555e-05, 2.2176, 0.11532, 6.3305e-05, 1.7359, 1.7864e-07, 7.0328e-05, 0.5042, 0.92571, 0.77023, 0.073213, 0.262, -1.4673, -1.3276, 0.57376, -0.007179, 1.3899, -0.28279, -0.0086591, 2.0004, -0.60573, 0.038931, 1.9826, 1.102, 2.2547, 0.54843, 0.87736, 3.8991, 3.8753, 1.132, 0.020981, 9.9075, 1.5877, 0.022721, 9.1872, 2.031, 0.083163, 0.20195, 0.0028703, 0.20361, 0.020867, 0.03499, 2.6611, 2.5014, 0.028795, 7.3276e-05, 6.7038, 0.3233, 9.0993e-05, 4.7726, 0.64242, 0.00018079
35, 2.5, 0.13114, 0.11054, 0.25389, 0.97222, 0.42379, 0.88513, 0.94691, 1.3673, 0.69261, 0.85921, 2.5579, 1.0546, 0.53489, 0.00371, 0.3588, 0.53943, 0.00061, 2.3382, 1.1408, 0.02865, 0.93442, 1.0084, 1.1494, 0.6513, 0.51781, 1.8572, 1.3687, 0.68621, 0.0067816, 2.6195, 0.72358, 0.0032179, 3.6126, 1.041, 0.048018, 0.78253, 0.98536, 0.82617, 0.53927, 0.32954, 0.8035, -0.027936, 0.54313, -0.00021063, 0.44092, 0.1909, -0.0082694, 1.853, 1.0403, 0.034955, 1.0863, 1.0314, 1.4726, 0.76334, 0.70608, 2.9109, 2.7653, 0.8293, 0.013774, 4.7981, 1.2563, 0.014705, 5.3722, 1.0417, 0.061081, 0.0085272, 0.00019599, 0.038609, 0.0046391, 0.013101, 0.41036, 0.72094, 0.0075672, 1.8071e-05, 1.7542, 0.10488, 4.8773e-05, 1.1443, 1.7864e-07, 6.3069e-05, 0.20346, 0.92098, 0.42149, 0.41085, 0.25513, -0.78469, -1.2256, 0.40998, -0.0073481, -1.4895, -0.19645, -0.011165, 0.24928, -0.2774, 0.02635, 1.6654, 1.0958, 1.8773, 0.89176, 0.78048, 4.4991, 3.963, 0.96244, 0.020911, 6.7285, 1.6436, 0.017601, 6.9759, 2.3593, 0.069686, 0.19748, 0.0028237, 0.19583, 0.02137, 0.025503, 2.5797, 2.4877, 0.028203, 7.3792e-05, 6.2405, 0.31286, 7.646e-05, 4.181, 0.64242, 0.00017353
36, 3, 0.24453, 0.05395, 0.11871, 1.5151, 0.59776, 0.55993, 0.90153, 1.752, 0.16836, 0.42723, 7.2512, 6.4201, 0.49806, 0.02915, 0.45405, 0.26621, 0.00774, 4.9483, 0.69782, 0.04736, 0.87258, 1.0057, 1.2225, 0.45264, 0.45038, 2.225, 1.8613, 0.78105, 0.0067196, 4.1295, 0.67547, 0.011135, 5.0307, 0.89872, 0.052194, 0.74919, 0.98189, 0.91783, 0.36489, 0.29214, 1.1899, 0.57804, 0.6293, -8.5177e-05, 2.3184, 0.12083, -0.0011088, 3.5453, 0.89803, 0.040494, 0.99597, 1.0295, 1.5272, 0.5404, 0.60862, 3.26, 3.1446, 0.9328, 0.013524, 5.9405, 1.2301, 0.023378, 6.5161, 0.89942, 0.063893, 0.0056272, 0.00020967, 0.034313, 0.0028465, 0.0092549, 0.39598, 0.6087, 0.0085111, 1.7115e-05, 1.2123, 0.1137, 5.5407e-05, 0.81551, 1.7864e-07, 5.0594e-05, 0.14701, 0.91809, 0.50266, 0.22249, 0.20832, -0.40955, -0.67377, 0.50024, -0.0073183, 0.20296, -0.25744, -0.003859, 1.8023, -0.41965, 0.031319, 1.5981, 1.0933, 1.9424, 0.68279, 0.69244, 4.8595, 4.3965, 1.0619, 0.020757, 8.056, 1.6084, 0.026129, 8.259, 2.2171, 0.073068, 0.19458, 0.0028374, 0.19153, 0.019578, 0.021656, 2.5653, 2.3754, 0.029146, 7.2836e-05, 5.6985, 0.32168, 8.3094e-05, 3.8522, 0.64242, 0.00016105
37, 4.4984, 0.33805, 0.06971, 0.10139, 0.79167, 0.36058, 0.79565, 0.93252, 1.8733, 0.14583, 0.64376, 0.81153, 0.96056, 0.43328, 0.04854, 4.8255, 0.01387, 0.00907, 3.2548, 0.52472, 0.06344, 1.2532, 1.0002, 1.6215, 0.30108, 0.52818, 0.89243, 2.3964, 0.8574, 0.00742, 3.9458, 0.34341, 0.0077187, 4.6113, 0.65421, 0.060861, 1.1151, 0.97738, 1.3537, 0.23411, 0.42206, -0.01252, 1.469, 0.75242, 0.0023513, 2.3606, -0.018554, 0.002495, 3.2393, 0.65352, 0.052588, 1.3914, 1.023, 1.8894, 0.36805, 0.63429, 1.7974, 3.3237, 0.96238, 0.012489, 5.531, 0.70537, 0.012942, 5.9833, 0.65491, 0.069134, 0.0070554, 0.00019221, 0.026513, 0.0016575, 0.0041622, 0.30269, 0.31784, 0.0040735, 9.4959e-06, 0.92879, 0.048425, 1.0086e-05, 0.69576, 1.7864e-07, 2.5297e-05, 0.525, 0.91284, 0.91648, 0.078029, 0.31648, -1.6937, 0.021521, 0.59884, -0.0058634, 0.1182, -0.48949, -0.0023905, 1.4335, -0.66416, 0.041696, 1.9815, 1.0875, 2.3266, 0.52413, 0.73987, 3.4786, 4.7712, 1.116, 0.020703, 7.7734, 1.1763, 0.017828, 7.7891, 1.9726, 0.080026, 0.19601, 0.0028199, 0.18373, 0.018389, 0.016564, 2.472, 2.0846, 0.024709, 6.5217e-05, 5.415, 0.25641, 3.7773e-05, 3.7324, 0.64242, 0.00013576
38, 2, 0.09264, 0.0611, 0.34991, 1.3333, 0.66775, 1.023, 1.0096, 1.7243, 0.73859, 0.79833, 0.77002, 0.55564, 0.871, 0.00051, 0.71047, 1.9766, 0.00365, 2.6854, 1.0026, 0.05222, 0.89468, 1.0343, 1.019, 0.58352, 0.38231, 2.4633, 1.2502, 0.71317, 0.0082482, 2.0337, 0.74833, 0.011066, 2.5577, 1.5331, 0.047329, 0.74942, 1.0077, 0.68314, 0.46224, 0.15245, 1.3255, -0.18116, 0.58082, 0.0011997, -0.10898, 0.18311, -0.0019687, 0.77283, 1.5324, 0.033523, 1.0399, 1.0609, 1.3548, 0.7048, 0.61216, 3.6011, 2.6815, 0.84551, 0.015297, 4.1763, 1.3135, 0.0241, 4.3426, 1.5338, 0.061135, 0.0077993, 0.0002624, 0.041685, 0.0054368, 0.019527, 0.47849, 0.75723, 0.0064741, 1.8363e-05, 1.6969, 0.11808, 6.2797e-05, 1.1775, 1.7864e-07, 7.0451e-05, 0.16507, 0.94587, 0.28539, 0.33862, 0.088393, -0.21324, -1.363, 0.44234, -0.0059094, -2.0564, -0.19091, -0.0045805, -0.8189, 0.21475, 0.025205, 1.6243, 1.1227, 1.7525, 0.82842, 0.67622, 5.1398, 3.8634, 0.98399, 0.022406, 6.1238, 1.6876, 0.026712, 5.9344, 2.8515, 0.069453, 0.19675, 0.0028901, 0.1989, 0.022168, 0.031929, 2.6478, 2.524, 0.027109, 7.4084e-05, 6.1831, 0.32606, 9.0484e-05, 4.2142, 0.64242, 0.00018091
39, 4.4984, 0.33805, 0.06971, 0.10139, 0.79167, 0.36058, 1.8536, 1.0883, 1.9676, 0.08987, 0.49055, 0.38119, 6.3728, 0.96148, 0.00753, 2.4561, 0.03855, 0.01783, 3.045, 0.38185, 0.06782, 1.2137, 0.98879, 1.6056, 0.30662, 0.5796, 0.95247, 1.4227, 0.75313, 0.014409, 4.4363, 0.33766, 0.0045277, 4.6594, 0.65421, 0.059858, 1.0756, 0.96599, 1.3378, 0.23966, 0.47348, 0.047525, 0.49536, 0.64815, 0.0093401, 2.8511, -0.0243, -0.00069602, 3.2874, 0.65352, 0.051585, 1.3519, 1.0116, 1.8734, 0.37359, 0.68571, 1.8574, 2.35, 0.85811, 0.019478, 6.0216, 0.69962, 0.0097514, 6.0314, 0.65491, 0.068131, 0.0070554, 0.00019221, 0.026513, 0.0016575, 0.0041622, 0.30269, 0.31784, 0.0040735, 9.4959e-06, 0.92879, 0.048425, 1.0086e-05, 0.69576, 1.7864e-07, 2.5297e-05, 0.4855, 0.90144, 0.90057, 0.083573, 0.3679, -1.6337, -0.95216, 0.49458, 0.0011254, 0.60874, -0.49524, -0.0055815, 1.4816, -0.66416, 0.040693, 1.942, 1.0761, 2.3107, 0.52967, 0.79129, 3.5386, 3.7975, 1.0117, 0.027692, 8.264, 1.1706, 0.014637, 7.8372, 1.9726, 0.079023, 0.19601, 0.0028199, 0.18373, 0.018389, 0.016564, 2.472, 2.0846, 0.024709, 6.5217e-05, 5.415, 0.25641, 3.7773e-05, 3.7324, 0.64242, 0.00013576
40, 4, 0.25756, 0.09774, 0.21, 1.5, 0.38708, 0.80888, 0.96822, 1.9965, 0.35204, 0.52437, 0.40713, 1.5386, 0.85234, 0.00013, 0.85966, 1.2515, 0.00198, 3.1628, 1.1869, 0.04649, 1.2283, 0.99635, 1.4544, 0.52429, 0.4951, 1.4458, 0.85232, 0.71234, 0.0056071, 3.9393, 0.68401, 0.0075414, 5.0422, 0.99276, 0.05202, 1.0955, 0.97334, 1.1251, 0.44032, 0.27883, 0.35842, -0.46332, 0.58126, -0.0010653, 2.2351, 0.13931, -0.0039408, 3.4117, 0.99206, 0.039133, 1.3611, 1.0194, 1.7837, 0.60826, 0.71137, 2.5331, 2.168, 0.84342, 0.01228, 5.6435, 1.2287, 0.019024, 6.6726, 0.99345, 0.064906, 0.0065178, 0.0001957, 0.040081, 0.0026061, 0.017288, 0.43701, 0.63976, 0.0063508, 1.6456e-05, 1.0734, 0.10966, 4.873e-05, 0.98258, 1.7864e-07, 6.1379e-05, 0.50106, 0.90895, 0.72376, 0.29556, 0.21168, -1.2097, -1.6993, 0.44214, -0.0083671, 0.060931, -0.24303, -0.0068374, 1.7446, -0.32561, 0.030458, 1.9555, 1.0838, 2.185, 0.75303, 0.77852, 4.1013, 3.404, 0.98255, 0.019581, 7.8177, 1.6111, 0.02192, 8.3398, 2.3111, 0.073581, 0.19547, 0.0028234, 0.1973, 0.019337, 0.029689, 2.6064, 2.4065, 0.026986, 7.2177e-05, 5.5597, 0.31765, 7.6417e-05, 4.0192, 0.64242, 0.00017184
41, 2, 0.16718, 0.11289, 0.56689, 1.3123, 0.52876, 0.97247, 0.93562, 1.2127, 0.15669, 0.52852, 2.2164, 0.89257, 0.2654, 0.00597, 0.57087, 1.1129, 0.00026, 1.604, 1.4799, 0.07342, 1.2117, 0.97526, 1.2779, 0.57128, 0.28437, 1.8699, 1.4254, 0.53106, 0.00605, 2.1394, 0.70812, 0.0069496, 1.8398, 1.6534, 0.04706, 1.0589, 0.94956, 0.93365, 0.44636, 0.047331, 0.76145, -0.053137, 0.38628, -0.0010112, -0.23228, 0.15504, -0.0043906, -0.26506, 1.6527, 0.033102, 1.3645, 1.001, 1.6221, 0.6962, 0.52141, 2.9784, 2.9039, 0.67584, 0.013111, 4.5111, 1.2612, 0.01829, 3.9447, 1.654, 0.061018, 0.0086309, 0.00024422, 0.043791, 0.0057675, 0.020768, 0.45413, 0.80798, 0.0077477, 1.8429e-05, 2.079, 0.11306, 4.7532e-05, 1.6376, 1.7864e-07, 7.2011e-05, 0.48054, 0.88711, 0.54041, 0.32456, -0.015196, -0.79429, -1.2139, 0.25395, -0.0081139, -2.0752, -0.22387, -0.0073161, -1.7163, 0.33498, 0.024841, 1.9428, 1.0634, 2.0153, 0.818, 0.58394, 4.5341, 4.0647, 0.80817, 0.020214, 6.3539, 1.6401, 0.021215, 5.396, 2.9717, 0.069279, 0.19759, 0.0028719, 0.20101, 0.022499, 0.03317, 2.6235, 2.5747, 0.028383, 7.415e-05, 6.5652, 0.32105, 7.5219e-05, 4.6742, 0.64242, 0.00018247
42, 1.6364, 0.47111, 0.07152, 0, 0.97222, 1.022, 0.20239, 0.98345, 1.4928, 0.06478, 0.16837, 9.2504, 1.5595, 0.91434, 0.04154, 6.2886, 0.93332, 0.00695, 3.8898, 0.65178, 0.09161, 0.59028, 1.0302, 1.0059, 0.42487, 0.40157, 2.7859, 1.7914, 0.85388, 0.009247, 5.5788, 0.57292, 0.0026615, 5.6724, 0.20417, 0.036652, 0.40971, 0.99877, 0.65995, 0.28401, 0.17998, 1.6858, 0.32376, 0.71178, 0.0021745, 3.0601, 0.035525, -0.0089402, 3.5506, 0.20348, 0.022667, 0.77085, 1.0617, 1.3519, 0.56574, 0.62316, 3.886, 3.2591, 0.99598, 0.01632, 8.0975, 1.1103, 0.014263, 7.7943, 0.20487, 0.050636, 0.012051, 0.00036547, 0.044244, 0.007334, 0.018149, 0.44732, 0.79616, 0.0074632, 1.8488e-05, 2.3448, 0.10674, 4.9749e-05, 1.6641, 1.7864e-07, 7.2285e-05, -0.14717, 0.94022, 0.26765, 0.16971, 0.11407, 0.12514, -0.84182, 0.57816, -0.0049226, 1.2798, -0.34985, -0.011813, 2.1062, -1.1142, 0.014416, 1.3277, 1.1202, 1.7442, 0.68004, 0.68907, 5.4466, 4.4247, 1.1296, 0.023417, 9.8778, 1.4957, 0.017136, 9.2387, 1.5225, 0.058887, 0.20101, 0.0029932, 0.20146, 0.024065, 0.030551, 2.6167, 2.5629, 0.028099, 7.421e-05, 6.831, 0.31472, 7.7437e-05, 4.7007, 0.64242, 0.00018274
43, 8, 0.44876, 0.04706, 0.28113, 1.3333, 0.368, 0.89874, 1.0853, 1.9079, 0.44933, 0.5498, 1.3811, 0.86589, 0.82567, 0.00181, 8.7442, 0.43533, 0.00173, 8.91, 2.0326, 0.07183, 1.5343, 1.0578, 1.3212, 0.51412, 0.68528, 1.2562, 0.80216, 0.76225, 0.0039422, 7.4906, 0.5753, 0.012493, 4.7848, 1.4617, 0.063911, 1.3428, 1.0245, 0.97484, 0.40344, 0.50723, 0.097105, -0.66492, 0.60724, -0.0030803, 5.209, 0.010262, -0.00051905, 2.9076, 1.461, 0.051073, 1.7258, 1.091, 1.6676, 0.62479, 0.86333, 2.4153, 2.2692, 0.91726, 0.010965, 9.7721, 1.1403, 0.025504, 6.662, 1.4624, 0.07675, 0.013554, 0.00040856, 0.044341, 0.0045272, 0.011718, 0.49657, 0.79552, 0.0088814, 1.8228e-05, 1.9239, 0.11801, 6.2576e-05, 1.3024, 1.7864e-07, 6.0921e-05, 0.79409, 0.96714, 0.58275, 0.27429, 0.42983, -1.4295, -1.8308, 0.47966, -0.010202, 3.3261, -0.36383, -0.0031347, 1.3585, 0.14336, 0.042378, 2.2745, 1.1484, 2.0597, 0.75394, 0.94073, 3.9419, 3.4351, 1.0448, 0.018087, 11.655, 1.5144, 0.02812, 8.2111, 2.7801, 0.085444, 0.20251, 0.0030363, 0.20156, 0.021258, 0.024119, 2.6659, 2.5622, 0.029517, 7.3949e-05, 6.4102, 0.32599, 9.0263e-05, 4.3391, 0.64242, 0.00017138
44, 6.5574, 0.12218, 0.03547, 0.13607, 1.9174, 0.31909, 0.36056, 1.0875, 0.69361, 0.36405, 0.44787, 4.3688, 1.4497, 0.54341, 0.00044, 2.9662, 0.83681, 0.0043, 2.268, 3.2194, 0.07002, 1.0558, 1.0337, 1.1709, 0.47092, 0.47555, 1.6688, 1.302, 0.71809, 0.0039763, 4.4284, 0.71041, 0.01373, 3.921, 1.6027, 0.066367, 0.89602, 1.0109, 0.86938, 0.36107, 0.28289, 0.65477, -0.11714, 0.57457, -0.002666, 2.3766, 0.18425, 0.003274, 2.1353, 1.602, 0.053153, 1.2156, 1.0565, 1.4724, 0.58077, 0.66822, 2.6829, 2.7211, 0.86161, 0.010619, 6.4802, 1.2366, 0.024186, 5.7068, 1.6034, 0.079582, 0.0094361, 0.00019247, 0.033601, 0.0044604, 0.01372, 0.38007, 0.74434, 0.0076132, 1.6307e-05, 1.5561, 0.10232, 4.041e-05, 1.1787, 1.7864e-07, 6.4546e-05, 0.32316, 0.94635, 0.45238, 0.23147, 0.20971, -0.9575, -1.3045, 0.44163, -0.0099836, 0.38515, -0.20586, 0.00015667, 0.54396, 0.28434, 0.044608, 1.7884, 1.121, 1.8894, 0.71037, 0.7414, 4.2951, 3.9085, 0.99454, 0.017936, 8.4716, 1.6267, 0.027304, 7.2981, 2.9211, 0.088127, 0.19839, 0.0028202, 0.19082, 0.021192, 0.026122, 2.5494, 2.5111, 0.028249, 7.2029e-05, 6.0423, 0.31031, 6.8097e-05, 4.2153, 0.64242, 0.000175
45, 3.5, 0.38998, 0.10164, 0.15567, 1.3757, 0.52977, 0.28127, 1.0339, 0.64588, 0.42538, 0.53787, 1.4891, 0.76511, 0.93639, 4e-05, 8.3363, 1.0969, 0.00076, 3.0066, 1.9098, 0.07123, 1.0798, 1.024, 0.92734, 0.44248, 0.51569, 1.3482, 0.82405, 0.8446, 0.0032848, 7.5282, 0.64859, 0.0077493, 5.9423, 0.626, 0.050756, 0.9186, 1.0005, 0.65306, 0.35341, 0.39692, 0.39688, -0.31733, 0.7296, -0.0027866, 5.8585, 0.23284, 0.0012718, 4.4725, 0.62531, 0.040768, 1.241, 1.0475, 1.2016, 0.53155, 0.63445, 2.2995, 1.9654, 0.95959, 0.0093562, 9.1978, 1.0644, 0.014227, 7.4121, 0.6267, 0.060744, 0.0096044, 0.00020409, 0.027805, 0.0029321, 0.0052134, 0.33448, 0.48151, 0.0048874, 1.3625e-05, 1.0304, 0.063889, 1.5508e-05, 0.79848, 1.7864e-07, 3.6871e-05, 0.34685, 0.93644, 0.21982, 0.21183, 0.29738, -1.2546, -1.6423, 0.58182, -0.010413, 3.6648, -0.20905, -0.0030612, 2.7211, -0.69237, 0.030791, 1.8127, 1.1115, 1.6349, 0.67313, 0.73399, 3.9509, 3.2904, 1.1074, 0.016982, 11.392, 1.5062, 0.01856, 9.1635, 1.9444, 0.070721, 0.19856, 0.0028318, 0.18502, 0.019663, 0.017615, 2.5038, 2.2482, 0.025523, 6.9346e-05, 5.5166, 0.27187, 4.3196e-05, 3.8351, 0.64242, 0.00014733
46, 6.0132, 0.26546, 0.04042, 0.0685, 0.93291, 0.325, 0.61725, 1.0542, 1.9677, 0.35764, 0.66747, 1.2401, 0.52901, 0.85289, 0.00097, 9.4284, 0.63557, 0.00368, 7.0911, 0.58669, 0.05815, 1.314, 1.0136, 1.2548, 0.36782, 0.54387, 1.315, 1.3752, 0.72532, 0.0061025, 5.0909, 0.789, 0.0085928, 6.6042, 1.0017, 0.065047, 1.1447, 0.98549, 0.91137, 0.27003, 0.3354, 0.24409, 0.0098032, 0.58181, -0.00085083, 2.7537, 0.24466, -0.0036264, 4.548, 1.001, 0.051473, 1.4833, 1.0417, 1.5982, 0.4656, 0.75233, 2.386, 2.7405, 0.86883, 0.013056, 7.4282, 1.3333, 0.020812, 8.6603, 1.0024, 0.07862, 0.010595, 0.00029185, 0.043589, 0.0035341, 0.016063, 0.42392, 0.68902, 0.0076124, 1.787e-05, 2.0191, 0.10952, 5.5186e-05, 1.5626, 1.7864e-07, 6.81e-05, 0.57927, 0.92472, 0.5177, 0.13366, 0.26636, -1.3338, -1.2025, 0.44887, -0.008008, 0.89562, -0.13783, -0.0063811, 3.0766, -0.31666, 0.043067, 2.0488, 1.1025, 1.9919, 0.60197, 0.82138, 3.9639, 3.9528, 1.0018, 0.020213, 9.2862, 1.7158, 0.023567, 10.132, 2.3201, 0.087026, 0.19955, 0.0029196, 0.20081, 0.020265, 0.028464, 2.5933, 2.4557, 0.028248, 7.3592e-05, 6.5053, 0.3175, 8.2873e-05, 4.5993, 0.64242, 0.00017856
47, 2, 0.23842, 0.10557, 0.19966, 0.91398, 0.62467, 0.23749, 0.9285, 1.9162, 0.62473, 0.30155, 2.945, 0.80283, 0.7992, 0.00016, 7.1011, 0.13177, 0.00029, 2.8981, 1.9696, 0.04316, 0.84237, 0.98646, 1.0235, 0.64781, 0.40294, 1.9669, 1.2216, 0.7541, 0.0072809, 5.1245, 0.69669, 0.0048259, 4.7636, 0.78439, 0.042539, 0.69999, 0.9619, 0.7038, 0.53793, 0.2284, 0.95115, -0.11865, 0.61913, 0.00026477, 3.0989, 0.15876, -0.0067094, 2.9512, 0.7837, 0.029174, 0.98475, 1.011, 1.3432, 0.7577, 0.57748, 2.9826, 2.5619, 0.88906, 0.014297, 7.15, 1.2346, 0.016361, 6.5759, 0.78509, 0.055904, 0.0074926, 0.00022292, 0.037776, 0.0044631, 0.01126, 0.38134, 0.66394, 0.0067326, 1.8194e-05, 1.5164, 0.10695, 4.9182e-05, 1.2141, 1.7864e-07, 6.602e-05, 0.11333, 0.89864, 0.29716, 0.40835, 0.14992, -0.66008, -1.3428, 0.48199, -0.0068606, 1.0945, -0.22638, -0.0095953, 1.3723, -0.53398, 0.020688, 1.5714, 1.0743, 1.7498, 0.88728, 0.65596, 4.5939, 3.786, 1.0262, 0.021422, 9.1544, 1.6198, 0.019247, 8.1548, 2.1028, 0.06439, 0.19645, 0.0028506, 0.19499, 0.021194, 0.023662, 2.5507, 2.4307, 0.027368, 7.3916e-05, 6.0026, 0.31493, 7.6869e-05, 4.2507, 0.64242, 0.00017648
48, 2.25, 0.30301, 0.08051, 0.07844, 1.5132, 0.67066, 0.20141, 0.92282, 1.8492, 0.1746, 0.37176, 5.0099, 4.0041, 0.78876, 0.02767, 9.0316, 0.41524, 0.00539, 2.2602, 0.70514, 0.04915, 0.91739, 0.97997, 1.229, 0.37763, 0.29782, 1.8664, 1.4482, 0.88919, 0.0077216, 5.9067, 0.53376, 0.0048187, 4.8146, 0.58515, 0.042674, 0.7738, 0.95732, 0.9485, 0.26942, 0.15714, 0.8602, 0.30221, 0.76471, 0.0016377, 4.0973, 0.093056, -0.0017529, 3.2916, 0.58446, 0.032042, 1.061, 1.0026, 1.5095, 0.48584, 0.43851, 2.8726, 2.5943, 1.0137, 0.013805, 7.7161, 0.97447, 0.01139, 6.3376, 0.58585, 0.053306, 0.0076204, 0.00018961, 0.029078, 0.004328, 0.0073154, 0.3742, 0.48544, 0.0057272, 1.3681e-05, 1.21, 0.071787, 1.5962e-05, 0.85734, 1.7864e-07, 4.178e-05, 0.18811, 0.89266, 0.51903, 0.13893, 0.066856, -0.7569, -1.0202, 0.62212, -0.0059814, 1.981, -0.33625, -0.0060484, 1.5688, -0.73322, 0.022379, 1.6467, 1.0673, 1.9389, 0.61633, 0.52879, 4.4897, 3.9167, 1.1563, 0.021425, 9.8325, 1.4038, 0.015686, 8.0604, 1.9035, 0.062969, 0.19658, 0.0028173, 0.18629, 0.021059, 0.019717, 2.5435, 2.2522, 0.026363, 6.9402e-05, 5.6963, 0.27977, 4.3649e-05, 3.894, 0.64242, 0.00015224
49, 4, 0.29084, 0.13792, 0.19995, 1.1111, 0.3202, 1.2911, 1.0642, 1.2225, 0.54347, 0.49418, 1.383, 0.11287, 0.75468, 0.00147, 4.0265, 0.79872, 0.01305, 2.9969, 0.74897, 0.06345, 1.1328, 0.98044, 1.5414, 0.45421, 0.57322, 1.3385, 1.0511, 0.87906, 0.0022895, 4.8286, 0.8924, 0.0026524, 5.0819, 0.74714, 0.050752, 0.99241, 0.95887, 1.2895, 0.38047, 0.47721, 0.45069, 0.1272, 0.77771, -0.0026237, 3.3788, 0.55505, -0.0018597, 3.8248, 0.74645, 0.04279, 1.2732, 1.002, 1.7932, 0.52795, 0.66922, 2.2263, 1.975, 0.98041, 0.0072027, 6.2784, 1.2298, 0.0071645, 6.3391, 0.74784, 0.058714, 0.0072869, 0.00017205, 0.023443, 0.0020097, 0.0034066, 0.29134, 0.3155, 0.0037964, 8.9222e-06, 0.77692, 0.042064, 7.525e-06, 0.58414, 1.7864e-07, 2.3433e-05, 0.40416, 0.89341, 0.84223, 0.22903, 0.36641, -1.2417, -1.3224, 0.62196, -0.010935, 1.0551, 0.069901, -0.0071082, 1.952, -0.57123, 0.031719, 1.8615, 1.0675, 2.2405, 0.67938, 0.78002, 3.9187, 3.4246, 1.1362, 0.015514, 8.6022, 1.7149, 0.012413, 8.2118, 2.0655, 0.069785, 0.19624, 0.0027998, 0.18066, 0.018741, 0.015808, 2.4607, 2.0822, 0.024432, 6.4644e-05, 5.2631, 0.25005, 3.5212e-05, 3.6208, 0.64242, 0.00013389
50, 4.56, 0.08105, 0.08646, 0.3, 1.0417, 0.27718, 1.4479, 0.98909, 1.2872, 0.52359, 0.53536, 1.2386, 1.0729, 0.69251, 0.01595, 2.9169, 0.78989, 0.02172, 8.5994, 0.67804, 0.05496, 1.0474, 1.0408, 1.1272, 0.64815, 0.60598, 1.467, 1.1084, 0.67485, 0.0047007, 3.6233, 0.60827, 0.016855, 6.6796, 1.5045, 0.052059, 0.91004, 1.0171, 0.8398, 0.54247, 0.47365, 0.49478, -0.077085, 0.55318, -0.0014087, 1.8053, 0.19688, 0.010136, 5.1555, 1.5038, 0.041348, 1.1847, 1.0646, 1.4145, 0.75383, 0.73831, 2.4391, 2.2939, 0.79652, 0.01081, 5.4413, 1.0197, 0.023574, 8.2037, 1.5052, 0.06277, 0.0069705, 0.00020837, 0.030522, 0.0041277, 0.0064722, 0.34934, 0.51945, 0.0054717, 1.3796e-05, 1.2216, 0.062555, 1.6687e-05, 0.85852, 1.7864e-07, 4.2407e-05, 0.31929, 0.95324, 0.41447, 0.41059, 0.38001, -1.1435, -1.3786, 0.40908, -0.0090136, -0.30647, -0.24727, 0.005898, 3.4333, 0.18614, 0.031722, 1.7754, 1.1284, 1.8399, 0.88571, 0.83195, 4.0774, 3.5954, 0.94062, 0.018415, 7.553, 1.4638, 0.027812, 9.9259, 2.8229, 0.072396, 0.19593, 0.0028361, 0.18774, 0.020859, 0.018874, 2.5187, 2.2862, 0.026107, 6.9517e-05, 5.7079, 0.27054, 4.4374e-05, 3.8952, 0.64242, 0.00015287
51, 1.9912, 0.27023, 0.05807, 0.30689, 1.0526, 0.71435, 1.6918, 1.0025, 1.5077, 0.23838, 0.30685, 8.142, 0.05836, 0.99276, 0.03226, 0.59444, 0.01478, 0.01515, 3.4914, 0.40701, 0.08043, 1.0664, 0.98625, 1.3955, 0.52456, 0.44798, 2.3937, 0.97042, 0.7454, 0.0081524, 3.1659, 0.65731, 0.003973, 3.9022, 1.114, 0.048895, 0.92355, 0.96079, 1.0797, 0.41184, 0.24856, 1.3775, -0.45083, 0.61016, 0.0012091, 0.98559, 0.13342, -0.0070724, 1.9928, 1.1133, 0.035084, 1.2093, 1.0117, 1.7114, 0.63728, 0.64741, 3.4098, 2.3917, 0.88064, 0.015096, 5.3462, 1.1812, 0.015018, 5.8116, 1.1147, 0.062707, 0.0075457, 0.00023957, 0.036882, 0.0046961, 0.014699, 0.38164, 0.7466, 0.0067602, 1.7819e-05, 1.757, 0.10144, 4.5093e-05, 1.3475, 1.7864e-07, 7.0506e-05, 0.33729, 0.89817, 0.67088, 0.28379, 0.1772, -0.23347, -1.6372, 0.47315, -0.0059531, -0.94403, -0.25765, -0.010059, 0.45815, -0.20438, 0.026768, 1.7956, 1.0743, 2.1202, 0.76534, 0.71877, 5.0208, 3.5781, 1.0176, 0.022258, 7.2758, 1.5723, 0.018006, 7.3463, 2.4324, 0.071022, 0.1965, 0.0028673, 0.1941, 0.021427, 0.027101, 2.551, 2.5133, 0.027396, 7.354e-05, 6.2432, 0.30943, 7.278e-05, 4.3842, 0.64242, 0.00018096
52, 4.7, 0.39202, 0.08776, 0.4617, 1.9192, 0.50804, 1.5421, 1.0088, 1.2675, 0.45474, 0.55807, 1.3595, 0.79097, 0.64892, 0.00092, 6.793, 0.19369, 0.0047, 3.7576, 0.65062, 0.07239, 1.4609, 1.0331, 1.6688, 0.50332, 0.56683, 1.4519, 0.77527, 0.75652, 0.0031364, 5.7225, 0.56533, 0.0063047, 2.9175, 1.5162, 0.052626, 1.3156, 1.0069, 1.3834, 0.4047, 0.39332, 0.52897, -0.46555, 0.64702, -0.0028163, 3.9513, 0.12086, -0.0010783, 1.3512, 1.5155, 0.040559, 1.6062, 1.0594, 1.9541, 0.60194, 0.74034, 2.3749, 2.0161, 0.86602, 0.0090891, 7.4937, 1.0098, 0.013688, 4.4838, 1.5169, 0.064694, 0.0078007, 0.00025461, 0.030092, 0.0035947, 0.011127, 0.31485, 0.56906, 0.0044316, 1.3097e-05, 1.1596, 0.073018, 2.0147e-05, 0.90679, 1.7864e-07, 5.3822e-05, 0.73131, 0.9448, 0.95688, 0.26882, 0.31452, -1.1406, -1.7386, 0.4961, -0.010509, 1.8142, -0.30659, -0.0050715, -0.34888, 0.19787, 0.031544, 2.1905, 1.1214, 2.3806, 0.73783, 0.81914, 4.0444, 3.2891, 1.0169, 0.016782, 9.6308, 1.4373, 0.017681, 6.1838, 2.8346, 0.073709, 0.19676, 0.0028823, 0.18731, 0.020326, 0.023529, 2.4842, 2.3358, 0.025067, 6.8819e-05, 5.6458, 0.281, 4.7835e-05, 3.9434, 0.64242, 0.00016428
53, 4.6981, 0.15862, 0.04387, 0.1029, 0.84667, 0.3102, 1.7929, 1.0952, 0.50736, 0.46387, 0.34894, 1.5752, 0.91984, 0.8057, 0.00012, 3.8981, 1.418, 0.01313, 9.6718, 0.57311, 0.05216, 1.0645, 1.0159, 1.0135, 0.3692, 0.38271, 1.1001, 1.438, 0.8496, 0.0065378, 4.6333, 0.62483, 0.012948, 7.3552, 1.0497, 0.053384, 0.92741, 0.99585, 0.76837, 0.3, 0.28402, 0.30216, 0.5082, 0.74655, 0.0014648, 3.1044, 0.26869, 0.0076726, 6.0448, 1.049, 0.045134, 1.2016, 1.036, 1.2585, 0.43841, 0.48141, 1.898, 2.3678, 0.95265, 0.011611, 6.1622, 0.98098, 0.018223, 8.6656, 1.0504, 0.061635, 0.0069467, 0.00014931, 0.0222, 0.0017701, 0.0036, 0.23533, 0.31953, 0.0039249, 9.5121e-06, 0.86396, 0.046882, 1.0285e-05, 0.63466, 1.7864e-07, 2.5159e-05, 0.33648, 0.92927, 0.31673, 0.14547, 0.17465, -1.4506, -0.93782, 0.59182, -0.0067473, 0.82868, -0.20555, 0.0028118, 4.2036, -0.26864, 0.034229, 1.7925, 1.1026, 1.7102, 0.59294, 0.59078, 3.6508, 3.8138, 1.1074, 0.019823, 8.4379, 1.4552, 0.023084, 10.507, 2.3681, 0.07254, 0.1959, 0.002777, 0.17942, 0.018501, 0.016001, 2.4047, 2.0863, 0.02456, 6.5234e-05, 5.3502, 0.25486, 3.7972e-05, 3.6713, 0.64242, 0.00013562
54, 2.5, 0.13114, 0.04582, 0.25389, 0.97222, 0.73611, 1.4919, 0.9978, 0.85206, 0.83349, 0.83054, 3.2684, 1.606, 0.69339, 0.0056, 1.38, 0.38279, 0.00446, 4.7605, 0.6188, 0.05266, 0.80862, 1.0198, 0.92035, 0.63749, 0.48299, 2.5026, 1.5787, 0.72548, 0.009051, 1.7001, 0.77334, 0.010369, 3.6357, 1.3736, 0.046615, 0.65765, 0.99529, 0.60126, 0.519, 0.2924, 1.46, 0.12459, 0.58147, 0.0019944, -0.59554, 0.23815, -0.00092592, 1.8739, 1.3729, 0.032902, 0.95959, 1.0444, 1.2395, 0.75597, 0.67357, 3.5451, 3.0327, 0.86949, 0.016108, 3.9957, 1.3085, 0.021664, 5.3975, 1.3743, 0.060329, 0.0084242, 0.00022271, 0.037635, 0.0051888, 0.013425, 0.40174, 0.78147, 0.0076653, 1.8405e-05, 1.9478, 0.10587, 4.7155e-05, 1.1472, 1.7864e-07, 6.951e-05, 0.077856, 0.93202, 0.19428, 0.39396, 0.21865, -0.13489, -1.047, 0.44877, -0.0051107, -2.4721, -0.14814, -0.0038607, 0.27124, 0.055251, 0.024549, 1.5394, 1.1077, 1.6464, 0.88102, 0.74732, 5.14, 4.2044, 1.0022, 0.023213, 5.8723, 1.6948, 0.024599, 7.0002, 2.692, 0.068681, 0.19738, 0.0028504, 0.19485, 0.02192, 0.025826, 2.5711, 2.5482, 0.028301, 7.4127e-05, 6.4341, 0.31385, 7.4843e-05, 4.1839, 0.64242, 0.00017997
55, 6.5574, 0.1049, 0.07474, 0.41345, 0.88496, 0.25882, 0.99733, 1.0786, 0.67899, 0.7679, 0.59358, 1.6858, 0.26835, 0.50696, 0.00351, 1.9904, 0.30603, 0.03217, 2.6683, 1.047, 0.06267, 1.1494, 1.0316, 1.0636, 0.63151, 0.50962, 1.6543, 1.0731, 0.68951, 0.0037813, 5.1303, 0.74569, 0.012579, 3.278, 1.9983, 0.066951, 1.0003, 1.0084, 0.76533, 0.53712, 0.34745, 0.65762, -0.23295, 0.55613, -0.0029592, 3.4229, 0.25132, 0.0042169, 1.8042, 1.9976, 0.054108, 1.2985, 1.0547, 1.3619, 0.7259, 0.67179, 2.6509, 2.3792, 0.82289, 0.010522, 6.8377, 1.2401, 0.020942, 4.7517, 1.999, 0.079794, 0.0082176, 0.00019822, 0.03289, 0.0032932, 0.0097204, 0.36715, 0.63049, 0.0065757, 1.6793e-05, 1.0775, 0.090333, 2.5848e-05, 0.80274, 1.7864e-07, 6.0968e-05, 0.419, 0.94414, 0.34646, 0.39875, 0.26498, -0.96537, -1.4736, 0.41818, -0.010226, 1.2505, -0.1527, 0.00054442, 0.054986, 0.67992, 0.045415, 1.8798, 1.119, 1.7808, 0.86427, 0.75427, 4.2739, 3.6198, 0.96084, 0.017788, 9.0101, 1.6441, 0.024614, 6.501, 3.3167, 0.088487, 0.19717, 0.0028259, 0.19011, 0.020024, 0.022122, 2.5365, 2.3972, 0.027211, 7.2515e-05, 5.5637, 0.29831, 5.3535e-05, 3.8394, 0.64242, 0.00017143
56, 4.6981, 0.16327, 0.04387, 0.1029, 0.84667, 0.31592, 1.1971, 1.0809, 0.54477, 0.35771, 0.31914, 1.2026, 1.3776, 0.86669, 0.00014, 4.4372, 0.95026, 0.00997, 9.1106, 0.69067, 0.0478, 1.0869, 1.0163, 1.0023, 0.37919, 0.3966, 1.1505, 1.3439, 0.83502, 0.0065841, 4.5871, 0.77327, 0.015189, 7.4405, 1.0447, 0.053979, 0.94991, 0.99576, 0.74786, 0.31103, 0.28788, 0.3379, 0.40787, 0.73, 0.001414, 3.0208, 0.40198, 0.0091644, 6.0679, 1.044, 0.045479, 1.2238, 1.0368, 1.2567, 0.44735, 0.50531, 1.963, 2.2799, 0.94003, 0.011754, 6.1534, 1.1446, 0.021213, 8.813, 1.0454, 0.062478, 0.006934, 0.00015595, 0.023928, 0.001717, 0.0043682, 0.24403, 0.32383, 0.0040759, 9.8795e-06, 0.90678, 0.050954, 1.3413e-05, 0.69633, 1.7864e-07, 2.6699e-05, 0.35888, 0.92951, 0.30223, 0.15578, 0.18359, -1.4048, -1.0344, 0.57645, -0.0067383, 0.76728, -0.063725, 0.0046435, 4.2625, -0.27364, 0.034715, 1.8149, 1.1031, 1.7024, 0.6026, 0.6096, 3.7057, 3.7221, 1.0936, 0.019906, 8.4069, 1.6103, 0.025734, 10.618, 2.3631, 0.073242, 0.19589, 0.0027837, 0.18114, 0.018448, 0.01677, 2.4134, 2.0906, 0.024711, 6.5601e-05, 5.393, 0.25894, 4.1101e-05, 3.733, 0.64242, 0.00013716
57, 3.75, 0.72522, 0.11557, 0.2412, 0.99099, 0.57057, 1.0871, 0.99065, 1.6722, 0.31319, 0.66779, 0.7575, 0.90584, 0.89583, 0.00094, 9.2066, 0.81282, 0.00187, 4.7959, 0.41124, 0.05737, 1.6016, 0.97275, 1.7621, 0.31958, 0.58109, 0.92941, 0.53577, 0.74954, 0.0047938, 8.3514, 1.0605, 0.00085137, 5.4858, 0.17122, 0.057503, 1.4336, 0.93873, 1.4345, 0.19954, 0.3837, -0.13123, -0.94119, 0.62135, -0.002275, 5.8603, 0.5989, -0.0069423, 3.4383, 0.17052, 0.043545, 1.7695, 1.0068, 2.0897, 0.43962, 0.77848, 1.9901, 2.0127, 0.87774, 0.011863, 10.842, 1.5221, 0.008645, 7.5333, 0.17191, 0.071461, 0.010424, 0.00042783, 0.039671, 0.005326, 0.014401, 0.4158, 0.80628, 0.0060741, 1.8469e-05, 2.2936, 0.078756, 2.245e-05, 1.5495, 1.7864e-07, 7.2011e-05, 0.86711, 0.88183, 1.0323, 0.075294, 0.3118, -1.7152, -2.1027, 0.48072, -0.009374, 4.0685, 0.17972, -0.010796, 1.9633, -1.1472, 0.035284, 2.336, 1.0637, 2.492, 0.56387, 0.85037, 3.5741, 3.1742, 1.0184, 0.018962, 12.634, 1.9413, 0.012498, 9.0083, 1.4896, 0.079722, 0.19938, 0.0030555, 0.19689, 0.022057, 0.026802, 2.5851, 2.573, 0.02671, 7.4191e-05, 6.7799, 0.28674, 5.0138e-05, 4.5861, 0.64242, 0.00018247
58, 1.6364, 0.50326, 0.0764, 0.12354, 0.97222, 1.0488, 0.32473, 1.0083, 0.90826, 0.32429, 0.30102, 0.79955, 0.19252, 0.63031, 2e-05, 2.7503, 0.38699, 0.00028, 2.4779, 2.2659, 0.03314, 0.72543, 1.017, 1.1532, 0.44568, 0.32736, 3.8181, 1.6198, 0.84394, 0.009452, 6.1538, 0.67535, 0.0056841, 5.2652, 0.41124, 0.039879, 0.54572, 0.98311, 0.80603, 0.30838, 0.10604, 2.7151, 0.1781, 0.70166, 0.002381, 3.7111, 0.1372, -0.005957, 3.1591, 0.41054, 0.026063, 0.90514, 1.0509, 1.5005, 0.58297, 0.54869, 4.9211, 3.0616, 0.98623, 0.016523, 8.5966, 1.2135, 0.017325, 7.3713, 0.41193, 0.053695, 0.011937, 0.00042471, 0.04456, 0.0069671, 0.018105, 0.44967, 0.76828, 0.0074828, 1.848e-05, 2.2054, 0.10704, 5.0088e-05, 1.6395, 1.7864e-07, 7.0555e-05, -0.011807, 0.92613, 0.41439, 0.19246, 0.04007, 1.1562, -0.99905, 0.56813, -0.0047168, 1.8989, -0.24786, -0.0088219, 1.7084, -0.90714, 0.017749, 1.4627, 1.1079, 1.8921, 0.69889, 0.61466, 6.4801, 4.2387, 1.1198, 0.023621, 10.409, 1.5986, 0.02019, 8.8221, 1.7296, 0.062009, 0.20089, 0.0030524, 0.20178, 0.023698, 0.030507, 2.619, 2.535, 0.028118, 7.4202e-05, 6.6917, 0.31502, 7.7775e-05, 4.6761, 0.64242, 0.00018101
59, 2.1818, 0.29133, 0.0918, 0.25974, 1.3333, 0.64866, 0.86012, 1.01, 1.4164, 0.57783, 0.32175, 1.3124, 0.80963, 0.79559, 0.00053, 4.1451, 1.2245, 0.00235, 3.7724, 0.61854, 0.05583, 1.0517, 0.97768, 1.3887, 0.56736, 0.39122, 2.0143, 1.181, 0.74312, 0.0073839, 3.9602, 0.70327, 0.003731, 3.7505, 0.92327, 0.046005, 0.91521, 0.95598, 1.0882, 0.45084, 0.19776, 0.94199, -0.17498, 0.60378, 0.00036753, 1.9076, 0.17793, -0.0048076, 2.008, 0.92257, 0.03264, 1.1882, 0.99939, 1.6893, 0.68388, 0.58468, 3.0865, 2.5371, 0.88246, 0.0144, 6.0127, 1.2286, 0.01227, 5.493, 0.92396, 0.05937, 0.006884, 0.00017412, 0.033386, 0.0050183, 0.013834, 0.42496, 0.67964, 0.007176, 1.8196e-05, 1.5571, 0.10201, 2.6948e-05, 1.1222, 1.7864e-07, 6.602e-05, 0.32378, 0.89062, 0.67061, 0.32478, 0.1248, -0.63508, -1.3916, 0.46881, -0.0067578, -0.083406, -0.21252, -0.008427, 0.39611, -0.3951, 0.024153, 1.7796, 1.0647, 2.1068, 0.80994, 0.65764, 4.6636, 3.7537, 1.0174, 0.021526, 8.0038, 1.6191, 0.015889, 7.1049, 2.2416, 0.067856, 0.19584, 0.0028018, 0.1906, 0.02175, 0.026235, 2.5943, 2.4464, 0.027811, 7.3917e-05, 6.0434, 0.30999, 5.4635e-05, 4.1589, 0.64242, 0.00017648
60, 2.5, 0.13114, 0.11054, 0.42293, 0.97222, 0.48267, 0.82129, 1.0904, 1.2918, 0.43218, 0.53775, 2.8483, 6.3041, 0.50103, 0.00316, 0.34077, 0.38452, 0.00059, 1.6817, 3.5403, 0.03706, 1.0576, 0.99361, 1.1654, 0.58456, 0.35902, 1.9346, 1.3966, 0.57605, 0.0064126, 1.6958, 0.71427, 0.0076385, 2.3884, 1.4353, 0.046431, 0.907, 0.96896, 0.84318, 0.46836, 0.17552, 0.88382, -0.06129, 0.43391, -0.00062381, -0.51716, 0.19122, -0.0036248, 0.62824, 1.4346, 0.032696, 1.2082, 1.0183, 1.4875, 0.70076, 0.54252, 2.9854, 2.8545, 0.71819, 0.013449, 3.9087, 1.2373, 0.018902, 4.1487, 1.436, 0.060166, 0.00838, 0.0002247, 0.038366, 0.0049904, 0.012446, 0.4081, 0.78557, 0.007468, 1.83e-05, 1.81, 0.10112, 4.6889e-05, 1.1452, 1.7864e-07, 6.9728e-05, 0.32689, 0.90577, 0.43793, 0.34214, 0.099743, -0.70612, -1.2312, 0.30031, -0.007739, -2.4315, -0.20021, -0.0065661, -0.97519, 0.11688, 0.024352, 1.7883, 1.0815, 1.8928, 0.82698, 0.6183, 4.5753, 4.0244, 0.85179, 0.020564, 5.8231, 1.6288, 0.021843, 5.7521, 2.7536, 0.068511, 0.19734, 0.0028524, 0.19558, 0.021722, 0.024847, 2.5774, 2.5523, 0.028103, 7.4021e-05, 6.2963, 0.3091, 7.4576e-05, 4.1818, 0.64242, 0.00018019
61, 6.5574, 0.11106, 0.03446, 0.37104, 1.9174, 0.41066, 1.1811, 0.92601, 1.4125, 0.551, 0.02888, 2.4606, 0.417, 0.5345, 0.00979, 3.9031, 0.39239, 0.03163, 3.508, 2.515, 0.05273, 1.142, 1.0481, 1.0182, 0.57071, 0.39596, 2.1211, 1.4704, 0.58627, 0.0049302, 3.1198, 0.74166, 0.023643, 3.0168, 2.1802, 0.063398, 0.98565, 1.0245, 0.71316, 0.45076, 0.20134, 1.1168, 0.022771, 0.44837, -0.0020771, 0.98773, 0.27263, 0.013717, 1.2774, 2.1795, 0.049621, 1.2983, 1.0717, 1.3232, 0.69065, 0.59058, 3.1254, 2.9181, 0.72418, 0.011938, 5.2519, 1.2107, 0.033569, 4.7562, 2.1809, 0.077176, 0.0090301, 0.00020586, 0.034382, 0.0053174, 0.014, 0.37282, 0.77461, 0.0070291, 1.8149e-05, 1.6802, 0.081311, 3.6413e-05, 1.1182, 1.7864e-07, 7.0159e-05, 0.41007, 0.9605, 0.29817, 0.32647, 0.1287, -0.50147, -1.1517, 0.31269, -0.009207, -0.96472, -0.14304, 0.010474, -0.336, 0.86184, 0.041292, 1.8738, 1.1356, 1.7381, 0.81495, 0.66322, 4.7437, 4.0926, 0.85985, 0.019067, 7.2044, 1.6264, 0.036812, 6.3696, 3.4986, 0.085504, 0.19799, 0.0028336, 0.1916, 0.022049, 0.026401, 2.5422, 2.5413, 0.027665, 7.3871e-05, 6.1664, 0.28929, 6.41e-05, 4.1549, 0.64242, 0.00018062
62, 3, 0.34793, 0.07308, 0.09056, 0.66146, 0.50163, 1.3477, 1.0657, 0.86327, 0.28051, 0.61531, 1.3444, 0.47851, 0.65825, 0.01039, 3.7559, 0.26498, 0.00555, 3.5536, 0.33668, 0.06186, 0.99753, 0.98773, 1.2019, 0.37634, 0.4388, 1.2617, 1.6239, 0.71962, 0.0074751, 6.4752, 0.61678, 0.0051157, 3.9477, 0.45728, 0.056208, 0.87301, 0.96424, 0.86778, 0.29088, 0.23378, 0.16466, 0.35583, 0.6182, 0.00051425, 4.595, 0.051805, -0.0076528, 2.286, 0.45659, 0.043484, 1.1221, 1.0112, 1.536, 0.4618, 0.64382, 2.3587, 2.8921, 0.82103, 0.014436, 8.3554, 1.1818, 0.017884, 5.6093, 0.45798, 0.068933, 0.0057313, 0.00020388, 0.041259, 0.0026996, 0.015536, 0.44483, 0.59437, 0.0038017, 1.7909e-05, 1.3066, 0.11798, 6.026e-05, 1.0205, 1.7864e-07, 5.9846e-05, 0.27177, 0.9002, 0.4691, 0.14706, 0.16387, -1.3978, -0.90352, 0.46249, -0.0066391, 2.5163, -0.32232, -0.01031, 0.63456, -0.86109, 0.034743, 1.7233, 1.0753, 1.9347, 0.60562, 0.71373, 3.9212, 4.1514, 0.97675, 0.021589, 10.434, 1.5559, 0.020541, 7.2608, 1.7757, 0.077674, 0.19469, 0.0028316, 0.19847, 0.019431, 0.027937, 2.6142, 2.3611, 0.024437, 7.363e-05, 5.7929, 0.32596, 8.7947e-05, 4.0572, 0.64242, 0.00017031
63, 2.1818, 0.4772, 0.03381, 0.23429, 2.0833, 1.184, 1.1833, 1.0962, 0.55101, 0.61858, 0.38809, 0.65727, 0.94401, 0.99438, 0.00612, 7.1722, 0.01258, 0.00782, 3.8605, 0.78632, 0.02925, 0.89472, 1.0335, 1.236, 0.4668, 0.45505, 3.0332, 1.5715, 0.82048, 0.0095422, 4.4011, 0.56707, 0.0039134, 5.0873, 1.0609, 0.039891, 0.73376, 1.0023, 0.90953, 0.3261, 0.254, 1.9695, 0.10203, 0.68033, 0.0024714, 1.9608, 0.064854, -0.0061876, 3.0853, 1.0602, 0.025905, 1.0557, 1.0646, 1.5625, 0.60749, 0.65611, 4.0969, 3.041, 0.96062, 0.016613, 6.8414, 1.0693, 0.014014, 7.0893, 1.0616, 0.053876, 0.0095764, 0.00035892, 0.039392, 0.0073166, 0.01494, 0.41819, 0.79812, 0.0072594, 1.8479e-05, 2.201, 0.093224, 3.7712e-05, 1.4814, 1.7864e-07, 7.229e-05, 0.16183, 0.94359, 0.50666, 0.21172, 0.18307, 0.38731, -1.0628, 0.54576, -0.0046266, 0.14758, -0.33566, -0.0093885, 1.591, -0.2575, 0.017655, 1.6276, 1.1234, 1.9653, 0.72187, 0.72704, 5.6791, 4.2057, 1.0952, 0.023711, 8.6547, 1.4698, 0.017215, 8.5835, 2.3792, 0.062126, 0.19853, 0.0029866, 0.19661, 0.024048, 0.027342, 2.5875, 2.5648, 0.027895, 7.4201e-05, 6.6872, 0.30121, 6.5399e-05, 4.518, 0.64242, 0.00018275
64, 7.6378, 0.10199, 0.00844, 0.3395, 6.0476, 0.45183, 1.2473, 1.0941, 0.79235, 0.25032, 0.73413, 6.2955, 1.2774, 0.92586, 0.01334, 0.36817, 0.5912, 0.00664, 1.6783, 3.542, 0.04725, 1.2783, 1.0671, 1.4235, 0.44825, 0.7605, 3.102, 1.6646, 0.82005, 0.0023127, 2.7589, 1.1897, 0.018614, 2.3817, 2.7896, 0.057098, 1.0807, 1.0333, 1.0581, 0.3092, 0.5102, 1.9326, 0.16853, 0.66479, -0.0047478, 0.14477, 0.62063, 0.0052585, 0.16876, 2.7889, 0.042979, 1.4759, 1.1009, 1.7889, 0.5873, 1.0108, 4.2714, 3.1607, 0.97532, 0.0093731, 5.373, 1.7588, 0.031969, 4.5946, 2.7903, 0.071216, 0.014429, 0.00042131, 0.049341, 0.0071468, 0.023157, 0.50545, 0.82727, 0.0089105, 1.8425e-05, 2.5258, 0.1197, 6.5926e-05, 1.81, 1.7864e-07, 7.3678e-05, 0.53653, 0.97627, 0.67595, 0.19408, 0.45034, 0.41191, -0.98459, 0.53732, -0.011851, -1.5967, 0.24814, 0.0026993, -1.2395, 1.4713, 0.034777, 2.0201, 1.1579, 2.1711, 0.70242, 1.0707, 5.7922, 4.3138, 1.1028, 0.016476, 7.1145, 2.1313, 0.034529, 6.0029, 4.108, 0.079418, 0.20338, 0.003049, 0.20656, 0.023878, 0.035558, 2.6748, 2.594, 0.029546, 7.4146e-05, 7.012, 0.32769, 9.3614e-05, 4.8467, 0.64242, 0.00018414
65, 4.56, 0.08105, 0.08646, 0.2, 1.0417, 0.23453, 1.6219, 1.0406, 0.62635, 0.57732, 0.38073, 1.4634, 0.56523, 0.5145, 0.00115, 2.8791, 0.18924, 0.02803, 6.9276, 0.79508, 0.06654, 0.98592, 1.0348, 1.2344, 0.49768, 0.58952, 1.3333, 1.0588, 0.7501, 0.0045717, 4.046, 0.74647, 0.013069, 6.5953, 1.2661, 0.055665, 0.84957, 1.01, 0.93703, 0.3971, 0.41635, 0.34755, -0.31599, 0.6134, -0.0024008, 1.9476, 0.2801, 0.0028557, 4.8308, 1.2654, 0.042158, 1.1223, 1.0596, 1.5318, 0.59826, 0.7627, 2.319, 2.4337, 0.8868, 0.011544, 6.1444, 1.2128, 0.023283, 8.3599, 1.2668, 0.069171, 0.0068715, 0.00022754, 0.032691, 0.0037391, 0.011084, 0.35913, 0.69861, 0.0069067, 1.7969e-05, 1.6274, 0.080391, 3.8558e-05, 1.1508, 1.7864e-07, 6.7423e-05, 0.25803, 0.94689, 0.51763, 0.26235, 0.33745, -1.2822, -1.5238, 0.47712, -0.0095482, -0.021041, -0.13682, -0.00031825, 3.2294, -0.052286, 0.033727, 1.7138, 1.1227, 1.9512, 0.73302, 0.8416, 3.9488, 3.6415, 1.0231, 0.018692, 8.113, 1.6298, 0.026457, 9.9613, 2.5845, 0.077602, 0.19583, 0.0028553, 0.18991, 0.02047, 0.023486, 2.5285, 2.4653, 0.027542, 7.3691e-05, 6.1137, 0.28837, 6.6245e-05, 4.1875, 0.64242, 0.00017788
66, 2, 0.13709, 0.04021, 0.20759, 1.7797, 0.55401, 1.8959, 1.0967, 0.99776, 0.81552, 0.25261, 2.7814, 2.8703, 0.29264, 0.02543, 0.05457, 0.93384, 0.00577, 1.1751, 0.48095, 0.0608, 1.0351, 1.0045, 1.307, 0.56233, 0.47563, 1.8021, 1.2547, 0.71129, 0.010371, 3.1736, 0.77584, 0.0067658, 3.4638, 1.1601, 0.049946, 0.88639, 0.98083, 0.9615, 0.46664, 0.24004, 0.67517, -0.17783, 0.55632, 0.003431, 1.2025, 0.22751, -0.0060185, 1.5945, 1.1594, 0.036093, 1.1839, 1.0282, 1.6525, 0.65801, 0.71123, 2.929, 2.6873, 0.86626, 0.017311, 5.1447, 1.3242, 0.01955, 5.3331, 1.1608, 0.063798, 0.0081769, 0.00020709, 0.044126, 0.0033841, 0.020515, 0.46939, 0.75854, 0.0088762, 1.7802e-05, 1.436, 0.11113, 6.0409e-05, 1.2915, 1.7864e-07, 7.0923e-05, 0.30482, 0.91692, 0.56896, 0.32904, 0.17721, -0.86984, -1.3591, 0.42872, -0.0037329, -0.82926, -0.15334, -0.0086727, 0.041837, -0.15823, 0.027793, 1.7654, 1.0921, 2.0451, 0.79561, 0.77406, 4.474, 3.8686, 0.99386, 0.024475, 7.1764, 1.705, 0.022204, 6.8858, 2.4785, 0.072098, 0.19713, 0.0028348, 0.20134, 0.020115, 0.032916, 2.6387, 2.5253, 0.029512, 7.3523e-05, 5.9222, 0.31911, 8.8096e-05, 4.3281, 0.64242, 0.00018138
67, 4.7, 0.39202, 0.08935, 0.4617, 2.6667, 0.50219, 0.91433, 1.0239, 1.9297, 0.57232, 0.74553, 1.7294, 0.12379, 0.83408, 4e-05, 4.6123, 1.9519, 0.01053, 1.7727, 0.86094, 0.06771, 1.5134, 1.0328, 1.6318, 0.43006, 0.53784, 1.5421, 0.90525, 0.74792, 0.002697, 6.1968, 0.84014, 0.0050779, 2.9106, 1.5845, 0.05684, 1.3655, 1.0058, 1.3444, 0.32582, 0.29028, 0.60451, -0.54792, 0.63518, -0.0033914, 4.4037, 0.2739, -0.004174, 1.1301, 1.5838, 0.042786, 1.6613, 1.0598, 1.9191, 0.53431, 0.7854, 2.4797, 2.3584, 0.86066, 0.0087854, 7.9899, 1.4064, 0.01433, 4.6911, 1.5852, 0.070893, 0.0080851, 0.00026934, 0.030525, 0.0040168, 0.022652, 0.32491, 0.7805, 0.0046978, 1.3701e-05, 1.1884, 0.11851, 3.1638e-05, 1.1718, 1.7864e-07, 7.2995e-05, 0.78323, 0.94424, 0.91906, 0.19314, 0.22988, -1.0557, -1.7199, 0.48612, -0.011008, 2.2785, -0.099721, -0.0075913, -0.46373, 0.26609, 0.034561, 2.2435, 1.1213, 2.3445, 0.66699, 0.8458, 4.1398, 3.5304, 1.0097, 0.016402, 10.115, 1.78, 0.017747, 6.2849, 2.9028, 0.079118, 0.19704, 0.0028971, 0.18774, 0.020748, 0.035053, 2.4943, 2.5472, 0.025333, 6.9423e-05, 5.6746, 0.32649, 5.9325e-05, 4.2084, 0.64242, 0.00018345
68, 6, 0.37518, 0.06684, 0.10492, 0.8642, 0.29938, 1.8579, 1.0275, 1.9291, 0.15447, 0.29838, 3.9516, 4.1117, 0.99765, 0.01072, 2.0823, 0.01164, 0.00531, 2.1442, 0.65783, 0.0589, 1.3823, 1.0292, 1.453, 0.29458, 0.49052, 1.0416, 1.5139, 0.79746, 0.0074034, 6.0213, 0.50712, 0.012831, 5.703, 0.79348, 0.066057, 1.2114, 1.0017, 1.11, 0.21273, 0.29007, -0.05804, 0.30667, 0.66682, 0.00089044, 3.8332, -0.0072833, 0.0018146, 3.7011, 0.79278, 0.053652, 1.5533, 1.0568, 1.796, 0.37644, 0.69097, 2.1412, 2.7211, 0.92811, 0.013916, 8.2094, 1.0215, 0.023848, 7.7049, 0.79417, 0.078463, 0.0108, 0.00028032, 0.04348, 0.0024764, 0.014851, 0.44692, 0.53866, 0.0063088, 1.5679e-05, 1.7696, 0.097802, 4.4859e-05, 1.4813, 1.7864e-07, 5.688e-05, 0.64718, 0.94051, 0.71614, 0.066619, 0.21898, -1.619, -0.98358, 0.52747, -0.0064953, 1.9072, -0.40245, -0.0011786, 2.2068, -0.52489, 0.04478, 2.1175, 1.1179, 2.1899, 0.52255, 0.76206, 3.7021, 4.0113, 1.0675, 0.021302, 10.135, 1.4167, 0.026841, 9.1992, 2.1119, 0.087335, 0.19975, 0.002908, 0.2007, 0.019208, 0.027253, 2.6163, 2.3054, 0.026944, 7.14e-05, 6.2558, 0.30578, 7.2546e-05, 4.5179, 0.64242, 0.00016734
69, 3.0049, 0.29001, 0.1222, 0.36241, 1.3544, 0.4912, 1.1682, 0.98183, 1.5504, 0.61426, 0.44434, 1.1333, 0.67352, 0.70553, 0.02787, 2.3136, 1.1764, 0.0268, 8.0086, 0.29101, 0.02541, 1.0717, 0.98315, 1.2882, 0.44975, 0.42525, 1.6575, 3.2481, 0.68169, 0.0085862, 2.8288, 0.52687, 0.032327, 3.8765, 1.1062, 0.043862, 0.93599, 0.96118, 0.98969, 0.34875, 0.28048, 0.70748, 2.0214, 0.55624, 0.0024479, 0.85486, 0.074402, 0.025101, 2.1715, 1.1055, 0.033244, 1.2073, 1.0051, 1.5867, 0.55076, 0.57001, 2.6076, 4.4748, 0.80715, 0.014724, 4.8028, 0.97934, 0.039553, 5.5814, 1.1069, 0.054481, 0.0068035, 0.00017842, 0.032928, 0.0037706, 0.0077459, 0.33361, 0.55617, 0.0058176, 1.3926e-05, 1.4402, 0.075669, 1.9299e-05, 1.0744, 1.7864e-07, 4.1672e-05, 0.34391, 0.89601, 0.57093, 0.21424, 0.19177, -0.94475, 0.7412, 0.41417, -0.005141, -1.1754, -0.34916, 0.021052, 0.54139, -0.21215, 0.023575, 1.7994, 1.0703, 2.0054, 0.68527, 0.65872, 4.2598, 5.7551, 0.94922, 0.022313, 6.8331, 1.4029, 0.043602, 7.2115, 2.4246, 0.06415, 0.19576, 0.0028061, 0.19014, 0.020502, 0.020147, 2.503, 2.3229, 0.026453, 6.9648e-05, 5.9264, 0.28365, 4.6986e-05, 4.1111, 0.64242, 0.00015213
70, 2, 0.062, 0.15337, 0.59912, 1.1719, 0.38897, 0.83042, 1.0811, 0.68945, 0.58865, 0.28196, 1.5555, 0.81505, 0.58224, 0.00044, 3.7151, 1.1254, 0.00691, 1.0474, 1.95, 0.04357, 1.0636, 1.0199, 1.1951, 0.65205, 0.40638, 1.7413, 1.3886, 0.53596, 0.0045721, 1.7736, 0.90986, 0.0091231, 1.5683, 1.7346, 0.044997, 0.90113, 0.98834, 0.83665, 0.53648, 0.18058, 0.5843, -0.073626, 0.3854, -0.002497, -0.54083, 0.34206, -0.0039736, -0.2909, 1.7339, 0.030933, 1.2261, 1.0514, 1.5536, 0.76763, 0.63219, 2.8983, 2.8508, 0.68651, 0.011641, 4.088, 1.4777, 0.02222, 3.4275, 1.7353, 0.059061, 0.00976, 0.00036774, 0.0475, 0.0049374, 0.018845, 0.49478, 0.79024, 0.0083778, 1.8471e-05, 1.9798, 0.11916, 6.3397e-05, 1.2776, 1.7864e-07, 7.3106e-05, 0.3304, 0.92986, 0.45091, 0.40993, 0.11563, -0.94345, -1.2416, 0.25578, -0.0095958, -2.409, -0.030938, -0.0065751, -1.8482, 0.41624, 0.022711, 1.7969, 1.1099, 1.9394, 0.89418, 0.69714, 4.4261, 4.0188, 0.81613, 0.01874, 5.9562, 1.8507, 0.024821, 4.9848, 3.053, 0.067282, 0.19872, 0.0029955, 0.20472, 0.021669, 0.031247, 2.6641, 2.557, 0.029013, 7.4192e-05, 6.4661, 0.32715, 9.1084e-05, 4.3143, 0.64242, 0.00018357
71, 4.7, 0.39202, 0.08776, 0.23073, 1.9192, 0.48658, 1.4337, 1.0287, 1.8949, 0.52544, 0.54351, 1.1888, 0.77789, 0.84091, 0.00056, 5.8579, 0.53773, 0.00393, 4.2766, 0.56305, 0.03475, 1.234, 1.0362, 1.4801, 0.54523, 0.65029, 1.5739, 1.0564, 0.85182, 0.0039268, 5.1852, 0.54768, 0.0061934, 4.3542, 1.0166, 0.053801, 1.0944, 1.0122, 1.167, 0.44295, 0.42503, 0.61059, -0.39276, 0.72781, -0.0029798, 2.7512, 0.07375, -0.0028265, 2.2583, 1.0159, 0.039981, 1.3735, 1.0601, 1.7931, 0.64751, 0.87554, 2.5371, 2.5055, 0.97583, 0.010833, 7.6193, 1.0216, 0.015213, 6.4501, 1.0172, 0.067621, 0.0071981, 0.00021184, 0.036218, 0.0038668, 0.018754, 0.34296, 0.77618, 0.0056843, 1.7631e-05, 2.1898, 0.08302, 3.0071e-05, 1.6236, 1.7864e-07, 7.0592e-05, 0.50549, 0.94854, 0.75663, 0.30916, 0.35996, -1.0333, -1.5666, 0.58497, -0.010161, 0.93524, -0.33962, -0.0063073, 0.8033, -0.30182, 0.031668, 1.9625, 1.1238, 2.2035, 0.7813, 0.94062, 4.181, 3.6793, 1.1187, 0.018014, 9.4352, 1.435, 0.018694, 7.905, 2.3349, 0.075933, 0.19615, 0.0028396, 0.19343, 0.020598, 0.031155, 2.5123, 2.5429, 0.02632, 7.3353e-05, 6.676, 0.291, 5.7759e-05, 4.6603, 0.64242, 0.00018105
72, 2.8571, 0.37557, 0.09667, 0.13131, 1.6927, 0.62603, 1.405, 0.90815, 0.50188, 0.48596, 0.68235, 0.67907, 0.57241, 0.99338, 0.00092, 7.931, 1.4361, 0.001, 2.4199, 0.39314, 0.03929, 0.91314, 1.0218, 1.132, 0.38913, 0.5264, 1.8014, 0.97626, 0.79735, 0.004252, 6.0484, 0.67746, 0.0052077, 3.1906, 0.60899, 0.045327, 0.77839, 0.9974, 0.82969, 0.29837, 0.35922, 0.75049, -0.18404, 0.66387, -0.0020219, 4.3134, 0.18932, -0.0038176, 1.5837, 0.6083, 0.034243, 1.0479, 1.0462, 1.4343, 0.47989, 0.69357, 2.8522, 2.1366, 0.93082, 0.010526, 7.7834, 1.1656, 0.014233, 4.7976, 0.60969, 0.056411, 0.0067109, 0.00021981, 0.033778, 0.0030446, 0.01033, 0.40817, 0.49761, 0.0065849, 1.4549e-05, 1.1126, 0.088071, 3.0107e-05, 0.95445, 1.7864e-07, 4.5408e-05, 0.18555, 0.93402, 0.41314, 0.15782, 0.2784, -0.83939, -1.4989, 0.52597, -0.0095364, 2.1563, -0.21752, -0.0072969, -0.095417, -0.70938, 0.024792, 1.6407, 1.1096, 1.8508, 0.62044, 0.77439, 4.4421, 3.4514, 1.0687, 0.01804, 9.9404, 1.5724, 0.017712, 6.4767, 1.9274, 0.065863, 0.19567, 0.0028475, 0.19099, 0.019776, 0.022731, 2.5775, 2.2643, 0.02722, 7.0271e-05, 5.5988, 0.29605, 5.7795e-05, 3.9911, 0.64242, 0.00015587
73, 3.0049, 0.23427, 0.07638, 0.14319, 1.3544, 0.52635, 0.86369, 1.0113, 0.82924, 0.56093, 0.37132, 1.355, 0.77987, 0.53788, 0.01138, 1.6615, 0.46132, 0.02274, 7.6879, 0.19781, 0.0485, 0.85726, 0.99348, 1.2116, 0.47394, 0.49542, 1.9851, 1.4107, 0.72043, 0.0070899, 4.1521, 0.8674, 0.010169, 5.0229, 0.86326, 0.049172, 0.74038, 0.97119, 0.95021, 0.38614, 0.35194, 1.1161, 0.24109, 0.60971, 0.00048564, 2.5888, 0.35319, 0.0011152, 3.6781, 0.86257, 0.037721, 0.97415, 1.0158, 1.473, 0.56174, 0.63889, 2.8542, 2.5804, 0.83116, 0.013694, 5.7154, 1.3816, 0.019223, 6.3677, 0.86396, 0.060623, 0.0050497, 0.00018354, 0.025254, 0.0028492, 0.0076088, 0.27914, 0.50566, 0.0045314, 1.6121e-05, 0.90328, 0.097729, 3.0298e-05, 0.66846, 1.7864e-07, 4.8466e-05, 0.13277, 0.90626, 0.50898, 0.24377, 0.26274, -0.58867, -1.0688, 0.45949, -0.0068519, 0.33353, -0.042056, -0.0023562, 1.8568, -0.45511, 0.028436, 1.5818, 1.0807, 1.9142, 0.7041, 0.72809, 4.5589, 3.8903, 0.98138, 0.021032, 7.9707, 1.7769, 0.022694, 8.189, 2.1816, 0.069908, 0.194, 0.0028113, 0.18247, 0.01958, 0.02001, 2.4485, 2.2724, 0.025167, 7.1843e-05, 5.3895, 0.30571, 5.7985e-05, 3.7051, 0.64242, 0.00015893
74, 3, 0.35826, 0.12126, 0.10019, 0.48387, 0.34299, 1.1867, 1.0262, 0.74933, 0.33302, 0.44337, 1.2119, 0.59746, 0.73741, 0.0002, 6.5387, 0.99824, 0.00394, 2.4298, 0.68129, 0.07193, 1.0174, 0.98607, 1.2646, 0.29542, 0.44511, 0.90669, 0.76719, 0.74936, 0.005768, 7.0383, 0.66147, 0.002391, 3.9697, 0.24138, 0.052283, 0.88494, 0.96115, 0.95275, 0.20753, 0.26904, -0.061133, -0.64329, 0.6268, -0.0012032, 4.9752, 0.16421, -0.0073718, 2.3128, 0.24069, 0.038685, 1.15, 1.011, 1.5764, 0.38332, 0.62119, 1.8745, 2.1777, 0.87193, 0.012739, 9.1014, 1.1587, 0.012154, 5.6267, 0.24208, 0.065881, 0.0064898, 0.00022951, 0.035937, 0.0028554, 0.011459, 0.34621, 0.73532, 0.0055526, 1.7962e-05, 1.5732, 0.091393, 3.5228e-05, 1.0148, 1.7864e-07, 6.8344e-05, 0.29027, 0.89815, 0.54167, 0.065223, 0.19103, -1.7021, -1.8346, 0.48318, -0.0083513, 2.9894, -0.23851, -0.010656, 0.65894, -1.077, 0.030289, 1.7446, 1.074, 1.9875, 0.52563, 0.69919, 3.5155, 3.369, 1.0155, 0.019887, 11.087, 1.5615, 0.015438, 7.2805, 1.5598, 0.074278, 0.19544, 0.0028572, 0.19315, 0.019587, 0.02386, 2.5156, 2.5021, 0.026188, 7.3684e-05, 6.0594, 0.29937, 6.2916e-05, 4.0514, 0.64242, 0.0001788
75, 2.5, 0.1772, 0.14937, 0.62894, 0.97222, 0.42492, 1.1899, 0.93389, 1.354, 0.6293, 0.02828, 1.115, 0.50551, 0.46123, 0.00283, 2.0236, 0.38757, 0.00229, 1.6513, 1.2568, 0.03491, 1.2442, 0.9687, 1.3669, 0.62272, 0.22473, 1.3645, 1.2529, 0.49291, 0.0044732, 2.6826, 0.58593, 0.0033983, 1.4871, 1.6674, 0.050885, 1.0798, 0.94054, 1.0297, 0.50533, 0.0081886, 0.29335, -0.2008, 0.35958, -0.0025899, 0.25849, 0.10743, -0.0054445, -0.41258, 1.6667, 0.036874, 1.4087, 0.99687, 1.7041, 0.74012, 0.44126, 2.4356, 2.7066, 0.62625, 0.011536, 5.1068, 1.0644, 0.012241, 3.3868, 1.6681, 0.064896, 0.0099954, 0.00029318, 0.042025, 0.0050941, 0.01733, 0.42406, 0.7811, 0.0065709, 1.8439e-05, 2.172, 0.084626, 2.8902e-05, 1.3339, 1.7864e-07, 7.2557e-05, 0.51057, 0.87981, 0.6327, 0.37972, -0.058896, -1.2844, -1.3726, 0.22161, -0.0096917, -1.5617, -0.30382, -0.0089753, -1.9516, 0.34903, 0.028633, 1.9779, 1.0576, 2.1011, 0.86572, 0.50835, 4.0134, 3.8784, 0.76422, 0.018638, 6.927, 1.4757, 0.015772, 4.9258, 2.9858, 0.073137, 0.19895, 0.0029209, 0.19924, 0.021825, 0.029732, 2.5934, 2.5478, 0.027206, 7.4161e-05, 6.6583, 0.29261, 5.6589e-05, 4.3705, 0.64242, 0.00018302
76, 4.56, 0.32421, 0.04323, 0.2, 2.0833, 0.76092, 1.3472, 1.0454, 1.0003, 0.43989, 0.79948, 0.63351, 0.72003, 0.93319, 0.00623, 2.0348, 1.7532, 0.01031, 8.8826, 0.57549, 0.05214, 0.94453, 1.0055, 1.0553, 0.57008, 0.73363, 2.0487, 1.477, 0.79822, 0.0053349, 3.748, 1.1269, 0.0075398, 5.0889, 1.3435, 0.044477, 0.80259, 0.98185, 0.78582, 0.46574, 0.60713, 1.1453, 0.32112, 0.68638, -0.00064903, 1.8358, 0.74653, 0.0014575, 3.5632, 1.3428, 0.034008, 1.0865, 1.0291, 1.3249, 0.67443, 0.86013, 2.952, 2.6329, 0.91006, 0.011319, 5.6601, 1.5074, 0.013622, 6.6146, 1.3442, 0.054946, 0.0074468, 0.00020654, 0.026852, 0.004024, 0.0059147, 0.30163, 0.49381, 0.004623, 1.3235e-05, 1.3515, 0.053488, 1.3673e-05, 0.86038, 1.7864e-07, 4.0506e-05, 0.21558, 0.91792, 0.34966, 0.33312, 0.51102, -0.53695, -0.99606, 0.53681, -0.008324, -0.22623, 0.28586, -0.0030386, 1.8418, 0.025167, 0.024267, 1.6735, 1.0931, 1.761, 0.80705, 0.95624, 4.6343, 3.95, 1.0596, 0.018994, 7.7221, 1.968, 0.018118, 8.336, 2.6619, 0.064687, 0.1964, 0.0028343, 0.18407, 0.020755, 0.018316, 2.471, 2.2605, 0.025258, 6.8956e-05, 5.8377, 0.26147, 4.1361e-05, 3.897, 0.64242, 0.00015097
77, 2.5, 0.1772, 0.14937, 0.39994, 0.97222, 0.41986, 0.86088, 0.97973, 1.6511, 0.36077, 0.01922, 0.37544, 2.2462, 0.49057, 0.00383, 0.64001, 0.10414, 0.00046, 1.8291, 2.2335, 0.03008, 1.0058, 0.97234, 1.2041, 0.54525, 0.41296, 1.664, 1.4419, 0.64585, 0.0052108, 2.3996, 0.69341, 0.0031238, 3.0347, 1.1827, 0.042835, 0.84992, 0.94692, 0.86913, 0.43419, 0.20955, 0.59301, -0.0010002, 0.51249, -0.0018237, 0.17035, 0.21496, -0.0056493, 1.2159, 1.182, 0.029032, 1.1616, 0.99776, 1.539, 0.6563, 0.61637, 2.7351, 2.8848, 0.77921, 0.012245, 4.6288, 1.1718, 0.011897, 4.8536, 1.1834, 0.056638, 0.0089764, 0.00023885, 0.041461, 0.0045584, 0.015293, 0.42399, 0.76953, 0.0065732, 1.829e-05, 1.8368, 0.084607, 2.8447e-05, 1.2227, 1.7864e-07, 7.0418e-05, 0.27398, 0.88428, 0.47089, 0.30525, 0.13923, -0.9848, -1.1776, 0.37453, -0.0089398, -1.7365, -0.19632, -0.0092, -0.35995, -0.13566, 0.020714, 1.7376, 1.0604, 1.9372, 0.78525, 0.68669, 4.3129, 4.0614, 0.91717, 0.019361, 6.5357, 1.5831, 0.015448, 6.4294, 2.5011, 0.064957, 0.19793, 0.0028666, 0.19868, 0.02129, 0.027694, 2.5933, 2.5363, 0.027209, 7.4011e-05, 6.323, 0.29259, 5.6135e-05, 4.2594, 0.64242, 0.00018088
78, 1.5, 0.12975, 0.1397, 0.3332, 0.9697, 0.50471, 0.17717, 0.96432, 0.58978, 0.9131, 0.03206, 2.1719, 0.8805, 0.99635, 0.01558, 4.1445, 0.31675, 0.00676, 4.9521, 0.96827, 0.03542, 0.74845, 0.99957, 1.1326, 0.63358, 0.30344, 2.0765, 1.7946, 0.66756, 0.0059031, 2.9551, 0.79345, 0.0065378, 2.6046, 1.0539, 0.036295, 0.56404, 0.97301, 0.77641, 0.52193, 0.071833, 0.9314, 0.33267, 0.51297, -0.0011421, 0.50269, 0.23144, -0.0064747, 0.47909, 1.0532, 0.022594, 0.93286, 1.0261, 1.4889, 0.74522, 0.53505, 3.2216, 3.2566, 0.82214, 0.012948, 5.4075, 1.3555, 0.01955, 4.7301, 1.0546, 0.049996, 0.01257, 0.00026067, 0.046906, 0.0046073, 0.019827, 0.48467, 0.79, 0.0088324, 1.8346e-05, 2.2229, 0.11674, 6.2585e-05, 1.6698, 1.7864e-07, 6.9385e-05, 0.010052, 0.91117, 0.38951, 0.3933, 0.0081528, -0.60314, -0.83543, 0.3852, -0.0082529, -1.3054, -0.14386, -0.0090902, -0.96381, -0.26445, 0.014236, 1.4869, 1.088, 1.8758, 0.87385, 0.59873, 4.7562, 4.4247, 0.94992, 0.020059, 7.2156, 1.7308, 0.022166, 6.173, 2.3723, 0.058353, 0.20152, 0.0028884, 0.20412, 0.021339, 0.032229, 2.654, 2.5567, 0.029468, 7.4067e-05, 6.7092, 0.32472, 9.0272e-05, 4.7065, 0.64242, 0.00017984
79, 4, 0.23445, 0.11054, 0.22306, 1.95, 0.34281, 1.9712, 0.95122, 1.9752, 0.45769, 0.47944, 0.95186, 1.1925, 0.80103, 0.01336, 2.494, 0.19204, 0.00991, 6.6832, 0.56914, 0.05217, 1.1778, 0.99882, 1.5203, 0.47849, 0.46802, 1.471, 1.1553, 0.73686, 0.0028959, 3.8878, 0.8912, 0.0041844, 3.689, 1.055, 0.048821, 1.0421, 0.97418, 1.1887, 0.38075, 0.24293, 0.36852, -0.26706, 0.59543, -0.0037913, 1.9846, 0.3285, -0.0072894, 1.8441, 1.0543, 0.035106, 1.3134, 1.0234, 1.852, 0.57623, 0.6931, 2.5735, 2.5777, 0.87829, 0.009583, 5.791, 1.4539, 0.015658, 5.5339, 1.0557, 0.062536, 0.0068007, 0.00022429, 0.040651, 0.0035312, 0.018725, 0.44928, 0.74781, 0.0073935, 1.6528e-05, 1.3388, 0.11703, 4.8658e-05, 1.258, 1.7864e-07, 6.9525e-05, 0.45, 0.91097, 0.78868, 0.24435, 0.17782, -1.1907, -1.453, 0.46148, -0.011085, -0.082091, -0.046526, -0.010188, 0.2803, -0.2634, 0.026754, 1.9055, 1.0867, 2.252, 0.71263, 0.75821, 4.1328, 3.7636, 1.0122, 0.016877, 7.8576, 1.8289, 0.018556, 7.0977, 2.3733, 0.070888, 0.19576, 0.002852, 0.19787, 0.020262, 0.031127, 2.6186, 2.5145, 0.028029, 7.225e-05, 5.825, 0.32501, 7.6346e-05, 4.2947, 0.64242, 0.00017998
80, 3.0049, 0.1623, 0.05357, 0.04951, 1.3368, 0.45659, 0.12861, 0.95373, 1.9007, 0.45028, 0.44392, 1.8979, 1.1693, 0.91859, 6e-05, 5.5055, 0.94696, 0.00129, 5.322, 0.50906, 0.03373, 0.83156, 1.0146, 1.0981, 0.41179, 0.4904, 2.2023, 1.4266, 0.75906, 0.0050021, 5.0807, 0.54319, 0.0095088, 6.0619, 0.79889, 0.039903, 0.70549, 0.99365, 0.82165, 0.32504, 0.36849, 1.2124, 0.32017, 0.63848, -0.00084017, 3.3481, 0.10614, 0.0031943, 4.5686, 0.7982, 0.029873, 0.95763, 1.0356, 1.3746, 0.49854, 0.61231, 3.1921, 2.533, 0.87965, 0.010844, 6.8132, 0.98025, 0.015823, 7.5551, 0.79959, 0.049933, 0.0058744, 0.00016266, 0.028257, 0.0027813, 0.0054928, 0.36214, 0.45245, 0.0053746, 1.2616e-05, 1.1094, 0.070602, 1.4737e-05, 0.82415, 1.7864e-07, 3.7185e-05, 0.10553, 0.92774, 0.38977, 0.18203, 0.27037, -0.41481, -1.0238, 0.49379, -0.0085953, 1.1897, -0.32498, -0.0012049, 2.8299, -0.51948, 0.019917, 1.5576, 1.1015, 1.8065, 0.64155, 0.71043, 4.8193, 3.8769, 1.0243, 0.0186, 8.9716, 1.4114, 0.020222, 9.2938, 2.1173, 0.059889, 0.19483, 0.0027904, 0.18547, 0.019513, 0.017894, 2.5315, 2.2192, 0.02601, 6.8337e-05, 5.5957, 0.27858, 4.2425e-05, 3.8608, 0.64242, 0.00014764
81, 4, 0.20693, 0.04168, 0.03201, 1.8518, 0.4529, 1.5755, 1.056, 0.89908, 0.38729, 0.48467, 0.20197, 1.543, 0.9732, 0.00222, 4.0266, 0.37408, 0.00188, 3.5715, 0.38483, 0.07329, 1.096, 1.0132, 1.2345, 0.37326, 0.47946, 1.4644, 1.5077, 0.85113, 0.0045718, 5.1975, 0.8142, 0.0092322, 6.1418, 0.9024, 0.051789, 0.9537, 0.98906, 0.91544, 0.26948, 0.27852, 0.43854, 0.13474, 0.71549, -0.0020306, 3.1555, 0.27644, -0.0012379, 4.2835, 0.90171, 0.038649, 1.2383, 1.0372, 1.5536, 0.47704, 0.68041, 2.4903, 2.8806, 0.98677, 0.011174, 7.2396, 1.352, 0.019702, 8.0001, 0.9031, 0.064929, 0.0074844, 0.00021458, 0.03763, 0.0039807, 0.014924, 0.38898, 0.69672, 0.0068004, 1.6112e-05, 1.5413, 0.10689, 4.0518e-05, 1.2764, 1.7864e-07, 6.3814e-05, 0.36697, 0.92546, 0.50846, 0.13654, 0.20756, -1.1665, -1.074, 0.57868, -0.0093691, 1.1592, -0.10878, -0.0043521, 2.7258, -0.41597, 0.030075, 1.825, 1.1008, 1.9606, 0.60998, 0.75137, 4.0953, 4.0893, 1.1236, 0.018513, 9.2358, 1.7372, 0.022816, 9.5578, 2.2208, 0.073503, 0.19644, 0.0028423, 0.19485, 0.020712, 0.027326, 2.5583, 2.4634, 0.027436, 7.1834e-05, 6.0275, 0.31487, 6.8205e-05, 4.313, 0.64242, 0.00017427
82, 4, 0.14463, 0.03544, 0.1, 2.0238, 0.48658, 1.7688, 0.99574, 1.7978, 0.4421, 0.51461, 0.68442, 1.3253, 0.9568, 0.00108, 3.0653, 1.1647, 0.00447, 6.2193, 0.42351, 0.05154, 1.0532, 1.0263, 1.1733, 0.46197, 0.49981, 1.8432, 1.4459, 0.78937, 0.0058163, 4.3649, 0.78286, 0.01234, 4.7075, 1.2149, 0.056247, 0.91102, 1.0047, 0.84598, 0.37548, 0.26861, 0.79015, 0.084123, 0.66246, -0.0010055, 2.264, 0.25153, 0.00067394, 2.8581, 1.2142, 0.042763, 1.1954, 1.0478, 1.5007, 0.54845, 0.731, 2.8962, 2.8077, 0.91628, 0.012638, 6.4658, 1.3142, 0.024007, 6.557, 1.2156, 0.069731, 0.0074721, 0.00017165, 0.039607, 0.0027644, 0.019756, 0.40985, 0.68545, 0.0059529, 1.7201e-05, 1.6314, 0.10435, 5.0305e-05, 1.2642, 1.7864e-07, 6.7201e-05, 0.3242, 0.93923, 0.44359, 0.2323, 0.20485, -0.79844, -1.1298, 0.52116, -0.0082299, 0.29654, -0.13639, -0.002186, 1.2963, -0.1035, 0.034323, 1.7822, 1.1133, 1.9031, 0.69163, 0.79477, 4.4848, 4.0217, 1.0576, 0.019862, 8.4332, 1.7021, 0.026866, 8.1187, 2.5332, 0.078171, 0.19643, 0.0027994, 0.19682, 0.019496, 0.032157, 2.5792, 2.4522, 0.026588, 7.2922e-05, 6.1176, 0.31233, 7.7992e-05, 4.3009, 0.64242, 0.00017766
83, 4.6981, 0.13859, 0.04387, 0, 0.84667, 0.19799, 0.88921, 0.9291, 1.1908, 0.25829, 0.22153, 0.77163, 1.44, 0.9526, 0.0001, 3.549, 0.21347, 0.00111, 4.5144, 0.42595, 0.04593, 1.0972, 1.0264, 1.0997, 0.39217, 0.50341, 0.88822, 0.8616, 0.87789, 0.0052113, 6.7176, 0.75905, 0.0048877, 6.5601, 0.79705, 0.05869, 0.95218, 1.004, 0.83124, 0.29887, 0.35703, 0.033332, -0.28065, 0.75668, -0.00046261, 4.9227, 0.28497, -0.0032768, 4.9968, 0.79635, 0.047463, 1.2421, 1.0487, 1.3683, 0.48546, 0.64979, 1.7431, 2.0039, 0.99911, 0.010885, 8.5124, 1.2331, 0.013052, 8.1234, 0.79774, 0.069917, 0.0077681, 0.00018512, 0.026648, 0.003217, 0.00792, 0.27013, 0.48224, 0.005431, 1.1899e-05, 1.1907, 0.083069, 2.4638e-05, 0.90328, 1.7864e-07, 4.6587e-05, 0.36761, 0.93913, 0.39444, 0.15985, 0.26893, -1.6808, -1.6051, 0.61233, -0.0083146, 2.7985, -0.12834, -0.0070105, 3.2952, -0.52133, 0.038077, 1.8267, 1.1136, 1.805, 0.62449, 0.73789, 3.4573, 3.3283, 1.1435, 0.018737, 10.637, 1.6464, 0.016786, 9.825, 2.1154, 0.079303, 0.19672, 0.0028128, 0.18386, 0.019948, 0.020322, 2.4395, 2.249, 0.026066, 6.7621e-05, 5.6769, 0.29105, 5.2325e-05, 3.9399, 0.64242, 0.00015705
84, 2.1818, 0.16255, 0.08371, 0.214, 1.0417, 0.52392, 0.89294, 0.97718, 1.2364, 0.44438, 0.33975, 0.81104, 1.2038, 0.56662, 0.02108, 1.2338, 0.66865, 0.00825, 5.1722, 0.76619, 0.04885, 0.96476, 0.99555, 1.0745, 0.71687, 0.45662, 1.8464, 0.97122, 0.69584, 0.013571, 3.5571, 0.73926, 0.0050757, 3.3473, 0.97451, 0.045611, 0.82423, 0.97432, 0.75503, 0.63166, 0.27001, 0.74177, -0.33611, 0.551, 0.0076363, 1.6854, 0.226, -0.0049802, 1.5519, 0.97381, 0.033896, 1.1053, 1.0168, 1.394, 0.80208, 0.64324, 2.9511, 2.2785, 0.84067, 0.019505, 5.4288, 1.2525, 0.015132, 5.1427, 0.9752, 0.057325, 0.0072997, 0.00016656, 0.037729, 0.0026837, 0.012872, 0.45101, 0.6317, 0.0077536, 1.3016e-05, 1.2948, 0.097369, 3.7376e-05, 1.1915, 1.7864e-07, 5.0723e-05, 0.23608, 0.9086, 0.34828, 0.48768, 0.19513, -0.8162, -1.5761, 0.41869, -6.6546e-05, -0.39776, -0.16967, -0.008192, -0.034885, -0.34386, 0.024728, 1.6934, 1.0825, 1.8008, 0.94606, 0.71812, 4.509, 3.5186, 0.97298, 0.027208, 7.5119, 1.6482, 0.018343, 6.7295, 2.2929, 0.066493, 0.19625, 0.0027943, 0.19494, 0.019415, 0.025274, 2.6204, 2.3984, 0.028389, 6.8738e-05, 5.781, 0.30535, 6.5063e-05, 4.2281, 0.64242, 0.00016118
85, 5.4951, 0.18313, 0.04428, 0.26576, 2.2281, 0.41515, 1.1184, 1.0798, 1.1035, 0.66249, 0.42974, 1.2357, 0.26638, 0.67189, 0.00121, 8.086, 1.3222, 0.02083, 7.9834, 0.74892, 0.04648, 1.2535, 1.0176, 1.3289, 0.5844, 0.53153, 1.9534, 1.1211, 0.72286, 0.0059202, 4.6884, 0.75835, 0.013047, 3.9245, 1.6752, 0.059465, 1.0683, 0.99344, 0.97918, 0.48537, 0.28275, 0.805, -0.23948, 0.5741, -0.0010473, 2.4453, 0.20839, -7.3546e-05, 1.9341, 1.6745, 0.045599, 1.4386, 1.0417, 1.6786, 0.68344, 0.78031, 3.1017, 2.4816, 0.87162, 0.012888, 6.9315, 1.3083, 0.026167, 5.9149, 1.6759, 0.073331, 0.012674, 0.0002149, 0.045202, 0.003625, 0.022876, 0.48742, 0.68419, 0.0081795, 1.7943e-05, 1.8597, 0.11179, 6.3624e-05, 1.4643, 1.7864e-07, 7.106e-05, 0.51488, 0.92986, 0.58885, 0.34972, 0.22259, -0.72768, -1.454, 0.44365, -0.0081973, 0.54486, -0.17179, -0.0026712, 0.43489, 0.35686, 0.037304, 1.9921, 1.1053, 2.0689, 0.81908, 0.84047, 4.6344, 3.6962, 1.0021, 0.020038, 8.832, 1.6885, 0.028764, 7.4141, 2.9936, 0.081626, 0.20163, 0.0028426, 0.20242, 0.020356, 0.035277, 2.6568, 2.4509, 0.028815, 7.3664e-05, 6.3459, 0.31977, 9.1311e-05, 4.5009, 0.64242, 0.00018152
86, 6.5574, 0.12536, 0.07885, 0.13961, 0.88496, 0.18522, 1.0637, 1.0594, 0.53823, 0.58288, 0.62286, 1.9736, 0.46374, 0.76149, 0.00056, 4.3636, 0.72288, 0.00637, 5.6036, 0.61502, 0.06222, 0.95996, 1.0258, 1.171, 0.51811, 0.55335, 1.4504, 1.3348, 0.85033, 0.0033748, 4.655, 0.89523, 0.0073903, 3.9847, 1.3273, 0.060242, 0.80338, 1.0023, 0.85961, 0.3922, 0.33628, 0.48319, -0.083411, 0.72722, -0.0036125, 2.5567, 0.39913, -0.0020954, 2.1318, 1.3266, 0.046666, 1.1165, 1.0493, 1.4825, 0.64402, 0.77042, 2.4176, 2.7531, 0.97344, 0.010362, 6.7532, 1.3913, 0.016876, 5.8375, 1.328, 0.073817, 0.0090617, 0.00020413, 0.035847, 0.0058598, 0.017416, 0.34576, 0.74344, 0.0056018, 1.8045e-05, 1.6273, 0.090968, 3.3257e-05, 1.2688, 1.7864e-07, 6.8116e-05, 0.22802, 0.93825, 0.4483, 0.27088, 0.26932, -1.1582, -1.2712, 0.5839, -0.010752, 0.588, -0.0041135, -0.0054506, 0.57164, 0.0089155, 0.038261, 1.6919, 1.1133, 1.8938, 0.76534, 0.83738, 4.059, 3.9409, 1.1168, 0.017502, 8.722, 1.7946, 0.020231, 7.3977, 2.6457, 0.082222, 0.19802, 0.0028318, 0.19306, 0.022591, 0.029818, 2.5151, 2.5102, 0.026237, 7.3767e-05, 6.1135, 0.29895, 6.0945e-05, 4.3055, 0.64242, 0.00017857
87, 3.5, 0.39435, 0.10278, 0.20989, 1.3757, 0.54613, 1.3573, 1.0758, 0.51689, 0.58708, 0.48509, 1.0719, 0.72147, 0.89135, 0.00032, 7.7913, 1.1948, 0.01131, 5.29, 0.40646, 0.05681, 1.0691, 1.0236, 0.96942, 0.56505, 0.52019, 1.4406, 0.95644, 0.81225, 0.0040407, 6.9618, 0.66184, 0.0044595, 4.8582, 0.74032, 0.052832, 0.90754, 1.0002, 0.69041, 0.4728, 0.37661, 0.48402, -0.35324, 0.69515, -0.0027028, 4.9918, 0.23863, -0.002294, 3.1981, 0.73962, 0.040342, 1.2307, 1.0471, 1.2484, 0.6573, 0.66377, 2.3971, 2.2661, 0.92934, 0.010784, 8.9318, 1.085, 0.011213, 6.5184, 0.74101, 0.065323, 0.0096478, 0.00020353, 0.028773, 0.0031456, 0.0076198, 0.33819, 0.63398, 0.0050678, 1.6808e-05, 1.4344, 0.066197, 1.6858e-05, 1.0187, 1.7864e-07, 5.7668e-05, 0.33608, 0.93612, 0.26006, 0.33315, 0.28745, -1.1641, -1.5921, 0.54854, -0.0099676, 2.9595, -0.19944, -0.0065186, 1.5458, -0.57806, 0.031505, 1.8021, 1.1112, 1.6788, 0.79695, 0.75293, 4.0452, 3.505, 1.076, 0.018049, 10.964, 1.5231, 0.015438, 8.1706, 2.0587, 0.07416, 0.1986, 0.0028312, 0.18599, 0.019877, 0.020021, 2.5075, 2.4007, 0.025703, 7.2529e-05, 5.9206, 0.27418, 4.4545e-05, 4.0553, 0.64242, 0.00016813
88, 2.8571, 0.43878, 0.13183, 0.15306, 0.83333, 0.56356, 0.7385, 0.97373, 1.6128, 0.38523, 0.54651, 0.82695, 0.39863, 0.81177, 0.00046, 4.6613, 1.7417, 0.00407, 5.0189, 0.41883, 0.04296, 0.9636, 1.0265, 1.174, 0.47099, 0.45386, 1.653, 1.1242, 0.81508, 0.0044544, 7.8091, 0.72761, 0.0042085, 4.4279, 0.33898, 0.046894, 0.82104, 0.99574, 0.81556, 0.37319, 0.21898, 0.51003, -0.29687, 0.66413, -0.0025023, 5.5635, 0.16009, -0.0088932, 2.3829, 0.33828, 0.032977, 1.1062, 1.0572, 1.5325, 0.5688, 0.68873, 2.7959, 2.5453, 0.96604, 0.011411, 10.055, 1.2951, 0.01731, 6.473, 0.33967, 0.060811, 0.0075119, 0.00034886, 0.047494, 0.0035359, 0.02039, 0.48283, 0.74643, 0.0084226, 1.7888e-05, 1.8639, 0.11905, 6.3445e-05, 1.5458, 1.7864e-07, 7.1587e-05, 0.23453, 0.93672, 0.42981, 0.23683, 0.156, -1.0257, -1.4834, 0.53469, -0.0096577, 3.6642, -0.21302, -0.011494, 0.90685, -0.97939, 0.024701, 1.6927, 1.1162, 1.9182, 0.70516, 0.75171, 4.3317, 3.7318, 1.0955, 0.018567, 11.954, 1.6682, 0.019911, 7.949, 1.6573, 0.069087, 0.19647, 0.0029766, 0.20471, 0.020267, 0.032791, 2.6522, 2.5132, 0.029058, 7.361e-05, 6.3502, 0.32703, 9.1133e-05, 4.5824, 0.64242, 0.00018205
89, 4.7, 0.41303, 0.08776, 0.4617, 1.9192, 0.52352, 1.9273, 1.0065, 1.9418, 0.63449, 0.58351, 1.2537, 0.6942, 0.94268, 6e-05, 6.5153, 0.04537, 0.00219, 2.908, 1.3303, 0.03907, 1.4609, 1.0416, 1.5439, 0.45393, 0.54706, 1.4787, 0.79403, 0.69872, 0.0034454, 5.8647, 0.61803, 0.0073806, 3.1855, 1.4868, 0.063435, 1.3145, 1.0137, 1.2368, 0.35378, 0.36986, 0.53376, -0.44918, 0.58126, -0.0027905, 3.9771, 0.13904, -0.0021739, 1.5327, 1.4861, 0.051357, 1.6072, 1.0695, 1.851, 0.55408, 0.72426, 2.4236, 2.0372, 0.81618, 0.0096813, 7.7523, 1.097, 0.016935, 4.8383, 1.4874, 0.075512, 0.0079195, 0.00028765, 0.034858, 0.0037073, 0.011606, 0.33003, 0.57125, 0.0050997, 1.4373e-05, 1.317, 0.0848, 3.3741e-05, 1.0097, 1.7864e-07, 5.3912e-05, 0.73103, 0.95281, 0.82301, 0.21877, 0.2922, -1.1217, -1.721, 0.43485, -0.010326, 1.9023, -0.27199, -0.0055112, -0.12318, 0.16838, 0.042347, 2.1907, 1.1304, 2.2648, 0.68908, 0.80192, 4.0791, 3.3091, 0.96259, 0.017217, 9.8271, 1.508, 0.020272, 6.4942, 2.8051, 0.084523, 0.19687, 0.0029154, 0.19207, 0.020439, 0.024007, 2.4994, 2.338, 0.025735, 7.0094e-05, 5.8032, 0.29278, 6.1428e-05, 4.0463, 0.64242, 0.00016437
90, 2, 0.14601, 0.09329, 0.19249, 0.91398, 0.52222, 0.86583, 1.0272, 0.54199, 0.60177, 0.21864, 1.4577, 0.61431, 0.6144, 0.001, 6.8509, 0.44848, 0.00547, 2.4472, 0.28274, 0.049, 0.84138, 0.99842, 1.1402, 0.67089, 0.3796, 1.861, 1.2173, 0.6903, 0.012428, 2.92, 0.7258, 0.0053036, 3.7725, 0.90016, 0.043915, 0.69709, 0.97594, 0.81537, 0.57561, 0.18067, 0.7733, -0.12786, 0.55579, 0.0059239, 1.0131, 0.19889, -0.0045772, 1.9856, 0.89946, 0.031604, 0.98566, 1.0209, 1.465, 0.76617, 0.57852, 2.9487, 2.5624, 0.82481, 0.018931, 4.8269, 1.2527, 0.015184, 5.5593, 0.90086, 0.056226, 0.0076946, 0.00018682, 0.038993, 0.0033554, 0.014626, 0.43728, 0.66876, 0.0066875, 1.5634e-05, 1.344, 0.10262, 3.6085e-05, 1.1801, 1.7864e-07, 5.6021e-05, 0.11196, 0.91116, 0.41157, 0.43777, 0.10918, -0.79463, -1.3497, 0.41841, -0.0014668, -1.0517, -0.1909, -0.0078318, 0.39479, -0.41821, 0.022692, 1.5708, 1.0857, 1.8688, 0.90401, 0.65001, 4.5166, 3.7842, 0.96219, 0.026322, 6.8916, 1.6425, 0.018439, 7.1501, 2.2185, 0.065138, 0.19665, 0.0028145, 0.19621, 0.020087, 0.027027, 2.6066, 2.4355, 0.027323, 7.1355e-05, 5.8302, 0.3106, 6.3773e-05, 4.2168, 0.64242, 0.00016648
91, 3, 0.19839, 0.09253, 0.29999, 1.25, 0.46631, 0.91298, 0.99747, 1.429, 0.46589, 0.33976, 0.11565, 1.2037, 0.99874, 0.00307, 0.88585, 1.8769, 0.00231, 3.9451, 0.63878, 0.03972, 0.99917, 0.98771, 1.1616, 0.6468, 0.54404, 1.5456, 1.23, 0.74683, 0.0077628, 2.1862, 0.64322, 0.0065194, 6.1112, 1.1783, 0.043923, 0.87389, 0.96577, 0.89979, 0.55314, 0.41521, 0.55813, 0.080335, 0.62321, 0.0017357, 0.49628, 0.20865, 0.00020229, 4.6486, 1.1776, 0.033421, 1.1245, 1.0097, 1.4233, 0.74046, 0.67287, 2.5331, 2.3797, 0.87044, 0.01379, 3.8762, 1.0778, 0.012837, 7.5737, 1.179, 0.054425, 0.0058018, 0.00017793, 0.025326, 0.0032423, 0.0061347, 0.36043, 0.48856, 0.0056481, 1.3427e-05, 1.0556, 0.069802, 1.475e-05, 0.79061, 1.7864e-07, 4.0766e-05, 0.27328, 0.90059, 0.45879, 0.41433, 0.3201, -1.0705, -1.2401, 0.48016, -0.005915, -1.6859, -0.22371, -0.0041958, 2.8933, -0.14009, 0.023696, 1.7251, 1.0748, 1.8643, 0.87926, 0.76798, 4.1618, 3.7002, 1.0135, 0.021441, 6.0584, 1.5101, 0.017235, 9.3291, 2.4967, 0.06415, 0.19476, 0.0028056, 0.18254, 0.019974, 0.018536, 2.5298, 2.2553, 0.026284, 6.9148e-05, 5.5418, 0.27778, 4.2437e-05, 3.8272, 0.64242, 0.00015122
92, 4.56, 0.08105, 0.08646, 0.3, 1.0417, 0.27718, 1.1226, 1.0057, 1.3549, 0.72541, 0.81134, 1.2129, 1.1694, 0.83202, 0.00477, 2.1555, 0.56328, 0.01399, 9.6799, 0.75003, 0.04299, 1.0594, 1.0395, 1.114, 0.59836, 0.46195, 1.4711, 1.08, 0.63786, 0.0074686, 3.8306, 0.67643, 0.021514, 6.3741, 1.5045, 0.056655, 0.92204, 1.0158, 0.82665, 0.49268, 0.32962, 0.49891, -0.10545, 0.51619, 0.0013593, 2.0126, 0.26503, 0.014795, 4.8501, 1.5038, 0.045943, 1.1967, 1.0633, 1.4014, 0.70404, 0.59428, 2.4433, 2.2655, 0.75953, 0.013578, 5.6486, 1.0878, 0.028233, 7.8982, 1.5052, 0.067366, 0.0069705, 0.00020837, 0.030522, 0.0041277, 0.0064722, 0.34934, 0.51945, 0.0054717, 1.3796e-05, 1.2216, 0.062555, 1.6687e-05, 0.85852, 1.7864e-07, 4.2407e-05, 0.3313, 0.95192, 0.40133, 0.3608, 0.23598, -1.1393, -1.407, 0.37209, -0.0062456, -0.099138, -0.17911, 0.010557, 3.1278, 0.18614, 0.036318, 1.7874, 1.1271, 1.8267, 0.83592, 0.68792, 4.0815, 3.5671, 0.90363, 0.021183, 7.7603, 1.532, 0.032471, 9.6204, 2.8229, 0.076991, 0.19593, 0.0028361, 0.18774, 0.020859, 0.018874, 2.5187, 2.2862, 0.026107, 6.9517e-05, 5.7079, 0.27054, 4.4374e-05, 3.8952, 0.64242, 0.00015287
93, 6.2215, 0.12155, 0.01628, 0.09479, 2.0833, 0.31572, 1.9871, 0.958, 1.7262, 0.37289, 0.5704, 0.66887, 0.45233, 0.68311, 1e-05, 9.065, 0.79542, 0.00212, 1.375, 1.7917, 0.08933, 1.1577, 1.0438, 1.2561, 0.39389, 0.5425, 1.5814, 1.1837, 0.74981, 0.0048055, 3.7559, 0.56558, 0.0092369, 3.7345, 1.5175, 0.070605, 0.98848, 1.0201, 0.94806, 0.29266, 0.38355, 0.52674, -0.16287, 0.61006, -0.0018483, 1.7271, 0.064118, -0.00035211, 1.9806, 1.5168, 0.058465, 1.3269, 1.0675, 1.5642, 0.49512, 0.70145, 2.636, 2.5303, 0.88955, 0.011459, 5.7846, 1.067, 0.018826, 5.4885, 1.5182, 0.082745, 0.010582, 0.00020748, 0.035074, 0.0037875, 0.0093382, 0.41109, 0.6702, 0.0072176, 1.6364e-05, 1.5212, 0.092945, 3.3985e-05, 1.1371, 1.7864e-07, 5.4472e-05, 0.42294, 0.95619, 0.53483, 0.15827, 0.29997, -1.0609, -1.384, 0.47529, -0.0091598, -0.2757, -0.33673, -0.0036805, 0.37415, 0.19917, 0.049481, 1.8924, 1.1314, 1.9774, 0.6295, 0.78502, 4.2236, 3.7514, 1.0243, 0.018771, 7.7874, 1.4679, 0.022154, 7.0949, 2.8359, 0.091729, 0.19954, 0.0028352, 0.19229, 0.020519, 0.02174, 2.5804, 2.4369, 0.027853, 7.2085e-05, 6.0075, 0.30093, 6.1673e-05, 4.1737, 0.64242, 0.00016493
94, 4, 0.31953, 0.09037, 0.61304, 1.25, 0.37617, 1.7054, 0.98478, 1.0337, 0.39835, 0.48384, 0.99153, 1.1387, 0.52236, 0.00254, 8.6989, 0.10625, 0.00588, 1.3954, 1.5152, 0.07813, 1.7588, 0.9907, 1.6617, 0.4417, 0.42501, 0.75754, 0.53572, 0.50795, 0.004944, 3.9632, 0.72102, 0.0065934, 2.5068, 1.7047, 0.064086, 1.6027, 0.96078, 1.306, 0.32249, 0.181, -0.3668, -0.95503, 0.36691, -0.0021294, 1.3956, 0.15956, -0.0058906, 0.31877, 1.704, 0.049978, 1.915, 1.0206, 2.0175, 0.56091, 0.66902, 1.8819, 2.0265, 0.64898, 0.012017, 6.5308, 1.2825, 0.019077, 4.6949, 1.7054, 0.078195, 0.009013, 0.00033085, 0.046765, 0.0052524, 0.022006, 0.46724, 0.8214, 0.0073516, 1.8493e-05, 2.4367, 0.11652, 5.7604e-05, 1.7695, 1.7864e-07, 7.3574e-05, 1.027, 0.90124, 0.91886, 0.19782, 0.1199, -1.9133, -2.1105, 0.23277, -0.009226, -0.36466, -0.21596, -0.0085974, -1.0992, 0.38631, 0.041773, 2.4907, 1.0802, 2.4046, 0.68558, 0.73012, 3.4284, 3.1819, 0.78312, 0.019114, 8.291, 1.658, 0.021784, 6.1128, 3.0231, 0.0864, 0.19797, 0.0029586, 0.20398, 0.021984, 0.034408, 2.6366, 2.5881, 0.027987, 7.4214e-05, 6.9229, 0.3245, 8.5292e-05, 4.8062, 0.64242, 0.00018403
95, 4.6981, 0.15862, 0.04387, 0.1029, 0.84667, 0.3102, 0.79241, 1.0622, 0.55011, 0.45916, 0.3469, 1.3454, 1.1421, 0.89835, 0.02138, 6.0631, 0.12965, 0.02151, 9.4721, 1.0125, 0.05454, 1.1013, 1.0178, 1.0074, 0.3697, 0.38331, 1.125, 1.3978, 0.83198, 0.0029085, 4.2164, 0.91524, 0.0098348, 7.3969, 1.0497, 0.052842, 0.96419, 0.99772, 0.76233, 0.3005, 0.28462, 0.3271, 0.46801, 0.72893, -0.0021645, 2.6875, 0.55909, 0.0045597, 6.0865, 1.049, 0.044592, 1.2384, 1.0379, 1.2525, 0.4389, 0.482, 1.923, 2.3276, 0.93502, 0.0079815, 5.7452, 1.2714, 0.01511, 8.7073, 1.0504, 0.061093, 0.0069467, 0.00014931, 0.0222, 0.0017701, 0.0036, 0.23533, 0.31953, 0.0039249, 9.5121e-06, 0.86396, 0.046882, 1.0285e-05, 0.63466, 1.7864e-07, 2.5159e-05, 0.37326, 0.93114, 0.31069, 0.14597, 0.17524, -1.4256, -0.97801, 0.5742, -0.010376, 0.41173, 0.084852, -0.00030112, 4.2453, -0.26864, 0.033687, 1.8293, 1.1045, 1.7041, 0.59343, 0.59138, 3.6757, 3.7736, 1.0898, 0.016194, 8.021, 1.7456, 0.019971, 10.549, 2.3681, 0.071998, 0.1959, 0.002777, 0.17942, 0.018501, 0.016001, 2.4047, 2.0863, 0.02456, 6.5234e-05, 5.3502, 0.25486, 3.7972e-05, 3.6713, 0.64242, 0.00013562
96, 4, 0.18588, 0.02711, 0.06024, 1.6537, 0.47104, 0.69657, 1.0595, 1.3399, 0.37582, 0.39301, 0.90748, 0.76832, 0.74257, 0.00045, 5.469, 0.90154, 0.01359, 8.6633, 0.44619, 0.04761, 1.1617, 1.0171, 1.1862, 0.40107, 0.44567, 1.6971, 1.2497, 0.83642, 0.0054391, 4.2367, 0.70076, 0.0041829, 5.019, 1.022, 0.057583, 1.0181, 0.99345, 0.86725, 0.30901, 0.24443, 0.61542, -0.15262, 0.69541, -0.0011461, 2.3534, 0.15059, -0.0057836, 3.3124, 1.0213, 0.044698, 1.3052, 1.0407, 1.5052, 0.49313, 0.64691, 2.7787, 2.652, 0.97743, 0.012024, 6.1199, 1.2509, 0.014149, 6.7257, 1.0227, 0.070467, 0.0076192, 0.0002059, 0.037602, 0.0031327, 0.014968, 0.43243, 0.72682, 0.007349, 1.6028e-05, 1.3109, 0.11187, 3.6714e-05, 1.0766, 1.7864e-07, 6.1358e-05, 0.4324, 0.9295, 0.4602, 0.16924, 0.17354, -0.95608, -1.3477, 0.56126, -0.0084936, 0.27631, -0.2295, -0.0090171, 1.6831, -0.2964, 0.036022, 1.8909, 1.1046, 1.9122, 0.63289, 0.71779, 4.3502, 3.8471, 1.1116, 0.019372, 8.197, 1.631, 0.017383, 8.355, 2.3403, 0.079143, 0.19657, 0.0028336, 0.19482, 0.019864, 0.02737, 2.6018, 2.4935, 0.027984, 7.175e-05, 5.7971, 0.31986, 6.4401e-05, 4.1132, 0.64242, 0.00017182
97, 6.58, 0.15255, 0.05183, 0.41875, 1.0417, 0.27964, 1.2589, 0.91403, 1.7128, 0.13078, 0.40948, 0.81358, 1.995, 0.25709, 0.00968, 1.9398, 0.42969, 0.00027, 1.8152, 2.1744, 0.06344, 1.3102, 1.0186, 1.2681, 0.65485, 0.5057, 1.4844, 0.78404, 0.5947, 0.00417, 4.5171, 0.86191, 0.011107, 3.4079, 1.9969, 0.06922, 1.1583, 0.99374, 0.94775, 0.55516, 0.31226, 0.3476, -0.66038, 0.44407, -0.0026408, 2.7439, 0.36092, -0.0003721, 1.8538, 1.9962, 0.055976, 1.462, 1.0435, 1.5885, 0.75454, 0.69915, 2.6212, 2.2285, 0.74534, 0.010981, 6.2902, 1.3629, 0.022586, 4.9619, 1.9976, 0.082464, 0.0085191, 0.0002292, 0.037936, 0.0036732, 0.013831, 0.47767, 0.77114, 0.008387, 1.7145e-05, 1.1621, 0.09277, 4.8704e-05, 0.89263, 1.7864e-07, 6.4833e-05, 0.57922, 0.93073, 0.54149, 0.41989, 0.2393, -1.1917, -1.8363, 0.31449, -0.0098708, 0.60784, -0.040141, -0.0032693, 0.14739, 0.67851, 0.047442, 2.0411, 1.1066, 1.9948, 0.88981, 0.77211, 4.1605, 3.4044, 0.87492, 0.018211, 8.4263, 1.764, 0.025483, 6.6684, 3.3153, 0.090998, 0.19747, 0.0028569, 0.19515, 0.020404, 0.026232, 2.647, 2.5379, 0.029022, 7.2866e-05, 5.6484, 0.30075, 7.6391e-05, 3.9293, 0.64242, 0.00017529
98, 3, 0.26774, 0.04855, 0.04287, 1.1228, 0.50411, 0.29292, 1.0014, 1.9009, 0.40038, 0.50932, 2.9583, 1.722, 0.99462, 0.00025, 6.1756, 0.82509, 0.00014, 1.2703, 4.3825, 0.08061, 0.95499, 0.99421, 1.3158, 0.34843, 0.44937, 2.1802, 1.6737, 0.76076, 0.0075545, 4.7276, 0.68186, 0.0083854, 4.6621, 0.60446, 0.051429, 0.82874, 0.96979, 0.98748, 0.2483, 0.23654, 1.103, 0.32795, 0.62094, 0.00060779, 2.7859, 0.12106, -0.0034638, 2.9889, 0.60377, 0.037862, 1.0812, 1.0186, 1.6441, 0.44857, 0.66221, 3.2574, 3.0194, 0.90058, 0.014501, 6.6694, 1.2427, 0.020235, 6.3352, 0.60516, 0.064996, 0.0058907, 0.00022042, 0.039837, 0.0037062, 0.016743, 0.42887, 0.66936, 0.0072255, 1.7837e-05, 1.3936, 0.11624, 5.1894e-05, 1.0347, 1.7864e-07, 6.8034e-05, 0.22893, 0.90643, 0.58562, 0.11329, 0.16857, -0.47115, -0.8936, 0.48621, -0.0065527, 0.73915, -0.25473, -0.0062881, 1.3432, -0.71391, 0.029454, 1.681, 1.082, 2.0459, 0.58358, 0.73018, 4.8315, 4.241, 1.0353, 0.021662, 8.7161, 1.6185, 0.023059, 7.981, 1.9228, 0.073404, 0.19485, 0.0028481, 0.19705, 0.020437, 0.029144, 2.5982, 2.4361, 0.027861, 7.3558e-05, 5.8798, 0.32423, 7.9582e-05, 4.0714, 0.64242, 0.00017849
99, 2.1818, 0.28637, 0.16597, 0.59996, 0.86111, 0.46736, 1.2229, 0.91013, 1.6858, 0.51573, 0.20011, 1.2496, 1.2992, 0.71408, 0.00572, 2.2703, 0.86402, 0.00138, 1.2368, 2.5553, 0.03615, 1.2831, 0.97632, 1.3782, 0.52642, 0.29502, 1.4305, 1.0331, 0.57473, 0.0042693, 3.5096, 0.8225, 0.0072155, 2.0452, 1.336, 0.047624, 1.1218, 0.94626, 1.0153, 0.41455, 0.051085, 0.26691, -0.45056, 0.42195, -0.0028007, 0.96344, 0.25427, -0.0058797, -0.12515, 1.3353, 0.033527, 1.4443, 1.0064, 1.7411, 0.63829, 0.53895, 2.5941, 2.5168, 0.7275, 0.011339, 6.0558, 1.3907, 0.020311, 4.2156, 1.3367, 0.061721, 0.0096057, 0.00033379, 0.048667, 0.0046254, 0.021993, 0.50043, 0.81362, 0.0086263, 1.8475e-05, 2.3962, 0.11934, 6.3383e-05, 1.7411, 1.7864e-07, 7.3452e-05, 0.55011, 0.8868, 0.63186, 0.28604, -0.010033, -1.2571, -1.6091, 0.29336, -0.009899, -0.80555, -0.11856, -0.0084815, -1.5501, 0.017599, 0.025318, 2.016, 1.0658, 2.1245, 0.7668, 0.60007, 4.1181, 3.6753, 0.8561, 0.018438, 7.8248, 1.7636, 0.022913, 5.6405, 2.6543, 0.069931, 0.19856, 0.0029615, 0.20588, 0.021357, 0.034394, 2.6698, 2.5803, 0.029262, 7.4197e-05, 6.8825, 0.32733, 9.1071e-05, 4.7777, 0.64242, 0.00018391
100, 1.9912, 0.72035, 0.17202, 0.33339, 0.52493, 0.68114, 1.9058, 0.94259, 1.7271, 0.44618, 0.64172, 0.62552, 0.28503, 0.92724, 9e-05, 7.9959, 1.242, 0.00031, 8.6038, 0.48195, 0.03036, 1.3589, 0.9606, 1.6012, 0.32225, 0.46052, 1.1632, 0.78444, 0.80234, 0.0047635, 8.0622, 0.72506, -0.0022836, 4.2048, 0.021678, 0.045892, 1.1838, 0.92567, 1.2353, 0.19532, 0.21022, -0.0063171, -0.71159, 0.64678, -0.0023081, 5.4288, 0.15597, -0.015639, 1.9917, 0.020983, 0.031787, 1.5341, 0.99552, 1.9671, 0.44917, 0.71082, 2.3327, 2.2805, 0.9579, 0.011835, 10.696, 1.2942, 0.011072, 6.4178, 0.022373, 0.059997, 0.011338, 0.00045074, 0.049487, 0.0059544, 0.023156, 0.50556, 0.82723, 0.0089442, 1.8483e-05, 2.5632, 0.1197, 6.5931e-05, 1.8102, 1.7864e-07, 7.3535e-05, 0.6228, 0.86933, 0.85341, 0.074505, 0.15035, -1.527, -1.8647, 0.51945, -0.0094057, 3.695, -0.21651, -0.018199, 0.58353, -1.2967, 0.023581, 2.0951, 1.0519, 2.3491, 0.56999, 0.77069, 3.8534, 3.4336, 1.0852, 0.018933, 12.429, 1.6666, 0.013631, 7.826, 1.34, 0.068204, 0.20029, 0.0030785, 0.2067, 0.022686, 0.035558, 2.6749, 2.594, 0.02958, 7.4205e-05, 7.0494, 0.32769, 9.3618e-05, 4.8468, 0.64242, 0.00018399
101, 2, 0.062, 0.19719, 0.3497, 0.91146, 0.29321, 1.2213, 1.0953, 0.74592, 0.71968, 0.41801, 0.92691, 1.4921, 0.69262, 0.00031, 0.51538, 0.91246, 0.00492, 2.4094, 1.0774, 0.02778, 0.67873, 1.0114, 1.0464, 0.68145, 0.35483, 1.806, 1.6595, 0.71363, 0.0033487, 3.6549, 0.9884, 0.0082001, 2.371, 1.0355, 0.036863, 0.51148, 0.97906, 0.68419, 0.55607, 0.116, 0.63658, 0.16352, 0.55806, -0.0037246, 1.1368, 0.41932, -0.0049527, 0.29259, 1.0348, 0.02276, 0.84597, 1.0438, 1.4086, 0.80684, 0.59366, 2.9755, 3.1554, 0.8692, 0.010422, 6.173, 1.5575, 0.021353, 4.4494, 1.0362, 0.050965, 0.010338, 0.00038707, 0.048492, 0.0058104, 0.021083, 0.5055, 0.82715, 0.0089453, 1.8492e-05, 2.3436, 0.1197, 6.3942e-05, 1.5966, 1.7864e-07, 7.3508e-05, -0.055575, 0.92111, 0.30038, 0.4345, 0.053846, -0.8841, -0.98964, 0.43073, -0.010821, -0.64379, 0.046832, -0.0075449, -1.1696, -0.28285, 0.014553, 1.413, 1.1017, 1.7924, 0.92841, 0.65582, 4.4962, 4.3086, 0.99652, 0.017519, 7.9535, 1.93, 0.023945, 5.9115, 2.3539, 0.059172, 0.19929, 0.0030148, 0.20571, 0.022542, 0.033484, 2.6748, 2.5939, 0.029581, 7.4214e-05, 6.8299, 0.32768, 9.1629e-05, 4.6332, 0.64242, 0.00018397
102, 3, 0.19901, 0.07594, 0.1, 1.5278, 0.42467, 0.8976, 0.92972, 1.5365, 0.47477, 0.57106, 1.6641, 0.47995, 0.93445, 0.00994, 7.8101, 1.7067, 0.00163, 9.5735, 0.30436, 0.03665, 0.87871, 1.002, 1.2276, 0.40404, 0.49933, 1.8946, 1.3641, 0.82835, 0.0054114, 5.2173, 1.2635, 0.0012383, 5.1961, 0.78939, 0.05216, 0.7599, 0.98023, 0.9921, 0.33346, 0.39505, 1.0704, 0.37451, 0.71397, -0.00010479, 3.8806, 0.84809, -0.0050626, 3.963, 0.7887, 0.043632, 0.99753, 1.0237, 1.4631, 0.47462, 0.6036, 2.7187, 2.3537, 0.94273, 0.010928, 6.554, 1.6789, 0.0075392, 6.4292, 0.79009, 0.060688, 0.0052176, 0.00017496, 0.0205, 0.0018411, 0.0040189, 0.25108, 0.36196, 0.0048353, 1.1247e-05, 0.66043, 0.063778, 1.4674e-05, 0.56201, 1.7864e-07, 2.6879e-05, 0.15391, 0.91491, 0.53419, 0.17988, 0.28855, -0.66446, -1.0357, 0.56584, -0.0080491, 1.4857, 0.40601, -0.0094673, 2.0758, -0.52898, 0.032884, 1.6035, 1.0891, 1.921, 0.6282, 0.7101, 4.4536, 3.7639, 1.0909, 0.018872, 8.9488, 2.121, 0.011944, 8.3164, 2.1078, 0.071436, 0.19417, 0.0028027, 0.17772, 0.018572, 0.01642, 2.4204, 2.1287, 0.025471, 6.6968e-05, 5.1467, 0.27176, 4.2361e-05, 3.5986, 0.64242, 0.00013734
103, 3.0049, 0.16297, 0.06867, 0.10201, 1.3544, 0.43383, 0.13469, 0.98208, 1.4059, 0.54494, 0.6159, 4.0133, 1.9444, 0.73672, 0.00045, 2.1846, 0.58094, 0.00071, 2.5005, 1.3171, 0.03739, 0.85531, 1.0079, 1.1693, 0.43975, 0.52237, 2.1525, 1.215, 0.80067, 0.0063365, 5.2904, 1.034, 0.0053595, 5.9711, 0.8653, 0.044692, 0.73452, 0.98792, 0.905, 0.37003, 0.40192, 1.2812, 0.098826, 0.68602, 2.178e-05, 3.6213, 0.539, -0.003035, 4.499, 0.8646, 0.032922, 0.97609, 1.0279, 1.4336, 0.50946, 0.64281, 3.0239, 2.3311, 0.91531, 0.012651, 6.9594, 1.5289, 0.013754, 7.4432, 0.866, 0.056463, 0.0053922, 0.00014795, 0.025823, 0.0017963, 0.0053621, 0.28062, 0.46046, 0.0048576, 1.4738e-05, 1.0297, 0.090547, 2.6046e-05, 0.80098, 1.7864e-07, 5.1208e-05, 0.13018, 0.92127, 0.4656, 0.21586, 0.30314, -0.42205, -1.2398, 0.53804, -0.0074705, 1.4273, 0.13524, -0.0066978, 2.7489, -0.45307, 0.023778, 1.5804, 1.0946, 1.873, 0.66364, 0.74159, 4.7271, 3.6697, 1.0633, 0.020143, 9.1535, 1.9327, 0.017417, 9.1933, 2.1837, 0.065606, 0.19435, 0.0027757, 0.18304, 0.018528, 0.017764, 2.45, 2.2272, 0.025493, 7.046e-05, 5.5159, 0.29853, 5.3733e-05, 3.8376, 0.64242, 0.00016167
104, 6.58, 0.15255, 0.07488, 0.41875, 0.73746, 0.21669, 1.2772, 0.97707, 1.8453, 0.68567, 0.62979, 1.6501, 0.77907, 0.94812, 0.00012, 4.9612, 1.2347, 0.00033, 1.505, 3.5975, 0.08455, 1.2697, 1.0083, 1.2425, 0.61944, 0.53294, 1.2515, 0.73501, 0.61353, 0.0040875, 4.3838, 0.74481, 0.0054634, 3.5615, 1.8798, 0.065971, 1.1194, 0.98337, 0.94108, 0.51966, 0.3475, 0.27031, -0.58403, 0.48782, -0.002635, 2.689, 0.22256, -0.0038966, 2.038, 1.8791, 0.053155, 1.42, 1.0332, 1.544, 0.71922, 0.71839, 2.2327, 2.0541, 0.73923, 0.01081, 6.0786, 1.2671, 0.014823, 5.0849, 1.8805, 0.078787, 0.0083495, 0.00022934, 0.033591, 0.0036799, 0.012711, 0.35585, 0.64308, 0.0058401, 1.6703e-05, 1.0616, 0.10081, 3.2382e-05, 0.85782, 1.7864e-07, 6.0705e-05, 0.5391, 0.92036, 0.52405, 0.38444, 0.27228, -1.3623, -1.8184, 0.34589, -0.0099107, 0.50956, -0.16922, -0.0072849, 0.31546, 0.5614, 0.044451, 2.0004, 1.0962, 1.961, 0.85444, 0.7936, 3.8653, 3.2884, 0.88117, 0.018086, 8.2581, 1.6588, 0.018212, 6.8075, 3.1981, 0.087491, 0.1973, 0.002857, 0.19081, 0.020411, 0.025113, 2.5252, 2.4098, 0.026476, 7.2425e-05, 5.5479, 0.30879, 6.0069e-05, 3.8945, 0.64242, 0.00017116
105, 4, 0.18588, 0.05414, 0.12047, 0.82812, 0.33729, 1.6389, 1.0183, 0.60394, 0.42476, 0.43377, 1.0974, 0.57956, 0.65953, 0.00362, 4.4607, 1.8966, 0.01274, 5.3743, 0.36212, 0.04084, 1.2147, 1.0069, 1.2719, 0.35375, 0.40732, 1.0156, 1.3206, 0.77331, 0.0063235, 5.0423, 0.76446, 0.005634, 5.6913, 0.92441, 0.054191, 1.0755, 0.98468, 0.95124, 0.26914, 0.16681, -0.033583, 0.03747, 0.62703, -6.6275e-05, 3.0336, 0.24218, -0.0068078, 3.8178, 0.92372, 0.042042, 1.354, 1.0291, 1.5926, 0.43836, 0.64784, 2.0648, 2.6037, 0.91958, 0.012713, 7.0509, 1.2867, 0.018076, 7.5649, 0.92511, 0.066341, 0.0071662, 0.00018222, 0.038011, 0.002646, 0.021381, 0.40688, 0.60851, 0.0079084, 1.5091e-05, 1.4913, 0.10082, 5.7215e-05, 1.2974, 1.7864e-07, 5.4558e-05, 0.48631, 0.9197, 0.54515, 0.12478, 0.105, -1.6245, -1.2144, 0.49541, -0.007518, 1.0208, -0.14959, -0.0095221, 2.267, -0.39396, 0.033062, 1.9432, 1.0941, 1.9987, 0.58272, 0.70965, 3.6557, 3.8556, 1.0512, 0.020165, 9.0638, 1.6785, 0.02079, 9.1156, 2.2428, 0.075321, 0.19612, 0.0028099, 0.19523, 0.019377, 0.033782, 2.5762, 2.3752, 0.028544, 7.0812e-05, 5.9775, 0.3088, 8.4903e-05, 4.334, 0.64242, 0.00016502
106, 4.4984, 0.31474, 0.0649, 0.09439, 0.79167, 0.35916, 0.68095, 0.98915, 1.8581, 0.40456, 0.42977, 0.92153, 0.84581, 0.73281, 0.00015, 4.8815, 0.01327, 0.00139, 4.8323, 0.71664, 0.03597, 1.2327, 0.98862, 1.5585, 0.29119, 0.56019, 0.89523, 2.1434, 0.79863, 0.012284, 3.9561, 0.46096, 0.0083717, 4.7593, 0.692, 0.064225, 1.0953, 0.9645, 1.2565, 0.22249, 0.39966, -0.076999, 1.0705, 0.68209, 0.0064874, 2.221, -0.001666, -0.00073375, 3.0991, 0.69131, 0.053561, 1.3702, 1.0127, 1.8604, 0.35989, 0.72071, 1.8675, 3.2164, 0.91516, 0.01808, 5.6912, 0.92358, 0.017477, 6.4195, 0.6927, 0.074888, 0.0069808, 0.00021494, 0.033699, 0.0017444, 0.0095237, 0.34937, 0.42553, 0.0050196, 1.2418e-05, 1.1127, 0.079105, 3.0644e-05, 1.0187, 1.7864e-07, 4.2027e-05, 0.50464, 0.90092, 0.83976, 0.067615, 0.31663, -1.7152, -0.29198, 0.53517, -0.001294, 0.064044, -0.42036, -0.0041909, 1.4469, -0.62637, 0.043913, 1.9608, 1.0763, 2.2772, 0.51477, 0.80374, 3.5057, 4.5789, 1.0621, 0.025862, 7.8482, 1.3423, 0.020934, 8.0717, 2.0104, 0.084536, 0.19594, 0.0028426, 0.19092, 0.018476, 0.021925, 2.5187, 2.1923, 0.025655, 6.814e-05, 5.5989, 0.28709, 5.8331e-05, 4.0554, 0.64242, 0.00015249
107, 6.58, 0.15255, 0.07854, 0.20938, 1.1111, 0.17345, 1.1198, 0.94393, 1.8835, 0.37668, 0.55987, 0.40348, 0.93577, 0.84934, 0.00136, 1.2018, 1.6682, 0.00085, 3.4862, 1.9556, 0.05496, 1.0998, 1.0238, 1.1862, 0.54029, 0.51389, 1.5096, 0.95418, 0.78836, 0.0032147, 4.9394, 0.86154, 0.0052208, 4.1895, 1.4415, 0.063225, 0.94674, 1.0002, 0.88034, 0.41847, 0.30878, 0.54149, -0.42271, 0.66246, -0.0037783, 2.7132, 0.33821, -0.0045554, 2.2861, 1.4408, 0.049716, 1.253, 1.0473, 1.492, 0.66211, 0.719, 2.4776, 2.3311, 0.91425, 0.010208, 7.1656, 1.3849, 0.014997, 6.093, 1.4422, 0.076734, 0.0086647, 0.00020496, 0.034574, 0.0054849, 0.015549, 0.34638, 0.70072, 0.0058582, 1.8075e-05, 1.8318, 0.10123, 3.5325e-05, 1.3391, 1.7864e-07, 6.745e-05, 0.36864, 0.93624, 0.46584, 0.29513, 0.23889, -1.0994, -1.6296, 0.52063, -0.010915, 0.80495, -0.053108, -0.0078362, 0.74877, 0.12316, 0.041286, 1.8311, 1.1113, 1.9065, 0.78546, 0.78889, 4.1185, 3.5379, 1.0561, 0.017345, 9.0739, 1.7762, 0.018278, 7.6303, 2.7599, 0.085165, 0.19762, 0.0028327, 0.19179, 0.022216, 0.027951, 2.5157, 2.4674, 0.026494, 7.3796e-05, 6.318, 0.30921, 6.3013e-05, 4.3758, 0.64242, 0.00017791
108, 2.25, 0.30385, 0.0606, 0.15791, 2.0159, 0.83622, 0.65541, 0.91446, 1.1502, 0.42711, 0.34616, 6.6348, 4.9193, 0.74512, 0.0044, 3.3927, 0.30954, 0.00228, 5.0106, 0.83014, 0.04891, 0.87955, 0.98814, 1.405, 0.4078, 0.32562, 3.4378, 3.5711, 0.79314, 0.0084052, 4.0732, 0.65624, 0.0040438, 3.6444, 0.94949, 0.034505, 0.73613, 0.96456, 1.1195, 0.29938, 0.18083, 2.4687, 2.385, 0.67381, 0.0023209, 2.1926, 0.2151, -0.0029399, 2.1392, 0.94879, 0.023814, 1.023, 1.0117, 1.6906, 0.51622, 0.47041, 4.407, 4.7572, 0.91248, 0.01449, 5.9538, 1.0974, 0.011027, 5.1497, 0.95018, 0.045196, 0.0076027, 0.00020549, 0.030147, 0.0043449, 0.0077486, 0.34716, 0.51997, 0.0052636, 1.3683e-05, 1.3072, 0.071928, 1.8027e-05, 0.83747, 1.7864e-07, 4.2244e-05, 0.15031, 0.90059, 0.69307, 0.16901, 0.092135, 0.82852, 1.0837, 0.52843, -0.0052979, 0.11411, -0.214, -0.0070774, 0.40691, -0.36888, 0.014179, 1.6088, 1.0757, 2.117, 0.64659, 0.55911, 6.0471, 6.0584, 1.0579, 0.022108, 8.0323, 1.5265, 0.015165, 6.882, 2.2679, 0.054831, 0.19656, 0.0028332, 0.18736, 0.021076, 0.02015, 2.5165, 2.2867, 0.025899, 6.9404e-05, 5.7934, 0.27991, 4.5714e-05, 3.8741, 0.64242, 0.0001527
109, 3, 0.19901, 0.07594, 0.1, 1.5278, 0.42467, 0.22104, 0.91358, 1.6178, 0.327, 0.45006, 1.2799, 1.4426, 0.96024, 0.01263, 9.4869, 1.9251, 0.0022, 6.3656, 0.51142, 0.06155, 0.8974, 1.0031, 1.217, 0.4203, 0.53854, 1.939, 1.1669, 0.82231, 0.0048685, 4.9704, 1.1965, 0.00093619, 5.7898, 0.78939, 0.046101, 0.77858, 0.98131, 0.9815, 0.34973, 0.43426, 1.1148, 0.17727, 0.70793, -0.00064773, 3.6337, 0.78113, -0.0053647, 4.5567, 0.7887, 0.037573, 1.0162, 1.0248, 1.4525, 0.49088, 0.64282, 2.7632, 2.1565, 0.93668, 0.010385, 6.3072, 1.6119, 0.0072371, 7.0229, 0.79009, 0.054629, 0.0052176, 0.00017496, 0.0205, 0.0018411, 0.0040189, 0.25108, 0.36196, 0.0048353, 1.1247e-05, 0.66043, 0.063778, 1.4674e-05, 0.56201, 1.7864e-07, 2.6879e-05, 0.17259, 0.91599, 0.5236, 0.19614, 0.32777, -0.62, -1.233, 0.5598, -0.008592, 1.2389, 0.33905, -0.0097694, 2.6695, -0.52898, 0.026825, 1.6222, 1.0901, 1.9104, 0.64446, 0.74932, 4.498, 3.5667, 1.0848, 0.018329, 8.702, 2.054, 0.011642, 8.9101, 2.1078, 0.065377, 0.19417, 0.0028027, 0.17772, 0.018572, 0.01642, 2.4204, 2.1287, 0.025471, 6.6968e-05, 5.1467, 0.27176, 4.2361e-05, 3.5986, 0.64242, 0.00013734
110, 4.6981, 0.15408, 0.04401, 0, 0.89123, 0.21726, 1.105, 1.0815, 0.89482, 0.42757, 0.57606, 1.1113, 0.60446, 0.94667, 0.00015, 8.3986, 0.47392, 0.0025, 6.3764, 0.2292, 0.0583, 1.0903, 1.018, 1.061, 0.35435, 0.36696, 0.89356, 1.0825, 0.89346, 0.0054551, 5.6608, 0.70242, 0.0034473, 6.377, 0.78472, 0.053724, 0.94628, 0.99589, 0.80685, 0.26418, 0.2307, 0.066333, -0.031507, 0.77235, -0.00036359, 3.8872, 0.2476, -0.0049652, 4.8655, 0.78402, 0.042765, 1.2344, 1.04, 1.3151, 0.44451, 0.50321, 1.7208, 2.1966, 1.0146, 0.011274, 7.4345, 1.1572, 0.01186, 7.8885, 0.78541, 0.064683, 0.00767, 0.00018012, 0.023866, 0.0030051, 0.0068619, 0.25293, 0.45872, 0.0054213, 1.2514e-05, 1.1628, 0.076456, 2.6157e-05, 0.8444, 1.7864e-07, 4.439e-05, 0.36096, 0.9308, 0.36101, 0.12327, 0.13866, -1.6664, -1.3712, 0.62794, -0.0081322, 1.7514, -0.17483, -0.0086225, 3.1366, -0.53366, 0.033255, 1.8197, 1.1051, 1.7609, 0.58543, 0.59525, 3.4536, 3.5363, 1.159, 0.019042, 9.5703, 1.5797, 0.015517, 9.6174, 2.1031, 0.074192, 0.19663, 0.0028078, 0.18108, 0.019736, 0.019263, 2.4223, 2.2254, 0.026057, 6.8235e-05, 5.649, 0.28444, 5.3845e-05, 3.881, 0.64242, 0.00015485
111, 8, 0.43305, 0.03016, 0.27129, 1.3281, 0.46337, 1.3119, 1.091, 0.65398, 0.86124, 0.71936, 1.2026, 0.4822, 0.8581, 0.00639, 8.3363, 0.34398, 0.01764, 3.8112, 1.2819, 0.04025, 1.418, 1.0641, 1.4087, 0.53098, 0.57844, 1.6115, 1.0039, 0.75962, 0.0045234, 7.0271, 0.57065, 0.011124, 6.6747, 1.5662, 0.071387, 1.2265, 1.0317, 1.0624, 0.41687, 0.40038, 0.45241, -0.46447, 0.60489, -0.0024974, 4.7456, 0.0039957, -0.0018875, 4.7975, 1.5655, 0.058548, 1.6095, 1.0964, 1.7551, 0.64508, 0.75649, 2.7706, 2.4723, 0.91434, 0.011544, 9.3086, 1.1373, 0.024136, 8.5519, 1.5669, 0.084226, 0.013549, 0.00038641, 0.044341, 0.0048123, 0.011718, 0.49657, 0.79692, 0.0088486, 1.8219e-05, 1.9239, 0.11868, 6.2576e-05, 1.3024, 1.7864e-07, 6.0925e-05, 0.67781, 0.97377, 0.67028, 0.28955, 0.32299, -1.0742, -1.6297, 0.47718, -0.0096205, 2.8626, -0.36946, -0.0045031, 3.2484, 0.24787, 0.049853, 2.1582, 1.1544, 2.1472, 0.7724, 0.83389, 4.2972, 3.6375, 1.0421, 0.018667, 11.192, 1.5107, 0.026751, 10.101, 2.8846, 0.09292, 0.2025, 0.0030141, 0.20156, 0.021544, 0.024119, 2.6659, 2.5636, 0.029484, 7.394e-05, 6.4101, 0.32666, 9.0263e-05, 4.3391, 0.64242, 0.00017138
112, 5.4951, 0.1914, 0.07359, 0.27776, 1.3333, 0.3153, 1.2817, 1.065, 1.7518, 0.63635, 0.36912, 1.0918, 0.25088, 0.61192, 0.00042, 6.9096, 1.7201, 0.0124, 3.2098, 0.87793, 0.05238, 1.2327, 1.0081, 1.2396, 0.56547, 0.49827, 1.555, 0.92996, 0.73463, 0.0047876, 5.772, 0.96432, 0.011793, 5.5077, 1.4717, 0.057643, 1.0477, 0.98374, 0.88822, 0.4614, 0.25123, 0.39627, -0.46828, 0.58357, -0.0022218, 3.5315, 0.40999, -0.0012131, 3.5189, 1.471, 0.044074, 1.4176, 1.0324, 1.591, 0.66954, 0.7453, 2.7138, 2.3282, 0.88569, 0.011797, 8.0124, 1.5187, 0.0248, 7.4964, 1.4724, 0.071213, 0.012642, 0.00021875, 0.045634, 0.004003, 0.022556, 0.49629, 0.72262, 0.0084346, 1.8159e-05, 1.8553, 0.11358, 6.2527e-05, 1.4619, 1.7864e-07, 6.8057e-05, 0.49415, 0.92031, 0.49877, 0.32862, 0.19073, -1.1305, -1.6652, 0.45418, -0.0093506, 1.6298, 0.031594, -0.0038296, 2.019, 0.15334, 0.035666, 1.9712, 1.0958, 1.9804, 0.80232, 0.8058, 4.2406, 3.5251, 1.0151, 0.018926, 9.9141, 1.8971, 0.027416, 8.9964, 2.7901, 0.07962, 0.2016, 0.0028465, 0.20285, 0.020734, 0.034958, 2.6656, 2.4893, 0.02907, 7.3881e-05, 6.3416, 0.32156, 9.0215e-05, 4.4986, 0.64242, 0.00017852
113, 3, 0.21736, 0.06894, 0.10552, 1.5151, 0.47661, 0.42981, 1.0497, 0.73885, 0.43479, 0.3397, 1.599, 0.76761, 0.77635, 1e-05, 8.3476, 1.4587, 0.00181, 6.8057, 0.73764, 0.06878, 0.89468, 0.99665, 1.2682, 0.44028, 0.51587, 2.1794, 1.7141, 0.74791, 0.004929, 4.4041, 1.0157, 0.0039156, 5.2735, 0.81302, 0.04843, 0.77655, 0.9753, 1.05, 0.37412, 0.43564, 1.4167, 0.87633, 0.66138, 0.00017839, 3.192, 0.69068, -0.00048461, 4.2, 0.81233, 0.041364, 1.0128, 1.018, 1.4865, 0.50645, 0.5961, 2.9421, 2.5518, 0.83445, 0.0096796, 5.6161, 1.3407, 0.0083158, 6.347, 0.81372, 0.055497, 0.0051581, 0.00016853, 0.017603, 0.0016183, 0.0023792, 0.21502, 0.2594, 0.0027678, 8.3414e-06, 0.54298, 0.039047, 7.1563e-06, 0.42593, 1.7864e-07, 1.8458e-05, 0.16999, 0.90967, 0.58049, 0.21747, 0.3159, -0.36048, -0.62724, 0.49628, -0.0082363, 0.71536, 0.19818, -0.0057937, 2.2127, -0.50535, 0.029754, 1.6194, 1.0836, 1.956, 0.6631, 0.71585, 4.7193, 4.0554, 0.99954, 0.018094, 8.0928, 1.8332, 0.013625, 8.3342, 2.1314, 0.067106, 0.19411, 0.0027962, 0.17482, 0.01835, 0.014781, 2.3844, 2.0261, 0.023403, 6.4063e-05, 5.0292, 0.24703, 3.4844e-05, 3.4626, 0.64242, 0.00012892
114, 3, 0.35974, 0.12176, 0.20036, 0.48387, 0.37378, 0.61482, 0.9618, 1.2713, 0.32289, 0.29609, 1.5024, 0.77862, 0.65415, 0.00472, 9.4119, 0.48097, 0.00393, 2.9344, 0.90805, 0.06033, 1.1226, 0.99287, 1.1679, 0.43109, 0.4581, 0.9048, 0.76782, 0.71264, 0.0049169, 6.1652, 0.79465, 0.0037496, 3.722, 0.46854, 0.05512, 0.99103, 0.96797, 0.85781, 0.33541, 0.27172, -0.055151, -0.66126, 0.59027, -0.0020691, 3.9538, 0.29772, -0.0059226, 1.8803, 0.46785, 0.041326, 1.2542, 1.0178, 1.4779, 0.52678, 0.64448, 1.8647, 2.1969, 0.83501, 0.011903, 8.3766, 1.2916, 0.013422, 5.5637, 0.46924, 0.068915, 0.0064018, 0.00022912, 0.035532, 0.0033841, 0.012839, 0.3406, 0.75485, 0.0055346, 1.8039e-05, 1.8075, 0.091274, 3.4578e-05, 1.2536, 1.7864e-07, 7.0333e-05, 0.39562, 0.90495, 0.44572, 0.19781, 0.19678, -1.7011, -1.8441, 0.44655, -0.0092097, 2.0387, -0.10515, -0.0092297, 0.31499, -0.84983, 0.033004, 1.8496, 1.0808, 1.89, 0.66438, 0.71943, 3.5107, 3.3798, 0.97873, 0.019044, 10.292, 1.6945, 0.016729, 7.129, 1.7869, 0.077237, 0.19536, 0.0028568, 0.19275, 0.020115, 0.025241, 2.5099, 2.5216, 0.02617, 7.376e-05, 6.2937, 0.29926, 6.2265e-05, 4.2903, 0.64242, 0.00018079
115, 3.0066, 0.27707, 0.08854, 0.0715, 0.4712, 0.35285, 0.52583, 1.0736, 0.77583, 0.32346, 0.49335, 1.1921, 0.77006, 0.705, 0.00048, 5.2501, 0.38993, 0.00443, 2.68, 0.42764, 0.06325, 0.98787, 0.97691, 1.3475, 0.3353, 0.46621, 0.76787, 1.0073, 0.82146, 0.0070061, 5.8849, 0.66173, 0.0023077, 4.4285, 0.40454, 0.053076, 0.862, 0.95328, 1.0162, 0.23609, 0.22776, -0.30385, -0.44175, 0.67073, 0.00015452, 4.0136, 0.095946, -0.0098508, 2.687, 0.40384, 0.039341, 1.1137, 1.0005, 1.6787, 0.43452, 0.70466, 1.8396, 2.4564, 0.97219, 0.013858, 7.7562, 1.2275, 0.014466, 6.1701, 0.40523, 0.06681, 0.0058556, 0.00020634, 0.040559, 0.0036382, 0.021016, 0.42453, 0.7761, 0.0083971, 1.7351e-05, 1.2943, 0.11832, 5.464e-05, 1.121, 1.7864e-07, 6.9726e-05, 0.26187, 0.88935, 0.61596, 0.10055, 0.16553, -1.8813, -1.6156, 0.5412, -0.0070545, 1.9302, -0.27785, -0.012617, 1.0746, -0.91383, 0.030996, 1.7139, 1.0645, 2.079, 0.57006, 0.7669, 3.417, 3.6302, 1.1017, 0.021067, 9.8396, 1.6013, 0.017232, 7.7824, 1.7229, 0.075155, 0.19481, 0.002834, 0.19777, 0.02037, 0.033417, 2.5939, 2.5428, 0.029032, 7.3072e-05, 5.7805, 0.3263, 8.2327e-05, 4.1577, 0.64242, 0.00018018
116, 2.5, 0.13114, 0.04582, 0.42293, 0.97222, 0.80039, 1.1503, 1.0053, 0.79531, 0.94335, 0.10493, 1.8954, 0.49611, 0.72529, 0.00709, 4.0869, 0.85206, 0.01537, 2.1554, 1.2325, 0.06219, 0.93697, 1.0161, 0.93055, 0.67424, 0.54385, 2.8211, 1.4489, 0.60522, 0.0087043, 1.1537, 0.62789, 0.011398, 2.9906, 1.7715, 0.046637, 0.78417, 0.98929, 0.60853, 0.54674, 0.35663, 1.773, -0.0029329, 0.46237, 0.0017009, -1.1006, 0.087321, -0.0004839, 1.2138, 1.7708, 0.033091, 1.0898, 1.0429, 1.2526, 0.80174, 0.73106, 3.8693, 2.9008, 0.74808, 0.015708, 3.4079, 1.1685, 0.02328, 4.7674, 1.7722, 0.060182, 0.0086298, 0.00026528, 0.038329, 0.0060087, 0.012955, 0.40605, 0.7791, 0.0075428, 1.8129e-05, 1.8782, 0.108, 5.2184e-05, 1.1669, 1.7864e-07, 6.7814e-05, 0.20582, 0.92761, 0.20319, 0.4262, 0.28193, 0.18145, -1.1755, 0.32911, -0.0054309, -2.9959, -0.29673, -0.0033019, -0.38178, 0.45311, 0.024675, 1.6681, 1.1046, 1.6579, 0.92228, 0.80577, 5.4608, 4.0734, 0.88133, 0.02284, 5.3033, 1.5525, 0.026098, 6.363, 3.0899, 0.068599, 0.19759, 0.002893, 0.19555, 0.02274, 0.025356, 2.5754, 2.5458, 0.028178, 7.3851e-05, 6.3644, 0.31599, 7.9871e-05, 4.2036, 0.64242, 0.00017827
117, 4, 0.29084, 0.13792, 0.19995, 1.1111, 0.3202, 1.3599, 0.94894, 1.2687, 0.48874, 0.48712, 1.5155, 1.0426, 0.87326, 0.00097, 8.3809, 0.96378, 0.00248, 4.7639, 0.57032, 0.05269, 1.1302, 0.98799, 1.5345, 0.46078, 0.57516, 1.3207, 0.88507, 0.85725, 0.0023696, 4.0745, 0.85902, 0.0055252, 4.742, 0.74714, 0.053035, 0.98976, 0.96641, 1.2826, 0.38704, 0.47915, 0.4329, -0.038836, 0.7559, -0.0025436, 2.6247, 0.52167, 0.0010131, 3.4849, 0.74645, 0.045072, 1.2706, 1.0096, 1.7863, 0.53452, 0.67116, 2.2086, 1.809, 0.95859, 0.0072828, 5.5244, 1.1964, 0.010037, 5.9991, 0.74784, 0.060997, 0.0072869, 0.00017205, 0.023443, 0.0020097, 0.0034066, 0.29134, 0.3155, 0.0037964, 8.9222e-06, 0.77692, 0.042064, 7.525e-06, 0.58414, 1.7864e-07, 2.3433e-05, 0.40151, 0.90096, 0.83534, 0.23561, 0.36835, -1.2595, -1.4884, 0.60014, -0.010855, 0.30099, 0.036518, -0.0042354, 1.6121, -0.57123, 0.034002, 1.8588, 1.075, 2.2336, 0.68596, 0.78196, 3.9009, 3.2586, 1.1143, 0.015594, 7.8481, 1.6815, 0.015286, 7.8719, 2.0655, 0.072068, 0.19624, 0.0027998, 0.18066, 0.018741, 0.015808, 2.4607, 2.0822, 0.024432, 6.4644e-05, 5.2631, 0.25005, 3.5212e-05, 3.6208, 0.64242, 0.00013389
118, 4.56, 0.08105, 0.04323, 0.3, 2.0833, 0.43786, 0.57076, 1.0672, 1.0782, 0.82847, 0.78171, 1.2926, 0.89715, 0.93874, 0.00121, 6.808, 0.53455, 0.0319, 8.3657, 2.9677, 0.08395, 1.0839, 1.0457, 1.2447, 0.60589, 0.6499, 1.9272, 1.1611, 0.71571, 0.0048687, 2.5346, 0.96751, 0.023646, 5.4514, 1.7997, 0.056306, 0.94758, 1.0219, 0.96918, 0.51095, 0.51735, 1.0049, -0.0061843, 0.59387, -0.0011811, 0.72776, 0.54098, 0.016878, 3.953, 1.7991, 0.045648, 1.2202, 1.0694, 1.5202, 0.70082, 0.78244, 2.8495, 2.3284, 0.83754, 0.010919, 4.3415, 1.394, 0.030414, 6.9499, 1.8004, 0.066963, 0.0068681, 0.0002082, 0.028057, 0.0033313, 0.0064931, 0.31441, 0.5036, 0.0054862, 1.3528e-05, 1.2067, 0.067241, 1.693e-05, 0.82994, 1.7864e-07, 4.1983e-05, 0.35602, 0.95808, 0.5367, 0.37291, 0.4238, -0.66511, -1.3173, 0.44986, -0.0088192, -1.39, 0.10459, 0.012659, 2.2171, 0.48137, 0.035997, 1.8118, 1.1333, 1.9527, 0.83887, 0.87599, 4.5194, 3.6395, 0.98155, 0.018557, 6.4592, 1.8304, 0.034633, 8.6858, 3.1181, 0.076614, 0.19582, 0.0028359, 0.18527, 0.020063, 0.018895, 2.4838, 2.2703, 0.026122, 6.9249e-05, 5.6929, 0.27522, 4.4617e-05, 3.8666, 0.64242, 0.00015244
119, 4.7, 0.26135, 0.13402, 0.19952, 1.3333, 0.26562, 1.4242, 0.97031, 1.9281, 0.55257, 0.62716, 1.6537, 0.50733, 0.87132, 0.00195, 5.9565, 0.8309, 0.0031, 3.9174, 0.4819, 0.03888, 1.0395, 0.99514, 1.3858, 0.44358, 0.53644, 1.3906, 1.1021, 0.82174, 0.0026282, 5.2695, 0.84017, 0.0074028, 4.7021, 0.9029, 0.052918, 0.89477, 0.96977, 1.0304, 0.35584, 0.29613, 0.23281, -0.13461, 0.6676, -0.0039724, 2.9275, 0.30395, -0.0056091, 2.5967, 0.9022, 0.040358, 1.1843, 1.0205, 1.7413, 0.53133, 0.77674, 2.5483, 2.3387, 0.97589, 0.0092288, 7.6116, 1.3764, 0.020415, 6.8075, 0.90359, 0.065478, 0.0077473, 0.00023787, 0.046692, 0.002846, 0.021344, 0.49544, 0.56527, 0.0087826, 1.6103e-05, 2.0274, 0.10627, 6.2579e-05, 1.6384, 1.7864e-07, 5.8308e-05, 0.31004, 0.90709, 0.64309, 0.21344, 0.23428, -1.2945, -1.4098, 0.53962, -0.011312, 1.0715, -0.081911, -0.0082247, 1.1456, -0.41548, 0.03155, 1.7691, 1.0832, 2.1286, 0.67373, 0.8386, 4.0757, 3.6139, 1.1039, 0.016568, 9.4675, 1.7622, 0.02303, 8.2586, 2.2213, 0.074286, 0.1967, 0.0028656, 0.20391, 0.019577, 0.033745, 2.6648, 2.332, 0.029418, 7.1825e-05, 6.5136, 0.31425, 9.0266e-05, 4.675, 0.64242, 0.00016877
120, 6, 0.29326, 0.04107, 0.14819, 1, 0.38358, 1.7636, 0.93224, 1.0507, 0.29278, 0.53974, 1.0936, 0.18183, 0.52661, 0.01875, 4.0794, 1.3698, 0.00351, 9.1533, 0.68213, 0.07562, 1.3142, 1.0157, 1.4311, 0.4192, 0.55048, 1.4843, 1.2484, 0.74591, 0.0062408, 5.58, 0.591, 0.0096444, 5.6473, 1.1589, 0.06286, 1.1449, 0.98882, 1.0916, 0.30783, 0.35248, 0.41138, -0.16067, 0.60305, -0.00071509, 3.309, 0.048466, -0.0025589, 3.6446, 1.1582, 0.049354, 1.4835, 1.0427, 1.7706, 0.53058, 0.74848, 2.5573, 2.6574, 0.88877, 0.013197, 7.851, 1.1335, 0.021848, 7.6501, 1.1596, 0.076366, 0.01059, 0.00026774, 0.042604, 0.0045846, 0.01449, 0.4255, 0.73382, 0.0075437, 1.7883e-05, 1.9062, 0.10879, 5.5042e-05, 1.4825, 1.7864e-07, 6.7421e-05, 0.57942, 0.92723, 0.69581, 0.17906, 0.28074, -1.1653, -1.3527, 0.4698, -0.007871, 1.4213, -0.33477, -0.0053165, 2.1507, -0.15948, 0.040923, 2.0489, 1.1042, 2.1663, 0.65935, 0.82021, 4.1339, 3.8494, 1.022, 0.020353, 9.7387, 1.5168, 0.024605, 9.144, 2.4773, 0.084798, 0.19955, 0.0028954, 0.19982, 0.021316, 0.026892, 2.5948, 2.5005, 0.028179, 7.3605e-05, 6.3925, 0.31677, 8.273e-05, 4.5192, 0.64242, 0.00017788
121, 3.0049, 0.1684, 0.07188, 0.2108, 1.3368, 0.50631, 0.73949, 1.0092, 0.86216, 0.93199, 0.77681, 7.9794, 0.8289, 0.29245, 0.04211, 0.43637, 0.14439, 0.03026, 4.9199, 0.21217, 0.04551, 0.87978, 1.0006, 1.125, 0.64928, 0.55787, 1.9322, 1.0295, 0.68049, 0.012351, 2.5707, 1.0171, 0.0186, 4.6971, 1.1237, 0.047077, 0.759, 0.98094, 0.86743, 0.56931, 0.43506, 1.1076, -0.12075, 0.58581, 0.0066703, 0.84348, 0.59604, 0.011928, 3.1933, 1.123, 0.036825, 1.0006, 1.0203, 1.3825, 0.72924, 0.68068, 2.7569, 2.1798, 0.77517, 0.018031, 4.298, 1.4382, 0.025273, 6.2009, 1.1244, 0.057329, 0.0053919, 0.00014314, 0.024515, 0.0023635, 0.0055742, 0.25137, 0.48903, 0.0033135, 1.1926e-05, 1.1027, 0.065531, 1.6454e-05, 0.83584, 1.7864e-07, 3.8845e-05, 0.15465, 0.91404, 0.42377, 0.42198, 0.33734, -0.62694, -1.4409, 0.42594, -0.001178, -1.3178, 0.15688, 0.0076722, 1.4602, -0.1947, 0.026979, 1.6049, 1.0872, 1.8262, 0.87657, 0.7784, 4.4914, 3.4999, 0.93504, 0.025879, 6.4593, 1.8773, 0.029529, 7.9339, 2.442, 0.067175, 0.19435, 0.0027708, 0.18173, 0.019095, 0.017976, 2.4207, 2.2558, 0.023949, 6.7647e-05, 5.5889, 0.27351, 4.4141e-05, 3.8725, 0.64242, 0.0001493
122, 6.5574, 0.10461, 0.15315, 0.41232, 0.81121, 0.1496, 1.0057, 1.0994, 0.74226, 0.77687, 0.46934, 1.5632, 0.47828, 0.75392, 0.01062, 8.0815, 0.75229, 0.03369, 3.6071, 0.93623, 0.05121, 0.9236, 1.0225, 1.1288, 0.78174, 0.54863, 2.1711, 2.0588, 0.58033, 0.0013609, 5.3728, 0.88142, 0.024868, 2.7496, 1.7642, 0.058712, 0.76298, 0.99584, 0.79934, 0.66329, 0.36542, 1.0513, 0.57965, 0.43475, -0.0056869, 3.456, 0.35629, 0.015685, 1.1869, 1.7635, 0.044824, 1.0842, 1.0491, 1.4583, 0.90019, 0.73185, 3.291, 3.538, 0.7259, 0.0084087, 7.2896, 1.4065, 0.03405, 4.3122, 1.7649, 0.072601, 0.0095357, 0.00026202, 0.040129, 0.0051861, 0.012407, 0.46352, 0.80871, 0.0078329, 1.8359e-05, 1.3579, 0.10192, 3.1167e-05, 0.9026, 1.7864e-07, 7.1292e-05, 0.19078, 0.93404, 0.39813, 0.53823, 0.28956, -0.49781, -0.58085, 0.3028, -0.012796, 1.3964, -0.034259, 0.012249, -0.51507, 0.44585, 0.036537, 1.6564, 1.1109, 1.8595, 1.0253, 0.80771, 4.8401, 4.6985, 0.85786, 0.015518, 9.3492, 1.7971, 0.037486, 6.0142, 3.0826, 0.080887, 0.19849, 0.0028897, 0.19734, 0.021917, 0.024808, 2.6329, 2.5754, 0.028468, 7.4081e-05, 5.8442, 0.3099, 5.8855e-05, 3.9392, 0.64242, 0.00018175
123, 2.25, 0.30301, 0.08051, 0.07844, 1.5132, 0.67066, 1.7941, 0.95075, 0.72053, 0.30215, 0.19775, 0.22269, 1.4562, 0.96655, 0.0099, 5.792, 0.0208, 0.00526, 5.621, 0.32028, 0.04191, 0.85316, 0.97795, 1.4377, 0.34464, 0.40047, 2.6922, 2.1483, 0.83984, 0.012084, 6.7805, 0.66991, 0.0048937, 3.8657, 0.58515, 0.045412, 0.70957, 0.9553, 1.1572, 0.23643, 0.25978, 1.686, 1.0023, 0.71537, 0.0060005, 4.9711, 0.2292, -0.0016779, 2.3427, 0.58446, 0.03478, 0.99674, 1.0006, 1.7182, 0.45285, 0.54115, 3.6983, 3.2943, 0.96432, 0.018168, 8.5899, 1.1106, 0.011465, 5.3887, 0.58585, 0.056044, 0.0076204, 0.00018961, 0.029078, 0.004328, 0.0073154, 0.3742, 0.48544, 0.0057272, 1.3681e-05, 1.21, 0.071787, 1.5962e-05, 0.85734, 1.7864e-07, 4.178e-05, 0.12388, 0.89064, 0.72778, 0.10594, 0.1695, 0.068868, -0.32016, 0.57278, -0.0016185, 2.8548, -0.20011, -0.0059735, 0.6199, -0.73322, 0.025117, 1.5824, 1.0653, 2.1477, 0.58334, 0.63143, 5.3155, 4.6168, 1.1069, 0.025787, 10.706, 1.5399, 0.015761, 7.1115, 1.9035, 0.065707, 0.19658, 0.0028173, 0.18629, 0.021059, 0.019717, 2.5435, 2.2522, 0.026363, 6.9402e-05, 5.6963, 0.27977, 4.3649e-05, 3.894, 0.64242, 0.00015224
124, 3.8279, 0.35472, 0.05462, 0.23244, 2.3056, 0.7296, 0.67293, 1.0977, 0.69351, 0.47225, 0.42841, 1.6964, 0.74409, 0.6449, 3e-05, 4.0468, 1.9794, 0.00481, 2.0599, 0.74043, 0.03786, 1.1547, 1.0113, 1.2022, 0.50583, 0.55317, 2.3206, 1.618, 0.7795, 0.0065078, 4.4548, 0.89749, 0.0097313, 4.7363, 1.2215, 0.046948, 1.0011, 0.98541, 0.84761, 0.39059, 0.30861, 1.1758, 0.23481, 0.62505, -0.00029412, 2.1087, 0.34759, -0.0034713, 2.6546, 1.2208, 0.033785, 1.3082, 1.0372, 1.5568, 0.62107, 0.79772, 3.4654, 3.0011, 0.93395, 0.01331, 6.801, 1.4474, 0.022934, 6.8181, 1.2222, 0.060111, 0.0087136, 0.00024815, 0.046477, 0.0049086, 0.022105, 0.48444, 0.70711, 0.008817, 1.7101e-05, 2.0345, 0.11176, 6.4426e-05, 1.6018, 1.7864e-07, 6.4043e-05, 0.42336, 0.92311, 0.45985, 0.26386, 0.24762, -0.35894, -0.96913, 0.49722, -0.0075287, 0.25461, -0.032614, -0.0060553, 1.1938, -0.096882, 0.02522, 1.886, 1.0995, 1.9446, 0.74779, 0.85872, 5.0001, 4.2051, 1.0618, 0.020544, 8.6551, 1.8276, 0.025518, 8.2789, 2.5399, 0.068676, 0.19767, 0.0028759, 0.20369, 0.02164, 0.034507, 2.6538, 2.4738, 0.029452, 7.2822e-05, 6.5207, 0.31975, 9.2114e-05, 4.6385, 0.64242, 0.0001745
125, 4, 0.44611, 0.06497, 0.07227, 0.82812, 0.53178, 1.4487, 1.0955, 0.71607, 0.40972, 0.62801, 0.91995, 0.44166, 0.70632, 0.00016, 5.3266, 0.89327, 0.02218, 7.3772, 0.48554, 0.05473, 1.2799, 1.0295, 1.3268, 0.29531, 0.53607, 1.2515, 1.6836, 0.8016, 0.0066666, 6.9782, 0.60647, 0.0041146, 6.0115, 0.43862, 0.059675, 1.1314, 0.99865, 0.96615, 0.19375, 0.28827, 0.10138, 0.32128, 0.65523, -0.00037679, 4.534, 0.038538, -0.008979, 3.8454, 0.43793, 0.045821, 1.4284, 1.0603, 1.6874, 0.39687, 0.78388, 2.4017, 3.046, 0.94797, 0.01371, 9.4224, 1.1744, 0.017208, 8.1775, 0.43932, 0.07353, 0.008152, 0.00035137, 0.048067, 0.0038123, 0.022696, 0.48893, 0.686, 0.0079185, 1.8336e-05, 2.2081, 0.11922, 6.3367e-05, 1.7342, 1.7864e-07, 7.0943e-05, 0.5496, 0.9397, 0.58152, 0.059553, 0.22792, -1.4303, -0.89241, 0.52365, -0.0074885, 2.7224, -0.33441, -0.011581, 2.4187, -0.87975, 0.037522, 2.0101, 1.1193, 2.072, 0.53107, 0.84423, 3.9333, 4.2597, 1.0795, 0.020822, 11.234, 1.5473, 0.01981, 9.6042, 1.757, 0.081829, 0.19711, 0.0029791, 0.20528, 0.020544, 0.035098, 2.6583, 2.4527, 0.028554, 7.4058e-05, 6.6943, 0.3272, 9.1054e-05, 4.7708, 0.64242, 0.0001814
126, 4, 0.29084, 0.13792, 0.19995, 1.1111, 0.3202, 0.76228, 1.0008, 1.8738, 0.46773, 0.68187, 1.5374, 0.92981, 0.90979, 0.00016, 2.1547, 0.93272, 0.00149, 3.0302, 0.68581, 0.05544, 1.1532, 0.9846, 1.4442, 0.46331, 0.52166, 1.3178, 0.90521, 0.85053, 0.0024993, 5.1528, 0.8653, 0.0057942, 5.0755, 0.74714, 0.052451, 1.0128, 0.96302, 1.1924, 0.38957, 0.42566, 0.42995, -0.018692, 0.74918, -0.0024139, 3.703, 0.52795, 0.0012821, 3.8184, 0.74645, 0.044489, 1.2936, 1.0062, 1.6961, 0.53704, 0.61766, 2.2056, 1.8291, 0.95187, 0.0074125, 6.6026, 1.2027, 0.010306, 6.3327, 0.74784, 0.060414, 0.0072869, 0.00017205, 0.023443, 0.0020097, 0.0034066, 0.29134, 0.3155, 0.0037964, 8.9222e-06, 0.77692, 0.042064, 7.525e-06, 0.58414, 1.7864e-07, 2.3433e-05, 0.42456, 0.89756, 0.74512, 0.23813, 0.31485, -1.2624, -1.4683, 0.59342, -0.010726, 1.3792, 0.0428, -0.0039663, 1.9456, -0.57123, 0.033418, 1.8819, 1.0716, 2.1434, 0.68848, 0.72847, 3.898, 3.2787, 1.1076, 0.015724, 8.9263, 1.6878, 0.015555, 8.2054, 2.0655, 0.071484, 0.19624, 0.0027998, 0.18066, 0.018741, 0.015808, 2.4607, 2.0822, 0.024432, 6.4644e-05, 5.2631, 0.25005, 3.5212e-05, 3.6208, 0.64242, 0.00013389
127, 6.0393, 0.11432, 0.0632, 0.45002, 1.3864, 0.32467, 1.7004, 1.0193, 1.1423, 0.94583, 0.25611, 1.3654, 0.36406, 0.79702, 0.00041, 9.4, 1.971, 0.01449, 4.4592, 4.2956, 0.05111, 1.3233, 1.0288, 1.1845, 0.59588, 0.39973, 1.7103, 1.0572, 0.58123, 0.0048655, 4.0504, 0.79321, 0.015138, 3.2071, 2.0946, 0.063798, 1.1462, 1.0057, 0.84224, 0.48262, 0.15919, 0.56585, -0.35639, 0.44326, -0.0020045, 1.7374, 0.24395, 0.002641, 1.1205, 2.0939, 0.050223, 1.5004, 1.0519, 1.5268, 0.70914, 0.64027, 2.8548, 2.4707, 0.71919, 0.011735, 6.3634, 1.3425, 0.027635, 5.2937, 2.0953, 0.077374, 0.011594, 0.00019725, 0.043304, 0.0047412, 0.021386, 0.48413, 0.73853, 0.0070355, 1.7444e-05, 1.9774, 0.1115, 5.7725e-05, 1.6092, 1.7864e-07, 6.8116e-05, 0.58665, 0.94135, 0.44797, 0.35485, 0.097381, -0.96905, -1.5463, 0.30761, -0.0092041, -0.1314, -0.13652, -6.3429e-05, -0.33824, 0.77621, 0.041818, 2.0599, 1.1162, 1.9211, 0.83691, 0.70208, 4.3897, 3.6606, 0.85484, 0.018935, 8.2322, 1.7229, 0.03034, 6.7525, 3.4129, 0.085779, 0.20055, 0.002825, 0.20052, 0.021472, 0.033788, 2.6535, 2.5053, 0.027671, 7.3166e-05, 6.4636, 0.31949, 8.5412e-05, 4.6458, 0.64242, 0.00017857
128, 6.5574, 0.10993, 0.11064, 0.37139, 1.1799, 0.1906, 0.51055, 1.0441, 1.8096, 0.61252, 0.27059, 1.6937, 1.3049, 0.60625, 2e-05, 5.3413, 1.0398, 0.01325, 1.4627, 3.3013, 0.07146, 1.0645, 1.0297, 1.0103, 0.70313, 0.49239, 1.6616, 1.5514, 0.7428, 0.0027794, 4.7072, 0.87278, 0.016538, 3.2915, 1.815, 0.057557, 0.9138, 1.0063, 0.68967, 0.58342, 0.28784, 0.54563, 0.14197, 0.59815, -0.0040699, 2.906, 0.32135, 0.0063664, 1.806, 1.8143, 0.044143, 1.2153, 1.0531, 1.331, 0.82285, 0.69693, 2.7775, 2.9609, 0.88744, 0.0096287, 6.5084, 1.4242, 0.026709, 4.7769, 1.8157, 0.070971, 0.0083973, 0.00020224, 0.038001, 0.005297, 0.015464, 0.46027, 0.73426, 0.0077333, 1.734e-05, 1.1991, 0.11239, 3.8239e-05, 0.81555, 1.7864e-07, 6.6507e-05, 0.33382, 0.94216, 0.28356, 0.45901, 0.21781, -1.0058, -1.0498, 0.46575, -0.01128, 0.78518, -0.058232, 0.0031824, 0.063112, 0.49667, 0.035676, 1.7952, 1.1172, 1.7371, 0.94726, 0.76696, 4.3289, 4.1527, 1.0198, 0.016839, 8.6292, 1.8038, 0.029893, 6.5198, 3.1334, 0.079438, 0.19735, 0.00283, 0.19522, 0.022028, 0.027865, 2.6296, 2.501, 0.028369, 7.3061e-05, 5.6854, 0.32037, 6.5926e-05, 3.8522, 0.64242, 0.00017697
129, 3, 0.19839, 0.09253, 0.29999, 1.25, 0.46631, 1.3285, 0.90987, 0.97288, 0.68117, 0.54435, 0.80528, 1.867, 0.91153, 0.01063, 1.5156, 0.45711, 0.00335, 8.7289, 0.69476, 0.03565, 0.98642, 0.99365, 1.235, 0.60508, 0.44284, 1.4311, 1.0466, 0.7707, 0.0059412, 2.0381, 1.1197, 0.0059654, 4.8657, 1.1783, 0.045425, 0.86113, 0.97171, 0.97327, 0.51142, 0.314, 0.44355, -0.10309, 0.64708, -8.5929e-05, 0.34811, 0.68515, -0.00035174, 3.4031, 1.1776, 0.034923, 1.1117, 1.0156, 1.4968, 0.69874, 0.57167, 2.4186, 2.1963, 0.89431, 0.011968, 3.728, 1.5543, 0.012283, 6.3282, 1.179, 0.055927, 0.0058018, 0.00017793, 0.025326, 0.0032423, 0.0061347, 0.36043, 0.48856, 0.0056481, 1.3427e-05, 1.0556, 0.069802, 1.475e-05, 0.79061, 1.7864e-07, 4.0766e-05, 0.26052, 0.90652, 0.53227, 0.37261, 0.21889, -1.1851, -1.4236, 0.50403, -0.0077367, -1.8341, 0.2528, -0.0047498, 1.6478, -0.14009, 0.025198, 1.7123, 1.0808, 1.9378, 0.83754, 0.66678, 4.0472, 3.5168, 1.0374, 0.019619, 5.9102, 1.9866, 0.016681, 8.0836, 2.4967, 0.065653, 0.19476, 0.0028056, 0.18254, 0.019974, 0.018536, 2.5298, 2.2553, 0.026284, 6.9148e-05, 5.5418, 0.27778, 4.2437e-05, 3.8272, 0.64242, 0.00015122
130, 2.5, 0.1772, 0.06191, 0.62894, 0.97222, 0.71036, 1.4091, 1.0025, 0.86134, 0.61691, 0.12588, 1.074, 1.2008, 0.61036, 0.00308, 3.549, 0.76437, 0.01066, 1.4463, 1.797, 0.05289, 1.2782, 0.98062, 1.1426, 0.65374, 0.21735, 2.3192, 1.0868, 0.51841, 0.0081437, 1.0499, 0.76141, 0.0056119, 2.2761, 2.0265, 0.055791, 1.118, 0.95357, 0.81095, 0.51473, 0.0015958, 1.2855, -0.39348, 0.38464, 0.0010714, -1.4261, 0.27008, -0.0040416, 0.37575, 2.0258, 0.041741, 1.4385, 1.0077, 1.4743, 0.79274, 0.4331, 3.3529, 2.567, 0.65218, 0.015216, 3.5259, 1.2527, 0.015265, 4.1764, 2.0272, 0.069842, 0.0094894, 0.00027055, 0.040663, 0.0071419, 0.017205, 0.39496, 0.80987, 0.0066137, 1.8487e-05, 2.2659, 0.089225, 3.4444e-05, 1.3348, 1.7864e-07, 7.2968e-05, 0.54551, 0.89207, 0.41095, 0.39959, -0.065674, -0.31477, -1.5535, 0.24689, -0.0060258, -3.2242, -0.13531, -0.0073534, -1.163, 0.70812, 0.033514, 2.011, 1.0692, 1.8743, 0.90788, 0.50037, 4.9532, 3.7271, 0.78993, 0.022313, 5.3241, 1.6581, 0.018577, 5.7151, 3.3449, 0.078068, 0.19844, 0.0028983, 0.19788, 0.023873, 0.029607, 2.5643, 2.5766, 0.027249, 7.4208e-05, 6.7522, 0.29721, 6.2131e-05, 4.3714, 0.64242, 0.00018343
131, 4.56, 0.08105, 0.02882, 0.2, 3.125, 0.47855, 0.49934, 1.0633, 1.2089, 0.51208, 0.61336, 3.274, 0.87046, 0.80291, 0.00028, 3.3333, 1.6087, 0.04241, 1.5459, 3.577, 0.05423, 1.0237, 1.0505, 1.2731, 0.58913, 0.55448, 2.2969, 1.7841, 0.79406, 0.0067313, 2.7946, 0.92102, 0.017122, 5.0041, 1.7493, 0.053011, 0.87864, 1.024, 0.96426, 0.47286, 0.30464, 1.1818, 0.30017, 0.64604, -0.0002513, 0.72588, 0.35208, 0.0051775, 3.0797, 1.7486, 0.038904, 1.1688, 1.077, 1.582, 0.7054, 0.80433, 3.412, 3.2681, 0.94208, 0.013714, 4.8633, 1.4899, 0.029067, 6.9285, 1.75, 0.067118, 0.0077774, 0.00026005, 0.035265, 0.0049968, 0.023072, 0.45961, 0.81394, 0.0080983, 1.8021e-05, 1.5818, 0.11964, 5.2735e-05, 1.3688, 1.7864e-07, 7.3559e-05, 0.29413, 0.96209, 0.55151, 0.34667, 0.24469, -0.37006, -0.85823, 0.51524, -0.0073936, -1.2572, -0.020465, 0.0023715, 1.5517, 0.43092, 0.030698, 1.7533, 1.1389, 1.9948, 0.83159, 0.86428, 4.9639, 4.4265, 1.0729, 0.020856, 6.8464, 1.8625, 0.031873, 8.4565, 3.0677, 0.075324, 0.19673, 0.0028878, 0.19248, 0.021728, 0.035474, 2.629, 2.5807, 0.028734, 7.3742e-05, 6.068, 0.32762, 8.0422e-05, 4.4054, 0.64242, 0.00018402
132, 4.7, 0.26135, 0.06701, 0.42785, 2.6667, 0.48527, 1.3974, 1.0483, 1.6911, 0.35465, 0.12328, 0.01801, 0.78515, 0.68615, 0.00782, 4.7938, 0.07053, 0.01432, 1.646, 2.1993, 0.07582, 1.3494, 1.0059, 1.4926, 0.45732, 0.54149, 1.831, 0.99056, 0.68739, 0.0050244, 3.9514, 0.87061, 0.010126, 3.1107, 1.7927, 0.056835, 1.2054, 0.97808, 1.1372, 0.34084, 0.2937, 0.7238, -0.4964, 0.53674, -0.0020388, 1.5024, 0.30264, -0.0030324, 0.9621, 1.792, 0.042732, 1.4934, 1.0338, 1.8481, 0.5738, 0.78927, 2.9381, 2.4775, 0.83805, 0.012088, 6.4004, 1.4386, 0.023284, 5.2593, 1.7934, 0.070938, 0.0076621, 0.00028689, 0.046701, 0.0050149, 0.022694, 0.45307, 0.81723, 0.0083891, 1.844e-05, 2.2168, 0.11923, 6.3995e-05, 1.7063, 1.7864e-07, 7.3516e-05, 0.62003, 0.91714, 0.74986, 0.21476, 0.23334, -0.8327, -1.6535, 0.40716, -0.0091406, -0.30711, -0.070292, -0.0056237, -0.4715, 0.47432, 0.034525, 2.0787, 1.0947, 2.2354, 0.69988, 0.84963, 4.4946, 3.6346, 0.96762, 0.019189, 8.21, 1.8115, 0.025875, 6.6929, 3.1111, 0.079145, 0.19662, 0.0029146, 0.20392, 0.021746, 0.035095, 2.6224, 2.584, 0.029025, 7.4161e-05, 6.703, 0.32721, 9.1682e-05, 4.743, 0.64242, 0.00018397
133, 4.56, 0.32421, 0.04323, 0.3, 2.0833, 0.78689, 0.88302, 0.99911, 0.71558, 0.44657, 0.70225, 1.5564, 0.57684, 0.6773, 0.00397, 3.429, 1.5652, 0.00234, 6.369, 0.77082, 0.05335, 1.0409, 1.0108, 1.1065, 0.48043, 0.66351, 1.9621, 1.2496, 0.75943, 0.010549, 2.9732, 1.2066, 0.0098737, 4.9371, 1.5709, 0.049002, 0.8972, 0.98634, 0.83583, 0.3848, 0.53719, 1.0573, 0.059469, 0.64748, 0.0045658, 1.0429, 0.82552, 0.0037822, 3.3763, 1.5702, 0.038325, 1.1846, 1.0352, 1.3773, 0.57606, 0.78982, 2.8668, 2.4397, 0.87138, 0.016532, 4.9036, 1.5877, 0.015965, 6.4979, 1.5716, 0.059678, 0.0076342, 0.00022071, 0.027089, 0.0033803, 0.0058973, 0.30254, 0.52352, 0.0046324, 1.323e-05, 1.3773, 0.053684, 1.3715e-05, 0.90038, 1.7864e-07, 4.2131e-05, 0.31161, 0.92299, 0.4004, 0.24716, 0.441, -0.62402, -1.2397, 0.49796, -0.0031097, -1.0097, 0.36523, -0.00071002, 1.6734, 0.25255, 0.028684, 1.7702, 1.0986, 1.8127, 0.71369, 0.88601, 4.5481, 3.7389, 1.0209, 0.024207, 6.9562, 2.048, 0.020457, 8.2008, 2.8893, 0.06932, 0.19659, 0.0028484, 0.1843, 0.020112, 0.018299, 2.4719, 2.2902, 0.025268, 6.8952e-05, 5.8635, 0.26167, 4.1402e-05, 3.937, 0.64242, 0.00015259
134, 3, 0.21736, 0.06894, 0.10552, 1.5151, 0.47661, 0.74171, 0.94301, 1.3895, 0.55727, 0.71059, 0.38427, 0.76941, 0.96923, 0.00379, 0.66814, 1.0175, 0.00081, 5.0321, 0.81487, 0.04569, 0.88617, 1.0035, 1.1954, 0.42844, 0.44472, 2.2998, 1.7138, 0.72204, 0.0043631, 5.3336, 1.0985, 0.0041741, 5.5222, 0.81302, 0.052289, 0.76803, 0.98214, 0.97714, 0.36227, 0.36449, 1.5371, 0.87606, 0.63551, -0.00038747, 4.1215, 0.7735, -0.00022614, 4.4488, 0.81233, 0.045222, 1.0043, 1.0248, 1.4136, 0.49461, 0.52495, 3.0625, 2.5516, 0.80858, 0.0091137, 6.5456, 1.4236, 0.0085743, 6.5957, 0.81372, 0.059355, 0.0051581, 0.00016853, 0.017603, 0.0016183, 0.0023792, 0.21502, 0.2594, 0.0027678, 8.3414e-06, 0.54298, 0.039047, 7.1563e-06, 0.42593, 1.7864e-07, 1.8458e-05, 0.16147, 0.91652, 0.50764, 0.20563, 0.24474, -0.24008, -0.62751, 0.47041, -0.0088022, 1.6448, 0.281, -0.0055353, 2.4615, -0.50535, 0.033613, 1.6109, 1.0905, 1.8831, 0.65125, 0.64469, 4.8397, 4.0551, 0.97367, 0.017528, 9.0223, 1.9161, 0.013883, 8.583, 2.1314, 0.070965, 0.19411, 0.0027962, 0.17482, 0.01835, 0.014781, 2.3844, 2.0261, 0.023403, 6.4063e-05, 5.0292, 0.24703, 3.4844e-05, 3.4626, 0.64242, 0.00012892
135, 1.5, 0.08881, 0.13334, 0.14145, 0.93633, 0.2675, 0.30551, 1.0602, 1.9406, 0.41516, 0.16556, 2.2003, 0.82535, 0.8099, 0.00011, 8.6459, 1.8966, 0.0011, 1.381, 0.93641, 0.05191, 0.79338, 1.0075, 1.1821, 0.43906, 0.31983, 1.3249, 1.2058, 0.76211, 0.0053186, 4.1658, 0.92128, 0.0042221, 3.7954, 0.58029, 0.043134, 0.60746, 0.97783, 0.82333, 0.3184, 0.085052, 0.17754, -0.28078, 0.60661, -0.0017308, 1.5927, 0.35564, -0.0090453, 1.633, 0.57959, 0.029111, 0.9793, 1.0371, 1.5409, 0.55973, 0.55461, 2.4723, 2.6923, 0.91762, 0.012368, 6.7389, 1.4869, 0.017489, 5.9579, 0.58098, 0.057156, 0.012776, 0.00032429, 0.047583, 0.0053818, 0.020373, 0.4866, 0.81676, 0.0089378, 1.8367e-05, 2.4472, 0.11825, 6.5061e-05, 1.7283, 1.7864e-07, 7.2675e-05, 0.054599, 0.91808, 0.43776, 0.19447, 0.022049, -1.3557, -1.4381, 0.47925, -0.0088395, -0.16533, -0.018214, -0.011619, 0.20494, -0.73808, 0.020874, 1.5322, 1.0968, 1.9265, 0.68366, 0.61761, 4.0056, 3.8496, 1.045, 0.019477, 8.4969, 1.8608, 0.020063, 7.386, 1.8987, 0.065393, 0.20173, 0.002952, 0.2048, 0.022113, 0.032775, 2.6559, 2.5835, 0.029573, 7.4089e-05, 6.9334, 0.32624, 9.2748e-05, 4.7649, 0.64242, 0.00018313
136, 3.9167, 0.14201, 0.10898, 0.20001, 1.3229, 0.28418, 0.91609, 1.075, 1.2074, 0.2563, 0.04975, 1.2689, 1.0536, 0.56052, 0.00071, 9.9705, 1.8945, 0.00856, 1.5215, 1.7961, 0.07913, 1.0824, 1.0028, 1.3084, 0.52177, 0.38484, 1.4287, 1.0721, 0.74844, 0.004177, 3.8735, 0.8107, 0.0073679, 4.5911, 1.0698, 0.048665, 0.94143, 0.98116, 0.9639, 0.43866, 0.1657, 0.31925, -0.27681, 0.60156, -0.0028038, 1.5928, 0.25765, -0.0050588, 2.6213, 1.0691, 0.035313, 1.2233, 1.0245, 1.6529, 0.60488, 0.60398, 2.5381, 2.4209, 0.89533, 0.011158, 6.1543, 1.3637, 0.019795, 6.561, 1.0704, 0.062017, 0.0073438, 0.00017326, 0.043866, 0.002553, 0.01775, 0.45491, 0.6725, 0.0079745, 1.8012e-05, 1.9226, 0.11305, 5.7077e-05, 1.4342, 1.7864e-07, 6.5892e-05, 0.35362, 0.91576, 0.57081, 0.29335, 0.099224, -1.2359, -1.4969, 0.47022, -0.009947, -0.29051, -0.12127, -0.0077758, 1.1132, -0.24862, 0.026822, 1.8111, 1.0899, 2.046, 0.75019, 0.67045, 4.0933, 3.641, 1.0267, 0.018301, 8.0376, 1.7427, 0.022512, 8.0691, 2.3881, 0.070508, 0.1963, 0.002801, 0.20108, 0.019284, 0.030151, 2.6243, 2.4392, 0.02861, 7.3734e-05, 6.4088, 0.32103, 8.4764e-05, 4.4708, 0.64242, 0.00017635
137, 4.56, 0.08105, 0.04323, 0.3, 2.0833, 0.43786, 0.51249, 1.0954, 1.2942, 0.51115, 0.63118, 2.4692, 0.86357, 0.75153, 0.00029, 3.0187, 1.2588, 0.01808, 5.6359, 2.9373, 0.05629, 1.086, 1.0434, 1.2061, 0.66907, 0.72871, 1.7566, 1.1707, 0.76548, 0.005092, 3.5539, 0.73337, 0.032096, 6.1975, 1.7997, 0.066819, 0.9497, 1.0197, 0.93063, 0.57413, 0.59617, 0.83433, 0.0033876, 0.64365, -0.00095779, 1.747, 0.30685, 0.025329, 4.699, 1.7991, 0.056161, 1.2223, 1.0672, 1.4817, 0.764, 0.86125, 2.6789, 2.3379, 0.88731, 0.011142, 5.3607, 1.1599, 0.038864, 7.696, 1.8004, 0.077476, 0.0068681, 0.0002082, 0.028057, 0.0033313, 0.0064931, 0.31441, 0.5036, 0.0054862, 1.3528e-05, 1.2067, 0.067241, 1.693e-05, 0.82994, 1.7864e-07, 4.1983e-05, 0.35813, 0.95584, 0.49815, 0.43609, 0.50261, -0.83564, -1.3077, 0.49963, -0.0085958, -0.37073, -0.12955, 0.021109, 2.9631, 0.48137, 0.04651, 1.8139, 1.131, 1.9141, 0.90205, 0.95481, 4.3489, 3.6491, 1.0313, 0.01878, 7.4785, 1.5963, 0.043083, 9.4319, 3.1181, 0.087127, 0.19582, 0.0028359, 0.18527, 0.020063, 0.018895, 2.4838, 2.2703, 0.026122, 6.9249e-05, 5.6929, 0.27522, 4.4617e-05, 3.8666, 0.64242, 0.00015244
138, 3.6004, 0, 0, 0.11998, 1.25, 0.59586, 0.21088, 1.07, 1.04, 0.56964, 0.74961, 0.08816, 0.39666, 0.98202, 0.00025, 1.2741, 0.24701, 0.00499, 5.9445, 1.3836, 0.06743, 0.77877, 1.0406, 0.92815, 0.57195, 0.41895, 2.5569, 1.682, 0.69394, 0.0092964, 2.0458, 0.65356, 0.014125, 5.0706, 1.5327, 0.053549, 0.60336, 1.002, 0.56243, 0.46457, 0.1692, 1.3879, 0.1876, 0.53846, 0.0022229, -0.55797, 0.084472, 0.00077112, 2.8596, 1.532, 0.039434, 0.95418, 1.0791, 1.2939, 0.67933, 0.6687, 3.7259, 3.1763, 0.84941, 0.01637, 4.6496, 1.2227, 0.02748, 7.2816, 1.5334, 0.067665, 0.011372, 0.00054934, 0.049436, 0.0042616, 0.023054, 0.50509, 0.82539, 0.0089347, 1.8493e-05, 2.5058, 0.1197, 6.5915e-05, 1.8069, 1.7864e-07, 7.3645e-05, 0.042569, 0.94785, 0.18042, 0.33363, 0.10923, -0.13303, -0.96626, 0.41109, -0.0048737, -2.3036, -0.28802, -0.0017883, 1.4506, 0.21436, 0.031231, 1.515, 1.1333, 1.6759, 0.81027, 0.72867, 5.2469, 4.3302, 0.97678, 0.023466, 6.3952, 1.5951, 0.030039, 8.6906, 2.8511, 0.075868, 0.20033, 0.003177, 0.20665, 0.020993, 0.035455, 2.6744, 2.5921, 0.02957, 7.4215e-05, 6.9921, 0.32769, 9.3602e-05, 4.8435, 0.64242, 0.0001841
139, 4.7, 0.41303, 0.17869, 0.4617, 1.3333, 0.31366, 1.5232, 1.0995, 1.5454, 0.51078, 0.57717, 1.1224, 0.74663, 0.87513, 0.00392, 8.8641, 0.85558, 0.00397, 2.8428, 0.97708, 0.07179, 1.3188, 1.0109, 1.3814, 0.54032, 0.6347, 1.3635, 0.83883, 0.79908, 0.0015285, 7.9132, 0.89336, 0.0041333, 2.9745, 1.112, 0.05793, 1.1595, 0.98035, 1.0464, 0.43943, 0.45455, 0.31825, -0.38144, 0.67488, -0.0049462, 5.8905, 0.39615, -0.0057378, 1.2502, 1.1113, 0.045845, 1.4782, 1.0414, 1.7163, 0.64121, 0.81486, 2.4088, 2.0591, 0.92329, 0.0080033, 9.9359, 1.3906, 0.014004, 4.6988, 1.1127, 0.070015, 0.0093842, 0.00034387, 0.041477, 0.0037622, 0.011996, 0.40384, 0.55037, 0.005702, 1.5495e-05, 1.5122, 0.091376, 3.6015e-05, 1.099, 1.7864e-07, 5.3981e-05, 0.58629, 0.92119, 0.64816, 0.30485, 0.37778, -1.275, -1.665, 0.53214, -0.012352, 3.8846, -0.0065951, -0.0089948, -0.37051, -0.20635, 0.036837, 2.0514, 1.1005, 2.1145, 0.77579, 0.89162, 4.0021, 3.3426, 1.066, 0.015409, 11.942, 1.7933, 0.017262, 6.3195, 2.4304, 0.079023, 0.19834, 0.0029716, 0.19869, 0.020493, 0.024398, 2.5732, 2.3171, 0.026337, 7.1217e-05, 5.9985, 0.29936, 6.3702e-05, 4.1356, 0.64242, 0.00016444
140, 2.25, 0.30385, 0.0606, 0.15791, 2.0159, 0.83622, 0.54272, 0.90669, 1.9097, 0.26153, 0.24624, 4.0173, 7.6441, 0.68062, 0.01032, 1.7016, 0.22126, 0.00152, 2.5061, 1.0259, 0.02441, 0.88408, 0.98874, 1.2594, 0.4508, 0.38806, 3.8567, 2.7691, 0.8096, 0.0069515, 4.5659, 0.68677, 0.0045386, 4.3351, 0.94949, 0.043875, 0.74066, 0.96517, 0.97382, 0.34238, 0.24326, 2.8876, 1.583, 0.69026, 0.00086719, 2.6853, 0.24563, -0.0024451, 2.8299, 0.94879, 0.033184, 1.0275, 1.0123, 1.545, 0.55922, 0.53285, 4.8259, 3.9552, 0.92893, 0.013036, 6.4465, 1.1279, 0.011522, 5.8404, 0.95018, 0.054566, 0.0076027, 0.00020549, 0.030147, 0.0043449, 0.0077486, 0.34716, 0.51997, 0.0052636, 1.3683e-05, 1.3072, 0.071928, 1.8027e-05, 0.83747, 1.7864e-07, 4.2244e-05, 0.15484, 0.90119, 0.54743, 0.21201, 0.15457, 1.2474, 0.2818, 0.54489, -0.0067516, 0.60685, -0.18347, -0.0065826, 1.0976, -0.36888, 0.023549, 1.6133, 1.0763, 1.9714, 0.68959, 0.62154, 6.466, 5.2564, 1.0743, 0.020655, 8.525, 1.557, 0.01566, 7.5727, 2.2679, 0.064201, 0.19656, 0.0028332, 0.18736, 0.021076, 0.02015, 2.5165, 2.2867, 0.025899, 6.9404e-05, 5.7934, 0.27991, 4.5714e-05, 3.8741, 0.64242, 0.0001527
141, 3.75, 0.72522, 0.11557, 0.35142, 0.99099, 0.57282, 1.1724, 0.92333, 1.9126, 0.24361, 0.58794, 1.2371, 0.43781, 0.46108, 0.0002, 7.1984, 1.7411, 0.00223, 6.7136, 0.38182, 0.06873, 1.721, 0.98132, 1.7672, 0.26014, 0.58475, 0.75554, 0.46397, 0.79058, 0.0047061, 8.1806, 0.72446, 0.0012469, 4.3703, 0.40438, 0.058699, 1.5519, 0.9474, 1.4396, 0.13875, 0.38736, -0.3051, -1.0133, 0.66185, -0.0023609, 5.6896, 0.26285, -0.0065468, 2.3228, 0.40368, 0.044747, 1.8902, 1.0152, 2.0948, 0.38153, 0.78214, 1.8162, 1.9412, 0.91931, 0.011773, 10.672, 1.1861, 0.0090405, 6.4178, 0.40507, 0.072651, 0.010576, 0.0004252, 0.039671, 0.0054464, 0.014401, 0.4158, 0.8066, 0.0061251, 1.8459e-05, 2.2935, 0.078756, 2.245e-05, 1.5495, 1.7864e-07, 7.1946e-05, 0.98628, 0.89044, 1.0373, 0.015186, 0.31547, -1.8891, -2.1746, 0.5215, -0.0094607, 3.8977, -0.15633, -0.0104, 0.84781, -0.91399, 0.036484, 2.4558, 1.0722, 2.497, 0.50509, 0.85404, 3.4002, 3.1026, 1.0597, 0.018873, 12.463, 1.6052, 0.012894, 7.8928, 1.7228, 0.080914, 0.19953, 0.0030529, 0.19689, 0.022178, 0.026802, 2.5851, 2.5733, 0.02676, 7.4181e-05, 6.7797, 0.28674, 5.0138e-05, 4.5861, 0.64242, 0.00018241
142, 2, 0.09264, 0.04073, 0.34991, 2, 0.79893, 0.56615, 1.098, 1.1462, 0.2966, 0.42366, 0.74537, 2.0915, 0.90745, 0.01102, 3.9385, 1.9587, 0.02522, 1.3313, 1.0788, 0.06602, 0.85951, 1.0321, 1.0756, 0.60461, 0.38906, 3.0074, 1.6713, 0.66808, 0.0082742, 1.0206, 0.77775, 0.01132, 2.7643, 1.7266, 0.046098, 0.70799, 1.0038, 0.73536, 0.47955, 0.15145, 1.8854, 0.22357, 0.51774, 0.001251, -1.2037, 0.20906, -0.0016826, 0.91065, 1.7259, 0.032216, 1.011, 1.0603, 1.4159, 0.72967, 0.62668, 4.1294, 3.1191, 0.81841, 0.015297, 3.2449, 1.3464, 0.024323, 4.6179, 1.7273, 0.05998, 0.0084861, 0.00029484, 0.042791, 0.0057804, 0.020869, 0.46528, 0.7747, 0.0083532, 1.8231e-05, 1.8287, 0.11953, 6.2491e-05, 1.2699, 1.7864e-07, 7.1226e-05, 0.12863, 0.94314, 0.34, 0.35782, 0.089039, 0.33757, -0.95088, 0.38802, -0.0058708, -3.1128, -0.16358, -0.0042997, -0.64919, 0.40827, 0.023927, 1.5904, 1.121, 1.8112, 0.8514, 0.68909, 5.6773, 4.2935, 0.94813, 0.022419, 5.154, 1.7191, 0.02694, 6.1777, 3.045, 0.068269, 0.19744, 0.0029226, 0.20001, 0.022512, 0.03327, 2.6346, 2.5414, 0.028989, 7.3952e-05, 6.3149, 0.32752, 9.0178e-05, 4.3066, 0.64242, 0.00018168
143, 4, 0.16546, 0.09921, 0.38996, 1.5333, 0.36631, 1.047, 0.94381, 1.831, 0.35225, 0.02547, 1.6428, 0.42134, 0.36263, 0.00817, 1.195, 0.26831, 0.00114, 1.0004, 1.732, 0.04851, 1.2808, 0.99393, 1.2974, 0.48819, 0.29822, 1.4498, 1.4975, 0.67155, 0.0047801, 3.5035, 0.92843, 0.010907, 3.1554, 1.5319, 0.051187, 1.1404, 0.97205, 0.9584, 0.38382, 0.088027, 0.3572, 0.07083, 0.54355, -0.0022314, 1.0987, 0.37795, -0.0013602, 1.1914, 1.5313, 0.037443, 1.4211, 1.0158, 1.6365, 0.59256, 0.50842, 2.5423, 2.9242, 0.79954, 0.011792, 5.9083, 1.4789, 0.023174, 5.1193, 1.5326, 0.064932, 0.0072799, 0.00017696, 0.042484, 0.0040262, 0.01633, 0.4412, 0.75232, 0.0060552, 1.8171e-05, 2.1375, 0.112, 5.562e-05, 1.4256, 1.7864e-07, 6.9828e-05, 0.55213, 0.90682, 0.56238, 0.25121, 0.019413, -1.2079, -1.1131, 0.40283, -0.0093591, -0.72981, -0.0020191, -0.0041062, -0.31922, 0.21358, 0.029102, 2.0094, 1.081, 2.0325, 0.72517, 0.57703, 4.1074, 4.1082, 0.94027, 0.018919, 7.7368, 1.8589, 0.02592, 6.63, 2.8503, 0.073273, 0.19624, 0.0028047, 0.1997, 0.020757, 0.028732, 2.6105, 2.5191, 0.026691, 7.3892e-05, 6.6237, 0.31999, 8.3307e-05, 4.4622, 0.64242, 0.00018029
144, 1.9912, 0.26268, 0.05645, 0.15009, 1.0526, 0.66684, 0.29321, 0.99178, 1.5849, 0.62031, 0.81081, 1.4757, 0.091, 0.94676, 0.00034, 9.007, 0.68064, 6e-05, 6.4418, 2.8807, 0.04967, 0.99694, 0.98792, 1.3272, 0.43221, 0.34199, 3.2444, 2.0068, 0.83812, 0.010538, 5.1315, 0.50414, 0.0076925, 4.4663, 0.77039, 0.049745, 0.85164, 0.96326, 1.0072, 0.326, 0.15303, 2.2117, 0.63698, 0.70519, 0.0036145, 3.1798, -0.017161, -0.0030497, 2.7146, 0.7697, 0.036307, 1.1422, 1.0126, 1.6472, 0.53842, 0.53095, 4.2772, 3.3766, 0.97106, 0.017461, 7.0832, 1.0254, 0.018435, 6.218, 0.77109, 0.063183, 0.007803, 0.00022482, 0.037842, 0.0041693, 0.013197, 0.39418, 0.69351, 0.0065313, 1.7715e-05, 1.4079, 0.10044, 4.2651e-05, 1.1341, 1.7864e-07, 6.6746e-05, 0.26732, 0.90007, 0.60073, 0.19441, 0.078815, 0.61087, -0.57321, 0.56701, -0.003558, 1.1381, -0.40935, -0.0061025, 1.1071, -0.54798, 0.027849, 1.7266, 1.0758, 2.0536, 0.67001, 0.60516, 5.878, 4.5867, 1.1092, 0.024633, 9.1248, 1.4176, 0.021488, 7.8255, 2.0888, 0.071641, 0.19676, 0.0028525, 0.19506, 0.020901, 0.025599, 2.5635, 2.4602, 0.027167, 7.3437e-05, 5.8941, 0.30842, 7.0339e-05, 4.1708, 0.64242, 0.0001772
145, 2.9733, 0.30271, 0.12022, 0.10006, 1.1111, 0.41343, 1.7393, 0.97657, 1.4911, 0.40595, 0.57538, 1.2935, 0.75638, 0.81055, 0.0006, 5.4275, 0.57931, 0.00029, 5.6108, 0.41887, 0.03237, 0.84668, 0.97571, 1.1879, 0.39369, 0.42786, 1.4273, 0.94378, 0.79415, 0.0049222, 6.0473, 0.68063, 0.012003, 3.2737, 0.45383, 0.04595, 0.72173, 0.95338, 0.88698, 0.31408, 0.22538, 0.49881, -0.43339, 0.66299, -0.0020099, 4.2169, 0.14263, 0.00070305, 1.5105, 0.45314, 0.032868, 0.97163, 0.99804, 1.4888, 0.4733, 0.63034, 2.3559, 2.321, 0.92532, 0.011854, 7.8777, 1.2186, 0.023303, 5.0369, 0.45453, 0.059031, 0.0057704, 0.00018427, 0.033463, 0.0023425, 0.015153, 0.31866, 0.70101, 0.0063586, 1.7761e-05, 1.2383, 0.10698, 4.7198e-05, 1.1491, 1.7864e-07, 6.3253e-05, 0.12084, 0.88849, 0.46961, 0.16652, 0.15482, -1.1672, -1.6401, 0.52391, -0.0091778, 2.1118, -0.24249, -0.0022306, -0.091528, -0.86454, 0.02427, 1.5725, 1.0629, 1.9061, 0.62086, 0.7009, 4.0218, 3.5277, 1.0644, 0.019022, 9.9828, 1.6037, 0.026237, 6.6389, 1.7722, 0.067629, 0.19473, 0.002812, 0.19068, 0.019074, 0.027555, 2.488, 2.4677, 0.026994, 7.3483e-05, 5.7246, 0.31496, 7.4885e-05, 4.1858, 0.64242, 0.00017371
146, 4, 0.22752, 0.02783, 0.5276, 1.75, 0.66824, 1.4755, 1.0446, 1.0799, 0.35622, 0.10681, 1.5015, 0.23729, 0.29876, 0.01249, 1.4912, 0.39396, 0.01268, 1.6221, 2.9859, 0.0571, 1.4481, 1.0081, 1.3175, 0.54232, 0.35583, 2.2371, 1.0833, 0.54744, 0.0075335, 2.5186, 0.68092, 0.011219, 3.0437, 2.0644, 0.059727, 1.2926, 0.97776, 0.96532, 0.4075, 0.13024, 1.1291, -0.40907, 0.39267, 0.00046581, 0.10234, 0.11313, -0.0020425, 0.95586, 2.0637, 0.045781, 1.6036, 1.0384, 1.6697, 0.67714, 0.58142, 3.345, 2.5756, 0.70221, 0.014601, 4.9349, 1.2487, 0.024481, 5.1316, 2.0651, 0.073672, 0.0089361, 0.00033969, 0.04585, 0.0067182, 0.01881, 0.45372, 0.82316, 0.0088535, 1.8463e-05, 2.158, 0.11916, 6.5006e-05, 1.6112, 1.7864e-07, 7.1878e-05, 0.71641, 0.91848, 0.5763, 0.29044, 0.065235, -0.42689, -1.5638, 0.26498, -0.0066337, -1.7212, -0.25987, -0.0046169, -0.50239, 0.74604, 0.037516, 2.1798, 1.0977, 2.0587, 0.7942, 0.64642, 4.9011, 3.7304, 0.8299, 0.021701, 6.7585, 1.6217, 0.027055, 6.5899, 3.3828, 0.081937, 0.19789, 0.0029674, 0.20307, 0.023449, 0.031212, 2.6231, 2.5899, 0.029489, 7.4184e-05, 6.6442, 0.32714, 9.2693e-05, 4.6479, 0.64242, 0.00018234
147, 4.56, 0.32421, 0.04323, 0.2, 2.0833, 0.76092, 1.1431, 1.0049, 0.93255, 0.7148, 0.84837, 1.0764, 0.81761, 0.93878, 0.0023, 3.8334, 0.84776, 0.00824, 6.0415, 0.92583, 0.03857, 0.95258, 1.0087, 1.0669, 0.50397, 0.71031, 1.9871, 1.4497, 0.79697, 0.0062684, 3.2061, 1.3598, 0.008562, 5.8939, 1.3435, 0.049453, 0.81063, 0.98503, 0.79739, 0.39962, 0.58381, 1.0837, 0.29384, 0.68513, 0.00028441, 1.2939, 0.97939, 0.0024798, 4.3682, 1.3428, 0.038985, 1.0945, 1.0323, 1.3365, 0.60831, 0.83681, 2.8905, 2.6056, 0.90881, 0.012252, 5.1183, 1.7402, 0.014644, 7.4196, 1.3442, 0.059922, 0.0074468, 0.00020654, 0.026852, 0.004024, 0.0059147, 0.30163, 0.49381, 0.004623, 1.3235e-05, 1.3515, 0.053488, 1.3673e-05, 0.86038, 1.7864e-07, 4.0506e-05, 0.22362, 0.9211, 0.36123, 0.267, 0.4877, -0.59852, -1.0233, 0.53555, -0.0073905, -0.76805, 0.51872, -0.0020164, 2.6468, 0.025167, 0.029243, 1.6815, 1.0962, 1.7726, 0.74094, 0.93292, 4.5727, 3.9228, 1.0584, 0.019927, 7.1803, 2.2009, 0.01914, 9.141, 2.6619, 0.069663, 0.1964, 0.0028343, 0.18407, 0.020755, 0.018316, 2.471, 2.2605, 0.025258, 6.8956e-05, 5.8377, 0.26147, 4.1361e-05, 3.897, 0.64242, 0.00015097
148, 4.6981, 0.13859, 0.04387, 0.1029, 0.84667, 0.28552, 0.44942, 1.0231, 1.7742, 0.33488, 0.44508, 0.54672, 3.0064, 0.97361, 0, 1.3673, 0.387, 0.0008, 7.7034, 4.9749, 0.05752, 1.1123, 1.0193, 0.95863, 0.39087, 0.35542, 1.1605, 1.0589, 0.81947, 0.00614, 4.945, 0.69238, 0.013801, 7.1441, 1.0713, 0.054793, 0.9744, 0.99878, 0.69769, 0.31143, 0.21927, 0.36809, 0.066464, 0.70534, 0.00021297, 3.287, 0.2543, 0.0046729, 5.6039, 1.0706, 0.044395, 1.2501, 1.0397, 1.2196, 0.47031, 0.49156, 1.953, 2.0514, 0.93361, 0.012067, 6.6029, 1.1305, 0.02293, 8.6844, 1.072, 0.065191, 0.0070235, 0.00015496, 0.025167, 0.0023326, 0.006851, 0.23211, 0.36406, 0.0048149, 1.2984e-05, 1.016, 0.070934, 3.0799e-05, 0.87685, 1.7864e-07, 3.996e-05, 0.38408, 0.93248, 0.25618, 0.16376, 0.12719, -1.3884, -1.3421, 0.55707, -0.007494, 1.0867, -0.17631, 0.0012221, 3.8902, -0.24709, 0.03462, 1.8404, 1.106, 1.6611, 0.61798, 0.58364, 3.7095, 3.46, 1.0819, 0.019774, 8.8033, 1.5611, 0.026381, 10.398, 2.3896, 0.074966, 0.19598, 0.0027827, 0.18238, 0.019064, 0.019252, 2.4015, 2.1308, 0.02545, 6.8706e-05, 5.5022, 0.27892, 5.8486e-05, 3.9135, 0.64242, 0.00015042
149, 3.0022, 0.21681, 0.10674, 0.2059, 1.3386, 0.41882, 0.51079, 1.051, 1.1433, 0.6005, 0.60417, 1.4706, 0.27334, 0.83835, 0.00137, 6.5248, 0.01345, 0.00616, 6.678, 0.69303, 0.05306, 0.92129, 0.98613, 1.2558, 0.54474, 0.46063, 1.4875, 1.0866, 0.7607, 0.0063904, 3.4015, 0.84994, 0.0037246, 5.7163, 0.89584, 0.046418, 0.80028, 0.96389, 0.94774, 0.45644, 0.30598, 0.39067, -0.16503, 0.61961, -0.00036158, 1.5183, 0.31507, -0.0068776, 4.1911, 0.89515, 0.03372, 1.0423, 1.0084, 1.5638, 0.63304, 0.61527, 2.5843, 2.3382, 0.90178, 0.013142, 5.2847, 1.3848, 0.014327, 7.2415, 0.89654, 0.059116, 0.0054132, 0.00018287, 0.035069, 0.0028818, 0.008839, 0.44465, 0.579, 0.0073571, 1.685e-05, 1.3107, 0.10574, 4.1547e-05, 0.85981, 1.7864e-07, 5.9592e-05, 0.19612, 0.89893, 0.53449, 0.31439, 0.2209, -1.1719, -1.4326, 0.4855, -0.007622, -0.55879, -0.071356, -0.0099618, 2.4695, -0.42253, 0.024969, 1.6465, 1.0733, 1.977, 0.7751, 0.70035, 4.1469, 3.6058, 1.0359, 0.020403, 7.3618, 1.7712, 0.017411, 8.9632, 2.2142, 0.067867, 0.19437, 0.0028106, 0.19228, 0.019613, 0.02124, 2.614, 2.3457, 0.027993, 7.2572e-05, 5.797, 0.31372, 6.9234e-05, 3.8965, 0.64242, 0.00017005
150, 2.25, 0.34455, 0.13744, 0.0892, 1.0079, 0.51293, 1.7962, 0.94851, 0.92745, 0.34529, 0.28427, 2.3246, 0.9779, 0.56956, 0.00541, 8.9966, 0.19464, 0.00182, 3.9881, 0.23038, 0.03244, 0.86561, 0.98396, 1.2478, 0.43452, 0.44138, 1.6668, 1.1871, 0.85736, 0.0047729, 7.0744, 0.83208, 0.0038448, 4.0935, 0.26322, 0.041327, 0.71314, 0.95775, 0.89242, 0.34284, 0.20287, 0.5081, -0.24196, 0.70524, -0.0022358, 4.825, 0.26858, -0.0091826, 2.0819, 0.26253, 0.027854, 1.0181, 1.0102, 1.6033, 0.5262, 0.67989, 2.8255, 2.6161, 1.0095, 0.011782, 9.3237, 1.3956, 0.016872, 6.1052, 0.26392, 0.054801, 0.008593, 0.00025386, 0.046692, 0.0031065, 0.021027, 0.49623, 0.75482, 0.008553, 1.8156e-05, 1.8701, 0.11736, 6.2728e-05, 1.4957, 1.7864e-07, 6.7101e-05, 0.13454, 0.89567, 0.50509, 0.20285, 0.14064, -1.0187, -1.4248, 0.57634, -0.0093649, 2.9274, -0.10612, -0.011796, 0.59173, -1.0552, 0.019409, 1.5967, 1.0723, 1.9906, 0.66619, 0.74211, 4.3523, 3.799, 1.1384, 0.018911, 11.221, 1.7703, 0.019485, 7.5953, 1.5816, 0.063245, 0.19755, 0.0028816, 0.20391, 0.019838, 0.033428, 2.6656, 2.5215, 0.029188, 7.3877e-05, 6.3563, 0.32534, 9.0416e-05, 4.5324, 0.64242, 0.00017756
151, 3, 0.21736, 0.06894, 0.10552, 1.5151, 0.47661, 1.4733, 1.0656, 0.54998, 0.50302, 0.3207, 1.2563, 0.90325, 0.80235, 0.00028, 9.1492, 1.4945, 0.0051, 2.9339, 0.4588, 0.05764, 0.8662, 0.99564, 1.2894, 0.43369, 0.51952, 2.2134, 1.6942, 0.74442, 0.0048886, 4.3071, 1.009, 0.0030652, 5.8165, 0.81302, 0.050292, 0.74806, 0.97428, 1.0711, 0.36752, 0.43929, 1.4506, 0.85641, 0.65789, 0.00013797, 3.095, 0.68395, -0.001335, 4.7431, 0.81233, 0.043225, 0.98433, 1.017, 1.5076, 0.49985, 0.59975, 2.9761, 2.5319, 0.83096, 0.0096391, 5.5191, 1.334, 0.0074654, 6.89, 0.81372, 0.057358, 0.0051581, 0.00016853, 0.017603, 0.0016183, 0.0023792, 0.21502, 0.2594, 0.0027678, 8.3414e-06, 0.54298, 0.039047, 7.1563e-06, 0.42593, 1.7864e-07, 1.8458e-05, 0.1415, 0.90866, 0.60164, 0.21087, 0.31954, -0.32651, -0.64716, 0.49279, -0.0082767, 0.61834, 0.19145, -0.0066441, 2.7558, -0.50535, 0.031616, 1.5909, 1.0826, 1.9771, 0.6565, 0.71949, 4.7533, 4.0355, 0.99606, 0.018054, 7.9958, 1.8265, 0.012775, 8.8773, 2.1314, 0.068968, 0.19411, 0.0027962, 0.17482, 0.01835, 0.014781, 2.3844, 2.0261, 0.023403, 6.4063e-05, 5.0292, 0.24703, 3.4844e-05, 3.4626, 0.64242, 0.00012892
152, 4.56, 0.32421, 0.04323, 0.3, 2.0833, 0.78689, 0.68576, 0.9811, 1.1317, 0.4226, 0.65159, 0.87109, 0.97315, 0.67327, 0.02257, 1.7121, 1.8787, 0.00922, 5.0359, 1.1051, 0.04749, 1.0489, 1.0123, 1.0348, 0.48527, 0.6876, 2.0576, 1.1322, 0.76033, 0.0061324, 3.5003, 1.1257, 0.0064657, 5.3324, 1.5709, 0.051237, 0.90517, 0.98785, 0.76412, 0.38964, 0.56128, 1.1529, -0.057967, 0.64838, 0.0001495, 1.5699, 0.74459, 0.00037422, 3.7716, 1.5702, 0.040561, 1.1926, 1.0367, 1.3056, 0.5809, 0.81391, 2.9624, 2.3223, 0.87228, 0.012115, 5.4307, 1.5068, 0.012557, 6.8932, 1.5716, 0.061914, 0.0076342, 0.00022071, 0.027089, 0.0033803, 0.0058973, 0.30254, 0.52352, 0.0046324, 1.323e-05, 1.3773, 0.053684, 1.3715e-05, 0.90038, 1.7864e-07, 4.2131e-05, 0.31958, 0.9245, 0.3287, 0.25201, 0.46509, -0.52844, -1.3571, 0.49887, -0.007526, -0.48266, 0.2843, -0.004118, 2.0687, 0.25255, 0.030919, 1.7782, 1.1001, 1.741, 0.71854, 0.9101, 4.6437, 3.6214, 1.0218, 0.019791, 7.4833, 1.9671, 0.017049, 8.5961, 2.8893, 0.071555, 0.19659, 0.0028484, 0.1843, 0.020112, 0.018299, 2.4719, 2.2902, 0.025268, 6.8952e-05, 5.8635, 0.26167, 4.1402e-05, 3.937, 0.64242, 0.00015259
153, 3.0049, 0.1623, 0.05357, 0.04951, 1.3368, 0.45659, 1.2514, 0.95992, 0.77052, 0.41889, 0.37026, 1.436, 0.7106, 0.61358, 0.00273, 6.005, 0.07381, 0.01051, 9.2238, 0.11614, 0.02513, 0.79665, 1.0142, 1.3013, 0.41701, 0.52302, 2.2794, 1.544, 0.8385, 0.0043976, 4.9571, 0.83959, 0.0046012, 5.0029, 0.79889, 0.042798, 0.67058, 0.99327, 1.0248, 0.33026, 0.40112, 1.2895, 0.43763, 0.71792, -0.0014447, 3.2246, 0.40254, -0.0017133, 3.5097, 0.7982, 0.032768, 0.92272, 1.0352, 1.5778, 0.50375, 0.64493, 3.2692, 2.6504, 0.95909, 0.01024, 6.6897, 1.2766, 0.010916, 6.4961, 0.79959, 0.052828, 0.0058744, 0.00016266, 0.028257, 0.0027813, 0.0054928, 0.36214, 0.45245, 0.0053746, 1.2616e-05, 1.1094, 0.070602, 1.4737e-05, 0.82415, 1.7864e-07, 3.7185e-05, 0.070618, 0.92736, 0.59289, 0.18724, 0.30299, -0.3377, -0.90629, 0.57323, -0.0091998, 1.0662, -0.028578, -0.0061124, 1.7709, -0.51948, 0.022812, 1.5227, 1.1011, 2.0097, 0.64677, 0.74306, 4.8964, 3.9943, 1.1038, 0.017995, 8.8481, 1.7078, 0.015315, 8.2349, 2.1173, 0.062784, 0.19483, 0.0027904, 0.18547, 0.019513, 0.017894, 2.5315, 2.2192, 0.02601, 6.8337e-05, 5.5957, 0.27858, 4.2425e-05, 3.8608, 0.64242, 0.00014764
154, 4.5625, 0.14721, 0.04663, 0, 1.1778, 0.19263, 1.3507, 1.0793, 0.64349, 0.42826, 0.60469, 0.85331, 0.58128, 0.98999, 0.00128, 8.9719, 1.794, 0.00393, 4.3879, 0.26061, 0.05327, 1.1169, 1.0164, 1.2083, 0.32536, 0.46181, 0.83871, 0.90755, 0.87668, 0.0044993, 5.7395, 0.68797, 0.003094, 6.2924, 0.78439, 0.055561, 0.97511, 0.99446, 0.93918, 0.23161, 0.24968, -0.075548, -0.21694, 0.74848, -0.0011818, 3.9507, 0.17693, -0.0057199, 4.6975, 0.78369, 0.044199, 1.2587, 1.0383, 1.4774, 0.4191, 0.67394, 1.753, 2.032, 1.0049, 0.01018, 7.5282, 1.199, 0.011908, 7.8874, 0.78508, 0.066923, 0.0074308, 0.00017723, 0.026768, 0.0032484, 0.016632, 0.30895, 0.46736, 0.006075, 1.1929e-05, 1.1826, 0.096528, 2.8713e-05, 0.94023, 1.7864e-07, 4.7717e-05, 0.38798, 0.92924, 0.50276, 0.092857, 0.18154, -1.7507, -1.551, 0.60786, -0.0090297, 1.8232, -0.2197, -0.0092589, 3.0122, -0.53398, 0.034874, 1.8458, 1.1035, 1.9138, 0.55785, 0.74208, 3.4281, 3.3661, 1.1455, 0.018028, 9.6558, 1.5956, 0.015447, 9.5726, 2.1028, 0.076248, 0.19639, 0.0028049, 0.18398, 0.01998, 0.029034, 2.4783, 2.2341, 0.02671, 6.7651e-05, 5.6689, 0.30451, 5.64e-05, 3.9769, 0.64242, 0.00015818
155, 6.5574, 0.1047, 0.0838, 0.50605, 0.88496, 0.24638, 0.8706, 1.074, 0.64377, 0.86394, 0.58756, 2.2467, 0.40053, 0.66611, 0.00057, 9.965, 0.31629, 0.01586, 3.4083, 2.1609, 0.08053, 1.2335, 1.0293, 1.1348, 0.71967, 0.50589, 1.5379, 1.1328, 0.61911, 0.0036416, 4.2906, 0.63493, 0.022728, 2.6824, 2.1674, 0.066749, 1.0805, 1.0046, 0.83049, 0.5913, 0.34126, 0.49474, -0.32443, 0.48211, -0.0033882, 2.2724, 0.16704, 0.01458, 1.0492, 2.1668, 0.053106, 1.3866, 1.054, 1.4391, 0.84804, 0.67052, 2.581, 2.59, 0.7561, 0.010671, 6.3088, 1.1028, 0.030875, 4.3156, 2.1681, 0.080393, 0.0086544, 0.00022563, 0.034229, 0.006091, 0.010018, 0.4022, 0.78484, 0.0069367, 1.8265e-05, 1.5055, 0.080918, 2.4534e-05, 0.98587, 1.7864e-07, 6.8804e-05, 0.50236, 0.94145, 0.4151, 0.47118, 0.25961, -1.0998, -1.4947, 0.34598, -0.010507, 0.26429, -0.24917, 0.010841, -0.61655, 0.84908, 0.044727, 1.9647, 1.1172, 1.8545, 0.96816, 0.75218, 4.1756, 3.7602, 0.89223, 0.01779, 8.3168, 1.519, 0.034614, 5.9814, 3.4858, 0.088772, 0.19761, 0.0028533, 0.19144, 0.022822, 0.022419, 2.5715, 2.5516, 0.027572, 7.3987e-05, 5.9917, 0.2889, 5.2222e-05, 4.0225, 0.64242, 0.00017926
156, 3.0049, 0.29103, 0.12422, 0, 1.3368, 0.34018, 0.13438, 0.93988, 1.0817, 0.31714, 0.3177, 1.1879, 0.76344, 0.69657, 0.00011, 5.1224, 0.31644, 0.00142, 2.3397, 1.0328, 0.02895, 0.83644, 0.98194, 1.3127, 0.34493, 0.53681, 1.3496, 1.1845, 0.86284, 0.0045754, 6.7853, 0.82806, 0.0024674, 4.0308, 0.23687, 0.044165, 0.70196, 0.95741, 0.99379, 0.22405, 0.32742, 0.35701, -0.28087, 0.73559, -0.0024808, 4.5811, 0.29642, -0.0092749, 2.1917, 0.23617, 0.030296, 0.97091, 1.0065, 1.6317, 0.46581, 0.74621, 2.3421, 2.6499, 0.99009, 0.011632, 8.9895, 1.3597, 0.01421, 5.8698, 0.23756, 0.058033, 0.0066839, 0.00022238, 0.0376, 0.0054009, 0.016205, 0.36413, 0.79369, 0.0059852, 1.8403e-05, 1.7958, 0.10447, 5.0962e-05, 1.2501, 1.7864e-07, 7.1089e-05, 0.1089, 0.89412, 0.58674, 0.10023, 0.25861, -1.2685, -1.4475, 0.59447, -0.0095861, 2.6627, -0.091369, -0.01212, 0.62517, -1.0815, 0.022002, 1.564, 1.0697, 2.0387, 0.58963, 0.81502, 3.9677, 3.8165, 1.1312, 0.018737, 10.908, 1.7475, 0.017055, 7.4363, 1.5552, 0.066328, 0.19564, 0.0028501, 0.19482, 0.022132, 0.028607, 2.5335, 2.5604, 0.026621, 7.4124e-05, 6.282, 0.31245, 7.865e-05, 4.2868, 0.64242, 0.00018155
