0.0201703 0.0263636 320.053 -3.0102 3.03587 2.56517e-06 -0.0195912 -0.0258644 -320.053 -3.94831 2.2636 -2.56517e-06
0.0733335 0.0975427 320.051 -13.5395 12.3097 4.1102e-06 -0.0727544 -0.0970439 -320.051 -12.3919 7.16405 -4.1102e-06
0.119361 0.224014 320.047 -32.2505 24.2218 8.41675e-06 -0.118782 -0.223516 -320.047 -27.392 7.53365 -8.41675e-06
0.135007 0.379075 320.042 -55.1948 35.9341 1.44242e-05 -0.134428 -0.378577 -320.042 -45.7793 0.0155259 -1.44242e-05
0.160536 0.531717 320.037 -77.7831 51.2746 1.79774e-05 -0.159959 -0.531219 -320.037 -63.8777 -8.49042 -1.79774e-05
0.226898 0.65303 320.033 -95.7375 72.9942 1.80221e-05 -0.226319 -0.652531 -320.033 -78.2593 -12.4912 -1.80221e-05
0.311388 0.722489 320.031 -106.022 98.0705 2.0034e-05 -0.310796 -0.72198 -320.031 -86.4879 -15.0164 -2.0034e-05
0.378065 0.732754 320.029 -107.552 122.064 2.83777e-05 -0.377457 -0.732224 -320.029 -87.6908 -21.2037 -2.83777e-05
0.426673 0.690276 320.03 -101.285 144.362 4.15618e-05 -0.426051 -0.689734 -320.03 -82.6346 -30.5087 -4.15618e-05
0.481156 0.611482 320.031 -89.6457 166.952 6.00401e-05 -0.480524 -0.610939 -320.031 -73.2707 -38.5402 -6.00401e-05
0.547528 0.516246 320.033 -75.5775 189.853 9.13039e-05 -0.546931 -0.515739 -320.033 -61.9586 -43.7114 -9.13039e-05
0.607918 0.419365 320.034 -61.271 210.475 0.000143417 -0.607314 -0.418974 -320.034 -50.4571 -48.208 -0.000143417
0.651201 0.3289 320.035 -47.9064 227.127 0.000218377 -0.650554 -0.328558 -320.035 -39.7148 -53.3024 -0.000218377
0.681548 0.253545 320.036 -36.7711 239.892 0.000313408 -0.680941 -0.253201 -320.036 -30.7639 -57.9524 -0.000313408
0.699871 0.206636 320.036 -29.8351 248.292 0.00042619 -0.699369 -0.206218 -320.036 -25.1865 -61.4399 -0.00042619
0.703391 0.205049 320.035 -29.593 251.325 0.000556541 -0.702931 -0.204486 -320.035 -24.9862 -63.5229 -0.000556541
0.696075 0.269343 320.033 -39.0834 249.046 0.000702202 -0.695597 -0.26851 -320.033 -32.5975 -63.1991 -0.000702202
0.676121 0.405474 320.029 -59.2224 241.181 0.000855051 -0.67574 -0.404725 -320.029 -48.7552 -60.6525 -0.000855051
0.630245 0.579707 320.024 -85.0037 226.142 0.00100328 -0.629962 -0.579158 -320.024 -69.4424 -57.8494 -0.00100328
0.55723 0.738936 320.02 -108.546 203.666 0.00113574 -0.55703 -0.738371 -320.02 -88.3405 -54.8538 -0.00113574
0.471282 0.845784 320.019 -124.338 175.35 0.00124366 -0.471184 -0.845249 -320.019 -101.032 -49.4739 -0.00124366
0.386194 0.898728 320.02 -132.114 143.282 0.00132007 -0.385951 -0.897732 -320.02 -107.307 -40.1548 -0.00132007
0.309424 0.934502 320.022 -137.361 109.884 0.00135834 -0.308987 -0.933243 -320.022 -111.561 -27.3011 -0.00135834
0.242434 0.985521 320.024 -144.881 77.7647 0.00135216 -0.241655 -0.984257 -320.024 -117.639 -13.1398 -0.00135216
0.190548 1.03082 320.026 -151.597 50.493 0.00129825 -0.189392 -1.03009 -320.026 -123.069 0.201791 -0.00129825
0.149697 0.993136 320.029 -146.054 30.0904 0.00119775 -0.148611 -0.993085 -320.029 -118.658 9.68843 -0.00119775
0.11721 0.757448 320.037 -111.273 17.5686 0.00105304 -0.115844 -0.758679 -320.037 -90.7871 13.4939 -0.00105304
0.120904 0.191738 320.052 -27.6898 17.0461 0.000865368 -0.119456 -0.194455 -320.052 -23.7781 14.9875 -0.000865368
0.165141 -0.725433 320.076 108.031 29.2075 0.000637757 -0.163926 0.723274 -320.076 85.0473 14.6626 -0.000637757
0.212173 -1.75805 320.107 260.879 48.5144 0.000377709 -0.211181 1.75756 -320.107 207.666 7.95301 -0.000377709
0.248775 -2.52896 320.134 374.933 71.2977 9.46788e-05 -0.248061 2.5292 -320.134 299.196 -4.99298 -9.46788e-05
0.294714 -2.75584 320.141 408.508 97.1646 -0.000201305 -0.294293 2.75668 -320.141 326.175 -18.5273 0.000201305
0.374303 -2.36322 320.125 350.358 126.933 -0.000494377 -0.373626 2.36346 -320.125 279.594 -27.0699 0.000494377
0.559567 -1.49681 320.093 222.11 171.162 -0.000760245 -0.55675 1.4964 -320.093 176.812 -22.159 0.000760245
0.943852 -0.414286 320.051 61.9331 250.316 -0.000970622 -0.938372 0.413889 -320.051 48.4443 0.820833 0.000970622
1.42642 0.717967 320.006 -105.44 364.501 -0.00109848 -1.42045 -0.716362 -320.006 -85.7181 15.3076 0.00109848
1.74342 1.91185 319.963 -281.941 486.504 -0.00112966 -1.73855 -1.90811 -319.963 -227.162 -21.8623 0.00112966
1.76556 3.18732 319.93 -470.684 589.281 -0.00107746 -1.76489 -3.18336 -319.93 -378.367 -117.926 0.00107746
1.60419 4.24872 319.905 -628.072 659.203 -0.00097024 -1.60735 -4.24889 -319.905 -504.445 -230.111 0.00097024
1.5573 4.54136 319.901 -671.554 705.676 -0.000813782 -1.56062 -4.54357 -319.901 -539.24 -288.927 0.000813782
1.72901 3.74973 319.928 -554.445 730.779 -0.000578115 -1.73316 -3.75203 -319.928 -445.351 -268.15 0.000578115
1.76786 2.05377 319.978 -303.425 695.349 -0.000227404 -1.77149 -2.05503 -319.978 -244.175 -222.539 0.000227404
1.43764 0.011689 320.038 -1.06933 579.97 0.000244517 -1.43948 -0.0105184 -320.038 -1.88998 -195.585 -0.000244517
0.863316 -1.80451 320.091 267.578 406.088 0.000815012 -0.867018 1.80378 -320.091 213.319 -174.768 -0.000815012
0.107062 -3.29007 320.129 487.127 178.888 0.00146706 -0.113092 3.28466 -320.129 389.121 -149.129 -0.00146706
-0.805112 -4.66537 320.159 690.582 -104.523 0.00219182 0.797774 4.6591 -320.159 552.138 -109.062 -0.00219182
-1.66219 -6.00088 320.198 888.216 -418.833 0.00294072 1.65655 5.99408 -320.198 710.415 -23.9091 -0.00294072
-2.15358 -7.12541 320.239 1054.86 -708.89 0.00362455 2.15418 7.12027 -320.239 843.735 133.783 -0.00362455
-2.24848 -7.72482 320.267 1143.86 -932.374 0.00417395 2.25366 7.72149 -320.267 914.753 330.829 -0.00417395
-2.51824 -7.56575 320.28 1120.45 -1122.2 0.00453789 2.52092 7.56204 -320.28 895.714 448.702 -0.00453789
-3.25478 -6.6777 320.275 989.191 -1303.01 0.00461789 3.25927 6.67425 -320.275 790.296 432.759 -0.00461789
-3.7064 -5.25024 320.254 778.095 -1388.88 0.00427315 3.71147 5.24698 -320.254 620.929 398.123 -0.00427315
-3.36635 -3.45664 320.225 512.927 -1323.64 0.00342178 3.36946 3.45579 -320.225 408.334 423.829 -0.00342178
-2.77618 -1.36123 320.19 203.062 -1173.58 0.00209203 2.77877 1.36284 -320.19 159.994 431.301 -0.00209203
-2.36754 0.932195 320.141 -136.319 -992.207 0.000338935 2.37109 -0.930414 -320.141 -111.915 359.033 -0.000338935
-1.87051 3.0491 320.081 -449.813 -753.901 -0.00180276 1.87415 -3.04944 -320.081 -362.965 253.617 0.00180276
-1.08301 4.31857 320.029 -638.174 -446.036 -0.0042058 1.08421 -4.32371 -320.029 -513.62 156.47 0.0042058
-0.318183 4.20164 320.001 -621.018 -123.923 -0.00660142 0.315642 -4.20566 -320.001 -499.462 39.25 0.00660142
0.126417 2.98741 319.999 -441.116 149.859 -0.00872237 -0.132743 -2.98476 -319.999 -354.821 -114.993 0.00872237
0.496993 1.64706 320.004 -242.781 376.306 -0.010392 -0.502549 -1.64126 -320.004 -195.466 -242.33 0.010392
1.12699 0.949162 319.993 -139.638 580.521 -0.0114501 -1.13296 -0.943026 -319.993 -112.541 -278.284 0.0114501
1.72261 1.13698 319.961 -167.487 725.532 -0.0117143 -1.72895 -1.13058 -319.961 -134.72 -264.339 0.0117143
1.91327 1.92791 319.914 -284.933 771.346 -0.0110652 -1.91665 -1.92697 -319.914 -228.825 -259.681 0.0110652
1.98142 2.67923 319.865 -396.131 762.325 -0.00952589 -1.98057 -2.67907 -319.865 -317.994 -233.106 0.00952589
2.26411 2.89595 319.836 -428.24 757.397 -0.00723678 -2.26031 -2.89701 -319.836 -343.814 -153.34 0.00723678
2.49859 2.25306 319.852 -333.369 745.748 -0.00438685 -2.49438 -2.25801 -319.852 -267.84 -79.3615 0.00438685
2.43074 0.530384 319.922 -78.5114 710.844 -0.00121278 -2.42358 -0.53572 -319.922 -63.5715 -62.9985 0.00121278
2.40354 -1.96811 320.041 291.304 702.822 0.00198105 -2.3942 1.96569 -320.041 232.975 -62.526 -0.00198105
2.65917 -4.53712 320.181 671.189 757.827 0.00489176 -2.65044 4.53374 -320.181 537.733 -49.2667 -0.00489176
2.76626 -6.56871 320.301 971.642 823.093 0.00729547 -2.76213 6.56569 -320.301 778.847 -85.2498 -0.00729547
2.43247 -7.53079 320.369 1114.09 847.155 0.00903076 -2.43021 7.53041 -320.369 893.199 -197.847 -0.00903076
2.15429 -7.0286 320.363 1039.7 868.238 0.00999944 -2.1525 7.02772 -320.363 833.66 -292.857 -0.00999944
2.36378 -5.47957 320.282 809.81 927.892 0.0102503 -2.36215 5.4695 -320.282 649.43 -296.578 -0.0102503
2.63226 -4.09564 320.179 604.758 976.781 0.00998524 -2.63266 4.08178 -320.179 485.09 -273.61 -0.00998524
2.25723 -3.74038 320.108 552.333 926.324 0.00942626 -2.26263 3.72861 -320.108 443.098 -322.441 -0.00942626
1.35522 -4.19078 320.07 619.543 770.189 0.00873527 -1.36123 4.18662 -320.07 496.957 -406.713 -0.00873527
0.769028 -4.65571 320.049 688.536 593.308 0.00807852 -0.774247 4.65318 -320.049 552.109 -386.415 -0.00807852
0.760447 -4.52611 320.036 669.772 433.498 0.00766979 -0.7635 4.52684 -320.036 536.762 -229.583 -0.00766979
0.763118 -3.37236 320.02 499.626 250.246 0.00766226 -0.762126 3.37764 -320.02 399.984 -46.6231 -0.00766226
0.401583 -0.926392 319.984 138.074 30.4602 0.00800898 -0.397251 0.933318 -319.984 109.783 75.9295 -0.00800898
-0.0679019 2.57787 319.925 -380.211 -171.802 0.00848277 0.0753595 -2.57105 -319.925 -306.007 152.297 -0.00848277
-0.147552 6.5027 319.86 -960.676 -278.004 0.00883033 0.159176 -6.49473 -319.86 -771.552 236.475 -0.00883033
0.344024 10.111 319.813 -1494.38 -244.148 0.00884742 -0.329217 -10.1033 -319.813 -1199.67 333.127 -0.00884742
1.08802 12.5574 319.814 -1856.53 -87.7589 0.00831656 -1.07194 -12.5536 -319.814 -1490.13 374.998 -0.00831656
1.6407 13.0301 319.854 -1926.67 143.249 0.00697591 -1.62743 -13.0278 -319.854 -1546.2 292.059 -0.00697591
1.63824 11.2543 319.929 -1664.18 375.377 0.004616 -1.63782 -11.252 -319.929 -1335.34 61.5753 -0.004616
0.750554 7.62666 320.04 -1127.81 489.049 0.0012148 -0.769303 -7.62491 -320.04 -904.842 -285.537 -0.0012148
-0.241025 3.08379 320.14 -455.675 485.271 -0.00300424 0.225922 -3.07914 -320.14 -365.69 -546.187 0.00300424
0.133542 -1.08289 320.186 160.9 509.655 -0.00759962 -0.144984 1.08913 -320.186 128.576 -471.297 0.00759962
0.928726 -3.83884 320.166 568.59 476.192 -0.0119838 -0.945421 3.84267 -320.166 455.164 -225.561 0.0119838
0.0290679 -5.03277 320.093 744.89 164.962 -0.0155833 -0.0399858 5.02989 -320.093 596.213 -155.356 0.0155833
-1.63567 -5.2319 319.995 774.319 -284.033 -0.0180125 1.63682 5.22614 -319.995 619.477 -152.216 0.0180125
-1.79176 -4.98116 319.916 737.548 -557.262 -0.0189846 1.79981 4.97655 -319.916 589.566 77.8543 0.0189846
-0.699934 -4.0233 319.875 597.068 -623.064 -0.018157 0.714466 4.03219 -319.875 476.53 433.244 0.018157
-0.126784 -1.53077 319.851 228.72 -631.528 -0.0154419 0.144044 1.54379 -319.851 181.044 593.881 0.0154419
-0.545899 2.61759 319.825 -385.138 -623.759 -0.0113756 0.559351 -2.60563 -319.825 -310.984 475.081 0.0113756
-1.04103 7.00397 319.816 -1035.36 -529.749 -0.00677833 1.04675 -7.00733 -319.816 -831.996 250.547 0.00677833
-1.36448 9.41937 319.864 -1393.26 -395.204 -0.00222264 1.34936 -9.42826 -319.864 -1118.65 33.0212 0.00222264
-1.7082 8.6024 319.986 -1272.49 -320.029 0.00189159 1.69814 -8.61123 -319.986 -1021.66 -134.126 -0.00189159
-1.19016 4.49715 320.168 -665.738 -215.149 0.00508474 1.18799 -4.51402 -320.168 -535.225 -101.902 -0.00508474
-0.399909 -2.19189 320.382 324.293 -125.921 0.0069439 0.385337 2.18025 -320.382 258.406 21.093 -0.0069439
-1.64801 -9.49553 320.582 1405.52 -331.525 0.00734395 1.62681 9.49281 -320.582 1125.16 -105.155 -0.00734395
-4.33301 -15.1741 320.683 2245.26 -796.015 0.00640619 4.31347 15.1672 -320.683 1798.49 -356.746 -0.00640619
-5.68603 -18.2212 320.696 2695.86 -1215.52 0.00447274 5.66628 18.2133 -320.696 2159.96 -298.417 -0.00447274
-5.64195 -18.5635 320.595 2746.59 -1568.82 0.00218301 5.62091 18.5538 -320.595 2200.23 65.8831 -0.00218301
-6.37705 -16.2277 320.391 2402.08 -2071.48 0.000212965 6.36023 16.2279 -320.391 1923.45 371.04 -0.000212965
-8.24684 -10.695 320.142 1585.24 -2723.69 -0.00113636 8.23776 10.7121 -320.142 1267.8 522.88 0.00113636
-9.47759 -1.70039 319.852 255.393 -3278.04 -0.00176994 9.47736 1.71946 -319.852 200.397 747.048 0.00176994
-9.33565 9.67877 319.533 -1426.66 -3600.03 -0.00143013 9.33871 -9.65339 -319.533 -1149.82 1105.56 0.00143013
-9.15868 21.5652 319.283 -3184.22 -3803.52 8.21451e-06 9.16119 -21.5387 -319.283 -2560.44 1355.72 -8.21451e-06
-9.88307 31.3024 319.183 -4625.11 -3984.32 0.00205881 9.88565 -31.2919 -319.183 -3717.13 1343.23 -0.00205881
-10.4345 35.9774 319.24 -5316.37 -4023.33 0.00383931 10.4411 -35.9681 -319.24 -4272.16 1234.83 -0.00383931
-9.19669 34.1841 319.457 -5051.49 -3717.81 0.00468065 9.21527 -34.1803 -319.457 -4059.77 1257.96 -0.00468065
-6.47882 26.196 319.823 -3870.27 -3060.7 0.00435048 6.49724 -26.1968 -319.823 -3112.37 1325.96 -0.00435048
-4.27391 13.8007 320.301 -2036.59 -2263.78 0.00277056 4.28951 -13.7968 -320.301 -1641.48 1118.31 -0.00277056
-2.92209 0.340561 320.722 -45.4965 -1390.13 -0.00025423 2.93894 -0.330131 -320.722 -43.8968 606.535 0.00025423
-0.887176 -10.5699 320.952 1567.9 -315.332 -0.0048125 0.894426 10.5822 -320.952 1251.15 77.3849 0.0048125
2.0793 -16.4078 320.927 2430.45 909.765 -0.0104276 -2.0833 16.4223 -320.927 1944.98 -353.497 0.0104276
5.31581 -16.4171 320.635 2430.02 2136.16 -0.0161281 -5.31449 16.4257 -320.635 1947.09 -716.003 0.0161281
8.86463 -11.9004 320.18 1760.13 3338.54 -0.0210297 -8.86121 11.8993 -320.18 1411.76 -970.999 0.0210297
12.3518 -5.23844 319.614 774.018 4459.24 -0.0245619 -12.3476 5.23663 -319.614 622.031 -1160.76 0.0245619
15.001 1.36806 319.103 -203.921 5391.8 -0.0262188 -14.9951 -1.37415 -319.103 -161.566 -1386.05 0.0262188
16.9294 6.06118 318.791 -898.624 6127.86 -0.0255184 -16.9223 -6.07199 -318.791 -718.442 -1607.11 0.0255184
18.6063 7.57719 318.722 -1123.11 6696.87 -0.0222166 -18.6004 -7.58953 -318.722 -898.251 -1728.18 0.0222166
19.7824 6.27338 318.901 -929.417 7049.69 -0.0164146 -19.7777 -6.27232 -318.901 -742.631 -1766.88 0.0164146
20.0926 4.05353 319.265 -600.722 7139.02 -0.0086014 -20.0829 -4.04752 -319.265 -478.967 -1774.06 0.0086014
19.9666 2.74834 319.669 -407.347 7034.82 0.000452264 -19.9494 -2.74102 -319.669 -324.269 -1704.66 -0.000452264
19.7334 3.51763 319.997 -520.292 6813.15 0.010033 -19.7142 -3.50269 -319.997 -415.362 -1545.88 -0.010033
18.7552 6.71328 320.189 -993.209 6432.31 0.0195939 -18.7382 -6.70455 -320.189 -795.073 -1426.07 -0.0195939
16.7309 11.0267 320.217 -1631.79 5873.01 0.0285053 -16.7131 -11.0281 -320.217 -1307.58 -1407.1 -0.0285053
14.4419 14.3235 320.132 -2119.18 5229.42 0.0360497 -14.4287 -14.3244 -320.132 -1698.88 -1373.82 -0.0360497
12.4201 15.0606 320.03 -2228.16 4558.52 0.0418036 -12.4109 -15.065 -320.03 -1786.86 -1242.23 -0.0418036
10.3681 12.5287 319.947 -1852.98 3824.53 0.0457998 -10.3622 -12.5304 -319.947 -1486.78 -1055.87 -0.0457998
7.86875 6.96219 319.899 -1029.02 2981.51 0.0482619 -7.86726 -6.96395 -319.899 -826.998 -879.656 -0.0482619
4.90793 -0.670325 319.903 100.524 2025.15 0.0493824 -4.9109 0.666833 -319.903 77.6707 -713.225 -0.0493824
1.88985 -8.92645 319.952 1322.66 1000.05 0.0493838 -1.89467 8.92443 -319.952 1056.41 -493.812 -0.0493838
-0.812935 -16.3483 320.027 2420.69 -38.0964 0.0485885 0.808664 16.3374 -320.027 1935.5 -177.787 -0.0485885
-3.2275 -22.5567 320.137 3338.65 -1059.39 0.0472984 3.22591 22.5293 -320.137 2670.18 197.862 -0.0472984
-5.65172 -28.0136 320.328 4145.74 -2054.31 0.045588 5.6508 27.98 -320.328 3316.8 544.899 -0.045588
-8.37178 -32.5707 320.643 4820.08 -3025.18 0.0432029 8.36666 32.5402 -320.643 3857.59 789.843 -0.0432029
-11.3116 -35.3956 320.986 5237.84 -3957.84 0.039668 11.3017 35.3645 -320.986 4192.73 938.25 -0.039668
-13.8693 -35.7375 321.284 5288.97 -4789.46 0.0344911 13.8576 35.7134 -321.284 4233.68 1087.19 -0.0344911
-15.5709 -33.1553 321.495 4907.47 -5463.61 0.0272555 15.5578 33.1338 -321.495 3927.25 1306.86 -0.0272555
-16.7239 -27.5925 321.551 4085.59 -6003.06 0.0176097 16.7102 27.5805 -321.551 3267.62 1538.13 -0.0176097
-17.7236 -19.1798 321.416 2842.14 -6433.7 0.00530681 17.7136 19.1785 -321.416 2270.09 1701.08 -0.00530681
-18.2207 -8.7735 321.112 1302.63 -6687.49 -0.00965702 18.2162 8.76863 -321.112 1035.32 1821.19 0.00965702
-17.8631 1.85755 320.699 -269.45 -6696.19 -0.0268836 17.8598 -1.85513 -320.699 -225.345 1924.9 0.0268836
-17.0008 11.8272 320.256 -1742.84 -6485.58 -0.0455652 16.9983 -11.8039 -320.256 -1406.59 1944.27 0.0455652
-15.6172 21.4598 319.791 -3167.44 -6042.99 -0.0646635 15.6245 -21.4278 -319.791 -2548.39 1869.79 0.0646635
-12.8964 30.5439 319.325 -4511.65 -5247.25 -0.0830206 12.9145 -30.5106 -319.325 -3625.36 1798.86 0.0830206
-8.88754 38.0953 318.914 -5629.21 -4071.99 -0.09929 8.90924 -38.0591 -318.914 -4520.24 1693.15 0.09929
-4.78777 43.1402 318.626 -6376.57 -2649.61 -0.112007 4.8101 -43.1066 -318.626 -5117.94 1365.55 0.112007
-1.05669 45.1139 318.478 -6669.22 -1067.51 -0.119911 1.07662 -45.0769 -318.478 -5350.93 780.888 0.119911
2.54886 44.1894 318.452 -6533.45 617.589 -0.122143 -2.54692 -44.1512 -318.452 -5240.11 62.1466 0.122143
5.54056 41.1518 318.567 -6085.06 2207.44 -0.118171 -5.56027 -41.1112 -318.567 -4878.52 -724.488 0.118171
7.50099 37.0449 318.775 -5478.42 3490.86 -0.107821 -7.53516 -37.0027 -318.775 -4390.26 -1480.92 0.107821
8.12601 32.0598 319.009 -4743.4 4272.5 -0.0913944 -8.19134 -32.0398 -319.009 -3799.47 -2090.07 0.0913944
6.32188 24.9071 319.255 -3686.72 4257.33 -0.0696367 -6.41144 -24.9033 -319.255 -2951.76 -2551.92 0.0696367
2.38045 13.4212 319.566 -1990.02 3356.64 -0.0436217 -2.46981 -13.4564 -319.566 -1592.1 -2702.63 0.0436217
-1.65299 -5.34667 320.006 784.169 1803.83 -0.0146683 1.57479 5.26592 -320.006 630.212 -2228.84 0.0146683
-5.52039 -31.9049 320.641 4715.79 -256.516 0.0158327 5.45705 31.8374 -320.641 3779.46 -1205.1 -0.0158327
-11.3379 -60.7338 321.37 8979.5 -2897.04 0.0464359 11.2817 60.6857 -321.37 7202.76 -120.727 -0.0464359
-19.3456 -82.3112 324.042 12076.8 -5916.48 0.0753906 19.2932 82.2724 -324.042 9858.54 758.681 -0.0753906
-27.6911 -91.3869 325.143 13267.7 -8940.15 0.1008 27.6437 91.3714 -325.143 11090.5 1551.72 -0.1008
-34.9702 -85.4785 322.27 12293 -11786.8 0.121228 34.9327 85.5104 -322.27 10496.7 2451.46 -0.121228
-40.9939 -61.8434 322.095 8811.43 -14382.2 0.135795 40.9609 61.8969 -322.095 7681.07 3435.23 -0.135795
-45.6949 -23.5468 324.663 3279.5 -16507.9 0.143807 45.6662 23.5854 -324.663 3002.66 4302.03 -0.143807
-49.2504 20.0787 324.863 -2886.25 -18033.9 0.144759 49.2236 -20.0499 -324.863 -2462.05 4875.48 -0.144759
-52.5318 58.4046 323.452 -8170.34 -19083.7 0.138503 52.4979 -58.3805 -323.452 -7395.36 5048.05 -0.138503
-56.387 83.9405 321.964 -11625.3 -19939 0.125156 56.3529 -83.9228 -321.964 -10748.9 4873.33 -0.125156
-58.4578 94.6228 318.452 -13058.7 -20484.1 0.105062 58.428 -94.6113 -318.452 -12164 4864.57 -0.105062
-57.609 90.469 315.486 -12464.7 -20631.4 0.079052 57.5926 -90.4435 -315.486 -11648.7 5235.86 -0.079052
-54.4147 72.4803 318.432 -9942.01 -20253.5 0.0484306 54.4283 -72.4564 -318.432 -9376.52 5705.01 -0.0484306
-50.1183 44.8498 318.685 -6070.46 -19281 0.0145148 50.1532 -44.8462 -318.685 -5885.22 5876.59 -0.0145148
-45.048 11.4301 316.804 -1404.14 -17638 -0.0215549 45.0942 -11.4408 -316.804 -1644.59 5587.59 0.0215549
-38.4431 -23.6883 319.187 3496.8 -15210 -0.0584293 38.501 23.6773 -319.187 2815.94 4923.77 0.0584293
-27.9944 -55.262 321.388 7957.62 -11690.3 -0.0944067 28.0699 55.2487 -321.388 6771.35 4194.01 0.0944067
-12.7861 -77.9869 319.962 11262.7 -6907.05 -0.127799 12.8657 77.9958 -319.962 9526.62 3472.88 0.127799
5.26627 -86.1256 322.42 12545 -936.105 -0.157021 -5.18402 86.153 -322.42 10416.1 2323.48 0.157021
23.5143 -74.6114 324.578 10908.5 5847.09 -0.180529 -23.4392 74.6687 -324.578 8987.35 416.553 0.180529
38.3568 -43.2453 322.003 6253.16 12333.5 -0.197522 -38.3101 43.2961 -322.003 5281.01 -2097.69 0.197522
47.1605 -2.13728 329.448 272.569 17196.4 -0.20853 -47.1374 2.14683 -329.448 298.4 -4597.16 0.20853
55.482 33.8964 333.631 -4679.36 20875.5 -0.213977 -55.4919 -33.928 -333.631 -4361.18 -6040.83 0.213977
65.4949 54.8282 324.038 -7430.26 23956.7 -0.212549 -65.4963 -54.9431 -324.038 -7201.65 -6445.71 0.212549
73.5955 55.2109 316.526 -7415.64 26420.4 -0.202685 -73.5896 -55.3299 -316.526 -7318.82 -6744.65 0.202685
78.0072 37.8936 319.533 -5053.74 28234.1 -0.184768 -77.9942 -37.9263 -319.533 -5052.85 -7376.35 0.184768
79.8382 12.6942 323.207 -1659.07 29393.9 -0.160041 -79.7979 -12.7303 -323.207 -1730.22 -8046.02 0.160041
81.9473 -10.8563 321.168 1481.07 30176.2 -0.128298 -81.8962 10.8578 -321.168 1413.01 -8264.89 0.128298
85.4742 -25.5721 318.738 3430.15 30834.1 -0.0882032 -85.4116 25.6103 -318.738 3391.9 -7983.15 0.0882032
88.5781 -26.8728 318.779 3585.84 31287.2 -0.0394194 -88.4992 26.8989 -318.779 3581.35 -7610.42 0.0394194
89.3283 -15.7266 319.445 2067.32 31310.7 0.0167719 -89.2497 15.7217 -319.445 2124.41 -7433.99 -0.0167719
87.3226 2.16664 317.647 -363.591 30813.7 0.0781705 -87.243 -2.16784 -317.647 -214.188 -7473.16 -0.0781705
84.0804 21.2249 315.884 -2943.08 29940.6 0.142152 -84.011 -21.2203 -315.884 -2714.47 -7465.27 -0.142152
79.9155 37.4835 314.226 -5137.44 28686.6 0.20671 -79.8799 -37.4608 -314.226 -4851.91 -7320.2 -0.20671
73.4019 48.5691 311.742 -6640.31 26831.7 0.270714 -73.3893 -48.5339 -311.742 -6302.48 -7203.16 -0.270714
63.6545 53.4114 309.455 -7299.07 24202.8 0.332191 -63.6851 -53.3766 -309.455 -6934.53 -7172.76 -0.332191
51.2457 51.8521 307.86 -7089.57 20771.4 0.387962 -51.3001 -51.8233 -307.86 -6729.09 -7053.58 -0.387962
39.2272 44.2158 307.225 -6065.48 16843.9 0.435469 -39.2463 -44.2172 -307.225 -5721.47 -6343.81 -0.435469
29.5404 31.0161 307.29 -4284.58 12742.2 0.473589 -29.5738 -31.0257 -307.29 -3984.68 -4833.42 -0.473589
20.085 13.9375 308.317 -1954.61 8416.49 0.501935 -20.0672 -13.958 -308.317 -1763.36 -3046.92 -0.501935
9.66803 -5.43285 319.742 796.656 3678.51 0.519741 -9.58979 5.4118 -319.742 648.655 -1105.3 -0.519741
-8.70369 -22.6348 334.781 3336.94 -2823.75 0.523898 8.73405 22.6358 -334.781 2696.67 495.955 -0.523898
-20.8336 -31.0183 324.245 4488.64 -7620.25 0.50998 20.8645 31.0157 -324.245 3779.27 2049.28 -0.50998
-32.1082 -33.1525 320.707 4789.66 -11753.5 0.478806 32.1092 33.1509 -320.707 4047.22 3172.62 -0.478806
-43.0306 -30.3107 330.542 4421.6 -15519 0.435217 42.9949 30.3166 -330.542 3658.84 4022.69 -0.435217
-51.5387 -24.123 330.468 3530.93 -18677.4 0.377987 51.5004 24.1273 -330.468 2899.87 4905.82 -0.377987
-56.8261 -17.999 325.394 2637.1 -21101.8 0.302637 56.7919 18.0002 -325.394 2160.79 5913.84 -0.302637
-60.0354 -15.1401 327.629 2200.15 -22942.8 0.211149 60.0178 15.1214 -327.629 1833.08 6890.36 -0.211149
-61.5709 -18.0885 327.848 2581.29 -24234 0.108345 61.5797 18.0512 -327.848 2235.55 7763.45 -0.108345
-62.2754 -27.4067 324.011 3821.67 -24984.9 -0.00410642 62.2849 27.357 -324.011 3477.71 8323.62 0.00410642
-63.7397 -41.7253 322.012 5729.77 -25400.7 -0.124823 63.7375 41.6717 -322.012 5386.34 8349.49 0.124823
-65.9962 -58.181 322.885 7929.73 -25497.5 -0.250672 65.9945 58.1285 -322.885 7573.56 7844.81 0.250672
-66.3037 -72.2281 321.762 9842.25 -24988.7 -0.378207 66.2882 72.2034 -321.762 9409.51 7257.81 0.378207
-62.9605 -78.2371 318.259 10680.5 -23747.6 -0.502166 62.9516 78.2252 -318.259 10174.7 6910.7 0.502166
-56.8686 -71.0451 316.58 9712.16 -21876.5 -0.614548 56.8627 71.0721 -316.58 9230.82 6667.56 0.614548
-50.9009 -47.0988 315.636 6437.01 -19695.2 -0.708594 50.876 47.1642 -315.636 6127.42 6085.21 0.708594
-46.5826 -7.20434 315.136 959.293 -17424.2 -0.781026 46.5408 7.26937 -315.136 970.024 4974.24 0.781026
-41.9829 41.0079 317.114 -5718.21 -14928.7 -0.82945 41.9454 -41.0017 -317.114 -5212.53 3711.11 0.82945
-33.3526 81.6081 317.765 -11360.4 -11847 -0.850948 33.316 -81.6436 -317.765 -10399 2936.79 0.850948
-22.0352 100.594 313.263 -14020.4 -8413.37 -0.843462 22.0077 -100.672 -313.263 -12805.6 2525.84 0.843462
-11.8757 92.0156 308.602 -12887.9 -5073.7 -0.806982 11.8723 -92.0781 -308.602 -11648.8 1898.18 0.806982
-2.9543 58.072 312.161 -8307.61 -1693.49 -0.743814 2.95979 -58.1294 -312.161 -7179.72 901.811 0.743814
8.13389 0.716976 328.209 -107.475 2443.98 -0.657212 -8.13847 -0.761972 -328.209 -89.6283 -271.816 0.657212
11.6727 -59.7622 338.979 8439.91 5108.76 -0.55116 -11.6902 59.7203 -338.979 7485.81 -1983.37 0.55116
15.1171 -104.502 330.904 14525.6 7202.42 -0.432703 -15.1551 104.477 -330.904 13329.8 -3149.42 0.432703
20.3652 -128.256 322.207 17804.4 9189 -0.308329 -20.3984 128.265 -322.207 16388.2 -3732.75 0.308329
24.9701 -129.479 320.191 17925.8 10909.8 -0.179557 -24.9947 129.473 -320.191 16590.8 -4223.02 0.179557
28.4994 -108.031 320.296 14947.4 12297.1 -0.048842 -28.5101 108.005 -320.296 13848.7 -4667.97 0.048842
32.6344 -69.3098 317.912 9559.85 13568.1 0.0781776 -32.6128 69.2934 -317.912 8914.78 -4838.86 -0.0781776
37.3102 -21.2227 319.5 2881.03 14728 0.199317 -37.2793 21.2001 -319.5 2773.53 -4751.62 -0.199317
41.0526 27.2038 322.691 -3759.03 15593.4 0.315871 -41.0332 -27.2252 -322.691 -3495.83 -4615.96 -0.315871
41.6967 66.0285 318.219 -9091.62 15887.9 0.427377 -41.6854 -66.017 -318.219 -8508.66 -4737.04 -0.427377
39.9673 90.1193 313.116 -12403.9 15702 0.531431 -40.0002 -90.099 -313.116 -11617.2 -5006.64 -0.531431
35.5997 99.4095 313.237 -13709.4 14848.7 0.626006 -35.6777 -99.3789 -313.237 -12787 -5312.65 -0.626006
29.7711 95.519 311.827 -13189 13297.5 0.709716 -29.8475 -95.4662 -311.827 -12267.2 -5318.65 -0.709716
25.8425 82.0192 310.467 -11357.4 11371.9 0.781546 -25.8912 -81.9662 -310.467 -10499.8 -4449.62 -0.781546
23.1231 63.7176 312.351 -8868.53 9114.27 0.840652 -23.1689 -63.6627 -312.351 -8109.47 -2924.48 -0.840652
16.9575 45.4012 315.459 -6402.62 6116.83 0.884816 -16.973 -45.3405 -315.459 -5691.71 -1582.8 -0.884816
4.44919 31.1465 323.103 -4547.3 1852.54 0.909005 -4.44914 -31.0849 -323.103 -3746.73 -663.033 -0.909005
-13.1493 20.1025 329.875 -2933.47 -3600.15 0.907425 13.1355 -20.0429 -329.875 -2417.08 92.4402 -0.907425
-22.1759 16.254 327.295 -2298.79 -7437.06 0.879117 22.169 -16.1971 -327.295 -2026.38 1513.4 -0.879117
-29.237 18.5195 325.564 -2600.32 -10610.5 0.828266 29.2241 -18.4673 -325.564 -2329.46 2796.9 -0.828266
-38.286 22.4237 325.674 -3132.89 -13754 0.756028 38.2498 -22.4009 -325.674 -2841.64 3523.7 -0.756028
-48.2482 22.251 324.613 -3108.4 -16801.1 0.658803 48.2062 -22.2674 -324.613 -2825.28 3909.23 -0.658803
-55.3142 12.4006 322.618 -1758.98 -19367.4 0.535483 55.2831 -12.4535 -322.618 -1553.59 4584.39 -0.535483
-58.2253 -10.2714 322.884 1376.27 -21283 0.389016 58.1984 10.1988 -322.884 1352.46 5717.44 -0.389016
-59.8373 -41.4793 325.61 5669.78 -22765.8 0.222619 59.8093 41.4417 -325.61 5383.33 6765.22 -0.222619
-62.8968 -73.9503 326.395 10156.7 -24046.9 0.038308 62.8654 73.9179 -326.395 9553.66 7227.4 -0.038308
-66.9839 -98.0331 329.419 13438.1 -24985.2 -0.161883 66.9355 97.9928 -329.419 12692.1 7075.37 0.161883
-70.1224 -111.318 324.779 15228.4 -25575 -0.373543 70.0572 111.303 -324.779 14447 6830.21 0.373543
-71.019 -111.004 319.183 15164.1 -25868.9 -0.589863 70.9706 110.975 -319.183 14425.3 6883.19 0.589863
-69.4262 -97.0366 320.555 13232.1 -25795.2 -0.803342 69.3784 96.976 -320.555 12629.6 7233.4 0.803342
-66.9082 -73.1816 320.902 9937.4 -25379.5 -1.00565 66.8749 73.1297 -320.902 9565.88 7487.51 1.00565
-64.5467 -43.7017 317.969 5877.87 -24643.6 -1.18816 64.5286 43.6505 -317.969 5766.26 7381.74 1.18816
-61.8338 -12.7871 315.953 1640.09 -23506.2 -1.34369 61.8206 12.7542 -315.953 1764.96 6970.43 1.34369
-57.8773 15.6758 316.989 -2273.66 -21872 -1.46595 57.8616 -15.6979 -316.989 -1907.58 6395.59 1.46595
-52.0958 37.3176 315.669 -5220.15 -19697.6 -1.54858 52.08 -37.3099 -315.669 -4726.47 5768.11 1.54858
-43.7682 51.5947 313.193 -7188.83 -16931.5 -1.5865 43.779 -51.562 -313.193 -6560.36 5225.12 1.5865
-33.2237 57.2602 312.261 -7980.7 -13625.9 -1.57702 33.2503 -57.2468 -312.261 -7281.32 4735.61 1.57702
-21.9205 53.9658 312.227 -7555.05 -9888.38 -1.51962 21.9546 -53.9444 -312.227 -6827.59 4018.46 1.51962
-10.9332 42.8872 312.221 -6089.81 -5800.65 -1.41502 10.9901 -42.8694 -312.221 -5339.83 2866.04 1.41502
3.56371 26.7876 320.459 -3949.03 -506.527 -1.26345 -3.49064 -26.7758 -320.459 -3189.57 1444.13 1.26345
21.2436 5.15655 333.657 -750.886 5877.5 -1.06587 -21.1739 -5.13551 -333.657 -620.855 -215.264 1.06587
30.6918 -8.72771 334.436 1196.51 10477.8 -0.82953 -30.6239 8.75937 -334.436 1134.39 -2283.27 0.82953
41.7376 -13.651 326.749 1853.07 15035.6 -0.566031 -41.6693 13.6838 -326.749 1790.45 -3884.17 0.566031
54.4732 -9.02896 327.825 1212.85 19762.8 -0.282252 -54.4104 9.0636 -327.825 1198.8 -5202.65 0.282252
66.0052 3.20595 331.132 -483.947 24275.2 0.0176295 -65.9524 -3.17973 -331.132 -367.173 -6626.4 -0.0176295
74.9702 19.1168 327.405 -2664.46 28286 0.324369 -74.9226 -19.1054 -327.405 -2430.3 -8235.52 -0.324369
82.991 33.1296 330.231 -4531.77 31584.7 0.627289 -82.9537 -33.1231 -330.231 -4299.67 -9383.12 -0.627289
88.7795 43.3025 330.681 -5829.99 33968.1 0.921152 -88.7747 -43.2869 -330.681 -5712.65 -10209.6 -0.921152
91.9146 49.686 321.942 -6671.77 35536.5 1.20229 -91.9326 -49.652 -321.942 -6570.24 -10935 -1.20229
92.2586 52.8849 315.749 -7108.66 36325.5 1.46314 -92.2983 -52.8564 -315.749 -6986.84 -11627.1 -1.46314
89.8596 53.0855 313.171 -7148.85 36258.6 1.69542 -89.9709 -53.0564 -313.171 -7000.01 -12189.8 -1.69542
83.2451 49.2927 308.501 -6637.18 34842.1 1.89208 -83.3846 -49.3013 -308.501 -6505.4 -12536.9 -1.89208
75.6832 36.8934 302.839 -4952.81 32277.4 2.04565 -75.7866 -37.0189 -302.839 -4899.62 -12001.3 -2.04565
69.689 11.5591 300.41 -1491.37 28935.8 2.15009 -69.7893 -11.653 -300.41 -1603.01 -10269.4 -2.15009
62.4466 -23.7827 302.724 3332.44 24671.6 2.20187 -62.5042 23.6912 -302.724 2995.17 -7954.61 -2.20187
51.2642 -63.5571 306.176 8773.56 19380.9 2.19712 -51.2769 63.4384 -306.176 8153.77 -5666.06 -2.19712
35.1681 -102.681 314.323 14227.3 13092 2.13137 -35.1806 102.597 -314.323 13134.9 -3683.96 -2.13137
14.8257 -133.878 325.001 18642.1 5847.23 2.00182 -14.8328 133.81 -325.001 17039.7 -1879.97 -2.00182
-7.69699 -149.332 339.698 20860.7 -2403.77 1.80831 7.68817 149.314 -339.698 18949.1 348.507 -1.80831
-28.7007 -143.667 335.148 19949 -10273.6 1.55434 28.6898 143.706 -335.148 18358 2600.54 -1.55434
-47.2687 -114.598 326.249 15790.5 -17490.4 1.24783 47.2591 114.691 -326.249 14773.4 4850.14 -1.24783
-63.8788 -63.6335 331.36 8631.29 -24162.5 0.899281 63.8684 63.7382 -331.36 8347.68 7076.45 -0.899281
-77.007 1.48876 347.933 -289.04 -29377.2 0.519813 77.0138 -1.39682 -347.933 -95.1129 8768.87 -0.519813
-85.8918 64.6221 349.882 -8692.77 -32810.7 0.121237 85.9334 -64.5646 -349.882 -8528.76 9813.97 -0.121237
-91.1759 111.975 333.563 -15111.6 -35010 -0.284376 91.2325 -111.934 -333.563 -14737.7 10596.8 0.284376
-90.4713 141.32 322.497 -19194.3 -36032.2 -0.685755 90.5515 -141.314 -322.497 -18483.8 11800 0.685755
-86.3084 148.794 315.45 -20274.5 -36159.2 -1.07269 86.4112 -148.844 -315.45 -19403.3 13032.4 1.07269
-82.5026 132.632 305.461 -18033 -35640.2 -1.43594 82.593 -132.634 -305.461 -17328.6 13533.4 1.43594
-81.7782 97.4212 303.918 -13186.6 -34648.8 -1.76688 81.8635 -97.4035 -303.918 -12784.7 12740.5 1.76688
-81.2717 51.709 306.894 -6894.84 -32905.2 -2.05721 81.3264 -51.6971 -306.894 -6890.13 11142.5 2.05721
-78.1011 2.42379 308.231 -113.222 -30233.6 -2.29804 78.0892 -2.39854 -308.231 -530.407 9334.7 2.29804
-71.3522 -42.6274 312.502 6043.46 -26690.6 -2.47957 71.3436 42.623 -312.502 5319.63 7601.05 2.47957
-59.7587 -78.4151 312.806 10916.6 -22227.9 -2.59386 59.7521 78.3978 -312.806 9985.72 6241.6 2.59386
-42.9011 -103.58 310.9 14388.7 -16815 -2.63669 42.9217 103.543 -310.9 13219.6 5332.99 2.63669
-23.0674 -117.617 310.547 16372.4 -10650.2 -2.60555 23.1446 117.576 -310.547 14977.3 4462.68 2.60555
-2.24421 -120.931 315.277 16928.8 -3691.28 -2.49791 2.32473 120.905 -315.277 15306.3 3070.3 2.49791
17.976 -111.664 331.302 15649.4 4283.12 -2.3131 -17.8718 111.644 -331.302 14116.6 501.436 2.3131
38.8235 -88.3794 345.015 12241.6 12281.5 -2.05468 -38.7081 88.3604 -345.015 11317.7 -1919.29 2.05468
59.3584 -55.9759 337.803 7653.63 19746.3 -1.73128 -59.2597 55.9687 -337.803 7268.23 -3886.79 1.73128
77.9964 -19.1606 332.016 2644.53 26780.8 -1.35555 -77.9166 19.1491 -332.016 2461.56 -5930 1.35555
93.5039 17.6134 336.997 -2322.32 33271.4 -0.940997 -93.4587 -17.6282 -336.997 -2376.37 -8259.75 0.940997
103.076 50.9023 339.034 -6834 38455.9 -0.49951 -103.051 -50.9113 -339.034 -6739.46 -10869.1 0.49951
111.274 76.5817 344.044 -10313 42254.6 -0.0425656 -111.26 -76.5805 -344.044 -10106.8 -12461.5 0.0425656
119.15 96.5465 332.482 -13035.3 45314.8 0.418266 -119.131 -96.531 -332.482 -12705.9 -13413.8 -0.418266
125.201 111.662 323.517 -15099.1 47713.9 0.871887 -125.163 -111.629 -323.517 -14669.9 -14196 -0.871887
129.905 122.505 323.935 -16580.9 49600.1 1.3069 -129.856 -122.463 -323.935 -16078.5 -14821.3 -1.3069
133.739 128.447 321.537 -17389.1 50949.1 1.71295 -133.681 -128.401 -321.537 -16854.1 -15145.2 -1.71295
136.6 127.668 312.975 -17270.7 51745.7 2.08246 -136.535 -127.64 -312.975 -16766.4 -15182 -2.08246
137.827 116.474 306.808 -15733.9 51978 2.40882 -137.777 -116.486 -306.808 -15323.2 -15087.9 -2.40882
136.124 90.3015 305.521 -12150.7 51427.6 2.68424 -136.09 -90.368 -305.521 -11935.5 -14991.6 -2.68424
131.831 47.0342 304.636 -6214.86 50031 2.9004 -131.8 -47.0881 -304.636 -6333.85 -14743.5 -2.9004
126.551 -6.41129 306.153 1018.86 47896.5 3.05052 -126.529 6.39835 -306.153 687.417 -14021.4 -3.05052
121.081 -60.455 307.5 8312.84 45084.5 3.13006 -121.061 60.4818 -307.5 7807.68 -12676.4 -3.13006
113.265 -103.154 307.894 14154.8 41414.6 3.13664 -113.246 103.214 -307.894 13354.4 -11102.2 -3.13664
101.387 -124.748 299.66 17070.1 36756.1 3.06982 -101.366 124.824 -299.66 16197.7 -9628 -3.06982
85.8898 -120.756 291.117 16511.7 31288.3 2.93033 -85.8661 120.835 -291.117 15691.4 -8310.31 -2.93033
69.3013 -91.5273 288.916 12527.2 25382.9 2.7201 -69.3048 91.5927 -288.916 11881.5 -6840.74 -2.7201
51.8808 -42.5876 288.577 5855.27 19062.6 2.44393 -51.901 42.6248 -288.577 5502.47 -5180.2 -2.44393
33.8711 19.4028 296.359 -2595.65 12343.8 2.10921 -33.9135 -19.4196 -296.359 -2579.28 -3277.81 -2.10921
13.3443 76.3061 332.627 -10705.4 4346.38 1.72288 -13.4074 -76.3859 -332.627 -9648.59 -769.129 -1.72288
-14.1946 106.939 370.25 -14979.3 -5606.89 1.29139 14.1541 -106.992 -370.25 -13541.1 1814.08 -1.29139
-39.9174 109.137 339.845 -15062.6 -14407.2 0.826267 39.8756 -109.199 -339.845 -14044.3 3733.59 -0.826267
-60.2323 90.554 319.195 -12339.6 -22315.7 0.34536 60.1897 -90.5995 -319.195 -11809.6 6205.9 -0.34536
-77.7003 55.0052 347.396 -7362.98 -29971.8 -0.134621 77.6547 -55.0173 -347.396 -7305.35 9174.39 0.134621
-95.1702 9.1994 362.764 -1108.31 -36981.9 -0.602642 95.1119 -9.19251 -362.764 -1344.73 11499.5 0.602642
-114.049 -34.0454 356.775 4597.97 -42859.6 -1.0511 113.955 34.0366 -356.775 4478.33 12328.9 1.0511
-133.623 -72.6705 351.928 9766.5 -48207.4 -1.47315 133.495 72.6601 -351.928 9609.24 12445 1.47315
-149.272 -102.93 353.897 13854.7 -52903.2 -1.86082 149.164 102.909 -353.897 13589.4 12946.1 1.86082
-158.067 -123.509 351.805 16668.4 -56537 -2.20539 157.963 123.474 -351.805 16261.8 14218.6 2.20539
-162.652 -134.011 341.756 18125.6 -59286.3 -2.49985 162.55 133.971 -341.756 17604.1 15736.9 2.49985
-166.69 -134.416 331.497 18197 -61507.6 -2.73955 166.652 134.387 -331.497 17641.6 16868.9 2.73955
-169.774 -124.421 323.306 16839 -63020.7 -2.92188 169.784 124.404 -323.306 16335.3 17552 2.92188
-169.46 -103.633 314.372 14008.7 -63334.2 -3.04571 169.539 103.623 -314.372 13623 17944.2 3.04571
-163.193 -73.1405 303.901 9841.83 -61887.9 -3.11031 163.338 73.1613 -303.901 9663.16 18170.6 3.11031
-152.018 -35.4761 295.132 4714.36 -58622.8 -3.11565 152.128 35.506 -295.132 4749.41 17903.9 3.11565
-139.834 5.31764 286.917 -828.387 -53970.2 -3.0637 139.954 -5.30118 -286.917 -585.959 16517.5 3.0637
-126.021 44.2005 281.322 -6107.48 -47953 -2.9588 126.161 -44.1723 -281.322 -5671.73 14202.1 2.9588
-107.024 78.0251 279.157 -10749.7 -40292.8 -2.80652 107.113 -77.9821 -279.157 -10045 11636.9 2.80652
-83.7948 103.03 277.977 -14177.2 -31312.3 -2.61205 83.8433 -102.993 -277.977 -13284.6 8880.72 2.61205
-58.2637 117.355 277.84 -16170 -21458.7 -2.37953 58.2943 -117.349 -277.84 -15114.7 5863.88 2.37953
-32.0422 119.175 285.189 -16463.4 -11126.2 -2.11238 32.0312 -119.182 -285.189 -15308.5 2555.77 2.11238
-5.89091 108.379 328.072 -15134.1 -63.1194 -1.81259 5.85135 -108.42 -328.072 -13766 -1501.05 1.81259
28.9814 77.2645 402.895 -10709.6 12712.6 -1.47979 -29.0315 -77.3355 -402.895 -9902.59 -4935.87 1.47979
59.2755 30.8455 368.48 -4206.04 23040.1 -1.11482 -59.3531 -30.9036 -368.48 -4026.66 -7150.89 1.11482
83.6338 -14.9578 323.609 2017.03 31684.5 -0.72533 -83.7199 14.9239 -323.609 1966.1 -9282.03 0.72533
102.099 -54.8252 348.05 7417.03 39318 -0.32073 -102.187 54.7968 -348.05 7197.18 -11956.5 0.32073
116.492 -82.9543 359.754 11250.2 45423.9 0.0974163 -116.595 82.9394 -359.754 10867.1 -14194.2 -0.0974163
128.009 -93.8221 330.366 12700.1 49616.3 0.531329 -128.113 93.8363 -330.366 12317.8 -15314.3 -0.531329
136.506 -89.1845 307.126 12029.8 52451.6 0.977182 -136.611 89.2215 -307.126 11753.5 -15886.8 -0.977182
141.345 -67.7533 309.584 9085.98 54122.8 1.42543 -141.451 67.8177 -309.584 8987.04 -16260.8 -1.42543
142.047 -30.747 311.294 4060.09 54283 1.86516 -142.137 30.8119 -311.294 4146.26 -16234.5 -1.86516
139.199 16.7329 298.47 -2344.6 52839.4 2.2855 -139.277 -16.6746 -298.47 -2109.07 -15564.2 -2.2855
132.762 66.7633 292.198 -9137.04 49997.4 2.67632 -132.831 -66.7139 -292.198 -8656.33 -14452.1 -2.67632
121.47 111.59 297.581 -15271.7 45743.5 3.02798 -121.534 -111.546 -297.581 -14473.8 -13218.9 -3.02798
105.022 143.322 292.664 -19600 39992.2 3.32919 -105.085 -143.286 -292.664 -18606.3 -11871.4 -3.32919
84.4831 157.027 282.028 -21494.8 33004.3 3.56621 -84.5342 -157.03 -282.028 -20369.2 -10383.6 -3.56621
62.5065 149.781 277.961 -20525.1 25298.9 3.72538 -62.5438 -149.81 -277.961 -19409.8 -8560.61 -3.72538
40.8853 121.41 279.278 -16643.9 17226.7 3.79607 -40.9163 -121.425 -279.278 -15725.2 -6275.43 -3.79607
18.1664 76.6421 283.767 -10564.8 8721.6 3.7711 -18.1935 -76.6657 -283.767 -9869.7 -3850.5 -3.7711
-6.66272 17.0437 330.656 -2449.77 -843.484 3.64444 6.64351 -17.0608 -330.656 -2095.45 -930.013 -3.64444
-35.0448 -55.6419 450.877 7555.11 -11667.6 3.40971 35.034 55.6473 -450.877 7283.52 2285.8 -3.40971
-61.2935 -98.9351 377.898 13451.3 -19798.9 3.06453 61.2887 98.9437 -377.898 12931.6 3394.42 -3.06453
-82.0308 -127.757 312.763 17316.7 -26862.3 2.61775 82.024 127.779 -312.763 16749.3 4918.65 -2.61775
-95.6037 -142.584 352.901 19346.4 -33463.4 2.08774 95.5996 142.626 -352.901 18680 7863.48 -2.08774
-104.545 -140.792 376.386 19061.4 -38906.5 1.49203 104.569 140.847 -376.386 18491.5 10885.8 -1.49203
-111.488 -121.941 330.65 16498.5 -42913.8 0.841971 111.541 121.99 -330.65 16023.1 13040.2 -0.841971
-118.668 -93.2478 308.808 12571.8 -46294.1 0.146885 118.733 93.2614 -308.808 12292.9 14503.1 -0.146885
-123.805 -59.8786 329.11 8008.49 -48893.1 -0.579369 123.894 59.8822 -329.11 7959 15708.9 0.579369
-124.353 -26.8203 330.343 3511.81 -49890.6 -1.31651 124.451 26.8014 -330.343 3638.23 16553.8 1.31651
-120.639 0.703365 304.678 -200.951 -49228.2 -2.04125 120.734 -0.759195 -304.678 7.13572 16897.1 2.04125
-114.807 19.935 296.172 -2786.18 -47512.3 -2.73101 114.899 -19.975 -296.172 -2532.93 16745.7 2.73101
-108.19 30.5037 303.553 -4209.34 -44938.5 -3.36614 108.251 -30.5353 -303.553 -3926.57 15944.3 3.36614
-101.062 34.3778 300.34 -4721.76 -41448 -3.93018 101.096 -34.4068 -300.34 -4446.65 14371.4 3.93018
-92.5136 33.2421 291.427 -4557.48 -37136.2 -4.40713 92.5226 -33.2653 -291.427 -4307.17 12360.6 4.40713
-81.5366 29.0407 292.553 -3978.12 -32176.9 -4.78 81.5182 -29.0541 -292.553 -3765.11 10347.1 4.78
-67.7615 24.4173 297.849 -3357.26 -26605.7 -5.03316 67.7555 -24.4078 -297.849 -3150.34 8462.53 5.03316
-51.0461 22.4161 295.574 -3110.24 -20376.5 -5.15478 51.0505 -22.3838 -295.574 -2860.71 6707.5 5.15478
-32.4191 25.2465 291.6 -3514.42 -13661.3 -5.1367 32.4416 -25.222 -291.6 -3211.96 4976.01 5.1367
-13.6844 33.1283 299.213 -4657.97 -6622.39 -4.97393 13.7145 -33.1045 -299.213 -4169.47 2950.39 4.97393
4.42047 42.7703 344.578 -6131.62 1446.83 -4.66554 -4.40356 -42.7535 -344.578 -5267.85 -268.379 4.66554
27.7465 44.9586 374.571 -6291.06 10216.9 -4.21529 -27.7559 -44.9476 -374.571 -5694.53 -2789.35 4.21529
45.1388 44.5943 329.989 -6150.28 16767 -3.63207 -45.1834 -44.5854 -329.989 -5738.17 -4679.47 3.63207
56.8922 42.0921 315.49 -5806.25 22286.2 -2.9354 -56.9513 -42.0865 -315.49 -5415.4 -7045.73 2.9354
65.5986 35.6926 336.979 -4915.22 27190.7 -2.15549 -65.6402 -35.6879 -336.979 -4601.03 -9607.29 2.15549
74.9608 25.8963 333.871 -3560.04 31385.5 -1.32008 -74.9988 -25.919 -333.871 -3347.98 -11291.8 1.32008
85.393 14.5954 314.56 -2009.55 34964.5 -0.448547 -85.416 -14.6414 -314.56 -1888.2 -12086.7 0.448547
94.0187 2.71366 316.971 -410.048 37940.4 0.440328 -94.0421 -2.76301 -316.971 -320.168 -12752.7 -0.440328
97.845 -8.46771 326.348 1086.92 39896.8 1.32213 -97.8787 8.4176 -326.348 1164.07 -13676.4 -1.32213
97.1473 -16.5022 320.853 2166.06 40663.5 2.16906 -97.1844 16.4742 -320.853 2230.07 -14626.7 -2.16906
95.3167 -19.4247 312.34 2570.44 40659.7 2.95465 -95.3558 19.4052 -312.34 2605.99 -15113.3 -2.95465
94.9572 -16.3286 312.912 2159.57 40241.1 3.65563 -94.9911 16.3698 -312.912 2199.47 -14792.7 -3.65563
95.1757 -6.37219 314.446 826.617 39260.1 4.25393 -95.2141 6.42236 -314.446 879.034 -13757.1 -4.25393
92.7415 7.84214 310 -1070.68 37337.5 4.73693 -92.7839 -7.83278 -310 -1018.93 -12492.4 -4.73693
86.0171 20.275 305.438 -2729.72 34361.2 5.09387 -86.0578 -20.2854 -305.438 -2677.24 -11320.9 -5.09387
76.6232 25.8718 303.792 -3485.13 30551.7 5.31507 -76.654 -25.8936 -303.792 -3415.4 -10029.8 -5.31507
67.069 20.2985 299.917 -2725.3 26196.3 5.39486 -67.0905 -20.3758 -299.917 -2696.55 -8238.38 -5.39486
57.9534 -0.0146291 296.125 32.5251 21452.8 5.33255 -57.9659 -0.0740902 -296.125 -40.245 -5943.44 -5.33255
48.2934 -34.8552 303.147 4756.97 16292.6 5.132 -48.3012 34.8023 -303.147 4528.33 -3375.76 -5.132
34.8533 -74.5492 320.948 10268.7 10253.5 4.801 -34.8648 74.506 -320.948 9600.84 -936.565 -4.801
14.724 -109.167 343.222 15165.3 2896.72 4.34777 -14.733 109.131 -343.222 13936.4 1033.55 -4.34777
-7.54246 -132.318 357.329 18300.6 -4836.37 3.78147 7.54679 132.309 -357.329 16979.2 2805.79 -3.78147
-26.3358 -139.669 345.933 19184.3 -11652.5 3.11862 26.3511 139.698 -345.933 18060.5 4588.63 -3.11862
-39.3326 -130.742 335.679 17847.4 -17499.1 2.38231 39.3475 130.743 -335.679 17013.1 6950.58 -2.38231
-50.8193 -109.625 341.132 14913 -22888.1 1.59574 50.8249 109.596 -341.132 14313.5 9257.1 -1.59574
-66.5843 -80.5611 345.598 10886.6 -28339.7 0.77951 66.5662 80.5177 -345.598 10589.2 10489.5 -0.77951
-85.1321 -50.4068 339.873 6734.15 -33588.6 -0.0504414 85.0953 50.3414 -339.873 6698.26 10782.2 0.0504414
-101.664 -24.5355 338.286 3180.52 -38290.2 -0.881392 101.605 24.4754 -338.286 3354.58 11066 0.881392
-112.392 -7.37497 341.819 878.726 -42042.8 -1.69665 112.345 7.35441 -341.819 1086.11 11942.4 1.69665
-117.344 2.88705 337.301 -477.595 -44682.2 -2.47517 117.341 -2.88341 -337.301 -290.543 13246.8 2.47517
-118.875 9.04315 327.639 -1287.88 -46325 -3.19781 118.902 -9.00636 -327.639 -1117.19 14474.6 3.19781
-119.994 15.7886 321.394 -2181.97 -47220 -3.84898 120.038 -15.6902 -321.394 -2013.36 15068.4 3.84898
-121.182 27.5757 316.538 -3785.06 -47305 -4.41554 121.259 -27.4838 -316.538 -3553.92 14835.1 4.41554
-119.514 45.7222 308.115 -6249.36 -46132.8 -4.8863 119.622 -45.6504 -308.115 -5930.46 14112.5 4.8863
-112.61 68.0618 299.593 -9313.09 -43408.7 -5.25065 112.721 -67.9978 -299.593 -8823.57 13241.5 5.25065
-101.771 90.409 293.487 -12384.7 -39304.6 -5.49799 101.872 -90.3592 -293.487 -11711.6 12043.5 5.49799
-89.8385 107.468 286.303 -14721.5 -34187.7 -5.62 89.8973 -107.481 -286.303 -13930.7 10132.3 5.62
-78.6728 112.162 278.909 -15351.8 -28457.7 -5.61253 78.6808 -112.226 -278.909 -14557.9 7406.92 5.61253
-67.3374 99.5542 274.776 -13619.6 -22286.7 -5.47508 67.2927 -99.6421 -274.776 -12931.6 4286.03 5.47508
-53.5443 69.065 275.36 -9425.06 -15677.5 -5.20951 53.4913 -69.1535 -275.36 -8997.53 1375.33 5.20951
-35.8592 20.3859 290.307 -2791.29 -8546.01 -4.81841 35.8175 -20.4824 -290.307 -2655.19 -1023.68 4.81841
-8.67991 -50.9844 362.453 7231.56 682.572 -4.30373 8.62535 50.8943 -362.453 6348.97 -2983.96 4.30373
22.4361 -102.809 399.587 14242.2 9717.79 -3.66987 -22.4754 102.736 -399.587 13162.7 -3697.85 3.66987
41.9214 -139.334 331.825 19055 16242.6 -2.93213 -41.9418 139.263 -331.825 18085.8 -5014.78 2.93213
55.1131 -160.107 314.742 21878.7 21959.3 -2.11772 -55.1224 160.053 -314.742 20802.2 -7199.15 2.11772
68.9332 -163.397 349.38 22310 27677.3 -1.25225 -68.9257 163.374 -349.38 21256.4 -9206.29 1.25225
86.1149 -143.679 343.437 19541 33061.1 -0.351283 -86.099 143.663 -343.437 18768 -9995.31 0.351283
102.205 -104.705 316.632 14175.9 37684.1 0.5719 -102.194 104.696 -316.632 13739.8 -10324.5 -0.5719
113.335 -52.2453 322.024 6988.31 41495.6 1.49762 -113.312 52.2427 -322.024 6941.28 -11156.6 -1.49762
120.436 6.25788 341.898 -909.651 44415.6 2.4 -120.381 -6.261 -341.898 -759.546 -12168.3 -2.4
127.042 62.0816 332.656 -8477.66 46494.5 3.25224 -126.973 -62.0794 -332.656 -8075.45 -12485.5 -3.25224
133.181 107.914 317.564 -14736.9 47994 4.03074 -133.1 -107.898 -317.564 -14033.8 -12353.4 -4.03074
137.35 139.73 317.349 -19050.7 48988.2 4.71621 -137.245 -139.705 -317.349 -18202 -12236.9 -4.71621
138.931 154.518 319.683 -21044.3 49379.3 5.29242 -138.81 -154.477 -319.683 -20149.6 -12206.2 -5.29242
138.686 153.007 311.158 -20819.7 49240.2 5.74377 -138.563 -152.948 -311.158 -19968 -12137.6 -5.74377
136.797 136.746 305.667 -18580.8 48658.8 6.05541 -136.699 -136.678 -305.667 -17869.3 -12061 -6.05541
132.397 108.813 308.571 -14756.3 47516.8 6.21653 -132.344 -108.753 -308.571 -14247.6 -12087.4 -6.21653
125.274 72.717 308.921 -9805.6 45598.4 6.2216 -125.239 -72.668 -308.921 -9575.62 -12070.4 -6.2216
116.784 32.3788 306.029 -4285.31 42975.7 6.07014 -116.771 -32.3245 -306.029 -4340.18 -11717 -6.07014
107.814 -5.5763 305.206 825.139 39708.6 5.7668 -107.83 5.62697 -305.206 668.446 -10847.9 -5.7668
97.315 -37.4632 303.577 5125.85 35639.9 5.32043 -97.3527 37.5073 -303.577 4868.32 -9588.57 -5.32043
83.8713 -59.7156 300.717 8183.78 30610.7 4.74253 -83.9138 59.7588 -300.717 7742.75 -8158.93 -4.74253
67.8977 -69.3071 294.778 9485.11 24719.3 4.04665 -67.9486 69.3491 -294.778 8998.01 -6543.98 -4.04665
49.9986 -66.9938 289.05 9172.05 18108.5 3.24892 -50.0546 67.034 -289.05 8693.54 -4724.68 -3.24892
31.2675 -55.6134 291.048 7637.2 10946.3 2.3686 -31.3117 55.6435 -291.048 7192.47 -2578 -2.3686
13.1808 -37.8526 310.146 5313.32 3075.06 1.42781 -13.2192 37.8566 -310.146 4777.58 448.811 -1.42781
-12.3764 -9.48695 388.529 1261.5 -6967.97 0.449357 12.3588 9.46985 -388.529 1265.85 3646.81 -0.449357
-38.3347 12.9843 371.834 -1869.08 -15306.7 -0.542795 38.3334 -12.9799 -371.834 -1591.88 5035.2 0.542795
-60.3015 29.1127 322.414 -4031.94 -22424.1 -1.51951 60.2921 -29.0869 -322.414 -3725.94 6281.37 1.51951
-77.3616 42.8595 338.41 -5882.03 -29170.8 -2.45158 77.3514 -42.8279 -338.41 -5540.71 8452.08 2.45158
-91.4216 55.8205 363.191 -7638.78 -35247.5 -3.32026 91.427 -55.7507 -363.191 -7235.62 10746.2 3.32026
-104.522 69.3256 341.246 -9470.98 -40299.5 -4.11211 104.551 -69.2299 -341.246 -9000.3 12291.7 4.11211
-116.828 84.2981 321.17 -11502.2 -44581.8 -4.80946 116.868 -84.2107 -321.17 -10961.5 13286.4 4.80946
-126.655 98.3443 329.778 -13389.3 -47995.2 -5.39377 126.717 -98.2619 -329.778 -12820.9 14061.1 5.39377
-131.92 108.353 330.228 -14733.6 -49938.8 -5.84913 132.023 -108.287 -330.228 -14147.7 14588.3 5.84913
-131.877 111.643 311.05 -15177.3 -50168.4 -6.16188 131.984 -111.584 -311.05 -14580.8 14838.2 6.16188
-128.26 106.4 298.036 -14454.1 -49022 -6.32366 128.352 -106.373 -298.036 -13909.4 14668.3 6.32366
-123.48 90.7465 298.537 -12307.7 -46830 -6.33193 123.561 -90.7367 -298.537 -11884.6 13759.3 6.33193
-117.438 65.1507 295.245 -8791.61 -43536.7 -6.1862 117.493 -65.1289 -295.245 -8574.58 12093.5 6.1862
-108.784 32.9948 288.444 -4397.58 -39132.6 -5.88692 108.81 -32.9807 -288.444 -4396.36 10018.5 5.88692
-97.1165 -1.10545 288.266 181.347 -33812.9 -5.43726 97.1002 1.10057 -288.266 113.491 7832.13 5.43726
-81.9401 -34.6272 292.216 4701.01 -27640.2 -4.84521 81.9559 34.6073 -292.216 4528.62 5718.91 4.84521
-61.478 -62.0976 293.093 8456.27 -20418.8 -4.12458 61.5076 62.0755 -293.093 8096.43 3971.17 4.12458
-35.5793 -80.5494 291.316 11052.2 -12109 -3.2937 35.6257 80.5218 -291.316 10418.4 2585.67 3.2937
-8.75664 -89.0451 308.487 12345.1 -3059 -2.37294 8.81758 89.0115 -308.487 11389.8 706.848 2.37294
16.9559 -84.9937 369.712 11797.4 6880.86 -1.38437 -16.9095 84.9708 -369.712 10861.2 -2346.58 1.38437
43.5708 -64.3456 371.848 8778.1 16273.8 -0.354106 -43.5194 64.3232 -371.848 8375.77 -4612.51 0.354106
66.7486 -38.0328 334.139 5144.27 24462.4 0.684437 -66.7376 37.9904 -334.139 4990.32 -6594.56 -0.684437
86.327 -12.8681 339.324 1718.85 32085.2 1.69467 -86.3608 12.7926 -339.324 1702.03 -8963.45 -1.69467
102.166 4.98846 358.326 -667.684 38784.4 2.64885 -102.189 -5.07243 -358.326 -673.903 -11409 -2.64885
116.918 14.0156 342.527 -1862.94 44368.9 3.52874 -116.952 -14.1052 -342.527 -1886.34 -13045 -3.52874
131.351 12.5235 324.21 -1654.71 49080.8 4.31517 -131.383 -12.6175 -324.21 -1697.06 -13903.1 -4.31517
143.065 1.37536 328.776 -149.344 52815.6 4.98679 -143.104 -1.43124 -328.776 -224.849 -14499.8 -4.98679
149.351 -15.5555 331.586 2127.55 55033.3 5.52509 -149.412 15.5149 -331.586 2014.72 -15029.5 -5.52509
149.756 -32.1825 319.268 4393.74 55506.6 5.9156 -149.822 32.1799 -319.268 4186.86 -15399.3 -5.9156
145.993 -42.4682 307.37 5788.09 54522.3 6.14973 -146.067 42.5433 -307.37 5545.01 -15426.6 -6.14973
138.913 -41.6569 304.367 5665.3 52199 6.22687 -139.001 41.6674 -304.367 5442.75 -14997.4 -6.22687
128.256 -32.2058 299.563 4377.56 48427.7 6.15097 -128.355 32.1836 -299.563 4206.12 -14079.5 -6.15097
114.229 -18.8105 289.718 2558.09 43244.7 5.92643 -114.317 18.814 -289.718 2457.43 -12657.7 -5.92643
98.7895 -4.231 283.871 593.19 37057.1 5.55885 -98.8247 4.21143 -283.871 532.227 -10614.2 -5.55885
83.1867 8.21919 283.538 -1065.51 30224.8 5.05707 -83.2 -8.22345 -283.538 -1126.24 -7965.52 -5.05707
65.6286 16.9379 284.583 -2237.14 22724.8 4.43404 -65.6259 -16.9212 -284.583 -2276.05 -5171.03 -4.43404
43.7858 21.3765 286.101 -2840.52 14446.3 3.70622 -43.7863 -21.3632 -286.101 -2856.09 -2738.66 -3.70622
18.2424 20.614 300.563 -2813.43 5322.58 2.89036 -18.254 -20.5914 -300.563 -2678.34 -446.735 -2.89036
-15.5196 11.4642 385.108 -1684.29 -6273.32 2.00001 15.4862 -11.4366 -385.108 -1368.17 2121.93 -2.00001
-48.0977 -0.959532 393.603 39.3852 -16255 1.0499 48.041 0.990183 -393.603 220.831 3386.7 -1.0499
-74.6106 -9.27743 334.525 1168.26 -24544.7 0.0676051 74.5389 9.31195 -334.525 1310.38 4591.12 -0.0676051
-95.0552 -14.389 343.903 1863.7 -32443.5 -0.910162 94.9831 14.4114 -343.903 1976.65 7008.12 0.910162
-111.417 -16.5827 377.821 2162.16 -39805.1 -1.85612 111.344 16.5973 -377.821 2262.74 9964.97 1.85612
-127.513 -15.2814 361.074 1999.14 -46304.1 -2.75511 127.459 15.2992 -361.074 2079.12 12150.7 2.75511
-143.453 -10.1008 334.012 1330.86 -52112.4 -3.59167 143.439 10.1341 -334.012 1367.9 13696.8 3.59167
-155.662 -1.20747 338.752 150.328 -57037 -4.34412 155.679 1.25319 -338.752 178.896 15340.9 4.34412
-161.852 10.1396 343.295 -1357.08 -60400.7 -4.9884 161.903 -10.1084 -343.295 -1341.27 17032.4 4.9884
-163.719 20.5342 326.233 -2753.96 -62040 -5.50282 163.786 -20.535 -326.233 -2720.28 18175.3 5.50282
-163.999 26.4313 308.475 -3544.8 -62454.1 -5.87121 164.051 -26.465 -308.475 -3505.97 18526.7 5.87121
-163.283 23.6604 304.693 -3161.2 -61873.8 -6.08618 163.327 -23.7416 -304.693 -3156.99 18143.6 6.08618
-160.044 10.6297 303.743 -1377.68 -60042.9 -6.14677 160.068 -10.671 -303.743 -1460.87 17186.2 6.14677
-153.155 -8.98302 296.844 1278.53 -56882.9 -6.05277 153.146 8.97315 -296.844 1116.17 15882.4 6.05277
-143.149 -28.1252 291.309 3870.5 -52657.5 -5.80533 143.119 28.1336 -291.309 3630.13 14344.4 5.80533
-131.534 -42.0938 290.83 5736.87 -47720.1 -5.41068 131.457 42.1218 -290.83 5490.42 12525.6 5.41068
-119.982 -47.2336 291.148 6408.19 -42411.4 -4.88146 119.863 47.2445 -291.148 6186.95 10319.6 4.88146
-107.868 -42.4858 289.223 5730.45 -36818.8 -4.23669 107.768 42.4963 -289.223 5598.52 7973.28 4.23669
-92.5027 -28.2468 287.952 3764.7 -30772.6 -3.49992 92.4015 28.2601 -287.952 3768.19 6042.41 3.49992
-73.987 -5.65627 290.189 712.118 -24352.9 -2.69568 73.8958 5.6706 -290.189 798.144 4575.3 2.69568
-54.346 23.4238 294.543 -3193.49 -17699.3 -1.84755 54.3298 -23.4015 -294.543 -3047.75 3165.86 1.84755
-33.6117 53.9082 300.992 -7396.97 -10620.2 -0.978624 33.6148 -53.8883 -300.992 -6971.53 1630.76 0.978624
-12.9508 79.0348 325.535 -10971.1 -3080.28 -0.111258 12.9345 -79.0291 -325.535 -10099.1 -378.349 0.111258
9.0185 93.2961 359.808 -12974.8 5153.57 0.732575 -9.02627 -93.294 -359.808 -11900.3 -2732.11 -0.732575
31.3008 92.793 345.74 -12746.2 12720.9 1.528 -31.3123 -92.7939 -345.74 -11995.2 -4335.84 -1.528
48.7429 81.9054 326.043 -11166.8 19137.3 2.24933 -48.7907 -81.9093 -326.043 -10671.4 -6078.86 -2.24933
61.8508 62.0556 336.892 -8414.63 24798.3 2.87941 -61.8889 -62.0556 -336.892 -8131.23 -8224.24 -2.87941
73.6887 35.0794 345.002 -4702.99 29753.5 3.41061 -73.7167 -35.0697 -345.002 -4649.19 -10004.5 -3.41061
86.7577 5.88558 334.474 -730.317 34080.7 3.83667 -86.8007 -5.87103 -334.474 -836.998 -10834.5 -3.83667
99.0902 -20.6618 327.024 2815.49 37694.6 4.14994 -99.1181 20.6831 -327.024 2696.52 -11154.5 -4.14994
108.724 -41.6461 330.684 5651.78 40474.4 4.34424 -108.72 41.6608 -330.684 5454.57 -11360.5 -4.34424
114.787 -55.3426 328.895 7516.02 42238.9 4.41703 -114.795 55.3392 -328.895 7239.81 -11502.5 -4.41703
116.94 -61.5954 319.288 8365.82 42924.2 4.37188 -116.952 61.5791 -319.288 8055.1 -11615.3 -4.37188
116.074 -62.3377 313.872 8460.5 42684.8 4.21842 -116.081 62.3017 -313.872 8155.46 -11610.4 -4.21842
113.576 -59.6212 312.879 8084.07 41642.5 3.96858 -113.599 59.5783 -312.879 7806.59 -11236 -3.96858
109.37 -54.57 308.303 7390.55 39706.1 3.63417 -109.402 54.5469 -308.303 7155.76 -10428.3 -3.63417
102.626 -46.6552 301.41 6303.79 36795 3.22754 -102.66 46.6547 -301.41 6135 -9327.33 -3.22754
92.9865 -34.89 297.749 4690.11 32943 2.76255 -93.022 34.9043 -297.749 4613.72 -8058.24 -2.76255
80.3997 -18.9394 296.415 2526.02 28178.5 2.25494 -80.4407 18.969 -296.415 2527.19 -6663.41 -2.25494
65.0746 0.415305 294.355 -62.19 22544.5 1.72173 -65.1199 -0.390319 -294.355 -45.2582 -5131.58 -1.72173
47.8579 20.8952 294.605 -2827.13 16178.4 1.17929 -47.8993 -20.9073 -294.605 -2744.89 -3374.49 -1.17929
29.6011 36.7835 299.81 -5026.52 9159.35 0.64125 -29.6284 -36.8217 -299.81 -4784.25 -1244.31 -0.64125
9.427 42.8676 328.958 -6066.11 940.191 0.116718 -9.42441 -42.9155 -328.958 -5367.89 1571.03 -0.116718
-16.2321 32.2207 381.768 -4524.89 -8095.55 -0.388646 16.2611 -32.2662 -381.768 -4071.49 3735.09 0.388646
-39.2785 12.4014 354.23 -1721.35 -15369.2 -0.865315 39.3223 -12.4225 -354.23 -1587.49 4840.6 0.865315
-57.9462 -7.57023 326.046 997.252 -21527.7 -1.29812 57.9779 7.58406 -326.046 1023.45 6007.97 1.29812
-72.6565 -23.1766 345.371 3105.33 -27124.5 -1.678 72.6897 23.2112 -345.371 3079.59 7658.25 1.678
-84.7524 -31.1429 352.686 4183.77 -31810.2 -2.00795 84.7966 31.1768 -352.686 4125.52 9097.84 2.00795
-95.4485 -31.2112 329.073 4180.94 -35469.7 -2.29433 95.4929 31.2299 -329.073 4144.19 9901.18 2.29433
-104.837 -27.4336 319.042 3662.01 -38391.9 -2.53922 104.877 27.3952 -319.042 3648.11 10315.9 2.53922
-111.782 -24.0139 326.268 3195.3 -40461.9 -2.7406 111.823 23.9643 -326.268 3201.71 10525 2.7406
-114.824 -22.6783 322.331 3021.26 -41279.3 -2.89545 114.868 22.6424 -322.331 3021.42 10530.5 2.89545
-113.532 -22.1309 308.438 2952.98 -40795.1 -3.00327 113.578 22.1129 -308.438 2945.89 10398.1 3.00327
-109.077 -19.6901 303.418 2619.8 -39301.7 -3.0666 109.1 19.7035 -303.418 2632.38 10102 3.0666
-103.315 -10.8173 304.427 1420.8 -37049.4 -3.08801 103.322 10.9078 -304.427 1475.96 9394.89 3.08801
-96.9141 8.79805 300.657 -1209.93 -34124.2 -3.06698 96.8985 -8.70192 -300.657 -1122.38 8190.57 3.06698
-89.1259 39.1041 297.826 -5311.56 -30582.1 -3.00011 89.1026 -39.021 -297.826 -5102.32 6738.59 3.00011
-77.916 74.3143 303.486 -10135.3 -26319.4 -2.88314 77.9136 -74.2562 -303.486 -9669.51 5473.19 2.88314
-61.0151 106.526 303.7 -14575.4 -21034.1 -2.71289 61.0346 -106.489 -303.7 -13820.4 4705.08 2.71289
-40.5039 128.346 297.742 -17596.5 -14966.1 -2.48827 40.5452 -128.386 -297.742 -16626.7 4119.09 2.48827
-20.311 134.321 294.338 -18447.4 -8568.53 -2.21118 20.3573 -134.344 -294.338 -17365.9 3121.4 2.21118
-2.80385 125.079 302.845 -17223.5 -2055.04 -1.88537 2.86646 -125.038 -302.845 -16117.6 1291.03 1.88537
15.287 104.931 335.423 -14496 5258.9 -1.51362 -15.2276 -104.902 -335.423 -13476.5 -1178.38 1.51362
37.8493 74.1031 353.282 -10137.6 13005.1 -1.09788 -37.7996 -74.0426 -353.282 -9612.18 -2884.32 1.09788
58.9763 41.4194 343.346 -5592.36 19969 -0.644988 -58.932 -41.3273 -343.346 -5438.79 -4194.09 0.644988
77.3021 15.3837 338.232 -2048.08 26270.7 -0.170048 -77.2689 -15.2884 -338.232 -2041.03 -5588.68 0.170048
91.8909 0.130855 345.455 -9.35913 31879.7 0.31029 -91.8608 -0.051857 -345.455 -15.1238 -7285.8 -0.31029
103.15 -5.5735 343 744.908 36628.7 0.785547 -103.121 5.64013 -343 749.944 -9015.74 -0.785547
113.12 -3.25812 332.572 433.982 40687 1.24927 -113.083 3.31647 -332.572 442.347 -10406.3 -1.24927
123.725 4.79864 329.045 -642.809 44356.9 1.69318 -123.654 -4.76647 -329.045 -632.579 -11242.8 -1.69318
134.608 15.1418 330 -2023.93 47608.5 2.10627 -134.54 -15.1317 -330 -2012.27 -11582.4 -2.10627
142.448 23.7191 326.379 -3179.39 50010.8 2.47695 -142.396 -23.7352 -326.379 -3147.3 -11886.8 -2.47695
144.856 27.684 319.609 -3714.13 51288.6 2.79436 -144.801 -27.7127 -319.609 -3671.28 -12521.5 -2.79436
143.308 25.465 315.72 -3413.97 51610.7 3.05024 -143.268 -25.5 -315.72 -3380.55 -13253.9 -3.05024
140.211 17.1103 313.183 -2277.16 51161.3 3.24024 -140.186 -17.1493 -313.183 -2290.19 -13629.9 -3.24024
136.898 3.98683 309.29 -503.712 50021.9 3.36225 -136.865 -4.0052 -309.29 -561.806 -13380.3 -3.36225
133.249 -10.5357 305.806 1445.06 48214.5 3.41393 -133.219 10.5327 -305.806 1363.46 -12553.5 -3.41393
127.178 -22.4016 304.275 3043.58 45562.2 3.39289 -127.161 22.4082 -304.275 2929.91 -11527.6 -3.39289
116.656 -28.8031 302.009 3900.54 41855.1 3.298 -116.644 28.8325 -302.009 3782.68 -10637 -3.298
102.18 -27.2549 297.833 3684.94 37173.2 3.13028 -102.174 27.2978 -297.833 3587.18 -9828.22 -3.13028
86.1187 -16.8219 294.266 2271.65 31830.5 2.89374 -86.1195 16.8743 -294.266 2220.07 -8782.77 -2.89374
70.1176 0.853413 292.872 -93.4973 26061.8 2.59524 -70.1257 -0.825031 -292.872 -130.341 -7296.07 -2.59524
54.0309 21.5383 293.129 -2893.82 19886.3 2.24273 -54.0458 -21.5366 -293.129 -2848.02 -5426.62 -2.24273
36.6957 39.2937 293.746 -5301.43 13212.5 1.84392 -36.7186 -39.2944 -293.746 -5173.92 -3392.87 -1.84392
15.892 50.5249 302.928 -6967.91 5670.79 1.4057 -15.9308 -50.5505 -302.928 -6504.48 -1415.04 -1.4057
-7.84617 49.3878 344.32 -6933.76 -3093.77 0.933707 7.8022 -49.4456 -344.32 -6240.33 998.91 -0.933707
-35.5949 30.2968 376.94 -4160.53 -12082.4 0.434543 35.5493 -30.3442 -376.94 -3923.35 2561.44 -0.434543
-58.4535 4.03906 344.039 -582.183 -19439.2 -0.0783641 58.4024 -4.08716 -344.039 -500.749 3803.65 0.0783641
-76.5051 -23.2916 336.57 3102 -26106.7 -0.58525 76.4799 23.2267 -336.57 3100.03 5632.75 0.58525
-88.3372 -49.6499 358.808 6716.63 -31982.8 -1.07029 88.3565 49.6074 -358.808 6517.41 8317.75 1.07029
-96.3107 -70.3191 354.579 9563.38 -36719.4 -1.52647 96.3487 70.2903 -354.579 9184.14 10906.2 1.52647
-104.63 -81.8655 330.697 11142.5 -40648.1 -1.94935 104.699 81.8446 -330.697 10683.9 12606.7 1.94935
-114.237 -82.9241 324.227 11276.9 -44032.4 -2.33155 114.313 82.9526 -324.227 10838.1 13420.4 2.33155
-123.099 -70.2333 327.244 9524.45 -46548.1 -2.66335 123.159 70.3244 -327.244 9215.25 13566.7 2.66335
-128.721 -43.1329 319.816 5805.42 -47773 -2.93547 128.784 43.1799 -319.816 5702.23 13293.7 2.93547
-129.579 -8.60735 310.347 1123.5 -47599.4 -3.14139 129.621 8.63432 -310.347 1175.7 12900.5 3.14139
-126.669 27.003 308.39 -3670.94 -46258.7 -3.27908 126.689 -26.9713 -308.39 -3523.79 12344.2 3.27908
-121.473 57.1499 306.72 -7760.4 -43922.3 -3.34963 121.479 -57.1579 -306.72 -7477.39 11403.7 3.34963
-114.651 76.2332 300.432 -10372.9 -40720.6 -3.35434 114.625 -76.269 -300.432 -9956.16 10039 3.35434
-106.557 79.9304 292.607 -10875.4 -36872.9 -3.29393 106.504 -79.9555 -292.607 -10437.5 8368.98 3.29393
-97.1298 69.6659 290.908 -9457.35 -32570.5 -3.16968 97.0539 -69.6957 -290.908 -9119.28 6597.62 3.16968
-85.3849 48.6119 293.275 -6567.51 -27837.3 -2.98469 85.2982 -48.6122 -293.275 -6391.95 5011.09 2.98469
-70.8614 21.9472 296.432 -2945.47 -22697.5 -2.74426 70.7821 -21.9342 -296.432 -2903.34 3756.57 2.74426
-55.0658 -4.28973 300.059 545.129 -17336 -2.45493 54.9748 4.30936 -300.059 601.521 2622.6 2.45493
-40.0196 -24.5235 304.785 3236.82 -11983.1 -2.12277 39.9338 24.5648 -304.785 3306.61 1295.44 2.12277
-24.5513 -33.7013 311.238 4565.89 -6465.29 -1.75253 24.4714 33.7487 -311.238 4424.68 -84.3167 1.75253
-7.50877 -30.4118 327.248 4279.69 -570.045 -1.34853 7.43461 30.4518 -327.248 3832.71 -1422.27 1.34853
14.2415 -14.3639 348.538 2008.98 5727.45 -0.915636 -14.2864 14.3917 -348.538 1823.89 -1910.72 0.915636
31.7417 4.98858 334.273 -685.353 10639.8 -0.46126 -31.7704 -4.96629 -334.273 -641.661 -2147.5 0.46126
44.176 19.9016 323.909 -2671.7 14489.2 0.00128874 -44.1904 -19.8855 -323.909 -2631.96 -2673.36 -0.00128874
53.663 27.7191 332.616 -3727.16 17807.3 0.45673 -53.6516 -27.7157 -332.616 -3662.67 -3453.89 -0.45673
62.0469 26.2063 333.542 -3515.06 20666.5 0.89553 -62.0188 -26.2242 -333.542 -3474.38 -4070.76 -0.89553
69.761 14.4607 324.506 -1914.41 23101.7 1.31118 -69.7422 -14.4966 -324.506 -1945.84 -4442.41 -1.31118
75.8592 -5.03961 325.599 693.675 25108 1.695 -75.8341 5.00222 -325.599 645.003 -4817.3 -1.695
79.8132 -28.2735 331.912 3815.13 26559.6 2.03761 -79.7871 28.2354 -331.912 3718.16 -5208.54 -2.03761
81.3653 -48.926 328.447 6630.74 27321.3 2.33047 -81.3485 48.9008 -328.447 6410.7 -5552.98 -2.33047
80.2415 -61.4872 320.246 8345.98 27391.9 2.56587 -80.2429 61.4767 -320.246 8046.32 -5921.7 -2.56587
76.5935 -63.4051 316.324 8609.9 26813.5 2.73837 -76.6068 63.398 -316.324 8294.07 -6315.85 -2.73837
71.6667 -54.3984 314.213 7384.44 25675.2 2.84526 -71.6729 54.3988 -314.213 7119 -6495.04 -2.84526
66.7572 -35.8363 310.364 4850.48 24106.2 2.88531 -66.7678 35.8458 -310.364 4705.06 -6239.81 -2.88531
61.759 -11.0604 308.462 1486.57 22150.9 2.85838 -61.7555 11.0561 -308.462 1461.62 -5625.7 -2.85838
56.2791 13.6854 310.213 -1838.02 19831.9 2.76585 -56.2428 -13.704 -310.213 -1813.02 -4779.3 -2.76585
49.8472 32.739 309.718 -4417.48 17187.7 2.61066 -49.7989 -32.756 -309.718 -4312.94 -3860.06 -2.61066
41.044 41.4477 305.449 -5591.49 14196.4 2.39702 -41.0028 -41.4654 -305.449 -5460.58 -3223.87 -2.39702
29.7851 40.1277 304.668 -5460.2 10935.3 2.1307 -29.7362 -40.1448 -304.668 -5239.59 -2973.6 -2.1307
19.3024 29.5358 306.87 -4049.5 7801.28 1.81922 -19.2583 -29.5371 -306.87 -3824.21 -2641.58 -1.81922
10.8175 12.6366 313.288 -1757.01 4828.91 1.47152 -10.7916 -12.6315 -313.288 -1610.72 -1936.7 -1.47152
1.87541 -6.59136 321.123 943.883 1564.97 1.09621 -1.86452 6.60436 -321.123 814.911 -1062.57 -1.09621
-8.48475 -18.7314 327.353 2636.68 -1794.6 0.699897 8.48323 18.7515 -327.353 2359.31 -471.227 -0.699897
-22.3159 -19.8179 330.035 2687.4 -5469.32 0.287976 22.2834 19.8337 -330.035 2597.88 -486.961 -0.287976
-33.3566 -11.5641 326.444 1499.19 -8565.03 -0.13128 33.3109 11.5641 -326.444 1583.82 -340.072 0.13128
-40.2127 2.51929 327.847 -398.773 -11083.4 -0.544718 40.1807 -2.52573 -327.847 -273.451 340.822 0.544718
-43.9672 18.6087 329.377 -2534.93 -13107.7 -0.939379 43.9404 -18.6196 -329.377 -2427.23 1355.74 0.939379
-47.3206 32.1217 327.024 -4351.79 -14837.4 -1.30667 47.2996 -32.1412 -327.024 -4214.25 2184.21 1.30667
-50.8115 40.4152 322.698 -5477.48 -16342.7 -1.63952 50.7953 -40.4292 -322.698 -5298.97 2753.36 1.63952
-53.8128 42.4055 320.039 -5749.25 -17585 -1.92987 53.7941 -42.3965 -320.039 -5554.77 3191.87 1.92987
-55.7016 38.7393 319.242 -5252.31 -18497.2 -2.16944 55.6812 -38.7166 -319.242 -5072.41 3597.54 2.16944
-56.1059 31.4045 318.359 -4252.36 -19025.1 -2.3512 56.087 -31.3491 -318.359 -4112.46 4015.29 2.3512
-54.9607 23.8121 317.263 -3227.25 -19157.9 -2.47066 54.9439 -23.7376 -317.263 -3110.85 4451.96 2.47066
-52.7409 19.1434 316.867 -2602.81 -18945.2 -2.52641 52.7285 -19.078 -316.867 -2491.8 4830.2 2.52641
-49.739 18.5805 316.463 -2534.57 -18409.6 -2.51971 49.7341 -18.5174 -316.463 -2410.28 5094.87 2.51971
-46.0856 22.1387 315.714 -3026.4 -17559.9 -2.45377 46.0837 -22.0836 -315.714 -2868.15 5220.69 2.45377
-42.0167 28.9283 315.188 -3958.07 -16436.6 -2.33327 42.0106 -28.8794 -315.188 -3747.42 5185.78 2.33327
-37.7354 36.8847 314.947 -5049.75 -15094.1 -2.16456 37.7261 -36.8547 -314.947 -4779.48 4988.94 2.16456
-33.5374 42.8955 314.696 -5865.96 -13613.8 -1.95567 33.5063 -42.8871 -314.696 -5568.66 4635.33 1.95567
-29.9991 43.4946 314.419 -5966.5 -12134 -1.71568 29.941 -43.5269 -314.419 -5633.1 4107.31 1.71568
-26.9795 33.0988 312.814 -4548.55 -10767 -1.45406 26.9351 -33.189 -312.814 -4287.03 3548.46 1.45406
-22.7322 7.43187 316.247 -1047.11 -9377.48 -1.18005 22.6858 -7.51064 -316.247 -944.307 3295.53 1.18005
-17.8177 -31.6226 327.168 4326.43 -7871.72 -0.901917 17.7692 31.5443 -327.168 4093.77 3103.32 0.901917
-12.3209 -72.1271 338.629 9999.76 -6200.66 -0.626563 12.2838 72.0457 -338.629 9219.64 2898.99 0.626563
-7.25341 -108.425 338.343 15003 -4664.85 -0.359935 7.22552 108.373 -338.343 13898.9 2716.36 0.359935
-2.97103 -136.761 329.593 18874.8 -3354.87 -0.107445 2.95051 136.722 -329.593 17584 2550.59 0.107445
0.329769 -153.363 324.091 21128.6 -2311.58 0.126285 -0.339562 153.356 -324.091 19760.8 2388.84 -0.126285
3.44337 -154.42 319.401 21258.6 -1344.04 0.337806 -3.43581 154.437 -319.401 19915.4 2251.69 -0.337806
6.54217 -138.11 310.294 19005.3 -394.669 0.524859 -6.51934 138.129 -310.294 17819.2 2128.98 -0.524859
9.42786 -106.371 303.459 14642.1 549.178 0.686373 -9.39385 106.394 -303.459 13719.7 1955.5 -0.686373
11.5077 -62.6415 306.338 8654.77 1470.54 0.822123 -11.4719 62.6693 -306.338 8048.29 1591.15 -0.822123
13.118 -2.06262 332.393 271.557 2590.56 0.931853 -13.0791 2.08023 -332.393 280.645 903.492 -0.931853
12.9982 59.5976 350.282 -8356.58 3487.66 1.01482 -12.9611 -59.575 -350.282 -7529.32 -20.7943 -1.01482
15.0047 100.355 329.4 -13921.3 4479.42 1.07008 -14.9755 -100.318 -329.4 -12829.9 -473.279 -1.07008
16.4191 129.91 313.877 -17908 5437.46 1.0982 -16.4018 -129.869 -313.877 -16722.3 -1049.5 -1.0982
15.9584 146.789 320.822 -20209.3 6254.71 1.10339 -15.9503 -146.749 -320.822 -18922.3 -1984.08 -1.10339
14.2057 149.214 320.593 -20527.5 6882.74 1.09125 -14.2019 -149.178 -320.593 -19251.3 -3075.02 -1.09125
13.6834 137.253 308.159 -18869.9 7545.15 1.0647 -13.679 -137.226 -308.159 -17719.8 -3874.45 -1.0647
15.185 114.585 307.099 -15755.5 8406.56 1.02475 -15.1769 -114.558 -307.099 -14790.1 -4333.45 -1.02475
18.0463 84.0296 316.19 -11558.8 9452.77 0.972759 -18.0317 -83.9992 -316.19 -10840 -4614.51 -0.972759
20.7073 48.6861 321.528 -6677.19 10464.8 0.909983 -20.6902 -48.6505 -321.528 -6297.86 -4914.61 -0.909983
22.2906 12.4705 322.674 -1683.18 11259.2 0.837702 -22.2754 -12.4376 -322.674 -1637.04 -5284.4 -0.837702
23.3666 -18.3611 324.43 2532.79 11811.7 0.757819 -23.3573 18.3708 -324.43 2363.6 -5546.99 -0.757819
23.677 -40.3129 322.839 5549.31 12122.9 0.671836 -23.6811 40.3104 -322.839 5198.01 -5772.22 -0.671836
23.1294 -53.7757 318.241 7399.39 12209.4 0.580305 -23.1474 53.7663 -318.241 6936.3 -6002.31 -0.580305
22.9549 -59.5947 314.53 8193.16 12203.7 0.483394 -22.9643 59.5672 -314.53 7691.44 -6044.45 -0.483394
24.5282 -58.8909 313.217 8082.85 12249.9 0.381512 -24.5295 58.8705 -313.217 7614.96 -5673.18 -0.381512
27.3493 -51.2057 311.547 7005.26 12301 0.276183 -27.3462 51.221 -311.547 6648.2 -4974.44 -0.276183
29.2959 -34.803 309.748 4726.05 12164.4 0.170095 -29.2942 34.8372 -309.748 4556.76 -4320.94 -0.170095
28.7789 -8.20555 312.5 1102.92 11646.5 0.0657395 -28.7876 8.27266 -312.5 1093.44 -3941.65 -0.0657395
26.7876 27.9795 317.815 -3833.5 10695.9 -0.0353649 -26.8147 -27.9249 -317.815 -3618.45 -3522.04 0.0353649
22.8096 64.6064 322.191 -8920.12 9139.07 -0.131797 -22.8589 -64.5682 -322.191 -8299.19 -3026.55 0.131797
17.1478 96.2501 321.645 -13304.8 7060.83 -0.221568 -17.2022 -96.2077 -321.645 -12351 -2462.55 0.221568
11.6094 120.013 318.201 -16574.4 4676.59 -0.302855 -11.6581 -119.976 -318.201 -15417.8 -1562.59 0.302855
7.23802 133.456 315.847 -18415.3 2160.78 -0.374537 -7.29449 -133.428 -315.847 -17162.2 -219.448 0.374537
1.26055 134.99 317.635 -18619.4 -828.24 -0.43596 -1.31233 -134.955 -317.635 -17366.4 1166.22 0.43596
-7.11196 124.035 320.016 -17095.8 -4178.26 -0.487355 7.06708 -124.003 -320.016 -15969.6 2273.28 0.487355
-17.2628 100.933 322.481 -13901.8 -7810.35 -0.530294 17.214 -100.92 -322.481 -13006.4 3189.19 0.530294
-27.3498 66.018 330.042 -9068.85 -11531 -0.566492 27.3004 -66.0155 -330.042 -8531.7 4208.95 0.566492
-36.3703 19.7463 342.543 -2711.13 -15132.2 -0.59617 36.3292 -19.7512 -342.543 -2553.78 5390.76 0.59617
-45.1539 -31.3439 349.026 4254.06 -18381.5 -0.618831 45.1314 31.3143 -349.026 4099.67 6283.07 0.618831
-52.5556 -78.4598 345.451 10707.1 -21180.8 -0.635561 52.543 78.426 -345.451 10209.2 7097.57 0.635561
-57.3957 -120.052 341.404 16423.6 -23464.8 -0.649487 57.3981 120.025 -341.404 15584 8080.41 0.649487
-61.7744 -151.065 337.063 20674.3 -25423 -0.664097 61.7848 151.051 -337.063 19604.5 8863.34 0.664097
-67.0545 -167.875 328.706 22957 -27103.5 -0.681458 67.0597 167.863 -328.706 21803.7 9133.64 0.681458
-72.8781 -168.549 320.491 23021 -28474.6 -0.702497 72.8794 168.539 -320.491 21918.7 8951.89 0.702497
-77.5021 -153.035 315.577 20864.8 -29370.7 -0.72847 77.5025 153.031 -315.577 19938.6 8615.53 0.72847
-79.3697 -123.519 312.742 16783.6 -29592.8 -0.760862 79.3698 123.508 -312.742 16148.5 8340.97 0.760862
-77.4111 -84.055 311.29 11374.1 -28996.1 -0.800423 77.4303 84.0344 -311.29 11034.4 8266.35 0.800423
-72.5867 -39.5655 309.536 5287.08 -27617.1 -0.846765 72.6255 39.545 -309.536 5259.38 8175.53 0.846765
-66.4815 4.36782 311.218 -671.024 -25572.9 -0.898004 66.5232 -4.39679 -311.218 -496.943 7764.41 0.898004
-60.1542 41.5808 311.152 -5730.96 -22904.6 -0.950955 60.1907 -41.6219 -311.152 -5359.99 6792.68 0.950955
-53.0228 65.6353 306.19 -9000.51 -19650.6 -1.00204 53.0489 -65.6835 -306.19 -8504.46 5453.41 1.00204
-44.038 75.246 301.974 -10320.5 -15842.7 -1.04708 44.0309 -75.3043 -301.974 -9747.7 4058.3 1.04708
-34.3825 69.4192 301.844 -9530.61 -11798 -1.0806 34.3476 -69.4864 -301.844 -8984.96 2604.26 1.0806
-24.5803 49.1285 303.396 -6754.6 -7637.21 -1.0968 24.5598 -49.2005 -303.396 -6351.55 1067.87 1.0968
-13.2686 13.1783 320.286 -1895.81 -3003.61 -1.0898 13.2549 -13.2342 -320.286 -1624.27 -538.207 1.0898
4.94286 -35.1984 355.73 4973.67 2840.7 -1.05163 -4.95368 35.159 -355.73 4404.66 -1514.2 1.05163
22.5891 -67.3162 352.433 9307.07 7952.2 -0.974448 -22.5984 67.2781 -352.433 8635.63 -1907.73 0.974448
33.1277 -89.1252 324.702 12199.5 11774.4 -0.857953 -33.1355 89.0927 -324.702 11558.3 -2910.08 0.857953
38.3224 -101.238 325.471 13844.2 14886.5 -0.707916 -38.3416 101.204 -325.471 13143.4 -4623.73 0.707916
42.5357 -103.285 333.455 14104.8 17629.3 -0.526168 -42.5579 103.242 -333.455 13428.1 -6230.71 0.526168
48.666 -94.875 322.54 12929 20100.2 -0.31046 -48.6853 94.8335 -322.54 12361.2 -7061.22 0.31046
56.2769 -78.4141 312.932 10637 22353.1 -0.0617362 -56.2941 78.3771 -312.932 10264.5 -7281.25 0.0617362
62.3638 -55.785 316.908 7549.81 24150.5 0.214046 -62.3624 55.7597 -316.908 7319.88 -7452.56 -0.214046
66.3107 -27.0378 319.476 3621.32 25387.5 0.507528 -66.2868 27.0189 -319.476 3584.78 -7636.3 -0.507528
68.9143 4.18584 317.132 -586.891 26130.2 0.807863 -68.879 -4.19695 -317.132 -530.785 -7684.93 -0.807863
70.6216 34.7524 316.648 -4725.5 26510.3 1.10545 -70.5704 -34.7688 -316.648 -4542.4 -7611.15 -1.10545
71.5108 59.6221 318.679 -8119.17 26619 1.39284 -71.4427 -59.6616 -318.679 -7782.61 -7484.39 -1.39284
71.6846 74.6466 316.562 -10151.9 26498.6 1.66203 -71.6124 -74.6836 -316.562 -9755.35 -7319.34 -1.66203
71.164 78.5963 313.373 -10677.3 26198.1 1.90206 -71.0908 -78.6343 -313.373 -10283 -7159.63 -1.90206
70.4767 71.8336 314.104 -9745.27 25827.2 2.10076 -70.3874 -71.8627 -314.104 -9410.67 -6975.35 -2.10076
70.6255 56.1839 316.778 -7600.66 25518.8 2.24836 -70.5197 -56.1943 -316.778 -7380.24 -6630.45 -2.24836
71.8381 34.8484 319.151 -4670.29 25330.4 2.33923 -71.7245 -34.8366 -319.151 -4619.23 -6121.12 -2.33923
73.0896 12.2944 321.777 -1602.98 25174.2 2.37103 -72.9716 -12.2719 -321.777 -1671.88 -5632.88 -2.37103
73.3616 -6.80798 323.373 946.087 24933.9 2.3429 -73.2466 6.84442 -323.373 873.936 -5320.72 -2.3429
72.4639 -19.9448 322.147 2704.78 24579.9 2.25442 -72.3559 19.9935 -322.147 2619.32 -5206.5 -2.25442
71.0058 -24.8559 318.837 3365.23 24174.1 2.10645 -70.9096 24.9068 -318.837 3268.43 -5189.71 -2.10645
70.0154 -21.203 316.115 2863.58 23809.8 1.90259 -69.9308 21.2612 -316.115 2797.09 -5089.61 -1.90259
69.8445 -9.9289 314.489 1339.79 23477.9 1.64912 -69.7704 9.99509 -314.489 1316.12 -4803.84 -1.64912
69.8349 7.03253 313.615 -924.136 23045.8 1.3538 -69.7758 -6.963 -313.615 -941.612 -4374.47 -1.3538
68.8999 27.9764 313.321 -3745.79 22338.9 1.02486 -68.847 -27.9046 -313.321 -3703.4 -3918.81 -1.02486
66.4988 49.5998 312.423 -6701.62 21288.8 0.670782 -66.445 -49.5265 -312.423 -6512.36 -3512.52 -0.670782
63.0665 69.871 312.325 -9466.06 19952 0.300731 -63.0209 -69.8082 -312.325 -9153.98 -3093.74 -0.300731
58.3676 87.6026 312.633 -11933.6 18278.4 -0.0750161 -58.3251 -87.5516 -312.633 -11415.5 -2677.14 0.0750161
53.4301 99.6984 310.974 -13611.6 16409.1 -0.445635 -53.385 -99.6732 -310.974 -12965.8 -2130.33 0.445635
48.1173 104.104 308.057 -14222.8 14379.7 -0.800608 -48.0652 -104.094 -308.057 -13531 -1524.82 0.800608
42.2982 100.046 307.916 -13684.5 12229 -1.13004 -42.2332 -100.029 -307.916 -12986.2 -933.503 1.13004
36.3935 87.5922 308.827 -11997.5 10077.3 -1.42481 -36.3188 -87.5839 -308.827 -11353.6 -363.49 1.42481
30.1308 67.7275 309.409 -9295.58 7973.2 -1.67691 -30.0535 -67.7175 -309.409 -8758.78 64.7973 1.67691
23.464 41.8471 314.009 -5766.85 5982.52 -1.87968 -23.3829 -41.8348 -314.009 -5387.09 272.586 1.87968
16.4075 9.07135 325.004 -1276.09 4090.63 -2.02775 -16.3437 -9.06564 -325.004 -1141.29 281.344 2.02775
7.22292 -25.1615 327.167 3566.86 1963.36 -2.11732 -7.19083 25.1503 -327.167 3138.98 -39.2533 2.11732
-0.400476 -49.4979 328.455 6932.8 176.734 -2.14699 0.421092 49.4777 -328.455 6260.17 -286.74 2.14699
-5.636 -66.8641 326.428 9291.96 -1248.65 -2.11853 5.64499 66.8273 -326.428 8529.12 -258.738 2.11853
-9.4415 -78.1814 322.085 10824.5 -2433.93 -2.03621 9.42883 78.1341 -322.085 10012.7 -88.0179 2.03621
-13.5786 -84.2053 319.958 11627.3 -3605.01 -1.90466 13.5644 84.1572 -319.958 10815.9 -22.3361 1.90466
-17.9442 -84.8088 318.271 11683.3 -4764.45 -1.72735 17.9305 84.7511 -318.271 10919.5 -29.2459 1.72735
-21.5314 -80.3982 316.051 11048.1 -5798.23 -1.5076 21.508 80.345 -316.051 10379.2 47.2577 1.5076
-24.2196 -71.2094 314.508 9759.79 -6695.09 -1.25022 24.198 71.164 -314.508 9218.6 225.066 1.25022
-26.3683 -57.5088 314.486 7834.58 -7514.82 -0.961692 26.3518 57.4576 -314.486 7490.23 469.315 0.961692
-27.7629 -40.4917 316.384 5456.36 -8186.62 -0.649355 27.7473 40.4427 -316.384 5331.9 767.396 0.649355
-28.5594 -21.2599 319.04 2805.86 -8660.05 -0.32052 28.5456 21.2137 -319.04 2855.75 1026.8 0.32052
-28.9354 -2.32341 320.026 245.44 -8908.8 0.0174624 28.9258 2.27456 -320.026 367.678 1173.95 -0.0174624
-28.0384 12.0952 319.95 -1702.37 -8843.49 0.356442 28.0369 -12.1423 -319.95 -1528.03 1346.46 -0.356442
-25.5888 19.4687 320.913 -2708.98 -8464.5 0.68773 25.5936 -19.5046 -320.913 -2485.58 1619.9 -0.68773
-22.1729 19.287 321.468 -2698.31 -7835.24 1.00318 22.1827 -19.312 -321.468 -2446.36 1901.53 -1.00318
-18.592 12.4254 321.778 -1769.39 -7028.65 1.2951 18.61 -12.4332 -321.778 -1543.78 2050.19 -1.2951
-14.6152 1.3153 323.028 -249.451 -5987.02 1.55561 14.647 -1.30462 -323.028 -99.5559 2069.3 -1.55561
-9.34041 -10.4438 323.585 1397.49 -4557 1.77719 9.3774 10.4698 -323.585 1390.19 2047.93 -1.77719
-3.0703 -19.6046 322.716 2727.96 -2736.31 1.95295 3.10598 19.6314 -322.716 2501.73 1902.81 -1.95295
2.45157 -24.1814 323.718 3410.5 -805.692 2.07645 -2.40626 24.2088 -323.718 3039.27 1447.63 -2.07645
8.24628 -24.6421 325.083 3501.62 1317.99 2.14274 -8.19257 24.6513 -325.083 3068.49 872.982 -2.14274
15.9295 -22.1368 325.95 3137.41 3852.8 2.14918 -15.8748 22.1348 -325.95 2763.4 392.038 -2.14918
22.6396 -18.5998 324.803 2595.59 6310.39 2.09501 -22.5919 18.5835 -324.803 2360.55 -269.487 -2.09501
26.9533 -16.2771 324.414 2236.69 8431.86 1.98087 -26.9273 16.2506 -324.414 2099.03 -1231.26 -1.98087
30.2225 -15.8989 324.983 2168.89 10297 1.80863 -30.2181 15.8764 -324.983 2066.65 -2215.18 -1.80863
33.2845 -17.2269 324.094 2340.85 11913.6 1.58165 -33.3008 17.1987 -324.094 2248.03 -3006.88 -1.58165
35.8237 -19.7517 322.274 2680 13188.4 1.3056 -35.8639 19.7265 -322.274 2582.44 -3597.11 -1.3056
37.719 -22.9566 321.266 3116.55 14066 0.988394 -37.7526 22.9286 -321.266 2999.97 -3967.22 -0.988394
39.5093 -26.4516 320.583 3585.1 14584.2 0.638394 -39.5416 26.4123 -320.583 3461.71 -4006.96 -0.638394
40.9063 -30.0624 319.376 4064.96 14713.1 0.263296 -40.9341 30.0201 -319.376 3944.07 -3764.37 -0.263296
40.7331 -33.3181 318.114 4495.61 14353.6 -0.128281 -40.7522 33.2739 -318.114 4381.11 -3453.92 0.128281
38.516 -35.6092 317.247 4799.01 13488.2 -0.525317 -38.5303 35.5596 -317.247 4687.75 -3183.12 0.525317
34.5397 -36.8241 316.451 4981.28 12160.2 -0.915377 -34.5525 36.7723 -316.451 4828.93 -2919.29 0.915377
29.4218 -36.2991 314.87 4934.22 10457 -1.28607 -29.4397 36.261 -314.87 4737.68 -2584.79 1.28607
23.1563 -33.4907 313.783 4573.43 8390.94 -1.62543 -23.1809 33.4579 -313.783 4350.26 -2194.05 1.62543
15.2163 -28.0354 314.317 3867.76 5877.23 -1.92221 -15.2509 28.02 -314.317 3603.69 -1802.29 1.92221
5.34179 -18.4986 316.574 2614.42 2786.58 -2.16641 -5.3746 18.5134 -316.574 2318.58 -1351.5 2.16641
-4.3545 -1.50828 324.364 191.178 -641.807 -2.34868 4.32175 1.5328 -324.364 214.267 -516.156 2.34868
-14.4362 18.4549 330.877 -2631.96 -4234.19 -2.46088 14.4072 -18.4373 -330.877 -2285.04 379.195 2.46088
-23.0546 35.078 327.362 -4844.93 -7329.4 -2.49974 23.039 -35.0652 -327.362 -4504.45 1166.27 2.49974
-29.8145 46.6851 324.619 -6404.11 -9962.14 -2.46736 29.8099 -46.6887 -324.619 -6042.21 1987.02 2.46736
-34.7382 51.7245 323.899 -7068.57 -12204.7 -2.36675 34.7462 -51.7332 -323.899 -6722.24 2907.41 2.36675
-39.1742 48.7931 320.95 -6636.83 -14160.5 -2.20154 39.1787 -48.8088 -320.95 -6373.45 3674.67 2.20154
-43.892 38.0319 320.027 -5171.25 -15894.5 -1.97797 43.8901 -38.0523 -320.027 -4970.57 4146.26 1.97797
-48.8301 19.8603 321.937 -2703.98 -17420.3 -1.70372 48.8255 -19.8762 -321.937 -2592.57 4351.26 1.70372
-52.8495 -3.01952 324.565 379.874 -18587.3 -1.38689 52.8439 2.9993 -324.565 422.919 4443.17 1.38689
-55.0411 -26.7904 327.261 3589.47 -19261.8 -1.03615 55.0347 26.7616 -327.261 3549.8 4530.77 1.03615
-54.9758 -47.9425 326.231 6476.35 -19403.1 -0.660655 54.9769 47.9108 -326.231 6302.15 4687.69 0.660655
-52.8873 -64.4661 324.49 8737.29 -19050.3 -0.270461 52.8987 64.432 -324.49 8446.51 4890.92 0.270461
-49.8062 -75.5155 322.314 10263.3 -18268.3 0.123483 49.8193 75.4979 -322.314 9868.57 4932.26 -0.123483
-46.9205 -78.9547 318.192 10739.7 -17193.4 0.510339 46.9328 78.9465 -318.192 10310.1 4630.87 -0.510339
-44.4446 -74.421 314.061 10102.8 -15893 0.879627 44.4449 74.4145 -314.061 9738.06 3997.58 -0.879627
-41.7502 -62.915 312.397 8497.72 -14372.6 1.22059 41.7293 62.9174 -312.397 8276.31 3204.35 -1.22059
-38.0181 -45.8446 311.418 6132.45 -12611.9 1.52274 37.9897 45.8505 -311.418 6090.57 2446.07 -1.52274
-32.6612 -24.2468 312.144 3167.69 -10597.8 1.77658 32.6306 24.2476 -312.144 3296.46 1866.9 -1.77658
-25.9759 0.355484 314.948 -142.454 -8328.49 1.97334 25.9387 -0.35099 -314.948 48.4597 1387.27 -1.97334
-18.2407 24.1401 315.06 -3415.67 -5774.21 2.10543 18.1977 -24.132 -315.06 -3018.19 902.562 -2.10543
-10.4498 41.3451 318.557 -5823.56 -3169.75 2.16706 10.4108 -41.3377 -318.557 -5197.08 380.777 -2.16706
-2.99304 51.2293 320.707 -7187.87 -705.39 2.15487 2.95872 -51.2239 -320.707 -6468.28 -90.3198 -2.15487
4.17173 53.7697 318.62 -7524.04 1582.66 2.06964 -4.20604 -53.7696 -318.62 -6810.07 -462.916 -2.06964
10.6106 49.2673 318.594 -6863.8 3638.83 1.91645 -10.635 -49.2688 -318.594 -6270.2 -799.196 -1.91645
16.0474 38.4487 322.024 -5327.27 5407.71 1.70156 -16.0629 -38.4519 -322.024 -4922.8 -1115.71 -1.70156
21.3211 21.7698 324.434 -2970.96 6961.06 1.43109 -21.3281 -21.7753 -324.434 -2833.09 -1260.87 -1.43109
25.7595 1.55551 325.151 -187.137 8158.8 1.11324 -25.7583 -1.55368 -325.151 -227.239 -1273.8 -1.11324
28.1344 -17.6339 325.13 2414.58 8904.82 0.759364 -28.1352 17.6383 -325.13 2286.97 -1384.26 -0.759364
28.5757 -32.3739 325.892 4425.79 9256.24 0.382782 -28.5754 32.3787 -325.892 4205.46 -1616.53 -0.382782
28.0028 -41.1283 323.869 5629.08 9326.57 -0.00299835 -28.0047 41.1399 -323.869 5337.03 -1838.59 0.00299835
27.2602 -42.9693 320.081 5875.81 9215.02 -0.385825 -27.2641 42.9893 -320.081 5582.15 -1925.03 0.385825
26.1968 -37.5622 317.574 5128.02 8924.46 -0.755174 -26.2014 37.5774 -317.574 4887.61 -1918.81 0.755174
24.2626 -25.0851 317.089 3413.7 8409.09 -1.10091 -24.2689 25.1028 -317.089 3275.84 -1920.32 1.10091
21.5911 -6.33567 316.844 851.738 7654.66 -1.41275 -21.5901 6.35184 -316.844 839.311 -1881.16 1.41275
18.658 15.4021 316.369 -2143.14 6666.07 -1.68145 -18.6429 -15.393 -316.369 -1961.48 -1678.95 1.68145
15.6889 34.6876 316.628 -4846.33 5533.64 -1.89944 -15.6621 -34.6845 -316.628 -4400.27 -1342.31 1.89944
12.5985 47.9617 316.759 -6704.07 4412.35 -2.06097 -12.5699 -47.9685 -316.759 -6082.67 -1047.72 2.06097
8.95136 54.3277 314.375 -7592.46 3325.91 -2.16274 -8.9238 -54.3387 -314.375 -6891.97 -935.796 2.16274
5.29801 54.0642 312.442 -7564.68 2347.23 -2.20364 -5.27352 -54.0735 -312.442 -6849.15 -932.611 2.20364
2.39286 48.1014 313.456 -6751.21 1539.27 -2.18356 -2.38724 -48.1137 -313.456 -6073.21 -898.337 2.18356
-0.0912596 37.2102 315.683 -5257.07 797.9 -2.10301 0.0885204 -37.2247 -315.683 -4663.99 -819.765 2.10301
-1.95627 22.1654 318.264 -3177.93 105.073 -1.96348 1.9613 -22.1714 -318.264 -2731.24 -626.931 1.96348
-2.48781 4.43615 321.883 -662.327 -452.693 -1.76797 2.49523 -4.4363 -321.883 -520.085 -213.112 1.76797
-2.44221 -11.4217 321.926 1617.24 -893.488 -1.52149 2.45931 11.4221 -321.926 1427.54 236.734 1.52149
-2.65341 -22.8795 322.695 3228.6 -1259.45 -1.23098 2.68721 22.8839 -322.695 2871.05 542.757 1.23098
-2.88712 -29.3147 323.743 4122.75 -1474.64 -0.904092 2.9273 29.314 -323.743 3691.77 694.012 0.904092
-2.76305 -31.7961 322.21 4462.2 -1462 -0.548635 2.80132 31.7838 -322.21 4012.25 714.686 0.548635
-2.26473 -31.7099 320.75 4449.16 -1216.05 -0.1736 2.30565 31.6952 -320.75 4001.95 601.932 0.1736
-1.29387 -30.2407 320.853 4249.11 -741.912 0.210534 1.32533 30.2181 -320.853 3809.25 389.221 -0.210534
-0.150467 -28.0862 320.257 3957.19 -107.056 0.592922 0.1655 28.0627 -320.257 3526.65 63.2638 -0.592922
0.800667 -25.4106 318.916 3592.83 585.691 0.963022 -0.798527 25.3863 -318.916 3177.61 -372.032 -0.963022
1.64302 -21.7856 318.743 3094.16 1267.64 1.31026 -1.65728 21.7653 -318.743 2710.45 -825.105 -1.31026
2.64362 -16.7252 318.789 2391.59 1883.89 1.62359 -2.65883 16.7093 -318.789 2064.65 -1172.66 -1.62359
4.19682 -10.0865 318.723 1451.51 2459.45 1.89207 -4.21046 10.0717 -318.723 1235.26 -1333.02 -1.89207
5.63035 -3.09325 319.062 452.094 2919.98 2.106 -5.64608 3.07565 -319.062 370.172 -1410.13 -2.106
6.12365 2.63721 319.695 -362.45 3174.08 2.25683 -6.13483 -2.65008 -319.695 -342.174 -1532.62 -2.25683
6.23872 6.4055 320.478 -895.912 3303.54 2.33684 -6.2436 -6.40689 -320.478 -811.672 -1631.77 -2.33684
6.75558 8.26531 321.354 -1158.33 3417.84 2.34029 -6.75661 -8.26121 -321.354 -1044.29 -1608.6 -2.34029
7.64522 8.6402 322.063 -1208.92 3538.94 2.26468 -7.64201 -8.62458 -322.063 -1092.1 -1493.06 -2.26468
8.57227 8.62313 322.468 -1204.26 3650.33 2.11104 -8.5652 -8.59434 -322.468 -1090.46 -1357.85 -2.11104
9.34432 9.27825 322.444 -1297.03 3736.99 1.88348 -9.33995 -9.25248 -322.444 -1172.73 -1238.38 -1.88348
9.98991 10.6207 321.98 -1487.76 3791.53 1.58875 -9.98441 -10.5939 -321.98 -1339.71 -1121.07 -1.58875
10.8736 12.001 321.403 -1684.33 3839.92 1.23622 -10.8665 -11.9792 -321.403 -1511.75 -934.335 -1.23622
12.0381 12.6924 320.81 -1784.17 3876.62 0.837954 -12.0339 -12.6737 -320.81 -1596.63 -660.649 -0.837954
12.8126 12.3588 320.071 -1741.49 3818.86 0.408414 -12.8096 -12.3417 -320.071 -1550.6 -396.851 -0.408414
12.7383 11.2906 319.467 -1597.57 3604.78 -0.0364233 -12.7355 -11.2757 -319.467 -1410.07 -203.317 0.0364233
11.9565 10.4225 319.07 -1483.48 3234.96 -0.480545 -11.9553 -10.4007 -319.07 -1291.81 -42.6776 0.480545
10.6613 11.0378 318.654 -1582.94 2711.73 -0.908859 -10.6613 -11.0134 -318.654 -1356 134.202 0.908859
9.04479 13.8241 318.183 -1992.62 2056.06 -1.30715 -9.0439 -13.7981 -318.183 -1688.82 357.309 1.30715
7.67135 17.8887 318.322 -2578.88 1368.25 -1.66222 -7.65848 -17.8766 -318.322 -2187.86 675.628 1.66222
6.77029 21.1856 318.243 -3046.59 734.146 -1.96271 -6.75086 -21.1819 -318.243 -2600.11 1066.76 1.96271
5.94006 21.8516 317.627 -3142.15 158.628 -2.19932 -5.90977 -21.8562 -317.627 -2683.18 1417.76 2.19932
4.91643 18.0382 317.708 -2606.13 -342.029 -2.36487 -4.87786 -18.07 -317.708 -2206.27 1643.03 2.36487
3.75909 8.3873 318.772 -1231.49 -719.023 -2.45437 -3.72122 -8.41008 -318.772 -1007.12 1710.65 2.45437
2.1815 -5.72328 320.249 796.125 -992.33 -2.46498 -2.15445 5.70166 -320.249 726.755 1564.42 2.46498
0.055909 -20.7784 321.656 2938.71 -1201.44 -2.39631 -0.0378719 20.7524 -321.656 2596.8 1208.1 2.39631
-1.92118 -33.5484 323.605 4717.57 -1328.91 -2.25108 1.93685 33.5234 -323.605 4222.4 809.097 2.25108
-2.63855 -42.4138 323.028 5937.74 -1283.25 -2.03516 2.65665 42.3952 -323.028 5366.62 572.303 2.03516
-2.46117 -46.052 320.364 6432.18 -1084.83 -1.75668 2.48119 46.0439 -320.364 5843.49 421.589 1.75668
-2.40797 -42.8873 318.713 5990.75 -799.555 -1.42546 2.43347 42.8963 -318.713 5443.4 150.862 1.42546
-2.76165 -31.5863 318.152 4430.42 -430.263 -1.05278 2.78615 31.6004 -318.152 3991.51 -310.927 1.05278
-2.68522 -10.7332 320.739 1520.82 112.015 -0.650767 2.70795 10.7465 -320.739 1342.08 -830.449 0.650767
-1.02003 16.3343 321.917 -2361.85 934.96 -0.232069 1.03922 -16.3229 -321.917 -1990.66 -1206.56 0.232069
2.12025 39.0564 323.156 -5530.26 1980.86 0.189484 -2.10673 -39.0516 -323.156 -4880.65 -1411.94 -0.189484
4.6722 55.1235 321.082 -7719.35 2990.58 0.598976 -4.65957 -55.1192 -321.082 -6975.38 -1738.35 -0.598976
6.63206 64.1346 317.012 -8930.62 3970.76 0.982723 -6.618 -64.1336 -317.012 -8167.09 -2193.27 -0.982723
9.30923 65.9282 316.151 -9150.73 5051.65 1.32996 -9.29193 -65.9262 -316.151 -8425.11 -2557.83 -1.32996
13.2066 60.7205 317.287 -8404.92 6283.02 1.63142 -13.1888 -60.7103 -317.287 -7781.44 -2747.17 -1.63142
17.8806 49.2344 318.046 -6773.69 7624.62 1.87798 -17.8636 -49.2229 -318.046 -6350.27 -2839.67 -1.87798
21.8807 33.2621 320.65 -4540.13 8860.01 2.06185 -21.8724 -33.2448 -320.65 -4324.84 -3004.45 -2.06185
24.6406 14.7164 323.312 -1972.17 9848.18 2.1778 -24.6505 -14.6912 -323.312 -1947.66 -3251.58 -2.1778
25.8117 -2.30357 323.585 347.917 10424.8 2.22353 -25.8409 2.32861 -323.585 269.602 -3511.45 -2.22353
26.1636 -14.6883 321.423 2030.17 10628.2 2.19975 -26.1993 14.7127 -321.423 1888.93 -3619.48 -2.19975
26.4189 -21.1099 320.033 2897.02 10532 2.10979 -26.4546 21.1273 -320.033 2733.1 -3455.91 -2.10979
26.7159 -21.944 318.52 3004.65 10144 1.95908 -26.7525 21.9534 -318.52 2846.69 -2990.69 -1.95908
26.1941 -18.2211 316.396 2494.9 9378.23 1.75436 -26.2235 18.2222 -316.396 2362.73 -2368.34 -1.75436
24.1829 -11.7619 315.514 1619.49 8189.61 1.50302 -24.1983 11.7587 -315.514 1515.57 -1722.04 -1.50302
20.9115 -4.55332 316.24 643.536 6622.89 1.21346 -20.9128 4.55008 -316.24 569.853 -1034.29 -1.21346
15.9451 1.59553 316.666 -214.267 4635.99 0.895565 -15.947 -1.59053 -316.666 -210.339 -376.693 -0.895565
8.83104 5.83975 317.596 -839.089 2165.8 0.559786 -8.83326 -5.83398 -317.596 -716.722 191.505 -0.559786
1.84675 7.52564 323.195 -1108.36 -330.49 0.215826 -1.84856 -7.52103 -323.195 -896.956 819.928 -0.215826
-6.14348 6.63264 326.669 -991.271 -2914.86 -0.127323 6.12755 -6.62499 -326.669 -775.562 1270.07 0.127323
-15.0073 3.76586 326.091 -573.818 -5498.21 -0.460406 14.9758 -3.76206 -326.091 -429.334 1486.63 0.460406
-22.3826 0.116767 326.607 -64.7581 -7798.88 -0.774407 22.349 -0.117986 -326.607 33.7334 1815.21 0.774407
-27.8433 -3.93684 329.024 487.147 -9834.3 -1.06249 27.8113 3.93521 -329.024 562.461 2388.01 1.06249
-32.3956 -7.82131 329.352 1018.02 -11681.6 -1.32012 32.36 7.81547 -329.352 1066.67 3015.77 1.32012
-37.4204 -11.338 328.381 1492.64 -13474.1 -1.54317 37.3852 11.329 -328.381 1529.23 3462.85 1.54317
-42.946 -14.456 328.293 1913.8 -15219.5 -1.7273 42.9101 14.4469 -328.293 1939.43 3729.83 1.7273
-48.1426 -17.2244 328.326 2290.76 -16818.4 -1.86918 48.0997 17.2138 -328.326 2300.42 3939.43 1.86918
-52.4756 -19.4483 327.495 2590.05 -18203.8 -1.96699 52.4289 19.4437 -327.495 2594.89 4165.91 1.96699
-55.8915 -20.6163 326.111 2746.35 -19368 -2.02014 55.843 20.6164 -326.111 2750.66 4416.12 2.02014
-58.5462 -20.0651 324.824 2669.96 -20322.1 -2.02906 58.4962 20.0688 -324.824 2680.6 4659.78 2.02906
-60.6333 -17.3036 323.315 2293.69 -21075.2 -1.99507 60.5816 17.3096 -323.315 2320.94 4854.48 1.99507
-62.1551 -12.2149 321.327 1603.89 -21618.9 -1.9203 62.1046 12.2211 -321.327 1654.05 4990.96 1.9203
-62.8529 -5.32975 319.526 673.066 -21916.5 -1.80779 62.8091 5.33505 -319.526 749.078 5100.98 1.80779
-62.4038 2.41691 318.061 -364.234 -21916 -1.66185 62.3642 -2.41185 -318.061 -279.033 5219.69 1.66185
-60.703 9.91227 316.43 -1371.91 -21584.4 -1.48791 60.6761 -9.90672 -316.43 -1269.66 5340.7 1.48791
-57.774 16.0381 314.718 -2203.73 -20901.2 -1.29216 57.7575 -16.0328 -314.718 -2071.07 5438.82 1.29216
-53.964 19.6642 313.173 -2700.18 -19886.8 -1.0814 53.9561 -19.6609 -313.173 -2541.6 5441.91 1.0814
-49.7708 20.1588 311.946 -2772.74 -18588.9 -0.862625 49.7665 -20.1579 -311.946 -2601.18 5265.36 0.862625
-45.544 17.4405 311.205 -2409.5 -17056.8 -0.642652 45.5365 -17.4465 -311.205 -2240.59 4865.52 0.642652
-41.186 11.891 311.225 -1657.49 -15308.3 -0.427712 41.1779 -11.8952 -311.225 -1512.83 4284.71 0.427712
-36.1537 4.34981 311.912 -642.128 -13308.9 -0.223206 36.1472 -4.35306 -311.912 -517.614 3633.21 0.223206
-30.0043 -4.26418 312.962 522.976 -11024.1 -0.0334299 29.9961 4.25677 -312.962 613.072 2995.11 0.0334299
-23.05 -12.9329 314.078 1697.52 -8491.51 0.138454 23.0401 12.9244 -314.078 1749.26 2324.26 -0.138454
-15.4647 -21.251 316.616 2878.45 -5698.61 0.290276 15.4566 21.2433 -316.616 2785.7 1561.1 -0.290276
-7.06489 -27.544 320.606 3834.43 -2563.44 0.421191 7.0602 27.5377 -320.606 3507.29 672.728 -0.421191
1.03257 -29.8444 327.473 4212.34 601.697 0.531904 -1.03699 29.8379 -327.473 3742.58 -325.487 -0.531904
10.9926 -27.7846 329.094 3908.95 3923.02 0.623729 -10.9957 27.7768 -329.094 3496.73 -983.834 -0.623729
19.505 -21.9852 325.553 3041.61 6821.06 0.698038 -19.5087 21.9746 -325.553 2817.82 -1605.09 -0.698038
24.5743 -14.7024 325.219 2008.18 9075.47 0.757092 -24.5848 14.6896 -325.219 1909.59 -2499.94 -0.757092
27.5944 -7.55472 326.288 1032.78 10848 0.803773 -27.6096 7.53905 -326.288 979.158 -3460.08 -0.803773
30.2779 -1.45543 323.843 201.082 12289.7 0.839868 -30.298 1.4378 -323.843 184.56 -4180.55 -0.839868
33.0073 2.98166 320.76 -404.941 13458.8 0.865497 -33.0332 -2.99407 -320.76 -391.633 -4617.52 -0.865497
34.9611 5.64073 320.285 -766.091 14278 0.879912 -34.993 -5.65134 -320.285 -739.159 -4912.22 -0.879912
35.3719 6.45447 319.424 -875.949 14631.2 0.882155 -35.41 -6.46531 -319.424 -846.277 -5153.76 -0.882155
34.2914 5.29068 317.022 -716.449 14499 0.871361 -34.3329 -5.29824 -317.022 -695.063 -5309.36 -0.871361
32.3587 2.53888 315.425 -340.389 13953.9 0.847092 -32.4016 -2.5419 -315.425 -336.885 -5281.06 -0.847092
29.9649 -0.798345 314.99 116.579 13037.9 0.809441 -30.0113 0.801507 -314.99 96.6601 -5005.67 -0.809441
27.0163 -3.27725 314.112 456.811 11735.1 0.758756 -27.0592 3.28759 -314.112 418.236 -4493.91 -0.758756
23.2975 -3.70039 313.087 513.47 10042 0.695544 -23.3383 3.71144 -313.087 474.466 -3798.28 -0.695544
18.4815 -1.7379 313.49 246.172 7936.98 0.620654 -18.5226 1.74976 -313.49 218.698 -2983.98 -0.620654
12.1393 2.62939 315.743 -357.932 5320.54 0.535128 -12.1756 -2.60776 -315.743 -340.075 -2066.6 -0.535128
3.73369 9.31494 319.43 -1336.21 1990.09 0.439346 -3.76445 -9.28765 -319.43 -1143.09 -986.077 -0.439346
-4.27693 16.8085 328.88 -2440.99 -1537.31 0.332486 4.2533 -16.7769 -328.88 -2035.23 395.429 -0.332486
-14.1012 22.7897 333.457 -3227.25 -5186.1 0.214275 14.083 -22.7536 -333.457 -2843.01 1414.74 -0.214275
-23.2778 27.1501 328.342 -3765.9 -8380.57 0.087489 23.2619 -27.1184 -328.342 -3467.59 2153.37 -0.087489
-30.6675 29.7902 327.178 -4087.39 -11188.2 -0.0435202 30.6535 -29.7663 -327.178 -3851.2 2981.66 0.0435202
-36.0961 29.7181 330.194 -4072.4 -13646 -0.176646 36.0808 -29.7121 -330.194 -3849.55 3983.18 0.176646
-40.9883 25.4973 329.114 -3507.61 -15842.6 -0.312082 40.9684 -25.5026 -329.114 -3290.61 4868.21 0.312082
-46.5556 17.1215 325.616 -2364.19 -17920 -0.449801 46.5337 -17.1171 -325.616 -2199.64 5455.11 0.449801
-52.4758 6.56804 326.305 -923.879 -19878.1 -0.588569 52.4506 -6.55581 -326.305 -825.226 5829.06 0.588569
-57.7197 -3.73112 328.374 463.88 -21574.2 -0.72629 57.689 3.7386 -328.374 532.363 6122.07 0.72629
-61.9567 -12.6156 326.982 1662.05 -22942.6 -0.860943 61.9131 12.6234 -326.982 1703.04 6358.57 0.860943
-65.5007 -19.2631 324.673 2559.45 -24052.5 -0.990942 65.4525 19.2664 -324.673 2577.4 6521.35 0.990942
-68.3636 -23.3418 324.483 3110.93 -24930.3 -1.11458 68.3176 23.3372 -324.483 3112.36 6632.88 1.11458
-70.2504 -25.1445 323.97 3354.8 -25515.4 -1.2298 70.2002 25.1344 -323.97 3348.38 6713.89 1.2298
-71.3419 -25.0565 321.583 3341.3 -25809.4 -1.3337 71.2908 25.0437 -321.583 3338.04 6716.78 1.3337
-71.7977 -23.217 319.232 3088.47 -25836.7 -1.42226 71.7518 23.2079 -319.232 3100.88 6622.66 1.42226
-71.38 -19.5841 317.726 2592.18 -25567.6 -1.49116 71.3349 19.5766 -317.726 2628.76 6466.26 1.49116
-69.9412 -14.5492 316.013 1909.57 -24974 -1.53647 69.8984 14.54 -316.013 1968.74 6258.47 1.53647
-67.5262 -9.08317 313.928 1173.67 -24060.4 -1.55479 67.4865 9.07561 -313.928 1247.5 5991.85 1.55479
-64.3025 -4.21745 312.426 521.557 -22856.9 -1.54347 64.264 4.20963 -312.426 602.285 5651.82 1.54347
-60.5073 -0.644326 311.699 43.2529 -21400.5 -1.50086 60.4706 0.637019 -311.699 128.003 5211.89 1.50086
-56.2312 1.35768 311.009 -224.99 -19712.1 -1.42615 56.1949 -1.36009 -311.009 -136.867 4669.11 1.42615
-51.5015 2.01493 310.488 -314.409 -17819.6 -1.31965 51.4623 -2.0158 -310.488 -222.485 4044.35 1.31965
-46.4111 1.68485 310.894 -272.577 -15764.7 -1.18322 46.3721 -1.68602 -310.894 -176.376 3353.19 1.18322
-40.8326 0.678561 311.622 -140.495 -13555.3 -1.0203 40.7932 -0.678283 -311.622 -40.0256 2638.17 1.0203
-34.8054 -0.632185 312.557 30.9545 -11210.4 -0.835563 34.7663 0.629901 -312.557 137.572 1907.41 0.835563
-28.2155 -2.18735 313.963 236.006 -8722.46 -0.634342 28.1808 2.18199 -313.963 346.652 1183.26 0.634342
-20.7349 -4.40622 316.343 545.859 -6026.27 -0.422046 20.7026 4.39986 -316.343 628.106 488.494 0.422046
-12.1045 -7.82246 319.953 1056.83 -3039.44 -0.203873 12.0772 7.81318 -319.953 1027.31 -190.904 0.203873
-3.25161 -12.5181 326.204 1778.32 10.6523 0.0151734 3.23165 12.5075 -326.204 1557.25 -874.626 -0.0151734
6.52376 -17.0365 329.867 2429.2 3100.4 0.229916 -6.54032 17.0291 -329.867 2111.25 -1351.86 -0.229916
14.7989 -19.899 326.914 2781.95 5752.91 0.434807 -14.8162 19.8966 -326.914 2522.38 -1791.8 -0.434807
20.2333 -20.9119 325.372 2886.6 7801.2 0.6248 -20.25 20.9105 -325.372 2688.01 -2385.42 -0.6248
24.1598 -19.4176 326.159 2660.62 9443.15 0.796508 -24.1818 19.4198 -326.159 2516.24 -2974.54 -0.796508
27.4593 -15.3142 324.035 2089.16 10742 0.947703 -27.4812 15.3179 -324.035 1994.01 -3389.75 -0.947703
30.4731 -8.91789 321.156 1218.39 11728.5 1.07568 -30.4955 8.92035 -321.156 1159.38 -3570 -1.07568
32.9103 -1.11637 319.924 159.626 12395.5 1.17703 -32.9295 1.11564 -319.924 137.89 -3586.1 -1.17703
34.2094 6.62576 319.15 -889.215 12684.5 1.24897 -34.2236 -6.62655 -319.15 -877.263 -3528.88 -1.24897
34.1095 12.7756 317.186 -1716.49 12574.6 1.29015 -34.1224 -12.7776 -317.186 -1689.64 -3446.37 -1.29015
32.8362 16.2966 315.493 -2188.78 12114.1 1.3002 -32.8464 -16.3004 -315.493 -2156.24 -3327.3 -1.3002
30.6746 16.585 314.879 -2228.53 11348 1.27911 -30.6905 -16.5898 -314.879 -2193.48 -3138.99 -1.27911
27.5964 13.5917 314.526 -1828.99 10260.9 1.22702 -27.6182 -13.5971 -314.526 -1795.06 -2875.1 -1.22702
23.5169 7.84709 314.169 -1052.78 8828.11 1.14438 -23.5447 -7.85353 -314.169 -1039.92 -2533.29 -1.14438
18.7232 0.334521 315.106 -28.82 7056.73 1.0323 -18.7484 -0.342823 -315.106 -61.4241 -2045.36 -1.0323
13.0712 -7.83334 317.365 1114.05 4878.97 0.892812 -13.0967 7.82275 -317.365 972.69 -1380.27 -0.892812
5.93929 -15.2011 319.758 2176.93 2176.55 0.728593 -5.96068 15.1897 -319.758 1873.64 -586.26 -0.728593
-1.16476 -19.8084 325.946 2804.04 -653.76 0.54253 1.14986 19.7962 -325.946 2474.7 342.03 -0.54253
-10.2952 -21.5486 330.393 2975.79 -3742.98 0.337807 10.2841 21.5351 -330.393 2766.89 989.266 -0.337807
-18.8544 -21.0303 326.967 2834.12 -6527.74 0.119211 18.8488 21.0163 -326.967 2770.53 1484.46 -0.119211
-25.0471 -19.3412 325.338 2572.06 -8818.25 -0.106082 25.0477 19.3263 -325.338 2582.35 2116.36 0.106082
-29.5073 -16.9971 326.917 2242.03 -10728.2 -0.330807 29.5136 16.9838 -326.917 2287.83 2829.96 0.330807
-33.0606 -14.2222 325.665 1868.07 -12286.1 -0.549766 33.072 14.2129 -325.665 1922.61 3434.41 0.549766
-36.4666 -10.953 322.265 1431.86 -13559.2 -0.758604 36.4793 10.9452 -322.265 1487.47 3795.45 0.758604
-39.4595 -7.30241 320.976 943.611 -14540.8 -0.952594 39.4753 7.2991 -320.976 1003.1 3975.9 0.952594
-41.3773 -3.47016 320.742 426.086 -15143.3 -1.12715 41.3913 3.46717 -320.742 499.011 4065.65 1.12715
-41.9453 0.0936942 318.947 -55.4937 -15320.6 -1.27835 41.9546 -0.0996453 -318.947 30.0813 4091.83 1.27835
-41.368 2.76004 317.048 -413.896 -15112.3 -1.40317 41.3781 -2.76617 -317.048 -322.377 4038.28 1.40317
-39.7903 4.06701 316.363 -590.113 -14552.1 -1.49964 39.7982 -4.07478 -316.363 -494.806 3900.84 1.49964
-37.4083 3.77067 315.79 -549.859 -13669.4 -1.56645 37.4108 -3.77934 -315.79 -456.173 3656.77 1.56645
-34.4975 1.81892 315.095 -284.688 -12515.7 -1.60263 34.4952 -1.8305 -315.095 -201.415 3283.61 1.60263
-30.8776 -1.74196 314.798 197.247 -11105.4 -1.60762 30.8765 1.72633 -314.798 265.377 2842.76 1.60762
-26.1613 -6.51535 315.214 839.713 -9412.25 -1.5811 26.16 6.5016 -315.214 895.638 2412.09 1.5811
-20.0515 -11.5886 315.492 1539.12 -7403.79 -1.52265 20.0551 11.5824 -315.492 1549.6 2037.41 1.52265
-12.8732 -15.7467 316.118 2144.42 -5086.13 -1.43202 12.8816 15.7432 -316.118 2052.96 1638.75 1.43202
-5.02423 -17.4918 318.114 2443.68 -2440.78 -1.30959 5.03713 17.5034 -318.114 2220.73 1091.49 1.30959
1.87989 -14.689 323.92 2091.92 221.43 -1.15628 -1.86629 14.7141 -323.92 1827.06 276.547 1.15628
10.6164 -6.66305 327.126 948.757 3179.19 -0.97286 -10.6057 6.68236 -327.126 829.981 -345.017 0.97286
18.7827 4.4434 324.532 -619.38 5885.71 -0.760187 -18.7778 -4.42226 -324.532 -562.301 -867.249 0.760187
24.4153 15.7074 324.071 -2149.42 8031.15 -0.521874 -24.4129 -15.6857 -324.071 -2035.01 -1504.43 0.521874
28.913 25.3804 325.891 -3456.51 9824.34 -0.26508 -28.9094 -25.3649 -325.891 -3307.63 -2092.81 0.26508
32.7841 32.0826 323.896 -4360.35 11326.8 0.00272578 -32.7788 -32.0728 -323.896 -4191.48 -2558.64 -0.00272578
35.9113 34.7612 321.072 -4707.54 12564.1 0.275548 -35.9046 -34.7537 -321.072 -4558.8 -2958.66 -0.275548
38.0806 33.3659 320.846 -4500.47 13540.3 0.547545 -38.0721 -33.3579 -320.846 -4393.87 -3353.46 -0.547545
39.4366 28.58 321.404 -3851.49 14247.5 0.811932 -39.4245 -28.5697 -321.404 -3766.63 -3697.02 -0.811932
40.3347 21.4441 320.124 -2885.53 14710.4 1.06097 -40.3247 -21.4359 -320.124 -2830.4 -3918.73 -1.06097
40.5141 13.2111 319.02 -1769.63 14914.2 1.28665 -40.507 -13.2078 -319.02 -1751.99 -4073.6 -1.28665
39.8531 4.7181 319.295 -621.827 14848.9 1.48169 -39.8447 -4.72448 -319.295 -636.843 -4184.65 -1.48169
38.5029 -3.58873 319.261 507.054 14521.3 1.64013 -38.4927 3.57818 -319.261 448.304 -4217.96 -1.64013
36.8202 -10.9849 318.013 1510.05 13977.8 1.75726 -36.8072 10.9756 -318.013 1417.27 -4125.24 -1.75726
34.9756 -16.74 316.979 2285.1 13267.9 1.82954 -34.9621 16.7273 -316.979 2176.05 -3909.49 -1.82954
32.6978 -20.5078 316.46 2793.38 12386.9 1.85454 -32.6824 20.497 -316.46 2672.48 -3638.87 -1.85454
29.8367 -22.1013 315.691 3012.57 11332.5 1.83102 -29.8194 22.0922 -315.691 2878.28 -3350.8 -1.83102
26.5299 -21.6203 314.822 2956.41 10133 1.75918 -26.5152 21.6094 -314.822 2805.88 -3036.22 -1.75918
22.9428 -19.4863 314.353 2681.04 8819.3 1.64083 -22.9298 19.4727 -314.353 2511.88 -2682.53 -1.64083
19.31 -16.2828 314.582 2255.87 7420.44 1.47901 -19.2958 16.269 -314.582 2082.92 -2256.49 -1.47901
15.8232 -12.3809 315.592 1735.64 5953.51 1.27775 -15.8048 12.368 -315.592 1563.05 -1724.03 -1.27775
12.2547 -7.56319 316.903 1080.83 4394.63 1.04191 -12.2341 7.5595 -316.903 934.789 -1121.19 -1.04191
8.06801 -1.22102 318.037 181.032 2703.25 0.777034 -8.04559 1.22201 -318.037 144.623 -550.395 -0.777034
3.76162 7.30165 320.047 -1060.65 1017.2 0.489353 -3.7408 -7.28333 -320.047 -883.153 -16.1553 -0.489353
-0.193121 17.6512 322.278 -2552.86 -504.185 0.18617 0.211096 -17.6309 -322.278 -2149.47 447.532 -0.18617
-3.97057 27.8755 322.706 -3977.75 -1871.85 -0.123965 3.99019 -27.8569 -322.706 -3450.41 804.533 0.123965
-7.01878 36.2196 322.427 -5112.44 -3012.48 -0.431563 7.03776 -36.1926 -322.427 -4539.13 1129.62 0.431563
-8.79725 42.0431 321.527 -5897.92 -3866.63 -0.727143 8.81699 -42.0175 -321.527 -5306.45 1506.94 0.727143
-9.70199 44.8067 320.278 -6267.8 -4485.26 -1.00216 9.7229 -44.7833 -320.278 -5673.69 1882.12 1.00216
-10.5029 44.2017 319.14 -6171.99 -4952.13 -1.24888 10.5239 -44.1748 -319.14 -5607.75 2133.96 1.24888
-11.5872 40.7129 318.547 -5678.8 -5313.8 -1.45981 11.6066 -40.6797 -318.547 -5169.95 2205.92 1.45981
-12.6675 35.4764 318.538 -4946.46 -5541.53 -1.62773 12.6835 -35.4391 -318.538 -4505.66 2145.83 1.62773
-13.2528 29.7434 318.429 -4153.53 -5583.75 -1.74652 13.267 -29.7038 -318.429 -3769.88 2032.48 1.74652
-13.2654 24.5678 318.074 -3442.76 -5442.52 -1.81205 13.2715 -24.5295 -318.074 -3101.04 1889.68 1.81205
-13.0447 20.3561 317.942 -2862.84 -5168.39 -1.8226 13.045 -20.3258 -317.942 -2559.24 1676.26 1.8226
-12.728 16.7936 317.903 -2375.41 -4790.36 -1.77834 12.7271 -16.7693 -317.903 -2097.78 1384.23 1.77834
-11.7216 13.2614 317.455 -1896.3 -4260.18 -1.68098 11.7229 -13.2506 -317.455 -1637.09 1123.72 1.68098
-9.75675 9.13824 317.438 -1330.72 -3552.18 -1.53394 9.75584 -9.13189 -317.438 -1104.16 941.584 1.53394
-7.46218 4.7464 318.175 -715.488 -2730.13 -1.34286 7.45977 -4.73447 -318.175 -547.948 733.374 1.34286
-5.50237 1.34033 318.942 -229.428 -1887.6 -1.11565 5.49822 -1.32661 -318.942 -125.864 415.676 1.11565
-3.72978 0.117744 319.683 -47.3197 -1058.97 -0.861605 3.72221 -0.10081 -319.683 18.3177 62.2843 0.861605
-1.53602 1.58449 320.493 -249.881 -221.438 -0.590333 1.52698 -1.56893 -320.493 -170.31 -188.095 0.590333
1.1049 5.29455 321.017 -778.046 618.679 -0.311472 -1.11631 -5.28189 -321.017 -631.503 -321.951 0.311472
3.4174 9.90312 321.447 -1434.13 1366.03 -0.0350528 -3.43259 -9.89389 -321.447 -1204.36 -450.639 0.0350528
4.79607 13.6189 321.357 -1959.38 1928.15 0.228906 -4.81733 -13.6184 -321.357 -1670.77 -643.019 -0.228906
5.23776 14.6052 320.494 -2093.28 2262.73 0.471465 -5.2616 -14.6122 -320.494 -1800.79 -858.528 -0.471465
5.45147 11.7579 320.022 -1682.46 2421.09 0.685292 -5.47567 -11.7659 -320.022 -1452.75 -959.43 -0.685292
5.68009 5.29644 319.998 -755.013 2420.36 0.864626 -5.70562 -5.30445 -319.998 -657.823 -897.746 -0.864626
5.38315 -3.55733 319.797 516.197 2196.66 1.00519 -5.40428 3.54615 -319.797 430.61 -754.461 -1.00519
4.43592 -13.1852 320.085 1894.78 1767.56 1.10435 -4.45588 13.1724 -320.085 1618.22 -579.131 -1.10435
3.02069 -21.5602 320.932 3068.6 1189.11 1.16138 -3.04058 21.5493 -320.932 2677.21 -379.473 -1.16138
1.10747 -27.4142 321.227 3876.46 457.431 1.17702 -1.12459 27.4057 -321.227 3430.24 -160.04 -1.17702
-0.777085 -30.1165 320.836 4238.78 -340.675 1.15325 0.762368 30.1083 -320.836 3788.37 133.187 -1.15325
-2.62809 -29.773 321.149 4178.65 -1197 1.09322 2.61664 29.7687 -321.149 3757.48 493.237 -1.09322
-4.8716 -26.4555 322.126 3698.92 -2145.81 1.00078 4.86298 26.4551 -322.126 3353.39 841.112 -1.00078
-7.64302 -20.3873 322.794 2822.62 -3164.7 0.880082 7.63801 20.3897 -322.794 2612.48 1118.31 -0.880082
-10.2146 -12.2857 322.313 1663.78 -4112.69 0.735656 10.2168 12.2932 -322.313 1612.39 1377.54 -0.735656
-12.0626 -2.98032 321.998 354.659 -4877.33 0.572657 12.0693 2.99582 -321.998 442.068 1646.88 -0.572657
-13.5194 6.90912 322.036 -1018.19 -5466.88 0.396786 13.53 -6.89393 -322.036 -821.377 1845.83 -0.396786
-14.8015 16.3522 321.458 -2320.56 -5880.71 0.213768 14.8172 -16.3399 -321.458 -2036.69 1916.04 -0.213768
-15.8857 23.9729 320.464 -3366.46 -6111.33 0.0289401 15.9017 -23.9609 -320.464 -3022.38 1857.1 -0.0289401
-16.4804 29.0898 319.39 -4066.45 -6135.82 -0.152659 16.4983 -29.0786 -319.39 -3686.57 1722.95 0.152659
-16.3814 31.2971 318.27 -4370.07 -5928.87 -0.326272 16.4026 -31.2871 -318.27 -3971.53 1542.77 0.326272
-15.3945 30.4796 317.138 -4263.47 -5456.84 -0.487566 15.4183 -30.4691 -317.138 -3860.05 1335.02 0.487566
-13.4994 26.9705 316.685 -3794.59 -4693.6 -0.632555 13.5271 -26.9563 -316.685 -3392.87 1078.67 0.632555
-10.7773 21.3977 317.013 -3045.71 -3616.06 -0.757399 10.8072 -21.3827 -317.013 -2656 729.439 0.757399
-7.08967 14.7896 317.967 -2142.88 -2184.05 -0.858641 7.12021 -14.774 -317.967 -1797.22 284.04 0.858641
-2.43802 8.45846 320.078 -1239.88 -453.126 -0.933777 2.4705 -8.44509 -320.078 -1012.92 -202.795 0.933777
3.70686 3.62562 322.476 -530.12 1623.3 -0.980899 -3.67664 -3.61635 -322.476 -435.042 -636.036 0.980899
10.8987 0.595763 324.386 -86.167 3946.08 -0.99821 -10.8706 -0.597036 -324.386 -72.8038 -1036.24 0.99821
16.7352 -1.28761 323.257 175.63 6027.1 -0.98529 -16.7059 1.28285 -323.257 166.965 -1556.09 0.98529
22.2265 -2.52915 324.131 341.287 7969.93 -0.944043 -22.198 2.52874 -324.131 332.853 -2029.35 0.944043
27.9057 -2.84905 325.213 379.882 9828.09 -0.877301 -27.879 2.85146 -325.213 379.916 -2367.85 0.877301
32.9803 -1.72184 324.04 226.289 11510.8 -0.78782 -32.9543 1.72743 -324.04 233.424 -2692.68 0.78782
37.2014 1.37626 323.259 -194.093 12991.8 -0.67886 -37.1762 -1.36595 -323.259 -171.497 -3043.69 0.67886
40.7655 6.59222 323.386 -897.078 14275.2 -0.554067 -40.7426 -6.5788 -323.386 -858.666 -3372.5 0.554067
43.7428 13.4446 322.657 -1817.05 15326.9 -0.417023 -43.7256 -13.4352 -322.657 -1766.1 -3626.37 0.417023
45.8697 20.9991 320.866 -2840.47 16092.6 -0.271543 -45.8557 -20.9878 -320.866 -2756.52 -3822.43 0.271543
46.9299 28.3826 319.532 -3839.11 16540.8 -0.121621 -46.9189 -28.3669 -319.532 -3725.79 -3986.13 0.121621
47.0088 34.9504 318.205 -4732.66 16663.1 0.0290015 -47.0032 -34.934 -318.205 -4583.18 -4086.27 -0.0290015
46.0028 39.882 316.198 -5401.06 16426.2 0.176807 -46.008 -39.8659 -316.198 -5229.58 -4116.85 -0.176807
43.6661 42.3533 313.862 -5733.74 15784.5 0.318395 -43.6788 -42.3389 -313.862 -5555.94 -4099.07 -0.318395
40.226 41.5284 311.967 -5618.02 14757.2 0.450583 -40.2391 -41.5186 -311.967 -5452.23 -3991.89 -0.450583
36.2508 36.5079 310.55 -4933.88 13410.7 0.570568 -36.2665 -36.5104 -310.55 -4799.35 -3708.92 -0.570568
31.8591 26.5842 309.783 -3581.78 11774.8 0.676188 -31.8762 -26.586 -309.783 -3505.57 -3248.89 -0.676188
26.7599 11.893 311.067 -1594.75 9835.9 0.766002 -26.7729 -11.8979 -311.067 -1576.36 -2675.86 -0.766002
20.8081 -6.59277 314.241 922.693 7550.62 0.838657 -20.8218 6.58666 -314.241 833.985 -1983.91 -0.838657
12.8405 -25.6664 318.247 3600.25 4700.64 0.891863 -12.8546 25.6604 -318.247 3240.93 -1265.25 -0.891863
3.43424 -40.0248 324.708 5623.41 1435.96 0.922346 -3.44643 40.0089 -324.708 5044.34 -516.254 -0.922346
-5.82154 -49.0697 330.796 6845.84 -1847.96 0.927634 5.80987 49.0444 -330.796 6232.35 291.61 -0.927634
-15.7966 -53.2888 331.396 7348.81 -5132.9 0.90726 15.7852 53.2629 -331.396 6854.48 908.929 -0.90726
-24.2754 -53.399 329.029 7274.03 -8032.49 0.861838 24.2641 53.3805 -329.029 6959.93 1540.15 -0.861838
-30.5668 -50.024 329.78 6771.58 -10490.5 0.792737 30.5554 50.0175 -329.78 6564.42 2312.97 -0.792737
-35.9481 -42.5112 329.575 5703.82 -12656.3 0.702209 35.9407 42.5072 -329.575 5629.69 3036.53 -0.702209
-40.6301 -31.4521 327.432 4181.63 -14515.5 0.59229 40.6302 31.4585 -327.432 4204.86 3640.54 -0.59229
-44.3837 -17.6388 326.048 2320.6 -16014.8 0.465023 44.3908 17.6475 -326.048 2383.46 4133.3 -0.465023
-47.1549 -2.3533 324.436 253.588 -17127.9 0.323565 47.1605 2.36398 -324.436 375.551 4504.22 -0.323565
-48.9731 11.9715 323.346 -1676.87 -17839 0.171422 48.9772 -11.9619 -323.346 -1513.24 4728.49 -0.171422
-49.9544 23.458 321.032 -3229.48 -18167.3 0.0116187 49.9504 -23.4485 -321.032 -3023.02 4795.47 -0.0116187
-50.2399 30.8311 318.406 -4225.8 -18170.2 -0.153028 50.2264 -30.8199 -318.406 -3992.16 4724.15 0.153028
-49.5929 33.49 316.932 -4583.45 -17863.7 -0.319729 49.5833 -33.4824 -316.932 -4343.82 4590.93 0.319729
-47.4331 30.9718 315.621 -4238.53 -17188.4 -0.485462 47.4268 -30.9792 -315.621 -4019.32 4493.19 0.485462
-43.7812 22.68 313.776 -3113.65 -16141.4 -0.646791 43.7788 -22.7032 -313.776 -2935.58 4422.46 0.646791
-39.3362 8.64927 312.96 -1210.29 -14797.2 -0.800451 39.3421 -8.67433 -312.96 -1098.54 4266.14 0.800451
-34.5634 -9.68625 314.446 1276.4 -13182.2 -0.943877 34.573 9.66633 -314.446 1303.58 3927.78 0.943877
-29.4497 -27.9688 315.136 3758.2 -11269.6 -1.07496 29.4571 27.9611 -315.136 3697.43 3384.54 1.07496
-23.0244 -42.7245 315.389 5828.84 -8975.08 -1.19132 23.03 42.7238 -315.389 5561.41 2809.81 1.19132
-15.538 -50.4881 314.532 6948.03 -6381.39 -1.28959 15.543 50.4919 -314.532 6512.36 2219.17 1.28959
-7.73853 -50.2683 314.671 6964.52 -3608.28 -1.36541 7.74339 50.2716 -314.671 6436.88 1532.77 1.36541
-0.109183 -41.9513 318.464 5854.4 -715.017 -1.41468 0.119329 41.9574 -318.464 5329.81 680.331 1.41468
8.2513 -25.8468 326.152 3649.62 2374.9 -1.43371 -8.23493 25.8532 -326.152 3241.23 -173.731 1.43371
19.1889 -2.38243 331.197 330.258 5760.3 -1.41813 -19.1625 2.38617 -331.197 305.333 -636.97 1.41813
26.9926 19.4012 325.312 -2658.21 8441.5 -1.36453 -26.9643 -19.3953 -325.312 -2513.1 -1230.61 1.36453
33.1012 36.4528 326.111 -4974.27 10771.4 -1.27365 -33.0702 -36.4469 -326.111 -4743.19 -1924.74 1.27365
38.0199 48.337 328.314 -6589.61 12872.1 -1.14864 -37.9858 -48.3328 -328.314 -6296.87 -2707.02 1.14864
42.4028 54.7517 324.726 -7453.22 14780.7 -0.991869 -42.3679 -54.7488 -324.726 -7143.84 -3440.92 0.991869
46.5421 55.7385 321.056 -7573.86 16550.2 -0.805503 -46.5126 -55.7382 -321.056 -7286.71 -4100.55 0.805503
50.2669 51.7724 322.052 -7030.82 18152.5 -0.592489 -50.2395 -51.7719 -322.052 -6772.41 -4704 0.592489
53.3905 43.651 322.639 -5924.82 19499.7 -0.356691 -53.3653 -43.6452 -322.639 -5712.42 -5213.35 0.356691
55.9149 32.7149 320.328 -4431.45 20562.5 -0.103309 -55.8908 -32.7045 -320.328 -4289.42 -5599.91 0.103309
57.9185 20.9531 319.23 -2825.12 21360.4 0.161294 -57.8914 -20.9466 -319.23 -2760.44 -5861.65 -0.161294
59.2853 9.81869 319.925 -1313.77 21877.9 0.430121 -59.2572 -9.81137 -319.925 -1303.14 -6013.1 -0.430121
59.6769 0.365726 319.53 -39.1074 22057.4 0.696096 -59.6487 -0.358262 -319.53 -57.4638 -6087.64 -0.696096
59.0283 -7.14933 317.766 970.661 21896.4 0.952205 -58.9992 7.15499 -317.766 936.159 -6100.4 -0.952205
57.3419 -12.7001 316.473 1723.16 21413.1 1.1914 -57.3203 12.7051 -316.473 1663.46 -6067.26 -1.1914
54.4613 -15.997 315.338 2175.1 20580.4 1.40693 -54.4505 16.0072 -315.338 2091.19 -6003.57 -1.40693
50.2916 -16.3322 313.138 2225.93 19364.2 1.5928 -50.2913 16.3458 -313.138 2130.13 -5901.31 -1.5928
45.2712 -13.149 310.675 1799.34 17805.5 1.74393 -45.2755 13.1647 -310.675 1708.29 -5685.21 -1.74393
40.2167 -6.23274 309.361 860.344 16003.4 1.85617 -40.2202 6.25332 -309.361 804.016 -5236.4 -1.85617
35.3731 4.42558 309.511 -587.646 13996.1 1.92648 -35.3797 -4.40461 -309.511 -589.382 -4526.58 -1.92648
30.195 17.516 310.193 -2355.89 11733.9 1.95281 -30.1963 -17.4943 -310.193 -2310.8 -3652.83 -1.95281
23.9304 31.4716 312.082 -4297.41 9135.63 1.93311 -23.926 -31.4478 -312.082 -4089.27 -2733.3 -1.93311
16.3481 43.5363 314.88 -6020.2 6183.38 1.86493 -16.3419 -43.5119 -314.88 -5582.6 -1810.87 -1.86493
8.04353 51.6478 318.817 -7208.42 2955.64 1.74685 -8.0368 -51.6232 -318.817 -6556.77 -805.559 -1.74685
0.212368 54.5301 323.285 -7632.08 -301.686 1.57984 -0.205704 -54.5048 -323.285 -6901.53 355.283 -1.57984
-7.96087 52.3114 326.984 -7323.06 -3483.62 1.3662 7.96781 -52.2874 -326.984 -6619.35 1349.51 -1.3662
-16.2721 45.0934 327.028 -6278.87 -6460.02 1.10919 16.2829 -45.0734 -327.028 -5739.85 2101.47 -1.10919
-22.8321 33.6305 327.347 -4662.62 -8996.81 0.815012 22.8462 -33.6137 -327.347 -4300.6 2881.19 -0.815012
-27.7238 18.5108 327.999 -2563.84 -11105.3 0.492966 27.7381 -18.5043 -327.999 -2369.97 3678.4 -0.492966
-31.8892 1.28141 328.398 -221.502 -12843.5 0.152889 31.9056 -1.28269 -328.398 -119.985 4299.74 -0.152889
-35.962 -16.1686 327.294 2154.58 -14288.1 -0.197163 35.9725 16.1707 -327.294 2156.68 4654.66 0.197163
-39.6809 -31.1685 325.896 4196.38 -15446.8 -0.550973 39.6793 31.1688 -325.896 4113.87 4819.96 0.550973
-42.4212 -42.0006 324.355 5672.59 -16291.1 -0.901588 42.4226 41.9968 -324.355 5525.19 4930.89 0.901588
-43.6372 -47.7114 321.987 6454.79 -16756.8 -1.23942 43.6418 47.7131 -321.987 6266.33 5070.7 1.23942
-43.4281 -47.4304 319.046 6419.45 -16838.6 -1.55394 43.4359 47.4363 -319.046 6227.23 5207.75 1.55394
-42.2158 -40.5955 316.169 5488.29 -16563.2 -1.83579 42.2362 40.6066 -316.169 5336.67 5254.97 1.83579
-40.0389 -27.218 313.739 3663.33 -15907.7 -2.07717 40.0693 27.2327 -313.739 3595.43 5180.86 2.07717
-37.085 -8.28767 312.036 1086.86 -14867.9 -2.27186 37.1128 8.29977 -312.036 1124.61 4932.51 2.27186
-33.8359 13.8139 312.285 -1918.67 -13475.1 -2.41467 33.8646 -13.8065 -312.285 -1762.68 4410.5 2.41467
-29.9449 34.5061 312.055 -4727.32 -11682.4 -2.50046 29.9729 -34.4986 -312.055 -4470.48 3661.3 2.50046
-23.9258 50.5827 312.079 -6971.45 -9360.1 -2.52431 23.9512 -50.5784 -312.079 -6512.7 2950.9 2.52431
-16.4666 59.3971 311.141 -8215.59 -6646.87 -2.48305 16.4869 -59.3939 -311.141 -7618.54 2234.71 2.48305
-8.7449 60.9984 312.678 -8471.43 -3690.24 -2.37645 8.76464 -60.991 -312.678 -7788.93 1345.03 2.37645
-1.04075 56.0295 319.164 -7822.5 -476.069 -2.20669 1.06057 -56.0171 -319.164 -7112.46 193.597 2.20669
8.29199 45.2187 327.706 -6343.35 3143.22 -1.97696 -8.2754 -45.2067 -327.706 -5709.61 -927.869 1.97696
19.0086 29.3242 331.072 -4058.9 6834.59 -1.691 -18.9899 -29.3107 -331.072 -3756.77 -1753.21 1.691
27.8612 12.5491 329.625 -1711.49 9990.99 -1.35474 -27.8402 -12.5422 -329.625 -1633.14 -2540.74 1.35474
35.5317 -2.0549 329.827 272.369 12774.2 -0.978637 -35.511 2.05363 -329.827 275.226 -3270.04 0.978637
42.3994 -13.5369 330.122 1822.29 15285.8 -0.575938 -42.3769 13.5311 -330.122 1785.87 -3942.63 0.575938
48.0358 -21.35 327.889 2884.15 17475 -0.158201 -48.0131 21.3437 -327.889 2807.04 -4622.09 0.158201
52.5058 -25.3231 325.122 3423.48 19349.6 0.26555 -52.4856 25.3154 -325.122 3326.88 -5298.44 -0.26555
56.3804 -25.5848 323.435 3459.59 20954 0.686625 -56.3605 25.5769 -323.435 3360.56 -5864.6 -0.686625
60.0346 -22.6262 321.804 3055.71 22292.5 1.09489 -60.016 22.6156 -321.804 2975.31 -6224.62 -1.09489
63.2224 -17.5164 319.913 2360.52 23312.9 1.47901 -63.2039 17.4938 -319.913 2306.58 -6392.58 -1.47901
65.3614 -11.8219 318.502 1592.47 23946.4 1.82787 -65.3404 11.7992 -318.502 1556.39 -6454.67 -1.82787
66.0177 -6.71644 317.378 911.692 24144.6 2.1314 -65.9969 6.69523 -317.378 876.182 -6477.5 -2.1314
65.1309 -2.93543 316.11 408.173 23896.8 2.38135 -65.1128 2.90787 -316.11 370.785 -6466.72 -2.38135
62.9352 -1.10606 314.77 167.184 23226.7 2.57202 -62.9194 1.07939 -314.77 124.166 -6383.9 -2.57202
59.8341 -1.29742 313.71 197.257 22183.2 2.69943 -59.8196 1.27474 -313.71 145.66 -6170.38 -2.69943
56.05 -2.96401 313 422.681 20801.9 2.76021 -56.0372 2.94353 -313 364.864 -5802.14 -2.76021
51.5357 -5.42567 312.447 755.442 19096.9 2.75214 -51.521 5.40743 -312.447 688.69 -5306.43 -2.75214
46.2543 -8.03255 311.975 1109.76 17092.5 2.675 -46.2402 8.01649 -311.975 1029.63 -4716.3 -2.675
40.1602 -10.2156 311.481 1407.03 14814.3 2.5306 -40.1469 10.1996 -311.481 1314.31 -4069.9 -2.5306
33.3488 -11.7574 311.225 1614.11 12300.8 2.32284 -33.3364 11.7415 -311.225 1518.2 -3379.97 -2.32284
26.0073 -12.8465 311.803 1765.78 9586.7 2.05729 -25.9958 12.8293 -311.803 1656.63 -2631.09 -2.05729
18.4038 -14.4664 313.888 2014.75 6669.35 1.74016 -18.3915 14.4462 -313.888 1838.95 -1749.34 -1.74016
10.3983 -17.1586 317.763 2439.39 3438.08 1.37779 -10.386 17.1339 -317.763 2131.24 -660.897 -1.37779
2.08562 -20.944 325.211 2968.03 17.7082 0.97735 -2.07387 20.9138 -325.211 2611.02 534.609 -0.97735
-8.07352 -25.774 332.122 3578.71 -3493.64 0.547499 8.08394 25.743 -332.122 3288.08 1329.09 -0.547499
-18.0212 -30.7969 329.144 4188.24 -6623.38 0.0992989 18.0293 30.765 -329.144 4017.81 1799.24 -0.0992989
-24.782 -35.9833 326.551 4873.76 -9092.51 -0.35254 24.7891 35.9505 -326.551 4715.13 2458.59 0.35254
-29.3635 -39.9936 328.92 5411.85 -11134.1 -0.792622 29.3695 39.9637 -328.92 5246.93 3271.52 0.792622
-33.1317 -41.6453 328.12 5623.78 -12864.4 -1.21013 33.1376 41.6162 -328.12 5475.7 3991.13 1.21013
-36.9978 -40.4225 324.426 5446.54 -14367.6 -1.59795 37.0028 40.3944 -324.426 5327.14 4459.13 1.59795
-40.7784 -36.7492 323.854 4955.25 -15639.2 -1.94813 40.7824 36.7228 -323.854 4839.34 4719.06 1.94813
-43.9449 -30.576 323.811 4116.68 -16616.7 -2.25079 43.9475 30.5506 -323.811 4032.23 4849.68 2.25079
-45.907 -22.7903 321.912 3058.11 -17212.5 -2.4966 45.9072 22.7662 -321.912 3015.2 4921.29 2.4966
-46.6216 -14.606 319.874 1950.7 -17432.2 -2.67884 46.6186 14.584 -319.874 1940.89 4950.58 2.67884
-46.2864 -7.18313 318.977 943.425 -17308.4 -2.79376 46.2828 7.16601 -318.977 969.811 4916.81 2.79376
-45.0995 -1.2186 317.784 137.382 -16856.8 -2.84018 45.0948 1.20325 -317.784 185.912 4783.51 2.84018
-43.1275 2.77246 315.798 -401.799 -16093 -2.81853 43.1217 -2.78854 -315.798 -339.037 4548.37 2.81853
-40.3527 4.53857 314.071 -641.545 -15038 -2.73002 40.3513 -4.55286 -314.071 -569.893 4236.2 2.73002
-36.6497 3.91119 312.981 -560.022 -13690.9 -2.57717 36.6505 -3.92875 -312.981 -484.6 3880.44 2.57717
-32.068 0.732768 312.196 -130.803 -12058.4 -2.3647 32.073 -0.752999 -312.196 -66.8598 3473.95 2.3647
-26.7729 -5.00059 311.611 643.406 -10157.5 -2.09949 26.7837 4.97833 -311.611 687.05 2989.81 2.09949
-20.8478 -12.9369 312.547 1722.22 -7978.35 -1.78978 20.862 12.9135 -312.547 1723.68 2396.23 1.78978
-14.088 -22.1357 314.972 3022.15 -5444.83 -1.44434 14.1024 22.1216 -314.972 2877.02 1671.81 1.44434
-6.23541 -30.0921 318.978 4198.49 -2458.68 -1.07155 6.252 30.0792 -318.978 3821.64 786.292 1.07155
1.43553 -34.092 327.073 4796.52 650.578 -0.679069 -1.42115 34.0779 -327.073 4289.78 -269.46 0.679069
11.5159 -33.3706 330.06 4672.16 4045.87 -0.274422 -11.5024 33.3588 -330.06 4222.21 -969.053 0.274422
21.3808 -28.0156 327.694 3854.46 7216.26 0.133188 -21.3672 27.9986 -327.694 3611.8 -1501.62 -0.133188
28.5766 -20.5007 328.116 2785.61 9880.43 0.531876 -28.5647 20.4795 -328.116 2676.87 -2239.22 -0.531876
33.9593 -12.7819 329.902 1732.9 12149.7 0.91014 -33.9459 12.7596 -329.902 1671.74 -3065.86 -0.91014
39.0952 -6.19104 328.067 845.31 14168.4 1.26059 -39.0751 6.16787 -328.067 802.127 -3709.68 -1.26059
44.568 -1.60335 325.363 227.335 16031.3 1.57861 -44.5476 1.584 -325.363 197.549 -4107.98 -1.57861
49.5498 0.669544 325.071 -74.9118 17670.6 1.85881 -49.5287 -0.683946 -325.071 -105.503 -4414.26 -1.85881
53.2401 1.19122 324.488 -140.941 18975.1 2.09417 -53.2154 -1.20175 -324.488 -178.04 -4731.31 -2.09417
55.5577 0.846126 322.243 -92.5489 19913.8 2.27806 -55.5369 -0.853417 -322.243 -133.992 -5048.73 -2.27806
56.7122 0.448898 320.206 -37.9407 20502.9 2.40616 -56.6947 -0.456141 -320.206 -82.6865 -5327.85 -2.40616
56.889 0.490714 318.927 -43.283 20746.1 2.47679 -56.8763 -0.498462 -318.927 -88.5606 -5522.38 -2.47679
56.1157 0.996675 317.142 -111.614 20619.3 2.49021 -56.1091 -1.00844 -317.142 -155.66 -5601.39 -2.49021
54.3516 1.59467 314.899 -192.224 20107.1 2.44772 -54.3466 -1.60685 -314.899 -234.534 -5561.13 -2.44772
51.6558 1.72089 313.269 -210.078 19225.2 2.35102 -51.6537 -1.73589 -313.269 -250.701 -5400.34 -2.35102
48.0121 0.745458 312.191 -80.3313 17979.4 2.20252 -48.0133 -0.76282 -312.191 -120.703 -5129.44 -2.20252
43.4115 -1.71869 311.181 251.161 16378.8 2.00601 -43.4122 1.70332 -311.181 205.014 -4760.39 -2.00601
38.0277 -5.52142 310.564 766.77 14464.7 1.76683 -38.0295 5.50794 -310.564 703.424 -4287.34 -1.76683
31.9977 -9.90986 310.542 1359.76 12274.7 1.49143 -32.0021 9.89593 -310.542 1280.25 -3711.29 -1.49143
25.2513 -14.0261 311.118 1921.77 9810.9 1.18672 -25.2598 14.0133 -311.118 1815.68 -3052.82 -1.18672
17.5894 -17.3544 313.03 2404.57 7025.56 0.859618 -17.5997 17.3439 -313.03 2220.3 -2317.76 -0.859618
9.11605 -18.6422 316.483 2633.71 3849.3 0.516862 -9.12565 18.6342 -316.483 2334.62 -1408.91 -0.516862
0.407006 -16.354 324.375 2325.46 335.573 0.164794 -0.418664 16.3475 -324.375 2033.15 -225.63 -0.164794
-10.1978 -10.7425 333.557 1469.85 -3477.15 -0.190384 10.1844 10.7373 -333.557 1393.3 750.831 0.190384
-21.0593 -4.25149 330.69 526.12 -6998.85 -0.540841 21.0459 4.24823 -330.69 607.059 1367.98 0.540841
-29.2997 1.6658 327.142 -276.38 -9910.29 -0.875923 29.2856 -1.66737 -327.142 -167.633 2073.99 0.875923
-35.5209 6.53021 329.974 -927.986 -12441.8 -1.18585 35.506 -6.53041 -329.974 -812.643 2938.13 1.18585
-40.6052 9.65508 330.472 -1346.16 -14648.9 -1.46548 40.5924 -9.65508 -330.472 -1227.55 3781.44 1.46548
-45.3945 10.7932 326.423 -1493.27 -16589.3 -1.71172 45.3837 -10.7928 -326.423 -1383.82 4438.4 1.71172
-50.1162 9.92029 324.419 -1369.02 -18315.3 -1.92018 50.1058 -9.91881 -324.419 -1275.2 4900.16 1.92018
-54.216 7.20459 324.974 -997.535 -19752.4 -2.08564 54.2073 -7.20272 -324.974 -922.603 5239.18 2.08564
-57.0177 2.9766 323.756 -425.294 -20775.1 -2.20402 57.011 -2.97459 -323.756 -367.564 5511.51 2.20402
-58.2662 -2.38428 321.194 295.461 -21341.1 -2.27337 58.2608 2.38397 -321.194 340.685 5742.92 2.27337
-58.2196 -8.3916 320.054 1106.45 -21486.4 -2.29389 58.2142 8.38939 -320.054 1131.09 5900.12 2.29389
-57.173 -14.4663 319.342 1930.79 -21232.7 -2.26731 57.168 14.4632 -319.342 1926.21 5926.04 2.26731
-55.1916 -19.7917 317.451 2653.04 -20579.6 -2.19585 55.1894 19.788 -317.451 2623.64 5803.18 2.19585
-52.0045 -23.556 315.38 3165.78 -19515.7 -2.0817 52.0058 23.5524 -315.38 3114.43 5592.05 2.0817
-47.5579 -25.0163 313.95 3365.38 -18057.5 -1.92767 47.5579 25.0172 -313.95 3304.65 5324.18 1.92767
-42.1848 -23.5348 312.512 3162.45 -16260.5 -1.73774 42.1859 23.5388 -312.512 3112.91 4965.18 1.73774
-36.1864 -18.8768 310.868 2525.5 -14181.9 -1.51709 36.1897 18.8838 -310.868 2508.28 4492 1.51709
-29.7331 -11.2254 310.243 1477.5 -11867.4 -1.27176 29.7365 11.2382 -310.243 1517.08 3905.23 1.27176
-22.9421 -0.79364 311.18 57.7138 -9339.7 -1.00805 22.9458 0.809572 -311.18 156.262 3195.71 1.00805
-15.8048 11.2612 312.903 -1603.15 -6563.42 -0.732001 15.8095 -11.2457 -312.903 -1396.5 2330.37 0.732001
-7.60174 23.2528 317.037 -3311.6 -3377.65 -0.449194 7.60576 -23.2347 -317.037 -2884.25 1340.14 0.449194
1.12045 31.8803 325.818 -4531.81 45.4739 -0.164681 -1.11811 -31.8603 -325.818 -3963.84 251.443 0.164681
12.1643 36.4957 329.989 -5123.84 3762.68 0.116585 -12.1621 -36.4751 -329.989 -4602.38 -512.724 -0.116585
21.8676 36.8887 325.529 -5077.59 7039.1 0.388126 -21.866 -36.8697 -325.529 -4753.91 -1193.95 -0.388126
27.9962 35.0418 324.767 -4778.5 9641.98 0.641962 -27.9957 -35.0244 -324.767 -4561.08 -2154.64 -0.641962
32.318 31.1603 327.118 -4222.07 11830.1 0.87184 -32.3179 -31.1433 -327.118 -4083.01 -3182.67 -0.87184
36.4174 26.1428 325.935 -3526.63 13734.3 1.07472 -36.4146 -26.1277 -325.935 -3441.12 -3987.72 -1.07472
40.9825 20.7685 323.271 -2801.24 15434 1.24872 -40.9782 -20.753 -323.271 -2733.67 -4465.37 -1.24872
45.3444 15.6097 322.643 -2099.6 16901 1.39164 -45.3388 -15.593 -322.643 -2059.82 -4765.2 -1.39164
48.4181 11.4132 322.614 -1528.01 18009.3 1.50115 -48.4099 -11.3969 -322.614 -1512.68 -5050.89 -1.50115
49.9437 8.70213 320.941 -1160.12 18710.8 1.57552 -49.9348 -8.6842 -320.941 -1157.57 -5343.48 -1.57552
50.4345 7.83966 318.979 -1043.86 19061.7 1.61453 -50.4251 -7.8206 -318.979 -1043.75 -5562.55 -1.61453
50.3841 8.90585 317.837 -1190.44 19118.7 1.61949 -50.3736 -8.88691 -317.837 -1181.44 -5633.05 -1.61949
49.7766 11.6652 316.564 -1567.06 18872.1 1.59263 -49.7695 -11.6485 -316.564 -1540.77 -5548.99 -1.59263
48.1846 15.4363 314.706 -2080.52 18273.9 1.5363 -48.1785 -15.4253 -314.706 -2033.42 -5377.18 -1.5363
45.3842 19.0974 312.991 -2580.81 17314.4 1.45296 -45.3778 -19.0932 -312.991 -2510.07 -5167.51 -1.45296
41.5788 21.606 311.686 -2924.3 16033.5 1.34527 -41.5744 -21.6017 -311.686 -2835.31 -4904.82 -1.34527
37.0815 22.4707 310.62 -3042.93 14480.6 1.21625 -37.0772 -22.4655 -310.62 -2947 -4555.61 -1.21625
32.267 21.6411 310.157 -2924.09 12719.5 1.06946 -32.2598 -21.6352 -310.157 -2844.49 -4083.84 -1.06946
27.2828 19.3833 310.568 -2620.21 10792.5 0.908851 -27.2751 -19.3778 -310.568 -2546.42 -3491.67 -0.908851
21.9686 16.1551 312.036 -2200.21 8696.26 0.738321 -21.9595 -16.149 -312.036 -2105.6 -2818.74 -0.738321
16.1507 12.2735 314 -1689.42 6413.44 0.561347 -16.1398 -12.2664 -314 -1581.39 -2093.86 -0.561347
9.50539 8.21097 317.082 -1154.33 3858.72 0.380786 -9.49568 -8.20437 -317.082 -1033.5 -1317.34 -0.380786
2.21877 4.48339 321.225 -654.441 1048.54 0.198493 -2.20851 -4.47749 -321.225 -539.792 -456.573 -0.198493
-4.42631 1.62322 326.423 -272.249 -1619.66 0.0155016 4.43734 -1.61696 -326.423 -159.449 433.076 -0.0155016
-12.0626 -0.596593 327.371 32.3371 -4277.91 -0.166301 12.0712 0.603873 -327.371 127.869 1049.5 0.166301
-17.8202 -1.95053 324.28 213.969 -6422.76 -0.343319 17.8263 1.96037 -324.28 307.542 1653.85 0.343319
-21.8125 -2.54511 325.148 293.565 -8159.29 -0.512126 21.818 2.55582 -325.148 386.606 2320.47 0.512126
-24.9194 -2.43164 326.396 280.343 -9604.41 -0.671024 24.9228 2.44329 -326.396 369.74 2932.45 0.671024
-27.7897 -1.66012 324.25 180.098 -10821.8 -0.819105 27.7911 1.67361 -324.25 264.569 3380.82 0.819105
-30.5544 -0.197622 322.683 -17.3993 -11855.6 -0.954872 30.5545 0.210168 -322.683 72.0642 3674.5 0.954872
-32.8365 1.81275 322.882 -289.867 -12681.5 -1.07621 32.8348 -1.80417 -322.882 -191.936 3889.59 1.07621
-34.3394 4.01657 322.16 -589.151 -13249 -1.18104 34.3358 -4.00901 -322.16 -480.31 4054.85 1.18104
-35.0894 5.8627 320.353 -838.418 -13558.5 -1.26788 35.0842 -5.86266 -320.353 -724.211 4163.76 1.26788
-35.3341 6.54336 319.315 -929.391 -13652.5 -1.33596 35.3253 -6.54937 -319.315 -815.501 4192.77 1.33596
-35.3007 5.35788 318.999 -767.214 -13564.9 -1.38474 35.2855 -5.36392 -318.999 -661.63 4115.42 1.38474
-35.0027 2.06698 318.436 -318.862 -13309 -1.41358 34.9829 -2.07811 -318.436 -233.319 3940.73 1.41358
-34.1629 -3.31299 318.103 412.134 -12876.4 -1.42226 34.1415 3.29901 -318.103 469.562 3733.81 1.42226
-32.5514 -10.279 318.242 1353.05 -12262.3 -1.41095 32.5266 10.2645 -318.242 1385.67 3551.72 1.41095
-30.2537 -17.8448 318.52 2371.89 -11488.7 -1.37988 30.2302 17.8284 -318.52 2383.57 3392.78 1.37988
-27.5577 -24.9361 318.736 3342.87 -10589.9 -1.32943 27.5342 24.9265 -318.736 3303.97 3215.34 1.32943
-24.6969 -30.1656 318.576 4080.44 -9606.47 -1.26033 24.6719 30.159 -318.576 3960.88 2997.59 1.26033
-22.2188 -32.0513 317.93 4348.98 -8631.64 -1.17357 22.1936 32.0471 -317.93 4195.27 2686.51 1.17357
-20.0474 -30.0705 317.701 4078.46 -7678.3 -1.07043 20.0217 30.0738 -317.701 3938.59 2315.27 1.07043
-17.9121 -23.9649 317.769 3243.61 -6733.59 -0.952208 17.8858 23.9664 -317.769 3145.38 1943.02 0.952208
-15.7195 -14.2431 318.127 1915.41 -5785.8 -0.819938 15.6948 14.2459 -318.127 1882.02 1582.59 0.819938
-13.4855 -1.94627 318.653 216.841 -4807.3 -0.674682 13.4639 1.95494 -318.653 303.349 1202.18 0.674682
-10.7977 11.2068 318.196 -1631.7 -3741.85 -0.518108 10.7771 -11.1927 -318.196 -1353.56 855.96 0.518108
-8.29567 23.2695 318.932 -3328.25 -2696.63 -0.352403 8.27988 -23.2521 -318.932 -2872.13 479.799 0.352403
-6.17093 32.5296 320.393 -4614.25 -1729.46 -0.180142 6.15724 -32.5087 -320.393 -4054.32 81.4397 0.180142
-3.81632 38.8444 319.521 -5485.97 -775.261 -0.00431555 3.80158 -38.8225 -319.521 -4865.96 -242.378 0.00431555
-1.46022 42.1404 318.752 -5938.84 128.491 0.171918 1.4486 -42.1163 -318.752 -5291.55 -516.093 -0.171918
0.610839 42.6107 319.557 -6002.34 954.332 0.345507 -0.623428 -42.5844 -319.557 -5353.15 -787.516 -0.345507
2.3217 40.3458 319.709 -5685.08 1689.18 0.513269 -2.3368 -40.3195 -319.709 -5066.59 -1063.99 -0.513269
3.63985 35.6932 319.033 -5034.28 2307.91 0.671535 -3.65441 -35.6677 -319.033 -4477.13 -1329.77 -0.671535
4.82228 29.1413 319.59 -4120.53 2822.56 0.816274 -4.83659 -29.1152 -319.59 -3644.14 -1527.96 -0.816274
6.03938 21.3475 320.535 -3021.91 3241.3 0.943592 -6.0514 -21.3213 -320.535 -2665.07 -1621.67 -0.943592
6.94638 13.4478 320.145 -1897.91 3520.39 1.0501 -6.95702 -13.4218 -320.145 -1683.3 -1658.68 -1.0501
6.93775 7.15188 319.429 -1003.23 3591.53 1.13287 -6.94702 -7.12583 -319.429 -899.686 -1732.1 -1.13287
6.24565 3.55478 319.542 -492.765 3496.39 1.18928 -6.25573 -3.52883 -319.542 -451.31 -1821.39 -1.18928
5.38907 3.22434 319.398 -447.034 3292.89 1.21713 -5.39956 -3.20015 -319.398 -409.191 -1846.54 -1.21713
4.59322 5.9823 318.808 -843.491 3007.45 1.21493 -4.60242 -5.96129 -318.808 -748.319 -1774.1 -1.21493
3.87166 10.9881 318.7 -1564.68 2654.7 1.18197 -3.87587 -10.9692 -318.7 -1361.74 -1615.26 -1.18197
3.31397 16.822 318.826 -2405.14 2274.09 1.11826 -3.31344 -16.805 -318.826 -2076.64 -1385 -1.11826
2.83699 22.0941 318.803 -3153.4 1892.56 1.02435 -2.83566 -22.0716 -318.803 -2733.02 -1131.83 -1.02435
2.20578 26.3601 318.662 -3754.54 1507.21 0.901455 -2.2009 -26.3337 -318.662 -3268.56 -916.287 -0.901455
1.56566 29.4649 318.691 -4188.3 1141.19 0.751656 -1.56383 -29.4387 -318.691 -3662.52 -721.511 -0.751656
0.954696 31.3728 318.951 -4452.12 791.268 0.577851 -0.960691 -31.3442 -318.951 -3907.01 -534.425 -0.577851
0.227868 32.1479 319.077 -4559.95 416.686 0.383672 -0.233071 -32.1227 -319.077 -4006.26 -354.774 -0.383672
-0.429089 31.6537 319.142 -4492.96 19.6234 0.173409 0.420078 -31.6337 -319.142 -3942.2 -133.526 -0.173409
-1.19065 29.5185 319.347 -4200 -433.061 -0.0480304 1.17443 -29.5051 -319.347 -3666.78 115.755 0.0480304
-2.37882 25.2022 319.717 -3604.66 -986.655 -0.275262 2.36385 -25.1959 -319.717 -3112.42 350.913 0.275262
-3.76478 18.4102 320.508 -2659.05 -1612.9 -0.502552 3.74879 -18.4036 -320.508 -2247.4 606.081 0.502552
-5.42775 9.50353 321.529 -1398.11 -2331.18 -0.723779 5.40818 -9.50192 -321.529 -1134.79 879.589 0.723779
-7.42968 -0.496476 322.282 24.6678 -3140.46 -0.932535 7.40968 0.492955 -322.282 107.405 1153.16 0.932535
-9.31206 -10.3419 322.537 1408.44 -3950.96 -1.12272 9.29091 10.3373 -322.537 1347.99 1459.72 1.12272
-11.1917 -18.6095 323.231 2554.25 -4755.92 -1.28921 11.1696 18.6049 -323.231 2406.19 1761.29 1.28921
-13.1524 -24.2618 323.43 3326.85 -5567.97 -1.42778 13.1335 24.2574 -323.43 3140.51 2047.71 1.42778
-14.921 -26.9048 322.735 3675.46 -6351.7 -1.53484 14.903 26.8992 -322.735 3496.44 2357.35 1.53484
-16.6272 -26.5868 322.304 3621.93 -7114.69 -1.6076 16.6101 26.5796 -322.304 3465.06 2662.91 1.6076
-18.3583 -23.8192 322.249 3232.97 -7847.13 -1.64428 18.349 23.8086 -322.249 3115.81 2930.5 1.64428
-19.9526 -19.4243 321.75 2620 -8500 -1.64415 19.9483 19.4121 -321.75 2556.97 3155.68 1.64415
-21.3324 -14.3925 321.267 1922.39 -9038.19 -1.60741 21.329 14.3803 -321.267 1913.18 3324.27 1.60741
-22.7663 -9.61808 321.226 1269.42 -9473.72 -1.5351 22.7623 9.60771 -321.226 1293.59 3376.44 1.5351
-24.3926 -5.57241 321.055 717.161 -9813.9 -1.42901 24.3876 5.56458 -321.055 767.651 3282.55 1.42901
-25.9012 -2.59919 320.639 310.325 -10027.1 -1.29177 25.8942 2.5917 -320.639 381.9 3093.73 1.29177
-26.9212 -0.929004 320.358 80.9738 -10078.9 -1.12668 26.9127 0.922589 -320.358 166.136 2874.21 1.12668
-27.3954 -0.512437 320.127 22.0843 -9964.41 -0.93762 27.383 0.507438 -320.127 114.154 2634.64 0.93762
-27.5227 -1.11593 319.677 100.799 -9704.57 -0.729234 27.5097 1.10929 -319.677 196.089 2342.27 0.729234
-27.2419 -2.51167 319.03 285.642 -9293.97 -0.506932 27.2295 2.50392 -319.03 383.166 2008.24 0.506932
-26.42 -4.48001 318.596 548.809 -8717.26 -0.276563 26.4053 4.47267 -318.596 644.754 1653.17 0.276563
-24.9903 -6.73304 318.31 853.579 -7968.32 -0.0442054 24.9751 6.72546 -318.31 940.536 1288.01 0.0442054
-22.779 -9.08661 317.792 1179.37 -7037.2 0.183723 22.7638 9.08005 -317.792 1242.24 949.288 -0.183723
-19.8926 -11.3516 317.722 1502.7 -5938.5 0.400444 19.8767 11.3454 -317.722 1522.7 623.27 -0.400444
-16.4043 -13.1768 318.129 1774.62 -4678.86 0.59934 16.3903 13.1709 -318.129 1737.3 296.573 -0.59934
-12.1703 -14.1714 318.158 1946.98 -3249.42 0.774756 12.1582 14.1677 -318.158 1830.28 -1.06517 -0.774756
-7.61004 -13.5842 319.299 1897.92 -1733.53 0.922273 7.60065 13.5843 -319.299 1723.26 -298.247 -0.922273
-3.4434 -10.6894 321.148 1511.43 -307.117 1.03839 3.43768 10.6958 -321.148 1338.91 -610.906 -1.03839
0.929241 -5.1561 321.168 736.816 1140.39 1.12038 -0.934967 5.1667 -321.168 639.081 -889.34 -1.12038
5.22713 2.87302 321.961 -405.281 2584.3 1.16653 -5.23072 -2.85643 -321.961 -358.287 -1184.56 -1.16653
8.48123 12.2218 322.305 -1720.55 3819.8 1.17614 -8.48614 -12.2019 -322.305 -1534.67 -1549.28 -1.17614
10.9562 21.0917 322.117 -2951.6 4818.73 1.14984 -10.9671 -21.0801 -322.117 -2669.29 -1884.78 -1.14984
13.0982 27.7918 321.661 -3864.42 5633.21 1.08953 -13.1108 -27.7805 -321.661 -3542.75 -2125.63 -1.08953
14.9514 31.6058 320.556 -4374.76 6274.16 0.997963 -14.965 -31.5951 -320.556 -4049.33 -2270.64 -0.997963
16.4461 32.1863 319.315 -4441.27 6740.23 0.878525 -16.4611 -32.1838 -319.315 -4138.7 -2336.89 -0.878525
17.6786 29.2923 318.62 -4031.72 7038.26 0.735474 -17.6906 -29.2911 -318.62 -3776.9 -2306.22 -0.735474
18.852 23.0645 318.399 -3166.71 7187.01 0.573818 -18.8599 -23.0631 -318.399 -2981.61 -2142.82 -0.573818
19.6801 14.1887 318.333 -1941.77 7153.83 0.39907 -19.6879 -14.1888 -318.333 -1840.59 -1889.62 -0.39907
19.5485 3.75545 318.338 -506.041 6861.43 0.217 -19.5573 -3.75565 -318.338 -495.082 -1633.46 -0.217
18.1049 -6.45702 318.269 904.278 6255.01 0.0333879 -18.1137 6.45778 -318.269 817.09 -1413.69 -0.0333879
15.7303 -14.9018 318.192 2085.22 5366.55 -0.146112 -15.7417 14.9042 -318.192 1887.46 -1160.25 0.146112
12.8206 -20.1518 318.212 2833.95 4236.04 -0.31609 -12.8342 20.1555 -318.212 2538.35 -808.051 0.31609
9.08776 -21.6178 318.568 3063.48 2835.6 -0.471878 -9.10293 21.6225 -318.568 2699.7 -405.934 0.471878
4.6235 -19.0427 319.428 2709.59 1217.37 -0.610063 -4.63804 19.049 -319.428 2367.38 18.2631 0.610063
-0.36129 -12.8952 321.824 1824.76 -539.069 -0.728471 0.350974 12.9029 -321.824 1613.75 441.068 0.728471
-5.47695 -4.19546 323.664 554.234 -2370.3 -0.825746 5.47412 4.2042 -323.664 565.475 903.177 0.825746
-9.99008 4.85162 323.437 -731.92 -4084.97 -0.900995 9.98989 -4.84192 -323.437 -559.865 1410.05 0.900995
-13.5604 12.8002 323.052 -1825.03 -5525.32 -0.954022 13.5593 -12.7892 -323.052 -1585.47 1894.58 0.954022
-17.3573 18.7122 323.942 -2621.84 -6832.74 -0.985594 17.3567 -18.7014 -323.942 -2364.78 2185.95 0.985594
-21.0884 22.1574 323.352 -3077.39 -7995.17 -0.996911 21.0838 -22.1475 -323.352 -2827.86 2351.03 0.996911
-24.2827 23.0798 322.217 -3186.3 -8985.64 -0.989167 24.2723 -23.0694 -322.217 -2964.84 2487.99 0.989167
-26.8485 21.8826 322.17 -3009.54 -9812.22 -0.963592 26.8379 -21.8722 -322.17 -2822.48 2628.18 0.963592
-28.7624 19.1105 322.146 -2627.21 -10458.2 -0.921485 28.7524 -19.0994 -322.146 -2465.72 2761.9 0.921485
-30.1706 15.3335 321.265 -2115.92 -10921.7 -0.864435 30.1588 -15.3221 -321.265 -1970.02 2848.94 0.864435
-31.2312 10.9837 320.517 -1529.14 -11217.6 -0.794546 31.2212 -10.9735 -320.517 -1397.36 2861.19 0.794546
-31.8501 6.17133 320.039 -881.262 -11331.7 -0.71416 31.8398 -6.16626 -320.039 -762.973 2810.13 0.71416
-31.8845 0.655412 319.353 -135.77 -11242.7 -0.625459 31.8726 -0.654631 -319.353 -38.5632 2712.66 0.625459
-31.3013 -5.8246 318.561 737.784 -10949.7 -0.530515 31.2898 5.81541 -318.561 814.033 2576.19 0.530515
-29.9526 -13.4301 318.195 1760.64 -10442.5 -0.431587 29.9424 13.4127 -318.195 1817.62 2430.03 0.431587
-27.7452 -21.7945 318.147 2900.2 -9709.57 -0.331238 27.7353 21.7795 -318.147 2908.24 2287.57 0.331238
-24.9542 -29.578 318.04 3983.85 -8779.35 -0.232241 24.9446 29.565 -318.04 3899.79 2103.89 0.232241
-21.9276 -34.6478 317.209 4693.48 -7718.31 -0.137401 21.9189 34.6393 -317.209 4542.25 1852.63 0.137401
-18.5615 -35.8222 316.801 4876.17 -6531.99 -0.0493828 18.5527 35.8178 -316.801 4673.05 1567.03 0.0493828
-14.8881 -32.2721 317.038 4417.93 -5239.33 0.0294147 14.8783 32.2709 -317.038 4185.13 1257.33 -0.0294147
-11.0235 -23.6763 317.734 3258.37 -3863.6 0.0969199 11.0139 23.6758 -317.734 3053.11 915.498 -0.0969199
-6.97659 -10.1749 319.978 1398.25 -2390.83 0.15156 6.96793 10.1741 -319.978 1314.06 525.151 -0.15156
-2.71185 5.33889 321.877 -802.233 -891.863 0.192769 2.70519 -5.34061 -321.877 -621.008 166.568 -0.192769
1.97347 19.1155 321.834 -2755.06 621.136 0.221296 -1.97915 -19.1178 -321.834 -2340.63 -93.9507 -0.221296
6.3887 28.0276 322.165 -3984.18 2086.19 0.238694 -6.39317 -28.0312 -322.165 -3487.52 -378.777 -0.238694
9.59503 31.4765 321.315 -4434.17 3335.69 0.246623 -9.60055 -31.4819 -321.315 -3957.27 -770.223 -0.246623
11.8597 29.5475 319.922 -4140.04 4372.72 0.246913 -11.8679 -29.5541 -319.922 -3737.38 -1200.35 -0.246913
13.8961 22.6223 320.096 -3151.56 5267.76 0.242009 -13.9045 -22.6296 -320.096 -2879.88 -1550.13 -0.242009
15.646 11.7878 320.98 -1631.06 5975.86 0.234546 -15.6576 -11.7919 -320.98 -1511.77 -1789.42 -0.234546
16.6787 -0.857895 320.586 127.409 6418.61 0.226385 -16.6945 0.855928 -320.586 101.036 -1955.07 -0.226385
16.5876 -12.7495 320.169 1774.12 6543.12 0.218577 -16.6081 12.7467 -320.169 1624.22 -2102.61 -0.218577
15.7541 -21.9067 320.267 3042.59 6397.73 0.21207 -15.7752 21.9015 -320.267 2796.56 -2179.38 -0.21207
14.5359 -27.5985 319.602 3832.51 6028.3 0.207899 -14.5568 27.5882 -319.602 3523.31 -2135.57 -0.207899
13.1515 -30.0297 318.474 4178.33 5472.04 0.206713 -13.169 30.0159 -318.474 3825.1 -1950.41 -0.206713
11.4737 -29.7197 318.239 4151.3 4731.33 0.208255 -11.4874 29.7057 -318.239 3769.37 -1659.62 -0.208255
9.17924 -27.0205 318.402 3795.3 3788 0.211331 -9.19267 27.0055 -318.402 3405.59 -1330.6 -0.211331
5.85226 -22.2903 318.514 3159.06 2593.78 0.214132 -5.86776 22.2778 -318.514 2781.13 -1025.96 -0.214132
1.72042 -15.7557 319.676 2248.57 1190.88 0.214443 -1.73792 15.7449 -319.676 1949.92 -727.52 -0.214443
-2.74636 -8.20509 321.675 1154.5 -337.268 0.209763 2.72681 8.19503 -321.675 1031.43 -393.436 -0.209763
-7.25129 -1.13472 322.609 116.388 -1937.5 0.197509 7.23193 1.12411 -322.609 184.835 1.99884 -0.197509
-11.9213 3.82136 323.654 -596.609 -3601.48 0.175159 11.9014 -3.83421 -323.654 -423.564 417.171 -0.175159
-15.7902 5.73714 323.619 -857.566 -5101.03 0.140717 15.7733 -5.75267 -323.619 -673.667 880.926 -0.140717
-19.135 4.43253 323.891 -669.182 -6440.89 0.0933965 19.1207 -4.44989 -323.891 -514.528 1324.82 -0.0933965
-22.0845 0.183982 324.427 -84.9399 -7616.72 0.0333837 22.0765 -0.203708 -324.427 33.4977 1709.87 -0.0333837
-24.3081 -6.29769 323.941 795.777 -8580.44 -0.0385411 24.3025 6.27627 -323.941 880.482 2077.31 0.0385411
-25.8309 -13.7218 323.649 1804.01 -9322.01 -0.120758 25.8277 13.7049 -323.649 1852.08 2409.94 0.120758
-26.5836 -20.7212 323.284 2757.22 -9828.04 -0.211192 26.5861 20.7064 -323.284 2765.19 2712.53 0.211192
-26.6662 -26.2448 322.257 3517.15 -10099.8 -0.307853 26.6672 26.231 -322.257 3478.01 2961.18 0.307853
-26.4818 -29.5967 320.88 3982.42 -10194 -0.408536 26.4791 29.5877 -320.88 3906.98 3104.48 0.408536
-26.2536 -30.3307 319.968 4085.01 -10157 -0.51053 26.2494 30.3219 -319.968 4000.08 3128.64 0.51053
-25.7136 -28.4497 319.23 3825.83 -9974.55 -0.610754 25.7073 28.4418 -319.23 3757.87 3091.07 0.610754
-24.6459 -24.4092 318.41 3271.92 -9636.03 -0.705963 24.6372 24.3992 -318.41 3234.3 3038.62 0.705963
-23.1987 -18.9855 317.882 2532.22 -9168 -0.79299 23.1889 18.9735 -317.882 2527.75 2958.02 0.79299
-21.5374 -13.104 317.745 1733.03 -8590.23 -0.868957 21.53 13.0887 -317.745 1758.54 2824.62 0.868957
-19.544 -7.78642 317.395 1010.12 -7884.19 -0.93126 19.5419 7.7675 -317.395 1063.35 2651.46 0.93126
-17.0095 -3.78212 317.041 465.154 -7019.51 -0.977321 17.0129 3.76579 -317.041 541.169 2464.22 0.977321
-14.0447 -1.41984 317.115 144.168 -5994.96 -1.00452 14.0513 1.40333 -317.115 232.382 2232.5 1.00452
-10.934 -0.719566 317.621 48.9769 -4821.87 -1.0104 10.9431 0.700578 -317.621 140.553 1891.63 1.0104
-7.67438 -1.77578 318.321 201.586 -3477.39 -0.992952 7.68584 1.75671 -318.321 269.457 1419.44 0.992952
-3.99337 -4.45305 319.577 593.963 -1938.66 -0.950823 4.00421 4.43124 -319.577 590.329 866.027 0.950823
-0.171791 -8.51162 322.084 1198.55 -332.956 -0.883278 0.181923 8.48885 -322.084 1067.41 283.391 0.883278
4.45431 -13.3033 323.459 1903.21 1397.6 -0.789978 -4.44306 13.2797 -323.459 1639.86 -209.798 0.789978
9.55203 -18.0372 324.371 2560.94 3198.23 -0.671238 -9.54005 18.0123 -324.371 2243.88 -647.334 0.671238
13.6888 -22.2339 324.253 3110.84 4804.46 -0.52905 -13.6768 22.212 -324.253 2813.2 -1146.55 0.52905
16.942 -25.5834 324.398 3544.11 6195.7 -0.367281 -16.9323 25.5622 -324.398 3273.07 -1666.07 0.367281
19.7196 -27.6792 324.061 3808.53 7414.06 -0.190439 -19.7119 27.6611 -324.061 3567.92 -2139.86 0.190439
22.0112 -27.9803 322.95 3838.01 8458.17 -0.00294746 -22.0073 27.9661 -322.95 3619.3 -2569.15 0.00294746
23.6951 -26.0077 321.778 3558.25 9313.23 0.190424 -23.697 25.9944 -321.778 3373.35 -2971.65 -0.190424
24.8274 -21.5797 320.884 2941.56 9971.71 0.384379 -24.8327 21.5674 -320.884 2809.75 -3325.56 -0.384379
25.7058 -15.2205 320.095 2072.29 10438 0.573503 -25.7105 15.2093 -320.095 1983.85 -3556.18 -0.573503
26.4778 -7.51216 319.26 1027.12 10715.3 0.752469 -26.4838 7.50229 -319.26 974.219 -3626.78 -0.752469
26.84 0.692383 318.309 -90.7265 10774.6 0.91607 -26.845 -0.700984 -318.309 -95.0034 -3589.66 -0.91607
26.5254 8.27323 317.47 -1121.64 10597.9 1.05933 -26.5287 -8.27841 -317.47 -1084.59 -3497.67 -1.05933
25.531 14.4463 317.144 -1958.27 10192.6 1.17758 -25.5336 -14.4493 -317.144 -1893.34 -3358.92 -1.17758
24.0314 18.7094 316.836 -2541.74 9582.8 1.26654 -24.0322 -18.7122 -316.836 -2446.3 -3151.05 -1.26654
22.1695 20.4744 316.305 -2791.97 8797.74 1.32262 -22.1703 -20.4767 -316.305 -2666.46 -2864.85 -1.32262
20.0054 19.1497 316.14 -2617.8 7860.49 1.34312 -20.0074 -19.1539 -316.14 -2487.63 -2507.38 -1.34312
17.3669 14.4169 316.807 -1974.67 6753.35 1.32633 -17.368 -14.4238 -316.807 -1869.37 -2107.18 -1.32633
14.2321 6.25974 317.815 -856.141 5460.13 1.27149 -14.2333 -6.26853 -317.815 -813.625 -1653.44 -1.27149
10.3449 -4.64801 318.934 673.241 3921.17 1.17877 -10.3473 4.63318 -318.934 563.83 -1154.69 -1.17877
5.55032 -16.7849 320.204 2401.94 2127.36 1.04956 -5.55431 16.7667 -320.204 2069.94 -643.085 -1.04956
1.15578 -27.4749 323.998 3886.37 367.542 0.886794 -1.15927 27.4569 -323.998 3435.29 -59.4035 -0.886794
-3.53611 -35.4563 325.124 4965.72 -1392.6 0.694517 3.53207 35.4385 -325.124 4483.85 445.388 -0.694517
-8.61188 -40.0643 324.001 5568.44 -3160.37 0.477366 8.60804 40.0494 -324.001 5110.11 855.604 -0.477366
-12.8325 -40.8884 323.702 5639.59 -4753.19 0.241322 12.8301 40.8744 -323.702 5258.94 1318.81 -0.241322
-15.9885 -37.7829 323.533 5168.78 -6132.85 -0.00633033 15.9862 37.7706 -323.533 4902.22 1853.06 0.00633033
-18.4649 -31.3034 323.044 4246.83 -7310.26 -0.258592 18.4637 31.29 -323.044 4096.72 2366.47 0.258592
-20.6818 -22.4328 322.46 3016.96 -8315.48 -0.50904 20.6848 22.4159 -322.46 2961.36 2776.97 0.50904
-22.6062 -12.7747 322.061 1686.51 -9138.86 -0.751166 22.6109 12.7574 -322.061 1717.06 3084.53 0.751166
-23.8499 -4.2042 321.812 523.288 -9724.03 -0.9785 23.855 4.18503 -321.812 595.243 3336.08 0.9785
-24.643 1.96368 320.943 -312.747 -10098.2 -1.18475 24.6504 -1.98609 -320.943 -213.428 3497.2 1.18475
-24.967 4.4929 319.997 -654.401 -10266 -1.36398 24.9754 -4.51734 -319.997 -546.296 3577.98 1.36398
-24.8451 2.89317 319.562 -432.79 -10232.5 -1.51121 24.8544 -2.91878 -319.562 -341.58 3577.05 1.51121
-24.3896 -2.56929 319.175 314.605 -10000.6 -1.62257 24.4011 2.54398 -319.175 367.301 3467.13 1.62257
-23.5673 -10.5631 318.841 1402.25 -9551.7 -1.69498 23.5822 10.5431 -318.841 1411.43 3238.62 1.69498
-21.9972 -19.0782 318.596 2568.73 -8831.73 -1.72613 22.0137 19.0604 -318.596 2515.22 2939.36 1.72613
-19.5669 -25.8657 317.908 3512.79 -7826.17 -1.71471 19.5847 25.8567 -317.908 3381.72 2584.66 1.71471
-16.5262 -28.972 316.678 3951.51 -6572.6 -1.66076 16.5453 28.9678 -316.678 3771.59 2145.42 1.66076
-12.9005 -27.881 316.412 3830.84 -5062.79 -1.56567 12.9193 27.8757 -316.412 3601.09 1606.68 1.56567
-8.49278 -22.9107 317.229 3180.69 -3244.58 -1.43164 8.51289 22.9081 -317.229 2926.4 968.32 1.43164
-3.40343 -14.4136 320.053 2031.57 -1146.9 -1.26141 3.42779 14.4111 -320.053 1810.36 232.317 1.26141
3.28618 -4.12167 323.753 582.146 1230.94 -1.05845 -3.26131 4.12005 -323.753 516.376 -356.381 1.05845
12.0574 5.97724 325.39 -849.225 3972.23 -0.826797 -12.0323 -5.97723 -325.39 -744.093 -753.527 0.826797
18.3879 13.8625 323.242 -1924.25 6298.23 -0.5721 -18.363 -13.862 -323.242 -1771.09 -1385.69 0.5721
23.2577 19.1539 324.608 -2624.06 8328.4 -0.302801 -23.2375 -19.1523 -324.608 -2481.88 -2110.58 0.302801
27.8863 21.864 325.654 -2973.23 10198.1 -0.0275128 -27.8692 -21.8632 -325.654 -2855.48 -2739.81 0.0275128
32.2288 22.1912 323.987 -2996.85 11886.7 0.247487 -32.2137 -22.193 -323.987 -2919.53 -3265.06 -0.247487
35.9511 20.4301 323.399 -2754.58 13363.9 0.516861 -35.9363 -20.4327 -323.399 -2692.45 -3745.1 -0.516861
39.1734 16.8072 323.847 -2265.79 14634.9 0.774736 -39.1592 -16.8114 -323.847 -2215.62 -4152.68 -0.774736
42.0383 11.8773 322.943 -1596.78 15690.6 1.01485 -42.0205 -11.8812 -322.943 -1570.28 -4441.81 -1.01485
44.5707 6.49641 321.778 -864.692 16533.9 1.23115 -44.5525 -6.49683 -321.778 -867.334 -4607.54 -1.23115
46.3618 1.63151 321.305 -205.615 17125.8 1.41848 -46.3433 -1.63151 -321.305 -229.356 -4720.28 -1.41848
47.1585 -1.96812 320.503 281.017 17428 1.57277 -47.1398 1.96917 -320.503 243.836 -4809.27 -1.57277
47.1042 -3.93523 318.722 546.319 17447.1 1.69078 -47.0884 3.93845 -318.722 503.263 -4842.56 -1.69078
46.4864 -4.09322 317.011 567.678 17214.2 1.77015 -46.4708 4.09834 -317.011 524.274 -4775.35 -1.77015
45.4542 -2.57375 315.828 363.104 16746.6 1.80939 -45.4393 2.57992 -315.828 323.888 -4584.57 -1.80939
43.8391 0.243851 314.643 -17.1187 16025.1 1.80768 -43.8259 -0.23741 -314.643 -47.025 -4296.16 -1.80768
41.3461 3.80779 313.421 -500.115 15024 1.76511 -41.3339 -3.80192 -313.421 -514.226 -3962.9 -1.76511
37.9818 7.43638 312.596 -991.259 13756.6 1.68276 -37.9692 -7.43197 -312.596 -990.606 -3596.59 -1.68276
34.0192 10.4388 312.201 -1396.55 12267.1 1.56263 -34.0069 -10.4343 -312.201 -1385.7 -3168.11 -1.56263
29.6145 12.4652 312.311 -1671.47 10584.5 1.40749 -29.6029 -12.4612 -312.311 -1651.01 -2664.81 -1.40749
24.6343 13.5864 313.079 -1833.78 8703.29 1.22073 -24.6228 -13.5804 -313.079 -1787.24 -2116.92 -1.22073
19.095 14.1388 314.675 -1935.73 6620.03 1.00601 -19.0834 -14.1301 -314.675 -1832.08 -1516.31 -1.00601
12.8607 14.4559 316.9 -2022.7 4290.19 0.767151 -12.8474 -14.4444 -316.9 -1829.16 -854.789 -0.767151
5.91621 14.825 319.921 -2129.23 1703.73 0.508497 -5.90173 -14.8132 -319.921 -1820.89 -125.892 -0.508497
-0.381009 14.8619 324.667 -2160.08 -748.005 0.235129 0.396601 -14.8509 -324.667 -1799.96 640.721 -0.235129
-7.46783 14.3744 325.878 -2085.23 -3150.25 -0.0469761 7.48461 -14.3623 -325.878 -1744.72 1147.78 0.0469761
-14.0414 12.987 324.375 -1857.98 -5269.75 -0.330675 14.056 -12.9749 -324.375 -1602.2 1509.99 0.330675
-18.3965 11.1188 323.691 -1574.14 -6909.74 -0.608123 18.4097 -11.1066 -323.691 -1388.03 1984.41 0.608123
-21.1473 8.82365 324.343 -1248.76 -8171.66 -0.872423 21.1605 -8.81027 -324.343 -1101.44 2508.75 0.872423
-23.4395 6.39881 323.301 -912.176 -9165.5 -1.11827 23.451 -6.38499 -323.301 -791.536 2888.45 1.11827
-25.7091 4.23535 321.296 -615.333 -9951.96 -1.34052 25.7193 -4.22115 -321.296 -511.562 3067.74 1.34052
-27.5421 2.72954 320.427 -408.341 -10510 -1.53334 27.5521 -2.71483 -320.427 -317.043 3135.56 1.53334
-28.2521 2.17254 319.737 -331.259 -10764.5 -1.69099 28.2638 -2.15954 -319.737 -245.857 3199.85 1.69099
-27.7199 2.63567 318.109 -393.382 -10692.4 -1.80892 27.7329 -2.62401 -318.109 -307.373 3269.64 1.80892
-26.4236 4.01192 316.688 -580.337 -10345.7 -1.88403 26.4372 -4.00114 -316.688 -487.424 3269.39 1.88403
-24.7656 6.07201 316.144 -860.944 -9768.38 -1.91425 24.7811 -6.0628 -316.144 -756.216 3135.66 1.91425
-22.6149 8.50285 315.606 -1192.02 -8942.6 -1.89854 22.632 -8.49267 -315.606 -1073.03 2885.66 1.89854
-19.6133 11.0474 315.091 -1545.43 -7832.06 -1.83687 19.6317 -11.0371 -315.091 -1397.92 2578.54 1.83687
-15.6842 13.4382 315.47 -1889.34 -6430.24 -1.73002 15.7006 -13.4294 -315.47 -1691.48 2228.43 1.73002
-11.1809 15.1231 316.492 -2150.22 -4771.61 -1.57989 11.1924 -15.1164 -316.492 -1880 1775.51 1.57989
-6.42496 15.552 318.189 -2242.61 -2887.64 -1.38994 6.43158 -15.5453 -318.189 -1901.9 1165.01 1.38994
-1.73901 14.2638 321.448 -2071.87 -910.175 -1.16518 1.74054 -14.2574 -321.448 -1729.33 442.672 1.16518
4.03149 11.7243 323.578 -1699.54 1202.1 -0.91119 -4.02976 -11.7173 -323.578 -1424.69 -126.116 0.91119
11.0951 8.58233 324.76 -1221.7 3457.11 -0.633518 -11.0952 -8.57161 -324.76 -1064.6 -493.052 0.633518
16.0364 6.16626 322.987 -858.461 5279.96 -0.338978 -16.04 -6.15413 -322.987 -783.649 -993.587 0.338978
19.0709 5.05933 322.654 -692.598 6691.76 -0.0368002 -19.0727 -5.04326 -322.654 -653.948 -1592.38 0.0368002
21.6797 5.63951 323.005 -763.754 7862.69 0.263338 -21.6782 -5.62224 -323.005 -737.324 -2064.52 -0.263338
24.1614 7.80755 321.601 -1055.61 8836.86 0.553417 -24.1601 -7.79073 -321.601 -1023.51 -2374.08 -0.553417
26.0265 11.1541 320.203 -1506.6 9593.77 0.826675 -26.0201 -11.1371 -320.203 -1464.65 -2632.09 -0.826675
27.1598 15.0606 320.126 -2034.46 10148.5 1.07675 -27.1518 -15.0448 -320.126 -1978.41 -2882.99 -1.07675
27.6982 18.8725 319.88 -2548.2 10515.7 1.29759 -27.6904 -18.8556 -319.88 -2480.79 -3105.2 -1.29759
27.8863 22.0083 319.029 -2973.37 10723.1 1.48378 -27.8752 -21.9913 -319.029 -2891.6 -3262.05 -1.48378
27.9522 23.9381 318.538 -3235.67 10810.3 1.63093 -27.9418 -23.9217 -318.538 -3143.84 -3331.21 -1.63093
27.7805 24.159 318.364 -3264.88 10768.1 1.73601 -27.7735 -24.1443 -318.364 -3173.73 -3334.39 -1.73601
27.1816 22.3884 317.831 -3022.07 10569 1.79735 -27.1743 -22.3766 -317.831 -2944.89 -3295.67 -1.79735
26.2116 18.7718 317.371 -2529.82 10216.1 1.81422 -26.2075 -18.7604 -317.371 -2472.98 -3202.1 -1.81422
24.8333 13.7723 317.442 -1852.17 9695.62 1.7867 -24.8345 -13.762 -317.442 -1817.92 -3050 -1.7867
22.9018 8.2639 317.382 -1104.29 8976.86 1.7159 -22.9031 -8.25149 -317.382 -1097.03 -2848.38 -1.7159
20.5709 3.47542 317.198 -452.515 8070.59 1.60392 -20.5723 -3.45919 -317.198 -471.76 -2566.3 -1.60392
17.93 0.808224 317.165 -89.6369 6988.76 1.4536 -17.932 -0.78983 -317.165 -123.328 -2191.73 -1.4536
14.6587 1.21029 317.359 -149.54 5694.59 1.2684 -14.6616 -1.18927 -317.359 -170.249 -1773.26 -1.2684
10.3973 4.94505 317.437 -685.022 4144.94 1.05227 -10.4001 -4.92449 -317.437 -630.371 -1363.63 -1.05227
5.18424 11.2789 317.926 -1611.77 2329.32 0.80966 -5.18685 -11.2605 -317.926 -1392.23 -941.859 -0.80966
0.593019 18.151 320.183 -2616.12 528.973 0.545726 -0.594421 -18.1351 -320.183 -2220.04 -369.97 -0.545726
-3.58703 23.4378 321.403 -3363.63 -1174.47 0.266122 3.58776 -23.4228 -321.403 -2881.97 214.4 -0.266122
-8.15065 26.0529 320.73 -3713.53 -2838.55 -0.0229902 8.1521 -26.0408 -320.73 -3229.59 657.614 0.0229902
-12.58 25.3288 320.939 -3583.8 -4383.44 -0.314366 12.5829 -25.3199 -320.939 -3166.77 1017.66 0.314366
-15.6198 21.3467 321.629 -3004.19 -5654.89 -0.600011 15.6237 -21.3394 -321.629 -2685.11 1474.96 0.600011
-17.443 14.8915 321.752 -2094.17 -6651.11 -0.872506 17.4428 -14.8853 -321.752 -1874.51 1982.42 0.872506
-19.1152 7.30862 322.029 -1042.18 -7493.07 -1.12547 19.112 -7.30215 -322.029 -905.029 2376.19 1.12547
-21.2215 0.188455 322.877 -67.43 -8254.61 -1.35301 21.2109 -0.182641 -322.877 18.2547 2574.84 1.35301
-23.3968 -5.35583 322.98 687.412 -8922.78 -1.54924 23.3833 5.36231 -322.98 741.546 2661.57 1.54924
-24.9379 -8.50027 322.489 1115.55 -9448.21 -1.70852 24.9236 8.5077 -322.489 1151.83 2774.69 1.70852
-25.7444 -8.89516 322.173 1170.18 -9832.48 -1.8262 25.726 8.90558 -322.173 1202.88 2943.16 1.8262
-26.4363 -6.59501 321.783 860.273 -10137.6 -1.8992 26.417 6.608 -321.783 899.942 3062.93 1.8992
-27.4143 -2.02781 321.057 239.762 -10396.9 -1.926 27.3944 2.04097 -321.057 302.912 3060.96 1.926
-28.357 3.93117 320.176 -569.611 -10571.6 -1.90637 28.3396 -3.91615 -320.176 -476.061 2983.84 1.90637
-28.6944 10.1536 319.403 -1413.5 -10595.6 -1.84117 28.6784 -10.1403 -319.403 -1291.22 2917.79 1.84117
-28.2333 15.3774 318.599 -2119.61 -10439.9 -1.73243 28.2186 -15.3677 -318.599 -1978.22 2885.39 1.73243
-27.2442 18.5293 317.525 -2548.4 -10129.1 -1.58365 27.2313 -18.5232 -317.525 -2390.17 2838.99 1.58365
-26.1271 18.8703 316.72 -2598.31 -9709.34 -1.40007 26.1131 -18.8656 -316.72 -2431.33 2718.54 1.40007
-25.0205 16.2467 316.596 -2245.65 -9204.82 -1.18826 25.006 -16.2413 -316.596 -2084.47 2510.83 1.18826
-23.6683 11.0171 316.965 -1540.8 -8593.85 -0.955398 23.6548 -11.0142 -316.965 -1395.5 2262.26 0.955398
-21.7483 3.81499 317.642 -569.082 -7840.36 -0.708906 21.7358 -3.81516 -317.642 -447.681 2022.82 0.708906
-19.1926 -4.25012 318.218 527.083 -6936.27 -0.456414 19.1811 4.24706 -318.218 605.731 1802.48 0.456414
-16.2336 -12.1664 319.077 1626.41 -5903.91 -0.205768 16.2224 12.1606 -319.077 1616.27 1561.69 0.205768
-13.4415 -18.62 320.059 2536.69 -4802.4 0.0352477 13.4277 18.6167 -320.059 2426.63 1207.84 -0.0352477
-10.8277 -22.7067 320.531 3134.11 -3652.1 0.259681 10.8115 22.7032 -320.531 2918.5 757.742 -0.259681
-8.00501 -23.855 320.8 3329.51 -2462.56 0.462123 7.98886 23.852 -320.8 3029.2 323.745 -0.462123
-4.97625 -21.9958 321.741 3092.75 -1311.92 0.638567 4.95833 21.9962 -321.741 2770.74 -16.3228 -0.638567
-1.83144 -17.5929 321.79 2494.64 -225.469 0.786211 1.8142 17.5937 -321.79 2195.18 -261.795 -0.786211
0.960034 -11.2308 321.266 1604.37 770.229 0.903723 -0.970673 11.2305 -321.266 1389.36 -511.722 -0.903723
3.43969 -4.06943 321.298 584.988 1692.99 0.990847 -3.44764 4.06967 -321.298 499.856 -771.542 -0.990847
5.9994 2.70934 321.151 -383.651 2582.63 1.04766 -6.00463 -2.70957 -321.151 -338.528 -977.184 -1.04766
8.19504 8.16702 320.041 -1153.71 3342.44 1.07476 -8.19738 -8.16562 -320.041 -1023.08 -1150.3 -1.07476
10.0391 12.07 319.739 -1696.39 3980.77 1.07362 -10.0401 -12.0655 -319.739 -1520.4 -1295.67 -1.07362
11.4467 14.5292 320.038 -2032.58 4491.36 1.04617 -11.4473 -14.5237 -320.038 -1839.67 -1429.74 -1.04617
12.3617 15.7508 319.629 -2196.44 4863.32 0.994443 -12.3648 -15.7433 -319.629 -2001.2 -1556.41 -0.994443
12.8551 15.926 319.191 -2217.37 5098.99 0.92053 -12.8586 -15.9193 -319.191 -2027.1 -1659.81 -0.92053
13.0252 14.9441 319.326 -2079.45 5204.73 0.82683 -13.0298 -14.9437 -319.326 -1904.12 -1719.73 -0.82683
12.8341 12.2331 319.239 -1702.48 5170.4 0.716084 -12.8405 -12.2412 -319.239 -1559.54 -1736.19 -0.716084
12.2161 7.20272 318.994 -1001.59 4986.8 0.591295 -12.2215 -7.21607 -318.994 -920.174 -1717.95 -0.591295
11.2505 -0.0599079 319.338 16.8219 4661.9 0.455727 -11.2551 0.0466119 -319.338 -2.59419 -1651.4 -0.455727
9.92355 -8.57932 319.893 1220.09 4189.97 0.312833 -9.92884 8.56605 -319.893 1065.12 -1534.27 -0.312833
8.23307 -16.6446 320.003 2363.14 3575.89 0.166087 -8.23789 16.6358 -320.003 2072.6 -1372.36 -0.166087
6.34529 -22.3976 320.39 3176.52 2862.02 0.0189293 -6.35082 22.3911 -320.39 2793.1 -1163.35 -0.0189293
4.30294 -24.6769 320.011 3497.02 2077.51 -0.125226 -4.30982 24.6755 -320.011 3080.86 -925.051 0.125226
2.12063 -23.0526 319.6 3269.06 1234.89 -0.263082 -2.12766 23.0508 -319.6 2875.77 -666.305 0.263082
-0.104128 -17.8774 320.131 2539.39 336.449 -0.391789 0.0974004 17.8708 -320.131 2225.26 -363.257 0.391789
-2.06287 -10.2336 320.346 1442.35 -562.339 -0.509147 2.05964 10.226 -320.346 1284.62 10.499 0.509147
-3.72066 -1.98322 320.177 245.764 -1435.25 -0.613268 3.72333 1.97144 -320.177 281.468 438.269 0.613268
-5.03595 4.84352 320.026 -737.756 -2229.74 -0.702257 5.05143 -4.85689 -320.026 -554.947 878.144 0.702257
-5.93534 8.86129 319.756 -1306.57 -2874.83 -0.774436 5.95398 -8.87484 -319.756 -1057.14 1281.09 0.774436
-6.9717 9.59284 319.741 -1403.55 -3399.58 -0.828705 6.9861 -9.60568 -319.741 -1155.07 1528.63 0.828705
-8.36652 7.19256 320.108 -1062.06 -3829.76 -0.864643 8.38575 -7.2047 -320.108 -856.645 1585.35 0.864643
-9.40387 2.20828 320.292 -358.223 -4096.23 -0.88233 9.41687 -2.22074 -320.292 -231.877 1575.58 0.88233
-9.87329 -4.44788 320.809 577.314 -4187.78 -0.88191 9.87812 4.43604 -320.809 606.99 1542.92 0.88191
-10.1853 -11.615 321.519 1582.22 -4166.88 -0.863421 10.186 11.6056 -321.519 1512.95 1439.53 0.863421
-10.1349 -17.8438 321.671 2455.15 -4026.25 -0.827331 10.1388 17.8397 -321.671 2301.14 1312.35 0.827331
-9.34815 -21.7612 321.241 3010.75 -3737.82 -0.774857 9.34953 21.761 -321.241 2790.32 1234.64 0.774857
-8.08093 -22.3707 320.712 3105.92 -3340.9 -0.707535 8.08419 22.3759 -320.712 2858.3 1176.18 0.707535
-6.66345 -19.2993 320.215 2686.31 -2870.6 -0.627036 6.66825 19.3046 -320.215 2459.11 1084.71 0.627036
-5.103 -12.8507 320.008 1785.67 -2319.51 -0.535331 5.10681 12.8538 -320.008 1640.43 951.113 0.535331
-3.3394 -4.43583 319.751 593.742 -1695.64 -0.43458 3.34508 4.43601 -319.751 588.863 798.685 0.43458
-1.24186 4.17516 319.426 -634.49 -1006.91 -0.327075 1.24913 -4.17417 -319.426 -478.169 670.591 0.327075
1.20879 11.4543 319.299 -1672.61 -253.314 -0.215443 -1.19942 -11.4546 -319.299 -1380.57 571.752 0.215443
3.62648 16.1803 319.167 -2340.4 530.014 -0.10259 -3.61525 -16.1815 -319.167 -1972.7 434.509 0.10259
5.715 17.7171 319.368 -2550.01 1310.55 0.00867867 -5.70254 -17.7172 -319.368 -2172.62 212.473 -0.00867867
7.6623 16.0149 319.842 -2298.62 2109.33 0.115912 -7.64851 -16.0157 -319.842 -1970.37 -65.4392 -0.115912
9.66538 11.4268 320.641 -1629.23 2925.69 0.216973 -9.65 -11.428 -320.641 -1416.84 -346.109 -0.216973
11.4258 5.21776 321.104 -733.973 3693.62 0.309861 -11.4099 -5.21897 -321.104 -657.014 -642.896 -0.309861
12.8348 -1.17673 321.684 175.511 4388.79 0.392592 -12.8181 1.17499 -321.684 137.972 -960.602 -0.392592
14.0289 -6.5417 322.306 928.592 5025.37 0.463319 -14.0125 6.53973 -322.306 814.995 -1276.87 -0.463319
15.0718 -10.0784 322.479 1416.1 5604.6 0.520728 -15.0586 10.0759 -322.479 1270.21 -1575.79 -0.520728
15.9751 -11.4359 322.08 1598.33 6124.35 0.564296 -15.9638 11.4333 -322.08 1449.85 -1852.77 -0.564296
16.8417 -10.5209 321.654 1465.96 6585.02 0.594057 -16.8336 10.521 -321.654 1338.69 -2080.5 -0.594057
17.6354 -7.50272 320.996 1042.75 6969.96 0.610222 -17.6298 7.5039 -320.996 957.48 -2252.32 -0.610222
18.299 -2.9655 320.21 414.617 7255.11 0.613121 -18.2953 2.96766 -320.21 376.223 -2359.46 -0.613121
18.7135 2.47367 319.362 -331.831 7415.61 0.603413 -18.7117 -2.46681 -319.362 -326.672 -2408.75 -0.603413
18.9098 8.39021 318.601 -1147.1 7447.27 0.582183 -18.9054 -8.38309 -318.601 -1088.59 -2388.39 -0.582183
18.8934 14.197 317.964 -1948.8 7351.34 0.55082 -18.889 -14.1903 -317.964 -1834.9 -2297.21 -0.55082
18.5013 19.2091 317.219 -2642.62 7117.6 0.510859 -18.4976 -19.2022 -317.219 -2477.16 -2168.66 -0.510859
17.4641 22.8978 316.609 -3157.27 6723.75 0.463869 -17.4622 -22.8918 -316.609 -2945.95 -2052.19 -0.463869
15.7411 24.8845 316.393 -3444.49 6164.06 0.411323 -15.7416 -24.8785 -316.393 -3188.31 -1952.9 -0.411323
13.6354 24.9387 316.393 -3472.22 5467.95 0.354576 -13.6363 -24.9331 -316.393 -3175.01 -1819.87 -0.354576
11.4386 22.9541 316.823 -3214.26 4663.83 0.29492 -11.4404 -22.9492 -316.823 -2903.93 -1603.38 -0.29492
9.06431 18.8546 317.598 -2659.46 3745.33 0.233471 -9.06786 -18.8513 -317.598 -2366.05 -1320.02 -0.233471
6.1601 12.6074 318.755 -1800.76 2668.71 0.170891 -6.16471 -12.6071 -318.755 -1559.79 -1020.11 -0.170891
2.71167 4.61786 320.072 -670.293 1450.8 0.107239 -2.7172 -4.61871 -320.072 -560.69 -724.159 -0.107239
-0.606073 -3.88915 321.866 544.273 233.78 0.0421903 0.59936 3.88755 -321.866 492.301 -394.429 -0.0421903
-3.70715 -11.5806 322.406 1632.96 -954.559 -0.0243817 3.69948 11.578 -322.406 1453.77 -35.7664 0.0243817
-6.75197 -17.2853 323.228 2420.45 -2148.89 -0.0922698 6.74294 17.2833 -323.228 2187.1 343.932 0.0922698
-9.99619 -20.0325 323.734 2773.48 -3371.99 -0.161454 9.98302 20.0355 -323.734 2567.15 699.712 0.161454
-12.839 -19.4329 322.873 2658.37 -4500.99 -0.23188 12.8223 19.4376 -322.873 2522.73 1068.38 0.23188
-15.405 -15.669 322.595 2116.41 -5555.29 -0.302545 15.3879 15.6789 -322.595 2062.1 1435.73 0.302545
-17.7503 -8.97846 322.996 1179.34 -6533.97 -0.37163 17.7325 8.99583 -322.996 1216.66 1786.36 0.37163
-19.8401 -0.157968 322.596 -34.2306 -7419.49 -0.437361 19.8217 0.174638 -322.596 78.8017 2112.09 0.437361
-21.87 9.46267 322.07 -1341.53 -8223.39 -0.498276 21.8529 -9.44423 -322.07 -1178.36 2372.13 0.498276
-23.7804 18.232 322.078 -2532.41 -8935.26 -0.553183 23.7666 -18.2177 -322.078 -2325.85 2571.99 0.553183
-25.1247 24.5394 321.51 -3387.66 -9497.75 -0.601145 25.1153 -24.5318 -321.51 -3153.04 2773.6 0.601145
-25.7527 26.9943 320.152 -3719.35 -9883.34 -0.641345 25.7507 -26.9938 -320.152 -3476.77 2989.38 0.641345
-25.7119 24.6723 319.132 -3397.2 -10080.7 -0.673199 25.7183 -24.6811 -319.132 -3181.13 3195.69 0.673199
-25.209 17.4184 319.002 -2410.02 -10078.7 -0.696566 25.2194 -17.4281 -319.002 -2234.56 3327 0.696566
-24.5923 5.94088 319.592 -850.623 -9879.41 -0.711693 24.6018 -5.94819 -319.592 -733.824 3292.82 0.711693
-23.9968 -7.72156 319.864 1008.08 -9484.62 -0.719019 24.0034 7.72019 -319.864 1050.49 3058.64 0.719019
-22.7445 -20.562 320.278 2763.33 -8835.42 -0.719058 22.7471 20.5637 -320.278 2718.76 2745.96 0.719058
-20.2932 -30.2284 320.102 4105.67 -7910.15 -0.712221 20.2935 30.2337 -320.102 3953.82 2477.17 0.712221
-16.8469 -35.0668 318.691 4789.18 -6772.5 -0.698646 16.8478 35.0702 -318.691 4559.83 2261.32 0.698646
-13.0109 -34.9723 317.794 4805.97 -5496.49 -0.678225 13.012 34.9728 -317.794 4517.29 2011.34 0.678225
-9.50214 -30.0684 317.502 4156.33 -4164.23 -0.650689 9.50543 30.0679 -317.502 3859.26 1617.92 0.650689
-6.19034 -20.5708 317.842 2860.79 -2746.42 -0.615519 6.19454 20.5701 -317.842 2622.74 1086.87 0.615519
-2.90882 -7.04793 320.024 975.243 -1251.68 -0.571622 2.90918 7.04571 -320.024 903.309 471.597 0.571622
1.21858 7.55725 320.673 -1109.05 326.789 -0.5172 -1.22131 -7.55514 -320.673 -905.032 -2.0355 0.5172
5.91271 20.4978 320.399 -2935.62 1960.01 -0.450496 -5.91758 -20.4921 -320.399 -2527.52 -379.742 0.450496
9.71514 29.4703 321.206 -4161.23 3411.09 -0.371081 -9.72126 -29.4651 -321.206 -3693.98 -813.328 0.371081
12.1657 34.4638 320.477 -4825.69 4569.35 -0.28 -12.1689 -34.4565 -320.477 -4360.59 -1315.32 0.28
14.3178 35.7486 319.447 -4976.9 5565.66 -0.178451 -14.3202 -35.7422 -319.447 -4552.11 -1735.09 0.178451
16.7157 33.6414 319.69 -4654.11 6476.12 -0.067267 -16.7168 -33.6403 -319.69 -4313.96 -2003.98 0.067267
18.8348 28.4731 320.141 -3919.83 7240.99 0.0519641 -18.8317 -28.476 -320.141 -3671.01 -2202.43 -0.0519641
20.2912 20.5806 320.05 -2824.32 7822.67 0.176245 -20.288 -20.5846 -320.05 -2662.63 -2394.25 -0.176245
21.1202 10.829 320.204 -1476.61 8227.54 0.301859 -21.1164 -10.8328 -320.204 -1410.72 -2576.96 -0.301859
21.5071 0.766079 320.954 -96.0326 8460.62 0.425232 -21.5017 -0.765897 -320.954 -108.164 -2706.27 -0.425232
21.7107 -7.95147 320.836 1096.88 8547.32 0.543303 -21.7026 7.95481 -320.836 1023.3 -2738.76 -0.543303
21.6701 -13.8954 320.176 1912.13 8502.56 0.65329 -21.6597 13.9035 -320.176 1793.25 -2705.3 -0.65329
21.1561 -16.2461 319.538 2237.67 8327.56 0.752171 -21.1465 16.2533 -319.538 2094.23 -2667.74 -0.752171
20.0804 -15.0706 318.782 2078.67 8023.45 0.836731 -20.0716 15.0729 -318.782 1939.18 -2651.1 -0.836731
18.6549 -11.2288 318.049 1554.62 7610.32 0.904132 -18.6474 11.2284 -318.049 1438.7 -2618.96 -0.904132
17.053 -5.80282 317.545 808.7 7098.27 0.952177 -17.0502 5.79978 -317.545 737.809 -2534.73 -0.952177
15.1619 0.0666227 316.983 0.896329 6462.15 0.979238 -15.1645 -0.0697972 -316.983 -19.057 -2403.81 -0.979238
12.9508 5.44769 316.664 -750.56 5689.84 0.984164 -12.9518 -5.45228 -316.664 -702.212 -2223.23 -0.984164
10.7533 9.41649 316.763 -1313.65 4821.88 0.966069 -10.7556 -9.42092 -316.763 -1197.03 -1943.29 -0.966069
8.73217 11.4422 317.345 -1609.91 3880.24 0.92429 -8.7334 -11.4446 -317.345 -1440.46 -1543.21 -0.92429
6.66714 11.423 318.288 -1625.14 2850.57 0.858679 -6.66387 -11.425 -318.288 -1420.01 -1067.44 -0.858679
4.52964 9.45665 319.552 -1361.82 1764.59 0.769663 -4.52457 -9.45903 -319.552 -1159.19 -554.382 -0.769663
2.31915 5.93883 321.239 -869.175 694.24 0.658032 -2.31532 -5.94289 -321.239 -714.33 -76.0432 -0.658032
-0.314175 1.34744 322.208 -220.48 -379.363 0.525088 0.316482 -1.35157 -322.208 -139.126 292.946 -0.525088
-2.95659 -3.88942 322.702 518.736 -1422.77 0.372883 2.95785 3.88486 -322.702 517.574 629.325 -0.372883
-5.35605 -9.30952 323.742 1277.53 -2432.21 0.204137 5.35656 9.304 -323.742 1203.49 996.546 -0.204137
-7.36267 -14.3439 323.721 1974.47 -3351.72 0.0220942 7.36331 14.3388 -323.721 1848.67 1378.57 -0.0220942
-9.19385 -18.2579 323.182 2506.89 -4162.23 -0.16944 9.19398 18.2528 -323.182 2359.69 1698.64 0.16944
-11.2004 -20.7107 322.836 2836.77 -4910.1 -0.365967 11.1993 20.7045 -322.836 2683.58 1909.7 0.365967
-13.0502 -21.5024 322.296 2934.41 -5565.48 -0.562246 13.0495 21.4961 -322.296 2797.04 2070.1 0.562246
-14.3165 -20.6115 321.338 2800.27 -6079.84 -0.752598 14.3196 20.606 -321.338 2693.83 2244.9 0.752598
-14.9974 -17.9786 320.456 2432.88 -6441.77 -0.931271 15.0024 17.9765 -320.456 2359.81 2423.89 0.931271
-15.4379 -13.4614 319.665 1807.66 -6673.98 -1.09259 15.4447 13.4628 -319.665 1781.31 2537.75 1.09259
-15.7659 -7.05626 318.987 922.53 -6774.52 -1.23126 15.7752 7.05965 -318.987 959.233 2550.37 1.23126
-15.7721 0.637919 318.558 -134.726 -6706.45 -1.34264 15.7821 -0.633005 -318.558 -34.4086 2480.9 1.34264
-15.1542 8.6678 318.148 -1238.07 -6433.24 -1.42262 15.1653 -8.66254 -318.148 -1071.59 2373.12 1.42262
-13.7981 15.7591 317.883 -2225.63 -5940.62 -1.46775 13.8135 -15.7576 -317.883 -1974.88 2242.8 1.46775
-11.7291 20.4157 317.524 -2884.73 -5233.66 -1.47591 11.746 -20.4178 -317.524 -2557.57 2089.06 1.47591
-9.27222 21.6912 317.468 -3077.58 -4345.98 -1.44644 9.29019 -21.6973 -317.468 -2705.22 1858.55 1.44644
-6.70619 19.111 317.979 -2735.68 -3303.14 -1.37979 6.72826 -19.1181 -317.979 -2359.39 1502.08 1.37979
-3.80033 12.8242 319.428 -1865.6 -2064.71 -1.27746 3.82268 -12.8289 -319.428 -1553.29 1041.58 1.27746
-0.356562 4.00127 321.296 -602.287 -636.212 -1.14179 0.376544 -4.0076 -321.296 -465.004 535.151 1.14179
3.66236 -5.58606 322.715 794.318 949.909 -0.975651 -3.64205 5.57754 -322.715 693.644 24.3486 0.975651
8.21613 -13.9728 324.07 1995.79 2674.96 -0.782572 -8.19613 13.963 -324.07 1727.57 -482.584 0.782572
12.4051 -19.7367 324.003 2774.89 4319.16 -0.567211 -12.3871 19.7258 -324.003 2484.9 -1005.57 0.567211
16.0246 -22.7309 323.408 3159.27 5805.28 -0.335414 -16.0081 22.7188 -323.408 2898.64 -1522.38 0.335414
19.2491 -22.9907 323.256 3169.34 7153.66 -0.0936346 -19.2351 22.9774 -323.256 2957.78 -2006.73 0.0936346
21.9431 -20.7177 322.462 2841.84 8351.37 0.151771 -21.9305 20.704 -322.462 2679.35 -2482.27 -0.151771
24.3082 -16.2179 321.586 2211.82 9415.3 0.394763 -24.2951 16.2059 -321.586 2110.08 -2912.33 -0.394763
26.5237 -10.2201 321.378 1392.57 10353.7 0.629561 -26.5118 10.2116 -321.378 1330.87 -3256.89 -0.629561
28.6749 -3.30318 321.053 454.105 11161.8 0.850645 -28.6636 3.29688 -321.053 425.64 -3488.84 -0.850645
30.4823 3.6393 320.219 -489.853 11804.8 1.05268 -30.4719 -3.6455 -320.219 -481.179 -3647.93 -1.05268
31.5463 9.47427 319.644 -1277.83 12237.3 1.23061 -31.5416 -9.47907 -319.644 -1248.59 -3794.6 -1.23061
31.7826 13.5897 319.17 -1830.84 12434.1 1.37997 -31.7801 -13.5935 -319.17 -1792.61 -3927.35 -1.37997
31.6036 15.6246 318.375 -2103.79 12424 1.49713 -31.6012 -15.631 -318.375 -2062.49 -3964.94 -1.49713
31.3674 15.3085 317.667 -2057.94 12244.1 1.5794 -31.3651 -15.3173 -317.667 -2024.37 -3848.78 -1.5794
31.0033 12.5444 317.501 -1683.2 11894.6 1.62507 -30.9968 -12.5533 -317.501 -1662.19 -3598.39 -1.62507
30.2034 7.57018 317.657 -1009.07 11353.7 1.63324 -30.1937 -7.57961 -317.657 -1010.27 -3273.32 -1.63324
28.7408 1.10478 317.587 -130.108 10612.4 1.60356 -28.726 -1.11241 -317.587 -165.389 -2925.17 -1.60356
26.6074 -5.63452 317.464 785.055 9687.33 1.53639 -26.5932 5.63125 -317.464 716.615 -2571.87 -1.53639
23.7939 -11.3936 317.432 1571.77 8590.28 1.43293 -23.7777 11.3899 -317.432 1465.08 -2228.51 -1.43293
20.5163 -15.4653 317.444 2142.05 7349.55 1.29523 -20.5011 15.4629 -317.444 1980.34 -1865.04 -1.29523
17.0627 -17.3607 317.13 2423.62 6005.4 1.12616 -17.0502 17.359 -317.13 2204.05 -1445.08 -1.12616
13.1759 -17.2023 317.482 2425.86 4524.51 0.929144 -13.167 17.1969 -317.482 2159.01 -1003.83 -0.929144
8.74423 -15.6247 318.37 2230.44 2890.31 0.707616 -8.73427 15.6163 -318.37 1933.45 -555.165 -0.707616
4.47916 -13.3089 319.829 1903.43 1236.88 0.465385 -4.46737 13.3001 -319.829 1643.1 -43.0203 -0.465385
0.525536 -10.7458 321.476 1517.72 -328.403 0.207425 -0.515426 10.7432 -321.476 1346.46 464.509 -0.207425
-3.79433 -7.85526 322.136 1080.09 -1864.3 -0.0600982 3.8041 7.85613 -322.136 1014.1 845.111 0.0600982
-8.35328 -4.41312 322.684 573.515 -3358.33 -0.330638 8.36098 4.41614 -322.684 603.469 1120.74 0.330638
-11.4034 -0.302358 322.253 -9.8437 -4543.87 -0.597764 11.4097 0.310151 -322.253 91.6916 1490.24 0.597764
-13.3885 4.52044 322.416 -677.043 -5470.8 -0.854949 13.3932 -4.51183 -322.416 -526.613 1885.34 0.854949
-15.1995 9.58319 322.653 -1369.45 -6238.93 -1.0956 15.2029 -9.57626 -322.653 -1184.05 2168.47 1.0956
-16.9313 13.9469 322.028 -1962.11 -6865.73 -1.31329 16.9351 -13.9447 -322.028 -1755.29 2331.69 1.31329
-18.1243 16.5602 321.185 -2313.79 -7317.1 -1.50171 18.1285 -16.5597 -321.185 -2100.51 2463.62 1.50171
-18.6157 16.8895 320.545 -2353.57 -7584.25 -1.6549 18.6194 -16.8891 -320.545 -2148.53 2598.91 1.6549
-18.6969 14.919 319.853 -2079.32 -7696.19 -1.76793 18.7002 -14.9176 -319.853 -1897.34 2688.85 1.76793
-18.6598 11.1495 319.169 -1560.17 -7683.02 -1.83716 18.6612 -11.1463 -319.169 -1411.36 2685.94 1.83716
-18.5491 6.36375 318.805 -904.472 -7554.14 -1.86019 18.5481 -6.36054 -318.805 -791.258 2587.46 1.86019
-18.212 1.3974 318.502 -227.788 -7301.44 -1.83591 18.2096 -1.39383 -318.502 -143.966 2425.77 1.83591
-17.4068 -3.06353 318.033 380.542 -6910.63 -1.76463 17.4033 3.06512 -318.033 436.618 2251.06 1.76463
-16.1172 -6.64521 317.807 873.396 -6387 -1.64798 16.1139 6.6461 -317.807 898.437 2072.78 1.64798
-14.5433 -9.02543 317.61 1206.45 -5756.82 -1.48901 14.5404 9.02643 -317.61 1199.87 1863.96 1.48901
-12.9105 -9.84212 317.58 1324.45 -5042.34 -1.2923 12.9074 9.84491 -317.58 1299.77 1586.91 1.2923
-11.2947 -8.74003 317.718 1178.04 -4258.19 -1.06378 11.2903 8.74361 -317.718 1152.45 1236.02 1.06378
-9.44423 -5.59113 318.218 744.021 -3381.85 -0.810351 9.439 5.59435 -318.218 747 855.561 0.810351
-7.13963 -0.718008 318.893 56.7163 -2401.74 -0.539568 7.13376 0.722163 -318.893 135.407 492.41 0.539568
-4.8962 5.14552 320.004 -775.706 -1431.81 -0.259269 4.88922 -5.1407 -320.004 -595.103 123.261 0.259269
-2.53737 11.1364 320.78 -1626.9 -470.683 0.0224002 2.53071 -11.1312 -320.78 -1340.83 -206.533 -0.0224002
-0.0186753 16.2094 320.86 -2343.15 488.979 0.296938 0.0115128 -16.2038 -320.86 -1976.81 -492.245 -0.296938
2.35019 19.4121 321.243 -2785.46 1411.77 0.556247 -2.35825 -19.4066 -321.243 -2388.28 -781.123 -0.556247
4.27559 20.1241 321.255 -2873.53 2240.84 0.793551 -4.28541 -20.1211 -321.255 -2490.37 -1094.56 -0.793551
5.70987 17.9653 320.808 -2553.58 2940.82 1.00317 -5.72248 -17.9642 -320.808 -2235.13 -1409.97 -1.00317
6.94679 13.0061 320.597 -1836.68 3524.66 1.18019 -6.96079 -13.0085 -320.597 -1630.55 -1662.38 -1.18019
7.98149 5.90407 320.633 -823.903 3963.38 1.32089 -7.99677 -5.90821 -320.633 -750.419 -1823.99 -1.32089
8.78578 -2.38937 320.475 353.002 4242.39 1.42275 -8.79937 2.38696 -320.475 283.652 -1888.14 -1.42275
9.3337 -10.3964 320.163 1482.67 4366.98 1.48423 -9.3451 10.3961 -320.163 1288.69 -1866.72 -1.48423
9.52214 -16.8152 320.069 2383.15 4341.5 1.50489 -9.53149 16.8149 -320.069 2099.26 -1791.4 -1.50489
9.36883 -20.6824 319.858 2924.32 4189.14 1.48518 -9.375 20.6856 -319.858 2589.45 -1680.81 -1.48518
8.95394 -21.4031 319.324 3027.02 3934.22 1.42606 -8.9601 21.4093 -319.324 2679.25 -1537.27 -1.42606
8.33368 -18.8229 319.037 2672.24 3589.38 1.32912 -8.33924 18.8263 -319.037 2345.8 -1358.93 -1.32912
7.48298 -13.385 319.671 1913.87 3141.14 1.19678 -7.48933 13.3861 -319.671 1654.27 -1138.67 -1.19678
6.1698 -6.26012 319.801 901.404 2553.27 1.03213 -6.17621 6.26116 -319.801 767.493 -902.396 -1.03213
4.35917 1.1275 319.624 -164.398 1819.3 0.83888 -4.3674 -1.12885 -319.624 -136.26 -652.597 -0.83888
2.39654 7.26133 320.268 -1057.82 1010.09 0.621362 -2.40761 -7.26585 -320.268 -878.274 -368.177 -0.621362
0.221309 11.0619 320.872 -1614.11 137.108 0.384549 -0.231523 -11.0654 -320.872 -1334.91 -77.3792 -0.384549
-2.16023 12.339 320.801 -1801.5 -787.322 0.134087 2.14956 -12.3399 -320.801 -1487.59 209.884 -0.134087
-4.63844 11.5471 321.324 -1692.24 -1747.34 -0.123661 4.6289 -11.5493 -321.324 -1385.92 506.64 0.123661
-7.13621 9.00297 322.224 -1328.76 -2728.39 -0.382013 7.12756 -9.00516 -322.224 -1071.21 819.215 0.382013
-9.43646 5.17096 322.072 -779.155 -3673.1 -0.634289 9.42833 -5.17286 -322.072 -599.3 1148.2 0.634289
-11.3763 0.813799 321.709 -162.511 -4522.21 -0.873614 11.3693 -0.81539 -321.709 -54.414 1477.65 0.873614
-13.1951 -3.33238 322.088 416.165 -5290.19 -1.09312 13.1863 3.33109 -322.088 472.224 1758.75 1.09312
-15.1247 -6.70014 322.015 879.531 -6002.88 -1.28667 15.1133 6.69881 -322.015 906.641 1955.32 1.28667
-17.0644 -8.91888 321.409 1181.03 -6658.24 -1.44904 17.0518 8.91765 -321.409 1196.65 2091.92 1.44904
-18.8306 -9.84759 321.084 1305.06 -7251.28 -1.57571 18.8147 9.84691 -321.084 1320.3 2212.89 1.57571
-20.4246 -9.4402 321.069 1246.55 -7783.28 -1.66309 20.4077 9.4414 -321.069 1270.49 2318.57 1.66309
-21.9406 -7.66116 320.765 1000.65 -8257.73 -1.70882 21.923 7.66382 -320.765 1042.34 2387.67 1.70882
-23.3861 -4.66007 320.463 590.685 -8670.42 -1.71183 23.3671 4.66253 -320.463 652.241 2414.13 1.71183
-24.7232 -0.957035 320.472 87.4185 -9012.53 -1.6725 24.7035 0.956196 -320.472 167.902 2399.05 1.6725
-25.7874 2.62107 320.351 -396.358 -9259.99 -1.59265 25.768 -2.62444 -320.351 -302.526 2362.23 1.59265
-26.3543 5.26989 319.929 -754.757 -9382.44 -1.47523 26.3379 -5.27565 -319.929 -650.581 2332.92 1.47523
-26.3453 6.44621 319.616 -915.163 -9363.39 -1.32406 26.3301 -6.45279 -319.616 -803.875 2316.23 1.32406
-25.9251 6.05947 319.42 -864.293 -9211.86 -1.14402 25.9109 -6.06341 -319.42 -751.299 2277.06 1.14402
-25.2164 4.52124 319.149 -658.56 -8934.17 -0.940966 25.2052 -4.52144 -319.149 -546.474 2188.8 0.940966
-24.0405 2.43237 318.833 -379.786 -8506.52 -0.721532 24.0326 -2.43176 -318.833 -268.292 2075.52 0.721532
-22.253 0.364238 318.637 -102.156 -7909.34 -0.4926 22.2464 -0.357942 -318.637 6.14628 1956.42 0.4926
-20.0309 -1.01479 318.408 82.3641 -7160.51 -0.261026 20.0257 1.0261 -318.408 189.898 1801.9 0.261026
-17.4774 -1.35659 318.128 129.095 -6272.16 -0.0336693 17.4742 1.36584 -318.128 233.985 1596.53 0.0336693
-14.613 -0.805782 318.144 52.6477 -5243.8 0.182693 14.6096 0.817241 -318.144 163.876 1334.61 -0.182693
-11.375 0.278172 318.289 -96.7881 -4069.35 0.381837 11.3723 -0.268601 -318.289 24.0947 1026.34 -0.381837
-7.5335 1.29615 318.572 -238.967 -2727.23 0.558634 7.53204 -1.29313 -318.572 -105.967 711.299 -0.558634
-3.65607 1.27759 319.83 -223.486 -1345.39 0.709256 3.65542 -1.27847 -319.83 -117.05 366.312 -0.709256
0.23018 -0.405692 321.293 37.4799 36.6938 0.831082 -0.230539 0.394289 -321.293 69.241 23.5833 -0.831082
4.15305 -4.17293 321.529 596.437 1438.9 0.922663 -4.15354 4.15557 -321.529 513.657 -329.513 -0.922663
7.7854 -9.64017 322.76 1384.32 2801.34 0.983541 -7.78714 9.62283 -322.76 1183.14 -720.261 -0.983541
10.483 -15.2738 322.813 2169.57 3952.69 1.01385 -10.4866 15.2647 -322.813 1900.77 -1149.2 -1.01385
12.7685 -18.9405 322.578 2663.24 4914.77 1.01453 -12.7752 18.9424 -322.578 2386.06 -1498.88 -1.01453
14.8583 -18.8786 322.133 2639.68 5721.08 0.987622 -14.8662 18.8884 -322.133 2394.21 -1745.69 -0.987622
16.3898 -14.228 321.471 1984.67 6336.46 0.935748 -16.3994 14.2386 -321.471 1809.59 -1950.87 -0.935748
17.0878 -5.5018 320.851 769.455 6714.94 0.861658 -17.1047 5.51071 -320.851 698.406 -2141.12 -0.861658
16.9051 5.23419 320.217 -715.006 6811.41 0.768242 -16.9272 -5.23027 -320.217 -679.764 -2285.09 -0.768242
16.1989 15.3845 319.147 -2125.88 6643.64 0.658541 -16.2169 -15.3877 -319.147 -1975.67 -2306.42 -0.658541
15.3519 22.2387 317.728 -3081.25 6274.51 0.535919 -15.3696 -22.2455 -317.728 -2847.96 -2164.17 -0.535919
14.0456 24.413 316.438 -3394.14 5699.82 0.404202 -14.0634 -24.4228 -316.438 -3115.01 -1939.43 -0.404202
11.9851 21.531 315.967 -3009.56 4906.4 0.267274 -11.9972 -21.5384 -315.967 -2730.93 -1698.28 -0.267274
9.31747 14.2205 316.77 -2003.87 3912.95 0.128627 -9.33008 -14.2233 -316.77 -1787.15 -1418.54 -0.128627
5.82651 4.04754 318.06 -577.785 2665.43 -0.00873117 -5.84154 -4.05017 -318.06 -501.439 -1104.31 0.00873117
1.67407 -6.35027 319.302 907.605 1213.32 -0.142338 -1.68669 6.34906 -319.302 785.02 -762.804 0.142338
-2.09602 -14.3506 321.649 2038.56 -225.616 -0.270069 2.08612 14.3515 -321.649 1787 -332.933 0.270069
-5.69377 -18.5066 322.583 2603.85 -1658.19 -0.389633 5.68892 18.5079 -322.583 2329.67 136.076 0.389633
-9.66809 -18.3528 323.27 2546.1 -3149.62 -0.498976 9.66573 18.3542 -323.27 2346.53 564.085 0.498976
-12.8648 -14.5216 322.917 1977.11 -4454.85 -0.597191 12.8652 14.5216 -322.917 1894.14 1013.35 0.597191
-15.15 -8.50026 322.614 1124.64 -5522.88 -0.683882 15.1527 8.49696 -322.614 1141.1 1468.75 0.683882
-17.0457 -2.14879 322.642 241.587 -6399.07 -0.757906 17.0483 2.1413 -322.642 330.471 1836.85 0.757906
-18.7077 2.7629 322.075 -429.597 -7102.38 -0.817664 18.7092 -2.76925 -322.075 -307.535 2095.05 0.817664
-20.0909 5.37923 321.138 -783.999 -7644.18 -0.86215 20.0922 -5.38228 -321.138 -650.151 2266.49 0.86215
-20.9743 5.66978 320.659 -820.942 -8016.83 -0.890997 20.9746 -5.67025 -320.659 -690.317 2402.58 0.890997
-21.2549 4.24092 320.346 -624.342 -8209.18 -0.903866 21.2581 -4.23738 -320.346 -505.471 2519.04 0.903866
-20.9531 2.27815 319.714 -356.27 -8212 -0.900225 20.9585 -2.26798 -319.714 -249.417 2601.88 0.900225
-20.2777 1.03282 319.001 -187.681 -8040.85 -0.879512 20.2832 -1.02308 -319.001 -86.0833 2611.21 0.879512
-19.3941 1.19749 318.531 -211.253 -7710.57 -0.841608 19.4016 -1.1874 -318.531 -106.367 2517.26 0.841608
-18.1203 2.7482 318.054 -424.866 -7198.98 -0.787313 18.1287 -2.74152 -318.054 -306.602 2346.74 0.787313
-16.2295 5.08017 317.571 -747.049 -6483.58 -0.718114 16.2367 -5.07465 -317.571 -606.223 2137.71 0.718114
-13.6776 7.25453 317.516 -1055.57 -5562.17 -0.635667 13.6855 -7.25318 -317.516 -877.873 1899.08 0.635667
-10.4994 8.08359 317.656 -1182.2 -4438.75 -0.541861 10.5073 -8.08645 -317.656 -972.788 1625.88 0.541861
-6.84908 6.64331 318.035 -991.288 -3127.12 -0.439175 6.85659 -6.64682 -318.035 -779.845 1290.69 0.439175
-3.06051 2.69493 319.462 -426.705 -1695.07 -0.330606 3.06782 -2.69906 -319.462 -292.047 872.153 0.330606
0.85556 -2.98629 321.461 406.442 -210.537 -0.219136 -0.848486 2.9824 -321.461 389.178 435.305 0.219136
5.31875 -8.82994 322.205 1264.74 1349.65 -0.107421 -5.31174 8.82923 -322.205 1088.95 68.6231 0.107421
9.98249 -12.8752 323.211 1841.44 2937.37 0.00213967 -9.97562 12.8795 -323.211 1591.24 -272.248 -0.00213967
13.4286 -13.7249 322.923 1941.61 4309.49 0.107396 -13.4223 13.7322 -322.923 1718.01 -722.146 -0.107396
15.7146 -11.1574 322.467 1565.48 5436.65 0.206212 -15.7088 11.1632 -322.467 1409.56 -1236.52 -0.206212
17.7881 -5.59652 322.483 782.812 6416.06 0.296376 -17.7821 5.60268 -322.483 709.918 -1660.2 -0.296376
19.7691 1.79167 322.142 -238.897 7255.34 0.376136 -19.7605 -1.78975 -322.142 -238.458 -1969.15 -0.376136
21.4627 9.43794 321.284 -1287.63 7944.61 0.444406 -21.4531 -9.44137 -321.284 -1228.79 -2204.93 -0.444406
22.6295 15.5681 320.662 -2126.65 8478.79 0.500473 -22.6188 -15.5734 -320.662 -2024.25 -2426.39 -0.500473
23.2797 19.0234 319.932 -2597.85 8875.47 0.543967 -23.2666 -19.0295 -319.932 -2474.33 -2648.6 -0.543967
23.7919 19.477 319.165 -2655.63 9183.67 0.574971 -23.7781 -19.4779 -319.165 -2536.8 -2819.26 -0.574971
24.2666 17.4208 318.771 -2369.05 9413.49 0.593989 -24.2568 -17.4174 -318.771 -2274.65 -2921.28 -0.593989
24.449 13.8507 318.721 -1878.69 9523.22 0.601739 -24.4406 -13.8412 -318.721 -1812.45 -2981.83 -0.601739
24.1945 9.83939 318.535 -1332.15 9480.79 0.598999 -24.1897 -9.82923 -318.535 -1289.54 -3006.87 -0.598999
23.5034 6.12521 318.175 -826.312 9274.07 0.58664 -23.5028 -6.11595 -318.175 -805.339 -2984.43 -0.58664
22.4931 3.18655 317.935 -425.637 8907.55 0.565706 -22.491 -3.17884 -317.935 -422.815 -2888.58 -0.565706
21.3153 1.26181 317.765 -163.942 8397.38 0.537434 -21.3139 -1.25601 -317.765 -171.659 -2693.96 -0.537434
19.7722 0.316772 317.504 -34.5218 7724.2 0.503149 -19.7726 -0.316655 -317.504 -49.9033 -2434.08 -0.503149
17.5798 -0.00524982 317.147 9.0604 6862.54 0.463986 -17.5803 0.00155021 -317.147 -8.14628 -2159.46 -0.463986
14.7397 0.110086 317.217 -6.46172 5811.76 0.420716 -14.7403 -0.109491 -317.217 -22.7901 -1868.73 -0.420716
11.513 0.868389 317.488 -114.99 4595.06 0.373874 -11.5142 -0.86552 -317.488 -116.087 -1515.38 -0.373874
7.96344 2.42195 317.882 -340.034 3212.43 0.323858 -7.96353 -2.41751 -317.882 -304.94 -1082.64 -0.323858
4.30312 4.86014 318.716 -702.212 1710.83 0.270666 -4.29944 -4.84899 -318.716 -591.759 -560.938 -0.270666
1.12226 7.94953 320.818 -1163.43 277.235 0.213734 -1.11678 -7.93958 -320.818 -954.178 20.6963 -0.213734
-2.30064 10.9408 321.203 -1603.85 -1114.8 0.152467 2.31002 -10.9319 -321.203 -1311.24 496.097 -0.152467
-5.92702 12.9702 321.445 -1892.18 -2454.46 0.0864368 5.93641 -12.9614 -321.445 -1563.87 865.699 -0.0864368
-9.02534 13.5733 321.976 -1965.49 -3641.56 0.0150628 9.03429 -13.5643 -321.976 -1651.32 1223.87 -0.0150628
-11.3128 12.685 321.887 -1826.36 -4615.13 -0.0617696 11.3152 -12.6766 -321.887 -1553.76 1585.79 0.0617696
-13.4991 10.4186 321.689 -1499.82 -5462.75 -0.143162 13.4981 -10.4115 -321.689 -1276.34 1848.64 0.143162
-15.7571 6.97474 321.961 -1015.16 -6218.28 -0.227924 15.7554 -6.97046 -321.961 -843.352 2000.28 0.227924
-17.5871 2.63129 321.906 -414.092 -6834.8 -0.314989 17.5832 -2.63064 -321.906 -287.037 2127.52 0.314989
-18.8413 -2.14622 321.581 239.653 -7295.24 -0.403064 18.8382 2.14582 -321.581 332.678 2252.14 0.403064
-19.7814 -6.78077 321.298 873.372 -7625.22 -0.490467 19.7767 6.77877 -321.298 934.239 2330.72 0.490467
-20.6587 -10.6408 321.071 1400.64 -7846.71 -0.575273 20.6529 10.6353 -321.071 1435.53 2317.95 0.575273
-21.3472 -13.5494 320.587 1795.85 -7947.75 -0.655425 21.3398 13.5376 -320.587 1814.88 2235.57 0.655425
-21.5369 -15.7625 320.067 2098.88 -7900.8 -0.72877 21.5289 15.7456 -320.067 2101.13 2138.43 0.72877
-21.0046 -17.5515 319.706 2346.91 -7686.36 -0.793092 20.997 17.5337 -319.706 2329.89 2066.51 0.793092
-19.8021 -18.9863 319.357 2549.42 -7310.37 -0.846218 19.7945 18.9671 -319.357 2509.65 2012.1 0.846218
-18.1765 -20.0282 319.007 2701.34 -6799.91 -0.886184 18.1701 20.01 -319.007 2635.59 1936.19 0.886184
-16.2831 -20.4666 318.668 2772.39 -6178.67 -0.911406 16.2777 20.452 -318.668 2681.83 1821.27 0.911406
-14.1437 -20.0083 318.611 2724.25 -5453.98 -0.920689 14.139 19.9944 -318.611 2607.83 1668.77 0.920689
-11.7136 -18.4122 318.743 2517.3 -4627.23 -0.913163 11.7089 18.4006 -318.743 2389.54 1492.01 0.913163
-9.09305 -15.5451 318.855 2134.84 -3719.53 -0.888316 9.08815 15.5364 -318.855 2008.03 1285.24 0.888316
-6.3989 -11.3703 319.252 1567.04 -2749.24 -0.846108 6.39372 11.3638 -319.252 1463.2 1035.57 0.846108
-3.97068 -6.08992 320.028 830.489 -1790.46 -0.787037 3.96482 6.08772 -320.028 792.725 726.632 0.787037
-1.8116 -0.163279 320.558 -8.0616 -891.316 -0.712006 1.80615 0.163588 -320.558 51.7635 405.433 0.712006
0.51178 5.70373 320.551 -843.119 -10.013 -0.622083 -0.516829 -5.70359 -320.551 -677.141 145.732 0.622083
2.77784 10.5487 320.534 -1533.1 835.123 -0.518448 -2.78312 -10.5495 -320.534 -1278.79 -93.1718 0.518448
4.60294 13.3966 320.745 -1934.35 1599.21 -0.402492 -4.60809 -13.4008 -320.745 -1637.15 -368.792 0.402492
6.09584 13.4876 320.463 -1938.1 2274.48 -0.275912 -6.102 -13.4946 -320.463 -1658.04 -644.243 0.275912
7.36235 10.6689 319.964 -1524.35 2847.13 -0.140681 -7.36964 -10.6744 -319.964 -1320.26 -877.703 0.140681
8.42001 5.54733 320.07 -787.198 3297.44 0.000954197 -8.42777 -5.55438 -320.07 -692.419 -1044.89 -0.000954197
9.09707 -0.89961 320.17 132.943 3597.71 0.146253 -9.10557 0.894617 -320.17 106.227 -1163.8 -0.146253
9.33395 -7.24825 320.053 1033.97 3737.54 0.291797 -9.341 7.24807 -320.053 898.168 -1240.26 -0.291797
9.21477 -12.0369 320.014 1711.92 3736.07 0.433746 -9.22073 12.0371 -320.014 1496.76 -1270.62 -0.433746
8.83953 -14.3795 320.003 2044.64 3616.17 0.568197 -8.84467 14.38 -320.003 1788.53 -1251.11 -0.568197
8.2525 -14.0995 319.864 2008.62 3396.66 0.691227 -8.25108 14.099 -319.864 1749.77 -1189.51 -0.691227
7.57736 -11.5608 319.806 1653.79 3115.36 0.798897 -7.57216 11.5587 -319.806 1427.65 -1089.43 -0.798897
6.60212 -7.50829 319.877 1078.67 2770.12 0.887451 -6.5963 7.50572 -319.877 922.458 -1005.06 -0.887451
5.16772 -2.90519 319.703 420.329 2361.07 0.953532 -5.16087 2.90147 -319.703 353.642 -979.325 -0.953532
3.58228 1.46457 319.712 -209.855 1932.68 0.994337 -3.57463 -1.46533 -319.712 -180.576 -974.451 -0.994337
2.31397 5.19701 319.793 -751.229 1557.13 1.00782 -2.30772 -5.19559 -319.793 -633.818 -937.551 -1.00782
1.33513 8.08458 319.696 -1170.75 1238.87 0.99278 -1.32945 -8.08347 -319.696 -984.042 -880.842 -0.99278
0.573036 9.96455 319.69 -1443.44 978.784 0.94876 -0.567993 -9.96215 -319.69 -1212.3 -824.415 -0.94876
-0.0171602 10.6984 319.797 -1551.63 768.603 0.875915 0.0201279 -10.6987 -319.797 -1300.08 -771.777 -0.875915
-0.343574 10.014 319.794 -1455.76 618.479 0.775223 0.345636 -10.0173 -319.794 -1213.9 -708.954 -0.775223
-0.329173 7.62158 319.842 -1113.32 528.227 0.648633 0.330481 -7.62822 -319.842 -919.069 -615.116 -0.648633
0.0164919 3.52163 320.044 -522.476 489.768 0.499039 -0.0157687 -3.52946 -320.044 -417.198 -484.755 -0.499039
0.556768 -1.71819 320.232 234.267 483.116 0.330279 -0.55511 1.71303 -320.232 223.135 -334.498 -0.330279
1.18519 -7.03659 320.295 1000.75 495.778 0.147039 -1.18343 7.03273 -320.295 874.496 -179.932 -0.147039
1.7513 -11.3762 320.385 1622.29 502.93 -0.0454203 -1.74948 11.3733 -320.385 1409.85 -36.445 0.0454203
2.20671 -13.9502 320.381 1988.71 489.5 -0.241419 -2.20503 13.9502 -320.381 1729.95 98.1323 0.241419
2.58555 -14.2124 320.127 2025.03 452.14 -0.434825 -2.58381 14.2139 -320.127 1763.73 236.162 0.434825
2.84483 -12.0458 319.965 1715.04 381.421 -0.619231 -2.84293 12.0471 -319.965 1496.17 375.613 0.619231
2.93042 -7.78174 319.973 1101.78 270.222 -0.788465 -2.92694 7.78322 -319.973 972.809 509.003 0.788465
2.91882 -2.14578 319.909 288.582 132.581 -0.936944 -2.91231 2.14801 -319.909 283.797 642.697 0.936944
2.87092 3.93377 319.894 -589.082 -10.5889 -1.05969 -2.86287 -3.93163 -319.894 -459.105 772.431 1.05969
2.69844 9.44757 319.862 -1383.77 -153.573 -1.15253 -2.68904 -9.44532 -319.862 -1134.15 868.833 1.15253
2.353 13.539 319.8 -1969.3 -294.894 -1.21241 -2.34392 -13.536 -319.8 -1639.14 917.753 1.21241
1.86916 15.7516 319.769 -2283.29 -433.158 -1.23747 -1.86062 -15.7482 -319.769 -1914.9 926.819 1.23747
1.37491 15.979 319.694 -2315.52 -554.491 -1.22701 -1.36576 -15.9755 -319.694 -1943.26 916.086 1.22701
0.936004 14.2855 319.691 -2074.86 -649.044 -1.1815 -0.926024 -14.2834 -319.691 -1732.69 893.369 1.1815
0.553159 10.91 319.797 -1593.66 -707.537 -1.10253 -0.542538 -10.9091 -319.797 -1314.26 849.658 1.10253
0.162061 6.29247 319.919 -932.327 -728.129 -0.99283 -0.151391 -6.29196 -319.919 -744.79 766.056 0.99283
-0.257262 1.08812 320.084 -183.859 -707.942 -0.856112 0.26822 -1.08841 -320.084 -106.097 634.28 0.856112
-0.589032 -3.91942 320.223 537.605 -629.597 -0.696798 0.59987 3.92056 -320.223 507.436 467.905 0.696798
-0.704962 -7.91544 320.294 1113.99 -481.382 -0.519694 0.715708 7.91774 -320.294 996.381 289.361 0.519694
-0.55058 -10.2101 320.365 1445.9 -259.593 -0.330016 0.561097 10.2136 -320.365 1276.29 109.494 0.330016
-0.15109 -10.3307 320.378 1467.01 33.6018 -0.133382 0.160453 10.3375 -320.378 1287.75 -76.1464 0.133382
0.32559 -7.89236 320.141 1122.17 375.486 0.0645064 -0.31799 7.90384 -320.141 983.232 -289.647 -0.0645064
0.841614 -2.63093 320.146 368.809 755.553 0.258102 -0.838283 2.64731 -320.146 334.752 -530.388 -0.258102
1.45934 5.09198 320.19 -741.418 1160.96 0.442028 -1.4585 -5.07562 -320.19 -613.642 -769.55 -0.442028
2.37467 13.9327 320.164 -2006.91 1590.92 0.611051 -2.37357 -13.9197 -320.164 -1705.19 -954.354 -0.611051
3.66657 21.8164 320.138 -3115.37 2044.06 0.760213 -3.66562 -21.8055 -320.138 -2698.58 -1061.98 -0.760213
4.96785 27.2742 319.915 -3869.68 2476.14 0.885171 -4.9648 -27.2677 -319.915 -3399.82 -1146.42 -0.885171
6.05781 29.4035 319.262 -4156.49 2872.24 0.982509 -6.05314 -29.405 -319.262 -3681.73 -1251.19 -0.982509
7.0942 27.3998 318.957 -3868.22 3259.06 1.04977 -7.08988 -27.4079 -318.957 -3436.74 -1360.76 -1.04977
8.37864 20.8022 319.545 -2931.59 3671.91 1.08534 -8.37344 -20.8119 -319.545 -2614.82 -1430.5 -1.08534
9.91527 9.85824 320.663 -1380.88 4086.81 1.08843 -9.90847 -9.87234 -320.663 -1248.82 -1435.29 -1.08843
11.0869 -3.8412 321.064 557.004 4396.13 1.05928 -11.0802 3.82333 -321.064 464.596 -1431.68 -1.05928
11.7139 -17.9754 321.479 2537.24 4571.79 0.999341 -11.7072 17.957 -321.479 2252.04 -1439.68 -0.999341
12.1902 -29.6271 322.83 4152.21 4668.66 0.911234 -12.1832 29.6147 -322.83 3744.08 -1409.24 -0.911234
12.5353 -37.1201 322.047 5181.59 4703.74 0.798446 -12.5287 37.1123 -322.047 4712.92 -1352.16 -0.798446
12.6573 -39.4761 319.557 5499.34 4683.28 0.665106 -12.6514 39.4771 -319.557 5024.41 -1299.25 -0.665106
12.6547 -36.1586 318.522 5038.46 4624.72 0.515931 -12.6493 36.1666 -318.522 4601.72 -1241.63 -0.515931
12.6754 -26.9181 319.046 3761.87 4540.84 0.355998 -12.6709 26.9251 -319.046 3414.7 -1152.63 -0.355998
12.6291 -12.2042 320.13 1721.19 4388.39 0.190424 -12.6243 12.2102 -320.13 1532.86 -1013.32 -0.190424
11.8247 5.47573 319.501 -774.008 4047.11 0.0241844 -11.8185 -5.46609 -319.501 -684.311 -887.615 -0.0241844
10.2411 22.4124 318.691 -3171.65 3510.71 -0.138042 -10.2354 -22.4004 -318.691 -2801.09 -774.326 0.138042
9.01224 35.1648 320.386 -4957.46 2970.44 -0.291943 -9.00805 -35.152 -320.386 -4414.82 -562.634 0.291943
7.46417 43.2294 319.391 -6078 2372.16 -0.433466 -7.4637 -43.2155 -319.391 -5444.15 -377.949 0.433466
5.35328 46.4154 316.489 -6518.64 1693.66 -0.559088 -5.35599 -46.4059 -316.489 -5853.41 -263.275 0.559088
3.11579 44.7196 316.875 -6285.74 974.79 -0.666477 -3.12287 -44.7136 -316.875 -5634.64 -141.958 0.666477
1.07268 38.3418 318.15 -5411.14 223.926 -0.754353 -1.07805 -38.3382 -318.15 -4809.19 62.1309 0.754353
-0.68732 27.5969 319.213 -3930.81 -547.328 -0.821543 0.682903 -27.5929 -319.213 -3424.94 361.98 0.821543
-2.59655 13.1744 321.476 -1918.86 -1352.22 -0.866789 2.59264 -13.1701 -321.476 -1592.21 655.649 0.866789
-5.03283 -2.37505 322.928 299.024 -2204.44 -0.889392 5.02939 2.38058 -322.928 334.997 856.206 0.889392
-7.64099 -15.7376 322.571 2186.62 -3043.99 -0.889774 7.63739 15.7422 -322.571 2009.31 998.492 0.889774
-9.78832 -24.8692 322.842 3448.97 -3774.61 -0.869526 9.78388 24.8736 -322.842 3181.26 1154.84 0.869526
-11.5233 -29.2979 322.708 4047.21 -4413.85 -0.830642 11.5203 29.3026 -322.708 3763.76 1329.6 0.830642
-12.8852 -29.0747 321.043 3996.59 -4962.25 -0.774965 12.8839 29.0824 -321.043 3755.32 1513.23 0.774965
-14.075 -24.3851 320.055 3331.59 -5433.96 -0.704731 14.0741 24.3958 -320.055 3170.56 1666.53 0.704731
-15.1871 -15.5578 320.325 2098.03 -5816.95 -0.622855 15.1875 15.5706 -320.325 2051.23 1752 0.622855
-16.1273 -3.46305 319.948 421.347 -6069.04 -0.532314 16.1271 3.47649 -319.948 503.835 1753.07 0.532314
-16.3952 9.87079 319.089 -1417.4 -6124.64 -0.435839 16.394 -9.85948 -319.089 -1212.17 1737.3 0.435839
-16.0532 22.2569 319.114 -3130.21 -6001.08 -0.33625 16.0519 -22.2469 -319.114 -2801.39 1705.11 0.33625
-15.4575 31.4268 319.252 -4400.77 -5757.81 -0.236656 15.4546 -31.4176 -319.252 -3975.53 1621.4 0.236656
-14.7663 36.5081 318.174 -5104.37 -5436.06 -0.14026 14.7604 -36.5034 -318.174 -4627.16 1485.26 0.14026
-14.0411 37.0217 317.255 -5181.03 -5063.19 -0.0500389 14.0326 -37.02 -317.255 -4687.77 1307.25 0.0500389
-13.2297 32.97 317.741 -4627.38 -4654.45 0.0314867 13.2189 -32.9695 -317.741 -4161.37 1116.42 -0.0314867
-12.1936 24.7239 318.778 -3501.86 -4199.63 0.102328 12.1819 -24.7254 -318.778 -3088.8 939.334 -0.102328
-10.9488 12.6516 320.245 -1835.71 -3689.51 0.160909 10.9373 -12.6545 -320.245 -1536.98 762.498 -0.160909
-9.02825 -1.32981 320.651 139.59 -3049.69 0.206087 9.01967 1.33077 -320.651 215.194 635.764 -0.206087
-6.6311 -14.6477 320.792 2043.24 -2302.67 0.237485 6.62318 14.6504 -320.792 1861.82 529.158 -0.237485
-4.85898 -24.5401 322.138 3447.69 -1619.7 0.255729 4.85361 24.5437 -322.138 3094.53 319.842 -0.255729
-3.24751 -29.7667 321.539 4185 -967.807 0.262093 3.24483 29.7737 -321.539 3750.96 98.8479 -0.262093
-1.41907 -30.1564 319.486 4241.9 -317.53 0.257981 1.41693 30.1641 -319.486 3797.99 -62.4152 -0.257981
0.47776 -26.0365 319.427 3678.1 326.337 0.24488 -0.481405 26.0452 -319.427 3263.6 -198.833 -0.24488
2.04273 -17.733 320.508 2525.03 923.214 0.22454 -2.04735 17.7392 -320.508 2202.83 -376.849 -0.22454
3.27471 -6.41526 320.243 916.906 1446.86 0.198755 -3.28058 6.41896 -320.243 793.7 -570.488 -0.198755
4.46182 5.95334 319.406 -860.899 1911.45 0.169078 -4.46982 -5.94877 -319.406 -725.352 -717.157 -0.169078
5.43452 17.3467 319.501 -2484.77 2277.53 0.136935 -5.44156 -17.3418 -319.501 -2138.49 -823.119 -0.136935
6.23501 25.9506 320.098 -3686.86 2539.48 0.103619 -6.23955 -25.9469 -320.098 -3230.18 -871.323 -0.103619
6.81992 31.0534 319.28 -4391.17 2705.41 0.0701857 -6.82388 -31.05 -319.28 -3886.24 -881.01 -0.0701857
7.02884 32.329 318.459 -4564.14 2777.85 0.0376615 -7.03229 -32.3262 -318.459 -4053.41 -897.64 -0.0376615
6.89993 29.6696 318.887 -4194.54 2771.72 0.00702907 -6.90191 -29.6719 -318.887 -3714.71 -926.064 -0.00702907
6.69193 22.9514 319.607 -3260.12 2709.63 -0.0210252 -6.69318 -22.9567 -319.607 -2858.57 -919.732 0.0210252
6.65685 12.1793 320.54 -1741.93 2617.88 -0.0459838 -6.65766 -12.1851 -320.54 -1505.33 -837.846 0.0459838
6.22394 -1.0091 320.94 147.264 2418.5 -0.0672968 -6.22466 1.00341 -320.94 121.001 -754.472 0.0672968
5.19489 -13.9779 321.308 2004.18 2092.89 -0.0846385 -5.19616 13.9754 -321.308 1721.51 -703.782 0.0846385
4.23157 -23.9799 322.146 3405.39 1743.06 -0.0981642 -4.23356 23.9777 -322.146 2986.62 -611.51 0.0981642
3.33205 -29.7959 321.382 4206.3 1362.66 -0.10825 -3.33446 29.7951 -321.382 3736.36 -471.856 0.10825
2.31099 -31.2835 319.728 4406.37 935.423 -0.115301 -2.31336 31.2842 -319.728 3933.05 -317.944 0.115301
1.178 -28.5487 319.142 4025.59 473.846 -0.120042 -1.17944 28.5506 -319.142 3584.9 -159.707 0.120042
0.0488437 -21.7753 319.535 3081.54 -3.06041 -0.123589 -0.0486813 21.7795 -319.535 2723.62 14.7445 0.123589
-1.1407 -11.2796 319.52 1592.52 -495.387 -0.127071 1.14088 11.2851 -319.52 1415.02 188.745 0.127071
-2.38163 1.43014 319.344 -240.422 -986.259 -0.131431 2.38205 -1.42402 -319.344 -139.844 347.619 0.131431
-3.53192 13.978 319.32 -2039.71 -1440.27 -0.13753 3.53195 -13.9736 -319.32 -1685.55 493.936 0.13753
-4.54949 23.843 319.911 -3419.31 -1839.16 -0.146047 4.54774 -23.8419 -319.911 -2936.13 620.76 0.146047
-5.5875 29.653 319.769 -4218.79 -2206.2 -0.157395 5.58533 -29.6549 -319.769 -3685.91 710.227 0.157395
-6.47514 31.0295 319.052 -4401.76 -2529.08 -0.171891 6.47169 -31.0334 -319.052 -3870.15 795.829 0.171891
-7.19552 28.04 319.371 -3985.31 -2816.79 -0.189642 7.19077 -28.0434 -319.371 -3489.58 890.922 0.189642
-7.9029 21.0253 320.658 -3011.48 -3090.41 -0.210248 7.8973 -21.0284 -320.658 -2593.41 975.409 0.210248
-8.62101 10.5116 321.826 -1536.08 -3342.87 -0.233006 8.61502 -10.5166 -321.826 -1266.43 1035.92 0.233006
-8.98741 -1.89697 321.751 219.485 -3513.44 -0.257147 8.98228 1.88963 -321.751 285.398 1108.24 0.257147
-8.9221 -14.2467 321.965 1959.56 -3580.15 -0.281705 8.91865 14.2409 -321.965 1837.56 1191.73 0.281705
-8.82701 -24.2268 322.634 3361.37 -3583.72 -0.305447 8.8237 24.2255 -322.634 3096.82 1220.35 0.305447
-8.93877 -30.16 321.627 4189.32 -3572.75 -0.327004 8.93563 30.1591 -321.627 3850.62 1179.55 0.327004
-9.08491 -31.6235 319.725 4389.36 -3550.11 -0.345096 9.0787 31.6251 -319.725 4041.03 1118.52 0.345096
-9.2557 -28.6546 319.097 3973.3 -3529.98 -0.358596 9.24828 28.6591 -319.097 3665.97 1053.27 0.358596
-9.508 -21.4974 319.405 2969.96 -3518.12 -0.366359 9.50048 21.4982 -319.405 2760.85 974.483 0.366359
-9.61654 -11.2426 319.103 1534.38 -3467.38 -0.367294 9.60999 11.2424 -319.103 1462.68 895.096 0.367294
-9.15891 0.113619 318.472 -68.988 -3305.28 -0.360742 9.15511 -0.113328 -318.472 38.9356 855.098 0.360742
-8.45026 10.5503 318.559 -1548.12 -3062.66 -0.346542 8.44549 -10.5521 -318.559 -1264.25 802.07 0.346542
-8.06164 18.1351 319.094 -2616.72 -2811.27 -0.324879 8.0571 -18.1382 -319.094 -2217.68 654.962 0.324879
-7.85934 21.8421 319.073 -3135.83 -2550.58 -0.296267 7.8514 -21.8449 -319.073 -2686.72 449.52 0.296267
-7.41576 21.6273 319.073 -3107.77 -2254.56 -0.261564 7.40522 -21.6305 -319.073 -2657.56 272.99 0.261564
-6.57734 17.956 319.974 -2597.28 -1923.94 -0.221822 6.56721 -17.9594 -319.974 -2189.42 166.648 0.221822
-5.56532 11.5705 320.949 -1695.23 -1587.71 -0.17824 5.55453 -11.5742 -320.949 -1389.36 101.08 0.17824
-4.57839 3.4661 321.384 -532.329 -1252.64 -0.132347 4.56769 -3.47218 -321.384 -392.264 29.8354 0.132347
-3.77526 -5.28368 321.725 728.918 -949.303 -0.085927 3.76655 5.27521 -321.725 678.51 -58.9732 0.085927
-2.90903 -13.69 321.929 1939.38 -658.905 -0.0406327 2.90196 13.6805 -321.929 1708.71 -118.044 0.0406327
-1.89946 -20.5273 322.039 2908.35 -373.74 0.00216619 1.89257 20.5187 -322.039 2562.47 -133.558 -0.00216619
-1.02406 -25.0352 321.231 3538.87 -129.957 0.0412381 1.01806 25.0288 -321.231 3133.92 -143.605 -0.0412381
-0.368372 -26.8856 320.306 3796.26 64.4704 0.0753575 0.362721 26.8789 -320.306 3369.75 -162.855 -0.0753575
0.128821 -26.172 319.776 3697.43 212.858 0.103402 -0.136079 26.1666 -319.776 3278.5 -178.15 -0.103402
0.461585 -22.9219 319.346 3245.64 306.743 0.124527 -0.468882 22.9175 -319.346 2864.01 -183.103 -0.124527
0.664932 -17.307 319.019 2458.12 342.106 0.138127 -0.672398 17.3026 -319.019 2154.76 -164.159 -0.138127
0.748806 -9.81632 319.134 1393.03 317.37 0.14373 -0.756525 9.81291 -319.134 1223.24 -117.107 -0.14373
0.60254 -1.47092 319.23 191.938 219.064 0.140981 -0.610024 1.46806 -319.23 199.865 -58.0395 -0.140981
0.252894 6.3607 319.312 -939.271 64.5918 0.129706 -0.261115 -6.36379 -319.312 -756.535 2.96071 -0.129706
-0.37575 12.3824 319.686 -1805.88 -154.436 0.109956 0.366642 -12.3853 -319.686 -1495.05 54.0278 -0.109956
-1.20752 15.7925 320.149 -2291.71 -430.229 0.0820424 1.19737 -15.7961 -320.149 -1918.33 107.588 -0.0820424
-2.14212 16.3381 320.477 -2370.64 -754.389 0.0465796 2.13156 -16.3436 -320.477 -1985.09 181.874 -0.0465796
-3.10856 13.9841 320.897 -2038.3 -1116.29 0.00448769 3.09891 -13.9902 -320.897 -1690 285.099 -0.00448769
-4.05768 9.02814 321.507 -1332.78 -1499.34 -0.0430408 4.05001 -9.03617 -321.507 -1074.69 413.856 0.0430408
-5.03651 2.12965 321.973 -347.931 -1893.11 -0.0945691 5.02932 -2.13885 -321.973 -220.808 545.57 0.0945691
-6.13606 -5.66541 322.031 763.517 -2294.61 -0.148445 6.13092 5.65743 -322.031 745.788 652.67 0.148445
-7.16537 -12.9331 321.91 1791.54 -2663.62 -0.202828 7.1615 12.9275 -321.91 1655.41 746.17 0.202828
-8.03806 -18.4066 321.475 2557.28 -2982.65 -0.255748 8.03367 18.4024 -321.475 2348.92 831.791 0.255748
-8.8701 -21.3178 320.881 2956.37 -3261.59 -0.305296 8.8645 21.3146 -320.881 2726.03 888.393 0.305296
-9.70309 -21.6703 320.094 2996.85 -3512.96 -0.349836 9.69713 21.6655 -320.094 2779.32 917.212 0.349836
-10.3927 -19.8543 319.606 2735.29 -3722.2 -0.388006 10.3856 19.8467 -319.606 2556.41 942.358 0.388006
-10.811 -16.4972 319.344 2261.77 -3871.31 -0.41864 10.8056 16.4899 -319.344 2135.07 979.429 0.41864
-10.8691 -12.2369 319.105 1665.31 -3938.86 -0.440863 10.8659 12.2285 -319.105 1595.73 1031.04 0.440863
-10.6332 -7.78154 319.087 1041.51 -3918.41 -0.454268 10.6314 7.77145 -319.087 1031.65 1073.3 0.454268
-10.2678 -3.76384 319.301 478.439 -3819.11 -0.45891 10.2667 3.75737 -319.301 524.213 1071.54 0.45891
-9.85675 -0.27865 319.6 -12.337 -3648.41 -0.455112 9.85516 0.275364 -319.6 86.3808 1010.94 0.455112
-9.29327 2.66626 319.936 -429.409 -3401.44 -0.443327 9.29067 -2.67099 -319.936 -281.749 914.97 0.443327
-8.44079 4.8931 320.317 -745.523 -3075.19 -0.424142 8.43778 -4.89645 -320.317 -559.048 816.828 0.424142
-7.32183 6.15596 320.696 -926.229 -2683.91 -0.398298 7.3172 -6.16108 -320.696 -715.214 724.958 0.398298
-6.22963 6.11046 320.891 -919.64 -2274.11 -0.366626 6.22254 -6.11634 -320.891 -709.779 607.64 0.366626
-5.30134 4.61712 320.944 -703.968 -1874.65 -0.329981 5.29389 -4.62109 -320.944 -527.136 456.733 0.329981
-4.27909 2.10009 320.795 -339.897 -1472.19 -0.289198 4.27213 -2.10066 -320.795 -219.823 327.724 0.289198
-3.06843 -0.683769 320.6 64.5155 -1064.97 -0.245038 3.06273 0.684859 -320.6 118.039 244.012 0.245038
-1.83633 -2.97339 320.217 399.027 -673.899 -0.198222 1.83376 2.97758 -320.217 394.247 181.87 0.198222
-0.694702 -4.1457 319.785 573.03 -297.286 -0.149533 0.693657 4.15298 -319.785 533.131 110.262 0.149533
0.19673 -3.78193 319.506 524.54 45.7153 -0.0998968 -0.19762 3.79143 -319.506 484.937 5.75812 0.0998968
0.925466 -1.89274 319.147 256.838 362.761 -0.0503654 -0.925994 1.90189 -319.147 248.999 -116.205 0.0503654
1.67494 1.17454 318.961 -183.205 669.851 -0.00199946 -1.6767 -1.16583 -318.961 -128.632 -222.535 0.00199946
2.38726 4.82952 319.066 -707.322 949.059 0.0441623 -2.39004 -4.81931 -319.066 -578.588 -311 -0.0441623
2.98788 8.6045 319.279 -1248.07 1186 0.086988 -2.99122 -8.59407 -319.279 -1044.07 -387.149 -0.086988
3.51097 12.0305 319.411 -1738.63 1378.38 0.125212 -3.51207 -12.0197 -319.411 -1466.7 -439.905 -0.125212
4.08147 14.6982 319.793 -2117.67 1542.57 0.15757 -4.08021 -14.687 -319.793 -1798.72 -451.972 -0.15757
4.61831 16.4482 320.116 -2364.49 1678.38 0.182977 -4.61653 -16.4367 -320.116 -2018.35 -444.494 -0.182977
4.97322 17.2697 320.317 -2479.23 1776.66 0.200599 -4.9682 -17.2585 -320.317 -2122.64 -448.395 -0.200599
5.29705 17.1957 320.546 -2467.69 1862.74 0.209846 -5.28922 -17.1867 -320.546 -2114.75 -448.366 -0.209846
5.71056 16.1596 320.697 -2319.81 1957.15 0.210447 -5.70195 -16.1523 -320.697 -1986.67 -432.504 -0.210447
6.07495 14.0194 320.606 -2013.75 2050.9 0.202606 -6.06632 -14.0155 -320.606 -1722.69 -428.971 -0.202606
6.2675 10.5376 320.398 -1514.73 2129.69 0.187029 -6.25898 -10.5399 -320.398 -1294.41 -456.256 -0.187029
6.37889 5.55444 320.195 -798.18 2197.83 0.164827 -6.37164 -5.55912 -320.195 -682.981 -494.382 -0.164827
6.43021 -0.604462 319.99 88.5302 2245.66 0.137452 -6.42495 0.598395 -319.99 71.8351 -528.153 -0.137452
6.28223 -7.20685 319.842 1036.16 2243.24 0.106574 -6.28025 7.19914 -319.842 883.914 -564.691 -0.106574
5.95106 -13.3922 319.689 1919.28 2184.72 0.0738831 -5.94974 13.3845 -319.689 1649.59 -594.414 -0.0738831
5.56818 -18.2393 319.584 2602.59 2080.66 0.0409842 -5.5685 18.2303 -319.584 2258.17 -592.398 -0.0409842
5.12914 -21.0114 319.418 2988.37 1930.45 0.00938546 -5.13059 21.0059 -319.418 2611.82 -559.428 -0.00938546
4.47286 -21.0922 319.12 2998.75 1716.77 -0.0196566 -4.47514 21.0904 -319.12 2623.49 -521.072 0.0196566
3.59767 -18.0933 319.203 2579.66 1438.48 -0.0453296 -3.60022 18.0918 -319.203 2243.19 -476.667 0.0453296
2.62726 -12.1685 319.812 1739.8 1105.3 -0.0672253 -2.62895 12.1675 -319.812 1503.76 -403.035 0.0672253
1.81024 -4.31507 320.14 608.691 756.782 -0.085213 -1.80729 4.31106 -320.14 541.076 -273.777 0.085213
1.22033 3.79258 320.217 -565.126 428.718 -0.0994406 -1.21516 -3.79714 -320.217 -446.335 -104.152 0.0994406
0.611183 10.5568 320.381 -1542.34 121.539 -0.11033 -0.603462 -10.5616 -320.381 -1272.22 39.4853 0.11033
-0.0338712 14.9176 320.578 -2165.95 -144.676 -0.118471 0.0458346 -14.9205 -320.578 -1810.77 132.5 0.118471
-0.5117 16.6749 320.377 -2414.51 -337.091 -0.124495 0.524292 -16.6731 -320.377 -2030.03 196.96 0.124495
-0.777905 16.0746 320.197 -2329.8 -444.921 -0.12897 0.78929 -16.0731 -320.197 -1954.76 233.704 0.12897
-0.897489 13.4544 320.195 -1957.43 -474.378 -0.132353 0.909769 -13.4515 -320.195 -1628.48 231.098 0.132353
-0.754042 9.36516 320.127 -1371.78 -413.994 -0.134943 0.767204 -9.36168 -320.127 -1124.02 208.981 0.134943
-0.217273 4.44654 319.956 -663.251 -247.842 -0.136825 0.231374 -4.44698 -319.956 -521.962 186.144 0.136825
0.63499 -0.827446 319.944 100.328 19.9076 -0.137838 -0.619958 0.826243 -319.944 120.177 146.028 0.137838
1.63139 -5.93477 320.043 840.266 367.854 -0.137678 -1.61581 5.93231 -320.043 741.465 64.4242 0.137678
2.81432 -10.3762 320.01 1482.88 797.381 -0.136018 -2.79789 10.3725 -320.01 1282.58 -48.8599 0.136018
4.28162 -13.689 320.269 1959.81 1310.98 -0.132444 -4.26554 13.6849 -320.269 1688.65 -170.071 0.132444
5.98635 -15.4494 320.55 2211.71 1891.63 -0.126438 -5.97103 15.4466 -320.55 1906.18 -294.848 0.126438
7.82445 -15.17 320.724 2168.35 2517.34 -0.11754 -7.81001 15.1692 -320.724 1875.34 -429.035 0.11754
9.60746 -12.6434 320.807 1803.05 3148.93 -0.105469 -9.59559 12.6435 -320.807 1567.26 -583.536 0.105469
11.1385 -8.05075 321.041 1144.71 3733.53 -0.090155 -11.1304 8.0521 -321.041 1001.55 -758.072 0.090155
12.3718 -2.07434 320.982 296.928 4229.99 -0.0717641 -12.3648 2.07435 -320.982 256.045 -924.333 0.0717641
13.5367 4.28167 320.714 -599.813 4647.5 -0.0506586 -13.53 -4.28489 -320.714 -541.942 -1030.2 0.0506586
14.588 9.77728 320.638 -1366.62 4972.93 -0.0272902 -14.5819 -9.78088 -320.638 -1240.15 -1074.49 0.0272902
15.3074 13.5913 320.291 -1894.83 5188.75 -0.00214219 -15.2997 -13.5973 -320.291 -1728.98 -1098.21 0.00214219
15.6262 15.0606 319.768 -2096.69 5298.05 0.0242428 -15.6176 -15.0689 -319.768 -1919.11 -1122.36 -0.0242428
15.6487 13.8041 319.494 -1920.65 5319.93 0.0513184 -15.6382 -13.8133 -319.494 -1760.31 -1138.43 -0.0513184
15.4358 9.87679 319.382 -1373.98 5263.21 0.0786593 -15.4259 -9.88604 -319.382 -1260.07 -1138.57 -0.0786593
14.9047 3.8212 319.274 -527.997 5116.3 0.105927 -14.8944 -3.83089 -319.274 -491.878 -1133.65 -0.105927
14.0602 -3.42053 319.33 489.393 4878.22 0.132701 -14.0481 3.4124 -319.33 421.346 -1121.47 -0.132701
13.0521 -10.4729 319.534 1482.04 4569.8 0.158444 -13.0391 10.4685 -319.534 1309.12 -1082.58 -0.158444
11.9959 -15.9398 319.475 2253.02 4221.48 0.182637 -11.9821 15.9379 -319.475 1995.77 -1016.72 -0.182637
10.8997 -18.7559 319.475 2652.28 3857.07 0.204803 -10.883 18.7561 -319.475 2347.47 -945.726 -0.204803
9.80879 -18.4179 319.436 2612.56 3503.12 0.224424 -9.79218 18.4212 -319.436 2297.47 -883.399 -0.224424
8.66975 -14.7889 319.476 2107.79 3163.55 0.240934 -8.65391 14.7918 -319.476 1834.81 -848.117 -0.240934
7.5236 -8.38176 319.693 1199.83 2844.36 0.253726 -7.50904 8.38487 -319.693 1034.88 -834.954 -0.253726
6.41891 -0.300723 319.77 44.4231 2539.86 0.262168 -6.4064 0.305644 -319.77 36.4383 -825.248 -0.262168
5.44046 8.15757 319.688 -1173.05 2251.44 0.26572 -5.42997 -8.15375 -319.688 -1000.87 -797.908 -0.26572
4.70746 15.4582 319.679 -2220.74 2003.82 0.26402 -4.69841 -15.456 -319.679 -1899.45 -745.98 -0.26402
4.1604 20.3323 319.819 -2911.33 1798.19 0.25686 -4.15142 -20.3313 -319.819 -2508.31 -686.62 -0.25686
3.72176 22.329 319.469 -3191.57 1629.49 0.244112 -3.7124 -22.3291 -319.469 -2760.47 -635.304 -0.244112
3.4423 21.3985 319.208 -3062.07 1504.52 0.22575 -3.43276 -21.3988 -319.208 -2641.94 -585.182 -0.22575
3.37243 17.7344 319.557 -2547.8 1429.44 0.201923 -3.36328 -17.7351 -319.557 -2179.52 -528.936 -0.201923
3.42245 11.7949 319.97 -1703.67 1392.34 0.172982 -3.41502 -11.7957 -319.97 -1440.42 -478.46 -0.172982
3.40833 4.4448 320.022 -645.479 1366.27 0.139457 -3.40463 -4.4467 -320.022 -539.511 -455.793 -0.139457
3.26939 -3.18013 320.096 453.475 1326.14 0.101983 -3.26791 3.17681 -320.096 393.839 -452.54 -0.101983
3.18541 -10.1794 320.418 1459.25 1271.98 0.0612645 -3.18629 10.1737 -320.418 1253.47 -420.648 -0.0612645
3.2112 -15.8755 320.438 2268.73 1197.46 0.0180898 -3.21458 15.8679 -320.438 1962.12 -339.238 -0.0180898
3.08914 -19.8815 320.263 2829.36 1065.68 -0.0266911 -3.09393 19.8736 -320.263 2469.34 -240.263 0.0266911
2.63556 -21.9892 320.145 3122.69 850.815 -0.0722779 -2.64079 21.9815 -320.145 2737.89 -146.847 0.0722779
1.99279 -21.9274 320.082 3111.33 570.819 -0.117976 -1.99823 21.9223 -320.082 2733.13 -38.9172 0.117976
1.26083 -19.485 319.993 2765.21 236.069 -0.163127 -1.26493 19.4806 -319.993 2428.27 99.6384 0.163127
0.557138 -14.5703 320.043 2067.98 -127.093 -0.207055 -0.55721 14.5712 -320.043 1816.13 273.667 0.207055
-0.197193 -7.17138 320.502 1003.2 -513.642 -0.249091 0.198958 7.1766 -320.502 909.225 457.845 0.249091
-1.09336 1.92334 320.52 -309.795 -906.329 -0.288593 1.09671 -1.91823 -320.52 -202.074 610.437 0.288593
-2.1159 11.3168 320.431 -1659.58 -1283.56 -0.324884 2.1193 -11.3107 -320.431 -1356.09 714.186 0.324884
-3.11589 19.1655 320.686 -2768.61 -1618.17 -0.357175 3.1194 -19.1634 -320.686 -2339.79 781.412 0.357175
-3.95081 23.9898 320.369 -3437.14 -1895.11 -0.38462 3.95543 -23.9888 -320.369 -2957.46 834.969 0.38462
-4.52473 25.0984 319.595 -3587.47 -2102.96 -0.406415 4.52933 -25.0985 -319.595 -3102.79 889.312 0.406415
-4.95371 22.2356 319.399 -3189.12 -2251.42 -0.421822 4.95829 -22.238 -319.399 -2738.29 923.072 0.421822
-5.48043 15.5594 320.125 -2253.68 -2361.6 -0.430203 5.48393 -15.5564 -320.125 -1893.32 892.82 0.430203
-6.00487 6.46409 320.535 -965.449 -2413.4 -0.431118 6.00547 -6.45847 -320.535 -756.707 805.241 0.431118
-6.31773 -3.02059 320.283 387.645 -2391.25 -0.424333 6.31722 3.02576 -320.283 418.398 700.032 0.424333
-6.2337 -10.9957 320.412 1526.6 -2280.34 -0.409774 6.23148 11.0037 -320.412 1405.67 612.034 0.409774
-6.00883 -15.9385 320.564 2232 -2125.73 -0.387598 6.00404 15.9482 -320.564 2018.08 518.089 0.387598
-5.86162 -17.1139 320.06 2400.29 -1969.42 -0.358331 5.85512 17.1192 -320.06 2162.49 401.745 0.358331
-5.67065 -14.8645 319.686 2083.81 -1810.31 -0.322831 5.66259 14.8678 -319.686 1879.1 294.27 0.322831
-5.29475 -9.99723 319.857 1392.22 -1641.92 -0.282065 5.28571 9.99732 -319.857 1272.82 226.709 0.282065
-4.77178 -3.83743 319.815 511.4 -1473.14 -0.237035 4.76267 3.8318 -319.815 510.904 197.81 0.237035
-4.119 2.02214 319.527 -328.292 -1297.63 -0.188923 4.11189 -2.02912 -319.527 -211.516 196.461 0.188923
-3.46361 6.38833 319.601 -953.336 -1129.24 -0.139134 3.45701 -6.39488 -319.601 -750.274 203.068 0.139134
-2.93951 8.80342 319.711 -1297.9 -981.832 -0.0891669 2.93282 -8.80705 -319.711 -1049.09 195.71 0.0891669
-2.61848 9.4406 319.738 -1387.72 -866.748 -0.0404718 2.6119 -9.44054 -319.738 -1128.63 166.48 0.0404718
-2.38207 8.96153 319.979 -1318 -777.67 0.00564409 2.37573 -8.95645 -319.979 -1069.98 140.614 -0.00564409
-2.14066 8.2307 320.299 -1212.34 -708.89 0.0480435 2.13458 -8.221 -320.299 -980.215 136.294 -0.0480435
-1.92996 7.82125 320.366 -1153.42 -662.354 0.0857035 1.92643 -7.81331 -320.366 -930.227 145.664 -0.0857035
-1.75061 7.76097 320.306 -1144.45 -627.935 0.117698 1.75028 -7.75136 -320.306 -922.911 158.677 -0.117698
-1.62225 7.97022 320.241 -1174.14 -594.412 0.143297 1.62303 -7.95835 -320.241 -948.696 159.295 -0.143297
-1.59014 8.38889 320.054 -1233.94 -555.79 0.162053 1.59297 -8.37685 -320.054 -1000.48 129.094 -0.162053
-1.58938 8.82953 319.766 -1296.49 -498.249 0.173757 1.59227 -8.81708 -319.766 -1055.33 71.9678 -0.173757
-1.55144 8.97911 319.538 -1317.55 -413.511 0.178358 1.5529 -8.97035 -319.538 -1074.64 -2.16504 -0.178358
-1.45362 8.42294 319.372 -1236.62 -302.602 0.175929 1.45443 -8.41724 -319.372 -1007.72 -86.5454 -0.175929
-1.23639 6.96462 319.276 -1025.55 -165.458 0.166676 1.23605 -6.96013 -319.276 -830.229 -165.223 -0.166676
-0.837264 4.62633 319.381 -687.164 0.93819 0.150953 0.837417 -4.62758 -319.381 -546.091 -224.868 -0.150953
-0.258905 1.54147 319.641 -239.946 193.894 0.12928 0.259856 -1.54395 -319.641 -171.183 -263.323 -0.12928
0.419662 -1.78457 319.955 242.203 404.192 0.102301 -0.419033 1.78361 -319.955 233.45 -292.24 -0.102301
1.10732 -4.69973 320.258 664.946 619.589 0.0707325 -1.10642 4.6955 -320.258 587.328 -323.901 -0.0707325
1.81008 -6.84419 320.612 975.528 834.95 0.0353855 -1.80881 6.83866 -320.612 848.195 -351.517 -0.0353855
2.55274 -8.0935 320.813 1156.84 1044.42 -0.00279966 -2.55287 8.0876 -320.813 999.842 -362.403 0.00279966
3.18475 -8.39032 320.833 1200.51 1220.52 -0.0427586 -3.18726 8.38407 -320.833 1035.25 -369.352 0.0427586
3.54347 -7.63766 320.761 1093.21 1332.48 -0.0833578 -3.54922 7.63771 -320.761 942.755 -385.012 0.0833578
3.6498 -5.51549 320.582 787.846 1364.55 -0.123461 -3.65656 5.52073 -320.582 683.122 -388.522 0.123461
3.63715 -1.80032 320.27 251.872 1315.7 -0.161956 -3.64513 1.81033 -320.27 229.421 -343.025 0.161956
3.46606 3.28209 319.93 -483.025 1175.76 -0.197759 -3.47538 -3.27117 -319.93 -390.32 -248.91 0.197759
2.9644 8.92973 319.659 -1299.81 929.277 -0.229887 -2.97401 -8.91967 -319.659 -1079.08 -136.747 0.229887
2.09124 13.904 319.389 -2017.49 578.832 -0.257591 -2.10058 -13.899 -319.389 -1688 -19.9514 0.257591
1.05297 16.946 319.204 -2451.24 158.691 -0.280373 -1.06138 -16.9416 -319.204 -2065.22 122.214 0.280373
-0.133365 17.5463 319.043 -2536.75 -326.192 -0.297881 0.125529 -17.5421 -319.043 -2139.75 289.514 0.297881
-1.47668 15.9053 319.435 -2307.54 -862.141 -0.309928 1.47077 -15.8971 -319.435 -1930.96 465.716 0.309928
-2.96667 12.6927 319.949 -1853.73 -1430.61 -0.316612 2.96262 -12.6836 -319.949 -1528.29 635.278 0.316612
-4.61947 8.71298 320.454 -1286.49 -2022.28 -0.318247 4.61593 -8.70488 -320.454 -1034.81 784.814 0.318247
-6.44935 4.81464 321 -732.002 -2621.63 -0.315185 6.44622 -4.80469 -321 -549.894 894.912 0.315185
-8.23263 1.6583 321.142 -284.095 -3190.52 -0.307811 8.23053 -1.65037 -321.142 -156.7 987.009 0.307811
-9.70787 -0.51229 321.176 22.1071 -3676.23 -0.296617 9.70708 0.516639 -321.176 115.228 1078.14 0.296617
-10.8247 -1.87952 321.169 213.904 -4054.99 -0.282162 10.8277 1.88356 -321.169 287.852 1157.75 0.282162
-11.6266 -2.66062 320.925 321.303 -4312.89 -0.265058 11.6311 2.6629 -320.925 388.439 1201.05 0.265058
-12.211 -3.05459 320.527 375.118 -4447.71 -0.24596 12.2158 3.05738 -320.527 439.712 1179.81 0.24596
-12.5662 -3.08835 320.204 379.559 -4454.77 -0.225522 12.5697 3.09235 -320.204 444.432 1092.5 0.225522
-12.5561 -2.69756 319.853 325.404 -4324.32 -0.204398 12.5569 2.70066 -319.853 394.291 965.614 0.204398
-12.0659 -1.85312 319.482 208.126 -4054.42 -0.183246 12.0649 1.85657 -319.482 286.508 827.461 0.183246
-11.0654 -0.558762 319.239 26.5673 -3652.37 -0.162668 11.062 0.56026 -319.239 122.769 693.501 0.162668
-9.56999 0.957333 319.048 -187.989 -3128.12 -0.143173 9.56862 -0.959592 -319.048 -67.3157 568.862 0.143173
-7.55404 2.28712 318.876 -375.337 -2488.29 -0.125131 7.5545 -2.28986 -318.876 -234.511 467.594 0.125131
-5.403 3.15231 319.132 -494.724 -1791.37 -0.108734 5.40321 -3.15602 -319.132 -345.894 345.695 0.108734
-3.22773 3.56438 319.599 -546.208 -1060.11 -0.0940688 3.22989 -3.56315 -319.599 -403.613 195.772 0.0940688
-0.923052 3.92028 319.787 -589.108 -297.111 -0.0811622 0.926493 -3.91599 -319.787 -455.196 48.7955 0.0811622
1.62233 4.51397 320.093 -666.639 511.185 -0.0698736 -1.61856 -4.50891 -320.093 -535.839 -79.1655 0.0698736
4.13643 5.44158 320.658 -791.653 1326.07 -0.059827 -4.13299 -5.43262 -320.658 -657.589 -221.967 0.059827
6.56752 6.7068 321.18 -966.594 2129.34 -0.050514 -6.56466 -6.69728 -321.18 -819.85 -375.342 0.050514
8.64956 7.90144 320.769 -1128.38 2856.34 -0.041444 -8.64852 -7.89721 -320.769 -977.236 -545.459 0.041444
10.1838 8.45359 320.523 -1198.74 3444.56 -0.0322063 -10.1852 -8.44961 -320.523 -1054.12 -722.938 0.0322063
11.3932 8.10722 320.535 -1143.95 3905.9 -0.0223672 -11.3944 -8.10464 -320.535 -1016.77 -860.752 0.0223672
12.4411 6.80242 320.217 -956.226 4248.74 -0.0113757 -12.4413 -6.80337 -320.217 -857.162 -923.602 0.0113757
13.1453 4.66701 319.768 -653.634 4457.28 0.00125702 -13.1447 -4.66718 -319.768 -590.425 -944.073 -0.00125702
13.2685 2.15378 319.556 -298.903 4516.99 0.0157208 -13.2668 -2.15296 -319.556 -275.084 -970.939 -0.0157208
12.8315 -0.175367 319.448 30.0965 4434.65 0.0319506 -12.8284 0.174259 -319.448 16.5283 -1005.39 -0.0319506
12.0749 -1.9757 319.231 284.988 4240.66 0.0498068 -12.0718 1.97399 -319.231 241.461 -1013.46 -0.0498068
11.0934 -3.09076 319.092 443.094 3951.56 0.0691299 -11.0911 3.08709 -319.092 380.328 -986.547 -0.0691299
9.80969 -3.58463 319.103 513.54 3566.71 0.0895774 -9.80721 3.57995 -319.103 441.397 -944.75 -0.0895774
8.20175 -3.6683 319.25 526.064 3087.62 0.110417 -8.1993 3.66353 -319.25 451.164 -895.289 -0.110417
6.40564 -3.57439 319.336 513.274 2538.94 0.130577 -6.40371 3.56919 -319.336 438.865 -826.481 -0.130577
4.57904 -3.50582 319.667 503.127 1949.82 0.148872 -4.57689 3.5025 -319.667 430.99 -725.556 -0.148872
2.94941 -3.50915 320.111 500.023 1374.39 0.164141 -2.94463 3.50638 -320.111 435.068 -586.21 -0.164141
1.55097 -3.63512 320.412 513.381 837.216 0.175273 -1.54399 3.6328 -320.412 455.362 -423.44 -0.175273
0.281992 -3.79744 320.491 531.532 348.069 0.18123 -0.273264 3.79641 -320.491 480.664 -274.025 -0.18123
-0.904811 -3.83207 320.526 530.137 -79.4644 0.181067 0.911103 3.82981 -320.526 491.142 -163.602 -0.181067
-2.15101 -3.75705 320.675 514.209 -467.164 0.173996 2.15323 3.75173 -320.675 486.677 -108.451 -0.173996
-3.28935 -3.64907 320.652 493.152 -808.743 0.159536 3.28905 3.64331 -320.652 478.906 -70.752 -0.159536
-4.15882 -3.58606 320.489 480.167 -1102.39 0.137605 4.15232 3.57896 -320.489 474.924 -8.76683 -0.137605
-4.83728 -3.62255 320.481 482.023 -1374 0.108413 4.8301 3.61396 -320.481 482.606 81.3729 -0.108413
-5.26277 -3.7697 320.483 499.705 -1617.84 0.0723388 5.25691 3.76429 -320.483 504.582 210.897 -0.0723388
-5.50484 -3.83984 320.344 506.41 -1839.04 0.0299438 5.49836 3.83584 -320.344 516.77 366.957 -0.0299438
-5.77423 -3.72454 320.244 486.471 -2052.47 -0.0179555 5.76858 3.72072 -320.244 506.007 507.814 0.0179555
-6.11865 -3.47889 320.284 449.369 -2259.08 -0.0702465 6.11414 3.4773 -320.284 477.931 621.862 0.0702465
-6.32119 -3.12446 320.214 397.612 -2429.58 -0.125581 6.318 3.12324 -320.214 435.266 737.672 0.125581
-6.35052 -2.82431 320.176 353.983 -2559.68 -0.182479 6.34626 2.8207 -320.176 398.57 859.638 0.182479
-6.49017 -2.84309 320.317 356.14 -2681.05 -0.239411 6.48381 2.83952 -320.317 401.428 943.67 0.239411
-6.84303 -3.25945 320.484 414.798 -2809.09 -0.294873 6.83734 3.2557 -320.484 453.738 977.251 0.294873
-7.15849 -3.8729 320.513 501.564 -2921.35 -0.347375 7.15237 3.8709 -320.513 530.733 1005.21 0.347375
-7.29164 -4.1265 320.558 537.48 -3003.29 -0.395405 7.28646 4.13051 -320.558 563.22 1051.28 0.395405
-7.38053 -3.33123 320.597 424.473 -3064.01 -0.437537 7.37597 3.33669 -320.597 464.432 1088.05 0.437537
-7.58024 -1.14614 320.494 113.737 -3111.37 -0.472622 7.57586 1.1536 -320.494 192.971 1082.07 0.472622
-7.83981 2.23742 320.282 -366.698 -3134.08 -0.499804 7.83603 -2.23079 -320.282 -228.639 1035.55 0.499804
-7.99244 6.03609 320.009 -905.883 -3113.85 -0.518409 7.98805 -6.03554 -320.009 -702.855 974.867 0.518409
-7.94495 9.0652 319.778 -1335.18 -3040.64 -0.52789 7.94049 -9.06623 -319.778 -1081.22 914.563 0.52789
-7.75906 10.3145 319.501 -1513.19 -2924.02 -0.527898 7.75415 -10.3198 -319.501 -1236.79 847.904 0.527898
-7.51213 9.22198 319.34 -1359.38 -2775.9 -0.518378 7.5064 -9.22631 -319.34 -1099.24 766.16 0.518378
-7.19665 5.94036 319.465 -893.335 -2597.34 -0.499585 7.19051 -5.9423 -319.465 -690.215 672.252 0.499585
-6.76221 1.20945 319.669 -217.921 -2386.74 -0.471997 6.75547 -1.21129 -319.669 -104.539 578.095 0.471997
-6.20094 -4.06271 319.909 536.773 -2145.6 -0.436241 6.19351 4.05985 -319.909 545.983 487.259 0.436241
-5.58412 -9.01394 320.238 1249.2 -1889.95 -0.393119 5.57521 9.01176 -320.238 1153.44 396.818 0.393119
-5.07116 -12.6686 320.43 1775.32 -1654.18 -0.343671 5.06115 12.6672 -320.43 1601.61 298.518 0.343671
-4.57725 -14.3431 320.517 2017.45 -1442.27 -0.289174 4.56818 14.3417 -320.517 1805.84 218.69 0.289174
-3.8684 -13.7742 320.535 1940.09 -1231.67 -0.231039 3.86321 13.7731 -320.535 1731.57 197.013 0.231039
-2.87178 -11.0556 320.423 1555.45 -1002.06 -0.170683 2.87089 11.0546 -320.423 1391.53 232.955 0.170683
-1.75873 -6.62877 320.37 922.482 -749.196 -0.109509 1.76332 6.62795 -320.37 844.502 276.553 0.109509
-0.852227 -1.33055 320.337 163.553 -491.806 -0.0489279 0.856159 1.32995 -320.337 191.157 261.508 0.0489279
-0.35067 3.94934 320.121 -593.888 -247.945 0.00960744 0.350867 -3.9493 -320.121 -458.729 152.575 -0.00960744
-0.0515845 8.37495 319.927 -1228.64 -14.2694 0.0646413 0.0513536 -8.37334 -319.927 -1003.46 -0.554681 -0.0646413
0.520965 11.3636 319.811 -1656.02 238.127 0.114873 -0.522062 -11.3613 -319.811 -1372.65 -99.5176 -0.114873
1.31499 12.5934 319.752 -1829.47 490.937 0.159279 -1.31981 -12.5905 -319.752 -1526.94 -139.582 -0.159279
1.82352 11.9442 319.676 -1733.6 687.457 0.197008 -1.82811 -11.9435 -319.676 -1450.06 -200.084 -0.197008
1.92204 9.39572 319.67 -1365.81 809.7 0.22719 -1.92676 -9.39739 -319.67 -1138.85 -295.665 -0.22719
1.84653 5.21289 319.874 -762.622 874.597 0.249019 -1.8531 -5.21505 -319.874 -627.128 -380.2 -0.249019
1.74341 0.0071373 320.113 -11.1552 891.724 0.262057 -1.75016 -0.0112816 -320.113 8.77827 -424.719 -0.262057
1.58204 -5.49151 320.22 782.325 855.035 0.266284 -1.58826 5.48519 -320.22 680.721 -431.211 -0.266284
1.31113 -10.4538 320.377 1494.51 765.173 0.261827 -1.31731 10.4487 -320.377 1291.45 -413.809 -0.261827
0.840106 -13.95 320.548 1990.89 617.999 0.248841 -0.846047 13.9474 -320.548 1727.36 -392.587 -0.248841
0.16408 -15.3195 320.471 2182.39 415.491 0.227619 -0.170235 15.3166 -320.471 1900.89 -370.714 -0.227619
-0.577767 -14.274 320.315 2031.28 176.007 0.198667 0.570987 14.2744 -320.315 1773.75 -329.458 -0.198667
-1.33221 -10.8006 320.345 1531.22 -95.5715 0.162678 1.3261 10.8018 -320.345 1348.06 -259.725 -0.162678
-1.9807 -5.45333 320.342 759.015 -376.835 0.120427 1.97705 5.45371 -320.342 694.786 -152.369 -0.120427
-2.51748 0.687367 320.254 -129.19 -653.222 0.0726732 2.51521 -0.687105 -320.254 -53.8764 -19.984 -0.0726732
-2.9745 6.29315 320.004 -938.252 -902.783 0.0202454 2.97467 -6.29589 -320.004 -739.483 106.73 -0.0202454
-3.3834 10.1813 319.879 -1496.89 -1118.66 -0.0358332 3.38622 -10.1845 -319.879 -1217.32 212.653 0.0358332
-3.66819 11.6535 319.744 -1708.16 -1283.45 -0.0943122 3.67008 -11.6577 -319.744 -1398.62 301.174 0.0943122
-3.84483 10.5377 319.722 -1548.57 -1396.69 -0.153762 3.84666 -10.5418 -319.722 -1260.76 366.992 0.153762
-3.87544 7.32494 319.876 -1088.29 -1457.12 -0.212625 3.87809 -7.32429 -319.876 -864.013 418.924 0.212625
-3.65016 3.07495 320.097 -478.399 -1452.79 -0.269264 3.65263 -3.07315 -320.097 -340.869 474.562 0.269264
-3.22426 -1.12725 320.286 125.75 -1391.37 -0.321973 3.2277 1.12959 -320.286 175.193 526.542 0.321973
-2.69461 -4.41144 320.339 599.151 -1284.64 -0.369005 2.69944 4.41557 -320.339 577.461 560.949 0.369005
-2.10271 -6.15978 320.332 852.215 -1137.97 -0.408711 2.10804 6.16368 -320.332 790.398 572.257 0.408711
-1.42917 -6.25355 320.288 867.621 -950.247 -0.439689 1.43657 6.25558 -320.288 799.734 564.206 0.439689
-0.585522 -5.02993 320.184 694.168 -710.764 -0.460809 0.594143 5.03183 -320.184 646.992 549.976 0.460809
0.356781 -2.97774 320.095 402.799 -428.932 -0.471201 -0.348605 2.97907 -320.095 391.24 520.046 0.471201
1.28898 -0.623896 319.98 67.3363 -114.956 -0.470287 -1.27974 0.623621 -319.98 99.0396 455.195 0.470287
2.22162 1.42634 319.941 -224.244 224.928 -0.457844 -2.21146 -1.42809 -319.941 -156.096 364.671 0.457844
3.29037 2.71843 319.943 -407.941 605.98 -0.434005 -3.28029 -2.72214 -319.943 -317.089 269.459 0.434005
4.31644 2.93768 319.933 -436.56 1000.44 -0.399217 -4.30825 -2.94343 -319.933 -347.194 149.751 0.399217
5.11861 1.92439 320.16 -286.033 1378.9 -0.354247 -5.11287 -1.93492 -320.16 -228.269 -13.5494 0.354247
5.61829 -0.338758 320.249 42.8532 1711.9 -0.300222 -5.6166 0.326364 -320.249 45.8511 -211.855 0.300222
5.92758 -3.52013 320.316 503.204 1987.96 -0.238598 -5.92814 3.50863 -320.316 433.638 -404.354 0.238598
6.13029 -6.89918 320.438 989.286 2194.32 -0.171106 -6.1324 6.88873 -320.438 848.414 -555.837 0.171106
6.21835 -9.74229 320.503 1396.92 2322.57 -0.099695 -6.22214 9.73418 -320.503 1198.95 -659.966 0.099695
6.07691 -11.3616 320.385 1627.83 2361.3 -0.0264856 -6.07953 11.3567 -320.385 1400.12 -736.35 0.0264856
5.74682 -11.3951 320.226 1632.73 2323.74 0.0463047 -5.7484 11.3904 -320.226 1404.18 -786.914 -0.0463047
5.31296 -9.92856 320.124 1423.94 2228.29 0.116509 -5.31352 9.92337 -320.124 1221.98 -807.397 -0.116509
4.79726 -7.34178 319.991 1053.57 2085.11 0.182114 -4.79721 7.3387 -319.991 903.089 -802.045 -0.182114
4.20855 -4.06836 319.797 582.798 1902.88 0.241259 -4.20883 4.06624 -319.797 501.433 -777.084 -0.241259
3.4903 -0.556282 319.645 75.3802 1678.01 0.292234 -3.49157 0.555913 -319.645 72.9142 -744.007 -0.292234
2.72325 2.69399 319.614 -395.381 1425.42 0.333555 -2.72466 -2.69456 -319.614 -322.733 -696.414 -0.333555
2.02453 5.19506 319.572 -758.571 1159.06 0.364067 -2.02508 -5.19615 -319.572 -626.288 -617.058 -0.364067
1.57118 6.55625 319.658 -957.559 908.153 0.382984 -1.56696 -6.55771 -319.658 -790.18 -488.325 -0.382984
1.35775 6.62432 319.78 -969.877 693.056 0.389868 -1.35156 -6.62623 -319.78 -796.061 -331.074 -0.389868
1.10661 5.47383 319.95 -805.918 501.626 0.384558 -1.09867 -5.476 -319.95 -653.377 -207.416 -0.384558
0.725551 3.36037 320.126 -502.241 336.761 0.3672 -0.716157 -3.36286 -320.126 -393.732 -144.769 -0.3672
0.362006 0.732924 320.297 -123.583 214.719 0.338339 -0.355475 -0.733796 -320.297 -71.8039 -119.558 -0.338339
0.148487 -1.83934 320.473 246.552 142.571 0.298924 -0.142586 1.8394 -320.473 243.848 -104.435 -0.298924
0.147345 -3.90119 320.553 542.82 118.017 0.250227 -0.142613 3.90191 -320.553 497.275 -80.1415 -0.250227
0.299237 -5.13547 320.516 720.521 127.307 0.193739 -0.295691 5.13853 -320.516 648.895 -48.8293 -0.193739
0.470959 -5.28656 320.472 742.585 151.765 0.131089 -0.467847 5.29126 -320.472 667.322 -27.4403 -0.131089
0.610817 -4.24033 320.359 592.384 181.07 0.0640398 -0.608723 4.24644 -320.359 538.827 -19.2702 -0.0640398
0.747538 -2.14399 320.152 290.815 212.47 -0.0055295 -0.746342 2.14895 -320.152 281.442 -14.0282 0.0055295
0.91173 0.561314 319.978 -99.3664 244.276 -0.0756732 -0.911895 -0.558291 -319.978 -49.7591 -1.82003 0.0756732
1.07628 3.30871 319.826 -496.29 267.545 -0.144469 -1.07706 -3.30629 -319.826 -385.258 18.8855 0.144469
1.20973 5.57514 319.63 -823.699 273.579 -0.21012 -1.21062 -5.57534 -319.63 -662.332 48.4166 0.21012
1.37602 6.98556 319.545 -1027.15 268.924 -0.270985 -1.37431 -6.98553 -319.545 -834.815 96.9718 0.270985
1.62555 7.42741 319.58 -1090.79 264.986 -0.325541 -1.62215 -7.42752 -319.58 -888.969 167.08 0.325541
1.86445 6.96006 319.625 -1023.35 261.272 -0.372404 -1.85892 -6.96127 -319.625 -831.98 234.071 0.372404
2.02505 5.67148 319.737 -837.369 260.807 -0.410426 -2.01657 -5.67325 -319.737 -674.551 276.875 0.410426
2.18039 3.71656 319.936 -554.815 280.698 -0.438748 -2.17038 -3.71883 -319.936 -436.072 298.182 0.438748
2.36703 1.34716 320.113 -211.963 330.695 -0.456764 -2.3557 -1.349 -320.113 -147.285 297.848 0.456764
2.54876 -1.04081 320.281 133.896 411.105 -0.46409 -2.53782 1.04133 -320.281 143.703 266.134 0.46409
2.65872 -2.98629 320.369 415.789 512.942 -0.460588 -2.64947 2.98755 -320.369 380.489 194.145 0.460588
2.70798 -4.143 320.387 583.905 629.62 -0.446397 -2.69994 4.14522 -320.387 520.828 91.1541 0.446397
2.81896 -4.28205 320.323 605.341 763.879 -0.421914 -2.81235 4.28597 -320.323 536.679 -12.8918 0.421914
3.03106 -3.33107 320.239 468.822 913.046 -0.387724 -3.02638 3.33362 -320.239 419.518 -104.815 0.387724
3.24184 -1.61084 320.045 221.399 1058.73 -0.344586 -3.23765 1.6099 -320.045 207.932 -193.808 0.344586
3.40767 0.363802 319.825 -62.1791 1191.23 -0.293492 -3.40457 -0.365153 -319.825 -34.9073 -281.537 0.293492
3.56924 2.21475 319.734 -328.178 1311.88 -0.235677 -3.56687 -2.21758 -319.734 -262.493 -358.649 0.235677
3.69772 3.70803 319.597 -542.55 1412.82 -0.172568 -3.69655 -3.71022 -319.597 -446.085 -424.863 0.172568
3.7467 4.74935 319.503 -691.72 1483.56 -0.10577 -3.74704 -4.75083 -319.503 -574.395 -482.113 0.10577
3.71021 5.2811 319.542 -767.861 1517.49 -0.0370632 -3.71086 -5.28352 -319.542 -640.121 -525.595 0.0370632
3.64696 5.17968 319.647 -752.973 1517.63 0.0316279 -3.64778 -5.18183 -319.647 -627.939 -542.535 -0.0316279
3.59109 4.39819 319.763 -640.258 1488.59 0.0983173 -3.59069 -4.39995 -319.763 -532.287 -528.642 -0.0983173
3.50705 3.00082 319.923 -438.99 1432.27 0.161036 -3.50619 -3.00248 -319.923 -361.06 -494.95 -0.161036
3.32249 1.12287 320.119 -168.325 1347.09 0.217904 -3.32091 -1.12361 -320.119 -131.017 -459.293 -0.217904
3.05896 -0.86857 320.257 118.499 1241.74 0.267196 -3.05611 0.871823 -320.257 113.529 -424.634 -0.267196
2.76856 -2.40898 320.366 339.888 1125.6 0.3074 -2.76648 2.41457 -320.366 303.065 -386.113 -0.3074
2.39261 -3.08338 320.38 436.024 991.589 0.337266 -2.39163 3.08831 -320.38 386.611 -352.491 -0.337266
1.94592 -2.7371 320.32 384.348 839.563 0.355904 -1.9447 2.74364 -320.32 346.202 -319.918 -0.355904
1.51359 -1.29651 320.272 174.488 678.097 0.362856 -1.5142 1.30443 -320.272 172.247 -273.836 -0.362856
1.04594 1.0505 320.104 -166.842 501.414 0.358014 -1.04768 -1.04621 -320.104 -112.517 -222.088 -0.358014
0.521469 3.70964 319.93 -552.757 306.732 0.341534 -0.522174 -3.70641 -319.93 -435.556 -167.816 -0.341534
0.0159733 6.09307 319.825 -898.798 105.173 0.313895 -0.0174033 -6.09042 -319.825 -724.91 -101.411 -0.313895
-0.490317 7.69237 319.748 -1131.2 -100.505 0.275964 0.488471 -7.69299 -319.748 -919.252 -31.1635 -0.275964
-1.05829 8.03497 319.711 -1182.14 -312.538 0.228916 1.05661 -8.03687 -319.711 -959.798 28.9096 -0.228916
-1.67701 6.90071 319.78 -1020.69 -527.814 0.174101 1.67398 -6.90297 -319.78 -818.94 78.8988 -0.174101
-2.31888 4.47043 319.968 -673.479 -743.881 0.113001 2.31465 -4.47123 -319.968 -518.137 123.479 -0.113001
-2.94447 1.21277 320.223 -207.091 -960.211 0.0472467 2.94016 -1.21325 -320.223 -116.115 172.501 -0.0472467
-3.4683 -2.28804 320.474 293.718 -1167.19 -0.0214393 3.46426 2.28742 -320.474 316.241 239.24 0.0214393
-3.87738 -5.48919 320.647 751.541 -1358.15 -0.0913328 3.87547 5.48917 -320.647 711.805 320.316 0.0913328
-4.15958 -7.83528 320.726 1085.5 -1519.41 -0.160761 4.15899 7.83504 -320.726 1003.2 405.671 0.160761
-4.44166 -8.95165 320.745 1242.42 -1657.63 -0.228176 4.44178 8.95176 -320.745 1143.92 468.199 0.228176
-4.74667 -8.60485 320.603 1191.07 -1769.17 -0.292222 4.74696 8.60676 -320.603 1103.07 498.147 0.292222
-4.9636 -6.66945 320.391 912.756 -1841.59 -0.351692 4.96391 6.67291 -320.391 865.687 512.589 0.351692
-4.98258 -3.30006 320.191 429.661 -1863.23 -0.405461 4.98237 3.30399 -320.191 450.697 529.213 0.405461
-4.82026 1.03584 319.983 -191.69 -1834.73 -0.452509 4.81952 -1.03166 -319.983 -83.7003 544.123 0.452509
-4.56201 5.6831 319.735 -855.381 -1766.19 -0.491973 4.56087 -5.67805 -319.735 -658.676 544.637 0.491973
-4.23794 9.96178 319.587 -1466.25 -1666.06 -0.523145 4.2364 -9.95866 -319.587 -1188.6 531.196 0.523145
-3.77255 13.0736 319.357 -1909.45 -1530.59 -0.54539 3.77172 -13.0722 -319.357 -1575.12 519.997 0.54539
-3.16907 14.3333 319.194 -2087.75 -1366.6 -0.558092 3.16842 -14.3338 -319.194 -1732.87 517.198 0.558092
-2.50657 13.2268 319.221 -1929.99 -1183.27 -0.560664 2.50556 -13.2324 -319.221 -1596.37 510.899 0.560664
-1.91712 9.38968 319.501 -1380.89 -995.654 -0.552638 1.91524 -9.39882 -319.501 -1123.1 480.939 0.552638
-1.47622 3.10728 319.902 -477.058 -821.586 -0.533763 1.47286 -3.1145 -319.902 -352.048 425.011 0.533763
-1.10318 -4.52452 320.378 622.809 -662.89 -0.50402 1.0978 4.51624 -320.378 582.272 366.386 0.50402
-0.808214 -12.0865 320.784 1711.1 -536.18 -0.463608 0.802347 12.0795 -320.784 1509.88 318.646 0.463608
-0.585745 -18.0692 321.188 2561.38 -450.509 -0.413024 0.579645 18.0634 -321.188 2254.55 292.475 0.413024
-0.537783 -21.4099 321.026 3029.86 -421.13 -0.353179 0.530572 21.4067 -321.026 2676.95 276.088 0.353179
-0.780281 -21.5003 320.561 3040.88 -462.435 -0.28545 0.772801 21.5012 -320.561 2690.57 252.74 0.28545
-1.2986 -18.115 320.449 2563.73 -573.096 -0.211634 1.29134 18.1154 -320.449 2265.22 225.053 0.211634
-1.95435 -11.6088 320.609 1638.18 -735.773 -0.133854 1.94748 11.6108 -320.609 1456.67 212.62 0.133854
-2.61382 -3.05252 320.409 404.867 -924.41 -0.0544448 2.60759 3.05458 -320.409 409.224 225.037 0.0544448
-3.29696 5.75785 319.921 -863.693 -1128.77 0.0241552 3.29174 -5.75725 -319.921 -670.902 246.771 -0.0241552
-3.9903 13.1896 319.803 -1928.08 -1329.62 0.0994269 3.98681 -13.1883 -319.803 -1587.44 262.171 -0.0994269
-4.66793 17.9845 319.715 -2604.66 -1508.88 0.168746 4.66491 -17.983 -319.715 -2189 260.376 -0.168746
-5.35113 19.7328 319.24 -2848.26 -1665.01 0.229563 5.34725 -19.7307 -319.24 -2411.35 234.227 -0.229563
-5.96348 18.4519 319.219 -2668.76 -1790.52 0.279712 5.95942 -18.4494 -319.219 -2249.34 196.321 -0.279712
-6.3924 14.5173 319.747 -2114.7 -1876.77 0.317472 6.38669 -14.5142 -319.747 -1754.49 168.319 -0.317472
-6.60301 8.71891 320.131 -1290.29 -1919.22 0.341455 6.59656 -8.71539 -320.131 -1033.21 154.658 -0.341455
-6.58176 2.12074 320.388 -347.747 -1910.89 0.350653 6.57628 -2.11898 -320.388 -217.168 151.849 -0.350653
-6.34568 -4.33159 320.681 577.825 -1851.55 0.344572 6.34035 4.33253 -320.681 577.089 155.476 -0.344572
-5.95213 -9.74191 320.91 1354.49 -1749.63 0.323328 5.94736 9.743 -320.91 1242.63 158.513 -0.323328
-5.45787 -13.4043 320.844 1879.86 -1618.35 0.287666 5.45458 13.4048 -320.844 1693.42 159.015 -0.287666
-4.83506 -14.8801 320.675 2092.81 -1458.35 0.238881 4.83146 14.8816 -320.675 1874 165.381 -0.238881
-4.1568 -13.9918 320.491 1969.58 -1281.15 0.178672 4.15321 13.9942 -320.491 1760.55 169.355 -0.178672
-3.42681 -10.8342 320.208 1522.03 -1090.42 0.109069 3.42481 10.8369 -320.208 1366.44 173.439 -0.109069
-2.55509 -5.80845 320.007 802.89 -877.583 0.0324284 2.55354 5.81277 -320.007 746.115 193.364 -0.0324284
-1.65863 0.370221 319.884 -83.1928 -659.568 -0.0486094 1.65701 -0.365098 -319.884 -14.6871 214.804 0.0486094
-0.827083 6.86965 319.674 -1015.71 -444.151 -0.131316 0.826136 -6.8645 -319.674 -814.658 221.444 0.131316
-0.111291 12.7588 319.448 -1858.63 -241.361 -0.213065 0.109647 -12.7527 -319.448 -1541.43 210.021 0.213065
0.452084 17.1743 319.448 -2483.98 -64.9793 -0.291323 -0.455348 -17.1694 -319.448 -2093.27 184.453 0.291323
0.895104 19.4849 319.331 -2808.5 76.8502 -0.363548 -0.898168 -19.4824 -319.331 -2385 161.027 0.363548
1.27023 19.2603 319.192 -2776.01 182.124 -0.427304 -1.27286 -19.2586 -319.192 -2357.72 155.916 0.427304
1.58801 16.439 319.416 -2377.63 253.129 -0.48053 -1.58918 -16.4389 -319.416 -2004.24 169.539 0.48053
1.80233 11.293 319.884 -1644.29 291.836 -0.521545 -1.80148 -11.2939 -319.884 -1366 187.723 0.521545
1.93293 4.46995 320.264 -661.204 311.337 -0.548882 -1.92941 -4.47194 -320.264 -530.473 202.654 0.548882
1.96192 -2.86658 320.394 398.028 317.475 -0.561388 -1.95771 2.86523 -320.394 365.997 204.117 0.561388
1.91094 -9.37466 320.653 1333.96 320.769 -0.558444 -1.90665 9.37536 -320.653 1165.14 187.192 0.558444
1.72202 -13.8742 320.726 1976.64 307.91 -0.539979 -1.71725 13.8751 -320.726 1721.9 149.626 0.539979
1.54458 -15.6389 320.41 2226.28 294.878 -0.506429 -1.53997 15.6423 -320.41 1943 115.4 0.506429
1.44983 -14.3874 320.117 2048.18 291.464 -0.45873 -1.44487 14.3923 -320.117 1787.69 93.5483 0.45873
1.35067 -10.237 320.077 1455.24 290.899 -0.398302 -1.34556 10.2415 -320.077 1274.23 67.735 0.398302
1.20262 -3.9115 319.969 545.752 291.515 -0.327071 -1.1965 3.91507 -319.969 497.463 27.651 0.327071
1.17487 3.37777 319.693 -505.871 324.288 -0.247459 -1.16784 -3.37544 -319.693 -394.1 -12.4603 0.247459
1.28085 10.2226 319.518 -1492.17 394.636 -0.162206 -1.27269 -10.2214 -319.518 -1232.5 -54.4532 0.162206
1.50339 15.2334 319.552 -2207.42 506.406 -0.0741955 -1.495 -15.2359 -319.552 -1853.43 -106.589 0.0741955
1.77544 17.4711 319.378 -2522.91 657.027 0.0136237 -1.76841 -17.4746 -319.378 -2134.58 -184.071 -0.0136237
2.03699 16.5963 319.261 -2396.41 833.723 0.0983127 -2.03114 -16.5999 -319.261 -2027.91 -290.367 -0.0983127
2.3665 12.8077 319.696 -1853.45 1036.23 0.177086 -2.36331 -12.8125 -319.696 -1561.12 -404.124 -0.177086
2.73231 6.75827 320.282 -981.296 1243.36 0.247483 -2.73289 -6.76257 -320.282 -820.684 -512.683 -0.247483
3.12579 -0.305585 320.533 40.2203 1436.44 0.307457 -3.12707 0.304514 -320.533 41.1586 -600.3 -0.307457
3.58658 -6.84696 320.761 984.079 1604.81 0.355403 -3.58777 6.84708 -320.761 841.122 -645.48 -0.355403
4.07464 -11.5768 320.983 1663.21 1739.44 0.390153 -4.07672 11.5802 -320.983 1423.21 -649.634 -0.390153
4.40673 -13.6162 320.759 1954.05 1818.66 0.411008 -4.40848 13.6214 -320.759 1676.25 -640.245 -0.411008
4.55137 -12.7532 320.365 1830.37 1839.74 0.417769 -4.55217 12.7561 -320.365 1569.57 -622.887 -0.417769
4.64479 -9.36368 320.169 1345.09 1818.22 0.410678 -4.64457 9.36801 -320.169 1151.53 -576.709 -0.410678
4.69709 -4.1162 319.875 590.093 1755.46 0.390361 -4.69606 4.12119 -319.875 507.841 -500.346 -0.390361
4.61498 2.05229 319.473 -300.817 1648.14 0.357786 -4.61262 -2.04838 -319.473 -245.654 -415.408 -0.357786
4.34937 7.96609 319.255 -1154.45 1498.28 0.314199 -4.34591 -7.96198 -319.255 -968.37 -336.872 -0.314199
3.96596 12.6684 319.182 -1832.47 1323.96 0.261107 -3.96175 -12.6652 -319.182 -1543.9 -265.279 -0.261107
3.50204 15.4293 319.194 -2228.22 1136.57 0.200284 -3.49711 -15.4279 -319.194 -1884.35 -202.111 -0.200284
2.96492 15.9547 319.209 -2304.93 941.842 0.133703 -2.95974 -15.9538 -319.209 -1947.77 -151.052 -0.133703
2.40568 14.2147 319.472 -2058.8 751.186 0.0634 -2.40049 -14.2155 -319.472 -1730.27 -109.924 -0.0634
1.85526 10.4482 319.922 -1521.3 572.616 -0.00858741 -1.85059 -10.4507 -319.922 -1264 -78.4422 0.00858741
1.30598 5.08772 320.402 -750.349 406.451 -0.0802028 -1.30136 -5.09163 -320.402 -606.258 -59.0934 0.0802028
0.783193 -1.15671 320.589 150.235 255.833 -0.149366 -0.779035 1.15188 -320.589 157.548 -48.1306 0.149366
0.396107 -7.42901 320.894 1051.41 138.77 -0.214046 -0.392543 7.42297 -320.894 928.158 -34.4983 0.214046
0.056178 -12.9329 321.081 1839.14 38.6007 -0.272422 -0.0533376 12.927 -321.081 1607.58 -25.1216 0.272422
-0.269144 -16.7795 320.926 2385.01 -52.3628 -0.322977 0.271097 16.777 -320.926 2087.54 -20.9803 0.322977
-0.514973 -18.2839 320.558 2595.39 -128.069 -0.364417 0.515744 18.2822 -320.558 2278.28 -10.8304 0.364417
-0.70788 -17.2213 320.203 2444.24 -196.571 -0.395667 0.707373 17.2205 -320.203 2146.3 6.2579 0.395667
-0.88796 -13.6412 320.025 1934.67 -266.927 -0.416025 0.886546 13.6428 -320.025 1701.86 28.5794 0.416025
-1.06618 -7.8771 319.893 1107.13 -344.136 -0.425214 1.06355 7.87914 -319.893 992.975 58.2832 0.425214
-1.26972 -0.785587 319.711 85.355 -435.363 -0.423359 1.2655 0.786996 -319.711 124.356 95.2798 0.423359
-1.50184 6.42886 319.492 -953.977 -540.668 -0.410995 1.49635 -6.42918 -319.492 -759.618 138.644 0.410995
-1.76959 12.4347 319.429 -1815.02 -663.053 -0.389066 1.76304 -12.4358 -319.429 -1499.59 189.487 0.389066
-2.1109 16.2112 319.435 -2352.73 -812.018 -0.358909 2.10369 -16.2133 -319.435 -1968.69 247.169 0.358909
-2.50983 17.1712 319.452 -2487.83 -987.805 -0.322209 2.50292 -17.174 -319.452 -2089.6 316.101 0.322209
-2.9477 15.3386 319.624 -2229.44 -1185.21 -0.280891 2.94046 -15.3392 -319.624 -1859.17 396.282 0.280891
-3.51241 11.2508 320.202 -1649.04 -1410.67 -0.237011 3.50503 -11.2487 -320.202 -1349.56 470.608 0.237011
-4.22088 5.93508 320.714 -889.239 -1663.44 -0.192714 4.214 -5.93092 -320.714 -692.111 533.808 0.192714
-4.92083 0.521784 321.008 -117.527 -1918.1 -0.150104 4.91467 -0.517112 -321.008 -20.7705 601.123 0.150104
-5.56031 -4.22028 321.079 557.988 -2167.43 -0.111004 5.55529 4.22316 -321.079 567.536 679.177 0.111004
-6.14434 -7.80749 321.18 1066.55 -2399.17 -0.0768176 6.14033 7.80942 -321.18 1015.07 754.495 0.0768176
-6.70392 -10.0276 321.061 1378.27 -2604.02 -0.0486379 6.70114 10.0285 -321.061 1295.02 809.492 0.0486379
-7.21085 -10.81 320.646 1485.8 -2770.85 -0.027268 7.20949 10.8114 -320.646 1396.13 840.619 0.027268
-7.55993 -10.1741 320.291 1393.19 -2882.26 -0.0130271 7.55924 10.1754 -320.291 1319.2 858.658 0.0130271
-7.73231 -8.28809 320.055 1124.87 -2930.07 -0.00569794 7.73088 8.28837 -320.055 1084.66 860.54 0.00569794
-7.80791 -5.47578 319.777 726.32 -2920.24 -0.00471456 7.80599 5.47542 -319.777 733.455 830.719 0.00471456
-7.75174 -2.16274 319.56 256.095 -2850 -0.00933834 7.75015 2.16084 -319.56 320.339 775.661 0.00933834
-7.45792 1.08961 319.507 -206.421 -2710.91 -0.0187241 7.45621 -1.09281 -319.507 -84.2743 715.293 0.0187241
-6.91876 3.71927 319.523 -580.673 -2503.47 -0.0319046 6.91721 -3.7225 -319.523 -410.995 652.072 0.0319046
-6.22554 5.40505 319.644 -820.06 -2240.86 -0.0477949 6.2256 -5.4059 -319.644 -620.659 574.689 0.0477949
-5.36405 6.11252 319.81 -918.705 -1921.49 -0.0653178 5.36541 -6.11293 -319.81 -710.546 485.575 0.0653178
-4.32226 5.88901 320.065 -884.366 -1545.9 -0.0835131 4.32435 -5.88918 -320.065 -685.282 388.521 0.0835131
-3.13043 4.77232 320.311 -720.445 -1114.35 -0.101512 3.13355 -4.77219 -320.311 -551.509 275.591 0.101512
-1.89185 2.83012 320.481 -436.59 -649.581 -0.118502 1.89425 -2.83183 -320.481 -317.907 142.261 0.118502
-0.586346 0.113158 320.599 -38.8851 -153.993 -0.133733 0.587144 -0.11674 -320.599 8.35217 -3.86534 0.133733
0.709674 -3.12981 320.716 434.829 345.073 -0.146502 -0.709745 3.12508 -320.716 398.911 -156.077 0.146502
2.05474 -6.4581 320.642 919.393 843.54 -0.156188 -2.0559 6.45216 -320.642 801.358 -294.64 0.156188
3.39983 -9.35703 320.633 1339.21 1316.84 -0.16232 -3.40038 9.34972 -320.633 1154.09 -408.357 0.16232
4.72755 -11.4484 320.505 1640.65 1753.66 -0.164544 -4.7269 11.4406 -320.505 1410.05 -490.425 0.164544
5.92978 -12.3409 320.279 1767.34 2138.58 -0.162517 -5.92886 12.3353 -320.279 1521.56 -554.06 0.162517
6.86108 -11.7332 320.051 1678.83 2454.63 -0.155912 -6.85948 11.7283 -320.051 1448.18 -621.234 0.155912
7.51634 -9.57267 319.924 1368.77 2696.69 -0.144563 -7.51428 9.56789 -319.924 1182.33 -688.12 0.144563
7.96718 -6.10934 319.848 872.779 2867.86 -0.128527 -7.96592 6.10632 -319.848 755.37 -738.611 0.128527
8.1242 -1.78509 319.704 254.524 2949.03 -0.108017 -8.12453 1.78316 -319.704 221.093 -777.489 0.108017
7.97169 2.76746 319.574 -396.015 2934.06 -0.0834057 -7.97222 -2.76934 -319.574 -341.896 -803.127 0.0834057
7.60893 6.81881 319.626 -975.614 2831 -0.0553066 -7.60911 -6.82002 -319.626 -842.136 -796.982 0.0553066
7.12954 9.71997 319.632 -1392.64 2654.89 -0.0245883 -7.12938 -9.72093 -319.632 -1198.41 -749.097 0.0245883
6.45113 10.9854 319.578 -1577.53 2406.33 0.00769495 -6.4513 -10.9863 -319.578 -1350.81 -681.889 -0.00769495
5.49652 10.3673 319.628 -1493.17 2087.93 0.0403038 -5.49672 -10.368 -319.628 -1270.37 -618.642 -0.0403038
4.32755 7.95306 319.781 -1149.81 1712.23 0.0717924 -4.32838 -7.95376 -319.781 -970.185 -555.29 -0.0717924
3.1343 4.24397 320.008 -618.685 1306.77 0.100626 -3.13565 -4.24334 -320.008 -512.43 -468.779 -0.100626
1.92745 0.0857951 320.239 -23.2621 877.126 0.125365 -1.9297 -0.0841364 -320.239 0.694138 -361.769 -0.125365
0.641041 -3.62105 320.304 507.549 422.072 0.144765 -0.643782 3.62278 -320.304 457.995 -250.68 -0.144765
-0.645201 -6.11631 320.279 859.941 -38.8649 0.157726 0.642252 6.1186 -320.279 770.831 -133.753 -0.157726
-1.912 -7.0806 320.31 991.649 -503.705 0.163245 1.90926 7.08243 -320.31 896.118 -7.81243 -0.163245
-3.07914 -6.55095 320.43 908.666 -957.041 0.160582 3.07705 6.55134 -320.43 837.741 133.145 -0.160582
-4.09983 -4.93425 320.213 670.135 -1383.45 0.149488 4.09834 4.93451 -320.213 645.321 286.277 -0.149488
-5.02046 -2.76238 320.227 352.277 -1776.78 0.130062 5.01933 2.76176 -320.227 384.142 433.126 -0.130062
-5.86745 -0.658655 320.284 46.7919 -2129.52 0.10247 5.86692 0.657182 -320.284 128.751 559.108 -0.10247
-6.57305 0.879063 320.276 -174.142 -2424.49 0.0670734 6.57187 -0.880474 -320.276 -60.1984 665.323 -0.0670734
-7.16572 1.60518 320.358 -278.543 -2664.32 0.0246369 7.16219 -1.60711 -320.358 -149.418 746.87 -0.0246369
-7.63459 1.43465 320.533 -254.798 -2853.61 -0.0237717 7.6309 -1.43718 -320.533 -127.783 810.716 0.0237717
-7.87471 0.473776 320.681 -118.302 -2984.75 -0.0768934 7.87077 -0.476573 -320.681 -8.1771 877.503 0.0768934
-7.89302 -0.982385 320.74 88.7419 -3059.97 -0.133317 7.88904 0.979758 -320.74 172.964 947.573 0.133317
-7.74752 -2.52007 320.739 307.661 -3082.05 -0.191544 7.74684 2.51829 -320.739 364.05 1007.84 0.191544
-7.40247 -3.73539 320.599 480.762 -3038.73 -0.249947 7.40402 3.73371 -320.599 514.923 1056.21 0.249947
-6.87096 -4.38994 320.319 574.812 -2921.75 -0.306743 6.87518 4.38823 -320.319 595.347 1080.74 0.306743
-6.23948 -4.41113 320.024 579.608 -2732.2 -0.360122 6.24512 4.40969 -320.024 596.23 1059.74 0.360122
-5.64536 -3.85261 319.775 502.33 -2483.68 -0.40834 5.64827 3.85117 -319.775 524.621 970.597 0.40834
-5.13275 -2.9068 319.608 369.653 -2191.87 -0.449728 5.13439 2.90487 -319.608 405.109 816.443 0.449728
-4.46876 -1.86161 319.46 223.649 -1848.69 -0.482734 4.47007 1.85962 -319.46 272.486 651.258 0.482734
-3.48684 -0.997491 319.399 105.115 -1453.68 -0.505966 3.48637 0.994596 -319.399 160.544 519.262 0.505966
-2.40035 -0.546108 319.606 44.8246 -1036.26 -0.518192 2.39937 0.541267 -319.606 100.241 392.594 0.518192
-1.4669 -0.692075 319.732 70.6215 -631.391 -0.518458 1.46548 0.687156 -319.732 113.327 237.717 0.518458
-0.603732 -1.39173 319.829 176.449 -230.99 -0.506343 0.601967 1.386 -319.829 193.876 68.5482 0.506343
0.263682 -2.51161 320.168 342.738 156.088 -0.481935 -0.264717 2.50423 -320.168 325.868 -86.3479 0.481935
1.28224 -3.89796 320.374 547.117 546.968 -0.445531 -1.28314 3.89001 -320.374 490.944 -204.749 0.445531
2.33663 -5.25708 320.514 746.438 927.083 -0.397629 -2.33696 5.25017 -320.514 654.038 -302.966 0.397629
3.25196 -6.23231 320.714 889.41 1271.02 -0.339209 -3.25134 6.22523 -320.714 770.993 -402.195 0.339209
4.07053 -6.62602 320.743 947.778 1581.51 -0.271783 -4.0696 6.61842 -320.743 817.497 -493.764 0.271783
4.85069 -6.44464 320.712 923.295 1860.29 -0.197154 -4.84986 6.43718 -320.712 793.646 -563.913 0.197154
5.54002 -5.81114 320.511 832.897 2095.88 -0.117278 -5.5388 5.80372 -320.511 715.18 -615.268 0.117278
6.14666 -4.97514 320.37 712.979 2286.34 -0.0342805 -6.1443 4.9676 -320.37 612.238 -643.768 0.0342805
6.64919 -4.22061 320.203 604.764 2428.64 0.0495096 -6.64553 4.21366 -320.203 519.404 -652.013 -0.0495096
6.96711 -3.70013 320.013 530.717 2517.14 0.131585 -6.96286 3.69567 -320.013 455.044 -655.671 -0.131585
7.04837 -3.36803 319.882 483.613 2550.54 0.209405 -7.04325 3.36471 -319.882 413.775 -667.449 -0.209405
6.95351 -3.1295 319.851 449.829 2538.46 0.280609 -6.94832 3.1271 -319.851 384.099 -680.663 -0.280609
6.75678 -2.84229 319.839 409.074 2490.33 0.343145 -6.75171 2.84152 -319.839 348.514 -685.035 -0.343145
6.47888 -2.31669 319.847 333.9 2410.8 0.395273 -6.47361 2.3165 -319.847 283.664 -679.765 -0.395273
6.14811 -1.43825 319.915 207.899 2307.09 0.435549 -6.14215 1.43838 -319.915 175.55 -664.543 -0.435549
5.79256 -0.188636 320.027 27.5572 2185.93 0.462902 -5.78668 0.189692 -320.027 22.9206 -638.399 -0.462902
5.40884 1.29989 320.055 -187.796 2051.79 0.476768 -5.40334 -1.29996 -320.055 -158.654 -606.789 -0.476768
4.94672 2.70632 320.059 -391.773 1901.28 0.477035 -4.94269 -2.70724 -320.059 -329.685 -579.583 -0.477035
4.41136 3.68009 320.107 -533.875 1734.44 0.463866 -4.40836 -3.68076 -320.107 -447.112 -555.661 -0.463866
3.89718 3.97143 320.093 -577.493 1558.73 0.437642 -3.89441 -3.97277 -320.093 -481.239 -517.382 -0.437642
3.45745 3.43614 320.052 -501.842 1377.39 0.399004 -3.45556 -3.43812 -320.052 -414.285 -453.591 -0.399004
3.00533 2.09062 320.042 -309.266 1184.01 0.348843 -3.00392 -2.09217 -320.042 -248.14 -381.169 -0.348843
2.44802 0.220494 320.067 -42.2318 971.096 0.288252 -2.44696 -0.221583 -320.067 -16.6087 -317.307 -0.288252
1.77383 -1.79931 320.009 247.115 736.154 0.218514 -1.77382 1.79814 -320.009 232.433 -262.508 -0.218514
1.06308 -3.54383 319.983 496.58 487.794 0.14112 -1.06444 3.5427 -319.983 447.997 -204.031 -0.14112
0.360262 -4.7194 319.975 662.141 229.849 0.0578266 -0.362374 4.71663 -319.975 595.585 -133.988 -0.0578266
-0.351186 -5.26828 319.927 736.972 -40.7876 -0.0293446 0.348157 5.26446 -319.927 666.933 -53.5758 0.0293446
-1.10338 -5.23129 319.973 728.094 -327.19 -0.118221 1.09916 5.22732 -319.973 665.939 31.7377 0.118221
-1.94614 -4.66576 320.104 642.138 -636.73 -0.206554 1.94074 4.66134 -320.104 601.101 116.009 0.206554
-2.83484 -3.7083 320.125 499.953 -961.101 -0.292035 2.82835 3.70458 -320.125 488.171 202.813 0.292035
-3.75111 -2.4878 320.229 320.957 -1302.9 -0.372366 3.74372 2.48471 -320.229 341.928 299.632 0.372366
-4.64164 -1.13953 320.464 123.121 -1654.27 -0.445391 4.63335 1.13612 -320.464 180.338 412.841 0.445391
-5.52699 0.0990471 320.595 -58.1628 -2014.91 -0.50917 5.51871 -0.10231 -320.595 31.4986 536.556 0.50917
-6.35099 0.997149 320.61 -187.712 -2371.75 -0.562021 6.34474 -1.00019 -320.61 -78.315 672.539 0.562021
-7.06331 1.40695 320.722 -247.046 -2706.36 -0.602544 7.05774 -1.41054 -320.722 -128.285 816.277 0.602544
-7.69614 1.17737 320.71 -215.05 -3010.4 -0.629691 7.69159 -1.18085 -320.71 -99.063 950.655 0.629691
-8.28477 0.293382 320.659 -89.5786 -3275.95 -0.642847 8.28284 -0.296221 -320.659 11.1943 1058.23 0.642847
-8.7406 -1.09421 320.552 106.565 -3482.95 -0.641859 8.7392 1.09136 -320.552 184.935 1143.08 0.641859
-9.07136 -2.76781 320.447 342.283 -3626.14 -0.627024 9.07003 2.76507 -320.447 395.36 1197.7 0.627024
-9.34151 -4.4867 320.34 584.077 -3710.22 -0.599059 9.34016 4.48371 -320.34 611.732 1209.56 0.599059
-9.54999 -6.08056 320.238 807.571 -3736.76 -0.559071 9.5465 6.07535 -320.238 812.811 1180.81 0.559071
-9.67074 -7.51995 320.186 1009.86 -3708.62 -0.508538 9.66612 7.51364 -320.186 994.064 1120.78 0.508538
-9.65663 -8.74719 320.18 1183.4 -3627.83 -0.449273 9.64981 8.74057 -320.18 1147.62 1044.33 0.449273
-9.48449 -9.52605 320.165 1294.94 -3500.17 -0.383379 9.47693 9.52253 -320.165 1244.11 963.052 0.383379
-9.13082 -9.49206 320.141 1292.28 -3329.13 -0.313148 9.12348 9.49018 -320.141 1237.92 886.732 0.313148
-8.57912 -8.39472 320.153 1139.11 -3113.32 -0.240938 8.5722 8.39478 -320.153 1098.81 818.483 0.240938
-7.91708 -6.14315 320.102 822.927 -2863.48 -0.169094 7.90989 6.14675 -320.102 815.275 745.791 0.169094
-7.2281 -2.83549 320.082 354.32 -2590.9 -0.0998443 7.22138 2.83842 -320.082 402.085 657.498 0.0998443
-6.48354 0.991707 320.08 -190.574 -2296.29 -0.0351826 6.4774 -0.989665 -320.08 -73.3319 562.039 0.0351826
-5.64791 4.56014 320.015 -698.582 -1982.6 0.0232032 5.64191 -4.55902 -320.015 -516.663 471.87 -0.0232032
-4.75038 7.24037 319.929 -1079.41 -1660.03 0.0739412 4.74495 -7.23867 -319.929 -850.215 389.295 -0.0739412
-3.80547 8.68837 319.906 -1284.9 -1325.75 0.116001 3.80147 -8.68633 -319.906 -1030.66 307.528 -0.116001
-2.89002 8.78323 319.902 -1295.18 -991.238 0.148711 2.8868 -8.78074 -319.902 -1045.62 217.783 -0.148711
-2.02435 7.67477 319.847 -1133.09 -660.94 0.171735 2.02154 -7.67183 -319.847 -912.183 119.038 -0.171735
-1.22989 5.70302 319.954 -846.267 -340.368 0.18508 1.22577 -5.69914 -319.954 -673.295 11.2559 -0.18508
-0.52718 3.35115 320.058 -503.397 -37.6936 0.1891 0.522816 -3.34704 -320.058 -389.231 -103.269 -0.1891
0.134517 1.03681 320.074 -166.766 242.035 0.184419 -0.138648 -1.03513 -320.074 -109.287 -205.917 -0.184419
0.844546 -1.03081 320.08 133.98 502.19 0.171878 -0.847759 1.03155 -320.08 140.977 -276.293 -0.171878
1.57995 -2.64669 320.103 369.638 740.492 0.152548 -1.58163 2.64781 -320.103 336.091 -318.229 -0.152548
2.21363 -3.55335 320.159 502.296 947.666 0.127683 -2.21432 3.55387 -320.159 445.025 -356.154 -0.127683
2.68689 -3.55197 320.074 503.403 1117.82 0.0986022 -2.68548 3.55432 -320.074 443.791 -400.022 -0.0986022
3.11483 -2.50699 320.013 353.731 1266.99 0.0666586 -3.11249 2.51009 -320.013 315.011 -434.881 -0.0666586
3.46373 -0.462305 320.035 60.1623 1391.51 0.0332762 -3.46347 0.465949 -320.035 63.6191 -465.811 -0.0332762
3.63039 2.37835 319.948 -349.164 1477.35 -0.000136245 -3.63015 -2.37295 -319.948 -284.024 -506.98 0.000136245
3.69974 5.66244 319.803 -822.056 1525.9 -0.0323384 -3.69944 -5.65697 -319.803 -686.527 -536.886 0.0323384
3.79618 8.92978 319.721 -1292.52 1546 -0.0622612 -3.79739 -8.92461 -319.721 -1087.04 -531.023 0.0622612
3.8145 11.6534 319.604 -1684.55 1524.01 -0.0889478 -3.81594 -11.6482 -319.604 -1421.01 -504.189 0.0889478
3.68065 13.4154 319.469 -1937.31 1452.89 -0.111641 -3.68157 -13.4105 -319.469 -1637.97 -468.997 0.111641
3.4658 13.9697 319.375 -2017.16 1343.17 -0.129892 -3.46632 -13.965 -319.375 -1705.9 -416.897 0.129892
3.19475 13.2419 319.361 -1914.81 1199.91 -0.14353 -3.19457 -13.2374 -319.361 -1614.27 -346.389 0.14353
2.81331 11.3802 319.435 -1649.31 1020.69 -0.152616 -2.81293 -11.3741 -319.435 -1383.3 -269.359 0.152616
2.33098 8.81284 319.522 -1282.36 815.163 -0.157428 -2.33037 -8.80616 -319.522 -1065.81 -192.978 0.157428
1.75209 6.01318 319.711 -881.456 586.674 -0.158439 -1.75171 -6.00647 -319.711 -720.428 -119.367 0.158439
1.082 3.4114 319.873 -508.041 336.649 -0.156268 -1.08249 -3.4041 -319.873 -400.233 -48.4844 0.156268
0.352551 1.40655 319.906 -220.94 70.5276 -0.151616 -0.353408 -1.39915 -319.906 -152.903 22.5704 0.151616
-0.363927 0.243194 320.09 -56.9983 -199.313 -0.145193 0.362275 -0.236956 -320.09 -6.88725 100.824 0.145193
-1.12513 -0.0830349 320.214 -14.2611 -483.595 -0.137702 1.12299 0.0890801 -320.214 37.3196 181.54 0.137702
-1.90281 0.345333 320.215 -79.3662 -771.494 -0.129857 1.90046 -0.339228 -320.215 -11.744 261.434 0.129857
-2.67228 1.44489 320.264 -240.765 -1058.46 -0.122347 2.66952 -1.43768 -320.264 -143.287 342.617 0.122347
-3.44307 3.08312 320.337 -479.084 -1343.32 -0.115737 3.44032 -3.07547 -320.337 -341.589 421.307 0.115737
-4.18976 5.03883 320.329 -761.71 -1617.64 -0.110464 4.18683 -5.03102 -320.329 -580.251 495.934 0.110464
-4.91446 7.02702 320.259 -1047.25 -1873.32 -0.106918 4.91014 -7.0188 -320.259 -824.624 558.005 0.106918
-5.71889 8.70926 320.253 -1288.21 -2123.29 -0.105461 5.71273 -8.70315 -320.253 -1032.37 593.221 0.105461
-6.54926 9.65394 320.23 -1422.62 -2362.86 -0.106388 6.54245 -9.64908 -320.23 -1149.94 611.022 0.106388
-7.25712 9.56679 320.174 -1409.99 -2579.03 -0.109904 7.24959 -9.56242 -320.174 -1139.41 638.114 0.109904
-7.66743 8.33874 320.154 -1235.19 -2749.29 -0.116107 7.66371 -8.33593 -320.154 -987.055 698.046 0.116107
-7.72895 6.01657 320.123 -904.592 -2853.34 -0.124973 7.72828 -6.01465 -320.123 -698.766 784.949 0.124973
-7.6148 2.931 320.139 -465.684 -2888.16 -0.136374 7.6152 -2.92725 -320.139 -314.929 849.871 0.136374
-7.46359 -0.318404 320.151 -3.3935 -2854.31 -0.150113 7.46809 0.322349 -320.151 88.9771 855.828 0.150113
-7.05845 -3.1454 320.024 399.943 -2721.1 -0.165874 7.06437 3.14913 -320.024 439.182 830.709 0.165874
-6.31034 -5.06192 319.912 674.992 -2478.94 -0.183131 6.31466 5.06698 -319.912 675.177 788.723 0.183131
-5.39323 -5.66846 319.991 765.325 -2152.94 -0.201118 5.39827 5.67426 -319.991 746.612 707.855 0.201118
-4.34296 -4.73943 319.986 638.098 -1757.33 -0.218927 4.34771 4.74575 -319.986 626.251 593.225 0.218927
-3.1556 -2.34458 319.877 300.495 -1312.91 -0.235602 3.15852 2.35063 -319.877 325.43 466.695 0.235602
-1.88105 1.077 320.055 -185.908 -834.204 -0.250115 1.88242 -1.0728 -320.055 -100.487 329.193 0.250115
-0.636589 4.85682 320.033 -724.854 -348.751 -0.261335 0.635766 -4.85326 -320.033 -569.189 177.057 0.261335
0.576548 8.21591 319.824 -1204.19 132.987 -0.268088 -0.578494 -8.21537 -319.824 -985.669 20.1201 0.268088
1.91752 10.3895 319.783 -1512.8 613.641 -0.269259 -1.91496 -10.3908 -319.783 -1256.71 -102.487 0.269259
3.51935 10.8961 319.936 -1580.19 1109.15 -0.263902 -3.51576 -10.8979 -319.936 -1324.44 -170.036 0.263902
5.02845 9.642 319.898 -1395.32 1588.1 -0.251309 -5.02409 -9.64574 -319.898 -1175.28 -245.766 0.251309
6.25637 6.79919 320.014 -982.124 2032.14 -0.230989 -6.24815 -6.803 -320.014 -830.721 -361.993 0.230989
7.40702 2.88978 320.225 -415.463 2459.39 -0.202682 -7.39796 -2.89317 -320.225 -355.247 -481.68 0.202682
8.44495 -1.34389 320.405 192.798 2847.19 -0.166469 -8.4375 1.33903 -320.405 164.822 -591.687 0.166469
9.26079 -5.34908 320.432 764.193 3175.82 -0.122892 -9.25285 5.34318 -320.432 660.92 -702.086 0.122892
9.87149 -8.65218 320.519 1232.83 3444.28 -0.0729955 -9.86342 8.64598 -320.519 1072.73 -807.055 0.0729955
10.3745 -10.8848 320.588 1546.53 3662.55 -0.0182254 -10.3653 10.8781 -320.588 1354.11 -890.806 0.0182254
10.818 -11.7584 320.481 1668.11 3840.65 0.0397704 -10.8072 11.7545 -320.481 1465.78 -950.416 -0.0397704
11.123 -10.9878 320.321 1558.13 3977.63 0.0991958 -11.1123 10.9862 -320.321 1370.66 -1005.72 -0.0991958
11.1885 -8.51751 320.194 1208.78 4066.52 0.158085 -11.1773 8.51588 -320.194 1061.5 -1076.92 -0.158085
11.0172 -4.64903 320.044 662.793 4104.3 0.214396 -11.0078 4.64899 -320.044 576.5 -1159.91 -0.214396
10.6918 0.153115 319.777 -16.6758 4094.31 0.266171 -10.6839 -0.152108 -319.777 -23.9723 -1236.35 -0.266171
10.3209 5.12236 319.551 -720.281 4042.54 0.311674 -10.314 -5.12355 -319.551 -645.284 -1283.32 -0.311674
9.89464 9.34826 319.444 -1318.48 3942.65 0.349469 -9.89034 -9.3496 -319.444 -1173.58 -1296.86 -0.349469
9.35265 12.1023 319.198 -1708.96 3788.87 0.37838 -9.34956 -12.1034 -319.198 -1517.2 -1287.7 -0.37838
8.69721 13.0208 319.049 -1842.06 3582.47 0.397456 -8.6949 -13.0222 -319.049 -1628.95 -1256.37 -0.397456
8.01146 11.9582 319.131 -1695.79 3332.59 0.406014 -8.01029 -11.9597 -319.131 -1491.98 -1189.75 -0.406014
7.3258 9.05692 319.266 -1287.85 3040.54 0.403691 -7.32482 -9.05838 -319.266 -1126.53 -1081.23 -0.403691
6.59965 4.77166 319.4 -680.249 2702.22 0.390411 -6.59797 -4.77321 -319.4 -591.846 -937.489 -0.390411
5.77901 -0.250354 319.729 38.222 2311.11 0.3663 -5.77727 0.248795 -319.729 28.3549 -766.174 -0.3663
4.84918 -5.20237 320.113 748.018 1876.84 0.331671 -4.84752 5.20083 -320.113 638.575 -580.875 -0.331671
3.8623 -9.31315 320.325 1335.72 1424.53 0.287064 -3.86021 9.31161 -320.325 1146.65 -392.894 -0.287064
2.76334 -12.0071 320.493 1717.33 951.879 0.233227 -2.76226 12.0056 -320.493 1483.17 -214.31 -0.233227
1.50318 -12.9717 320.593 1848.42 453.046 0.171132 -1.50423 12.9701 -320.593 1609.2 -52.4016 -0.171132
0.153739 -12.2006 320.538 1731.09 -64.43 0.101981 -0.155311 12.199 -320.538 1521 104.099 -0.101981
-1.16421 -9.93855 320.623 1399.69 -591.787 0.0271356 1.1624 9.936 -320.623 1249.31 278.802 -0.0271356
-2.43038 -6.72982 320.817 931.442 -1118.03 -0.0519072 2.42836 6.7261 -320.817 862.107 466.174 0.0519072
-3.76805 -3.2725 320.717 427.54 -1644.12 -0.133447 3.76622 3.26847 -320.717 444.401 634.331 0.133447
-5.18641 -0.220481 320.678 -15.0822 -2163.33 -0.215608 5.1853 0.215759 -320.678 73.3976 774.116 0.215608
-6.4086 1.97832 320.683 -330.206 -2628.13 -0.296354 6.40905 -1.98206 -320.683 -197.456 911.765 0.296354
-7.29104 3.25929 320.459 -512.311 -3010.5 -0.373471 7.29246 -3.26086 -320.459 -356.516 1057.77 0.373471
-7.96556 3.71529 320.417 -576.312 -3310.88 -0.444692 7.96828 -3.71683 -320.417 -414.063 1177.36 0.444692
-8.484 3.44403 320.388 -536.423 -3525.82 -0.507881 8.48821 -3.44514 -320.388 -381.584 1253.33 0.507881
-8.77109 2.56022 320.212 -410.629 -3641.07 -0.561069 8.77665 -2.56033 -320.212 -271.651 1291.57 0.561069
-8.75062 1.26625 320.044 -227.305 -3644.39 -0.6025 8.75753 -1.26594 -320.044 -109.989 1300.15 0.6025
-8.43516 -0.3057 319.951 -4.7738 -3532.05 -0.630811 8.44302 0.303973 -319.951 86.2343 1272.05 0.630811
-7.90767 -2.11127 319.832 251.612 -3308.48 -0.645133 7.9149 2.10843 -319.832 310.998 1189.77 0.645133
-7.22005 -4.09019 319.735 534.255 -2979.25 -0.645048 7.2261 4.08599 -319.735 555.674 1044.89 0.645048
-6.34387 -6.0704 319.643 819.277 -2551.14 -0.630522 6.34919 6.06464 -319.643 798.282 851.581 0.630522
-5.13611 -7.8386 319.706 1078.61 -2023.08 -0.601911 5.14061 7.83323 -319.706 1010.31 646.922 0.601911
-3.7433 -9.04449 319.87 1260.79 -1435.99 -0.559968 3.74569 9.03814 -319.87 1149.42 432.915 0.559968
-2.27849 -9.37341 320.053 1317.26 -822.676 -0.505794 2.27886 9.36776 -320.053 1180.7 211.978 0.505794
-0.749077 -8.55229 320.083 1206.8 -193.778 -0.440755 0.747792 8.54895 -320.083 1072.56 -7.33099 0.440755
0.771261 -6.49644 320.215 919.775 425.163 -0.366411 -0.774557 6.49274 -320.215 811.505 -219.084 0.366411
2.33146 -3.34312 320.27 471.429 1029.77 -0.284452 -2.33541 3.33993 -320.27 419.356 -406.173 0.284452
3.88429 0.399397 320.391 -63.9575 1594.25 -0.196667 -3.88856 -0.401425 -320.391 -42.7181 -555.297 0.196667
5.4005 4.12199 320.402 -595.642 2109.22 -0.105007 -5.40453 -4.12413 -320.402 -503.351 -664.958 0.105007
6.65757 7.15829 320.009 -1026.59 2536.27 -0.0116787 -6.66009 -7.15974 -320.009 -881.676 -756.168 0.0116787
7.62095 9.02821 319.925 -1288.78 2861.93 0.0809255 -7.62297 -9.02815 -319.925 -1117.75 -824.345 -0.0809255
8.34991 9.55274 319.953 -1359.07 3094.35 0.170414 -8.35053 -9.55207 -319.953 -1187.2 -862.121 -0.170414
8.85105 8.72499 319.766 -1238.15 3240.22 0.254479 -8.84925 -8.72361 -319.766 -1087.39 -874.431 -0.254479
9.12908 6.76667 319.737 -957.799 3307.79 0.330871 -9.12592 -6.76439 -319.737 -845.597 -867.965 -0.330871
9.12557 4.10283 319.913 -578.528 3295.5 0.397426 -9.12186 -4.10013 -319.913 -514.73 -856.739 -0.397426
8.79823 1.22489 319.902 -169.066 3202.19 0.45226 -8.79456 -1.22251 -319.902 -157.083 -850.888 -0.45226
8.15284 -1.38005 319.857 202.435 3029.19 0.4939 -8.15056 1.38276 -319.857 165.84 -850.082 -0.4939
7.27184 -3.26526 319.913 472.117 2785.36 0.521273 -7.2701 3.26821 -319.913 398.714 -841.492 -0.521273
6.29656 -4.11804 319.883 594.312 2487.49 0.533678 -6.2953 4.12069 -319.883 503.796 -804.162 -0.533678
5.23185 -3.86715 319.816 558.019 2139.89 0.530849 -5.23182 3.86976 -319.816 473.207 -740.957 -0.530849
4.0538 -2.60922 319.815 374.604 1750.15 0.512929 -4.05362 2.61164 -319.815 321.287 -666.114 -0.512929
2.86405 -0.663692 319.811 90.8339 1342.65 0.480387 -2.86272 0.665853 -319.811 86.4337 -576.834 -0.480387
1.7918 1.57809 319.876 -237.68 940.801 0.434067 -1.79075 -1.5756 -319.876 -182.563 -461.746 -0.434067
0.776033 3.70427 319.896 -548.867 546.763 0.375227 -0.774642 -3.70113 -319.896 -438.033 -339.495 -0.375227
-0.182135 5.43285 319.918 -801.903 170.093 0.30543 0.183897 -5.42963 -319.918 -645.746 -219.238 -0.30543
-1.0404 6.54175 319.96 -965.06 -179.56 0.226432 1.0411 -6.53783 -319.96 -778.075 -99.1349 -0.226432
-1.79371 6.97595 320.115 -1030.26 -499.052 0.140166 1.79419 -6.97116 -320.115 -828.489 18.7219 -0.140166
-2.48986 6.77491 320.168 -1004.26 -793.753 0.0487399 2.48945 -6.77121 -320.168 -801.036 127.172 -0.0487399
-3.17256 5.92673 320.194 -884.883 -1070.93 -0.0456193 3.16977 -5.92423 -320.194 -694.479 221.94 0.0456193
-3.85063 4.5298 320.267 -686.58 -1336.65 -0.140664 3.84746 -4.52714 -320.267 -520.385 306.266 0.140664
-4.43133 2.83589 320.347 -445.891 -1584.09 -0.234171 4.42778 -2.83391 -320.347 -309.627 398.296 0.234171
-4.89626 1.13359 320.334 -204.436 -1808.16 -0.323936 4.89156 -1.1322 -320.334 -97.3854 497.952 0.323936
-5.34899 -0.296532 320.273 -1.3309 -2020.01 -0.407824 5.34418 0.298449 -320.273 80.8023 588.538 0.407824
-5.79845 -1.18067 320.241 123.89 -2221.87 -0.483853 5.794 1.1827 -320.241 191.278 670.004 0.483853
-6.1243 -1.36661 320.191 149.604 -2395.91 -0.550216 6.12002 1.36898 -320.191 215.18 756.678 0.550216
-6.29009 -0.857834 320.06 76.6552 -2534.73 -0.605287 6.28733 0.860597 -320.06 152.564 850.665 0.605287
-6.35786 0.224456 319.958 -77.7825 -2639.22 -0.64771 6.35589 -0.221379 -319.958 18.5478 936.642 0.64771
-6.41036 1.67982 319.914 -285.264 -2712.07 -0.676484 6.40888 -1.67606 -319.914 -161.823 995.198 0.676484
-6.44706 3.33931 319.856 -521.131 -2749.39 -0.690996 6.44656 -3.33332 -319.856 -368.018 1022.48 0.690996
-6.39642 5.13696 319.772 -776.829 -2741.92 -0.691013 6.39617 -5.12965 -319.772 -591.33 1028.49 0.691013
-6.24144 6.98668 319.742 -1040.4 -2687.05 -0.676643 6.24133 -6.97834 -319.742 -820.691 1015.04 0.676643
-6.02747 8.77402 319.722 -1294.72 -2590.13 -0.648325 6.02747 -8.76407 -319.722 -1042.59 975.395 0.648325
-5.76408 10.3482 319.686 -1518.69 -2454.12 -0.60685 5.76452 -10.3394 -319.686 -1238.39 909.927 0.60685
-5.39714 11.3936 319.634 -1667.28 -2273.05 -0.553376 5.39794 -11.3866 -319.634 -1368.72 827.13 0.553376
-4.9193 11.6251 319.622 -1700.46 -2046.49 -0.489365 4.91975 -11.6178 -319.622 -1397.21 728.619 0.489365
-4.38826 10.9432 319.643 -1604.39 -1782.69 -0.416512 4.38847 -10.9369 -319.643 -1311.65 607.148 0.416512
-3.84055 9.35587 319.71 -1378.18 -1493.6 -0.336721 3.83854 -9.35063 -319.71 -1114.88 465.175 0.336721
-3.26304 7.02155 319.813 -1042.19 -1183.76 -0.25208 3.25947 -7.01577 -319.813 -828.57 310.36 0.25208
-2.6774 4.33702 319.962 -654.009 -872.807 -0.164806 2.67308 -4.33137 -319.962 -501.182 156.503 0.164806
-2.00395 1.73517 320.009 -276.989 -561.888 -0.0771932 1.99789 -1.73015 -320.009 -184.748 26.1851 0.0771932
-1.29673 -0.449953 320.101 41.8261 -261.704 0.00844609 1.29022 0.454168 -320.101 78.7837 -84.6358 -0.00844609
-0.664322 -1.95395 320.159 261.985 4.79379 0.0898469 0.658156 1.95741 -320.159 259.42 -181.896 -0.0898469
-0.0840748 -2.65741 320.126 366.444 238.356 0.164834 0.0772367 2.66038 -320.126 342.401 -260.086 -0.164834
0.424687 -2.57094 320.107 356.204 433.025 0.231429 -0.431476 2.57293 -320.107 329.456 -318.649 -0.231429
0.831529 -1.88209 320.107 258.157 581.004 0.287973 -0.838262 1.88279 -320.107 243.707 -357.817 -0.287973
1.12275 -0.897954 320.085 116.787 678.047 0.333162 -1.12959 0.897844 -320.085 122.639 -376.985 -0.333162
1.27867 0.12305 320.068 -30.1938 719.823 0.366027 -1.28501 -0.122461 -320.068 -2.44528 -377.176 -0.366027
1.32869 1.08551 320.086 -169.276 711.018 0.385949 -1.33316 -1.08399 -320.086 -119.79 -355.334 -0.385949
1.29418 1.94885 320.111 -294.61 659.52 0.392663 -1.29779 -1.94782 -320.111 -224.651 -313.315 -0.392663
1.11167 2.62567 320.128 -393.177 566.73 0.386287 -1.11455 -2.62478 -320.128 -306.512 -269.524 -0.386287
0.767153 3.04366 320.157 -454.654 439.001 0.367284 -0.768492 -3.04257 -320.157 -356.424 -234.152 -0.367284
0.378965 3.16365 320.166 -473.345 295.236 0.336417 -0.378932 -3.16292 -320.166 -369.764 -194.401 -0.336417
0.00588871 2.93279 320.14 -441.262 149.239 0.294742 -0.00635005 -2.93225 -320.14 -340.33 -148.159 -0.294742
-0.426259 2.33487 320.123 -356.397 -1.07833 0.243589 0.425606 -2.33437 -320.123 -265.817 -113.378 -0.243589
-0.896546 1.41748 320.145 -225.942 -149.589 0.184513 0.896022 -1.41702 -320.145 -151.733 -90.6039 -0.184513
-1.31285 0.287475 320.087 -65.1467 -288.916 0.119245 1.31199 -0.287122 -320.087 -11.3248 -62.5509 -0.119245
-1.62521 -0.875782 320.054 100.67 -413.426 0.0496693 1.62448 0.876613 -320.054 133.004 -21.6559 -0.0496693
-1.82952 -1.79808 320.059 232.336 -518.844 -0.0222379 1.83045 1.79989 -320.059 247.318 28.7733 0.0222379
-1.93332 -2.19681 320.018 288.633 -599.057 -0.094528 1.93464 2.19845 -320.018 297.287 81.0106 0.094528
-2.01761 -1.93078 319.966 249.422 -658.369 -0.165346 2.01884 1.93242 -319.966 265.588 117.686 0.165346
-2.0937 -0.990161 319.969 113.559 -696.409 -0.232936 2.09548 0.992221 -319.969 150.778 135.269 0.232936
-2.09204 0.500778 319.966 -101.348 -707.438 -0.295665 2.092 -0.499449 -319.966 -31.8359 146.951 0.295665
-2.04664 2.24306 319.926 -352.106 -701.28 -0.35206 2.0445 -2.24205 -319.926 -245.542 153.189 0.35206
-2.02004 3.88168 319.93 -587.893 -693.801 -0.400856 2.01578 -3.88085 -319.93 -446.569 153.109 0.400856
-2.0398 5.08507 319.951 -760.826 -700.589 -0.441032 2.03229 -5.08486 -319.951 -594.495 155.053 0.441032
-2.07286 5.603 319.928 -835.392 -730.436 -0.471781 2.06491 -5.60319 -319.928 -658.041 176.051 0.471781
-2.03916 5.31097 319.943 -793.965 -782.132 -0.492462 2.03141 -5.31145 -319.943 -621.66 236.495 0.492462
-1.95208 4.23397 320.025 -639.634 -856.18 -0.502652 1.94582 -4.2348 -320.025 -488.951 333.236 0.502652
-1.95397 2.56683 320.077 -400.774 -960.29 -0.502225 1.94857 -2.56725 -320.077 -283.358 436.33 0.502225
-2.18208 0.62669 320.161 -123.253 -1101.63 -0.491403 2.17734 -0.626666 -320.161 -43.6516 516.333 0.491403
-2.57603 -1.24324 320.262 143.635 -1270.33 -0.470744 2.5732 1.2432 -320.262 187.906 579.302 0.470744
-2.92783 -2.75291 320.323 358.346 -1438.01 -0.441069 2.92652 2.75385 -320.323 375.751 652.526 0.441069
-3.23675 -3.61347 320.339 479.576 -1596.14 -0.403418 3.2351 3.6162 -320.339 484.156 727.89 0.403418
-3.74022 -3.62923 320.358 479.208 -1766.48 -0.359091 3.73772 3.63205 -320.358 488.744 763.736 0.359091
-4.43536 -2.87647 320.364 368.412 -1945.03 -0.309658 4.43355 2.87815 -320.364 398.737 756.553 0.309658
-5.04831 -1.70234 320.331 198.507 -2099.01 -0.25681 5.04623 1.70258 -320.331 255.474 746.898 0.25681
-5.45657 -0.477363 320.258 22.3926 -2211.57 -0.20218 5.45543 0.477376 -320.258 105.029 750.292 0.20218
-5.68451 0.468031 320.195 -113.441 -2274.76 -0.147357 5.68538 -0.470115 -320.195 -11.4227 752.327 0.147357
-5.82837 0.807798 320.154 -162.391 -2287.34 -0.0939534 5.8297 -0.811554 -320.154 -53.2649 726.519 0.0939534
-5.89687 0.357721 320.111 -98.0077 -2241.25 -0.0435405 5.90015 -0.361603 -320.111 2.30702 662.102 0.0435405
-5.71525 -0.816246 320.081 70.5817 -2110.51 0.00249731 5.72026 0.81195 -320.081 146.594 579.924 -0.00249731
-5.19023 -2.46686 320.121 309.352 -1882.75 0.0430596 5.19502 2.46334 -320.121 347.909 492.733 -0.0430596
-4.4298 -4.177 320.192 559.587 -1569.89 0.0773475 4.4353 4.17512 -320.192 553.736 383.272 -0.0773475
-3.53806 -5.47328 320.334 751.481 -1189.49 0.104783 3.54366 5.47118 -320.334 707.335 241.574 -0.104783
-2.416 -6.06539 320.377 842.384 -737.916 0.124976 2.42161 6.0638 -320.377 774.319 90.2751 -0.124976
-1.03456 -5.86879 320.412 821.399 -222.033 0.137844 1.04033 5.86672 -320.412 742.816 -56.0653 -0.137844
0.565664 -4.95498 320.551 697.955 347.389 0.143677 -0.559925 4.95222 -320.551 622.563 -197.497 -0.143677
2.32655 -3.52262 320.466 497.977 962.292 0.143036 -2.32094 3.52001 -320.466 440.735 -341.511 -0.143036
4.08608 -1.84006 320.586 260.331 1587.77 0.136672 -4.08187 1.83736 -320.586 229.855 -496.276 -0.136672
5.8537 -0.182208 320.733 25.7957 2215.06 0.12559 -5.85089 0.179433 -320.733 22.4525 -650.757 -0.12559
7.39379 1.18362 320.373 -168.216 2785.37 0.110993 -7.39162 -1.18689 -320.373 -147.685 -809.115 -0.110993
8.68296 1.96946 320.158 -278.347 3269.43 0.0940533 -8.68202 -1.97501 -320.158 -247.341 -948.184 -0.0940533
9.80459 1.97441 320.172 -276.132 3669.22 0.0758368 -9.80442 -1.9808 -320.172 -250.993 -1047.92 -0.0758368
10.6573 1.23576 320.074 -170.697 3963.13 0.0574798 -10.6579 -1.242 -320.074 -159.514 -1113.7 -0.0574798
11.0884 0.0141701 319.798 2.34534 4130.92 0.0401235 -11.0917 -0.0197282 -319.798 -6.83547 -1165.79 -0.0401235
11.015 -1.24716 319.686 180.986 4155.86 0.0246818 -11.0202 1.24413 -319.686 151.085 -1209.91 -0.0246818
10.5589 -2.08463 319.615 299.589 4040.59 0.0118193 -10.5651 2.08246 -319.615 255.837 -1216.32 -0.0118193
9.88996 -2.19524 319.398 315.464 3798.04 0.00205271 -9.89642 2.19512 -319.398 269.719 -1152.66 -0.00205271
8.9905 -1.47774 319.244 213.049 3427.41 -0.00425764 -8.99652 1.4784 -319.244 180.981 -1022.83 0.00425764
7.66437 -0.0698058 319.217 10.6183 2913.57 -0.00707439 -7.66887 0.0707014 -319.217 8.14676 -863.95 0.00707439
5.83876 1.7274 319.16 -249.021 2258.6 -0.00686437 -5.84269 -1.7249 -319.16 -211.055 -697.19 0.00686437
3.79634 3.64011 319.386 -530.426 1521.94 -0.0045695 -3.79887 -3.63668 -319.386 -439.357 -506.835 0.0045695
1.8073 5.30162 319.848 -778.046 767.168 -0.00136537 -1.80899 -5.29808 -319.848 -634.594 -284.223 0.00136537
-0.274757 6.3754 320.013 -939.522 -2.66587 0.00155389 0.273256 -6.37181 -320.013 -759.318 -71.3225 -0.00155389
-2.38961 6.65967 320.056 -987.451 -762.796 0.00298577 2.38858 -6.65634 -320.056 -787.179 123.095 -0.00298577
-4.48391 6.084 320.593 -911.356 -1505.6 0.0016234 4.48267 -6.08126 -320.593 -709.886 305.815 -0.0016234
-6.42144 4.73644 321.069 -722.793 -2203.82 -0.00389409 6.4211 -4.73317 -321.069 -539.157 485.693 0.00389409
-8.05614 2.94538 320.89 -468.955 -2827.84 -0.0146167 8.05856 -2.94104 -320.89 -315.417 672.043 0.0146167
-9.12403 1.19029 320.795 -220.404 -3319.46 -0.0309353 9.12819 -1.18588 -320.795 -96.1101 877.436 0.0309353
-9.88959 -0.193801 320.954 -25.1864 -3687.02 -0.0528046 9.8931 0.198533 -320.954 77.6687 1039.97 0.0528046
-10.6014 -0.989517 320.812 86.5576 -3950.41 -0.0801757 10.6039 0.99487 -320.812 178.122 1113.05 0.0801757
-11.0783 -1.11449 320.408 103.959 -4099.97 -0.112885 11.0804 1.11998 -320.408 194.055 1135.2 0.112885
-11.021 -0.672546 320.248 41.8731 -4115.77 -0.150242 11.0206 0.676419 -320.248 138.117 1166.52 0.150242
-10.5238 0.0370605 320.161 -57.7771 -4017.11 -0.19103 10.5212 -0.033935 -320.161 48.5106 1200.85 0.19103
-9.81982 0.725009 319.893 -154.407 -3836.19 -0.233863 9.81828 -0.722393 -319.893 -38.3117 1207.82 0.233863
-8.95405 1.20443 319.648 -221.78 -3585.13 -0.2774 8.95151 -1.20233 -319.648 -98.8049 1188.23 0.2774
-7.93166 1.42858 319.617 -253.006 -3270.95 -0.320232 7.92911 -1.42573 -319.617 -127.23 1147.3 0.320232
-6.8041 1.49385 319.531 -261.642 -2907.7 -0.360689 6.80161 -1.49117 -319.531 -136.016 1085.44 0.360689
-5.62217 1.4871 319.493 -258.918 -2509.66 -0.39688 5.61943 -1.48543 -319.493 -137.081 1003.42 0.39688
-4.49074 1.45333 319.547 -252.452 -2102.27 -0.42701 4.48809 -1.45281 -319.547 -134.705 898.596 0.42701
-3.4657 1.38316 319.673 -239.085 -1701.27 -0.449583 3.4631 -1.38273 -319.673 -129.39 771.855 0.449583
-2.4817 1.36138 319.763 -231.321 -1304.52 -0.463383 2.47952 -1.36095 -319.763 -131.363 638.377 0.463383
-1.54312 1.45983 319.895 -241.493 -918.631 -0.467435 1.54203 -1.4598 -319.895 -147.498 503.56 0.467435
-0.639196 1.65326 319.928 -265.705 -544.635 -0.461024 0.639006 -1.65362 -319.928 -174.912 371.404 0.461024
0.176827 1.7983 319.966 -282.196 -183.424 -0.443756 -0.176724 -1.79972 -319.966 -197.237 228.663 0.443756
0.801766 1.72346 320.069 -267.33 150.596 -0.415711 -0.802214 -1.72577 -320.069 -192.286 62.2731 0.415711
1.33334 1.27154 320.105 -199.629 466.844 -0.377533 -1.33317 -1.27417 -320.105 -139.572 -111.432 0.377533
1.92703 0.376472 320.074 -67.8769 775.138 -0.330217 -1.92643 -0.379763 -320.074 -32.8337 -260.667 0.330217
2.65527 -0.8872 320.217 117.885 1083.75 -0.274815 -2.6528 0.883548 -320.217 118.19 -374.613 0.274815
3.41499 -2.31227 320.313 326.083 1382.55 -0.212497 -3.41074 2.3083 -320.313 289.806 -470.393 0.212497
4.12878 -3.6425 320.307 519.898 1671.46 -0.144771 -4.1241 3.63811 -320.307 450.516 -568.37 0.144771
4.73551 -4.62629 320.332 662.889 1946.38 -0.0734221 -4.73015 4.62171 -320.332 569.733 -680.953 0.0734221
5.30186 -5.06193 320.342 725.985 2207.86 -0.000272082 -5.29599 5.05782 -320.342 622.823 -790.853 0.000272082
5.92604 -4.8315 320.323 692.633 2462.03 0.0729245 -5.92201 4.82743 -320.323 594.757 -877.777 -0.0729245
6.49327 -4.0095 320.251 574.615 2686.85 0.144424 -6.48964 4.00494 -320.251 493.598 -950.788 -0.144424
6.93311 -2.87992 320.144 413.154 2868.77 0.212394 -6.93061 2.87379 -320.144 353.748 -1014.85 -0.212394
7.24111 -1.85779 320.077 267.291 3000.29 0.274924 -7.24038 1.85112 -320.077 227.077 -1063.7 -0.274924
7.44723 -1.26324 320.034 182.731 3076.55 0.330226 -7.44643 1.25721 -320.034 153.239 -1084.84 -0.330226
7.64683 -1.23927 320.009 179.662 3103.89 0.376824 -7.64536 1.23308 -320.009 149.898 -1059.06 -0.376824
7.85188 -1.77089 320.015 256.122 3085.35 0.413551 -7.8491 1.76604 -320.015 215.329 -986.191 -0.413551
7.91076 -2.66945 320.023 384.911 3009.89 0.439454 -7.9078 2.66545 -320.023 326.175 -895.363 -0.439454
7.68326 -3.63679 320.022 523.501 2866.28 0.453785 -7.67969 3.63403 -320.022 445.605 -812.887 -0.453785
7.25151 -4.37854 320.033 629.88 2666.17 0.45609 -7.247 4.3761 -320.033 536.99 -728.514 -0.45609
6.78338 -4.73558 320.079 681.243 2429.89 0.446298 -6.77798 4.73243 -320.079 580.706 -617.769 -0.446298
6.31893 -4.66538 320.082 671.326 2170.27 0.42473 -6.31172 4.66288 -320.082 571.996 -482.887 -0.42473
5.79901 -4.16509 320.053 598.107 1895.79 0.39198 -5.79047 4.1627 -320.053 511.876 -347.916 -0.39198
5.15384 -3.32488 320.035 475.247 1612 0.34876 -5.1441 3.32241 -320.035 410.763 -236.976 -0.34876
4.49523 -2.27477 320.08 321.323 1344.37 0.295916 -4.48336 2.2734 -320.08 284.923 -145.86 -0.295916
3.96737 -1.08339 320.042 147.034 1116.13 0.234552 -3.95397 1.08366 -320.042 141.863 -59.1163 -0.234552
3.5588 0.272205 319.959 -50.9446 934.176 0.166073 -3.54536 -0.270006 -319.959 -21.2414 13.4525 -0.166073
3.17453 1.83075 319.985 -277.323 797.231 0.0920769 -3.16127 -1.82632 -319.985 -210.006 47.6686 -0.0920769
2.80074 3.58381 319.938 -531.366 704.821 0.0142322 -2.78758 -3.57886 -319.938 -423.184 40.2896 -0.0142322
2.58443 5.34843 319.869 -786.26 671.292 -0.0656899 -2.57172 -5.34392 -319.869 -638.725 16.199 0.0656899
2.5745 6.8762 319.856 -1006.47 698.997 -0.145645 -2.5631 -6.8714 -319.856 -825.72 -13.8657 0.145645
2.69073 8.00428 319.843 -1168.34 776.039 -0.2233 -2.68044 -7.99908 -319.843 -964.491 -59.5436 0.2233
2.87569 8.67998 319.782 -1264.06 890.254 -0.296327 -2.86623 -8.67487 -319.782 -1048.91 -124.003 0.296327
3.18069 8.94052 319.757 -1300.08 1041.59 -0.36264 -3.1728 -8.93534 -319.757 -1082.33 -193.413 0.36264
3.58215 8.86727 319.742 -1287.94 1216.99 -0.420231 -3.57663 -8.86177 -319.742 -1074.91 -261.032 0.420231
4.0352 8.59977 319.697 -1247.76 1398.33 -0.467075 -4.0304 -8.59433 -319.697 -1043.79 -321.06 0.467075
4.56199 8.24265 319.654 -1194.63 1577.83 -0.501441 -4.55827 -8.23763 -319.654 -1001.79 -359.585 0.501441
5.0621 7.84269 319.598 -1135.94 1733.52 -0.522123 -5.06019 -7.83831 -319.598 -953.956 -381.399 0.522123
5.3921 7.37251 319.507 -1067.5 1840.72 -0.528384 -5.39069 -7.36881 -319.507 -897.162 -400.333 0.528384
5.5557 6.76844 319.435 -980.04 1892.86 -0.519941 -5.55501 -6.76564 -319.435 -823.723 -408.659 0.519941
5.5874 5.97228 319.409 -865.311 1886.87 -0.496981 -5.58712 -5.96985 -319.409 -726.279 -394.206 0.496981
5.46245 5.00963 319.41 -726.822 1818.26 -0.460111 -5.46201 -5.00662 -319.41 -608.085 -359.116 0.460111
5.13151 4.01145 319.45 -583.832 1685.38 -0.410416 -5.13129 -4.00819 -319.45 -484.964 -314.753 0.410416
4.53029 3.10257 319.535 -454.148 1482.97 -0.349485 -4.53064 -3.09942 -319.535 -372.387 -272.987 0.349485
3.71989 2.35454 319.674 -347.929 1222.64 -0.279285 -3.72065 -2.35189 -319.674 -279.273 -229.211 0.279285
2.7967 1.79854 319.864 -271.414 917.711 -0.20205 -2.7981 -1.79662 -319.864 -207.668 -170.98 0.20205
1.77105 1.37171 319.996 -212.854 574.086 -0.120242 -1.77314 -1.37023 -319.996 -152.503 -101.468 0.120242
0.664928 1.02326 320.092 -165.442 202.542 -0.0364659 -0.666093 -1.02277 -320.092 -107.155 -25.7799 0.0364659
-0.428283 0.715215 320.275 -125.533 -174.137 0.046628 0.427901 -0.714211 -320.275 -64.8723 58.4566 -0.046628
-1.52321 0.42943 320.437 -89.9077 -552.044 0.126331 1.52302 -0.42826 -320.437 -24.2829 143.545 -0.126331
-2.61074 0.156519 320.49 -54.8452 -913.712 0.199913 2.61072 -0.155022 -320.49 13.455 214.412 -0.199913
-3.72906 -0.0153626 320.563 -34.5484 -1260.79 0.264897 3.72776 0.0186749 -320.563 39.2276 262.751 -0.264897
-4.84064 -0.0419866 320.62 -34.9958 -1586.85 0.3192 4.83811 0.0447527 -320.62 46.7072 291.952 -0.3192
-5.81784 0.0139973 320.592 -47.3666 -1874.36 0.36095 5.81469 -0.0120254 -320.592 44.0576 318.434 -0.36095
-6.58418 -0.064008 320.487 -38.7823 -2112.44 0.388479 6.58042 0.0648403 -320.487 56.119 351.78 -0.388479
-7.15492 -0.490099 320.445 20.6172 -2299.21 0.400637 7.15178 0.488163 -320.445 109.933 385.901 -0.400637
-7.50853 -1.47351 320.424 159.906 -2423.82 0.396867 7.50556 1.47036 -320.424 232.624 415.931 -0.396867
-7.6333 -2.99926 320.356 377.241 -2479.27 0.377103 7.63132 2.99637 -320.356 422.032 437.839 -0.377103
-7.50669 -4.76902 320.345 630.11 -2458.8 0.341762 7.50551 4.76697 -320.345 641.027 451.019 -0.341762
-7.13791 -6.30989 320.358 851.456 -2361.46 0.291726 7.13657 6.30966 -320.358 830.661 452.18 -0.291726
-6.56691 -7.09071 320.312 965.875 -2194.32 0.228314 6.56579 7.09245 -320.312 924.635 437.551 -0.228314
-5.78237 -6.75449 320.253 921.399 -1963.98 0.153328 5.78178 6.75538 -320.253 879.367 416.76 -0.153328
-4.77602 -5.32529 320.179 721.611 -1678.79 0.0689933 4.77602 5.32574 -320.179 698.116 400.349 -0.0689933
-3.62273 -3.109 320.185 408.349 -1352.58 -0.0221828 3.62325 3.10785 -320.185 420.379 382.224 0.0221828
-2.36477 -0.679387 320.128 63.4447 -990.38 -0.117449 2.36567 0.675714 -320.128 117.299 356.107 0.117449
-1.11259 1.3513 320.018 -224.134 -615.3 -0.213854 1.11359 -1.35495 -320.018 -136.429 315.672 0.213854
0.158622 2.57044 319.925 -394.926 -229.761 -0.30836 -0.15822 -2.57474 -319.925 -290.711 269.961 0.30836
1.36065 2.837 319.931 -428.79 143.729 -0.397873 -1.36072 -2.84066 -319.931 -327.828 217.813 0.397873
2.44603 2.26111 319.958 -342.837 490.833 -0.479241 -2.44608 -2.26398 -319.958 -260.174 160.828 0.479241
3.35478 1.12056 319.901 -175.717 792.872 -0.549467 -3.35529 -1.12295 -319.901 -123.215 101.789 0.549467
4.02579 -0.191083 319.933 15.8814 1035.69 -0.605996 -4.02712 0.189746 -319.933 34.949 38.5218 0.605996
4.40232 -1.23281 319.968 167.893 1202.99 -0.646644 -4.40347 1.23252 -319.968 160.754 -28.0028 0.646644
4.58888 -1.6216 319.85 224.722 1301.75 -0.6695 -4.58861 1.62229 -319.85 207.685 -76.9482 0.6695
4.70102 -1.1768 319.805 160.905 1347.58 -0.673211 -4.69947 1.17745 -319.805 152.929 -92.9331 0.673211
4.66524 0.0424602 319.791 -15.0967 1341.87 -0.657213 -4.66253 -0.0416934 -319.791 3.94301 -96.9167 0.657213
4.38617 1.69863 319.711 -254.819 1285.34 -0.621686 -4.38212 -1.69995 -319.711 -198.078 -115.024 0.621686
3.85233 3.13511 319.638 -463.446 1182.85 -0.567533 -3.85046 -3.14059 -319.638 -372.908 -154.671 0.567533
3.17747 3.66806 319.667 -541.45 1048.36 -0.496341 -3.17546 -3.67335 -319.667 -436.936 -200.277 0.496341
2.58893 3.09536 319.74 -459.929 907.11 -0.410308 -2.58584 -3.09899 -319.74 -365.572 -216.315 0.410308
2.14244 1.64231 319.841 -250.984 769.974 -0.312243 -2.13961 -1.64544 -319.841 -187.124 -198.474 0.312243
1.62489 -0.244092 319.974 20.9291 623.219 -0.205458 -1.62209 0.243171 -319.974 44.0977 -189.99 0.205458
0.939698 -1.96735 320.117 268.898 464.586 -0.09359 -0.936713 1.96815 -320.117 255.71 -214.321 0.09359
0.263856 -3.0363 320.216 421.615 315.68 0.0195334 -0.260748 3.03632 -320.216 387.833 -245.846 -0.0195334
-0.212981 -3.28257 320.274 455.608 199.178 0.130116 0.216227 3.28299 -320.274 419.542 -256.693 -0.130116
-0.50569 -2.75275 320.275 378.13 117.913 0.234591 0.50843 2.75311 -320.275 355.785 -253.557 -0.234591
-0.732549 -1.65525 320.248 219.29 63.4701 0.329586 0.734699 1.6555 -320.248 222.064 -259.601 -0.329586
-0.900965 -0.300417 320.2 23.7855 35.7208 0.411972 0.902912 0.301318 -320.2 56.5124 -276.736 -0.411972
-0.890715 1.05665 320.132 -171.637 45.294 0.479146 0.892324 -1.05443 -320.132 -109.629 -283.489 -0.479146
-0.638663 2.24474 320.101 -342.719 97.0546 0.529202 0.640309 -2.24238 -320.101 -255.224 -267.979 -0.529202
-0.223885 3.10283 320.069 -465.928 181.323 0.560807 0.225766 -3.1002 -320.069 -360.71 -241.582 -0.560807
0.233034 3.54035 320.058 -528.128 283.975 0.573045 -0.23143 -3.53741 -320.058 -415.096 -222.22 -0.573045
0.649419 3.53809 320.086 -526.766 391.567 0.565507 -0.64863 -3.5359 -320.086 -415.959 -218.499 -0.565507
1.0374 3.1178 320.129 -464.921 497.525 0.538432 -1.03695 -3.1156 -320.129 -365.773 -220.774 -0.538432
1.46016 2.38974 320.183 -358.911 600.755 0.492714 -1.45975 -2.38744 -320.183 -277.699 -211.118 -0.492714
1.91502 1.55311 320.215 -237.232 697.36 0.429846 -1.91435 -1.55017 -320.215 -176.285 -186.361 -0.429846
2.32016 0.852696 320.225 -135.426 777.794 0.351843 -2.31821 -0.849299 -320.225 -91.3312 -158.859 -0.351843
2.65467 0.492553 320.217 -83.0255 842.248 0.261187 -2.65104 -0.488951 -320.217 -47.7068 -134.282 -0.261187
2.97584 0.595097 320.177 -97.4661 901.474 0.160835 -2.97009 -0.590895 -320.177 -60.5221 -108.102 -0.160835
3.24676 1.21051 320.093 -186.055 956.415 0.0541628 -3.2422 -1.2058 -320.093 -135.911 -90.5804 -0.0541628
3.32762 2.30144 319.981 -343.422 991.504 -0.0551996 -3.32375 -2.29629 -319.981 -269.284 -103.925 0.0551996
3.2776 3.74127 319.885 -550.998 1007.56 -0.163569 -3.27364 -3.73559 -319.885 -445.437 -133.236 0.163569
3.30437 5.37432 319.789 -786.678 1021.7 -0.267351 -3.30105 -5.36792 -319.789 -644.965 -140.108 0.267351
3.3873 7.03175 319.676 -1025.66 1028.54 -0.363171 -3.38477 -7.02465 -319.676 -847.691 -124.732 0.363171
3.33507 8.57739 319.581 -1248.55 1006.27 -0.448067 -3.33405 -8.5697 -319.581 -1036.73 -116.234 0.448067
3.05622 9.90975 319.526 -1440.73 940.886 -0.519575 -3.05653 -9.9013 -319.526 -1199.6 -125.11 0.519575
2.65371 10.9789 319.478 -1595.32 835.398 -0.575669 -2.6549 -10.9701 -319.478 -1329.95 -127 0.575669
2.2311 11.6975 319.429 -1699.99 695.481 -0.614799 -2.23429 -11.6898 -319.429 -1416.97 -99.7892 0.614799
1.65472 11.8658 319.421 -1726.28 503.601 -0.636053 -1.66071 -11.8606 -319.421 -1435.87 -61.6262 0.636053
0.777866 11.1829 319.476 -1630.45 240.942 -0.63919 -0.785598 -11.1808 -319.476 -1350.08 -33.0595 0.63919
-0.286093 9.41732 319.586 -1378.29 -85.1499 -0.624555 0.277896 -9.41717 -319.586 -1131.85 8.73692 0.624555
-1.28773 6.572 319.739 -971.668 -444.498 -0.593038 1.2808 -6.57382 -319.739 -780.285 100.005 0.593038
-2.18715 2.87381 320.031 -443.399 -819.78 -0.546038 2.18148 -2.87645 -320.031 -322.862 234.331 0.546038
-3.19991 -1.23046 320.365 142.244 -1220.07 -0.485452 3.19533 1.22759 -320.365 185.511 363.433 0.485452
-4.41402 -5.15552 320.679 700.481 -1638.82 -0.413721 4.41078 5.15319 -320.679 673.629 457.304 0.413721
-5.66077 -8.21204 320.85 1131.29 -2050.81 -0.333806 5.65885 8.21162 -320.85 1057.84 535.799 0.333806
-6.68687 -9.82728 320.817 1354.27 -2418.23 -0.24898 6.68559 9.82852 -320.817 1265.67 628.73 0.24898
-7.44081 -9.71646 320.831 1332.28 -2718.11 -0.162571 7.4403 9.71758 -320.831 1258.11 726.778 0.162571
-8.0431 -8.03375 320.688 1089.21 -2953.64 -0.0778058 8.04314 8.03432 -320.688 1052.56 801.119 0.0778058
-8.50944 -5.27823 320.465 696.376 -3115.99 0.00230103 8.51 5.27765 -320.465 710.717 838.73 -0.00230103
-8.75679 -2.13678 320.263 249.584 -3191.41 0.0750492 8.75811 2.13457 -320.263 319.893 847.964 -0.0750492
-8.66298 0.704423 320.073 -154.062 -3162.38 0.13813 8.66499 -0.706126 -320.073 -33.7564 843.927 -0.13813
-8.2166 2.78871 319.817 -450.147 -3026.47 0.189728 8.22012 -2.79004 -319.817 -293.218 827.111 -0.189728
-7.45397 3.8814 319.708 -604.978 -2785.36 0.22863 7.45876 -3.88239 -319.708 -429.614 789.66 -0.22863
-6.45274 3.96413 319.702 -616.503 -2444.64 0.254156 6.45719 -3.96418 -319.702 -440.018 716.661 -0.254156
-5.40033 3.12739 319.822 -494.772 -2032.16 0.266013 5.40389 -3.12799 -319.822 -338.785 585.868 -0.266013
-4.24196 1.53771 319.972 -262.198 -1556.03 0.264347 4.24522 -1.5391 -319.972 -147.729 419.791 -0.264347
-2.79368 -0.572569 320.306 47.8034 -1009.89 0.249854 2.79606 0.571213 -320.306 104.775 261.19 -0.249854
-1.13097 -2.84496 320.504 383.354 -421.797 0.22373 1.13212 2.84377 -320.504 374.955 117.934 -0.22373
0.552444 -4.83041 320.675 677.334 180.542 0.187528 -0.552643 4.82994 -320.675 610.293 -34.0004 -0.187528
2.09465 -6.17468 320.654 878.356 763.628 0.143058 -2.09614 6.17365 -320.654 767.506 -204.347 -0.143058
3.60274 -6.63656 320.795 949.334 1324.11 0.0923163 -3.60487 6.63524 -320.795 819.596 -361.377 -0.0923163
5.12456 -6.20554 320.748 889.978 1844.39 0.0375527 -5.12653 6.20371 -320.748 763.981 -474.81 -0.0375527
6.55052 -4.98614 320.457 715.045 2304.82 -0.0187123 -6.55276 4.9833 -320.457 613.731 -554.102 0.0187123
7.55608 -3.22386 320.206 461.66 2658.12 -0.0739706 -7.55819 3.22178 -320.206 397.459 -638.572 0.0739706
8.09748 -1.04954 319.976 150.213 2890.74 -0.126077 -8.09879 1.05009 -319.976 129.665 -726.387 0.126077
8.41147 1.57476 319.763 -224.717 3026.27 -0.173257 -8.41176 -1.57102 -319.763 -194.52 -778.002 0.173257
8.58292 4.61546 319.607 -658.453 3076.3 -0.21388 -8.58202 -4.61131 -319.607 -571.265 -782.37 0.21388
8.48258 7.76297 319.44 -1108.25 3034.39 -0.246404 -8.48166 -7.75977 -319.44 -960.602 -767.295 0.246404
7.97981 10.5348 319.27 -1505.68 2893.56 -0.269642 -7.97879 -10.5307 -319.27 -1301.9 -760.753 0.269642
7.17408 12.5022 319.194 -1790.57 2669.24 -0.282974 -7.1727 -12.4989 -319.194 -1541.54 -751.672 0.282974
6.29845 13.241 319.167 -1901.05 2392.47 -0.286205 -6.29737 -13.2389 -319.167 -1628.15 -708.852 0.286205
5.40349 12.4444 319.16 -1791.44 2074.74 -0.279338 -5.40305 -12.4429 -319.16 -1525.48 -630.326 0.279338
4.34873 10.1003 319.203 -1459.42 1706.57 -0.262648 -4.34955 -10.0999 -319.203 -1232.79 -544.007 0.262648
3.09102 6.43034 319.516 -934.776 1288.78 -0.236925 -3.09301 -6.43109 -319.516 -779.32 -462.279 0.236925
1.76527 1.90925 319.874 -287.4 841.013 -0.203504 -1.76742 -1.91125 -319.874 -221.715 -368.951 0.203504
0.469178 -2.86253 320.11 397.488 375.072 -0.164086 -0.471833 2.85975 -320.11 365.265 -249.596 0.164086
-0.716909 -7.09837 320.273 1000.63 -86.911 -0.120537 0.714044 7.09597 -320.273 891.297 -104.99 0.120537
-1.97144 -10.172 320.547 1435.35 -561.859 -0.0748192 1.96903 10.17 -320.547 1275.97 34.2342 0.0748192
-3.25963 -11.6066 320.854 1633.78 -1035.71 -0.0290785 3.25791 11.6038 -320.854 1459.85 163.385 0.0290785
-4.40259 -11.3051 320.624 1581.71 -1479.61 0.0143331 4.40315 11.3022 -320.624 1431.56 301.153 -0.0143331
-5.29363 -9.53537 320.684 1320.85 -1874.5 0.0531409 5.29601 9.53214 -320.684 1220.65 457.245 -0.0531409
-5.94314 -6.78482 320.593 921.515 -2202.03 0.0855179 5.94609 6.78077 -320.593 886.691 610.707 -0.0855179
-6.46714 -3.74094 320.428 483.623 -2451.74 0.11012 6.47009 3.73663 -320.428 513.171 720.088 -0.11012
-6.95023 -1.0453 320.315 98.1209 -2628.6 0.125793 6.95239 1.04054 -320.315 180.058 767.857 -0.125793
-7.26211 0.797515 320.209 -165.08 -2725.49 0.131539 7.26317 -0.802857 -320.209 -48.0431 781.559 -0.131539
-7.22314 1.45076 320.17 -258.121 -2731.54 0.126873 7.22299 -1.45645 -320.17 -129.177 798.116 -0.126873
-6.88693 0.804916 320.231 -165.427 -2659.26 0.111942 6.88551 -0.811034 -320.231 -49.7725 815.742 -0.111942
-6.45847 -1.01616 320.31 95.1419 -2535.65 0.0872578 6.45661 1.00963 -320.31 175.032 806.652 -0.0872578
-6.01191 -3.67644 320.377 476.166 -2374.11 0.0535427 6.00983 3.66993 -320.377 503.14 764.548 -0.0535427
-5.41589 -6.69665 320.465 910.67 -2164.2 0.0118438 5.41452 6.68994 -320.465 873.677 713.888 -0.0118438
-4.5882 -9.55238 320.515 1323.71 -1901.27 -0.0363425 4.58856 9.54539 -320.515 1221.82 671.91 0.0363425
-3.63596 -11.7555 320.417 1643.64 -1602.87 -0.0890772 3.63709 11.7486 -320.417 1489.15 627.885 0.0890772
-2.76809 -12.942 320.441 1819.17 -1293.81 -0.144176 2.76925 12.9357 -320.441 1629.97 550.915 0.144176
-2.0344 -12.9022 320.419 1819.25 -980.685 -0.199453 2.03514 12.896 -320.419 1619.29 434.275 0.199453
-1.32625 -11.648 320.167 1645.03 -660.791 -0.252761 1.32673 11.6419 -320.167 1459.18 304.088 0.252761
-0.441495 -9.36903 320.189 1322.02 -318.875 -0.30194 0.44279 9.36389 -320.189 1174.81 198.81 0.30194
0.561698 -6.40213 320.285 900.445 33.026 -0.34489 -0.5601 6.39816 -320.285 805.677 115.18 0.34489
1.48392 -3.07776 320.032 426.806 373.519 -0.379738 -1.48228 3.07483 -320.032 393.298 21.4065 0.379738
2.24499 0.269991 319.973 -53.6213 698.214 -0.405008 -2.24304 -0.271499 -319.973 -18.4663 -99.5787 0.405008
2.88678 3.28077 320.112 -485.363 1001.67 -0.419751 -2.88531 -3.28141 -320.112 -389.167 -231.057 0.419751
3.54326 5.66731 320.109 -826.392 1289.29 -0.423396 -3.54229 -5.66846 -320.109 -684.368 -342.848 0.423396
4.2182 7.12218 319.962 -1033.45 1554.08 -0.415475 -4.218 -7.1246 -319.962 -865.294 -426.965 0.415475
4.7915 7.41867 319.967 -1074.24 1775.57 -0.395764 -4.79188 -7.42188 -319.967 -903.645 -495.013 0.395764
5.18327 6.49327 319.977 -939.35 1941.46 -0.364608 -5.18413 -6.49682 -319.977 -791.913 -556.006 0.364608
5.37772 4.54859 319.882 -657.938 2042.94 -0.322835 -5.379 -4.55125 -319.882 -554.837 -605.338 0.322835
5.42049 2.06566 319.847 -299.669 2078.65 -0.271521 -5.42193 -2.06602 -319.847 -250.952 -629.538 0.271521
5.33359 -0.304859 319.877 41.7453 2048.29 -0.211988 -5.33546 0.306419 -319.877 39.7738 -622.359 0.211988
5.07011 -2.06131 319.823 294.32 1947.49 -0.145866 -5.07198 2.06214 -319.823 255.302 -592.034 0.145866
4.58097 -3.0599 319.735 437.482 1774.46 -0.0751516 -4.58278 3.0593 -319.735 378.136 -549.802 0.0751516
3.89408 -3.41451 319.731 487.362 1538.59 -0.00221515 -3.89667 3.4131 -319.731 422.676 -497.462 0.00221515
3.06393 -3.30836 319.819 469.651 1249.54 0.0704095 -3.06717 3.3061 -319.819 411.987 -430.286 -0.0704095
2.11591 -3.02385 319.811 425.701 912.429 0.14026 -2.11854 3.01928 -319.811 379.798 -346.771 -0.14026
1.12487 -2.78063 319.925 387.168 542.785 0.204965 -1.12741 2.77776 -319.925 353.736 -242.218 -0.204965
0.0892014 -2.54862 320.062 349.136 154.014 0.262173 -0.0919055 2.54683 -320.062 330.079 -130.475 -0.262173
-1.04209 -2.22038 320.179 296.031 -249.198 0.309661 1.04015 2.21822 -320.179 295.655 -29.9362 -0.309661
-2.20267 -1.77988 320.406 226.777 -659.196 0.345623 2.2016 1.77864 -320.406 247.625 69.5718 -0.345623
-3.17845 -1.17999 320.529 135.035 -1035.15 0.368799 3.17815 1.17978 -320.529 179.61 184.332 -0.368799
-4.11068 -0.398304 320.57 18.4909 -1388.27 0.378272 4.11071 0.398582 -320.57 87.8623 288.022 -0.378272
-5.08369 0.503005 320.677 -115.533 -1713.89 0.373363 5.08248 -0.503002 -320.677 -18.3933 353.672 -0.373363
-6.05275 1.25805 320.685 -226.9 -2001.83 0.353813 6.05026 -1.25897 -320.685 -108.409 382.84 -0.353813
-6.85093 1.55815 320.523 -271.412 -2238.13 0.319913 6.84722 -1.56005 -320.523 -144.017 406.028 -0.319913
-7.35599 1.11896 320.449 -209.194 -2412.7 0.272437 7.35091 -1.12207 -320.449 -89.3237 445.741 -0.272437
-7.59497 -0.210955 320.461 -19.9242 -2526.84 0.212551 7.59017 0.206493 -320.461 75.7348 495.822 -0.212551
-7.62391 -2.40549 320.338 292.979 -2583.96 0.141755 7.61965 2.40064 -320.338 347.764 544.957 -0.141755
-7.49035 -5.11217 320.246 678.966 -2587.82 0.0618777 7.48549 5.10848 -320.246 683.432 584.409 -0.0618777
-7.27294 -7.71424 320.304 1050.46 -2550.15 -0.0249113 7.26721 7.71206 -320.304 1005.76 604.829 0.0249113
-6.99717 -9.51743 320.281 1308.25 -2482.14 -0.116194 6.99064 9.516 -320.281 1228.73 610.533 0.116194
-6.63546 -10.0122 320.187 1380.51 -2391.23 -0.209429 6.62796 10.0114 -320.187 1288.43 616.336 0.209429
-6.18753 -8.96179 320.177 1232.94 -2287.58 -0.302006 6.18005 8.96116 -320.177 1156.03 632.264 0.302006
-5.64931 -6.47863 320.206 880.294 -2174.62 -0.391309 5.64326 6.47801 -320.206 846.752 662.783 0.391309
-5.00581 -2.98081 320.108 381.236 -2046.81 -0.474805 5.00175 2.98069 -320.108 413.491 706.45 0.474805
-4.32279 0.909864 320.041 -174.187 -1905.88 -0.550115 4.32132 -0.90947 -320.041 -68.1236 747.475 0.550115
-3.66474 4.57896 319.95 -697.224 -1751.45 -0.615073 3.66493 -4.577 -319.95 -522.922 768.547 0.615073
-3.08136 7.5443 319.917 -1119.73 -1584.69 -0.667693 3.08164 -7.54131 -319.917 -890.731 757.663 0.667693
-2.60364 9.45764 319.819 -1392.67 -1410.83 -0.706211 2.60303 -9.45445 -319.819 -1127.79 711.698 0.706211
-2.17257 10.0765 319.712 -1480.71 -1231.94 -0.729257 2.17233 -10.0737 -319.712 -1204.76 648.146 0.729257
-1.69118 9.29551 319.767 -1367.6 -1045.48 -0.735855 1.69054 -9.29442 -319.767 -1109.93 590.539 0.735855
-1.21404 7.21709 319.814 -1068.26 -861.452 -0.725275 1.21304 -7.21651 -319.814 -855.316 534.209 0.725275
-0.773579 4.2091 319.859 -634.453 -682.228 -0.697099 0.774914 -4.20826 -319.859 -487.281 472.542 0.697099
-0.350168 0.876576 319.966 -153.113 -504.553 -0.651413 0.35197 -0.875921 -319.966 -80.3351 408.127 0.651413
0.0232354 -2.18878 320.045 290.741 -327.272 -0.588849 -0.0214657 2.18889 -320.045 292.83 330.854 0.588849
0.271209 -4.51943 320.077 628.417 -160.44 -0.510573 -0.268292 4.51888 -320.077 576.316 230.461 0.510573
0.496819 -5.92553 320.156 832.205 4.58572 -0.418293 -0.494628 5.92268 -320.156 747.024 126.176 0.418293
0.73419 -6.51162 320.112 918.44 170.277 -0.314222 -0.733016 6.50699 -320.112 816.775 24.3986 0.314222
0.905187 -6.44188 320.097 910.708 323.111 -0.201092 -0.904304 6.43766 -320.097 805.964 -82.319 0.201092
1.05681 -5.79949 320.154 820.455 468.298 -0.082178 -1.0554 5.79555 -320.154 725.014 -186.684 0.082178
1.24471 -4.73135 320.152 668.495 610.641 0.0388401 -1.24349 4.72608 -320.152 592.069 -278.464 -0.0388401
1.44202 -3.51827 320.15 494.919 749.909 0.158135 -1.4407 3.51259 -320.15 442.23 -364.721 -0.158135
1.60615 -2.41473 320.227 337.134 883.266 0.271848 -1.60457 2.40943 -320.227 305.904 -453.948 -0.271848
1.74523 -1.55007 320.242 213.959 1010.6 0.376166 -1.74391 1.5451 -320.242 198.639 -543.767 -0.376166
1.88057 -0.945121 320.245 128.24 1132.47 0.467549 -1.88028 0.941539 -320.245 123.287 -629.038 -0.467549
1.99348 -0.502163 320.285 66.0783 1242.72 0.542928 -1.99512 0.500344 -320.285 67.606 -708.572 -0.542928
2.08957 -0.0629058 320.271 3.93487 1334.57 0.599785 -2.09256 0.0619454 -320.271 12.7744 -774.34 -0.599785
2.2032 0.452338 320.169 -69.5634 1403.2 0.636275 -2.20746 -0.452439 -320.169 -50.9565 -812.311 -0.636275
2.34163 1.06629 320.064 -157.726 1441.8 0.651327 -2.34702 -1.06533 -320.064 -126.307 -813.776 -0.651327
2.45136 1.73386 319.955 -254.192 1438.82 0.644619 -2.45706 -1.73307 -319.955 -207.811 -781.564 -0.644619
2.49615 2.22575 319.822 -325.912 1387.57 0.616557 -2.50179 -2.22711 -319.822 -267.494 -718.578 -0.616557
2.43957 2.17134 319.74 -319.078 1284.07 0.568234 -2.44582 -2.1741 -319.74 -260.008 -630.434 -0.568234
2.21325 1.25641 319.758 -188.948 1120.35 0.501367 -2.21944 -1.26143 -319.758 -146.553 -527.548 -0.501367
1.81265 -0.601979 319.891 76.3315 897.551 0.418193 -1.81855 0.597194 -319.891 83.5734 -412.209 -0.418193
1.28835 -3.1096 320.059 435.939 623.046 0.321387 -1.29343 3.10664 -320.059 392.642 -278.35 -0.321387
0.731482 -5.6299 320.284 795.238 316.906 0.213955 -0.735331 5.62707 -320.284 705.18 -121.716 -0.213955
0.0723689 -7.58406 320.478 1070.95 -20.3004 0.0991015 -0.0755027 7.58254 -320.478 950.553 38.7165 -0.0991015
-0.746308 -8.42527 320.598 1186.67 -388.559 -0.0199065 0.744218 8.4265 -320.598 1059.45 187.585 0.0199065
-1.66343 -7.72615 320.841 1081.03 -773.313 -0.139808 1.66217 7.72857 -320.841 978.903 326.729 0.139808
-2.59234 -5.49505 320.707 755.019 -1158.54 -0.257386 2.59102 5.49588 -320.707 709.997 463.342 0.257386
-3.57489 -2.22442 320.664 280.194 -1542.58 -0.369558 3.57143 2.22561 -320.664 313.063 584.797 0.369558
-4.69802 1.42175 320.747 -246.714 -1933.56 -0.473482 4.69266 -1.42023 -320.747 -131.897 675.726 0.473482
-5.80367 4.72122 320.534 -719.477 -2312.54 -0.566615 5.7979 -4.72068 -320.534 -538.771 759.147 0.566615
-6.72226 7.02061 320.319 -1046.12 -2661.72 -0.646714 6.71604 -7.02044 -320.319 -825.105 862.651 0.646714
-7.44882 7.86921 320.289 -1164.01 -2977.76 -0.711871 7.44302 -7.8692 -320.289 -933.442 984.129 0.711871
-8.09389 7.17613 320.271 -1063.88 -3260.56 -0.760614 8.08974 -7.17645 -320.271 -848.866 1093.99 0.760614
-8.67485 5.16843 320.186 -777.909 -3501.51 -0.791983 8.67254 -5.16769 -320.186 -599.511 1179.2 0.791983
-9.09704 2.3906 320.134 -384.563 -3679.76 -0.805519 9.09644 -2.38901 -320.134 -252.268 1244.2 0.805519
-9.32106 -0.433531 320.158 14.4532 -3782.48 -0.80116 9.32087 0.436755 -320.158 101.75 1286.85 0.80116
-9.43419 -2.60942 320.114 321.222 -3815.37 -0.779228 9.43376 2.61336 -320.114 375.094 1289.54 0.779228
-9.44798 -3.69179 320.012 473.497 -3779.83 -0.740506 9.44815 3.69522 -320.012 511.271 1250.38 0.740506
-9.2409 -3.57054 319.893 456.193 -3664.81 -0.686274 9.24112 3.57389 -319.893 496.239 1190.9 0.686274
-8.77331 -2.37399 319.799 287.402 -3466.61 -0.618257 8.77323 2.37722 -319.799 346.05 1117.93 0.618257
-8.13613 -0.366993 319.692 3.2776 -3195.57 -0.538561 8.13574 0.371141 -319.692 95.2971 1017.5 0.538561
-7.41174 2.10718 319.612 -348.276 -2862.71 -0.449618 7.41107 -2.10268 -319.612 -212.632 878.672 0.449618
-6.56827 4.65133 319.532 -711.145 -2473.22 -0.354123 6.56691 -4.64665 -319.532 -527.919 715.161 0.354123
-5.63436 6.8657 319.538 -1025.75 -2045.46 -0.254892 5.63236 -6.86048 -319.538 -803.519 537.589 0.254892
-4.55303 8.44303 319.605 -1249.51 -1584.17 -0.154702 4.55124 -8.43968 -319.605 -1000.47 365.76 0.154702
-3.26469 9.07162 319.62 -1336.45 -1085.26 -0.0561902 3.26329 -9.06928 -319.62 -1081.23 211.505 0.0561902
-1.98147 8.58708 319.69 -1262.75 -580.729 0.0382268 1.98011 -8.58627 -319.69 -1025.99 50.3525 -0.0382268
-0.737002 6.9947 319.871 -1029.42 -71.6219 0.126418 0.735689 -6.99514 -319.871 -835.04 -125.689 -0.126418
0.494495 4.53517 320.052 -669.837 438.646 0.206526 -0.496348 -4.53438 -320.052 -538.858 -306.291 -0.206526
1.73159 1.73033 320.196 -260.017 938.009 0.276952 -1.73395 -1.72987 -320.196 -201.077 -474.559 -0.276952
2.95797 -0.945823 320.48 131.306 1410.76 0.336407 -2.96184 0.945967 -320.48 120.897 -619.043 -0.336407
4.04446 -3.06245 320.548 439.44 1831.24 0.383996 -4.0502 3.06293 -320.548 377.007 -748.641 -0.383996
4.84239 -4.35321 320.379 626.3 2166.6 0.419172 -4.84839 4.35351 -320.379 534.184 -870.431 -0.419172
5.51162 -4.74555 320.372 682.37 2422.77 0.441653 -5.51691 4.74506 -320.372 582.592 -947.703 -0.441653
6.16182 -4.42034 320.35 635.263 2607.14 0.451428 -6.16576 4.41861 -320.35 542.846 -958.562 -0.451428
6.64991 -3.66585 320.12 527.203 2709.18 0.448775 -6.65263 3.66323 -320.12 449.669 -930.511 -0.448775
6.782 -2.81955 319.947 405.915 2715.85 0.434226 -6.78445 2.81503 -319.947 345.111 -902.043 -0.434226
6.5751 -2.12055 319.918 305.859 2631.74 0.408524 -6.5762 2.11735 -319.918 259.017 -873.476 -0.408524
6.25164 -1.55655 319.851 224.748 2482.92 0.372605 -6.25165 1.55451 -319.851 189.944 -811.4 -0.372605
5.89853 -1.03869 319.787 149.817 2283.19 0.327636 -5.89789 1.03599 -319.787 126.747 -706.424 -0.327636
5.38413 -0.556032 319.826 78.3738 2027.06 0.274966 -5.38267 0.553761 -319.826 69.5942 -588.19 -0.274966
4.64913 -0.133001 319.821 14.9811 1721.72 0.216032 -4.64738 0.131132 -319.821 20.283 -479.556 -0.216032
3.77237 0.205326 319.928 -36.3087 1383.29 0.152293 -3.77006 -0.207525 -319.928 -18.6491 -375.735 -0.152293
2.90101 0.411534 320.013 -69.8825 1035.19 0.0852345 -2.89807 -0.41303 -320.013 -39.9388 -260.867 -0.0852345
2.06367 0.452481 320.069 -79.4603 684.494 0.0163967 -2.06022 -0.452983 -320.069 -41.1345 -134.343 -0.0163967
1.26835 0.361861 320.077 -69.1173 344.027 -0.0526801 -1.26442 -0.361846 -320.077 -27.2452 -6.84029 0.0526801
0.447934 0.148347 320.127 -41.9517 15.5616 -0.120569 -0.444396 -0.148718 -320.127 2.46164 102.125 0.120569
-0.425645 -0.251785 320.209 11.3065 -300.23 -0.185974 0.428589 0.250811 -320.209 55.7938 184.33 0.185974
-1.26969 -0.880724 320.247 98.212 -596.558 -0.247677 1.27276 0.87965 -320.247 136.535 254.916 0.247677
-1.87756 -1.65278 320.219 206.127 -845.271 -0.304504 1.88081 1.65118 -320.219 234.357 340.895 0.304504
-2.29982 -2.43281 320.249 315.898 -1050.18 -0.355351 2.30359 2.43064 -320.249 332.444 432.588 0.355351
-2.65883 -3.05928 320.243 404.085 -1217.79 -0.399271 2.66311 3.05675 -320.243 411.207 503.964 0.399271
-2.95006 -3.38611 320.161 449.5 -1340.55 -0.435527 2.955 3.3829 -320.161 452.825 548.676 0.435527
-3.09685 -3.36946 320.112 446.16 -1407.91 -0.463533 3.10228 3.36538 -320.112 451.613 576.66 0.463533
-3.05788 -3.06737 320.061 402.643 -1414.33 -0.482773 3.06324 3.06287 -320.061 414.551 593.435 0.482773
-2.87387 -2.58623 320.004 334.126 -1363.6 -0.49285 2.87922 2.58154 -320.004 354.787 591.876 0.49285
-2.61499 -2.05779 319.99 259.472 -1264.58 -0.493601 2.61916 2.0531 -319.99 288.575 562.273 0.493601
-2.31971 -1.61942 319.997 197.852 -1127.47 -0.485113 2.32311 1.61466 -319.997 233.33 504.353 0.485113
-1.94069 -1.40373 319.993 168.793 -955.719 -0.467636 1.94342 1.39904 -319.993 204.899 434.197 0.467636
-1.45641 -1.47051 320.021 180.888 -756.232 -0.44151 1.45805 1.4662 -320.021 210.647 364.479 0.44151
-0.9035 -1.77528 320.081 227.736 -537.644 -0.407184 0.904342 1.77196 -320.081 245.162 293.953 0.407184
-0.377682 -2.13699 320.082 282.744 -315.214 -0.365271 0.378179 2.13516 -320.082 286.762 212.322 0.365271
0.0928558 -2.30221 320.143 309.28 -100.654 -0.316567 -0.0930743 2.30195 -320.143 304.467 123.874 0.316567
0.526247 -2.04972 320.166 275.681 100.382 -0.262 -0.527155 2.05023 -320.166 270.859 39.0205 0.262
0.944423 -1.26588 320.108 165.282 286.708 -0.202576 -0.945404 1.2672 -320.108 172.418 -35.3092 0.202576
1.34 0.0366643 320.09 -21.4014 455.936 -0.139419 -1.34105 -0.0349303 -320.09 11.9485 -98.6257 0.139419
1.66824 1.68871 320.026 -258.792 599.864 -0.0738343 -1.6689 -1.68669 -320.026 -190.993 -154.717 0.0738343
1.95113 3.4523 319.961 -512.41 722.044 -0.00729671 -1.95077 -3.44968 -319.961 -407.398 -201.294 0.00729671
2.19115 5.05295 319.91 -742.086 823.11 0.0585941 -2.19065 -5.05017 -319.91 -604.37 -238.124 -0.0585941
2.36131 6.23296 319.887 -910.984 903.276 0.122163 -2.36033 -6.22999 -319.887 -749.99 -272.769 -0.122163
2.4366 6.76457 319.854 -986.602 961.769 0.181693 -2.43581 -6.76192 -319.854 -816.122 -310.984 -0.181693
2.39471 6.44906 319.863 -940.611 994.889 0.235448 -2.39571 -6.44839 -319.863 -778.274 -354.898 -0.235448
2.22952 5.18305 319.927 -757.683 996.88 0.281729 -2.23107 -5.182 -319.927 -623.687 -400.779 -0.281729
2.05637 3.15974 320.026 -465.754 976.045 0.318973 -2.05769 -3.15809 -320.026 -376.204 -426.143 -0.318973
1.93241 0.757714 320.144 -119.483 937.803 0.345863 -1.93444 -0.756935 -320.144 -82.3101 -420.951 -0.345863
1.70677 -1.66792 320.205 230.433 866.726 0.361405 -1.70983 1.66796 -320.205 214.251 -410.059 -0.361405
1.25567 -3.77554 320.256 533.798 748.782 0.364925 -1.25992 3.77491 -320.256 472.602 -412.443 -0.364925
0.689882 -5.27966 320.314 749.256 593.734 0.356081 -0.694974 5.2783 -320.314 657.987 -408.43 -0.356081
0.163113 -5.98393 320.305 847.957 415.099 0.334919 -0.16904 5.98236 -320.305 746.994 -370.534 -0.334919
-0.340722 -5.77839 320.222 815.12 209.207 0.301923 0.333857 5.77798 -320.222 725.205 -299.359 -0.301923
-0.907179 -4.5795 320.18 638.589 -29.1611 0.257917 0.900633 4.58061 -320.18 582.371 -212.659 -0.257917
-1.55136 -2.45711 320.18 329.614 -298.554 0.203955 1.54491 2.45912 -320.18 325.731 -115.697 -0.203955
-2.26323 0.298319 320.146 -71.8218 -596.007 0.141326 2.25632 -0.29682 -320.146 -7.37659 -8.70341 -0.141326
-2.97739 3.15583 320.081 -486.196 -903.425 0.0715696 2.97077 -3.15337 -320.081 -354.565 107.488 -0.0715696
-3.71002 5.62811 320.067 -844.376 -1222.86 -0.00358441 3.70365 -5.62664 -320.067 -655.519 230.749 0.00358441
-4.46954 7.20783 320.14 -1072.99 -1551.35 -0.0822946 4.46312 -7.20714 -320.14 -848.087 355.913 0.0822946
-5.23614 7.53703 320.153 -1120.49 -1876.93 -0.162651 5.22918 -7.53661 -320.153 -888.377 476.355 0.162651
-6.0846 6.60259 320.326 -988.519 -2207.79 -0.242698 6.07711 -6.6017 -320.326 -771.189 580.259 0.242698
-6.97063 4.63893 320.491 -708.65 -2537.32 -0.320448 6.96322 -4.63744 -320.491 -527.536 672.777 0.320448
-7.74386 2.11133 320.586 -348.327 -2846.78 -0.39388 7.73701 -2.10982 -320.586 -214.087 775.249 0.39388
-8.32938 -0.446301 320.659 14.7311 -3117.92 -0.460973 8.32275 0.44827 -320.659 104.693 889.542 0.460973
-8.86256 -2.53848 320.706 310.805 -3356.77 -0.519865 8.85688 2.54089 -320.706 366.384 985.487 0.519865
-9.3616 -3.78337 320.64 485.763 -3556.14 -0.568975 9.35672 3.786 -320.64 523.305 1051.2 0.568975
-9.71282 -4.00109 320.43 515.772 -3700.72 -0.606996 9.70945 4.0044 -320.43 551.426 1101.56 0.606996
-9.77122 -3.17455 320.23 399.139 -3768.81 -0.632899 9.77003 3.17892 -320.23 447.874 1153.57 0.632899
-9.59631 -1.40756 320.033 149.807 -3760.28 -0.645969 9.59416 1.41333 -320.033 226.374 1191.75 0.645969
-9.38931 1.07887 319.844 -201.341 -3693.45 -0.64587 9.38766 -1.07186 -319.844 -85.1112 1180.21 0.64587
-9.09924 3.95576 319.664 -608.364 -3563.44 -0.632696 9.09799 -3.9483 -319.664 -444.906 1127.82 0.632696
-8.56253 6.79886 319.501 -1011.69 -3357.01 -0.606903 8.5603 -6.7912 -319.501 -799.421 1065.12 0.606903
-7.80067 9.20783 319.406 -1354.14 -3084.34 -0.569221 7.79854 -9.19992 -319.406 -1099.09 996.182 0.569221
-6.92103 10.8667 319.411 -1591.87 -2760.7 -0.520673 6.91905 -10.8591 -319.411 -1303.58 907.793 0.520673
-6.02403 11.5197 319.382 -1686.03 -2407.34 -0.462622 6.02168 -11.5134 -319.382 -1383.67 794.498 0.462622
-5.09205 11.0612 319.47 -1621.03 -2025.92 -0.396707 5.08966 -11.0558 -319.47 -1326.58 662.519 0.396707
-4.09103 9.55479 319.616 -1407 -1621.67 -0.324688 4.0893 -9.55051 -319.616 -1139.2 526.062 0.324688
-2.93445 7.14001 319.772 -1059.61 -1187.27 -0.248372 2.93303 -7.13715 -319.772 -843.108 401.013 0.248372
-1.77987 4.16167 320.029 -628.137 -748.403 -0.169599 1.77882 -4.15912 -320.029 -480.728 270.977 0.169599
-0.646179 1.07905 320.16 -179.707 -307.208 -0.0902536 0.646453 -1.0763 -320.16 -107.444 132.933 0.0902536
0.467435 -1.55593 320.293 205.907 131.648 -0.0122312 -0.466932 1.55914 -320.293 209.366 -7.97584 0.0122312
1.54561 -3.25026 320.399 455.246 562.872 0.0626333 -1.5457 3.25454 -320.399 411.795 -150.611 -0.0626333
2.5655 -3.61692 320.379 512.131 977.489 0.132623 -2.56556 3.623 -320.379 452.876 -292.31 -0.132623
3.48744 -2.49278 320.335 353.3 1356.76 0.19617 -3.4879 2.49937 -320.335 312.118 -424.789 -0.19617
4.36911 -0.051596 320.283 3.90741 1702.99 0.251893 -4.36955 0.0578261 -320.283 10.7361 -535.141 -0.251893
5.13867 3.17223 320.097 -457.667 2002.99 0.298644 -5.13892 -3.16715 -320.097 -387.19 -629.295 -0.298644
5.71258 6.47397 319.797 -930.349 2243.26 0.33551 -5.71282 -6.47067 -319.797 -794.859 -715.977 -0.33551
6.0698 9.14171 319.657 -1310.34 2415.78 0.3618 -6.06953 -9.13868 -319.657 -1126.02 -792.874 -0.3618
6.31281 10.7392 319.587 -1536.86 2533.51 0.377107 -6.31205 -10.7369 -319.587 -1325.43 -845.567 -0.377107
6.43569 11.0886 319.491 -1585.42 2597.86 0.381368 -6.43531 -11.0864 -319.491 -1370.02 -876.939 -0.381368
6.35728 10.282 319.482 -1469.7 2601.55 0.374811 -6.35771 -10.279 -319.482 -1270.63 -901.382 -0.374811
6.07131 8.63205 319.592 -1234.43 2541.19 0.357922 -6.07199 -8.62881 -319.592 -1066.05 -917.32 -0.357922
5.66415 6.50092 319.7 -930.235 2421.62 0.331427 -5.6655 -6.49775 -319.7 -802.179 -906.445 -0.331427
5.19788 4.17042 319.738 -597.505 2248.82 0.296278 -5.19929 -4.16879 -319.738 -513.894 -858.344 -0.296278
4.66877 1.77613 319.808 -255.043 2026.07 0.253609 -4.66903 -1.77593 -319.808 -218.322 -777.338 -0.253609
4.08882 -0.52603 319.897 74.1792 1766.37 0.204697 -4.08881 0.526826 -319.897 66.201 -672.933 -0.204697
3.38369 -2.47921 319.955 353.748 1470.31 0.150887 -3.38346 2.48071 -319.955 307.367 -565.616 -0.150887
2.59767 -3.73962 320.041 532.42 1150.4 0.0935455 -2.59716 3.74223 -320.041 464.826 -456.094 -0.0935455
1.73407 -4.10206 319.978 581.263 806.88 0.0340584 -1.73432 4.10499 -319.978 512.644 -343.539 -0.0340584
0.88277 -3.49422 320.06 489.876 454.509 -0.0261599 -0.883345 3.49736 -320.06 442.043 -218.959 0.0261599
0.0796776 -2.06314 320.033 278.803 101.64 -0.0857273 -0.0801628 2.06528 -320.033 271.529 -81.119 0.0857273
-0.703252 -0.22442 320.031 8.94539 -249.876 -0.143349 0.702418 0.223726 -320.031 50.8925 60.7875 0.143349
-1.53077 1.46412 320.13 -239.139 -605.924 -0.19783 1.52967 -1.46621 -320.13 -151.292 195.34 0.19783
-2.32377 2.54561 320.158 -398.111 -948.291 -0.248092 2.32325 -2.54815 -320.158 -280.653 325.318 0.248092
-3.02638 2.85748 320.195 -445.82 -1269.84 -0.293179 3.02703 -2.85982 -320.195 -316.039 458.531 0.293179
-3.58923 2.46339 320.375 -392.013 -1557.3 -0.33229 3.59096 -2.46426 -320.375 -264.59 594.999 0.33229
-4.05152 1.67089 320.476 -280.765 -1802.21 -0.364809 4.05402 -1.66882 -320.476 -164.189 715.87 0.364809
-4.46769 0.876077 320.445 -168.554 -2003 -0.390302 4.47106 -0.873593 -320.445 -64.4717 805.044 0.390302
-4.80692 0.297007 320.468 -86.7026 -2152.42 -0.408518 4.81152 -0.294281 -320.468 8.07086 863.475 0.408518
-4.95545 -0.00463834 320.419 -43.8748 -2233.41 -0.419381 4.95938 0.00794788 -320.419 45.7294 904.733 0.419381
-4.99878 -0.0703533 320.278 -34.7485 -2253.87 -0.422965 5.0014 0.0721503 -320.278 53.919 913.763 0.422965
-5.02212 -0.0997935 320.15 -30.5753 -2226.31 -0.419511 5.02456 0.100295 -320.15 57.4198 880.114 0.419511
-4.91845 -0.2989 320.025 -1.88063 -2143.8 -0.409467 4.92 0.298601 -320.025 81.6907 825.611 0.409467
-4.62955 -0.794322 319.893 69.6992 -2006.47 -0.393412 4.63032 0.792163 -319.893 141.92 765.763 0.393412
-4.19888 -1.58425 319.843 184.584 -1822.95 -0.371947 4.20031 1.5824 -319.843 237.633 697.436 0.371947
-3.62582 -2.45431 319.807 312.596 -1593.79 -0.345714 3.62831 2.45287 -319.807 341.591 621.461 0.345714
-2.97007 -3.03908 319.824 400.142 -1328.64 -0.315423 2.97283 3.03792 -319.824 409.948 531.768 0.315423
-2.22347 -3.01381 319.916 400.166 -1024.18 -0.281801 2.22746 3.01401 -319.916 403.36 426.955 0.281801
-1.42922 -2.11839 319.937 275.579 -691.159 -0.245554 1.43346 2.12026 -319.937 289.472 306.528 0.245554
-0.540807 -0.274875 319.991 14.678 -323.602 -0.207335 0.543762 0.277161 -319.991 59.01 176.95 0.207335
0.292833 2.23549 320.078 -342.032 50.1406 -0.167736 -0.291091 -2.23394 -320.078 -253.552 26.636 0.167736
1.17931 4.87066 320.068 -719.082 438.304 -0.127324 -1.17799 -4.87007 -320.068 -579.068 -124.116 0.127324
2.12016 6.90347 319.99 -1008.57 824.927 -0.0866502 -2.12032 -6.90439 -319.99 -831.654 -258.731 0.0866502
3.07519 7.73731 320.129 -1124.17 1198.44 -0.0462069 -3.07539 -7.73948 -320.129 -938.497 -376.724 0.0462069
4.02263 7.04615 320.089 -1020.72 1550.51 -0.00643451 -4.02152 -7.04874 -320.089 -857.781 -475.573 0.00643451
4.93106 4.88742 320.074 -706.744 1871.73 0.0322439 -4.92961 -4.89102 -320.074 -596.466 -553.951 -0.0322439
5.73832 1.57785 320.193 -227.713 2157.73 0.0694425 -5.73654 -1.58297 -320.193 -193.51 -624.188 -0.0694425
6.2697 -2.34504 320.223 337.235 2377.75 0.104794 -6.26857 2.33891 -320.223 287.09 -701.95 -0.104794
6.47503 -6.26878 320.235 899.631 2514.59 0.137853 -6.47661 6.26158 -320.235 770.466 -783.305 -0.137853
6.41802 -9.58621 320.222 1374.05 2566.83 0.16809 -6.42126 9.57876 -320.222 1180.31 -850.299 -0.16809
6.2051 -11.8064 320.153 1690.86 2538.27 0.195007 -6.20953 11.7986 -320.153 1455.27 -878.336 -0.195007
5.90221 -12.5928 320.037 1803.43 2434.02 0.218134 -5.90655 12.5871 -320.037 1552.6 -855.074 -0.218134
5.50064 -11.6594 319.946 1671.74 2256.9 0.23694 -5.50256 11.658 -319.946 1436.06 -785.773 -0.23694
5.04812 -8.85021 319.942 1270.57 2026.56 0.250831 -5.04601 8.85063 -319.942 1088.65 -677.218 -0.250831
4.57119 -4.47398 319.964 641.019 1764.29 0.259222 -4.56469 4.47558 -319.964 551.832 -543.364 -0.259222
4.12305 0.739314 319.964 -112.643 1504.99 0.261608 -4.11223 -0.736687 -319.964 -84.0121 -404.798 -0.261608
3.67587 5.65134 319.926 -823.891 1270.65 0.257617 -3.66326 -5.65315 -319.926 -682.692 -290.516 -0.257617
3.16978 8.82263 319.862 -1283.26 1072.42 0.247036 -3.15749 -8.83058 -319.862 -1069.47 -227.616 -0.247036
2.73489 9.21344 319.795 -1340.3 931.136 0.229814 -2.7205 -9.21982 -319.795 -1116.39 -202.86 -0.229814
2.69677 6.83611 319.966 -998.667 883.605 0.206092 -2.6802 -6.84158 -319.966 -824.205 -165.953 -0.206092
3.13403 2.49575 320.334 -371.61 945.174 0.176289 -3.11585 -2.49793 -320.334 -293.865 -111.173 -0.176289
3.86759 -2.16005 320.595 303.703 1107.97 0.141135 -3.84437 2.16922 -320.595 273.374 -78.8654 -0.141135
4.81361 -4.96135 320.719 710.265 1372.77 0.101585 -4.78709 4.97728 -320.719 614.419 -91.3977 -0.101585
5.94537 -4.40721 320.864 632.887 1746.59 0.0588044 -5.92102 4.42562 -320.864 544.407 -162.402 -0.0588044
7.1625 -0.2899 320.986 41.2044 2215.39 0.0142414 -7.13978 0.306339 -320.986 38.312 -305.417 -0.0142414
8.40281 6.2477 320.752 -894.037 2741.23 -0.030436 -8.38341 -6.23528 -320.752 -769.661 -498.876 0.030436
9.59524 13.2006 320.413 -1877.34 3266.46 -0.0736013 -9.5831 -13.1951 -320.413 -1640.69 -703.853 0.0736013
10.5845 18.3946 319.947 -2599.99 3740.71 -0.113823 -10.5841 -18.3954 -319.947 -2303.46 -911.48 0.113823
11.0608 20.2372 319.238 -2848.91 4091.69 -0.149777 -11.0686 -20.2439 -319.238 -2546.54 -1133.26 0.149777
11.3232 17.9522 318.475 -2522.32 4326.08 -0.180235 -11.3312 -17.9669 -318.475 -2265.08 -1296.96 0.180235
11.8211 11.3819 318.613 -1598.18 4471.24 -0.204189 -11.8317 -11.3973 -318.613 -1437.87 -1308.81 0.204189
12.077 1.7117 319.112 -237.497 4450.99 -0.220915 -12.0908 -1.72202 -319.112 -220.136 -1220.18 0.220915
11.2353 -8.77634 319.169 1244.77 4156.19 -0.230044 -11.2507 8.7663 -319.169 1093.38 -1150.25 0.230044
9.41238 -17.7855 319.307 2520.01 3601.21 -0.231733 -9.42712 17.7746 -319.307 2219.56 -1082.46 0.231733
7.4279 -23.6811 320.187 3352.54 2888.55 -0.226573 -7.44186 23.6708 -320.187 2958.71 -900.561 0.226573
5.46997 -25.8706 319.855 3660.73 2060.26 -0.215302 -5.48294 25.8608 -319.855 3234.26 -596.496 0.215302
3.23277 -24.3734 319.732 3452.55 1116.49 -0.198896 -3.24022 24.3641 -319.732 3043.37 -252.325 0.198896
0.706568 -19.5923 321.079 2778.76 91.7747 -0.17889 -0.703353 19.5864 -321.079 2443.14 94.9118 0.17889
-1.8158 -11.9923 321.541 1689.39 -931.294 -0.157184 1.81975 11.9949 -321.541 1507.77 442.841 0.157184
-4.7349 -2.5742 321.45 323.23 -1970.7 -0.13561 4.73676 2.57999 -321.45 363.895 701.928 0.13561
-8.04288 6.65129 321.566 -996.266 -2990.89 -0.11574 8.04171 -6.64709 -321.566 -775.989 838.491 0.11574
-10.8813 13.8156 321.195 -1996.99 -3875.18 -0.0986308 10.8767 -13.8151 -321.195 -1685.55 964.535 0.0986308
-13.0479 17.1433 320.834 -2447.12 -4612.19 -0.0847537 13.0427 -17.1576 -320.834 -2124.48 1122.16 0.0847537
-14.7903 15.3492 320.576 -2186.66 -5242.24 -0.074546 14.7849 -15.3685 -320.576 -1907.36 1286.08 0.074546
-16.3096 8.34478 320.84 -1209.05 -5777.57 -0.0685523 16.3031 -8.3636 -320.84 -1017.74 1415.15 0.0685523
-17.5467 -2.12299 321.601 237.477 -6187.73 -0.0668423 17.5405 2.1088 -321.601 326.795 1494.34 0.0668423
-18.3023 -13.3978 322.048 1789.59 -6436.11 -0.0689759 18.2966 13.3941 -322.048 1781.69 1540.44 0.0689759
-18.6262 -22.3453 321.942 3019.85 -6535.17 -0.074568 18.6208 22.3455 -321.942 2937.21 1552.7 0.074568
-18.3345 -27.4537 321.227 3724.31 -6483.73 -0.083523 18.3315 27.452 -321.227 3594.32 1578.71 0.083523
-17.367 -28.4662 320.341 3868.6 -6279.98 -0.0958986 17.3691 28.4648 -320.341 3719.98 1632.58 0.0958986
-15.9879 -25.8638 319.707 3516.71 -5944.02 -0.111702 15.988 25.8595 -319.707 3377.66 1665.32 0.111702
-14.6822 -20.7177 319.501 2813.02 -5522.42 -0.130738 14.682 20.7058 -319.501 2708.42 1593.04 0.130738
-13.3241 -14.5372 319.47 1963.61 -4991.33 -0.152651 13.3271 14.5259 -319.47 1910.3 1425.15 0.152651
-11.175 -8.64445 318.881 1154.32 -4271.1 -0.177079 11.1807 8.63688 -318.881 1149.21 1279.39 0.177079
-7.93417 -3.71685 318.494 471.515 -3328.5 -0.203561 7.94315 3.71305 -318.494 518.954 1202.38 0.203561
-4.34084 0.337294 319.067 -96.0001 -2239.12 -0.231257 4.3508 -0.329134 -319.067 7.35829 1073.11 0.231257
-1.57485 3.94766 320.015 -602.722 -1173.35 -0.258884 1.58338 -3.94347 -320.015 -448.862 747.594 0.258884
0.884942 7.20452 320.377 -1060.22 -100.982 -0.284906 -0.878571 -7.20225 -320.377 -859.806 334.167 0.284906
3.85912 9.96367 320.454 -1446.53 1042.82 -0.307544 -3.85412 -9.95937 -320.454 -1208.73 -13.7205 0.307544
7.44241 12.1942 321.623 -1753.72 2257.71 -0.324579 -7.43704 -12.1945 -321.623 -1496.78 -270.717 0.324579
10.6646 13.4525 321.399 -1911.4 3387.41 -0.333694 -10.6608 -13.4542 -321.399 -1674.74 -538.674 0.333694
12.8245 13.7418 320.473 -1932.65 4311.03 -0.333463 -12.8203 -13.7389 -320.473 -1730.05 -884.14 0.333463
14.5373 13.3466 320.967 -1863.68 5087.72 -0.323445 -14.5308 -13.3398 -320.967 -1693.19 -1202.31 0.323445
16.4354 12.653 321.084 -1756.99 5788.98 -0.303197 -16.4225 -12.6437 -321.084 -1614.7 -1396.54 0.303197
18.4977 11.7065 320.383 -1616.97 6427.55 -0.272154 -18.4819 -11.6982 -320.383 -1502.57 -1484.15 0.272154
20.1258 10.3396 320.171 -1420.74 6964.24 -0.230368 -20.1074 -10.3332 -320.171 -1334.7 -1585.74 0.230368
21.033 8.41733 320.187 -1150.44 7381.51 -0.17869 -21.0131 -8.4116 -320.187 -1092.67 -1760.05 0.17869
21.3851 6.09786 319.906 -830.116 7687.15 -0.118437 -21.3692 -6.09342 -319.906 -794.853 -1970.18 0.118437
21.2729 3.70136 319.401 -501.841 7871.3 -0.0510891 -21.2672 -3.69796 -319.401 -484.416 -2182.04 0.0510891
20.6206 1.64992 318.956 -221.562 7895.83 0.0218261 -20.6228 -1.6481 -318.956 -218.034 -2378.98 -0.0218261
19.4881 0.100737 318.381 -9.40711 7738.07 0.0985043 -19.4976 -0.106231 -318.381 -18.1819 -2522.25 -0.0985043
18.2151 -1.23896 317.832 174.692 7418.71 0.176684 -18.2214 1.22523 -317.832 153.76 -2543.43 -0.176684
17.1459 -2.60085 317.732 364.201 6981.81 0.253887 -17.1481 2.59145 -317.732 327.878 -2393.44 -0.253887
16.1078 -3.59296 317.84 505.187 6431.26 0.327732 -16.1052 3.58485 -317.84 451.532 -2122.07 -0.327732
14.7647 -3.65505 318.039 517.576 5763.6 0.395985 -14.751 3.65135 -318.039 456.278 -1816.02 -0.395985
12.8954 -2.24427 318.253 324.335 4995.94 0.456452 -12.8833 2.24969 -318.253 274.662 -1548.64 -0.456452
10.2636 0.981847 318.653 -130.672 4111.86 0.506934 -10.2561 -0.976386 -318.653 -130.291 -1367.66 -0.506934
7.20307 5.33365 318.822 -754.264 3140.22 0.545254 -7.19658 -5.32984 -318.822 -666.934 -1213.91 -0.545254
4.61211 9.39272 319.207 -1347.98 2169.12 0.569477 -4.60762 -9.3917 -319.207 -1155.55 -935.475 -0.569477
2.85418 11.287 319.812 -1631.81 1277.57 0.578333 -2.85306 -11.293 -319.812 -1377.57 -514.478 -0.578333
0.878921 9.82943 320.229 -1433.01 382.583 0.571176 -0.880855 -9.83552 -320.229 -1187.83 -148.031 -0.571176
-1.88187 5.00801 320.579 -748.066 -568.445 0.547265 1.87681 -5.01196 -320.579 -587.275 65.1297 -0.547265
-4.68474 -1.95339 321.552 240.703 -1518.75 0.505795 4.67736 1.94987 -321.552 279.676 266.22 -0.505795
-7.04892 -9.40857 322.595 1292.12 -2450.21 0.446871 7.03953 9.40554 -322.595 1215.64 565.312 -0.446871
-8.95546 -15.6508 322.59 2157.77 -3321.9 0.371642 8.94577 15.6484 -322.59 2014.08 926.394 -0.371642
-10.8145 -19.3253 322.561 2650.34 -4137.27 0.281655 10.8075 19.3234 -322.561 2501.18 1243.5 -0.281655
-12.7055 -20.0426 322.534 2734.21 -4894.8 0.178666 12.7046 20.0403 -322.534 2608.53 1494 -0.178666
-14.0621 -17.9143 321.917 2427.73 -5516.13 0.0648657 14.0664 17.9099 -321.917 2347.42 1751.17 -0.0648657
-14.6915 -13.7743 321.271 1847.93 -5953.14 -0.0568811 14.702 13.7673 -321.271 1823.25 2018.11 0.0568811
-15.0531 -8.85667 320.935 1165.25 -6230.91 -0.183146 15.0616 8.84569 -320.935 1194.49 2198.79 0.183146
-15.6694 -4.66494 320.479 584.684 -6395.88 -0.310523 15.6759 4.65237 -320.479 657.439 2199.39 0.310523
-16.2201 -2.26284 319.854 254.98 -6422.43 -0.436042 16.2276 2.25369 -319.854 347.256 2079.21 0.436042
-15.9872 -1.67095 319.454 176.592 -6248.63 -0.556963 15.9917 1.67059 -319.454 269.031 1968.56 0.556963
-14.8702 -1.8022 319.282 198.014 -5875.87 -0.670325 14.8728 1.8156 -319.282 284.426 1894.84 0.670325
-13.3674 -1.10289 319.16 103.22 -5359.05 -0.772907 13.3698 1.11973 -319.16 193.256 1780.08 0.772907
-11.7871 1.37698 318.909 -241.937 -4734.1 -0.861623 11.7889 -1.35971 -318.909 -122.596 1578.23 0.861623
-9.96835 5.87477 318.836 -875.467 -3985.54 -0.933773 9.97095 -5.85692 -318.836 -687.95 1316.48 0.933773
-7.58687 11.9718 318.753 -1742.54 -3086.07 -0.986952 7.58907 -11.955 -318.753 -1446.27 1054.17 0.986952
-4.97037 18.3986 319.195 -2654.14 -2109.28 -1.01905 4.97245 -18.3897 -319.195 -2248.9 777.308 1.01905
-2.34811 23.2581 319.54 -3334.52 -1111.48 -1.02838 2.35037 -23.257 -319.54 -2864.98 481.095 1.02838
0.387627 25.3897 318.895 -3630.18 -88.2645 -1.0137 -0.388644 -25.3872 -318.895 -3137.37 190.193 1.0137
2.79819 24.242 319.088 -3467.82 889.731 -0.974215 -2.80205 -24.2461 -319.088 -2994.68 -142.277 0.974215
5.15816 19.4201 319.591 -2785.37 1846.01 -0.909726 -5.16227 -19.4296 -319.591 -2392.49 -467.056 0.909726
7.76569 10.8948 320.351 -1560.84 2778.23 -0.820709 -7.76984 -10.9021 -320.351 -1344.23 -702.127 0.820709
10.1072 0.452007 320.332 -63.3074 3573.68 -0.708261 -10.1092 -0.45856 -320.332 -58.0338 -871.926 0.708261
11.8939 -9.6844 320.633 1370.17 4187.14 -0.574265 -11.8922 9.68092 -320.633 1210.92 -1008.08 0.574265
13.2817 -17.2467 321.381 2422.77 4653.95 -0.42162 -13.2772 17.2549 -321.381 2175.76 -1104.08 0.42162
14.2363 -20.4516 321.001 2860.33 4994.17 -0.254128 -14.2337 20.4598 -321.001 2592.57 -1188.66 0.254128
14.4287 -19.0557 320.015 2661.9 5182.97 -0.0762181 -14.4289 19.0581 -320.015 2418.13 -1325.17 0.0762181
13.9332 -13.8306 319.999 1937.29 5216.74 0.107199 -13.9373 13.8321 -319.999 1749.75 -1490.19 -0.107199
13.0926 -6.09307 319.938 858.207 5101.97 0.290897 -13.0988 6.08878 -319.938 765.464 -1599.33 -0.290897
11.8765 2.32166 319.086 -321.903 4809.27 0.469478 -11.8885 -2.32596 -319.086 -297.518 -1630.62 -0.469478
10.0134 9.75351 318.366 -1370.28 4304.34 0.637356 -10.0297 -9.75632 -318.366 -1230 -1622.8 -0.637356
7.52607 15.0508 318.172 -2129.54 3592.02 0.788909 -7.5408 -15.0572 -318.172 -1883.27 -1575.22 -0.788909
4.76194 17.1901 318.039 -2450.24 2718.24 0.919013 -4.77931 -17.1992 -318.039 -2133.14 -1439.81 -0.919013
1.91553 15.4422 318.167 -2218.25 1731.22 1.02346 -1.93314 -15.4555 -318.167 -1899.73 -1213.8 -1.02346
-0.939694 9.74057 319.601 -1414.45 675.802 1.09867 0.926576 -9.75557 -319.601 -1183.89 -922.682 -1.09867
-3.42297 1.2778 321.083 -207.983 -358.412 1.14152 3.42349 -1.28362 -321.083 -133.289 -555.025 -1.14152
-5.10017 -7.45203 321.474 1033.96 -1269.83 1.14978 5.10791 7.45738 -321.474 953.307 -94.3997 -1.14978
-6.68209 -13.8083 322.169 1925.02 -2096.48 1.12265 6.68873 13.8227 -322.169 1757.84 308.283 -1.12265
-9.01137 -16.3824 322.386 2269.4 -2908.02 1.06047 9.01709 16.3965 -322.386 2099.63 497.111 -1.06047
-11.2685 -15.2935 321.819 2096.15 -3596.81 0.964369 11.2699 15.3059 -321.819 1982.43 583.298 -0.964369
-12.5915 -11.6589 321.48 1574.74 -4092.13 0.836089 12.5915 11.665 -321.48 1534.14 724.907 -0.836089
-12.9502 -7.05338 321.522 925.647 -4402.83 0.678301 12.9444 7.04967 -321.522 954.25 939.77 -0.678301
-13.1347 -3.06876 321.188 367.271 -4623.68 0.494719 13.1228 3.06284 -321.188 450.164 1111.48 -0.494719
-13.4945 -0.479656 320.744 6.02024 -4805.67 0.289919 13.487 0.475723 -320.744 121.513 1196.45 -0.289919
-13.4548 0.734616 320.427 -161.278 -4897.28 0.0692194 13.4475 -0.736929 -320.427 -34.6556 1298.23 -0.0692194
-12.792 0.996302 320.195 -195.261 -4878.3 -0.161256 12.7846 -0.995448 -320.195 -70.002 1455.71 0.161256
-11.8453 0.938496 320.041 -184.424 -4780.44 -0.394717 11.8418 -0.934536 -320.041 -65.0097 1609.63 0.394717
-10.8828 1.17111 319.881 -214.907 -4626.8 -0.624057 10.8782 -1.16834 -319.881 -96.6869 1712.85 0.624057
-10.0891 1.93739 319.728 -320.64 -4442.37 -0.84222 10.0835 -1.93566 -319.728 -195.356 1740.49 0.84222
-9.34356 3.12932 319.604 -486.714 -4225.23 -1.04246 9.33987 -3.12816 -319.604 -347.082 1722.35 1.04246
-8.26324 4.38755 319.46 -663.612 -3941.7 -1.21836 8.26055 -4.38725 -319.46 -505.697 1727.26 1.21836
-6.78798 5.21396 319.251 -780.62 -3588.88 -1.36389 6.78993 -5.21364 -319.251 -608.974 1767.74 1.36389
-5.22029 5.32821 319.145 -797.829 -3189.82 -1.47383 5.22652 -5.32417 -319.145 -621.724 1786.8 1.47383
-4.18052 4.96346 319.306 -746.859 -2801.01 -1.54438 4.18049 -4.95286 -319.306 -574.592 1676.97 1.54438
-4.03437 4.57234 319.441 -692.267 -2473.25 -1.57347 4.03092 -4.56335 -319.441 -525.145 1389.76 1.57347
-4.18135 4.20754 319.384 -640.796 -2176.03 -1.56033 4.1769 -4.20078 -319.384 -479.679 1054.66 1.56033
-3.84142 3.85025 319.342 -588.806 -1853.67 -1.50487 3.83205 -3.84332 -319.342 -436.417 824.61 1.50487
-3.24759 3.43142 319.54 -527.955 -1538.28 -1.40786 3.23998 -3.43389 -319.54 -386.888 668.183 1.40786
-2.77735 2.5776 319.646 -403.89 -1253.87 -1.27179 2.77569 -2.58428 -319.646 -283.934 509.168 1.27179
-2.4982 1.35744 319.601 -226.409 -992.07 -1.10074 2.49568 -1.36 -319.601 -135.629 322.737 1.10074
-2.4213 0.381209 319.715 -84.1398 -749.382 -0.899791 2.419 -0.385761 -319.715 -17.9509 101.388 0.899791
-2.27665 -0.0304825 319.826 -22.4891 -496.807 -0.674574 2.27607 0.025436 -319.826 30.0623 -111.983 0.674574
-1.7505 0.0567365 319.84 -31.2414 -203.062 -0.431408 1.75095 -0.0608149 -319.84 15.682 -264.748 0.431408
-0.9282 0.460819 319.845 -85.1274 127.459 -0.177591 0.929866 -0.46468 -319.845 -38.1268 -375.359 0.177591
-0.0409688 0.973781 319.973 -155.725 485.825 0.0788309 0.0456133 -0.973549 -319.973 -103.726 -496.686 -0.0788309
0.886054 1.57322 320.085 -237.768 876.143 0.329769 -0.878941 -1.56834 -320.085 -180.858 -639.205 -0.329769
1.97824 2.50536 320.322 -366.31 1312.06 0.567437 -1.97036 -2.49532 -320.322 -300.109 -782.981 -0.567437
3.25832 3.92838 320.547 -565.712 1797.34 0.784488 -3.2513 -3.91835 -320.547 -480.036 -925.73 -0.784488
4.60743 5.49142 320.615 -784.587 2314.84 0.974301 -4.60162 -5.48481 -320.615 -678.268 -1082.22 -0.974301
5.87108 6.56537 320.679 -931.295 2819.44 1.1314 -5.86589 -6.56026 -320.679 -818.044 -1248.64 -1.1314
7.21166 6.67153 320.746 -938.831 3310.94 1.25186 -7.20742 -6.67086 -320.746 -839.412 -1381.47 -1.25186
8.73657 5.63532 320.809 -786.606 3787.06 1.3334 -8.73146 -5.63505 -320.809 -715.479 -1450.14 -1.3334
10.2768 3.75728 320.721 -517.436 4226.06 1.37498 -10.2709 -3.75552 -320.721 -483.834 -1477.73 -1.37498
11.512 1.77912 320.61 -235.917 4587.71 1.37653 -11.5087 -1.77606 -320.61 -237.874 -1508.94 -1.37653
12.2437 0.46459 320.371 -50.0161 4839.03 1.33903 -12.2437 -0.460418 -320.371 -73.2202 -1564.15 -1.33903
12.6276 0.301927 320.053 -27.4482 4978.91 1.26454 -12.6288 -0.297356 -320.053 -52.3779 -1601.17 -1.26454
12.9462 1.30654 319.745 -169.63 5023.41 1.15597 -12.9491 -1.30297 -319.745 -178.129 -1560.5 -1.15597
13.163 3.0367 319.426 -414.234 4959.13 1.01702 -13.1669 -3.03348 -319.426 -394.777 -1438.66 -1.01702
13.038 4.8099 319.111 -665.596 4757.65 0.851995 -13.0404 -4.80714 -319.111 -616.151 -1271.44 -0.851995
12.5195 5.9454 318.887 -829.678 4419.39 0.665689 -12.519 -5.94365 -318.887 -754.885 -1072.84 -0.665689
11.6495 5.93299 318.882 -832.557 3955.73 0.463456 -11.6474 -5.93091 -318.882 -748.645 -842.658 -0.463456
10.2794 4.73961 318.915 -670.455 3359.1 0.251187 -10.2763 -4.73608 -318.915 -592.434 -612.963 -0.251187
8.30354 2.81515 318.919 -401.684 2629.4 0.0348975 -8.30101 -2.80967 -318.919 -347.948 -411.606 -0.0348975
5.75967 0.944123 319.35 -139.811 1779.46 -0.179666 -5.75934 -0.937487 -319.35 -110.912 -241.328 0.179666
3.14184 -0.195147 320.184 16.279 903.547 -0.387105 -3.14425 0.200761 -320.184 36.5657 -64.8759 0.387105
0.426187 -0.278517 320.388 19.9518 2.72078 -0.582492 -0.428599 0.282669 -320.388 54.9458 109.927 0.582492
-2.05791 0.582057 320.45 -114.485 -880.464 -0.76156 2.05644 -0.582905 -320.45 -40.6455 328.613 0.76156
-4.22435 1.74482 321.134 -290.033 -1732.23 -0.920442 4.22511 -1.75045 -321.134 -175.652 600.384 0.920442
-6.27183 2.55087 321.38 -407.598 -2540.03 -1.05538 6.27395 -2.55562 -321.38 -272.813 860.157 1.05538
-8.21492 2.76543 320.805 -437.571 -3273.74 -1.16324 8.21802 -2.77031 -320.805 -300.039 1073.95 1.16324
-9.85282 2.25037 320.722 -362.595 -3889.78 -1.24194 9.85525 -2.25607 -320.722 -237.82 1251.88 1.24194
-11.1853 0.936031 320.807 -176.552 -4390.23 -1.29012 11.1856 -0.940898 -320.807 -73.385 1396.09 1.29012
-12.251 -1.06467 320.656 102.234 -4776.63 -1.30671 12.2511 1.06019 -320.656 181.214 1497.39 1.30671
-12.9741 -3.48003 320.328 438.574 -5048.17 -1.29124 12.9752 3.47683 -320.328 488.915 1575.27 1.29124
-13.2165 -5.84561 320.233 767.313 -5189.2 -1.24413 13.2201 5.8439 -320.233 790.973 1650.88 1.24413
-13.0644 -7.56192 320.096 1005.17 -5198.67 -1.16663 13.0692 7.56314 -320.096 1011.02 1700.6 1.16663
-12.8112 -8.11484 319.714 1081.93 -5100.99 -1.06094 12.8151 8.11642 -319.714 1081.69 1670.82 1.06094
-12.5983 -7.29459 319.46 968.059 -4914.67 -0.930201 12.6 7.29509 -319.46 976.754 1542.22 0.930201
-12.2218 -5.22914 319.417 680.448 -4627.94 -0.77818 12.2206 5.22966 -319.417 713.767 1357.24 0.77818
-11.3631 -2.26651 319.26 267.871 -4217.42 -0.609185 11.3614 2.26721 -319.26 336.609 1176.91 0.609185
-9.84528 1.1873 319.114 -218.991 -3671.57 -0.42825 9.84278 -1.1862 -319.114 -97.153 1037.17 0.42825
-7.94889 4.59397 319.203 -703.594 -3023.32 -0.241005 7.94718 -4.59288 -319.203 -520.652 895.869 0.241005
-6.03838 7.38504 319.435 -1102.06 -2326 -0.0532616 6.03704 -7.38402 -319.435 -866.198 709.473 0.0532616
-4.21649 9.09279 319.651 -1343.39 -1615.74 0.129324 4.21635 -9.09226 -319.651 -1080.17 486.538 -0.129324
-2.11666 9.42904 319.874 -1386.44 -861.081 0.301485 2.11815 -9.42867 -319.874 -1126.78 293.292 -0.301485
0.155659 8.33634 320.077 -1222.74 -80.5473 0.458565 -0.153452 -8.3349 -320.077 -999.088 120.297 -0.458565
2.30695 6.03123 320.411 -882.906 704.118 0.5966 -2.30455 -6.02864 -320.411 -724.341 -89.0083 -0.5966
4.11048 3.06444 320.881 -445.53 1457.29 0.712087 -4.10946 -3.05916 -320.881 -370.549 -359.321 -0.712087
5.75246 0.181939 321.109 -22.9225 2176.14 0.801946 -5.75414 -0.175212 -321.109 -24.6188 -638.315 -0.801946
7.16141 -2.02229 320.916 295.662 2814.32 0.864 -7.1636 2.02604 -320.916 243.957 -899.214 -0.864
8.34334 -3.54812 320.768 513.469 3349.31 0.897348 -8.34624 3.54705 -320.768 432.24 -1117.64 -0.897348
9.31728 -4.77323 320.854 686.824 3775.06 0.90221 -9.32173 4.76556 -320.854 584.575 -1282.4 -0.90221
9.98322 -5.98141 320.517 856.532 4081.16 0.879609 -9.98743 5.97378 -320.517 736.933 -1410.16 -0.879609
10.3492 -7.00084 320.145 999.514 4273 0.831205 -10.3516 6.99464 -320.145 865.887 -1504.12 -0.831205
10.512 -7.37109 320.12 1050.6 4363.83 0.759381 -10.5153 7.36629 -320.12 913.688 -1551.16 -0.759381
10.4533 -6.65901 319.868 949.779 4353.12 0.667299 -10.4563 6.65902 -319.868 825.326 -1556.16 -0.667299
10.1577 -4.50797 319.495 645.401 4239.25 0.558697 -10.1606 4.51018 -319.495 556.598 -1521.41 -0.558697
9.60889 -1.05714 319.345 156.124 4021.09 0.437521 -9.61274 1.05793 -319.345 125.814 -1450 -0.437521
8.74136 2.96662 319.17 -416.186 3689.48 0.307734 -8.74596 -2.96699 -319.17 -374.619 -1350.39 -0.307734
7.58266 6.59324 318.973 -936.451 3242 0.173299 -7.58785 -6.59565 -318.973 -821.34 -1212.81 -0.173299
6.20936 8.87042 318.864 -1270.14 2689.38 0.0381415 -6.21489 -8.87554 -318.864 -1095 -1027.57 -0.0381415
4.63965 9.18426 319.03 -1324.44 2040.9 -0.0939636 -4.64475 -9.18655 -319.03 -1123.96 -799.159 0.0939636
2.97655 7.66608 319.381 -1112.82 1337.25 -0.219574 -2.98042 -7.66563 -319.381 -930.516 -540.766 0.219574
1.2919 5.09449 319.983 -749.683 609.521 -0.335815 -1.29376 -5.09118 -319.983 -607.771 -264.289 0.335815
-0.452878 2.30657 320.268 -353.647 -132.396 -0.440428 0.450896 -2.30222 -320.268 -260.503 10.5597 0.440428
-2.16363 0.0770007 320.444 -41.09 -867.174 -0.531555 2.16222 -0.0715464 -320.444 21.4275 287.224 0.531555
-3.91904 -1.14966 320.984 126.86 -1602.78 -0.607627 3.91783 1.1555 -320.984 180.536 552.901 0.607627
-5.71887 -1.1613 321.243 121.888 -2331.04 -0.667466 5.71932 1.16762 -321.243 188.698 799.295 0.667466
-7.17955 -0.0256981 320.88 -42.8607 -2984.44 -0.710398 7.18322 0.0326692 -320.88 50.8375 1061.17 0.710398
-8.14255 1.99966 320.699 -330.056 -3516.83 -0.736287 8.14818 -1.99264 -320.699 -201.843 1335.04 0.736287
-8.98676 4.48634 320.744 -679.873 -3947.72 -0.745432 8.99264 -4.479 -320.744 -514.848 1539.58 0.745432
-10.0114 6.89479 320.44 -1015.55 -4302.7 -0.738445 10.0166 -6.88775 -320.44 -821.229 1620.6 0.738445
-11.0346 8.56813 320.118 -1246.86 -4568.75 -0.716298 11.036 -8.56556 -320.118 -1036.58 1613.82 0.716298
-11.7915 8.74584 319.951 -1270.08 -4738.08 -0.680282 11.7903 -8.74801 -319.951 -1061.37 1581.42 0.680282
-12.2231 6.94539 319.917 -1018.18 -4815.83 -0.631812 12.2182 -6.94829 -319.917 -833.417 1544.52 0.631812
-12.5621 3.34045 319.977 -516.054 -4834.17 -0.572479 12.5523 -3.34488 -319.977 -374.781 1473.25 0.572479
-12.9468 -1.41003 320.186 144.898 -4816.67 -0.504264 12.9346 1.40544 -320.186 230.579 1353.77 0.504264
-13.1014 -6.3559 320.309 835.648 -4742.3 -0.429491 13.0897 6.35303 -320.309 858.471 1238.46 0.429491
-12.8043 -10.351 320.247 1393.84 -4592.55 -0.350607 12.793 10.3497 -320.247 1365.46 1168.27 0.350607
-12.1514 -12.4399 320.15 1687.54 -4376.67 -0.270092 12.1438 12.4425 -320.15 1629.11 1126.45 0.270092
-11.2783 -12.0594 319.979 1638.53 -4098.11 -0.190483 11.2744 12.063 -319.979 1576.79 1080.82 0.190483
-10.3437 -9.15231 319.75 1236.14 -3762.81 -0.114331 10.3387 9.1576 -319.75 1204.45 995.716 0.114331
-9.45488 -4.18447 319.683 539.415 -3376.51 -0.0440454 9.44874 4.1913 -319.683 577.111 847.568 0.0440454
-8.46437 1.97359 319.55 -333.172 -2931.67 0.0183404 8.45655 -1.96763 -319.55 -191.939 668.184 -0.0183404
-7.22093 8.01095 319.381 -1192.33 -2440.6 0.0713368 7.21136 -8.00657 -319.381 -942.334 510.052 -0.0713368
-5.87713 12.5806 319.464 -1840.37 -1946.56 0.113963 5.86614 -12.5788 -319.464 -1512.75 375.646 -0.113963
-4.53585 14.7466 319.437 -2147.72 -1472.61 0.145555 4.52584 -14.7471 -319.437 -1783.08 260.279 -0.145555
-3.22997 14.0154 319.269 -2041.25 -1021.92 0.165717 3.22267 -14.0171 -319.269 -1694.8 158.442 -0.165717
-1.93277 10.6706 319.602 -1560.35 -586.213 0.174494 1.92866 -10.6705 -319.602 -1283.88 69.1457 -0.174494
-0.631297 5.6923 320.178 -841.54 -158.074 0.172479 0.629321 -5.68897 -320.178 -675.245 -11.3524 -0.172479
0.6223 0.557974 320.406 -96.0897 263.131 0.160706 -0.62226 -0.551693 -320.406 -51.7118 -97.6854 -0.160706
1.76809 -3.36243 320.537 473.668 669.827 0.140459 -1.76584 3.36822 -320.537 423.474 -198.281 -0.140459
2.90925 -5.42597 320.836 774.308 1072.42 0.11323 -2.90635 5.42962 -320.836 672.594 -295.819 -0.11323
4.04677 -5.51121 320.825 788.978 1462.12 0.0808545 -4.04298 5.51723 -320.825 680.955 -381.502 -0.0808545
5.21253 -3.76686 320.712 539.825 1842.89 0.0455831 -5.20759 3.7725 -320.712 465.074 -450.818 -0.0455831
6.24497 -0.699555 320.521 99.9388 2192.76 0.0098931 -6.24207 0.704793 -320.521 87.2808 -524.422 -0.0098931
6.89395 2.91679 320.174 -418.305 2470.69 -0.0238864 -6.89287 -2.91118 -320.174 -358.404 -628.415 0.0238864
7.19943 6.33892 319.767 -907.586 2660.84 -0.053827 -7.19925 -6.33455 -319.767 -781.497 -736.463 0.053827
7.44105 8.92098 319.533 -1275.54 2782 -0.078309 -7.4423 -8.91792 -319.533 -1102 -792.689 0.078309
7.60046 10.258 319.267 -1465.77 2829.29 -0.0959001 -7.60261 -10.2558 -319.267 -1268.29 -797.254 0.0959001
7.41509 10.2371 319.043 -1463.59 2775.13 -0.105559 -7.41801 -10.2361 -319.043 -1265.05 -792.511 0.105559
6.77244 8.93569 319.044 -1279.96 2607.61 -0.106941 -6.77604 -8.93675 -319.044 -1102.04 -796.532 0.106941
5.82375 6.59694 319.234 -947.796 2339 -0.10042 -5.82715 -6.59815 -319.234 -810.799 -781.373 0.10042
4.84887 3.7198 319.415 -536.754 2003.44 -0.0868447 -4.85047 -3.72034 -319.415 -454.815 -706.664 0.0868447
3.98545 0.951259 319.68 -140.862 1635.95 -0.067352 -3.98451 -0.951697 -319.68 -112.705 -570.603 0.067352
3.11737 -1.21106 320.055 168.277 1248.63 -0.0434208 -3.11318 1.21133 -320.055 154.643 -416.131 0.0434208
2.04812 -2.43315 320.193 340.739 841.544 -0.0169335 -2.04384 2.43441 -320.193 308.083 -295.093 0.0169335
0.750201 -2.63553 320.227 365.868 424.536 0.00997617 -0.746548 2.63742 -320.227 336.996 -224.932 -0.00997617
-0.472033 -1.97017 320.211 265.069 36.71 0.0351899 0.476333 1.97237 -320.211 260.49 -163.893 -0.0351899
-1.36033 -0.917344 320.216 108.392 -293.48 0.0567968 1.36414 0.916291 -320.216 136.105 -71.2621 -0.0567968
-2.01661 -0.19955 320.175 0.774756 -575.399 0.0731617 2.01888 0.195733 -320.175 52.0292 35.1744 -0.0731617
-2.64105 -0.306478 320.088 13.3429 -818.328 0.0829254 2.64245 0.304052 -320.088 68.1562 111.13 -0.0829254
-3.30952 -1.1248 320.124 128.053 -1034.69 0.0850259 3.30835 1.12335 -320.124 171.716 149.119 -0.0850259
-3.95988 -2.27922 320.21 291.645 -1230.75 0.0788058 3.95577 2.27724 -320.21 315.783 171.752 -0.0788058
-4.40186 -3.32548 320.228 439.881 -1394.88 0.0641529 4.39738 3.324 -320.228 446.509 217.691 -0.0641529
-4.51559 -3.86495 320.257 515.453 -1518 0.0414855 4.5123 3.86283 -320.257 514.657 309.932 -0.0414855
-4.42337 -3.73668 320.289 495.401 -1606.92 0.0115495 4.4209 3.73259 -320.289 500.259 422.952 -0.0115495
-4.40256 -3.09212 320.32 401.694 -1682.96 -0.0247313 4.39982 3.08738 -320.32 422.07 504.289 0.0247313
-4.52718 -2.22676 320.299 276.627 -1751.66 -0.0662644 4.52422 2.22175 -320.299 316.432 539.62 0.0662644
-4.60207 -1.48686 320.287 169.989 -1796.91 -0.111766 4.59847 1.48202 -320.287 225.867 564.86 0.111766
-4.45377 -1.17475 320.312 125.333 -1806.18 -0.159757 4.44974 1.1713 -320.312 187.515 613.629 0.159757
-4.14844 -1.3951 320.353 157.494 -1789.59 -0.208661 4.14413 1.39384 -320.353 214.381 678.389 0.208661
-3.88456 -2.05591 320.401 252.896 -1769.96 -0.257007 3.8797 2.05553 -320.401 295.244 729.121 0.257007
-3.76132 -2.99612 320.451 388.173 -1761.62 -0.303483 3.75631 2.99559 -320.451 410.57 753.614 0.303483
-3.70383 -4.03155 320.477 536.894 -1762.05 -0.346799 3.69887 4.03045 -320.477 537.777 769.329 0.346799
-3.60742 -5.02937 320.478 679.703 -1763.3 -0.385605 3.60325 5.02516 -320.478 660.535 796.116 0.385605
-3.50833 -5.90092 320.443 804.579 -1768.21 -0.41857 3.50466 5.89688 -320.443 768.005 827.3 0.41857
-3.55467 -6.42762 320.394 879.718 -1788.91 -0.444518 3.55123 6.42377 -320.394 833.289 835.552 0.444518
-3.85557 -6.45402 320.334 882.665 -1835.35 -0.462512 3.85097 6.44773 -320.334 837.055 801.902 0.462512
-4.39141 -6.049 320.267 823.626 -1908.26 -0.471809 4.3847 6.04251 -320.267 788.108 732.233 0.471809
-5.01983 -5.32308 320.222 718.346 -1998.6 -0.471767 5.01214 5.3167 -320.222 699.903 655.152 0.471767
-5.53994 -4.42486 320.193 588.494 -2086.9 -0.46189 5.5327 4.41754 -320.193 590.203 604.67 0.46189
-5.89403 -3.60601 320.191 470.413 -2161.33 -0.441984 5.88778 3.59851 -320.191 489.988 584.469 0.441984
-6.23031 -3.0879 320.227 395.816 -2226.56 -0.412266 6.22385 3.08122 -320.227 426.588 560.008 0.412266
-6.67415 -2.92366 320.273 371.919 -2288.08 -0.373361 6.66853 2.91867 -320.273 406.931 503.072 0.373361
-7.04609 -3.021 320.272 385.529 -2321.93 -0.326246 7.04195 3.0178 -320.272 419.506 437.621 0.326246
-7.1081 -3.20071 320.237 411.242 -2298.19 -0.272182 7.1048 3.19927 -320.237 441.931 397.357 0.272182
-6.92196 -3.24994 320.224 418.652 -2217.94 -0.212693 6.9187 3.24997 -320.224 447.836 366.927 0.212693
-6.7055 -3.00991 320.202 385.124 -2100.86 -0.149642 6.70217 3.00991 -320.202 417.373 307.882 0.149642
-6.47814 -2.40032 320.124 299.559 -1951.21 -0.0852297 6.47523 2.4013 -320.124 340.57 219.226 0.0852297
-6.05575 -1.30346 319.98 144.636 -1753.47 -0.0217742 6.053 1.30625 -319.98 203.346 134.594 0.0217742
-5.3843 0.430478 319.905 -100.859 -1507.09 0.0385558 5.38162 -0.425915 -319.905 -13.1326 67.8181 -0.0385558
-4.56172 2.90528 319.9 -453.318 -1223.38 0.0937814 4.55919 -2.89821 -319.9 -320.031 4.06338 -0.0937814
-3.69362 6.00848 319.797 -896.269 -918.424 0.142048 3.69125 -6.00137 -319.797 -704.272 -68.7334 -0.142048
-2.75414 9.23585 319.685 -1356.1 -591.846 0.181674 2.75195 -9.23017 -319.685 -1104.93 -144.075 -0.181674
-1.66624 11.8373 319.683 -1726.49 -239.702 0.211338 1.66426 -11.8334 -319.683 -1428.23 -205.407 -0.211338
-0.426111 12.9913 319.619 -1889.02 131.962 0.230243 0.4247 -12.9896 -319.619 -1573.6 -245.736 -0.230243
0.870345 12.1954 319.648 -1771.52 504.619 0.238093 -0.872471 -12.1937 -319.648 -1478.97 -271.905 -0.238093
2.08637 9.46113 319.865 -1374.29 859.371 0.234985 -2.08867 -9.4585 -319.865 -1147.23 -301.74 -0.234985
3.161 5.38022 320.121 -783.205 1177.3 0.221375 -3.16264 -5.37662 -320.121 -650.386 -332.643 -0.221375
4.16615 0.803748 320.351 -120.167 1453.65 0.198103 -4.1679 -0.800214 -320.351 -93.5431 -340.517 -0.198103
5.0247 -3.32282 320.445 476.488 1670.14 0.166432 -5.02632 3.32599 -320.445 409.723 -327.792 -0.166432
5.61683 -6.22021 320.508 894.017 1809.39 0.127968 -5.61817 6.22409 -320.508 764.613 -309.009 -0.127968
5.86207 -7.37222 320.394 1059.24 1858.95 0.0844693 -5.86336 7.37519 -320.394 906.348 -293.144 -0.0844693
5.78701 -6.71664 320.217 964.371 1820.12 0.0377533 -5.78821 6.71812 -320.217 826.267 -274.432 -0.0377533
5.47594 -4.60898 320.059 660.32 1702.24 -0.0103172 -5.47685 4.60942 -320.059 568.361 -239.788 0.0103172
4.99805 -1.66601 319.923 234.287 1518.21 -0.0578853 -4.9978 1.66486 -319.923 209.711 -183.722 0.0578853
4.37898 1.30277 319.756 -196.35 1281.86 -0.103204 -4.37751 -1.30586 -319.756 -151.258 -113.118 0.103204
3.60833 3.56365 319.658 -526.116 1005.6 -0.14477 -3.60522 -3.56706 -319.658 -424.183 -43.1441 0.14477
2.75448 4.69512 319.693 -692.2 713.728 -0.181395 -2.74978 -4.69738 -319.693 -559.54 20.2256 0.181395
1.89243 4.65908 319.747 -689.059 426.494 -0.212211 -1.8864 -4.66125 -319.747 -553.056 76.8189 0.212211
1.08046 3.62589 319.779 -541.895 161.21 -0.236636 -1.0736 -3.62772 -319.779 -424.764 124.928 0.236636
0.330844 1.90186 319.984 -295.066 -68.8016 -0.254395 -0.324562 -1.90326 -319.984 -211.974 154.656 0.254395
-0.427456 -0.141812 320.178 -3.46794 -269.535 -0.265526 0.431983 0.139278 -320.178 41.0451 153.055 0.265526
-1.19146 -2.23248 320.253 295.694 -445.041 -0.270344 1.19412 2.22961 -320.253 299.131 124.822 0.270344
-1.84557 -4.05032 320.349 555.386 -588.998 -0.269386 1.84508 4.04801 -320.349 524.083 94.5669 0.269386
-2.35242 -5.28709 320.433 731.374 -707.598 -0.263331 2.35036 5.28495 -320.433 677.795 78.0345 0.263331
-2.71778 -5.73412 320.38 794.158 -807.86 -0.252948 2.71497 5.73168 -320.38 734.134 80.7841 0.252948
-2.9933 -5.32707 320.274 734.191 -897.811 -0.239075 2.98919 5.32477 -320.274 685.619 97.2537 0.239075
-3.25691 -4.12657 320.19 560.208 -985.673 -0.22261 3.25245 4.12455 -320.19 539.638 114.693 0.22261
-3.47617 -2.32729 320.048 300.354 -1067.48 -0.204454 3.47262 2.32526 -320.048 319.877 137.738 0.204454
-3.57556 -0.286877 319.889 6.07429 -1134.19 -0.185457 3.57201 0.284145 -319.889 70.1722 177.769 0.185457
-3.57041 1.48605 319.799 -249.208 -1182.6 -0.16636 3.56733 -1.49049 -319.799 -147.363 227.32 0.16636
-3.52662 2.39866 319.756 -380.733 -1215.91 -0.147802 3.52443 -2.40617 -319.756 -259.512 272.051 0.147802
-3.42424 1.97971 319.785 -320.634 -1228.7 -0.130348 3.42289 -1.98757 -319.785 -207.982 311.929 0.130348
-3.21696 0.288699 319.926 -77.3226 -1213.8 -0.114448 3.2169 -0.293172 -319.926 -0.08509 352.058 0.114448
-2.87774 -1.99571 320.148 252.06 -1165.72 -0.100354 2.88 1.9955 -320.148 280.031 394.101 0.100354
-2.40301 -4.1047 320.321 556.449 -1078.17 -0.0881011 2.4074 4.10276 -320.321 537.581 432.907 0.0881011
-1.90187 -5.60766 320.46 774.021 -957.519 -0.0775555 1.90693 5.60682 -320.46 720.782 445.974 0.0775555
-1.49523 -6.03316 320.571 837.525 -813.86 -0.0684748 1.50002 6.03898 -320.571 771.582 411.096 0.0684748
-1.19747 -4.92721 320.553 680.248 -655.724 -0.0605335 1.20161 4.93142 -320.553 633.836 332.886 0.0605335
-0.900583 -2.54966 320.504 340.61 -480.092 -0.0533039 0.902475 2.55203 -320.504 339.461 237.241 0.0533039
-0.586882 0.396343 320.396 -81.6391 -293.059 -0.0462707 0.586327 -0.393901 -320.396 -23.5717 134.734 0.0462707
-0.317808 3.10769 320.208 -469.98 -113.738 -0.0389535 0.31581 -3.10848 -320.208 -358.403 27.9046 0.0389535
-0.00823378 4.70799 320.022 -699.359 61.952 -0.0310331 0.00629734 -4.71357 -320.022 -556.241 -64.7448 0.0310331
0.435977 4.54832 319.903 -674.563 242.731 -0.0223519 -0.436326 -4.55282 -319.903 -538.336 -126.856 0.0223519
1.08918 2.82485 319.884 -423.535 441.35 -0.0128599 -1.08492 -2.82647 -319.884 -329.578 -151.537 0.0128599
1.9924 0.399682 320.011 -71.0421 676.163 -0.00262395 -1.98298 -0.397843 -320.011 -35.167 -145.82 0.00262395
3.07638 -1.68705 320.157 233.252 961.812 0.00813148 -3.06325 1.69178 -320.157 217.152 -142.466 -0.00813148
4.06479 -2.51564 320.306 355.856 1278.02 0.0190079 -4.05179 2.52364 -320.306 315.845 -194.47 -0.0190079
4.88971 -1.63629 320.434 231.697 1615.74 0.0294703 -4.87737 1.64384 -320.434 205.538 -311.357 -0.0294703
5.79167 0.754346 320.591 -110.487 1988.03 0.0389731 -5.78121 -0.74788 -320.591 -89.6759 -442.039 -0.0389731
6.84907 3.87577 320.514 -556.604 2382.45 0.0470868 -6.84182 -3.87267 -320.514 -476.061 -553.243 -0.0470868
7.72127 6.63658 320.229 -948.832 2733.66 0.0534503 -7.71955 -6.63804 -320.229 -820.374 -670.359 -0.0534503
8.14457 8.04509 320.024 -1146.82 2986.36 0.0576317 -8.14682 -8.04877 -320.024 -998.143 -808.959 -0.0576317
8.32004 7.5783 319.797 -1077.47 3144.99 0.0591976 -8.32303 -7.58424 -319.797 -943.373 -920.225 -0.0591976
8.58186 5.2531 319.646 -744.961 3237.17 0.0579676 -8.58303 -5.25935 -319.646 -656.112 -942.662 -0.0579676
8.87775 1.60459 319.655 -225.27 3259.29 0.0540863 -8.8785 -1.61074 -319.655 -203.234 -886.025 -0.0540863
8.87118 -2.47591 319.631 356.648 3185.51 0.047824 -8.86884 2.47122 -319.631 302.748 -814.691 -0.047824
8.48012 -5.80842 319.658 832.849 3019.71 0.0394062 -8.47488 5.80932 -319.658 715.612 -753.936 -0.0394062
7.88261 -7.26916 319.647 1042.34 2794.96 0.0290955 -7.87843 7.27142 -319.647 895.675 -688.851 -0.0290955
7.13988 -6.4953 319.596 932.502 2521.78 0.0173627 -7.13459 6.4946 -319.596 798.836 -614.441 -0.0173627
6.35501 -3.9169 319.532 562.744 2216.35 0.00482084 -6.34858 3.91674 -319.532 481.369 -519.109 -0.00482084
5.59963 -0.257253 319.556 33.9915 1893.57 -0.00801363 -5.59299 0.257562 -319.556 34.677 -398.488 0.00801363
4.78243 3.62352 319.504 -527.929 1557.73 -0.0208023 -4.77533 -3.62363 -319.504 -437.903 -281.362 0.0208023
3.8194 6.87345 319.477 -999.837 1211.1 -0.0332775 -3.81213 -6.87251 -319.477 -832.144 -192.259 0.0332775
2.76587 8.93114 319.543 -1299.45 867.925 -0.0451474 -2.76006 -8.92862 -319.543 -1080.81 -130.489 0.0451474
1.71836 9.61363 319.627 -1401.43 538.679 -0.0560962 -1.71299 -9.61118 -319.627 -1160.75 -81.1529 0.0560962
0.795483 8.87774 319.78 -1298.13 236.309 -0.0658305 -0.79035 -8.8762 -319.78 -1068.01 -25.4676 0.0658305
0.0137398 6.7769 319.919 -997.601 -31.675 -0.0741243 -0.00823724 -6.77913 -319.919 -809.036 33.4249 0.0741243
-0.632867 3.38472 320.163 -511.274 -255.569 -0.0808245 0.639521 -3.391 -320.163 -391.681 84.2317 0.0808245
-1.13102 -0.936936 320.387 109.371 -424.795 -0.0858077 1.13816 0.932035 -320.387 139.843 120.153 0.0858077
-1.44829 -5.45303 320.565 757.829 -530.015 -0.0889487 1.45732 5.4466 -320.565 694.996 140.251 0.0889487
-1.50314 -9.47089 320.654 1334.76 -556.911 -0.0901493 1.51295 9.4632 -320.654 1188.9 152.309 0.0901493
-1.31183 -12.4875 320.681 1768.01 -504.723 -0.0894098 1.32146 12.4803 -320.681 1559.83 151.227 0.0894098
-0.925144 -14.1304 320.635 2004.15 -378.621 -0.0868803 0.934768 14.124 -320.635 1761.72 128.491 0.0868803
-0.321527 -14.2781 320.532 2027.25 -179.21 -0.0828283 0.330988 14.2721 -320.532 1778.05 90.4741 0.0828283
0.511406 -12.9894 320.435 1846.59 85.2129 -0.0775488 -0.502157 12.9863 -320.435 1615.55 48.7343 0.0775488
1.53715 -10.3517 320.368 1472.92 402.789 -0.0713141 -1.52735 10.3513 -320.368 1286.46 5.26582 0.0713141
2.72723 -6.62071 320.352 941.867 767.245 -0.0643901 -2.71661 6.62111 -320.352 823.077 -41.2072 0.0643901
4.0567 -2.29205 320.422 321.235 1179.8 -0.0570255 -4.04643 2.29234 -320.422 289.842 -98.3916 0.0570255
5.30515 1.90534 320.404 -280.846 1603.41 -0.049395 -5.29458 -1.90517 -320.404 -226.955 -188.25 0.049395
6.53791 5.34787 320.44 -772.916 2040.61 -0.0415818 -6.52715 -5.34869 -320.44 -652.665 -295.85 0.0415818
7.77044 7.53681 320.337 -1082.65 2479.87 -0.0335706 -7.76018 -7.53962 -320.337 -926.692 -405.492 0.0335706
8.8836 8.17842 320.256 -1168 2893.66 -0.0252603 -8.87382 -8.18268 -320.256 -1012.58 -521.526 0.0252603
9.82525 7.31453 320.337 -1039.76 3263.92 -0.0165676 -9.81631 -7.31945 -320.337 -910.643 -639.759 0.0165676
10.5658 5.25544 320.315 -743.21 3579.29 -0.00749222 -10.5583 -5.26034 -320.315 -658.316 -756.72 0.00749222
11.0671 2.48187 320.215 -346.9 3825.94 0.00192461 -11.0617 -2.48579 -320.215 -315.169 -868.793 -0.00192461
11.3282 -0.361892 320.237 56.6386 3990.55 0.01162 -11.3244 0.359896 -320.237 39.5935 -963.091 -0.01162
11.4073 -2.66009 320.07 382.307 4072.2 0.021507 -11.4053 2.6604 -320.07 326.849 -1023.14 -0.021507
11.277 -3.91721 319.798 560.269 4061.25 0.0314896 -11.2763 3.91896 -319.798 484.181 -1046.73 -0.0314896
10.9028 -3.98772 319.573 570.281 3951.72 0.0414466 -10.9018 3.98895 -319.573 492.895 -1037.25 -0.0414466
10.2912 -3.09384 319.35 443.753 3745.52 0.0511973 -10.2901 3.09386 -319.35 380.985 -994.585 -0.0511973
9.38664 -1.66174 319.107 239.805 3438.89 0.0605052 -9.38624 1.66102 -319.107 203.09 -929.708 -0.0605052
8.11434 -0.0907376 318.94 14.3354 3027.7 0.0690814 -8.11392 0.0890778 -318.94 9.67064 -858.582 -0.0690814
6.55128 1.27419 318.894 -181.701 2526.38 0.0765437 -6.55107 -1.27703 -318.894 -158.282 -774.981 -0.0765437
4.82914 2.23676 319.087 -324.199 1954.99 0.0824064 -4.8293 -2.24072 -319.087 -272.502 -663.813 -0.0824064
3.18082 2.64652 319.36 -388.23 1370.15 0.0861433 -3.18097 -2.65057 -319.36 -317.695 -519.713 -0.0861433
1.53646 2.54255 319.77 -379.711 776.886 0.0872831 -1.53606 -2.54664 -319.77 -298.489 -366.279 -0.0872831
-0.14351 2.01149 320.054 -308.134 183.64 0.0854441 0.144049 -2.01556 -320.054 -228.492 -222.31 -0.0854441
-1.70762 1.26207 320.228 -207.15 -380.916 0.0802936 1.70778 -1.26505 -320.228 -129.548 -76.0616 -0.0802936
-3.12028 0.458076 320.63 -97.6684 -910.703 0.0715339 3.1198 -0.459269 -320.63 -24.4626 75.8781 -0.0715339
-4.42113 -0.20479 320.866 -8.01919 -1406.93 0.0589175 4.4204 0.204393 -320.866 62.7041 224.1 -0.0589175
-5.61911 -0.74842 320.902 63.2835 -1865.98 0.0422921 5.61764 0.747259 -320.902 136.226 362.74 -0.0422921
-6.64963 -1.41872 320.853 155.375 -2275.68 0.0216796 6.64748 1.41705 -320.853 222.753 496.787 -0.0216796
-7.51291 -2.39143 320.868 291.777 -2629.61 -0.00277153 7.51026 2.38933 -320.868 345.59 619.758 0.00277153
-8.20972 -3.77029 320.764 485.613 -2922.62 -0.0308996 8.20663 3.76643 -320.764 519.079 726.319 0.0308996
-8.68684 -5.58567 320.586 740.728 -3146.36 -0.0624362 8.6849 5.58019 -320.586 747.671 822.102 0.0624362
-8.88783 -7.70483 320.492 1038.89 -3291.22 -0.0968338 8.88599 7.69898 -320.492 1014.36 912.918 0.0968338
-8.89843 -9.74627 320.451 1326.41 -3363.74 -0.133312 8.8965 9.74102 -320.451 1271.1 982.34 0.133312
-8.84728 -11.1742 320.356 1527.28 -3379.37 -0.171038 8.84492 11.1696 -320.356 1450.96 1011.56 0.171038
-8.78772 -11.5323 320.286 1578.38 -3350.52 -0.209207 8.7834 11.5285 -320.286 1495.42 998.927 0.209207
-8.66231 -10.5718 320.289 1444.41 -3280.54 -0.246999 8.65709 10.5685 -320.289 1373.42 962.715 0.246999
-8.35478 -8.35271 320.29 1132.18 -3163.99 -0.283505 8.34847 8.34928 -320.29 1094.09 928.592 0.283505
-7.84118 -5.24508 320.222 693.966 -3002.59 -0.317778 7.83544 5.2421 -320.222 703.976 904.409 0.317778
-7.16285 -1.78297 320.172 203.814 -2800.07 -0.348966 7.1589 1.78048 -320.172 271.317 882.917 0.348966
-6.4037 1.39681 320.134 -248.004 -2562.24 -0.376354 6.40031 -1.39898 -320.134 -124.436 847.912 0.376354
-5.65836 3.7365 320.035 -581.033 -2299.89 -0.399317 5.65558 -3.73751 -320.035 -414.929 784.796 0.399317
-4.89605 4.90329 319.949 -745.839 -2014.56 -0.417266 4.8947 -4.90268 -319.949 -560.933 703.2 0.417266
-3.9905 4.89054 319.893 -741.734 -1696.94 -0.429624 3.98923 -4.88918 -319.893 -561.547 627.731 0.429624
-3.00469 3.87542 319.955 -593.242 -1356.43 -0.435823 3.00264 -3.87361 -319.955 -439.397 550.92 0.435823
-2.14892 2.2236 320.008 -352.919 -1022.02 -0.435341 2.14627 -2.22191 -320.008 -239.438 445.566 0.435341
-1.43374 0.33534 319.99 -77.9526 -707.317 -0.427771 1.43121 -0.33466 -319.99 -11.2145 322.335 0.427771
-0.681522 -1.36563 319.972 170.835 -399.08 -0.412824 0.679033 1.36628 -319.972 193.393 215.41 0.412824
0.0828421 -2.47457 320.016 334.086 -105.891 -0.390297 -0.0848562 2.47502 -320.016 325.702 126.653 0.390297
0.733804 -2.73408 320.005 374.886 155.588 -0.360108 -0.735407 2.7343 -320.005 354.036 39.3342 0.360108
1.22788 -2.09705 319.88 285.914 383.266 -0.322369 -1.22981 2.0972 -319.88 273.183 -55.9639 0.322369
1.55599 -0.720226 319.882 88.7095 573.536 -0.277453 -1.55907 0.720192 -319.882 103.355 -158.058 0.277453
1.7639 1.04964 319.885 -165.604 723.287 -0.226014 -1.76722 -1.04959 -319.885 -114.096 -251.892 0.226014
1.95936 2.82084 319.841 -420.12 838.238 -0.168957 -1.96295 -2.82059 -319.841 -331.685 -314.362 0.168957
2.1287 4.23789 319.828 -623.239 913.967 -0.107441 -2.13289 -4.23721 -319.828 -506.24 -344.658 0.107441
2.15887 5.08742 319.863 -745.189 939.648 -0.0429371 -2.1632 -5.08631 -319.863 -610.681 -362.192 0.0429371
2.0001 5.31295 319.861 -777.772 910.359 0.0227539 -2.00381 -5.31074 -319.861 -638.066 -375.342 -0.0227539
1.73438 5.07293 319.889 -743.665 836.284 0.0875646 -1.7378 -5.0692 -319.889 -607.99 -372.292 -0.0875646
1.41448 4.62744 319.955 -680.666 726.811 0.149342 -1.41752 -4.62358 -319.955 -552.219 -348.405 -0.149342
1.01063 4.16081 319.955 -614.493 583.722 0.205981 -1.01268 -4.15716 -319.955 -494.032 -313.447 -0.205981
0.558869 3.81022 319.955 -565.206 420.435 0.255418 -0.559205 -3.80599 -319.955 -449.787 -271.212 -0.255418
0.105935 3.6291 319.929 -540.708 251.193 0.295713 -0.105721 -3.62622 -319.929 -426.181 -223.2 -0.295713
-0.361281 3.5063 319.878 -524.57 83.4161 0.32529 0.36171 -3.50451 -319.878 -409.726 -180.404 -0.32529
-0.829391 3.25954 319.856 -490.441 -74.7708 0.34306 0.829835 -3.25826 -319.856 -378.144 -147.382 -0.34306
-1.24136 2.7492 319.882 -418.877 -215.565 0.348359 1.2415 -2.74871 -319.882 -313.774 -116.711 -0.348359
-1.56214 1.87823 319.891 -295.291 -335.177 0.340902 1.56174 -1.87796 -319.891 -205.219 -82.8463 -0.340902
-1.80225 0.66949 319.968 -122.802 -434.879 0.320829 1.80132 -0.668992 -319.968 -55.4732 -47.3562 -0.320829
-2.00411 -0.746173 320.14 80.1976 -521.183 0.288704 2.00228 0.746446 -320.14 118.858 -14.9818 -0.288704
-2.18712 -2.1693 320.253 284.329 -598.06 0.245472 2.18425 2.16953 -320.253 294.071 13.0305 -0.245472
-2.35453 -3.36301 320.361 454.981 -670.017 0.192396 2.35088 3.3634 -320.361 441.638 40.2608 -0.192396
-2.47941 -4.06572 320.489 554.959 -738.522 0.130985 2.4755 4.06678 -320.489 529.067 75.2992 -0.130985
-2.54483 -3.98753 320.496 542.685 -804.566 0.0629619 2.54103 3.99036 -320.496 520.738 123.672 -0.0629619
-2.58042 -2.78149 320.434 368.528 -871.453 -0.00974369 2.57662 2.78885 -320.434 374.019 180.848 0.00974369
-2.64335 -0.294922 320.352 10.0361 -943.637 -0.0850634 2.63978 0.30097 -320.352 69.519 236.006 0.0850634
-2.74526 3.07886 320.234 -475.91 -1020.85 -0.160906 2.74187 -3.07365 -320.234 -343.96 285.814 0.160906
-2.82641 6.66687 320.031 -991.755 -1093.65 -0.235189 2.82341 -6.66015 -320.031 -784.331 336.719 0.235189
-2.84538 9.86752 319.838 -1451.13 -1156.26 -0.305859 2.8437 -9.86138 -319.838 -1178.2 393.889 0.305859
-2.78392 12.1066 319.719 -1770.75 -1202.59 -0.370981 2.78351 -12.1003 -319.719 -1455.41 456.252 0.370981
-2.68914 13.0124 319.583 -1899.3 -1230.5 -0.428833 2.68935 -13.0055 -319.583 -1568.22 509.203 0.428833
-2.64827 12.4867 319.528 -1824.22 -1245.55 -0.477922 2.64896 -12.4799 -319.528 -1503.19 535.009 0.477922
-2.66239 10.661 319.631 -1563.75 -1247.55 -0.517006 2.66229 -10.6543 -319.631 -1277.02 533.335 0.517006
-2.67928 7.82624 319.805 -1157.45 -1235.47 -0.545102 2.67829 -7.82081 -319.805 -927.844 516.911 0.545102
-2.61945 4.43 319.942 -669.757 -1204.68 -0.561489 2.61815 -4.42547 -319.942 -510.354 502.175 0.561489
-2.49232 0.981561 320.109 -173.963 -1161.48 -0.565735 2.49021 -0.97807 -320.109 -87.0713 493.046 0.565735
-2.38749 -2.00852 320.259 256.151 -1117.98 -0.55774 2.38446 2.01051 -320.259 279.65 477.703 0.55774
-2.36671 -4.17978 320.302 568.69 -1085.53 -0.537745 2.36347 4.18043 -320.302 545.702 450.911 0.537745
-2.34458 -5.31277 320.291 731.666 -1058.74 -0.506291 2.34207 5.31277 -320.291 684.648 430.006 0.506291
-2.22489 -5.34845 320.257 736.895 -1026.82 -0.464191 2.22339 5.34799 -320.257 688.866 429.924 0.464191
-2.06226 -4.37265 320.19 596.648 -990.366 -0.412562 2.06158 4.3721 -320.19 568.991 436.784 0.412562
-1.96578 -2.63159 320.098 346.115 -954.278 -0.352846 1.9663 2.63086 -320.098 355.402 426.36 0.352846
-1.92823 -0.510032 320.001 41.3688 -913 -0.286779 1.92989 0.509018 -320.001 94.5845 395.096 0.286779
-1.87508 1.56658 319.925 -256.62 -855.301 -0.216279 1.87635 -1.56759 -319.925 -160.969 351.827 0.216279
-1.81132 3.20723 319.843 -491.9 -780.33 -0.143342 1.81216 -3.2082 -319.843 -363.019 294.173 0.143342
-1.71295 4.17607 319.795 -630.426 -686.238 -0.070003 1.71496 -4.17589 -319.795 -482.596 226.461 0.070003
-1.50141 4.49092 319.817 -674.309 -564.836 0.00168428 1.50371 -4.48867 -319.817 -522.367 161.773 -0.00168428
-1.16553 4.38873 319.847 -657.874 -411.343 0.0697528 1.16889 -4.38528 -319.847 -511.406 98.0984 -0.0697528
-0.73988 4.1556 319.901 -621.761 -225.075 0.132445 0.745009 -4.15046 -319.901 -485.158 25.5611 -0.132445
-0.212635 4.09577 319.994 -610.241 -1.4044 0.188267 0.218434 -4.08899 -319.994 -480.517 -57.0569 -0.188267
0.405256 4.4021 320.075 -652.211 261.235 0.236015 -0.399154 -4.3958 -320.075 -520.272 -154.333 -0.236015
1.1149 5.04093 320.062 -741.611 560.548 0.274805 -1.1082 -5.03423 -320.062 -601.112 -263.772 -0.274805
1.96084 5.90812 320.172 -862.832 896.874 0.304041 -1.95417 -5.90077 -320.172 -710.971 -373.734 -0.304041
2.93369 6.8895 320.279 -999.94 1265.76 0.323424 -2.92794 -6.882 -320.279 -835.447 -482.261 -0.323424
3.94547 7.83705 320.225 -1132.11 1648.84 0.332965 -3.94072 -7.82922 -320.225 -955.825 -594.573 -0.332965
4.92119 8.62672 320.159 -1241.57 2026.33 0.332944 -4.91794 -8.61856 -320.159 -1056.82 -710.857 -0.332944
5.82398 9.16033 320.058 -1313.01 2378.6 0.323854 -5.82197 -9.15185 -320.058 -1127.59 -821.467 -0.323854
6.65671 9.43436 319.923 -1347.26 2688.6 0.306414 -6.65596 -9.42585 -319.923 -1166.39 -908.603 -0.306414
7.36955 9.4157 319.787 -1340.48 2937.03 0.281508 -7.37002 -9.40918 -319.787 -1168.47 -966.278 -0.281508
7.8996 8.9348 319.606 -1269.4 3110.24 0.250086 -7.90119 -8.93121 -319.606 -1111.76 -997.665 -0.250086
8.17163 7.82038 319.464 -1109.61 3193.88 0.213175 -8.1745 -7.81797 -319.464 -974.649 -1008.45 -0.213175
8.15437 6.12252 319.409 -868.265 3177.07 0.171906 -8.15828 -6.12037 -319.409 -763.442 -996.172 -0.171906
7.87304 4.0747 319.391 -577.975 3055.65 0.127432 -7.87753 -4.07307 -319.391 -507.927 -949.985 -0.127432
7.38573 1.97896 319.405 -280.304 2833.56 0.0808395 -7.38934 -1.97713 -319.405 -246.925 -858.505 -0.0808395
6.69889 0.127924 319.509 -15.9821 2514.7 0.0331302 -6.70133 -0.12635 -319.509 -17.865 -723.715 -0.0331302
5.73446 -1.21243 319.632 174.377 2100.12 -0.0148119 -5.73668 1.21407 -319.632 149.074 -567.265 0.0148119
4.51208 -1.95407 319.8 277.961 1612.58 -0.0622558 -4.5135 1.95439 -319.8 243.015 -406.852 0.0622558
3.18041 -2.26256 320.114 317.667 1085.43 -0.108571 -3.18136 2.25981 -320.114 285.144 -236.059 0.108571
1.7074 -2.45616 320.254 340.046 519.247 -0.153157 -1.70896 2.45328 -320.254 314.368 -63.8593 0.153157
0.225003 -2.66023 320.252 362.115 -54.3183 -0.195453 -0.226631 2.65768 -320.252 346.76 113.079 0.195453
-1.30563 -2.91141 320.578 390.451 -640.334 -0.234934 1.30393 2.90841 -320.578 385.341 289.579 0.234934
-2.84467 -3.23478 320.825 429.559 -1225.23 -0.271084 2.84243 3.23128 -320.825 432.385 462.779 0.271084
-4.46248 -3.53335 320.93 464.566 -1812.15 -0.303413 4.45999 3.53224 -320.93 477.307 617.022 0.303413
-6.04348 -3.55922 320.978 461.798 -2382.38 -0.331452 6.04344 3.55953 -320.978 487.179 764.115 0.331452
-7.24217 -3.13513 320.964 397.673 -2872.31 -0.354695 7.24441 3.13568 -320.964 438.3 932.955 0.354695
-8.10372 -2.155 320.678 256.024 -3266.04 -0.372589 8.10772 2.15828 -320.678 319.054 1095.74 0.372589
-8.84088 -0.554539 320.558 28.5436 -3564.01 -0.384674 8.84604 0.560181 -320.558 120.226 1196.27 0.384674
-9.48257 1.68377 320.342 -287.775 -3762.05 -0.390749 9.48857 -1.67642 -320.342 -159.881 1222.69 0.390749
-9.79198 4.3035 319.947 -657.184 -3833.7 -0.390805 9.79798 -4.29626 -319.947 -488.818 1211.75 0.390805
-9.67501 6.8472 319.664 -1016.33 -3772.13 -0.384905 9.67939 -6.84094 -319.664 -807.862 1181.75 0.384905
-9.25326 8.70412 319.543 -1279.3 -3594.84 -0.373249 9.2566 -8.69998 -319.543 -1040.16 1117.5 0.373249
-8.61148 9.33084 319.344 -1370.22 -3318.2 -0.356284 8.61389 -9.32904 -319.344 -1116.62 1012.8 0.356284
-7.72009 8.41595 319.279 -1243.67 -2947.55 -0.334666 7.72084 -8.4153 -319.279 -999.437 880.959 0.334666
-6.53367 6.04068 319.361 -908.088 -2489.66 -0.3091 6.53469 -6.04017 -319.361 -701.878 740.431 0.3091
-5.1017 2.73565 319.6 -434.299 -1962.99 -0.280225 5.10247 -2.73412 -319.6 -294.546 596.788 0.280225
-3.55263 -0.636 319.854 55.0135 -1394.08 -0.248585 3.55241 0.639032 -319.854 115.072 442.326 0.248585
-2.05775 -3.15458 320.176 423.393 -816.57 -0.214697 2.05688 3.15776 -320.176 418.047 264.855 0.214697
-0.619906 -4.28676 320.183 594.456 -245.211 -0.179119 0.618176 4.2893 -320.183 548.668 78.3789 0.179119
0.809197 -3.89308 320.29 544.835 310.687 -0.142373 -0.8109 3.89419 -320.29 493.141 -95.1237 0.142373
2.32545 -2.23904 320.21 311.462 859.673 -0.104871 -2.32709 2.23991 -320.21 285.567 -238.583 0.104871
3.77825 0.222651 320.266 -38.7644 1373.56 -0.0669608 -3.77957 -0.221576 -320.266 -20.3777 -364.011 0.0669608
5.04921 2.95665 320.223 -429.315 1835.52 -0.0290551 -5.05049 -2.95624 -320.223 -358.698 -486.076 0.0290551
6.05693 5.38744 319.95 -775.531 2229.25 0.0082879 -6.0581 -5.38674 -319.95 -660.4 -610.26 -0.0082879
6.79236 7.09976 319.747 -1017.15 2539.2 0.0444562 -6.79374 -7.09862 -319.747 -875.169 -723.375 -0.0444562
7.36367 7.88444 319.795 -1126.16 2768.9 0.0788967 -7.3651 -7.88367 -319.795 -975.384 -800.209 -0.0788967
7.73685 7.65683 319.706 -1091.53 2913.12 0.111074 -7.73823 -7.65641 -319.706 -949.388 -844.608 -0.111074
7.80618 6.41822 319.581 -913.857 2963.24 0.140375 -7.8077 -6.41981 -319.581 -797.165 -876.086 -0.140375
7.5453 4.16876 319.667 -592.915 2918.14 0.166107 -7.54692 -4.17414 -319.667 -518.992 -900.579 -0.166107
7.03811 0.978939 319.817 -137.428 2784.73 0.187614 -7.03996 -0.985547 -319.817 -124.356 -902.594 -0.187614
6.34515 -2.73171 319.853 393.982 2568.81 0.204397 -6.34821 2.72684 -319.853 333.581 -871.692 -0.204397
5.43069 -6.25975 319.953 900.286 2268.96 0.216064 -5.43442 6.25473 -319.953 767.692 -816.167 -0.216064
4.34738 -9.01198 320.172 1295.12 1899.99 0.222253 -4.35152 9.0068 -320.172 1106.48 -736.741 -0.222253
3.16528 -10.6439 320.21 1527.07 1478.1 0.222647 -3.16954 10.6394 -320.21 1309.62 -630.939 -0.222647
1.94078 -11.0336 320.3 1579.52 1016.68 0.217046 -1.94446 11.0294 -320.3 1361.11 -497.148 -0.217046
0.682548 -10.2443 320.381 1460.45 525.578 0.205344 -0.685784 10.2404 -320.381 1269.83 -342.752 -0.205344
-0.576109 -8.62046 320.439 1220.21 23.4643 0.187485 0.573711 8.61555 -320.439 1077.11 -177.562 -0.187485
-1.79107 -6.63772 320.383 928.062 -475.738 0.163501 1.79036 6.63247 -320.383 840.706 -3.75996 -0.163501
-2.86153 -4.73189 320.649 646.893 -947.387 0.133567 2.86272 4.72714 -320.649 613.943 181.015 -0.133567
-3.80069 -3.21282 320.605 423.17 -1378.77 0.0980065 3.80273 3.2082 -320.605 432.773 360.76 -0.0980065
-4.6893 -2.20306 320.631 272.7 -1764.98 0.0572091 4.69175 2.1988 -320.631 314.143 509.025 -0.0572091
-5.52739 -1.74598 320.673 203.33 -2099.85 0.01163 5.52991 1.7422 -320.673 261.747 619.628 -0.01163
-6.18523 -1.71542 320.703 197.071 -2364.69 -0.0380814 6.18732 1.71281 -320.703 260.022 708.495 0.0380814
-6.58725 -1.89522 320.603 221.891 -2548.46 -0.0910199 6.58875 1.89312 -320.603 283.203 784.69 0.0910199
-6.79158 -2.0824 320.527 248.03 -2659.71 -0.146089 6.7926 2.08076 -320.527 307.023 841.22 0.146089
-6.8559 -2.1532 320.463 258.052 -2705.95 -0.202079 6.85638 2.15187 -320.463 315.918 870.247 0.202079
-6.78572 -2.05479 320.314 244.43 -2690.54 -0.257691 6.78579 2.05369 -320.314 303.338 873.622 0.257691
-6.56501 -1.80502 320.138 209.604 -2615.63 -0.311497 6.56458 1.80437 -320.138 271.642 857.797 0.311497
-6.19467 -1.45402 320.012 160.502 -2485.67 -0.361958 6.19373 1.4537 -320.012 227.225 826.93 0.361958
-5.70672 -1.05721 319.89 105.01 -2309.87 -0.407521 5.70563 1.05733 -319.89 176.997 781.643 0.407521
-5.0987 -0.650752 319.754 48.5216 -2091.31 -0.446744 5.09761 0.651099 -319.754 125.165 725.688 0.446744
-4.40178 -0.226496 319.684 -10.1847 -1840.39 -0.478339 4.40155 0.22703 -319.684 70.7996 661.038 0.478339
-3.58732 0.256673 319.612 -75.5884 -1556.89 -0.501165 3.58731 -0.255537 -319.612 7.47927 595.303 0.501165
-2.73441 0.937883 319.648 -169.973 -1252.79 -0.514239 2.73446 -0.935939 -319.648 -79.6222 519.303 0.514239
-1.91083 1.91238 319.712 -306.801 -941.017 -0.516833 1.91141 -1.9099 -319.712 -202.494 427.8 0.516833
-1.08821 3.22815 319.705 -493.073 -623.243 -0.508595 1.08893 -3.22484 -319.705 -366.854 330.124 0.508595
-0.290983 4.83989 319.757 -721.732 -306.728 -0.489564 0.290766 -4.83542 -319.757 -567.675 227.09 0.489564
0.432709 6.59048 319.849 -970.767 -0.700305 -0.460051 -0.433216 -6.58735 -319.849 -785.464 114.839 0.460051
1.12339 8.06527 319.861 -1181.36 292.637 -0.420602 -1.12272 -8.06395 -319.861 -968.239 6.24308 0.420602
1.8469 8.79123 319.804 -1283.33 577.212 -0.372063 -1.84628 -8.79026 -319.804 -1059.83 -84.7336 0.372063
2.51284 8.53603 319.91 -1243.3 841.737 -0.315541 -2.51259 -8.53468 -319.91 -1031.79 -171.021 0.315541
2.98873 7.29525 319.918 -1062.05 1069.53 -0.252317 -2.98933 -7.29464 -319.918 -882.406 -271.238 0.252317
3.28125 5.19852 319.873 -757.612 1253.39 -0.183848 -3.28401 -5.19752 -319.873 -627.895 -376.308 0.183848
3.42205 2.52763 319.968 -370.976 1382.19 -0.111785 -3.42706 -2.52789 -319.968 -302.755 -466.898 0.111785
3.44727 -0.423291 320.009 55.5348 1447.43 -0.0378911 -3.45331 0.420964 -320.009 57.0499 -525.071 0.0378911
3.40909 -3.35399 319.999 478.207 1448.47 0.0359877 -3.41493 3.35117 -319.999 415.516 -536.304 -0.0359877
3.2862 -5.96089 320.074 853.221 1384.71 0.107943 -3.29178 5.95577 -320.074 735.09 -505.529 -0.107943
2.93465 -8.02597 320.149 1149.6 1245.57 0.176088 -2.94017 8.01999 -320.149 989.071 -460.464 -0.176088
2.30606 -9.33943 320.124 1336.91 1033.39 0.238552 -2.31082 9.33455 -320.124 1152.02 -416.451 -0.238552
1.51222 -9.70874 320.201 1387.02 764.823 0.293468 -1.51637 9.70343 -320.201 1200.31 -360.205 -0.293468
0.71199 -9.17298 320.353 1306.43 466.775 0.339163 -0.715505 9.16725 -320.353 1138.04 -276.295 -0.339163
-0.0944009 -7.98228 320.397 1130.48 148.078 0.374328 0.0917706 7.97615 -320.397 996.559 -173.49 -0.374328
-0.972327 -6.50063 320.417 912.331 -187.781 0.397905 0.970208 6.49418 -320.417 819.725 -72.5692 -0.397905
-1.9197 -5.11753 320.648 708.483 -529.021 0.408918 1.91765 5.11068 -320.648 654.853 15.28 -0.408918
-2.87959 -4.16077 320.755 565.418 -861.369 0.406601 2.8782 4.15367 -320.755 542.863 90.8529 -0.406601
-3.72259 -3.83114 320.691 514.398 -1166.65 0.390594 3.72184 3.82526 -320.691 506.186 170.579 -0.390594
-4.43191 -4.05051 320.777 542.196 -1435.08 0.360949 4.43035 4.04512 -320.777 536.938 249.349 -0.360949
-5.09396 -4.65672 320.848 625.642 -1669.65 0.318049 5.09195 4.6519 -320.848 615.169 306.915 -0.318049
-5.74109 -5.43741 320.77 734.192 -1872.29 0.262572 5.73903 5.43271 -320.77 714.745 336.593 -0.262572
-6.19103 -6.19457 320.609 840.275 -2022.45 0.195522 6.18924 6.19002 -320.609 810.518 366.432 -0.195522
-6.30922 -6.74117 320.523 917.417 -2102.86 0.11836 6.30856 6.73644 -320.523 879.057 414.948 -0.11836
-6.14956 -6.95046 320.403 947.359 -2112.91 0.0330571 6.14918 6.94565 -320.403 904.894 467.407 -0.0330571
-5.87368 -6.7462 320.216 919.089 -2065.87 -0.0580699 5.87381 6.74184 -320.216 878.775 493.889 0.0580699
-5.49693 -6.07542 320.063 824.838 -1963.88 -0.152522 5.49788 6.07211 -320.063 794.36 492.431 0.152522
-4.90972 -4.92967 319.949 663.536 -1800.59 -0.247625 4.91096 4.92728 -319.949 650.365 485.98 0.247625
-4.10789 -3.37412 319.865 443.939 -1582.09 -0.340535 4.10855 3.37249 -319.865 455.408 481.754 0.340535
-3.21991 -1.57388 319.876 188.989 -1328.59 -0.428374 3.22042 1.57244 -319.876 230.504 465.541 0.428374
-2.29019 0.234639 319.912 -67.6834 -1050.22 -0.508367 2.29085 -0.235628 -319.912 5.14809 435.617 0.508367
-1.33835 1.80428 319.898 -290.164 -759.167 -0.577905 1.33912 -1.80575 -319.898 -190.848 398.958 0.577905
-0.328458 2.92656 319.91 -448.649 -456.905 -0.634697 0.330025 -2.92793 -319.91 -331.513 366.485 0.634697
0.691992 3.49394 319.946 -526.625 -151.91 -0.676851 -0.69012 -3.49489 -319.946 -404.733 334.157 0.676851
1.63853 3.57787 319.987 -535.46 142.822 -0.702735 -1.63608 -3.57874 -319.987 -418.269 292.339 0.702735
2.50157 3.2904 320.008 -491.876 423.68 -0.710963 -2.4975 -3.29115 -320.008 -385.217 241.972 0.710963
3.29948 2.76269 319.956 -413.8 688.048 -0.700651 -3.29543 -2.76322 -319.956 -322.604 190.919 0.700651
3.95048 2.13593 319.962 -321.569 924.302 -0.671521 -3.94794 -2.13634 -319.962 -247.757 128.968 0.671521
4.34515 1.5186 319.953 -230.414 1112.15 -0.62388 -4.34294 -1.51917 -319.953 -174.386 46.8713 0.62388
4.56334 0.949639 319.89 -146.272 1251.45 -0.558658 -4.56132 -0.95086 -319.89 -106.959 -33.8376 0.558658
4.74141 0.388902 319.831 -64.3793 1352.81 -0.477394 -4.73895 -0.391248 -319.831 -39.534 -87.5089 0.477394
4.83436 -0.265425 319.833 30.627 1412.75 -0.382195 -4.83153 0.262313 -319.833 39.7728 -122.551 0.382195
4.6857 -1.03999 319.825 142.799 1420.09 -0.275783 -4.6832 1.03701 -319.825 134.085 -169.382 0.275783
4.23875 -1.84313 319.844 258.622 1372.37 -0.161451 -4.23668 1.84066 -319.844 232.416 -240.726 0.161451
3.61823 -2.50462 319.924 353.571 1283.37 -0.0428459 -3.61699 2.50297 -319.924 313.905 -317.085 0.0428459
2.95472 -2.80655 319.995 396.606 1166.22 0.0762685 -2.95461 2.80668 -319.995 351.593 -376.784 -0.0762685
2.26493 -2.51547 320.032 353.913 1024.79 0.192117 -2.26554 2.51685 -320.032 316.866 -419.346 -0.192117
1.5017 -1.54828 320.088 212.593 856.6 0.300963 -1.50307 1.54933 -320.088 200.334 -454.768 -0.300963
0.698162 -0.070519 320.155 -2.71817 671.424 0.399191 -0.699951 0.0715394 -320.155 21.7367 -484.041 -0.399191
-0.0463006 1.60768 320.127 -246.961 484.373 0.483504 0.0444195 -1.60756 -320.127 -181.473 -495.771 -0.483504
-0.631332 3.10862 320.117 -465.265 311.615 0.551165 0.629997 -3.10871 -320.117 -363.282 -479.403 -0.551165
-1.03576 4.10974 320.107 -611.292 161.297 0.600062 1.03542 -4.10969 -320.107 -484.091 -437.389 -0.600062
-1.25439 4.37022 320.081 -650.062 44.3619 0.628597 1.2562 -4.37084 -320.081 -514.841 -379.35 -0.628597
-1.31358 3.73452 320.079 -559.051 -31.6706 0.635701 1.31608 -3.73572 -320.079 -436.475 -319.445 -0.635701
-1.28855 2.19126 320.117 -336.695 -69.6247 0.620992 1.29063 -2.19289 -320.117 -247.519 -274.925 -0.620992
-1.1864 -0.0692409 320.19 -10.9242 -71.0261 0.584885 1.18871 0.0674402 -320.19 29.245 -246.395 -0.584885
-0.925046 -2.67734 320.239 365.177 -33.3521 0.528586 0.927394 2.67595 -320.239 348.411 -214.406 -0.528586
-0.492078 -5.12233 320.338 718.057 39.5499 0.453992 0.494166 5.1217 -320.338 647.366 -171.802 -0.453992
0.0173244 -6.84615 320.393 967.56 133.832 0.363604 -0.0145355 6.84712 -320.393 857.576 -130.278 -0.363604
0.53993 -7.41066 320.379 1050.13 239.766 0.260475 -0.536707 7.41137 -320.379 925.447 -96.8026 -0.260475
1.04905 -6.71454 320.372 951.498 351.142 0.148106 -1.04615 6.71461 -320.372 838.427 -72.2233 -0.148106
1.51425 -4.91868 320.34 694.312 461.601 0.0302899 -1.51172 4.91933 -320.34 616.981 -58.405 -0.0302899
1.91968 -2.325 320.237 321.027 564.005 -0.0890592 -1.91827 2.32547 -320.237 298.871 -52.3717 0.0890592
2.24641 0.614328 320.1 -103.466 648.169 -0.206061 -2.24648 -0.614228 -320.1 -60.1895 -49.0603 0.206061
2.46705 3.35157 319.978 -498.722 701.172 -0.316972 -2.46855 -3.35185 -319.978 -394.621 -42.9467 0.316972
2.54658 5.42876 319.853 -798.512 710.038 -0.418357 -2.55 -5.42941 -319.853 -648.574 -30.3481 0.418357
2.46137 6.54575 319.758 -959.967 663.748 -0.50737 -2.46529 -6.54667 -319.758 -784.897 -6.82887 0.50737
2.28326 6.59015 319.716 -967.161 566.579 -0.581783 -2.28656 -6.59146 -319.716 -789.588 42.5048 0.581783
2.02082 5.59538 319.732 -824.819 419.95 -0.639771 -2.02485 -5.59766 -319.732 -666.89 118.846 0.639771
1.55468 3.70817 319.794 -553.675 215.579 -0.67995 -1.55794 -3.71083 -319.794 -435.026 198.306 0.67995
0.866618 1.2294 319.926 -197.962 -39.6808 -0.701646 -0.869392 -1.23179 -319.926 -129.958 269.424 0.701646
0.01333 -1.43384 320.103 181.909 -336.528 -0.704854 -0.0160383 1.43107 -320.103 200.044 338.055 0.704854
-0.969466 -3.91302 320.227 534.637 -664.53 -0.690023 0.966531 3.91056 -320.227 508.218 403.297 0.690023
-2.06225 -5.8697 320.382 811.616 -1017.25 -0.658015 2.05838 5.86676 -320.382 752.763 463.992 0.658015
-3.2952 -7.09826 320.507 983.37 -1392.89 -0.610175 3.29057 7.09446 -320.507 908.394 510.209 0.610175
-4.59597 -7.54864 320.687 1040.81 -1778.5 -0.548369 4.59067 7.5434 -320.687 970.836 548.302 0.548369
-5.9237 -7.39623 320.657 1012.51 -2171.58 -0.474965 5.91774 7.39015 -320.657 958.416 586.708 0.474965
-7.09488 -6.82685 320.693 925.588 -2537.2 -0.392752 7.08899 6.82095 -320.693 893.595 639.333 0.392752
-8.03763 -6.01993 320.723 806.636 -2854.67 -0.304775 8.03305 6.01399 -320.723 797.453 704.596 0.304775
-8.75587 -5.14751 320.567 679.617 -3112.37 -0.214187 8.75215 5.14099 -320.567 691.844 770.113 0.214187
-9.27965 -4.27552 320.45 553.929 -3302.24 -0.124128 9.27756 4.27257 -320.45 585.569 819.691 0.124128
-9.5812 -3.24506 320.397 406.599 -3412.33 -0.037609 9.58011 3.24397 -320.397 458.463 848.997 0.037609
-9.63601 -2.02421 320.247 233.264 -3433.78 0.0425778 9.635 2.02178 -320.247 306.181 855.779 -0.0425778
-9.45244 -0.797455 320.046 59.4974 -3366.97 0.113932 9.45209 0.796356 -320.046 153.114 837.982 -0.113932
-8.97914 0.262998 319.944 -91.1246 -3206.4 0.17439 8.97931 -0.263699 -319.944 21.1084 803.894 -0.17439
-8.20364 0.970372 319.829 -191.38 -2952.41 0.222431 8.204 -0.972225 -319.829 -67.3523 757.177 -0.222431
-7.20607 1.10853 319.766 -209.462 -2616.02 0.257031 7.20703 -1.10997 -319.766 -86.0493 687.402 -0.257031
-6.01576 0.622989 319.747 -138.107 -2204.38 0.277609 6.01883 -0.624413 -319.747 -27.9797 593.733 -0.277609
-4.63088 -0.460983 319.894 22.0128 -1723.19 0.284071 4.63466 0.459101 -319.894 100.773 482.75 -0.284071
-3.10963 -1.98866 320.116 249.169 -1185.18 0.276884 3.1131 1.98685 -320.116 280.828 351.595 -0.276884
-1.58677 -3.6641 320.337 498.363 -614.897 0.25706 1.5903 3.66261 -320.337 478.263 188.69 -0.25706
0.0172969 -5.11507 320.504 715.451 -11.0084 0.22601 -0.0136352 5.11361 -320.504 647.931 13.9037 -0.22601
1.74517 -6.02128 320.643 855.154 616.983 0.185482 -1.74156 6.01974 -320.643 749.753 -151.926 -0.185482
3.61453 -6.09136 320.834 870.665 1266.23 0.137591 -3.61109 6.08925 -320.834 752.833 -301.299 -0.137591
5.4516 -5.31289 320.969 762.141 1903.22 0.0847583 -5.44872 5.31011 -320.969 653.747 -447.045 -0.0847583
7.08779 -3.7609 320.843 539.411 2497.09 0.0296035 -7.08601 3.75829 -320.843 462.796 -603.244 -0.0296035
8.30826 -1.69383 320.535 242.676 2994.3 -0.0252313 -8.30681 1.69192 -320.535 208.62 -773.842 0.0252313
9.32222 0.646417 320.331 -89.9152 3402.88 -0.0773686 -9.32056 -0.647044 -320.331 -82.4466 -911.132 0.0773686
10.2292 3.02323 320.155 -425.874 3728.19 -0.124806 -10.2281 -3.02247 -320.155 -379.879 -993.798 0.124806
10.8416 5.17176 319.83 -729.415 3948.69 -0.165755 -10.8413 -5.17111 -319.83 -649.08 -1050.4 0.165755
10.9968 6.77605 319.53 -956.289 4048 -0.198649 -10.9966 -6.77584 -319.53 -849.912 -1108.03 0.198649
10.7993 7.53697 319.4 -1064.1 4036.63 -0.22235 -10.7993 -7.53802 -319.4 -945.105 -1149.2 0.22235
10.4348 7.25787 319.255 -1025.5 3933.74 -0.236211 -10.4346 -7.25995 -319.255 -909.444 -1143.74 0.236211
9.94887 5.94066 319.142 -839.968 3746.59 -0.239905 -9.9482 -5.94191 -319.142 -743.737 -1086.66 0.239905
9.24268 3.90233 319.16 -552.509 3470.34 -0.23337 -9.2414 -3.90249 -319.16 -487.699 -999.452 0.23337
8.20238 1.612 319.209 -228.848 3099.31 -0.217001 -8.20151 -1.61164 -319.209 -200.767 -906.562 0.217001
6.81582 -0.470098 319.282 68.4067 2634.89 -0.191767 -6.81532 0.471157 -319.282 57.0816 -812.742 0.191767
5.26837 -1.92684 319.443 276.317 2102.03 -0.15911 -5.26795 1.92825 -319.443 237.534 -693.55 0.15911
3.7993 -2.49574 319.764 355.269 1544.5 -0.120821 -3.7989 2.49717 -319.764 310.242 -528.946 0.120821
2.43305 -2.15394 320.01 301.173 983.97 -0.0789474 -2.43228 2.15513 -320.01 273.212 -334.086 0.0789474
0.969415 -1.10028 320.072 143.414 406.976 -0.0357024 -0.96687 1.10136 -320.072 150.11 -148.932 0.0357024
-0.39482 0.380771 320.101 -76.5106 -141.407 0.00662704 0.399648 -0.379006 -320.101 -24.6458 34.0618 -0.00662704
-1.59092 1.97633 320.313 -313.27 -645.615 0.0458432 1.59727 -1.97421 -320.313 -213.134 217.89 -0.0458432
-2.62613 3.34253 320.3 -514.567 -1087.06 0.079988 2.63248 -3.34037 -320.3 -375.992 382.2 -0.079988
-3.64662 4.24563 320.22 -647.76 -1477.45 0.107367 3.65261 -4.24333 -320.22 -483.503 499.625 -0.107367
-4.52676 4.52654 320.283 -690.833 -1793.96 0.126634 4.53207 -4.52504 -320.283 -515.408 580.824 -0.126634
-5.15377 4.08452 320.269 -629.452 -2026.25 0.136918 5.15793 -4.08422 -320.269 -459.12 645.543 -0.136918
-5.55095 2.8992 320.168 -461.289 -2179.37 0.137719 5.55372 -2.90023 -320.168 -311.495 692.588 -0.137719
-5.70707 1.11138 320.201 -206.285 -2252.69 0.128779 5.71092 -1.1119 -320.201 -89.8646 723.942 -0.128779
-5.54878 -0.877188 320.234 78.1868 -2237.35 0.110228 5.55261 0.878353 -320.234 155.964 750.77 -0.110228
-5.17806 -2.5539 320.177 318.647 -2143.14 0.0826967 5.18108 2.55557 -320.177 362.517 755.661 -0.0826967
-4.76433 -3.52447 320.161 459.274 -1992.19 0.047141 4.76739 3.52692 -320.161 480.705 715.344 -0.047141
-4.24068 -3.57335 320.144 469.666 -1785.16 0.00472322 4.2437 3.57632 -320.144 483.405 648.427 -0.00472322
-3.50069 -2.70255 319.999 348.584 -1521.55 -0.0431129 3.50352 2.70473 -319.999 372.251 582.746 0.0431129
-2.60644 -1.1836 319.994 134.334 -1213.07 -0.0946037 2.60915 1.18502 -319.994 181.498 513.412 0.0946037
-1.69849 0.598356 319.993 -117.678 -878.848 -0.147735 1.70088 -0.596757 -319.993 -41.4747 422.123 0.147735
-0.853448 2.33117 319.895 -363.474 -534.665 -0.200395 0.854896 -2.33002 -319.895 -257.645 304.251 0.200395
-0.0301156 3.72746 319.828 -560.086 -184.072 -0.250516 0.0311179 -3.72613 -319.828 -433.216 174.144 0.250516
0.860141 4.7248 319.912 -700.197 172.936 -0.296077 -0.859125 -4.72227 -319.912 -558.806 55.3821 0.296077
1.7898 5.37428 319.903 -790.846 527.769 -0.335048 -1.78921 -5.371 -319.903 -641.19 -50.684 0.335048
2.60591 5.78363 319.892 -846.925 855.92 -0.365593 -2.60561 -5.78005 -319.892 -694.196 -160.406 0.365593
3.27811 6.00776 320.015 -876.06 1150.36 -0.3864 -3.2774 -6.0042 -320.015 -724.817 -274.944 0.3864
3.88784 6.09349 319.999 -885.573 1414.64 -0.396607 -3.88686 -6.08951 -319.999 -738.107 -376.046 0.396607
4.48352 6.06374 319.939 -879.392 1648.17 -0.39549 -4.48208 -6.06042 -319.939 -736.454 -450.285 0.39549
5.03631 5.85775 319.949 -848.087 1846.5 -0.382637 -5.03397 -5.8551 -319.949 -712.944 -500.912 0.382637
5.48066 5.40861 319.937 -781.898 2006.61 -0.358228 -5.47784 -5.40579 -319.937 -659.392 -542.277 0.358228
5.73164 4.72747 319.838 -682.661 2118.17 -0.322927 -5.72841 -4.72478 -319.838 -577.085 -586.723 0.322927
5.84686 3.89204 319.815 -561.542 2186.92 -0.277732 -5.84338 -3.88871 -319.815 -475.428 -624.605 0.277732
5.92884 3.06798 319.839 -442.333 2223.26 -0.223936 -5.9249 -3.06357 -319.839 -374.835 -639.07 0.223936
5.98488 2.50104 319.798 -360.388 2229.23 -0.163046 -5.98057 -2.49536 -319.798 -305.485 -630.157 0.163046
5.92873 2.44613 319.752 -352.344 2198.8 -0.0968176 -5.92433 -2.43893 -319.752 -298.689 -614.781 0.0968176
5.69974 3.10322 319.75 -447.207 2127.55 -0.0273122 -5.69576 -3.09476 -319.75 -378.807 -604.663 0.0273122
5.32418 4.50026 319.713 -649.167 2017.34 0.0432426 -5.32146 -4.4919 -319.713 -549.252 -594.608 -0.0432426
4.85351 6.44437 319.644 -930.515 1870.6 0.112616 -4.85213 -6.43586 -319.644 -786.1 -573.438 -0.112616
4.33837 8.56562 319.6 -1237.47 1693.14 0.178612 -4.33798 -8.55792 -319.6 -1044.69 -533.557 -0.178612
3.74371 10.4023 319.574 -1504 1478.63 0.239114 -3.74403 -10.3956 -319.574 -1267.88 -477.954 -0.239114
3.09904 11.4878 319.551 -1662.22 1235.13 0.292181 -3.0996 -11.4816 -319.551 -1399.07 -406.858 -0.292181
2.37174 11.5479 319.575 -1673.23 961.439 0.336015 -2.37286 -11.5423 -319.575 -1404.15 -327.625 -0.336015
1.55956 10.5488 319.634 -1533.17 663.443 0.368954 -1.56115 -10.5429 -319.634 -1277.84 -246.798 -0.368954
0.706613 8.70603 319.826 -1271.6 348.56 0.389723 -0.708185 -8.69894 -319.826 -1048.03 -160.072 -0.389723
-0.143435 6.44288 319.98 -947.987 24.3652 0.397553 0.141709 -6.43525 -319.98 -768.301 -63.2829 -0.397553
-0.98207 4.25716 320.086 -636.829 -302.636 0.391929 0.980192 -4.24926 -320.086 -496.792 39.3321 -0.391929
-1.82064 2.51652 320.236 -390.46 -626.59 0.372487 1.81909 -2.50867 -320.236 -279.172 138.854 -0.372487
-2.68694 1.47831 320.334 -244.773 -946.27 0.33921 2.68546 -1.4698 -320.334 -148.019 226.773 -0.33921
-3.55615 1.3005 320.327 -223.005 -1255.67 0.292514 3.55459 -1.29227 -320.327 -122.419 303.71 -0.292514
-4.38801 1.9172 320.299 -315.056 -1545.87 0.233247 4.38655 -1.90973 -320.299 -194.849 371.46 -0.233247
-5.11188 3.09962 320.249 -486.884 -1799.99 0.162655 5.11048 -3.09241 -320.249 -338.235 432.007 -0.162655
-5.70046 4.55294 320.118 -695.858 -2007.74 0.082324 5.69901 -4.5466 -320.118 -516.772 482.367 -0.082324
-6.18029 5.9443 319.958 -895.203 -2169.73 -0.00578058 6.17886 -5.93905 -319.958 -688.453 516.067 0.00578058
-6.48249 6.92478 319.87 -1035 -2274.63 -0.0992435 6.4809 -6.92076 -319.87 -810.171 540.188 0.0992435
-6.56728 7.25222 319.82 -1081.07 -2318.07 -0.19529 6.5654 -7.24867 -319.82 -851.452 560.947 0.19529
-6.45213 6.87019 319.776 -1026.03 -2303.2 -0.290978 6.45016 -6.86673 -319.776 -804.661 576.791 0.290978
-6.17059 5.92867 319.805 -891.107 -2235.8 -0.38333 6.16827 -5.92428 -319.805 -688.49 584.6 0.38333
-5.75282 4.73911 319.88 -720.204 -2123.56 -0.469381 5.75003 -4.73397 -319.88 -542.201 584.005 0.469381
-5.22365 3.62856 319.904 -560.453 -1976.32 -0.546237 5.22069 -3.62343 -319.904 -405.927 578.144 0.546237
-4.60349 2.81607 319.934 -442.937 -1803.73 -0.611262 4.60041 -2.81046 -319.934 -306.804 571.245 0.611262
-3.93043 2.44847 319.955 -388.618 -1614.73 -0.662298 3.92712 -2.4424 -319.955 -263.079 562.083 0.662298
-3.27616 2.57816 319.93 -405.322 -1422.76 -0.697718 3.27339 -2.57193 -319.93 -280.93 544.868 0.697718
-2.62038 3.0518 319.875 -471.726 -1228.94 -0.716348 2.61826 -3.04832 -319.875 -341.151 526.195 0.716348
-1.95425 3.451 319.819 -527.801 -1036.3 -0.717435 1.95272 -3.45071 -319.819 -391.919 511.463 0.717435
-1.31765 3.38893 319.776 -517.087 -848.864 -0.700732 1.31679 -3.38816 -319.776 -386.029 494.056 0.700732
-0.777374 2.84865 319.795 -437.907 -674.338 -0.666536 0.776792 -2.84754 -319.795 -321.151 463.923 0.666536
-0.364296 1.96908 319.852 -310.033 -517.999 -0.615673 0.36313 -1.96905 -319.852 -214.717 418.17 0.615673
-0.0656947 0.875138 319.926 -151.025 -382.927 -0.549453 0.0643956 -0.875398 -319.926 -82.1683 363.074 0.549453
0.17856 -0.291948 320.029 18.5839 -267.266 -0.469638 -0.179647 0.290768 -320.029 59.1933 312.805 0.469638
0.387108 -1.38148 320.144 176.836 -171.14 -0.378448 -0.387912 1.3801 -320.144 191.336 272.486 0.378448
0.487332 -2.22805 320.218 299.662 -101.308 -0.278555 -0.488001 2.22728 -320.218 294.25 229.561 0.278555
0.420207 -2.65988 320.272 362.227 -61.5543 -0.172986 -0.420629 2.6596 -320.272 346.858 172.057 0.172986
0.234947 -2.57287 320.304 349.989 -43.9273 -0.0649738 -0.235064 2.57337 -320.304 336.005 105.154 0.0649738
0.00982038 -1.97008 320.282 263.402 -38.7378 0.0421519 -0.010098 1.97083 -320.282 261.945 40.0991 -0.0421519
-0.241882 -0.991986 320.233 122.593 -41.6814 0.145105 0.241378 0.992592 -320.233 142.014 -23.9132 -0.145105
-0.534456 0.132582 320.178 -39.4573 -50.7956 0.240795 0.533911 -0.131701 -320.178 4.33592 -92.6782 -0.240795
-0.840109 1.13249 320.114 -183.63 -60.1242 0.326382 0.839259 -1.13288 -320.114 -118.194 -164.676 -0.326382
-1.13194 1.78446 320.056 -277.423 -65.0782 0.399339 1.13012 -1.78384 -320.056 -198.057 -237.269 -0.399339
-1.42008 2.05075 320.023 -315.618 -67.0592 0.457565 1.41704 -2.04952 -320.023 -230.763 -311.811 -0.457565
-1.65279 2.00495 320.013 -308.804 -62.1955 0.499424 1.65003 -2.00413 -320.013 -225.423 -378.624 -0.499424
-1.71519 1.74522 320.014 -270.877 -38.6231 0.523731 1.7125 -1.74368 -320.014 -194.022 -418.728 -0.523731
-1.58133 1.42874 320.028 -224.565 8.60015 0.529813 1.57957 -1.42709 -320.028 -155.96 -430.28 -0.529813
-1.31903 1.18858 320.055 -189.189 76.8515 0.517563 1.3181 -1.18723 -320.055 -127.361 -428.587 -0.517563
-0.971308 1.07564 320.077 -172.034 165.297 0.487405 0.971323 -1.07422 -320.077 -114.403 -424.296 -0.487405
-0.498531 1.0877 320.088 -172.799 278.981 0.440304 0.499717 -1.08658 -320.088 -116.895 -411.9 -0.440304
0.13687 1.17325 320.104 -184.171 420.742 0.377793 -0.135367 -1.1722 -320.104 -128.34 -384.085 -0.377793
0.868321 1.24698 320.111 -193.531 581.225 0.301946 -0.866758 -1.24612 -320.111 -138.661 -349.328 -0.301946
1.61442 1.20448 320.128 -186.128 748.438 0.215292 -1.61234 -1.20472 -320.128 -134.885 -317.446 -0.215292
2.35994 0.91488 320.122 -142.934 913.954 0.120714 -2.35763 -0.915947 -320.122 -100.998 -283.989 -0.120714
3.11381 0.319239 320.122 -55.2336 1073.62 0.0213747 -3.11126 -0.320743 -320.122 -29.9893 -242.493 -0.0213747
3.81329 -0.518054 320.143 66.7462 1214.22 -0.0793623 -3.80992 0.515709 -320.143 71.1028 -196.544 0.0793623
4.42107 -1.49121 320.119 207.793 1329.68 -0.178076 -4.4171 1.4882 -320.119 189.367 -149.919 0.178076
4.85618 -2.43972 320.077 344.906 1409.35 -0.271512 -4.85313 2.43658 -320.077 305.068 -113.397 0.271512
5.03042 -3.17301 320.038 450.441 1437.67 -0.356692 -5.02847 3.16952 -320.038 394.949 -95.0992 0.356692
4.98096 -3.54583 319.979 503.773 1409.93 -0.430922 -4.98 3.54229 -319.979 440.989 -80.4929 0.430922
4.82293 -3.48752 319.913 494.684 1331.12 -0.491888 -4.82229 3.484 -319.913 434.539 -43.9813 0.491888
4.5741 -3.01232 319.885 424.927 1201.58 -0.537807 -4.57388 3.00888 -319.885 377.641 18.9356 0.537807
4.08954 -2.22773 319.844 309.935 1007.42 -0.567483 -4.08998 2.22431 -319.844 283.502 83.5374 0.567483
3.29523 -1.31039 319.904 175.277 744.939 -0.580356 -3.2957 1.30704 -319.904 173.653 133.69 0.580356
2.30152 -0.467688 319.926 51.2256 432.599 -0.576511 -2.30217 0.464548 -319.926 73.1123 180.466 0.576511
1.24326 0.138378 319.96 -39.4482 90.2976 -0.556589 -1.24379 -0.141374 -319.96 2.26368 239.861 0.556589
0.126082 0.384091 320.131 -79.5322 -272.746 -0.521717 -0.126577 -0.387404 -320.131 -23.1779 304.238 0.521717
-1.12605 0.163759 320.246 -52.3012 -655.777 -0.473539 1.12552 -0.16724 -320.246 8.31347 352.625 0.473539
-2.43678 -0.501132 320.316 39.1485 -1037.57 -0.414179 2.43631 0.497926 -320.316 94.1465 384.155 0.414179
-3.75922 -1.47108 320.476 174.437 -1409.75 -0.346112 3.75846 1.46807 -320.476 217.445 403.057 0.346112
-4.94956 -2.5389 320.604 322.914 -1746.69 -0.272051 4.94857 2.53584 -320.604 353.613 421.988 0.272051
-5.96574 -3.52008 320.504 459.045 -2037.62 -0.194879 5.9648 3.51713 -320.504 479.05 441.413 0.194879
-6.77637 -4.25836 320.488 561.519 -2270.68 -0.117542 6.77548 4.25535 -320.488 573.372 457.898 0.117542
-7.35131 -4.66854 320.461 617.948 -2432.64 -0.0429399 7.3503 4.66518 -320.461 626.237 466.286 0.0429399
-7.6769 -4.75664 320.344 629.068 -2517.11 0.026242 7.67589 4.75326 -320.344 638.599 463.797 -0.026242
-7.72223 -4.59257 320.207 605.194 -2519.54 0.0876792 7.72155 4.58924 -320.207 618.742 454.124 -0.0876792
-7.47121 -4.27644 320.146 560.635 -2437.85 0.139421 7.47024 4.27307 -320.146 579.025 439.566 -0.139421
-6.9852 -3.91671 320.121 510.417 -2280.59 0.179912 6.98337 3.91349 -320.121 533.37 412.326 -0.179912
-6.31203 -3.59611 320.057 466.987 -2059.52 0.208104 6.31065 3.59345 -320.057 491.407 371.138 -0.208104
-5.41886 -3.31882 320.073 431.594 -1780.67 0.223514 5.41804 3.31688 -320.073 452.973 330.917 -0.223514
-4.3338 -3.02241 320.13 394.136 -1454.16 0.226192 4.3332 3.02096 -320.13 411.472 294.346 -0.226192
-3.16198 -2.64823 320.223 345.227 -1094.52 0.21669 3.16146 2.64706 -320.223 360.667 247.876 -0.21669
-2.03459 -2.22206 320.248 288.97 -725.157 0.196022 2.03432 2.21979 -320.248 303.165 179.891 -0.196022
-0.849859 -1.86038 320.28 242.444 -338.19 0.165585 0.849887 1.85711 -320.28 253.136 109.612 -0.165585
0.365834 -1.7189 320.356 227.403 51.1038 0.127119 -0.365581 1.71439 -320.356 230.286 45.2681 -0.127119
1.56911 -1.88679 320.354 256.437 433.715 0.0826445 -1.5688 1.88221 -320.354 245.983 -15.7094 -0.0826445
2.65161 -2.31687 320.296 321.85 792.973 0.0343542 -2.652 2.31269 -320.296 295.256 -85.4841 -0.0343542
3.52543 -2.85051 320.388 401.818 1108.99 -0.0155203 -3.52599 2.84718 -320.388 357.639 -167.792 0.0155203
4.2121 -3.25359 320.309 461.966 1369.84 -0.0647746 -4.21257 3.25117 -320.309 405.051 -244.97 0.0647746
4.79016 -3.33368 320.209 475.109 1579.31 -0.111289 -4.7906 3.33181 -320.209 413.325 -299.857 0.111289
5.20024 -2.95611 320.15 421.355 1729.73 -0.153152 -5.20066 2.95519 -320.15 366.557 -340.606 0.153152
5.32401 -2.06921 320.014 293.724 1805.65 -0.188822 -5.32477 2.0692 -320.014 257.896 -383.277 0.188822
5.16448 -0.71467 319.838 98.2988 1805.13 -0.217192 -5.16576 0.714949 -319.838 92.2946 -425.138 0.217192
4.83189 0.948965 319.748 -142.189 1738.06 -0.237527 -4.8335 -0.948222 -319.748 -110.61 -446.762 0.237527
4.40529 2.69406 319.684 -394.624 1614 -0.249423 -4.40691 -2.69311 -319.684 -323.315 -436.662 0.249423
3.88765 4.22079 319.584 -616.002 1438.41 -0.252856 -3.88848 -4.22146 -319.584 -509.112 -399.55 0.252856
3.26115 5.18651 319.561 -757.364 1219.03 -0.248215 -3.26133 -5.18759 -319.561 -625.218 -347.762 0.248215
2.54065 5.37261 319.669 -786.787 967.991 -0.236248 -2.54013 -5.37382 -319.669 -645.413 -289.459 0.236248
1.74805 4.74771 319.732 -699.505 697.548 -0.217968 -1.74746 -4.7498 -319.732 -566.232 -230.948 0.217968
0.930105 3.37303 319.845 -503.065 417.72 -0.194574 -0.928805 -3.37529 -319.845 -396.255 -169.921 0.194574
0.125284 1.46712 319.951 -229.937 139.11 -0.167416 -0.12512 -1.46947 -319.951 -161.352 -106.375 0.167416
-0.686334 -0.599906 320.117 64.7397 -133.711 -0.137939 0.684958 0.598705 -320.117 95.118 -50.3755 0.137939
-1.56044 -2.43502 320.257 325.463 -411.897 -0.107641 1.55818 2.43438 -320.257 323.645 -5.74351 0.107641
-2.36258 -3.70386 320.352 504.041 -682.587 -0.0780665 2.35994 3.70344 -320.352 483.33 50.5084 0.0780665
-2.96621 -4.24135 320.385 577.426 -929.033 -0.0506971 2.96405 4.2416 -320.385 553.317 135.319 0.0506971
-3.42516 -4.0151 320.369 542.28 -1153.65 -0.0267931 3.42397 4.01542 -320.369 528.168 236.839 0.0267931
-3.85126 -3.11615 320.345 410.191 -1357.8 -0.00739168 3.84986 3.1166 -320.345 420.658 326.878 0.00739168
-4.30307 -1.80725 320.306 219.502 -1541.76 0.00664046 4.3016 1.80701 -320.306 262.36 389.936 -0.00664046
-4.73651 -0.416006 320.229 17.4677 -1700 0.0147046 4.73459 0.415398 -320.229 93.4997 432.315 -0.0147046
-5.01459 0.740384 320.158 -149.913 -1818.94 0.0165455 5.01233 -0.740969 -320.158 -47.3609 476.868 -0.0165455
-5.09833 1.46241 320.145 -253.84 -1893.44 0.0122037 5.09636 -1.46333 -320.145 -135.941 528.782 -0.0122037
-5.06775 1.64098 320.15 -279.584 -1931.02 0.00197973 5.06582 -1.64228 -320.15 -157.846 574.356 -0.00197973
-5.00947 1.25272 320.174 -224.003 -1939.62 -0.0136047 5.00752 -1.25425 -320.174 -109.962 598.433 0.0136047
-4.9285 0.365118 320.23 -96.7173 -1920.54 -0.0338621 4.92655 -0.366927 -320.23 -0.684122 600.968 0.0338621
-4.7607 -0.88843 320.287 83.3874 -1869.21 -0.0579291 4.75881 0.886329 -320.287 153.319 594.465 0.0579291
-4.46712 -2.3468 320.348 294.023 -1783.21 -0.0847601 4.46536 2.34446 -320.348 331.392 586.875 0.0847601
-4.09332 -3.80542 320.36 505.193 -1669.71 -0.113206 4.09207 3.80304 -320.36 509.023 573.176 0.113206
-3.70564 -5.05664 320.376 686.888 -1537.6 -0.142103 3.70467 5.05458 -320.376 660.892 544.68 0.142103
-3.32713 -5.88256 320.386 808.124 -1390.36 -0.170312 3.32672 5.88129 -320.386 759.914 498.634 0.170312
-2.90548 -6.04365 320.31 833.612 -1223.18 -0.196711 2.90573 6.04405 -320.31 777.581 444.193 0.196711
-2.43531 -5.29491 320.202 728.43 -1037.9 -0.220202 2.43544 5.29782 -320.202 683.507 384.752 0.220202
-2.00397 -3.52657 320.141 475.908 -846.221 -0.239769 2.00281 3.52933 -320.141 464.635 308.758 0.239769
-1.68291 -0.9369 320.06 106.027 -664.244 -0.254588 1.68098 0.940229 -320.06 144.281 213.035 0.254588
-1.34869 2.12692 319.92 -333.399 -481.385 -0.264072 1.34625 -2.12388 -319.92 -233.027 119.893 0.264072
-0.958941 5.09287 319.818 -758.39 -301.281 -0.267809 0.95586 -5.09202 -319.818 -598.935 44.2896 0.267809
-0.522543 7.27038 319.73 -1070.23 -126.743 -0.265545 0.519396 -7.27274 -319.73 -867.965 -13.4407 0.265545
-0.11777 8.06283 319.673 -1183.11 33.3393 -0.257312 0.115069 -8.06563 -319.673 -966.376 -65.2685 0.257312
0.225534 7.34317 319.692 -1078.14 173.786 -0.243467 -0.227762 -7.34477 -319.692 -879.36 -113.903 0.243467
0.564757 5.34372 319.816 -788.477 301.494 -0.224538 -0.565907 -5.34702 -319.816 -636.284 -151.022 0.224538
0.949169 2.40087 319.948 -362.41 421.932 -0.201139 -0.949181 -2.40461 -319.948 -277.971 -168.886 0.201139
1.34165 -1.03864 320.122 135.47 532.86 -0.174011 -1.34108 1.03473 -320.122 140.954 -175.054 0.174011
1.64059 -4.4446 320.246 628.284 626.449 -0.144042 -1.64048 4.43971 -320.246 555.896 -188.705 0.144042
1.77592 -7.32832 320.358 1044.02 691.395 -0.112216 -1.77591 7.32358 -320.358 908.861 -217.403 0.112216
1.85682 -9.31844 320.413 1330.15 735.25 -0.0795704 -1.85723 9.31363 -320.413 1153.21 -239.528 0.0795704
1.94387 -10.1671 320.341 1452.15 758.344 -0.0471336 -1.94503 10.1627 -320.341 1257.48 -239.279 0.0471336
1.96734 -9.7544 320.26 1392.82 750.584 -0.015877 -1.96891 9.75135 -320.26 1206.98 -225.243 0.015877
1.83739 -8.06392 320.174 1149.49 701.926 0.0132511 -1.83941 8.0624 -320.174 999.901 -211.271 -0.0132511
1.56397 -5.27018 320.072 746.721 613.656 0.0393117 -1.56623 5.26892 -320.072 658.007 -196.038 -0.0393117
1.21873 -1.79634 319.97 243.867 492.912 0.0614712 -1.22094 1.79487 -319.97 234.855 -167.594 -0.0614712
0.865785 1.7389 319.847 -268.129 351.141 0.079096 -0.867904 -1.73998 -319.847 -195.441 -120.262 -0.079096
0.440819 4.74396 319.823 -703.7 185.076 0.0917452 -0.443037 -4.74591 -319.823 -561.006 -67.868 -0.0917452
-0.0849614 6.68297 319.802 -984.91 -2.08494 0.0991169 0.0827842 -6.68512 -319.802 -796.678 -21.3143 -0.0991169
-0.670291 7.25374 319.858 -1068.66 -202.607 0.101037 0.66812 -7.25527 -319.858 -864.98 22.6981 -0.101037
-1.24063 6.44657 319.989 -954.193 -404.894 0.0975012 1.23846 -6.44795 -319.989 -764.268 72.4468 -0.0975012
-1.76745 4.48618 320.154 -674.091 -601.796 0.0887031 1.76551 -4.48672 -320.154 -521.692 128.368 -0.0887031
-2.27341 1.77067 320.342 -285.232 -792.283 0.0749823 2.27138 -1.77055 -320.342 -186.612 183.485 -0.0749823
-2.80574 -1.19012 320.515 138.406 -977.533 0.0567396 2.80245 1.19045 -320.515 179.014 226.517 -0.0567396
-3.41386 -3.98588 320.657 538.287 -1165.77 0.0344119 3.4104 3.985 -320.657 524.215 252.219 -0.0344119
-3.94844 -6.3164 320.686 870.844 -1339.38 0.00848959 3.94515 6.31499 -320.686 812.816 282.875 -0.00848959
-4.29837 -7.91946 320.655 1098.42 -1484.11 -0.0204657 4.2951 7.9185 -320.655 1012.62 333.923 0.0204657
-4.58215 -8.58213 320.617 1190.47 -1610.33 -0.0518286 4.57905 8.58079 -320.617 1097.17 384.12 0.0518286
-4.89667 -8.23277 320.495 1138.23 -1724.33 -0.0849659 4.89368 8.23178 -320.495 1056.33 413.995 0.0849659
-5.19024 -6.88053 320.338 943.022 -1817.96 -0.119269 5.18737 6.88063 -320.338 891.235 429.155 0.119269
-5.35875 -4.65261 320.205 622.827 -1879.48 -0.154091 5.35563 4.65264 -320.205 617.545 445.669 0.154091
-5.37395 -1.83746 320.086 218.788 -1904.13 -0.188688 5.37083 1.83793 -320.086 271.236 466.209 0.188688
-5.26345 1.17716 319.984 -212.74 -1892.64 -0.222272 5.26068 -1.17607 -319.984 -100.735 484.14 0.222272
-5.04368 3.9843 319.871 -613.509 -1846.45 -0.254083 5.04184 -3.98373 -319.871 -448.31 496.5 0.254083
-4.68508 6.14877 319.815 -922.057 -1761.33 -0.283401 4.68415 -6.14862 -319.815 -716.786 507.016 0.283401
-4.18828 7.32234 319.827 -1089.12 -1636.3 -0.309485 4.18869 -7.32203 -319.827 -862.528 514.486 0.309485
-3.56826 7.3556 319.8 -1093.05 -1470.35 -0.331571 3.5696 -7.355 -319.8 -867.429 514.035 0.331571
-2.90011 6.31467 319.852 -942.335 -1271.69 -0.348927 2.90108 -6.31334 -319.852 -740.58 493.959 0.348927
-2.30256 4.45969 320.024 -674.181 -1059.74 -0.3609 2.30252 -4.45818 -320.024 -514.252 441.937 0.3609
-1.74476 2.15278 320.092 -340.223 -840.074 -0.36694 1.74454 -2.15103 -320.092 -233.256 371.538 0.36694
-1.13757 -0.173135 320.111 -3.11022 -614.065 -0.366588 1.13678 0.174597 -320.111 49.5819 308.023 0.366588
-0.478848 -2.12448 320.155 280.912 -385.834 -0.359479 0.477482 2.12582 -320.155 285.684 256.002 0.359479
0.0976283 -3.34369 320.141 459.161 -175.237 -0.345384 -0.0982454 3.3452 -320.141 432.442 199.489 0.345384
0.551638 -3.60159 320.075 498.057 8.21624 -0.32428 -0.552367 3.60327 -320.075 462.309 137.558 0.32428
0.908038 -2.84443 319.954 391.367 167.09 -0.29638 -0.908738 2.84625 -319.954 367.181 74.1279 0.29638
1.20152 -1.1784 319.854 153.087 303.738 -0.262098 -1.2015 1.18014 -319.854 161.35 16.0098 0.262098
1.48708 1.10511 319.818 -175.797 426.343 -0.222049 -1.48681 -1.10344 -319.818 -118.467 -30.1718 0.222049
1.71875 3.55405 319.727 -528.51 529.732 -0.17707 -1.7181 -3.55288 -319.727 -418.61 -71.5655 0.17707
1.87213 5.66447 319.687 -832.363 613.492 -0.128238 -1.87061 -5.66435 -319.687 -677.448 -114.305 0.128238
1.99061 6.94795 319.725 -1016.65 685.551 -0.0768395 -1.9885 -6.94865 -319.725 -835.394 -154.641 0.0768395
2.10089 7.08355 319.791 -1035.21 750.84 -0.0243153 -2.0984 -7.085 -319.791 -853.085 -190.393 0.0243153
2.17563 5.97865 319.873 -875.131 808.72 0.0278122 -2.17302 -5.98057 -319.873 -718.703 -228.194 -0.0278122
2.21881 3.83895 320.06 -565.661 861.823 0.0779853 -2.21583 -3.83964 -320.06 -457.656 -269.674 -0.0779853
2.25333 1.13949 320.243 -175.125 912.491 0.124646 -2.25012 -1.13961 -320.243 -128.553 -311.021 -0.124646
2.2831 -1.5415 320.347 213.095 961.153 0.166327 -2.28079 1.54227 -320.347 197.984 -351.485 -0.166327
2.25201 -3.63603 320.419 516.082 998.306 0.201747 -2.25045 3.63791 -320.419 453.46 -396.69 -0.201747
2.17056 -4.70343 320.4 670.242 1020.95 0.229849 -2.17009 4.70605 -320.4 583.922 -440.792 -0.229849
2.10847 -4.5087 320.29 642.237 1032.29 0.249817 -2.10816 4.51224 -320.29 560.142 -468.593 -0.249817
2.144 -3.0441 320.148 430.858 1039.44 0.261134 -2.14281 3.04832 -320.148 381.209 -466.366 -0.261134
2.27283 -0.552282 319.997 70.8142 1044.94 0.263584 -2.27088 0.55639 -319.997 77.0233 -437.652 -0.263584
2.43221 2.5082 319.849 -371.276 1047.45 0.257199 -2.42801 -2.5037 -319.849 -296.631 -398.008 -0.257199
2.65664 5.54562 319.75 -809.677 1062.62 0.242222 -2.65074 -5.54265 -319.75 -668.085 -353.603 -0.242222
2.86406 7.87924 319.647 -1145.68 1086.42 0.219149 -2.85921 -7.87796 -319.647 -954.35 -321.961 -0.219149
2.98031 8.99852 319.592 -1306.38 1110.69 0.188724 -2.97546 -8.99701 -319.592 -1091.98 -315.2 -0.188724
3.05881 8.73882 319.674 -1268.69 1134.45 0.151882 -3.05574 -8.73748 -319.674 -1060.47 -317.751 -0.151882
3.13903 7.2634 319.808 -1055.91 1151.29 0.109709 -3.13796 -7.26142 -319.808 -879.872 -312.915 -0.109709
3.20477 4.9806 319.952 -726.95 1150.16 0.06343 -3.20361 -4.97833 -319.952 -600.296 -294.325 -0.06343
3.25631 2.38377 320.138 -352.19 1126.72 0.0143857 -3.25538 -2.38217 -320.138 -282.939 -257.236 -0.0143857
3.2162 -0.0951533 320.277 4.84149 1072.46 -0.0360058 -3.21618 0.0952687 -320.277 20.6117 -213.743 0.0360058
2.95641 -2.20008 320.285 307.594 970.789 -0.086289 -2.95618 2.19919 -320.285 278.814 -181.619 0.086289
2.57053 -3.73359 320.267 527.725 832.37 -0.13505 -2.57004 3.73243 -320.267 467.42 -146.435 0.13505
2.20303 -4.5483 320.273 643.829 676.93 -0.180956 -2.20205 4.54733 -320.273 568.513 -89.4301 0.180956
1.84806 -4.58438 320.139 646.954 508.517 -0.222737 -1.84606 4.58335 -320.139 575.003 -16.2357 0.222737
1.45605 -3.91814 319.989 548.51 331.393 -0.259231 -1.45319 3.91716 -319.989 495.868 55.8023 0.259231
1.02148 -2.71765 319.914 372.927 152.834 -0.289523 -1.01751 2.71675 -319.914 351.465 117.912 0.289523
0.590188 -1.1708 319.858 147.991 -16.1174 -0.312954 -0.586115 1.17093 -319.858 164.217 171.455 0.312954
0.160279 0.623369 319.799 -112.375 -172.398 -0.329042 -0.156846 -0.621203 -319.799 -53.3918 212.843 0.329042
-0.294054 2.80281 319.77 -428.247 -320.23 -0.337495 0.296647 -2.79438 -319.77 -317.63 239.351 0.337495
-0.753144 5.56394 319.818 -826.893 -456.902 -0.33829 0.753735 -5.5544 -319.818 -654.838 253.624 0.33829
-1.23726 8.68035 319.821 -1275.81 -589.981 -0.331676 1.23643 -8.67284 -319.821 -1036.9 257.576 0.331676
-1.70623 11.5458 319.832 -1686.84 -719.459 -0.318136 1.70493 -11.5373 -319.832 -1389.56 261.841 0.318136
-2.1071 13.5945 319.822 -1979.51 -840.564 -0.298324 2.10529 -13.5884 -319.822 -1643.31 275.89 0.298324
-2.46694 14.2513 319.775 -2073.89 -953.925 -0.273027 2.46515 -14.2488 -319.775 -1724.48 293.067 0.273027
-2.81586 12.927 319.754 -1886.37 -1057.04 -0.243185 2.81456 -12.9289 -319.754 -1559.58 302.867 0.243185
-3.11653 9.49292 319.852 -1396.26 -1140.15 -0.209917 3.11602 -9.49281 -319.852 -1134.02 305.524 0.209917
-3.33249 4.59976 320.106 -694.644 -1196.1 -0.174434 3.33166 -4.59776 -320.106 -531.061 303.812 0.174434
-3.45702 -0.640967 320.28 57.8199 -1221.19 -0.137944 3.45614 0.64354 -320.28 113.524 295.628 0.137944
-3.49337 -5.18386 320.347 710.965 -1216.93 -0.10165 3.49292 5.18775 -320.347 671.507 281.615 0.10165
-3.38803 -8.22286 320.353 1147.81 -1179.14 -0.0667545 3.3877 8.22509 -320.353 1044.51 271.957 0.0667545
-3.15391 -9.43661 320.327 1322.86 -1110.39 -0.0344084 3.15369 9.43808 -320.327 1192.9 265.744 0.0344084
-2.85082 -8.9213 320.216 1249.8 -1018.14 -0.00564962 2.85086 8.92053 -320.216 1128.29 254.466 0.00564962
-2.49183 -7.1145 320.108 991.133 -903.958 0.0186527 2.49214 7.11223 -320.108 905.135 236.225 -0.0186527
-2.07175 -4.56514 320.056 625.643 -768.405 0.0378488 2.0724 4.56386 -320.056 591.196 212.946 -0.0378488
-1.60489 -1.73241 320.017 220.51 -616.162 0.0515231 1.60604 1.73178 -320.017 241.319 185.48 -0.0515231
-1.06435 1.06289 319.971 -180.11 -440.723 0.0594919 1.06598 -1.06227 -319.971 -103.013 154.503 -0.0594919
-0.509129 3.55093 319.996 -535.743 -251.165 0.0618206 0.511692 -3.54836 -319.996 -410.336 113.304 -0.0618206
0.0990981 5.64585 320.007 -834.97 -42.257 0.0588404 -0.0954925 -5.64217 -320.007 -669.387 66.9117 -0.0588404
0.755755 7.24731 320.065 -1064.06 186.131 0.0511411 -0.751997 -7.24353 -320.065 -867.171 14.1068 -0.0511411
1.39429 8.20648 320.071 -1200.17 424.199 0.03953 -1.39064 -8.20302 -320.071 -986.783 -53.1355 -0.03953
2.00564 8.37544 320.095 -1222.03 667.03 0.0249536 -2.00239 -8.3731 -320.095 -1010.12 -132.331 -0.0249536
2.59004 7.6853 320.151 -1119.64 905.02 0.00843484 -2.58795 -7.6829 -320.151 -928.542 -213.776 -0.00843484
3.13668 6.22161 320.125 -906.159 1130.91 -0.00895911 -3.13612 -6.21961 -320.125 -751.927 -293.181 0.00895911
3.57225 4.18433 320.06 -610.154 1324.72 -0.0261816 -3.57356 -4.1828 -320.06 -504.944 -370.146 0.0261816
3.86814 1.91101 320.052 -281.078 1469.95 -0.0423159 -3.86977 -1.90835 -320.052 -227.9 -436.08 0.0423159
4.12962 -0.137459 319.972 15.1642 1571.14 -0.0566412 -4.13065 0.141149 -319.972 22.029 -467.412 0.0566412
4.36801 -1.46449 319.864 206.942 1628.24 -0.0685974 -4.36853 1.46977 -319.864 184.193 -460.944 0.0685974
4.44544 -1.68111 319.767 238.136 1631 -0.0777593 -4.44554 1.68751 -319.767 210.89 -443.136 0.0777593
4.26816 -0.6369 319.677 86.9765 1573.22 -0.0839208 -4.26762 0.642957 -319.677 83.6618 -432.822 0.0839208
3.90796 1.5206 319.614 -225.308 1464.99 -0.0871545 -3.90758 -1.51407 -319.614 -179.087 -420.801 0.0871545
3.48216 4.38348 319.581 -639.687 1321.44 -0.0877205 -3.48158 -4.37845 -319.581 -528.029 -391.102 0.0877205
3.0355 7.28338 319.613 -1059.75 1150.98 -0.0859752 -3.03455 -7.28071 -319.613 -881.27 -340.145 0.0859752
2.54852 9.46127 319.608 -1375.07 959.671 -0.0824013 -2.54803 -9.45962 -319.608 -1146.62 -279.048 0.0824013
1.9198 10.4294 319.655 -1516.62 742.023 -0.0776313 -1.92012 -10.428 -319.655 -1263.16 -229.395 0.0776313
1.19219 9.96423 319.737 -1452.61 504.444 -0.0723813 -1.19263 -9.96435 -319.737 -1203.37 -186.308 0.0723813
0.499572 8.07797 319.947 -1183.07 261.117 -0.0673598 -0.500556 -8.078 -319.947 -970.087 -128.135 0.0673598
-0.1212 5.13839 320.038 -760.612 18.329 -0.0631856 0.119961 -5.13703 -320.038 -608.789 -51.4272 0.0631856
-0.667234 1.78389 320.205 -279.5 -216.831 -0.0603547 0.667654 -1.78307 -320.205 -195.792 37.2994 0.0603547
-1.15787 -1.40337 320.36 176.553 -441.171 -0.059268 1.15886 1.40444 -320.36 197.79 130.133 0.059268
-1.63858 -3.92881 320.413 537.034 -650.399 -0.0602276 1.64041 3.93047 -320.413 510.575 210.516 0.0602276
-2.0794 -5.41676 320.378 748.05 -835.294 -0.0633607 2.08245 5.41857 -320.378 696.214 277.23 0.0633607
-2.42752 -5.72163 320.296 789.859 -987.447 -0.0685649 2.43079 5.72377 -320.296 735.721 336.145 0.0685649
-2.64161 -4.89025 320.207 668.887 -1095.51 -0.0755458 2.64555 4.89289 -320.207 635.149 386.748 0.0755458
-2.75312 -3.1167 320.065 413.015 -1159.41 -0.0839156 2.75737 3.11992 -320.065 418.344 420.71 0.0839156
-2.81778 -0.695505 319.954 64.3059 -1182.26 -0.0932573 2.82027 0.699048 -319.954 121.703 426.517 0.0932573
-2.89859 2.00082 319.903 -322.782 -1175.36 -0.103119 2.89983 -1.99689 -319.903 -209.892 398.325 0.103119
-2.89802 4.6061 319.845 -696.736 -1135.37 -0.113012 2.89849 -4.60261 -319.845 -530.462 358.755 0.113012
-2.70036 6.69804 319.815 -996.357 -1056.63 -0.122463 2.70045 -6.69584 -319.815 -788.643 332.974 0.122463
-2.35379 7.93856 319.84 -1173.27 -947.163 -0.131064 2.35362 -7.93662 -319.84 -942.446 316.188 0.131064
-2.01186 8.14998 319.911 -1202.42 -825.001 -0.138512 2.01114 -8.1488 -319.911 -969.751 285.552 0.138512
-1.72608 7.30531 319.996 -1079.98 -697.253 -0.144635 1.72498 -7.30509 -319.996 -867.169 234.379 0.144635
-1.45657 5.49822 320.098 -818.959 -566.879 -0.149341 1.45458 -5.49825 -320.098 -646.525 176.324 0.149341
-1.13875 3.00329 320.183 -458.72 -432.94 -0.152563 1.13621 -3.00329 -320.183 -341.717 127.521 0.152563
-0.753047 0.185709 320.257 -50.7879 -297.094 -0.154254 0.750765 -0.186277 -320.257 1.32313 94.7624 0.154254
-0.369791 -2.53759 320.262 343.165 -172.002 -0.15443 0.367386 2.53679 -320.262 333.257 72.1209 0.15443
-0.0557899 -4.79613 320.258 669.546 -67.1414 -0.153183 0.0543494 4.79531 -320.258 608.904 51.0711 0.153183
0.22113 -6.26564 320.195 882.141 23.6922 -0.150649 -0.221789 6.26489 -320.195 788.028 34.1541 0.150649
0.471443 -6.7261 320.075 949.326 102.024 -0.146943 -0.471315 6.72596 -320.075 843.66 22.6185 0.146943
0.658579 -6.09368 320.008 859.073 164.816 -0.142144 -0.658528 6.0937 -320.008 765.355 9.87669 0.142144
0.735691 -4.45861 319.967 624.402 207.002 -0.136333 -0.735995 4.45898 -319.967 564.226 -11.566 0.136333
0.739888 -2.05086 319.893 278.137 232.199 -0.129645 -0.739647 2.05188 -319.893 268.768 -35.6026 0.129645
0.769865 0.804127 319.899 -133.535 252.308 -0.122226 -0.769384 -0.802863 -319.899 -80.5499 -47.6712 0.122226
0.818341 3.69895 319.922 -551.667 268.137 -0.114159 -0.817813 -3.69738 -319.922 -434.016 -50.5308 0.114159
0.803163 6.19433 319.878 -911.958 272.411 -0.105457 -0.80267 -6.1932 -319.878 -738.949 -58.8085 0.105457
0.719883 7.8778 319.899 -1154.84 266.496 -0.096144 -0.719321 -7.87769 -319.899 -944.945 -75.0764 0.096144
0.625019 8.46049 319.946 -1238.8 256.382 -0.0862873 -0.624594 -8.46008 -319.946 -1016.27 -90.2235 0.0862873
0.558684 7.91641 319.966 -1160.25 245.97 -0.0759616 -0.558438 -7.91505 -319.966 -949.658 -97.4833 0.0759616
0.495977 6.42878 320.008 -945.592 232.058 -0.0652319 -0.496436 -6.42748 -320.008 -767.785 -100.226 0.0652319
0.385475 4.25339 320.08 -631.515 207.792 -0.0541978 -0.386514 -4.25228 -320.08 -502.018 -105.392 0.0541978
0.216737 1.71117 320.111 -264.365 169.271 -0.0430414 -0.218465 -1.70985 -320.111 -191.491 -111.842 0.0430414
0.0291136 -0.818554 320.15 100.167 118.51 -0.032028 -0.0315056 0.819392 -320.15 118.235 -111.129 0.032028
-0.149769 -3.01345 320.188 415.129 56.6825 -0.021463 0.1473 3.01382 -320.188 388.284 -97.1473 0.021463
-0.328142 -4.62951 320.146 646.415 -18.5483 -0.0116724 0.325658 4.62995 -320.146 587.787 -69.6798 0.0116724
-0.541921 -5.45371 320.116 764.012 -110.207 -0.00302132 0.539738 5.4545 -320.116 689.937 -35.2983 0.00302132
-0.7882 -5.34602 320.089 747.088 -213.326 0.00408773 0.786427 5.34675 -320.089 678.151 1.84157 -0.00408773
-1.04834 -4.32637 320.081 598.967 -322.426 0.00924668 1.04728 4.32708 -320.081 554.473 41.2186 -0.00924668
-1.28513 -2.53992 320.053 340.034 -430.844 0.0120759 1.28484 2.54093 -320.053 337.255 86.1352 -0.0120759
-1.49536 -0.240211 320.047 7.02222 -531.298 0.0122559 1.49475 0.241637 -320.047 57.3186 130.332 -0.0122559
-1.72109 2.2215 320.06 -348.678 -624.143 0.00953289 1.72065 -2.22007 -320.06 -243.17 162.755 -0.00953289
-1.93164 4.43278 320.085 -667.707 -704.131 0.0037069 1.93158 -4.43199 -320.085 -513.663 186.372 -0.0037069
-2.07267 5.98328 320.085 -891.044 -765.708 -0.0053404 2.07252 -5.9827 -320.085 -703.652 210.211 0.0053404
-2.12526 6.56892 320.099 -975.635 -804.982 -0.0175974 2.12547 -6.56924 -320.099 -775.289 235.3 0.0175974
-2.10651 6.0152 320.135 -896.227 -820.667 -0.0329165 2.10726 -6.0161 -320.135 -707.172 255.838 0.0329165
-2.03585 4.3575 320.172 -657.495 -812.698 -0.0510334 2.0373 -4.35843 -320.172 -504.033 266.598 0.0510334
-1.88683 1.87107 320.192 -299.371 -776.147 -0.0715671 1.88945 -1.87234 -320.192 -199.422 269.67 0.0715671
-1.62589 -1.00438 320.21 115.595 -704.778 -0.0939916 1.62913 1.0038 -320.21 152.181 267.909 0.0939916
-1.28105 -3.70972 320.242 506.373 -599.338 -0.117617 1.28443 3.70932 -320.242 482.558 254.587 0.117617
-0.925132 -5.757 320.186 802.614 -470.046 -0.14162 0.928815 5.75626 -320.186 731.991 220.434 0.14162
-0.522814 -6.81977 320.115 957.417 -316.603 -0.165112 0.526623 6.8193 -320.115 860.509 174.6 0.165112
-0.0243041 -6.74623 320.132 948.953 -139.176 -0.187164 0.0282419 6.7456 -320.132 849.343 130.487 0.187164
0.577 -5.59676 320.034 785.864 62.3908 -0.206796 -0.572774 5.59546 -320.034 705.933 89.6617 0.206796
1.19244 -3.64998 319.964 508.822 274.869 -0.223038 -1.18826 3.64836 -319.964 463.99 41.7833 0.223038
1.80543 -1.29841 319.996 171.935 497.349 -0.235031 -1.80152 1.2956 -319.996 173.879 -16.6909 0.235031
2.42269 0.962134 319.99 -152.865 725.785 -0.242086 -2.41832 -0.965326 -319.99 -103.943 -80.0737 0.242086
3.05752 2.71869 319.999 -404.45 955.393 -0.243666 -3.05371 -2.72148 -319.999 -320.535 -139.817 0.243666
3.66152 3.7385 320.08 -548.926 1174.79 -0.239385 -3.65848 -3.74175 -320.08 -447.967 -197.574 0.239385
4.20754 3.944 320.112 -576.193 1376.64 -0.229059 -4.20423 -3.94662 -320.112 -475.398 -253.42 0.229059
4.68865 3.41923 320.121 -499.032 1552.83 -0.212726 -4.68545 -3.42158 -320.121 -412.645 -300.94 0.212726
5.11427 2.32427 320.146 -340.092 1701.38 -0.190637 -5.11058 -2.32712 -320.146 -279.784 -335.764 0.190637
5.44559 0.847548 320.177 -126.356 1816.12 -0.163256 -5.44171 -0.850134 -320.177 -99.8538 -361.954 0.163256
5.62567 -0.780169 320.141 108.824 1890.24 -0.131248 -5.62175 0.777431 -320.141 98.8274 -387.904 0.131248
5.64648 -2.33706 320.077 333.723 1922.4 -0.0954441 -5.64218 2.33409 -320.077 288.899 -414.472 0.0954441
5.56516 -3.63385 320.057 520.721 1919.65 -0.0568097 -5.56056 3.63098 -320.057 447.586 -433.42 0.0568097
5.39802 -4.51927 320.011 648.145 1885.51 -0.016409 -5.3937 4.51672 -320.011 556.222 -443.84 0.016409
5.09653 -4.89383 319.922 701.998 1816.72 0.0246246 -5.09285 4.89132 -319.922 602.218 -455.448 -0.0246246
4.65843 -4.73677 319.883 678.989 1714.83 0.0651088 -4.65511 4.73419 -319.883 583.352 -470.454 -0.0651088
4.15262 -4.1104 319.897 587.904 1588.24 0.103837 -4.14987 4.1078 -319.897 507.475 -478.843 -0.103837
3.63973 -3.15026 319.906 448.534 1444.35 0.139634 -3.6372 3.1473 -319.906 390.864 -471.932 -0.139634
3.13706 -2.03387 319.939 286.149 1288.78 0.171388 -3.13461 2.03075 -319.939 255.649 -450.672 -0.171388
2.64111 -0.966063 319.999 130.634 1126.47 0.198058 -2.63826 0.962646 -319.999 126.496 -420.987 -0.198058
2.14947 -0.139228 320.094 9.41725 960.73 0.218679 -2.14651 0.135415 -320.094 27.2648 -386.692 -0.218679
1.68988 0.278488 320.173 -52.653 801.131 0.232422 -1.6868 -0.282574 -320.173 -22.0428 -349.992 -0.232422
1.28745 0.17939 320.229 -39.6537 654.642 0.238618 -1.28402 -0.184028 -320.229 -8.69666 -311.179 -0.238618
0.976279 -0.487412 320.296 55.5879 528.378 0.236786 -0.972943 0.482091 -320.296 73.7152 -268.177 -0.236786
0.737369 -1.69295 320.326 228.778 421.886 0.226659 -0.734467 1.68739 -320.326 221.843 -225.604 -0.226659
0.560389 -3.29416 320.343 458.819 335.262 0.208201 -0.557121 3.28837 -320.343 418.59 -186.458 -0.208201
0.491747 -5.08337 320.363 715.552 274.122 0.18162 -0.488043 5.07713 -320.363 638.731 -143.886 -0.18162
0.522529 -6.8134 320.344 963.791 237.578 0.147401 -0.519277 6.80763 -320.344 851.713 -99.2439 -0.147401
0.571226 -8.16325 320.317 1157.28 215.246 0.106322 -0.568085 8.15831 -320.317 1018.15 -64.0351 -0.106322
0.61229 -8.8272 320.275 1252.43 201.826 0.0594174 -0.609486 8.82323 -320.275 1100.12 -39.6973 -0.0594174
0.685976 -8.57641 320.209 1216.25 198.102 0.00793625 -0.683549 8.57351 -320.209 1069.59 -16.3248 -0.00793625
0.80732 -7.34211 320.15 1038.68 202.318 -0.0466633 -0.805144 7.33964 -320.15 918.195 11.8119 0.0466633
0.945891 -5.26777 320.128 740.193 208.33 -0.102731 -0.943836 5.26518 -320.128 663.732 42.7377 0.102731
1.0956 -2.67452 320.051 366.982 215.668 -0.158497 -1.09303 2.67244 -320.051 345.753 75.225 0.158497
1.26449 0.0297583 320.005 -22.6897 226.904 -0.212165 -1.26159 -0.0324075 -320.005 14.4999 108.956 0.212165
1.41343 2.38254 320.014 -362.46 238.826 -0.26196 -1.41068 -2.38568 -320.014 -272.949 136.747 0.26196
1.49245 3.96153 319.951 -590.515 244.791 -0.306196 -1.48969 -3.9647 -319.951 -465.791 151.841 0.306196
1.5187 4.52181 319.938 -671.367 244.573 -0.343335 -1.51629 -4.52544 -319.938 -534.347 159.094 0.343335
1.53031 4.00124 320.005 -596.11 240.051 -0.372058 -1.52774 -4.0048 -320.005 -470.831 166.665 0.372058
1.5315 2.54363 320.056 -385.385 230.84 -0.39133 -1.52879 -2.54678 -320.056 -292.965 176.131 0.39133
1.49361 0.466264 320.098 -85.3324 215.075 -0.400446 -1.49063 -0.469514 -320.098 -39.2905 181.709 0.400446
1.41237 -1.83681 320.195 246.543 195.435 -0.39904 -1.40856 1.83387 -320.195 242.782 179.524 0.39904
1.30751 -3.96933 320.22 553.332 176.39 -0.387111 -1.30322 3.96657 -320.22 504.461 170.509 0.387111
1.19786 -5.61656 320.178 790.126 162.832 -0.365029 -1.19276 5.61306 -320.178 706.654 154.711 0.365029
1.09561 -6.61746 320.175 934.113 159.697 -0.33352 -1.09016 6.61364 -320.175 829.423 130.568 0.33352
0.991051 -6.89508 320.156 974.171 169.11 -0.293637 -0.986027 6.89171 -320.156 863.427 93.417 0.293637
0.854903 -6.37607 320.078 899.817 188.034 -0.246727 -0.850814 6.37429 -320.078 799.643 38.4601 0.246727
0.719909 -5.03703 320.039 707.613 216.94 -0.194384 -0.716445 5.03566 -320.039 634.967 -26.1667 0.194384
0.66959 -3.02799 320.018 419.084 261.647 -0.138387 -0.666792 3.02675 -320.018 387.984 -83.9907 0.138387
0.754802 -0.630547 320.004 74.1069 327.427 -0.0806148 -0.751934 0.629944 -320.004 93.9824 -126.843 0.0806148
0.975276 1.7712 319.99 -272.299 415.963 -0.0229639 -0.971018 -1.77309 -319.99 -199.99 -156.554 0.0229639
1.29983 3.66144 319.989 -544.313 526.888 0.0327037 -1.29494 -3.66481 -319.989 -432.037 -180.775 -0.0327037
1.65431 4.62526 320.028 -682.321 656.085 0.0846267 -1.64945 -4.62844 -320.028 -550.919 -215.154 -0.0846267
1.99403 4.46579 320.1 -657.726 798.468 0.131242 -1.98899 -4.46987 -320.1 -533.129 -266.636 -0.131242
2.36447 3.18125 320.169 -470.171 954.898 0.17125 -2.36016 -3.1856 -320.169 -378.319 -323.825 -0.17125
2.80524 0.963442 320.267 -147.484 1124.2 0.203648 -2.80187 -0.967621 -320.267 -109.813 -375.112 -0.203648
3.26665 -1.77253 320.392 249.005 1290.82 0.227759 -3.26325 1.76864 -320.392 223.03 -418.352 -0.227759
3.71851 -4.53786 320.391 648.922 1447.4 0.243241 -3.71588 4.53398 -320.391 560.235 -454.027 -0.243241
4.08624 -6.87689 320.408 986.629 1580.04 0.250051 -4.08441 6.87294 -320.408 846.008 -488.228 -0.250051
4.33252 -8.42374 320.389 1209.3 1678.8 0.248442 -4.33099 8.42 -320.389 1035.69 -521.064 -0.248442
4.54331 -8.97053 320.259 1287.96 1749.37 0.238952 -4.54073 8.96689 -320.259 1102.79 -535.422 -0.238952
4.78372 -8.4724 320.171 1216.44 1798.84 0.222343 -4.78098 8.46874 -320.171 1041.53 -520.764 -0.222343
4.93462 -7.05928 320.104 1013.17 1816.35 0.199524 -4.93213 7.0557 -320.104 868.126 -498.018 -0.199524
4.87642 -4.99106 319.989 715.562 1790.1 0.17148 -4.87366 4.98761 -319.989 614.449 -487.371 -0.17148
4.68853 -2.5928 319.939 369.332 1728.75 0.139232 -4.68584 2.58947 -319.939 321.418 -476.221 -0.139232
4.4874 -0.254369 319.92 31.373 1643.82 0.103846 -4.48467 0.251007 -319.92 36.0446 -445.113 -0.103846
4.29237 1.66378 319.904 -246.209 1539.49 0.0664206 -4.28963 -1.66748 -319.904 -197.715 -393.047 -0.0664206
4.00463 2.86709 319.868 -420.854 1408.03 0.0279995 -4.00202 -2.87092 -319.868 -343.837 -338.603 -0.0279995
3.58733 3.20031 319.913 -470.299 1249.89 -0.0105042 -3.58492 -3.20428 -319.913 -383.23 -292.06 0.0105042
3.07967 2.64506 320.005 -392.245 1068.95 -0.0483087 -3.07738 -2.64924 -320.005 -313.3 -246.857 0.0483087
2.58063 1.31047 320.091 -201.783 879.786 -0.0847133 -2.57848 -1.31464 -320.091 -148.009 -191.176 0.0847133
2.0645 -0.583867 320.135 70.2866 679.415 -0.119075 -2.06269 0.579816 -320.135 84.8933 -128.854 0.119075
1.50995 -2.65303 320.216 367.519 470.439 -0.150836 -1.50839 2.65062 -320.216 339.438 -68.2007 0.150836
0.911176 -4.42415 320.263 620.122 256.147 -0.179558 -0.910012 4.42252 -320.263 559.056 -14.0115 0.179558
0.274487 -5.56088 320.229 780.332 37.0173 -0.204906 -0.274134 5.55903 -320.229 701.83 34.9601 0.204906
-0.375423 -5.91319 320.195 828.154 -186.046 -0.226602 0.375152 5.91185 -320.195 747.996 84.317 0.226602
-0.9839 -5.45726 320.199 759.688 -406.094 -0.244415 0.982878 5.45563 -320.199 694.898 141.716 0.244415
-1.57007 -4.3332 320.127 594.786 -624.09 -0.258172 1.56895 4.33089 -320.127 560.089 202.931 0.258172
-2.08991 -2.78357 320.029 368.726 -830.264 -0.267812 2.08928 2.78198 -320.029 373.182 269.941 0.267812
-2.54998 -1.03142 320.043 114.694 -1021.52 -0.273385 2.54915 1.03049 -320.043 160.257 338.087 0.273385
-2.99184 0.735418 320.061 -141.048 -1198.56 -0.275015 2.99124 -0.735976 -320.061 -54.916 396.861 0.275015
-3.39528 2.31962 320.032 -370.041 -1355.4 -0.272887 3.39456 -2.31917 -320.032 -248.07 445.783 0.272887
-3.76227 3.58611 320.097 -552.839 -1490.93 -0.267275 3.76069 -3.58502 -320.097 -402.78 483.274 0.267275
-4.10016 4.4489 320.141 -677.283 -1605.1 -0.258527 4.09797 -4.44719 -320.141 -508.235 507.189 0.258527
-4.39073 4.85852 320.163 -736.537 -1697.31 -0.247061 4.38809 -4.85657 -320.163 -558.137 521.789 0.247061
-4.59891 4.80176 320.196 -728.797 -1766.36 -0.233333 4.59605 -4.79936 -320.196 -550.685 535.212 0.233333
-4.72538 4.33272 320.21 -661.984 -1812 -0.217807 4.72243 -4.32973 -320.21 -492.39 547.041 0.217807
-4.80791 3.55184 320.181 -550.491 -1836.53 -0.20095 4.80518 -3.54874 -320.181 -395.715 549.483 0.20095
-4.86179 2.52387 320.137 -403.703 -1839.91 -0.183232 4.85898 -2.52208 -320.137 -268.661 538.515 0.183232
-4.86514 1.26838 320.092 -224.116 -1819.42 -0.165117 4.86246 -1.26697 -320.092 -113.633 517.18 0.165117
-4.77525 -0.117956 320.046 -25.0499 -1770.12 -0.14704 4.77283 0.119294 -320.046 56.8329 491.94 0.14704
-4.5815 -1.4615 320.003 168.779 -1690.63 -0.129395 4.5792 1.46215 -320.003 221.045 464.273 0.129395
-4.33329 -2.57955 319.989 330.727 -1587.75 -0.112537 4.33115 2.57989 -319.989 357.079 427.79 0.112537
-4.03883 -3.25687 320.02 429.744 -1463.27 -0.096794 4.03691 3.25839 -320.02 438.76 382.099 0.096794
-3.67602 -3.21519 320.029 425.818 -1317.25 -0.0824533 3.67411 3.21818 -320.029 431.767 333.168 0.0824533
-3.25888 -2.27334 320.05 292.213 -1153.63 -0.0697407 3.25668 2.27663 -320.05 314.348 281.215 0.0697407
-2.8314 -0.503736 320.082 39.6719 -980.677 -0.0588125 2.82918 0.507461 -320.082 95.2348 222.678 0.0588125
-2.38813 1.83993 320.109 -295.244 -803.309 -0.0497592 2.38595 -1.83581 -320.109 -194.53 163.955 0.0497592
-1.88333 4.35582 320.05 -655.496 -616.471 -0.0426067 1.88129 -4.35251 -320.05 -505.025 112.154 0.0426067
-1.3646 6.50074 320.007 -962.047 -427.525 -0.0373245 1.3626 -6.4986 -320.007 -770.385 61.9708 0.0373245
-0.86871 7.76152 319.971 -1141.51 -241.332 -0.0338313 0.866743 -7.76065 -319.971 -927.172 8.4432 0.0338313
-0.396016 7.83894 319.924 -1151.15 -61.0875 -0.0319832 0.394262 -7.83762 -319.924 -938.113 -45.3655 0.0319832
0.0830501 6.77525 319.925 -996.324 113.408 -0.0315696 -0.0845012 -6.77331 -319.925 -809.322 -91.7735 0.0315696
0.564195 4.86231 319.979 -718.74 278.672 -0.032335 -0.565484 -4.86089 -319.979 -577.068 -128.418 0.032335
1.007 2.49029 320.008 -374.889 428.277 -0.0340089 -1.00812 -2.48886 -320.008 -288.638 -159.67 0.0340089
1.37725 0.106986 320.066 -29.593 555.39 -0.0363309 -1.37818 -0.105385 -320.066 1.37527 -187.822 0.0363309
1.68704 -1.86197 320.077 255.819 659.751 -0.0390684 -1.68782 1.86309 -320.077 240.738 -209.388 0.0390684
1.92404 -3.11677 320.065 437.819 737.499 -0.0420206 -1.92521 3.11782 -320.065 393.204 -223.736 0.0420206
2.05813 -3.50024 320.045 493.523 782.276 -0.0450283 -2.05968 3.50133 -320.045 439.72 -232.619 0.0450283
2.09073 -2.99479 320.001 420.414 791.116 -0.0480002 -2.09234 2.99603 -320.001 378.118 -232.74 0.0480002
2.03714 -1.6889 319.948 231.321 763.821 -0.050915 -2.03907 1.69131 -319.948 219.272 -219.756 0.050915
1.88292 0.285261 319.907 -54.5976 699.091 -0.0538014 -1.88498 -0.281432 -319.907 -20.8477 -196.272 0.0538014
1.61618 2.71669 319.876 -406.762 597.275 -0.0567288 -1.618 -2.71238 -319.876 -316.734 -165.83 0.0567288
1.25839 5.24147 319.862 -772.504 463.931 -0.0597981 -1.26032 -5.23766 -319.862 -624.059 -128.163 0.0597981
0.802207 7.3913 319.834 -1084.28 300.944 -0.0631156 -0.804169 -7.38836 -319.834 -885.445 -87.1556 0.0631156
0.276525 8.71276 319.822 -1276.03 117.056 -0.0667761 -0.278415 -8.71072 -319.822 -1046.06 -43.8435 0.0667761
-0.288927 8.9099 319.864 -1305.65 -81.5052 -0.0708734 0.287005 -8.90868 -319.864 -1069.1 3.51015 0.0708734
-0.870905 7.92005 319.91 -1164.68 -287.561 -0.0754968 0.868814 -7.91868 -319.91 -946.184 53.9422 0.0754968
-1.46138 5.92349 320.014 -879.241 -495.97 -0.0807025 1.45899 -5.92257 -320.014 -699.48 104.461 0.0807025
-2.05555 3.23708 320.129 -494.96 -703.439 -0.0865188 2.05305 -3.23673 -320.129 -367.742 153.026 0.0865188
-2.61964 0.247159 320.243 -66.8672 -904.305 -0.0929637 2.61721 -0.247095 -320.243 1.12655 202.989 0.0929637
-3.11741 -2.60029 320.347 340.129 -1092.29 -0.100037 3.115 2.60003 -320.347 353.11 257.776 0.100037
-3.58271 -4.93394 320.378 673.38 -1268.95 -0.107703 3.58021 4.93341 -320.378 641.887 309.95 0.107703
-3.99119 -6.45655 320.37 889.902 -1426.89 -0.115894 3.9887 6.45585 -320.37 831.216 358.579 0.115894
-4.34242 -7.02701 320.389 968.954 -1564.42 -0.124534 4.33995 7.02613 -320.389 904.206 402.114 0.124534
-4.65231 -6.63012 320.353 909.821 -1683.28 -0.133529 4.64932 6.6301 -320.353 857.664 438.148 0.133529
-4.92978 -5.31935 320.292 720.244 -1784.21 -0.142757 4.92604 5.32001 -320.292 697.937 464.982 0.142757
-5.15341 -3.27616 320.256 426.137 -1865.21 -0.152078 5.14944 3.277 -320.256 447.436 486.225 0.152078
-5.29276 -0.795116 320.226 69.3575 -1922.64 -0.161361 5.28833 0.796551 -320.226 142.948 506.438 0.161361
-5.34657 1.7649 320.178 -297.08 -1955.24 -0.170482 5.34202 -1.76318 -320.178 -172.978 524.629 0.170482
-5.35381 4.08721 320.091 -628.915 -1968.95 -0.179315 5.34917 -4.08539 -320.091 -460.167 536.383 0.179315
-5.32262 5.86662 320.05 -882.845 -1965.2 -0.187735 5.31768 -5.86489 -320.05 -680.573 541.004 0.187735
-5.25577 6.88444 320.015 -1027.94 -1945.69 -0.19562 5.25096 -6.88263 -320.015 -806.784 539.338 0.19562
-5.12903 7.02955 319.962 -1048.34 -1908.88 -0.20285 5.12456 -7.02756 -319.962 -825.04 536.356 0.20285
-4.93299 6.32853 319.941 -947.844 -1854.02 -0.209289 4.9286 -6.32634 -319.941 -738.641 533.853 0.209289
-4.69964 4.90655 319.974 -744.199 -1784.27 -0.214773 4.69585 -4.9045 -319.974 -563.261 526.373 0.214773
-4.44014 2.95373 319.998 -464.233 -1699.65 -0.219113 4.43699 -2.95222 -319.998 -322.753 511.022 0.219113
-4.13752 0.706914 320.029 -140.804 -1597.07 -0.222108 4.13519 -0.705544 -320.029 -47.2919 489.232 0.222108
-3.77623 -1.5278 320.066 181.556 -1473.97 -0.223541 3.77484 1.52874 -320.066 225.973 462.59 0.223541
-3.38983 -3.44309 320.106 458.511 -1334.68 -0.223162 3.3887 3.44354 -320.106 459.487 426.589 0.223162
-2.97262 -4.7634 320.118 650.304 -1177.78 -0.220718 2.97265 4.7641 -320.118 619.664 381.132 0.220718
-2.53208 -5.25477 320.106 723.005 -1005.12 -0.215974 2.53199 5.25531 -320.106 677.915 326.366 0.215974
-2.10676 -4.82385 320.123 662.891 -822.567 -0.208725 2.10549 4.82415 -320.123 623.126 257.838 0.208725
-1.72441 -3.53853 320.119 480.815 -641.105 -0.198824 1.72362 3.53925 -320.119 462.634 178.758 0.198824
-1.25593 -1.54511 320.099 196.35 -448.075 -0.186204 1.25499 1.54607 -320.099 215.759 111.158 0.186204
-0.723229 0.876526 320.069 -150.007 -250.055 -0.170874 0.72172 -0.87546 -320.069 -83.3871 55.7332 0.170874
-0.246569 3.39521 320.001 -510.406 -63.8846 -0.152931 0.244866 -3.39322 -320.001 -394.249 -2.84443 0.152931
0.155337 5.71272 319.969 -843.431 107.821 -0.132628 -0.157397 -5.71038 -319.969 -678.935 -66.8953 0.132628
0.507857 7.48043 319.877 -1097.16 261.977 -0.110378 -0.510288 -7.47859 -319.877 -896.47 -126.61 0.110378
0.840966 8.40538 319.813 -1229.14 396.239 -0.0866775 -0.843738 -8.40334 -319.813 -1011.02 -171.679 0.0866775
1.12807 8.34084 319.808 -1218.61 504.385 -0.0620585 -1.13131 -8.33876 -319.808 -1004.35 -202.961 0.0620585
1.30169 7.30822 319.803 -1068.83 576.029 -0.0371524 -1.30555 -7.30627 -319.803 -878.897 -228.063 0.0371524
1.32788 5.48241 319.819 -805.086 604.145 -0.0127093 -1.33219 -5.48015 -319.819 -655.912 -249.058 0.0127093
1.2538 3.19182 319.895 -474.46 590.456 0.0104714 -1.25759 -3.18921 -319.895 -375.914 -255.214 -0.0104714
1.16051 0.864408 319.973 -138.597 544.888 0.0316097 -1.16374 -0.861251 -319.973 -91.3109 -234.727 -0.0316097
1.00648 -1.09615 320.012 144.048 466.339 0.0499744 -1.0096 1.09865 -320.012 148.562 -197.481 -0.0499744
0.717331 -2.41257 320.057 332.962 352.415 0.0648738 -0.719696 2.41474 -320.057 310.509 -161.033 -0.0648738
0.31894 -2.92739 320.117 405.347 211.07 0.0756454 -0.320997 2.9298 -320.117 375.391 -126.279 -0.0756454
-0.120682 -2.59373 320.116 354.69 52.4792 0.0817245 0.118681 2.59588 -320.116 337.079 -85.2771 -0.0817245
-0.599104 -1.5262 320.122 198.423 -120.83 0.0827406 0.596151 1.52811 -320.122 208.76 -39.7987 -0.0827406
-1.17455 0.0173936 320.154 -26.7308 -313.994 0.0785098 1.17031 -0.0161122 -320.154 22.3772 -0.309941 -0.0785098
-1.84328 1.65053 320.147 -265.298 -528.341 0.0689695 1.83818 -1.65059 -320.147 -174.554 35.4054 -0.0689695
-2.49393 2.92404 320.165 -450.771 -749.187 0.0541898 2.48821 -2.92483 -320.165 -328.639 82.3645 -0.0541898
-3.08893 3.51156 320.176 -537.589 -973.227 0.0344322 3.08286 -3.51349 -320.176 -398.576 147.272 -0.0344322
-3.64783 3.20983 320.224 -496.576 -1199.55 0.0101393 3.6423 -3.21241 -320.224 -359.239 223.936 -0.0101393
-4.19718 2.01414 320.315 -327.181 -1425.44 -0.0181271 4.19193 -2.01676 -320.315 -209.909 302.753 0.0181271
-4.74749 0.115606 320.437 -57.2332 -1645.54 -0.0497135 4.74225 -0.118536 -320.437 26.1836 375.58 0.0497135
-5.2702 -2.18199 320.51 269.486 -1851.41 -0.0838661 5.2655 2.17855 -320.51 311.853 441.493 0.0838661
-5.69861 -4.54684 320.511 605.827 -2034.31 -0.119742 5.69465 4.54313 -320.511 605.861 509.599 0.119742
-6.02777 -6.63465 320.574 902.562 -2190.14 -0.156436 6.02312 6.63089 -320.574 865.655 577.346 0.156436
-6.35058 -8.13603 320.601 1114.52 -2325.34 -0.193014 6.3451 8.13213 -320.601 1053.89 626.246 0.193014
-6.72609 -8.85596 320.568 1215.25 -2448.59 -0.228582 6.71977 8.8526 -320.568 1145.15 649.227 0.228582
-7.04343 -8.65469 320.488 1185.08 -2551.89 -0.262308 7.03636 8.65231 -320.488 1121.8 667.808 0.262308
-7.21595 -7.5364 320.41 1024.76 -2629.94 -0.293387 7.20917 7.53393 -320.41 984.022 699.629 0.293387
-7.20297 -5.67453 320.331 759.429 -2674.72 -0.321056 7.19762 5.67272 -320.331 753.132 747.523 0.321056
-7.08971 -3.31637 320.225 423.969 -2688.41 -0.344657 7.08475 3.31554 -320.225 460.125 791.274 0.344657
-7.00089 -0.80569 320.134 66.3761 -2679.2 -0.363668 6.99677 0.803462 -320.134 148.279 805.632 0.363668
-6.8682 1.37433 320.026 -244.194 -2636.7 -0.377691 6.8658 -1.37704 -320.026 -122.327 798.377 0.377691
-6.5527 2.83146 319.916 -451.618 -2544.36 -0.386417 6.55028 -2.83377 -319.916 -303.267 790.345 0.386417
-6.13676 3.42499 319.915 -535.906 -2412.3 -0.38959 6.13358 -3.42622 -319.915 -377.049 769.55 0.38959
-5.75526 3.23514 319.948 -508.305 -2258.53 -0.387036 5.75201 -3.23526 -319.948 -353.896 717.871 0.387036
-5.34034 2.48011 319.934 -399.539 -2080.51 -0.378741 5.33741 -2.47965 -319.934 -261.326 650.875 0.378741
-4.79758 1.39027 319.958 -242.235 -1874.47 -0.364823 4.79437 -1.39004 -319.958 -128.157 590.067 0.364823
-4.1792 0.169092 320.026 -64.7302 -1649.06 -0.345444 4.1757 -0.168759 -320.026 19.8628 530.074 0.345444
-3.61352 -0.983362 320.088 103.636 -1421.51 -0.320847 3.61023 0.98347 -320.088 158.657 453.871 0.320847
-3.08439 -1.89705 320.083 237.468 -1193.85 -0.291459 3.08179 1.89697 -320.083 268.344 367.764 0.291459
-2.51899 -2.45988 320.055 320.811 -961.521 -0.257866 2.51609 2.46037 -320.055 335.098 286.799 0.257866
-1.98035 -2.54581 320.072 336.287 -737.001 -0.220739 1.97752 2.54727 -320.072 342.646 206.46 0.220739
-1.44186 -2.06664 320.065 270.514 -515.474 -0.180833 1.4399 2.0683 -320.065 280.709 128.954 0.180833
-0.894906 -1.04282 320.009 125.619 -297.149 -0.139 0.893055 1.04481 -320.009 152.734 56.9879 0.139
-0.399067 0.382378 320.017 -76.7493 -93.4019 -0.0961621 0.396965 -0.380197 -320.017 -24.7815 -13.9966 0.0961621
0.0137061 1.98568 319.977 -305.519 92.1049 -0.0533089 -0.01617 -1.98494 -319.977 -223.585 -88.9007 0.0533089
0.383582 3.39669 319.941 -507.853 262.457 -0.0114796 -0.385834 -3.39707 -319.941 -397.52 -160.214 0.0114796
0.756526 4.27951 319.911 -633.739 417.014 0.0283094 -0.758364 -4.2799 -319.911 -506.962 -215.004 -0.0283094
1.13916 4.50409 319.936 -664.861 555.653 0.0651152 -1.14087 -4.50452 -319.936 -535.713 -251.321 -0.0651152
1.46187 4.08023 319.99 -602.733 671.974 0.0980454 -1.46277 -4.0806 -319.99 -484.851 -281.447 -0.0980454
1.6832 3.17188 320.032 -470.508 762.648 0.126265 -1.68427 -3.17048 -320.032 -374.715 -312.872 -0.126265
1.7794 2.14585 320.068 -321.484 823.168 0.149066 -1.78139 -2.14234 -320.068 -249.961 -347.454 -0.149066
1.78383 1.36204 320.103 -207.937 852.75 0.165925 -1.786 -1.35867 -320.103 -154.597 -375.73 -0.165925
1.77085 0.975936 320.086 -152.124 855.258 0.176513 -1.77344 -0.972312 -320.086 -107.456 -381.632 -0.176513
1.72148 0.958423 320.031 -150.012 826.814 0.180686 -1.72499 -0.955968 -320.031 -105.056 -366.306 -0.180686
1.55531 1.13014 319.977 -175.602 758.466 0.17847 -1.55881 -1.12902 -319.977 -125.415 -342.427 -0.17847
1.29965 1.27487 319.929 -197.565 653.819 0.170022 -1.30245 -1.27401 -319.929 -142.063 -306.289 -0.170022
1.03137 1.28796 319.9 -200.637 524.843 0.155636 -1.03393 -1.28706 -319.9 -142.471 -249.21 -0.155636
0.712756 1.20408 319.884 -189.681 371.376 0.135746 -0.715216 -1.20233 -319.884 -130.951 -181.109 -0.135746
0.275088 1.13771 319.914 -181.64 190.49 0.110876 -0.277588 -1.13583 -319.914 -121.279 -117.355 -0.110876
-0.263407 1.18201 319.972 -190.405 -12.5202 0.081565 0.260475 -1.18013 -319.972 -124.318 -58.3447 -0.081565
-0.84883 1.36751 320.049 -220.085 -230.797 0.0483697 0.8452 -1.36554 -320.049 -144.066 3.41438 -0.0483697
-1.46903 1.67873 320.098 -268.664 -465.905 0.0119074 1.46514 -1.67701 -320.098 -178.469 72.6383 -0.0119074
-2.07093 2.03639 320.209 -322.58 -706.136 -0.0271465 2.06728 -2.03445 -320.209 -219.853 151.763 0.0271465
-2.64757 2.41918 320.243 -380.038 -946.965 -0.0681036 2.64415 -2.41636 -320.243 -264.309 238.202 0.0681036
-3.24776 2.80313 320.27 -437.649 -1189.37 -0.110276 3.24439 -2.80004 -320.27 -309 319.976 0.110276
-3.87736 3.11979 320.311 -485.531 -1429.12 -0.152952 3.87441 -3.11675 -320.311 -345.526 391.237 0.152952
-4.44708 3.27811 320.312 -510.276 -1650.2 -0.195379 4.44458 -3.27465 -320.312 -362.92 459.832 0.195379
-4.89089 3.23262 320.257 -505.059 -1839.61 -0.23675 4.88895 -3.22898 -320.257 -355.983 530.358 0.23675
-5.21154 2.99768 320.179 -472.516 -1992.44 -0.276207 5.21024 -2.99418 -320.179 -325.914 597.205 0.276207
-5.44617 2.58367 320.13 -414.052 -2107.9 -0.312866 5.44596 -2.58074 -320.13 -274.091 649.656 0.312866
-5.55882 2.00624 320.057 -331.801 -2176.01 -0.345841 5.55919 -2.00434 -320.057 -202.557 687.458 0.345841
-5.53688 1.2694 319.987 -226.541 -2191.77 -0.374246 5.53749 -1.26872 -319.987 -111.565 708.961 0.374246
-5.39943 0.379056 319.965 -98.97 -2156.34 -0.397214 5.39996 -0.37962 -319.965 -1.9714 710.249 0.397214
-5.15427 -0.598921 319.97 41.6047 -2071.88 -0.413933 5.1547 0.598436 -319.97 118.154 691.34 0.413933
-4.78848 -1.50648 319.974 172.515 -1941.53 -0.423699 4.78901 1.50598 -319.974 229.159 658.795 0.423699
-4.27423 -2.1801 320.015 271.438 -1764.69 -0.425963 4.27478 2.17982 -320.015 309.818 619.447 0.425963
-3.67487 -2.47969 320.015 317.393 -1554.3 -0.420349 3.67566 2.47937 -320.015 343.709 569.292 0.420349
-3.04092 -2.35396 320.087 302.295 -1319.31 -0.406671 3.04183 2.35366 -320.087 325.287 503.869 0.406671
-2.34879 -1.84085 320.125 231.318 -1058.92 -0.384952 2.34996 1.84048 -320.125 259.471 428.6 0.384952
-1.62011 -1.05622 320.085 121.747 -782.182 -0.355448 1.62234 1.05585 -320.085 159.879 346.685 0.355448
-0.781735 -0.129535 320.1 -8.27584 -480.465 -0.318644 0.784557 0.129179 -320.1 42.8778 269.133 0.318644
0.0816999 0.75668 320.105 -131.709 -162.494 -0.275238 -0.0789261 -0.757127 -320.105 -69.942 182.137 0.275238
0.871003 1.46937 320.092 -230.499 155.068 -0.226131 -0.867978 -1.46984 -320.092 -161.14 75.7861 0.226131
1.65789 1.92464 320.082 -293.692 480.254 -0.172439 -1.65472 -1.92496 -320.082 -219.29 -38.8109 0.172439
2.47808 2.0824 320.065 -313.68 808.274 -0.115453 -2.47499 -2.08263 -320.065 -241.351 -147.35 0.115453
3.30688 1.97648 320.118 -294.196 1130.76 -0.0565473 -3.30365 -1.97669 -320.118 -232.607 -248.116 0.0565473
4.09994 1.72225 320.194 -254.558 1439.35 0.0028333 -4.09661 -1.7223 -320.194 -204.465 -344.561 -0.0028333
4.80954 1.42419 320.117 -209.548 1724.8 0.0611629 -4.80624 -1.42409 -320.117 -170.009 -440.15 -0.0611629
5.42091 1.18129 320.139 -171.882 1980.05 0.116906 -5.41742 -1.18072 -320.139 -142.872 -531.823 -0.116906
5.96096 1.13837 320.134 -163.633 2204.96 0.168613 -5.95731 -1.13657 -320.134 -139.519 -612.251 -0.168613
6.38486 1.37824 320.067 -196.324 2388.7 0.21494 -6.38196 -1.37622 -320.067 -170.743 -682.445 -0.21494
6.63119 1.87882 320.014 -267.05 2520.26 0.25465 -6.62854 -1.87705 -320.014 -233.486 -747.95 -0.25465
6.72558 2.51671 319.971 -358.107 2599.96 0.286672 -6.72298 -2.51433 -319.971 -312.385 -802.248 -0.286672
6.74053 3.19379 319.895 -454.912 2635.06 0.310176 -6.73794 -3.19101 -319.895 -396.008 -833.236 -0.310176
6.69805 3.85012 319.82 -548.84 2628.97 0.324611 -6.69519 -3.84674 -319.82 -476.952 -838.506 -0.324611
6.56196 4.45252 319.755 -635.452 2580.33 0.329705 -6.55916 -4.44868 -319.755 -550.853 -826.245 -0.329705
6.27449 4.97395 319.696 -711.311 2484.3 0.325453 -6.27208 -4.97019 -319.696 -613.995 -806.994 -0.325453
5.85314 5.38289 319.643 -772.035 2343.21 0.312095 -5.85068 -5.37881 -319.643 -662.231 -778.535 -0.312095
5.38569 5.63894 319.604 -810.951 2169.02 0.290124 -5.3834 -5.63517 -319.604 -691.605 -729.319 -0.290124
4.88638 5.69669 319.577 -821.37 1964.88 0.26029 -4.88437 -5.69323 -319.577 -696.615 -658.731 -0.26029
4.32525 5.50109 319.591 -795.634 1733.65 0.22353 -4.32343 -5.49798 -319.591 -670.255 -577.613 -0.22353
3.68401 5.01638 319.629 -728.13 1478.3 0.180879 -3.68235 -5.01383 -319.629 -608.625 -493.811 -0.180879
2.97454 4.23259 319.706 -618.105 1200.73 0.133443 -2.97283 -4.23041 -319.706 -509.766 -406.053 -0.133443
2.2932 3.18446 319.837 -470.518 917.552 0.0824267 -2.29096 -3.18282 -319.837 -378.03 -305.296 -0.0824267
1.65612 1.93529 319.939 -293.111 634.911 0.0291152 -1.65365 -1.93432 -319.939 -222.542 -193.261 -0.0291152
1.036 0.575652 320.005 -99.0503 357.183 -0.0252097 -1.03327 -0.575302 -320.005 -54.2561 -81.6219 0.0252097
0.406978 -0.752012 320.112 89.5817 88.7361 -0.0793235 -0.40402 0.752167 -320.112 110.994 18.3926 0.0793235
-0.197138 -1.88066 320.221 248.615 -162.232 -0.132067 0.20004 1.88075 -320.221 252.814 107.646 0.132067
-0.76818 -2.6562 320.299 357.318 -398.948 -0.182343 0.770732 2.65657 -320.299 350.883 191.558 0.182343
-1.27483 -2.90582 320.296 390.155 -612.642 -0.229127 1.27633 2.90666 -320.296 384.655 269.76 0.229127
-1.76373 -2.55693 320.292 336.93 -809.742 -0.271515 1.7642 2.55784 -320.292 344.898 336.153 0.271515
-2.20951 -1.64685 320.288 204.032 -988.752 -0.308763 2.21081 1.64803 -320.288 235.248 395.757 0.308763
-2.53367 -0.304817 320.209 9.34647 -1141.28 -0.340287 2.53467 0.30601 -320.209 72.208 461.501 0.340287
-2.7419 1.23798 320.118 -213.327 -1263.29 -0.365613 2.74319 -1.23685 -320.118 -116.373 527.623 0.365613
-2.93121 2.70937 320.067 -425.537 -1360.97 -0.384369 2.93294 -2.70847 -320.067 -296.403 574.517 0.384369
-3.09899 3.82141 320 -585.523 -1429.95 -0.396337 3.10096 -3.82066 -320 -432.861 598.566 0.396337
-3.17851 4.3701 319.903 -664.327 -1461.55 -0.401447 3.18094 -4.36946 -319.903 -500.331 608.834 0.401447
-3.12679 4.24741 319.882 -646.565 -1450.23 -0.399731 3.12945 -4.24691 -319.882 -485.408 611.29 0.399731
-2.96677 3.46877 319.912 -534.393 -1396.86 -0.391311 2.96966 -3.46836 -319.912 -390.039 600.661 0.391311
-2.74785 2.16567 319.943 -346.521 -1306.24 -0.376416 2.75082 -2.1654 -319.943 -230.576 568.613 0.376416
-2.47938 0.565853 320.017 -115.531 -1181.03 -0.35539 2.4826 -0.565705 -320.017 -35.1386 515.265 0.35539
-2.11201 -1.05718 320.08 119.531 -1018.4 -0.328686 2.1155 1.0572 -320.08 162.412 450.956 0.328686
-1.63787 -2.41997 320.132 317.661 -820.476 -0.296842 1.6416 2.41975 -320.132 327.508 379.903 0.296842
-1.0575 -3.30613 320.179 448.406 -589.004 -0.260472 1.06179 3.30574 -320.179 432.947 303.664 0.260472
-0.401852 -3.57534 320.188 490.847 -327.169 -0.220272 0.406286 3.5748 -320.188 462.235 217.265 0.220272
0.274465 -3.20079 320.231 439.885 -44.6829 -0.177022 -0.270102 3.19992 -320.231 413.304 115.825 0.177022
0.967335 -2.3144 320.221 316.429 252.305 -0.131561 -0.962795 2.31322 -320.221 300.431 4.32088 0.131561
1.76749 -1.08144 320.141 141.626 573.826 -0.0847634 -1.76288 1.07992 -320.141 146.523 -103.079 0.0847634
2.6372 0.201807 320.13 -40.923 910.225 -0.0375114 -2.63258 -0.20437 -320.13 -13.1341 -206.797 0.0375114
3.47491 1.21319 320.203 -182.737 1244.55 0.0093228 -3.47075 -1.21617 -320.203 -140.979 -316.908 -0.0093228
4.26229 1.77716 320.197 -261.513 1569.8 0.0548546 -4.25844 -1.7801 -320.197 -212.534 -431.414 -0.0548546
4.98552 1.78895 320.153 -260.629 1874.73 0.0981978 -4.98259 -1.79218 -320.153 -216.607 -542.666 -0.0981978
5.64405 1.32819 320.156 -191.621 2152.77 0.138525 -5.64172 -1.33022 -320.156 -162.64 -644.401 -0.138525
6.19733 0.608053 320.145 -85.8564 2388.54 0.17508 -6.19579 -0.609535 -320.145 -76.3768 -732.016 -0.17508
6.58068 -0.114677 320.155 18.4058 2563.66 0.207123 -6.58006 0.113375 -320.155 12.0349 -804.373 -0.207123
6.8465 -0.684695 320.086 100.159 2681.66 0.233943 -6.84458 0.683756 -320.086 82.2739 -851.387 -0.233943
7.03259 -0.993325 320.034 144.436 2747.9 0.254942 -7.03126 0.99219 -320.034 120.239 -867.792 -0.254942
7.04029 -1.05276 319.979 152.94 2752.29 0.269654 -7.03953 1.05082 -319.979 127.471 -870.044 -0.269654
6.81417 -0.951077 319.875 138.357 2688.27 0.277717 -6.81298 0.949289 -319.875 114.97 -866.487 -0.277717
6.47358 -0.766689 319.802 111.821 2569.73 0.278878 -6.47216 0.764902 -319.802 92.3564 -839.037 -0.278878
6.08534 -0.569719 319.774 83.2109 2406.2 0.273033 -6.08384 0.56768 -319.774 68.4301 -779.411 -0.273033
5.55784 -0.421626 319.752 60.8346 2190.16 0.260248 -5.5565 0.419886 -319.752 51.3734 -704.473 -0.260248
4.83714 -0.346448 319.72 47.7946 1923.06 0.240721 -4.83671 0.34473 -319.72 44.3824 -629.977 -0.240721
3.95793 -0.367891 319.755 48.7245 1613.38 0.214746 -3.95778 0.366163 -319.755 49.172 -555.339 -0.214746
3.06269 -0.466967 319.902 60.5197 1280.21 0.182733 -3.06275 0.465403 -319.902 63.8148 -461.578 -0.182733
2.19391 -0.603924 319.991 76.3713 931.359 0.145248 -2.19422 0.602515 -319.991 84.5006 -345.16 -0.145248
1.29636 -0.766679 320.065 96.2794 565.809 0.103014 -1.29632 0.765379 -320.065 107.999 -219.846 -0.103014
0.385639 -0.914307 320.119 114.113 195.66 0.0568303 -0.385633 0.913147 -320.119 129.545 -93.419 -0.0568303
-0.528859 -1.00535 320.247 122.29 -169.326 0.00753778 0.528772 1.00464 -320.247 145.711 26.8415 -0.00753778
-1.45198 -1.02046 320.352 119.464 -532.209 -0.0439625 1.45239 1.02025 -320.352 152.643 142.648 0.0439625
-2.24447 -0.939972 320.348 103.568 -866.807 -0.0966815 2.24499 0.939986 -320.348 147.126 265.077 0.0966815
-2.95116 -0.77389 320.389 75.9619 -1176.2 -0.149559 2.95142 0.773997 -320.389 130.484 385.28 0.149559
-3.66004 -0.561923 320.435 42.4758 -1464.96 -0.201525 3.6598 0.562271 -320.435 107.51 484.39 0.201525
-4.34794 -0.311327 320.432 3.03464 -1726.58 -0.251568 4.34753 0.311789 -320.432 80.1773 562.007 0.251568
-4.8879 -0.111804 320.322 -27.9297 -1946.37 -0.298707 4.88738 0.111364 -320.322 57.8435 637.309 0.298707
-5.26161 -0.0519568 320.281 -37.4825 -2121.01 -0.341914 5.26068 0.0511639 -320.281 51.4008 711.912 0.341914
-5.54206 -0.175371 320.29 -20.3637 -2255.72 -0.380147 5.5412 0.174453 -320.29 67.166 771.494 0.380147
-5.72091 -0.464034 320.205 20.4563 -2346.25 -0.412465 5.72067 0.462653 -320.205 103.233 814.011 0.412465
-5.79081 -0.891662 320.116 81.3234 -2390.97 -0.438089 5.79016 0.889883 -320.116 156.304 840.019 0.438089
-5.77777 -1.40724 320.115 154.963 -2393.17 -0.456373 5.77717 1.40523 -320.115 220.068 845.67 0.456373
-5.6773 -1.93574 320.086 230.618 -2353.18 -0.466791 5.67664 1.93354 -320.086 285.264 832.577 0.466791
-5.4837 -2.40494 320.039 298.178 -2272.14 -0.468982 5.48212 2.40244 -320.039 342.734 803.464 0.468982
-5.23968 -2.75581 320.034 349.225 -2159.03 -0.46281 5.23779 2.75325 -320.034 385.205 755.744 0.46281
-4.92917 -2.94766 320.046 377.864 -2016.28 -0.448379 4.92766 2.945 -320.046 407.687 696.087 0.448379
-4.49669 -2.96785 320.043 383.112 -1841.25 -0.426006 4.49518 2.96528 -320.043 407.826 636.785 0.426006
-3.9754 -2.79248 319.997 360.586 -1640.16 -0.396172 3.97432 2.79043 -319.997 383.667 575.106 0.396172
-3.44562 -2.41871 320.021 309.799 -1423.74 -0.359515 3.44519 2.41679 -320.021 334.829 500.391 0.359515
-2.90509 -1.86853 320.077 233.502 -1190.04 -0.316857 2.90452 1.86702 -320.077 264.516 411.418 0.316857
-2.36013 -1.18382 320.026 137.71 -943.624 -0.269199 2.35964 1.18296 -320.026 177.87 310.941 0.269199
-1.7932 -0.410516 320.021 29.6897 -689.567 -0.217659 1.79324 0.409548 -320.021 79.7347 208.65 0.217659
-1.11706 0.358682 320.035 -78.0005 -415.66 -0.163431 1.11703 -0.359638 -320.035 -17.6197 115.713 0.163431
-0.444247 1.01117 320.059 -167.912 -138.63 -0.107754 0.444373 -1.01175 -320.059 -101.595 18.7502 0.107754
0.198881 1.49315 320.038 -233.944 135.817 -0.0519239 -0.198135 -1.49405 -320.038 -164.091 -83.5999 0.0519239
0.902753 1.69778 320.054 -261.205 419.307 0.00272968 -0.900943 -1.69969 -320.054 -191.515 -178.871 -0.00272968
1.66939 1.52282 320.098 -233.334 708.162 0.0549377 -1.66747 -1.5241 -320.098 -172.673 -262.664 -0.0549377
2.39803 1.03898 320.159 -160.416 990.196 0.103564 -2.39666 -1.03962 -320.159 -116.542 -349.695 -0.103564
2.98587 0.394532 320.232 -64.0266 1247.26 0.147578 -2.9853 -0.395198 -320.232 -41.1592 -449.285 -0.147578
3.51121 -0.247658 320.247 30.6298 1480.47 0.186058 -3.51047 0.247446 -320.247 35.4217 -541.876 -0.186058
4.08086 -0.752351 320.254 104.873 1693.55 0.218246 -4.08017 0.752661 -320.254 95.775 -602.59 -0.218246
4.64841 -0.986497 320.256 139.906 1879.5 0.243593 -4.64784 0.986906 -320.256 123.165 -636.829 -0.243593
5.06835 -0.922881 320.168 131.782 2019.58 0.261724 -5.06735 0.922625 -320.168 114.241 -664.723 -0.261724
5.30989 -0.624078 320.097 89.6198 2109.36 0.272414 -5.30901 0.623811 -320.097 76.7512 -689.89 -0.272414
5.42519 -0.162962 320.043 23.5907 2152.21 0.275588 -5.42417 0.162835 -320.043 19.8836 -701.921 -0.275588
5.44124 0.382802 319.945 -55.047 2148.47 0.271346 -5.44106 -0.383082 -319.945 -46.9776 -693.807 -0.271346
5.30687 0.950241 319.836 -137.13 2090.03 0.259947 -5.30765 -0.94964 -319.836 -116.032 -671.207 -0.259947
4.97975 1.52652 319.766 -221.083 1970.05 0.241776 -4.98107 -1.52543 -319.766 -185.625 -638.626 -0.241776
4.51214 2.10129 319.74 -305.629 1794.11 0.217299 -4.51389 -2.09995 -319.74 -254.251 -587.681 -0.217299
3.9596 2.62023 319.728 -382.499 1570.09 0.187051 -3.96098 -2.6187 -319.728 -315.678 -511.55 -0.187051
3.33517 2.9668 319.758 -434.746 1303.78 0.151657 -3.33644 -2.9666 -319.758 -355.984 -412.38 -0.151657
2.57891 2.98982 319.826 -441.751 996.476 0.11183 -2.58021 -2.98995 -319.826 -355.151 -307.432 -0.11183
1.67782 2.59005 319.937 -387.724 655.219 0.0683292 -1.67887 -2.59024 -319.937 -302.615 -207.253 -0.0683292
0.688247 1.7777 320 -273.328 291.594 0.0219227 -0.689639 -1.77852 -320 -200.549 -108.269 -0.0219227
-0.325576 0.644215 320.077 -113.902 -81.0474 -0.02659 0.323341 -0.645217 -320.077 -57.8479 -6.70843 0.02659
-1.33447 -0.629922 320.267 64.4384 -457.766 -0.0763503 1.33268 0.629923 -320.267 103.593 100.047 0.0763503
-2.29271 -1.76879 320.401 223.532 -827.464 -0.126462 2.2906 1.76949 -320.401 248.182 213.383 0.126462
-3.23159 -2.4986 320.441 324.187 -1190.15 -0.176021 3.22885 2.49947 -320.441 342.1 324.937 0.176021
-4.16721 -2.68196 320.515 345.97 -1542.33 -0.224125 4.16541 2.6825 -320.515 369.162 426.694 0.224125
-4.99939 -2.31584 320.561 288.871 -1867.09 -0.269876 4.99781 2.31637 -320.561 328.68 528.775 0.269876
-5.65181 -1.52348 320.405 172.596 -2149.07 -0.312377 5.65054 1.5241 -320.405 233.762 636.062 0.312377
-6.16966 -0.464122 320.355 19.9206 -2383.23 -0.350733 6.16911 0.464489 -320.355 104.025 731.476 0.350733
-6.56562 0.654823 320.295 -140.226 -2563.58 -0.384087 6.56531 -0.654199 -320.295 -34.0603 805.77 0.384087
-6.82403 1.6459 320.117 -281.749 -2686.05 -0.411676 6.82418 -1.64503 -320.117 -156.686 858.97 0.411676
-6.90013 2.34646 320.009 -381.56 -2743.59 -0.432859 6.90053 -2.34586 -320.009 -243.653 896.021 0.432859
-6.80167 2.63123 319.987 -421.907 -2736.27 -0.447118 6.80204 -2.63087 -319.987 -279.246 914.925 0.447118
-6.5523 2.45377 319.908 -396.438 -2666.43 -0.454073 6.5532 -2.45338 -319.908 -257.407 911.635 0.454073
-6.13224 1.86305 319.843 -311.673 -2532.43 -0.453511 6.13379 -1.86278 -319.843 -184.727 889.818 0.453511
-5.56143 0.986309 319.859 -185.844 -2339.24 -0.445394 5.56295 -0.986185 -319.859 -76.8721 849.24 0.445394
-4.91469 -0.0176007 319.917 -41.4882 -2097.06 -0.429836 4.91539 0.0176615 -319.917 46.3627 780.152 0.429836
-4.25958 -0.983454 319.961 98.9396 -1821.23 -0.407086 4.26019 0.983404 -319.961 163.371 679.672 0.407086
-3.49864 -1.7611 319.969 214.849 -1510.56 -0.377536 3.49904 1.7611 -319.969 254.746 572.663 0.377536
-2.64173 -2.16545 320.082 276.981 -1175.62 -0.3417 2.64157 2.16605 -320.082 300.466 467.078 0.3417
-1.76687 -2.09555 320.113 270.624 -830.336 -0.300203 1.76667 2.09635 -320.113 288.204 355.91 0.300203
-0.946312 -1.53992 320.076 195.167 -488.345 -0.253813 0.946205 1.54054 -320.076 215.516 233.562 0.253813
-0.152598 -0.588673 320.064 62.6757 -148.085 -0.203443 0.152198 0.58936 -320.064 94.4391 105.838 0.203443
0.59551 0.595567 320.096 -103.874 177.834 -0.150102 -0.596088 -0.595171 -320.096 -54.7313 -19.7386 0.150102
1.34642 1.79582 320.026 -274.706 496.695 -0.0948707 -1.3471 -1.79638 -320.026 -203.971 -137.572 0.0948707
2.06802 2.74201 319.958 -408.669 797.847 -0.0389105 -2.06767 -2.74208 -319.958 -322.166 -245.723 0.0389105
2.74677 3.29562 320.035 -484.939 1076.82 0.0165637 -2.74656 -3.29569 -320.035 -393.473 -343.024 -0.0165637
3.35687 3.42171 320.097 -500.219 1330.87 0.0703163 -3.35688 -3.42178 -320.097 -411.809 -433.764 -0.0703163
3.82089 3.13254 320.02 -456.65 1545.51 0.121127 -3.82062 -3.13249 -320.02 -378.287 -524.189 -0.121127
4.1848 2.53009 320.052 -368.142 1721.5 0.167826 -4.18489 -2.52939 -320.052 -306.123 -602.662 -0.167826
4.47044 1.78414 320.122 -259.22 1858.31 0.209312 -4.47106 -1.78351 -320.122 -216.217 -662.91 -0.209312
4.6442 1.04875 320.069 -152.261 1947.92 0.244554 -4.64475 -1.0482 -320.069 -127.164 -705.973 -0.244554
4.68999 0.42562 320.02 -62.1257 1987.22 0.272608 -4.69101 -0.425301 -320.02 -51.2295 -732.892 -0.272608
4.59523 -0.0542981 320.021 6.86403 1974.13 0.292678 -4.59642 0.0537774 -320.021 7.59576 -745.043 -0.292678
4.40869 -0.414614 319.976 58.2234 1914.54 0.304164 -4.40921 0.414024 -319.976 52.2741 -735.401 -0.304164
4.18148 -0.683896 319.912 96.4097 1816.1 0.306687 -4.18207 0.683083 -319.912 85.8391 -697.764 -0.306687
3.87804 -0.883693 319.883 124.327 1679.17 0.300086 -3.87889 0.882396 -319.883 111.117 -642.029 -0.300086
3.43014 -1.05244 319.877 147.42 1500 0.284438 -3.43178 1.05102 -319.877 132.993 -582.595 -0.284438
2.854 -1.1595 319.885 161.017 1280.02 0.260049 -2.85611 1.159 -319.885 148.058 -516.669 -0.260049
2.23056 -1.1123 319.925 151.553 1028.32 0.227462 -2.23323 1.11215 -319.925 144.994 -431.721 -0.227462
1.55752 -0.864748 319.981 112.467 741.61 0.187452 -1.5606 0.864483 -319.981 118.086 -325.098 -0.187452
0.847888 -0.439632 320.061 48.2317 428.999 0.140978 -0.850878 0.439904 -320.061 69.0821 -202.486 -0.140978
0.0862732 0.139164 320.07 -38.6334 95.0455 0.0891159 -0.088461 -0.138476 -320.07 1.72827 -72.5511 -0.0891159
-0.723265 0.79644 320.189 -138.26 -251.128 0.0330267 0.720921 -0.796271 -320.189 -73.9049 56.917 -0.0330267
-1.61001 1.34206 320.287 -221.765 -611.154 -0.0260448 1.60781 -1.34202 -320.287 -135.845 179.605 0.0260448
-2.48505 1.62096 320.307 -265.561 -965.184 -0.0867872 2.48329 -1.6206 -320.307 -166.339 299.383 0.0867872
-3.34654 1.59191 320.375 -264.95 -1311.93 -0.147845 3.34418 -1.5915 -320.375 -159.188 415.651 0.147845
-4.21613 1.25326 320.504 -220.074 -1649.12 -0.207857 4.21348 -1.25293 -320.504 -113.792 520.214 0.207857
-5.02136 0.658343 320.523 -137.985 -1961.7 -0.265497 5.01906 -0.657835 -320.523 -37.2659 617.305 0.265497
-5.73839 -0.0727134 320.433 -34.935 -2246.03 -0.319494 5.73586 0.0733812 -320.433 54.5831 709.805 0.319494
-6.34596 -0.756331 320.502 61.5118 -2491.98 -0.368612 6.34362 0.757168 -320.502 140.391 793.14 0.368612
-6.84477 -1.23749 320.449 129.231 -2695.77 -0.41167 6.84296 1.23859 -320.449 200.971 863.377 0.41167
-7.20645 -1.39799 320.279 151.324 -2848.28 -0.447644 7.20519 1.39932 -320.279 221.695 919.01 0.447644
-7.42642 -1.18592 320.194 120.604 -2945.07 -0.475725 7.42596 1.18753 -320.194 195.924 956.796 0.475725
-7.47853 -0.622444 320.1 40.257 -2978.26 -0.495323 7.47898 0.624053 -320.1 126.071 975.881 0.495323
-7.35011 0.161799 319.925 -71.3147 -2942 -0.506069 7.35097 -0.160986 -319.925 28.4857 973.884 0.506069
-7.08579 0.966978 319.817 -185.518 -2840.15 -0.507816 7.08641 -0.96621 -319.817 -71.9492 942.778 0.507816
-6.70475 1.63769 319.781 -280.407 -2676.38 -0.500623 6.70516 -1.63675 -319.781 -155.827 881.04 0.500623
-6.15757 2.09614 319.696 -345.086 -2449.95 -0.484751 6.15797 -2.0952 -319.696 -213.357 801.05 0.484751
-5.43041 2.32201 319.7 -376.788 -2167.21 -0.460642 5.43056 -2.32067 -319.7 -241.815 712.884 0.460642
-4.59159 2.32574 319.775 -375.207 -1842.41 -0.428881 4.59129 -2.3245 -319.775 -244.412 612.56 0.428881
-3.685 2.15874 319.832 -347.834 -1487.53 -0.390176 3.6844 -2.1576 -319.832 -227.294 500.29 0.390176
-2.75538 1.88477 319.967 -304.72 -1113.98 -0.345357 2.75445 -1.88345 -319.967 -197.368 375.558 0.345357
-1.78794 1.57668 320.015 -256.587 -731.377 -0.295362 1.78764 -1.576 -320.015 -163.473 251.759 0.295362
-0.705813 1.22363 320.013 -201.262 -332.924 -0.24119 0.706368 -1.22374 -320.013 -124.807 142.655 0.24119
0.385674 0.813669 320.118 -136.651 66.188 -0.183888 -0.385292 -0.813901 -320.118 -80.1711 35.5229 0.183888
1.40163 0.407003 320.182 -74.4602 457.121 -0.12458 -1.40078 -0.407602 -320.182 -34.0202 -83.6635 0.12458
2.35042 0.0381029 320.103 -17.9419 834.055 -0.0644625 -2.34905 -0.0382552 -320.103 7.84519 -206.795 0.0644625
3.28636 -0.212248 320.222 22.4052 1195.81 -0.00472953 -3.28519 0.212204 -320.222 34.2356 -318.142 0.00472953
4.17426 -0.267602 320.299 33.3211 1531.04 0.0534963 -4.17302 0.267475 -320.299 38.0563 -415.874 -0.0534963
4.97207 -0.130042 320.208 15.46 1831.61 0.109137 -4.97081 0.130072 -320.208 19.2654 -503.068 -0.109137
5.5947 0.11471 320.147 -17.521 2082.51 0.16112 -5.59355 -0.115775 -320.147 -13.1456 -587.368 -0.16112
6.04524 0.33488 320.14 -47.5643 2279.68 0.208396 -6.04414 -0.336438 -320.14 -41.8593 -663.947 -0.208396
6.33222 0.419536 320.103 -58.4692 2418.02 0.249967 -6.33078 -0.420785 -320.103 -53.4815 -725.482 -0.249967
6.47192 0.360686 320.036 -49.6108 2498.06 0.284936 -6.47078 -0.362308 -320.036 -46.7027 -768.024 -0.284936
6.41744 0.16904 319.987 -21.9452 2515.73 0.312528 -6.41732 -0.17041 -319.987 -23.2494 -799.994 -0.312528
6.13511 -0.093785 319.947 15.7235 2466.42 0.332083 -6.1352 0.092457 -319.947 9.14698 -825.963 -0.332083
5.71782 -0.383167 319.909 56.8633 2359.24 0.343058 -5.71821 0.381003 -319.909 45.0346 -830.166 -0.343058
5.26855 -0.704728 319.899 102.376 2205.87 0.345114 -5.26833 0.702449 -319.899 85.224 -796.974 -0.345114
4.80612 -1.03954 319.892 148.992 2015.22 0.338162 -4.80561 1.03735 -319.892 127.871 -730.088 -0.338162
4.22423 -1.36941 319.861 194.879 1784.15 0.322316 -4.22404 1.3669 -319.861 169.875 -654.645 -0.322316
3.47945 -1.67314 319.878 237.001 1514.81 0.297829 -3.47901 1.67104 -319.878 208.773 -584.506 -0.297829
2.70596 -1.89667 319.993 266.474 1226.22 0.265122 -2.70554 1.89493 -319.993 238.938 -502.798 -0.265122
1.95069 -2.01017 320.006 279.898 924.491 0.224826 -1.95048 2.00855 -320.006 255.792 -403.128 -0.224826
1.19814 -1.98324 320.039 272.879 612.568 0.177767 -1.19759 1.98224 -320.039 255.722 -292.651 -0.177767
0.463043 -1.82069 320.107 246.123 301.897 0.124897 -0.462303 1.81902 -320.107 239.067 -178.77 -0.124897
-0.259264 -1.62668 320.141 213.932 -1.02264 0.0672486 0.260042 1.62375 -320.141 219.386 -69.2061 -0.0672486
-0.966816 -1.53724 320.177 196.996 -292.683 0.00595987 0.967846 1.53472 -320.177 212.546 33.0331 -0.00595987
-1.61718 -1.58615 320.272 200.437 -568.34 -0.0576975 1.61833 1.58335 -320.272 222.116 134.576 0.0576975
-2.12415 -1.76013 320.272 222.037 -809.072 -0.12234 2.12542 1.75671 -320.272 246.818 239.471 0.12234
-2.53391 -2.04832 320.287 260.874 -1018.37 -0.186521 2.53535 2.04547 -320.287 284.885 338.916 0.186521
-2.9021 -2.34945 320.334 302.338 -1201.12 -0.248779 2.90366 2.34692 -320.334 323.739 422.982 0.248779
-3.16935 -2.55486 320.319 330.086 -1346.91 -0.307678 3.17085 2.5522 -320.319 350.734 497.115 0.307678
-3.32736 -2.6152 320.287 337.507 -1454.66 -0.361798 3.32857 2.61288 -320.287 359.447 562.453 0.361798
-3.40763 -2.4949 320.262 319.44 -1528.09 -0.409758 3.4088 2.49296 -320.262 345.501 614.254 0.409758
-3.41818 -2.18076 320.204 273.801 -1569.62 -0.450293 3.41924 2.17904 -320.204 307.434 652.845 0.450293
-3.36534 -1.71144 320.131 206.349 -1581.28 -0.482321 3.36614 1.70992 -320.131 249.812 678.561 0.482321
-3.28341 -1.16363 320.076 127.979 -1568.25 -0.50496 3.28365 1.16209 -320.076 182.152 687.467 0.50496
-3.18572 -0.635069 320.029 52.6406 -1534.39 -0.517565 3.18597 0.633647 -320.029 116.613 679.73 0.517565
-3.01503 -0.20587 319.97 -8.19405 -1475.25 -0.51973 3.01606 0.204612 -319.97 63.0597 666.132 0.51973
-2.7469 0.0784475 319.938 -48.0723 -1388.13 -0.511291 2.74817 -0.079614 -319.938 27.1594 650.662 0.511291
-2.45542 0.207864 319.953 -65.5885 -1279.57 -0.492349 2.457 -0.208925 -319.953 10.1888 620.034 0.492349
-2.1944 0.205883 319.971 -64.1259 -1154.33 -0.463307 2.19614 -0.206819 -319.971 9.2666 564.691 0.463307
-1.95709 0.1255 319.977 -51.0387 -1014.83 -0.424866 1.95831 -0.126272 -319.977 17.6227 488.933 0.424866
-1.71811 0.0303465 320.017 -35.5824 -862.679 -0.377975 1.71864 -0.0309803 -320.017 27.5428 401.041 0.377975
-1.44566 -0.0202765 320.083 -26.5329 -699.159 -0.323785 1.44613 0.0197755 -320.083 31.9993 310.646 0.323785
-1.10453 -0.00174491 320.083 -27.3197 -522.115 -0.263652 1.10506 0.00140933 -320.083 27.8624 225.038 0.263652
-0.710512 0.0858319 320.086 -37.4904 -333.065 -0.19911 0.71172 -0.0859648 -320.086 14.7085 141.454 0.19911
-0.309984 0.228783 320.143 -55.1644 -138.166 -0.131819 0.311274 -0.228753 -320.143 -5.70862 53.8603 0.131819
0.0750617 0.401351 320.128 -77.3398 59.3846 -0.0635159 -0.0736065 -0.401318 -320.128 -29.5397 -40.501 0.0635159
0.494054 0.561119 320.093 -98.031 267.042 0.00403146 -0.492161 -0.5611 -320.093 -51.444 -135.945 -0.00403146
0.976308 0.674629 320.113 -112.733 485.08 0.0691092 -0.974381 -0.674498 -320.113 -66.9889 -224.847 -0.0691092
1.50923 0.720326 320.098 -117.245 709.527 0.130111 -1.50718 -0.720238 -320.098 -74.6685 -306.666 -0.130111
2.05477 0.690392 320.112 -110.551 934.596 0.185547 -2.05245 -0.690881 -320.112 -73.4662 -385.775 -0.185547
2.60235 0.545779 320.146 -86.7065 1156.24 0.234086 -2.59965 -0.546624 -320.146 -58.8164 -460.943 -0.234086
3.16143 0.290734 320.174 -47.7313 1372.79 0.274611 -3.15833 -0.292019 -320.174 -29.8706 -527.981 -0.274611
3.74897 -0.0830633 320.19 7.74154 1585.45 0.306243 -3.74554 0.0811049 -320.19 14.2021 -583.561 -0.306243
4.32883 -0.550478 320.225 76.6207 1788.97 0.328364 -4.32492 0.548674 -320.225 69.9338 -632.115 -0.328364
4.84782 -1.00654 320.241 143.738 1974.85 0.340622 -4.84448 1.00532 -320.241 124.459 -679.145 -0.340622
5.25148 -1.32439 320.208 190.871 2131.37 0.342941 -5.24927 1.32295 -320.208 162.018 -727.55 -0.342941
5.55504 -1.43366 320.189 207.215 2252.33 0.335502 -5.55303 1.43224 -320.189 174.803 -767.276 -0.335502
5.82952 -1.32911 320.157 192.329 2338.41 0.318752 -5.82813 1.32793 -320.157 161.851 -779.928 -0.318752
6.05001 -1.02498 320.062 148.7 2382.43 0.293399 -6.04898 1.02379 -320.062 124.41 -765.065 -0.293399
6.12331 -0.59879 319.956 87.3387 2372.74 0.260381 -6.12244 0.59705 -319.956 72.0916 -735.88 -0.260381
5.98731 -0.177248 319.88 26.2772 2300.75 0.220779 -5.98708 0.175308 -319.88 20.7608 -700.248 -0.220779
5.64818 0.12975 319.806 -19.1259 2164.71 0.175754 -5.6485 -0.131828 -319.806 -15.6855 -654.851 -0.175754
5.16818 0.236253 319.716 -36.1329 1971.4 0.126547 -5.16906 -0.238762 -319.716 -27.122 -589.884 -0.126547
4.56983 0.10694 319.698 -19.5049 1725.48 0.0744476 -4.57146 -0.109309 -319.698 -9.25728 -503.958 -0.0744476
3.82535 -0.19375 319.787 21.9616 1426.23 0.0207247 -3.82725 0.192418 -319.787 29.5714 -403.864 -0.0207247
2.97704 -0.48663 319.855 60.813 1085.01 -0.0334262 -2.97867 0.485781 -319.855 68.8628 -289.678 0.0334262
2.00816 -0.653239 319.946 80.8835 701.158 -0.0869069 -2.00992 0.652678 -319.946 93.2516 -165.034 0.0869069
0.99294 -0.635569 320.038 74.8486 294.574 -0.138718 -0.994428 0.635229 -320.038 94.6161 -30.1501 0.138718
-0.0468782 -0.465058 320.126 45.0798 -122.215 -0.187934 0.0456506 0.463543 -320.126 78.7913 108.329 0.187934
-1.15717 -0.31262 320.289 17.1542 -552.965 -0.233705 1.1561 0.310802 -320.289 66.059 241.984 0.233705
-2.24131 -0.329075 320.369 14.6763 -973.709 -0.275321 2.24057 0.327489 -320.369 72.9683 372.589 0.275321
-3.3132 -0.521732 320.468 38.0068 -1385.33 -0.312213 3.31275 0.520613 -320.468 101.068 497.39 0.312213
-4.32186 -0.805163 320.619 73.6222 -1771.48 -0.343917 4.32166 0.804991 -320.619 141.146 613.644 0.343917
-5.23537 -1.08128 320.544 110.042 -2121.56 -0.37006 5.23546 1.08157 -320.544 178.399 719.296 0.37006
-6.04977 -1.23341 320.546 129.794 -2425.91 -0.390352 6.05015 1.2336 -320.546 199.194 805.773 0.390352
-6.70366 -1.22632 320.501 127.557 -2670.72 -0.404581 6.70442 1.22647 -320.501 199.54 875.628 0.404581
-7.1585 -1.04237 320.334 100.387 -2845.64 -0.41264 7.15962 1.04292 -320.334 177.732 928.821 0.41264
-7.42335 -0.693302 320.206 49.9969 -2947.6 -0.414549 7.42479 0.693731 -320.206 135.06 959.892 0.414549
-7.50138 -0.229217 320.105 -16.2638 -2973.6 -0.410437 7.50311 0.229752 -320.105 77.6268 964.991 0.410437
-7.38437 0.300949 319.95 -91.5609 -2921.06 -0.400518 7.38589 -0.299479 -319.95 11.725 943.82 0.400518
-7.07212 0.840741 319.826 -167.909 -2792.26 -0.385101 7.07374 -0.83996 -319.826 -55.9094 898.568 0.385101
-6.53217 1.23341 319.753 -223.203 -2585.67 -0.364576 6.53402 -1.234 -319.753 -105.474 836.39 0.364576
-5.78749 1.30228 319.699 -232.075 -2308.65 -0.339391 5.78934 -1.30284 -319.699 -114.961 758.548 0.339391
-4.90125 0.97717 319.756 -183.955 -1972.42 -0.310037 4.90325 -0.97839 -319.756 -76.513 659.365 0.310037
-3.91028 0.264755 319.809 -77.7098 -1589.7 -0.277019 3.9124 -0.266518 -319.809 7.05895 541.757 0.277019
-2.8149 -0.666191 319.993 60.746 -1166.63 -0.240851 2.81658 0.665523 -319.993 116.889 411.803 0.240851
-1.70765 -1.55447 320.124 193.971 -725.952 -0.202074 1.70863 1.55397 -320.124 220.449 267.526 0.202074
-0.559904 -2.14655 320.18 285.238 -268.638 -0.16125 0.560393 2.14594 -320.18 286.977 117.414 0.16125
0.547791 -2.32128 320.327 316.378 180.782 -0.118965 -0.547778 2.32056 -320.327 302.381 -35.4782 0.118965
1.6755 -2.05847 320.326 283.136 626.253 -0.0758673 -1.67619 2.05691 -320.326 265.444 -179.102 0.0758673
2.75385 -1.46297 320.305 201.213 1051.18 -0.0326273 -2.75527 1.46146 -320.305 188.626 -315.418 0.0326273
3.64861 -0.660847 320.338 89.1135 1425.39 0.0100902 -3.65067 0.659597 -320.338 86.9384 -450.056 -0.0100902
4.433 0.233832 320.27 -37.831 1751.82 0.0515745 -4.43566 -0.235421 -320.27 -24.6524 -566.498 -0.0515745
5.06103 1.02775 320.081 -149.716 2014.4 0.0910954 -5.06409 -1.02948 -320.081 -124.419 -660.958 -0.0910954
5.51733 1.59452 319.947 -229.56 2206.16 0.127955 -5.52074 -1.59628 -319.947 -195.66 -730.569 -0.127955
5.7672 1.82834 319.893 -262.062 2317.7 0.161435 -5.7699 -1.83025 -319.893 -225.506 -775.315 -0.161435
5.83793 1.68905 319.817 -241.485 2352.65 0.190767 -5.84044 -1.69106 -319.817 -208.969 -791.352 -0.190767
5.69967 1.18689 319.752 -169.435 2310.05 0.2152 -5.70219 -1.18885 -319.752 -147.155 -785.698 -0.2152
5.33696 0.433801 319.776 -61.8114 2191.55 0.234044 -5.33882 -0.43487 -319.776 -53.9141 -764.223 -0.234044
4.83245 -0.386374 319.829 54.9849 2011.29 0.246676 -4.83375 0.385432 -319.829 47.9352 -718.922 -0.246676
4.24827 -1.11975 319.867 159.035 1783.28 0.252555 -4.2496 1.1187 -319.867 139.363 -647.176 -0.252555
3.53808 -1.66175 319.927 235.536 1509.99 0.251274 -3.53942 1.66117 -319.927 207.404 -563.858 -0.251274
2.72776 -1.90351 320.065 267.481 1201.99 0.242559 -2.72871 1.90323 -320.065 239.95 -472.673 -0.242559
1.85099 -1.83852 320.103 254.722 866.185 0.226305 -1.85123 1.83809 -320.103 235.373 -371.505 -0.226305
1.00998 -1.56679 320.167 211.945 522.577 0.202625 -1.00956 1.5654 -320.167 205.598 -253.045 -0.202625
0.228952 -1.25537 320.162 163.363 185.165 0.171841 -0.228078 1.25393 -320.162 171.172 -124.783 -0.171841
-0.54219 -1.01547 320.219 124.244 -140.29 0.134454 0.543753 1.01415 -320.219 146.371 -5.85418 -0.134454
-1.33007 -0.920425 320.27 106.031 -454.984 0.0911392 1.33179 0.918648 -320.27 139.198 97.9775 -0.0911392
-2.0252 -1.0045 320.267 114.471 -739.041 0.0427511 2.02741 1.00301 -320.267 153.218 195.918 -0.0427511
-2.52909 -1.18362 320.276 137.134 -976.175 -0.00967683 2.53208 1.1832 -320.276 178.451 297.957 0.00967683
-2.93245 -1.31821 320.29 154.097 -1174.47 -0.0649261 2.9349 1.318 -320.29 197.399 388.242 0.0649261
-3.2877 -1.30285 320.269 150.234 -1334.76 -0.121652 3.28977 1.3029 -320.269 197.209 453.449 0.121652
-3.55225 -1.08113 320.242 117.135 -1452.19 -0.178453 3.55441 1.08172 -320.242 171.282 500.03 0.178453
-3.65677 -0.620956 320.197 50.433 -1522 -0.233872 3.65868 0.622098 -320.197 115.396 541.812 0.233872
-3.58337 0.0777557 320.118 -50.0058 -1542.48 -0.286385 3.58566 -0.0759983 -320.118 29.6694 581.701 0.286385
-3.3972 0.980136 320.051 -179.239 -1520.07 -0.33449 3.39963 -0.97778 -320.051 -81.556 608.911 0.33449
-3.17663 2.01139 319.993 -326.507 -1463.16 -0.376804 3.17891 -2.00858 -319.993 -209.121 610.934 0.376804
-2.96153 3.04605 319.936 -474.025 -1378.07 -0.412127 2.96287 -3.04353 -319.936 -337.444 583.536 0.412127
-2.7209 3.93115 319.874 -600.079 -1267.27 -0.439434 2.72203 -3.92851 -319.874 -447.309 537.212 0.439434
-2.37508 4.55193 319.837 -688.112 -1128.66 -0.457878 2.37632 -4.5491 -319.837 -524.729 491.141 0.457878
-1.90845 4.85397 319.805 -729.972 -963.936 -0.466831 1.90975 -4.85124 -319.805 -563.4 451.202 0.466831
-1.40892 4.84518 319.796 -727.085 -781.889 -0.465934 1.4105 -4.84245 -319.796 -563.95 402.731 0.465934
-0.967777 4.56897 319.813 -685.552 -594.503 -0.455141 0.969502 -4.56634 -319.813 -531.874 333.424 0.455141
-0.553586 4.10602 319.813 -617.017 -400.597 -0.434684 0.554747 -4.10355 -319.813 -477.032 250.543 0.434684
-0.128254 3.5248 319.848 -530.853 -200.662 -0.404996 0.128732 -3.52294 -319.848 -408.357 164.627 0.404996
0.307622 2.86459 319.896 -433.166 -2.32402 -0.366707 -0.307534 -2.8635 -319.896 -330.168 83.0693 0.366707
0.727189 2.1493 319.95 -328.141 187.074 -0.320702 -0.727749 -2.14866 -319.95 -244.593 6.11021 0.320702
1.08302 1.40494 319.952 -219.267 358.786 -0.268117 -1.08421 -1.40464 -319.952 -155.101 -70.1959 0.268117
1.36763 0.692216 320.003 -115.2 506.568 -0.210279 -1.36866 -0.691822 -320.003 -69.1759 -141.72 0.210279
1.63552 0.114247 320.041 -30.4716 633.356 -0.148665 -1.63643 -0.113334 -320.041 0.224614 -196.772 0.148665
1.8815 -0.212632 320.062 17.6808 738.5 -0.08486 -1.88234 0.213482 -320.062 39.1937 -236.084 0.08486
2.04711 -0.231266 320.068 21.1141 815.868 -0.0205239 -2.04771 0.232433 -320.068 40.7679 -269.13 0.0205239
2.12054 0.0723293 320.071 -22.1127 864.816 0.0426005 -2.12089 -0.0706923 -320.071 3.13047 -298.39 -0.0426005
2.13905 0.664221 320.048 -107.245 889.603 0.102743 -2.13923 -0.662484 -320.048 -69.4979 -318.181 -0.102743
2.11703 1.41089 320.019 -215.028 892.574 0.158231 -2.11742 -1.40979 -320.019 -160.831 -326.969 -0.158231
2.00836 2.11021 319.997 -316.172 869.191 0.207545 -2.00962 -2.10924 -319.997 -246.113 -332.471 -0.207545
1.77333 2.59774 319.978 -387.057 813.882 0.249302 -1.77544 -2.59668 -319.978 -305.169 -339.794 -0.249302
1.44433 2.77834 319.973 -413.946 727.222 0.282288 -1.44722 -2.77748 -319.973 -326.447 -340.899 -0.282288
1.0746 2.60118 319.984 -389.316 612.272 0.305541 -1.07836 -2.60051 -319.984 -303.874 -324.647 -0.305541
0.669167 2.10284 320.03 -318.51 469.895 0.318383 -0.673379 -2.10148 -320.03 -241.75 -290.628 -0.318383
0.230262 1.4173 320.075 -220.714 301.532 0.320408 -0.233361 -1.41549 -320.075 -156.745 -239.837 -0.320408
-0.216556 0.697635 320.113 -118.506 116.08 0.311481 0.213585 -0.696182 -320.113 -67.1637 -173.996 -0.311481
-0.695637 0.0539512 320.196 -28.5789 -80.6828 0.291751 0.692861 -0.0522046 -320.196 14.5351 -105.493 -0.291751
-1.23846 -0.428456 320.228 37.8816 -288.143 0.261655 1.2365 0.430376 -320.228 76.695 -43.3802 -0.261655
-1.77906 -0.660663 320.264 68.3232 -497.934 0.221904 1.77745 0.662947 -320.264 108.206 21.7191 -0.221904
-2.24753 -0.559496 320.273 51.2737 -694.504 0.173481 2.24605 0.562918 -320.273 98.4466 92.8719 -0.173481
-2.66254 -0.0281422 320.257 -27.3746 -874.511 0.117614 2.66151 0.0326522 -320.257 35.608 161.703 -0.117614
-3.05968 0.98161 320.213 -174.59 -1038.98 0.0557273 3.05909 -0.976274 -320.213 -86.2208 219.818 -0.0557273
-3.38869 2.3559 320.155 -373.487 -1178.87 -0.0105991 3.3887 -2.35147 -320.155 -253.772 271.563 0.0105991
-3.58404 3.8199 320.053 -584.745 -1282.03 -0.0796338 3.58453 -3.81624 -320.053 -432.857 322.303 0.0796338
-3.6548 5.07785 319.983 -765.731 -1345.99 -0.149529 3.65575 -5.0738 -319.983 -587.136 367.142 0.149529
-3.62082 5.94386 319.894 -890.004 -1368.86 -0.218382 3.6223 -5.94032 -319.894 -693.774 398.903 0.218382
-3.47113 6.27684 319.828 -937.427 -1348.19 -0.284311 3.47309 -6.27387 -319.828 -735.186 418.087 0.284311
-3.18182 6.00728 319.805 -898.001 -1281.57 -0.345498 3.18407 -6.00458 -319.805 -702.795 428.659 0.345498
-2.77856 5.18683 319.823 -779.148 -1173.46 -0.400207 2.78065 -5.18438 -319.823 -602.983 428.288 0.400207
-2.32724 3.96513 319.862 -602.376 -1035.31 -0.446832 2.329 -3.963 -319.862 -454.145 410.788 0.446832
-1.832 2.54258 319.901 -396.155 -871.818 -0.483998 1.83353 -2.54076 -319.901 -281.217 379.724 0.483998
-1.27926 1.16412 319.953 -196.004 -689.329 -0.510618 1.28061 -1.16221 -319.953 -113.919 345.03 0.510618
-0.660207 0.0741966 319.985 -36.9856 -491.54 -0.525874 0.661253 -0.0721272 -319.985 17.6052 312.756 0.525874
-0.0415443 -0.528899 319.983 52.2297 -289.972 -0.529204 0.0422881 0.530822 -319.983 89.1238 276.609 0.529204
0.501601 -0.55742 320.012 59.0564 -99.9784 -0.520361 -0.501119 0.559381 -320.012 89.8968 231.899 0.520361
0.979088 -0.0187087 319.985 -16.5589 72.8368 -0.499441 -0.978781 0.0207556 -319.985 21.9188 186.831 0.499441
1.42229 0.971865 319.928 -157.773 230.043 -0.46686 -1.4222 -0.969808 -319.928 -100.917 148.193 0.46686
1.79994 2.23494 319.912 -339.22 365.033 -0.423349 -1.80009 -2.23285 -319.912 -256.152 114.239 0.423349
2.06349 3.54148 319.861 -527.074 468.737 -0.369979 -2.06332 -3.53929 -319.861 -416.556 81.0166 0.369979
2.23075 4.68786 319.812 -691.916 542.395 -0.308174 -2.23 -4.68554 -319.812 -557.276 52.0707 0.308174
2.30067 5.50558 319.807 -809.435 587.237 -0.239665 -2.29991 -5.5032 -319.807 -657.721 26.0016 0.239665
2.23577 5.88785 319.809 -864.288 601.459 -0.166425 -2.23481 -5.8854 -319.809 -704.756 -5.46301 0.166425
2.04823 5.78857 319.826 -849.921 588.7 -0.0906027 -2.04692 -5.78613 -319.826 -692.659 -42.7086 0.0906027
1.79912 5.2281 319.883 -769.179 558.096 -0.0144383 -1.79767 -5.22562 -319.883 -623.998 -78.5334 0.0144383
1.4818 4.28796 319.957 -633.667 511.583 0.0598271 -1.48137 -4.28543 -319.957 -508.9 -116.508 -0.0598271
1.04716 3.10445 320.024 -463.144 445.279 0.130016 -1.04767 -3.10191 -320.024 -363.945 -165.998 -0.130016
0.557232 1.83733 320.086 -280.592 364.939 0.194074 -0.557738 -1.83472 -320.086 -208.725 -216.342 -0.194074
0.140803 0.662642 320.138 -111.423 284.184 0.250174 -0.141986 -0.65988 -320.138 -64.7491 -246.622 -0.250174
-0.211677 -0.246466 320.165 19.1836 203.842 0.296811 0.209669 0.249274 -320.165 46.9825 -260.275 -0.296811
-0.574339 -0.768368 320.177 93.3831 118.518 0.33277 0.572568 0.770863 -320.177 111.862 -271.815 -0.33277
-0.906036 -0.872268 320.155 107.085 34.7089 0.357062 0.904664 0.874494 -320.155 125.822 -276.644 -0.357062
-1.14534 -0.585289 320.121 64.5642 -38.7883 0.368984 1.14364 0.587458 -320.121 91.8404 -267.059 -0.368984
-1.32105 0.0142759 320.088 -22.9087 -103.081 0.368222 1.31947 -0.0124531 -320.088 19.4497 -249.777 -0.368222
-1.45288 0.783808 320.068 -134.607 -157.71 0.354826 1.45154 -0.782367 -320.068 -74.0271 -230.46 -0.354826
-1.51269 1.54845 320.045 -245.337 -198.58 0.329139 1.51157 -1.54726 -320.045 -167.15 -205.683 -0.329139
-1.48404 2.14339 320.033 -331.53 -223.278 0.291803 1.48315 -2.14267 -320.033 -239.607 -173.478 -0.291803
-1.38002 2.42376 320.039 -372.133 -231.809 0.243815 1.37932 -2.42354 -320.039 -273.805 -137.32 -0.243815
-1.22464 2.30615 320.058 -355.111 -226.384 0.186517 1.22416 -2.30613 -320.058 -259.504 -101.404 -0.186517
-1.02647 1.79635 320.085 -281.386 -208.87 0.121557 1.02603 -1.79653 -320.085 -197.363 -66.1247 -0.121557
-0.791162 0.976776 320.12 -162.904 -181.981 0.0508164 0.79077 -0.977166 -320.12 -97.4087 -30.307 -0.0508164
-0.527034 -0.00687919 320.158 -20.6858 -149.13 -0.023661 0.526846 0.00674623 -320.158 22.6085 7.21979 0.023661
-0.248216 -0.965552 320.185 117.79 -114.421 -0.0997124 0.248084 0.965361 -320.185 139.668 46.8253 0.0997124
0.0185053 -1.74383 320.187 230.129 -82.8071 -0.175097 -0.0187307 1.7432 -320.187 234.726 86.3162 0.175097
0.244271 -2.25377 320.174 303.718 -59.8184 -0.24758 -0.244386 2.25291 -320.174 297.036 123.476 0.24758
0.430254 -2.4425 320.143 330.985 -47.3869 -0.315037 -0.430145 2.44173 -320.143 320.089 160.555 0.315037
0.58034 -2.2835 320.091 308.049 -46.5797 -0.375511 -0.580173 2.28266 -320.091 300.632 199.686 0.375511
0.677548 -1.80116 320.04 238.456 -59.7831 -0.427245 -0.677271 1.80031 -320.04 241.651 238.699 0.427245
0.702443 -1.0685 319.995 132.581 -89.5261 -0.468716 -0.701998 1.06761 -319.995 152.224 274.94 0.468716
0.651151 -0.220046 319.961 9.5477 -136.258 -0.498677 -0.650585 0.218468 -319.961 49.0055 307.84 0.498677
0.519952 0.535984 319.936 -100.396 -199.275 -0.51621 -0.519548 -0.538384 -319.936 -42.6841 335.738 0.51621
0.289405 0.997291 319.945 -167.992 -279.733 -0.520767 -0.289514 -0.999985 -319.945 -98.0899 354.616 0.520767
-0.0367455 1.03661 319.981 -174.985 -376.85 -0.512227 0.0365411 -1.03979 -319.981 -101.638 364.589 0.512227
-0.421585 0.599796 320.043 -113.284 -486.32 -0.490915 0.421198 -0.603413 -320.043 -46.9565 371.258 0.490915
-0.847244 -0.271482 320.113 11.0166 -603.995 -0.457604 0.84649 0.267887 -320.113 60.9965 375.258 0.457604
-1.33541 -1.40765 320.195 173.224 -729.423 -0.413504 1.3344 1.40469 -320.195 201.734 370.329 0.413504
-1.86526 -2.5549 320.291 336.346 -856.851 -0.360251 1.86425 2.5522 -320.291 344.462 356.259 0.360251
-2.37853 -3.49476 320.32 470.039 -978.748 -0.299845 2.37828 3.49243 -320.32 461.353 340.999 0.299845
-2.79702 -4.05801 320.309 549.875 -1080.55 -0.234524 2.79694 4.05583 -320.309 531.679 331.02 0.234524
-3.15341 -4.19417 320.312 568.271 -1159.55 -0.166655 3.15308 4.19128 -320.312 549.483 314.922 0.166655
-3.48055 -3.97552 320.267 535.936 -1214.54 -0.0986447 3.48052 3.97263 -320.267 523.537 282.604 0.0986447
-3.707 -3.50491 320.188 467.853 -1235.39 -0.0328363 3.70688 3.50219 -320.188 466.197 243.133 0.0328363
-3.7731 -2.87938 320.132 377.972 -1215.3 0.0286218 3.77251 2.87664 -320.132 389.332 205.595 -0.0286218
-3.69225 -2.21839 320.104 283.249 -1155.67 0.0838671 3.69153 2.2155 -320.104 307.839 167.715 -0.0838671
-3.49702 -1.65586 320.064 203.27 -1061.15 0.131349 3.49598 1.65279 -320.064 237.844 125.549 -0.131349
-3.21426 -1.29408 320.072 152.903 -938.591 0.169849 3.21287 1.29095 -320.072 191.762 78.7483 -0.169849
-2.82921 -1.1845 320.1 139.29 -789.723 0.198527 2.82787 1.18125 -320.1 176.144 32.9049 -0.198527
-2.29081 -1.34624 320.153 165.027 -610.574 0.216933 2.29055 1.34265 -320.153 193.468 -2.4371 -0.216933
-1.59997 -1.76991 320.208 229.058 -400.951 0.225009 1.59998 1.76617 -320.208 242.344 -27.4755 -0.225009
-0.88117 -2.37536 320.286 319.149 -178.206 0.223059 0.881193 2.37197 -320.286 313.683 -58.111 -0.223059
-0.211649 -3.04026 320.362 418.094 45.1052 0.211686 0.21227 3.03693 -320.362 391.974 -102.496 -0.211686
0.482456 -3.61976 320.371 505.05 273.467 0.191766 -0.481665 3.61698 -320.371 459.554 -145.316 -0.191766
1.22415 -3.96292 320.368 557.402 504.841 0.164432 -1.22332 3.96057 -320.368 498.724 -178.46 -0.164432
1.95626 -3.97679 320.363 561.733 727.952 0.131047 -1.95518 3.97442 -320.363 498.081 -205.956 -0.131047
2.60818 -3.64533 320.358 515.423 932.843 0.0931123 -2.60713 3.64321 -320.358 456.067 -236.608 -0.0931123
3.10965 -3.00804 320.233 424.896 1104.34 0.0521741 -3.10909 3.0062 -320.233 376.751 -273.967 -0.0521741
3.46867 -2.13478 320.126 299.821 1237.74 0.00977458 -3.46835 2.13291 -320.126 269.042 -311.3 -0.00977458
3.72938 -1.15016 320.081 158.811 1333.39 -0.0325588 -3.72947 1.14844 -320.081 147.611 -337.153 0.0325588
3.89178 -0.16939 319.984 17.7342 1388.04 -0.0733715 -3.89232 0.167903 -319.984 27.2846 -348.323 0.0733715
3.91009 0.707668 319.864 -108.913 1394.69 -0.111396 -3.91075 -0.708763 -319.864 -79.8038 -350.062 0.111396
3.77492 1.41868 319.828 -211.92 1351.72 -0.145603 -3.77582 -1.41939 -319.828 -166.27 -343.178 0.145603
3.50478 1.93078 319.819 -286.542 1260.75 -0.17516 -3.50603 -1.93117 -319.819 -228.107 -324.376 0.17516
3.11809 2.23323 319.799 -331.617 1124 -0.19942 -3.1195 -2.23341 -319.799 -263.622 -291.002 0.19942
2.64179 2.28519 319.854 -341.647 948.296 -0.21796 -2.64341 -2.28634 -319.854 -267.565 -242.662 0.21796
2.06033 1.96336 319.909 -297.282 734.372 -0.230594 -2.06195 -1.96558 -319.909 -226.281 -184.256 0.230594
1.4043 1.24164 319.971 -194.8 490.541 -0.23737 -1.40577 -1.24309 -319.971 -136.275 -115.923 0.23737
0.696124 0.229207 320.026 -50.5701 224.535 -0.238559 -0.697689 -0.231048 -320.026 -10.6774 -39.3498 0.238559
-0.0426397 -0.92255 320.158 111.941 -53.5169 -0.234595 0.0410841 0.920091 -320.158 133.751 41.0533 0.234595
-0.832178 -2.11616 320.239 280.112 -343.334 -0.226061 0.830645 2.11385 -320.239 283.779 119.661 0.226061
-1.64815 -3.16722 320.316 427.431 -638.652 -0.21371 1.64659 3.16528 -320.316 416.69 196.725 0.21371
-2.42634 -3.88705 320.374 526.702 -925.407 -0.19845 2.42453 3.8852 -320.374 509.32 275.338 0.19845
-3.20442 -4.15276 320.399 561.619 -1207.17 -0.181275 3.20239 4.15152 -320.399 545.321 349.012 0.181275
-3.92717 -3.85581 320.393 515.254 -1471.63 -0.16322 3.92565 3.85532 -320.393 512.64 420.087 0.16322
-4.56505 -2.99908 320.401 388.594 -1710.34 -0.145293 4.56352 2.99895 -320.401 410.985 488.169 0.145293
-5.1555 -1.71309 320.306 200.895 -1923.18 -0.12841 5.15338 1.7129 -320.306 255.89 543.191 0.12841
-5.65617 -0.244837 320.26 -10.8113 -2097.96 -0.113376 5.65475 0.245019 -320.26 76.2698 584.009 0.113376
-6.00499 1.17799 320.192 -215.05 -2225.48 -0.10089 6.00401 -1.17768 -320.192 -98.7435 618.184 0.10089
-6.17333 2.32357 320.095 -379.027 -2297.45 -0.0914976 6.17199 -2.32315 -320.095 -240.12 645.148 0.0914976
-6.2282 3.01598 320.047 -477.93 -2319.61 -0.0855197 6.22719 -3.01541 -320.047 -325.766 652.58 0.0855197
-6.15336 3.15306 320.023 -497.364 -2289.8 -0.0830711 6.15259 -3.15257 -320.023 -342.882 642.769 0.0830711
-5.89594 2.72881 319.99 -436.278 -2202.92 -0.084101 5.89515 -2.72832 -319.99 -290.881 624.707 0.084101
-5.47533 1.84131 319.991 -308.488 -2063.24 -0.0883798 5.4745 -1.84065 -319.991 -182.077 597.468 0.0883798
-4.95718 0.676506 320.042 -140.405 -1882.04 -0.095504 4.9564 -0.675861 -320.042 -39.6737 554.815 0.095504
-4.35045 -0.566236 320.073 40.5473 -1662.95 -0.104935 4.34958 0.56647 -320.073 110.578 497.991 0.104935
-3.69306 -1.6863 320.108 204.731 -1417.69 -0.116014 3.69191 1.68629 -320.108 244.917 428.606 0.116014
-2.98589 -2.5045 320.158 325.586 -1152.38 -0.127988 2.9847 2.50455 -320.158 342.162 352.478 0.127988
-2.23953 -2.89156 320.138 384.29 -874.73 -0.140063 2.23848 2.89146 -320.138 386.603 274.459 0.140063
-1.49056 -2.79714 320.117 374.879 -595.82 -0.151435 1.48908 2.79725 -320.117 370.864 195.973 0.151435
-0.771243 -2.20191 320.103 292.807 -319.558 -0.161296 0.769207 2.20218 -320.103 294.282 112.243 0.161296
-0.147022 -1.19262 320.095 150.651 -63.565 -0.168898 0.14497 1.19277 -320.095 167.375 23.3368 0.168898
0.443698 0.0641227 320.002 -27.1225 174.081 -0.173602 -0.446033 -0.0640646 -320.002 10.1331 -56.1688 0.173602
1.01795 1.38921 319.98 -216.817 393.312 -0.17488 -1.02094 -1.38898 -319.98 -153.368 -121.677 0.17488
1.4574 2.57356 319.94 -386.301 573.79 -0.172341 -1.46082 -2.57312 -319.94 -299.558 -184.48 0.172341
1.74754 3.47216 319.914 -514.914 710.176 -0.165811 -1.75118 -3.47172 -319.914 -410.478 -243.123 0.165811
1.95628 3.9539 319.91 -583.468 804.768 -0.155325 -1.95932 -3.9537 -319.91 -470.371 -281.896 0.155325
2.13963 3.94599 319.92 -581.613 863.559 -0.141072 -2.14218 -3.94606 -319.92 -470.155 -291.742 0.141072
2.22456 3.44668 319.934 -509.325 881.736 -0.123396 -2.22736 -3.44688 -319.934 -409.365 -287.222 0.123396
2.10938 2.52021 319.96 -375.833 850.368 -0.102846 -2.11196 -2.52087 -319.96 -295.958 -286.655 0.102846
1.8439 1.28369 319.999 -197.842 775.381 -0.0801869 -1.84624 -1.28439 -319.999 -144.35 -282.631 0.0801869
1.54152 -0.0740659 320.043 -2.43021 669.332 -0.0563236 -1.54377 0.073634 -320.043 22.199 -257.455 0.0563236
1.22967 -1.33319 320.088 178.453 539.414 -0.0321974 -1.23145 1.33262 -320.088 176.93 -211.072 0.0321974
0.861119 -2.3138 320.102 318.64 385.9 -0.00876843 -0.8623 2.31324 -320.102 298.139 -156.286 0.00876843
0.409051 -2.90226 320.129 401.377 213.29 0.0129526 -0.410035 2.9016 -320.129 372.254 -104.651 -0.0129526
-0.0850738 -3.08081 320.15 424.051 31.0997 0.0319442 0.0851182 3.07952 -320.15 397.097 -54.7773 -0.0319442
-0.543099 -2.90513 320.149 396.2 -148.022 0.047293 0.543457 2.90449 -320.149 378.213 1.74276 -0.047293
-0.974951 -2.41025 320.182 322.88 -320.973 0.0582745 0.975139 2.40999 -320.182 319.673 59.1513 -0.0582745
-1.41033 -1.65904 320.182 212.306 -486.449 0.0643437 1.41076 1.65853 -320.182 229.976 108.125 -0.0643437
-1.82476 -0.788692 320.156 84.7708 -636.701 0.065118 1.82511 0.788496 -320.156 125.56 147.549 -0.065118
-2.1558 0.101621 320.176 -44.836 -762.502 0.0604035 2.15606 -0.100861 -320.176 17.9766 184.799 -0.0604035
-2.3912 0.970983 320.179 -171.074 -862.039 0.0502412 2.39179 -0.970137 -320.179 -87.5075 221.28 -0.0502412
-2.52816 1.73282 320.151 -281.479 -932.803 0.0349239 2.52874 -1.73212 -320.151 -180.194 255.337 -0.0349239
-2.59616 2.25417 320.142 -356.946 -976.407 0.0149575 2.59665 -2.25401 -320.142 -243.77 280.698 -0.0149575
-2.60029 2.4005 320.132 -378.113 -992.234 -0.00899968 2.60123 -2.40079 -320.132 -261.666 295.308 0.00899968
-2.51584 2.11201 320.106 -336.369 -977.717 -0.0361646 2.51669 -2.1121 -320.106 -226.485 303.33 0.0361646
-2.34879 1.4288 320.096 -237.503 -934.502 -0.0656341 2.34948 -1.42919 -320.096 -143.275 304.747 0.0656341
-2.12992 0.479918 320.108 -100.111 -868.139 -0.0964094 2.13076 -0.479794 -320.108 -27.6671 296.853 0.0964094
-1.86511 -0.508546 320.103 43.3353 -781.479 -0.127457 1.86581 0.509514 -320.103 92.4807 281 0.127457
-1.56691 -1.22973 320.087 148.427 -678.778 -0.157764 1.56751 1.23192 -320.087 179.788 258.05 0.157764
-1.24318 -1.42613 320.086 178.166 -563.472 -0.186365 1.24365 1.42863 -320.086 202.438 229.341 0.186365
-0.914466 -0.98625 320.03 116.26 -441.635 -0.212357 0.914626 0.988774 -320.03 147.088 195.479 0.212357
-0.600091 0.0398874 319.986 -30.2064 -319.18 -0.234928 0.59959 -0.037131 -319.986 20.0551 157.235 0.234928
-0.325143 1.49231 319.967 -237.798 -204.305 -0.253365 0.324211 -1.48964 -319.967 -159.526 116.028 0.253365
-0.0744317 3.15604 319.877 -476.175 -98.9157 -0.267093 0.0732843 -3.15291 -319.877 -364.574 77.7947 0.267093
0.160729 4.804 319.832 -712.96 -4.36073 -0.275709 -0.162409 -4.80056 -319.832 -567.029 46.2553 0.275709
0.364212 6.21297 319.825 -915.723 75.6435 -0.278961 -0.365453 -6.2094 -319.825 -739.823 20.6481 0.278961
0.564985 7.19941 319.773 -1057.52 143.591 -0.27672 -0.565066 -7.19561 -319.773 -860.938 6.23254 0.27672
0.76453 7.66065 319.765 -1123.52 201.847 -0.268986 -0.76461 -7.65667 -319.765 -917.861 1.29895 0.268986
0.891607 7.56356 319.809 -1109.22 245.457 -0.255896 -0.891268 -7.56002 -319.809 -906.347 -8.38905 0.255896
0.947767 6.90676 319.838 -1014.18 275.982 -0.237729 -0.94672 -6.9037 -319.838 -826.376 -23.9546 0.237729
1.00985 5.75366 319.869 -847.376 301.834 -0.214907 -1.00867 -5.75077 -319.869 -685.832 -33.2142 0.214907
1.08966 4.24644 319.93 -629.442 324.988 -0.187968 -1.08831 -4.24394 -319.93 -502.057 -35.0774 0.187968
1.13713 2.57318 319.984 -387.586 341.076 -0.157548 -1.13558 -2.57089 -319.984 -297.921 -38.5101 0.157548
1.12889 0.952721 320.024 -153.334 348.133 -0.124435 -1.12734 -0.950392 -320.024 -100.22 -47.7421 0.124435
1.09467 -0.392533 320.066 41.0124 349.572 -0.0895487 -1.09291 0.394602 -320.066 63.9878 -58.3177 0.0895487
1.0669 -1.29622 320.08 171.465 349.004 -0.0538728 -1.06503 1.29812 -320.08 174.399 -65.1624 0.0538728
1.03943 -1.66038 320.079 223.967 346.587 -0.0184124 -1.03757 1.6622 -320.079 218.956 -70.0665 0.0184124
0.976893 -1.46614 320.076 195.834 339.478 0.0158059 -0.975348 1.46779 -320.076 195.289 -79.5817 -0.0158059
0.865685 -0.789 320.062 97.9296 326.19 0.0477656 -0.864496 0.790451 -320.062 112.67 -95.8865 -0.0477656
0.742165 0.216887 320.04 -47.5681 309.769 0.0765022 -0.741108 -0.215569 -320.04 -9.97726 -112.374 -0.0765022
0.6565 1.34963 320.035 -211.338 295.378 0.101145 -0.655501 -1.34839 -320.035 -148.16 -120.821 -0.101145
0.608956 2.40412 320.022 -363.843 283.748 0.120964 -0.607909 -2.40296 -320.022 -276.749 -121.886 -0.120964
0.577107 3.19271 320.01 -477.927 274.485 0.135376 -0.575696 -3.19168 -320.01 -372.885 -121.177 -0.135376
0.551682 3.57901 320.019 -533.766 268.72 0.143931 -0.550176 -3.57806 -320.019 -420.029 -122.209 -0.143931
0.535819 3.5034 320.037 -522.809 267.956 0.146336 -0.534305 -3.50253 -320.037 -410.843 -125.671 -0.146336
0.531604 2.98605 320.055 -447.936 272.104 0.142495 -0.530452 -2.98524 -320.055 -347.82 -130.882 -0.142495
0.545819 2.12557 320.082 -323.414 280.394 0.132519 -0.544727 -2.12471 -320.082 -242.965 -135.354 -0.132519
0.600576 1.07765 320.111 -171.789 293.935 0.116708 -0.599226 -1.07681 -320.111 -115.264 -134.314 -0.116708
0.691316 0.0218135 320.131 -19.1515 311.797 0.0955362 -0.690086 -0.0209696 -320.131 13.5418 -127.952 -0.0955362
0.774532 -0.870851 320.132 109.913 329.343 0.0696384 -0.773376 0.871816 -320.132 122.44 -123.283 -0.0696384
0.826249 -1.44832 320.113 193.364 343.077 0.0397961 -0.825133 1.44933 -320.113 192.925 -123.202 -0.0397961
0.868082 -1.61525 320.087 217.5 353.527 0.00691383 -0.867222 1.61631 -320.087 213.289 -122.447 -0.00691383
0.919737 -1.33653 320.051 177.278 361.002 -0.0280067 -0.918929 1.33767 -320.051 179.227 -116.14 0.0280067
0.962102 -0.644183 320.006 77.2121 362.18 -0.0639074 -0.961963 0.645236 -320.006 94.7313 -105.945 0.0639074
0.96085 0.353284 319.963 -67.0565 351.793 -0.0997326 -0.960938 -0.352443 -319.963 -26.9113 -95.8936 0.0997326
0.943406 1.49159 319.938 -231.753 331.428 -0.13447 -0.943103 -1.49077 -319.938 -165.642 -80.2914 0.13447
0.959906 2.59065 319.915 -390.896 306.33 -0.16716 -0.959214 -2.58999 -319.915 -299.484 -50.9388 0.16716
0.997092 3.46404 319.895 -517.418 277.47 -0.196903 -0.995975 -3.46366 -319.895 -405.806 -12.3399 0.196903
0.996889 3.94018 319.897 -586.519 241.678 -0.222898 -0.995507 -3.94031 -319.897 -463.692 23.2355 0.222898
0.950061 3.91422 319.917 -583.094 199.959 -0.244482 -0.948014 -3.91428 -319.917 -460.187 52.2507 0.244482
0.911296 3.40789 319.946 -510.167 159.678 -0.261134 -0.908632 -3.40743 -319.946 -398.076 81.9832 0.261134
0.907068 2.55925 319.987 -387.822 125.776 -0.272446 -0.904096 -2.5587 -319.987 -294.196 114.589 0.272446
0.893849 1.55258 320.031 -242.636 95.7579 -0.278116 -0.890648 -1.55164 -320.031 -170.993 140.942 0.278116
0.842741 0.60418 320.067 -106.133 68.3345 -0.277988 -0.839339 -0.602725 -320.067 -54.6223 154.627 0.277988
0.746343 -0.0942899 320.071 -5.8571 42.0802 -0.272082 -0.7437 0.0957593 -320.071 31.2882 155.224 0.272082
0.603759 -0.424044 320.063 41.2818 14.5249 -0.260571 -0.601775 0.425767 -320.063 72.083 144.817 0.260571
0.460039 -0.353623 320.046 30.7598 -11.9707 -0.243761 -0.45799 0.355083 -320.046 63.799 132.958 0.243761
0.354073 0.0555023 320.01 -28.4791 -34.2074 -0.222098 -0.352718 -0.0542382 -320.01 13.9564 127.007 0.222098
0.231872 0.677157 319.97 -118.346 -57.8391 -0.196179 -0.231117 -0.676181 -319.97 -61.9223 118.114 0.196179
0.0643175 1.36228 319.949 -217.415 -85.63 -0.166756 -0.0631464 -1.36151 -319.949 -145.506 101.161 0.166756
-0.0589196 1.98261 319.94 -307.06 -106.753 -0.134717 0.0609196 -1.98158 -319.94 -221.181 89.3041 0.134717
-0.104537 2.45627 319.937 -375.481 -114.774 -0.101034 0.106047 -2.45533 -319.937 -279.029 85.2249 0.101034
-0.161263 2.72042 319.959 -413.58 -116.455 -0.0667153 0.162871 -2.7196 -319.959 -311.358 71.793 0.0667153
-0.237571 2.73691 319.996 -415.816 -111.208 -0.0328214 0.239823 -2.73602 -319.996 -313.508 46.172 0.0328214
-0.239202 2.50924 320.034 -382.623 -88.312 -0.000444153 0.241673 -2.50835 -320.034 -286.014 22.8955 0.000444153
-0.145974 2.07781 320.079 -319.892 -44.842 0.029385 0.148618 -2.07683 -320.079 -233.734 4.37175 -0.029385
-0.00904208 1.50159 320.123 -236.029 15.4921 0.0557572 0.0120166 -1.50067 -320.123 -164.01 -19.3442 -0.0557572
0.150715 0.83015 320.154 -138.1 91.9969 0.0778842 -0.147451 -0.829878 -320.154 -83.0499 -53.0935 -0.0778842
0.361757 0.10722 320.172 -32.7385 187.684 0.0951103 -0.358183 -0.107002 -320.172 4.2825 -92.3105 -0.0951103
0.650506 -0.58563 320.193 68.4202 304.396 0.106966 -0.64659 0.586009 -320.193 87.8274 -131.801 -0.106966
1.01819 -1.14196 320.189 149.954 442.022 0.113208 -1.014 1.14202 -320.189 154.543 -171.112 -0.113208
1.44331 -1.48658 320.163 201.128 597.453 0.113822 -1.43897 1.48651 -320.163 195.209 -212.861 -0.113822
1.89846 -1.57285 320.157 214.941 766.077 0.109004 -1.89426 1.57268 -320.157 204.376 -259.726 -0.109004
2.35952 -1.39917 320.168 191.565 941.905 0.0991456 -2.35619 1.3985 -320.168 181.382 -312.105 -0.0991456
2.80701 -1.01527 320.124 137.78 1115 0.084828 -2.80394 1.01428 -320.124 132.789 -365.451 -0.084828
3.28144 -0.497764 320.095 64.7519 1282.61 0.0668085 -3.27864 0.496895 -320.095 67.8831 -406.145 -0.0668085
3.79064 0.135709 320.105 -25.3261 1442.73 0.0459887 -3.78864 -0.135496 -320.105 -10.7559 -430.077 -0.0459887
4.21142 0.88785 320.044 -133.028 1576.23 0.0233457 -4.21031 -0.887342 -320.044 -103.507 -450.994 -0.0233457
4.47417 1.70676 319.975 -250.727 1667.94 -0.000148617 -4.47362 -1.70628 -319.975 -204.102 -472.372 0.000148617
4.63862 2.45665 319.942 -358.492 1717.54 -0.0235653 -4.63847 -2.45639 -319.942 -296.257 -477.977 0.0235653
4.76917 3.00917 319.885 -438.057 1727.92 -0.0460098 -4.76883 -3.00884 -319.885 -363.961 -453.599 0.0460098
4.83431 3.27596 319.82 -476.806 1696.17 -0.0666578 -4.83324 -3.27554 -319.82 -396.314 -404.728 0.0666578
4.73799 3.21893 319.795 -469.183 1615.1 -0.0848533 -4.73697 -3.21859 -319.795 -388.745 -349.566 0.0848533
4.41592 2.84564 319.8 -416.491 1480.39 -0.100165 -4.41492 -2.84527 -319.8 -341.926 -301.045 0.100165
3.93436 2.21323 319.807 -326.491 1302.31 -0.112363 -3.9331 -2.21286 -319.807 -263.348 -251.789 0.112363
3.39144 1.44284 319.853 -217.707 1093.37 -0.121369 -3.39032 -1.44244 -319.853 -166.767 -188.071 0.121369
2.7711 0.670532 319.936 -108.83 855.636 -0.127243 -2.77037 -0.669638 -319.936 -69.7066 -116.242 0.127243
2.02798 0.067633 319.966 -23.9417 588.886 -0.130211 -2.02718 -0.0663763 -319.966 6.16736 -48.2374 0.130211
1.19391 -0.224122 319.956 15.8875 302.706 -0.130671 -1.19324 0.225515 -319.956 44.133 14.9429 0.130671
0.34439 -0.152924 320.057 2.11529 11.4206 -0.129119 -0.343545 0.154064 -320.057 38.9022 79.0457 0.129119
-0.483495 0.198485 320.106 -52.5339 -276.143 -0.126071 0.48474 -0.197944 -320.106 -0.189423 145.164 0.126071
-1.28287 0.682015 320.097 -126.015 -554.492 -0.122056 1.28416 -0.681483 -320.097 -55.5892 209.747 0.122056
-2.01706 1.14085 320.115 -194.782 -808.432 -0.117631 2.01861 -1.1406 -320.115 -109.158 267.318 0.117631
-2.6884 1.46838 320.15 -244.349 -1034.08 -0.113339 2.69018 -1.46809 -320.15 -146.887 313.432 0.113339
-3.26209 1.59955 320.166 -265.185 -1223.11 -0.109671 3.26394 -1.59875 -320.166 -160.942 349.081 0.109671
-3.68461 1.53734 320.13 -257.854 -1365.42 -0.107029 3.68667 -1.53681 -320.13 -151.722 378.393 0.107029
-3.94477 1.28957 320.155 -223.333 -1456.72 -0.1057 3.94693 -1.28908 -320.155 -120.198 400.108 0.1057
-4.04915 0.893315 320.156 -166.928 -1493.58 -0.105849 4.05132 -0.892839 -320.156 -70.9792 409.049 0.105849
-4.01508 0.412411 320.108 -97.6352 -1477.23 -0.107527 4.01742 -0.41213 -320.108 -12.1085 401.795 0.107527
-3.82081 -0.0754324 320.09 -26.5995 -1406.14 -0.11067 3.82345 0.0757435 -320.09 46.897 382.627 0.11067
-3.47221 -0.47078 320.104 31.4752 -1283.28 -0.115076 3.47412 0.47152 -320.104 94.26 353.08 0.115076
-3.0198 -0.678973 320.075 63.1839 -1118.04 -0.120411 3.02154 0.679853 -320.075 118.061 308.872 0.120411
-2.46979 -0.646245 320.048 60.9575 -916.876 -0.126256 2.47183 0.647285 -320.048 111.578 254.786 0.126256
-1.78779 -0.356693 320.053 22.2904 -682.734 -0.132133 1.78975 0.358055 -320.053 73.0968 203.034 0.132133
-0.980933 0.159212 320.037 -49.0189 -416.661 -0.1375 0.982767 -0.157913 -320.037 6.86966 152.694 0.1375
-0.173638 0.807903 320.042 -138.452 -138.373 -0.141806 0.175537 -0.806719 -320.042 -76.6377 90.2769 0.141806
0.631003 1.50219 320.039 -235.044 144.434 -0.14454 -0.628906 -1.5008 -320.039 -165.094 22.6381 0.14454
1.45814 2.16169 320.035 -328 432.701 -0.145235 -1.4571 -2.16023 -320.035 -247.932 -44.3029 0.145235
2.17165 2.70105 320.019 -403.736 699.919 -0.143471 -2.17227 -2.69958 -320.019 -315.973 -120.438 0.143471
2.73817 3.07082 320.037 -454.786 932.413 -0.138936 -2.739 -3.06912 -320.037 -363.464 -201.291 0.138936
3.21434 3.27151 320.038 -481.199 1124.88 -0.131479 -3.21642 -3.26941 -320.038 -390.497 -266.164 0.131479
3.59099 3.33633 319.995 -488.825 1270.06 -0.121079 -3.59442 -3.33452 -319.995 -400.194 -310.413 0.121079
3.76724 3.23531 319.929 -473.6 1348.89 -0.107834 -3.76976 -3.23457 -319.929 -388.635 -342.177 0.107834
3.81282 2.88268 319.904 -422.549 1369.68 -0.092007 -3.81496 -2.8827 -319.904 -345.792 -350.813 0.092007
3.74158 2.22536 319.892 -327.913 1336.8 -0.0740296 -3.74338 -2.22614 -319.892 -265.314 -337.062 0.0740296
3.48939 1.28371 319.869 -192.498 1248.22 -0.0544591 -3.49041 -1.28473 -319.869 -149.754 -316.018 0.0544591
3.09199 0.173621 319.914 -33.8139 1115.37 -0.033973 -3.09237 -0.174686 -319.914 -12.5361 -289.502 0.033973
2.59898 -0.95031 319.981 126.687 946.964 -0.0133518 -2.59859 0.949431 -319.981 126.586 -253.017 0.0133518
2.07072 -1.8925 320.012 261.102 756.836 0.00659292 -2.06977 1.89214 -320.012 243.392 -204.238 -0.00659292
1.49403 -2.48407 320.077 344.729 552.355 0.0250521 -1.49332 2.48361 -320.077 317.447 -153.945 -0.0250521
0.81841 -2.64298 320.106 365.326 333.034 0.0412031 -0.817831 2.64252 -320.106 339.214 -115.212 -0.0412031
0.119425 -2.37336 320.127 323.457 111.512 0.0542443 -0.118592 2.37317 -320.127 309.257 -80.5613 -0.0542443
-0.487587 -1.73757 320.157 228.825 -97.6107 0.0634881 0.488565 1.73736 -320.157 234.417 -33.7746 -0.0634881
-1.00229 -0.854058 320.163 98.8175 -289.704 0.0684121 1.00322 0.853809 -320.163 128.919 20.6404 -0.0684121
-1.50073 0.110943 320.156 -42.7988 -469.132 0.068638 1.50178 -0.111325 -320.156 13.2934 66.751 -0.068638
-1.9625 0.979138 320.138 -169.724 -625.775 0.0639132 1.96355 -0.979557 -320.138 -91.2073 99.9306 -0.0639132
-2.32945 1.60557 320.114 -261.235 -751.851 0.0541477 2.33013 -1.60598 -320.114 -166.672 127.934 -0.0541477
-2.5729 1.90216 320.099 -304.859 -844.337 0.0394722 2.57342 -1.90266 -320.099 -202.117 155.308 -0.0394722
-2.6931 1.83047 320.092 -295.102 -903.374 0.0202468 2.69349 -1.83102 -320.092 -192.77 182.151 -0.0202468
-2.69822 1.4156 320.092 -235.718 -929.657 -0.00299877 2.69865 -1.41615 -320.092 -141.565 206.965 0.00299877
-2.6065 0.740821 320.093 -138.524 -925.426 -0.0296153 2.60694 -0.741266 -320.093 -58.8752 227.152 0.0296153
-2.4524 -0.0617194 320.111 -22.7674 -895.78 -0.0588354 2.45249 0.0612982 -320.111 39.2957 238.668 0.0588354
-2.26557 -0.85765 320.119 92.3369 -846.729 -0.0897778 2.26517 0.857204 -320.119 136.35 239.578 0.0897778
-2.05688 -1.52261 320.119 188.831 -784.547 -0.121481 2.05582 1.52215 -320.119 217.104 233.249 0.121481
-1.81598 -1.96111 320.122 252.828 -713.486 -0.152947 1.81467 1.96062 -320.122 269.986 226.594 0.152947
-1.52874 -2.12289 320.132 277.261 -635.394 -0.183187 1.52767 2.1223 -320.132 288.661 225.201 0.183187
-1.23032 -1.99787 320.109 260.395 -556.029 -0.21125 1.22916 1.99724 -320.109 272.194 225.562 0.21125
-0.970837 -1.61412 320.09 205.989 -481.532 -0.236238 0.969974 1.61343 -320.09 224.298 220.36 0.236238
-0.758156 -1.03943 320.082 123.956 -413.729 -0.257317 0.757583 1.03866 -320.082 153.129 209.374 0.257317
-0.560968 -0.350406 320.071 25.3151 -349.446 -0.273748 0.560788 0.34997 -320.071 68.1464 197.758 0.273748
-0.381517 0.389966 320.065 -80.4674 -289.597 -0.284923 0.381433 -0.389895 -320.065 -23.3589 185.881 0.284923
-0.261349 1.12319 320.048 -185.362 -238.525 -0.29039 0.260426 -1.12321 -320.048 -113.926 167.097 0.29039
-0.233163 1.74966 320.034 -275.058 -201.804 -0.289887 0.231966 -1.74961 -320.034 -191.213 138.054 0.289887
-0.24883 2.16824 320.032 -334.963 -177.328 -0.28335 0.247199 -2.16824 -320.032 -242.892 109.561 0.28335
-0.267666 2.30052 320.029 -353.795 -163.341 -0.270904 0.265365 -2.30067 -320.029 -259.342 90.7036 0.270904
-0.316996 2.10829 320.027 -326.045 -164.222 -0.252869 0.314377 -2.10843 -320.027 -235.849 78.4941 0.252869
-0.394556 1.61072 320.034 -254.521 -179.593 -0.229782 0.392725 -1.61098 -320.034 -174.757 73.0579 0.229782
-0.469202 0.869808 320.051 -148.098 -204.203 -0.20238 0.467474 -0.870271 -320.051 -83.7091 77.6904 0.20238
-0.575789 -0.0202902 320.07 -20.331 -239.033 -0.171566 0.574006 0.0197171 -320.07 25.7741 84.0252 0.171566
-0.747577 -0.934501 320.098 110.567 -285.418 -0.138373 0.746137 0.933845 -320.098 138.558 84.4657 0.138373
-0.966061 -1.71405 320.137 222.392 -341.577 -0.10395 0.964005 1.71429 -320.137 234.651 82.3498 0.10395
-1.20097 -2.13102 320.151 281.794 -404.22 -0.0695127 1.19856 2.13237 -320.151 286.545 82.2897 0.0695127
-1.44017 -2.01448 320.162 264.071 -472.489 -0.0362871 1.43777 2.016 -320.162 273.228 86.6496 0.0362871
-1.66454 -1.33401 320.162 164.91 -543.099 -0.00546784 1.66217 1.33595 -320.162 191.062 97.2891 0.00546784
-1.87286 -0.171623 320.131 -3.6996 -613.564 0.0218278 1.87057 0.174135 -320.131 49.9052 112.055 -0.0218278
-2.07515 1.26799 320.106 -211.913 -681.364 0.0446215 2.07286 -1.2665 -320.106 -125.758 125.777 -0.0446215
-2.27476 2.60072 320.063 -404.56 -744.625 0.0621143 2.27268 -2.6013 -320.063 -288.638 135.662 -0.0621143
-2.42798 3.42789 320.025 -523.943 -796.321 0.0737142 2.42628 -3.42808 -320.025 -389.692 146.343 -0.0737142
-2.50177 3.56754 320.015 -544.316 -831.151 0.0790758 2.50024 -3.56806 -320.015 -406.587 161.383 -0.0790758
-2.51565 3.00447 320.035 -463.521 -849.431 0.0781115 2.51422 -3.00523 -320.035 -337.321 175.883 -0.0781115
-2.53723 1.86497 320.08 -299.587 -857.987 0.0709734 2.53468 -1.86494 -320.08 -197.404 178.806 -0.0709734
-2.61192 0.441461 320.138 -94.7285 -864.926 0.0580337 2.60853 -0.440925 -320.138 -22.7451 165.943 -0.0580337
-2.66864 -0.945335 320.201 104.714 -867.849 0.039865 2.66515 0.945543 -320.201 147.434 153.761 -0.039865
-2.64351 -2.04873 320.22 263.37 -864.948 0.0172267 2.63923 2.04923 -320.22 282.937 157.653 -0.0172267
-2.60066 -2.72345 320.224 360.185 -865.106 -0.00897288 2.59609 2.72279 -320.224 365.822 169.245 0.00897288
-2.62298 -2.97162 320.223 395.62 -877.259 -0.0377569 2.61848 2.97039 -320.223 396.464 175.402 0.0377569
-2.70565 -2.84988 320.195 377.827 -901.188 -0.0681468 2.70092 2.84903 -320.195 381.857 177.272 0.0681468
-2.80455 -2.41571 320.154 314.968 -933.108 -0.0991721 2.79986 2.41446 -320.154 328.931 182.752 0.0991721
-2.88528 -1.77635 320.124 222.618 -968.955 -0.129876 2.88081 1.77516 -320.124 250.862 196.957 0.129876
-2.95138 -1.06167 320.106 119.515 -1007.01 -0.159362 2.94712 1.06042 -320.106 163.453 217.261 0.159362
-3.0423 -0.387565 320.099 22.098 -1049.5 -0.186858 3.03802 0.386248 -320.099 81.1742 235.405 0.186858
-3.17734 0.134661 320.097 -53.4934 -1096.81 -0.211743 3.17269 -0.136166 -320.097 17.5376 246.653 0.211743
-3.33058 0.414982 320.119 -94.2747 -1146.59 -0.233525 3.32586 -0.416858 -320.119 -16.4512 255.483 0.233525
-3.44501 0.400856 320.147 -92.6819 -1193.65 -0.251813 3.4403 -0.402776 -320.147 -14.2828 271.911 0.251813
-3.51096 0.113291 320.183 -51.8308 -1236.87 -0.266304 3.50605 -0.114918 -320.183 21.5606 297.445 0.266304
-3.57309 -0.355941 320.223 15.283 -1280.17 -0.276821 3.56842 0.354752 -320.223 79.585 324.015 0.276821
-3.63374 -0.883617 320.244 90.802 -1322.08 -0.283323 3.62967 0.882602 -320.244 144.748 349.547 0.283323
-3.66552 -1.35174 320.257 157.634 -1357.91 -0.285866 3.66158 1.35137 -320.257 202.785 376.763 0.285866
-3.66907 -1.63498 320.246 197.96 -1386.5 -0.284542 3.6655 1.63546 -320.246 238.075 404.249 0.284542
-3.64859 -1.64931 320.22 199.662 -1406.85 -0.279492 3.6455 1.64961 -320.22 240.17 429.917 0.279492
-3.60083 -1.41209 320.183 165.396 -1417.24 -0.270931 3.59805 1.41243 -320.183 211.206 452.935 0.270931
-3.53402 -1.01454 320.145 108.209 -1417.16 -0.259156 3.5315 1.01438 -320.145 162.356 470.606 0.259156
-3.45515 -0.591306 320.11 47.4474 -1406.38 -0.244527 3.45294 0.590628 -320.11 110.232 480.818 0.244527
-3.36592 -0.271083 320.087 1.64089 -1384.75 -0.227439 3.36366 0.270341 -320.087 70.6703 483.02 0.227439
-3.27424 -0.113272 320.082 -20.7031 -1353.51 -0.208332 3.27198 0.11263 -320.082 50.9603 476.304 0.208332
-3.17836 -0.122733 320.092 -18.9724 -1313.22 -0.187698 3.17626 0.121824 -320.092 51.7147 461.652 0.187698
-3.06754 -0.283662 320.112 4.57804 -1263.27 -0.166073 3.06546 0.282632 -320.112 71.0439 441.373 0.166073
-2.94318 -0.546538 320.13 42.9471 -1204.17 -0.144016 2.94143 0.545639 -320.13 102.763 415.542 0.144016
-2.80359 -0.830878 320.148 84.518 -1135.46 -0.12208 2.80227 0.829918 -320.148 136.975 384.166 0.12208
-2.64163 -1.07319 320.166 120.323 -1055.09 -0.100789 2.64077 1.07206 -320.166 165.735 347.134 0.100789
-2.44915 -1.23818 320.161 145.194 -960.595 -0.0806282 2.44905 1.23697 -320.161 184.829 304.113 0.0806282
-2.22849 -1.31724 320.158 157.958 -851.461 -0.0620214 2.22854 1.31597 -320.158 193.129 254.091 0.0620214
-1.98842 -1.31626 320.141 159.546 -727.874 -0.0453105 1.98867 1.31515 -320.141 191.295 194.831 0.0453105
-1.69981 -1.22869 320.137 148.785 -585.819 -0.0307491 1.70045 1.22798 -320.137 178.763 130.06 0.0307491
-1.35097 -1.03558 320.094 123.091 -424.974 -0.0185011 1.35136 1.03538 -320.094 153.044 62.6796 0.0185011
-0.96666 -0.691355 320.088 75.9659 -251.365 -0.00863741 0.96695 0.692054 -320.088 108.525 -7.99595 0.00863741
-0.561481 -0.158424 320.074 1.64902 -71.9206 -0.00114652 0.561729 0.159182 -320.074 40.7852 -78.9299 0.00114652
-0.114544 0.549 320.006 -97.5233 114.669 0.00405504 0.11443 -0.547885 -320.006 -48.572 -145.828 -0.00405504
0.372025 1.37853 320.003 -215.643 306.325 0.00712798 -0.372369 -1.37769 -320.003 -151.611 -207.258 -0.00712798
0.846855 2.14966 319.969 -325.728 490.834 0.00829804 -0.847531 -2.15047 -319.969 -247.302 -264.677 -0.00829804
1.3069 2.65924 319.935 -397.795 663.7 0.00782148 -1.30794 -2.65952 -319.935 -311.003 -314.431 -0.00782148
1.72053 2.84933 319.946 -423.695 816.086 0.00597113 -1.72243 -2.84919 -319.946 -335.718 -356.069 -0.00597113
2.03823 2.75662 319.95 -408.901 936.267 0.00302117 -2.04094 -2.75659 -319.95 -325.819 -391.158 -0.00302117
2.27829 2.41411 319.943 -358.339 1020.23 -0.000784379 -2.28097 -2.4141 -319.943 -285.087 -410.938 0.000784379
2.47956 1.87883 319.967 -280.36 1068.76 -0.00523486 -2.48259 -1.87863 -319.967 -220.357 -405.687 0.00523486
2.5936 1.26049 319.982 -191.032 1074.25 -0.0101497 -2.59672 -1.25986 -319.982 -144.804 -380.798 0.0101497
2.56626 0.660985 319.986 -105.123 1030.4 -0.0154134 -2.56889 -0.660832 -319.986 -70.9736 -344.455 0.0154134
2.42964 0.115217 320.001 -27.4308 942.466 -0.0210001 -2.43154 -0.115545 -320.001 -3.24788 -293.293 0.0210001
2.22416 -0.376821 320.015 42.3032 818.995 -0.0269408 -2.22555 0.376387 -320.015 58.1641 -225.021 0.0269408
1.9279 -0.807213 320.058 103.212 662.46 -0.0332879 -1.92874 0.806373 -320.058 111.929 -147.969 0.0332879
1.5284 -1.15706 320.064 152.153 477.893 -0.0401256 -1.52855 1.15639 -320.064 156.269 -70.4871 0.0401256
1.0364 -1.36522 320.06 180.335 271.903 -0.0475754 -1.03661 1.36543 -320.06 183.698 3.82029 0.0475754
0.447971 -1.35804 320.136 176.163 48.371 -0.05576 -0.449228 1.35782 -320.136 185.906 70.064 0.05576
-0.234988 -1.16241 320.163 144.644 -192.165 -0.0647725 0.233844 1.16201 -320.163 165.265 127.933 0.0647725
-0.921543 -0.847017 320.21 95.7624 -441.799 -0.0746732 0.920814 0.846603 -320.21 130.081 193.883 0.0746732
-1.54451 -0.496022 320.229 42.12 -684.267 -0.0854775 1.54318 0.495179 -320.229 90.1136 269.745 0.0854775
-2.1918 -0.205922 320.276 -2.5717 -922.832 -0.0971468 2.19007 0.2049 -320.276 57.4605 335.209 0.0971468
-2.94968 -0.0407044 320.335 -29.247 -1165.94 -0.109611 2.94775 0.0400095 -320.335 40.1474 375.746 0.109611
-3.68236 -0.00314902 320.337 -36.889 -1396.75 -0.122783 3.68012 0.00319424 -320.337 37.8836 410.76 0.122783
-4.28029 -0.0184787 320.361 -37.2049 -1601.19 -0.136515 4.27792 0.0188821 -320.361 42.3406 455.343 0.136515
-4.76197 -0.0357942 320.362 -37.2502 -1776.39 -0.150566 4.75952 0.0366582 -320.362 47.0697 501.721 0.150566
-5.19083 -0.0114927 320.304 -42.3037 -1924.64 -0.164669 5.18841 0.0128407 -320.304 45.7143 535.298 0.164669
-5.55758 0.0999801 320.258 -59.0995 -2041.3 -0.178582 5.5556 -0.098475 -320.258 32.8193 553.867 0.178582
-5.79475 0.302685 320.198 -88.5906 -2117.39 -0.192071 5.793 -0.301374 -320.198 8.25286 566.534 0.192071
-5.86193 0.541962 320.101 -123.002 -2145.29 -0.204856 5.86052 -0.541102 -320.101 -21.1772 576.419 0.204856
-5.78998 0.748209 320.026 -152.341 -2125.79 -0.216617 5.78883 -0.747417 -320.026 -46.8249 576.101 0.216617
-5.64286 0.878955 319.983 -170.597 -2065.44 -0.227039 5.64073 -0.878238 -319.983 -63.4324 555.247 0.227039
-5.469 0.912622 319.952 -174.777 -1974.01 -0.235848 5.46615 -0.912226 -319.952 -68.2712 510.519 0.235848
-5.18976 0.823288 319.911 -160.943 -1849.23 -0.24279 5.18723 -0.823265 -319.911 -58.3447 460.467 0.24279
-4.72201 0.59481 319.913 -126.174 -1686.61 -0.247583 4.71893 -0.595137 -319.913 -32.2631 422.992 0.247583
-4.1472 0.224749 319.98 -70.7065 -1498.35 -0.249905 4.14419 -0.226014 -319.98 10.7817 388.382 0.249905
-3.5748 -0.268906 320.005 2.47634 -1298.78 -0.249475 3.57218 0.267519 -320.005 69.1653 341.823 0.249475
-3.00287 -0.811162 320.032 82.6487 -1091.49 -0.246111 3.00029 0.810135 -320.032 133.578 287.492 0.246111
-2.40299 -1.29375 320.076 154.623 -878.214 -0.239686 2.40089 1.29218 -320.076 190.163 234.585 0.239686
-1.77531 -1.65765 320.109 209.86 -663.428 -0.230086 1.77287 1.65595 -320.109 231.902 187.691 0.230086
-1.16425 -1.8699 320.138 243.214 -451.928 -0.217247 1.16109 1.86833 -320.138 255.135 139.689 0.217247
-0.634321 -1.90196 320.137 250.222 -257.127 -0.201224 0.632062 1.9004 -320.137 256.667 86.5136 0.201224
-0.0956594 -1.74725 320.153 230.247 -76.1334 -0.182195 0.0945141 1.7463 -320.153 235.476 49.4019 0.182195
0.47996 -1.39462 320.126 181.851 96.2237 -0.160424 -0.481273 1.39396 -320.126 189.909 30.9009 0.160424
0.935261 -0.873648 320.087 108.694 243.723 -0.136255 -0.936225 0.87286 -320.087 124.174 5.07662 0.136255
1.23081 -0.266812 320.083 22.2006 362.912 -0.11013 -1.23131 0.266078 -320.083 48.9141 -35.0783 0.11013
1.43935 0.329825 320.039 -63.226 457.707 -0.0826092 -1.44006 -0.330223 -320.039 -24.6552 -73.9977 0.0826092
1.6193 0.856971 320.001 -138.755 531.739 -0.0543284 -1.6196 -0.857024 -320.001 -89.5967 -99.9226 0.0543284
1.76126 1.27397 320.011 -198.471 584.654 -0.0259698 -1.76105 -1.27382 -320.011 -141.009 -114.929 0.0259698
1.82075 1.55366 320.015 -238.494 614.648 0.00173992 -1.82023 -1.55315 -320.015 -175.493 -129.02 -0.00173992
1.77656 1.68954 320.011 -257.974 622.558 0.0280289 -1.7755 -1.68885 -320.011 -192.21 -148.733 -0.0280289
1.66777 1.68573 320.031 -257.425 614.932 0.0521131 -1.6665 -1.685 -320.031 -191.737 -170.115 -0.0521131
1.53406 1.54835 320.055 -237.67 597.63 0.0732479 -1.53308 -1.54769 -320.055 -174.88 -188.421 -0.0732479
1.33819 1.28547 320.058 -199.91 566.486 0.090762 -1.33899 -1.2851 -320.058 -142.606 -209.284 -0.090762
1.00971 0.92177 320.062 -147.722 509.878 0.104058 -1.01257 -0.921309 -320.062 -97.8343 -240.027 -0.104058
0.605079 0.528634 320.07 -91.4759 426.99 0.112611 -0.608502 -0.527819 -320.07 -49.2377 -265.053 -0.112611
0.27283 0.172058 320.068 -40.7515 328.976 0.116016 -0.276663 -0.172 -320.068 -5.01274 -255.766 -0.116016
0.0196759 -0.147318 320.066 4.39237 217.4 0.114031 -0.0237892 0.146842 -320.066 34.9071 -211.934 -0.114031
-0.265471 -0.436038 320.088 44.3459 85.6224 0.106575 0.262457 0.435391 -320.088 71.896 -156.676 -0.106575
-0.622652 -0.676242 320.083 76.7053 -63.852 0.0936768 0.619946 0.675549 -320.083 103.564 -102.857 -0.0936768
-1.0237 -0.817478 320.074 94.9066 -223.85 0.0754758 1.02163 0.817358 -320.074 123.093 -50.2724 -0.0754758
-1.45438 -0.771436 320.124 85.7915 -392.141 0.0522745 1.4515 0.772056 -320.124 120.04 2.88937 -0.0522745
-1.91304 -0.491937 320.139 43.1173 -566.513 0.0245468 1.90961 0.49239 -320.139 88.1951 54.6315 -0.0245468
-2.36167 -0.0580259 320.133 -21.4462 -740.546 -0.00710832 2.35825 0.0578588 -320.133 37.018 108.626 0.00710832
-2.73458 0.387521 320.164 -87.4977 -906.275 -0.0419922 2.73181 -0.387669 -320.164 -15.6875 174.407 0.0419922
-3.00822 0.729806 320.194 -138.631 -1057.49 -0.0793002 3.00689 -0.730054 -320.194 -55.8012 252.048 0.0793002
-3.18233 0.891232 320.178 -163.187 -1185.44 -0.118111 3.18261 -0.891262 -320.178 -74.2419 332.972 0.118111
-3.28772 0.883181 320.162 -162.992 -1283.65 -0.157396 3.28907 -0.882349 -320.162 -72.172 402.629 0.157396
-3.39062 0.780479 320.183 -148.766 -1353.66 -0.196066 3.39175 -0.779364 -320.183 -58.9821 445.033 0.196066
-3.46963 0.670504 320.16 -133.188 -1391.17 -0.233022 3.47142 -0.668964 -320.16 -45.1868 461.282 0.233022
-3.39554 0.597876 320.106 -122.601 -1383.55 -0.267163 3.3978 -0.596658 -320.106 -36.4569 473.345 0.267163
-3.11647 0.529621 320.081 -112.267 -1325.79 -0.297387 3.1189 -0.529586 -320.081 -28.7555 490.05 0.297387
-2.73867 0.416306 320.071 -95.0145 -1228.24 -0.322627 2.74122 -0.415616 -320.071 -15.7179 493.378 0.322627
-2.36306 0.315193 320.039 -78.9907 -1102.94 -0.341953 2.36596 -0.313905 -320.039 -4.71355 468.453 0.341953
-1.93995 0.323077 319.994 -78.3726 -947.031 -0.354615 1.9432 -0.321942 -319.994 -7.45917 425.68 0.354615
-1.42509 0.467055 320.005 -97.0565 -761.72 -0.360017 1.42781 -0.465952 -320.005 -27.1645 378.151 0.360017
-0.84917 0.719862 319.987 -131.3 -553.38 -0.357712 0.851097 -0.719066 -319.987 -60.3564 323.963 0.357712
-0.292592 1.00945 319.956 -170.413 -335.53 -0.347481 0.294325 -1.00897 -319.956 -98.4851 255.07 0.347481
0.232179 1.24148 319.983 -200.686 -116.756 -0.329408 -0.231277 -1.2417 -319.983 -130.165 176.874 0.329408
0.738218 1.31023 319.999 -208.013 95.2166 -0.303843 -0.73801 -1.31129 -319.999 -141.284 100.456 0.303843
1.253 1.15781 320.009 -184.035 301.44 -0.271351 -1.25235 -1.15862 -320.009 -124.603 31.9286 0.271351
1.76253 0.852931 320.026 -138.568 495.731 -0.232713 -1.76138 -0.852924 -320.026 -88.6982 -26.1203 0.232713
2.21209 0.531796 320.039 -90.668 670.99 -0.188955 -2.21122 -0.532038 -320.039 -51.0348 -81.0626 0.188955
2.5361 0.284881 320.073 -53.7848 820.119 -0.141316 -2.53494 -0.285368 -320.073 -22.1368 -143.464 0.141316
2.75683 0.118288 320.082 -28.4049 942.641 -0.0912055 -2.7553 -0.119366 -320.082 -3.19212 -206.85 0.0912055
2.9604 0.00831098 320.061 -11.0608 1047.33 -0.0401353 -2.95875 -0.00942958 -320.061 8.77054 -257.008 0.0401353
3.12845 -0.0492702 320.063 -1.7236 1131.02 0.0103624 -3.12672 0.0483693 -320.063 14.8091 -295.679 -0.0103624
3.21278 -0.069561 320.058 1.98963 1190 0.0587592 -3.21089 0.068255 -320.058 16.449 -332.029 -0.0587592
3.19599 -0.0953201 320.022 6.21158 1223.74 0.103557 -3.19433 0.0937993 -320.022 19.0639 -370.08 -0.103557
3.10412 -0.172664 320.01 17.598 1234.94 0.143377 -3.10271 0.170983 -320.01 28.2725 -405.657 -0.143377
2.98624 -0.332854 320.013 40.7174 1228.17 0.177044 -2.98478 0.330709 -320.013 47.7917 -430.293 -0.177044
2.8884 -0.608554 320.008 80.334 1209.36 0.203635 -2.88644 0.605966 -320.008 81.6071 -437.656 -0.203635
2.80445 -0.997895 320.019 136.234 1181.11 0.222492 -2.80224 0.99548 -320.019 129.513 -431.887 -0.222492
2.67353 -1.43073 320.055 198.399 1140.14 0.233207 -2.67142 1.42863 -320.055 182.766 -425.897 -0.233207
2.48683 -1.81053 320.082 252.796 1087.54 0.235622 -2.48441 1.80838 -320.082 229.604 -423.212 -0.235622
2.31723 -2.07108 320.105 289.927 1031.66 0.229845 -2.31476 2.06902 -320.105 261.937 -412.68 -0.229845
2.17806 -2.16077 320.131 302.251 973.603 0.216258 -2.17678 2.15902 -320.131 273.564 -391.709 -0.216258
2.00867 -2.04168 320.129 284.266 905.918 0.195463 -2.00761 2.04023 -320.129 259.846 -369.318 -0.195463
1.83583 -1.71421 320.133 235.977 830.31 0.168212 -1.83435 1.71296 -320.133 220.873 -340.031 -0.168212
1.73307 -1.22593 320.133 164.524 755.246 0.135389 -1.73155 1.22498 -320.133 162.214 -292.587 -0.135389
1.65996 -0.639791 320.108 79.1226 678.176 0.098014 -1.6585 0.63926 -320.108 91.4323 -235.24 -0.098014
1.53299 -0.0109477 320.079 -12.6595 592.518 0.0572056 -1.53142 0.0109063 -320.079 15.6585 -183.696 -0.0572056
1.36046 0.602478 320.059 -102.148 499.587 0.0141122 -1.35873 -0.602142 -320.059 -58.3142 -137.035 -0.0141122
1.20077 1.1442 320.029 -181.164 405.454 -0.0301207 -1.19903 -1.14369 -320.029 -123.674 -85.7411 0.0301207
1.05943 1.55604 320.017 -241.379 311.234 -0.0743493 -1.05797 -1.55538 -320.017 -173.216 -29.4413 0.0743493
0.889353 1.80823 320.006 -278.674 212.641 -0.117445 -0.887928 -1.80727 -320.006 -203.101 23.5342 0.117445
0.689761 1.88284 319.991 -290.457 110.512 -0.158333 -0.687966 -1.88228 -319.991 -211.257 72.1228 0.158333
0.510089 1.75247 320.015 -272.693 12.3786 -0.196026 -0.508006 -1.75226 -320.015 -194.312 122.036 0.196026
0.350855 1.45186 320.035 -230.391 -79.7421 -0.229653 -0.348563 -1.45077 -320.035 -156.365 171.405 0.229653
0.172528 1.14328 320.043 -187.167 -168.725 -0.258454 -0.16992 -1.14103 -320.043 -117.175 212.556 0.258454
-0.0228371 1.00733 320.047 -168.842 -251.829 -0.281795 0.02566 -1.00497 -320.047 -99.2441 243.33 0.281795
-0.20269 1.09203 320.056 -182.156 -323.733 -0.299211 0.2057 -1.09033 -320.056 -108.593 267.081 0.299211
-0.342732 1.32993 320.043 -217.25 -379.912 -0.310412 0.346067 -1.32826 -320.043 -136.915 285.742 0.310412
-0.439734 1.63548 320.014 -261.851 -417.486 -0.315263 0.443393 -1.63406 -320.014 -173.792 297.321 0.315263
-0.507726 1.92315 319.996 -303.534 -435.717 -0.313784 0.511316 -1.92193 -319.996 -208.818 297.402 0.313784
-0.587664 2.11526 319.977 -331.218 -438.511 -0.306163 0.590239 -2.1143 -319.977 -232.376 279.049 0.306163
-0.688174 2.16453 319.955 -338.197 -429.056 -0.292766 0.690428 -2.16374 -319.955 -238.555 242.923 0.292766
-0.727845 2.0692 319.95 -324.071 -401.446 -0.274106 0.73007 -2.06834 -319.95 -227.26 204.862 0.274106
-0.653178 1.86909 319.953 -294.512 -351.453 -0.250806 0.655058 -1.86836 -319.953 -203.498 174.969 0.250806
-0.529304 1.61588 319.956 -257.023 -286.145 -0.223577 0.530939 -1.61529 -319.956 -173.512 142.898 0.223577
-0.416085 1.35623 319.959 -218.398 -211.895 -0.19324 0.417863 -1.35576 -319.959 -142.944 99.031 0.19324
-0.283576 1.12887 319.973 -184.384 -127.12 -0.160707 0.285246 -1.12852 -319.973 -116.374 49.8466 0.160707
-0.0791074 0.948443 319.995 -157.143 -28.3265 -0.126916 0.0808226 -0.948348 -319.995 -95.5576 5.82958 0.126916
0.209685 0.792947 320 -133.161 85.4521 -0.0927708 -0.207831 -0.793302 -320 -78.1547 -30.6897 0.0927708
0.551487 0.588904 320.026 -102.519 211.223 -0.0591328 -0.54957 -0.590461 -320.026 -54.5708 -65.0443 0.0591328
0.903323 0.229805 320.06 -49.5061 342.708 -0.0268192 -0.901225 -0.231625 -320.06 -11.901 -102.441 0.0268192
1.26784 -0.283607 320.089 25.7686 478.11 0.00340973 -1.2657 0.282422 -320.089 49.7601 -140.348 -0.00340973
1.64673 -0.841758 320.111 107.672 614.279 0.0308904 -1.64484 0.840688 -320.111 116.648 -175.159 -0.0308904
2.01851 -1.30658 320.157 176.029 745.625 0.0551041 -2.01661 1.30597 -320.157 172.253 -207.09 -0.0551041
2.37625 -1.57728 320.184 216.309 868.822 0.0756754 -2.37421 1.57645 -320.184 204.097 -234.658 -0.0756754
2.70546 -1.64709 320.192 227.523 979.278 0.0923355 -2.70346 1.64517 -320.192 211.343 -257.1 -0.0923355
2.98205 -1.59497 320.164 220.943 1072.31 0.104913 -2.97983 1.5929 -320.164 204.008 -276.222 -0.104913
3.198 -1.49191 320.154 206.788 1145.95 0.113352 -3.19559 1.48957 -320.154 190.653 -292.146 -0.113352
3.35826 -1.38695 320.152 192.039 1200.35 0.117731 -3.35568 1.38453 -320.152 177.412 -303.721 -0.117731
3.46146 -1.31062 320.122 181.324 1235.54 0.118239 -3.45852 1.30851 -320.122 167.821 -311.368 -0.118239
3.51474 -1.25941 320.106 174.13 1253.35 0.115142 -3.51137 1.25741 -320.106 161.38 -314.99 -0.115142
3.51749 -1.22253 320.106 168.835 1255.36 0.108747 -3.51394 1.22064 -320.106 156.858 -316.285 -0.108747
3.44859 -1.17722 320.093 162.165 1240.58 0.0993977 -3.44525 1.17585 -320.093 151.52 -319.862 -0.0993977
3.31025 -1.07889 320.078 147.675 1209.89 0.0874617 -3.30676 1.07785 -320.078 139.844 -326.119 -0.0874617
3.14089 -0.89243 320.077 120.418 1167.66 0.0733195 -3.1376 0.891724 -320.077 117.444 -329.086 -0.0733195
2.9585 -0.598233 320.067 77.4601 1116.27 0.05734 -2.95543 0.598 -320.067 82.0456 -326.389 -0.05734
2.74801 -0.193017 320.045 18.2598 1054.91 0.0398679 -2.74533 0.192986 -320.045 33.2606 -321.214 -0.0398679
2.49743 0.295085 320.025 -53.2446 982.294 0.0212184 -2.49511 -0.295051 -320.025 -25.3317 -315.494 -0.0212184
2.23496 0.805823 320.009 -127.982 902.253 0.00167829 -2.2332 -0.805621 -320.009 -86.7115 -305.515 -0.00167829
1.96616 1.26926 319.969 -195.846 814.49 -0.0184784 -1.96512 -1.26944 -319.969 -142.429 -289.506 0.0184784
1.70485 1.60286 319.949 -244.995 719.64 -0.0389814 -1.70368 -1.60318 -319.949 -182.22 -264.557 0.0389814
1.48147 1.75647 319.936 -267.992 621.364 -0.0595698 -1.48051 -1.75666 -319.936 -200.15 -226.054 0.0595698
1.29469 1.73516 319.933 -265.784 522.446 -0.0799888 -1.29331 -1.73536 -319.933 -196.676 -177.262 0.0799888
1.14958 1.55915 319.927 -241.073 426.055 -0.099981 -1.1465 -1.55945 -319.927 -174.481 -120.068 0.099981
1.09828 1.26489 319.948 -199.1 344.557 -0.119278 -1.09391 -1.26507 -319.948 -137.999 -52.6924 0.119278
1.09824 0.92048 319.978 -149.909 280.074 -0.137582 -1.09345 -0.920366 -319.978 -95.3433 11.4855 0.137582
1.06194 0.590017 319.996 -102.724 227.638 -0.154567 -1.05698 -0.590085 -319.996 -54.4634 54.0446 0.154567
0.992348 0.289385 320.019 -59.6572 187.211 -0.169909 -0.987832 -0.289792 -320.019 -17.4386 75.8604 0.169909
0.969692 0.0160886 320.05 -20.4977 164.11 -0.183275 -0.965552 -0.0164397 -320.05 16.2597 92.895 0.183275
1.05106 -0.212983 320.065 12.4056 161.148 -0.19429 -1.04652 0.212721 -320.065 44.4297 117.446 0.19429
1.21172 -0.362334 320.069 34.0544 175.273 -0.202549 -1.20711 0.362118 -320.069 62.5976 146.118 0.202549
1.35964 -0.400682 320.079 39.8609 198.063 -0.207681 -1.35479 0.400436 -320.079 67.0082 162.746 0.207681
1.4412 -0.314831 320.078 27.7965 224.31 -0.209379 -1.43641 0.314457 -320.078 56.1704 158.31 0.209379
1.49061 -0.124843 320.066 0.575469 256.387 -0.207403 -1.48607 0.124139 -320.066 32.7037 139.534 0.207403
1.56094 0.116274 320.047 -33.9327 297.184 -0.201568 -1.5565 -0.117075 -320.047 2.92616 117.619 0.201568
1.6673 0.354747 320.037 -67.9234 346.847 -0.191772 -1.66309 -0.35562 -320.037 -26.6612 96.4745 0.191772
1.76348 0.538357 320.026 -94.0085 399.861 -0.178048 -1.75961 -0.53948 -320.026 -49.5535 69.2964 0.178048
1.8104 0.600396 320.019 -102.624 451.177 -0.160602 -1.80663 -0.601961 -320.019 -57.5351 30.6681 0.160602
1.85634 0.490256 320.024 -86.2719 505.151 -0.139804 -1.85198 -0.491777 -320.024 -44.524 -10.9625 0.139804
1.95795 0.224603 320.039 -47.3224 567.843 -0.116146 -1.95375 -0.225793 -320.039 -12.6187 -46.3655 0.116146
2.07141 -0.126221 320.058 4.04665 635.229 -0.0902241 -2.06741 0.125116 -320.058 29.5368 -83.2862 0.0902241
2.13459 -0.462867 320.077 53.4161 700.488 -0.0627686 -2.13072 0.462493 -320.077 69.9987 -131.478 0.0627686
2.17128 -0.665928 320.102 83.3242 764.94 -0.034641 -2.16772 0.665999 -320.102 94.2761 -185.895 0.034641
2.23313 -0.645854 320.105 81.049 831.23 -0.00676519 -2.22975 0.646228 -320.105 91.2391 -235.462 0.00676519
2.33552 -0.362718 320.108 40.9503 899.478 0.0199576 -2.33231 0.363594 -320.108 55.9306 -276.19 -0.0199576
2.46624 0.191191 320.084 -38.2218 968.313 0.0446885 -2.46238 -0.189836 -320.084 -12.4842 -310.072 -0.0446885
2.62347 0.960715 320.057 -148.524 1039.41 0.0666586 -2.61933 -0.959667 -320.057 -107.348 -339.103 -0.0666586
2.76947 1.77899 320.043 -265.479 1109.31 0.0851959 -2.76567 -1.77883 -320.043 -208.632 -369.849 -0.0851959
2.90282 2.45104 320.009 -361.497 1178.37 0.0997736 -2.89875 -2.45087 -320.009 -291.754 -403.194 -0.0997736
3.06957 2.84042 319.975 -417.003 1250.11 0.110051 -3.06573 -2.84042 -319.975 -340.066 -430.273 -0.110051
3.27651 2.90477 319.964 -425.572 1322.51 0.115892 -3.27303 -2.9043 -319.964 -348.59 -447.288 -0.115892
3.48657 2.68692 319.963 -393.572 1389.09 0.117346 -3.48338 -2.68627 -319.963 -322.496 -457.691 -0.117346
3.6654 2.27216 319.965 -333.322 1443.63 0.114595 -3.66283 -2.27146 -319.965 -272.183 -464.367 -0.114595
3.7873 1.75444 319.961 -258.363 1478.65 0.107929 -3.78527 -1.75367 -319.961 -209.131 -466.754 -0.107929
3.85336 1.20367 319.963 -178.841 1489.62 0.0977467 -3.85203 -1.20361 -319.963 -141.936 -460.016 -0.0977467
3.85675 0.650556 319.961 -99.1241 1471.47 0.0845285 -3.85606 -0.65066 -319.961 -74.2371 -440.943 -0.0845285
3.77299 0.131892 319.95 -24.697 1418.67 0.0687817 -3.77279 -0.132126 -319.95 -10.4264 -410.557 -0.0687817
3.59917 -0.315256 319.948 39.0508 1330.05 0.0509931 -3.59879 0.31458 -319.948 44.9596 -368.541 -0.0509931
3.34705 -0.676786 319.972 89.8713 1208.25 0.0316086 -3.34689 0.675797 -319.972 90.4698 -314.249 -0.0316086
2.98236 -0.958257 319.986 128.776 1050.31 0.0110306 -2.98248 0.956994 -319.986 126.562 -253.891 -0.0110306
2.49651 -1.14617 319.982 153.703 857.336 -0.0103811 -2.49601 1.14493 -319.982 151.731 -190.996 0.0103811
1.98244 -1.22312 320.067 162.994 645.425 -0.0323122 -1.98141 1.22201 -320.067 162.975 -116.731 0.0323122
1.45445 -1.16915 320.061 153.209 422.225 -0.0544894 -1.45334 1.1679 -320.061 158.36 -34.8669 0.0544894
0.867708 -0.988621 320.043 124.734 189.915 -0.0766688 -0.866219 0.987826 -320.043 138.782 40.3908 0.0766688
0.24871 -0.67653 320.143 76.6273 -42.3186 -0.0986269 -0.24679 0.676233 -320.143 103.773 106.971 0.0986269
-0.349186 -0.253616 320.16 12.5028 -266.541 -0.120139 0.351405 0.253441 -320.16 55.19 171.206 0.120139
-0.908276 0.220132 320.141 -58.6431 -477.231 -0.140961 0.910274 -0.220008 -320.141 0.101698 232.362 0.140961
-1.44307 0.669124 320.16 -125.448 -668.911 -0.160824 1.44458 -0.668677 -320.16 -52.7274 281.075 0.160824
-1.95595 1.01923 320.176 -177.582 -840.181 -0.179433 1.95733 -1.01913 -320.176 -93.9592 315.232 0.179433
-2.3963 1.17401 320.152 -201.437 -985.391 -0.196464 2.39751 -1.17423 -320.152 -111.4 342.733 0.196464
-2.7049 1.06863 320.141 -187.524 -1096.9 -0.211565 2.70647 -1.06878 -320.141 -97.2098 371.654 0.211565
-2.87601 0.715386 320.129 -137.593 -1170.22 -0.224344 2.87784 -0.715718 -320.129 -53.0013 399.128 0.224344
-2.9861 0.185511 320.115 -61.9669 -1210.59 -0.234395 2.98726 -0.185851 -320.115 12.6167 410.134 0.234395
-3.09587 -0.416322 320.116 24.447 -1224.8 -0.241356 3.09655 0.415956 -320.116 86.6244 395.133 0.241356
-3.12694 -0.965502 320.103 103.625 -1207.44 -0.244943 3.12779 0.965019 -320.103 153.82 369.542 0.244943
-2.9771 -1.35842 320.082 160.693 -1150.65 -0.244942 2.97779 1.35794 -320.082 201.486 352.865 0.244942
-2.67783 -1.51687 320.081 184.511 -1058.53 -0.241209 2.67879 1.51655 -320.081 219.922 340.686 0.241209
-2.33181 -1.39819 320.075 168.806 -942.009 -0.233717 2.33323 1.39794 -320.075 203.997 316.622 0.233717
-1.97304 -1.01466 320.053 115.423 -805.799 -0.222611 1.97445 1.01446 -320.053 155.148 276.406 0.222611
-1.57664 -0.421007 320.042 31.8105 -649.339 -0.208188 1.57783 0.421026 -320.042 80.5408 226.059 0.208188
-1.10645 0.293044 320.025 -69.0918 -471.53 -0.190838 1.10774 -0.292945 -320.025 -8.8892 174.032 0.190838
-0.560434 0.990779 320.024 -166.975 -276.148 -0.170998 0.562119 -0.991228 -320.024 -97.0736 124.634 0.170998
0.0423582 1.51745 320.005 -239.889 -68.7289 -0.149169 -0.0402852 -1.51815 -320.005 -164.591 78.3585 0.149169
0.638988 1.76781 320.03 -273.549 143.43 -0.125929 -0.637105 -1.76845 -320.03 -197.664 25.7948 0.125929
1.16957 1.71291 320.039 -263.761 353.317 -0.10189 -1.16795 -1.71363 -320.039 -192.835 -42.0875 0.10189
1.64362 1.37996 320.047 -214.144 554.487 -0.0776393 -1.64184 -1.38087 -320.047 -153.729 -116.386 0.0776393
2.15526 0.838767 320.078 -134.192 752.448 -0.0536778 -2.15351 -0.839688 -320.078 -89.4284 -177.464 0.0536778
2.67871 0.221031 320.128 -43.0795 940.96 -0.0304287 -2.67709 -0.22166 -320.128 -15.8442 -225.976 0.0304287
3.11813 -0.326644 320.131 38.072 1107.98 -0.00827992 -3.11656 0.326101 -320.131 48.9982 -275.447 0.00827992
3.42193 -0.678159 320.121 90.2341 1242.81 0.0123991 -3.42052 0.677748 -320.121 90.5493 -328.925 -0.0123991
3.65816 -0.773406 320.109 105.096 1350.85 0.0312927 -3.65691 0.773206 -320.109 101.101 -373.687 -0.0312927
3.85727 -0.599752 320.08 80.7292 1432.32 0.0481798 -3.85622 0.599584 -320.08 79.1818 -401.847 -0.0481798
3.97038 -0.215783 320.019 25.6809 1479.79 0.0629037 -3.97018 0.215593 -320.019 31.8759 -418.927 -0.0629037
3.92746 0.265694 319.956 -43.7812 1482.87 0.0752979 -3.92778 -0.266304 -319.956 -27.0598 -433.35 -0.0752979
3.74267 0.689257 319.916 -105.277 1440.27 0.0851649 -3.74347 -0.690353 -319.916 -78.5316 -440.008 -0.0851649
3.47428 0.917333 319.891 -138.839 1357.02 0.0923127 -3.47544 -0.918498 -319.891 -105.773 -428.435 -0.0923127
3.13797 0.887835 319.881 -135.423 1235.56 0.0965832 -3.13893 -0.888997 -319.881 -101.322 -396.937 -0.0965832
2.72465 0.617324 319.931 -98.3061 1079.68 0.0978392 -2.72584 -0.618699 -319.931 -66.356 -351.592 -0.0978392
2.16376 0.147238 320.006 -32.7728 883.188 0.095927 -2.1649 -0.148466 -320.006 -6.55877 -305.084 -0.095927
1.50272 -0.423564 320.038 47.741 657.618 0.090677 -1.50372 0.422585 -320.038 65.1176 -256.272 -0.090677
0.82045 -0.957435 320.119 122.786 416.424 0.0819542 -0.821422 0.956595 -320.119 132.405 -197.535 -0.0819542
0.158378 -1.3441 320.158 175.982 169.183 0.0697006 -0.159056 1.34347 -320.158 182.314 -127.44 -0.0697006
-0.473884 -1.54018 320.223 200.652 -75.7785 0.053935 0.473463 1.53913 -320.223 209.863 -51.6906 -0.053935
-1.10386 -1.58928 320.241 204.385 -317.691 0.0347392 1.10359 1.58808 -320.241 219.207 21.6452 -0.0347392
-1.71917 -1.54437 320.276 194.827 -552.266 0.0122616 1.71925 1.54345 -320.276 216.838 91.5581 -0.0122616
-2.23585 -1.43876 320.256 176.731 -761.404 -0.0132548 2.23646 1.43774 -320.256 206.778 162.344 0.0132548
-2.61316 -1.31619 320.248 156.647 -936.576 -0.0414392 2.61463 1.31532 -320.248 194.215 236.331 0.0414392
-2.90117 -1.18947 320.228 136.68 -1079.65 -0.0717863 2.90264 1.18897 -320.228 180.458 302.232 0.0717863
-3.13583 -1.0559 320.2 116.248 -1189.64 -0.103682 3.13743 1.0552 -320.2 165.262 349.35 0.103682
-3.29824 -0.931397 320.168 97.6938 -1263.12 -0.136425 3.29972 0.930467 -320.168 150.601 379.352 0.136425
-3.34147 -0.827797 320.141 82.5532 -1295.81 -0.169212 3.34274 0.827018 -320.141 138.147 400.445 0.169212
-3.24767 -0.721411 320.119 67.4147 -1287.35 -0.20114 3.24896 0.720726 -320.119 124.94 416.98 0.20114
-3.03659 -0.577491 320.095 47.2426 -1241.01 -0.23124 3.03791 0.576934 -320.095 106.765 426.979 0.23124
-2.74715 -0.349624 320.069 15.3583 -1162.2 -0.258544 2.74875 0.349808 -320.069 78.0055 425.447 0.258544
-2.40219 0.0161863 320.053 -35.8497 -1055.34 -0.282143 2.40396 -0.0155434 -320.053 31.7606 410.77 0.282143
-1.98872 0.526891 320.017 -107.615 -920.66 -0.30122 1.99082 -0.526346 -320.017 -32.626 386.586 0.30122
-1.50305 1.1211 320.01 -191.492 -761.2 -0.315053 1.50532 -1.12033 -320.01 -107.114 356.954 0.315053
-0.964718 1.68559 319.966 -270.892 -580.205 -0.323044 0.966747 -1.68515 -319.966 -178.236 319.935 0.323044
-0.452423 2.09038 319.945 -327.196 -390.22 -0.324763 0.453638 -2.09034 -319.945 -229.891 267.104 0.324763
0.0328256 2.22289 319.961 -343.39 -196.153 -0.319999 -0.0314457 -2.22283 -319.961 -249.023 202.871 0.319999
0.557205 2.07041 319.944 -318.776 1.13751 -0.308755 -0.555741 -2.07052 -319.944 -233.021 145.853 0.308755
1.12781 1.66476 319.984 -258.267 199.868 -0.291207 -1.1264 -1.66515 -319.984 -185.445 99.7158 0.291207
1.63852 1.08237 319.997 -172.631 387.719 -0.267676 -1.637 -1.08281 -319.997 -115.851 48.4489 0.267676
2.03937 0.44052 320.014 -78.6272 556.575 -0.238677 -2.03747 -0.440949 -320.014 -38.7668 -13.166 0.238677
2.37788 -0.126664 320.028 4.74115 708.459 -0.204935 -2.37583 0.126088 -320.028 29.0287 -74.432 0.204935
2.67682 -0.512489 320.069 61.5723 844.248 -0.167303 -2.67529 0.511844 -320.069 75.0301 -130.108 0.167303
2.87408 -0.665529 320.076 84.9196 953.866 -0.1267 -2.87302 0.664838 -320.076 92.4674 -186.773 0.1267
2.92165 -0.580959 320.045 73.7307 1028.78 -0.0841454 -2.9221 0.580171 -320.045 81.0982 -248.557 0.0841454
2.81745 -0.311086 320.022 35.2824 1062.61 -0.0407775 -2.81895 0.310215 -320.022 47.5977 -309.853 0.0407775
2.6691 0.0558643 320.018 -17.5461 1062.8 0.00219897 -2.66984 -0.0565723 -320.018 2.6342 -349.624 -0.00219897
2.56511 0.44402 320.002 -73.8074 1039.71 0.0435951 -2.56581 -0.444289 -320.002 -44.5112 -354.291 -0.0435951
2.41388 0.797296 319.981 -125.539 988.378 0.0822938 -2.41448 -0.797465 -319.981 -86.9324 -343.404 -0.0822938
2.10226 1.0505 319.981 -162.986 902.867 0.117232 -2.10285 -1.05062 -319.981 -116.971 -341.131 -0.117232
1.6609 1.15546 319.983 -179.173 788.552 0.147381 -1.66167 -1.15544 -319.983 -128.741 -344.664 -0.147381
1.20794 1.09617 320.002 -171.779 658.098 0.171836 -1.20911 -1.09613 -320.002 -120.324 -335.173 -0.171836
0.81522 0.87691 320.036 -141.271 520.786 0.189912 -0.816299 -0.877075 -320.036 -92.4106 -302.888 -0.189912
0.45614 0.50147 320.054 -88.1847 377.227 0.201134 -0.457038 -0.502113 -320.054 -45.4809 -255.439 -0.201134
0.0638111 -0.00901661 320.085 -15.6872 224.771 0.205163 -0.0649065 0.00830592 -320.085 18.0905 -207.928 -0.205163
-0.385728 -0.567104 320.168 62.8526 64.8141 0.201799 0.384448 0.566845 -320.168 88.3792 -168.177 -0.201799
-0.839367 -1.05748 320.188 131.088 -95.9457 0.191028 0.837952 1.05744 -320.188 150.893 -128.728 -0.191028
-1.23808 -1.38424 320.196 175.941 -251.167 0.173047 1.23621 1.38432 -320.196 193.163 -80.1392 -0.173047
-1.60739 -1.49381 320.266 189.662 -405.272 0.148233 1.6052 1.49423 -320.266 208.698 -24.8445 -0.148233
-1.96668 -1.35433 320.261 167.439 -556.876 0.117104 1.96418 1.35493 -320.261 193.771 30.6267 -0.117104
-2.32551 -1.01889 320.225 117.136 -704.536 0.0802778 2.32263 1.01886 -320.225 154.581 82.2973 -0.0802778
-2.64871 -0.616959 320.25 57.4721 -843.824 0.038506 2.64562 0.616527 -320.25 107.057 135.081 -0.038506
-2.9216 -0.272337 320.225 6.24006 -974.165 -0.00729519 2.91834 0.271987 -320.225 66.4423 192.334 0.00729519
-3.14407 -0.0375828 320.196 -28.9533 -1096.17 -0.0560669 3.1409 0.0372983 -320.196 39.0729 254.668 0.0560669
-3.31956 0.0926135 320.186 -48.8921 -1207.03 -0.106668 3.31635 -0.0924827 -320.186 24.366 318.426 0.106668
-3.49798 0.157252 320.186 -59.0563 -1311.68 -0.157903 3.49451 -0.157108 -320.186 17.3052 375.243 0.157903
-3.68985 0.199709 320.178 -66.0439 -1411.02 -0.208544 3.6861 -0.199524 -320.178 12.9841 423.193 0.208544
-3.87135 0.268814 320.18 -76.9579 -1503.8 -0.257339 3.86749 -0.26798 -320.18 5.56776 467.35 0.257339
-4.0138 0.402058 320.161 -96.9896 -1587.67 -0.303042 4.00974 -0.40148 -320.161 -9.94887 513.022 0.303042
-4.14394 0.54834 320.162 -119.093 -1665.12 -0.344446 4.13963 -0.548848 -320.162 -26.9798 555.591 0.344446
-4.30624 0.59946 320.173 -127.25 -1740.85 -0.380466 4.30173 -0.599704 -320.173 -32.4109 587.876 0.380466
-4.49587 0.526681 320.151 -117.549 -1814.05 -0.41018 4.49127 -0.52678 -320.151 -22.6901 610.357 0.41018
-4.66989 0.344939 320.146 -92.0721 -1880.28 -0.432816 4.6653 -0.345205 -320.146 0.25867 630.023 0.432816
-4.81534 0.0899003 320.157 -55.9385 -1937.83 -0.447757 4.81062 -0.0896623 -320.157 32.1774 648.676 0.447757
-4.95985 -0.147634 320.152 -22.2405 -1988.35 -0.454583 4.95507 0.148442 -320.152 61.8741 660.557 0.454583
-5.11831 -0.266587 320.143 -5.50836 -2032.38 -0.453109 5.11356 0.267465 -320.143 76.8607 662.248 0.453109
-5.26596 -0.214991 320.137 -13.164 -2066.78 -0.443407 5.26117 0.216001 -320.137 70.7809 657.236 0.443407
-5.37374 0.0219443 320.115 -47.254 -2087.64 -0.425786 5.36891 -0.0206507 -320.115 41.7511 649.346 0.425786
-5.43875 0.439935 320.086 -107.17 -2093.62 -0.400772 5.43412 -0.438353 -320.086 -9.71509 637.982 0.400772
-5.46287 0.97414 320.058 -183.69 -2083.43 -0.369107 5.45849 -0.973118 -320.058 -75.6692 621.376 0.369107
-5.44686 1.49378 320.027 -257.982 -2055.62 -0.331738 5.44258 -1.49283 -320.027 -139.903 597.914 0.331738
-5.3913 1.88135 320 -313.224 -2009.42 -0.28979 5.38734 -1.88024 -320 -187.953 566.63 0.28979
-5.2826 2.06412 319.98 -339.064 -1942.81 -0.244506 5.27888 -2.06321 -319.98 -210.861 529.159 0.244506
-5.11358 1.99426 319.968 -328.54 -1854.6 -0.197191 5.10993 -1.99334 -319.968 -202.763 486.249 0.197191
-4.88825 1.6713 319.984 -281.337 -1744.79 -0.149169 4.88482 -1.67031 -319.984 -163.873 436.772 0.149169
-4.6247 1.15736 320.028 -206.302 -1616 -0.101744 4.62093 -1.1563 -320.028 -101.907 378.63 0.101744
-4.34783 0.547985 320.054 -117.062 -1473.48 -0.0561599 4.34338 -0.54685 -320.054 -28.7075 310.404 0.0561599
-4.05314 -0.0337926 320.091 -31.8901 -1321.92 -0.0135564 4.04876 0.0349377 -320.091 41.196 237.807 0.0135564
-3.6845 -0.498051 320.132 36.4563 -1159.39 0.0250719 3.68 0.499048 -320.132 96.5777 173.996 -0.0250719
-3.25543 -0.804823 320.137 82.5956 -990.206 0.0589045 3.2506 0.805211 -320.137 132.124 119.667 -0.0589045
-2.83333 -0.963321 320.158 107.673 -825.064 0.0872845 2.82902 0.963262 -320.158 149.23 67.4076 -0.0872845
-2.39552 -1.00377 320.153 115.508 -660.948 0.109697 2.39158 1.00357 -320.153 152.152 20.3723 -0.109697
-1.92641 -0.952279 320.147 110.266 -495.738 0.125791 1.92238 0.951989 -320.147 143.652 -19.3728 -0.125791
-1.4975 -0.791328 320.14 89.147 -341.282 0.135405 1.49332 0.791798 -320.14 121.965 -59.0937 -0.135405
-1.12515 -0.477452 320.129 46.1182 -204.53 0.138533 1.12108 0.478443 -320.129 81.3912 -96.2551 -0.138533
-0.761176 0.0140405 320.102 -23.1045 -83.1163 0.135293 0.757456 -0.0131547 -320.102 19.584 -120.393 -0.135293
-0.394239 0.623442 320.072 -109.356 23.8134 0.125936 0.390908 -0.622191 -320.072 -56.5618 -129.319 -0.125936
-0.0808846 1.29199 320.066 -204.705 110.791 0.110858 0.0777242 -1.29046 -320.066 -139.385 -132.6 -0.110858
0.144541 1.91203 320.048 -293.707 174.466 0.0905684 -0.146882 -1.91119 -320.048 -215.754 -136.154 -0.0905684
0.329387 2.32422 320.015 -352.903 220.413 0.065672 -0.330874 -2.32374 -320.015 -266.479 -132.851 -0.065672
0.508954 2.425 320.014 -367.172 254.154 0.0368842 -0.509944 -2.42421 -320.014 -279.033 -118.746 -0.0368842
0.655128 2.21055 320.025 -336.019 275.352 0.00503511 -0.655358 -2.21005 -320.025 -253.062 -101.068 -0.00503511
0.757823 1.71814 320.027 -264.793 285.629 -0.0289632 -0.757317 -1.7179 -320.027 -193.067 -84.0784 0.0289632
0.842312 1.02846 320.041 -165.085 289.781 -0.0641469 -0.841346 -1.02818 -320.041 -108.93 -65.7946 0.0641469
0.88342 0.305162 320.067 -60.6825 285.643 -0.0995093 -0.883367 -0.304275 -320.067 -20.4493 -50.6135 0.0995093
0.835872 -0.234543 320.068 17.0838 266.258 -0.134024 -0.836214 0.236156 -320.068 45.7444 -43.9037 0.134024
0.751209 -0.404236 320.057 41.2677 233.61 -0.166683 -0.751609 0.406055 -320.057 66.8217 -33.9004 0.166683
0.690552 -0.138178 320.04 2.3845 191.31 -0.196532 -0.691592 0.139909 -320.04 34.7742 -7.81073 0.196532
0.604901 0.518942 320.01 -93.095 133.483 -0.222694 -0.606201 -0.516929 -320.01 -44.868 27.0484 0.222694
0.447598 1.46378 319.965 -230.468 56.2895 -0.244416 -0.448253 -1.46152 -319.965 -159.315 62.0149 0.244416
0.248507 2.53422 319.931 -385.898 -34.5887 -0.261117 -0.249164 -2.53207 -319.931 -289.231 99.5788 0.261117
0.00994776 3.52044 319.913 -529.581 -137.935 -0.272372 -0.0105609 -3.51879 -319.913 -408.497 139.058 0.272372
-0.264721 4.22246 319.879 -632.446 -250.383 -0.277904 0.264513 -4.22041 -319.879 -492.704 177.947 0.277904
-0.560726 4.55615 319.885 -681.658 -366.197 -0.277639 0.560249 -4.55344 -319.885 -532.349 214.593 0.277639
-0.91859 4.53296 319.918 -679.457 -488.959 -0.271728 0.917253 -4.53072 -319.918 -528.425 241.774 0.271728
-1.3386 4.17083 319.946 -628.657 -618.563 -0.260516 1.33723 -4.16857 -319.946 -482.691 259.119 0.260516
-1.74489 3.52848 320.006 -537.349 -747.333 -0.244532 1.74363 -3.52625 -320.006 -402.776 279.265 0.244532
-2.09788 2.7197 320.065 -422.19 -868.799 -0.224478 2.09629 -2.71773 -320.065 -302.377 306.375 0.224478
-2.45463 1.8709 320.108 -301.425 -985.767 -0.201192 2.45323 -1.86862 -320.108 -196.841 327.936 0.201192
-2.83522 1.12072 320.154 -194.835 -1096.69 -0.175636 2.83401 -1.11835 -320.154 -103.447 337.135 0.175636
-3.18958 0.577679 320.17 -118.005 -1193.1 -0.148875 3.18832 -0.575416 -320.17 -35.5366 338.884 0.148875
-3.47328 0.286325 320.151 -77.1178 -1268.29 -0.121984 3.47217 -0.284119 -320.151 1.23438 338.271 0.121984
-3.66483 0.230565 320.13 -69.6696 -1317.33 -0.0959722 3.66385 -0.228821 -320.13 8.58889 336.132 0.0959722
-3.77061 0.345661 320.102 -86.4964 -1338.07 -0.0717701 3.76955 -0.344201 -320.102 -5.30197 328.659 0.0717701
-3.81322 0.547795 320.064 -115.579 -1331.55 -0.0502029 3.8119 -0.546545 -320.064 -30.1283 310.854 0.0502029
-3.78461 0.759058 320.034 -145.72 -1297.52 -0.0319406 3.78328 -0.758168 -320.034 -56.3509 284.571 0.0319406
-3.64689 0.91358 320.021 -167.232 -1233.71 -0.0174645 3.64559 -0.912702 -320.021 -76.032 257.644 0.0174645
-3.3909 0.997177 320.02 -178.19 -1140.35 -0.00704309 3.38949 -0.996029 -320.02 -87.3252 232.772 0.00704309
-3.06181 1.02453 320.029 -180.744 -1024.08 -0.000740664 3.06034 -1.02357 -320.029 -92.09 204.519 0.000740664
-2.69066 0.992358 320.069 -174.464 -890.716 0.00153327 2.68949 -0.991819 -320.069 -89.8556 170.384 -0.00153327
-2.25674 0.8797 320.086 -156.55 -740.339 -4.06549e-06 2.25588 -0.879315 -320.086 -77.7645 136.007 4.06549e-06
-1.73609 0.683081 320.097 -126.479 -571.433 -0.00498977 1.73574 -0.682844 -320.097 -55.4489 106.219 0.00498977
-1.1467 0.411001 320.133 -84.9425 -386.057 -0.0129185 1.14697 -0.410969 -320.133 -24.4934 78.2956 0.0129185
-0.549586 0.0925059 320.166 -36.0941 -193.819 -0.0232031 0.550039 -0.0925177 -320.166 11.543 45.65 0.0232031
0.0228349 -0.225547 320.158 12.2516 -1.86019 -0.0352287 -0.0221261 0.225399 -320.158 47.9525 6.70819 0.0352287
0.586097 -0.498372 320.142 54.3101 189.832 -0.0483573 -0.585219 0.49849 -320.142 78.6467 -34.3963 0.0483573
1.16043 -0.641115 320.181 76.6324 380.137 -0.0619211 -1.15941 0.641646 -320.181 94.4243 -71.1761 0.0619211
1.71767 -0.598045 320.126 71.7783 561.862 -0.0752409 -1.71658 0.598596 -320.126 87.796 -103.948 0.0752409
2.21148 -0.345922 320.072 36.7652 726.471 -0.0876716 -2.21029 0.346683 -320.072 55.6275 -136.552 0.0876716
2.62151 0.105635 320.086 -27.3395 869.5 -0.0986495 -2.62023 -0.104794 -320.086 -0.626938 -169.953 0.0986495
2.95208 0.694995 320.045 -111.248 987.978 -0.107703 -2.95056 -0.694533 -320.045 -73.8715 -200.057 0.107703
3.23242 1.32169 319.962 -200.502 1083.72 -0.114432 -3.23042 -1.32125 -319.962 -151.675 -220.912 0.114432
3.4548 1.89069 319.959 -281.416 1155.26 -0.118516 -3.45265 -1.89028 -319.959 -222.438 -233.026 0.118516
3.59286 2.33032 319.942 -344.365 1201.56 -0.119743 -3.59063 -2.33011 -319.942 -276.705 -242.42 0.119743
3.59551 2.56489 319.885 -378.062 1216.29 -0.118037 -3.59396 -2.56478 -319.885 -305.548 -256.302 0.118037
3.47301 2.55551 319.877 -376.833 1198.37 -0.113461 -3.47166 -2.55552 -319.877 -304.292 -271.024 0.113461
3.30609 2.29425 319.908 -339.529 1154.81 -0.106197 -3.30455 -2.29448 -319.908 -271.984 -272.064 0.106197
3.13074 1.8075 319.917 -270.208 1090.65 -0.0965239 -3.12955 -1.80797 -319.917 -211.586 -254.761 0.0965239
2.85987 1.13281 319.937 -174.054 998.349 -0.0848211 -2.85895 -1.13379 -319.937 -127.961 -234.845 0.0848211
2.44996 0.325214 319.974 -58.614 875.633 -0.0716079 -2.4492 -0.326465 -319.974 -28.1623 -221.644 0.0716079
1.95711 -0.503627 320.016 59.9959 729.533 -0.0575223 -1.95658 0.502867 -320.016 74.231 -207.208 0.0575223
1.44898 -1.19371 320.052 158.404 569.231 -0.0432338 -1.44902 1.19303 -320.052 159.784 -182.644 0.0432338
0.911231 -1.625 320.055 219.142 394.893 -0.0293985 -0.911999 1.62419 -320.055 213.997 -151.958 0.0293985
0.327937 -1.74222 320.065 234.079 207.829 -0.0166846 -0.328893 1.74166 -320.065 230.346 -120.788 0.0166846
-0.255871 -1.5296 320.101 200.702 15.2023 -0.00577057 0.254701 1.52925 -320.101 207.081 -84.2149 0.00577057
-0.806818 -1.02577 320.079 125.44 -177.51 0.00271743 0.80531 1.02549 -320.079 148.059 -38.7946 -0.00271743
-1.33583 -0.322201 320.083 21.1418 -369.957 0.00825798 1.33426 0.32198 -320.083 64.8293 12.1676 -0.00825798
-1.84442 0.443099 320.103 -91.6885 -558.715 0.0104399 1.84267 -0.443207 -320.103 -26.3166 64.912 -0.0104399
-2.29116 1.11599 320.102 -190.475 -732.939 0.00895497 2.28955 -1.11633 -320.102 -106.923 119.581 -0.00895497
-2.66856 1.5517 320.097 -254.845 -890.258 0.00361475 2.667 -1.55228 -320.097 -158.723 175.872 -0.00361475
-2.98635 1.64219 320.141 -269.502 -1030.02 -0.00562616 2.98486 -1.64278 -320.141 -168.182 230.531 0.00562616
-3.23193 1.35826 320.186 -229.939 -1147.97 -0.0186648 3.23081 -1.35864 -320.186 -132.03 282.64 0.0186648
-3.39707 0.770456 320.199 -146.565 -1240.73 -0.0352403 3.39602 -0.770553 -320.199 -58.677 331.093 0.0352403
-3.50725 0.000153297 320.239 -36.5822 -1310 -0.0549269 3.50602 -0.000193323 -320.239 36.6822 370.796 0.0549269
-3.57493 -0.797353 320.281 77.5779 -1356.77 -0.0771623 3.57382 0.797658 -320.281 135.153 399.363 0.0771623
-3.56999 -1.46482 320.268 173.205 -1378.15 -0.101278 3.56906 1.46521 -320.268 217.459 421.953 0.101278
-3.48061 -1.88805 320.237 234.018 -1373.66 -0.126501 3.47977 1.88832 -320.237 269.447 441.251 0.126501
-3.33511 -2.00787 320.22 251.616 -1346.32 -0.151973 3.33456 2.00837 -320.22 283.817 452.691 0.151973
-3.15823 -1.80055 320.177 222.485 -1298.56 -0.176804 3.15785 1.80121 -320.177 257.704 452.158 0.176804
-2.95831 -1.29183 320.112 150.109 -1232.33 -0.200116 2.95788 1.29255 -320.112 194.482 439.39 0.200116
-2.72671 -0.556008 320.065 45.1079 -1148.32 -0.221081 2.72644 0.556953 -320.065 103.37 417.308 0.221081
-2.44824 0.306645 320.03 -77.6106 -1047.18 -0.238926 2.44831 -0.305509 -320.03 -3.83818 390.616 0.238926
-2.13215 1.20272 319.987 -204.995 -930.541 -0.252975 2.13181 -1.20133 -319.987 -115.283 358.588 0.252975
-1.84564 2.0506 319.976 -325.642 -808.289 -0.26268 1.84463 -2.04879 -319.976 -220.592 313.135 0.26268
-1.59896 2.76567 319.95 -427.294 -685.195 -0.267661 1.59794 -2.76416 -319.95 -309.593 256.156 0.267661
-1.32736 3.23255 319.951 -493.328 -558.262 -0.267701 1.32604 -3.23171 -319.951 -368.102 202.02 0.267701
-1.0165 3.35564 319.956 -509.626 -429.476 -0.262724 1.01515 -3.35457 -319.956 -384.589 156.446 0.262724
-0.706501 3.13806 319.975 -476.625 -303.472 -0.252814 0.705201 -3.13708 -319.975 -359.608 113.403 0.252814
-0.446525 2.64234 319.993 -403.352 -186.373 -0.23824 0.445079 -2.64147 -319.993 -300.764 65.937 0.23824
-0.249327 1.98852 320.013 -307.596 -82.7944 -0.219439 0.247902 -1.98704 -320.013 -222.16 15.2149 0.219439
-0.0694473 1.33379 320.034 -212.075 9.81351 -0.196964 0.0680411 -1.33236 -320.034 -143.167 -29.1833 0.196964
0.12619 0.784836 320.033 -131.755 94.465 -0.171445 -0.127623 -0.783984 -320.033 -77.2387 -61.4565 0.171445
0.303981 0.361123 320.027 -69.9316 167.009 -0.143591 -0.305532 -0.36105 -320.027 -26.2231 -86.4054 0.143591
0.419593 0.0197019 320.021 -20.1028 221.95 -0.114189 -0.421239 -0.0202437 -320.021 14.8733 -110.367 0.114189
0.488103 -0.290518 320.014 24.9286 259.626 -0.0840809 -0.489418 0.289249 -320.014 52.4362 -129.717 0.0840809
0.565733 -0.630771 320.012 74.2664 285.963 -0.0541185 -0.566893 0.628848 -320.012 93.7078 -135.321 0.0541185
0.64128 -0.981148 320.023 125.074 300.317 -0.0251261 -0.642261 0.980276 -320.023 136.436 -129.543 0.0251261
0.66608 -1.22059 320.044 159.647 298.975 0.00211117 -0.666737 1.22009 -320.044 165.737 -121.651 -0.00211117
0.628496 -1.25038 320.065 163.78 282.024 0.0268361 -0.628964 1.24979 -320.065 169.534 -114.789 -0.0268361
0.555686 -1.04205 320.087 133.477 253.226 0.048347 -0.555979 1.04211 -320.087 144.392 -105.495 -0.048347
0.458686 -0.583635 320.104 66.918 214.345 0.0660498 -0.459289 0.58412 -320.104 88.8147 -92.5273 -0.0660498
0.318309 0.094497 320.114 -31.5045 163.816 0.0794866 -0.319132 -0.0937131 -320.114 6.51635 -79.508 -0.0794866
0.14263 0.905854 320.11 -149.246 103.052 0.0883338 -0.143316 -0.904647 -320.11 -91.9585 -65.734 -0.0883338
-0.0339967 1.72387 320.092 -268.129 36.5736 0.0923908 0.0332539 -1.72274 -320.092 -191.132 -46.4925 -0.0923908
-0.190686 2.39338 320.082 -365.531 -30.9294 0.0915802 0.190454 -2.39224 -320.082 -272.191 -21.0032 -0.0915802
-0.335491 2.78935 320.065 -423.413 -97.6009 0.0859591 0.335399 -2.78797 -320.065 -319.825 6.86752 -0.0859591
-0.500536 2.85751 320.044 -434.169 -164.58 0.0757164 0.500271 -2.85609 -320.044 -327.228 29.6993 -0.0757164
-0.673874 2.60289 320.036 -398.355 -228.882 0.0611516 0.674174 -2.60135 -320.036 -295.155 47.5556 -0.0611516
-0.79759 2.09846 320.04 -326.476 -282.961 0.0426596 0.79802 -2.09676 -320.04 -232.55 68.4885 -0.0426596
-0.873273 1.4667 320.044 -236.097 -325.77 0.0207265 0.873504 -1.46491 -320.044 -154.512 91.0189 -0.0207265
-0.946302 0.852941 320.057 -148.191 -361.312 -0.0040822 0.946713 -0.851059 -320.057 -78.802 106.964 0.0040822
-1.01205 0.391334 320.074 -82.141 -388.753 -0.0311416 1.01254 -0.389422 -320.074 -21.801 116.791 0.0311416
-1.04625 0.176125 320.082 -51.3135 -406.139 -0.0597751 1.04666 -0.174139 -320.082 4.74783 125.021 0.0597751
-1.04361 0.255545 320.07 -62.8669 -412.815 -0.0892502 1.04408 -0.253479 -320.07 -4.85808 132.367 0.0892502
-1.00778 0.619025 320.061 -115.299 -408.988 -0.118791 1.00849 -0.616901 -320.061 -49.3075 138.06 0.118791
-0.941811 1.20584 320.052 -199.668 -394.818 -0.14761 0.942599 -1.20358 -320.052 -121.342 141.495 0.14761
-0.857718 1.92756 320.019 -303.349 -371.251 -0.174922 0.858444 -1.92519 -320.019 -210.029 140.41 0.174922
-0.767146 2.67899 319.986 -411.189 -339.971 -0.199951 0.767861 -2.67658 -319.986 -302.484 133.358 0.199951
-0.652469 3.3488 319.964 -507.152 -300.003 -0.221954 0.653252 -3.34655 -319.964 -385.088 124.054 0.221954
-0.494681 3.8354 319.938 -576.603 -250.502 -0.240264 0.495454 -3.83321 -319.938 -445.353 116.733 0.240264
-0.310683 4.07579 319.912 -610.42 -194.108 -0.254302 0.311457 -4.07355 -319.912 -475.611 109.517 0.254302
-0.12718 4.06006 319.908 -607.259 -134.456 -0.263601 0.128057 -4.0578 -319.908 -474.578 98.9059 0.263601
0.0556651 3.81601 319.916 -571.31 -72.7765 -0.267833 -0.0547366 -3.81383 -319.916 -445.485 86.1044 0.267833
0.245347 3.38683 319.913 -508.684 -9.93791 -0.266805 -0.244329 -3.38488 -319.913 -393.742 73.9624 0.266805
0.438133 2.8436 319.929 -429.694 52.0166 -0.260467 -0.437061 -2.84145 -319.929 -327.906 63.5334 0.260467
0.609578 2.29132 319.95 -349.362 110.232 -0.248921 -0.608926 -2.2889 -319.95 -260.987 51.2106 0.248921
0.717325 1.84768 319.956 -284.795 157.618 -0.232442 -0.717098 -1.84509 -319.956 -207.278 32.7267 0.232442
0.761364 1.59868 319.96 -248.491 190.695 -0.21147 -0.761672 -1.59588 -319.96 -177.181 11.5609 0.21147
0.774209 1.58714 319.974 -246.633 209.702 -0.186595 -0.774716 -1.5842 -319.974 -175.945 -3.93154 0.186595
0.77411 1.79149 319.975 -276.132 215.201 -0.158533 -0.774569 -1.78888 -319.975 -200.962 -9.44198 0.158533
0.741331 2.12622 319.968 -324.582 205.934 -0.128114 -0.74172 -2.12374 -319.968 -241.754 -8.93935 0.128114
0.644869 2.48282 319.97 -376.34 180.615 -0.0962743 -0.645121 -2.48056 -319.97 -285.079 -9.39989 0.0962743
0.486109 2.74869 319.977 -415.139 141.362 -0.0640225 -0.486319 -2.74694 -319.977 -317.217 -12.5456 0.0640225
0.299621 2.82303 319.983 -426.333 93.4119 -0.0323867 -0.299684 -2.82151 -319.983 -325.868 -14.4201 0.0323867
0.115481 2.65889 320.002 -403.074 41.7112 -0.00236646 -0.115591 -2.6575 -320.002 -305.39 -11.9089 0.00236646
-0.0736159 2.27045 320.039 -347.474 -12.4477 0.0251034 0.0731581 -2.26932 -320.039 -257.481 -8.23139 -0.0251034
-0.286337 1.71059 320.068 -267.414 -70.2006 0.0491739 0.285703 -1.70966 -320.068 -188.332 -7.28612 -0.0491739
-0.520254 1.05289 320.091 -173.422 -131.688 0.0690999 0.518977 -1.05211 -320.091 -107.024 -8.20006 -0.0690999
-0.761018 0.385351 320.122 -78.1261 -196.604 0.0842742 0.759345 -0.384702 -320.122 -24.3973 -7.55311 -0.0842742
-0.982419 -0.207223 320.146 6.26305 -262.841 0.0942611 0.98074 0.207828 -320.146 49.1661 -0.487402 -0.0942611
-1.17166 -0.66072 320.155 70.4519 -328.373 0.0987967 1.16986 0.661143 -320.155 105.839 14.4501 -0.0987967
-1.34909 -0.955214 320.163 112.047 -393.91 0.0977714 1.34769 0.955409 -320.163 142.716 32.4722 -0.0977714
-1.51286 -1.07854 320.158 128.997 -455.83 0.0912281 1.51164 1.07892 -320.158 158.666 50.5559 -0.0912281
-1.65811 -1.0123 320.15 118.715 -511.054 0.0793651 1.65724 1.0131 -320.15 151.349 66.8766 -0.0793651
-1.76708 -0.724906 320.135 76.6797 -555.406 0.0625335 1.7666 0.726156 -320.135 116.839 82.0142 -0.0625335
-1.83161 -0.196495 320.114 0.081615 -586.433 0.041232 1.83098 0.198319 -320.114 52.6615 95.778 -0.041232
-1.85937 0.523451 320.094 -103.887 -603.845 0.0160815 1.8589 -0.522363 -320.094 -35.3763 105.722 -0.0160815
-1.82501 1.24747 320.062 -208.249 -604.36 -0.0122085 1.82526 -1.24788 -320.062 -124.206 115.289 0.0122085
-1.69617 1.75228 320.032 -280.707 -583.304 -0.04285 1.69666 -1.75258 -320.032 -186.296 128.571 0.04285
-1.50684 1.95025 320.024 -308.86 -542.965 -0.074976 1.50748 -1.9503 -320.024 -210.881 138.749 0.074976
-1.29565 1.848 320.024 -293.584 -487.366 -0.107672 1.29684 -1.84839 -320.024 -198.95 139.486 0.107672
-1.02089 1.51928 320.034 -245.077 -411.891 -0.140019 1.02291 -1.5184 -320.034 -159.666 137.297 0.140019
-0.645643 1.14026 320.047 -188.913 -312.837 -0.171086 0.648276 -1.13878 -320.047 -114.723 138.388 0.171086
-0.206388 0.865355 320.053 -147.502 -193.7 -0.199933 0.209658 -0.864117 -320.053 -82.8921 136.502 0.199933
0.218654 0.76608 320.057 -131.355 -63.8334 -0.225659 -0.215844 -0.764276 -320.057 -72.5053 120.293 0.225659
0.575877 0.891794 320.052 -147.834 67.2758 -0.247442 -0.573801 -0.889707 -320.052 -89.5037 84.8395 0.247442
0.911098 1.23747 320.027 -196.404 199.583 -0.264552 -0.909483 -1.23573 -320.027 -133.128 42.2959 0.264552
1.28233 1.68349 319.982 -259.802 332.033 -0.276336 -1.28123 -1.68261 -319.982 -188.737 9.19669 0.276336
1.67036 2.05734 319.947 -312.966 456.951 -0.282245 -1.66951 -2.05697 -319.947 -235.296 -11.9626 0.282245
2.00658 2.21013 319.93 -334.169 564.34 -0.281883 -2.00575 -2.21049 -319.93 -254.921 -29.4768 0.281883
2.25477 2.04224 319.911 -309.269 648.903 -0.275061 -2.25355 -2.04357 -319.911 -235.199 -47.7342 0.275061
2.434 1.51355 319.924 -232.334 712.248 -0.261806 -2.43258 -1.51515 -319.924 -171.246 -63.1802 0.261806
2.55913 0.712413 319.964 -116.162 755.364 -0.242343 -2.55739 -0.713752 -319.964 -73.8343 -72.8867 0.242343
2.62412 -0.164394 320.005 10.8215 777.802 -0.217112 -2.62211 0.163557 -320.005 32.9691 -77.9898 0.217112
2.58612 -0.881944 320.048 114.638 775.664 -0.186796 -2.58478 0.881734 -320.048 120.505 -85.8857 0.186796
2.40652 -1.25414 320.084 168.292 744.368 -0.152325 -2.40542 1.25418 -320.084 166.096 -102.471 0.152325
2.12825 -1.21644 320.104 162.42 687.53 -0.114829 -2.12757 1.21638 -320.104 161.907 -119.838 0.114829
1.82916 -0.8357 320.105 106.713 613.289 -0.0755489 -1.82839 0.835512 -320.105 116.11 -125.473 0.0755489
1.52615 -0.247721 320.089 20.9836 525.761 -0.0357728 -1.52538 0.24781 -320.089 45.148 -118.9 0.0357728
1.17248 0.397423 320.06 -72.9939 424.719 0.00318365 -1.17185 -0.397324 -320.06 -32.8392 -112.326 -0.00318365
0.739799 0.957736 320.034 -154.721 311.103 0.04 -0.739209 -0.957475 -320.034 -100.445 -114.265 -0.04
0.283759 1.32421 320.031 -208.706 193.277 0.0734147 -0.283316 -1.32407 -320.031 -144.16 -118.214 -0.0734147
-0.117571 1.39571 320.007 -220.153 81.6804 0.102307 0.117838 -1.39664 -320.007 -151.911 -113.808 -0.102307
-0.447325 1.10028 320.023 -178.815 -18.949 0.125743 0.447268 -1.1016 -320.023 -114.548 -101.268 -0.125743
-0.742919 0.449523 320.068 -86.2634 -110.307 0.142976 0.742594 -0.451298 -320.068 -33.6921 -88.8871 -0.142976
-1.01974 -0.47485 320.1 45.813 -193.671 0.153436 1.01918 0.472333 -320.1 80.5356 -79.4796 -0.153436
-1.22333 -1.53184 320.156 196.952 -262.901 0.156736 1.22331 1.52979 -320.156 211.211 -64.7728 -0.156736
-1.30505 -2.52628 320.231 339.743 -312.327 0.152716 1.30556 2.52446 -320.231 333.53 -37.3548 -0.152716
-1.29679 -3.26431 320.253 445.699 -341.768 0.141482 1.29696 3.26232 -320.253 424.281 -5.78608 -0.141482
-1.29723 -3.65068 320.267 501.027 -360.325 0.123374 1.29738 3.64885 -320.267 471.966 12.5854 -0.123374
-1.29312 -3.67021 320.278 503.666 -367.656 0.0989083 1.2936 3.66809 -320.278 474.494 20.9371 -0.0989083
-1.18964 -3.40037 320.251 464.914 -355.439 0.0687827 1.19021 3.39777 -320.251 441.254 36.2967 -0.0687827
-0.978149 -3.00039 320.215 407.559 -323.202 0.0339257 0.978756 2.99685 -320.215 391.864 60.4602 -0.0339257
-0.7427 -2.65662 320.19 358.483 -279.637 -0.00453635 0.743372 2.65262 -320.19 349.243 79.7096 0.00453635
-0.528881 -2.46711 320.165 331.771 -230.321 -0.0453782 0.529798 2.46353 -320.165 325.494 87.4465 0.0453782
-0.301959 -2.41599 320.143 325.005 -173.753 -0.0873309 0.303184 2.41235 -320.143 318.624 91.4375 0.0873309
-0.0391858 -2.44522 320.142 330.023 -110.039 -0.12908 0.0401779 2.44166 -320.142 321.406 97.9245 0.12908
0.210331 -2.4762 320.138 335.357 -45.9731 -0.169287 -0.209943 2.47286 -320.138 324.357 100.581 0.169287
0.398264 -2.4389 320.129 330.777 10.0183 -0.206666 -0.397971 2.43538 -320.129 318.969 94.8257 0.206666
0.558003 -2.30575 320.125 312.303 57.7945 -0.240056 -0.557648 2.30234 -320.125 301.963 89.7313 0.240056
0.739941 -2.05172 320.118 276.304 100.637 -0.268451 -0.73908 2.04925 -320.118 270.371 95.4024 0.268451
0.913113 -1.64517 320.099 218.187 135.562 -0.290997 -0.912401 1.64313 -320.099 220.174 106.716 0.290997
0.98172 -1.1146 320.079 142.012 152.885 -0.307013 -0.981436 1.11266 -320.079 154.934 107.777 0.307013
0.924872 -0.543844 320.062 59.7757 149.113 -0.316032 -0.924496 0.542451 -320.062 85.1029 96.3996 0.316032
0.829896 -0.0396722 320.042 -13.0898 131.873 -0.317825 -0.829691 0.0379567 -320.042 23.5343 88.3275 0.317825
0.737413 0.248251 320.028 -54.9645 104.958 -0.312372 -0.737468 -0.250807 -320.028 -11.4507 90.5672 0.312372
0.597381 0.193627 320.035 -47.6046 64.1972 -0.299852 -0.597631 -0.195969 -320.035 -4.21988 93.9352 0.299852
0.368249 -0.21019 320.056 9.8484 6.5893 -0.280687 -0.368676 0.207625 -320.056 45.9406 90.3706 0.280687
0.0791983 -0.879254 320.087 105.433 -63.6769 -0.255557 -0.0795233 0.876599 -320.087 128.691 83.4309 0.255557
-0.212023 -1.6639 320.126 217.521 -139.205 -0.225355 0.211687 1.66151 -320.126 225.797 81.1689 0.225355
-0.496604 -2.38284 320.17 320.089 -217.457 -0.19113 0.49617 2.38036 -320.17 314.859 83.4008 0.19113
-0.785594 -2.88635 320.205 391.741 -297.45 -0.154073 0.785618 2.88394 -320.205 377.434 86.126 0.154073
-1.04118 -3.08472 320.203 419.346 -370.261 -0.115493 1.04183 3.08231 -320.203 402.709 90.5664 0.115493
-1.25576 -2.99099 320.207 404.955 -430.925 -0.0767497 1.25611 2.98807 -320.207 392.049 93.9423 0.0767497
-1.47829 -2.71044 320.209 363.816 -482.134 -0.039165 1.47788 2.7074 -320.209 358.391 85.8442 0.039165
-1.71133 -2.37121 320.191 314.338 -525.26 -0.0039805 1.71029 2.36827 -320.191 317.458 66.8786 0.0039805
-1.85749 -2.07949 320.178 271.889 -552.4 0.0276714 1.85666 2.0766 -320.178 282.155 54.9962 -0.0276714
-1.83686 -1.90949 320.182 247.307 -555.09 0.0548378 1.83657 1.90684 -320.182 261.453 63.0959 -0.0548378
-1.71312 -1.88168 320.187 243.505 -537.147 0.0767799 1.71278 1.87921 -320.187 257.865 78.1567 -0.0767799
-1.61051 -1.95791 320.193 254.902 -509.354 0.092945 1.61028 1.9559 -320.193 266.848 77.7575 -0.092945
-1.51505 -2.07059 320.205 271.68 -470.447 0.102965 1.51548 2.0685 -320.205 280.095 64.3097 -0.102965
-1.31254 -2.17268 320.21 287.153 -409.718 0.106699 1.31329 2.17029 -320.21 291.793 57.6548 -0.106699
-1.00003 -2.2408 320.21 298.059 -327.656 0.104253 1.00047 2.23835 -320.21 299.034 59.1032 -0.104253
-0.690663 -2.2572 320.205 301.521 -237.225 0.0959406 0.690968 2.25439 -320.205 299.893 51.352 -0.0959406
-0.43281 -2.21947 320.207 297.178 -147.431 0.0822054 0.43312 2.21679 -320.207 294.193 30.5148 -0.0822054
-0.171482 -2.10733 320.185 282.351 -55.6138 0.0636079 0.171465 2.1052 -320.185 279.198 8.63214 -0.0636079
0.127376 -1.89041 320.15 252.49 38.432 0.0408665 -0.127249 1.88839 -320.15 251.248 -5.54581 -0.0408665
0.447537 -1.57236 320.135 208.012 131.082 0.014859 -0.446988 1.57071 -320.135 210.994 -12.7006 -0.014859
0.74167 -1.17565 320.115 152.04 217.255 -0.0134547 -0.741188 1.17444 -320.115 161.274 -20.2644 0.0134547
0.960828 -0.707333 320.085 85.3687 291.33 -0.043102 -0.960336 0.706806 -320.085 103.2 -35.741 0.043102
1.08446 -0.167941 320.055 7.95328 348.51 -0.0731215 -1.0848 0.167944 -320.055 36.9051 -59.6949 0.0731215
1.1286 0.414637 320.024 -75.9701 385.928 -0.102555 -1.12962 -0.414564 -320.024 -34.4543 -85.1367 0.102555
1.14332 0.974976 319.995 -156.841 404.492 -0.130454 -1.14445 -0.974946 -319.995 -102.953 -99.6971 0.130454
1.15656 1.39032 319.973 -216.989 405.303 -0.15595 -1.15777 -1.39158 -319.973 -153.69 -96.9685 0.15595
1.13962 1.51383 319.962 -234.966 386.819 -0.178319 -1.14022 -1.51544 -319.962 -168.682 -83.1411 0.178319
1.04862 1.30517 319.96 -205.013 347.362 -0.196995 -1.04917 -1.30647 -319.96 -142.972 -68.0532 0.196995
0.873617 0.831971 319.975 -137.084 288.075 -0.211543 -0.873997 -0.83376 -319.975 -84.8307 -55.5815 0.211543
0.664797 0.18626 320.005 -44.4516 216.006 -0.221655 -0.664694 -0.187916 -320.005 -5.32315 -39.4179 0.221655
0.483635 -0.503698 320.048 54.2674 140.183 -0.227153 -0.483185 0.502358 -320.048 79.9168 -12.1371 0.227153
0.323685 -1.10349 320.084 139.579 63.7472 -0.228006 -0.322853 1.10207 -320.084 154.477 21.3905 0.228006
0.144518 -1.52533 320.101 199.302 -14.8291 -0.224343 -0.143203 1.52427 -320.101 207.252 51.925 0.224343
-0.0371413 -1.7097 320.13 224.809 -90.0984 -0.21644 0.0391018 1.70893 -320.13 230.932 78.481 0.21644
-0.168978 -1.65041 320.147 215.434 -152.972 -0.204682 0.171857 1.64961 -320.147 224.499 105.911 0.204682
-0.251436 -1.40407 320.142 179.217 -200.476 -0.189527 0.25413 1.40317 -320.142 195.042 131.321 0.189527
-0.3385 -1.08801 320.129 133.043 -235.476 -0.171511 0.341204 1.0864 -320.129 156.873 143.023 0.171511
-0.436631 -0.84309 320.123 97.3931 -258.001 -0.15127 0.438924 0.841174 -320.123 127.197 139.406 0.15127
-0.502726 -0.772903 320.117 87.1662 -265.308 -0.129513 0.504479 0.770534 -320.117 118.655 129.169 0.129513
-0.522979 -0.930519 320.118 109.966 -258.579 -0.106945 0.523962 0.927554 -320.118 137.79 117.177 0.106945
-0.515793 -1.3076 320.136 164.579 -242.366 -0.0842417 0.516355 1.30468 -320.136 183.696 102.987 0.0842417
-0.492203 -1.81363 320.161 237.836 -220.311 -0.0620626 0.492429 1.81072 -320.161 245.326 87.3312 0.0620626
-0.465801 -2.30129 320.186 308.495 -196.304 -0.0410414 0.465299 2.29898 -320.186 304.737 70.5324 0.0410414
-0.471137 -2.60388 320.206 352.331 -176.92 -0.0217671 0.469798 2.60212 -320.206 341.631 49.9097 0.0217671
-0.506411 -2.59001 320.206 350.46 -165.039 -0.00476586 0.50476 2.58891 -320.206 339.894 28.7276 0.00476586
-0.526626 -2.19227 320.194 293.326 -158.891 0.00951966 0.524752 2.1921 -320.194 291.129 17.2561 -0.00951966
-0.514823 -1.44284 320.164 185.463 -157.534 0.0207333 0.513037 1.44251 -320.164 199.203 19.0408 -0.0207333
-0.508784 -0.523746 320.122 53.0308 -163.525 0.0285881 0.50715 0.522812 -320.122 86.5617 26.6044 -0.0285881
-0.557378 0.324035 320.086 -69.3895 -180.411 0.0328541 0.555583 -0.324738 -320.086 -16.9705 30.5253 -0.0328541
-0.66276 0.938751 320.051 -158.303 -207.69 0.0333696 0.66094 -0.938992 -320.051 -91.8525 29.6677 -0.0333696
-0.779841 1.3015 320.031 -210.99 -241.166 0.0300725 0.778097 -1.30058 -320.031 -135.704 31.8545 -0.0300725
-0.876974 1.48921 320.027 -238.576 -277.285 0.0230201 0.875212 -1.48782 -320.027 -158.089 41.9944 -0.0230201
-0.985134 1.60074 320.033 -255.26 -318.255 0.0123779 0.983214 -1.59892 -320.033 -171.076 54.0515 -0.0123779
-1.13429 1.71441 320.043 -272.372 -366.077 -0.00159657 1.13257 -1.71244 -320.043 -184.242 61.9757 0.00159657
-1.26495 1.82075 320.05 -288.519 -412.501 -0.0185482 1.26453 -1.82025 -320.05 -196.634 73.2847 0.0185482
-1.31334 1.81786 320.055 -288.641 -446.89 -0.0379902 1.31315 -1.81764 -320.055 -195.778 94.6373 0.0379902
-1.34443 1.63684 320.059 -262.905 -472.097 -0.0592943 1.34407 -1.63691 -320.059 -173.299 111.498 0.0592943
-1.41337 1.26234 320.067 -209.119 -491.923 -0.0817472 1.41369 -1.26282 -320.067 -127.312 112.812 0.0817472
-1.45502 0.761735 320.076 -136.84 -499.546 -0.10461 1.45487 -0.760694 -320.076 -65.9486 109.379 0.10461
-1.45926 0.316824 320.078 -72.5539 -496.55 -0.127117 1.45773 -0.315172 -320.078 -11.5581 105.446 0.127117
-1.47205 0.102526 320.08 -41.5236 -492.114 -0.148479 1.47021 -0.10023 -320.08 14.6203 97.6621 0.148479
-1.46567 0.193505 320.07 -54.6008 -487.334 -0.167951 1.46341 -0.191336 -320.07 3.42907 94.654 0.167951
-1.39285 0.527003 320.044 -102.748 -479.431 -0.184881 1.39102 -0.526014 -320.044 -37.4779 106.106 0.184881
-1.26613 0.901173 320.017 -156.737 -468.652 -0.198718 1.26482 -0.901549 -320.017 -83.4098 129.025 0.198718
-1.15574 1.09632 320.002 -184.832 -459.636 -0.209036 1.15448 -1.09739 -320.002 -107.425 149.413 0.209036
-1.10639 1.0146 319.999 -172.935 -455.548 -0.215564 1.1056 -1.01537 -319.999 -97.4985 158.411 0.215564
-1.08465 0.693221 320.012 -126.506 -453.25 -0.218192 1.0836 -0.694104 -320.012 -58.2767 161.939 0.218192
-1.07372 0.234189 320.043 -60.212 -452.984 -0.216938 1.07191 -0.234743 -320.043 -2.16773 164.68 0.216938
-1.0813 -0.217536 320.082 4.93898 -458.008 -0.211956 1.07968 0.217554 -320.082 53.1691 167.64 0.211956
-1.08508 -0.5031 320.111 46.0165 -467.259 -0.203538 1.08346 0.503601 -320.111 88.2758 175.847 0.203538
-1.07376 -0.504106 320.129 45.9987 -478.995 -0.192102 1.07281 0.505239 -320.129 88.6465 190.463 0.192102
-1.07461 -0.184394 320.133 -0.362818 -493.517 -0.178153 1.07387 0.185593 -320.133 49.7951 204.681 0.178153
-1.12718 0.394948 320.121 -84.1945 -512.344 -0.162265 1.1265 -0.393466 -320.121 -20.7639 209.443 0.162265
-1.21086 1.09983 320.098 -186.062 -531.559 -0.145057 1.21075 -1.09845 -320.098 -106.801 206.25 0.145057
-1.23882 1.72232 320.068 -275.908 -540.08 -0.127165 1.23949 -1.72202 -320.068 -183.031 207.197 0.127165
-1.17751 2.01539 320.042 -318.152 -530.991 -0.109202 1.17884 -2.01579 -320.042 -219.001 214.372 0.109202
-1.06932 1.80169 320.034 -287.146 -504.063 -0.0917318 1.0717 -1.80278 -320.034 -193.136 216.196 0.0917318
-0.95772 1.07118 320.052 -181.261 -459.693 -0.0752499 0.960125 -1.07203 -320.052 -104.266 201.681 0.0752499
-0.85654 0.0409318 320.092 -31.7016 -398.381 -0.0601723 0.858707 -0.0403115 -320.092 20.9908 167.544 0.0601723
-0.7563 -0.907236 320.124 106.113 -323.017 -0.0468146 0.75751 0.908642 -320.124 136.021 119.253 0.0468146
-0.652131 -1.40356 320.148 178.911 -239.907 -0.0353797 0.651714 1.40609 -320.148 195.668 64.3817 0.0353797
-0.533347 -1.18803 320.162 149.151 -156.258 -0.0259779 0.532889 1.19148 -320.162 168.096 12.6649 0.0259779
-0.304628 -0.178584 320.121 4.87662 -64.4639 -0.0186526 0.305426 0.182315 -320.121 43.3277 -18.0754 0.0186526
0.0538178 1.48134 320.05 -232.956 40.4499 -0.0133817 -0.0524457 -1.47727 -320.05 -161.266 -27.2675 0.0133817
0.441066 3.41116 320.023 -510.823 155.439 -0.0100738 -0.438302 -3.40955 -320.023 -398.139 -38.9497 0.0100738
0.78972 4.97709 319.925 -736.094 277.407 -0.00859668 -0.785836 -4.97748 -319.925 -590.55 -67.8238 0.00859668
1.14867 5.63178 319.844 -829.324 412.824 -0.00879319 -1.14497 -5.63287 -319.844 -671.93 -107.192 0.00879319
1.52048 5.17967 319.87 -762.606 558.79 -0.0104589 -1.51783 -5.18034 -319.87 -618.082 -153.539 0.0104589
1.84894 3.84312 319.94 -568.316 702.073 -0.0133523 -1.8479 -3.84173 -319.94 -455.83 -208.682 0.0133523
2.12061 2.14762 319.988 -321.963 830.965 -0.0172391 -2.12079 -2.14466 -319.988 -250.028 -264.654 0.0172391
2.41648 0.683827 320.036 -109.291 944.814 -0.0218897 -2.41574 -0.680244 -320.036 -72.434 -299.483 0.0218897
2.82205 -0.156048 320.097 13.2548 1050.69 -0.0270369 -2.82045 0.159166 -320.097 28.8306 -297.167 0.0270369
3.17461 -0.226663 320.083 24.119 1132.08 -0.0323742 -3.17357 0.229122 -320.083 36.6995 -284.358 0.0323742
3.26678 0.364573 320.007 -60.8854 1168.61 -0.0376202 -3.26624 -0.363107 -320.007 -36.0289 -296.158 0.0376202
3.10327 1.3824 319.933 -207.749 1156.64 -0.0425746 -3.10433 -1.38081 -319.933 -160.46 -327.522 0.0425746
2.82917 2.58808 319.865 -382.549 1102.59 -0.0470886 -2.83203 -2.58591 -319.865 -306.964 -346.362 0.0470886
2.57026 3.73302 319.782 -548.987 1014.07 -0.0510112 -2.57301 -3.73133 -319.782 -445.782 -327.076 0.0510112
2.36316 4.53348 319.718 -666.053 896.346 -0.0542174 -2.36465 -4.53261 -319.718 -542.19 -265.055 0.0542174
2.13446 4.71433 319.742 -694.025 751.411 -0.0566866 -2.13467 -4.7148 -319.742 -562.599 -181.679 0.0566866
1.74718 4.12588 319.798 -610.389 574.951 -0.0585293 -1.7463 -4.12652 -319.798 -489.397 -109.075 0.0585293
1.20359 2.85823 319.872 -428.853 377.016 -0.0599413 -1.20183 -2.85873 -319.872 -333.007 -56.6516 0.0599413
0.604341 1.20951 319.966 -192.238 172.641 -0.0611316 -0.60335 -1.20888 -319.966 -129.986 -12.4084 0.0611316
0.026298 -0.368289 320.13 32.8406 -26.8438 -0.0622898 -0.0258351 0.370072 -320.13 65.6716 32.5607 0.0622898
-0.515753 -1.49858 320.221 192.935 -219.892 -0.0636347 0.516598 1.50052 -320.221 206.895 80.5697 0.0636347
-1.0047 -1.96071 320.294 257.127 -405.552 -0.0654538 1.00621 1.96329 -320.294 265.979 135.331 0.0654538
-1.40137 -1.66185 320.307 211.857 -569.352 -0.0680255 1.40386 1.66501 -320.307 231.669 192.832 0.0680255
-1.73988 -0.70343 320.255 71.8522 -706.888 -0.0715334 1.74287 0.705643 -320.255 116.076 239.713 0.0715334
-2.03778 0.574375 320.199 -113.482 -813.305 -0.0760802 2.04121 -0.573732 -320.199 -39.4073 266.402 0.0760802
-2.25885 1.72785 320.095 -280.138 -881.248 -0.0817144 2.26241 -1.72803 -320.095 -180.33 275.25 0.0817144
-2.35026 2.432 320.001 -381.626 -904.511 -0.0884132 2.35335 -2.43212 -320.001 -266.531 274.169 0.0884132
-2.33877 2.57954 319.959 -402.552 -887.178 -0.0960702 2.34019 -2.57894 -319.959 -284.837 260.18 0.0960702
-2.31376 2.29188 319.97 -360.536 -845.059 -0.104505 2.31309 -2.28981 -319.97 -249.98 225.15 0.104505
-2.26338 1.8077 319.995 -290.227 -787.057 -0.113484 2.26181 -1.80549 -319.995 -191.209 180.889 0.113484
-2.07803 1.34591 320.026 -222.895 -710.568 -0.122722 2.0757 -1.34323 -320.026 -135.386 154.109 0.122722
-1.69975 1.08034 320.061 -183.684 -613.555 -0.131892 1.69926 -1.0775 -320.061 -103.787 157.882 0.131892
-1.14637 1.09696 320.064 -185.038 -493.998 -0.140639 1.14833 -1.09475 -320.064 -106.952 185.714 0.140639
-0.466697 1.32976 320.066 -216.761 -346.271 -0.148612 0.472613 -1.32841 -320.066 -137.404 218.887 0.148612
0.267955 1.63051 320.04 -257.495 -165.988 -0.155461 -0.259758 -1.62975 -320.04 -176.922 234.48 0.155461
0.907263 1.88755 320.021 -291.829 36.5425 -0.160821 -0.90048 -1.8861 -320.021 -211.019 203.031 0.160821
1.43306 2.06013 320.075 -314.648 256.97 -0.164326 -1.42527 -2.05888 -320.075 -234.237 123.212 0.164326
2.07723 2.09472 320.054 -317.749 511.211 -0.16561 -2.06958 -2.0936 -320.054 -240.378 41.3532 0.16561
2.88439 1.96986 320.066 -297.339 794.458 -0.16429 -2.87928 -1.96836 -320.066 -227.463 -25.7179 0.16429
3.53145 1.75426 320.131 -263.473 1062.04 -0.159975 -3.52927 -1.75265 -320.131 -203.851 -119.744 0.159975
3.85598 1.56906 320.146 -233.746 1281.9 -0.15239 -3.85564 -1.56698 -320.146 -184.155 -252.198 0.15239
4.08917 1.58297 320.047 -234.351 1460.82 -0.141426 -4.08926 -1.58049 -320.047 -187.21 -368.37 0.141426
4.40054 1.90677 319.979 -280.152 1607.15 -0.127011 -4.40296 -1.90405 -319.979 -227.692 -431.001 0.127011
4.62168 2.55303 319.925 -372.667 1697.49 -0.109091 -4.62299 -2.55101 -319.925 -307.538 -462.309 0.109091
4.63061 3.33072 319.771 -484.566 1722.12 -0.0878308 -4.63147 -3.33078 -319.771 -403.218 -484.535 0.0878308
4.44433 3.9158 319.661 -569.077 1687.34 -0.0637248 -4.4455 -3.91666 -319.661 -474.77 -499.406 0.0637248
4.11846 3.9902 319.633 -580.493 1601.73 -0.0374652 -4.11881 -3.99308 -319.633 -483.452 -500.93 0.0374652
3.74923 3.31628 319.642 -484.116 1478.84 -0.00983604 -3.7494 -3.31995 -319.642 -400.293 -476.766 0.00983604
3.3596 1.82905 319.695 -270.497 1326.74 0.018268 -3.3595 -1.83333 -319.695 -217.556 -428.948 -0.018268
2.89105 -0.288137 319.844 33.4498 1146.75 0.0458016 -2.89057 0.284177 -319.844 42.8991 -374.363 -0.0458016
2.30365 -2.65394 320.056 373.189 937.82 0.0715641 -2.30294 2.6513 -320.056 333.966 -322.553 -0.0715641
1.66408 -4.80195 320.177 681.253 711.511 0.094299 -1.66238 4.79893 -320.177 598.428 -267.412 -0.094299
1.11411 -6.37248 320.366 904.861 493.664 0.112866 -1.11158 6.36975 -320.366 793.505 -196.849 -0.112866
0.607772 -7.13202 320.431 1010.95 284.44 0.126308 -0.604891 7.13016 -320.431 889.998 -123.202 -0.126308
0.0740812 -6.91764 320.433 976.89 83.6708 0.133822 -0.0707326 6.91678 -320.433 867.059 -65.2688 -0.133822
-0.472748 -5.7033 320.392 799.546 -103.811 0.134791 0.475623 5.7034 -320.392 720.844 -23.934 -0.134791
-0.970873 -3.62256 320.345 498.153 -268.185 0.128874 0.972548 3.62328 -320.345 467.681 7.43846 -0.128874
-1.37896 -0.952167 320.246 111.18 -408.718 0.116061 1.38089 0.953516 -320.246 142.924 38.8377 -0.116061
-1.61445 1.84862 320.06 -294.191 -513.565 0.0966666 1.61605 -1.84843 -320.06 -198.431 80.6978 -0.0966666
-1.71225 4.19149 319.979 -631.98 -583.539 0.0712872 1.71318 -4.19256 -319.979 -485.323 124.488 -0.0712872
-1.76462 5.60331 319.903 -835.101 -628.16 0.040739 1.76598 -5.604 -319.903 -658.484 154.958 -0.040739
-1.74009 5.85544 319.839 -871.376 -644.94 0.0059923 1.74155 -5.85657 -319.839 -689.475 178.191 -0.0059923
-1.58549 4.94259 319.884 -739.89 -630.039 -0.0318414 1.58681 -4.94339 -319.884 -577.588 204.501 0.0318414
-1.33838 3.13447 320.005 -479.331 -588.958 -0.0714962 1.33975 -3.13344 -320.005 -355.931 229.316 0.0714962
-1.07666 0.929239 320.124 -160.994 -532.355 -0.111641 1.07793 -0.927599 -320.124 -86.3622 242.572 0.111641
-0.820249 -1.14314 320.212 138.786 -464.594 -0.150998 0.821464 1.14541 -320.212 166.351 243.289 0.150998
-0.55743 -2.64184 320.264 355.897 -389.487 -0.188364 0.559025 2.64458 -320.264 348.792 238.339 0.188364
-0.240159 -3.33393 320.288 456.601 -303.642 -0.222592 0.242655 3.33505 -320.288 432.352 237.119 0.222592
0.116812 -3.27767 320.249 449.48 -207.623 -0.252613 -0.113648 3.2773 -320.249 424.274 236.365 0.252613
0.436306 -2.68904 320.176 365.523 -107.267 -0.27748 -0.432594 2.68804 -320.176 351.239 221.339 0.27748
0.654473 -1.81619 320.115 241.062 -9.04394 -0.296436 -0.651387 1.81418 -320.115 242.895 181.636 0.296436
0.808786 -0.87846 320.03 107.314 90.1128 -0.308964 -0.806097 0.876427 -320.03 126.675 123.977 0.308964
0.988565 0.000181663 319.956 -17.8121 194.446 -0.314763 -0.98607 -0.00105781 -319.956 17.742 67.9095 0.314763
1.24503 0.807331 319.96 -133.343 307.204 -0.313683 -1.24334 -0.808382 -319.96 -81.9057 23.9283 0.313683
1.47791 1.51397 319.92 -234.732 413.293 -0.305724 -1.47701 -1.51441 -319.92 -168.798 -19.6854 0.305724
1.6271 2.10171 319.885 -318.948 502.783 -0.291099 -1.62655 -2.10204 -319.885 -241.237 -69.0965 0.291099
1.7547 2.51279 319.901 -377.681 578.089 -0.270229 -1.75386 -2.51425 -319.901 -292.233 -110.206 0.270229
1.93001 2.63687 319.911 -395.029 645.075 -0.243665 -1.92917 -2.63827 -319.911 -307.954 -130.291 0.243665
2.0988 2.45848 319.901 -368.729 698.526 -0.212054 -2.09787 -2.45887 -319.901 -286.568 -138.641 0.212054
2.173 2.1153 319.918 -318.701 729.862 -0.176173 -2.17182 -2.11424 -319.918 -244.925 -150.155 0.176173
2.1426 1.76636 319.951 -268.136 738.042 -0.136983 -2.14152 -1.7651 -319.951 -202.452 -166.383 0.136983
2.03991 1.49981 319.967 -229.617 725.629 -0.0955967 -2.03923 -1.49784 -319.967 -169.824 -181.293 0.0955967
1.8986 1.3522 319.981 -208.487 695.641 -0.0532004 -1.8977 -1.3503 -319.981 -151.616 -189.049 0.0532004
1.76749 1.20953 320.004 -188.373 655.246 -0.0110029 -1.7657 -1.21064 -320.004 -134.1 -183.812 0.0110029
1.66518 0.791397 320.03 -128.371 611.944 0.0297737 -1.66276 -0.794241 -320.03 -82.8762 -167.98 -0.0297737
1.52951 -0.0155648 320.047 -11.9693 564.874 0.0679135 -1.52691 0.0137871 -320.047 15.9681 -157.216 -0.0679135
1.32519 -0.999746 320.081 130.024 513.986 0.102245 -1.32235 0.998746 -320.081 136.422 -160.926 -0.102245
1.0802 -1.82008 320.121 248.25 462.233 0.131702 -1.07892 1.82038 -320.121 237.036 -174.358 -0.131702
0.842301 -2.17788 320.139 299.425 411.046 0.155399 -0.841287 2.17882 -320.139 281.322 -186.638 -0.155399
0.708535 -1.90622 320.135 259.758 368.297 0.172666 -0.70667 1.90786 -320.135 248.671 -179.755 -0.172666
0.698993 -1.09326 320.126 141.902 338.171 0.18303 -0.697653 1.09269 -320.126 149.531 -152.203 -0.18303
0.671934 -0.086508 320.101 -3.85674 309.165 0.186207 -0.670477 0.0850789 -320.101 26.8181 -130.514 -0.186207
0.596183 0.763864 320.077 -126.88 280.567 0.182108 -0.593381 -0.764909 -320.077 -76.7811 -122.355 -0.182108
0.596947 1.27233 320.069 -200.501 267.463 0.170873 -0.59375 -1.2734 -320.069 -138.698 -109.144 -0.170873
0.660615 1.38853 320.073 -217.188 269.709 0.152912 -0.658793 -1.38825 -320.073 -152.806 -94.2545 -0.152912
0.629479 1.19032 320.092 -188.491 268.324 0.128878 -0.628849 -1.18985 -320.092 -128.642 -101.004 -0.128878
0.546886 0.78839 320.12 -130.408 262.949 0.0995415 -0.545432 -0.787743 -320.12 -79.5646 -117.741 -0.0995415
0.592315 0.268079 320.141 -55.2347 268.958 0.0657716 -0.591292 -0.268051 -320.141 -16.1268 -111.584 -0.0657716
0.716655 -0.292045 320.151 25.7208 280.462 0.02861 -0.716325 0.291897 -320.151 52.1998 -89.8657 -0.02861
0.73923 -0.786029 320.145 97.0436 278.745 -0.0107682 -0.739056 0.785932 -320.145 112.56 -82.1298 0.0107682
0.646716 -1.10615 320.122 143.018 260.493 -0.0512107 -0.646907 1.10548 -320.122 151.841 -88.5185 0.0512107
0.561309 -1.21002 320.092 157.627 235.433 -0.091629 -0.561605 1.20901 -320.092 164.874 -86.2669 0.091629
0.558624 -1.10731 320.059 142.378 210.322 -0.130945 -0.558297 1.10612 -320.059 152.721 -62.0452 0.130945
0.602199 -0.84043 320.03 103.519 184.139 -0.16812 -0.601655 0.839174 -320.03 120.433 -24.3887 0.16812
0.592243 -0.42204 320.011 42.8118 149.731 -0.202228 -0.591428 0.422404 -320.011 69.8318 7.20968 0.202228
0.495511 0.189381 319.996 -45.856 105.216 -0.23249 -0.494877 -0.188052 -319.996 -4.35023 25.8452 0.23249
0.325648 0.990481 319.977 -162.098 49.8043 -0.258267 -0.32658 -0.98888 -319.977 -101.61 36.0612 0.258267
0.131592 1.90311 319.966 -294.448 -15.2155 -0.279029 -0.132555 -1.90055 -319.966 -212.4 49.2064 0.279029
0.00395111 2.82216 319.959 -427.778 -83.0087 -0.294334 -0.00467462 -2.82004 -319.959 -324.108 82.7534 0.294334
-0.0837181 3.59361 319.945 -540.133 -156.134 -0.303851 0.0822077 -3.59184 -319.945 -417.432 132.389 0.303851
-0.270771 4.07593 319.935 -611.005 -246.653 -0.30742 0.269356 -4.07385 -319.935 -475.083 172.786 0.30742
-0.57301 4.20097 319.953 -630.242 -353.963 -0.305079 0.571761 -4.19938 -319.953 -489.237 199.241 0.305079
-0.888971 3.93746 319.977 -593.399 -467.561 -0.297021 0.887482 -3.93622 -319.977 -455.883 228.36 0.297021
-1.17059 3.29361 319.994 -502.066 -581.637 -0.283543 1.16907 -3.29283 -319.994 -375.65 267.062 0.283543
-1.47219 2.31148 320.056 -361.85 -700.329 -0.265074 1.47034 -2.31159 -320.056 -254.184 305.085 0.265074
-1.8244 1.08957 320.102 -187.267 -823.518 -0.242255 1.823 -1.08989 -320.102 -103.08 334.012 0.242255
-2.18566 -0.203226 320.142 -2.76387 -943.915 -0.215923 2.18446 0.203126 -320.142 57.0585 357.779 0.215923
-2.52909 -1.36573 320.209 162.782 -1057.47 -0.187016 2.52788 1.36541 -320.209 201.364 379.501 0.187016
-2.85746 -2.22705 320.222 285.432 -1161.32 -0.156506 2.85636 2.22748 -320.222 308.412 395.565 0.156506
-3.17503 -2.62461 320.231 341.437 -1252.58 -0.125395 3.17382 2.62553 -320.231 358.447 401.982 0.125395
-3.4835 -2.4879 320.233 320.667 -1329.28 -0.0947214 3.48206 2.48897 -320.233 342.798 396.342 0.0947214
-3.76286 -1.86513 320.215 230.362 -1388.29 -0.0655284 3.76117 1.86643 -320.215 267.128 380.824 0.0655284
-3.9746 -0.87905 320.166 88.2492 -1424.37 -0.0387743 3.97274 0.880508 -320.166 146.414 360.457 0.0387743
-4.11193 0.316356 320.116 -83.6473 -1436.48 -0.0152546 4.10967 -0.314612 -320.116 -0.299352 336.033 0.0152546
-4.19337 1.54969 320.08 -260.845 -1426 0.00440115 4.19073 -1.54798 -320.08 -151.865 303.975 -0.00440115
-4.21718 2.61767 320.034 -414.02 -1392.8 0.0197069 4.21435 -2.61677 -320.034 -283.478 264.599 -0.0197069
-4.15412 3.31502 319.99 -513.378 -1334.95 0.0303316 4.151 -3.31436 -319.99 -370.041 223.788 -0.0303316
-3.99214 3.5357 319.99 -544.274 -1253.02 0.0361358 3.98873 -3.53513 -319.99 -397.983 185.304 -0.0361358
-3.72316 3.25725 319.996 -503.214 -1147.91 0.0371777 3.72045 -3.25701 -319.996 -364.868 152.071 -0.0371777
-3.32491 2.56246 320.001 -401.723 -1017.66 0.033671 3.32303 -2.56141 -320.001 -281.051 128.17 -0.033671
-2.84327 1.65085 320.046 -268.781 -866.827 0.0259416 2.84105 -1.64918 -320.046 -170.916 106.117 -0.0259416
-2.37565 0.710279 320.095 -131.704 -708.1 0.014407 2.37339 -0.709541 -320.095 -57.4029 72.4292 -0.014407
-1.92899 -0.179499 320.103 -1.68361 -546.205 -0.000438707 1.92577 0.180015 -320.103 49.7205 30.1238 0.000438707
-1.46477 -0.963181 320.128 113.41 -384.381 -0.0180374 1.46122 0.963311 -320.128 143.467 -7.52445 0.0180374
-0.954325 -1.56713 320.144 202.518 -228.629 -0.037774 0.951038 1.5672 -320.144 215.335 -26.8982 0.037774
-0.415385 -1.9119 320.147 253.985 -85.1534 -0.0589994 0.41279 1.91239 -320.147 255.82 -26.5049 0.0589994
0.0795668 -1.90398 320.114 254.65 40.4493 -0.0810677 -0.0818908 1.90492 -320.114 253.098 -19.955 0.0810677
0.430101 -1.47063 320.096 193.563 136.916 -0.103349 -0.432271 1.47199 -320.096 198.726 -22.7919 0.103349
0.623131 -0.610481 320.071 70.5255 200.873 -0.125219 -0.625837 0.612162 -320.071 92.5229 -35.0627 0.125219
0.721721 0.576214 320.035 -100.537 235.068 -0.146058 -0.724789 -0.575239 -320.035 -52.8331 -42.8379 0.146058
0.782281 1.84519 319.984 -283.895 241.5 -0.165243 -0.785359 -1.84493 -319.984 -207.826 -33.121 0.165243
0.824127 2.9149 319.953 -438.706 222.182 -0.182178 -0.826353 -2.9151 -319.953 -338.216 -2.84408 0.182178
0.809761 3.53555 319.942 -528.821 177.024 -0.19634 -0.811405 -3.53654 -319.942 -413.645 38.2524 0.19634
0.668731 3.58987 319.946 -537.157 103.57 -0.207303 -0.670166 -3.58962 -319.946 -419.621 73.8775 0.207303
0.407366 3.14317 319.985 -473.351 6.7211 -0.214708 -0.408077 -3.14265 -319.985 -364.317 100.712 0.214708
0.124432 2.34026 320.04 -358.634 -100.871 -0.218281 -0.124454 -2.33957 -320.04 -264.985 132.51 0.218281
-0.130065 1.33426 320.077 -215.228 -210.605 -0.217846 0.130242 -1.33326 -320.077 -140.188 174.074 0.217846
-0.424099 0.219428 320.101 -56.4533 -325.105 -0.213361 0.424233 -0.220543 -320.101 -2.07042 209.895 0.213361
-0.813012 -1.00612 320.187 118.726 -447.254 -0.204972 0.813127 1.00443 -320.187 149.358 228.084 0.204972
-1.24215 -2.26838 320.202 299.186 -569.086 -0.192999 1.24184 2.2667 -320.202 305.371 235.306 0.192999
-1.63776 -3.41339 320.224 462.192 -682.453 -0.177857 1.63734 3.41072 -320.224 447.451 242.972 0.177857
-1.98068 -4.33608 320.277 593.154 -784.106 -0.16005 1.97999 4.33302 -320.277 562.393 253.009 0.16005
-2.33347 -4.89321 320.283 672.083 -880.509 -0.140216 2.33197 4.89126 -320.283 632.124 255.271 0.140216
-2.75013 -4.88785 320.262 670.161 -976.645 -0.119141 2.74692 4.88628 -320.262 632.671 240.391 0.119141
-3.19816 -4.24358 320.26 576.318 -1071.93 -0.0976972 3.19483 4.24192 -320.26 554.767 216.107 0.0976972
-3.52879 -3.03823 320.225 401.906 -1152.15 -0.0767822 3.52557 3.03716 -320.225 407.964 208.037 0.0767822
-3.7052 -1.45429 320.163 173.135 -1211.59 -0.0572472 3.70129 1.45302 -320.163 214.493 220.418 0.0572472
-3.84752 0.210503 320.12 -66.8643 -1259.2 -0.0398848 3.84384 -0.212259 -320.12 10.6625 229.957 0.0398848
-4.00268 1.61897 320.084 -269.49 -1297.21 -0.0254683 3.99907 -1.62055 -320.084 -162.129 226.538 0.0254683
-4.09229 2.50679 320.026 -397.186 -1316.77 -0.0147137 4.0888 -2.50861 -320.026 -271.122 222.17 0.0147137
-4.0363 2.69831 320.008 -424.594 -1309.23 -0.00814796 4.03349 -2.70021 -320.008 -294.776 229.471 0.00814796
-3.83127 2.16162 320.037 -347.032 -1272.29 -0.00605103 3.82909 -2.16298 -320.037 -229.207 247.145 0.00605103
-3.57414 1.0272 320.076 -183.427 -1213.99 -0.00850671 3.57179 -1.02855 -320.076 -90.4209 257.498 0.00850671
-3.34888 -0.490373 320.137 35.4467 -1143.41 -0.0154449 3.34673 0.488749 -320.137 95.1917 247.093 0.0154449
-3.12068 -2.13465 320.206 272.998 -1060.35 -0.026622 3.11822 2.1331 -320.206 295.946 225.089 0.026622
-2.82247 -3.62742 320.252 488.895 -963.38 -0.0415716 2.82008 3.62528 -320.252 477.881 207.823 0.0415716
-2.42795 -4.77113 320.267 654.772 -852.353 -0.0595931 2.42592 4.76827 -320.267 616.77 202.142 0.0595931
-1.98479 -5.43986 320.284 752.667 -732.92 -0.0798253 1.98355 5.43713 -320.284 697.145 200.979 0.0798253
-1.56126 -5.54689 320.268 769.818 -611.675 -0.101349 1.56054 5.54419 -320.268 708.524 192.831 0.101349
-1.16111 -5.09067 320.237 706.025 -487.793 -0.123224 1.1609 5.08796 -320.237 650.7 175.836 0.123224
-0.753705 -4.14795 320.197 572.349 -359.842 -0.144478 0.754103 4.14606 -320.197 533.189 156.71 0.144478
-0.320372 -2.82592 320.163 383.584 -227.22 -0.164123 0.320102 2.82433 -320.163 369.589 139.998 0.164123
0.0543496 -1.30885 320.127 166.628 -104.177 -0.181227 -0.0549895 1.30758 -320.127 182.195 117.201 0.181227
0.378148 0.186826 320.067 -47.4275 7.46429 -0.195014 -0.37803 -0.188017 -320.067 -2.42927 92.0611 0.195014
0.743356 1.4194 320.031 -223.711 116.609 -0.204894 -0.74254 -1.42106 -320.031 -154.765 80.4314 0.204894
1.12766 2.18859 320.042 -333.802 222.155 -0.210419 -1.12686 -2.19008 -320.042 -249.688 77.5546 0.210419
1.39355 2.39649 320.017 -363.112 309.287 -0.211283 -1.39255 -2.39771 -320.017 -275.763 61.4767 0.211283
1.51932 2.07497 320.019 -316.051 374.615 -0.207382 -1.518 -2.07614 -320.019 -237.114 29.8144 0.207382
1.5639 1.33308 320.071 -208.532 421.607 -0.198827 -1.56365 -1.33422 -320.071 -146.872 -5.00239 0.198827
1.54581 0.327415 320.093 -62.9564 448.988 -0.185903 -1.54595 -0.328642 -320.093 -24.3926 -37.0525 0.185903
1.4746 -0.771321 320.087 95.8968 455.447 -0.169032 -1.47463 0.769558 -320.087 109.56 -62.4603 0.169032
1.36355 -1.81333 320.117 246.372 442.628 -0.148785 -1.36404 1.81141 -320.117 236.82 -79.1861 0.148785
1.15767 -2.63288 320.129 364.392 405.245 -0.12587 -1.1588 2.63147 -320.129 337.327 -96.6508 0.12587
0.829437 -3.05669 320.108 424.85 340.373 -0.101112 -0.831089 3.05574 -320.108 389.903 -119.302 0.101112
0.450658 -2.98902 320.088 414.031 254.898 -0.0754215 -0.452458 2.98802 -320.088 382.679 -134.926 0.0754215
0.102775 -2.45215 320.071 335.416 157.884 -0.049747 -0.104895 2.45141 -320.071 318.224 -130.805 0.049747
-0.238995 -1.56005 320.051 205.268 49.0618 -0.0250318 0.236411 1.55904 -320.051 210.543 -113.272 0.0250318
-0.641595 -0.519459 320.028 53.5174 -75.6811 -0.00221117 0.638829 0.517911 -320.028 84.847 -96.1025 0.00221117
-1.0724 0.426544 320.02 -84.4769 -209.983 0.0178056 1.06987 -0.428125 -320.02 -29.3243 -76.9742 -0.0178056
-1.45548 1.08606 320.038 -181.587 -344.943 0.0342057 1.45309 -1.08803 -320.038 -108.061 -44.475 -0.0342057
-1.76777 1.34133 320.04 -220.407 -473.703 0.0463414 1.7655 -1.34301 -320.04 -137.242 0.6871 -0.0463414
-2.06154 1.20171 320.112 -201.543 -597.146 0.0537374 2.05954 -1.20263 -320.112 -118.785 45.4557 -0.0537374
-2.34278 0.784915 320.15 -142.71 -711.876 0.0560621 2.34139 -0.785903 -320.15 -66.5221 84.8269 -0.0560621
-2.56222 0.198221 320.17 -59.3403 -809.88 0.0531401 2.56121 -0.199083 -320.17 6.51678 124.01 -0.0531401
-2.70911 -0.455561 320.23 33.6717 -887.63 0.0450042 2.70795 0.454781 -320.23 87.7906 162.39 -0.0450042
-2.82407 -1.0807 320.258 122.68 -948.117 0.031907 2.8228 1.08005 -320.258 165.439 192.065 -0.031907
-2.89954 -1.60379 320.246 197.318 -990.754 0.0142715 2.8985 1.60308 -320.246 230.229 214.423 -0.0142715
-2.88951 -1.99171 320.238 252.801 -1011.11 -0.00734733 2.88832 1.99077 -320.238 278.121 237.388 0.00734733
-2.8162 -2.23786 320.231 288.191 -1012.42 -0.0322584 2.81426 2.23692 -320.231 308.345 258.303 0.0322584
-2.73749 -2.32703 320.201 301.162 -1003 -0.0596504 2.73525 2.3263 -320.201 319.171 269.906 0.0596504
-2.63475 -2.22703 320.165 287.052 -984.171 -0.0886417 2.63259 2.22667 -320.165 306.673 278.478 0.0886417
-2.4653 -1.91347 320.14 242.37 -954.374 -0.11831 2.46294 1.91319 -320.14 267.782 293.916 0.11831
-2.26079 -1.38618 320.114 167.042 -918.493 -0.147711 2.25848 1.3863 -320.114 202.609 312.594 0.147711
-2.06226 -0.649923 320.093 61.7432 -881.336 -0.175929 2.06083 0.650806 -320.093 111.751 328.299 0.175929
-1.86539 0.276096 320.069 -70.8445 -841.679 -0.202116 1.86425 -0.274894 -320.069 -2.45929 341.154 0.202116
-1.67777 1.30802 320.059 -218.928 -799.111 -0.225499 1.67691 -1.30685 -320.059 -129.45 348.645 0.225499
-1.52389 2.3012 320.034 -361.365 -756.145 -0.245384 1.52351 -2.29969 -320.034 -251.711 346.734 0.245384
-1.38285 3.10985 320.015 -477.243 -710.018 -0.261199 1.38283 -3.10855 -320.015 -351.416 338.272 0.261199
-1.23537 3.57047 320.008 -543.118 -658.147 -0.272493 1.23576 -3.56985 -320.008 -408.415 325.79 0.272493
-1.08815 3.54729 320.006 -539.221 -600.312 -0.278936 1.08894 -3.54667 -320.006 -406.135 307.296 0.278936
-0.947682 3.02553 320.008 -463.379 -535.525 -0.28033 0.94885 -3.02493 -320.008 -342.9 280.08 0.28033
-0.811712 2.10711 320.018 -330.369 -462.827 -0.276618 0.813195 -2.10655 -320.018 -231.105 243.789 0.276618
-0.671145 0.958045 320.051 -163.655 -380.441 -0.267873 0.672302 -0.957642 -320.051 -91.5493 199.15 0.267873
-0.546359 -0.212127 320.074 6.31957 -292.562 -0.254284 0.546991 0.212355 -320.074 50.369 144.862 0.254284
-0.43647 -1.20222 320.078 150.335 -203.063 -0.236179 0.436698 1.20222 -320.078 170.238 84.9835 0.236179
-0.307197 -1.84727 320.095 244.329 -113.048 -0.214012 0.30716 1.84723 -320.095 248.179 29.7379 0.214012
-0.119774 -2.02479 320.082 271.17 -19.0864 -0.188347 0.12013 2.02526 -320.082 268.722 -14.048 0.188347
0.112464 -1.66376 320.046 220.546 77.3291 -0.159828 -0.111963 1.66437 -320.046 223.125 -48.3152 0.159828
0.319215 -0.800315 320.022 97.469 169.513 -0.129184 -0.319123 0.801005 -320.022 116.05 -85.0727 0.129184
0.472736 0.444527 320.008 -81.212 254.455 -0.097222 -0.47262 -0.44325 -320.008 -37.0169 -128.84 0.097222
0.627884 1.90227 319.953 -291.2 335.162 -0.0647989 -0.627796 -1.90055 -319.953 -215.546 -167.951 0.0647989
0.822879 3.35767 319.907 -500.738 412.564 -0.0327746 -0.823251 -3.35584 -319.907 -393.943 -193.107 0.0327746
1.00718 4.57021 319.898 -675.158 479.583 -0.00198931 -1.00799 -4.56848 -319.898 -542.751 -210.768 0.00198931
1.15051 5.33018 319.888 -784.334 532.232 0.0267406 -1.15047 -5.32826 -319.888 -636.127 -225.191 -0.0267406
1.29572 5.52416 319.883 -811.839 575.246 0.0526331 -1.29541 -5.5221 -319.883 -660.312 -229.436 -0.0526331
1.43435 5.13252 319.919 -754.949 608.887 0.0749851 -1.4343 -5.13083 -319.919 -612.857 -226.03 -0.0749851
1.49203 4.20344 319.966 -620.749 624.751 0.0932176 -1.49217 -4.20211 -319.966 -499.45 -226.465 -0.0932176
1.47164 2.8659 320.01 -427.502 621.68 0.106875 -1.47201 -2.86455 -320.01 -336.163 -228.807 -0.106875
1.43043 1.35494 320.053 -209.355 603.714 0.115628 -1.43105 -1.35349 -320.053 -151.536 -221.849 -0.115628
1.38008 -0.0723536 320.103 -3.3196 570.238 0.119307 -1.38103 0.073687 -320.103 22.8705 -201.858 -0.119307
1.28851 -1.20497 320.115 159.89 517.275 0.117898 -1.28932 1.20583 -320.115 161.506 -173.482 -0.117898
1.14709 -1.93444 320.118 264.498 445.276 0.111516 -1.14761 1.93472 -320.118 251.269 -139.425 -0.111516
0.959325 -2.23169 320.116 306.435 356.433 0.100396 -0.959751 2.23184 -320.116 288.553 -100.891 -0.100396
0.726981 -2.11741 320.111 288.672 253.873 0.0848803 -0.727164 2.11737 -320.111 275.832 -60.5733 -0.0848803
0.458494 -1.67329 320.085 222.978 140.685 0.0653954 -0.458334 1.673 -320.085 223.111 -19.298 -0.0653954
0.166643 -1.00404 320.09 124.886 21.415 0.0424367 -0.166691 1.00444 -320.09 142.905 21.8913 -0.0424367
-0.162345 -0.181916 320.085 4.80273 -103.414 0.0165583 0.162292 0.182705 -320.085 43.8992 58.709 -0.0165583
-0.520094 0.709078 320.095 -125.418 -231.659 -0.01165 0.519959 -0.708218 -320.095 -63.3684 91.2898 0.01165
-0.881888 1.5718 320.09 -251.735 -359.519 -0.0415731 0.8814 -1.57035 -320.09 -166.935 122.449 0.0415731
-1.22775 2.34235 320.094 -364.366 -482.009 -0.0725685 1.22718 -2.34043 -320.094 -259.633 152.459 0.0725685
-1.55772 2.9843 320.097 -457.98 -597.41 -0.103974 1.5567 -2.98218 -320.097 -337.107 179.679 0.103974
-1.89761 3.46378 320.081 -527.808 -708.817 -0.135125 1.89583 -3.46128 -320.081 -395.036 200.321 0.135125
-2.22205 3.74854 320.052 -569.565 -813.351 -0.165376 2.22064 -3.74626 -320.052 -429.211 218.075 0.165376
-2.46591 3.76113 320.034 -572.342 -903.602 -0.194098 2.46467 -3.75996 -320.034 -429.935 243.071 0.194098
-2.6217 3.40399 320.009 -521.692 -975.846 -0.220682 2.62044 -3.40301 -320.009 -385.409 273.585 0.220682
-2.75096 2.67776 319.997 -417.916 -1033.18 -0.244547 2.74993 -2.67697 -319.997 -295.624 296.272 0.244547
-2.86924 1.66401 320.006 -272.581 -1075.95 -0.265169 2.86833 -1.6637 -320.006 -170.796 307.383 0.265169
-2.92775 0.506142 320.031 -106.413 -1098.7 -0.282093 2.92677 -0.505616 -320.031 -28.2936 314.477 0.282093
-2.90293 -0.582258 320.037 49.9729 -1099.8 -0.294919 2.90192 0.583403 -320.037 105.528 322.172 0.294919
-2.80867 -1.37374 320.06 163.882 -1081.74 -0.303297 2.80773 1.37463 -320.06 202.561 329.243 0.303297
-2.67714 -1.73627 320.085 216.378 -1048.84 -0.306962 2.67597 1.73706 -320.085 246.687 331.495 0.306962
-2.53642 -1.62049 320.089 200.248 -1005.74 -0.305758 2.53513 1.62153 -320.089 231.985 326.026 0.305758
-2.36287 -1.04558 320.082 118.154 -951.793 -0.299637 2.36228 1.04657 -320.082 160.824 318.376 0.299637
-2.12061 -0.123551 320.074 -13.6247 -883.99 -0.288654 2.12014 0.124464 -320.074 46.8133 315.291 0.288654
-1.84811 0.95939 320.064 -168.672 -805.382 -0.272965 1.84767 -0.958816 -320.064 -86.8551 309.501 0.272965
-1.60979 1.96804 320.033 -313.01 -722.484 -0.252853 1.6096 -1.9678 -320.033 -211.43 290.309 0.252853
-1.39564 2.7051 320.007 -418.245 -635.193 -0.228739 1.39563 -2.70456 -320.007 -302.628 260.316 0.228739
-1.16633 3.07255 320.014 -470.202 -541.2 -0.201171 1.16616 -3.07163 -320.014 -348.57 227.723 0.201171
-0.930072 3.0529 320.006 -466.308 -443.611 -0.170783 0.929694 -3.05209 -320.006 -347.245 193.401 0.170783
-0.705971 2.67149 320.017 -410.125 -345.058 -0.138292 0.705624 -2.67057 -320.017 -301.748 154.846 0.138292
-0.496414 2.01014 320.052 -313.203 -247.305 -0.1045 0.496057 -2.0091 -320.052 -222.368 113.217 0.1045
-0.299976 1.17997 320.058 -192.116 -152.466 -0.0702708 0.299634 -1.17953 -320.058 -122.25 70.9981 0.0702708
-0.119311 0.262876 320.09 -58.828 -62.7288 -0.0364902 0.118762 -0.262872 -320.09 -11.1391 29.6947 0.0364902
0.0337387 -0.650356 320.117 73.8816 19.99 -0.00404477 -0.0345268 0.650294 -320.117 99.5702 -11.9607 0.00404477
0.161698 -1.44978 320.119 190.139 94.4687 0.0262191 -0.1623 1.44938 -320.119 196.359 -52.1401 -0.0262191
0.289465 -2.04968 320.141 277.471 162.2 0.0535196 -0.289938 2.0489 -320.141 268.882 -85.6388 -0.0535196
0.420067 -2.39561 320.155 328.129 223.601 0.0771369 -0.420629 2.39483 -320.155 310.434 -112.046 -0.0771369
0.516092 -2.42748 320.145 333.373 274.562 0.0964367 -0.516575 2.427 -320.145 313.724 -137.275 -0.0964367
0.570955 -2.11404 320.141 288.686 314.218 0.110903 -0.571441 2.11348 -320.141 274.847 -162.18 -0.110903
0.608466 -1.48285 320.142 197.913 344.709 0.120144 -0.609179 1.48247 -320.142 197.395 -182.543 -0.120144
0.636539 -0.590497 320.109 69.3164 365.68 0.123898 -0.637304 0.590962 -320.109 88.2387 -195.954 -0.123898
0.657771 0.502553 320.073 -88.5049 377.065 0.122044 -0.65855 -0.501698 -320.073 -45.2499 -201.639 -0.122044
0.67705 1.68072 320.047 -258.718 379.667 0.114608 -0.677496 -1.67959 -320.047 -189.051 -199.139 -0.114608
0.696246 2.77858 320.01 -417.423 374.603 0.101761 -0.696413 -2.77749 -320.01 -322.994 -189.016 -0.101761
0.709922 3.61716 319.958 -538.615 363.144 0.0838355 -0.709869 -3.61609 -319.958 -425.336 -173.983 -0.0838355
0.717503 4.06981 319.926 -604.108 346.958 0.0613263 -0.716782 -4.06849 -319.926 -480.466 -155.925 -0.0613263
0.740858 4.08921 319.914 -607.05 330.394 0.0348819 -0.739692 -4.08779 -319.914 -482.683 -133.264 -0.0348819
0.759999 3.70381 319.906 -551.519 312.741 0.00528315 -0.759228 -3.70233 -319.906 -435.472 -110.532 -0.00528315
0.714168 3.0054 319.913 -450.807 286.926 -0.0265771 -0.714048 -3.00383 -319.913 -350.005 -96.925 0.0265771
0.624638 2.12423 319.943 -323.696 252.66 -0.0597264 -0.624202 -2.12294 -319.943 -242.27 -86.6573 0.0597264
0.586664 1.19127 319.976 -189.232 218.331 -0.0931422 -0.586207 -1.19035 -319.976 -128.093 -62.5677 0.0931422
0.608007 0.32908 320.007 -65.0502 185.338 -0.12577 -0.607208 -0.328218 -320.007 -22.4582 -24.0666 0.12577
0.628609 -0.341049 320.047 31.1634 150.427 -0.156567 -0.626841 0.341671 -320.047 59.9265 16.0649 0.156567
0.603868 -0.741213 320.072 88.1769 112.271 -0.184573 -0.602259 0.741615 -320.072 109.552 47.512 0.184573
0.513516 -0.83263 320.072 100.721 69.0308 -0.208954 -0.512021 0.833272 -320.072 121.41 66.5599 0.208954
0.401122 -0.604874 320.076 67.2767 24.131 -0.228996 -0.399655 0.605507 -320.076 94.144 81.3873 0.228996
0.319342 -0.106195 320.073 -5.18085 -18.0981 -0.244117 -0.318301 0.106734 -320.073 33.6631 101.756 0.244117
0.250566 0.562247 320.053 -101.981 -59.7285 -0.253907 -0.249717 -0.561607 -320.053 -47.7011 124.959 0.253907
0.13955 1.28847 320.035 -207.24 -106.963 -0.258158 -0.139084 -1.28773 -320.035 -136.008 142.53 0.258158
-0.0328963 1.95481 320.027 -304.065 -162.459 -0.256882 0.0329166 -1.95403 -320.027 -216.796 151.993 0.256882
-0.245088 2.45421 320.004 -376.982 -224.829 -0.250294 0.244691 -2.45337 -320.004 -276.988 157.723 0.250294
-0.463572 2.70398 319.992 -413.985 -291.284 -0.238767 0.462864 -2.7032 -319.992 -306.569 165.832 0.238767
-0.67059 2.64412 320.006 -406.374 -359.277 -0.22283 0.670133 -2.64378 -320.006 -298.279 178.447 0.22283
-0.867958 2.24402 320.024 -349.604 -426.633 -0.203166 0.867639 -2.24386 -320.024 -248.421 193.006 0.203166
-1.07058 1.54475 320.044 -249.653 -491.373 -0.1806 1.07072 -1.54456 -320.044 -161.969 203.514 0.1806
-1.27456 0.655899 320.09 -122.174 -550.345 -0.156031 1.27506 -0.655765 -320.09 -52.5209 207.929 0.156031
-1.45763 -0.282964 320.114 12.5689 -598.114 -0.13038 1.458 0.282925 -320.114 62.9767 206.81 0.13038
-1.62394 -1.14058 320.143 135.783 -633.774 -0.104537 1.624 1.14047 -320.143 168.361 198.113 0.104537
-1.7571 -1.79824 320.177 230.197 -655.552 -0.0793461 1.75729 1.79797 -320.177 249.231 184.348 0.0793461
-1.8186 -2.18418 320.187 285.602 -659.503 -0.055609 1.81864 2.18367 -320.187 296.67 171.933 0.055609
-1.82138 -2.27699 320.183 299.089 -647.156 -0.0340416 1.82099 2.27636 -320.183 307.905 158.949 0.0340416
-1.80053 -2.09829 320.185 273.691 -622.531 -0.0152312 1.8002 2.09748 -320.185 285.644 139.958 0.0152312
-1.73101 -1.71354 320.173 218.784 -583.311 0.000364305 1.731 1.71246 -320.173 237.954 119.345 -0.000364305
-1.58047 -1.2202 320.147 148.363 -526.062 0.0124114 1.58038 1.21891 -320.147 176.841 102.385 -0.0124114
-1.37756 -0.716492 320.123 76.6561 -453.909 0.0207147 1.37758 0.71524 -320.123 114.282 84.488 -0.0207147
-1.14067 -0.261062 320.112 12.0311 -368.784 0.0252098 1.14116 0.260125 -320.112 57.5478 62.66 -0.0252098
-0.861102 0.109071 320.096 -39.7313 -271.328 0.0259439 0.861771 -0.110022 -320.096 10.6422 39.9453 -0.0259439
-0.541967 0.371674 320.066 -75.9409 -162.814 0.0230861 0.542526 -0.3726 -320.066 -23.1483 16.7811 -0.0230861
-0.215003 0.492918 320.065 -91.9488 -48.8218 0.0169339 0.215692 -0.494086 -320.065 -39.4952 -9.78714 -0.0169339
0.128522 0.437017 320.065 -82.175 70.1598 0.00788222 -0.127672 -0.4385 -320.065 -34.4141 -36.9259 -0.00788222
0.500532 0.196368 320.065 -45.9801 193.42 -0.00360446 -0.499645 -0.197859 -320.065 -6.46663 -60.7354 0.00360446
0.890373 -0.180517 320.089 9.59867 317.736 -0.0169966 -0.888865 0.179364 -320.089 38.4587 -80.9328 0.0169966
1.30613 -0.593778 320.103 70.3041 443.387 -0.0317087 -1.30341 0.592922 -320.103 87.9482 -95.6418 0.0317087
1.72904 -0.937078 320.099 120.901 569.253 -0.0471171 -1.7264 0.936248 -320.099 128.861 -108.493 0.0471171
2.08607 -1.1385 320.112 151.001 687.169 -0.0625832 -2.08305 1.13764 -320.112 152.445 -131.015 0.0625832
2.38613 -1.17368 320.126 156.872 797.274 -0.0774901 -2.38269 1.17247 -320.126 155.901 -160.923 0.0774901
2.68149 -1.06265 320.112 141.785 902.397 -0.0912538 -2.67838 1.06139 -320.112 141.384 -187.019 0.0912538
2.9564 -0.825256 320.091 108.576 998.046 -0.103306 -2.95356 0.824165 -320.091 111.333 -209.125 0.103306
3.16774 -0.463797 320.059 57.2238 1076.73 -0.113123 -3.16495 0.463044 -320.059 66.3779 -231.277 0.113123
3.31334 0.00472289 320.029 -9.82478 1135.86 -0.120287 -3.31085 -0.00541426 -320.029 8.54513 -251.4 0.120287
3.39902 0.530335 320.005 -85.1191 1173.79 -0.124501 -3.39681 -0.530939 -320.005 -56.2567 -266.35 0.124501
3.42932 1.04221 319.963 -158.672 1189.63 -0.125567 -3.42709 -1.04289 -319.963 -119.159 -274.069 0.125567
3.41444 1.45928 319.934 -218.85 1184.37 -0.123414 -3.41212 -1.45994 -319.934 -170.152 -272.799 0.123414
3.34303 1.71327 319.923 -255.821 1157.48 -0.118117 -3.3409 -1.71387 -319.923 -200.875 -264.973 0.118117
3.19064 1.7592 319.913 -263.247 1107.2 -0.109906 -3.18851 -1.75992 -319.913 -205.706 -255.429 0.109906
2.97546 1.57008 319.917 -237.074 1036.84 -0.0991601 -2.97308 -1.57087 -319.917 -181.475 -242.626 0.0991601
2.74282 1.14964 319.96 -177.201 953.17 -0.0863818 -2.74021 -1.15048 -319.96 -129.281 -221.203 0.0863818
2.49485 0.544408 319.973 -90.6836 859.324 -0.0721524 -2.49231 -0.545588 -319.973 -54.5103 -193.683 0.0721524
2.19588 -0.185793 320.017 13.9669 754.202 -0.0571111 -2.19332 0.184483 -320.017 35.4654 -168.511 0.0571111
1.85617 -0.916235 320.075 118.749 641.673 -0.0419469 -1.8535 0.915767 -320.075 125.503 -146.816 0.0419469
1.51865 -1.46981 320.098 197.799 528.217 -0.0273575 -1.51605 1.46958 -320.098 194.048 -123.59 0.0273575
1.20699 -1.71156 320.11 231.721 418.372 -0.0139935 -1.20441 1.7116 -320.11 224.605 -97.0854 0.0139935
0.917726 -1.56479 320.128 209.576 314.051 -0.00242902 -0.915189 1.56566 -320.128 207.741 -70.1212 0.00242902
0.634615 -0.989745 320.122 125.477 215.202 0.0068488 -0.632528 0.991043 -320.122 138.617 -46.916 -0.0068488
0.354524 -0.0475227 320.097 -11.4935 122.344 0.0134445 -0.352663 0.0488448 -320.097 24.435 -28.904 -0.0134445
0.107944 1.10907 320.053 -179.4 38.7775 0.0170626 -0.106158 -1.10758 -320.053 -115.933 -11.25 -0.0170626
-0.0678499 2.27509 320.013 -348.435 -30.6764 0.0175301 0.069395 -2.27368 -320.013 -257.721 11.2025 -0.0175301
-0.195921 3.22338 319.983 -485.88 -87.9573 0.0148119 0.197255 -3.22261 -319.983 -373.133 34.2222 -0.0148119
-0.309378 3.74385 319.952 -561.619 -135.952 0.00898692 0.310621 -3.74319 -319.952 -436.144 51.8618 -0.00898692
-0.390311 3.72657 319.942 -559.618 -171.994 0.000217828 0.391792 -3.726 -319.942 -433.549 66.2001 -0.000217828
-0.41066 3.19874 319.968 -483.748 -193.016 -0.0112369 0.41218 -3.19794 -319.968 -368.69 81.7191 0.0112369
-0.395186 2.293 320.003 -353.203 -201.486 -0.0250068 0.396306 -2.29219 -320.003 -257.799 94.3201 0.0250068
-0.412608 1.19877 320.044 -195.524 -206.173 -0.0406354 0.412748 -1.19802 -320.044 -123.81 94.4733 0.0406354
-0.478515 0.116699 320.091 -39.6649 -212.74 -0.0576225 0.478323 -0.115892 -320.091 8.77532 83.5096 0.0576225
-0.517546 -0.764313 320.127 87.1848 -217.138 -0.0754423 0.517155 0.765096 -320.127 116.765 77.5212 0.0754423
-0.50723 -1.30247 320.137 164.593 -219.549 -0.0935341 0.506251 1.30328 -320.137 182.81 82.7412 0.0935341
-0.517353 -1.41796 320.132 181.042 -228.118 -0.111314 0.516271 1.4189 -320.132 197.165 88.5976 0.111314
-0.589966 -1.09649 320.112 134.41 -247.428 -0.12823 0.588739 1.09757 -320.112 158.125 88.534 0.12823
-0.701392 -0.397978 320.074 33.3645 -275.457 -0.1438 0.699915 0.399098 -320.074 72.9815 86.8469 0.1438
-0.810805 0.547625 320.028 -103.415 -308.256 -0.1576 0.809425 -0.54661 -320.028 -42.311 90.4037 0.1576
-0.899551 1.56069 319.987 -250.015 -343.146 -0.16926 0.898133 -1.55982 -319.987 -165.77 101.563 0.16926
-0.986464 2.45765 319.954 -379.86 -380.327 -0.178491 0.98515 -2.45677 -319.954 -275.015 115.471 0.178491
-1.09105 3.08908 319.944 -471.222 -419.712 -0.185102 1.08984 -3.08827 -319.944 -351.976 126.867 0.185102
-1.21673 3.36193 319.943 -510.859 -460.949 -0.189003 1.21537 -3.36119 -319.943 -385.077 134.525 0.189003
-1.34721 3.24389 319.96 -494.264 -501.978 -0.190198 1.34585 -3.24319 -319.96 -370.212 140.678 0.190198
-1.4484 2.76597 319.999 -425.896 -538.931 -0.188751 1.44737 -2.76534 -319.999 -311.194 150.515 0.188751
-1.5027 2.00615 320.049 -316.738 -568.689 -0.184774 1.50204 -2.00561 -320.049 -217.825 165.655 0.184774
-1.53269 1.07508 320.097 -182.854 -590.973 -0.178441 1.53231 -1.07481 -320.097 -103.559 179.833 0.178441
-1.56254 0.0874096 320.129 -40.7799 -605.767 -0.170004 1.56264 -0.0873081 -320.129 17.6178 186.554 0.170004
-1.56516 -0.840481 320.162 92.9001 -608.342 -0.15976 1.56578 0.840459 -320.162 131.259 188.347 0.15976
-1.50916 -1.59587 320.183 201.993 -594.187 -0.148018 1.5099 1.59579 -320.183 223.514 189.124 0.148018
-1.415 -2.08476 320.181 272.836 -564.979 -0.135095 1.41566 2.08468 -320.181 282.988 185.089 0.135095
-1.31406 -2.25391 320.172 297.725 -524.519 -0.121332 1.31457 2.25372 -320.172 303.172 171.661 0.121332
-1.19891 -2.10051 320.157 276.216 -473.829 -0.107112 1.19922 2.10027 -320.157 283.78 151.83 0.107112
-1.04346 -1.66708 320.13 214.429 -412.342 -0.0928333 1.04365 1.66682 -320.13 230.029 131.959 0.0928333
-0.835764 -1.02938 320.107 123.256 -340.221 -0.0788698 0.836124 1.02906 -320.107 151.206 115.359 0.0788698
-0.592905 -0.293438 320.088 18.3342 -260.418 -0.0655618 0.593611 0.293096 -320.088 59.9502 100.442 0.0655618
-0.346033 0.44642 320.061 -86.973 -175.978 -0.0532295 0.346599 -0.446493 -320.061 -31.9259 82.0409 0.0532295
-0.12415 1.11677 320.045 -182.353 -90.8264 -0.0421719 0.124822 -1.11658 -320.045 -115.202 56.2474 0.0421719
0.0911787 1.65806 320.038 -259.271 -4.62542 -0.0326463 -0.0903897 -1.65782 -320.038 -182.565 27.6627 0.0326463
0.330771 2.01024 320.039 -309.045 84.6877 -0.0248388 -0.330323 -2.00995 -320.039 -226.663 2.49104 0.0248388
0.568061 2.13243 320.041 -325.812 172.311 -0.018854 -0.567699 -2.13205 -320.041 -242.458 -21.6485 0.018854
0.782488 2.01803 320.035 -308.538 253.683 -0.0147411 -0.781844 -2.01761 -320.035 -229.235 -45.696 0.0147411
0.990396 1.6892 320.047 -260.361 329.412 -0.0125152 -0.989472 -1.68888 -320.047 -189.774 -65.858 0.0125152
1.18106 1.20094 320.066 -189.338 397.779 -0.0121455 -1.18012 -1.20058 -320.066 -130.644 -83.2374 0.0121455
1.32257 0.644222 320.07 -108.433 455.451 -0.0135432 -1.32167 -0.643681 -320.07 -63.128 -103.038 0.0135432
1.39205 0.136486 320.058 -34.7239 498.587 -0.0165734 -1.39161 -0.135935 -320.058 -1.49556 -127.467 0.0165734
1.41009 -0.238428 320.058 19.6623 527.141 -0.0210675 -1.40979 0.238552 -320.058 43.997 -151.099 0.0210675
1.42302 -0.446861 320.049 49.9044 544.19 -0.0268191 -1.4226 0.446723 -320.049 69.2791 -164.662 0.0268191
1.44501 -0.45459 320.023 51.1029 551.164 -0.0335774 -1.44456 0.455057 -320.023 70.2211 -165.762 0.0335774
1.42915 -0.210005 320 15.6565 544.072 -0.0410539 -1.42883 0.210612 -320 40.49 -162.898 0.0410539
1.33784 0.284085 319.98 -56.0017 519.712 -0.0489473 -1.33758 -0.283501 -319.98 -19.558 -162.917 0.0489473
1.1833 0.964078 319.953 -154.572 479.021 -0.0569673 -1.18365 -0.963103 -319.953 -102.192 -163.417 0.0569673
0.989741 1.74655 319.928 -268.077 422.976 -0.0648377 -0.990591 -1.7454 -319.928 -197.238 -159.017 0.0648377
0.784461 2.49731 319.93 -377.125 353.348 -0.0722989 -0.785401 -2.49667 -319.93 -288.377 -144.258 0.0722989
0.572272 3.03216 319.923 -455.1 270.971 -0.0791375 -0.573611 -3.03193 -319.923 -353.024 -118.595 0.0791375
0.324568 3.20198 319.924 -480.395 174.312 -0.0852118 -0.325961 -3.20165 -319.924 -372.979 -88.2011 0.0852118
0.048079 2.95851 319.956 -446.177 66.2639 -0.0904538 -0.0489234 -2.95832 -319.956 -342.314 -54.205 0.0904538
-0.18878 2.32395 320.017 -355.544 -41.6367 -0.0948622 0.18881 -2.32398 -320.017 -263.828 -9.86015 0.0948622
-0.389788 1.39009 320.065 -222.209 -145.86 -0.0984791 0.389511 -1.39016 -320.065 -148.234 40.513 0.0984791
-0.653833 0.297795 320.099 -66.4528 -254.964 -0.101377 0.653199 -0.297983 -320.099 -12.8406 78.9796 0.101377
-0.975522 -0.784714 320.154 87.8743 -367.949 -0.103688 0.975274 0.784461 -320.154 121.381 105.876 0.103688
-1.24614 -1.69799 320.21 218.249 -473.474 -0.105597 1.24571 1.69782 -320.21 234.463 139.01 0.105597
-1.43119 -2.30247 320.2 304.091 -566.052 -0.107271 1.43082 2.30219 -320.2 309.739 181.985 0.107271
-1.59721 -2.5376 320.2 336.527 -650.39 -0.108833 1.59699 2.53701 -320.2 339.941 221.804 0.108833
-1.78393 -2.42222 320.218 318.63 -728.445 -0.110409 1.78374 2.4216 -320.218 327.083 249.874 0.110409
-1.96406 -1.99648 320.192 256.448 -795.938 -0.112139 1.96406 1.99645 -320.192 275.859 269.155 0.112139
-2.09878 -1.30407 320.144 156.17 -848.348 -0.114118 2.09869 1.30428 -320.144 191.603 285.533 0.114118
-2.1932 -0.448938 320.134 32.7463 -885.673 -0.116381 2.19272 0.448987 -320.134 87.062 297.651 0.116381
-2.2768 0.398136 320.119 -89.232 -910.713 -0.118915 2.27601 -0.398423 -320.119 -16.8 300.396 0.118915
-2.34616 1.06915 320.092 -185.883 -923.824 -0.121681 2.34512 -1.06944 -320.092 -99.0141 295.039 0.121681
-2.36788 1.44657 320.08 -240.148 -922.663 -0.124629 2.36697 -1.44692 -320.08 -145.361 288.087 0.124629
-2.32325 1.47754 320.087 -244.371 -905.368 -0.127676 2.32221 -1.47814 -320.087 -149.428 282.751 0.127676
-2.24404 1.1622 320.1 -198.643 -875.309 -0.130693 2.24301 -1.16295 -320.1 -111.119 273.881 0.130693
-2.15223 0.563083 320.113 -111.974 -834.89 -0.133534 2.15148 -0.563917 -320.113 -38.1009 258.004 0.133534
-2.03274 -0.210677 320.132 0.0912441 -782.639 -0.136064 2.03198 0.209701 -320.132 56.0661 237.742 0.136064
-1.8948 -1.0143 320.149 116.558 -721.05 -0.138156 1.89363 1.01354 -320.149 153.84 213.142 0.138156
-1.7473 -1.67739 320.162 212.908 -652.846 -0.139681 1.74615 1.67717 -320.162 234.312 184.439 0.139681
-1.56791 -2.04686 320.155 267.183 -577.55 -0.140512 1.56696 2.04674 -320.155 278.533 157.132 0.140512
-1.35313 -2.0291 320.127 265.702 -496.523 -0.140544 1.35197 2.02939 -320.127 275.331 133.591 0.140544
-1.14048 -1.59496 320.1 204.098 -414.791 -0.139692 1.13936 1.59572 -320.1 221.272 108.752 0.139692
-0.929052 -0.802061 320.073 90.6409 -332.757 -0.137896 0.928565 0.802366 -320.073 123.311 83.2086 0.137896
-0.682634 0.162646 320.029 -47.096 -247.497 -0.135119 0.682646 -0.162875 -320.029 3.82134 63.7851 0.135119
-0.399381 1.09289 319.982 -179.824 -157.289 -0.131328 0.399568 -1.09301 -319.982 -111.404 49.2788 0.131328
-0.132952 1.82306 319.967 -283.869 -66.9293 -0.126488 0.133472 -1.82342 -319.967 -202.029 30.1224 0.126488
0.113492 2.23717 319.972 -342.517 23.1833 -0.120591 -0.11265 -2.23774 -319.972 -253.796 5.89235 0.120591
0.362305 2.27055 319.989 -346.385 114.741 -0.113663 -0.362093 -2.27125 -319.989 -258.845 -19.0278 0.113663
0.580672 1.93266 320.002 -296.73 200.044 -0.105733 -0.580921 -1.93355 -320.002 -218.461 -45.845 0.105733
0.753516 1.29717 320.042 -204.258 273.208 -0.0968398 -0.754211 -1.29815 -320.042 -141.551 -72.6871 0.0968398
0.882419 0.482045 320.088 -86.0614 329.768 -0.0870559 -0.883842 -0.483145 -320.088 -42.4857 -94.6428 0.0870559
0.996862 -0.38424 320.113 39.4197 370.149 -0.0765033 -0.997297 0.382967 -320.113 62.9247 -104.556 0.0765033
1.11709 -1.18329 320.118 155.057 396.872 -0.0653484 -1.11741 1.18186 -320.118 160.26 -99.2058 0.0653484
1.17087 -1.82471 320.133 247.722 404.458 -0.0538082 -1.17145 1.82314 -320.133 238.552 -92.4208 0.0538082
1.09273 -2.25424 320.128 309.557 387.088 -0.04216 -1.09286 2.25253 -320.128 291.194 -95.9716 0.04216
0.955141 -2.45851 320.108 338.696 352.693 -0.0307444 -0.955181 2.45666 -320.108 316.486 -98.3316 0.0307444
0.820977 -2.45667 320.099 337.87 308.344 -0.0199415 -0.821519 2.45468 -320.099 316.805 -89.7843 0.0199415
0.656812 -2.29591 320.085 313.987 251.255 -0.0101356 -0.65733 2.29377 -320.085 297.818 -76.5965 0.0101356
0.446818 -2.03537 320.073 275.51 181.269 -0.00172081 -0.447086 2.03306 -320.073 266.824 -62.7863 0.00172081
0.220431 -1.74257 320.086 232.162 103.872 0.0048864 -0.22067 1.74004 -320.086 232.097 -45.926 -0.0048864
-0.00683222 -1.48275 320.105 193.566 23.0533 0.00929127 0.00692541 1.48006 -320.105 201.418 -25.9309 -0.00929127
-0.232478 -1.30662 320.116 167.049 -58.1423 0.0111667 0.232678 1.30379 -320.116 180.969 -5.10055 -0.0111667
-0.459734 -1.24024 320.15 156.461 -136.955 0.0102583 0.459818 1.23749 -320.15 173.877 12.9543 -0.0102583
-0.694723 -1.2832 320.185 161.612 -212.926 0.00639076 0.694533 1.28048 -320.185 180.185 26.1392 -0.00639076
-0.92406 -1.42272 320.215 180.631 -285.192 -0.000516582 0.923619 1.42008 -320.215 198.369 37.1374 0.000516582
-1.12131 -1.63637 320.229 210.667 -350.851 -0.0104345 1.12053 1.63394 -320.229 225.313 50.1052 0.0104345
-1.27408 -1.86194 320.237 242.515 -408.297 -0.0232037 1.27313 1.86017 -320.237 253.684 66.7031 0.0232037
-1.3943 -2.00669 320.242 262.788 -458.918 -0.0385314 1.39317 2.00558 -320.242 272.084 85.1676 0.0385314
-1.48776 -2.01716 320.221 263.663 -502.935 -0.056018 1.4868 2.01553 -320.221 273.931 104.128 0.056018
-1.53807 -1.94352 320.187 252.525 -537.832 -0.0751783 1.53742 1.9414 -320.187 265.376 125.465 0.0751783
-1.52787 -1.86206 320.16 240.487 -560.186 -0.0954431 1.52783 1.86003 -320.16 255.714 150.371 0.0954431
-1.45871 -1.813 320.134 233.285 -567.796 -0.11617 1.45925 1.81068 -320.134 249.8 176.282 0.11617
-1.36828 -1.81403 320.113 233.511 -562.638 -0.136677 1.36865 1.81178 -320.113 249.858 195.231 0.136677
-1.287 -1.85129 320.108 239.097 -547.786 -0.156285 1.28768 1.84913 -320.108 254.217 202.024 0.156285
-1.1971 -1.89036 320.116 245.063 -522.978 -0.174338 1.19723 1.88805 -320.116 258.643 201.304 0.174338
-1.08969 -1.89756 320.127 246.56 -490.466 -0.190217 1.08927 1.89541 -320.127 259.087 197.571 0.190217
-0.956842 -1.83459 320.141 237.988 -452.496 -0.203358 0.956888 1.83258 -320.141 250.89 195.034 0.203358
-0.785428 -1.67722 320.153 215.834 -408.908 -0.21328 0.78543 1.67524 -320.153 231.098 197.232 0.21328
-0.615626 -1.43445 320.162 181.35 -363.648 -0.219612 0.615822 1.43256 -320.162 200.879 197.304 0.219612
-0.488324 -1.13703 320.158 138.926 -320.634 -0.222107 0.488792 1.13529 -320.158 164.043 188.292 0.222107
-0.384129 -0.819297 320.147 93.6481 -278.092 -0.220647 0.384873 0.817925 -320.147 124.674 173.602 0.220647
-0.271078 -0.510767 320.128 49.9562 -233.095 -0.215242 0.271981 0.509633 -320.128 86.1538 158.839 0.215242
-0.173589 -0.233875 320.1 10.8015 -188.156 -0.206018 0.173618 0.232942 -320.1 51.5252 140.13 0.206018
-0.150401 -0.00576415 320.074 -21.4713 -151.516 -0.193227 0.15 0.00515544 -320.074 23.0347 109.857 0.193227
-0.193736 0.178906 320.051 -47.6659 -126.076 -0.177265 0.192257 -0.179261 -320.051 0.0364117 73.1241 0.177265
-0.243138 0.335846 320.023 -70.0568 -109.644 -0.158637 0.241576 -0.336092 -320.023 -19.3927 43.6192 0.158637
-0.236094 0.481951 319.999 -90.9401 -96.8768 -0.137911 0.235201 -0.481986 -319.999 -37.4274 32.6865 0.137911
-0.213303 0.63988 319.989 -113.604 -90.1257 -0.115706 0.211724 -0.639725 -319.989 -56.836 32.1187 0.115706
-0.297072 0.817114 319.985 -139.262 -100.422 -0.0927089 0.295431 -0.81708 -319.985 -78.4373 20.0931 0.0927089
-0.475802 0.9882 319.983 -164.217 -126.41 -0.0696715 0.474391 -0.988163 -319.983 -99.0851 -1.6096 0.0696715
-0.631397 1.10988 319.996 -182.159 -156.428 -0.0473665 0.629682 -1.10996 -319.996 -113.593 -13.0696 0.0473665
-0.743298 1.12084 320.016 -184.197 -188.007 -0.0265101 0.741236 -1.12141 -320.016 -114.541 -11.3411 0.0265101
-0.876175 0.960481 320.043 -161.635 -226.771 -0.00774314 0.874037 -0.961092 -320.043 -94.3618 -8.07537 0.00774314
-1.04379 0.630932 320.081 -114.797 -272.9 0.00832852 1.04187 -0.631172 -320.081 -53.3042 -6.75606 -0.00832852
-1.1852 0.199915 320.116 -53.3804 -318.462 0.0211472 1.18398 -0.200124 -320.116 0.176885 0.90783 -0.0211472
-1.2773 -0.242562 320.147 9.6778 -358.632 0.0302834 1.27574 0.242617 -320.147 55.1019 16.4582 -0.0302834
-1.38814 -0.607152 320.177 61.7638 -399.462 0.0354702 1.3863 0.607367 -320.177 100.223 27.6757 -0.0354702
-1.52481 -0.840445 320.179 94.8464 -441.098 0.0365651 1.52313 0.840003 -320.179 129.241 32.7632 -0.0365651
-1.61237 -0.963856 320.175 112.159 -476.013 0.0335281 1.61078 0.963261 -320.175 144.805 44.2343 -0.0335281
-1.62282 -1.00175 320.163 117.283 -500.911 0.026451 1.62129 1.00125 -320.163 149.796 66.2516 -0.026451
-1.60608 -0.939004 320.148 107.981 -519.758 0.0155753 1.60461 0.939014 -320.148 142.44 89.4775 -0.0155753
-1.60147 -0.743273 320.128 79.5377 -536.002 0.00126478 1.60015 0.743592 -320.128 118.752 106.87 -0.00126478
-1.59368 -0.409216 320.108 31.1898 -548.178 -0.0160273 1.59244 0.409631 -320.108 78.0674 121.066 0.0160273
-1.56014 0.0266205 320.091 -31.7529 -554.451 -0.0357643 1.55883 -0.026064 -320.091 24.8532 136.254 0.0357643
-1.50567 0.476529 320.08 -96.6961 -555.751 -0.0573316 1.50437 -0.476641 -320.08 -30.2198 152.048 0.0573316
-1.44601 0.811276 320.075 -144.892 -554.046 -0.0800615 1.44461 -0.811582 -320.075 -71.2799 166.243 0.0800615
-1.39743 0.939027 320.079 -163.231 -551.91 -0.103268 1.39588 -0.939236 -320.079 -86.9804 177.064 0.103268
-1.36432 0.870767 320.095 -153.295 -550.9 -0.12627 1.36276 -0.87012 -320.095 -78.6077 184.869 0.12627
-1.33909 0.705943 320.116 -129.492 -551.336 -0.148399 1.33745 -0.704793 -320.116 -58.4074 192.028 0.148399
-1.31645 0.543645 320.131 -106.123 -553.533 -0.16901 1.31482 -0.542612 -320.131 -38.5298 200.239 0.16901
-1.3062 0.440502 320.137 -91.2864 -558.982 -0.187508 1.30442 -0.43928 -320.137 -25.8475 208.414 0.187508
-1.33434 0.430232 320.133 -89.9215 -570.887 -0.203377 1.33224 -0.429197 -320.133 -24.4995 212.83 0.203377
-1.40726 0.512833 320.116 -102.012 -590.672 -0.216196 1.40516 -0.511998 -320.116 -34.4531 213.135 0.216196
-1.49972 0.664064 320.089 -124.036 -616.43 -0.225643 1.49734 -0.663165 -320.089 -52.7321 214.23 0.225643
-1.61194 0.866878 320.063 -153.569 -648.887 -0.231493 1.60896 -0.865836 -320.063 -77.2404 216.783 0.231493
-1.7647 1.10451 320.039 -188.22 -690.787 -0.23364 1.76158 -1.10344 -320.039 -105.928 217.895 0.23364
-1.93867 1.3451 320.017 -223.354 -740.063 -0.23211 1.93576 -1.34403 -320.017 -134.924 220.661 0.23211
-2.09067 1.55085 320.004 -253.475 -790.636 -0.227056 2.08814 -1.54972 -320.004 -159.639 230.544 0.227056
-2.23054 1.68398 319.997 -273.12 -840.854 -0.218727 2.22797 -1.68303 -319.997 -175.503 243.357 0.218727
-2.39769 1.70819 320.006 -277.087 -892.043 -0.207464 2.39526 -1.70733 -320.006 -178.001 249.854 0.207464
-2.57965 1.60706 320.029 -263.106 -941.048 -0.193713 2.57755 -1.60622 -320.029 -165.025 250.206 0.193713
-2.71694 1.40434 320.042 -234.405 -979.897 -0.177999 2.71506 -1.40319 -320.042 -139.647 252.343 0.177999
-2.80216 1.18397 320.066 -202.979 -1006.32 -0.160884 2.80003 -1.18215 -320.066 -112.24 256.018 0.160884
-2.89136 1.052 320.099 -184.305 -1025.57 -0.142954 2.8885 -1.04999 -320.099 -95.7105 251.556 0.142954
-2.99069 1.06883 320.107 -186.94 -1039.41 -0.12482 2.9882 -1.06663 -320.107 -97.5362 238.858 0.12482
-3.01442 1.24889 320.093 -212.821 -1039.58 -0.107094 3.01217 -1.24644 -320.093 -119.619 232.679 0.107094
-2.93662 1.58248 320.082 -260.63 -1022.52 -0.0903375 2.93435 -1.57974 -320.082 -160.695 236.398 0.0903375
-2.83064 2.03352 320.061 -325.214 -994.335 -0.0750285 2.82863 -2.03056 -320.061 -216.311 236.49 0.0750285
-2.73074 2.52562 320.022 -395.611 -957.495 -0.0615829 2.72898 -2.52296 -320.022 -277.128 226.344 0.0615829
-2.58374 2.94384 319.983 -455.221 -906.316 -0.0503465 2.58272 -2.94145 -319.983 -329.038 214.381 0.0503465
-2.33633 3.18755 319.957 -489.485 -834.615 -0.0415467 2.3358 -3.18511 -319.957 -359.733 208.725 0.0415467
-2.04128 3.20812 319.95 -491.599 -747.536 -0.0352695 2.04039 -3.20589 -319.95 -363.131 200.541 0.0352695
-1.77449 2.98873 319.953 -459.238 -653.39 -0.0314953 1.7736 -2.98674 -319.953 -337.046 177.744 0.0314953
-1.51641 2.54276 319.973 -394.095 -553.138 -0.0301326 1.51577 -2.54093 -319.973 -283.336 146.512 0.0301326
-1.20097 1.92857 320.004 -304.388 -443.251 -0.0310039 1.20023 -1.92692 -320.004 -209.351 120.99 0.0310039
-0.834839 1.24008 320.056 -203.364 -325.76 -0.0338292 0.834096 -1.23848 -320.056 -126.865 101.364 0.0338292
-0.498445 0.605263 320.077 -110.09 -211.946 -0.0382629 0.497713 -0.603623 -320.077 -50.9203 77.4861 0.0382629
-0.22868 0.138535 320.113 -41.3994 -108.627 -0.0439554 0.227799 -0.137019 -320.113 4.77959 46.3595 0.0439554
-0.00910916 -0.0889195 320.137 -7.49473 -16.6943 -0.0505727 0.00816899 0.0902965 -320.137 31.4833 13.2103 0.0505727
0.19928 -0.0661736 320.123 -9.60377 66.1924 -0.0577794 -0.200185 0.0673335 -320.123 27.4972 -13.9141 0.0577794
0.397174 0.164105 320.098 -41.8049 138.35 -0.0652383 -0.398081 -0.16337 -320.098 -1.7438 -33.1355 0.0652383
0.552484 0.499658 320.093 -89.7368 196.617 -0.0726352 -0.553628 -0.499602 -320.093 -43.3486 -49.8226 0.0726352
0.622626 0.807532 320.048 -133.85 235.005 -0.0797107 -0.623931 -0.807743 -320.048 -81.3381 -69.3797 0.0797107
0.635017 1.01356 320.006 -163.382 255.236 -0.0862733 -0.636035 -1.01345 -320.006 -106.683 -86.2754 0.0862733
0.646855 1.1108 319.998 -177.352 262.994 -0.0921718 -0.647699 -1.1107 -319.998 -118.635 -90.8773 0.0921718
0.655735 1.12383 319.99 -179.251 259.133 -0.097268 -0.65645 -1.12341 -319.99 -120.165 -84.6838 0.097268
0.622689 1.10653 319.977 -176.884 241.677 -0.101457 -0.622887 -1.10564 -319.977 -117.857 -76.1557 0.101457
0.545778 1.1095 319.986 -177.588 212.807 -0.104705 -0.545674 -1.1088 -319.986 -117.971 -67.8991 0.104705
0.446697 1.13742 320.002 -181.956 176.714 -0.10703 -0.446512 -1.13666 -320.002 -121.036 -58.3176 0.10703
0.339286 1.18261 320.008 -188.857 136.006 -0.108457 -0.339012 -1.18163 -320.008 -126.15 -46.3553 0.108457
0.240378 1.22582 320.017 -195.501 93.5874 -0.109013 -0.239809 -1.22527 -320.017 -131.08 -30.4538 0.109013
0.164098 1.21806 320.039 -194.889 53.0599 -0.108743 -0.163292 -1.21767 -320.039 -129.643 -10.4082 0.108743
0.0956089 1.11568 320.048 -180.681 14.7016 -0.107716 -0.094687 -1.11541 -320.048 -116.576 9.56436 0.107716
0.00855023 0.899513 320.06 -150.036 -22.9659 -0.106022 -0.00793101 -0.89965 -320.06 -89.6523 23.9607 0.106022
-0.103673 0.574296 320.075 -103.64 -61.2047 -0.103762 0.103983 -0.574432 -320.075 -49.3578 32.229 0.103762
-0.211808 0.203362 320.087 -50.6254 -98.4423 -0.101034 0.211918 -0.203076 -320.087 -3.43896 40.5732 0.101034
-0.288291 -0.109599 320.094 -5.97027 -132.87 -0.097939 0.28832 0.109913 -320.094 35.3336 54.5253 0.097939
-0.340176 -0.270015 320.098 16.6982 -165.194 -0.0945936 0.340369 0.270753 -320.098 55.4831 72.8982 0.0945936
-0.402674 -0.199308 320.094 5.99472 -198.266 -0.0911338 0.402568 0.200524 -320.094 47.4041 89.2551 0.0911338
-0.5078 0.140587 320.077 -43.5722 -235.222 -0.0877059 0.507432 -0.139188 -320.077 6.3944 98.1354 0.0877059
-0.642794 0.712865 320.051 -126.689 -275.527 -0.0844545 0.642137 -0.711322 -320.051 -63.014 102.41 0.0844545
-0.765419 1.38455 320.024 -224.226 -315.809 -0.0815143 0.764539 -1.38387 -320.024 -144.635 109.946 0.0815143
-0.852337 1.93192 320 -303.788 -353.448 -0.0790042 0.851623 -1.93214 -320 -211.097 124.299 0.0790042
-0.92076 2.15285 319.992 -336.152 -388.546 -0.0770314 0.920019 -2.15309 -319.992 -237.625 141.063 0.0770314
-1.0097 1.96096 320.004 -308.996 -423.734 -0.0757005 1.00902 -1.96157 -320.004 -213.679 152.442 0.0757005
-1.12404 1.3535 320.033 -221.916 -458.322 -0.0751038 1.12348 -1.35462 -320.033 -138.902 156.451 0.0751038
-1.233 0.427965 320.095 -88.6585 -489.008 -0.0752963 1.23249 -0.428378 -320.095 -25.3542 158.011 0.0752963
-1.3093 -0.592864 320.14 58.3146 -512.324 -0.0762842 1.30887 0.592605 -320.14 99.8052 160.916 0.0762842
-1.36371 -1.48182 320.177 186.328 -528.718 -0.0780371 1.36338 1.48152 -320.177 208.746 162.747 0.0780371
-1.4135 -2.06427 320.213 270.232 -539.022 -0.0805061 1.41328 2.06433 -320.213 280.147 159.744 0.0805061
-1.45484 -2.24519 320.22 296.217 -542.086 -0.0836255 1.45471 2.24468 -320.22 302.312 151.78 0.0836255
-1.46582 -2.06179 320.194 269.788 -535.116 -0.0872906 1.46577 2.0607 -320.194 279.777 141.904 0.0872906
-1.42256 -1.62591 320.16 207.161 -514.936 -0.0913471 1.42289 1.62498 -320.16 226.237 133.266 0.0913471
-1.30615 -1.04916 320.117 124.404 -478.068 -0.0956101 1.30718 1.04809 -320.117 155.237 127.426 0.0956101
-1.12542 -0.452375 320.069 38.9681 -423.025 -0.0998892 1.12673 0.4512 -320.069 81.5773 120.652 0.0998892
-0.923774 0.0702736 320.039 -35.4943 -353.035 -0.103998 0.925129 -0.0707922 -320.039 16.8081 104.581 0.103998
-0.71173 0.482701 320.028 -93.5544 -270.331 -0.107753 0.713459 -0.483069 -320.028 -35.0513 78.5673 0.107753
-0.450783 0.774616 320.005 -134.119 -172.594 -0.110963 0.452083 -0.774893 -320.005 -72.2913 50.6974 0.110963
-0.167703 0.937645 320.023 -156.177 -66.6068 -0.11344 0.168069 -0.937775 -320.023 -93.6743 20.5661 0.11344
0.112832 0.968911 320.043 -159.246 41.1624 -0.115019 -0.112133 -0.969489 -320.043 -99.0026 -12.1868 0.115019
0.440192 0.860258 320.059 -142.254 153.494 -0.115577 -0.439487 -0.8609 -320.059 -87.0441 -36.9852 0.115577
0.79773 0.628924 320.077 -107.762 265.964 -0.115018 -0.797378 -0.629565 -320.077 -59.8752 -53.8469 0.115018
1.10334 0.318377 320.101 -62.1829 367.168 -0.113261 -1.10287 -0.319245 -320.101 -22.7074 -73.3659 0.113261
1.34321 -0.0341754 320.101 -10.6027 453.709 -0.110267 -1.34291 0.0332835 -320.101 19.6831 -95.7327 0.110267
1.54217 -0.351502 320.091 35.8682 524.96 -0.106047 -1.54196 0.351384 -320.091 57.8997 -113.765 0.106047
1.72365 -0.52177 320.09 60.952 581.233 -0.100652 -1.72308 0.52195 -320.09 78.2405 -121.586 0.100652
1.8826 -0.48083 320.072 55.3592 621.698 -0.0941634 -1.88182 0.480952 -320.072 72.9117 -119.63 0.0941634
1.99525 -0.249345 320.039 22.0748 645.239 -0.0867158 -1.99373 0.249345 -320.039 44.475 -113.202 0.0867158
2.05253 0.114593 320.017 -30.4568 653.257 -0.0784922 -2.05057 -0.114423 -320.017 0.0185983 -106.004 0.0784922
2.04368 0.566685 320 -95.8191 646.548 -0.0697102 -2.04182 -0.565922 -320 -55.0487 -101.656 0.0697102
1.95891 1.08651 319.977 -171.118 624.668 -0.0606095 -1.95712 -1.08529 -319.977 -118.252 -102.405 0.0606095
1.81826 1.63686 319.965 -250.889 589.392 -0.0514452 -1.81693 -1.63551 -319.965 -185.164 -104.624 0.0514452
1.65821 2.15485 319.961 -326.049 543.946 -0.0424835 -1.65661 -2.15332 -319.961 -248.053 -101.97 0.0424835
1.53175 2.56797 319.959 -386.098 495.759 -0.0339902 -1.52901 -2.56656 -319.959 -298.139 -87.763 0.0339902
1.44239 2.79008 319.968 -418.515 450.362 -0.0262139 -1.43937 -2.78923 -319.968 -325 -66.3487 0.0262139
1.3089 2.75257 319.977 -413.48 404.275 -0.0193783 -1.30558 -2.75178 -319.977 -320.044 -55.995 0.0193783
1.12823 2.45104 319.993 -370.215 360.914 -0.0136864 -1.12418 -2.45023 -319.993 -282.93 -60.974 0.0136864
0.989343 1.94832 320.02 -297.729 331.506 -0.00931162 -0.985396 -1.94756 -320.02 -221.419 -68.6237 0.00931162
0.89302 1.3285 320.045 -208.213 316.235 -0.00636991 -0.89046 -1.32791 -320.045 -145.739 -78.8612 0.00636991
0.781452 0.680602 320.066 -114.649 306.689 -0.00491925 -0.779139 -0.68012 -320.066 -66.6138 -99.0123 0.00491925
0.700019 0.0892864 320.085 -29.2855 304.756 -0.00499592 -0.698074 -0.0889651 -320.085 5.62106 -118.713 0.00499592
0.693951 -0.385322 320.093 39.3255 312.541 -0.00661551 -0.692853 0.385231 -320.093 63.4657 -127.974 0.00661551
0.731033 -0.710043 320.084 86.3061 324.917 -0.00973798 -0.729582 0.709724 -320.084 103.012 -130.485 0.00973798
0.804217 -0.866492 320.071 109.003 341.348 -0.0142778 -0.802418 0.866032 -320.071 121.998 -127.427 0.0142778
0.897733 -0.823964 320.053 103.026 360.667 -0.0201367 -0.896361 0.82396 -320.053 116.699 -121.731 0.0201367
0.965359 -0.54215 320.026 62.4416 377.347 -0.0271976 -0.963993 0.542486 -320.026 82.2087 -120.351 0.0271976
1.02277 -0.0338809 320 -10.9442 391.675 -0.0353174 -1.02125 0.0339334 -320 20.0729 -119.365 0.0353174
1.11597 0.587265 319.983 -100.669 407.234 -0.044332 -1.11455 -0.587751 -319.983 -55.8456 -110.048 0.044332
1.22003 1.17019 319.969 -184.826 420.483 -0.0540378 -1.21896 -1.17057 -319.969 -127.058 -95.5055 0.0540378
1.27576 1.60958 319.967 -248.313 424.208 -0.0641967 -1.27482 -1.60983 -319.967 -180.676 -84.3652 0.0641967
1.29454 1.85555 319.981 -283.861 418.71 -0.0745734 -1.29314 -1.8555 -319.981 -210.655 -73.9497 0.0745734
1.33393 1.91388 319.999 -292.307 409.984 -0.0849272 -1.33206 -1.91333 -319.999 -217.69 -54.8358 0.0849272
1.38775 1.82333 320.018 -279.297 398.928 -0.0949736 -1.38581 -1.82275 -320.018 -206.558 -29.5053 0.0949736
1.39735 1.56413 320.038 -242.067 381.435 -0.104401 -1.39496 -1.56502 -320.038 -174.892 -9.58297 0.104401
1.35927 1.02085 320.057 -163.817 358.969 -0.112922 -1.35651 -1.02314 -320.057 -108.513 2.61583 0.112922
1.30727 0.106819 320.082 -31.916 336.243 -0.12027 -1.30471 -0.109691 -320.082 3.15232 11.4416 0.12027
1.24923 -1.1505 320.117 149.459 314.265 -0.126181 -1.2466 1.14662 -320.117 156.794 17.8753 0.126181
1.18249 -2.61582 320.164 360.559 292.941 -0.130404 -1.18021 2.61209 -320.164 336.308 21.394 0.130404
1.09131 -3.98738 320.195 557.947 269.706 -0.132735 -1.08935 3.98563 -320.195 504.787 20.308 0.132735
0.972814 -4.84992 320.213 681.663 242.497 -0.133039 -0.970863 4.84901 -320.213 611.102 15.8727 0.133039
0.845459 -4.94431 320.211 694.669 212.021 -0.13126 -0.84381 4.94318 -320.211 623.228 12.3827 0.13126
0.716072 -4.23673 320.187 592.267 179.062 -0.127416 -0.714432 4.23624 -320.187 537.104 10.794 0.127416
0.602128 -2.87509 320.141 395.723 147.205 -0.121604 -0.599888 2.87375 -320.141 370.577 12.1431 0.121604
0.522635 -1.16969 320.098 149.688 121.875 -0.114006 -0.520235 1.16815 -320.098 161.996 16.2174 0.114006
0.454145 0.506129 320.053 -91.9774 103.973 -0.104894 -0.451535 -0.507745 -320.053 -43.0529 15.8127 0.104894
0.388674 1.84157 320.002 -284.868 95.3897 -0.0946166 -0.38606 -1.8432 -320.002 -206.137 6.94998 0.0946166
0.326329 2.63892 319.978 -399.955 95.8129 -0.0835729 -0.324576 -2.63957 -319.978 -303.46 -9.94369 0.0835729
0.294491 2.8653 319.986 -432.481 106.108 -0.0721922 -0.292341 -2.86578 -319.986 -331.254 -28.7253 0.0721922
0.351419 2.57913 320.01 -390.815 131.446 -0.0609155 -0.349183 -2.57934 -320.01 -296.605 -38.8343 0.0609155
0.487815 1.92151 320.042 -295.331 171.252 -0.050168 -0.485423 -1.92116 -320.042 -216.719 -42.2202 0.050168
0.63829 1.06993 320.084 -171.865 219.708 -0.0403383 -0.635555 -1.07024 -320.084 -113.279 -50.5032 0.0403383
0.796324 0.143148 320.122 -37.4505 276.868 -0.03177 -0.793047 -0.144089 -320.122 -0.738218 -65.4743 0.03177
1.00354 -0.759054 320.155 93.4843 347.011 -0.02474 -0.999922 0.758265 -320.155 108.835 -80.2655 0.02474
1.26914 -1.49171 320.154 200.056 431.15 -0.0194145 -1.26535 1.4913 -320.154 197.608 -93.4399 0.0194145
1.53674 -1.90921 320.142 261.198 522.11 -0.0158353 -1.53368 1.90914 -320.142 247.796 -112.757 0.0158353
1.74004 -1.93443 320.128 265.541 608.906 -0.0139578 -1.73804 1.9343 -320.128 250.166 -144.994 0.0139578
1.90642 -1.58073 320.086 215.074 687.761 -0.0136774 -1.90445 1.58073 -320.086 206.365 -179.276 0.0136774
2.12587 -0.90727 320.044 118.254 764.073 -0.0148083 -2.12422 0.907551 -320.044 123.706 -196.864 0.0148083
2.38646 0.0044056 320.002 -12.9537 833.933 -0.0170725 -2.38446 -0.00386018 -320.002 11.9323 -197.164 0.0170725
2.60729 1.04719 319.965 -163.066 889.379 -0.0201501 -2.60479 -1.04655 -319.965 -115.906 -193.698 0.0201501
2.74171 2.07926 319.922 -311.769 927.493 -0.0237503 -2.73907 -2.07889 -319.922 -242.349 -195.913 0.0237503
2.80201 2.94013 319.908 -435.764 950.222 -0.0276276 -2.79886 -2.93979 -319.908 -347.831 -202.576 0.0276276
2.85551 3.49545 319.916 -515.564 965.294 -0.0315548 -2.85184 -3.49525 -319.916 -416.075 -203.419 0.0315548
2.9142 3.65736 319.917 -538.758 975.273 -0.0353161 -2.91101 -3.65733 -319.917 -436.061 -197.679 0.0353161
2.88854 3.4029 319.927 -502.085 970.515 -0.0387443 -2.8862 -3.40265 -319.927 -404.876 -199.655 0.0387443
2.75432 2.79442 319.963 -414.584 946.315 -0.0417653 -2.75188 -2.79411 -319.963 -330.173 -211.28 0.0417653
2.59146 1.94392 319.996 -292.117 908.187 -0.0443928 -2.58979 -1.94367 -319.996 -225.937 -216.534 0.0443928
2.41847 0.997648 320.001 -155.899 855.94 -0.0466659 -2.41764 -0.997298 -320.001 -109.906 -210.408 0.0466659
2.19769 0.096037 320.018 -26.3179 784.782 -0.0486226 -2.19661 -0.0961762 -320.018 0.781278 -198.303 0.0486226
1.93339 -0.68841 320.042 86.3612 696.204 -0.0503457 -1.93253 0.687469 -320.042 97.0979 -180.357 0.0503457
1.63879 -1.32396 320.04 177.334 594.722 -0.0519805 -1.63781 1.32297 -320.04 175.532 -157.664 0.0519805
1.30928 -1.77346 320.034 241.268 481.66 -0.0536883 -1.30837 1.77231 -320.034 231.398 -132.7 0.0536883
0.956938 -2.00157 320.045 273.013 360.944 -0.0556131 -0.956303 2.00039 -320.045 260.456 -106.157 0.0556131
0.588948 -1.99058 320.066 269.998 234.978 -0.0578807 -0.588889 1.98956 -320.066 260.568 -78.512 0.0578807
0.206413 -1.74428 320.069 232.637 103.811 -0.0606003 -0.206827 1.7431 -320.069 232.258 -49.5696 0.0606003
-0.171932 -1.31623 320.087 169.041 -30.4951 -0.0638743 0.17131 1.31485 -320.087 181.731 -16.4205 0.0638743
-0.485319 -0.792845 320.099 91.9526 -159.704 -0.06779 0.485847 0.791447 -320.099 119.309 28.756 0.06779
-0.70345 -0.262635 320.126 13.7256 -277.063 -0.0723843 0.704505 0.261258 -320.126 56.2109 87.5631 0.0723843
-0.909884 0.20606 320.129 -55.482 -384.994 -0.0776429 0.910794 -0.206712 -320.129 0.584485 140.181 0.0776429
-1.18359 0.588541 320.153 -111.865 -487.417 -0.083538 1.18496 -0.588602 -320.153 -44.9037 169.328 0.083538
-1.46987 0.868952 320.163 -153.259 -577.313 -0.0900385 1.47015 -0.868867 -320.163 -78.2342 182.851 0.0900385
-1.71228 1.00152 320.159 -173.095 -652.024 -0.097075 1.71181 -1.00144 -320.159 -93.7327 192.872 0.097075
-1.88178 0.915558 320.161 -161.364 -711.154 -0.104513 1.88111 -0.916204 -320.161 -82.6461 206.699 0.104513
-1.97277 0.516265 320.163 -104.399 -754.616 -0.11217 1.97202 -0.518005 -320.163 -33.3196 225.792 0.11217
-2.01148 -0.218883 320.158 1.20674 -783.796 -0.119855 2.01138 0.217546 -320.158 57.09 244.468 0.119855
-2.02532 -1.15297 320.168 135.356 -798.962 -0.127367 2.02509 1.15175 -320.168 171.948 255.901 0.127367
-2.03498 -2.07914 320.172 268.404 -801.617 -0.134487 2.035 2.07802 -320.172 285.792 255.934 0.134487
-2.00134 -2.76917 320.16 367.791 -787.995 -0.140975 2.00187 2.76907 -320.16 370.476 251.242 0.140975
-1.87471 -3.00952 320.147 402.883 -752.81 -0.146585 1.87539 3.00961 -320.147 399.476 249.866 0.146585
-1.70629 -2.70644 320.131 360.042 -701.692 -0.151093 1.70635 2.70647 -320.131 361.517 243.846 0.151093
-1.56334 -1.90835 320.116 245.999 -642.94 -0.154328 1.56329 1.90868 -320.116 262.858 223.378 0.154328
-1.39701 -0.73755 320.087 78.1219 -573.626 -0.156171 1.3974 0.738181 -320.087 118.686 198.539 0.156171
-1.14244 0.612234 320.036 -115.559 -489.058 -0.156527 1.14259 -0.611765 -320.036 -47.455 182.074 0.156527
-0.851141 1.90181 320.033 -300.279 -395.7 -0.155306 0.851224 -1.90134 -320.033 -206.486 166.604 0.155306
-0.594717 2.91003 320.013 -444.162 -301.933 -0.15246 0.594998 -2.90965 -320.013 -331.367 141.409 0.15246
-0.345308 3.46947 319.971 -523.353 -205.138 -0.148017 0.346286 -3.46949 -319.971 -401.358 111.259 0.148017
-0.0500613 3.47803 319.972 -523.027 -100.39 -0.142051 0.0514146 -3.47818 -319.972 -403.987 85.4214 0.142051
0.274942 2.95044 320.012 -445.646 10.6844 -0.134633 -0.273208 -2.95067 -320.012 -340.748 61.1964 0.134633
0.587784 2.02804 320.031 -311.226 124.889 -0.125836 -0.585397 -2.02755 -320.031 -229.203 30.5771 0.125836
0.886448 0.975231 320.038 -157.968 242.389 -0.115776 -0.883772 -0.974204 -320.038 -101.756 -7.05421 0.115776
1.18789 0.0550804 320.084 -24.0535 363.731 -0.1046 -1.18491 -0.054324 -320.084 9.56396 -47.7748 0.1046
1.49476 -0.555066 320.094 65.0475 487.872 -0.0924579 -1.49208 0.556041 -320.094 83.1288 -89.7599 0.0924579
1.78925 -0.749387 320.055 94.1501 610.38 -0.0795031 -1.78661 0.750394 -320.055 105.825 -133.444 0.0795031
2.06696 -0.523621 320.049 62.4697 727.93 -0.0659063 -2.0646 0.524079 -320.049 77.2495 -176.623 0.0659063
2.32015 0.00346127 320.039 -12.8346 836.811 -0.0518601 -2.31845 -0.00329236 -320.039 12.0145 -217.638 0.0518601
2.52341 0.637309 319.988 -103.444 929.969 -0.0375908 -2.52199 -0.637975 -319.988 -66.4468 -256.324 0.0375908
2.68559 1.19001 319.937 -182.363 1005.4 -0.0233694 -2.68456 -1.19046 -319.937 -134.829 -288.265 0.0233694
2.81402 1.57081 319.947 -236.445 1061.21 -0.00949399 -2.8131 -1.57078 -319.947 -182.19 -309.683 0.00949399
2.89488 1.77128 319.945 -264.756 1094.29 0.00372127 -2.89406 -1.77154 -319.945 -207.356 -321.111 -0.00372127
2.90718 1.79878 319.926 -268.494 1102.25 0.0159362 -2.90655 -1.79875 -319.926 -210.91 -325.741 -0.0159362
2.84236 1.70208 319.95 -254.784 1084.12 0.0267828 -2.84155 -1.70179 -319.95 -198.808 -324.95 -0.0267828
2.72029 1.55098 319.986 -233.664 1042.3 0.0358874 -2.71947 -1.55072 -319.986 -179.654 -315.765 -0.0358874
2.55303 1.38399 319.999 -210.335 979.052 0.0428983 -2.55228 -1.38372 -319.999 -158.466 -297.251 -0.0428983
2.33738 1.21016 320.002 -186.095 896.155 0.0475002 -2.33649 -1.21009 -320.002 -136.395 -272.065 -0.0475002
2.08103 1.01201 320.015 -158.469 796.745 0.0494228 -2.07977 -1.01207 -320.015 -111.217 -241.287 -0.0494228
1.79448 0.763828 320.035 -123.604 684.337 0.0484543 -1.79344 -0.763895 -320.035 -79.9251 -205.516 -0.0484543
1.45221 0.466638 320.036 -81.7405 558.977 0.0444606 -1.45202 -0.466394 -320.036 -42.5262 -171.587 -0.0444606
1.03958 0.155889 320.022 -37.9043 418.803 0.0373926 -1.03956 -0.155405 -320.022 -3.4947 -141.717 -0.0373926
0.62038 -0.116877 320.031 0.257774 270.493 0.0272896 -0.620598 0.117446 -320.031 31.0662 -105.48 -0.0272896
0.249959 -0.301316 320.079 25.2342 121.385 0.014297 -0.250216 0.302165 -320.079 55.2952 -55.497 -0.014297
-0.100196 -0.341824 320.082 28.8523 -28.1887 -0.00132988 0.100043 0.342891 -320.082 62.5093 0.319639 0.00132988
-0.485984 -0.225087 320.08 9.99723 -181.196 -0.0192537 0.485582 0.225744 -320.08 50.1977 50.1194 0.0192537
-0.916662 0.00708193 320.135 -25.9756 -338.315 -0.0390752 0.916247 -0.00693475 -320.135 24.222 92.0449 0.0390752
-1.328 0.263784 320.154 -65.0086 -490.255 -0.0603323 1.32767 -0.263653 -320.154 -5.16806 133.948 0.0603323
-1.66244 0.471736 320.143 -96.5792 -627.049 -0.0825033 1.66206 -0.472181 -320.143 -29.1014 181.238 0.0825033
-1.95082 0.537641 320.159 -107.424 -749.789 -0.105028 1.95015 -0.53876 -320.159 -35.9103 226.812 0.105028
-2.23921 0.409942 320.19 -90.1788 -861.845 -0.127353 2.23843 -0.410463 -320.19 -19.0327 261.714 0.127353
-2.48368 0.139712 320.189 -52.4575 -957.382 -0.148964 2.48363 -0.140015 -320.189 15.311 291.733 0.148964
-2.62644 -0.20077 320.186 -4.4259 -1029.55 -0.169369 2.62651 0.200259 -320.186 58.0134 325.621 0.169369
-2.69286 -0.552219 320.182 45.5113 -1077.8 -0.188088 2.69272 0.552075 -320.182 101.809 356.043 0.188088
-2.7543 -0.844361 320.173 87.0775 -1108.31 -0.204682 2.7543 0.844181 -320.173 138.113 370.069 0.204682
-2.80037 -1.05225 320.152 116.766 -1120.42 -0.218804 2.80018 1.05141 -320.152 163.752 369.896 0.218804
-2.7919 -1.20154 320.126 138.34 -1111.82 -0.230188 2.79109 1.20062 -320.126 181.962 363.658 0.230188
-2.71115 -1.30522 320.106 153.597 -1082.67 -0.238613 2.71071 1.30418 -320.106 194.325 356.06 0.238613
-2.53933 -1.36289 320.085 162.531 -1031.6 -0.243902 2.53938 1.36155 -320.085 200.721 350.841 0.243902
-2.31009 -1.37841 320.065 165.58 -961.567 -0.24594 2.30993 1.37684 -320.065 201.775 342.101 0.24594
-2.09889 -1.33964 320.064 160.974 -880.827 -0.244672 2.09882 1.33826 -320.064 196.069 317.856 0.244672
-1.91139 -1.1977 320.058 141.829 -792.158 -0.24011 1.91094 1.19683 -320.058 177.445 279.472 0.24011
-1.6886 -0.900756 320.051 100.367 -692.871 -0.232324 1.68805 0.899917 -320.051 139.753 239.862 0.232324
-1.38628 -0.448364 320.061 36.4227 -580.761 -0.221422 1.38588 0.447843 -320.061 83.1469 208.608 0.221422
-1.04969 0.126167 320.043 -44.9422 -462.059 -0.20754 1.04913 -0.126129 -320.043 11.4357 179.947 0.20754
-0.755968 0.780491 320.051 -137.732 -346.149 -0.190896 0.755415 -0.78017 -320.051 -70.1575 142.637 0.190896
-0.508319 1.43431 320.055 -230.204 -235.714 -0.171804 0.507886 -1.43375 -320.055 -151.939 98.5062 0.171804
-0.239564 1.99596 320.011 -309.472 -125.563 -0.150647 0.239773 -1.99508 -320.011 -222.346 60.2071 0.150647
0.0784435 2.38787 320.007 -364.578 -12.9101 -0.127836 -0.0778813 -2.38694 -320.007 -271.703 32.5611 0.127836
0.390357 2.53125 320.024 -384.193 98.797 -0.103821 -0.389797 -2.53084 -320.024 -290.38 4.27749 0.103821
0.626394 2.36368 319.994 -358.965 202.274 -0.0791198 -0.625644 -2.36332 -319.994 -270.949 -36.0304 0.0791198
0.821219 1.91335 319.984 -293.041 299.06 -0.0543144 -0.820246 -1.91283 -319.984 -216.816 -80.6461 0.0543144
1.03576 1.30963 320.026 -205.061 393.24 -0.0299984 -1.03491 -1.30852 -320.026 -143.792 -117.373 0.0299984
1.2632 0.732773 320.047 -120.983 482.782 -0.00672539 -1.26231 -0.731429 -320.047 -74.0759 -146.068 0.00672539
1.4562 0.318833 320.03 -60.5584 561.975 0.0149811 -1.45523 -0.317999 -320.03 -24.2308 -173.622 -0.0149811
1.60612 0.0934878 320.054 -27.3507 629.733 0.0345956 -1.60492 -0.0932441 -320.054 2.54857 -201.268 -0.0345956
1.74132 0.0331459 320.076 -18.08 688.827 0.0516091 -1.73986 -0.0328191 -320.076 9.37221 -224.2 -0.0516091
1.87866 0.129054 320.061 -31.4689 740.96 0.0655846 -1.87712 -0.12834 -320.061 -2.75365 -239.606 -0.0655846
2.00252 0.389819 320.055 -68.7596 784.594 0.0761859 -2.00084 -0.388664 -320.055 -34.9141 -250.136 -0.0761859
2.09518 0.792387 320.061 -126.598 817.872 0.0831654 -2.09352 -0.791245 -320.061 -84.3863 -258.629 -0.0831654
2.15718 1.25398 320.041 -193.076 840.41 0.0863543 -2.15554 -1.25319 -320.041 -140.998 -264.579 -0.0863543
2.20458 1.64723 320.016 -249.78 853.404 0.0856751 -2.20286 -1.64687 -320.016 -189.175 -264.92 -0.0856751
2.24234 1.86552 320.008 -281.277 857.027 0.0811661 -2.24074 -1.86516 -320.008 -215.864 -258.465 -0.0811661
2.2343 1.86326 319.998 -281.053 846.774 0.072989 -2.23339 -1.86305 -319.998 -215.505 -250.296 -0.072989
2.14676 1.65599 319.985 -251.378 817.288 0.0614044 -2.14611 -1.65561 -319.985 -189.908 -244.181 -0.0614044
2.02327 1.30862 319.991 -201.647 771.475 0.0467423 -2.02225 -1.30824 -319.991 -147.044 -231.448 -0.0467423
1.9164 0.905737 320.005 -143.919 715.004 0.029405 -1.91545 -0.905418 -320.005 -97.3864 -203.615 -0.029405
1.78873 0.534157 320.01 -90.8244 646.14 0.00987614 -1.78767 -0.533685 -320.01 -51.4115 -168.992 -0.00987614
1.59272 0.275392 320.019 -54.2136 562.732 -0.0113102 -1.5914 -0.274834 -320.019 -19.0331 -138.088 0.0113102
1.32342 0.178414 320.018 -40.9699 465.401 -0.0336116 -1.32277 -0.177813 -320.018 -6.41856 -112.691 0.0336116
1.00221 0.252551 320.006 -52.5112 356.203 -0.0564777 -1.00186 -0.251823 -320.006 -14.6198 -89.3351 0.0564777
0.677673 0.481745 320.013 -86.6338 239.982 -0.079342 -0.677593 -0.480696 -320.013 -41.5453 -59.8708 0.079342
0.360938 0.836449 320.014 -138.984 117.825 -0.101644 -0.361555 -0.835173 -320.014 -83.7114 -22.3598 0.101644
0.0306965 1.2703 320.005 -203.254 -10.6196 -0.122859 -0.0312463 -1.26892 -320.005 -135.069 17.716 0.122859
-0.305815 1.69485 320.01 -266.129 -142.985 -0.142519 0.305683 -1.69371 -320.01 -185.389 59.9805 0.142519
-0.635845 2.02395 320.025 -315.646 -276.624 -0.16023 0.635458 -2.02289 -320.025 -223.603 105.332 0.16023
-0.970444 2.19253 320.014 -341.946 -408.756 -0.175659 0.970091 -2.19142 -320.014 -242.227 147.927 0.175659
-1.30009 2.17095 320.049 -340.295 -535.032 -0.188534 1.29993 -2.17016 -320.049 -238.164 185.977 0.188534
-1.60141 1.94019 320.075 -308.152 -652.168 -0.19867 1.60123 -1.93993 -320.075 -208.863 222.49 0.19867
-1.85757 1.50384 320.072 -246.367 -755.796 -0.205986 1.85729 -1.50378 -320.072 -154.359 257.568 0.205986
-2.08849 0.920158 320.099 -163.252 -846.662 -0.210468 2.08826 -0.919912 -320.099 -81.8599 286.63 0.210468
-2.28769 0.307557 320.138 -75.959 -922.61 -0.212162 2.28753 -0.307108 -320.138 -5.82894 309.266 0.212162
-2.43745 -0.221612 320.143 -0.722866 -981.147 -0.211183 2.43743 0.221922 -320.143 59.9742 327.706 0.211183
-2.53283 -0.604074 320.131 53.7325 -1020.61 -0.207705 2.5328 0.604436 -320.131 107.476 341.635 0.207705
-2.58941 -0.801981 320.131 81.8802 -1041.33 -0.201957 2.58926 0.80243 -320.131 132.095 347.235 0.201957
-2.61339 -0.807173 320.124 82.549 -1043.8 -0.194216 2.61328 0.807636 -320.124 132.812 343.309 0.194216
-2.5851 -0.647192 320.099 59.7162 -1026.29 -0.184786 2.58488 0.647547 -320.099 112.985 333.411 0.184786
-2.49968 -0.375583 320.082 21.0369 -989.103 -0.173981 2.49921 0.375885 -320.082 79.2555 319.13 0.173981
-2.37483 -0.0518709 320.08 -24.8421 -935.614 -0.162115 2.37428 0.0521376 -320.08 38.8391 299.078 0.162115
-2.21835 0.271123 320.07 -70.4125 -868.48 -0.149499 2.2176 -0.270957 -320.07 -1.70361 273.869 0.149499
-2.02519 0.550832 320.062 -109.806 -788.483 -0.136423 2.02423 -0.550735 -320.062 -36.881 245.606 0.136423
-1.81073 0.753742 320.059 -138.031 -699.813 -0.123155 1.80954 -0.753705 -320.059 -62.7539 214.373 0.123155
-1.58806 0.866366 320.062 -153.296 -606.125 -0.109935 1.58653 -0.866408 -320.062 -77.5234 180.339 0.109935
-1.36903 0.886345 320.059 -155.231 -511.735 -0.0969933 1.36726 -0.886398 -320.059 -80.9188 144.623 0.0969933
-1.15085 0.822392 320.073 -144.813 -418.444 -0.0845355 1.14891 -0.822404 -320.073 -74.2876 109.76 0.0845355
-0.946339 0.694049 320.082 -124.923 -331.095 -0.0727523 0.944174 -0.694097 -320.082 -59.9744 77.1891 0.0727523
-0.76796 0.518241 320.067 -98.3247 -252.817 -0.061823 0.765621 -0.518317 -320.067 -39.7162 46.6934 0.061823
-0.625145 0.307579 320.076 -66.9875 -186.642 -0.0519139 0.622799 -0.307682 -320.076 -14.9057 18.77 0.0519139
-0.500027 0.0739438 320.092 -32.5508 -131.481 -0.0431747 0.498049 -0.0740859 -320.092 12.928 -2.93894 0.0431747
-0.379369 -0.171785 320.08 3.40125 -85.6663 -0.0357352 0.377595 0.171443 -320.08 42.449 -16.501 0.0357352
-0.288137 -0.422763 320.077 39.9805 -50.8394 -0.0297026 0.286255 0.422253 -320.077 72.7467 -26.906 0.0297026
-0.266808 -0.659525 320.095 74.4009 -31.1228 -0.0251646 0.264629 0.658978 -320.095 101.432 -40.8356 0.0251646
-0.303804 -0.848211 320.094 101.669 -26.8063 -0.0221929 0.301628 0.847551 -320.094 124.445 -54.9838 0.0221929
-0.343166 -0.959184 320.09 117.563 -33.2635 -0.0208365 0.340982 0.958386 -320.09 138.113 -59.0257 0.0208365
-0.373006 -0.972757 320.103 119.275 -49.2843 -0.0211099 0.370768 0.971915 -320.103 140.014 -50.9987 0.0211099
-0.431386 -0.881894 320.111 105.76 -77.5772 -0.0229965 0.42939 0.880987 -320.111 129.301 -38.3789 0.0229965
-0.537506 -0.706048 320.111 79.9148 -118.17 -0.0264674 0.53557 0.704974 -320.111 108.252 -26.1859 0.0264674
-0.68304 -0.500351 320.112 49.6353 -169.249 -0.0314753 0.680976 0.498924 -320.112 83.6553 -14.0095 0.0314753
-0.84875 -0.343292 320.124 26.1288 -228.621 -0.0379305 0.846618 0.341661 -320.124 65.2715 1.05226 0.0379305
-1.00998 -0.299562 320.13 18.8005 -293.02 -0.0456959 1.00782 0.297991 -320.13 60.9539 22.3083 0.0456959
-1.16869 -0.392363 320.129 31.1131 -361.672 -0.0546041 1.16644 0.390885 -320.129 73.3933 48.4815 0.0546041
-1.34396 -0.621076 320.15 63.1964 -435.682 -0.0644715 1.34162 0.61946 -320.15 102.26 75.5863 0.0644715
-1.53468 -0.962437 320.172 111.45 -513.34 -0.0751043 1.53226 0.960841 -320.172 145.004 102.209 0.0751043
-1.72626 -1.36327 320.172 168.249 -592.602 -0.0862996 1.72386 1.36191 -320.172 195.086 130.188 0.0862996
-1.90017 -1.73413 320.184 220.64 -670.887 -0.0978426 1.89779 1.73292 -320.184 241.574 161.893 0.0978426
-2.05798 -1.99135 320.216 256.533 -746.998 -0.109513 2.05556 1.99023 -320.216 274.26 195.725 0.109513
-2.22514 -2.07008 320.21 266.806 -822.722 -0.121106 2.22266 2.06926 -320.21 285.016 226.685 0.121106
-2.42122 -1.91919 320.191 244.015 -900.042 -0.132443 2.41821 1.91867 -320.191 267.629 251.606 0.132443
-2.6456 -1.53002 320.199 187.092 -979.894 -0.143365 2.64213 1.52968 -320.199 220.84 271.51 0.143365
-2.86821 -0.945849 320.193 102.131 -1060.31 -0.153716 2.86467 0.945589 -320.193 150.099 292.399 0.153716
-3.05343 -0.273738 320.159 4.58787 -1136.87 -0.163342 3.04975 0.273189 -320.159 68.4483 319.405 0.163342
-3.22185 0.34748 320.15 -85.4552 -1210.18 -0.172097 3.21801 -0.348041 -320.15 -7.10008 347.651 0.172097
-3.40961 0.795583 320.148 -150.524 -1282.6 -0.179865 3.40586 -0.796215 -320.148 -61.4849 369.825 0.179865
-3.60659 0.982048 320.137 -177.893 -1351.95 -0.186554 3.60284 -0.982857 -320.137 -83.8418 386.499 0.186554
-3.77442 0.867391 320.137 -161.97 -1413 -0.192084 3.77092 -0.868156 -320.137 -69.1937 402.626 0.192084
-3.89011 0.475378 320.158 -106.3 -1461.28 -0.19637 3.8868 -0.476147 -320.158 -20.3677 419.913 0.19637
-3.96102 -0.121072 320.165 -21.0581 -1495.33 -0.199336 3.95825 0.120269 -320.165 53.3772 434.895 0.199336
-3.98548 -0.808994 320.168 77.5259 -1512.14 -0.200935 3.98345 0.808355 -320.168 138.188 445.03 0.200935
-3.96806 -1.45352 320.18 170.044 -1509.57 -0.20115 3.96602 1.45294 -320.18 217.485 447.098 0.20115
-3.93604 -1.93387 320.183 239.279 -1489.52 -0.199971 3.934 1.93333 -320.183 276.294 435.642 0.199971
-3.86603 -2.16352 320.163 272.752 -1450.15 -0.197393 3.86448 2.16307 -320.163 304.048 414.981 0.197393
-3.69434 -2.104 320.132 264.985 -1385.21 -0.193422 3.69315 2.10358 -320.132 295.952 395.923 0.193422
-3.42238 -1.7658 320.115 217.519 -1293.81 -0.188073 3.42131 1.76548 -320.115 253.277 377.223 0.188073
-3.12498 -1.18449 320.088 135.01 -1183.81 -0.181377 3.124 1.18465 -320.088 180.892 346.766 0.181377
-2.82688 -0.419715 320.049 26.5063 -1059.57 -0.173394 2.8261 0.420248 -320.049 85.5829 302.299 0.173394
-2.4851 0.44373 320.021 -95.7916 -919.511 -0.164208 2.48414 -0.4432 -320.021 -22.285 253.746 0.164208
-2.09736 1.29459 320.023 -216.592 -767.152 -0.153891 2.09566 -1.29394 -320.023 -128.278 205.249 0.153891
-1.69919 2.01395 319.982 -318.534 -609.164 -0.14252 1.69735 -2.01305 -319.982 -218.059 153.839 0.14252
-1.29627 2.51835 319.977 -389.534 -450.528 -0.130215 1.29437 -2.51765 -319.977 -281.543 103.035 0.130215
-0.877827 2.73272 320.002 -418.127 -293.627 -0.11714 0.875536 -2.73209 -320.002 -310.108 58.1268 0.11714
-0.468991 2.64314 319.984 -402.933 -144.697 -0.103471 0.467 -2.64245 -319.984 -301.421 18.5096 0.103471
-0.0912647 2.28811 319.997 -350.002 -9.25776 -0.0893943 0.0895667 -2.28754 -319.997 -259.736 -15.9424 0.0893943
0.272278 1.7366 320.047 -269.084 115.128 -0.0751393 -0.27356 -1.73611 -320.047 -193.659 -43.1797 0.0751393
0.603778 1.0785 320.043 -172.992 225.538 -0.0609544 -0.604467 -1.07807 -320.043 -114.339 -65.0449 0.0609544
0.880618 0.41196 320.051 -75.9589 319.451 -0.0470982 -0.881083 -0.411708 -320.051 -33.726 -84.9725 0.0470982
1.07974 -0.182691 320.091 10.5174 394.315 -0.033851 -1.08027 0.182792 -320.091 38.285 -106.566 0.033851
1.17811 -0.631467 320.081 75.769 445.768 -0.021504 -1.17926 0.63163 -320.081 92.6653 -131.571 0.021504
1.18921 -0.874891 320.068 111.182 472.391 -0.0103373 -1.1905 0.8751 -320.068 122.144 -155.125 0.0103373
1.15644 -0.88437 320.079 112.575 476.583 -0.00061529 -1.15789 0.884484 -320.079 123.265 -168.002 0.00061529
1.0956 -0.677409 320.07 82.4952 459.633 0.00741057 -1.09706 0.677454 -320.07 98.1691 -167.303 -0.00741057
0.981729 -0.305293 320.044 28.4091 420.58 0.0135079 -0.982974 0.305308 -320.044 53.0614 -158.723 -0.0135079
0.79012 0.150378 320.035 -37.929 359.318 0.0174711 -0.791469 -0.150703 -320.035 -2.10723 -148.661 -0.0174711
0.535194 0.562298 320.036 -98.0905 279.708 0.0191303 -0.536316 -0.563352 -320.036 -51.842 -137.213 -0.0191303
0.26811 0.796114 320.037 -132.742 189.112 0.0183697 -0.268989 -0.797413 -320.037 -79.5467 -118.058 -0.0183697
0.0248607 0.811746 320.036 -135.78 94.3305 0.0151382 -0.02563 -0.812029 -320.036 -80.5369 -88.3742 -0.0151382
-0.208812 0.727565 320.071 -124.955 -2.22856 0.00944085 0.208252 -0.726696 -320.071 -68.7661 -54.3894 -0.00944085
-0.459081 0.670998 320.088 -118.115 -100.941 0.00133009 0.458643 -0.670072 -320.088 -60.5169 -22.6665 -0.00133009
-0.731686 0.714141 320.094 -125.644 -201.548 -0.00908789 0.730644 -0.71254 -320.094 -64.3943 5.09855 0.00908789
-1.01888 0.908156 320.112 -155.174 -304.099 -0.0216439 1.01746 -0.905834 -320.112 -86.4811 30.8924 0.0216439
-1.27124 1.21317 320.097 -200.827 -403.274 -0.0361076 1.27008 -1.21236 -320.097 -122.33 62.5095 0.0361076
-1.45647 1.41694 320.086 -231.576 -494.048 -0.0521993 1.45505 -1.41745 -320.086 -146.07 103.691 0.0521993
-1.60894 1.34042 320.1 -221.249 -577.296 -0.0696004 1.60788 -1.34019 -320.1 -135.899 146.002 0.0696004
-1.74166 0.988423 320.079 -171.317 -652.057 -0.0879658 1.7415 -0.988623 -320.079 -92.0581 185.043 0.0879658
-1.82771 0.412469 320.08 -89.0211 -712.378 -0.106926 1.82765 -0.41297 -320.08 -20.8657 222.221 0.106926
-1.88668 -0.265709 320.115 8.24814 -758.578 -0.12607 1.88667 0.266287 -320.115 62.7853 252.543 0.12607
-1.9478 -0.831075 320.135 89.179 -793.456 -0.144939 1.94748 0.831773 -320.135 132.575 271.06 0.144939
-2.00361 -1.11368 320.135 129.439 -818.039 -0.163068 2.00292 1.11443 -320.135 167.655 280.746 0.163068
-2.01995 -1.0607 320.136 121.581 -831.291 -0.180011 2.01928 1.06105 -320.136 161.339 289.598 0.180011
-1.98046 -0.715914 320.132 71.9728 -832.621 -0.195324 1.97962 0.716001 -320.132 119.004 301.456 0.195324
-1.92392 -0.175303 320.109 -5.64762 -826.084 -0.208571 1.92301 0.175509 -320.109 52.5351 310.006 0.208571
-1.88348 0.453773 320.09 -96.1065 -814.879 -0.219359 1.88265 -0.453597 -320.09 -24.6965 309.599 0.219359
-1.8534 1.03924 320.061 -180.233 -799.028 -0.227361 1.85232 -1.03922 -320.061 -96.6533 301.851 0.227361
-1.82368 1.45664 320.034 -240.079 -778.93 -0.23231 1.82227 -1.45665 -320.034 -148.075 289.784 0.23231
-1.78468 1.62786 320.022 -264.434 -755.042 -0.234 1.78341 -1.62782 -320.022 -169.353 276.347 0.234
-1.72027 1.53534 320.016 -250.782 -726.035 -0.232301 1.71912 -1.53533 -320.016 -158.347 264.572 0.232301
-1.63752 1.21279 320.02 -203.935 -692.115 -0.227172 1.63666 -1.21281 -320.02 -119.221 252.76 0.227172
-1.55132 0.738182 320.031 -135.16 -653.628 -0.218663 1.55103 -0.73826 -320.031 -61.4933 237.278 0.218663
-1.46693 0.213794 320.05 -59.176 -609.633 -0.206919 1.46659 -0.213917 -320.05 2.29541 215.908 0.206919
-1.39988 -0.25103 320.071 8.33291 -561.748 -0.192181 1.39932 0.251033 -320.071 58.7047 186.068 0.192181
-1.33367 -0.552335 320.083 52.4687 -509.213 -0.174786 1.33334 0.552631 -320.083 94.9216 151.315 0.174786
-1.22023 -0.620569 320.085 63.0982 -448.031 -0.155156 1.22004 0.620929 -320.085 102.487 120.529 0.155156
-1.05449 -0.458499 320.091 40.5147 -377.448 -0.133789 1.05428 0.458733 -320.091 81.8497 94.318 0.133789
-0.891259 -0.135893 320.092 -4.90963 -303.708 -0.111239 0.890895 0.136077 -320.092 41.2707 64.3132 0.111239
-0.751138 0.255745 320.069 -60.1687 -229.752 -0.0881206 0.750691 -0.255678 -320.069 -7.88353 27.936 0.0881206
-0.594876 0.61701 320.056 -111.137 -153.199 -0.0650803 0.594517 -0.617173 -320.056 -53.2474 -6.75468 0.0650803
-0.389475 0.87071 320.054 -146.617 -72.0678 -0.0427474 0.389113 -0.870703 -320.054 -85.3739 -32.9176 0.0427474
-0.155892 0.986928 320.044 -162.221 10.8379 -0.0217122 0.15544 -0.986911 -320.044 -100.75 -53.3376 0.0217122
0.0615889 0.974608 320.049 -159.285 90.2932 -0.00253156 -0.0620472 -0.974435 -320.049 -100.384 -74.6195 0.00253156
0.254659 0.882248 320.069 -145.214 163.997 0.0142837 -0.255111 -0.881629 -320.069 -89.7781 -96.6731 -0.0142837
0.438773 0.768282 320.069 -128.108 231.036 0.0282985 -0.439225 -0.767713 -320.069 -76.5137 -114.468 -0.0282985
0.62288 0.655702 320.074 -111.314 290.781 0.039176 -0.6233 -0.655625 -320.074 -63.365 -125.004 -0.039176
0.788782 0.530371 320.086 -92.8956 340.27 0.0466845 -0.789122 -0.530341 -320.086 -48.383 -130.171 -0.0466845
0.916934 0.388544 320.081 -72.1217 377.273 0.0506855 -0.917316 -0.388548 -320.081 -31.3571 -132.93 -0.0506855
0.97976 0.260132 320.067 -53.3846 397.637 0.0511193 -0.980623 -0.259829 -320.067 -15.8243 -136.436 -0.0511193
0.974534 0.188259 320.064 -42.9718 399.117 0.0480176 -0.975571 -0.187672 -320.064 -7.04111 -139.279 -0.0480176
0.9417 0.201903 320.058 -45.0658 384.191 0.0415221 -0.942624 -0.201322 -320.058 -8.58441 -133.16 -0.0415221
0.903542 0.29708 320.044 -59.0508 354.894 0.0318776 -0.904591 -0.296366 -320.044 -19.9514 -114.107 -0.0318776
0.823093 0.458852 320.039 -82.8061 308.555 0.0194036 -0.823956 -0.458007 -320.039 -39.2991 -89.3717 -0.0194036
0.665384 0.651821 320.041 -111.311 243.25 0.00446461 -0.666266 -0.651375 -320.041 -62.2836 -66.2723 -0.00446461
0.434687 0.81221 320.034 -135.284 160.614 -0.0125416 -0.435771 -0.811978 -320.034 -81.0896 -45.3065 0.0125416
0.174446 0.886951 320.038 -147.083 66.2262 -0.0311761 -0.175235 -0.886859 -320.038 -89.2294 -20.5626 0.0311761
-0.0646522 0.853656 320.055 -143.664 -32.0084 -0.0509534 0.0641522 -0.853842 -320.055 -83.8073 13.6364 0.0509534
-0.300509 0.722803 320.063 -126.075 -133.25 -0.0713654 0.300048 -0.722588 -320.063 -66.4594 51.7253 0.0713654
-0.577599 0.562698 320.082 -104.557 -239.815 -0.091922 0.577351 -0.562318 -320.082 -45.2733 84.1233 0.091922
-0.878487 0.437146 320.088 -88.1559 -347.069 -0.112166 0.878462 -0.436804 -320.088 -28.2084 110.876 0.112166
-1.15662 0.379109 320.101 -81.1586 -447.977 -0.131651 1.15651 -0.378517 -320.101 -19.6986 137.404 0.131651
-1.40165 0.410801 320.105 -86.8809 -539.5 -0.149933 1.40128 -0.410149 -320.105 -22.4128 163.414 0.149933
-1.61509 0.509605 320.088 -101.947 -620.318 -0.166592 1.61484 -0.509326 -320.088 -33.7314 187.114 0.166592
-1.78841 0.616043 320.077 -117.973 -688.708 -0.181264 1.78822 -0.615782 -320.077 -46.0772 209.117 0.181264
-1.91676 0.689944 320.074 -129.181 -742.918 -0.193654 1.91649 -0.689394 -320.074 -54.5283 228.978 0.193654
-2.01155 0.727949 320.067 -135.092 -783.491 -0.20352 2.01134 -0.727415 -320.067 -58.7491 244.165 0.20352
-2.06858 0.724223 320.056 -134.819 -809.417 -0.210667 2.06846 -0.723845 -320.056 -58.0481 254.806 0.210667
-2.07289 0.677252 320.054 -128.138 -818.684 -0.214962 2.07296 -0.676797 -320.054 -52.1979 262.865 0.214962
-2.01529 0.606034 320.054 -117.802 -809.583 -0.216344 2.01579 -0.605629 -320.054 -43.5576 269.069 0.216344
-1.90137 0.51913 320.048 -105.021 -781.527 -0.214828 1.90207 -0.519244 -320.048 -33.2438 271.409 0.214828
-1.75312 0.401414 320.046 -87.5812 -736.231 -0.210496 1.75393 -0.401731 -320.046 -19.3334 265.718 0.210496
-1.58898 0.260019 320.054 -66.5511 -676.36 -0.203478 1.58951 -0.260167 -320.054 -2.65255 249.789 0.203478
-1.40407 0.128384 320.06 -46.8494 -603.445 -0.193951 1.40451 -0.128626 -320.06 12.7195 226.366 0.193951
-1.17749 0.0223615 320.068 -30.6248 -518.013 -0.182141 1.1778 -0.0227208 -320.068 24.7377 201.567 0.182141
-0.902632 -0.0564217 320.075 -18.0523 -421.525 -0.168319 0.903105 0.0561368 -320.075 33.1721 178.56 0.168319
-0.592193 -0.111537 320.094 -8.75671 -316.318 -0.152793 0.59321 0.111105 -320.094 38.5445 156.283 0.152793
-0.277759 -0.165161 320.1 0.651177 -206.58 -0.135901 0.278849 0.164487 -320.1 43.3942 130.62 0.135901
0.0104273 -0.238754 320.096 12.8264 -95.8784 -0.118008 -0.00908666 0.238067 -320.096 50.83 96.9911 0.118008
0.275374 -0.31911 320.104 25.8368 15.162 -0.099502 -0.27377 0.318838 -320.104 59.2907 56.8396 0.099502
0.553347 -0.351646 320.099 32.1829 129.616 -0.0807727 -0.55167 0.351737 -320.099 61.6617 16.7778 0.0807727
0.845351 -0.278351 320.1 23.0171 246.701 -0.0621965 -0.843683 0.278473 -320.1 51.2904 -22.1628 0.0621965
1.12233 -0.0874963 320.104 -3.56519 361.857 -0.0441292 -1.12071 0.0875994 -320.104 26.9936 -63.1763 0.0441292
1.3724 0.202716 320.073 -44.6687 472.076 -0.0269154 -1.37066 -0.20242 -320.073 -9.23821 -106.457 0.0269154
1.61297 0.581153 320.053 -98.4473 576.979 -0.0108774 -1.61116 -0.580406 -320.053 -56.2776 -146.961 0.0108774
1.84934 1.04 320.057 -163.74 675.987 0.00371051 -1.84755 -1.03895 -320.057 -113.255 -182.699 -0.00371051
2.0614 1.55513 320.041 -237.406 766.511 0.0166188 -2.05973 -1.5539 -320.041 -176.88 -216.442 -0.0166188
2.22389 2.07318 320 -311.418 843.375 0.027642 -2.22231 -2.07166 -320 -240.924 -249.767 -0.027642
2.34916 2.54091 319.986 -378.241 906.778 0.0365963 -2.3477 -2.53925 -319.986 -298.761 -279.584 -0.0365963
2.45366 2.89223 319.975 -428.256 956.879 0.043333 -2.45227 -2.89075 -319.975 -342.418 -301.681 -0.043333
2.54224 3.05927 319.949 -451.76 993.558 0.0477568 -2.54074 -3.05783 -319.949 -363.446 -314.666 -0.0477568
2.60764 3.00715 319.934 -443.899 1016.24 0.0498287 -2.60613 -3.00571 -319.934 -357.415 -319.862 -0.0498287
2.63427 2.75966 319.939 -408.096 1023.51 0.0495483 -2.63273 -2.75797 -319.939 -327.213 -320.028 -0.0495483
2.60555 2.39378 319.939 -355.487 1013.27 0.0469444 -2.6044 -2.39194 -319.939 -282.274 -317.421 -0.0469444
2.52127 1.98637 319.939 -297.153 984.296 0.0420857 -2.52021 -1.98499 -319.939 -232.071 -310.968 -0.0420857
2.41865 1.57615 319.953 -238.398 939.739 0.0350908 -2.41732 -1.5751 -319.953 -181.521 -293.921 -0.0350908
2.32547 1.1834 319.958 -182.299 883.708 0.0261243 -2.32391 -1.18286 -319.958 -132.996 -262.923 -0.0261243
2.21071 0.828302 319.965 -131.715 815.586 0.0153813 -2.20889 -0.827778 -319.965 -88.9253 -225.625 -0.0153813
2.03449 0.554552 319.988 -92.8918 733.703 0.00306998 -2.03246 -0.553859 -319.988 -54.7537 -190.965 -0.00306998
1.81568 0.399044 320.001 -71.2543 642.477 -0.010591 -1.81339 -0.398706 -320.001 -34.9844 -158.334 0.010591
1.59087 0.356313 320.005 -65.9571 547.646 -0.025352 -1.58886 -0.35598 -320.005 -28.8896 -123.641 0.025352
1.34754 0.428778 320.004 -77.1528 448.206 -0.04092 -1.34598 -0.427806 -320.004 -36.9228 -89.2592 0.04092
1.07729 0.628589 320.006 -106.875 343.578 -0.0569833 -1.0757 -0.627878 -320.006 -60.4942 -56.9363 0.0569833
0.807378 0.891194 320.023 -145.812 237.291 -0.0732373 -0.806168 -0.891052 -320.023 -91.6303 -22.8188 0.0732373
0.541572 1.12041 320.015 -179.881 130.38 -0.089372 -0.540414 -1.12008 -320.015 -118.632 12.969 0.089372
0.305597 1.26157 320.018 -201.533 28.1044 -0.105052 -0.30347 -1.2614 -320.018 -134.626 51.939 0.105052
0.119879 1.26874 320.04 -203.703 -63.4037 -0.119929 -0.117798 -1.26894 -320.04 -134.413 93.6855 0.119929
-0.0816076 1.108 320.046 -181.723 -148.942 -0.133673 0.0834128 -1.10841 -320.046 -113.57 125.32 0.133673
-0.319402 0.794332 320.056 -137.703 -229.222 -0.145984 0.321612 -0.794496 -320.056 -73.9446 141.962 0.145984
-0.516829 0.411515 320.072 -83.5337 -295.235 -0.156605 0.518914 -0.411261 -320.072 -26.0121 155.202 0.156605
-0.638093 0.0633979 320.089 -34.1846 -342.972 -0.165304 0.639864 -0.0631789 -320.089 17.4299 170.53 0.165304
-0.723494 -0.175914 320.104 -0.115128 -376.438 -0.171865 0.725271 0.176355 -320.104 47.1819 181.141 0.171865
-0.80248 -0.257696 320.096 11.424 -398.399 -0.176134 0.803788 0.258169 -320.096 57.4475 182.064 0.176134
-0.874068 -0.185426 320.089 0.822307 -409.734 -0.178041 0.875097 0.185498 -320.089 48.7318 174.343 0.178041
-0.898318 -0.0138826 320.084 -23.9261 -407.658 -0.177578 0.899498 0.0139457 -320.084 27.7525 165.802 0.177578
-0.849462 0.195692 320.067 -53.9982 -390.068 -0.174776 0.850384 -0.195742 -320.067 1.94494 161.315 0.174776
-0.772829 0.384174 320.056 -80.7944 -362.076 -0.169724 0.773549 -0.384388 -320.056 -21.5234 153.848 0.169724
-0.709104 0.504357 320.058 -97.5643 -328.374 -0.162583 0.709757 -0.504532 -320.058 -36.7856 137.241 0.162583
-0.642508 0.533917 320.052 -101.184 -288.638 -0.153593 0.642922 -0.534204 -320.052 -41.0622 115.406 0.153593
-0.547239 0.468306 320.053 -90.9756 -242.286 -0.143042 0.547422 -0.468737 -320.053 -33.8022 94.6093 0.143042
-0.421404 0.320429 320.066 -68.8738 -190.855 -0.13123 0.421539 -0.32093 -320.066 -16.4973 76.8611 0.13123
-0.276515 0.116285 320.084 -38.6726 -136.688 -0.118469 0.276743 -0.116999 -320.084 7.68752 61.4404 0.118469
-0.137133 -0.116554 320.091 -4.47874 -83.0648 -0.105103 0.137242 0.115657 -320.091 35.5328 45.1247 0.105103
-0.0189999 -0.348888 320.094 29.6183 -32.1746 -0.0914943 0.019043 0.348123 -320.094 63.3825 25.8702 0.0914943
0.0892813 -0.527942 320.109 56.1462 16.0965 -0.0779959 -0.0891884 0.527578 -320.109 84.6347 6.58682 0.0779959
0.205175 -0.599571 320.108 67.1244 61.873 -0.0649348 -0.205085 0.599252 -320.108 92.7541 -8.17691 0.0649348
0.326728 -0.547349 320.097 60.2147 104.454 -0.0526023 -0.326463 0.547185 -320.097 85.7628 -18.2735 0.0526023
0.441868 -0.376231 320.091 36.1296 143.005 -0.0412591 -0.441156 0.376374 -320.091 64.2744 -26.0965 0.0412591
0.546148 -0.0927957 320.084 -4.24823 178.385 -0.031141 -0.545224 0.093247 -320.084 29.1397 -33.6205 0.031141
0.638114 0.293909 320.066 -59.768 211.378 -0.022445 -0.636808 -0.293076 -320.066 -18.3698 -42.0658 0.022445
0.726861 0.732718 320.042 -122.884 243.664 -0.0153096 -0.725138 -0.732346 -320.042 -72.2844 -50.668 0.0153096
0.823412 1.11376 320.03 -177.645 277.613 -0.00981402 -0.821548 -1.11397 -320.03 -119.173 -58.8149 0.00981402
0.901336 1.33582 320.023 -209.423 310.898 -0.00599211 -0.8999 -1.3358 -320.023 -146.556 -71.1827 0.00599211
0.940931 1.38414 320.017 -216.125 340.297 -0.00384356 -0.939495 -1.38389 -320.017 -152.704 -89.937 0.00384356
0.984704 1.30173 320.024 -204.023 368.529 -0.00333554 -0.98316 -1.30136 -320.024 -142.823 -106.431 0.00333554
1.069 1.13643 320.037 -179.941 398.675 -0.00439029 -1.06754 -1.13607 -320.037 -122.845 -114.023 0.00439029
1.15756 0.92704 320.044 -149.478 426.947 -0.00688018 -1.15612 -0.926886 -320.044 -97.5212 -118.622 0.00688018
1.20771 0.697367 320.047 -116.133 448.905 -0.0106545 -1.20626 -0.69741 -320.047 -69.6717 -127.155 0.0106545
1.23068 0.469908 320.053 -83.1385 465.167 -0.0155666 -1.22925 -0.469914 -320.053 -42.0311 -137.244 0.0155666
1.25831 0.273497 320.053 -54.6681 478.162 -0.0214624 -1.25692 -0.273587 -320.053 -18.1579 -142.834 0.0214624
1.29691 0.13036 320.046 -33.9186 488.066 -0.028159 -1.29554 -0.130422 -320.046 -0.749738 -142.429 0.028159
1.32782 0.0605191 320.04 -23.7917 492.938 -0.0354581 -1.32645 -0.0603868 -320.04 7.7659 -139.055 0.0354581
1.33676 0.0796943 320.033 -26.594 491.326 -0.0431736 -1.33538 -0.0795931 -320.033 5.45273 -135.072 0.0431736
1.32742 0.183261 320.022 -41.6337 483.476 -0.0511379 -1.32605 -0.183148 -320.022 -7.11249 -129.734 0.0511379
1.31037 0.355346 320.012 -66.6105 470.297 -0.0591896 -1.309 -0.355144 -320.012 -27.9941 -121.14 0.0591896
1.28898 0.575001 320.004 -98.5107 452.118 -0.0671619 -1.28761 -0.574888 -320.004 -54.6562 -108.719 0.0671619
1.25365 0.806359 319.997 -132.142 428.07 -0.0748897 -1.2524 -0.80637 -319.997 -82.7111 -94.1439 0.0748897
1.18884 1.00901 319.993 -161.671 396.532 -0.0822299 -1.18775 -1.00902 -319.993 -107.201 -79.9448 0.0822299
1.09051 1.15012 319.998 -182.347 356.855 -0.0890697 -1.08963 -1.15022 -319.998 -124.148 -66.5537 0.0890697
0.969355 1.20151 320.005 -190.111 309.622 -0.0953162 -0.968626 -1.20171 -320.005 -130.095 -51.7148 0.0953162
0.844927 1.14988 320.015 -183.118 256.844 -0.100886 -0.84403 -1.14995 -320.015 -123.308 -32.2663 0.100886
0.723717 1.01281 320.029 -163.827 200.458 -0.105705 -0.722882 -1.01261 -320.029 -106.024 -8.33715 0.105705
0.57592 0.826224 320.043 -137.388 138.618 -0.109724 -0.575169 -0.826033 -320.043 -82.726 13.9534 0.109724
0.393286 0.61982 320.063 -108.425 72.0565 -0.112923 -0.392485 -0.619627 -320.063 -56.6681 31.6562 0.112923
0.203584 0.414403 320.069 -79.8059 4.24802 -0.115304 -0.202801 -0.414093 -320.069 -30.5135 48.7282 0.115304
0.0232019 0.235622 320.076 -54.8687 -62.431 -0.116874 -0.0227635 -0.235266 -320.076 -7.7865 67.1973 0.116874
-0.171233 0.110324 320.081 -37.6475 -130.346 -0.117651 0.171291 -0.109949 -320.081 8.39647 83.1627 0.117651
-0.385869 0.0491935 320.091 -29.8833 -200.56 -0.117678 0.385921 -0.0489434 -320.091 16.9132 95.9965 0.117678
-0.586406 0.0441311 320.085 -30.203 -268.848 -0.117029 0.586347 -0.0439386 -320.085 18.5771 110.677 0.117029
-0.756245 0.0870957 320.079 -37.4304 -332.341 -0.115786 0.756329 -0.0868558 -320.079 14.3608 128.718 0.115786
-0.908624 0.165834 320.087 -49.6672 -390.588 -0.11403 0.908705 -0.165712 -320.087 5.59561 146.2 0.11403
-1.06602 0.251752 320.091 -62.7127 -444.332 -0.111856 1.06596 -0.251924 -320.091 -4.2984 157.879 0.111856
-1.2221 0.306452 320.084 -71.1903 -491.625 -0.10937 1.22212 -0.306743 -320.084 -10.416 163.45 0.10937
-1.34336 0.309925 320.088 -72.1504 -528.667 -0.106684 1.34339 -0.310085 -320.088 -10.363 168.083 0.106684
-1.41596 0.272204 320.101 -67.0163 -553.466 -0.103902 1.41595 -0.27226 -320.101 -5.42731 173.473 0.103902
-1.46178 0.208488 320.107 -57.9983 -567.631 -0.101117 1.46165 -0.208589 -320.107 2.53301 175.408 0.101117
-1.4988 0.133852 320.111 -47.2801 -572.868 -0.0984189 1.49864 -0.133725 -320.111 11.7404 170.775 0.0984189
-1.49883 0.0731477 320.116 -38.4304 -566.19 -0.095888 1.49918 -0.0728728 -320.116 19.0914 164.047 0.095888
-1.41862 0.0493688 320.111 -34.707 -542.177 -0.0935836 1.41943 -0.0490405 -320.111 21.7127 161.407 0.0935836
-1.27884 0.0773876 320.099 -38.228 -501.383 -0.0915267 1.27967 -0.0768593 -320.099 17.7903 157.961 0.0915267
-1.13536 0.185579 320.086 -53.1442 -448.677 -0.0897127 1.13641 -0.184542 -320.086 3.93309 143.605 0.0897127
-0.991563 0.414363 320.072 -85.3578 -384.967 -0.0881333 0.992502 -0.412919 -320.072 -24.7859 118.414 0.0881333
-0.829702 0.782773 320.06 -137.259 -311.556 -0.0867672 0.829998 -0.781049 -320.06 -71.0537 88.4392 0.0867672
-0.636262 1.28876 320.02 -208.86 -230.16 -0.0855574 0.636514 -1.2866 -320.02 -134.272 58.8348 0.0855574
-0.406454 1.90185 319.993 -295.91 -143.278 -0.0844225 0.406512 -1.89953 -319.993 -210.63 33.4643 0.0844225
-0.166908 2.53335 319.979 -385.878 -55.7176 -0.0832857 0.16658 -2.53171 -319.979 -289.086 10.0361 0.0832857
0.046694 3.04345 319.956 -458.69 27.1046 -0.0820854 -0.0470342 -3.0419 -319.956 -352.261 -15.627 0.0820854
0.239269 3.32873 319.936 -499.178 104.31 -0.0807723 -0.239763 -3.32712 -319.936 -387.81 -41.2763 0.0807723
0.419161 3.34954 319.931 -501.578 173.948 -0.079305 -0.419968 -3.34818 -319.931 -390.993 -62.7437 0.079305
0.573737 3.09969 319.939 -464.96 231.983 -0.0776486 -0.574669 -3.09837 -319.939 -361.019 -79.4144 0.0776486
0.696724 2.63679 319.957 -397.606 276.117 -0.0757927 -0.697642 -2.63509 -319.957 -304.932 -90.6614 0.0757927
0.786145 2.07714 319.982 -316.469 305.062 -0.0737658 -0.787016 -2.07541 -319.982 -236.887 -95.7129 0.0737658
0.831047 1.52778 320.005 -236.946 317.272 -0.0716253 -0.83207 -1.52622 -320.005 -169.996 -95.9114 0.0716253
0.816833 1.0495 320.021 -167.868 310.817 -0.0694465 -0.817869 -1.04842 -320.021 -111.648 -93.2636 0.0694465
0.753651 0.670536 320.034 -113.316 286.631 -0.0673226 -0.754624 -0.66955 -320.034 -65.1966 -85.991 0.0673226
0.658168 0.426244 320.04 -78.389 246.84 -0.0653611 -0.659177 -0.425005 -320.04 -34.9708 -71.7529 0.0653611
0.523895 0.353 320.041 -68.4005 191.6 -0.063678 -0.524913 -0.351835 -320.041 -25.4439 -52.4474 0.063678
0.342498 0.443873 320.04 -82.1856 121.461 -0.0623945 -0.343501 -0.442812 -320.04 -35.8938 -30.843 0.0623945
0.121827 0.666915 320.042 -115.52 39.1158 -0.0616316 -0.12284 -0.665721 -320.042 -61.9923 -7.52683 0.0616316
-0.127418 0.972796 320.03 -160.851 -53.1175 -0.0614965 0.126357 -0.971567 -320.03 -98.1894 18.0405 0.0614965
-0.397745 1.30683 320.033 -210.294 -153.039 -0.0620742 0.396657 -1.30569 -320.033 -137.794 45.654 0.0620742
-0.685493 1.59768 320.048 -253.872 -259.082 -0.0634279 0.684436 -1.59674 -320.048 -171.766 74.7261 0.0634279
-0.978978 1.7738 320.037 -280.972 -367.177 -0.0656063 0.977916 -1.77294 -320.037 -191.62 104.32 0.0656063
-1.27111 1.78688 320.057 -284.38 -473.837 -0.0686429 1.27004 -1.7862 -320.057 -191.718 132.841 0.0686429
-1.55394 1.60545 320.106 -259.215 -575.951 -0.0725438 1.55287 -1.60505 -320.106 -168.557 159.306 0.0725438
-1.81407 1.23569 320.109 -206.932 -670.765 -0.0772838 1.813 -1.23543 -320.109 -122.293 184.537 0.0772838
-2.03911 0.710816 320.123 -132.263 -755.124 -0.082814 2.03804 -0.71069 -320.123 -57.0667 208.687 0.082814
-2.23131 0.0964668 320.171 -44.6239 -828.184 -0.0890688 2.23024 -0.0964725 -320.171 19.0397 230.318 0.0890688
-2.38796 -0.521527 320.193 43.4133 -888.123 -0.0959648 2.38689 0.521506 -320.193 95.7351 248.338 0.0959648
-2.51215 -1.05738 320.182 119.763 -934.958 -0.103395 2.51108 1.05726 -320.182 162.211 261.942 0.103395
-2.59943 -1.42931 320.19 172.814 -967.978 -0.111228 2.59836 1.42929 -320.19 208.317 271.606 0.111228
-2.64662 -1.56644 320.186 192.294 -986.411 -0.119315 2.64555 1.56664 -320.186 225.419 277.413 0.119315
-2.65616 -1.42929 320.152 172.522 -990.243 -0.127489 2.65509 1.42951 -320.152 208.636 278.691 0.127489
-2.63084 -1.03439 320.121 115.875 -979.787 -0.13557 2.62973 1.03465 -320.121 160.023 275.022 0.13557
-2.57032 -0.443756 320.098 31.2179 -955.396 -0.14336 2.56916 0.444121 -320.098 87.2535 266.839 0.14336
-2.47261 0.251317 320.063 -68.1402 -917.801 -0.150649 2.47149 -0.250872 -320.063 1.34213 255.39 0.150649
-2.32957 0.949385 320.032 -167.954 -866.405 -0.157213 2.32845 -0.948977 -320.032 -84.9272 242.258 0.157213
-2.14981 1.53578 320.012 -251.698 -802.915 -0.162814 2.14866 -1.53549 -320.012 -157.51 226.853 0.162814
-1.94758 1.91734 319.995 -305.817 -730.17 -0.16722 1.94645 -1.91704 -319.995 -205.101 208.2 0.16722
-1.72331 2.04605 319.997 -323.537 -649.529 -0.170217 1.72217 -2.04578 -319.997 -221.695 187.545 0.170217
-1.4785 1.91253 320.007 -303.437 -562.863 -0.171605 1.47737 -1.91241 -320.007 -206.226 166.35 0.171605
-1.22632 1.5409 320.023 -249.079 -473.509 -0.171205 1.22519 -1.54093 -320.023 -161.546 144.437 0.171205
-0.973839 0.980882 320.062 -167.038 -383.19 -0.16888 0.972697 -0.980996 -320.062 -94.3239 121.641 0.16888
-0.735682 0.326207 320.078 -71.2883 -296.119 -0.164549 0.734433 -0.326456 -320.078 -15.5853 98.2789 0.164549
-0.522268 -0.328988 320.087 24.3528 -215.838 -0.158192 0.520915 0.328584 -320.087 63.3982 75.0972 0.158192
-0.333973 -0.896831 320.118 107.172 -144.722 -0.149849 0.33266 0.896303 -320.118 131.923 54.3458 0.149849
-0.17067 -1.30475 320.122 166.619 -84.1166 -0.139633 0.169391 1.30413 -320.122 181.196 37.4193 0.139633
-0.0337577 -1.50456 320.105 196.028 -34.2477 -0.127727 0.032599 1.50397 -320.105 205.051 24.1549 0.127727
0.0828949 -1.47436 320.1 192.193 5.54946 -0.114382 -0.083326 1.47374 -320.1 200.831 15.4539 0.114382
0.193478 -1.22907 320.092 157.289 38.2306 -0.099924 -0.193549 1.2285 -320.092 170.356 12.2779 0.099924
0.279447 -0.814321 320.071 97.8968 63.9224 -0.084736 -0.279219 0.813807 -320.071 119.199 9.52443 0.084736
0.326111 -0.298539 320.057 23.8824 82.9453 -0.0692491 -0.32538 0.298102 -320.057 55.737 2.92876 0.0692491
0.351791 0.245675 320.053 -54.2486 98.4541 -0.0539278 -0.351094 -0.245793 -320.053 -11.1555 -5.67878 0.0539278
0.369542 0.757391 320.048 -127.775 112.18 -0.0392518 -0.368813 -0.757335 -320.048 -74.0085 -14.6297 0.0392518
0.391306 1.17059 320.051 -187.346 125.949 -0.0256914 -0.390406 -1.1707 -320.051 -124.601 -22.5763 0.0256914
0.418904 1.39229 320.05 -219.26 139.909 -0.0136884 -0.418039 -1.39288 -320.05 -151.849 -29.1335 0.0136884
0.447952 1.35096 320.06 -213.115 154.076 -0.00363762 -0.446892 -1.3516 -320.06 -146.983 -35.5447 0.00363762
0.4792 1.04878 320.077 -169.273 169.076 0.00413624 -0.477998 -1.04927 -320.077 -110.258 -42.1947 -0.00413624
0.513105 0.556338 320.093 -97.9686 185.264 0.00939155 -0.511906 -0.556844 -320.093 -50.2995 -49.303 -0.00939155
0.54623 -0.0335557 320.107 -12.5273 202.344 0.0119763 -0.545011 0.0329907 -320.107 21.492 -57.5109 -0.0119763
0.581511 -0.602361 320.12 69.7663 220.124 0.0118388 -0.580209 0.602192 -320.12 90.8709 -65.8501 -0.0118388
0.632376 -1.0191 320.122 130.069 239.874 0.00903107 -0.630996 1.01918 -320.122 141.687 -72.0038 -0.00903107
0.698666 -1.18694 320.107 154.488 261.43 0.00370242 -0.697122 1.18695 -320.107 161.997 -75.8625 -0.00370242
0.770579 -1.0797 320.091 139.177 283.991 -0.00390868 -0.769002 1.0797 -320.091 148.718 -79.2059 0.00390868
0.836665 -0.720675 320.071 87.5359 306.31 -0.0134873 -0.835084 0.720834 -320.071 104.68 -83.8545 0.0134873
0.900583 -0.165169 320.041 7.43885 328.441 -0.0246572 -0.898931 0.16529 -320.041 36.6967 -88.8996 0.0246572
0.97288 0.490617 320.013 -87.1632 350.905 -0.0369952 -0.971256 -0.490556 -320.013 -43.5149 -92.0338 0.0369952
1.05185 1.12298 319.995 -178.423 373.129 -0.0500469 -1.05025 -1.12321 -319.995 -120.856 -93.1538 0.0500469
1.12212 1.60205 319.981 -247.502 393.007 -0.063347 -1.12063 -1.60252 -319.981 -179.509 -94.2423 0.063347
1.17013 1.84811 319.976 -282.901 408.179 -0.0764383 -1.16884 -1.84826 -319.976 -209.659 -96.5537 0.0764383
1.19365 1.86625 319.986 -285.43 417.026 -0.088891 -1.1926 -1.8661 -319.986 -211.925 -99.0776 0.088891
1.20153 1.7022 320.002 -261.726 418.954 -0.100313 -1.20058 -1.70221 -320.002 -191.921 -98.8877 0.100313
1.21414 1.37924 320.019 -215.109 415.461 -0.110355 -1.21285 -1.37981 -320.019 -152.524 -92.0986 0.110355
1.23776 0.90949 320.038 -147.268 408.017 -0.118718 -1.23626 -0.910271 -320.038 -95.178 -78.4268 0.118718
1.23837 0.352048 320.055 -66.7681 394.473 -0.125173 -1.23687 -0.352527 -320.055 -27.0461 -64.7714 0.125173
1.19057 -0.192251 320.066 11.7289 373.172 -0.129572 -1.18889 0.191735 -320.066 39.5398 -56.2969 0.129572
1.12246 -0.637441 320.073 75.8354 347.377 -0.131849 -1.12071 0.636963 -320.073 94.108 -48.7333 0.131849
1.06053 -0.924031 320.073 116.988 319.8 -0.13201 -1.05904 0.923684 -320.073 129.367 -37.7067 0.13201
0.994748 -1.01658 320.066 130.037 289.368 -0.130128 -0.993246 1.01622 -320.066 140.985 -24.8944 0.130128
0.915427 -0.932905 320.056 117.58 255.333 -0.12635 -0.913913 0.932139 -320.056 131.086 -12.0944 0.12635
0.824865 -0.73766 320.049 88.9525 218.583 -0.120904 -0.823481 0.736743 -320.049 107.65 0.437693 0.120904
0.722443 -0.496372 320.044 53.7203 179.545 -0.114073 -0.721061 0.495513 -320.044 78.5737 12.0766 0.114073
0.613011 -0.25083 320.048 17.7813 139.207 -0.106167 -0.61159 0.24991 -320.048 49.0546 23.1387 0.106167
0.501084 -0.0456466 320.053 -12.3462 98.8055 -0.0975176 -0.499903 0.0446069 -320.053 24.474 33.6365 0.0975176
0.370132 0.0951435 320.065 -33.2009 56.7683 -0.0884685 -0.369184 -0.0958646 -320.065 7.84388 40.6997 0.0884685
0.219681 0.183591 320.084 -46.5424 13.0388 -0.0793701 -0.218841 -0.184038 -320.084 -2.353 44.2427 0.0793701
0.0697401 0.223631 320.102 -52.8987 -30.181 -0.0705683 -0.0691573 -0.224496 -320.102 -6.72402 47.4325 0.0705683
-0.0708347 0.178803 320.113 -46.9511 -71.8107 -0.0623802 0.0712661 -0.17989 -320.113 -0.750511 51.5153 0.0623802
-0.201025 0.0290713 320.121 -25.8326 -111.232 -0.055078 0.201553 -0.0299334 -320.121 18.0747 56.1273 0.055078
-0.319606 -0.200904 320.128 6.84847 -147.309 -0.0488958 0.320054 0.200023 -320.128 46.6943 60.5206 0.0488958
-0.432615 -0.479238 320.131 46.4859 -179.783 -0.0440327 0.433016 0.478259 -320.131 81.2376 62.8032 0.0440327
-0.535667 -0.761771 320.126 86.7829 -207.444 -0.0406371 0.536101 0.761224 -320.126 116.311 62.9284 0.0406371
-0.614013 -0.969408 320.122 116.349 -228.497 -0.0387973 0.614432 0.969254 -320.122 142.146 63.0536 0.0387973
-0.66238 -1.0317 320.113 125.077 -242.051 -0.0385452 0.662789 1.03157 -320.113 150.026 63.6866 0.0385452
-0.689001 -0.921581 320.099 109.11 -248.646 -0.0398585 0.689378 0.921649 -320.099 136.666 63.1781 0.0398585
-0.700691 -0.648118 320.085 69.7179 -248.859 -0.0426668 0.701046 0.648106 -320.085 103.153 60.2847 0.0426668
-0.690183 -0.268222 320.07 15.1032 -241.94 -0.046858 0.690636 0.267818 -320.07 56.4505 56.1792 0.046858
-0.642921 0.132924 320.058 -42.4572 -226.149 -0.0522725 0.643551 -0.133286 -320.058 7.08682 53.0045 0.0522725
-0.56316 0.484495 320.049 -92.755 -201.594 -0.0587027 0.563834 -0.484952 -320.049 -36.3433 49.7644 0.0587027
-0.470654 0.731996 320.049 -127.962 -170.201 -0.06591 0.471355 -0.732616 -320.049 -67.133 43.1052 0.06591
-0.370786 0.83003 320.054 -141.548 -132.906 -0.0736391 0.371535 -0.830759 -320.054 -79.6943 32.5204 0.0736391
-0.248411 0.760446 320.065 -130.931 -89.0902 -0.0816194 0.249226 -0.761229 -320.065 -71.7718 21.4263 0.0816194
-0.096167 0.544066 320.077 -99.1186 -38.9804 -0.0895656 0.0969644 -0.544703 -320.077 -45.8886 12.0207 0.0895656
0.0722245 0.233886 320.092 -53.6914 15.2778 -0.0971869 -0.0714353 -0.234513 -320.092 -8.63494 2.77658 0.0971869
0.240536 -0.110024 320.101 -3.32739 70.7918 -0.104203 -0.239721 0.109312 -320.101 32.6601 -7.74522 0.104203
0.406437 -0.436331 320.101 44.4349 125.721 -0.110357 -0.405629 0.435532 -320.101 71.8643 -18.3206 0.110357
0.574986 -0.703403 320.101 83.6636 179.437 -0.11542 -0.574209 0.702577 -320.101 103.821 -26.981 0.11542
0.734483 -0.875932 320.095 109.084 229.041 -0.119186 -0.733734 0.875017 -320.095 124.376 -33.9519 0.119186
0.878003 -0.94219 320.078 119.091 272.827 -0.12149 -0.877261 0.941204 -320.078 132.02 -39.3825 0.12149
0.99654 -0.897408 320.061 112.964 308.564 -0.122219 -0.995785 0.89655 -320.061 126.227 -43.443 0.122219
1.0844 -0.742618 320.048 90.8212 334.711 -0.121319 -1.0838 0.74183 -320.048 107.117 -46.0906 0.121319
1.13134 -0.496607 320.035 55.3873 349.163 -0.118795 -1.13088 0.49574 -320.035 76.9637 -47.9785 0.118795
1.14352 -0.20166 320.024 12.7975 351.782 -0.114713 -1.14288 0.200787 -320.024 40.9321 -47.3681 0.114713
1.13385 0.0908504 320.023 -29.5194 343.916 -0.109196 -1.13327 -0.0917948 -320.023 5.26854 -42.0941 0.109196
1.0883 0.322271 320.03 -63.1465 324.561 -0.102424 -1.08779 -0.323433 -320.03 -22.82 -34.9212 0.102424
0.991562 0.432424 320.042 -79.2987 292.918 -0.0946344 -0.991068 -0.43366 -320.042 -36.039 -29.1367 0.0946344
0.850945 0.39278 320.058 -73.904 250.167 -0.0861178 -0.850528 -0.393919 -320.058 -30.8523 -23.9542 0.0861178
0.685193 0.215438 320.081 -48.7527 198.753 -0.0772019 -0.684878 -0.216423 -320.081 -8.70965 -16.8273 0.0772019
0.506064 -0.0632619 320.106 -9.09795 141.008 -0.0682279 -0.505783 0.0622413 -320.106 25.9224 -6.96404 0.0682279
0.316438 -0.396357 320.127 38.03 79.0852 -0.0595426 -0.316103 0.395414 -320.127 67.5966 4.25354 0.0595426
0.110972 -0.728811 320.128 85.0032 13.3132 -0.0514963 -0.110667 0.728043 -320.128 109.268 15.1016 0.0514963
-0.105376 -0.993962 320.132 122.251 -54.3873 -0.0444277 0.105655 0.993287 -320.132 142.713 24.9755 0.0444277
-0.317384 -1.13954 320.138 142.388 -120.601 -0.0386369 0.317678 1.13902 -320.138 161.405 34.5172 0.0386369
-0.516257 -1.12454 320.121 139.411 -183.352 -0.0343666 0.516491 1.12433 -320.121 160.426 44.1147 0.0343666
-0.703676 -0.938228 320.111 111.617 -242.197 -0.0317987 0.703792 0.937922 -320.111 138.546 52.882 0.0317987
-0.874882 -0.642518 320.098 68.1269 -295.171 -0.0310555 0.874888 0.641579 -320.098 103.13 60.1148 0.0310555
-1.02579 -0.345793 320.08 24.6691 -341.006 -0.0321999 1.02552 0.34475 -320.08 67.4808 65.659 0.0321999
-1.15771 -0.131088 320.076 -6.80584 -379.91 -0.0352287 1.1571 0.129986 -320.076 41.7176 69.361 0.0352287
-1.25889 -0.0438893 320.082 -19.7669 -410.891 -0.0400671 1.25829 0.0425947 -320.082 31.4104 73.3004 0.0400671
-1.29479 -0.111986 320.092 -10.1709 -429.98 -0.0465751 1.29475 0.110497 -320.092 39.941 82.6892 0.0465751
-1.25856 -0.328491 320.107 21.0184 -434.921 -0.0545576 1.25861 0.327077 -320.107 66.4734 97.2403 0.0545576
-1.20302 -0.636331 320.13 65.5265 -429.666 -0.0637715 1.20313 0.635123 -320.13 104.05 106.774 0.0637715
-1.16004 -0.95718 320.15 111.978 -417.297 -0.0739409 1.16021 0.955913 -320.15 143.116 105.878 0.0739409
-1.11086 -1.22619 320.161 151.057 -397.45 -0.0847675 1.11043 1.22502 -320.161 175.755 99.2709 0.0847675
-1.03463 -1.38814 320.167 174.753 -370.938 -0.0959208 1.03403 1.38717 -320.167 195.254 93.1633 0.0959208
-0.915485 -1.40354 320.159 177.344 -338.497 -0.107042 0.9149 1.40266 -320.159 196.779 92.5472 0.107042
-0.767803 -1.26388 320.138 157.59 -302.863 -0.117776 0.767071 1.2631 -320.138 179.318 96.3677 0.117776
-0.635 -0.992233 320.116 118.845 -269.333 -0.127783 0.634382 0.9915 -320.116 145.659 98.2906 0.127783
-0.531716 -0.635101 320.091 67.8954 -240.15 -0.136746 0.531199 0.634386 -320.091 101.412 96.6924 0.136746
-0.444569 -0.246218 320.057 12.3002 -214.533 -0.144372 0.443806 0.245577 -320.057 53.356 94.3992 0.144372
-0.369968 0.116395 320.035 -39.6462 -193.257 -0.150396 0.369265 -0.117109 -320.035 8.63417 93.051 0.150396
-0.303128 0.395113 320.024 -79.5693 -176.554 -0.154592 0.302505 -0.395885 -320.024 -25.746 94.1896 0.154592
-0.250503 0.548548 320.02 -101.51 -165.241 -0.156806 0.249819 -0.549311 -320.02 -44.704 96.9334 0.156806
-0.234717 0.558644 320.029 -102.904 -161.647 -0.156958 0.233996 -0.559504 -320.029 -46.0143 97.5589 0.156958
-0.259261 0.423436 320.05 -83.4679 -166.293 -0.155038 0.258544 -0.424433 -320.05 -29.4273 95.6542 0.155038
-0.295826 0.158679 320.075 -45.4342 -176.232 -0.1511 0.295433 -0.159737 -320.075 3.10467 95.7798 0.1511
-0.329509 -0.199112 320.102 5.94756 -189.169 -0.145265 0.32905 0.197962 -320.102 47.0836 99.7093 0.145265
-0.400752 -0.603886 320.13 63.9788 -208.51 -0.137722 0.399817 0.602577 -320.13 96.9283 100.078 0.137722
-0.524807 -1.01413 320.152 122.608 -235.68 -0.128738 0.524263 1.01263 -320.152 147.629 94.077 0.128738
-0.632322 -1.39745 320.164 177.387 -262.937 -0.118644 0.632245 1.39584 -320.164 195.013 92.5544 0.118644
-0.693295 -1.71535 320.172 222.971 -285.538 -0.107796 0.693058 1.71382 -320.172 234.18 98.8648 0.107796
-0.767869 -1.91342 320.169 251.288 -307.417 -0.0965523 0.767664 1.91208 -320.169 258.686 100.811 0.0965523
-0.894094 -1.95171 320.158 256.505 -331.49 -0.0852912 0.893595 1.95032 -320.158 263.671 91.2439 0.0852912
-1.03213 -1.81697 320.143 236.797 -354.326 -0.07442 1.03137 1.81585 -320.143 247.498 77.2966 0.07442
-1.11424 -1.49936 320.123 190.812 -369.811 -0.0643259 1.11374 1.4988 -320.123 208.896 70.8401 0.0643259
-1.11387 -0.999281 320.099 118.581 -374.348 -0.0553337 1.11362 0.998925 -320.099 147.855 75.4304 0.0553337
-1.08576 -0.373642 320.08 28.2655 -371.592 -0.0477153 1.08537 0.373161 -320.08 71.3837 80.188 0.0477153
-1.09341 0.262517 320.065 -63.4097 -367.039 -0.0417115 1.09294 -0.263102 -320.065 -6.52908 73.633 0.0417115
-1.11106 0.796507 320.054 -140.174 -358.512 -0.0375251 1.11064 -0.796923 -320.054 -72.0828 60.4394 0.0375251
-1.06033 1.15055 320.045 -190.881 -338.766 -0.0352818 1.06011 -1.15093 -320.045 -115.744 54.2436 0.0352818
-0.923738 1.28473 320.051 -209.694 -306.114 -0.0349961 0.923651 -1.2849 -320.051 -132.673 58.0465 0.0349961
-0.762884 1.20412 320.066 -197.431 -266.237 -0.0365905 0.762847 -1.20415 -320.066 -123.431 61.1178 0.0365905
-0.63029 0.945234 320.08 -159.436 -224.521 -0.0399455 0.630388 -0.945297 -320.08 -92.4232 54.8219 0.0399455
-0.506849 0.548937 320.099 -101.668 -180.258 -0.0449062 0.507089 -0.549331 -320.099 -44.6005 43.5507 0.0449062
-0.343988 0.0594581 320.119 -30.4127 -129.898 -0.0512459 0.344413 -0.059937 -320.119 14.6065 36.6915 0.0512459
-0.140468 -0.440189 320.128 42.2554 -74.2715 -0.0586535 0.141097 0.439988 -320.128 75.1592 35.4034 0.0586535
0.0633153 -0.825892 320.127 98.5796 -17.2543 -0.0667757 -0.0625917 0.826233 -320.127 121.718 32.8151 0.0667757
0.229067 -0.978131 320.122 121.243 36.6741 -0.0752681 -0.228221 0.978575 -320.122 139.647 23.1808 0.0752681
0.36069 -0.840786 320.1 102.153 86.4316 -0.0838032 -0.360004 0.841427 -320.1 122.15 8.65988 0.0838032
0.476538 -0.425131 320.066 42.9061 131.879 -0.0920481 -0.476194 0.425776 -320.066 70.5998 -5.739 0.0920481
0.577966 0.180428 320.036 -43.9601 171.164 -0.0996601 -0.578024 -0.180376 -320.036 -4.03157 -17.8266 0.0996601
0.659105 0.830541 320.009 -137.585 201.94 -0.106321 -0.65923 -0.830526 -320.009 -83.7052 -26.8836 0.106321
0.708199 1.39237 319.97 -218.548 221.233 -0.111775 -0.708569 -1.39231 -319.97 -152.497 -33.0046 0.111775
0.705198 1.77703 319.956 -274.067 225.847 -0.115842 -0.706127 -1.77719 -319.956 -199.543 -38.3241 0.115842
0.628435 1.92314 319.965 -295.279 211.694 -0.118405 -0.62988 -1.92324 -319.965 -217.269 -44.5814 0.118405
0.487746 1.83587 319.974 -282.917 177.642 -0.119411 -0.489753 -1.83556 -319.974 -206.313 -48.0216 0.119411
0.295897 1.58116 319.994 -246.612 122.943 -0.118881 -0.298642 -1.58079 -319.994 -174.713 -44.4829 0.118881
0.0447677 1.23489 320.031 -197.361 45.2723 -0.11692 -0.0480982 -1.23446 -320.031 -131.652 -33.8556 0.11692
-0.253047 0.876615 320.07 -147.004 -53.6037 -0.113718 0.249716 -0.875948 -320.07 -86.4735 -14.6081 0.113718
-0.563103 0.569381 320.079 -104.258 -169.233 -0.109544 0.560437 -0.568778 -320.079 -47.3272 17.9843 0.109544
-0.877836 0.333242 320.105 -72.2312 -297.652 -0.104713 0.875209 -0.333147 -320.105 -16.4718 62.1609 0.104713
-1.25066 0.141511 320.122 -46.6892 -439.569 -0.0995715 1.24805 -0.141425 -320.122 9.09797 104.333 0.0995715
-1.69768 -0.0134407 320.141 -26.2522 -592.228 -0.0944981 1.69513 0.0137943 -320.141 30.0055 137.454 0.0944981
-2.15007 -0.120634 320.137 -12.4494 -745.579 -0.089891 2.14711 0.120851 -320.137 44.7623 169.893 0.089891
-2.56644 -0.182361 320.155 -5.42635 -894.827 -0.0861306 2.56337 0.182502 -320.155 54.188 207.786 0.0861306
-2.94617 -0.219867 320.178 -1.88548 -1038.7 -0.0835439 2.94328 0.220012 -320.178 60.6503 250.044 0.0835439
-3.27405 -0.247083 320.181 0.309273 -1171.78 -0.0823944 3.27202 0.247075 -320.181 65.6946 295.255 0.0823944
-3.53558 -0.280719 320.188 3.93377 -1286.94 -0.0828863 3.53415 0.28071 -320.188 71.0393 340.308 0.0828863
-3.74658 -0.30907 320.2 7.11421 -1379.96 -0.0851493 3.7455 0.309263 -320.2 75.4455 376.789 0.0851493
-3.93675 -0.310775 320.208 6.51454 -1450.04 -0.0892161 3.93551 0.310933 -320.208 76.497 396.026 0.0892161
-4.08198 -0.284678 320.193 2.15806 -1494.22 -0.095022 4.08096 0.28474 -320.193 73.8859 401.365 0.095022
-4.10503 -0.242077 320.173 -4.07631 -1504.15 -0.102404 4.1041 0.242364 -320.173 68.7949 405.106 0.102404
-3.99467 -0.166889 320.161 -14.492 -1478.56 -0.111097 3.99371 0.16765 -320.161 59.2308 408.986 0.111097
-3.81061 -0.0367576 320.141 -32.4554 -1423.72 -0.12076 3.80977 0.0375363 -320.141 42.507 403.317 0.12076
-3.58985 0.132183 320.118 -55.863 -1344.59 -0.131006 3.58888 -0.131648 -320.118 20.847 383.244 0.131006
-3.33193 0.302537 320.094 -79.4265 -1243.86 -0.141412 3.33019 -0.301815 -320.094 -0.976563 351.635 0.141412
-3.04205 0.457608 320.07 -100.282 -1127.91 -0.15152 3.04003 -0.456769 -320.07 -21.4457 313.289 0.15152
-2.69106 0.60354 320.038 -119.733 -997.864 -0.160869 2.68893 -0.602751 -320.038 -40.9046 277.152 0.160869
-2.2638 0.732052 320.03 -136.456 -856.475 -0.169018 2.2625 -0.731255 -320.03 -58.4417 249.888 0.169018
-1.78699 0.831758 320.013 -149.186 -706.083 -0.175566 1.78566 -0.831251 -320.013 -72.332 226.955 0.175566
-1.37196 0.878875 319.993 -154.525 -558.878 -0.180174 1.36995 -0.878568 -319.993 -79.5842 190.839 0.180174
-1.06775 0.858604 320.001 -150.013 -423.624 -0.182589 1.06563 -0.858436 -320.001 -78.716 137.058 0.182589
-0.778397 0.769563 320.032 -135.218 -296.527 -0.182629 0.776268 -0.769701 -320.032 -69.8219 87.4367 0.182629
-0.425117 0.637067 320.007 -114.27 -173.832 -0.180158 0.422982 -0.636948 -320.007 -55.422 59.2137 0.180158
-0.0849366 0.532109 320.028 -97.6814 -65.1209 -0.17511 0.0827498 -0.531341 -320.028 -43.9503 41.4452 0.17511
0.154936 0.536093 320.053 -97.1455 21.3708 -0.167538 -0.156332 -0.535374 -320.053 -45.5577 19.0083 0.167538
0.316944 0.670241 320.043 -115.491 88.7627 -0.157617 -0.318083 -0.669415 -320.043 -62.9592 -5.05074 0.157617
0.441031 0.931396 320.038 -152.551 141.327 -0.145581 -0.442205 -0.930089 -320.038 -95.4493 -24.3911 0.145581
0.541273 1.30185 320.04 -205.696 180.594 -0.131683 -0.5416 -1.30044 -320.04 -141.039 -36.947 0.131683
0.640919 1.69413 320.018 -262.138 210.645 -0.116229 -0.640765 -1.6936 -320.018 -189.281 -40.431 0.116229
0.723714 1.97474 319.996 -302.474 232.622 -0.0996077 -0.723237 -1.97408 -319.996 -223.726 -40.3343 0.0996077
0.749844 2.09234 319.989 -319.307 244.733 -0.0822682 -0.748946 -2.09105 -319.989 -238.157 -45.5029 0.0822682
0.728407 2.07091 319.982 -316.165 249.267 -0.0646818 -0.727449 -2.06986 -319.982 -235.62 -55.7336 0.0646818
0.702432 1.92273 319.977 -294.713 251.044 -0.0473169 -0.701301 -1.92181 -319.977 -217.591 -64.4403 0.0473169
0.685499 1.67004 319.985 -258.153 251.581 -0.0306279 -0.684741 -1.66904 -319.985 -186.782 -69.4334 0.0306279
0.644706 1.36101 319.999 -213.529 247.235 -0.0150676 -0.644219 -1.36025 -319.999 -149.065 -75.9248 0.0150676
0.571212 1.03268 320.012 -166.189 236.564 -0.00109801 -0.570727 -1.03213 -320.012 -108.912 -84.8534 0.00109801
0.508676 0.705121 320.028 -118.989 223.788 0.0108433 -0.508059 -0.704822 -320.028 -68.8325 -88.7863 -0.0108433
0.470783 0.388593 320.05 -73.3942 210.68 0.020396 -0.470507 -0.388576 -320.05 -30.0912 -85.768 -0.020396
0.401244 0.104928 320.068 -32.5676 191.314 0.0272863 -0.401611 -0.104626 -320.068 4.73389 -84.8953 -0.0272863
0.25863 -0.0890978 320.082 -4.85138 159.77 0.0312952 -0.259733 0.0897115 -320.082 28.7793 -91.3243 -0.0312952
0.0948979 -0.156965 320.094 4.38998 118.92 0.0322497 -0.0960858 0.157137 -320.094 37.571 -94.188 -0.0322497
-0.00277157 -0.123969 320.097 -0.987813 76.7216 0.0300614 0.00196409 0.12404 -320.097 34.1414 -78.1892 -0.0300614
-0.0379825 -0.0107541 320.091 -17.9565 34.4692 0.0247572 0.0373985 0.0112602 -320.091 20.9912 -45.4934 -0.0247572
-0.103516 0.20213 320.085 -49.3764 -14.0343 0.0164583 0.103191 -0.201187 -320.085 -4.2751 -14.6431 -0.0164583
-0.235203 0.523814 320.08 -96.4407 -69.4502 0.00533907 0.235374 -0.522797 -320.08 -42.9469 5.45691 -0.00533907
-0.37967 0.929072 320.06 -155.535 -125.18 -0.00837417 0.379772 -0.927786 -320.06 -91.8398 22.5445 0.00837417
-0.492835 1.38406 320.047 -221.809 -176.59 -0.0243612 0.492894 -1.38237 -320.047 -146.791 43.657 0.0243612
-0.576503 1.8619 320.035 -291.421 -223.236 -0.042195 0.576754 -1.85985 -320.035 -204.502 67.8433 0.042195
-0.650608 2.30954 320.014 -356.665 -265.605 -0.0613869 0.650815 -2.30766 -320.014 -258.602 90.3451 0.0613869
-0.738532 2.60822 320.004 -400.417 -304.916 -0.0814242 0.738681 -2.60741 -320.004 -294.606 106.122 0.0814242
-0.831373 2.60698 320.007 -400.788 -339.717 -0.101767 0.8316 -2.60665 -320.007 -293.968 116.077 0.101767
-0.881762 2.21923 320.014 -345.282 -364.496 -0.121836 0.882446 -2.21949 -320.014 -246.193 127.29 0.121836
-0.865297 1.4497 320.033 -234.516 -375.401 -0.141023 0.866197 -1.45045 -320.033 -151.897 142.5 0.141023
-0.821877 0.384895 320.071 -81.0482 -374.935 -0.158723 0.822869 -0.385944 -320.071 -21.5721 153.568 0.158723
-0.803587 -0.762003 320.122 84.6366 -368.327 -0.174387 0.804444 0.76233 -320.122 118.642 151.86 0.174387
-0.7985 -1.68202 320.147 217.537 -355.608 -0.187555 0.799105 1.68255 -320.147 231.008 140.567 0.187555
-0.752786 -2.16067 320.159 286.827 -333.632 -0.197832 0.753331 2.16097 -320.159 289.275 130.841 0.197832
-0.636784 -2.10822 320.159 279.677 -300.839 -0.20488 0.637491 2.1092 -320.159 282.533 129.018 0.20488
-0.493064 -1.52058 320.131 195.238 -262.004 -0.208453 0.493356 1.52119 -320.131 210.279 128.633 0.208453
-0.401378 -0.536202 320.091 53.8872 -226.974 -0.208444 0.401265 0.536437 -320.091 89.1842 118.198 0.208444
-0.352359 0.625311 320.037 -113.024 -196.345 -0.204899 0.352119 -0.625043 -320.037 -53.5138 100.756 0.204899
-0.288392 1.74505 319.977 -273.953 -166.7 -0.197977 0.287742 -1.7447 -319.977 -191.051 88.3088 0.197977
-0.213985 2.65702 319.94 -405.058 -140.74 -0.187923 0.212676 -2.65624 -319.94 -302.984 82.343 0.187923
-0.184549 3.24945 319.919 -490.296 -126.017 -0.175066 0.182955 -3.24865 -319.919 -375.661 75.5516 0.175066
-0.203144 3.44903 319.912 -519.028 -124.164 -0.159855 0.201712 -3.44846 -319.912 -400.159 68.7378 0.159855
-0.237001 3.22576 319.93 -486.892 -132.174 -0.142836 0.235418 -3.22535 -319.93 -372.801 67.7253 0.142836
-0.294415 2.62842 319.97 -400.92 -150.603 -0.124592 0.29281 -2.62793 -319.97 -299.538 70.8044 0.124592
-0.390485 1.79212 320.018 -280.678 -180.039 -0.105708 0.389239 -1.79126 -320.018 -196.804 74.5082 0.105708
-0.511916 0.905186 320.068 -153.382 -217.695 -0.086783 0.510789 -0.903997 -320.068 -87.6346 79.6847 0.086783
-0.654158 0.147544 320.109 -44.8643 -261.612 -0.0684243 0.653088 -0.14622 -320.109 5.82339 85.5694 0.0684243
-0.81846 -0.341006 320.139 24.7307 -310.289 -0.0512187 0.817518 0.342776 -320.139 66.5171 90.3196 0.0512187
-0.996441 -0.478639 320.151 43.8195 -361.783 -0.0356935 0.995528 0.4806 -320.151 84.143 94.2524 0.0356935
-1.16725 -0.293482 320.137 16.3728 -412.2 -0.0222927 1.16636 0.294441 -320.137 62.1024 99.0275 0.0222927
-1.32264 0.0677639 320.114 -36.351 -458.82 -0.0113721 1.32174 -0.0671126 -320.114 18.4933 104.126 0.0113721
-1.46647 0.451615 320.088 -92.2692 -500.378 -0.00320051 1.46559 -0.451225 -320.088 -27.9409 107.255 0.00320051
-1.59577 0.733288 320.068 -133.399 -535.215 0.00204124 1.59488 -0.733585 -320.068 -61.9841 107.557 -0.00204124
-1.69846 0.80845 320.059 -144.5 -561.128 0.00427184 1.6975 -0.80906 -320.059 -70.9594 106.055 -0.00427184
-1.76116 0.657237 320.061 -122.826 -576.246 0.00351771 1.76052 -0.657614 -320.061 -52.2946 104.386 -0.00351771
-1.76353 0.338265 320.08 -76.8856 -577.151 -0.000100856 1.76333 -0.338834 -320.08 -13.2354 104.597 0.000100856
-1.7226 -0.0684674 320.11 -18.0548 -564.04 -0.00638948 1.72203 0.0679306 -320.11 36.3559 102.472 0.00638948
-1.68001 -0.469357 320.136 40.1118 -541.262 -0.0150942 1.67945 0.469044 -320.136 85.0791 91.1082 0.0150942
-1.60502 -0.770964 320.15 84.0873 -506.75 -0.0259149 1.60486 0.770704 -320.15 121.505 76.625 0.0259149
-1.4317 -0.911943 320.157 105.101 -454.206 -0.0385039 1.43181 0.911878 -320.157 138.095 70.3613 0.0385039
-1.1718 -0.861556 320.153 98.6884 -384.584 -0.0524603 1.17217 0.861749 -320.153 131.109 70.1279 0.0524603
-0.889343 -0.621591 320.137 65.0679 -304.245 -0.0673543 0.890024 0.621937 -320.137 100.782 65.2142 0.0673543
-0.621731 -0.25286 320.113 13.3052 -218.453 -0.0827627 0.622196 0.252879 -320.113 54.2091 50.9914 0.0827627
-0.364346 0.146753 320.087 -43.0204 -129.558 -0.0982624 0.364189 -0.146928 -320.087 3.985 31.011 0.0982624
-0.100166 0.476922 320.056 -89.4963 -40.3236 -0.113404 0.100007 -0.477143 -320.056 -37.5578 12.419 0.113404
0.205272 0.682562 320.032 -117.873 49.7197 -0.127725 -0.205486 -0.682779 -320.032 -63.999 4.00583 0.127725
0.526288 0.781432 320.023 -131.015 135.718 -0.14078 -0.526536 -0.781052 -320.023 -77.1342 3.76268 0.14078
0.799776 0.850457 320.02 -140.335 209.837 -0.152158 -0.79976 -0.849842 -320.02 -86.1846 2.66429 0.152158
0.997656 0.968349 320.002 -156.811 267.516 -0.161494 -0.997604 -0.967376 -320.002 -101.087 -2.14569 0.161494
1.13386 1.20291 319.996 -190.318 308.578 -0.168469 -1.13383 -1.20146 -319.996 -130.042 -6.80589 0.168469
1.22827 1.58908 319.992 -245.952 333.624 -0.172811 -1.22808 -1.58735 -319.992 -177.309 -6.65418 0.172811
1.28535 2.07369 319.973 -316.006 342.841 -0.174298 -1.28507 -2.07256 -319.973 -236.511 -0.656148 0.174298
1.27657 2.49999 319.957 -377.708 333.953 -0.172805 -1.27649 -2.49942 -319.957 -288.516 5.89165 0.172805
1.16969 2.69725 319.951 -406.444 303.943 -0.16834 -1.16985 -2.69692 -319.951 -312.394 7.38133 0.16834
0.987425 2.52621 319.954 -382.145 255.061 -0.161018 -0.98752 -2.52702 -319.954 -291.251 7.56961 0.161018
0.792204 1.90763 319.973 -293.182 194.705 -0.151048 -0.792074 -1.90854 -319.973 -215.338 15.7177 0.151048
0.601047 0.914406 320.016 -150.195 127.068 -0.138728 -0.600669 -0.914918 -320.016 -93.5188 32.1953 0.138728
0.381595 -0.261612 320.09 18.3285 53.3901 -0.124456 -0.381106 0.260455 -320.09 51.3532 47.1717 0.124456
0.0958625 -1.44805 320.12 188.139 -28.3643 -0.108738 -0.0952549 1.44668 -320.12 197.773 52.5544 0.108738
-0.215251 -2.46116 320.156 332.77 -111.781 -0.0921657 0.215948 2.45981 -320.156 323.204 52.8422 0.0921657
-0.495603 -3.13569 320.207 429.049 -189.862 -0.0753565 0.496451 3.13429 -320.207 406.721 55.9969 0.0753565
-0.719355 -3.35948 320.211 460.59 -257.631 -0.0589103 0.720417 3.35803 -320.211 434.829 63.9381 0.0589103
-0.902162 -3.10207 320.186 422.709 -313.22 -0.0434035 0.90346 3.10096 -320.186 404.141 70.6431 0.0434035
-1.05701 -2.40027 320.163 320.907 -354.55 -0.029399 1.05847 2.39952 -320.163 318.922 70.5957 0.029399
-1.16986 -1.36816 320.132 171.706 -378.09 -0.0174196 1.17115 1.3675 -320.132 193.017 64.0477 0.0174196
-1.22601 -0.188727 320.082 1.42914 -382.271 -0.00788836 1.22684 0.1883 -320.082 48.9364 53.3409 0.00788836
-1.21323 0.932158 320.053 -159.858 -367.363 -0.00109663 1.21401 -0.932308 -320.053 -88.522 41.909 0.00109663
-1.12005 1.82662 320.029 -288.209 -333.206 0.00277877 1.12032 -1.82656 -320.029 -198.572 32.752 -0.00277877
-0.982073 2.36609 320.009 -365.192 -285.57 0.00365876 0.981752 -2.36604 -320.009 -265.394 22.0947 -0.00365876
-0.812285 2.46846 320.013 -379.019 -228.376 0.00156635 0.812383 -2.46884 -320.013 -278.912 10.242 -0.00156635
-0.573601 2.11979 320.038 -327.683 -159.822 -0.00335791 0.573788 -2.12008 -320.038 -237.297 5.44742 0.00335791
-0.285258 1.42701 320.064 -226.765 -83.4307 -0.0108475 0.285504 -1.42689 -320.064 -153.496 6.06162 0.0108475
-0.012183 0.57484 320.097 -103.029 -7.15018 -0.0205349 0.0125606 -0.574777 -320.097 -50.089 2.71406 0.0205349
0.204696 -0.262867 320.123 18.7026 63.1836 -0.0320026 -0.205117 0.26277 -320.123 51.4541 -9.54224 0.0320026
0.357023 -0.952701 320.127 118.905 121.678 -0.0448079 -0.357797 0.952353 -320.127 135.098 -27.2399 0.0448079
0.504926 -1.40867 320.132 185.204 170.37 -0.0584693 -0.505349 1.40821 -320.132 190.325 -36.4397 0.0584693
0.683823 -1.60205 320.124 213.536 211.443 -0.0724675 -0.684471 1.60126 -320.124 213.494 -29.723 0.0724675
0.805169 -1.56163 320.095 207.94 235.398 -0.0862852 -0.806051 1.56051 -320.095 208.272 -21.2639 0.0862852
0.797823 -1.36551 320.073 179.62 234.729 -0.0994596 -0.798676 1.36408 -320.073 184.272 -22.5553 0.0994596
0.712739 -1.11809 320.064 143.625 214.009 -0.111608 -0.713469 1.11617 -320.064 154.252 -24.569 0.111608
0.631129 -0.925168 320.057 115.417 181.825 -0.122399 -0.631708 0.923082 -320.057 131.013 -14.2413 0.122399
0.555584 -0.810407 320.06 98.3502 140.248 -0.13153 -0.55579 0.809224 -320.06 117.611 7.02881 0.13153
0.442463 -0.713596 320.078 83.6646 88.0055 -0.138765 -0.442287 0.712645 -320.078 106.524 28.922 0.138765
0.269343 -0.575857 320.09 62.9857 25.7564 -0.14399 -0.268941 0.575097 -320.09 90.5146 44.8385 0.14399
0.0611793 -0.342885 320.1 28.5762 -41.6648 -0.147194 -0.060514 0.343096 -320.1 62.955 56.5778 0.147194
-0.134603 0.0556344 320.107 -29.5811 -107.241 -0.148416 0.135383 -0.0548741 -320.107 14.9588 69.7935 0.148416
-0.312405 0.637202 320.099 -114.257 -169.473 -0.147732 0.313013 -0.636322 -320.099 -55.3696 84.5044 0.147732
-0.487431 1.32777 320.079 -214.689 -228.394 -0.145269 0.488078 -1.32665 -320.079 -138.98 96.6294 0.145269
-0.669472 2.022 320.043 -315.6 -283.541 -0.141224 0.669691 -2.02054 -320.043 -223.075 103.191 0.141224
-0.852604 2.57982 320.014 -396.831 -334.098 -0.13585 0.85249 -2.57905 -320.014 -290.628 104.874 0.13585
-0.984996 2.83449 319.994 -434.151 -374.406 -0.12941 0.985605 -2.83396 -319.994 -321.222 109.706 0.12941
-1.01621 2.69337 319.979 -414.105 -397.295 -0.122152 1.01696 -2.69263 -319.979 -303.62 124.183 0.122152
-1.0127 2.1868 319.982 -341.24 -407.684 -0.114313 1.01302 -2.18615 -319.982 -241.468 135.521 0.114313
-1.0588 1.41031 320.009 -229.364 -413.716 -0.10615 1.05908 -1.40985 -320.009 -146.388 129.258 0.10615
-1.12427 0.508073 320.041 -99.2819 -414.274 -0.0979443 1.12395 -0.507528 -320.041 -35.9592 112.462 0.0979443
-1.13831 -0.341943 320.077 23.5039 -405.852 -0.0899577 1.13763 0.342478 -320.077 67.8324 100.375 0.0899577
-1.07849 -0.979588 320.104 115.712 -388.313 -0.0823871 1.07773 0.97982 -320.104 145.553 98.8275 0.0823871
-0.999029 -1.31775 320.128 164.691 -368.248 -0.0753953 0.997827 1.3177 -320.128 186.675 100.037 0.0753953
-0.955654 -1.33639 320.138 167.54 -351.922 -0.0691614 0.954651 1.33624 -320.138 188.782 95.288 0.0691614
-0.909331 -1.06965 320.131 129.204 -335.404 -0.0638687 0.909094 1.06936 -320.131 155.997 91.0585 0.0638687
-0.806297 -0.602389 320.114 62.034 -312.14 -0.0596533 0.806118 0.602012 -320.114 98.6018 95.297 0.0596533
-0.686614 -0.0570459 320.102 -16.0872 -285.019 -0.0565798 0.686825 0.0565378 -320.102 31.338 100.081 0.0565798
-0.586371 0.454325 320.077 -89.3112 -255.57 -0.0546683 0.587046 -0.454598 -320.077 -31.7183 97.3615 0.0546683
-0.492995 0.85461 320.054 -146.45 -221.532 -0.053932 0.493851 -0.854538 -320.054 -81.2346 88.2793 0.053932
-0.379068 1.10722 320.046 -182.192 -179.872 -0.0543634 0.380272 -1.10715 -320.046 -112.83 77.0478 0.0543634
-0.237529 1.18925 320.048 -193.292 -129.941 -0.0558878 0.238751 -1.1892 -320.048 -123.6 64.9685 0.0558878
-0.0939372 1.10452 320.047 -180.31 -74.6805 -0.0583609 0.094974 -1.1044 -320.047 -113.99 48.1517 0.0583609
0.0264827 0.896877 320.051 -149.664 -18.1524 -0.0616063 -0.025675 -0.896667 -320.051 -89.2756 23.9108 0.0616063
0.13758 0.629379 320.064 -110.288 39.1442 -0.0654338 -0.137027 -0.629185 -320.064 -57.3522 -3.57466 0.0654338
0.266706 0.365203 320.065 -71.3491 97.5266 -0.0696328 -0.266194 -0.365035 -320.065 -25.8781 -27.3726 0.0696328
0.425529 0.159171 320.065 -40.9093 156.715 -0.0739665 -0.424945 -0.158995 -320.065 -1.39922 -44.0858 0.0739665
0.590196 0.049176 320.072 -24.459 213.945 -0.078178 -0.589789 -0.0490348 -320.072 11.4645 -57.2603 0.078178
0.711655 0.0491795 320.061 -24.0333 262.682 -0.0820194 -0.71139 -0.0490668 -320.061 11.0329 -73.4762 0.0820194
0.793543 0.13986 320.047 -36.8724 301.942 -0.0852842 -0.793317 -0.14002 -320.047 -0.33695 -90.7931 0.0852842
0.87284 0.263137 320.043 -54.4353 334.028 -0.0878059 -0.872805 -0.263634 -320.043 -15.6803 -101.633 0.0878059
0.953359 0.355477 320.034 -67.6027 357.857 -0.0894472 -0.953474 -0.356061 -320.034 -27.139 -103.926 0.0894472
1.00679 0.379431 320.026 -70.9768 369.694 -0.0901181 -1.00698 -0.379997 -320.026 -30.1479 -101.489 0.0901181
1.01147 0.325042 320.031 -63.1343 366.779 -0.0898048 -1.01176 -0.325739 -320.031 -23.5099 -97.3266 0.0898048
0.971024 0.196702 320.04 -44.6987 348.998 -0.088575 -0.971331 -0.197415 -320.04 -7.73715 -90.3735 0.088575
0.903829 0.0204968 320.048 -19.4917 318.091 -0.086558 -0.9041 -0.0211681 -320.048 14.0313 -77.4675 0.086558
0.815226 -0.166953 320.06 7.19029 275.07 -0.0839226 -0.815422 0.166162 -320.06 37.3008 -58.1951 0.0839226
0.715138 -0.338813 320.075 31.5576 222.92 -0.080872 -0.714485 0.337911 -320.075 58.7307 -32.9863 0.080872
0.607937 -0.471925 320.086 50.0751 165.355 -0.0776427 -0.607072 0.471058 -320.086 75.7021 -4.19118 0.0776427
0.452309 -0.539063 320.095 58.8317 101.29 -0.0744856 -0.451841 0.538548 -320.095 84.8908 18.2702 0.0744856
0.228885 -0.509804 320.091 53.6078 29.3141 -0.0716433 -0.228088 0.509479 -320.091 82.3433 30.4755 0.0716433
0.0133934 -0.387949 320.093 35.0363 -42.1719 -0.0693356 -0.0125009 0.387494 -320.093 68.4183 44.3358 0.0693356
-0.147905 -0.244984 320.098 13.6091 -106.601 -0.0677346 0.14862 0.243886 -320.098 51.6534 65.6219 0.0677346
-0.304845 -0.176395 320.096 2.91155 -167.659 -0.0669504 0.305578 0.175199 -320.096 44.057 84.6851 0.0669504
-0.49863 -0.231461 320.104 9.93859 -228.319 -0.0670547 0.498958 0.230403 -320.104 51.729 93.6014 0.0670547
-0.711798 -0.409474 320.111 34.6587 -286.412 -0.0680928 0.71184 0.408106 -320.111 74.4209 94.786 0.0680928
-0.887955 -0.705916 320.123 76.6425 -337.011 -0.0700505 0.8881 0.704214 -320.123 111.414 98.3016 0.0700505
-0.995212 -1.1095 320.141 134.363 -376.514 -0.0728334 0.995172 1.10732 -320.141 161.21 109.137 0.0728334
-1.07127 -1.57876 320.158 201.667 -407.481 -0.0762978 1.07113 1.57648 -320.158 218.978 119.759 0.0762978
-1.15448 -2.01361 320.17 264.117 -432.989 -0.0802937 1.15453 2.01202 -320.17 272.535 123 0.0802937
-1.22377 -2.28049 320.177 302.384 -450.622 -0.0846753 1.22385 2.27896 -320.177 305.415 122.122 0.0846753
-1.24388 -2.29944 320.176 305.032 -456.59 -0.0892825 1.24416 2.29806 -320.176 307.838 122.688 0.0892825
-1.20785 -2.04595 320.163 268.57 -449.509 -0.0939285 1.20833 2.0451 -320.163 276.802 125.198 0.0939285
-1.13504 -1.52829 320.14 194.12 -430.337 -0.098429 1.13571 1.52771 -320.14 213.3 125.451 0.098429
-1.03663 -0.807743 320.11 90.5327 -399.216 -0.102641 1.03769 0.807454 -320.11 124.857 120.59 0.102641
-0.899315 -0.0140201 320.082 -23.4909 -353.962 -0.106461 0.900616 0.013299 -320.082 27.2473 112.019 0.106461
-0.719351 0.646355 320.061 -117.753 -294.476 -0.109791 0.720749 -0.647985 -320.061 -54.6435 100.64 0.109791
-0.506993 0.985023 320.028 -165.383 -221.857 -0.112524 0.508095 -0.986677 -320.028 -97.2945 84.8459 0.112524
-0.293894 0.927402 320.029 -155.863 -141.905 -0.114558 0.294562 -0.929035 -320.029 -91.4553 61.9596 0.114558
-0.0779081 0.523123 320.063 -96.4545 -58.2472 -0.115819 0.0785281 -0.524556 -320.063 -43.0754 36.0963 0.115819
0.17107 -0.106799 320.077 -4.50439 29.2977 -0.116255 -0.170588 0.105359 -320.077 32.8822 15.1506 0.116255
0.44358 -0.791103 320.095 95.3569 117.135 -0.115808 -0.443165 0.790168 -320.095 115.493 0.165086 0.115808
0.695526 -1.33495 320.133 174.849 198.805 -0.114414 -0.695044 1.3343 -320.133 181.003 -14.1649 0.114414
0.909947 -1.60232 320.143 214.254 271.271 -0.112025 -0.90925 1.60139 -320.143 212.827 -29.3305 0.112025
1.09475 -1.55468 320.116 208.025 334.053 -0.108626 -1.0939 1.5539 -320.116 206.377 -42.7198 0.108626
1.25294 -1.2147 320.103 159.402 386.967 -0.104226 -1.25213 1.21411 -320.103 164.399 -53.334 0.104226
1.36733 -0.655193 320.081 78.8884 427.39 -0.0988544 -1.36659 0.654556 -320.081 95.7639 -63.1546 0.0988544
1.43465 -0.00164706 320.036 -15.3731 454.286 -0.0925726 -1.4338 0.00105537 -320.036 15.8227 -72.0477 0.0925726
1.46544 0.604151 320.003 -102.819 468.393 -0.0854928 -1.46459 -0.604861 -320.003 -58.2282 -77.9063 0.0854928
1.45782 1.0328 319.991 -164.747 469.669 -0.0777701 -1.45704 -1.03371 -319.991 -110.586 -81.1932 0.0777701
1.40147 1.19738 319.983 -188.587 457.361 -0.0695931 -1.40072 -1.1983 -319.983 -130.618 -83.9212 0.0695931
1.30157 1.08448 319.987 -172.406 432.438 -0.0611861 -1.30078 -1.08533 -319.987 -116.694 -85.6818 0.0611861
1.17142 0.7473 320.015 -123.897 397.014 -0.052807 -1.17064 -0.748155 -320.015 -75.3246 -85.0236 0.052807
1.01385 0.280388 320.046 -56.6955 352.472 -0.0447362 -1.01312 -0.281126 -320.046 -18.0508 -82.5744 0.0447362
0.829321 -0.200401 320.076 12.3617 300.196 -0.0372669 -0.82862 0.199783 -320.076 41.0677 -79.5964 0.0372669
0.628944 -0.591755 320.104 68.3353 242.525 -0.0306879 -0.62824 0.591164 -320.104 89.4179 -75.4664 0.0306879
0.431766 -0.827663 320.128 101.723 183.065 -0.025265 -0.43113 0.82713 -320.128 118.923 -68.693 0.025265
0.233704 -0.888641 320.127 109.653 122.475 -0.0212301 -0.233298 0.888057 -320.127 127.242 -61.0063 0.0212301
0.0358672 -0.806291 320.119 96.8947 61.8552 -0.0187759 -0.0355605 0.805598 -320.119 118.037 -53.2483 0.0187759
-0.155811 -0.626117 320.105 70.0915 1.89412 -0.0180449 0.155595 0.625831 -320.105 96.8696 -44.4502 0.0180449
-0.353305 -0.375866 320.089 33.1682 -59.473 -0.01912 0.35229 0.375836 -320.089 67.1224 -35.761 0.01912
-0.549304 -0.0878776 320.076 -9.08383 -122.345 -0.0220223 0.548257 0.087862 -320.076 32.6123 -25.2779 0.0220223
-0.706937 0.200068 320.063 -51.375 -184.059 -0.0267159 0.705785 -0.199861 -320.063 -1.81914 -5.72862 0.0267159
-0.825489 0.4559 320.063 -89.1496 -244.203 -0.0331102 0.824121 -0.455755 -320.063 -32.2448 22.6735 0.0331102
-0.941454 0.63583 320.063 -116.101 -305.189 -0.0410652 0.94052 -0.636173 -320.063 -53.3183 52.516 0.0410652
-1.06061 0.689053 320.063 -124.738 -365.45 -0.0504076 1.05973 -0.689423 -320.063 -58.8694 80.8375 0.0504076
-1.18024 0.609519 320.083 -114.153 -423.372 -0.0609395 1.17931 -0.60983 -320.083 -48.2431 106.715 0.0609395
-1.29949 0.421206 320.112 -87.6494 -478.675 -0.0724268 1.29866 -0.421724 -320.112 -24.5762 130.064 0.0724268
-1.39432 0.152377 320.12 -49.5076 -527.713 -0.0846024 1.39361 -0.153029 -320.12 8.92466 153.665 0.0846024
-1.46098 -0.168389 320.131 -3.77606 -569.601 -0.0971842 1.46033 0.1677 -320.131 48.6928 177.648 0.0971842
-1.51638 -0.50401 320.154 44.1873 -605.114 -0.109882 1.51589 0.503231 -320.154 90.1817 198.261 0.109882
-1.56637 -0.820466 320.161 89.4651 -633.782 -0.122399 1.56608 0.81971 -320.161 129.262 213.49 0.122399
-1.60061 -1.08545 320.157 127.42 -653.828 -0.134435 1.60038 1.08472 -320.157 161.944 224.338 0.134435
-1.61023 -1.27712 320.158 154.914 -663.9 -0.145687 1.61011 1.27624 -320.158 185.524 231.796 0.145687
-1.59039 -1.39444 320.152 171.824 -663.023 -0.155861 1.59046 1.39336 -320.152 199.859 236.177 0.155861
-1.53274 -1.44429 320.135 179.182 -649.571 -0.164684 1.53323 1.44316 -320.135 205.784 238.06 0.164684
-1.43256 -1.42067 320.121 176.132 -621.95 -0.17191 1.43336 1.4196 -320.121 202.543 237.161 0.17191
-1.30485 -1.31088 320.108 160.8 -580.797 -0.177317 1.30572 1.30976 -320.108 188.603 230.14 0.177317
-1.19028 -1.11344 320.092 132.938 -531.039 -0.180715 1.19036 1.11227 -320.092 163.826 211.163 0.180715
-1.09081 -0.840371 320.077 94.2811 -475.561 -0.181968 1.09105 0.839227 -320.077 129.695 182.342 0.181968
-0.93247 -0.514317 320.065 48.0911 -409.138 -0.180986 0.93292 0.513171 -320.065 88.9695 158.277 0.180986
-0.707217 -0.169698 320.064 -0.684147 -332.232 -0.177722 0.707015 0.168614 -320.064 45.8891 141.689 0.177722
-0.520923 0.1664 320.065 -47.8775 -258.131 -0.172182 0.520429 -0.166939 -320.065 3.56194 117.483 0.172182
-0.39727 0.492221 320.045 -93.7499 -191.045 -0.164456 0.396803 -0.492495 -320.045 -37.3834 83.5519 0.164456
-0.273886 0.777183 320.047 -133.897 -127.46 -0.154714 0.27313 -0.777506 -320.047 -73.2051 53.0802 0.154714
-0.127178 0.970413 320.052 -160.951 -66.9806 -0.143171 0.126268 -0.970625 -320.052 -97.6453 31.8923 0.143171
0.0136478 1.04067 320.039 -170.375 -13.2802 -0.130073 -0.0143913 -1.04065 -320.039 -106.92 15.8489 0.130073
0.123806 0.987539 320.04 -162.079 31.4047 -0.115729 -0.124406 -0.987523 -320.04 -101.056 0.627207 0.115729
0.200787 0.821497 320.047 -137.612 67.0285 -0.10051 -0.201178 -0.821563 -320.047 -81.2749 -14.4066 0.10051
0.251751 0.569699 320.043 -100.893 94.304 -0.0848183 -0.252161 -0.569745 -320.043 -50.8726 -28.0174 0.0848183
0.267658 0.270493 320.046 -57.524 111.822 -0.0690618 -0.268535 -0.270899 -320.046 -14.5344 -41.177 0.0690618
0.239782 -0.0465166 320.057 -11.7572 117.494 -0.0536442 -0.240756 0.0458971 -320.057 24.172 -54.2369 0.0536442
0.190237 -0.35394 320.065 32.468 112.525 -0.0389724 -0.191347 0.353134 -320.065 61.8686 -62.4555 0.0389724
0.127144 -0.636732 320.074 72.9576 97.1802 -0.0254573 -0.128631 0.635366 -320.074 96.6858 -63.9113 0.0254573
0.0256292 -0.88794 320.092 108.763 68.6695 -0.0134937 -0.0273048 0.886771 -320.092 127.869 -62.4998 0.0134937
-0.113004 -1.0604 320.109 133.056 27.2328 -0.00343758 0.111477 1.05976 -320.109 149.62 -58.1329 0.00343758
-0.261197 -1.10316 320.121 138.47 -23.6081 0.00440207 0.259631 1.10231 -320.121 155.577 -46.9146 -0.00440207
-0.420184 -1.02777 320.132 126.751 -82.6569 0.00976787 0.418534 1.02685 -320.132 147.194 -30.3843 -0.00976787
-0.597677 -0.880985 320.144 104.789 -148.498 0.0124592 0.596307 0.880136 -320.144 130.04 -12.0611 -0.0124592
-0.780573 -0.699439 320.146 77.6548 -218.291 0.0123342 0.779362 0.698717 -320.146 108.801 8.77726 -0.0123342
-0.955794 -0.496702 320.152 47.3188 -289.154 0.00932159 0.954593 0.496652 -320.152 85.1875 32.7475 -0.00932159
-1.13302 -0.257627 320.143 11.7663 -360.096 0.00343397 1.13176 0.257892 -320.143 57.0572 56.2735 -0.00343397
-1.3172 0.0120623 320.139 -28.0379 -430.527 -0.00523837 1.31593 -0.0119039 -320.139 24.9614 77.4334 0.00523837
-1.49374 0.280959 320.134 -67.6241 -497.958 -0.0165374 1.4921 -0.280581 -320.134 -7.09784 97.6859 0.0165374
-1.65816 0.525978 320.121 -103.772 -561.8 -0.0302304 1.65629 -0.52549 -320.121 -36.2452 117.568 0.0302304
-1.80346 0.705968 320.11 -130.329 -621.558 -0.0460032 1.80146 -0.706118 -320.11 -57.7498 138.455 0.0460032
-1.93199 0.756606 320.103 -138.199 -677.914 -0.0634711 1.92974 -0.756948 -320.103 -63.4015 160.429 0.0634711
-2.04349 0.640132 320.1 -121.964 -730.423 -0.0821943 2.04144 -0.640552 -320.1 -48.5974 183.041 0.0821943
-2.11944 0.369528 320.105 -83.4806 -776.176 -0.101685 2.11786 -0.37005 -320.105 -14.9611 208.345 0.101685
-2.16438 -0.016189 320.113 -28.3257 -814.092 -0.121412 2.16274 0.0156095 -320.113 32.6942 234.166 0.121412
-2.20915 -0.452952 320.13 34.1014 -845.671 -0.140822 2.20768 0.452377 -320.13 86.6925 253.685 0.140822
-2.25471 -0.863243 320.141 92.7298 -870.567 -0.159367 2.2535 0.862829 -320.141 137.454 266.324 0.159367
-2.27401 -1.17055 320.144 136.704 -886.118 -0.176524 2.27262 1.17014 -320.144 175.396 276.702 0.176524
-2.2679 -1.32457 320.15 158.739 -892.748 -0.191801 2.26646 1.32408 -320.15 194.407 284.938 0.191801
-2.24981 -1.32925 320.149 159.383 -892.22 -0.204758 2.24838 1.32825 -320.149 194.943 289.224 0.204758
-2.22085 -1.23209 320.138 145.496 -885.01 -0.215042 2.21931 1.23088 -320.138 182.902 289.764 0.215042
-2.17859 -1.08431 320.126 124.415 -871.417 -0.222395 2.1771 1.08297 -320.126 164.574 287.463 0.222395
-2.12131 -0.923196 320.116 101.513 -851.716 -0.226647 2.11983 0.921736 -320.116 144.512 283.08 0.226647
-2.05497 -0.781687 320.103 81.5203 -826.854 -0.227721 2.05343 0.780057 -320.103 126.76 275.976 0.227721
-1.98712 -0.671041 320.091 66.0544 -797.977 -0.225637 1.98565 0.669783 -320.091 112.781 265.254 0.225637
-1.91384 -0.543345 320.087 48.1524 -765.105 -0.22051 1.91246 0.54297 -320.087 96.7606 251.997 0.22051
-1.82925 -0.33214 320.078 18.1209 -727.867 -0.212537 1.82792 0.331857 -320.078 70.5044 237.405 0.212537
-1.73752 -0.0461551 320.066 -22.6612 -686.929 -0.201976 1.73629 0.0455809 -320.066 35.0145 221.021 0.201976
-1.64031 0.252913 320.057 -65.2677 -642.28 -0.189136 1.63915 -0.253229 -320.057 -2.0654 202.401 0.189136
-1.53682 0.514292 320.052 -102.452 -593.996 -0.174366 1.53571 -0.514547 -320.052 -34.5473 181.833 0.174366
-1.42615 0.685409 320.046 -126.626 -542.368 -0.158052 1.42508 -0.685884 -320.046 -56.0174 159.845 0.158052
-1.30366 0.708744 320.052 -129.316 -487.008 -0.140602 1.30256 -0.709175 -320.052 -59.5438 137.293 0.140602
-1.16993 0.578331 320.065 -109.759 -428.57 -0.122429 1.16894 -0.578422 -320.065 -44.2945 114.642 0.122429
-1.01853 0.349705 320.078 -75.8737 -367.287 -0.103942 1.01784 -0.349434 -320.078 -17.1915 93.8351 0.103942
-0.847861 0.10607 320.091 -39.7031 -303.111 -0.0855462 0.847261 -0.105706 -320.091 11.5909 75.3021 0.0855462
-0.683901 -0.0754545 320.101 -12.5455 -239.15 -0.067637 0.683216 0.0759999 -320.101 32.8419 55.2209 0.067637
-0.54968 -0.1313 320.111 -3.59001 -179.024 -0.0505883 0.548833 0.132044 -320.111 38.7967 31.0597 0.0505883
-0.446109 -0.0342439 320.11 -16.8735 -125.051 -0.0347502 0.444758 0.034692 -320.11 26.1676 4.91847 0.0347502
-0.344723 0.181609 320.092 -47.3763 -76.4504 -0.0204427 0.34366 -0.181284 -320.092 -0.885388 -16.5545 0.0204427
-0.212336 0.459595 320.076 -86.8396 -30.5574 -0.0079442 0.211454 -0.459165 -320.076 -35.5094 -27.0655 0.0079442
-0.0627708 0.749261 320.067 -127.961 12.2833 0.00251498 0.062328 -0.748811 -320.067 -71.5997 -29.9991 -0.00251498
0.0617427 0.997508 320.05 -163.201 49.38 0.0107448 -0.0617877 -0.997112 -320.05 -102.541 -33.8721 -0.0107448
0.134101 1.15353 320.038 -185.248 78.9332 0.0165894 -0.134486 -1.15309 -320.038 -122.079 -44.0121 -0.0165894
0.167853 1.19579 320.041 -191.093 101.84 0.0199351 -0.167992 -1.1952 -320.041 -127.477 -57.8847 -0.0199351
0.214723 1.13174 320.038 -181.638 122.119 0.0207279 -0.214808 -1.13109 -320.038 -119.852 -65.6235 -0.0207279
0.281656 0.991759 320.041 -161.24 139.898 0.0189794 -0.282122 -0.991022 -320.041 -102.926 -65.4748 -0.0189794
0.313482 0.823546 320.054 -136.838 148.953 0.0147539 -0.314011 -0.822646 -320.054 -82.468 -66.0198 -0.0147539
0.290503 0.684841 320.061 -116.805 146.452 0.0081479 -0.291225 -0.683855 -320.061 -65.5174 -69.6181 -0.0081479
0.239704 0.615796 320.06 -106.938 133.963 -0.000702989 -0.240646 -0.61496 -320.06 -56.9988 -70.6652 0.000702989
0.187973 0.624341 320.059 -108.374 113.388 -0.0115963 -0.188841 -0.623631 -320.059 -57.8577 -63.9424 0.0115963
0.137619 0.700274 320.055 -119.71 85.4169 -0.0242584 -0.138519 -0.699578 -320.055 -66.7633 -49.4703 0.0242584
0.0589373 0.821629 320.041 -137.778 47.9087 -0.0383775 -0.0599033 -0.821091 -320.041 -81.0622 -33.031 0.0383775
-0.0657615 0.953739 320.025 -157.545 -0.180222 -0.05363 0.0648153 -0.953286 -320.025 -96.5206 -18.3081 0.05363
-0.213271 1.07168 320.022 -175.225 -55.6422 -0.0696738 0.212321 -1.07094 -320.022 -110.239 -2.30824 0.0696738
-0.358728 1.18081 320.011 -191.699 -115.628 -0.0861336 0.357771 -1.17989 -320.011 -122.828 18.7449 0.0861336
-0.498784 1.28631 320.013 -207.8 -178.978 -0.102605 0.497971 -1.28539 -320.013 -134.847 44.5685 0.102605
-0.634564 1.37905 320.018 -222.2 -243.983 -0.118685 0.634155 -1.37804 -320.018 -145.153 73.1456 0.118685
-0.768817 1.44869 320.015 -233.267 -308.284 -0.134002 0.768458 -1.44755 -320.015 -152.629 101.475 0.134002
-0.91405 1.4927 320.023 -240.588 -371.33 -0.148217 0.9137 -1.49143 -320.023 -157.019 125.636 0.148217
-1.05872 1.51669 320.04 -244.911 -430.817 -0.161006 1.05858 -1.51519 -320.04 -159.058 146.376 0.161006
-1.17344 1.5342 320.046 -248.133 -482.942 -0.17206 1.17321 -1.53256 -320.046 -160.484 167.788 0.17206
-1.25747 1.5404 320.054 -249.395 -526.9 -0.181108 1.25736 -1.53908 -320.054 -160.915 189.205 0.181108
-1.32095 1.50424 320.055 -244.524 -562.648 -0.187926 1.32108 -1.50329 -320.055 -156.196 207.894 0.187926
-1.36929 1.401 320.058 -229.907 -589.672 -0.192354 1.36943 -1.39987 -320.058 -143.268 221.95 0.192354
-1.41032 1.25609 320.062 -209.211 -608.275 -0.194288 1.41036 -1.25485 -320.062 -125.322 229.578 0.194288
-1.44175 1.10306 320.063 -187.289 -618.347 -0.193671 1.4418 -1.10204 -320.063 -106.481 231.245 0.193671
-1.43927 0.935828 320.062 -163.234 -617.495 -0.190496 1.43957 -0.935353 -320.062 -86.032 231.022 0.190496
-1.38431 0.748796 320.063 -136.125 -603.294 -0.18483 1.38483 -0.747919 -320.063 -63.2321 231.47 0.18483
-1.29889 0.615954 320.065 -116.682 -577.28 -0.176812 1.29943 -0.614103 -320.065 -47.1359 228.282 0.176812
-1.23056 0.624473 320.063 -117.649 -544.474 -0.166647 1.23063 -0.623007 -320.063 -48.4921 213.845 0.166647
-1.19199 0.768444 320.057 -138.016 -507.983 -0.154612 1.19167 -0.767068 -320.057 -66.5155 187.806 0.154612
-1.12306 0.98646 320.048 -168.982 -464.033 -0.14104 1.12306 -0.985325 -320.048 -93.6969 162.322 0.14104
-0.97148 1.19735 320.044 -198.695 -408.478 -0.126298 0.971516 -1.19669 -320.044 -120.264 147.308 0.126298
-0.792453 1.32343 320.034 -215.953 -346.896 -0.110782 0.792185 -1.3228 -320.034 -136.621 133.64 0.110782
-0.674281 1.326 320.03 -215.38 -288.366 -0.0949241 0.673928 -1.32556 -320.03 -137.907 106.786 0.0949241
-0.587308 1.20332 320.032 -196.731 -231.213 -0.079194 0.587473 -1.20286 -320.032 -123.853 72.9198 0.079194
-0.430361 1.00235 320.042 -166.744 -165.814 -0.0640477 0.43107 -1.00144 -320.042 -100.212 49.4567 0.0640477
-0.210205 0.807564 320.06 -137.675 -92.2205 -0.0498762 0.210744 -0.806602 -320.06 -77.3547 34.7475 0.0498762
-0.0340198 0.695918 320.065 -120.678 -20.7441 -0.0370136 0.0345383 -0.694666 -320.065 -64.5557 10.4282 0.0370136
0.0852991 0.724889 320.066 -123.829 47.1137 -0.025779 -0.0844656 -0.723279 -320.066 -69.082 -25.4644 0.025779
0.232013 0.914312 320.063 -150.259 118.463 -0.0164548 -0.231245 -0.913038 -320.063 -93.1916 -57.4945 0.0164548
0.43872 1.19495 320.056 -190.106 195.575 -0.00921138 -0.438004 -1.19423 -320.056 -128.227 -79.3045 0.00921138
0.654055 1.46232 320.028 -228.047 272.156 -0.00409615 -0.653362 -1.46149 -320.028 -161.543 -98.2932 0.00409615
0.834499 1.65855 320.009 -255.803 342.792 -0.00109704 -0.833979 -1.65765 -320.009 -186.086 -120.626 0.00109704
0.978316 1.7558 320.001 -269.432 405.052 -0.000173443 -0.977858 -1.75505 -320.001 -198.4 -144.376 0.000173443
1.11896 1.73661 319.99 -266.239 460.401 -0.00122627 -1.11854 -1.73576 -319.99 -196.467 -162.088 0.00122627
1.27603 1.62572 319.984 -249.785 509.665 -0.00407412 -1.27532 -1.62465 -319.984 -183.333 -169.412 0.00407412
1.43826 1.46481 319.989 -226.207 551.72 -0.00846794 -1.43725 -1.46408 -319.989 -164.066 -168.18 0.00846794
1.58255 1.26459 319.997 -197.04 585.321 -0.0141297 -1.58094 -1.26428 -319.997 -139.918 -163.339 0.0141297
1.69497 1.03943 320.007 -164.272 610.542 -0.0207853 -1.69307 -1.03884 -320.007 -112.632 -158.588 0.0207853
1.74041 0.855503 320.018 -137.534 623.699 -0.0281659 -1.73949 -0.854518 -320.018 -90.291 -159.475 0.0281659
1.69607 0.781029 320.023 -126.809 619.557 -0.0359976 -1.69546 -0.7801 -320.023 -81.1711 -167.107 0.0359976
1.63796 0.832141 320.023 -134.364 603.014 -0.0440108 -1.63707 -0.831136 -320.023 -87.2301 -166.126 0.0440108
1.62242 0.980445 320.02 -156.053 579.188 -0.0519589 -1.62186 -0.979638 -320.02 -105.099 -146.478 0.0519589
1.56907 1.16442 320.009 -182.97 540.745 -0.0596344 -1.5687 -1.16382 -320.009 -127.249 -122.348 0.0596344
1.40177 1.31493 319.995 -205.163 480.776 -0.0668925 -1.40148 -1.31437 -319.995 -145.18 -107.108 0.0668925
1.16256 1.38006 319.987 -215.171 403.787 -0.0736573 -1.16235 -1.3797 -319.987 -152.558 -94.0501 0.0736573
0.927226 1.32356 319.994 -207.584 318.008 -0.0798812 -0.927105 -1.32337 -319.994 -145.104 -71.2012 0.0798812
0.699993 1.14389 320 -182.452 225.013 -0.0855166 -0.69993 -1.1437 -320 -122.342 -39.0129 0.0855166
0.440135 0.865971 320.01 -143.212 123.082 -0.0905501 -0.440287 -0.865883 -320.01 -87.5104 -6.58429 0.0905501
0.133339 0.540102 320.052 -97.7258 13.2042 -0.0950336 -0.133559 -0.540107 -320.052 -46.1421 21.2448 0.0950336
-0.168237 0.202615 320.07 -50.5141 -97.8533 -0.099054 0.16891 -0.20265 -320.07 -3.39374 51.5075 0.099054
-0.407322 -0.0981517 320.086 -8.65045 -201.668 -0.102685 0.408265 0.0980448 -320.086 34.909 91.2692 0.102685
-0.616381 -0.328188 320.119 22.9081 -297.527 -0.105975 0.617415 0.328012 -320.119 64.6635 131.123 0.105975
-0.854856 -0.474677 320.135 42.774 -387.803 -0.108976 0.856303 0.474441 -320.135 83.8409 157.546 0.108976
-1.08455 -0.536759 320.135 50.7277 -465.451 -0.111766 1.08611 0.536459 -320.135 92.4298 173.764 0.111766
-1.25324 -0.525609 320.13 48.3595 -523.74 -0.114421 1.25461 0.525339 -320.13 91.8317 186.969 0.114421
-1.35321 -0.454578 320.13 37.6439 -561.42 -0.116968 1.35469 0.454414 -320.13 83.6287 197.891 0.116968
-1.38772 -0.338035 320.123 20.6141 -577.974 -0.119371 1.38934 0.337856 -320.123 69.5917 205.183 0.119371
-1.35762 -0.201696 320.11 0.99181 -572.512 -0.121574 1.35951 0.201368 -320.11 52.8515 207.716 0.121574
-1.27067 -0.0811182 320.098 -16.0712 -544.988 -0.123515 1.27267 0.080612 -320.098 37.7486 203.421 0.123515
-1.14051 -0.00948886 320.087 -25.8075 -496.781 -0.125111 1.14244 0.00876295 -320.087 28.3605 190.042 0.125111
-0.968831 -0.00910855 320.076 -25.0098 -429.145 -0.126241 0.970663 0.00817477 -320.076 27.4314 168.356 0.126241
-0.752117 -0.0745792 320.075 -14.4934 -343.893 -0.126751 0.75353 0.0737988 -320.075 34.3843 141.145 0.126751
-0.506118 -0.169635 320.081 0.80049 -246.739 -0.126487 0.507277 0.16896 -320.081 44.4385 109.851 0.126487
-0.232223 -0.247339 320.069 13.608 -140.945 -0.125316 0.233231 0.246577 -320.069 52.3281 77.3589 0.125316
0.0554726 -0.273523 320.078 18.7038 -31.8674 -0.123134 -0.0547772 0.273072 -320.078 54.2497 45.2951 0.123134
0.355286 -0.213721 320.073 11.6758 78.9485 -0.119855 -0.354446 0.213582 -320.073 45.3742 14.6614 0.119855
0.662994 -0.0402323 320.054 -11.8704 188.707 -0.115418 -0.661974 0.0401764 -320.054 22.6829 -12.8229 0.115418
0.965676 0.239858 320.066 -51.3614 295.39 -0.109797 -0.964801 -0.239741 -320.066 -12.4661 -38.5416 0.109797
1.22261 0.563808 320.044 -97.4669 392.288 -0.10301 -1.22169 -0.564141 -320.044 -52.7745 -66.7103 0.10301
1.43865 0.82838 320.014 -135.082 478.071 -0.0951292 -1.43763 -0.829161 -320.014 -85.7444 -94.6992 0.0951292
1.63364 0.9538 320.016 -152.597 552.921 -0.0862763 -1.63265 -0.954161 -320.016 -101.607 -117.378 0.0862763
1.79299 0.93982 320.024 -150.017 614.215 -0.0766031 -1.79205 -0.940165 -320.024 -100.46 -136.036 0.0766031
1.89195 0.810177 320.018 -130.841 658.877 -0.0662899 -1.891 -0.810754 -320.018 -85.1103 -154.2 0.0662899
1.93391 0.589752 320.024 -98.7234 686.69 -0.0555696 -1.93296 -0.590282 -320.024 -58.4665 -170.747 0.0555696
1.9377 0.326167 320.039 -60.5022 699.047 -0.044717 -1.93676 -0.326717 -320.039 -26.4301 -182.05 0.044717
1.90712 0.0716254 320.041 -23.701 696.328 -0.0340153 -1.90622 -0.0723023 -320.041 4.60201 -187.476 0.0340153
1.83319 -0.143542 320.042 7.28979 678.15 -0.0237475 -1.83232 0.142712 -320.042 30.9459 -189.036 0.0237475
1.7129 -0.307537 320.053 30.7237 644.998 -0.0142045 -1.7122 0.306659 -320.053 51.2205 -187.996 0.0142045
1.54916 -0.409192 320.056 45.0091 597.373 -0.00568021 -1.5487 0.408562 -320.056 64.0663 -184.089 0.00568021
1.35813 -0.430675 320.053 47.5857 537.221 0.00154171 -1.35756 0.430269 -320.053 67.2475 -175.008 -0.00154171
1.16242 -0.369583 320.058 38.1986 468.209 0.00720092 -1.16186 0.369201 -320.058 60.3549 -158.328 -0.00720092
0.955409 -0.249052 320.057 20.2019 391.483 0.0110688 -0.95495 0.248727 -320.057 46.2324 -136.961 -0.0110688
0.720142 -0.108417 320.053 -0.819533 307.281 0.0129504 -0.719622 0.107918 -320.053 29.7453 -115.685 -0.0129504
0.472866 0.00550676 320.064 -18.0461 219.233 0.0126849 -0.472263 -0.00601964 -320.064 16.6047 -93.7771 -0.0126849
0.240208 0.0675393 320.075 -27.9346 131.679 0.0101552 -0.239605 -0.0680378 -320.075 9.96227 -68.4619 -0.0101552
0.0298516 0.0702572 320.079 -29.5451 47.7989 0.00530311 -0.0294496 -0.0708273 -320.079 10.8418 -40.8482 -0.00530311
-0.18056 0.013899 320.081 -22.6498 -34.3579 -0.00186578 0.18083 -0.0145186 -320.081 18.9657 -14.9763 0.00186578
-0.387058 -0.0999643 320.106 -7.23668 -113.437 -0.0112853 0.387051 0.0990953 -320.106 33.8733 8.88797 0.0112853
-0.590769 -0.280174 320.119 17.666 -190.484 -0.0228266 0.590111 0.278784 -320.119 56.9406 31.519 0.0228266
-0.788312 -0.54432 320.134 54.4761 -266.445 -0.0362941 0.787441 0.542705 -320.134 90.5141 54.6523 0.0362941
-0.966225 -0.878797 320.148 101.606 -340.591 -0.0514305 0.965098 0.87734 -320.148 132.566 81.2078 0.0514305
-1.12615 -1.21699 320.166 149.49 -413.298 -0.0679224 1.12481 1.21579 -320.166 174.867 111.114 0.0679224
-1.2841 -1.48521 320.176 187.222 -485.331 -0.085408 1.28266 1.4839 -320.176 208.62 140.855 0.085408
-1.43906 -1.63752 320.17 208.272 -555.953 -0.103494 1.43793 1.6365 -320.17 228.211 169.936 0.103494
-1.56521 -1.63209 320.164 206.658 -621.242 -0.121763 1.56434 1.63139 -320.164 228.422 201.375 0.121763
-1.67406 -1.45148 320.16 179.747 -680.741 -0.139769 1.67291 1.45072 -320.16 207.184 231.724 0.139769
-1.802 -1.14 320.154 134.211 -737.086 -0.157045 1.8008 1.13912 -320.154 169.679 253.818 0.157045
-1.93735 -0.762855 320.125 79.33 -789.247 -0.173133 1.93635 0.762114 -320.125 124.048 269.742 0.173133
-2.03326 -0.381105 320.111 23.8891 -832.191 -0.187606 2.0322 0.380377 -320.111 77.7325 287.012 0.187606
-2.09641 -0.0475318 320.107 -24.4759 -865.896 -0.20006 2.09532 0.0468171 -320.107 37.1833 303.789 0.20006
-2.16629 0.204258 320.098 -60.9492 -893.429 -0.210124 2.16515 -0.204732 -320.098 6.57257 312.632 0.210124
-2.25417 0.367332 320.093 -84.6023 -915.705 -0.217503 2.25285 -0.367774 -320.093 -13.2384 311.462 0.217503
-2.3319 0.435456 320.097 -94.5413 -930.254 -0.221986 2.33062 -0.436035 -320.097 -21.4764 305.266 0.221986
-2.35639 0.399676 320.097 -89.4183 -932.484 -0.223435 2.35552 -0.400246 -320.097 -17.0606 300.915 0.223435
-2.32194 0.262719 320.094 -69.6095 -920.409 -0.221784 2.32116 -0.263397 -320.094 -0.376873 298.04 0.221784
-2.27302 0.038084 320.098 -37.0367 -897.065 -0.217056 2.27225 -0.038802 -320.098 26.9229 287.799 0.217056
-2.24117 -0.244176 320.102 3.94652 -865.483 -0.209374 2.24015 0.24355 -320.102 61.19 264.842 0.209374
-2.19312 -0.536178 320.101 46.5285 -823.579 -0.198952 2.19223 0.535629 -320.101 96.4526 235.862 0.198952
-2.0467 -0.779854 320.096 82.3561 -763.825 -0.186069 2.04683 0.779512 -320.096 125.605 215.161 0.186069
-1.78552 -0.916811 320.096 102.953 -683.164 -0.171039 1.78558 0.916617 -320.096 141.532 204.317 0.171039
-1.52188 -0.915324 320.103 103.749 -591.499 -0.154228 1.52176 0.915029 -320.103 140.323 183.179 0.154228
-1.31642 -0.778351 320.083 85.2064 -496.062 -0.136069 1.31673 0.778078 -320.083 122.354 142.717 0.136069
-1.08872 -0.519303 320.07 49.151 -391.155 -0.117049 1.08856 0.519314 -320.07 89.3916 98.8587 0.117049
-0.803851 -0.148566 320.09 -2.60552 -277.827 -0.0976419 0.803137 0.148891 -320.09 42.3623 61.8364 0.0976419
-0.503372 0.322362 320.068 -68.7658 -164.223 -0.0782897 0.502574 -0.32182 -320.068 -16.9829 28.6351 0.0782897
-0.206365 0.861493 320.043 -144.997 -54.3663 -0.0594314 0.206024 -0.860621 -320.043 -84.4223 -1.8251 0.0594314
0.0885096 1.42344 320.038 -224.545 51.4739 -0.0415178 -0.0890835 -1.42234 -320.038 -154.639 -28.7603 0.0415178
0.352839 1.95557 320.046 -300.382 150.072 -0.0249683 -0.353618 -1.95438 -320.046 -220.637 -56.6196 0.0249683
0.562276 2.35759 320.003 -357.745 235.666 -0.0101374 -0.56294 -2.35703 -320.003 -270.521 -86.1755 0.0101374
0.755814 2.50798 319.989 -378.87 310.067 0.00268211 -0.756495 -2.50779 -319.989 -289.535 -108.796 -0.00268211
0.940713 2.3288 320.006 -352.455 372.445 0.0132542 -0.941411 -2.32878 -320.006 -268.211 -121.739 -0.0132542
1.07099 1.83777 320.014 -281.147 417.297 0.0213875 -1.0718 -1.83766 -320.014 -208.621 -131.744 -0.0213875
1.11562 1.17124 320.023 -184.551 440.677 0.0269176 -1.11659 -1.16986 -320.023 -127.379 -143.143 -0.0269176
1.09787 0.548986 320.046 -94.5675 443.841 0.0297255 -1.09869 -0.547385 -320.046 -51.4661 -151.042 -0.0297255
1.06896 0.137424 320.06 -35.1876 431.863 0.0297741 -1.06938 -0.13581 -320.06 -1.1389 -146.857 -0.0297741
1.04187 -0.0232535 320.058 -12.2265 408.012 0.0271071 -1.04185 0.0240089 -320.058 18.6161 -130.361 -0.0271071
0.972627 -0.00655839 320.05 -14.994 370.87 0.0218212 -0.97251 0.00649695 -320.05 16.8253 -111.795 -0.0218212
0.828664 0.0803959 320.044 -28.0029 319.637 0.0140504 -0.828387 -0.0805943 -320.044 6.63881 -99.0833 -0.0140504
0.626306 0.173368 320.039 -41.9496 256.9 0.00397731 -0.626555 -0.17359 -320.039 -4.19885 -90.3585 -0.00397731
0.381109 0.26557 320.037 -55.9584 183.093 -0.00814715 -0.382161 -0.265326 -320.037 -14.7033 -81.9678 0.00814715
0.120907 0.410221 320.042 -77.6207 99.881 -0.0220049 -0.122024 -0.408964 -320.042 -31.4616 -68.3001 0.0220049
-0.12365 0.694426 320.05 -119.895 10.354 -0.0372441 0.122139 -0.692768 -320.05 -64.8883 -44.1343 0.0372441
-0.364205 1.15852 320.044 -188.008 -85.8206 -0.0535034 0.362817 -1.15616 -320.044 -120.387 -12.3497 0.0535034
-0.608481 1.78082 320.045 -279.091 -187.262 -0.070412 0.607858 -1.77869 -320.045 -195.21 23.609 0.070412
-0.839291 2.41438 320.035 -372.135 -288.536 -0.0875895 0.838775 -2.4135 -320.035 -271.21 63.0759 0.0875895
-1.06008 2.83886 320.003 -434.842 -385.301 -0.104646 1.0598 -2.83814 -320.003 -321.669 100.699 0.104646
-1.26295 2.91563 320.014 -446.871 -473.197 -0.121192 1.26301 -2.91492 -320.014 -330.104 134.233 0.121192
-1.41961 2.65158 320.018 -409.612 -547.769 -0.136868 1.41988 -2.65022 -320.018 -296.886 166.804 0.136868
-1.52057 2.13455 320.027 -335.661 -607.449 -0.151349 1.52099 -2.13316 -320.027 -233.014 199.371 0.151349
-1.57968 1.48573 320.054 -242.643 -651.863 -0.164332 1.58018 -1.48429 -320.054 -153.075 227.873 0.164332
-1.62242 0.827122 320.076 -148.111 -683.088 -0.175537 1.62296 -0.825538 -320.076 -72.0281 247.597 0.175537
-1.6511 0.296012 320.088 -71.8117 -701.837 -0.184728 1.65148 -0.294217 -320.088 -6.72641 258.662 0.184728
-1.65932 0.0106942 320.097 -30.8053 -708.721 -0.191715 1.65941 -0.00873815 -320.097 28.3429 263.369 0.191715
-1.62729 0.00718205 320.093 -30.314 -702.59 -0.196352 1.62796 -0.0060221 -320.093 28.6815 265.708 0.196352
-1.52617 0.224063 320.072 -61.3483 -679.637 -0.198544 1.52728 -0.223024 -320.072 1.88742 269.694 0.198544
-1.38678 0.584864 320.051 -112.927 -641.378 -0.198245 1.38778 -0.58369 -320.051 -42.6916 268.69 0.198245
-1.27492 0.999029 320.036 -172.163 -593.884 -0.195454 1.27575 -0.998643 -320.036 -93.9621 251.168 0.195454
-1.18583 1.3683 320.015 -224.751 -538.331 -0.19023 1.18652 -1.36721 -320.015 -139.715 219.553 0.19023
-1.04884 1.65278 320.003 -265.154 -469.962 -0.182682 1.04941 -1.65178 -320.003 -175.156 187.912 0.182682
-0.836026 1.80056 320.014 -285.351 -387.811 -0.172952 0.836501 -1.80036 -320.014 -194.461 162.714 0.172952
-0.580259 1.75881 320.007 -277.894 -296.055 -0.16122 0.581065 -1.75842 -320.007 -190.768 139.319 0.16122
-0.326823 1.54766 320.004 -245.903 -199.504 -0.147731 0.327719 -1.54719 -320.004 -166.469 110.557 0.147731
-0.105262 1.26812 320.031 -204.152 -102.963 -0.132785 0.105899 -1.26693 -320.031 -133.613 73.3697 0.132785
0.0887929 1.07619 320.055 -175.222 -8.87236 -0.116727 -0.0882721 -1.07382 -320.055 -111.227 31.2879 0.116727
0.284968 1.13184 320.042 -181.932 83.5709 -0.0999277 -0.284855 -1.12886 -320.042 -119.274 -8.54879 0.0999277
0.491094 1.48953 320.044 -232.768 173.151 -0.0827641 -0.491049 -1.48681 -320.044 -163.821 -42.9322 0.0827641
0.699109 2.03932 320.019 -311.522 257.139 -0.0656199 -0.698564 -2.03719 -320.019 -231.698 -71.3177 0.0656199
0.904452 2.59649 319.978 -391.454 335.266 -0.0488932 -0.903933 -2.59482 -319.978 -300.347 -94.5048 0.0488932
1.06687 2.99082 319.95 -447.838 403.329 -0.0329755 -1.06641 -2.98931 -319.95 -349.099 -119.086 0.0329755
1.17623 3.11757 319.937 -465.56 459.864 -0.0182137 -1.1756 -3.11643 -319.937 -365.214 -146.333 0.0182137
1.26474 2.97907 319.931 -445.08 506.847 -0.00490756 -1.26436 -2.97699 -319.931 -348.651 -169.555 0.00490756
1.34872 2.69429 319.943 -403.594 544.74 0.00667415 -1.34847 -2.69173 -319.943 -314.164 -184.945 -0.00667415
1.42874 2.39008 319.965 -359.434 573.057 0.0162965 -1.42797 -2.38785 -319.965 -277.277 -191.934 -0.0162965
1.51554 2.13811 319.983 -322.855 593.84 0.0237673 -1.51431 -2.13553 -319.983 -246.646 -189.603 -0.0237673
1.58832 1.98228 320 -300.282 606.641 0.0289473 -1.58706 -1.98011 -320 -227.736 -182.993 -0.0289473
1.61298 1.88311 320.012 -286.021 609.115 0.0317583 -1.61142 -1.8821 -320.012 -215.717 -178.937 -0.0317583
1.60346 1.7014 320.016 -259.914 603.241 0.0321755 -1.60187 -1.70164 -320.016 -193.555 -175.621 -0.0321755
1.56959 1.34687 320.022 -208.773 589.384 0.0302196 -1.56876 -1.34653 -320.022 -150.115 -170.73 -0.0302196
1.49294 0.884899 320.033 -142.163 563.716 0.0259664 -1.49227 -0.884092 -320.033 -93.5199 -165.535 -0.0259664
1.3915 0.468633 320.04 -82.2492 526.648 0.0195431 -1.39087 -0.46714 -320.04 -42.382 -155.596 -0.0195431
1.30581 0.247267 320.044 -50.581 482.56 0.0111177 -1.30455 -0.245236 -320.044 -14.9707 -134.559 -0.0111177
1.23644 0.327552 320.04 -62.5651 434.148 0.000906319 -1.23481 -0.325214 -320.04 -24.3453 -104.833 -0.000906319
1.13148 0.70071 320.023 -117.002 379.581 -0.0108323 -1.12975 -0.699216 -320.023 -69.4882 -78.4082 0.0108323
0.966407 1.23955 320.006 -195.342 319.045 -0.0238208 -0.964441 -1.23829 -320.006 -134.811 -62.0529 0.0238208
0.779547 1.80521 319.987 -277.652 257.288 -0.0377708 -0.777887 -1.80393 -319.987 -203.277 -50.2064 0.0377708
0.621388 2.292 319.961 -348.514 199.873 -0.0523702 -0.619706 -2.29077 -319.961 -262.178 -35.0917 0.0523702
0.507246 2.62026 319.952 -396.424 148.99 -0.0672815 -0.505538 -2.619 -319.952 -301.763 -14.7732 0.0672815
0.411012 2.74275 319.96 -414.574 102.94 -0.0821616 -0.409565 -2.74148 -319.96 -316.262 5.53307 0.0821616
0.290285 2.62845 319.968 -398.514 57.6397 -0.096688 -0.28921 -2.62785 -319.968 -301.942 18.5867 0.096688
0.143735 2.25149 319.992 -344.469 12.3564 -0.110562 -0.143093 -2.25124 -319.992 -255.55 24.7561 0.110562
-0.00340944 1.64179 320.019 -257.028 -32.417 -0.123493 0.0033204 -1.64165 -320.019 -180.483 30.2955 0.123493
-0.148028 0.883336 320.043 -148.321 -79.1289 -0.135199 0.147257 -0.883548 -320.043 -87.0638 38.4298 0.135199
-0.313505 0.0744977 320.069 -32.4495 -132.771 -0.145431 0.311851 -0.0749736 -320.069 12.635 47.9435 0.145431
-0.505343 -0.676444 320.102 74.8485 -196.068 -0.154003 0.503715 0.675982 -320.102 105.512 59.941 0.154003
-0.682485 -1.26844 320.129 158.905 -265.03 -0.160791 0.681201 1.26771 -320.129 179.225 81.4528 0.160791
-0.839229 -1.64148 320.144 211.772 -337.462 -0.165706 0.838016 1.64083 -320.144 225.808 111.893 0.165706
-1.01107 -1.74666 320.144 226.001 -413.191 -0.168695 1.01007 1.74615 -320.144 239.636 141.582 0.168695
-1.21035 -1.5806 320.143 201.007 -490.402 -0.169764 1.20989 1.58002 -320.143 220.358 165.403 0.169764
-1.38235 -1.2111 320.12 146.742 -560.669 -0.168991 1.38243 1.21008 -320.12 176.074 189.568 0.168991
-1.48131 -0.761085 320.097 81.0817 -615.922 -0.166498 1.48204 0.759853 -320.097 121.753 218.198 0.166498
-1.51388 -0.341772 320.094 20.2551 -652.646 -0.16243 1.51525 0.340735 -320.094 70.8349 246.036 0.16243
-1.51707 0.0115606 320.085 -30.7936 -671.152 -0.156965 1.51888 -0.011765 -320.085 27.8111 263.568 0.156965
-1.51733 0.332383 320.081 -76.9729 -672.422 -0.150318 1.51895 -0.33184 -320.081 -11.4282 264.792 0.150318
-1.53756 0.640471 320.097 -121.226 -660.26 -0.142726 1.53787 -0.640158 -320.097 -49.3303 247.467 0.142726
-1.55922 0.897728 320.109 -158.022 -637.062 -0.134428 1.55923 -0.897241 -320.109 -81.0863 218.634 0.134428
-1.5032 1.06872 320.106 -182.239 -598.857 -0.125641 1.50292 -1.06802 -320.106 -102.421 195.519 0.125641
-1.34854 1.12662 320.103 -190.109 -545.566 -0.116548 1.34829 -1.12646 -320.103 -110.059 183.581 0.116548
-1.11637 1.04508 320.099 -177.647 -477.37 -0.107306 1.11811 -1.04465 -320.099 -100.751 177.16 0.107306
-0.832991 0.857019 320.091 -149.382 -392.279 -0.0980532 0.834909 -0.856255 -320.091 -78.846 167.772 0.0980532
-0.577227 0.662828 320.076 -119.869 -296.317 -0.0889036 0.579303 -0.661484 -320.076 -56.5212 140.207 0.0889036
-0.346003 0.568106 320.055 -104.524 -189.797 -0.0799382 0.348787 -0.566482 -320.055 -46.5843 95.5208 0.0799382
-0.0360029 0.635126 320.052 -112.477 -64.7928 -0.0712103 0.0387924 -0.633423 -320.052 -56.4901 53.482 0.0712103
0.37431 0.865926 320.034 -143.806 79.6509 -0.0627502 -0.371442 -0.864218 -320.034 -86.6879 18.7644 0.0627502
0.844455 1.23149 320.031 -194.987 240.474 -0.0545737 -0.840755 -1.22977 -320.031 -132.952 -16.4564 0.0545737
1.33523 1.6934 320.014 -260.37 412.702 -0.0467119 -1.33115 -1.69109 -320.014 -190.622 -57.4949 0.0467119
1.82197 2.24033 320.003 -337.855 591.592 -0.0392135 -1.81774 -2.23756 -320.003 -258.868 -106.212 0.0392135
2.30933 2.86067 320.013 -425.946 776.318 -0.0321004 -2.30485 -2.85779 -320.013 -336.123 -160.598 0.0321004
2.75628 3.5021 320.014 -516.361 956.917 -0.0253584 -2.75299 -3.49889 -320.014 -416.649 -221.431 0.0253584
3.09591 4.14295 319.999 -606.728 1120.49 -0.0189802 -3.09472 -4.13908 -319.999 -497.022 -293.743 0.0189802
3.24287 4.74486 319.939 -692.016 1246.34 -0.0129957 -3.24521 -4.74128 -319.939 -572.221 -379.56 0.0129957
3.16577 5.17969 319.853 -753.892 1312.9 -0.00747432 -3.17111 -5.17752 -319.853 -626.444 -466 0.00747432
2.95203 5.25826 319.761 -765.122 1313.67 -0.0025107 -2.95995 -5.25692 -319.761 -636.267 -523.305 0.0025107
2.69936 4.83307 319.704 -704.519 1248.62 0.00179777 -2.70741 -4.83315 -319.704 -583.719 -525.721 -0.00179777
2.35351 3.8332 319.694 -561.649 1110.6 0.00532694 -2.36316 -3.83438 -319.694 -460.207 -480.023 -0.00532694
1.81534 2.28798 319.774 -341.422 895.328 0.00785296 -1.82295 -2.29035 -319.774 -268.697 -409.034 -0.00785296
1.13875 0.293292 319.882 -55.954 617.354 0.00903614 -1.14356 -0.296653 -319.882 -22.5888 -312.507 -0.00903614
0.544719 -1.90614 320.016 259.145 319.034 0.00850824 -0.545752 1.90342 -320.016 248.683 -173.881 -0.00850824
0.0678613 -3.93398 320.162 546.848 28.6232 0.00596185 -0.0656723 3.93148 -320.162 501.56 -11.9004 -0.00596185
-0.505061 -5.49103 320.292 767.255 -259.921 0.00111662 0.508363 5.48922 -320.292 696.302 122.937 -0.00111662
-1.2095 -6.29306 320.457 878.279 -538.499 -0.00635346 1.21486 6.29204 -320.457 799.184 212.729 0.00635346
-1.90093 -6.20756 320.45 862.314 -784.497 -0.0167314 1.90394 6.20741 -320.45 792.484 274.113 0.0167314
-2.51657 -5.2399 320.413 720.29 -996.05 -0.0300931 2.51924 5.23987 -320.413 676.591 321.098 0.0300931
-2.95826 -3.59128 320.441 481.156 -1161.79 -0.0463086 2.96141 3.59142 -320.441 476.296 368.63 0.0463086
-3.21088 -1.57867 320.366 190.235 -1278.47 -0.0651317 3.21264 1.57845 -320.366 230.692 417.854 0.0651317
-3.43926 0.415181 320.256 -97.1201 -1360.93 -0.0861857 3.4402 -0.415453 -320.256 -13.4393 439.352 0.0861857
-3.70836 2.07028 320.195 -335.473 -1417.46 -0.108928 3.70876 -2.07052 -320.195 -216.264 424.14 0.108928
-3.87866 3.18006 320.119 -494.765 -1437.53 -0.132677 3.87748 -3.17962 -320.119 -352.705 399.044 0.132677
-3.91108 3.7632 320.017 -577.952 -1424.24 -0.156599 3.90753 -3.76084 -320.017 -424.703 377.494 0.156599
-3.94914 4.03096 320.007 -615.887 -1402.62 -0.179759 3.94226 -4.0267 -320.007 -457.89 346.269 0.179759
-4.04414 4.21565 320.012 -642.145 -1390.06 -0.201297 4.03652 -4.21099 -320.012 -480.81 308.564 0.201297
-4.05411 4.29307 319.949 -653.356 -1381.27 -0.220508 4.04548 -4.29155 -319.949 -490.655 297.29 0.220508
-3.95048 3.88107 319.925 -594.383 -1378.38 -0.236768 3.94114 -3.88396 -319.925 -440.392 322.08 0.236768
-3.78479 2.57314 319.976 -406.78 -1384.3 -0.249545 3.77936 -2.57717 -319.976 -279.505 371.547 0.249545
-3.55551 0.307813 320.043 -81.1989 -1388.91 -0.258521 3.55149 -0.312297 -320.043 -1.29902 436.954 0.258521
-3.31244 -2.53692 320.131 327.511 -1385.77 -0.263622 3.31244 2.53436 -320.131 348.541 497.948 0.263622
-2.98698 -5.32969 320.22 729.35 -1352.97 -0.26495 2.99226 5.32855 -320.22 691.332 551.16 0.26495
-2.4957 -7.44115 320.265 1033.81 -1266.4 -0.262706 2.50409 7.43976 -320.265 949.661 595.222 0.262706
-1.9953 -8.52792 320.332 1191.47 -1129.63 -0.257126 2.00365 8.5255 -320.332 1081.56 592.117 0.257126
-1.69213 -8.53389 320.371 1194.65 -962.201 -0.248465 1.6991 8.53043 -320.371 1079.82 506.173 0.248465
-1.55576 -7.53994 320.35 1054.2 -773.029 -0.237019 1.55852 7.53689 -320.35 955.37 354.563 0.237019
-1.37399 -5.60647 320.325 779.13 -562.526 -0.22306 1.37424 5.6066 -320.325 715.47 193.572 0.22306
-1.05152 -2.72107 320.293 367.256 -339.708 -0.206727 1.04649 2.72352 -320.293 358.511 58.1266 0.206727
-0.729116 0.908427 320.167 -153.116 -137.634 -0.188067 0.722697 -0.906862 -320.167 -88.7196 -57.1798 0.188067
-0.382941 4.62669 319.948 -687.692 39.7587 -0.167191 0.378475 -4.62731 -319.948 -545.575 -142.017 0.167191
0.150379 7.63507 319.779 -1120.34 214.986 -0.144299 -0.152859 -7.63559 -319.779 -914.824 -174.916 0.144299
0.733301 9.40827 319.635 -1374.19 379.882 -0.119598 -0.73516 -9.40808 -319.635 -1133.55 -184.148 0.119598
1.18356 9.84335 319.556 -1434.86 522.917 -0.0932874 -1.18266 -9.84065 -319.556 -1188.52 -207.196 0.0932874
1.58449 9.22902 319.583 -1344.46 657.584 -0.065676 -1.58296 -9.22301 -319.583 -1114.73 -234.765 0.065676
2.07653 8.04316 319.652 -1172.04 797.917 -0.0372365 -2.07258 -8.03616 -319.652 -970.924 -243.971 0.0372365
2.71257 6.60188 319.79 -962.976 952.82 -0.00851848 -2.70685 -6.59667 -319.79 -796.039 -229.284 0.00851848
3.35951 4.98549 319.933 -728.188 1114.38 0.0198664 -3.35374 -4.98114 -319.933 -600.083 -218.112 -0.0198664
3.81167 3.25269 320.045 -476.237 1261.96 0.0471873 -3.80565 -3.24957 -320.045 -390.31 -244.873 -0.0471873
4.04276 1.42405 320.172 -211.405 1384.91 0.0726205 -4.0381 -1.42421 -320.172 -168.142 -305.707 -0.0726205
4.22002 -0.630167 320.248 85.7937 1493.93 0.0953445 -4.21587 0.62664 -320.248 81.7764 -367.108 -0.0953445
4.41288 -2.96307 320.308 422.886 1587.9 0.114638 -4.41028 2.95818 -320.308 366.355 -409.226 -0.114638
4.53803 -5.37579 320.371 770.805 1653.4 0.129919 -4.53653 5.37013 -320.371 661.467 -441.048 -0.129919
4.4617 -7.48351 320.351 1073.84 1671.01 0.140699 -4.4612 7.4778 -320.351 920.262 -478.784 -0.140699
4.17573 -8.82473 320.277 1266.39 1635.37 0.146588 -4.17788 8.82078 -320.277 1085.46 -519.03 -0.146588
3.71952 -8.86912 320.185 1272.4 1542.71 0.147397 -3.72332 8.86855 -320.185 1091.73 -547.889 -0.147397
3.2032 -7.3229 320.075 1049.11 1398.12 0.143174 -3.20829 7.32161 -320.075 902.771 -541.047 -0.143174
2.65303 -4.46209 319.98 635.239 1199.46 0.134121 -2.65943 4.4594 -319.98 553.882 -489.331 -0.134121
2.03745 -1.01183 319.825 134.802 946.771 0.120492 -2.04249 1.00866 -319.825 134.564 -401.54 -0.120492
1.35979 2.24193 319.817 -338.36 648.734 0.102561 -1.36399 -2.24462 -319.817 -259.517 -285.015 -0.102561
0.621961 4.6434 319.794 -687.839 320.36 0.0806403 -0.625393 -4.64599 -319.794 -550.15 -154.285 -0.0806403
-0.218134 5.81721 319.742 -859.908 -32.9844 0.0550918 0.216533 -5.81791 -319.742 -690.71 -26.0461 -0.0550918
-1.01316 5.74135 319.938 -852.395 -382.539 0.0263009 1.01449 -5.74032 -319.938 -677.763 110.245 -0.0263009
-1.66762 4.64746 320.11 -698.181 -702.731 -0.00532531 1.67086 -4.64619 -320.11 -540.348 254.806 0.00532531
-2.30355 2.85361 320.224 -443.084 -994.702 -0.0393313 2.30798 -2.85193 -320.224 -317.213 376.277 0.0393313
-3.01565 0.722447 320.404 -139.757 -1256.27 -0.0752353 3.01987 -0.722164 -320.404 -52.6346 447.381 0.0752353
-3.73974 -1.47681 320.566 173.508 -1476.6 -0.112498 3.74444 1.47551 -320.566 220.13 474.116 0.112498
-4.28196 -3.48163 320.564 459.145 -1631.84 -0.150434 4.28512 3.48028 -320.564 468.899 484.664 0.150434
-4.61198 -5.03101 320.504 680.135 -1722.58 -0.188223 4.61419 5.02904 -320.504 660.835 487.352 0.188223
-4.75441 -5.9338 320.476 809.014 -1752.07 -0.224974 4.75622 5.93148 -320.476 772.558 478.879 0.224974
-4.72381 -6.12389 320.347 836.776 -1723.83 -0.259771 4.72451 6.12188 -320.347 795.507 459.028 0.259771
-4.52874 -5.56823 320.156 758.591 -1643.12 -0.29167 4.52911 5.56715 -320.156 725.695 430.582 0.29167
-4.11377 -4.27902 320.028 575.529 -1509.18 -0.319695 4.11472 4.27897 -320.028 565.235 407.508 0.319695
-3.43206 -2.32929 319.888 297.977 -1319.66 -0.342874 3.43312 2.331 -319.888 323.295 400.111 0.342874
-2.6032 0.136638 319.785 -54.0446 -1090.48 -0.360282 2.60391 -0.134161 -319.785 18.094 392.428 0.360282
-1.79685 2.75309 319.752 -427.672 -845.94 -0.371136 1.79729 -2.75253 -319.752 -305.985 363.443 0.371136
-1.00082 4.96314 319.716 -743.019 -592.716 -0.374863 1.00132 -4.96366 -319.716 -579.898 323.016 0.374863
-0.154091 6.25995 319.694 -927.078 -332.185 -0.37106 0.154509 -6.26088 -319.694 -741.577 288.815 0.37106
0.696105 6.40972 319.8 -946.194 -74.9551 -0.359479 -0.69589 -6.41103 -319.8 -762.441 258.827 0.359479
1.40595 5.39554 319.961 -797.643 158.8 -0.340096 -1.406 -5.39719 -319.961 -640.704 214.869 0.340096
1.87125 3.42184 320.059 -511.076 351.35 -0.313205 -1.87172 -3.42403 -320.059 -401.242 146.898 0.313205
2.1331 0.843756 320.173 -137.429 500.477 -0.2794 -2.13392 -0.846091 -320.173 -87.7029 68.0342 0.2794
2.28246 -1.8891 320.302 258.511 611.055 -0.239487 -2.28359 1.88627 -320.302 244.754 -2.36478 0.239487
2.33543 -4.33255 320.332 612.19 682.937 -0.194452 -2.33662 4.32931 -320.332 542.341 -59.8975 0.194452
2.2052 -6.11926 320.318 869.963 706.384 -0.145483 -2.20782 6.11617 -320.318 760.851 -117.735 0.145483
1.861 -7.00296 320.287 996.765 678.398 -0.0939673 -1.86384 7.00031 -320.287 869.667 -181.43 0.0939673
1.46155 -6.83707 320.203 972.314 615.931 -0.0414398 -1.46285 6.83626 -320.203 850.146 -225.703 0.0414398
1.18534 -5.55633 320.099 787.245 542.539 0.0105155 -1.18571 5.55735 -320.099 694.065 -226.2 -0.0105155
0.967381 -3.15771 320.012 440.522 461.515 0.0603467 -0.966752 3.1623 -320.012 401.894 -203.592 -0.0603467
0.654403 0.223872 319.903 -48.7223 369.103 0.106547 -0.653133 -0.218022 -319.903 -10.0815 -194.874 -0.106547
0.253821 4.10446 319.819 -610.314 273.033 0.14765 -0.251918 -4.10049 -319.819 -483.141 -205.823 -0.14765
-0.0909723 7.66947 319.728 -1125.6 190.655 0.182321 0.0927841 -7.66681 -319.728 -918.307 -215.471 -0.182321
-0.281674 10.0472 319.671 -1468.45 135.787 0.209493 0.283026 -10.0484 -319.671 -1209.78 -211.483 -0.209493
-0.396191 10.4706 319.669 -1529.45 100.975 0.228391 0.39693 -10.4759 -319.669 -1262.19 -207.192 -0.228391
-0.513775 8.58617 319.772 -1258.13 76.9868 0.238489 0.514183 -8.59071 -319.772 -1031.1 -214.549 -0.238489
-0.601945 4.76267 320.036 -706.45 65.9186 0.239504 0.601429 -4.76599 -320.036 -563.424 -226.884 -0.239504
-0.620441 -0.0503627 320.325 -11.0628 68.2567 0.231424 0.6194 0.0491125 -320.325 24.4204 -234.099 -0.231424
-0.533644 -4.68549 320.561 656.577 84.3924 0.214552 0.532588 4.68597 -320.561 592.549 -227.118 -0.214552
-0.372571 -8.22917 320.65 1166.38 105.266 0.189485 0.371601 8.22887 -320.65 1027.25 -205.093 -0.189485
-0.175147 -10.2145 320.644 1451.33 125.849 0.157009 0.174561 10.2122 -320.644 1271.25 -173.13 -0.157009
0.0143887 -10.6324 320.554 1511.13 141.462 0.118034 -0.0152803 10.6296 -320.554 1322.77 -138.207 -0.118034
0.157455 -9.64331 320.394 1369.01 146.264 0.0736131 -0.158681 9.6409 -320.394 1201.29 -104.863 -0.0736131
0.270309 -7.53719 320.207 1065.91 138.819 0.0249626 -0.271901 7.53467 -320.207 942.959 -67.3442 -0.0249626
0.385422 -4.63645 320.045 648.197 118.043 -0.0265766 -0.387158 4.63713 -320.045 587.881 -15.9626 0.0265766
0.513458 -1.1237 319.873 142.195 84.1923 -0.0795836 -0.514464 1.128 -319.873 158.01 51.7719 0.0795836
0.623189 2.776 319.767 -420.756 36.8648 -0.132585 -0.623064 -2.77248 -319.767 -318.64 128.007 0.132585
0.671114 6.51261 319.718 -960.69 -23.7424 -0.18409 -0.669868 -6.50949 -319.718 -774.783 201.02 0.18409
0.66784 9.49486 319.675 -1390.25 -90.121 -0.232624 -0.664482 -9.49104 -319.675 -1140.07 266.019 0.232624
0.595516 11.3392 319.663 -1655.22 -157.763 -0.276745 -0.592654 -11.3367 -319.663 -1366.91 314.237 0.276745
0.348658 11.775 319.755 -1717.85 -235.792 -0.315096 -0.347096 -11.7731 -319.755 -1420.53 326.453 0.315096
-0.0794311 10.7116 319.868 -1565.85 -328.755 -0.346515 0.080308 -10.7106 -319.868 -1289.18 305.231 0.346515
-0.528831 8.24657 320.005 -1212.37 -424.981 -0.370075 0.528131 -8.24676 -320.005 -985.736 281.702 0.370075
-0.908545 4.66889 320.19 -698.906 -516.455 -0.385075 0.906888 -4.66987 -320.19 -545.639 271.886 0.385075
-1.27074 0.430685 320.328 -89.7968 -609.69 -0.391073 1.26929 -0.432491 -320.328 -25.1207 268.325 0.391073
-1.59957 -3.8722 320.43 528.524 -698.172 -0.387977 1.59915 3.87003 -320.43 503.489 268.788 0.387977
-1.90809 -7.61981 320.469 1066.51 -780.277 -0.376071 1.90725 7.61752 -320.469 964.452 268.502 0.376071
-2.23576 -10.2371 320.388 1441.72 -857.974 -0.355946 2.235 10.2356 -320.388 1287.01 258.675 0.355946
-2.54703 -11.2888 320.276 1591.12 -925.617 -0.328464 2.54568 11.2874 -320.276 1417.97 243.298 0.328464
-2.8196 -10.6413 320.151 1497.23 -983.695 -0.294762 2.81711 10.6399 -320.151 1339.26 228.782 0.294762
-3.01932 -8.43435 320.058 1179.36 -1030.25 -0.256188 3.01704 8.43266 -320.058 1068.81 222.008 0.256188
-3.08551 -5.09813 319.978 698.766 -1057.28 -0.214208 3.08416 5.096 -319.978 660.046 231.224 0.214208
-3.0082 -1.24105 319.921 143.572 -1057.53 -0.170346 3.00791 1.2395 -319.921 187.174 251.943 0.170346
-2.91052 2.52061 319.89 -396.832 -1039.28 -0.126103 2.90984 -2.52156 -319.89 -275.052 259.839 0.126103
-2.84932 5.64459 319.863 -845.445 -1004.06 -0.0828973 2.8491 -5.64566 -319.863 -659.183 240.999 0.0828973
-2.77428 7.66213 319.863 -1134.36 -948.677 -0.0420387 2.77304 -7.66298 -319.863 -908.033 205.932 0.0420387
-2.62091 8.3375 319.917 -1230.33 -872.319 -0.00468629 2.6191 -8.33799 -319.917 -992.048 170.756 0.00468629
-2.31972 7.648 320.009 -1130.42 -770.816 0.0282202 2.31899 -7.64848 -320.009 -908.166 149.637 -0.0282202
-1.84226 5.71869 320.141 -851.874 -640.848 0.0559821 1.84251 -5.7197 -320.141 -672.508 147.075 -0.0559821
-1.30352 2.82261 320.265 -433.871 -491.849 0.0781075 1.30395 -2.82373 -320.265 -318.549 141.962 -0.0781075
-0.796963 -0.619881 320.392 64.3927 -330.104 0.0942964 0.798588 0.619055 -320.392 100.848 115.434 -0.0942964
-0.312403 -4.01522 320.466 555.993 -160.717 0.104462 0.314313 4.01473 -320.466 514.347 75.5645 -0.104462
0.177433 -6.78968 320.523 957.397 14.2735 0.108745 -0.1775 6.78918 -320.523 852.495 31.8228 -0.108745
0.59859 -8.50641 320.382 1206.31 178.908 0.107475 -0.598922 8.50613 -320.382 1061.22 -20.1006 -0.107475
0.965086 -8.89419 320.236 1263.86 325.785 0.101099 -0.965438 8.89423 -320.236 1107.07 -68.9006 -0.101099
1.29642 -7.89026 320.162 1121.71 451.019 0.090133 -1.29782 7.8905 -320.162 981.63 -105.343 -0.090133
1.51186 -5.61884 320.019 796.056 543.712 0.0751906 -1.51382 5.61925 -320.019 701.836 -140.265 -0.0751906
1.57143 -2.41796 319.882 334.699 597.912 0.0569701 -1.57315 2.41852 -319.882 309.989 -178.421 -0.0569701
1.58728 1.21216 319.826 -189.714 625.937 0.0361986 -1.58759 -1.21139 -319.826 -133.208 -202.289 -0.0361986
1.6313 4.70253 319.796 -693.583 639.581 0.01361 -1.63141 -4.70136 -319.796 -559.674 -204.177 -0.01361
1.59296 7.55593 319.79 -1105.02 631.625 -0.0100495 -1.59295 -7.55444 -319.79 -908.796 -206.452 0.0100495
1.42657 9.38876 319.822 -1369.12 602.129 -0.0340699 -1.42568 -9.38728 -319.822 -1133.25 -221.448 0.0340699
1.24924 9.93881 319.868 -1448.51 566.713 -0.0578293 -1.24826 -9.93806 -319.868 -1200.58 -233.363 0.0578293
1.14155 9.11401 319.943 -1330.13 535.026 -0.0807577 -1.14097 -9.11344 -319.943 -1099.12 -230.402 0.0807577
1.07825 7.01521 320.08 -1027.66 505.159 -0.102311 -1.07748 -7.01531 -320.08 -842.229 -217.529 0.102311
1.01179 3.92122 320.13 -581.278 471.541 -0.122034 -1.01145 -3.92268 -320.13 -464.061 -201.682 0.122034
0.930501 0.281698 320.196 -55.7507 431.655 -0.139598 -0.930449 -0.282375 -320.196 -19.3388 -183.556 0.139598
0.870952 -3.21532 320.233 448.881 388.217 -0.15476 -0.870564 3.21601 -320.233 408.373 -156.192 0.15476
0.857944 -5.82516 320.217 824.058 343.499 -0.167316 -0.857626 5.8268 -320.217 729.002 -115.115 0.167316
0.835117 -7.08299 320.112 1003.92 290.083 -0.177101 -0.834468 7.08414 -320.112 884.365 -68.0284 0.177101
0.780803 -6.84991 320.017 969.224 226.161 -0.184004 -0.779591 6.85123 -320.017 856.954 -18.8713 0.184004
0.697416 -5.29003 319.946 743.251 153.668 -0.187997 -0.69605 5.29011 -319.946 666.963 31.1563 0.187997
0.559706 -2.83135 319.862 387.993 72.6606 -0.189125 -0.558787 2.83075 -319.862 366.75 75.2985 0.189125
0.34206 -0.0194561 319.852 -18.1257 -17.8227 -0.187479 -0.341756 0.018687 -319.852 23.3123 107.629 0.187479
0.0668532 2.6263 319.854 -400.622 -116.916 -0.183182 -0.0670364 -2.62712 -319.854 -299.446 133.201 0.183182
-0.215762 4.68259 319.87 -698.664 -222.118 -0.176412 0.214912 -4.68289 -319.87 -549.453 162.91 0.176412
-0.471433 5.85387 319.941 -868.324 -326.936 -0.167421 0.470906 -5.85445 -319.941 -692.043 199.261 0.167421
-0.728052 5.99971 320.041 -890.096 -432.858 -0.156533 0.727593 -6.00081 -320.041 -709.212 236.486 0.156533
-1.02654 5.1111 320.146 -763.255 -541.4 -0.144154 1.02563 -5.1125 -320.146 -599.222 265.24 0.144154
-1.40161 3.3511 320.261 -511.289 -655.053 -0.130738 1.39989 -3.35263 -320.261 -382.057 278.747 0.130738
-1.8382 1.02224 320.398 -177.198 -774.212 -0.116763 1.8358 -1.02349 -320.398 -95.3262 281.347 0.116763
-2.21705 -1.43186 320.449 174.506 -886.212 -0.102736 2.21531 1.43168 -320.449 207.282 291.996 0.102736
-2.4929 -3.55711 320.443 478.753 -986.234 -0.0891877 2.49138 3.55716 -320.443 469.574 318.185 0.0891877
-2.73948 -5.00248 320.392 685.52 -1077.09 -0.0766312 2.73823 5.00286 -320.392 648.131 343.032 0.0766312
-3.01787 -5.58766 320.295 768.456 -1158.79 -0.0655535 3.01766 5.5878 -320.295 721.151 350.207 0.0655535
-3.25726 -5.3601 320.153 734.668 -1218.79 -0.0564103 3.25825 5.35902 -320.153 694.12 346.12 0.0564103
-3.36783 -4.53102 320.018 615.019 -1242.2 -0.049576 3.36898 4.52989 -320.018 592.762 340.005 0.049576
-3.36324 -3.33166 319.933 442.687 -1226 -0.0452889 3.3649 3.33021 -319.933 445.35 325.024 0.0452889
-3.28262 -1.99847 319.894 251.373 -1171.34 -0.0436666 3.28405 1.99638 -319.894 281.203 292.067 0.0436666
-3.12167 -0.750647 319.908 73.0365 -1078.54 -0.0447387 3.12306 0.749088 -319.908 126.987 242.458 0.0447387
-2.82004 0.297232 319.964 -75.7084 -944.407 -0.0484091 2.82174 -0.298478 -319.964 -3.55382 189.059 0.0484091
-2.32818 1.09453 320.075 -188.304 -766.755 -0.0544025 2.33012 -1.09603 -320.075 -103.525 142.943 0.0544025
-1.67902 1.58542 320.161 -256.685 -549.025 -0.0622785 1.68108 -1.58675 -320.161 -165.979 98.7701 0.0622785
-0.968884 1.75307 320.283 -277.411 -303.22 -0.071493 0.970992 -1.75433 -320.283 -189.941 42.8561 0.071493
-0.274042 1.62868 320.327 -255.735 -45.4316 -0.0814563 0.274699 -1.63003 -320.327 -178.481 -28.8651 0.0814563
0.371484 1.25366 320.356 -198.693 211.551 -0.0915472 -0.37277 -1.25489 -320.356 -135.549 -112.849 0.0915472
0.980975 0.681563 320.303 -114.136 455.684 -0.101103 -0.983391 -0.682686 -320.303 -67.6002 -193.739 0.101103
1.64128 -0.0157203 320.191 -11.4411 682.383 -0.109457 -1.64326 0.0146014 -320.191 15.5663 -243.947 0.109457
2.32597 -0.735322 320.117 94.2698 883.632 -0.116 -2.32895 0.734243 -320.117 101.671 -262.124 0.116
2.83111 -1.37546 320.014 188.341 1033.94 -0.120223 -2.8338 1.37444 -320.014 178.238 -277.5 0.120223
3.10925 -1.84323 319.859 256.706 1125.12 -0.121768 -3.11055 1.84201 -319.859 234.531 -294.519 0.121768
3.31721 -2.09728 319.801 293.664 1174.31 -0.120448 -3.31791 2.09581 -319.801 265.259 -288.27 0.120448
3.46515 -2.11477 319.796 296.258 1184.99 -0.116192 -3.46571 2.11334 -319.796 267.333 -259.555 0.116192
3.42911 -1.85256 319.781 258.136 1146.98 -0.109065 -3.42935 1.85183 -319.781 235.653 -231.321 0.109065
3.19174 -1.26123 319.827 171.877 1060.61 -0.0993725 -3.19151 1.261 -319.827 164.358 -208.488 0.0993725
2.82511 -0.362832 319.93 40.6337 934.312 -0.0876578 -2.82551 0.362736 -319.93 56.1477 -180.123 0.0876578
2.37607 0.716536 320.033 -116.801 775.719 -0.0745713 -2.37656 -0.716434 -320.033 -74.1014 -141.586 0.0745713
1.84078 1.81041 320.095 -276.385 587.389 -0.0608126 -1.84105 -1.81006 -320.095 -206.062 -96.4164 0.0608126
1.23892 2.72498 320.155 -410.118 377.344 -0.0471352 -1.23907 -2.72491 -320.155 -316.147 -47.324 0.0471352
0.572106 3.25984 320.204 -489.226 150.903 -0.0343119 -0.571857 -3.2601 -320.204 -379.649 0.781756 0.0343119
-0.123784 3.26964 320.216 -492.62 -79.5978 -0.0230738 0.12393 -3.26977 -320.216 -378.844 45.2487 0.0230738
-0.836911 2.73945 320.247 -419.458 -308.834 -0.0140617 0.836937 -2.73959 -320.247 -310.672 83.8648 0.0140617
-1.54315 1.72181 320.205 -275.796 -529.747 -0.00776933 1.54253 -1.7221 -320.205 -183.086 116.085 0.00776933
-2.21289 0.372709 320.222 -83.6005 -737.053 -0.00450765 2.21181 -0.372767 -320.222 -15.6283 144.435 0.00450765
-2.78848 -1.05291 320.206 119.12 -922.24 -0.00443359 2.78708 1.05299 -320.206 161.688 175.777 0.00443359
-3.25229 -2.306 320.165 297.246 -1083.16 -0.00759136 3.25169 2.30616 -320.165 317.603 212.546 0.00759136
-3.56678 -3.1631 320.12 419.099 -1211.17 -0.0139065 3.56689 3.16357 -320.12 424.263 256.288 0.0139065
-3.71579 -3.46298 320.084 460.949 -1296.59 -0.0231791 3.71695 3.46321 -320.084 462.318 301.6 0.0231791
-3.76395 -3.19512 320.039 421.74 -1340.89 -0.035111 3.76535 3.19476 -320.039 430.05 332.893 0.035111
-3.75303 -2.45274 320.032 315.005 -1345.65 -0.0493478 3.75442 2.4527 -320.032 338.939 340.547 0.0493478
-3.64613 -1.35511 320.044 157.747 -1308.27 -0.0655131 3.6473 1.3556 -320.044 203.683 331.791 0.0655131
-3.38166 -0.0545831 320.067 -28.4535 -1225.57 -0.0832017 3.38254 0.0549907 -320.067 43.2016 319.825 0.0832017
-2.98134 1.24112 320.102 -213.149 -1104.8 -0.101954 2.98207 -1.24038 -320.102 -117.446 306.069 0.101954
-2.50431 2.3712 320.141 -373.792 -955.071 -0.12127 2.50461 -2.37001 -320.141 -257.98 283.908 0.12127
-2.01382 3.19431 320.148 -490.354 -787.722 -0.14064 2.0137 -3.19385 -320.148 -360.929 247.778 0.14064
-1.51462 3.56739 320.133 -542.459 -609.061 -0.159547 1.51414 -3.56753 -320.133 -408.356 202.686 0.159547
-0.967097 3.40868 320.114 -517.531 -420.79 -0.177433 0.966839 -3.40876 -320.114 -390.977 160.797 0.177433
-0.343951 2.78138 320.077 -424.335 -222.676 -0.193695 0.344033 -2.7816 -320.077 -316.986 129.203 0.193695
0.268336 1.82863 320.018 -284.32 -28.1444 -0.207709 -0.268577 -1.82906 -320.018 -203.071 98.3743 0.207709
0.75873 0.714177 319.995 -121.422 147.054 -0.218888 -0.759559 -0.714767 -319.995 -68.9294 54.4044 0.218888
1.13653 -0.377303 319.955 37.5291 299.499 -0.226719 -1.1375 0.376924 -319.955 63.0873 3.07452 0.226719
1.47523 -1.26788 319.909 167.19 429.519 -0.230749 -1.47658 1.26757 -319.909 170.822 -36.2845 0.230749
1.79397 -1.80608 319.886 245.84 534.952 -0.230557 -1.79505 1.80615 -319.886 235.682 -56.547 0.230557
2.06517 -1.88967 319.906 258.57 612.5 -0.225805 -2.06507 1.89017 -319.906 245.29 -61.7962 0.225805
2.2593 -1.48706 319.925 200.761 662.07 -0.216327 -2.25826 1.48777 -319.925 195.806 -59.6449 0.216327
2.34099 -0.655074 319.955 80.7181 684.638 -0.202161 -2.33916 0.65614 -319.955 94.1234 -60.4906 0.202161
2.30051 0.468297 320.009 -81.6345 683.149 -0.1835 -2.29818 -0.467322 -320.009 -42.9798 -69.8379 0.1835
2.19021 1.64279 320.054 -251.545 666.068 -0.16069 -2.18748 -1.64287 -320.054 -186.28 -82.2197 0.16069
2.03943 2.58396 320.079 -387.672 638.44 -0.134248 -2.03752 -2.58425 -320.079 -301.058 -94.7044 0.134248
1.82364 3.10756 320.098 -463.509 598.073 -0.104872 -1.82176 -3.10768 -320.098 -364.767 -111.905 0.104872
1.56692 3.15845 320.115 -471.155 548.034 -0.0734423 -1.56514 -3.15871 -320.115 -370.703 -130.357 0.0734423
1.31116 2.76258 320.12 -414.332 493.61 -0.0409698 -1.30994 -2.76283 -320.12 -322.001 -144.125 0.0409698
1.05834 2.03858 320.101 -310.105 435.92 -0.00851162 -1.0569 -2.0382 -320.101 -233.154 -153.961 0.00851162
0.828662 1.17358 320.082 -185.478 379.417 0.0228643 -0.826885 -1.17311 -320.082 -127.196 -158.837 -0.0228643
0.633791 0.337214 320.061 -64.9679 328.44 0.0520862 -0.632276 -0.336768 -320.061 -24.7673 -159.876 -0.0520862
0.453259 -0.349603 320.029 33.895 282.976 0.0781188 -0.451715 0.350364 -320.029 59.4894 -162.632 -0.0781188
0.299536 -0.815464 319.998 100.747 245.107 0.100023 -0.298167 0.815993 -319.998 116.786 -165.791 -0.100023
0.197552 -1.0799 319.984 138.505 217.012 0.117004 -0.196774 1.07978 -319.984 149.432 -164.863 -0.117004
0.152455 -1.21592 319.98 157.841 198.029 0.128451 -0.151567 1.21574 -319.98 166.345 -157.967 -0.128451
0.168705 -1.26191 319.996 164.31 188.009 0.133935 -0.16784 1.26174 -319.996 172.137 -143.658 -0.133935
0.228598 -1.20388 320.037 155.895 185.081 0.133209 -0.227669 1.20389 -320.037 165.106 -124.809 -0.133209
0.308965 -1.01039 320.088 128.016 187.074 0.12621 -0.307542 1.01034 -320.088 141.401 -105.471 -0.12621
0.399247 -0.663841 320.136 78.1439 193.141 0.113086 -0.398011 0.663785 -320.136 98.897 -87.4615 -0.113086
0.466178 -0.172539 320.179 7.31489 198.897 0.0941876 -0.465475 0.17241 -320.179 38.7554 -75.3098 -0.0941876
0.484381 0.416705 320.203 -77.8665 199.077 0.0700494 -0.484251 -0.417065 -320.203 -33.1618 -70.5655 -0.0700494
0.481442 1.01607 320.192 -164.506 193.003 0.0413653 -0.481628 -1.01646 -320.192 -106.292 -65.2506 -0.0413653
0.491281 1.53169 320.159 -239.109 181.434 0.00897614 -0.491796 -1.53211 -320.159 -169.136 -51.0586 -0.00897614
0.492639 1.89006 320.11 -291.083 160.876 -0.0261416 -0.493414 -1.89005 -320.11 -212.632 -30.1774 0.0261416
0.449817 2.0541 320.043 -315.112 127.59 -0.062907 -0.450326 -2.0539 -320.043 -232.301 -8.44405 0.062907
0.363298 2.00096 319.975 -307.859 82.2307 -0.100178 -0.363894 -2.00079 -319.975 -225.392 13.7356 0.100178
0.25035 1.70441 319.931 -265.657 27.696 -0.136795 -0.250841 -1.70467 -319.931 -188.6 37.994 0.136795
0.136473 1.15783 319.906 -187.567 -31.8707 -0.171613 -0.136409 -1.15822 -319.906 -121.011 66.9538 0.171613
0.0252109 0.42099 319.891 -82.1429 -94.4373 -0.203546 -0.025133 -0.421182 -319.891 -29.9952 99.6681 0.203546
-0.133708 -0.367909 319.922 30.6128 -164.015 -0.231612 0.133277 0.367977 -319.922 67.5747 126.754 0.231612
-0.363258 -1.04491 319.985 126.852 -243.311 -0.25498 0.362857 1.04493 -319.985 151.794 144.655 0.25498
-0.604013 -1.49164 320.044 190.164 -326.949 -0.273004 0.603714 1.49149 -320.044 207.542 163.897 0.273004
-0.796877 -1.62663 320.105 208.681 -407.531 -0.28523 0.796522 1.62649 -320.105 225.013 192.862 0.28523
-0.982025 -1.40761 320.169 176.05 -486.921 -0.291387 0.981597 1.40767 -320.169 199.291 222.696 0.291387
-1.21446 -0.836726 320.2 92.6774 -569.018 -0.291424 1.21398 0.837082 -320.2 130.531 242.644 0.291424
-1.47917 0.015163 320.212 -31.0498 -650.73 -0.285536 1.47855 -0.014799 -320.212 27.1829 253.631 0.285536
-1.73306 0.977569 320.205 -170.528 -726.999 -0.274124 1.73194 -0.977922 -320.205 -89.9705 262.122 0.274124
-1.95828 1.80239 320.167 -289.964 -795.892 -0.257736 1.95704 -1.80318 -320.167 -190.456 270.84 0.257736
-2.10284 2.27364 320.108 -358.235 -850.109 -0.237066 2.10321 -2.27435 -320.108 -247.788 286.173 0.237066
-2.11268 2.26987 320.063 -358 -878.593 -0.212941 2.11414 -2.27085 -320.063 -247.053 311.789 0.212941
-2.06293 1.78616 320.029 -288.4 -881.947 -0.18628 2.06454 -1.78632 -320.029 -187.606 328.345 0.18628
-2.06399 0.978203 320.02 -171.978 -867.888 -0.158045 2.06591 -0.977366 -320.02 -88.5273 314.01 0.158045
-2.08198 0.0927566 320.021 -44.1727 -834.125 -0.129203 2.08306 -0.0913983 -320.021 19.7599 275.692 0.129203
-2.04775 -0.611772 320.035 57.9811 -779.168 -0.100668 2.04716 0.614248 -320.035 105.552 230.266 0.100668
-1.9572 -0.892771 320.053 99.2232 -710.263 -0.0732567 1.95582 0.895971 -320.053 139.307 185.819 0.0732567
-1.7999 -0.654157 320.066 65.5418 -631.423 -0.047694 1.79841 0.656298 -320.066 109.24 149.151 0.047694
-1.58343 -0.0463089 320.058 -21.1706 -545.309 -0.0246144 1.58174 0.0470098 -320.058 33.7295 120.997 0.0246144
-1.36323 0.644215 320.049 -119.764 -457.804 -0.00453286 1.36188 -0.644725 -320.049 -51.9067 92.3749 0.00453286
-1.16846 1.14529 320.074 -190.753 -371.665 0.0121807 1.16737 -1.14639 -320.074 -114.565 58.3584 -0.0121807
-0.982328 1.3269 320.072 -215.443 -285.03 0.0252868 0.98114 -1.32744 -320.072 -138.215 21.5924 -0.0252868
-0.813905 1.23011 320.08 -200.102 -200.935 0.0346564 0.811851 -1.22992 -320.08 -127.661 -17.2542 -0.0346564
-0.680156 0.985122 320.129 -163.695 -125.191 0.0402597 0.6777 -0.984615 -320.129 -98.7249 -57.0711 -0.0402597
-0.541517 0.724611 320.148 -125.234 -57.4563 0.0421492 0.539151 -0.723601 -320.148 -67.6796 -87.6704 -0.0421492
-0.368653 0.553813 320.133 -99.7414 3.53956 0.0404615 0.365909 -0.55284 -320.133 -47.6511 -102.386 -0.0404615
-0.191649 0.461633 320.12 -85.8444 54.0001 0.0354213 0.189766 -0.462292 -320.12 -37.1961 -105.669 -0.0354213
-0.0212092 0.32163 320.1 -65.1377 94.5751 0.0273113 0.0200178 -0.322718 -320.1 -20.6423 -100.827 -0.0273113
0.11053 0.0234348 320.063 -21.8635 123.899 0.0164476 -0.112183 -0.0253169 -320.063 15.4636 -94.9236 -0.0164476
0.151811 -0.517111 320.036 56.1459 136.311 0.00318667 -0.153427 0.514006 -320.036 81.3784 -96.3137 -0.00318667
0.127373 -1.30351 320.041 169.506 132.386 -0.0120729 -0.129539 1.30135 -320.041 177.765 -98.8401 0.0120729
0.0963078 -2.11957 320.058 286.837 115.15 -0.0288932 -0.0983988 2.11916 -320.058 278.198 -89.952 0.0288932
0.0855297 -2.66973 320.076 365.518 86.5827 -0.0467897 -0.0873341 2.66924 -320.076 346.158 -64.4031 0.0467897
0.0603424 -2.76076 320.103 377.951 44.6342 -0.0652479 -0.0616973 2.76117 -320.103 358.111 -29.3748 0.0652479
-0.006893 -2.28258 320.129 308.316 -10.0652 -0.0837591 0.00671552 2.28363 -320.129 300.37 7.07512 0.0837591
-0.118543 -1.22532 320.131 155.171 -73.8793 -0.101832 0.118099 1.2265 -320.131 171.711 40.9835 0.101832
-0.284473 0.248369 320.119 -58.0664 -145.175 -0.11899 0.284003 -0.247466 -320.119 -7.91079 67.8704 0.11899
-0.484326 1.81738 320.104 -285.456 -222.439 -0.134796 0.483863 -1.8175 -320.104 -198.888 91.6751 0.134796
-0.648307 3.10192 320.05 -471.806 -296.945 -0.148891 0.647874 -3.10217 -320.05 -354.959 122.275 0.148891
-0.75896 3.79653 320.025 -572.807 -364.455 -0.161003 0.758756 -3.79737 -320.025 -439.189 160.063 0.161003
-0.863715 3.72381 320.022 -562.932 -427.847 -0.17095 0.863573 -3.725 -320.022 -429.724 195.331 0.17095
-0.995152 2.8742 320.018 -441.297 -488.731 -0.178645 0.995304 -2.8754 -320.018 -324.885 220.963 0.178645
-1.11821 1.40263 320.047 -229.853 -542.528 -0.184089 1.11911 -1.40409 -320.047 -144.103 241.701 0.184089
-1.18366 -0.412927 320.107 31.355 -581.943 -0.187333 1.18491 0.411377 -320.107 78.6325 263.491 0.187333
-1.20684 -2.23423 320.141 293.591 -605.342 -0.188451 1.20859 2.23287 -320.141 301.908 280.551 0.188451
-1.22259 -3.70216 320.178 504.715 -614.124 -0.187544 1.225 3.70121 -320.178 482.13 285.006 0.187544
-1.24871 -4.56563 320.206 628.865 -609.304 -0.184749 1.25046 4.5643 -320.206 588.096 273.332 0.184749
-1.32569 -4.75071 320.204 655.597 -597.078 -0.180218 1.32572 4.74885 -320.204 610.626 240.892 0.180218
-1.47599 -4.32212 320.197 594.121 -585.868 -0.17408 1.47427 4.3205 -320.197 557.891 189.961 0.17408
-1.6363 -3.37609 320.184 458.145 -577.438 -0.16645 1.63308 3.37518 -320.184 441.786 139.107 0.16645
-1.72565 -2.04029 320.14 265.974 -570.447 -0.15746 1.72184 2.03953 -320.14 277.905 108.457 0.15746
-1.74424 -0.494435 320.094 43.0267 -566.624 -0.147264 1.73994 0.493939 -320.094 88.8259 99.7801 0.147264
-1.74501 1.05579 320.053 -180.476 -569.582 -0.136045 1.74228 -1.05566 -320.053 -100.814 102.327 0.136045
-1.68789 2.44288 320.011 -380.327 -568.703 -0.124027 1.68728 -2.44257 -320.011 -270.681 116.379 0.124027
-1.5632 3.44602 319.981 -524.566 -555.465 -0.11146 1.56336 -3.44711 -319.981 -394.026 136.279 0.11146
-1.46619 3.79914 319.958 -575.099 -533.04 -0.0985942 1.46643 -3.80122 -319.958 -437.753 139.748 0.0985942
-1.46708 3.3259 319.98 -506.71 -508.035 -0.0857233 1.46623 -3.32834 -319.98 -380.043 114.739 0.0857233
-1.50309 2.07411 320.04 -326.121 -479.314 -0.0731979 1.50126 -2.07593 -320.04 -226.874 76.663 0.0731979
-1.44856 0.352324 320.119 -77.1899 -440.997 -0.061372 1.44633 -0.352119 -320.119 -16.5793 53.0359 0.061372
-1.26011 -1.34735 320.183 168.77 -393.155 -0.0505459 1.25866 1.34866 -320.183 190.67 55.4038 0.0505459
-0.996987 -2.57331 320.218 346.246 -339.895 -0.0409883 0.996768 2.57538 -320.218 340.084 72.1897 0.0409883
-0.79381 -3.06794 320.231 418.104 -290.835 -0.0329741 0.793388 3.06966 -320.231 400.026 77.4045 0.0329741
-0.718778 -2.79713 320.205 379.431 -251.195 -0.02677 0.718934 2.79856 -320.205 366.472 57.8038 0.02677
-0.676295 -1.92949 320.146 254.602 -212.318 -0.0225844 0.675932 1.92986 -320.146 259.881 30.4522 0.0225844
-0.582866 -0.810003 320.098 93.9406 -169.502 -0.0205185 0.581627 0.808711 -320.098 121.909 12.7883 0.0205185
-0.438049 0.163043 320.046 -45.7066 -124.321 -0.0205624 0.436734 -0.165382 -320.046 2.04067 6.33476 0.0205624
-0.298063 0.713463 320.015 -124.44 -84.4043 -0.0226504 0.296013 -0.715324 -320.015 -65.8831 3.92375 0.0226504
-0.220561 0.810441 320.03 -137.988 -58.2694 -0.0266967 0.218043 -0.811858 -320.03 -78.1268 -1.42488 0.0266967
-0.159939 0.590595 320.063 -106.042 -43.6554 -0.0325559 0.158754 -0.591174 -320.063 -51.3592 -0.030509 0.0325559
-0.0169216 0.250959 320.09 -56.9421 -29.6944 -0.039979 0.0164129 -0.251407 -320.09 -9.90926 24.0283 0.039979
0.171758 -0.0389279 320.121 -15.0424 -16.3941 -0.0486363 -0.171117 0.0387159 -320.121 25.4944 60.8346 0.0486363
0.299554 -0.208176 320.142 9.3366 -9.24818 -0.0581893 -0.297767 0.20716 -320.142 46.1227 87.571 0.0581893
0.336756 -0.289353 320.139 21.0459 -7.0762 -0.0683434 -0.334656 0.288349 -320.139 56.0535 95.2652 0.0683434
0.29325 -0.326428 320.126 26.4094 -8.54088 -0.07882 -0.292165 0.325891 -320.126 60.6348 85.2811 0.07882
0.179259 -0.324177 320.111 26.0373 -16.3885 -0.0892928 -0.179307 0.324146 -320.111 60.4744 62.9144 0.0892928
0.0474774 -0.250454 320.089 15.33 -30.2533 -0.0993992 -0.0479227 0.251554 -320.089 51.6812 41.7106 0.0993992
-0.0739724 -0.0473255 320.06 -14.155 -50.916 -0.108808 0.0721213 0.0488034 -320.06 27.0714 30.164 0.108808
-0.242051 0.331351 320.03 -69.0903 -86.6293 -0.11725 0.239833 -0.329234 -320.03 -18.8468 21.0657 0.11725
-0.43906 0.900192 319.998 -151.687 -135.392 -0.124513 0.438115 -0.898065 -319.998 -87.8767 17.0526 0.124513
-0.594327 1.58082 319.969 -250.594 -186.603 -0.130429 0.593112 -1.57996 -319.969 -170.566 26.7953 0.130429
-0.768742 2.227 319.94 -344.598 -242.912 -0.134851 0.767182 -2.2261 -319.94 -248.798 36.5315 0.134851
-1.00979 2.74408 319.922 -420.093 -306.627 -0.137691 1.00869 -2.74312 -319.922 -311.126 35.8053 0.137691
-1.21736 3.0953 319.923 -471.61 -365.952 -0.138971 1.21652 -3.09419 -319.923 -353.207 39.6402 0.138971
-1.30549 3.2465 319.942 -493.941 -410.118 -0.1388 1.30492 -3.24538 -319.942 -371.177 60.1533 0.1388
-1.31939 3.14934 319.962 -480.369 -441.291 -0.137295 1.31909 -3.14887 -319.962 -358.936 87.4738 0.137295
-1.33225 2.71718 319.996 -418.478 -464.579 -0.134594 1.33217 -2.71763 -319.996 -305.751 107.222 0.134594
-1.34717 1.90761 320.043 -302.079 -479.089 -0.130902 1.34733 -1.90801 -320.043 -206.344 117.667 0.130902
-1.31779 0.791052 320.103 -141.076 -480.431 -0.126459 1.31803 -0.791609 -320.103 -69.7403 126.803 0.126459
-1.24374 -0.450201 320.154 38.1949 -469.615 -0.121489 1.24343 0.450297 -320.154 81.9429 135.797 0.121489
-1.17286 -1.57592 320.186 200.822 -453.59 -0.116212 1.17242 1.57633 -320.186 219.428 138.701 0.116212
-1.10666 -2.37397 320.215 316.121 -434.597 -0.110841 1.1064 2.37434 -320.215 316.851 137.365 0.110841
-0.990474 -2.73628 320.217 368.612 -407.478 -0.105575 0.990944 2.73639 -320.217 360.9 141.166 0.105575
-0.81601 -2.67706 320.19 360.409 -369.823 -0.100575 0.816678 2.67616 -320.19 353.182 150.054 0.100575
-0.650747 -2.30069 320.158 306.614 -326.853 -0.0959512 0.651388 2.29955 -320.158 306.618 151.229 0.0959512
-0.52575 -1.70593 320.121 221.348 -281.645 -0.0917696 0.526692 1.705 -320.121 233.372 139.417 0.0917696
-0.405891 -0.934041 320.081 110.83 -232.591 -0.0880628 0.4062 0.934037 -320.081 138.257 122.533 0.0880628
-0.273962 -0.00769243 320.051 -21.7995 -181.142 -0.084819 0.273876 0.00788957 -320.051 23.9852 106.447 0.084819
-0.127968 1.0097 320.028 -167.647 -129.673 -0.0819772 0.127885 -1.00887 -320.028 -101.28 94.0305 0.0819772
0.0227815 2.02513 320.01 -313.273 -80.8881 -0.0794538 -0.0231937 -2.02365 -320.01 -226.241 85.5987 0.0794538
0.168655 2.89495 320.004 -438.173 -36.309 -0.0771679 -0.168187 -2.89429 -320.004 -333.311 79.8964 0.0771679
0.332019 3.42192 320.011 -513.81 8.11951 -0.075038 -0.330631 -3.42103 -320.011 -398.112 78.9894 0.075038
0.482134 3.49836 320.009 -524.395 51.5333 -0.0729777 -0.480879 -3.49686 -320.009 -407.822 75.7049 0.0729777
0.561486 3.15209 320.027 -474.04 89.7183 -0.070905 -0.559633 -3.15057 -320.027 -365.875 58.6973 0.070905
0.603877 2.46341 320.055 -374.127 126.928 -0.0687565 -0.601599 -2.46198 -320.055 -282.227 32.8445 0.0687565
0.621528 1.54997 320.065 -241.792 163.259 -0.0664902 -0.620967 -1.54901 -320.065 -171.14 1.5674 0.0664902
0.546833 0.563537 320.074 -99.0387 187.822 -0.0640787 -0.547133 -0.562778 -320.074 -50.9794 -42.6757 0.0640787
0.404233 -0.324227 320.087 29.3858 198.124 -0.0615228 -0.40546 0.324716 -320.087 57.2005 -90.7727 0.0615228
0.270775 -0.951197 320.079 119.714 197.059 -0.0588662 -0.273064 0.951457 -320.079 133.967 -125.091 0.0588662
0.170698 -1.19793 320.043 155.106 184.703 -0.0561816 -0.172623 1.19861 -320.043 164.4 -139.464 0.0561816
0.0802194 -0.987926 320.016 124.533 159.662 -0.0535716 -0.0823686 0.988609 -320.016 138.995 -138.563 0.0535716
-0.0265459 -0.359743 319.992 33.4037 122.091 -0.0511971 0.0255363 0.360085 -319.992 62.6321 -129.69 0.0511971
-0.109566 0.497568 319.956 -90.7843 81.2492 -0.0492675 0.109527 -0.498119 -319.956 -41.8218 -111.215 0.0492675
-0.142353 1.32095 319.931 -210.094 45.2052 -0.047995 0.142896 -1.32187 -319.931 -142.04 -84.101 0.047995
-0.175763 1.87986 319.936 -291.19 12.7237 -0.0475706 0.176168 -1.88082 -319.936 -209.931 -60.6082 0.0475706
-0.256454 2.03437 319.965 -313.853 -20.0822 -0.0481704 0.25626 -2.03555 -319.965 -228.481 -49.3181 0.0481704
-0.351485 1.77552 319.999 -276.797 -52.6489 -0.0499503 0.351101 -1.77555 -319.999 -196.384 -42.1406 0.0499503
-0.374874 1.25258 320.054 -201.677 -78.7926 -0.0530122 0.374786 -1.25189 -320.054 -132.012 -22.3631 0.0530122
-0.309415 0.668796 320.109 -117.797 -96.6935 -0.0573652 0.309745 -0.667875 -320.109 -60.2481 12.8299 0.0573652
-0.22424 0.20388 320.14 -50.9806 -110.809 -0.0629283 0.225386 -0.202261 -320.14 -3.04318 49.4469 0.0629283
-0.174593 -0.0061492 320.152 -20.9302 -123.394 -0.0695644 0.176297 0.00762413 -320.152 22.873 75.1204 0.0695644
-0.148113 0.084303 320.146 -34.1034 -130.885 -0.0770912 0.150316 -0.0826905 -320.146 11.9539 89.5654 0.0770912
-0.0876924 0.452064 320.114 -87.0674 -126.002 -0.0852533 0.0904383 -0.450101 -320.114 -33.0655 100.711 0.0852533
0.0283914 1.03293 320.067 -170.547 -105.631 -0.0937096 -0.0259312 -1.03096 -320.067 -104.421 111.352 0.0937096
0.138385 1.71139 320.021 -267.955 -76.9175 -0.102072 -0.136801 -1.70945 -320.021 -187.867 112.141 0.102072
0.208438 2.35285 319.978 -360.057 -46.1763 -0.109967 -0.206974 -2.35089 -319.978 -266.751 100.179 0.109967
0.289719 2.8332 319.941 -429.004 -12.0012 -0.117052 -0.288853 -2.83148 -319.941 -325.879 87.845 0.117052
0.398566 3.05499 319.923 -460.731 23.5709 -0.123001 -0.398493 -3.05346 -319.923 -353.298 81.4793 0.123001
0.497845 2.97717 319.926 -449.187 53.7296 -0.127508 -0.497464 -2.97556 -319.926 -344.088 77.8121 0.127508
0.587663 2.64662 319.951 -401.193 77.8234 -0.130336 -0.58693 -2.64474 -319.951 -303.935 77.6617 0.130336
0.646014 2.16579 319.992 -331.528 94.127 -0.131353 -0.64563 -2.1639 -319.992 -245.431 76.99 0.131353
0.613482 1.65122 320.033 -257.125 96.1972 -0.130523 -0.613277 -1.64933 -320.033 -182.669 66.29 0.130523
0.500679 1.18369 320.071 -189.734 84.1636 -0.127886 -0.500651 -1.1825 -320.071 -125.531 48.2795 0.127886
0.385863 0.753594 320.102 -128.024 65.5377 -0.123544 -0.385609 -0.753852 -320.102 -72.7871 36.2468 0.123544
0.319274 0.280327 320.115 -60.1451 46.9954 -0.117648 -0.318267 -0.281447 -320.115 -14.6268 36.8943 0.117648
0.268346 -0.275274 320.119 19.6544 29.2133 -0.110401 -0.267133 0.273847 -320.119 53.6342 41.0243 0.110401
0.16634 -0.870049 320.123 105.091 9.27233 -0.102077 -0.164769 0.868535 -320.123 126.729 33.6917 0.102077
0.0317009 -1.3675 320.117 176.625 -8.61196 -0.0930146 -0.0296851 1.36739 -320.117 187.983 15.6149 0.0930146
-0.0766475 -1.54301 320.1 201.853 -17.8966 -0.0835625 0.0779314 1.54419 -320.1 209.71 -3.8735 0.0835625
-0.161598 -1.2254 320.077 156.061 -20.1 -0.0740623 0.16242 1.22684 -320.077 170.876 -24.2215 0.0740623
-0.218916 -0.427632 320.041 41.1178 -16.1384 -0.0648595 0.219801 0.428901 -320.041 73.1431 -43.4231 0.0648595
-0.218651 0.686512 319.995 -119.264 -3.52176 -0.0563101 0.21912 -0.685326 -319.995 -63.4719 -55.8564 0.0563101
-0.18265 1.90401 319.953 -294.549 15.1304 -0.0487471 0.18279 -1.90272 -319.953 -212.708 -64.8035 0.0487471
-0.136641 3.01732 319.932 -455.157 37.1721 -0.0424399 0.136769 -3.01604 -319.932 -348.864 -74.5109 0.0424399
-0.0584592 3.83377 319.898 -572.831 63.691 -0.0375848 0.0590055 -3.83265 -319.898 -448.844 -80.1762 0.0375848
0.0847305 4.21549 319.89 -627.658 98.1403 -0.0342995 -0.0840701 -4.21458 -319.89 -495.796 -76.4052 0.0342995
0.25599 4.08605 319.916 -608.611 137.161 -0.0326154 -0.255276 -4.08569 -319.916 -480.414 -69.7145 0.0326154
0.40622 3.44633 319.95 -515.751 175.56 -0.0324999 -0.405235 -3.44615 -319.95 -402.778 -68.0322 0.0324999
0.548281 2.42058 319.996 -367.054 213.893 -0.0338728 -0.547097 -2.41977 -319.996 -277.97 -68.451 0.0338728
0.713854 1.23716 320.059 -195.649 254.389 -0.0365842 -0.712532 -1.23627 -320.059 -133.914 -64.7602 0.0365842
0.895908 0.142202 320.116 -37.0891 295.419 -0.0404126 -0.894409 -0.140774 -320.116 -0.532092 -57.221 0.0404126
1.06596 -0.639577 320.147 76.1662 333.564 -0.0451085 -1.06429 0.6415 -320.147 94.6675 -49.9971 0.0451085
1.19421 -0.968118 320.14 123.795 364.976 -0.0504249 -1.19286 0.969589 -320.14 134.553 -47.1227 0.0504249
1.26085 -0.880019 320.123 111.118 385.528 -0.056111 -1.26006 0.880524 -320.123 123.617 -49.7904 0.056111
1.28633 -0.528491 320.091 60.3552 394.516 -0.0619097 -1.28557 0.528747 -320.091 80.6437 -51.958 0.0619097
1.31583 -0.0675164 320.043 -6.28671 394.806 -0.0675642 -1.31507 0.0676045 -320.043 24.3866 -44.3933 0.0675642
1.33718 0.379604 320.002 -71.0075 385.046 -0.0728316 -1.33652 -0.379704 -320.002 -30.1011 -28.9718 0.0728316
1.28373 0.727666 319.98 -121.524 359.009 -0.077514 -1.28322 -0.727656 -319.98 -72.3485 -17.2306 0.077514
1.13495 0.950971 319.975 -154.063 315.148 -0.0814867 -1.13449 -0.950806 -319.975 -99.3117 -13.1195 0.0814867
0.933272 1.07022 319.982 -171.806 257.544 -0.0846839 -0.93289 -1.0701 -319.982 -113.36 -9.38547 0.0846839
0.727405 1.10222 320.004 -177.027 192.05 -0.087068 -0.727111 -1.10222 -320.004 -116.683 1.09307 0.087068
0.509927 1.05086 320.038 -170.236 119.342 -0.0886331 -0.509597 -1.05114 -320.038 -109.819 15.6515 0.0886331
0.271992 0.907194 320.082 -150.489 41.8652 -0.0894347 -0.271319 -0.907644 -320.082 -91.2909 29.4737 0.0894347
0.0223635 0.64567 320.111 -113.855 -36.5361 -0.0895973 -0.0215723 -0.646571 -320.111 -58.2708 41.1313 0.0895973
-0.224677 0.249218 320.13 -57.6511 -111.937 -0.0892843 0.225567 -0.250134 -320.13 -8.79578 50.4896 0.0892843
-0.451242 -0.230574 320.151 10.6083 -180.595 -0.088667 0.452333 0.230318 -320.151 50.9283 58.5654 0.088667
-0.646855 -0.682865 320.159 74.8177 -239.694 -0.0879169 0.647665 0.682678 -320.159 107.293 65.4198 0.0879169
-0.827476 -0.998764 320.139 119.518 -289.92 -0.0872137 0.828004 0.999116 -320.139 146.872 67.4263 0.0872137
-0.987732 -1.08231 320.121 131.082 -330.966 -0.0867477 0.988294 1.08303 -320.121 157.628 65.6676 0.0867477
-1.08257 -0.878343 320.09 101.309 -357.72 -0.0866975 1.08311 0.878937 -320.09 133.016 67.0897 0.0866975
-1.1054 -0.405569 320.051 32.9095 -369.002 -0.0871924 1.10591 0.406424 -320.051 75.4283 72.2627 0.0871924
-1.08467 0.257872 320.019 -62.7949 -367.015 -0.0883017 1.08533 -0.257539 -320.019 -5.78314 75.7857 0.0883017
-1.03247 0.976435 319.996 -166.143 -352.462 -0.0900534 1.03316 -0.976365 -319.996 -94.0107 75.1815 0.0900534
-0.934931 1.61406 319.97 -257.605 -323.815 -0.0924403 0.935719 -1.61387 -319.97 -172.497 72.5914 0.0924403
-0.777706 2.07059 319.962 -322.741 -280.176 -0.095398 0.778681 -2.07062 -319.962 -229.084 70.9349 0.095398
-0.571291 2.27551 319.974 -351.364 -223.362 -0.0987915 0.572063 -2.27542 -319.974 -255.072 69.2922 0.0987915
-0.359237 2.20847 319.994 -340.686 -159.761 -0.102432 0.359586 -2.20827 -319.994 -247.868 62.4157 0.102432
-0.16073 1.88911 320.023 -293.746 -94.7262 -0.106101 0.16104 -1.88921 -320.023 -209.721 50.452 0.106101
0.0497946 1.34885 320.06 -215.06 -29.0303 -0.109563 -0.0496622 -1.34915 -320.06 -144.425 41.0467 0.109563
0.285236 0.654011 320.089 -114.075 36.4393 -0.112563 -0.284982 -0.654296 -320.089 -60.194 38.4565 0.112563
0.522021 -0.0847515 320.116 -6.74528 98.2187 -0.114828 -0.521364 0.0846011 -320.116 29.416 39.8614 0.114828
0.719244 -0.738585 320.133 88.185 151.541 -0.116097 -0.718608 0.73856 -320.133 108.786 39.2206 0.116097
0.849234 -1.19982 320.142 155.161 193.046 -0.116153 -0.84837 1.19978 -320.142 164.754 32.4303 0.116153
0.927963 -1.40313 320.131 184.856 223.763 -0.114826 -0.927122 1.40319 -320.131 189.264 22.7795 0.114826
0.96016 -1.31848 320.101 172.89 242.694 -0.11199 -0.959859 1.31861 -320.101 178.676 12.5601 0.11199
0.936117 -0.967144 320.072 122.26 247.371 -0.107579 -0.935846 0.967043 -320.072 135.622 1.50869 0.107579
0.874708 -0.449485 320.045 47.4051 239.42 -0.101612 -0.874447 0.448622 -320.045 72.3887 -6.90733 0.101612
0.783706 0.0787949 320.014 -29.0626 220.127 -0.094201 -0.783694 -0.0799638 -320.014 7.99863 -11.8669 0.094201
0.647331 0.472434 319.995 -86.2536 188.721 -0.0855499 -0.647114 -0.47412 -319.995 -39.8062 -16.8945 0.0855499
0.493944 0.614419 320.001 -107.063 150.425 -0.0759391 -0.493182 -0.616446 -320.001 -56.8886 -19.6315 0.0759391
0.351623 0.468328 320.029 -86.2789 111.074 -0.0657156 -0.350831 -0.469862 -320.029 -38.6641 -18.3056 0.0657156
0.204068 0.13181 320.074 -38.235 72.0779 -0.0552811 -0.203098 -0.132214 -320.074 3.14594 -18.7497 0.0552811
0.0457748 -0.230242 320.114 13.4305 34.6663 -0.0450828 -0.0444566 0.230199 -320.114 48.0381 -23.6533 0.0450828
-0.0833766 -0.490138 320.15 50.4686 4.61322 -0.0355956 0.0847626 0.49036 -320.15 80.3141 -28.0941 0.0355956
-0.184772 -0.579524 320.173 63.0444 -17.4993 -0.0272809 0.185403 0.57996 -320.173 91.5941 -32.9483 0.0272809
-0.290892 -0.498712 320.169 51.094 -35.6673 -0.0205507 0.291272 0.498492 -320.169 81.9164 -43.055 0.0205507
-0.375833 -0.326946 320.144 26.1423 -48.4884 -0.0157671 0.376023 0.326415 -320.144 61.0413 -52.8598 0.0157671
-0.397815 -0.155754 320.112 1.39077 -52.8776 -0.0132278 0.397641 0.155012 -320.112 40.1319 -54.2866 0.0132278
-0.370085 -0.0663508 320.076 -11.5254 -50.8831 -0.0131275 0.369873 0.0648605 -320.076 29.1171 -48.888 0.0131275
-0.324554 -0.105721 320.044 -5.7497 -45.9257 -0.0155485 0.324319 0.104718 -320.044 33.9007 -41.7072 0.0155485
-0.263875 -0.205818 320.026 8.83746 -38.4906 -0.020477 0.264004 0.205787 -320.026 46.1247 -33.0156 0.020477
-0.171946 -0.250774 320.02 15.4326 -27.0331 -0.0277944 0.172227 0.250532 -320.02 51.4844 -19.9864 0.0277944
-0.0534523 -0.205193 320.02 9.02578 -11.8993 -0.0372655 0.0539507 0.204723 -320.02 45.7105 -3.55815 0.0372655
0.0725544 -0.0959483 320.029 -6.51825 5.20505 -0.0485546 -0.071785 0.0953331 -320.029 32.1145 12.8996 0.0485546
0.195761 0.046385 320.045 -26.7934 23.1882 -0.061249 -0.194913 -0.0468963 -320.045 14.4627 27.7626 0.061249
0.311001 0.193623 320.062 -47.778 40.9665 -0.0748736 -0.310039 -0.194128 -320.062 -3.8001 40.705 0.0748736
0.405802 0.311242 320.08 -64.5184 56.2019 -0.0889075 -0.405183 -0.311744 -320.08 -18.412 50.802 0.0889075
0.464313 0.377606 320.095 -73.925 65.547 -0.102807 -0.46384 -0.377713 -320.095 -26.6431 57.083 0.102807
0.489661 0.398539 320.104 -76.9135 67.4518 -0.116031 -0.48936 -0.398543 -320.104 -29.2207 61.9541 0.116031
0.483487 0.376266 320.104 -73.8217 60.5451 -0.128065 -0.48356 -0.376445 -320.104 -26.3984 67.2414 0.128065
0.442618 0.309912 320.099 -64.4881 43.7677 -0.13845 -0.442331 -0.309955 -320.099 -18.026 73.0316 0.13845
0.385643 0.228226 320.089 -53.044 19.9715 -0.146794 -0.384967 -0.228111 -320.089 -7.67406 81.5245 0.146794
0.298808 0.190754 320.076 -48.0157 -10.4276 -0.152789 -0.29854 -0.19024 -320.076 -2.65962 88.755 0.152789
0.142612 0.265976 320.059 -59.303 -50.3617 -0.15622 -0.142263 -0.265142 -320.059 -11.3795 86.9616 0.15622
-0.0511445 0.502034 320.037 -93.8345 -95.9512 -0.15699 0.0516701 -0.500865 -320.037 -39.7254 80.7954 0.15699
-0.220045 0.910155 320.018 -153.227 -140.014 -0.155112 0.220511 -0.9086 -320.018 -89.0684 79.7567 0.155112
-0.358661 1.42299 319.998 -227.765 -180.148 -0.150695 0.359215 -1.42217 -319.998 -151.327 82.8453 0.150695
-0.49405 1.87391 319.977 -293.369 -216.733 -0.143945 0.494697 -1.87376 -319.977 -206.008 83.2569 0.143945
-0.626552 2.09842 319.965 -326.168 -247.453 -0.135177 0.627252 -2.09813 -319.965 -233.036 78.5964 0.135177
-0.725258 2.02316 319.977 -315.614 -267.766 -0.124789 0.726236 -2.02317 -319.977 -223.567 72.5279 0.124789
-0.757503 1.63626 320.002 -259.907 -273.002 -0.113228 0.758682 -1.63649 -320.002 -176.171 69.1327 0.113228
-0.731176 0.996097 320.038 -167.42 -262.739 -0.100957 0.732396 -0.996101 -320.038 -97.9868 65.9016 0.100957
-0.689268 0.23273 320.088 -57.0427 -241.199 -0.0884552 0.690131 -0.232876 -320.088 -4.90204 55.6336 0.0884552
-0.64666 -0.509782 320.137 50.4405 -211.283 -0.0762056 0.647433 0.509579 -320.137 85.5295 37.1727 0.0762056
-0.561208 -1.09699 320.173 135.576 -170.99 -0.0646668 0.56207 1.09692 -320.173 156.935 19.7526 0.0646668
-0.40055 -1.41781 320.184 182.385 -118.533 -0.0542288 0.401437 1.41777 -320.184 195.647 10.2422 0.0542288
-0.195166 -1.41652 320.172 182.995 -57.2616 -0.0451918 0.195989 1.41647 -320.172 194.689 3.8663 0.0451918
-0.00268333 -1.10049 320.146 138.317 6.25959 -0.0377806 0.0033418 1.10045 -320.146 155.126 -8.16893 0.0377806
0.159407 -0.537625 320.095 58.0906 67.9777 -0.0321598 -0.159012 0.537558 -320.095 85.3092 -26.4803 0.0321598
0.325765 0.159611 320.037 -41.5066 128.749 -0.0284176 -0.325467 -0.159752 -320.037 -0.960339 -42.734 0.0284176
0.532113 0.860371 320.009 -142.101 190.752 -0.0265398 -0.531889 -0.860552 -320.009 -87.1665 -49.5799 0.0265398
0.743826 1.43359 319.964 -224.36 248.2 -0.0264212 -0.743652 -1.4336 -319.964 -157.683 -50.4642 0.0264212
0.907152 1.80234 319.937 -277.237 294.534 -0.0279106 -0.90709 -1.80211 -319.937 -203.068 -53.1464 0.0279106
1.00023 1.93235 319.951 -295.759 325.956 -0.0308399 -1.00024 -1.93209 -319.951 -219.198 -59.6734 0.0308399
1.04847 1.82336 319.976 -279.822 343.515 -0.035016 -1.04849 -1.82311 -319.976 -206.083 -64.3302 0.035016
1.07593 1.49329 320 -232.066 348.616 -0.0402017 -1.07597 -1.49348 -320 -165.916 -62.1019 0.0402017
1.06742 0.977806 320.045 -157.65 339.535 -0.0461306 -1.06751 -0.978148 -320.045 -102.945 -55.3149 0.0461306
0.99582 0.346092 320.09 -66.5974 314.164 -0.0525482 -0.995907 -0.346519 -320.09 -25.6201 -49.0954 0.0525482
0.859772 -0.308436 320.12 27.5884 273.102 -0.0592352 -0.859863 0.307784 -320.12 54.6352 -44.3929 0.0592352
0.685467 -0.876211 320.145 109.029 219.73 -0.0659935 -0.68555 0.876015 -320.145 124.602 -37.609 0.0659935
0.503685 -1.22737 320.159 158.875 158.628 -0.0726277 -0.503554 1.22764 -320.159 168.424 -25.142 0.0726277
0.316974 -1.26784 320.143 163.684 91.8015 -0.0789528 -0.316712 1.26812 -320.143 174.407 -8.27087 0.0789528
0.110827 -0.983395 320.114 121.681 20.0744 -0.0848227 -0.110498 0.983948 -320.114 140.627 8.32123 0.0848227
-0.120559 -0.412439 320.081 38.3752 -54.979 -0.0901468 0.120915 0.413291 -320.081 71.7821 21.5191 0.0901468
-0.356106 0.360414 320.044 -73.8658 -129.113 -0.0948786 0.35623 -0.359395 -320.044 -21.9633 32.7276 0.0948786
-0.576212 1.19958 320.011 -195.821 -200.307 -0.0989928 0.576298 -1.19882 -320.011 -123.727 45.0937 0.0989928
-0.7581 1.9318 319.982 -302.396 -264.925 -0.10248 0.758164 -1.93118 -319.982 -212.349 61.0775 0.10248
-0.900283 2.41491 319.962 -372.904 -320.777 -0.105359 0.90036 -2.41425 -319.962 -270.611 78.8875 0.105359
-1.01741 2.56659 319.974 -395.513 -367.921 -0.107684 1.01752 -2.5663 -319.974 -288.482 94.6846 0.107684
-1.11203 2.34811 319.999 -364.589 -405.535 -0.109527 1.11212 -2.34819 -319.999 -261.214 106.978 0.109527
-1.17161 1.79213 320.026 -284.797 -432.221 -0.110958 1.17181 -1.79209 -320.026 -192.787 117.689 0.110958
-1.18763 1.0147 320.07 -172.927 -446.921 -0.112035 1.18789 -1.01474 -320.07 -97.4359 128.055 0.112035
-1.17304 0.158721 320.126 -49.4661 -451.135 -0.112807 1.17332 -0.158946 -320.126 7.24668 136.127 0.112807
-1.14473 -0.630631 320.15 64.4893 -446.505 -0.113325 1.14483 0.630606 -320.15 103.727 139.066 0.113325
-1.11388 -1.2167 320.167 149.176 -435.313 -0.113638 1.1138 1.21676 -320.167 175.273 136.143 0.113638
-1.06108 -1.50746 320.178 191.327 -416.987 -0.113784 1.06119 1.5075 -320.178 210.623 131.908 0.113784
-0.957904 -1.47605 320.16 187.095 -389.198 -0.113774 0.958142 1.4762 -320.16 206.497 131.663 0.113774
-0.81959 -1.14548 320.124 139.785 -353.271 -0.113591 0.819842 1.14571 -320.124 165.699 132.678 0.113591
-0.683601 -0.582556 320.086 59.0202 -312.997 -0.113206 0.684081 0.582847 -320.086 96.4184 128.717 0.113206
-0.56027 0.103241 320.049 -39.0844 -270.26 -0.112588 0.560725 -0.103041 -320.049 11.7035 118.97 0.112588
-0.431245 0.785961 319.999 -136.773 -223.62 -0.111693 0.431537 -0.786069 -319.999 -72.6362 106.868 0.111693
-0.295137 1.33434 319.967 -215.046 -174.377 -0.110451 0.295418 -1.33452 -319.967 -140.55 94.0363 0.110451
-0.160399 1.66189 319.968 -261.514 -124.96 -0.108778 0.16041 -1.66219 -319.968 -181.411 80.6993 0.108778
-0.0445654 1.729 319.975 -270.537 -78.6012 -0.106605 0.044471 -1.72939 -319.975 -190.291 65.3538 0.106605
0.048129 1.569 319.999 -246.896 -37.2474 -0.103889 -0.0482096 -1.56867 -319.999 -171.187 48.8198 0.103889
0.128441 1.28635 320.035 -205.671 -0.731992 -0.100612 -0.128504 -1.28577 -320.035 -137.037 33.8094 0.100612
0.198005 0.98421 320.073 -161.678 30.7612 -0.0967719 -0.197997 -0.983551 -320.073 -100.483 20.9345 0.0967719
0.247072 0.736541 320.096 -125.57 56.2174 -0.0923866 -0.247066 -0.735514 -320.096 -70.5243 8.62904 0.0923866
0.268344 0.583096 320.106 -103.2 74.8287 -0.0875119 -0.268309 -0.582463 -320.106 -52.0453 -4.25715 0.0875119
0.271584 0.494101 320.106 -90.2086 87.7041 -0.0822461 -0.271496 -0.49389 -320.106 -41.3712 -16.2302 0.0822461
0.268802 0.417699 320.093 -79.0582 96.2194 -0.076718 -0.268813 -0.417377 -320.093 -32.1415 -25.4416 0.076718
0.253744 0.331622 320.071 -66.609 99.645 -0.0710732 -0.253959 -0.331497 -320.071 -21.6724 -32.8354 0.0710732
0.220157 0.223256 320.052 -51.0307 97.0296 -0.0654727 -0.220404 -0.22331 -320.052 -8.38855 -39.1646 0.0654727
0.17822 0.101938 320.037 -33.6346 89.131 -0.0600978 -0.178534 -0.101734 -320.037 6.58826 -42.4482 0.0600978
0.133365 0.0131174 320.027 -21.0201 76.34 -0.0551431 -0.133777 -0.0129127 -320.027 17.6504 -41.6295 0.0551431
0.082809 -0.00327829 320.024 -18.9338 58.5516 -0.0508009 -0.0830828 0.00338822 -320.024 19.9225 -37.3803 0.0508009
0.0281421 0.0635873 320.029 -28.9143 36.6169 -0.0472508 -0.0283582 -0.0635727 -320.029 12.0675 -30.0825 0.0472508
-0.0343295 0.203553 320.037 -49.478 10.9998 -0.044652 0.0341002 -0.203579 -320.037 -4.68253 -21.1831 0.044652
-0.109952 0.387804 320.049 -76.4646 -18.1433 -0.043136 0.109752 -0.387905 -320.049 -26.8185 -12.2757 0.043136
-0.190179 0.565976 320.065 -102.53 -49.1646 -0.042801 0.189964 -0.566241 -320.065 -48.2672 -2.71762 0.042801
-0.26495 0.684364 320.076 -119.969 -80.7239 -0.043703 0.264757 -0.68455 -320.076 -62.3743 8.82298 0.043703
-0.331735 0.71681 320.087 -125.013 -112.025 -0.0458484 0.331563 -0.716713 -320.087 -65.9405 22.2316 0.0458484
-0.397934 0.665681 320.102 -118.074 -143.282 -0.0491971 0.397775 -0.665573 -320.102 -59.2477 35.752 0.0491971
-0.467738 0.53841 320.108 -100.172 -174.297 -0.0536709 0.46759 -0.53827 -320.108 -43.2187 48.0717 0.0536709
-0.535823 0.345941 320.109 -72.8905 -204.118 -0.0591568 0.535723 -0.345974 -320.109 -19.2178 59.6548 0.0591568
-0.593503 0.10621 320.11 -38.77 -231.451 -0.0655071 0.593449 -0.106349 -320.11 10.5509 71.5287 0.0655071
-0.642513 -0.146745 320.106 -2.70122 -255.94 -0.0725452 0.642421 0.146606 -320.106 41.9107 82.8868 0.0725452
-0.692603 -0.364482 320.099 28.2764 -278.29 -0.0800757 0.69246 0.364269 -320.099 68.9642 91.8277 0.0800757
-0.744287 -0.496434 320.09 46.9471 -298.592 -0.0878926 0.744157 0.496415 -320.09 85.493 98.2968 0.0878926
-0.786546 -0.496517 320.079 46.6746 -315.809 -0.0957823 0.786387 0.49657 -320.079 85.798 104.208 0.0957823
-0.816277 -0.347425 320.067 24.9654 -329.601 -0.103524 0.816079 0.347477 -320.067 67.7656 110.044 0.103524
-0.840593 -0.0691632 320.054 -15.2987 -340.529 -0.110899 0.840377 0.0692994 -320.054 33.8682 114.466 0.110899
-0.862135 0.286549 320.044 -66.6777 -348.602 -0.117697 0.861924 -0.286557 -320.044 -9.59014 116.78 0.117697
-0.874298 0.642544 320.038 -118.046 -352.865 -0.123736 0.874117 -0.64263 -320.038 -53.126 117.789 0.123736
-0.871664 0.920361 320.038 -158.081 -352.536 -0.128852 0.871478 -0.920437 -320.038 -87.1445 118.166 0.128852
-0.855177 1.06306 320.046 -178.565 -347.547 -0.13291 0.855019 -1.06319 -320.046 -104.704 117.58 0.13291
-0.825145 1.04599 320.06 -175.927 -337.805 -0.135807 0.825064 -1.04598 -320.06 -102.775 115.857 0.135807
-0.780246 0.885437 320.078 -152.534 -323.186 -0.137482 0.780198 -0.885345 -320.078 -83.361 113.234 0.137482
-0.722647 0.62639 320.093 -114.882 -304.124 -0.137913 0.722618 -0.626295 -320.093 -51.9616 109.566 0.137913
-0.657652 0.327081 320.104 -71.3665 -281.664 -0.137109 0.657566 -0.326953 -320.104 -15.6899 104.49 0.137109
-0.58877 0.0470821 320.108 -30.6364 -256.994 -0.135117 0.588672 -0.0471035 -320.108 18.1954 98.2416 0.135117
-0.513566 -0.167117 320.101 0.621365 -230.674 -0.132011 0.513472 0.167051 -320.101 44.0274 92.0302 0.132011
-0.433123 -0.277846 320.088 17.0026 -203.499 -0.12789 0.433007 0.277873 -320.088 57.1733 86.3654 0.12789
-0.356971 -0.254488 320.072 14.0319 -177.166 -0.122877 0.356866 0.254657 -320.072 53.9356 80.3956 0.122877
-0.291455 -0.0926313 320.052 -8.96206 -152.85 -0.117111 0.291348 0.0928191 -320.052 33.7867 73.6067 0.117111
-0.237141 0.176802 320.032 -47.4929 -130.946 -0.110745 0.237018 -0.176559 -320.032 0.504213 66.2436 0.110745
-0.194961 0.496849 320.021 -93.3772 -111.978 -0.103937 0.194777 -0.496635 -320.021 -38.9276 58.5832 0.103937
-0.165817 0.794266 320.016 -136.037 -96.2703 -0.0968514 0.165593 -0.794172 -320.016 -75.5636 50.6979 0.0968514
-0.147903 0.999964 320.019 -165.502 -83.8463 -0.0896519 0.147667 -0.99985 -320.019 -100.927 43.0912 0.0896519
-0.13837 1.07253 320.031 -175.825 -74.5165 -0.0825011 0.138117 -1.07246 -320.031 -109.953 36.3361 0.0825011
-0.138471 1.00143 320.051 -165.49 -68.4079 -0.0755561 0.13819 -1.00142 -320.051 -101.344 30.2266 0.0755561
-0.150621 0.804221 320.072 -137.026 -65.7381 -0.0689663 0.150328 -0.80424 -320.072 -77.2444 24.3332 0.0689663
-0.172008 0.524114 320.092 -96.6629 -66.1822 -0.0628717 0.171737 -0.52417 -320.092 -42.9471 19.0785 0.0628717
-0.197735 0.218919 320.108 -52.7309 -69.149 -0.0574003 0.197462 -0.218989 -320.108 -5.52836 15.1853 0.0574003
-0.227315 -0.0527178 320.116 -13.6673 -74.3746 -0.0526655 0.227045 0.0526452 -320.116 27.8151 12.5168 0.0526655
-0.261388 -0.244085 320.115 13.8026 -81.5995 -0.048767 0.261185 0.243986 -320.115 51.3526 10.6364 0.048767
-0.29602 -0.330446 320.106 26.1303 -89.951 -0.0457885 0.295874 0.330335 -320.106 62.0438 9.73187 0.0457885
-0.328338 -0.310684 320.092 23.1672 -98.6005 -0.0437923 0.328211 0.310565 -320.092 59.7384 9.74609 0.0437923
-0.358822 -0.204587 320.075 7.77059 -107.093 -0.0428177 0.358722 0.204455 -320.075 46.8524 10.0918 0.0428177
-0.385112 -0.0471505 320.059 -15.0077 -114.748 -0.0428822 0.385052 0.0470082 -320.059 27.6634 10.7174 0.0428822
-0.402551 0.121214 320.047 -39.3426 -120.738 -0.0439821 0.402504 -0.121352 -320.047 7.11995 12.0444 0.0439821
-0.40968 0.265906 320.041 -60.2347 -124.648 -0.0460902 0.409629 -0.265996 -320.041 -10.5505 14.0437 0.0460902
-0.407839 0.365554 320.041 -74.6099 -126.484 -0.0491561 0.407807 -0.365629 -320.041 -22.7352 16.361 0.0491561
-0.394623 0.412166 320.049 -81.3138 -125.933 -0.053108 0.394677 -0.41223 -320.049 -28.4548 19.3179 0.053108
-0.365251 0.411145 320.06 -81.1177 -122.377 -0.0578548 0.36542 -0.411187 -320.06 -28.3757 23.5765 0.0578548
-0.322655 0.378995 320.074 -76.4047 -115.944 -0.063287 0.322861 -0.379035 -320.074 -24.5188 28.4982 0.063287
-0.277412 0.336837 320.087 -70.2281 -107.725 -0.0692791 0.277628 -0.336867 -320.087 -19.4567 32.3484 0.0692791
-0.235257 0.30414 320.096 -65.4051 -98.6777 -0.0756932 0.23542 -0.304158 -320.096 -15.5628 34.5607 0.0756932
-0.19125 0.29268 320.1 -63.6374 -88.9659 -0.0823813 0.191425 -0.292709 -320.1 -14.2774 36.5947 0.0823813
-0.14057 0.303321 320.098 -65.0512 -78.7611 -0.0891853 0.140686 -0.303349 -320.098 -15.7002 39.9233 0.0891853
-0.0917112 0.328348 320.09 -68.5506 -69.5236 -0.0959385 0.091728 -0.32837 -320.09 -18.8716 43.7365 0.0959385
-0.0562267 0.355431 320.077 -72.3773 -63.0166 -0.102472 0.0562268 -0.355451 -320.077 -22.2639 46.6997 0.102472
-0.031281 0.371327 320.062 -74.6267 -59.4278 -0.108623 0.0313358 -0.371345 -320.062 -24.2517 49.7559 0.108623
-0.0108782 0.365652 320.047 -73.8009 -58.3862 -0.11423 0.01092 -0.36569 -320.047 -23.5675 54.1496 0.11423
-0.000850075 0.331461 320.037 -68.9082 -60.5135 -0.119141 0.000907246 -0.331585 -320.037 -19.3576 58.9354 0.119141
-0.0077979 0.267549 320.032 -59.7719 -66.3538 -0.123214 0.00791468 -0.267704 -320.032 -11.4615 62.8963 0.123214
-0.0297684 0.187988 320.034 -48.4113 -75.5238 -0.126327 0.0298976 -0.188047 -320.034 -1.60117 66.1828 0.126327
-0.0640362 0.123018 320.042 -39.1887 -87.5814 -0.128383 0.0641526 -0.122988 -320.042 6.50682 69.0768 0.128383
-0.109759 0.101616 320.053 -36.2798 -102.236 -0.129311 0.109876 -0.101589 -320.053 9.30291 71.5078 0.129311
-0.165218 0.138615 320.065 -41.8119 -119.044 -0.129065 0.165305 -0.138548 -320.065 4.97853 73.4979 0.129065
-0.228583 0.236176 320.077 -56.1229 -137.594 -0.127633 0.228648 -0.236054 -320.077 -6.70834 75.1203 0.127633
-0.297035 0.380194 320.083 -77.1695 -157.168 -0.125038 0.297087 -0.380131 -320.083 -24.0582 76.4071 0.125038
-0.367058 0.535529 320.086 -99.8547 -176.853 -0.121338 0.367101 -0.535566 -320.086 -42.7914 77.3865 0.121338
-0.435591 0.659743 320.085 -118.03 -195.75 -0.116626 0.435632 -0.659775 -320.085 -57.7253 77.9769 0.116626
-0.500544 0.720053 320.079 -126.975 -213.057 -0.111027 0.500573 -0.720124 -320.079 -64.8611 77.936 0.111027
-0.559991 0.697878 320.073 -123.994 -228.036 -0.104696 0.560015 -0.697947 -320.073 -61.9306 77.0401 0.104696
-0.611368 0.593311 320.068 -109.092 -239.992 -0.0978154 0.611392 -0.593355 -320.068 -48.9555 75.2772 0.0978154
-0.651778 0.424751 320.065 -84.918 -248.284 -0.0905913 0.651797 -0.424817 -320.065 -28.2007 72.7844 0.0905913
-0.679515 0.222311 320.062 -55.8003 -252.5 -0.0832448 0.679524 -0.222373 -320.062 -3.35535 69.6024 0.0832448
-0.694436 0.0230774 320.063 -27.0847 -252.498 -0.0760061 0.694428 -0.0231378 -320.063 21.0366 65.6294 0.0760061
-0.696414 -0.136024 320.066 -4.09598 -248.253 -0.0691074 0.696396 0.135959 -320.066 40.4571 60.8739 0.0691074
-0.684168 -0.226815 320.069 9.11082 -239.731 -0.0627761 0.684143 0.226751 -320.069 51.4513 55.6423 0.0627761
-0.656626 -0.231709 320.073 10.0082 -226.992 -0.0572262 0.656591 0.231723 -320.073 51.8682 50.2813 0.0572262
-0.614897 -0.142879 320.077 -2.53343 -210.385 -0.0526493 0.614851 0.143004 -320.077 40.7454 44.843 0.0526493
-0.562022 0.0321635 320.079 -27.47 -190.614 -0.0492072 0.561962 -0.0320163 -320.079 19.0251 39.2205 0.0492072
-0.499927 0.265205 320.078 -60.7387 -168.22 -0.0470268 0.499854 -0.26503 -320.078 -9.82279 33.4386 0.0470268
-0.428908 0.516361 320.075 -96.5816 -143.678 -0.0461918 0.428825 -0.516137 -320.075 -40.9221 27.8924 0.0461918
-0.349963 0.743522 320.072 -128.958 -117.625 -0.046737 0.349882 -0.743324 -320.072 -69.1018 22.9472 0.046737
-0.26568 0.903474 320.069 -151.67 -90.8688 -0.048645 0.265609 -0.903394 -320.069 -89.0428 18.7211 0.048645
-0.17954 0.96185 320.064 -159.741 -64.2146 -0.0518458 0.179467 -0.961787 -320.064 -96.5362 15.0914 0.0518458
-0.0959229 0.908558 320.061 -151.736 -38.692 -0.0562177 0.0958532 -0.90852 -320.061 -90.3396 11.9162 0.0562177
-0.0174476 0.756387 320.062 -129.523 -15.2403 -0.0615908 0.0173856 -0.756402 -320.062 -71.9982 9.43433 0.0615908
0.0552979 0.532735 320.062 -97.0121 5.55499 -0.0677532 -0.0553567 -0.532782 -320.062 -44.8972 8.07369 0.0677532
0.118599 0.279601 320.061 -60.2829 22.6623 -0.0744584 -0.11865 -0.27961 -320.061 -14.1468 7.87265 0.0744584
0.167871 0.0470718 320.062 -26.598 35.0253 -0.0814357 -0.167914 -0.0470466 -320.062 14.1553 8.66514 0.0814357
0.200414 -0.121389 320.063 -2.23481 41.9368 -0.0884023 -0.20045 0.121403 -320.063 34.6952 10.4375 0.0884023
0.215432 -0.200126 320.063 9.11068 43.0426 -0.0950763 -0.215447 0.200137 -320.063 44.3372 13.3288 0.0950763
0.212545 -0.182788 320.061 6.52678 38.2376 -0.101189 -0.212547 0.182794 -320.061 42.299 17.3462 0.101189
0.190734 -0.0800658 320.062 -8.44191 27.5305 -0.106496 -0.190721 0.0800845 -320.062 29.8883 22.2078 0.106496
0.150109 0.0860863 320.062 -32.6222 11.2232 -0.110794 -0.150075 -0.0860051 -320.062 9.78815 27.642 0.110794
0.0916749 0.288063 320.061 -62.0349 -10.1679 -0.113926 -0.0916642 -0.287949 -320.061 -14.6327 33.4076 0.113926
0.0163634 0.493919 320.065 -91.9991 -35.9213 -0.115789 -0.0164181 -0.493788 -320.065 -39.5382 39.0326 0.115789
-0.0747009 0.674106 320.063 -118.311 -65.6793 -0.116347 0.0746331 -0.673958 -320.063 -61.2536 44.4479 0.116347
-0.174499 0.803302 320.062 -137.325 -98.2463 -0.115622 0.174393 -0.803209 -320.062 -76.6841 50.3403 0.115622
-0.279296 0.864101 320.066 -146.55 -132.726 -0.113699 0.279149 -0.864018 -320.066 -83.6654 56.8082 0.113699
-0.387025 0.851501 320.066 -145.222 -168.112 -0.11072 0.386906 -0.851417 -320.066 -81.6334 63.3892 0.11072
-0.495088 0.773631 320.064 -134.514 -203.321 -0.106877 0.494956 -0.773575 -320.064 -71.5869 69.7102 0.106877
-0.600862 0.644645 320.064 -116.435 -237.263 -0.102402 0.600706 -0.644607 -320.064 -55.2848 75.3795 0.102402
-0.700978 0.483467 320.064 -93.6968 -268.865 -0.0975483 0.700814 -0.483442 -320.064 -35.0601 80.2201 0.0975483
-0.788772 0.310955 320.064 -69.2716 -296.815 -0.0925829 0.788601 -0.310938 -320.064 -13.5006 84.7016 0.0925829
-0.85977 0.148276 320.067 -46.2082 -320.101 -0.0877698 0.859598 -0.14826 -320.067 6.80026 89.0063 0.0877698
-0.912793 0.0140138 320.071 -27.18 -338.071 -0.0833577 0.912648 -0.01399 -320.071 23.5626 92.794 0.0833577
-0.947838 -0.0757778 320.074 -14.4595 -350.303 -0.079567 0.947701 0.075848 -320.074 34.7836 95.6519 0.079567
-0.965049 -0.108513 320.079 -9.84752 -356.558 -0.0765782 0.964918 0.108598 -320.079 38.8997 97.3023 0.0765782
-0.962964 -0.0801092 320.082 -13.9558 -356.537 -0.0745265 0.962856 0.0801753 -320.082 35.4341 97.8336 0.0745265
-0.940067 0.00171264 320.084 -25.6482 -350.126 -0.0734943 0.939976 -0.00167701 -320.084 25.3118 97.5388 0.0734943
-0.897035 0.122681 320.085 -42.8653 -337.523 -0.0735078 0.896956 -0.122641 -320.085 10.2838 96.4333 0.0735078
-0.837291 0.265821 320.084 -63.1891 -319.31 -0.0745353 0.837226 -0.265791 -320.084 -7.54985 94.1866 0.0745353
-0.76427 0.411976 320.081 -83.8974 -296.204 -0.0764905 0.764212 -0.411956 -320.081 -25.8027 90.5995 0.0764905
-0.680759 0.54169 320.077 -102.164 -269.066 -0.0792371 0.680708 -0.541629 -320.077 -42.1084 85.7868 0.0792371
-0.588176 0.640479 320.071 -115.919 -238.674 -0.0825961 0.588133 -0.640404 -320.071 -54.6859 80.1457 0.0825961
-0.489844 0.696778 320.066 -123.531 -206.111 -0.0863545 0.489788 -0.696702 -320.066 -62.0813 73.8748 0.0863545
-0.390362 0.702216 320.062 -123.809 -172.63 -0.0902781 0.390303 -0.702123 -320.062 -63.252 66.9932 0.0902781
-0.29396 0.654174 320.06 -116.407 -139.451 -0.0941239 0.293903 -0.654111 -320.06 -57.8534 59.5911 0.0941239
-0.203974 0.555734 320.056 -101.778 -107.649 -0.0976528 0.203896 -0.555686 -320.056 -46.2458 51.8577 0.0976528
-0.124053 0.418392 320.057 -81.6196 -78.3849 -0.100644 0.123945 -0.418341 -320.057 -29.7945 43.9751 0.100644
-0.055565 0.261719 320.058 -58.7353 -52.4338 -0.102905 0.0554469 -0.261684 -320.058 -10.9193 36.3477 0.102905
0.00102377 0.109837 320.06 -36.591 -30.4203 -0.104286 -0.00115266 -0.109814 -320.06 7.41976 29.4765 0.104286
0.0443354 -0.0120902 320.066 -18.7928 -12.8571 -0.104681 -0.0444712 0.0121058 -320.066 22.1206 23.5051 0.104681
0.0714014 -0.0808972 320.07 -8.69944 -0.392744 -0.104041 -0.0715474 0.0809147 -320.07 30.3682 18.2908 0.104041
0.0807706 -0.0797224 320.072 -8.7655 6.56618 -0.102372 -0.0809246 0.0797644 -320.072 30.1241 13.8522 0.102372
0.0740506 -0.00266859 320.074 -19.8453 8.13513 -0.0997373 -0.0742073 0.0027152 -320.074 20.6651 10.5018 0.0997373
0.053725 0.14166 320.073 -40.6931 4.67187 -0.0962525 -0.0538865 -0.141609 -320.073 3.04133 8.54498 0.0962525
0.0213646 0.331261 320.069 -68.1299 -3.39736 -0.0920793 -0.0215247 -0.331196 -320.069 -20.0595 7.97383 0.0920793
-0.0206948 0.534918 320.063 -97.6405 -15.3841 -0.0874174 0.0205762 -0.534849 -320.063 -44.8346 8.7192 0.0874174
-0.0687644 0.716914 320.059 -124.031 -30.2403 -0.0824943 0.0686672 -0.716839 -320.059 -66.9554 10.7259 0.0824943
-0.122476 0.84439 320.052 -142.599 -47.4172 -0.0775532 0.122379 -0.844317 -320.052 -82.3672 13.5456 0.0775532
-0.180471 0.89249 320.048 -149.758 -66.2166 -0.0728396 0.180394 -0.892426 -320.048 -88.0302 16.8383 0.0728396
-0.23819 0.85002 320.048 -143.875 -85.6491 -0.0685885 0.238125 -0.849956 -320.048 -82.5921 20.8356 0.0685885
-0.292955 0.722838 320.05 -125.786 -104.989 -0.0650119 0.292869 -0.722776 -320.05 -66.7788 25.5309 0.0650119
-0.345066 0.532477 320.055 -98.5921 -123.895 -0.0622889 0.34498 -0.532422 -320.055 -43.2305 30.4961 0.0622889
-0.393407 0.311902 320.064 -67.0525 -141.991 -0.0605584 0.393323 -0.311852 -320.064 -15.9738 35.6572 0.0605584
-0.435069 0.0993521 320.072 -36.6613 -158.728 -0.0599134 0.434983 -0.0993013 -320.072 10.2928 41.2426 0.0599134
-0.469166 -0.0678143 320.078 -12.7892 -173.779 -0.0603952 0.469089 0.0678845 -320.078 30.9836 47.1612 0.0603952
-0.496644 -0.160026 320.085 0.296998 -187.05 -0.0619929 0.496567 0.160103 -320.085 42.4788 53.0689 0.0619929
-0.518316 -0.161961 320.088 0.38841 -198.499 -0.0646466 0.518241 0.162045 -320.088 42.9044 58.7079 0.0646466
-0.533636 -0.0748956 320.088 -12.3254 -208.003 -0.0682526 0.533564 0.0749988 -320.088 32.4131 64.1006 0.0682526
-0.541948 0.0844634 320.084 -35.4177 -215.386 -0.0726677 0.541873 -0.0843508 -320.084 13.0283 69.2455 0.0726677
-0.544105 0.286986 320.079 -64.6937 -220.691 -0.0777163 0.544037 -0.286869 -320.079 -11.6791 73.9582 0.0777163
-0.541081 0.495164 320.072 -94.7522 -223.994 -0.0831983 0.541022 -0.495075 -320.072 -37.116 78.054 0.0831983
-0.533844 0.670156 320.065 -119.993 -225.385 -0.0888996 0.533786 -0.670079 -320.065 -58.5227 81.368 0.0888996
-0.523824 0.781059 320.06 -135.967 -225.057 -0.0946014 0.523767 -0.780983 -320.06 -72.111 83.7083 0.0946014
-0.512057 0.811345 320.058 -140.297 -223.218 -0.100088 0.512 -0.811265 -320.058 -75.8535 85.0076 0.100088
-0.498772 0.760584 320.057 -132.923 -220.038 -0.105154 0.498717 -0.760494 -320.057 -69.6949 85.3749 0.105154
-0.484446 0.642987 320.06 -115.903 -215.739 -0.109616 0.484392 -0.6429 -320.06 -55.3697 84.9031 0.109616
-0.470218 0.483127 320.063 -92.78 -210.605 -0.113313 0.470163 -0.483045 -320.063 -35.8808 83.5726 0.113313
-0.457084 0.311073 320.067 -67.8933 -204.903 -0.116118 0.457029 -0.310998 -320.067 -14.9062 81.3857 0.116118
-0.445008 0.15723 320.071 -45.6268 -198.793 -0.117938 0.444953 -0.157155 -320.071 3.8355 78.5104 0.117938
-0.433426 0.047419 320.073 -29.6927 -192.344 -0.118716 0.433364 -0.0473376 -320.073 17.173 75.167 0.118716
-0.42255 -0.000772081 320.074 -22.6421 -185.735 -0.118434 0.422485 0.000859323 -320.074 22.9687 71.4775 0.118434
-0.412225 0.0183536 320.073 -25.3021 -179.032 -0.117115 0.412156 -0.0182672 -320.073 20.5301 67.5475 0.117115
-0.401828 0.0978371 320.07 -36.6634 -172.2 -0.114818 0.401752 -0.0977583 -320.07 10.7031 63.5093 0.114818
-0.390887 0.220127 320.066 -54.1953 -165.216 -0.111638 0.390808 -0.22006 -320.066 -4.36445 59.4654 0.111638
-0.378566 0.361629 320.062 -74.4918 -158.006 -0.107702 0.378497 -0.361563 -320.062 -21.7871 55.5602 0.107702
-0.363921 0.497871 320.058 -94.0236 -150.442 -0.103161 0.363863 -0.49781 -320.058 -38.5728 51.9224 0.103161
-0.347475 0.607746 320.056 -109.745 -142.551 -0.0981882 0.347417 -0.60768 -320.056 -52.1394 48.4382 0.0981882
-0.330707 0.676645 320.055 -119.553 -134.496 -0.0929674 0.33065 -0.676574 -320.055 -60.6962 44.8759 0.0929674
-0.313584 0.697646 320.054 -122.456 -126.345 -0.0876882 0.313531 -0.697577 -320.054 -63.3919 41.3119 0.0876882
-0.29488 0.671248 320.056 -118.533 -118.103 -0.0825364 0.29483 -0.671176 -320.056 -60.278 38.0778 0.0825364
-0.274663 0.604597 320.059 -108.824 -109.907 -0.077687 0.274614 -0.604525 -320.059 -52.2205 35.2923 0.077687
-0.254408 0.509172 320.061 -94.9754 -101.986 -0.0732971 0.254361 -0.509107 -320.061 -40.6344 32.7894 0.0732971
-0.235666 0.398835 320.064 -78.9865 -94.6107 -0.0694998 0.23562 -0.398772 -320.064 -27.2124 30.4287 0.0694998
-0.218341 0.288279 320.068 -62.9758 -87.9109 -0.0664003 0.218296 -0.288217 -320.068 -13.7539 28.3635 0.0664003
-0.201776 0.191363 320.071 -48.9447 -81.9685 -0.064072 0.201734 -0.191304 -320.071 -1.95177 26.8505 0.064072
-0.186078 0.119382 320.072 -38.5175 -76.9013 -0.0625541 0.186039 -0.119318 -320.072 6.80873 25.979 0.0625541
-0.172856 0.080466 320.074 -32.8674 -72.9669 -0.0618524 0.172809 -0.0804012 -320.074 11.5321 25.5788 0.0618524
-0.163545 0.0781892 320.075 -32.5119 -70.4114 -0.0619412 0.163496 -0.0781274 -320.075 11.783 25.511 0.0619412
-0.157935 0.110927 320.075 -37.2175 -69.3102 -0.0627671 0.157886 -0.110873 -320.075 7.76094 25.907 0.0627671
-0.155413 0.172491 320.074 -46.0924 -69.6667 -0.0642526 0.155362 -0.17244 -320.074 0.22493 26.9343 0.0642526
-0.156662 0.253642 320.073 -57.8056 -71.5679 -0.0663021 0.156612 -0.253588 -320.073 -9.6928 28.4965 0.0663021
-0.163045 0.343372 320.071 -70.7734 -75.1245 -0.0688077 0.162993 -0.343314 -320.071 -20.6428 30.3422 0.0688077
-0.175162 0.429698 320.069 -83.2726 -80.3459 -0.0716557 0.17511 -0.42964 -320.069 -31.1543 32.3201 0.0716557
-0.192304 0.500561 320.067 -93.5641 -87.0745 -0.0747322 0.192252 -0.500502 -320.067 -39.7517 34.4621 0.0747322
-0.213396 0.545733 320.065 -100.169 -95.0742 -0.0779273 0.213345 -0.545672 -320.065 -45.1871 36.8191 0.0779273
-0.237894 0.558522 320.065 -102.121 -104.126 -0.081139 0.237842 -0.558461 -320.065 -46.6436 39.3177 0.081139
-0.265368 0.536515 320.065 -99.0706 -113.995 -0.0842769 0.265316 -0.53646 -320.065 -43.8287 41.8378 0.0842769
-0.294818 0.482245 320.065 -91.3758 -124.369 -0.0872646 0.294767 -0.482193 -320.065 -37.0573 44.3355 0.0872646
-0.325035 0.403858 320.067 -80.2262 -134.987 -0.0900412 0.324984 -0.403807 -320.067 -27.3118 46.8711 0.0900412
-0.354246 0.313789 320.068 -67.3936 -145.43 -0.0925609 0.354195 -0.313741 -320.068 -16.1358 49.5007 0.0925609
-0.381535 0.227225 320.069 -55.0603 -155.422 -0.0947929 0.381484 -0.22718 -320.069 -5.3947 52.1921 0.0947929
-0.406369 0.15944 320.07 -45.4254 -164.742 -0.0967205 0.406318 -0.159395 -320.07 3.03944 54.8686 0.0967205
-0.428156 0.123258 320.07 -40.3356 -173.191 -0.0983399 0.428105 -0.123214 -320.07 7.5945 57.4877 0.0983399
-0.446157 0.12649 320.07 -40.9156 -180.578 -0.0996567 0.446106 -0.126447 -320.07 7.31313 60.0561 0.0996567
-0.459913 0.170221 320.068 -47.3224 -186.765 -0.100683 0.459862 -0.170182 -320.068 2.06272 62.5602 0.100683
-0.469158 0.248134 320.066 -58.633 -191.622 -0.101435 0.469108 -0.248099 -320.066 -7.39534 64.9392 0.101435
-0.474136 0.347705 320.063 -73.0391 -195.104 -0.101928 0.474088 -0.347672 -320.063 -19.5311 67.0847 0.101928
-0.475255 0.452323 320.061 -88.1517 -197.215 -0.102177 0.475207 -0.452292 -320.061 -32.3054 68.891 0.102177
-0.472819 0.543905 320.058 -101.363 -197.96 -0.102194 0.472766 -0.543876 -320.058 -43.5062 70.283 0.102194
-0.46715 0.606122 320.057 -110.321 -197.397 -0.101987 0.467096 -0.606095 -320.057 -51.1329 71.2315 0.101987
-0.458459 0.627454 320.057 -113.367 -195.601 -0.101562 0.458405 -0.627427 -320.057 -53.7733 71.7554 0.101562
-0.447181 0.603377 320.058 -109.851 -192.692 -0.10092 0.447126 -0.603352 -320.058 -50.8717 71.8585 0.10092
-0.434183 0.537174 320.06 -100.25 -188.857 -0.100062 0.434127 -0.53715 -320.06 -42.8262 71.4961 0.100062
-0.420344 0.439417 320.064 -86.0935 -184.324 -0.0989887 0.420287 -0.439394 -320.064 -30.9249 70.6617 0.0989887
-0.406075 0.326025 320.068 -69.6722 -179.25 -0.0977039 0.406019 -0.326003 -320.068 -17.1209 69.4032 0.0977039
-0.391663 0.215438 320.071 -53.6451 -173.804 -0.0962141 0.391609 -0.215417 -320.071 -3.67037 67.8109 0.0962141
-0.377814 0.125326 320.074 -40.5736 -168.2 -0.0945313 0.37776 -0.125306 -320.074 7.27786 65.9121 0.0945313
-0.365126 0.0691437 320.076 -32.3967 -162.609 -0.0926743 0.365074 -0.0691251 -320.076 14.0765 63.7185 0.0926743
-0.353979 0.0540497 320.077 -30.1452 -157.155 -0.0906697 0.353928 -0.0540325 -320.077 15.8481 61.2503 0.0906697
-0.344428 0.0798665 320.077 -33.7938 -151.901 -0.0885527 0.344377 -0.0798505 -320.077 12.6146 58.5586 0.0885527
-0.336367 0.13936 320.075 -42.2992 -146.874 -0.0863668 0.336317 -0.139346 -320.075 5.26095 55.6957 0.0863668
-0.329649 0.219699 320.074 -53.8108 -142.066 -0.0841629 0.329599 -0.219688 -320.074 -4.64317 52.6938 0.0841629
-0.324152 0.305004 320.072 -66.0384 -137.453 -0.0819982 0.324101 -0.304994 -320.072 -15.1546 49.5619 0.0819982
-0.319594 0.379442 320.07 -76.6998 -132.987 -0.0799343 0.319544 -0.379434 -320.07 -24.3358 46.3259 0.0799343
-0.315359 0.430129 320.07 -83.9373 -128.585 -0.0780338 0.315308 -0.430122 -320.07 -30.6097 43.0682 0.0780338
-0.310893 0.449303 320.07 -86.6397 -124.201 -0.076358 0.310842 -0.449297 -320.07 -33.0186 39.8897 0.076358
-0.305691 0.435215 320.071 -84.5512 -119.771 -0.0749633 0.30564 -0.43521 -320.071 -31.352 36.8608 0.0749633
-0.299487 0.392264 320.073 -78.3033 -115.272 -0.0738983 0.299437 -0.39226 -320.073 -26.1514 34.0284 0.0738983
-0.292057 0.329852 320.074 -69.252 -110.719 -0.0732014 0.292006 -0.329849 -320.074 -18.5664 31.4699 0.0732014
-0.283142 0.260371 320.075 -59.1836 -106.146 -0.072898 0.283091 -0.260369 -320.075 -10.1143 29.2858 0.072898
-0.272659 0.196863 320.075 -49.9778 -101.62 -0.0729988 0.272609 -0.196863 -320.075 -2.39192 27.5657 0.0729988
-0.260869 0.150688 320.075 -43.2726 -97.2553 -0.0734991 0.260819 -0.15069 -320.075 3.21094 26.3545 0.0734991
-0.248309 0.129721 320.073 -40.206 -93.2047 -0.0743782 0.248259 -0.129724 -320.073 5.73288 25.6616 0.0743782
-0.235451 0.137194 320.071 -41.2421 -89.6115 -0.0756006 0.235401 -0.137199 -320.071 4.77666 25.5038 0.0756006
-0.222856 0.17157 320.068 -46.1605 -86.6327 -0.0771171 0.222807 -0.171575 -320.068 0.531697 25.8881 0.0771171
-0.211145 0.227032 320.065 -54.1253 -84.4255 -0.0788674 0.211096 -0.227037 -320.065 -6.28749 26.8064 0.0788674
-0.201015 0.294724 320.062 -63.862 -83.1442 -0.0807835 0.200967 -0.294731 -320.062 -14.5949 28.2261 0.0807835
-0.193219 0.364341 320.059 -73.8898 -82.9367 -0.0827922 0.193171 -0.364349 -320.059 -23.1245 30.0947 0.0827922
-0.188344 0.425862 320.058 -82.7658 -83.915 -0.0848201 0.188296 -0.425871 -320.058 -30.6474 32.3672 0.0848201
-0.186824 0.471138 320.057 -89.3166 -86.1578 -0.0867964 0.186776 -0.471149 -320.057 -36.1657 35.0065 0.0867964
-0.189025 0.494981 320.058 -92.795 -89.7176 -0.0886571 0.188977 -0.494993 -320.058 -39.0426 37.9675 0.0886571
-0.19527 0.495665 320.059 -92.9534 -94.6196 -0.0903473 0.195222 -0.495678 -320.059 -39.0666 41.1891 0.0903473
-0.205765 0.474782 320.06 -90.0212 -100.853 -0.0918233 0.205717 -0.474797 -320.06 -36.4323 44.6055 0.0918233
-0.220512 0.436625 320.061 -84.6166 -108.358 -0.0930542 0.220463 -0.436641 -320.061 -31.6657 48.1583 0.0930542
-0.239324 0.387294 320.063 -77.6158 -117.024 -0.0940226 0.239275 -0.387312 -320.063 -25.5168 51.7853 0.0940226
-0.261951 0.333726 320.065 -70.0187 -126.719 -0.0947243 0.261902 -0.333746 -320.065 -18.8348 55.421 0.0947243
-0.288349 0.282881 320.067 -62.8441 -137.345 -0.0951668 0.2883 -0.282901 -320.067 -12.4557 58.9826 0.0951668
-0.317663 0.240349 320.067 -56.8775 -148.596 -0.0953685 0.317614 -0.24037 -320.067 -7.08476 62.3896 0.0953685
-0.349271 0.210293 320.068 -52.7146 -160.21 -0.0953564 0.349222 -0.210315 -320.068 -3.23564 65.5484 0.0953564
-0.382399 0.194838 320.069 -50.6597 -171.896 -0.0951641 0.382349 -0.194861 -320.069 -1.17059 68.3751 0.0951641
-0.416165 0.194101 320.07 -50.73 -183.338 -0.0948288 0.416115 -0.194126 -320.07 -0.9036 70.7886 0.0948288
-0.449378 0.206167 320.071 -52.6366 -194.175 -0.0943888 0.449328 -0.206193 -320.071 -2.21307 72.7462 0.0943888
-0.480991 0.227626 320.073 -55.8785 -204.051 -0.0938818 0.480941 -0.227654 -320.073 -4.69117 74.1731 0.0938818
-0.510111 0.254038 320.073 -59.813 -212.625 -0.0933422 0.510061 -0.254067 -320.073 -7.79685 74.9659 0.0933422
-0.535502 0.280299 320.074 -63.7003 -219.553 -0.0927994 0.535452 -0.280329 -320.074 -10.9097 75.1111 0.0927994
-0.555928 0.301356 320.076 -66.8071 -224.516 -0.0922769 0.555877 -0.301387 -320.076 -13.4158 74.6208 0.0922769
-0.570411 0.312845 320.077 -68.5008 -227.257 -0.0917909 0.570361 -0.312877 -320.077 -14.7845 73.4973 0.0917909
-0.578158 0.311785 320.078 -68.349 -227.579 -0.0913506 0.578107 -0.311818 -320.078 -14.6539 71.7562 0.0913506
-0.578454 0.29715 320.078 -66.2022 -225.348 -0.0909574 0.578403 -0.297185 -320.078 -12.9 69.4545 0.0909574
-0.570789 0.270206 320.079 -62.2424 -220.512 -0.0906063 0.570738 -0.270243 -320.079 -9.67815 66.6759 0.0906063
-0.555014 0.234419 320.079 -56.9697 -213.119 -0.0902854 0.554962 -0.234456 -320.079 -5.41169 63.5083 0.0902854
-0.531358 0.19496 320.078 -51.1324 -203.321 -0.0899783 0.531306 -0.194999 -320.078 -0.731411 60.0412 0.0899783
-0.500321 0.157891 320.078 -45.6066 -191.378 -0.0896645 0.500269 -0.157931 -320.078 3.62322 56.4025 0.0896645
-0.462915 0.129419 320.078 -41.2941 -177.634 -0.0893218 0.462862 -0.12946 -320.078 6.89953 52.6643 0.0893218
-0.420421 0.114909 320.076 -38.9847 -162.521 -0.0889276 0.420368 -0.114951 -320.076 8.4572 48.9154 0.0889276
-0.374023 0.117723 320.074 -39.1615 -146.467 -0.088461 0.373969 -0.117767 -320.074 7.88305 45.2694 0.088461
-0.325447 0.138868 320.073 -41.9901 -130.037 -0.0879043 0.325393 -0.138913 -320.073 5.0746 41.8281 0.0879043
-0.27639 0.176377 320.072 -47.1954 -113.756 -0.0872446 0.276336 -0.176423 -320.072 0.280706 38.6641 0.0872446
-0.228234 0.225455 320.069 -54.073 -98.0607 -0.0864752 0.22818 -0.225502 -320.069 -5.92458 35.8433 0.0864752
-0.182793 0.279598 320.067 -61.6949 -83.4833 -0.0855972 0.182739 -0.279647 -320.067 -12.7358 33.4139 0.0855972
-0.141751 0.331385 320.066 -68.9982 -70.5104 -0.0846196 0.141696 -0.331435 -320.066 -19.2374 31.4125 0.0846196
-0.106546 0.373691 320.064 -74.9591 -59.5643 -0.0835601 0.106491 -0.373742 -320.064 -24.5539 29.8766 0.0835601
-0.0785346 0.40096 320.063 -78.7826 -51.0185 -0.0824455 0.0784789 -0.401012 -320.063 -27.9996 28.8178 0.0824455
-0.0588287 0.410077 320.062 -80.0237 -45.1696 -0.0813107 0.0587726 -0.410131 -320.062 -29.1891 28.2352 0.0813107
-0.0481934 0.400833 320.062 -78.6548 -42.2203 -0.080198 0.048137 -0.400888 -320.062 -28.0943 28.1273 0.080198
-0.0470388 0.375907 320.061 -75.0634 -42.2726 -0.0791551 0.0469819 -0.375963 -320.061 -25.0415 28.4865 0.0791551
-0.0554314 0.340383 320.062 -69.9822 -45.3257 -0.0782334 0.0553741 -0.34044 -320.062 -20.6535 29.2944 0.0782334
-0.0730695 0.300834 320.062 -64.3565 -51.2723 -0.0774851 0.0730118 -0.300893 -320.062 -15.737 30.5245 0.0774851
-0.0992686 0.264135 320.062 -59.1745 -59.8993 -0.0769602 0.0992104 -0.264195 -320.062 -11.1366 32.1467 0.0769602
-0.132994 0.23626 320.063 -55.2926 -70.8955 -0.0767037 0.132936 -0.236321 -320.063 -7.58767 34.1262 0.0767037
-0.172923 0.221242 320.064 -53.2869 -83.8648 -0.0767529 0.172864 -0.221304 -320.064 -5.59005 36.4209 0.0767529
-0.217564 0.220545 320.064 -53.365 -98.3534 -0.077134 0.217504 -0.220609 -320.064 -5.32594 38.9752 0.077134
-0.265214 0.232835 320.065 -55.329 -113.849 -0.0778606 0.265154 -0.232899 -320.065 -6.63742 41.732 0.0778606
-0.313981 0.254265 320.066 -58.6125 -129.779 -0.0789319 0.313921 -0.254331 -320.066 -9.06597 44.6241 0.0789319
-0.36259 0.279703 320.068 -62.5035 -145.75 -0.0803313 0.362529 -0.27977 -320.068 -11.9553 47.5997 0.0803313
-0.40877 0.302881 320.069 -66.0675 -161.106 -0.0820271 0.408708 -0.30295 -320.069 -14.5693 50.6092 0.0820271
-0.450894 0.318298 320.07 -68.4958 -175.33 -0.0839725 0.450832 -0.318368 -320.07 -16.2501 53.5706 0.0839725
-0.487822 0.321982 320.073 -69.2163 -188.025 -0.0861079 0.48776 -0.322053 -320.073 -16.5113 56.3905 0.0861079
-0.518345 0.312014 320.074 -67.9354 -198.791 -0.0883624 0.518282 -0.312086 -320.074 -15.1349 58.9936 0.0883624
-0.541758 0.289087 320.075 -64.76 -207.413 -0.0906575 0.541694 -0.28916 -320.075 -12.1986 61.3537 0.0906575
-0.557521 0.255967 320.077 -60.0805 -213.674 -0.0929098 0.557457 -0.256041 -320.077 -8.04951 63.3955 0.0929098
-0.565375 0.217113 320.078 -54.539 -217.481 -0.0950351 0.56531 -0.217189 -320.078 -3.23431 65.0981 0.0950351
-0.565363 0.177843 320.079 -48.9018 -218.836 -0.0969516 0.565298 -0.17792 -320.079 1.59609 66.4512 0.0969516
-0.557948 0.143428 320.079 -43.9293 -217.838 -0.0985843 0.557882 -0.143506 -320.079 5.7971 67.4301 0.0985843
-0.543885 0.11821 320.079 -40.2501 -214.664 -0.0998681 0.543819 -0.118289 -320.079 8.83968 68.0102 0.0998681
-0.523993 0.104989 320.079 -38.271 -209.543 -0.100751 0.523926 -0.10507 -320.079 10.3845 68.2016 0.100751
-0.499148 0.104698 320.078 -38.1303 -202.745 -0.101197 0.49908 -0.10478 -320.078 10.3209 68.0408 0.101197
-0.47038 0.116347 320.077 -39.6845 -194.574 -0.101188 0.470311 -0.116429 -320.077 8.76963 67.556 0.101188
-0.439135 0.137548 320.077 -42.6028 -185.435 -0.100724 0.439066 -0.137632 -320.077 6.03595 66.7661 0.100724
-0.406788 0.164843 320.076 -46.3926 -175.688 -0.0998246 0.406718 -0.164928 -320.076 2.54947 65.6649 0.0998246
-0.374445 0.194325 320.075 -50.4986 -165.685 -0.0985276 0.374375 -0.194411 -320.075 -1.20355 64.3061 0.0985276
-0.343167 0.22215 320.075 -54.3687 -155.767 -0.0968864 0.343096 -0.222237 -320.075 -4.75115 62.7497 0.0968864
-0.314229 0.245145 320.074 -57.5481 -146.275 -0.0949683 0.314157 -0.245233 -320.074 -7.70163 60.9939 0.0949683
-0.288732 0.261135 320.073 -59.7272 -137.513 -0.0928513 0.288659 -0.261224 -320.073 -9.7853 59.0506 0.0928513
-0.267391 0.269135 320.072 -60.7677 -129.725 -0.0906201 0.267318 -0.269227 -320.072 -10.8779 56.971 0.0906201
-0.25084 0.269491 320.072 -60.7341 -123.146 -0.0883617 0.250766 -0.269583 -320.072 -11.0067 54.8215 0.0883617
-0.23918 0.263405 320.07 -59.7918 -117.86 -0.086162 0.239105 -0.263499 -320.07 -10.3272 52.658 0.086162
-0.232549 0.252921 320.069 -58.2322 -113.929 -0.0841011 0.232474 -0.253016 -320.069 -9.09245 50.5069 0.0841011
-0.230932 0.2405 320.068 -56.41 -111.372 -0.0822502 0.230856 -0.240595 -320.068 -7.60381 48.39 0.0822502
-0.233973 0.22866 320.067 -54.6879 -110.145 -0.0806684 0.233896 -0.228757 -320.067 -6.17003 46.3581 0.0806684
-0.241095 0.219641 320.066 -53.3874 -110.146 -0.0794006 0.241017 -0.219739 -320.066 -5.06668 44.4639 0.0794006
-0.251658 0.21513 320.065 -52.75 -111.237 -0.0784759 0.25158 -0.215229 -320.065 -4.50177 42.7396 0.0784759
-0.264968 0.216062 320.065 -52.9082 -113.249 -0.0779075 0.264889 -0.216162 -320.065 -4.59202 41.2026 0.0779075
-0.280214 0.22249 320.065 -53.8672 -115.987 -0.0776924 0.280134 -0.222592 -320.065 -5.34669 39.8724 0.0776924
-0.296521 0.233567 320.066 -55.502 -119.234 -0.077813 0.296441 -0.233669 -320.066 -6.66444 38.7684 0.077813
-0.313044 0.247645 320.066 -57.5727 -122.775 -0.0782382 0.312963 -0.247749 -320.066 -8.34639 37.899 0.0782382
-0.328982 0.262478 320.067 -59.7529 -126.398 -0.078926 0.3289 -0.262583 -320.067 -10.1203 37.2665 0.078926
-0.343571 0.275496 320.068 -61.6701 -129.905 -0.0798259 0.343488 -0.275602 -320.068 -11.6732 36.8785 0.0798259
-0.356135 0.28416 320.069 -62.9564 -133.122 -0.080882 0.356051 -0.284267 -320.069 -12.6963 36.7401 0.080882
-0.366211 0.286415 320.07 -63.3183 -135.924 -0.0820362 0.366127 -0.286523 -320.07 -12.9355 36.8497 0.0820362
-0.373337 0.280962 320.07 -62.5638 -138.187 -0.0832309 0.373252 -0.281071 -320.07 -12.2365 37.2079 0.0832309
-0.377215 0.267595 320.071 -60.6604 -139.835 -0.0844118 0.377129 -0.267706 -320.071 -10.577 37.8179 0.0844118
-0.377753 0.24727 320.072 -57.7456 -140.847 -0.0855306 0.377667 -0.247382 -320.072 -8.07406 38.6828 0.0855306
-0.375065 0.221988 320.072 -54.1081 -141.251 -0.0865473 0.374977 -0.222101 -320.072 -4.9725 39.8011 0.0865473
-0.369469 0.194538 320.073 -50.1512 -141.125 -0.0874314 0.36938 -0.194653 -320.073 -1.61272 41.164 0.0874314
-0.361464 0.168129 320.074 -46.339 -140.586 -0.0881629 0.361375 -0.168244 -320.074 1.61469 42.7573 0.0881629
-0.351696 0.145925 320.075 -43.1302 -139.788 -0.0887327 0.351606 -0.146042 -320.075 4.32419 44.5619 0.0887327
-0.340942 0.130566 320.075 -40.9073 -138.911 -0.0891425 0.340851 -0.130684 -320.075 6.19519 46.5498 0.0891425
-0.330092 0.123717 320.076 -39.9131 -138.15 -0.0894035 0.33 -0.123836 -320.076 7.02646 48.6795 0.0894035
-0.320079 0.125774 320.077 -40.2072 -137.703 -0.0895356 0.319986 -0.125894 -320.077 6.77221 50.8995 0.0895356
-0.311793 0.135777 320.077 -41.6537 -137.754 -0.0895652 0.3117 -0.135898 -320.077 5.55226 53.1551 0.0895652
-0.306026 0.151558 320.078 -43.9421 -138.457 -0.0895235 0.305931 -0.151681 -320.078 3.63388 55.3909 0.0895235
-0.303433 0.170112 320.078 -46.6408 -139.931 -0.089444 0.303337 -0.170236 -320.078 1.38664 57.5499 0.089444
-0.304503 0.188115 320.077 -49.2712 -142.25 -0.0893604 0.304406 -0.188239 -320.077 -0.781576 59.5752 0.0893604
-0.309507 0.202499 320.077 -51.3918 -145.433 -0.0893042 0.30941 -0.202624 -320.077 -2.4952 61.4152 0.0893042
-0.318473 0.210976 320.076 -52.6722 -149.447 -0.0893029 0.318375 -0.211103 -320.076 -3.47459 63.0279 0.0893029
-0.331181 0.212406 320.076 -52.9467 -154.2 -0.0893781 0.331081 -0.212534 -320.076 -3.58128 64.3816 0.0893781
-0.347197 0.206963 320.075 -52.2391 -159.554 -0.0895441 0.347097 -0.207092 -320.075 -2.83796 65.4537 0.0895441
-0.365865 0.196039 320.075 -50.7468 -165.323 -0.0898069 0.365764 -0.196169 -320.075 -1.41822 66.2331 0.0898069
-0.383731 0.186729 320.074 -49.4779 -170.955 -0.0901641 0.383731 -0.186729 -320.074 -0.187876 67.0759 0.0901641
-0.398117 0.190215 320.073 -50.0541 -175.821 -0.0906038 0.398117 -0.190215 -320.073 -0.540639 68.0951 0.0906038
