Run #, RV_column1, RV_column2, RV_column3, RV_column4, RV_column5, RV_column6, bwpar_1, bwpar_2, bwpar_3, bwpar_4, bwpar_5, bwpar_6, bwpar_7, bwpar_8, bwpar_9, bwpar_10, bwpar_11, bwpar_12, bwpar_13, bwpar_14, bwpar_15, bwpar_1.median, bwpar_2.median, bwpar_3.median, bwpar_4.median, bwpar_5.median, bwpar_6.median, bwpar_7.median, bwpar_8.median, bwpar_9.median, bwpar_10.median, bwpar_11.median, bwpar_12.median, bwpar_13.median, bwpar_14.median, bwpar_15.median, bwpar_1.q5, bwpar_2.q5, bwpar_3.q5, bwpar_4.q5, bwpar_5.q5, bwpar_6.q5, bwpar_7.q5, bwpar_8.q5, bwpar_9.q5, bwpar_10.q5, bwpar_11.q5, bwpar_12.q5, bwpar_13.q5, bwpar_14.q5, bwpar_15.q5, bwpar_1.q95, bwpar_2.q95, bwpar_3.q95, bwpar_4.q95, bwpar_5.q95, bwpar_6.q95, bwpar_7.q95, bwpar_8.q95, bwpar_9.q95, bwpar_10.q95, bwpar_11.q95, bwpar_12.q95, bwpar_13.q95, bwpar_14.q95, bwpar_15.q95, bwpar_1.var, bwpar_2.var, bwpar_3.var, bwpar_4.var, bwpar_5.var, bwpar_6.var, bwpar_7.var, bwpar_8.var, bwpar_9.var, bwpar_10.var, bwpar_11.var, bwpar_12.var, bwpar_13.var, bwpar_14.var, bwpar_15.var, bwpar_1.q5_w_mnoise, bwpar_2.q5_w_mnoise, bwpar_3.q5_w_mnoise, bwpar_4.q5_w_mnoise, bwpar_5.q5_w_mnoise, bwpar_6.q5_w_mnoise, bwpar_7.q5_w_mnoise, bwpar_8.q5_w_mnoise, bwpar_9.q5_w_mnoise, bwpar_10.q5_w_mnoise, bwpar_11.q5_w_mnoise, bwpar_12.q5_w_mnoise, bwpar_13.q5_w_mnoise, bwpar_14.q5_w_mnoise, bwpar_15.q5_w_mnoise, bwpar_1.q95_w_mnoise, bwpar_2.q95_w_mnoise, bwpar_3.q95_w_mnoise, bwpar_4.q95_w_mnoise, bwpar_5.q95_w_mnoise, bwpar_6.q95_w_mnoise, bwpar_7.q95_w_mnoise, bwpar_8.q95_w_mnoise, bwpar_9.q95_w_mnoise, bwpar_10.q95_w_mnoise, bwpar_11.q95_w_mnoise, bwpar_12.q95_w_mnoise, bwpar_13.q95_w_mnoise, bwpar_14.q95_w_mnoise, bwpar_15.q95_w_mnoise, bwpar_1.var_w_mnoise, bwpar_2.var_w_mnoise, bwpar_3.var_w_mnoise, bwpar_4.var_w_mnoise, bwpar_5.var_w_mnoise, bwpar_6.var_w_mnoise, bwpar_7.var_w_mnoise, bwpar_8.var_w_mnoise, bwpar_9.var_w_mnoise, bwpar_10.var_w_mnoise, bwpar_11.var_w_mnoise, bwpar_12.var_w_mnoise, bwpar_13.var_w_mnoise, bwpar_14.var_w_mnoise, bwpar_15.var_w_mnoise
1, 3.0049, 0.16869, 0.07108, 0.2108, 1.3544, 0.51042, 1.7652, 1.0726, 0.55608, 0.94667, 0.61667, 1.2679, 0.61295, 0.69915, 0.02455, 1.299, 1.5287, 0.02719, 3.4275, 0.20139, 0.04094, 0.85372, 1.0115, 1.0036, 0.74413, 0.62127, 1.8904, 1.0857, 0.59806, 0.014273, 2.4767, 0.48918, 0.02318, 4.9323, 1.023, 0.047562, 0.66089, 0.97859, 0.63895, 0.62788, 0.49888, 1.8839, -0.04283, 0.51132, 0.0088341, 0.91767, 0.081798, 0.016059, 3.3744, 1.0216, 0.03577, 1.0465, 1.0444, 1.3683, 0.86037, 0.74367, 1.897, 2.2141, 0.68479, 0.019713, 4.0357, 0.89657, 0.030301, 6.4902, 1.0244, 0.059353, 0.013744, 0.0004001, 0.049154, 0.0049945, 0.0055369, 1.5824e-05, 0.47069, 0.0027806, 1.0936e-05, 0.89833, 0.061342, 1.8741e-05, 0.89705, 7.6292e-07, 5.1392e-05, 0.10323, 0.91845, 0.39241, 0.51865, 0.39946, -1.1752, -1.5051, 0.32664, -0.00025065, -1.6391, -0.30295, 0.012267, 1.9576, -0.13704, 0.02636, 1.6042, 1.1045, 1.6148, 0.9696, 0.84308, 4.9561, 3.6764, 0.86947, 0.028798, 6.5924, 1.2813, 0.034093, 7.907, 2.1831, 0.068763, 0.20818, 0.0031993, 0.13808, 0.01879, 0.018185, 3.4737, 2.4808, 0.027227, 7.7969e-05, 6.2609, 0.23192, 4.4018e-05, 3.2707, 0.4974, 0.00016613
2, 2, 0.062, 0.09678, 0.59912, 1.4706, 0.51595, 0.84187, 1.0902, 1.0097, 0.58218, 0.5703, 2.0276, 2.0771, 0.46133, 0.00733, 1.0192, 0.61926, 0.01738, 1.8395, 2.7178, 0.03363, 1.1928, 1.0114, 1.1755, 0.51509, 0.38549, 1.7026, 1.4326, 0.46272, 0.0043887, 1.6907, 0.88018, 0.0079564, 2.1173, 1.7231, 0.050314, 0.95301, 0.97038, 0.61382, 0.34027, 0.18056, 1.696, 0.013766, 0.34418, -0.0025489, -0.20517, 0.24725, -0.0074949, -0.35844, 1.7216, 0.033814, 1.4326, 1.0525, 1.7371, 0.6899, 0.59041, 1.7091, 2.8514, 0.58125, 0.011326, 3.5865, 1.5131, 0.023408, 4.5931, 1.7245, 0.066813, 0.021258, 0.00062285, 0.11659, 0.011296, 0.015522, 1.5825e-05, 0.74402, 0.0051932, 1.7789e-05, 1.3285, 0.14807, 8.8242e-05, 2.2655, 7.6293e-07, 0.00010062, 0.42891, 0.91521, 0.4298, 0.25454, 0.10942, -1.3631, -1.2972, 0.17954, -0.01076, -2.5641, -0.048314, -0.0095687, -1.4255, 0.56302, 0.026175, 1.9567, 1.1076, 1.9212, 0.77564, 0.66156, 4.7682, 4.1623, 0.7459, 0.019538, 5.9454, 1.8087, 0.025482, 5.6601, 2.8831, 0.074452, 0.21569, 0.0034221, 0.20552, 0.025092, 0.02817, 3.4737, 2.7541, 0.02964, 8.4823e-05, 6.691, 0.31864, 0.00011352, 4.6391, 0.4974, 0.00021536
3, 6.5574, 0.10961, 0.14472, 0.52977, 0.81121, 0.16569, 0.51746, 0.94211, 1.4635, 0.78232, 0.56176, 5.8578, 8.371, 0.05984, 0.00662, 5.3688, 0.91618, 0.03139, 1.3169, 1.2029, 0.08849, 1.271, 1.0031, 1.0812, 0.71099, 0.48939, 1.6617, 1.3995, 0.56954, 0.0030771, 3.452, 0.76177, 0.026623, 2.9789, 1.8889, 0.060058, 1.0255, 0.95864, 0.51751, 0.50343, 0.29858, 1.6551, -0.021345, 0.4422, -0.0045651, 1.4381, 0.18933, 0.016616, 0.72859, 1.8875, 0.042485, 1.5164, 1.0476, 1.6449, 0.91854, 0.68019, 1.6682, 2.8204, 0.69689, 0.010719, 5.466, 1.3342, 0.036631, 5.2292, 1.8903, 0.077631, 0.022268, 0.0007306, 0.11744, 0.015923, 0.013456, 1.5825e-05, 0.74622, 0.0059939, 2.1586e-05, 1.4991, 0.12112, 3.7017e-05, 1.8717, 7.6293e-07, 0.00011414, 0.50527, 0.90537, 0.33399, 0.42743, 0.22363, -1.404, -1.3313, 0.28256, -0.012407, -0.85662, -0.1266, 0.013641, -0.41017, 0.72884, 0.035173, 2.0367, 1.1008, 1.8284, 0.99455, 0.75514, 4.7273, 4.1304, 0.85652, 0.018561, 7.7607, 1.6501, 0.039605, 6.368, 3.049, 0.084943, 0.2167, 0.0035298, 0.20637, 0.029719, 0.026104, 3.4737, 2.7563, 0.03044, 8.862e-05, 6.8617, 0.2917, 6.2293e-05, 4.2453, 0.4974, 0.00022888
4, 6.5574, 0.11304, 0.03442, 0.26407, 1.9174, 0.37956, 0.89938, 1.0362, 0.50956, 0.56951, 0.32897, 0.59889, 1.5455, 0.52756, 0.00022, 1.3233, 0.51222, 0.02833, 2.892, 2.4425, 0.0537, 1.263, 1.0319, 1.2053, 0.63144, 0.33568, 2.0531, 1.1341, 0.63959, 0.0056873, 3.7932, 0.61362, 0.020537, 3.1666, 1.7477, 0.064939, 1.0057, 0.99197, 0.64779, 0.46711, 0.17167, 2.0465, -0.22923, 0.53131, -0.0011259, 1.9105, 0.18386, 0.010722, 1.5002, 1.7463, 0.047981, 1.5203, 1.0718, 1.7627, 0.79577, 0.49968, 2.0596, 2.4975, 0.74787, 0.0125, 5.6759, 1.0434, 0.030353, 4.833, 1.7492, 0.081897, 0.024461, 0.0005892, 0.11486, 0.0099815, 0.0099417, 1.5825e-05, 0.687, 0.0043335, 1.7157e-05, 1.3101, 0.068265, 3.561e-05, 1.0264, 7.6293e-07, 0.00010629, 0.49343, 0.93615, 0.46272, 0.37781, 0.088457, -1.0126, -1.5672, 0.36055, -0.0094052, -0.45572, -0.19025, 0.0077024, 0.13363, 0.58768, 0.040484, 2.0326, 1.1276, 1.9478, 0.88508, 0.58289, 5.1187, 3.8355, 0.91863, 0.02078, 8.0421, 1.4175, 0.033372, 6.1995, 2.9078, 0.089393, 0.2189, 0.0033884, 0.20379, 0.023777, 0.02259, 3.4737, 2.6971, 0.02878, 8.4191e-05, 6.6727, 0.23884, 6.0887e-05, 3.4, 0.4974, 0.00022103
5, 2, 0.41081, 0.05307, 0.38993, 1, 0.92872, 1.2832, 1.0857, 1.4312, 0.47872, 0.15265, 8.6844, 1.0646, 0.72124, 0.00054, 0.34006, 0.0379, 0.00308, 2.3299, 0.71472, 0.0417, 1.118, 1.0039, 1.3364, 0.46442, 0.27608, 2.6819, 1.2762, 0.67505, 0.0080716, 4.0036, 0.664, 0.0085603, 2.9739, 1.1074, 0.052739, 0.84356, 0.9594, 0.77043, 0.25141, 0.04935, 2.6754, -0.14345, 0.55004, 0.00042599, 2.0426, 0.045231, -0.0067012, 0.58222, 1.106, 0.034902, 1.3924, 1.0483, 1.9023, 0.67743, 0.50282, 2.6885, 2.6958, 0.80006, 0.015717, 5.9647, 1.2828, 0.023822, 5.3656, 1.1089, 0.070575, 0.027839, 0.00073108, 0.11838, 0.016771, 0.019001, 1.5825e-05, 0.74488, 0.0057762, 2.1606e-05, 1.4214, 0.14151, 8.6088e-05, 2.1142, 7.6293e-07, 0.00011759, 0.34252, 0.90614, 0.58745, 0.17685, -0.016538, -0.38374, -1.454, 0.3891, -0.0074145, -0.28058, -0.2549, -0.0087977, -0.51064, -0.052629, 0.027667, 1.8935, 1.1016, 2.0853, 0.752, 0.56871, 5.7476, 4.0063, 0.961, 0.023558, 8.2878, 1.5829, 0.025918, 6.4584, 2.2675, 0.077811, 0.22227, 0.0035303, 0.20731, 0.030567, 0.031649, 3.4737, 2.755, 0.030223, 8.8639e-05, 6.784, 0.31209, 0.00011136, 4.4878, 0.4974, 0.00023233
6, 4, 0.27284, 0.15335, 0.38003, 1.3889, 0.31767, 1.3748, 0.93121, 1.988, 0.52877, 0.63426, 0.51612, 1.0266, 0.97657, 0.00814, 1.3384, 0.57185, 0.00324, 5.0227, 1.3687, 0.04046, 1.3672, 1.0044, 1.3566, 0.58218, 0.50973, 1.6483, 1.3999, 0.78172, 0.0082738, 4.1574, 0.89202, 0.0066966, 3.7415, 1.1257, 0.045019, 1.1462, 0.96484, 0.79478, 0.42383, 0.30255, 1.6418, -0.0051375, 0.6767, 0.0015972, 2.3933, 0.28181, -0.004836, 1.3348, 1.1243, 0.030718, 1.5882, 1.0439, 1.9185, 0.74054, 0.71692, 1.6549, 2.8049, 0.88673, 0.01495, 5.9215, 1.5022, 0.018229, 6.1482, 1.1272, 0.059321, 0.018053, 0.00057762, 0.11668, 0.0092684, 0.015866, 1.5825e-05, 0.72963, 0.0040762, 1.6476e-05, 1.1502, 0.13763, 4.9158e-05, 2.1408, 7.6293e-07, 7.5601e-05, 0.609, 0.90878, 0.6108, 0.33238, 0.23198, -1.4173, -1.3227, 0.50392, -0.0067575, -0.040339, -0.02114, -0.0074945, 0.24663, -0.034328, 0.022326, 2.1254, 1.1, 2.1025, 0.83199, 0.78748, 4.714, 4.1225, 1.0595, 0.023305, 8.3551, 1.8052, 0.020888, 7.2363, 2.2858, 0.067713, 0.21249, 0.0033768, 0.2056, 0.023064, 0.028513, 3.4737, 2.7398, 0.028523, 8.351e-05, 6.5128, 0.3082, 7.4435e-05, 4.5144, 0.4974, 0.00019034
7, 4, 0.2671, 0.04197, 0.13674, 2.25, 0.51118, 1.5134, 1.0564, 1.5884, 0.25543, 0.47478, 0.82318, 1.1474, 0.69133, 0.0006, 4.2576, 0.14208, 0.00957, 3.4762, 0.69529, 0.05307, 1.2141, 0.98648, 1.3831, 0.41887, 0.56071, 1.9562, 1.6821, 0.7656, 0.0092581, 5.0046, 0.75011, 0.0061743, 4.4613, 0.99341, 0.055413, 0.97115, 0.94993, 0.83659, 0.22834, 0.34859, 1.9496, 0.37326, 0.65531, 0.0030972, 3.1094, 0.13425, -0.0090384, 2.0957, 0.99197, 0.038215, 1.4571, 1.023, 1.9296, 0.6094, 0.77282, 1.9627, 2.991, 0.87589, 0.015419, 6.8998, 1.366, 0.021387, 6.827, 0.99484, 0.072611, 0.021816, 0.00049371, 0.11039, 0.013418, 0.01663, 1.5825e-05, 0.6332, 0.0044957, 1.4029e-05, 1.3275, 0.14018, 8.5538e-05, 2.0685, 7.6293e-07, 0.00010932, 0.4492, 0.89209, 0.64875, 0.14752, 0.27926, -1.1095, -0.99212, 0.48577, -0.0055514, 0.75016, -0.16684, -0.011141, 0.99461, -0.16665, 0.030792, 1.979, 1.0809, 2.1174, 0.69021, 0.84215, 5.0218, 4.3564, 1.0454, 0.024068, 9.2591, 1.667, 0.023489, 7.9281, 2.1535, 0.080034, 0.21625, 0.0032929, 0.19931, 0.027214, 0.029278, 3.4737, 2.6433, 0.028942, 8.1063e-05, 6.6901, 0.31076, 0.00011081, 4.4421, 0.4974, 0.00022406
8, 2.8571, 0.39611, 0.08082, 0.14075, 1.25, 0.73476, 1.6247, 1.0899, 0.70085, 0.32007, 0.3766, 0.36617, 1.059, 0.74724, 0.00219, 5.0962, 0.5123, 0.04598, 2.3498, 0.27283, 0.06464, 0.9267, 1.0034, 0.97966, 0.36249, 0.49932, 2.4907, 1.2226, 0.77214, 0.0049156, 5.9915, 0.59439, 0.0066673, 4.0779, 0.68972, 0.050264, 0.65599, 0.96903, 0.50075, 0.17164, 0.31626, 2.4841, -0.093905, 0.68107, -0.00080856, 4.3872, -0.030985, -0.00852, 1.6311, 0.68828, 0.036852, 1.1974, 1.0378, 1.4586, 0.55335, 0.68238, 2.4972, 2.539, 0.86322, 0.01064, 7.5957, 1.2198, 0.021855, 6.5247, 0.69116, 0.063677, 0.027087, 0.00043656, 0.084771, 0.013463, 0.012386, 1.5825e-05, 0.64058, 0.0030657, 1.2111e-05, 0.95125, 0.14455, 8.5252e-05, 2.2128, 7.6293e-07, 6.6488e-05, 0.15253, 0.90983, 0.29414, 0.090922, 0.23907, -0.57499, -1.4554, 0.49931, -0.0097175, 1.8584, -0.32897, -0.010626, 0.55529, -0.47033, 0.028121, 1.7009, 1.097, 1.6652, 0.63407, 0.75957, 5.5563, 3.9006, 1.045, 0.019549, 10.125, 1.5178, 0.02396, 7.6005, 1.8498, 0.072408, 0.22152, 0.0032358, 0.1737, 0.027259, 0.025034, 3.4737, 2.6507, 0.027512, 7.9145e-05, 6.3138, 0.31513, 0.00011053, 4.5864, 0.4974, 0.00018123
9, 2.1818, 0.48346, 0.03425, 0.11868, 2.0833, 1.2156, 0.45605, 1.0378, 1.5855, 0.54527, 0.46382, 0.68332, 0.25843, 0.985, 6e-05, 7.7086, 0.36648, 0.00075, 9.3108, 2.1324, 0.02999, 0.85521, 1.0268, 1.0703, 0.44866, 0.37993, 3.6945, 1.1187, 0.77185, 0.0068799, 5.414, 0.32325, 0.010288, 4.5445, 0.93295, 0.041892, 0.57989, 0.98487, 0.5126, 0.23594, 0.18724, 3.688, -0.29717, 0.64856, -0.00023753, 3.453, -0.1883, -0.0010806, 2.5762, 0.93152, 0.024213, 1.1305, 1.0686, 1.6281, 0.66138, 0.57261, 3.7011, 2.5346, 0.89515, 0.013997, 7.3751, 0.8348, 0.021658, 6.5127, 0.93439, 0.059571, 0.028016, 0.00064831, 0.11497, 0.016724, 0.013723, 1.5825e-05, 0.74098, 0.0056188, 1.8724e-05, 1.4214, 0.096722, 4.7774e-05, 1.4319, 7.6293e-07, 0.00011552, 0.079415, 0.93018, 0.3276, 0.1613, 0.11282, 0.62888, -1.6095, 0.48665, -0.0083523, 1.1298, -0.52716, -0.0037701, 1.3357, -0.2271, 0.016932, 1.631, 1.1233, 1.8131, 0.73602, 0.64704, 6.7602, 3.847, 1.0571, 0.022112, 9.6982, 1.1737, 0.024347, 7.7532, 2.093, 0.066852, 0.22245, 0.0034475, 0.2039, 0.03052, 0.026371, 3.4737, 2.7511, 0.030065, 8.5758e-05, 6.784, 0.2673, 7.3051e-05, 3.8055, 0.4974, 0.00023026
10, 3.0049, 0.2895, 0.12357, 0.36241, 1.3368, 0.48702, 1.8249, 1.074, 1.2253, 0.20694, 0.41138, 1.6604, 7.7699, 0.68264, 0.01968, 0.59822, 0.11743, 0.04534, 4.2926, 0.22415, 0.03884, 0.98849, 0.98717, 1.4782, 0.58527, 0.44115, 1.8667, 1.2118, 0.794, 0.010971, 3.2726, 0.97538, 0.022322, 5.5092, 1.0539, 0.038969, 0.78192, 0.94994, 1.1069, 0.45407, 0.29873, 1.8602, -0.0011727, 0.69164, 0.0047678, 1.6329, 0.50968, 0.014866, 3.7077, 1.0524, 0.027543, 1.1951, 1.0244, 1.8496, 0.71648, 0.58356, 1.8732, 2.4248, 0.89635, 0.017173, 4.9122, 1.4411, 0.029777, 7.3108, 1.0553, 0.050396, 0.015773, 0.00051229, 0.050975, 0.0063628, 0.0074962, 1.5825e-05, 0.54381, 0.0038723, 1.4221e-05, 0.99368, 0.080158, 2.0545e-05, 1.1996, 7.6292e-07, 4.8259e-05, 0.23436, 0.89252, 0.863, 0.35173, 0.20769, -1.1989, -1.4168, 0.5172, -0.0038563, -0.87435, 0.15174, 0.011187, 2.4, -0.1062, 0.017969, 1.7426, 1.0818, 2.0935, 0.81881, 0.6746, 4.9324, 3.8404, 1.0708, 0.025798, 7.4195, 1.799, 0.033456, 8.6185, 2.2139, 0.05997, 0.21021, 0.0033115, 0.1399, 0.020159, 0.020144, 3.4737, 2.5539, 0.028319, 8.1254e-05, 6.3562, 0.25074, 4.5822e-05, 3.5732, 0.4974, 0.000163
11, 4.7, 0.39202, 0.17869, 0.4617, 1.3333, 0.30439, 0.84518, 1.0126, 1.0591, 0.5762, 0.72465, 2.0494, 0.46394, 0.95066, 0.00158, 9.678, 0.8277, 0.00229, 2.929, 0.93059, 0.06781, 1.3804, 0.99534, 1.3432, 0.49276, 0.53644, 1.7175, 1.2946, 0.79374, 0.00092846, 6.3411, 0.88092, 0.0062557, 2.757, 1.1629, 0.052118, 1.1418, 0.95634, 0.78785, 0.35062, 0.31498, 1.711, -0.040013, 0.6786, -0.0056463, 4.4947, 0.25107, -0.0091839, 0.31654, 1.1615, 0.034721, 1.619, 1.0343, 1.8985, 0.6349, 0.7579, 1.724, 2.6292, 0.90888, 0.0075032, 8.1875, 1.5108, 0.021695, 5.1975, 1.1643, 0.069515, 0.021038, 0.00056228, 0.11399, 0.0074673, 0.018127, 1.5825e-05, 0.65835, 0.0048999, 1.5977e-05, 1.2601, 0.14663, 8.8109e-05, 2.2014, 7.6293e-07, 0.00011186, 0.61687, 0.89998, 0.60225, 0.25291, 0.24789, -1.3481, -1.3923, 0.51196, -0.014058, 2.1082, -0.045484, -0.011259, -0.76119, 0.0028373, 0.027358, 2.1439, 1.0907, 2.0841, 0.73261, 0.82499, 4.7831, 3.9815, 1.0755, 0.015915, 10.574, 1.8073, 0.023771, 6.2752, 2.3229, 0.076879, 0.21547, 0.0033615, 0.20292, 0.021263, 0.030775, 3.4737, 2.6685, 0.029346, 8.3011e-05, 6.6227, 0.31721, 0.00011339, 4.575, 0.4974, 0.00022661
12, 3.9167, 0.12293, 0.04813, 0, 1.3229, 0.27548, 1.5221, 1.0018, 1.735, 0.36818, 0.47592, 0.50948, 0.3616, 0.9373, 0.01864, 8.7805, 0.28777, 0.00331, 4.7191, 0.29467, 0.05908, 1.0775, 1.0091, 1.3852, 0.32288, 0.44972, 1.3509, 1.2042, 0.82457, 0.0058069, 5.4835, 0.74737, 0.0075684, 5.6085, 0.66646, 0.050024, 0.82653, 0.97283, 0.92664, 0.1557, 0.29629, 1.3444, -0.037274, 0.72152, -0.00023641, 3.7866, 0.18846, -0.0058874, 3.2379, 0.66502, 0.037509, 1.3284, 1.0454, 1.8438, 0.49005, 0.60314, 1.3575, 2.4457, 0.92762, 0.01185, 7.1804, 1.3063, 0.021024, 7.9791, 0.6679, 0.062538, 0.023277, 0.00048709, 0.07773, 0.01033, 0.0087006, 1.5825e-05, 0.56969, 0.003925, 1.3499e-05, 1.0643, 0.11546, 6.6921e-05, 2.0771, 7.6292e-07, 5.7886e-05, 0.31, 0.91484, 0.71374, 0.06739, 0.20939, -1.7147, -1.4377, 0.54751, -0.008954, 1.3136, -0.13234, -0.0082255, 2.1384, -0.4936, 0.028412, 1.845, 1.1034, 2.0567, 0.57836, 0.69005, 4.4166, 3.8462, 1.1016, 0.020568, 9.6534, 1.6271, 0.023362, 9.0786, 1.8265, 0.071635, 0.21771, 0.0032863, 0.16665, 0.024126, 0.021348, 3.4737, 2.5798, 0.028371, 8.0533e-05, 6.4269, 0.28604, 9.2198e-05, 4.4507, 0.4974, 0.00017263
13, 4, 0.16814, 0.01918, 0.3, 2.6111, 0.83011, 1.5936, 0.99743, 1.6494, 0.30572, 0.51048, 8.4966, 9.6572, 0.22792, 0.00198, 0.36659, 0.13221, 0.00253, 2.2576, 1.6473, 0.05051, 1.1118, 1.0423, 1.0536, 0.574, 0.3726, 2.9053, 1.1591, 0.64, 0.0058045, 3.0026, 0.67092, 0.014695, 3.8448, 1.784, 0.052267, 0.82819, 1.0023, 0.48889, 0.35901, 0.16409, 2.8987, -0.25984, 0.52213, -0.00099465, 1.0444, 0.060858, -0.00023017, 1.4457, 1.7825, 0.034782, 1.3954, 1.0823, 1.6184, 0.78899, 0.58111, 2.9118, 2.578, 0.75787, 0.012604, 4.9609, 1.281, 0.029619, 6.2439, 1.7854, 0.069752, 0.029725, 0.00059119, 0.11789, 0.017083, 0.016069, 1.5825e-05, 0.74415, 0.0051349, 1.7087e-05, 1.4174, 0.13756, 8.2331e-05, 2.1274, 7.6293e-07, 0.000113, 0.33301, 0.94656, 0.30562, 0.28496, 0.093863, -0.16037, -1.5707, 0.3571, -0.0092816, -1.2803, -0.24214, -0.0023681, 0.35513, 0.6239, 0.027444, 1.8905, 1.1381, 1.8017, 0.86304, 0.65134, 5.9709, 3.8889, 0.9229, 0.020891, 7.2856, 1.584, 0.031757, 7.3344, 2.944, 0.077089, 0.22416, 0.0033904, 0.20681, 0.030879, 0.028717, 3.4737, 2.7543, 0.029581, 8.412e-05, 6.7799, 0.30814, 0.00010761, 4.501, 0.4974, 0.00022774
14, 4, 0.17434, 0.0563, 0.5, 1.6875, 0.5452, 1.5208, 0.92554, 0.71779, 0.58641, 0.19682, 1.8178, 0.4209, 0.4626, 0.00925, 4.0116, 0.13642, 0.00506, 2.5387, 1.7192, 0.04971, 1.3992, 0.98322, 1.2273, 0.53678, 0.33245, 1.9954, 1.2654, 0.53977, 0.007922, 3.3422, 0.67702, 0.0092273, 2.8381, 1.7502, 0.059734, 1.1367, 0.9429, 0.6951, 0.35011, 0.13053, 1.9888, -0.15149, 0.41614, 0.0011208, 1.352, 0.12899, -0.0041761, 0.62868, 1.7488, 0.042093, 1.6618, 1.0235, 1.7595, 0.72344, 0.53438, 2.0019, 2.6823, 0.66341, 0.014723, 5.3324, 1.225, 0.022631, 5.0475, 1.7517, 0.077374, 0.025484, 0.00060067, 0.10468, 0.012879, 0.015071, 1.5825e-05, 0.74205, 0.0056497, 1.7097e-05, 1.464, 0.11101, 6.6402e-05, 1.8043, 7.6293e-07, 0.00011502, 0.62787, 0.88731, 0.50353, 0.26813, 0.058604, -1.0703, -1.4633, 0.25442, -0.0071651, -0.95544, -0.19582, -0.006522, -0.52395, 0.59017, 0.034801, 2.1706, 1.0791, 1.951, 0.80542, 0.6063, 5.061, 3.9942, 0.82512, 0.023009, 7.6398, 1.5499, 0.024977, 6.2002, 2.9103, 0.084666, 0.21992, 0.0033999, 0.19361, 0.026675, 0.027718, 3.4737, 2.7522, 0.030096, 8.413e-05, 6.8266, 0.28159, 9.1678e-05, 4.1779, 0.4974, 0.00022976
15, 3, 0.21736, 0.06894, 0.10552, 1.5151, 0.47661, 0.55042, 0.99978, 1.6919, 0.54468, 0.60361, 3.3233, 2.6952, 0.57219, 0.00115, 0.44286, 0.86658, 0.00063, 3.335, 2.1284, 0.04175, 0.80427, 0.99995, 1.2003, 0.46788, 0.42376, 1.7911, 1.3267, 0.76156, 0.0067442, 5.4478, 1.0287, 0.0060725, 6.2172, 0.74289, 0.05373, 0.61187, 0.96901, 0.91378, 0.36341, 0.32114, 1.7846, 0.36661, 0.68481, 0.0016529, 4.1885, 0.62553, -0.0004761, 4.706, 0.74146, 0.04429, 0.99667, 1.0309, 1.4868, 0.57236, 0.52637, 1.7977, 2.2868, 0.83832, 0.011836, 6.7071, 1.4318, 0.012621, 7.7284, 0.74433, 0.06317, 0.013682, 0.00035369, 0.030342, 0.0040341, 0.0038917, 1.5824e-05, 0.34072, 0.0021775, 9.5809e-06, 0.58613, 0.060069, 1.585e-05, 0.84411, 7.6292e-07, 3.2938e-05, 0.05389, 0.90759, 0.63225, 0.24825, 0.21222, -1.2745, -1.1952, 0.49318, -0.0076531, 1.436, 0.23871, -0.0044761, 3.2666, -0.41716, 0.033741, 1.5546, 1.0923, 1.7683, 0.68752, 0.63529, 4.8568, 3.8487, 1.03, 0.021142, 9.4596, 1.8186, 0.016621, 9.1677, 1.9029, 0.073719, 0.20812, 0.0031529, 0.11927, 0.01783, 0.01654, 3.4737, 2.3508, 0.026624, 7.6615e-05, 5.9487, 0.23065, 4.1127e-05, 3.2177, 0.4974, 0.00014768
16, 3.0022, 0.21409, 0.08002, 0.31039, 1.7895, 0.54525, 0.83329, 1.0493, 1.0514, 0.73559, 0.56109, 1.5731, 0.37948, 0.71591, 0.00223, 2.685, 0.64228, 0.01835, 8.2866, 0.72567, 0.04278, 1.0637, 1.0096, 1.3536, 0.62135, 0.4093, 1.9685, 1.0635, 0.73866, 0.0068945, 3.5063, 0.8409, 0.0219, 4.9218, 1.1967, 0.048547, 0.83966, 0.97004, 0.8777, 0.43232, 0.22669, 1.962, -0.28311, 0.63306, 0.00020805, 1.6792, 0.28113, 0.010967, 3.0692, 1.1953, 0.031461, 1.2877, 1.0491, 1.8296, 0.81038, 0.59191, 1.9751, 2.4101, 0.84426, 0.013581, 5.3334, 1.4007, 0.032833, 6.7744, 1.1982, 0.065632, 0.018546, 0.00057776, 0.083724, 0.013208, 0.012325, 1.5825e-05, 0.67023, 0.004122, 1.6525e-05, 1.2339, 0.11582, 4.418e-05, 1.2686, 7.6292e-07, 0.00010789, 0.30457, 0.91399, 0.67019, 0.35106, 0.14937, -1.0971, -1.6294, 0.46064, -0.0081412, -0.71827, -0.039353, 0.0081918, 1.7827, 0.036676, 0.024004, 1.8228, 1.1052, 2.0371, 0.89165, 0.66924, 5.0342, 3.7564, 1.0167, 0.02193, 7.7309, 1.7212, 0.035608, 8.0609, 2.3568, 0.073089, 0.21298, 0.003377, 0.17265, 0.027004, 0.024973, 3.4737, 2.6804, 0.028568, 8.3558e-05, 6.5965, 0.28639, 6.9456e-05, 3.6422, 0.4974, 0.00022263
17, 2, 0.23842, 0.10557, 0.09973, 0.91398, 0.55989, 0.95446, 0.97593, 0.536, 0.4464, 0.3831, 1.0751, 0.9754, 0.77616, 0.00024, 8.8799, 0.14642, 0.00343, 5.7354, 0.24015, 0.03407, 0.75908, 0.98904, 1.2292, 0.4732, 0.36095, 1.9887, 1.2807, 0.74348, 0.0078057, 4.192, 0.73366, 0.0049251, 4.2642, 0.54092, 0.04688, 0.51525, 0.95428, 0.6766, 0.30411, 0.17526, 1.9822, -0.095036, 0.65112, 0.0019593, 2.4033, 0.19636, -0.0088069, 2.2031, 0.53948, 0.030599, 1.0029, 1.0238, 1.7818, 0.64229, 0.54663, 1.9952, 2.6564, 0.83583, 0.013652, 5.9808, 1.271, 0.018657, 6.3253, 0.54236, 0.063161, 0.021974, 0.00044656, 0.11287, 0.010567, 0.012743, 1.5825e-05, 0.69951, 0.0031525, 1.2633e-05, 1.1827, 0.10671, 6.9697e-05, 1.5702, 7.6292e-07, 9.7975e-05, -0.0061032, 0.89533, 0.49032, 0.21646, 0.098845, -1.0769, -1.4269, 0.47022, -0.0068757, -0.016101, -0.13248, -0.011105, 0.99767, -0.61913, 0.02289, 1.5243, 1.0827, 1.9681, 0.72994, 0.62305, 5.0543, 3.9883, 1.0167, 0.022487, 8.4002, 1.5998, 0.020955, 7.5307, 1.701, 0.07087, 0.21641, 0.0032458, 0.20179, 0.024363, 0.025391, 3.4737, 2.7096, 0.027599, 7.9667e-05, 6.5452, 0.27728, 9.4974e-05, 3.9438, 0.4974, 0.00021272
18, 2.5, 0.2982, 0.06484, 0.3, 1.6667, 0.79933, 1.3174, 0.97958, 1.8095, 0.64832, 0.51745, 1.102, 0.53965, 0.7396, 0.00226, 3.0256, 0.57723, 0.00996, 3.9613, 0.64455, 0.04741, 1.0289, 1.0159, 1.2498, 0.43843, 0.34542, 2.5678, 1.0002, 0.73236, 0.010853, 3.3288, 0.4793, 0.0073529, 3.7469, 1.1775, 0.046956, 0.78723, 0.975, 0.71205, 0.23024, 0.15106, 2.5613, -0.33015, 0.6209, 0.0039079, 1.4812, -0.00026581, -0.0031197, 1.8951, 1.176, 0.030453, 1.2705, 1.0569, 1.7875, 0.64661, 0.53977, 2.5744, 2.3306, 0.84383, 0.017799, 5.1764, 0.95886, 0.017825, 5.5987, 1.1789, 0.063458, 0.02158, 0.0006197, 0.10688, 0.016019, 0.013962, 1.5825e-05, 0.65417, 0.004592, 1.7829e-05, 1.2617, 0.085003, 4.0537e-05, 1.2674, 7.6292e-07, 0.00010066, 0.26438, 0.91977, 0.52195, 0.15441, 0.0771, -0.49783, -1.6846, 0.45207, -0.0042993, -0.90468, -0.35226, -0.0059911, 0.60827, 0.017416, 0.022815, 1.7933, 1.1121, 1.9776, 0.72245, 0.61373, 5.6335, 3.6851, 1.0127, 0.026006, 7.5623, 1.3109, 0.020697, 6.8855, 2.3375, 0.071097, 0.21601, 0.0034189, 0.1958, 0.029815, 0.02661, 3.4737, 2.6643, 0.029038, 8.4863e-05, 6.6243, 0.25558, 6.5814e-05, 3.641, 0.4974, 0.0002154
19, 6.5574, 0.14555, 0.1037, 0.39612, 0.88496, 0.21859, 1.4921, 1.0042, 0.58148, 0.90992, 0.56099, 1.5057, 1.0719, 0.96934, 0.00092, 3.4929, 0.53461, 0.00361, 5.2712, 1.6091, 0.05272, 1.2033, 1.0042, 1.1917, 0.62701, 0.51086, 1.7001, 1.4405, 0.66876, 0.0040871, 4.3034, 0.77416, 0.012923, 3.4642, 1.6558, 0.067303, 0.97537, 0.96913, 0.68457, 0.4943, 0.36056, 1.6936, 0.018265, 0.57364, -0.0018092, 2.6706, 0.14579, 0.00092415, 0.95807, 1.6544, 0.054625, 1.4313, 1.0393, 1.6988, 0.75973, 0.66117, 1.7067, 2.8627, 0.76387, 0.0099833, 5.9362, 1.4025, 0.024922, 5.9704, 1.6572, 0.079981, 0.019209, 0.00045514, 0.095044, 0.00651, 0.00835, 1.5825e-05, 0.7476, 0.0033439, 1.285e-05, 0.98537, 0.14594, 5.3213e-05, 2.3214, 7.6292e-07, 5.9411e-05, 0.44307, 0.91039, 0.48617, 0.39262, 0.27251, -1.3655, -1.291, 0.39456, -0.010614, 0.15918, -0.15124, -0.0016496, -0.099862, 0.49573, 0.045596, 1.9636, 1.0981, 1.8972, 0.8614, 0.74921, 4.7658, 4.172, 0.94296, 0.018788, 8.4476, 1.6996, 0.027495, 7.0283, 2.8158, 0.08901, 0.21364, 0.0032543, 0.18397, 0.020306, 0.020998, 3.4737, 2.7577, 0.02779, 7.9884e-05, 6.3479, 0.31652, 7.849e-05, 4.695, 0.4974, 0.00017415
20, 4.7, 0.3222, 0.17869, 0.45618, 1.3333, 0.27337, 1.1103, 1.0222, 0.81343, 0.52532, 0.48292, 1.4509, 0.85413, 0.76469, 0.00027, 8.6927, 1.6705, 0.00381, 1.6846, 1.0394, 0.0723, 1.3385, 0.99463, 1.3456, 0.5687, 0.60012, 1.6741, 1.2184, 0.79358, 0.0018118, 5.8775, 0.81512, 0.0069027, 3.1176, 1.243, 0.05116, 1.1002, 0.95138, 0.79313, 0.42565, 0.37704, 1.6676, -0.11545, 0.68126, -0.0055903, 4.0846, 0.18696, -0.0082918, 0.67848, 1.2415, 0.034124, 1.5769, 1.0379, 1.8982, 0.71175, 0.82319, 1.6807, 2.5523, 0.9059, 0.0092138, 7.6704, 1.4433, 0.022097, 5.5567, 1.2444, 0.068196, 0.020997, 0.00069118, 0.11283, 0.0075638, 0.018393, 1.5825e-05, 0.65764, 0.0046629, 2.0251e-05, 1.1881, 0.14584, 8.5332e-05, 2.1989, 7.6293e-07, 0.00010727, 0.57506, 0.89745, 0.60682, 0.32831, 0.31032, -1.3915, -1.4681, 0.51295, -0.013556, 1.6676, -0.11013, -0.010396, -0.39967, 0.082905, 0.026652, 2.102, 1.0918, 2.0845, 0.8091, 0.88991, 4.7398, 3.905, 1.0742, 0.017179, 10.087, 1.7404, 0.024202, 6.6349, 2.403, 0.075668, 0.21543, 0.0034904, 0.20176, 0.02136, 0.03104, 3.4737, 2.6678, 0.029109, 8.7285e-05, 6.5507, 0.31642, 0.00011061, 4.5725, 0.4974, 0.00022201
21, 4.4984, 0.33805, 0.06971, 0.10139, 0.79167, 0.36058, 1.13, 0.90813, 1.9478, 0.24687, 0.60602, 1.2405, 2.7974, 0.96518, 0.0135, 1.3603, 0.50724, 0.0011, 3.8422, 0.47801, 0.06581, 1.0236, 0.98523, 1.8139, 0.24021, 0.54836, 1.6005, 2.3644, 0.75575, 0.014812, 4.7339, 0.1399, 0.011554, 3.7284, 0.59608, 0.061078, 0.82718, 0.95731, 1.5366, 0.16424, 0.44178, 1.594, 1.3909, 0.68204, 0.010246, 3.451, -0.21083, 0.0063309, 2.3574, 0.59465, 0.051984, 1.22, 1.0131, 2.0913, 0.31619, 0.65494, 1.6071, 3.3379, 0.82946, 0.019378, 6.0168, 0.49062, 0.016778, 5.0994, 0.59752, 0.070172, 0.014262, 0.00028805, 0.028428, 0.0021333, 0.0041985, 1.5825e-05, 0.35028, 0.0020081, 7.7058e-06, 0.60832, 0.045466, 1.0084e-05, 0.69473, 7.6292e-07, 3.0567e-05, 0.27219, 0.89384, 1.2505, 0.032615, 0.33487, -1.4651, -0.16266, 0.48822, 0.00059168, 0.71463, -0.62464, 0.0017731, 0.8472, -0.56397, 0.04125, 1.775, 1.0766, 2.3774, 0.44781, 0.76185, 4.6662, 4.8915, 1.0233, 0.029032, 8.7532, 0.90443, 0.021335, 6.6097, 1.7561, 0.080906, 0.2087, 0.0030873, 0.11735, 0.015929, 0.016846, 3.4737, 2.3604, 0.026454, 7.474e-05, 5.9709, 0.21604, 3.5361e-05, 3.0683, 0.4974, 0.00014531
22, 4.56, 0.08105, 0.04323, 0.2, 2.0833, 0.37977, 0.70575, 0.98823, 1.4376, 0.68811, 0.89367, 0.7368, 0.02477, 0.81933, 0.00801, 1.569, 0.97, 0.04414, 6.532, 0.75536, 0.0553, 1.0363, 1.0428, 1.3792, 0.50137, 0.66926, 1.7533, 1.2156, 0.60403, 0.0037863, 2.8654, 0.49774, 0.037469, 6.4173, 1.3721, 0.055318, 0.81409, 1.0066, 1.0139, 0.38658, 0.54004, 1.7468, 0.04306, 0.50121, -0.0022265, 1.2061, 0.085259, 0.030435, 4.8187, 1.3707, 0.043143, 1.2585, 1.079, 1.7445, 0.61617, 0.79847, 1.7599, 2.3881, 0.70685, 0.009799, 4.5247, 0.91023, 0.044502, 8.016, 1.3736, 0.067493, 0.018246, 0.00048475, 0.049321, 0.0048708, 0.0061715, 1.5825e-05, 0.50813, 0.0039075, 1.3363e-05, 1.0176, 0.062887, 1.8286e-05, 0.94456, 7.6293e-07, 5.4787e-05, 0.27771, 0.94857, 0.76766, 0.27664, 0.44361, -1.3123, -1.3947, 0.32706, -0.010962, -1.2893, -0.29702, 0.026612, 3.4211, 0.21209, 0.033902, 1.7948, 1.1371, 1.9908, 0.7261, 0.8949, 4.819, 3.8258, 0.881, 0.018535, 7.0202, 1.2925, 0.048325, 9.4136, 2.5322, 0.076735, 0.21268, 0.003284, 0.13825, 0.018667, 0.018819, 3.4737, 2.5183, 0.028354, 8.0396e-05, 6.3802, 0.23347, 4.3562e-05, 3.3182, 0.4974, 0.00016953
23, 3.9167, 0.12699, 0.06402, 0, 1.3229, 0.22169, 0.98261, 1.0157, 1.4987, 0.31919, 0.41162, 0.98462, 0.56256, 0.74492, 0.00767, 7.4124, 1.7882, 0.00233, 4.0706, 0.32542, 0.04698, 1.0625, 1.0035, 1.4717, 0.3752, 0.50126, 1.2408, 1.2657, 0.87575, 0.0070458, 5.9327, 0.77457, 0.0057191, 5.2331, 0.60838, 0.053336, 0.78974, 0.96788, 1.01, 0.20062, 0.34786, 1.2342, -0.10408, 0.7728, 0.0011364, 4.2348, 0.18582, -0.0079332, 2.8325, 0.60694, 0.040947, 1.3352, 1.0391, 1.9334, 0.54978, 0.65466, 1.2473, 2.6356, 0.9787, 0.012955, 7.6306, 1.3633, 0.019371, 7.6337, 0.60982, 0.065725, 0.027491, 0.00046922, 0.078795, 0.011265, 0.0086979, 1.5825e-05, 0.69355, 0.0039174, 1.2907e-05, 1.0656, 0.12812, 6.889e-05, 2.13, 7.6292e-07, 5.6731e-05, 0.28759, 0.90947, 0.79805, 0.11481, 0.26094, -1.8249, -1.4389, 0.59873, -0.0076608, 1.7624, -0.12439, -0.010243, 1.7424, -0.55167, 0.031797, 1.8373, 1.0975, 2.1453, 0.63559, 0.74158, 4.3064, 3.9704, 1.1528, 0.021752, 10.103, 1.6735, 0.021681, 8.7237, 1.7684, 0.074875, 0.22193, 0.0032684, 0.16772, 0.025061, 0.021346, 3.4737, 2.7037, 0.028364, 7.9941e-05, 6.4282, 0.29869, 9.4167e-05, 4.5036, 0.4974, 0.00017147
24, 2.5, 0.1772, 0.06191, 0.39994, 0.97222, 0.73215, 1.1913, 0.993, 0.88555, 0.62077, 0.47672, 1.5818, 0.76895, 0.66159, 0.00218, 1.3681, 1.028, 0.00144, 3.616, 1.0923, 0.03367, 1.1226, 0.99657, 1.1085, 0.67876, 0.28784, 2.3566, 1.0165, 0.62312, 0.0070043, 2.0062, 0.68862, 0.010077, 3.439, 1.4183, 0.047102, 0.87941, 0.95725, 0.571, 0.50213, 0.087349, 2.3501, -0.33171, 0.52125, 0.00032848, 0.28561, 0.066678, -0.0044973, 1.0093, 1.4168, 0.032711, 1.3657, 1.0359, 1.6461, 0.85538, 0.48834, 2.3631, 2.3648, 0.72499, 0.01368, 3.7268, 1.3106, 0.024652, 5.8688, 1.4197, 0.061493, 0.021855, 0.00057128, 0.1068, 0.01153, 0.014858, 1.5825e-05, 0.67187, 0.0038356, 1.6472e-05, 1.0942, 0.14297, 7.8515e-05, 2.182, 7.6292e-07, 7.6546e-05, 0.3576, 0.90107, 0.38084, 0.41699, 0.015048, -0.70905, -1.6772, 0.3465, -0.0080266, -2.1734, -0.23242, -0.00668, -0.071741, 0.25821, 0.024352, 1.8875, 1.0921, 1.8362, 0.94052, 0.56064, 5.4222, 3.7103, 0.89974, 0.022035, 6.1858, 1.6097, 0.026835, 6.9498, 2.5783, 0.069851, 0.21629, 0.0033705, 0.19572, 0.025326, 0.027506, 3.4737, 2.682, 0.028282, 8.3506e-05, 6.4568, 0.31355, 0.00010379, 4.5556, 0.4974, 0.00019129
25, 2.1818, 0.31447, 0.1057, 0.42002, 1.25, 0.63982, 1.6726, 1.007, 1.7332, 0.54085, 0.35403, 1.6059, 0.52666, 0.71175, 0.00026, 1.5558, 1.6702, 0.00185, 2.256, 1.1532, 0.03867, 1.1243, 0.99918, 1.3618, 0.50424, 0.31632, 2.0704, 1.6853, 0.72458, 0.0075347, 3.6456, 0.7819, 0.0036468, 2.6568, 1.1072, 0.047545, 0.89155, 0.95669, 0.79801, 0.31202, 0.11293, 2.0639, 0.2749, 0.61314, 0.00027565, 1.7769, 0.17799, -0.0085313, 0.30829, 1.1057, 0.030858, 1.357, 1.0417, 1.9255, 0.69646, 0.51972, 2.077, 3.0956, 0.83603, 0.014794, 5.5142, 1.3858, 0.015825, 5.0054, 1.1086, 0.064232, 0.020018, 0.00066729, 0.11747, 0.013657, 0.015291, 1.5825e-05, 0.7352, 0.0045906, 1.9476e-05, 1.2906, 0.1348, 5.4816e-05, 2.0387, 7.6293e-07, 0.00010292, 0.36256, 0.90233, 0.6145, 0.2317, 0.041387, -0.99522, -1.0401, 0.4443, -0.0077642, -0.59713, -0.12706, -0.011074, -0.79823, -0.052873, 0.023278, 1.886, 1.096, 2.109, 0.77677, 0.59126, 5.1361, 4.4106, 1.0049, 0.022834, 7.8883, 1.6909, 0.018367, 6.1119, 2.2672, 0.071812, 0.21445, 0.0034665, 0.2064, 0.027453, 0.027939, 3.4737, 2.7453, 0.029037, 8.651e-05, 6.6532, 0.30538, 8.0093e-05, 4.4123, 0.4974, 0.00021766
26, 6, 0.34416, 0.06131, 0.09624, 0.8642, 0.29775, 1.7968, 0.94907, 1.8108, 0.27522, 0.37132, 0.70705, 0.28501, 0.65146, 0.00435, 4.8391, 0.46177, 0.01939, 5.9377, 0.69136, 0.0635, 1.2878, 0.99318, 1.5757, 0.26656, 0.46497, 1.6614, 2.7287, 0.80636, 0.016192, 5.1257, 0.24757, 0.0076574, 4.0033, 0.77907, 0.06468, 1.0463, 0.96337, 1.0935, 0.16492, 0.27254, 1.6548, 1.5076, 0.72625, 0.011241, 3.5876, -0.26322, -0.0051193, 1.7897, 0.77764, 0.05081, 1.5294, 1.023, 2.0578, 0.36821, 0.6574, 1.6679, 3.9497, 0.88646, 0.021144, 6.6639, 0.75835, 0.020434, 6.2169, 0.78051, 0.078549, 0.021565, 0.00032846, 0.085922, 0.0038184, 0.013686, 1.5825e-05, 0.55107, 0.0023717, 9.0626e-06, 0.87448, 0.096433, 6.0336e-05, 1.8111, 7.6292e-07, 7.1102e-05, 0.52336, 0.90119, 0.88789, 0.048261, 0.19805, -1.4043, 0.096278, 0.53699, 0.0018436, 1.0179, -0.60238, -0.007562, 0.63853, -0.38098, 0.042256, 2.0523, 1.0852, 2.2635, 0.48487, 0.73189, 4.727, 5.361, 1.0757, 0.030541, 9.2336, 1.0975, 0.022877, 7.3681, 1.9391, 0.087103, 0.216, 0.0031277, 0.17485, 0.017614, 0.026334, 3.4737, 2.5612, 0.026818, 7.6096e-05, 6.2371, 0.26701, 8.5613e-05, 4.1847, 0.4974, 0.00018584
27, 3.5, 0.38431, 0.09646, 0.15341, 1.4286, 0.54397, 1.004, 1.0592, 0.54391, 0.47465, 0.49448, 0.98812, 0.97647, 0.84854, 0.00092, 9.9582, 0.10119, 0.00454, 8.4009, 0.33109, 0.04835, 1.0174, 1.0088, 0.78528, 0.49632, 0.5223, 2.0722, 0.95575, 0.81542, 0.0032236, 6.2477, 0.83222, 0.00604, 4.1558, 0.67917, 0.057962, 0.78627, 0.97529, 0.40963, 0.3861, 0.39182, 2.0657, -0.17326, 0.72554, -0.0023219, 4.718, 0.37753, -0.0017041, 2.2498, 0.67774, 0.046756, 1.2486, 1.0422, 1.1609, 0.60654, 0.65278, 2.0788, 2.0848, 0.90531, 0.008769, 7.7774, 1.2869, 0.013784, 6.0618, 0.68061, 0.069167, 0.019748, 0.00041399, 0.052158, 0.0044903, 0.0062927, 1.5825e-05, 0.47113, 0.0029864, 1.1366e-05, 0.8649, 0.076415, 2.2166e-05, 1.3428, 7.6292e-07, 4.6409e-05, 0.25618, 0.91552, 0.16746, 0.27389, 0.29593, -0.99342, -1.6352, 0.54299, -0.011341, 2.143, 0.014758, -0.0052895, 0.98485, -0.48088, 0.037081, 1.7787, 1.102, 1.4031, 0.71875, 0.74868, 5.1379, 3.5467, 1.0879, 0.017788, 10.352, 1.6497, 0.01737, 7.3267, 1.8392, 0.078842, 0.21418, 0.0032132, 0.14108, 0.018286, 0.018941, 3.4737, 2.4813, 0.027433, 7.84e-05, 6.2275, 0.24699, 4.7443e-05, 3.7164, 0.4974, 0.00016115
28, 3.5, 0.41773, 0.10888, 0.11117, 1.3757, 0.51192, 1.5973, 1.0354, 0.61262, 0.49929, 0.59003, 0.99534, 0.53494, 0.79018, 0.00025, 9.5847, 0.07093, 0.00762, 8.0351, 0.27199, 0.0456, 0.93746, 0.99408, 1.0897, 0.41374, 0.53058, 2.0153, 1.3106, 0.84161, 0.0069552, 6.1663, 0.79761, 0.004834, 4.7441, 0.51302, 0.052564, 0.69966, 0.9557, 0.57315, 0.28275, 0.34226, 2.0088, 0.010788, 0.74574, 0.00048033, 4.485, 0.23573, -0.0076467, 2.5891, 0.51158, 0.03772, 1.1753, 1.0325, 1.6063, 0.54472, 0.7189, 2.0219, 2.6105, 0.93748, 0.01343, 7.8477, 1.3595, 0.017315, 6.8992, 0.51445, 0.067409, 0.020902, 0.00054439, 0.098635, 0.0063414, 0.013108, 1.5825e-05, 0.6245, 0.0033971, 1.5495e-05, 1.0448, 0.11669, 5.7573e-05, 1.7166, 7.6293e-07, 8.1448e-05, 0.17417, 0.89896, 0.37739, 0.18032, 0.2666, -1.0503, -1.3592, 0.56715, -0.0079876, 2.0027, -0.083992, -0.010138, 1.4175, -0.64704, 0.029525, 1.7007, 1.0892, 1.8021, 0.64715, 0.79455, 5.081, 3.9805, 1.1161, 0.021898, 10.33, 1.6792, 0.019806, 8.0707, 1.6731, 0.075603, 0.21534, 0.0033436, 0.18756, 0.020137, 0.025756, 3.4737, 2.6346, 0.027843, 8.2529e-05, 6.4074, 0.28727, 8.285e-05, 4.0902, 0.4974, 0.00019619
29, 4, 0.18328, 0.06227, 0.7, 1.6042, 0.48987, 1.8198, 0.93056, 1.8163, 0.74194, 0.31176, 2.3513, 0.03742, 0.30291, 0.00428, 1.4146, 0.28836, 0.00409, 1.8575, 2.3061, 0.07815, 1.6259, 0.98653, 1.4154, 0.52692, 0.26719, 1.7258, 1.5003, 0.4845, 0.0062777, 2.7753, 0.7266, 0.0065171, 1.5414, 2.0194, 0.063467, 1.3682, 0.94455, 0.86715, 0.317, 0.056904, 1.7193, 0.14248, 0.35882, -0.00086074, 0.77224, 0.196, -0.0064093, -0.59122, 2.018, 0.045673, 1.8836, 1.0285, 1.9637, 0.73684, 0.47748, 1.7324, 2.8581, 0.61018, 0.013416, 4.7784, 1.2572, 0.019444, 3.674, 2.0209, 0.081261, 0.024542, 0.00065156, 0.1111, 0.016288, 0.016345, 1.5825e-05, 0.68143, 0.0058379, 1.8834e-05, 1.483, 0.10406, 6.176e-05, 1.681, 7.6293e-07, 0.00011703, 0.85621, 0.88991, 0.67976, 0.24162, -0.01288, -1.3398, -1.1983, 0.19825, -0.0089644, -1.5283, -0.1354, -0.0088282, -1.7707, 0.85937, 0.038426, 2.3956, 1.0832, 2.151, 0.81221, 0.54727, 4.7915, 4.1988, 0.77074, 0.02152, 7.0789, 1.5886, 0.021863, 4.8535, 3.1795, 0.088509, 0.21898, 0.0034508, 0.20002, 0.030084, 0.028993, 3.4737, 2.6916, 0.030284, 8.5868e-05, 6.8456, 0.27464, 8.7036e-05, 4.0546, 0.4974, 0.00023177
30, 2.8571, 0.3592, 0.09246, 0.12559, 1.6927, 0.62444, 0.325, 0.94113, 1.3664, 0.48435, 0.57674, 1.7726, 0.13582, 0.64346, 0.00026, 6.656, 0.42409, 0.00081, 1.9017, 0.77251, 0.04249, 0.93155, 0.99515, 0.7822, 0.39147, 0.548, 2.2314, 1.1189, 0.81202, 0.0071784, 6.0223, 0.89236, 0.0042073, 3.6412, 0.66967, 0.042823, 0.68979, 0.96126, 0.38207, 0.26821, 0.38777, 2.2248, -0.025398, 0.72183, 0.0014953, 4.4924, 0.38625, -0.0060364, 1.6392, 0.66823, 0.029619, 1.1733, 1.029, 1.1823, 0.51472, 0.70823, 2.2379, 2.2632, 0.90222, 0.012861, 7.5523, 1.3985, 0.014451, 5.6432, 0.67111, 0.056028, 0.021604, 0.00042462, 0.059177, 0.005615, 0.0094895, 1.5825e-05, 0.48396, 0.0030068, 1.1937e-05, 0.86516, 0.094673, 3.8785e-05, 1.4814, 7.6292e-07, 6.4446e-05, 0.16702, 0.90176, 0.1492, 0.1623, 0.30327, -0.83427, -1.4788, 0.53949, -0.0074387, 1.9175, 0.045216, -0.0089578, 0.41169, -0.49039, 0.020805, 1.6961, 1.0885, 1.4152, 0.62063, 0.79273, 5.297, 3.7166, 1.0846, 0.021795, 10.127, 1.7395, 0.017372, 6.8708, 1.8297, 0.064842, 0.21604, 0.0032238, 0.1481, 0.019411, 0.022137, 3.4737, 2.4941, 0.027453, 7.8971e-05, 6.2277, 0.26525, 6.4061e-05, 3.855, 0.4974, 0.00017919
31, 6.2215, 0.11341, 0.01519, 0.05049, 2.0833, 0.28018, 1.7417, 1.0556, 1.6777, 0.42506, 0.59611, 0.32746, 0.71871, 0.71766, 0.00437, 3.5297, 0.03528, 0.00604, 1.697, 0.81686, 0.08974, 1.2248, 1.025, 1.4072, 0.38519, 0.5721, 1.6931, 1.1333, 0.79366, 0.0052179, 5.2076, 0.7165, 0.0055307, 3.5608, 1.2461, 0.071363, 0.97466, 0.98367, 0.90235, 0.20274, 0.41035, 1.6865, -0.19463, 0.67885, -0.0018415, 3.2958, 0.202, -0.0060235, 1.5835, 1.2447, 0.055821, 1.4749, 1.0664, 1.9121, 0.56763, 0.73385, 1.6996, 2.4612, 0.90847, 0.012277, 7.1194, 1.231, 0.017085, 5.5381, 1.2476, 0.086905, 0.023118, 0.00063265, 0.094214, 0.012303, 0.0096702, 1.5825e-05, 0.65176, 0.004872, 1.842e-05, 1.3509, 0.097837, 4.9343e-05, 1.4451, 7.6293e-07, 8.9284e-05, 0.45755, 0.92869, 0.70331, 0.11946, 0.32637, -1.3726, -1.5503, 0.51201, -0.0099873, 0.9457, -0.13568, -0.008678, 0.34651, 0.086071, 0.047868, 1.992, 1.1214, 2.1111, 0.65091, 0.81783, 4.7587, 3.8169, 1.0753, 0.020423, 9.4695, 1.5687, 0.019739, 6.7751, 2.4062, 0.094858, 0.21755, 0.0034319, 0.18314, 0.026099, 0.022318, 3.4737, 2.6619, 0.029318, 8.5454e-05, 6.7135, 0.26842, 7.462e-05, 3.8187, 0.4974, 0.00020403
32, 2.5, 0.47946, 0.05863, 0.19988, 0.83333, 0.85669, 0.81227, 1.0873, 1.38, 0.39822, 0.43119, 1.0617, 0.57231, 0.69524, 0.01855, 8.2264, 1.2439, 0.00839, 4.3326, 0.31149, 0.02851, 1.0314, 1.0155, 1.262, 0.35939, 0.36384, 2.611, 1.3583, 0.75979, 0.007642, 6.1885, 0.53404, 0.007858, 3.9966, 0.66054, 0.050392, 0.76511, 0.97285, 0.71383, 0.18258, 0.14266, 2.6045, -0.030073, 0.641, 0.00036826, 4.3005, -0.094331, -0.0077873, 1.4954, 0.6591, 0.033411, 1.2977, 1.0581, 1.8101, 0.5362, 0.58501, 2.6176, 2.7467, 0.87857, 0.014916, 8.0766, 1.1624, 0.023503, 6.4979, 0.66198, 0.067372, 0.026214, 0.00067201, 0.11105, 0.011555, 0.018081, 1.5825e-05, 0.71249, 0.0052151, 1.9555e-05, 1.3176, 0.14594, 9.0472e-05, 2.3124, 7.6293e-07, 0.00010657, 0.25878, 0.91858, 0.52642, 0.097497, 0.075502, -0.45461, -1.3557, 0.4765, -0.0076639, 1.9372, -0.39136, -0.0098384, 0.43598, -0.49951, 0.025922, 1.8041, 1.1124, 1.9975, 0.62128, 0.65217, 5.6767, 4.0724, 1.0431, 0.022948, 10.44, 1.4594, 0.025554, 7.5573, 1.8206, 0.074862, 0.22065, 0.0034712, 0.19998, 0.025351, 0.030729, 3.4737, 2.7226, 0.029661, 8.6589e-05, 6.6802, 0.31652, 0.00011575, 4.686, 0.4974, 0.00022132
33, 4, 0.29084, 0.13792, 0.19995, 1.1111, 0.3202, 1.833, 0.97656, 1.8305, 0.45665, 0.57029, 1.069, 1.1707, 0.97682, 0.00127, 4.5274, 1.0832, 0.00311, 9.3245, 0.46392, 0.05143, 1.1809, 0.99107, 1.3055, 0.50699, 0.51362, 1.6606, 0.95904, 0.79714, 0.0030798, 5.5805, 0.87175, 0.0072229, 4.1649, 0.75684, 0.054073, 0.97138, 0.95807, 1.0125, 0.40192, 0.40342, 1.6541, -0.074498, 0.71149, -0.0023544, 4.1337, 0.50515, 0.0019635, 2.7238, 0.7554, 0.04425, 1.3904, 1.0241, 1.5986, 0.61207, 0.62382, 1.6672, 1.9926, 0.88278, 0.0085139, 7.0273, 1.2384, 0.012482, 5.6059, 0.75828, 0.063896, 0.016225, 0.00040242, 0.031747, 0.004081, 0.0044887, 1.5825e-05, 0.39482, 0.002711, 1.0915e-05, 0.77368, 0.049674, 1.0224e-05, 0.76755, 7.6292e-07, 3.5664e-05, 0.42595, 0.898, 0.73415, 0.28707, 0.2983, -1.405, -1.5918, 0.52607, -0.011442, 1.5059, 0.099807, -0.0025775, 1.2497, -0.40321, 0.033901, 1.9359, 1.0841, 1.8769, 0.72692, 0.72894, 4.7263, 3.5099, 1.0682, 0.017602, 9.655, 1.6437, 0.017023, 7.0801, 1.9169, 0.074246, 0.21066, 0.0032016, 0.12067, 0.017877, 0.017137, 3.4737, 2.4049, 0.027157, 7.7948e-05, 6.1363, 0.22025, 3.5501e-05, 3.1412, 0.4974, 0.00015041
34, 5.3333, 0.35833, 0.05406, 0.04308, 1.3368, 0.37016, 1.633, 1.081, 1.0542, 0.24966, 0.87643, 5.1546, 6.7792, 0.86043, 0.0225, 1.3707, 0.0227, 0.00683, 1.9686, 0.64833, 0.07126, 1.1721, 1.0158, 1.3401, 0.16258, 0.47019, 1.764, 2.7072, 0.85219, 0.014938, 7.4011, 0.56766, 0.024937, 3.9681, 0.66984, 0.066076, 0.91929, 0.97682, 0.91739, 0.031371, 0.30098, 1.7574, 1.528, 0.74853, 0.0083544, 5.6828, 0.061826, 0.014842, 2.01, 0.6684, 0.052242, 1.4249, 1.0548, 1.7628, 0.29379, 0.63939, 1.7705, 3.8864, 0.95585, 0.021521, 9.1194, 1.0735, 0.035031, 5.9262, 0.67128, 0.079909, 0.023622, 0.00056117, 0.066036, 0.006363, 0.010582, 1.5825e-05, 0.51393, 0.0039716, 1.602e-05, 1.0913, 0.094573, 3.766e-05, 1.4171, 7.6293e-07, 7.0734e-05, 0.404, 0.92044, 0.69258, -0.070962, 0.21949, -1.3017, 0.093997, 0.57491, -5.2236e-05, 3.2224, -0.27932, 0.011887, 0.76562, -0.49022, 0.043674, 1.9402, 1.1111, 1.9876, 0.39612, 0.72088, 4.8296, 5.3204, 1.1295, 0.029928, 11.58, 1.4146, 0.037986, 7.1706, 1.8299, 0.088477, 0.21806, 0.0033604, 0.15496, 0.020159, 0.02323, 3.4737, 2.5241, 0.028418, 8.3053e-05, 6.4538, 0.26515, 6.2937e-05, 3.7907, 0.4974, 0.00018548
35, 2.5, 0.13114, 0.11054, 0.25389, 0.97222, 0.42379, 0.88513, 0.94691, 1.3673, 0.69261, 0.85921, 2.5579, 1.0546, 0.53489, 0.00371, 0.3588, 0.53943, 0.00061, 2.3382, 1.1408, 0.02865, 0.82492, 1.0064, 1.1069, 0.59824, 0.54068, 1.6718, 1.4326, 0.69868, 0.0078327, 2.7269, 0.67172, 0.0036507, 3.5684, 0.95224, 0.046638, 0.58005, 0.96855, 0.55831, 0.42349, 0.35166, 1.6652, 0.044993, 0.59385, 0.0014297, 0.97267, 0.12969, -0.0097078, 1.4482, 0.9508, 0.033265, 1.0698, 1.0443, 1.6555, 0.77298, 0.7297, 1.6783, 2.8203, 0.8035, 0.014236, 4.4811, 1.2137, 0.017009, 5.6886, 0.95368, 0.060011, 0.022161, 0.00053076, 0.11124, 0.011287, 0.013205, 1.5825e-05, 0.71169, 0.0040611, 1.5154e-05, 1.1374, 0.10859, 6.5958e-05, 1.6615, 7.6292e-07, 6.6101e-05, 0.059402, 0.91152, 0.37101, 0.33774, 0.2762, -1.3939, -1.281, 0.42096, -0.0070791, -1.4667, -0.19736, -0.01206, 0.26427, -0.20781, 0.024519, 1.5904, 1.1014, 1.8428, 0.85874, 0.80515, 4.7374, 4.1463, 0.9764, 0.022744, 6.9204, 1.5408, 0.019362, 6.8725, 2.1123, 0.068758, 0.2166, 0.00333, 0.20016, 0.025082, 0.025853, 3.4737, 2.7218, 0.028507, 8.2187e-05, 6.5, 0.27917, 9.1234e-05, 4.0351, 0.4974, 0.00018084
36, 3, 0.24453, 0.05395, 0.11871, 1.5151, 0.59776, 0.55993, 0.90153, 1.752, 0.16836, 0.42723, 7.2512, 6.4201, 0.49806, 0.02915, 0.45405, 0.26621, 0.00774, 4.9483, 0.69782, 0.04736, 0.88577, 1.0079, 1.2033, 0.46492, 0.42005, 2.094, 1.5681, 0.71183, 0.0056919, 4.8366, 0.60175, 0.011917, 4.1753, 0.83404, 0.051479, 0.64079, 0.97419, 0.74663, 0.32068, 0.28031, 2.0875, 0.27896, 0.62708, 7.1189e-05, 3.4179, 0.010972, -0.0014054, 1.8675, 0.8326, 0.0387, 1.1308, 1.0416, 1.6601, 0.60917, 0.55978, 2.1005, 2.8573, 0.79657, 0.011313, 6.2552, 1.1925, 0.02524, 6.4831, 0.83548, 0.064259, 0.022183, 0.00041959, 0.077097, 0.0076903, 0.0072172, 1.5825e-05, 0.61428, 0.0026544, 1.1677e-05, 0.74386, 0.129, 6.5604e-05, 1.9685, 7.6292e-07, 6.0366e-05, 0.12022, 0.91456, 0.53314, 0.22381, 0.18822, -0.97164, -1.0965, 0.44105, -0.0089011, 0.77195, -0.29854, -0.0037633, 0.74778, -0.32601, 0.029713, 1.6513, 1.1012, 1.8736, 0.70603, 0.65188, 5.1597, 4.2328, 0.98261, 0.020285, 8.9012, 1.502, 0.027598, 7.6028, 1.9941, 0.073245, 0.21662, 0.0032188, 0.16602, 0.021486, 0.019865, 3.4737, 2.6244, 0.027101, 7.8711e-05, 6.1064, 0.29958, 9.0881e-05, 4.3421, 0.4974, 0.00017511
37, 4.4984, 0.33805, 0.06971, 0.10139, 0.79167, 0.36058, 0.79565, 0.93252, 1.8733, 0.14583, 0.64376, 0.81153, 0.96056, 0.43328, 0.04854, 4.8255, 0.01387, 0.00907, 3.2548, 0.52472, 0.06344, 1.0481, 0.98272, 1.8377, 0.25584, 0.53583, 1.6005, 2.6845, 0.79945, 0.010784, 4.3408, 0.2714, 0.0083746, 3.9003, 0.59608, 0.06171, 0.8517, 0.9548, 1.5604, 0.17987, 0.42925, 1.594, 1.711, 0.72574, 0.0062178, 3.0579, -0.07933, 0.0031512, 2.5293, 0.59465, 0.052616, 1.2446, 1.0106, 2.1151, 0.33181, 0.64241, 1.6071, 3.658, 0.87316, 0.01535, 5.6237, 0.62213, 0.013598, 5.2713, 0.59752, 0.070804, 0.014262, 0.00028805, 0.028428, 0.0021333, 0.0041985, 1.5825e-05, 0.35028, 0.0020081, 7.7058e-06, 0.60832, 0.045466, 1.0084e-05, 0.69473, 7.6292e-07, 3.0567e-05, 0.29671, 0.89133, 1.2743, 0.048239, 0.32234, -1.4651, 0.15743, 0.53191, -0.0034363, 0.32155, -0.49314, -0.0014066, 1.0191, -0.56397, 0.041882, 1.7996, 1.0741, 2.4012, 0.46344, 0.74933, 4.6662, 5.2116, 1.067, 0.025004, 8.3601, 1.0359, 0.018156, 6.7816, 1.7561, 0.081537, 0.2087, 0.0030873, 0.11735, 0.015929, 0.016846, 3.4737, 2.3604, 0.026454, 7.474e-05, 5.9709, 0.21604, 3.5361e-05, 3.0683, 0.4974, 0.00014531
38, 2, 0.09264, 0.0611, 0.34991, 1.3333, 0.66775, 1.023, 1.0096, 1.7243, 0.73859, 0.79833, 0.77002, 0.55564, 0.871, 0.00051, 0.71047, 1.9766, 0.00365, 2.6854, 1.0026, 0.05222, 0.99696, 1.0186, 1.2882, 0.6169, 0.47994, 2.146, 0.9331, 0.66858, 0.0061834, 1.6858, 0.87817, 0.005477, 4.343, 1.3695, 0.053822, 0.76349, 0.98433, 0.87872, 0.43623, 0.30633, 2.1395, -0.27292, 0.56498, 0.00050238, -0.13623, 0.27365, -0.0028974, 2.4783, 1.3681, 0.037862, 1.2304, 1.0528, 1.6977, 0.79758, 0.65355, 2.1525, 2.1391, 0.77218, 0.011864, 3.5078, 1.4827, 0.013851, 6.2077, 1.371, 0.069781, 0.020146, 0.00043337, 0.061977, 0.012066, 0.011141, 1.5825e-05, 0.53759, 0.0039671, 1.1929e-05, 1.227, 0.13507, 2.5921e-05, 1.2851, 7.6293e-07, 9.4144e-05, 0.23501, 0.92506, 0.64925, 0.35239, 0.22624, -0.91964, -1.6923, 0.39132, -0.0084329, -2.5366, -0.031203, -0.0062924, 1.1968, 0.20949, 0.030049, 1.7589, 1.1121, 1.9272, 0.88142, 0.73363, 5.2116, 3.5585, 0.94584, 0.0208, 5.9081, 1.7875, 0.017246, 7.4893, 2.5296, 0.077594, 0.21458, 0.0032326, 0.1509, 0.025862, 0.023788, 3.4737, 2.5477, 0.028413, 7.8963e-05, 6.5896, 0.30565, 5.1197e-05, 3.6587, 0.4974, 0.00020889
39, 4.4984, 0.33805, 0.06971, 0.10139, 0.79167, 0.36058, 1.8536, 1.0883, 1.9676, 0.08987, 0.49055, 0.38119, 6.3728, 0.96148, 0.00753, 2.4561, 0.03855, 0.01783, 3.045, 0.38185, 0.06782, 0.97054, 0.96669, 1.8076, 0.26449, 0.58669, 1.6005, 1.7414, 0.75606, 0.015498, 4.6096, 0.26482, 0.0048797, 3.9618, 0.59608, 0.060543, 0.77411, 0.93877, 1.5302, 0.18852, 0.48011, 1.594, 0.76789, 0.68235, 0.010932, 3.3267, -0.085908, -0.00034361, 2.5908, 0.59465, 0.051449, 1.167, 0.9946, 2.0849, 0.34046, 0.69327, 1.6071, 2.7149, 0.82977, 0.020064, 5.8925, 0.61555, 0.010103, 5.3328, 0.59752, 0.069637, 0.014262, 0.00028805, 0.028428, 0.0021333, 0.0041985, 1.5825e-05, 0.35028, 0.0020081, 7.7058e-06, 0.60832, 0.045466, 1.0084e-05, 0.69473, 7.6292e-07, 3.0567e-05, 0.21911, 0.87529, 1.2441, 0.056892, 0.3732, -1.4651, -0.7857, 0.48853, 0.001278, 0.59034, -0.49972, -0.0049014, 1.0805, -0.56397, 0.040715, 1.722, 1.0581, 2.3711, 0.47209, 0.80018, 4.6662, 4.2685, 1.0236, 0.029718, 8.6289, 1.0294, 0.014661, 6.843, 1.7561, 0.080371, 0.2087, 0.0030873, 0.11735, 0.015929, 0.016846, 3.4737, 2.3604, 0.026454, 7.474e-05, 5.9709, 0.21604, 3.5361e-05, 3.0683, 0.4974, 0.00014531
40, 4, 0.25756, 0.09774, 0.21, 1.5, 0.38708, 0.80888, 0.96822, 1.9965, 0.35204, 0.52437, 0.40713, 1.5386, 0.85234, 0.00013, 0.85966, 1.2515, 0.00198, 3.1628, 1.1869, 0.04649, 1.176, 0.99192, 1.5509, 0.5672, 0.51053, 1.7381, 1.0719, 0.75223, 0.0050282, 4.4501, 0.76395, 0.0095624, 4.6876, 0.93694, 0.04857, 0.94487, 0.95734, 1.0648, 0.39162, 0.33806, 1.7315, -0.26196, 0.66165, -0.00072816, 2.8124, 0.15863, -0.0034573, 2.3258, 0.93551, 0.034002, 1.4072, 1.0265, 2.037, 0.74278, 0.683, 1.7446, 2.4057, 0.8428, 0.010785, 6.0878, 1.3693, 0.022582, 7.0493, 0.93838, 0.063139, 0.019752, 0.00044175, 0.087343, 0.011394, 0.010995, 1.5825e-05, 0.65757, 0.0030323, 1.2247e-05, 0.99132, 0.13543, 6.2654e-05, 2.0616, 7.6292e-07, 7.8447e-05, 0.4148, 0.89827, 0.86032, 0.30614, 0.25762, -1.3276, -1.6147, 0.47956, -0.0096176, 0.30394, -0.14595, -0.0058616, 1.2235, -0.22311, 0.025708, 1.9373, 1.0856, 2.2415, 0.82826, 0.76345, 4.8037, 3.7584, 1.0249, 0.019674, 8.5963, 1.6738, 0.024986, 8.1516, 2.097, 0.071433, 0.21419, 0.003241, 0.17627, 0.02519, 0.023642, 3.4737, 2.6677, 0.027479, 7.9281e-05, 6.3539, 0.30601, 8.7931e-05, 4.4352, 0.4974, 0.00019319
41, 2, 0.16718, 0.11289, 0.56689, 1.3123, 0.52876, 0.97247, 0.93562, 1.2127, 0.15669, 0.52852, 2.2164, 0.89257, 0.2654, 0.00597, 0.57087, 1.1129, 0.00026, 1.604, 1.4799, 0.07342, 1.1782, 0.97825, 1.2833, 0.55278, 0.25309, 1.7432, 1.6255, 0.51434, 0.0058501, 2.983, 0.77167, 0.0051488, 2.1221, 1.4829, 0.046221, 0.94193, 0.93442, 0.72122, 0.3762, 0.034002, 1.7367, 0.21018, 0.3942, -0.0016644, 1.0712, 0.1711, -0.0079659, -0.25794, 1.4815, 0.028956, 1.4145, 1.0221, 1.8454, 0.72936, 0.47217, 1.7497, 3.0409, 0.63448, 0.013365, 4.8947, 1.3722, 0.018264, 4.5021, 1.4843, 0.063486, 0.020635, 0.00071017, 0.11678, 0.011525, 0.01774, 1.5825e-05, 0.74041, 0.005335, 2.0871e-05, 1.3508, 0.13331, 6.3571e-05, 2.0937, 7.6293e-07, 0.00011017, 0.4154, 0.88081, 0.5373, 0.29105, -0.033649, -1.3224, -1.1024, 0.23048, -0.0095716, -1.2789, -0.13508, -0.010355, -1.3545, 0.32284, 0.021553, 1.941, 1.0757, 2.0293, 0.81452, 0.53982, 4.8088, 4.3535, 0.79819, 0.021272, 7.2448, 1.6784, 0.020653, 5.5986, 2.643, 0.070889, 0.21507, 0.0035094, 0.2057, 0.025321, 0.030388, 3.4737, 2.7505, 0.029781, 8.7905e-05, 6.7134, 0.30389, 8.8848e-05, 4.4673, 0.4974, 0.00022491
42, 1.6364, 0.47111, 0.07152, 0, 0.97222, 1.022, 0.20239, 0.98345, 1.4928, 0.06478, 0.16837, 9.2504, 1.5595, 0.91434, 0.04154, 6.2886, 0.93332, 0.00695, 3.8898, 0.65178, 0.09161, 0.60065, 1.0091, 1.1276, 0.37582, 0.35974, 3.1498, 1.2096, 0.82651, 0.0095228, 5.754, 0.53556, 0.0056125, 4.605, 0.35381, 0.041259, 0.32899, 0.96411, 0.56299, 0.16172, 0.14493, 3.1432, -0.20815, 0.69694, 0.0017754, 3.744, -0.052623, -0.0080302, 2.349, 0.35237, 0.023481, 0.8723, 1.0541, 1.6923, 0.58992, 0.57455, 3.1563, 2.6273, 0.95608, 0.01727, 7.7639, 1.1237, 0.019255, 6.861, 0.35524, 0.059038, 0.027277, 0.00074902, 0.11784, 0.016942, 0.017055, 1.5825e-05, 0.74288, 0.0062051, 2.2185e-05, 1.4932, 0.12787, 6.8794e-05, 1.8812, 7.6293e-07, 0.00011683, -0.17385, 0.91114, 0.3797, 0.087437, 0.076258, 0.084116, -1.5196, 0.53854, -0.0060138, 1.4472, -0.36303, -0.010341, 1.2122, -0.80625, 0.016229, 1.3751, 1.1071, 1.8756, 0.6642, 0.64322, 6.2154, 3.9387, 1.1145, 0.025059, 10.061, 1.4342, 0.021566, 7.9979, 1.5139, 0.06629, 0.22171, 0.0035482, 0.20677, 0.030738, 0.029703, 3.4737, 2.753, 0.030651, 8.9219e-05, 6.8558, 0.29845, 9.4071e-05, 4.2548, 0.4974, 0.00023157
43, 8, 0.44876, 0.04706, 0.28113, 1.3333, 0.368, 0.89874, 1.0853, 1.9079, 0.44933, 0.5498, 1.3811, 0.86589, 0.82567, 0.00181, 8.7442, 0.43533, 0.00173, 8.91, 2.0326, 0.07183, 1.4236, 1.0376, 1.2198, 0.46015, 0.65091, 2.0681, 1.3579, 0.81044, 0.0059753, 7.3509, 0.45605, 0.012609, 3.7213, 1.3752, 0.058453, 1.1389, 0.99617, 0.72932, 0.28725, 0.4715, 2.0615, -0.053656, 0.69413, -0.0010446, 5.5275, -0.17235, -0.0026622, 1.2319, 1.3738, 0.044093, 1.7084, 1.079, 1.7103, 0.63306, 0.83032, 2.0746, 2.7694, 0.92674, 0.012995, 9.1743, 1.0845, 0.02788, 6.2108, 1.3766, 0.072814, 0.029969, 0.00063371, 0.088914, 0.01105, 0.011897, 1.5825e-05, 0.73641, 0.0049997, 1.8214e-05, 1.2289, 0.14596, 8.6194e-05, 2.2906, 7.6293e-07, 7.622e-05, 0.64444, 0.9412, 0.52614, 0.20088, 0.39321, -0.99757, -1.3681, 0.52818, -0.0092116, 3.128, -0.46937, -0.0047576, 0.169, 0.21514, 0.035723, 2.2028, 1.1339, 1.9134, 0.71942, 0.90861, 5.1337, 4.0838, 1.0927, 0.021162, 11.574, 1.3815, 0.029975, 7.2737, 2.5352, 0.081184, 0.2244, 0.0034329, 0.17784, 0.024846, 0.024545, 3.4737, 2.7465, 0.029446, 8.5248e-05, 6.5914, 0.31654, 0.00011147, 4.6642, 0.4974, 0.00019096
44, 6.5574, 0.12218, 0.03547, 0.13607, 1.9174, 0.31909, 0.36056, 1.0875, 0.69361, 0.36405, 0.44787, 4.3688, 1.4497, 0.54341, 0.00044, 2.9662, 0.83681, 0.0043, 2.268, 3.2194, 0.07002, 1.2365, 1.0401, 1.2028, 0.47692, 0.51145, 1.9195, 1.093, 0.7137, 0.0037031, 4.4119, 0.553, 0.011676, 3.7828, 1.454, 0.070663, 0.98653, 1.0022, 0.66966, 0.30637, 0.33471, 1.9129, -0.28334, 0.60178, -0.0026825, 2.4967, 0.036726, 0.00033079, 1.8427, 1.4525, 0.054896, 1.4865, 1.0781, 1.736, 0.64746, 0.68818, 1.926, 2.4694, 0.82563, 0.010089, 6.3271, 1.0693, 0.02302, 5.723, 1.4554, 0.086429, 0.023096, 0.00053161, 0.10507, 0.01075, 0.011545, 1.5825e-05, 0.70017, 0.0046302, 1.5071e-05, 1.3557, 0.098515, 4.757e-05, 1.3912, 7.6292e-07, 9.1879e-05, 0.46935, 0.94522, 0.47836, 0.21921, 0.25561, -1.1462, -1.6149, 0.43323, -0.011201, 0.1485, -0.30026, -0.0023634, 0.5913, 0.2939, 0.047019, 2.0037, 1.1351, 1.9273, 0.73462, 0.76729, 4.9851, 3.8009, 0.99418, 0.018607, 8.6753, 1.4063, 0.025714, 6.9744, 2.614, 0.094307, 0.21753, 0.0033308, 0.194, 0.024546, 0.024193, 3.4737, 2.7103, 0.029077, 8.2105e-05, 6.7183, 0.26909, 7.2847e-05, 3.7648, 0.4974, 0.00020662
45, 3.5, 0.38998, 0.10164, 0.15567, 1.3757, 0.52977, 0.28127, 1.0339, 0.64588, 0.42538, 0.53787, 1.4891, 0.76511, 0.93639, 4e-05, 8.3363, 1.0969, 0.00076, 3.0066, 1.9098, 0.07123, 1.0962, 1.0147, 0.71545, 0.5393, 0.51027, 2.0409, 1.0548, 0.81053, 0.003182, 6.5909, 0.62899, 0.0077779, 6.2126, 0.6542, 0.051466, 0.86751, 0.98064, 0.35294, 0.43643, 0.39223, 2.0344, -0.077365, 0.71959, -0.0024654, 5.0501, 0.21799, 0.00077765, 4.6456, 0.65276, 0.040599, 1.325, 1.0487, 1.078, 0.64217, 0.62831, 2.0475, 2.1869, 0.90147, 0.0088294, 8.1318, 1.04, 0.014778, 7.7796, 0.65564, 0.062332, 0.019336, 0.00042773, 0.048574, 0.0039113, 0.0051501, 1.5825e-05, 0.47374, 0.0030566, 1.1788e-05, 0.87752, 0.062433, 1.8112e-05, 0.90759, 7.6292e-07, 4.3645e-05, 0.33573, 0.92122, 0.10553, 0.32042, 0.29083, -1.0247, -1.5376, 0.53775, -0.011421, 2.4821, -0.16501, -0.0030568, 3.2331, -0.50586, 0.030765, 1.8567, 1.1081, 1.3254, 0.75818, 0.72971, 5.1066, 3.6471, 1.0833, 0.017785, 10.7, 1.423, 0.018613, 9.1921, 1.8143, 0.072166, 0.21377, 0.0032269, 0.1375, 0.017707, 0.017798, 3.4737, 2.4839, 0.027503, 7.8822e-05, 6.2401, 0.23301, 4.3389e-05, 3.2812, 0.4974, 0.00015839
46, 6.0132, 0.26546, 0.04042, 0.0685, 0.93291, 0.325, 0.61725, 1.0542, 1.9677, 0.35764, 0.66747, 1.2401, 0.52901, 0.85289, 0.00097, 9.4284, 0.63557, 0.00368, 7.0911, 0.58669, 0.05815, 1.3348, 1.0078, 1.2995, 0.31064, 0.52983, 1.7413, 1.7787, 0.78963, 0.0073981, 5.0958, 0.7756, 0.0093988, 6.4825, 0.90101, 0.067016, 1.0918, 0.97174, 0.74745, 0.18137, 0.3252, 1.7348, 0.44957, 0.69633, 0.0012912, 3.3631, 0.19993, -0.0049515, 4.258, 0.89957, 0.050815, 1.5778, 1.0438, 1.8516, 0.4399, 0.73447, 1.7478, 3.1078, 0.88293, 0.013505, 6.8286, 1.3513, 0.023749, 8.707, 0.90245, 0.083216, 0.02183, 0.00048, 0.11266, 0.006176, 0.015478, 1.5825e-05, 0.65293, 0.0032175, 1.3784e-05, 1.1097, 0.12249, 7.6115e-05, 1.829, 7.6293e-07, 9.7009e-05, 0.56989, 0.91358, 0.56103, 0.078183, 0.25398, -1.3243, -0.90553, 0.51605, -0.007389, 0.9112, -0.11485, -0.0071638, 3.1105, -0.25904, 0.04308, 2.0997, 1.102, 2.038, 0.54309, 0.80568, 4.8069, 4.4629, 1.0632, 0.022185, 9.2804, 1.666, 0.025961, 9.8545, 2.0611, 0.090951, 0.21626, 0.0032792, 0.20158, 0.019972, 0.028125, 3.4737, 2.6631, 0.027664, 8.0818e-05, 6.4723, 0.29307, 0.00010139, 4.2026, 0.4974, 0.00021175
47, 2, 0.23842, 0.10557, 0.19966, 0.91398, 0.62467, 0.23749, 0.9285, 1.9162, 0.62473, 0.30155, 2.945, 0.80283, 0.7992, 0.00016, 7.1011, 0.13177, 0.00029, 2.8981, 1.9696, 0.04316, 0.9026, 0.99201, 1.0713, 0.55303, 0.34253, 2.1484, 1.2364, 0.68045, 0.0081818, 3.9976, 0.66134, 0.0066975, 4.5496, 0.77465, 0.043994, 0.65891, 0.95417, 0.52406, 0.37641, 0.16387, 2.1419, -0.11429, 0.58227, 0.0017689, 2.3083, 0.11431, -0.0068641, 2.4632, 0.77322, 0.02722, 1.1463, 1.0299, 1.6186, 0.72965, 0.5212, 2.155, 2.5871, 0.77864, 0.014595, 5.6868, 1.2084, 0.020259, 6.636, 0.77609, 0.060767, 0.02195, 0.0005293, 0.1107, 0.01153, 0.011798, 1.5825e-05, 0.67431, 0.0035631, 1.52e-05, 1.0547, 0.11061, 6.7978e-05, 1.609, 7.6292e-07, 0.00010399, 0.13746, 0.89711, 0.33643, 0.29127, 0.085358, -0.9172, -1.4586, 0.40517, -0.0067343, -0.16925, -0.21087, -0.0091866, 1.2671, -0.3854, 0.019667, 1.6677, 1.0869, 1.8062, 0.8148, 0.59971, 5.2141, 3.9314, 0.95573, 0.023098, 8.1644, 1.5336, 0.022582, 7.8321, 1.9347, 0.068321, 0.21638, 0.0033285, 0.19962, 0.025326, 0.024446, 3.4737, 2.6844, 0.028009, 8.2234e-05, 6.4173, 0.28118, 9.3254e-05, 3.9826, 0.4974, 0.00021874
48, 2.25, 0.30301, 0.08051, 0.07844, 1.5132, 0.67066, 0.20141, 0.92282, 1.8492, 0.1746, 0.37176, 5.0099, 4.0041, 0.78876, 0.02767, 9.0316, 0.41524, 0.00539, 2.2602, 0.70514, 0.04915, 0.94456, 0.9799, 1.0869, 0.28838, 0.2804, 2.2717, 1.0773, 0.78244, 0.010841, 5.1866, 0.46124, 0.0056844, 4.8957, 0.60596, 0.043536, 0.73024, 0.94841, 0.77882, 0.18824, 0.16475, 2.2651, 0.020203, 0.69677, 0.0056292, 3.7447, 0.055472, -0.00021336, 3.3576, 0.60452, 0.033062, 1.1589, 1.0114, 1.395, 0.38853, 0.39604, 2.2782, 2.1344, 0.8681, 0.016052, 6.6285, 0.867, 0.011582, 6.4338, 0.6074, 0.05401, 0.016977, 0.00036646, 0.035086, 0.0037067, 0.0049434, 1.5825e-05, 0.41303, 0.0027126, 1.0038e-05, 0.76843, 0.060855, 1.2856e-05, 0.87439, 7.6292e-07, 4.0547e-05, 0.18826, 0.88735, 0.50768, 0.070771, 0.062235, -0.79399, -1.4831, 0.51137, -0.0035997, 1.1138, -0.33006, -0.0044729, 1.9313, -0.55409, 0.023038, 1.7009, 1.0724, 1.6662, 0.50599, 0.49856, 5.3373, 3.6378, 1.0535, 0.025281, 9.2594, 1.2525, 0.015842, 7.8601, 1.766, 0.064033, 0.21141, 0.0031657, 0.12401, 0.017503, 0.017591, 3.4737, 2.4232, 0.027159, 7.7072e-05, 6.131, 0.23143, 3.8133e-05, 3.248, 0.4974, 0.00015529
49, 4, 0.29084, 0.13792, 0.19995, 1.1111, 0.3202, 1.2911, 1.0642, 1.2225, 0.54347, 0.49418, 1.383, 0.11287, 0.75468, 0.00147, 4.0265, 0.79872, 0.01305, 2.9969, 0.74897, 0.06345, 1.2261, 0.97847, 1.5226, 0.48131, 0.54063, 1.6606, 1.1668, 0.82177, 0.0030472, 5.6527, 0.95459, 0.0032024, 6.211, 0.75684, 0.050337, 1.0166, 0.94547, 1.2295, 0.37623, 0.43043, 1.6541, 0.13328, 0.73613, -0.002387, 4.2059, 0.58799, -0.0020571, 4.77, 0.7554, 0.040514, 1.4356, 1.0115, 1.8157, 0.58639, 0.65083, 1.6672, 2.2004, 0.90741, 0.0084814, 7.0995, 1.3212, 0.0084618, 7.6521, 0.75828, 0.06016, 0.016225, 0.00040242, 0.031747, 0.004081, 0.0044887, 1.5825e-05, 0.39482, 0.002711, 1.0915e-05, 0.77368, 0.049674, 1.0224e-05, 0.76755, 7.6292e-07, 3.5664e-05, 0.47117, 0.8854, 0.95122, 0.26139, 0.32531, -1.405, -1.384, 0.55071, -0.011475, 1.5782, 0.18264, -0.0065981, 3.2958, -0.40321, 0.030165, 1.9811, 1.0715, 2.094, 0.70124, 0.75595, 4.7263, 3.7176, 1.0928, 0.017569, 9.7273, 1.7265, 0.013003, 9.1263, 1.9169, 0.07051, 0.21066, 0.0032016, 0.12067, 0.017877, 0.017137, 3.4737, 2.4049, 0.027157, 7.7948e-05, 6.1363, 0.22025, 3.5501e-05, 3.1412, 0.4974, 0.00015041
50, 4.56, 0.08105, 0.08646, 0.3, 1.0417, 0.27718, 1.4479, 0.98909, 1.2872, 0.52359, 0.53536, 1.2386, 1.0729, 0.69251, 0.01595, 2.9169, 0.78989, 0.02172, 8.5994, 0.67804, 0.05496, 1.223, 1.0195, 1.2524, 0.665, 0.63726, 1.5203, 1.198, 0.72896, 0.0045402, 2.7083, 0.54108, 0.017157, 6.7972, 1.335, 0.049882, 1.0021, 0.9842, 0.88629, 0.53676, 0.50774, 1.5137, 0.0054107, 0.62503, -0.0013215, 0.99898, 0.13476, 0.010315, 5.2226, 1.3335, 0.037631, 1.4439, 1.0548, 1.6185, 0.79325, 0.76678, 1.5268, 2.3906, 0.8329, 0.010402, 4.4175, 0.9474, 0.023998, 8.3718, 1.3364, 0.062132, 0.018038, 0.00046092, 0.049535, 0.0060789, 0.0062002, 1.5825e-05, 0.52569, 0.0039928, 1.27e-05, 1.0799, 0.061021, 1.73e-05, 0.91645, 7.6293e-07, 5.547e-05, 0.46479, 0.9256, 0.64032, 0.43312, 0.41144, -1.5454, -1.4213, 0.45158, -0.010147, -1.4667, -0.2505, 0.0064239, 3.8137, 0.1749, 0.028422, 1.9812, 1.1134, 1.8644, 0.89689, 0.86308, 4.5859, 3.8173, 1.0063, 0.019228, 6.8832, 1.3327, 0.02789, 9.7807, 2.495, 0.071341, 0.21247, 0.0032601, 0.13846, 0.019875, 0.018848, 3.4737, 2.5358, 0.028439, 7.9734e-05, 6.4424, 0.2316, 4.2577e-05, 3.29, 0.4974, 0.00017021
51, 1.9912, 0.27023, 0.05807, 0.30689, 1.0526, 0.71435, 1.6918, 1.0025, 1.5077, 0.23838, 0.30685, 8.142, 0.05836, 0.99276, 0.03226, 0.59444, 0.01478, 0.01515, 3.4914, 0.40701, 0.08043, 1.0546, 1.0021, 1.4037, 0.5993, 0.30778, 2.1566, 1.1942, 0.71003, 0.0087214, 3.1282, 0.6441, 0.0052032, 3.7346, 1.0053, 0.048853, 0.80337, 0.96121, 0.85963, 0.4307, 0.1068, 2.1501, -0.13146, 0.59846, 0.0017748, 1.2657, 0.035299, -0.0094283, 1.325, 1.0038, 0.032323, 1.3058, 1.043, 1.9479, 0.76789, 0.50876, 2.1632, 2.5198, 0.8216, 0.015668, 4.9907, 1.2529, 0.019835, 6.1443, 1.0067, 0.065383, 0.023326, 0.00061895, 0.10943, 0.010506, 0.01493, 1.5825e-05, 0.6495, 0.0046008, 1.7836e-05, 1.2822, 0.13699, 7.9127e-05, 2.1461, 7.6293e-07, 0.00010099, 0.28702, 0.90596, 0.67118, 0.34288, 0.034625, -0.90904, -1.4883, 0.42969, -0.0064317, -1.1118, -0.26812, -0.011604, 0.23775, -0.15479, 0.024694, 1.8222, 1.0983, 2.1363, 0.85572, 0.58093, 5.2223, 3.8766, 0.99037, 0.023875, 7.3682, 1.5563, 0.02201, 7.2315, 2.1653, 0.073013, 0.21776, 0.0034182, 0.19835, 0.024302, 0.027578, 3.4737, 2.6596, 0.029047, 8.4869e-05, 6.6447, 0.30757, 0.0001044, 4.5197, 0.4974, 0.00021574
52, 4.7, 0.39202, 0.08776, 0.4617, 1.9192, 0.50804, 1.5421, 1.0088, 1.2675, 0.45474, 0.55807, 1.3595, 0.79097, 0.64892, 0.00092, 6.793, 0.19369, 0.0047, 3.7576, 0.65062, 0.07239, 1.433, 1.0134, 1.7785, 0.5461, 0.59748, 2.0069, 0.96075, 0.77987, 0.0029188, 5.8467, 0.57171, 0.0075581, 2.5806, 1.4206, 0.052636, 1.1919, 0.97738, 1.41, 0.40297, 0.43631, 2.0004, -0.14659, 0.67141, -0.003057, 4.0806, 0.12875, 0.00084123, 1.1187, 1.4192, 0.037984, 1.6741, 1.0495, 2.1471, 0.68923, 0.75865, 2.0135, 2.0681, 0.88834, 0.0088947, 7.6128, 1.0147, 0.014275, 4.0425, 1.422, 0.067288, 0.021489, 0.0004803, 0.050203, 0.0075717, 0.009601, 1.5825e-05, 0.45322, 0.0043481, 1.3199e-05, 1.1529, 0.072523, 1.6676e-05, 0.78994, 7.6293e-07, 7.9349e-05, 0.66866, 0.91923, 1.165, 0.30566, 0.35213, -1.0587, -1.6209, 0.50076, -0.011815, 1.6482, -0.23929, -0.0030957, -0.34499, 0.26055, 0.02972, 2.1973, 1.1076, 2.3921, 0.78654, 0.84283, 5.0726, 3.5424, 1.059, 0.017652, 10.045, 1.3827, 0.018212, 5.5062, 2.5807, 0.075551, 0.21592, 0.0032795, 0.13913, 0.021368, 0.022249, 3.4737, 2.4633, 0.028794, 8.0233e-05, 6.5154, 0.2431, 4.1952e-05, 3.1635, 0.4974, 0.00019409
53, 4.6981, 0.15862, 0.04387, 0.1029, 0.84667, 0.3102, 1.7929, 1.0952, 0.50736, 0.46387, 0.34894, 1.5752, 0.91984, 0.8057, 0.00012, 3.8981, 1.418, 0.01313, 9.6718, 0.57311, 0.05216, 1.0681, 1.0152, 0.7506, 0.38366, 0.36892, 1.5064, 1.2914, 0.74279, 0.0063599, 4.654, 0.59532, 0.015658, 7.7465, 0.89705, 0.052585, 0.85169, 0.98578, 0.45395, 0.29819, 0.26205, 1.4999, 0.28252, 0.65544, 0.0015506, 3.2103, 0.23799, 0.010007, 6.3554, 0.89561, 0.042754, 1.2846, 1.0445, 1.0472, 0.46913, 0.47579, 1.513, 2.3004, 0.83014, 0.011169, 6.0976, 0.95265, 0.02131, 9.1377, 0.89849, 0.062416, 0.017316, 0.00031893, 0.032525, 0.0027001, 0.0042214, 1.5825e-05, 0.37623, 0.0028203, 8.5491e-06, 0.7703, 0.047194, 1.1807e-05, 0.71532, 7.6292e-07, 3.5722e-05, 0.31124, 0.92331, 0.17737, 0.1724, 0.15529, -1.5592, -1.2495, 0.47118, -0.0079401, 0.58053, -0.17227, 0.0056419, 4.8556, -0.263, 0.032409, 1.825, 1.107, 1.3238, 0.59492, 0.58256, 4.5721, 3.8324, 1.0144, 0.02066, 8.7274, 1.3629, 0.025675, 10.637, 2.0571, 0.072762, 0.21175, 0.0031181, 0.12145, 0.016496, 0.016869, 3.4737, 2.3864, 0.027267, 7.5583e-05, 6.1329, 0.21777, 3.7083e-05, 3.0889, 0.4974, 0.00015046
54, 2.5, 0.13114, 0.04582, 0.25389, 0.97222, 0.73611, 1.4919, 0.9978, 0.85206, 0.83349, 0.83054, 3.2684, 1.606, 0.69339, 0.0056, 1.38, 0.38279, 0.00446, 4.7605, 0.6188, 0.05266, 0.93035, 1.0161, 0.99346, 0.53815, 0.42832, 2.4124, 1.511, 0.58417, 0.0097466, 1.7633, 0.84964, 0.010457, 3.7244, 1.2485, 0.044296, 0.68625, 0.97829, 0.44983, 0.3588, 0.23922, 2.4059, 0.13978, 0.477, 0.0033544, -0.011445, 0.30048, -0.0028197, 1.6003, 1.247, 0.030667, 1.1745, 1.054, 1.5371, 0.7175, 0.61742, 2.419, 2.8822, 0.69134, 0.016139, 3.538, 1.3988, 0.023734, 5.8485, 1.2499, 0.057924, 0.022025, 0.00052946, 0.10923, 0.011889, 0.013216, 1.5825e-05, 0.69496, 0.0042451, 1.5102e-05, 1.1641, 0.11146, 6.5153e-05, 1.6676, 7.6292e-07, 6.8651e-05, 0.16508, 0.92123, 0.26126, 0.27454, 0.16379, -0.65323, -1.1943, 0.30556, -0.0051605, -2.4389, -0.023904, -0.0051845, 0.41781, 0.08841, 0.022021, 1.6956, 1.111, 1.7257, 0.80176, 0.69285, 5.4781, 4.2163, 0.86279, 0.024654, 5.9654, 1.7232, 0.026099, 7.031, 2.4085, 0.066571, 0.21646, 0.0033287, 0.19816, 0.025685, 0.025864, 3.4737, 2.7051, 0.028691, 8.2136e-05, 6.5267, 0.28204, 9.043e-05, 4.0412, 0.4974, 0.00018339
55, 6.5574, 0.1049, 0.07474, 0.41345, 0.88496, 0.25882, 0.99733, 1.0786, 0.67899, 0.7679, 0.59358, 1.6858, 0.26835, 0.50696, 0.00351, 1.9904, 0.30603, 0.03217, 2.6683, 1.047, 0.06267, 1.3084, 1.0227, 1.2523, 0.58154, 0.40216, 1.7289, 1.2227, 0.63866, 0.0062322, 3.9652, 0.84338, 0.01022, 3.0623, 1.7937, 0.065028, 1.0674, 0.98496, 0.74545, 0.44709, 0.21023, 1.7223, -0.0030183, 0.54418, -0.00013077, 2.3901, 0.29197, -0.0036059, 0.86753, 1.7923, 0.051228, 1.5493, 1.0604, 1.7592, 0.71599, 0.5941, 1.7354, 2.4485, 0.73314, 0.012595, 5.5402, 1.3948, 0.024046, 5.257, 1.7952, 0.078828, 0.021455, 0.00052616, 0.094956, 0.0066813, 0.013616, 1.5825e-05, 0.55534, 0.0032991, 1.4965e-05, 0.91695, 0.11238, 7.0653e-05, 1.7804, 7.6293e-07, 7.0389e-05, 0.54411, 0.92783, 0.54698, 0.34616, 0.1356, -1.3368, -1.4118, 0.36468, -0.0086624, -0.15667, -0.031583, -0.0058903, -0.29015, 0.63368, 0.042648, 2.0726, 1.1175, 1.9576, 0.81692, 0.66873, 4.7945, 3.8573, 0.91264, 0.021127, 8.087, 1.7183, 0.02633, 6.4147, 2.9538, 0.087409, 0.21589, 0.0033254, 0.18388, 0.020477, 0.026264, 3.4737, 2.5655, 0.027745, 8.1999e-05, 6.2795, 0.28296, 9.5929e-05, 4.154, 0.4974, 0.00018513
56, 4.6981, 0.16327, 0.04387, 0.1029, 0.84667, 0.31592, 1.1971, 1.0809, 0.54477, 0.35771, 0.31914, 1.2026, 1.3776, 0.86669, 0.00014, 4.4372, 0.95026, 0.00997, 9.1106, 0.69067, 0.0478, 1.1072, 1.016, 0.73875, 0.39936, 0.38852, 1.5215, 1.2231, 0.7357, 0.0064373, 4.5807, 0.77516, 0.016603, 7.911, 0.89452, 0.053511, 0.89104, 0.98662, 0.43501, 0.31659, 0.27521, 1.5149, 0.21707, 0.64925, 0.0016227, 3.1482, 0.40548, 0.010289, 6.4692, 0.89309, 0.043703, 1.3233, 1.0454, 1.0425, 0.48213, 0.50183, 1.528, 2.2291, 0.82215, 0.011252, 6.0131, 1.1449, 0.022917, 9.3528, 0.89596, 0.063319, 0.017268, 0.00031874, 0.0341, 0.0025323, 0.0047457, 1.5825e-05, 0.37408, 0.0027621, 8.5677e-06, 0.7584, 0.050515, 1.4735e-05, 0.76837, 7.6292e-07, 3.5556e-05, 0.35037, 0.92414, 0.16183, 0.18918, 0.17159, -1.5442, -1.3167, 0.46438, -0.0078646, 0.51119, 0.001745, 0.0061984, 4.9954, -0.26553, 0.033346, 1.864, 1.1078, 1.3157, 0.60954, 0.60545, 4.5871, 3.7629, 1.007, 0.020739, 8.6501, 1.5486, 0.027007, 10.827, 2.0546, 0.073676, 0.2117, 0.0031179, 0.12302, 0.016328, 0.017394, 3.4737, 2.3842, 0.027208, 7.5601e-05, 6.121, 0.22109, 4.0011e-05, 3.142, 0.4974, 0.0001503
57, 3.75, 0.72522, 0.11557, 0.2412, 0.99099, 0.57057, 1.0871, 0.99065, 1.6722, 0.31319, 0.66779, 0.7575, 0.90584, 0.89583, 0.00094, 9.2066, 0.81282, 0.00187, 4.7959, 0.41124, 0.05737, 1.3259, 0.98637, 1.7784, 0.22311, 0.47998, 1.9632, 1.4468, 0.89619, 0.0068383, 8.9647, 0.5311, -0.0014274, 3.7004, 0.27029, 0.056463, 1.0577, 0.94378, 1.212, 0.03753, 0.24688, 1.9567, 0.019142, 0.77179, -0.00044641, 6.9563, -0.1055, -0.017145, 1.1779, 0.26886, 0.038659, 1.5942, 1.029, 2.3449, 0.40869, 0.71308, 1.9698, 2.8745, 1.0206, 0.014123, 10.973, 1.1677, 0.01429, 6.2229, 0.27173, 0.074268, 0.026589, 0.00067073, 0.11861, 0.01273, 0.020083, 1.5825e-05, 0.75334, 0.0057193, 1.9614e-05, 1.4908, 0.14979, 9.1309e-05, 2.3519, 7.6293e-07, 0.00011716, 0.55264, 0.88948, 1.0291, -0.04478, 0.1824, -1.1024, -1.2876, 0.61051, -0.0084728, 4.6586, -0.3999, -0.019188, 0.12481, -0.88976, 0.031415, 2.0992, 1.0833, 2.5278, 0.491, 0.77756, 5.0289, 4.1812, 1.1819, 0.022149, 13.271, 1.4621, 0.016333, 7.276, 1.4303, 0.081512, 0.22102, 0.0034699, 0.20754, 0.026526, 0.032731, 3.4737, 2.7635, 0.030166, 8.6648e-05, 6.8534, 0.32037, 0.00011659, 4.7255, 0.4974, 0.00023191
58, 1.6364, 0.50326, 0.0764, 0.12354, 0.97222, 1.0488, 0.32473, 1.0083, 0.90826, 0.32429, 0.30102, 0.79955, 0.19252, 0.63031, 2e-05, 2.7503, 0.38699, 0.00028, 2.4779, 2.2659, 0.03314, 0.72579, 1.01, 1.2362, 0.34477, 0.2989, 3.1684, 1.2825, 0.788, 0.0079358, 5.7434, 0.67329, 0.0079558, 4.1817, 0.53763, 0.043403, 0.45296, 0.96785, 0.67459, 0.13195, 0.084521, 3.1619, -0.12842, 0.6686, 0.00076787, 3.8199, 0.081196, -0.0057296, 1.9198, 0.53619, 0.026078, 0.99861, 1.0521, 1.7978, 0.55758, 0.51328, 3.1749, 2.6935, 0.9074, 0.015104, 7.667, 1.2654, 0.021641, 6.4436, 0.53907, 0.060728, 0.027512, 0.00065641, 0.11657, 0.01674, 0.016987, 1.5825e-05, 0.73582, 0.0052696, 1.899e-05, 1.3676, 0.12958, 6.9225e-05, 1.891, 7.6293e-07, 0.00011094, -0.049126, 0.9133, 0.49055, 0.057339, 0.015744, 0.10275, -1.4431, 0.50445, -0.0073201, 1.4763, -0.22787, -0.0080341, 0.78493, -0.62243, 0.018693, 1.5007, 1.1067, 1.9818, 0.6322, 0.58206, 6.234, 4.0082, 1.0715, 0.023192, 10.011, 1.5744, 0.023946, 7.5785, 1.6977, 0.068114, 0.22195, 0.0034556, 0.20549, 0.030536, 0.029635, 3.4737, 2.7459, 0.029716, 8.6024e-05, 6.7302, 0.30016, 9.4502e-05, 4.2646, 0.4974, 0.00022568
59, 2.1818, 0.29133, 0.0918, 0.25974, 1.3333, 0.64866, 0.86012, 1.01, 1.4164, 0.57783, 0.32175, 1.3124, 0.80963, 0.79559, 0.00053, 4.1451, 1.2245, 0.00235, 3.7724, 0.61854, 0.05583, 1.0389, 0.9995, 1.4707, 0.55686, 0.35596, 2.1437, 1.1374, 0.7564, 0.0073806, 3.6169, 0.70003, 0.0042356, 3.3633, 0.88727, 0.048946, 0.82035, 0.95835, 0.93708, 0.37441, 0.18216, 2.1372, -0.22344, 0.64736, 0.00037274, 1.7848, 0.14118, -0.0057245, 1.2244, 0.88583, 0.033134, 1.2575, 1.0407, 2.0043, 0.7393, 0.52976, 2.1502, 2.4983, 0.86544, 0.014388, 5.4491, 1.2589, 0.014196, 5.5022, 0.8887, 0.064758, 0.017658, 0.00062598, 0.10524, 0.012303, 0.011165, 1.5825e-05, 0.68451, 0.0043948, 1.8152e-05, 1.2408, 0.11543, 3.6666e-05, 1.6909, 7.6292e-07, 9.2407e-05, 0.28141, 0.90324, 0.74589, 0.29113, 0.10213, -0.92194, -1.5627, 0.47706, -0.0078007, -0.60983, -0.17964, -0.0087101, 0.047167, -0.27279, 0.025272, 1.7964, 1.0958, 2.1955, 0.82259, 0.60978, 5.2094, 3.8375, 1.0357, 0.022562, 7.8437, 1.5797, 0.017181, 6.6794, 2.0473, 0.07262, 0.21209, 0.0034252, 0.19417, 0.026099, 0.023813, 3.4737, 2.6946, 0.028841, 8.5185e-05, 6.6033, 0.28601, 6.1943e-05, 4.0645, 0.4974, 0.00020715
60, 2.5, 0.13114, 0.11054, 0.42293, 0.97222, 0.48267, 0.82129, 1.0904, 1.2918, 0.43218, 0.53775, 2.8483, 6.3041, 0.50103, 0.00316, 0.34077, 0.38452, 0.00059, 1.6817, 3.5403, 0.03706, 0.99246, 0.99261, 1.2073, 0.53219, 0.42915, 1.776, 1.4621, 0.6435, 0.0054797, 2.5167, 0.74806, 0.0073176, 2.5408, 1.2999, 0.049319, 0.74175, 0.95585, 0.65326, 0.35371, 0.23994, 1.7695, 0.050507, 0.5438, -0.00074966, 0.78499, 0.22172, -0.0057642, 0.45117, 1.2984, 0.035496, 1.2432, 1.0294, 1.7613, 0.71067, 0.61836, 1.7826, 2.8738, 0.7432, 0.011709, 4.2485, 1.2744, 0.020399, 4.6304, 1.3013, 0.063143, 0.023232, 0.0004995, 0.11345, 0.011774, 0.013233, 1.5825e-05, 0.73653, 0.0036737, 1.4343e-05, 1.1084, 0.1024, 6.3253e-05, 1.6139, 7.6292e-07, 7.0628e-05, 0.22506, 0.89814, 0.46733, 0.26916, 0.16454, -1.2896, -1.2639, 0.36767, -0.0093584, -1.6675, -0.11132, -0.0081589, -0.74378, 0.13981, 0.026925, 1.7599, 1.0871, 1.9472, 0.79521, 0.69376, 4.8417, 4.1882, 0.91933, 0.020318, 6.7009, 1.6075, 0.022794, 5.8254, 2.4599, 0.071714, 0.21767, 0.0032987, 0.20237, 0.02557, 0.02588, 3.4737, 2.7467, 0.02812, 8.1376e-05, 6.471, 0.27298, 8.8529e-05, 3.9875, 0.4974, 0.00018537
61, 6.5574, 0.11106, 0.03446, 0.37104, 1.9174, 0.41066, 1.1811, 0.92601, 1.4125, 0.551, 0.02888, 2.4606, 0.417, 0.5345, 0.00979, 3.9031, 0.39239, 0.03163, 3.508, 2.515, 0.05273, 1.3207, 1.0417, 1.1712, 0.6784, 0.416, 2.1006, 1.3305, 0.66493, 0.0051647, 3.7202, 0.66556, 0.024388, 2.5659, 1.9653, 0.064144, 1.0519, 1.0029, 0.63838, 0.48661, 0.23805, 2.0941, -0.010237, 0.54854, -0.0014377, 1.7402, 0.20523, 0.013309, 0.70404, 1.9638, 0.046848, 1.5895, 1.0805, 1.704, 0.87019, 0.59394, 2.1072, 2.6712, 0.78131, 0.011767, 5.7003, 1.1259, 0.035466, 4.4278, 1.9667, 0.08144, 0.026712, 0.00055619, 0.10492, 0.013596, 0.011704, 1.5825e-05, 0.6644, 0.0050067, 1.6112e-05, 1.4491, 0.078322, 4.5363e-05, 1.2813, 7.6293e-07, 0.00011057, 0.54717, 0.94642, 0.44698, 0.40617, 0.15932, -0.965, -1.3595, 0.38264, -0.0098338, -0.57269, -0.15506, 0.010563, -0.57867, 0.80523, 0.039454, 2.0942, 1.137, 1.8954, 0.95063, 0.67268, 5.1663, 4.0205, 0.94721, 0.020163, 8.0132, 1.4862, 0.038212, 5.7105, 3.1253, 0.088834, 0.22115, 0.0033554, 0.19384, 0.027392, 0.024352, 3.4737, 2.6745, 0.029453, 8.3146e-05, 6.8117, 0.2489, 7.064e-05, 3.6549, 0.4974, 0.00022531
62, 3, 0.34793, 0.07308, 0.09056, 0.66146, 0.50163, 1.3477, 1.0657, 0.86327, 0.28051, 0.61531, 1.3444, 0.47851, 0.65825, 0.01039, 3.7559, 0.26498, 0.00555, 3.5536, 0.33668, 0.06186, 0.84182, 0.97445, 1.2531, 0.29606, 0.42588, 1.7684, 1.8328, 0.76866, 0.015091, 5.1796, 0.45408, 0.0058217, 4.5611, 0.42644, 0.061327, 0.64301, 0.94376, 0.7362, 0.10838, 0.23785, 1.7619, 0.57369, 0.68201, 0.0099734, 3.5592, -0.15452, -0.009209, 2.0867, 0.42501, 0.047171, 1.0406, 1.0051, 1.7701, 0.48374, 0.61391, 1.775, 3.092, 0.85532, 0.020208, 6.8, 1.0627, 0.020852, 7.0354, 0.42788, 0.075483, 0.014608, 0.00034816, 0.098773, 0.013019, 0.013068, 1.5824e-05, 0.58601, 0.0027754, 9.6794e-06, 0.97047, 0.1369, 8.3503e-05, 2.2629, 7.6292e-07, 7.4065e-05, 0.08977, 0.88217, 0.54053, 0.026708, 0.16211, -1.2972, -0.81743, 0.49728, 0.00068424, 1.0402, -0.45801, -0.011334, 1.0193, -0.73361, 0.038726, 1.5939, 1.0667, 1.9658, 0.56541, 0.68965, 4.8341, 4.4831, 1.04, 0.029497, 9.319, 1.3662, 0.022977, 8.1028, 1.5865, 0.083929, 0.20904, 0.0031474, 0.1877, 0.026815, 0.025716, 3.4737, 2.5961, 0.027222, 7.6713e-05, 6.333, 0.30748, 0.00010878, 4.6365, 0.4974, 0.00018881
63, 2.1818, 0.4772, 0.03381, 0.23429, 2.0833, 1.184, 1.1833, 1.0962, 0.55101, 0.61858, 0.38809, 0.65727, 0.94401, 0.99438, 0.00612, 7.1722, 0.01258, 0.00782, 3.8605, 0.78632, 0.02925, 0.92776, 1.0363, 1.2179, 0.43116, 0.38387, 3.5336, 1.1254, 0.74624, 0.0083398, 4.8097, 0.50003, 0.0041719, 6.0384, 1.1137, 0.044221, 0.6526, 0.99332, 0.66749, 0.21843, 0.19134, 3.527, -0.2902, 0.62205, 0.00099, 2.8334, -0.0115, -0.0071866, 4.0706, 1.1122, 0.026537, 1.2029, 1.0793, 1.7683, 0.64389, 0.57639, 3.5401, 2.541, 0.87042, 0.01569, 6.7861, 1.0116, 0.01553, 8.0061, 1.1151, 0.061906, 0.027984, 0.00068366, 0.11197, 0.016727, 0.0137, 1.5825e-05, 0.74067, 0.0056999, 1.9966e-05, 1.4437, 0.096715, 4.7685e-05, 1.4311, 7.6293e-07, 0.00011559, 0.15202, 0.93926, 0.48064, 0.14379, 0.11687, 0.46791, -1.6027, 0.46065, -0.0070024, 0.5185, -0.35036, -0.0098781, 2.83, -0.046393, 0.019258, 1.7035, 1.1334, 1.9551, 0.71853, 0.65086, 6.5992, 3.8535, 1.0318, 0.023682, 9.1009, 1.3504, 0.018222, 9.2468, 2.2737, 0.069185, 0.22242, 0.0034829, 0.20089, 0.030523, 0.026348, 3.4737, 2.7508, 0.030146, 8.7e-05, 6.8063, 0.26729, 7.2962e-05, 3.8047, 0.4974, 0.00023033
64, 7.6378, 0.10199, 0.00844, 0.3395, 6.0476, 0.45183, 1.2473, 1.0941, 0.79235, 0.25032, 0.73413, 6.2955, 1.2774, 0.92586, 0.01334, 0.36817, 0.5912, 0.00664, 1.6783, 3.542, 0.04725, 1.5507, 1.0627, 1.3195, 0.57326, 0.75599, 2.4948, 0.9677, 0.77647, -0.0013878, 3.2463, 0.85968, 0.016469, 3.5475, 2.5923, 0.056653, 1.2655, 1.0206, 0.75309, 0.35309, 0.52289, 2.4883, -0.45833, 0.64448, -0.0085963, 1.2244, 0.22252, 0.00076404, 1.0254, 2.5909, 0.038737, 1.8359, 1.1047, 1.8859, 0.79343, 0.98909, 2.5014, 2.3937, 0.90847, 0.0058206, 5.2682, 1.4968, 0.032174, 6.0697, 2.5938, 0.074568, 0.030059, 0.00065346, 0.11857, 0.017917, 0.020083, 1.5825e-05, 0.75163, 0.0064395, 1.9206e-05, 1.511, 0.15005, 9.1163e-05, 2.3512, 7.6294e-07, 0.00011864, 0.77137, 0.96601, 0.57022, 0.28034, 0.45841, -0.57084, -1.7658, 0.4874, -0.016663, -1.0661, -0.07171, -0.0012802, -0.027821, 1.4323, 0.031525, 2.3301, 1.1593, 2.0687, 0.86618, 1.0536, 5.5605, 3.7012, 1.0655, 0.013887, 7.5587, 1.7911, 0.034218, 7.1229, 3.7524, 0.081781, 0.22449, 0.0034527, 0.20749, 0.031713, 0.032731, 3.4737, 2.7618, 0.030886, 8.624e-05, 6.8736, 0.32063, 0.00011644, 4.7248, 0.4974, 0.00023338
65, 4.56, 0.08105, 0.08646, 0.2, 1.0417, 0.23453, 1.6219, 1.0406, 0.62635, 0.57732, 0.38073, 1.4634, 0.56523, 0.5145, 0.00115, 2.8791, 0.18924, 0.02803, 6.9276, 0.79508, 0.06654, 1.1175, 1.0177, 1.2159, 0.52716, 0.63321, 1.433, 1.2025, 0.65519, 0.0053635, 2.9932, 0.71847, 0.013559, 7.4197, 1.1219, 0.053172, 0.87523, 0.9803, 0.67155, 0.36814, 0.46437, 1.4265, -0.17189, 0.54566, -0.00088868, 1.1279, 0.25825, 0.0017997, 5.6118, 1.1205, 0.036077, 1.3598, 1.055, 1.7603, 0.68619, 0.80204, 1.4396, 2.5769, 0.76472, 0.011616, 4.8585, 1.1787, 0.025319, 9.2277, 1.1234, 0.070268, 0.021696, 0.00051626, 0.10952, 0.0093465, 0.010536, 1.5825e-05, 0.69817, 0.004434, 1.4448e-05, 1.286, 0.078286, 5.1114e-05, 1.2081, 7.6293e-07, 0.00010802, 0.35282, 0.92296, 0.48316, 0.27694, 0.38276, -1.6326, -1.5044, 0.37566, -0.0094842, -1.248, -0.10209, -0.00081691, 4.3068, -0.038111, 0.028622, 1.8822, 1.1124, 1.9486, 0.77739, 0.88366, 4.4987, 3.9094, 0.93472, 0.020211, 7.2344, 1.539, 0.027936, 10.533, 2.282, 0.077722, 0.21613, 0.0033155, 0.19845, 0.023142, 0.023184, 3.4737, 2.7083, 0.02888, 8.1482e-05, 6.6486, 0.24886, 7.6391e-05, 3.5817, 0.4974, 0.00022277
66, 2, 0.13709, 0.04021, 0.20759, 1.7797, 0.55401, 1.8959, 1.0967, 0.99776, 0.81552, 0.25261, 2.7814, 2.8703, 0.29264, 0.02543, 0.05457, 0.93384, 0.00577, 1.1751, 0.48095, 0.0608, 0.96764, 1.0204, 1.2671, 0.54704, 0.47495, 1.7362, 1.4503, 0.61185, 0.0096038, 2.5805, 0.8409, 0.0059352, 4.3762, 0.98944, 0.056542, 0.72392, 0.98565, 0.71975, 0.36641, 0.27034, 1.7297, 0.069093, 0.51239, 0.0037742, 0.71979, 0.26444, -0.0090303, 1.879, 0.988, 0.039682, 1.2114, 1.0552, 1.8145, 0.72766, 0.67957, 1.7428, 2.8315, 0.71131, 0.015433, 4.4412, 1.4174, 0.020901, 6.8735, 0.99088, 0.073401, 0.021955, 0.00044731, 0.11074, 0.012059, 0.015475, 1.5825e-05, 0.7051, 0.0036566, 1.2561e-05, 1.2797, 0.12283, 8.278e-05, 2.3049, 7.6292e-07, 0.00010506, 0.20249, 0.92672, 0.53213, 0.28256, 0.19912, -1.3294, -1.2601, 0.33611, -0.0050709, -1.6587, -0.050063, -0.011163, 0.81844, -0.17062, 0.032156, 1.7328, 1.1142, 2.0021, 0.81152, 0.75079, 4.8019, 4.1607, 0.88759, 0.024278, 6.8197, 1.7319, 0.023034, 7.934, 2.1495, 0.080928, 0.21639, 0.0032465, 0.19966, 0.025855, 0.028122, 3.4737, 2.7152, 0.028103, 7.9595e-05, 6.6422, 0.29341, 0.00010806, 4.6785, 0.4974, 0.0002198
67, 4.7, 0.39202, 0.08935, 0.4617, 2.6667, 0.50219, 0.91433, 1.0239, 1.9297, 0.57232, 0.74553, 1.7294, 0.12379, 0.83408, 4e-05, 4.6123, 1.9519, 0.01053, 1.7727, 0.86094, 0.06771, 1.5408, 1.0159, 1.5516, 0.44302, 0.57783, 2.0184, 1.0256, 0.76723, 0.001689, 5.4956, 0.64605, 0.0033654, 3.1236, 1.4954, 0.055553, 1.2987, 0.97957, 1.1599, 0.22478, 0.38884, 2.0119, -0.098318, 0.64424, -0.0043406, 3.4982, 0.037048, -0.0034556, 1.6001, 1.494, 0.037734, 1.7829, 1.0522, 1.9432, 0.66126, 0.76683, 2.025, 2.1495, 0.89022, 0.0077185, 7.4929, 1.255, 0.010186, 4.6472, 1.4969, 0.073371, 0.021663, 0.00048737, 0.056691, 0.017604, 0.013202, 1.5825e-05, 0.4669, 0.005591, 1.3437e-05, 1.4745, 0.13708, 1.7197e-05, 0.85797, 7.6293e-07, 0.00011735, 0.77619, 0.92159, 0.92391, 0.15155, 0.31338, -1.0472, -1.5632, 0.48216, -0.013066, 1.1946, -0.26631, -0.0073543, 0.16675, 0.33538, 0.030494, 2.3055, 1.1102, 2.1792, 0.73449, 0.84229, 5.0841, 3.6144, 1.0523, 0.016444, 9.7965, 1.5584, 0.014085, 6.0805, 2.6555, 0.080611, 0.2161, 0.0032866, 0.14561, 0.0314, 0.02585, 3.4737, 2.477, 0.030037, 8.0471e-05, 6.8371, 0.30766, 4.2473e-05, 3.2316, 0.4974, 0.00023209
68, 6, 0.37518, 0.06684, 0.10492, 0.8642, 0.29938, 1.8579, 1.0275, 1.9291, 0.15447, 0.29838, 3.9516, 4.1117, 0.99765, 0.01072, 2.0823, 0.01164, 0.00531, 2.1442, 0.65783, 0.0589, 1.2988, 0.9973, 1.5752, 0.27653, 0.49594, 1.6617, 1.7304, 0.78367, 0.010357, 5.7974, 0.37698, 0.013561, 4.983, 0.74264, 0.066743, 1.0563, 0.96147, 1.0823, 0.16805, 0.29538, 1.6551, 0.48155, 0.69504, 0.0042832, 4.1835, -0.17219, 0.00058673, 2.7469, 0.74121, 0.051388, 1.5412, 1.0331, 2.0681, 0.38501, 0.69651, 1.6682, 2.9792, 0.8723, 0.016431, 7.4113, 0.92615, 0.026536, 7.2191, 0.74408, 0.082098, 0.021728, 0.00047437, 0.089789, 0.0043495, 0.014868, 1.5825e-05, 0.57644, 0.0029036, 1.3635e-05, 0.96271, 0.11147, 6.2222e-05, 1.8481, 7.6293e-07, 8.7145e-05, 0.53401, 0.90319, 0.87985, 0.054957, 0.2231, -1.404, -0.91501, 0.51165, -0.0044164, 1.6606, -0.49657, -0.0018246, 1.6034, -0.41741, 0.043372, 2.0635, 1.0914, 2.2706, 0.4981, 0.76879, 4.7273, 4.3758, 1.0557, 0.02513, 9.9342, 1.2505, 0.028948, 8.3627, 1.9027, 0.090114, 0.21616, 0.0032736, 0.17871, 0.018145, 0.027516, 3.4737, 2.5866, 0.02735, 8.0669e-05, 6.3253, 0.28205, 8.7499e-05, 4.2217, 0.4974, 0.00020189
69, 3.0049, 0.29001, 0.1222, 0.36241, 1.3544, 0.4912, 1.1682, 0.98183, 1.5504, 0.61426, 0.44434, 1.1333, 0.67352, 0.70553, 0.02787, 2.3136, 1.1764, 0.0268, 8.0086, 0.29101, 0.02541, 1.0525, 1.0045, 1.2964, 0.40349, 0.42288, 1.8746, 3.0822, 0.78925, 0.0092344, 2.9699, 0.50538, 0.036671, 3.7196, 1.0589, 0.044448, 0.84674, 0.96725, 0.92519, 0.27039, 0.28065, 1.868, 1.8702, 0.68681, 0.0030223, 1.3287, 0.039415, 0.029231, 1.9181, 1.0574, 0.033018, 1.2582, 1.0418, 1.6677, 0.53659, 0.56511, 1.8811, 4.2943, 0.89168, 0.015446, 4.6112, 0.97135, 0.044112, 5.5211, 1.0603, 0.055878, 0.015641, 0.00051355, 0.050938, 0.0065479, 0.0074772, 1.5825e-05, 0.54299, 0.0038783, 1.4263e-05, 0.99564, 0.080252, 2.0461e-05, 1.1995, 7.6292e-07, 4.8284e-05, 0.29855, 0.90985, 0.68128, 0.16888, 0.18953, -1.1911, 0.45401, 0.51242, -0.0055964, -1.1776, -0.31841, 0.025547, 0.61037, -0.1012, 0.023446, 1.8064, 1.0992, 1.9116, 0.63809, 0.65622, 4.9402, 5.7105, 1.0661, 0.024065, 7.1175, 1.3292, 0.047796, 6.8288, 2.2189, 0.06545, 0.21008, 0.0033128, 0.13986, 0.020344, 0.020125, 3.4737, 2.5531, 0.028325, 8.1297e-05, 6.3582, 0.25083, 4.5738e-05, 3.5731, 0.4974, 0.00016303
70, 2, 0.062, 0.15337, 0.59912, 1.1719, 0.38897, 0.83042, 1.0811, 0.68945, 0.58865, 0.28196, 1.5555, 0.81505, 0.58224, 0.00044, 3.7151, 1.1254, 0.00691, 1.0474, 1.95, 0.04357, 1.2087, 1.0026, 1.1436, 0.64748, 0.49207, 1.5237, 1.349, 0.48267, 0.0042526, 1.5197, 0.83644, 0.0089237, 3.68, 1.5696, 0.041067, 0.94405, 0.9616, 0.58158, 0.47781, 0.28883, 1.5172, -0.05217, 0.36486, -0.0026833, -0.35943, 0.30633, -0.0032485, 1.6211, 1.5681, 0.024574, 1.4734, 1.0437, 1.7056, 0.81715, 0.6953, 1.5303, 2.7502, 0.60048, 0.011188, 3.3989, 1.3666, 0.021096, 5.7389, 1.571, 0.05756, 0.025889, 0.00062258, 0.11674, 0.01064, 0.015267, 1.5825e-05, 0.72568, 0.00513, 1.778e-05, 1.3052, 0.10387, 5.4762e-05, 1.5668, 7.6293e-07, 0.00010054, 0.43664, 0.90642, 0.39764, 0.39035, 0.21725, -1.5419, -1.3716, 0.19979, -0.010896, -2.7276, -0.025258, -0.0057919, 0.41489, 0.4095, 0.016933, 1.9808, 1.0989, 1.8895, 0.90461, 0.76688, 4.5894, 4.0697, 0.76555, 0.019401, 5.7671, 1.6981, 0.023639, 6.9451, 2.7296, 0.065201, 0.22032, 0.0034218, 0.20567, 0.024436, 0.027915, 3.4737, 2.7358, 0.029576, 8.4814e-05, 6.6678, 0.27445, 8.0039e-05, 3.9404, 0.4974, 0.00021528
71, 4.7, 0.39202, 0.08776, 0.23073, 1.9192, 0.48658, 1.4337, 1.0287, 1.8949, 0.52544, 0.54351, 1.1888, 0.77789, 0.84091, 0.00056, 5.8579, 0.53773, 0.00393, 4.2766, 0.56305, 0.03475, 1.172, 1.0391, 1.4088, 0.53558, 0.6221, 2.0576, 1.2056, 0.85092, 0.0028436, 5.7572, 0.44538, 0.0081851, 3.9963, 1.0012, 0.052208, 0.92255, 0.99968, 0.84542, 0.35834, 0.40665, 2.051, -0.18415, 0.74175, -0.003828, 3.8966, -0.025123, -0.0014813, 2.2956, 0.99974, 0.035021, 1.4214, 1.0785, 1.9721, 0.71283, 0.83755, 2.0641, 2.5954, 0.9601, 0.0095153, 7.6178, 0.91587, 0.017851, 5.697, 1.0026, 0.069395, 0.022998, 0.00057471, 0.1173, 0.011611, 0.017157, 1.5825e-05, 0.71389, 0.0044055, 1.6452e-05, 1.2796, 0.08182, 3.4536e-05, 1.0691, 7.6293e-07, 0.00010918, 0.40501, 0.94357, 0.66181, 0.2734, 0.33813, -1.0081, -1.5091, 0.57153, -0.012185, 1.518, -0.38099, -0.004536, 0.94437, -0.15888, 0.027595, 1.939, 1.1347, 2.1557, 0.79777, 0.90607, 5.1232, 3.9204, 1.1303, 0.017873, 9.9963, 1.2717, 0.020906, 7.0483, 2.1612, 0.076822, 0.21743, 0.0033739, 0.20623, 0.025407, 0.029804, 3.4737, 2.724, 0.028852, 8.3486e-05, 6.6421, 0.2524, 5.9813e-05, 3.4427, 0.4974, 0.00022392
72, 2.8571, 0.37557, 0.09667, 0.13131, 1.6927, 0.62603, 1.405, 0.90815, 0.50188, 0.48596, 0.68235, 0.67907, 0.57241, 0.99338, 0.00092, 7.931, 1.4361, 0.001, 2.4199, 0.39314, 0.03929, 0.82213, 1.0096, 1.1233, 0.39507, 0.49166, 2.239, 1.092, 0.79005, 0.0048851, 6.0548, 0.54175, 0.0049369, 3.493, 0.65306, 0.043573, 0.57938, 0.97653, 0.73832, 0.26855, 0.34109, 2.2324, -0.028071, 0.69955, -0.00061702, 4.5049, 0.054367, -0.0052397, 1.4778, 0.65162, 0.030794, 1.0649, 1.0427, 1.5083, 0.52159, 0.64223, 2.2455, 2.2122, 0.88056, 0.010387, 7.6047, 1.0291, 0.015113, 5.5081, 0.6545, 0.056353, 0.021779, 0.0004047, 0.054777, 0.0059164, 0.0083794, 1.5825e-05, 0.46374, 0.0030273, 1.119e-05, 0.88784, 0.0878, 3.8278e-05, 1.501, 7.6292e-07, 6.0363e-05, 0.057291, 0.91651, 0.49976, 0.16413, 0.25314, -0.82669, -1.4951, 0.51742, -0.0096626, 1.9425, -0.29434, -0.0081761, 0.25525, -0.50699, 0.021807, 1.587, 1.1027, 1.7468, 0.62601, 0.73017, 5.3046, 3.6792, 1.0627, 0.019433, 10.167, 1.3779, 0.01805, 6.7307, 1.8131, 0.065339, 0.21621, 0.0032039, 0.1437, 0.019712, 0.021027, 3.4737, 2.4739, 0.027474, 7.8223e-05, 6.2504, 0.25838, 6.3555e-05, 3.8746, 0.4974, 0.00017511
73, 3.0049, 0.23427, 0.07638, 0.14319, 1.3544, 0.52635, 0.86369, 1.0113, 0.82924, 0.56093, 0.37132, 1.355, 0.77987, 0.53788, 0.01138, 1.6615, 0.46132, 0.02274, 7.6879, 0.19781, 0.0485, 0.87762, 0.99929, 1.1684, 0.58637, 0.43283, 1.9491, 1.1663, 0.6916, 0.007305, 4.1938, 0.55922, 0.024588, 6.0772, 0.80938, 0.043474, 0.67661, 0.96504, 0.8327, 0.48636, 0.32262, 1.9426, 0.11641, 0.60145, 0.001608, 2.6763, 0.13497, 0.018009, 4.5563, 0.80795, 0.032711, 1.0786, 1.0335, 1.5041, 0.68639, 0.54305, 1.9556, 2.2163, 0.78176, 0.013002, 5.7112, 0.98347, 0.031167, 7.598, 0.81082, 0.054237, 0.014934, 0.00043354, 0.041659, 0.0036971, 0.0044899, 1.5824e-05, 0.40744, 0.0030041, 1.1996e-05, 0.85106, 0.066525, 1.5998e-05, 0.85488, 7.6292e-07, 4.2818e-05, 0.12499, 0.90577, 0.57403, 0.36882, 0.2175, -1.1166, -1.3912, 0.41908, -0.0073175, 0.093616, -0.24171, 0.014021, 3.1217, -0.35067, 0.022827, 1.6303, 1.0928, 1.7628, 0.80392, 0.64816, 5.0147, 3.7238, 0.96412, 0.021928, 8.2939, 1.3602, 0.035156, 9.0326, 1.9694, 0.064121, 0.20937, 0.0032327, 0.13058, 0.017493, 0.017138, 3.4737, 2.4176, 0.02745, 7.903e-05, 6.2136, 0.2371, 4.1275e-05, 3.2285, 0.4974, 0.00015756
74, 3, 0.35826, 0.12126, 0.10019, 0.48387, 0.34299, 1.1867, 1.0262, 0.74933, 0.33302, 0.44337, 1.2119, 0.59746, 0.73741, 0.0002, 6.5387, 0.99824, 0.00394, 2.4298, 0.68129, 0.07193, 0.84121, 0.97209, 1.2251, 0.29378, 0.47237, 1.44, 1.3315, 0.80838, 0.012326, 5.4986, 0.57797, 0.0033667, 4.383, 0.25546, 0.054213, 0.58615, 0.93909, 0.69819, 0.14132, 0.30282, 1.4334, -0.042983, 0.71043, 0.0067858, 3.7383, 0.077945, -0.0076469, 2.4512, 0.25402, 0.039147, 1.0963, 1.0051, 1.7519, 0.44624, 0.64191, 1.4465, 2.706, 0.90632, 0.017866, 7.2588, 1.078, 0.01438, 6.3148, 0.2569, 0.069278, 0.024045, 0.00040236, 0.1026, 0.0085911, 0.010625, 1.5825e-05, 0.69827, 0.0035461, 1.1344e-05, 1.1452, 0.09241, 4.4833e-05, 1.3794, 7.6293e-07, 8.389e-05, 0.072371, 0.87902, 0.50522, 0.047672, 0.22144, -1.6257, -1.3755, 0.53318, -0.0022363, 1.3025, -0.26556, -0.010406, 1.1965, -0.9046, 0.03103, 1.61, 1.0652, 1.9449, 0.53989, 0.7233, 4.5056, 4.0385, 1.0836, 0.026888, 9.6947, 1.4215, 0.017139, 7.5695, 1.4155, 0.077395, 0.21848, 0.0032016, 0.19152, 0.022387, 0.023273, 3.4737, 2.7084, 0.027992, 7.8377e-05, 6.5078, 0.26299, 7.011e-05, 3.753, 0.4974, 0.00019863
75, 2.5, 0.1772, 0.14937, 0.62894, 0.97222, 0.42492, 1.1899, 0.93389, 1.354, 0.6293, 0.02828, 1.115, 0.50551, 0.46123, 0.00283, 2.0236, 0.38757, 0.00229, 1.6513, 1.2568, 0.03491, 1.1754, 0.97421, 1.2755, 0.54044, 0.30978, 1.6117, 1.4414, 0.51117, 0.0045228, 2.8685, 0.53528, 0.0017944, 1.5349, 1.5219, 0.054412, 0.9277, 0.93021, 0.71276, 0.37868, 0.093256, 1.6052, 0.047309, 0.39061, -0.0030227, 0.95939, 0.036897, -0.0077427, -0.41452, 1.5205, 0.037321, 1.4231, 1.0182, 1.8382, 0.70219, 0.52631, 1.6183, 2.8356, 0.63173, 0.012068, 4.7776, 1.0337, 0.011331, 3.4842, 1.5234, 0.071503, 0.022676, 0.00071564, 0.11704, 0.0096705, 0.017329, 1.5825e-05, 0.71838, 0.0053726, 2.1043e-05, 1.3471, 0.091807, 3.3618e-05, 1.4046, 7.6293e-07, 0.00010797, 0.40897, 0.87669, 0.52899, 0.28846, 0.024997, -1.4539, -1.2756, 0.22713, -0.010914, -1.3922, -0.30727, -0.010829, -1.6623, 0.36187, 0.029865, 1.9418, 1.0717, 2.022, 0.79241, 0.59457, 4.6774, 4.1584, 0.79521, 0.01996, 7.1292, 1.3778, 0.014418, 4.732, 2.682, 0.078959, 0.21711, 0.0035148, 0.20597, 0.023467, 0.029977, 3.4737, 2.7285, 0.029819, 8.8077e-05, 6.7097, 0.26239, 5.8895e-05, 3.7781, 0.4974, 0.00022271
76, 4.56, 0.32421, 0.04323, 0.2, 2.0833, 0.76092, 1.3472, 1.0454, 1.0003, 0.43989, 0.79948, 0.63351, 0.72003, 0.93319, 0.00623, 2.0348, 1.7532, 0.01031, 8.8826, 0.57549, 0.05214, 1.0888, 1.0281, 1.2615, 0.48342, 0.512, 2.8085, 1.3406, 0.73448, 0.0035708, 4.4571, 0.81552, 0.013103, 4.1531, 1.3173, 0.049954, 0.80366, 0.98939, 0.70561, 0.30387, 0.29446, 2.8019, -0.033837, 0.62619, -0.0030038, 2.6311, 0.20782, -0.0024799, 1.643, 1.3159, 0.03339, 1.3739, 1.0669, 1.8173, 0.66297, 0.72954, 2.815, 2.715, 0.84278, 0.010145, 6.283, 1.4232, 0.028686, 6.6633, 1.3187, 0.066517, 0.030051, 0.00055516, 0.1142, 0.011915, 0.017492, 1.5825e-05, 0.69818, 0.0043349, 1.5977e-05, 1.2323, 0.1365, 8.9755e-05, 2.3289, 7.6293e-07, 0.0001014, 0.30946, 0.93288, 0.52013, 0.21967, 0.22644, -0.25715, -1.3664, 0.45543, -0.011415, 0.233, -0.095963, -0.0045383, 0.58622, 0.15725, 0.025771, 1.8681, 1.1234, 2.0028, 0.74717, 0.79756, 5.8741, 4.0475, 1.0135, 0.018557, 8.6811, 1.727, 0.030745, 7.72, 2.4774, 0.074136, 0.22449, 0.0033544, 0.20312, 0.025711, 0.030139, 3.4737, 2.7083, 0.028781, 8.301e-05, 6.5948, 0.30707, 0.00011503, 4.7025, 0.4974, 0.00021614
77, 2.5, 0.1772, 0.14937, 0.39994, 0.97222, 0.41986, 0.86088, 0.97973, 1.6511, 0.36077, 0.01922, 0.37544, 2.2462, 0.49057, 0.00383, 0.64001, 0.10414, 0.00046, 1.8291, 2.2335, 0.03008, 0.93905, 0.98536, 1.1893, 0.59591, 0.42306, 1.715, 1.3778, 0.74344, 0.0036667, 2.6376, 0.60249, 0.0040095, 3.2401, 1.1213, 0.03725, 0.69708, 0.94594, 0.63082, 0.42396, 0.21817, 1.7085, -0.0060078, 0.6422, -0.0030291, 0.8872, 0.10483, -0.005489, 1.2908, 1.1199, 0.022745, 1.181, 1.0248, 1.7477, 0.76786, 0.62796, 1.7215, 2.7616, 0.84469, 0.010362, 4.388, 1.1001, 0.013508, 5.1893, 1.1228, 0.051755, 0.021641, 0.00057428, 0.11527, 0.010928, 0.015518, 1.5825e-05, 0.70778, 0.0037887, 1.6571e-05, 1.1324, 0.091537, 3.3347e-05, 1.4044, 7.6293e-07, 7.7763e-05, 0.17445, 0.88982, 0.446, 0.33727, 0.14702, -1.3506, -1.3339, 0.46705, -0.011373, -1.5544, -0.23963, -0.0085845, 0.042935, -0.038705, 0.014428, 1.7036, 1.0809, 1.9325, 0.85454, 0.69911, 4.7806, 4.0895, 1.0198, 0.018706, 6.8296, 1.4446, 0.016604, 6.4372, 2.2814, 0.060072, 0.21608, 0.0033735, 0.20419, 0.024724, 0.028165, 3.4737, 2.7179, 0.028235, 8.3605e-05, 6.495, 0.26212, 5.8624e-05, 3.778, 0.4974, 0.00019251
78, 1.5, 0.12975, 0.1397, 0.3332, 0.9697, 0.50471, 0.17717, 0.96432, 0.58978, 0.9131, 0.03206, 2.1719, 0.8805, 0.99635, 0.01558, 4.1445, 0.31675, 0.00676, 4.9521, 0.96827, 0.03542, 0.85955, 0.99429, 1.0979, 0.57094, 0.41648, 1.8213, 1.5242, 0.75035, 0.0042778, 1.6404, 0.77281, 0.0077292, 3.824, 0.99796, 0.036269, 0.58159, 0.95313, 0.5356, 0.39175, 0.19086, 1.8148, 0.12491, 0.64377, -0.0027563, -0.15908, 0.15103, -0.0075882, 1.3125, 0.99652, 0.020042, 1.1375, 1.0354, 1.6601, 0.75012, 0.64211, 1.8279, 2.9235, 0.85693, 0.011312, 3.4398, 1.3946, 0.023047, 6.3355, 0.9994, 0.052496, 0.028558, 0.00062611, 0.11685, 0.011867, 0.018816, 1.5825e-05, 0.72369, 0.0041983, 1.8288e-05, 1.1968, 0.1429, 8.672e-05, 2.3313, 7.6293e-07, 9.7325e-05, 0.082817, 0.89802, 0.35172, 0.30744, 0.12472, -1.2443, -1.1955, 0.47196, -0.010916, -2.5723, -0.14812, -0.009678, 0.25618, -0.1621, 0.012316, 1.6363, 1.0906, 1.844, 0.83443, 0.70825, 4.887, 4.2438, 1.0287, 0.019471, 5.8531, 1.6937, 0.025136, 7.3918, 2.158, 0.060222, 0.22299, 0.0034253, 0.20578, 0.025663, 0.031464, 3.4737, 2.7338, 0.028645, 8.5322e-05, 6.5594, 0.31348, 0.000112, 4.7049, 0.4974, 0.00021207
79, 4, 0.23445, 0.11054, 0.22306, 1.95, 0.34281, 1.9712, 0.95122, 1.9752, 0.45769, 0.47944, 0.95186, 1.1925, 0.80103, 0.01336, 2.494, 0.19204, 0.00991, 6.6832, 0.56914, 0.05217, 1.2246, 1.0015, 1.5817, 0.47538, 0.54726, 1.6746, 1.2211, 0.74878, 0.0039432, 4.0647, 0.92086, 0.0059936, 4.13, 1.0051, 0.04669, 1.0094, 0.96317, 1.092, 0.31213, 0.35554, 1.6681, -0.13629, 0.64489, -0.002539, 2.2756, 0.29896, -0.0071436, 1.7129, 1.0037, 0.029934, 1.4397, 1.0399, 2.0714, 0.63864, 0.73898, 1.6812, 2.5784, 0.85266, 0.010425, 5.8538, 1.5428, 0.019131, 6.5471, 1.0066, 0.063446, 0.017109, 0.00054378, 0.088637, 0.0098513, 0.013586, 1.5825e-05, 0.68099, 0.0039887, 1.553e-05, 1.1831, 0.14295, 6.379e-05, 2.1595, 7.6292e-07, 0.00010378, 0.46806, 0.90642, 0.88856, 0.22244, 0.28085, -1.391, -1.4772, 0.47141, -0.011003, -0.14356, -0.00015169, -0.0095297, 0.62795, -0.15491, 0.022375, 1.9811, 1.0966, 2.2748, 0.72832, 0.81367, 4.7403, 3.9194, 1.0261, 0.018889, 8.273, 1.8419, 0.021517, 7.6321, 2.1652, 0.071005, 0.21154, 0.003343, 0.17756, 0.023647, 0.026234, 3.4737, 2.6911, 0.028435, 8.2564e-05, 6.5457, 0.31353, 8.9067e-05, 4.5331, 0.4974, 0.00021852
80, 3.0049, 0.1623, 0.05357, 0.04951, 1.3368, 0.45659, 0.12861, 0.95373, 1.9007, 0.45028, 0.44392, 1.8979, 1.1693, 0.91859, 6e-05, 5.5055, 0.94696, 0.00129, 5.322, 0.50906, 0.03373, 0.70988, 1.0151, 1.3069, 0.42751, 0.54988, 1.7269, 1.5425, 0.804, 0.0051074, 5.4126, 0.67039, 0.0087458, 4.5991, 0.70308, 0.045475, 0.5054, 0.97701, 0.79026, 0.28159, 0.40105, 1.7204, 0.2589, 0.70484, -0.0013425, 3.6915, 0.10596, -0.0015644, 2.2272, 0.70164, 0.031112, 0.91436, 1.0532, 1.8235, 0.57343, 0.69871, 1.7335, 2.8262, 0.90316, 0.011557, 7.1337, 1.2348, 0.019056, 6.971, 0.70452, 0.059838, 0.015455, 0.00053598, 0.098648, 0.0078698, 0.008187, 1.5825e-05, 0.60903, 0.0036342, 1.5376e-05, 1.0948, 0.11775, 3.929e-05, 2.0794, 7.6292e-07, 7.6245e-05, -0.043688, 0.9201, 0.5945, 0.1854, 0.31246, -1.3387, -1.1195, 0.52837, -0.0098246, 1.2328, -0.21284, -0.0044711, 1.1281, -0.45698, 0.022743, 1.4634, 1.1101, 2.0193, 0.66962, 0.78731, 4.7926, 4.2045, 1.0796, 0.020039, 9.5924, 1.5536, 0.021963, 8.0701, 1.8631, 0.068207, 0.20989, 0.0033352, 0.18757, 0.021666, 0.020835, 3.4737, 2.6192, 0.028081, 8.241e-05, 6.4574, 0.28833, 6.4566e-05, 4.453, 0.4974, 0.00019099
81, 4, 0.20693, 0.04168, 0.03201, 1.8518, 0.4529, 1.5755, 1.056, 0.89908, 0.38729, 0.48467, 0.20197, 1.543, 0.9732, 0.00222, 4.0266, 0.37408, 0.00188, 3.5715, 0.38483, 0.07329, 1.0174, 1.0154, 1.2354, 0.40996, 0.56116, 1.8539, 1.2574, 0.82132, 0.0035193, 6.4054, 0.51155, 0.0038366, 5.5736, 0.81709, 0.04653, 0.78757, 0.97856, 0.8888, 0.27997, 0.43254, 1.8474, 0.15151, 0.72346, -0.0026312, 4.778, 0.081465, -0.0029549, 3.8972, 0.81565, 0.034682, 1.2473, 1.0522, 1.5821, 0.53996, 0.68978, 1.8605, 2.3632, 0.91919, 0.0096697, 8.0329, 0.94163, 0.010628, 7.25, 0.81852, 0.058377, 0.01953, 0.00050138, 0.044412, 0.0062456, 0.0061144, 1.5825e-05, 0.452, 0.0035401, 1.3982e-05, 0.97895, 0.068367, 1.7048e-05, 1.0387, 7.6292e-07, 5.1884e-05, 0.25659, 0.92089, 0.63482, 0.17711, 0.33586, -1.2117, -1.3236, 0.54615, -0.011286, 2.2633, -0.29249, -0.0068644, 2.5352, -0.34297, 0.025297, 1.7783, 1.1099, 1.8361, 0.64282, 0.78647, 4.9196, 3.8383, 1.0965, 0.018324, 10.548, 1.3156, 0.014538, 8.612, 1.9771, 0.067762, 0.21397, 0.0033006, 0.13334, 0.020042, 0.018762, 3.4737, 2.4621, 0.027986, 8.1016e-05, 6.3415, 0.23895, 4.2325e-05, 3.4123, 0.4974, 0.00016663
82, 4, 0.14463, 0.03544, 0.1, 2.0238, 0.48658, 1.7688, 0.99574, 1.7978, 0.4421, 0.51461, 0.68442, 1.3253, 0.9568, 0.00108, 3.0653, 1.1647, 0.00447, 6.2193, 0.42351, 0.05154, 1.0611, 1.0305, 1.0646, 0.45549, 0.45977, 1.9562, 1.1648, 0.7173, 0.0042524, 4.5186, 0.71833, 0.011724, 5.8362, 1.091, 0.06074, 0.82961, 0.99745, 0.54628, 0.28461, 0.27891, 1.9497, -0.10385, 0.61583, -0.0012562, 2.6844, 0.17519, -0.0018683, 3.5632, 1.0896, 0.044075, 1.2927, 1.0635, 1.5829, 0.62637, 0.64063, 1.9628, 2.4335, 0.81877, 0.009761, 6.3527, 1.2615, 0.025316, 8.1091, 1.0925, 0.077404, 0.019812, 0.0004034, 0.099294, 0.010793, 0.01209, 1.5825e-05, 0.5949, 0.0038054, 1.1216e-05, 1.2435, 0.10903, 6.8284e-05, 1.9095, 7.6292e-07, 0.00010264, 0.29978, 0.9374, 0.35098, 0.19756, 0.20107, -1.1094, -1.49, 0.44083, -0.010298, 0.29092, -0.15144, -0.0041863, 2.4321, -0.069009, 0.036488, 1.8225, 1.1236, 1.7782, 0.71342, 0.71848, 5.0219, 3.8196, 0.99377, 0.018803, 8.7462, 1.5881, 0.027634, 9.2403, 2.2511, 0.084991, 0.21425, 0.0032026, 0.18822, 0.024589, 0.024738, 3.4737, 2.605, 0.028252, 7.825e-05, 6.606, 0.27961, 9.3561e-05, 4.2831, 0.4974, 0.00021738
83, 4.6981, 0.13859, 0.04387, 0, 0.84667, 0.19799, 0.88921, 0.9291, 1.1908, 0.25829, 0.22153, 0.77163, 1.44, 0.9526, 0.0001, 3.549, 0.21347, 0.00111, 4.5144, 0.42595, 0.04593, 1.0931, 1.0199, 1.0928, 0.37628, 0.50856, 1.2088, 1.1131, 0.82648, 0.0082402, 6.1478, 0.59919, 0.0057016, 6.5992, 0.6476, 0.058815, 0.83352, 0.98454, 0.67459, 0.22585, 0.34912, 1.2023, -0.042992, 0.7208, 0.0023829, 4.4109, 0.10098, -0.0051483, 4.7042, 0.64616, 0.044986, 1.3526, 1.0552, 1.5111, 0.52672, 0.66799, 1.2154, 2.2692, 0.93216, 0.014098, 7.8848, 1.0974, 0.016551, 8.4942, 0.64904, 0.072643, 0.024899, 0.00046151, 0.06466, 0.0083646, 0.0093953, 1.5825e-05, 0.494, 0.004128, 1.2681e-05, 1.1151, 0.091744, 4.351e-05, 1.3272, 7.6292e-07, 7.0676e-05, 0.32273, 0.92595, 0.44823, 0.13142, 0.26435, -1.8568, -1.4898, 0.54843, -0.0064455, 1.9615, -0.24326, -0.0079405, 3.4349, -0.51246, 0.036417, 1.8634, 1.1138, 1.7375, 0.62114, 0.75277, 4.2745, 3.716, 1.1045, 0.022926, 10.334, 1.4416, 0.019344, 9.7635, 1.8077, 0.081212, 0.21933, 0.0032607, 0.15358, 0.022161, 0.022043, 3.4737, 2.5041, 0.028574, 7.9715e-05, 6.4777, 0.26232, 6.8787e-05, 3.7008, 0.4974, 0.00018542
84, 2.1818, 0.16255, 0.08371, 0.214, 1.0417, 0.52392, 0.89294, 0.97718, 1.2364, 0.44438, 0.33975, 0.81104, 1.2038, 0.56662, 0.02108, 1.2338, 0.66865, 0.00825, 5.1722, 0.76619, 0.04885, 0.87723, 1.0178, 0.99924, 0.65377, 0.40653, 1.8168, 1.0105, 0.62912, 0.014752, 3.3187, 0.83227, 0.005639, 3.9803, 0.87877, 0.043812, 0.6392, 0.98504, 0.51815, 0.51367, 0.23034, 1.8103, -0.27037, 0.53707, 0.00932, 1.7085, 0.28575, -0.0059944, 1.6556, 0.87734, 0.03029, 1.1153, 1.0506, 1.4803, 0.79386, 0.58271, 1.8233, 2.2913, 0.72116, 0.020183, 4.9289, 1.3788, 0.017272, 6.3051, 0.88021, 0.057334, 0.020941, 0.00039735, 0.085545, 0.0072541, 0.011473, 1.5825e-05, 0.60637, 0.0031316, 1.0905e-05, 0.95833, 0.1104, 5.0022e-05, 1.9976, 7.6292e-07, 6.7585e-05, 0.11387, 0.92483, 0.31219, 0.41512, 0.15107, -1.2488, -1.6502, 0.35596, 0.00023051, -0.8167, -0.039619, -0.0086342, 0.54137, -0.28128, 0.021602, 1.6406, 1.1108, 1.6863, 0.89241, 0.66199, 4.8824, 3.6711, 0.90227, 0.029273, 7.4541, 1.7042, 0.019912, 7.4193, 2.0388, 0.066022, 0.21538, 0.0031966, 0.17447, 0.02105, 0.024121, 3.4737, 2.6165, 0.027578, 7.7939e-05, 6.3209, 0.28098, 7.5299e-05, 4.3712, 0.4974, 0.00018233
85, 5.4951, 0.18313, 0.04428, 0.26576, 2.2281, 0.41515, 1.1184, 1.0798, 1.1035, 0.66249, 0.42974, 1.2357, 0.26638, 0.67189, 0.00121, 8.086, 1.3222, 0.02083, 7.9834, 0.74892, 0.04648, 1.2897, 1.036, 1.5839, 0.5639, 0.38321, 1.9517, 0.99073, 0.63403, 0.0070551, 3.3378, 0.59452, 0.020115, 4.7124, 1.5187, 0.055136, 1.0331, 1.0009, 1.2133, 0.43479, 0.24156, 1.9452, -0.19058, 0.53197, 0.0012198, 1.6493, 0.14123, 0.011923, 2.8833, 1.5173, 0.042623, 1.5464, 1.0711, 1.9545, 0.69301, 0.52486, 1.9583, 2.172, 0.73609, 0.01289, 5.0262, 1.0478, 0.028306, 6.5415, 1.5202, 0.067649, 0.024346, 0.00045471, 0.050765, 0.0061608, 0.0074165, 1.5825e-05, 0.51579, 0.0038498, 1.2585e-05, 1.0537, 0.075944, 2.48e-05, 1.2366, 7.6292e-07, 5.7871e-05, 0.52037, 0.94216, 0.96911, 0.33153, 0.15022, -1.1139, -1.6235, 0.35734, -0.0076219, -0.82869, -0.22217, 0.008475, 1.5871, 0.35867, 0.033525, 2.0591, 1.1298, 2.1986, 0.79627, 0.6162, 5.0174, 3.6049, 0.91072, 0.021732, 7.5043, 1.4112, 0.031755, 7.8377, 2.6788, 0.076746, 0.21878, 0.0032539, 0.13969, 0.019957, 0.020064, 3.4737, 2.5259, 0.028296, 7.9619e-05, 6.4163, 0.24652, 5.0077e-05, 3.6102, 0.4974, 0.00017261
86, 6.5574, 0.12536, 0.07885, 0.13961, 0.88496, 0.18522, 1.0637, 1.0594, 0.53823, 0.58288, 0.62286, 1.9736, 0.46374, 0.76149, 0.00056, 4.3636, 0.72288, 0.00637, 5.6036, 0.61502, 0.06222, 1.0197, 1.031, 1.1966, 0.45949, 0.5372, 1.6329, 1.2925, 0.70882, 0.0041562, 4.2077, 0.98257, 0.010748, 4.067, 1.2162, 0.059472, 0.7829, 0.99282, 0.65567, 0.28194, 0.34323, 1.6264, -0.082317, 0.59797, -0.0022911, 2.3055, 0.4764, -0.00078299, 2.215, 1.2147, 0.04261, 1.2564, 1.0693, 1.7376, 0.63705, 0.73116, 1.6395, 2.6674, 0.81967, 0.010604, 6.1098, 1.4887, 0.022279, 5.919, 1.2176, 0.076333, 0.02072, 0.00053999, 0.10816, 0.011653, 0.013906, 1.5825e-05, 0.69864, 0.0045419, 1.5364e-05, 1.3374, 0.094698, 4.9147e-05, 1.2677, 7.6293e-07, 0.00010508, 0.2567, 0.936, 0.4664, 0.1971, 0.26917, -1.4327, -1.4146, 0.42877, -0.010775, -0.049924, 0.13539, -0.0034418, 0.92823, 0.0561, 0.035084, 1.7826, 1.1261, 1.9269, 0.72189, 0.80523, 4.6986, 3.9997, 0.98887, 0.019087, 8.4652, 1.8297, 0.024938, 7.2057, 2.3762, 0.083859, 0.21515, 0.0033392, 0.19709, 0.025449, 0.026554, 3.4737, 2.7088, 0.028988, 8.2398e-05, 6.6999, 0.26528, 7.4423e-05, 3.6413, 0.4974, 0.00021983
87, 3.5, 0.39435, 0.10278, 0.20989, 1.3757, 0.54613, 1.3573, 1.0758, 0.51689, 0.58708, 0.48509, 1.0719, 0.72147, 0.89135, 0.00032, 7.7913, 1.1948, 0.01131, 5.29, 0.40646, 0.05681, 1.0314, 1.0222, 1.0798, 0.62733, 0.50409, 2.0676, 1.1519, 0.82462, 0.0032845, 6.0593, 0.61625, 0.0037845, 4.9955, 0.75585, 0.051655, 0.7988, 0.98384, 0.57288, 0.48877, 0.3605, 2.0611, -0.12925, 0.72129, -0.0031749, 4.2745, 0.19857, -0.003583, 3.3855, 0.75441, 0.036326, 1.264, 1.0605, 1.5868, 0.7659, 0.64767, 2.0742, 2.433, 0.92796, 0.009744, 7.8441, 1.0339, 0.011152, 6.6055, 0.75729, 0.066985, 0.019993, 0.00054246, 0.09499, 0.0070964, 0.0076201, 1.5825e-05, 0.60663, 0.0039469, 1.5422e-05, 1.1774, 0.06448, 2.0062e-05, 0.95804, 7.6293e-07, 8.6853e-05, 0.2697, 0.92707, 0.37443, 0.38958, 0.26992, -0.99802, -1.5089, 0.54746, -0.011652, 1.8528, -0.18122, -0.007291, 1.9932, -0.4042, 0.028301, 1.7931, 1.1172, 1.7852, 0.86509, 0.73826, 5.1333, 3.8126, 1.1018, 0.018221, 10.266, 1.4137, 0.01486, 7.9978, 1.9159, 0.07501, 0.21443, 0.0033417, 0.18391, 0.020892, 0.020268, 3.4737, 2.6168, 0.028393, 8.2456e-05, 6.54, 0.23506, 4.5339e-05, 3.3316, 0.4974, 0.0002016
88, 2.8571, 0.43878, 0.13183, 0.15306, 0.83333, 0.56356, 0.7385, 0.97373, 1.6128, 0.38523, 0.54651, 0.82695, 0.39863, 0.81177, 0.00046, 4.6613, 1.7417, 0.00407, 5.0189, 0.41883, 0.04296, 0.86381, 1.009, 1.1938, 0.39745, 0.44192, 2.0988, 1.3493, 0.81706, 0.0052573, 6.4905, 0.61185, 0.0056743, 4.4759, 0.4307, 0.044809, 0.61651, 0.96748, 0.64148, 0.23858, 0.2235, 2.0923, -0.035729, 0.70927, -0.0018214, 4.6685, -0.02149, -0.0097241, 1.9658, 0.42926, 0.02799, 1.1111, 1.0505, 1.7462, 0.55632, 0.66033, 2.1054, 2.7342, 0.92485, 0.012336, 8.3124, 1.2452, 0.021073, 6.9859, 0.43213, 0.061628, 0.022604, 0.00063714, 0.11276, 0.0093292, 0.017632, 1.5825e-05, 0.70899, 0.0042944, 1.852e-05, 1.2269, 0.14826, 8.7639e-05, 2.3287, 7.6293e-07, 0.00010456, 0.097509, 0.91257, 0.45513, 0.14732, 0.15569, -0.96683, -1.3631, 0.5382, -0.0099569, 2.2681, -0.31693, -0.011804, 0.90906, -0.72936, 0.020451, 1.6301, 1.1054, 1.9325, 0.64758, 0.72814, 5.1645, 4.0616, 1.0959, 0.020471, 10.713, 1.5406, 0.023153, 8.0427, 1.5908, 0.069167, 0.21704, 0.0034363, 0.20168, 0.023125, 0.03028, 3.4737, 2.7191, 0.028741, 8.5554e-05, 6.5895, 0.31884, 0.00011292, 4.7023, 0.4974, 0.0002193
89, 4.7, 0.41303, 0.08776, 0.4617, 1.9192, 0.52352, 1.9273, 1.0065, 1.9418, 0.63449, 0.58351, 1.2537, 0.6942, 0.94268, 6e-05, 6.5153, 0.04537, 0.00219, 2.908, 1.3303, 0.03907, 1.4125, 1.0121, 1.5378, 0.44329, 0.55881, 2.041, 1.001, 0.73683, 0.0033028, 6.0676, 0.60509, 0.006721, 2.8684, 1.3994, 0.065046, 1.1634, 0.97339, 1.1212, 0.30078, 0.38533, 2.0344, -0.12672, 0.62688, -0.0032078, 4.2957, 0.10389, -0.0044303, 1.1027, 1.398, 0.050334, 1.6615, 1.0508, 1.9543, 0.58579, 0.7323, 2.0475, 2.1287, 0.84678, 0.0098134, 7.8396, 1.1063, 0.017872, 4.6341, 1.4009, 0.079758, 0.02292, 0.00055324, 0.064132, 0.0075059, 0.011124, 1.5825e-05, 0.47003, 0.004468, 1.5667e-05, 1.1605, 0.092847, 4.5962e-05, 1.1523, 7.6293e-07, 8e-05, 0.64561, 0.91684, 0.89427, 0.20322, 0.30521, -1.0247, -1.5894, 0.45714, -0.011656, 1.8666, -0.23913, -0.007162, -0.22025, 0.23937, 0.042092, 2.1793, 1.1073, 2.1813, 0.68335, 0.81242, 5.1066, 3.5914, 1.0165, 0.018261, 10.269, 1.4493, 0.020604, 5.957, 2.5595, 0.088, 0.21735, 0.0033524, 0.15306, 0.021302, 0.023772, 3.4737, 2.4802, 0.028914, 8.2701e-05, 6.5231, 0.26343, 7.1238e-05, 3.5259, 0.4974, 0.00019474
90, 2, 0.14601, 0.09329, 0.19249, 0.91398, 0.52222, 0.86583, 1.0272, 0.54199, 0.60177, 0.21864, 1.4577, 0.61431, 0.6144, 0.001, 6.8509, 0.44848, 0.00547, 2.4472, 0.28274, 0.049, 0.79665, 1.0179, 1.1634, 0.51478, 0.39698, 1.8365, 1.1811, 0.62638, 0.013098, 2.9517, 0.79934, 0.0063254, 4.5118, 0.82343, 0.042696, 0.56614, 0.9827, 0.66878, 0.37743, 0.21466, 1.83, -0.14102, 0.52486, 0.0071889, 1.2128, 0.22567, -0.0049708, 2.2288, 0.82199, 0.028103, 1.0272, 1.0531, 1.6579, 0.65214, 0.5793, 1.8431, 2.5032, 0.72791, 0.019008, 4.6906, 1.373, 0.017622, 6.7948, 0.82486, 0.05729, 0.019639, 0.00045818, 0.090408, 0.0069732, 0.012286, 1.5825e-05, 0.64607, 0.0038099, 1.2907e-05, 1.1176, 0.12164, 4.7164e-05, 1.9264, 7.6292e-07, 7.8718e-05, 0.035602, 0.92403, 0.4668, 0.27774, 0.13725, -1.2291, -1.4997, 0.34989, -0.0016083, -1.2355, -0.089823, -0.0076743, 1.101, -0.33663, 0.019818, 1.5577, 1.1118, 1.8599, 0.75183, 0.65671, 4.9022, 3.8618, 0.90288, 0.027805, 7.1389, 1.6885, 0.020325, 7.9227, 1.9835, 0.065575, 0.21407, 0.0032574, 0.17933, 0.020769, 0.024934, 3.4737, 2.6562, 0.028256, 7.9941e-05, 6.4801, 0.29222, 7.244e-05, 4.3, 0.4974, 0.00019346
91, 3, 0.19839, 0.09253, 0.29999, 1.25, 0.46631, 0.91298, 0.99747, 1.429, 0.46589, 0.33976, 0.11565, 1.2037, 0.99874, 0.00307, 0.88585, 1.8769, 0.00231, 3.9451, 0.63878, 0.03972, 0.91494, 1.0139, 1.1712, 0.67071, 0.51018, 1.7649, 1.212, 0.74559, 0.0063301, 2.9909, 0.84966, 0.010858, 4.7469, 1.0723, 0.04716, 0.71351, 0.97642, 0.69741, 0.51435, 0.33855, 1.7583, -0.12547, 0.644, 3.4451e-05, 1.2342, 0.26926, -0.00046453, 2.3879, 1.0709, 0.030685, 1.1164, 1.0513, 1.645, 0.82707, 0.68181, 1.7714, 2.5495, 0.84718, 0.012626, 4.7477, 1.4301, 0.022181, 7.1059, 1.0738, 0.063635, 0.014998, 0.0005184, 0.082971, 0.0090363, 0.010887, 1.5825e-05, 0.66121, 0.0038146, 1.465e-05, 1.1407, 0.12451, 4.7388e-05, 2.0568, 7.6292e-07, 0.00010032, 0.16219, 0.91913, 0.48925, 0.42216, 0.25784, -1.3008, -1.4764, 0.46907, -0.0085359, -1.2037, -0.043853, -0.0031629, 1.2847, -0.087718, 0.023038, 1.6677, 1.1086, 1.8532, 0.91925, 0.76252, 4.8305, 3.9004, 1.0221, 0.021196, 7.1856, 1.7432, 0.02488, 8.2091, 2.2324, 0.071282, 0.20943, 0.0033176, 0.1719, 0.022832, 0.023535, 3.4737, 2.6713, 0.028261, 8.1684e-05, 6.5033, 0.29509, 7.2665e-05, 4.4304, 0.4974, 0.00021506
92, 4.56, 0.08105, 0.08646, 0.3, 1.0417, 0.27718, 1.1226, 1.0057, 1.3549, 0.72541, 0.81134, 1.2129, 1.1694, 0.83202, 0.00477, 2.1555, 0.56328, 0.01399, 9.6799, 0.75003, 0.04299, 1.2532, 1.0168, 1.2147, 0.57608, 0.50197, 1.5203, 1.1728, 0.70618, 0.0066583, 2.8616, 0.62214, 0.022447, 6.38, 1.335, 0.055668, 1.0323, 0.98146, 0.84857, 0.44783, 0.37245, 1.5137, -0.019821, 0.60224, 0.00079659, 1.1523, 0.21583, 0.015606, 4.8054, 1.3335, 0.043418, 1.4741, 1.0521, 1.5807, 0.70432, 0.63149, 1.5268, 2.3654, 0.81011, 0.01252, 4.5709, 1.0285, 0.029289, 7.9547, 1.3364, 0.067919, 0.018038, 0.00046092, 0.049535, 0.0060789, 0.0062002, 1.5825e-05, 0.52569, 0.0039928, 1.27e-05, 1.0799, 0.061021, 1.73e-05, 0.91645, 7.6293e-07, 5.547e-05, 0.49497, 0.92285, 0.6026, 0.34419, 0.27615, -1.5454, -1.4465, 0.42879, -0.0080292, -1.3134, -0.16944, 0.011715, 3.3965, 0.1749, 0.034209, 2.0114, 1.1107, 1.8267, 0.80796, 0.72779, 4.5859, 3.7921, 0.98356, 0.021346, 7.0365, 1.4137, 0.03318, 9.3635, 2.495, 0.077128, 0.21247, 0.0032601, 0.13846, 0.019875, 0.018848, 3.4737, 2.5358, 0.028439, 7.9734e-05, 6.4424, 0.2316, 4.2577e-05, 3.29, 0.4974, 0.00017021
93, 6.2215, 0.12155, 0.01628, 0.09479, 2.0833, 0.31572, 1.9871, 0.958, 1.7262, 0.37289, 0.5704, 0.66887, 0.45233, 0.68311, 1e-05, 9.065, 0.79542, 0.00212, 1.375, 1.7917, 0.08933, 1.2292, 1.0448, 1.297, 0.40802, 0.53804, 1.7845, 1.1785, 0.75671, 0.0043341, 4.1418, 0.42462, 0.0082647, 3.3422, 1.3423, 0.072688, 0.9854, 1.0063, 0.80846, 0.24823, 0.3827, 1.778, -0.14133, 0.64839, -0.0021838, 2.2872, -0.084335, -0.0026583, 1.378, 1.3408, 0.058575, 1.4729, 1.0833, 1.7855, 0.56781, 0.69338, 1.7911, 2.4983, 0.86503, 0.010852, 5.9964, 0.93357, 0.019188, 5.3063, 1.3437, 0.0868, 0.021963, 0.00054746, 0.088205, 0.0094374, 0.0089192, 1.5825e-05, 0.64385, 0.004337, 1.5702e-05, 1.2713, 0.095741, 4.4099e-05, 1.4259, 7.6293e-07, 7.3612e-05, 0.464, 0.94965, 0.6047, 0.1573, 0.29648, -1.2811, -1.5011, 0.47765, -0.010627, -0.094759, -0.42423, -0.0054357, 0.13596, 0.18222, 0.050113, 1.9943, 1.14, 1.9892, 0.65873, 0.7796, 4.8502, 3.8581, 1.0358, 0.019296, 8.3783, 1.2735, 0.021965, 6.5484, 2.5023, 0.095262, 0.2164, 0.0033467, 0.17713, 0.023233, 0.021567, 3.4737, 2.654, 0.028783, 8.2736e-05, 6.6339, 0.26632, 6.9376e-05, 3.7995, 0.4974, 0.00018835
94, 4, 0.31953, 0.09037, 0.61304, 1.25, 0.37617, 1.7054, 0.98478, 1.0337, 0.39835, 0.48384, 0.99153, 1.1387, 0.52236, 0.00254, 8.6989, 0.10625, 0.00588, 1.3954, 1.5152, 0.07813, 1.632, 0.99208, 1.6119, 0.36983, 0.42682, 1.4024, 1.4899, 0.56963, 0.0048741, 4.7414, 0.74263, 0.0036634, 1.9172, 1.4912, 0.06506, 1.3899, 0.94987, 1.0457, 0.18887, 0.19763, 1.3959, 0.06618, 0.45033, -0.0023187, 2.7883, 0.12313, -0.011009, -0.5187, 1.4897, 0.047599, 1.874, 1.0343, 2.1781, 0.55079, 0.65601, 1.4089, 2.9136, 0.68893, 0.012067, 6.6945, 1.3621, 0.018336, 4.3532, 1.4926, 0.082521, 0.021654, 0.00065852, 0.1185, 0.012103, 0.019415, 1.5825e-05, 0.7492, 0.0052602, 1.9122e-05, 1.41, 0.14185, 7.9572e-05, 2.1932, 7.6293e-07, 0.00011269, 0.86736, 0.89536, 0.86278, 0.10512, 0.13229, -1.6632, -1.2424, 0.28613, -0.010394, 0.4608, -0.17677, -0.013179, -1.5978, 0.33111, 0.040254, 2.3966, 1.0888, 2.361, 0.63454, 0.72135, 4.468, 4.2222, 0.85313, 0.020142, 9.022, 1.662, 0.020506, 5.4323, 2.6512, 0.089866, 0.21609, 0.0034577, 0.20742, 0.025899, 0.032062, 3.4737, 2.7593, 0.029707, 8.6156e-05, 6.7725, 0.31243, 0.00010485, 4.5668, 0.4974, 0.00022743
95, 4.6981, 0.15862, 0.04387, 0.1029, 0.84667, 0.3102, 0.79241, 1.0622, 0.55011, 0.45916, 0.3469, 1.3454, 1.1421, 0.89835, 0.02138, 6.0631, 0.12965, 0.02151, 9.4721, 1.0125, 0.05454, 1.1572, 1.0189, 0.73496, 0.38458, 0.3696, 1.5064, 1.2498, 0.7321, 0.0036486, 4.343, 0.95176, 0.011744, 7.8067, 0.89705, 0.051844, 0.94079, 0.98954, 0.43832, 0.29911, 0.26273, 1.4999, 0.24093, 0.64475, -0.0011608, 2.8993, 0.59443, 0.0060923, 6.4155, 0.89561, 0.042013, 1.3737, 1.0483, 1.0316, 0.47005, 0.47647, 1.513, 2.2588, 0.81945, 0.0084579, 5.7866, 1.3091, 0.017396, 9.1979, 0.89849, 0.061675, 0.017316, 0.00031893, 0.032525, 0.0027001, 0.0042214, 1.5825e-05, 0.37623, 0.0028203, 8.5491e-06, 0.7703, 0.047194, 1.1807e-05, 0.71532, 7.6292e-07, 3.5722e-05, 0.40033, 0.92707, 0.16174, 0.17332, 0.15597, -1.5592, -1.2911, 0.46049, -0.010652, 0.26954, 0.18417, 0.0017277, 4.9158, -0.263, 0.031668, 1.9141, 1.1108, 1.3082, 0.59584, 0.58324, 4.5721, 3.7908, 1.0037, 0.017949, 8.4164, 1.7193, 0.021761, 10.698, 2.0571, 0.072021, 0.21175, 0.0031181, 0.12145, 0.016496, 0.016869, 3.4737, 2.3864, 0.027267, 7.5583e-05, 6.1329, 0.21777, 3.7083e-05, 3.0889, 0.4974, 0.00015046
96, 4, 0.18588, 0.02711, 0.06024, 1.6537, 0.47104, 0.69657, 1.0595, 1.3399, 0.37582, 0.39301, 0.90748, 0.76832, 0.74257, 0.00045, 5.469, 0.90154, 0.01359, 8.6633, 0.44619, 0.04761, 1.1556, 1.013, 1.226, 0.41129, 0.50372, 1.8455, 1.2336, 0.80838, 0.0047561, 5.6892, 0.67073, 0.0031689, 5.2738, 0.89793, 0.055412, 0.92748, 0.97692, 0.75807, 0.26888, 0.34346, 1.839, -0.090424, 0.71492, -0.0013154, 4.0356, 0.073191, -0.0080406, 2.9739, 0.8965, 0.041292, 1.3836, 1.0491, 1.6939, 0.5537, 0.66398, 1.852, 2.5576, 0.90185, 0.010827, 7.3429, 1.2683, 0.014378, 7.5738, 0.89937, 0.069532, 0.019225, 0.00048169, 0.080925, 0.0074959, 0.0094924, 1.5825e-05, 0.64795, 0.0032289, 1.3625e-05, 1.0107, 0.13197, 4.6443e-05, 1.9552, 7.6292e-07, 7.3692e-05, 0.39524, 0.9188, 0.5481, 0.17128, 0.25897, -1.2201, -1.4481, 0.53475, -0.010016, 1.5368, -0.23401, -0.010761, 1.8516, -0.26212, 0.032833, 1.9159, 1.1072, 1.9039, 0.6513, 0.74847, 4.9112, 3.9153, 1.082, 0.019528, 9.8417, 1.5755, 0.017099, 8.6961, 2.058, 0.077991, 0.21366, 0.0032809, 0.16985, 0.021292, 0.02214, 3.4737, 2.6581, 0.027675, 8.0658e-05, 6.3733, 0.30255, 7.172e-05, 4.3288, 0.4974, 0.00018843
97, 6.58, 0.15255, 0.05183, 0.41875, 1.0417, 0.27964, 1.2589, 0.91403, 1.7128, 0.13078, 0.40948, 0.81358, 1.995, 0.25709, 0.00968, 1.9398, 0.42969, 0.00027, 1.8152, 2.1744, 0.06344, 1.3965, 1.0095, 1.5355, 0.5763, 0.43347, 1.6664, 1.2865, 0.66638, 0.0040573, 4.5851, 0.85473, 0.0062113, 2.8178, 1.7628, 0.075226, 1.1505, 0.97843, 1.1323, 0.4244, 0.30533, 1.6598, -0.097943, 0.57678, -0.0010475, 3.0098, 0.32279, -0.0062627, 0.40693, 1.7614, 0.063577, 1.6425, 1.0407, 1.9388, 0.7282, 0.56162, 1.6729, 2.6709, 0.75598, 0.0091621, 6.1605, 1.3867, 0.018685, 5.2286, 1.7642, 0.086876, 0.022369, 0.00035796, 0.060096, 0.0085278, 0.0060697, 1.5825e-05, 0.70841, 0.0029673, 9.6318e-06, 0.91727, 0.10459, 5.7511e-05, 2.1482, 7.6292e-07, 5.016e-05, 0.63059, 0.91712, 0.90056, 0.33054, 0.20844, -1.3993, -1.4256, 0.39405, -0.010345, 0.46317, -0.0080965, -0.0087549, -0.67995, 0.60275, 0.054104, 2.1623, 1.102, 2.1705, 0.82206, 0.65851, 4.732, 3.9985, 0.93872, 0.018459, 8.7071, 1.7176, 0.021177, 6.3155, 2.9229, 0.096349, 0.2168, 0.0031572, 0.14902, 0.022324, 0.018718, 3.4737, 2.7185, 0.027414, 7.6666e-05, 6.2798, 0.27517, 8.2788e-05, 4.5218, 0.4974, 0.0001649
98, 3, 0.26774, 0.04855, 0.04287, 1.1228, 0.50411, 0.29292, 1.0014, 1.9009, 0.40038, 0.50932, 2.9583, 1.722, 0.99462, 0.00025, 6.1756, 0.82509, 0.00014, 1.2703, 4.3825, 0.08061, 0.88014, 1.0161, 1.5518, 0.33506, 0.42971, 1.7728, 1.9008, 0.8074, 0.0071155, 5.8588, 0.61147, 0.011249, 5.3787, 0.53322, 0.053531, 0.68052, 0.97987, 1.0954, 0.15825, 0.26688, 1.7663, 0.61424, 0.7086, 0.0010393, 4.0892, 0.020771, -0.0027145, 3.0446, 0.53179, 0.037221, 1.0798, 1.0524, 2.0082, 0.51188, 0.59254, 1.7794, 3.1873, 0.90619, 0.013192, 7.6284, 1.2022, 0.025213, 7.7128, 0.53466, 0.069841, 0.014729, 0.00048638, 0.076991, 0.011556, 0.0097995, 1.5825e-05, 0.61175, 0.0036074, 1.3646e-05, 1.1574, 0.12897, 7.2067e-05, 2.0137, 7.6292e-07, 9.8321e-05, 0.12788, 0.92187, 0.8818, 0.073166, 0.18327, -1.2928, -0.76263, 0.5319, -0.0076589, 1.6587, -0.28877, -0.0049795, 1.9334, -0.62683, 0.029522, 1.6324, 1.1104, 2.2218, 0.59696, 0.67615, 4.8385, 4.5641, 1.0829, 0.02189, 10.059, 1.5117, 0.027478, 8.824, 1.6933, 0.077541, 0.20916, 0.0032856, 0.16591, 0.025352, 0.022447, 3.4737, 2.6219, 0.028054, 8.068e-05, 6.52, 0.29955, 9.7344e-05, 4.3873, 0.4974, 0.00021306
99, 2.1818, 0.28637, 0.16597, 0.59996, 0.86111, 0.46736, 1.2229, 0.91013, 1.6858, 0.51573, 0.20011, 1.2496, 1.2992, 0.71408, 0.00572, 2.2703, 0.86402, 0.00138, 1.2368, 2.5553, 0.03615, 1.1461, 0.9854, 1.3513, 0.50738, 0.32457, 1.6839, 1.4081, 0.55956, 0.0031081, 3.9931, 0.8651, 0.0077633, 2.2866, 1.2598, 0.048764, 0.89484, 0.94342, 0.78561, 0.32478, 0.10146, 1.6774, -0.01045, 0.4391, -0.0040349, 2.0503, 0.23234, -0.0076688, -0.23168, 1.2584, 0.031098, 1.3973, 1.0274, 1.9171, 0.68999, 0.54769, 1.6905, 2.8267, 0.68002, 0.010251, 5.936, 1.4979, 0.023195, 4.8048, 1.2613, 0.06643, 0.023327, 0.00065146, 0.1183, 0.012325, 0.0184, 1.5825e-05, 0.74379, 0.0053633, 1.8858e-05, 1.3951, 0.14799, 8.8023e-05, 2.3439, 7.6293e-07, 0.00011535, 0.3785, 0.88878, 0.60258, 0.24154, 0.034744, -1.3817, -1.3215, 0.27556, -0.012136, -0.28277, -0.063279, -0.0097449, -1.286, 0.099784, 0.023813, 1.9136, 1.082, 2.1001, 0.77322, 0.6144, 4.7496, 4.1377, 0.84355, 0.018352, 8.269, 1.7935, 0.025272, 5.8591, 2.4199, 0.073714, 0.21776, 0.0034507, 0.20722, 0.026121, 0.031048, 3.4737, 2.7539, 0.02981, 8.5892e-05, 6.7577, 0.31856, 0.0001133, 4.7175, 0.4974, 0.00023009
100, 1.9912, 0.72035, 0.17202, 0.33339, 0.52493, 0.68114, 1.9058, 0.94259, 1.7271, 0.44618, 0.64172, 0.62552, 0.28503, 0.92724, 9e-05, 7.9959, 1.242, 0.00031, 8.6038, 0.48195, 0.03036, 1.1373, 0.97218, 1.6298, 0.29777, 0.40425, 2.1569, 1.4277, 0.87562, 0.0063879, 8.1237, 0.63051, -0.0013904, 3.3312, 0.19336, 0.045691, 0.87274, 0.92724, 1.0633, 0.082863, 0.17114, 2.1504, -0.00051876, 0.74432, -0.0013443, 6.1038, -0.0066532, -0.017108, 0.80873, 0.19192, 0.027835, 1.4019, 1.0171, 2.1963, 0.51267, 0.63735, 2.1635, 2.856, 1.0069, 0.01412, 10.144, 1.2677, 0.014327, 5.8537, 0.1948, 0.063547, 0.025872, 0.00074642, 0.11861, 0.01707, 0.020083, 1.5825e-05, 0.75396, 0.0063712, 2.2098e-05, 1.508, 0.15005, 9.1309e-05, 2.3519, 7.6293e-07, 0.00011785, 0.36527, 0.87423, 0.88045, 0.0087875, 0.10666, -0.90871, -1.3069, 0.58686, -0.0091411, 3.8123, -0.30088, -0.019151, -0.24436, -0.96669, 0.020606, 1.9094, 1.0701, 2.3791, 0.58675, 0.70183, 5.2226, 4.1624, 1.1644, 0.021917, 12.435, 1.5619, 0.01637, 6.9068, 1.3534, 0.070777, 0.22031, 0.0035456, 0.20754, 0.030866, 0.032731, 3.4737, 2.7641, 0.030818, 8.9132e-05, 6.8706, 0.32063, 0.00011659, 4.7255, 0.4974, 0.00023259
101, 2, 0.062, 0.19719, 0.3497, 0.91146, 0.29321, 1.2213, 1.0953, 0.74592, 0.71968, 0.41801, 0.92691, 1.4921, 0.69262, 0.00031, 0.51538, 0.91246, 0.00492, 2.4094, 1.0774, 0.02778, 0.86804, 1.0064, 0.97205, 0.77773, 0.61209, 1.5232, 1.3418, 0.77953, 0.0025045, 2.1172, 0.97881, 0.0098242, 3.9688, 1.0189, 0.03529, 0.58719, 0.96752, 0.41785, 0.59582, 0.41615, 1.5167, -0.086364, 0.66853, -0.0040519, 0.28854, 0.34171, -0.0053863, 1.4464, 1.0174, 0.019473, 1.1489, 1.0454, 1.5263, 0.95964, 0.80803, 1.5298, 2.77, 0.89054, 0.0090608, 3.9459, 1.6159, 0.025035, 6.4912, 1.0203, 0.051107, 0.029153, 0.00056002, 0.11352, 0.012231, 0.01419, 1.5825e-05, 0.75389, 0.0045543, 1.5888e-05, 1.236, 0.15003, 8.5514e-05, 2.3516, 7.6293e-07, 9.2469e-05, 0.090266, 0.91111, 0.23197, 0.51237, 0.34263, -1.5424, -1.3928, 0.49942, -0.012474, -2.108, 0.047464, -0.007489, 0.39331, -0.1412, 0.011612, 1.6458, 1.1018, 1.7121, 1.0431, 0.88156, 4.5889, 4.0764, 1.0596, 0.017483, 6.3425, 1.9102, 0.027137, 7.5443, 2.1789, 0.058967, 0.22359, 0.0033592, 0.20245, 0.026027, 0.026838, 3.4737, 2.764, 0.029001, 8.2922e-05, 6.5986, 0.3206, 0.00011079, 4.7252, 0.4974, 0.00020721
102, 3, 0.19901, 0.07594, 0.1, 1.5278, 0.42467, 0.8976, 0.92972, 1.5365, 0.47477, 0.57106, 1.6641, 0.47995, 0.93445, 0.00994, 7.8101, 1.7067, 0.00163, 9.5735, 0.30436, 0.03665, 0.68501, 1.0054, 1.3662, 0.40763, 0.49187, 1.6694, 1.2486, 0.75855, 0.0048727, 4.8903, 1.3014, 0.001096, 5.5723, 0.7168, 0.051724, 0.47302, 0.9743, 1.0709, 0.29877, 0.37985, 1.6628, 0.25372, 0.68108, -0.00025014, 3.6002, 0.89561, -0.0055619, 4.0404, 0.71536, 0.04193, 0.897, 1.0364, 1.6615, 0.51649, 0.6039, 1.6759, 2.2435, 0.83603, 0.0099955, 6.1804, 1.7072, 0.0077539, 7.1041, 0.71824, 0.061517, 0.01661, 0.00035632, 0.03223, 0.0043801, 0.0046385, 1.5824e-05, 0.36586, 0.0022185, 9.6999e-06, 0.61518, 0.060858, 1.6384e-05, 0.86735, 7.6292e-07, 3.5454e-05, -0.07063, 0.91295, 0.79364, 0.18588, 0.27561, -1.3963, -1.2868, 0.48996, -0.0095358, 0.86873, 0.51009, -0.0095207, 2.6111, -0.44326, 0.031565, 1.4406, 1.0978, 1.9387, 0.62939, 0.70813, 4.735, 3.7841, 1.0271, 0.019281, 8.9119, 2.0927, 0.011713, 8.5334, 1.8769, 0.071882, 0.21104, 0.0031555, 0.12115, 0.018176, 0.017286, 3.4737, 2.376, 0.026665, 7.6734e-05, 5.9778, 0.23144, 4.1661e-05, 3.2409, 0.4974, 0.0001502
103, 3.0049, 0.16297, 0.06867, 0.10201, 1.3544, 0.43383, 0.13469, 0.98208, 1.4059, 0.54494, 0.6159, 4.0133, 1.9444, 0.73672, 0.00045, 2.1846, 0.58094, 0.00071, 2.5005, 1.3171, 0.03739, 0.71642, 1.014, 1.2531, 0.47735, 0.54906, 1.6907, 1.2036, 0.75318, 0.0052418, 4.7544, 0.74349, 0.0035636, 5.4156, 0.77265, 0.041387, 0.50957, 0.984, 0.91463, 0.36971, 0.43925, 1.6841, 0.19379, 0.67102, 0.00029309, 3.331, 0.34035, -0.0028287, 3.8737, 0.77121, 0.030189, 0.92327, 1.044, 1.5916, 0.585, 0.65887, 1.6972, 2.2134, 0.83535, 0.01019, 6.1777, 1.1466, 0.0099559, 6.9575, 0.77409, 0.052585, 0.015815, 0.00033265, 0.042345, 0.0042828, 0.0044567, 1.5824e-05, 0.3769, 0.0024951, 9.0516e-06, 0.74882, 0.060068, 1.5103e-05, 0.87877, 7.6292e-07, 4.6349e-05, -0.037795, 0.92195, 0.65715, 0.25619, 0.33394, -1.375, -1.3377, 0.4832, -0.0091058, 0.68808, -0.046464, -0.0068886, 2.4492, -0.3874, 0.02051, 1.4706, 1.1061, 1.8491, 0.69851, 0.76418, 4.7563, 3.7449, 1.0232, 0.019589, 8.8206, 1.5334, 0.014016, 8.382, 1.9327, 0.062264, 0.21025, 0.0031319, 0.13127, 0.018079, 0.017105, 3.4737, 2.387, 0.026941, 7.6085e-05, 6.1114, 0.23065, 4.038e-05, 3.2524, 0.4974, 0.00016109
104, 6.58, 0.15255, 0.07488, 0.41875, 0.73746, 0.21669, 1.2772, 0.97707, 1.8453, 0.68567, 0.62979, 1.6501, 0.77907, 0.94812, 0.00012, 4.9612, 1.2347, 0.00033, 1.505, 3.5975, 0.08455, 1.3334, 0.99915, 1.2839, 0.65202, 0.4474, 1.551, 1.1533, 0.60807, 0.0050418, 4.161, 1.1052, 0.0056551, 2.5463, 1.6701, 0.066001, 1.1063, 0.96794, 0.92934, 0.49803, 0.31494, 1.5444, -0.011836, 0.51335, -8.2208e-05, 2.4981, 0.58393, -0.0016919, 0.84214, 1.6686, 0.051714, 1.5605, 1.0304, 1.6385, 0.80602, 0.57987, 1.5575, 2.3184, 0.70278, 0.010166, 5.8238, 1.6264, 0.013002, 4.2505, 1.6715, 0.080288, 0.019068, 0.00036003, 0.046465, 0.0087648, 0.0064859, 1.5825e-05, 0.50176, 0.0033158, 9.7042e-06, 1.022, 0.10042, 1.9951e-05, 1.0735, 7.6292e-07, 7.5445e-05, 0.57336, 0.9067, 0.67867, 0.40496, 0.21988, -1.5147, -1.4536, 0.334, -0.0093672, 0.0047948, 0.2489, -0.0054068, -0.50754, 0.51001, 0.043317, 2.0934, 1.0916, 1.8891, 0.89909, 0.67493, 4.6166, 3.7602, 0.88213, 0.019451, 8.3171, 1.9615, 0.016717, 5.6002, 2.8301, 0.088685, 0.2135, 0.0031592, 0.13539, 0.022561, 0.019134, 3.4737, 2.5119, 0.027762, 7.6738e-05, 6.3846, 0.271, 4.5228e-05, 3.4471, 0.4974, 0.00019019
105, 4, 0.18588, 0.05414, 0.12047, 0.82812, 0.33729, 1.6389, 1.0183, 0.60394, 0.42476, 0.43377, 1.0974, 0.57956, 0.65953, 0.00362, 4.4607, 1.8966, 0.01274, 5.3743, 0.36212, 0.04084, 1.1758, 1.0064, 1.2139, 0.34759, 0.40862, 1.4676, 1.7629, 0.72543, 0.0077697, 4.3885, 0.86058, 0.0097401, 4.4879, 0.78642, 0.05439, 0.95109, 0.97216, 0.70248, 0.24574, 0.21746, 1.4611, 0.54059, 0.63509, 0.0020107, 2.8055, 0.31238, -0.003877, 2.268, 0.78498, 0.040113, 1.4005, 1.0407, 1.7253, 0.44944, 0.59978, 1.4742, 2.9853, 0.81577, 0.013529, 5.9715, 1.4088, 0.023357, 6.7077, 0.78785, 0.068667, 0.018663, 0.00043432, 0.096677, 0.003834, 0.013506, 1.5825e-05, 0.55224, 0.0030165, 1.2259e-05, 0.92623, 0.11108, 6.8535e-05, 1.8214, 7.6292e-07, 7.5342e-05, 0.41649, 0.91291, 0.50528, 0.12919, 0.14261, -1.598, -0.87006, 0.45284, -0.0068771, 0.26362, -0.012365, -0.0061914, 1.1189, -0.37364, 0.031712, 1.9351, 1.1, 1.9225, 0.56599, 0.67463, 4.5333, 4.3959, 0.99801, 0.022417, 8.5134, 1.7335, 0.025671, 7.8568, 1.9465, 0.077068, 0.2131, 0.0032335, 0.1856, 0.01763, 0.026154, 3.4737, 2.5624, 0.027463, 7.9292e-05, 6.2888, 0.28166, 9.3811e-05, 4.195, 0.4974, 0.00019008
106, 4.4984, 0.31474, 0.0649, 0.09439, 0.79167, 0.35916, 0.68095, 0.98915, 1.8581, 0.40456, 0.42977, 0.92153, 0.84581, 0.73281, 0.00015, 4.8815, 0.01327, 0.00139, 4.8323, 0.71664, 0.03597, 1.0426, 0.96765, 1.8483, 0.23661, 0.64538, 1.5971, 2.7539, 0.77088, 0.016307, 4.305, 0.33452, 0.006926, 3.5117, 0.62247, 0.06435, 0.84759, 0.93595, 1.481, 0.16286, 0.49734, 1.5905, 1.7455, 0.69764, 0.011006, 3.056, -0.13698, -0.0025053, 1.7689, 0.62104, 0.052496, 1.2376, 0.99934, 2.2156, 0.31037, 0.79342, 1.6036, 3.7623, 0.84412, 0.021608, 5.554, 0.80602, 0.016357, 5.2546, 0.62391, 0.076204, 0.014053, 0.00037137, 0.049854, 0.0020108, 0.0081004, 1.5825e-05, 0.37586, 0.0019826, 1.0385e-05, 0.57658, 0.082169, 3.2877e-05, 1.1227, 7.6292e-07, 5.1936e-05, 0.29153, 0.87503, 1.2355, 0.029815, 0.40845, -1.4686, 0.21317, 0.50348, 0.0018341, 0.29641, -0.49242, -0.0056174, 0.43611, -0.53758, 0.043114, 1.7936, 1.0603, 2.4611, 0.44341, 0.88231, 4.6627, 5.2947, 1.0383, 0.03078, 8.3136, 1.1615, 0.019469, 6.5873, 1.7825, 0.085586, 0.20849, 0.0031706, 0.13878, 0.015807, 0.020748, 3.4737, 2.386, 0.026429, 7.7419e-05, 5.9392, 0.25275, 5.8153e-05, 3.4963, 0.4974, 0.00016668
107, 6.58, 0.15255, 0.07854, 0.20938, 1.1111, 0.17345, 1.1198, 0.94393, 1.8835, 0.37668, 0.55987, 0.40348, 0.93577, 0.84934, 0.00136, 1.2018, 1.6682, 0.00085, 3.4862, 1.9556, 0.05496, 1.1279, 1.0356, 1.0686, 0.54286, 0.54615, 1.5468, 1.1583, 0.65587, 0.0096738, 4.3923, 1.1669, 0.0052768, 3.8454, 1.3075, 0.061026, 0.89002, 0.99797, 0.52245, 0.36228, 0.35992, 1.5402, -0.20177, 0.55073, 0.0032356, 2.481, 0.69147, -0.0052884, 2.1367, 1.3061, 0.044005, 1.3657, 1.0733, 1.6147, 0.72344, 0.73239, 1.5533, 2.5184, 0.761, 0.016112, 6.3035, 1.6424, 0.015842, 5.5541, 1.309, 0.078046, 0.02091, 0.00052458, 0.11025, 0.012052, 0.012819, 1.5825e-05, 0.6837, 0.0040855, 1.5321e-05, 1.3501, 0.083556, 4.1257e-05, 1.0792, 7.6292e-07, 0.00010707, 0.36457, 0.94081, 0.33453, 0.27841, 0.28366, -1.5189, -1.5414, 0.37803, -0.0052532, 0.13065, 0.33774, -0.00814, 0.789, 0.14748, 0.036528, 1.8912, 1.1305, 1.8027, 0.80731, 0.80864, 4.6124, 3.858, 0.93371, 0.024601, 8.6539, 1.9961, 0.018694, 6.9018, 2.4676, 0.085523, 0.21535, 0.0033238, 0.19917, 0.025848, 0.025467, 3.4737, 2.6938, 0.028532, 8.2354e-05, 6.7127, 0.25413, 6.6534e-05, 3.4528, 0.4974, 0.00022181
108, 2.25, 0.30385, 0.0606, 0.15791, 2.0159, 0.83622, 0.65541, 0.91446, 1.1502, 0.42711, 0.34616, 6.6348, 4.9193, 0.74512, 0.0044, 3.3927, 0.30954, 0.00228, 5.0106, 0.83014, 0.04891, 0.92773, 1.0015, 1.1857, 0.42486, 0.34065, 2.7006, 1.2329, 0.73309, 0.0073591, 4.2942, 0.64942, 0.0073528, 4.5809, 0.95252, 0.042073, 0.67639, 0.96213, 0.65438, 0.23854, 0.17567, 2.6941, -0.085052, 0.62646, 0.00065693, 2.4424, 0.12015, -0.0045602, 2.5908, 0.95108, 0.025587, 1.1791, 1.0408, 1.7169, 0.61118, 0.50563, 2.7072, 2.5508, 0.83973, 0.014061, 6.1461, 1.1787, 0.019266, 6.5709, 0.95395, 0.058559, 0.023349, 0.00057194, 0.10432, 0.012831, 0.01006, 1.5825e-05, 0.64198, 0.0042027, 1.6603e-05, 1.2675, 0.10354, 5.2455e-05, 1.4637, 7.6292e-07, 0.00010046, 0.16012, 0.90596, 0.46258, 0.15646, 0.092786, -0.36501, -1.4458, 0.45469, -0.0076836, 0.058906, -0.21176, -0.0071492, 1.3587, -0.20754, 0.017943, 1.6953, 1.097, 1.9087, 0.69326, 0.58852, 5.7663, 3.9115, 1.0115, 0.022402, 8.5296, 1.5106, 0.021855, 7.803, 2.1126, 0.066203, 0.21778, 0.0033711, 0.19325, 0.026627, 0.022708, 3.4737, 2.6521, 0.028649, 8.3636e-05, 6.6301, 0.27411, 7.7732e-05, 3.8373, 0.4974, 0.0002152
109, 3, 0.19901, 0.07594, 0.1, 1.5278, 0.42467, 0.22104, 0.91358, 1.6178, 0.327, 0.45006, 1.2799, 1.4426, 0.96024, 0.01263, 9.4869, 1.9251, 0.0022, 6.3656, 0.51142, 0.06155, 0.74281, 1.0074, 1.3367, 0.45455, 0.53625, 1.6694, 1.0734, 0.75621, 0.0044835, 4.698, 1.2235, 0.00072652, 6.7445, 0.7168, 0.04403, 0.53082, 0.97636, 1.0414, 0.34569, 0.42422, 1.6628, 0.078505, 0.67874, -0.00063939, 3.4078, 0.81771, -0.0059314, 5.2126, 0.71536, 0.034236, 0.95479, 1.0385, 1.632, 0.56341, 0.64827, 1.6759, 2.0683, 0.83368, 0.0096063, 5.9881, 1.6293, 0.0073844, 8.2764, 0.71823, 0.053824, 0.01661, 0.00035632, 0.03223, 0.0043801, 0.0046385, 1.5824e-05, 0.36586, 0.0022185, 9.6999e-06, 0.61518, 0.060858, 1.6384e-05, 0.86735, 7.6292e-07, 3.5454e-05, -0.012834, 0.91501, 0.76419, 0.23279, 0.31998, -1.3963, -1.462, 0.48762, -0.0099251, 0.67638, 0.43218, -0.0098902, 3.7833, -0.44326, 0.023871, 1.4984, 1.0998, 1.9092, 0.6763, 0.75251, 4.735, 3.6088, 1.0248, 0.018892, 8.7195, 2.0148, 0.011343, 9.7057, 1.8769, 0.064188, 0.21104, 0.0031555, 0.12115, 0.018176, 0.017286, 3.4737, 2.376, 0.026665, 7.6734e-05, 5.9778, 0.23144, 4.1661e-05, 3.2409, 0.4974, 0.0001502
110, 4.6981, 0.15408, 0.04401, 0, 0.89123, 0.21726, 1.105, 1.0815, 0.89482, 0.42757, 0.57606, 1.1113, 0.60446, 0.94667, 0.00015, 8.3986, 0.47392, 0.0025, 6.3764, 0.2292, 0.0583, 1.0924, 0.99847, 1.2191, 0.29087, 0.35061, 1.2617, 1.3362, 0.83573, 0.0071114, 5.3901, 0.57051, 0.0048068, 6.4486, 0.64417, 0.053089, 0.84188, 0.96065, 0.80186, 0.14579, 0.20813, 1.2551, 0.19048, 0.73118, 0.00075584, 3.6722, 0.10749, -0.0057539, 4.6938, 0.64274, 0.039377, 1.3429, 1.0363, 1.6363, 0.43596, 0.49308, 1.2682, 2.4818, 0.94028, 0.013467, 7.1081, 1.0335, 0.015368, 8.2034, 0.64561, 0.0668, 0.023193, 0.00052854, 0.064333, 0.0077803, 0.0075027, 1.5825e-05, 0.48515, 0.0040401, 1.493e-05, 1.0909, 0.07924, 4.1222e-05, 1.1381, 7.6292e-07, 6.9487e-05, 0.32505, 0.90358, 0.57513, 0.049262, 0.11712, -1.804, -1.2621, 0.55812, -0.0077801, 1.2116, -0.25162, -0.0086065, 3.3662, -0.51588, 0.030763, 1.8597, 1.0934, 1.863, 0.53248, 0.5841, 4.3273, 3.9344, 1.1134, 0.022003, 9.5687, 1.3926, 0.01822, 9.531, 1.8042, 0.075414, 0.21763, 0.0033277, 0.15326, 0.021576, 0.020151, 3.4737, 2.4953, 0.028486, 8.1963e-05, 6.4535, 0.24982, 6.6499e-05, 3.5117, 0.4974, 0.00018423
111, 8, 0.43305, 0.03016, 0.27129, 1.3281, 0.46337, 1.3119, 1.091, 0.65398, 0.86124, 0.71936, 1.2026, 0.4822, 0.8581, 0.00639, 8.3363, 0.34398, 0.01764, 3.8112, 1.2819, 0.04025, 1.3817, 1.0443, 1.5934, 0.46175, 0.5373, 2.3241, 1.3754, 0.7763, 0.005289, 6.9985, 0.47069, 0.01203, 4.4181, 1.4747, 0.072475, 1.0976, 1.0032, 1.103, 0.28011, 0.35814, 2.3176, -0.036041, 0.66162, -0.001668, 5.1767, -0.15926, -0.003243, 1.9282, 1.4733, 0.058122, 1.6657, 1.0853, 2.0839, 0.64339, 0.71645, 2.3307, 2.7869, 0.89098, 0.012246, 8.8202, 1.1006, 0.027302, 6.9081, 1.4762, 0.086828, 0.029822, 0.00062358, 0.088913, 0.012195, 0.011864, 1.5825e-05, 0.73637, 0.0048611, 1.7889e-05, 1.2266, 0.14667, 8.6214e-05, 2.2915, 7.6293e-07, 7.6139e-05, 0.60272, 0.94802, 0.89977, 0.19657, 0.27977, -0.74153, -1.3505, 0.49471, -0.0098689, 2.7762, -0.45578, -0.0053382, 0.86543, 0.31467, 0.04975, 2.1606, 1.1405, 2.2871, 0.72693, 0.79482, 5.3898, 4.1014, 1.0579, 0.020447, 11.221, 1.3972, 0.029398, 7.9708, 2.6348, 0.0952, 0.22426, 0.0034228, 0.17784, 0.025991, 0.024511, 3.4737, 2.7465, 0.029307, 8.4923e-05, 6.5892, 0.31725, 0.00011149, 4.6651, 0.4974, 0.00019088
112, 5.4951, 0.1914, 0.07359, 0.27776, 1.3333, 0.3153, 1.2817, 1.065, 1.7518, 0.63635, 0.36912, 1.0918, 0.25088, 0.61192, 0.00042, 6.9096, 1.7201, 0.0124, 3.2098, 0.87793, 0.05238, 1.3134, 1.0246, 1.3318, 0.53806, 0.44831, 1.7112, 1.1659, 0.74048, 0.0066101, 3.6719, 1.1899, 0.01236, 4.1994, 1.3342, 0.055657, 1.0432, 0.98912, 0.80404, 0.37653, 0.24188, 1.7047, -0.21438, 0.63611, 0.00069684, 1.7914, 0.62364, -0.0029215, 1.685, 1.3327, 0.038615, 1.5837, 1.06, 1.8596, 0.69959, 0.65474, 1.7178, 2.5461, 0.84484, 0.012523, 5.5524, 1.7562, 0.027642, 6.7138, 1.3356, 0.0727, 0.027002, 0.00046449, 0.10295, 0.0096436, 0.015751, 1.5825e-05, 0.70413, 0.0040257, 1.2924e-05, 1.307, 0.11853, 8.6316e-05, 2.3368, 7.6292e-07, 0.00010736, 0.53942, 0.9306, 0.6113, 0.28623, 0.17112, -1.3544, -1.544, 0.46293, -0.008098, -0.57602, 0.30552, -0.0050155, 0.62953, 0.17413, 0.031144, 2.0875, 1.1185, 2.0523, 0.78989, 0.7255, 4.7769, 3.8758, 1.018, 0.021318, 7.9198, 2.0743, 0.029736, 7.7693, 2.4942, 0.080171, 0.22144, 0.0032637, 0.19187, 0.02344, 0.028399, 3.4737, 2.7143, 0.028472, 7.9958e-05, 6.6696, 0.2891, 0.00011159, 4.7104, 0.4974, 0.0002221
113, 3, 0.21736, 0.06894, 0.10552, 1.5151, 0.47661, 0.42981, 1.0497, 0.73885, 0.43479, 0.3397, 1.599, 0.76761, 0.77635, 1e-05, 8.3476, 1.4587, 0.00181, 6.8057, 0.73764, 0.06878, 0.81276, 0.99364, 1.5255, 0.50002, 0.50496, 1.7911, 1.6535, 0.74338, 0.0069072, 4.5838, 0.82015, 0.0053325, 4.9829, 0.7429, 0.045971, 0.62036, 0.9627, 1.239, 0.39554, 0.40235, 1.7846, 0.69334, 0.66662, 0.0018158, 3.3245, 0.41701, -0.001216, 3.4717, 0.74146, 0.036531, 1.0052, 1.0246, 1.812, 0.60449, 0.60757, 1.7977, 2.6136, 0.82013, 0.011998, 5.8431, 1.2233, 0.011881, 6.4942, 0.74433, 0.055411, 0.013682, 0.00035369, 0.030342, 0.0040341, 0.0038917, 1.5824e-05, 0.34072, 0.0021775, 9.5809e-06, 0.58613, 0.060069, 1.585e-05, 0.84411, 7.6292e-07, 3.2938e-05, 0.062377, 0.90128, 0.95743, 0.28038, 0.29342, -1.2745, -0.86851, 0.47499, -0.0074902, 0.57199, 0.030198, -0.005216, 2.0324, -0.41716, 0.025982, 1.5631, 1.086, 2.0935, 0.71965, 0.7165, 4.8568, 4.1754, 1.0118, 0.021305, 8.5956, 1.6101, 0.015881, 7.9335, 1.903, 0.06596, 0.20812, 0.0031529, 0.11927, 0.01783, 0.01654, 3.4737, 2.3508, 0.026624, 7.6615e-05, 5.9487, 0.23065, 4.1127e-05, 3.2177, 0.4974, 0.00014768
114, 3, 0.35974, 0.12176, 0.20036, 0.48387, 0.37378, 0.61482, 0.9618, 1.2713, 0.32289, 0.29609, 1.5024, 0.77862, 0.65415, 0.00472, 9.4119, 0.48097, 0.00393, 2.9344, 0.90805, 0.06033, 0.93221, 1.0152, 1.2338, 0.3471, 0.46671, 1.4893, 1.4225, 0.79156, 0.0035711, 5.933, 0.76661, 0.0051059, 3.5483, 0.45506, 0.051765, 0.68584, 0.97926, 0.6922, 0.14805, 0.28809, 1.4828, 0.1054, 0.68281, -0.0024465, 4.057, 0.27563, -0.0058619, 1.6392, 0.45362, 0.03526, 1.1786, 1.0512, 1.7754, 0.54616, 0.64534, 1.4959, 2.7397, 0.90031, 0.0095888, 7.809, 1.2576, 0.016074, 5.4575, 0.4565, 0.06827, 0.022435, 0.0004784, 0.10842, 0.014646, 0.011793, 1.5825e-05, 0.64123, 0.0043715, 1.3384e-05, 1.3008, 0.089099, 4.4461e-05, 1.3472, 7.6293e-07, 0.00010069, 0.16621, 0.92107, 0.5031, 0.069706, 0.20956, -1.5763, -1.2558, 0.51233, -0.011179, 1.6871, -0.071587, -0.0086302, 0.37553, -0.705, 0.027623, 1.6982, 1.1094, 1.9645, 0.6245, 0.72387, 4.555, 4.1009, 1.0708, 0.018322, 10.179, 1.6048, 0.018842, 6.7211, 1.6151, 0.075907, 0.21687, 0.0032776, 0.19734, 0.028442, 0.024441, 3.4737, 2.6514, 0.028818, 8.0418e-05, 6.6634, 0.25968, 6.9738e-05, 3.7208, 0.4974, 0.00021543
115, 3.0066, 0.27707, 0.08854, 0.0715, 0.4712, 0.35285, 0.52583, 1.0736, 0.77583, 0.32346, 0.49335, 1.1921, 0.77006, 0.705, 0.00048, 5.2501, 0.38993, 0.00443, 2.68, 0.42764, 0.06325, 0.8722, 0.97137, 1.368, 0.31998, 0.46003, 1.41, 1.3552, 0.79771, 0.0098385, 5.3465, 0.7242, 0.0061487, 5.33, 0.35412, 0.0544, 0.62186, 0.93776, 0.83604, 0.16233, 0.25728, 1.4035, 0.0077574, 0.69761, 0.004216, 3.5631, 0.10101, -0.0092354, 2.871, 0.35269, 0.037621, 1.1225, 1.005, 1.9001, 0.47763, 0.66279, 1.4166, 2.7026, 0.8978, 0.015461, 7.13, 1.3474, 0.021533, 7.7889, 0.35556, 0.07118, 0.023164, 0.00041765, 0.10461, 0.009186, 0.015194, 1.5825e-05, 0.67105, 0.0037034, 1.1684e-05, 1.1756, 0.14354, 8.7476e-05, 2.2348, 7.6292e-07, 0.00010406, 0.10492, 0.87808, 0.64443, 0.070626, 0.18557, -1.6556, -1.3381, 0.52173, -0.0047552, 1.1407, -0.19768, -0.011317, 1.7989, -0.80593, 0.03007, 1.6395, 1.0647, 2.0917, 0.56934, 0.73449, 4.4757, 4.0485, 1.0737, 0.024432, 9.5524, 1.6461, 0.023615, 8.861, 1.5142, 0.078731, 0.2176, 0.0032169, 0.19354, 0.022982, 0.027842, 3.4737, 2.6812, 0.02815, 7.8718e-05, 6.5381, 0.31412, 0.00011275, 4.6084, 0.4974, 0.0002188
116, 2.5, 0.13114, 0.04582, 0.42293, 0.97222, 0.80039, 1.1503, 1.0053, 0.79531, 0.94335, 0.10493, 1.8954, 0.49611, 0.72529, 0.00709, 4.0869, 0.85206, 0.01537, 2.1554, 1.2325, 0.06219, 1.0503, 1.0149, 1.0622, 0.6376, 0.51693, 2.5344, 1.265, 0.52903, 0.0068713, 1.3062, 0.68343, 0.011022, 3.5214, 1.6012, 0.046015, 0.80387, 0.97693, 0.5244, 0.45002, 0.32544, 2.5278, -0.12996, 0.42348, 0.00042282, -0.46359, 0.12896, -0.0029594, 1.3727, 1.5997, 0.032005, 1.2968, 1.053, 1.6, 0.82519, 0.70842, 2.5409, 2.6599, 0.63457, 0.01332, 3.0759, 1.2379, 0.025003, 5.6701, 1.6026, 0.060025, 0.022453, 0.00053403, 0.1069, 0.013006, 0.013553, 1.5825e-05, 0.7192, 0.0041174, 1.537e-05, 1.1576, 0.11363, 7.2248e-05, 1.7065, 7.6293e-07, 7.2548e-05, 0.28431, 0.91998, 0.33431, 0.36832, 0.25068, -0.53128, -1.4524, 0.25103, -0.00806, -2.8939, -0.19346, -0.005222, 0.19893, 0.44113, 0.023505, 1.8164, 1.1099, 1.7901, 0.90689, 0.78317, 5.6, 3.9824, 0.80702, 0.021803, 5.5062, 1.5603, 0.027265, 6.8439, 2.7612, 0.068526, 0.21689, 0.0033332, 0.19582, 0.026802, 0.026201, 3.4737, 2.7293, 0.028564, 8.2403e-05, 6.5202, 0.28421, 9.7524e-05, 4.0801, 0.4974, 0.00018729
117, 4, 0.29084, 0.13792, 0.19995, 1.1111, 0.3202, 1.3599, 0.94894, 1.2687, 0.48874, 0.48712, 1.5155, 1.0426, 0.87326, 0.00097, 8.3809, 0.96378, 0.00248, 4.7639, 0.57032, 0.05269, 1.2204, 0.99504, 1.5061, 0.4975, 0.54314, 1.6606, 0.9842, 0.80862, 0.0031286, 5.0245, 0.90652, 0.0074777, 5.6396, 0.75684, 0.053682, 1.0109, 0.96204, 1.213, 0.39242, 0.43294, 1.6541, -0.049339, 0.72298, -0.0023055, 3.5777, 0.53992, 0.0022183, 4.1986, 0.7554, 0.043859, 1.4299, 1.028, 1.7992, 0.60258, 0.65334, 1.6672, 2.0177, 0.89426, 0.0085628, 6.4713, 1.2731, 0.012737, 7.0807, 0.75828, 0.063505, 0.016225, 0.00040242, 0.031747, 0.004081, 0.0044887, 1.5825e-05, 0.39482, 0.002711, 1.0915e-05, 0.77368, 0.049674, 1.0224e-05, 0.76755, 7.6292e-07, 3.5664e-05, 0.46543, 0.90197, 0.93473, 0.27758, 0.32782, -1.405, -1.5666, 0.53756, -0.011394, 0.94997, 0.13457, -0.0023227, 2.7244, -0.40321, 0.033509, 1.9753, 1.0881, 2.0775, 0.71743, 0.75846, 4.7263, 3.535, 1.0797, 0.017651, 9.0991, 1.6785, 0.017278, 8.5549, 1.9169, 0.073854, 0.21066, 0.0032016, 0.12067, 0.017877, 0.017137, 3.4737, 2.4049, 0.027157, 7.7948e-05, 6.1363, 0.22025, 3.5501e-05, 3.1412, 0.4974, 0.00015041
118, 4.56, 0.08105, 0.04323, 0.3, 2.0833, 0.43786, 0.57076, 1.0672, 1.0782, 0.82847, 0.78171, 1.2926, 0.89715, 0.93874, 0.00121, 6.808, 0.53455, 0.0319, 8.3657, 2.9677, 0.08395, 1.1596, 1.0241, 1.2768, 0.62394, 0.66561, 1.8911, 1.1584, 0.61965, 0.0065893, 2.7905, 0.69468, 0.028267, 5.1244, 1.5997, 0.060121, 0.90233, 0.98785, 0.73129, 0.46963, 0.4956, 1.8846, -0.19715, 0.50718, 0.00053545, 0.90369, 0.20295, 0.01499, 3.1852, 1.5983, 0.043283, 1.4169, 1.0603, 1.8223, 0.77825, 0.83562, 1.8977, 2.514, 0.73211, 0.012643, 4.6773, 1.1864, 0.041544, 7.0635, 1.6011, 0.07696, 0.024464, 0.00048511, 0.10998, 0.0088009, 0.010683, 1.5825e-05, 0.67921, 0.0046748, 1.3546e-05, 1.3158, 0.08937, 6.5158e-05, 1.3899, 7.6293e-07, 0.0001048, 0.39003, 0.92981, 0.54319, 0.37668, 0.41437, -1.1745, -1.539, 0.33895, -0.0081759, -1.4602, -0.14395, 0.012625, 1.9334, 0.43965, 0.035749, 1.9292, 1.1183, 2.0104, 0.8712, 0.91685, 4.9568, 3.8559, 0.90034, 0.021354, 7.0412, 1.5333, 0.043909, 8.3153, 2.7598, 0.084493, 0.2189, 0.0032843, 0.19891, 0.022597, 0.023331, 3.4737, 2.6893, 0.029121, 8.058e-05, 6.6784, 0.25995, 9.0434e-05, 3.7635, 0.4974, 0.00021954
119, 4.7, 0.26135, 0.13402, 0.19952, 1.3333, 0.26562, 1.4242, 0.97031, 1.9281, 0.55257, 0.62716, 1.6537, 0.50733, 0.87132, 0.00195, 5.9565, 0.8309, 0.0031, 3.9174, 0.4819, 0.03888, 1.1381, 0.98908, 1.3732, 0.48124, 0.647, 1.6368, 1.14, 0.79754, 0.0031495, 4.6093, 1.035, 0.0083471, 4.3765, 0.89703, 0.050445, 0.90884, 0.95426, 0.81706, 0.31018, 0.43289, 1.6303, -0.10788, 0.70777, -0.002666, 2.9911, 0.53043, -0.0040471, 2.3217, 0.89559, 0.036101, 1.3674, 1.0239, 1.9294, 0.6523, 0.86112, 1.6434, 2.3878, 0.88731, 0.0089651, 6.2274, 1.5395, 0.020741, 6.4314, 0.89846, 0.064788, 0.019429, 0.000448, 0.11434, 0.010816, 0.016945, 1.5825e-05, 0.57552, 0.0029786, 1.2501e-05, 0.96776, 0.094094, 5.6778e-05, 1.5607, 7.6292e-07, 7.6043e-05, 0.37745, 0.89535, 0.63167, 0.2232, 0.36405, -1.4288, -1.505, 0.52514, -0.01152, 0.47077, 0.18877, -0.0065526, 1.114, -0.26303, 0.027725, 1.8988, 1.0828, 2.1148, 0.73929, 0.92996, 4.7025, 3.7849, 1.0699, 0.017819, 8.7477, 1.8812, 0.023247, 7.6391, 2.0571, 0.073164, 0.21386, 0.0032472, 0.20326, 0.024612, 0.029593, 3.4737, 2.5856, 0.027425, 7.9534e-05, 6.3303, 0.26467, 8.2055e-05, 3.9343, 0.4974, 0.00019079
120, 6, 0.29326, 0.04107, 0.14819, 1, 0.38358, 1.7636, 0.93224, 1.0507, 0.29278, 0.53974, 1.0936, 0.18183, 0.52661, 0.01875, 4.0794, 1.3698, 0.00351, 9.1533, 0.68213, 0.07562, 1.2188, 0.99674, 1.461, 0.38144, 0.52146, 1.8717, 1.5058, 0.72807, 0.0076799, 5.0321, 0.54783, 0.012118, 5.1752, 1.0516, 0.063439, 0.95048, 0.95807, 0.91642, 0.21735, 0.32386, 1.8651, 0.15127, 0.62435, 0.0010988, 3.1896, -0.016419, -0.0021501, 2.9532, 1.0501, 0.047224, 1.4872, 1.0354, 2.0055, 0.54552, 0.71906, 1.8782, 2.8603, 0.83179, 0.014261, 6.8746, 1.1121, 0.026386, 7.3972, 1.053, 0.079655, 0.026614, 0.00055288, 0.1096, 0.0099518, 0.014432, 1.5825e-05, 0.67813, 0.0039764, 1.6008e-05, 1.2548, 0.11767, 7.5246e-05, 1.8249, 7.6293e-07, 9.7185e-05, 0.44548, 0.90151, 0.72808, 0.12796, 0.25078, -1.194, -1.1911, 0.45076, -0.0073092, 0.80088, -0.33528, -0.0043734, 1.8049, -0.10847, 0.039494, 1.9922, 1.092, 2.1938, 0.63491, 0.79213, 4.9373, 4.2027, 1.0054, 0.022669, 9.2634, 1.4309, 0.02861, 8.5456, 2.2116, 0.087385, 0.22105, 0.0033521, 0.19852, 0.023748, 0.02708, 3.4737, 2.6883, 0.028423, 8.3042e-05, 6.6173, 0.28825, 0.00010052, 4.1985, 0.4974, 0.00021193
121, 3.0049, 0.1684, 0.07188, 0.2108, 1.3368, 0.50631, 0.73949, 1.0092, 0.86216, 0.93199, 0.77681, 7.9794, 0.8289, 0.29245, 0.04211, 0.43637, 0.14439, 0.03026, 4.9199, 0.21217, 0.04551, 0.91962, 1.0202, 0.83696, 0.74279, 0.55166, 1.8801, 1.0151, 0.64549, 0.01142, 2.6544, 0.98983, 0.020054, 4.5009, 1.0177, 0.045291, 0.72831, 0.98741, 0.47236, 0.62567, 0.42922, 1.8735, -0.10884, 0.55893, 0.005996, 1.1013, 0.58628, 0.013113, 2.9631, 1.0163, 0.033595, 1.1109, 1.0531, 1.2016, 0.8599, 0.6741, 1.8866, 2.1391, 0.73205, 0.016845, 4.2075, 1.3934, 0.026995, 6.0387, 1.0192, 0.056988, 0.013527, 0.00039821, 0.049133, 0.0050695, 0.0055408, 1.5824e-05, 0.46694, 0.0027691, 1.0875e-05, 0.89156, 0.060193, 1.7806e-05, 0.87408, 7.6292e-07, 5.0567e-05, 0.16952, 0.92722, 0.2258, 0.51686, 0.32983, -1.1856, -1.5736, 0.37414, -0.0030982, -1.4591, 0.19966, 0.0092573, 1.5366, -0.14233, 0.024143, 1.6697, 1.1132, 1.4481, 0.96871, 0.7735, 4.9457, 3.6039, 0.91684, 0.025939, 6.7679, 1.78, 0.03085, 7.4651, 2.1778, 0.06644, 0.20796, 0.0031974, 0.13806, 0.018865, 0.018189, 3.4737, 2.4771, 0.027215, 7.7909e-05, 6.2541, 0.23077, 4.3083e-05, 3.2477, 0.4974, 0.00016531
122, 6.5574, 0.10461, 0.15315, 0.41232, 0.81121, 0.1496, 1.0057, 1.0994, 0.74226, 0.77687, 0.46934, 1.5632, 0.47828, 0.75392, 0.01062, 8.0815, 0.75229, 0.03369, 3.6071, 0.93623, 0.05121, 1.0654, 1.0156, 1.0078, 0.80324, 0.57553, 1.7111, 1.748, 0.67734, 0.0020526, 3.4677, 0.80062, 0.027162, 3.0907, 1.679, 0.05714, 0.8129, 0.97679, 0.44774, 0.62218, 0.38766, 1.7046, 0.32791, 0.57444, -0.0045084, 1.7269, 0.22873, 0.01696, 0.84028, 1.6775, 0.043067, 1.318, 1.0544, 1.5678, 0.98431, 0.7634, 1.7177, 3.1681, 0.78025, 0.0086135, 5.2085, 1.3725, 0.037365, 5.3412, 1.6804, 0.071214, 0.02357, 0.00055606, 0.11591, 0.012117, 0.013045, 1.5825e-05, 0.74541, 0.0039139, 1.591e-05, 1.12, 0.12089, 3.8474e-05, 1.8719, 7.6293e-07, 7.3207e-05, 0.29743, 0.9203, 0.26331, 0.53846, 0.31188, -1.3545, -0.9824, 0.40034, -0.012928, -0.72029, -0.087394, 0.014029, -0.29843, 0.51893, 0.03459, 1.8334, 1.1109, 1.7522, 1.068, 0.83918, 4.7768, 4.4785, 0.95434, 0.017033, 7.6556, 1.6886, 0.040295, 6.4799, 2.839, 0.07969, 0.21801, 0.0033553, 0.20484, 0.025913, 0.025693, 3.4737, 2.7555, 0.02836, 8.2944e-05, 6.4826, 0.29146, 6.3751e-05, 4.2455, 0.4974, 0.00018795
123, 2.25, 0.30301, 0.08051, 0.07844, 1.5132, 0.67066, 1.7941, 0.95075, 0.72053, 0.30215, 0.19775, 0.22269, 1.4562, 0.96655, 0.0099, 5.792, 0.0208, 0.00526, 5.621, 0.32028, 0.04191, 0.8055, 0.97624, 1.5322, 0.25411, 0.34841, 2.2717, 1.6008, 0.76271, 0.013502, 5.6508, 0.60196, 0.0057505, 3.6577, 0.60596, 0.046094, 0.59118, 0.94475, 1.2241, 0.15397, 0.23276, 2.2651, 0.54373, 0.67704, 0.0082902, 4.2089, 0.19619, -0.00014724, 2.1196, 0.60452, 0.03562, 1.0198, 1.0077, 1.8403, 0.35425, 0.46406, 2.2782, 2.658, 0.84838, 0.018713, 7.0927, 1.0077, 0.011648, 5.1957, 0.6074, 0.056568, 0.016977, 0.00036646, 0.035086, 0.0037067, 0.0049434, 1.5825e-05, 0.41303, 0.0027126, 1.0038e-05, 0.76843, 0.060855, 1.2856e-05, 0.87439, 7.6292e-07, 4.0547e-05, 0.049203, 0.88369, 0.95299, 0.036501, 0.13025, -0.79396, -0.95962, 0.49164, -0.00093866, 1.578, -0.18934, -0.0044068, 0.69327, -0.55409, 0.025597, 1.5618, 1.0688, 2.1115, 0.47172, 0.56657, 5.3373, 4.1613, 1.0338, 0.027942, 9.7236, 1.3933, 0.015908, 6.622, 1.766, 0.066592, 0.21141, 0.0031657, 0.12401, 0.017503, 0.017591, 3.4737, 2.4232, 0.027159, 7.7072e-05, 6.131, 0.23143, 3.8133e-05, 3.248, 0.4974, 0.00015529
124, 3.8279, 0.35472, 0.05462, 0.23244, 2.3056, 0.7296, 0.67293, 1.0977, 0.69351, 0.47225, 0.42841, 1.6964, 0.74409, 0.6449, 3e-05, 4.0468, 1.9794, 0.00481, 2.0599, 0.74043, 0.03786, 1.1875, 1.0346, 1.2635, 0.38896, 0.51455, 2.5738, 1.2731, 0.80417, 0.0033853, 4.6679, 0.74069, 0.01106, 4.3197, 1.1919, 0.04893, 0.91032, 0.99518, 0.70486, 0.19809, 0.29129, 2.5672, -0.088248, 0.69178, -0.0033035, 2.7982, 0.13638, -0.0044863, 1.8116, 1.1905, 0.032117, 1.4647, 1.0741, 1.822, 0.57983, 0.7378, 2.5803, 2.6345, 0.91656, 0.010074, 6.5376, 1.345, 0.026607, 6.8278, 1.1934, 0.065744, 0.028394, 0.0005753, 0.11533, 0.013466, 0.018422, 1.5825e-05, 0.68502, 0.0046691, 1.6536e-05, 1.292, 0.13498, 8.9333e-05, 2.3251, 7.6293e-07, 0.00010449, 0.41104, 0.93909, 0.52007, 0.11738, 0.22461, -0.49186, -1.4272, 0.5235, -0.011651, 0.42476, -0.16854, -0.0065489, 0.75423, 0.031891, 0.024576, 1.9639, 1.1302, 2.0068, 0.66054, 0.80448, 5.6394, 3.9735, 1.0848, 0.018422, 8.9111, 1.6499, 0.028669, 7.8852, 2.352, 0.073285, 0.22283, 0.0033745, 0.20425, 0.027262, 0.03107, 3.4737, 2.6951, 0.029115, 8.357e-05, 6.6546, 0.30556, 0.00011461, 4.6987, 0.4974, 0.00021923
125, 4, 0.22305, 0.06497, 0.07227, 0.82812, 0.30042, 0.96552, 1.0856, 0.55059, 0.33942, 0.42883, 1.3077, 0.47894, 0.60757, 0.00495, 7.9526, 1.6812, 0.01629, 4.1865, 0.43928, 0.07077, 1.241, 0.99692, 1.2724, 0.3329, 0.51129, 1.3899, 1.8496, 0.82064, 0.0053278, 5.018, 0.93955, 0.0077139, 4.7992, 0.60478, 0.054031, 1.0124, 0.96085, 0.7633, 0.21374, 0.31703, 1.3833, 0.64168, 0.72956, -0.00075448, 3.4308, 0.35398, -0.0061493, 2.4686, 0.60334, 0.038272, 1.4697, 1.033, 1.7814, 0.45206, 0.70554, 1.3964, 3.0576, 0.91172, 0.01141, 6.6051, 1.5251, 0.021577, 7.1297, 0.60622, 0.069789, 0.01932, 0.00048086, 0.095784, 0.0052482, 0.013947, 1.5825e-05, 0.53932, 0.0030663, 1.3674e-05, 0.93104, 0.12674, 7.1035e-05, 2.0075, 7.6292e-07, 9.1788e-05, 0.48056, 0.90272, 0.56544, 0.10591, 0.24304, -1.6758, -0.7767, 0.54781, -0.0094491, 0.89151, 0.042666, -0.0084284, 1.3563, -0.55528, 0.030392, 2.0015, 1.0911, 1.9793, 0.55989, 0.77953, 4.4555, 4.476, 1.0935, 0.020105, 9.1444, 1.8364, 0.023856, 8.242, 1.7648, 0.077669, 0.21375, 0.0032801, 0.18471, 0.019044, 0.026595, 3.4737, 2.5494, 0.027513, 8.0707e-05, 6.2936, 0.29732, 9.6312e-05, 4.3811, 0.4974, 0.00020653
126, 3.0049, 0.23387, 0.07719, 0.14319, 1.3368, 0.52201, 0.71713, 1.0658, 1.0619, 0.67808, 0.3956, 1.4225, 0.47705, 0.62206, 0.00364, 3.115, 0.02526, 0.03344, 6.0033, 0.16016, 0.03458, 0.88695, 0.99067, 1.0528, 0.56108, 0.42406, 1.9382, 1.1937, 0.6818, 0.0086837, 3.9841, 0.75569, 0.017624, 6.7699, 0.80406, 0.048579, 0.68974, 0.95638, 0.71474, 0.45883, 0.31258, 1.9316, 0.13657, 0.5916, 0.0029804, 2.4621, 0.32836, 0.01107, 5.2567, 0.80263, 0.03763, 1.0842, 1.0249, 1.3909, 0.66334, 0.53554, 1.9447, 2.2509, 0.77199, 0.014387, 5.5061, 1.183, 0.024179, 8.2831, 0.8055, 0.059528, 0.014375, 0.00043434, 0.042241, 0.0038646, 0.0045938, 1.5824e-05, 0.41307, 0.0030066, 1.2023e-05, 0.85615, 0.067493, 1.5881e-05, 0.84629, 7.6292e-07, 4.4311e-05, 0.13533, 0.89713, 0.45709, 0.34249, 0.20808, -1.1275, -1.3667, 0.40926, -0.0059413, -0.11774, -0.046879, 0.007072, 3.8184, -0.35599, 0.027835, 1.6386, 1.0842, 1.6485, 0.77967, 0.64004, 5.0038, 3.7542, 0.95433, 0.023309, 8.0859, 1.5583, 0.028177, 9.7214, 1.9641, 0.069324, 0.20881, 0.0032335, 0.13117, 0.017661, 0.017242, 3.4737, 2.4232, 0.027453, 7.9057e-05, 6.2187, 0.23807, 4.1158e-05, 3.2199, 0.4974, 0.00015905
127, 2, 0.35329, 0.12544, 0.20759, 0.78652, 0.498, 0.26529, 1.0591, 1.8561, 0.25017, 0.10517, 2.8836, 2.3685, 0.71813, 0.00015, 3.775, 0.07673, 0.00094, 1.697, 1.6013, 0.03549, 0.93184, 1.0012, 1.4026, 0.43803, 0.37083, 1.7212, 1.2639, 0.78985, 0.0040687, 6.3997, 0.78526, 0.0031791, 4.1957, 0.45922, 0.046058, 0.68706, 0.96513, 0.84255, 0.27646, 0.15867, 1.7146, -0.082035, 0.68925, -0.0019715, 4.6355, 0.17845, -0.012355, 1.6911, 0.45778, 0.030693, 1.1766, 1.0373, 1.9627, 0.59961, 0.58298, 1.7277, 2.6098, 0.89045, 0.010109, 8.1638, 1.3921, 0.018713, 6.7004, 0.46065, 0.061423, 0.022146, 0.00048105, 0.11594, 0.0096493, 0.016636, 1.5825e-05, 0.66957, 0.0037404, 1.3485e-05, 1.1503, 0.1361, 8.9189e-05, 2.3187, 7.6293e-07, 8.7261e-05, 0.16635, 0.907, 0.65813, 0.18618, 0.089351, -1.3445, -1.4287, 0.5137, -0.010691, 2.202, -0.12564, -0.014419, 0.63272, -0.70084, 0.02268, 1.6973, 1.0954, 2.1471, 0.68989, 0.6523, 4.7868, 3.9565, 1.066, 0.018828, 10.597, 1.6961, 0.020777, 7.7588, 1.6193, 0.069436, 0.21658, 0.0032803, 0.20486, 0.023445, 0.029284, 3.4737, 2.6797, 0.028187, 8.0519e-05, 6.5129, 0.30668, 0.00011447, 4.6923, 0.4974, 0.000202
128, 3, 0.27345, 0.03343, 0.04505, 1.7018, 0.64253, 0.28535, 1.0802, 1.8424, 0.36976, 0.38865, 0.92983, 0.89203, 0.95683, 0.00043, 8.4101, 1.6111, 0.00541, 9.105, 0.59763, 0.05459, 0.92587, 1.0096, 1.579, 0.28181, 0.46006, 2.1728, 1.3698, 0.79735, 0.0073554, 5.8004, 0.64518, 0.0066631, 4.7276, 0.7204, 0.054332, 0.66915, 0.9734, 1.117, 0.1068, 0.28305, 2.1663, 0.012571, 0.69887, 0.0012851, 4.0998, 0.023939, -0.0077307, 2.2467, 0.71896, 0.0383, 1.1826, 1.0459, 2.0409, 0.45683, 0.63706, 2.1794, 2.727, 0.89583, 0.013426, 7.501, 1.2664, 0.021057, 7.2085, 0.72183, 0.070363, 0.024359, 0.00048521, 0.078885, 0.011321, 0.01158, 1.5825e-05, 0.68083, 0.0035847, 1.362e-05, 1.0689, 0.14265, 7.6576e-05, 2.2749, 7.6292e-07, 9.4995e-05, 0.15648, 0.91537, 0.90514, 0.021128, 0.20403, -0.89282, -1.3285, 0.52196, -0.0074165, 1.629, -0.27539, -0.0099372, 1.1812, -0.43966, 0.03051, 1.6953, 1.1039, 2.2528, 0.5425, 0.71608, 5.2385, 4.068, 1.0727, 0.022127, 9.9718, 1.5658, 0.023263, 8.274, 1.8805, 0.078153, 0.21879, 0.0032844, 0.16781, 0.025117, 0.024228, 3.4737, 2.691, 0.028031, 8.0654e-05, 6.4315, 0.31323, 0.00010185, 4.6485, 0.4974, 0.00020974
129, 2, 0.35621, 0.05167, 0.18994, 1, 0.8647, 1.7308, 1.0679, 0.67742, 0.41156, 0.36763, 1.0482, 0.64669, 0.62777, 0.00068, 8.7882, 0.40591, 0.00708, 3.1943, 0.37958, 0.03473, 0.88292, 1.0169, 1.2674, 0.43915, 0.22067, 2.6142, 1.7067, 0.70849, 0.0061533, 4.8478, 0.56021, 0.0062274, 4.2692, 0.79443, 0.050593, 0.61363, 0.97933, 0.71585, 0.26406, 0.011662, 2.6076, 0.3619, 0.60414, -0.00018859, 3.0678, -0.05951, -0.008304, 1.9358, 0.79299, 0.034871, 1.1522, 1.0544, 1.819, 0.61424, 0.42968, 2.6207, 3.0515, 0.81284, 0.012495, 6.6279, 1.1799, 0.020759, 6.6025, 0.79587, 0.066315, 0.026802, 0.00052134, 0.11245, 0.011331, 0.016147, 1.5825e-05, 0.66843, 0.0040249, 1.4866e-05, 1.1711, 0.14195, 7.8048e-05, 2.0123, 7.6293e-07, 9.1362e-05, 0.10924, 0.9221, 0.52931, 0.17842, -0.058442, -0.45148, -0.98532, 0.43095, -0.0087323, 0.64339, -0.35933, -0.010492, 0.82442, -0.36562, 0.026979, 1.6566, 1.1117, 2.0056, 0.69988, 0.49979, 5.6798, 4.3987, 0.98603, 0.021039, 9.0523, 1.4798, 0.022947, 7.7139, 1.9545, 0.074207, 0.22124, 0.0033205, 0.20138, 0.025127, 0.028794, 3.4737, 2.6786, 0.028471, 8.1899e-05, 6.5337, 0.31253, 0.00010332, 4.3859, 0.4974, 0.0002061
130, 5.3333, 0.34261, 0.05169, 0.0412, 1.3368, 0.36861, 1.6082, 1.0945, 1.1152, 0.01054, 0.413, 0.18983, 6.3704, 0.78441, 0.03335, 9.112, 0.71465, 0.03382, 2.5602, 0.28438, 0.07362, 1.1682, 1.0115, 1.2959, 0.28351, 0.72138, 1.762, 2.7216, 0.86262, 0.012955, 5.8234, 0.3775, 0.0072381, 3.9371, 0.69196, 0.065264, 0.91545, 0.97318, 0.87333, 0.15214, 0.55225, 1.7555, 1.5407, 0.76082, 0.0064903, 4.1159, -0.12713, -0.0028113, 1.9808, 0.69052, 0.051441, 1.4209, 1.0498, 1.7184, 0.41487, 0.89052, 1.7686, 3.9024, 0.96442, 0.019419, 7.5309, 0.88213, 0.017287, 5.8935, 0.6934, 0.079087, 0.023605, 0.00054246, 0.06599, 0.0063784, 0.010573, 1.5825e-05, 0.51539, 0.0038301, 1.5446e-05, 1.0776, 0.094123, 3.7327e-05, 1.4146, 7.6292e-07, 7.062e-05, 0.40011, 0.91641, 0.64847, 0.04988, 0.47073, -1.3036, 0.10762, 0.58603, -0.0019835, 1.6492, -0.46876, -0.0057764, 0.73571, -0.4681, 0.04287, 1.9362, 1.1066, 1.9433, 0.51714, 0.97203, 4.8277, 5.3356, 1.1392, 0.027893, 9.9976, 1.2238, 0.020253, 7.1386, 1.852, 0.087658, 0.21804, 0.0033417, 0.15491, 0.020174, 0.023221, 3.4737, 2.5255, 0.028276, 8.248e-05, 6.4402, 0.2647, 6.2603e-05, 3.7882, 0.4974, 0.00018536
131, 6.58, 0.15255, 0.03744, 0.41875, 1.4749, 0.34159, 1.9955, 0.94001, 1.6599, 0.49465, 0.35365, 0.78493, 1.083, 0.73588, 0.00355, 9.7545, 0.64242, 0.00076, 1.4044, 2.2447, 0.04814, 1.358, 1.0114, 1.512, 0.51208, 0.37039, 1.8203, 1.3331, 0.60342, 0.0047846, 3.8167, 0.66852, 0.010012, 2.3844, 1.8682, 0.069673, 1.1049, 0.97922, 1.0631, 0.32939, 0.20731, 1.8137, -0.0047685, 0.49946, -0.00052763, 1.9531, 0.10547, -0.0024855, 0.31581, 1.8668, 0.053188, 1.6111, 1.0435, 1.9608, 0.69477, 0.53346, 1.8268, 2.6709, 0.70739, 0.010097, 5.6803, 1.2316, 0.022509, 4.4529, 1.8696, 0.086157, 0.023678, 0.00038218, 0.074462, 0.012336, 0.0098293, 1.5825e-05, 0.66154, 0.003995, 1.043e-05, 1.2837, 0.11718, 5.7724e-05, 1.5815, 7.6292e-07, 0.00010044, 0.58979, 0.9186, 0.84709, 0.24618, 0.12378, -1.2454, -1.3555, 0.32603, -0.0096924, -0.42375, -0.21383, -0.0049739, -0.88685, 0.70816, 0.045544, 2.1262, 1.1041, 2.1768, 0.77798, 0.61699, 4.8859, 4.0216, 0.88082, 0.019262, 8.0572, 1.5509, 0.024997, 5.6556, 3.0283, 0.093801, 0.21811, 0.0031814, 0.16339, 0.026132, 0.022477, 3.4737, 2.6717, 0.028441, 7.7464e-05, 6.6462, 0.28776, 8.3001e-05, 3.9551, 0.4974, 0.00021518
132, 2.25, 0.40365, 0.10725, 0.1045, 1.5132, 0.69031, 0.40909, 0.90238, 1.9188, 0.16961, 0.20541, 8.3604, 4.1782, 0.73874, 0.01647, 2.2509, 0.0209, 0.00241, 2.7867, 0.65054, 0.03387, 0.96849, 1.0111, 1.2361, 0.28723, 0.42665, 2.3591, 0.9997, 0.82146, 0.0050398, 6.5222, 0.826, 0.010072, 4.3625, 0.49738, 0.044012, 0.74242, 0.97346, 0.68582, 0.15696, 0.20883, 2.3525, -0.33756, 0.72512, -0.0013041, 4.8718, 0.22173, -0.0051865, 1.8909, 0.49595, 0.029014, 1.1946, 1.0487, 1.7863, 0.41749, 0.64447, 2.3656, 2.337, 0.9178, 0.011384, 8.1726, 1.4303, 0.02533, 6.8341, 0.49882, 0.059011, 0.018891, 0.00052287, 0.11191, 0.0062717, 0.017536, 1.5825e-05, 0.66096, 0.0034305, 1.4875e-05, 1.0067, 0.13496, 8.6053e-05, 2.2579, 7.6293e-07, 8.3145e-05, 0.20878, 0.91626, 0.49894, 0.054216, 0.14088, -0.70659, -1.6886, 0.54683, -0.0098467, 2.371, -0.083202, -0.0072834, 0.82264, -0.66267, 0.020874, 1.7282, 1.1059, 1.9732, 0.52024, 0.71242, 5.4247, 3.688, 1.0961, 0.019926, 10.673, 1.7352, 0.027427, 7.9024, 1.6574, 0.067151, 0.21333, 0.0033221, 0.20083, 0.020068, 0.030184, 3.4737, 2.6711, 0.027877, 8.1909e-05, 6.3693, 0.30554, 0.00011133, 4.6315, 0.4974, 0.00019789
133, 2.8571, 0.31616, 0.03225, 0, 2.5, 1.0324, 1.8568, 0.98898, 1.3392, 0.19784, 0.305, 0.12818, 0.09563, 0.44879, 0.00201, 1.5262, 1.0602, 0.04796, 4.9098, 0.26284, 0.07382, 0.71819, 1.0394, 1.0997, 0.4917, 0.45514, 3.43, 1.0982, 0.82467, 0.0094782, 4.6082, 0.64322, 0.015034, 5.4098, 0.99881, 0.042031, 0.43057, 0.99584, 0.55232, 0.27199, 0.23556, 3.4235, -0.32042, 0.69722, 0.0020037, 2.6006, 0.0065974, -0.00067758, 2.8889, 0.99737, 0.02426, 1.0058, 1.083, 1.647, 0.71141, 0.67472, 3.4366, 2.5168, 0.95213, 0.016953, 6.6157, 1.2798, 0.030746, 7.9308, 1.0002, 0.059802, 0.030576, 0.00070184, 0.11073, 0.017842, 0.017821, 1.5825e-05, 0.74383, 0.0060045, 2.0649e-05, 1.4896, 0.1498, 9.1241e-05, 2.349, 7.6293e-07, 0.00011673, -0.06205, 0.9421, 0.3647, 0.19912, 0.16803, 0.36437, -1.6314, 0.53764, -0.0059241, 0.3025, -0.2878, -0.002721, 1.8353, -0.16125, 0.017006, 1.4984, 1.1367, 1.8346, 0.78427, 0.74226, 6.4957, 3.8278, 1.1117, 0.02488, 8.9139, 1.5742, 0.032789, 8.9843, 2.1589, 0.067056, 0.22501, 0.003501, 0.19965, 0.031638, 0.030469, 3.4737, 2.754, 0.030451, 8.7683e-05, 6.8522, 0.32038, 0.00011652, 4.7226, 0.4974, 0.00023147
134, 5.999, 0.24413, 0.00896, 0.18697, 3.3073, 0.6461, 1.6405, 1.0647, 0.74788, 0.84333, 0.45908, 0.83329, 0.82683, 0.94894, 0.00019, 2.4192, 0.46328, 0.00392, 3.3546, 2.2644, 0.04487, 1.2355, 1.0309, 1.2399, 0.47158, 0.56827, 2.6828, 1.2628, 0.74314, 0.0050479, 4.392, 0.64622, 0.015212, 4.3876, 1.6985, 0.058194, 0.94747, 0.99095, 0.67782, 0.25158, 0.33695, 2.6763, -0.16089, 0.61487, -0.0017684, 2.3725, 0.0097093, -0.00050488, 1.8655, 1.6971, 0.040284, 1.5234, 1.0709, 1.802, 0.69157, 0.79958, 2.6893, 2.6865, 0.87141, 0.011864, 6.4115, 1.2827, 0.030928, 6.9097, 1.6999, 0.076104, 0.030653, 0.00059, 0.11677, 0.017888, 0.019776, 1.5825e-05, 0.74917, 0.0060816, 1.7173e-05, 1.5074, 0.14974, 9.1297e-05, 2.3511, 7.6293e-07, 0.00011856, 0.45508, 0.93514, 0.49389, 0.17879, 0.27208, -0.38285, -1.4695, 0.45575, -0.010046, 0.080728, -0.28472, -0.0025478, 0.8123, 0.53843, 0.03307, 2.0158, 1.1267, 1.9859, 0.76436, 0.86445, 5.7484, 3.9951, 1.0305, 0.020142, 8.7032, 1.5772, 0.032971, 7.9629, 2.8585, 0.083318, 0.22509, 0.0033892, 0.2057, 0.031684, 0.032424, 3.4737, 2.7593, 0.030528, 8.4207e-05, 6.87, 0.32032, 0.00011657, 4.7247, 0.4974, 0.0002333
135, 3.0049, 0.16268, 0.06944, 0.10201, 1.3368, 0.42998, 0.19636, 0.96975, 1.0673, 0.50572, 0.51429, 1.9557, 0.59306, 0.60697, 0.00332, 4.0659, 0.22156, 0.00313, 5.5905, 0.29652, 0.03673, 0.71147, 1.0153, 1.4101, 0.48324, 0.5859, 1.6811, 1.4182, 0.76691, 0.0048551, 4.484, 0.89487, 0.0016897, 4.3989, 0.76761, 0.041427, 0.50263, 0.98527, 1.0707, 0.37025, 0.4751, 1.6746, 0.41601, 0.68463, -9.5686e-05, 3.0465, 0.48783, -0.0050724, 2.8529, 0.76617, 0.030159, 0.9203, 1.0453, 1.7495, 0.59623, 0.6967, 1.6877, 2.4205, 0.8492, 0.009806, 5.9216, 1.3019, 0.0084517, 5.945, 0.76904, 0.052696, 0.016119, 0.0003329, 0.042579, 0.0047187, 0.0045377, 1.5824e-05, 0.37126, 0.0025025, 9.0594e-06, 0.76385, 0.061238, 1.6901e-05, 0.88347, 7.6292e-07, 4.6935e-05, -0.043294, 0.92323, 0.81359, 0.25943, 0.37027, -1.3845, -1.1201, 0.49689, -0.0094932, 0.41277, 0.10291, -0.0089927, 1.4304, -0.39245, 0.020513, 1.4662, 1.1073, 2.0066, 0.70706, 0.80153, 4.7468, 3.9565, 1.0369, 0.019203, 8.5553, 1.6868, 0.012372, 7.3674, 1.9277, 0.062342, 0.21055, 0.0031321, 0.1315, 0.018515, 0.017186, 3.4737, 2.3814, 0.026949, 7.6093e-05, 6.1264, 0.23182, 4.2177e-05, 3.2571, 0.4974, 0.00016168
136, 2, 0.062, 0.15337, 0.3497, 1.1719, 0.35343, 1.7917, 1.0908, 0.92032, 0.88552, 0.88839, 1.045, 1.079, 0.88366, 0.00026, 0.65724, 0.65562, 0.00892, 6.7166, 0.85853, 0.04083, 0.89684, 1.0139, 1.0281, 0.62295, 0.47394, 1.5379, 1.3863, 0.74165, 0.0035408, 1.9341, 0.97747, 0.0070504, 3.2423, 1.105, 0.03959, 0.6278, 0.97604, 0.47744, 0.45519, 0.28504, 1.5314, -0.010617, 0.63646, -0.0028197, 0.16804, 0.44784, -0.0048798, 1.1809, 1.1035, 0.024487, 1.1659, 1.0518, 1.5787, 0.7907, 0.66284, 1.5445, 2.7833, 0.84684, 0.0099013, 3.7002, 1.5071, 0.018981, 5.3036, 1.1064, 0.054693, 0.026754, 0.00053078, 0.11206, 0.010402, 0.013189, 1.5825e-05, 0.72128, 0.0040899, 1.4953e-05, 1.1529, 0.10368, 5.2606e-05, 1.5705, 7.6293e-07, 8.4308e-05, 0.12326, 0.91902, 0.29065, 0.36708, 0.20955, -1.5277, -1.3321, 0.46379, -0.011353, -2.2644, 0.11606, -0.0074657, -0.024385, -0.055077, 0.016384, 1.6704, 1.1089, 1.7655, 0.87881, 0.73833, 4.6036, 4.1048, 1.0195, 0.018434, 6.1327, 1.8389, 0.021566, 6.5089, 2.265, 0.062797, 0.22119, 0.00333, 0.20098, 0.024198, 0.025837, 3.4737, 2.7314, 0.028536, 8.1987e-05, 6.5154, 0.27426, 7.7883e-05, 3.9441, 0.4974, 0.00019905
137, 5.4951, 0.18658, 0.04293, 0.27077, 2.2281, 0.42595, 0.90854, 1.0896, 1.7515, 0.53639, 0.30147, 0.83737, 0.42987, 0.39188, 0.01044, 1.4954, 0.5848, 0.02285, 4.9224, 0.83158, 0.04858, 1.3078, 1.0354, 1.2376, 0.62883, 0.45014, 1.9758, 0.97881, 0.67711, 0.0048783, 4.6515, 0.86426, 0.018711, 6.1224, 1.5317, 0.053822, 1.0478, 1.0008, 0.86556, 0.4998, 0.30875, 1.9693, -0.20317, 0.57505, -0.00086029, 2.9604, 0.42111, 0.010435, 4.2915, 1.5303, 0.041287, 1.5678, 1.0701, 1.6097, 0.75785, 0.59153, 1.9824, 2.1608, 0.77918, 0.010617, 6.3426, 1.3074, 0.026986, 7.9533, 1.5332, 0.066358, 0.024983, 0.00044276, 0.051164, 0.0061528, 0.0073888, 1.5825e-05, 0.51637, 0.0038506, 1.2172e-05, 1.057, 0.072587, 2.5313e-05, 1.239, 7.6292e-07, 5.8082e-05, 0.53735, 0.94179, 0.62197, 0.39651, 0.21731, -1.0898, -1.6357, 0.40042, -0.0097605, 0.48397, 0.053158, 0.0070114, 2.9961, 0.37167, 0.032199, 2.0783, 1.1291, 1.8533, 0.86115, 0.68297, 5.0415, 3.5933, 0.95381, 0.019517, 8.8191, 1.6754, 0.03041, 9.2488, 2.6918, 0.075446, 0.21942, 0.003242, 0.14009, 0.019949, 0.020037, 3.4737, 2.5265, 0.028297, 7.9205e-05, 6.4196, 0.24317, 5.059e-05, 3.6126, 0.4974, 0.00017282
138, 2.25, 0.31691, 0.0842, 0.08204, 1.5132, 0.67396, 1.1096, 0.91486, 1.4385, 0.22054, 0.26254, 1.2785, 0.70091, 0.51289, 0.03167, 2.5363, 0.78562, 0.00641, 3.7786, 0.33838, 0.03977, 0.87093, 0.97853, 1.3045, 0.26909, 0.31358, 2.2857, 1.5833, 0.80911, 0.011824, 6.086, 0.51644, 0.0051187, 4.158, 0.59152, 0.044963, 0.65681, 0.94739, 0.95563, 0.17078, 0.18422, 2.2791, 0.48005, 0.72269, 0.0066653, 4.6352, 0.060711, -0.0033484, 2.4441, 0.59008, 0.033139, 1.0851, 1.0097, 1.6533, 0.3674, 0.44294, 2.2922, 2.6866, 0.89554, 0.016983, 7.5368, 0.97216, 0.013586, 5.8718, 0.59295, 0.056787, 0.016946, 0.00035831, 0.044978, 0.003572, 0.0061852, 1.5825e-05, 0.44991, 0.0027607, 9.8375e-06, 0.77796, 0.076763, 2.6498e-05, 1.0857, 7.6292e-07, 5.1675e-05, 0.11469, 0.8861, 0.70258, 0.052319, 0.087853, -0.77999, -0.99652, 0.5378, -0.0025971, 2.01, -0.30161, -0.0067168, 1.0987, -0.56854, 0.023744, 1.6272, 1.071, 1.9064, 0.48586, 0.53931, 5.3513, 4.1632, 1.0804, 0.026246, 10.162, 1.3345, 0.016954, 7.2173, 1.7516, 0.066182, 0.21138, 0.0031575, 0.1339, 0.017368, 0.018833, 3.4737, 2.46, 0.027207, 7.6871e-05, 6.1405, 0.24734, 5.1775e-05, 3.4593, 0.4974, 0.00016642
139, 6.58, 0.15255, 0.07854, 0.41875, 1.1111, 0.20921, 1.4482, 1.0684, 1.3531, 0.33881, 0.35513, 0.67187, 0.91657, 0.54195, 0.00016, 4.9234, 1.8247, 0.00566, 1.4761, 1.538, 0.08741, 1.3303, 0.98984, 1.465, 0.57209, 0.51645, 1.5543, 1.0949, 0.66392, 0.0042588, 4.459, 1.1819, 0.0010746, 2.6464, 1.7031, 0.060581, 1.1042, 0.95865, 1.1056, 0.40743, 0.39356, 1.5477, -0.093007, 0.57474, -0.00086116, 2.876, 0.71812, -0.0056353, 1.0464, 1.7017, 0.048491, 1.5563, 1.021, 1.8244, 0.73675, 0.63935, 1.5608, 2.2828, 0.75309, 0.0093788, 6.0421, 1.6457, 0.0077846, 4.2464, 1.7045, 0.072671, 0.018889, 0.00035955, 0.047748, 0.010021, 0.0055827, 1.5825e-05, 0.52156, 0.0029394, 9.6892e-06, 0.92629, 0.079512, 1.6641e-05, 0.9462, 7.6292e-07, 5.4025e-05, 0.57055, 0.89739, 0.85694, 0.31824, 0.29437, -1.5114, -1.5223, 0.39171, -0.010149, 0.33414, 0.35936, -0.0095748, -0.3506, 0.54304, 0.039212, 2.09, 1.0823, 2.0731, 0.82594, 0.73854, 4.6199, 3.7121, 0.93612, 0.018666, 8.5839, 2.0045, 0.011724, 5.6434, 2.8631, 0.081949, 0.21332, 0.0031588, 0.13667, 0.023817, 0.018231, 3.4737, 2.5317, 0.027386, 7.6723e-05, 6.2889, 0.25009, 4.1918e-05, 3.3198, 0.4974, 0.00016877
140, 2.25, 0.32819, 0.06546, 0.08496, 2.0159, 0.80617, 0.33115, 0.92858, 1.5033, 0.37884, 0.28337, 2.8619, 0.10309, 0.76895, 0.00877, 9.0654, 0.11913, 0.00155, 5.6528, 0.86888, 0.03393, 0.90596, 0.99114, 1.2612, 0.39728, 0.35317, 2.6424, 1.8451, 0.78382, 0.014353, 5.1731, 0.70403, 0.0071046, 4.731, 0.75655, 0.045094, 0.65445, 0.95806, 0.80215, 0.20151, 0.18417, 2.6358, 0.51162, 0.67916, 0.0088083, 3.3408, 0.16258, -0.0050077, 2.6949, 0.75511, 0.028782, 1.1575, 1.0242, 1.7203, 0.59306, 0.52216, 2.6489, 3.1785, 0.88849, 0.019899, 7.0054, 1.2455, 0.019217, 6.7671, 0.75798, 0.061406, 0.023381, 0.00040457, 0.077905, 0.014167, 0.010556, 1.5825e-05, 0.6572, 0.004049, 1.1365e-05, 1.2409, 0.10836, 5.4225e-05, 1.5323, 7.6293e-07, 9.8349e-05, 0.1383, 0.89804, 0.58941, 0.12223, 0.10261, -0.42329, -0.8413, 0.50616, -0.0002106, 0.94631, -0.16469, -0.0075616, 1.4803, -0.40351, 0.021083, 1.6736, 1.0842, 1.9331, 0.67234, 0.60372, 5.708, 4.5314, 1.0615, 0.028917, 9.3999, 1.5727, 0.021771, 7.9818, 1.9166, 0.069105, 0.21782, 0.0032038, 0.16683, 0.027963, 0.023203, 3.4737, 2.6673, 0.028495, 7.8399e-05, 6.6034, 0.27894, 7.9502e-05, 3.9059, 0.4974, 0.00021309
141, 7.5, 0.72522, 0.11557, 0.2412, 0.99099, 0.28911, 0.649, 1.006, 1.7291, 0.14361, 0.37906, 9.4255, 2.8687, 0.76521, 0.00316, 8.214, 0.01555, 0.02411, 1.2552, 0.58376, 0.09502, 1.4569, 0.99791, 1.7988, 0.20699, 0.60065, 1.7984, 1.485, 0.94553, 0.004639, 10.053, 0.47417, 0.003489, 3.7481, 0.638, 0.068082, 1.1708, 0.95527, 1.2323, 0.015748, 0.36755, 1.7918, 0.057069, 0.82086, -0.0026543, 8.0421, -0.16243, -0.012229, 1.2256, 0.63656, 0.050219, 1.7431, 1.0406, 2.3652, 0.39824, 0.83375, 1.8049, 2.913, 1.0702, 0.011932, 12.065, 1.1108, 0.019207, 6.2706, 0.63944, 0.085945, 0.030268, 0.00067198, 0.11861, 0.013518, 0.020084, 1.5825e-05, 0.75367, 0.0057443, 1.9661e-05, 1.4951, 0.14979, 9.131e-05, 2.3519, 7.6294e-07, 0.00011794, 0.67723, 0.901, 1.0494, -0.064853, 0.30307, -1.2673, -1.2495, 0.65973, -0.010676, 5.7459, -0.45683, -0.014271, 0.17248, -0.52205, 0.042992, 2.2366, 1.0948, 2.5481, 0.47884, 0.89823, 4.864, 4.2195, 1.2313, 0.019954, 14.361, 1.4052, 0.021249, 7.3237, 1.7981, 0.093173, 0.2247, 0.0034712, 0.20754, 0.027314, 0.032732, 3.4737, 2.7638, 0.030191, 8.6694e-05, 6.8577, 0.32037, 0.00011659, 4.7255, 0.4974, 0.00023268
142, 4, 0.17869, 0.16747, 0.7, 0.72222, 0.25693, 1.8258, 0.91074, 1.4615, 0.28822, 0.03239, 1.6833, 2.6463, 0.17198, 0.00955, 1.3058, 0.1538, 0.00137, 1.6116, 2.425, 0.06553, 1.4821, 0.96908, 1.3073, 0.6513, 0.38823, 1.3969, 1.4871, 0.56393, 0.002997, 3.1468, 0.84806, 0.0094252, 2.0174, 1.7096, 0.053177, 1.2126, 0.92696, 0.74092, 0.43572, 0.15919, 1.3903, 0.062919, 0.44078, -0.0041694, 1.1761, 0.21495, -0.006215, -0.4962, 1.7082, 0.035836, 1.7515, 1.0112, 1.8738, 0.86689, 0.61727, 1.4034, 2.9113, 0.68709, 0.010163, 5.1175, 1.4812, 0.025065, 4.5311, 1.7111, 0.070519, 0.026845, 0.00065597, 0.11859, 0.017178, 0.01939, 1.5825e-05, 0.74971, 0.005606, 1.8982e-05, 1.4355, 0.14815, 9.0412e-05, 2.3353, 7.6293e-07, 0.00011115, 0.7083, 0.8724, 0.55806, 0.36182, 0.093815, -1.6688, -1.2454, 0.27879, -0.012258, -1.1418, -0.080559, -0.0082667, -1.5519, 0.54959, 0.028455, 2.2558, 1.0658, 2.0566, 0.94079, 0.68264, 4.4625, 4.2197, 0.84908, 0.018252, 7.4354, 1.7767, 0.027117, 5.5868, 2.8697, 0.077899, 0.22128, 0.0034552, 0.20751, 0.030974, 0.032038, 3.4737, 2.7598, 0.030052, 8.6016e-05, 6.798, 0.31873, 0.00011569, 4.7089, 0.4974, 0.0002259
143, 4.4984, 0.27827, 0.05739, 0.09264, 0.79167, 0.36082, 0.3498, 0.90052, 1.9932, 0.35769, 0.84081, 4.2032, 5.2219, 0.95763, 0.00499, 2.3817, 0.32762, 0.00069, 2.6619, 2.9377, 0.06345, 1.0444, 0.98684, 1.688, 0.27047, 0.62859, 1.5996, 2.0719, 0.74202, 0.010777, 4.6314, 0.46573, 0.0036556, 4.0448, 0.68332, 0.058669, 0.84945, 0.95437, 1.3338, 0.19295, 0.49051, 1.5931, 1.0167, 0.66394, 0.0053854, 3.3265, 0.02665, -0.0035978, 2.3353, 0.68188, 0.047318, 1.2394, 1.0193, 2.0422, 0.34798, 0.76668, 1.6061, 3.1271, 0.82009, 0.016169, 5.9363, 0.9048, 0.010909, 5.7544, 0.68475, 0.07002, 0.014048, 0.00038981, 0.046365, 0.0022207, 0.0070475, 1.5825e-05, 0.41155, 0.002253, 1.0745e-05, 0.62934, 0.071257, 1.9446e-05, 1.0802, 7.6292e-07, 4.7624e-05, 0.29337, 0.89396, 1.083, 0.062299, 0.39776, -1.466, -0.48779, 0.47325, -0.0037292, 0.60505, -0.34316, -0.0073443, 0.98799, -0.47674, 0.037709, 1.7954, 1.0797, 2.293, 0.47863, 0.85943, 4.6652, 4.6316, 1.0108, 0.025284, 8.6577, 1.2746, 0.014655, 7.1017, 1.8434, 0.079628, 0.20848, 0.003189, 0.13529, 0.016017, 0.019695, 3.4737, 2.4217, 0.026699, 7.7779e-05, 5.9919, 0.24184, 4.4722e-05, 3.4538, 0.4974, 0.00016237
144, 4.4984, 0.28084, 0.05792, 0.09349, 0.79167, 0.36102, 0.4759, 0.90508, 1.9385, 0.18205, 0.75003, 3.7828, 2.2093, 0.65909, 0.01921, 1.6395, 0.14229, 0.00244, 2.9959, 1.2145, 0.05735, 1.0366, 0.98393, 1.745, 0.29608, 0.67506, 1.6001, 2.6887, 0.76872, 0.0089106, 4.6825, 0.50824, 0.0020559, 3.8532, 0.68059, 0.060546, 0.84169, 0.95145, 1.3984, 0.21946, 0.54003, 1.5935, 1.6411, 0.69106, 0.0035163, 3.3865, 0.072197, -0.0049565, 2.172, 0.67915, 0.049316, 1.2315, 1.0164, 2.0917, 0.3727, 0.8101, 1.6066, 3.7363, 0.84638, 0.014305, 5.9786, 0.94429, 0.0090683, 5.5344, 0.68202, 0.071775, 0.014041, 0.00038986, 0.044411, 0.00217, 0.0067401, 1.5825e-05, 0.40563, 0.0022291, 1.0755e-05, 0.62086, 0.070276, 1.8175e-05, 1.0447, 7.6292e-07, 4.6606e-05, 0.28557, 0.89104, 1.1444, 0.08824, 0.44603, -1.4656, 0.13218, 0.50007, -0.0055967, 0.65905, -0.299, -0.0087866, 0.81207, -0.47947, 0.039652, 1.7876, 1.0768, 2.3456, 0.50392, 0.90409, 4.6657, 5.2453, 1.0374, 0.023418, 8.706, 1.3155, 0.012898, 6.8943, 1.8406, 0.081439, 0.20848, 0.0031891, 0.13334, 0.015966, 0.019388, 3.4737, 2.4158, 0.026675, 7.7789e-05, 5.9834, 0.24086, 4.3452e-05, 3.4183, 0.4974, 0.00016135
145, 4.56, 0.08105, 0.04323, 0.2, 2.0833, 0.37977, 0.64628, 1.0768, 1.6017, 0.52521, 0.71765, 3.2224, 1.2615, 0.688, 0.00012, 2.2106, 0.23115, 0.04396, 6.1086, 2.4097, 0.04345, 1.0419, 1.0275, 1.2882, 0.55889, 0.75515, 1.7533, 0.90294, 0.62502, 0.0053591, 2.7437, 0.77014, 0.037599, 6.5858, 1.3721, 0.060976, 0.81967, 0.99128, 0.92293, 0.44409, 0.62593, 1.7468, -0.26956, 0.5222, -0.00065368, 1.0844, 0.35765, 0.030565, 4.9872, 1.3707, 0.048801, 1.264, 1.0637, 1.6535, 0.67368, 0.88436, 1.7599, 2.0754, 0.72784, 0.011372, 4.403, 1.1826, 0.044632, 8.1844, 1.3736, 0.073151, 0.018246, 0.00048475, 0.049321, 0.0048708, 0.0061715, 1.5825e-05, 0.50813, 0.0039075, 1.3363e-05, 1.0176, 0.062887, 1.8286e-05, 0.94456, 7.6293e-07, 5.4787e-05, 0.28329, 0.93323, 0.67664, 0.33416, 0.5295, -1.3123, -1.7073, 0.34805, -0.0093893, -1.4111, -0.02463, 0.026742, 3.5896, 0.21209, 0.03956, 1.8004, 1.1218, 1.8998, 0.78362, 0.98079, 4.819, 3.5132, 0.90199, 0.020108, 6.8984, 1.5649, 0.048455, 9.5821, 2.5322, 0.082393, 0.21268, 0.003284, 0.13825, 0.018667, 0.018819, 3.4737, 2.5183, 0.028354, 8.0396e-05, 6.3802, 0.23347, 4.3562e-05, 3.3182, 0.4974, 0.00016953
146, 2.5, 0.2982, 0.06484, 0.6, 1.6667, 0.77092, 0.92858, 1.0653, 0.87941, 0.41175, 0.28611, 1.1012, 0.12765, 0.32978, 0.00045, 7.9993, 0.62862, 0.00789, 1.6314, 0.87548, 0.07689, 1.449, 0.99017, 1.3857, 0.51532, 0.31933, 2.3178, 1.3164, 0.53034, 0.0057689, 3.4278, 0.58989, 0.0087033, 2.2412, 1.6692, 0.056563, 1.2003, 0.94895, 0.81948, 0.29607, 0.096357, 2.3113, -0.10818, 0.40844, -0.0012197, 1.4598, 0.078428, -0.0030008, 0.24213, 1.6678, 0.038946, 1.6977, 1.0314, 1.952, 0.73457, 0.5423, 2.3244, 2.7411, 0.65223, 0.012758, 5.3959, 1.1013, 0.020407, 4.2403, 1.6707, 0.07418, 0.022863, 0.00062811, 0.11852, 0.017767, 0.018375, 1.5825e-05, 0.75014, 0.0054918, 1.8052e-05, 1.4316, 0.096687, 5.0632e-05, 1.4771, 7.6293e-07, 0.00011471, 0.68222, 0.89387, 0.63658, 0.2231, 0.029611, -0.74783, -1.4163, 0.24573, -0.0094035, -0.85958, -0.26047, -0.0056275, -0.9865, 0.50918, 0.031648, 2.2157, 1.0865, 2.1349, 0.80754, 0.60904, 5.3835, 4.0492, 0.81494, 0.020941, 7.7153, 1.4402, 0.023034, 5.469, 2.8293, 0.081479, 0.2173, 0.0034273, 0.20744, 0.031563, 0.031023, 3.4737, 2.7603, 0.029938, 8.5086e-05, 6.7942, 0.26727, 7.5908e-05, 3.8507, 0.4974, 0.00022945
147, 4, 0.17869, 0.02857, 0.5, 2.6667, 0.74816, 1.769, 0.90508, 0.92317, 0.58485, 0.19554, 1.2001, 1.3676, 0.57204, 0.01601, 2.4759, 0.41572, 0.00688, 2.3177, 1.8749, 0.04277, 1.3383, 1.0044, 1.0875, 0.56482, 0.38174, 2.5667, 1.2731, 0.55971, 0.0054484, 2.6055, 0.66377, 0.0097804, 2.6432, 2.0402, 0.056151, 1.0633, 0.96391, 0.55533, 0.34569, 0.1771, 2.5601, -0.15048, 0.43149, -0.0013974, 0.59308, 0.054223, -0.0051359, 0.25185, 2.0387, 0.038256, 1.6133, 1.045, 1.6198, 0.78395, 0.58638, 2.5732, 2.6968, 0.68793, 0.012294, 4.6179, 1.2733, 0.024697, 5.0346, 2.0416, 0.074046, 0.027953, 0.00060759, 0.1047, 0.017748, 0.015478, 1.5825e-05, 0.74909, 0.0060765, 1.7322e-05, 1.4968, 0.13733, 8.2237e-05, 2.1137, 7.6293e-07, 0.00011836, 0.56263, 0.90844, 0.36377, 0.27269, 0.10588, -0.49898, -1.4591, 0.27234, -0.0096588, -1.7025, -0.24895, -0.0072749, -0.8411, 0.88012, 0.031037, 2.114, 1.1005, 1.8113, 0.85696, 0.6576, 5.6323, 4.0054, 0.84707, 0.020556, 6.9134, 1.5765, 0.026836, 6.1276, 3.2002, 0.081264, 0.22239, 0.0034068, 0.19362, 0.031544, 0.028126, 3.4737, 2.7592, 0.030523, 8.4356e-05, 6.8594, 0.30791, 0.00010751, 4.4873, 0.4974, 0.0002331
148, 2, 0.09264, 0.05925, 0.34991, 2, 0.67782, 0.3795, 0.97384, 1.447, 0.37479, 0.61597, 1.6727, 0.18878, 0.71181, 0, 8.8944, 1.4525, 0.00284, 5.1829, 1.9931, 0.09282, 1.1109, 1.0291, 1.4858, 0.64993, 0.5639, 2.1921, 0.94746, 0.65958, 0.0052042, 1.7917, 1.0203, 0.0047081, 3.1035, 1.4508, 0.06391, 0.87524, 0.99492, 1.0791, 0.44164, 0.39503, 2.1855, -0.25773, 0.5511, -0.00046838, -0.060415, 0.41051, -0.0036626, 1.2451, 1.4493, 0.048653, 1.3465, 1.0633, 1.8925, 0.85822, 0.73278, 2.1986, 2.1526, 0.76806, 0.010877, 3.6439, 1.6302, 0.013079, 4.9619, 1.4522, 0.079168, 0.020522, 0.0004322, 0.061133, 0.016036, 0.010541, 1.5825e-05, 0.53685, 0.0043496, 1.1893e-05, 1.2679, 0.13746, 2.5899e-05, 1.2766, 7.6293e-07, 8.6045e-05, 0.34826, 0.93561, 0.8486, 0.36584, 0.31343, -0.87359, -1.6776, 0.38046, -0.0094089, -2.4437, 0.10743, -0.0070586, -0.039059, 0.29073, 0.040603, 1.8735, 1.1226, 2.1229, 0.93403, 0.81438, 5.2577, 3.5725, 0.93871, 0.019817, 6.0272, 1.9333, 0.016475, 6.246, 2.6108, 0.087218, 0.21496, 0.0032314, 0.15006, 0.029832, 0.023189, 3.4737, 2.547, 0.028796, 7.8927e-05, 6.6305, 0.30804, 5.1175e-05, 3.6502, 0.4974, 0.00020079
149, 8, 0.34793, 0.07308, 0.09056, 0.66146, 0.20229, 0.56553, 0.92462, 1.7693, 0.15235, 0.75344, 1.505, 0.2519, 0.91029, 0.0322, 6.417, 0.18183, 0.00236, 2.0135, 0.77326, 0.06822, 1.1562, 1.0103, 1.3401, 0.39074, 0.60091, 1.7971, 1.5955, 0.80654, 0.010803, 6.431, 0.39087, 0.01352, 5.0095, 0.98825, 0.068123, 0.86891, 0.97498, 0.77365, 0.20263, 0.3683, 1.7906, 0.18333, 0.70623, 0.0047892, 4.5125, -0.21482, -0.0021959, 2.4875, 0.98681, 0.050933, 1.4435, 1.0455, 1.9066, 0.57885, 0.83353, 1.8037, 3.0078, 0.90686, 0.016816, 8.3495, 0.99656, 0.029235, 7.5315, 0.98969, 0.085314, 0.03051, 0.00046011, 0.11861, 0.013079, 0.019999, 1.5825e-05, 0.73713, 0.0037195, 1.3366e-05, 1.3605, 0.1356, 9.1287e-05, 2.3509, 7.6293e-07, 0.00010922, 0.37609, 0.91636, 0.5908, 0.12109, 0.30372, -1.2685, -1.1308, 0.53049, -0.003946, 2.1661, -0.51927, -0.0042389, 1.4343, -0.17181, 0.043507, 1.9363, 1.1042, 2.0894, 0.66039, 0.89811, 4.8628, 4.3219, 1.0826, 0.025551, 10.696, 1.301, 0.031278, 8.5847, 2.1483, 0.092739, 0.22494, 0.0032593, 0.20753, 0.026875, 0.032647, 3.4737, 2.7473, 0.028166, 8.04e-05, 6.723, 0.30617, 0.00011656, 4.7245, 0.4974, 0.00022397
150, 2, 0.09264, 0.0219, 0.34991, 1.8182, 0.97622, 0.41015, 1.0878, 1.5688, 0.10212, 0.38975, 5.2443, 1.1517, 0.58688, 0.00191, 0.57458, 1.6995, 0.04551, 1.4148, 1.8326, 0.09028, 0.93686, 1.0227, 1.0158, 0.66013, 0.474, 3.0005, 1.6047, 0.60394, 0.0062126, 2.1023, 0.73068, 0.017221, 3.7235, 1.7135, 0.065196, 0.65865, 0.98604, 0.47482, 0.44231, 0.29228, 2.9939, 0.18419, 0.4944, 6.1589e-05, 0.26693, 0.09422, 0.0015103, 1.2023, 1.712, 0.050163, 1.2151, 1.0594, 1.5567, 0.87795, 0.65573, 3.007, 3.0252, 0.71348, 0.012364, 3.9377, 1.3671, 0.032932, 6.2446, 1.7149, 0.080228, 0.028609, 0.00049688, 0.10815, 0.017536, 0.012207, 1.5825e-05, 0.74582, 0.0044348, 1.3984e-05, 1.2451, 0.14972, 9.1232e-05, 2.3493, 7.6293e-07, 8.3523e-05, 0.16004, 0.92827, 0.28555, 0.36898, 0.21469, -0.065194, -1.1259, 0.32441, -0.0085927, -2.1258, -0.20023, -0.0005332, 0.14882, 0.55342, 0.042035, 1.7137, 1.1171, 1.746, 0.95128, 0.73332, 6.0661, 4.3353, 0.88348, 0.021018, 6.3305, 1.6616, 0.034976, 7.2981, 2.8735, 0.088356, 0.22304, 0.0032961, 0.19708, 0.031332, 0.024854, 3.4737, 2.7559, 0.028881, 8.1018e-05, 6.6077, 0.3203, 0.00011651, 4.7229, 0.4974, 0.00019827
151, 3.9167, 0.13352, 0.06831, 0.19994, 1.9844, 0.39616, 0.81865, 1.0942, 0.83088, 0.43027, 0.41067, 1.5147, 0.67025, 0.38759, 6e-05, 4.5568, 0.26652, 0.00455, 1.2076, 2.3676, 0.08879, 1.1518, 1.0276, 1.2167, 0.55404, 0.51714, 1.7417, 1.0192, 0.66336, 0.009071, 2.5866, 0.83403, 0.011288, 4.5592, 1.1782, 0.052389, 0.91213, 0.99273, 0.66302, 0.42539, 0.32049, 1.7352, -0.27821, 0.56532, 0.0032341, 0.89743, 0.22878, -0.0034551, 2.172, 1.1767, 0.036239, 1.3914, 1.0624, 1.7704, 0.68269, 0.71378, 1.7483, 2.3165, 0.7614, 0.014908, 4.2757, 1.4393, 0.026031, 6.9464, 1.1796, 0.068539, 0.021228, 0.00044823, 0.11331, 0.0061177, 0.014293, 1.5825e-05, 0.62212, 0.0035525, 1.2592e-05, 1.0546, 0.1354, 8.0338e-05, 2.1063, 7.6292e-07, 9.6401e-05, 0.38792, 0.93382, 0.47701, 0.32193, 0.24716, -1.3239, -1.6495, 0.38813, -0.0056066, -1.5802, -0.075821, -0.005616, 1.0778, 0.018124, 0.028488, 1.9156, 1.1213, 1.9564, 0.78616, 0.78712, 4.8074, 3.6878, 0.93859, 0.023749, 6.7533, 1.7439, 0.028192, 8.0407, 2.3382, 0.07629, 0.21566, 0.0032474, 0.20224, 0.019914, 0.026941, 3.4737, 2.6322, 0.027999, 7.9626e-05, 6.4171, 0.30598, 0.00010561, 4.4799, 0.4974, 0.00021114
152, 2, 0.24182, 0.10498, 0.73674, 0.57292, 0.43928, 1.5253, 0.95429, 1.9126, 0.3431, 0.13513, 1.3854, 4.2915, 0.76975, 0.01706, 5.0432, 1.9812, 0.00925, 1.81, 0.35819, 0.04515, 1.4459, 0.96514, 1.552, 0.43873, 0.2533, 1.2445, 1.5628, 0.48113, 0.0059357, 2.9472, 0.80031, 0.0017987, 1.3441, 1.4859, 0.058989, 1.1845, 0.92365, 0.98582, 0.2319, 0.026043, 1.2379, 0.13643, 0.36017, -0.0011112, 0.96986, 0.18312, -0.013557, -1.0773, 1.4844, 0.041421, 1.7074, 1.0066, 2.1181, 0.64556, 0.48055, 1.251, 2.9892, 0.60209, 0.012983, 4.9246, 1.4175, 0.017155, 3.7655, 1.4873, 0.076558, 0.025272, 0.00063618, 0.11847, 0.015812, 0.019089, 1.5825e-05, 0.75203, 0.0054078, 1.8354e-05, 1.4452, 0.1408, 8.7155e-05, 2.1671, 7.6293e-07, 0.00011408, 0.67495, 0.86873, 0.80289, 0.1557, -0.039728, -1.8212, -1.1709, 0.19692, -0.0092637, -1.3445, -0.11753, -0.015642, -2.1609, 0.32583, 0.034108, 2.2169, 1.0615, 2.301, 0.72176, 0.54633, 4.3101, 4.2965, 0.76533, 0.021135, 7.2389, 1.7182, 0.01924, 4.8491, 2.6459, 0.083871, 0.21971, 0.0034354, 0.20739, 0.029608, 0.031737, 3.4737, 2.7622, 0.029854, 8.5388e-05, 6.8077, 0.31137, 0.00011243, 4.5407, 0.4974, 0.00022883
153, 4, 0.23335, 0.05971, 0.73864, 0.95, 0.41217, 1.6449, 0.95325, 1.5069, 0.32566, 0.31955, 0.06911, 2.0257, 0.63946, 0.00364, 2.5114, 0.56838, 0.0121, 2.3161, 2.1292, 0.0762, 1.7027, 0.98183, 1.6466, 0.42966, 0.30641, 1.3798, 1.3339, 0.47767, 0.0085435, 3.3196, 0.89415, 0.0039011, 1.1103, 1.8575, 0.067952, 1.4477, 0.94054, 1.0984, 0.22823, 0.083134, 1.3732, -0.025296, 0.35771, 0.0015376, 1.3552, 0.3011, -0.010288, -1.181, 1.8561, 0.050565, 1.9578, 1.0231, 2.1948, 0.63108, 0.52968, 1.3863, 2.6931, 0.59763, 0.01555, 5.284, 1.4872, 0.01809, 3.4017, 1.859, 0.085339, 0.024042, 0.00063002, 0.11108, 0.014996, 0.018425, 1.5825e-05, 0.68281, 0.0053191, 1.8142e-05, 1.4263, 0.12999, 7.4412e-05, 1.9406, 7.6293e-07, 0.00011174, 0.93391, 0.88551, 0.91097, 0.15056, 0.016458, -1.6859, -1.3653, 0.19389, -0.0066369, -0.96612, -0.0076347, -0.012522, -2.3061, 0.69748, 0.043198, 2.4716, 1.0781, 2.3822, 0.70876, 0.59635, 4.4454, 4.0331, 0.76145, 0.023724, 7.6053, 1.7959, 0.020324, 4.5268, 3.0176, 0.092706, 0.21848, 0.0034292, 0.20001, 0.028792, 0.031073, 3.4737, 2.6929, 0.029765, 8.5176e-05, 6.7888, 0.30057, 9.9689e-05, 4.3142, 0.4974, 0.00022648
154, 4, 0.20693, 0.04168, 0.03201, 1.8518, 0.4529, 1.1179, 0.96222, 1.2709, 0.47373, 0.6558, 1.6524, 0.78437, 0.76832, 0.00023, 9.7332, 0.12321, 0.00033, 5.2329, 0.44807, 0.03862, 1.0634, 1.0322, 1.0498, 0.37083, 0.47843, 1.8539, 1.4279, 0.85099, 0.0039343, 5.3637, 0.6121, 0.004882, 4.8466, 0.81709, 0.062206, 0.83353, 0.99537, 0.70312, 0.24084, 0.34981, 1.8474, 0.32208, 0.75313, -0.0022161, 3.7362, 0.18201, -0.0019095, 3.1702, 0.81565, 0.050358, 1.2933, 1.069, 1.3964, 0.50082, 0.60705, 1.8605, 2.5338, 0.94886, 0.010085, 6.9911, 1.0422, 0.011674, 6.5229, 0.81852, 0.074054, 0.01953, 0.00050138, 0.044412, 0.0062456, 0.0061144, 1.5825e-05, 0.452, 0.0035401, 1.3982e-05, 0.97895, 0.068367, 1.7048e-05, 1.0387, 7.6292e-07, 5.1884e-05, 0.30255, 0.9377, 0.44914, 0.13797, 0.25313, -1.2117, -1.153, 0.57582, -0.010871, 1.2215, -0.19194, -0.005819, 1.8081, -0.34297, 0.040974, 1.8242, 1.1267, 1.6504, 0.60369, 0.70374, 4.9196, 4.0089, 1.1262, 0.018739, 9.5058, 1.4161, 0.015583, 7.885, 1.9771, 0.083439, 0.21397, 0.0033006, 0.13334, 0.020042, 0.018762, 3.4737, 2.4621, 0.027986, 8.1016e-05, 6.3415, 0.23895, 4.2325e-05, 3.4123, 0.4974, 0.00016663
155, 4.7, 0.26135, 0.13402, 0.42785, 1.3333, 0.30527, 1.8152, 1.0107, 1.8913, 0.61122, 0.74595, 1.7567, 0.19426, 0.93875, 0.00023, 6.6471, 1.5952, 0.0087, 2.7057, 0.59524, 0.06034, 1.284, 0.9941, 1.3573, 0.49331, 0.51247, 1.6471, 1.7003, 0.72744, 0.0050258, 4.8614, 0.81912, 0.0054874, 3.1905, 1.329, 0.052559, 1.0596, 0.95103, 0.79651, 0.36369, 0.29507, 1.6406, 0.2884, 0.6202, -0.0023443, 3.0578, 0.32664, -0.0067981, 1.1384, 1.3276, 0.036436, 1.5083, 1.0372, 1.918, 0.62293, 0.72988, 1.6537, 3.1121, 0.83467, 0.012396, 6.665, 1.3116, 0.017773, 5.2426, 1.3305, 0.068682, 0.018603, 0.0006858, 0.11622, 0.0062097, 0.017469, 1.5825e-05, 0.73676, 0.0042501, 2.0077e-05, 1.2023, 0.089644, 5.5786e-05, 1.5565, 7.6293e-07, 9.608e-05, 0.52478, 0.897, 0.61226, 0.26066, 0.22702, -1.4185, -1.0259, 0.4488, -0.010326, 0.64695, -0.019957, -0.0093221, -0.070301, 0.16896, 0.028676, 2.0432, 1.0912, 2.1023, 0.72596, 0.79793, 4.7128, 4.4264, 1.0061, 0.020378, 9.0759, 1.6582, 0.020297, 6.4513, 2.4891, 0.076442, 0.21304, 0.003485, 0.20514, 0.020006, 0.030117, 3.4737, 2.7469, 0.028696, 8.711e-05, 6.5649, 0.26022, 8.1063e-05, 3.9301, 0.4974, 0.00021082
