Run #, RV_column1, RV_column2, RV_column3, RV_column4, RV_column5, RV_column6, gamma, kappa, eta1, sig, lam, mup, sigp, rsmax, alpha, alpha1, alpha2, betam1, n, kappa_k, res_min, gamma.median, kappa.median, eta1.median, sig.median, lam.median, mup.median, sigp.median, rsmax.median, alpha.median, alpha1.median, alpha2.median, betam1.median, n.median, kappa_k.median, res_min.median, gamma.q5, kappa.q5, eta1.q5, sig.q5, lam.q5, mup.q5, sigp.q5, rsmax.q5, alpha.q5, alpha1.q5, alpha2.q5, betam1.q5, n.q5, kappa_k.q5, res_min.q5, gamma.q95, kappa.q95, eta1.q95, sig.q95, lam.q95, mup.q95, sigp.q95, rsmax.q95, alpha.q95, alpha1.q95, alpha2.q95, betam1.q95, n.q95, kappa_k.q95, res_min.q95, gamma.var, kappa.var, eta1.var, sig.var, lam.var, mup.var, sigp.var, rsmax.var, alpha.var, alpha1.var, alpha2.var, betam1.var, n.var, kappa_k.var, res_min.var, gamma.q5_w_mnoise, kappa.q5_w_mnoise, eta1.q5_w_mnoise, sig.q5_w_mnoise, lam.q5_w_mnoise, mup.q5_w_mnoise, sigp.q5_w_mnoise, rsmax.q5_w_mnoise, alpha.q5_w_mnoise, alpha1.q5_w_mnoise, alpha2.q5_w_mnoise, betam1.q5_w_mnoise, n.q5_w_mnoise, kappa_k.q5_w_mnoise, res_min.q5_w_mnoise, gamma.q95_w_mnoise, kappa.q95_w_mnoise, eta1.q95_w_mnoise, sig.q95_w_mnoise, lam.q95_w_mnoise, mup.q95_w_mnoise, sigp.q95_w_mnoise, rsmax.q95_w_mnoise, alpha.q95_w_mnoise, alpha1.q95_w_mnoise, alpha2.q95_w_mnoise, betam1.q95_w_mnoise, n.q95_w_mnoise, kappa_k.q95_w_mnoise, res_min.q95_w_mnoise, gamma.var_w_mnoise, kappa.var_w_mnoise, eta1.var_w_mnoise, sig.var_w_mnoise, lam.var_w_mnoise, mup.var_w_mnoise, sigp.var_w_mnoise, rsmax.var_w_mnoise, alpha.var_w_mnoise, alpha1.var_w_mnoise, alpha2.var_w_mnoise, betam1.var_w_mnoise, n.var_w_mnoise, kappa_k.var_w_mnoise, res_min.var_w_mnoise
1, 4.7, 0.39202, 0.08935, 0.4617, 2.6667, 0.50219, 0.91433, 1.0239, 1.9297, 0.57232, 0.74553, 1.7294, 0.12379, 0.83408, 4e-05, 4.6123, 1.9519, 0.01053, 1.7727, 0.86094, 0.06771, 1.5945, 1.0219, 1.3745, 0.49249, 0.41614, 1.0761, 1.079, 0.75235, 0.0051876, 6.6833, 0.6419, 0.004459, 2.7496, 1.4123, 0.059891, 1.4364, 0.98481, 1.2167, 0.33136, 0.23366, -0.16844, -0.29595, 0.61172, -0.003474, 5.1182, 0.17003, 0.0018875, 1.2973, 0.97288, 0.050123, 1.7526, 1.059, 1.5323, 0.65362, 0.59863, 2.3207, 2.4539, 0.89297, 0.013849, 8.2484, 1.1138, 0.0070304, 4.2019, 1.8517, 0.069659, 0.0092411, 0.00050823, 0.0092053, 0.0095961, 0.012308, 0.57251, 0.69871, 0.0073094, 2.773e-05, 0.90538, 0.082299, 2.444e-06, 0.77956, 0.07137, 3.5264e-05, 1.0796, 0.93073, 0.79029, 0.19206, 0.11609, -1.5518, -1.5085, 0.46141, -0.0083519, 2.9982, -0.40982, -0.00021803, -0.50578, 0.3521, 0.037863, 2.1094, 1.1131, 1.9587, 0.79293, 0.7162, 3.704, 3.6665, 1.0433, 0.018727, 10.368, 1.6936, 0.009136, 6.005, 2.4725, 0.081919, 0.098005, 0.0030717, 0.12614, 0.033361, 0.033278, 2.5525, 2.4746, 0.031286, 6.7757e-05, 5.0192, 0.40884, 8.085e-06, 3.9169, 0.41546, 0.00017934
2, 2, 0.09264, 0.04073, 0.34991, 2, 0.79893, 0.56615, 1.098, 1.1462, 0.2966, 0.42366, 0.74537, 2.0915, 0.90745, 0.01102, 3.9385, 1.9587, 0.02522, 1.3313, 1.0788, 0.06602, 0.60596, 1.024, 1.2239, 0.46104, 0.51402, 2.4243, 1.0009, 0.6223, 0.0058972, 3.5841, 1.1783, 0.020738, 3.3756, 1.5903, 0.071123, 0.44938, 0.98884, 1.0407, 0.34844, 0.37518, 1.4447, -0.56214, 0.52, -0.0030489, 2.4647, 0.84465, 0.01605, 2.0851, 1.2658, 0.061273, 0.76254, 1.0591, 1.407, 0.57364, 0.65286, 3.4038, 2.564, 0.7246, 0.014843, 4.7035, 1.5119, 0.025427, 4.666, 1.9148, 0.080972, 0.0090617, 0.00045651, 0.012397, 0.0046863, 0.0071249, 0.35466, 0.90302, 0.003868, 2.9581e-05, 0.46318, 0.041141, 8.1248e-06, 0.61551, 0.038922, 3.5858e-05, 0.30843, 0.93359, 0.46943, 0.18342, 0.23832, -3.2856, -1.7734, 0.42141, -0.0087628, 1.3619, 0.66629, 0.015749, 0.29471, 0.89477, 0.049058, 0.9035, 1.1144, 1.9783, 0.73866, 0.78972, 8.1342, 3.7752, 0.82319, 0.020557, 5.8063, 1.6903, 0.025728, 6.4564, 2.2858, 0.093187, 0.032721, 0.00302, 0.21038, 0.028486, 0.028094, 12.05, 2.8448, 0.014916, 7.9435e-05, 1.8251, 0.096886, 9.2002e-06, 3.5083, 0.17881, 0.00017994
3, 2, 0.09264, 0.05925, 0.34991, 2, 0.67782, 0.3795, 0.97384, 1.447, 0.37479, 0.61597, 1.6727, 0.18878, 0.71181, 0, 8.8944, 1.4525, 0.00284, 5.1829, 1.9931, 0.09282, 0.67807, 1.0454, 1.1712, 0.46503, 0.46569, 1.5564, 1.363, 0.69462, 0.0066359, 1.9961, 1.5041, 0.011914, 2.9924, 1.3949, 0.056793, 0.52971, 1.0118, 1.0086, 0.35394, 0.32401, 0.41154, -0.30425, 0.60101, -0.0023206, 0.94093, 1.2178, 0.0059839, 1.7153, 1.1035, 0.046944, 0.82644, 1.0791, 1.3338, 0.57611, 0.60738, 2.7012, 3.0302, 0.78824, 0.015592, 3.0512, 1.7904, 0.017845, 4.2696, 1.6863, 0.066641, 0.0081359, 0.00041853, 0.0097691, 0.004561, 0.00742, 0.48443, 1.0274, 0.0032392, 2.9649e-05, 0.4115, 0.03029, 1.2999e-05, 0.6029, 0.031385, 3.585e-05, 0.38577, 0.95559, 0.42115, 0.18855, 0.18855, -4.2765, -1.4722, 0.43853, -0.0080302, -0.18681, 0.81864, 0.0057484, -0.083427, 0.52548, 0.034729, 0.97037, 1.1352, 1.9212, 0.7415, 0.74284, 7.3893, 4.1982, 0.95071, 0.021302, 4.179, 2.1895, 0.01808, 6.0683, 2.2643, 0.078856, 0.031579, 0.002982, 0.20792, 0.028253, 0.02839, 12.575, 2.971, 0.02424, 7.9501e-05, 1.7612, 0.17366, 1.4052e-05, 3.4969, 0.27939, 0.00017993
4, 4.6981, 0.13859, 0.04387, 0, 0.84667, 0.19799, 0.88921, 0.9291, 1.1908, 0.25829, 0.22153, 0.77163, 1.44, 0.9526, 0.0001, 3.549, 0.21347, 0.00111, 4.5144, 0.42595, 0.04593, 1.0678, 1.0191, 0.98185, 0.40138, 0.44218, 0.86624, 0.78872, 0.8234, 0.0056787, 7.8464, 0.84501, 0.008767, 4.6814, 0.42696, 0.052951, 0.87801, 0.97938, 0.8637, 0.2831, 0.2872, 0.28087, -0.14657, 0.70781, -0.0025526, 6.5561, 0.47665, -0.00088519, 3.4825, 0.18662, 0.041993, 1.2576, 1.0589, 1.1, 0.51967, 0.59716, 1.4516, 1.724, 0.939, 0.01391, 9.1367, 1.2134, 0.018419, 5.8802, 0.66729, 0.06391, 0.013311, 0.00058442, 0.005159, 0.0051714, 0.0088775, 0.12665, 0.32332, 0.0049386, 2.5043e-05, 0.61534, 0.050152, 3.4435e-05, 0.53125, 0.02135, 4.4384e-05, 0.44421, 0.92686, 0.67414, 0.10663, 0.15801, -0.11912, -0.41129, 0.55207, -0.013213, 5.56, 0.10773, -0.00708, 2.5947, -0.10705, 0.030371, 1.6914, 1.1114, 1.2896, 0.69613, 0.72635, 1.8516, 1.9887, 1.0947, 0.024571, 10.133, 1.5823, 0.024614, 6.7681, 0.96096, 0.075532, 0.14372, 0.0031479, 0.034996, 0.032111, 0.029847, 0.35887, 0.53224, 0.027212, 0.00013192, 1.9323, 0.20091, 9.2819e-05, 1.6094, 0.1054, 0.00018846
5, 3, 0.21736, 0.06894, 0.10552, 1.5151, 0.47661, 0.74171, 0.94301, 1.3895, 0.55727, 0.71059, 0.38427, 0.76941, 0.96923, 0.00379, 0.66814, 1.0175, 0.00081, 5.0321, 0.81487, 0.04569, 0.68593, 0.99073, 1.2907, 0.42923, 0.478, 1.8869, 1.5552, 0.71087, 0.0098977, 5.2611, 0.71861, 0.0063969, 5.3853, 0.66578, 0.044916, 0.56815, 0.95927, 1.1648, 0.36414, 0.38871, 1.348, 0.33914, 0.63575, 0.0026558, 4.2409, 0.41119, 0.0018036, 4.5529, 0.49526, 0.039336, 0.80372, 1.0222, 1.4166, 0.49432, 0.5673, 2.4258, 2.7712, 0.78598, 0.01714, 6.2813, 1.026, 0.01099, 6.2178, 0.8363, 0.050495, 0.0051276, 0.00036573, 0.0058582, 0.001566, 0.0029472, 0.10733, 0.54657, 0.0020856, 1.9385e-05, 0.38468, 0.034932, 7.7981e-06, 0.25613, 0.010747, 1.1508e-05, -0.0065279, 0.90171, 0.18942, 0.18271, 0.22363, -1.9851, -1.1989, 0.29942, -0.0027513, -2.2825, -0.44757, -0.00084322, 1.6423, -0.80485, 0.024398, 1.3784, 1.0798, 2.3919, 0.67575, 0.73238, 5.7589, 4.3093, 1.1223, 0.022547, 12.805, 1.8848, 0.013637, 9.1284, 2.1364, 0.065433, 0.17723, 0.0029292, 0.44825, 0.022462, 0.023917, 5.5415, 2.8035, 0.06257, 5.9137e-05, 21.033, 0.50267, 1.9375e-05, 5.1784, 0.79938, 0.00015559
6, 4.7, 0.39202, 0.08776, 0.4617, 1.9192, 0.50804, 1.5421, 1.0088, 1.2675, 0.45474, 0.55807, 1.3595, 0.79097, 0.64892, 0.00092, 6.793, 0.19369, 0.0047, 3.7576, 0.65062, 0.07239, 1.5579, 1.0254, 1.4237, 0.55161, 0.5988, 0.92372, 0.81845, 0.80822, 0.0034068, 6.2751, 0.66554, 0.0070895, 2.2529, 1.2282, 0.057944, 1.4015, 0.98897, 1.2708, 0.43142, 0.46685, 0.014214, -0.44666, 0.70153, -0.0037097, 4.774, 0.2637, 0.003825, 1.1142, 0.92728, 0.048746, 1.7144, 1.0618, 1.5765, 0.6718, 0.73075, 1.8332, 2.0836, 0.91491, 0.010523, 7.7761, 1.0674, 0.010354, 3.3917, 1.5291, 0.067143, 0.0090469, 0.00049056, 0.0086388, 0.0053393, 0.0064355, 0.30574, 0.59157, 0.0042071, 1.8719e-05, 0.83275, 0.059682, 3.939e-06, 0.47928, 0.033466, 3.1274e-05, 1.2253, 0.9345, 0.84148, 0.27099, 0.3265, -4.102, -2.4117, 0.5313, -0.00918, 2.6156, -0.35362, 0.0032792, -0.88288, -0.24354, 0.036163, 1.8906, 1.1163, 2.0059, 0.83224, 0.8711, 5.9494, 4.0486, 1.0851, 0.015994, 9.9345, 1.6847, 0.0109, 5.3887, 2.6999, 0.079726, 0.040904, 0.0030541, 0.12528, 0.029107, 0.027405, 9.3356, 3.8564, 0.028344, 5.8557e-05, 4.9497, 0.38391, 5.3664e-06, 3.6345, 0.80056, 0.00017535
7, 1.9912, 0.72035, 0.17202, 0.33339, 0.52493, 0.68114, 1.9058, 0.94259, 1.7271, 0.44618, 0.64172, 0.62552, 0.28503, 0.92724, 9e-05, 7.9959, 1.242, 0.00031, 8.6038, 0.48195, 0.03036, 1.1144, 0.98241, 1.4241, 0.36682, 0.43551, 3.3152, 1.3256, 0.68519, 0.0064042, 5.6115, 0.71938, 0.0092495, 4.3151, 0.77764, 0.050437, 0.74429, 0.93331, 1.2003, 0.20371, 0.18046, 1.1095, -0.44595, 0.52556, -0.0025931, 2.9325, 0.23864, -0.0040707, 2.4087, 0.02798, 0.030602, 1.4845, 1.0315, 1.6479, 0.52992, 0.69057, 5.5209, 3.0972, 0.84482, 0.015402, 8.2905, 1.2001, 0.02257, 6.2215, 1.5273, 0.070272, 0.05063, 0.00089107, 0.018505, 0.0098333, 0.024044, 1.7982, 1.16, 0.0094184, 2.9921e-05, 2.6527, 0.08542, 6.5579e-05, 1.3433, 0.20772, 0.00014541, 0.46449, 0.88573, 0.77633, 0.065053, 0.086534, 0.44461, -1.1739, 0.39788, -0.0082411, 1.351, -0.10171, -0.0060808, 1.0629, -0.33286, 0.022451, 1.7643, 1.0791, 2.0719, 0.66858, 0.78449, 6.1858, 3.8251, 0.97249, 0.02105, 9.8721, 1.5405, 0.02458, 7.5674, 1.8881, 0.078423, 0.15612, 0.0034546, 0.15509, 0.033657, 0.045014, 3.0457, 2.3091, 0.030509, 7.9276e-05, 6.7093, 0.24918, 8.6866e-05, 3.9094, 0.45581, 0.00028949
8, 6.58, 0.15255, 0.07854, 0.20938, 1.1111, 0.17345, 1.1198, 0.94393, 1.8835, 0.37668, 0.55987, 0.40348, 0.93577, 0.84934, 0.00136, 1.2018, 1.6682, 0.00085, 3.4862, 1.9556, 0.05496, 1.0653, 1.0356, 1.0915, 0.58525, 0.49391, 1.9659, 1.0002, 0.67253, 0.0054028, 3.2849, 0.74231, 0.0075682, 6.1821, 1.3416, 0.061947, 0.90541, 0.99573, 0.97018, 0.48312, 0.34187, 1.4267, -0.62363, 0.57231, -0.0033027, 1.4612, 0.37147, -0.0024638, 4.9091, 1.1354, 0.049977, 1.2252, 1.0754, 1.2128, 0.68739, 0.64594, 2.505, 2.624, 0.77276, 0.014108, 5.1086, 1.1131, 0.0176, 7.455, 1.5478, 0.073918, 0.0094522, 0.00058621, 0.0054383, 0.0038554, 0.0085432, 0.10744, 0.97457, 0.0037129, 2.8011e-05, 1.2293, 0.05083, 3.7198e-05, 0.59893, 0.015716, 5.2966e-05, 0.2237, 0.94325, 0.49316, 0.31158, 0.21133, 1.1974, -0.82487, 0.39608, -0.0090669, 0.61754, 0.013001, -0.011113, 3.2803, 0.80232, 0.038858, 1.907, 1.1279, 1.6898, 0.85893, 0.77648, 2.7344, 2.8252, 0.94899, 0.019872, 5.9522, 1.4716, 0.02625, 9.0838, 1.8809, 0.085037, 0.26181, 0.0031497, 0.13232, 0.027683, 0.029513, 0.21828, 1.2311, 0.028249, 7.7386e-05, 2.6297, 0.19659, 0.00012899, 3.1123, 0.10749, 0.00019705
9, 6.5574, 0.1049, 0.07474, 0.41345, 0.88496, 0.25882, 0.99733, 1.0786, 0.67899, 0.7679, 0.59358, 1.6858, 0.26835, 0.50696, 0.00351, 1.9904, 0.30603, 0.03217, 2.6683, 1.047, 0.06267, 1.0496, 1.0017, 1.1422, 0.6895, 0.46752, 1.3771, 0.79839, 0.67559, 0.0042709, 5.5796, 0.77044, 0.01987, 3.101, 2.2951, 0.063509, 0.88445, 0.96393, 1.0269, 0.59433, 0.35797, 1.0183, -0.51911, 0.58435, -0.0038959, 4.5761, 0.49087, 0.013366, 2.0599, 2.1129, 0.055785, 1.2148, 1.0395, 1.2575, 0.78467, 0.57707, 1.7358, 2.1159, 0.76682, 0.012438, 6.5831, 1.05, 0.026373, 4.1421, 2.4774, 0.071234, 0.010085, 0.00052781, 0.0049125, 0.0033476, 0.0044359, 0.047572, 0.64158, 0.0030765, 2.4651e-05, 0.37221, 0.028888, 1.5633e-05, 0.40063, 0.012274, 2.2053e-05, 0.42289, 0.91027, 0.54625, 0.41832, 0.20535, 0.67604, -0.65979, 0.40296, -0.009882, 3.3621, 0.11679, 0.0053248, 0.30082, 1.8571, 0.042308, 1.6764, 1.0932, 1.7382, 0.96068, 0.7297, 2.0781, 2.2566, 0.94822, 0.018424, 7.7971, 1.4241, 0.034415, 5.9012, 2.7331, 0.08471, 0.14518, 0.0030913, 0.13128, 0.027181, 0.025406, 0.18165, 0.78591, 0.027472, 7.4034e-05, 1.8175, 0.15792, 7.8195e-05, 2.8981, 0.070903, 0.00016613
10, 6.5574, 0.11304, 0.03442, 0.26407, 1.9174, 0.37956, 0.89938, 1.0362, 0.50956, 0.56951, 0.32897, 0.59889, 1.5455, 0.52756, 0.00022, 1.3233, 0.51222, 0.02833, 2.892, 2.4425, 0.0537, 1.1426, 1.0122, 1.1315, 0.51564, 0.31686, 1.5407, 1.2331, 0.62031, 0.0061911, 3.1499, 0.77965, 0.022224, 5.9305, 2.2974, 0.052826, 1.009, 0.96993, 1.0213, 0.40958, 0.16346, 0.54532, -0.52289, 0.52191, -0.0025049, 1.3305, 0.37829, 0.014446, 4.6781, 1.9933, 0.042174, 1.2763, 1.0544, 1.2416, 0.62169, 0.47025, 2.5361, 2.989, 0.71872, 0.014887, 4.9694, 1.181, 0.030002, 7.1829, 2.6016, 0.063477, 0.0066034, 0.00065893, 0.0044844, 0.0041572, 0.0086967, 0.3662, 1.1396, 0.0035792, 2.795e-05, 1.2236, 0.059541, 2.2361e-05, 0.57976, 0.03419, 4.1931e-05, 0.82636, 0.91878, 0.53635, 0.24045, 0.033549, -3.6873, -1.6392, 0.34547, -0.0082736, 0.46085, -0.39436, 0.014238, 3.0452, 0.50733, 0.030392, 1.4589, 1.1055, 1.7266, 0.79082, 0.60017, 6.7687, 4.1053, 0.89516, 0.020656, 5.839, 1.9537, 0.030209, 8.8158, 4.0876, 0.075259, 0.036975, 0.0032224, 0.13092, 0.02799, 0.029666, 10.102, 3.0492, 0.02792, 7.7332e-05, 2.6727, 0.50944, 2.3569e-05, 3.077, 1.1844, 0.00018601
11, 4.7, 0.41303, 0.17869, 0.4617, 1.3333, 0.31366, 1.5232, 1.0995, 1.5454, 0.51078, 0.57717, 1.1224, 0.74663, 0.87513, 0.00392, 8.8641, 0.85558, 0.00397, 2.8428, 0.97708, 0.07179, 1.4614, 1.0119, 1.3985, 0.522, 0.62916, 2.6338, 1.0304, 0.8163, 0.0044835, 6.4774, 0.72302, 0.0037645, 2.8985, 1.0157, 0.0637, 1.225, 0.97218, 1.2129, 0.39152, 0.47704, 1.6218, -0.43068, 0.69159, -0.0026621, 4.7022, 0.34994, -0.0044423, 1.3601, 0.63921, 0.051076, 1.6977, 1.0516, 1.5842, 0.65248, 0.78129, 3.6458, 2.4915, 0.94102, 0.011629, 8.2526, 1.0961, 0.011971, 4.4369, 1.3922, 0.076324, 0.020646, 0.00058222, 0.012739, 0.0062926, 0.008554, 0.37854, 0.78906, 0.0057492, 1.8872e-05, 1.1648, 0.051447, 2.4894e-05, 0.87478, 0.052395, 5.8902e-05, 0.50865, 0.91961, 0.79561, 0.23686, 0.34654, 0.41522, -1.6628, 0.55161, -0.0083276, 2.7106, 0.02324, -0.0093372, -0.34424, 0.28685, 0.040265, 2.4141, 1.1041, 2.0014, 0.80713, 0.91179, 4.8524, 3.7236, 1.081, 0.017295, 10.244, 1.4228, 0.016866, 6.1412, 1.7446, 0.087134, 0.33548, 0.0031457, 0.13436, 0.03005, 0.029524, 1.8193, 2.6809, 0.025896, 6.0662e-05, 5.2443, 0.181, 6.3445e-05, 3.8866, 0.19635, 0.00020298
12, 3.0049, 0.29103, 0.12422, 0, 1.3368, 0.34018, 0.13438, 0.93988, 1.0817, 0.31714, 0.3177, 1.1879, 0.76344, 0.69657, 0.00011, 5.1224, 0.31644, 0.00142, 2.3397, 1.0328, 0.02895, 0.77443, 1.0342, 1.5369, 0.28791, 0.45061, 1.7236, 1.2658, 0.77863, 0.0061263, 6.4271, 0.82088, 0.0051944, 3.9681, 0.33649, 0.044608, 0.57744, 0.98351, 1.389, 0.17016, 0.28817, 0.9795, -0.4877, 0.65761, -0.0028431, 4.3047, 0.42664, -0.0042996, 2.2907, 0.028156, 0.030197, 0.97141, 1.0849, 1.6849, 0.40566, 0.61305, 2.4676, 3.0193, 0.89965, 0.015096, 8.5495, 1.2151, 0.014688, 5.6456, 0.64482, 0.059019, 0.014341, 0.00095038, 0.0080905, 0.0051246, 0.0097531, 0.20463, 1.1365, 0.0054133, 2.9735e-05, 1.665, 0.057447, 3.3315e-05, 1.04, 0.035138, 7.6758e-05, -0.268, 0.93672, 0.54557, 0.009897, 0.1623, -0.28727, -1.761, 0.45247, -0.0080745, 0.69813, 0.06392, -0.0092156, 0.2467, -0.42555, 0.020164, 1.8168, 1.1317, 2.5282, 0.56592, 0.73892, 3.7344, 4.2926, 1.1048, 0.020327, 12.156, 1.5778, 0.019604, 7.6896, 1.0985, 0.069051, 0.40164, 0.0035139, 0.36323, 0.028568, 0.030723, 1.4945, 3.3861, 0.039319, 7.4537e-05, 12.131, 0.21178, 7.6749e-05, 5.1188, 0.21463, 0.00022084
13, 4, 0.16546, 0.09921, 0.38996, 1.5333, 0.36631, 1.047, 0.94381, 1.831, 0.35225, 0.02547, 1.6428, 0.42134, 0.36263, 0.00817, 1.195, 0.26831, 0.00114, 1.0004, 1.732, 0.04851, 1.2168, 0.98578, 1.154, 0.58054, 0.37261, 0.77649, 1.3214, 0.68534, 0.00602, 3.0335, 0.66662, 0.0034371, 4.5437, 1.5009, 0.047545, 1.066, 0.95201, 1.0422, 0.49441, 0.19638, 0.20573, -0.44679, 0.60282, -0.002951, 1.6269, 0.24639, -0.0079801, 3.416, 1.3096, 0.0381, 1.3677, 1.0196, 1.2658, 0.66666, 0.54885, 1.3472, 3.0896, 0.76787, 0.014991, 4.4402, 1.0868, 0.014854, 5.6714, 1.6921, 0.056989, 0.0084056, 0.00042153, 0.0046227, 0.0027416, 0.01148, 0.1204, 1.1556, 0.0025173, 2.9746e-05, 0.73136, 0.065268, 4.818e-05, 0.47003, 0.013521, 3.2968e-05, 0.55927, 0.89591, 0.65452, 0.31444, 0.076313, -2.8777, -1.2024, 0.40721, -0.0073583, 0.4508, -0.24374, -0.0091192, 1.7783, 0.42328, 0.025658, 1.8744, 1.0756, 1.6535, 0.84664, 0.66891, 4.4307, 3.8451, 0.96348, 0.019398, 5.6163, 1.577, 0.015993, 7.309, 2.5785, 0.069431, 0.15982, 0.002985, 0.09221, 0.026171, 0.03245, 4.9355, 2.3542, 0.028593, 6.6153e-05, 2.4655, 0.30631, 5.8273e-05, 2.8265, 0.4292, 0.00017705
14, 2.1818, 0.29133, 0.0918, 0.25974, 1.3333, 0.64866, 0.86012, 1.01, 1.4164, 0.57783, 0.32175, 1.3124, 0.80963, 0.79559, 0.00053, 4.1451, 1.2245, 0.00235, 3.7724, 0.61854, 0.05583, 0.80135, 1.0078, 1.4225, 0.49145, 0.32045, 4.335, 1.2355, 0.77325, 0.0061933, 2.976, 0.54596, 0.0079254, 4.4245, 0.83284, 0.044061, 0.68185, 0.96127, 1.2723, 0.40482, 0.1896, 3.7698, -0.4965, 0.68525, -0.0027462, 1.2633, 0.19656, -0.0014393, 3.3801, 0.64756, 0.036191, 0.92084, 1.0543, 1.5727, 0.57807, 0.45131, 4.9002, 2.9675, 0.86126, 0.015133, 4.6886, 0.89536, 0.01729, 5.4689, 1.0181, 0.05193, 0.0052777, 0.00079914, 0.0083377, 0.0027736, 0.0063291, 0.11806, 1.1088, 0.0028627, 2.9538e-05, 1.0841, 0.045122, 3.2414e-05, 0.40317, 0.012689, 2.2889e-05, -0.21844, 0.91238, 0.52674, 0.21601, 0.048686, 2.4877, -1.7779, 0.50653, -0.011371, -2.5229, -0.21169, -0.0063653, 1.239, -0.11377, 0.022807, 1.8211, 1.1031, 2.3183, 0.76688, 0.59222, 6.1823, 4.2489, 1.04, 0.023757, 8.4749, 1.3036, 0.022216, 7.6101, 1.7795, 0.065315, 0.38439, 0.0033626, 0.29658, 0.028041, 0.027299, 1.2613, 3.3564, 0.026295, 0.00011402, 11.176, 0.21217, 7.5484e-05, 3.7507, 0.3312, 0.00016697
15, 4.56, 0.08105, 0.04323, 0.2, 2.0833, 0.37977, 0.64628, 1.0768, 1.6017, 0.52521, 0.71765, 3.2224, 1.2615, 0.688, 0.00012, 2.2106, 0.23115, 0.04396, 6.1086, 2.4097, 0.04345, 1.059, 1.0368, 1.0434, 0.47565, 0.50861, 2.0275, 1.1525, 0.63393, 0.0045253, 2.7327, 0.66945, 0.033907, 4.2814, 1.6312, 0.060112, 0.91338, 0.99891, 0.92764, 0.36167, 0.31563, 1.0596, -0.43551, 0.52989, -0.0041041, 1.6942, 0.1969, 0.027393, 3.3236, 1.366, 0.051962, 1.2046, 1.0747, 1.1591, 0.58963, 0.70158, 2.9954, 2.7405, 0.73797, 0.013155, 3.7712, 1.142, 0.04042, 5.2393, 1.8964, 0.068261, 0.0078376, 0.00053026, 0.0049498, 0.004802, 0.013764, 0.34629, 0.9321, 0.0040009, 2.7524e-05, 0.39861, 0.082534, 1.5681e-05, 0.3391, 0.025999, 2.4549e-05, 0.78656, 0.94529, 0.76644, 0.11917, 0.20206, -3.6162, -1.6615, 0.38081, -0.019932, 0.59445, -0.54603, 0.027229, 2.692, -0.28396, 0.038752, 1.3314, 1.1283, 1.3203, 0.83213, 0.81516, 7.6712, 3.9665, 0.88705, 0.028982, 4.8709, 1.8849, 0.040585, 5.8709, 3.5463, 0.081471, 0.027432, 0.0030937, 0.028344, 0.046969, 0.034734, 11.773, 2.9268, 0.023681, 0.00022108, 1.6899, 0.54606, 1.6485e-05, 0.93375, 1.3556, 0.00016863
16, 2, 0.35329, 0.12544, 0.20759, 0.78652, 0.498, 0.26529, 1.0591, 1.8561, 0.25017, 0.10517, 2.8836, 2.3685, 0.71813, 0.00015, 3.775, 0.07673, 0.00094, 1.697, 1.6013, 0.03549, 0.89485, 1.0053, 1.4164, 0.40758, 0.29893, 1.3642, 1.2708, 0.76899, 0.0055279, 6.4701, 0.46513, 0.005798, 3.6358, 0.69461, 0.043119, 0.71943, 0.96803, 1.2626, 0.30673, 0.14402, 0.7407, -0.47007, 0.66984, -0.0033031, 4.9228, 0.10769, -0.0059741, 2.5046, 0.4358, 0.033642, 1.0703, 1.0425, 1.5703, 0.50843, 0.45385, 1.9877, 3.0117, 0.86813, 0.014359, 8.0173, 0.82256, 0.01757, 4.767, 0.95342, 0.052597, 0.011375, 0.00051226, 0.0087495, 0.0037593, 0.0088703, 0.14369, 1.1202, 0.0036332, 2.8825e-05, 0.88489, 0.047222, 5.1222e-05, 0.47297, 0.024758, 3.32e-05, 0.29544, 0.91403, 0.61567, 0.13409, 0.014796, 0.16883, -1.2412, 0.45727, -0.010653, 2.6617, -0.46593, -0.010551, 0.58469, -0.11808, 0.021219, 1.4943, 1.0965, 2.2172, 0.68107, 0.58307, 2.5596, 3.7829, 1.0807, 0.021708, 10.278, 1.3962, 0.022147, 6.6869, 1.5073, 0.06502, 0.1328, 0.0030758, 0.23699, 0.027646, 0.02984, 0.52816, 2.3324, 0.035913, 9.6768e-05, 5.3606, 0.3204, 9.8799e-05, 3.4409, 0.24412, 0.00017728
17, 3.9167, 0.12699, 0.06402, 0, 1.3229, 0.22169, 0.98261, 1.0157, 1.4987, 0.31919, 0.41162, 0.98462, 0.56256, 0.74492, 0.00767, 7.4124, 1.7882, 0.00233, 4.0706, 0.32542, 0.04698, 0.81421, 0.99879, 0.99135, 0.40785, 0.49033, 0.94291, 1.0322, 0.8439, 0.0056261, 6.1353, 0.85858, 0.0086435, 4.623, 0.49873, 0.044654, 0.63184, 0.9571, 0.88016, 0.30272, 0.31075, 0.39427, -0.67007, 0.73068, -0.0031243, 4.8095, 0.41423, -0.0036679, 3.5153, 0.25061, 0.033844, 0.99659, 1.0405, 1.1025, 0.51298, 0.66991, 1.4915, 2.7344, 0.95712, 0.014377, 7.4612, 1.3029, 0.020955, 5.7307, 0.74685, 0.055465, 0.012293, 0.00064233, 0.0045692, 0.0040851, 0.01192, 0.11125, 1.071, 0.0047377, 2.8301e-05, 0.64976, 0.072979, 5.6022e-05, 0.45351, 0.022755, 4.3194e-05, -0.24996, 0.90566, 0.48077, 0.12546, 0.19203, -0.76779, -0.93029, 0.56424, -0.0088626, 3.7907, 0.10453, -0.0081335, 2.1261, -0.093581, 0.022145, 1.8784, 1.0919, 1.5019, 0.69023, 0.78863, 2.6536, 2.9946, 1.1236, 0.020115, 8.4799, 1.6126, 0.02542, 7.1199, 1.091, 0.067164, 0.41857, 0.0032058, 0.096353, 0.029472, 0.03289, 1.0817, 1.4235, 0.028906, 7.759e-05, 2.0318, 0.21016, 0.00010403, 2.3043, 0.12967, 0.00018727
18, 3.5, 0.39435, 0.10278, 0.20989, 1.3757, 0.54613, 1.3573, 1.0758, 0.51689, 0.58708, 0.48509, 1.0719, 0.72147, 0.89135, 0.00032, 7.7913, 1.1948, 0.01131, 5.29, 0.40646, 0.05681, 1.1675, 1.0233, 1.415, 0.4392, 0.51433, 1.0664, 1.1933, 0.80973, 0.004998, 6.0812, 0.83646, 0.0081452, 4.6393, 0.56689, 0.042545, 1.0292, 0.98424, 1.2678, 0.3433, 0.30669, 0.48067, -0.5373, 0.72074, -0.0038029, 4.6821, 0.37755, -0.0038546, 3.7271, 0.37485, 0.034914, 1.3057, 1.0623, 1.5623, 0.5351, 0.72197, 1.6522, 2.924, 0.89872, 0.013799, 7.4804, 1.2954, 0.020145, 5.5516, 0.75892, 0.050177, 0.0070655, 0.00056331, 0.0080191, 0.0033991, 0.015935, 0.12682, 1.107, 0.0029269, 2.8628e-05, 0.72354, 0.077841, 5.3222e-05, 0.30758, 0.013631, 2.1529e-05, 0.2091, 0.9313, 0.64259, 0.16801, 0.19834, -1.1752, -1.7931, 0.48165, -0.0079513, 2.4646, -0.11505, -0.0070861, 1.4303, -0.61479, 0.021378, 2.1259, 1.1153, 2.1875, 0.71038, 0.83031, 3.3081, 4.1798, 1.1378, 0.017947, 9.6979, 1.788, 0.023376, 7.8484, 1.7486, 0.063713, 0.33949, 0.0031268, 0.22055, 0.027182, 0.036905, 1.8573, 3.2966, 0.039782, 6.1978e-05, 4.8345, 0.33464, 8.5747e-05, 3.8062, 0.51611, 0.00016561
19, 5.4951, 0.18313, 0.04428, 0.26576, 2.2281, 0.41515, 1.1184, 1.0798, 1.1035, 0.66249, 0.42974, 1.2357, 0.26638, 0.67189, 0.00121, 8.086, 1.3222, 0.02083, 7.9834, 0.74892, 0.04648, 1.2085, 1.0161, 1.223, 0.46847, 0.38406, 1.618, 1.0938, 0.57672, 0.0072763, 1.6009, 0.70935, 0.022731, 4.6493, 1.9853, 0.052435, 1.0894, 0.97914, 1.1082, 0.36631, 0.21337, 0.7762, -0.42208, 0.47863, 0.00012857, 0.28053, 0.26395, 0.020661, 3.5988, 1.7332, 0.044019, 1.3275, 1.053, 1.3379, 0.57063, 0.55476, 2.4597, 2.6096, 0.67481, 0.014424, 2.9212, 1.1548, 0.024801, 5.6999, 2.2373, 0.060851, 0.0052395, 0.00050389, 0.0048778, 0.0038577, 0.010769, 0.26188, 0.8493, 0.0035565, 1.8883e-05, 0.64433, 0.073325, 1.5832e-06, 0.40793, 0.023481, 2.6181e-05, 0.9062, 0.92496, 0.73056, 0.19419, 0.091025, -2.7497, -2.1633, 0.31234, -0.0065621, -1.8698, -0.58381, 0.020046, 2.0303, 0.29598, 0.030972, 1.5108, 1.1072, 1.7155, 0.74275, 0.6771, 5.9856, 4.3508, 0.84111, 0.021115, 5.0715, 2.0025, 0.025416, 7.2683, 3.6745, 0.073898, 0.033773, 0.0030674, 0.089642, 0.027806, 0.031739, 7.0507, 3.921, 0.025836, 7.0781e-05, 4.4521, 0.61809, 2.6653e-06, 2.5353, 1.0547, 0.00017026
20, 4, 0.25756, 0.09774, 0.21, 1.5, 0.38708, 0.80888, 0.96822, 1.9965, 0.35204, 0.52437, 0.40713, 1.5386, 0.85234, 0.00013, 0.85966, 1.2515, 0.00198, 3.1628, 1.1869, 0.04649, 1.1041, 0.99484, 1.4916, 0.52036, 0.46505, 1.1634, 1.2019, 0.73252, 0.0052567, 4.1803, 0.803, 0.0097607, 5.3771, 0.83199, 0.050397, 0.98562, 0.95923, 1.3692, 0.44279, 0.32143, 0.6815, -0.55635, 0.65287, -0.0030874, 3.0309, 0.39344, 0.00090607, 4.5635, 0.66967, 0.044005, 1.2226, 1.0305, 1.614, 0.59793, 0.60867, 1.6454, 2.9602, 0.81216, 0.013601, 5.3297, 1.2126, 0.018615, 6.1908, 0.99431, 0.05679, 0.0051885, 0.00046878, 0.0055359, 0.002224, 0.007624, 0.085851, 1.1427, 0.0023446, 2.5734e-05, 0.48831, 0.061999, 2.8979e-05, 0.24469, 0.0097384, 1.5102e-05, 0.38885, 0.90427, 0.86103, 0.27474, 0.18691, -2.3092, -2.0938, 0.45111, -0.0041196, -2.3115, -0.18385, -0.00089313, 1.3222, -0.28817, 0.029645, 1.8194, 1.0854, 2.1222, 0.76598, 0.74319, 4.6361, 4.4977, 1.0139, 0.014633, 10.672, 1.7898, 0.020414, 9.432, 1.9521, 0.07115, 0.18909, 0.0030323, 0.14697, 0.022298, 0.028594, 4.4572, 4.0147, 0.02927, 3.2494e-05, 15.577, 0.35995, 4.1952e-05, 6.0772, 0.46377, 0.00015918
21, 4, 0.23335, 0.05971, 0.73864, 0.95, 0.41217, 1.6449, 0.95325, 1.5069, 0.32566, 0.31955, 0.06911, 2.0257, 0.63946, 0.00364, 2.5114, 0.56838, 0.0121, 2.3161, 2.1292, 0.0762, 1.6453, 0.97642, 1.4693, 0.45699, 0.30749, 1.0105, 1.0505, 0.53142, 0.0062633, 3.0786, 0.52568, 0.0058819, 2.6525, 1.9431, 0.066803, 1.3961, 0.93, 1.307, 0.32165, 0.12872, 0.00062868, -0.61827, 0.39463, -0.0026807, 0.62146, 0.090203, -0.0048481, 0.82884, 1.5267, 0.051692, 1.8945, 1.0228, 1.6316, 0.59234, 0.48626, 2.0204, 2.7193, 0.66821, 0.015207, 5.5357, 0.96116, 0.016612, 4.4761, 2.3595, 0.081914, 0.022951, 0.00079622, 0.0097372, 0.0067706, 0.011812, 0.37697, 1.0293, 0.0069165, 2.9567e-05, 2.2315, 0.070094, 4.2555e-05, 1.2292, 0.064081, 8.4397e-05, 0.96064, 0.88108, 0.87467, 0.1772, 0.0096806, -0.16097, -1.0879, 0.2261, -0.0044709, -4.018, -0.63564, -0.011166, -1.2459, 1.1796, 0.041941, 2.33, 1.0718, 2.0639, 0.73678, 0.60531, 2.182, 3.1889, 0.83674, 0.016998, 10.175, 1.687, 0.022929, 6.5509, 2.7066, 0.091666, 0.17328, 0.0033597, 0.13068, 0.028935, 0.032782, 0.50726, 1.6902, 0.034455, 4.2588e-05, 18.614, 0.49848, 0.00010742, 5.6172, 0.21547, 0.00022848
22, 2.5, 0.47946, 0.05863, 0.19988, 0.83333, 0.85669, 0.81227, 1.0873, 1.38, 0.39822, 0.43119, 1.0617, 0.57231, 0.69524, 0.01855, 8.2264, 1.2439, 0.00839, 4.3326, 0.31149, 0.02851, 1.074, 1.0308, 1.2721, 0.41773, 0.40664, 2.1452, 1.2766, 0.78453, 0.0062669, 6.9165, 0.77078, 0.0078924, 4.3321, 0.52792, 0.039519, 0.90569, 0.9821, 1.0585, 0.27653, 0.20763, 0.99454, -0.48261, 0.64608, -0.0027219, 5.1138, 0.32764, -0.0048256, 3.0397, 0.18231, 0.027779, 1.2424, 1.0795, 1.4857, 0.55892, 0.60564, 3.2958, 3.0359, 0.92299, 0.015256, 8.7191, 1.2139, 0.02061, 5.6244, 0.87352, 0.051259, 0.010475, 0.00087675, 0.016864, 0.0073684, 0.014637, 0.48937, 1.1439, 0.0070853, 2.9864e-05, 1.2011, 0.072582, 5.9784e-05, 0.61732, 0.044148, 5.0941e-05, 0.46113, 0.93433, 0.51942, 0.12717, 0.096256, 0.7196, -1.2866, 0.56687, -0.00856, 3.1446, 0.19965, -0.0094939, 1.3542, -0.35451, 0.016549, 1.6869, 1.1273, 2.0248, 0.70829, 0.71702, 3.5708, 3.8399, 1.0022, 0.021094, 10.688, 1.3419, 0.025279, 7.3099, 1.4103, 0.062489, 0.13885, 0.0034402, 0.20941, 0.031205, 0.035607, 0.75117, 2.4284, 0.017512, 8.1254e-05, 5.2583, 0.12057, 0.00011173, 3.2775, 0.2878, 0.00019502
23, 4.56, 0.08105, 0.08646, 0.3, 1.0417, 0.27718, 1.4479, 0.98909, 1.2872, 0.52359, 0.53536, 1.2386, 1.0729, 0.69251, 0.01595, 2.9169, 0.78989, 0.02172, 8.5994, 0.67804, 0.05496, 1.0216, 1.0288, 1.0574, 0.69962, 0.42692, 1.4554, 1.151, 0.70317, 0.0059133, 2.1549, 0.54373, 0.027352, 4.9661, 1.4061, 0.050453, 0.85011, 0.98483, 0.94273, 0.60257, 0.24149, 1.0359, -0.57927, 0.60555, -0.003036, 0.31388, 0.15054, 0.017115, 3.5984, 1.1995, 0.039504, 1.1932, 1.0727, 1.1721, 0.79668, 0.61235, 1.8749, 2.8813, 0.8008, 0.014863, 3.9958, 0.93691, 0.037589, 6.3338, 1.6127, 0.061402, 0.010875, 0.00071373, 0.0048606, 0.0034816, 0.012709, 0.065042, 1.1066, 0.0035227, 2.9602e-05, 1.2527, 0.05714, 3.8735e-05, 0.6914, 0.015781, 4.4309e-05, 0.25924, 0.93461, 0.78982, 0.32244, 0.12506, 0.84296, -0.66484, 0.44955, -0.01904, -0.48131, -0.15913, 0.0081915, 3.0651, 0.98142, 0.027877, 1.784, 1.1229, 1.325, 1.0768, 0.72878, 2.0678, 2.9669, 0.9568, 0.030866, 4.791, 1.2466, 0.046512, 6.867, 1.8308, 0.07303, 0.21484, 0.0032772, 0.026465, 0.052583, 0.033678, 0.13863, 1.2187, 0.023775, 0.00023014, 2.5686, 0.18259, 0.00013569, 1.3356, 0.066666, 0.00018839
24, 6.2215, 0.12155, 0.01628, 0.09479, 2.0833, 0.31572, 1.9871, 0.958, 1.7262, 0.37289, 0.5704, 0.66887, 0.45233, 0.68311, 1e-05, 9.065, 0.79542, 0.00212, 1.375, 1.7917, 0.08933, 0.77918, 1.0375, 1.0415, 0.44909, 0.46112, 1.1327, 1.3383, 0.71173, 0.0055782, 4.5349, 0.74204, 0.0032904, 4.5708, 1.7747, 0.062059, 0.60141, 0.99558, 0.92882, 0.32473, 0.25914, 0.092283, -0.40324, 0.59515, -0.0032202, 2.8794, 0.30249, -0.0053228, 3.0605, 1.3966, 0.050693, 0.95696, 1.0794, 1.1541, 0.57344, 0.66309, 2.1731, 3.0798, 0.82831, 0.014377, 6.1904, 1.1816, 0.011904, 6.0812, 2.1528, 0.073425, 0.011681, 0.00064956, 0.0046899, 0.0057158, 0.015078, 0.40007, 1.121, 0.0050232, 2.8612e-05, 1.013, 0.07141, 2.742e-05, 0.84315, 0.052845, 4.7748e-05, 0.48371, 0.94427, 0.46082, 0.16618, 0.14882, -3.863, -1.7299, 0.43177, -0.0089611, 1.9529, -0.20139, -0.0054564, 1.6062, 0.18875, 0.039277, 1.0747, 1.1307, 1.6221, 0.73199, 0.77341, 6.1283, 4.4064, 0.99169, 0.020117, 7.1169, 1.6855, 0.012037, 7.5354, 3.3607, 0.084841, 0.032268, 0.003213, 0.12462, 0.029581, 0.036048, 9.2241, 3.4794, 0.028968, 7.8132e-05, 2.4641, 0.32898, 2.8278e-05, 3.2485, 0.92967, 0.00019183
25, 3.75, 0.72522, 0.11557, 0.2412, 0.99099, 0.57057, 1.0871, 0.99065, 1.6722, 0.31319, 0.66779, 0.7575, 0.90584, 0.89583, 0.00094, 9.2066, 0.81282, 0.00187, 4.7959, 0.41124, 0.05737, 1.4132, 1.0001, 1.455, 0.34411, 0.51315, 1.1784, 1.254, 0.73054, 0.006025, 7.0582, 0.96498, 0.007009, 5.0548, 0.34241, 0.054364, 1.1099, 0.95001, 1.24, 0.19738, 0.30771, 0.38872, -0.50601, 0.58243, -0.002928, 4.2473, 0.53649, -0.0048697, 3.5103, -0.15928, 0.037977, 1.7166, 1.0502, 1.6701, 0.49085, 0.71859, 1.9681, 3.014, 0.87865, 0.014978, 9.8691, 1.3935, 0.018888, 6.5994, 0.84411, 0.070751, 0.034007, 0.00092736, 0.017094, 0.0079583, 0.015599, 0.23051, 1.1449, 0.0081081, 2.9627e-05, 2.9203, 0.067862, 5.2153e-05, 0.88173, 0.093029, 9.9256e-05, 0.66709, 0.90292, 0.81144, 0.050876, 0.1986, 0.069365, -1.2433, 0.4085, -0.0085903, 2.7135, 0.085258, -0.010982, 2.0003, -0.66247, 0.028706, 2.1594, 1.0973, 2.0986, 0.63735, 0.82769, 2.2875, 3.7513, 1.0526, 0.02064, 11.403, 1.8447, 0.025, 8.1094, 1.3473, 0.080023, 0.20578, 0.0034909, 0.15309, 0.031782, 0.036569, 0.45463, 2.3051, 0.038334, 7.8952e-05, 6.9769, 0.28604, 0.00011963, 3.4485, 0.37323, 0.00024334
26, 2.8571, 0.37557, 0.09667, 0.13131, 1.6927, 0.62603, 1.405, 0.90815, 0.50188, 0.48596, 0.68235, 0.67907, 0.57241, 0.99338, 0.00092, 7.931, 1.4361, 0.001, 2.4199, 0.39314, 0.03929, 0.84486, 0.96814, 1.3912, 0.37425, 0.42085, 3.4886, 1.515, 0.77145, 0.0086218, 4.7468, 0.6412, 0.0046388, 4.1811, 0.57132, 0.040447, 0.71486, 0.92949, 1.236, 0.27737, 0.25364, 2.5768, -0.18724, 0.68852, 1.688e-05, 3.2569, 0.21438, -0.0061056, 3.178, 0.35026, 0.033535, 0.97486, 1.0068, 1.5465, 0.47112, 0.58806, 4.4004, 3.2172, 0.85438, 0.017227, 6.2367, 1.068, 0.015383, 5.1843, 0.79239, 0.047359, 0.0062467, 0.00055212, 0.008907, 0.0034686, 0.010334, 0.30728, 1.071, 0.002542, 2.7368e-05, 0.82045, 0.067332, 4.2669e-05, 0.37194, 0.018062, 1.7659e-05, 0.37419, 0.87633, 0.52501, 0.10171, 0.12983, -1.0541, -1.9755, 0.48497, -0.0060078, 1.0656, -0.18343, -0.0065708, 1.0908, -0.46604, 0.019528, 1.3155, 1.06, 2.2574, 0.64678, 0.71187, 8.0314, 5.0054, 1.0579, 0.023251, 8.428, 1.4658, 0.015848, 7.2715, 1.6087, 0.061366, 0.081879, 0.0031156, 0.27733, 0.027453, 0.031304, 7.6274, 4.503, 0.030334, 7.9106e-05, 5.0087, 0.25134, 4.6443e-05, 3.5299, 0.39775, 0.00016174
27, 3, 0.24453, 0.05395, 0.11871, 1.5151, 0.59776, 0.55993, 0.90153, 1.752, 0.16836, 0.42723, 7.2512, 6.4201, 0.49806, 0.02915, 0.45405, 0.26621, 0.00774, 4.9483, 0.69782, 0.04736, 0.72372, 0.99149, 1.3563, 0.44184, 0.49884, 1.6884, 1.3077, 0.71824, 0.0057179, 5.0907, 0.85874, 0.010245, 5.5928, 0.69402, 0.044934, 0.61173, 0.95928, 1.2152, 0.37057, 0.40061, 0.90163, -0.32695, 0.64459, -0.0030737, 3.8791, 0.54337, 0.0040184, 4.7312, 0.51543, 0.038635, 0.83571, 1.0237, 1.4974, 0.51312, 0.59706, 2.4752, 2.9423, 0.7919, 0.01451, 6.3023, 1.1741, 0.016472, 6.4544, 0.87262, 0.051234, 0.0046355, 0.00038338, 0.0073605, 0.0018775, 0.0035661, 0.2288, 0.98758, 0.0020054, 2.8568e-05, 0.54256, 0.03676, 1.4331e-05, 0.27437, 0.011789, 1.4668e-05, 0.03308, 0.9022, 0.28381, 0.17708, 0.24119, -2.1645, -1.9154, 0.4151, -0.0081085, -2.0288, 0.032137, 0.0018787, 1.966, -0.42629, 0.02421, 1.4144, 1.0808, 2.4288, 0.70661, 0.75648, 5.5413, 4.5307, 1.0214, 0.019544, 12.21, 1.6853, 0.018612, 9.2196, 1.8143, 0.065659, 0.1763, 0.0029469, 0.42516, 0.025909, 0.024536, 5.4867, 3.8395, 0.033966, 7.0659e-05, 18.734, 0.25254, 2.5872e-05, 4.8618, 0.4639, 0.00015875
28, 6.5574, 0.1047, 0.0838, 0.50605, 0.88496, 0.24638, 0.8706, 1.074, 0.64377, 0.86394, 0.58756, 2.2467, 0.40053, 0.66611, 0.00057, 9.965, 0.31629, 0.01586, 3.4083, 2.1609, 0.08053, 1.0952, 0.98473, 1.174, 0.647, 0.49325, 1.6749, 1.0174, 0.52158, 0.0056476, 6.1983, 0.73016, 0.020451, 2.3256, 2.3584, 0.072706, 0.89016, 0.93934, 1.0467, 0.5374, 0.36073, 1.2447, -0.70107, 0.41115, -0.0032229, 4.4535, 0.42761, 0.012264, 0.76518, 2.1347, 0.060521, 1.3002, 1.0301, 1.3013, 0.7566, 0.62578, 2.1051, 2.7358, 0.63201, 0.014518, 7.9431, 1.0327, 0.028638, 3.8859, 2.5821, 0.084892, 0.015536, 0.00076142, 0.0059872, 0.0044399, 0.0064913, 0.068395, 1.0915, 0.0045074, 2.9083e-05, 1.1252, 0.033833, 2.4775e-05, 0.89992, 0.018497, 5.4884e-05, 0.45865, 0.88988, 0.57554, 0.37043, 0.22068, 0.92914, -0.81425, 0.24184, -0.0089227, 3.5467, 0.077258, 0.0052572, -0.70652, 1.8933, 0.049505, 1.7317, 1.0796, 1.7725, 0.92358, 0.76583, 2.4207, 2.849, 0.80131, 0.020218, 8.8498, 1.3831, 0.035645, 5.3576, 2.8234, 0.095908, 0.14975, 0.0033249, 0.13238, 0.028273, 0.027461, 0.20557, 1.24, 0.028923, 7.8466e-05, 2.5987, 0.15756, 8.5326e-05, 3.398, 0.079939, 0.00019896
29, 2, 0.062, 0.15337, 0.3497, 1.1719, 0.35343, 1.7917, 1.0908, 0.92032, 0.88552, 0.88839, 1.045, 1.079, 0.88366, 0.00026, 0.65724, 0.65562, 0.00892, 6.7166, 0.85853, 0.04083, 0.71459, 1.0377, 1.1591, 0.64769, 0.3853, 1.5147, 1.2759, 0.72344, 0.006476, 3.3374, 0.92629, 0.0023025, 4.1928, 1.261, 0.035473, 0.50935, 0.99744, 1.003, 0.53202, 0.23801, 0.75016, -0.45643, 0.61037, -0.0025127, 2.0695, 0.5465, -0.0071732, 2.912, 1.0215, 0.024547, 0.91983, 1.0781, 1.3153, 0.76337, 0.53259, 2.2793, 3.0083, 0.83651, 0.015465, 4.6053, 1.3061, 0.011778, 5.4737, 1.5005, 0.0464, 0.01557, 0.0006006, 0.0090093, 0.0049454, 0.0080184, 0.21607, 1.1092, 0.0047253, 2.9863e-05, 0.59419, 0.053311, 3.3187e-05, 0.6064, 0.021199, 4.4129e-05, -0.21976, 0.94522, 0.43258, 0.36946, 0.10525, 0.097209, -0.57352, 0.42233, -0.0081726, 0.81012, 0.18408, -0.015409, 1.1594, 0.64611, 0.012908, 1.6489, 1.1303, 1.8857, 0.92593, 0.66535, 2.9323, 3.1254, 1.0245, 0.021125, 5.8647, 1.6685, 0.020014, 7.2262, 1.876, 0.058039, 0.32268, 0.0031641, 0.19512, 0.028613, 0.028988, 0.7427, 1.2643, 0.03351, 7.9312e-05, 2.3607, 0.20361, 0.00011595, 3.401, 0.13976, 0.00018821
30, 3.0049, 0.16268, 0.06944, 0.10201, 1.3368, 0.42998, 0.19636, 0.96975, 1.0673, 0.50572, 0.51429, 1.9557, 0.59306, 0.60697, 0.00332, 4.0659, 0.22156, 0.00313, 5.5905, 0.29652, 0.03673, 0.63914, 1.0175, 1.0788, 0.47839, 0.53001, 2.1826, 1.2313, 0.73291, 0.0074589, 5.8249, 0.7076, 0.0075169, 5.6123, 0.65302, 0.047467, 0.50379, 0.98468, 0.96601, 0.41115, 0.41785, 1.6275, -0.20102, 0.65437, -4.6511e-05, 4.6326, 0.34722, 0.00079413, 4.7587, 0.48339, 0.04106, 0.77449, 1.0503, 1.1915, 0.54563, 0.64217, 2.7377, 2.6637, 0.81144, 0.014964, 7.0172, 1.068, 0.01424, 6.4659, 0.82265, 0.053873, 0.0067713, 0.00039802, 0.0046988, 0.001671, 0.0046495, 0.1139, 0.7583, 0.0022798, 2.0821e-05, 0.52543, 0.048001, 1.6705e-05, 0.2693, 0.010636, 1.5169e-05, -0.41287, 0.92798, -0.019398, 0.31744, 0.26674, 0.34357, -0.67941, 0.33951, -0.0050004, 3.5005, -0.5279, -0.005354, 1.7953, -0.36764, 0.026709, 1.6911, 1.107, 2.1769, 0.63934, 0.79329, 4.0216, 3.1421, 1.1263, 0.019918, 8.1494, 1.9431, 0.020388, 9.4294, 1.6737, 0.068224, 0.40906, 0.0029615, 0.44574, 0.0095747, 0.025619, 1.25, 1.3494, 0.057202, 5.7377e-05, 1.997, 0.56419, 6.123e-05, 5.3852, 0.38504, 0.00015925
31, 4.7, 0.41303, 0.08776, 0.4617, 1.9192, 0.52352, 1.9273, 1.0065, 1.9418, 0.63449, 0.58351, 1.2537, 0.6942, 0.94268, 6e-05, 6.5153, 0.04537, 0.00219, 2.908, 1.3303, 0.03907, 1.45, 1.029, 1.3453, 0.51977, 0.59807, 0.84838, 0.87767, 0.76766, 0.0037923, 6.2934, 0.68553, 0.0058613, 2.4107, 1.1035, 0.065777, 1.2841, 0.99119, 1.1842, 0.39399, 0.4599, -0.13476, -0.4588, 0.65499, -0.0033212, 4.7123, 0.27683, 0.00080208, 1.2394, 0.78178, 0.055893, 1.616, 1.0668, 1.5064, 0.64556, 0.73625, 1.8315, 2.2141, 0.88034, 0.010906, 7.8745, 1.0942, 0.010921, 3.5819, 1.4251, 0.07566, 0.010179, 0.00052844, 0.0095952, 0.0058479, 0.0070569, 0.35725, 0.66018, 0.0046924, 1.8703e-05, 0.92396, 0.061739, 9.4605e-06, 0.50701, 0.038245, 3.6108e-05, 1.1118, 0.93754, 0.75026, 0.23655, 0.32271, -4.1772, -2.2028, 0.48678, -0.0090088, 2.6149, -0.30068, 0.00042741, -0.67206, -0.29867, 0.043697, 1.7882, 1.1205, 1.9403, 0.803, 0.87344, 5.874, 3.9582, 1.0486, 0.016593, 9.9719, 1.6717, 0.011295, 5.4934, 2.5056, 0.087856, 0.042272, 0.0030919, 0.13087, 0.029649, 0.028027, 9.3352, 3.5074, 0.029162, 6.0567e-05, 5.0013, 0.35948, 1.0914e-05, 3.5125, 0.72664, 0.00018019
32, 6.58, 0.15255, 0.05183, 0.41875, 1.0417, 0.27964, 1.2589, 0.91403, 1.7128, 0.13078, 0.40948, 0.81358, 1.995, 0.25709, 0.00968, 1.9398, 0.42969, 0.00027, 1.8152, 2.1744, 0.06344, 1.1035, 0.98479, 1.1477, 0.68628, 0.4721, 1.1054, 0.95868, 0.68843, 0.0048323, 6.1386, 0.83456, 0.0045553, 3.1104, 2.2885, 0.061911, 0.94299, 0.95291, 1.0291, 0.59672, 0.36555, 0.59374, -0.45293, 0.60202, -0.0036656, 5.1868, 0.53788, -0.00038299, 2.0234, 2.0707, 0.053722, 1.264, 1.0167, 1.2664, 0.77584, 0.57864, 1.6172, 2.3703, 0.77484, 0.01333, 7.0903, 1.1312, 0.0094936, 4.1975, 2.5063, 0.070101, 0.0095213, 0.00037557, 0.0052039, 0.0029647, 0.0041958, 0.096781, 0.73651, 0.0027598, 2.6691e-05, 0.3348, 0.032533, 9.0136e-06, 0.43676, 0.01753, 2.479e-05, 0.35925, 0.89561, 0.5499, 0.41704, 0.21117, 0.36388, -0.66188, 0.41742, -0.0095134, 3.9281, 0.11142, -0.011425, 0.28511, 1.8473, 0.040537, 1.8477, 1.074, 1.7455, 0.95552, 0.73303, 1.847, 2.5792, 0.95943, 0.019178, 8.349, 1.5577, 0.020536, 5.9358, 2.7297, 0.083286, 0.20472, 0.0029391, 0.13209, 0.026793, 0.025165, 0.20326, 0.97068, 0.027145, 7.6065e-05, 1.8059, 0.19328, 9.4392e-05, 2.9504, 0.071957, 0.00016887
33, 3.0049, 0.2895, 0.12357, 0.36241, 1.3368, 0.48702, 1.8249, 1.074, 1.2253, 0.20694, 0.41138, 1.6604, 7.7699, 0.68264, 0.01968, 0.59822, 0.11743, 0.04534, 4.2926, 0.22415, 0.03884, 1.1596, 1.0044, 1.5321, 0.52851, 0.4062, 1.4108, 1.0917, 0.81297, 0.014817, 2.3481, 0.88402, 0.020192, 5.0625, 1.0472, 0.039692, 1.0055, 0.96193, 1.3969, 0.43683, 0.26277, 0.89823, -0.35212, 0.71473, 0.0078249, 0.57673, 0.49763, 0.012448, 4.0438, 0.85773, 0.031467, 1.3137, 1.047, 1.6674, 0.62018, 0.54964, 1.9234, 2.5355, 0.9112, 0.02181, 4.1194, 1.2704, 0.027937, 6.0812, 1.2366, 0.047918, 0.0087769, 0.00066801, 0.0067645, 0.0031064, 0.0076044, 0.097106, 0.7705, 0.0035668, 1.8072e-05, 1.1597, 0.055182, 2.2167e-05, 0.38355, 0.013264, 2.5008e-05, 0.15973, 0.91094, 0.55222, 0.25735, 0.12816, -0.47999, -1.7407, 0.41039, 0.0017765, -3.3197, -0.074133, 0.0070487, 1.588, -0.11182, 0.018304, 2.1594, 1.0979, 2.5121, 0.79967, 0.68425, 3.3016, 3.9242, 1.2155, 0.027858, 8.0158, 1.8422, 0.033336, 8.5371, 2.2061, 0.061081, 0.36948, 0.0032315, 0.35491, 0.027177, 0.028574, 1.3214, 2.9653, 0.059903, 6.2857e-05, 11.873, 0.33933, 6.3852e-05, 4.4622, 0.49647, 0.00016909
34, 2.5, 0.13114, 0.11054, 0.25389, 0.97222, 0.42379, 0.88513, 0.94691, 1.3673, 0.69261, 0.85921, 2.5579, 1.0546, 0.53489, 0.00371, 0.3588, 0.53943, 0.00061, 2.3382, 1.1408, 0.02865, 0.70426, 1.0147, 1.0701, 0.66983, 0.51784, 1.3004, 1.134, 0.72973, 0.0058693, 2.0096, 0.58673, 0.0075241, 5.1801, 0.85384, 0.049585, 0.55915, 0.97663, 0.94657, 0.58904, 0.37715, 0.71362, -0.58937, 0.64415, -0.0030073, 0.49418, 0.26988, -0.003445, 4.1369, 0.68894, 0.041705, 0.84936, 1.0528, 1.1937, 0.75062, 0.65852, 1.8872, 2.8574, 0.8153, 0.014746, 3.5251, 0.90358, 0.018493, 6.2232, 1.0187, 0.057466, 0.0077822, 0.0005362, 0.0056411, 0.0024125, 0.0073156, 0.12727, 1.0978, 0.0027064, 2.9123e-05, 0.84887, 0.037107, 4.4472e-05, 0.4022, 0.01005, 2.2954e-05, 0.013189, 0.92315, 0.1364, 0.43611, 0.2412, 0.48858, -0.71996, 0.37848, -0.0084822, -0.44624, -0.39384, -0.011298, 1.8154, 0.16854, 0.028327, 1.3953, 1.1063, 2.0038, 0.90354, 0.79447, 2.1122, 2.988, 1.081, 0.020221, 4.4655, 1.5673, 0.026346, 8.5448, 1.5391, 0.070844, 0.17652, 0.0030997, 0.32223, 0.020189, 0.028285, 0.2436, 1.2704, 0.045601, 7.6128e-05, 2.2293, 0.35538, 0.00013094, 4.1845, 0.17358, 0.00016703
35, 6.5574, 0.12536, 0.07885, 0.13961, 0.88496, 0.18522, 1.0637, 1.0594, 0.53823, 0.58288, 0.62286, 1.9736, 0.46374, 0.76149, 0.00056, 4.3636, 0.72288, 0.00637, 5.6036, 0.61502, 0.06222, 1.0791, 1.0356, 1.0861, 0.47813, 0.52644, 0.80456, 1.19, 0.74294, 0.0055037, 3.997, 0.95272, 0.0026931, 4.903, 1.224, 0.063514, 0.89432, 0.99707, 0.9718, 0.36803, 0.34323, 0.31838, -0.44298, 0.6387, -0.0031978, 2.4341, 0.54275, -0.0051403, 3.6713, 0.95577, 0.051989, 1.2639, 1.074, 1.2004, 0.58823, 0.70965, 1.2907, 2.823, 0.84718, 0.014205, 5.5599, 1.3627, 0.010527, 6.1347, 1.4923, 0.075039, 0.012619, 0.00054721, 0.0048287, 0.0044806, 0.012406, 0.087366, 0.98565, 0.0040163, 2.7985e-05, 0.90285, 0.062121, 2.268e-05, 0.56072, 0.026595, 4.9093e-05, 0.44277, 0.94381, 0.49011, 0.20137, 0.22594, 0.026288, -0.57933, 0.46512, -0.0089641, 1.4717, 0.21055, -0.012691, 2.0246, 0.67139, 0.040652, 1.7154, 1.1273, 1.6821, 0.75489, 0.82694, 1.5828, 2.9594, 1.0208, 0.019972, 6.5224, 1.6949, 0.018077, 7.7814, 1.7766, 0.086375, 0.14966, 0.0031107, 0.13129, 0.028311, 0.033375, 0.22388, 1.1571, 0.028527, 7.7367e-05, 2.3571, 0.20359, 8.7478e-05, 3.0623, 0.11288, 0.00019317
36, 4.6981, 0.15862, 0.04387, 0.1029, 0.84667, 0.3102, 0.79241, 1.0622, 0.55011, 0.45916, 0.3469, 1.3454, 1.1421, 0.89835, 0.02138, 6.0631, 0.12965, 0.02151, 9.4721, 1.0125, 0.05454, 1.0776, 1.012, 1.1145, 0.44899, 0.43638, 1.169, 1.3089, 0.75125, 0.0036984, 4.9611, 0.75727, 0.013514, 6.3373, 0.63284, 0.058475, 0.9423, 0.98032, 1.0126, 0.36413, 0.30935, 0.74496, 0.54241, 0.66728, -0.00334, 3.9368, 0.42093, 0.0051972, 5.4816, 0.46851, 0.051542, 1.213, 1.0438, 1.2164, 0.53386, 0.56342, 1.593, 2.0754, 0.83523, 0.010737, 5.9854, 1.0936, 0.021831, 7.1929, 0.79716, 0.065408, 0.0067703, 0.00037193, 0.0038366, 0.0026621, 0.0059648, 0.066451, 0.21715, 0.0026065, 1.8311e-05, 0.38779, 0.041813, 2.5566e-05, 0.27059, 0.0099809, 1.7766e-05, 0.46857, 0.92293, 0.80047, 0.17032, 0.16644, 0.28311, 0.18323, 0.506, -0.013039, 2.7689, -0.078063, -0.0016743, 4.237, 0.16806, 0.037549, 1.6867, 1.1012, 1.4285, 0.72766, 0.70633, 2.0548, 2.4346, 0.99651, 0.020436, 7.1532, 1.5926, 0.028702, 8.4375, 1.0976, 0.079401, 0.13711, 0.0029354, 0.036451, 0.028703, 0.026934, 0.29005, 0.46835, 0.022232, 0.00010354, 1.7762, 0.25791, 8.5264e-05, 1.6304, 0.079844, 0.00016185
37, 4, 0.2671, 0.04197, 0.13674, 2.25, 0.51118, 1.5134, 1.0564, 1.5884, 0.25543, 0.47478, 0.82318, 1.1474, 0.69133, 0.0006, 4.2576, 0.14208, 0.00957, 3.4762, 0.69529, 0.05307, 0.9499, 0.9556, 1.4535, 0.46907, 0.56529, 1.4909, 1.475, 0.70924, 0.0072962, 4.4495, 0.64954, 0.0016005, 4.5261, 1.0584, 0.051993, 0.83053, 0.9211, 1.3171, 0.35022, 0.3897, 0.59617, -0.20658, 0.60944, -0.0016513, 2.9875, 0.20324, -0.0080973, 3.4211, 0.79136, 0.044354, 1.0693, 0.99009, 1.5898, 0.58793, 0.74087, 2.3857, 3.1566, 0.80903, 0.016244, 5.9115, 1.0959, 0.011298, 5.6312, 1.3254, 0.059632, 0.0052667, 0.00043977, 0.0068726, 0.0052211, 0.011395, 0.29592, 1.0452, 0.0036812, 2.959e-05, 0.79003, 0.073623, 3.4761e-05, 0.45134, 0.02635, 2.157e-05, 0.63551, 0.86545, 0.81196, 0.19347, 0.26937, -2.7238, -2.2558, 0.40569, -0.0025983, -1.6514, -0.46052, -0.0082654, 0.38818, -0.21566, 0.030823, 1.2643, 1.0457, 2.095, 0.74468, 0.8612, 5.7057, 5.2059, 1.0128, 0.017191, 10.55, 1.7596, 0.011466, 8.6641, 2.3324, 0.073163, 0.036532, 0.0030033, 0.15211, 0.028075, 0.032365, 6.5659, 5.1447, 0.034055, 3.6185e-05, 13.757, 0.45545, 3.5976e-05, 6.3287, 0.59993, 0.00016565
38, 2, 0.16718, 0.11289, 0.56689, 1.3123, 0.52876, 0.97247, 0.93562, 1.2127, 0.15669, 0.52852, 2.2164, 0.89257, 0.2654, 0.00597, 0.57087, 1.1129, 0.00026, 1.604, 1.4799, 0.07342, 1.0622, 0.99388, 1.2245, 0.56265, 0.30051, 0.8677, 1.381, 0.4883, 0.0064328, 3.1572, 0.83106, 0.0084456, 1.8002, 1.601, 0.04282, 0.87476, 0.94389, 1.0757, 0.45113, 0.13486, 0.015083, -0.38552, 0.37542, -0.0025528, 1.1543, 0.40165, -0.0041107, 0.38495, 1.338, 0.032072, 1.2496, 1.0439, 1.3734, 0.67417, 0.46617, 1.7203, 3.1474, 0.60117, 0.015418, 5.16, 1.2605, 0.021002, 3.2154, 1.864, 0.053568, 0.012984, 0.00092338, 0.0081899, 0.0045969, 0.010142, 0.26869, 1.1534, 0.004709, 2.9842e-05, 1.4827, 0.068153, 5.8274e-05, 0.7403, 0.025559, 4.2695e-05, 0.087255, 0.89675, 0.44016, 0.29052, 0.010385, -0.93263, -0.78858, 0.17922, -0.008561, 0.098513, -0.11219, -0.0081407, -1.4164, 0.47689, 0.020341, 2.0371, 1.091, 2.0089, 0.83477, 0.59064, 2.668, 3.5505, 0.79738, 0.021427, 6.2158, 1.7743, 0.025032, 5.0168, 2.7251, 0.0653, 0.35131, 0.0034869, 0.22741, 0.02737, 0.031112, 1.198, 1.7397, 0.035309, 8.3094e-05, 3.4578, 0.32884, 0.00010168, 3.8241, 0.46705, 0.00018678
39, 1.9912, 0.27023, 0.05807, 0.30689, 1.0526, 0.71435, 1.6918, 1.0025, 1.5077, 0.23838, 0.30685, 8.142, 0.05836, 0.99276, 0.03226, 0.59444, 0.01478, 0.01515, 3.4914, 0.40701, 0.08043, 0.75869, 1.019, 1.3665, 0.53528, 0.27251, 1.8353, 1.3048, 0.71751, 0.0062139, 3.1074, 0.70232, 0.0039181, 4.4873, 0.8886, 0.049017, 0.61839, 0.97312, 1.2036, 0.43275, 0.13078, 1.0785, -0.46271, 0.61088, -0.0027733, 1.211, 0.34683, -0.006192, 3.2377, 0.64976, 0.039745, 0.899, 1.065, 1.5295, 0.63781, 0.41425, 2.5921, 3.0723, 0.82414, 0.015201, 5.0039, 1.0578, 0.014028, 5.7369, 1.1274, 0.058289, 0.007276, 0.00077949, 0.0098154, 0.0038854, 0.0074251, 0.21168, 1.1547, 0.0042027, 2.9853e-05, 1.3293, 0.046707, 3.778e-05, 0.57713, 0.021084, 3.1775e-05, -0.016556, 0.92394, 0.53308, 0.25033, -0.0046564, 0.89398, -1.169, 0.47299, -0.010291, -3.0298, 0.046915, -0.014764, 1.2967, 0.018924, 0.027205, 1.5339, 1.1141, 2.2, 0.82023, 0.54968, 2.7766, 3.7786, 0.96203, 0.022719, 9.2447, 1.3577, 0.0226, 7.6779, 1.7583, 0.07083, 0.22214, 0.003343, 0.25674, 0.030012, 0.028395, 0.32751, 2.2619, 0.022099, 0.00010069, 13.922, 0.15877, 0.000129, 3.7626, 0.27955, 0.00017586
40, 1.5, 0.12975, 0.1397, 0.3332, 0.9697, 0.50471, 0.17717, 0.96432, 0.58978, 0.9131, 0.03206, 2.1719, 0.8805, 0.99635, 0.01558, 4.1445, 0.31675, 0.00676, 4.9521, 0.96827, 0.03542, 0.74639, 1.0161, 1.1448, 0.64927, 0.41106, 1.7154, 1.3182, 0.71534, 0.0061689, 2.2548, 0.93068, 0.0017557, 4.5663, 1.1824, 0.042546, 0.53895, 0.97361, 0.98948, 0.55589, 0.20328, 1.0577, -0.41221, 0.61664, -0.0027758, 0.80773, 0.50683, -0.010377, 3.2349, 0.94275, 0.031555, 0.95383, 1.0585, 1.3002, 0.74265, 0.61885, 2.3731, 3.0485, 0.81404, 0.015114, 3.7019, 1.3545, 0.013888, 5.8976, 1.4221, 0.053537, 0.015905, 0.00066638, 0.008921, 0.0032228, 0.015958, 0.15987, 1.1067, 0.0036004, 2.9572e-05, 0.77399, 0.066399, 5.4407e-05, 0.65515, 0.021234, 4.4647e-05, 0.045267, 0.92259, 0.46909, 0.37936, 0.094979, 0.67761, -0.5505, 0.42698, -0.0085108, -0.19405, 0.0089039, -0.017326, 1.5482, 0.32901, 0.019949, 1.4475, 1.1095, 1.8206, 0.91919, 0.72715, 2.7532, 3.1868, 1.0037, 0.020849, 4.7037, 1.8525, 0.020838, 7.5843, 2.0359, 0.065143, 0.18169, 0.0032299, 0.16878, 0.026928, 0.036927, 0.39807, 1.2906, 0.030734, 7.965e-05, 2.2166, 0.31405, 0.00013458, 3.3666, 0.2692, 0.00018873
41, 4.7, 0.26135, 0.13402, 0.19952, 1.3333, 0.26562, 1.4242, 0.97031, 1.9281, 0.55257, 0.62716, 1.6537, 0.50733, 0.87132, 0.00195, 5.9565, 0.8309, 0.0031, 3.9174, 0.4819, 0.03888, 1.1596, 0.98982, 1.5047, 0.47096, 0.60518, 1.2587, 1.2248, 0.75514, 0.0036658, 4.1753, 0.91701, 0.0063778, 4.8767, 0.81821, 0.056342, 0.97772, 0.9529, 1.3546, 0.381, 0.43031, 0.52409, -0.47268, 0.65887, -0.0037516, 2.6905, 0.48971, -0.0053995, 3.6163, 0.58232, 0.045623, 1.3415, 1.0267, 1.6547, 0.56092, 0.78004, 1.9934, 2.9222, 0.85141, 0.011083, 5.66, 1.3443, 0.018155, 6.1372, 1.0541, 0.067061, 0.012225, 0.00050388, 0.0083183, 0.0029911, 0.011301, 0.19948, 1.065, 0.0034257, 2.0335e-05, 0.81482, 0.067486, 5.1267e-05, 0.58722, 0.020566, 4.2466e-05, 0.13947, 0.89872, 1.0504, 0.2072, 0.30969, -0.70077, -1.5882, 0.50115, -0.0087584, -2.2397, 0.22034, -0.0096891, 1.5985, 0.22557, 0.033876, 2.1797, 1.0809, 1.9589, 0.73472, 0.90066, 3.2182, 4.0377, 1.0091, 0.01609, 10.59, 1.6137, 0.022445, 8.1549, 1.4109, 0.078808, 0.38464, 0.0030674, 0.076262, 0.025714, 0.032271, 1.4192, 2.9247, 0.023845, 5.7053e-05, 15.21, 0.17939, 9.5414e-05, 3.9721, 0.12982, 0.00018655
42, 3, 0.35974, 0.12176, 0.20036, 0.48387, 0.37378, 0.61482, 0.9618, 1.2713, 0.32289, 0.29609, 1.5024, 0.77862, 0.65415, 0.00472, 9.4119, 0.48097, 0.00393, 2.9344, 0.90805, 0.06033, 1.0768, 1.02, 1.4778, 0.37174, 0.5101, 1.6917, 1.2672, 0.77433, 0.0053904, 5.5128, 0.7824, 0.009005, 4.5001, 0.61439, 0.044209, 0.90819, 0.98295, 1.3295, 0.24991, 0.33309, 0.96586, -0.43252, 0.6644, -0.003478, 4.0501, 0.33314, -0.0026372, 3.3292, 0.34721, 0.035113, 1.2454, 1.057, 1.6261, 0.49358, 0.68712, 2.4176, 2.9668, 0.88426, 0.014259, 6.9756, 1.2317, 0.020647, 5.671, 0.88156, 0.053305, 0.01051, 0.0005072, 0.0081281, 0.0054865, 0.011581, 0.19475, 1.0678, 0.0044663, 2.9069e-05, 0.79085, 0.0746, 5.0097e-05, 0.50677, 0.026383, 3.0581e-05, 0.51827, 0.92884, 0.60798, 0.09085, 0.21334, -0.20702, -1.1478, 0.43044, -0.0089835, 1.7728, -0.082883, -0.0048703, 1.2582, -0.1035, 0.022471, 1.6354, 1.1111, 2.3476, 0.65264, 0.80687, 3.5905, 3.6822, 1.1182, 0.019764, 9.2529, 1.6477, 0.02288, 7.742, 1.3323, 0.065948, 0.11531, 0.0030707, 0.27965, 0.029163, 0.032551, 1.3326, 2.1556, 0.043711, 7.6366e-05, 5.1702, 0.27673, 7.1159e-05, 3.8847, 0.19048, 0.00017466
43, 8, 0.43305, 0.03016, 0.27129, 1.3281, 0.46337, 1.3119, 1.091, 0.65398, 0.86124, 0.71936, 1.2026, 0.4822, 0.8581, 0.00639, 8.3363, 0.34398, 0.01764, 3.8112, 1.2819, 0.04025, 0.96585, 1.0427, 1.4367, 0.46126, 0.53002, 0.86446, 1.2286, 0.81639, 0.0059724, 6.5918, 0.64448, 0.0049965, 5.4055, 1.5895, 0.065159, 0.64129, 0.99692, 1.2459, 0.32728, 0.35625, -0.56802, -0.44348, 0.68341, -0.0029153, 4.4152, 0.21113, -0.0046536, 3.8407, 1.1243, 0.050321, 1.2904, 1.0885, 1.6274, 0.59525, 0.7038, 2.2969, 2.9007, 0.94938, 0.01486, 8.7685, 1.0778, 0.014647, 6.9703, 2.0547, 0.079998, 0.038935, 0.00077417, 0.013446, 0.0066353, 0.011161, 0.75844, 1.0334, 0.0065369, 2.9196e-05, 1.7511, 0.069409, 3.442e-05, 0.90506, 0.079996, 8.1382e-05, -0.0055031, 0.94766, 0.81095, 0.17419, 0.23518, -1.3823, -1.5156, 0.5257, -0.0086051, 2.6252, -0.53729, -0.0089132, 2.3412, 0.44078, 0.040461, 1.9372, 1.1377, 2.0624, 0.74833, 0.82486, 3.1112, 3.9728, 1.1071, 0.02055, 10.558, 1.8262, 0.018906, 8.4698, 2.7382, 0.089857, 0.34874, 0.0033377, 0.14471, 0.030459, 0.032131, 1.8657, 2.7834, 0.031234, 7.8544e-05, 5.8154, 0.51619, 7.1512e-05, 3.4706, 0.48772, 0.00022546
44, 6, 0.37518, 0.06684, 0.10492, 0.8642, 0.29938, 1.8579, 1.0275, 1.9291, 0.15447, 0.29838, 3.9516, 4.1117, 0.99765, 0.01072, 2.0823, 0.01164, 0.00531, 2.1442, 0.65783, 0.0589, 1.2527, 0.96107, 1.4408, 0.29744, 0.48037, 1.7569, 1.1365, 0.77367, 0.009338, 4.643, 0.65397, 0.014096, 5.3167, 0.66137, 0.066643, 1.0453, 0.92397, 1.2863, 0.20787, 0.32268, 1.2146, -0.33414, 0.68395, 0.0021189, 3.0211, 0.25778, 0.003821, 4.3249, 0.45278, 0.057947, 1.4601, 0.99816, 1.5953, 0.38701, 0.63806, 2.2992, 2.6071, 0.8634, 0.016557, 6.2649, 1.0501, 0.02437, 6.3085, 0.86996, 0.075339, 0.015902, 0.00050857, 0.0088218, 0.0029653, 0.009191, 0.1087, 0.79938, 0.0029755, 1.9262e-05, 0.97232, 0.058014, 3.902e-05, 0.36357, 0.016082, 2.7948e-05, 0.61638, 0.8699, 0.84104, 0.028227, 0.19471, 0.87066, -1.2513, 0.50553, -0.0042844, 0.89903, -0.12545, -0.0022995, 2.4897, 0.17887, 0.045069, 1.889, 1.0522, 2.0406, 0.56665, 0.76603, 2.6432, 3.5242, 1.0418, 0.02296, 8.387, 1.4334, 0.030491, 8.1437, 1.1439, 0.088217, 0.14966, 0.0030721, 0.13297, 0.026787, 0.030161, 0.29031, 2.1073, 0.026576, 6.8588e-05, 5.181, 0.22454, 9.9353e-05, 2.954, 0.086048, 0.00017203
45, 2.25, 0.32819, 0.06546, 0.08496, 2.0159, 0.80617, 0.33115, 0.92858, 1.5033, 0.37884, 0.28337, 2.8619, 0.10309, 0.76895, 0.00877, 9.0654, 0.11913, 0.00155, 5.6528, 0.86888, 0.03393, 0.72356, 0.9726, 1.3107, 0.37111, 0.32546, 3.0874, 1.632, 0.74214, 0.0069431, 4.6288, 0.45363, 0.0045772, 4.6049, 0.66469, 0.045597, 0.57535, 0.93767, 1.1314, 0.25653, 0.17502, 1.9483, -0.062734, 0.64302, -0.0018949, 3.0357, 0.13878, -0.0021656, 3.3247, 0.36975, 0.035824, 0.87177, 1.0075, 1.4901, 0.4857, 0.47591, 4.2266, 3.3267, 0.84126, 0.015781, 6.2218, 0.76849, 0.01132, 5.8852, 0.95963, 0.05537, 0.0081185, 0.00045111, 0.011891, 0.0048529, 0.0083659, 0.47967, 1.0616, 0.0036315, 2.887e-05, 0.938, 0.036641, 1.6805e-05, 0.60579, 0.032152, 3.5305e-05, 0.43143, 0.88229, 0.40932, 0.0529, 0.043738, -2.7546, -2.4775, 0.55332, -0.010548, 0.5476, -0.023327, -0.0023895, 1.3756, -0.0036733, 0.023567, 1.0157, 1.0629, 2.2121, 0.68932, 0.60719, 8.9295, 5.7415, 0.93096, 0.024434, 8.7099, 0.93059, 0.011544, 7.8343, 1.3331, 0.067627, 0.031543, 0.0030146, 0.30033, 0.037426, 0.029336, 12.615, 6.2421, 0.013178, 0.00011307, 6.1562, 0.084082, 1.7939e-05, 3.8546, 0.16511, 0.00017939
46, 4, 0.29084, 0.13792, 0.19995, 1.1111, 0.3202, 1.2911, 1.0642, 1.2225, 0.54347, 0.49418, 1.383, 0.11287, 0.75468, 0.00147, 4.0265, 0.79872, 0.01305, 2.9969, 0.74897, 0.06345, 1.1195, 0.98303, 1.583, 0.43084, 0.49348, 1.2354, 1.1678, 0.78193, 0.0049494, 4.9126, 0.8216, 0.0031657, 4.5011, 0.67683, 0.047334, 0.9485, 0.94515, 1.4441, 0.34338, 0.32845, 0.61122, -0.53903, 0.69108, -0.003242, 3.4806, 0.39037, -0.0057778, 3.3757, 0.46426, 0.037987, 1.2905, 1.0209, 1.7219, 0.51831, 0.65851, 1.8596, 2.8745, 0.87278, 0.013141, 6.3445, 1.2528, 0.012109, 5.6265, 0.8894, 0.056681, 0.010805, 0.00053041, 0.0071348, 0.0028276, 0.010066, 0.14401, 1.0767, 0.0030508, 2.4801e-05, 0.75791, 0.068733, 2.9564e-05, 0.46814, 0.016701, 3.2291e-05, 0.25468, 0.89154, 0.91161, 0.20375, 0.20371, 0.14408, -1.4173, 0.50414, -0.0039814, -0.70797, 0.097607, -0.015573, 0.070815, 0.17122, 0.02549, 1.9843, 1.0745, 2.2544, 0.65794, 0.78326, 2.3268, 3.7528, 1.0597, 0.01388, 10.533, 1.5456, 0.021904, 8.9314, 1.1824, 0.069179, 0.27643, 0.0030939, 0.16661, 0.019062, 0.031036, 0.44022, 2.4699, 0.028522, 2.948e-05, 11.676, 0.19374, 0.00012978, 7.2546, 0.094488, 0.00017637
47, 5.4951, 0.18658, 0.04293, 0.27077, 2.2281, 0.42595, 0.90854, 1.0896, 1.7515, 0.53639, 0.30147, 0.83737, 0.42987, 0.39188, 0.01044, 1.4954, 0.5848, 0.02285, 4.9224, 0.83158, 0.04858, 1.2569, 1.0151, 1.1994, 0.48878, 0.44654, 1.6862, 1.0552, 0.62366, 0.0042149, 2.7768, 0.80751, 0.020462, 5.2364, 1.995, 0.05138, 1.1366, 0.97796, 1.0824, 0.38593, 0.27576, 0.85253, -0.4581, 0.52472, -0.0029698, 1.4586, 0.36249, 0.01839, 4.1617, 1.7431, 0.042781, 1.3771, 1.0522, 1.3163, 0.59163, 0.61731, 2.5199, 2.5686, 0.7226, 0.0114, 4.095, 1.2525, 0.022535, 6.3112, 2.2468, 0.059979, 0.0053463, 0.00050987, 0.0050542, 0.0039098, 0.010779, 0.2569, 0.84648, 0.003618, 1.9079e-05, 0.64224, 0.073201, 1.587e-06, 0.42692, 0.023442, 2.733e-05, 0.95399, 0.92392, 0.70514, 0.21435, 0.15345, -2.6746, -2.2185, 0.35814, -0.0096306, -0.99109, -0.49613, 0.017774, 2.5962, 0.33889, 0.029845, 1.5597, 1.1063, 1.6936, 0.76321, 0.73962, 6.0471, 4.329, 0.88918, 0.01806, 6.5447, 2.1112, 0.023151, 7.8766, 3.6511, 0.072915, 0.033903, 0.0030734, 0.090288, 0.027836, 0.031749, 7.0289, 3.9612, 0.026058, 7.0854e-05, 5.2474, 0.62815, 2.6716e-06, 2.5764, 1.0137, 0.00017141
48, 6.5574, 0.12218, 0.03547, 0.13607, 1.9174, 0.31909, 0.36056, 1.0875, 0.69361, 0.36405, 0.44787, 4.3688, 1.4497, 0.54341, 0.00044, 2.9662, 0.83681, 0.0043, 2.268, 3.2194, 0.07002, 1.3736, 1.03, 1.0874, 0.48708, 0.47585, 0.94406, 1.2235, 0.69173, 0.0052964, 4.99, 0.74623, 0.0079834, 4.3836, 1.7478, 0.066317, 1.2211, 0.99175, 0.97992, 0.37811, 0.30916, 0.034684, -0.51812, 0.58958, -0.0034511, 3.5406, 0.32638, 0.0013055, 3.0448, 1.412, 0.056124, 1.526, 1.0683, 1.1948, 0.59604, 0.64254, 1.8534, 2.9652, 0.79389, 0.014044, 6.4394, 1.1661, 0.014661, 5.7224, 2.0836, 0.076509, 0.0085898, 0.00054135, 0.0042679, 0.0043886, 0.01027, 0.30566, 1.1212, 0.0038572, 2.8282e-05, 0.77646, 0.06515, 1.6483e-05, 0.66246, 0.041682, 3.8396e-05, 1.0488, 0.93837, 0.49259, 0.21075, 0.18513, -4.2926, -1.6965, 0.41556, -0.0091992, 2.5346, -0.17812, 0.0010649, 1.4588, 0.24969, 0.044097, 1.6983, 1.1217, 1.6822, 0.7634, 0.76657, 6.1808, 4.1435, 0.96791, 0.019792, 7.4454, 1.6706, 0.014902, 7.3084, 3.246, 0.088536, 0.038984, 0.0031048, 0.13076, 0.028221, 0.03124, 10.136, 3.1514, 0.028191, 7.7664e-05, 2.2284, 0.3158, 1.7692e-05, 3.1619, 0.82956, 0.00018248
49, 2.25, 0.40365, 0.10725, 0.1045, 1.5132, 0.69031, 0.40909, 0.90238, 1.9188, 0.16961, 0.20541, 8.3604, 4.1782, 0.73874, 0.01647, 2.2509, 0.0209, 0.00241, 2.7867, 0.65054, 0.03387, 0.80082, 0.99248, 1.2917, 0.3719, 0.3318, 6.325, 1.2046, 0.78668, 0.0058757, 5.8745, 0.695, 0.0041368, 4.0628, 0.5864, 0.040389, 0.65287, 0.9501, 1.1165, 0.2646, 0.18648, 5.2021, -0.52594, 0.68845, -0.0028141, 4.2647, 0.28207, -0.0068576, 2.9836, 0.3196, 0.031571, 0.94878, 1.0349, 1.4669, 0.4792, 0.47712, 7.4479, 2.9351, 0.8849, 0.014566, 7.4842, 1.1079, 0.015131, 5.1421, 0.8532, 0.049207, 0.008091, 0.0006637, 0.011341, 0.0042555, 0.0078051, 0.46606, 1.1069, 0.0035661, 2.791e-05, 0.95778, 0.063023, 4.4678e-05, 0.43052, 0.026309, 2.8739e-05, 0.10712, 0.89904, 0.47777, 0.095052, 0.052781, 2.6809, -1.9009, 0.53483, -0.0096251, 2.1795, -0.04296, -0.0082337, 1.089, -0.31586, 0.018765, 1.4945, 1.0859, 2.1057, 0.64875, 0.61082, 9.9692, 4.3101, 1.0385, 0.021377, 9.5695, 1.433, 0.016507, 7.0366, 1.4887, 0.062012, 0.17787, 0.0032272, 0.24487, 0.028329, 0.028775, 4.9084, 3.5645, 0.023444, 8.8809e-05, 5.0463, 0.20129, 5.6562e-05, 3.2687, 0.30089, 0.00017282
50, 7.5, 0.72522, 0.11557, 0.2412, 0.99099, 0.28911, 0.649, 1.006, 1.7291, 0.14361, 0.37906, 9.4255, 2.8687, 0.76521, 0.00316, 8.214, 0.01555, 0.02411, 1.2552, 0.58376, 0.09502, 1.1227, 0.99846, 1.3942, 0.39598, 0.45243, 3.6733, 1.3257, 0.7402, 0.0064014, 6.6673, 0.71726, 0.009259, 4.9834, 0.66939, 0.060673, 0.69842, 0.94801, 1.1582, 0.23343, 0.1971, 1.4535, -0.44594, 0.57424, -0.0025959, 3.748, 0.23652, -0.0040612, 3.0243, -0.19287, 0.038998, 1.5471, 1.0489, 1.6301, 0.55853, 0.70775, 5.8931, 3.0973, 0.90616, 0.015399, 9.5866, 1.198, 0.022579, 6.9425, 1.5317, 0.082349, 0.06655, 0.00094045, 0.020579, 0.0097656, 0.024096, 1.8212, 1.16, 0.01018, 2.9921e-05, 3.15, 0.085421, 6.5579e-05, 1.4186, 0.27481, 0.00017365, 0.33076, 0.90109, 0.75318, 0.09452, 0.10325, 1.3149, -1.1793, 0.43314, -0.0082432, 2.2516, -0.042289, -0.0092279, 1.7002, -0.31201, 0.031354, 1.9147, 1.0958, 2.0351, 0.69744, 0.8016, 6.0317, 3.8306, 1.0473, 0.021046, 11.083, 1.4768, 0.027746, 8.2666, 1.6508, 0.089993, 0.23184, 0.0035039, 0.15186, 0.033589, 0.045065, 2.0558, 2.3192, 0.03485, 7.9268e-05, 7.2066, 0.21323, 0.00012632, 3.9841, 0.35599, 0.00031773
51, 6.0132, 0.26546, 0.04042, 0.0685, 0.93291, 0.325, 0.61725, 1.0542, 1.9677, 0.35764, 0.66747, 1.2401, 0.52901, 0.85289, 0.00097, 9.4284, 0.63557, 0.00368, 7.0911, 0.58669, 0.05815, 1.3484, 0.99838, 1.4674, 0.2877, 0.47151, 1.4375, 1.2993, 0.77758, 0.01097, 5.936, 0.73595, 0.010193, 4.7334, 0.83199, 0.06693, 1.1801, 0.96004, 1.3186, 0.19673, 0.30785, 1.0066, -0.41032, 0.68686, 0.0025321, 4.5057, 0.31503, -0.0015325, 3.727, 0.63436, 0.058962, 1.5168, 1.0367, 1.6161, 0.37866, 0.63517, 1.8685, 3.0089, 0.86829, 0.019408, 7.3663, 1.1569, 0.021919, 5.7397, 1.0296, 0.074898, 0.010477, 0.0005432, 0.0081793, 0.0030584, 0.0099002, 0.068646, 1.0803, 0.0030418, 2.6316e-05, 0.75616, 0.065485, 5.0819e-05, 0.37432, 0.014436, 2.3468e-05, 0.68471, 0.9067, 0.88183, 0.018022, 0.18251, 0.64202, -1.0065, 0.50932, -0.003346, -0.22367, -0.19327, -0.0081999, 1.9261, 0.34456, 0.045639, 2.0121, 1.0901, 2.0529, 0.55737, 0.76051, 2.233, 3.6052, 1.0458, 0.025286, 12.096, 1.6652, 0.028586, 7.5406, 1.3194, 0.088221, 0.16282, 0.0031067, 0.12673, 0.02688, 0.03087, 0.2339, 1.9652, 0.026597, 7.5751e-05, 14.024, 0.31914, 0.00012504, 2.9129, 0.087815, 0.00016755
52, 4.56, 0.32421, 0.04323, 0.2, 2.0833, 0.76092, 1.1431, 1.0049, 0.93255, 0.7148, 0.84837, 1.0764, 0.81761, 0.93878, 0.0023, 3.8334, 0.84776, 0.00824, 6.0415, 0.92583, 0.03857, 1.3452, 0.99614, 1.4013, 0.45267, 0.53591, 4.9367, 1.3345, 0.74543, 0.0065231, 5.0561, 0.6438, 0.009513, 4.4767, 1.0098, 0.045006, 1.1728, 0.95597, 1.2232, 0.33585, 0.35225, 3.6003, -0.42573, 0.64264, -0.0024136, 3.3233, 0.19168, -0.003433, 3.3491, 0.6745, 0.031634, 1.5175, 1.0363, 1.5794, 0.5695, 0.71958, 6.2731, 3.0948, 0.84822, 0.01546, 6.7889, 1.0959, 0.022459, 5.6043, 1.3451, 0.058379, 0.010982, 0.00059628, 0.011723, 0.0050445, 0.012468, 0.66008, 1.1452, 0.0039053, 2.9519e-05, 1.1098, 0.075551, 6.1947e-05, 0.46995, 0.041553, 6.6095e-05, 1.0512, 0.90368, 0.84791, 0.17322, 0.23514, -0.75869, -2.6895, 0.4686, -0.0058488, 0.81608, 0.0038121, -0.0035318, 0.9781, 0.26938, 0.02116, 1.6392, 1.0886, 1.9547, 0.73212, 0.83669, 10.632, 5.3585, 1.0223, 0.018895, 9.2961, 1.2838, 0.022558, 7.9752, 1.7502, 0.068853, 0.031946, 0.0031598, 0.11319, 0.028863, 0.033437, 11.989, 5.9849, 0.028324, 5.6575e-05, 6.6448, 0.15139, 6.2895e-05, 4.524, 0.20263, 0.00021018
53, 3.0049, 0.23427, 0.07638, 0.14319, 1.3544, 0.52635, 0.86369, 1.0113, 0.82924, 0.56093, 0.37132, 1.355, 0.77987, 0.53788, 0.01138, 1.6615, 0.46132, 0.02274, 7.6879, 0.19781, 0.0485, 0.74752, 0.97536, 1.368, 0.45658, 0.53384, 1.2543, 1.4951, 0.71172, 0.010553, 5.4674, 0.70394, 0.0069183, 4.8457, 0.68129, 0.045477, 0.64129, 0.94067, 1.2385, 0.3932, 0.44387, 0.79263, 0.0061222, 0.64159, 0.0023426, 4.1935, 0.39812, 0.0022247, 4.0661, 0.53401, 0.040071, 0.85375, 1.0101, 1.4975, 0.51996, 0.6238, 1.7159, 2.984, 0.78185, 0.018763, 6.7414, 1.0098, 0.011612, 5.6253, 0.82858, 0.050884, 0.0041711, 0.00044487, 0.0061981, 0.0014848, 0.0029914, 0.078764, 0.81943, 0.0018179, 2.4913e-05, 0.59985, 0.034568, 8.1424e-06, 0.22464, 0.0080176, 1.0803e-05, -0.27241, 0.88515, 0.28563, 0.1945, 0.27922, -0.73912, -1.0873, 0.34281, -0.0028091, -2.2304, -0.2791, -0.0044079, 1.1869, -0.50926, 0.025007, 1.7674, 1.0656, 2.4504, 0.71866, 0.78845, 3.2476, 4.0775, 1.0806, 0.023914, 13.165, 1.687, 0.018244, 8.5045, 1.8718, 0.065948, 0.38449, 0.0030084, 0.43304, 0.025387, 0.023961, 1.4687, 2.4649, 0.050301, 6.5989e-05, 21.902, 0.35718, 4.7415e-05, 4.9479, 0.52389, 0.00015488
54, 4.4984, 0.31474, 0.0649, 0.09439, 0.79167, 0.35916, 0.68095, 0.98915, 1.8581, 0.40456, 0.42977, 0.92153, 0.84581, 0.73281, 0.00015, 4.8815, 0.01327, 0.00139, 4.8323, 0.71664, 0.03597, 1.2154, 0.96572, 1.5237, 0.27069, 0.61334, 1.8055, 2.3357, 0.76993, 0.013821, 4.5979, 0.64478, 0.00457, 6.1092, 0.4671, 0.057004, 1.0747, 0.93721, 1.3912, 0.1962, 0.4831, 1.4466, 1.1717, 0.69687, 0.0083336, 3.4747, 0.26169, -0.0030329, 5.2977, 0.30347, 0.050805, 1.3561, 0.99422, 1.6562, 0.34519, 0.74358, 2.1644, 3.4997, 0.84298, 0.019307, 5.7211, 1.0279, 0.012173, 6.9207, 0.63073, 0.063202, 0.0073195, 0.00030033, 0.0064933, 0.0020512, 0.0062694, 0.047611, 0.5008, 0.0019724, 1.1128e-05, 0.46626, 0.054243, 2.1365e-05, 0.24339, 0.0098962, 1.4201e-05, 0.62394, 0.87769, 0.98388, 0.018674, 0.34187, 0.86598, 0.27222, 0.52373, 0.0043025, 0.18678, -0.35153, -0.0092832, 2.5522, -0.09102, 0.03631, 1.8069, 1.0537, 2.0635, 0.52271, 0.88481, 2.7451, 4.3992, 1.0161, 0.023339, 9.009, 1.6411, 0.018423, 9.6661, 1.0252, 0.077698, 0.1293, 0.0028638, 0.10771, 0.023475, 0.027239, 0.32628, 1.5738, 0.022403, 3.3484e-05, 7.1919, 0.36688, 7.0933e-05, 4.6762, 0.11513, 0.00015828
55, 4.7, 0.26135, 0.06701, 0.42785, 2.6667, 0.48527, 1.3974, 1.0483, 1.6911, 0.35465, 0.12328, 0.01801, 0.78515, 0.68615, 0.00782, 4.7938, 0.07053, 0.01432, 1.646, 2.1993, 0.07582, 1.3961, 1.003, 1.4935, 0.50993, 0.57278, 1.7776, 1.2912, 0.62419, 0.0063389, 4.8335, 0.73473, 0.010285, 2.7298, 1.9092, 0.0501, 1.2618, 0.95757, 1.3508, 0.36111, 0.36668, 0.77784, -0.47921, 0.48566, -0.0026569, 3.311, 0.26755, -0.0010978, 1.294, 1.5778, 0.040944, 1.5304, 1.0484, 1.6363, 0.65874, 0.77888, 2.7774, 3.0615, 0.76273, 0.015335, 6.356, 1.2019, 0.021667, 4.1657, 2.2407, 0.059256, 0.0066664, 0.00076207, 0.0075344, 0.008185, 0.0157, 0.36946, 1.1585, 0.0070934, 2.991e-05, 0.85676, 0.080673, 4.7887e-05, 0.76201, 0.040613, 3.0987e-05, 0.8888, 0.90812, 1.0364, 0.21758, 0.2578, -0.75667, -1.6535, 0.33697, -0.0071618, -1.3172, -0.41938, -0.0017339, -0.57796, 0.8679, 0.028336, 1.9035, 1.0978, 1.9507, 0.80227, 0.88776, 4.3119, 4.2358, 0.91141, 0.01984, 10.984, 1.8888, 0.022303, 6.0376, 2.9506, 0.071863, 0.095139, 0.0033256, 0.077252, 0.031588, 0.036669, 2.3739, 3.2049, 0.030491, 6.7369e-05, 13.983, 0.49231, 5.3389e-05, 4.0441, 0.4008, 0.00017507
56, 4, 0.29084, 0.13792, 0.19995, 1.1111, 0.3202, 1.833, 0.97656, 1.8305, 0.45665, 0.57029, 1.069, 1.1707, 0.97682, 0.00127, 4.5274, 1.0832, 0.00311, 9.3245, 0.46392, 0.05143, 1.1195, 0.98303, 1.583, 0.43084, 0.49348, 1.2354, 1.1678, 0.78193, 0.0049494, 4.9126, 0.8216, 0.0031657, 4.5011, 0.67683, 0.047334, 0.9485, 0.94515, 1.4441, 0.34338, 0.32845, 0.61122, -0.53903, 0.69108, -0.003242, 3.4806, 0.39037, -0.0057778, 3.3757, 0.46426, 0.037987, 1.2905, 1.0209, 1.7219, 0.51831, 0.65851, 1.8596, 2.8745, 0.87278, 0.013141, 6.3445, 1.2528, 0.012109, 5.6265, 0.8894, 0.056681, 0.010805, 0.00053041, 0.0071348, 0.0028276, 0.010066, 0.14401, 1.0767, 0.0030508, 2.4801e-05, 0.75791, 0.068733, 2.9564e-05, 0.46814, 0.016701, 3.2291e-05, 0.25468, 0.89154, 0.91161, 0.20375, 0.20371, 0.14408, -1.4173, 0.50414, -0.0039814, -0.70797, 0.097607, -0.015573, 0.070815, 0.17122, 0.02549, 1.9843, 1.0745, 2.2544, 0.65794, 0.78326, 2.3268, 3.7528, 1.0597, 0.01388, 10.533, 1.5456, 0.021904, 8.9314, 1.1824, 0.069179, 0.27643, 0.0030939, 0.16661, 0.019062, 0.031036, 0.44022, 2.4699, 0.028522, 2.948e-05, 11.676, 0.19374, 0.00012978, 7.2546, 0.094488, 0.00017637
57, 3, 0.19901, 0.07594, 0.1, 1.5278, 0.42467, 0.22104, 0.91358, 1.6178, 0.327, 0.45006, 1.2799, 1.4426, 0.96024, 0.01263, 9.4869, 1.9251, 0.0022, 6.3656, 0.51142, 0.06155, 0.68139, 1.0093, 1.2092, 0.46014, 0.49728, 2.0238, 0.95643, 0.70704, 0.0043486, 5.2197, 0.64202, 0.0035302, 5.1652, 0.6731, 0.043964, 0.55371, 0.97775, 1.0885, 0.39296, 0.40084, 1.4764, -0.23913, 0.62804, -0.0028968, 4.1944, 0.31396, -0.0018864, 4.2886, 0.49568, 0.037909, 0.80908, 1.0408, 1.3299, 0.52732, 0.59373, 2.5711, 2.152, 0.78604, 0.011594, 6.2449, 0.97007, 0.0089467, 6.0418, 0.85052, 0.050019, 0.006026, 0.00036697, 0.0053856, 0.001668, 0.0034378, 0.11073, 0.5283, 0.0023069, 1.9403e-05, 0.38852, 0.039778, 1.0844e-05, 0.28403, 0.011634, 1.3551e-05, 0.0098101, 0.92021, 0.099001, 0.24824, 0.24031, -1.9536, -1.6083, 0.31855, -0.0081369, 0.014126, -0.54415, -0.004077, 1.3446, -0.67655, 0.023313, 1.353, 1.0983, 2.3194, 0.67204, 0.75426, 6.0012, 3.5212, 1.0955, 0.016834, 10.425, 1.8282, 0.011137, 8.9858, 2.0227, 0.064616, 0.1667, 0.0029305, 0.45555, 0.016596, 0.024407, 5.8472, 2.4313, 0.055785, 5.7617e-05, 10.016, 0.52004, 2.1389e-05, 5.3952, 0.67326, 0.00015763
58, 2.25, 0.30385, 0.0606, 0.15791, 2.0159, 0.83622, 0.65541, 0.91446, 1.1502, 0.42711, 0.34616, 6.6348, 4.9193, 0.74512, 0.0044, 3.3927, 0.30954, 0.00228, 5.0106, 0.83014, 0.04891, 0.68187, 0.97537, 1.3145, 0.4591, 0.36081, 2.3235, 1.322, 0.73273, 0.0060718, 6.2791, 0.46354, 0.0032777, 3.7679, 0.77415, 0.041399, 0.55712, 0.93555, 1.1325, 0.35274, 0.20628, 1.3364, -0.33937, 0.63774, -0.0026426, 4.5998, 0.13521, -0.0048609, 2.5317, 0.51099, 0.031916, 0.80662, 1.0152, 1.4964, 0.56546, 0.51534, 3.3105, 2.9833, 0.82771, 0.014786, 7.9585, 0.79187, 0.011416, 5.0041, 1.0373, 0.050881, 0.0057522, 0.00058591, 0.012236, 0.0041811, 0.0088256, 0.36012, 1.0201, 0.0033349, 2.8068e-05, 1.0424, 0.039844, 2.4482e-05, 0.56482, 0.025598, 3.3237e-05, 0.40245, 0.88306, 0.39367, 0.12298, 0.076887, -3.5656, -2.9046, 0.55196, -0.011642, 1.4678, -0.0063063, -0.0050427, 0.5043, 0.13351, 0.019496, 0.96129, 1.0677, 2.2353, 0.79523, 0.64473, 8.2125, 5.5485, 0.91349, 0.023786, 11.09, 0.93338, 0.011598, 7.0315, 1.4148, 0.063301, 0.028858, 0.0031494, 0.31338, 0.041759, 0.029795, 12.818, 6.6026, 0.012078, 0.00011598, 8.5559, 0.081593, 2.5588e-05, 3.9367, 0.1517, 0.00017732
59, 4.56, 0.08105, 0.02882, 0.2, 3.125, 0.47855, 0.49934, 1.0633, 1.2089, 0.51208, 0.61336, 3.274, 0.87046, 0.80291, 0.00028, 3.3333, 1.6087, 0.04241, 1.5459, 3.577, 0.05423, 0.98146, 1.0302, 1.1604, 0.42345, 0.54929, 2.7655, 1.2594, 0.61087, 0.0063538, 2.2959, 0.67287, 0.040558, 3.9741, 1.8633, 0.059856, 0.82302, 0.98999, 1.0186, 0.2453, 0.32281, 1.3911, -0.37585, 0.46088, -0.002642, 0.93055, 0.19466, 0.034325, 2.4185, 1.4, 0.04942, 1.1399, 1.0705, 1.3022, 0.60161, 0.77578, 4.14, 2.8947, 0.76086, 0.01535, 3.6613, 1.1511, 0.046791, 5.5298, 2.3267, 0.070292, 0.0092782, 0.00059877, 0.0074342, 0.011732, 0.018959, 0.69822, 0.98837, 0.0083152, 2.9911e-05, 0.68904, 0.084525, 1.436e-05, 0.8945, 0.079359, 4.0257e-05, 0.43321, 0.93774, 0.85252, 0.090521, 0.22061, 0.21927, -1.2249, 0.31671, -0.017089, -0.062015, -0.53083, 0.032387, 1.95, 0.89307, 0.037524, 1.5297, 1.1227, 1.4683, 0.75639, 0.87797, 5.3118, 3.7437, 0.90503, 0.029796, 4.6539, 1.8766, 0.048728, 5.9983, 2.8336, 0.082188, 0.1111, 0.0031623, 0.035038, 0.040969, 0.039929, 2.3964, 2.2811, 0.031983, 0.00020312, 2.055, 0.53553, 2.4675e-05, 1.5144, 0.34797, 0.00018434
60, 2.1818, 0.28637, 0.16597, 0.59996, 0.86111, 0.46736, 1.2229, 0.91013, 1.6858, 0.51573, 0.20011, 1.2496, 1.2992, 0.71408, 0.00572, 2.2703, 0.86402, 0.00138, 1.2368, 2.5553, 0.03615, 1.314, 1.0145, 1.5085, 0.39595, 0.26747, 1.419, 1.326, 0.54059, 0.0064047, 4.2356, 0.86834, 0.0084828, 2.0752, 1.2613, 0.057399, 1.0613, 0.96716, 1.3363, 0.25556, 0.077485, 0.49412, -0.44563, 0.40373, -0.0025926, 2.1318, 0.42485, -0.0038848, 0.40003, 0.88467, 0.042338, 1.5667, 1.0618, 1.6807, 0.53634, 0.45745, 2.3439, 3.0976, 0.67744, 0.015402, 6.3395, 1.3118, 0.02085, 3.7504, 1.6379, 0.072459, 0.023596, 0.00082681, 0.01096, 0.007285, 0.01334, 0.31618, 1.16, 0.0069224, 2.9921e-05, 1.636, 0.072697, 5.6534e-05, 1.0372, 0.05243, 8.3838e-05, 0.6676, 0.91868, 0.64745, 0.10543, -0.037209, -0.083655, -1.0763, 0.20252, -0.010654, -1.4918, -0.015747, -0.0088612, -1.3363, 0.43198, 0.032566, 1.9604, 1.1102, 2.3696, 0.68648, 0.57214, 2.9217, 3.7283, 0.87866, 0.023463, 9.9631, 1.7524, 0.025827, 5.4867, 2.0906, 0.082231, 0.15443, 0.0033903, 0.27405, 0.031197, 0.03431, 0.8346, 2.133, 0.042244, 0.00010755, 12.125, 0.28889, 0.00011118, 4.3016, 0.25421, 0.00022792
61, 4, 0.31953, 0.09037, 0.61304, 1.25, 0.37617, 1.7054, 0.98478, 1.0337, 0.39835, 0.48384, 0.99153, 1.1387, 0.52236, 0.00254, 8.6989, 0.10625, 0.00588, 1.3954, 1.5152, 0.07813, 1.6399, 1.0015, 1.5761, 0.45167, 0.31956, 0.16227, 1.3202, 0.57427, 0.0064209, 3.7626, 0.73146, 0.010475, 1.9854, 1.6068, 0.06962, 1.4538, 0.95387, 1.413, 0.31532, 0.11643, -0.64725, -0.45135, 0.44272, -0.0025763, 1.3135, 0.26836, -0.0026462, 0.36943, 1.2974, 0.054916, 1.826, 1.0491, 1.7392, 0.58803, 0.52269, 0.97179, 3.0917, 0.70581, 0.015418, 6.2117, 1.1946, 0.023597, 3.6014, 1.9162, 0.084323, 0.012802, 0.00083768, 0.0098303, 0.006872, 0.01525, 0.24221, 1.16, 0.006396, 2.992e-05, 2.217, 0.07927, 6.3636e-05, 0.96523, 0.035375, 7.9909e-05, 0.68204, 0.90555, 0.89439, 0.18377, 0.0065181, -1.2155, -1.5467, 0.27638, -0.0035796, -0.97873, -0.24786, -0.0076283, -2.2987, 0.84033, 0.045002, 2.5977, 1.0974, 2.2578, 0.71958, 0.6326, 1.54, 4.1871, 0.87216, 0.016422, 8.5039, 1.7108, 0.028579, 6.2696, 2.3733, 0.094237, 0.33909, 0.0034012, 0.17177, 0.026528, 0.03622, 0.7016, 3.0379, 0.032798, 3.6965e-05, 8.3089, 0.35449, 0.00012114, 6.7839, 0.21715, 0.00022399
62, 4.56, 0.08105, 0.08646, 0.2, 1.0417, 0.23453, 1.6219, 1.0406, 0.62635, 0.57732, 0.38073, 1.4634, 0.56523, 0.5145, 0.00115, 2.8791, 0.18924, 0.02803, 6.9276, 0.79508, 0.06654, 0.92602, 1.0313, 1.2057, 0.61406, 0.53133, 1.557, 1.2538, 0.74548, 0.0054583, 2.6264, 0.77963, 0.031979, 6.2372, 0.93759, 0.053195, 0.76114, 0.99177, 1.0853, 0.51306, 0.37324, 1.1064, -0.46887, 0.6447, -0.0032836, 1.3763, 0.40874, 0.024367, 5.161, 0.73617, 0.043209, 1.0909, 1.0708, 1.3261, 0.71505, 0.68942, 2.0077, 2.9764, 0.84627, 0.0142, 3.8765, 1.1505, 0.039592, 7.3135, 1.139, 0.063181, 0.010048, 0.00057784, 0.0053608, 0.0037701, 0.0092374, 0.075061, 1.0968, 0.0037547, 2.8246e-05, 0.57759, 0.050842, 2.1419e-05, 0.42811, 0.014995, 3.6858e-05, 0.16098, 0.93912, 0.93438, 0.261, 0.24545, 0.91908, -0.55587, 0.48531, -0.019365, 0.36478, 0.095184, 0.013978, 4.5374, 0.50009, 0.031069, 1.6911, 1.1235, 1.477, 0.96712, 0.81721, 2.195, 3.0634, 1.0057, 0.030282, 4.888, 1.4641, 0.04998, 7.9371, 1.3751, 0.07532, 0.21633, 0.0031413, 0.027206, 0.046073, 0.030207, 0.15042, 1.2104, 0.025019, 0.00022776, 1.8905, 0.17315, 0.00011977, 1.068, 0.070744, 0.00018094
63, 4, 0.44611, 0.06497, 0.07227, 0.82812, 0.53178, 1.4487, 1.0955, 0.71607, 0.40972, 0.62801, 0.91995, 0.44166, 0.70632, 0.00016, 5.3266, 0.89327, 0.02218, 7.3772, 0.48554, 0.05473, 1.1503, 0.99009, 1.3817, 0.26209, 0.50267, 1.4247, 1.4042, 0.79424, 0.0065646, 4.3005, 0.72089, 0.0089675, 5.2778, 0.36603, 0.051302, 0.9618, 0.93894, 1.1954, 0.14247, 0.27592, 0.42421, -0.36327, 0.67609, -0.0024319, 2.4636, 0.24732, -0.0041114, 4.1974, 0.081676, 0.04045, 1.3389, 1.0412, 1.568, 0.38171, 0.72942, 2.4252, 3.1716, 0.91238, 0.015561, 6.1374, 1.1945, 0.022046, 6.3582, 0.65038, 0.062154, 0.013138, 0.00096712, 0.012829, 0.0052886, 0.019004, 0.36997, 1.1546, 0.0051591, 2.9915e-05, 1.2472, 0.082894, 6.3225e-05, 0.43144, 0.029885, 4.3527e-05, 0.53279, 0.89235, 0.68839, -0.018509, 0.17381, 0.13673, -1.1752, 0.48624, -0.0068016, 0.51108, -0.31412, -0.0088177, 2.2197, -0.49097, 0.028772, 1.7679, 1.0878, 2.075, 0.54269, 0.83153, 2.7127, 3.9836, 1.1022, 0.019931, 8.0899, 1.7559, 0.026753, 8.336, 1.223, 0.073831, 0.14096, 0.0035306, 0.17767, 0.029102, 0.039973, 0.61314, 2.4591, 0.035062, 6.6033e-05, 5.3076, 0.39595, 0.00011691, 3.4568, 0.27146, 0.00018761
64, 4.4984, 0.33805, 0.06971, 0.10139, 0.79167, 0.36058, 1.13, 0.90813, 1.9478, 0.24687, 0.60602, 1.2405, 2.7974, 0.96518, 0.0135, 1.3603, 0.50724, 0.0011, 3.8422, 0.47801, 0.06581, 1.2147, 0.96443, 1.4926, 0.28017, 0.57658, 1.929, 1.2997, 0.75093, 0.0050322, 4.6883, 0.55906, 0.0059716, 6.0553, 0.48219, 0.054127, 1.0686, 0.93546, 1.3577, 0.20523, 0.4363, 1.5224, -0.068186, 0.677, -0.0012537, 3.4643, 0.16011, -0.0030026, 5.2049, 0.30817, 0.047475, 1.3609, 0.9934, 1.6276, 0.35511, 0.71686, 2.3357, 2.6675, 0.82485, 0.011318, 5.9124, 0.95802, 0.014946, 6.9057, 0.65621, 0.060779, 0.0078967, 0.00031023, 0.0067327, 0.0020756, 0.0072735, 0.061123, 0.69155, 0.0020199, 1.4604e-05, 0.55378, 0.058829, 2.9767e-05, 0.2673, 0.011193, 1.6356e-05, 0.6219, 0.87625, 0.92841, 0.02313, 0.30015, 0.97413, -0.94155, 0.50418, -0.0052352, 0.8266, -0.43046, -0.0086687, 2.5834, -0.082579, 0.033293, 1.8076, 1.0526, 2.0569, 0.53721, 0.85301, 2.8839, 3.5409, 0.99767, 0.0153, 8.55, 1.5486, 0.020612, 9.5271, 1.047, 0.074962, 0.1299, 0.0028737, 0.11767, 0.02442, 0.028243, 0.33701, 1.8566, 0.022503, 3.8965e-05, 5.512, 0.36191, 7.9221e-05, 4.4552, 0.11789, 0.00016044
65, 6, 0.29326, 0.04107, 0.14819, 1, 0.38358, 1.7636, 0.93224, 1.0507, 0.29278, 0.53974, 1.0936, 0.18183, 0.52661, 0.01875, 4.0794, 1.3698, 0.00351, 9.1533, 0.68213, 0.07562, 1.2759, 0.97154, 1.5751, 0.35671, 0.47318, 1.448, 1.0869, 0.80002, 0.0077787, 3.5978, 0.59856, 0.011361, 5.4805, 1.0202, 0.060586, 1.1183, 0.93268, 1.4346, 0.26703, 0.3204, 0.83267, -0.6135, 0.71073, -0.00091234, 1.8547, 0.21368, 0.00039635, 4.3752, 0.83208, 0.051825, 1.4336, 1.0104, 1.7156, 0.44638, 0.62596, 2.0634, 2.7874, 0.8893, 0.01647, 5.341, 0.98343, 0.022326, 6.5857, 1.2083, 0.069347, 0.009185, 0.00055816, 0.007295, 0.0029725, 0.0086271, 0.13995, 1.0687, 0.0029464, 2.7918e-05, 1.1231, 0.05475, 4.4439e-05, 0.4515, 0.013082, 2.8371e-05, 0.55936, 0.87964, 0.98888, 0.087469, 0.1902, 0.58157, -1.373, 0.53216, -0.0066837, -1.8763, -0.56849, -0.0074742, 2.6238, 0.41578, 0.038985, 1.9925, 1.0634, 2.1613, 0.62594, 0.75616, 2.3145, 3.5469, 1.0679, 0.022241, 9.072, 1.7656, 0.030197, 8.3371, 1.6246, 0.082186, 0.18978, 0.0031216, 0.12701, 0.026793, 0.029597, 0.27748, 2.2366, 0.026519, 7.7309e-05, 11.076, 0.50341, 0.00013113, 3.0161, 0.13503, 0.00017245
66, 3.0022, 0.21681, 0.10674, 0.2059, 1.3386, 0.41882, 0.51079, 1.051, 1.1433, 0.6005, 0.60417, 1.4706, 0.27334, 0.83835, 0.00137, 6.5248, 0.01345, 0.00616, 6.678, 0.69303, 0.05306, 0.83483, 0.98818, 1.3377, 0.54331, 0.52957, 1.5969, 1.1777, 0.70407, 0.0031952, 4.0947, 0.73892, 0.013072, 4.3105, 0.79827, 0.046617, 0.71038, 0.95083, 1.2132, 0.47487, 0.42478, 1.1843, -0.52793, 0.62652, -0.0044535, 3.1103, 0.41771, 0.0053323, 3.4658, 0.64677, 0.0405, 0.95928, 1.0255, 1.4622, 0.61175, 0.63435, 2.0095, 2.8834, 0.78163, 0.010844, 5.0791, 1.0601, 0.020811, 5.1553, 0.94978, 0.052735, 0.0057247, 0.00051579, 0.0057265, 0.0017314, 0.0040583, 0.062931, 1.0753, 0.0022232, 2.1623e-05, 0.35817, 0.038134, 2.214e-05, 0.26375, 0.0084836, 1.3832e-05, -0.19653, 0.89691, 0.2467, 0.30073, 0.26935, -0.24631, -1.34, 0.32335, -0.0096871, -3.3412, -0.25682, -0.0002617, 0.57159, -0.18223, 0.025947, 1.8662, 1.0795, 2.4287, 0.78589, 0.78979, 3.4401, 3.6954, 1.0848, 0.016077, 11.531, 1.7347, 0.026405, 8.0494, 1.7788, 0.067287, 0.39315, 0.0030793, 0.43993, 0.02175, 0.025028, 1.2557, 2.3429, 0.053575, 6.1338e-05, 20.436, 0.36646, 6.5711e-05, 5.167, 0.35534, 0.00015791
67, 4.6981, 0.16327, 0.04387, 0.1029, 0.84667, 0.31592, 1.1971, 1.0809, 0.54477, 0.35771, 0.31914, 1.2026, 1.3776, 0.86669, 0.00014, 4.4372, 0.95026, 0.00997, 9.1106, 0.69067, 0.0478, 1.0623, 1.0077, 1.1285, 0.45516, 0.44906, 1.2421, 1.1173, 0.75453, 0.0081711, 5.3606, 0.60596, 0.01746, 6.4375, 0.67628, 0.059198, 0.92813, 0.97619, 1.0249, 0.37094, 0.3223, 0.82573, 0.3713, 0.67111, 0.0012423, 4.3583, 0.268, 0.0090018, 5.5918, 0.51367, 0.052395, 1.1965, 1.0392, 1.2321, 0.53937, 0.57582, 1.6585, 1.8634, 0.83796, 0.0151, 6.363, 0.94393, 0.025919, 7.2833, 0.8389, 0.066001, 0.0066552, 0.00036634, 0.0039689, 0.0026214, 0.005939, 0.064078, 0.20572, 0.0025724, 1.7745e-05, 0.37135, 0.042217, 2.6444e-05, 0.26438, 0.0097739, 1.7107e-05, 0.45346, 0.91864, 0.80936, 0.17875, 0.17924, 0.35953, -0.011894, 0.50976, -0.0081488, 3.0886, -0.24993, 0.0021926, 4.2913, 0.20567, 0.038315, 1.6712, 1.0967, 1.4476, 0.73157, 0.71888, 2.1247, 2.2466, 0.99931, 0.024491, 7.6326, 1.4618, 0.032728, 8.5838, 1.1469, 0.080081, 0.13702, 0.0029298, 0.037646, 0.028239, 0.026909, 0.2879, 0.47132, 0.022145, 9.8442e-05, 1.908, 0.27076, 8.6158e-05, 1.7026, 0.08186, 0.00016119
68, 3.0049, 0.29001, 0.1222, 0.36241, 1.3544, 0.4912, 1.1682, 0.98183, 1.5504, 0.61426, 0.44434, 1.1333, 0.67352, 0.70553, 0.02787, 2.3136, 1.1764, 0.0268, 8.0086, 0.29101, 0.02541, 1.175, 1.0285, 1.5239, 0.47677, 0.39693, 1.4307, 3.5124, 0.81057, 0.011544, 2.1683, 0.68113, 0.030301, 4.6938, 1.0438, 0.042213, 1.0218, 0.98598, 1.3887, 0.38502, 0.25354, 0.91653, 2.0795, 0.7125, 0.0045533, 0.39715, 0.29511, 0.022294, 3.6756, 0.85424, 0.034027, 1.3282, 1.071, 1.6591, 0.56853, 0.54032, 1.9449, 4.9453, 0.90864, 0.018535, 3.9395, 1.0671, 0.038308, 5.7119, 1.2333, 0.050399, 0.0086751, 0.00066814, 0.0067571, 0.0031117, 0.0075995, 0.097718, 0.75886, 0.003555, 1.8063e-05, 1.1595, 0.055076, 2.3698e-05, 0.38316, 0.01328, 2.4769e-05, 0.19503, 0.935, 0.54459, 0.20557, 0.11891, -0.58444, 0.6416, 0.41029, -0.0014988, -3.477, -0.27725, 0.017464, 1.2213, -0.14653, 0.020839, 2.1549, 1.122, 2.5033, 0.74798, 0.67495, 3.4459, 6.3832, 1.2109, 0.024587, 7.8137, 1.6395, 0.043137, 8.1663, 2.2341, 0.063586, 0.35494, 0.0032316, 0.3545, 0.027186, 0.028569, 1.5009, 3.0462, 0.059221, 6.2877e-05, 11.779, 0.33948, 6.0903e-05, 4.4569, 0.52369, 0.00016885
69, 3.0049, 0.1684, 0.07188, 0.2108, 1.3368, 0.50631, 0.73949, 1.0092, 0.86216, 0.93199, 0.77681, 7.9794, 0.8289, 0.29245, 0.04211, 0.43637, 0.14439, 0.03026, 4.9199, 0.21217, 0.04551, 0.74768, 1.0137, 1.13, 0.53482, 0.54033, 1.1405, 1.2289, 0.68282, 0.009047, 3.6366, 0.72572, 0.0047798, 5.0544, 0.88735, 0.051755, 0.63246, 0.9802, 1.0143, 0.46385, 0.4244, 0.71657, -0.41541, 0.60789, 0.00084549, 2.737, 0.37421, -0.0040849, 4.2392, 0.7356, 0.045459, 0.8629, 1.0471, 1.2458, 0.60579, 0.65626, 1.5644, 2.8733, 0.75775, 0.017249, 4.5363, 1.0772, 0.013644, 5.8697, 1.0391, 0.05805, 0.0049066, 0.00041407, 0.0049501, 0.0018616, 0.0049678, 0.066418, 0.99937, 0.0020754, 2.4862e-05, 0.29918, 0.045669, 2.9045e-05, 0.24568, 0.0085121, 1.4649e-05, -0.29103, 0.92392, 0.033835, 0.35801, 0.27543, -0.65031, -0.87435, 0.29279, -0.0038605, 1.2549, -0.3443, -0.0092782, 1.2412, -0.28691, 0.031031, 1.7864, 1.1034, 2.2263, 0.71163, 0.80524, 2.9313, 3.3322, 1.0728, 0.021954, 6.0184, 1.7957, 0.018838, 8.8677, 2.0616, 0.072478, 0.39878, 0.0029776, 0.44416, 0.011555, 0.025937, 1.1853, 1.6351, 0.056225, 6.1578e-05, 2.0967, 0.42318, 7.3045e-05, 5.3744, 0.50966, 0.00015873
70, 2.5, 0.13114, 0.04582, 0.25389, 0.97222, 0.73611, 1.4919, 0.9978, 0.85206, 0.83349, 0.83054, 3.2684, 1.606, 0.69339, 0.0056, 1.38, 0.38279, 0.00446, 4.7605, 0.6188, 0.05266, 0.611, 1.0096, 1.156, 0.63775, 0.52519, 3.0957, 1.3159, 0.7013, 0.0065897, 1.2274, 0.69801, 0.01271, 4.8267, 0.94618, 0.060197, 0.47104, 0.97101, 0.99432, 0.53831, 0.3787, 2.3464, -0.44216, 0.59835, -0.0024054, -0.34724, 0.35875, 0.001147, 3.5612, 0.67325, 0.050244, 0.75097, 1.0482, 1.3177, 0.73719, 0.67167, 3.845, 3.074, 0.80426, 0.015585, 2.802, 1.0373, 0.024273, 6.0922, 1.2191, 0.07015, 0.0072408, 0.00055065, 0.0096608, 0.0036551, 0.0079314, 0.20753, 1.1424, 0.0039177, 2.9906e-05, 0.91641, 0.042543, 4.9419e-05, 0.59194, 0.027533, 3.6613e-05, -0.078042, 0.91781, 0.21439, 0.36696, 0.24556, 2.141, -0.57574, 0.46848, -0.007837, -1.2643, 0.086843, -0.0061823, 1.3856, 0.075833, 0.038087, 1.3, 1.1014, 2.0976, 0.90854, 0.80482, 4.0505, 3.2076, 0.93413, 0.021016, 3.719, 1.3092, 0.031603, 8.2679, 1.8165, 0.082308, 0.17548, 0.0031141, 0.32771, 0.027103, 0.028901, 0.33693, 1.3226, 0.020036, 7.6927e-05, 2.2947, 0.13806, 0.00013192, 4.3768, 0.27998, 0.00018069
71, 3, 0.27345, 0.03343, 0.04505, 1.7018, 0.64253, 0.28535, 1.0802, 1.8424, 0.36976, 0.38865, 0.92983, 0.89203, 0.95683, 0.00043, 8.4101, 1.6111, 0.00541, 9.105, 0.59763, 0.05459, 0.73385, 0.99733, 1.3774, 0.32442, 0.43453, 4.8154, 1.5308, 0.71994, 0.0073419, 5.8843, 0.64515, 0.0057416, 5.3953, 0.65548, 0.04477, 0.5812, 0.95703, 1.2206, 0.22673, 0.29054, 3.714, -0.22907, 0.6257, -0.0016193, 4.3583, 0.25923, -0.0038151, 4.1858, 0.38533, 0.034289, 0.88651, 1.0376, 1.5342, 0.42211, 0.57853, 5.9168, 3.2907, 0.81418, 0.016303, 7.4102, 1.0311, 0.015298, 6.6047, 0.92564, 0.055251, 0.0086132, 0.00060008, 0.0090862, 0.0035273, 0.0076633, 0.44835, 1.1447, 0.0032826, 2.9681e-05, 0.86062, 0.055047, 3.3757e-05, 0.54063, 0.026975, 4.0599e-05, 0.26438, 0.90481, 0.34908, 0.050171, 0.15621, 0.17571, -2.4157, 0.43647, -0.006796, -0.052268, -0.1421, -0.0042962, 1.7977, -0.34326, 0.022417, 1.2033, 1.0898, 2.4057, 0.59868, 0.71286, 9.4551, 5.4773, 1.0034, 0.02148, 11.821, 1.4324, 0.015779, 8.9928, 1.6542, 0.067123, 0.081464, 0.0031636, 0.39083, 0.0278, 0.028633, 7.9566, 5.7567, 0.029701, 7.3879e-05, 13.026, 0.22907, 3.7241e-05, 4.7836, 0.36868, 0.00018468
72, 3, 0.21736, 0.06894, 0.10552, 1.5151, 0.47661, 0.55042, 0.99978, 1.6919, 0.54468, 0.60361, 3.3233, 2.6952, 0.57219, 0.00115, 0.44286, 0.86658, 0.00063, 3.335, 2.1284, 0.04175, 0.68593, 0.99073, 1.2907, 0.42923, 0.478, 1.8869, 1.5552, 0.71087, 0.0098977, 5.2611, 0.71861, 0.0063969, 5.3853, 0.66578, 0.044916, 0.56815, 0.95927, 1.1648, 0.36414, 0.38871, 1.348, 0.33914, 0.63575, 0.0026558, 4.2409, 0.41119, 0.0018036, 4.5529, 0.49526, 0.039336, 0.80372, 1.0222, 1.4166, 0.49432, 0.5673, 2.4258, 2.7712, 0.78598, 0.01714, 6.2813, 1.026, 0.01099, 6.2178, 0.8363, 0.050495, 0.0051276, 0.00036573, 0.0058582, 0.001566, 0.0029472, 0.10733, 0.54657, 0.0020856, 1.9385e-05, 0.38468, 0.034932, 7.7981e-06, 0.25613, 0.010747, 1.1508e-05, -0.0065279, 0.90171, 0.18942, 0.18271, 0.22363, -1.9851, -1.1989, 0.29942, -0.0027513, -2.2825, -0.44757, -0.00084322, 1.6423, -0.80485, 0.024398, 1.3784, 1.0798, 2.3919, 0.67575, 0.73238, 5.7589, 4.3093, 1.1223, 0.022547, 12.805, 1.8848, 0.013637, 9.1284, 2.1364, 0.065433, 0.17723, 0.0029292, 0.44825, 0.022462, 0.023917, 5.5415, 2.8035, 0.06257, 5.9137e-05, 21.033, 0.50267, 1.9375e-05, 5.1784, 0.79938, 0.00015559
73, 2.5, 0.1772, 0.14937, 0.39994, 0.97222, 0.41986, 0.86088, 0.97973, 1.6511, 0.36077, 0.01922, 0.37544, 2.2462, 0.49057, 0.00383, 0.64001, 0.10414, 0.00046, 1.8291, 2.2335, 0.03008, 1.0303, 0.98206, 1.2242, 0.64185, 0.46007, 1.6474, 1.3236, 0.73247, 0.0068406, 2.3272, 0.79673, 0.0055158, 4.266, 1.1588, 0.037089, 0.8535, 0.94219, 1.081, 0.54097, 0.30611, 1.1055, -0.44223, 0.63033, -0.0021008, 0.73772, 0.46291, -0.0065871, 2.9671, 0.9587, 0.027217, 1.2071, 1.0219, 1.3675, 0.74273, 0.61404, 2.1893, 3.0893, 0.83461, 0.015782, 3.9168, 1.1306, 0.017619, 5.565, 1.3588, 0.04696, 0.011552, 0.00058757, 0.0075826, 0.0037614, 0.008762, 0.10855, 1.1524, 0.0038562, 2.955e-05, 0.93385, 0.041188, 5.414e-05, 0.6236, 0.014794, 3.6018e-05, 0.33685, 0.88973, 0.26214, 0.40375, 0.17645, 0.61152, -0.67571, 0.38213, -0.0078152, -0.8677, -0.040564, -0.0137, 0.73436, 0.47059, 0.015015, 1.7237, 1.0744, 2.1863, 0.87994, 0.74369, 2.6833, 3.3228, 1.0828, 0.021496, 5.5222, 1.634, 0.024732, 7.7977, 1.8469, 0.059163, 0.17773, 0.0031511, 0.34212, 0.020953, 0.029732, 0.39661, 1.4774, 0.045366, 7.9389e-05, 3.7729, 0.25912, 0.00013648, 4.6101, 0.17504, 0.0001801
74, 8, 0.34793, 0.07308, 0.09056, 0.66146, 0.20229, 0.56553, 0.92462, 1.7693, 0.15235, 0.75344, 1.505, 0.2519, 0.91029, 0.0322, 6.417, 0.18183, 0.00236, 2.0135, 0.77326, 0.06822, 1.1101, 0.99207, 1.495, 0.31116, 0.49511, 1.4978, 1.3263, 0.78373, 0.0062346, 4.795, 0.70755, 0.0093135, 3.781, 1.1254, 0.067749, 0.76423, 0.95434, 1.3145, 0.19254, 0.25001, 0.18008, -0.44529, 0.67048, -0.0024756, 2.5101, 0.22755, -0.0039976, 2.0239, 0.69347, 0.050488, 1.4559, 1.0298, 1.6754, 0.42977, 0.74022, 2.8155, 3.0979, 0.89697, 0.014945, 7.0799, 1.1876, 0.022625, 5.5381, 1.5574, 0.08501, 0.04421, 0.00052607, 0.012035, 0.0052002, 0.022205, 0.64179, 1.16, 0.0047402, 2.8042e-05, 1.9297, 0.085158, 6.5489e-05, 1.1411, 0.068961, 0.00011013, 0.46437, 0.90064, 0.87236, 0.030932, 0.15334, -0.34353, -1.1488, 0.50151, -0.0082354, 0.5783, -0.072721, -0.0068131, 0.61422, 0.41728, 0.041524, 1.7558, 1.0835, 2.1176, 0.59138, 0.83689, 3.3391, 3.8015, 1.0659, 0.020705, 9.0117, 1.4878, 0.02544, 6.9477, 1.8336, 0.093974, 0.1541, 0.0030896, 0.14329, 0.029024, 0.043174, 1.2532, 2.2644, 0.029438, 7.7389e-05, 6.5719, 0.22503, 9.6123e-05, 3.7066, 0.18535, 0.00025421
75, 2, 0.14601, 0.09329, 0.19249, 0.91398, 0.52222, 0.86583, 1.0272, 0.54199, 0.60177, 0.21864, 1.4577, 0.61431, 0.6144, 0.001, 6.8509, 0.44848, 0.00547, 2.4472, 0.28274, 0.049, 0.52679, 1.0182, 1.1013, 0.61732, 0.42183, 1.4657, 1.2113, 0.71564, 0.010912, 3.8241, 0.68421, 0.0043579, 3.8392, 0.78563, 0.048436, 0.37663, 0.98191, 0.96465, 0.53479, 0.28483, 1.0655, -0.12992, 0.62599, 0.0028527, 2.5128, 0.32395, -0.0059856, 2.8318, 0.58083, 0.04044, 0.67695, 1.0544, 1.2379, 0.69986, 0.55883, 1.866, 2.5525, 0.80529, 0.018972, 5.1354, 1.0445, 0.014701, 4.8465, 0.99044, 0.056432, 0.0083336, 0.00048568, 0.0069007, 0.002518, 0.0069374, 0.059223, 0.66486, 0.0029707, 2.4008e-05, 0.63551, 0.047972, 3.9543e-05, 0.37508, 0.015504, 2.3633e-05, -0.12249, 0.92733, 0.3208, 0.35619, 0.14705, 0.75903, -0.33253, 0.4108, -0.0034081, 1.5469, -0.29332, -0.013093, 0.78566, -0.058194, 0.027135, 1.1761, 1.109, 1.8818, 0.87846, 0.69661, 2.1725, 2.7551, 1.0205, 0.025233, 6.1013, 1.6617, 0.021808, 6.8927, 1.6295, 0.069738, 0.15581, 0.0030492, 0.22516, 0.025204, 0.027907, 0.1846, 0.88092, 0.034349, 7.5797e-05, 1.9167, 0.35319, 0.00011255, 3.4462, 0.26318, 0.00016771
76, 1.6364, 0.47111, 0.07152, 0, 0.97222, 1.022, 0.20239, 0.98345, 1.4928, 0.06478, 0.16837, 9.2504, 1.5595, 0.91434, 0.04154, 6.2886, 0.93332, 0.00695, 3.8898, 0.65178, 0.09161, 0.81042, 1.0172, 1.2344, 0.37771, 0.39644, 7.5383, 1.3262, 0.71519, 0.0064059, 5.2619, 0.67717, 0.0090687, 4.6116, 0.66692, 0.041707, 0.54222, 0.96131, 1.0125, 0.21404, 0.1516, 5.2723, -0.4454, 0.54941, -0.0025915, 2.2813, 0.20468, -0.0042191, 2.6363, 0.11876, 0.0203, 1.0786, 1.073, 1.4563, 0.54138, 0.64128, 9.8043, 3.0978, 0.88098, 0.015403, 8.2425, 1.1497, 0.022356, 6.5868, 1.2151, 0.063113, 0.026585, 0.0011536, 0.018202, 0.0099016, 0.022157, 1.8979, 1.16, 0.010159, 2.9921e-05, 3.2836, 0.082515, 6.526e-05, 1.4421, 0.11106, 0.00016937, 0.083249, 0.9169, 0.54043, 0.075614, 0.054855, 5.1795, -1.2867, 0.41946, -0.0083601, 0.80524, -0.11627, -0.010046, 1.2987, -0.3107, 0.012585, 1.5376, 1.1175, 1.9284, 0.67981, 0.73803, 9.8971, 3.9391, 1.0109, 0.021172, 9.7185, 1.4706, 0.028183, 7.9245, 1.6445, 0.070828, 0.19544, 0.0037171, 0.17801, 0.033731, 0.043127, 2.0565, 2.5234, 0.032325, 8.0588e-05, 7.3411, 0.23269, 0.00013505, 4.0565, 0.35325, 0.00031345
77, 6.5574, 0.11106, 0.03446, 0.37104, 1.9174, 0.41066, 1.1811, 0.92601, 1.4125, 0.551, 0.02888, 2.4606, 0.417, 0.5345, 0.00979, 3.9031, 0.39239, 0.03163, 3.508, 2.515, 0.05273, 1.071, 1.0316, 1.127, 0.51165, 0.3443, 1.5607, 1.339, 0.63532, 0.0057437, 3.1789, 0.78172, 0.022392, 3.629, 2.6587, 0.050394, 0.90733, 0.99557, 1.0081, 0.39798, 0.18564, 0.47374, -0.26037, 0.53205, -0.0030885, 1.6754, 0.35595, 0.015019, 2.1739, 2.3516, 0.040288, 1.2347, 1.0676, 1.2459, 0.62532, 0.50296, 2.6477, 2.9383, 0.73859, 0.014576, 4.6825, 1.2075, 0.029765, 5.0841, 2.9658, 0.060501, 0.0099038, 0.00047965, 0.0052241, 0.0047755, 0.009304, 0.43671, 0.94544, 0.0039418, 2.8833e-05, 0.83556, 0.067003, 2.0092e-05, 0.78261, 0.034859, 3.7753e-05, 0.73933, 0.94086, 0.53015, 0.23344, 0.058104, -3.6341, -1.4196, 0.35854, -0.0088033, 0.68829, -0.47456, 0.014795, 0.65017, 0.84411, 0.028214, 1.4027, 1.1223, 1.7238, 0.78985, 0.63049, 6.7556, 4.0976, 0.91211, 0.020291, 5.6695, 2.038, 0.02999, 6.6078, 4.4733, 0.072575, 0.040665, 0.0030431, 0.13165, 0.028607, 0.030274, 9.9746, 2.8127, 0.028316, 7.8215e-05, 2.2928, 0.58334, 2.1333e-05, 3.2797, 1.217, 0.00018183
78, 6.0393, 0.11432, 0.0632, 0.45002, 1.3864, 0.32467, 1.7004, 1.0193, 1.1423, 0.94583, 0.25611, 1.3654, 0.36406, 0.79702, 0.00041, 9.4, 1.971, 0.01449, 4.4592, 4.2956, 0.05111, 1.1259, 0.99932, 1.1336, 0.57978, 0.40312, 0.8341, 1.1061, 0.57335, 0.0062713, 6.0148, 0.70015, 0.016656, 2.0906, 2.1931, 0.065625, 0.9645, 0.95914, 1.0239, 0.48499, 0.18848, 0.18201, -0.45424, 0.48468, -0.0023625, 4.5685, 0.25699, 0.0054399, 0.99569, 1.9931, 0.057039, 1.2873, 1.0395, 1.2434, 0.67456, 0.61776, 1.4862, 2.6664, 0.66203, 0.014905, 7.461, 1.1433, 0.027872, 3.1856, 2.3932, 0.074211, 0.0096266, 0.00059675, 0.0044536, 0.0033205, 0.017028, 0.15716, 0.89986, 0.0029063, 2.7552e-05, 0.77309, 0.072589, 4.6495e-05, 0.44314, 0.01479, 2.7246e-05, 0.22376, 0.90685, 0.56946, 0.30826, 0.082485, -1.3899, -0.75257, 0.30558, -0.0081921, 3.5486, -0.18427, 0.0024194, -0.6396, 1.4772, 0.044095, 2.028, 1.0918, 1.6978, 0.85129, 0.72375, 3.0581, 2.9647, 0.84112, 0.020735, 8.481, 1.5846, 0.030892, 4.8209, 2.9091, 0.087155, 0.3008, 0.0031602, 0.11764, 0.027249, 0.037998, 1.8282, 1.2769, 0.026501, 7.7319e-05, 2.248, 0.28911, 7.491e-05, 2.7552, 0.18945, 0.00017133
79, 4, 0.29084, 0.13792, 0.19995, 1.1111, 0.3202, 1.3599, 0.94894, 1.2687, 0.48874, 0.48712, 1.5155, 1.0426, 0.87326, 0.00097, 8.3809, 0.96378, 0.00248, 4.7639, 0.57032, 0.05269, 1.1195, 0.98303, 1.583, 0.43084, 0.49348, 1.2354, 1.1678, 0.78193, 0.0049494, 4.9126, 0.8216, 0.0031657, 4.5011, 0.67683, 0.047334, 0.9485, 0.94515, 1.4441, 0.34338, 0.32845, 0.61122, -0.53903, 0.69108, -0.003242, 3.4806, 0.39037, -0.0057778, 3.3757, 0.46426, 0.037987, 1.2905, 1.0209, 1.7219, 0.51831, 0.65851, 1.8596, 2.8745, 0.87278, 0.013141, 6.3445, 1.2528, 0.012109, 5.6265, 0.8894, 0.056681, 0.010805, 0.00053041, 0.0071348, 0.0028276, 0.010066, 0.14401, 1.0767, 0.0030508, 2.4801e-05, 0.75791, 0.068733, 2.9564e-05, 0.46814, 0.016701, 3.2291e-05, 0.25468, 0.89154, 0.91161, 0.20375, 0.20371, 0.14408, -1.4173, 0.50414, -0.0039814, -0.70797, 0.097607, -0.015573, 0.070815, 0.17122, 0.02549, 1.9843, 1.0745, 2.2544, 0.65794, 0.78326, 2.3268, 3.7528, 1.0597, 0.01388, 10.533, 1.5456, 0.021904, 8.9314, 1.1824, 0.069179, 0.27643, 0.0030939, 0.16661, 0.019062, 0.031036, 0.44022, 2.4699, 0.028522, 2.948e-05, 11.676, 0.19374, 0.00012978, 7.2546, 0.094488, 0.00017637
80, 3.75, 0.72522, 0.11557, 0.35142, 0.99099, 0.57282, 1.1724, 0.92333, 1.9126, 0.24361, 0.58794, 1.2371, 0.43781, 0.46108, 0.0002, 7.1984, 1.7411, 0.00223, 6.7136, 0.38182, 0.06873, 1.4952, 0.98815, 1.4251, 0.38815, 0.54303, 0.69781, 1.2918, 0.80674, 0.0060714, 5.8412, 0.74062, 0.0069133, 5.3268, 0.35054, 0.047959, 1.19, 0.93864, 1.2101, 0.23777, 0.33724, -0.12375, -0.46825, 0.65797, -0.0028817, 3.1619, 0.31172, -0.0049809, 3.6708, -0.16836, 0.031301, 1.8003, 1.0377, 1.6402, 0.53854, 0.74882, 1.5194, 3.0518, 0.95551, 0.015024, 8.5205, 1.1695, 0.018808, 6.9828, 0.86944, 0.064617, 0.034419, 0.00090611, 0.017091, 0.0083589, 0.015653, 0.24947, 1.1449, 0.0081806, 2.9627e-05, 2.6533, 0.067991, 5.229e-05, 1.0136, 0.09952, 0.00010256, 0.7514, 0.89126, 0.78165, 0.093071, 0.22825, -0.4324, -1.2055, 0.48538, -0.008544, 1.5804, -0.13587, -0.010985, 2.2144, -0.66251, 0.022126, 2.2389, 1.085, 2.0686, 0.68323, 0.85781, 1.828, 3.789, 1.1281, 0.020687, 10.102, 1.6171, 0.024812, 8.4392, 1.3636, 0.073791, 0.20446, 0.0034696, 0.15305, 0.032183, 0.036623, 0.47213, 2.305, 0.038172, 7.8952e-05, 6.7099, 0.28395, 0.00011841, 3.5804, 0.37932, 0.00024664
81, 3.9167, 0.13352, 0.06831, 0.19994, 1.9844, 0.39616, 0.81865, 1.0942, 0.83088, 0.43027, 0.41067, 1.5147, 0.67025, 0.38759, 6e-05, 4.5568, 0.26652, 0.00455, 1.2076, 2.3676, 0.08879, 0.90476, 1.0166, 1.0811, 0.52814, 0.49785, 1.8601, 0.98373, 0.64579, 0.0082521, 2.7914, 0.60817, 0.022835, 5.3595, 1.2473, 0.050497, 0.77912, 0.9835, 0.98219, 0.43263, 0.3251, 1.1103, -0.70596, 0.55835, -0.00065532, 1.8865, 0.16349, 0.011606, 4.5018, 1.0283, 0.043684, 1.0304, 1.0497, 1.18, 0.62365, 0.6706, 2.6099, 2.6734, 0.73322, 0.017159, 3.6962, 1.0528, 0.034064, 6.2172, 1.4662, 0.057309, 0.0058342, 0.0004054, 0.0036171, 0.0033719, 0.01103, 0.20781, 1.0553, 0.0028254, 2.9326e-05, 0.30261, 0.073085, 4.6605e-05, 0.27191, 0.017717, 1.7154e-05, 0.62556, 0.92699, 0.57006, 0.25699, 0.20361, -3.9125, -2.101, 0.35402, -0.0061285, 0.68121, -0.58209, 0.011493, 2.9272, -0.66632, 0.02961, 1.184, 1.1062, 1.5922, 0.79929, 0.79209, 7.6327, 4.0685, 0.93755, 0.022633, 4.9015, 1.7984, 0.034177, 7.7918, 3.1609, 0.071383, 0.028812, 0.0029689, 0.096537, 0.027175, 0.032, 12.316, 3.5171, 0.031464, 7.6436e-05, 1.6458, 0.52364, 4.7549e-05, 2.1866, 1.3535, 0.00016123
82, 3.0022, 0.21409, 0.08002, 0.31039, 1.7895, 0.54525, 0.83329, 1.0493, 1.0514, 0.73559, 0.56109, 1.5731, 0.37948, 0.71591, 0.00223, 2.685, 0.64228, 0.01835, 8.2866, 0.72567, 0.04278, 0.95826, 1.0119, 1.3235, 0.49526, 0.47189, 0.98851, 1.2113, 0.67932, 0.0073429, 2.5346, 0.75375, 0.014925, 4.8282, 1.1751, 0.049123, 0.83343, 0.97099, 1.1993, 0.40072, 0.31691, 0.32404, -0.27844, 0.58971, -0.0015164, 1.0924, 0.32394, 0.0057236, 3.7633, 0.98787, 0.041798, 1.0831, 1.0527, 1.4478, 0.5898, 0.62686, 1.653, 2.701, 0.76893, 0.016202, 3.9768, 1.1836, 0.024127, 5.8931, 1.3623, 0.056447, 0.0057599, 0.00061762, 0.0057071, 0.0033033, 0.008877, 0.16319, 0.82025, 0.0029679, 2.901e-05, 0.76877, 0.06828, 3.1295e-05, 0.41912, 0.012955, 1.9829e-05, 0.5668, 0.9191, 0.24059, 0.23774, 0.18772, -3.9397, -2.3033, 0.32832, -0.0062885, -4.6551, -0.21631, 0.00541, 1.0419, -0.18285, 0.028064, 1.3497, 1.1046, 2.4065, 0.75277, 0.75605, 5.9167, 4.7259, 1.0303, 0.020974, 9.7242, 1.7238, 0.02444, 8.6145, 2.533, 0.070182, 0.05664, 0.0031811, 0.43347, 0.02451, 0.029847, 8.9769, 4.5656, 0.045536, 6.8679e-05, 19.106, 0.34781, 3.3465e-05, 5.2989, 0.68157, 0.00016391
83, 4, 0.22752, 0.02783, 0.5276, 1.75, 0.66824, 1.4755, 1.0446, 1.0799, 0.35622, 0.10681, 1.5015, 0.23729, 0.29876, 0.01249, 1.4912, 0.39396, 0.01268, 1.6221, 2.9859, 0.0571, 1.4917, 0.97574, 1.3713, 0.47932, 0.2771, 2.2131, 1.3147, 0.52632, 0.006814, 3.8526, 0.55486, 0.0084436, 2.579, 1.708, 0.056801, 1.3126, 0.92536, 1.2137, 0.3581, 0.1201, 1.0795, -0.3277, 0.41346, -0.0021666, 1.9689, 0.1321, -0.0017356, 1.0645, 1.411, 0.04537, 1.6709, 1.0261, 1.529, 0.60055, 0.43409, 3.3468, 2.957, 0.63917, 0.015795, 5.7364, 0.97763, 0.018623, 4.0934, 2.005, 0.068232, 0.011865, 0.0009382, 0.009184, 0.0054316, 0.00911, 0.47502, 0.99699, 0.0047075, 2.981e-05, 1.3116, 0.066061, 3.8297e-05, 0.84771, 0.032604, 4.8299e-05, 1.049, 0.87841, 0.78101, 0.19855, -0.0081766, -2.3069, -2.2041, 0.24184, -0.004048, -3.5709, -0.21797, -0.0021002, -1.1335, 0.77867, 0.033987, 1.9345, 1.0731, 1.9617, 0.76009, 0.56237, 6.7331, 4.8335, 0.81079, 0.017676, 11.276, 1.3277, 0.018987, 6.2915, 2.6372, 0.079615, 0.072455, 0.0035017, 0.12881, 0.029138, 0.03008, 7.5514, 4.5766, 0.029911, 4.3608e-05, 20.369, 0.22076, 4.109e-05, 5.0943, 0.31919, 0.00019238
84, 4, 0.18328, 0.06227, 0.7, 1.6042, 0.48987, 1.8198, 0.93056, 1.8163, 0.74194, 0.31176, 2.3513, 0.03742, 0.30291, 0.00428, 1.4146, 0.28836, 0.00409, 1.8575, 2.3061, 0.07815, 1.549, 0.97431, 1.2653, 0.42312, 0.26896, 1.0056, 1.5586, 0.50642, 0.0061059, 3.3635, 0.56755, 0.0081004, 2.5601, 2.2223, 0.067116, 1.3206, 0.92772, 1.1178, 0.27486, 0.082261, 0.019976, -0.047634, 0.36914, -0.0028176, 1.0308, 0.12819, -0.0030791, 0.71687, 1.8857, 0.053575, 1.7774, 1.0209, 1.4129, 0.57139, 0.45567, 1.9913, 3.1648, 0.64371, 0.015029, 5.6962, 1.0069, 0.01928, 4.4034, 2.559, 0.080658, 0.019275, 0.00080229, 0.0080473, 0.0081249, 0.012884, 0.35908, 0.95357, 0.0069662, 2.9432e-05, 2.0112, 0.071348, 4.6194e-05, 1.2558, 0.041878, 6.778e-05, 0.96405, 0.87888, 0.73493, 0.13379, -0.033678, -3.0864, -1.1266, 0.19084, -0.0065293, -0.657, -0.5474, -0.0038483, -0.74673, 0.76085, 0.043175, 2.1339, 1.0697, 1.7957, 0.71246, 0.57161, 5.0976, 4.2438, 0.82201, 0.018741, 7.384, 1.6825, 0.020049, 5.867, 3.6838, 0.091058, 0.12646, 0.0033658, 0.10397, 0.030942, 0.033854, 6.1889, 2.665, 0.036811, 5.9008e-05, 5.9746, 0.45946, 5.277e-05, 4.0418, 0.78948, 0.00021186
85, 2, 0.24182, 0.10498, 0.73674, 0.57292, 0.43928, 1.5253, 0.95429, 1.9126, 0.3431, 0.13513, 1.3854, 4.2915, 0.76975, 0.01706, 5.0432, 1.9812, 0.00925, 1.81, 0.35819, 0.04515, 1.2168, 0.97896, 1.4496, 0.41544, 0.36787, 0.76718, 1.324, 0.54702, 0.0063633, 3.0882, 0.73671, 0.0074034, 2.7463, 2.0627, 0.060307, 0.92486, 0.93153, 1.28, 0.27035, 0.14636, -0.044808, -0.44758, 0.40517, -0.0026335, 0.40866, 0.27698, -0.0054517, 0.71986, 1.6138, 0.042079, 1.5087, 1.0264, 1.6193, 0.56053, 0.58938, 1.5792, 3.0956, 0.68887, 0.01536, 5.7678, 1.1965, 0.020259, 4.7726, 2.5116, 0.078535, 0.031495, 0.00083158, 0.01064, 0.0077808, 0.018136, 0.24369, 1.16, 0.0074375, 2.9918e-05, 2.6538, 0.07812, 6.108e-05, 1.5177, 0.074487, 0.00012281, 0.60619, 0.88312, 0.64953, 0.12375, 0.042598, -0.98438, -0.92203, 0.22207, -0.0094795, -3.8234, -0.2928, -0.007772, -0.79254, 1.2203, 0.033435, 1.8274, 1.0748, 2.2497, 0.70713, 0.69314, 2.5187, 3.57, 0.87198, 0.022206, 9.9998, 1.7662, 0.022579, 6.285, 2.9052, 0.087179, 0.1378, 0.0033951, 0.2366, 0.031448, 0.039106, 1.1339, 1.8646, 0.039029, 9.277e-05, 17.656, 0.39175, 8.5119e-05, 4.6287, 0.26231, 0.00026689
86, 4.7, 0.26135, 0.13402, 0.42785, 1.3333, 0.30527, 1.8152, 1.0107, 1.8913, 0.61122, 0.74595, 1.7567, 0.19426, 0.93875, 0.00023, 6.6471, 1.5952, 0.0087, 2.7057, 0.59524, 0.06034, 1.3611, 1.0128, 1.5404, 0.45962, 0.47849, 0.80651, 1.3321, 0.67519, 0.0065717, 4.683, 0.6953, 0.011164, 3.0974, 1.4993, 0.059486, 1.1875, 0.96757, 1.391, 0.35259, 0.28211, 0.17876, -0.43944, 0.56058, -0.0024201, 3.1936, 0.25527, 0.00062435, 1.9317, 1.2898, 0.050049, 1.5348, 1.0581, 1.6897, 0.56665, 0.67487, 1.4343, 3.1037, 0.7898, 0.015563, 6.1724, 1.1353, 0.021703, 4.2632, 1.7088, 0.068923, 0.011147, 0.00075679, 0.0082441, 0.0042337, 0.014254, 0.14565, 1.16, 0.0048546, 2.9884e-05, 0.8199, 0.071569, 4.1055e-05, 0.50226, 0.016218, 3.2916e-05, 0.3815, 0.91804, 1.0868, 0.19017, 0.16979, -1.0923, -1.4967, 0.41684, -0.0068699, -1.6367, -0.022178, -0.0037789, -0.13801, 0.87193, 0.037603, 2.3407, 1.1076, 1.9939, 0.72907, 0.78719, 2.7053, 4.1609, 0.93354, 0.020013, 11.003, 1.4128, 0.026106, 6.3329, 2.1266, 0.081369, 0.3547, 0.0033203, 0.076033, 0.026835, 0.035223, 1.3327, 2.9577, 0.02467, 6.678e-05, 14.762, 0.19027, 8.2526e-05, 3.8692, 0.14547, 0.000177
87, 3.0066, 0.27707, 0.08854, 0.0715, 0.4712, 0.35285, 0.52583, 1.0736, 0.77583, 0.32346, 0.49335, 1.1921, 0.77006, 0.705, 0.00048, 5.2501, 0.38993, 0.00443, 2.68, 0.42764, 0.06325, 0.79711, 0.98454, 1.5227, 0.32998, 0.4281, 1.7416, 1.1997, 0.75479, 0.0065072, 5.4985, 0.6383, 0.0016541, 5.3836, 0.42725, 0.040684, 0.63644, 0.951, 1.3845, 0.2141, 0.2473, 1.1715, -0.50404, 0.65264, -0.002362, 4.1796, 0.18111, -0.0069034, 4.1479, 0.18425, 0.032585, 0.95779, 1.0181, 1.6609, 0.44586, 0.60891, 2.3116, 2.9035, 0.85694, 0.015376, 6.8174, 1.0955, 0.010212, 6.6194, 0.67026, 0.048783, 0.0095422, 0.00041578, 0.0070585, 0.0049633, 0.012082, 0.12011, 1.0729, 0.0038567, 2.9075e-05, 0.64293, 0.077259, 2.7067e-05, 0.56443, 0.021826, 2.4244e-05, 0.24136, 0.89476, 0.51499, 0.052448, 0.12906, -0.09611, -1.085, 0.42752, -0.0075497, -0.42921, -0.2753, -0.0097007, 1.788, -0.26945, 0.019344, 1.3529, 1.0743, 2.5305, 0.60751, 0.72714, 3.5793, 3.4845, 1.0821, 0.020564, 11.426, 1.5519, 0.013009, 8.9793, 1.124, 0.062024, 0.11416, 0.0029793, 0.37536, 0.028469, 0.033052, 1.2482, 1.9294, 0.039588, 7.3034e-05, 12.987, 0.30851, 4.7655e-05, 4.7787, 0.17941, 0.00016832
88, 7.6378, 0.10199, 0.00844, 0.3395, 6.0476, 0.45183, 1.2473, 1.0941, 0.79235, 0.25032, 0.73413, 6.2955, 1.2774, 0.92586, 0.01334, 0.36817, 0.5912, 0.00664, 1.6783, 3.542, 0.04725, 1.0079, 1.0085, 1.2785, 0.46419, 0.44601, 2.2458, 1.314, 0.70689, 0.0064051, 4.7245, 0.71738, 0.011243, 3.8521, 2.9765, 0.050304, 0.61821, 0.95929, 1.0839, 0.26563, 0.19025, -0.1981, -0.45728, 0.50999, -0.0025923, 2.0952, 0.23664, -0.0020355, 1.4457, 1.7092, 0.029608, 1.3976, 1.0576, 1.4732, 0.66274, 0.70177, 4.6898, 3.0852, 0.90378, 0.015402, 7.3538, 1.1981, 0.024522, 6.2584, 4.2438, 0.070999, 0.05613, 0.0008938, 0.014006, 0.014572, 0.024177, 2.2076, 1.1596, 0.014329, 2.9921e-05, 2.5552, 0.085421, 6.5173e-05, 2.1402, 0.59359, 0.0001583, 0.35266, 0.91175, 0.65194, 0.14188, 0.096513, -0.99761, -1.1805, 0.38199, -0.0082395, 1.2169, -0.34154, -0.003192, 0.28498, 1.468, 0.021701, 1.6631, 1.1052, 1.9051, 0.78649, 0.7955, 5.4893, 3.8084, 1.0318, 0.02105, 8.2321, 1.7763, 0.025679, 7.4191, 4.485, 0.078906, 0.15869, 0.0034573, 0.14512, 0.038396, 0.045147, 3.8883, 2.2999, 0.039015, 7.9268e-05, 4.5475, 0.41445, 7.7019e-05, 4.7029, 0.84103, 0.00030238
89, 2.8571, 0.43878, 0.13183, 0.15306, 0.83333, 0.56356, 0.7385, 0.97373, 1.6128, 0.38523, 0.54651, 0.82695, 0.39863, 0.81177, 0.00046, 4.6613, 1.7417, 0.00407, 5.0189, 0.41883, 0.04296, 1.0596, 1.0132, 1.3253, 0.34998, 0.44945, 1.6212, 1.3526, 0.75411, 0.0060986, 6.4267, 0.88675, 0.005656, 3.3221, 0.5712, 0.040736, 0.88471, 0.9648, 1.1418, 0.23662, 0.27864, 0.85454, -0.3941, 0.64622, -0.0028594, 4.5452, 0.48296, -0.0056027, 2.1523, 0.29476, 0.031419, 1.2345, 1.0615, 1.5087, 0.46334, 0.62026, 2.3878, 3.0994, 0.862, 0.015057, 8.3081, 1.2905, 0.016915, 4.4918, 0.84763, 0.050053, 0.011304, 0.00086417, 0.012443, 0.0047497, 0.010784, 0.21723, 1.1277, 0.0043024, 2.966e-05, 1.3084, 0.060263, 4.6851e-05, 0.50575, 0.028245, 3.2085e-05, 0.44402, 0.91685, 0.54329, 0.071898, 0.15634, 0.38812, -1.2169, 0.41849, -0.008604, 2.6148, 0.017967, -0.010925, 0.32751, -0.30163, 0.018904, 1.6752, 1.1095, 2.1072, 0.62805, 0.74255, 2.8542, 3.9222, 1.0897, 0.020801, 10.239, 1.7555, 0.022237, 6.3166, 1.444, 0.062567, 0.14006, 0.0034277, 0.22601, 0.028581, 0.031753, 0.56197, 2.4404, 0.041634, 7.9898e-05, 5.3706, 0.27898, 0.00010161, 3.3145, 0.28158, 0.00017617
90, 2, 0.23842, 0.10557, 0.19966, 0.91398, 0.62467, 0.23749, 0.9285, 1.9162, 0.62473, 0.30155, 2.945, 0.80283, 0.7992, 0.00016, 7.1011, 0.13177, 0.00029, 2.8981, 1.9696, 0.04316, 0.67256, 0.99995, 1.3321, 0.49388, 0.28415, 2.1305, 1.0734, 0.71752, 0.0057757, 5.0233, 0.42645, 0.0073258, 3.5066, 0.69758, 0.043094, 0.53651, 0.96195, 1.1786, 0.40666, 0.16455, 1.3627, -0.60772, 0.62692, -0.0031322, 3.8727, 0.078332, -0.0028915, 2.5359, 0.48353, 0.035227, 0.8086, 1.038, 1.4856, 0.5811, 0.40375, 2.8984, 2.7546, 0.80811, 0.014684, 6.1739, 0.77456, 0.017543, 4.4773, 0.91163, 0.050962, 0.006841, 0.00053385, 0.0087104, 0.0028119, 0.0052872, 0.21791, 1.0446, 0.0030336, 2.9329e-05, 0.4893, 0.044791, 3.8586e-05, 0.34827, 0.016935, 2.2877e-05, 0.025561, 0.90841, 0.50254, 0.22423, 0.017618, 1.1338, -1.0928, 0.44279, -0.010148, -2.3347, -0.3617, -0.010008, 0.41299, -0.17966, 0.021841, 1.3196, 1.0915, 2.1616, 0.76353, 0.55068, 3.1272, 3.2396, 0.99224, 0.021699, 12.381, 1.2146, 0.02466, 6.6002, 1.5748, 0.064348, 0.15472, 0.0030973, 0.25435, 0.026876, 0.026257, 0.36718, 1.7344, 0.027896, 9.3718e-05, 20.011, 0.22959, 0.00011106, 3.5374, 0.28444, 0.00016696
91, 6.5574, 0.14555, 0.1037, 0.39612, 0.88496, 0.21859, 1.4921, 1.0042, 0.58148, 0.90992, 0.56099, 1.5057, 1.0719, 0.96934, 0.00092, 3.4929, 0.53461, 0.00361, 5.2712, 1.6091, 0.05272, 0.98935, 0.9827, 1.1951, 0.61903, 0.48709, 2.0585, 1.2055, 0.64326, 0.0046886, 4.0462, 0.81641, 0.0072482, 3.0581, 1.8844, 0.068339, 0.81025, 0.95028, 1.0707, 0.52712, 0.37801, 1.6517, -0.15143, 0.5533, -0.003731, 2.9689, 0.54393, 0.00084854, 1.873, 1.7045, 0.059127, 1.1684, 1.0151, 1.3196, 0.71094, 0.59617, 2.4653, 2.5625, 0.73323, 0.013108, 5.1236, 1.0889, 0.013648, 4.2431, 2.0642, 0.07755, 0.011856, 0.00038851, 0.0057252, 0.003122, 0.0043977, 0.061162, 0.68057, 0.0029915, 2.6202e-05, 0.42898, 0.027443, 1.5138e-05, 0.51907, 0.011954, 3.1362e-05, 0.35797, 0.89334, 0.59687, 0.349, 0.22511, 1.2991, -0.34611, 0.37075, -0.0096113, 1.7995, 0.17645, -0.0073249, 0.19606, 1.4169, 0.046552, 1.6207, 1.0721, 1.7934, 0.88906, 0.74907, 2.8178, 2.7571, 0.91578, 0.018988, 6.2929, 1.4564, 0.021821, 5.9201, 2.3518, 0.090125, 0.14734, 0.002952, 0.13229, 0.026951, 0.025367, 0.21312, 0.88986, 0.027449, 7.558e-05, 1.8657, 0.15137, 7.8496e-05, 3.0275, 0.080767, 0.00017544
92, 3.0049, 0.1623, 0.05357, 0.04951, 1.3368, 0.45659, 0.12861, 0.95373, 1.9007, 0.45028, 0.44392, 1.8979, 1.1693, 0.91859, 6e-05, 5.5055, 0.94696, 0.00129, 5.322, 0.50906, 0.03373, 0.58988, 1.008, 1.064, 0.42075, 0.49314, 2.3066, 1.201, 0.77627, 0.0044454, 6.406, 0.7026, 0.0039582, 5.7354, 0.58326, 0.046003, 0.43413, 0.97021, 0.94477, 0.3407, 0.35647, 1.6208, -0.45463, 0.68861, -0.0039325, 4.7646, 0.31935, -0.0043516, 4.7521, 0.37252, 0.037827, 0.74563, 1.0457, 1.1832, 0.50079, 0.62981, 2.9923, 2.8567, 0.86393, 0.012823, 8.0473, 1.0858, 0.012268, 6.7188, 0.79401, 0.054178, 0.008966, 0.00052687, 0.0052547, 0.0023682, 0.0069039, 0.17381, 1.0132, 0.00284, 2.5943e-05, 0.99576, 0.054289, 2.5523e-05, 0.3574, 0.016416, 2.4707e-05, -0.46714, 0.91653, -0.035478, 0.25883, 0.21852, 0.40646, -0.8853, 0.36317, -0.0085565, 3.8329, -0.57987, -0.0097798, 1.8871, -0.52769, 0.024633, 1.6469, 1.0994, 2.1635, 0.58267, 0.76775, 4.2067, 3.2874, 1.1894, 0.017447, 8.979, 1.9851, 0.017696, 9.5838, 1.6942, 0.067372, 0.41297, 0.0030904, 0.44681, 0.0096909, 0.027874, 1.3344, 1.6088, 0.063076, 6.2483e-05, 2.4471, 0.60791, 6.9758e-05, 5.4739, 0.45618, 0.00016879
93, 3.6004, 0, 0, 0.11998, 1.25, 0.59586, 0.21088, 1.07, 1.04, 0.56964, 0.74961, 0.08816, 0.39666, 0.98202, 0.00025, 1.2741, 0.24701, 0.00499, 5.9445, 1.3836, 0.06743, 0.68113, 1.0108, 1.3008, 0.48882, 0.43804, 0.85427, 1.3243, 0.71783, 0.0064047, 5.628, 0.76821, 0.0099822, 7.1225, 0.93191, 0.051582, 0.44756, 0.95435, 1.0789, 0.32178, 0.20327, -0.88747, -0.44727, 0.55267, -0.0025927, 3.4724, 0.29155, -0.003327, 5.6155, 0.43344, 0.036423, 0.9147, 1.0672, 1.5227, 0.65585, 0.67281, 2.596, 3.0959, 0.88298, 0.015402, 7.7837, 1.2449, 0.023291, 8.6295, 1.4304, 0.06674, 0.020164, 0.0011766, 0.018198, 0.010312, 0.020372, 1.1213, 1.16, 0.010082, 2.9921e-05, 1.7175, 0.083977, 6.5471e-05, 0.83944, 0.091837, 8.4932e-05, -0.36854, 0.91018, 0.66996, 0.18482, 0.1036, -1.3894, -0.62963, 0.38881, -0.008417, 1.8209, -0.12997, -0.0088068, 4.2951, -0.16599, 0.02669, 1.7308, 1.1114, 1.9317, 0.79281, 0.77248, 3.098, 3.2783, 1.0468, 0.021226, 9.4352, 1.6664, 0.028771, 9.95, 2.0298, 0.076473, 0.40725, 0.0037401, 0.1471, 0.034157, 0.041341, 1.8607, 1.4111, 0.040011, 8.1197e-05, 5.3573, 0.29817, 0.00013048, 2.9549, 0.44552, 0.00022901
94, 2, 0.062, 0.09678, 0.59912, 1.4706, 0.51595, 0.84187, 1.0902, 1.0097, 0.58218, 0.5703, 2.0276, 2.0771, 0.46133, 0.00733, 1.0192, 0.61926, 0.01738, 1.8395, 2.7178, 0.03363, 0.99629, 1.0252, 1.2046, 0.55217, 0.40028, 1.5363, 1.2995, 0.55739, 0.0063903, 3.1609, 0.96089, 0.0069265, 1.8134, 1.7219, 0.056596, 0.76966, 0.97757, 1.0319, 0.4107, 0.23091, 0.50044, -0.46748, 0.4142, -0.0025958, 1.5005, 0.54367, -0.0041082, 0.39207, 1.3444, 0.044, 1.2229, 1.0728, 1.3773, 0.69365, 0.56965, 2.5721, 3.0665, 0.70058, 0.015376, 4.8212, 1.3781, 0.017961, 3.2348, 2.0994, 0.069191, 0.018983, 0.00083779, 0.01102, 0.0073981, 0.010603, 0.39658, 1.154, 0.0075784, 2.9846e-05, 1.0189, 0.06434, 4.5005e-05, 0.74671, 0.052662, 5.8636e-05, 0.22966, 0.92925, 0.47791, 0.26239, 0.10801, -1.5752, -0.76441, 0.23381, -0.0082574, 0.39801, -0.026676, -0.0058806, -1.2782, 0.39333, 0.033176, 1.7629, 1.1211, 1.9313, 0.84195, 0.69255, 4.6478, 3.3634, 0.88097, 0.021038, 5.9237, 1.9485, 0.019734, 4.9051, 3.0505, 0.080015, 0.21722, 0.0034013, 0.19518, 0.031037, 0.031572, 3.5783, 1.5744, 0.038701, 7.9302e-05, 2.8214, 0.36048, 6.0624e-05, 3.5329, 0.6524, 0.00020272
95, 2.5, 0.13114, 0.04582, 0.42293, 0.97222, 0.80039, 1.1503, 1.0053, 0.79531, 0.94335, 0.10493, 1.8954, 0.49611, 0.72529, 0.00709, 4.0869, 0.85206, 0.01537, 2.1554, 1.2325, 0.06219, 0.89307, 0.99222, 1.1984, 0.57575, 0.45523, 0.44643, 1.1887, 0.6676, 0.0060291, 2.5602, 0.71603, 0.012537, 2.6876, 1.2602, 0.057346, 0.74034, 0.95061, 1.0261, 0.46185, 0.30148, -0.67294, -0.45829, 0.56059, -0.0028435, 0.6289, 0.38213, 0.0016547, 1.2149, 0.95068, 0.046379, 1.0458, 1.0338, 1.3707, 0.68965, 0.60899, 1.5658, 2.8356, 0.77462, 0.014902, 4.4915, 1.0499, 0.02342, 4.1604, 1.5697, 0.068312, 0.0086217, 0.00063988, 0.010978, 0.0047951, 0.0087376, 0.46312, 1.0026, 0.0042329, 2.9097e-05, 1.3786, 0.041208, 4.3774e-05, 0.80165, 0.035413, 4.4453e-05, 0.20747, 0.89912, 0.26824, 0.29803, 0.17173, -0.82325, -0.60351, 0.46267, -0.0083317, -0.19611, 0.20304, -0.0056079, -0.81472, 0.39098, 0.034761, 1.5787, 1.0853, 2.1286, 0.85348, 0.73874, 1.7161, 2.9808, 0.87253, 0.02039, 5.3165, 1.229, 0.030683, 6.19, 2.1294, 0.079931, 0.17374, 0.0032034, 0.31979, 0.028508, 0.029707, 0.59585, 1.1871, 0.015522, 7.6226e-05, 2.808, 0.097266, 0.0001217, 4.5338, 0.27927, 0.00018853
96, 2, 0.35621, 0.05167, 0.18994, 1, 0.8647, 1.7308, 1.0679, 0.67742, 0.41156, 0.36763, 1.0482, 0.64669, 0.62777, 0.00068, 8.7882, 0.40591, 0.00708, 3.1943, 0.37958, 0.03473, 0.7275, 0.99224, 1.3168, 0.38706, 0.2218, 4.2783, 1.6238, 0.77543, 0.006757, 5.6585, 0.42734, 0.0029635, 4.1396, 0.66138, 0.042246, 0.58509, 0.95293, 1.1258, 0.27764, 0.075597, 3.3709, -0.11671, 0.67138, -0.0022223, 4.0415, 0.058149, -0.0075188, 2.9136, 0.38384, 0.032069, 0.86991, 1.0315, 1.5079, 0.49648, 0.36801, 5.1857, 3.3643, 0.87949, 0.015736, 7.2755, 0.79654, 0.013446, 5.3656, 0.93892, 0.052422, 0.007496, 0.00057098, 0.013496, 0.0044256, 0.0079007, 0.30433, 1.1197, 0.0040021, 2.9801e-05, 0.96647, 0.05038, 4.0612e-05, 0.55554, 0.02847, 3.8281e-05, 0.0091986, 0.90015, 0.5047, 0.09693, -0.05768, 3.1846, -1.0226, 0.57755, -0.0095066, 1.8552, -0.09118, -0.015277, 1.0534, -0.18905, 0.020033, 1.4458, 1.0843, 2.129, 0.67719, 0.50128, 5.372, 4.2702, 0.97332, 0.023021, 9.4618, 0.94587, 0.021204, 7.2257, 1.5118, 0.064458, 0.1907, 0.0031345, 0.24378, 0.031112, 0.02887, 0.44215, 2.5886, 0.014473, 9.7764e-05, 5.3465, 0.099376, 0.00012298, 3.5203, 0.26731, 0.00018236
97, 2.5, 0.1772, 0.06191, 0.39994, 0.97222, 0.73215, 1.1913, 0.993, 0.88555, 0.62077, 0.47672, 1.5818, 0.76895, 0.66159, 0.00218, 1.3681, 1.028, 0.00144, 3.616, 1.0923, 0.03367, 0.92443, 0.97808, 1.2095, 0.58482, 0.30452, 3.7354, 0.95438, 0.70467, 0.0069253, 2.7446, 0.63584, 0.0094925, 3.1035, 1.1497, 0.058489, 0.78973, 0.9384, 1.0549, 0.48408, 0.17191, 3.3395, -0.6942, 0.60864, -0.0019399, 1.4629, 0.3367, -0.0015819, 1.8645, 0.90916, 0.04969, 1.0591, 1.0178, 1.3641, 0.68556, 0.43713, 4.1313, 2.603, 0.80069, 0.01579, 4.0263, 0.93497, 0.020567, 4.3424, 1.3902, 0.067287, 0.0067063, 0.00058197, 0.0088337, 0.0037511, 0.0064994, 0.05793, 1.0045, 0.003408, 2.9048e-05, 0.60716, 0.033073, 4.533e-05, 0.56731, 0.021378, 2.8613e-05, 0.24015, 0.88583, 0.23617, 0.31325, 0.031905, 3.0736, -0.94414, 0.47225, -0.0076895, -0.28713, 0.039969, -0.0089588, -0.41742, 0.28796, 0.036873, 1.6087, 1.0703, 2.1827, 0.85638, 0.57713, 4.3972, 2.8529, 0.93708, 0.02154, 5.7763, 1.2317, 0.027944, 6.6243, 2.0114, 0.080104, 0.17306, 0.0031455, 0.35013, 0.027258, 0.027469, 0.16188, 1.3322, 0.019965, 7.8946e-05, 3.3972, 0.13123, 0.00012583, 4.5819, 0.27445, 0.00017269
98, 1.5, 0.08881, 0.13334, 0.14145, 0.93633, 0.2675, 0.30551, 1.0602, 1.9406, 0.41516, 0.16556, 2.2003, 0.82535, 0.8099, 0.00011, 8.6459, 1.8966, 0.0011, 1.381, 0.93641, 0.05191, 0.60276, 1.0309, 1.0449, 0.59414, 0.31937, 1.3149, 1.3156, 0.72535, 0.0063877, 5.1684, 0.64896, 0.0091089, 3.5001, 0.56124, 0.044369, 0.3321, 0.98257, 0.89457, 0.47112, 0.097821, 0.41297, -0.45585, 0.59715, -0.0026096, 2.9822, 0.2026, -0.0040738, 1.9969, 0.1825, 0.028036, 0.87343, 1.0793, 1.1952, 0.71716, 0.54092, 2.2169, 3.087, 0.85356, 0.015385, 7.3547, 1.0953, 0.022292, 5.0032, 0.93999, 0.060702, 0.027077, 0.00086385, 0.0083514, 0.005594, 0.018142, 0.30068, 1.1599, 0.0060751, 2.992e-05, 1.7666, 0.073641, 6.4232e-05, 0.8351, 0.053019, 9.8601e-05, -0.097807, 0.93462, 0.37943, 0.31216, -0.0059269, 0.12664, -0.55941, 0.43375, -0.0082867, 2.2475, -0.06456, -0.01032, 0.41904, 0.011065, 0.018745, 1.3033, 1.1272, 1.7103, 0.87612, 0.64467, 2.5032, 3.1906, 1.017, 0.021062, 8.0894, 1.3625, 0.028537, 6.5811, 1.1114, 0.069993, 0.1814, 0.0034273, 0.16368, 0.029389, 0.039112, 0.52189, 1.2994, 0.03143, 7.9591e-05, 3.1536, 0.18818, 0.00013952, 3.5086, 0.11188, 0.00024268
99, 4, 0.17869, 0.02857, 0.5, 2.6667, 0.74816, 1.769, 0.90508, 0.92317, 0.58485, 0.19554, 1.2001, 1.3676, 0.57204, 0.01601, 2.4759, 0.41572, 0.00688, 2.3177, 1.8749, 0.04277, 1.3059, 0.98293, 1.279, 0.39876, 0.29852, 3.0639, 1.1115, 0.53453, 0.0067465, 5.2475, 0.49276, 0.0083623, 2.5843, 2.3028, 0.058223, 1.117, 0.93915, 1.1141, 0.23897, 0.094703, 1.6407, -0.56865, 0.39096, -0.0022303, 3.3488, 0.063857, -0.0010193, 0.86938, 1.9106, 0.045309, 1.4947, 1.0267, 1.4439, 0.55856, 0.50233, 4.4872, 2.7917, 0.6781, 0.015723, 7.1462, 0.92166, 0.017744, 4.2993, 2.695, 0.071138, 0.013178, 0.00070853, 0.010051, 0.009438, 0.015354, 0.74871, 1.0434, 0.0076189, 2.9784e-05, 1.3325, 0.067993, 3.2532e-05, 1.0871, 0.056852, 6.1646e-05, 0.78118, 0.88884, 0.74381, 0.099168, -0.01497, 0.33723, -1.7021, 0.24323, -0.0061525, 1.7657, -0.16655, -0.0017877, -0.58344, 1.4333, 0.034631, 1.8305, 1.077, 1.8142, 0.69836, 0.61201, 5.7907, 3.9251, 0.82583, 0.019645, 8.7293, 1.1521, 0.018512, 5.7521, 3.1723, 0.081816, 0.10175, 0.003272, 0.10587, 0.033175, 0.036324, 2.7481, 2.926, 0.031363, 6.1497e-05, 4.4808, 0.16067, 3.8079e-05, 3.709, 0.27944, 0.00020573
100, 4, 0.17434, 0.0563, 0.5, 1.6875, 0.5452, 1.5208, 0.92554, 0.71779, 0.58641, 0.19682, 1.8178, 0.4209, 0.4626, 0.00925, 4.0116, 0.13642, 0.00506, 2.5387, 1.7192, 0.04971, 1.3723, 0.97462, 1.2606, 0.47274, 0.18039, 0.58304, 1.2899, 0.51914, 0.0065057, 5.2746, 0.53446, 0.0067962, 2.0257, 1.9144, 0.057304, 1.2177, 0.93209, 1.1339, 0.36767, 0.030309, -0.40741, -0.4675, 0.42203, -0.002488, 3.5347, 0.15108, -0.0025141, 0.7042, 1.6937, 0.047155, 1.5269, 1.0171, 1.3872, 0.57781, 0.33048, 1.5735, 3.0474, 0.61625, 0.015499, 7.0145, 0.91784, 0.016107, 3.3472, 2.135, 0.067452, 0.0088313, 0.00066847, 0.0059287, 0.0040802, 0.0083255, 0.36258, 1.1416, 0.0034858, 2.9897e-05, 1.1189, 0.054325, 3.2038e-05, 0.64547, 0.017996, 3.8067e-05, 0.89115, 0.88111, 0.74659, 0.20229, -0.10114, -4.0328, -1.6468, 0.22145, -0.0065189, 2.143, -0.42773, -0.0030504, -0.91806, 0.56449, 0.035105, 1.8535, 1.0681, 1.7746, 0.74319, 0.46192, 5.1988, 4.2267, 0.81682, 0.01953, 8.4063, 1.4966, 0.016643, 4.9694, 3.2642, 0.079503, 0.085568, 0.003232, 0.097649, 0.027035, 0.029295, 7.8748, 3.1877, 0.032754, 6.2701e-05, 3.6248, 0.34219, 3.5836e-05, 3.2029, 0.67349, 0.00018215
101, 2, 0.062, 0.19719, 0.3497, 0.91146, 0.29321, 1.2213, 1.0953, 0.74592, 0.71968, 0.41801, 0.92691, 1.4921, 0.69262, 0.00031, 0.51538, 0.91246, 0.00492, 2.4094, 1.0774, 0.02778, 0.79886, 1.0326, 1.1767, 0.69329, 0.5318, 1.7598, 1.3228, 0.7573, 0.0063775, 3.0627, 0.76345, 0.0077136, 5.1092, 1.3307, 0.036465, 0.52995, 0.98934, 1.0012, 0.56326, 0.36421, 0.80576, -0.44858, 0.6257, -0.0026196, 1.471, 0.37006, -0.0026515, 3.4295, 0.91657, 0.021515, 1.0678, 1.0759, 1.3522, 0.82332, 0.69939, 2.7137, 3.0941, 0.8889, 0.015375, 4.6543, 1.1568, 0.018079, 6.7889, 1.7447, 0.051416, 0.026727, 0.00069219, 0.011384, 0.006249, 0.010381, 0.33638, 1.1597, 0.006401, 2.9919e-05, 0.93632, 0.057201, 3.9709e-05, 1.0428, 0.063375, 8.2613e-05, 0.11997, 0.93877, 0.44882, 0.40853, 0.24056, 0.05288, -0.55454, 0.45841, -0.008276, 0.33114, 0.040949, -0.0092767, 1.8891, 0.74428, 0.0117, 1.4777, 1.1265, 1.9047, 0.97805, 0.82304, 3.4666, 3.2001, 1.0562, 0.021031, 5.7942, 1.486, 0.024704, 8.3294, 1.917, 0.061231, 0.17035, 0.0032557, 0.19584, 0.029971, 0.031351, 1.0768, 1.3026, 0.033019, 7.9365e-05, 2.7577, 0.19294, 0.0001067, 3.8327, 0.12708, 0.00022669
102, 2, 0.09264, 0.0219, 0.34991, 1.8182, 0.97622, 0.41015, 1.0878, 1.5688, 0.10212, 0.38975, 5.2443, 1.1517, 0.58688, 0.00191, 0.57458, 1.6995, 0.04551, 1.4148, 1.8326, 0.09028, 0.67149, 1.0227, 1.2361, 0.5345, 0.50143, 7.1494, 1.4606, 0.72943, 0.0064446, 5.2209, 1.3837, 0.033811, 3.1251, 1.2896, 0.063756, 0.48813, 0.98407, 1.0234, 0.41297, 0.35426, 4.8257, -0.23558, 0.62512, -0.0025499, 3.8172, 1.0621, 0.0256, 1.6955, 0.87263, 0.049571, 0.85484, 1.0614, 1.4489, 0.65602, 0.64859, 9.4732, 3.1568, 0.83373, 0.015439, 6.6245, 1.7054, 0.042023, 4.5548, 1.7067, 0.077941, 0.012426, 0.00055247, 0.01673, 0.0054586, 0.0080052, 1.9958, 1.0634, 0.0040212, 2.9902e-05, 0.72824, 0.038245, 2.4921e-05, 0.75549, 0.064278, 7.4375e-05, 0.27211, 0.93091, 0.47478, 0.25303, 0.22144, 2.0116, -1.1436, 0.48066, -0.0082449, 2.8289, 0.71427, 0.025268, -0.015686, 0.46385, 0.039445, 1.0709, 1.1145, 1.9975, 0.81597, 0.78141, 12.287, 4.0649, 0.97819, 0.021134, 7.6129, 2.0532, 0.042355, 6.266, 2.1154, 0.088067, 0.058954, 0.003116, 0.21425, 0.029283, 0.028975, 9.7567, 2.5067, 0.022873, 7.9756e-05, 2.1148, 0.16565, 2.698e-05, 3.6462, 0.25205, 0.00021846
103, 2.5, 0.1772, 0.06191, 0.62894, 0.97222, 0.71036, 1.4091, 1.0025, 0.86134, 0.61691, 0.12588, 1.074, 1.2008, 0.61036, 0.00308, 3.549, 0.76437, 0.01066, 1.4463, 1.797, 0.05289, 1.2322, 0.98061, 1.249, 0.46099, 0.26447, 1.9163, 1.2951, 0.42544, 0.0063695, 3.6423, 0.88212, 0.0074089, 2.0943, 1.5138, 0.061696, 1.029, 0.92877, 1.0861, 0.33606, 0.066625, 0.96445, -0.47475, 0.3004, -0.0026267, 1.5436, 0.46493, -0.005283, 0.50112, 1.1759, 0.048686, 1.4353, 1.0324, 1.4118, 0.58593, 0.46231, 2.8682, 3.065, 0.55048, 0.015366, 5.741, 1.2993, 0.020101, 3.6874, 1.8516, 0.074706, 0.015254, 0.00099315, 0.0098006, 0.0057689, 0.014467, 0.3349, 1.1578, 0.0057787, 2.9913e-05, 1.628, 0.064332, 5.9538e-05, 0.93813, 0.042179, 6.2558e-05, 0.54178, 0.88251, 0.30494, 0.18039, -0.045171, 0.81122, -0.72003, 0.1672, -0.008331, 0.12397, 0.17765, -0.011384, -1.5212, 0.61459, 0.038051, 1.9226, 1.0787, 2.193, 0.7416, 0.5741, 3.0215, 3.3103, 0.68368, 0.02107, 7.1606, 1.5866, 0.026201, 5.7097, 2.4129, 0.085341, 0.17617, 0.0035566, 0.32939, 0.029103, 0.035437, 0.45141, 1.501, 0.024648, 7.9875e-05, 4.5753, 0.18343, 0.00013053, 4.8313, 0.29884, 0.00020664
104, 2.1818, 0.4772, 0.03381, 0.23429, 2.0833, 1.184, 1.1833, 1.0962, 0.55101, 0.61858, 0.38809, 0.65727, 0.94401, 0.99438, 0.00612, 7.1722, 0.01258, 0.00782, 3.8605, 0.78632, 0.02925, 0.89868, 1.0373, 1.3177, 0.5036, 0.37339, 3.1103, 1.2468, 0.74883, 0.0064051, 6.2243, 0.62774, 0.0089878, 3.1615, 0.5376, 0.044315, 0.64369, 0.98728, 1.0869, 0.33077, 0.14766, 0.38937, -0.51019, 0.59071, -0.0025923, 3.8396, 0.15285, -0.0041294, 1.4351, -0.049219, 0.024837, 1.1537, 1.0873, 1.5484, 0.67642, 0.59912, 5.8312, 3.0039, 0.90696, 0.015402, 8.609, 1.1026, 0.022105, 4.888, 1.1244, 0.063793, 0.024033, 0.00092372, 0.019684, 0.01104, 0.018833, 2.7364, 1.141, 0.0092415, 2.9921e-05, 2.1019, 0.083357, 6.3596e-05, 1.1017, 0.12728, 0.00014023, 0.53413, 0.94014, 0.57099, 0.19647, 0.045236, -2.6689, -1.655, 0.44665, -0.0084844, 2.1422, -0.21849, -0.0042683, -0.021558, -0.46006, 0.01658, 1.2632, 1.1344, 2.0643, 0.81073, 0.70155, 8.8895, 4.1486, 1.051, 0.021294, 10.306, 1.474, 0.022244, 6.3446, 1.5353, 0.072049, 0.049122, 0.0034872, 0.20606, 0.034865, 0.039803, 12.345, 3.1123, 0.03375, 8.1941e-05, 6.1591, 0.26468, 6.495e-05, 3.7449, 0.36788, 0.00028431
105, 6.58, 0.15255, 0.03744, 0.41875, 1.4749, 0.34159, 1.9955, 0.94001, 1.6599, 0.49465, 0.35365, 0.78493, 1.083, 0.73588, 0.00355, 9.7545, 0.64242, 0.00076, 1.4044, 2.2447, 0.04814, 1.0899, 0.98058, 1.1516, 0.58101, 0.34697, 0.77676, 1.6354, 0.59887, 0.0069459, 4.2047, 0.85696, 0.013117, 3.1275, 2.5483, 0.060478, 0.92968, 0.94792, 1.0323, 0.48333, 0.21415, 0.045225, 0.27969, 0.50886, -0.0017137, 3.1289, 0.45693, 0.0060257, 1.9033, 2.2987, 0.051312, 1.2501, 1.0132, 1.2709, 0.67869, 0.47978, 1.5083, 2.991, 0.68888, 0.015606, 5.2806, 1.257, 0.020209, 4.3516, 2.7979, 0.069644, 0.0094881, 0.00039424, 0.0052586, 0.0035265, 0.0065198, 0.1978, 0.67928, 0.0029945, 2.7717e-05, 0.42778, 0.059149, 1.8588e-05, 0.55388, 0.023026, 3.1053e-05, 0.34183, 0.89112, 0.55362, 0.30896, 0.074252, -2.2576, -0.36877, 0.32689, -0.0074961, 1.9407, -0.13385, 0.003556, 0.24684, 1.6528, 0.038711, 1.838, 1.07, 1.7496, 0.85306, 0.61968, 3.8111, 3.6395, 0.87086, 0.021388, 6.4688, 1.8478, 0.022679, 6.0081, 3.4438, 0.082246, 0.20684, 0.0029577, 0.13216, 0.027355, 0.027489, 3.4032, 1.4845, 0.027343, 7.7091e-05, 1.8945, 0.36286, 3.3789e-05, 3.0671, 0.29639, 0.00017513
106, 4, 0.16814, 0.01918, 0.3, 2.6111, 0.83011, 1.5936, 0.99743, 1.6494, 0.30572, 0.51048, 8.4966, 9.6572, 0.22792, 0.00198, 0.36659, 0.13221, 0.00253, 2.2576, 1.6473, 0.05051, 1.0127, 1.0228, 1.163, 0.4579, 0.37379, 1.4471, 1.3148, 0.65203, 0.0064709, 3.0922, 0.5927, 0.0090891, 3.9477, 1.8934, 0.054455, 0.83745, 0.98154, 0.98251, 0.32359, 0.17505, -0.045529, -0.45625, 0.53248, -0.0025222, 1.2878, 0.15792, -0.0038707, 2.3819, 1.5323, 0.039755, 1.188, 1.0641, 1.3434, 0.59221, 0.57253, 2.9398, 3.0859, 0.77159, 0.015464, 4.8967, 1.0275, 0.022049, 5.5135, 2.2544, 0.069156, 0.011354, 0.00062974, 0.012037, 0.0066673, 0.014598, 0.82349, 1.1593, 0.005283, 2.9892e-05, 1.2034, 0.069868, 6.2079e-05, 0.90621, 0.048187, 7.9877e-05, 0.50649, 0.92986, 0.6326, 0.17079, 0.06358, -1.3779, -1.6038, 0.37506, -0.0068871, 0.1741, 0.0025708, -0.0043513, 0.9726, 1.0701, 0.02984, 1.5189, 1.1158, 1.6933, 0.74501, 0.684, 4.2721, 4.2334, 0.929, 0.019829, 6.0104, 1.1828, 0.02253, 6.9228, 2.7166, 0.079071, 0.094716, 0.0031932, 0.10397, 0.030467, 0.035568, 2.9497, 3.1484, 0.028353, 6.5952e-05, 3.1475, 0.12872, 6.6768e-05, 3.2715, 0.25051, 0.00022396
107, 2.1818, 0.16255, 0.08371, 0.214, 1.0417, 0.52392, 0.89294, 0.97718, 1.2364, 0.44438, 0.33975, 0.81104, 1.2038, 0.56662, 0.02108, 1.2338, 0.66865, 0.00825, 5.1722, 0.76619, 0.04885, 0.58238, 1.0163, 1.1102, 0.63757, 0.49131, 1.7493, 0.80951, 0.70697, 0.013571, 3.9366, 0.5527, 0.0044378, 3.981, 0.80478, 0.050615, 0.45392, 0.98244, 0.98054, 0.56508, 0.36979, 1.3448, -0.49598, 0.62403, 0.0062336, 2.8648, 0.21888, -0.0048821, 3.0367, 0.62528, 0.043423, 0.71083, 1.0503, 1.24, 0.71006, 0.61282, 2.1537, 2.115, 0.78991, 0.020907, 5.0083, 0.88651, 0.013758, 4.9253, 0.98428, 0.057807, 0.0060986, 0.00042495, 0.0062185, 0.0019422, 0.0054576, 0.060461, 0.62993, 0.0025427, 1.9896e-05, 0.42456, 0.041187, 3.2104e-05, 0.32958, 0.011909, 1.912e-05, -0.18208, 0.92643, 0.26042, 0.38585, 0.22391, 1.1157, -0.75866, 0.39194, -0.00045777, 1.6492, -0.43096, -0.014206, 0.81966, -0.088, 0.029602, 1.3468, 1.1063, 1.9601, 0.88929, 0.7587, 2.3828, 2.3777, 1.022, 0.027599, 6.224, 1.5364, 0.023082, 7.1423, 1.6976, 0.071628, 0.216, 0.0029884, 0.26693, 0.02342, 0.026427, 0.14835, 0.90893, 0.036682, 7.2737e-05, 1.9339, 0.35763, 0.00012847, 3.6939, 0.2946, 0.0001632
108, 2.5, 0.2982, 0.06484, 0.6, 1.6667, 0.77092, 0.92858, 1.0653, 0.87941, 0.41175, 0.28611, 1.1012, 0.12765, 0.32978, 0.00045, 7.9993, 0.62862, 0.00789, 1.6314, 0.87548, 0.07689, 1.4136, 0.98333, 1.3846, 0.45028, 0.33053, 3.1914, 1.3179, 0.59312, 0.0063904, 3.4975, 0.83419, 0.0080426, 2.1631, 1.3941, 0.052333, 1.192, 0.93731, 1.2, 0.31235, 0.11466, 2.0697, -0.44844, 0.4562, -0.0026056, 1.4204, 0.3673, -0.0049457, 0.60912, 1.0287, 0.037694, 1.6353, 1.0293, 1.5692, 0.58822, 0.54639, 4.3131, 3.0842, 0.73004, 0.015386, 5.5746, 1.3011, 0.021031, 3.7172, 1.7595, 0.066972, 0.018153, 0.00078282, 0.012597, 0.0070324, 0.017223, 0.46506, 1.1531, 0.0069293, 2.9912e-05, 1.5946, 0.080567, 6.2352e-05, 0.89261, 0.04934, 7.9206e-05, 0.88752, 0.88818, 0.44486, 0.13373, 0.0090738, -1.3087, -2.3903, 0.3591, -0.010148, -1.674, 0.19457, -0.0054191, -1.2744, 0.58606, 0.027754, 1.9398, 1.0785, 2.3243, 0.76684, 0.65198, 7.6915, 5.026, 0.82714, 0.022928, 8.669, 1.4738, 0.021504, 5.6007, 2.2021, 0.076911, 0.10231, 0.0033463, 0.3264, 0.037037, 0.038193, 7.4849, 5.0824, 0.020242, 0.00010109, 9.885, 0.15121, 6.6981e-05, 4.3676, 0.24132, 0.00022329
109, 2.9733, 0.30271, 0.12022, 0.10006, 1.1111, 0.41343, 1.7393, 0.97657, 1.4911, 0.40595, 0.57538, 1.2935, 0.75638, 0.81055, 0.0006, 5.4275, 0.57931, 0.00029, 5.6108, 0.41887, 0.03237, 0.79738, 0.962, 1.5265, 0.32492, 0.44513, 1.9707, 1.1843, 0.74725, 0.005345, 5.2647, 0.64098, 0.0056608, 3.9952, 0.54547, 0.043782, 0.65124, 0.93036, 1.3903, 0.24941, 0.32741, 1.3304, -0.54072, 0.67062, -0.0035534, 4.0286, 0.25651, -0.002184, 2.9691, 0.35617, 0.036364, 0.94352, 0.99363, 1.6628, 0.40042, 0.56285, 2.6109, 2.9094, 0.82389, 0.014243, 6.5008, 1.0254, 0.013506, 5.0213, 0.73478, 0.0512, 0.0078942, 0.00036987, 0.0068614, 0.0021072, 0.0051221, 0.1515, 1.0999, 0.0021707, 2.9267e-05, 0.56472, 0.054634, 2.2746e-05, 0.38912, 0.013246, 2.0339e-05, -0.070812, 0.87291, 0.55191, 0.060596, 0.17944, 0.97642, -1.4679, 0.37278, -0.0089801, 0.31329, -0.30184, -0.012519, 0.5799, -0.18809, 0.02269, 1.6656, 1.0511, 2.5012, 0.58924, 0.71083, 2.9649, 3.8366, 1.1217, 0.01967, 10.216, 1.5838, 0.023841, 7.4105, 1.279, 0.064873, 0.2786, 0.0029334, 0.3511, 0.025823, 0.026092, 0.36537, 2.6, 0.051832, 7.5848e-05, 9.0616, 0.32855, 0.00012216, 4.3112, 0.19889, 0.00016442
110, 3, 0.21736, 0.06894, 0.10552, 1.5151, 0.47661, 0.42981, 1.0497, 0.73885, 0.43479, 0.3397, 1.599, 0.76761, 0.77635, 1e-05, 8.3476, 1.4587, 0.00181, 6.8057, 0.73764, 0.06878, 0.68593, 0.99073, 1.2907, 0.42923, 0.478, 1.8869, 1.5552, 0.71087, 0.0098977, 5.2611, 0.71861, 0.0063969, 5.3853, 0.66578, 0.044916, 0.56815, 0.95927, 1.1648, 0.36414, 0.38871, 1.348, 0.33914, 0.63575, 0.0026558, 4.2409, 0.41119, 0.0018036, 4.5529, 0.49526, 0.039336, 0.80372, 1.0222, 1.4166, 0.49432, 0.5673, 2.4258, 2.7712, 0.78598, 0.01714, 6.2813, 1.026, 0.01099, 6.2178, 0.8363, 0.050495, 0.0051276, 0.00036573, 0.0058582, 0.001566, 0.0029472, 0.10733, 0.54657, 0.0020856, 1.9385e-05, 0.38468, 0.034932, 7.7981e-06, 0.25613, 0.010747, 1.1508e-05, -0.0065279, 0.90171, 0.18942, 0.18271, 0.22363, -1.9851, -1.1989, 0.29942, -0.0027513, -2.2825, -0.44757, -0.00084322, 1.6423, -0.80485, 0.024398, 1.3784, 1.0798, 2.3919, 0.67575, 0.73238, 5.7589, 4.3093, 1.1223, 0.022547, 12.805, 1.8848, 0.013637, 9.1284, 2.1364, 0.065433, 0.17723, 0.0029292, 0.44825, 0.022462, 0.023917, 5.5415, 2.8035, 0.06257, 5.9137e-05, 21.033, 0.50267, 1.9375e-05, 5.1784, 0.79938, 0.00015559
111, 5.3333, 0.34261, 0.05169, 0.0412, 1.3368, 0.36861, 1.6082, 1.0945, 1.1152, 0.01054, 0.413, 0.18983, 6.3704, 0.78441, 0.03335, 9.112, 0.71465, 0.03382, 2.5602, 0.28438, 0.07362, 1.3193, 1.003, 1.5319, 0.28626, 0.66097, 2.0094, 2.9465, 0.79923, 0.012041, 5.0789, 0.55885, 0.0074918, 4.6729, 0.61235, 0.05834, 1.143, 0.96342, 1.39, 0.18767, 0.49367, 1.4841, 1.5046, 0.70657, 0.0048997, 3.3588, 0.13201, -0.0010347, 3.6634, 0.39493, 0.049619, 1.4956, 1.0426, 1.6739, 0.38485, 0.82828, 2.5346, 4.3884, 0.8919, 0.019183, 6.7989, 0.98569, 0.016018, 5.6823, 0.82978, 0.067062, 0.011485, 0.00057869, 0.007446, 0.0035928, 0.010346, 0.10197, 0.76842, 0.0031735, 1.8852e-05, 1.0935, 0.067339, 2.6871e-05, 0.37663, 0.017473, 2.8114e-05, 0.2981, 0.91078, 0.97839, 0.014227, 0.3699, 0.15433, 0.069102, 0.54216, -0.0014511, 1.1007, -0.54445, -0.0061568, 1.7594, -0.20013, 0.036756, 2.3405, 1.0952, 2.0855, 0.55829, 0.95205, 3.8644, 5.8239, 1.0563, 0.025534, 9.057, 1.6622, 0.02114, 7.5863, 1.4248, 0.079925, 0.38544, 0.0031422, 0.11326, 0.027352, 0.031316, 1.2719, 3.0602, 0.024427, 6.7287e-05, 5.8495, 0.44992, 6.8853e-05, 3.1374, 0.24399, 0.00017219
112, 2, 0.23842, 0.10557, 0.09973, 0.91398, 0.55989, 0.95446, 0.97593, 0.536, 0.4464, 0.3831, 1.0751, 0.9754, 0.77616, 0.00024, 8.8799, 0.14642, 0.00343, 5.7354, 0.24015, 0.03407, 0.53434, 0.98647, 1.3814, 0.4082, 0.26536, 1.5344, 1.1713, 0.71885, 0.0059964, 5.6728, 0.45815, 0.0065243, 3.9037, 0.67018, 0.040057, 0.37446, 0.95175, 1.2308, 0.31941, 0.11023, 1.0153, -0.56183, 0.62615, -0.0029419, 4.3386, 0.073365, -0.0047768, 2.8227, 0.44192, 0.031752, 0.69422, 1.0212, 1.5321, 0.49699, 0.42049, 2.0536, 2.9044, 0.81155, 0.014935, 7.0071, 0.84293, 0.017825, 4.9847, 0.89845, 0.048361, 0.0094481, 0.00044551, 0.0083909, 0.0029139, 0.0088948, 0.099612, 1.1102, 0.0031762, 2.953e-05, 0.65799, 0.054724, 4.7205e-05, 0.43192, 0.019258, 2.5492e-05, -0.11938, 0.89624, 0.55231, 0.13933, -0.018893, 0.70716, -1.0382, 0.42315, -0.0099399, -1.739, -0.43567, -0.01147, 0.77321, -0.20484, 0.018637, 1.1881, 1.0767, 2.2105, 0.67707, 0.54961, 2.3617, 3.3808, 1.0146, 0.021933, 13.085, 1.352, 0.024518, 7.0342, 1.5452, 0.061476, 0.15795, 0.003009, 0.25408, 0.026719, 0.029864, 0.25296, 1.8044, 0.032318, 9.3868e-05, 20.305, 0.29528, 0.00011967, 3.6222, 0.283, 0.00016957
113, 2.25, 0.30385, 0.0606, 0.15791, 2.0159, 0.83622, 0.54272, 0.90669, 1.9097, 0.26153, 0.24624, 4.0173, 7.6441, 0.68062, 0.01032, 1.7016, 0.22126, 0.00152, 2.5061, 1.0259, 0.02441, 0.68187, 0.97537, 1.3145, 0.4591, 0.36081, 2.3235, 1.322, 0.73273, 0.0060718, 6.2791, 0.46354, 0.0032777, 3.7679, 0.77415, 0.041399, 0.55712, 0.93555, 1.1325, 0.35274, 0.20628, 1.3364, -0.33937, 0.63774, -0.0026426, 4.5998, 0.13521, -0.0048609, 2.5317, 0.51099, 0.031916, 0.80662, 1.0152, 1.4964, 0.56546, 0.51534, 3.3105, 2.9833, 0.82771, 0.014786, 7.9585, 0.79187, 0.011416, 5.0041, 1.0373, 0.050881, 0.0057522, 0.00058591, 0.012236, 0.0041811, 0.0088256, 0.36012, 1.0201, 0.0033349, 2.8068e-05, 1.0424, 0.039844, 2.4482e-05, 0.56482, 0.025598, 3.3237e-05, 0.40245, 0.88306, 0.39367, 0.12298, 0.076887, -3.5656, -2.9046, 0.55196, -0.011642, 1.4678, -0.0063063, -0.0050427, 0.5043, 0.13351, 0.019496, 0.96129, 1.0677, 2.2353, 0.79523, 0.64473, 8.2125, 5.5485, 0.91349, 0.023786, 11.09, 0.93338, 0.011598, 7.0315, 1.4148, 0.063301, 0.028858, 0.0031494, 0.31338, 0.041759, 0.029795, 12.818, 6.6026, 0.012078, 0.00011598, 8.5559, 0.081593, 2.5588e-05, 3.9367, 0.1517, 0.00017732
114, 4.5625, 0.14721, 0.04663, 0, 1.1778, 0.19263, 1.3507, 1.0793, 0.64349, 0.42826, 0.60469, 0.85331, 0.58128, 0.98999, 0.00128, 8.9719, 1.794, 0.00393, 4.3879, 0.26061, 0.05327, 1.0102, 0.98508, 1.0915, 0.36823, 0.37281, 0.54889, 1.3175, 0.80775, 0.0055988, 5.4669, 0.70606, 0.0053628, 4.5684, 0.58514, 0.049694, 0.83288, 0.94554, 0.97157, 0.26756, 0.21815, -0.052558, 0.48242, 0.70136, -0.0024499, 4.2379, 0.31683, -0.003344, 3.5187, 0.35034, 0.039056, 1.1875, 1.0246, 1.2114, 0.46891, 0.52747, 1.1503, 2.1526, 0.91413, 0.013648, 6.6959, 1.0953, 0.014069, 5.6181, 0.81994, 0.060332, 0.011617, 0.00057777, 0.005314, 0.0037461, 0.0088408, 0.1337, 0.25776, 0.0041829, 2.3944e-05, 0.55829, 0.055997, 2.8019e-05, 0.40723, 0.020378, 4.1827e-05, 0.042507, 0.89289, 0.77662, 0.084039, 0.088816, -0.47267, 0.10395, 0.53901, -0.0125, 3.2437, -0.041676, -0.012318, 2.4925, 0.041892, 0.027267, 1.9778, 1.0773, 1.4063, 0.65243, 0.65681, 1.5704, 2.5311, 1.0765, 0.023698, 7.6901, 1.4538, 0.023043, 6.6443, 1.1284, 0.072121, 0.34609, 0.0031413, 0.036641, 0.029852, 0.02981, 0.38572, 0.54433, 0.026694, 0.00012107, 1.8268, 0.20665, 0.00011554, 1.5928, 0.10908, 0.00018591
115, 6.5574, 0.10993, 0.11064, 0.37139, 1.1799, 0.1906, 0.51055, 1.0441, 1.8096, 0.61252, 0.27059, 1.6937, 1.3049, 0.60625, 2e-05, 5.3413, 1.0398, 0.01325, 1.4627, 3.3013, 0.07146, 1.0065, 1.011, 1.099, 0.67684, 0.45716, 2.4011, 1.216, 0.68053, 0.0053283, 2.3261, 0.7733, 0.019759, 4.6677, 1.5958, 0.060063, 0.82321, 0.97356, 0.97513, 0.5813, 0.33604, 1.9383, -0.16858, 0.58753, -0.0031505, 0.84554, 0.44079, 0.011362, 3.3263, 1.3775, 0.048709, 1.1898, 1.0484, 1.2229, 0.77237, 0.57828, 2.864, 2.6007, 0.77353, 0.013807, 3.8067, 1.1058, 0.028157, 6.0092, 1.814, 0.071418, 0.012417, 0.00051689, 0.0056731, 0.0033738, 0.0054223, 0.079181, 0.70861, 0.003197, 2.6571e-05, 0.81023, 0.040866, 2.6065e-05, 0.66512, 0.017609, 4.765e-05, 0.090259, 0.91967, 0.50129, 0.40553, 0.18995, 1.4586, -0.33346, 0.40678, -0.0090069, -0.15665, 0.0834, 0.0029504, 1.7423, 1.062, 0.037288, 1.9227, 1.1023, 1.6967, 0.94814, 0.72438, 3.3437, 2.7655, 0.95428, 0.019663, 4.8089, 1.4632, 0.036568, 7.5932, 2.1295, 0.082839, 0.31029, 0.0030804, 0.13205, 0.027205, 0.026392, 0.32836, 0.88742, 0.027699, 7.5954e-05, 2.2784, 0.17592, 0.00010443, 3.1632, 0.10529, 0.00019173
116, 3, 0.19839, 0.09253, 0.29999, 1.25, 0.46631, 0.91298, 0.99747, 1.429, 0.46589, 0.33976, 0.11565, 1.2037, 0.99874, 0.00307, 0.88585, 1.8769, 0.00231, 3.9451, 0.63878, 0.03972, 0.93511, 1.0216, 1.2613, 0.60776, 0.53686, 1.9039, 1.0776, 0.71396, 0.0070591, 2.4015, 0.54123, 0.015931, 5.9773, 1.022, 0.046721, 0.80979, 0.98268, 1.1438, 0.53354, 0.41208, 1.4909, -0.56431, 0.63233, -0.0016839, 0.98781, 0.18121, 0.010359, 5.0481, 0.8664, 0.03965, 1.0604, 1.0605, 1.3789, 0.68197, 0.66164, 2.3169, 2.7196, 0.79558, 0.015802, 3.8151, 0.90126, 0.021503, 6.9064, 1.1777, 0.053791, 0.0058049, 0.00055911, 0.0051058, 0.0020359, 0.0057551, 0.063044, 0.99648, 0.0024627, 2.8253e-05, 0.73863, 0.047908, 1.1476e-05, 0.31907, 0.0089534, 1.8477e-05, -0.098608, 0.92966, 0.17028, 0.39407, 0.26796, 0.73354, -1.0891, 0.30489, -0.0063691, -2.7784, -0.55443, 0.001108, 2.1705, 0.028991, 0.025749, 1.9688, 1.1135, 2.3524, 0.82145, 0.80576, 3.0743, 3.2444, 1.123, 0.020487, 7.5813, 1.6369, 0.030754, 9.784, 2.0151, 0.067692, 0.39496, 0.0031226, 0.44, 0.016878, 0.026725, 0.50629, 1.7352, 0.061849, 6.6647e-05, 9.9169, 0.44371, 8.121e-05, 5.3561, 0.36449, 0.00016256
117, 2.25, 0.34455, 0.13744, 0.0892, 1.0079, 0.51293, 1.7962, 0.94851, 0.92745, 0.34529, 0.28427, 2.3246, 0.9779, 0.56956, 0.00541, 8.9966, 0.19464, 0.00182, 3.9881, 0.23038, 0.03244, 0.6798, 0.96256, 1.4509, 0.2979, 0.31015, 1.3851, 1.3455, 0.75628, 0.0056455, 4.8148, 0.55904, 0.0052165, 3.5344, 0.70508, 0.039942, 0.50495, 0.92772, 1.2947, 0.20475, 0.16117, 0.73928, -0.40492, 0.66316, -0.003272, 3.2376, 0.1886, -0.0040931, 2.2673, 0.43269, 0.030274, 0.85464, 0.9974, 1.6072, 0.39104, 0.45913, 2.0309, 3.096, 0.8494, 0.014563, 6.392, 0.92947, 0.014526, 4.8015, 0.97747, 0.049611, 0.011299, 0.00044874, 0.0090212, 0.0032068, 0.0082035, 0.15415, 1.1325, 0.0032049, 2.9392e-05, 0.91942, 0.050718, 3.2034e-05, 0.59339, 0.027424, 3.4552e-05, -0.057576, 0.87229, 0.58129, 0.026926, 0.029211, 0.3384, -1.304, 0.42984, -0.011326, 0.91858, -0.33885, -0.01286, 0.35972, -0.18758, 0.017958, 1.4172, 1.0528, 2.3206, 0.56887, 0.5911, 2.4318, 3.995, 1.0827, 0.022617, 8.711, 1.4569, 0.023293, 6.7091, 1.5977, 0.061926, 0.20096, 0.0030122, 0.27952, 0.027139, 0.029173, 0.40493, 2.5946, 0.039388, 0.00010646, 5.6108, 0.29798, 0.00012077, 3.7251, 0.29452, 0.00017863
118, 4.4984, 0.28084, 0.05792, 0.09349, 0.79167, 0.36102, 0.4759, 0.90508, 1.9385, 0.18205, 0.75003, 3.7828, 2.2093, 0.65909, 0.01921, 1.6395, 0.14229, 0.00244, 2.9959, 1.2145, 0.05735, 1.1887, 0.99345, 1.4974, 0.32207, 0.48732, 1.1873, 1.3028, 0.77423, 0.0047876, 4.9356, 0.6662, 0.002872, 6.4721, 0.45784, 0.054988, 1.0556, 0.96271, 1.364, 0.24442, 0.36154, 0.84736, -0.14613, 0.69776, -0.0021536, 3.9018, 0.28069, -0.0059557, 5.6932, 0.30274, 0.049164, 1.3219, 1.0242, 1.6307, 0.39972, 0.61309, 1.5272, 2.7517, 0.85069, 0.011729, 5.9695, 1.0517, 0.0117, 7.2509, 0.61294, 0.060812, 0.0065565, 0.00034919, 0.006571, 0.0022285, 0.0058471, 0.042705, 0.77593, 0.0021611, 1.7808e-05, 0.39506, 0.054931, 2.8803e-05, 0.22421, 0.0088917, 1.2537e-05, 0.59916, 0.90468, 0.99945, 0.070999, 0.21796, 0.24443, -0.82283, 0.52731, -0.0056645, -0.84241, -0.36596, -0.011701, 2.9606, -0.09924, 0.034403, 1.7783, 1.0822, 1.9953, 0.57314, 0.75668, 2.1301, 3.4284, 1.0211, 0.01524, 10.714, 1.6984, 0.017446, 9.9836, 1.0149, 0.075572, 0.12848, 0.0029127, 0.091639, 0.023299, 0.026817, 0.32856, 1.67, 0.022535, 4.0379e-05, 12.34, 0.39377, 7.8501e-05, 4.5575, 0.1147, 0.00015662
119, 2.1818, 0.31447, 0.1057, 0.42002, 1.25, 0.63982, 1.6726, 1.007, 1.7332, 0.54085, 0.35403, 1.6059, 0.52666, 0.71175, 0.00026, 1.5558, 1.6702, 0.00185, 2.256, 1.1532, 0.03867, 1.0695, 1.0218, 1.4149, 0.4485, 0.25456, 3.5308, 1.4722, 0.76665, 0.006846, 2.7724, 0.55784, 0.010575, 3.3668, 1.0119, 0.045226, 0.90318, 0.97366, 1.2564, 0.34192, 0.090823, 2.7119, -0.2935, 0.65588, -0.0021444, 0.97056, 0.17734, -0.0015528, 2.0282, 0.76716, 0.034032, 1.2358, 1.07, 1.5733, 0.55508, 0.4183, 4.3497, 3.2379, 0.87742, 0.015836, 4.5743, 0.93835, 0.022703, 4.7055, 1.2567, 0.05642, 0.010221, 0.00085841, 0.0092783, 0.0041985, 0.0099092, 0.24786, 1.1524, 0.0045351, 2.9875e-05, 1.2001, 0.053513, 5.4364e-05, 0.66232, 0.022145, 4.6314e-05, 0.068171, 0.92563, 0.53961, 0.16713, -0.03448, 2.0833, -1.4292, 0.48807, -0.010661, -1.7997, -0.22641, -0.0072311, 0.11505, 0.059721, 0.022529, 2.0708, 1.1181, 2.2901, 0.72987, 0.5436, 4.9782, 4.3736, 1.0452, 0.024353, 7.3446, 1.3421, 0.028381, 6.6186, 1.9641, 0.067922, 0.37058, 0.0034219, 0.28315, 0.029262, 0.030879, 0.77438, 3.1114, 0.028686, 0.00011329, 7.7265, 0.22733, 0.00011719, 3.9083, 0.33513, 0.00019039
120, 2, 0.062, 0.15337, 0.59912, 1.1719, 0.38897, 0.83042, 1.0811, 0.68945, 0.58865, 0.28196, 1.5555, 0.81505, 0.58224, 0.00044, 3.7151, 1.1254, 0.00691, 1.0474, 1.95, 0.04357, 1.0754, 1.0273, 1.2032, 0.5683, 0.49065, 1.1124, 1.325, 0.50713, 0.0064092, 1.8607, 0.73795, 0.014439, 2.0531, 1.7194, 0.047028, 0.82072, 0.97969, 1.0298, 0.42823, 0.32012, 0.13607, -0.44663, 0.36282, -0.0025881, 0.075287, 0.31844, 0.005114, 0.49243, 1.328, 0.032543, 1.3302, 1.0748, 1.3766, 0.70838, 0.66118, 2.0887, 3.0965, 0.65143, 0.015406, 3.6462, 1.1575, 0.023764, 3.6137, 2.1108, 0.061512, 0.023981, 0.0008363, 0.011114, 0.007252, 0.010748, 0.3523, 1.16, 0.0076972, 2.9921e-05, 1.1782, 0.065048, 3.2138e-05, 0.90024, 0.056623, 7.7545e-05, 0.1703, 0.93135, 0.47853, 0.27918, 0.19771, -0.43552, -0.57142, 0.18731, -0.008245, -0.99637, -0.0841, -0.0022668, -1.1038, 0.94214, 0.02254, 1.9806, 1.1232, 1.9279, 0.85743, 0.78359, 2.6603, 3.2213, 0.82694, 0.021063, 4.7178, 1.56, 0.031144, 5.2099, 2.4967, 0.071515, 0.30281, 0.0033998, 0.1941, 0.030898, 0.031718, 0.88558, 1.3292, 0.037806, 7.9372e-05, 3.0171, 0.24977, 0.00010315, 3.6834, 0.22331, 0.00022163
121, 4, 0.18588, 0.05414, 0.12047, 0.82812, 0.33729, 1.6389, 1.0183, 0.60394, 0.42476, 0.43377, 1.0974, 0.57956, 0.65953, 0.00362, 4.4607, 1.8966, 0.01274, 5.3743, 0.36212, 0.04084, 0.90841, 1.0073, 1.173, 0.4556, 0.46115, 1.4357, 1.3416, 0.75635, 0.0083479, 4.7847, 0.79456, 0.0045248, 6.8936, 0.61734, 0.055666, 0.78255, 0.97406, 1.0626, 0.3757, 0.28608, 1.0107, -0.2806, 0.67686, 0.00038567, 3.7195, 0.35445, -0.0037971, 6.0449, 0.45792, 0.049026, 1.0343, 1.0405, 1.2834, 0.5355, 0.63621, 1.8608, 2.9638, 0.83583, 0.01631, 5.85, 1.2347, 0.012847, 7.7423, 0.77675, 0.062306, 0.0058549, 0.00040849, 0.0045047, 0.0023597, 0.011328, 0.066783, 0.97262, 0.0023351, 2.3433e-05, 0.4194, 0.071592, 2.5597e-05, 0.26625, 0.0093929, 1.6297e-05, 0.30817, 0.91763, 0.64426, 0.19299, 0.16554, 0.54718, -0.55222, 0.48154, -0.0033451, 1.1935, -0.16628, -0.010403, 3.9539, 0.113, 0.034836, 1.5087, 1.097, 1.7018, 0.71822, 0.75675, 2.3243, 3.2354, 1.0312, 0.020041, 8.3759, 1.7554, 0.019452, 9.8333, 1.1217, 0.076497, 0.13317, 0.002972, 0.10334, 0.025491, 0.032297, 0.29182, 1.3256, 0.027913, 5.0536e-05, 4.7667, 0.34123, 8.2359e-05, 3.194, 0.094013, 0.00016038
122, 6.5574, 0.10961, 0.14472, 0.52977, 0.81121, 0.16569, 0.51746, 0.94211, 1.4635, 0.78232, 0.56176, 5.8578, 8.371, 0.05984, 0.00662, 5.3688, 0.91618, 0.03139, 1.3169, 1.2029, 0.08849, 1.131, 1.0192, 1.1587, 0.62422, 0.52382, 1.8823, 1.3254, 0.61298, 0.0063909, 7.6074, 0.58711, 0.010455, 3.2197, 2.3438, 0.074482, 0.86022, 0.97191, 1.0052, 0.49783, 0.36075, 0.86288, -0.4462, 0.48512, -0.0026064, 5.5029, 0.25186, 0.00048906, 1.3328, 1.9948, 0.057601, 1.4018, 1.0665, 1.3122, 0.75061, 0.6869, 2.9017, 3.097, 0.74083, 0.015388, 9.712, 0.92235, 0.02042, 5.1066, 2.6928, 0.091362, 0.027107, 0.00082752, 0.0087086, 0.0059041, 0.0098292, 0.38412, 1.16, 0.0060422, 2.9921e-05, 1.6371, 0.04154, 3.6707e-05, 1.316, 0.045016, 0.00010532, 0.4968, 0.92344, 0.55396, 0.34059, 0.23516, 0.41826, -0.57718, 0.32531, -0.0082569, 4.6732, -0.13121, -0.0046779, 0.0065451, 1.701, 0.048505, 1.7653, 1.115, 1.7633, 0.90785, 0.81249, 3.3464, 3.228, 0.90064, 0.021039, 10.542, 1.3054, 0.025587, 6.4329, 2.9867, 0.10046, 0.14868, 0.003391, 0.13515, 0.029734, 0.030799, 0.79224, 1.3379, 0.030585, 7.9303e-05, 3.1822, 0.19071, 8.4638e-05, 3.8161, 0.15275, 0.0002494
123, 4, 0.18588, 0.02711, 0.06024, 1.6537, 0.47104, 0.69657, 1.0595, 1.3399, 0.37582, 0.39301, 0.90748, 0.76832, 0.74257, 0.00045, 5.469, 0.90154, 0.01359, 8.6633, 0.44619, 0.04761, 0.91219, 0.99134, 1.1337, 0.40514, 0.54238, 1.9704, 1.2075, 0.74948, 0.0042799, 6.2506, 0.91646, 0.0013095, 5.5992, 0.84002, 0.052402, 0.77938, 0.95555, 1.0098, 0.32462, 0.40922, 1.1837, -0.47399, 0.65986, -0.0040423, 4.9963, 0.50597, -0.0041228, 4.5671, 0.61327, 0.044661, 1.045, 1.0271, 1.2577, 0.48567, 0.67554, 2.7571, 2.889, 0.8391, 0.012602, 7.5049, 1.3269, 0.0067417, 6.6312, 1.0668, 0.060143, 0.0065192, 0.00047336, 0.0056764, 0.0023965, 0.0065542, 0.22877, 1.0451, 0.0029689, 2.5599e-05, 0.58148, 0.06228, 1.0907e-05, 0.39366, 0.019004, 2.2148e-05, 0.40554, 0.90069, 0.59916, 0.14456, 0.26949, -2.3224, -1.7893, 0.44928, -0.0077033, 2.5966, -0.31796, -0.00514, 2.6217, -0.78831, 0.031195, 1.4188, 1.082, 1.6683, 0.66572, 0.81527, 6.2631, 4.2043, 1.0497, 0.016263, 9.9046, 2.1509, 0.007759, 8.5766, 2.4684, 0.073609, 0.094876, 0.0030368, 0.10562, 0.025097, 0.027524, 6.8111, 3.3194, 0.033309, 5.3075e-05, 4.935, 0.5632, 1.5374e-05, 3.2767, 0.98002, 0.00016623
124, 3.0049, 0.1623, 0.05357, 0.04951, 1.3368, 0.45659, 1.2514, 0.95992, 0.77052, 0.41889, 0.37026, 1.436, 0.7106, 0.61358, 0.00273, 6.005, 0.07381, 0.01051, 9.2238, 0.11614, 0.02513, 0.58988, 1.008, 1.064, 0.42075, 0.49314, 2.3066, 1.201, 0.77627, 0.0044454, 6.406, 0.7026, 0.0039582, 5.7354, 0.58326, 0.046003, 0.43413, 0.97021, 0.94477, 0.3407, 0.35647, 1.6208, -0.45463, 0.68861, -0.0039325, 4.7646, 0.31935, -0.0043516, 4.7521, 0.37252, 0.037827, 0.74563, 1.0457, 1.1832, 0.50079, 0.62981, 2.9923, 2.8567, 0.86393, 0.012823, 8.0473, 1.0858, 0.012268, 6.7188, 0.79401, 0.054178, 0.008966, 0.00052687, 0.0052547, 0.0023682, 0.0069039, 0.17381, 1.0132, 0.00284, 2.5943e-05, 0.99576, 0.054289, 2.5523e-05, 0.3574, 0.016416, 2.4707e-05, -0.46714, 0.91653, -0.035478, 0.25883, 0.21852, 0.40646, -0.8853, 0.36317, -0.0085565, 3.8329, -0.57987, -0.0097798, 1.8871, -0.52769, 0.024633, 1.6469, 1.0994, 2.1635, 0.58267, 0.76775, 4.2067, 3.2874, 1.1894, 0.017447, 8.979, 1.9851, 0.017696, 9.5838, 1.6942, 0.067372, 0.41297, 0.0030904, 0.44681, 0.0096909, 0.027874, 1.3344, 1.6088, 0.063076, 6.2483e-05, 2.4471, 0.60791, 6.9758e-05, 5.4739, 0.45618, 0.00016879
125, 6, 0.34416, 0.06131, 0.09624, 0.8642, 0.29775, 1.7968, 0.94907, 1.8108, 0.27522, 0.37132, 0.70705, 0.28501, 0.65146, 0.00435, 4.8391, 0.46177, 0.01939, 5.9377, 0.69136, 0.0635, 1.2618, 0.97086, 1.5082, 0.26956, 0.47994, 2.7697, 2.8023, 0.80761, 0.011725, 4.541, 0.54515, 0.0083842, 4.8875, 0.69187, 0.065575, 1.0681, 0.93993, 1.3616, 0.18813, 0.34413, 2.292, 1.3652, 0.72724, 0.005032, 3.1209, 0.17302, -0.00098712, 3.9487, 0.50416, 0.057755, 1.4554, 1.0018, 1.6548, 0.35099, 0.61575, 3.2473, 4.2393, 0.88798, 0.018417, 5.9611, 0.91728, 0.017755, 5.8263, 0.87958, 0.073394, 0.01386, 0.00035358, 0.0079431, 0.0024508, 0.0068174, 0.084323, 0.76329, 0.0023875, 1.6555e-05, 0.74536, 0.051185, 3.246e-05, 0.32578, 0.013024, 2.2601e-05, 0.6298, 0.88202, 0.91389, 0.0029513, 0.20575, 1.9161, 0.47351, 0.54245, -0.0016275, 0.68851, -0.23071, -0.00749, 2.0798, 0.22149, 0.044339, 1.8937, 1.0597, 2.1024, 0.53616, 0.75412, 3.6232, 5.1311, 1.0728, 0.025077, 8.3935, 1.321, 0.024258, 7.6952, 1.1623, 0.086811, 0.14761, 0.0029171, 0.13053, 0.026272, 0.027787, 0.26928, 2.0045, 0.025987, 6.5893e-05, 5.4856, 0.22249, 9.3138e-05, 2.9137, 0.08178, 0.00016668
126, 8, 0.44876, 0.04706, 0.28113, 1.3333, 0.368, 0.89874, 1.0853, 1.9079, 0.44933, 0.5498, 1.3811, 0.86589, 0.82567, 0.00181, 8.7442, 0.43533, 0.00173, 8.91, 2.0326, 0.07183, 0.99299, 1.0412, 1.3071, 0.58333, 0.60711, 2.9304, 1.1516, 0.82473, 0.0064038, 6.5899, 0.64426, 0.013778, 3.6057, 1.2974, 0.05572, 0.67304, 0.99398, 1.1063, 0.44568, 0.43169, 1.8162, -0.52282, 0.68737, -0.002484, 4.3497, 0.20208, 0.0040858, 2.1042, 0.84737, 0.041707, 1.3129, 1.0885, 1.508, 0.72099, 0.78252, 4.0446, 2.8261, 0.96208, 0.015291, 8.8301, 1.0864, 0.02347, 5.1073, 1.7475, 0.069733, 0.037836, 0.0008252, 0.014907, 0.007004, 0.011373, 0.45884, 1.0363, 0.0069732, 2.9196e-05, 1.8549, 0.072268, 3.4721e-05, 0.83335, 0.07486, 7.258e-05, 0.029318, 0.94548, 0.67826, 0.29453, 0.3113, 0.87077, -1.5608, 0.53202, -0.0081737, 2.5895, -0.43035, -6.7229e-05, 0.57326, 0.40322, 0.031509, 1.9567, 1.137, 1.936, 0.87213, 0.90292, 4.9901, 3.864, 1.1174, 0.020981, 10.59, 1.7189, 0.027623, 6.6382, 2.1916, 0.079931, 0.34324, 0.0033887, 0.14617, 0.030828, 0.032343, 1.568, 2.7192, 0.031667, 7.8544e-05, 5.915, 0.42682, 7.0851e-05, 3.3989, 0.29553, 0.00021666
127, 6.58, 0.15255, 0.07488, 0.41875, 0.73746, 0.21669, 1.2772, 0.97707, 1.8453, 0.68567, 0.62979, 1.6501, 0.77907, 0.94812, 0.00012, 4.9612, 1.2347, 0.00033, 1.505, 3.5975, 0.08455, 1.0586, 0.97706, 1.1473, 0.63307, 0.50875, 1.7504, 0.78803, 0.62744, 0.0054826, 5.2897, 0.59152, 0.0044505, 3.2791, 1.7725, 0.063362, 0.88571, 0.94488, 1.0221, 0.52882, 0.3896, 1.2811, -0.49277, 0.53199, -0.0028145, 4.318, 0.27233, -0.0021684, 2.1548, 1.5805, 0.055067, 1.2316, 1.0092, 1.2726, 0.73733, 0.62791, 2.2197, 2.0688, 0.7229, 0.01378, 6.2614, 0.91072, 0.011069, 4.4033, 1.9645, 0.071658, 0.011054, 0.00038274, 0.0057986, 0.0040174, 0.0052477, 0.0814, 0.60633, 0.0033679, 2.5445e-05, 0.34899, 0.037658, 1.6193e-05, 0.46716, 0.013627, 2.5434e-05, 0.47586, 0.88777, 0.54815, 0.35859, 0.24242, 0.64576, -0.75293, 0.35299, -0.0087451, 3.0598, -0.086072, -0.0078406, 0.43896, 1.2438, 0.041947, 1.6414, 1.0663, 1.7465, 0.90755, 0.77508, 2.855, 2.329, 0.90189, 0.01971, 7.5195, 1.2691, 0.016742, 6.1192, 2.3012, 0.084778, 0.12554, 0.0029462, 0.13269, 0.027846, 0.026217, 0.45099, 0.87766, 0.02784, 7.4819e-05, 1.8378, 0.1697, 5.5837e-05, 2.9814, 0.10332, 0.00016951
128, 2, 0.41081, 0.05307, 0.38993, 1, 0.92872, 1.2832, 1.0857, 1.4312, 0.47872, 0.15265, 8.6844, 1.0646, 0.72124, 0.00054, 0.34006, 0.0379, 0.00308, 2.3299, 0.71472, 0.0417, 1.1098, 1.0133, 1.2562, 0.49226, 0.37845, 2.677, 1.3139, 0.79349, 0.0064117, 3.4822, 0.76209, 0.0088187, 3.4734, 0.66338, 0.055177, 0.90526, 0.95903, 1.0493, 0.33921, 0.17741, 1.2505, -0.45757, 0.64512, -0.0025856, 1.0022, 0.33339, -0.0043618, 1.9753, 0.26105, 0.038713, 1.3144, 1.0675, 1.4631, 0.64531, 0.57949, 4.1034, 3.0854, 0.94186, 0.015409, 5.9623, 1.1908, 0.021999, 4.9715, 1.0657, 0.071641, 0.015465, 0.0010881, 0.015819, 0.008658, 0.014938, 0.75208, 1.1599, 0.0081367, 2.9921e-05, 2.2733, 0.067929, 6.4211e-05, 0.82953, 0.059829, 0.00010019, 0.38516, 0.91389, 0.48576, 0.1947, 0.066761, 1.1205, -1.3495, 0.5428, -0.0089659, -0.6631, 0.11449, -0.010684, 0.35767, -0.23539, 0.029469, 1.8345, 1.1127, 2.0266, 0.78982, 0.69014, 4.2334, 3.9774, 1.0442, 0.021789, 7.6275, 1.4097, 0.028321, 6.5892, 1.5622, 0.080884, 0.19409, 0.0036516, 0.21938, 0.032726, 0.035908, 0.89542, 2.622, 0.023228, 8.7402e-05, 6.3513, 0.15501, 0.00014058, 3.5882, 0.29857, 0.00024427
129, 4.56, 0.08105, 0.04323, 0.2, 2.0833, 0.37977, 0.70575, 0.98823, 1.4376, 0.68811, 0.89367, 0.7368, 0.02477, 0.81933, 0.00801, 1.569, 0.97, 0.04414, 6.532, 0.75536, 0.0553, 1.059, 1.0368, 1.0434, 0.47565, 0.50861, 2.0275, 1.1525, 0.63393, 0.0045253, 2.7327, 0.66945, 0.033907, 4.2814, 1.6312, 0.060112, 0.91338, 0.99891, 0.92764, 0.36167, 0.31563, 1.0596, -0.43551, 0.52989, -0.0041041, 1.6942, 0.1969, 0.027393, 3.3236, 1.366, 0.051962, 1.2046, 1.0747, 1.1591, 0.58963, 0.70158, 2.9954, 2.7405, 0.73797, 0.013155, 3.7712, 1.142, 0.04042, 5.2393, 1.8964, 0.068261, 0.0078376, 0.00053026, 0.0049498, 0.004802, 0.013764, 0.34629, 0.9321, 0.0040009, 2.7524e-05, 0.39861, 0.082534, 1.5681e-05, 0.3391, 0.025999, 2.4549e-05, 0.78656, 0.94529, 0.76644, 0.11917, 0.20206, -3.6162, -1.6615, 0.38081, -0.019932, 0.59445, -0.54603, 0.027229, 2.692, -0.28396, 0.038752, 1.3314, 1.1283, 1.3203, 0.83213, 0.81516, 7.6712, 3.9665, 0.88705, 0.028982, 4.8709, 1.8849, 0.040585, 5.8709, 3.5463, 0.081471, 0.027432, 0.0030937, 0.028344, 0.046969, 0.034734, 11.773, 2.9268, 0.023681, 0.00022108, 1.6899, 0.54606, 1.6485e-05, 0.93375, 1.3556, 0.00016863
130, 5.3333, 0.35833, 0.05406, 0.04308, 1.3368, 0.37016, 1.633, 1.081, 1.0542, 0.24966, 0.87643, 5.1546, 6.7792, 0.86043, 0.0225, 1.3707, 0.0227, 0.00683, 1.9686, 0.64833, 0.07126, 1.3255, 1.0054, 1.5097, 0.25087, 0.43094, 1.6525, 2.9064, 0.79146, 0.015754, 6.81, 0.67042, 0.022618, 4.7219, 0.56072, 0.05888, 1.144, 0.96427, 1.3647, 0.1492, 0.26242, 1.0961, 1.4622, 0.69583, 0.0085863, 5.0438, 0.24195, 0.014058, 3.6953, 0.33442, 0.049945, 1.5071, 1.0465, 1.6546, 0.35254, 0.59945, 2.2088, 4.3506, 0.88708, 0.022921, 8.5761, 1.0989, 0.031178, 5.7485, 0.78701, 0.067816, 0.012185, 0.00062434, 0.0077698, 0.0038207, 0.010496, 0.11441, 0.77091, 0.0033796, 1.8988e-05, 1.1529, 0.067858, 2.7081e-05, 0.38952, 0.018928, 2.9509e-05, 0.30585, 0.9125, 0.94811, -0.022381, 0.13916, -0.21246, 0.051351, 0.53318, 0.002248, 2.939, -0.43237, 0.0089644, 1.8061, -0.26005, 0.037209, 2.3452, 1.0982, 2.0712, 0.52412, 0.72271, 3.5174, 5.7614, 1.0497, 0.029259, 10.681, 1.7732, 0.036272, 7.6377, 1.3815, 0.080552, 0.38429, 0.0031878, 0.11655, 0.027597, 0.031466, 1.2855, 3.0128, 0.024655, 6.7419e-05, 5.5383, 0.4495, 6.8903e-05, 3.1424, 0.24899, 0.00017359
131, 4.7, 0.39202, 0.08776, 0.23073, 1.9192, 0.48658, 1.4337, 1.0287, 1.8949, 0.52544, 0.54351, 1.1888, 0.77789, 0.84091, 0.00056, 5.8579, 0.53773, 0.00393, 4.2766, 0.56305, 0.03475, 1.3338, 1.0451, 1.3799, 0.54311, 0.67741, 1.2957, 1.3311, 0.85537, 0.0055755, 6.1398, 0.70243, 0.0080011, 5.2222, 0.76862, 0.054495, 1.188, 1.0031, 1.2372, 0.42213, 0.49066, 0.51338, -0.4383, 0.74155, -0.0032823, 4.3135, 0.29006, -0.0046821, 4.0842, 0.51198, 0.044554, 1.4795, 1.0871, 1.5226, 0.6641, 0.86416, 2.0781, 3.1005, 0.9692, 0.014433, 7.966, 1.1148, 0.020684, 6.3602, 1.0253, 0.064435, 0.0078496, 0.00065282, 0.0075271, 0.0054101, 0.01289, 0.22622, 1.1572, 0.0047886, 2.9e-05, 1.2327, 0.062851, 5.9458e-05, 0.47868, 0.024344, 3.6522e-05, 1.0105, 0.95181, 0.79961, 0.26221, 0.37474, -3.8463, -2.175, 0.57862, -0.0080584, 2.3353, -0.38325, -0.0048238, 2.0813, -0.82337, 0.03239, 1.6571, 1.1384, 1.9602, 0.82401, 0.98008, 6.4377, 4.8372, 1.1321, 0.019209, 9.9442, 1.7881, 0.020826, 8.3631, 2.3606, 0.076599, 0.038633, 0.0032163, 0.12447, 0.029164, 0.033859, 9.7726, 4.5436, 0.028309, 6.8704e-05, 5.3498, 0.43566, 6.0793e-05, 3.6464, 0.93676, 0.0001806
132, 2.25, 0.31691, 0.0842, 0.08204, 1.5132, 0.67396, 1.1096, 0.91486, 1.4385, 0.22054, 0.26254, 1.2785, 0.70091, 0.51289, 0.03167, 2.5363, 0.78562, 0.00641, 3.7786, 0.33838, 0.03977, 0.60625, 0.97899, 1.3851, 0.33931, 0.31419, 6.4826, 1.2361, 0.76134, 0.0064713, 5.7643, 0.4623, 0.00095535, 4.8085, 0.63625, 0.040831, 0.47942, 0.94726, 1.2264, 0.25295, 0.1879, 5.6439, -0.43647, 0.68517, -0.0024229, 4.387, 0.095536, -0.0061102, 3.8149, 0.42385, 0.033215, 0.73308, 1.0107, 1.5438, 0.42567, 0.44049, 7.3214, 2.9088, 0.83751, 0.015365, 7.1416, 0.82906, 0.0080209, 5.802, 0.84865, 0.048448, 0.0059456, 0.00037208, 0.0093069, 0.0027565, 0.0058953, 0.26004, 1.034, 0.0021446, 2.9239e-05, 0.70113, 0.049718, 1.8452e-05, 0.36488, 0.016674, 2.1442e-05, -0.088035, 0.88987, 0.47918, 0.06034, 0.044593, 2.6391, -2.2141, 0.50918, -0.011196, 1.448, -0.26685, -0.008095, 1.6561, -0.28283, 0.01967, 1.3005, 1.0681, 2.2911, 0.61827, 0.58379, 10.326, 4.6864, 1.0135, 0.024139, 10.081, 1.1914, 0.010006, 7.9608, 1.5553, 0.061993, 0.17816, 0.0029356, 0.30335, 0.028764, 0.026865, 5.4602, 4.3999, 0.023502, 0.00011537, 6.8858, 0.19651, 3.0275e-05, 3.6729, 0.31222, 0.00016552
133, 4.56, 0.08105, 0.08646, 0.3, 1.0417, 0.27718, 1.1226, 1.0057, 1.3549, 0.72541, 0.81134, 1.2129, 1.1694, 0.83202, 0.00477, 2.1555, 0.56328, 0.01399, 9.6799, 0.75003, 0.04299, 1.0216, 1.0288, 1.0574, 0.69962, 0.42692, 1.4554, 1.151, 0.70317, 0.0059133, 2.1549, 0.54373, 0.027352, 4.9661, 1.4061, 0.050453, 0.85011, 0.98483, 0.94273, 0.60257, 0.24149, 1.0359, -0.57927, 0.60555, -0.003036, 0.31388, 0.15054, 0.017115, 3.5984, 1.1995, 0.039504, 1.1932, 1.0727, 1.1721, 0.79668, 0.61235, 1.8749, 2.8813, 0.8008, 0.014863, 3.9958, 0.93691, 0.037589, 6.3338, 1.6127, 0.061402, 0.010875, 0.00071373, 0.0048606, 0.0034816, 0.012709, 0.065042, 1.1066, 0.0035227, 2.9602e-05, 1.2527, 0.05714, 3.8735e-05, 0.6914, 0.015781, 4.4309e-05, 0.25924, 0.93461, 0.78982, 0.32244, 0.12506, 0.84296, -0.66484, 0.44955, -0.01904, -0.48131, -0.15913, 0.0081915, 3.0651, 0.98142, 0.027877, 1.784, 1.1229, 1.325, 1.0768, 0.72878, 2.0678, 2.9669, 0.9568, 0.030866, 4.791, 1.2466, 0.046512, 6.867, 1.8308, 0.07303, 0.21484, 0.0032772, 0.026465, 0.052583, 0.033678, 0.13863, 1.2187, 0.023775, 0.00023014, 2.5686, 0.18259, 0.00013569, 1.3356, 0.066666, 0.00018839
134, 4.7, 0.39202, 0.17869, 0.4617, 1.3333, 0.30439, 0.84518, 1.0126, 1.0591, 0.5762, 0.72465, 2.0494, 0.46394, 0.95066, 0.00158, 9.678, 0.8277, 0.00229, 2.929, 0.93059, 0.06781, 1.4957, 1.0281, 1.4785, 0.49633, 0.58175, 2.1986, 1.1199, 0.79262, 0.0054414, 6.2654, 0.77702, 0.0067823, 2.8318, 1.1129, 0.065173, 1.2621, 0.98918, 1.2989, 0.37229, 0.43553, 1.228, -0.32891, 0.67316, -0.0017636, 4.525, 0.40862, -0.0013255, 1.314, 0.75289, 0.052854, 1.7293, 1.0669, 1.6581, 0.62037, 0.72797, 3.1693, 2.5686, 0.91208, 0.012646, 8.0059, 1.1454, 0.01489, 4.3497, 1.473, 0.077493, 0.020171, 0.00055872, 0.011927, 0.0056867, 0.0079022, 0.34823, 0.77578, 0.0052748, 1.9187e-05, 1.1196, 0.050163, 2.4297e-05, 0.85152, 0.047915, 5.6096e-05, 0.54081, 0.93615, 0.88782, 0.2145, 0.30226, 0.0012711, -1.6211, 0.53016, -0.0071855, 2.4991, 0.083643, -0.0062847, -0.46446, 0.40943, 0.041901, 2.4506, 1.12, 2.0692, 0.77816, 0.86124, 4.396, 3.8608, 1.0551, 0.018068, 10.032, 1.4704, 0.019849, 6.1281, 1.8164, 0.088445, 0.33701, 0.0031222, 0.12895, 0.029357, 0.028872, 1.7846, 2.7768, 0.025462, 5.8931e-05, 5.2432, 0.1777, 6.3109e-05, 4.016, 0.18293, 0.00020018
135, 4, 0.17869, 0.16747, 0.7, 0.72222, 0.25693, 1.8258, 0.91074, 1.4615, 0.28822, 0.03239, 1.6833, 2.6463, 0.17198, 0.00955, 1.3058, 0.1538, 0.00137, 1.6116, 2.425, 0.06553, 1.4631, 0.98063, 1.3368, 0.48291, 0.38286, 2.3801, 1.3256, 0.57649, 0.0063985, 3.5498, 0.69372, 0.0073735, 2.6377, 1.6046, 0.062144, 1.1608, 0.93225, 1.1585, 0.34021, 0.17903, 1.1762, -0.44598, 0.43255, -0.0025988, 1.0567, 0.22771, -0.0045505, 0.56708, 1.1698, 0.043156, 1.7653, 1.029, 1.515, 0.62561, 0.58669, 3.584, 3.0972, 0.72043, 0.015396, 6.0429, 1.1597, 0.019298, 4.7083, 2.0395, 0.081133, 0.033761, 0.00086513, 0.011742, 0.0075264, 0.015356, 0.5357, 1.16, 0.007658, 2.9921e-05, 2.2973, 0.080266, 5.2552e-05, 1.5847, 0.06989, 0.00013327, 0.83308, 0.88431, 0.8011, 0.19199, 0.069361, 0.51575, -0.71658, 0.28357, -0.0064595, -0.33099, -0.053699, -0.0080814, -0.77933, 0.95012, 0.034751, 2.093, 1.0769, 1.8725, 0.77383, 0.69636, 4.2445, 3.3678, 0.86941, 0.019257, 7.4306, 1.4411, 0.022828, 6.0547, 2.2592, 0.089537, 0.14669, 0.0034286, 0.10606, 0.031282, 0.036326, 1.2847, 1.5415, 0.031713, 6.1107e-05, 5.5665, 0.20648, 8.8283e-05, 4.3156, 0.15835, 0.00027735
136, 4, 0.20693, 0.04168, 0.03201, 1.8518, 0.4529, 1.1179, 0.96222, 1.2709, 0.47373, 0.6558, 1.6524, 0.78437, 0.76832, 0.00023, 9.7332, 0.12321, 0.00033, 5.2329, 0.44807, 0.03862, 0.86307, 1.0153, 1.2304, 0.35336, 0.45985, 2.0801, 0.99398, 0.76205, 0.0042302, 6.5289, 0.82686, 0.013368, 5.1335, 0.78007, 0.051181, 0.71906, 0.97229, 1.1011, 0.2515, 0.30921, 1.3114, -0.59933, 0.65818, -0.004024, 5.2841, 0.39869, 0.0072668, 4.0082, 0.54066, 0.042815, 1.0071, 1.0584, 1.3596, 0.45522, 0.61049, 2.8488, 2.5873, 0.86591, 0.012484, 7.7736, 1.255, 0.01947, 6.2587, 1.0195, 0.059547, 0.0076653, 0.000685, 0.0061758, 0.003835, 0.0083877, 0.21841, 0.93831, 0.0039872, 2.5182e-05, 0.5727, 0.06776, 1.376e-05, 0.46801, 0.021185, 2.5871e-05, 0.50699, 0.92159, 0.66533, 0.085186, 0.17802, -3.1397, -2.5791, 0.45977, -0.0067363, 0.21028, -0.48009, 0.0069237, 1.8282, -0.97483, 0.029738, 1.2192, 1.1091, 1.7954, 0.62153, 0.74168, 7.2999, 4.5671, 1.0643, 0.015197, 12.847, 2.1338, 0.019813, 8.4387, 2.535, 0.072624, 0.046866, 0.0032485, 0.118, 0.026581, 0.029357, 10.071, 4.7189, 0.033772, 4.4451e-05, 14.757, 0.63133, 1.5351e-05, 4.038, 1.1383, 0.00016995
