Run #, RV_column1, RV_column2, RV_column3, RV_column4, RV_column5, RV_column6, bwpar_1, bwpar_2, bwpar_3, bwpar_4, bwpar_5, bwpar_6, bwpar_7, bwpar_8, bwpar_9, bwpar_10, bwpar_11, bwpar_12, bwpar_13, bwpar_14, bwpar_15, bwpar_1.median, bwpar_2.median, bwpar_3.median, bwpar_4.median, bwpar_5.median, bwpar_6.median, bwpar_7.median, bwpar_8.median, bwpar_9.median, bwpar_10.median, bwpar_11.median, bwpar_12.median, bwpar_13.median, bwpar_14.median, bwpar_15.median, bwpar_1.q5, bwpar_2.q5, bwpar_3.q5, bwpar_4.q5, bwpar_5.q5, bwpar_6.q5, bwpar_7.q5, bwpar_8.q5, bwpar_9.q5, bwpar_10.q5, bwpar_11.q5, bwpar_12.q5, bwpar_13.q5, bwpar_14.q5, bwpar_15.q5, bwpar_1.q95, bwpar_2.q95, bwpar_3.q95, bwpar_4.q95, bwpar_5.q95, bwpar_6.q95, bwpar_7.q95, bwpar_8.q95, bwpar_9.q95, bwpar_10.q95, bwpar_11.q95, bwpar_12.q95, bwpar_13.q95, bwpar_14.q95, bwpar_15.q95, bwpar_1.var, bwpar_2.var, bwpar_3.var, bwpar_4.var, bwpar_5.var, bwpar_6.var, bwpar_7.var, bwpar_8.var, bwpar_9.var, bwpar_10.var, bwpar_11.var, bwpar_12.var, bwpar_13.var, bwpar_14.var, bwpar_15.var, bwpar_1.q5_w_mnoise, bwpar_2.q5_w_mnoise, bwpar_3.q5_w_mnoise, bwpar_4.q5_w_mnoise, bwpar_5.q5_w_mnoise, bwpar_6.q5_w_mnoise, bwpar_7.q5_w_mnoise, bwpar_8.q5_w_mnoise, bwpar_9.q5_w_mnoise, bwpar_10.q5_w_mnoise, bwpar_11.q5_w_mnoise, bwpar_12.q5_w_mnoise, bwpar_13.q5_w_mnoise, bwpar_14.q5_w_mnoise, bwpar_15.q5_w_mnoise, bwpar_1.q95_w_mnoise, bwpar_2.q95_w_mnoise, bwpar_3.q95_w_mnoise, bwpar_4.q95_w_mnoise, bwpar_5.q95_w_mnoise, bwpar_6.q95_w_mnoise, bwpar_7.q95_w_mnoise, bwpar_8.q95_w_mnoise, bwpar_9.q95_w_mnoise, bwpar_10.q95_w_mnoise, bwpar_11.q95_w_mnoise, bwpar_12.q95_w_mnoise, bwpar_13.q95_w_mnoise, bwpar_14.q95_w_mnoise, bwpar_15.q95_w_mnoise, bwpar_1.var_w_mnoise, bwpar_2.var_w_mnoise, bwpar_3.var_w_mnoise, bwpar_4.var_w_mnoise, bwpar_5.var_w_mnoise, bwpar_6.var_w_mnoise, bwpar_7.var_w_mnoise, bwpar_8.var_w_mnoise, bwpar_9.var_w_mnoise, bwpar_10.var_w_mnoise, bwpar_11.var_w_mnoise, bwpar_12.var_w_mnoise, bwpar_13.var_w_mnoise, bwpar_14.var_w_mnoise, bwpar_15.var_w_mnoise
1, 3.0049, 0.16869, 0.07108, 0.2108, 1.3544, 0.51042, 1.7652, 1.0726, 0.55608, 0.94667, 0.61667, 1.2679, 0.61295, 0.69915, 0.02455, 1.299, 1.5287, 0.02719, 3.4275, 0.20139, 0.04094, 0.90797, 1.0008, 1.029, 0.78935, 0.63863, 1.9261, 1.0328, 0.62551, 0.0090498, 3.7184, 0.31069, 0.023852, 4.6741, 1.1957, 0.048413, 0.76576, 0.97463, 0.69516, 0.67064, 0.52061, 1.9257, -0.38066, 0.54988, 0.0043277, 2.1156, 0.0017586, 0.016436, 3.1059, 1.1955, 0.036631, 1.0502, 1.027, 1.3629, 0.90807, 0.75666, 1.9264, 2.4462, 0.70115, 0.013772, 5.3212, 0.61961, 0.031268, 6.2424, 1.1958, 0.060194, 0.0074752, 0.00025369, 0.041196, 0.0052088, 0.0051487, 5.2231e-08, 0.7384, 0.0021146, 8.2417e-06, 0.94953, 0.035274, 2.0328e-05, 0.90905, 1.1377e-08, 5.1304e-05, 0.14161, 0.90761, 0.3782, 0.59561, 0.41826, -1.0595, -1.4332, 0.35666, -0.0055746, -0.49345, -0.4553, 0.012473, 1.6411, -0.15979, 0.026584, 1.6743, 1.094, 1.6798, 0.9831, 0.85901, 4.9116, 3.4987, 0.89437, 0.023674, 7.9302, 1.0767, 0.035231, 7.7072, 2.5511, 0.070241, 0.21708, 0.0032118, 0.15655, 0.013874, 0.01795, 3.2945, 2.2475, 0.026717, 7.905e-05, 6.5568, 0.21686, 4.7857e-05, 3.4002, 0.67907, 0.00017612
2, 2, 0.062, 0.09678, 0.59912, 1.4706, 0.51595, 0.84187, 1.0902, 1.0097, 0.58218, 0.5703, 2.0276, 2.0771, 0.46133, 0.00733, 1.0192, 0.61926, 0.01738, 1.8395, 2.7178, 0.03363, 1.207, 1.02, 1.2864, 0.49675, 0.46073, 1.6279, 1.3148, 0.61644, 0.0033986, 2.2398, 1.1384, 0.008198, 2.212, 1.9158, 0.053285, 1.0254, 0.97872, 0.82908, 0.2775, 0.22614, 1.6275, -0.60249, 0.49467, -0.0022408, 0.14747, 0.51863, -0.0080993, -0.19416, 1.9157, 0.037145, 1.3885, 1.0613, 1.7437, 0.71599, 0.69532, 1.6283, 3.2321, 0.73821, 0.0090381, 4.3321, 1.7581, 0.024495, 4.6182, 1.916, 0.069425, 0.012186, 0.00062948, 0.077297, 0.017767, 0.020341, 5.2231e-08, 1.3587, 0.0054805, 1.1755e-05, 1.6181, 0.14196, 9.817e-05, 2.1399, 1.1377e-08, 9.6283e-05, 0.43233, 0.92147, 0.56443, 0.22932, 0.16128, -1.3576, -1.4707, 0.33115, -0.011547, -2.1816, 0.20276, -0.010243, -1.3277, 0.56038, 0.028827, 1.9816, 1.1185, 2.0084, 0.76417, 0.76018, 4.6134, 4.1003, 0.90173, 0.018344, 6.6612, 2.074, 0.026639, 5.7517, 3.2713, 0.077743, 0.22179, 0.0035876, 0.19265, 0.026433, 0.033142, 3.2945, 2.8679, 0.030083, 8.2563e-05, 7.2254, 0.32355, 0.0001257, 4.6311, 0.67907, 0.0002211
3, 6.5574, 0.10961, 0.14472, 0.52977, 0.81121, 0.16569, 0.51746, 0.94211, 1.4635, 0.78232, 0.56176, 5.8578, 8.371, 0.05984, 0.00662, 5.3688, 0.91618, 0.03139, 1.3169, 1.2029, 0.08849, 1.2601, 1.0312, 1.0939, 0.78088, 0.49798, 1.8047, 1.3909, 0.62762, 0.0032991, 5.4535, 0.79196, 0.0255, 2.5159, 2.0412, 0.065641, 1.0805, 0.9973, 0.6735, 0.57358, 0.31703, 1.8043, -0.58948, 0.52023, -0.0020855, 3.3182, 0.36708, 0.015586, 0.36273, 2.041, 0.050005, 1.4396, 1.0652, 1.5143, 0.98819, 0.67893, 1.8051, 3.3713, 0.73501, 0.0086836, 7.5889, 1.2168, 0.035413, 4.6691, 2.0414, 0.081278, 0.011917, 0.00042568, 0.06533, 0.015884, 0.012102, 5.2231e-08, 1.4496, 0.0042626, 1.0716e-05, 1.6854, 0.066722, 3.6323e-05, 1.7136, 1.1377e-08, 9.0368e-05, 0.48589, 0.93556, 0.39474, 0.52316, 0.23841, -1.1808, -1.4384, 0.34816, -0.011552, 1.0116, -0.027682, 0.012356, -0.85696, 0.68575, 0.041513, 2.0342, 1.1269, 1.7931, 1.0386, 0.75755, 4.7902, 4.2203, 0.90707, 0.018151, 9.8954, 1.6116, 0.038643, 5.8887, 3.3966, 0.08977, 0.22152, 0.0033838, 0.18069, 0.02455, 0.024904, 3.2945, 2.9588, 0.028865, 8.1524e-05, 7.2926, 0.24831, 6.3852e-05, 4.2048, 0.67907, 0.00021519
4, 6.5574, 0.11304, 0.03442, 0.26407, 1.9174, 0.37956, 0.89938, 1.0362, 0.50956, 0.56951, 0.32897, 0.59889, 1.5455, 0.52756, 0.00022, 1.3233, 0.51222, 0.02833, 2.892, 2.4425, 0.0537, 1.0617, 1.0412, 1.196, 0.52127, 0.2917, 1.7311, 1.2704, 0.64785, 0.0053636, 3.7309, 0.60881, 0.020924, 3.2922, 1.9923, 0.063319, 0.87344, 1.0113, 0.78513, 0.32478, 0.12939, 1.7307, -0.71227, 0.5538, 0.00021486, 1.5424, 0.17443, 0.010646, 1.6286, 1.9921, 0.047366, 1.2499, 1.0711, 1.6069, 0.71776, 0.45402, 1.7314, 3.2531, 0.74189, 0.010512, 5.9195, 1.0432, 0.031202, 4.9558, 1.9925, 0.079271, 0.013097, 0.00033101, 0.062401, 0.014271, 0.0097376, 5.2231e-08, 1.4529, 0.0032689, 9.798e-06, 1.7703, 0.069741, 3.9047e-05, 1.0229, 1.1377e-08, 9.4065e-05, 0.28546, 0.94688, 0.50253, 0.27216, 0.044764, -1.2545, -1.5605, 0.37324, -0.0094041, -0.73676, -0.2158, 0.0075029, 0.20873, 0.63683, 0.038984, 1.8379, 1.1355, 1.8895, 0.77038, 0.53865, 4.7166, 4.1013, 0.92245, 0.020131, 8.1986, 1.4334, 0.034345, 6.3756, 3.3477, 0.087654, 0.2227, 0.0032891, 0.17776, 0.022936, 0.022539, 3.2945, 2.9621, 0.027871, 8.0606e-05, 7.3776, 0.25133, 6.6576e-05, 3.5141, 0.67907, 0.00021888
5, 2, 0.41081, 0.05307, 0.38993, 1, 0.92872, 1.2832, 1.0857, 1.4312, 0.47872, 0.15265, 8.6844, 1.0646, 0.72124, 0.00054, 0.34006, 0.0379, 0.00308, 2.3299, 0.71472, 0.0417, 1.1795, 1.0188, 1.2685, 0.41435, 0.28868, 2.8883, 1.3768, 0.6459, 0.0099118, 2.8871, 0.57903, 0.007578, 3.412, 1.122, 0.052133, 1.0147, 0.97896, 0.81182, 0.18395, 0.053726, 2.8879, -0.60787, 0.52243, 0.0043025, 0.85675, 0.051485, -0.0083189, 1.081, 1.1218, 0.035988, 1.3443, 1.0586, 1.7251, 0.64476, 0.52363, 2.8886, 3.3615, 0.76937, 0.015521, 4.9174, 1.1066, 0.023475, 5.743, 1.1222, 0.068278, 0.010042, 0.00058579, 0.077071, 0.019622, 0.020403, 5.2231e-08, 1.4559, 0.0056343, 1.163e-05, 1.5236, 0.10286, 9.3405e-05, 2.0082, 1.1377e-08, 9.6344e-05, 0.40861, 0.92086, 0.54692, 0.13771, -0.01105, -0.097269, -1.4555, 0.35988, -0.0050226, -1.5053, -0.29824, -0.01051, -0.077045, -0.23346, 0.027671, 1.9504, 1.1167, 1.99, 0.691, 0.58841, 5.8738, 4.2091, 0.93192, 0.024846, 7.2794, 1.4563, 0.025666, 6.901, 2.4774, 0.076594, 0.21964, 0.0035439, 0.19243, 0.028287, 0.033205, 3.2945, 2.965, 0.030237, 8.2438e-05, 7.1309, 0.28445, 0.00012093, 4.4994, 0.67907, 0.00022116
6, 4, 0.27284, 0.15335, 0.38003, 1.3889, 0.31767, 1.3748, 0.93121, 1.988, 0.52877, 0.63426, 0.51612, 1.0266, 0.97657, 0.00814, 1.3384, 0.57185, 0.00324, 5.0227, 1.3687, 0.04046, 1.2063, 0.99724, 1.4876, 0.51562, 0.45035, 1.6628, 1.305, 0.77269, 0.0043281, 4.4881, 1.1503, 0.0060413, 3.1171, 1.1793, 0.052768, 1.0434, 0.96572, 1.0521, 0.28681, 0.23709, 1.6624, -0.66143, 0.67632, -0.00091414, 2.5374, 0.62256, -0.0059558, 0.7337, 1.1792, 0.036723, 1.3692, 1.0288, 1.9231, 0.74442, 0.6636, 1.6632, 3.2713, 0.86906, 0.0095704, 6.4389, 1.678, 0.018039, 5.5005, 1.1795, 0.068813, 0.0098092, 0.0003671, 0.070102, 0.01935, 0.016809, 5.2231e-08, 1.4292, 0.0034328, 1.0157e-05, 1.4065, 0.10294, 5.3199e-05, 2.0996, 1.1377e-08, 9.5154e-05, 0.43585, 0.90239, 0.77928, 0.2403, 0.16731, -1.3227, -1.5146, 0.49728, -0.010472, 0.13198, 0.27291, -0.0087375, -0.4072, -0.1761, 0.028373, 1.9768, 1.0921, 2.196, 0.79093, 0.73339, 4.6483, 4.1245, 1.0481, 0.019129, 8.8443, 2.0277, 0.02082, 6.6414, 2.5348, 0.077164, 0.21941, 0.0033252, 0.18546, 0.028016, 0.02961, 3.2945, 2.9383, 0.028035, 8.0965e-05, 7.0138, 0.28452, 8.0728e-05, 4.5908, 0.67907, 0.00021997
7, 4, 0.2671, 0.04197, 0.13674, 2.25, 0.51118, 1.5134, 1.0564, 1.5884, 0.25543, 0.47478, 0.82318, 1.1474, 0.69133, 0.0006, 4.2576, 0.14208, 0.00957, 3.4762, 0.69529, 0.05307, 0.952, 0.9987, 1.4237, 0.38478, 0.54505, 1.5668, 1.2373, 0.76634, 0.0056961, 5.0918, 0.98253, 0.0088799, 4.7597, 1.1577, 0.053821, 0.7637, 0.969, 0.97197, 0.15082, 0.32516, 1.5664, -0.74833, 0.65255, 0.0009783, 2.9233, 0.32034, -0.0069329, 2.3574, 1.1575, 0.038254, 1.1403, 1.0284, 1.8755, 0.61873, 0.76494, 1.5672, 3.2229, 0.88014, 0.010414, 7.2602, 1.6447, 0.024693, 7.1621, 1.1579, 0.069388, 0.013105, 0.00032605, 0.075438, 0.020231, 0.017871, 5.2231e-08, 1.4573, 0.0047862, 8.2267e-06, 1.738, 0.16207, 9.242e-05, 2.1331, 1.1377e-08, 8.9572e-05, 0.17576, 0.90444, 0.70527, 0.10517, 0.25698, -1.4187, -1.5957, 0.48437, -0.0089269, 0.63386, 0.018278, -0.0091347, 1.2226, -0.19773, 0.029737, 1.7282, 1.093, 2.1422, 0.66439, 0.83312, 4.5523, 4.0703, 1.0483, 0.020319, 9.5497, 1.9468, 0.026895, 8.2969, 2.5132, 0.077905, 0.22271, 0.0032841, 0.19079, 0.028897, 0.030672, 3.2945, 2.9664, 0.029388, 7.9035e-05, 7.3453, 0.34366, 0.00011995, 4.6243, 0.67907, 0.00021439
8, 2.8571, 0.39611, 0.08082, 0.14075, 1.25, 0.73476, 1.6247, 1.0899, 0.70085, 0.32007, 0.3766, 0.36617, 1.059, 0.74724, 0.00219, 5.0962, 0.5123, 0.04598, 2.3498, 0.27283, 0.06464, 0.94625, 1.0196, 1.3213, 0.40642, 0.47801, 2.6925, 1.553, 0.78264, 0.0073452, 5.9392, 0.50842, 0.0057398, 4.5878, 0.69284, 0.046919, 0.7846, 0.98775, 0.87017, 0.17355, 0.27535, 2.6921, -0.42622, 0.68298, 0.002571, 4.2499, -0.13342, -0.010251, 2.1863, 0.69266, 0.032305, 1.1079, 1.0514, 1.7724, 0.63929, 0.68068, 2.6929, 3.5322, 0.88231, 0.012119, 7.6286, 1.1503, 0.021731, 6.9893, 0.69301, 0.061533, 0.0096582, 0.00037423, 0.075219, 0.020044, 0.015182, 5.2231e-08, 1.4478, 0.0036714, 8.4244e-06, 1.0548, 0.15226, 9.4516e-05, 2.1316, 1.1377e-08, 7.8938e-05, 0.17604, 0.92462, 0.60323, 0.12772, 0.20286, -0.29302, -1.2755, 0.50607, -0.0072961, 1.6937, -0.44198, -0.012432, 1.0513, -0.66261, 0.02344, 1.7165, 1.1145, 2.0393, 0.68512, 0.75317, 5.678, 4.3814, 1.0592, 0.021986, 10.185, 1.4588, 0.023911, 8.1244, 2.0483, 0.070399, 0.21926, 0.0033323, 0.19057, 0.02871, 0.027983, 3.2945, 2.957, 0.028274, 7.9232e-05, 6.6621, 0.33385, 0.00012204, 4.6228, 0.67907, 0.00020375
9, 2.1818, 0.48346, 0.03425, 0.11868, 2.0833, 1.2156, 0.45605, 1.0378, 1.5855, 0.54527, 0.46382, 0.68332, 0.25843, 0.985, 6e-05, 7.7086, 0.36648, 0.00075, 9.3108, 2.1324, 0.02999, 0.70397, 1.0222, 1.1444, 0.39145, 0.35859, 3.7969, 1.4855, 0.73676, 0.0084954, 4.562, 0.51775, 0.012353, 4.7359, 0.81093, 0.042676, 0.51425, 0.98255, 0.68553, 0.15569, 0.11293, 3.7965, -0.50281, 0.5965, 0.0031016, 2.4874, -0.19006, -0.0041313, 2.3277, 0.81075, 0.026798, 0.8937, 1.0619, 1.6032, 0.62721, 0.60425, 3.7973, 3.4739, 0.87703, 0.013889, 6.6367, 1.2255, 0.028836, 7.1441, 0.8111, 0.058554, 0.013305, 0.00058239, 0.077818, 0.020544, 0.022305, 5.2231e-08, 1.4613, 0.0072717, 1.0753e-05, 1.5909, 0.18517, 0.00010043, 2.1436, 1.1377e-08, 9.3182e-05, -0.072612, 0.92438, 0.42144, 0.11033, 0.050395, 0.81139, -1.3493, 0.4431, -0.0063595, 0.14898, -0.47839, -0.0062538, 1.1948, -0.54452, 0.01839, 1.4806, 1.1201, 1.8673, 0.67257, 0.66678, 6.7824, 4.3204, 1.0304, 0.02335, 8.9751, 1.5139, 0.030959, 8.277, 2.1664, 0.066962, 0.22291, 0.0035405, 0.19317, 0.02921, 0.035107, 3.2945, 2.9704, 0.031874, 8.1561e-05, 7.1982, 0.36676, 0.00012796, 4.6348, 0.67907, 0.000218
10, 3.0049, 0.2895, 0.12357, 0.36241, 1.3368, 0.48702, 1.8249, 1.074, 1.2253, 0.20694, 0.41138, 1.6604, 7.7699, 0.68264, 0.01968, 0.59822, 0.11743, 0.04534, 4.2926, 0.22415, 0.03884, 1.1287, 0.98267, 1.349, 0.54241, 0.45574, 1.9201, 1.5338, 0.75842, 0.0056679, 3.216, 0.52666, 0.0069823, 3.1136, 1.1114, 0.049351, 0.97686, 0.9534, 0.8961, 0.31953, 0.23152, 1.9197, -0.42987, 0.67424, 0.00040284, 1.2794, 0.12174, -0.0080341, 0.83056, 1.1112, 0.033331, 1.2806, 1.0119, 1.8018, 0.7653, 0.67995, 1.9205, 3.4975, 0.84261, 0.010933, 5.1526, 0.93158, 0.021999, 5.3966, 1.1116, 0.065372, 0.0085267, 0.00031674, 0.0758, 0.018362, 0.018581, 5.2231e-08, 1.4253, 0.0026195, 1.0246e-05, 1.3862, 0.060601, 8.3345e-05, 1.9265, 1.1377e-08, 9.4863e-05, 0.36053, 0.88855, 0.62981, 0.272, 0.16435, -1.0654, -1.2838, 0.48704, -0.0091407, -1.1338, -0.28282, -0.010337, -0.34361, -0.24403, 0.024972, 1.897, 1.0768, 2.0681, 0.81282, 0.74713, 4.9056, 4.3515, 1.0298, 0.020477, 7.5659, 1.3361, 0.024302, 6.5708, 2.4669, 0.073731, 0.21813, 0.0032748, 0.19116, 0.027027, 0.031383, 3.2945, 2.9344, 0.027222, 8.1054e-05, 6.9935, 0.24219, 0.00011087, 4.4177, 0.67907, 0.00021968
11, 4.7, 0.39202, 0.17869, 0.4617, 1.3333, 0.30439, 0.84518, 1.0126, 1.0591, 0.5762, 0.72465, 2.0494, 0.46394, 0.95066, 0.00158, 9.678, 0.8277, 0.00229, 2.929, 0.93059, 0.06781, 1.4219, 1.0178, 1.463, 0.5136, 0.54395, 1.7316, 0.97251, 0.71657, 0.0016825, 7.5606, 1.1605, 0.0048457, 2.6098, 1.1347, 0.063435, 1.2526, 0.97965, 1.073, 0.39912, 0.38161, 1.7312, -0.29973, 0.59539, -0.0034565, 5.8541, 0.80149, -0.0064661, 0.63337, 1.1345, 0.050098, 1.5912, 1.0559, 1.8529, 0.62808, 0.70628, 1.7319, 2.2448, 0.83774, 0.0068214, 9.2671, 1.5196, 0.016157, 4.5861, 1.1348, 0.076772, 0.01059, 0.00053697, 0.056217, 0.004844, 0.0097402, 5.2231e-08, 0.59825, 0.0054269, 9.7611e-06, 1.0764, 0.04765, 4.7294e-05, 1.4437, 1.1377e-08, 6.5744e-05, 0.65006, 0.92052, 0.78163, 0.32242, 0.29699, -1.254, -1.4153, 0.43153, -0.013082, 3.3082, 0.37301, -0.0093824, -0.65309, -0.22078, 0.040729, 2.1937, 1.115, 2.1443, 0.70479, 0.7909, 4.7171, 3.3603, 1.0016, 0.016447, 11.813, 1.9481, 0.019074, 5.8726, 2.4901, 0.086141, 0.22019, 0.003495, 0.17157, 0.01351, 0.022542, 3.2945, 2.1074, 0.030029, 8.0569e-05, 6.6837, 0.22924, 7.4823e-05, 3.9349, 0.67907, 0.00019056
12, 3.9167, 0.12293, 0.04813, 0, 1.3229, 0.27548, 1.5221, 1.0018, 1.735, 0.36818, 0.47592, 0.50948, 0.3616, 0.9373, 0.01864, 8.7805, 0.28777, 0.00331, 4.7191, 0.29467, 0.05908, 0.87668, 1.0402, 1.2357, 0.35794, 0.4479, 1.2695, 1.0599, 0.80817, 0.0055139, 6.2374, 1.3553, 0.0074653, 5.3467, 0.95775, 0.050098, 0.71461, 1.0083, 0.81207, 0.14451, 0.2938, 1.2691, -0.78013, 0.71296, 0.00062525, 4.4865, 0.90462, -0.0065152, 3.0169, 0.95758, 0.037261, 1.0387, 1.0721, 1.6593, 0.57136, 0.60199, 1.2699, 2.9, 0.90338, 0.010403, 7.9883, 1.806, 0.021446, 7.6766, 0.95793, 0.062935, 0.0097076, 0.00037574, 0.066329, 0.016836, 0.0087761, 5.2231e-08, 1.2515, 0.0033504, 8.8333e-06, 1.1331, 0.07507, 7.2243e-05, 2.0063, 1.1377e-08, 6.091e-05, 0.10638, 0.94521, 0.53458, 0.095265, 0.20628, -1.716, -1.673, 0.53317, -0.0091651, 1.967, 0.52199, -0.0089644, 1.8584, -0.3977, 0.027682, 1.647, 1.1352, 1.9368, 0.62061, 0.68951, 4.255, 3.7929, 1.0832, 0.020193, 10.508, 2.1886, 0.023895, 8.835, 2.3132, 0.072514, 0.21931, 0.0033338, 0.18168, 0.025502, 0.021577, 3.2945, 2.7606, 0.027953, 7.9641e-05, 6.7403, 0.25666, 9.9772e-05, 4.4975, 0.67907, 0.00018573
13, 4, 0.16814, 0.01918, 0.3, 2.6111, 0.83011, 1.5936, 0.99743, 1.6494, 0.30572, 0.51048, 8.4966, 9.6572, 0.22792, 0.00198, 0.36659, 0.13221, 0.00253, 2.2576, 1.6473, 0.05051, 1.0137, 1.0127, 1.0856, 0.57686, 0.36062, 2.5614, 1.3749, 0.57514, 0.005792, 2.6037, 0.66207, 0.015879, 3.6037, 1.9013, 0.055238, 0.81855, 0.97831, 0.6296, 0.34385, 0.14251, 2.561, -0.61232, 0.45481, 0.00055647, 0.39214, 0.061962, 0.00023424, 1.3117, 1.9011, 0.039163, 1.2088, 1.0471, 1.5415, 0.80988, 0.57873, 2.5618, 3.3621, 0.69546, 0.011028, 4.8153, 1.2622, 0.031525, 5.8957, 1.9014, 0.071313, 0.014074, 0.00043758, 0.076838, 0.020068, 0.017583, 5.2231e-08, 1.4596, 0.0053513, 1.0131e-05, 1.8078, 0.13311, 9.0471e-05, 1.9417, 1.1377e-08, 9.5513e-05, 0.23576, 0.91687, 0.36445, 0.29804, 0.073902, -0.42412, -1.4592, 0.29046, -0.0090061, -1.8753, -0.26065, -0.0019882, 0.14057, 0.54582, 0.030822, 1.7916, 1.1086, 1.8067, 0.85569, 0.64733, 5.5469, 4.209, 0.85981, 0.02059, 7.0828, 1.5848, 0.033747, 7.0668, 3.2567, 0.079653, 0.22368, 0.0033957, 0.19219, 0.028734, 0.030384, 3.2945, 2.9688, 0.029954, 8.0939e-05, 7.4151, 0.31469, 0.000118, 4.4329, 0.67907, 0.00022033
14, 4, 0.17434, 0.0563, 0.5, 1.6875, 0.5452, 1.5208, 0.92554, 0.71779, 0.58641, 0.19682, 1.8178, 0.4209, 0.4626, 0.00925, 4.0116, 0.13642, 0.00506, 2.5387, 1.7192, 0.04971, 1.2277, 0.97945, 1.3284, 0.57017, 0.18929, 1.7574, 1.2722, 0.47066, 0.0064303, 3.4187, 0.54472, 0.010946, 2.9149, 1.935, 0.055072, 1.0486, 0.94936, 0.87682, 0.34057, 0.004467, 1.7571, -0.70609, 0.37737, 0.0012028, 1.3529, 0.05103, -0.0032489, 0.71599, 1.9348, 0.040878, 1.4067, 1.0095, 1.78, 0.79978, 0.37411, 1.7578, 3.2505, 0.56395, 0.011658, 5.4845, 1.0384, 0.02514, 5.1138, 1.9352, 0.069266, 0.01185, 0.0003346, 0.075381, 0.019485, 0.012626, 5.2231e-08, 1.4465, 0.0032168, 1.01e-05, 1.5773, 0.090085, 7.4472e-05, 1.7872, 1.1377e-08, 7.4464e-05, 0.45363, 0.88507, 0.61007, 0.2942, -0.072997, -1.2281, -1.5556, 0.19631, -0.0083649, -0.99015, -0.31261, -0.0056666, -0.48734, 0.57956, 0.031852, 2.0017, 1.0738, 2.0468, 0.84615, 0.45158, 4.743, 4.1001, 0.745, 0.021226, 7.8276, 1.4021, 0.027558, 6.3171, 3.2905, 0.078292, 0.22145, 0.0032927, 0.19074, 0.028151, 0.025427, 3.2945, 2.9557, 0.027819, 8.0908e-05, 7.1846, 0.27167, 0.000102, 4.2783, 0.67907, 0.00019928
15, 3, 0.21736, 0.06894, 0.10552, 1.5151, 0.47661, 0.55042, 0.99978, 1.6919, 0.54468, 0.60361, 3.3233, 2.6952, 0.57219, 0.00115, 0.44286, 0.86658, 0.00063, 3.335, 2.1284, 0.04175, 0.83178, 1.0052, 1.0622, 0.49557, 0.46602, 1.7562, 0.98814, 0.79145, 0.0052041, 5.5851, 1.2112, 0.0046005, 5.3839, 0.90914, 0.05246, 0.68504, 0.98069, 0.81923, 0.41607, 0.38942, 1.7558, 0.036072, 0.71629, 0.0013223, 4.442, 0.93361, 5.2167e-05, 4.1826, 0.90897, 0.044866, 0.97852, 1.0298, 1.3052, 0.57507, 0.54262, 1.7565, 1.9402, 0.8666, 0.009086, 6.7282, 1.4888, 0.0091488, 6.5851, 0.90932, 0.060053, 0.0079587, 0.0002225, 0.021824, 0.002336, 0.0021687, 5.2231e-08, 0.33503, 0.0020876, 5.5696e-06, 0.48295, 0.028485, 7.6462e-06, 0.53336, 1.1377e-08, 2.1311e-05, 0.064564, 0.91247, 0.45301, 0.32304, 0.26477, -1.2294, -1.2456, 0.52273, -0.009171, 1.5259, 0.45733, -0.0051549, 2.5232, -0.4463, 0.032576, 1.599, 1.098, 1.6714, 0.66809, 0.66727, 4.7417, 3.2219, 1.0602, 0.019579, 9.6443, 1.9651, 0.014356, 8.2445, 2.2646, 0.072343, 0.21756, 0.0031806, 0.13718, 0.011002, 0.01497, 3.2945, 1.8442, 0.02669, 7.6377e-05, 6.0902, 0.21007, 3.5175e-05, 3.0246, 0.67907, 0.00014613
16, 3.0022, 0.21409, 0.08002, 0.31039, 1.7895, 0.54525, 0.83329, 1.0493, 1.0514, 0.73559, 0.56109, 1.5731, 0.37948, 0.71591, 0.00223, 2.685, 0.64228, 0.01835, 8.2866, 0.72567, 0.04278, 0.96641, 0.9928, 1.2022, 0.49365, 0.49346, 1.8281, 1.4267, 0.65639, 0.0060831, 3.7409, 1.0169, 0.023529, 3.9034, 1.3256, 0.045383, 0.78628, 0.9619, 0.77871, 0.26183, 0.29998, 1.8277, -0.56024, 0.56481, 0.00095105, 1.7751, 0.4075, 0.011357, 1.5374, 1.3254, 0.031652, 1.1465, 1.0237, 1.6258, 0.72548, 0.68694, 1.8285, 3.4137, 0.74797, 0.011215, 5.7066, 1.6262, 0.0357, 6.2694, 1.3258, 0.059114, 0.011993, 0.00035282, 0.066298, 0.019864, 0.013836, 5.2231e-08, 1.4592, 0.0031001, 9.7347e-06, 1.4283, 0.13724, 5.4756e-05, 2.0691, 1.1377e-08, 6.9688e-05, 0.19211, 0.89815, 0.50118, 0.21583, 0.225, -1.1574, -1.4072, 0.38262, -0.0086788, -0.62202, 0.088094, 0.0086079, 0.39085, -0.029846, 0.022443, 1.7407, 1.0874, 1.9033, 0.77148, 0.76191, 4.8136, 4.2606, 0.93016, 0.020845, 8.1038, 1.9456, 0.038449, 7.416, 2.6811, 0.068323, 0.2216, 0.0033109, 0.18165, 0.028529, 0.026637, 3.2945, 2.9684, 0.027702, 8.0543e-05, 7.0355, 0.31883, 8.2285e-05, 4.5603, 0.67907, 0.00019451
17, 2, 0.23842, 0.10557, 0.09973, 0.91398, 0.55989, 0.95446, 0.97593, 0.536, 0.4464, 0.3831, 1.0751, 0.9754, 0.77616, 0.00024, 8.8799, 0.14642, 0.00343, 5.7354, 0.24015, 0.03407, 0.78803, 0.99258, 1.3362, 0.46641, 0.48665, 2.3417, 1.3188, 0.84118, 0.0069074, 5.3962, 0.3517, 0.0035254, 4.1639, 0.62447, 0.043077, 0.6253, 0.96328, 0.89529, 0.25273, 0.30785, 2.3413, -0.61838, 0.74219, 0.0024597, 3.5528, -0.11154, -0.010857, 2.136, 0.62429, 0.027457, 0.95075, 1.0219, 1.777, 0.68008, 0.66546, 2.3421, 3.256, 0.94017, 0.011355, 7.2395, 0.81495, 0.017908, 6.1917, 0.62464, 0.058698, 0.0097871, 0.00031732, 0.071842, 0.016875, 0.011817, 5.2231e-08, 1.3871, 0.0036217, 7.312e-06, 1.2559, 0.079317, 7.6454e-05, 1.5199, 1.1377e-08, 9.0182e-05, 0.017594, 0.89845, 0.6245, 0.20353, 0.22857, -0.64384, -1.4804, 0.56485, -0.0076307, 1.087, -0.48847, -0.013248, 0.86962, -0.73098, 0.018959, 1.5585, 1.0867, 2.0478, 0.72928, 0.74473, 5.3272, 4.1181, 1.1175, 0.021446, 9.7053, 1.1919, 0.020298, 7.4581, 1.9799, 0.067196, 0.21939, 0.0032754, 0.1872, 0.025541, 0.024618, 3.2945, 2.8962, 0.028224, 7.812e-05, 6.8631, 0.2609, 0.00010398, 4.0111, 0.67907, 0.000215
18, 2.5, 0.2982, 0.06484, 0.3, 1.6667, 0.79933, 1.3174, 0.97958, 1.8095, 0.64832, 0.51745, 1.102, 0.53965, 0.7396, 0.00226, 3.0256, 0.57723, 0.00996, 3.9613, 0.64455, 0.04741, 0.88483, 0.98969, 1.29, 0.42819, 0.34939, 2.5859, 1.4442, 0.67915, 0.0096893, 3.1045, 0.60455, 0.0065849, 3.4526, 1.2238, 0.05256, 0.7117, 0.96045, 0.8542, 0.19588, 0.1482, 2.5856, -0.5404, 0.59269, 0.004683, 1.1156, 0.067852, -0.004356, 1.4644, 1.2236, 0.037193, 1.0579, 1.0189, 1.7258, 0.6605, 0.55058, 2.5863, 3.4289, 0.7656, 0.014696, 5.0934, 1.1413, 0.017526, 5.4407, 1.224, 0.067927, 0.011078, 0.00031606, 0.0702, 0.019947, 0.01496, 5.2231e-08, 1.4558, 0.0027625, 9.2637e-06, 1.4621, 0.10647, 4.4243e-05, 1.461, 1.1377e-08, 8.7282e-05, 0.11213, 0.89557, 0.58147, 0.14996, 0.075325, -0.39958, -1.388, 0.40705, -0.0050293, -1.2689, -0.27825, -0.0073501, 0.18261, -0.13166, 0.028605, 1.6575, 1.0838, 1.9985, 0.70642, 0.62345, 5.5715, 4.2765, 0.95124, 0.024408, 7.4778, 1.4874, 0.02052, 6.7226, 2.5792, 0.076515, 0.22068, 0.0032741, 0.18556, 0.028613, 0.027762, 3.2945, 2.965, 0.027365, 8.0072e-05, 7.0693, 0.28805, 7.1773e-05, 3.9522, 0.67907, 0.0002121
19, 6.5574, 0.14555, 0.1037, 0.39612, 0.88496, 0.21859, 1.4921, 1.0042, 0.58148, 0.90992, 0.56099, 1.5057, 1.0719, 0.96934, 0.00092, 3.4929, 0.53461, 0.00361, 5.2712, 1.6091, 0.05272, 1.1512, 1.004, 1.3738, 0.6904, 0.49349, 1.7668, 1.0714, 0.6155, 0.0046617, 4.8347, 0.61071, 0.0097644, 2.991, 1.8466, 0.069474, 0.97919, 0.97521, 1.0052, 0.48304, 0.35855, 1.7664, -0.74073, 0.52012, 0.00012732, 3.1308, 0.23008, -0.001952, 0.6208, 1.8464, 0.056724, 1.3233, 1.0328, 1.7424, 0.89776, 0.62843, 1.7672, 2.8835, 0.71089, 0.009196, 6.5386, 0.99134, 0.021481, 5.3613, 1.8468, 0.082223, 0.010942, 0.00030618, 0.050214, 0.015892, 0.0067299, 5.2231e-08, 1.2137, 0.003363, 7.5993e-06, 1.0731, 0.05355, 5.0738e-05, 2.0765, 1.1377e-08, 6.0083e-05, 0.37879, 0.91002, 0.70449, 0.43264, 0.26362, -1.2187, -1.6428, 0.34044, -0.0099032, 0.58336, -0.1869, -0.0047874, -0.52436, 0.49116, 0.047107, 1.9237, 1.098, 2.0431, 0.94816, 0.72337, 4.7523, 3.7856, 0.89057, 0.019226, 9.0861, 1.4083, 0.024316, 6.5064, 3.2021, 0.09184, 0.22054, 0.0032643, 0.16557, 0.024558, 0.019531, 3.2945, 2.7229, 0.027965, 7.8407e-05, 6.6804, 0.23514, 7.8267e-05, 4.5677, 0.67907, 0.0001849
20, 4.7, 0.3222, 0.17869, 0.45618, 1.3333, 0.27337, 1.1103, 1.0222, 0.81343, 0.52532, 0.48292, 1.4509, 0.85413, 0.76469, 0.00027, 8.6927, 1.6705, 0.00381, 1.6846, 1.0394, 0.0723, 1.3587, 0.99325, 1.4696, 0.59466, 0.63441, 1.706, 0.95713, 0.70128, 0.0015908, 7.2067, 1.0384, 0.0065662, 2.6426, 1.2456, 0.057204, 1.1903, 0.95483, 1.0211, 0.42808, 0.41934, 1.7057, -0.59084, 0.57919, -0.0038714, 5.5036, 0.67091, -0.0091789, 0.27617, 1.2454, 0.041506, 1.5271, 1.0317, 1.918, 0.76124, 0.84949, 1.7064, 2.5051, 0.82337, 0.007053, 8.9099, 1.4058, 0.022311, 5.009, 1.2458, 0.072901, 0.010484, 0.00054547, 0.074334, 0.010256, 0.017097, 5.2231e-08, 0.88566, 0.0055094, 1.1028e-05, 1.0721, 0.049907, 9.1629e-05, 2.0698, 1.1377e-08, 9.1076e-05, 0.58703, 0.89589, 0.75317, 0.3684, 0.35, -1.2795, -1.5883, 0.41585, -0.013289, 2.9557, 0.24697, -0.011389, -0.87024, -0.10987, 0.033036, 2.1303, 1.0906, 2.186, 0.82092, 0.91883, 4.6916, 3.5026, 0.98671, 0.016471, 11.458, 1.8298, 0.024521, 6.1554, 2.601, 0.081372, 0.22009, 0.0035036, 0.18969, 0.018922, 0.029899, 3.2945, 2.3948, 0.030112, 8.1836e-05, 6.6794, 0.23149, 0.00011916, 4.561, 0.67907, 0.00021589
21, 4.4984, 0.33805, 0.06971, 0.10139, 0.79167, 0.36058, 1.13, 0.90813, 1.9478, 0.24687, 0.60602, 1.2405, 2.7974, 0.96518, 0.0135, 1.3603, 0.50724, 0.0011, 3.8422, 0.47801, 0.06581, 1.0689, 1.0005, 1.7509, 0.20824, 0.56081, 1.6944, 2.6946, 0.73541, 0.013438, 4.8213, 0.25947, 0.011334, 3.9083, 0.75996, 0.058807, 0.91615, 0.97504, 1.472, 0.12603, 0.45595, 1.6941, 1.7559, 0.65049, 0.0095196, 3.5638, -0.019532, 0.0059037, 2.5242, 0.75978, 0.049364, 1.2216, 1.026, 2.0297, 0.29046, 0.66568, 1.6948, 3.6334, 0.82032, 0.017357, 6.0787, 0.53847, 0.016765, 5.2923, 0.76014, 0.068249, 0.0086192, 0.00023958, 0.028736, 0.0024983, 0.0040645, 5.2231e-08, 0.32573, 0.0026651, 5.6751e-06, 0.58444, 0.028771, 1.09e-05, 0.708, 1.1377e-08, 3.2953e-05, 0.30048, 0.90749, 1.1265, 0.03445, 0.3472, -1.2911, 0.46656, 0.46379, -0.00094691, 0.72837, -0.49494, 0.0011375, 0.96622, -0.59549, 0.038146, 1.8372, 1.0935, 2.3753, 0.38204, 0.77443, 4.68, 4.9227, 1.007, 0.027823, 8.9142, 1.0139, 0.021531, 6.8503, 2.1154, 0.079467, 0.21822, 0.0031977, 0.14409, 0.011164, 0.016866, 3.2945, 1.8349, 0.027267, 7.6483e-05, 6.1917, 0.21036, 3.8429e-05, 3.1992, 0.67907, 0.00015777
22, 4.56, 0.08105, 0.04323, 0.2, 2.0833, 0.37977, 0.70575, 0.98823, 1.4376, 0.68811, 0.89367, 0.7368, 0.02477, 0.81933, 0.00801, 1.569, 0.97, 0.04414, 6.532, 0.75536, 0.0553, 0.90297, 1.0558, 1.3537, 0.53389, 0.68017, 1.4063, 1.2276, 0.75937, 0.0031701, 3.1821, 0.61805, 0.036896, 5.9847, 1.6343, 0.05319, 0.73286, 1.0261, 1.0155, 0.40938, 0.55367, 1.4059, -0.18106, 0.66664, -0.0016791, 1.4258, 0.22959, 0.029583, 4.4883, 1.6341, 0.042285, 1.0731, 1.0854, 1.692, 0.65841, 0.80668, 1.4067, 2.6363, 0.85211, 0.0080193, 4.9385, 1.0065, 0.044209, 7.4812, 1.6345, 0.064094, 0.010695, 0.00032436, 0.042281, 0.0057305, 0.0059151, 5.2231e-08, 0.73344, 0.0031787, 8.6915e-06, 1.1402, 0.055775, 1.9767e-05, 0.82771, 1.1377e-08, 4.3952e-05, 0.13094, 0.96151, 0.70066, 0.33654, 0.45514, -1.5792, -1.2356, 0.48522, -0.011496, -1.0905, -0.18332, 0.025584, 2.9881, 0.27885, 0.031821, 1.675, 1.15, 2.0068, 0.73125, 0.9052, 4.3918, 3.6908, 1.0335, 0.017836, 7.4548, 1.4194, 0.048208, 8.9813, 2.9898, 0.074558, 0.2203, 0.0032824, 0.15764, 0.014396, 0.018716, 3.2945, 2.2426, 0.027781, 7.9499e-05, 6.7475, 0.23736, 4.7296e-05, 3.3189, 0.67907, 0.00016877
23, 3.9167, 0.12699, 0.06402, 0, 1.3229, 0.22169, 0.98261, 1.0157, 1.4987, 0.31919, 0.41162, 0.98462, 0.56256, 0.74492, 0.00767, 7.4124, 1.7882, 0.00233, 4.0706, 0.32542, 0.04698, 0.9097, 1.0361, 1.3349, 0.37582, 0.47003, 1.1652, 0.98541, 0.82428, 0.0058553, 6.8106, 0.89196, 0.0057813, 5.3265, 0.88852, 0.053575, 0.74856, 1.0047, 0.91032, 0.16353, 0.31851, 1.1649, -0.84804, 0.73168, 0.0010252, 5.063, 0.427, -0.0082651, 2.9886, 0.88835, 0.04074, 1.0708, 1.0674, 1.7594, 0.5881, 0.62155, 1.1656, 2.8189, 0.91688, 0.010685, 8.5583, 1.3569, 0.019828, 7.6644, 0.8887, 0.066411, 0.0095976, 0.00036292, 0.066621, 0.016657, 0.0084856, 5.2231e-08, 1.2425, 0.0031693, 8.6232e-06, 1.1289, 0.079905, 7.2925e-05, 2.0202, 1.1377e-08, 6.0896e-05, 0.1396, 0.94128, 0.6332, 0.11407, 0.23005, -1.8203, -1.7431, 0.55016, -0.0088043, 2.5416, 0.050843, -0.010705, 1.8328, -0.46693, 0.03116, 1.6798, 1.1309, 2.0365, 0.63756, 0.71002, 4.1508, 3.7139, 1.0984, 0.020515, 11.08, 1.7331, 0.022267, 8.8202, 2.244, 0.075991, 0.2192, 0.003321, 0.18198, 0.025323, 0.021287, 3.2945, 2.7516, 0.027772, 7.9431e-05, 6.7362, 0.26149, 0.00010045, 4.5114, 0.67907, 0.00018571
24, 2.5, 0.1772, 0.06191, 0.39994, 0.97222, 0.73215, 1.1913, 0.993, 0.88555, 0.62077, 0.47672, 1.5818, 0.76895, 0.66159, 0.00218, 1.3681, 1.028, 0.00144, 3.616, 1.0923, 0.03367, 1.1, 0.98203, 1.0866, 0.6794, 0.39559, 2.579, 1.1884, 0.58406, 0.0082359, 1.4406, 0.64727, 0.01011, 3.0227, 1.549, 0.053079, 0.94345, 0.95013, 0.64809, 0.47517, 0.20704, 2.5786, -0.71982, 0.48754, 0.0031428, -0.37212, 0.27062, -0.00070628, 1.1131, 1.5489, 0.037773, 1.2565, 1.0139, 1.5251, 0.88363, 0.58413, 2.5794, 3.0967, 0.68058, 0.013329, 3.2533, 1.0239, 0.020927, 4.9323, 1.5492, 0.068386, 0.0090575, 0.00037607, 0.071077, 0.015416, 0.013139, 5.2231e-08, 1.3459, 0.0034432, 9.5877e-06, 1.2145, 0.052434, 4.3246e-05, 1.3478, 1.1377e-08, 8.6595e-05, 0.33084, 0.88705, 0.3764, 0.42415, 0.13066, -0.40651, -1.5909, 0.3086, -0.0065125, -2.8555, -0.14844, -0.0037273, -0.20008, 0.19359, 0.029163, 1.8691, 1.077, 1.7968, 0.93465, 0.66051, 5.5645, 3.9677, 0.85952, 0.022984, 5.7367, 1.443, 0.023948, 6.2456, 2.9045, 0.076995, 0.21866, 0.0033342, 0.18643, 0.024082, 0.025941, 3.2945, 2.8551, 0.028045, 8.0396e-05, 6.8218, 0.23402, 7.0775e-05, 3.839, 0.67907, 0.00021141
25, 2.1818, 0.31447, 0.1057, 0.42002, 1.25, 0.63982, 1.6726, 1.007, 1.7332, 0.54085, 0.35403, 1.6059, 0.52666, 0.71175, 0.00026, 1.5558, 1.6702, 0.00185, 2.256, 1.1532, 0.03867, 1.2044, 0.99177, 1.4078, 0.46971, 0.27333, 2.1623, 1.5015, 0.64276, 0.006492, 3.3212, 0.9659, 0.0036698, 3.0936, 1.1528, 0.049994, 1.0349, 0.95801, 0.96383, 0.24769, 0.071768, 2.1619, -0.47668, 0.54484, 0.0010976, 1.306, 0.4473, -0.0088823, 0.7604, 1.1526, 0.033885, 1.3738, 1.0255, 1.8517, 0.69173, 0.47489, 2.1627, 3.4797, 0.74068, 0.011886, 5.3364, 1.4845, 0.016222, 5.4268, 1.153, 0.066102, 0.010607, 0.00042117, 0.072842, 0.018219, 0.015016, 5.2231e-08, 1.4464, 0.0035437, 1.0756e-05, 1.501, 0.099405, 5.8235e-05, 2.0121, 1.1377e-08, 9.5903e-05, 0.43248, 0.89615, 0.6942, 0.20001, -0.0010093, -0.8232, -1.3263, 0.36681, -0.0083631, -1.0642, 0.093986, -0.011563, -0.39694, -0.20264, 0.025557, 1.9762, 1.0874, 2.1213, 0.73941, 0.54767, 5.1478, 4.3293, 0.91871, 0.021347, 7.7066, 1.8378, 0.018903, 6.5842, 2.5083, 0.074431, 0.22021, 0.0033792, 0.1882, 0.026885, 0.027817, 3.2945, 2.9555, 0.028146, 8.1564e-05, 7.1082, 0.28099, 8.5764e-05, 4.5033, 0.67907, 0.00022072
26, 6, 0.34416, 0.06131, 0.09624, 0.8642, 0.29775, 1.7968, 0.94907, 1.8108, 0.27522, 0.37132, 0.70705, 0.28501, 0.65146, 0.00435, 4.8391, 0.46177, 0.01939, 5.9377, 0.69136, 0.0635, 1.064, 1.0101, 1.3703, 0.33793, 0.58092, 1.6792, 1.0914, 0.79208, 0.014662, 6.1634, 0.69108, 0.0083587, 5.3085, 0.95518, 0.064759, 0.88793, 0.98202, 0.91944, 0.12528, 0.35989, 1.6788, -0.7735, 0.69692, 0.010494, 4.2435, 0.13619, -0.0076583, 2.9096, 0.95501, 0.04898, 1.2401, 1.0382, 1.8212, 0.55058, 0.80196, 1.6796, 2.9563, 0.88724, 0.018829, 8.0833, 1.246, 0.024376, 7.7075, 0.95536, 0.080538, 0.011463, 0.00029135, 0.075147, 0.016713, 0.018058, 5.2231e-08, 1.2855, 0.0033472, 6.4185e-06, 1.3624, 0.1138, 9.4822e-05, 2.127, 1.1377e-08, 9.2023e-05, 0.29067, 0.91633, 0.65242, 0.075892, 0.29197, -1.3063, -1.6583, 0.51709, 0.00020683, 1.821, -0.20289, -0.0098354, 1.7737, -0.40027, 0.040538, 1.8374, 1.1039, 2.0883, 0.59997, 0.86987, 4.6647, 3.8411, 1.0671, 0.029116, 10.506, 1.5851, 0.026553, 8.8433, 2.3106, 0.08898, 0.22107, 0.0032494, 0.1905, 0.025379, 0.030859, 3.2945, 2.7946, 0.027949, 7.7226e-05, 6.9696, 0.29539, 0.00012235, 4.6182, 0.67907, 0.00021684
27, 3.5, 0.38431, 0.09646, 0.15341, 1.4286, 0.54397, 1.004, 1.0592, 0.54391, 0.47465, 0.49448, 0.98812, 0.97647, 0.84854, 0.00092, 9.9582, 0.10119, 0.00454, 8.4009, 0.33109, 0.04835, 0.98434, 1.0209, 1.0025, 0.4449, 0.53251, 2.1112, 1.09, 0.78316, 0.0048419, 6.0061, 0.62725, 0.0035409, 4.1473, 0.71628, 0.059118, 0.83251, 0.99076, 0.64238, 0.28438, 0.39204, 2.1108, -0.44808, 0.68859, 0.00014895, 4.3645, 0.16616, -0.0059587, 2.1162, 0.71611, 0.04712, 1.1362, 1.0511, 1.3626, 0.60542, 0.67298, 2.1116, 2.628, 0.87774, 0.0095348, 7.6477, 1.0883, 0.01304, 6.1785, 0.71646, 0.071115, 0.0085206, 0.00033694, 0.04793, 0.0095238, 0.007293, 5.2231e-08, 0.87434, 0.0033061, 8.1401e-06, 0.99603, 0.078579, 3.3355e-05, 1.5248, 1.1377e-08, 5.3205e-05, 0.21613, 0.92653, 0.33782, 0.22306, 0.29934, -0.8743, -1.4495, 0.50838, -0.0097731, 1.7793, -0.21174, -0.0092936, 0.85105, -0.63917, 0.037171, 1.7525, 1.1154, 1.6671, 0.66674, 0.76567, 5.0967, 3.6294, 1.058, 0.019457, 10.233, 1.4662, 0.016375, 7.4436, 2.0717, 0.081064, 0.21812, 0.003295, 0.16329, 0.018189, 0.020094, 3.2945, 2.3835, 0.027908, 7.8948e-05, 6.6033, 0.26017, 6.0884e-05, 4.016, 0.67907, 0.00017802
28, 3.5, 0.41773, 0.10888, 0.11117, 1.3757, 0.51192, 1.5973, 1.0354, 0.61262, 0.49929, 0.59003, 0.99534, 0.53494, 0.79018, 0.00025, 9.5847, 0.07093, 0.00762, 8.0351, 0.27199, 0.0456, 0.96455, 1.0253, 1.1063, 0.39427, 0.53039, 2.0908, 1.174, 0.84759, 0.0063775, 6.4704, 0.61221, 0.0042297, 4.6291, 0.52707, 0.052858, 0.81299, 0.99017, 0.69829, 0.22466, 0.35137, 2.0905, -0.63923, 0.73846, 0.0013457, 4.7616, 0.19002, -0.0088784, 2.4298, 0.5269, 0.03777, 1.1161, 1.0605, 1.5144, 0.56389, 0.70941, 2.0912, 2.9872, 0.95672, 0.011409, 8.1792, 1.0344, 0.017338, 6.8285, 0.52725, 0.067946, 0.0084896, 0.00045682, 0.061538, 0.010634, 0.011845, 5.2231e-08, 1.2152, 0.0044018, 9.3585e-06, 1.0793, 0.065883, 6.3508e-05, 1.7879, 1.1377e-08, 8.4143e-05, 0.1964, 0.9292, 0.41452, 0.16577, 0.27216, -0.89468, -1.5409, 0.56746, -0.0083498, 2.2171, -0.20604, -0.011464, 1.2266, -0.82838, 0.029081, 1.7327, 1.1214, 1.7981, 0.62278, 0.78862, 5.0764, 3.8889, 1.1277, 0.021105, 10.724, 1.4305, 0.019924, 8.0317, 1.8825, 0.076635, 0.21809, 0.0034149, 0.17689, 0.019299, 0.024647, 3.2945, 2.7243, 0.029004, 8.0166e-05, 6.6865, 0.24747, 9.1037e-05, 4.2791, 0.67907, 0.00020896
29, 4, 0.18328, 0.06227, 0.7, 1.6042, 0.48987, 1.8198, 0.93056, 1.8163, 0.74194, 0.31176, 2.3513, 0.03742, 0.30291, 0.00428, 1.4146, 0.28836, 0.00409, 1.8575, 2.3061, 0.07815, 1.4925, 0.97426, 1.3684, 0.54902, 0.21461, 1.3798, 1.3421, 0.4276, 0.0049972, 2.7584, 0.63051, 0.0075278, 1.9676, 2.2276, 0.066454, 1.3099, 0.93788, 0.9203, 0.3177, 0.0012892, 1.3794, -0.64622, 0.32354, -0.0003928, 0.47031, 0.086394, -0.0060288, -0.24345, 2.2275, 0.050714, 1.6751, 1.0106, 1.8164, 0.78035, 0.42793, 1.3802, 3.3304, 0.53166, 0.010387, 5.0466, 1.1746, 0.021085, 4.1786, 2.2278, 0.082195, 0.012324, 0.00048925, 0.074205, 0.019778, 0.01682, 5.2231e-08, 1.4612, 0.0040022, 1.0738e-05, 1.9351, 0.10943, 6.7928e-05, 1.8069, 1.1377e-08, 9.1574e-05, 0.71758, 0.87769, 0.65222, 0.27161, -0.06848, -1.6057, -1.4928, 0.14941, -0.0098563, -1.7589, -0.25682, -0.0085428, -1.4425, 0.87218, 0.042258, 2.2673, 1.0708, 2.0845, 0.82643, 0.4977, 4.3653, 4.1769, 0.70579, 0.019851, 7.2758, 1.5178, 0.023598, 5.3777, 3.5831, 0.09065, 0.22193, 0.0034473, 0.18956, 0.028444, 0.029621, 3.2945, 2.9703, 0.028605, 8.1546e-05, 7.5424, 0.29101, 9.5458e-05, 4.2981, 0.67907, 0.00021639
30, 2.8571, 0.3592, 0.09246, 0.12559, 1.6927, 0.62444, 0.325, 0.94113, 1.3664, 0.48435, 0.57674, 1.7726, 0.13582, 0.64346, 0.00026, 6.656, 0.42409, 0.00081, 1.9017, 0.77251, 0.04249, 0.83812, 1.015, 1.2798, 0.37071, 0.40281, 2.2455, 2.0531, 0.7642, 0.007511, 5.6945, 0.92769, 0.011784, 4.6031, 0.69434, 0.050013, 0.66482, 0.98614, 0.83324, 0.14312, 0.20261, 2.2452, 0.11083, 0.65936, 0.0027857, 3.9904, 0.408, -0.0039969, 2.2157, 0.69417, 0.036099, 1.0114, 1.0439, 1.7265, 0.59831, 0.60302, 2.2459, 3.9953, 0.86904, 0.012236, 7.3986, 1.4474, 0.027564, 6.9905, 0.69452, 0.063928, 0.011101, 0.00030812, 0.073721, 0.019146, 0.014815, 5.2231e-08, 1.3943, 0.0040623, 8.253e-06, 1.0733, 0.099826, 9.2042e-05, 2.1067, 1.1377e-08, 7.1564e-05, 0.065382, 0.92101, 0.56462, 0.096406, 0.12947, -0.73999, -0.74967, 0.48572, -0.0071144, 1.4431, 0.055125, -0.0062026, 1.0761, -0.66111, 0.026963, 1.6109, 1.109, 1.9951, 0.64502, 0.67616, 5.2311, 4.8558, 1.0427, 0.022136, 9.9459, 1.8003, 0.02977, 8.1301, 2.0498, 0.073064, 0.2207, 0.0032662, 0.18908, 0.027812, 0.027616, 3.2945, 2.9034, 0.028665, 7.9061e-05, 6.6806, 0.28141, 0.00011957, 4.5979, 0.67907, 0.00019638
31, 6.2215, 0.11341, 0.01519, 0.05049, 2.0833, 0.28018, 1.7417, 1.0556, 1.6777, 0.42506, 0.59611, 0.32746, 0.71871, 0.71766, 0.00437, 3.5297, 0.03528, 0.00604, 1.697, 0.81686, 0.08974, 0.8934, 1.0516, 1.1909, 0.42837, 0.51123, 1.2583, 1.245, 0.73397, 0.0048492, 5.0708, 0.69751, 0.01194, 5.0748, 1.554, 0.062617, 0.69977, 1.0174, 0.74482, 0.19701, 0.28184, 1.2579, -0.7393, 0.62773, -0.00051647, 2.8015, 0.012129, -0.0031975, 2.6814, 1.5538, 0.046516, 1.087, 1.0857, 1.6369, 0.65973, 0.74061, 1.2586, 3.2293, 0.84021, 0.010215, 7.3402, 1.3829, 0.027078, 7.4681, 1.5542, 0.078717, 0.013857, 0.00043051, 0.07354, 0.019784, 0.019448, 5.2231e-08, 1.4553, 0.0041719, 1.0641e-05, 1.9034, 0.17362, 8.4697e-05, 2.1172, 1.1377e-08, 9.5814e-05, 0.11585, 0.9558, 0.47599, 0.15093, 0.21584, -1.7273, -1.587, 0.45496, -0.0099954, 0.56302, -0.28282, -0.0054848, 1.5437, 0.19855, 0.038185, 1.6709, 1.1473, 1.9058, 0.70581, 0.80661, 4.2438, 4.0771, 1.013, 0.019694, 9.5787, 1.6778, 0.029365, 8.6058, 2.9094, 0.087049, 0.22346, 0.0033886, 0.1889, 0.02845, 0.032249, 3.2945, 2.9645, 0.028774, 8.1449e-05, 7.5107, 0.35521, 0.00011223, 4.6084, 0.67907, 0.00022063
32, 2.5, 0.47946, 0.05863, 0.19988, 0.83333, 0.85669, 0.81227, 1.0873, 1.38, 0.39822, 0.43119, 1.0617, 0.57231, 0.69524, 0.01855, 8.2264, 1.2439, 0.00839, 4.3326, 0.31149, 0.02851, 1.0279, 1.0135, 1.3062, 0.3691, 0.3547, 2.9041, 1.3049, 0.7536, 0.0098654, 5.926, 0.46434, 0.0063199, 4.5512, 0.65415, 0.050346, 0.85005, 0.97478, 0.84814, 0.14119, 0.11247, 2.9037, -0.6478, 0.63274, 0.0042646, 4.017, -0.17826, -0.010072, 2.1505, 0.65397, 0.034286, 1.2058, 1.0522, 1.7644, 0.59701, 0.59694, 2.9044, 3.2576, 0.87447, 0.015466, 7.835, 1.1069, 0.022712, 6.9518, 0.65432, 0.066406, 0.011692, 0.00055369, 0.077567, 0.019199, 0.021688, 5.2231e-08, 1.4093, 0.0053994, 1.1594e-05, 1.3469, 0.15262, 9.9313e-05, 2.1301, 1.1377e-08, 9.5331e-05, 0.25414, 0.91601, 0.58378, 0.09453, 0.049234, -0.081459, -1.5051, 0.4687, -0.0050658, 1.5884, -0.48657, -0.012205, 1.0152, -0.7013, 0.025941, 1.8017, 1.111, 2.0287, 0.64367, 0.66017, 5.8896, 4.1149, 1.0385, 0.024797, 10.264, 1.4152, 0.024845, 8.0872, 2.0096, 0.074751, 0.22129, 0.0035118, 0.19292, 0.027864, 0.034489, 3.2945, 2.9185, 0.030002, 8.2402e-05, 6.9542, 0.33421, 0.00012684, 4.6213, 0.67907, 0.00022015
33, 4, 0.29084, 0.13792, 0.19995, 1.1111, 0.3202, 1.833, 0.97656, 1.8305, 0.45665, 0.57029, 1.069, 1.1707, 0.97682, 0.00127, 4.5274, 1.0832, 0.00311, 9.3245, 0.46392, 0.05143, 1.1028, 0.9829, 1.4781, 0.49139, 0.55971, 1.8077, 0.8613, 0.81987, 0.0026543, 5.7189, 0.94398, 0.0054038, 3.753, 0.82639, 0.054245, 0.93818, 0.95727, 1.218, 0.40889, 0.46448, 1.8074, -0.14006, 0.74042, -0.0015852, 4.2749, 0.60278, 0.00076701, 2.4835, 0.82621, 0.045535, 1.2674, 1.0085, 1.7382, 0.57389, 0.65494, 1.8081, 1.8627, 0.89932, 0.0068938, 7.1629, 1.2852, 0.010041, 5.0224, 0.82657, 0.062956, 0.010018, 0.00024276, 0.025005, 0.0025156, 0.003352, 5.2231e-08, 0.37062, 0.0023329, 6.6432e-06, 0.77073, 0.043028, 7.9466e-06, 0.59564, 1.1377e-08, 2.8041e-05, 0.33197, 0.88984, 0.86187, 0.31746, 0.35065, -1.1778, -1.3939, 0.54992, -0.011821, 1.5649, 0.16442, -0.0043932, 0.86306, -0.52906, 0.033909, 1.8736, 1.076, 2.0944, 0.66532, 0.76876, 4.7933, 3.1165, 1.0898, 0.01713, 9.8729, 1.7235, 0.015201, 6.6429, 2.1818, 0.074582, 0.21962, 0.0032008, 0.14036, 0.011181, 0.016153, 3.2945, 1.8798, 0.026935, 7.7451e-05, 6.378, 0.22462, 3.5476e-05, 3.0868, 0.67907, 0.00015286
34, 5.3333, 0.35833, 0.05406, 0.04308, 1.3368, 0.37016, 1.633, 1.081, 1.0542, 0.24966, 0.87643, 5.1546, 6.7792, 0.86043, 0.0225, 1.3707, 0.0227, 0.00683, 1.9686, 0.64833, 0.07126, 1.1174, 1.0111, 1.3533, 0.10343, 0.47062, 1.6512, 3.7404, 0.79622, 0.012226, 7.828, 0.8999, 0.025998, 4.2907, 0.82712, 0.064843, 0.94016, 0.98025, 0.97507, -0.027948, 0.30591, 1.6508, 2.3103, 0.69284, 0.007182, 5.9624, 0.43921, 0.015718, 2.3331, 0.82695, 0.05175, 1.2946, 1.042, 1.7316, 0.23481, 0.63533, 1.6516, 5.1706, 0.8996, 0.01727, 9.6937, 1.3606, 0.036278, 6.2484, 0.8273, 0.077937, 0.011609, 0.00035279, 0.05288, 0.0063797, 0.010027, 5.2231e-08, 0.75601, 0.0039502, 9.4029e-06, 1.2865, 0.078442, 3.9061e-05, 1.4165, 1.1377e-08, 6.3363e-05, 0.34376, 0.9165, 0.67866, -0.098326, 0.2221, -1.3343, 1.2649, 0.51828, -0.0025055, 3.5093, 0.061137, 0.012575, 1.0392, -0.52833, 0.042279, 1.891, 1.1058, 2.028, 0.30519, 0.71914, 4.6367, 6.216, 1.0742, 0.026957, 12.147, 1.7387, 0.03942, 7.5422, 2.1826, 0.087407, 0.22121, 0.0033109, 0.16824, 0.015045, 0.022829, 3.2945, 2.2652, 0.028553, 8.0211e-05, 6.8938, 0.26003, 6.659e-05, 3.9077, 0.67907, 0.00018818
35, 2.5, 0.13114, 0.11054, 0.25389, 0.97222, 0.42379, 0.88513, 0.94691, 1.3673, 0.69261, 0.85921, 2.5579, 1.0546, 0.53489, 0.00371, 0.3588, 0.53943, 0.00061, 2.3382, 1.1408, 0.02865, 1.0018, 1.0195, 1.1879, 0.50661, 0.64951, 1.8969, 1.4682, 0.68215, 0.0061139, 3.3881, 0.55061, 0.0037558, 3.4178, 1.1103, 0.047622, 0.84287, 0.98914, 0.74234, 0.28398, 0.45389, 1.8965, -0.50729, 0.58344, 0.0011042, 1.4866, 0.04169, -0.010485, 1.3895, 1.1101, 0.032137, 1.1607, 1.0499, 1.6336, 0.72924, 0.84513, 1.8973, 3.4436, 0.78085, 0.011124, 5.2896, 1.0595, 0.017997, 5.4462, 1.1105, 0.063108, 0.0093343, 0.00034062, 0.073391, 0.018319, 0.014144, 5.2231e-08, 1.4424, 0.003601, 9.2761e-06, 1.3364, 0.095729, 7.4957e-05, 1.5207, 1.1377e-08, 8.8633e-05, 0.23214, 0.92503, 0.47334, 0.23641, 0.3795, -1.0886, -1.3577, 0.40591, -0.0086059, -0.94625, -0.31558, -0.012896, 0.12326, -0.24516, 0.023591, 1.7714, 1.114, 1.9026, 0.77681, 0.91951, 4.8824, 4.294, 0.95838, 0.020834, 7.7224, 1.4168, 0.020408, 6.7124, 2.4657, 0.071653, 0.21894, 0.0032987, 0.18875, 0.026985, 0.026946, 3.2945, 2.9515, 0.028203, 8.0084e-05, 6.9437, 0.27732, 0.00010249, 4.0119, 0.67907, 0.00021345
36, 3, 0.24453, 0.05395, 0.11871, 1.5151, 0.59776, 0.55993, 0.90153, 1.752, 0.16836, 0.42723, 7.2512, 6.4201, 0.49806, 0.02915, 0.45405, 0.26621, 0.00774, 4.9483, 0.69782, 0.04736, 0.82791, 1.0113, 1.3276, 0.48145, 0.44661, 2.0902, 1.1001, 0.80002, 0.0052531, 5.0265, 0.97557, 0.012242, 4.9273, 0.97585, 0.050319, 0.67903, 0.98392, 0.90287, 0.26068, 0.31985, 2.0898, -0.80625, 0.7081, 0.00086025, 3.6943, 0.50033, -0.0016373, 2.5957, 0.97567, 0.037961, 0.97678, 1.0386, 1.7523, 0.70221, 0.57337, 2.0906, 3.0065, 0.89193, 0.0096459, 6.3586, 1.4508, 0.026122, 7.2588, 0.97602, 0.062677, 0.008192, 0.00027669, 0.06667, 0.018014, 0.0059391, 5.2231e-08, 1.3433, 0.0031226, 7.1324e-06, 0.6559, 0.083477, 7.1203e-05, 2.0092, 1.1377e-08, 5.6447e-05, 0.06028, 0.91773, 0.62581, 0.21278, 0.22144, -0.89531, -1.6779, 0.52613, -0.0092683, 0.91001, 0.12873, -0.0041017, 1.4378, -0.3796, 0.028173, 1.5955, 1.1048, 2.0293, 0.75011, 0.67179, 5.0757, 3.8782, 1.0739, 0.019774, 9.1429, 1.8224, 0.028586, 8.4167, 2.3313, 0.072464, 0.21779, 0.0032348, 0.18203, 0.02668, 0.01874, 3.2945, 2.8524, 0.027725, 7.794e-05, 6.2632, 0.26506, 9.8732e-05, 4.5004, 0.67907, 0.00018126
37, 4.4984, 0.33805, 0.06971, 0.10139, 0.79167, 0.36058, 0.79565, 0.93252, 1.8733, 0.14583, 0.64376, 0.81153, 0.96056, 0.43328, 0.04854, 4.8255, 0.01387, 0.00907, 3.2548, 0.52472, 0.06344, 1.0826, 0.99853, 1.7694, 0.23737, 0.54883, 1.6944, 3.0911, 0.79303, 0.01063, 4.4601, 0.33764, 0.0081785, 4.0752, 0.75996, 0.059432, 0.9299, 0.97307, 1.4906, 0.15516, 0.44396, 1.6941, 2.1523, 0.70811, 0.0067112, 3.2026, 0.058638, 0.0027479, 2.6911, 0.75978, 0.04999, 1.2353, 1.024, 2.0483, 0.31959, 0.65369, 1.6948, 4.0299, 0.87794, 0.014548, 5.7176, 0.61664, 0.013609, 5.4592, 0.76014, 0.068874, 0.0086192, 0.00023958, 0.028736, 0.0024983, 0.0040645, 5.2231e-08, 0.32573, 0.0026651, 5.6751e-06, 0.58444, 0.028771, 1.09e-05, 0.708, 1.1377e-08, 3.2953e-05, 0.31423, 0.90551, 1.145, 0.06358, 0.33521, -1.2911, 0.86302, 0.52141, -0.0037553, 0.3672, -0.41677, -0.0020182, 1.1331, -0.59549, 0.038772, 1.851, 1.0915, 2.3938, 0.41117, 0.76244, 4.68, 5.3192, 1.0646, 0.025015, 8.553, 1.092, 0.018375, 7.0172, 2.1154, 0.080093, 0.21822, 0.0031977, 0.14409, 0.011164, 0.016866, 3.2945, 1.8349, 0.027267, 7.6483e-05, 6.1917, 0.21036, 3.8429e-05, 3.1992, 0.67907, 0.00015777
38, 2, 0.09264, 0.0611, 0.34991, 1.3333, 0.66775, 1.023, 1.0096, 1.7243, 0.73859, 0.79833, 0.77002, 0.55564, 0.871, 0.00051, 0.71047, 1.9766, 0.00365, 2.6854, 1.0026, 0.05222, 0.96217, 1.0375, 1.214, 0.57587, 0.53788, 2.2423, 1.2253, 0.66835, 0.0059984, 0.89477, 1.0109, 0.0049799, 3.585, 1.5487, 0.069805, 0.79081, 1.0079, 0.84219, 0.35239, 0.34572, 2.2419, -0.73784, 0.56177, 0.0015045, -1.0639, 0.48341, -0.006493, 1.1802, 1.5485, 0.058565, 1.1335, 1.0672, 1.5858, 0.79934, 0.73003, 2.2427, 3.1885, 0.77493, 0.010492, 2.8535, 1.5385, 0.016453, 5.9898, 1.5488, 0.081045, 0.010853, 0.00032537, 0.051091, 0.018459, 0.013647, 5.2231e-08, 1.4245, 0.0041986, 7.4643e-06, 1.418, 0.10286, 4.8651e-05, 2.1375, 1.1377e-08, 4.6696e-05, 0.18987, 0.94327, 0.54291, 0.30496, 0.27037, -0.74321, -1.5919, 0.38921, -0.0085539, -3.465, 0.13368, -0.0093766, 0.04617, 0.19321, 0.048263, 1.7345, 1.1318, 1.885, 0.84677, 0.80538, 5.2278, 4.0426, 0.9475, 0.020551, 5.2545, 1.8882, 0.019336, 7.1238, 2.9041, 0.091346, 0.22045, 0.0032834, 0.16645, 0.027125, 0.026449, 3.2945, 2.9337, 0.028801, 7.8272e-05, 7.0253, 0.28445, 7.618e-05, 4.6287, 0.67907, 0.00017151
39, 4.4984, 0.33805, 0.06971, 0.10139, 0.79167, 0.36058, 1.8536, 1.0883, 1.9676, 0.08987, 0.49055, 0.38119, 6.3728, 0.96148, 0.00753, 2.4561, 0.03855, 0.01783, 3.045, 0.38185, 0.06782, 1.0391, 0.98591, 1.7459, 0.25351, 0.59747, 1.6944, 1.9229, 0.73581, 0.013917, 4.7071, 0.33373, 0.00471, 4.1348, 0.75996, 0.058276, 0.8864, 0.96045, 1.4671, 0.17129, 0.49261, 1.6941, 0.98418, 0.65089, 0.0099981, 3.4496, 0.054728, -0.00072057, 2.7508, 0.75978, 0.048834, 1.1918, 1.0114, 2.0248, 0.33572, 0.70234, 1.6948, 2.8617, 0.82072, 0.017835, 5.9645, 0.61273, 0.010141, 5.5188, 0.76014, 0.067718, 0.0086192, 0.00023958, 0.028736, 0.0024983, 0.0040645, 5.2231e-08, 0.32573, 0.0026651, 5.6751e-06, 0.58444, 0.028771, 1.09e-05, 0.708, 1.1377e-08, 3.2953e-05, 0.27073, 0.89289, 1.1215, 0.079713, 0.38386, -1.2911, -0.30514, 0.4642, -0.00046843, 0.61416, -0.42068, -0.0054867, 1.1928, -0.59549, 0.037615, 1.8075, 1.0789, 2.3703, 0.4273, 0.81109, 4.68, 4.151, 1.0074, 0.028302, 8.8, 1.0881, 0.014907, 7.0768, 2.1154, 0.078936, 0.21822, 0.0031977, 0.14409, 0.011164, 0.016866, 3.2945, 1.8349, 0.027267, 7.6483e-05, 6.1917, 0.21036, 3.8429e-05, 3.1992, 0.67907, 0.00015777
40, 4, 0.25756, 0.09774, 0.21, 1.5, 0.38708, 0.80888, 0.96822, 1.9965, 0.35204, 0.52437, 0.40713, 1.5386, 0.85234, 0.00013, 0.85966, 1.2515, 0.00198, 3.1628, 1.1869, 0.04649, 1.0398, 0.9986, 1.4261, 0.38744, 0.4974, 1.676, 1.2297, 0.80187, 0.0034785, 5.3734, 0.53319, 0.0085608, 4.1694, 1.0619, 0.053762, 0.87431, 0.97121, 0.98699, 0.1658, 0.3099, 1.6757, -0.73784, 0.70985, -0.0011598, 3.5836, 0.049089, -0.0065106, 1.7754, 1.0617, 0.039117, 1.2053, 1.026, 1.8651, 0.60909, 0.68489, 1.6764, 3.1973, 0.89389, 0.0081168, 7.1632, 1.0173, 0.023632, 6.5633, 1.062, 0.068408, 0.010121, 0.00027732, 0.071253, 0.018158, 0.012994, 5.2231e-08, 1.4309, 0.0031297, 7.9517e-06, 1.1841, 0.086621, 8.3956e-05, 2.1183, 1.1377e-08, 7.9276e-05, 0.26877, 0.90504, 0.71551, 0.11805, 0.23322, -1.3095, -1.5906, 0.52796, -0.011119, 1.0869, -0.31866, -0.0088066, 0.63791, -0.29358, 0.030264, 1.8108, 1.0922, 2.1366, 0.65684, 0.76157, 4.6616, 4.0501, 1.0758, 0.018076, 9.6599, 1.385, 0.025928, 7.7008, 2.4173, 0.077261, 0.21972, 0.0032354, 0.18661, 0.026823, 0.025795, 3.2945, 2.94, 0.027732, 7.876e-05, 6.7913, 0.26821, 0.00011148, 4.6095, 0.67907, 0.00020409
41, 2, 0.16718, 0.11289, 0.56689, 1.3123, 0.52876, 0.97247, 0.93562, 1.2127, 0.15669, 0.52852, 2.2164, 0.89257, 0.2654, 0.00597, 0.57087, 1.1129, 0.00026, 1.604, 1.4799, 0.07342, 1.2887, 0.9659, 1.3602, 0.54958, 0.36829, 1.7473, 1.57, 0.49883, 0.0043117, 3.0808, 1.2079, 0.0066715, 2.4165, 1.6108, 0.050571, 1.1135, 0.93217, 0.90569, 0.332, 0.13644, 1.7469, -0.34678, 0.39346, -0.0012134, 0.95645, 0.66814, -0.0091061, 0.017725, 1.6106, 0.034501, 1.464, 0.99964, 1.8148, 0.76717, 0.60013, 1.7477, 3.4868, 0.60421, 0.0098367, 5.2052, 1.7477, 0.022449, 4.8153, 1.611, 0.066641, 0.011353, 0.00042062, 0.076361, 0.017499, 0.019867, 5.2231e-08, 1.358, 0.0041044, 1.1283e-05, 1.6681, 0.10768, 9.201e-05, 2.1268, 1.1377e-08, 9.5448e-05, 0.51554, 0.87029, 0.64001, 0.28352, 0.070988, -1.2382, -1.2152, 0.22015, -0.010591, -1.3558, 0.32323, -0.011312, -1.1182, 0.25535, 0.026159, 2.0619, 1.0615, 2.0804, 0.81565, 0.66558, 4.7328, 4.3552, 0.77752, 0.019215, 7.5175, 2.0926, 0.024655, 5.9512, 2.9663, 0.074983, 0.22095, 0.0033787, 0.19172, 0.026165, 0.032669, 3.2945, 2.8671, 0.028707, 8.2091e-05, 7.2753, 0.28927, 0.00011954, 4.618, 0.67907, 0.00022027
42, 1.6364, 0.47111, 0.07152, 0, 0.97222, 1.022, 0.20239, 0.98345, 1.4928, 0.06478, 0.16837, 9.2504, 1.5595, 0.91434, 0.04154, 6.2886, 0.93332, 0.00695, 3.8898, 0.65178, 0.09161, 0.69776, 1.0225, 1.0924, 0.34302, 0.38496, 3.6733, 1.4631, 0.81336, 0.011113, 5.4627, 0.35976, 0.0037259, 4.6644, 0.25782, 0.040272, 0.52264, 0.98286, 0.6494, 0.13143, 0.16779, 3.6729, -0.5236, 0.69165, 0.0054796, 3.2093, -0.15041, -0.010296, 2.4565, 0.25765, 0.024119, 0.87288, 1.0621, 1.5354, 0.55461, 0.60213, 3.6737, 3.4497, 0.93506, 0.016747, 7.716, 0.86992, 0.017748, 6.8723, 0.258, 0.056424, 0.011335, 0.0005805, 0.072543, 0.016548, 0.017432, 5.2231e-08, 1.4588, 0.0054744, 1.173e-05, 1.8768, 0.096199, 7.2671e-05, 1.8019, 1.1377e-08, 9.6436e-05, -0.075389, 0.92464, 0.37942, 0.08184, 0.098957, 0.68775, -1.3706, 0.52809, -0.0038304, 0.96286, -0.50717, -0.012739, 1.2563, -1.0976, 0.015805, 1.4709, 1.1203, 1.8054, 0.6042, 0.67096, 6.6588, 4.2968, 1.0986, 0.026057, 9.9625, 1.2267, 0.020191, 8.0725, 1.6133, 0.064738, 0.22094, 0.0035386, 0.1879, 0.025213, 0.030233, 3.2945, 2.9679, 0.030077, 8.2538e-05, 7.484, 0.27779, 0.0001002, 4.293, 0.67907, 0.00022125
43, 8, 0.44876, 0.04706, 0.28113, 1.3333, 0.368, 0.89874, 1.0853, 1.9079, 0.44933, 0.5498, 1.3811, 0.86589, 0.82567, 0.00181, 8.7442, 0.43533, 0.00173, 8.91, 2.0326, 0.07183, 1.3814, 1.0495, 1.3511, 0.47491, 0.651, 1.8152, 1.2033, 0.75362, 0.0075255, 7.0608, 0.45574, 0.013349, 4.2128, 1.4946, 0.061954, 1.1864, 1.0099, 0.89908, 0.24493, 0.4757, 1.8149, -0.74819, 0.62692, 0.0021729, 5.0649, -0.11939, -0.0026565, 1.8408, 1.4944, 0.048102, 1.5765, 1.0892, 1.8031, 0.70488, 0.8263, 1.8156, 3.1548, 0.88032, 0.012878, 9.0567, 1.0309, 0.029355, 6.5847, 1.4947, 0.075807, 0.01406, 0.00058074, 0.075524, 0.019548, 0.011359, 5.2231e-08, 1.4076, 0.0059331, 1.0589e-05, 1.4724, 0.12226, 9.4687e-05, 2.0795, 1.1377e-08, 7.0922e-05, 0.60352, 0.95169, 0.63248, 0.19862, 0.39533, -1.1703, -1.6059, 0.46619, -0.0073145, 2.6842, -0.45094, -0.0048349, 0.6962, 0.13912, 0.038942, 2.1593, 1.1474, 2.0697, 0.75119, 0.90667, 4.8008, 4.0125, 1.041, 0.022365, 11.437, 1.3624, 0.031533, 7.7293, 2.85, 0.084967, 0.22366, 0.0035388, 0.19088, 0.028213, 0.02416, 3.2945, 2.9167, 0.030535, 8.1397e-05, 7.0797, 0.30384, 0.00012222, 4.5707, 0.67907, 0.00019574
44, 6.5574, 0.12218, 0.03547, 0.13607, 1.9174, 0.31909, 0.36056, 1.0875, 0.69361, 0.36405, 0.44787, 4.3688, 1.4497, 0.54341, 0.00044, 2.9662, 0.83681, 0.0043, 2.268, 3.2194, 0.07002, 0.99189, 1.0438, 1.1981, 0.5277, 0.47529, 1.6091, 1.2874, 0.69618, 0.0045535, 4.4004, 0.49449, 0.013567, 4.1476, 1.7082, 0.063453, 0.80258, 1.0128, 0.76567, 0.30785, 0.28494, 1.6088, -0.69598, 0.59833, -0.00068791, 2.1349, -0.0079531, 0.0012401, 2.1636, 1.708, 0.047455, 1.1812, 1.0747, 1.6304, 0.74756, 0.66564, 1.6095, 3.2707, 0.79403, 0.0097949, 6.666, 0.99694, 0.025894, 6.1317, 1.7084, 0.079451, 0.013247, 0.00035455, 0.069101, 0.017865, 0.013392, 5.2231e-08, 1.4539, 0.0035391, 1.0154e-05, 1.8972, 0.093309, 5.6163e-05, 1.4549, 1.1377e-08, 9.4593e-05, 0.21541, 0.9491, 0.49162, 0.25978, 0.20908, -1.3764, -1.544, 0.42025, -0.010247, -0.10551, -0.36791, -0.0014808, 0.88016, 0.35274, 0.039089, 1.7684, 1.1384, 1.9045, 0.79562, 0.7415, 4.5947, 4.1187, 0.97211, 0.019354, 8.9064, 1.3569, 0.028615, 7.4151, 3.0636, 0.087818, 0.22285, 0.0033126, 0.18446, 0.026531, 0.026193, 3.2945, 2.9631, 0.028141, 8.0962e-05, 7.5044, 0.2749, 8.3692e-05, 3.9461, 0.67907, 0.00021941
45, 3.5, 0.38998, 0.10164, 0.15567, 1.3757, 0.52977, 0.28127, 1.0339, 0.64588, 0.42538, 0.53787, 1.4891, 0.76511, 0.93639, 4e-05, 8.3363, 1.0969, 0.00076, 3.0066, 1.9098, 0.07123, 1.0452, 1.0245, 0.93461, 0.49168, 0.51825, 2.1003, 1.0059, 0.78437, 0.0047507, 6.4379, 0.26474, 0.0060317, 6.407, 0.68627, 0.049959, 0.89597, 0.99395, 0.58862, 0.35675, 0.38561, 2.0999, -0.50448, 0.69018, 8.6171e-06, 4.801, -0.14687, -0.0023553, 4.4966, 0.68609, 0.037994, 1.1945, 1.0551, 1.2806, 0.62661, 0.6509, 2.1006, 2.5164, 0.87855, 0.0094928, 8.0748, 0.67634, 0.014419, 8.3174, 0.68645, 0.061923, 0.0082348, 0.00034557, 0.044245, 0.0067292, 0.006503, 5.2231e-08, 0.84323, 0.0032785, 8.3115e-06, 0.99034, 0.062619, 2.5999e-05, 1.3489, 1.1377e-08, 5.291e-05, 0.27753, 0.92998, 0.27749, 0.28759, 0.28972, -0.88527, -1.5168, 0.50972, -0.0098801, 2.2129, -0.5481, -0.0060025, 3.1837, -0.66918, 0.02803, 1.8129, 1.1191, 1.5917, 0.69577, 0.74679, 5.0858, 3.5287, 1.059, 0.019382, 10.663, 1.0776, 0.018066, 9.6303, 2.0417, 0.071887, 0.21784, 0.0033037, 0.1596, 0.015395, 0.019304, 3.2945, 2.3524, 0.027881, 7.9119e-05, 6.5976, 0.24421, 5.3528e-05, 3.8401, 0.67907, 0.00017773
46, 6.0132, 0.26546, 0.04042, 0.0685, 0.93291, 0.325, 0.61725, 1.0542, 1.9677, 0.35764, 0.66747, 1.2401, 0.52901, 0.85289, 0.00097, 9.4284, 0.63557, 0.00368, 7.0911, 0.58669, 0.05815, 1.0607, 1.0039, 1.2744, 0.33085, 0.53507, 1.7474, 1.1135, 0.80136, 0.0088365, 5.1288, 0.79824, 0.0088096, 6.4122, 1.1254, 0.064171, 0.88498, 0.97212, 0.83338, 0.1308, 0.33491, 1.747, -0.75094, 0.69263, 0.004134, 3.1509, 0.31336, -0.0060938, 4.2006, 1.1252, 0.048241, 1.2364, 1.0357, 1.7155, 0.5309, 0.73523, 1.7477, 2.9779, 0.91009, 0.013539, 7.1067, 1.2831, 0.023713, 8.6239, 1.1256, 0.080101, 0.011412, 0.0003731, 0.071896, 0.014792, 0.014808, 5.2231e-08, 1.2848, 0.0043694, 8.1732e-06, 1.446, 0.086898, 8.2095e-05, 1.8079, 1.1377e-08, 9.3793e-05, 0.28741, 0.90896, 0.56265, 0.078926, 0.26176, -1.2382, -1.6359, 0.52139, -0.0057816, 0.7604, -0.054051, -0.0084123, 3.0017, -0.23005, 0.039851, 1.834, 1.0988, 1.9862, 0.58277, 0.80838, 4.7329, 3.8629, 1.0813, 0.023455, 9.4972, 1.6505, 0.026032, 9.8227, 2.4809, 0.088491, 0.22101, 0.0033312, 0.18725, 0.023458, 0.02761, 3.2945, 2.794, 0.028972, 7.8981e-05, 7.0533, 0.26848, 0.00010962, 4.2991, 0.67907, 0.00021861
47, 2, 0.23842, 0.10557, 0.19966, 0.91398, 0.62467, 0.23749, 0.9285, 1.9162, 0.62473, 0.30155, 2.945, 0.80283, 0.7992, 0.00016, 7.1011, 0.13177, 0.00029, 2.8981, 1.9696, 0.04316, 0.89538, 0.99526, 1.1385, 0.4985, 0.46539, 2.5064, 1.3793, 0.7911, 0.0068341, 4.9449, 0.37933, 0.0043552, 4.5063, 0.84024, 0.044476, 0.73535, 0.96555, 0.71005, 0.27911, 0.29588, 2.5061, -0.586, 0.69286, 0.0019432, 3.1608, -0.087517, -0.0096408, 2.4757, 0.84006, 0.028813, 1.0554, 1.025, 1.5669, 0.71789, 0.63491, 2.5068, 3.3445, 0.88934, 0.011725, 6.729, 0.84618, 0.018351, 6.5369, 0.84042, 0.06014, 0.0094654, 0.00032611, 0.067836, 0.01779, 0.010621, 5.2231e-08, 1.4276, 0.0035671, 8.8414e-06, 1.1765, 0.080556, 7.2403e-05, 1.524, 1.1377e-08, 9.0681e-05, 0.12551, 0.90099, 0.43444, 0.23096, 0.21366, -0.47909, -1.4395, 0.51503, -0.0078456, 0.66076, -0.46283, -0.012088, 1.2103, -0.51521, 0.02033, 1.6652, 1.0895, 1.8425, 0.76604, 0.71713, 5.492, 4.198, 1.0672, 0.021514, 9.229, 1.2215, 0.020798, 7.8022, 2.1957, 0.068622, 0.21907, 0.0032842, 0.18319, 0.026456, 0.023422, 3.2945, 2.9367, 0.028169, 7.9649e-05, 6.7837, 0.26214, 9.9932e-05, 4.0152, 0.67907, 0.0002155
48, 2.25, 0.30301, 0.08051, 0.07844, 1.5132, 0.67066, 0.20141, 0.92282, 1.8492, 0.1746, 0.37176, 5.0099, 4.0041, 0.78876, 0.02767, 9.0316, 0.41524, 0.00539, 2.2602, 0.70514, 0.04915, 0.77721, 0.9694, 1.1999, 0.28846, 0.29539, 2.3941, 1.4409, 0.7906, 0.009249, 5.1856, 0.45551, 0.0054659, 4.8469, 0.6613, 0.04112, 0.6168, 0.94347, 0.89538, 0.18772, 0.18354, 2.3938, 0.28224, 0.70774, 0.0050714, 3.691, 0.10573, -0.00061801, 3.2915, 0.66112, 0.031061, 0.93762, 0.99533, 1.5044, 0.3892, 0.40724, 2.3945, 2.5995, 0.87346, 0.013427, 6.6802, 0.80529, 0.01155, 6.4022, 0.66147, 0.051178, 0.0095103, 0.00024855, 0.03427, 0.0037509, 0.0046241, 5.2231e-08, 0.49619, 0.0025377, 6.4506e-06, 0.82563, 0.04522, 1.3681e-05, 0.89412, 1.1377e-08, 3.7395e-05, 0.0072629, 0.87626, 0.56362, 0.10518, 0.078265, -0.59138, -0.88839, 0.51962, -0.0052087, 1.0137, -0.32784, -0.0050932, 1.8205, -0.69415, 0.02017, 1.5472, 1.0625, 1.8361, 0.47175, 0.51252, 5.3797, 3.7702, 1.0616, 0.023707, 9.3575, 1.2389, 0.016025, 7.8733, 2.0167, 0.062069, 0.21911, 0.0032066, 0.14963, 0.012416, 0.017425, 3.2945, 2.0053, 0.02714, 7.7258e-05, 6.4329, 0.22681, 4.121e-05, 3.3853, 0.67907, 0.00016221
49, 4, 0.29084, 0.13792, 0.19995, 1.1111, 0.3202, 1.2911, 1.0642, 1.2225, 0.54347, 0.49418, 1.383, 0.11287, 0.75468, 0.00147, 4.0265, 0.79872, 0.01305, 2.9969, 0.74897, 0.06345, 1.1287, 0.9757, 1.6099, 0.46619, 0.57964, 1.8077, 1.1211, 0.84093, 0.0026355, 5.7878, 1.0114, 0.0025345, 5.2659, 0.82639, 0.051545, 0.96408, 0.95008, 1.3498, 0.38369, 0.48441, 1.8074, 0.11972, 0.76149, -0.001604, 4.3437, 0.67018, -0.0021023, 3.9964, 0.82621, 0.042835, 1.2933, 1.0013, 1.87, 0.54869, 0.67487, 1.8081, 2.1224, 0.92038, 0.006875, 7.2318, 1.3526, 0.0071713, 6.5354, 0.82657, 0.060255, 0.010018, 0.00024276, 0.025005, 0.0025156, 0.003352, 5.2231e-08, 0.37062, 0.0023329, 6.6432e-06, 0.77073, 0.043028, 7.9466e-06, 0.59564, 1.1377e-08, 2.8041e-05, 0.35787, 0.88265, 0.99367, 0.29226, 0.37058, -1.1778, -1.1341, 0.57098, -0.01184, 1.6337, 0.23183, -0.0072625, 2.376, -0.52906, 0.031209, 1.8995, 1.0688, 2.2261, 0.64012, 0.78869, 4.7933, 3.3762, 1.1109, 0.017111, 9.9418, 1.7909, 0.012332, 8.1558, 2.1818, 0.071881, 0.21962, 0.0032008, 0.14036, 0.011181, 0.016153, 3.2945, 1.8798, 0.026935, 7.7451e-05, 6.378, 0.22462, 3.5476e-05, 3.0868, 0.67907, 0.00015286
50, 4.56, 0.08105, 0.08646, 0.3, 1.0417, 0.27718, 1.4479, 0.98909, 1.2872, 0.52359, 0.53536, 1.2386, 1.0729, 0.69251, 0.01595, 2.9169, 0.78989, 0.02172, 8.5994, 0.67804, 0.05496, 1.1409, 1.0513, 1.2349, 0.55643, 0.48137, 1.5618, 1.3037, 0.71872, 0.0041082, 3.3496, 1.0774, 0.01232, 3.698, 1.5782, 0.061488, 0.96519, 1.0205, 0.78154, 0.3238, 0.2476, 1.5615, -0.68193, 0.60892, -0.00082532, 1.185, 0.47509, -0.0036225, 1.2912, 1.578, 0.046922, 1.3167, 1.082, 1.6883, 0.78906, 0.71515, 1.5622, 3.2893, 0.82851, 0.0090418, 5.5142, 1.6797, 0.028262, 6.1047, 1.5784, 0.076054, 0.011417, 0.00034902, 0.075975, 0.020002, 0.0202, 5.2231e-08, 1.4572, 0.0044556, 8.9963e-06, 1.7318, 0.13408, 9.3938e-05, 2.141, 1.1377e-08, 7.8424e-05, 0.36765, 0.95668, 0.51544, 0.27793, 0.18257, -1.4237, -1.5293, 0.43833, -0.010586, -1.1064, 0.15323, -0.0058086, 0.15785, 0.22276, 0.038039, 1.9142, 1.1459, 1.9544, 0.83493, 0.78018, 4.5474, 4.1366, 0.9991, 0.018802, 7.8056, 2.0015, 0.030448, 7.2381, 2.9337, 0.084938, 0.22102, 0.0033071, 0.19133, 0.028668, 0.033001, 3.2945, 2.9664, 0.029058, 7.9804e-05, 7.3391, 0.31566, 0.00012147, 4.6322, 0.67907, 0.00020324
51, 1.9912, 0.27023, 0.05807, 0.30689, 1.0526, 0.71435, 1.6918, 1.0025, 1.5077, 0.23838, 0.30685, 8.142, 0.05836, 0.99276, 0.03226, 0.59444, 0.01478, 0.01515, 3.4914, 0.40701, 0.08043, 1.0851, 0.98976, 1.3885, 0.54975, 0.43502, 2.3002, 1.2565, 0.72343, 0.0086985, 2.4661, 0.65354, 0.0028101, 4.5566, 1.1253, 0.050903, 0.92336, 0.95805, 0.95263, 0.33666, 0.24664, 2.2998, -0.69617, 0.62649, 0.0034711, 0.43426, 0.18841, -0.010425, 2.5543, 1.1251, 0.035391, 1.2469, 1.0215, 1.8243, 0.76285, 0.6234, 2.3005, 3.2092, 0.82037, 0.013926, 4.4979, 1.1187, 0.016045, 6.5589, 1.1255, 0.066415, 0.009672, 0.00037173, 0.07021, 0.016784, 0.013116, 5.2231e-08, 1.4093, 0.0034734, 1.01e-05, 1.5258, 0.079966, 6.4745e-05, 1.4819, 1.1377e-08, 8.8941e-05, 0.31489, 0.89485, 0.67991, 0.28735, 0.17022, -0.68536, -1.5535, 0.44782, -0.0060967, -1.927, -0.18767, -0.01299, 1.278, -0.23013, 0.026854, 1.8554, 1.0847, 2.097, 0.81215, 0.69983, 5.2857, 4.0665, 0.99904, 0.023494, 6.8591, 1.4948, 0.01861, 7.8352, 2.4808, 0.074952, 0.21927, 0.0033298, 0.18557, 0.025449, 0.025918, 3.2945, 2.9185, 0.028076, 8.0908e-05, 7.1331, 0.26155, 9.2274e-05, 3.9731, 0.67907, 0.00021376
52, 4.7, 0.39202, 0.08776, 0.4617, 1.9192, 0.50804, 1.5421, 1.0088, 1.2675, 0.45474, 0.55807, 1.3595, 0.79097, 0.64892, 0.00092, 6.793, 0.19369, 0.0047, 3.7576, 0.65062, 0.07239, 1.3267, 1.0326, 1.5091, 0.44043, 0.52239, 1.6674, 1.3087, 0.67293, 0.0037913, 5.8203, 0.78885, 0.010854, 3.1041, 1.4801, 0.063799, 1.1389, 0.99457, 1.0504, 0.20579, 0.29069, 1.667, -0.67705, 0.5528, -0.0014491, 3.6328, 0.12869, -0.0055352, 0.69598, 1.48, 0.047884, 1.5144, 1.0706, 1.9678, 0.67508, 0.75408, 1.6678, 3.2945, 0.79307, 0.0090317, 8.0078, 1.449, 0.027244, 5.5123, 1.4803, 0.079713, 0.013032, 0.00053381, 0.077759, 0.02035, 0.019841, 5.2231e-08, 1.4575, 0.0053344, 1.015e-05, 1.7686, 0.16108, 9.9283e-05, 2.1435, 1.1377e-08, 9.3609e-05, 0.55054, 0.93538, 0.78626, 0.16025, 0.22521, -1.3181, -1.5244, 0.38834, -0.011009, 1.3531, -0.17402, -0.0076686, -0.43694, 0.1247, 0.039489, 2.1028, 1.1298, 2.2319, 0.72062, 0.81957, 4.6529, 4.1418, 0.95753, 0.018591, 10.287, 1.7517, 0.029377, 6.6452, 2.8356, 0.088108, 0.22263, 0.0034919, 0.19311, 0.029016, 0.032643, 3.2945, 2.9667, 0.029937, 8.0958e-05, 7.3759, 0.34267, 0.00012681, 4.6347, 0.67907, 0.00021843
53, 4.6981, 0.15862, 0.04387, 0.1029, 0.84667, 0.3102, 1.7929, 1.0952, 0.50736, 0.46387, 0.34894, 1.5752, 0.91984, 0.8057, 0.00012, 3.8981, 1.418, 0.01313, 9.6718, 0.57311, 0.05216, 0.97524, 1.0286, 0.96106, 0.39028, 0.41005, 1.5577, 1.8236, 0.80551, 0.007099, 3.6911, 0.45218, 0.01343, 7.7203, 1.176, 0.054349, 0.82205, 1.0034, 0.6804, 0.30263, 0.31209, 1.5574, 0.79837, 0.72498, 0.0029671, 2.389, 0.14204, 0.007934, 6.4029, 1.1758, 0.045033, 1.1284, 1.0537, 1.2417, 0.47793, 0.50801, 1.5581, 2.8488, 0.88604, 0.011231, 4.9932, 0.76231, 0.018926, 9.0377, 1.1761, 0.063666, 0.0086739, 0.00023442, 0.029115, 0.0028393, 0.0035468, 5.2231e-08, 0.38847, 0.0023969, 6.3104e-06, 0.62666, 0.03555, 1.1164e-05, 0.64149, 1.1377e-08, 3.2083e-05, 0.20676, 0.93562, 0.33586, 0.21385, 0.19974, -1.4278, -0.44228, 0.53524, -0.0073456, -0.41571, -0.31429, 0.0031982, 4.809, -0.17949, 0.033746, 1.7437, 1.1215, 1.5863, 0.56671, 0.62036, 4.5433, 4.0894, 1.0758, 0.021544, 7.798, 1.2186, 0.023661, 10.632, 2.5314, 0.074953, 0.21828, 0.0031925, 0.14447, 0.011505, 0.016348, 3.2945, 1.8976, 0.026999, 7.7118e-05, 6.2339, 0.21714, 3.8693e-05, 3.1327, 0.67907, 0.0001569
54, 2.5, 0.13114, 0.04582, 0.25389, 0.97222, 0.73611, 1.4919, 0.9978, 0.85206, 0.83349, 0.83054, 3.2684, 1.606, 0.69339, 0.0056, 1.38, 0.38279, 0.00446, 4.7605, 0.6188, 0.05266, 0.90458, 1.0212, 1.0383, 0.59844, 0.52043, 2.6863, 1.1941, 0.68971, 0.0098861, 1.7708, 0.77844, 0.010273, 3.7072, 1.4111, 0.047377, 0.7457, 0.98965, 0.59762, 0.38589, 0.32767, 2.6859, -0.76909, 0.58942, 0.0048644, -0.14429, 0.35453, -0.0033932, 1.6752, 1.4109, 0.03191, 1.0634, 1.0528, 1.479, 0.81098, 0.71319, 2.6867, 3.1573, 0.79, 0.014908, 3.6859, 1.2024, 0.02394, 5.7392, 1.4113, 0.062845, 0.0093292, 0.00036819, 0.07178, 0.016698, 0.013734, 5.2231e-08, 1.4246, 0.0037173, 9.3205e-06, 1.3555, 0.066419, 6.9034e-05, 1.5261, 1.1377e-08, 8.8427e-05, 0.13495, 0.92634, 0.32676, 0.33648, 0.25249, -0.29921, -1.6232, 0.41291, -0.0048377, -2.5695, -0.040698, -0.00589, 0.41034, 0.055657, 0.023358, 1.6742, 1.1161, 1.7499, 0.86039, 0.78837, 5.6718, 4.0114, 0.96651, 0.02461, 6.1111, 1.5976, 0.026437, 7.004, 2.7666, 0.071397, 0.21893, 0.0033263, 0.18714, 0.025363, 0.026535, 3.2945, 2.9337, 0.02832, 8.0128e-05, 6.9628, 0.24801, 9.6563e-05, 4.0173, 0.67907, 0.00021324
55, 6.5574, 0.1049, 0.07474, 0.41345, 0.88496, 0.25882, 0.99733, 1.0786, 0.67899, 0.7679, 0.59358, 1.6858, 0.26835, 0.50696, 0.00351, 1.9904, 0.30603, 0.03217, 2.6683, 1.047, 0.06267, 1.1936, 1.0315, 1.1278, 0.65734, 0.4594, 1.7447, 1.2605, 0.65239, 0.0058831, 4.4283, 0.62764, 0.012785, 3.0644, 2.0378, 0.065579, 1.021, 1.0027, 0.74111, 0.47874, 0.30937, 1.7443, -0.45551, 0.55326, 0.0011128, 2.832, 0.23379, 0.0031855, 0.9551, 2.0376, 0.05189, 1.3662, 1.0603, 1.5145, 0.83594, 0.60942, 1.7451, 2.9764, 0.75151, 0.010653, 6.0245, 1.0215, 0.022385, 5.1737, 2.0379, 0.079269, 0.01101, 0.00030681, 0.055267, 0.01179, 0.0083189, 5.2231e-08, 1.0883, 0.0036316, 8.4109e-06, 0.94179, 0.057335, 3.4063e-05, 1.6445, 1.1377e-08, 6.9265e-05, 0.421, 0.93752, 0.44836, 0.42209, 0.22035, -1.2408, -1.3905, 0.376, -0.0087569, 0.21891, -0.17636, -0.00012345, -0.28063, 0.68232, 0.042664, 1.9662, 1.1255, 1.8072, 0.89259, 0.69844, 4.7302, 3.9114, 0.92877, 0.020523, 8.6376, 1.4316, 0.025694, 6.4094, 3.3932, 0.088494, 0.22061, 0.0032649, 0.17062, 0.020455, 0.02112, 3.2945, 2.5975, 0.028234, 7.9219e-05, 6.549, 0.23892, 6.1592e-05, 4.1357, 0.67907, 0.00019408
56, 4.6981, 0.16327, 0.04387, 0.1029, 0.84667, 0.31592, 1.1971, 1.0809, 0.54477, 0.35771, 0.31914, 1.2026, 1.3776, 0.86669, 0.00014, 4.4372, 0.95026, 0.00997, 9.1106, 0.69067, 0.0478, 1.0006, 1.028, 0.92943, 0.42719, 0.42053, 1.575, 1.722, 0.79208, 0.007168, 3.6333, 0.53697, 0.01605, 7.7993, 1.1699, 0.055394, 0.84757, 1.0025, 0.63362, 0.33195, 0.31508, 1.5746, 0.66134, 0.70949, 0.003058, 2.3398, 0.22364, 0.0095394, 6.3942, 1.1698, 0.045627, 1.1537, 1.0535, 1.2252, 0.52242, 0.52598, 1.5754, 2.7827, 0.87468, 0.011278, 4.9267, 0.85029, 0.022561, 9.2044, 1.1701, 0.065161, 0.0086571, 0.00024013, 0.032342, 0.0033522, 0.0041101, 5.2231e-08, 0.41584, 0.0025216, 6.2436e-06, 0.61839, 0.036286, 1.5668e-05, 0.72971, 1.1377e-08, 3.5262e-05, 0.23217, 0.93496, 0.29729, 0.24687, 0.20663, -1.4105, -0.56009, 0.52119, -0.0072703, -0.47086, -0.2308, 0.0052394, 4.8473, -0.18552, 0.034583, 1.7691, 1.121, 1.5616, 0.60751, 0.63443, 4.5605, 4.0042, 1.063, 0.021606, 7.7374, 1.3047, 0.026861, 10.751, 2.5254, 0.076205, 0.21826, 0.0031982, 0.1477, 0.012018, 0.016911, 3.2945, 1.925, 0.027124, 7.7051e-05, 6.2257, 0.21787, 4.3197e-05, 3.2209, 0.67907, 0.00016008
57, 3.75, 0.72522, 0.11557, 0.2412, 0.99099, 0.57057, 1.0871, 0.99065, 1.6722, 0.31319, 0.66779, 0.7575, 0.90584, 0.89583, 0.00094, 9.2066, 0.81282, 0.00187, 4.7959, 0.41124, 0.05737, 1.4088, 0.96624, 1.7631, 0.19917, 0.5381, 2.0052, 1.2938, 0.75313, 0.0072363, 8.1504, 1.0982, 0.0015387, 5.7285, 0.176, 0.056876, 1.2307, 0.92769, 1.3435, 0.00082073, 0.33953, 2.0049, -0.6889, 0.63283, 0.0017919, 5.9538, 0.60266, -0.0068776, 3.9208, 0.17582, 0.040735, 1.587, 1.0048, 2.1828, 0.39751, 0.73667, 2.0056, 3.2766, 0.87343, 0.012681, 10.347, 1.5937, 0.0099551, 7.5363, 0.17617, 0.073016, 0.011732, 0.0005492, 0.065099, 0.014541, 0.014573, 5.2231e-08, 1.453, 0.0053492, 1.0956e-05, 1.7833, 0.090754, 2.6182e-05, 1.2079, 1.1377e-08, 9.629e-05, 0.63501, 0.86883, 1.0644, -0.051405, 0.26596, -0.98028, -1.5371, 0.46846, -0.007637, 3.6787, 0.23979, -0.010516, 2.565, -1.1795, 0.032417, 2.1827, 1.0637, 2.4619, 0.44974, 0.81025, 4.9908, 4.1248, 1.0378, 0.02211, 12.622, 1.9566, 0.013593, 8.8921, 1.5314, 0.081334, 0.22133, 0.0035073, 0.18045, 0.023207, 0.027375, 3.2945, 2.9622, 0.029952, 8.1764e-05, 7.3906, 0.27234, 5.3711e-05, 3.6991, 0.67907, 0.00022111
58, 1.6364, 0.50326, 0.0764, 0.12354, 0.97222, 1.0488, 0.32473, 1.0083, 0.90826, 0.32429, 0.30102, 0.79955, 0.19252, 0.63031, 2e-05, 2.7503, 0.38699, 0.00028, 2.4779, 2.2659, 0.03314, 0.84018, 1.0094, 1.2538, 0.26041, 0.2929, 3.6484, 1.5011, 0.7966, 0.01011, 6.2116, 0.63911, 0.0063505, 4.3762, 0.42187, 0.042155, 0.66663, 0.96887, 0.81085, 0.048875, 0.075686, 3.648, -0.48526, 0.66656, 0.0046888, 4.1528, 0.1269, -0.0077305, 2.1635, 0.4217, 0.026192, 1.0137, 1.0499, 1.6968, 0.47194, 0.51012, 3.6487, 3.4875, 0.92663, 0.015532, 8.2703, 1.1513, 0.020431, 6.589, 0.42205, 0.058118, 0.011133, 0.00060627, 0.072525, 0.016539, 0.017439, 5.2231e-08, 1.4583, 0.0062497, 1.0864e-05, 1.5666, 0.096968, 7.3284e-05, 1.8098, 1.1377e-08, 9.4178e-05, 0.067388, 0.91117, 0.54086, -0.0007268, 0.0068648, 0.66284, -1.3324, 0.50768, -0.0047546, 1.806, -0.22902, -0.010165, 0.96503, -0.93358, 0.017814, 1.613, 1.1076, 1.9668, 0.52154, 0.57894, 6.6339, 4.3346, 1.0855, 0.024975, 10.617, 1.5072, 0.022866, 7.7875, 1.7773, 0.066496, 0.22074, 0.0035643, 0.18788, 0.025204, 0.03024, 3.2945, 2.9675, 0.030852, 8.1672e-05, 7.1739, 0.27855, 0.00010081, 4.3009, 0.67907, 0.00021899
59, 2.1818, 0.29133, 0.0918, 0.25974, 1.3333, 0.64866, 0.86012, 1.01, 1.4164, 0.57783, 0.32175, 1.3124, 0.80963, 0.79559, 0.00053, 4.1451, 1.2245, 0.00235, 3.7724, 0.61854, 0.05583, 1.0078, 0.97921, 1.4755, 0.45776, 0.36999, 2.2623, 1.3076, 0.75266, 0.0068056, 3.3962, 1.0903, 0.0035275, 3.6612, 0.94981, 0.04936, 0.8448, 0.95215, 1.063, 0.24594, 0.20176, 2.2619, -0.66757, 0.66914, 0.0016044, 1.3993, 0.60855, -0.0065596, 1.4114, 0.94964, 0.034199, 1.1709, 1.0063, 1.888, 0.66959, 0.53823, 2.2627, 3.2828, 0.83618, 0.012007, 5.3931, 1.5721, 0.013615, 5.911, 0.94999, 0.064521, 0.0098238, 0.00027062, 0.062901, 0.016584, 0.010461, 5.2231e-08, 1.442, 0.0025785, 9.9987e-06, 1.4739, 0.085796, 3.7608e-05, 1.8709, 1.1377e-08, 8.4957e-05, 0.23734, 0.88574, 0.78103, 0.19639, 0.11912, -0.72324, -1.518, 0.48148, -0.0079804, -0.98085, 0.23981, -0.0097477, 0.22581, -0.40564, 0.025536, 1.7783, 1.0727, 2.17, 0.71914, 0.62086, 5.2478, 4.1333, 1.0238, 0.021592, 7.7732, 1.9409, 0.016803, 7.0966, 2.3053, 0.073183, 0.21943, 0.0032287, 0.17826, 0.02525, 0.023262, 3.2945, 2.9512, 0.027181, 8.0807e-05, 7.0812, 0.26738, 6.5137e-05, 4.3621, 0.67907, 0.00020977
60, 2.5, 0.13114, 0.11054, 0.42293, 0.97222, 0.48267, 0.82129, 1.0904, 1.2918, 0.43218, 0.53775, 2.8483, 6.3041, 0.50103, 0.00316, 0.34077, 0.38452, 0.00059, 1.6817, 3.5403, 0.03706, 1.1596, 0.99132, 1.1963, 0.59077, 0.51646, 1.9647, 1.5682, 0.58938, 0.0044121, 2.7607, 0.68194, 0.0068684, 2.5496, 1.4473, 0.050762, 0.99983, 0.95941, 0.75089, 0.3648, 0.32624, 1.9643, -0.41717, 0.4885, -0.00033249, 0.8728, 0.19366, -0.007097, 0.52282, 1.4471, 0.035348, 1.3193, 1.0232, 1.6417, 0.81673, 0.70669, 1.965, 3.5536, 0.69026, 0.0091568, 4.6487, 1.1702, 0.020834, 4.5765, 1.4474, 0.066176, 0.0094324, 0.00037633, 0.073327, 0.018873, 0.013374, 5.2231e-08, 1.4569, 0.0037616, 8.3205e-06, 1.3174, 0.088121, 7.2086e-05, 1.5184, 1.1377e-08, 8.7817e-05, 0.38977, 0.89634, 0.48181, 0.31781, 0.25034, -1.0209, -1.2646, 0.31236, -0.01022, -1.5677, -0.17229, -0.0095484, -0.74399, 0.091813, 0.026777, 1.9294, 1.0863, 1.9108, 0.86373, 0.78258, 4.9502, 4.401, 0.8664, 0.019044, 7.0891, 1.5362, 0.023285, 5.8433, 2.8027, 0.074747, 0.21903, 0.0033344, 0.18868, 0.027539, 0.026176, 3.2945, 2.9661, 0.028364, 7.9128e-05, 6.9247, 0.26971, 9.9615e-05, 4.0096, 0.67907, 0.00021263
61, 6.5574, 0.11106, 0.03446, 0.37104, 1.9174, 0.41066, 1.1811, 0.92601, 1.4125, 0.551, 0.02888, 2.4606, 0.417, 0.5345, 0.00979, 3.9031, 0.39239, 0.03163, 3.508, 2.515, 0.05273, 1.1488, 1.0449, 1.0635, 0.60957, 0.35223, 1.7514, 1.3333, 0.59993, 0.0039807, 3.9481, 0.67727, 0.02509, 2.6448, 2.206, 0.064168, 0.95938, 1.0149, 0.64289, 0.40299, 0.17303, 1.751, -0.64962, 0.50216, -0.00091622, 1.7021, 0.19346, 0.013485, 0.82771, 2.2058, 0.049081, 1.3382, 1.075, 1.4841, 0.81615, 0.53143, 1.7518, 3.3163, 0.69771, 0.0088776, 6.194, 1.1611, 0.036694, 4.4618, 2.2061, 0.079255, 0.013262, 0.00033331, 0.065394, 0.015773, 0.011869, 5.2231e-08, 1.4533, 0.0035331, 8.8631e-06, 1.8645, 0.086519, 4.9772e-05, 1.2203, 1.1377e-08, 8.4132e-05, 0.37229, 0.95056, 0.36421, 0.35244, 0.093877, -1.2341, -1.4978, 0.32403, -0.010701, -0.54805, -0.17441, 0.010628, -0.5241, 0.8505, 0.040392, 1.9253, 1.1393, 1.7628, 0.86671, 0.61058, 4.7369, 4.1644, 0.87584, 0.018662, 8.4442, 1.529, 0.039551, 5.8136, 3.5614, 0.087945, 0.22286, 0.0032914, 0.18075, 0.024439, 0.02467, 3.2945, 2.9625, 0.028135, 7.9671e-05, 7.4717, 0.26811, 7.7301e-05, 3.7115, 0.67907, 0.00020895
62, 3, 0.34793, 0.07308, 0.09056, 0.66146, 0.50163, 1.3477, 1.0657, 0.86327, 0.28051, 0.61531, 1.3444, 0.47851, 0.65825, 0.01039, 3.7559, 0.26498, 0.00555, 3.5536, 0.33668, 0.06186, 0.9392, 0.99207, 1.2928, 0.32653, 0.42982, 2.0097, 1.2735, 0.75777, 0.014328, 5.843, 0.63309, 0.0048405, 5.0627, 0.55285, 0.05163, 0.75065, 0.9647, 0.84692, 0.092062, 0.23336, 2.0094, -0.70831, 0.6609, 0.010121, 3.982, -0.041647, -0.010893, 2.6582, 0.55267, 0.036954, 1.1277, 1.0194, 1.7386, 0.561, 0.62628, 2.0101, 3.2553, 0.85464, 0.018535, 7.7039, 1.3078, 0.020574, 7.4673, 0.55303, 0.066307, 0.01314, 0.0002769, 0.073477, 0.02032, 0.014265, 5.2231e-08, 1.4517, 0.0034684, 6.5427e-06, 1.28, 0.16827, 9.15e-05, 2.1371, 1.1377e-08, 7.9615e-05, 0.1629, 0.89852, 0.57802, 0.046493, 0.15921, -0.97578, -1.5568, 0.48218, -0.00013847, 1.5263, -0.33982, -0.013105, 1.5241, -0.8026, 0.028112, 1.7155, 1.0856, 2.0076, 0.60657, 0.70043, 4.9953, 4.1038, 1.0333, 0.028794, 10.16, 1.606, 0.022786, 8.6014, 1.9083, 0.075149, 0.22274, 0.003235, 0.18883, 0.028985, 0.027067, 3.2945, 2.9608, 0.028071, 7.7351e-05, 6.8873, 0.34986, 0.00011903, 4.6283, 0.67907, 0.00020443
63, 4.6981, 0.15862, 0.04387, 0.1029, 0.84667, 0.3102, 0.79241, 1.0622, 0.55011, 0.45916, 0.3469, 1.3454, 1.1421, 0.89835, 0.02138, 6.0631, 0.12965, 0.02151, 9.4721, 1.0125, 0.05454, 1.0166, 1.0312, 0.95027, 0.39182, 0.41062, 1.5577, 1.7664, 0.79648, 0.0052043, 3.4492, 0.7044, 0.010031, 7.7717, 1.176, 0.053738, 0.86345, 1.006, 0.66961, 0.30418, 0.31266, 1.5574, 0.74117, 0.71595, 0.0010724, 2.1471, 0.39427, 0.0045356, 6.4543, 1.1758, 0.044421, 1.1698, 1.0564, 1.2309, 0.47947, 0.50858, 1.5581, 2.7916, 0.87701, 0.0093363, 4.7513, 1.0145, 0.015527, 9.0891, 1.1761, 0.063055, 0.0086739, 0.00023442, 0.029115, 0.0028393, 0.0035468, 5.2231e-08, 0.38847, 0.0023969, 6.3104e-06, 0.62666, 0.03555, 1.1164e-05, 0.64149, 1.1377e-08, 3.2083e-05, 0.24816, 0.93823, 0.32507, 0.21539, 0.2003, -1.4278, -0.49949, 0.52621, -0.0092403, -0.65767, -0.062069, -0.00020015, 4.8604, -0.17949, 0.033134, 1.7851, 1.1241, 1.5755, 0.56825, 0.62093, 4.5433, 4.0322, 1.0668, 0.019649, 7.556, 1.4709, 0.020263, 10.683, 2.5314, 0.074341, 0.21828, 0.0031925, 0.14447, 0.011505, 0.016348, 3.2945, 1.8976, 0.026999, 7.7118e-05, 6.2339, 0.21714, 3.8693e-05, 3.1327, 0.67907, 0.0001569
64, 4, 0.18588, 0.02711, 0.06024, 1.6537, 0.47104, 0.69657, 1.0595, 1.3399, 0.37582, 0.39301, 0.90748, 0.76832, 0.74257, 0.00045, 5.469, 0.90154, 0.01359, 8.6633, 0.44619, 0.04761, 0.86078, 1.0171, 1.2254, 0.41289, 0.52505, 1.675, 1.2095, 0.71089, 0.0054093, 5.9416, 0.38928, 0.0048526, 5.1829, 1.134, 0.051279, 0.68027, 0.98795, 0.81488, 0.18872, 0.35516, 1.6746, -0.72308, 0.61304, 0.0006186, 4.0347, -0.17717, -0.0078449, 2.8176, 1.1338, 0.037172, 1.0413, 1.0463, 1.6359, 0.63707, 0.69494, 1.6754, 3.142, 0.80875, 0.0102, 7.8486, 0.95573, 0.01755, 7.5483, 1.1342, 0.065385, 0.012044, 0.00031446, 0.062292, 0.018575, 0.010668, 5.2231e-08, 1.3804, 0.003539, 8.4829e-06, 1.3441, 0.1186, 5.9591e-05, 2.0679, 1.1377e-08, 7.3552e-05, 0.086399, 0.92303, 0.53213, 0.14141, 0.27307, -1.3105, -1.5866, 0.43496, -0.0092374, 1.6049, -0.51192, -0.0105, 1.6708, -0.22145, 0.028112, 1.6352, 1.1112, 1.9187, 0.68437, 0.77704, 4.6605, 4.0055, 0.98682, 0.020056, 10.278, 1.2905, 0.020205, 8.695, 2.4895, 0.074445, 0.22165, 0.0032725, 0.17765, 0.02724, 0.023469, 3.2945, 2.8896, 0.028141, 7.9291e-05, 6.9513, 0.30018, 8.712e-05, 4.5591, 0.67907, 0.00019837
65, 6.58, 0.15255, 0.05183, 0.41875, 1.0417, 0.27964, 1.2589, 0.91403, 1.7128, 0.13078, 0.40948, 0.81358, 1.995, 0.25709, 0.00968, 1.9398, 0.42969, 0.00027, 1.8152, 2.1744, 0.06344, 1.2996, 1.0068, 1.2953, 0.56147, 0.45555, 1.5315, 0.9949, 0.6707, 0.0051357, 5.0415, 1.0745, 0.0069255, 3.3246, 2.0276, 0.068438, 1.1205, 0.97863, 0.89345, 0.34245, 0.32331, 1.5311, -0.86395, 0.58105, 0.00088319, 3.3815, 0.56731, -0.00625, 0.93415, 2.0274, 0.058079, 1.4788, 1.0349, 1.6972, 0.78049, 0.58779, 1.5319, 2.8538, 0.76035, 0.0093883, 6.7016, 1.5816, 0.020101, 5.715, 2.0278, 0.078796, 0.01186, 0.00029258, 0.059699, 0.017731, 0.0064636, 5.2231e-08, 1.2771, 0.0029708, 6.6841e-06, 1.0186, 0.09507, 6.4162e-05, 2.112, 1.1377e-08, 3.9656e-05, 0.52557, 0.91298, 0.60715, 0.29423, 0.22725, -1.454, -1.7507, 0.39757, -0.0093438, 0.80755, 0.20931, -0.0088249, -0.20446, 0.67214, 0.047343, 2.0737, 1.1005, 1.9835, 0.82871, 0.68385, 4.517, 3.7405, 0.94383, 0.019615, 9.2755, 1.9396, 0.022676, 6.8536, 3.383, 0.089532, 0.22146, 0.0032507, 0.17505, 0.026396, 0.019265, 3.2945, 2.7863, 0.027573, 7.7492e-05, 6.6258, 0.27666, 9.1691e-05, 4.6032, 0.67907, 0.00016447
66, 3, 0.26774, 0.04855, 0.04287, 1.1228, 0.50411, 0.29292, 1.0014, 1.9009, 0.40038, 0.50932, 2.9583, 1.722, 0.99462, 0.00025, 6.1756, 0.82509, 0.00014, 1.2703, 4.3825, 0.08061, 1.006, 0.99301, 1.2794, 0.37398, 0.43964, 1.8356, 1.172, 0.8382, 0.0076716, 6.0111, 0.47231, 0.011454, 5.5194, 0.71699, 0.054945, 0.83713, 0.96494, 0.85228, 0.14917, 0.26638, 1.8352, -0.76186, 0.74703, 0.0029056, 4.1236, -0.075617, -0.0030615, 3.1219, 0.71681, 0.042391, 1.1749, 1.0211, 1.7066, 0.59879, 0.61291, 1.8359, 3.1059, 0.92937, 0.012438, 7.8986, 1.0202, 0.025969, 7.917, 0.71716, 0.067499, 0.010543, 0.00029134, 0.067438, 0.01868, 0.011096, 5.2231e-08, 1.3823, 0.0030723, 8.3955e-06, 1.3168, 0.11097, 7.7875e-05, 2.1246, 1.1377e-08, 5.8251e-05, 0.23426, 0.89925, 0.57619, 0.10198, 0.18537, -1.15, -1.6249, 0.56457, -0.006967, 1.6829, -0.41736, -0.0054334, 1.9856, -0.63846, 0.03269, 1.7778, 1.0868, 1.9827, 0.64599, 0.69392, 4.8211, 3.969, 1.1118, 0.02231, 10.339, 1.362, 0.028341, 9.0533, 2.0724, 0.077201, 0.22015, 0.0032494, 0.18279, 0.027346, 0.023898, 3.2945, 2.8915, 0.027675, 7.9203e-05, 6.9241, 0.29255, 0.0001054, 4.6158, 0.67907, 0.00018307
67, 2.1818, 0.28637, 0.16597, 0.59996, 0.86111, 0.46736, 1.2229, 0.91013, 1.6858, 0.51573, 0.20011, 1.2496, 1.2992, 0.71408, 0.00572, 2.2703, 0.86402, 0.00138, 1.2368, 2.5553, 0.03615, 1.3298, 0.98798, 1.4433, 0.5393, 0.3096, 1.8998, 1.5203, 0.66819, 0.0031918, 4.1869, 0.63832, 0.006267, 2.0701, 1.2827, 0.052088, 1.1502, 0.94933, 0.98627, 0.30423, 0.078136, 1.8994, -0.46757, 0.55064, -0.0022774, 2.0015, 0.066163, -0.0097457, -0.33694, 1.2825, 0.035991, 1.5094, 1.0266, 1.9003, 0.77436, 0.54106, 1.9002, 3.5082, 0.78575, 0.008661, 6.3723, 1.2105, 0.02228, 4.4771, 1.2828, 0.068184, 0.011918, 0.00055195, 0.077205, 0.020422, 0.019802, 5.2231e-08, 1.4606, 0.0051074, 1.1056e-05, 1.7653, 0.121, 9.4771e-05, 2.1414, 1.1377e-08, 9.5769e-05, 0.55563, 0.89053, 0.72151, 0.25876, 0.012597, -1.0857, -1.3142, 0.38468, -0.011691, -0.27929, -0.26648, -0.011923, -1.4702, -0.072787, 0.027658, 2.104, 1.0854, 2.1651, 0.81983, 0.6066, 4.8853, 4.3549, 0.95171, 0.018074, 8.6531, 1.5431, 0.024457, 5.6104, 2.6381, 0.076517, 0.22152, 0.00351, 0.19256, 0.029088, 0.032603, 3.2945, 2.9698, 0.02971, 8.1864e-05, 7.3725, 0.30258, 0.0001223, 4.6326, 0.67907, 0.00022059
68, 1.9912, 0.72035, 0.17202, 0.33339, 0.52493, 0.68114, 1.9058, 0.94259, 1.7271, 0.44618, 0.64172, 0.62552, 0.28503, 0.92724, 9e-05, 7.9959, 1.242, 0.00031, 8.6038, 0.48195, 0.03036, 1.2398, 0.95458, 1.6415, 0.24705, 0.40375, 2.5775, 1.4921, 0.7569, 0.0065498, 7.2652, 0.69006, -0.0033649, 3.744, -0.0082452, 0.0476, 1.0413, 0.91431, 1.1825, 0.011318, 0.14999, 2.5771, -0.4962, 0.62143, 0.0011241, 4.992, -0.0091578, -0.019855, 1.3358, -0.0084207, 0.03143, 1.4384, 0.99486, 2.1005, 0.48277, 0.65751, 2.5779, 3.4804, 0.89236, 0.011975, 9.5385, 1.3893, 0.013125, 6.1523, -0.0080698, 0.06377, 0.014576, 0.00059942, 0.077863, 0.020538, 0.023801, 5.2231e-08, 1.4612, 0.0067824, 1.0881e-05, 1.91, 0.18071, 0.00010051, 2.1436, 1.1377e-08, 9.6639e-05, 0.46104, 0.85648, 0.91846, -0.034047, 0.089058, -0.40802, -1.3428, 0.4655, -0.0083167, 2.7554, -0.29999, -0.021977, 0.20286, -1.3637, 0.023122, 2.0186, 1.0527, 2.3645, 0.52814, 0.71843, 5.563, 4.327, 1.0483, 0.021416, 11.775, 1.6801, 0.015247, 7.2852, 1.3472, 0.072078, 0.22418, 0.0035575, 0.19322, 0.029204, 0.036602, 3.2945, 2.9704, 0.031385, 8.1688e-05, 7.5173, 0.36229, 0.00012804, 4.6348, 0.67907, 0.00022146
69, 2, 0.062, 0.19719, 0.3497, 0.91146, 0.29321, 1.2213, 1.0953, 0.74592, 0.71968, 0.41801, 0.92691, 1.4921, 0.69262, 0.00031, 0.51538, 0.91246, 0.00492, 2.4094, 1.0774, 0.02778, 0.89496, 1.0248, 1.1594, 0.70043, 0.66712, 1.9399, 1.5377, 0.72565, 0.0012616, 2.5756, 0.94644, 0.0075057, 2.7984, 1.0942, 0.039863, 0.71624, 0.98715, 0.70987, 0.46549, 0.46344, 1.9396, -0.44335, 0.59776, -0.0038019, 0.50267, 0.31823, -0.0083821, 0.39022, 1.094, 0.025013, 1.0737, 1.0625, 1.609, 0.93536, 0.8708, 1.9403, 3.5187, 0.85355, 0.0063252, 4.6486, 1.5746, 0.023393, 5.2066, 1.0944, 0.054712, 0.011806, 0.00052463, 0.074706, 0.020401, 0.015334, 5.2231e-08, 1.4506, 0.0060455, 9.4767e-06, 1.5883, 0.14586, 9.3298e-05, 2.1435, 1.1377e-08, 8.1505e-05, 0.12099, 0.92776, 0.44236, 0.42, 0.39122, -1.0456, -1.2921, 0.4377, -0.013477, -1.8366, 0.0051986, -0.010575, -0.7427, -0.26123, 0.016236, 1.6689, 1.1219, 1.8765, 0.98086, 0.94302, 4.9255, 4.3675, 1.0136, 0.016, 6.9879, 1.8877, 0.025586, 6.3395, 2.4497, 0.063489, 0.22141, 0.0034827, 0.19006, 0.029066, 0.028135, 3.2945, 2.9597, 0.030648, 8.0285e-05, 7.1955, 0.32745, 0.00012083, 4.6347, 0.67907, 0.00020632
70, 3, 0.19901, 0.07594, 0.1, 1.5278, 0.42467, 0.8976, 0.92972, 1.5365, 0.47477, 0.57106, 1.6641, 0.47995, 0.93445, 0.00994, 7.8101, 1.7067, 0.00163, 9.5735, 0.30436, 0.03665, 0.81086, 1.0071, 1.2985, 0.38583, 0.50546, 1.6225, 1.3006, 0.7509, 0.0037776, 5.2375, 1.2301, 0.0013108, 5.4901, 0.89404, 0.0506, 0.66193, 0.98098, 0.99804, 0.26809, 0.41255, 1.6221, 0.040992, 0.67109, -0.00024458, 4.0353, 0.89885, -0.0054629, 3.9196, 0.89386, 0.041724, 0.95978, 1.0332, 1.5989, 0.50357, 0.59837, 1.6229, 2.5603, 0.83071, 0.0077997, 6.4397, 1.5613, 0.0080845, 7.0606, 0.89421, 0.059477, 0.0081976, 0.00025147, 0.033365, 0.0051235, 0.0031905, 5.2231e-08, 0.58645, 0.0023545, 5.9795e-06, 0.53422, 0.040555, 1.6959e-05, 0.91164, 1.1377e-08, 2.9125e-05, 0.043221, 0.91388, 0.66417, 0.19268, 0.29745, -1.363, -1.0805, 0.48084, -0.010636, 1.1612, 0.45484, -0.0096603, 2.4559, -0.46141, 0.030192, 1.5785, 1.1003, 1.9328, 0.57898, 0.71347, 4.608, 3.6817, 1.021, 0.018191, 9.3138, 2.0053, 0.012282, 8.5243, 2.2495, 0.071009, 0.2178, 0.0032096, 0.14872, 0.013789, 0.015992, 3.2945, 2.0956, 0.026957, 7.6787e-05, 6.1415, 0.22214, 4.4488e-05, 3.4028, 0.67907, 0.00015394
71, 3.0049, 0.16297, 0.06867, 0.10201, 1.3544, 0.43383, 0.13469, 0.98208, 1.4059, 0.54494, 0.6159, 4.0133, 1.9444, 0.73672, 0.00045, 2.1846, 0.58094, 0.00071, 2.5005, 1.3171, 0.03739, 0.88203, 1.0184, 1.115, 0.51261, 0.53131, 1.7105, 0.84202, 0.68818, 0.0048207, 4.9792, 0.44205, 0.0053647, 5.5832, 0.97348, 0.04295, 0.73905, 0.99294, 0.81074, 0.39579, 0.42592, 1.7101, -0.46165, 0.61074, 0.0006388, 3.6319, 0.14271, -0.0012552, 4.0304, 0.97331, 0.03194, 1.025, 1.0438, 1.4192, 0.62942, 0.6367, 1.7108, 2.1457, 0.76562, 0.0090025, 6.3265, 0.7414, 0.011985, 7.1359, 0.97366, 0.053959, 0.0075566, 0.00023896, 0.034211, 0.0050436, 0.0041051, 5.2231e-08, 0.62817, 0.0022166, 6.4637e-06, 0.67094, 0.03312, 1.6198e-05, 0.89114, 1.1377e-08, 4.48e-05, 0.11553, 0.92537, 0.47885, 0.32002, 0.31744, -1.2751, -1.5627, 0.41881, -0.0096383, 0.85781, -0.32011, -0.005512, 2.5581, -0.38197, 0.021528, 1.6485, 1.1114, 1.7511, 0.7052, 0.74518, 4.696, 3.2467, 0.95755, 0.01928, 9.1006, 1.2042, 0.016242, 8.6082, 2.3289, 0.064372, 0.21716, 0.003197, 0.14957, 0.013709, 0.016906, 3.2945, 2.1373, 0.026819, 7.7272e-05, 6.2782, 0.21471, 4.3727e-05, 3.3823, 0.67907, 0.00016962
72, 6.58, 0.15255, 0.07488, 0.41875, 0.73746, 0.21669, 1.2772, 0.97707, 1.8453, 0.68567, 0.62979, 1.6501, 0.77907, 0.94812, 0.00012, 4.9612, 1.2347, 0.00033, 1.505, 3.5975, 0.08455, 1.2455, 1.0004, 1.2277, 0.67649, 0.50209, 1.5524, 1.0808, 0.63148, 0.0059484, 4.6211, 0.62525, 0.0051639, 3.2941, 1.9197, 0.068739, 1.0596, 0.97164, 0.89897, 0.46755, 0.35808, 1.5521, -0.753, 0.53531, 0.00165, 2.8231, 0.070127, -0.003644, 0.97314, 1.9196, 0.058653, 1.4313, 1.0292, 1.5565, 0.88543, 0.64609, 1.5528, 2.9146, 0.72764, 0.010247, 6.4192, 1.1804, 0.013972, 5.615, 1.9199, 0.078826, 0.012769, 0.00030571, 0.039949, 0.016135, 0.0076646, 5.2231e-08, 1.2429, 0.0034182, 6.8291e-06, 1.1949, 0.1139, 2.8674e-05, 1.991, 1.1377e-08, 3.7604e-05, 0.46983, 0.90643, 0.57951, 0.41745, 0.26677, -1.4331, -1.6479, 0.35614, -0.0085447, 0.3312, -0.26887, -0.0071674, -0.18828, 0.56428, 0.047777, 2.0211, 1.0944, 1.8759, 0.93552, 0.7374, 4.538, 3.8095, 0.90681, 0.020441, 8.9111, 1.5194, 0.017495, 6.7764, 3.2752, 0.089702, 0.22237, 0.0032638, 0.1553, 0.024801, 0.020466, 3.2945, 2.7521, 0.02802, 7.7637e-05, 6.8022, 0.29549, 5.6203e-05, 4.4822, 0.67907, 0.00016242
73, 4, 0.18588, 0.05414, 0.12047, 0.82812, 0.33729, 1.6389, 1.0183, 0.60394, 0.42476, 0.43377, 1.0974, 0.57956, 0.65953, 0.00362, 4.4607, 1.8966, 0.01274, 5.3743, 0.36212, 0.04084, 1.0012, 1.0145, 1.1355, 0.36995, 0.36488, 1.543, 1.5633, 0.78268, 0.0073086, 4.0203, 1.0184, 0.0086355, 5.1794, 1.0406, 0.058203, 0.84249, 0.9867, 0.71244, 0.17763, 0.17786, 1.5427, -0.27967, 0.68462, 0.0028388, 2.3513, 0.55109, -0.0053067, 2.8954, 1.0405, 0.043005, 1.1599, 1.0423, 1.5586, 0.56228, 0.5519, 1.5434, 3.4063, 0.88073, 0.011778, 5.6893, 1.4857, 0.022578, 7.4634, 1.0408, 0.073401, 0.0093064, 0.00028523, 0.066157, 0.013672, 0.012928, 5.2231e-08, 1.2554, 0.0035537, 7.3846e-06, 1.0295, 0.080713, 7.1848e-05, 1.9281, 1.1377e-08, 8.5373e-05, 0.23158, 0.9208, 0.43473, 0.12412, 0.10104, -1.4425, -1.1716, 0.50668, -0.0072362, -0.21716, 0.17597, -0.0077617, 1.7215, -0.31482, 0.034356, 1.7708, 1.1082, 1.8363, 0.61579, 0.62872, 4.5286, 4.2982, 1.0587, 0.021853, 8.2578, 1.8608, 0.025033, 8.6372, 2.3961, 0.08205, 0.21891, 0.0032433, 0.18151, 0.022337, 0.025729, 3.2945, 2.7646, 0.028156, 7.8193e-05, 6.6368, 0.2623, 9.9377e-05, 4.4193, 0.67907, 0.00021019
74, 4.4984, 0.31474, 0.0649, 0.09439, 0.79167, 0.35916, 0.68095, 0.98915, 1.8581, 0.40456, 0.42977, 0.92153, 0.84581, 0.73281, 0.00015, 4.8815, 0.01327, 0.00139, 4.8323, 0.71664, 0.03597, 1.0677, 0.97894, 1.7833, 0.21159, 0.65949, 1.6906, 3.0508, 0.77473, 0.013744, 4.3611, 0.34818, 0.0066619, 3.7479, 0.80217, 0.062187, 0.91574, 0.95088, 1.4647, 0.13492, 0.54091, 1.6902, 2.1587, 0.67866, 0.0096371, 3.1534, 0.076039, -0.0026125, 1.9747, 0.80199, 0.051141, 1.2196, 1.007, 2.1018, 0.28825, 0.77807, 1.691, 3.943, 0.8708, 0.017851, 5.5688, 0.62032, 0.015936, 5.5211, 0.80234, 0.073234, 0.00853, 0.00029101, 0.037512, 0.0021726, 0.0051969, 5.2231e-08, 0.29416, 0.0034113, 6.2344e-06, 0.53912, 0.027373, 3.1792e-05, 1.1622, 1.1377e-08, 4.5104e-05, 0.29944, 0.88518, 1.1401, 0.040345, 0.43882, -1.2949, 0.84201, 0.49943, -0.00069344, 0.28318, -0.40372, -0.0060068, 0.60394, -0.55328, 0.040746, 1.8359, 1.0727, 2.4264, 0.38283, 0.88016, 4.6761, 5.2597, 1.05, 0.028182, 8.439, 1.1001, 0.019331, 6.8918, 2.1576, 0.083629, 0.21813, 0.0032491, 0.15287, 0.010838, 0.017998, 3.2945, 1.8033, 0.028014, 7.7042e-05, 6.1464, 0.20896, 5.9321e-05, 3.6534, 0.67907, 0.00016992
75, 6.58, 0.15255, 0.07854, 0.20938, 1.1111, 0.17345, 1.1198, 0.94393, 1.8835, 0.37668, 0.55987, 0.40348, 0.93577, 0.84934, 0.00136, 1.2018, 1.6682, 0.00085, 3.4862, 1.9556, 0.05496, 1.0932, 1.0349, 1.2765, 0.49921, 0.48942, 1.4966, 1.3368, 0.72234, 0.0080166, 5.1039, 1.0221, 0.0072525, 3.5011, 1.5452, 0.062748, 0.91219, 1.0052, 0.83249, 0.2727, 0.28025, 1.4962, -0.65091, 0.6339, 0.0030845, 2.8944, 0.5506, -0.0048928, 1.5575, 1.545, 0.046847, 1.2742, 1.0645, 1.7206, 0.72572, 0.69858, 1.4969, 3.3245, 0.81078, 0.012949, 7.3134, 1.4935, 0.019398, 5.4447, 1.5453, 0.07865, 0.012107, 0.0003258, 0.072877, 0.018963, 0.016171, 5.2231e-08, 1.4604, 0.0028909, 8.991e-06, 1.8044, 0.082157, 5.4521e-05, 1.3962, 1.1377e-08, 9.3459e-05, 0.31868, 0.9406, 0.5629, 0.2258, 0.20944, -1.489, -1.4976, 0.44961, -0.0066769, 0.62586, 0.17734, -0.0076468, 0.25798, 0.18973, 0.038447, 1.8677, 1.1291, 1.9902, 0.77261, 0.76939, 4.4821, 4.1713, 0.99508, 0.02271, 9.5819, 1.8668, 0.022152, 6.7442, 2.9006, 0.087049, 0.22171, 0.0032839, 0.18823, 0.027629, 0.028972, 3.2945, 2.9695, 0.027493, 7.9799e-05, 7.4116, 0.26374, 8.205e-05, 3.8874, 0.67907, 0.00021828
76, 2.25, 0.30385, 0.0606, 0.15791, 2.0159, 0.83622, 0.65541, 0.91446, 1.1502, 0.42711, 0.34616, 6.6348, 4.9193, 0.74512, 0.0044, 3.3927, 0.30954, 0.00228, 5.0106, 0.83014, 0.04891, 0.71768, 0.97748, 1.5194, 0.31342, 0.30338, 2.6744, 4.3606, 0.7154, 0.0064606, 3.9423, 0.55626, 0.0035133, 3.8155, 0.97899, 0.035551, 0.54038, 0.95019, 1.1877, 0.19372, 0.17759, 2.674, 2.9535, 0.62472, 0.0017574, 2.085, 0.16228, -0.0035751, 2.1636, 0.97881, 0.023951, 0.89497, 1.0048, 1.8511, 0.43311, 0.42917, 2.6747, 5.7677, 0.80608, 0.011164, 5.7995, 0.95024, 0.010602, 5.4674, 0.97916, 0.047151, 0.011618, 0.00027538, 0.04066, 0.0052953, 0.0058486, 5.2231e-08, 0.73183, 0.0030393, 8.1758e-06, 1.275, 0.057371, 1.8571e-05, 1.0086, 1.1377e-08, 4.9732e-05, -0.055965, 0.88395, 0.86969, 0.11907, 0.078751, -0.31117, 1.8983, 0.44193, -0.0081576, -0.37285, -0.2478, -0.0076548, 0.73837, -0.37646, 0.01382, 1.4913, 1.071, 2.1691, 0.50777, 0.52801, 5.6599, 6.8229, 0.98887, 0.021079, 8.2574, 1.3603, 0.014681, 6.8926, 2.3344, 0.057282, 0.22122, 0.0032335, 0.15602, 0.013961, 0.01865, 3.2945, 2.241, 0.027642, 7.8984e-05, 6.8822, 0.23896, 4.6101e-05, 3.4998, 0.67907, 0.00017455
77, 3, 0.19901, 0.07594, 0.1, 1.5278, 0.42467, 0.22104, 0.91358, 1.6178, 0.327, 0.45006, 1.2799, 1.4426, 0.96024, 0.01263, 9.4869, 1.9251, 0.0022, 6.3656, 0.51142, 0.06155, 0.83732, 1.0084, 1.275, 0.4732, 0.53562, 1.6225, 0.92652, 0.74843, 0.0035504, 5.0778, 1.1813, 0.00095966, 6.664, 0.89404, 0.04479, 0.68839, 0.98235, 0.97454, 0.35546, 0.44271, 1.6221, -0.33311, 0.66862, -0.00047174, 3.8755, 0.85008, -0.0058141, 5.0935, 0.89386, 0.035913, 0.98624, 1.0345, 1.5754, 0.59093, 0.62853, 1.6229, 2.1862, 0.82824, 0.0075726, 6.28, 1.5126, 0.0077334, 8.2345, 0.89421, 0.053667, 0.0081976, 0.00025147, 0.033365, 0.0051235, 0.0031905, 5.2231e-08, 0.58645, 0.0023545, 5.9795e-06, 0.53422, 0.040555, 1.6959e-05, 0.91164, 1.1377e-08, 2.9125e-05, 0.069681, 0.91525, 0.64066, 0.28005, 0.32761, -1.363, -1.4546, 0.47837, -0.010863, 1.0015, 0.40607, -0.010011, 3.6298, -0.46141, 0.024382, 1.605, 1.1016, 1.9093, 0.66635, 0.74362, 4.608, 3.3076, 1.0185, 0.017964, 9.154, 1.9566, 0.011931, 9.6983, 2.2495, 0.065198, 0.2178, 0.0032096, 0.14872, 0.013789, 0.015992, 3.2945, 2.0956, 0.026957, 7.6787e-05, 6.1415, 0.22214, 4.4488e-05, 3.4028, 0.67907, 0.00015394
78, 4.6981, 0.15408, 0.04401, 0, 0.89123, 0.21726, 1.105, 1.0815, 0.89482, 0.42757, 0.57606, 1.1113, 0.60446, 0.94667, 0.00015, 8.3986, 0.47392, 0.0025, 6.3764, 0.2292, 0.0583, 0.95513, 1.0343, 1.0747, 0.36007, 0.48977, 1.2716, 1.2277, 0.85492, 0.00773, 6.2274, 0.73021, 0.0044087, 7.4712, 0.95199, 0.055813, 0.79339, 1.0051, 0.68762, 0.1401, 0.34009, 1.2712, -0.73077, 0.77029, 0.0028325, 4.1463, 0.25268, -0.007029, 5.5315, 0.95182, 0.042601, 1.1169, 1.0635, 1.4618, 0.58003, 0.63945, 1.2719, 3.1861, 0.93956, 0.012627, 8.3085, 1.2077, 0.015846, 9.4109, 0.95217, 0.069024, 0.0096693, 0.00031595, 0.055382, 0.017883, 0.0082805, 5.2231e-08, 1.4176, 0.0026476, 8.8651e-06, 1.6008, 0.084285, 4.8353e-05, 1.3906, 1.1377e-08, 6.4516e-05, 0.18491, 0.94019, 0.39505, 0.092056, 0.25094, -1.714, -1.5863, 0.5834, -0.006952, 1.8113, -0.11792, -0.0099197, 4.2305, -0.40346, 0.03318, 1.7254, 1.1284, 1.7544, 0.62807, 0.72859, 4.2571, 4.0417, 1.1264, 0.022412, 10.643, 1.5783, 0.018737, 10.712, 2.3074, 0.078446, 0.21927, 0.003274, 0.17074, 0.026549, 0.021082, 3.2945, 2.9268, 0.02725, 7.9673e-05, 7.2081, 0.26587, 7.5882e-05, 3.8818, 0.67907, 0.00018933
79, 8, 0.43305, 0.03016, 0.27129, 1.3281, 0.46337, 1.3119, 1.091, 0.65398, 0.86124, 0.71936, 1.2026, 0.4822, 0.8581, 0.00639, 8.3363, 0.34398, 0.01764, 3.8112, 1.2819, 0.04025, 1.3005, 1.0546, 1.395, 0.42969, 0.54523, 2.1129, 1.2574, 0.73622, 0.0080414, 6.498, 0.44968, 0.012161, 4.8974, 1.5936, 0.072709, 1.1054, 1.0158, 0.94297, 0.19969, 0.37077, 2.1125, -0.69432, 0.61027, 0.0026997, 4.5071, -0.1258, -0.003847, 2.5254, 1.5934, 0.058857, 1.4956, 1.0934, 1.8471, 0.6597, 0.7197, 2.1133, 3.2091, 0.86216, 0.013383, 8.489, 1.0252, 0.02817, 7.2693, 1.5938, 0.086561, 0.014069, 0.00055694, 0.075531, 0.019553, 0.01125, 5.2231e-08, 1.4079, 0.0058631, 1.0546e-05, 1.4651, 0.12241, 9.4718e-05, 2.0795, 1.1377e-08, 7.0921e-05, 0.52255, 0.95706, 0.67638, 0.15338, 0.29014, -0.87262, -1.5519, 0.44912, -0.0067946, 2.1237, -0.45722, -0.0060251, 1.3808, 0.23817, 0.049697, 2.0784, 1.1521, 2.1137, 0.706, 0.80033, 5.0984, 4.0667, 1.0233, 0.022877, 10.872, 1.3566, 0.030348, 8.4139, 2.9491, 0.095722, 0.22367, 0.003515, 0.19089, 0.028219, 0.024051, 3.2945, 2.9171, 0.030465, 8.1354e-05, 7.0724, 0.30399, 0.00012225, 4.5707, 0.67907, 0.00019574
80, 5.4951, 0.1914, 0.07359, 0.27776, 1.3333, 0.3153, 1.2817, 1.065, 1.7518, 0.63635, 0.36912, 1.0918, 0.25088, 0.61192, 0.00042, 6.9096, 1.7201, 0.0124, 3.2098, 0.87793, 0.05238, 1.2394, 1.0061, 1.3285, 0.52672, 0.45118, 1.6023, 1.3105, 0.6664, 0.0071505, 4.1348, 0.83048, 0.012152, 3.9899, 1.5349, 0.057065, 1.0634, 0.97584, 0.87497, 0.29629, 0.21634, 1.6019, -0.67636, 0.56999, 0.0021826, 1.9757, 0.26361, -0.0039229, 1.5877, 1.5348, 0.042614, 1.4154, 1.0364, 1.7821, 0.75715, 0.68601, 1.6027, 3.2974, 0.76282, 0.012118, 6.2939, 1.3973, 0.028227, 6.392, 1.5351, 0.071516, 0.011451, 0.00033939, 0.07604, 0.019626, 0.020383, 5.2231e-08, 1.4591, 0.0034358, 9.122e-06, 1.723, 0.11877, 9.5511e-05, 2.1327, 1.1377e-08, 7.7191e-05, 0.46607, 0.91169, 0.60894, 0.25005, 0.15154, -1.3832, -1.5233, 0.39098, -0.0075551, -0.31853, -0.070981, -0.0060931, 0.45289, 0.1795, 0.033687, 2.0128, 1.1006, 2.0481, 0.80338, 0.75081, 4.5878, 4.1443, 0.94183, 0.021856, 8.5882, 1.7319, 0.030398, 7.5269, 2.8904, 0.080443, 0.22105, 0.0032975, 0.1914, 0.028292, 0.033184, 3.2945, 2.9682, 0.028038, 7.993e-05, 7.3302, 0.30036, 0.00012304, 4.6239, 0.67907, 0.00020201
81, 3, 0.21736, 0.06894, 0.10552, 1.5151, 0.47661, 0.42981, 1.0497, 0.73885, 0.43479, 0.3397, 1.599, 0.76761, 0.77635, 1e-05, 8.3476, 1.4587, 0.00181, 6.8057, 0.73764, 0.06878, 0.83636, 1.0015, 1.2425, 0.52519, 0.51073, 1.7562, 1.4161, 0.77412, 0.0052938, 4.9043, 1.1183, 0.0042727, 4.6408, 0.90914, 0.047845, 0.68962, 0.97694, 0.99953, 0.44569, 0.43413, 1.7558, 0.464, 0.69897, 0.0014119, 3.7612, 0.84073, -0.00027558, 3.4395, 0.90897, 0.040251, 0.9831, 1.026, 1.4855, 0.60469, 0.58733, 1.7565, 2.3681, 0.84927, 0.0091756, 6.0474, 1.396, 0.008821, 5.8421, 0.90932, 0.055438, 0.0079587, 0.0002225, 0.021824, 0.002336, 0.0021687, 5.2231e-08, 0.33503, 0.0020876, 5.5696e-06, 0.48295, 0.028485, 7.6462e-06, 0.53336, 1.1377e-08, 2.1311e-05, 0.069143, 0.90871, 0.6333, 0.35266, 0.30948, -1.2294, -0.81765, 0.5054, -0.0090813, 0.84504, 0.36445, -0.0054827, 1.7802, -0.4463, 0.027961, 1.6036, 1.0942, 1.8517, 0.69772, 0.71198, 4.7417, 3.6498, 1.0428, 0.019669, 8.9635, 1.8722, 0.014028, 7.5014, 2.2646, 0.067728, 0.21756, 0.0031806, 0.13718, 0.011002, 0.01497, 3.2945, 1.8442, 0.02669, 7.6377e-05, 6.0902, 0.21007, 3.5175e-05, 3.0246, 0.67907, 0.00014613
82, 3, 0.35974, 0.12176, 0.20036, 0.48387, 0.37378, 0.61482, 0.9618, 1.2713, 0.32289, 0.29609, 1.5024, 0.77862, 0.65415, 0.00472, 9.4119, 0.48097, 0.00393, 2.9344, 0.90805, 0.06033, 1.0755, 1.0063, 1.3898, 0.35338, 0.50971, 1.7889, 1.3622, 0.75884, 0.0050503, 6.1836, 0.54909, 0.00058344, 4.3792, 0.54416, 0.051548, 0.88254, 0.9751, 0.93972, 0.12364, 0.29671, 1.7885, -0.6247, 0.64695, 0.0001303, 4.0336, 0.015667, -0.015158, 1.9721, 0.54398, 0.035814, 1.2685, 1.0375, 1.8399, 0.58311, 0.72271, 1.7892, 3.3492, 0.87073, 0.0099702, 8.3335, 1.0825, 0.016325, 6.7863, 0.54433, 0.067282, 0.013766, 0.00035963, 0.074868, 0.019507, 0.016769, 5.2231e-08, 1.4592, 0.0046271, 8.9468e-06, 1.7084, 0.10517, 9.1585e-05, 2.1416, 1.1377e-08, 9.15e-05, 0.29814, 0.91155, 0.67239, 0.07729, 0.22686, -1.1967, -1.4717, 0.47763, -0.0096392, 1.7346, -0.33172, -0.017368, 0.83888, -0.81129, 0.027356, 1.8529, 1.101, 2.1072, 0.62946, 0.79256, 4.7744, 4.1961, 1.0401, 0.01974, 10.632, 1.4299, 0.018535, 7.9196, 1.8996, 0.07574, 0.22337, 0.0033177, 0.19022, 0.028173, 0.029571, 3.2945, 2.9683, 0.029229, 7.9755e-05, 7.3157, 0.28675, 0.00011911, 4.6328, 0.67907, 0.00021632
83, 3.0066, 0.27707, 0.08854, 0.0715, 0.4712, 0.35285, 0.52583, 1.0736, 0.77583, 0.32346, 0.49335, 1.1921, 0.77006, 0.705, 0.00048, 5.2501, 0.38993, 0.00443, 2.68, 0.42764, 0.06325, 0.92803, 0.97262, 1.3272, 0.3306, 0.51012, 1.6966, 1.2778, 0.86732, 0.0093376, 5.6495, 0.57253, 0.00082952, 5.1219, 0.52958, 0.053006, 0.73383, 0.94412, 0.89781, 0.10111, 0.30197, 1.6962, -0.70677, 0.75825, 0.0048519, 3.5942, 0.033536, -0.014091, 2.7177, 0.52941, 0.039047, 1.1222, 1.0011, 1.7566, 0.56009, 0.71827, 1.6969, 3.2624, 0.97639, 0.013823, 7.7047, 1.1115, 0.01575, 7.526, 0.52976, 0.066964, 0.013939, 0.00030018, 0.068143, 0.019466, 0.016015, 5.2231e-08, 1.4557, 0.004397, 7.4374e-06, 1.5612, 0.10738, 8.2284e-05, 2.1364, 1.1377e-08, 7.2016e-05, 0.15034, 0.87873, 0.62258, 0.054718, 0.2309, -1.289, -1.5544, 0.58722, -0.0052121, 1.2455, -0.31167, -0.016407, 1.5835, -0.82587, 0.029929, 1.7057, 1.0665, 2.0318, 0.60648, 0.78934, 4.6821, 4.11, 1.1474, 0.023887, 10.053, 1.4567, 0.018066, 8.6602, 1.885, 0.076083, 0.22354, 0.0032583, 0.1835, 0.028131, 0.028816, 3.2945, 2.9649, 0.028999, 7.8245e-05, 7.1685, 0.28896, 0.00010981, 4.6276, 0.67907, 0.00019683
84, 2.5, 0.13114, 0.04582, 0.42293, 0.97222, 0.80039, 1.1503, 1.0053, 0.79531, 0.94335, 0.10493, 1.8954, 0.49611, 0.72529, 0.00709, 4.0869, 0.85206, 0.01537, 2.1554, 1.2325, 0.06219, 1.0716, 1.0085, 1.0143, 0.64869, 0.53295, 2.7765, 1.297, 0.58694, 0.0080169, 0.67431, 0.76531, 0.011119, 3.5039, 1.7511, 0.05005, 0.91059, 0.97512, 0.57416, 0.43187, 0.35091, 2.7762, -0.61403, 0.48183, 0.0031368, -1.1953, 0.32907, -0.0033303, 1.4651, 1.7509, 0.034973, 1.2325, 1.0419, 1.4545, 0.86551, 0.71499, 2.7769, 3.2081, 0.69205, 0.012897, 2.5439, 1.2015, 0.025569, 5.5428, 1.7512, 0.065127, 0.0095779, 0.00041151, 0.071606, 0.017376, 0.012249, 5.2231e-08, 1.3499, 0.0040835, 8.8024e-06, 1.2919, 0.070338, 7.717e-05, 1.5364, 1.1377e-08, 8.4021e-05, 0.30151, 0.913, 0.30309, 0.38326, 0.27262, -0.209, -1.4842, 0.30835, -0.0066593, -3.6461, -0.060278, -0.0057114, 0.2029, 0.39562, 0.02628, 1.8416, 1.104, 1.7255, 0.91413, 0.79329, 5.7621, 4.0782, 0.86552, 0.022693, 4.9947, 1.5909, 0.02795, 6.805, 3.1065, 0.07382, 0.21918, 0.0033696, 0.18696, 0.026041, 0.02505, 3.2945, 2.859, 0.028686, 7.961e-05, 6.8992, 0.25192, 0.0001047, 4.0276, 0.67907, 0.00020884
85, 4, 0.29084, 0.13792, 0.19995, 1.1111, 0.3202, 1.3599, 0.94894, 1.2687, 0.48874, 0.48712, 1.5155, 1.0426, 0.87326, 0.00097, 8.3809, 0.96378, 0.00248, 4.7639, 0.57032, 0.05269, 1.1254, 0.98516, 1.5999, 0.48208, 0.58149, 1.8077, 0.89275, 0.82969, 0.0026824, 5.1892, 0.97227, 0.0055857, 4.8434, 0.82639, 0.053962, 0.96079, 0.95954, 1.3398, 0.39958, 0.48625, 1.8074, -0.1086, 0.75024, -0.0015571, 3.7452, 0.63107, 0.00094887, 3.5739, 0.82621, 0.045252, 1.2901, 1.0108, 1.86, 0.56458, 0.67672, 1.8081, 1.8941, 0.90914, 0.0069219, 6.6333, 1.3135, 0.010222, 6.1129, 0.82657, 0.062672, 0.010018, 0.00024276, 0.025005, 0.0025156, 0.003352, 5.2231e-08, 0.37062, 0.0023329, 6.6432e-06, 0.77073, 0.043028, 7.9466e-06, 0.59564, 1.1377e-08, 2.8041e-05, 0.35458, 0.89211, 0.98366, 0.30815, 0.37243, -1.1778, -1.3624, 0.55974, -0.011793, 1.0352, 0.19271, -0.0042113, 1.9535, -0.52906, 0.033626, 1.8963, 1.0782, 2.2161, 0.65601, 0.79054, 4.7933, 3.1479, 1.0996, 0.017158, 9.3433, 1.7518, 0.015383, 7.7333, 2.1818, 0.074299, 0.21962, 0.0032008, 0.14036, 0.011181, 0.016153, 3.2945, 1.8798, 0.026935, 7.7451e-05, 6.378, 0.22462, 3.5476e-05, 3.0868, 0.67907, 0.00015286
86, 4.56, 0.08105, 0.04323, 0.3, 2.0833, 0.43786, 0.57076, 1.0672, 1.0782, 0.82847, 0.78171, 1.2926, 0.89715, 0.93874, 0.00121, 6.808, 0.53455, 0.0319, 8.3657, 2.9677, 0.08395, 0.98533, 1.0482, 1.2803, 0.53424, 0.6369, 1.5431, 1.0508, 0.69433, 0.0039997, 2.5643, 0.85482, 0.023504, 5.0872, 1.8465, 0.056884, 0.81597, 1.0199, 0.94726, 0.40974, 0.50974, 1.5428, -0.36301, 0.60279, -0.00077889, 0.7934, 0.47515, 0.01635, 3.5907, 1.8463, 0.045278, 1.1547, 1.0764, 1.6133, 0.65874, 0.76406, 1.5435, 2.4646, 0.78586, 0.0087783, 4.3351, 1.2345, 0.030659, 6.5837, 1.8467, 0.06849, 0.010602, 0.00029436, 0.040994, 0.0057291, 0.0059767, 5.2231e-08, 0.73882, 0.0030968, 8.4401e-06, 1.1591, 0.05328, 1.8918e-05, 0.8277, 1.1377e-08, 4.9784e-05, 0.21347, 0.95436, 0.6299, 0.33689, 0.4115, -1.4424, -1.4153, 0.42057, -0.010643, -1.7144, 0.057676, 0.012294, 2.0906, 0.49105, 0.035149, 1.7572, 1.142, 1.9307, 0.73158, 0.8623, 4.5287, 3.517, 0.96808, 0.018642, 6.8429, 1.652, 0.034714, 8.0838, 3.202, 0.078619, 0.2202, 0.0032524, 0.15635, 0.014395, 0.018778, 3.2945, 2.248, 0.027699, 7.9248e-05, 6.7663, 0.23487, 4.6447e-05, 3.3189, 0.67907, 0.0001746
87, 4.7, 0.26135, 0.13402, 0.19952, 1.3333, 0.26562, 1.4242, 0.97031, 1.9281, 0.55257, 0.62716, 1.6537, 0.50733, 0.87132, 0.00195, 5.9565, 0.8309, 0.0031, 3.9174, 0.4819, 0.03888, 1.1118, 0.99632, 1.4241, 0.48983, 0.64444, 1.6761, 1.3418, 0.85207, 0.0020993, 5.4437, 1.2079, 0.008201, 3.9837, 0.98782, 0.052659, 0.94747, 0.9666, 0.97497, 0.26099, 0.42325, 1.6757, -0.63015, 0.75561, -0.002474, 3.6262, 0.75293, -0.0047748, 2.003, 0.98765, 0.036802, 1.2762, 1.026, 1.8733, 0.71868, 0.86564, 1.6764, 3.3138, 0.94853, 0.0066726, 7.2611, 1.6628, 0.021177, 5.9643, 0.988, 0.068515, 0.0099839, 0.00032642, 0.074569, 0.019357, 0.018084, 5.2231e-08, 1.4373, 0.0034394, 7.7305e-06, 1.2209, 0.076499, 6.2231e-05, 1.4499, 1.1377e-08, 9.2928e-05, 0.34104, 0.90205, 0.70731, 0.21449, 0.35537, -1.3095, -1.4816, 0.57663, -0.012478, 1.1456, 0.37225, -0.0073827, 0.71826, -0.36763, 0.028387, 1.8826, 1.0906, 2.141, 0.76518, 0.93351, 4.6616, 4.1653, 1.1275, 0.016676, 9.7418, 2.0435, 0.023785, 7.2491, 2.3433, 0.076931, 0.21959, 0.0032845, 0.18992, 0.028023, 0.030885, 3.2945, 2.9464, 0.028042, 7.8538e-05, 6.8281, 0.25809, 8.9761e-05, 3.9411, 0.67907, 0.00021775
88, 6, 0.29326, 0.04107, 0.14819, 1, 0.38358, 1.7636, 0.93224, 1.0507, 0.29278, 0.53974, 1.0936, 0.18183, 0.52661, 0.01875, 4.0794, 1.3698, 0.00351, 9.1533, 0.68213, 0.07562, 1.0924, 0.99885, 1.4219, 0.38203, 0.52092, 1.8485, 1.2549, 0.78486, 0.0085919, 4.9316, 0.65457, 0.011724, 5.3382, 1.2491, 0.062222, 0.91455, 0.96854, 0.98211, 0.16436, 0.33587, 1.8481, -0.71333, 0.67898, 0.003697, 2.8089, 0.091184, -0.0031225, 3.1303, 1.2489, 0.046518, 1.2703, 1.0292, 1.8618, 0.5997, 0.70598, 1.8488, 3.2231, 0.89074, 0.013487, 7.0544, 1.218, 0.026571, 7.546, 1.2493, 0.077926, 0.011694, 0.00033963, 0.071503, 0.017512, 0.012658, 5.2231e-08, 1.4318, 0.0041439, 8.8562e-06, 1.6655, 0.11732, 8.1473e-05, 1.8017, 1.1377e-08, 9.1151e-05, 0.31865, 0.9044, 0.71093, 0.1159, 0.25847, -1.1371, -1.5659, 0.50598, -0.0060892, 0.4958, -0.2447, -0.0054486, 1.9301, -0.10634, 0.03805, 1.8662, 1.0933, 2.133, 0.64816, 0.78338, 4.834, 4.0757, 1.0637, 0.023273, 9.3675, 1.5538, 0.028897, 8.7462, 2.6046, 0.086395, 0.2213, 0.0032977, 0.18686, 0.026178, 0.025459, 3.2945, 2.941, 0.028746, 7.9664e-05, 7.2728, 0.2989, 0.000109, 4.2929, 0.67907, 0.00021597
89, 3.0049, 0.1684, 0.07188, 0.2108, 1.3368, 0.50631, 0.73949, 1.0092, 0.86216, 0.93199, 0.77681, 7.9794, 0.8289, 0.29245, 0.04211, 0.43637, 0.14439, 0.03026, 4.9199, 0.21217, 0.04551, 0.95524, 1.0063, 0.92168, 0.807, 0.57605, 1.9215, 0.90277, 0.66221, 0.007016, 3.9011, 0.5101, 0.020777, 4.1753, 1.1908, 0.046528, 0.81276, 0.98007, 0.59039, 0.68925, 0.45796, 1.9211, -0.50713, 0.58676, 0.002298, 2.3077, 0.21273, 0.013556, 2.6049, 1.1906, 0.034751, 1.0977, 1.0324, 1.253, 0.92476, 0.69413, 1.9219, 2.3127, 0.73766, 0.011734, 5.4945, 0.80747, 0.027999, 5.7457, 1.191, 0.058305, 0.0075035, 0.00025336, 0.040565, 0.0051251, 0.005154, 5.2231e-08, 0.73472, 0.002104, 8.2273e-06, 0.93843, 0.032685, 1.9276e-05, 0.91154, 1.1377e-08, 5.1263e-05, 0.18883, 0.91304, 0.27218, 0.61384, 0.35564, -1.064, -1.5611, 0.3934, -0.0076071, -0.30717, -0.2513, 0.0095241, 1.1411, -0.16466, 0.024701, 1.7217, 1.0995, 1.5712, 1.0002, 0.79645, 4.907, 3.3667, 0.93101, 0.021639, 8.1094, 1.2715, 0.03203, 7.2095, 2.5462, 0.068354, 0.21711, 0.0032114, 0.15592, 0.013791, 0.017955, 3.2945, 2.2439, 0.026706, 7.9035e-05, 6.5457, 0.21427, 4.6805e-05, 3.4027, 0.67907, 0.00017608
90, 6.5574, 0.10461, 0.15315, 0.41232, 0.81121, 0.1496, 1.0057, 1.0994, 0.74226, 0.77687, 0.46934, 1.5632, 0.47828, 0.75392, 0.01062, 8.0815, 0.75229, 0.03369, 3.6071, 0.93623, 0.05121, 1.0886, 1.0246, 1.2434, 0.77063, 0.53022, 1.9343, 1.68, 0.58059, 0.002281, 4.4128, 0.82956, 0.02609, 2.4113, 1.814, 0.061927, 0.90922, 0.99255, 0.82531, 0.56265, 0.35533, 1.9339, -0.28911, 0.47047, -0.0026199, 2.6387, 0.38701, 0.015488, 0.25779, 1.8138, 0.046768, 1.268, 1.0567, 1.6614, 0.97862, 0.70511, 1.9347, 3.6491, 0.69071, 0.007182, 6.1868, 1.2721, 0.036691, 4.5648, 1.8141, 0.077086, 0.011892, 0.00037979, 0.064595, 0.015989, 0.011305, 5.2231e-08, 1.4331, 0.0044822, 8.8777e-06, 1.1633, 0.072389, 4.1541e-05, 1.7141, 1.1377e-08, 8.4931e-05, 0.31447, 0.92958, 0.5456, 0.51237, 0.27484, -1.0512, -1.1414, 0.30007, -0.012402, 0.13283, 0.00061718, 0.01242, -0.96177, 0.45851, 0.038105, 1.8627, 1.1196, 1.9411, 1.0289, 0.7856, 4.9198, 4.5014, 0.8611, 0.016964, 8.6927, 1.6585, 0.03976, 5.7844, 3.1694, 0.085749, 0.22149, 0.0033379, 0.17995, 0.024654, 0.024106, 3.2945, 2.9422, 0.029085, 7.9686e-05, 6.7705, 0.25398, 6.907e-05, 4.2053, 0.67907, 0.00020975
91, 2.25, 0.30301, 0.08051, 0.07844, 1.5132, 0.67066, 1.7941, 0.95075, 0.72053, 0.30215, 0.19775, 0.22269, 1.4562, 0.96655, 0.0099, 5.792, 0.0208, 0.00526, 5.621, 0.32028, 0.04191, 0.70494, 0.96705, 1.5352, 0.23325, 0.35825, 2.3941, 2.2786, 0.77226, 0.010868, 5.6626, 0.55374, 0.0055305, 3.6406, 0.6613, 0.043289, 0.54454, 0.94112, 1.2307, 0.13252, 0.2464, 2.3938, 1.12, 0.6894, 0.0066902, 4.168, 0.20396, -0.0005534, 2.0853, 0.66112, 0.03323, 0.86535, 0.99299, 1.8397, 0.33399, 0.4701, 2.3945, 3.4373, 0.85512, 0.015045, 7.1572, 0.90352, 0.011614, 5.196, 0.66147, 0.053347, 0.0095103, 0.00024855, 0.03427, 0.0037509, 0.0046241, 5.2231e-08, 0.49619, 0.0025377, 6.4506e-06, 0.82563, 0.04522, 1.3681e-05, 0.89412, 1.1377e-08, 3.7395e-05, -0.065002, 0.87391, 0.89891, 0.049969, 0.14112, -0.59138, -0.050677, 0.50128, -0.0035899, 1.4907, -0.22961, -0.0050286, 0.61422, -0.69415, 0.02234, 1.4749, 1.0602, 2.1714, 0.41654, 0.57538, 5.3797, 4.6079, 1.0432, 0.025326, 9.8345, 1.3371, 0.01609, 6.667, 2.0167, 0.064238, 0.21911, 0.0032066, 0.14963, 0.012416, 0.017425, 3.2945, 2.0053, 0.02714, 7.7258e-05, 6.4329, 0.22681, 4.121e-05, 3.3853, 0.67907, 0.00016221
92, 3.8279, 0.35472, 0.05462, 0.23244, 2.3056, 0.7296, 0.67293, 1.0977, 0.69351, 0.47225, 0.42841, 1.6964, 0.74409, 0.6449, 3e-05, 4.0468, 1.9794, 0.00481, 2.0599, 0.74043, 0.03786, 1.0588, 1.0107, 1.2915, 0.42071, 0.49288, 2.2948, 1.4989, 0.69696, 0.0040169, 4.1953, 0.54018, 0.012642, 4.2249, 1.2314, 0.052968, 0.86592, 0.9779, 0.83614, 0.18643, 0.25517, 2.2944, -0.48292, 0.58035, -0.0012239, 2.0865, -0.13553, -0.0036483, 1.8235, 1.2312, 0.037036, 1.2517, 1.0435, 1.7468, 0.655, 0.73059, 2.2952, 3.4808, 0.81357, 0.0092577, 6.3041, 1.2159, 0.028933, 6.6263, 1.2316, 0.068899, 0.013752, 0.00039722, 0.076637, 0.020288, 0.020886, 5.2231e-08, 1.4518, 0.0050259, 1.0152e-05, 1.6437, 0.16876, 9.8088e-05, 2.1315, 1.1377e-08, 9.3808e-05, 0.28144, 0.9154, 0.57076, 0.14083, 0.19098, -0.69071, -1.3314, 0.41383, -0.010783, -0.23388, -0.43341, -0.0057931, 0.68837, -0.12405, 0.028647, 1.8362, 1.106, 2.0122, 0.7006, 0.79478, 5.2803, 4.3293, 0.98009, 0.018817, 8.6245, 1.5138, 0.031078, 7.7614, 2.5868, 0.077288, 0.22335, 0.0033553, 0.19199, 0.028954, 0.033687, 3.2945, 2.9609, 0.029628, 8.096e-05, 7.2509, 0.35034, 0.00012562, 4.6227, 0.67907, 0.00021863
93, 4, 0.44611, 0.06497, 0.07227, 0.82812, 0.53178, 1.4487, 1.0955, 0.71607, 0.40972, 0.62801, 0.91995, 0.44166, 0.70632, 0.00016, 5.3266, 0.89327, 0.02218, 7.3772, 0.48554, 0.05473, 1.0451, 1.0259, 1.3042, 0.28235, 0.52637, 2.1237, 1.3552, 0.85109, 0.010576, 5.916, 0.84735, 0.0043562, 5.2652, 0.52552, 0.055601, 0.88116, 0.98732, 0.84997, 0.047727, 0.28126, 2.1234, -0.62871, 0.72717, 0.0051192, 4.1371, 0.23647, -0.011839, 2.8585, 0.52534, 0.039581, 1.209, 1.0646, 1.7584, 0.51698, 0.77149, 2.1241, 3.339, 0.975, 0.016032, 7.6949, 1.4582, 0.020551, 7.6719, 0.5257, 0.07162, 0.0099347, 0.00055142, 0.076258, 0.020347, 0.022206, 5.2231e-08, 1.4547, 0.0056757, 1.1005e-05, 1.1696, 0.13793, 9.6938e-05, 2.1409, 1.1377e-08, 9.4854e-05, 0.27441, 0.9285, 0.58418, 0.0021844, 0.21862, -0.86178, -1.4766, 0.56487, -0.004302, 1.634, -0.08242, -0.013995, 1.7251, -0.82993, 0.031222, 1.8158, 1.1234, 2.0242, 0.56253, 0.83413, 5.1093, 4.1869, 1.1373, 0.025454, 10.198, 1.7771, 0.022707, 8.8053, 1.881, 0.07998, 0.21954, 0.0035095, 0.19161, 0.029013, 0.035008, 3.2945, 2.9638, 0.030278, 8.1813e-05, 6.7769, 0.31952, 0.00012447, 4.6321, 0.67907, 0.00021967
94, 4, 0.29084, 0.13792, 0.19995, 1.1111, 0.3202, 0.76228, 1.0008, 1.8738, 0.46773, 0.68187, 1.5374, 0.92981, 0.90979, 0.00016, 2.1547, 0.93272, 0.00149, 3.0302, 0.68581, 0.05544, 1.154, 0.98091, 1.4687, 0.48818, 0.53049, 1.8077, 0.92045, 0.82623, 0.0027584, 6.045, 0.97963, 0.0058715, 5.2579, 0.82639, 0.053344, 0.98935, 0.95528, 1.2086, 0.40568, 0.43526, 1.8074, -0.080903, 0.74678, -0.0014811, 4.601, 0.63843, 0.0012346, 3.9885, 0.82621, 0.044634, 1.3186, 1.0065, 1.7288, 0.57067, 0.62572, 1.8081, 1.9218, 0.90567, 0.0069979, 7.4891, 1.3208, 0.010508, 6.5274, 0.82657, 0.062055, 0.010018, 0.00024276, 0.025005, 0.0025156, 0.003352, 5.2231e-08, 0.37062, 0.0023329, 6.6432e-06, 0.77073, 0.043028, 7.9466e-06, 0.59564, 1.1377e-08, 2.8041e-05, 0.38314, 0.88785, 0.8525, 0.31425, 0.32144, -1.1778, -1.3347, 0.55627, -0.011717, 1.891, 0.20007, -0.0039255, 2.368, -0.52906, 0.033008, 1.9248, 1.074, 2.085, 0.6621, 0.73954, 4.7933, 3.1756, 1.0962, 0.017234, 10.199, 1.7592, 0.015668, 8.1479, 2.1818, 0.073681, 0.21962, 0.0032008, 0.14036, 0.011181, 0.016153, 3.2945, 1.8798, 0.026935, 7.7451e-05, 6.378, 0.22462, 3.5476e-05, 3.0868, 0.67907, 0.00015286
95, 6.0393, 0.11432, 0.0632, 0.45002, 1.3864, 0.32467, 1.7004, 1.0193, 1.1423, 0.94583, 0.25611, 1.3654, 0.36406, 0.79702, 0.00041, 9.4, 1.971, 0.01449, 4.4592, 4.2956, 0.05111, 1.3305, 1.0244, 1.2317, 0.59167, 0.39663, 1.5922, 1.3251, 0.57501, 0.0048022, 4.9404, 0.99287, 0.014924, 2.9233, 2.1108, 0.066469, 1.1436, 0.99567, 0.78671, 0.3628, 0.16175, 1.5918, -0.63998, 0.47949, -0.00025463, 2.9299, 0.31307, -0.00053012, 0.52653, 2.1106, 0.050865, 1.5174, 1.0531, 1.6767, 0.82054, 0.63151, 1.5926, 3.2901, 0.67052, 0.0098591, 6.9509, 1.6727, 0.030377, 5.32, 2.1109, 0.082074, 0.012912, 0.00030441, 0.073188, 0.019361, 0.020391, 5.2231e-08, 1.4272, 0.0033722, 9.4517e-06, 1.494, 0.17081, 8.8269e-05, 2.1232, 1.1377e-08, 9.0004e-05, 0.55461, 0.93042, 0.51747, 0.3163, 0.096963, -1.3933, -1.4935, 0.29989, -0.0099336, 0.55721, 0.016443, -0.0027767, -0.61006, 0.75531, 0.042361, 2.1064, 1.1183, 1.9459, 0.86704, 0.6963, 4.5777, 4.1437, 0.85012, 0.019538, 9.3237, 1.9693, 0.032624, 6.4566, 3.4662, 0.090578, 0.22251, 0.0032625, 0.18854, 0.028027, 0.033192, 3.2945, 2.9364, 0.027975, 8.026e-05, 7.1013, 0.35239, 0.0001158, 4.6143, 0.67907, 0.00021482
96, 6.5574, 0.10993, 0.11064, 0.37139, 1.1799, 0.1906, 0.51055, 1.0441, 1.8096, 0.61252, 0.27059, 1.6937, 1.3049, 0.60625, 2e-05, 5.3413, 1.0398, 0.01325, 1.4627, 3.3013, 0.07146, 1.2067, 1.0322, 1.0569, 0.6351, 0.48653, 1.6827, 1.3109, 0.63556, 0.0038196, 4.6955, 1.3732, 0.017289, 3.2783, 1.8698, 0.058398, 1.0216, 1.0034, 0.65457, 0.41377, 0.3254, 1.6823, -0.6226, 0.5378, -0.0010599, 2.6379, 0.85627, 0.0045675, 0.88777, 1.8697, 0.044151, 1.3918, 1.061, 1.4592, 0.85644, 0.64765, 1.6831, 3.2444, 0.73332, 0.008699, 6.753, 1.8902, 0.030011, 5.6689, 1.87, 0.072645, 0.012662, 0.00030601, 0.059822, 0.018107, 0.0095956, 5.2231e-08, 1.3817, 0.0035324, 8.8e-06, 1.5647, 0.098778, 5.982e-05, 2.1123, 1.1377e-08, 7.5024e-05, 0.43122, 0.93823, 0.36844, 0.36597, 0.24036, -1.3028, -1.4858, 0.35966, -0.010856, 0.29045, 0.50229, 0.0019164, -0.25081, 0.51438, 0.035146, 1.9822, 1.1262, 1.7453, 0.90424, 0.73269, 4.6682, 4.1076, 0.91145, 0.018495, 9.1005, 2.2442, 0.032662, 6.8075, 3.2253, 0.081651, 0.22226, 0.0032641, 0.17518, 0.026772, 0.022397, 3.2945, 2.8909, 0.028135, 7.9608e-05, 7.172, 0.28036, 8.7349e-05, 4.6035, 0.67907, 0.00019984
97, 3, 0.19839, 0.09253, 0.29999, 1.25, 0.46631, 1.3285, 0.90987, 0.97288, 0.68117, 0.54435, 0.80528, 1.867, 0.91153, 0.01063, 1.5156, 0.45711, 0.00335, 8.7289, 0.69476, 0.03565, 1.1095, 0.99991, 1.1605, 0.58608, 0.57743, 1.8101, 1.9161, 0.65835, 0.0057837, 2.7867, 0.42512, 0.010271, 4.3219, 1.2206, 0.047872, 0.95445, 0.97021, 0.75533, 0.38223, 0.41516, 1.8097, -0.032733, 0.57175, 0.00078476, 0.82113, -0.011105, -0.00092634, 2.0287, 1.2204, 0.034185, 1.2645, 1.0296, 1.5657, 0.78993, 0.73969, 1.8105, 3.8649, 0.74494, 0.010783, 4.7523, 0.86135, 0.021468, 6.6152, 1.2207, 0.06156, 0.008883, 0.00032614, 0.060682, 0.015359, 0.0097317, 5.2231e-08, 1.4037, 0.0027717, 9.2365e-06, 1.428, 0.070335, 4.6342e-05, 1.9439, 1.1377e-08, 6.9244e-05, 0.34063, 0.90565, 0.47039, 0.33113, 0.33052, -1.1754, -0.89122, 0.3862, -0.0089324, -1.5761, -0.40046, -0.0038663, 0.85796, -0.13489, 0.024959, 1.8783, 1.0942, 1.8506, 0.84103, 0.82433, 4.7956, 4.7234, 0.93049, 0.0205, 7.1495, 1.2507, 0.024408, 7.7859, 2.576, 0.070786, 0.21849, 0.0032842, 0.17604, 0.024025, 0.022533, 3.2945, 2.9129, 0.027374, 8.0044e-05, 7.0353, 0.25192, 7.3871e-05, 4.4351, 0.67907, 0.00019406
98, 2.5, 0.1772, 0.06191, 0.62894, 0.97222, 0.71036, 1.4091, 1.0025, 0.86134, 0.61691, 0.12588, 1.074, 1.2008, 0.61036, 0.00308, 3.549, 0.76437, 0.01066, 1.4463, 1.797, 0.05289, 1.3578, 0.96315, 1.2011, 0.5939, 0.28618, 2.2483, 1.4214, 0.47288, 0.0078136, 1.6634, 0.82485, 0.00346, 2.4909, 1.9494, 0.05887, 1.19, 0.9284, 0.74904, 0.36412, 0.061921, 2.2479, -0.56687, 0.3674, 0.002249, -0.51359, 0.35735, -0.0077499, 0.57327, 1.9492, 0.042787, 1.5257, 0.99791, 1.6531, 0.82367, 0.51044, 2.2486, 3.4097, 0.57836, 0.013378, 3.8403, 1.2924, 0.01467, 4.4086, 1.9496, 0.074953, 0.010413, 0.00044642, 0.075529, 0.019514, 0.018589, 5.2231e-08, 1.4612, 0.0041124, 1.1445e-05, 1.7516, 0.080783, 4.6446e-05, 1.3592, 1.1377e-08, 9.5601e-05, 0.58627, 0.86718, 0.48245, 0.31778, -0.0052415, -0.73725, -1.4134, 0.19415, -0.0071041, -2.7987, -0.017675, -0.010687, -0.73668, 0.59397, 0.03445, 2.1293, 1.0591, 1.9197, 0.87002, 0.57761, 5.2338, 4.2562, 0.75161, 0.022731, 6.1254, 1.6674, 0.017607, 5.7185, 3.3049, 0.08329, 0.22002, 0.0034045, 0.19088, 0.02818, 0.03139, 3.2945, 2.9703, 0.028715, 8.2253e-05, 7.3589, 0.26237, 7.3975e-05, 3.8504, 0.67907, 0.00022042
99, 4.56, 0.08105, 0.02882, 0.2, 3.125, 0.47855, 0.49934, 1.0633, 1.2089, 0.51208, 0.61336, 3.274, 0.87046, 0.80291, 0.00028, 3.3333, 1.6087, 0.04241, 1.5459, 3.577, 0.05423, 0.98318, 1.049, 1.2835, 0.51878, 0.59134, 1.3572, 1.2821, 0.69364, 0.001419, 3.2869, 0.8554, 0.021105, 4.1492, 1.8113, 0.052918, 0.77925, 1.0147, 0.85801, 0.28306, 0.3529, 1.3568, -0.70627, 0.55819, -0.0035906, 1.0311, 0.13272, 0.0064706, 1.741, 1.8111, 0.040418, 1.1871, 1.0832, 1.709, 0.7545, 0.82977, 1.3576, 3.2704, 0.8291, 0.0064285, 5.5427, 1.5781, 0.035739, 6.5574, 1.8115, 0.065417, 0.015371, 0.00043414, 0.066913, 0.020537, 0.021013, 5.2231e-08, 1.4613, 0.0067814, 9.2756e-06, 1.8808, 0.19304, 7.9153e-05, 2.1436, 1.1377e-08, 5.7749e-05, 0.203, 0.95316, 0.58126, 0.23769, 0.28887, -1.6283, -1.5528, 0.40225, -0.013301, -1.2141, -0.15136, 0.0041153, 0.60805, 0.45584, 0.030693, 1.7634, 1.1448, 1.9857, 0.79987, 0.8938, 4.3427, 4.117, 0.98504, 0.016139, 7.7879, 1.8622, 0.038094, 7.6903, 3.1667, 0.075142, 0.22497, 0.0033922, 0.18227, 0.029203, 0.033815, 3.2945, 2.9704, 0.031384, 8.0084e-05, 7.488, 0.37462, 0.00010668, 4.6348, 0.67907, 0.00018257
100, 4.7, 0.26135, 0.06701, 0.42785, 2.6667, 0.48527, 1.3974, 1.0483, 1.6911, 0.35465, 0.12328, 0.01801, 0.78515, 0.68615, 0.00782, 4.7938, 0.07053, 0.01432, 1.646, 2.1993, 0.07582, 1.3503, 1.0075, 1.4915, 0.4823, 0.49946, 1.3789, 1.318, 0.63007, 0.0020891, 4.5057, 0.84536, 0.012696, 3.1235, 1.7733, 0.059993, 1.1522, 0.97134, 1.034, 0.24665, 0.25915, 1.3785, -0.67027, 0.50352, -0.003232, 2.2284, 0.12707, -0.0034909, 0.71549, 1.7731, 0.044266, 1.5483, 1.0437, 1.9489, 0.71796, 0.73977, 1.3793, 3.3064, 0.75662, 0.0074102, 6.783, 1.5637, 0.028883, 5.5315, 1.7735, 0.075719, 0.0145, 0.00048367, 0.077355, 0.020526, 0.021345, 5.2231e-08, 1.4612, 0.0059196, 1.0465e-05, 1.9169, 0.1907, 9.6847e-05, 2.1432, 1.1377e-08, 9.1411e-05, 0.57161, 0.91101, 0.76938, 0.20127, 0.19551, -1.6066, -1.5168, 0.34271, -0.01274, -0.0061596, -0.15825, -0.0056478, -0.41748, 0.41787, 0.035805, 2.1289, 1.104, 2.2135, 0.76333, 0.80341, 4.3644, 4.1529, 0.91744, 0.016918, 9.0176, 1.849, 0.03104, 6.6645, 3.1288, 0.08418, 0.2241, 0.0034418, 0.19271, 0.029191, 0.034146, 3.2945, 2.9704, 0.030522, 8.1273e-05, 7.5241, 0.37229, 0.00012438, 4.6344, 0.67907, 0.00021623
101, 4.56, 0.32421, 0.04323, 0.3, 2.0833, 0.78689, 0.88302, 0.99911, 0.71558, 0.44657, 0.70225, 1.5564, 0.57684, 0.6773, 0.00397, 3.429, 1.5652, 0.00234, 6.369, 0.77082, 0.05335, 0.99092, 1.0063, 1.1295, 0.48849, 0.63133, 2.6548, 1.2128, 0.65868, 0.0087614, 3.4996, 1.1323, 0.0097488, 4.6935, 1.5588, 0.05201, 0.81861, 0.97531, 0.79308, 0.36664, 0.5005, 2.6545, -0.20157, 0.56325, 0.003779, 1.7205, 0.71794, 0.0029808, 3.1843, 1.5586, 0.039909, 1.1632, 1.0373, 1.4659, 0.61034, 0.76216, 2.6552, 2.6272, 0.75411, 0.013744, 5.2787, 1.5466, 0.016517, 6.2027, 1.559, 0.064112, 0.010974, 0.00035456, 0.041828, 0.005488, 0.0063266, 5.2231e-08, 0.73938, 0.0033662, 9.1754e-06, 1.1699, 0.063449, 1.693e-05, 0.84187, 1.1377e-08, 5.413e-05, 0.21841, 0.91161, 0.47736, 0.2928, 0.40384, -0.33068, -1.2537, 0.3836, -0.005949, -0.78245, 0.31804, -0.0012187, 1.6905, 0.20335, 0.030007, 1.7634, 1.101, 1.7816, 0.68418, 0.85882, 5.6404, 3.6793, 0.93376, 0.023472, 7.7816, 1.9465, 0.020716, 7.6964, 2.9142, 0.074014, 0.22058, 0.0033126, 0.15718, 0.014154, 0.019128, 3.2945, 2.2485, 0.027969, 7.9983e-05, 6.7772, 0.24504, 4.446e-05, 3.3331, 0.67907, 0.00017895
102, 3, 0.21736, 0.06894, 0.10552, 1.5151, 0.47661, 0.74171, 0.94301, 1.3895, 0.55727, 0.71059, 0.38427, 0.76941, 0.96923, 0.00379, 0.66814, 1.0175, 0.00081, 5.0321, 0.81487, 0.04569, 0.82452, 1.0095, 1.1194, 0.49217, 0.4479, 1.7562, 1.4157, 0.75776, 0.0049965, 5.5657, 1.1875, 0.0045505, 5.0205, 0.90914, 0.051787, 0.67778, 0.98496, 0.87643, 0.41267, 0.3713, 1.7558, 0.4636, 0.6826, 0.0011146, 4.4226, 0.90993, 2.1725e-06, 3.8193, 0.90897, 0.044194, 0.97126, 1.034, 1.3624, 0.57167, 0.5245, 1.7565, 2.3677, 0.83291, 0.0088783, 6.7088, 1.4652, 0.0090988, 6.2218, 0.90932, 0.05938, 0.0079587, 0.0002225, 0.021824, 0.002336, 0.0021687, 5.2231e-08, 0.33503, 0.0020876, 5.5696e-06, 0.48295, 0.028485, 7.6462e-06, 0.53336, 1.1377e-08, 2.1311e-05, 0.0573, 0.91674, 0.51021, 0.31965, 0.24665, -1.2294, -0.81805, 0.48904, -0.0093786, 1.5065, 0.43365, -0.0052049, 2.1599, -0.4463, 0.031903, 1.5917, 1.1023, 1.7286, 0.6647, 0.64915, 4.7417, 3.6494, 1.0265, 0.019372, 9.6249, 1.9414, 0.014306, 7.8811, 2.2646, 0.071671, 0.21756, 0.0031806, 0.13718, 0.011002, 0.01497, 3.2945, 1.8442, 0.02669, 7.6377e-05, 6.0902, 0.21007, 3.5175e-05, 3.0246, 0.67907, 0.00014613
103, 1.5, 0.08881, 0.13334, 0.14145, 0.93633, 0.2675, 0.30551, 1.0602, 1.9406, 0.41516, 0.16556, 2.2003, 0.82535, 0.8099, 0.00011, 8.6459, 1.8966, 0.0011, 1.381, 0.93641, 0.05191, 0.85536, 1.0208, 1.2828, 0.48389, 0.55401, 1.3892, 1.388, 0.79525, 0.0035307, 5.4236, 0.85075, 0.0037702, 4.4607, 0.70476, 0.041912, 0.67654, 0.98349, 0.82488, 0.24849, 0.30688, 1.3888, -0.60031, 0.67601, -0.001932, 3.3493, 0.15912, -0.012519, 2.0553, 0.70458, 0.025745, 1.0342, 1.0581, 1.7407, 0.71928, 0.80114, 1.3896, 3.3762, 0.9145, 0.0089934, 7.4979, 1.5424, 0.020059, 6.866, 0.70493, 0.058079, 0.01182, 0.00051399, 0.077498, 0.02048, 0.022573, 5.2231e-08, 1.4611, 0.0052557, 1.103e-05, 1.5903, 0.1768, 9.8072e-05, 2.1385, 1.1377e-08, 9.6608e-05, 0.081369, 0.92386, 0.56044, 0.20307, 0.24464, -1.5963, -1.4469, 0.51103, -0.011349, 1.0108, -0.13395, -0.014664, 0.92151, -0.65069, 0.017436, 1.6294, 1.1177, 2.0051, 0.7647, 0.86338, 4.3747, 4.2228, 1.0795, 0.018411, 9.8365, 1.8354, 0.022204, 7.9999, 2.0602, 0.066388, 0.22142, 0.0034721, 0.19285, 0.029146, 0.035375, 3.2945, 2.9703, 0.029858, 8.1837e-05, 7.1976, 0.35839, 0.0001256, 4.6297, 0.67907, 0.00022143
104, 3.9167, 0.14201, 0.10898, 0.20001, 1.3229, 0.28418, 0.91609, 1.075, 1.2074, 0.2563, 0.04975, 1.2689, 1.0536, 0.56052, 0.00071, 9.9705, 1.8945, 0.00856, 1.5215, 1.7961, 0.07913, 1.0314, 1.0133, 1.2668, 0.50144, 0.38109, 1.5488, 1.2016, 0.67406, 0.0062146, 3.7237, 0.90989, 0.0065115, 3.9863, 1.1645, 0.059439, 0.87554, 0.9854, 0.81863, 0.27596, 0.17928, 1.5484, -0.71624, 0.58092, 0.0014591, 2.0859, 0.46441, -0.0086251, 1.6094, 1.1643, 0.044663, 1.1873, 1.0413, 1.7149, 0.72693, 0.5829, 1.5492, 3.1195, 0.76719, 0.01097, 5.3615, 1.3554, 0.021648, 6.3631, 1.1647, 0.074215, 0.0089787, 0.0002888, 0.074232, 0.018793, 0.015054, 5.2231e-08, 1.3595, 0.0032061, 8.3588e-06, 0.99144, 0.073351, 8.4683e-05, 2.0881, 1.1377e-08, 8.0695e-05, 0.26239, 0.91962, 0.55059, 0.22888, 0.10657, -1.4367, -1.5843, 0.39976, -0.0084206, -0.50162, 0.07938, -0.010913, 0.46638, -0.19094, 0.035859, 1.8004, 1.1071, 1.983, 0.77401, 0.65561, 4.5343, 3.9875, 0.94835, 0.02085, 7.949, 1.7404, 0.023935, 7.5061, 2.52, 0.083019, 0.21858, 0.0032469, 0.18959, 0.027458, 0.027855, 3.2945, 2.8687, 0.027808, 7.9167e-05, 6.5987, 0.25494, 0.00011221, 4.5793, 0.67907, 0.00020551
105, 4.56, 0.08105, 0.04323, 0.3, 2.0833, 0.43786, 0.51249, 1.0954, 1.2942, 0.51115, 0.63118, 2.4692, 0.86357, 0.75153, 0.00029, 3.0187, 1.2588, 0.01808, 5.6359, 2.9373, 0.05629, 0.98828, 1.0454, 1.2035, 0.74403, 0.70718, 1.5431, 1.0673, 0.71789, 0.0041094, 3.3475, 0.64233, 0.033002, 5.9942, 1.8465, 0.067916, 0.81891, 1.0171, 0.87049, 0.61953, 0.58001, 1.5428, -0.34657, 0.62636, -0.00066923, 1.5767, 0.26266, 0.025847, 4.4977, 1.8463, 0.056311, 1.1576, 1.0736, 1.5366, 0.86853, 0.83434, 1.5435, 2.4811, 0.80943, 0.008888, 5.1184, 1.022, 0.040156, 7.4906, 1.8467, 0.079522, 0.010602, 0.00029436, 0.040994, 0.0057291, 0.0059767, 5.2231e-08, 0.73882, 0.0030968, 8.4401e-06, 1.1591, 0.05328, 1.8918e-05, 0.8277, 1.1377e-08, 4.9784e-05, 0.21642, 0.95155, 0.55313, 0.54668, 0.48178, -1.4424, -1.3989, 0.44414, -0.010533, -0.93109, -0.15481, 0.021791, 2.9976, 0.49105, 0.046182, 1.7601, 1.1392, 1.8539, 0.94138, 0.93258, 4.5287, 3.5334, 0.99165, 0.018752, 7.6262, 1.4395, 0.044212, 8.9907, 3.202, 0.089651, 0.2202, 0.0032524, 0.15635, 0.014395, 0.018778, 3.2945, 2.248, 0.027699, 7.9248e-05, 6.7663, 0.23487, 4.6447e-05, 3.3189, 0.67907, 0.0001746
106, 3.6004, 0, 0, 0.11998, 1.25, 0.59586, 0.21088, 1.07, 1.04, 0.56964, 0.74961, 0.08816, 0.39666, 0.98202, 0.00025, 1.2741, 0.24701, 0.00499, 5.9445, 1.3836, 0.06743, 0.84439, 1.0441, 0.98344, 0.54531, 0.46981, 2.2222, 1.4386, 0.72104, 0.0091476, 2.3429, 0.74712, 0.015333, 4.9234, 1.6346, 0.054199, 0.67097, 0.99865, 0.52449, 0.30998, 0.21778, 2.2218, -0.54608, 0.5763, 0.0035043, 0.39849, 0.094764, -0.0011558, 2.5151, 1.6344, 0.038032, 1.0178, 1.0895, 1.4424, 0.78064, 0.72184, 2.2226, 3.4233, 0.86578, 0.014791, 4.2874, 1.3995, 0.031821, 7.3316, 1.6348, 0.070365, 0.011117, 0.00076341, 0.077852, 0.020469, 0.023477, 5.2231e-08, 1.4559, 0.0077432, 1.1771e-05, 1.3975, 0.1573, 0.00010049, 2.1436, 1.1377e-08, 9.6598e-05, 0.07163, 0.94375, 0.26044, 0.26455, 0.15652, -0.7633, -1.3937, 0.42521, -0.0057996, -2.0104, -0.21041, -0.0032778, 1.3822, 0.27914, 0.029723, 1.6172, 1.1444, 1.7064, 0.82607, 0.7831, 5.2077, 4.2709, 1.0169, 0.024095, 6.6963, 1.7047, 0.033943, 8.4645, 2.99, 0.078674, 0.22072, 0.0037215, 0.19321, 0.029135, 0.036278, 3.2945, 2.965, 0.032345, 8.2579e-05, 7.0047, 0.33888, 0.00012802, 4.6348, 0.67907, 0.00022142
107, 4.7, 0.41303, 0.17869, 0.4617, 1.3333, 0.31366, 1.5232, 1.0995, 1.5454, 0.51078, 0.57717, 1.1224, 0.74663, 0.87513, 0.00392, 8.8641, 0.85558, 0.00397, 2.8428, 0.97708, 0.07179, 1.4007, 1.0084, 1.3615, 0.53568, 0.6233, 1.7407, 0.88033, 0.73774, 0.0016036, 7.8418, 1.1238, 0.0037354, 2.7357, 1.0983, 0.061063, 1.2309, 0.96936, 0.96722, 0.40679, 0.45122, 1.7403, -0.47121, 0.61398, -0.0036187, 6.1128, 0.75002, -0.0078259, 0.73113, 1.0981, 0.047525, 1.5705, 1.0473, 1.7558, 0.66458, 0.79538, 1.7411, 2.2319, 0.8615, 0.0068258, 9.5708, 1.4975, 0.015297, 4.7402, 1.0984, 0.074602, 0.010655, 0.00056193, 0.057459, 0.0061408, 0.010944, 5.2231e-08, 0.67516, 0.0056609, 1.008e-05, 1.1049, 0.051629, 4.9404e-05, 1.4852, 1.1377e-08, 6.7746e-05, 0.62877, 0.91076, 0.67772, 0.33554, 0.36984, -1.2448, -1.5507, 0.4516, -0.01319, 3.5803, 0.32942, -0.010692, -0.5443, -0.25718, 0.038238, 2.1727, 1.1059, 2.0453, 0.73583, 0.87677, 4.7262, 3.3113, 1.0239, 0.016397, 12.103, 1.9181, 0.018163, 6.0157, 2.4537, 0.083888, 0.22026, 0.00352, 0.17281, 0.014806, 0.023746, 3.2945, 2.1843, 0.030263, 8.0888e-05, 6.7122, 0.23322, 7.6933e-05, 3.9764, 0.67907, 0.00019256
108, 2.25, 0.30385, 0.0606, 0.15791, 2.0159, 0.83622, 0.54272, 0.90669, 1.9097, 0.26153, 0.24624, 4.0173, 7.6441, 0.68062, 0.01032, 1.7016, 0.22126, 0.00152, 2.5061, 1.0259, 0.02441, 0.72392, 0.97821, 1.2517, 0.4146, 0.34903, 2.6744, 3.0393, 0.72337, 0.0057771, 4.3268, 0.58415, 0.004026, 4.8294, 0.97899, 0.045313, 0.54663, 0.95091, 0.92001, 0.2949, 0.22324, 2.674, 1.6321, 0.63269, 0.0010739, 2.4695, 0.19017, -0.0030624, 3.1776, 0.97881, 0.033713, 0.90122, 1.0055, 1.5834, 0.53429, 0.47482, 2.6747, 4.4464, 0.81405, 0.01048, 6.184, 0.97813, 0.011114, 6.4813, 0.97916, 0.056912, 0.011618, 0.00027538, 0.04066, 0.0052953, 0.0058486, 5.2231e-08, 0.73183, 0.0030393, 8.1758e-06, 1.275, 0.057371, 1.8571e-05, 1.0086, 1.1377e-08, 4.9732e-05, -0.049718, 0.88467, 0.60199, 0.22025, 0.1244, -0.31117, 0.57694, 0.4499, -0.0088412, 0.011653, -0.21991, -0.0071421, 1.7523, -0.37646, 0.023581, 1.4976, 1.0717, 1.9014, 0.60895, 0.57366, 5.6599, 5.5016, 0.99684, 0.020395, 8.6419, 1.3882, 0.015194, 7.9066, 2.3344, 0.067044, 0.22122, 0.0032335, 0.15602, 0.013961, 0.01865, 3.2945, 2.241, 0.027642, 7.8984e-05, 6.8822, 0.23896, 4.6101e-05, 3.4998, 0.67907, 0.00017455
109, 3.75, 0.72522, 0.11557, 0.35142, 0.99099, 0.57282, 1.1724, 0.92333, 1.9126, 0.24361, 0.58794, 1.2371, 0.43781, 0.46108, 0.0002, 7.1984, 1.7411, 0.00223, 6.7136, 0.38182, 0.06873, 1.5282, 0.97195, 1.7485, 0.24069, 0.53092, 1.899, 1.457, 0.78524, 0.0066082, 7.3348, 0.69834, 0.0010833, 4.1525, 0.37575, 0.05889, 1.3493, 0.93345, 1.3289, 0.041791, 0.33235, 1.8987, -0.52631, 0.66487, 0.0011758, 5.1026, 0.20159, -0.0073331, 2.3447, 0.37557, 0.04275, 1.707, 1.0104, 2.1682, 0.4396, 0.72949, 1.8994, 3.4402, 0.9056, 0.012041, 9.567, 1.1951, 0.0094997, 5.9602, 0.37592, 0.075031, 0.011821, 0.00054781, 0.065099, 0.014623, 0.014573, 5.2231e-08, 1.4538, 0.0053547, 1.0908e-05, 1.8416, 0.091207, 2.6182e-05, 1.2079, 1.1377e-08, 9.6289e-05, 0.75418, 0.87456, 1.0498, -0.010319, 0.25878, -1.0865, -1.3744, 0.50054, -0.0082607, 2.8456, -0.16076, -0.010971, 0.98893, -0.9797, 0.034432, 2.3022, 1.0693, 2.4473, 0.49171, 0.80307, 4.8846, 4.2883, 1.0699, 0.021477, 11.824, 1.5574, 0.013138, 7.316, 1.7312, 0.083349, 0.22142, 0.0035059, 0.18045, 0.023288, 0.027375, 3.2945, 2.963, 0.029957, 8.1715e-05, 7.4489, 0.27279, 5.3711e-05, 3.6991, 0.67907, 0.00022111
110, 2, 0.09264, 0.04073, 0.34991, 2, 0.79893, 0.56615, 1.098, 1.1462, 0.2966, 0.42366, 0.74537, 2.0915, 0.90745, 0.01102, 3.9385, 1.9587, 0.02522, 1.3313, 1.0788, 0.06602, 0.81259, 1.0314, 1.1276, 0.53064, 0.5185, 2.4058, 1.2944, 0.64631, 0.0039932, 2.8939, 0.95037, 0.014102, 3.5669, 1.7216, 0.070091, 0.63069, 1.0012, 0.6793, 0.30169, 0.38606, 2.4054, -0.67637, 0.54506, -0.00048295, 1.0648, 0.43157, -0.0018035, 1.1883, 1.7214, 0.059628, 0.99449, 1.0616, 1.5759, 0.7596, 0.65095, 2.4062, 3.2651, 0.74756, 0.0084693, 4.7229, 1.4692, 0.030007, 5.9454, 1.7217, 0.080554, 0.012229, 0.00033716, 0.074275, 0.019375, 0.0064836, 5.2231e-08, 1.4355, 0.0037893, 7.4055e-06, 1.2365, 0.099481, 9.3504e-05, 2.0911, 1.1377e-08, 4.0465e-05, 0.037884, 0.93696, 0.4113, 0.25521, 0.29008, -0.57974, -1.5282, 0.36916, -0.010554, -1.4092, 0.078333, -0.0039941, 0.045831, 0.36612, 0.048944, 1.5873, 1.1258, 1.8439, 0.80608, 0.74692, 5.3913, 4.1169, 0.92347, 0.01854, 7.1969, 1.8224, 0.032198, 7.0879, 3.077, 0.091238, 0.22183, 0.0032952, 0.18963, 0.028041, 0.019285, 3.2945, 2.9446, 0.028392, 7.8213e-05, 6.8438, 0.28107, 0.00012103, 4.5823, 0.67907, 0.00016528
111, 4, 0.16546, 0.09921, 0.38996, 1.5333, 0.36631, 1.047, 0.94381, 1.831, 0.35225, 0.02547, 1.6428, 0.42134, 0.36263, 0.00817, 1.195, 0.26831, 0.00114, 1.0004, 1.732, 0.04851, 1.1577, 0.98802, 1.2997, 0.51286, 0.28379, 1.5304, 1.3632, 0.5509, 0.0024741, 3.5493, 0.91587, 0.0088432, 3.0332, 1.5566, 0.055133, 0.98689, 0.95927, 0.8497, 0.28976, 0.086663, 1.53, -0.61098, 0.45968, -0.0023725, 1.5537, 0.42958, -0.0057074, 0.66683, 1.5564, 0.039044, 1.3286, 1.0168, 1.7498, 0.73597, 0.48092, 1.5308, 3.3374, 0.64212, 0.0073207, 5.545, 1.4022, 0.023394, 5.3996, 1.5568, 0.071222, 0.010788, 0.00030544, 0.074859, 0.018398, 0.014363, 5.2231e-08, 1.4406, 0.0030758, 8.682e-06, 1.472, 0.087405, 7.8254e-05, 2.0697, 1.1377e-08, 9.5675e-05, 0.38554, 0.89405, 0.58236, 0.24227, 0.012693, -1.4551, -1.4618, 0.27725, -0.012191, -0.82715, 0.06278, -0.0080742, -0.47959, 0.20117, 0.030708, 1.9299, 1.082, 2.0171, 0.78346, 0.55489, 4.5159, 4.1882, 0.82455, 0.017139, 7.9257, 1.769, 0.025761, 6.546, 2.9121, 0.079557, 0.22039, 0.0032635, 0.19021, 0.027063, 0.027164, 3.2945, 2.9497, 0.027678, 7.949e-05, 7.0793, 0.26899, 0.00010578, 4.5609, 0.67907, 0.00022049
112, 1.9912, 0.26268, 0.05645, 0.15009, 1.0526, 0.66684, 0.29321, 0.99178, 1.5849, 0.62031, 0.81081, 1.4757, 0.091, 0.94676, 0.00034, 9.007, 0.68064, 6e-05, 6.4418, 2.8807, 0.04967, 0.98886, 0.98868, 1.3604, 0.37679, 0.33556, 2.2647, 1.3174, 0.80144, 0.0090009, 5.1187, 0.36, 0.0083788, 4.4962, 0.8348, 0.044783, 0.82604, 0.9601, 0.93735, 0.15544, 0.15911, 2.2643, -0.65526, 0.70773, 0.0042598, 3.2708, -0.11393, -0.0045549, 2.4916, 0.83463, 0.029951, 1.1517, 1.0172, 1.7834, 0.59814, 0.51202, 2.2651, 3.29, 0.89516, 0.013742, 6.9666, 0.83394, 0.021312, 6.5007, 0.83498, 0.059615, 0.0097981, 0.0003017, 0.066141, 0.018109, 0.011508, 5.2231e-08, 1.4383, 0.0032461, 8.3082e-06, 1.2621, 0.083019, 6.1829e-05, 1.4852, 1.1377e-08, 8.1313e-05, 0.2184, 0.89476, 0.65963, 0.10765, 0.079107, -0.72083, -1.5065, 0.52695, -0.0056296, 0.80758, -0.48611, -0.0071699, 1.2162, -0.52065, 0.021167, 1.7593, 1.0826, 2.0611, 0.64594, 0.59202, 5.2502, 4.1413, 1.0759, 0.023631, 9.4297, 1.2061, 0.023927, 7.7762, 2.1903, 0.068398, 0.2194, 0.0032598, 0.1815, 0.026775, 0.02431, 3.2945, 2.9474, 0.027848, 7.9116e-05, 6.8694, 0.26461, 8.9358e-05, 3.9764, 0.67907, 0.00020613
113, 2.9733, 0.30271, 0.12022, 0.10006, 1.1111, 0.41343, 1.7393, 0.97657, 1.4911, 0.40595, 0.57538, 1.2935, 0.75638, 0.81055, 0.0006, 5.4275, 0.57931, 0.00029, 5.6108, 0.41887, 0.03237, 0.97587, 0.96806, 1.2103, 0.44252, 0.43138, 1.912, 1.2344, 0.82288, 0.0092393, 6.4105, 0.60512, 0.014313, 4.5, 0.55366, 0.048983, 0.80935, 0.9417, 0.7804, 0.21862, 0.26016, 1.9116, -0.73003, 0.73821, 0.0049315, 4.7303, 0.046757, 0.00053871, 2.1793, 0.55348, 0.034296, 1.1424, 0.99442, 1.6403, 0.66642, 0.60261, 1.9124, 3.1989, 0.90754, 0.013547, 8.0907, 1.1635, 0.028088, 6.8207, 0.55383, 0.06367, 0.010249, 0.00025681, 0.068324, 0.018529, 0.010836, 5.2231e-08, 1.4264, 0.0026493, 6.8588e-06, 1.0434, 0.11523, 7.0132e-05, 1.9906, 1.1377e-08, 7.9731e-05, 0.20463, 0.8748, 0.50539, 0.17127, 0.17849, -1.0735, -1.5838, 0.55134, -0.0052566, 2.1686, -0.29102, -0.0019415, 1.0178, -0.80179, 0.025458, 1.7471, 1.0613, 1.9153, 0.71377, 0.68427, 4.8975, 4.0526, 1.0944, 0.023735, 10.652, 1.5013, 0.030568, 7.9822, 1.9091, 0.072508, 0.21985, 0.0032149, 0.18368, 0.027194, 0.023638, 3.2945, 2.9355, 0.027252, 7.7667e-05, 6.6507, 0.29682, 9.7661e-05, 4.4818, 0.67907, 0.00020455
114, 4, 0.22752, 0.02783, 0.5276, 1.75, 0.66824, 1.4755, 1.0446, 1.0799, 0.35622, 0.10681, 1.5015, 0.23729, 0.29876, 0.01249, 1.4912, 0.39396, 0.01268, 1.6221, 2.9859, 0.0571, 1.2834, 0.99575, 1.2654, 0.50576, 0.30033, 1.9208, 1.276, 0.56051, 0.0071222, 3.4795, 0.51239, 0.010313, 3.3439, 2.0096, 0.059992, 1.1, 0.9582, 0.81262, 0.2713, 0.088349, 1.9204, -0.70472, 0.44736, 0.0015966, 1.3666, -0.090798, -0.0057589, 0.95809, 2.0095, 0.044472, 1.4668, 1.0333, 1.7182, 0.74021, 0.51231, 1.9212, 3.2567, 0.67366, 0.012648, 5.5924, 1.1156, 0.026385, 5.7297, 2.0098, 0.075513, 0.012434, 0.00052123, 0.075773, 0.020317, 0.016609, 5.2231e-08, 1.45, 0.0047321, 1.1285e-05, 1.6501, 0.13448, 9.5473e-05, 2.1038, 1.1377e-08, 8.9033e-05, 0.50836, 0.89873, 0.5463, 0.22573, 0.018248, -1.0647, -1.5535, 0.27879, -0.007781, -0.95164, -0.41234, -0.0079294, -0.18203, 0.65419, 0.035939, 2.0585, 1.0928, 1.9845, 0.78578, 0.58241, 4.9063, 4.1055, 0.84223, 0.022025, 7.9107, 1.4371, 0.028556, 6.8698, 3.3651, 0.084046, 0.22204, 0.0034793, 0.19113, 0.028983, 0.02941, 3.2945, 2.9592, 0.029334, 8.2093e-05, 7.2574, 0.31606, 0.000123, 4.595, 0.67907, 0.00021385
115, 4.56, 0.32421, 0.04323, 0.2, 2.0833, 0.76092, 1.1431, 1.0049, 0.93255, 0.7148, 0.84837, 1.0764, 0.81761, 0.93878, 0.0023, 3.8334, 0.84776, 0.00824, 6.0415, 0.92583, 0.03857, 0.87986, 0.99663, 1.0735, 0.44477, 0.62472, 2.6516, 1.3436, 0.67339, 0.0051216, 3.7597, 1.2736, 0.0075207, 5.3515, 1.3643, 0.053518, 0.70778, 0.96766, 0.66931, 0.25031, 0.45079, 2.6513, -0.63193, 0.57906, 0.00015726, 1.8076, 0.84446, -0.0024805, 3.7464, 1.3642, 0.037653, 1.0519, 1.0256, 1.4777, 0.63922, 0.79865, 2.652, 3.3191, 0.76772, 0.010086, 5.7119, 1.7028, 0.017522, 6.9566, 1.3645, 0.069383, 0.010945, 0.00031035, 0.060385, 0.013976, 0.011182, 5.2231e-08, 1.4425, 0.0032885, 9.1089e-06, 1.4085, 0.068077, 3.697e-05, 0.95226, 1.1377e-08, 9.303e-05, 0.10739, 0.9026, 0.38396, 0.19726, 0.36999, -0.33389, -1.4823, 0.39869, -0.0095828, -0.59704, 0.45175, -0.0056893, 2.2992, 0.0088949, 0.02924, 1.6523, 1.0907, 1.7631, 0.69227, 0.87945, 5.6372, 4.1695, 0.94809, 0.019826, 8.1165, 2.0955, 0.020731, 8.4038, 2.7198, 0.077795, 0.22055, 0.0032684, 0.17574, 0.022641, 0.023983, 3.2945, 2.9516, 0.027891, 7.9917e-05, 7.0158, 0.24966, 6.4499e-05, 3.4435, 0.67907, 0.00021785
116, 4.6981, 0.13859, 0.04387, 0.1029, 0.84667, 0.28552, 0.44942, 1.0231, 1.7742, 0.33488, 0.44508, 0.54672, 3.0064, 0.97361, 0, 1.3673, 0.387, 0.0008, 7.7034, 4.9749, 0.05752, 1.028, 1.0374, 0.8764, 0.44619, 0.42284, 1.4831, 1.1883, 0.80314, 0.0069906, 3.9873, 0.67577, 0.014363, 7.3407, 1.2019, 0.054705, 0.87399, 1.0099, 0.51753, 0.31099, 0.29055, 1.4827, -0.14705, 0.71388, 0.0023599, 2.6376, 0.35411, 0.0033871, 5.6476, 1.2017, 0.042873, 1.182, 1.0648, 1.2353, 0.58139, 0.55514, 1.4835, 2.5236, 0.8924, 0.011621, 5.3371, 0.99743, 0.025339, 9.0337, 1.2021, 0.066537, 0.008768, 0.00027857, 0.047601, 0.006756, 0.006469, 5.2231e-08, 0.65905, 0.0029449, 7.9258e-06, 0.67339, 0.038241, 4.4526e-05, 1.0594, 1.1377e-08, 5.1745e-05, 0.25937, 0.94379, 0.21241, 0.24193, 0.19451, -1.5024, -1.2337, 0.53014, -0.0076045, -0.13487, -0.095433, 0.00040049, 4.2412, -0.15354, 0.032848, 1.7967, 1.131, 1.5404, 0.65045, 0.65118, 4.4686, 3.6103, 1.0761, 0.021586, 8.1095, 1.447, 0.028325, 10.44, 2.5574, 0.076561, 0.21837, 0.0032367, 0.16296, 0.015422, 0.01927, 3.2945, 2.1682, 0.027547, 7.8734e-05, 6.2806, 0.21983, 7.2055e-05, 3.5506, 0.67907, 0.00017656
117, 3.0022, 0.21681, 0.10674, 0.2059, 1.3386, 0.41882, 0.51079, 1.051, 1.1433, 0.6005, 0.60417, 1.4706, 0.27334, 0.83835, 0.00137, 6.5248, 0.01345, 0.00616, 6.678, 0.69303, 0.05306, 0.99149, 0.99324, 1.2757, 0.49718, 0.52649, 1.7684, 1.2271, 0.75836, 0.0058062, 4.1657, 0.48334, 0.0051186, 4.8108, 0.96861, 0.045138, 0.84854, 0.96574, 0.86507, 0.28898, 0.37888, 1.768, -0.71249, 0.67003, 0.00080511, 2.5748, 0.15544, -0.0080307, 2.4819, 0.96844, 0.03001, 1.1344, 1.0207, 1.6863, 0.70539, 0.67411, 1.7687, 3.1667, 0.84669, 0.010807, 5.7566, 0.81123, 0.018268, 7.1397, 0.96879, 0.060267, 0.0075529, 0.00027963, 0.062313, 0.016022, 0.0080539, 5.2231e-08, 1.3905, 0.0028836, 9.2445e-06, 0.93546, 0.039739, 6.3907e-05, 2.0047, 1.1377e-08, 8.459e-05, 0.22499, 0.89965, 0.58235, 0.23874, 0.28895, -1.2172, -1.5738, 0.48566, -0.0089106, -0.041632, -0.29049, -0.01061, 1.3231, -0.38684, 0.021336, 1.758, 1.0868, 1.969, 0.75563, 0.76403, 4.7539, 4.028, 1.0311, 0.020523, 8.373, 1.2572, 0.020847, 8.2985, 2.3241, 0.068941, 0.21715, 0.0032377, 0.17767, 0.024688, 0.020855, 3.2945, 2.8996, 0.027486, 8.0052e-05, 6.5427, 0.22133, 9.1436e-05, 4.4959, 0.67907, 0.00020941
118, 2.25, 0.34455, 0.13744, 0.0892, 1.0079, 0.51293, 1.7962, 0.94851, 0.92745, 0.34529, 0.28427, 2.3246, 0.9779, 0.56956, 0.00541, 8.9966, 0.19464, 0.00182, 3.9881, 0.23038, 0.03244, 0.8664, 0.98887, 1.3869, 0.40381, 0.30589, 2.2852, 1.358, 0.79857, 0.010691, 6.4658, 0.43717, 0.0043383, 4.3524, 0.35309, 0.039709, 0.70211, 0.95867, 0.94892, 0.17743, 0.10564, 2.2848, -0.5826, 0.69335, 0.0062668, 4.6665, -0.10302, -0.0092072, 1.9747, 0.35292, 0.024663, 1.0307, 1.0191, 1.8249, 0.63019, 0.50613, 2.2856, 3.2986, 0.9038, 0.015115, 8.2652, 0.97737, 0.017884, 6.7301, 0.35327, 0.054755, 0.009977, 0.0003369, 0.070903, 0.018942, 0.014821, 5.2231e-08, 1.3919, 0.0040928, 7.2344e-06, 1.1967, 0.10786, 6.7817e-05, 2.0896, 1.1377e-08, 8.3674e-05, 0.095636, 0.89445, 0.67702, 0.13051, 0.032512, -0.70034, -1.4436, 0.51994, -0.00384, 2.1753, -0.44776, -0.011723, 0.83195, -1.0024, 0.015959, 1.6372, 1.0833, 2.0968, 0.67711, 0.57926, 5.2707, 4.1596, 1.0772, 0.025222, 10.756, 1.3221, 0.0204, 7.8728, 1.7085, 0.063459, 0.21958, 0.003295, 0.18626, 0.027607, 0.027622, 3.2945, 2.9011, 0.028695, 7.8042e-05, 6.804, 0.28944, 9.5346e-05, 4.5808, 0.67907, 0.00020849
119, 3, 0.21736, 0.06894, 0.10552, 1.5151, 0.47661, 1.4733, 1.0656, 0.54998, 0.50302, 0.3207, 1.2563, 0.90325, 0.80235, 0.00028, 9.1492, 1.4945, 0.0051, 2.9339, 0.4588, 0.05764, 0.79674, 1.0003, 1.2783, 0.5068, 0.51395, 1.7562, 1.386, 0.77192, 0.0052725, 4.8352, 1.1127, 0.0033589, 5.4697, 0.90914, 0.049747, 0.65, 0.97575, 1.0353, 0.4273, 0.43735, 1.7558, 0.43389, 0.69676, 0.0013907, 3.6921, 0.83511, -0.0011894, 4.2685, 0.90897, 0.042153, 0.94348, 1.0248, 1.5212, 0.5863, 0.59055, 1.7565, 2.338, 0.84707, 0.0091544, 5.9783, 1.3903, 0.0079072, 6.671, 0.90932, 0.05734, 0.0079587, 0.0002225, 0.021824, 0.002336, 0.0021687, 5.2231e-08, 0.33503, 0.0020876, 5.5696e-06, 0.48295, 0.028485, 7.6462e-06, 0.53336, 1.1377e-08, 2.1311e-05, 0.029522, 0.90752, 0.66904, 0.33427, 0.3127, -1.2294, -0.84776, 0.5032, -0.0091025, 0.776, 0.35882, -0.0063965, 2.6091, -0.4463, 0.029863, 1.564, 1.093, 1.8875, 0.67932, 0.7152, 4.7417, 3.6197, 1.0406, 0.019648, 8.8945, 1.8666, 0.013114, 8.3303, 2.2646, 0.06963, 0.21756, 0.0031806, 0.13718, 0.011002, 0.01497, 3.2945, 1.8442, 0.02669, 7.6377e-05, 6.0902, 0.21007, 3.5175e-05, 3.0246, 0.67907, 0.00014613
120, 4.56, 0.32421, 0.04323, 0.3, 2.0833, 0.78689, 0.68576, 0.9811, 1.1317, 0.4226, 0.65159, 0.87109, 0.97315, 0.67327, 0.02257, 1.7121, 1.8787, 0.00922, 5.0359, 1.1051, 0.04749, 1.0013, 1.0084, 0.97859, 0.50367, 0.65637, 2.6548, 1.0186, 0.65923, 0.0063512, 3.8578, 1.0227, 0.0055176, 5.144, 1.5588, 0.054552, 0.82894, 0.97747, 0.64218, 0.38182, 0.52554, 2.6545, -0.39574, 0.5638, 0.0013688, 2.0787, 0.60838, -0.0012504, 3.6348, 1.5586, 0.04245, 1.1736, 1.0394, 1.315, 0.62552, 0.7872, 2.6552, 2.433, 0.75466, 0.011334, 5.6369, 1.437, 0.012286, 6.6532, 1.559, 0.066653, 0.010974, 0.00035456, 0.041828, 0.005488, 0.0063266, 5.2231e-08, 0.73938, 0.0033662, 9.1754e-06, 1.1699, 0.063449, 1.693e-05, 0.84187, 1.1377e-08, 5.413e-05, 0.22874, 0.91377, 0.32646, 0.30798, 0.42888, -0.33068, -1.4478, 0.38415, -0.0083593, -0.42425, 0.20849, -0.0054499, 2.1411, 0.20335, 0.032548, 1.7738, 1.1031, 1.6307, 0.69936, 0.88386, 5.6404, 3.4851, 0.93431, 0.021062, 8.1398, 1.8369, 0.016485, 8.147, 2.9142, 0.076555, 0.22058, 0.0033126, 0.15718, 0.014154, 0.019128, 3.2945, 2.2485, 0.027969, 7.9983e-05, 6.7772, 0.24504, 4.446e-05, 3.3331, 0.67907, 0.00017895
121, 3.0049, 0.1623, 0.05357, 0.04951, 1.3368, 0.45659, 1.2514, 0.95992, 0.77052, 0.41889, 0.37026, 1.436, 0.7106, 0.61358, 0.00273, 6.005, 0.07381, 0.01051, 9.2238, 0.11614, 0.02513, 0.8035, 1.0259, 1.2037, 0.48767, 0.5581, 1.748, 1.3581, 0.73899, 0.0054019, 5.5825, 0.46974, 0.0084487, 4.798, 0.92117, 0.047983, 0.6561, 0.99861, 0.83047, 0.30377, 0.41343, 1.7476, -0.4808, 0.65712, 0.00044367, 3.7864, 0.14739, -0.002203, 2.5212, 0.92099, 0.032899, 0.9509, 1.0531, 1.5769, 0.67157, 0.70277, 1.7484, 3.1971, 0.82087, 0.01036, 7.3786, 0.79209, 0.0191, 7.0747, 0.92134, 0.063068, 0.0080307, 0.00027425, 0.051479, 0.0125, 0.0077356, 5.2231e-08, 1.2499, 0.0024778, 9.0864e-06, 1.1924, 0.038406, 4.1935e-05, 1.9159, 1.1377e-08, 8.4104e-05, 0.036158, 0.93234, 0.53182, 0.24837, 0.32238, -1.2375, -1.374, 0.46832, -0.0093004, 1.2933, -0.30175, -0.0052604, 1.3449, -0.43428, 0.024209, 1.5708, 1.1194, 1.8755, 0.72697, 0.79382, 4.7335, 4.0903, 1.0097, 0.020104, 9.8717, 1.2412, 0.022158, 8.251, 2.2766, 0.071758, 0.21763, 0.0032323, 0.16683, 0.021166, 0.020537, 3.2945, 2.7591, 0.02708, 7.9894e-05, 6.7997, 0.21999, 6.9464e-05, 4.4071, 0.67907, 0.00020892
122, 4.5625, 0.14721, 0.04663, 0, 1.1778, 0.19263, 1.3507, 1.0793, 0.64349, 0.42826, 0.60469, 0.85331, 0.58128, 0.98999, 0.00128, 8.9719, 1.794, 0.00393, 4.3879, 0.26061, 0.05327, 1.0095, 1.0342, 1.2381, 0.35744, 0.52807, 1.0734, 1.1378, 0.81602, 0.0065706, 6.6702, 0.86774, 0.0042103, 5.8039, 0.95199, 0.056408, 0.83168, 1.0052, 0.8437, 0.12851, 0.35215, 1.073, -0.80873, 0.73097, 0.0017817, 4.8106, 0.24325, -0.007854, 3.4468, 0.95181, 0.043378, 1.1873, 1.0633, 1.6326, 0.58638, 0.70399, 1.0737, 3.0843, 0.90106, 0.011359, 8.5299, 1.4922, 0.016274, 8.161, 0.95216, 0.069439, 0.011686, 0.00031273, 0.057503, 0.019372, 0.011439, 5.2231e-08, 1.4004, 0.002673, 8.4765e-06, 1.2782, 0.14414, 5.3795e-05, 2.0535, 1.1377e-08, 6.2756e-05, 0.23573, 0.94017, 0.55427, 0.082022, 0.27198, -1.9122, -1.6679, 0.54436, -0.0080755, 2.3541, -0.071023, -0.010623, 2.2973, -0.40346, 0.033881, 1.7833, 1.1283, 1.922, 0.63287, 0.78416, 4.0589, 3.9435, 1.0877, 0.021217, 10.986, 1.8065, 0.019044, 9.3105, 2.3074, 0.078936, 0.22129, 0.0032708, 0.17286, 0.028038, 0.02424, 3.2945, 2.9096, 0.027275, 7.9284e-05, 6.8854, 0.32573, 8.1324e-05, 4.5447, 0.67907, 0.00018757
123, 6.5574, 0.1047, 0.0838, 0.50605, 0.88496, 0.24638, 0.8706, 1.074, 0.64377, 0.86394, 0.58756, 2.2467, 0.40053, 0.66611, 0.00057, 9.965, 0.31629, 0.01586, 3.4083, 2.1609, 0.08053, 1.2921, 1.0246, 1.1472, 0.7365, 0.48034, 1.6675, 1.6424, 0.5726, 0.0060612, 4.275, 0.67176, 0.023858, 2.4765, 2.1801, 0.071148, 1.1183, 0.9931, 0.75051, 0.55032, 0.3195, 1.6672, -0.32119, 0.4734, 0.00072669, 2.1722, 0.2854, 0.014526, 0.35676, 2.1799, 0.055711, 1.466, 1.056, 1.5439, 0.92267, 0.64119, 1.6679, 3.6061, 0.67181, 0.011396, 6.3777, 1.0581, 0.03319, 4.5962, 2.1803, 0.086585, 0.011169, 0.00036576, 0.058171, 0.012811, 0.0095627, 5.2231e-08, 1.4252, 0.0036374, 1.0518e-05, 1.6342, 0.055173, 3.2187e-05, 1.6607, 1.1377e-08, 8.8075e-05, 0.51927, 0.92973, 0.46204, 0.49544, 0.23436, -1.318, -1.1752, 0.29619, -0.0087723, -0.15132, -0.1286, 0.011147, -0.87513, 0.82467, 0.047148, 2.065, 1.1194, 1.8324, 0.97755, 0.72633, 4.6531, 4.4601, 0.84902, 0.020895, 8.7013, 1.4721, 0.036569, 5.828, 3.5356, 0.095148, 0.22077, 0.0033238, 0.17353, 0.021477, 0.022364, 3.2945, 2.9343, 0.02824, 8.1326e-05, 7.2415, 0.23676, 5.9716e-05, 4.1519, 0.67907, 0.00021289
124, 3.0049, 0.29103, 0.12422, 0, 1.3368, 0.34018, 0.13438, 0.93988, 1.0817, 0.31714, 0.3177, 1.1879, 0.76344, 0.69657, 0.00011, 5.1224, 0.31644, 0.00142, 2.3397, 1.0328, 0.02895, 0.85132, 0.97865, 1.3051, 0.37607, 0.55541, 1.6921, 1.3226, 0.90941, 0.0049597, 7.68, 0.47821, 0.0032202, 5.4817, 0.37327, 0.048688, 0.69782, 0.94733, 0.87352, 0.14533, 0.36473, 1.6917, -0.66218, 0.81894, -0.000425, 5.6543, -0.017561, -0.011196, 3.2003, 0.37309, 0.032871, 1.0048, 1.01, 1.7368, 0.60681, 0.7461, 1.6925, 3.3075, 0.99989, 0.010344, 9.7057, 0.97398, 0.017636, 7.7632, 0.37344, 0.064506, 0.0087088, 0.00036257, 0.068855, 0.019679, 0.013439, 5.2231e-08, 1.4561, 0.0030255, 1.0717e-05, 1.5167, 0.090846, 7.6816e-05, 1.9239, 1.1377e-08, 9.2475e-05, 0.082782, 0.88386, 0.59917, 0.099145, 0.28896, -1.2934, -1.5098, 0.63601, -0.0098919, 3.2897, -0.38032, -0.013582, 2.0255, -0.98218, 0.024442, 1.6199, 1.0734, 2.0111, 0.65299, 0.82186, 4.6776, 4.1551, 1.1828, 0.019811, 12.07, 1.3367, 0.020022, 8.9379, 1.7287, 0.072935, 0.21831, 0.0033206, 0.18421, 0.028344, 0.026241, 3.2945, 2.9652, 0.027628, 8.1525e-05, 7.1239, 0.27243, 0.00010434, 4.4151, 0.67907, 0.00021729
125, 4, 0.22305, 0.06497, 0.07227, 0.82812, 0.30042, 0.96552, 1.0856, 0.55059, 0.33942, 0.42883, 1.3077, 0.47894, 0.60757, 0.00495, 7.9526, 1.6812, 0.01629, 4.1865, 0.43928, 0.07077, 1.0117, 1.004, 1.2781, 0.35884, 0.51464, 1.4735, 1.4268, 0.83774, 0.0059192, 4.6671, 1.0778, 0.0065239, 5.1171, 0.83853, 0.05055, 0.85337, 0.9745, 0.84619, 0.16228, 0.32331, 1.4731, -0.44737, 0.73157, 0.0012363, 3.0113, 0.59425, -0.008031, 2.844, 0.83835, 0.035995, 1.1701, 1.0336, 1.7101, 0.55541, 0.70597, 1.4739, 3.3009, 0.94391, 0.010602, 6.3228, 1.5614, 0.021079, 7.3902, 0.8387, 0.065105, 0.0092694, 0.00032219, 0.068962, 0.014281, 0.01353, 5.2231e-08, 1.2982, 0.0041664, 8.1056e-06, 1.0133, 0.086428, 7.83e-05, 1.9098, 1.1377e-08, 7.8302e-05, 0.24221, 0.90982, 0.57196, 0.10968, 0.24773, -1.512, -1.3292, 0.55875, -0.0086925, 0.4348, 0.22627, -0.010397, 1.6664, -0.51692, 0.027107, 1.7813, 1.0982, 1.9843, 0.60801, 0.78155, 4.459, 4.1827, 1.1167, 0.020531, 8.8994, 1.9294, 0.023445, 8.5678, 2.194, 0.073992, 0.21887, 0.0032803, 0.18432, 0.022947, 0.026332, 3.2945, 2.8074, 0.028769, 7.8913e-05, 6.6206, 0.26801, 0.00010583, 4.401, 0.67907, 0.00020312
126, 3.0049, 0.23387, 0.07719, 0.14319, 1.3368, 0.52201, 0.71713, 1.0658, 1.0619, 0.67808, 0.3956, 1.4225, 0.47705, 0.62206, 0.00364, 3.115, 0.02526, 0.03344, 6.0033, 0.16016, 0.03458, 0.91743, 0.99646, 1.2127, 0.70387, 0.50438, 2.0079, 1.4456, 0.79162, 0.0063806, 5.2338, 0.46764, 0.010213, 5.0932, 0.93778, 0.049738, 0.77615, 0.9708, 0.84008, 0.54165, 0.38683, 2.0075, -0.35172, 0.7093, 0.0016971, 3.6443, 0.14561, -0.00054925, 2.8758, 0.93761, 0.036553, 1.0587, 1.0221, 1.5852, 0.86609, 0.62192, 2.0083, 3.2429, 0.87394, 0.011064, 6.8232, 0.78966, 0.020975, 7.3106, 0.93796, 0.062924, 0.007377, 0.00024339, 0.051308, 0.0097264, 0.005107, 5.2231e-08, 1.1939, 0.0025049, 8.1073e-06, 0.93374, 0.038329, 4.281e-05, 1.8173, 1.1377e-08, 6.4258e-05, 0.15124, 0.90339, 0.54115, 0.4808, 0.28426, -0.97764, -1.2587, 0.52081, -0.0082314, 1.027, -0.30372, -0.0035822, 1.679, -0.41766, 0.027121, 1.6836, 1.0895, 1.8842, 0.92694, 0.72449, 4.9934, 4.1499, 1.0624, 0.020993, 9.4406, 1.239, 0.024008, 8.5074, 2.2932, 0.072356, 0.21698, 0.0032015, 0.16666, 0.018392, 0.017908, 3.2945, 2.7031, 0.027107, 7.8915e-05, 6.541, 0.21992, 7.0339e-05, 4.3085, 0.67907, 0.00018908
127, 2, 0.35329, 0.12544, 0.20759, 0.78652, 0.498, 0.26529, 1.0591, 1.8561, 0.25017, 0.10517, 2.8836, 2.3685, 0.71813, 0.00015, 3.775, 0.07673, 0.00094, 1.697, 1.6013, 0.03549, 1.0177, 0.98888, 1.3368, 0.37142, 0.3347, 2.0093, 1.3189, 0.71936, 0.0046412, 6.9016, 0.72164, 0.00060847, 4.1969, 0.50664, 0.044628, 0.83644, 0.95826, 0.8975, 0.14581, 0.12988, 2.0089, -0.65378, 0.61576, -0.00023512, 5.0386, 0.14611, -0.013122, 1.8168, 0.50646, 0.028934, 1.199, 1.0195, 1.776, 0.59704, 0.53952, 2.0096, 3.2915, 0.82295, 0.0095175, 8.7646, 1.2972, 0.014339, 6.577, 0.50681, 0.060322, 0.012145, 0.00034644, 0.071319, 0.018814, 0.015506, 5.2231e-08, 1.4383, 0.0039664, 8.7888e-06, 1.2828, 0.12243, 6.9684e-05, 2.0938, 1.1377e-08, 9.1039e-05, 0.24314, 0.89432, 0.6261, 0.098757, 0.057955, -0.97627, -1.505, 0.44134, -0.010034, 2.584, -0.18529, -0.015609, 0.6748, -0.84881, 0.020462, 1.7923, 1.0834, 2.0474, 0.64409, 0.61144, 4.9948, 4.1427, 0.99737, 0.019316, 11.219, 1.6286, 0.016826, 7.7189, 1.8621, 0.068794, 0.22175, 0.0033045, 0.18667, 0.02748, 0.028307, 3.2945, 2.9474, 0.028569, 7.9597e-05, 6.89, 0.30402, 9.7213e-05, 4.585, 0.67907, 0.00021586
128, 3, 0.27345, 0.03343, 0.04505, 1.7018, 0.64253, 0.28535, 1.0802, 1.8424, 0.36976, 0.38865, 0.92983, 0.89203, 0.95683, 0.00043, 8.4101, 1.6111, 0.00541, 9.105, 0.59763, 0.05459, 0.77286, 0.98695, 1.3735, 0.30715, 0.43463, 2.0894, 1.59, 0.78771, 0.0075578, 6.011, 0.55949, 0.0073557, 5.2829, 0.86824, 0.063117, 0.59773, 0.95738, 0.93321, 0.077979, 0.25082, 2.0891, -0.38573, 0.6849, 0.0027716, 4.1071, 0.024842, -0.0076065, 2.8872, 0.86806, 0.050208, 0.94799, 1.0165, 1.8138, 0.53632, 0.61844, 2.0898, 3.5657, 0.89052, 0.012344, 7.9149, 1.0941, 0.022318, 7.6786, 0.86841, 0.076025, 0.011336, 0.00032338, 0.071659, 0.019412, 0.012488, 5.2231e-08, 1.4428, 0.0039066, 8.4669e-06, 1.3398, 0.10565, 8.2744e-05, 2.1214, 1.1377e-08, 6.159e-05, -0.00028989, 0.89273, 0.66221, 0.031534, 0.17305, -0.8961, -1.2361, 0.50998, -0.0070874, 1.6757, -0.32206, -0.0099171, 1.7503, -0.48721, 0.040659, 1.546, 1.0812, 2.0848, 0.58277, 0.69621, 5.075, 4.416, 1.0654, 0.022203, 10.346, 1.4411, 0.024628, 8.8156, 2.2237, 0.085574, 0.22094, 0.0032815, 0.18701, 0.028078, 0.02529, 3.2945, 2.9519, 0.028509, 7.9275e-05, 6.947, 0.28724, 0.00011027, 4.6126, 0.67907, 0.00018641
129, 2, 0.35621, 0.05167, 0.18994, 1, 0.8647, 1.7308, 1.0679, 0.67742, 0.41156, 0.36763, 1.0482, 0.64669, 0.62777, 0.00068, 8.7882, 0.40591, 0.00708, 3.1943, 0.37958, 0.03473, 0.92126, 1.0053, 1.2965, 0.42142, 0.25416, 2.897, 1.2772, 0.68907, 0.0085028, 5.0272, 0.33782, 0.0046602, 4.3651, 0.83712, 0.045625, 0.76131, 0.97305, 0.85482, 0.19612, 0.046914, 2.8966, -0.67724, 0.57669, 0.0035469, 3.2059, -0.14812, -0.010694, 2.0306, 0.83694, 0.030158, 1.0812, 1.0375, 1.7381, 0.64673, 0.4614, 2.8974, 3.2316, 0.80145, 0.013459, 6.8485, 0.82375, 0.020015, 6.6995, 0.83729, 0.061093, 0.0094563, 0.00038412, 0.072091, 0.018762, 0.015874, 5.2231e-08, 1.4118, 0.0046682, 9.0781e-06, 1.2261, 0.087277, 8.7139e-05, 2.0142, 1.1377e-08, 8.8429e-05, 0.15141, 0.9102, 0.58432, 0.14901, -0.024383, -0.088538, -1.534, 0.40766, -0.0061987, 0.72749, -0.51508, -0.012953, 0.87371, -0.51833, 0.021606, 1.6911, 1.1004, 2.0086, 0.69383, 0.53269, 5.8825, 4.0884, 0.97048, 0.023204, 9.327, 1.1907, 0.022274, 7.8564, 2.1926, 0.069645, 0.21906, 0.0033422, 0.18745, 0.027428, 0.028676, 3.2945, 2.921, 0.02927, 7.9886e-05, 6.8333, 0.26886, 0.00011467, 4.5054, 0.67907, 0.00021325
130, 5.3333, 0.34261, 0.05169, 0.0412, 1.3368, 0.36861, 1.6082, 1.0945, 1.1152, 0.01054, 0.413, 0.18983, 6.3704, 0.78441, 0.03335, 9.112, 0.71465, 0.03382, 2.5602, 0.28438, 0.07362, 1.1078, 0.99741, 1.3284, 0.28125, 0.75022, 1.6501, 3.9376, 0.7931, 0.010999, 5.9694, 0.61447, 0.0075169, 4.0962, 0.85864, 0.063795, 0.93058, 0.96881, 0.9515, 0.14974, 0.58636, 1.6497, 2.5074, 0.69354, 0.0060366, 4.1091, 0.1552, -0.0026953, 2.1392, 0.85847, 0.050719, 1.285, 1.026, 1.7053, 0.41275, 0.91408, 1.6504, 5.3677, 0.89266, 0.015961, 7.8297, 1.0737, 0.017729, 6.0533, 0.85882, 0.076872, 0.011608, 0.00030234, 0.052504, 0.0063922, 0.0099238, 5.2231e-08, 0.75599, 0.0036636, 9.1016e-06, 1.2791, 0.077963, 3.8547e-05, 1.4156, 1.1377e-08, 6.3205e-05, 0.33418, 0.90349, 0.65449, 0.079406, 0.50226, -1.3355, 1.462, 0.51656, -0.0037048, 1.653, -0.22351, -0.0058536, 0.84506, -0.49681, 0.041241, 1.8814, 1.0913, 2.0023, 0.48309, 0.99818, 4.6356, 6.4131, 1.0696, 0.025703, 10.286, 1.4525, 0.020887, 7.3474, 2.2141, 0.08635, 0.22121, 0.0032604, 0.16786, 0.015058, 0.022725, 3.2945, 2.2651, 0.028266, 7.9909e-05, 6.8864, 0.25955, 6.6076e-05, 3.9068, 0.67907, 0.00018802
131, 6.58, 0.15255, 0.03744, 0.41875, 1.4749, 0.34159, 1.9955, 0.94001, 1.6599, 0.49465, 0.35365, 0.78493, 1.083, 0.73588, 0.00355, 9.7545, 0.64242, 0.00076, 1.4044, 2.2447, 0.04814, 1.328, 1.0059, 1.2893, 0.58681, 0.3102, 1.5317, 1.205, 0.54432, 0.0051339, 4.7416, 0.97767, 0.01078, 3.3725, 2.1294, 0.069799, 1.1326, 0.97664, 0.86912, 0.35533, 0.13743, 1.5313, -0.76035, 0.44371, 0.00075511, 2.7138, 0.27904, -0.0023051, 0.97182, 2.1292, 0.057769, 1.5234, 1.0351, 1.7095, 0.8183, 0.48296, 1.5321, 3.1703, 0.64492, 0.0095127, 6.7694, 1.6763, 0.023866, 5.7731, 2.1295, 0.081829, 0.014112, 0.00031582, 0.065265, 0.019806, 0.011032, 5.2231e-08, 1.4276, 0.003741, 7.0869e-06, 1.5198, 0.1804, 6.3288e-05, 2.1301, 1.1377e-08, 5.3491e-05, 0.54998, 0.91176, 0.59027, 0.30927, 0.056264, -1.4538, -1.6138, 0.2674, -0.0093833, 0.35041, -0.011966, -0.0048949, -0.16351, 0.77392, 0.047835, 2.106, 1.1, 1.9884, 0.86436, 0.56413, 4.5172, 4.0237, 0.82124, 0.019651, 9.1328, 1.9673, 0.026455, 6.9085, 3.4848, 0.091763, 0.22371, 0.0032739, 0.18062, 0.028472, 0.023833, 3.2945, 2.9367, 0.028343, 7.7895e-05, 7.1271, 0.36199, 9.0817e-05, 4.6213, 0.67907, 0.00017831
132, 2.25, 0.40365, 0.10725, 0.1045, 1.5132, 0.69031, 0.40909, 0.90238, 1.9188, 0.16961, 0.20541, 8.3604, 4.1782, 0.73874, 0.01647, 2.2509, 0.0209, 0.00241, 2.7867, 0.65054, 0.03387, 0.82983, 1.0332, 1.3081, 0.32094, 0.35718, 2.5184, 1.5298, 0.82439, 0.0056561, 6.4586, 0.51397, 0.010335, 4.485, 0.4672, 0.042006, 0.66548, 0.99956, 0.8566, 0.11531, 0.13885, 2.518, -0.24535, 0.71885, 0.00067797, 4.8009, 0.12394, -0.0056742, 2.0868, 0.46703, 0.026459, 0.99418, 1.0668, 1.7596, 0.52657, 0.57551, 2.5188, 3.305, 0.92993, 0.010634, 8.1162, 0.904, 0.026344, 6.8833, 0.46738, 0.057553, 0.0099838, 0.00041785, 0.075346, 0.015629, 0.017619, 5.2231e-08, 1.1648, 0.004117, 9.1597e-06, 1.0156, 0.056226, 9.4727e-05, 2.1259, 1.1377e-08, 8.9339e-05, 0.059052, 0.93761, 0.58981, 0.064565, 0.070297, -0.46714, -1.1598, 0.54564, -0.0090529, 2.2255, -0.28817, -0.0078522, 0.95067, -0.88824, 0.017935, 1.6006, 1.1288, 2.0264, 0.57732, 0.64407, 5.5039, 4.2195, 1.1031, 0.020365, 10.692, 1.3161, 0.028522, 8.0194, 1.8227, 0.066077, 0.21959, 0.0033759, 0.1907, 0.024294, 0.03042, 3.2945, 2.6739, 0.028719, 7.9968e-05, 6.6229, 0.23781, 0.00012226, 4.6171, 0.67907, 0.00021416
133, 2.8571, 0.31616, 0.03225, 0, 2.5, 1.0324, 1.8568, 0.98898, 1.3392, 0.19784, 0.305, 0.12818, 0.09563, 0.44879, 0.00201, 1.5262, 1.0602, 0.04796, 4.9098, 0.26284, 0.07382, 0.62895, 0.99184, 1.0586, 0.46924, 0.44923, 3.3916, 1.456, 0.78446, 0.0086681, 4.4643, 0.58638, 0.015885, 5.0746, 0.97068, 0.044655, 0.42777, 0.95622, 0.59964, 0.23348, 0.21269, 3.3913, -0.53233, 0.66694, 0.0032251, 2.1707, -0.13622, -0.00059958, 2.6664, 0.9705, 0.028948, 0.83012, 1.0275, 1.5175, 0.705, 0.68578, 3.392, 3.4444, 0.90197, 0.014111, 6.7578, 1.309, 0.032369, 7.4827, 0.97085, 0.060362, 0.014959, 0.00046912, 0.077842, 0.020544, 0.020681, 5.2231e-08, 1.4613, 0.0051042, 1.095e-05, 1.9443, 0.19299, 0.00010044, 2.1434, 1.1377e-08, 9.1185e-05, -0.15052, 0.89555, 0.33557, 0.18812, 0.14825, 0.40611, -1.3789, 0.50096, -0.0062047, -0.055819, -0.42032, -0.0027221, 1.5335, -0.38477, 0.020481, 1.4084, 1.0881, 1.7815, 0.75036, 0.75021, 6.3772, 4.2909, 1.068, 0.023541, 8.9843, 1.5931, 0.034492, 8.6157, 2.3261, 0.06883, 0.22456, 0.0034272, 0.1932, 0.02921, 0.033483, 3.2945, 2.9704, 0.029707, 8.1758e-05, 7.5516, 0.37458, 0.00012797, 4.6346, 0.67907, 0.000216
134, 5.999, 0.24413, 0.00896, 0.18697, 3.3073, 0.6461, 1.6405, 1.0647, 0.74788, 0.84333, 0.45908, 0.83329, 0.82683, 0.94894, 0.00019, 2.4192, 0.46328, 0.00392, 3.3546, 2.2644, 0.04487, 1.0165, 1.0304, 1.2752, 0.4906, 0.4941, 1.948, 1.3014, 0.66133, 0.0030631, 4.3714, 0.72061, 0.020276, 4.2999, 1.8325, 0.060939, 0.81244, 0.99193, 0.81625, 0.25483, 0.24217, 1.9476, -0.68698, 0.52238, -0.0022026, 2.1084, -0.0029707, 0.0037867, 1.8916, 1.8323, 0.044957, 1.2205, 1.0689, 1.7342, 0.72636, 0.74603, 1.9483, 3.2897, 0.80027, 0.0083288, 6.6343, 1.4442, 0.036765, 6.7081, 1.8326, 0.076921, 0.01539, 0.00054714, 0.077856, 0.020545, 0.023459, 5.2231e-08, 1.4613, 0.0071357, 1.0249e-05, 1.8927, 0.19352, 0.00010049, 2.1436, 1.1377e-08, 9.4407e-05, 0.23629, 0.93302, 0.5522, 0.20947, 0.18089, -1.0376, -1.5335, 0.36829, -0.011746, -0.13326, -0.28679, 0.0016647, 0.75872, 0.47702, 0.036585, 1.7967, 1.1278, 1.9982, 0.77172, 0.80732, 4.9335, 4.1362, 0.95436, 0.017872, 8.876, 1.728, 0.038887, 7.841, 3.1879, 0.085293, 0.22499, 0.0035052, 0.19321, 0.029211, 0.03626, 3.2945, 2.9704, 0.031738, 8.1056e-05, 7.5, 0.3751, 0.00012802, 4.6348, 0.67907, 0.00021922
135, 3.0049, 0.16268, 0.06944, 0.10201, 1.3368, 0.42998, 0.19636, 0.96975, 1.0673, 0.50572, 0.51429, 1.9557, 0.59306, 0.60697, 0.00332, 4.0659, 0.22156, 0.00313, 5.5905, 0.29652, 0.03673, 0.8903, 1.0194, 1.2318, 0.53181, 0.56615, 1.7068, 1.395, 0.70224, 0.0045682, 4.759, 0.43841, 0.0030262, 4.4877, 0.96882, 0.043183, 0.74687, 0.994, 0.92282, 0.40783, 0.45945, 1.7064, 0.042321, 0.62494, 0.00038681, 3.3814, 0.14026, -0.0039805, 2.9102, 0.96864, 0.032148, 1.0337, 1.0448, 1.5408, 0.65579, 0.67285, 1.7071, 2.7476, 0.77954, 0.0087497, 6.1365, 0.73657, 0.010033, 6.0652, 0.96899, 0.054219, 0.0076028, 0.00023864, 0.035293, 0.0056815, 0.004208, 5.2231e-08, 0.67627, 0.0022086, 6.4624e-06, 0.70138, 0.032857, 1.8145e-05, 0.91978, 1.1377e-08, 4.5014e-05, 0.12371, 0.92641, 0.5934, 0.33479, 0.35163, -1.2788, -1.0366, 0.43291, -0.0098906, 0.62757, -0.32329, -0.0080902, 1.4499, -0.38663, 0.021748, 1.6569, 1.1124, 1.8702, 0.72883, 0.78067, 4.6923, 3.8266, 0.97157, 0.019027, 8.8903, 1.2001, 0.014143, 7.5256, 2.3243, 0.064619, 0.2172, 0.0031967, 0.15065, 0.014347, 0.017009, 3.2945, 2.1854, 0.026811, 7.727e-05, 6.3086, 0.21444, 4.5675e-05, 3.411, 0.67907, 0.00016983
136, 2, 0.062, 0.15337, 0.3497, 1.1719, 0.35343, 1.7917, 1.0908, 0.92032, 0.88552, 0.88839, 1.045, 1.079, 0.88366, 0.00026, 0.65724, 0.65562, 0.00892, 6.7166, 0.85853, 0.04083, 0.98528, 1.0331, 1.1901, 0.61882, 0.51962, 1.7585, 1.5877, 0.68744, 0.0020699, 1.8546, 1.0213, 0.0069717, 2.9539, 1.2378, 0.042239, 0.80562, 0.99754, 0.74138, 0.3846, 0.32916, 1.7582, -0.39225, 0.56932, -0.0028691, -0.071729, 0.36999, -0.0087969, 0.54831, 1.2376, 0.027533, 1.1649, 1.0687, 1.6389, 0.85304, 0.71007, 1.7589, 3.5677, 0.80556, 0.007009, 3.7809, 1.6726, 0.02274, 5.3594, 1.238, 0.056945, 0.011931, 0.00046746, 0.074427, 0.020277, 0.013407, 5.2231e-08, 1.449, 0.0051573, 9.0165e-06, 1.3715, 0.15679, 9.1903e-05, 2.1388, 1.1377e-08, 7.9934e-05, 0.2111, 0.93684, 0.47355, 0.33899, 0.25333, -1.227, -1.2413, 0.40369, -0.012626, -2.4907, 0.064483, -0.011004, -0.58545, -0.11767, 0.018702, 1.7595, 1.1294, 1.9067, 0.89865, 0.7859, 4.7441, 4.4168, 0.97119, 0.016766, 6.1999, 1.9781, 0.024947, 6.4932, 2.5932, 0.065775, 0.22153, 0.0034255, 0.18978, 0.028943, 0.026209, 3.2945, 2.9582, 0.02976, 7.9824e-05, 6.9788, 0.33838, 0.00011943, 4.63, 0.67907, 0.00020475
137, 5.4951, 0.18658, 0.04293, 0.27077, 2.2281, 0.42595, 0.90854, 1.0896, 1.7515, 0.53639, 0.30147, 0.83737, 0.42987, 0.39188, 0.01044, 1.4954, 0.5848, 0.02285, 4.9224, 0.83158, 0.04858, 1.1087, 1.0097, 1.3405, 0.50609, 0.44906, 1.5375, 1.2659, 0.60668, 0.004585, 3.9502, 0.72971, 0.015514, 3.9882, 1.7344, 0.058137, 0.91582, 0.97841, 0.88567, 0.27132, 0.21251, 1.5371, -0.71751, 0.49496, -0.00041382, 1.9123, 0.012223, -0.00073569, 1.581, 1.7342, 0.043694, 1.3015, 1.041, 1.7954, 0.74086, 0.68561, 1.5379, 3.2492, 0.71839, 0.0095838, 5.988, 1.4472, 0.031764, 6.3954, 1.7346, 0.072579, 0.013748, 0.00036149, 0.076474, 0.020372, 0.020682, 5.2231e-08, 1.454, 0.004613, 9.236e-06, 1.535, 0.19027, 9.7597e-05, 2.1418, 1.1377e-08, 7.7095e-05, 0.33133, 0.91491, 0.62012, 0.2258, 0.14808, -1.448, -1.5655, 0.32553, -0.010131, -0.4457, -0.27332, -0.0028853, 0.44775, 0.37894, 0.034764, 1.886, 1.1044, 2.061, 0.78638, 0.75005, 4.523, 4.0973, 0.88782, 0.019301, 8.346, 1.7327, 0.033913, 7.5287, 3.0898, 0.081509, 0.22335, 0.0033196, 0.19183, 0.029038, 0.033483, 3.2945, 2.9631, 0.029215, 8.0044e-05, 7.1422, 0.37186, 0.00012513, 4.633, 0.67907, 0.00020191
138, 2.25, 0.31691, 0.0842, 0.08204, 1.5132, 0.67396, 1.1096, 0.91486, 1.4385, 0.22054, 0.26254, 1.2785, 0.70091, 0.51289, 0.03167, 2.5363, 0.78562, 0.00641, 3.7786, 0.33838, 0.03977, 0.74403, 0.97168, 1.3343, 0.2539, 0.3022, 2.4137, 2.5762, 0.78839, 0.0099821, 6.1307, 0.3541, 0.005312, 4.196, 0.63482, 0.041556, 0.5835, 0.94503, 1.0037, 0.15036, 0.18295, 2.4133, 1.4183, 0.69967, 0.0058607, 4.6563, 0.0086399, -0.003223, 2.4294, 0.63465, 0.031391, 0.90457, 0.99833, 1.6649, 0.35744, 0.42145, 2.4141, 3.7342, 0.8771, 0.014104, 7.6051, 0.69956, 0.013847, 5.9627, 0.635, 0.051721, 0.0095256, 0.00026247, 0.040407, 0.0039624, 0.005256, 5.2231e-08, 0.49559, 0.0029089, 6.2783e-06, 0.80348, 0.04411, 2.6925e-05, 1.1536, 1.1377e-08, 3.8192e-05, -0.025941, 0.87833, 0.68513, 0.069057, 0.081167, -0.57181, 0.24729, 0.51556, -0.0044595, 1.966, -0.42733, -0.0068259, 1.0558, -0.72063, 0.020555, 1.514, 1.065, 1.9835, 0.43874, 0.52323, 5.3992, 4.9051, 1.0612, 0.024424, 10.295, 1.1355, 0.01745, 7.3363, 1.9903, 0.062557, 0.21913, 0.0032205, 0.15576, 0.012628, 0.018057, 3.2945, 2.0047, 0.027511, 7.7086e-05, 6.4107, 0.2257, 5.4455e-05, 3.6448, 0.67907, 0.00016301
139, 6.58, 0.15255, 0.07854, 0.41875, 1.1111, 0.20921, 1.4482, 1.0684, 1.3531, 0.33881, 0.35513, 0.67187, 0.91657, 0.54195, 0.00016, 4.9234, 1.8247, 0.00566, 1.4761, 1.538, 0.08741, 1.2882, 0.99036, 1.4199, 0.54619, 0.47089, 1.4258, 1.2565, 0.63245, 0.0044775, 5.2364, 1.0137, 0.0019606, 2.933, 1.942, 0.066958, 1.1078, 0.96237, 1.0922, 0.33695, 0.3462, 1.4255, -0.59716, 0.54473, 0.00022013, 3.5459, 0.58386, -0.0060458, 1.0012, 1.9418, 0.056758, 1.4686, 1.0184, 1.7476, 0.75542, 0.59557, 1.4262, 3.1101, 0.72018, 0.0087348, 6.9268, 1.4435, 0.009967, 4.8649, 1.9422, 0.077158, 0.01203, 0.00028957, 0.039692, 0.016182, 0.0057462, 5.2231e-08, 1.2699, 0.0028443, 6.6992e-06, 1.0562, 0.068291, 2.3693e-05, 1.3794, 1.1377e-08, 3.8456e-05, 0.51388, 0.89662, 0.77217, 0.28691, 0.24687, -1.5597, -1.4856, 0.35995, -0.010004, 0.99036, 0.19148, -0.0098116, -0.30305, 0.58656, 0.04594, 2.0626, 1.0841, 2.0675, 0.80547, 0.6949, 4.4114, 3.9985, 0.90496, 0.018958, 9.4823, 1.8359, 0.013733, 6.1691, 3.2975, 0.087976, 0.22163, 0.0032477, 0.15505, 0.024847, 0.018548, 3.2945, 2.7791, 0.027447, 7.7507e-05, 6.6635, 0.24988, 5.1222e-05, 3.8706, 0.67907, 0.00016327
140, 2.25, 0.32819, 0.06546, 0.08496, 2.0159, 0.80617, 0.33115, 0.92858, 1.5033, 0.37884, 0.28337, 2.8619, 0.10309, 0.76895, 0.00877, 9.0654, 0.11913, 0.00155, 5.6528, 0.86888, 0.03393, 0.68754, 0.9846, 1.3318, 0.35067, 0.30892, 2.63, 2.1822, 0.73083, 0.011414, 5.2943, 0.57116, 0.0069288, 4.4771, 0.77326, 0.042625, 0.50872, 0.95525, 0.92509, 0.16439, 0.14687, 2.6297, 0.23124, 0.63217, 0.0069719, 3.2483, 0.15546, -0.0053741, 2.4365, 0.77309, 0.030223, 0.86636, 1.014, 1.7386, 0.53696, 0.47097, 2.6304, 4.1332, 0.82949, 0.015856, 7.3403, 0.98687, 0.019232, 6.5176, 0.77344, 0.055026, 0.011819, 0.00031848, 0.061146, 0.012826, 0.0097061, 5.2231e-08, 1.4068, 0.0035976, 7.2924e-06, 1.5472, 0.063873, 5.5946e-05, 1.539, 1.1377e-08, 5.6843e-05, -0.086449, 0.89045, 0.64079, 0.10954, 0.062155, -0.35549, -0.62659, 0.45461, -0.0031226, 0.89466, -0.24376, -0.0080993, 1.1749, -0.58219, 0.020455, 1.4615, 1.0788, 2.0229, 0.59181, 0.55569, 5.6156, 4.991, 1.007, 0.02595, 9.6939, 1.3861, 0.021957, 7.7792, 2.1287, 0.064794, 0.22142, 0.0032766, 0.1765, 0.021491, 0.022507, 3.2945, 2.916, 0.0282, 7.81e-05, 7.1544, 0.24546, 8.3475e-05, 4.0302, 0.67907, 0.00018166
141, 7.5, 0.72522, 0.11557, 0.2412, 0.99099, 0.28911, 0.649, 1.006, 1.7291, 0.14361, 0.37906, 9.4255, 2.8687, 0.76521, 0.00316, 8.214, 0.01555, 0.02411, 1.2552, 0.58376, 0.09502, 1.4786, 0.98595, 1.7136, 0.22659, 0.55337, 1.6825, 1.3049, 0.79652, 0.0063334, 9.5977, 0.44803, 0.0041852, 4.4577, 0.59012, 0.069586, 1.2818, 0.94413, 1.2547, -0.0088463, 0.29959, 1.6821, -0.68291, 0.66086, 0.00088514, 7.3483, -0.26929, -0.012305, 2.0495, 0.58995, 0.053416, 1.6754, 1.0278, 2.1726, 0.46204, 0.80715, 1.6828, 3.2926, 0.93217, 0.011782, 11.847, 1.1654, 0.020676, 6.866, 0.5903, 0.085756, 0.014315, 0.00064622, 0.077863, 0.020488, 0.023804, 5.2231e-08, 1.4604, 0.006802, 1.0971e-05, 1.8703, 0.19018, 0.00010051, 2.1436, 1.1377e-08, 9.664e-05, 0.70026, 0.8872, 0.99062, -0.054257, 0.23867, -1.3031, -1.5296, 0.50503, -0.0085413, 5.0999, -0.55488, -0.014427, 0.91658, -0.76533, 0.045108, 2.2569, 1.0847, 2.4367, 0.50745, 0.86807, 4.668, 4.1393, 1.088, 0.021208, 14.096, 1.451, 0.022797, 7.9989, 1.9456, 0.094064, 0.22392, 0.0036043, 0.19322, 0.029154, 0.036606, 3.2945, 2.9696, 0.031404, 8.1779e-05, 7.4775, 0.37177, 0.00012804, 4.6348, 0.67907, 0.00022146
142, 4, 0.17869, 0.16747, 0.7, 0.72222, 0.25693, 1.8258, 0.91074, 1.4615, 0.28822, 0.03239, 1.6833, 2.6463, 0.17198, 0.00955, 1.3058, 0.1538, 0.00137, 1.6116, 2.425, 0.06553, 1.445, 0.96882, 1.3877, 0.65905, 0.36957, 1.5395, 1.4865, 0.54792, 0.0027836, 3.7649, 1.1244, 0.0073093, 1.5462, 1.8201, 0.059813, 1.2526, 0.92954, 0.92894, 0.4233, 0.12574, 1.5391, -0.5018, 0.4181, -0.0026296, 1.5356, 0.45188, -0.0089468, -0.86197, 1.8199, 0.043737, 1.6374, 1.0081, 1.8464, 0.89481, 0.61339, 1.5399, 3.4749, 0.67773, 0.0081968, 5.9943, 1.7968, 0.023565, 3.9544, 1.8203, 0.075889, 0.013679, 0.00057008, 0.077782, 0.020544, 0.021974, 5.2231e-08, 1.4613, 0.0062285, 1.0831e-05, 1.837, 0.16715, 9.7673e-05, 2.1435, 1.1377e-08, 9.552e-05, 0.66775, 0.87111, 0.66481, 0.37794, 0.062831, -1.446, -1.3483, 0.2591, -0.012078, -0.72289, 0.15301, -0.011096, -1.9949, 0.46463, 0.035397, 2.2222, 1.0665, 2.1105, 0.94017, 0.6763, 4.525, 4.3214, 0.83673, 0.017646, 8.2528, 2.0957, 0.025714, 5.0873, 3.1755, 0.084229, 0.22328, 0.0035282, 0.19314, 0.029209, 0.034775, 3.2945, 2.9704, 0.030831, 8.1639e-05, 7.4442, 0.34874, 0.0001252, 4.6347, 0.67907, 0.00022034
143, 4.4984, 0.27827, 0.05739, 0.09264, 0.79167, 0.36082, 0.3498, 0.90052, 1.9932, 0.35769, 0.84081, 4.2032, 5.2219, 0.95763, 0.00499, 2.3817, 0.32762, 0.00069, 2.6619, 2.9377, 0.06345, 1.0587, 0.99575, 1.6309, 0.26569, 0.62125, 1.6912, 2.023, 0.79819, 0.010136, 4.3617, 0.3267, 0.0035548, 4.1993, 0.88689, 0.055348, 0.90723, 0.96938, 1.2954, 0.16647, 0.48746, 1.6908, 0.9989, 0.7066, 0.0058411, 3.1619, 0.048308, -0.0039559, 2.4874, 0.88672, 0.043906, 1.2102, 1.0221, 1.9663, 0.36491, 0.75503, 1.6916, 3.0471, 0.88979, 0.01443, 5.5614, 0.60509, 0.011066, 5.9111, 0.88707, 0.066791, 0.0084833, 0.00025697, 0.041589, 0.0036385, 0.0066159, 5.2231e-08, 0.38763, 0.0031009, 6.8168e-06, 0.53202, 0.028646, 2.085e-05, 1.0831, 1.1377e-08, 4.8394e-05, 0.29059, 0.90248, 0.97926, 0.083234, 0.39204, -1.2943, -0.24237, 0.52442, -0.0043564, 0.28611, -0.42748, -0.007886, 1.0895, -0.46855, 0.0337, 1.8269, 1.089, 2.2825, 0.44814, 0.85045, 4.6768, 4.2883, 1.072, 0.024628, 8.4372, 1.0809, 0.014996, 7.309, 2.2423, 0.076996, 0.21809, 0.003215, 0.15694, 0.012304, 0.019417, 3.2945, 1.8968, 0.027703, 7.7625e-05, 6.1393, 0.21023, 4.8379e-05, 3.5743, 0.67907, 0.00017321
144, 4.4984, 0.28084, 0.05792, 0.09349, 0.79167, 0.36102, 0.4759, 0.90508, 1.9385, 0.18205, 0.75003, 3.7828, 2.2093, 0.65909, 0.01921, 1.6395, 0.14229, 0.00244, 2.9959, 1.2145, 0.05735, 1.0558, 0.99339, 1.672, 0.33254, 0.66507, 1.6917, 2.8036, 0.83181, 0.009012, 4.4227, 0.35365, 0.0019984, 4.0194, 0.88241, 0.057378, 0.90432, 0.96708, 1.3417, 0.23655, 0.53521, 1.6914, 1.8047, 0.74029, 0.0047289, 3.2316, 0.076255, -0.005245, 2.3322, 0.88223, 0.046124, 1.2073, 1.0197, 2.0024, 0.42854, 0.79493, 1.6921, 3.8025, 0.92332, 0.013295, 5.6138, 0.63105, 0.0092418, 5.7066, 0.88258, 0.068631, 0.0084823, 0.00025591, 0.040333, 0.0034062, 0.0062329, 5.2231e-08, 0.36882, 0.0030954, 6.7803e-06, 0.52434, 0.028442, 1.9392e-05, 1.0521, 1.1377e-08, 4.6808e-05, 0.28767, 0.90014, 1.023, 0.15182, 0.43814, -1.2938, 0.5495, 0.55806, -0.0054766, 0.3497, -0.40016, -0.0092687, 0.92315, -0.47304, 0.035829, 1.824, 1.0866, 2.3211, 0.51327, 0.892, 4.6773, 5.0577, 1.1056, 0.023501, 8.4957, 1.1075, 0.013265, 7.1156, 2.2379, 0.078927, 0.21808, 0.003214, 0.15569, 0.012072, 0.019034, 3.2945, 1.878, 0.027698, 7.7588e-05, 6.1316, 0.21003, 4.6921e-05, 3.5433, 0.67907, 0.00017163
145, 4.56, 0.08105, 0.04323, 0.2, 2.0833, 0.37977, 0.64628, 1.0768, 1.6017, 0.52521, 0.71765, 3.2224, 1.2615, 0.688, 0.00012, 2.2106, 0.23115, 0.04396, 6.1086, 2.4097, 0.04345, 0.906, 1.046, 1.2936, 0.64162, 0.76151, 1.4063, 0.62657, 0.77634, 0.0041386, 3.0517, 0.84499, 0.037026, 6.1254, 1.6343, 0.057362, 0.7359, 1.0164, 0.95536, 0.5171, 0.635, 1.4059, -0.7821, 0.68361, -0.00071067, 1.2953, 0.45653, 0.029713, 4.6289, 1.6341, 0.046458, 1.0761, 1.0757, 1.6318, 0.76614, 0.88801, 1.4067, 2.0352, 0.86908, 0.0089878, 4.8081, 1.2335, 0.044339, 7.6219, 1.6345, 0.068267, 0.010695, 0.00032436, 0.042281, 0.0057305, 0.0059151, 5.2231e-08, 0.73344, 0.0031787, 8.6915e-06, 1.1402, 0.055775, 1.9767e-05, 0.82771, 1.1377e-08, 4.3952e-05, 0.13398, 0.9518, 0.64052, 0.44426, 0.53648, -1.5792, -1.8366, 0.50218, -0.010527, -1.221, 0.043621, 0.025714, 3.1288, 0.27885, 0.035994, 1.678, 1.1403, 1.9466, 0.83898, 0.98654, 4.3918, 3.0898, 1.0505, 0.018804, 7.3243, 1.6464, 0.048338, 9.122, 2.9898, 0.078731, 0.2203, 0.0032824, 0.15764, 0.014396, 0.018716, 3.2945, 2.2426, 0.027781, 7.9499e-05, 6.7475, 0.23736, 4.7296e-05, 3.3189, 0.67907, 0.00016877
146, 2.5, 0.2982, 0.06484, 0.6, 1.6667, 0.77092, 0.92858, 1.0653, 0.87941, 0.41175, 0.28611, 1.1012, 0.12765, 0.32978, 0.00045, 7.9993, 0.62862, 0.00789, 1.6314, 0.87548, 0.07689, 1.2838, 0.99086, 1.4091, 0.49961, 0.30965, 2.1532, 1.4009, 0.58876, 0.006024, 2.5978, 0.74677, 0.0098827, 2.5349, 1.7484, 0.055758, 1.1025, 0.95192, 0.95273, 0.26555, 0.073187, 2.1528, -0.58738, 0.48207, 0.00055271, 0.42554, 0.19153, -0.0023861, 0.54233, 1.7482, 0.039664, 1.4651, 1.0298, 1.8655, 0.73367, 0.54611, 2.1536, 3.3892, 0.69546, 0.011495, 4.7701, 1.302, 0.022151, 4.5274, 1.7486, 0.071852, 0.012147, 0.00056067, 0.076991, 0.020249, 0.020666, 5.2231e-08, 1.4612, 0.0042078, 1.1064e-05, 1.7441, 0.11395, 5.5635e-05, 1.4675, 1.1377e-08, 9.5735e-05, 0.50926, 0.89329, 0.68774, 0.21992, 0.0087355, -0.8323, -1.4339, 0.30957, -0.0088591, -1.8619, -0.14742, -0.0051174, -0.73778, 0.39293, 0.03133, 2.0584, 1.0884, 2.1305, 0.77931, 0.61056, 5.1387, 4.2357, 0.86795, 0.020907, 7.0576, 1.641, 0.024883, 5.8075, 3.1038, 0.080186, 0.22175, 0.0035187, 0.19235, 0.028914, 0.033468, 3.2945, 2.9703, 0.02881, 8.1872e-05, 7.3514, 0.29553, 8.3164e-05, 3.9587, 0.67907, 0.00022055
147, 4, 0.17869, 0.02857, 0.5, 2.6667, 0.74816, 1.769, 0.90508, 0.92317, 0.58485, 0.19554, 1.2001, 1.3676, 0.57204, 0.01601, 2.4759, 0.41572, 0.00688, 2.3177, 1.8749, 0.04277, 1.2713, 0.9961, 1.269, 0.53637, 0.33899, 2.0515, 1.3824, 0.42822, 0.0043473, 2.5367, 0.607, 0.012512, 2.5101, 2.1817, 0.055359, 1.076, 0.96102, 0.81813, 0.30321, 0.11861, 2.0511, -0.60596, 0.30759, -0.00091522, 0.25593, 0.00528, -0.0028551, 0.21817, 2.1816, 0.041298, 1.4667, 1.0312, 1.7199, 0.76953, 0.55936, 2.0519, 3.3707, 0.54885, 0.0096098, 4.8174, 1.2087, 0.027878, 4.8019, 2.1819, 0.06942, 0.01411, 0.00045491, 0.075136, 0.020094, 0.017951, 5.2231e-08, 1.4613, 0.0053785, 1.0236e-05, 1.9227, 0.13382, 8.7278e-05, 1.9415, 1.1377e-08, 7.3078e-05, 0.49336, 0.90001, 0.5511, 0.25743, 0.05054, -0.93402, -1.4525, 0.14342, -0.01046, -1.9769, -0.31677, -0.0051127, -0.95301, 0.82628, 0.03222, 2.0493, 1.0922, 1.9869, 0.81532, 0.62743, 5.037, 4.2173, 0.71303, 0.019155, 7.0503, 1.5308, 0.030136, 5.9731, 3.5372, 0.078498, 0.22371, 0.003413, 0.19049, 0.028759, 0.030752, 3.2945, 2.9704, 0.029981, 8.1044e-05, 7.5299, 0.31541, 0.00011481, 4.4327, 0.67907, 0.0001979
148, 2, 0.09264, 0.05925, 0.34991, 2, 0.67782, 0.3795, 0.97384, 1.447, 0.37479, 0.61597, 1.6727, 0.18878, 0.71181, 0, 8.8944, 1.4525, 0.00284, 5.1829, 1.9931, 0.09282, 0.86447, 1.0422, 1.3911, 0.52736, 0.50512, 2.0478, 1.4351, 0.68718, 0.0038265, 2.4078, 1.1611, 0.0082525, 3.2628, 1.618, 0.057503, 0.68215, 1.0128, 1.0207, 0.29419, 0.35512, 2.0475, -0.53802, 0.58594, -0.00063107, 0.55787, 0.58871, -0.0031828, 0.8783, 1.6178, 0.046745, 1.0468, 1.0716, 1.7616, 0.76053, 0.65512, 2.0482, 3.4082, 0.78841, 0.0082842, 4.2577, 1.7334, 0.019688, 5.6474, 1.6181, 0.06826, 0.012286, 0.00031934, 0.050718, 0.020096, 0.0083162, 5.2231e-08, 1.439, 0.0037879, 7.3443e-06, 1.2649, 0.12108, 4.8333e-05, 2.1016, 1.1377e-08, 4.2774e-05, 0.089664, 0.94799, 0.72083, 0.24841, 0.26609, -0.93768, -1.3891, 0.41003, -0.010715, -1.9042, 0.25614, -0.006074, -0.26223, 0.2625, 0.036209, 1.6393, 1.1363, 2.0615, 0.80631, 0.74415, 5.0334, 4.2593, 0.96432, 0.018368, 6.7197, 2.066, 0.022579, 6.7879, 2.9734, 0.078797, 0.22189, 0.0032774, 0.16607, 0.028761, 0.021118, 3.2945, 2.9481, 0.02839, 7.8152e-05, 6.8721, 0.30266, 7.5862e-05, 4.5928, 0.67907, 0.00016759
149, 8, 0.34793, 0.07308, 0.09056, 0.66146, 0.20229, 0.56553, 0.92462, 1.7693, 0.15235, 0.75344, 1.505, 0.2519, 0.91029, 0.0322, 6.417, 0.18183, 0.00236, 2.0135, 0.77326, 0.06822, 1.0919, 1.025, 1.2785, 0.44291, 0.62687, 1.8953, 1.3383, 0.78881, 0.011884, 7.0281, 0.50453, 0.011861, 5.0293, 1.147, 0.068077, 0.8903, 0.99008, 0.81955, 0.20721, 0.37611, 1.895, -0.65, 0.66798, 0.0071572, 4.7586, -0.21727, -0.0046263, 2.621, 1.1468, 0.051907, 1.2935, 1.06, 1.7375, 0.6786, 0.87762, 1.8957, 3.3267, 0.90965, 0.01661, 9.2977, 1.2263, 0.028349, 7.4375, 1.1472, 0.084247, 0.015026, 0.00045165, 0.077855, 0.020533, 0.02324, 5.2231e-08, 1.4613, 0.0053965, 8.2575e-06, 1.9038, 0.19256, 0.00010047, 2.1436, 1.1377e-08, 9.6639e-05, 0.31234, 0.92899, 0.5555, 0.16184, 0.3146, -1.0902, -1.4965, 0.50392, -0.002742, 2.5202, -0.50159, -0.0067484, 1.4881, -0.20847, 0.043599, 1.8715, 1.1211, 2.0015, 0.72397, 0.93913, 4.8809, 4.1732, 1.0737, 0.02651, 11.536, 1.5107, 0.030471, 8.5704, 2.5024, 0.092555, 0.22463, 0.0034097, 0.19321, 0.029199, 0.036041, 3.2945, 2.9704, 0.029999, 7.9065e-05, 7.5111, 0.37415, 0.000128, 4.6348, 0.67907, 0.00022146
150, 2, 0.09264, 0.0219, 0.34991, 1.8182, 0.97622, 0.41015, 1.0878, 1.5688, 0.10212, 0.38975, 5.2443, 1.1517, 0.58688, 0.00191, 0.57458, 1.6995, 0.04551, 1.4148, 1.8326, 0.09028, 0.76299, 1.0346, 0.96856, 0.61112, 0.48756, 3.0555, 1.4756, 0.67387, 0.0072809, 1.8905, 0.84014, 0.017037, 3.4191, 1.8405, 0.059232, 0.57309, 1.0016, 0.50997, 0.3756, 0.32554, 3.0551, -0.51157, 0.56365, 0.002632, -0.023537, 0.16323, 0.00057214, 1.017, 1.8403, 0.046646, 0.95289, 1.0676, 1.4271, 0.84664, 0.64958, 3.0559, 3.4628, 0.7841, 0.01193, 3.8045, 1.5171, 0.033501, 5.8212, 1.8406, 0.071818, 0.013329, 0.00040244, 0.07773, 0.020503, 0.0097028, 5.2231e-08, 1.4596, 0.0044906, 7.9884e-06, 1.3541, 0.16936, 0.00010019, 2.1327, 1.1377e-08, 5.8549e-05, -0.013637, 0.93926, 0.24578, 0.3302, 0.24081, 0.069983, -1.3585, 0.39332, -0.00732, -2.4494, -0.13428, -0.0015526, -0.11786, 0.48502, 0.036958, 1.5396, 1.13, 1.6913, 0.89204, 0.73431, 6.041, 4.3097, 0.95443, 0.021882, 6.2303, 1.8146, 0.035626, 6.9561, 3.1959, 0.081505, 0.22293, 0.0033605, 0.19309, 0.029168, 0.022504, 3.2945, 2.9687, 0.029093, 7.8796e-05, 6.9613, 0.35095, 0.00012772, 4.6239, 0.67907, 0.00018337
151, 3.9167, 0.13352, 0.06831, 0.19994, 1.9844, 0.39616, 0.81865, 1.0942, 0.83088, 0.43027, 0.41067, 1.5147, 0.67025, 0.38759, 6e-05, 4.5568, 0.26652, 0.00455, 1.2076, 2.3676, 0.08879, 0.8924, 1.0204, 1.2782, 0.51132, 0.37281, 1.4861, 1.2318, 0.65734, 0.0053277, 3.3301, 0.61792, 0.011529, 4.3289, 1.3832, 0.058502, 0.71177, 0.99168, 0.83574, 0.2813, 0.16683, 1.4858, -0.73173, 0.55186, 0.00051089, 1.4718, -0.020787, -0.0034623, 1.9289, 1.383, 0.04383, 1.073, 1.0491, 1.7207, 0.74134, 0.57879, 1.4865, 3.1953, 0.76282, 0.010145, 5.1884, 1.2566, 0.02652, 6.7289, 1.3834, 0.073174, 0.01206, 0.00030448, 0.072365, 0.019555, 0.015682, 5.2231e-08, 1.425, 0.0041125, 8.5757e-06, 1.2764, 0.15078, 8.3063e-05, 2.129, 1.1377e-08, 7.9567e-05, 0.11799, 0.92643, 0.56555, 0.235, 0.095209, -1.4994, -1.5857, 0.37861, -0.0093275, -0.98543, -0.33036, -0.005769, 0.79334, 0.027766, 0.034987, 1.6668, 1.1143, 1.9909, 0.78764, 0.65041, 4.4717, 4.0493, 0.93607, 0.019983, 7.6457, 1.5662, 0.028827, 7.8645, 2.7387, 0.082017, 0.22166, 0.0032626, 0.18772, 0.028221, 0.028483, 3.2945, 2.9341, 0.028715, 7.9384e-05, 6.8837, 0.33237, 0.00011059, 4.6202, 0.67907, 0.00020438
152, 2, 0.24182, 0.10498, 0.73674, 0.57292, 0.43928, 1.5253, 0.95429, 1.9126, 0.3431, 0.13513, 1.3854, 4.2915, 0.76975, 0.01706, 5.0432, 1.9812, 0.00925, 1.81, 0.35819, 0.04515, 1.5524, 0.96928, 1.5345, 0.45969, 0.25708, 1.2761, 1.3682, 0.56498, 0.0054999, 2.9808, 0.97131, 0.0014165, 1.9683, 1.6688, 0.059638, 1.3545, 0.9294, 1.0777, 0.22408, 0.019089, 1.2757, -0.6201, 0.44182, 0.00015563, 0.70105, 0.2842, -0.014699, -0.43223, 1.6686, 0.043475, 1.7503, 1.0091, 1.9913, 0.69529, 0.49506, 1.2765, 3.3565, 0.68814, 0.010844, 5.2605, 1.6584, 0.017532, 4.3687, 1.669, 0.075801, 0.014475, 0.00058766, 0.077127, 0.020517, 0.020934, 5.2231e-08, 1.4612, 0.0056064, 1.0557e-05, 1.9209, 0.1745, 9.5987e-05, 2.1298, 1.1377e-08, 9.6558e-05, 0.77377, 0.87133, 0.81287, 0.1787, -0.045037, -1.7094, -1.4667, 0.27909, -0.0093371, -1.5323, -0.010228, -0.016864, -1.5676, 0.31334, 0.035165, 2.331, 1.0672, 2.2562, 0.74068, 0.55919, 4.2616, 4.2031, 0.85086, 0.020337, 7.4939, 1.9529, 0.019697, 5.5041, 3.0242, 0.084111, 0.22408, 0.0035457, 0.19248, 0.029183, 0.033735, 3.2945, 2.9703, 0.030209, 8.1364e-05, 7.5282, 0.35609, 0.00012352, 4.621, 0.67907, 0.00022138
153, 4, 0.23335, 0.05971, 0.73864, 0.95, 0.41217, 1.6449, 0.95325, 1.5069, 0.32566, 0.31955, 0.06911, 2.0257, 0.63946, 0.00364, 2.5114, 0.56838, 0.0121, 2.3161, 2.1292, 0.0762, 1.7052, 0.98545, 1.5547, 0.47274, 0.25486, 1.1434, 1.3029, 0.52689, 0.0075354, 2.9556, 1.1534, 0.003835, 1.946, 2.1015, 0.070859, 1.5213, 0.94623, 1.1013, 0.237, 0.023853, 1.143, -0.6854, 0.40912, 0.0022113, 0.72767, 0.52655, -0.011181, -0.38925, 2.1013, 0.055058, 1.8891, 1.0247, 2.0082, 0.70848, 0.48586, 1.1437, 3.2912, 0.64465, 0.012859, 5.1835, 1.7803, 0.018851, 4.2812, 2.1016, 0.08666, 0.012498, 0.00056869, 0.075999, 0.020541, 0.019723, 5.2231e-08, 1.4612, 0.0051263, 1.0477e-05, 1.8346, 0.14525, 8.3342e-05, 2.0156, 1.1377e-08, 9.2277e-05, 0.92998, 0.88777, 0.83522, 0.19164, -0.041786, -1.8422, -1.532, 0.24328, -0.0072943, -1.5315, 0.21308, -0.013485, -1.5459, 0.746, 0.046624, 2.4803, 1.0831, 2.2743, 0.75384, 0.5515, 4.1289, 4.1377, 0.81049, 0.022365, 7.4427, 2.0938, 0.021155, 5.4379, 3.4569, 0.095095, 0.2221, 0.0035268, 0.19135, 0.029206, 0.032525, 3.2945, 2.9703, 0.029729, 8.1285e-05, 7.4419, 0.32684, 0.00011087, 4.5068, 0.67907, 0.00021709
154, 4, 0.20693, 0.04168, 0.03201, 1.8518, 0.4529, 1.1179, 0.96222, 1.2709, 0.47373, 0.6558, 1.6524, 0.78437, 0.76832, 0.00023, 9.7332, 0.12321, 0.00033, 5.2329, 0.44807, 0.03862, 0.79403, 1.0212, 1.2985, 0.37857, 0.46149, 1.6486, 1.2042, 0.75188, 0.0042984, 5.7961, 0.49401, 0.011195, 5.5014, 1.0205, 0.053325, 0.60787, 0.99142, 0.89153, 0.15703, 0.28421, 1.6482, -0.72991, 0.65437, -0.00088189, 3.754, -0.11042, -0.0011821, 3.1449, 1.0203, 0.039064, 0.9802, 1.0511, 1.7055, 0.60012, 0.63877, 1.6489, 3.1382, 0.84938, 0.0094787, 7.8382, 1.0984, 0.023571, 7.8579, 1.0207, 0.067586, 0.01281, 0.00032879, 0.06122, 0.018141, 0.011617, 5.2231e-08, 1.3826, 0.0035142, 9.9188e-06, 1.5414, 0.13503, 5.6617e-05, 2.0525, 1.1377e-08, 7.5167e-05, 0.018311, 0.92695, 0.60733, 0.10927, 0.20446, -1.337, -1.5929, 0.47607, -0.01048, 1.3983, -0.43153, -0.003894, 1.9953, -0.33493, 0.030064, 1.5698, 1.1155, 1.9897, 0.64788, 0.71852, 4.6341, 4.0013, 1.0277, 0.019077, 10.194, 1.4195, 0.026283, 9.0076, 2.376, 0.076586, 0.22241, 0.0032869, 0.17658, 0.026807, 0.024418, 3.2945, 2.8917, 0.028117, 8.0727e-05, 7.1486, 0.31662, 8.4147e-05, 4.5437, 0.67907, 0.00019998
155, 4.7, 0.26135, 0.13402, 0.42785, 1.3333, 0.30527, 1.8152, 1.0107, 1.8913, 0.61122, 0.74595, 1.7567, 0.19426, 0.93875, 0.00023, 6.6471, 1.5952, 0.0087, 2.7057, 0.59524, 0.06034, 1.3208, 0.99334, 1.468, 0.54215, 0.46199, 1.6016, 1.1923, 0.74173, 0.0043076, 5.8674, 1.0549, 0.005492, 2.9961, 1.421, 0.060589, 1.156, 0.95961, 1.0207, 0.31786, 0.24429, 1.6013, -0.72861, 0.64267, -0.00096335, 3.9818, 0.6672, -0.0073824, 1.0164, 1.4208, 0.045061, 1.4856, 1.0271, 1.9154, 0.76645, 0.6797, 1.602, 3.1133, 0.8408, 0.0095785, 7.7531, 1.4426, 0.018366, 4.9759, 1.4211, 0.076116, 0.010035, 0.00042041, 0.073963, 0.018595, 0.017518, 5.2231e-08, 1.3639, 0.0036274, 1.0269e-05, 1.3142, 0.055558, 6.1263e-05, 1.4487, 1.1377e-08, 8.9116e-05, 0.54992, 0.89773, 0.75234, 0.27058, 0.17559, -1.3839, -1.5957, 0.46537, -0.010503, 1.54, 0.2539, -0.010007, -0.26877, 0.065505, 0.03653, 2.0917, 1.0889, 2.1837, 0.81373, 0.7484, 4.5872, 3.9804, 1.0181, 0.019118, 10.195, 1.8559, 0.020991, 6.261, 2.7764, 0.084647, 0.21964, 0.0033785, 0.18932, 0.02726, 0.030319, 3.2945, 2.873, 0.02823, 8.1077e-05, 6.9215, 0.23714, 8.8792e-05, 3.9399, 0.67907, 0.00021393
