-0.0269122 -0.0547885 319.989 3.71097 -0.486464 6.13021e-07 -0.0202128 0.00674168 -319.989 4.93022 -0.454618 -6.13021e-07
-0.038654 -0.0656556 319.988 5.4057 -2.26048 5.99444e-07 -0.00843668 0.0177289 -319.988 6.30573 -1.98443 -5.99444e-07
-0.0572057 -0.0864903 319.985 8.66058 -5.25394 6.92176e-07 0.0101476 0.0386894 -319.985 8.92257 -4.2084 -6.92176e-07
-0.0756362 -0.116354 319.98 13.318 -8.68876 1.26554e-06 0.02861 0.0686824 -319.98 12.6743 -5.95817 -1.26554e-06
-0.0884148 -0.153656 319.974 19.1315 -11.9387 2.82857e-06 0.0414182 0.106118 -319.974 17.3605 -6.3064 -2.82857e-06
-0.0936862 -0.196468 319.967 25.8045 -14.7819 5.56534e-06 0.0467187 0.149068 -319.967 22.7361 -4.9541 -5.56534e-06
-0.0938077 -0.242814 319.96 33.0253 -17.4595 8.95716e-06 0.0468699 0.195557 -319.96 28.5573 -2.32231 -8.95716e-06
-0.0939916 -0.29045 319.953 40.4473 -20.5248 1.18412e-05 0.047085 0.243339 -319.953 34.5403 0.678283 -1.18412e-05
-0.0997334 -0.337179 319.946 47.7288 -24.5576 1.28198e-05 0.0528576 0.290221 -319.946 40.4099 3.08463 -1.28198e-05
-0.114242 -0.380911 319.939 54.544 -29.8808 1.07421e-05 0.0673923 0.334107 -319.939 45.904 4.31895 -1.07421e-05
-0.137067 -0.419753 319.933 60.5991 -36.4088 5.06943e-06 0.0902355 0.373105 -319.933 50.7846 4.42268 -5.06943e-06
-0.164509 -0.452146 319.928 65.6504 -43.6946 -3.9816e-06 0.117694 0.405655 -319.928 54.8569 3.98717 3.9816e-06
-0.191519 -0.476885 319.925 69.511 -51.1396 -1.56055e-05 0.144727 0.430561 -319.925 57.9707 3.83068 1.56055e-05
-0.214112 -0.493163 319.922 72.0556 -58.2609 -2.88603e-05 0.16735 0.447024 -319.922 60.0259 4.58947 2.88603e-05
-0.231059 -0.500571 319.921 73.2208 -64.8786 -4.3189e-05 0.184346 0.454642 -319.921 60.9717 6.42738 4.3189e-05
-0.244155 -0.499078 319.922 73.0019 -71.1442 -5.86814e-05 0.197503 0.453385 -319.922 60.8042 8.99288 5.86814e-05
-0.257015 -0.489027 319.923 71.451 -77.4059 -7.58812e-05 0.21037 0.44358 -319.923 59.5655 11.6281 7.58812e-05
-0.273048 -0.47111 319.926 68.6736 -83.9925 -9.5232e-05 0.226361 0.425885 -319.926 57.3399 13.7042 9.5232e-05
-0.293745 -0.446335 319.93 64.8255 -91.0251 -0.0001165 0.247043 0.401289 -319.93 54.252 14.9128 0.0001165
-0.318107 -0.415974 319.935 60.105 -98.3475 -0.000138515 0.271446 0.371067 -319.935 50.4614 15.3745 0.000138515
-0.343285 -0.381502 319.94 54.7453 -105.595 -0.00015938 0.296671 0.33674 -319.94 46.1556 15.532 0.00015938
-0.36605 -0.344502 319.945 48.997 -112.363 -0.000177022 0.319393 0.299952 -319.945 41.5375 15.8995 0.000177022
-0.384239 -0.3066 319.951 43.1163 -118.367 -0.00018979 0.337416 0.262369 -319.951 36.8137 16.8074 0.00018979
-0.397501 -0.269394 319.957 37.3498 -123.539 -0.000196809 0.350519 0.225566 -319.957 32.1827 18.2668 0.000196809
-0.407188 -0.234355 319.962 31.9235 -128.001 -0.000197959 0.36017 0.190972 -319.962 27.8264 20.0036 0.000197959
-0.415441 -0.20274 319.967 27.0335 -131.958 -0.000193534 0.368507 0.159845 -319.967 23.902 21.6222 0.000193534
-0.423934 -0.175538 319.97 22.8376 -135.57 -0.000183799 0.377273 0.133218 -319.97 20.5356 22.8038 0.000183799
-0.433228 -0.153473 319.973 19.4493 -138.869 -0.000168666 0.386905 0.111824 -319.973 17.8184 23.4386 0.000168666
-0.44253 -0.137057 319.976 16.9381 -141.743 -0.000147642 0.39657 0.0960429 -319.976 15.8063 23.6438 0.000147642
-0.450422 -0.126625 319.977 15.3349 -144.002 -0.000120048 0.404535 0.0859356 -319.977 14.5239 23.6718 0.000120048
-0.455521 -0.122278 319.978 14.6418 -145.473 -8.53855e-05 0.409231 0.0814276 -319.978 13.973 23.7654 8.53855e-05
-0.456864 -0.123814 319.977 14.8402 -146.079 -4.36604e-05 0.410209 0.0824793 -319.977 14.1381 24.0436 4.36604e-05
-0.454455 -0.130722 319.976 15.8908 -145.844 4.50324e-06 0.407881 0.0890901 -319.976 14.9868 24.474 -4.50324e-06
-0.449263 -0.142357 319.974 17.7227 -144.867 5.79958e-05 0.402983 0.100989 -319.974 16.4611 24.9155 -5.79958e-05
-0.442555 -0.158038 319.971 20.2284 -143.275 0.000115537 0.396395 0.117476 -319.971 18.4745 25.1925 -0.000115537
-0.435234 -0.177067 319.968 23.2706 -141.177 0.000176016 0.388973 0.137485 -319.968 20.9167 25.1682 -0.000176016
-0.427552 -0.198737 319.965 26.6982 -138.63 0.000238717 0.381192 0.159786 -319.965 23.6665 24.798 -0.000238717
-0.419022 -0.222109 319.962 30.3628 -135.629 0.000303337 0.373032 0.183416 -319.962 26.6052 24.1462 -0.000303337
-0.408651 -0.246055 319.958 34.1228 -132.109 0.000369824 0.363988 0.207688 -319.958 29.6192 23.3592 -0.000369824
-0.396392 -0.269399 319.955 37.8334 -127.999 0.000438102 0.352504 0.23192 -319.955 32.5924 22.5908 -0.000438102
-0.382995 -0.291022 319.951 41.3363 -123.308 0.000507825 0.337534 0.255199 -319.951 35.3977 21.8929 -0.000507825
-0.368704 -0.310036 319.948 44.4605 -118.176 0.000578262 0.3205 0.276218 -319.948 37.8977 21.1687 -0.000578262
-0.353663 -0.326029 319.946 47.0457 -112.795 0.000648369 0.303743 0.293335 -319.946 39.964 20.2634 -0.000648369
-0.338203 -0.338625 319.944 48.9807 -107.296 0.000717005 0.288351 0.3055 -319.944 41.5077 19.1074 -0.000717005
-0.322348 -0.347098 319.944 50.2208 -101.69 0.000783173 0.273825 0.312868 -319.944 42.4929 17.7788 -0.000783173
-0.30521 -0.350583 319.943 50.7638 -95.9012 0.000846129 0.259219 0.31627 -319.943 42.9176 16.4588 -0.000846129
-0.286314 -0.348489 319.944 50.6015 -89.8376 0.000905317 0.243067 0.316193 -319.944 42.7748 15.3284 -0.000905317
-0.265951 -0.340514 319.945 49.6861 -83.4807 0.000960184 0.224462 0.312322 -319.945 42.0262 14.4553 -0.000960184
-0.245392 -0.326742 319.947 47.9345 -76.9435 0.00100999 0.203721 0.303512 -319.947 40.6052 13.7296 -0.00100999
-0.226764 -0.30775 319.949 45.2737 -70.4669 0.00105372 0.182277 0.28825 -319.949 38.4538 12.8922 -0.00105372
-0.211831 -0.284538 319.953 41.7085 -64.3487 0.00109015 0.162547 0.265605 -319.953 35.5767 11.6532 -0.00109015
-0.200313 -0.257829 319.957 37.3701 -58.81 0.00111809 0.147385 0.236541 -319.957 32.0796 9.87256 -0.00111809
-0.19055 -0.227742 319.962 32.4952 -53.8577 0.00113655 0.137355 0.203974 -319.962 28.1525 7.71043 -0.00113655
-0.181089 -0.194358 319.967 27.3356 -49.279 0.00114497 0.12933 0.171053 -319.967 23.997 5.59732 -0.00114497
-0.169847 -0.158539 319.972 22.0655 -44.8017 0.00114312 0.120119 0.139148 -319.972 19.7527 4.00159 -0.00114312
-0.154608 -0.121603 319.977 16.7562 -40.2596 0.0011309 0.108844 0.107861 -319.977 15.4775 3.19129 -0.0011309
-0.136616 -0.0845407 319.981 11.4192 -35.6667 0.00110813 0.0946775 0.0763496 -319.981 11.1809 3.12217 -0.00110813
-0.119499 -0.0486756 319.986 6.07717 -31.2493 0.00107442 0.0782293 0.0435859 -319.986 6.88146 3.42539 -0.00107442
-0.106074 -0.0155218 319.991 0.837538 -27.3913 0.00102929 0.0634376 0.00944227 -319.991 2.66663 3.53615 -0.00102929
-0.0977165 0.0135189 319.996 -4.0645 -24.4305 0.000972412 0.0546204 -0.0244641 -319.996 -1.27461 2.99276 -0.000972412
-0.0939749 0.0372382 320 -8.28783 -22.4324 0.000903912 0.0531801 -0.0549742 -320 -4.66985 1.72713 -0.000903912
-0.0929427 0.054281 320.003 -11.4546 -21.1298 0.000824511 0.0563994 -0.078594 -320.003 -7.2157 0.121395 -0.000824511
-0.0929607 0.0639444 320.005 -13.2473 -20.0987 0.000735438 0.0587491 -0.0919537 -320.005 -8.65739 -1.23889 -0.000735438
-0.0920376 0.0662075 320.005 -13.5043 -19.0456 0.000638111 0.0572092 -0.092999 -320.005 -8.86526 -1.94351 -0.000638111
-0.0896216 0.0612142 320.003 -12.2785 -17.9728 0.000533773 0.0522527 -0.0822689 -320.003 -7.88204 -1.97923 -0.000533773
-0.0880842 0.0497048 320.001 -9.83085 -17.1522 0.000423312 0.0459396 -0.0623691 -320.001 -5.91711 -1.6963 -0.000423312
-0.0894697 0.0332836 319.997 -6.56133 -16.9702 0.000307363 0.0424826 -0.0368306 -319.997 -3.29181 -1.58718 -0.000307363
-0.093838 0.0134519 319.993 -2.9142 -17.6819 0.000186626 0.0458276 -0.00985231 -319.993 -0.362717 -1.95942 -0.000186626
-0.101038 -0.00852445 319.99 0.72914 -19.2264 6.21703e-05 0.0549505 0.0149405 -319.99 2.56443 -2.70893 -6.21703e-05
-0.110261 -0.0320078 319.987 4.14638 -21.2912 -6.44497e-05 0.0653891 0.035337 -319.987 5.31177 -3.40779 6.44497e-05
-0.119452 -0.0570797 319.984 7.333 -23.5571 -0.000191372 0.0738094 0.0512019 -319.984 7.87626 -3.61858 0.000191372
-0.126687 -0.0837203 319.981 10.4926 -25.884 -0.000316812 0.0797786 0.0651677 -319.981 10.4214 -3.15039 0.000316812
-0.131829 -0.111286 319.979 13.9306 -28.3292 -0.000439418 0.0845901 0.0817901 -319.979 13.1912 -2.10821 0.000439418
-0.136684 -0.138757 319.975 17.8763 -31.0624 -0.000558408 0.0897569 0.10502 -319.975 16.3684 -0.788505 0.000558408
-0.143415 -0.165227 319.971 22.3214 -34.2635 -0.000673398 0.0967644 0.135651 -319.971 19.9452 0.476583 0.000673398
-0.153207 -0.190155 319.967 26.9712 -38.0355 -0.000784076 0.106734 0.170441 -319.967 23.6851 1.46598 0.000784076
-0.166182 -0.212584 319.962 31.3317 -42.3533 -0.000889874 0.119536 0.204015 -319.962 27.1923 2.15593 0.000889874
-0.181131 -0.230921 319.958 34.8683 -47.0747 -0.00098982 0.134231 0.231112 -319.958 30.0386 2.70594 0.00098982
-0.196197 -0.242848 319.956 37.1432 -51.9988 -0.00108263 0.149484 0.248432 -319.956 31.8725 3.36338 0.00108263
-0.210153 -0.245053 319.956 37.8594 -56.9446 -0.00116701 0.163759 0.255466 -319.956 32.4543 4.33545 0.00116701
-0.222668 -0.235164 319.957 36.8145 -61.8232 -0.00124191 0.17633 0.251977 -319.957 31.6198 5.68148 0.00124191
-0.235085 -0.213036 319.959 33.8641 -66.6757 -0.00130674 0.187077 0.236256 -319.959 29.2527 7.27118 0.00130674
-0.252227 -0.180263 319.964 28.9716 -71.716 -0.00136119 0.195028 0.206241 -319.964 25.3245 8.77749 0.00136119
-0.274429 -0.139195 319.97 22.3079 -77.303 -0.00140505 0.205455 0.16179 -319.97 19.9738 9.77192 0.00140505
-0.297421 -0.0913902 319.978 14.2949 -83.6439 -0.00143786 0.225345 0.106763 -319.978 13.5401 10.08 0.00143786
-0.318923 -0.037885 319.987 5.51154 -90.4732 -0.00145875 0.252253 0.047551 -319.987 6.48808 10.0996 0.00145875
-0.334497 0.0192606 319.996 -3.47743 -97.1109 -0.00146643 0.279912 -0.0106641 -319.996 -0.729723 10.6544 0.00146643
-0.34308 0.0767042 320.004 -12.2412 -102.859 -0.00145962 0.299306 -0.0656838 -320.004 -7.7657 12.4622 0.00145962
-0.348378 0.130106 320.012 -20.4692 -107.498 -0.00143745 0.304977 -0.117854 -320.012 -14.3691 15.5495 0.00143745
-0.353658 0.175267 320.018 -27.8458 -111.51 -0.0013998 0.303201 -0.16731 -320.018 -20.2851 19.0587 0.0013998
-0.36682 0.210145 320.024 -33.9516 -115.817 -0.00134728 0.302066 -0.21073 -320.024 -25.1793 21.6667 0.00134728
-0.395216 0.234579 320.029 -38.3228 -121.333 -0.00128068 0.308714 -0.242336 -320.029 -28.681 22.2518 0.00128068
-0.435034 0.248857 320.031 -40.6168 -128.5 -0.0012004 0.332184 -0.257459 -320.031 -30.5176 20.5208 0.0012004
-0.481312 0.251737 320.031 -40.7494 -136.956 -0.0011061 0.36861 -0.256248 -320.031 -30.6195 17.3519 0.0011061
-0.527067 0.240997 320.028 -38.8541 -145.728 -0.000996788 0.406069 -0.242614 -320.028 -29.0905 14.4271 0.000996788
-0.560427 0.215267 320.024 -35.11 -153.811 -0.000871446 0.437637 -0.220197 -320.024 -26.0706 13.3798 0.000871446
-0.56988 0.172698 320.018 -29.5544 -160.472 -0.000729933 0.462498 -0.191299 -320.018 -21.586 15.2092 0.000729933
-0.555014 0.111746 320.011 -21.9656 -165.295 -0.000573662 0.476932 -0.154615 -320.011 -15.4582 20.0795 0.000573662
-0.528526 0.0331067 320.002 -11.9076 -168.348 -0.000405713 0.474681 -0.103865 -320.002 -7.33869 27.1551 0.000405713
-0.500838 -0.0613666 319.991 1.04167 -170.36 -0.000230316 0.463482 -0.0318216 -319.991 3.10553 34.616 0.000230316
-0.481908 -0.168664 319.976 16.9871 -172.375 -5.18762e-05 0.455946 0.0658295 -319.976 15.9528 40.3373 5.18762e-05
-0.485743 -0.286094 319.957 35.5089 -175.219 0.000126107 0.455083 0.186384 -319.957 30.8648 42.7566 -0.000126107
-0.518737 -0.410554 319.937 55.6876 -179.357 0.000301806 0.462177 0.321128 -319.937 47.1012 41.2598 -0.000301806
-0.568461 -0.535973 319.917 76.2814 -184.769 0.000475134 0.485853 0.460213 -319.917 63.6668 36.3607 -0.000475134
-0.613935 -0.651858 319.898 95.896 -190.553 0.000647106 0.527285 0.596194 -319.898 79.4362 29.9386 -0.000647106
-0.640113 -0.746685 319.881 112.979 -194.896 0.00081886 0.56802 0.720664 -319.881 93.1618 24.8831 -0.00081886
-0.634138 -0.810779 319.868 125.855 -195.866 0.000990682 0.588512 0.821792 -319.868 103.497 23.8141 -0.000990682
-0.591266 -0.835226 319.861 132.827 -192.388 0.0011613 0.57868 0.886701 -319.861 109.078 27.7382 -0.0011613
-0.52408 -0.815222 319.861 132.423 -184.773 0.00132776 0.536881 0.901294 -319.861 108.723 35.4324 -0.00132776
-0.465743 -0.750446 319.869 123.751 -174.925 0.00148598 0.467327 0.854505 -319.869 101.721 43.551 -0.00148598
-0.442976 -0.644113 319.886 106.864 -165.992 0.0016321 0.397678 0.743788 -319.886 88.1153 47.6059 -0.0016321
-0.463078 -0.501695 319.911 82.8839 -160.942 0.00176389 0.366538 0.578072 -319.911 68.8067 44.1182 -0.00176389
-0.51581 -0.331648 319.941 53.8316 -160.626 0.00188188 0.390768 0.374863 -319.941 45.4214 33.0085 -0.00188188
-0.575779 -0.145912 319.973 22.2422 -162.941 0.00198937 0.452214 0.154793 -319.973 20 18.2864 -0.00198937
-0.616765 0.0425927 320.005 -9.27253 -163.966 0.00209112 0.504935 -0.0614972 -320.005 -5.3538 6.1637 -0.00209112
-0.618197 0.222013 320.034 -38.4113 -160.402 0.00219075 0.510528 -0.256297 -320.034 -28.7883 1.62426 -0.00219075
-0.569188 0.382197 320.057 -63.4549 -151.468 0.00228814 0.466133 -0.417684 -320.057 -48.9216 5.81782 -0.00228814
-0.482965 0.517156 320.076 -83.4958 -139.003 0.00237846 0.392025 -0.540003 -320.076 -65.025 15.8769 -0.00237846
-0.39166 0.620449 320.09 -98.2715 -126.196 0.00245353 0.314936 -0.626351 -320.09 -76.8915 26.7266 -0.00245353
-0.320679 0.683173 320.099 -107.859 -115.982 0.00250488 0.2646 -0.686623 -320.099 -84.5832 33.5576 -0.00250488
-0.29228 0.693944 320.102 -112.041 -109.764 0.00252701 0.246484 -0.72938 -320.102 -87.9214 33.8819 -0.00252701
-0.313074 0.645031 320.099 -109.768 -107.299 0.00251916 0.249991 -0.748834 -320.099 -86.0561 28.0155 -0.00251916
-0.361699 0.535938 320.09 -99.2066 -107.322 0.00248483 0.270465 -0.721995 -320.09 -77.5206 18.3462 -0.00248483
-0.399684 0.367016 320.071 -78.4412 -107.85 0.00242947 0.306354 -0.623953 -320.071 -60.7811 8.50979 -0.00242947
-0.398082 0.140301 320.041 -46.3556 -106.306 0.00235745 0.339558 -0.438374 -320.041 -34.9445 2.53764 -0.00235745
-0.36128 -0.138392 319.999 -3.28634 -100.583 0.0022698 0.331464 -0.163791 -319.999 -0.285416 3.12825 -0.0022698
-0.305199 -0.457216 319.946 48.7483 -90.7873 0.00216361 0.271624 0.185704 -319.946 41.5703 9.62037 -0.00216361
-0.239084 -0.793359 319.887 106.144 -79.5086 0.00203353 0.197671 0.586626 -319.887 87.7228 18.0205 -0.00203353
-0.173252 -1.11676 319.826 163.925 -69.7715 0.00187474 0.15332 1.00511 -319.826 134.168 23.766 -0.00187474
-0.133497 -1.39816 319.772 216.368 -62.8899 0.00168618 0.13907 1.39689 -319.772 176.297 24.4791 -0.00168618
-0.130411 -1.61384 319.73 257.725 -58.4123 0.00147214 0.139188 1.71192 -319.73 209.499 20.4304 -0.00147214
-0.148673 -1.74696 319.706 283.319 -55.1158 0.00124107 0.147307 1.90696 -319.706 230.01 13.4428 -0.00124107
-0.165133 -1.78645 319.7 290.542 -51.5436 0.00100252 0.158581 1.9597 -319.7 235.742 5.9906 -0.00100252
-0.170956 -1.72617 319.713 279.244 -46.3884 0.000764106 0.156218 1.87434 -319.713 226.581 0.364566 -0.000764106
-0.167827 -1.57067 319.743 251.468 -39.2581 0.000529867 0.128532 1.67264 -319.743 204.174 -2.42344 -0.000529867
-0.1567 -1.33556 319.786 210.759 -31.1009 0.000300305 0.0869285 1.38453 -319.786 171.377 -3.1611 -0.000300305
-0.153073 -1.03866 319.839 161.327 -23.7737 7.37218e-05 0.0429733 1.04623 -319.839 131.573 -3.79353 -7.37218e-05
-0.161344 -0.697917 319.895 107.193 -19.1298 -0.000151564 0.0185253 0.691478 -319.895 87.9975 -6.15521 0.000151564
-0.166167 -0.33479 319.951 51.5492 -17.7406 -0.000375046 0.0343768 0.339789 -319.951 43.2186 -10.4405 0.000375046
-0.16414 0.0279678 320.004 -3.35466 -18.1724 -0.000593129 0.0687454 -0.00261685 -320.004 -0.944244 -14.5464 0.000593129
-0.157812 0.366565 320.054 -55.7513 -18.2048 -0.000800253 0.0832638 -0.336816 -320.054 -43.0672 -15.6629 0.000800253
-0.137743 0.658759 320.1 -103.671 -16.7172 -0.000991617 0.0708362 -0.659742 -320.1 -81.5645 -12.588 0.000991617
-0.109909 0.887588 320.141 -144.451 -14.3638 -0.00116586 0.0387596 -0.954132 -320.141 -114.291 -6.53118 0.00116586
-0.0972311 1.045 320.174 -174.88 -13.1838 -0.00132594 -0.000164365 -1.18688 -320.174 -138.674 -0.46971 0.00132594
-0.105485 1.12774 320.192 -192.006 -15.5393 -0.00147757 -0.0123519 -1.32342 -320.192 -152.355 2.43095 0.00147757
-0.144184 1.13087 320.194 -194.079 -22.6744 -0.00162624 0.011763 -1.34633 -320.194 -153.941 0.735192 0.00162624
-0.215864 1.04889 320.178 -180.965 -34.1996 -0.00177446 0.0598357 -1.25942 -320.178 -143.326 -4.56971 0.00177446
-0.283879 0.879935 320.146 -153.93 -48.3661 -0.00192056 0.135296 -1.08076 -320.146 -121.526 -10.568 0.00192056
-0.310028 0.63261 320.105 -115.017 -62.1152 -0.00205949 0.224615 -0.827923 -320.105 -90.1733 -13.0542 0.00205949
-0.279886 0.325184 320.056 -66.6537 -71.78 -0.00218535 0.287542 -0.513837 -320.056 -51.2217 -8.01527 0.00218535
-0.189342 -0.0138544 320.001 -11.7392 -74.8317 -0.00229426 0.299853 -0.147296 -320.001 -7.01108 6.00144 0.00229426
-0.0633632 -0.352664 319.942 45.9756 -71.2675 -0.00238644 0.255082 0.255265 -319.942 39.4273 26.3982 0.00238644
0.0384573 -0.66095 319.883 101.66 -64.0961 -0.00246607 0.161474 0.66201 -319.883 84.1954 46.6593 0.00246607
0.05985 -0.914489 319.831 149.769 -58.7747 -0.00253869 0.0630295 1.0259 -319.831 122.828 58.1623 0.00253869
-0.0388744 -1.10556 319.793 185.196 -61.1974 -0.00260703 0.0136035 1.28916 -319.793 151.229 53.6632 0.00260703
-0.253559 -1.23785 319.773 204.992 -74.9214 -0.00266746 0.0571489 1.4104 -319.773 167.051 31.127 0.00266746
-0.523771 -1.31646 319.772 209.691 -98.8363 -0.00270884 0.206603 1.39152 -319.772 170.744 -3.8912 0.00270884
-0.764089 -1.34503 319.785 203.23 -126.657 -0.00271473 0.414133 1.27952 -319.785 165.484 -38.9681 0.00271473
-0.880615 -1.32168 319.804 191.219 -149.124 -0.00266867 0.602021 1.14829 -319.804 155.778 -59.264 0.00266867
-0.825116 -1.24953 319.822 178.363 -158.097 -0.00256059 0.683814 1.05509 -319.822 145.405 -54.0036 0.00256059
-0.616034 -1.13623 319.835 166.496 -150.799 -0.00239177 0.614025 1.01578 -319.835 135.832 -22.1643 0.00239177
-0.319568 -0.987372 319.845 154.136 -131.683 -0.0021758 0.432039 1.00575 -319.845 125.869 25.8843 0.0021758
-0.0527508 -0.806202 319.857 137.525 -110.505 -0.00193445 0.21707 0.973445 -319.857 112.491 72.346 0.00193445
0.0712187 -0.594382 319.879 112.564 -98.1048 -0.00168968 0.0606817 0.864663 -319.879 92.4112 99.3056 0.00168968
0.000840396 -0.361012 319.915 76.9331 -101.781 -0.00145506 0.0384753 0.640583 -319.915 63.7756 96.2148 0.00145506
-0.229982 -0.111828 319.964 31.5489 -121.783 -0.0012307 0.174657 0.307231 -319.964 27.3209 64.6809 0.0012307
-0.524523 0.152101 320.019 -19.4959 -150.527 -0.0010042 0.413369 -0.0839407 -320.019 -13.6679 18.546 0.0010042
-0.762649 0.423346 320.074 -70.4922 -175.774 -0.000757468 0.643657 -0.467173 -320.074 -54.6176 -21.9822 0.000757468
-0.846353 0.680444 320.121 -116.041 -186.383 -0.000476717 0.760183 -0.794658 -320.121 -91.1959 -39.4894 0.000476717
-0.75048 0.887598 320.157 -152.078 -177.656 -0.000160994 0.7072 -1.04989 -320.157 -120.118 -27.3113 0.000160994
-0.534022 1.01692 320.179 -175.717 -153.682 0.000175207 0.505361 -1.22358 -320.179 -139.049 7.45594 -0.000175207
-0.300349 1.05686 320.187 -184.916 -125.6 0.000507058 0.25495 -1.30105 -320.187 -146.344 47.3536 -0.000507058
-0.143227 1.00595 320.179 -178.59 -105.887 0.000810116 0.0859998 -1.27018 -320.179 -141.182 73.4341 -0.000810116
-0.101083 0.873793 320.156 -156.979 -101.467 0.00107153 0.0850477 -1.12452 -320.156 -123.763 75.0716 -0.00107153
-0.156882 0.67676 320.118 -122.072 -109.759 0.00129602 0.229647 -0.873248 -320.118 -95.6888 55.2305 -0.00129602
-0.27634 0.434942 320.068 -77.6294 -121.03 0.00150323 0.38964 -0.544579 -320.068 -59.9848 27.2721 -0.00150323
-0.410675 0.165996 320.013 -28.5978 -125.846 0.00171728 0.446766 -0.184271 -320.013 -20.6138 5.21873 -0.00171728
-0.51447 -0.111049 319.959 19.9639 -121.496 0.00195399 0.383579 0.16184 -319.959 18.3702 -4.81482 -0.00195399
-0.575889 -0.371586 319.913 63.8728 -112.644 0.0022129 0.268344 0.464695 -319.913 53.6108 -6.09356 -0.0022129
-0.601593 -0.588207 319.877 100.124 -106.737 0.0024786 0.200383 0.71311 -319.877 82.6912 -6.05584 -0.0024786
-0.609546 -0.735329 319.851 126.499 -108.223 0.00272999 0.226224 0.904146 -319.851 103.823 -9.31445 -0.00272999
-0.609241 -0.81136 319.836 141.224 -115.885 0.00295149 0.316222 1.01667 -319.836 115.588 -14.2556 -0.00295149
-0.588348 -0.830936 319.833 143.488 -124.591 0.00313947 0.40447 1.0258 -319.833 117.357 -15.022 -0.00313947
-0.503738 -0.80681 319.843 134.374 -128.806 0.00330072 0.454695 0.93281 -319.843 110.018 -5.99539 -0.00330072
-0.308992 -0.739175 319.865 116.937 -124.49 0.00344469 0.467329 0.776691 -319.865 96.0206 15.2449 -0.00344469
-0.0209461 -0.616992 319.893 94.8044 -109.394 0.00357436 0.421247 0.614888 -319.893 78.2563 47.059 -0.00357436
0.276724 -0.435864 319.922 70.1191 -84.1975 0.00368071 0.28387 0.479098 -319.922 58.4186 82.9568 -0.00368071
0.472288 -0.203415 319.95 42.4318 -54.3325 0.00374378 0.0656607 0.355834 -319.95 36.1327 111.215 -0.00374378
0.478469 0.0687053 319.98 9.34248 -29.5522 0.00374023 -0.150088 0.202634 -319.98 9.46995 117.634 -0.00374023
0.286022 0.36256 320.018 -31.5583 -19.3808 0.00365448 -0.235351 -0.0292813 -320.018 -23.4933 92.4572 -0.00365448
-0.0497916 0.660609 320.068 -80.5138 -26.7143 0.00348823 -0.13022 -0.360409 -320.068 -62.9292 37.9195 -0.00348823
-0.414224 0.950827 320.127 -134.463 -44.6922 0.00326303 0.114722 -0.763335 -320.127 -106.358 -29.6292 -0.00326303
-0.697148 1.22702 320.186 -187.69 -60.0548 0.00301338 0.343706 -1.17054 -320.186 -149.14 -86.1141 -0.00301338
-0.80963 1.48311 320.236 -233.947 -61.2447 0.00277309 0.424001 -1.50844 -320.236 -186.331 -111.968 -0.00277309
-0.723672 1.70588 320.273 -268.841 -45.1435 0.00256172 0.319987 -1.73385 -320.273 -214.401 -101.377 -0.00256172
-0.497595 1.87844 320.292 -290.967 -18.4808 0.00237808 0.0907927 -1.84541 -320.292 -232.191 -64.1041 -0.00237808
-0.230481 1.99641 320.297 -301.665 6.19812 0.00220357 -0.135203 -1.86468 -320.297 -240.773 -19.5458 -0.00220357
-0.0327599 2.07451 320.292 -304.253 17.359 0.00201307 -0.252041 -1.81962 -320.292 -242.827 13.4472 -0.00201307
0.040438 2.14136 320.285 -303.34 10.0982 0.00178764 -0.210766 -1.74097 -320.285 -242.082 25.1653 -0.00178764
-0.00853374 2.22275 320.28 -304.268 -12.1444 0.00152305 -0.0506664 -1.67161 -320.28 -242.845 18.0192 -0.00152305
-0.153655 2.32524 320.282 -312.029 -40.8573 0.00123004 0.118335 -1.66899 -320.282 -249.114 2.58975 -0.00123004
-0.343341 2.42515 320.294 -329.197 -68.6673 0.000926781 0.219128 -1.78964 -320.294 -262.932 -10.4236 -0.000926781
-0.538526 2.49263 320.316 -353.683 -93.7641 0.000627417 0.244726 -2.03637 -320.316 -282.587 -16.3664 -0.000627417
-0.717335 2.50876 320.345 -378.14 -119.699 0.000333561 0.255996 -2.33373 -320.345 -302.174 -17.1671 -0.000333561
-0.834181 2.45828 320.368 -392.073 -150.722 3.35434e-05 0.354171 -2.56243 -320.368 -313.279 -16.3917 -3.35434e-05
-0.851196 2.32617 320.371 -385.622 -185.809 -0.000290375 0.561562 -2.61099 -320.371 -307.992 -12.8811 0.000290375
-0.768137 2.09854 320.341 -353.099 -217.358 -0.000651814 0.775145 -2.42029 -320.341 -281.744 0.270431 0.000651814
-0.611541 1.76808 320.277 -294.761 -236.677 -0.00105378 0.862373 -2.00099 -320.277 -234.751 29.265 0.00105378
-0.415734 1.33214 320.191 -216.13 -241.192 -0.00148932 0.787314 -1.42664 -320.191 -171.448 71.7614 0.00148932
-0.26407 0.792321 320.095 -125.255 -237.203 -0.00194732 0.603989 -0.798849 -320.095 -98.289 114.772 0.00194732
-0.255981 0.166703 320.001 -29.3238 -236.998 -0.00241772 0.43263 -0.19184 -320.001 -21.0515 139.739 0.00241772
-0.436844 -0.512516 319.912 67.4901 -252.104 -0.00289212 0.413142 0.37301 -319.912 56.9105 132.166 0.00289212
-0.803782 -1.20083 319.824 163.916 -286.41 -0.00335949 0.586865 0.923754 -319.824 134.557 90.538 0.00335949
-1.29275 -1.85113 319.736 259.534 -334.223 -0.00380112 0.881626 1.50198 -319.736 211.53 28.2847 0.00380112
-1.7526 -2.42887 319.647 352.288 -383.703 -0.00418923 1.20359 2.11537 -319.647 286.115 -32.0387 0.00418923
-2.0394 -2.90607 319.563 437.207 -422.254 -0.00449214 1.44719 2.72824 -319.563 354.34 -67.9931 0.00449214
-2.09162 -3.26079 319.494 506.866 -441.973 -0.00468402 1.52392 3.26753 -319.494 410.278 -66.4185 0.00468402
-1.93727 -3.47158 319.448 553.126 -443.631 -0.00475458 1.42455 3.65026 -319.448 447.4 -29.1753 0.00475458
-1.6673 -3.52683 319.432 569.559 -436.418 -0.00471294 1.2366 3.80551 -319.432 460.539 27.8637 0.00471294
-1.37962 -3.42106 319.449 553.342 -432.494 -0.0045832 1.10159 3.70273 -319.449 447.457 83.2393 0.0045832
-1.16263 -3.14753 319.5 505.961 -439.535 -0.00439323 1.09996 3.36776 -319.5 409.351 120.928 0.00439323
-1.06046 -2.69615 319.578 432.007 -456.784 -0.00416308 1.2124 2.86941 -319.578 349.88 136.685 0.00416308
-1.04398 -2.06158 319.676 336.528 -476.565 -0.00389968 1.36812 2.27754 -319.676 273.061 136.879 0.00389968
-1.08937 -1.25769 319.788 222.668 -489.671 -0.00360058 1.45225 1.6186 -319.788 181.412 131.781 0.00360058
-1.21098 -0.316955 319.91 91.181 -492.329 -0.00326312 1.38453 0.869937 -319.91 75.5595 126.873 0.00326312
-1.39598 0.70636 320.048 -57.735 -489.753 -0.00289225 1.24046 -0.0199561 -320.048 -44.3061 118.561 0.00289225
-1.60965 1.75614 320.203 -221.399 -491.568 -0.00250127 1.17642 -1.07252 -320.203 -175.996 99.3834 0.00250127
-1.82157 2.78648 320.371 -392.53 -502.965 -0.00210501 1.27023 -2.24014 -320.371 -313.651 67.8627 0.00210501
-1.97082 3.77012 320.539 -559.913 -519.616 -0.00171013 1.48328 -3.40579 -320.539 -448.217 33.646 0.00171013
-1.99963 4.67705 320.693 -711.474 -530.018 -0.00131005 1.6726 -4.44479 -320.693 -570.037 13.4227 0.00131005
-1.88456 5.4603 320.818 -837.403 -523.519 -0.000888546 1.69256 -5.27818 -320.818 -671.226 20.2813 0.000888546
-1.63306 6.0722 320.906 -931.689 -497.989 -0.000429875 1.51987 -5.87636 -320.906 -746.943 54.3235 0.000429875
-1.28998 6.47996 320.955 -991.955 -460.788 7.12689e-05 1.25909 -6.24171 -320.955 -795.29 101.93 -7.12689e-05
-0.951906 6.66134 320.972 -1018.23 -423.161 0.000606348 1.03237 -6.39694 -320.972 -816.301 143.632 -0.000606348
-0.705395 6.60199 320.96 -1011.4 -393.211 0.00115792 0.918912 -6.36774 -320.96 -810.696 164.257 -0.00115792
-0.588054 6.29929 320.92 -971.848 -371.879 0.00170943 0.919541 -6.16186 -320.92 -778.796 159.357 -0.00170943
-0.572387 5.77112 320.848 -899.333 -353.27 0.00225377 0.972828 -5.75834 -320.848 -720.422 135.524 -0.00225377
-0.566487 5.0552 320.745 -794.097 -328.055 0.0027957 1.01216 -5.1228 -320.745 -635.793 105.69 -0.0027957
-0.50055 4.19041 320.611 -658.793 -287.807 0.00334693 0.957776 -4.25054 -320.611 -527.062 82.4337 -0.00334693
-0.369041 3.20308 320.451 -499.477 -229.426 0.00391653 0.752748 -3.19294 -320.451 -399.092 71.4229 -0.00391653
-0.211728 2.11149 320.275 -324.606 -157.818 0.00450247 0.424949 -2.04019 -320.275 -258.658 68.0629 -0.00450247
-0.0823151 0.941828 320.094 -142.74 -83.9782 0.0050894 0.0831768 -0.875733 -320.094 -112.61 60.5239 -0.0050894
-0.0296807 -0.263355 319.918 39.3639 -19.0352 0.00565459 -0.164242 0.256315 -319.918 33.6382 37.8518 -0.00565459
-0.0412681 -1.45391 319.751 217.031 31.9387 0.00617845 -0.253685 1.34621 -319.751 176.345 -2.0578 -0.00617845
-0.0402313 -2.5736 319.592 386.438 73.2038 0.0066529 -0.209937 2.40125 -319.592 312.461 -49.1974 -0.0066529
0.090954 -3.55846 319.444 542.849 117.012 0.0070818 -0.134733 3.42418 -319.444 438.119 -85.0299 -0.0070818
0.415286 -4.34775 319.316 678.72 177.074 0.00747286 -0.186498 4.37864 -319.316 547.224 -92.1676 -0.00747286
0.90697 -4.88834 319.217 783.411 260.072 0.00782636 -0.475664 5.18142 -319.217 631.259 -65.4038 -0.00782636
1.41968 -5.1307 319.159 844.573 359.244 0.0081274 -1.00377 5.72329 -319.159 680.272 -18.3025 -0.0081274
1.7547 -5.03556 319.155 850.605 454.369 0.00834713 -1.61655 5.89448 -319.155 684.924 19.7854 -0.00834713
1.78672 -4.59136 319.213 793.593 520.479 0.00845335 -2.0391 5.60485 -319.213 638.843 17.624 -0.00845335
1.51032 -3.81342 319.337 672.106 542.143 0.00842599 -2.06691 4.821 -319.337 540.92 -38.8482 -0.00842599
1.03486 -2.71803 319.523 492.311 523.675 0.00826913 -1.72548 3.60613 -319.523 396.154 -135.016 -0.00826913
0.572021 -1.3184 319.757 266.077 487.287 0.00801131 -1.23287 2.09952 -319.757 214.097 -232.747 -0.00801131
0.381211 0.344511 320.021 6.90493 461.49 0.00769167 -0.841232 0.433423 -320.021 5.58574 -288.721 -0.00769167
0.596093 2.18702 320.298 -273.27 467.248 0.0073381 -0.763922 -1.32268 -320.298 -219.799 -275.164 -0.0073381
1.13559 4.10387 320.575 -564.443 507.189 0.00694905 -1.08404 -3.14548 -320.575 -454.001 -194.415 -0.00694905
1.79924 5.99271 320.849 -856.727 563.127 0.00648945 -1.63382 -5.01038 -320.849 -689.073 -79.9875 -0.00648945
2.33869 7.74546 321.116 -1138.19 605.769 0.00590408 -2.10625 -6.87184 -321.116 -915.365 19.4259 -0.00590408
2.51352 9.24047 321.365 -1393.34 610.469 0.0051435 -2.28113 -8.65216 -321.365 -1120.36 63.7926 -0.0051435
2.22505 10.36 321.576 -1602.63 568.361 0.00419018 -2.09473 -10.2184 -321.576 -1288.4 39.1736 -0.00419018
1.58884 11.0051 321.723 -1743.77 488.592 0.00307117 -1.60898 -11.3837 -321.723 -1401.59 -38.6556 -0.00307117
0.880625 11.1057 321.778 -1795.69 393.835 0.00184991 -0.975891 -11.9473 -321.778 -1442.99 -132.309 -0.00184991
0.37887 10.6258 321.721 -1743.31 311.638 0.000601202 -0.421712 -11.7521 -321.721 -1400.52 -198.458 -0.000601202
0.273903 9.57252 321.547 -1582.13 263.687 -0.000618173 -0.132875 -10.7332 -321.547 -1270.59 -205.881 0.000618173
0.584921 8.00559 321.269 -1320.89 257.191 -0.00178938 -0.183892 -8.94356 -321.269 -1060.26 -148.623 0.00178938
1.14693 6.01538 320.913 -980.742 282.487 -0.00293259 -0.516843 -6.56412 -320.913 -786.531 -48.3134 0.00293259
1.70937 3.7086 320.511 -591.034 317.696 -0.00408874 -0.942853 -3.86526 -320.511 -473.008 55.2239 0.00408874
2.05747 1.20473 320.094 -182.725 339.383 -0.0052908 -1.22309 -1.12496 -320.094 -144.576 121.733 0.0052908
2.10997 -1.36884 319.694 218.118 334.976 -0.00653865 -1.19261 1.44945 -319.694 177.808 129.216 0.00653865
1.89722 -3.87259 319.331 593.847 309.64 -0.00779027 -0.898685 3.77075 -319.331 479.938 83.4085 0.00779027
1.55992 -6.16619 319.01 934.288 282.553 -0.00897372 -0.534935 5.84823 -319.01 753.577 12.0847 0.00897372
1.28824 -8.13316 318.725 1232.43 275.691 -0.0100139 -0.307242 7.70865 -318.725 993.132 -51.1185 0.0100139
1.15988 -9.70835 318.496 1481.82 301.756 -0.0108607 -0.383068 9.33477 -318.496 1193.49 -84.4807 0.0108607
1.13276 -10.8502 318.327 1673.19 356.249 -0.0115046 -0.767127 10.6484 -318.327 1347.07 -88.7536 0.0115046
1.09041 -11.533 318.224 1796.36 418.167 -0.0119721 -1.27426 11.5446 -318.224 1445.74 -85.3029 0.0119721
0.969187 -11.7432 318.191 1842.78 461.718 -0.0123042 -1.59704 11.9277 -318.191 1482.66 -100.459 0.0123042
0.769518 -11.4657 318.236 1808.05 472.699 -0.0125292 -1.55595 11.7558 -318.236 1454.27 -145.181 0.0125292
0.590229 -10.6726 318.36 1692.61 457.937 -0.0126442 -1.20782 11.0635 -318.36 1361.04 -204.441 0.0126442
0.555909 -9.35909 318.563 1500.34 440.929 -0.0126154 -0.832686 9.90548 -318.563 1206.08 -244.913 0.0126154
0.775102 -7.57629 318.836 1236.88 446.092 -0.0123995 -0.712245 8.30299 -318.836 993.957 -236.208 0.0123995
1.24517 -5.42928 319.166 910.252 482.904 -0.0119739 -0.967157 6.25439 -319.166 731.156 -171.224 0.0119739
1.77586 -3.04606 319.541 533.37 538.85 -0.0113592 -1.53049 3.7977 -319.541 428.093 -73.5546 0.0113592
2.10784 -0.572327 319.946 126.172 584.027 -0.0106186 -2.12827 1.04329 -319.946 100.802 11.8119 0.0106186
2.04617 1.83867 320.358 -284.373 586.242 -0.00983545 -2.41581 -1.81589 -320.358 -229.047 41.2871 0.00983545
1.49648 4.0364 320.747 -666.921 528.153 -0.00907687 -2.23371 -4.52804 -320.747 -536.279 -3.43286 0.00907687
0.57501 5.8873 321.073 -990.488 415.426 -0.00836555 -1.62916 -6.82909 -321.073 -796.011 -105.075 0.00836555
-0.433881 7.29902 321.304 -1230.13 272.879 -0.0076734 -0.8162 -8.49126 -321.304 -988.213 -218.477 0.0076734
-1.20887 8.22839 321.425 -1372.12 132.294 -0.00694224 -0.0749204 -9.3816 -321.425 -1101.87 -290.972 0.00694224
-1.52301 8.66813 321.438 -1416.74 18.0367 -0.00612079 0.385292 -9.51111 -321.438 -1137.22 -285.656 0.00612079
-1.36154 8.64713 321.36 -1377.23 -62.9756 -0.00519841 0.490117 -9.02096 -321.36 -1104.92 -196.927 0.00519841
-0.914224 8.22719 321.221 -1275.2 -123.319 -0.00421816 0.335904 -8.12687 -321.221 -1022.35 -52.3794 0.00421816
-0.491181 7.4743 321.047 -1134 -188.542 -0.00326214 0.140044 -7.06304 -321.047 -908.324 99.4715 0.00326214
-0.37706 6.43845 320.863 -971.897 -284.939 -0.00241674 0.1507 -6.01395 -320.863 -777.52 210.109 0.00241674
-0.702828 5.17207 320.678 -797.241 -426.709 -0.00173527 0.536978 -5.03457 -320.678 -636.674 251.602 0.00173527
-1.38942 3.73918 320.491 -608.308 -607.989 -0.00121613 1.30621 -4.03927 -320.491 -484.475 228.167 0.00121613
-2.20585 2.1946 320.291 -398.08 -803.954 -0.000807069 2.27699 -2.88304 -320.291 -315.274 172.89 0.000807069
-2.93431 0.580165 320.065 -161.095 -982.203 -0.000432502 3.12203 -1.45377 -320.065 -124.655 129.925 0.000432502
-3.44645 -1.06429 319.809 101.057 -1119.69 -2.96084e-05 3.58495 0.268182 -319.809 86.1305 130.253 2.96084e-05
-3.71806 -2.68866 319.532 377.401 -1214.54 0.000425137 3.66441 2.19201 -319.532 308.265 175.6 -0.000425137
-3.85203 -4.2324 319.259 649.158 -1284.54 0.000912175 3.56264 4.13738 -319.259 526.682 240.881 -0.000912175
-3.95872 -5.60564 319.017 893.815 -1353.34 0.00138876 3.5767 5.9052 -319.017 723.305 292.551 -0.00138876
-4.08305 -6.688 318.834 1089.53 -1433.45 0.00182078 3.88988 7.33559 -318.834 880.596 311.072 -0.00182078
-4.23855 -7.36236 318.727 1217.94 -1517.57 0.00220833 4.39636 8.30934 -318.727 983.726 302.102 -0.00220833
-4.39217 -7.54347 318.703 1265.35 -1585.35 0.0025908 4.82315 8.73564 -318.703 1021.65 288.282 -0.0025908
-4.51007 -7.21295 318.766 1224.22 -1619.78 0.00302926 4.94317 8.53593 -318.766 988.291 289.237 -0.00302926
-4.6391 -6.42226 318.913 1095.29 -1620.73 0.00357693 4.7075 7.66898 -318.913 884.351 305.146 -0.00357693
-4.85321 -5.26079 319.14 890.02 -1607.12 0.00425551 4.32431 6.19313 -319.14 719.105 315.286 -0.00425551
-5.20607 -3.83916 319.429 630.423 -1604.82 0.00505038 4.10982 4.28029 -319.429 510.255 293.578 -0.00505038
-5.7077 -2.28791 319.747 345.76 -1629.32 0.00592643 4.23691 2.17578 -319.747 281.33 229.815 -0.00592643
-6.25301 -0.749921 320.051 67.2738 -1675.86 0.00685297 4.65763 0.137876 -320.051 57.4468 140.72 -0.00685297
-6.61975 0.639316 320.309 -177.313 -1722.08 0.00782165 5.16531 -1.61266 -320.309 -139.067 64.1486 -0.00782165
-6.54804 1.78554 320.498 -367.964 -1738.87 0.0088457 5.51737 -2.91271 -320.498 -292.088 41.5696 -0.0088457
-5.91103 2.6619 320.613 -495.502 -1703.66 0.00994095 5.5022 -3.67147 -320.613 -394.264 97.9407 -0.00994095
-4.84662 3.286 320.658 -563.147 -1611.96 0.0111002 4.9985 -3.91312 -320.658 -448.247 226.451 -0.0111002
-3.73936 3.69414 320.647 -585.19 -1484.13 0.0122769 4.07278 -3.78553 -320.647 -465.618 384.141 -0.0122769
-3.06041 3.90985 320.607 -581.897 -1362.22 0.0133895 3.03259 -3.5259 -320.607 -462.742 503.714 -0.0133895
-3.08799 3.93369 320.562 -571.269 -1293.03 0.0143485 2.38214 -3.36489 -320.562 -454.099 522.089 -0.0143485
-3.79446 3.75384 320.528 -560.969 -1302.13 0.0150937 2.49901 -3.41214 -320.528 -445.77 415.681 -0.0150937
-4.84777 3.38057 320.501 -544.84 -1374.7 0.0156224 3.34629 -3.57808 -320.501 -432.771 221.452 -0.0156224
-5.68403 2.85511 320.463 -506.786 -1457.7 0.0159888 4.49192 -3.6147 -320.463 -402.151 26.2189 -0.0159888
-5.76536 2.21989 320.387 -430.54 -1483.44 0.0162728 5.29704 -3.27084 -320.387 -340.846 -72.4503 -0.0162728
-4.84425 1.48946 320.254 -309.489 -1402.88 0.0165303 5.23636 -2.44702 -320.254 -243.545 -15.0736 -0.0165303
-3.13001 0.641235 320.07 -150.522 -1212.06 0.016754 4.16333 -1.25423 -320.07 -115.775 185.615 -0.016754
-1.17093 -0.354382 319.86 30.0066 -956.961 0.0168673 2.4615 0.0680766 -319.86 29.3363 444.746 -0.0168673
0.380874 -1.49514 319.658 214.919 -711.245 0.0167567 0.850255 1.30147 -319.658 177.963 643.398 -0.0167567
1.0437 -2.71982 319.486 393.376 -538.007 0.01633 -0.0270156 2.36765 -319.486 321.342 686.675 -0.01633
0.782608 -3.92278 319.343 562.106 -456.6 0.0155698 0.103126 3.32964 -319.343 456.76 550.62 -0.0155698
-0.0782946 -5.00259 319.212 721.071 -432.858 0.0145553 0.907925 4.28795 -319.212 584.126 293.3 -0.0145553
-1.03949 -5.92007 319.085 868.167 -400.913 0.013437 1.65812 5.25493 -319.085 701.774 21.3922 -0.013437
-1.56525 -6.69931 318.967 997.865 -302.734 0.0123732 1.78026 6.13629 -318.967 805.368 -167.392 -0.0123732
-1.32357 -7.36712 318.873 1104.23 -117.448 0.0114624 1.14302 6.82985 -318.873 890.259 -228.873 -0.0114624
-0.36089 -7.90933 318.816 1184.3 134.818 0.0107047 -0.0217412 7.31212 -318.816 954.119 -182.018 -0.0107047
0.991259 -8.28132 318.796 1238.24 409.866 0.0100145 -1.30059 7.62981 -318.796 997.071 -87.2468 -0.0100145
2.2911 -8.44324 318.799 1266.61 663.405 0.00927495 -2.34612 7.82963 -318.799 1019.52 -11.0933 -0.00927495
3.17919 -8.38285 318.816 1267.71 868.626 0.0084026 -3.01759 7.90187 -318.816 1020.08 3.02052 -0.0084026
3.5449 -8.13014 318.853 1237.94 1021.29 0.00738899 -3.33496 7.77012 -318.853 995.844 -53.4028 -0.00738899
3.58477 -7.73051 318.921 1174.96 1135.64 0.00629905 -3.3643 7.35932 -318.921 944.965 -157.72 -0.00629905
3.65659 -7.20104 319.029 1081.15 1238.47 0.00523068 -3.23974 6.6829 -319.029 869.364 -267.659 -0.00523068
4.0383 -6.51432 319.166 963.438 1360.59 0.00425875 -3.22192 5.85722 -319.166 774.608 -338.387 -0.00425875
4.79259 -5.60263 319.314 828.667 1523.5 0.00339228 -3.59203 5.03743 -319.314 666.128 -343.123 -0.00339228
5.72148 -4.40676 319.458 677.164 1725.39 0.00256511 -4.47703 4.28611 -319.458 544.077 -290.006 -0.00256511
6.4804 -2.92063 319.606 499.846 1935.67 0.00166373 -5.68478 3.49238 -319.606 401.103 -223.833 -0.00166373
6.81365 -1.16734 319.783 281.774 2107.26 0.000579089 -6.70572 2.44141 -319.783 225.213 -204.983 -0.000579089
6.62346 0.826525 320.015 10.0852 2202.77 -0.00074148 -7.08632 0.941932 -320.015 6.13224 -273.512 0.00074148
5.9167 3.02978 320.315 -318.669 2215.57 -0.00226704 -6.81581 -1.08067 -320.315 -258.793 -423.356 0.00226704
4.90175 5.40401 320.672 -695.279 2168.74 -0.00389447 -6.19508 -3.54576 -320.672 -562.049 -606.088 0.00389447
3.89095 7.89769 321.06 -1099.8 2096.17 -0.0054936 -5.60373 -6.24845 -321.06 -887.556 -758.443 0.0054936
3.15593 10.4195 321.448 -1507.46 2021.82 -0.00696355 -5.27746 -8.96199 -321.448 -1215.4 -833.166 0.00696355
2.84935 12.8287 321.809 -1893.75 1949.17 -0.0082728 -5.18764 -11.5127 -321.809 -1525.93 -816.31 0.0082728
2.9325 14.9614 322.123 -2237.29 1865.12 -0.00946603 -5.159 -13.7896 -322.123 -1801.88 -724.851 0.00946603
3.25076 16.666 322.379 -2519.14 1752.22 -0.0106384 -4.99143 -15.7009 -322.379 -2028.02 -591.134 0.0106384
3.60093 17.8366 322.567 -2722.19 1600.27 -0.011892 -4.59869 -17.1331 -322.567 -2190.64 -445.58 0.011892
3.81555 18.4167 322.672 -2831.92 1410.57 -0.0132949 -4.02131 -17.9565 -322.672 -2278.09 -307.303 0.0132949
3.7356 18.3844 322.676 -2838.69 1191.4 -0.0148608 -3.41036 -18.0702 -322.676 -2282.76 -185.668 0.0148608
3.31885 17.7282 322.572 -2740.17 949.354 -0.0165553 -2.80533 -17.4562 -322.572 -2202.82 -87.6311 0.0165553
2.64962 16.4313 322.366 -2541.1 686.911 -0.0183242 -2.09318 -16.1921 -322.366 -2042.1 -19.6957 0.0183242
1.8138 14.4857 322.074 -2250.16 407.983 -0.0201243 -1.21267 -14.3972 -322.074 -1807.55 17.6943 0.0201243
0.910185 11.9061 321.714 -1875.76 122.914 -0.0219409 -0.208941 -12.1646 -321.714 -1505.88 34.4173 0.0219409
0.0744493 8.76146 321.293 -1423.77 -151.876 -0.0237842 0.809096 -9.50033 -321.293 -1141.8 48.4058 0.0237842
-0.589047 5.18381 320.81 -899.604 -398.577 -0.025669 1.68668 -6.34251 -320.81 -719.713 78.2473 0.025669
-0.995489 1.36658 320.264 -314.262 -604.034 -0.0275918 2.33976 -2.63949 -320.264 -248.553 134.51 0.0275918
-1.13403 -2.44528 319.668 308.558 -763.166 -0.0295158 2.75956 1.54857 -319.668 252.516 214.878 0.0295158
-1.13482 -6.00036 319.06 928.516 -879.502 -0.0313698 2.94925 5.95454 -319.06 750.984 304.171 0.0313698
-1.29905 -9.08131 318.495 1491.78 -966.605 -0.0330593 2.89361 10.1042 -318.495 1203.53 375.802 0.0330593
-1.88031 -11.5159 318.035 1941.47 -1048.58 -0.0344815 2.74875 13.4408 -318.035 1564.62 396.335 0.0344815
-2.93178 -13.2091 317.751 2234.08 -1152.25 -0.0355355 2.83801 15.5024 -317.751 1799.51 339.706 0.0355355
-4.29254 -14.098 317.675 2350.99 -1290.29 -0.0361251 3.4039 16.1125 -317.675 1893.18 207.113 0.0361251
-5.53382 -14.1181 317.783 2301.67 -1446.14 -0.0361568 4.45929 15.4564 -317.783 1853.15 40.3729 0.0361568
-6.20564 -13.1994 318.016 2114.51 -1573.75 -0.035544 5.59734 13.9691 -318.016 1702.29 -86.2457 0.035544
-6.0729 -11.33 318.329 1820.56 -1619.95 -0.034223 6.16258 12.0603 -318.329 1465.48 -100.839 0.034223
-5.24118 -8.61172 318.698 1439.32 -1559.8 -0.0321762 5.70067 9.87904 -318.698 1158.39 20.6305 0.0321762
-4.09018 -5.23685 319.128 975.994 -1419.87 -0.0294481 4.36507 7.30011 -319.128 785.287 229.881 0.0294481
-3.08951 -1.45132 319.633 430.639 -1268.3 -0.0261388 2.88827 4.07944 -319.633 346.36 426.244 0.0261388
-2.62721 2.49433 320.222 -187.272 -1175.1 -0.0223725 2.06979 0.0891698 -320.222 -150.625 512.95 0.0223725
-2.82776 6.38171 320.871 -848.235 -1170.04 -0.0182549 2.25851 -4.50962 -320.871 -681.866 453.299 0.0182549
-3.49996 10.0279 321.524 -1502.36 -1226.79 -0.0138438 3.15377 -9.26031 -321.524 -1207.4 290.019 0.0138438
-4.21487 13.2546 322.111 -2090.12 -1282.62 -0.00915351 4.06828 -13.5778 -322.111 -1679.52 117.13 0.00915351
-4.53277 15.8738 322.573 -2557.55 -1278.15 -0.00419109 4.37828 -16.9568 -322.573 -2054.77 24.595 0.00419109
-4.23504 17.6982 322.861 -2867.34 -1189.97 0.000997451 3.86116 -19.1047 -322.861 -2303.05 50.9623 -0.000997451
-3.45037 18.5885 322.961 -3003.99 -1040.9 0.00629845 2.74963 -19.9626 -322.961 -2412 168.288 -0.00629845
-2.57246 18.4899 322.882 -2971.01 -884.663 0.0115396 1.55506 -19.6318 -322.882 -2384.67 303.196 -0.0115396
-2.06775 17.4565 322.652 -2786.07 -777.539 0.0165357 0.761489 -18.2859 -322.652 -2235.32 378.485 -0.0165357
-2.14558 15.6304 322.307 -2475.83 -751.361 0.0211498 0.680055 -16.1248 -322.307 -1985.41 352.888 -0.0211498
-2.64081 13.2039 321.882 -2071.88 -798.321 0.025337 1.30861 -13.3621 -321.882 -1660.34 242.086 -0.025337
-3.13644 10.3871 321.407 -1607.95 -873.789 0.0291458 2.28149 -10.2208 -321.407 -1287.23 111.359 -0.0291458
-3.1608 7.40115 320.909 -1117.78 -917.28 0.0326722 3.05989 -6.91293 -320.909 -893.188 42.1289 -0.0326722
-2.4988 4.46262 320.421 -633.604 -882.606 0.0359887 3.14873 -3.63586 -320.421 -504.147 87.952 -0.0359887
-1.34783 1.76589 319.976 -185.27 -763.8 0.0390863 2.36249 -0.578598 -319.976 -144.114 241.212 -0.0390863
-0.194111 -0.4978 319.603 200.236 -602.364 0.041862 1.02416 2.10332 -319.603 165.177 429.787 -0.041862
0.412557 -2.14383 319.324 498.315 -467.898 0.0441606 -0.186285 4.27832 -319.324 403.904 550.584 -0.0441606
0.151126 -3.02187 319.157 686.002 -420.384 0.0458509 -0.600863 5.80173 -319.157 553.593 524.686 -0.0458509
-0.960258 -3.05118 319.118 742.802 -476.468 0.0468943 -0.0143745 6.49168 -319.118 597.842 342.455 -0.0468943
-2.54554 -2.26572 319.223 655.018 -601.433 0.0473684 1.22696 6.13965 -319.223 525.826 70.5819 -0.0473684
-3.9439 -0.765524 319.48 422.759 -729.374 0.0474304 2.53336 4.64867 -319.48 337.865 -181.231 -0.0474304
-4.50837 1.34898 319.876 64.4829 -795.235 0.0472403 3.36478 2.1565 -319.876 48.9624 -311.355 -0.0472403
-3.92085 3.99493 320.376 -385.951 -761.457 0.0468815 3.41122 -0.984781 -320.376 -313.637 -269.143 -0.0468815
-2.40322 7.06215 320.926 -889.093 -631.648 0.0463206 2.62159 -4.3794 -320.926 -718.305 -74.9526 -0.0463206
-0.600106 10.3486 321.473 -1409.84 -449.916 0.0454237 1.26645 -7.77933 -321.473 -1136.92 186.828 -0.0454237
0.741702 13.5531 321.988 -1920.1 -284.701 0.0440199 -0.0894297 -11.1253 -321.988 -1546.92 400.477 -0.0440199
1.09959 16.3578 322.457 -2393.27 -199.487 0.0419845 -0.819446 -14.3935 -322.457 -1926.92 468.101 -0.0419845
0.358464 18.4926 322.865 -2796.67 -222.651 0.0393047 -0.585083 -17.4338 -322.865 -2250.58 354.37 -0.0393047
-1.12362 19.7542 323.179 -3089 -332.779 0.0360973 0.501366 -19.9195 -323.179 -2484.7 103.903 -0.0360973
-2.67692 20.0171 323.34 -3225.89 -467.708 0.0325689 1.91865 -21.4065 -323.34 -2593.65 -178.226 -0.0325689
-3.60688 19.2221 323.301 -3171.76 -553.166 0.028935 2.99329 -21.498 -323.301 -2548.95 -374.191 -0.028935
-3.45126 17.3835 323.025 -2910.66 -535.994 0.0253366 3.25089 -19.9753 -323.025 -2337.83 -405.618 -0.0253366
-2.22034 14.6075 322.523 -2454.68 -406.017 0.021793 2.56403 -16.8884 -322.523 -1970.13 -266.223 -0.021793
-0.434551 11.0523 321.847 -1843.46 -199.549 0.0182131 1.15079 -12.5888 -321.847 -1477.85 -23.3855 -0.0182131
1.26754 6.92964 321.075 -1135.52 16.9821 0.0144568 -0.364386 -7.61657 -321.075 -908.06 211.975 -0.0144568
2.38483 2.46094 320.283 -394.077 180.458 0.0104172 -1.30652 -2.56231 -320.283 -311.642 337.833 -0.0104172
2.72471 -2.13891 319.53 327.988 264.826 0.00608679 -1.36897 2.11008 -319.53 268.928 310.135 -0.00608679
2.46064 -6.64412 318.853 997.858 293.778 0.00157601 -0.769119 6.20522 -318.853 807.297 160.083 -0.00157601
1.99767 -10.8162 318.259 1602.64 324.738 -0.00292408 -0.101675 9.79605 -318.259 1293.1 -29.3531 0.00292408
1.81222 -14.4445 317.737 2139.76 415.485 -0.00721906 0.0799846 13.0601 -317.737 1724.26 -171.341 0.00721906
2.23657 -17.3884 317.274 2604.73 595.507 -0.011189 -0.444144 16.0806 -317.274 2097.22 -217.82 0.011189
3.2396 -19.5704 316.898 2984.41 856.612 -0.0148273 -1.59466 18.7676 -316.898 2401.56 -176.119 0.0148273
4.47988 -20.9388 316.635 3255.71 1160.22 -0.0182221 -3.07171 20.8758 -316.635 2618.68 -97.7261 0.0182221
5.53315 -21.4633 316.514 3392.38 1456.12 -0.021492 -4.46306 22.0989 -316.514 2727.52 -49.8897 0.021492
6.05021 -21.1208 316.557 3374.01 1702.94 -0.0247109 -5.46211 22.1979 -316.557 2711.7 -83.3604 0.0247109
5.98091 -19.8688 316.768 3192.68 1882.75 -0.0278585 -5.9088 21.1138 -316.768 2564.83 -209.73 0.0278585
5.63689 -17.6712 317.142 2854.44 2007.52 -0.030819 -5.81982 18.9611 -317.142 2291.91 -394.887 0.030819
5.4321 -14.5248 317.663 2374.57 2114.38 -0.033428 -5.52437 15.9392 -317.663 1905.23 -571.602 0.033428
5.65929 -10.4886 318.304 1771.12 2246.11 -0.035545 -5.52373 12.2209 -318.304 1419.27 -671.184 0.035545
6.33575 -5.73299 319.038 1061.46 2423.84 -0.0371184 -6.18072 7.85916 -319.038 848.076 -661.356 0.0371184
7.2132 -0.547025 319.841 265.579 2628.41 -0.0382104 -7.42641 2.82244 -319.841 207.798 -567.533 0.0382104
7.93384 4.74298 320.698 -585.846 2806.91 -0.0389706 -8.73905 -2.82129 -320.698 -476.832 -460.305 0.0389706
8.20632 9.84346 321.574 -1445.77 2901.34 -0.0395675 -9.4688 -8.76198 -321.574 -1168.06 -413.867 0.0395675
7.96116 14.5232 322.409 -2254.02 2883.94 -0.0401142 -9.26133 -14.4592 -322.409 -1817.67 -459.995 0.0401142
7.43925 18.62 323.123 -2949.83 2775.2 -0.0406242 -8.24746 -19.2949 -323.123 -2376.76 -566.967 0.0406242
6.97851 22.0129 323.658 -3488.14 2632.37 -0.0410212 -7.04112 -22.8101 -323.658 -2808.98 -658.364 0.0410212
6.81047 24.6069 323.986 -3850.78 2514.08 -0.0411954 -6.34631 -24.8687 -323.986 -3099.98 -661.438 0.0411954
6.87296 26.3187 324.115 -4046.93 2441.44 -0.0410744 -6.51811 -25.6725 -324.115 -3257.25 -556.139 0.0410744
6.82196 27.0804 324.084 -4103.41 2379.88 -0.0406706 -7.28448 -25.6323 -324.084 -3302.12 -394.417 0.0406706
6.26664 26.8388 323.949 -4047.37 2256.98 -0.0400773 -7.83688 -25.1496 -323.949 -3256.43 -272.273 0.0400773
4.95439 25.5987 323.745 -3891.81 2007.57 -0.0394155 -7.40011 -24.3869 -323.745 -3130.6 -268.906 0.0394155
2.90238 23.4471 323.472 -3630.75 1615.06 -0.0387577 -5.771 -23.1801 -323.472 -2919.84 -393.858 0.0387577
0.545925 20.5175 323.095 -3247.06 1122.44 -0.038074 -3.32302 -21.1767 -323.095 -2610.5 -576.544 0.038074
-1.48632 16.9825 322.573 -2728.86 609.768 -0.0372335 -0.816693 -18.0523 -322.573 -2193.11 -701.948 0.0372335
-2.70181 13.0147 321.9 -2085.27 152.547 -0.0360642 1.00176 -13.7516 -321.9 -1675.07 -671.59 0.0360642
-2.96391 8.74202 321.117 -1352.52 -216.196 -0.0344403 1.82783 -8.61159 -321.117 -1085.46 -456.526 0.0344403
-2.54129 4.28301 320.303 -586.47 -518.021 -0.0323474 1.94189 -3.23015 -320.303 -469.046 -112.271 0.0323474
-2.02124 -0.199271 319.539 153.851 -810.209 -0.0298919 1.94841 1.79845 -319.539 126.793 251.129 0.0298919
-2.03634 -4.47154 318.886 821.518 -1150.63 -0.0272475 2.41203 6.10497 -318.886 664.334 523.453 0.0272475
-2.94565 -8.24246 318.358 1387.79 -1567.05 -0.0245696 3.6131 9.61032 -318.358 1120.28 642.681 0.0245696
-4.63543 -11.2309 317.948 1837.13 -2042.87 -0.0219246 5.48108 12.397 -317.948 1482.26 618.136 0.0219246
-6.61509 -13.2423 317.672 2158.32 -2525.68 -0.0192705 7.63961 14.5153 -317.672 1741.24 519.13 0.0192705
-8.32548 -14.1999 317.546 2338.66 -2949.66 -0.0164973 9.52334 15.8761 -317.546 1886.6 437.779 0.0164973
-9.43126 -14.1288 317.57 2363.4 -3264.58 -0.0135012 10.6181 16.2646 -317.57 1906.46 443.16 0.0135012
-9.89233 -13.1447 317.749 2224.37 -3460.86 -0.0102513 10.8149 15.4611 -317.749 1794.36 546.603 0.0102513
-9.91248 -11.4218 318.082 1929.54 -3570.5 -0.0068132 10.4747 13.3963 -318.082 1557.07 700.821 0.0068132
-9.89129 -9.18136 318.555 1509.96 -3645.29 -0.00331673 10.0945 10.2486 -318.555 1219.69 831.694 0.00331673
-10.1678 -6.6922 319.122 1018.9 -3728.22 0.000113894 10.064 6.43329 -319.122 825.057 879.846 -0.000113894
-10.8405 -4.22484 319.698 523.739 -3833.56 0.00342623 10.4985 2.54432 -319.698 427.232 829.577 -0.00342623
-11.7273 -2.0139 320.192 92.0027 -3944.05 0.00666603 11.2292 -0.786502 -320.192 80.4188 712.869 -0.00666603
-12.4136 -0.258105 320.536 -223.642 -4021.78 0.00995195 11.9623 -3.08206 -320.536 -173.103 591.27 -0.00995195
-12.5454 0.906671 320.703 -396.396 -4026.61 0.0134152 12.3285 -4.13382 -320.703 -311.746 526.237 -0.0134152
-12.0175 1.44072 320.701 -428.268 -3935.2 0.0171364 12.0385 -4.00731 -320.701 -337.129 549.804 -0.0171364
-11.0428 1.40518 320.567 -346.194 -3755.61 0.0211088 11.0459 -2.98766 -320.567 -270.962 646.667 -0.0211088
-10.0165 0.919628 320.355 -192.686 -3527.86 0.025243 9.6549 -1.50113 -320.355 -147.417 758.64 -0.025243
-9.30455 0.105313 320.118 -12.7737 -3306.23 0.0294099 8.40059 -0.00454598 -320.118 -2.67578 813.444 -0.0294099
-9.07098 -0.935445 319.897 159.202 -3130.9 0.0334995 7.73518 1.16362 -319.897 135.674 764.703 -0.0334995
-9.09446 -2.09898 319.712 308.33 -3003.68 0.0374661 7.82568 1.91562 -319.712 255.654 621.86 -0.0374661
-8.90356 -3.28333 319.559 439.131 -2881.43 0.041336 8.35471 2.41129 -319.559 360.875 452.525 -0.041336
-8.1126 -4.42608 319.415 567.292 -2696.27 0.0451708 8.5655 2.91426 -319.415 463.916 349.272 -0.0451708
-6.54713 -5.51853 319.254 708.442 -2395.97 0.0490052 7.81623 3.63375 -319.254 577.322 374.502 -0.0490052
-4.35127 -6.59374 319.062 869.984 -1977.44 0.0527926 6.00756 4.6317 -319.062 707.032 518.868 -0.0527926
-2.08015 -7.71429 318.846 1049.46 -1492.16 0.0563898 3.53659 5.81388 -318.846 851.063 700.113 -0.0563898
-0.317458 -8.92233 318.628 1238.79 -1021.32 0.0595949 1.21772 7.0344 -318.628 1002.91 803.109 -0.0595949
0.622474 -10.1866 318.426 1429.85 -631.798 0.0622215 -0.1803 8.21977 -318.426 1156 742.626 -0.0622215
0.771941 -11.4105 318.248 1616.46 -337.903 0.0641731 -0.486324 9.38692 -318.248 1305.3 513.446 -0.0641731
0.593785 -12.4669 318.091 1791.86 -94.2008 0.0654766 -0.131497 10.5761 -318.091 1445.36 195.666 -0.0654766
0.758333 -13.2365 317.953 1944.58 178.139 0.0662557 0.110437 11.759 -317.953 1566.96 -86.7663 -0.0662557
1.8117 -13.5958 317.85 2055.88 548.75 0.0666547 -0.453541 12.8196 -317.85 1655.13 -229.476 -0.0666547
3.90378 -13.4146 317.809 2100.3 1042.45 0.0667517 -2.08706 13.5612 -317.809 1689.43 -199.209 -0.0667517
6.62263 -12.5762 317.869 2048.88 1626.86 0.0665085 -4.59231 13.7288 -317.869 1646.63 -49.2072 -0.0665085
9.18635 -11.0106 318.058 1874.93 2225.44 0.0657823 -7.38705 13.0503 -318.058 1505.3 105.517 -0.0657823
10.8918 -8.75767 318.394 1562.2 2750.27 0.0643966 -9.67326 11.2774 -318.394 1252.47 142.068 -0.0643966
11.4155 -5.95173 318.873 1114.04 3142.87 0.0622323 -10.8605 8.31995 -318.873 890.954 -9.42701 -0.0622323
10.9441 -2.74901 319.474 558.902 3402.34 0.0592936 -10.8997 4.38678 -319.474 443.592 -328.785 -0.0592936
10.1252 0.705335 320.14 -53.9039 3583 0.0557102 -10.2581 -0.0338438 -320.14 -49.9346 -713.78 -0.0557102
9.74625 4.26657 320.81 -667.149 3767.21 0.0516731 -9.7051 -4.35163 -320.81 -543.594 -1028.17 -0.0516731
10.3238 7.78637 321.415 -1231.98 4021.96 0.0473367 -9.94876 -8.08832 -321.415 -998.217 -1166.99 -0.0473367
11.8734 11.1254 321.912 -1720.46 4363.9 0.0427378 -11.2566 -11.0254 -321.912 -1391.45 -1107.14 -0.0427378
13.9458 14.1424 322.286 -2128.19 4749.51 0.037775 -13.279 -13.2481 -322.286 -1719.84 -917.264 -0.037775
15.8434 16.6854 322.574 -2466.61 5097.42 0.0322591 -15.2512 -15.0547 -322.574 -1992.5 -721.381 -0.0322591
16.9081 18.5818 322.814 -2747.06 5329.81 0.0260104 -16.4498 -16.7628 -322.814 -2218.43 -635.631 -0.0260104
16.8793 19.675 323.018 -2965.42 5409.85 0.0189546 -16.4989 -18.4741 -323.018 -2394.09 -712.59 -0.0189546
15.9702 19.878 323.155 -3094.76 5356.78 0.0111691 -15.5521 -19.9294 -323.155 -2497.71 -919.979 -0.0111691
14.6975 19.1541 323.164 -3091.95 5232.41 0.00285955 -14.211 -20.6122 -323.164 -2494.75 -1162.6 -0.00285955
13.64 17.4443 322.986 -2914.09 5106.77 -0.00572126 -13.1514 -20.0328 -322.986 -2351.01 -1334.29 0.00572126
13.1455 14.6553 322.587 -2534.1 5022.13 -0.014368 -12.7833 -17.9365 -322.587 -2044.66 -1370.9 0.014368
13.1463 10.7435 321.962 -1948.31 4973.53 -0.0229853 -13.0981 -14.3192 -321.962 -1572.71 -1278.18 0.0229853
13.2999 5.77401 321.144 -1176.1 4914.6 -0.0315884 -13.6336 -9.36472 -321.144 -950.708 -1122.79 0.0315884
13.2116 -0.0381076 320.19 -255.513 4786.65 -0.0402424 -13.7557 -3.34707 -320.19 -209.356 -990.478 0.0402424
12.6383 -6.29289 319.153 759.759 4553.67 -0.0489762 -13.0572 3.44328 -319.153 608.046 -936.586 0.0489762
11.5355 -12.4762 318.091 1801.1 4221.94 -0.0577166 -11.6437 10.6377 -318.091 1446.1 -958.766 0.0577166
10.0403 -18.0409 317.074 2784.89 3830.13 -0.0662782 -9.99874 17.7089 -317.074 2237.48 -1008.55 0.0662782
8.3708 -22.4812 316.196 3617.76 3419.97 -0.0744156 -8.60072 23.9631 -316.196 2907.04 -1029.84 0.0744156
6.68608 -25.4337 315.574 4208.93 3008.94 -0.0819058 -7.60971 28.5989 -315.574 3381.92 -995.286 0.0819058
4.96956 -26.7218 315.299 4488.18 2582.02 -0.0886163 -6.84443 30.8925 -315.299 3605.84 -917.676 0.0886163
3.13941 -26.3305 315.397 4423.93 2105.42 -0.0945237 -5.88541 30.4554 -315.397 3553.71 -833.637 0.0945237
1.18472 -24.424 315.838 4035.84 1552.9 -0.0996785 -4.35481 27.377 -315.838 3241.5 -771.532 0.0996785
-0.804883 -21.2759 316.558 3394.14 927.471 -0.10414 -2.22746 22.2869 -316.558 2725.85 -725.318 0.10414
-2.64993 -17.2311 317.451 2602.53 262.888 -0.107917 0.149159 16.1713 -317.451 2090.07 -654.755 0.107917
-4.14231 -12.7463 318.383 1773.05 -395.534 -0.110955 2.31817 10.0116 -318.383 1424.14 -511.754 0.110955
-5.20703 -8.34851 319.23 1003.51 -1016.62 -0.11316 3.97413 4.53658 -319.23 806.681 -274.046 0.11316
-6.04248 -4.52162 319.904 365.383 -1600.43 -0.114453 5.08932 0.179965 -319.904 295.127 34.5052 0.114453
-7.05379 -1.60688 320.375 -98.6081 -2178.82 -0.114811 5.95353 -2.85118 -320.375 -76.2078 348.187 0.114811
-8.60021 0.228365 320.646 -371.677 -2797.53 -0.114274 7.0902 -4.50924 -320.646 -293.907 588.802 0.114274
-10.8553 0.982282 320.736 -458.708 -3487.45 -0.112908 8.89834 -4.85947 -320.736 -361.998 706.835 0.112908
-13.7726 0.763899 320.639 -381.648 -4244.43 -0.110756 11.3528 -4.07595 -320.639 -298.307 708.183 0.110756
-17.006 -0.267303 320.371 -174.819 -5029.99 -0.107799 14.1119 -2.44035 -320.371 -130.486 650.98 0.107799
-19.974 -1.9311 320.033 122.03 -5793.72 -0.103955 16.8242 -0.28023 -320.033 109.876 615.794 0.103955
-22.0898 -4.03825 319.672 471.953 -6485.52 -0.0991151 19.2096 2.11922 -319.672 393.072 674.268 0.0991151
-23.0998 -6.39947 319.291 845.33 -7070.11 -0.0931958 21.002 4.5665 -319.291 695.226 864.132 0.0931958
-23.1798 -8.85549 318.892 1221.57 -7537.35 -0.0861794 22.0368 6.95471 -318.892 999.54 1173.69 0.0861794
-22.7745 -11.3073 318.492 1587.51 -7906.11 -0.0781246 22.4371 9.21395 -318.492 1295.43 1542.14 0.0781246
-22.396 -13.7083 318.123 1936.18 -8214.84 -0.0691445 22.5979 11.3026 -318.123 1577.49 1880.54 0.0691445
-22.5173 -16.0411 317.793 2266.5 -8502.93 -0.0593617 22.9115 13.2252 -317.793 1845 2106.83 0.0593617
-23.298 -18.2773 317.484 2581.2 -8790.37 -0.0488636 23.662 15.0465 -317.484 2100.34 2178.7 0.0488636
-24.487 -20.346 317.176 2883.36 -9063.23 -0.0376771 24.8865 16.8785 -317.176 2346.17 2112.24 0.0376771
-25.6602 -22.145 316.838 3172.5 -9277.94 -0.0257775 26.2246 18.8117 -316.838 2581.37 1974.09 0.0257775
-26.4094 -23.5509 316.497 3436.3 -9378.07 -0.0131285 27.0718 20.8085 -316.497 2795.59 1850.01 0.0131285
-26.5135 -24.4498 316.154 3652.74 -9331.01 0.000265905 27.0064 22.6892 -316.154 2969.65 1797.67 -0.000265905
-25.9184 -24.7177 315.971 3785.11 -9130.23 0.0143248 25.9738 24.1109 -315.971 3074.63 1825.79 -0.0143248
-24.7939 -24.2608 315.99 3795.91 -8812.22 0.028887 24.3879 24.6936 -315.99 3081.51 1888.85 -0.028887
-23.4221 -23.0105 316.173 3657.5 -8428.9 0.0437403 22.8007 24.1528 -316.173 2968.32 1921.65 -0.0437403
-22.0288 -20.9397 316.479 3358.22 -8015.52 0.0586733 21.5469 22.3664 -316.479 2725.71 1880.72 -0.0586733
-20.7174 -18.1058 316.914 2906.04 -7575.46 0.0735237 20.5487 19.38 -316.914 2360.22 1765.83 -0.0735237
-19.5071 -14.6644 317.5 2327.79 -7089.29 0.0881917 19.412 15.3833 -317.5 1893.52 1610.22 -0.0881917
-18.2789 -10.8497 318.22 1666.2 -6538.68 0.102611 17.8599 10.691 -318.22 1360 1451.1 -0.102611
-16.7862 -6.92207 319.006 974.585 -5921.87 0.116699 15.9878 5.7277 -319.006 802.548 1307.98 -0.116699
-14.8342 -3.10754 319.759 308.777 -5248.66 0.130314 14.0379 0.983515 -319.759 265.963 1183.96 -0.130314
-12.4538 0.426981 320.404 -283.053 -4527.44 0.143245 12.0481 -3.09104 -320.404 -211.189 1077.77 -0.143245
-9.89398 3.5858 320.918 -770.913 -3762.85 0.155243 9.8237 -6.20578 -320.918 -604.689 986.397 -0.155243
-7.44781 6.34446 321.32 -1148.25 -2966.49 0.166053 7.25073 -8.29959 -321.32 -909.067 896.308 -0.166053
-5.30525 8.71707 321.617 -1430 -2167.07 0.175456 4.54715 -9.55323 -321.617 -1136.76 778.909 -0.175456
-3.50934 10.7479 321.804 -1646.88 -1402.19 0.183293 2.1479 -10.3193 -321.804 -1312.81 604.633 -0.183293
-1.97255 12.514 321.934 -1833.87 -691.858 0.189471 0.313029 -10.9691 -321.934 -1465.21 369.246 -0.189471
-0.469879 14.0788 322.068 -2018.1 -27.5597 0.193959 -1.0207 -11.7859 -322.068 -1615.58 104.685 -0.193959
1.23259 15.4401 322.236 -2210.7 621.89 0.196745 -2.24139 -12.9135 -322.236 -1772.64 -132.898 -0.196745
3.24411 16.5179 322.423 -2402.67 1288.12 0.197803 -3.81755 -14.3149 -322.423 -1928.96 -294.004 -0.197803
5.5268 17.1748 322.586 -2565.5 1978.27 0.197072 -5.92255 -15.7613 -322.586 -2061.62 -366.745 -0.197072
7.87599 17.2245 322.667 -2657.6 2666.86 0.194463 -8.33555 -16.904 -322.667 -2137.04 -385.395 -0.194463
9.97277 16.4328 322.622 -2631.55 3307.56 0.189891 -10.6061 -17.3676 -322.622 -2116.98 -411.682 -0.189891
11.524 14.5428 322.416 -2441.83 3856.89 0.183313 -12.3227 -16.8237 -322.416 -1964.78 -501.092 -0.183313
12.3991 11.3857 322.029 -2050.91 4294.13 0.174755 -13.3233 -14.9607 -322.029 -1650.43 -673.998 -0.174755
12.6868 6.94522 321.425 -1436.58 4628.42 0.164324 -13.75 -11.51 -321.425 -1156.14 -907.151 -0.164324
12.6979 1.37371 320.594 -600.393 4888.92 0.152186 -13.8808 -6.34034 -320.594 -483.318 -1147.04 -0.152186
12.8381 -5.02489 319.544 424.377 5109.47 0.138536 -13.9726 0.424561 -319.544 341.22 -1334.46 -0.138536
13.4233 -11.8374 318.353 1570.51 5316.73 0.123549 -14.2003 8.33461 -318.353 1263.43 -1427.15 -0.123549
14.5622 -18.5768 317.138 2742.36 5523.45 0.107351 -14.6301 16.6494 -317.138 2206.48 -1413.28 -0.107351
16.1007 -24.7193 316.023 3829.82 5727.01 0.0900074 -15.2537 24.4786 -316.023 3081.83 -1313.05 -0.0900074
17.7005 -29.7768 315.116 4726.5 5912.26 0.0715552 -15.9779 30.9421 -315.116 3803.69 -1171.82 -0.0715552
18.9295 -33.4012 314.52 5349 6055.74 0.0520437 -16.6623 35.3149 -314.52 4304.67 -1046.54 -0.0520437
19.4157 -35.4112 314.282 5650.23 6132.23 0.0315794 -17.1308 37.1754 -314.282 4547.2 -988.909 -0.0315794
19.047 -35.7693 314.374 5629.75 6124.44 0.0103447 -17.1613 36.5528 -314.374 4530.52 -1028.57 -0.0103447
18.0016 -34.5558 314.736 5326.25 6029.41 -0.0114133 -16.5876 33.8667 -314.736 4286.19 -1160.9 0.0114133
16.6583 -31.9875 315.32 4809.16 5870.32 -0.0334095 -15.5145 29.7933 -315.32 3870.22 -1341.16 0.0334095
15.438 -28.3801 316.052 4157.82 5689.39 -0.0553496 -14.3189 25.0346 -316.052 3346.26 -1499.6 0.0553496
14.5722 -24.11 316.84 3445.22 5527.58 -0.0769606 -13.5108 20.1518 -316.84 2773 -1572.99 0.0769606
14.0044 -19.5566 317.6 2728.42 5398.14 -0.0980163 -13.3972 15.4985 -317.6 2196.38 -1539.49 0.0980163
13.5331 -15.0573 318.286 2046.54 5273.28 -0.118342 -13.7383 11.2394 -318.286 1647.84 -1433.21 0.118342
12.9196 -10.8788 318.892 1424.76 5098.9 -0.137792 -13.9031 7.43164 -318.892 1147.65 -1322.23 0.137792
11.9171 -7.16588 319.424 879.547 4828.03 -0.156213 -13.3928 4.14185 -319.424 709.077 -1264.31 0.156213
10.4688 -3.93285 319.877 420.46 4447.72 -0.173414 -12.0828 1.47842 -319.877 339.788 -1271.96 0.173414
8.73993 -1.13095 320.236 48.052 3983.1 -0.189161 -10.2548 -0.502768 -320.236 40.2313 -1307.56 0.189161
7.03937 1.27098 320.495 -248.457 3480.33 -0.203209 -8.38102 -1.90825 -320.495 -198.154 -1307.56 0.203209
5.64478 3.22057 320.671 -487.412 2980.33 -0.215346 -6.85108 -3.02465 -320.671 -389.934 -1219.18 0.215346
4.61291 4.57924 320.798 -683.793 2498.03 -0.225436 -5.80782 -4.1812 -320.798 -546.911 -1029.32 0.225436
3.81227 5.21708 320.905 -835.954 2017.61 -0.233447 -5.03838 -5.48549 -320.905 -667.6 -770.478 0.233447
3.0804 5.04369 320.977 -919.364 1507.92 -0.23943 -4.07775 -6.71318 -320.977 -732.309 -499.634 0.23943
2.26615 4.01724 320.961 -892.366 949.248 -0.243478 -2.61064 -7.37273 -320.961 -707.767 -262.541 0.243478
1.31522 2.18148 320.787 -712.508 351.298 -0.245668 -0.689384 -6.87777 -320.787 -560.193 -69.1572 0.245668
0.2454 -0.306511 320.408 -357.785 -250.983 -0.246023 1.29565 -4.79156 -320.408 -272.3 102.926 0.246023
-0.871177 -3.23496 319.834 156.163 -819.612 -0.244514 2.94354 -1.10548 -319.834 143.01 282.188 0.244514
-1.94601 -6.36445 319.131 772.034 -1335.27 -0.241099 4.1485 3.68312 -319.131 639.528 476.622 0.241099
-3.05134 -9.44617 318.408 1403.34 -1803.87 -0.235762 5.02658 8.71269 -318.408 1147.75 665.697 0.235762
-4.36471 -12.2112 317.784 1957.87 -2247.99 -0.228542 5.82862 13.0704 -317.784 1593.87 811.854 0.228542
-5.9951 -14.3307 317.361 2361.44 -2690.32 -0.21952 6.83669 16.1363 -317.361 1918.79 882.858 0.21952
-7.89273 -15.4672 317.155 2571.99 -3141.21 -0.208775 8.22133 17.7054 -317.155 2088.33 872.085 0.208775
-9.89569 -15.3455 317.158 2574.57 -3586.51 -0.196348 9.83311 17.8582 -317.158 2090.12 809.101 0.196348
-11.7896 -13.8345 317.366 2370.92 -3996.67 -0.182231 11.3102 16.749 -317.366 1925.67 745.256 0.182231
-13.3584 -10.9959 317.776 1970.5 -4346.17 -0.166384 12.3662 14.4382 -317.776 1602.68 725.58 0.166384
-14.4815 -7.1108 318.377 1388.92 -4629.91 -0.148783 12.9724 10.8472 -318.377 1133.96 765.952 0.148783
-15.1927 -2.59759 319.147 656.97 -4862.83 -0.129458 13.3118 5.95486 -319.147 544.556 850.826 0.129458
-15.6833 2.08831 320.036 -169.939 -5069.65 -0.108518 13.6053 0.0196627 -320.036 -120.665 947.044 0.108518
-16.1198 6.54697 320.961 -1009.25 -5270.33 -0.086141 14.0453 -6.29865 -320.961 -795.39 1024.19 0.086141
-16.5179 10.4903 321.812 -1764.96 -5469.1 -0.0625464 14.7264 -12.0567 -321.812 -1402.62 1070.99 0.0625464
-16.7215 13.765 322.49 -2352.54 -5649.68 -0.0379616 15.5865 -16.3229 -322.49 -1874.45 1101.83 0.0379616
-16.6186 16.2783 322.911 -2723.56 -5780.96 -0.0126112 16.2975 -18.5709 -322.911 -2172.34 1147.43 0.0126112
-16.2363 17.9525 323.062 -2880.14 -5835.61 0.0132742 16.4751 -18.9057 -323.062 -2298.01 1230.61 -0.0132742
-15.6992 18.7214 322.994 -2866.43 -5810.66 0.0394408 16.0389 -17.96 -322.994 -2286.88 1342.27 -0.0394408
-15.1726 18.5774 322.803 -2744.35 -5730.93 0.065602 15.2997 -16.5363 -322.803 -2188.71 1440.33 -0.065602
-14.801 17.5646 322.584 -2565.62 -5631.38 0.0914483 14.7163 -15.2529 -322.584 -2044.85 1475.02 -0.0914483
-14.6604 15.7464 322.377 -2350.86 -5531.56 0.116677 14.5265 -14.3101 -322.377 -1871.73 1421.83 -0.116677
-14.6458 13.1995 322.153 -2085.21 -5422.3 0.141026 14.6475 -13.4404 -322.153 -1657.39 1297.97 -0.141026
-14.5302 10.0132 321.838 -1730.7 -5271.7 0.16429 14.7287 -12.0684 -321.838 -1371.5 1152.64 -0.16429
-14.1065 6.25442 321.367 -1248.86 -5045.76 0.18631 14.3637 -9.6343 -321.367 -983.319 1037.98 -0.18631
-13.229 1.97224 320.716 -622.106 -4729.52 0.206946 13.4092 -5.86459 -320.716 -478.874 979.635 -0.206946
-11.8789 -2.76732 319.909 135.446 -4333.79 0.226051 12.0388 -0.874941 -319.909 130.408 966.634 -0.226051
-10.2297 -7.84412 319.007 980.276 -3884.71 0.24346 10.5137 4.89572 -319.007 809.508 964.091 -0.24346
-8.60809 -13.0596 318.084 1851.67 -3409.66 0.259001 8.97411 10.8666 -318.084 1509.65 933.821 -0.259001
-7.26743 -18.1295 317.214 2686.86 -2929.39 0.272522 7.50348 16.5158 -317.214 2180.35 849.254 -0.272522
-6.21793 -22.6802 316.453 3431.22 -2454.46 0.283912 6.21342 21.5151 -316.453 2777.62 703.832 -0.283912
-5.20331 -26.306 315.838 4040.03 -1980.44 0.293107 5.19496 25.6951 -315.838 3265.42 516.328 -0.293107
-3.86812 -28.6813 315.395 4474.79 -1484.18 0.30007 4.33109 28.8867 -315.395 3612.74 329.913 -0.30007
-1.94776 -29.6352 315.155 4700.28 -930.245 0.304768 3.26179 30.8094 -315.155 3791.38 196.878 -0.304768
0.592664 -29.1322 315.159 4688.32 -290.102 0.307136 1.57878 31.1395 -315.159 3779.04 150.935 -0.307136
3.5656 -27.226 315.427 4426.26 436.071 0.307062 -0.833462 29.6626 -315.427 3565.81 182.157 -0.307062
6.61873 -23.9969 315.962 3922.39 1214.58 0.304393 -3.69559 26.4075 -315.962 3158.76 235.542 -0.304393
9.28343 -19.5334 316.723 3206.79 1991.19 0.298968 -6.5477 21.6713 -316.723 2581.94 234.947 -0.298968
11.2512 -13.9394 317.655 2320.98 2716.46 0.290675 -8.91881 15.8819 -317.655 1868.54 120.319 -0.290675
12.5487 -7.38413 318.704 1307.3 3369 0.279489 -10.5422 9.41253 -318.704 1052.44 -120.66 -0.279489
13.486 -0.112413 319.829 201.633 3966.09 0.265484 -11.5585 2.47849 -319.829 162.385 -442.011 -0.265484
14.4791 7.58645 321.002 -966.245 4553.29 0.248812 -12.4773 -4.82733 -321.002 -777.711 -759.349 -0.248812
15.8846 15.4019 322.201 -2166.48 5175.72 0.229662 -13.833 -12.431 -322.201 -1743.69 -992.664 -0.229662
17.8222 23.0512 323.36 -3360.7 5846.88 0.208211 -15.8505 -20.1279 -323.36 -2705.43 -1107.12 -0.208211
20.0985 30.3031 324.441 -4502.01 6541.85 0.184604 -18.3745 -27.5479 -324.441 -3625.38 -1126.72 -0.184604
22.2099 36.9752 325.574 -5540.71 7198.22 0.158965 -20.9348 -34.25 -325.574 -4465.62 -1125.85 -0.158965
23.6817 42.865 326.727 -6429.36 7744.25 0.131445 -22.928 -39.8584 -326.727 -5192.41 -1184.2 -0.131445
24.3817 47.7916 327.673 -7141.91 8142.92 0.102267 -23.9463 -44.2242 -327.673 -5785.39 -1340.57 -0.102267
24.5422 51.6399 328.069 -7678.94 8419.35 0.071733 -24.1458 -47.4293 -328.069 -6239.34 -1565.61 -0.071733
24.4773 54.2739 328.111 -8043.61 8611.08 0.0401856 -23.951 -49.6219 -328.111 -6552.79 -1793.15 -0.0401856
24.6709 55.5937 327.984 -8240.75 8778.07 0.00797148 -23.8702 -50.934 -327.984 -6725.43 -1943.78 -0.00797148
25.4375 55.552 327.934 -8262.19 8951.86 -0.024583 -24.1363 -51.3048 -327.934 -6750.22 -1972.19 0.024583
26.851 54.2242 327.869 -8097.06 9140.3 -0.0571938 -24.7332 -50.5214 -327.869 -6618.75 -1878.07 0.0571938
28.6599 51.7755 327.605 -7736.5 9325.72 -0.0896307 -25.482 -48.3265 -327.605 -6326.94 -1704.2 0.0896307
30.3642 48.4442 327.013 -7193.51 9480.29 -0.121709 -26.2243 -44.6609 -327.013 -5886.91 -1515.2 0.121709
31.4504 44.4579 326.152 -6508.02 9575.66 -0.153264 -26.8044 -39.8124 -326.152 -5331.17 -1376.63 0.153264
31.5892 39.9967 325.216 -5739 9588.16 -0.184106 -27.0358 -34.3605 -325.216 -4707.49 -1337.25 0.184106
30.7236 35.1844 324.37 -4949 9506.07 -0.213982 -26.7679 -28.9868 -324.37 -4066.44 -1414.45 0.213982
29.1063 30.0878 323.663 -4183.87 9334.03 -0.242564 -25.9268 -24.2138 -323.663 -3444.99 -1587.79 0.242564
27.2174 24.781 323.029 -3458.24 9097.93 -0.269476 -24.6176 -20.1556 -323.029 -2854.92 -1801.01 0.269476
25.5697 19.3943 322.394 -2756.05 8839.53 -0.294351 -23.1635 -16.4761 -322.394 -2283.4 -1978.49 0.294351
24.5658 14.0703 321.723 -2046.9 8601.97 -0.316867 -21.9552 -12.6431 -321.723 -1706.07 -2051.97 0.316867
24.334 8.90642 321.028 -1308.75 8411.99 -0.336786 -21.2916 -8.27682 -321.028 -1105.34 -1988.17 0.336786
24.6606 3.94327 320.333 -543.061 8266.57 -0.353944 -21.2377 -3.35985 -320.333 -482.981 -1804.98 0.353944
25.0641 -0.786874 319.634 219.895 8131.71 -0.368239 -21.5658 1.7534 -319.634 136.945 -1567.93 0.368239
24.9911 -5.21738 318.961 935.836 7953.49 -0.379586 -21.8101 6.56105 -318.961 718.856 -1366.23 0.379586
24.059 -9.20778 318.387 1562.44 7680.84 -0.387892 -21.4548 10.6527 -318.387 1227.68 -1274.99 0.387892
22.2004 -12.5316 317.935 2064.45 7293.19 -0.393027 -20.2453 13.8075 -317.935 1635.83 -1318.82 0.393027
19.6786 -14.965 317.635 2422.62 6808.07 -0.394836 -18.3099 16.0048 -317.635 1928.22 -1460.3 0.394836
16.9426 -16.34 317.519 2629.01 6270.89 -0.39317 -16.1055 17.304 -317.519 2097.52 -1617.63 0.39317
14.456 -16.561 317.56 2677.68 5733.21 -0.387943 -14.1646 17.7213 -317.56 2138.53 -1702.51 0.387943
12.6142 -15.6168 317.708 2561.99 5227.83 -0.37918 -12.7197 17.1891 -317.708 2046.79 -1659.58 0.37918
11.5215 -13.585 317.972 2279.37 4755.98 -0.367031 -11.7012 15.5986 -317.972 1820.54 -1485.18 0.367031
10.9331 -10.6292 318.392 1836.02 4294.75 -0.351749 -10.9022 12.8663 -318.392 1464.79 -1219.85 0.351749
10.3925 -7.00127 318.969 1253.22 3811.6 -0.333631 -10.0969 9.01531 -318.969 996.905 -926.832 0.333631
9.46868 -3.01649 319.664 572.91 3275.11 -0.312956 -9.04493 4.27059 -319.664 450.828 -668.983 0.312956
7.89673 0.999879 320.408 -143.332 2664.78 -0.289946 -7.56743 -0.902521 -320.408 -123.938 -488.107 0.289946
5.66076 4.71969 321.102 -822.459 1979.86 -0.264758 -5.6217 -5.89393 -321.102 -668.634 -391.664 0.264758
3.04062 7.85927 321.639 -1392.93 1242.92 -0.237512 -3.28954 -10.0684 -321.639 -1125.71 -351.447 0.237512
0.404695 10.1984 321.978 -1799.02 488.605 -0.208337 -0.801285 -12.9313 -321.978 -1450.44 -318.027 0.208337
-1.96295 11.5979 322.118 -2011.92 -246.012 -0.177428 1.50337 -14.2522 -322.118 -1619.72 -240.864 0.177428
-3.96427 11.9998 322.07 -2032.98 -937.714 -0.145065 3.36088 -14.1066 -322.07 -1634.68 -92.3888 0.145065
-5.64636 11.416 321.852 -1888.38 -1587.72 -0.111597 4.79651 -12.819 -321.852 -1516.37 118.461 0.111597
-7.17228 9.92265 321.5 -1616.91 -2217.67 -0.0773921 6.07546 -10.8114 -321.5 -1296 353.199 0.0773921
-8.738 7.6445 321.073 -1255.91 -2852.84 -0.0427828 7.50094 -8.43961 -321.073 -1003.74 567.005 0.0427828
-10.4334 4.74096 320.625 -832.467 -3504.2 -0.00803571 9.25253 -5.89032 -320.625 -661.129 733.03 0.00803571
-12.2318 1.37212 320.162 -359.729 -4163.08 0.0266377 11.2809 -3.16947 -320.162 -278.341 853.286 -0.0266377
-14.0019 -2.34267 319.647 160.803 -4804.34 0.0610458 13.3535 -0.179204 -319.647 143.102 953.739 -0.0610458
-15.5391 -6.35701 319.069 731.474 -5396.29 0.0949755 15.213 3.15369 -319.069 604.624 1067.59 -0.0949755
-16.7035 -10.6902 318.445 1353.7 -5914.6 0.128159 16.6744 6.82711 -318.445 1107.22 1216.12 -0.128159
-17.4401 -15.3795 317.802 2026.68 -6349.85 0.160258 17.7348 10.7945 -317.802 1650.39 1398.12 -0.160258
-17.7518 -20.4207 317.145 2749.58 -6704.61 0.190884 18.5538 15.0498 -317.145 2233.51 1593.29 -0.190884
-17.6832 -25.6856 316.456 3519.72 -6982.11 0.219641 19.2838 19.6854 -316.456 2854.26 1777.28 -0.219641
-17.2831 -30.914 315.711 4325.07 -7175.97 0.24618 19.9362 24.8062 -315.711 3502.83 1935.22 -0.24618
-16.6412 -35.7802 314.922 5134.33 -7269.51 0.270247 20.3256 30.3359 -314.922 4154.03 2063.96 -0.270247
-15.8567 -39.9221 314.214 5890.36 -7244.01 0.29172 20.2146 35.9131 -314.214 4763.39 2164.18 -0.29172
-15.0092 -42.957 313.639 6520.19 -7097.25 0.310568 19.5908 40.9802 -313.639 5271.78 2224.22 -0.310568
-14.124 -44.5232 313.225 6941.05 -6843.99 0.326757 18.6909 44.8193 -313.225 5610.3 2222.08 -0.326757
-13.1162 -44.3061 313.05 7070.55 -6495.67 0.340192 17.7801 46.6805 -313.05 5711.76 2143.86 -0.340192
-11.8493 -42.041 313.256 6839.95 -6044.41 0.350761 16.8583 45.9573 -313.256 5522.55 2000.84 -0.350761
-10.2101 -37.5747 313.902 6218.02 -5468.95 0.358417 15.6529 42.4048 -313.902 5017.97 1825.97 -0.358417
-8.13371 -30.8725 314.963 5209.68 -4746.49 0.363202 13.8112 36.1207 -314.963 4201.94 1655.08 -0.363202
-5.59636 -22.0467 316.36 3851.45 -3871.52 0.365213 11.2103 27.4623 -316.36 3103.9 1503.26 -0.365213
-2.67516 -11.3325 318.009 2200.97 -2863.01 0.364556 8.01179 16.9351 -318.009 1770.26 1355.96 -0.364556
0.451624 0.944008 319.943 319.051 -1747.34 0.361339 4.4411 5.01406 -319.943 252.738 1182.85 -0.361339
3.49971 14.3045 321.989 -1722 -570.427 0.355661 0.811753 -7.85229 -321.989 -1390.76 945.864 -0.355661
6.23683 28.1838 324.054 -3842.73 625.16 0.347639 -2.65082 -21.2401 -324.054 -3100.76 623.29 -0.347639
8.56798 41.9586 326.405 -5947.53 1794.86 0.337426 -5.73828 -34.6341 -326.405 -4812.95 217.05 -0.337426
10.8873 55.3554 328.49 -7993.21 2957.87 0.3252 -8.57919 -47.6856 -328.49 -6483.07 -218.688 -0.3252
13.6993 67.978 330.212 -9898.42 4152.8 0.311097 -11.4713 -59.7611 -330.212 -8047.82 -609.938 -0.311097
17.2475 79.2561 332.345 -11543.5 5383.86 0.295157 -14.5836 -70.085 -332.345 -9437.89 -902.996 -0.295157
21.3961 88.8182 335.182 -12861.4 6612.89 0.277358 -17.8713 -78.3146 -335.182 -10619.9 -1085.02 -0.277358
25.9862 96.7733 337.442 -13903.7 7824.39 0.257696 -21.358 -84.7973 -337.442 -11606.5 -1159.57 -0.257696
30.7226 103.246 338.327 -14717.3 8995.14 0.236209 -24.9101 -90.0048 -338.327 -12434.3 -1163.68 -0.236209
35.3398 108.288 337.92 -15353.8 10124.1 0.212927 -28.4602 -94.3608 -337.92 -13118.6 -1143.07 -0.212927
39.5716 111.865 337.404 -15830.2 11207.8 0.187836 -31.8949 -98.0504 -337.404 -13663.4 -1147.55 -0.187836
43.247 114.009 337.317 -16147.4 12245.8 0.160916 -35.0951 -101.031 -337.317 -14066.5 -1217.37 -0.160916
46.2028 114.743 337.587 -16289.4 13220.7 0.132193 -37.9031 -103.068 -337.587 -14314.2 -1380.16 -0.132193
48.4453 113.99 337.717 -16228.7 14120.5 0.101769 -40.1914 -103.813 -337.717 -14373.9 -1641.09 -0.101769
50.2559 111.627 337.212 -15926.9 14969.3 0.0698296 -42.0972 -102.862 -337.212 -14210 -1965.43 -0.0698296
51.9454 107.555 336.134 -15352.5 15797.7 0.0366375 -43.8952 -99.8797 -336.134 -13793.5 -2301.65 -0.0366375
53.7866 101.779 335.183 -14493.2 16617.1 0.00247837 -45.7845 -94.7149 -335.183 -13115.5 -2594.75 -0.00247837
56.002 94.3846 333.998 -13355 17452.4 -0.0323973 -47.8908 -87.3969 -333.998 -12186.6 -2820.95 0.0323973
58.4463 85.7014 332.93 -11997.1 18269.5 -0.067784 -50.0541 -78.3135 -332.93 -11048.2 -2988.86 0.067784
60.8599 76.115 332.211 -10493.5 19028.5 -0.103471 -52.1253 -68.0029 -332.211 -9756.2 -3115.97 0.103471
63.1598 65.9489 331.245 -8900.06 19733.3 -0.139208 -54.1649 -56.9531 -331.245 -8368.65 -3209.37 0.139208
65.167 55.5357 329.401 -7271.83 20389 -0.174748 -56.1343 -45.683 -329.401 -6950.25 -3304.99 0.174748
66.5763 45.5227 327.474 -5727.52 20954.1 -0.209878 -57.7679 -34.9852 -327.474 -5584.57 -3441.22 0.209878
67.2899 36.3442 326.168 -4344.61 21411.7 -0.244392 -58.9091 -25.3758 -326.168 -4327.65 -3636.85 0.244392
67.5104 28.1774 325.114 -3141.73 21789.2 -0.278079 -59.7307 -17.0768 -325.114 -3216.98 -3866.6 0.278079
67.4479 21.2184 324.162 -2137.38 22101 -0.310753 -60.3404 -10.2712 -324.162 -2287.34 -4100.26 0.310753
67.3367 15.6654 323.001 -1354.19 22360.4 -0.342232 -60.8058 -5.06519 -323.001 -1558.86 -4308.89 0.342232
67.2605 11.6999 321.899 -805.272 22575.5 -0.372336 -61.2658 -1.48825 -321.899 -1048.05 -4469.34 0.372336
67.1993 9.47759 321.162 -503.041 22746 -0.40096 -61.7904 0.475207 -321.162 -762.167 -4574.14 0.40096
67.1422 9.03055 320.753 -439.425 22866.9 -0.428109 -62.2996 0.935079 -320.753 -698.359 -4631.09 0.428109
66.9917 10.3968 320.626 -617.712 22921.6 -0.453835 -62.632 -0.110691 -320.626 -858.956 -4660.05 0.453835
66.5436 13.6034 321.058 -1055.04 22874.7 -0.478136 -62.5844 -2.78619 -321.058 -1248.06 -4682.73 0.478136
65.7151 18.5514 321.941 -1747.67 22708.2 -0.500929 -62.0801 -7.13967 -321.941 -1862.28 -4703.54 0.500929
64.5793 25.0631 323.018 -2678.26 22421.8 -0.522081 -61.1074 -13.1251 -323.018 -2687.55 -4713.72 0.522081
63.2529 32.9715 324.129 -3825.07 22023.8 -0.54145 -59.7401 -20.6355 -324.129 -3707.12 -4694.64 0.54145
61.8406 42.0863 325.235 -5158.42 21530.1 -0.558903 -58.1323 -29.4389 -325.235 -4891.32 -4626.13 0.558903
60.3639 52.2112 326.455 -6644.67 20953.2 -0.574333 -56.4323 -39.2665 -326.455 -6208.47 -4496.66 0.574333
58.7708 63.0519 327.833 -8238.18 20299.9 -0.587666 -54.7031 -49.7921 -327.833 -7617.04 -4311.34 0.587666
56.9477 74.2513 329.372 -9885.16 19570.8 -0.598856 -52.9469 -60.6939 -329.372 -9075.44 -4086.64 0.598856
54.6897 85.4305 330.899 -11533.7 18750.9 -0.607869 -51.0104 -71.6815 -330.899 -10541.5 -3857.81 0.607869
51.8091 96.3583 332.629 -13164.3 17803 -0.614648 -48.5507 -82.5992 -332.629 -11980.4 -3662.07 0.614648
48.3858 106.588 334.389 -14716.9 16730.7 -0.619077 -45.5302 -92.9899 -334.389 -13325.2 -3497.19 0.619077
44.6337 115.495 335.821 -16088.1 15574.3 -0.620994 -42.1985 -102.132 -335.821 -14490.1 -3338.3 0.620994
40.5476 122.886 336.734 -17231.6 14348.9 -0.620243 -38.6166 -109.687 -336.734 -15446.9 -3192.76 0.620243
35.9993 129.019 337.081 -18180.1 13027.4 -0.616685 -34.7201 -115.801 -337.081 -16219.2 -3060.42 0.616685
31.1798 133.819 336.957 -18921.4 11632.6 -0.610187 -30.7592 -120.412 -336.957 -16800.3 -2902.25 0.610187
26.2797 137.106 336.079 -19429.3 10204.6 -0.600663 -27.0048 -123.481 -336.079 -17185.5 -2693.41 0.600663
21.2189 138.781 335.163 -19707.5 8728.25 -0.588135 -23.357 -125.117 -335.163 -17372.3 -2443.93 0.588135
15.7679 138.668 335.205 -19754.7 7143.77 -0.572665 -19.3833 -125.378 -335.205 -17345.8 -2187.04 0.572665
9.81101 136.468 335.899 -19544.4 5421.05 -0.554223 -14.8494 -124.171 -335.899 -17077.5 -1941.8 0.554223
3.6992 131.87 335.552 -19035.5 3593.17 -0.532694 -9.79825 -121.311 -335.552 -16538.2 -1686.09 0.532694
-2.48128 124.613 334.548 -18186.7 1625.81 -0.508015 -3.97549 -116.536 -334.548 -15696.2 -1409.1 0.508015
-8.74888 114.534 332.851 -16957 -494.818 -0.480177 2.60879 -109.517 -332.851 -14523.3 -1098.18 0.480177
-14.6498 101.45 330.666 -15279.8 -2677.48 -0.449153 9.25494 -99.6787 -330.666 -12979.4 -682.493 0.449153
-20.2107 85.2854 329.075 -13090.9 -4910.63 -0.414966 15.7324 -86.3974 -329.075 -11030.7 -144.888 0.414966
-25.4097 66.0046 327.852 -10338.5 -7166.22 -0.377821 21.8716 -69.2469 -327.852 -8664.29 513.517 0.377821
-30.2518 43.556 326.672 -6995.81 -9410.25 -0.338125 27.5743 -48.0996 -326.672 -5881.62 1271.87 0.338125
-34.3624 17.8417 326.375 -3087.03 -11500.6 -0.296455 32.2474 -23.0272 -326.375 -2655.06 2123.9 0.296455
-37.6326 -9.69951 326.692 1106.18 -13257 -0.253524 35.6442 4.33002 -326.692 864.589 2939.23 0.253524
-40.2607 -36.3291 325.645 5115.28 -14645.7 -0.210043 38.0942 31.104 -325.645 4358.54 3610.3 0.210043
-43.3064 -60.7218 322.772 8692.19 -15839.6 -0.166443 40.8792 55.8742 -322.772 7689.06 3981.16 0.166443
-47.8333 -81.2255 320.394 11639.5 -17036.7 -0.122709 45.1787 76.9287 -320.394 10581.2 3934.9 0.122709
-53.4439 -98.0079 317.255 14046.4 -18251.9 -0.0785379 50.6171 94.418 -317.255 12989.9 3595 0.0785379
-58.7882 -111.399 312.512 15988.3 -19373 -0.0336652 55.8835 108.63 -312.512 14926.8 3223.18 0.0336652
-62.8039 -121.148 307.255 17420.2 -20331.3 0.011986 59.9862 119.268 -307.255 16359.4 3039.11 -0.011986
-64.9454 -127.472 302.726 18369 -21077.8 0.0583446 62.3872 126.454 -302.726 17308.9 3145.65 -0.0583446
-65.3175 -130.419 299.721 18827.9 -21621 0.105295 63.1494 130.103 -299.721 17776.9 3527.62 -0.105295
-64.3916 -130.058 297.969 18793.6 -22004.8 0.152736 62.6598 130.146 -297.969 17766.5 4108.29 -0.152736
-62.971 -126.187 297.97 18230.9 -22297.2 0.200552 61.64 126.349 -297.97 17251.8 4741.62 -0.200552
-61.8936 -118.7 299.319 17120.8 -22570.8 0.248577 61.016 118.748 -299.319 16242.2 5252.54 -0.248577
-61.6119 -107.816 301.415 15510.4 -22858.4 0.296646 61.3746 107.784 -301.415 14783.1 5527.84 -0.296646
-62.1701 -93.891 303.123 13466.5 -23144.3 0.344678 62.7331 93.9695 -303.123 12929.5 5543.6 -0.344678
-63.243 -77.3595 304.18 11053.6 -23378.5 0.392697 64.5904 77.742 -304.18 10739.6 5365.84 -0.392697
-64.1379 -58.7107 305.86 8334.96 -23478.9 0.440748 66.1001 59.4767 -305.86 8271.64 5128.4 -0.440748
-64.0227 -38.4919 309.227 5390.51 -23359.6 0.48878 66.4082 39.5628 -309.227 5577.26 4982.07 -0.48878
-62.3146 -17.5118 314.012 2361.09 -22949.4 0.536553 65.0452 18.6895 -314.012 2726.03 5003.33 -0.536553
-59.3041 4.23634 318.784 -780.458 -22286.2 0.583616 62.4408 -3.17534 -318.784 -260.29 5129.38 -0.583616
-55.501 25.3729 323.638 -3842.39 -21412.6 0.629367 59.1985 -24.5914 -323.638 -3177.36 5246.43 -0.629367
-51.2581 44.8065 326.244 -6667.68 -20364.8 0.673146 55.7056 -44.3748 -326.244 -5862.57 5287.22 -0.673146
-46.5688 62.7217 328.895 -9315.97 -19125.4 0.714348 51.887 -62.6222 -328.895 -8295.58 5245.42 -0.714348
-41.8243 77.6835 329.62 -11523.1 -17764.5 0.752508 48.1107 -77.8293 -329.62 -10327.7 5084.77 -0.752508
-36.6628 90.0753 329.8 -13357.9 -16225.8 0.787376 44.0488 -90.3786 -329.8 -11997.4 4845.64 -0.787376
-30.8695 99.5669 330.473 -14783 -14486.6 0.818887 39.3617 -99.9698 -330.473 -13253.7 4582.9 -0.818887
-24.591 105.748 330.057 -15711.9 -12580.1 0.847036 34.0229 -106.208 -330.057 -14069.8 4313.17 -0.847036
-17.4475 108.915 330.164 -16203.2 -10422.4 0.87173 27.64 -109.399 -330.164 -14471.9 4060.79 -0.87173
-9.91711 108.801 329.916 -16220.3 -8085.78 0.892716 20.739 -109.294 -329.916 -14424 3757.02 -0.892716
-2.11316 105.48 329.561 -15767.8 -5571.21 0.90961 13.4463 -105.974 -329.561 -13943.2 3369.18 -0.90961
6.0687 99.1621 329.763 -14879.6 -2838.47 0.921969 5.74309 -99.6567 -329.763 -13055.7 2874.23 -0.921969
14.7023 89.8066 331.459 -13533.1 158.532 0.929295 -2.47715 -90.3124 -331.459 -11774.6 2251.4 -0.929295
23.9054 77.389 333.013 -11688.3 3408.62 0.931052 -11.4836 -77.9661 -333.013 -10139.8 1566.25 -0.931052
33.1104 61.9297 334.95 -9325.9 6733.71 0.92684 -20.7144 -62.6786 -334.95 -8182.2 838.231 -0.92684
41.5582 44.2441 337.036 -6618.33 9904.02 0.916692 -29.2915 -45.2764 -337.036 -5959.79 67.2336 -0.916692
49.3039 25.0048 336.091 -3722.1 12934 0.901164 -37.1843 -26.4219 -336.091 -3503.66 -758.065 -0.901164
57.0118 4.6684 331.409 -726.037 15924.6 0.880968 -44.99 -6.51236 -331.409 -845.027 -1562.01 -0.880968
65.1467 -15.4268 325.095 2203.24 18926.4 0.85642 -53.1074 13.1828 -325.095 1816.32 -2273.88 -0.85642
72.9869 -33.184 324.656 4709.44 21770.6 0.827316 -60.8022 30.577 -324.656 4249.31 -2928.04 -0.827316
79.5397 -49.1207 330.937 6876.23 24207.8 0.793431 -67.2498 46.0874 -330.937 6501.68 -3529.89 -0.793431
86.1642 -63.5365 336.19 8825.73 26426.6 0.754965 -74.0223 59.8798 -336.19 8516.39 -3857.48 -0.754965
92.5432 -75.8346 334.644 10448.6 28487.2 0.712312 -80.9979 71.2698 -334.644 10222.5 -4034.6 -0.712312
98.0009 -86.1722 326.62 11774.7 30363.1 0.665601 -87.548 80.4417 -326.62 11637.8 -4218.39 -0.665601
102.316 -94.6309 318.41 12838.1 32073.8 0.614699 -93.4612 87.5895 -318.41 12767.3 -4487.66 -0.614699
105.287 -101.413 314.529 13679.4 33615 0.559526 -98.4269 93.0311 -314.529 13643.7 -4908.4 -0.559526
106.677 -106.573 314.767 14308.5 34955.2 0.500173 -102.116 96.8643 -314.767 14278.7 -5528.72 -0.500173
106.575 -110.136 316.353 14726.4 36070.8 0.43683 -104.554 99.071 -316.353 14671.9 -6309.91 -0.43683
105.552 -112.331 316.465 14956.5 36962.8 0.369678 -105.918 99.873 -316.465 14863.2 -7148.73 -0.369678
104.288 -113.396 313.938 15028.3 37662 0.298848 -106.586 99.5442 -313.938 14894.9 -7928.05 -0.298848
103.124 -113.557 309.708 14980.6 38200.7 0.224449 -106.944 98.4106 -309.708 14805.9 -8577.87 -0.224449
102.371 -112.997 305.332 14837.5 38622.6 0.146644 -107.36 96.7531 -305.332 14637.1 -9046.29 -0.146644
102.099 -111.892 302.213 14622.2 38943.4 0.0656659 -107.942 94.7409 -302.213 14414.2 -9322.92 -0.0656659
102.124 -110.337 300.49 14344.9 39148.3 -0.018259 -108.579 92.3778 -300.49 14140.8 -9434.58 0.018259
102.143 -108.406 299.879 14011.4 39203.6 -0.104936 -109.127 89.6363 -299.879 13817.5 -9410.31 0.104936
101.708 -106.226 300.075 13636.2 39035.6 -0.19413 -109.214 86.5968 -300.075 13459.3 -9291.89 0.19413
100.273 -103.938 299.949 13246.9 38571.4 -0.285476 -108.316 83.4473 -299.949 13084.6 -9156.93 0.285476
97.4976 -101.649 298.766 12868.5 37770.9 -0.378442 -106.079 80.4039 -298.766 12713.6 -9063.28 0.378442
93.2669 -99.5061 296.783 12526.5 36627.5 -0.47235 -102.437 77.6703 -296.783 12370.2 -9029.7 0.47235
87.6899 -97.6656 294.811 12242.7 35163.2 -0.566443 -97.5789 75.4018 -294.811 12076.3 -9035.65 0.566443
81.0948 -96.2442 293.428 12033.8 33413.7 -0.659978 -91.7732 73.7231 -293.428 11849.6 -9033.15 0.659978
73.8502 -95.3192 292.6 11908 31415.9 -0.752301 -85.3212 72.6968 -292.6 11701 -8964.88 0.752301
66.1939 -94.9933 291.884 11876.7 29195.5 -0.842882 -78.4967 72.3654 -291.884 11639.7 -8784.79 0.842882
58.1945 -95.3628 290.929 11954.6 26762.7 -0.931296 -71.4483 72.7869 -290.929 11672.8 -8472.82 0.931296
49.8439 -96.4683 289.68 12152.9 24115.3 -1.01718 -64.1051 74.0301 -289.68 11804.3 -8037.7 1.01718
41.0178 -98.2865 288.36 12474.9 21245.1 -1.1002 -56.3482 76.1467 -288.36 12034.8 -7505.35 1.1002
31.4793 -100.64 286.974 12898.3 18145.2 -1.17997 -48.0919 79.0759 -286.974 12353.5 -6914.05 1.17997
21.0373 -103.28 286.349 13384.1 14809.7 -1.25606 -39.1553 82.6108 -286.349 12734.9 -6310.06 1.25606
9.0823 -106.522 287.859 14015.1 11138.9 -1.32794 -28.9642 87.1086 -287.859 13191.4 -5759.69 1.32794
-4.31924 -109.843 290.843 14719 7117.01 -1.39497 -17.553 92.1759 -290.843 13665.9 -5233.33 1.39497
-19.3276 -112.998 300.266 15459.6 2607.99 -1.45637 -4.40626 97.5938 -300.266 14130.1 -4689.77 1.45637
-35.5443 -115.002 320.884 16025.2 -2556.89 -1.51121 10.3323 102.313 -320.884 14510.4 -3885.02 1.51121
-51.7483 -114.139 339.366 16069.8 -8064.05 -1.55855 25.6354 104.604 -339.366 14667.8 -2817.97 1.55855
-67.125 -110.136 340.975 15627.3 -13500.7 -1.59758 40.7173 104.174 -340.975 14487.6 -1674.93 1.59758
-81.6066 -103.41 325.667 14809.7 -18857.8 -1.62789 55.4831 101.343 -325.667 13961.7 -439.419 1.62789
-94.9362 -94.3394 312.923 13678.3 -24127.4 -1.64936 69.8 96.3382 -312.923 13114.5 934.102 1.64936
-105.178 -82.3813 323.322 12065.4 -28695.4 -1.6622 81.529 88.113 -323.322 11892.3 2397.87 1.6622
-115.555 -68.4411 347.427 10171.1 -32976.7 -1.66697 93.3294 76.8969 -347.427 10253.1 3540.6 1.66697
-126.193 -52.1396 362.894 7879.75 -37061.2 -1.66421 104.933 61.9703 -362.894 8156.85 4477.99 1.66421
-136.872 -33.7911 364.027 5274.62 -40887.3 -1.6538 116.051 43.7969 -364.027 5629.56 5223.77 1.6538
-147.423 -14.0543 356.268 2493 -44495.4 -1.63528 126.642 23.4957 -356.268 2784.36 5848.07 1.63528
-158.013 5.79285 351.385 -273.898 -47995.5 -1.60835 137.092 2.75016 -351.385 -153.627 6378.27 1.60835
-168.426 25.8719 352.897 -3082.4 -51434.3 -1.57294 147.438 -18.428 -352.897 -3143.44 6883.69 1.57294
-177.984 45.0395 360.15 -5823.15 -54754.2 -1.52888 157.289 -39.0238 -360.15 -5991.45 7456.98 1.52888
-186.225 62.2109 368.859 -8351.71 -57883.3 -1.47584 166.412 -58.1975 -368.859 -8571.69 8125.52 1.47584
-192.631 76.6771 373.753 -10567.7 -60721.4 -1.41355 174.406 -75.3429 -373.753 -10799.3 8921.72 1.41355
-197.286 87.5751 372.434 -12328.5 -63260.9 -1.3419 181.406 -89.3159 -372.434 -12534.6 9810.06 1.3419
-199.918 94.7631 366.997 -13575.8 -65478.2 -1.26089 187.315 -99.4819 -366.997 -13726.6 10818.1 1.26089
-200.622 98.1287 360.089 -14262.3 -67390.3 -1.17062 192.138 -105.353 -360.089 -14338.1 11946.6 1.17062
-199.952 97.6103 353.488 -14353.8 -69012.4 -1.07119 195.616 -106.736 -353.488 -14367.9 13168.4 1.07119
-198.771 93.1169 347.882 -13845.5 -70355.5 -0.962809 197.394 -103.646 -347.882 -13810.3 14422.9 0.962809
-197.967 84.5572 342.85 -12731.6 -71462.4 -0.84582 197.815 -96.1692 -342.85 -12670 15579.7 0.84582
-197.759 72.0067 337.934 -11032.2 -72370 -0.720676 197.672 -84.4603 -337.934 -10959.6 16534.3 0.720676
-198.325 55.8419 332.467 -8792.68 -73124.3 -0.587931 197.948 -68.8621 -332.467 -8734.71 17170.1 0.587931
-199.694 36.57 326.395 -6095.56 -73735.4 -0.448194 198.94 -49.7662 -326.395 -6039.25 17451.6 0.448194
-201.763 14.8147 319.301 -3005.75 -74190 -0.302091 200.558 -27.66 -319.301 -2964.51 17392.8 0.302091
-203.958 -9.03112 312.452 427.344 -74443.6 -0.150258 202.357 -2.85171 -312.452 440.13 17091.1 0.150258
-205.512 -33.845 307.379 4048.55 -74431.8 0.00662213 203.617 23.4806 -307.379 4006.68 16689.3 -0.00662213
-205.854 -58.6416 303.463 7693.71 -74086.4 0.167772 203.72 50.096 -303.463 7586.51 16286.6 -0.167772
-204.334 -82.946 299.484 11284.1 -73328.4 0.332309 201.893 76.132 -299.484 11070.4 16005 -0.332309
-200.884 -105.97 296.125 14702.2 -72150.3 0.499256 197.896 100.499 -296.125 14312 15879.7 -0.499256
-195.594 -126.746 292.83 17804.9 -70567.1 0.667556 191.783 122.169 -292.83 17174 15905.7 -0.667556
-188.815 -144.974 286.53 20523.4 -68613.4 0.836124 184.056 140.962 -286.53 19657.5 16000.7 -0.836124
-181.179 -160.218 278.214 22795.9 -66389.7 1.0039 175.521 156.592 -278.214 21722.8 16061.8 -1.0039
-173.263 -172.445 270.198 24627 -63994.6 1.16994 166.896 169.099 -270.198 23366.2 16003.4 -1.16994
-165.593 -181.636 264.213 25988.7 -61517.7 1.33345 158.923 178.475 -264.213 24612.8 15736 -1.33345
-158.299 -187.583 260.409 26857.4 -58987 1.49383 151.817 184.491 -260.409 25424.4 15238.7 -1.49383
-151.334 -190.106 258.444 27210.1 -56393.3 1.65065 145.388 186.93 -258.444 25768.7 14536 -1.65065
-144.416 -189.105 257.448 27032.8 -53690.9 1.8035 139.117 185.635 -257.448 25623 13695.5 -1.8035
-137.01 -184.549 256.668 26320.9 -50818.9 1.9519 132.372 180.497 -256.668 24972.6 12821.1 -1.9519
-128.626 -176.574 255.701 25095.1 -47726.4 2.09519 124.602 171.609 -255.701 23828.7 12007.6 -2.09519
-119.074 -165.422 255.033 23394.8 -44401.6 2.23249 115.568 159.277 -255.033 22229 11304.1 -2.23249
-108.369 -151.418 255.265 21274.8 -40865.7 2.36277 105.403 143.948 -255.265 20227.3 10709.9 -2.36277
-96.7204 -134.989 256.795 18802.7 -37162.3 2.48489 94.5061 126.163 -256.795 17891.9 10183.2 -2.48489
-84.4096 -116.704 259.417 16063.6 -33334.6 2.59772 83.3139 106.508 -259.417 15300 9666.76 -2.59772
-71.8717 -97.1243 262.929 13135.9 -29427.8 2.70017 72.1584 85.5855 -262.929 12536.8 9098.32 -2.70017
-59.4768 -76.7119 267.075 10109.3 -25468.5 2.7913 61.075 64.01 -267.075 9663.63 8447.56 -2.7913
-47.4561 -56.085 271.304 7063.54 -21476.9 2.87029 50.2597 42.5275 -271.304 6792.48 7675 -2.87029
-35.7719 -35.3346 276.749 4013.26 -17468.2 2.93648 39.7701 21.2806 -276.749 3941.65 6792.88 -2.93648
-24.3035 -14.899 283.725 1056.34 -13425.6 2.98937 29.5772 0.700629 -283.725 1135.49 5805.42 -2.98937
-13.5281 5.54502 295.723 -1883.81 -9424.92 3.0287 20.3424 -19.6248 -295.723 -1652.64 4628.37 -3.0287
-3.15889 25.2142 319.81 -4757.85 -5266.73 3.05432 11.6754 -39.1012 -319.81 -4278.82 3157.73 -3.05432
9.37138 42.5972 368.684 -7433.08 -141.925 3.0656 0.910484 -56.4283 -368.684 -6481.52 1320.96 -3.0656
27.3643 53.2662 413.732 -8985.83 6159.39 3.06057 -15.3048 -67.2847 -413.732 -7955.24 -154.125 -3.06057
46.8901 57.4065 409.384 -9420.97 12182.3 3.03635 -33.1466 -71.7757 -409.384 -8733.5 -906.198 -3.03635
65.8481 57.5123 372.405 -9310.53 17716.9 2.99108 -50.7088 -72.2044 -372.405 -8917.93 -1294.3 -2.99108
83.8746 53.7579 337.154 -8674.59 23050.2 2.92506 -67.7473 -68.5637 -337.154 -8513.49 -1689.5 -2.92506
99.9622 47.492 330.459 -7741.44 28250.2 2.83992 -83.2386 -62.1212 -330.459 -7660.59 -2437.44 -2.83992
113.718 37.5119 347.572 -6247.91 33304.8 2.73752 -96.7788 -51.6938 -347.572 -6287.02 -3634.29 -2.73752
124.601 24.4004 369.15 -4294.65 37996.4 2.61972 -107.762 -37.9436 -369.15 -4466.03 -5227.15 -2.61972
133.061 9.11459 380.375 -2048.49 42143.3 2.48839 -116.565 -21.9517 -380.375 -2316.66 -6924.13 -2.48839
140.39 -7.13723 378.472 264.006 45778.4 2.34508 -124.562 -5.00956 -378.472 36.2104 -8387.08 -2.34508
147.752 -23.9627 366.607 2620.09 49131.7 2.19081 -132.96 12.4437 -366.607 2497.96 -9513.54 -2.19081
155.488 -40.787 352.073 4990.37 52371.5 2.02619 -142.161 29.7817 -352.073 4928.91 -10364.8 -2.02619
163.584 -57.0543 343.515 7315.23 55578.7 1.85172 -152.107 46.4186 -343.515 7228.52 -11026.7 -1.85172
171.398 -72.6083 340.58 9535.29 58677.7 1.66779 -161.779 62.1755 -340.58 9409.18 -11655.9 -1.66779
178.291 -86.8198 341.517 11563.9 61560 1.47481 -170.366 76.4063 -341.517 11378.5 -12348.4 -1.47481
183.798 -99.5051 341.64 13380.3 64139.5 1.27335 -177.427 88.9994 -341.64 13115.3 -13148.6 -1.27335
187.828 -110.364 338.454 14945 66380.5 1.06415 -182.923 99.8042 -338.454 14595.6 -14041.3 -1.06415
190.484 -119.281 331.729 16254.7 68284 0.848 -187.052 108.846 -331.729 15809.7 -14986.2 -0.848
192.095 -126.187 323.322 17292.9 69896.8 0.625683 -190.206 116.098 -323.322 16760.8 -15927.1 -0.625683
192.958 -130.99 315.531 18033.7 71272.7 0.397984 -192.869 121.395 -315.531 17439 -16806.4 -0.397984
193.387 -133.599 309.611 18459.5 72448.6 0.165679 -195.394 124.532 -309.611 17820.3 -17565.7 -0.165679
193.627 -133.957 305.435 18557.9 73427.4 -0.0705034 -197.806 125.437 -305.435 17898.8 -18170.2 0.0705034
193.741 -131.887 302.021 18311 74191 -0.309872 -200.008 124.035 -302.021 17657.5 -18607.6 0.309872
193.586 -127.239 298.569 17712.7 74700.6 -0.551721 -201.768 120.323 -298.569 17080.5 -18892.4 0.551721
192.964 -119.811 294.926 16741.3 74915.7 -0.795284 -202.845 114.225 -294.926 16150.7 -19045.9 0.795284
191.547 -109.529 291.53 15384.8 74780.3 -1.03969 -202.873 105.693 -291.53 14862.8 -19109.1 1.03969
189.041 -96.5641 289.101 13662.7 74244.1 -1.28393 -201.54 94.802 -289.101 13232.1 -19116 1.28393
185.329 -81.1893 288.112 11602.7 73283.6 -1.5268 -198.669 81.656 -288.112 11284 -19084.1 1.5268
180.38 -63.4923 288.027 9208.17 71900.8 -1.76693 -194.393 66.141 -288.027 9011.24 -19001.5 1.76693
174.187 -43.8184 288.212 6524.58 70102.3 -2.0029 -188.936 48.451 -288.212 6444.08 -18845.1 2.0029
166.929 -22.5214 287.917 3598.08 67905.4 -2.23331 -182.521 28.8599 -287.917 3624.6 -18576.1 2.23331
158.786 0.125262 286.763 447.66 65322.7 -2.45682 -175.193 7.60569 -286.763 605.649 -18176.1 2.45682
150.032 23.9835 287.495 -2905.1 62400.9 -2.67219 -167.116 -15.1946 -287.495 -2598.39 -17627.8 2.67219
140.673 48.1893 290.038 -6327.13 59142.2 -2.87829 -158.231 -38.6635 -290.038 -5876.12 -16941 2.87829
130.651 72.7297 292.355 -9814.29 55529.2 -3.07401 -148.419 -62.8142 -292.355 -9231.57 -16124.9 3.07401
119.768 96.7586 296.977 -13287.3 51572.6 -3.25833 -137.598 -86.8983 -296.977 -12520.2 -15227.7 3.25833
107.963 119.454 301.1 -16613.5 47263.3 -3.4302 -125.755 -110.129 -301.1 -15648.4 -14253 3.4302
95.1592 139.937 303.163 -19661.2 42591.9 -3.58864 -112.752 -131.542 -303.163 -18488.7 -13222.4 3.58864
81.7456 157.286 303.61 -22256.8 37628.4 -3.73271 -98.8437 -150.122 -303.61 -20942.6 -12114.5 3.73271
67.536 171.404 303.003 -24421.3 32346.5 -3.86155 -83.6693 -165.696 -303.003 -22950.7 -10979.4 3.86155
53.0033 181.614 301.776 -26052.1 26825.6 -3.97439 -67.6089 -177.622 -301.776 -24430.7 -9776.07 3.97439
39.0315 186.891 302.041 -26953.1 21251 -4.07057 -51.6742 -185.009 -302.041 -25309.4 -8422.84 4.07057
24.9655 187.807 304.402 -27262.2 15497.5 -4.14956 -35.1737 -188.398 -304.402 -25605.4 -6983.43 4.14956
12.2207 183.447 308.477 -26797.8 9812.67 -4.21098 -19.5793 -186.612 -308.477 -25206.5 -5300.56 4.21098
-0.283406 174.529 318.932 -25676.6 4012.91 -4.25443 -3.99634 -179.995 -318.932 -24145.7 -3467.74 4.25443
-12.0408 160.997 341.268 -23863.1 -1874.78 -4.27938 11.0326 -168.249 -341.268 -22408.8 -1366.13 4.27938
-24.6852 142.584 380.369 -21308.5 -8181.19 -4.28492 26.6813 -151.078 -380.369 -19966.1 937.856 4.28492
-40.1006 117.265 410.28 -17650.9 -14688.2 -4.26974 44.3366 -126.597 -410.28 -16626 2767.29 4.26974
-56.3711 85.3759 414.934 -12983.9 -20893 -4.23254 62.0275 -95.2838 -414.934 -12409.4 4171.5 4.23254
-72.2205 49.0305 396.566 -7724.49 -26573.9 -4.17266 78.6932 -59.3131 -396.566 -7503 5262.18 4.17266
-87.8304 9.43165 371.137 -2060.56 -31888.1 -4.09025 94.9029 -19.9013 -371.137 -2061.44 6090.24 4.09025
-103.657 -29.1272 357.657 3345.01 -37038.5 -3.98598 111.376 18.6603 -357.657 3372.23 6686.48 3.98598
-118.106 -67.162 357.103 8840.24 -41917 -3.8608 126.648 56.8849 -357.103 8595.35 7369.12 3.8608
-130.049 -102.821 360.684 14000.8 -46360 -3.71614 139.476 92.8851 -360.684 13507.4 8310.5 3.71614
-139.124 -135.865 357.49 18806.8 -50222.4 -3.55347 149.309 126.385 -357.49 18054.7 9500.21 3.55347
-145.68 -165.599 345.785 23147.7 -53510.5 -3.37364 156.351 156.657 -345.785 22147.2 10868.7 3.37364
-150.691 -191.842 328.412 26976.3 -56334.6 -3.17674 161.617 183.541 -328.412 25783.3 12246.4 3.17674
-155.144 -213.189 312.943 30124.9 -58844 -2.96257 166.267 205.712 -312.943 28748.8 13475.9 2.96257
-159.959 -229.803 303.903 32626.9 -61145.2 -2.73111 171.226 223.384 -303.903 31064.4 14400.4 2.73111
-164.966 -242.22 298.848 34524.8 -63216.6 -2.4826 176.203 237.095 -298.848 32837.9 15064.6 2.4826
-169.831 -250.169 294.145 35777.3 -65005.9 -2.2176 180.822 246.493 -294.145 34022.7 15518 2.2176
-174.203 -253.6 288.24 36371.8 -66484.1 -1.9371 184.867 251.439 -288.24 34604.4 15813.2 1.9371
-177.645 -252.324 281.065 36283.7 -67619.8 -1.64247 188.015 251.729 -281.065 34552.3 16025.1 1.64247
-179.788 -246.042 273.704 35475.9 -68393.9 -1.33522 189.99 247.041 -273.704 33816.9 16224.4 1.33522
-180.387 -234.633 268.057 33924.5 -68786.1 -1.017 190.561 237.203 -268.057 32381.3 16455.6 1.017
-179.237 -218.17 265.27 31644.7 -68765.4 -0.689634 189.468 222.276 -265.27 30249.2 16752 0.689634
-176.492 -196.549 264.888 28617.3 -68345.2 -0.355239 186.845 202.235 -264.888 27422 17086.7 0.355239
-172.504 -170.231 266.201 24898.3 -67555.5 -0.0160432 183.143 177.597 -266.201 23980.9 17377.6 0.0160432
-167.266 -139.404 268.742 20518 -66403.8 0.325741 178.49 148.448 -268.742 19933.3 17615.9 -0.325741
-161.029 -104.293 272.1 15518.9 -64917.9 0.667968 173.026 114.805 -272.1 15271.1 17774.7 -0.667968
-154.3 -65.8314 277.704 10022.8 -63143.7 1.00855 166.996 77.4744 -277.704 10117 17793 -1.00855
-147.193 -24.7557 287.516 4151.89 -61100.1 1.34553 160.427 37.1964 -287.516 4555.84 17668.9 -1.34553
-139.763 18.3506 296.635 -2037.34 -58766.9 1.67712 153.498 -5.36501 -296.635 -1293.83 17353.4 -1.67712
-132.212 62.3765 307.134 -8336.39 -56183.8 2.00169 146.525 -49.0341 -307.134 -7319.28 16811.9 -2.00169
-124.354 106.168 320.14 -14630.9 -53331.3 2.31771 139.274 -92.6574 -320.14 -13310.9 16083.5 -2.31771
-115.849 148.468 331.623 -20779.7 -50138.3 2.62365 131.269 -134.984 -331.623 -19057.2 15215 -2.62365
-106.304 187.137 339.444 -26413 -46582.4 2.91803 122.095 -173.826 -339.444 -24319.7 14298.3 -2.91803
-95.0873 222.417 341.542 -31565.2 -42574 3.19945 111.232 -209.333 -341.542 -29117.5 13406.5 -3.19945
-81.672 253.353 341.036 -36148.4 -38117 3.46656 98.225 -240.423 -341.036 -33252.9 12678.8 -3.46656
-67.5297 279.184 340.983 -39919.6 -33449.5 3.71793 84.5048 -266.2 -340.983 -36736 11943.6 -3.71793
-51.8612 300.463 339.471 -43025 -28406.5 3.95203 69.1592 -287.167 -339.471 -39568.7 11277.2 -3.95203
-35.974 316.577 338.074 -45370.7 -23168.6 4.16741 53.292 -302.797 -338.074 -41684.5 10520.4 -4.16741
-21.0964 326.755 336.663 -46807 -17939.1 4.36276 38.0174 -312.486 -336.663 -43040.6 9547.69 -4.36276
-6.44436 331.565 334.706 -47479.4 -12509.8 4.53707 22.5508 -316.934 -334.706 -43668.7 8371.04 -4.53707
6.30903 330.848 336.697 -47323.9 -7170.02 4.68951 8.62119 -316 -336.697 -43592.5 6801.24 -4.68951
17.3937 324.392 340.886 -46319.2 -1919.95 4.81932 -3.98419 -309.401 -340.886 -42763.2 4901.46 -4.81932
29.3432 313.092 352.768 -44613 3673.68 4.92577 -17.7735 -297.953 -352.768 -41274.6 2946.79 -4.92577
40.2108 296.857 370.999 -42227.1 9126.97 5.008 -30.9263 -281.465 -370.999 -39065 893.703 -5.008
53.3754 275.267 384.726 -39005.1 14963.8 5.065 -46.8553 -259.372 -384.726 -36149.2 -828.661 -5.065
65.6018 249.836 389.374 -35221.6 20488.8 5.09578 -62.0467 -233.192 -389.374 -32677.9 -2474.77 -5.09578
78.8375 220.228 383.714 -30767.8 26025 5.09946 -78.3788 -202.797 -383.714 -28695.7 -3833.25 -5.09946
90.753 188.91 377.144 -26136.8 31212.2 5.0753 -93.5335 -171.009 -377.144 -24454.5 -5195.19 -5.0753
101.986 155.655 371.568 -21264.9 36208.7 5.02284 -108.115 -137.863 -371.568 -19991.6 -6544.2 -5.02284
111.849 122.582 372.452 -16497.8 40838.7 4.94199 -120.672 -105.493 -372.452 -15559.4 -8002.23 -4.94199
120.894 88.7063 372.457 -11658.9 45119.6 4.83312 -131.139 -72.6927 -372.457 -11026.2 -9520.74 -4.83312
129.5 56.4354 373.221 -7074.6 49052.2 4.69705 -140.211 -41.5815 -373.221 -6701.26 -10950 -4.69705
137.685 26.712 369.818 -2905.48 52627.3 4.53481 -148.592 -12.9046 -369.818 -2661.23 -12181.9 -4.53481
145.633 -0.606341 359.55 924.092 55866.4 4.34749 -156.822 13.5393 -359.55 1066.07 -13139.5 -4.34749
153.149 -23.9235 346.264 4224.69 58779.2 4.13604 -164.709 36.1379 -346.264 4219.16 -13884.2 -4.13604
159.895 -43.7966 333.675 7028.01 61357.7 3.90124 -171.853 55.404 -333.675 6916.51 -14509.5 -3.90124
165.543 -59.6894 325.936 9269.08 63597.7 3.64373 -177.873 70.7297 -325.936 9062.81 -15106.7 -3.64373
169.871 -71.3774 322.03 10904.4 65464.7 3.36414 -182.473 81.8174 -322.03 10628.4 -15714.3 -3.36414
172.765 -78.9595 319.386 11935.7 66923.8 3.06321 -185.555 88.7253 -319.386 11633.4 -16329.4 -3.06321
174.18 -82.3677 315.632 12369.4 67954.9 2.74197 -187.172 91.4325 -315.632 12058.9 -16932.7 -2.74197
174.292 -81.7908 310.301 12235.3 68572 2.40188 -187.486 90.1964 -310.301 11937.7 -17491.1 -2.40188
173.368 -77.5299 304.457 11574.5 68808.5 2.04477 -186.699 85.3458 -304.457 11317.5 -17971.1 -2.04477
171.571 -69.9169 299.662 10431.9 68691.9 1.67281 -185.014 77.2075 -299.662 10246.1 -18347.5 -1.67281
168.962 -59.2492 297.174 8846.19 68241.9 1.28846 -182.611 66.0167 -297.174 8759.75 -18604.6 -1.28846
165.652 -46.2924 296.933 6922.21 67468.7 0.894401 -179.651 52.427 -296.933 6952.91 -18714.4 -0.894401
161.626 -31.1202 297.499 4663.25 66361 0.49345 -176.043 36.355 -297.499 4820.95 -18682.1 -0.49345
156.893 -14.4125 297.159 2159.45 64897.7 0.088411 -171.594 18.3577 -297.159 2447.47 -18513.8 -0.088411
151.523 2.89842 296.23 -477.111 63083.2 -0.318019 -166.215 -0.631492 -296.23 -17.4613 -18216.4 0.318019
145.526 20.2171 296.449 -3157.74 60941.1 -0.723272 -159.942 -20.0187 -296.449 -2495.38 -17805 0.723272
138.828 37.3833 296.868 -5810.06 58469.2 -1.1249 -152.772 -39.5898 -296.868 -5005.9 -17289.6 1.1249
131.396 53.105 296.46 -8266.69 55667 -1.52056 -144.615 -57.815 -296.46 -7320.01 -16687.5 1.52056
123.39 67.0356 295.921 -10442.6 52571.8 -1.90807 -135.665 -74.0943 -295.921 -9389.69 -15985.5 1.90807
114.683 78.5735 295.611 -12258.2 49199.5 -2.28543 -126.022 -87.6691 -295.611 -11103.2 -15203 2.28543
105.194 87.4551 294.869 -13674.6 45560.1 -2.65074 -115.843 -98.2012 -294.869 -12415 -14339.8 2.65074
94.9963 93.0941 291.878 -14585.2 41673.2 -3.00218 -105.31 -105.016 -291.878 -13254.3 -13380.5 3.00218
84.0669 95.1934 287.415 -14942 37558.7 -3.33798 -94.4225 -107.762 -287.415 -13577.9 -12347.3 3.33798
72.2672 93.5797 282.693 -14722.3 33231.8 -3.65636 -83.1419 -106.298 -282.693 -13364.7 -11279.6 3.65636
59.6584 88.2144 278.326 -13923.3 28708.3 -3.95562 -71.3772 -100.684 -278.326 -12620.4 -10196.9 3.95562
46.5412 79.2377 274.556 -12570.7 24004.5 -4.23411 -58.8981 -91.1334 -274.556 -11369.2 -9105.45 4.23411
33.1265 66.8978 271.303 -10706.2 19137.9 -4.49031 -45.5778 -77.851 -271.303 -9632.83 -8011.02 4.49031
19.6034 51.6965 268.949 -8393.46 14151.8 -4.72291 -31.6964 -61.2073 -268.949 -7470.51 -6891.04 4.72291
6.2951 34.1142 268.957 -5676.45 9123.83 -4.9309 -17.7647 -41.5132 -268.957 -4949.42 -5705.78 4.9309
-6.10177 13.8481 281.52 -2543.4 4169.06 -5.11351 -4.50605 -18.3891 -281.52 -1985.78 -4370.59 5.11351
-14.8818 -11.2314 339.076 1413.76 -626.556 -5.26965 5.534 10.1382 -339.076 1589.07 -2236.37 5.26965
-23.6694 -34.7468 439.406 5109.7 -6371.87 -5.39748 15.9987 37.2612 -439.406 5011.33 775.926 5.39748
-39.503 -51.4695 466.985 7696.23 -12577 -5.49483 33.5396 57.1514 -466.985 7573.7 2260.4 5.49483
-56.3724 -64.217 416.081 9649.97 -17971.7 -5.55946 51.7527 72.1969 -416.081 9526.21 2706.72 5.55946
-73.5202 -74.0814 342.644 11151.6 -23013.2 -5.58943 69.8863 83.4274 -342.644 10986.5 2785.63 5.58943
-89.0465 -82.9239 300.361 12461.7 -27955.2 -5.58403 86.4447 92.9269 -300.361 12251.8 3213.96 5.58403
-101.976 -90.4663 302.367 13557.8 -32857.4 -5.5441 100.786 100.768 -302.367 13317.9 4266.81 5.5441
-111.979 -95.287 332.417 14261.4 -37561.1 -5.47166 112.422 105.886 -332.417 14013.8 5899.29 5.47166
-119.191 -96.3713 361.735 14457.4 -41826.6 -5.36924 121.16 107.522 -361.735 14202.9 7890.03 5.36924
-124.597 -93.2123 370.576 14086.7 -45570.6 -5.23866 127.786 105.283 -370.576 13816 9919.16 5.23866
-129.8 -86.444 357.7 13209.1 -48919.2 -5.08074 133.947 99.7755 -357.7 12967.2 11660.7 5.08074
-135.568 -76.5408 335.295 11884.8 -52045.7 -4.89566 140.677 91.3845 -335.295 11718.5 13030 4.89566
-142.322 -63.6796 318.215 10125.5 -55123 -4.68343 148.578 80.0829 -318.215 10080.7 14046.7 4.68343
-149.79 -48.6296 315.806 8043.65 -58179.9 -4.44415 157.353 66.3736 -315.806 8120.46 14811.2 4.44415
-157.494 -31.1386 325.736 5596.58 -61129 -4.17834 166.297 49.8985 -325.736 5794.12 15402.5 4.17834
-164.76 -11.1176 338.775 2762.53 -63805.5 -3.88714 174.588 30.6487 -338.775 3108.95 15872.5 3.88714
-170.656 10.9556 345.661 -378.117 -66027.9 -3.57227 181.396 9.25118 -345.661 139.579 16295.2 3.57227
-174.776 34.2724 346.769 -3724.56 -67744.7 -3.23594 186.354 -13.3908 -346.769 -2974.01 16727.8 3.23594
-176.72 58.9801 342.793 -7248.62 -68920.6 -2.8807 189.131 -37.4367 -342.793 -6302.59 17238.1 2.8807
-176.633 83.717 338.754 -10785 -69608.9 -2.50932 189.964 -61.605 -338.754 -9640.11 17820.8 2.50932
-174.648 108.205 338.544 -14286.9 -69842.4 -2.12474 189.016 -85.656 -338.544 -12961 18463.5 2.12474
-171.244 132.392 340.268 -17759.9 -69660.4 -1.72985 186.776 -109.521 -340.268 -16242.5 19071.5 1.72985
-166.996 156.224 341.831 -21208.9 -69106.5 -1.32731 183.73 -133.174 -341.831 -19468.3 19541.3 1.32731
-162.393 178.606 341.259 -24478.2 -68225 -0.919428 180.304 -155.627 -341.259 -22501 19790.2 0.919428
-157.6 198.977 338.168 -27488.2 -67021.3 -0.508324 176.51 -176.353 -338.168 -25267.3 19799.4 0.508324
-152.722 217.148 333.975 -30186.7 -65508.7 -0.09603 172.297 -195.108 -333.975 -27758.4 19573.2 0.09603
-147.716 232.701 329.555 -32499 -63686.8 0.315397 167.593 -211.4 -329.555 -29921.4 19126.6 -0.315397
-142.323 245.318 325.243 -34381.2 -61532.7 0.723841 162.161 -224.898 -325.243 -31709 18505.3 -0.723841
-136.222 254.506 321.624 -35770.5 -59029.2 1.12713 155.731 -235.175 -321.624 -33054.6 17775.1 -1.12713
-129.146 260.166 318.102 -36669 -56142.9 1.52313 148.104 -242.153 -318.102 -33931.6 16968.4 -1.52313
-121.088 261.85 314.122 -37010.2 -52881 1.9098 139.176 -245.371 -314.122 -34278.3 16108.1 -1.9098
-112.075 259.405 308.871 -36770.4 -49255.2 2.28516 129.008 -244.616 -308.871 -34067 15194.1 -2.28516
-102.425 252.714 302.493 -35907.6 -45323.9 2.64731 117.895 -239.538 -302.493 -33274.2 14198.2 -2.64731
-92.3914 241.944 295.556 -34423.1 -41142.5 2.99434 106.173 -230.043 -295.556 -31909.1 13092 -2.99434
-82.0607 227.283 289.17 -32327.8 -36768.8 3.32443 94.2296 -216.205 -289.17 -29997.7 11866.4 -3.32443
-71.3949 209.157 283.618 -29697.4 -32221.1 3.63589 82.1891 -198.515 -283.618 -27593.4 10527.1 -3.63589
-60.417 187.93 278.827 -26591.1 -27526.3 3.92715 70.1366 -177.494 -278.827 -24761.6 9085.94 -3.92715
-49.0344 164.089 274.753 -23091 -22690.6 4.19677 57.8943 -153.741 -274.753 -21572.6 7587.06 -4.19677
-37.2733 138.27 271.645 -19290.6 -17733.3 4.44346 45.2727 -127.917 -271.645 -18115.1 6072.7 -4.44346
-25.1872 111.326 270.801 -15312.3 -12669.3 4.66615 32.1167 -100.882 -270.801 -14507.6 4571.8 -4.66615
-13.452 84.1752 275.562 -11297.3 -7592.66 4.86402 18.8973 -73.5913 -275.562 -10872.2 3017.46 -4.86402
-2.92341 58.203 299.592 -7483.01 -2541.96 5.03617 6.5311 -47.4744 -299.592 -7366.94 1199.83 -5.03617
4.73668 31.1381 375.957 -3724.68 2630.01 5.18134 -2.83699 -20.2919 -375.957 -3502.69 -1557.91 -5.18134
20.6287 -2.46642 476.264 1084.44 9255.16 5.29779 -19.9018 13.3397 -476.264 1137.5 -3518.97 -5.29779
39.4061 -28.1147 479.274 4764.02 15302.5 5.38295 -39.3544 38.813 -479.274 4645.34 -4163.84 -5.38295
57.8377 -47.5271 407.784 7474.53 20518.8 5.43373 -58.298 57.7145 -407.784 7319.63 -4115.6 -5.43373
74.7414 -62.7311 331.462 9586.28 25353.2 5.44814 -75.7779 71.967 -331.462 9345.2 -4117.82 -5.44814
89.1774 -74.9162 296.041 11233.1 30111.1 5.42653 -90.7218 82.7206 -296.041 10920.3 -4741.94 -5.42653
100.851 -84.6005 308.328 12488.9 34810.9 5.37121 -102.49 90.6223 -308.328 12137 -6126.16 -5.37121
109.895 -90.7827 344.545 13245.7 39271.3 5.28507 -111.102 94.8962 -344.545 12852.8 -8070.67 -5.28507
117.283 -92.9472 373.483 13438.3 43348 5.17031 -117.806 95.2197 -373.483 13012.6 -10132.9 -5.17031
124.329 -91.3835 376.709 13097.8 47026.7 5.02793 -124.23 92.0005 -376.709 12681.3 -11897.8 -5.02793
132.008 -86.4823 357.443 12288.6 50430.7 4.85824 -131.467 85.682 -357.443 11912.2 -13200.5 -4.85824
141.052 -78.9929 332.258 11111.9 53762.9 4.66131 -140.167 77.0228 -332.258 10817.5 -14041.6 -4.66131
151.378 -69.8871 318.001 9718.63 57134.1 4.4373 -150.089 66.9141 -318.001 9509.35 -14565.1 -4.4373
162.406 -59.4088 320.375 8125.01 60527.3 4.18662 -160.597 55.4443 -320.375 8018.46 -14918.6 -4.18662
173.106 -47.7897 333.237 6376.68 63787.5 3.91017 -170.767 42.7295 -333.237 6347.36 -15224.7 -3.91017
182.677 -35.2642 346.164 4490.42 66741.6 3.60947 -179.835 29.0017 -346.164 4544.13 -15537.9 -3.60947
190.385 -22.3304 350.68 2550.52 69225.6 3.28665 -187.021 14.8439 -350.68 2676.23 -15915.1 -3.28665
195.897 -9.49771 345.626 648.065 71179 2.94429 -191.972 0.855465 -345.626 808.648 -16394 -2.94429
199.624 2.64851 337.46 -1157.52 72706.8 2.58521 -195.105 -12.3387 -337.46 -947.674 -16957.8 -2.58521
202.129 14.0179 331.878 -2848.83 73924.9 2.21233 -197.067 -24.6415 -331.878 -2583.67 -17547 -2.21233
203.829 24.4691 329.76 -4397.42 74909.2 1.8286 -198.383 -35.9023 -329.76 -4086.8 -18104.1 -1.8286
205.178 33.5432 330.17 -5742.74 75708.4 1.43673 -199.556 -45.6938 -330.17 -5393.21 -18544.1 -1.43673
206.412 40.9059 330.4 -6843.83 76333.7 1.03914 -200.88 -53.7791 -330.4 -6463.45 -18806.5 -1.03914
207.625 46.1878 328.472 -7656.09 76777 0.637973 -202.382 -59.8664 -328.472 -7249.13 -18868.1 -0.637973
208.762 49.1523 324.203 -8143.84 77024.9 0.235213 -203.866 -63.7314 -324.203 -7721.1 -18751.4 -0.235213
209.602 49.5856 318.617 -8270.84 77059.2 -0.16724 -205.097 -65.087 -318.617 -7845.25 -18500.8 0.16724
209.718 47.2141 313.395 -7987.86 76827.4 -0.567551 -205.663 -63.5558 -313.395 -7579.48 -18180 0.567551
208.819 41.9119 309.455 -7270.07 76293.2 -0.963887 -205.179 -58.956 -309.455 -6905.43 -17846.5 0.963887
206.84 33.5928 306.438 -6108.14 75439.4 -1.35434 -203.458 -51.1929 -306.438 -5807.04 -17518.9 1.35434
203.802 22.3083 303.415 -4511.33 74263 -1.73696 -200.57 -40.3273 -303.415 -4290.82 -17182.4 1.73696
199.761 8.33315 299.383 -2514.41 72774 -2.10978 -196.789 -26.6055 -299.383 -2395.22 -16801.6 2.10978
194.839 -7.74401 294.78 -179.75 70998.5 -2.47089 -192.406 -10.5425 -294.78 -212.952 -16343.9 2.47089
189.269 -25.9996 290.654 2482.95 68964 -2.81848 -187.532 8.04609 -290.654 2302.15 -15787.7 2.81848
183.147 -46.0038 286.327 5407.03 66663 -3.15077 -182 28.7906 -286.327 5104.34 -15135.7 3.15077
176.501 -66.5969 281.94 8445.59 64100.9 -3.46602 -175.747 50.5079 -281.94 8011.45 -14398.3 3.46602
169.346 -87.47 278.946 11540.5 61294.7 -3.76245 -168.788 72.7561 -278.946 10976.1 -13587 3.76245
161.683 -108.24 277.017 14627.3 58239.7 -4.03832 -161.046 94.9057 -277.017 13920.4 -12708 4.03832
153.552 -128.241 274.41 17613.6 54929.1 -4.29202 -152.438 116.106 -274.41 16723.6 -11761.8 4.29202
144.746 -146.232 270.544 20303.2 51372.2 -4.52205 -142.939 135.087 -270.544 19229.2 -10790.7 4.52205
135.662 -162.316 265.687 22677.2 47626.1 -4.72715 -133.204 152.013 -265.687 21493 -9703.56 4.72715
126.083 -175.418 260.096 24604.4 43704.2 -4.90628 -123.001 165.807 -260.096 23344.4 -8576.62 4.90628
115.742 -185.338 255.923 26056 39614 -5.05863 -112.014 176.199 -255.923 24746.4 -7497.32 5.05863
104.709 -192.517 254.139 27111.3 35361.7 -5.18341 -100.424 183.62 -254.139 25742.4 -6436.98 5.18341
93.3216 -196.432 253.397 27676 31009.4 -5.27995 -88.8146 187.658 -253.397 26295.1 -5328.48 5.27995
81.3277 -196.725 253.103 27701 26568.4 -5.34772 -77.0587 188.023 -253.103 26362.3 -4237.25 5.34772
68.7455 -193.384 252.893 27178.2 22066.8 -5.3863 -65.1073 184.696 -252.893 25948.1 -3195.63 5.3863
55.9278 -186.825 252.989 26173.9 17521.5 -5.39529 -53.2619 178.1 -252.989 25103.8 -2128.74 5.39529
42.5331 -177.426 255.601 24761.7 12920.9 -5.37418 -41.1904 168.693 -255.601 23873.9 -1119.01 5.37418
28.4972 -165.589 263.366 23016.5 8263.23 -5.32248 -28.8397 156.99 -263.366 22312.2 -181.266 5.32248
15.0203 -151.288 276.792 20938.6 3707.24 -5.23993 -17.1228 143.02 -276.792 20419 821.413 5.23993
1.56143 -135.96 304.852 18798.8 -962.366 -5.12676 -5.09026 128.173 -304.852 18321 1893.95 5.12676
-13.1303 -119.082 339.05 16463.8 -5990.89 -4.98377 8.50605 111.855 -339.05 15993.6 2928.58 4.98377
-29.9329 -99.8013 365.953 13751.4 -11381.7 -4.81177 24.3655 93.1515 -365.953 13369 3707.95 4.81177
-47.3959 -78.5558 376.596 10708.4 -16763 -4.61104 41.0314 72.4305 -376.596 10513.9 4271.68 4.61104
-63.7146 -56.1511 370.978 7494.91 -21856.2 -4.38173 56.7219 50.4031 -370.978 7481.97 4848.23 4.38173
-78.3926 -34.4114 358.96 4376.45 -26619.6 -4.1249 70.9209 28.8206 -358.96 4511.07 5537.88 4.1249
-91.827 -14.1836 353.525 1486.65 -31207.2 -3.84316 83.9396 8.51314 -353.525 1703.62 6391.44 3.84316
-104.361 3.78831 358.193 -1067.08 -35681.6 -3.5403 96.1128 -9.72022 -358.193 -831.416 7373.67 3.5403
-116.069 19.3486 366.153 -3301.45 -40007.4 -3.22014 107.511 -25.5974 -366.153 -3016 8430.4 3.22014
-127.126 32.225 371.936 -5173.83 -44149.4 -2.88557 118.287 -38.7413 -371.936 -4801.45 9482.81 2.88557
-137.691 42.4739 371.219 -6669.5 -48083 -2.5384 128.643 -49.1996 -371.219 -6216.64 10459.2 2.5384
-147.895 49.8935 365.139 -7764.97 -51822.9 -2.17972 138.745 -56.8186 -365.139 -7235 11332.4 2.17972
-157.863 54.4605 357.946 -8453.57 -55403.2 -1.81057 148.644 -61.5929 -357.946 -7859.24 12110.2 1.81057
-167.684 56.3178 352.827 -8750.46 -58843.4 -1.43248 158.29 -63.6594 -352.827 -8113.73 12803.9 1.43248
-177.352 55.5225 350.653 -8662.62 -62140.1 -1.0475 167.629 -63.0747 -350.653 -8007.55 13417.3 1.0475
-186.763 52.1617 350.101 -8204.37 -65269.9 -0.657959 176.676 -59.9218 -350.101 -7550.24 13941 0.657959
-195.81 46.3603 349.057 -7396.83 -68202.1 -0.266359 185.427 -54.3384 -349.057 -6757.49 14361.1 0.266359
-204.458 38.3214 346.216 -6265.56 -70913 0.124664 193.822 -46.5496 -346.216 -5663.92 14668.8 -0.124664
-212.605 28.1351 341.896 -4830.01 -73380.9 0.512399 201.664 -36.6896 -341.896 -4281.66 14884.2 -0.512399
-220.011 16.0623 337.114 -3131.2 -75567.2 0.894239 208.697 -25.0587 -337.114 -2648.7 15037.5 -0.894239
-226.566 2.60419 332.309 -1232.36 -77459.1 1.26787 214.87 -12.1813 -332.309 -845.862 15138 -1.26787
-232.356 -11.9766 328.279 828.083 -79081 1.63129 220.245 1.6653 -328.279 1089.36 15188.8 -1.63129
-237.368 -28.1358 325.143 3080.19 -80447.5 1.98271 224.813 16.9872 -325.143 3261.93 15206.9 -1.98271
-241.482 -45.1155 321.948 5455.52 -81542.4 2.32042 228.498 33.1751 -321.948 5548.22 15205 -2.32042
-244.783 -62.5912 318.156 7908.52 -82368 2.64281 231.328 49.9995 -318.156 7915.93 15170 -2.64281
-247.245 -80.1842 313.497 10387.1 -82918.4 2.94837 233.243 67.0397 -313.497 10304.8 15108.2 -2.94837
-248.892 -97.5295 308.645 12819.7 -83204.2 3.23567 234.306 83.8705 -308.645 12675.2 15017.4 -3.23567
-249.815 -114.782 304.083 15245.4 -83239.5 3.5033 234.632 100.649 -304.083 15032.1 14881.9 -3.5033
-250.188 -131.545 299.597 17605.7 -83042.2 3.74978 234.413 117.012 -299.597 17326.9 14668.6 -3.74978
-249.916 -147.212 295.29 19824.8 -82607.9 3.97366 233.559 132.379 -295.29 19468.8 14398.8 -3.97366
-248.879 -161.632 291.104 21900 -81924.3 4.17355 231.983 146.598 -291.104 21417.9 14089.5 -4.17355
-247.176 -174.276 286.212 23729.3 -81001.5 4.34815 229.771 159.105 -286.212 23122.5 13725.3 -4.34815
-244.905 -184.991 280.952 25287.7 -79847 4.49628 226.929 169.774 -280.952 24568.5 13298.8 -4.49628
-242.045 -193.488 275.86 26530.6 -78470.4 4.61699 223.496 178.417 -275.86 25733.4 12816.2 -4.61699
-238.523 -199.431 271.55 27417.6 -76879 4.70953 219.446 184.788 -271.55 26576.2 12298.4 -4.70953
-234.242 -202.567 268.056 27914.6 -75070 4.7734 214.67 188.657 -268.056 27062.7 11771 -4.7734
-229.139 -202.612 265.135 27982.7 -73046.6 4.80838 209.143 189.698 -265.135 27146.7 11250.4 -4.80838
-223.215 -199.361 262.399 27589.7 -70817.3 4.81454 202.904 187.675 -262.399 26798 10739.1 -4.81454
-216.531 -192.688 259.828 26714.6 -68398.1 4.79226 196.03 182.409 -259.828 25995 10234.2 -4.79226
-209.167 -182.569 257.68 25347.2 -65809.9 4.74217 188.632 173.784 -257.68 24728.1 9729.32 -4.74217
-201.192 -169.082 256.298 23490.9 -63074.1 4.66518 180.832 161.775 -256.298 23001.2 9218.78 -4.66518
-192.644 -152.413 256.014 21163.3 -60207.1 4.56242 172.701 146.424 -256.014 20829.4 8703.51 -4.56242
-183.638 -132.844 256.961 18391.2 -57224 4.43526 164.247 127.887 -256.961 18246.8 8181.18 -4.43526
-174.257 -110.743 259.186 15221.5 -54133.7 4.28524 155.44 106.488 -259.186 15304.2 7653.37 -4.28524
-164.598 -86.6491 262.774 11732 -50949.1 4.11404 146.371 82.8046 -262.774 12080.1 7106.78 -4.11404
-154.371 -60.8919 269.701 8029.26 -47659.9 3.92352 136.669 57.265 -269.701 8574.86 6622.69 -3.92352
-143.811 -34.0912 277.095 4202.65 -44266.8 3.71573 126.425 30.6086 -277.095 4889.62 6158.11 -3.71573
-133.265 -6.11654 285.414 222.013 -40822.7 3.49275 116.026 2.76187 -285.414 1026.05 5662.67 -3.49275
-123.303 21.9513 295.776 -3732.09 -37398.2 3.25664 106.234 -25.2186 -295.776 -2896.21 5019.8 -3.25664
-113.884 48.082 307.703 -7411.65 -33999.5 3.00956 97.184 -51.3096 -307.703 -6555.95 4222.66 -3.00956
-103.776 72.4541 317.681 -10872.3 -30484.9 2.75394 87.8426 -75.6282 -317.681 -9938.72 3449.42 -2.75394
-92.3499 93.862 322.487 -13915.4 -26813.3 2.49233 77.8651 -96.7992 -322.487 -12880.2 2796.56 -2.49233
-79.1801 111.5 321.084 -16363.5 -22972.6 2.2271 66.7777 -113.834 -321.084 -15305.3 2377.79 -2.2271
-64.3453 126.503 320.673 -18430.7 -18967.6 1.96017 54.3677 -127.814 -320.673 -17311.6 2214.04 -1.96017
-48.6347 138.049 321.944 -19962.5 -14915.7 1.69303 41.3242 -137.975 -321.944 -18831 2214.91 -1.69303
-32.3296 146.433 325.405 -21025.8 -10827.1 1.42707 27.6826 -144.764 -325.405 -19900.6 2346.43 -1.42707
-15.973 151.755 331.31 -21661.7 -6727.51 1.16377 13.8273 -148.498 -331.31 -20538.3 2504.22 -1.16377
-0.469944 153.897 337.426 -21847.8 -2690.72 0.904649 0.645522 -149.177 -337.426 -20749.4 2510.96 -0.904649
14.1118 153.273 344.355 -21648.7 1295.72 0.651151 -12.0366 -147.246 -344.355 -20590.1 2369.05 -0.651151
27.3173 149.958 352.053 -21076.9 5180.44 0.404706 -23.8504 -142.767 -352.053 -20067 2014.31 -0.404706
39.88 144.275 359.82 -20170.8 9074.43 0.16673 -35.2384 -136.055 -359.82 -19231.6 1500.84 -0.16673
52.3629 136.024 363.442 -18900.9 12912.3 -0.0613799 -46.4697 -126.938 -363.442 -18060.2 1010.29 0.0613799
65.0519 125.807 363.635 -17367.8 16713 -0.278288 -57.7799 -116.053 -363.635 -16627 596.483 0.278288
77.8647 113.844 361.72 -15585.7 20457.6 -0.482782 -69.1702 -103.644 -361.72 -14983 266.694 0.482782
90.6645 100.775 358.958 -13673.8 24136.6 -0.673795 -80.4713 -90.3528 -358.958 -13189.4 -12.6691 0.673795
103.201 87.2749 357.259 -11737.3 27717.2 -0.850388 -91.5796 -76.8382 -357.259 -11328.4 -257.833 0.850388
115.327 72.7431 355.805 -9642.55 31216.7 -1.01181 -102.478 -62.4822 -355.805 -9362.73 -509.447 1.01181
126.818 58.1494 354.368 -7558.62 34581.5 -1.15757 -112.906 -48.2237 -354.368 -7391.26 -782.319 1.15757
137.496 43.6564 354.031 -5538.75 37785.5 -1.28746 -122.503 -34.164 -354.031 -5397.93 -1124.96 1.28746
147.435 29.1798 353.456 -3565.3 40816.5 -1.40142 -131.208 -20.1657 -353.456 -3369.24 -1524.69 1.40142
156.807 15.25 351.305 -1680.45 43680.9 -1.4994 -139.32 -6.75394 -351.305 -1411.31 -1921.99 1.4994
165.521 2.41153 347.301 54.4621 46379.7 -1.5813 -147.002 5.49199 -347.301 379.329 -2307.99 1.5813
173.251 -9.26565 342.781 1627.62 48906 -1.6471 -154.229 16.4284 -342.781 1984.41 -2724.97 1.6471
179.948 -19.4543 339.4 3000.98 51258.7 -1.6969 -160.823 25.6347 -339.4 3336.98 -3202.46 1.6969
185.516 -28.3125 336.85 4174.28 53413.8 -1.73091 -166.496 33.2063 -336.85 4472.86 -3770.59 1.73091
189.954 -35.8181 334.72 5136.92 55363.5 -1.74951 -171.257 39.1457 -334.72 5399.92 -4420.45 1.74951
193.315 -41.9897 332.439 5896.97 57104.4 -1.75324 -175.195 43.535 -332.439 6124.18 -5129.32 1.75324
195.745 -46.9274 329.702 6474.78 58642.5 -1.74292 -178.456 46.5843 -329.702 6668.88 -5862.22 1.74292
197.466 -50.6528 326.62 6887.24 59986 -1.71957 -181.083 48.5014 -326.62 7049.42 -6590.22 1.71957
198.656 -53.1849 323.555 7155.2 61143.1 -1.6843 -183.125 49.5736 -323.555 7287.93 -7289.76 1.6843
199.301 -54.541 320.762 7294.19 62115.6 -1.63827 -184.689 50.012 -320.762 7401.09 -7948.73 1.63827
199.276 -54.7957 318.387 7312.81 62899.2 -1.58276 -185.911 49.8857 -318.387 7400.44 -8561.83 1.58276
198.319 -54.0213 316.233 7209.6 63472.6 -1.51908 -186.783 49.0758 -316.233 7280.92 -9145.33 1.51908
196.277 -52.3341 314.125 6984.73 63807.6 -1.44853 -187.109 47.4856 -314.125 7045.1 -9720.42 1.44853
193.141 -49.7976 311.921 6639.79 63871.2 -1.37237 -186.492 45.1018 -311.921 6698.44 -10311.4 1.37237
188.839 -46.366 309.456 6174.83 63626.3 -1.29185 -184.571 41.9381 -309.456 6236.41 -10941.9 1.29185
183.324 -42.0595 306.867 5600.53 63053.3 -1.20822 -181.262 38.1389 -306.867 5671.45 -11610.6 1.20822
176.764 -36.889 304.346 4924 62157.8 -1.1228 -176.63 33.7892 -304.346 5009.93 -12290.6 1.1228
169.489 -30.8608 302.252 4141.3 60965.7 -1.03694 -170.858 28.8596 -302.252 4252.61 -12935.2 1.03694
161.786 -24.0694 300.119 3256.98 59498.7 -0.951967 -164.156 23.2959 -300.119 3400.54 -13496.5 0.951967
153.917 -16.6313 297.93 2271.6 57787 -0.869207 -156.787 16.9956 -297.93 2455.15 -13931.4 0.869207
146.097 -8.69465 295.932 1193.81 55861.2 -0.789911 -148.956 9.93396 -295.932 1425.14 -14210.8 0.789911
138.44 -0.463744 294.439 41.0035 53747.8 -0.715257 -140.829 2.17524 -294.439 330.844 -14321.9 0.715257
130.897 7.75884 294 -1155.8 51468.8 -0.646346 -132.559 -6.09946 -294 -790.821 -14271.5 0.646346
123.279 16.0797 294.737 -2392.32 49030.2 -0.584173 -124.175 -14.9509 -294.737 -1967.58 -14088 0.584173
115.303 24.1984 295.406 -3613.25 46412.4 -0.529596 -115.488 -23.8361 -295.406 -3136.28 -13819.1 0.529596
106.749 31.9385 295.7 -4777.31 43604.6 -0.483306 -106.265 -32.3096 -295.7 -4250.76 -13517.6 0.483306
97.4758 38.9875 296.007 -5823.91 40610.3 -0.445807 -96.3411 -39.9097 -296.007 -5262.85 -13229.6 0.445807
87.4035 45.0319 296.627 -6715.54 37444.9 -0.417406 -85.7225 -46.3662 -296.627 -6128.06 -12980.6 0.417406
76.543 49.9011 297.344 -7438.86 34128 -0.398217 -74.5145 -51.6713 -297.344 -6834.62 -12774 0.398217
65.0975 53.3609 297.923 -7974.98 30691.9 -0.388159 -62.8805 -55.75 -297.923 -7357.94 -12590.7 0.388159
53.3231 55.2241 298.189 -8310.14 27174.4 -0.386985 -51.0372 -58.4518 -298.189 -7664.27 -12402 0.386985
41.5014 55.3396 297.453 -8400.17 23620.1 -0.394324 -39.2996 -59.4952 -297.453 -7737.04 -12168.8 0.394324
29.9292 53.6796 296.325 -8227.4 20077.9 -0.409735 -27.9258 -58.6698 -296.325 -7560.42 -11861.8 0.409735
18.916 50.2363 295.323 -7776.12 16593.7 -0.432733 -17.071 -55.8287 -295.323 -7128.47 -11461.2 0.432733
8.68742 45.1168 294.908 -7057.36 13205.9 -0.462808 -6.84897 -51.0248 -294.908 -6452.63 -10957.9 0.462808
-0.655681 38.4035 295.521 -6076.95 9945.95 -0.499435 2.63684 -44.3469 -295.521 -5551.2 -10354.2 0.499435
-8.94909 30.2572 297.176 -4862.16 6855.09 -0.542069 11.2829 -35.9617 -297.176 -4442.88 -9654.13 0.542069
-15.9567 20.875 302.148 -3463.77 3986.69 -0.590147 18.956 -26.076 -302.148 -3133.74 -8858.93 0.590147
-21.4312 10.9322 312.361 -1985.54 1394.1 -0.643089 25.402 -15.3733 -312.361 -1710.72 -7951.81 0.643089
-25.7392 0.761695 330.554 -521.693 -994.371 -0.700288 30.8419 -4.22979 -330.554 -179.167 -6944.07 0.700288
-30.1892 -10.7101 350.848 1137.3 -3463.69 -0.761025 36.2484 8.30564 -350.848 1535.74 -5871.74 0.761025
-35.4423 -22.4339 361.349 2828.22 -6139.08 -0.824356 41.9021 21.0557 -361.349 3284.28 -4741.21 0.824356
-41.6184 -32.4293 358.007 4222.41 -8921.81 -0.889152 47.6613 31.9287 -358.007 4822.93 -3646.61 0.889152
-48.6637 -40.4012 339.527 5323.38 -11458 -0.954332 53.5091 40.5203 -339.527 6049.49 -2930.19 0.954332
-57.4336 -46.8561 323.282 6234.44 -13932.7 -1.01908 60.5839 47.2232 -323.282 6987.29 -2688.34 1.01908
-67.0051 -52.3391 316.917 6998.93 -16383.6 -1.08272 68.185 52.5258 -316.917 7738.46 -2657.03 1.08272
-76.252 -56.8347 320.197 7612.95 -18730.3 -1.14429 75.2369 56.4985 -320.197 8314.77 -2608.28 1.14429
-83.8847 -60.1 326.124 8040.23 -20833.1 -1.20245 80.6233 59.0763 -326.124 8709.01 -2343.06 1.20245
-88.8949 -62.0089 328.832 8277.52 -22587.8 -1.2559 83.8633 60.3048 -328.832 8912.88 -1755.33 1.2559
-91.2519 -62.5188 327.169 8329.15 -23998.5 -1.30385 85.2353 60.2574 -327.169 8926.25 -875.014 1.30385
-91.4312 -61.7047 323.001 8208.68 -25123.5 -1.34597 84.978 59.0284 -323.001 8759.49 255.523 1.34597
-90.5583 -59.7882 320.046 7934.24 -26082.4 -1.38207 83.7714 56.7887 -320.046 8449.79 1501.15 1.38207
-89.5557 -56.9924 319.428 7531.9 -26970.9 -1.41181 82.3517 53.6951 -319.428 8024.52 2724.26 1.41181
-88.9717 -53.3744 320.96 7008.91 -27856.9 -1.43473 81.3975 49.7687 -320.96 7487.38 3820.28 1.43473
-88.9548 -49.0105 322.432 6378.57 -28753.9 -1.45036 81.2362 45.1035 -322.432 6848.89 4736.57 1.45036
-89.4802 -43.9906 322.608 5652.56 -29655.3 -1.45807 81.8995 39.8274 -322.608 6127.97 5466.17 1.45807
-90.3256 -38.5239 322.242 4866.12 -30539.2 -1.45712 83.1287 34.1884 -322.242 5353.62 6054.24 1.45712
-91.0118 -32.7522 322.372 4050.09 -31361.5 -1.44677 84.4713 28.3955 -322.372 4544.38 6587.51 1.44677
-91.0049 -26.6934 323.248 3217.23 -32072.1 -1.42648 85.4767 22.5979 -323.248 3710.95 7153.69 1.42648
-89.996 -20.3512 324.258 2374.08 -32626.5 -1.39602 85.7503 16.9084 -324.258 2863.16 7807.49 1.39602
-87.9647 -13.8363 325.085 1533.98 -33000.6 -1.35527 85.0155 11.469 -325.085 2023.18 8566.65 1.35527
-85.2404 -7.12852 325.518 687.501 -33200.1 -1.30413 83.1639 6.23486 -325.518 1191.3 9405.97 1.30413
-82.216 -0.284398 325.113 -164.912 -33249 -1.24249 80.3536 1.06661 -325.113 355.444 10272.4 1.24249
-79.2883 6.64118 324.128 -1026.58 -33200.6 -1.17032 77.1259 -4.19196 -324.128 -495.282 11087.3 1.17032
-76.8703 13.4437 323.212 -1892.71 -33118.3 -1.08765 74.0919 -9.53718 -323.212 -1336.46 11769.8 1.08765
-75.2513 20.1034 322.684 -2770.18 -33048.4 -0.994473 71.6895 -15.0786 -322.684 -2173.8 12264.1 0.994473
-74.5163 26.5994 322.523 -3648.38 -33012.3 -0.890794 70.1074 -20.7957 -322.523 -3012.11 12552.9 0.890794
-74.6435 32.9273 322.637 -4515.72 -33008.1 -0.776675 69.2265 -26.5704 -322.637 -3845.77 12654.3 0.776675
-75.3911 39.0303 323.172 -5359.66 -33018.7 -0.652319 68.8229 -32.2279 -323.172 -4654.78 12616.4 0.652319
-76.3816 44.8286 324.179 -6163.73 -33020.1 -0.51805 68.6915 -37.6892 -324.179 -5433.27 12496.9 0.51805
-77.2611 50.1506 325.173 -6913.34 -32977.8 -0.374269 68.4874 -42.8745 -325.173 -6160.51 12359.8 0.374269
-77.6896 54.8326 326.168 -7590.73 -32871.7 -0.221441 68.0697 -47.6919 -326.168 -6818.29 12252.4 0.221441
-77.3562 58.6938 326.863 -8172.18 -32685.9 -0.0601282 67.3989 -51.9099 -326.863 -7372.41 12208 0.0601282
-76.2331 61.6077 326.783 -8622.68 -32416 0.108997 66.4183 -55.2495 -326.783 -7800.83 12234.5 -0.108997
-74.4701 63.5185 326.094 -8923.98 -32069.1 0.285189 65.0895 -57.4858 -326.094 -8082.36 12323.2 -0.285189
-72.2943 64.3461 324.94 -9052.56 -31664 0.467666 63.5203 -58.4083 -324.94 -8199.71 12445.7 -0.467666
-69.8723 64.083 323.59 -9005.05 -31223.2 0.655604 61.9702 -57.9896 -323.59 -8151.31 12564.7 -0.655604
-67.3105 62.7602 322.183 -8789.81 -30764.3 0.848121 60.7159 -56.3152 -322.183 -7945.25 12643.8 -0.848121
-64.7572 60.4691 320.736 -8426.88 -30292.4 1.04429 59.8151 -53.5702 -320.736 -7600.3 12659.3 -1.04429
-62.2878 57.3768 319.218 -7947.3 -29798.6 1.24315 59.1834 -50.011 -319.218 -7144.97 12603.5 -1.24315
-59.8835 53.7062 317.644 -7388.67 -29263.8 1.44371 58.6566 -45.9121 -317.644 -6611.56 12483.2 -1.44371
-57.4586 49.6283 316.159 -6778.56 -28667.2 1.64493 58.0695 -41.4854 -316.159 -6026.34 12312.6 -1.64493
-54.8969 45.3968 314.592 -6155.12 -27984.9 1.84569 57.2937 -37.0429 -314.592 -5430.64 12102.4 -1.84569
-52.1581 41.1457 312.754 -5544.92 -27195.1 2.04483 56.1386 -32.7907 -312.754 -4845.7 11863.5 -2.04483
-49.2544 37.0215 310.848 -4972.47 -26288.4 2.24115 54.5177 -28.8986 -310.848 -4291.44 11596.6 -2.24115
-46.1936 33.14 308.895 -4445.53 -25264.9 2.43347 52.5072 -25.4268 -308.895 -3784.88 11290.1 -2.43347
-42.9716 29.5515 306.988 -3964.5 -24128.4 2.62058 50.2234 -22.3091 -306.988 -3323.37 10932.1 -2.62058
-39.621 26.3766 305.074 -3539.27 -22882 2.80125 47.7573 -19.57 -305.074 -2917.42 10508.4 -2.80125
-36.2115 23.5933 303.366 -3169.46 -21528.9 2.97425 45.104 -17.1638 -303.366 -2557.88 10012.9 -2.97425
-32.8189 21.2015 301.914 -2852.84 -20068.2 3.13837 42.1712 -15.1262 -301.914 -2251.98 9446.92 -3.13837
-29.445 19.1773 300.752 -2590.85 -18497.4 3.29241 38.895 -13.4771 -300.752 -1997.72 8816.91 -3.29241
-25.9866 17.5027 299.812 -2380 -16817.2 3.43518 35.3407 -12.2132 -299.812 -1795.58 8128.82 -3.43518
-22.3391 16.116 299.06 -2212.65 -15030 3.56551 31.578 -11.2538 -299.06 -1633.21 7389.85 -3.56551
-18.4637 15.0135 298.54 -2082.57 -13138.7 3.68235 27.6151 -10.5406 -298.54 -1508.09 6607.31 -3.68235
-14.3876 14.1913 298.595 -1976.3 -11148.9 3.78485 23.434 -9.99558 -298.595 -1422.17 5785.34 -3.78485
-10.2024 13.4959 299.973 -1865.23 -9072.69 3.87245 19.0642 -9.38491 -299.973 -1349.69 4918.97 -3.87245
-6.17104 13.0102 303.731 -1764.81 -6949.77 3.94468 14.7623 -8.74602 -303.731 -1292.1 3974.93 -3.94468
-2.59475 12.8257 310.855 -1672.21 -4823 4.00061 10.9088 -8.24379 -310.855 -1288.2 2900.48 -4.00061
0.268427 12.7173 322.524 -1581.94 -2736.6 4.03847 7.8489 -7.8276 -322.524 -1304.81 1655.43 -4.03847
3.07324 12.9384 335.779 -1576.53 -628.969 4.05598 4.974 -7.94973 -335.779 -1358.49 356.089 -4.05598
7.86854 13.5579 346.248 -1676.83 1715.33 4.05164 0.226377 -8.81836 -346.248 -1467.27 -636.298 -4.05164
15.7996 14.6715 353.662 -1898.71 4469.66 4.02514 -7.53621 -10.5121 -353.662 -1639.75 -1174.28 -4.02514
26.6168 15.624 357.342 -2091.18 7632.36 3.97627 -18.0514 -12.2265 -357.342 -1822 -1328.59 -3.97627
36.6633 16.2956 353.914 -2228.89 10679.3 3.90375 -27.8253 -13.6893 -353.914 -1984.22 -1580.12 -3.90375
44.2974 17.1145 347.262 -2385.64 13423.7 3.80627 -35.4621 -15.246 -347.262 -2161.32 -2168.66 -3.80627
49.4128 17.9494 344.446 -2556.73 15919.5 3.68448 -41.0023 -16.7437 -344.446 -2318.1 -3156.63 -3.68448
52.8702 18.7612 347.163 -2727.35 18264.2 3.54115 -45.1836 -18.1603 -347.163 -2460.79 -4416.14 -3.54115
55.365 19.6271 351.634 -2901.26 20498.2 3.37937 -48.5395 -19.5954 -351.634 -2610.41 -5815.52 -3.37937
57.5769 20.5089 353.889 -3070.18 22656.9 3.20107 -51.7501 -21.0174 -353.889 -2765.38 -7200.34 -3.20107
60.0001 21.3065 352.273 -3219 24775.9 3.00714 -55.3741 -22.3137 -352.273 -2910.88 -8459.06 -3.00714
62.9807 21.9598 348.369 -3343.52 26889.8 2.79792 -59.6847 -23.4105 -348.369 -3032.32 -9539.28 -2.79792
66.6255 22.387 344.312 -3429.27 29005.5 2.57346 -64.5213 -24.2072 -344.312 -3118.55 -10454.8 -2.57346
70.7864 22.5609 342.132 -3474.42 31104.4 2.33366 -69.559 -24.6401 -342.132 -3158.68 -11252.6 -2.33366
75.0463 22.4768 341.856 -3474.81 33144.2 2.07859 -74.5573 -24.6716 -341.856 -3150.92 -11982.6 -2.07859
79.0186 22.1514 342.21 -3428.41 35074.7 1.809 -79.2876 -24.2946 -342.21 -3098.62 -12681.7 -1.809
82.4315 21.6017 341.867 -3337.88 36853.2 1.5264 -83.5679 -23.5187 -341.867 -3002.83 -13371.4 -1.5264
85.2913 20.8462 340.268 -3208.27 38457.2 1.23271 -87.2067 -22.4023 -340.268 -2869.34 -14055.6 -1.23271
87.7377 19.9019 337.51 -3048.47 39885.9 0.929877 -90.1603 -21.0379 -337.51 -2704.62 -14720.3 -0.929877
89.9355 18.829 334.342 -2870.77 41159.7 0.61981 -92.6346 -19.5534 -334.342 -2522.86 -15333.3 -0.61981
92.1105 17.6924 331.443 -2686.36 42305.9 0.304458 -94.8896 -18.0501 -331.443 -2336.21 -15853.3 -0.304458
94.5179 16.5874 329.098 -2506.83 43347 -0.0142981 -97.1088 -16.5914 -329.098 -2155.4 -16241.2 0.0142981
97.3399 15.6372 327.207 -2343.09 44295.3 -0.334781 -99.3839 -15.2045 -327.207 -1990.66 -16470.7 0.334781
100.61 14.972 325.495 -2205.86 45152 -0.655546 -101.738 -13.9093 -325.495 -1852.36 -16535 0.655546
104.194 14.734 323.826 -2109.48 45909.5 -0.97528 -104.141 -12.7621 -323.826 -1754.05 -16450.1 0.97528
107.818 15.0421 322.262 -2071.38 46553.7 -1.29269 -106.519 -11.8853 -322.262 -1712.22 -16250.5 1.29269
111.195 15.9932 320.949 -2111.56 47066.6 -1.60647 -108.707 -11.4536 -320.949 -1745.05 -15981.3 1.60647
114.032 17.6554 320.003 -2251.26 47430.7 -1.91527 -110.568 -11.6957 -320.003 -1872.99 -15685.5 1.91527
116.075 20.0633 319.393 -2509.71 47632.3 -2.21767 -112.036 -12.8497 -319.393 -2115.16 -15394.3 2.21767
117.275 23.2401 318.907 -2900.41 47661.7 -2.51216 -112.989 -15.0725 -318.907 -2483.34 -15122 2.51216
117.743 27.1834 318.357 -3428.71 47518.6 -2.79714 -113.347 -18.4382 -318.357 -2982.31 -14864.4 2.79714
117.662 31.8494 317.647 -4088.86 47215.2 -3.07095 -113.168 -22.9134 -317.647 -3606.91 -14599.5 3.07095
117.277 37.1785 316.782 -4863.59 46771.9 -3.33194 -112.583 -28.3249 -316.782 -4341.67 -14295.3 3.33194
116.842 43.1043 316.029 -5725.92 46214.6 -3.5785 -111.757 -34.3908 -316.029 -5164.68 -13918.2 3.5785
116.529 49.4694 315.813 -6638.23 45569.9 -3.80908 -110.907 -40.7687 -315.813 -6043.33 -13440.2 3.80908
116.334 56.2215 315.723 -7589.57 44846.3 -4.02226 -110.209 -47.3313 -315.723 -6963.28 -12845.9 4.02226
116.196 63.1602 315.791 -8552.69 44044.8 -4.21677 -109.68 -53.9216 -315.791 -7901.61 -12142.4 4.21677
115.997 70.0969 316.487 -9514.26 43159 -4.39151 -109.222 -60.494 -316.487 -8838.7 -11353.2 4.39151
115.481 76.8428 316.854 -10457.4 42160.2 -4.54554 -108.644 -66.9821 -316.854 -9755.49 -10513.2 4.54554
114.419 83.2037 317.075 -11361.1 41024.5 -4.6781 -107.673 -73.2182 -317.075 -10622.2 -9668.67 4.6781
112.642 89.1579 316.716 -12218.3 39727.7 -4.78866 -106.085 -79.1105 -316.716 -11429.9 -8850.91 4.78866
110.148 94.5683 316.182 -12988.3 38274 -4.87678 -103.898 -84.4207 -316.182 -12166.6 -8061.62 4.87678
106.913 99.2342 315.877 -13638.4 36670.7 -4.94219 -101.162 -88.8905 -315.877 -12800.3 -7304.22 4.94219
102.842 102.989 315.351 -14159 34908.8 -4.98467 -97.7892 -92.3574 -315.351 -13294.5 -6595.58 4.98467
98.2208 105.84 314.363 -14544.7 33008.1 -5.0041 -93.9217 -94.8896 -314.363 -13665.4 -5895.59 5.0041
93.2483 107.694 312.739 -14787.6 30984.6 -5.00032 -89.7095 -96.4852 -312.739 -13907 -5171.16 5.00032
88.1524 108.529 310.765 -14889.1 28857.9 -4.97328 -85.2995 -97.1968 -310.765 -14022.7 -4389.11 4.97328
83.1543 108.315 309.362 -14837 26653.3 -4.92303 -80.7996 -96.985 -309.362 -14014.9 -3528.3 4.92303
78.0225 107.051 308.318 -14634.1 24351 -4.84987 -76.0171 -95.787 -308.318 -13871.6 -2628.38 4.84987
72.6585 104.794 307.631 -14286.9 21942.9 -4.75422 -70.8337 -93.5997 -307.631 -13594 -1711.89 4.75422
67.1625 101.765 307.659 -13822.4 19436 -4.63656 -65.3266 -90.6202 -307.659 -13214.2 -760.749 4.63656
61.4267 98.049 308.282 -13271 16815.9 -4.49752 -59.3976 -86.9666 -308.282 -12729.7 210.43 4.49752
55.346 93.6461 310.017 -12630.6 14083.7 -4.3378 -52.9251 -82.6878 -310.017 -12150 1168.72 4.3378
49.1868 88.4877 313.071 -11874 11283 -4.15831 -46.2447 -77.7214 -313.071 -11483.8 2154.99 4.15831
43.192 82.6318 318.914 -11031.3 8459.75 -3.96002 -39.7136 -72.0933 -318.914 -10712.9 3207.64 3.96002
36.9228 76.501 328.304 -10171.4 5578.5 -3.74396 -33.037 -66.1877 -328.304 -9881.64 4258.81 3.74396
30.2555 70.1189 340.737 -9301.27 2694.5 -3.51103 -26.2002 -60.0159 -340.737 -8987.97 5233.41 3.51103
22.2255 63.4813 350.53 -8410.01 -319.512 -3.26188 -18.3538 -53.6237 -350.53 -8048.32 6003.92 3.26188
12.5523 56.8268 356.865 -7533.9 -3495.95 -2.99681 -9.26155 -47.3252 -356.865 -7104 6530.67 2.99681
1.55019 49.8851 360.352 -6600.62 -6803.15 -2.71615 0.919197 -40.8718 -360.352 -6154.62 6848.62 2.71615
-9.92542 42.62 359.477 -5626.12 -10111.9 -2.42079 11.5289 -34.2183 -359.477 -5172.76 7041.96 2.42079
-21.188 35.0514 355.25 -4617.46 -13343.8 -2.11265 21.9844 -27.3445 -355.25 -4151.48 7210.98 2.11265
-31.7598 27.5188 349.814 -3608.75 -16454.8 -1.79443 31.8788 -20.5552 -349.814 -3147.21 7435.66 1.79443
-41.3958 20.164 346.145 -2630.17 -19439.7 -1.46875 41.017 -13.9485 -346.145 -2163.54 7772.18 1.46875
-50.1281 13.1449 345.305 -1688.91 -22306.4 -1.13743 49.4512 -7.62591 -345.305 -1229.65 8215.86 1.13743
-57.9279 6.42372 345.894 -791.921 -25039.6 -0.801422 57.2181 -1.53943 -345.894 -326.578 8750.69 0.801422
-64.8818 0.109874 345.786 48.2115 -27629.1 -0.461185 64.5062 4.12622 -345.786 516.984 9328.48 0.461185
-71.249 -5.75262 343.963 819.93 -30075.5 -0.117219 71.4198 9.21094 -343.963 1283.89 9899.42 0.117219
-77.383 -11.1596 340.551 1522.82 -32392.7 0.229673 78.0394 13.7109 -340.551 1973.42 10416.5 -0.229673
-83.509 -16.0436 336.684 2154.94 -34601.8 0.578337 84.5587 17.6889 -336.684 2586.82 10841.7 -0.578337
-89.7953 -20.4642 332.934 2730.46 -36714.4 0.927247 91.1029 21.3427 -332.934 3146.1 11145.3 -0.927247
-96.3858 -24.4052 329.894 3250.55 -38734.9 1.2745 97.6831 24.724 -329.894 3655.09 11309.5 -1.2745
-103.287 -27.8282 327.507 3710.07 -40652.9 1.61788 104.226 27.781 -327.507 4106.27 11333.2 -1.61788
-110.37 -30.7228 325.451 4104 -42448.3 1.95507 110.627 30.4547 -325.451 4494.87 11229.4 -1.95507
-117.384 -33.0751 323.368 4425.57 -44095.5 2.28383 116.77 32.6707 -323.368 4815.29 11024.2 -2.28383
-124.055 -34.8408 321.154 4665.06 -45569.1 2.60215 122.493 34.328 -321.154 5056.8 10753.6 -2.60215
-130.051 -35.9775 318.928 4814.01 -46846 2.90824 127.678 35.3557 -318.928 5211.97 10457.4 -2.90824
-135.087 -36.4419 316.83 4867.84 -47905.9 3.20056 132.212 35.7219 -316.83 5274.77 10171.2 -3.20056
-138.963 -36.1993 314.958 4823.1 -48732.2 3.47776 135.989 35.4104 -314.958 5241.55 9921.37 -3.47776
-141.565 -35.2259 313.249 4678.56 -49312.2 3.73862 138.943 34.4275 -313.249 5111.06 9720.58 -3.73862
-142.914 -33.5176 311.506 4434.82 -49638.3 3.98203 141.015 32.7812 -311.506 4883.26 9566.32 -3.98203
-143.176 -31.1089 309.557 4093.69 -49709.1 4.20686 142.155 30.466 -309.557 4560.41 9441.6 -4.20686
-142.561 -28.0713 307.38 3659.54 -49527.9 4.41197 142.373 27.4807 -307.38 4148.03 9318.32 -4.41197
-141.286 -24.5112 305.057 3143.91 -49108.4 4.59619 141.812 23.8823 -305.057 3657.53 9159.88 -4.59619
-139.513 -20.5167 302.8 2558.71 -48469.4 4.7584 140.693 19.7365 -302.8 3098.66 8931.06 -4.7584
-137.435 -16.2184 300.742 1923.4 -47625.4 4.8976 139.117 15.2076 -300.742 2493.38 8604.91 -4.8976
-135.183 -11.787 298.927 1266.15 -46582.7 5.01298 137.089 10.5217 -298.927 1869.31 8168.84 -5.01298
-132.728 -7.34735 297.355 607.216 -45339 5.10397 134.569 5.81703 -297.355 1243.12 7630.02 -5.10397
-129.921 -3.0341 296.078 -34.1038 -43889.2 5.1702 131.545 1.19998 -296.078 629.424 7005.81 -5.1702
-126.54 1.06742 295.142 -642.551 -42223.6 5.2115 127.967 -3.2556 -295.142 35.334 6324.72 -5.2115
-122.412 4.87959 294.549 -1202.29 -40332.2 5.22791 123.728 -7.41093 -294.549 -524.57 5616.56 -5.22791
-117.427 8.22102 293.801 -1682.74 -38200.2 5.21962 118.608 -10.9348 -293.801 -1008.87 4912.41 -5.21962
-111.631 11.1113 292.915 -2076.36 -35828.8 5.18702 112.456 -13.7501 -292.915 -1416.99 4228.56 -5.18702
-105.047 13.4115 292.025 -2374.63 -33231.4 5.13064 105.317 -15.8377 -292.025 -1735.26 3568.47 -5.13064
-97.603 14.9898 291.243 -2575.76 -30429.3 5.05104 97.4513 -17.325 -291.243 -1964.85 2927.03 -5.05104
-89.2457 15.6776 290.63 -2674.58 -27442.5 4.94878 89.084 -18.228 -290.63 -2089.53 2300.14 -4.94878
-80.1869 15.5195 290.481 -2667.36 -24296.5 4.82451 80.3106 -18.5319 -290.481 -2117.14 1669.9 -4.82451
-70.6093 14.5753 290.683 -2551.44 -20998 4.67909 70.9445 -18.0899 -290.683 -2038.19 1043.59 -4.67909
-60.7242 12.834 291.43 -2323.38 -17563.5 4.51354 60.9987 -16.7481 -291.43 -1832.96 406.242 -4.51354
-50.7719 10.3205 293.491 -1994.15 -14021.4 4.32878 50.7792 -14.5548 -293.491 -1500.76 -290.639 -4.32878
-41.1102 6.74185 298.369 -1523.27 -10418 4.1256 40.7349 -11.3507 -298.369 -1018.59 -1114.08 -4.1256
-31.851 2.38835 307.479 -946.42 -6781.94 3.90492 31.0044 -7.52813 -307.479 -446.621 -2070.48 -3.90492
-23.2158 -2.51561 327.412 -281.498 -3255.27 3.66797 21.8372 -3.25879 -327.412 177.5 -3083.46 -3.66797
-14.2183 -7.69515 356.022 436.739 168.635 3.41608 12.2718 1.34644 -356.022 834.477 -3884.77 -3.41608
-2.58937 -13.5225 377.075 1277.49 3954.87 3.15022 0.0257756 6.79925 -377.075 1579.16 -4300.18 -3.15022
12.4601 -19.0468 380.895 2061.04 8191.72 2.87072 -15.5873 12.1971 -380.895 2330.85 -4213.16 -2.87072
27.1178 -24.1247 364.451 2762.1 12187.3 2.57776 -30.6259 17.3593 -364.451 3068.98 -4023.7 -2.57776
39.6631 -28.9419 343.192 3451.23 15789.3 2.27263 -43.369 22.4076 -343.192 3766.19 -4062.59 -2.27263
49.9853 -33.5267 330.661 4125.89 19129.3 1.95851 -53.8345 27.3185 -330.661 4425.96 -4471.77 -1.95851
58.4427 -37.831 331.921 4769.77 22284.5 1.63947 -62.4539 32.0011 -331.921 5045.28 -5214.97 -1.63947
65.6012 -41.62 340.339 5345.24 25258.8 1.31873 -69.7601 36.1994 -340.339 5592.78 -6142.34 -1.31873
72.1949 -44.667 346.606 5818.77 28044.2 0.997946 -76.4366 39.6746 -346.606 6036.28 -7049.26 -0.997946
78.8289 -46.8797 345.222 6170.08 30654.5 0.677668 -83.1626 42.2972 -345.222 6364.66 -7771.8 -0.677668
85.8262 -48.2656 337.386 6388.86 33129.8 0.358153 -90.3983 44.0075 -337.386 6580.84 -8240.36 -0.358153
93.1937 -48.8528 328.135 6480.23 35503.1 0.0399749 -98.1578 44.7624 -328.135 6677.82 -8483.49 -0.0399749
100.736 -48.7679 322.314 6468.04 37775.1 -0.275766 -106.089 44.6731 -322.314 6665.3 -8576.18 0.275766
108.125 -47.9024 320.995 6336.62 39906.3 -0.5875 -113.722 43.6923 -320.995 6537.21 -8590.46 0.5875
114.92 -46.2481 322.446 6090.61 41831.3 -0.893337 -120.665 41.8995 -322.446 6298.82 -8578.34 0.893337
120.752 -43.8129 323.887 5736.17 43485.3 -1.19123 -126.626 39.3696 -323.887 5955.5 -8569.36 1.19123
125.502 -40.7091 323.142 5294.49 44823.9 -1.47918 -131.344 36.2247 -323.142 5518.93 -8573.63 1.47918
129.232 -37.0372 319.975 4775.85 45841.6 -1.75542 -134.76 32.533 -319.975 5002.55 -8585.67 1.75542
132.072 -32.9832 315.804 4197.17 46564.8 -2.01857 -137.062 28.4265 -315.804 4434.18 -8586.45 2.01857
134.109 -28.6509 312.337 3573.43 47029.6 -2.26757 -138.572 23.9726 -312.337 3823.01 -8553.54 2.26757
135.476 -24.1953 310.234 2922.48 47262.8 -2.50167 -139.536 19.3015 -310.234 3191.25 -8459.88 2.50167
136.303 -19.8206 309.192 2273.47 47272.9 -2.72034 -140.041 14.6171 -309.192 2567.07 -8283.79 2.72034
136.588 -15.6863 308.382 1651.03 47051.1 -2.92321 -140.069 10.099 -308.382 1973.5 -8019.82 2.92321
136.252 -11.907 307.103 1078 46581.8 -3.10998 -139.501 5.91126 -307.103 1426.84 -7680.56 3.10998
135.144 -8.61752 305.208 579.292 45851.3 -3.28041 -138.216 2.25261 -305.208 949.048 -7290.49 3.28041
133.101 -5.9189 302.974 173.276 44850.5 -3.4342 -136.111 -0.736652 -302.974 555.698 -6877.72 3.4342
130.076 -3.9266 300.785 -125.199 43576.7 -3.57105 -133.053 -2.95635 -300.785 262.238 -6464.42 3.57105
126.093 -2.8044 298.763 -301.68 42032.3 -3.69065 -128.967 -4.31934 -298.763 89.4612 -6060.27 3.69065
121.217 -2.62013 296.93 -349.116 40228.9 -3.79275 -123.903 -4.78948 -296.93 44.9204 -5660.48 3.79275
115.555 -3.41066 295.137 -261.86 38183.6 -3.87719 -117.977 -4.29519 -295.137 138.202 -5251 3.87719
109.202 -5.1801 293.183 -35.7909 35916.7 -3.94392 -111.355 -2.7966 -293.183 371.359 -4815.41 3.94392
102.277 -7.91063 291.168 329.357 33449.1 -3.99301 -104.138 -0.279189 -291.168 743.656 -4343.54 3.99301
94.9493 -11.5868 289.484 829.105 30804.6 -4.02463 -96.3841 3.25988 -289.484 1257.79 -3827.32 4.02463
87.2489 -16.1379 288.127 1453.1 27997.8 -4.03912 -88.1319 7.74802 -288.127 1903.96 -3271.37 4.03912
79.2207 -21.4628 287.613 2182.49 25050.3 -4.03692 -79.5011 13.0672 -287.613 2670.26 -2674.12 4.03692
70.7981 -27.5463 287.869 3022.58 21968.7 -4.01846 -70.5175 19.1955 -287.869 3546.09 -2048 4.01846
61.8275 -34.2728 288.823 3974.84 18747.6 -3.98414 -61.0858 26.038 -288.823 4500.46 -1422.45 3.98414
52.3254 -41.2236 290.65 4956.99 15394.4 -3.93433 -51.1471 33.2164 -290.65 5503.69 -810.945 3.93433
42.4278 -47.6923 293.259 5867.93 11966.6 -3.86927 -40.8855 40.0317 -293.259 6459.58 -226.036 3.86927
32.3856 -54.2392 302.365 6819.02 8523.74 -3.78915 -30.6398 47.0041 -302.365 7408.63 356.107 3.78915
22.8623 -59.9496 315.783 7636.28 5201.93 -3.69424 -21.0693 53.1685 -315.783 8260.87 984.045 3.69424
12.9705 -65.5544 332.951 8471.21 1876.92 -3.58517 -11.2327 59.1898 -332.951 9060.78 1524.77 3.58517
1.8835 -70.8015 345.741 9292.67 -1594.94 -3.46274 -0.18259 64.7437 -345.741 9758.02 1872.72 3.46274
-11.0561 -75.14 350.051 9978.15 -5334.31 -3.32745 12.7714 69.2691 -350.051 10318.7 1960.35 3.32745
-25.0035 -78.2112 345.892 10428 -9182.07 -3.17902 26.6859 72.4513 -345.892 10747.7 1880.94 3.17902
-37.9613 -80.2658 338.149 10732 -12819.5 -3.01688 39.5005 74.5892 -338.149 11032.6 1885.93 3.01688
-49.508 -81.2753 329.64 10868.7 -16233.6 -2.84111 50.7718 75.6747 -329.64 11190.1 2083.75 2.84111
-59.5607 -81.7644 326.689 10941.6 -19422.8 -2.653 60.4222 76.2455 -326.689 11266.1 2493.88 2.653
-68.3411 -81.6749 328.279 10961 -22405.9 -2.4545 68.6652 76.2675 -328.279 11237.4 3073.61 2.4545
-76.7264 -80.6159 331.075 10838 -25255.9 -2.24743 76.3379 75.3912 -331.075 11088.7 3655.7 2.24743
-85.338 -78.5788 331.745 10566.2 -28007.9 -2.03299 84.0879 73.639 -331.745 10828 4098.42 2.03299
-94.4061 -75.5402 329.495 10148.8 -30675.1 -1.81173 92.1574 71.015 -329.495 10449.4 4349.05 1.81173
-103.674 -71.5362 326.035 9604.63 -33250.3 -1.58382 100.475 67.583 -326.035 9948.36 4446.02 1.58382
-112.715 -66.5929 322.99 8937 -35710.9 -1.34944 108.855 63.3788 -322.99 9330.22 4452.23 1.34944
-121.092 -60.6606 321.461 8141.9 -38021.8 -1.10901 116.957 58.3552 -321.461 8585.5 4440.97 1.10901
-128.42 -53.8457 321.821 7239.13 -40135.8 -0.863366 124.386 52.6128 -321.821 7723.45 4474.62 0.863366
-134.464 -46.2173 323.218 6236.44 -42006.1 -0.613703 130.797 46.1482 -323.218 6745.49 4587.91 0.613703
-139.279 -37.8344 324.497 5123.03 -43610.3 -0.361455 136.067 38.8795 -324.497 5659.12 4768.8 0.361455
-142.82 -28.4212 324.702 3862.08 -44928.7 -0.108081 140.042 30.4222 -324.702 4408.46 5025.91 0.108081
-145.262 -18.2735 323.028 2484.97 -45966.4 0.145084 142.908 21.0322 -323.028 3039.62 5314.64 -0.145084
-146.924 -7.4911 321.186 999.5 -46763.9 0.396886 144.964 10.8262 -321.186 1575.31 5587.42 -0.396886
-148.02 3.67658 320.324 -546.629 -47348.9 0.64631 146.471 0.112423 -320.324 46.1771 5804.72 -0.64631
-148.604 15.0819 320.666 -2127.43 -47727.8 0.892453 147.512 -10.8994 -320.666 -1523.54 5953.49 -0.892453
-148.739 26.2268 321.579 -3691.14 -47894.8 1.1345 148.084 -21.705 -321.579 -3044.85 6019.76 -1.1345
-148.323 37.0115 321.989 -5213.46 -47824.2 1.37172 147.996 -32.2548 -321.989 -4521.01 6020.01 -1.37172
-147.196 47.2084 321.32 -6656.23 -47495.5 1.6034 147.127 -42.3643 -321.32 -5932.18 5973.31 -1.6034
-145.046 56.3626 320.042 -7966.82 -46889.7 1.82882 145.29 -51.5901 -320.042 -7204.84 5930.47 -1.82882
-141.843 64.5392 318.346 -9150.2 -46003.3 2.04717 142.433 -59.9911 -318.346 -8351.36 5899.35 -2.04717
-137.665 71.6379 316.598 -10189.6 -44843.2 2.25753 138.539 -67.4353 -316.598 -9355.87 5877.89 -2.25753
-132.639 77.4927 314.983 -11052.6 -43423.6 2.45894 133.664 -73.6996 -314.983 -10196 5854.72 -2.45894
-126.831 81.928 313.506 -11718 -41757 2.65044 127.876 -78.5772 -313.506 -10839.3 5823.33 -2.65044
-120.361 84.7317 311.803 -12156.2 -39864.2 2.83113 121.339 -81.8682 -311.803 -11257.5 5764.85 -2.83113
-113.337 85.7712 309.628 -12345.2 -37768.3 3.00014 114.246 -83.4758 -309.628 -11440.4 5659.85 -3.00014
-105.888 84.9456 306.8 -12270.2 -35490.6 3.15667 106.716 -83.3247 -306.8 -11377.8 5495.26 -3.15667
-98.0735 82.2239 303.702 -11925 -33048.1 3.3 98.7585 -81.366 -303.702 -11065 5277.92 -3.3
-89.8104 77.6191 300.832 -11309.6 -30453.5 3.42947 90.4211 -77.5797 -300.832 -10500.9 5025.01 -3.42947
-80.9965 71.1912 298.499 -10429.4 -27715.9 3.5444 81.7296 -71.9511 -298.499 -9686.44 4756.32 -3.5444
-71.5577 63.0328 296.612 -9293.76 -24836.6 3.6441 72.6001 -64.4726 -296.612 -8624.31 4495.51 -3.6441
-61.5552 53.2839 294.853 -7919.19 -21821.2 3.72791 62.93 -55.2348 -294.853 -7330.45 4253.8 -3.72791
-51.0957 42.081 293.324 -6332.72 -18682.7 3.79528 52.6626 -44.4053 -293.324 -5820.51 4037.21 -3.79528
-40.349 29.5981 292.295 -4564.25 -15448.3 3.84576 41.9742 -32.2209 -292.295 -4122.37 3824.39 -3.84576
-29.5104 15.7578 293.012 -2632.2 -12161.5 3.87907 31.1409 -18.6114 -293.012 -2196.97 3592.11 -3.87907
-19.2606 0.388652 297.967 -523.954 -8914.6 3.89503 20.9312 -3.3706 -297.967 -3.96802 3229.23 -3.89503
-10.4865 -15.41 310.33 1649.31 -5818.33 3.89344 12.2387 12.4363 -310.33 2264.03 2596.56 -3.89344
-3.19822 -30.4626 330.932 3745.78 -2902.04 3.87392 5.05045 27.6313 -330.932 4418.57 1724.73 -3.87392
4.62159 -44.4337 350.568 5748.24 49.935 3.83598 -2.61402 41.8427 -350.568 6377.45 960.573 -3.83598
14.9454 -56.4264 357.708 7526.03 3297.53 3.77947 -12.761 54.1193 -357.708 8011.08 602.309 -3.77947
28.141 -66.318 351.355 8991.78 6883.93 3.70469 -25.8214 64.2632 -351.355 9361.28 717.089 -3.70469
42.0854 -74.3285 339.287 10177.7 10481.7 3.6118 -39.774 72.4412 -339.287 10450.2 1049.52 -3.6118
54.9668 -80.3746 327.91 11059.3 13909.1 3.50054 -52.7985 78.5738 -327.91 11279.8 1271.38 -3.50054
65.7265 -84.5415 321.644 11656.6 17087 3.37074 -63.7044 82.7563 -321.644 11855.8 1147 -3.37074
73.832 -86.9217 322.192 11991.5 19944.6 3.22324 -71.8989 85.0703 -322.192 12180.8 589.966 -3.22324
79.7017 -87.3495 326.447 12053.8 22503.9 3.05975 -77.8804 85.3526 -326.447 12218.7 -293.004 -3.05975
84.1417 -85.7846 329.334 11839.7 24809.1 2.88215 -82.5429 83.6086 -329.334 11968 -1308.43 -2.88215
88.209 -82.023 329.074 11309.3 26959 2.69199 -87.0141 79.6921 -329.074 11419.3 -2249.27 -2.69199
92.7743 -76.3574 325.296 10493.3 29030.7 2.49041 -92.0796 73.9238 -325.296 10628.1 -2960.46 -2.49041
98.201 -69.0743 321.009 9437.5 31071.3 2.27822 -98.0241 66.6137 -321.009 9632.82 -3397.08 -2.27822
103.974 -60.3639 318.909 8193.52 33045.8 2.05615 -104.432 57.985 -318.909 8439.88 -3653.99 -2.05615
109.534 -50.4051 319.007 6774.34 34892.4 1.82503 -110.757 48.2276 -319.007 7088.17 -3824.51 -1.82503
114.172 -39.6186 321.84 5265.54 36523.2 1.58595 -116.237 37.7643 -321.84 5610.61 -4026.91 -1.58595
117.511 -28.0201 325.979 3658.35 37875.2 1.3403 -120.41 26.594 -325.979 4017.96 -4316.57 -1.3403
119.322 -15.8209 328.03 1983.15 38886.4 1.08987 -122.928 14.8711 -328.03 2331.14 -4714.37 -1.08987
119.75 -3.25152 327.893 259.342 39568.4 0.836606 -124.018 2.7757 -327.893 588.536 -5179.65 -0.836606
118.981 9.27165 326.026 -1463.02 39946.8 0.582436 -123.973 -9.30383 -326.026 -1146.79 -5670.78 -0.582436
117.317 21.4297 323.776 -3145.44 40062 0.329125 -123.083 -21.0521 -323.776 -2824.18 -6144.25 -0.329125
115.163 32.9682 322.758 -4762.87 39959 0.0782473 -121.598 -32.2131 -322.758 -4397.01 -6552.18 -0.0782473
112.705 43.7638 322.503 -6280.85 39652.2 -0.168778 -119.651 -42.6977 -322.503 -5869.84 -6864.46 0.168778
109.969 53.6759 322.312 -7679.54 39143.7 -0.410671 -117.369 -52.3981 -322.312 -7227.63 -7062.18 0.410671
106.874 62.4521 321.828 -8934.78 38422.6 -0.646295 -114.643 -61.0889 -321.828 -8427.32 -7161.12 0.646295
103.383 70.1342 320.548 -10049.5 37476.5 -0.874634 -111.364 -68.8084 -320.548 -9477.21 -7169.8 0.874634
99.4178 76.6469 318.535 -10999.1 36300.6 -1.09474 -107.47 -75.4315 -318.535 -10373.6 -7102.75 1.09474
94.8413 81.7394 316.013 -11743.2 34892.4 -1.30568 -102.865 -80.6354 -316.013 -11076.4 -6990.3 1.30568
89.5787 85.2355 313.437 -12250.3 33258 -1.50651 -97.4887 -84.1652 -313.437 -11556.5 -6856.94 1.50651
83.6576 87.0838 311.208 -12510.2 31409.5 -1.69627 -91.3336 -85.9118 -311.208 -11801.6 -6712.06 1.69627
77.2473 87.2766 309.329 -12518.7 29371.9 -1.87406 -84.5245 -85.8494 -309.329 -11811.4 -6539.04 1.87406
70.4796 85.8686 307.297 -12289.1 27164.9 -2.03906 -77.2398 -84.0965 -307.297 -11596.5 -6314.23 2.03906
63.5047 82.848 304.841 -11830.8 24813.9 -2.19064 -69.6407 -80.7998 -304.841 -11166.8 -6019.3 2.19064
56.4867 78.2291 302.251 -11158.5 22346 -2.32832 -61.8016 -76.1478 -302.251 -10536 -5647.74 2.32832
49.5079 72.088 300.031 -10290.9 19785.3 -2.45183 -53.7733 -70.301 -300.031 -9718.68 -5204.68 2.45183
42.595 64.5409 298.51 -9240.26 17151.3 -2.56102 -45.571 -63.3391 -298.51 -8730.11 -4703.53 2.56102
35.7117 55.6873 297.838 -8005.98 14460.4 -2.65586 -37.2689 -55.2716 -297.838 -7586.29 -4155.38 2.65586
28.7688 45.6165 298.204 -6592.3 11728.7 -2.73652 -28.9881 -46.0851 -298.204 -6293.65 -3571.83 2.73652
21.7513 34.3889 299.922 -5038.05 8982.56 -2.8033 -20.9993 -35.7349 -299.922 -4815.54 -2943.34 2.8033
14.838 21.823 305.18 -3310.07 6285.01 -2.85663 -13.7279 -23.935 -305.18 -3119.52 -2247.98 2.85663
8.79792 7.89307 317.746 -1425.26 3732.22 -2.89695 -7.89291 -10.6218 -317.746 -1176.13 -1373.2 2.89695
3.87044 -6.97296 340.413 526.407 1356.39 -2.92469 -3.44396 3.71962 -340.413 976.621 -325.457 2.92469
-3.43427 -22.2745 359.405 2599.83 -1284.65 -2.94003 3.36905 18.5041 -359.405 3131.47 320.13 2.94003
-15.015 -36.77 363.435 4606.41 -4441.6 -2.94254 14.4882 32.4531 -363.435 5122.7 276.171 2.94254
-29.2876 -49.6615 353.614 6386.04 -7874.08 -2.93119 28.3919 44.8326 -353.614 6894.81 -259.918 2.93119
-42.796 -61.0786 337.537 7972 -11125.2 -2.90516 41.7827 55.8784 -337.537 8465.66 -796.179 2.90516
-53.8472 -71.5804 325.621 9455.22 -14075.2 -2.86458 52.9775 66.2126 -325.621 9910.55 -979.372 2.86458
-61.9604 -81.3145 322.357 10858.9 -16702.9 -2.81077 61.368 75.968 -322.357 11246.1 -679.015 2.81077
-67.3548 -89.9968 325.663 12127.3 -19010.9 -2.74574 67.0063 84.7637 -325.663 12434.5 69.1141 2.74574
-70.8709 -97.2877 329.428 13198.8 -21034.1 -2.67143 70.5955 92.1511 -329.428 13426.4 1083.97 2.67143
-73.7701 -102.976 329.365 14038.8 -22866 -2.58915 73.3838 97.8329 -329.365 14184.7 2108.13 2.58915
-77.007 -107.072 324.622 14641.8 -24600.7 -2.49953 76.4207 101.76 -324.622 14709.1 2954.79 2.49953
-81.4195 -109.631 317.527 15001 -26342.7 -2.40275 80.6021 104.02 -317.527 15026.6 3484.41 2.40275
-87.2473 -110.743 311.205 15140.7 -28137.4 -2.29871 86.1665 104.772 -311.205 15148.3 3674.46 2.29871
-94.1813 -110.463 307.904 15079.7 -29964.5 -2.18717 92.7834 104.181 -307.904 15086.6 3593.32 2.18717
-101.507 -108.674 307.765 14807.3 -31750.2 -2.06786 99.7293 102.243 -307.765 14835.1 3369.03 2.06786
-108.292 -105.299 309.278 14316.2 -33389.6 -1.94075 106.175 98.9428 -309.278 14388.2 3144.38 1.94075
-113.638 -100.372 310.393 13618.4 -34772.6 -1.80613 111.319 94.2949 -310.393 13740.4 3049.18 1.80613
-117.096 -93.9108 309.96 12710.2 -35843.3 -1.66456 114.723 88.2504 -309.96 12891 3152.36 1.66456
-118.719 -86.1558 308.644 11622.1 -36606.6 -1.51679 116.479 80.9903 -308.644 11868.9 3438.58 1.51679
-118.823 -77.2084 306.815 10362.6 -37099.5 -1.36363 116.973 72.5702 -306.815 10687.4 3845.66 1.36363
-117.778 -67.0945 305.797 8940.11 -37373.1 -1.20586 116.623 62.9665 -305.797 9338.72 4313.84 1.20586
-115.984 -56.0178 305.852 7390.69 -37466.1 -1.04407 115.8 52.3631 -305.852 7841.32 4773.07 1.04407
-114.066 -44.5038 306.962 5782.04 -37418.6 -0.878646 114.927 41.3295 -306.962 6281.19 5116.47 0.878646
-112.217 -32.4841 308.49 4113 -37235.8 -0.709797 114.087 29.8784 -308.49 4651.7 5310.86 0.709797
-110.267 -19.8352 309.291 2372.13 -36890.8 -0.537669 113.073 17.926 -309.291 2935.16 5382.9 0.537669
-108.133 -6.88051 309.22 599.117 -36361.4 -0.362477 111.671 5.77209 -309.22 1179.52 5351.94 0.362477
-105.628 6.20661 309.75 -1179.25 -35635.6 -0.184593 109.699 -6.4811 -309.75 -603.273 5257.6 0.184593
-102.397 18.8184 310.527 -2901.21 -34680.2 -0.00456837 106.899 -18.3466 -310.527 -2321.21 5152.31 0.00456837
-98.3092 30.5793 311.969 -4514.26 -33486.9 0.176905 103.135 -29.5313 -311.969 -3932.91 5065.5 -0.176905
-93.1262 41.2206 312.91 -5992.78 -32027.7 0.35906 98.1719 -39.7686 -312.91 -5388.7 5035.9 -0.35906
-86.9417 50.7312 313.434 -7322.33 -30319.4 0.541141 92.1804 -49.0057 -313.434 -6694.02 5043.37 -0.541141
-79.8597 59.106 312.608 -8502.29 -28374.4 0.722452 85.3039 -57.1776 -312.608 -7839.47 5065.64 -0.722452
-72.1235 66.0845 310.728 -9496.86 -26226.8 0.902334 77.7055 -64.0087 -310.728 -8785.58 5079.69 -0.902334
-64.0539 71.3504 309.061 -10247 -23934.2 1.08011 69.6708 -69.2028 -309.061 -9505.34 5057.15 -1.08011
-55.8602 74.9325 307.554 -10755.7 -21523.7 1.25508 61.4158 -72.782 -307.554 -10003.1 4965.59 -1.25508
-47.8443 76.7193 306.934 -10994.6 -19044.2 1.42657 53.2288 -74.6139 -306.934 -10272.6 4770.72 -1.42657
-39.9681 76.7565 306.246 -10971.1 -16495.7 1.59391 45.1005 -74.7285 -306.246 -10317.4 4479.39 -1.59391
-32.1402 75.1636 305.746 -10710.8 -13873.2 1.75647 36.9006 -73.2342 -305.746 -10143.7 4117.66 -1.75647
-24.3278 72.0475 306.73 -10240.5 -11189.7 1.91359 28.619 -70.244 -306.73 -9755.83 3704.29 -1.91359
-16.5286 67.3054 307.512 -9529.14 -8460.58 2.06469 20.2703 -65.6668 -307.512 -9157.48 3253.16 -2.06469
-8.97871 61.0524 310.143 -8587.34 -5728.77 2.20928 12.0895 -59.6006 -310.143 -8367.99 2740.91 -2.20928
-1.42043 53.7022 316.33 -7490 -2984.33 2.34694 3.93125 -52.371 -316.33 -7416.45 2214.18 -2.34694
5.76395 45.5182 326.858 -6284.74 -301.518 2.4772 -3.76933 -44.1538 -326.858 -6316.84 1632.77 -2.4772
12.9781 36.7028 341.155 -5034.02 2372.1 2.59949 -11.4004 -35.0906 -341.155 -5055.01 1055.87 -2.59949
21.3395 27.3294 355.938 -3752.46 5249.54 2.71307 -20.0445 -25.2593 -355.938 -3637.46 579.509 -2.71307
32.7343 16.7282 365.973 -2279.35 8530.02 2.8167 -31.5309 -14.0629 -365.973 -2047.13 525.579 -2.8167
45.1312 5.55772 361.486 -704.584 11772.6 2.90849 -43.8669 -2.28656 -361.486 -397.108 768.146 -2.90849
56.0667 -4.17363 343.79 654.104 14659.8 2.98643 -54.6551 7.93902 -343.79 1048.78 940.764 -2.98643
65.3786 -12.2403 329.297 1765.73 17295.6 3.04937 -63.8378 16.3243 -329.297 2249.08 910.279 -3.04937
73.0254 -18.5263 325.266 2648.39 19746 3.09728 -71.4044 22.749 -325.266 3152.7 605.332 -3.09728
79.0177 -23.1076 329.498 3301.14 22000.8 3.13065 -77.2921 27.3408 -329.498 3789.25 29.3294 -3.13065
83.8618 -25.9065 335.856 3704.62 24056.8 3.14993 -82.0373 30.0866 -335.856 4165.25 -669.369 -3.14993
87.9285 -26.8929 337.997 3852.55 25907.7 3.15534 -86.132 31.0052 -337.997 4285.22 -1364.99 -3.15534
91.7877 -26.1964 334.367 3762.38 27595.2 3.14675 -90.1497 30.2627 -334.367 4173.16 -1939.6 -3.14675
95.786 -23.9661 327.966 3456.77 29171.9 3.1236 -94.4109 28.0156 -327.966 3849.46 -2351.44 -3.1236
99.9662 -20.4897 323.033 2976.55 30672.6 3.0852 -99.0311 24.5237 -323.033 3350.31 -2611.72 -3.0852
104.047 -15.8614 321.782 2333.83 32081.7 3.03092 -103.752 19.8596 -321.782 2687.09 -2779.66 -3.03092
107.604 -10.1527 323.746 1539.38 33340.3 2.96036 -108.057 14.0861 -323.746 1867.91 -2928.54 -2.96036
110.252 -3.5051 326.376 613.189 34372.5 2.87343 -111.389 7.34671 -326.376 912.775 -3115.73 -2.87343
111.684 3.7975 327.633 -407.696 35122 2.77041 -113.417 -0.0681777 -327.633 -134.686 -3375.38 -2.77041
111.84 11.4433 326.75 -1480.87 35569.4 2.65188 -114.038 -7.84246 -326.75 -1228.62 -3711.77 -2.65188
110.867 19.2979 324.54 -2586.4 35730.3 2.51868 -113.307 -15.8343 -324.54 -2350.12 -4111.21 -2.51868
109.041 26.9995 322.572 -3680.67 35647.8 2.37179 -111.532 -23.71 -322.572 -3445.06 -4534.55 -2.37179
106.693 34.2986 321.63 -4734.95 35366 2.21221 -109.056 -31.2516 -321.63 -4476.51 -4930.87 -2.21221
104.089 41.0914 321.386 -5725.43 34915.1 2.04091 -106.152 -38.3474 -321.386 -5437.98 -5254.46 -2.04091
101.407 47.2917 321.011 -6635.75 34314.3 1.85877 -103.046 -44.8745 -321.011 -6316.42 -5468.43 -1.85877
98.6593 52.7091 320.495 -7436.48 33575.2 1.66666 -99.82 -50.6018 -320.495 -7082.03 -5570.84 -1.66666
95.7762 57.3912 319.517 -8127.39 32695.8 1.46542 -96.4594 -55.5288 -319.517 -7741.59 -5571.82 -1.46542
92.6204 61.2535 318.151 -8691.67 31671 1.25598 -92.8343 -59.5181 -318.151 -8280.73 -5503.53 -1.25598
88.9471 64.2002 316.533 -9115.51 30486.4 1.03935 -88.7056 -62.4557 -316.533 -8683.79 -5419.56 -1.03935
84.5819 66.2178 315.172 -9400.93 29137.8 0.816686 -83.9285 -64.3612 -315.172 -8949.63 -5360.2 -0.816686
79.467 67.2436 314.241 -9541.34 27631.5 0.589311 -78.4796 -65.2206 -314.241 -9074.1 -5343.12 -0.589311
73.6742 67.2811 313.524 -9540.48 25981.5 0.358622 -72.4075 -65.0816 -313.524 -9060.63 -5365.33 -0.358622
67.4665 66.3724 312.708 -9405.83 24211.1 0.126063 -65.7639 -64.0131 -312.708 -8917.34 -5406.11 -0.126063
61.1375 64.54 311.658 -9139.28 22356.9 -0.106913 -58.7509 -62.0564 -311.658 -8651.3 -5432.33 0.106913
54.8154 61.87 310.386 -8757.66 20453.5 -0.338869 -51.7121 -59.3436 -310.386 -8276.36 -5412.23 0.338869
48.6011 58.4167 309.169 -8271.79 18534.5 -0.568412 -44.942 -55.9685 -309.169 -7802.49 -5323.86 0.568412
42.6258 54.2183 308.231 -7686.57 16623.9 -0.794202 -38.5187 -51.9819 -308.231 -7237.33 -5161.57 0.794202
36.9515 49.2869 307.939 -6999.27 14736.2 -1.01495 -32.427 -47.4001 -307.939 -6587.62 -4933.26 1.01495
31.4662 43.6208 308.147 -6211.78 12871.1 -1.2294 -26.6391 -42.2348 -308.147 -5852.89 -4658.31 1.2294
25.9979 37.1801 308.447 -5328.33 11020.1 -1.43637 -21.0252 -36.4059 -308.447 -5012.02 -4370.52 1.43637
20.4883 29.9851 308.983 -4357.6 9182.89 -1.63477 -15.5142 -29.8666 -308.983 -4052.66 -4087.86 1.63477
15.0156 21.9798 310.413 -3274.48 7377.88 -1.8236 -10.1396 -22.4927 -310.413 -2974.56 -3812.9 1.8236
9.68708 13.252 313.109 -2084.69 5626.57 -2.00204 -4.91463 -14.2678 -313.109 -1782.11 -3550.22 2.00204
4.90973 4.13805 317.568 -839.801 3982.99 -2.16941 -0.136974 -5.41211 -317.568 -501.832 -3254.96 2.16941
0.820149 -4.92757 324.793 396.361 2480.72 -2.32525 4.08525 3.7028 -324.793 816.909 -2926.39 2.32525
-3.0229 -14.101 330.315 1666.16 1046.07 -2.46915 8.08711 13.2233 -330.315 2174.18 -2600.01 2.46915
-7.25638 -22.553 330.083 2857.89 -396.832 -2.60066 12.4176 22.2286 -330.083 3435.79 -2366.33 2.60066
-12.1232 -30.2596 326.227 3965.68 -1869.26 -2.71905 17.3435 30.5354 -326.227 4578.36 -2275.24 2.71905
-17.191 -37.0127 321.832 4946.64 -3318.85 -2.82337 22.4998 37.7941 -321.832 5566.45 -2267.07 2.82337
-22.0855 -42.7811 319.341 5791.28 -4733.38 -2.91266 27.5497 43.9075 -319.341 6391.54 -2254.22 2.91266
-26.3777 -47.3732 319.62 6461.53 -6074.48 -2.98629 32.0141 48.7248 -319.62 7043.66 -2147.71 2.98629
-29.5854 -50.5004 319.174 6920.19 -7238.03 -3.04398 35.3442 52.0525 -319.174 7492.16 -1906.68 3.04398
-31.5623 -52.0782 317.113 7158.49 -8196.07 -3.08569 37.4229 53.8847 -317.113 7733.05 -1521.96 3.08569
-32.5642 -52.0965 314.136 7180.16 -8957.17 -3.11148 38.4501 54.2227 -314.136 7761.37 -1049.02 3.11148
-33.267 -50.5805 311.973 6987.27 -9587.53 -3.12144 38.951 53.0403 -311.973 7574.97 -590.484 3.12144
-34.1553 -47.522 311.019 6565.59 -10151 -3.11561 39.3768 50.2764 -311.019 7178.38 -213.996 3.11561
-35.4555 -43.0235 311.109 5932.02 -10670.7 -3.09388 40.0529 46.0121 -311.109 6580.47 26.0015 3.09388
-37.1771 -37.1475 312.061 5105.56 -11151.5 -3.05603 41.0439 40.3294 -312.061 5782.54 123.976 3.05603
-39.2664 -29.8226 313.292 4083.13 -11592.8 -3.00186 42.3871 33.2089 -313.292 4774.91 81.668 3.00186
-41.3737 -20.9688 314.599 2866.99 -11964.5 -2.93132 43.7644 24.6337 -314.599 3541.74 -37.1737 2.93132
-43.0962 -10.4366 316.648 1443.61 -12240.2 -2.84464 44.8693 14.4503 -316.648 2054.08 -159.424 2.84464
-43.8922 1.41402 319.992 -129.546 -12370 -2.74225 45.2607 2.97029 -319.992 348.835 -197.158 2.74225
-43.3606 13.9289 322.868 -1780.16 -12309.7 -2.62486 44.4839 -9.19537 -322.868 -1468.69 -74.094 2.62486
-41.7394 26.0612 325.383 -3414.89 -12083.6 -2.49338 42.721 -21.0374 -325.383 -3203.09 175.082 2.49338
-39.4887 37.403 328.809 -4975.85 -11745.1 -2.34897 40.4289 -32.1798 -328.809 -4802.1 474.805 2.34897
-36.8564 48.0739 331.891 -6480.79 -11320.1 -2.19298 37.8622 -42.7707 -331.891 -6285.5 780.483 2.19298
-34.107 57.8445 332.699 -7878.11 -10829.2 -2.02698 35.2756 -52.5814 -332.699 -7640.4 1040.13 2.02698
-31.4163 66.6856 332.873 -9154.22 -10301.6 -1.85261 32.8119 -61.5542 -332.873 -8868.13 1237.85 1.85261
-28.7457 74.5248 331.997 -10298.9 -9731.57 -1.67141 30.4565 -69.5801 -331.997 -9953.37 1375.59 1.67141
-26.2078 81.1263 331.006 -11259.2 -9147.8 -1.48477 28.3195 -76.3955 -331.006 -10878.8 1450.48 1.48477
-23.6598 86.4828 330.678 -12040.1 -8530.82 -1.29399 26.189 -81.9383 -330.678 -11629.8 1492.8 1.29399
-20.9157 90.5942 330.616 -12641.4 -7848.36 -1.10032 23.812 -86.153 -330.616 -12198.9 1531.95 1.10032
-17.9936 93.3153 330.031 -13037.8 -7099.9 -0.904894 21.1437 -88.9061 -330.031 -12571.9 1571.27 0.904894
-15.024 94.5395 328.892 -13211.3 -6311.44 -0.708839 18.3208 -90.1376 -328.892 -12743.5 1599.2 0.708839
-12.1066 94.2553 327.295 -13161.4 -5490.97 -0.513208 15.4119 -89.8598 -327.295 -12714.2 1600.05 0.513208
-9.328 92.4928 325.536 -12893.4 -4653.46 -0.31896 12.5063 -88.0861 -325.536 -12485.1 1564.06 0.31896
-6.66821 89.3184 323.858 -12413.8 -3804.57 -0.126932 9.72802 -84.8592 -323.858 -12064.9 1482.22 0.126932
-4.1495 84.8459 322.709 -11741.4 -2953.53 0.0621785 7.10183 -80.2882 -322.709 -11466.1 1357.1 -0.0621785
-1.80417 79.2262 322.367 -10903 -2094.18 0.24781 4.55488 -74.5355 -322.367 -10706.1 1188.25 -0.24781
0.323545 72.5427 322.401 -9912.22 -1243.25 0.429513 2.0955 -67.7322 -322.401 -9801.29 985.029 -0.429513
2.39432 64.8719 322.58 -8788.45 -386.849 0.606908 -0.296324 -60.0002 -322.58 -8760.22 758.923 -0.606908
4.41684 56.4065 322.294 -7562 447.034 0.779677 -2.59158 -51.534 -322.294 -7606.95 535.051 -0.779677
6.30469 47.2986 322.885 -6259.34 1266.78 0.94757 -4.82363 -42.4517 -322.885 -6353.05 297.562 -0.94757
8.03954 37.6073 324.402 -4899.78 2078.78 1.11038 -7.0475 -32.7668 -324.402 -4989.49 45.2327 -1.11038
9.70778 27.6612 326.45 -3529.38 2873.26 1.26786 -9.30897 -22.7657 -326.45 -3556.57 -193.61 -1.26786
11.5922 17.5137 328.992 -2172.27 3688.4 1.41965 -11.8248 -12.5162 -328.992 -2047.21 -387.029 -1.41965
14.0776 7.34997 330.574 -817.314 4553.83 1.56515 -14.8572 -2.25482 -330.574 -531.875 -473.909 -1.56515
17.2794 -2.49959 331.024 521.94 5499.16 1.70364 -18.5349 7.62602 -331.024 901.439 -449.668 -1.70364
20.3276 -10.9844 327.702 1683.36 6393.5 1.83431 -22.114 16.0305 -327.702 2113.39 -410.325 -1.83431
22.7134 -17.8895 322.225 2625.42 7174.51 1.95653 -25.0442 22.7316 -322.225 3083.31 -442.262 -1.95653
24.3918 -23.1893 317.962 3340.59 7843.08 2.06983 -27.1301 27.7455 -317.962 3817.48 -579.849 -2.06983
25.4765 -26.9516 316.334 3845.05 8413.75 2.17396 -28.5394 31.2024 -316.334 4327.53 -798.011 -2.17396
26.253 -29.1649 316.695 4138.89 8914.58 2.2688 -29.663 33.1115 -316.695 4613.07 -1029.81 -2.2688
26.996 -29.8844 317.117 4221.06 9359.52 2.35423 -30.7849 33.5167 -317.117 4688.98 -1210.94 -2.35423
27.9176 -29.1661 316.635 4095.94 9758.53 2.43005 -32.1125 32.4342 -316.635 4561.03 -1292.58 -2.43005
29.0707 -27.1031 315.179 3773.1 10115.8 2.49591 -33.7031 29.8973 -315.179 4237.4 -1263.42 -2.49591
30.353 -23.8792 313.736 3279.07 10421.6 2.55147 -35.4622 26.0626 -313.736 3739.44 -1141.48 -2.55147
31.6733 -19.5323 313.622 2624.71 10667 2.59645 -37.144 21.0117 -313.622 3073.15 -964.802 -2.59645
32.8541 -14.1577 314.911 1823.5 10822.8 2.63069 -38.3932 14.929 -314.911 2264.36 -779.074 -2.63069
33.6279 -8.03092 316.656 927.1 10852.9 2.65411 -39.0195 8.18488 -316.656 1352.12 -612.688 -2.65411
33.9581 -1.34994 318.1 -14.4794 10749.4 2.66672 -39.0563 1.06922 -318.1 355.011 -458.093 -2.66672
33.9085 5.59561 318.945 -968.033 10515.8 2.66864 -38.5173 -6.08997 -318.945 -673.399 -308.248 -2.66864
33.5636 12.284 318.898 -1878.82 10164.9 2.66008 -37.5208 -12.8068 -318.898 -1646.31 -147.182 -2.66008
33.0481 18.4735 319.391 -2721.43 9727.95 2.64134 -36.3042 -18.9182 -319.391 -2532.26 44.7342 -2.64134
32.4045 23.8733 320.337 -3453.33 9225.32 2.61271 -35.0258 -24.2128 -320.337 -3303.25 275.363 -2.61271
31.5673 28.4949 321.489 -4086.21 8652.68 2.57448 -33.674 -28.7462 -321.489 -3956.93 538.236 -2.57448
30.5724 32.1185 322.503 -4579.29 8022.24 2.52686 -32.2682 -32.3114 -322.503 -4474.19 828.851 -2.52686
29.2916 34.8049 322.772 -4942.83 7317.06 2.47008 -30.7153 -34.9817 -322.772 -4863.53 1133.07 -2.47008
27.6127 36.6068 322.397 -5188.85 6534.04 2.40434 -28.9601 -36.8123 -322.397 -5128.07 1430.51 -2.40434
25.5293 37.4674 321.578 -5303.77 5683.81 2.32982 -26.913 -37.7263 -321.578 -5262.59 1697.14 -2.32982
23.1545 37.4762 321.692 -5299.26 4781.64 2.24666 -24.583 -37.7919 -321.692 -5277.66 1934.86 -2.24666
20.478 36.6342 322.952 -5174.22 3836 2.15497 -21.9548 -36.9988 -322.952 -5173 2131.63 -2.15497
17.4744 34.9635 324.044 -4939.36 2844.89 2.05483 -18.9908 -35.4035 -324.044 -4948.98 2280.56 -2.05483
14.1711 32.4503 324.682 -4595.49 1801.28 1.9463 -15.6941 -33.067 -324.682 -4611.36 2392.95 -1.9463
10.6429 29.1043 324.814 -4150.1 706.992 1.82949 -12.1901 -30.0595 -324.814 -4163.9 2495.18 -1.82949
7.04096 24.9636 325.346 -3614.97 -402.057 1.70456 -8.63501 -26.4459 -325.346 -3609.31 2594.46 -1.70456
3.31505 20.0991 326.988 -3016.23 -1551.23 1.57179 -4.87464 -22.2748 -326.988 -2938.23 2687.45 -1.57179
-0.687249 14.4773 329.337 -2334.44 -2773.78 1.43154 -0.657327 -17.4637 -329.337 -2153.84 2750.67 -1.43154
-5.01933 8.06476 331.227 -1568.17 -4062.73 1.28436 4.02885 -11.927 -331.227 -1240.79 2768.07 -1.28436
-9.94149 0.423235 332.803 -612.464 -5453.84 1.13099 9.33081 -5.17259 -332.803 -173.457 2718.28 -1.13099
-15.1043 -8.00228 332.619 467.818 -6861.52 0.972444 14.8114 2.39241 -332.619 993.348 2626.4 -0.972444
-20.13 -16.714 330.391 1621.87 -8207.28 0.809918 20.0373 10.3281 -330.391 2178.73 2527.96 -0.809918
-24.8035 -25.4423 327.02 2793.61 -9467.84 0.644645 24.7492 18.4319 -327.02 3372.43 2466.33 -0.644645
-29.2827 -33.9678 325.192 3952.78 -10665.9 0.477786 29.05 26.5062 -325.192 4546.17 2427.23 -0.477786
-33.5471 -42.4373 324.287 5125.93 -11799.3 0.310476 32.9759 34.6777 -324.287 5711.78 2406.42 -0.310476
-37.7084 -50.712 323.642 6292.97 -12881.4 0.1439 36.7732 42.7655 -323.642 6844.4 2367.09 -0.1439
-41.7669 -58.7146 322.448 7432.5 -13910 -0.0206832 40.5651 50.6265 -322.448 7934.41 2289.67 0.0206832
-45.7769 -66.3493 320.499 8520.68 -14885 -0.181974 44.4115 58.1152 -320.499 8971.69 2158.38 0.181974
-49.7403 -73.4281 318.038 9525.96 -15803.8 -0.338682 48.2377 65.026 -318.038 9932.51 1980.65 0.338682
-53.5164 -79.9114 315.331 10448 -16650 -0.489562 51.9284 71.339 -315.331 10808.8 1776.11 0.489562
-56.9933 -85.6715 312.973 11266 -17411.8 -0.633439 55.3852 76.9748 -312.973 11592.3 1562.24 0.633439
-60.0339 -90.5774 310.952 11968.5 -18069.2 -0.769259 58.378 81.832 -310.952 12261.8 1370.76 0.769259
-62.5632 -94.5546 309.176 12543.4 -18608 -0.896111 60.7748 85.8288 -309.176 12807.5 1216.5 0.896111
-64.5427 -97.5016 307.426 12975.9 -19020.7 -1.01324 62.5411 88.8756 -307.426 13217.3 1102.31 1.01324
-65.9871 -99.3137 305.58 13252.1 -19308 -1.12006 63.7056 90.8992 -305.58 13480 1022.72 1.12006
-66.9228 -99.903 303.639 13362.2 -19476 -1.21614 64.3588 91.8522 -303.639 13586.6 967.522 1.21614
-67.3554 -99.185 301.782 13295.6 -19536 -1.30121 64.6686 91.6863 -301.782 13528.7 923.604 1.30121
-67.2622 -97.0858 300.17 13043 -19495.3 -1.37512 64.7705 90.3529 -300.17 13298.9 882.244 1.37512
-66.6717 -93.5768 298.872 12596.1 -19353.9 -1.43785 64.6332 87.771 -298.872 12889.6 843.874 1.43785
-65.5405 -88.6658 297.923 11951.5 -19104.1 -1.48945 64.1867 83.8594 -297.923 12294.3 816.762 1.48945
-63.7657 -82.4263 297.384 11117.7 -18730.3 -1.53008 63.3126 78.5972 -297.384 11511.6 816.4 1.53008
-61.4065 -74.8841 297.13 10090.1 -18226.9 -1.55996 61.8495 71.8883 -297.13 10536.3 851.422 1.55996
-58.4819 -66.2152 297.317 8887.44 -17586.2 -1.57942 59.6671 63.7837 -297.317 9381.57 929.929 1.57942
-55.0942 -56.5277 297.963 7508.93 -16822 -1.58885 56.9135 54.2996 -297.963 8065.78 1030.39 1.58885
-51.4038 -45.8611 299.716 5962.35 -15961.9 -1.58871 53.7686 43.4829 -299.716 6593.28 1132.67 1.58871
-47.6563 -34.5333 301.766 4310.67 -15018.9 -1.57952 50.4224 31.736 -301.766 5002.26 1188.61 1.57952
-43.9241 -22.6169 304.48 2591.46 -14007 -1.56182 47.0042 19.251 -304.48 3292.4 1183.94 1.56182
-40.49 -10.2246 308.588 841.81 -12955.9 -1.5362 43.8289 6.24477 -308.588 1473.01 1064.36 1.5362
-37.3537 2.28628 313.861 -877.562 -11849.5 -1.50331 40.9403 -6.87725 -313.861 -409.479 807.66 1.50331
-33.9554 13.5318 317.219 -2424.93 -10629 -1.46372 37.876 -18.6933 -317.219 -2102.76 499.182 1.46372
-29.9425 22.8308 319.346 -3713.82 -9273.72 -1.41786 34.2549 -28.469 -319.346 -3494.45 220.952 1.41786
-25.0471 30.1072 320.626 -4730.3 -7775.5 -1.36596 29.7374 -36.0948 -320.626 -4572.33 50.098 1.36596
-19.3379 35.4862 321.26 -5469.73 -6146.94 -1.30839 24.3392 -41.6679 -321.26 -5372.19 -12.7325 1.30839
-13.1991 39.0736 322.088 -5948.54 -4442.28 -1.24592 18.431 -45.2765 -322.088 -5904.8 -19.4394 1.24592
-7.02519 40.8806 324.047 -6165.56 -2714.09 -1.17964 12.3682 -46.9494 -324.047 -6177 -22.8055 1.17964
-1.33262 41.0557 326.573 -6156.73 -1008.26 -1.11068 6.62177 -46.898 -326.573 -6203.3 -115.564 1.11068
3.4743 39.5727 329.246 -5935.43 633.084 -1.03989 1.54856 -45.1971 -329.246 -5977.17 -362.47 1.03989
7.57152 36.3611 331.65 -5490.77 2243.64 -0.967894 -2.96548 -41.8584 -331.65 -5501.27 -756.544 0.967894
11.3077 31.5581 333.448 -4850.05 3846.98 -0.895083 -7.17896 -37.0461 -333.448 -4790.6 -1236.17 0.895083
15.3665 25.1648 335.734 -4001.72 5516.58 -0.821709 -11.7628 -30.7205 -335.734 -3851.39 -1684.63 0.821709
20.2605 17.1225 338.107 -2928.7 7291.34 -0.74801 -17.1384 -22.761 -338.107 -2675.56 -2009.74 0.74801
26.0346 7.33936 340.065 -1589.4 9160.28 -0.674333 -23.3814 -13.0248 -340.065 -1271.81 -2183.7 0.674333
31.8217 -3.41217 338.684 -102.755 10971.3 -0.601229 -29.7298 -2.26372 -338.684 264.715 -2283.66 0.601229
37.1164 -14.3776 334.781 1429.34 12660.8 -0.529394 -35.718 8.76618 -334.781 1823.67 -2382.47 0.529394
41.4285 -25.1304 331.201 2944.99 14196.4 -0.459487 -40.8602 19.627 -331.201 3345.47 -2584.57 0.459487
44.6259 -35.3662 328.787 4410.73 15572.1 -0.391993 -44.9721 30.0008 -328.787 4776.18 -2928.18 0.391993
46.7369 -44.9417 327.392 5800.53 16784.9 -0.327209 -48.0412 39.7254 -327.392 6098.88 -3408.18 0.327209
48.0513 -53.7134 325.994 7083.74 17848.3 -0.265303 -50.3154 48.6471 -325.994 7302.42 -3962.72 0.265303
48.9936 -61.5875 323.553 8236.07 18782.4 -0.206399 -52.0713 56.6598 -323.553 8382.86 -4513.72 0.206399
49.9785 -68.4267 320.118 9230.66 19619.5 -0.150642 -53.656 63.6193 -320.118 9327.5 -4986.63 0.150642
51.2537 -74.0985 316.137 10054.1 20388.2 -0.0982119 -55.3547 69.3872 -316.137 10111.7 -5334.99 0.0982119
52.938 -78.5324 312.6 10696.1 21105.4 -0.049304 -57.3052 73.8775 -312.6 10723.8 -5539.56 0.049304
54.9748 -81.671 310.002 11148.1 21766.8 -0.00408787 -59.4648 77.0194 -310.002 11154.2 -5609.76 0.00408787
57.0998 -83.4778 308.14 11402.8 22346.7 0.0373137 -61.6775 78.7716 -308.14 11399.6 -5579.06 -0.0373137
58.9767 -83.9254 306.672 11457.1 22811.1 0.07483 -63.7152 79.1123 -306.672 11456.1 -5492.6 -0.07483
60.313 -83.0035 305.318 11311.9 23124.4 0.108454 -65.2624 78.0576 -305.318 11323.3 -5400.43 -0.108454
60.9117 -80.739 304 10974.1 23260.2 0.138276 -66.0432 75.6715 -304 11007.5 -5342.49 -0.138276
60.6513 -77.1908 302.854 10453.6 23207 0.164508 -65.9483 72.023 -302.854 10516.5 -5339.71 -0.164508
59.5641 -72.4309 302.06 9764.59 22970.4 0.187473 -65.0079 67.2006 -302.06 9858.72 -5388.78 -0.187473
57.8489 -66.5476 301.667 8919.42 22570.2 0.207583 -63.3611 61.3215 -301.667 9050.82 -5462.08 -0.207583
55.7691 -59.7178 301.309 7947.34 22030.9 0.225293 -61.265 54.6151 -301.309 8120.57 -5511.05 -0.225293
53.5828 -52.0456 301.085 6864.04 21387.1 0.241068 -59.0492 47.2203 -301.085 7086.43 -5487.83 -0.241068
51.4096 -43.6612 301.234 5690.23 20656 0.255339 -56.8489 39.2599 -301.234 5963.23 -5373.54 -0.255339
49.3606 -34.6785 301.85 4443.13 19849.6 0.268474 -54.7298 30.8681 -301.85 4768.66 -5155.64 -0.268474
47.3711 -25.1297 302.812 3128.21 18966.3 0.280787 -52.6688 22.0815 -302.812 3506.91 -4844.6 -0.280787
45.2948 -15.2016 304.389 1784.2 17995.6 0.292541 -50.5844 13.0681 -304.389 2189.1 -4461.95 -0.292541
42.9984 -4.98038 306.18 424.441 16921.4 0.303957 -48.3183 3.92049 -306.18 826.982 -4032.79 -0.303957
40.455 5.56603 307.989 -970.603 15737.6 0.315218 -45.7815 -5.48111 -307.989 -581.193 -3567.08 -0.315218
37.6028 16.2651 310.259 -2380.23 14434.3 0.326494 -42.8581 -15.0756 -310.259 -2023.32 -3079.92 -0.326494
34.3968 26.653 312.794 -3742.21 13008.8 0.337971 -39.4789 -24.4616 -312.794 -3440.1 -2584.72 -0.337971
30.7629 36.3618 316.357 -5023.5 11471.2 0.349871 -35.6171 -33.3038 -316.357 -4765.84 -2105.67 -0.349871
26.5802 45.1655 320.129 -6195.11 9822.83 0.362396 -31.2123 -41.3912 -320.129 -5968.19 -1669.62 -0.362396
22.1296 53.0672 324.398 -7251.45 8098.54 0.375632 -26.4906 -48.7408 -324.398 -7055.47 -1240.19 -0.375632
17.5734 60.1242 328.329 -8203.87 6321.71 0.389486 -21.5655 -55.4113 -328.329 -8032.6 -802.138 -0.389486
12.925 66.2979 332.905 -9045.73 4496 0.403716 -16.5814 -61.3295 -332.905 -8890.5 -336.811 -0.403716
8.12208 71.502 336.015 -9771.79 2643.4 0.418058 -11.5887 -66.3727 -336.015 -9604.92 132.022 -0.418058
3.01345 75.7367 339.24 -10378.7 735.95 0.432348 -6.3954 -70.5406 -339.24 -10179.2 584.303 -0.432348
-2.4805 78.8517 341.663 -10848.2 -1258.87 0.446606 -0.832656 -73.7002 -341.663 -10591.8 1017.73 -0.446606
-8.07261 80.8035 343.641 -11168.3 -3297.78 0.461015 4.82571 -75.8155 -343.641 -10843.4 1467.9 -0.461015
-13.8018 81.3672 344.581 -11294 -5354.58 0.475853 10.5841 -76.6391 -344.581 -10912.8 1902.64 -0.475853
-19.5614 80.4486 343.982 -11193.1 -7411.27 0.491403 16.3305 -76.0154 -343.982 -10797 2334.81 -0.491403
-24.8868 78.3733 343.75 -10937 -9389.32 0.507895 21.6007 -74.2063 -343.75 -10507.1 2816.25 -0.507895
-29.9609 74.8825 343.712 -10469.8 -11324.4 0.525447 26.621 -70.9112 -343.712 -10020.6 3325.16 -0.525447
-34.9957 70.2006 343.076 -9814.9 -13228.6 0.543999 31.5873 -66.3365 -343.076 -9374.43 3816.54 -0.543999
-39.8349 64.5464 342.661 -9034.79 -15074.2 0.563345 36.2837 -60.7293 -342.661 -8571.71 4314.85 -0.563345
-44.6455 57.8042 342.333 -8105.77 -16881.5 0.583287 40.9313 -54.0186 -342.333 -7609.92 4785.91 -0.583287
-49.6276 50.122 341.27 -7020.55 -18669.7 0.603721 45.8051 -46.3838 -341.27 -6542.36 5182.46 -0.603721
-54.6373 41.8097 339.45 -5843.92 -20414.6 0.62462 50.768 -38.1391 -339.45 -5391.92 5519.79 -0.62462
-59.5156 33.0325 337.76 -4621.39 -22103.9 0.646005 55.6892 -29.462 -337.76 -4161.3 5826.15 -0.646005
-64.2507 24.0664 336.473 -3376.21 -23729.7 0.667929 60.5418 -20.6641 -336.473 -2909.81 6098.95 -0.667929
-68.7822 14.9659 335.586 -2118.36 -25276.3 0.690424 65.1911 -11.8188 -335.586 -1645.48 6350 -0.690424
-73.0215 5.97457 334.318 -878.977 -26723.3 0.713471 69.5124 -3.16231 -334.318 -404.575 6589.12 -0.713471
-76.8189 -2.70531 332.129 313.444 -28049.1 0.736988 73.3832 5.12571 -332.129 787.724 6833.13 -0.736988
-80.1589 -10.8424 329.524 1429.74 -29254.5 0.760832 76.824 12.8284 -329.524 1897.6 7082 -0.760832
-83.0754 -18.3 327.094 2447.89 -30342.5 0.784787 79.8249 19.8254 -327.094 2910.95 7335.24 -0.784787
-85.6557 -24.971 324.855 3365.91 -31316.6 0.808576 82.4007 26.0663 -324.855 3807.61 7581.85 -0.808576
-87.9508 -30.8314 322.583 4177.04 -32182.7 0.831889 84.6858 31.5908 -322.583 4596.53 7801.95 -0.831889
-90.0379 -35.7922 320.432 4867.57 -32951.4 0.854421 86.8216 36.3237 -320.432 5268.35 7975.13 -0.854421
-91.9796 -39.805 318.213 5428.08 -33625.6 0.875903 88.8718 40.1734 -318.213 5812.8 8086.91 -0.875903
-93.7727 -42.8491 315.981 5847.91 -34203.7 0.896119 90.838 43.0113 -315.981 6219.56 8135.83 -0.896119
-95.3409 -44.9567 313.893 6122.49 -34679.8 0.914906 92.7115 44.7714 -313.893 6488.5 8127.78 -0.914906
-96.5972 -46.1315 312.027 6253.19 -35042.1 0.932144 94.4003 45.4588 -312.027 6619.43 8076.13 -0.932144
-97.4137 -46.3655 310.437 6246.74 -35275.5 0.947737 95.8041 45.1719 -310.437 6618.37 7997.7 -0.947737
-97.6988 -45.6425 309.058 6110.69 -35363.7 0.961611 96.7938 44.0316 -309.058 6492.48 7907.36 -0.961611
-97.3795 -43.9916 307.755 5853.66 -35291.2 0.9737 97.264 42.1272 -307.755 6249.8 7814.69 -0.9737
-96.4684 -41.4911 306.432 5485.56 -35048.5 0.983932 97.1257 39.5142 -306.432 5899.19 7720.99 -0.983932
-95.022 -38.2326 305.103 5016.94 -34634.3 0.992231 96.3657 36.2455 -305.103 5450.43 7618.84 -0.992231
-93.1571 -34.3184 303.87 4462.79 -34054.7 0.998515 95.0202 32.3884 -303.87 4912.38 7492.86 -0.998515
-91.0021 -29.8744 302.773 3833.66 -33322.3 1.0027 93.2211 28.0282 -302.773 4304.15 7319.09 -1.0027
-88.5954 -24.987 301.774 3139.62 -32447.1 1.00469 91.1194 23.2135 -301.774 3634.64 7080.9 -1.00469
-85.933 -19.7995 300.856 2402.88 -31435.2 1.00443 88.8377 18.0934 -300.856 2922.79 6767.76 -1.00443
-82.9997 -14.3616 300.164 1635.98 -30286.5 1.00184 86.3543 12.7694 -300.164 2177.25 6384.7 -1.00184
-79.7637 -8.73378 299.899 856.943 -28997.2 0.996857 83.6068 7.35794 -299.899 1404.9 5941.03 -0.996857
-76.1193 -2.9877 299.948 68.7673 -27555.5 0.989413 80.4736 1.94572 -299.948 625.001 5456.93 -0.989413
-71.9895 2.76786 299.973 -709.523 -25946.5 0.979431 76.7849 -3.4056 -299.973 -157.532 4952.37 -0.979431
-67.3238 8.33802 299.903 -1462.33 -24163.9 0.966818 72.4522 -8.59122 -299.903 -916.196 4440.48 -0.966818
-62.1207 13.6957 299.966 -2182.78 -22212.4 0.95146 67.4896 -13.6632 -299.966 -1661.35 3924.18 -0.95146
-56.4366 18.6577 300.335 -2850.52 -20100.8 0.933221 61.921 -18.4781 -300.335 -2367.48 3400.9 -0.933221
-50.3583 23.1463 300.849 -3459.83 -17838.1 0.91194 55.7827 -22.9675 -300.849 -3019.76 2862.39 -0.91194
-43.9689 26.9735 301.605 -3976.9 -15443.2 0.887453 49.2241 -26.9123 -301.605 -3594.81 2294.86 -0.887453
-37.4082 30.1245 303.022 -4391.05 -12940.8 0.859621 42.4477 -30.2221 -303.022 -4088.53 1674.79 -0.859621
-30.8512 32.4249 305.428 -4691.83 -10358.8 0.828333 35.6328 -32.6551 -305.428 -4452.92 980.467 -0.828333
-24.5917 33.8018 311.006 -4845.26 -7738.65 0.793493 29.1111 -34.1131 -311.006 -4698 165.145 -0.793493
-18.5676 34.1392 319.761 -4847.97 -5083.62 0.754995 22.8546 -34.4826 -319.761 -4794.89 -754.824 -0.754995
-12.5398 33.5985 332.317 -4747.32 -2419.48 0.712658 16.5949 -33.9438 -332.317 -4744.22 -1682.07 -0.712658
-5.39099 32.6096 346.233 -4631.62 348.202 0.666124 9.18392 -32.9501 -346.233 -4581.57 -2392.62 -0.666124
3.8359 31.1634 355.819 -4480.8 3349.61 0.614872 -0.294811 -31.5054 -355.819 -4326.15 -2753.7 -0.614872
15.4485 29.064 360.025 -4227.75 6654.69 0.558416 -12.0436 -29.4012 -360.025 -3988.27 -2764.39 -0.558416
28.1752 25.6697 358.723 -3756.05 10088.1 0.496577 -24.8616 -25.9433 -358.723 -3496.9 -2597.27 -0.496577
39.5157 21.6121 352.083 -3165.28 13307.2 0.429664 -36.3784 -21.6958 -352.083 -2920.42 -2594.45 -0.429664
48.3809 17.3176 345.28 -2544.17 16212.5 0.358363 -45.5315 -17.0429 -345.28 -2284.08 -2958.02 -0.358363
54.862 13.1994 342.747 -1943.01 18845.9 0.283376 -52.4566 -12.3948 -342.747 -1653.27 -3697.32 -0.283376
59.4291 9.47745 344.406 -1382.59 21255.2 0.205132 -57.6389 -8.02337 -344.406 -1076.29 -4725.41 -0.205132
62.9013 6.3432 347.252 -894.603 23491.6 0.123795 -61.8267 -4.20368 -347.252 -586.94 -5874.01 -0.123795
66.1055 3.80483 347.424 -491.063 25602.4 0.0394546 -65.7727 -1.00974 -347.424 -184.809 -6969.8 -0.0394546
69.8187 1.95517 343.936 -188.487 27650.1 -0.0477335 -70.2059 1.42191 -343.936 114.351 -7864.37 0.0477335
74.518 0.893669 338.402 -3.15437 29685.9 -0.137494 -75.5432 2.98402 -338.402 297.754 -8483.17 0.137494
80.3136 0.678276 333.406 58.2759 31729.5 -0.22942 -81.7995 3.63626 -333.406 358.255 -8827.32 0.22942
86.8751 1.35957 330.788 -10.7248 33752.8 -0.322995 -88.6383 3.34052 -330.788 289.935 -8961.8 0.322995
93.6288 2.95803 330.595 -211.691 35689.3 -0.41761 -95.4879 2.08284 -330.595 89.4936 -8980.59 0.41761
99.9318 5.46502 331.576 -540.663 37456.3 -0.512577 -101.73 -0.0992711 -331.576 -240.556 -8978.66 0.512577
105.246 8.84872 332.096 -992.81 38982.5 -0.607137 -106.889 -3.16466 -332.096 -694.788 -9027.98 0.607137
109.283 13.017 331.394 -1559 40231.4 -0.700495 -110.743 -7.04321 -331.394 -1259.53 -9163.91 0.700495
112.048 17.8019 329.698 -2220.08 41204.8 -0.791875 -113.332 -11.6044 -329.698 -1912 -9382.11 0.791875
113.793 23.0195 327.922 -2958.5 41934.7 -0.880581 -114.905 -16.7077 -327.922 -2624.13 -9643.65 0.880581
114.867 28.6221 326.255 -3764.12 42458 -0.966039 -115.791 -22.3231 -326.255 -3395.15 -9890.01 0.966039
115.618 34.5169 324.807 -4616.23 42812.4 -1.04781 -116.346 -28.3183 -324.807 -4214.12 -10060 1.04781
116.261 40.5362 323.601 -5485.16 43023.7 -1.12559 -116.835 -34.4457 -323.601 -5052.32 -10111.9 1.12559
116.853 46.4572 322.762 -6334.35 43100.5 -1.19914 -117.342 -40.4044 -322.762 -5872.76 -10034.8 1.19914
117.34 52.3236 322.008 -7163.23 43032.8 -1.26823 -117.804 -46.2089 -322.008 -6684.14 -9834.82 1.26823
117.509 57.9114 321.098 -7944.79 42795.3 -1.33266 -117.979 -51.6553 -321.098 -7453.35 -9550.95 1.33266
117.101 62.9999 320.332 -8657.74 42362.7 -1.39214 -117.572 -56.575 -320.332 -8147 -9235.47 1.39214
115.945 67.6511 319.32 -9311.56 41712.5 -1.44639 -116.391 -61.1008 -319.32 -8782.89 -8916.83 1.44639
113.907 71.6014 318.053 -9877.18 40833.2 -1.49508 -114.288 -65.0437 -318.053 -9326.57 -8623.58 1.49508
111.005 74.8035 316.647 -10350.5 39733.4 -1.5379 -111.347 -68.4272 -316.647 -9778.7 -8349.39 1.5379
107.318 77.1988 315.107 -10726.8 38428 -1.57458 -107.718 -71.2232 -315.107 -10131.9 -8077.49 1.57458
103.046 78.6901 313.422 -10984.4 36938.9 -1.6049 -103.537 -73.2753 -313.422 -10372.2 -7782.05 1.6049
98.3712 79.2216 311.674 -11105 35287.5 -1.62871 -98.9396 -74.4376 -311.674 -10489.4 -7440.02 1.62871
93.3824 78.6815 309.756 -11068 33489.3 -1.64592 -94.0303 -74.5291 -309.756 -10463.2 -7039.71 1.64592
88.0835 77.016 307.619 -10863.9 31551.1 -1.6565 -88.8254 -73.4459 -307.619 -10280.8 -6585.12 1.6565
82.4774 74.2058 305.451 -10487.4 29479.4 -1.66043 -83.3003 -71.1365 -305.451 -9937.61 -6085.58 1.66043
76.5523 70.2439 303.425 -9938.77 27276 -1.65771 -77.3557 -67.5818 -303.425 -9429.73 -5558.37 1.65771
70.3064 65.1479 301.643 -9222.69 24947.2 -1.64831 -70.966 -62.8112 -301.643 -8759.02 -5013.59 1.64831
63.7456 58.9714 299.95 -8347.62 22501.3 -1.63223 -64.1379 -56.8784 -299.95 -7932.15 -4457.76 1.63223
56.9673 51.8403 298.449 -7327.12 19956.5 -1.60947 -56.9512 -49.8701 -298.449 -6965.43 -3884.16 1.60947
50.0677 43.8883 297.317 -6177.68 17330.2 -1.58008 -49.444 -41.8829 -297.317 -5874.78 -3291.15 1.58008
43.2085 35.2789 297.248 -4923.03 14650.4 -1.54417 -41.8092 -33.0875 -297.248 -4683.46 -2657.01 1.54417
36.5412 25.9953 298.679 -3583.49 11952.9 -1.50195 -34.399 -23.5368 -298.679 -3376.23 -1946.53 1.50195
30.3002 15.9543 302.802 -2174.4 9276.64 -1.45376 -27.6364 -13.2383 -302.802 -1927.19 -1106.53 1.45376
25.0377 5.2693 311.209 -699.974 6678.21 -1.40004 -22.049 -2.38434 -311.209 -375.083 -41.9769 1.40004
20.7457 -5.24846 325.87 715.623 4193.13 -1.34114 -17.4563 8.12248 -325.87 1163.68 1184.68 1.34114
15.4068 -14.6857 341.794 1988.41 1722.47 -1.27687 -11.7865 17.3136 -341.794 2508.89 2097.53 1.27687
6.69913 -23.0649 349.296 3121.7 -1039.43 -1.20642 -2.80061 25.2289 -349.296 3665.75 2362.1 1.20642
-5.22113 -30.566 349.046 4141.4 -4169.39 -1.1287 9.31954 32.1378 -349.046 4671.22 2103.69 1.1287
-18.8332 -36.5322 343.45 4925.91 -7500.83 -1.04325 23.0925 37.5133 -343.45 5480.63 1578.05 1.04325
-31.1186 -40.8686 335.217 5480.6 -10621.5 -0.950582 35.5185 41.3748 -335.217 6078.04 1218.28 0.950582
-40.1829 -44.1968 329.095 5923.07 -13322.9 -0.851929 44.7351 44.3753 -329.095 6524.96 1342.89 0.851929
-45.9243 -46.5335 328.04 6264.42 -15610.7 -0.748644 50.5983 46.4984 -328.04 6810.48 1991.37 0.748644
-49.0019 -47.7186 330.125 6461.48 -17549.5 -0.641767 53.7005 47.5603 -330.125 6929.46 3052.47 0.641767
-50.6014 -47.8337 332.266 6514.57 -19236.9 -0.531913 55.2644 47.6449 -332.266 6904.65 4286.22 0.531913
-52.1279 -46.9939 332.245 6417.36 -20795.3 -0.419317 56.7735 46.8629 -332.245 6774.06 5409.98 0.419317
-54.5715 -45.0967 328.91 6162.43 -22324.4 -0.303884 59.2018 45.0935 -328.91 6513.67 6248.13 0.303884
-58.527 -42.3137 323.881 5775.24 -23889.5 -0.185336 63.0295 42.4659 -323.881 6140.34 6714.75 0.185336
-64.0008 -38.7865 319.682 5270.32 -25508.4 -0.0634491 68.2831 39.0517 -319.682 5669.61 6822.28 0.0634491
-70.3451 -34.5314 318.035 4649.77 -27131.2 0.0617763 74.4183 34.7871 -318.035 5092.75 6687.46 -0.0617763
-76.7016 -29.7491 319.151 3948.02 -28662.7 0.190085 80.5525 29.8369 -319.151 4426.71 6459.39 -0.190085
-82.1899 -24.4852 321.772 3170.91 -29998 0.320978 85.8139 24.2517 -321.772 3679.09 6279.58 -0.320978
-86.1316 -18.8213 323.676 2335.65 -31048.3 0.4537 89.5532 18.1473 -323.676 2860.43 6246.68 -0.4537
-88.2817 -12.8907 323.887 1468.92 -31777.9 0.587263 91.5178 11.7061 -323.887 1988.4 6395.36 -0.587263
-88.8173 -6.96222 322.615 597.338 -32207 0.720541 91.888 5.25275 -322.615 1119.82 6695.46 -0.720541
-88.1781 -1.25644 320.767 -239.679 -32390.4 0.852437 91.1308 -0.915458 -320.767 288.064 7074.26 -0.852437
-86.9066 4.06009 319.001 -1012.74 -32391.9 0.982028 89.7738 -6.59112 -319.001 -483.702 7444.76 -0.982028
-85.4805 8.74704 317.518 -1694.73 -32267.4 1.10864 88.3329 -11.5537 -317.518 -1157.85 7723.38 -1.10864
-84.1791 12.6957 316.325 -2271.8 -32052.4 1.23182 87.1754 -15.7262 -316.325 -1722.12 7854.62 -1.23182
-83.1444 15.8163 315.174 -2729.2 -31754.5 1.35125 86.3333 -19.0396 -315.174 -2168.94 7821.89 -1.35125
-82.3414 18.062 313.866 -3059.08 -31360.4 1.46663 85.6035 -21.465 -313.866 -2495.51 7645.27 -1.46663
-81.5008 19.3922 312.434 -3256.36 -30844.2 1.57763 84.7429 -22.9667 -312.434 -2696.18 7370.92 -1.57763
-80.2988 19.7689 310.946 -3316.78 -30177.5 1.68384 83.4843 -23.4956 -310.946 -2762.99 7053.37 -1.68384
-78.5102 19.2027 309.559 -3239.84 -29340.3 1.7847 81.6 -23.0288 -309.559 -2694.72 6736.01 -1.7847
-76.0339 17.7029 308.249 -3027.9 -28322.7 1.87958 78.9456 -21.5746 -308.249 -2491.49 6443.62 -1.87958
-72.896 15.2773 306.888 -2685.7 -27129.7 1.96783 75.5215 -19.1847 -306.888 -2156.89 6177.29 -1.96783
-69.1675 11.9483 305.402 -2219.03 -25778.9 2.04882 71.5039 -15.9234 -305.402 -1697.36 5919.97 -2.04882
-64.9968 7.7731 303.859 -1635.66 -24297.1 2.12199 67.1407 -11.8545 -303.859 -1122.16 5642.73 -2.12199
-60.5772 2.87454 302.327 -952.685 -22709.6 2.18693 62.6147 -7.06712 -302.327 -443.955 5317.98 -2.18693
-56.0468 -2.65053 300.943 -180.508 -21035.5 2.24332 58.0435 -1.59995 -300.943 328.582 4928.88 -2.24332
-51.4968 -8.6228 300.067 653.889 -19290.6 2.29097 53.5242 4.41618 -300.067 1178.86 4464.64 -2.29097
-46.9402 -14.8745 299.693 1531.34 -17474.7 2.32978 48.9897 10.8309 -299.693 2081.33 3932.65 -2.32978
-42.3109 -21.2834 299.794 2443.44 -15575.6 2.35972 44.2631 17.5028 -299.794 3007.34 3354.89 -2.35972
-37.4854 -27.594 300.213 3338.1 -13583.8 2.38074 39.1993 24.1286 -300.213 3930.5 2759.52 -2.38074
-32.424 -33.3732 300.375 4156.31 -11499.9 2.39287 33.7364 30.2455 -300.375 4783.95 2161.58 -2.39287
-27.0788 -38.4331 301.135 4877.56 -9330.01 2.39613 27.8346 35.6519 -301.135 5533.51 1579.36 -2.39613
-21.6184 -42.963 304.852 5531.31 -7112.79 2.39051 21.7065 40.4719 -304.852 6193.74 997.666 -2.39051
-16.5014 -46.3842 310.481 6010.3 -4947.69 2.37588 15.8977 44.0509 -310.481 6698.72 375.269 -2.37588
-11.456 -48.889 317.805 6353.46 -2829.99 2.35211 10.3208 46.5802 -317.805 7063.31 -242.001 -2.35211
-6.08405 -50.413 323.455 6578.33 -724.808 2.31917 4.66885 48.064 -323.455 7261.39 -789.845 -2.31917
-0.244385 -50.8343 326.457 6664.93 1399.68 2.27704 -1.27634 48.453 -326.457 7288.82 -1249.88 -2.27704
6.36597 -50.3736 327.09 6642.49 3619.87 2.22561 -7.92 48.0019 -327.09 7183.13 -1599.34 -2.22561
13.4982 -49.0535 328.439 6502.43 5900.38 2.16471 -15.0784 46.7499 -328.439 6961.68 -1863.63 -2.16471
20.8904 -46.5534 329.929 6195.83 8212.17 2.0942 -22.5024 44.4025 -329.929 6587.05 -2085.55 -2.0942
27.9721 -42.6537 330.499 5663.98 10479.7 2.01404 -29.573 40.7452 -330.499 6056.95 -2356.76 -2.01404
34.1896 -37.9202 331.427 5016.62 12603.3 1.92444 -35.7426 36.3021 -331.427 5414.74 -2732.12 -1.92444
39.4607 -32.1845 331.856 4252.83 14559.1 1.82581 -40.9852 30.8656 -331.856 4608.49 -3203.2 -1.82581
44.2272 -25.5797 331.338 3352.31 16392.4 1.71879 -45.7165 24.5486 -331.338 3693.12 -3694.88 -1.71879
48.788 -18.4224 330.784 2362.22 18127.5 1.60399 -50.1831 17.648 -330.784 2707.64 -4154.88 -1.60399
53.4058 -10.9279 331.169 1329.21 19791.3 1.48179 -54.6136 10.3951 -331.169 1668.16 -4540.91 -1.48179
58.1861 -3.15228 332.321 267.075 21390 1.35232 -59.066 2.92447 -332.321 587.655 -4836.09 -1.35232
63.0432 4.70371 333.363 -801.69 22911.4 1.21563 -63.5621 -4.49236 -333.363 -490.016 -5037.6 -1.21563
67.7084 12.6605 333.545 -1874.08 24326.1 1.07182 -67.9217 -11.8711 -333.545 -1572.88 -5179.1 -1.07182
71.9844 20.5412 333.36 -2932.69 25615.3 0.921178 -71.9741 -19.1041 -333.36 -2638.37 -5293.58 -0.921178
75.6564 28.1145 333.053 -3951.7 26757.5 0.764194 -75.5009 -26.0373 -333.053 -3658.14 -5420.3 -0.764194
78.6153 35.2471 333.092 -4917.7 27744.1 0.601567 -78.4148 -32.616 -333.092 -4619.21 -5578.06 -0.601567
80.8197 41.8916 333.231 -5834.18 28566.6 0.43416 -80.6812 -38.8485 -333.231 -5512.59 -5769.09 -0.43416
82.4072 47.9708 333.015 -6681.07 29228.5 0.262924 -82.3297 -44.6564 -333.015 -6336.42 -5973.59 -0.262924
83.5233 53.4224 332.239 -7451.35 29738.2 0.0888069 -83.4389 -49.9493 -332.239 -7076.26 -6168.59 -0.0888069
84.2763 58.1766 331.011 -8128.81 30110.7 -0.0872841 -84.1919 -54.593 -331.011 -7719.63 -6328.22 0.0872841
84.7908 62.1983 329.481 -8697.43 30361.4 -0.264487 -84.751 -58.4756 -329.481 -8261.91 -6427.54 0.264487
85.0795 65.451 327.865 -9151.74 30492.7 -0.44197 -85.1264 -61.5303 -327.865 -8694.02 -6465.54 0.44197
85.0943 67.8364 326.306 -9478.53 30501.1 -0.618917 -85.2774 -63.6807 -326.306 -9004.63 -6451.15 0.618917
84.7111 69.2883 324.867 -9671.04 30376 -0.794502 -85.1298 -64.9029 -324.867 -9187.89 -6401.71 0.794502
83.8207 69.7549 323.45 -9724.89 30103.6 -0.967857 -84.5542 -65.1878 -323.45 -9239.56 -6336.81 0.967857
82.3876 69.2102 321.892 -9639.36 29672.9 -1.13807 -83.4017 -64.5444 -321.892 -9158.02 -6271.43 1.13807
80.4319 67.6592 320.099 -9417 29081.6 -1.30416 -81.615 -63.0024 -320.099 -8945.59 -6208.58 1.30416
78.0156 65.1214 318.089 -9061.94 28337.8 -1.46515 -79.2568 -60.6027 -318.089 -8606.6 -6138.78 1.46515
75.2438 61.6557 315.969 -8580.43 27457.1 -1.62006 -76.4617 -57.3773 -315.969 -8147.63 -6043.94 1.62006
72.2324 57.3395 313.869 -7980.34 26456.5 -1.76795 -73.3551 -53.3423 -313.869 -7573.91 -5906.92 1.76795
69.071 52.2897 311.939 -7274.01 25349.9 -1.90799 -70.0239 -48.5454 -311.939 -6896.28 -5717.04 1.90799
65.8106 46.5916 310.21 -6468.48 24148.5 -2.03942 -66.5263 -43.0047 -310.21 -6122.24 -5469.94 2.03942
62.4388 40.3465 308.862 -5581.04 22857.8 -2.16158 -62.8502 -36.7981 -308.862 -5259.7 -5174.45 2.16158
58.8775 33.7245 307.827 -4639.69 21477.2 -2.27388 -58.9886 -30.1196 -307.827 -4331.8 -4841.95 2.27388
55.1019 26.7848 306.866 -3654 20007.2 -2.37574 -54.89 -23.0815 -306.866 -3353.11 -4483.89 2.37574
51.0928 19.669 306.023 -2650.93 18451.5 -2.46664 -50.5282 -15.8775 -306.023 -2343.82 -4110.02 2.46664
46.8074 12.5841 305.142 -1655.59 16815.3 -2.54607 -45.9547 -8.71906 -305.142 -1337.57 -3724.4 2.54607
42.2796 5.75345 304.296 -700.754 15106.1 -2.61356 -41.1841 -1.82788 -304.296 -364.171 -3327.74 2.61356
37.5435 -0.673048 304.104 190.31 13331.4 -2.66877 -36.188 4.64125 -304.104 556.851 -2926.59 2.66877
32.5596 -6.36684 304.429 976.706 11494.7 -2.71144 -30.9916 10.3773 -304.429 1376.56 -2526.5 2.71144
27.337 -11.3046 305.394 1662.28 9608.25 -2.74137 -25.7163 15.3639 -305.394 2085.49 -2121.25 2.74137
21.9763 -15.103 307.406 2174.24 7702.6 -2.75831 -20.465 19.1399 -307.406 2637.89 -1712.91 2.75831
16.719 -17.677 310.915 2487.36 5828.66 -2.76196 -15.4409 21.5114 -310.915 3019.78 -1289.96 2.76196
11.4897 -19.2863 315.612 2655.02 3995.77 -2.75222 -10.5074 22.6949 -315.612 3244.68 -891.603 2.75222
6.27982 -19.95 319.671 2679.79 2208.1 -2.72925 -5.56194 22.7419 -319.671 3319.88 -537.702 2.72925
0.936886 -19.7151 322.808 2585.9 435.796 -2.69326 -0.375141 21.7793 -322.808 3245.57 -251.955 2.69326
-4.74575 -18.9263 325.678 2431.23 -1383.52 -2.64438 5.24304 20.2362 -325.678 3072.55 -27.5746 2.64438
-10.5669 -17.5478 329.348 2208.57 -3255.64 -2.5826 11.0243 18.1531 -329.348 2808.78 207.183 2.5826
-16.9035 -15.6449 334.063 1924.25 -5281.33 -2.50786 17.3293 15.6394 -334.063 2472.48 449.519 2.50786
-23.1558 -13.1945 336.921 1555.59 -7313.18 -2.42005 23.5352 12.7006 -336.921 2083.86 723.952 2.42005
-28.5022 -10.4264 335.029 1142.4 -9169.15 -2.31914 28.7342 9.56712 -335.029 1667.75 1091.79 2.31914
-33.1962 -7.77003 331.283 755.522 -10869 -2.20555 33.1564 6.60657 -331.283 1265.32 1504.79 2.20555
-37.7202 -5.38219 329.218 407.879 -12491.3 -2.08032 37.3872 3.92051 -329.218 899.948 1891.13 2.08032
-42.3254 -3.30809 329.75 105.114 -14078 -1.94469 41.71 1.55127 -329.75 578.305 2217.48 1.94469
-47.0268 -1.59074 331.311 -145.714 -15626.9 -1.79965 46.1819 -0.425839 -331.311 309.954 2471.58 1.79965
-51.6759 -0.185214 332.337 -350.938 -17114.7 -1.6459 50.7609 -2.00647 -332.337 95.5416 2657.23 1.6459
-55.998 0.797148 331.814 -492.688 -18503.4 -1.48401 55.1714 -3.05739 -331.814 -48.4449 2814.16 1.48401
-59.7857 1.31184 330.082 -566.52 -19767.8 -1.31463 59.1318 -3.5654 -330.082 -118.338 2985.64 1.31463
-62.8878 1.35388 328.092 -573.012 -20895.8 -1.13857 62.4878 -3.58117 -328.092 -119.976 3202.52 1.13857
-65.3179 0.956815 326.604 -519.235 -21889.1 -0.956874 65.2194 -3.16436 -326.604 -59.3848 3466.98 0.956874
-67.2239 0.187663 325.776 -412.829 -22756.4 -0.770637 67.4159 -2.35249 -325.776 56.388 3754.47 0.770637
-68.7681 -0.827133 325.16 -263.454 -23506.8 -0.580906 69.2366 -1.21561 -325.16 209.398 4029.08 0.580906
-70.0433 -2.04887 324.035 -78.9461 -24142.8 -0.388711 70.7956 0.237175 -324.035 400.75 4264.58 0.388711
-71.145 -3.38531 322.249 127.4 -24672.4 -0.195069 72.2326 1.88753 -322.249 614.145 4435.78 0.195069
-72.1193 -4.76257 320.111 342.339 -25097.1 -0.000912526 73.5466 3.62584 -320.111 837.036 4537.99 0.000912526
-72.9258 -6.07719 318.084 550.964 -25413.2 0.192938 74.6862 5.32831 -318.084 1052.4 4580.14 -0.192938
-73.4755 -7.25741 316.452 740.692 -25609.8 0.385732 75.5399 6.89475 -316.452 1248.65 4579.45 -0.385732
-73.6764 -8.21499 315.226 897.298 -25672.7 0.576719 75.9612 8.21756 -315.226 1412.5 4555.09 -0.576719
-73.3739 -8.90728 314.126 1013.34 -25586.5 0.765131 75.8961 9.22183 -314.126 1534.86 4521.29 -0.765131
-72.4714 -9.29906 312.921 1081.47 -25341 0.950215 75.3068 9.83715 -312.921 1608.24 4486.57 -0.950215
-71.0014 -9.35597 311.537 1098.09 -24932.9 1.13127 74.1218 10.0478 -311.537 1629.2 4453.17 -1.13127
-69.0194 -9.04444 310.081 1062.66 -24365.9 1.30763 72.3406 9.88077 -310.081 1597.36 4417.15 -1.30763
-66.595 -8.35106 308.738 976.429 -23649.6 1.47867 70.0305 9.3675 -308.738 1513.99 4368.74 -1.47867
-63.8126 -7.28856 307.62 841.203 -22796.4 1.64374 67.2872 8.52268 -307.62 1381.16 4294.88 -1.64374
-60.7223 -5.87312 306.765 657.575 -21817.6 1.80222 64.2271 7.33899 -306.765 1199.51 4183.72 -1.80222
-57.3604 -4.11594 306.146 426.2 -20721.5 1.95349 60.9201 5.81698 -306.146 970.049 4028.42 -1.95349
-53.7547 -2.02119 305.599 148.435 -19511.4 2.09699 57.3525 3.96328 -305.599 692.927 3830.36 -2.09699
-49.8918 0.433131 305.201 -176.674 -18189.5 2.23217 53.5034 1.77085 -305.201 365.033 3596.54 -2.23217
-45.703 3.25648 305.06 -548.296 -16757.2 2.35854 49.3874 -0.762394 -305.06 -16.0876 3335.95 -2.35854
-41.1352 6.5162 305.407 -973.056 -15211.6 2.47564 44.9168 -3.70807 -305.407 -463.313 3065.46 -2.47564
-36.2165 10.1442 306.218 -1445.57 -13548.7 2.58311 39.9337 -6.99003 -306.218 -961.771 2799.18 -2.58311
-30.9798 14.0475 307.369 -1947.21 -11772.1 2.68063 34.4409 -10.526 -307.369 -1505.5 2535.76 -2.68063
-25.3937 18.1768 308.811 -2477.85 -9890.08 2.76782 28.5309 -14.2991 -308.811 -2085.32 2274.86 -2.76782
-19.5827 22.3501 311.626 -3008.14 -7940.45 2.84416 22.3834 -18.1533 -311.626 -2683.12 2011.48 -2.84416
-13.9828 26.4951 316.649 -3513.9 -5990.28 2.90902 16.4192 -22.055 -316.649 -3308.28 1692.38 -2.90902
-8.5994 30.6192 323.249 -4030.83 -4053.71 2.96183 10.6333 -26.0518 -323.249 -3932.77 1331.75 -2.96183
-3.3515 34.8789 330.669 -4581.29 -2128.39 3.00228 4.89671 -30.2894 -330.669 -4576.67 956.871 -3.00228
2.06269 39.2854 337.216 -5186.07 -190.626 3.03023 -1.08799 -34.7222 -337.216 -5214.25 628.221 -3.03023
7.82977 43.6365 341.617 -5810.23 1797.71 3.04553 -7.4889 -39.0931 -341.617 -5815.91 357.296 -3.04553
13.8732 47.6799 343.128 -6401.37 3832.55 3.0479 -14.2037 -43.1298 -343.128 -6360.36 122.765 -3.0479
20.0548 51.3873 343.45 -6946.76 5891.87 3.03697 -21.099 -46.8299 -343.45 -6855.98 -91.6946 -3.03697
26.0305 54.4609 342.937 -7396.16 7914.51 3.01245 -27.8047 -49.9382 -342.937 -7275.39 -325.348 -3.01245
31.4978 56.8946 342.539 -7753.99 9826.94 2.97419 -33.94 -52.4571 -342.539 -7613.64 -600.616 -2.97419
36.1724 58.7172 341.331 -8030.48 11574.8 2.92227 -39.0826 -54.4429 -341.331 -7872.41 -962.585 -2.92227
40.3875 59.8742 340.587 -8222.36 13188.8 2.85696 -43.509 -55.8776 -340.587 -8044.8 -1356.08 -2.85696
44.3215 60.378 339.611 -8328.47 14678.6 2.77861 -47.4653 -56.7437 -339.611 -8131.23 -1731.54 -2.77861
48.26 60.2382 338.644 -8347.61 16071.1 2.68755 -51.2483 -56.9719 -338.644 -8124.5 -2033.84 -2.68755
52.2928 59.397 337.123 -8259.6 17379.2 2.584 -55.019 -56.4344 -337.123 -8018.71 -2240.82 -2.584
56.306 57.8685 335.023 -8062.52 18593.4 2.46816 -58.7153 -55.1281 -335.023 -7817.31 -2367.81 -2.46816
60.1249 55.6287 332.857 -7758.86 19698.4 2.34028 -62.171 -53.0637 -332.857 -7515.96 -2447.33 -2.34028
63.5483 52.6911 331.196 -7352.85 20677.2 2.20074 -65.2065 -50.2959 -331.196 -7120.06 -2515.59 -2.20074
66.4284 49.0928 330.022 -6848.46 21515.1 2.05006 -67.6946 -46.8563 -330.022 -6635.29 -2596.63 -2.05006
68.6382 44.9567 328.942 -6268.44 22195.6 1.88894 -69.5339 -42.8628 -328.942 -6072.73 -2705.92 -1.88894
70.1287 40.256 327.585 -5610.48 22716.6 1.71814 -70.7615 -38.3142 -327.585 -5430.74 -2843.39 -1.71814
70.8592 35.0786 326.138 -4897.53 23078.4 1.53852 -71.4063 -33.3251 -326.138 -4714.88 -3010.65 -1.53852
70.91 29.4764 324.259 -4134.46 23288.4 1.35101 -71.5643 -27.9873 -324.259 -3940.44 -3190.62 -1.35101
70.4101 23.5043 322.132 -3333.84 23358 1.15655 -71.315 -22.4177 -322.132 -3119 -3365.43 -1.15655
69.4992 17.207 320.224 -2498.46 23299.8 0.956126 -70.7211 -16.6884 -320.224 -2264.25 -3518.95 -0.956126
68.2642 10.7144 318.389 -1644.56 23114.3 0.750774 -69.7308 -10.8679 -318.389 -1387.75 -3646.74 -0.750774
66.7145 4.18742 316.539 -784.623 22801 0.541571 -68.329 -5.00725 -316.539 -506.83 -3749.28 -0.541571
64.8364 -2.29119 314.804 79.4234 22365.2 0.329668 -66.5968 0.918356 -314.804 372.301 -3822.32 -0.329668
62.5747 -8.72907 313.076 948.122 21805.1 0.116283 -64.5226 6.98529 -313.076 1260.88 -3873.47 -0.116283
59.952 -14.8806 311.535 1791.64 21124.1 -0.0973232 -62.0771 12.949 -311.535 2119.9 -3906.82 0.0973232
56.9772 -20.7382 310.092 2606.42 20323.6 -0.309875 -59.2387 18.7475 -310.092 2943.13 -3925.71 0.309875
53.6475 -26.2826 308.564 3391.08 19403.5 -0.520106 -55.9891 24.2943 -308.564 3717.03 -3933.1 0.520106
50.0314 -31.3435 306.989 4111.6 18379.6 -0.726776 -52.4777 29.3787 -306.989 4422.16 -3913.97 0.726776
46.1918 -35.7508 305.309 4738.69 17263.5 -0.928692 -48.7619 33.8068 -305.309 5036.61 -3863.07 0.928692
42.1812 -39.4306 303.766 5259.84 16062.8 -1.12473 -44.8181 37.4923 -303.766 5550.42 -3783.95 1.12473
38.0644 -42.2636 302.502 5652.44 14792.3 -1.31386 -40.6999 40.3191 -302.502 5953.11 -3674.56 1.31386
33.8928 -44.2603 301.346 5920.26 13457.9 -1.49511 -36.4148 42.2972 -301.346 6243.79 -3532.72 1.49511
29.7701 -45.388 300.721 6053.56 12081.9 -1.66762 -32.0812 43.3716 -300.721 6419.91 -3349.35 1.66762
25.6386 -45.7711 301.002 6086 10654.9 -1.83055 -27.6076 43.6641 -301.002 6482.36 -3136.02 1.83055
21.5389 -45.3722 302.187 6009.54 9197.03 -1.98317 -23.1001 43.1408 -302.187 6429.19 -2892.09 1.98317
17.4427 -44.0896 302.984 5801.23 7717.22 -2.12482 -18.7078 41.7186 -302.984 6257.35 -2609.87 2.12482
13.5566 -41.9837 304.338 5464.62 6252.58 -2.25494 -14.6415 39.4927 -304.338 5985.23 -2267.65 2.25494
9.75237 -39.1502 306.174 5025.4 4798.8 -2.37304 -10.7289 36.6082 -306.174 5620.94 -1903.34 2.37304
5.97282 -35.6452 309.125 4505.17 3362.86 -2.47875 -6.94438 33.1676 -309.125 5165.17 -1535.55 2.47875
2.06779 -31.6396 313.391 3931.43 1937.79 -2.57182 -3.13463 29.3539 -313.391 4640.12 -1199.94 2.57182
-2.13238 -27.1669 317.678 3327.69 502.645 -2.65201 0.95084 25.1973 -317.678 4031.25 -934.645 2.65201
-6.73591 -22.1945 321.479 2674.17 -984.148 -2.71898 5.44806 20.6644 -321.479 3349.04 -732.328 2.71898
-11.5445 -16.864 325.199 1996.28 -2502.66 -2.77237 10.1309 15.8919 -325.199 2607.2 -553.28 2.77237
-16.6918 -11.1623 329.206 1283.02 -4110.68 -2.81186 15.1587 10.8044 -329.206 1804.28 -380.826 2.81186
-22.3993 -5.00342 333.884 486.88 -5871.7 -2.83717 20.7972 5.19367 -333.884 946.57 -219.851 2.83717
-27.7731 1.25518 335.541 -336.569 -7587.5 -2.84794 26.1708 -0.683061 -335.541 64.7719 -19.7671 2.84794
-32.2056 7.22502 333.709 -1127.57 -9139.3 -2.84382 30.6808 -6.44985 -333.709 -793.478 270.273 2.84382
-35.8835 12.7239 331.256 -1860.02 -10563.9 -2.82484 34.5872 -11.8702 -331.256 -1595.45 624.135 2.82484
-39.3483 17.6758 330.777 -2531.6 -11932.2 -2.79149 38.4747 -16.7868 -330.777 -2310.68 954.336 2.79149
-42.7854 21.9813 332.51 -3125.17 -13260.1 -2.74439 42.4949 -21.0529 -332.51 -2921.78 1229.34 2.74439
-46.0145 25.6656 334.405 -3630.8 -14514.5 -2.68394 46.4344 -24.6847 -334.405 -3444.4 1471.61 2.68394
-48.9651 28.6332 334.597 -4045.33 -15669.2 -2.61043 50.1702 -27.5916 -334.597 -3855.52 1682.43 2.61043
-51.5238 30.829 333.076 -4359.4 -16703.3 -2.52414 53.5461 -29.7486 -333.076 -4153.21 1879.01 2.52414
-53.5654 32.2566 330.598 -4570.64 -17603.8 -2.42547 56.4406 -31.1998 -330.598 -4346.57 2083 2.42547
-55.0891 32.8671 328.339 -4673.23 -18369.4 -2.31488 58.78 -31.9018 -328.339 -4428.43 2303.19 2.31488
-56.1499 32.6964 326.915 -4667.64 -19001.7 -2.19286 60.5846 -31.8578 -326.915 -4403.85 2530.51 2.19286
-56.8085 31.758 325.995 -4553.2 -19500 -2.06004 61.94 -31.0539 -325.995 -4273.44 2743.93 2.06004
-57.2041 30.0492 324.855 -4330.55 -19863.7 -1.91708 62.8887 -29.4927 -324.855 -4036.54 2917.31 1.91708
-57.4128 27.6008 323.034 -4004.6 -20091.7 -1.76469 63.482 -27.2171 -323.034 -3698.57 3032.04 1.76469
-57.4635 24.4736 320.74 -3583.39 -20186.7 -1.60362 63.777 -24.2759 -320.74 -3266.89 3078.52 1.60362
-57.3136 20.6924 318.341 -3069.1 -20148.1 -1.43464 63.778 -20.6597 -318.341 -2741.55 3061.62 1.43464
-56.8959 16.3376 316.213 -2473.25 -19972 -1.2585 63.434 -16.4286 -316.213 -2130.78 2993.72 1.2585
-56.1591 11.5475 314.453 -1816.86 -19650.7 -1.076 62.6449 -11.7072 -314.453 -1450.52 2888.44 1.076
-55.0489 6.38427 313.071 -1109.88 -19178.5 -0.887968 61.3397 -6.52535 -313.071 -703.747 2757.7 0.887968
-53.4704 1.10466 311.805 -383.277 -18548.6 -0.695356 59.4851 -1.12233 -311.805 70.8151 2612.65 0.695356
-51.4076 -4.06641 310.387 337.131 -17758.9 -0.499176 57.0274 4.24913 -310.387 831.873 2461.1 0.499176
-48.8757 -8.90742 308.794 1014.48 -16816.6 -0.300508 53.9939 9.31677 -308.794 1546.92 2304.26 0.300508
-45.7551 -13.3598 307.098 1640.03 -15725.1 -0.100488 50.4249 13.9956 -307.098 2204.49 2156.56 0.100488
-42.1242 -17.2948 305.553 2199.79 -14501.5 0.0997255 46.4118 18.1699 -305.553 2784.23 2011.06 -0.0997255
-38.108 -20.5215 304.682 2663.48 -13165.9 0.298963 42.0264 21.6681 -304.682 3265.5 1860.27 -0.298963
-33.7751 -22.837 304.07 3000.43 -11733.4 0.496071 37.3268 24.2875 -304.07 3621.96 1701.44 -0.496071
-29.2438 -24.2587 303.559 3216.93 -10211.1 0.689935 32.3046 26.0217 -303.559 3848.9 1526.26 -0.689935
-24.669 -24.7747 303.937 3303.67 -8618.73 0.879518 27.1325 26.8178 -303.937 3946.51 1308.27 -0.879518
-20.1231 -24.254 305.143 3230.06 -6986.23 1.06387 22.0325 26.4899 -305.143 3900.85 1036.13 -1.06387
-15.7177 -22.8047 307.931 3019.89 -5351.4 1.24212 17.1673 25.0734 -307.931 3708.35 709.084 -1.24212
-11.7442 -20.4277 312.698 2666.79 -3772.5 1.41336 12.7403 22.5307 -312.698 3370.19 315.935 -1.41336
-7.9052 -17.1673 317.706 2198.97 -2238.12 1.57668 8.37548 18.9277 -317.706 2873.6 -59.9974 -1.57668
-3.70087 -13.188 321.878 1632.11 -697.378 1.73115 3.63185 14.4742 -321.878 2255.51 -337.51 -1.73115
1.15434 -8.73521 325.045 1011.45 872.193 1.87585 -1.69387 9.47611 -325.045 1548.11 -470.554 -1.87585
6.67001 -3.86042 327.955 338.199 2503.41 2.00975 -7.67411 4.02453 -327.955 770.254 -480.551 -2.00975
12.5574 1.31254 332.032 -381.655 4202.05 2.13179 -14.0904 -1.74862 -332.032 -48.0627 -444.52 -2.13179
18.8541 6.73541 336.828 -1159.35 6014.58 2.24112 -20.9321 -7.7671 -336.828 -878.081 -405.223 -2.24112
24.4318 11.7378 338.44 -1879.44 7729.95 2.3372 -27.0463 -13.2969 -338.44 -1637.98 -472.273 -2.3372
28.3378 15.959 335.655 -2485.54 9187.76 2.41972 -31.4441 -17.9256 -335.655 -2275.54 -758.291 -2.41972
30.8858 19.4962 331.562 -2994.06 10424.2 2.48857 -34.4369 -21.7356 -331.562 -2799.5 -1211.57 -2.48857
32.8241 22.3215 329.815 -3395.19 11529.3 2.54393 -36.8106 -24.7057 -329.815 -3212.82 -1706.24 -2.54393
34.7079 24.3807 330.705 -3685.27 12560.7 2.58618 -39.0432 -26.8086 -330.705 -3507.72 -2154.76 -2.58618
36.8811 25.7613 332.039 -3878.77 13539.8 2.61562 -41.4884 -28.1669 -332.039 -3699.19 -2480.82 -2.61562
39.4389 26.441 331.877 -3971.74 14461.7 2.63231 -44.2462 -28.7984 -331.877 -3790.51 -2652.47 -2.63231
42.2532 26.4102 329.835 -3964 15309.8 2.63627 -47.2026 -28.7213 -329.835 -3783.07 -2687.22 -2.63627
45.0544 25.6891 326.989 -3860.73 16062.3 2.62756 -50.0848 -27.9885 -326.989 -3681.98 -2639.33 -2.62756
47.4838 24.267 324.617 -3666.28 16693.4 2.60638 -52.5872 -26.637 -324.617 -3486.59 -2576.05 -2.60638
49.2079 22.1591 323.35 -3385.03 17178 2.5731 -54.4918 -24.7085 -323.35 -3200.58 -2549.54 -2.5731
50.037 19.3667 322.743 -3015.43 17494.2 2.52815 -55.6585 -22.1739 -322.743 -2821.57 -2584.38 -2.52815
50.0317 15.9393 321.972 -2561.55 17631.6 2.47206 -55.9868 -19.0284 -321.972 -2351.74 -2675.87 -2.47206
49.4101 11.9261 320.413 -2024.85 17598.3 2.40539 -55.5584 -15.2725 -320.413 -1796.64 -2790.13 -2.40539
48.3811 7.4317 318.122 -1416.87 17417.8 2.32867 -54.6526 -10.9738 -318.122 -1168.93 -2882.2 -2.32867
47.1164 2.50091 315.626 -743.573 17117.3 2.24239 -53.5581 -6.16762 -315.626 -473.913 -2914.53 -2.24239
45.7434 -2.75619 313.603 -21.2279 16715.4 2.14693 -52.4207 -0.976618 -313.603 271.972 -2867.01 -2.14693
44.2759 -8.24168 311.987 734.365 16211.9 2.04267 -51.2234 4.46706 -311.987 1052.2 -2739.98 -2.04267
42.6563 -13.9277 310.81 1515.26 15598.4 1.93001 -49.8795 10.1152 -310.81 1864.02 -2545.27 -1.93001
40.7403 -19.7077 309.654 2314.41 14853.5 1.80944 -48.1904 15.8875 -309.654 2688.2 -2309.84 -1.80944
38.2974 -25.3396 308.269 3106.96 13952.5 1.68148 -45.9233 21.5764 -308.269 3486.44 -2074 -1.68148
35.2723 -30.6283 306.638 3849.64 12895.2 1.54677 -43.0394 26.9941 -306.638 4248.21 -1850.68 -1.54677
31.6512 -35.3428 305.149 4511.85 11688.8 1.40605 -39.4741 31.8768 -305.149 4934.62 -1658.1 -1.40605
27.5457 -39.5173 304.378 5103.42 10350.2 1.26013 -35.3491 36.2286 -304.378 5541.2 -1480.27 -1.26013
23.1339 -43.2135 305.338 5630.53 8906.7 1.10988 -30.9 40.1162 -305.338 6079.83 -1286.26 -1.10988
18.6534 -46.0636 306.628 6035.13 7390.7 0.956215 -26.3413 43.2055 -306.628 6509.94 -1045.19 -0.956215
14.321 -47.9633 307.17 6291.88 5829.5 0.80007 -21.826 45.3899 -307.17 6827.16 -732.53 -0.80007
10.3399 -49.0056 308.668 6422.82 4262.67 0.64234 -17.5317 46.7396 -308.668 7032.49 -334.208 -0.64234
6.347 -49.2935 311.869 6455.23 2660.33 0.483828 -13.1016 47.354 -311.869 7127 78.5683 -0.483828
2.15336 -48.7263 315.3 6385.15 1014.51 0.325294 -8.36574 47.1239 -315.3 7085.13 463.289 -0.325294
-2.4668 -47.3352 319.328 6216.55 -699.918 0.167609 -3.17024 46.0677 -319.328 6909.89 791.791 -0.167609
-7.71868 -44.9649 322.153 5921.73 -2532.58 0.0118136 2.70349 44.0343 -322.153 6585.85 1054.29 -0.0118136
-13.6823 -41.7139 325.593 5506.08 -4527.77 -0.14097 9.35416 41.1171 -325.593 6134.66 1270.02 0.14097
-20.2933 -37.3882 329.488 4924.84 -6648.76 -0.289589 16.6595 37.0907 -329.488 5542.17 1428.5 0.289589
-26.9803 -31.8011 331.932 4149.21 -8788.64 -0.43292 23.9689 31.7405 -331.932 4780.8 1594.7 0.43292
-32.7867 -25.5507 332.367 3287.66 -10787.2 -0.570054 30.3225 25.6468 -332.367 3907.61 1877.76 0.570054
-37.6891 -18.5802 331.803 2325.88 -12633 -0.70048 35.7032 18.7151 -331.803 2915.71 2271.98 0.70048
-41.9157 -11.2772 331.68 1308.44 -14357.7 -0.824038 40.2845 11.2857 -331.68 1862.86 2752.4 0.824038
-45.8457 -4.22635 332.699 324.725 -15993.6 -0.940698 44.4232 3.95034 -332.699 824.867 3247.8 0.940698
-49.7926 2.58284 334.371 -637.949 -17570.8 -1.05037 48.481 -3.25975 -334.371 -182.61 3693.66 1.05037
-53.9216 8.7884 335.585 -1527.72 -19097 -1.15281 52.6455 -9.94101 -335.585 -1103.89 4048.33 1.15281
-58.2982 14.1058 335.696 -2304.12 -20573.8 -1.24769 57.0222 -15.752 -335.696 -1891.49 4289.67 1.24769
-62.7578 18.5603 334.423 -2959.49 -21983.9 -1.33463 61.4901 -20.6627 -334.423 -2552.31 4440.62 1.33463
-67.133 22.0122 332.664 -3471.3 -23313.9 -1.41322 65.8892 -24.4844 -332.664 -3062.76 4533.6 1.41322
-71.2418 24.3831 331.236 -3825.72 -24546.9 -1.48303 70.015 -27.146 -331.236 -3415.61 4605.71 1.48303
-74.9144 25.6161 330.274 -4017.61 -25662.1 -1.54371 73.6842 -28.6434 -330.274 -3607.45 4685.77 1.54371
-78.0367 25.6212 329.548 -4039.34 -26643.1 -1.59503 76.7942 -28.9254 -329.548 -3626.06 4787.77 1.59503
-80.5823 24.3708 328.563 -3883.87 -27482.1 -1.63684 79.3636 -27.9544 -328.563 -3469.33 4905.39 1.63684
-82.5792 21.8476 326.918 -3548.09 -28179.6 -1.66909 81.483 -25.7003 -326.918 -3133.67 5022.45 1.66909
-84.0932 18.0558 324.723 -3036.2 -28742.1 -1.69175 83.2621 -22.1824 -324.723 -2618.21 5120.91 1.69175
-85.218 13.0534 322.312 -2354.37 -29178.1 -1.70481 84.7856 -17.4436 -322.312 -1930.99 5184.05 1.70481
-86.0922 6.95271 320.068 -1512.84 -29495.3 -1.7082 86.0914 -11.5539 -320.068 -1087.4 5194.71 1.7082
-86.7321 -0.0629433 317.97 -540.162 -29687.2 -1.7018 87.1151 -4.68059 -317.97 -108.158 5153.13 1.7018
-87.1408 -7.86314 315.906 545.511 -29747.5 -1.68547 87.8246 3.03661 -315.906 986.901 5057.06 1.68547
-87.2725 -16.086 313.938 1693.47 -29667.4 -1.65908 88.1337 11.2328 -313.938 2146.37 4916.27 1.65908
-87.0387 -24.464 311.864 2871.68 -29433.3 -1.62253 87.9168 19.6345 -311.864 3326.31 4747.35 1.62253
-86.3965 -32.862 309.857 4059.17 -29040.5 -1.5758 87.1289 28.0955 -309.857 4508.09 4557.76 1.5758
-85.2505 -41.1128 308.158 5237.82 -28486.3 -1.51896 85.7631 36.4488 -308.158 5662.85 4359.16 1.51896
-83.5358 -49.0196 305.977 6378.14 -27765.6 -1.45211 83.8195 44.4798 -305.977 6762.26 4155.76 1.45211
-81.2855 -56.3102 303.009 7432.93 -26884.9 -1.37544 81.3168 51.8927 -303.009 7773.66 3946.89 1.37544
-78.5361 -62.7833 300.082 8376.59 -25861.5 -1.28922 78.3177 58.4965 -300.082 8667.59 3735.55 1.28922
-75.3659 -68.2626 297.887 9181.88 -24718 -1.19381 74.945 64.1636 -297.887 9428.63 3515.72 1.19381
-71.9253 -72.6652 296.325 9832.31 -23469.9 -1.08967 71.3272 68.8454 -296.325 10054.8 3263.97 1.08967
-68.2449 -75.896 294.847 10312.8 -22118.9 -0.977374 67.4579 72.4553 -294.847 10535.5 2978.6 0.977374
-64.2357 -77.7594 293.409 10595.6 -20667.1 -0.857589 63.2753 74.7938 -293.409 10843.1 2682.9 0.857589
-59.7696 -78.273 292.047 10686.4 -19106.7 -0.731016 58.7348 75.8408 -292.047 10971.5 2393.34 0.731016
-54.7928 -77.4295 290.736 10586.9 -17439.4 -0.598419 53.8207 75.5208 -290.736 10907.4 2121.26 0.598419
-49.3734 -75.2075 289.951 10288.8 -15680.1 -0.460698 48.5766 73.7523 -289.951 10644.5 1865.81 0.460698
-43.5407 -71.5986 289.874 9783.45 -13837.8 -0.318909 43.0574 70.496 -289.874 10185 1624.17 0.318909
-37.3709 -66.6167 290.566 9076.37 -11920.4 -0.174169 37.3381 65.7902 -290.566 9530.57 1382.82 0.174169
-30.9614 -60.2106 291.585 8157.62 -9945.59 -0.0275707 31.4576 59.6303 -291.585 8683.34 1140.67 0.0275707
-24.4834 -52.41 293.637 7034.53 -7937.09 0.119843 25.5514 52.0842 -293.637 7649.74 878.146 -0.119843
-18.1266 -43.3192 297.591 5729.22 -5922.42 0.267083 19.7452 43.2805 -297.591 6440.39 578.505 -0.267083
-12.2662 -32.9909 305.156 4268.27 -3953.54 0.413239 14.4079 33.2798 -305.156 5044.64 189.237 -0.413239
-7.03812 -21.3263 316.332 2677.08 -2072.41 0.557486 9.69416 21.9608 -316.332 3406.18 -288.159 -0.557486
-1.80228 -8.42759 328.963 974.871 -195.046 0.699012 4.91277 9.40656 -328.963 1531.69 -750.453 -0.699012
4.68871 5.07453 340.356 -775.738 1820.57 0.836805 -1.2336 -3.77038 -340.356 -466.869 -982.32 -0.836805
13.6794 19.1435 352.738 -2674.88 4193.32 0.969442 -9.95606 -17.553 -352.738 -2481.75 -857.902 -0.969442
24.326 32.5364 358.663 -4532.61 6810.25 1.09514 -20.3716 -30.7263 -358.663 -4357.62 -507.302 -1.09514
34.0945 44.0354 354.696 -6133.65 9294.77 1.2122 -29.9653 -42.1068 -354.696 -5972.19 -263.797 -1.2122
41.8301 54.0446 347.305 -7544.16 11512.5 1.31965 -37.5553 -52.0937 -347.305 -7372.03 -321.141 -1.31965
47.5124 62.8137 342.766 -8803.35 13496 1.41727 -43.0932 -60.9146 -342.766 -8585.1 -720.996 -1.41727
51.4881 70.4043 343.798 -9910.94 15296.9 1.50524 -46.9532 -68.596 -343.798 -9624.21 -1412.94 -1.50524
54.3989 76.7461 348.196 -10843.6 16966.5 1.58364 -49.8097 -75.0222 -348.196 -10486.5 -2263.6 -1.58364
57.0325 81.6969 351.767 -11578.1 18550.6 1.6524 -52.4064 -80.009 -351.767 -11149.1 -3104.41 -1.6524
60.1112 85.1092 351.545 -12082.2 20103.6 1.71141 -55.4026 -83.3669 -351.545 -11596.7 -3796.52 -1.71141
64.0748 87.0115 347.524 -12358.2 21669.6 1.76055 -59.2777 -85.1102 -347.524 -11832.9 -4255.36 -1.76055
69.0735 87.4788 342.442 -12413.5 23281.8 1.79954 -64.2335 -85.3499 -342.442 -11876.7 -4463.96 -1.79954
74.7878 86.5214 338.845 -12256.7 24929 1.82799 -70.0376 -84.157 -338.845 -11731 -4488.08 -1.82799
80.6222 84.1308 337.683 -11891.2 26555.5 1.84546 -76.1185 -81.5811 -337.683 -11398.3 -4435.37 -1.84546
85.9143 80.3724 337.973 -11333.2 28073.5 1.85165 -81.736 -77.7275 -337.973 -10886.5 -4415.48 -1.85165
90.0908 75.2339 338.34 -10582.7 29407.6 1.84639 -86.2829 -72.5938 -338.34 -10193.2 -4518.98 -1.84639
92.7698 68.8175 337.53 -9663.76 30504 1.82978 -89.4233 -66.2647 -337.53 -9320.75 -4793.68 -1.82978
94.0233 61.3765 335.072 -8611.33 31362.7 1.80215 -91.3117 -58.9789 -335.072 -8303.25 -5207.85 -1.80215
94.2236 53.1554 331.629 -7454.67 32020.3 1.76398 -92.3067 -50.9503 -331.629 -7175.92 -5695.26 -1.76398
93.9537 44.4124 328.804 -6228.92 32535.6 1.71578 -92.8904 -42.4153 -328.804 -5973.21 -6164.58 -1.71578
93.5864 35.2376 326.645 -4945.29 32943.3 1.65796 -93.4169 -33.4613 -326.645 -4708.9 -6548.44 -1.65796
93.3848 25.7999 324.214 -3630.14 33256.9 1.59081 -94.1047 -24.2624 -324.214 -3404.73 -6793.01 -1.59081
93.4909 16.2924 321.579 -2308.17 33477.1 1.51452 -94.9338 -15.0039 -321.579 -2089.3 -6881.87 -1.51452
93.8459 6.92768 318.673 -1009.76 33584.1 1.42924 -95.67 -5.87481 -318.673 -788.608 -6836.39 -1.42924
94.1437 -2.07929 315.286 237.595 33543.9 1.33521 -96.0169 2.94201 -315.286 468.917 -6707.41 -1.33521
94.0919 -10.36 312.288 1396.02 33340.5 1.23275 -95.8317 11.1215 -312.288 1623.71 -6539.49 -1.23275
93.4735 -17.821 310.16 2447.58 32962.5 1.12235 -95.0268 18.6124 -310.16 2673.38 -6363.87 -1.12235
92.1488 -24.2531 308.602 3361.81 32397.7 1.00465 -93.4997 25.2016 -308.602 3589.07 -6202.41 -1.00465
89.9865 -29.5483 306.747 4123.58 31634.2 0.880378 -91.2027 30.7231 -306.747 4347.37 -6068.73 -0.880378
87.0095 -33.6825 304.493 4723.03 30682.5 0.75036 -88.2794 35.0868 -304.493 4942.07 -5949.96 -0.75036
83.3502 -36.4708 302.109 5130.19 29559.1 0.615435 -84.791 38.0755 -302.109 5346.66 -5835.21 -0.615435
79.2175 -37.923 299.843 5343.93 28282.6 0.476446 -80.7846 39.6948 -299.843 5564.45 -5707.06 -0.476446
74.7543 -37.9998 297.957 5358.66 26873.4 0.334234 -76.3694 39.9002 -297.957 5589.24 -5550.36 -0.334234
70.0136 -36.6853 296.583 5172.93 25349.4 0.189639 -71.7071 38.6912 -296.583 5420.23 -5352.69 -0.189639
65.0122 -34.0378 295.705 4794.72 23722.5 0.0435043 -66.9132 36.1291 -295.705 5066.24 -5107.58 -0.0435043
59.821 -30.1243 295.389 4235.37 21999.4 -0.103313 -61.9516 32.2783 -295.389 4534.4 -4816.61 0.103313
54.4668 -25.0346 295.563 3508.84 20180.5 -0.249938 -56.739 27.2672 -295.563 3841.42 -4488.27 0.249938
48.9701 -18.8026 296.309 2626.31 18270 -0.395483 -51.2299 21.1684 -296.309 2991.1 -4130.25 0.395483
43.2894 -11.6044 297.507 1615.94 16270 -0.539058 -45.443 14.1344 -297.507 2001.45 -3747.87 0.539058
37.4197 -3.58853 299.233 498.814 14192.9 -0.679789 -39.523 6.25215 -299.233 884.468 -3333.87 0.679789
31.3809 5.24258 302.105 -734.142 12044.9 -0.816857 -33.5275 -2.52151 -302.105 -356.429 -2883.6 0.816857
25.3945 14.6004 306.24 -2031.21 9842.37 -0.949546 -27.6188 -11.9334 -306.24 -1696.88 -2359.49 0.949546
19.7716 23.6497 313.777 -3269.3 7652.31 -1.0773 -22.0568 -21.152 -313.777 -3025.94 -1748.29 1.0773
14.634 31.9747 325.523 -4390.99 5518.73 -1.1997 -16.9458 -29.7271 -325.523 -4279.53 -1062.49 1.1997
8.97482 39.6738 337.212 -5452.69 3322.91 -1.3163 -11.2836 -37.7086 -337.212 -5421.9 -466.046 1.3163
1.87859 46.6825 345.407 -6452.61 962.265 -1.42631 -4.09008 -45.0157 -345.407 -6434.23 -122.475 1.42631
-6.92943 52.7381 349.306 -7347 -1619.48 -1.52852 4.95084 -51.3797 -349.306 -7285.53 -58.0427 1.52852
-17.008 57.6188 349.509 -8086.71 -4391.89 -1.62156 15.3508 -56.5791 -349.509 -7962.55 -172.166 1.62156
-27.0128 61.0945 347.722 -8622.09 -7160.7 -1.70427 25.6707 -60.4003 -347.722 -8452.68 -267.946 1.70427
-35.916 62.9367 345.664 -8912.05 -9786.5 -1.77577 34.8462 -62.6258 -345.664 -8734.37 -190.988 1.77577
-42.931 63.1997 343.9 -8986 -12158.9 -1.83563 42.1132 -63.2981 -343.9 -8791.83 166.084 1.83563
-48.1703 61.9001 343.286 -8843.74 -14296.6 -1.88371 47.6163 -62.3874 -343.286 -8623.47 785.788 1.88371
-51.932 59.0369 343.31 -8484.51 -16214.1 -1.92012 51.6451 -59.8361 -343.31 -8221.75 1600.1 1.92012
-55.2803 54.6363 343.161 -7901.77 -18006.2 -1.94497 55.2178 -55.659 -343.161 -7598.96 2411.6 1.94497
-58.7003 48.7018 340.944 -7092 -19717.7 -1.95823 58.8577 -49.8775 -340.944 -6762.07 3123.92 1.95823
-62.7852 41.5494 337.879 -6090.35 -21408 -1.9597 63.1958 -42.8231 -337.879 -5766.94 3624.42 1.9597
-67.7258 33.3868 334.557 -4944.64 -23091.6 -1.9491 68.3708 -34.7254 -334.557 -4627.26 3881.29 1.9491
-73.1541 24.1596 331.943 -3664.63 -24735.3 -1.9261 73.9922 -25.5512 -331.943 -3321.04 3967.52 1.9261
-78.7143 14.1174 330.375 -2273.62 -26297.8 -1.89042 79.737 -15.5867 -330.375 -1900.26 3937.04 1.89042
-83.8378 3.34089 329.385 -790.98 -27711.6 -1.8419 85.0613 -4.94717 -329.385 -373.158 3878.67 1.8419
-88.0905 -7.66251 328.142 722.413 -28915.5 -1.7806 89.4921 5.86077 -328.142 1178.75 3859 1.7806
-90.9572 -18.3756 325.996 2200.39 -29849.4 -1.70689 92.5009 16.3511 -325.996 2680.7 3964.76 1.70689
-92.2461 -28.5807 323.189 3622.62 -30495.2 -1.62141 93.9279 26.3354 -323.189 4095.91 4227.07 1.62141
-92.1351 -38.2432 320.307 4985.24 -30874.8 -1.52498 93.9708 35.8029 -320.307 5421.82 4615.01 1.52498
-90.9412 -47.2102 317.226 6268.41 -31021.4 -1.41845 92.9383 44.6235 -317.226 6638.49 5073.77 1.41845
-89.2 -55.4079 313.83 7450.68 -30988.1 -1.30259 91.3179 52.7482 -313.83 7750.08 5512.92 1.30259
-87.385 -62.6506 309.895 8501.52 -30823.9 -1.17812 89.5511 60.0132 -309.895 8737.97 5853 1.17812
-85.7939 -68.7994 306.074 9398.6 -30567.8 -1.04573 87.9397 66.2876 -306.074 9586.62 6048.51 1.04573
-84.4696 -73.7171 302.993 10122.8 -30234 -0.906129 86.5613 71.4191 -302.993 10274.5 6096.45 0.906129
-83.2606 -77.3116 300.906 10659.4 -29815.5 -0.76005 85.3586 75.2887 -300.906 10786.7 6018.97 0.76005
-81.8603 -79.4876 299.232 10992.2 -29281 -0.60832 84.0772 77.768 -299.232 11108 5863.72 0.60832
-79.9749 -80.1628 297.49 11107.3 -28594.2 -0.451876 82.3568 78.7521 -297.49 11225.9 5686.57 0.451876
-77.3363 -79.2579 295.616 10994.9 -27729.2 -0.291779 79.9228 78.1769 -295.616 11130.2 5537.73 0.291779
-73.7682 -76.7514 293.848 10653.4 -26673.4 -0.129192 76.6269 76.0238 -293.848 10816.7 5450.19 0.129192
-69.3112 -72.6669 292.445 10082.9 -25433.5 0.0346571 72.442 72.2727 -292.445 10285.9 5428.51 -0.0346571
-64.1188 -67.0689 291.642 9288.91 -24030.4 0.198531 67.4926 66.9113 -291.642 9539.68 5454.47 -0.198531
-58.4461 -60.073 291.426 8283.69 -22497.9 0.361229 62.0729 59.9784 -291.426 8587.4 5484.8 -0.361229
-52.6044 -51.8212 291.693 7085.26 -20870.3 0.521632 56.4388 51.586 -291.693 7446.76 5474.08 -0.521632
-46.9292 -42.5485 292.296 5732.11 -19180.8 0.678736 50.8684 42.0325 -292.296 6154.23 5369.5 -0.678736
-41.5606 -32.3812 293.513 4245.47 -17454.9 0.831676 45.5636 31.5512 -293.513 4739.12 5148.36 -0.831676
-36.4524 -21.4509 295.585 2662.24 -15697.3 0.979729 40.549 20.3575 -295.585 3213.33 4818.49 -0.979729
-31.6225 -10.0546 298.688 1034.39 -13909.1 1.12229 35.7856 8.80372 -298.688 1616.09 4383.81 -1.12229
-27.0461 1.69466 303.018 -607.756 -12079.1 1.25884 31.158 -2.98767 -303.018 -49.7857 3852.93 -1.25884
-22.9089 13.5812 309.177 -2222.27 -10225.6 1.38892 26.8544 -14.8341 -309.177 -1770.29 3191.58 -1.38892
-18.9443 24.4129 316.5 -3677.83 -8329.48 1.51222 22.5924 -25.6031 -316.5 -3350.31 2458.06 -1.51222
-14.6391 33.9427 324.336 -4948.34 -6356.57 1.62857 17.919 -35.0965 -324.336 -4753.43 1753.96 -1.62857
-9.3664 42.3225 330.892 -6086.99 -4244.88 1.73777 12.2549 -43.4561 -330.892 -5967.55 1186.79 -1.73777
-3.00111 49.5324 336.706 -7068.78 -2013.3 1.83937 5.38667 -50.601 -336.706 -7003.47 822.815 -1.83937
4.28253 55.6591 340.592 -7919.43 314.068 1.93251 -2.56521 -56.5519 -340.592 -7850.41 644.608 -1.93251
11.9372 60.6909 343.697 -8625.28 2677.36 2.0162 -10.9618 -61.257 -343.697 -8513.13 545.223 -2.0162
19.5735 64.3689 344.87 -9130.47 5071.6 2.08958 -19.3338 -64.4648 -344.87 -8975.71 408.835 -2.08958
26.6417 66.6877 344.787 -9432.54 7413.62 2.15203 -27.1564 -66.2048 -344.787 -9244.02 167.456 -2.15203
32.5681 67.5823 344.611 -9525.28 9589.97 2.20309 -33.7127 -66.486 -344.611 -9316.48 -246.717 -2.20309
37.224 66.9573 343.404 -9399.54 11574.2 2.24244 -38.8059 -65.2837 -343.404 -9185.36 -853.179 -2.24244
40.7599 65.1471 342.186 -9110.06 13368 2.27 -42.647 -62.9396 -342.186 -8890.91 -1602.63 -2.27
43.7435 62.3835 341.776 -8692.92 15021.7 2.2858 -45.8035 -59.6666 -341.776 -8459.61 -2386.11 -2.2858
46.8449 58.7379 341.424 -8159.97 16600.1 2.28991 -48.9951 -55.5326 -341.424 -7899.14 -3073.31 -2.28991
50.3694 54.2739 339.734 -7508.43 18138.5 2.28232 -52.6032 -50.6006 -339.734 -7230.08 -3603.22 -2.28232
54.675 49.3762 337.2 -6779.72 19664.5 2.26289 -56.9873 -45.2811 -337.2 -6522.74 -3902.95 -2.26289
59.5003 44.1188 334.546 -6001.81 21153.6 2.23135 -61.8665 -39.6957 -334.546 -5776.68 -4023.88 -2.23135
64.406 38.6188 332.549 -5206.2 22559.9 2.18737 -66.7314 -33.9975 -332.549 -4998.44 -4053.12 -2.18737
68.9302 33.155 331.473 -4433.43 23830.9 2.13072 -71.1093 -28.4809 -331.473 -4227.98 -4069.4 -2.13072
72.6696 27.7856 330.6 -3686.62 24918.6 2.06137 -74.6077 -23.1818 -330.6 -3475.43 -4136.7 -2.06137
75.3892 22.6168 329.649 -2976.82 25791.8 1.97956 -76.9322 -18.1629 -329.649 -2753.46 -4298.14 -1.97956
77.0959 17.8693 328.07 -2328.43 26445.4 1.88583 -78.0574 -13.5979 -328.07 -2093.09 -4551.54 -1.88583
77.947 13.6557 325.986 -1755.29 26905.4 1.78093 -78.2625 -9.56014 -325.986 -1506.6 -4861.45 -1.78093
78.1839 10.0759 323.778 -1266.27 27212.6 1.66575 -77.9631 -6.12692 -323.778 -1010.03 -5176.19 -1.66575
78.0618 7.17141 321.719 -867.875 27404.2 1.54121 -77.5007 -3.31526 -321.719 -605.087 -5449.28 -1.54121
77.8517 4.96116 320.007 -562.419 27508.7 1.40823 -77.0598 -1.13814 -320.007 -293.966 -5644.88 -1.40823
77.6943 3.46738 318.687 -356.158 27538.3 1.26771 -76.6844 0.343742 -318.687 -82.0507 -5749.38 -1.26771
77.5483 2.67039 317.61 -250.381 27490.3 1.12049 -76.3408 1.09287 -317.61 29.4434 -5770.66 -1.12049
77.2833 2.57394 316.676 -245.309 27352.7 0.9675 -75.9047 1.10924 -316.676 40.209 -5732.33 -0.9675
76.7246 3.1903 315.866 -338.179 27110.2 0.809678 -75.2194 0.443237 -315.866 -47.1526 -5665.82 -0.809678
75.7255 4.52457 315.209 -524.998 26749.9 0.648058 -74.1288 -0.837883 -315.209 -227.901 -5600.55 -0.648058
74.2054 6.55291 314.734 -801.088 26265.4 0.483753 -72.5416 -2.69652 -314.734 -498.077 -5554.44 -0.483753
72.1417 9.2075 314.366 -1160.29 25658 0.317942 -70.455 -5.11667 -314.366 -852.062 -5532.2 -0.317942
69.6279 12.4076 314.066 -1598.83 24938.2 0.151833 -67.9276 -8.11609 -314.066 -1284.78 -5522.98 -0.151833
66.8281 16.0225 313.834 -2107.24 24123.8 -0.013387 -65.0775 -11.6892 -313.834 -1786.54 -5504.98 0.013387
63.9025 19.9483 313.726 -2675.02 23235.5 -0.176596 -62.0767 -15.795 -313.726 -2347.45 -5452.25 0.176596
60.9772 24.0191 313.675 -3277.09 22289.6 -0.336769 -59.0496 -20.2262 -313.675 -2940.2 -5345.84 0.336769
58.1802 28.0792 313.93 -3882.17 21303.8 -0.492993 -56.1077 -24.7362 -313.93 -3539.5 -5169.71 0.492993
55.5197 32.0399 314.241 -4471.73 20280.4 -0.644468 -53.2502 -29.1597 -314.241 -4128.21 -4925.3 0.644468
52.8839 35.7166 314.397 -5021.25 19214.1 -0.790497 -50.4386 -33.2649 -314.397 -4672.29 -4628.28 0.790497
50.1789 39.0058 314.552 -5510.73 18104.6 -0.930466 -47.6749 -36.9338 -314.552 -5160.63 -4291.33 0.930466
47.2353 41.6624 314.583 -5907.74 16937.8 -1.06382 -44.7753 -39.9258 -314.583 -5557.41 -3949.86 1.06382
43.9654 43.557 314.661 -6195.75 15707.5 -1.19004 -41.6094 -42.1616 -314.661 -5849.85 -3628.29 1.19004
40.3597 44.6443 314.466 -6366.38 14409.8 -1.30864 -38.1428 -43.64 -314.466 -6039.76 -3328.99 1.30864
36.4738 44.8301 314.017 -6406.47 13054.3 -1.41916 -34.4077 -44.2318 -314.017 -6108.9 -3049.14 1.41916
32.299 44.0557 313.684 -6307.47 11651.5 -1.5212 -30.4737 -43.8289 -313.684 -6042.42 -2790.54 1.5212
27.9014 42.3871 313.54 -6081.47 10205.2 -1.61443 -26.3974 -42.4656 -313.54 -5842.3 -2539.83 1.61443
23.5341 39.7662 313.698 -5715.76 8746.14 -1.69857 -22.3178 -40.0953 -313.698 -5506.56 -2272.65 1.69857
19.3362 36.2286 314.336 -5210.89 7286.77 -1.77338 -18.3814 -36.7827 -314.336 -5048.75 -1961.31 1.77338
15.2844 31.7401 315.418 -4566.33 5836.61 -1.83866 -14.6683 -32.5175 -315.418 -4463.17 -1607.39 1.83866
11.4393 26.3235 317.318 -3802.51 4407.75 -1.8943 -11.2357 -27.3284 -317.318 -3736.6 -1206.44 1.8943
7.68841 20.0651 319.752 -2924.11 2997.36 -1.9402 -7.87362 -21.3098 -319.752 -2889.79 -800.96 1.9402
3.97286 13.1483 323.414 -1990.39 1605.78 -1.97632 -4.48509 -14.6573 -323.414 -1916.69 -413.202 1.97632
0.142149 5.89728 327.819 -1059.2 225.615 -2.00251 -0.963771 -7.68268 -327.819 -848.764 -71.8723 2.00251
-4.33366 -1.74674 331.261 -90.398 -1219.08 -2.01844 3.21738 -0.292052 -331.261 295.279 150.577 2.01844
-9.48269 -9.82435 332.802 975.147 -2755.45 -2.02357 8.11096 7.60092 -332.802 1474.05 270.095 2.02357
-15.3333 -17.8712 332.992 2072.19 -4429.48 -2.01737 13.7698 15.5644 -332.992 2626.89 321.397 2.01737
-21.3685 -25.3118 331.504 3103.59 -6155.52 -1.9995 19.6611 23.0216 -331.504 3689.1 366.404 1.9995
-26.8431 -31.9218 328.987 4028.45 -7796.79 -1.96992 25.003 29.7363 -328.987 4636.84 482.817 1.96992
-31.4028 -37.77 326.359 4862.44 -9304.72 -1.92892 29.4447 35.7829 -326.359 5474.55 721.036 1.92892
-35.1683 -42.781 324.549 5596.37 -10695.3 -1.87714 33.1132 41.0825 -324.549 6189.71 1062.17 1.87714
-38.4173 -46.9258 323.806 6217.59 -12000 -1.81538 36.3181 45.5791 -323.806 6783.02 1455.07 1.81538
-41.4137 -50.108 323.31 6705.9 -13243 -1.74428 39.3688 49.1579 -323.31 7244.99 1843.63 1.74428
-44.3754 -52.2847 322.618 7058.67 -14436.3 -1.66424 42.4626 51.7418 -322.618 7561.31 2181.63 1.66424
-47.3762 -53.3683 321.121 7253.56 -15582.2 -1.57558 45.5911 53.187 -321.121 7721.81 2462.24 1.57558
-50.4465 -53.333 319.179 7278.18 -16684.7 -1.47873 48.7554 53.418 -319.179 7724.66 2685.08 1.47873
-53.4922 -52.2046 317.411 7134.89 -17738.1 -1.37424 51.9102 52.4389 -317.411 7571.72 2863.88 1.37424
-56.4455 -49.9905 316.415 6823.27 -18735.8 -1.26283 54.9427 50.2431 -316.415 7263.55 3017.34 1.26283
-59.2151 -46.7653 316.25 6355.78 -19661.9 -1.1453 57.7133 46.9036 -316.25 6808.45 3161.81 1.1453
-61.7473 -42.5816 316.824 5738.8 -20508.4 -1.02254 60.2157 42.4955 -316.824 6217.98 3297.93 1.02254
-63.9477 -37.5311 317.44 4990.24 -21262.5 -0.895451 62.4235 37.1357 -317.44 5503.52 3429.83 0.895451
-65.7573 -31.7503 317.588 4133.21 -21912.7 -0.764926 64.2962 30.9898 -317.588 4684.43 3560.3 0.764926
-67.214 -25.349 317.765 3199.48 -22458.8 -0.631845 65.7699 24.2174 -317.765 3766.78 3692.62 0.631845
-68.4362 -18.6342 318.271 2234.78 -22909.3 -0.497035 66.931 17.1914 -318.271 2800.42 3806.46 0.497035
-69.5038 -11.6824 318.86 1249.45 -23273 -0.361245 67.9097 10.0454 -318.86 1804.51 3881.21 0.361245
-70.4099 -4.60098 319.495 261.825 -23551.3 -0.225152 68.7739 2.88469 -319.495 790.641 3909.65 0.225152
-71.1153 2.32062 319.843 -700.238 -23739 -0.0893775 69.511 -4.0386 -319.843 -192.962 3894.02 0.0893775
-71.6036 8.89506 320.082 -1609.95 -23833 0.0454951 70.0946 -10.583 -320.082 -1126.87 3837.19 -0.0454951
-71.7146 14.8563 320.134 -2436.55 -23815.6 0.178917 70.3464 -16.5129 -320.134 -1971.38 3769.06 -0.178917
-71.3066 20.076 319.968 -3158.46 -23671.1 0.310383 70.0999 -21.6746 -319.968 -2708.43 3717.1 -0.310383
-70.3662 24.4646 319.672 -3762.29 -23395.1 0.439437 69.2836 -25.9387 -319.672 -3320.61 3688.93 -0.439437
-68.9155 28.0026 318.944 -4242.69 -22987.5 0.565659 67.8892 -29.284 -318.944 -3807.55 3682.48 -0.565659
-67.0712 30.606 317.957 -4589.65 -22462.1 0.688644 66.0091 -31.6652 -317.957 -4161.11 3682.3 -0.688644
-64.9853 32.2796 316.842 -4808.23 -21836.9 0.807969 63.78 -33.1347 -316.842 -4384.22 3665.59 -0.807969
-62.7573 33.0293 315.721 -4897.82 -21130.9 0.923193 61.3989 -33.7059 -315.721 -4480.22 3609.73 -0.923193
-60.4335 32.8794 314.691 -4862.41 -20357.5 1.03386 59.006 -33.4085 -314.691 -4452.73 3501.93 -1.03386
-58.0132 31.877 313.75 -4706.47 -19520.9 1.13953 56.6242 -32.2623 -313.75 -4306.65 3343.23 -1.13953
-55.4641 30.1049 312.959 -4436.44 -18618.4 1.23976 54.1884 -30.2796 -312.959 -4048.94 3144.58 -1.23976
-52.6893 27.6585 312.201 -4063.98 -17638.8 1.33416 51.5477 -27.5244 -312.201 -3690.34 2929.54 -1.33416
-49.5746 24.6053 311.48 -3603.8 -16571.6 1.42237 48.5732 -24.092 -311.48 -3239.02 2721.75 -1.42237
-46.0401 21.0198 310.834 -3070.28 -15411.3 1.50407 45.1696 -20.1102 -310.834 -2709.06 2540.33 -1.50407
-42.0899 17.0316 310.363 -2488.26 -14161.6 1.57897 41.3591 -15.7296 -310.363 -2115 2385.13 -1.57897
-37.8027 12.7456 310.142 -1874.16 -12829.9 1.64676 37.1768 -11.0706 -310.142 -1472.09 2247.77 -1.64676
-33.3186 8.30518 310.019 -1243.76 -11427.8 1.70721 32.6556 -6.30114 -310.019 -808.301 2115.42 -1.70721
-28.8043 3.96283 309.685 -640.295 -9972.4 1.76012 27.9364 -1.71516 -309.685 -157.169 1961.99 -1.76012
-24.3135 -0.141568 309.757 -76.5006 -8480.08 1.80533 23.194 2.50436 -309.757 448.69 1771.68 -1.80533
-19.9069 -3.82389 310.366 422.398 -6968.36 1.84271 18.5959 6.15903 -310.366 980.765 1529.94 -1.84271
-15.8993 -7.03979 312.777 856.204 -5500.09 1.87212 14.4435 9.20552 -312.777 1426.94 1212.98 -1.87212
-12.2683 -9.57265 316.236 1181.23 -4096.66 1.89352 10.6495 11.4181 -316.236 1768.8 857.729 -1.89352
-8.7093 -11.4521 319.671 1399.83 -2740.55 1.90708 6.93785 12.8398 -319.671 2014.15 528.292 -1.90708
-4.71898 -12.9041 321.536 1565 -1387.17 1.91306 2.9273 13.744 -321.536 2180.13 304.288 -1.91306
-0.232999 -13.8172 322.179 1651.68 -27.4412 1.91165 -1.41043 14.0841 -322.179 2269.59 189.513 -1.91165
4.60456 -14.4713 322.37 1719.58 1335.23 1.90275 -6.01581 14.1951 -322.37 2309.18 158.678 -1.90275
9.54826 -14.7058 323.556 1736.92 2706.54 1.88612 -10.7264 13.9743 -323.556 2293.76 148.794 -1.88612
14.4347 -14.6505 325.505 1730.92 4086.66 1.86158 -15.3688 13.5768 -325.505 2236.12 112.4 -1.86158
19.3371 -14.2356 328.053 1674.97 5508.31 1.8291 -20.0166 12.9228 -328.053 2141.85 37.3831 -1.8291
23.9618 -13.4312 329.361 1565.62 6898.18 1.78883 -24.4134 11.9757 -329.361 2005.09 -80.3153 -1.78883
28.0705 -12.2644 328.648 1403.33 8201.84 1.74092 -28.3518 10.7632 -328.648 1833.05 -249.021 -1.74092
31.5765 -10.8244 326.518 1204.74 9399.2 1.68552 -31.76 9.36122 -326.518 1632.32 -470.938 -1.68552
34.6611 -9.26627 324.74 997.826 10503.8 1.62286 -34.8 7.90609 -324.74 1415.82 -711.219 -1.62286
37.6034 -7.61724 324.392 779.245 11546.2 1.55327 -37.7024 6.37458 -324.392 1187.49 -928.785 -1.55327
40.5224 -5.91099 325.206 551.539 12534.2 1.47712 -40.5578 4.73008 -325.206 944.357 -1101.88 -1.47712
43.3719 -4.19472 325.901 317.043 13456.6 1.39472 -43.3398 2.98922 -325.901 693.058 -1229.72 -1.39472
46.0647 -2.50203 325.784 79.8191 14299.3 1.30637 -45.9767 1.20646 -325.784 441.901 -1320.72 -1.30637
48.4544 -0.86704 324.713 -151.461 15046.2 1.21242 -48.3182 -0.556433 -324.713 195.695 -1400.46 -1.21242
50.4789 0.673271 323.32 -370.09 15692.8 1.11333 -50.2632 -2.22795 -323.32 -37.0154 -1487.35 -1.11333
52.0995 2.04826 322.406 -565.999 16240.9 1.00961 -51.8057 -3.71346 -322.406 -243.081 -1589.15 -1.00961
53.2989 3.24195 322.098 -734.822 16690.3 0.901804 -52.9578 -4.98577 -322.098 -420.792 -1706.49 -0.901804
54.1032 4.20411 321.995 -869.998 17039.6 0.790479 -53.7285 -5.98765 -321.995 -561.618 -1833.05 -0.790479
54.5588 4.90432 321.682 -967.348 17289.9 0.676174 -54.1715 -6.69524 -321.682 -662.106 -1956.09 -0.676174
54.7264 5.34131 320.901 -1026.97 17444 0.559436 -54.3103 -7.11487 -320.901 -722.86 -2066.5 -0.559436
54.6617 5.50282 319.832 -1047.56 17508.2 0.440833 -54.1867 -7.23971 -319.832 -742.519 -2156.89 -0.440833
54.3495 5.38374 318.755 -1029.63 17486.9 0.32096 -53.8446 -7.08356 -318.755 -721.768 -2227.61 -0.32096
53.7775 4.99014 317.876 -974.235 17381.9 0.200403 -53.2879 -6.65562 -317.876 -661.722 -2281.5 -0.200403
52.9446 4.34546 317.224 -882.874 17192.3 0.07973 -52.4813 -5.95711 -317.224 -564.336 -2322.85 -0.07973
51.8225 3.48008 316.659 -757.885 16915.3 -0.0404947 -51.3985 -4.99024 -316.659 -431.85 -2356.59 0.0404947
50.3917 2.42484 316.038 -602.394 16548.8 -0.159677 -50.0091 -3.77302 -316.038 -268.008 -2387.39 0.159677
48.6667 1.20867 315.291 -421.257 16093.3 -0.277196 -48.2915 -2.35085 -315.291 -78.3985 -2417.06 0.277196
46.6694 -0.12366 314.468 -223.44 15554.2 -0.392425 -46.2768 -0.801567 -314.468 128.714 -2443.38 0.392425
44.4216 -1.55299 313.703 -14.2539 14938.4 -0.504749 -44.0128 0.818875 -313.703 348.084 -2463.35 0.504749
41.9851 -3.0272 313.03 197.225 14253.5 -0.61356 -41.5216 2.43331 -313.03 570.619 -2472.92 0.61356
39.4489 -4.49115 312.54 403 13507.9 -0.718263 -38.8006 3.98347 -312.54 788.385 -2468.33 0.718263
36.8559 -5.89091 312.275 599.305 12711 -0.818271 -35.9181 5.45104 -312.275 994.99 -2443.2 0.818271
34.2033 -7.16978 312.041 782.64 11869.1 -0.913021 -32.929 6.83848 -312.041 1186.31 -2396.58 0.913021
31.5084 -8.25397 311.814 943.994 10990.3 -1.00197 -29.8705 8.08797 -311.814 1352.87 -2328.95 1.00197
28.7583 -9.13317 311.725 1078.03 10082 -1.08459 -26.8191 9.17473 -311.725 1495.07 -2238.63 1.08459
25.8975 -9.71972 311.722 1176.19 9145.54 -1.16041 -23.7419 9.99661 -311.722 1594.79 -2139.42 1.16041
22.9374 -9.98496 312.005 1226.52 8186.61 -1.22894 -20.628 10.4798 -312.005 1649.59 -2036.89 1.22894
19.9055 -9.85118 312.63 1211.31 7223.35 -1.28975 -17.5414 10.4822 -312.63 1646.34 -1936.31 1.28975
16.8112 -9.34322 313.641 1134.83 6259.93 -1.34247 -14.4745 9.99347 -313.641 1582.76 -1841.56 1.34247
13.6692 -8.42763 314.749 996.274 5306.77 -1.3868 -11.3939 9.01605 -314.749 1455.32 -1765.75 1.3868
10.5562 -7.17178 315.667 812.831 4375.66 -1.42256 -8.30836 7.69424 -315.667 1276.56 -1708.61 1.42256
7.53109 -5.53777 316.988 583.227 3474.46 -1.44959 -5.25839 6.0461 -316.988 1044.97 -1664.02 1.44959
4.68401 -3.60264 318.353 320.637 2616.68 -1.46785 -2.3707 4.18532 -318.353 774.163 -1615.04 1.46785
2.05437 -1.40302 319.224 37.0166 1800.95 -1.47736 0.309837 2.17311 -319.224 465.926 -1548.46 1.47736
-0.317499 1.0297 320.194 -263.531 1031.73 -1.47821 2.71401 0.035394 -320.194 124.212 -1453.3 1.47821
-2.41704 3.6052 321.432 -570.659 312.29 -1.47054 4.77312 -2.19811 -321.432 -244.47 -1321.13 1.47054
-4.53078 6.37593 322.639 -901.884 -387.13 -1.45457 6.66871 -4.63925 -322.639 -645.67 -1187.9 1.45457
-6.76386 9.31948 323.512 -1266.17 -1071.43 -1.43055 8.48446 -7.31834 -323.512 -1071.53 -1075.22 1.43055
-9.26748 12.3829 324.386 -1661.02 -1759.4 -1.39876 10.4204 -10.2341 -324.386 -1516.92 -1013.61 1.39876
-12.0278 15.4735 325.344 -2074.27 -2449.65 -1.35945 12.4246 -13.3113 -325.344 -1970.4 -995.25 1.35945
-15.066 18.6276 326.332 -2514.71 -3166.32 -1.3129 14.6831 -16.5487 -326.332 -2428.11 -1025.09 1.3129
-18.0895 21.6313 327.078 -2942.97 -3887.03 -1.25941 17.1331 -19.6494 -327.078 -2857.67 -1075.61 1.25941
-20.8117 24.4114 327.337 -3335.91 -4582.42 -1.1993 19.5419 -22.4736 -327.337 -3252.26 -1103.22 1.1993
-23.0563 26.8515 327.217 -3677.06 -5225.37 -1.13293 21.6587 -24.8935 -327.217 -3594.06 -1075.05 1.13293
-24.7935 28.9093 326.817 -3962.91 -5806.22 -1.06069 23.3677 -26.889 -326.817 -3877.8 -980.351 1.06069
-26.1159 30.5265 326.645 -4185.01 -6330.63 -0.983052 24.7097 -28.4393 -326.645 -4100.81 -832.162 0.983052
-27.0997 31.6718 326.59 -4344.86 -6799.27 -0.900488 25.7846 -29.5377 -326.59 -4256.28 -654.558 0.900488
-27.8996 32.3621 326.579 -4445.38 -7222.72 -0.813456 26.7047 -30.2276 -326.579 -4349.72 -474.464 0.813456
-28.7037 32.5712 326.534 -4484.38 -7612.64 -0.72241 27.585 -30.5033 -326.534 -4378.84 -322.74 0.72241
-29.5795 32.287 326.184 -4458.49 -7971.82 -0.62782 28.4613 -30.3508 -326.184 -4343.33 -211.08 0.62782
-30.5337 31.5252 325.54 -4367.65 -8302.52 -0.530172 29.3678 -29.7635 -325.54 -4244.58 -142.94 0.530172
-31.5361 30.2805 324.903 -4212.63 -8603.44 -0.429967 30.2638 -28.7495 -324.903 -4082.15 -109.7 0.429967
-32.4942 28.5511 324.35 -3995.2 -8864.89 -0.327737 31.0209 -27.3232 -324.35 -3856.07 -90.0292 0.327737
-33.3033 26.3578 323.917 -3718.61 -9077.58 -0.22407 31.5468 -25.4844 -323.917 -3566.02 -65.5795 0.22407
-33.8933 23.708 323.559 -3383.27 -9237.06 -0.119615 31.7972 -23.2145 -323.559 -3209.99 -24.7405 0.119615
-34.2064 20.6649 323.048 -2996.6 -9341.02 -0.0150754 31.7892 -20.5462 -323.048 -2794.03 35.9337 0.0150754
-34.2842 17.2145 322.412 -2552.01 -9399.67 0.0888046 31.6166 -17.4084 -322.412 -2312.79 107.62 -0.0888046
-34.1509 13.4448 321.822 -2059.31 -9417 0.191272 31.3015 -13.8441 -321.822 -1774.89 187.778 -0.191272
-33.8359 9.45879 321.339 -1535.24 -9397.4 0.291588 30.8649 -9.96136 -321.339 -1193.23 273.675 -0.291588
-33.3373 5.335 320.75 -989.163 -9342.43 0.38902 30.3317 -5.86442 -320.75 -584.127 363.675 -0.38902
-32.6717 1.19887 320.004 -437.803 -9254.15 0.482851 29.7044 -1.70527 -320.004 30.1563 457.151 -0.482851
-31.8703 -2.85925 319.311 109.303 -9134.16 0.572387 28.964 2.38782 -319.311 628.44 553.963 -0.572387
-30.9703 -6.65762 318.498 622.605 -8984.75 0.656977 28.1039 6.20324 -318.498 1185.02 652.125 -0.656977
-29.9502 -10.1771 317.784 1102.71 -8809.49 0.73601 27.1674 9.73344 -317.784 1695.52 752.094 -0.73601
-28.788 -13.2757 317.198 1533.39 -8611.77 0.808929 26.2352 12.8783 -317.198 2142.18 849.034 -0.808929
-27.4968 -15.8619 316.651 1896.76 -8392.96 0.875256 25.3042 15.5738 -316.651 2520.99 942.899 -0.875256
-26.092 -17.8965 316.111 2192.97 -8147.37 0.934599 24.2817 17.7965 -316.111 2823.05 1038.88 -0.934599
-24.5547 -19.3633 315.437 2416.56 -7870.8 0.986642 23.1152 19.5243 -315.437 3048.36 1142.8 -0.986642
-22.8943 -20.2065 314.735 2557.69 -7566.13 1.03115 21.8283 20.6964 -314.735 3190.43 1252.91 -1.03115
-21.1224 -20.4036 314.139 2610.57 -7236.78 1.06799 20.4781 21.2526 -314.139 3243.42 1362.96 -1.06799
-19.2651 -19.9517 313.76 2570.58 -6885.66 1.09708 19.1163 21.1274 -313.76 3202.29 1464.94 -1.09708
-17.3978 -18.8444 313.624 2433.86 -6514.63 1.11845 17.737 20.2665 -313.624 3062.45 1550.95 -1.11845
-15.5906 -17.0909 313.67 2199.8 -6126.65 1.13221 16.3317 18.6533 -313.67 2823.39 1615.3 -1.13221
-13.7995 -14.698 313.756 1872.24 -5716.21 1.13855 14.8976 16.3191 -313.756 2486.67 1659.08 -1.13855
-12.0317 -11.6764 314.085 1457.94 -5288.17 1.13777 13.5088 13.3143 -314.085 2054.13 1675.74 -1.13777
-10.2924 -8.04385 314.819 960.21 -4839.11 1.13024 12.1155 9.6764 -314.819 1530.21 1668.1 -1.13024
-8.64491 -3.92048 316.006 399.869 -4377.38 1.11637 10.7251 5.5272 -316.006 928.104 1634.59 -1.11637
-6.97902 0.512742 317.661 -195.328 -3897.18 1.09661 9.30373 1.04007 -317.661 269.816 1589.67 -1.09661
-5.29979 4.96459 319.488 -779.367 -3403.7 1.07144 7.8229 -3.52079 -319.488 -412.659 1541.83 -1.07144
-3.57484 9.42805 320.931 -1362.27 -2889.64 1.04136 6.21572 -8.1501 -320.931 -1107.54 1497.74 -1.04136
-1.70928 13.6904 322.031 -1919.71 -2347.9 1.00687 4.47351 -12.6082 -322.031 -1775.6 1464.83 -1.00687
0.347635 17.7332 322.97 -2461.49 -1775.24 0.968525 2.5978 -16.8651 -322.97 -2400.22 1446.76 -0.968525
2.56713 21.4189 323.777 -2965.25 -1179.02 0.926874 0.641355 -20.7814 -323.777 -2964.8 1439.43 -0.926874
4.94324 24.7215 325.038 -3427.46 -553.675 0.882508 -1.45931 -24.3172 -325.038 -3463.63 1445.3 -0.882508
7.40733 27.4397 325.722 -3818.84 103.487 0.83602 -3.71149 -27.2747 -325.722 -3869.87 1453.11 -0.83602
9.92739 29.4487 325.758 -4119.09 787.845 0.787963 -6.03576 -29.578 -325.758 -4175.61 1451.8 -0.787963
12.433 30.6916 325.916 -4322.35 1485.32 0.738841 -8.35696 -31.2225 -325.916 -4378.12 1434.99 -0.738841
14.8103 31.027 325.637 -4407.95 2180.97 0.689102 -10.6206 -32.0742 -325.637 -4459.3 1393.95 -0.689102
17.0655 30.4482 325.481 -4374.66 2881.7 0.639145 -12.8406 -32.0897 -325.481 -4413.37 1324.61 -0.639145
19.2472 28.9183 325.52 -4214.07 3584 0.589331 -14.9812 -31.1683 -325.52 -4229.39 1232.28 -0.589331
21.5255 26.3421 325.794 -3908 4304.09 0.539982 -17.1075 -29.1659 -325.794 -3891.95 1133.72 -0.539982
23.9732 22.698 326.381 -3456.49 5044.74 0.49136 -19.3126 -26.0157 -326.381 -3388.55 1049.5 -0.49136
26.5976 18.0056 326.718 -2860.35 5810.63 0.443658 -21.6977 -21.6859 -326.718 -2716.74 990.097 -0.443658
29.5531 12.1065 327.315 -2085.68 6627.44 0.396988 -24.4166 -15.9855 -327.315 -1861.33 973.16 -0.396988
32.7567 4.90386 327.823 -1115.11 7474.54 0.351396 -27.3387 -8.83597 -327.823 -815.12 989.273 -0.351396
35.9124 -3.0889 327.686 -29.0201 8311.3 0.306896 -30.2776 -0.803171 -327.686 350.674 1011.27 -0.306896
38.6136 -11.3067 325.964 1090.85 9084.06 0.263529 -32.9067 7.49866 -325.964 1552.16 989.693 -0.263529
40.8476 -19.4986 323.463 2229.86 9790.05 0.221414 -35.1701 15.8033 -323.463 2731.27 917.756 -0.221414
42.6695 -27.1428 321.995 3303.76 10443.8 0.180738 -37.0708 23.599 -321.995 3827.14 789.239 -0.180738
44.0662 -34.1678 321.501 4297.88 11043.8 0.141685 -38.5692 30.836 -321.501 4837.35 598.295 -0.141685
45.0576 -40.5207 320.789 5213.52 11581.5 0.104357 -39.7165 37.4836 -320.789 5748.78 363.172 -0.104357
45.7181 -46.0661 319.456 6030.83 12061 0.0687901 -40.6446 43.4073 -319.456 6543.33 108.811 -0.0687901
46.1098 -50.7277 317.691 6734.05 12486.5 0.0350413 -41.4204 48.5083 -317.691 7212.12 -150.891 -0.0350413
46.3406 -54.3738 315.58 7293.78 12867.9 0.00321996 -42.0962 52.5982 -315.58 7739.57 -403.348 -0.00321996
46.4197 -56.9298 313.588 7694.01 13207.2 -0.0265527 -42.6939 55.5507 -313.588 8113.44 -646.15 0.0265527
46.3419 -58.3205 312.047 7919.17 13504.3 -0.0541965 -43.2134 57.247 -312.047 8322.08 -879.889 0.0541965
46.0585 -58.5134 310.937 7961.98 13748 -0.0796872 -43.5324 57.621 -310.937 8358.92 -1117.43 0.0796872
45.5622 -57.5014 310.278 7820.28 13928.8 -0.10304 -43.5384 56.6468 -310.278 8221.49 -1366.09 0.10304
44.8229 -55.3111 309.898 7501.36 14037.7 -0.124289 -43.1642 54.3591 -309.898 7911.07 -1630.53 0.124289
43.8262 -52.0267 309.82 7021.89 14072.9 -0.143483 -42.4472 50.8825 -309.82 7440.37 -1905.75 0.143483
42.6043 -47.6658 310.001 6389.63 14042.6 -0.16068 -41.4916 46.2852 -310.001 6813.68 -2180.85 0.16068
41.1879 -42.2924 310.37 5618.57 13952.8 -0.175939 -40.3391 40.6978 -310.37 6044.36 -2451.58 0.175939
39.6972 -36.0797 310.824 4733.79 13813.1 -0.189324 -39.1015 34.3492 -310.824 5163.87 -2695 0.189324
38.2521 -29.053 311.851 3748.4 13636.5 -0.200937 -37.8251 27.3063 -311.851 4172.09 -2900.7 0.200937
36.8485 -21.4216 313.247 2684.57 13422.2 -0.21096 -36.5174 19.8016 -313.247 3108.88 -3067.39 0.21096
35.3646 -13.3459 314.802 1567.91 13160.9 -0.219656 -35.1779 11.966 -314.802 1989.62 -3203.18 0.219656
33.7104 -5.20371 316.549 455.036 12843.2 -0.22731 -33.7848 4.1386 -316.549 858.328 -3314.11 0.22731
31.7297 2.97722 318.438 -657.605 12452.4 -0.234184 -32.1743 -3.6738 -318.438 -276.51 -3428.53 0.234184
29.382 10.9847 319.529 -1742.76 11977.5 -0.240514 -30.2424 -11.269 -319.529 -1383.94 -3555.96 0.240514
26.6383 18.5246 320.287 -2766.57 11420.1 -0.246495 -27.9625 -18.3918 -320.287 -2420.67 -3705.59 0.246495
23.5082 25.4352 321.314 -3706.39 10786.1 -0.252274 -25.2948 -24.9346 -321.314 -3371.5 -3887.57 0.252274
20.1158 31.6486 322.516 -4555.7 10091 -0.25796 -22.3094 -30.8448 -322.516 -4226.03 -4090.04 0.25796
16.6378 37.1268 323.442 -5304.48 9348.65 -0.263629 -19.119 -36.0882 -323.442 -4984.08 -4286.4 0.263629
13.252 41.8148 323.948 -5945.47 8584.51 -0.269344 -15.9378 -40.606 -323.948 -5636.94 -4446.94 0.269344
9.98683 45.7305 324.036 -6486.57 7804.01 -0.275168 -12.8716 -44.4291 -324.036 -6183.53 -4558.23 0.275168
6.96195 48.8881 323.821 -6929.27 7020.85 -0.281164 -9.98148 -47.6126 -323.821 -6632.04 -4608.6 0.281164
4.26469 51.1289 323.45 -7250.36 6244.15 -0.287378 -7.27638 -50.0465 -323.45 -6967.95 -4593.56 0.287378
1.83754 52.3513 322.956 -7433.98 5472.87 -0.293835 -4.72471 -51.6114 -322.956 -7176.1 -4524.58 0.293835
-0.352796 52.5686 322.753 -7476.81 4709.44 -0.300536 -2.32643 -52.242 -322.753 -7252.43 -4408.69 0.300536
-2.37196 51.753 322.69 -7372.46 3947.54 -0.307467 0.00342313 -51.8458 -322.69 -7186.49 -4260.75 0.307467
-4.35182 49.8673 322.537 -7114.4 3177.4 -0.314589 2.3368 -50.3325 -322.537 -6966.83 -4099.57 0.314589
-6.27375 46.8537 321.81 -6690.24 2419.71 -0.321831 4.58083 -47.5888 -321.81 -6581.81 -3930.19 0.321831
-8.19182 42.7578 320.861 -6100.44 1674.17 -0.329115 6.69976 -43.599 -320.861 -6035.22 -3754.83 0.329115
-10.1561 37.6801 320.038 -5358.82 942.888 -0.336384 8.66054 -38.4444 -320.038 -5338.76 -3577.95 0.336384
-12.1508 31.6442 320.125 -4484.99 236.303 -0.343595 10.4399 -32.2271 -320.125 -4490.58 -3404.49 0.343595
-14.101 24.7693 321.274 -3507.57 -441.424 -0.350674 12.0964 -25.1803 -321.274 -3511.54 -3236.35 0.350674
-15.8561 17.3346 322.877 -2482.72 -1093.02 -0.357504 13.6472 -17.6132 -322.877 -2428.15 -3052.06 0.357504
-17.4195 9.63228 325.213 -1456.37 -1725.94 -0.363946 15.1231 -9.76992 -325.213 -1269.82 -2848.99 0.363946
-18.6595 1.73244 326.065 -410.091 -2327.66 -0.369839 16.3157 -1.6608 -326.065 -66.3068 -2591.89 0.369839
-19.7244 -6.30797 326.143 674.692 -2921.71 -0.375023 17.2925 6.65887 -326.143 1147.95 -2287.48 0.375023
-20.9248 -13.9462 324.489 1730.14 -3530.22 -0.379342 18.3974 14.6096 -324.489 2283.15 -2005.48 0.379342
-22.2753 -20.7874 322.227 2689.97 -4154.28 -0.382592 19.7884 21.7661 -322.227 3290.32 -1769.02 0.382592
-23.7012 -26.591 319.921 3508.84 -4789.05 -0.384471 21.4247 27.8475 -319.921 4141.6 -1566.76 0.384471
-25.0209 -31.2754 318.263 4170.71 -5402.17 -0.38463 23.0668 32.7293 -318.263 4824.02 -1371.93 0.38463
-26.0236 -34.8081 317.227 4666.43 -5969.74 -0.38279 24.4597 36.3205 -317.227 5329.44 -1143.04 0.38279
-26.5392 -37.1816 316.371 4991.56 -6467.01 -0.378765 25.3725 38.5789 -316.371 5655.22 -848.485 0.378765
-26.4457 -38.392 315.614 5144.71 -6874.21 -0.37241 25.6575 39.5465 -315.614 5808.15 -470.163 0.37241
-25.7983 -38.4497 314.86 5135.67 -7195.14 -0.363565 25.3838 39.3453 -314.86 5797.02 -21.6981 0.363565
-24.7853 -37.377 314.443 4973.12 -7449.1 -0.352072 24.7502 38.0765 -314.443 5630.52 461.808 0.352072
-23.6987 -35.2435 314.461 4664.33 -7663.22 -0.337809 24.0155 35.8026 -314.461 5319.94 930.152 0.337809
-22.7021 -32.157 314.702 4223.72 -7853.05 -0.3207 23.314 32.5901 -314.702 4875.37 1357.05 0.3207
-21.8922 -28.2571 315.204 3671.92 -8025.23 -0.300689 22.7378 28.5473 -315.204 4310.97 1722.61 0.300689
-21.3115 -23.6657 315.874 3027.45 -8181.65 -0.277727 22.3477 23.7918 -315.874 3641.92 2014.24 0.277727
-20.9093 -18.3433 316.82 2280.35 -8327.13 -0.251782 22.1486 18.2954 -316.82 2868.69 2243.19 0.251782
-20.4645 -12.4435 318.002 1451.1 -8439.94 -0.222846 22.0013 12.2476 -318.002 2019.03 2438.32 0.222846
-19.7877 -6.11012 319.117 568.817 -8498.12 -0.190963 21.6912 5.83679 -319.117 1110.46 2634.43 0.190963
-18.8628 0.382183 320.368 -317.022 -8494.19 -0.15625 21.1419 -0.64279 -320.368 173.465 2837.05 0.15625
-17.6186 6.77821 321.604 -1179.41 -8419.87 -0.118893 20.2575 -6.95991 -321.604 -750.639 3061.39 0.118893
-16.099 12.7416 322.77 -1988.74 -8274.41 -0.0791311 18.9913 -12.8492 -322.77 -1606.95 3307.09 0.0791311
-14.3987 18.1267 323.603 -2729.04 -8067.34 -0.0372325 17.3829 -18.2072 -323.603 -2376.4 3564.82 0.0372325
-12.6254 22.7989 323.687 -3378.08 -7810.26 0.00654009 15.5847 -22.9012 -323.687 -3043.67 3809.76 -0.00654009
-10.9315 26.777 323.631 -3935.95 -7528.57 0.0519529 13.8003 -26.9228 -323.631 -3610.08 4017.16 -0.0519529
-9.44053 30.0165 323.4 -4387.64 -7237.88 0.0988081 12.1568 -30.1707 -323.4 -4070.14 4167.46 -0.0988081
-8.20205 32.5039 322.916 -4725.68 -6944.42 0.146927 10.7245 -32.5746 -322.916 -4419.52 4250.02 -0.146927
-7.2167 34.2736 322.394 -4953.75 -6651.42 0.196118 9.52224 -34.1377 -322.394 -4659.87 4265.33 -0.196118
-6.5117 35.3345 321.987 -5072.19 -6364.03 0.246157 8.51142 -34.8637 -321.987 -4792.55 4220.07 -0.246157
-6.00225 35.6981 321.654 -5086.11 -6075.72 0.2968 7.61676 -34.8044 -321.654 -4821.38 4130.18 -0.2968
-5.56806 35.3783 321.319 -5001.56 -5780.83 0.347786 6.80155 -34.0419 -321.319 -4753.81 4012.06 -0.347786
-5.13795 34.4078 320.992 -4825.6 -5474.7 0.398822 5.9826 -32.6543 -320.992 -4598.35 3882.71 -0.398822
-4.66933 32.8643 320.838 -4571.77 -5157.78 0.449579 5.14438 -30.723 -320.838 -4363.82 3750.69 -0.449579
-4.11049 30.8197 320.646 -4249.31 -4827.65 0.499691 4.2544 -28.3032 -320.646 -4058.87 3625.43 -0.499691
-3.47855 28.3859 320.329 -3874.83 -4489.23 0.548767 3.34275 -25.5118 -320.329 -3699.01 3505.2 -0.548767
-2.86471 25.6479 320.012 -3464.31 -4151.77 0.596397 2.43827 -22.4704 -320.012 -3297.31 3382.37 -0.596397
-2.36831 22.6794 319.946 -3031.79 -3832.62 0.642176 1.6728 -19.2986 -319.946 -2866.92 3241.8 -0.642176
-2.05173 19.5852 320.06 -2597.2 -3539.9 0.685733 1.15204 -16.132 -320.06 -2421.67 3068 -0.685733
-1.9387 16.45 320.301 -2167.52 -3272.55 0.726758 0.86011 -13.0293 -320.301 -1974.75 2858.82 -0.726758
-2.00228 13.3931 320.307 -1755.63 -3029.28 0.76501 0.738164 -10.0436 -320.307 -1537.47 2625 -0.76501
-2.16134 10.5362 320.339 -1373.2 -2809.12 0.800301 0.742912 -7.22215 -320.339 -1121.93 2383.06 -0.800301
-2.36938 7.94135 320.167 -1026.71 -2608.34 0.832476 0.848012 -4.60278 -320.167 -735.672 2139.5 -0.832476
-2.55696 5.67683 319.878 -722.535 -2416.54 0.861391 0.94857 -2.27085 -319.878 -393.928 1908.37 -0.861391
-2.66329 3.85305 319.633 -477.666 -2229.57 0.886914 0.954412 -0.3528 -319.633 -112.974 1706.73 -0.886914
-2.68074 2.52661 319.422 -299.214 -2047.31 0.908918 0.886073 1.07324 -319.422 95.3711 1532.65 -0.908918
-2.65538 1.75214 319.305 -193.608 -1876.53 0.927284 0.84038 1.94585 -319.305 221.224 1372.81 -0.927284
-2.65875 1.54538 319.383 -160.924 -1721.51 0.941923 0.894644 2.24623 -319.383 259.805 1210.6 -0.941923
-2.73757 1.94008 319.548 -205.132 -1585.22 0.952795 1.09827 1.9473 -319.548 206.539 1035.5 -0.952795
-2.89352 2.93699 319.821 -326.748 -1464.23 0.959918 1.44509 1.04739 -319.821 61.6021 844.718 -0.959918
-3.06845 4.51938 320.138 -521.788 -1354.7 0.963349 1.88067 -0.425546 -320.138 -172.717 650.243 -0.963349
-3.14403 6.64273 320.61 -785.544 -1246.28 0.963155 2.34325 -2.4437 -320.61 -490.96 467.005 -0.963155
-3.06876 9.2283 321.314 -1113.33 -1129.41 0.959384 2.73429 -4.99647 -321.314 -885.261 306.548 -0.959384
-2.87613 12.1915 322.146 -1500.8 -997.211 0.952047 2.9286 -8.0461 -322.146 -1342.77 174.875 -0.952047
-2.59067 15.4026 323.114 -1928.1 -849.229 0.941115 2.90153 -11.4212 -323.114 -1841.03 71.5716 -0.941115
-2.22747 18.7928 324.068 -2383.61 -685.76 0.926525 2.73746 -14.9863 -324.068 -2362.97 -17.0228 -0.926525
-1.88894 22.3106 325.069 -2865.38 -516.284 0.9082 2.5583 -18.6662 -325.069 -2892.73 -112.926 -0.9082
-1.66679 25.828 325.996 -3356.76 -342.567 0.886072 2.37712 -22.3235 -325.996 -3409.61 -229.082 -0.886072
-1.64353 29.1829 326.461 -3829.6 -166.733 0.860109 2.17832 -25.7907 -326.461 -3895.52 -372.76 -0.860109
-1.82069 32.2734 326.583 -4269.84 9.65089 0.830327 1.98175 -28.9795 -326.583 -4337.73 -545.406 -0.830327
-2.12028 34.9911 326.587 -4659.78 179.91 0.796778 1.87948 -31.7935 -326.587 -4725.19 -742.34 -0.796778
-2.41972 37.3215 326.627 -4998.41 351.987 0.759543 1.85788 -34.2384 -326.627 -5057.67 -952.392 -0.759543
-2.68606 39.1835 326.676 -5273.53 525.948 0.718724 1.81043 -36.2311 -326.676 -5324.28 -1156.05 -0.718724
-2.89042 40.511 326.617 -5475.12 700.859 0.674445 1.6738 -37.6968 -326.617 -5515.26 -1339.45 -0.674445
-2.99159 41.2823 326.298 -5596.65 878.691 0.626855 1.4375 -38.605 -326.298 -5629.76 -1497.31 -0.626855
-2.95055 41.482 325.739 -5635.8 1058.12 0.576118 1.14303 -38.9299 -325.739 -5664.33 -1628.68 -0.576118
-2.7854 41.0977 325.123 -5590.73 1235 0.522423 0.841268 -38.6547 -325.123 -5616.71 -1739.09 -0.522423
-2.55686 40.1316 324.567 -5462.47 1404.47 0.465987 0.550222 -37.787 -324.567 -5487.23 -1834.75 -0.465987
-2.31926 38.6067 324.163 -5255.61 1565.06 0.407063 0.269017 -36.3541 -324.163 -5278.39 -1921.69 -0.407063
-2.11296 36.5792 323.805 -4977.09 1709.74 0.345943 0.0482759 -34.3952 -323.805 -4996.68 -2005.68 -0.345943
-1.93749 34.0668 323.377 -4630.04 1836.98 0.282956 -0.094476 -31.9292 -323.377 -4644.07 -2087.57 -0.282956
-1.79926 31.1282 322.887 -4224.43 1946.56 0.218444 -0.169813 -29.0449 -322.887 -4231.36 -2166.56 -0.218444
-1.68669 27.8139 322.516 -3775.01 2038.48 0.152752 -0.199749 -25.8307 -322.516 -3763.31 -2237.93 -0.152752
-1.56968 24.1998 322.13 -3292.99 2119.63 0.0862219 -0.251401 -22.396 -322.13 -3254.72 -2294.92 -0.0862219
-1.40796 20.3393 321.905 -2787.72 2194.08 0.0191989 -0.334122 -18.8028 -321.905 -2712.51 -2334.62 -0.0191989
-1.17508 16.278 321.788 -2263.83 2267.33 -0.047972 -0.480884 -15.0969 -321.788 -2144.87 -2354.19 0.047972
-0.977166 12.1526 321.603 -1746.08 2327.96 -0.114949 -0.646986 -11.4263 -321.603 -1567.03 -2363.38 0.114949
-0.782724 7.92743 321.485 -1222.33 2381.09 -0.181389 -0.809101 -7.73281 -321.485 -977.953 -2366.18 0.181389
-0.571754 3.6244 321.039 -689.595 2423.87 -0.246932 -0.913343 -3.98071 -321.039 -378.698 -2364.51 0.246932
-0.336288 -0.671802 320.645 -153.543 2459.07 -0.3112 -0.966249 -0.208712 -320.645 219.075 -2359.07 0.3112
-0.085365 -5.05733 320.741 406.553 2492.92 -0.373811 -1.05344 3.70165 -320.741 824.77 -2345.33 0.373811
0.0871904 -9.39089 320.527 969.064 2517.81 -0.434401 -1.14019 7.61437 -320.527 1421.07 -2333.75 0.434401
0.179162 -13.5723 320.047 1516.42 2530.85 -0.492611 -1.17597 11.4407 -320.047 1999.02 -2328.83 0.492611
0.216581 -17.5723 319.084 2044.89 2532.28 -0.548069 -1.13656 15.1476 -319.084 2553.55 -2330.58 0.548069
0.223902 -21.2964 318.027 2538.82 2526.32 -0.600388 -1.08642 18.6262 -318.027 3071.81 -2330.71 0.600388
0.249361 -24.7166 317.283 2997.23 2520.31 -0.64919 -1.09514 21.8626 -317.283 3548.84 -2319.98 0.64919
0.360764 -27.8017 316.931 3413.99 2518.63 -0.694133 -1.15501 24.8357 -316.931 3983.45 -2294.35 0.694133
0.576624 -30.5093 316.619 3783.22 2518.36 -0.734926 -1.2535 27.4871 -316.619 4367.33 -2250.05 0.734926
0.866322 -32.803 316.075 4096.17 2519.27 -0.771333 -1.41355 29.732 -316.075 4692.19 -2187.93 0.771333
1.20361 -34.6837 315.347 4348.22 2522.14 -0.803152 -1.6688 31.5112 -315.347 4954.47 -2107.76 0.803152
1.55668 -36.1522 314.623 4536.51 2526.13 -0.830205 -2.01663 32.7981 -314.623 5153.39 -2013.49 0.830205
1.92269 -37.2219 314.069 4663.5 2529.28 -0.852331 -2.41307 33.6071 -314.069 5290.39 -1909.75 0.852331
2.30091 -37.9085 313.766 4732.29 2528.63 -0.869404 -2.80022 33.9622 -313.766 5367.98 -1801.82 0.869404
2.67803 -38.2366 313.656 4747.63 2522.15 -0.881335 -3.15778 33.9072 -313.656 5391.01 -1692.39 0.881335
3.04024 -38.2375 313.621 4715.79 2509.08 -0.88807 -3.50075 33.5064 -313.621 5366.64 -1580.53 0.88807
3.38444 -37.9501 313.583 4644.47 2489.33 -0.889598 -3.84447 32.8315 -313.583 5302.71 -1464.44 0.889598
3.73035 -37.4375 313.532 4543.44 2463.24 -0.885952 -4.18574 31.961 -313.532 5209.35 -1342.15 0.885952
4.12264 -36.7475 313.537 4422.76 2431.41 -0.8772 -4.5123 30.9867 -313.537 5096.12 -1209.71 0.8772
4.56883 -35.913 313.664 4289.92 2395.39 -0.863442 -4.85409 29.9736 -313.664 4969.32 -1063.4 0.863442
5.02921 -34.9918 313.877 4152.07 2355.77 -0.844804 -5.24318 28.9719 -313.877 4836.92 -904.907 0.844804
5.4875 -34.0176 314.052 4013.08 2309.13 -0.821431 -5.64464 28.0012 -314.052 4702.58 -737.985 0.821431
5.92136 -33.0176 314.175 3875.18 2253.78 -0.79348 -6.01913 27.0595 -314.175 4567.61 -569.615 0.79348
6.26692 -32.0235 314.269 3739.11 2185.72 -0.761108 -6.36462 26.1356 -314.269 4434.15 -405.052 0.761108
6.47376 -31.0423 314.328 3605.58 2101.38 -0.724474 -6.64299 25.2361 -314.328 4303.37 -253.166 0.724474
6.56091 -30.0511 314.404 3476.13 1998.74 -0.683729 -6.80214 24.3992 -314.404 4175.91 -116.574 0.683729
6.55727 -29.0258 314.576 3351.34 1878.09 -0.639021 -6.84195 23.6553 -314.576 4052.07 8.46068 0.639021
6.50151 -27.9569 314.843 3230.34 1743.74 -0.590511 -6.81527 22.9918 -314.843 3929.62 130.49 0.590511
6.38489 -26.8276 315.029 3106.81 1595.03 -0.538383 -6.74451 22.3561 -315.029 3805.12 252.077 0.538383
6.21365 -25.6115 315.135 2973.45 1433.25 -0.482851 -6.65673 21.6744 -315.135 3671.8 376.616 0.482851
5.95392 -24.3006 315.266 2827.74 1257.45 -0.424142 -6.5687 20.8917 -315.266 3523.29 502.663 0.424142
5.61626 -22.836 315.4 2660.96 1067.14 -0.362492 -6.47596 19.9418 -315.4 3350.78 631.536 0.362492
5.16113 -21.1866 315.601 2466.92 855.196 -0.298148 -6.29883 18.7793 -315.601 3149.67 753.636 0.298148
4.58334 -19.3407 315.95 2242.32 619.828 -0.231386 -6.00907 17.3642 -315.95 2916.02 866.034 0.231386
3.89619 -17.271 316.49 1984.13 357.623 -0.162493 -5.57971 15.6682 -316.49 2645.04 970.219 0.162493
3.12315 -15.0013 317.074 1698.87 75.5313 -0.0917711 -5.0364 13.7181 -317.074 2337.32 1066.13 0.0917711
2.23032 -12.546 317.579 1387.02 -229.802 -0.0195424 -4.40892 11.5258 -317.579 1996.08 1156.55 0.0195424
1.24324 -9.93362 318.369 1052.01 -557.637 0.0538426 -3.70858 9.13123 -318.369 1627.48 1245.89 -0.0538426
0.115187 -7.14927 319.515 692.408 -920.38 0.128004 -2.87643 6.54403 -319.515 1232.26 1331.72 -0.128004
-1.08513 -4.34287 320.643 334.147 -1309.08 0.20254 -1.97591 3.92438 -320.643 828.025 1423.63 -0.20254
-2.31073 -1.54595 321.529 -19.1433 -1718.27 0.277027 -0.980351 1.2887 -321.529 417.891 1519.03 -0.277027
-3.63978 1.20047 322.707 -370.842 -2168.61 0.351017 0.213612 -1.35492 -322.707 12.143 1613.07 -0.351017
-5.08225 3.83753 323.776 -718.416 -2658.48 0.424027 1.57243 -3.97203 -323.776 -378.628 1707.44 -0.424027
-6.64902 6.30712 324.614 -1054.31 -3185.4 0.495546 3.04874 -6.47637 -324.614 -741.692 1804.81 -0.495546
-8.38969 8.56478 325.367 -1368.9 -3758.89 0.565054 4.71641 -8.77079 -325.367 -1066.77 1897.37 -0.565054
-10.1857 10.5149 326.057 -1641.39 -4360.91 0.63206 6.49037 -10.7121 -326.057 -1341.09 1995.67 -0.63206
-12.0608 12.1199 326.683 -1862.22 -4989.88 0.696127 8.33895 -12.2281 -326.683 -1558.84 2099.28 -0.696127
-13.9191 13.3743 326.842 -2028.59 -5623.53 0.756863 10.1529 -13.2954 -326.842 -1718.71 2214.75 -0.756863
-15.7774 14.2875 326.752 -2140.75 -6269.28 0.813885 12.0256 -13.9218 -326.752 -1822.93 2334.06 -0.813885
-17.688 14.8987 326.813 -2204.35 -6928.24 0.866797 14.0181 -14.1663 -326.813 -1879.59 2442.36 -0.866797
-19.6665 15.2934 327.001 -2235.14 -7598.74 0.915212 16.1659 -14.1572 -327.001 -1902.97 2530.79 -0.915212
-21.6878 15.4977 327.102 -2243.21 -8274.74 0.958783 18.4508 -13.9839 -327.102 -1899.28 2599.5 -0.958783
-23.6935 15.57 326.989 -2235.61 -8947.17 0.997216 20.8429 -13.7502 -326.989 -1884.21 2651.81 -0.997216
-25.5432 15.56 326.62 -2221.5 -9601.97 1.03026 23.2905 -13.5149 -326.62 -1863.86 2700.7 -1.03026
-27.1651 15.5067 326.155 -2205.9 -10225.8 1.05768 25.6996 -13.3098 -326.155 -1843.15 2756.11 -1.05768
-28.556 15.4387 325.655 -2193.06 -10805 1.0793 27.9281 -13.156 -325.655 -1824.82 2824.87 -1.0793
-29.7131 15.3579 325.169 -2185.45 -11328.6 1.09495 29.9076 -13.0863 -325.169 -1811.3 2905.99 -1.09495
-30.6555 15.2257 324.605 -2181.21 -11791.7 1.10455 31.6555 -13.1026 -324.605 -1799.25 2989.46 -1.10455
-31.4783 15.0019 323.845 -2172.72 -12191.9 1.10802 33.1484 -13.1597 -323.845 -1784.32 3062.93 -1.10802
-32.31 14.6784 322.978 -2153.81 -12531.5 1.10536 34.4075 -13.1727 -322.978 -1759.59 3107.73 -1.10536
-33.1959 14.2512 322.068 -2116.57 -12815.7 1.09663 35.5567 -13.0404 -322.068 -1718.21 3105.3 -1.09663
-34.0959 13.6921 321.159 -2053.9 -13046.2 1.08193 36.7163 -12.6909 -321.159 -1653.17 3045.91 -1.08193
-34.9764 12.9744 320.267 -1961.92 -13218.1 1.06144 37.8806 -12.0879 -320.267 -1559.54 2930.38 -1.06144
-35.7904 12.086 319.391 -1839.28 -13320.7 1.03537 38.9449 -11.2137 -319.391 -1434.47 2769.28 -1.03537
-36.4297 11.0335 318.505 -1687.02 -13339.2 1.00398 39.7858 -10.0738 -318.505 -1278.63 2580.38 -1.00398
-36.7675 9.82845 317.601 -1508.9 -13259.9 0.967584 40.3067 -8.70801 -317.601 -1095.47 2381.32 -0.967584
-36.7124 8.47921 316.696 -1311.7 -13072.8 0.926514 40.4347 -7.19527 -316.696 -890.48 2185.14 -0.926514
-36.2209 7.02486 315.728 -1103.95 -12770.3 0.881135 40.0891 -5.62008 -315.728 -672.506 2001.73 -0.881135
-35.2973 5.51206 314.738 -892.888 -12351.4 0.831833 39.2511 -4.05159 -314.738 -450.573 1832.13 -0.831833
-34.0193 3.9875 313.833 -685.2 -11823.3 0.779022 37.9717 -2.53412 -313.833 -230.792 1665.38 -0.779022
-32.521 2.54243 313.136 -492.2 -11197.4 0.723143 36.3289 -1.1214 -313.136 -22.2112 1483.25 -0.723143
-30.8852 1.22599 312.575 -316.868 -10484.1 0.664671 34.4233 0.180977 -312.575 170.455 1270.14 -0.664671
-29.1655 0.0838581 312.341 -160.229 -9692.75 0.604106 32.378 1.35484 -312.341 339.259 1010.73 -0.604106
-27.4026 -0.865777 312.329 -25.7792 -8829.08 0.541966 30.2384 2.36491 -312.329 480.179 698.566 -0.541966
-25.5066 -1.54901 312.303 72.5281 -7883.43 0.478775 27.8825 3.10696 -312.303 582.147 353.776 -0.478775
-23.3037 -1.92085 312.202 131.076 -6845.66 0.415021 25.1517 3.54312 -312.202 637.141 12.8542 -0.415021
-20.7782 -1.9938 313.001 151.252 -5726.68 0.351112 22.1006 3.68257 -313.001 646.807 -318.81 -0.351112
-18.158 -1.70462 315.449 123.648 -4595.61 0.287371 19.1228 3.4447 -315.449 600.354 -659.476 -0.287371
-15.2111 -1.06067 318.576 49.6539 -3465.6 0.224115 16.0506 2.83552 -318.576 498.261 -939.712 -0.224115
-11.808 -0.0541535 321.047 -77.6915 -2325.18 0.161707 12.6869 1.8364 -321.047 343.772 -1125.09 -0.161707
-7.82415 1.25742 322.716 -245.864 -1140.5 0.100526 8.79997 0.488129 -322.716 138.168 -1199.51 -0.100526
-3.46752 2.80607 323.458 -451.009 78.7003 0.0408542 4.56796 -1.19166 -323.458 -110.376 -1207.5 -0.0408542
1.05832 4.58687 324.581 -704.121 1309.65 -0.0171979 0.280726 -3.26182 -324.581 -398.416 -1195.64 0.0171979
5.7044 6.4166 327.532 -974.244 2581.11 -0.0736198 -4.06078 -5.53193 -327.532 -704.432 -1199.69 0.0736198
10.2525 8.40281 330.515 -1289.03 3881.7 -0.128353 -8.34919 -8.0176 -330.515 -1018.03 -1253.99 0.128353
14.9015 10.3784 333.227 -1608.46 5248.01 -0.181216 -12.7853 -10.4662 -333.227 -1320.26 -1339.09 0.181216
19.2874 11.9807 333.977 -1867.96 6600.45 -0.231927 -17.0292 -12.4901 -333.977 -1570.33 -1474.4 0.231927
23.1648 13.1301 332.761 -2055.83 7892.15 -0.280156 -20.8836 -13.9976 -332.761 -1755.81 -1675.32 0.280156
26.644 13.8227 331.091 -2173.9 9120.91 -0.325564 -24.427 -14.9576 -331.091 -1869.99 -1913.08 0.325564
29.8748 14.0884 330.169 -2219.62 10302.4 -0.367825 -27.8049 -15.37 -330.169 -1919.57 -2161.73 0.367825
32.877 13.9242 330.148 -2196.66 11439.5 -0.406654 -31.0664 -15.2351 -330.148 -1900.53 -2414.6 0.406654
35.7818 13.3831 330.62 -2118.47 12533.5 -0.441807 -34.2669 -14.6382 -330.62 -1818.81 -2646.64 0.441807
38.6452 12.4462 330.581 -1984.95 13577.7 -0.473063 -37.3961 -13.6135 -330.581 -1676.68 -2844.98 0.473063
41.4629 11.137 329.679 -1801.87 14565 -0.500215 -40.4524 -12.2415 -329.679 -1482.98 -3003.56 0.500215
44.2606 9.5198 328.238 -1576.85 15490.1 -0.523067 -43.3363 -10.6112 -328.238 -1251.62 -3127.24 0.523067
47.0377 7.65474 326.692 -1318.12 16349.8 -0.541424 -45.9596 -8.76701 -326.692 -989.085 -3225.41 0.541424
49.7083 5.60626 325.52 -1033.98 17143.5 -0.555112 -48.3608 -6.74174 -325.52 -700.734 -3303.98 0.555112
52.1688 3.45061 324.747 -732.301 17868.8 -0.564009 -50.6069 -4.56949 -324.747 -394.2 -3365.6 0.564009
54.3847 1.25317 324.18 -421.066 18520.6 -0.568048 -52.6896 -2.29399 -324.18 -76.8376 -3411.44 0.568048
56.3362 -0.95211 323.44 -108.143 19090.5 -0.567235 -54.539 0.00678722 -323.44 243.494 -3445.54 0.567235
57.9885 -3.13529 322.323 199.75 19571.2 -0.561647 -56.0956 2.2585 -322.323 558.851 -3473.99 0.561647
59.2974 -5.22173 320.968 493.137 19959.4 -0.551432 -57.337 4.39286 -320.968 858.621 -3502.82 0.551432
60.2066 -7.14619 319.674 765.017 20255.5 -0.536795 -58.3022 6.36519 -319.674 1134.36 -3534.76 0.536795
60.6946 -8.84017 318.587 1006.63 20458.8 -0.517986 -58.9992 8.1257 -318.587 1378.22 -3571.09 0.517986
60.8188 -10.2237 317.709 1207.87 20568 -0.495297 -59.3687 9.62535 -317.709 1582.14 -3610.63 0.495297
60.6354 -11.2685 316.844 1364.47 20581 -0.469055 -59.3745 10.8268 -316.844 1741.22 -3648.65 0.469055
60.1807 -11.9326 315.877 1468.31 20499.3 -0.43962 -59.0451 11.6509 -315.877 1846.5 -3677.49 0.43962
59.4991 -12.1801 314.837 1513.52 20327.9 -0.407374 -58.4389 12.0523 -314.837 1892.48 -3687.8 0.407374
58.6573 -11.9822 313.843 1494.98 20073.7 -0.372715 -57.5947 11.9912 -313.843 1874.61 -3671.52 0.372715
57.6828 -11.3224 313.032 1409.98 19742.7 -0.336058 -56.5617 11.4459 -313.032 1790.23 -3623.87 0.336058
56.5565 -10.1972 312.472 1258.44 19338.1 -0.297826 -55.3832 10.4152 -312.472 1638.8 -3544.65 0.297826
55.2249 -8.62791 312.131 1042.44 18859.4 -0.258452 -54.0766 8.90494 -312.131 1422.01 -3438.37 0.258452
53.6278 -6.6493 311.949 765.997 18302.4 -0.218371 -52.6071 6.92896 -311.949 1142.7 -3314.3 0.218371
51.7166 -4.28909 311.89 432.482 17661.1 -0.178022 -50.8848 4.50857 -311.89 804.4 -3185.78 0.178022
49.4379 -1.63399 311.805 55.7711 16928.4 -0.137838 -48.8207 1.75083 -311.805 420.449 -3065.76 0.137838
46.7484 1.25298 311.76 -353.282 16102.8 -0.0982413 -46.4041 -1.25247 -311.76 1.75882 -2960.28 0.0982413
43.6941 4.30544 311.902 -785.752 15188.5 -0.0596335 -43.6415 -4.42989 -311.902 -441.224 -2866.29 0.0596335
40.3672 7.38972 312.189 -1226.15 14191 -0.0223993 -40.5257 -7.66548 -312.189 -888.915 -2777.19 0.0223993
36.8745 10.3926 312.45 -1654.05 13120.4 0.0130861 -37.141 -10.8542 -312.45 -1331.07 -2676.2 -0.0130861
33.3053 13.1827 312.652 -2050.22 11989 0.0464585 -33.5905 -13.8231 -312.652 -1744.15 -2548.78 -0.0464585
29.6602 15.6866 312.892 -2404.33 10803.4 0.0773756 -29.9189 -16.4541 -312.892 -2111.61 -2395.14 -0.0773756
26.0218 17.8454 313.624 -2707.82 9576.24 0.10553 -26.2126 -18.691 -313.624 -2425.79 -2203.86 -0.10553
22.4737 19.4338 314.565 -2921.59 8322.66 0.130662 -22.4944 -20.3232 -314.565 -2664.62 -1975.38 -0.130662
19.1341 20.497 315.876 -3050.58 7059.73 0.152558 -18.8304 -21.3883 -315.876 -2834.75 -1700.82 -0.152558
15.9971 20.9574 317.882 -3085.91 5804.43 0.171022 -15.3174 -21.7913 -317.882 -2920.82 -1384.33 -0.171022
12.8708 20.8172 319.923 -3029.99 4562.77 0.185851 -11.8961 -21.5122 -319.923 -2917.91 -1067.29 -0.185851
9.5648 20.1595 321.565 -2890.03 3320.54 0.196836 -8.39331 -20.645 -321.565 -2843.67 -786.486 -0.196836
5.94375 19.0811 323.032 -2705.1 2063.89 0.203828 -4.57911 -19.3445 -323.032 -2694.36 -579.306 -0.203828
2.01199 17.5861 324.673 -2472.46 809.175 0.206802 -0.464578 -17.6494 -324.673 -2478.79 -459.911 -0.206802
-2.25146 15.9549 326.353 -2249.3 -457.961 0.205855 3.8983 -15.8667 -326.353 -2222.19 -409.539 -0.205855
-6.76734 14.0424 327.993 -2007.11 -1732.64 0.20116 8.35766 -13.8771 -327.993 -1916.01 -400.57 -0.20116
-11.3323 11.9682 329.115 -1758.23 -3010.99 0.19295 12.7051 -11.7866 -329.115 -1579.56 -378.999 -0.19295
-15.8871 9.71081 329.649 -1493.25 -4307.08 0.181484 16.9727 -9.52125 -329.649 -1208.89 -326.852 -0.181484
-20.3473 7.11802 329.978 -1161.46 -5614.84 0.166994 21.1311 -6.88859 -329.978 -806.345 -234.236 -0.166994
-24.3706 4.43736 329.118 -805.888 -6851.81 0.14967 24.9198 -4.11281 -329.118 -395.133 -98.8256 -0.14967
-27.9214 1.71482 327.627 -436.857 -7998.1 0.129681 28.3104 -1.25274 -327.627 20.3126 68.4702 -0.129681
-31.0258 -0.847737 325.965 -87.2526 -9046.33 0.107183 31.2519 1.44389 -325.965 409.734 263.746 -0.107183
-33.8766 -3.1606 324.705 226.543 -10016.8 0.0823236 33.8946 3.8391 -324.705 757.527 459.076 -0.0823236
-36.6314 -5.18963 324.055 499.665 -10928.7 0.0553015 36.4232 5.87523 -324.055 1055.65 625.473 -0.0553015
-39.2931 -6.88577 323.869 723.281 -11781.3 0.0264341 38.8745 7.4952 -323.869 1298.03 756.784 -0.0264341
-41.8042 -8.22814 323.635 895.266 -12565.5 -0.00389285 41.1934 8.69992 -323.635 1483.98 859.732 0.00389285
-44.0635 -9.20435 322.99 1016.65 -13269.3 -0.0353286 43.2613 9.51265 -322.99 1613.99 953.151 0.0353286
-46.0088 -9.80609 322.033 1086.71 -13885.5 -0.0675652 44.9774 9.95483 -322.033 1690.63 1052.91 0.0675652
-47.6705 -10.0906 321.087 1114.53 -14417 -0.100271 46.3235 10.0857 -321.087 1721.19 1160.04 0.100271
-49.0445 -10.1067 320.35 1106.83 -14868.3 -0.133057 47.3264 9.9487 -320.35 1711.91 1275.82 0.133057
-50.16 -9.9249 319.977 1071.63 -15247 -0.1655 48.076 9.59331 -319.977 1671.63 1390.98 0.1655
-51.0309 -9.62005 319.805 1017.03 -15557.3 -0.197166 48.6425 9.07147 -319.805 1610.06 1498.12 0.197166
-51.6602 -9.22513 319.573 948.056 -15800.7 -0.227623 49.0586 8.43091 -319.573 1533.53 1593.69 0.227623
-52.0332 -8.77969 319.179 872.907 -15976.3 -0.256435 49.3238 7.75377 -319.179 1450.93 1678.94 0.256435
-52.1451 -8.31851 318.684 799.649 -16082.2 -0.283162 49.3935 7.12413 -318.684 1370.91 1758.91 0.283162
-51.9546 -7.85298 318.147 732.369 -16115 -0.307355 49.2157 6.582 -318.147 1296.58 1843.27 0.307355
-51.4131 -7.40711 317.645 672.954 -16072.5 -0.328562 48.7759 6.13405 -317.645 1230.39 1938.55 0.328562
-50.5011 -7.00392 317.186 621.806 -15952.7 -0.346343 48.0555 5.76331 -317.186 1172.79 2048.32 0.346343
-49.269 -6.64656 316.754 577.736 -15757.4 -0.360289 47.0425 5.44644 -316.754 1122.11 2168.86 0.360289
-47.7426 -6.33333 316.278 539.636 -15488.6 -0.370035 45.7518 5.1725 -316.278 1077.7 2296.38 0.370035
-45.9677 -6.053 315.742 506.146 -15151.6 -0.375268 44.2426 4.93407 -315.742 1038.29 2421.69 0.375268
-43.9942 -5.7979 315.169 476.28 -14752.5 -0.375726 42.5676 4.7266 -315.169 1003.16 2536.18 0.375726
-41.8349 -5.55549 314.599 449.172 -14295.5 -0.37119 40.7845 4.54848 -314.599 971.169 2634.32 0.37119
-39.5127 -5.3256 314.079 424.032 -13781.9 -0.361484 38.8849 4.39336 -314.079 942.203 2715.32 0.361484
-37.0486 -5.1235 313.616 401.092 -13210.8 -0.346476 36.8258 4.24811 -313.616 916.329 2781.38 0.346476
-34.4498 -4.95566 313.234 380.105 -12581 -0.326072 34.569 4.10148 -313.234 893.126 2835.6 0.326072
-31.7272 -4.83543 312.903 363.647 -11892.3 -0.300214 32.0905 3.97388 -312.903 874.756 2879.71 0.300214
-28.897 -4.77828 312.538 354.933 -11147.6 -0.268883 29.3971 3.88903 -312.538 863.514 2913.25 0.268883
-26.0043 -4.81434 312.217 356.216 -10352.8 -0.232106 26.5157 3.85894 -312.217 863.064 2932.02 0.232106
-23.1081 -4.97142 312.005 368.773 -9517.51 -0.189964 23.5132 3.88646 -312.005 876.441 2928.03 0.189964
-20.2692 -5.26723 311.984 395.959 -8650.67 -0.142583 20.4467 3.99329 -311.984 905.827 2893.53 0.142583
-17.5315 -5.70093 312.099 442.209 -7761.33 -0.0901322 17.3691 4.23175 -312.099 954.02 2823.98 0.0901322
-14.8845 -6.27129 312.441 511.608 -6858.29 -0.0328241 14.3684 4.66528 -312.441 1025.68 2717.27 0.0328241
-12.3207 -6.99326 313.039 607.951 -5951.18 0.0290808 11.4983 5.32602 -313.039 1123.62 2576.52 -0.0290808
-9.91355 -7.78897 314.243 719.105 -5063.71 0.0952809 8.83003 6.13282 -314.243 1237.65 2405.09 -0.0952809
-7.59097 -8.6984 315.394 850.506 -4195.88 0.165439 6.28873 7.12627 -315.394 1373.63 2223.65 -0.165439
-5.24398 -9.56576 316.637 973.239 -3351.22 0.239174 3.79354 8.14753 -316.637 1516.31 2062.35 -0.239174
-2.77493 -10.4275 317.541 1096.04 -2521.44 0.316046 1.23274 9.22268 -317.541 1665.73 1942.31 -0.316046
-0.132593 -11.3042 317.866 1229.57 -1701.28 0.395548 -1.50063 10.3499 -317.866 1813.8 1880.45 -0.395548
2.64331 -12.1132 317.799 1358.93 -890.104 0.4771 -4.38535 11.4328 -317.799 1950.28 1867.52 -0.4771
5.3715 -12.7299 318.005 1460.25 -111.511 0.560051 -7.19154 12.3391 -318.005 2062.99 1869.34 -0.560051
7.92115 -13.1794 318.65 1544.04 626.947 0.643698 -9.78414 13.0882 -318.65 2147.64 1856.1 -0.643698
10.1883 -13.3758 318.808 1597.78 1320.86 0.727316 -12.0808 13.5877 -318.808 2191.66 1806.05 -0.727316
12.1165 -13.2156 318.703 1603.75 1957.52 0.810171 -14.018 13.7155 -318.703 2181.11 1715 -0.810171
13.7554 -12.6202 318.762 1544.08 2542.04 0.891528 -15.6635 13.3705 -318.762 2108.62 1594.32 -0.891528
15.1082 -11.5729 319.063 1417.38 3081.35 0.970656 -17.0774 12.5075 -319.063 1966.87 1445.95 -0.970656
16.2476 -10.1513 319.476 1240.09 3568.04 1.04683 -18.3254 11.1802 -319.476 1757.85 1296.77 -1.04683
17.3136 -8.27708 319.945 994.016 4016.87 1.11935 -19.4517 9.29107 -319.945 1475.09 1157.82 -1.11935
18.3774 -5.95857 320.451 678.145 4435.49 1.18753 -20.4842 6.88117 -320.451 1126.52 1035.37 -1.18753
19.3427 -3.26493 320.716 310.335 4803.02 1.25072 -21.3498 4.08139 -320.716 722.402 926.517 -1.25072
20.1308 -0.28227 320.73 -94.0662 5113.46 1.3083 -22.0114 1.0121 -320.73 276.392 820.977 -1.3083
20.7358 2.90813 321.267 -525.392 5370.39 1.35966 -22.4605 -2.23784 -321.267 -197.261 713.178 -1.35966
21.0972 6.2098 321.883 -977.308 5565.52 1.40427 -22.6303 -5.60606 -321.883 -682.57 593.52 -1.40427
21.14 9.41795 322.261 -1422.41 5690.74 1.44172 -22.4915 -8.93709 -322.261 -1156.33 455.471 -1.44172
20.8278 12.3303 322.451 -1828.32 5747.43 1.47167 -22.1086 -12.0397 -322.451 -1595.66 301.595 -1.47167
20.1567 14.9081 322.471 -2189.91 5735.07 1.49393 -21.4748 -14.8453 -322.471 -1990.57 130.932 -1.49393
19.229 17.0909 322.461 -2499.14 5661.11 1.50834 -20.5861 -17.2572 -322.461 -2327.02 -50.1849 -1.50834
18.1047 18.8076 322.498 -2746.19 5532.53 1.5148 -19.4624 -19.1912 -322.498 -2593.01 -237.457 -1.5148
16.7942 20.0294 322.384 -2923.42 5353.59 1.51327 -18.1693 -20.6098 -322.384 -2786.86 -424.522 -1.51327
15.3609 20.7107 322.105 -3021.87 5132.1 1.50372 -16.7639 -21.4319 -322.105 -2899.7 -602.199 -1.50372
13.8805 20.8536 321.657 -3040.43 4873.69 1.48619 -15.2716 -21.6238 -321.657 -2928.19 -761.955 -1.48619
12.4173 20.4827 321.185 -2980.85 4584.58 1.46075 -13.7066 -21.1933 -321.185 -2875.19 -898.929 -1.46075
11.0317 19.6173 320.832 -2847.3 4274.91 1.42747 -12.1098 -20.1774 -320.832 -2744.38 -1009.04 -1.42747
9.71853 18.3167 320.663 -2648.57 3950.87 1.38646 -10.5164 -18.6436 -320.663 -2544.82 -1094.24 -1.38646
8.42424 16.6686 320.605 -2398.51 3614.64 1.33785 -8.94713 -16.6804 -320.605 -2287.41 -1161.28 -1.33785
7.15773 14.7781 320.53 -2110.7 3268.53 1.28182 -7.36414 -14.3829 -320.53 -1986.72 -1216.54 -1.28182
5.95743 12.7835 320.474 -1807.56 2920.85 1.21863 -5.76941 -11.9203 -320.474 -1663.51 -1262.63 -1.21863
4.77492 10.7561 320.374 -1502.66 2572.3 1.14858 -4.18178 -9.42149 -320.374 -1332.39 -1304.39 -1.14858
3.56047 8.8823 320.333 -1224.82 2229.52 1.07201 -2.65858 -7.09555 -320.333 -1020.04 -1347.35 -1.07201
2.29167 7.24162 320.207 -982.176 1891.02 0.989303 -1.1953 -5.01776 -320.207 -740.152 -1393.8 -0.989303
1.03545 5.97896 320.106 -793.468 1567.83 0.90089 0.212522 -3.33286 -320.106 -514.648 -1445.95 -0.90089
-0.204985 5.12552 320.056 -659.933 1258.74 0.80726 1.58225 -2.10696 -320.056 -355.987 -1504.6 -0.80726
-1.43726 4.75455 320.036 -593.91 964.019 0.708947 2.90103 -1.45108 -320.036 -277.718 -1569.24 -0.708947
-2.62863 4.89253 320.08 -601.213 688.989 0.606525 4.13771 -1.42668 -320.08 -286.385 -1636.23 -0.606525
-3.75501 5.54168 320.19 -682.073 435.36 0.50061 5.28479 -2.03904 -320.19 -382.817 -1702.82 -0.50061
-4.80358 6.67508 320.601 -833.56 205.989 0.391851 6.30468 -3.25371 -320.601 -561.314 -1764.78 -0.391851
-5.74436 8.24363 321.173 -1049.61 3.68218 0.280916 7.18487 -5.02046 -321.173 -813.982 -1818.95 -0.280916
-6.57837 10.1713 321.803 -1318.67 -170.629 0.168482 7.90825 -7.22878 -321.803 -1126.16 -1864 -0.168482
-7.3371 12.3516 322.462 -1624.02 -318.715 0.0552209 8.48099 -9.72452 -322.462 -1477.96 -1903.44 -0.0552209
-8.01138 14.7325 323.091 -1957.49 -441.253 -0.0581964 8.93367 -12.3969 -323.091 -1854.65 -1939.6 0.0581964
-8.60446 17.1806 323.625 -2298.65 -539.879 -0.171112 9.29465 -15.0868 -323.625 -2235.54 -1975.29 0.171112
-9.18587 19.6023 324.066 -2636.88 -618.209 -0.282886 9.55924 -17.7262 -324.066 -2608.57 -2016 0.282886
-9.76262 21.8987 324.551 -2963.84 -678.763 -0.3929 9.73681 -20.2346 -324.551 -2956.83 -2061.53 0.3929
-10.2153 23.9698 324.892 -3261.37 -717.893 -0.500558 9.87573 -22.4844 -324.892 -3266.52 -2105.55 0.500558
-10.5064 25.7369 324.883 -3511.72 -735.343 -0.605287 9.96893 -24.3427 -324.883 -3525.66 -2142.05 0.605287
-10.6405 27.1821 324.684 -3709.94 -729.818 -0.706548 9.94424 -25.7643 -324.684 -3730.31 -2162.87 0.706548
-10.5823 28.2789 324.436 -3853.7 -699.209 -0.803839 9.76146 -26.7547 -324.436 -3879.85 -2159.51 0.803839
-10.3085 28.9978 324.293 -3944.3 -643.507 -0.896705 9.41827 -27.3563 -324.293 -3974.84 -2128.39 0.896705
-9.83377 29.3198 324.245 -3983.25 -565.515 -0.984756 8.93526 -27.6146 -324.245 -4017.43 -2071.67 0.984756
-9.21641 29.2475 324.197 -3973.12 -469.651 -1.06765 8.33066 -27.5662 -324.197 -4010.6 -1995.68 1.06765
-8.50877 28.7847 324.057 -3915.17 -361.035 -1.14507 7.65648 -27.2262 -324.057 -3955.73 -1909.96 1.14507
-7.73194 27.9479 323.754 -3809.83 -245.378 -1.21671 6.99784 -26.5838 -323.754 -3853.19 -1823.72 1.21671
-6.90866 26.7817 323.365 -3659.21 -126.295 -1.28223 6.39252 -25.6149 -323.365 -3703.74 -1741.84 1.28223
-6.02622 25.3125 322.962 -3463.47 -1.94052 -1.34137 5.8298 -24.292 -322.962 -3507.1 -1662.89 1.34137
-5.09829 23.553 322.67 -3226.1 130.374 -1.39382 5.24075 -22.6408 -322.67 -3265.16 -1581.78 1.39382
-4.18958 21.5081 322.441 -2951.19 271.783 -1.43936 4.5331 -20.695 -322.441 -2979.25 -1495.78 1.43936
-3.35397 19.2161 322.232 -2646.86 419.701 -1.47776 3.67673 -18.51 -322.232 -2654.42 -1405.63 1.47776
-2.60131 16.7246 322.03 -2324.39 572.81 -1.50884 2.70553 -16.1464 -322.03 -2294.58 -1316.17 1.50884
-1.98348 14.0172 321.786 -1977.39 720.977 -1.53243 1.74967 -13.586 -321.786 -1901.27 -1242.84 1.53243
-1.5176 11.1512 321.38 -1612.11 858.137 -1.5484 0.886748 -10.8483 -321.38 -1479.05 -1192.9 1.5484
-1.23958 8.20355 320.956 -1236.47 978.763 -1.55661 0.140858 -7.97088 -320.956 -1036.08 -1169.27 1.55661
-1.12331 5.19113 320.707 -851.867 1080.94 -1.55695 -0.501212 -4.98233 -320.707 -577.364 -1164.52 1.55695
-1.07027 2.13903 320.387 -461.75 1167.18 -1.54933 -1.05209 -1.96289 -320.387 -114.253 -1165.57 1.54933
-0.963516 -0.92685 320.208 -69.1479 1243.15 -1.53367 -1.55 1.00716 -320.208 341.354 -1156.33 1.53367
-0.765042 -3.96667 319.96 320.674 1310.18 -1.50996 -2.08144 3.85979 -319.96 779.567 -1120.65 1.50996
-0.483909 -6.89549 319.384 693.043 1362.99 -1.47822 -2.65029 6.52861 -319.384 1193.8 -1054.01 1.47822
-0.110679 -9.67466 318.683 1046.97 1400.87 -1.43855 -3.24012 9.01548 -318.683 1579.87 -956.67 1.43855
0.285524 -12.239 317.982 1373.83 1417.94 -1.39115 -3.81185 11.3004 -317.982 1934.43 -837.963 1.39115
0.646586 -14.5333 317.459 1669.04 1407.36 -1.33627 -4.30375 13.3804 -317.459 2253.93 -707.894 1.33627
0.946227 -16.5264 317.212 1930.62 1364.46 -1.2742 -4.64862 15.2623 -317.212 2536.87 -574.904 1.2742
1.14795 -18.1895 317.031 2154.3 1286.28 -1.20527 -4.83342 16.9263 -317.031 2780.73 -443.001 1.20527
1.2345 -19.4909 316.806 2334.22 1172.46 -1.1299 -4.89649 18.3113 -316.806 2978.33 -308.878 1.1299
1.22962 -20.4284 316.547 2465.87 1025.77 -1.04853 -4.84581 19.3636 -316.547 3126.3 -170.837 1.04853
1.16235 -20.9948 316.268 2546.91 847.187 -0.961682 -4.69792 20.036 -316.268 3219.35 -23.454 0.961682
1.00449 -21.1808 316.06 2575.02 635.905 -0.869881 -4.4797 20.306 -316.06 3255.32 133.889 0.869881
0.781062 -20.9818 316.073 2549.5 395.281 -0.773709 -4.20639 20.1634 -316.073 3232.83 303.494 0.773709
0.477874 -20.3931 316.305 2468.83 122.319 -0.673794 -3.82763 19.6005 -316.305 3151.68 479.291 0.673794
0.0808815 -19.4519 316.666 2338.78 -180.21 -0.5708 -3.35949 18.6629 -316.666 3017.7 658.796 0.5708
-0.441931 -18.1977 317.162 2167.2 -511.791 -0.4654 -2.78189 17.3991 -317.162 2835.45 834.181 0.4654
-1.11706 -16.6757 317.725 1959.96 -875.933 -0.358258 -2.08588 15.8441 -317.725 2610.28 1003.98 0.358258
-2.03234 -14.9217 318.54 1720.49 -1282.16 -0.25001 -1.19674 14.0164 -318.54 2346.43 1154.88 0.25001
-3.17848 -12.9885 319.393 1449.93 -1727.68 -0.141268 -0.116717 11.9543 -319.393 2055.56 1285.74 0.141268
-4.48109 -10.9895 319.896 1167.04 -2206.55 -0.0326288 1.14746 9.77373 -319.896 1751.11 1402.02 0.0326288
-5.88805 -9.03896 320.848 894.732 -2720.79 0.0753157 2.57139 7.61158 -320.848 1445.47 1516.45 -0.0753157
-7.46378 -7.13138 321.908 628.454 -3277.9 0.181969 4.19372 5.50044 -321.908 1147.02 1622.09 -0.181969
-9.2068 -5.30758 323.18 373.554 -3885.52 0.286714 6.03251 3.52467 -323.18 867.992 1724.26 -0.286714
-10.9969 -3.64584 324.107 138.668 -4524.75 0.388922 8.03444 1.75967 -324.107 621.349 1828.47 -0.388922
-12.628 -2.27327 324.272 -55.457 -5160.94 0.488016 10.018 0.31294 -324.272 419.304 1954.56 -0.488016
-14.169 -1.24823 324.181 -202.896 -5793.51 0.583515 11.9437 -0.775065 -324.181 269.819 2097.83 -0.583515
-15.5995 -0.626852 323.966 -294.302 -6410.63 0.67503 13.7352 -1.45441 -323.966 178.444 2260.04 -0.67503
-16.956 -0.41777 323.917 -329.63 -7012.48 0.762229 15.4473 -1.72039 -323.917 147.017 2428.56 -0.762229
-18.3289 -0.648547 323.996 -303.799 -7599.47 0.844825 17.1377 -1.53006 -323.996 180.359 2582.99 -0.844825
-19.806 -1.2853 323.839 -219.265 -8170.54 0.922576 18.8101 -0.891701 -323.839 275.006 2709.53 -0.922576
-21.4354 -2.31253 323.336 -79.1902 -8727.15 0.995282 20.5174 0.169956 -323.336 428.466 2795.45 -0.995282
-23.1957 -3.69082 322.618 110.37 -9268.78 1.06279 22.294 1.59027 -322.618 632.176 2838.44 -1.06279
-25.0396 -5.37386 321.948 343.514 -9791.81 1.12498 24.137 3.31505 -321.948 877.917 2841.89 -1.12498
-26.8296 -7.30522 321.38 611.987 -10285.4 1.18179 25.999 5.28815 -321.38 1158.12 2820.99 -1.18179
-28.4482 -9.41235 320.82 905.816 -10735.3 1.2332 27.7616 7.45101 -320.82 1464.34 2794.55 -1.2332
-29.8162 -11.6128 320.159 1217.31 -11128.1 1.27921 29.2932 9.74082 -320.159 1783.83 2778.77 -1.27921
-30.8325 -13.8072 319.476 1531.22 -11452.8 1.31985 30.5386 12.0755 -319.476 2106.38 2784.75 -1.31985
-31.4512 -15.9175 318.7 1838.01 -11705.4 1.35514 31.5192 14.3751 -318.7 2419.31 2811.91 -1.35514
-31.7418 -17.8473 317.837 2123.87 -11885.4 1.38515 32.1959 16.5279 -317.837 2707.16 2855.42 -1.38515
-31.826 -19.5409 316.925 2378.71 -11997.1 1.40996 32.574 18.4591 -316.925 2961.72 2901.85 -1.40996
-31.6917 -20.9605 315.955 2593.59 -12043.6 1.42965 32.7594 20.1004 -315.955 3176.98 2941.02 -1.42965
-31.3766 -22.0616 314.974 2759.41 -12028.3 1.44436 32.8139 21.3747 -314.974 3344.96 2962.46 -1.44436
-30.9874 -22.8201 314.041 2871.17 -11953 1.45424 32.6925 22.2259 -314.041 3459.41 2959.23 -1.45424
-30.5276 -23.2202 313.222 2925.11 -11818.3 1.45946 32.4214 22.6194 -313.222 3516.97 2927.84 -1.45946
-29.9563 -23.2583 312.56 2920.15 -11623.5 1.4602 32.0367 22.5467 -312.56 3517.04 2868.15 -1.4602
-29.2677 -22.9309 312.065 2858.39 -11365.3 1.45668 31.4903 22.0323 -312.065 3460.48 2784.48 -1.45668
-28.4488 -22.2429 311.71 2744.09 -11039.9 1.44909 30.7272 21.1274 -311.71 3350.92 2682.59 -1.44909
-27.4501 -21.2188 311.438 2583.78 -10643.4 1.43764 29.7146 19.8921 -311.438 3193.68 2570.25 -1.43764
-26.2178 -19.8966 311.317 2383.53 -10174.6 1.42253 28.4639 18.3752 -311.317 2994.93 2451.96 -1.42253
-24.7583 -18.3012 311.381 2149.32 -9635.32 1.40393 26.9836 16.605 -311.381 2756.16 2327.6 -1.40393
-23.0739 -16.51 311.553 1889.73 -9025.18 1.38202 25.2594 14.6692 -311.553 2492 2198.45 -1.38202
-21.1674 -14.5408 311.837 1605.88 -8345.8 1.35696 23.3023 12.5988 -311.837 2208.2 2064.17 -1.35696
-19.0613 -12.4476 311.948 1311.34 -7602.64 1.3289 21.1465 10.4858 -311.948 1911.65 1922.28 -1.3289
-16.8259 -10.1987 312.352 1009.16 -6805.23 1.29801 18.8922 8.35501 -312.352 1598.39 1758.3 -1.29801
-14.5221 -7.86203 313.085 711.929 -5962.24 1.26445 16.5486 6.30833 -313.085 1279.68 1571.04 -1.26445
-12.2652 -5.37688 314.324 408.557 -5091.48 1.22835 14.1421 4.28219 -314.324 949.14 1358.42 -1.22835
-10.1246 -2.82418 316.061 111.785 -4214.21 1.18985 11.7092 2.32291 -316.061 611.896 1126.81 -1.18985
-8.11363 -0.22106 318.193 -178.894 -3339.81 1.14905 9.25898 0.39846 -318.193 266.349 882.437 -1.14905
-6.19894 2.48006 319.821 -471.117 -2481.61 1.10599 6.78142 -1.5788 -319.821 -98.8657 644.762 -1.10599
-4.21489 5.36632 320.991 -790.015 -1619.85 1.06071 4.18281 -3.73766 -320.991 -488.947 430.371 -1.06071
-2.16632 8.39553 322.218 -1126.13 -760.711 1.01318 1.52505 -6.08899 -322.218 -908.961 236.001 -1.01318
0.0218019 11.6601 323.511 -1507.26 97.0697 0.963367 -1.13467 -8.78126 -323.511 -1364.96 62.8623 -0.963367
2.28393 15.141 325.354 -1935.11 942.33 0.91125 -3.65617 -11.8215 -325.354 -1853.53 -106.808 -0.91125
4.63601 18.9038 327.269 -2424.57 1785.63 0.856823 -6.12445 -15.2675 -327.269 -2377.11 -269.417 -0.856823
7.05581 22.8835 329.116 -2966.43 2627.88 0.800079 -8.59764 -19.0262 -329.116 -2922.69 -420.861 -0.800079
9.43004 26.9331 330.339 -3528.07 3465.86 0.740972 -11.0425 -22.8982 -330.339 -3474.26 -578.553 -0.740972
11.6539 30.8896 330.473 -4080.37 4266.94 0.67943 -13.3435 -26.7005 -330.473 -4012.33 -740.867 -0.67943
13.6697 34.7323 330.447 -4621.53 5023.44 0.615382 -15.3788 -30.4374 -330.447 -4536.35 -925.319 -0.615382
15.4322 38.3515 330.354 -5134.32 5718.96 0.548795 -17.0669 -34.0214 -330.354 -5035.88 -1133.31 -0.548795
17.0041 41.68 330.662 -5614.41 6365.38 0.479716 -18.521 -37.4045 -330.662 -5499.05 -1352.01 -0.479716
18.3325 44.6718 330.995 -6054.13 6950.44 0.408284 -19.7757 -40.5365 -330.995 -5920 -1571.73 -0.408284
19.4369 47.2635 331.189 -6441.97 7469.73 0.3347 -20.7978 -43.2928 -331.189 -6283.8 -1790.04 -0.3347
20.4095 49.4269 330.983 -6766.16 7935.69 0.259211 -21.6444 -45.593 -330.983 -6586.96 -1998.39 -0.259211
21.2768 51.1164 330.406 -7017.24 8353.77 0.182089 -22.3883 -47.3755 -330.406 -6823.86 -2188.34 -0.182089
21.996 52.286 329.598 -7192.63 8720.47 0.10361 -23.0229 -48.6293 -329.598 -6989.05 -2363.3 -0.10361
22.5687 52.877 328.959 -7290.01 9038.86 0.024068 -23.5721 -49.3655 -328.959 -7078.2 -2522.71 -0.024068
22.9747 52.8453 328.448 -7304.88 9307.12 -0.0562075 -23.9951 -49.5669 -328.448 -7087.18 -2673.29 0.0562075
23.212 52.1702 327.922 -7233.56 9521.91 -0.136877 -24.2437 -49.202 -327.922 -7012.31 -2818.81 0.136877
23.2658 50.8468 327.318 -7073.9 9680.21 -0.21761 -24.2882 -48.234 -327.318 -6849.91 -2962.48 0.21761
23.1401 48.9065 326.495 -6825.36 9782.48 -0.298073 -24.1307 -46.6165 -326.495 -6598.41 -3103.92 0.298073
22.8747 46.4092 325.509 -6491.55 9832.77 -0.377913 -23.7858 -44.3232 -325.509 -6258.9 -3239.53 0.377913
22.5778 43.3779 324.535 -6071.78 9846.89 -0.456766 -23.3575 -41.3639 -324.535 -5836.7 -3355.3 0.456766
22.2971 39.8532 323.621 -5575.71 9831.09 -0.534285 -22.9115 -37.8177 -323.621 -5338.99 -3441.52 0.534285
22.0254 35.8851 322.918 -5019.79 9788.07 -0.610151 -22.4884 -33.7931 -322.918 -4771.61 -3496.21 0.610151
21.7956 31.555 322.281 -4414.97 9721.55 -0.684078 -22.1002 -29.4157 -322.281 -4152.69 -3516.73 0.684078
21.6171 26.9518 321.637 -3775.16 9630.66 -0.755806 -21.7279 -24.8083 -321.637 -3498.08 -3503.61 0.755806
21.4277 22.117 321.324 -3107.84 9514.07 -0.825097 -21.3432 -20.026 -321.324 -2813.88 -3468.14 0.825097
21.1579 17.1747 320.699 -2429.91 9364.93 -0.891722 -20.9259 -15.2127 -320.699 -2120.85 -3416.18 0.891722
20.8408 12.1437 319.894 -1743.42 9187.38 -0.955447 -20.4612 -10.382 -319.894 -1421.52 -3349.26 0.955447
20.4347 7.27383 319.087 -1084.65 8974.28 -1.01603 -19.8598 -5.74288 -319.087 -744.045 -3278.59 1.01603
19.9385 2.63922 318.266 -456.797 8726.91 -1.07326 -19.1063 -1.33748 -318.266 -101.558 -3207.79 1.07326
19.3754 -1.72023 317.577 137.369 8448.7 -1.12688 -18.1674 2.80259 -317.577 498.651 -3141.65 1.12688
18.8336 -5.68955 317.053 676.929 8153.32 -1.17666 -17.1502 6.57158 -317.053 1046.5 -3066.39 1.17666
18.3443 -9.2776 316.696 1163.57 7854.82 -1.22238 -16.2184 9.94698 -316.696 1538.36 -2968.68 1.22238
17.9061 -12.3801 316.336 1577.23 7562.88 -1.26382 -15.4704 12.8107 -316.336 1963.09 -2844.6 1.26382
17.4544 -14.9646 315.824 1916.53 7270.66 -1.30079 -14.8437 15.1593 -315.824 2316.98 -2705.12 1.30079
16.9847 -17.0021 315.296 2181.42 6976.89 -1.33306 -14.2487 16.999 -315.296 2596.93 -2562.2 1.33306
16.4583 -18.4802 314.931 2368.45 6676.2 -1.36043 -13.5732 18.3038 -314.931 2800.95 -2431.6 1.36043
15.8798 -19.4349 314.749 2479.45 6369.81 -1.38265 -12.7831 19.0546 -314.749 2929.62 -2318.7 1.38265
15.2575 -19.912 314.744 2519.27 6062.81 -1.39944 -11.9215 19.2554 -314.744 2985.05 -2221.35 1.39944
14.6328 -19.94 314.792 2492.24 5762.37 -1.41056 -11.0834 18.9428 -314.792 2972.1 -2127.57 1.41056
14.0384 -19.5532 314.821 2408.11 5473.22 -1.41579 -10.3338 18.2037 -314.821 2898.01 -2028.36 1.41579
13.522 -18.8104 314.951 2275.59 5206 -1.41493 -9.74988 17.1101 -314.951 2772.45 -1916.81 1.41493
13.0807 -17.808 315.2 2106.71 4959.1 -1.40783 -9.31905 15.7418 -315.2 2608.18 -1793.47 1.40783
12.7239 -16.6271 315.622 1915.29 4732.27 -1.39439 -9.00958 14.2059 -315.622 2417.83 -1661.24 1.39439
12.4209 -15.3304 316.18 1712.89 4523.5 -1.37451 -8.78666 12.6129 -316.18 2214.15 -1527.28 1.37451
12.049 -13.9966 316.717 1510.12 4324.39 -1.34813 -8.61238 11.0549 -316.717 2010.55 -1405.81 1.34813
11.5425 -12.7189 317.113 1321.6 4132.3 -1.31521 -8.47918 9.61868 -317.113 1817.72 -1304.42 1.31521
10.8951 -11.5712 317.346 1156.46 3940.26 -1.27574 -8.31524 8.38434 -317.346 1648.13 -1227.17 1.27574
10.144 -10.5934 317.554 1022.47 3748.34 -1.22976 -8.10839 7.41632 -317.554 1508.69 -1170.59 1.22976
9.29434 -9.79875 317.746 921.845 3553.69 -1.17734 -7.87246 6.76543 -317.746 1406.19 -1129.19 1.17734
8.3991 -9.19064 317.864 856.603 3358.75 -1.11859 -7.66185 6.44794 -317.864 1341.37 -1090.36 1.11859
7.54775 -8.74668 317.892 823.442 3164.29 -1.05369 -7.48163 6.43706 -317.892 1310.62 -1041.6 1.05369
6.79734 -8.43516 317.912 816.567 2971.66 -0.982852 -7.35127 6.67318 -317.912 1306.91 -973.547 0.982852
6.18876 -8.19491 317.84 822.611 2776.26 -0.906359 -7.2186 7.02977 -317.84 1317.22 -883.19 0.906359
5.73688 -7.98402 317.712 827.673 2573.11 -0.824569 -7.05115 7.35559 -317.712 1328.31 -768.034 0.824569
5.37573 -7.79116 317.659 822.636 2359.99 -0.737905 -6.88002 7.51634 -317.659 1328.84 -630.768 0.737905
5.07062 -7.60524 317.692 801.678 2132.38 -0.646814 -6.65829 7.42597 -317.692 1310.98 -478.322 0.646814
4.86389 -7.40816 317.84 761.242 1888.83 -0.55174 -6.33343 7.05956 -317.84 1272.23 -310.695 0.55174
4.72333 -7.22269 318.143 708.905 1631.25 -0.453136 -5.94696 6.49722 -318.143 1219.49 -128.485 0.453136
4.59101 -7.06837 318.474 652.563 1362.56 -0.351472 -5.55902 5.84138 -318.474 1161.99 65.7116 0.351472
4.3998 -7.00546 318.876 607.307 1082.34 -0.247245 -5.1578 5.23326 -318.876 1112.95 261.239 0.247245
4.09137 -7.07943 319.081 581.515 784.488 -0.140973 -4.67866 4.78004 -319.081 1085.45 446.929 0.140973
3.64602 -7.36166 319.237 586.14 466.774 -0.0332051 -4.06819 4.58738 -319.237 1093.42 614.763 0.0332051
3.06005 -7.90511 319.427 631.197 132.604 0.0754794 -3.38142 4.74154 -319.427 1146.39 768.549 -0.0754794
2.30243 -8.73811 319.574 723.147 -211.253 0.184499 -2.6636 5.30254 -319.574 1250.34 903.522 -0.184499
1.37115 -9.87734 319.715 863.106 -575.45 0.293294 -1.83071 6.28584 -319.715 1408.65 1018.26 -0.293294
0.32075 -11.3359 319.923 1053.47 -959.918 0.401316 -0.838142 7.68617 -319.923 1620.02 1114.09 -0.401316
-0.768101 -13.0431 320.106 1285.15 -1355.69 0.508022 0.239993 9.41834 -320.106 1871.65 1203.79 -0.508022
-1.89659 -14.9723 320.062 1552.75 -1756.47 0.612869 1.34003 11.4358 -320.062 2158.65 1289.85 -0.612869
-3.05485 -17.0448 319.7 1844.24 -2158.7 0.715311 2.39342 13.6446 -319.7 2468.78 1379.74 -0.715311
-4.2497 -19.1832 319.448 2151.06 -2571.19 0.814785 3.43526 15.956 -319.448 2787.28 1476.37 -0.814785
-5.5033 -21.2789 319.392 2457 -2993.05 0.910707 4.51148 18.2413 -319.392 3096.98 1569.28 -0.910707
-6.84297 -23.2979 319.262 2751.58 -3427.52 1.00251 5.65629 20.4165 -319.262 3391.8 1653.1 -1.00251
-8.23535 -25.204 318.961 3025.91 -3868.42 1.08969 6.86453 22.3938 -318.961 3663.2 1727.06 -1.08969
-9.66523 -26.9326 318.595 3267.94 -4319.47 1.17183 8.17819 24.0772 -318.595 3900.65 1791.11 -1.17183
-11.0875 -28.4723 318.255 3475.32 -4774.44 1.24857 9.59535 25.4695 -318.255 4105.3 1845.64 -1.24857
-12.4298 -29.7695 317.827 3645.82 -5221.53 1.31958 11.0414 26.5979 -317.827 4275.66 1899.49 -1.31958
-13.721 -30.7932 317.609 3780.75 -5666.08 1.38452 12.523 27.5087 -317.609 4412.6 1953 -1.38452
-14.8982 -31.5249 317.577 3884.1 -6096.35 1.44306 13.9882 28.2283 -317.577 4513.21 2010.6 -1.44306
-15.8851 -31.9327 317.434 3951.9 -6500.04 1.49494 15.3906 28.7624 -317.434 4577.78 2077.23 -1.49494
-16.7077 -31.9835 317.021 3979.82 -6871.83 1.53996 16.6785 29.099 -317.021 4604.3 2151.25 -1.53996
-17.4 -31.6712 316.466 3964.44 -7209.64 1.57795 17.8281 29.1886 -316.466 4588.39 2229.12 -1.57795
-17.9897 -30.9671 315.914 3898.11 -7511.79 1.60878 18.8523 28.9528 -315.914 4522.63 2303.5 -1.60878
-18.5539 -29.8286 315.485 3773.9 -7778.49 1.63239 19.7395 28.3344 -315.485 4399.93 2365.38 -1.63239
-19.0984 -28.2485 315.244 3590.7 -8006.61 1.64876 20.5253 27.2961 -315.244 4215.16 2405.83 -1.64876
-19.6432 -26.1746 315.007 3334.93 -8198.53 1.65794 21.2712 25.7257 -315.007 3958.76 2415.83 -1.65794
-20.1976 -23.5525 314.87 2995.24 -8354.76 1.66004 21.9628 23.5176 -314.87 3619.64 2396.62 -1.66004
-20.7582 -20.3863 314.909 2574.09 -8472.57 1.65519 22.5985 20.6654 -314.909 3195.03 2346.13 -1.65519
-21.2776 -16.6598 315.254 2070.42 -8545.16 1.64356 23.123 17.1634 -315.254 2682.89 2271.99 -1.64356
-21.7183 -12.3736 315.799 1481.48 -8567.08 1.62538 23.4703 13.0409 -315.799 2090.19 2183.31 -1.62538
-22.049 -7.56808 316.508 819.977 -8534.35 1.60086 23.6146 8.34815 -316.508 1416.98 2084.13 -1.60086
-22.2718 -2.39587 317.476 116.447 -8449.37 1.57024 23.6207 3.21763 -317.476 672.759 1967.44 -1.57024
-22.3218 3.04954 318.411 -623.619 -8307.07 1.53375 23.4434 -2.30121 -318.411 -127.856 1843.66 -1.53375
-22.1912 8.40768 319.488 -1352.94 -8107.19 1.49164 23.0256 -7.86312 -319.488 -933.031 1721.62 -1.49164
-21.8335 13.5169 320.713 -2059.46 -7851.56 1.44411 22.3954 -13.3029 -320.713 -1708.89 1605.73 -1.44411
-21.2259 18.1511 321.76 -2711.7 -7540.41 1.39136 21.5662 -18.3541 -321.76 -2417.72 1497.57 -1.39136
-20.3994 22.1597 322.4 -3279.77 -7180.2 1.33361 20.5216 -22.7904 -322.4 -3036.44 1401.52 -1.33361
-19.2907 25.509 322.501 -3752.96 -6770.16 1.27115 19.2792 -26.5035 -322.501 -3555.76 1323.26 -1.27115
-17.9592 28.0627 322.344 -4112.62 -6321.36 1.20427 17.9231 -29.3075 -322.344 -3949.05 1253.64 -1.20427
-16.5042 29.8022 322.009 -4350.22 -5837.94 1.13326 16.4533 -31.1657 -322.009 -4217.06 1182.83 -1.13326
-15.0185 30.7148 321.715 -4468.08 -5329.76 1.05839 14.9311 -32.0962 -321.715 -4358.23 1099.04 -1.05839
-13.5812 30.7056 321.372 -4453.26 -4811.08 0.979935 13.4401 -32.0672 -321.372 -4367.68 993.643 -0.979935
-12.2138 29.7797 321.146 -4309.58 -4282.95 0.89817 11.9822 -31.1409 -321.146 -4251.07 864.398 -0.89817
-10.9065 27.9359 320.798 -4040.04 -3746.16 0.813377 10.5607 -29.3504 -320.798 -4009.88 713.003 -0.813377
-9.65872 25.2129 320.552 -3654.82 -3209.42 0.725833 9.20762 -26.7389 -320.552 -3645.43 543.737 -0.725833
-8.45799 21.6372 320.602 -3158.69 -2675.31 0.635826 7.91808 -23.309 -320.602 -3157.08 361.583 -0.635826
-7.32607 17.3571 320.944 -2574.77 -2153.85 0.54368 6.69962 -19.1644 -320.944 -2557.12 172.461 -0.54368
-6.2214 12.5591 321.467 -1940 -1645.69 0.449755 5.52265 -14.4737 -321.467 -1858.45 -13.006 -0.449755
-5.00434 7.36722 321.813 -1266.05 -1137.36 0.35442 4.26076 -9.36544 -321.813 -1084.94 -170.913 -0.35442
-3.62525 1.89692 321.991 -568.667 -626.002 0.258028 2.8372 -3.97958 -321.991 -256.72 -286.402 -0.258028
-2.18333 -3.77229 321.813 155.648 -121.648 0.16094 1.33533 1.58765 -321.813 598.004 -375.087 -0.16094
-0.73791 -9.62875 321.63 929.015 378.905 0.0635728 -0.173116 7.32562 -321.63 1453.94 -458.599 -0.0635728
0.646406 -15.2694 321.108 1684.58 867.962 -0.0335998 -1.60866 12.8597 -321.108 2268.7 -549.49 0.0335998
1.88122 -20.5477 320.294 2406.86 1339.08 -0.130091 -2.88679 18.0754 -320.294 3021.11 -665.625 0.130091
2.85603 -25.2383 319.332 3057.34 1769.49 -0.225439 -3.87109 22.7911 -319.332 3692.49 -818.897 0.225439
3.61517 -29.285 318.282 3633.74 2170.75 -0.319195 -4.57945 26.994 -318.282 4275.42 -1012.15 0.319195
4.23331 -32.5685 317.347 4121.15 2550.4 -0.410884 -5.05749 30.5898 -317.347 4754.77 -1236.02 0.410884
4.84352 -35.0302 316.567 4506.7 2916.22 -0.499978 -5.49067 33.4994 -316.567 5124.06 -1453.55 0.499978
5.48465 -36.6315 315.81 4776.13 3277.16 -0.585911 -6.01665 35.6091 -315.81 5376.15 -1648.9 0.585911
6.18908 -37.3442 315.034 4917.99 3635.53 -0.668121 -6.69678 36.8025 -315.034 5502.14 -1811.2 0.668121
6.96914 -37.1496 314.445 4925.9 3988.75 -0.746073 -7.50209 37.0003 -314.445 5494.65 -1940.22 0.746073
7.87103 -36.0402 314.113 4794.47 4341 -0.819271 -8.38048 36.1483 -314.113 5350.41 -2040.96 0.819271
8.81342 -34.031 314.108 4525.85 4685.58 -0.887267 -9.22983 34.2458 -314.108 5069.29 -2132.46 0.887267
9.71735 -31.1363 314.394 4124.89 5013.54 -0.949655 -9.98915 31.3377 -314.394 4654.75 -2225.44 0.949655
10.5531 -27.4184 314.931 3607.43 5321.47 -1.00606 -10.6273 27.541 -314.931 4116.17 -2325.05 1.00606
11.3905 -22.9506 315.907 2986.12 5621.84 -1.05612 -11.2497 22.9911 -315.907 3470.23 -2419.06 1.05612
12.3059 -17.8513 317.716 2276.8 5927.59 -1.09952 -11.975 17.8389 -317.716 2738.95 -2493.07 1.09952
13.3087 -12.2015 319.791 1494.84 6234.67 -1.13598 -12.8362 12.1585 -319.791 1928.72 -2537.06 1.13598
14.498 -6.21354 321.297 661.22 6550.5 -1.16528 -13.8555 6.13896 -321.297 1075 -2541.53 1.16528
15.8679 -0.0635279 322.416 -195.634 6868.03 -1.18729 -14.9747 -0.0555319 -322.416 197.171 -2508.39 1.18729
17.3637 6.06199 323.673 -1049.52 7182.87 -1.20197 -16.1757 -6.22393 -323.673 -676.506 -2443.47 1.20197
18.8208 11.8557 324.898 -1851.5 7477.99 -1.20937 -17.3231 -12.0414 -324.898 -1506.17 -2371.85 1.20937
20.1302 17.1122 325.571 -2571.6 7743.91 -1.20962 -18.2916 -17.2981 -325.571 -2263.48 -2316.99 1.20962
21.2555 21.8292 325.653 -3218.14 7974.98 -1.20284 -19.0272 -21.9871 -325.653 -2938.77 -2285.98 1.20284
22.2496 25.9686 325.754 -3788.37 8181.16 -1.18918 -19.6203 -26.0572 -325.754 -3522.22 -2268.53 1.18918
23.1894 29.4307 326.118 -4260.23 8377.92 -1.1688 -20.2186 -29.3941 -326.118 -4005.86 -2248.6 1.1688
24.1666 32.2413 326.447 -4636.99 8572.65 -1.14198 -20.8956 -32.0319 -326.447 -4394.81 -2210.39 1.14198
25.2177 34.3907 326.423 -4921.85 8766.52 -1.10908 -21.6893 -34.0173 -326.423 -4691.05 -2144.61 1.10908
26.3341 35.8555 326.078 -5115.29 8960.55 -1.07049 -22.6247 -35.3718 -326.078 -4893.81 -2050 1.07049
27.4458 36.6564 325.551 -5218.74 9150.57 -1.02664 -23.6742 -36.108 -325.551 -5006.35 -1936.08 1.02664
28.4822 36.7927 325.059 -5230.49 9329.29 -0.977929 -24.7326 -36.1965 -325.059 -5026.16 -1820.24 0.977929
29.3946 36.2916 324.645 -5151.25 9485.82 -0.924783 -25.6499 -35.6168 -324.645 -4953.48 -1719.5 0.924783
30.1455 35.1979 324.232 -4983.9 9611.55 -0.867616 -26.325 -34.3581 -324.232 -4790.22 -1644.69 0.867616
30.7056 33.5491 323.779 -4733.15 9705.66 -0.806833 -26.7906 -32.4445 -323.779 -4540.29 -1594.57 0.806833
31.1067 31.4058 323.333 -4411.11 9772.32 -0.742825 -27.1182 -29.973 -323.333 -4213.76 -1558.77 0.742825
31.4094 28.8018 322.876 -4025.14 9816.78 -0.675982 -27.3542 -27.0195 -322.876 -3818.7 -1527.51 0.675982
31.6762 25.8304 322.496 -3590.19 9845.99 -0.606701 -27.5763 -23.7214 -322.496 -3372.56 -1488.07 0.606701
31.9593 22.5403 322.23 -3115.47 9863.48 -0.535404 -27.8067 -20.1553 -322.23 -2883.78 -1433.52 0.535404
32.2747 19.0686 321.727 -2621.58 9867 -0.462531 -28.022 -16.4845 -321.727 -2373.94 -1362.67 0.462531
32.604 15.4517 321.064 -2113.99 9855.82 -0.388538 -28.2018 -12.758 -321.064 -1849.59 -1280.26 0.388538
32.8844 11.8275 320.474 -1611.11 9825.12 -0.313873 -28.2907 -9.11117 -320.474 -1330.71 -1198.01 0.313873
33.0488 8.34784 320.001 -1137.52 9769.91 -0.238968 -28.2496 -5.67195 -320.001 -832.052 -1125.84 0.238968
33.0562 5.05718 319.508 -695.974 9688.52 -0.16423 -28.0589 -2.47491 -319.508 -361.942 -1070.63 0.16423
32.8937 2.00788 319.093 -289.658 9581.36 -0.0900381 -27.7065 0.431748 -319.093 68.6669 -1036.25 0.0900381
32.5673 -0.701216 318.78 70.1272 9450.62 -0.0167597 -27.1886 2.97564 -318.78 447.022 -1024.54 0.0167597
32.1243 -2.969 318.478 369.55 9303.84 0.0552466 -26.5636 5.07957 -318.478 761.915 -1028.28 -0.0552466
31.5756 -4.82626 318.149 614.226 9145.77 0.125628 -25.8856 6.78693 -318.149 1018.14 -1042.99 -0.125628
30.9844 -6.22834 317.876 798.016 8984.64 0.194035 -25.211 8.04575 -317.876 1208.25 -1060.17 -0.194035
30.398 -7.15126 317.718 916.541 8825.8 0.260128 -24.5578 8.82946 -317.718 1329.54 -1075.91 -0.260128
29.8023 -7.58032 317.683 967.66 8670.77 0.323574 -23.9484 9.1358 -317.683 1381.76 -1090.63 -0.323574
29.1693 -7.49212 317.728 949.338 8518.92 0.38406 -23.3777 8.9571 -317.728 1362.57 -1108.31 -0.38406
28.5075 -6.88778 317.827 860.983 8368.56 0.441303 -22.7893 8.28399 -317.827 1271.41 -1133.99 -0.441303
27.8095 -5.79028 318.011 704.27 8219.11 0.495063 -22.1665 7.10534 -318.011 1108.28 -1170.44 -0.495063
27.0594 -4.24726 318.287 484.386 8071.36 0.545137 -21.5341 5.44764 -318.287 878.405 -1217.26 -0.545137
26.2609 -2.30292 318.683 209.599 7927.57 0.591356 -20.9237 3.3745 -318.683 588.66 -1271.7 -0.591356
25.4566 -0.0143078 319.234 -111.06 7789.91 0.633573 -20.3419 0.963836 -319.234 248.981 -1329.02 -0.633573
24.6802 2.57611 319.848 -471.666 7658.7 0.671653 -19.7935 -1.72862 -319.848 -132.749 -1384.17 -0.671653
23.9553 5.33106 320.479 -856.873 7534.24 0.705466 -19.2821 -4.57445 -320.479 -534.551 -1433.64 -0.705466
23.2827 8.12663 321.049 -1245.97 7415.31 0.734887 -18.793 -7.44314 -321.049 -941.394 -1478.14 -0.734887
22.6249 10.9121 321.648 -1632.53 7301.92 0.759791 -18.3498 -10.2692 -321.648 -1343.38 -1519.66 -0.759791
21.9578 13.5574 322.089 -1995.04 7192 0.780068 -17.9413 -12.9222 -322.089 -1725.42 -1561.08 -0.780068
21.2959 16.0101 322.388 -2328.46 7083.02 0.795622 -17.5273 -15.3657 -322.388 -2080.05 -1603.5 -0.795622
20.6412 18.2394 322.542 -2631.25 6972.01 0.806365 -17.079 -17.5885 -322.542 -2402.92 -1647.7 -0.806365
19.9663 20.1741 322.685 -2898.49 6859.47 0.812226 -16.6305 -19.5503 -322.685 -2683.24 -1693.25 -0.812226
19.2975 21.7471 322.817 -3120.88 6746.83 0.813157 -16.1978 -21.2127 -322.817 -2915.53 -1735.61 -0.813157
18.6296 22.9079 322.925 -3288.84 6634.38 0.809139 -15.8076 -22.5095 -322.925 -3092.94 -1772.09 -0.809139
17.9572 23.6263 322.836 -3396.71 6518.52 0.800177 -15.4495 -23.3797 -322.836 -3208.33 -1801.31 -0.800177
17.3198 23.8658 322.566 -3438.29 6396.7 0.786306 -15.0591 -23.7796 -322.566 -3256.6 -1824.25 -0.786306
16.6815 23.6047 322.187 -3412.14 6267.52 0.767593 -14.655 -23.694 -322.187 -3234.04 -1841.91 -0.767593
16 22.8248 321.791 -3316.33 6129.74 0.74414 -14.2629 -23.1076 -321.791 -3137.84 -1855.38 -0.74414
15.2858 21.519 321.427 -3149 5980.53 0.716095 -13.8383 -22.0065 -321.427 -2966.94 -1866.61 -0.716095
14.5361 19.7098 321.088 -2912.27 5818.04 0.683648 -13.3704 -20.3934 -321.088 -2722.72 -1875.67 -0.683648
13.7594 17.4513 320.762 -2611.75 5641.81 0.647038 -12.8516 -18.2837 -320.762 -2409.39 -1881.99 -0.647038
13.0009 14.7865 320.501 -2252.72 5455.22 0.606551 -12.2993 -15.6885 -320.501 -2029.26 -1880.13 -0.606551
12.2301 11.7999 320.118 -1843.95 5255.52 0.562515 -11.7234 -12.686 -320.118 -1596.4 -1870.29 -0.562515
11.437 8.54779 319.643 -1393.02 5043.71 0.515302 -11.1559 -9.33813 -319.643 -1119.88 -1850.34 -0.515302
10.6291 5.12007 319.297 -912.054 4822.59 0.46533 -10.6264 -5.75039 -319.297 -615.033 -1817.89 -0.46533
9.83784 1.73031 319.373 -438.925 4602.22 0.413046 -10.189 -2.164 -319.373 -107.86 -1770.95 -0.413046
9.03071 -1.55182 319.611 15.6491 4372.84 0.358913 -9.76348 1.32353 -319.611 388.856 -1715.62 -0.358913
8.06742 -4.64042 319.181 447.872 4112.26 0.303395 -9.19727 4.61071 -319.181 852.566 -1670.91 -0.303395
6.92763 -7.37129 318.304 830.586 3824.24 0.246973 -8.48207 7.533 -318.304 1264.25 -1644.58 -0.246973
5.6281 -9.64333 317.509 1149.87 3509.67 0.190153 -7.60328 9.99738 -317.509 1610.54 -1637.18 -0.190153
4.22436 -11.3931 317.067 1394.54 3172.93 0.133445 -6.62904 11.9428 -317.067 1885.13 -1635.72 -0.133445
2.76362 -12.6181 316.86 1566.17 2816.48 0.0773259 -5.61304 13.3386 -316.86 2081.81 -1628.52 -0.0773259
1.30774 -13.297 316.604 1660.14 2444.5 0.0222265 -4.60845 14.1336 -316.604 2194.96 -1603.6 -0.0222265
-0.0633309 -13.415 316.381 1675.08 2061.18 -0.0314558 -3.66981 14.3246 -316.381 2223.43 -1546.28 0.0314558
-1.31823 -12.9518 316.413 1608.85 1667.65 -0.0833464 -2.78982 13.913 -316.413 2166.73 -1454.31 0.0833464
-2.4507 -11.9047 316.748 1460.48 1260.15 -0.133098 -1.91489 12.9036 -316.748 2026.12 -1330.6 0.133098
-3.48772 -10.3133 317.258 1240.72 834.205 -0.180399 -1.04547 11.3501 -317.258 1803.93 -1174.39 0.180399
-4.51435 -8.2282 318.141 959.436 387.913 -0.22497 -0.183851 9.31097 -318.141 1505.66 -995.419 0.22497
-5.59831 -5.67489 319.221 619.481 -86.9634 -0.266562 0.7605 6.81459 -319.221 1136.02 -807.673 0.266562
-6.72678 -2.7357 320.507 235.143 -592.209 -0.304951 1.89177 3.95048 -320.507 704.849 -622.199 0.304951
-7.99882 0.495941 321.677 -179.172 -1138.04 -0.339926 3.28757 0.808609 -321.677 223.515 -453.576 0.339926
-9.366 3.93967 323.001 -620.398 -1714.28 -0.371285 4.73198 -2.56352 -323.001 -293.078 -274.867 0.371285
-10.9463 7.60743 324.824 -1101.99 -2334.38 -0.398848 6.27793 -6.23409 -324.824 -842.706 -96.6097 0.398848
-12.6952 11.3167 326.53 -1600.39 -3000.17 -0.422464 7.96607 -10.0273 -326.53 -1398.6 83.5876 0.422464
-14.5872 15.0687 327.881 -2122.86 -3722.01 -0.441992 9.84909 -13.9137 -327.881 -1949.5 272.313 0.441992
-16.5219 18.592 328.758 -2622.57 -4469.08 -0.457301 11.8154 -17.5847 -328.758 -2460.75 468.516 0.457301
-18.4368 21.7018 329.199 -3065.26 -5225.53 -0.468311 13.7537 -20.8216 -329.199 -2909.96 680.8 0.468311
-20.2832 24.3537 329.269 -3442.32 -5979.23 -0.475015 15.6136 -23.5682 -329.269 -3291.55 910.94 0.475015
-21.9382 26.5061 329.188 -3756.18 -6713.07 -0.477478 17.3297 -25.8318 -329.188 -3598.28 1168.28 0.477478
-23.462 28.0432 329.252 -3992.81 -7437.69 -0.475793 18.9843 -27.5482 -329.252 -3818.89 1443.43 0.475793
-24.9258 28.9237 329.503 -4145.52 -8152.98 -0.470084 20.622 -28.6817 -329.503 -3949.24 1720.04 0.470084
-26.4701 29.1187 329.71 -4201.09 -8871.29 -0.460497 22.3191 -29.1468 -329.71 -3986.46 1980.05 0.460497
-28.0549 28.6553 329.549 -4158.24 -9581.54 -0.447198 24.0573 -28.8863 -329.549 -3927.6 2220.59 0.447198
-29.6708 27.5392 329.098 -4016.7 -10282.6 -0.430364 25.8812 -27.8875 -329.098 -3771.93 2435.67 0.430364
-31.3188 25.7128 328.44 -3771.34 -10975.7 -0.410184 27.8001 -26.1222 -328.44 -3512.52 2624.97 0.410184
-32.9363 23.1923 327.639 -3431.23 -11648.5 -0.386847 29.6853 -23.6483 -327.639 -3150.74 2803.2 0.386847
-34.5108 19.9847 326.822 -2996.48 -12297 -0.36054 31.5043 -20.4893 -326.822 -2690.77 2972.53 0.36054
-36.0341 16.174 326.43 -2480.34 -12917.7 -0.331462 33.2395 -16.7187 -326.43 -2141.51 3133.1 0.331462
-37.482 11.8341 325.95 -1891.54 -13502.6 -0.299838 34.8822 -12.398 -325.95 -1513.24 3281.61 0.299838
-38.8565 7.05273 325.146 -1238.47 -14048.8 -0.26591 36.4684 -7.60052 -325.146 -820.211 3409.77 0.26591
-40.1438 2.0285 324.015 -542.092 -14551.8 -0.229923 37.9762 -2.49408 -324.015 -92.9607 3518.41 0.229923
-41.3718 -2.896 322.877 149.416 -15012.3 -0.192124 39.4123 2.59892 -322.877 623.288 3603.11 0.192124
-42.4902 -7.59365 321.871 814.12 -15423.3 -0.152767 40.7236 7.53839 -321.871 1312.91 3671.42 0.152767
-43.4539 -12.0265 320.667 1447.35 -15775.7 -0.11211 41.8277 12.2339 -320.667 1962.51 3732.2 0.11211
-44.2857 -16.0594 319.378 2028.58 -16067.9 -0.0703934 42.686 16.5016 -319.378 2547.77 3786.01 0.0703934
-44.9781 -19.5377 318.133 2533.95 -16300.8 -0.0278284 43.3147 20.1767 -318.133 3047.69 3832.73 0.0278284
-45.5235 -22.4059 316.96 2950.92 -16478.4 0.0153993 43.7864 23.2243 -316.96 3462.05 3866.92 -0.0153993
-45.9297 -24.5611 315.775 3267.26 -16605.1 0.059121 44.1859 25.5663 -315.775 3777.7 3880.17 -0.059121
-46.2328 -25.9541 314.704 3476.99 -16684.1 0.103172 44.5309 27.1619 -314.704 3987.94 3868.1 -0.103172
-46.472 -26.5611 313.8 3574.33 -16716.1 0.147388 44.794 27.9645 -313.8 4088.67 3829.72 -0.147388
-46.6514 -26.3846 313.076 3557.05 -16698.9 0.191601 44.9353 27.9406 -313.076 4077.75 3767.81 -0.191601
-46.7398 -25.4121 312.55 3424.56 -16630.1 0.235653 44.9407 27.0944 -312.55 3954.65 3686.33 -0.235653
-46.6818 -23.6318 312.23 3178.88 -16507.2 0.279388 44.809 25.4596 -312.23 3720.38 3590.72 -0.279388
-46.4528 -21.0784 312.076 2826.7 -16326.8 0.32266 44.4996 23.0866 -312.076 3380.21 3486.82 -0.32266
-46.0636 -17.8093 312.072 2374.95 -16088.1 0.365324 43.9769 20.0025 -312.072 2939.14 3377.32 -0.365324
-45.5368 -13.8808 312.394 1827.22 -15794.8 0.407237 43.248 16.2133 -312.394 2402.28 3261.58 -0.407237
-44.8781 -9.36878 313.015 1199.72 -15450.5 0.448272 42.3632 11.7621 -313.015 1770.18 3135.39 -0.448272
-44.1235 -4.40751 313.745 510.939 -15058.3 0.488308 41.3408 6.79688 -313.745 1064.01 2994.25 -0.488308
-43.333 1.00112 314.633 -233 -14625.7 0.527243 40.2466 1.36107 -314.633 284.017 2828.06 -0.527243
-42.5141 6.84923 316.007 -1035.16 -14161.2 0.564992 39.1917 -4.52552 -316.007 -562.795 2628.61 -0.564992
-41.5874 12.6558 317.306 -1830.4 -13656.3 0.601496 38.1014 -10.418 -317.306 -1411.56 2408.92 -0.601496
-40.4823 18.2051 318.34 -2592.74 -13100.7 0.636713 36.8302 -16.1361 -318.34 -2232.56 2189.31 -0.636713
-39.0272 23.3388 319.062 -3308.39 -12481.6 0.670592 35.2041 -21.5383 -319.062 -2997.52 2005.36 -0.670592
-37.1797 27.8932 319.828 -3956.27 -11806.1 0.703052 33.2705 -26.4402 -319.828 -3678.57 1863.39 -0.703052
-34.9196 31.802 320.337 -4523.14 -11077 0.733982 31.0763 -30.7151 -320.337 -4261.81 1762.5 -0.733982
-32.4033 35.0186 320.79 -4991.2 -10313.9 0.763258 28.7531 -34.2841 -320.79 -4747.37 1681.87 -0.763258
-29.7068 37.4704 321.043 -5351.72 -9517.31 0.790765 26.295 -37.0705 -321.043 -5123.03 1612.06 -0.790765
-26.9546 39.0588 320.78 -5585.46 -8705.51 0.816405 23.8188 -38.9647 -320.78 -5378.74 1537.57 -0.816405
-24.246 39.7364 320.345 -5683.69 -7890.68 0.840086 21.3987 -39.9135 -320.345 -5509.08 1446.11 -0.840086
-21.5578 39.5686 319.91 -5662.19 -7065.11 0.861703 18.9978 -39.9801 -319.91 -5516.35 1338.38 -0.861703
-18.9775 38.4908 319.705 -5510.91 -6239.67 0.881152 16.6871 -39.1068 -319.705 -5393.42 1202.96 -0.881152
-16.5083 36.5131 319.636 -5227.65 -5411.88 0.898344 14.4208 -37.293 -319.636 -5143.85 1043.42 -0.898344
-14.1691 33.6645 319.592 -4818.14 -4593.88 0.913209 12.2127 -34.5405 -319.592 -4766.2 867.212 -0.913209
-11.8353 30.0033 319.603 -4287.18 -3773.24 0.92569 10.0016 -30.9059 -319.603 -4271.87 688.08 -0.92569
-9.48991 25.584 319.661 -3650.62 -2957.6 0.935732 7.75654 -26.4719 -319.661 -3664.26 520.325 -0.935732
-7.28079 20.4262 320.382 -2924.3 -2168.57 0.943284 5.53235 -21.2812 -320.382 -2936.35 357.089 -0.943284
-5.24949 14.812 321.569 -2160.6 -1416.38 0.948298 3.41795 -15.627 -321.569 -2116.53 190.301 -0.948298
-3.25335 8.91083 322.985 -1383.4 -690.583 0.950705 1.39501 -9.68069 -322.985 -1228.83 32.099 -0.950705
-1.12159 2.82278 323.582 -596.304 21.0246 0.950384 -0.695163 -3.53029 -323.582 -296.053 -83.4542 -0.950384
1.03419 -3.3527 323.435 208.7 716.44 0.947167 -2.80278 2.73888 -323.435 647.776 -177.058 -0.947167
3.26202 -9.59475 322.97 1056.93 1407.26 0.94091 -4.96251 9.12135 -322.97 1573.59 -248.742 -0.94091
5.5474 -15.4306 322.156 1870.26 2088.89 0.931566 -7.11747 15.1654 -322.156 2429.68 -303.949 -0.931566
7.67882 -20.5505 321.012 2597.02 2739.62 0.919172 -9.13122 20.577 -321.012 3182.89 -369.855 -0.919172
9.58046 -24.9358 319.855 3235.21 3363.62 0.903773 -10.9404 25.3133 -319.855 3826.53 -470.176 -0.903773
11.1904 -28.4804 318.816 3765.09 3948.15 0.885365 -12.4975 29.2162 -318.816 4343.23 -607.543 -0.885365
12.4536 -31.0675 317.851 4160.31 4483.99 0.863909 -13.7641 32.1464 -317.851 4723.36 -785.852 -0.863909
13.5197 -32.647 317.15 4412.21 4979.84 0.839358 -14.8504 34.0522 -317.15 4961.24 -977.324 -0.839358
14.4277 -33.1566 316.309 4511.62 5428.81 0.811682 -15.7588 34.855 -316.309 5046.25 -1169.28 -0.811682
15.3016 -32.5909 315.446 4455.29 5844.97 0.780873 -16.6139 34.5324 -315.446 4977.73 -1340.84 -0.780873
16.2593 -30.9598 314.996 4244.54 6243.67 0.746942 -17.5464 33.0815 -314.996 4755.34 -1472.46 -0.746942
17.2788 -28.2505 314.945 3877.69 6617.77 0.709905 -18.5084 30.4746 -314.945 4375.09 -1566.78 -0.709905
18.3284 -24.4826 315.354 3356.51 6966.42 0.669773 -19.4672 26.7194 -315.354 3839.05 -1632.02 -0.669773
19.3445 -19.7591 316.701 2699.31 7290.23 0.626568 -20.4314 21.921 -316.701 3158.15 -1676.43 -0.626568
20.2195 -14.0613 318.39 1898.06 7574.65 0.580324 -21.319 16.0442 -318.39 2332.89 -1712.16 -0.580324
20.8974 -7.49783 319.696 963.803 7809.06 0.531088 -22.0245 9.17868 -319.696 1380.07 -1751.35 -0.531088
21.4207 -0.39465 320.91 -45.6594 7992.7 0.47894 -22.5488 1.65761 -320.91 334.525 -1787.1 -0.47894
21.8249 6.99863 322.458 -1096.93 8125.95 0.424021 -22.9347 -6.22523 -322.458 -760.812 -1808.79 -0.424021
21.991 14.1892 324.281 -2122.64 8197.15 0.366543 -23.1058 -13.9158 -324.281 -1826.26 -1832.22 -0.366543
21.8416 20.8158 325.39 -3065.64 8203.47 0.306771 -23.0159 -21.0283 -325.39 -2814.03 -1871.98 -0.306771
21.3464 26.8429 325.866 -3933.83 8136.54 0.24499 -22.5716 -27.5036 -325.866 -3702.82 -1937.08 -0.24499
20.6466 31.9012 326.199 -4661.3 8016.12 0.181464 -21.8825 -32.9546 -326.199 -4452.32 -2012 -0.181464
19.7144 35.994 325.906 -5249.83 7839.16 0.116395 -20.9949 -37.3741 -325.906 -5060.14 -2091.13 -0.116395
18.6161 39.0924 325.073 -5698.14 7613.58 0.0499367 -20.0077 -40.7465 -325.073 -5521.24 -2159.19 -0.0499367
17.4838 41.1243 324.091 -5996.6 7353.13 -0.0177297 -18.9891 -43.0223 -324.091 -5828.19 -2201.75 0.0177297
16.4277 42.0157 323.143 -6131.63 7067.05 -0.086357 -17.9632 -44.1353 -323.143 -5974.84 -2209.17 0.086357
15.4357 41.7431 322.187 -6098.91 6752.35 -0.155661 -16.9316 -44.0432 -322.187 -5956.29 -2179.91 0.155661
14.4785 40.2977 321.207 -5895.31 6408.38 -0.225349 -15.8927 -42.7126 -321.207 -5769.72 -2117.66 0.225349
13.5308 37.6774 320.252 -5522.89 6034.63 -0.295107 -14.8089 -40.1587 -320.252 -5414.95 -2030.75 0.295107
12.5242 33.9165 319.46 -4990.07 5629.46 -0.364597 -13.6698 -36.4436 -319.46 -4897.08 -1928.55 0.364597
11.4012 29.0446 318.908 -4305.3 5191.05 -0.433477 -12.4328 -31.6091 -318.908 -4217.75 -1823.3 0.433477
10.1598 23.099 318.574 -3481.26 4718.71 -0.501408 -11.0366 -25.7186 -318.574 -3378.44 -1723.19 0.501408
8.7718 16.2193 318.309 -2545.65 4209.99 -0.568049 -9.46602 -18.9225 -318.309 -2392.21 -1631.89 0.568049
7.37825 8.56019 319.004 -1514.04 3697.95 -0.633038 -7.91354 -11.3793 -319.004 -1287.52 -1535.52 0.633038
6.27019 0.37762 320.951 -431.652 3219.44 -0.695988 -6.64126 -3.32968 -320.951 -88.8655 -1393.29 0.695988
5.42075 -8.269 323.158 718.037 2769.57 -0.756513 -5.59454 5.19262 -323.158 1174.09 -1211.81 0.756513
4.42329 -16.7986 323.384 1867.59 2301.25 -0.814218 -4.40994 13.6173 -323.384 2407.06 -1052.14 0.814218
3.08388 -24.8916 321.181 2962 1804.95 -0.868653 -2.95416 21.6185 -321.181 3574.37 -950.684 0.868653
1.30382 -32.4826 318.226 3995.9 1275.11 -0.919312 -1.12847 29.1169 -318.226 4661.01 -929.48 0.919312
-0.837079 -39.5644 316.563 4978.13 709.532 -0.965701 1.04168 36.1059 -316.563 5656.18 -971.511 0.965701
-2.94413 -45.9397 316.116 5871.01 156.733 -1.00739 3.23153 42.4125 -316.116 6545.59 -1024.28 1.00739
-4.87642 -51.6494 316.267 6680.63 -383.829 -1.04405 5.29153 48.0934 -316.267 7336.81 -1046.46 1.04405
-6.46378 -56.5022 315.696 7370.09 -885.145 -1.07539 6.97185 52.9382 -315.696 8010.28 -1006.05 1.07539
-7.60888 -60.4377 313.778 7929.85 -1330.78 -1.1011 8.1172 56.8543 -313.778 8553.92 -883.972 1.1011
-8.39053 -63.4382 311.606 8357.19 -1726.06 -1.12092 8.85723 59.8331 -311.606 8966.83 -704.173 1.12092
-8.89349 -65.4936 310.207 8654.3 -2083.76 -1.13459 9.37986 61.894 -310.207 9248.17 -492.2 1.13459
-9.29192 -66.5719 309.518 8814.7 -2422.57 -1.1419 9.89699 63.0134 -309.518 9396.59 -283.586 1.1419
-9.8023 -66.6351 309.251 8832.44 -2758.9 -1.14266 10.5505 63.1638 -309.251 9408.86 -112.258 1.14266
-10.5145 -65.624 308.923 8699.19 -3089.9 -1.13675 11.3326 62.3096 -308.923 9279.92 7.46893 1.13675
-11.3747 -63.526 308.289 8414.46 -3410.37 -1.12406 12.2005 60.4522 -308.289 9008.71 83.9563 1.12406
-12.2336 -60.3664 307.576 7981.5 -3712.79 -1.10458 13.1085 57.606 -307.576 8597.56 137.068 1.10458
-12.9797 -56.1866 307.425 7405.29 -3989.41 -1.07832 13.9413 53.772 -307.425 8047.5 190.875 1.07832
-13.4752 -51.0913 308.1 6701.45 -4220.01 -1.04541 14.5063 49.0083 -308.1 7365.76 271.526 1.04541
-13.6344 -45.1267 309.291 5878.28 -4394.27 -1.00605 14.7389 43.356 -309.291 6556.33 389.837 1.00605
-13.556 -38.2125 311.129 4919.93 -4530.45 -0.960521 14.7548 36.7561 -311.129 5615.49 533.919 0.960521
-13.3818 -30.3901 312.912 3848.81 -4634.02 -0.909155 14.6464 29.2811 -312.912 4536.84 676.447 0.909155
-13.2167 -21.7045 314.646 2664.43 -4712.35 -0.852288 14.4781 20.9826 -314.646 3334.47 801.006 0.852288
-13.1787 -12.2899 317.305 1407.43 -4775.87 -0.790252 14.4038 11.9522 -317.305 1999.52 879.763 0.790252
-13.448 -2.24028 320.884 71.8639 -4856.25 -0.723383 14.6089 2.22892 -320.884 556.615 893.06 0.723383
-13.8457 7.67026 324.602 -1233.29 -4927.43 -0.652004 14.8654 -7.45257 -324.602 -891.349 872.038 0.652004
-14.2719 17.0915 327.627 -2484.98 -4983.17 -0.576432 15.0768 -16.7542 -327.627 -2270.74 838.107 0.576432
-14.4496 25.5078 328.872 -3622.79 -4983.16 -0.497037 15.0393 -25.1422 -328.872 -3494.54 818.515 0.497037
-14.1649 33.0174 328.617 -4667.23 -4911.99 -0.414295 14.6214 -32.6933 -328.617 -4566.72 846.352 0.414295
-13.4445 39.5083 327.752 -5579.53 -4779.72 -0.328808 13.8789 -39.2688 -327.752 -5490.79 919.984 0.328808
-12.4727 44.9013 327.479 -6349.53 -4608.69 -0.241237 12.9379 -44.7622 -327.479 -6250.82 1018.1 0.241237
-11.4341 49.1164 327.593 -6949.87 -4416.93 -0.152183 11.902 -49.0737 -327.593 -6848.89 1118.25 0.152183
-10.4154 52.1414 327.381 -7382.38 -4203.63 -0.0621599 10.8538 -52.1731 -327.381 -7277.13 1195.89 0.0621599
-9.5249 53.8758 326.471 -7627.28 -3987.41 0.0283384 9.98652 -53.9452 -326.471 -7525.04 1227.31 -0.0283384
-8.74272 54.3439 325.107 -7688.88 -3770.1 0.1188 9.34872 -54.4205 -325.107 -7596 1210.3 -0.1188
-8.0727 53.5478 323.664 -7568.49 -3550.52 0.208715 8.86456 -53.6344 -323.664 -7493.95 1153.75 -0.208715
-7.47448 51.5112 322.54 -7273.61 -3322.44 0.297603 8.38013 -51.6546 -322.54 -7224.32 1078.71 -0.297603
-6.83058 48.27 321.761 -6812.19 -3074.82 0.385006 7.78411 -48.5399 -321.761 -6792.43 1006.25 -0.385006
-6.0591 43.8927 321.102 -6193.9 -2802.03 0.470458 7.01451 -44.3313 -321.102 -6204.01 950.965 -0.470458
-5.15498 38.4311 320.548 -5421.89 -2500.43 0.553484 6.05374 -39.0298 -320.548 -5463.36 912.385 -0.553484
-4.21955 31.9112 320.235 -4507.95 -2188.29 0.633616 5.06575 -32.6503 -320.235 -4564.47 871.535 -0.633616
-3.27001 24.5445 320.008 -3480.8 -1870.13 0.710425 4.11009 -25.431 -320.008 -3541.77 822.154 -0.710425
-2.4741 16.3853 320.865 -2382.25 -1559.2 0.783522 3.29428 -17.4495 -320.865 -2372.09 738.79 -0.783522
-2.02485 7.751 322.943 -1270.99 -1287.56 0.852553 2.81231 -9.02188 -322.943 -1085.66 599.185 -0.852553
-1.54276 -1.17806 324.251 -136.273 -1012.29 0.917185 2.36826 -0.307701 -324.251 259.015 455.3 -0.917185
-0.866577 -10.3522 324.151 1065.25 -720.254 0.977075 1.81001 8.67789 -324.151 1609.41 338.015 -0.977075
0.0465816 -19.1331 322.569 2243.46 -412.536 1.03187 1.05336 17.3232 -322.569 2880.05 266.237 -1.03187
1.31797 -27.2197 320.192 3354.8 -68.5227 1.08128 0.0562806 25.3402 -320.192 4031.72 242.248 -1.08128
2.76677 -34.4355 317.995 4359.03 289.11 1.12511 -0.992827 32.5593 -317.995 5056.06 236.865 -1.12511
4.17065 -40.6826 316.654 5240.11 647.828 1.16322 -2.02537 38.8773 -316.654 5940.82 221.779 -1.16322
5.48225 -45.9752 315.905 6000.17 1009.33 1.1955 -3.05844 44.2978 -315.905 6686.36 191.05 -1.1955
6.68914 -50.2209 315.189 6617.76 1374.69 1.22187 -3.98846 48.7174 -315.189 7286.57 127.33 -1.22187
7.7558 -53.3116 313.815 7075.11 1737.64 1.2423 -4.77781 52.0149 -313.815 7726.99 26.5929 -1.2423
8.72405 -55.2226 312.163 7366.61 2103.46 1.25678 -5.52871 54.1458 -312.163 8003.47 -96.2056 -1.25678
9.60759 -55.9291 310.766 7486.1 2475.49 1.26534 -6.29159 55.0711 -310.766 8113.26 -235.389 -1.26534
10.475 -55.3939 309.981 7429.87 2857.44 1.26798 -7.0881 54.7681 -309.981 8051.64 -381.964 -1.26798
11.4444 -53.5862 309.737 7195.11 3260.66 1.26477 -7.96822 53.2329 -309.737 7816.58 -523.712 -1.26477
12.5488 -50.5149 309.921 6787.28 3685.44 1.25582 -8.95226 50.4944 -309.921 7407.89 -653.379 -1.25582
13.697 -46.2387 310.793 6217.33 4117.72 1.24127 -9.99709 46.6023 -310.793 6829.88 -775.773 -1.24127
14.9234 -40.7681 312.284 5480.96 4572.63 1.22131 -11.1997 41.5252 -312.284 6083.9 -887.575 -1.22131
16.2251 -34.0695 313.851 4577.35 5049.18 1.19614 -12.534 35.2 -313.851 5157.22 -991.903 -1.19614
17.6098 -26.1744 315.525 3509.93 5544.51 1.16593 -13.9556 27.6426 -315.525 4053.08 -1091.02 -1.16593
19.1653 -17.159 318.293 2289.9 6076.09 1.13087 -15.5537 18.9175 -318.293 2780.09 -1177.51 -1.13087
20.9122 -7.05988 322.709 921.215 6646.21 1.09115 -17.3416 9.06966 -322.709 1345.77 -1248.83 -1.09115
23.042 4.03089 327.451 -581.778 7268.36 1.04697 -19.5396 -1.80744 -327.451 -238.14 -1260.8 -1.04697
25.2817 15.1477 331.378 -2097.2 7888.12 0.99863 -21.8851 -12.7382 -331.378 -1820.93 -1234.25 -0.99863
27.219 25.5896 332.814 -3521.79 8451.69 0.946527 -23.919 -23.0083 -332.814 -3307.05 -1238.03 -0.946527
28.6817 35.3249 333.189 -4868.78 8944.75 0.891153 -25.4237 -32.5992 -333.189 -4676.13 -1312.4 -0.891153
29.76 44.0498 333.473 -6082.35 9389.88 0.832952 -26.5504 -41.2072 -333.473 -5898.63 -1445.97 -0.832952
30.4796 51.9736 334.009 -7199.94 9786.08 0.772249 -27.3322 -49.046 -334.009 -6996.49 -1629.48 -0.772249
31.0799 59.0454 334.645 -8209.58 10148 0.709291 -27.9231 -56.0834 -334.645 -7969.96 -1822.33 -0.709291
31.773 65.119 334.817 -9084.8 10494.5 0.644348 -28.541 -62.1805 -334.817 -8805.36 -1983.02 -0.644348
32.7206 70.1184 334.386 -9808.68 10842.6 0.577754 -29.3631 -67.2301 -334.386 -9493.89 -2081.12 -0.577754
34.0134 73.9833 333.516 -10367.3 11201.9 0.509861 -30.4771 -71.1222 -333.516 -10025.5 -2101.11 -0.509861
35.5649 76.6871 332.457 -10754.7 11567.9 0.440963 -31.8478 -73.801 -332.457 -10394.6 -2055.64 -0.440963
37.2031 78.2002 331.391 -10966.6 11927 0.371295 -33.3501 -75.2591 -331.391 -10600.3 -1972.58 -0.371295
38.7218 78.4725 330.463 -11000.8 12258.1 0.301072 -34.7727 -75.5059 -330.463 -10639 -1889.63 -0.301072
39.922 77.468 329.613 -10856.4 12542.5 0.230526 -35.9452 -74.5615 -329.613 -10509.4 -1839.96 -0.230526
40.6865 75.2029 328.67 -10537.4 12764.9 0.159916 -36.7282 -72.4485 -328.67 -10213 -1844.4 -0.159916
41.0077 71.7402 327.475 -10052.2 12918.6 0.0895375 -37.0606 -69.2003 -327.475 -9754.87 -1905.8 -0.0895375
40.9462 67.1426 326.231 -9407.92 13013.5 0.0197301 -37.0359 -64.8284 -326.231 -9138.44 -2012.38 -0.0197301
40.6175 61.5655 325.34 -8626.46 13064 -0.0491381 -36.8599 -59.4695 -325.34 -8382.81 -2133.41 0.0491381
40.185 55.0205 324.534 -7706.88 13084.6 -0.116713 -36.6632 -53.145 -324.534 -7493.58 -2242.22 0.116713
39.7818 47.5899 323.659 -6668.93 13080.6 -0.182686 -36.4802 -45.9693 -323.659 -6478.64 -2320.53 0.182686
39.4721 39.2303 322.748 -5511.49 13062.7 -0.246772 -36.3484 -37.9329 -322.748 -5331.74 -2364.75 0.246772
39.2257 30.1302 321.906 -4267.19 13027.2 -0.308672 -36.2882 -29.2223 -321.906 -4072.97 -2372.54 0.308672
38.9911 20.3227 321.609 -2935.08 12971.8 -0.368069 -36.2754 -19.8485 -321.609 -2709.51 -2352.2 0.368069
38.7881 10.0088 321.626 -1547.36 12884.7 -0.424655 -36.2931 -9.97808 -321.626 -1260.78 -2291.57 0.424655
38.4858 -0.427537 320.55 -135.965 12740.5 -0.478155 -36.1521 0.0700904 -320.55 206.411 -2210.36 0.478155
38.0554 -10.5422 318.949 1243.5 12537 -0.528319 -35.7758 9.89949 -318.949 1629.59 -2121.28 0.528319
37.2305 -20.1943 317.575 2574.9 12252.7 -0.574932 -34.9585 19.3752 -317.575 2986.11 -2068.72 0.574932
35.973 -28.8332 316.329 3777.92 11900.6 -0.617839 -33.775 27.9236 -316.329 4198.4 -2060.79 0.617839
34.2761 -36.4284 314.839 4837.29 11485 -0.656951 -32.1843 35.4696 -314.839 5266.86 -2108.38 0.656951
32.2981 -43.0056 313.37 5767.44 11014.3 -0.692215 -30.2448 42.0223 -313.37 6181.9 -2189.37 0.692215
30.1499 -48.5902 312.294 6569.4 10501.2 -0.72359 -28.1011 47.6015 -312.294 6948.82 -2280.71 0.72359
28.0791 -52.9213 310.872 7190.5 9981.38 -0.751035 -26.0647 51.9336 -310.872 7545.17 -2339.44 0.751035
26.236 -55.9482 308.901 7620.74 9465.77 -0.774542 -24.2534 54.9844 -308.901 7968.99 -2338.99 0.774542
24.6642 -57.6337 306.82 7858.5 8959.37 -0.794165 -22.6853 56.7339 -306.82 8213.88 -2275.58 0.794165
23.3263 -57.9578 305.388 7898.53 8469.81 -0.810011 -21.3719 57.1466 -305.388 8277.34 -2160.39 0.810011
22.0565 -56.9543 304.792 7748.15 7982.05 -0.822213 -20.1953 56.2253 -304.792 8157.17 -2018.2 0.822213
20.703 -54.6183 304.792 7407.5 7474.46 -0.83091 -18.9394 53.9654 -304.792 7851.89 -1879.06 0.83091
19.1474 -50.9536 305.008 6879.49 6933.57 -0.836241 -17.4404 50.3946 -305.008 7363.07 -1769.19 0.836241
17.3168 -46.0377 305.388 6174.81 6355.35 -0.838326 -15.6777 45.5921 -305.388 6701.94 -1697.68 0.838326
15.2318 -39.9385 306.104 5307.23 5746.67 -0.837247 -13.6969 39.6145 -306.104 5872.33 -1662.07 0.837247
13.0095 -32.7255 307.826 4293.82 5125.81 -0.833072 -11.5836 32.5467 -307.826 4878.87 -1652.19 0.833072
10.8197 -24.4863 309.994 3151.08 4500.78 -0.825871 -9.44045 24.4991 -309.994 3732.87 -1637.77 0.825871
8.91679 -15.3402 313.053 1897.54 3902.48 -0.815739 -7.48008 15.5762 -313.053 2447.3 -1584.14 0.815739
7.36744 -5.56393 317.019 573.418 3342.6 -0.802782 -5.84838 6.0124 -317.019 1053.71 -1473.15 0.802782
6.39967 4.47228 322.554 -747.189 2855.08 -0.787084 -4.87687 -3.83945 -322.554 -420.431 -1260.16 0.787084
5.67117 14.1498 327.908 -2007.01 2402.86 -0.768701 -4.23481 -13.3749 -327.908 -1860.64 -1002.71 0.768701
4.60998 23.5028 331.397 -3256.36 1924.96 -0.747684 -3.25723 -22.6504 -331.397 -3229.24 -813.511 0.747684
2.84901 32.0955 332.496 -4441.73 1375.26 -0.724108 -1.51134 -31.2271 -332.496 -4456.83 -758.72 0.724108
0.356659 39.7033 331.03 -5510.37 760.634 -0.698065 0.932296 -38.848 -331.03 -5528.41 -839.67 0.698065
-2.48287 46.277 329.752 -6437.15 121.107 -0.66964 3.61737 -45.4164 -329.752 -6448.65 -978.285 0.66964
-5.27028 51.8663 329.539 -7230.21 -502.292 -0.638923 6.16363 -50.9471 -329.539 -7218.43 -1106.13 0.638923
-7.59592 56.3638 330.119 -7863.8 -1069.74 -0.606034 8.22604 -55.3262 -330.119 -7832.44 -1157.04 0.606034
-9.32272 59.7111 330.66 -8336.42 -1577.8 -0.571114 9.68791 -58.5296 -330.66 -8280.52 -1098.85 0.571114
-10.5216 61.8061 330.281 -8629.78 -2024.14 -0.534313 10.5394 -60.4911 -330.281 -8557.27 -942.407 0.534313
-11.3536 62.6279 328.969 -8741.17 -2420.81 -0.495799 10.9733 -61.2103 -328.969 -8662.4 -725.359 0.495799
-12.0712 62.2316 327.451 -8678.69 -2790.96 -0.455774 11.3077 -60.7458 -327.451 -8603.82 -504.683 0.455774
-12.9376 60.6891 326.397 -8453.94 -3161.98 -0.41447 11.8234 -59.1585 -326.397 -8388.63 -329.463 0.41447
-14.1109 58.041 325.837 -8070.57 -3558.87 -0.372104 12.7353 -56.4677 -325.837 -8021.6 -227.045 0.372104
-15.5573 54.3774 325.415 -7543.49 -3973.19 -0.328858 14.0057 -52.7564 -325.415 -7512.11 -195.861 0.328858
-17.1999 49.7392 325.015 -6882.9 -4397.54 -0.284875 15.4866 -48.0811 -325.015 -6863.68 -211.696 0.284875
-18.7478 44.2485 324.349 -6110.16 -4794.81 -0.24028 16.882 -42.5759 -324.349 -6090.95 -229.244 0.24028
-20.0721 37.8982 324.344 -5222.8 -5167.75 -0.195215 18.0988 -36.2328 -324.344 -5194.37 -214.61 0.195215
-20.9494 30.9371 324.24 -4258.27 -5489.71 -0.149855 18.9536 -29.305 -324.24 -4206.93 -137.269 0.149855
-21.4785 23.3404 324.349 -3229.46 -5776.51 -0.104404 19.5607 -21.778 -324.349 -3110.33 -11.3668 0.104404
-21.7511 15.2719 324.384 -2165.64 -6028.49 -0.0590832 19.987 -13.8247 -324.384 -1922.61 141.213 0.0590832
-21.94 6.68575 324.466 -1029.3 -6270.66 -0.0141223 20.4377 -5.38788 -324.466 -666.839 292.382 0.0141223
-22.0675 -1.74183 323.831 85.4967 -6492.99 0.0302619 20.9141 2.86724 -323.831 562.639 428.902 -0.0302619
-22.1862 -9.82038 322.394 1170.62 -6691.84 0.0739054 21.3992 10.7322 -322.394 1717.9 542.121 -0.0739054
-22.3249 -17.0274 320.111 2138.14 -6863.08 0.116705 21.8481 17.6835 -320.111 2739.95 630.238 -0.116705
-22.4621 -23.2761 318.134 2980.92 -7009.68 0.158581 22.2639 23.6499 -318.134 3613.74 698.689 -0.158581
-22.4127 -28.6752 317.073 3711.65 -7115.19 0.199445 22.5279 28.7533 -317.073 4358.93 773.618 -0.199445
-22.115 -33.2425 316.212 4332.55 -7168.01 0.239203 22.5098 33.0206 -316.212 4979.59 870.464 -0.239203
-21.6426 -36.9171 315.26 4835.17 -7167.92 0.277769 22.217 36.3945 -315.26 5467.5 977.696 -0.277769
-21.0757 -39.7009 314.065 5210.39 -7124.01 0.315081 21.7269 38.8766 -314.065 5832.31 1082.25 -0.315081
-20.4908 -41.5988 312.74 5460.44 -7044.62 0.351113 21.1292 40.4866 -312.74 6075.2 1169.14 -0.351113
-19.9534 -42.6224 311.591 5590.31 -6940.41 0.385878 20.5253 41.2971 -311.591 6203.07 1225.54 -0.385878
-19.4593 -42.7788 310.823 5604.4 -6815.54 0.419408 19.9834 41.3665 -310.823 6220.69 1246.6 -0.419408
-18.9829 -42.0777 310.448 5504.11 -6668.58 0.451745 19.4809 40.7006 -310.448 6128.84 1237.67 -0.451745
-18.4503 -40.5511 310.323 5291.23 -6491.57 0.482941 18.9405 39.2895 -310.323 5928.86 1211.98 -0.482941
-17.7849 -38.2224 310.32 4969.01 -6276.47 0.513044 18.2813 37.123 -310.32 5619.34 1183.67 -0.513044
-16.9276 -35.1214 310.446 4539.48 -6017.34 0.542083 17.4271 34.2104 -310.446 5203.74 1165.8 -0.542083
-15.8621 -31.2996 310.706 4010.94 -5713.78 0.570058 16.3548 30.5869 -310.706 4685.98 1163.48 -0.570058
-14.616 -26.8063 311.248 3393.67 -5372.13 0.596941 15.0991 26.2837 -311.248 4067.08 1174.27 -0.596941
-13.2614 -21.7516 312.292 2697.44 -5000.16 0.622687 13.7182 21.3874 -312.292 3364.92 1187.64 -0.622687
-11.8318 -16.1814 313.751 1934.87 -4596.68 0.647243 12.2353 15.9366 -313.751 2578.78 1194.44 -0.647243
-10.5224 -10.1818 315.599 1127.93 -4189.69 0.670552 10.8696 10.0328 -315.599 1713.04 1164.45 -0.670552
-9.32781 -3.89105 317.716 285.777 -3782.83 0.692562 9.59874 3.83523 -317.716 800.34 1105.29 -0.692562
-8.24274 2.29786 320.144 -519.567 -3386.15 0.71322 8.38491 -2.25051 -320.144 -119.187 1032.98 -0.71322
-7.09234 8.24892 321.756 -1279.71 -2976.94 0.732451 7.04038 -8.08162 -321.756 -1014.76 975.817 -0.732451
-5.8066 13.8506 322.992 -1992.97 -2551.14 0.750161 5.53604 -13.5338 -322.992 -1854.9 943.581 -0.750161
-4.34423 19.0813 323.923 -2672.35 -2106.54 0.766277 3.8697 -18.5891 -323.923 -2621.04 940.145 -0.766277
-2.81016 23.8062 324.696 -3294.44 -1654.44 0.780759 2.07823 -23.1434 -324.696 -3303 956.884 -0.780759
-1.27187 27.9998 325.686 -3859.1 -1197.19 0.793591 0.204172 -27.2001 -325.686 -3897.82 980.645 -0.793591
0.220955 31.5166 326.147 -4341.49 -749.9 0.804734 -1.55434 -30.6367 -326.147 -4392.65 991.734 -0.804734
1.62249 34.3654 326.095 -4738.56 -319.396 0.81412 -3.08504 -33.4754 -326.095 -4794.87 974.753 -0.81412
2.82154 36.4519 325.56 -5030.41 77.787 0.821673 -4.3706 -35.594 -325.56 -5093.97 928.166 -0.821673
3.86433 37.7809 325.109 -5217 446.888 0.827318 -5.52134 -36.9537 -325.109 -5285.22 868.691 -0.827318
4.83467 38.3568 324.915 -5297.66 793.771 0.830992 -6.58386 -37.5358 -324.915 -5367.28 808.766 -0.830992
5.74852 38.1444 324.809 -5265.31 1116.06 0.832636 -7.58588 -37.3107 -324.809 -5338.14 756.904 -0.832636
6.63572 37.1699 324.612 -5126.4 1411.1 0.832198 -8.54365 -36.3218 -324.612 -5201.09 722.205 -0.832198
7.53629 35.4438 324.111 -4881.53 1684.35 0.829634 -9.49225 -34.591 -324.111 -4960.11 709.771 -0.829634
8.38357 33.0341 323.346 -4542.54 1927.8 0.824908 -10.4142 -32.1863 -323.346 -4622.47 715.753 -0.824908
9.12691 30.005 322.522 -4117.2 2135.64 0.817973 -11.2365 -29.1645 -322.522 -4197.42 728.612 -0.817973
9.69081 26.4377 322.136 -3622.28 2297.32 0.808777 -11.8544 -25.5898 -322.136 -3688.65 733.6 -0.808777
9.99975 22.4325 322.138 -3076.52 2407.63 0.797272 -12.2342 -21.5506 -322.138 -3103.88 720.562 -0.797272
10.1237 18.0208 322.089 -2478.73 2475.48 0.783423 -12.4292 -17.0982 -322.089 -2456 697.888 -0.783423
10.113 13.3569 322.144 -1862.45 2504.25 0.767192 -12.4411 -12.4281 -322.144 -1760.58 669.519 -0.767192
10.0132 8.52013 321.966 -1237.09 2499.16 0.748527 -12.3615 -7.6598 -321.966 -1036.16 649.481 -0.748527
9.84812 3.63089 321.214 -612.107 2463.26 0.727365 -12.2336 -2.91427 -321.214 -307.21 644.115 -0.727365
9.65611 -1.20373 320.534 4.80685 2399.15 0.703656 -12.0237 1.72541 -320.534 407.252 651.495 -0.703656
9.38341 -5.92956 319.969 616.884 2300.39 0.677378 -11.6816 6.2266 -319.969 1091.78 663.466 -0.677378
8.9469 -10.3379 319.447 1193.15 2160.95 0.648556 -11.1695 10.4075 -319.447 1722.49 669.085 -0.648556
8.33133 -14.3507 318.642 1718.92 1980.66 0.617252 -10.4703 14.2082 -318.642 2294.7 663.996 -0.617252
7.54559 -17.8538 317.726 2176.28 1763.14 0.583553 -9.58878 17.5144 -317.726 2794.23 646.477 -0.583553
6.58964 -20.8375 317.004 2564.64 1510.87 0.547544 -8.53269 20.3052 -317.004 3217.34 615.174 -0.547544
5.47657 -23.3077 316.525 2885.28 1224.11 0.509314 -7.32152 22.5909 -316.525 3565.05 574.409 -0.509314
4.25469 -25.2482 316.255 3140.47 906.199 0.468984 -5.99614 24.3762 -316.255 3833.44 533.371 -0.468984
2.98667 -26.6203 315.884 3319.73 564.262 0.426733 -4.58451 25.6314 -315.884 4023.39 497.675 -0.426733
1.69911 -27.4091 315.558 3421.05 204.375 0.382789 -3.12977 26.3389 -315.558 4132.34 471.054 -0.382789
0.373461 -27.6162 315.331 3443.68 -167.837 0.337407 -1.67911 26.4858 -315.331 4159.46 451.921 -0.337407
-1.02067 -27.2365 315.285 3385.32 -554.404 0.290871 -0.208986 26.0582 -315.285 4104.35 434.743 -0.290871
-2.47705 -26.2928 315.288 3250.33 -950.457 0.243493 1.31229 25.0795 -315.288 3969.18 411.09 -0.243493
-4.00573 -24.8499 315.625 3049.07 -1355.89 0.19561 2.90435 23.6054 -315.625 3760.51 376.695 -0.19561
-5.62848 -22.9202 316.187 2782.83 -1775.25 0.147568 4.63353 21.6574 -316.187 3481.81 323.745 -0.147568
-7.32841 -20.5147 316.936 2455.74 -2197.68 0.0997181 6.42683 19.2585 -316.936 3133.75 254.011 -0.0997181
-9.12244 -17.6711 317.571 2069.22 -2624.02 0.0524183 8.21862 16.4424 -317.571 2724.93 175.221 -0.0524183
-10.9289 -14.4594 318.218 1637.25 -3043.41 0.00602822 9.91471 13.2889 -318.218 2262.43 101.208 -0.00602822
-12.6841 -11.0355 319.036 1185.68 -3450.66 -0.0391071 11.48 9.94793 -319.036 1763.36 40.6415 0.0391071
-14.4324 -7.42065 320.007 710.222 -3856.27 -0.0826615 13.02 6.41993 -320.007 1235.09 -16.9815 0.0826615
-16.2329 -3.59204 321.355 198.559 -4273.06 -0.124323 14.6298 2.68035 -321.355 683.276 -80.5112 0.124323
-17.9696 0.193258 322.308 -301.051 -4676.37 -0.163795 16.1758 -0.982755 -322.308 136.236 -139.553 0.163795
-19.6012 3.89776 322.734 -782.225 -5057.59 -0.200811 17.6147 -4.50052 -322.734 -397.469 -190.738 0.200811
-21.0995 7.49653 322.831 -1247.31 -5415.33 -0.235153 18.9389 -7.84935 -322.831 -908.659 -230.501 0.235153
-22.4 10.9154 323.109 -1690.64 -5745.89 -0.266649 20.1574 -10.9783 -323.109 -1385.41 -254.763 0.266649
-23.4874 13.9737 323.576 -2082.82 -6043.69 -0.295176 21.2401 -13.7439 -323.576 -1811.63 -262.741 0.295176
-24.356 16.6786 323.993 -2427.91 -6305.61 -0.320664 22.1711 -16.2045 -323.993 -2192.43 -254.444 0.320664
-25.0199 18.9989 324.164 -2725.84 -6529.52 -0.343081 22.9402 -18.3411 -324.164 -2520.81 -232.578 0.343081
-25.5125 20.9444 324.049 -2976.25 -6715.79 -0.362415 23.5519 -20.1326 -324.049 -2795.56 -202.068 0.362415
-25.8499 22.5288 323.852 -3180.51 -6866.62 -0.378663 24.0461 -21.5721 -323.852 -3016.24 -168.584 0.378663
-26.0544 23.7256 323.664 -3334.3 -6983.4 -0.391827 24.4343 -22.6404 -323.664 -3180.77 -135.466 0.391827
-26.1562 24.5207 323.525 -3436.18 -7065.69 -0.40192 24.6896 -23.3431 -323.525 -3289.38 -103.675 0.40192
-26.1423 24.9221 323.366 -3486.33 -7112.13 -0.408976 24.8265 -23.6809 -323.366 -3343.09 -74.7023 0.408976
-25.9902 24.946 323.112 -3485.46 -7121.32 -0.413052 24.8642 -23.6506 -323.112 -3343.06 -49.4962 0.413052
-25.6935 24.5971 322.73 -3435.05 -7091.3 -0.414218 24.7901 -23.2708 -322.73 -3291.07 -27.3611 0.414218
-25.2656 23.8834 322.269 -3337.51 -7020.46 -0.412561 24.5681 -22.5666 -322.269 -3189.35 -6.71244 0.412561
-24.7414 22.8276 321.803 -3196.01 -6908.65 -0.408175 24.1659 -21.5595 -321.803 -3040.93 11.9594 0.408175
-24.1317 21.4725 321.369 -3015.03 -6757.1 -0.40116 23.5949 -20.2647 -321.369 -2849.52 26.7291 0.40116
-23.4421 19.8564 320.985 -2799.84 -6568.67 -0.391619 22.8991 -18.7031 -320.985 -2618.15 33.4823 0.391619
-22.678 17.9867 320.602 -2553.17 -6346.74 -0.379657 22.1298 -16.9066 -320.602 -2349.61 27.6709 0.379657
-21.8443 15.8696 320.239 -2278.38 -6092.91 -0.365382 21.2846 -14.9205 -320.239 -2047.81 10.5076 0.365382
-20.9539 13.5247 319.855 -1978.05 -5806.03 -0.34891 20.3271 -12.7979 -319.855 -1720.34 -15.8398 0.34891
-20.0021 10.9649 319.497 -1653.31 -5487.95 -0.33037 19.2606 -10.5363 -319.497 -1367.58 -49.3705 0.33037
-18.9509 8.1948 319.261 -1300.89 -5140.2 -0.309907 18.0955 -8.11553 -319.261 -990.598 -84.6696 0.309907
-17.8164 5.34693 319.177 -943.135 -4771.46 -0.287685 16.8705 -5.64922 -319.177 -601.611 -120.781 0.287685
-16.5894 2.43159 319 -580.744 -4384.62 -0.263884 15.5847 -3.11462 -319 -198.176 -153.374 0.263884
-15.2782 -0.553242 318.717 -205.307 -3985 -0.2387 14.2386 -0.46273 -318.717 218.462 -178.379 0.2387
-13.9508 -3.57773 318.628 183.129 -3585.66 -0.212346 12.8671 2.30492 -318.628 643.937 -197.235 0.212346
-12.6217 -6.52274 318.681 564.666 -3194.11 -0.185045 11.5045 5.08592 -318.681 1067.04 -209.261 0.185045
-11.2498 -9.38881 318.66 939.738 -2801.14 -0.15702 10.0964 7.85661 -318.66 1484.07 -210.261 0.15702
-9.85704 -12.1455 318.308 1302.64 -2406.1 -0.128488 8.65168 10.548 -318.308 1886.77 -205.24 0.128488
-8.43256 -14.8001 317.89 1657.08 -2005.49 -0.0996754 7.20386 13.1422 -317.89 2269.91 -200.898 0.0996754
-7.0483 -17.2334 317.386 1982.75 -1612.79 -0.0708133 5.83187 15.4982 -317.386 2617.25 -204.95 0.0708133
-5.74469 -19.3921 317.013 2267.41 -1234.01 -0.0421128 4.54086 17.5567 -317.013 2925.23 -217.792 0.0421128
-4.53393 -21.2698 316.93 2515.57 -867.649 -0.0137507 3.29261 19.3333 -316.93 3190.61 -237.292 0.0137507
-3.37768 -22.827 316.811 2723.64 -510.445 0.014123 2.06354 20.8133 -316.811 3409.35 -258.016 -0.014123
-2.20211 -24.0544 316.552 2889.15 -155.144 0.041374 0.858932 21.9776 -316.552 3579.94 -277.606 -0.041374
-1.0766 -24.9098 316.204 3003.1 185.506 0.0678865 -0.280559 22.7706 -316.204 3697.64 -298.769 -0.0678865
-0.0416571 -25.3991 315.959 3068.18 511.627 0.093567 -1.42459 23.2096 -315.959 3763 -317.546 -0.093567
0.89148 -25.5126 315.789 3083.27 819.242 0.118342 -2.54384 23.3 -315.789 3776.57 -335.664 -0.118342
1.7681 -25.2425 315.7 3050.44 1105.95 0.142151 -3.56224 23.0651 -315.7 3738.42 -355.054 -0.142151
2.5933 -24.5881 315.78 2971.94 1370.09 0.164942 -4.45841 22.5343 -315.78 3650.35 -376.351 -0.164942
3.3387 -23.5591 316.006 2847.52 1607.52 0.186683 -5.2676 21.6971 -316.006 3512.52 -394.449 -0.186683
4.03735 -22.1486 316.087 2673.18 1822.88 0.207353 -6.02148 20.5226 -316.087 3323.58 -404.91 -0.207353
4.72935 -20.3677 316.079 2450.63 2014.69 0.226942 -6.68952 19.0119 -316.079 3083.57 -404.925 -0.226942
5.41815 -18.2231 316.205 2180.08 2185.93 0.245437 -7.30339 17.1728 -316.205 2794.28 -392.539 -0.245437
6.07977 -15.7289 316.444 1863.56 2336.14 0.262819 -7.89556 15.0029 -316.444 2455.38 -366.1 -0.262819
6.72516 -12.8888 316.994 1500.05 2466.98 0.279059 -8.47318 12.4843 -316.994 2065.87 -324.72 -0.279059
7.29223 -9.76312 317.584 1099.98 2570.96 0.294116 -8.99716 9.66452 -317.584 1630.46 -275.116 -0.294116
7.72253 -6.4035 318.318 669.342 2643.29 0.307932 -9.43275 6.58615 -318.318 1156.42 -225.599 -0.307932
8.02426 -2.82527 319.116 209.745 2686.27 0.320451 -9.76051 3.2639 -319.116 646.351 -180.058 -0.320451
8.1784 0.839538 319.822 -258.969 2697.14 0.33162 -9.95555 -0.185433 -319.822 115.367 -141.887 -0.33162
8.22145 4.45679 320.826 -719.032 2681.37 0.341381 -10.0378 -3.6444 -320.826 -418.963 -108.626 -0.341381
8.15848 8.02478 321.569 -1175.99 2634.51 0.349666 -9.97847 -7.10322 -321.569 -949.454 -79.2053 -0.349666
8.00938 11.4453 322.009 -1616.12 2557.52 0.356406 -9.81058 -10.4377 -322.009 -1458.59 -47.1161 -0.356406
7.79798 14.6598 322.563 -2032.05 2456.34 0.361536 -9.59061 -13.5786 -322.563 -1935.79 -7.03066 -0.361536
7.50067 17.6152 323.043 -2419.58 2324.26 0.364997 -9.2913 -16.4834 -323.043 -2371.81 40.6248 -0.364997
7.16315 20.2366 323.539 -2768.73 2167.41 0.366738 -8.90246 -19.0847 -323.539 -2756.6 94.7062 -0.366738
6.78111 22.4206 323.732 -3060.06 1984.43 0.366716 -8.4083 -21.2737 -323.732 -3079.84 153.745 -0.366716
6.32275 24.1646 323.735 -3294.77 1772.49 0.36491 -7.80722 -23.0465 -323.735 -3339.36 215.908 -0.36491
5.7983 25.4656 323.713 -3472.88 1531.64 0.361314 -7.07581 -24.3858 -323.713 -3532.29 279.296 -0.361314
5.24463 26.2852 323.571 -3583.59 1267.59 0.35595 -6.25393 -25.2223 -323.571 -3654.34 348.985 -0.35595
4.69003 26.5978 323.407 -3623.88 988.007 0.348859 -5.38218 -25.5472 -323.407 -3703.64 427.003 -0.348859
4.10318 26.4033 323.384 -3598.06 697.992 0.340101 -4.49575 -25.394 -323.384 -3680.59 508.804 -0.340101
3.48844 25.6907 323.382 -3505.23 395.843 0.329754 -3.5728 -24.7766 -323.382 -3586.53 593.649 -0.329754
2.85562 24.4599 323.306 -3345.67 84.4732 0.317913 -2.58335 -23.6993 -323.306 -3421.74 675.812 -0.317913
2.18034 22.7661 323.103 -3125.86 -227.63 0.304693 -1.58737 -22.1688 -323.103 -3188.43 751.818 -0.304693
1.4203 20.6345 322.781 -2846.78 -543.58 0.290227 -0.539131 -20.1719 -322.781 -2887.31 812.444 -0.290227
0.586913 18.1488 322.456 -2521.32 -857.345 0.274666 0.550075 -17.7754 -322.456 -2526.66 854.857 -0.274666
-0.338719 15.347 322.459 -2156.54 -1165.62 0.258182 1.66916 -15.0123 -322.459 -2109.39 874.664 -0.258182
-1.37293 12.2565 322.449 -1755.85 -1472.55 0.240966 2.81481 -11.9245 -322.449 -1641.85 874.211 -0.240966
-2.44606 8.94268 322.128 -1330.32 -1765.72 0.223218 3.91232 -8.60656 -322.128 -1135.41 861.37 -0.223218
-3.5139 5.47565 321.573 -888.069 -2041.19 0.205146 4.94752 -5.16681 -321.573 -607.059 840.408 -0.205146
-4.60195 1.90689 321.107 -432.412 -2307.42 0.186951 5.96212 -1.67004 -321.107 -69.8213 810.347 -0.186951
-5.64543 -1.6311 320.645 22.0939 -2554.84 0.168837 6.90988 1.78582 -320.645 458.488 777.22 -0.168837
-6.62912 -5.06526 320.322 471.268 -2781.99 0.151013 7.78139 5.17136 -320.322 967.641 743.011 -0.151013
-7.57731 -8.26984 319.815 898.541 -2990.46 0.133693 8.56603 8.37196 -319.815 1440.44 707.414 -0.133693
-8.48768 -11.1719 319.21 1289.03 -3180.22 0.117077 9.26549 11.2836 -319.21 1866.91 670.486 -0.117077
-9.33259 -13.711 318.352 1628.99 -3346.67 0.101345 9.89692 13.7791 -318.352 2234.43 629.111 -0.101345
-10.0995 -15.8926 317.616 1915.74 -3490.72 0.0866549 10.4698 15.821 -317.616 2541.18 584.578 -0.0866549
-10.7904 -17.6598 317.135 2142.41 -3612.01 0.0731528 10.973 17.3721 -317.135 2780.79 537.855 -0.0731528
-11.4195 -19.0037 316.871 2310.46 -3712.43 0.060975 11.4078 18.4771 -316.871 2956.86 488.605 -0.060975
-11.9894 -19.9128 316.641 2419.8 -3790.35 0.0502425 11.7499 19.1632 -316.641 3071.69 438.271 -0.0502425
-12.4865 -20.3995 316.401 2472.24 -3846.49 0.0410574 12.0134 19.4456 -316.401 3127.33 387.481 -0.0410574
-12.8474 -20.4999 316.185 2471.77 -3881.75 0.0335004 12.2624 19.3476 -316.185 3128.12 337.054 -0.0335004
-13.0829 -20.2494 316.047 2422.75 -3896.02 0.0276328 12.468 18.8959 -316.047 3078.46 289.408 -0.0276328
-13.2255 -19.6795 316.027 2330.63 -3888.27 0.0234991 12.5683 18.1359 -316.027 2983.68 247.645 -0.0234991
-13.2668 -18.8189 316.116 2201.57 -3858.29 0.021127 12.5651 17.1257 -316.116 2849.86 212.47 -0.021127
-13.2018 -17.706 316.265 2040.81 -3807.37 0.0205256 12.4848 15.9033 -316.265 2682.47 182.173 -0.0205256
-13.0551 -16.3842 316.52 1855.02 -3737.91 0.021688 12.3448 14.5028 -316.52 2485.7 153.248 -0.021688
-12.8295 -14.8984 316.803 1649.53 -3650.08 0.0245969 12.149 12.9557 -316.803 2264.99 124.922 -0.0245969
-12.5373 -13.2774 317.053 1426.67 -3545.27 0.0292279 11.914 11.2907 -317.053 2026.1 94.5585 -0.0292279
-12.1795 -11.5577 317.241 1192.92 -3424.56 0.0355486 11.6419 9.54907 -317.241 1773.46 62.7845 -0.0355486
-11.7026 -9.79071 317.458 954.524 -3288.15 0.0435196 11.378 7.77878 -317.458 1514.79 30.9517 -0.0435196
-11.0696 -8.01401 317.793 717.026 -3134.19 0.0530963 11.1118 6.01547 -317.793 1254.85 3.86794 -0.0530963
-10.313 -6.267 318.237 488.088 -2960.54 0.0642271 10.7494 4.31765 -318.237 999.71 -11.9562 -0.0642271
-9.42829 -4.56377 318.57 270.316 -2761.23 0.0768508 10.2316 2.71182 -318.57 752.485 -13.536 -0.0768508
-8.37506 -2.93227 318.747 64.5529 -2532.82 0.0908903 9.59076 1.20835 -318.747 517.713 -3.17183 -0.0908903
-7.21036 -1.39867 318.932 -125.373 -2279.48 0.106245 8.84912 -0.172667 -318.932 298.068 12.1789 -0.106245
-6.04397 0.00705939 319.226 -295.236 -2000.54 0.122787 7.97494 -1.40042 -319.226 97.8577 20.887 -0.122787
-4.9199 1.29108 319.58 -445.756 -1704 0.140375 7.04329 -2.48718 -319.58 -84.7824 14.2312 -0.140375
-3.86654 2.44083 319.972 -577.685 -1395.79 0.158869 6.13651 -3.44287 -319.972 -248.727 -17.3961 -0.158869
-2.85691 3.4489 320.219 -693.78 -1068.02 0.178128 5.20801 -4.28967 -320.219 -393.294 -71.5655 -0.178128
-1.86201 4.30211 320.432 -792.175 -719.705 0.197996 4.22348 -5.01231 -320.432 -516.354 -140.367 -0.197996
-0.826518 5.02521 320.664 -874.166 -356.357 0.218298 3.21103 -5.59849 -320.664 -618.354 -214.482 -0.218298
0.309666 5.62342 320.901 -939.378 29.1165 0.238843 2.14556 -6.0452 -320.901 -699.983 -289.042 -0.238843
1.54321 6.0925 321.235 -991.867 440.17 0.259434 0.957695 -6.38449 -321.235 -761.088 -358.235 -0.259434
2.86466 6.42028 321.567 -1032.88 870.114 0.279868 -0.37305 -6.64015 -321.567 -802.049 -413.831 -0.279868
4.28264 6.57927 322.04 -1056.82 1320.37 0.299925 -1.81815 -6.80143 -322.04 -823.112 -460.049 -0.299925
5.77986 6.55514 322.362 -1059.88 1788.42 0.319371 -3.35861 -6.8492 -322.362 -823.366 -499.499 -0.319371
7.3234 6.34307 322.728 -1041.65 2278.64 0.337968 -5.02565 -6.77928 -322.728 -801.953 -536.786 -0.337968
8.73719 5.96939 322.905 -1009.19 2767.89 0.355475 -6.66868 -6.60097 -322.905 -756.828 -594.675 -0.355475
10.0324 5.39731 322.934 -953.16 3253.14 0.371656 -8.21989 -6.24524 -322.934 -682.462 -678.104 -0.371656
11.2676 4.61609 322.803 -867.701 3734.18 0.386295 -9.66879 -5.6711 -322.803 -577.444 -780.157 -0.386295
12.4842 3.62502 322.856 -749.542 4218.23 0.399208 -11.1301 -4.84497 -322.856 -440.232 -886.101 -0.399208
13.7348 2.40278 323.296 -591.946 4709.43 0.410228 -12.6668 -3.73791 -323.296 -270.508 -983.866 -0.410228
14.9985 1.04987 323.487 -416.222 5190.1 0.419193 -14.1661 -2.46787 -323.487 -77.6415 -1074.6 -0.419193
16.2382 -0.45068 323.142 -217.187 5649.74 0.425948 -15.5811 -1.02098 -323.142 137.508 -1159.65 -0.425948
17.4642 -2.06916 322.589 2.04899 6092.2 0.430361 -16.9758 0.572916 -322.589 369.678 -1232.41 -0.430361
18.5983 -3.70424 321.848 225.396 6504.23 0.432324 -18.2611 2.20755 -321.848 605.795 -1303.14 -0.432324
19.6584 -5.3035 321.163 447.144 6879.86 0.431742 -19.3794 3.84312 -321.163 838.613 -1371.44 -0.431742
20.6861 -6.81217 320.78 660.197 7222.73 0.428551 -20.3397 5.4293 -320.78 1060.46 -1433.85 -0.428551
21.6546 -8.16699 320.455 854.977 7531.5 0.422725 -21.1782 6.89338 -320.455 1261.8 -1487.7 -0.422725
22.5341 -9.30286 320.07 1022.68 7805.28 0.414265 -21.9485 8.17497 -320.07 1433.8 -1528.78 -0.414265
23.317 -10.1851 319.592 1156.18 8043.78 0.40318 -22.6615 9.20933 -319.592 1569.63 -1556.36 -0.40318
23.9865 -10.7873 319.109 1248.41 8246.12 0.389479 -23.2969 9.92676 -319.109 1662.84 -1574.73 -0.389479
24.5243 -11.0895 318.653 1294.94 8408.36 0.373183 -23.7871 10.2913 -318.653 1710 -1592.05 -0.373183
24.9186 -11.0665 318.29 1294.02 8528.89 0.354338 -24.0907 10.3035 -318.29 1709.4 -1614.14 -0.354338
25.1312 -10.7037 318.05 1246.89 8607.48 0.333026 -24.2381 9.99253 -318.05 1661.85 -1641.86 -0.333026
25.156 -10.0008 317.913 1155.22 8645.67 0.309358 -24.2657 9.38342 -317.913 1569.15 -1672.53 -0.309358
25.0328 -8.96929 317.826 1021.32 8645.04 0.283464 -24.1712 8.49448 -317.826 1433.19 -1702.43 -0.283464
24.8048 -7.63711 317.758 848.966 8607.11 0.255492 -23.9493 7.35016 -317.758 1257.55 -1727.77 -0.255492
24.4941 -6.01615 317.71 639.806 8534.89 0.225598 -23.632 5.95767 -317.71 1043.25 -1743.97 -0.225598
24.0863 -4.15118 317.731 398.664 8430.2 0.19395 -23.259 4.33744 -317.731 794.647 -1749.28 -0.19395
23.5869 -2.08181 317.869 128.103 8293.34 0.160722 -22.8225 2.4826 -317.869 513.772 -1744.33 -0.160722
22.9996 0.154631 318.062 -168.11 8122.96 0.126098 -22.2866 0.416917 -318.062 205.447 -1732.27 -0.126098
22.3421 2.55798 318.305 -488.174 7918.4 0.0902705 -21.6066 -1.82869 -318.305 -127.759 -1716.27 -0.0902705
21.6106 5.07439 318.624 -822.772 7681 0.0534479 -20.8127 -4.16743 -318.624 -475.401 -1693.93 -0.0534479
20.7492 7.635 319.052 -1160.45 7411.21 0.0158514 -19.9315 -6.52234 -319.052 -828.448 -1669.8 -0.0158514
19.7806 10.1998 319.547 -1497.62 7115.71 -0.0222904 -19.0002 -8.864 -319.547 -1180.75 -1642.16 0.0222904
18.6866 12.6974 319.96 -1821.96 6792.12 -0.0607465 -17.9924 -11.1231 -319.96 -1524.83 -1614.87 0.0607465
17.4986 15.0923 320.299 -2128.45 6443 -0.0992873 -16.9041 -13.271 -320.299 -1856.73 -1586.68 0.0992873
16.2653 17.3801 320.547 -2419.15 6071.92 -0.137689 -15.7099 -15.3208 -320.547 -2175.61 -1557.88 0.137689
15.0348 19.5405 320.936 -2693.52 5686.6 -0.175736 -14.4345 -17.2784 -320.936 -2479.95 -1525.89 0.175736
13.8445 21.5295 321.63 -2946.63 5298.1 -0.213221 -13.1566 -19.1084 -321.63 -2763.56 -1485.52 0.213221
12.634 23.333 322.182 -3174.46 4900.12 -0.249942 -11.8899 -20.7911 -322.182 -3025.68 -1436.98 0.249942
11.4096 24.9773 322.338 -3379.15 4492.32 -0.285709 -10.6195 -22.3025 -322.338 -3264.49 -1381.2 0.285709
10.2201 26.5135 322.491 -3567.06 4078.12 -0.32033 -9.32948 -23.6523 -322.491 -3482.19 -1316.9 0.32033
9.10191 27.9061 322.888 -3732.12 3668.15 -0.353603 -8.04091 -24.8155 -322.888 -3676.33 -1246.63 0.353603
7.99818 29.153 323.376 -3878.31 3258.61 -0.385322 -6.76515 -25.8317 -323.376 -3848.21 -1172.97 0.385322
6.92858 30.2138 323.783 -4001.89 2853.9 -0.415292 -5.53123 -26.7075 -323.783 -3996.83 -1093.49 0.415292
5.89459 31.0824 324.046 -4104.1 2455.24 -0.443336 -4.31327 -27.4638 -324.046 -4122.98 -1012.8 0.443336
4.89598 31.7485 324.093 -4184.44 2064.53 -0.469299 -3.11386 -28.1024 -324.093 -4226.02 -932.465 0.469299
3.95443 32.257 324.421 -4252.61 1690.24 -0.493033 -1.97044 -28.6527 -324.421 -4306.67 -852.621 0.493033
3.0689 32.5478 324.556 -4295.61 1329.14 -0.514392 -0.887631 -29.0437 -324.556 -4359.49 -769.54 0.514392
2.2426 32.584 324.399 -4306.59 985.264 -0.533242 0.134548 -29.2339 -324.399 -4380.32 -686.781 0.533242
1.47878 32.3516 324.162 -4283.31 661.719 -0.549473 1.08083 -29.1936 -324.162 -4365.29 -604.829 0.549473
0.774614 31.8376 324.121 -4223.41 361.73 -0.562985 1.91323 -28.8919 -324.121 -4310.54 -521.963 0.562985
0.108763 31.0041 324.148 -4122.75 88.5419 -0.573682 2.60603 -28.2998 -324.148 -4210.84 -440.808 0.573682
-0.576803 29.7938 323.979 -3972.64 -158.507 -0.581468 3.14019 -27.3836 -323.979 -4062.11 -366.169 0.581468
-1.30251 28.1921 323.63 -3771.58 -383.556 -0.586261 3.59507 -26.1214 -323.63 -3860.69 -307.921 0.586261
-1.99235 26.2154 323.166 -3522.19 -586.085 -0.588003 4.04422 -24.4982 -323.166 -3604.18 -266.242 0.588003
-2.67618 23.8561 322.694 -3219.4 -772.578 -0.586652 4.51792 -22.4693 -322.694 -3290.27 -243.1 0.586652
-3.34674 21.1283 322.368 -2869.66 -936.548 -0.58218 4.9229 -20.0443 -322.368 -2915.89 -230.873 0.58218
-3.94861 18.0546 322.188 -2476.98 -1077.37 -0.574567 5.2366 -17.2495 -322.188 -2483.85 -219.239 0.574567
-4.44123 14.6953 322.226 -2054.01 -1194.21 -0.563797 5.44253 -14.1625 -322.226 -2000.92 -201.039 0.563797
-4.81007 11.0217 321.991 -1595.14 -1290.88 -0.549868 5.5462 -10.7751 -321.991 -1467.5 -171.185 0.549868
-5.00179 7.07479 321.475 -1104.83 -1361.77 -0.532797 5.52452 -7.13473 -321.475 -891.579 -124.565 0.532797
-5.07338 2.97065 320.772 -599.588 -1416.21 -0.51262 5.4381 -3.35624 -320.772 -289.082 -68.3692 0.51262
-5.08264 -1.24407 320.449 -82.5676 -1461.39 -0.489393 5.33962 0.513692 -320.449 330.017 -10.9426 0.489393
-5.06822 -5.57958 320.323 461.43 -1499.17 -0.463186 5.2324 4.50141 -320.323 955.641 43.6785 0.463186
-5.04412 -9.90861 320.025 1016.52 -1528.93 -0.434079 5.10061 8.49171 -320.025 1569.62 95.1305 0.434079
-5.00311 -14.1249 319.291 1561.83 -1550.11 -0.402181 4.96822 12.3706 -319.291 2161.87 140.516 0.402181
-4.953 -18.1309 318.343 2083.99 -1569.42 -0.36763 4.89231 16.0492 -318.343 2719.58 177.419 0.36763
-4.89223 -21.8196 317.494 2566.51 -1584.69 -0.330582 4.82681 19.4471 -317.494 3232.92 210.347 0.330582
-4.82226 -25.1865 316.942 3013.35 -1594.14 -0.291202 4.73834 22.5808 -316.942 3699.59 241.987 0.291202
-4.68175 -28.1565 316.492 3414.16 -1593.17 -0.249657 4.60688 25.4091 -316.492 4113.62 279.172 0.249657
-4.47187 -30.6583 316.013 3759.73 -1580.99 -0.206129 4.41222 27.9033 -316.013 4470.13 323.797 0.206129
-4.24319 -32.653 315.396 4045.57 -1561.08 -0.160823 4.14415 30.0276 -315.396 4763.14 373.666 0.160823
-4.01917 -34.1129 314.68 4264.67 -1533.05 -0.113963 3.80411 31.713 -314.68 4986.05 424.887 0.113963
-3.8501 -34.9871 313.999 4404.5 -1504.93 -0.0657898 3.46444 32.852 -313.999 5129.12 468.267 0.0657898
-3.78967 -35.2664 313.441 4460.95 -1482.13 -0.0165482 3.167 33.4024 -313.441 5189.26 495.774 0.0165482
-3.86659 -34.8952 313.076 4428.11 -1468.95 0.0335108 2.94261 33.3315 -313.076 5159.96 503.345 -0.0335108
-4.08068 -33.8303 312.907 4301.88 -1468.02 0.0841369 2.81135 32.6229 -312.907 5036.95 490.816 -0.0841369
-4.38189 -32.0433 312.938 4078 -1480.04 0.135087 2.79443 31.242 -312.938 4815.63 462.901 -0.135087
-4.67914 -29.5414 313.193 3757.45 -1502.03 0.186127 2.88486 29.1654 -313.193 4492.75 430.411 -0.186127
-4.93985 -26.3438 313.593 3340.17 -1529.75 0.23702 2.99725 26.364 -313.593 4066.99 405.644 -0.23702
-5.16617 -22.4497 314.289 2824.19 -1561.06 0.287523 3.07203 22.807 -314.289 3535.87 394.532 -0.287523
-5.32451 -17.8692 315.306 2218.42 -1595.22 0.337377 3.09389 18.5309 -315.306 2897.06 403.184 -0.337377
-5.45721 -12.5966 316.672 1522.04 -1640.37 0.386316 3.11836 13.5512 -316.672 2152.73 425.995 -0.386316
-5.58065 -6.80209 318.286 762.623 -1698.45 0.434063 3.17317 8.02597 -318.286 1321.48 458.714 -0.434063
-5.71929 -0.726066 320.147 -19.0095 -1765.51 0.480326 3.23485 2.18232 -320.147 428.106 497.24 -0.480326
-6.03399 5.52893 322.597 -814.462 -1864.03 0.524817 3.43913 -3.87021 -322.597 -505.979 522.406 -0.524817
-6.4859 11.7982 324.81 -1614.43 -1992.64 0.567255 3.83894 -9.96917 -324.81 -1444.12 530.872 -0.567255
-7.04692 18.0065 326.607 -2428.93 -2149.7 0.607369 4.42029 -16.0575 -326.607 -2357.68 526.934 -0.607369
-7.71453 23.9634 327.609 -3238.18 -2327.73 0.6449 5.11327 -21.9326 -327.609 -3211.18 513.298 -0.6449
-8.39557 29.4096 327.933 -3987.32 -2513.62 0.679603 5.79184 -27.3154 -327.933 -3983.9 507.63 -0.679603
-8.98896 34.2748 328.256 -4669.78 -2699.48 0.711257 6.41094 -32.136 -328.256 -4662.65 522.551 -0.711257
-9.43576 38.5325 328.266 -5270.25 -2878.12 0.73967 6.95113 -36.376 -328.266 -5256.44 561.889 -0.73967
-9.79208 42.0695 328.105 -5774.24 -3054.85 0.764662 7.43999 -39.9454 -328.105 -5751.17 619.207 -0.764662
-10.1369 44.8104 328.117 -6173.62 -3236.94 0.786071 7.9848 -42.7848 -328.117 -6136.07 675.611 -0.786071
-10.4827 46.7547 328.11 -6463.44 -3424.08 0.803772 8.6193 -44.8833 -328.11 -6414.44 724.321 -0.803772
-10.8733 47.8745 327.708 -6639.09 -3613.02 0.817694 9.28511 -46.2066 -327.708 -6582.13 764.163 -0.817694
-11.347 48.1429 326.986 -6696.84 -3801.11 0.827812 9.95184 -46.7281 -326.986 -6635.38 791.387 -0.827812
-11.8469 47.5538 326.057 -6634.28 -3985.38 0.834137 10.6425 -46.4255 -326.057 -6572.6 807.793 -0.834137
-12.329 46.1339 325.123 -6451.95 -4161.16 0.83672 11.349 -45.2644 -325.123 -6392.15 816.034 -0.83672
-12.8175 43.9407 324.399 -6156.12 -4320.92 0.835656 11.9644 -43.2502 -324.399 -6096.62 820.181 -0.835656
-13.3718 40.9584 323.889 -5742.22 -4467.57 0.831071 12.4606 -40.3687 -323.889 -5686.39 818.743 -0.831071
-13.9537 37.2259 323.493 -5220.05 -4601.78 0.823111 12.9148 -36.6909 -323.493 -5167.08 806.978 -0.823111
-14.5477 32.831 323.195 -4609.78 -4722.62 0.811947 13.3816 -32.3382 -323.195 -4547.95 778.393 -0.811947
-15.1464 27.8463 322.597 -3918.54 -4827.45 0.797772 13.826 -27.3903 -322.597 -3843.28 736.383 -0.797772
-15.7374 22.3324 322.184 -3167.23 -4915.57 0.780788 14.2368 -21.8984 -322.184 -3047.89 683.523 -0.780788
-16.2907 16.4639 321.866 -2381.91 -4992.06 0.761197 14.7028 -16.0188 -321.866 -2182.24 616.611 -0.761197
-16.7356 10.1894 321.775 -1547.64 -5057.38 0.73921 15.2335 -9.70474 -321.775 -1247.48 544.741 -0.73921
-17.0116 3.73485 321.913 -684.552 -5105.33 0.71505 15.6713 -3.21403 -321.913 -291.488 492.299 -0.71505
-17.0522 -2.58549 321.208 160.849 -5116.55 0.688925 15.824 3.09955 -321.208 638.441 476.363 -0.688925
-16.8293 -8.63205 319.984 975.507 -5086.36 0.661004 15.6646 9.07885 -319.984 1513.66 499.966 -0.661004
-16.3736 -14.0714 318.431 1706.95 -5023.98 0.631438 15.3166 14.4105 -318.431 2295.78 550.659 -0.631438
-15.8243 -18.8651 317.281 2354.73 -4945.08 0.600385 14.9155 19.1034 -317.281 2981.1 605.47 -0.600385
-15.2802 -22.9514 316.549 2914.8 -4853.04 0.568039 14.4952 23.123 -316.549 3560.14 649.18 -0.568039
-14.7858 -26.2971 316.093 3379.07 -4748.59 0.534619 14.0888 26.4355 -316.093 4031.55 671.566 -0.534619
-14.3019 -28.8732 315.309 3737.45 -4629.44 0.50035 13.6889 29.003 -315.309 4395.99 677.007 -0.50035
-13.8185 -30.6561 314.29 3984.16 -4495.62 0.465435 13.2933 30.7876 -314.29 4650.62 667.171 -0.465435
-13.3283 -31.641 313.369 4118.47 -4346.34 0.430049 12.862 31.7724 -313.369 4793.09 647.894 -0.430049
-12.7923 -31.8382 312.848 4142.44 -4180.94 0.394357 12.372 31.9644 -312.848 4823.82 627.223 -0.394357
-12.1829 -31.2557 312.711 4057.35 -3997.87 0.35853 11.807 31.3719 -312.711 4743.77 609.756 -0.35853
-11.461 -29.9036 312.813 3863.16 -3794.9 0.322749 11.1637 29.9919 -312.813 4554.01 599.237 -0.322749
-10.6017 -27.8227 313.028 3564.26 -3570.59 0.287201 10.4611 27.8521 -313.028 4259.78 595.071 -0.287201
-9.64105 -25.0515 313.378 3168.25 -3328.49 0.252066 9.70951 25.0104 -313.378 3867.02 594.265 -0.252066
-8.59326 -21.6274 313.995 2688.47 -3075.45 0.217524 8.99305 21.5444 -313.995 3378.57 589.882 -0.217524
-7.44376 -17.6135 314.873 2136.94 -2811.09 0.183755 8.30144 17.5513 -314.873 2804.92 585.029 -0.183755
-6.22768 -13.0293 316.064 1517.68 -2530.76 0.150944 7.55664 13.0575 -316.064 2148.53 581.105 -0.150944
-4.98836 -8.08994 317.327 865.611 -2233.45 0.119264 6.69355 8.26797 -317.327 1433.47 580.16 -0.119264
-3.66495 -2.90911 318.724 194.949 -1913.23 0.0888605 5.71717 3.27614 -318.724 674.631 584.134 -0.0888605
-2.30202 2.3574 320.346 -471.502 -1574.63 0.0598505 4.67658 -1.78673 -320.346 -110.463 584.382 -0.0598505
-0.976101 7.58579 322.172 -1127.59 -1226.9 0.0323363 3.58699 -6.824 -322.172 -897.002 577.302 -0.0323363
0.367184 12.7414 323.409 -1783.78 -855.755 0.0064213 2.41975 -11.85 -323.409 -1671.63 560.281 -0.0064213
1.71924 17.5956 324.477 -2416.24 -462.991 -0.0177978 1.21936 -16.6814 -324.477 -2400.33 527.634 0.0177978
2.98719 22.1654 325.639 -3037.2 -54.7698 -0.0402526 -0.0159567 -21.3352 -325.639 -3075.58 472.724 0.0402526
4.19095 26.3372 326.565 -3622.94 377.233 -0.0609095 -1.38409 -25.6655 -326.565 -3684.66 403.763 0.0609095
5.32694 29.907 327.041 -4135.93 822.127 -0.0797613 -2.77565 -29.4296 -327.041 -4202.32 315.758 0.0797613
6.41757 32.7953 327.138 -4559.93 1272.76 -0.0968159 -4.07704 -32.5228 -327.138 -4618.95 203.035 0.0968159
7.46357 34.922 326.622 -4877.28 1723.12 -0.112082 -5.32453 -34.871 -326.622 -4930.44 76.7706 0.112082
8.47694 36.2353 326.074 -5083.03 2181.81 -0.125565 -6.63984 -36.4267 -326.074 -5127.87 -52.8681 0.125565
9.48592 36.6996 325.864 -5170.98 2639.8 -0.137293 -7.94375 -37.144 -325.864 -5205.96 -184.026 0.137293
10.5477 36.2527 325.739 -5132.85 3095.45 -0.147332 -9.19915 -36.961 -325.739 -5155.53 -312.26 0.147332
11.6351 34.8803 325.41 -4967.61 3538.82 -0.155772 -10.3848 -35.8549 -325.41 -4972.4 -434.462 0.155772
12.7825 32.5407 324.743 -4664.19 3976.68 -0.162697 -11.5475 -33.7488 -324.743 -4651 -546.005 0.162697
13.9527 29.3007 324.33 -4234.51 4409.34 -0.168176 -12.7288 -30.6921 -324.33 -4195.73 -646.583 0.168176
15.0762 25.1594 324.051 -3682.26 4829.21 -0.172276 -13.944 -26.6866 -324.051 -3603.03 -736.215 0.172276
16.1392 20.1961 323.771 -3024 5228.99 -0.175084 -15.1301 -21.8202 -323.771 -2879.86 -818.436 0.175084
17.2287 14.377 323.727 -2246.95 5620.37 -0.17672 -16.3166 -16.068 -323.727 -2030.78 -888.556 0.17672
18.2739 7.81713 323.796 -1365.33 6001.89 -0.177328 -17.5512 -9.56228 -323.796 -1076.35 -948.368 0.177328
19.2665 0.494252 324.196 -369.995 6377.24 -0.177061 -18.8987 -2.29207 -324.196 -21.0908 -993.666 0.177061
20.0321 -6.84805 323.645 631.127 6701.96 -0.176059 -20.0456 4.99238 -323.645 1033.15 -1048.58 0.176059
20.5129 -13.9439 321.98 1608.65 6960.37 -0.174414 -20.818 12.0217 -321.98 2040.54 -1130 0.174414
20.6001 -20.6152 319.612 2529.49 7148.7 -0.172152 -21.1639 18.6085 -319.612 2982.79 -1256.76 0.172152
20.291 -26.6689 317.999 3367.29 7271.78 -0.169284 -21.1597 24.581 -317.999 3835.04 -1423.21 0.169284
19.7457 -32.1167 317.388 4129.31 7340.51 -0.165856 -20.8776 29.9703 -317.388 4595.99 -1607.58 0.165856
19.1201 -36.8245 316.91 4792.73 7365.01 -0.161979 -20.4039 34.6264 -316.91 5248.54 -1786.07 0.161979
18.5089 -40.7614 315.655 5345.61 7352.68 -0.157806 -19.898 38.503 -315.655 5793.71 -1930.48 0.157806
18.0092 -43.8622 313.787 5778.98 7313.88 -0.153483 -19.4703 41.5396 -313.787 6222.82 -2022.03 0.153483
17.6639 -46.0685 312.06 6085.63 7256.82 -0.149122 -19.1426 43.6967 -312.06 6529.37 -2059.74 0.149122
17.4107 -47.396 310.802 6269.66 7177.71 -0.144813 -18.8824 45.0174 -310.802 6717.46 -2053.1 0.144813
17.1445 -47.815 310.146 6328.54 7069.42 -0.140644 -18.6171 45.4861 -310.146 6783.31 -2019.94 0.140644
16.771 -47.3221 309.865 6261.46 6920.66 -0.136702 -18.219 45.1016 -309.865 6727.07 -1980.14 0.136702
16.2159 -45.9346 309.711 6069.11 6721.89 -0.133058 -17.573 43.8521 -309.711 6548.81 -1950.8 0.133058
15.4176 -43.6888 309.571 5755.79 6470.11 -0.129768 -16.6512 41.7461 -309.571 6250.53 -1941.48 0.129768
14.3653 -40.6329 309.516 5329.18 6168.61 -0.126865 -15.4961 38.8266 -309.516 5837.38 -1951 0.126865
13.1313 -36.8334 309.744 4797.64 5829.83 -0.124369 -14.216 35.1539 -309.744 5318.83 -1966.41 0.124369
11.8581 -32.3772 310.395 4173.59 5469.84 -0.122296 -12.9132 30.8259 -310.395 4708.44 -1969.39 0.122296
10.6168 -27.2972 311.334 3470.24 5089.46 -0.120673 -11.5827 25.9055 -311.334 4006.43 -1951.5 0.120673
9.48508 -21.6473 312.55 2694.81 4697.1 -0.119544 -10.3182 20.4548 -312.55 3221.94 -1897.06 0.119544
8.48029 -15.5598 314.061 1863.85 4303.02 -0.118957 -9.20089 14.5907 -314.061 2373.41 -1802.49 0.118957
7.56093 -9.15262 316.225 997.756 3912.79 -0.118945 -8.24404 8.42317 -316.225 1472.46 -1677.31 0.118945
6.6507 -2.48823 318.484 105.972 3515.29 -0.119503 -7.3514 2.03391 -318.484 529.929 -1534.66 0.119503
5.83541 4.02544 321.211 -736.335 3123.21 -0.120589 -6.5074 -4.16981 -321.211 -414.878 -1377.35 0.120589
4.89002 10.2306 323.34 -1526.52 2713.9 -0.122127 -5.4472 -10.0503 -323.34 -1323.1 -1251.57 0.122127
3.62229 16.1052 324.599 -2276.43 2266.53 -0.124023 -4.03465 -15.5948 -324.599 -2177.93 -1182.57 0.124023
2.04642 21.6203 325.371 -2990.2 1792.17 -0.126161 -2.30442 -20.7886 -325.371 -2969.13 -1174.51 0.126161
0.273424 26.6302 326.145 -3653 1295.68 -0.128405 -0.354636 -25.5203 -326.145 -3675.39 -1202.86 0.128405
-1.5599 31.1109 326.446 -4258.49 785.173 -0.130621 1.63854 -29.7897 -326.446 -4299.59 -1231.75 0.130621
-3.21824 34.9865 326.511 -4787.32 289.337 -0.132696 3.43409 -33.5007 -326.511 -4836.95 -1222.96 0.132696
-4.50939 38.2153 326.709 -5230.04 -169.598 -0.134534 4.85433 -36.5971 -326.709 -5283.17 -1146.76 0.134534
-5.42936 40.7709 326.939 -5584.32 -585.657 -0.136044 5.88308 -39.0712 -326.939 -5635.75 -1006.27 0.136044
-6.08464 42.5744 327.008 -5837.37 -967.983 -0.137138 6.6243 -40.8797 -327.008 -5890.32 -821.902 0.137138
-6.63069 43.5866 326.82 -5987.99 -1330.78 -0.137738 7.20668 -42.0071 -326.82 -6040.39 -619.33 0.137738
-7.2849 43.8034 326.345 -6032.58 -1688.03 -0.137749 7.79776 -42.4295 -326.345 -6085.61 -438.632 0.137749
-8.12541 43.2226 325.713 -5969.13 -2042.95 -0.137071 8.50854 -42.0846 -325.713 -6018.93 -303.132 0.137071
-9.11794 41.8812 324.99 -5795.4 -2390.96 -0.135604 9.38668 -40.924 -324.99 -5841 -219.308 0.135604
-10.2284 39.8091 324.489 -5512.26 -2735.05 -0.133247 10.4096 -38.9259 -324.489 -5552.07 -176.214 0.133247
-11.3664 36.9647 323.954 -5114.4 -3064.1 -0.129886 11.4123 -36.0653 -323.954 -5148.14 -149.085 0.129886
-12.3682 33.468 323.553 -4624.78 -3357.55 -0.125407 12.2046 -32.5053 -323.553 -4646 -108.817 0.125407
-13.1489 29.35 323.24 -4050.11 -3615.26 -0.119737 12.7675 -28.3033 -323.24 -4051.37 -40.9416 0.119737
-13.6811 24.6212 323.155 -3396.94 -3842.34 -0.11286 13.161 -23.4712 -323.155 -3360.89 55.0782 0.11286
-13.9431 19.4476 323.077 -2694.38 -4030.83 -0.104793 13.3672 -18.1922 -323.077 -2594.51 176.819 0.104793
-14.0404 13.9749 322.837 -1968.62 -4186.99 -0.0955602 13.4454 -12.634 -322.837 -1770.11 307.419 0.0955602
-14.1641 8.22486 322.619 -1209 -4334.4 -0.0852025 13.5092 -6.83356 -322.619 -906.595 427.684 0.0852025
-14.4231 2.50909 322.381 -455.732 -4489.58 -0.0737568 13.6532 -1.1212 -322.381 -53.9461 525.522 0.0737568
-14.7117 -3.10415 321.703 290.674 -4639.5 -0.0612288 13.8799 4.42501 -321.703 767.778 602.448 0.0612288
-14.8821 -8.31656 320.559 988.775 -4768.23 -0.047599 14.1256 9.5071 -320.559 1516.26 672.207 0.047599
-14.9529 -12.9128 319.339 1598.06 -4880.58 -0.0328691 14.339 13.9108 -319.339 2171.67 744.206 0.0328691
-14.9182 -16.9044 318.274 2124.68 -4967.47 -0.0170911 14.3786 17.6567 -318.274 2732.34 830.019 0.0170911
-14.7751 -20.179 317.479 2557.58 -5028.75 -0.000349955 14.2454 20.6691 -317.479 3182.95 929.766 0.000349955
-14.5174 -22.7696 316.958 2900.52 -5063.89 0.0172593 13.9799 23.0207 -316.958 3534.52 1038.11 -0.0172593
-14.1945 -24.66 316.511 3150.71 -5078.11 0.0356415 13.6388 24.7066 -316.511 3786.9 1145.38 -0.0356415
-13.8901 -25.8652 315.941 3307 -5079.1 0.0547098 13.2861 25.7351 -315.941 3944.51 1238.5 -0.0547098
-13.6591 -26.4011 315.336 3371.43 -5073.97 0.0743927 12.9872 26.1302 -315.336 4010.91 1307.72 -0.0743927
-13.5401 -26.3024 314.874 3347.84 -5067.05 0.0946369 12.7636 25.9066 -314.874 3989.19 1348.9 -0.0946369
-13.5025 -25.6218 314.686 3240.92 -5059.55 0.115411 12.6424 25.0767 -314.686 3883.84 1363.7 -0.115411
-13.5082 -24.406 314.78 3055.98 -5048.89 0.136699 12.5874 23.6699 -314.78 3700.22 1360.01 -0.136699
-13.5186 -22.6979 315.043 2801.57 -5028.93 0.15849 12.5157 21.7484 -315.043 3444.58 1348.72 -0.15849
-13.458 -20.5397 315.453 2488.03 -4993.56 0.180761 12.3798 19.3995 -315.453 3124.74 1341.07 -0.180761
-13.2609 -17.9816 315.878 2124.1 -4942.07 0.203473 12.2195 16.7079 -315.878 2750.94 1339.9 -0.203473
-12.9483 -15.0627 316.358 1718.73 -4876.64 0.226569 12.0492 13.7256 -316.358 2327.04 1342.47 -0.226569
-12.5489 -11.9238 316.877 1291.35 -4793 0.249984 11.7947 10.5775 -316.877 1870.96 1350.89 -0.249984
-12.1516 -8.58903 317.539 839.31 -4699.48 0.273652 11.4608 7.26261 -317.539 1388.59 1360.35 -0.273652
-11.7417 -5.21719 318.181 385.278 -4592.22 0.29751 11.0533 3.93455 -318.181 901.156 1368.19 -0.29751
-11.2912 -1.8845 318.815 -57.4461 -4473.11 0.321497 10.6519 0.689393 -318.815 419.567 1369.11 -0.321497
-10.8338 1.27734 319.485 -466.633 -4349.35 0.345555 10.3172 -2.31007 -319.485 -37.043 1357.02 -0.345555
-10.4035 4.25837 320.021 -842.657 -4219.32 0.369621 9.99962 -5.04897 -320.021 -464.805 1332.52 -0.369621
-9.97417 7.05502 320.333 -1190.33 -4078.16 0.393631 9.63911 -7.54384 -320.333 -860.724 1302.85 -0.393631
-9.50343 9.60582 320.618 -1503.33 -3925.71 0.417517 9.24716 -9.77585 -320.618 -1219.83 1272.17 -0.417517
-8.98747 11.8862 320.994 -1779.39 -3761.53 0.441203 8.80549 -11.7536 -320.994 -1542.16 1243.15 -0.441203
-8.38016 13.8779 321.339 -2019.48 -3579.49 0.464587 8.27869 -13.4983 -321.339 -1827.15 1221.1 -0.464587
-7.67733 15.5881 321.557 -2228.32 -3381.64 0.487544 7.70346 -15.0355 -321.557 -2074.67 1203.52 -0.487544
-6.89651 16.9964 321.669 -2402.99 -3169.98 0.50993 7.11913 -16.3512 -321.669 -2282.83 1184.41 -0.50993
-6.06394 18.1088 321.752 -2543.55 -2944.93 0.531599 6.51059 -17.4371 -321.752 -2451.21 1162.64 -0.531599
-5.19168 18.925 321.82 -2648.78 -2704.59 0.552408 5.8527 -18.2687 -321.82 -2577.56 1138.14 -0.552408
-4.3223 19.4164 321.895 -2710.66 -2456.02 0.572217 5.1761 -18.7885 -321.895 -2657.8 1107.68 -0.572217
-3.4536 19.5898 321.938 -2727.19 -2195.34 0.590894 4.45854 -18.964 -321.938 -2690.31 1070.83 -0.590894
-2.61361 19.4454 321.854 -2696.55 -1926.74 0.608321 3.72186 -18.7672 -321.854 -2673.01 1024.77 -0.608321
-1.83137 19.0095 321.671 -2621.82 -1650.24 0.624389 2.95425 -18.205 -321.671 -2607.47 967.102 -0.624389
-1.15704 18.3288 321.721 -2512.04 -1372.55 0.638994 2.18225 -17.3355 -321.721 -2499.42 893.756 -0.638994
-0.560202 17.4092 321.877 -2369.92 -1098.52 0.65204 1.48231 -16.1994 -321.877 -2352.66 803.097 -0.65204
-0.00361108 16.3037 322.099 -2205.67 -821.971 0.663438 0.823702 -14.8696 -322.099 -2174.66 698.508 -0.663438
0.522327 15.0823 322.183 -2027.01 -539.113 0.673103 0.136231 -13.4158 -322.183 -1977.38 587.384 -0.673103
1.09165 13.7801 321.951 -1838.9 -252.461 0.680942 -0.544698 -11.873 -321.951 -1765.68 477.66 -0.680942
1.72024 12.4778 321.71 -1653.72 34.3856 0.686846 -1.23074 -10.3425 -321.71 -1552.76 376.788 -0.686846
2.39198 11.2474 321.697 -1484.63 326.456 0.690701 -2.0086 -8.93351 -321.697 -1350.94 289.639 -0.690701
3.08862 10.1416 321.711 -1335.15 615.515 0.692406 -2.80823 -7.6838 -321.711 -1169.4 212.047 -0.692406
3.82143 9.2174 321.658 -1209.47 900.741 0.691873 -3.55897 -6.6299 -321.658 -1017.09 136.484 -0.691873
4.55854 8.5143 321.704 -1116.89 1178.36 0.689026 -4.25518 -5.85715 -321.704 -902.268 61.4533 -0.689026
5.27478 8.02226 321.748 -1059.8 1450.07 0.683802 -4.91256 -5.41479 -321.748 -828.044 -16.0855 -0.683802
5.93225 7.73783 321.73 -1036.77 1713.58 0.676143 -5.53802 -5.31525 -321.73 -797.11 -98.1931 -0.676143
6.51432 7.65265 321.73 -1043.83 1972.12 0.665985 -6.1702 -5.51232 -321.73 -805.77 -185.003 -0.665985
7.03211 7.78505 321.838 -1081 2222.06 0.653253 -6.77277 -5.95212 -321.838 -849.002 -276.448 -0.653253
7.47332 8.10908 321.971 -1143.68 2456.83 0.637874 -7.2818 -6.56403 -321.971 -917.843 -376.648 -0.637874
7.8286 8.57494 322.043 -1222.61 2676.04 0.6198 -7.70438 -7.27222 -322.043 -1003.89 -485.557 -0.6198
8.13739 9.13736 322.116 -1311.58 2882.13 0.599029 -8.05895 -8.02278 -322.116 -1099.43 -597.478 -0.599029
8.45613 9.7655 322.191 -1407.65 3077.66 0.575596 -8.36992 -8.79712 -322.191 -1200.44 -703.624 -0.575596
8.79869 10.409 322.232 -1503.89 3263.14 0.549557 -8.64381 -9.54756 -322.232 -1300.07 -801.642 -0.549557
9.16511 11.0224 322.261 -1594.45 3437.43 0.520981 -8.9023 -10.2335 -322.261 -1392.1 -887.351 -0.520981
9.5503 11.5892 322.318 -1678.15 3604.78 0.489954 -9.1694 -10.8532 -322.318 -1475.12 -962.326 -0.489954
9.95189 12.0621 322.328 -1749.28 3760.61 0.456587 -9.38029 -11.3794 -322.328 -1544.37 -1031.43 -0.456587
10.3851 12.4099 322.285 -1804.7 3905.33 0.421026 -9.49935 -11.8054 -322.285 -1597.69 -1097.93 -0.421026
10.7964 12.6018 322.218 -1842.12 4041.03 0.383442 -9.6045 -12.121 -322.218 -1631.58 -1160.5 -0.383442
11.1412 12.6137 322.18 -1858.61 4170.64 0.344025 -9.7679 -12.3078 -322.18 -1643.01 -1218.15 -0.344025
11.4129 12.4202 322.154 -1849.86 4294.47 0.30298 -9.97413 -12.3292 -322.154 -1627.57 -1274.29 -0.30298
11.617 11.9887 322.087 -1811.66 4410.17 0.260524 -10.1651 -12.1514 -322.087 -1580.15 -1333.97 -0.260524
11.771 11.2959 321.967 -1738.46 4516.26 0.216884 -10.2823 -11.7222 -321.967 -1495.67 -1401.45 -0.216884
11.8436 10.3408 321.776 -1628.36 4611.55 0.172296 -10.3473 -11.013 -321.776 -1371.88 -1476.93 -0.172296
11.8323 9.09629 321.577 -1476.24 4698.63 0.127002 -10.4093 -9.9909 -321.577 -1205.49 -1556.43 -0.127002
11.804 7.57137 321.361 -1282.77 4780.21 0.081254 -10.4603 -8.65299 -321.361 -996.663 -1634.37 -0.081254
11.8009 5.79244 321.096 -1051.29 4857.18 0.0353067 -10.5075 -7.01263 -321.096 -747.651 -1704.74 -0.0353067
11.8727 3.75567 320.909 -778.116 4935.82 -0.0105819 -10.6082 -5.05764 -320.909 -459.904 -1758.77 0.0105819
12.0114 1.57306 320.785 -483.363 5016.33 -0.0561589 -10.7897 -2.90432 -320.785 -145.362 -1793.96 0.0561589
12.228 -0.75404 320.622 -167.19 5098.73 -0.101182 -11.0454 -0.565045 -320.622 194.192 -1809.69 0.101182
12.512 -3.14111 320.466 162.389 5179.16 -0.145419 -11.3178 1.88075 -320.466 543.738 -1811.7 0.145419
12.8299 -5.52569 320.081 494.646 5253.98 -0.188649 -11.5653 4.35651 -320.081 894.464 -1806.89 0.188649
13.1062 -7.84357 319.532 819.583 5318.55 -0.230646 -11.7759 6.7815 -319.532 1236 -1802.87 0.230646
13.3199 -10.01 318.899 1124.47 5371.3 -0.271188 -11.9462 9.04583 -318.899 1553.73 -1801.57 0.271188
13.4701 -11.9815 318.354 1401.71 5413.57 -0.310064 -12.0846 11.0967 -318.354 1841.73 -1803.17 0.310064
13.5724 -13.684 318.015 1641.67 5447.17 -0.347083 -12.1989 12.8747 -318.015 2090.85 -1806.26 0.347083
13.643 -15.0644 317.816 1838.5 5471.85 -0.382068 -12.2949 14.3436 -317.816 2294.42 -1807.46 0.382068
13.6867 -16.0619 317.572 1983.47 5488.34 -0.41485 -12.4066 15.4508 -317.572 2445.21 -1802.1 0.41485
13.7037 -16.632 317.242 2069.77 5496.82 -0.445275 -12.549 16.1529 -317.242 2537.68 -1788.2 0.445275
13.6806 -16.7652 316.848 2095.63 5494.75 -0.473208 -12.7104 16.4183 -316.848 2567.82 -1766.76 0.473208
13.6138 -16.4333 316.515 2057.63 5479.7 -0.498528 -12.855 16.2227 -316.515 2531.7 -1740.9 0.498528
13.4956 -15.6173 316.354 1954.81 5448.68 -0.521134 -12.9461 15.5697 -316.354 2428.08 -1713.86 0.521134
13.3161 -14.3029 316.424 1784.21 5400.25 -0.540941 -12.9762 14.4419 -316.424 2255.49 -1686.62 0.540941
13.0996 -12.5311 316.619 1548.97 5331.76 -0.557878 -12.9126 12.8377 -316.619 2016.31 -1657.75 0.557878
12.886 -10.3545 316.897 1254.19 5243.62 -0.571888 -12.7478 10.7674 -316.897 1714.3 -1623.09 0.571888
12.6708 -7.80609 317.162 904.871 5137.93 -0.582931 -12.5448 8.26779 -317.162 1354.27 -1576.58 0.582931
12.4827 -4.95209 317.519 512.686 5019.27 -0.590978 -12.3491 5.42162 -317.519 945.453 -1512.32 0.590978
12.374 -1.87798 318.138 91.1175 4891.83 -0.596024 -12.1718 2.31486 -318.138 498.48 -1425.62 0.596024
12.3329 1.3124 319.005 -344.974 4751.52 -0.598088 -11.9673 -0.956306 -319.005 26.5888 -1320.45 0.598088
12.3477 4.50075 320.073 -782.381 4602.09 -0.597207 -11.7276 -4.28174 -320.073 -451.33 -1203.32 0.597207
12.3189 7.58774 321.052 -1211.3 4440.61 -0.593417 -11.4522 -7.55339 -321.052 -915.94 -1085.36 0.593417
12.1534 10.4167 321.441 -1602.34 4259.55 -0.586752 -11.1048 -10.5742 -321.441 -1346.95 -977.197 0.586752
11.8335 12.9221 321.693 -1941.41 4060.96 -0.577262 -10.6531 -13.2128 -321.693 -1730.75 -887.911 0.577262
11.3256 15.0725 321.715 -2224.17 3842.98 -0.565017 -10.0729 -15.3952 -321.715 -2056.88 -823.727 0.565017
10.6385 16.8484 321.718 -2448.78 3609.17 -0.550104 -9.41524 -17.1054 -321.718 -2322.19 -779.775 0.550104
9.80519 18.2087 321.873 -2613.76 3363.75 -0.532621 -8.73007 -18.3365 -321.873 -2521.41 -748.633 0.532621
8.87744 19.1654 322.112 -2726.74 3105.17 -0.512676 -8.01744 -19.1517 -322.112 -2657.43 -721.478 0.512676
7.94138 19.6616 322.169 -2781.37 2837.42 -0.490376 -7.28587 -19.556 -322.169 -2729.37 -689.023 0.490376
7.05557 19.6937 321.972 -2777.4 2564.95 -0.46583 -6.54044 -19.5684 -321.972 -2739.61 -646.76 0.46583
6.269 19.3045 321.817 -2720.23 2297.38 -0.439159 -5.8318 -19.2052 -321.817 -2691.05 -590.333 0.439159
5.51734 18.4948 321.743 -2607.95 2032.69 -0.410502 -5.18467 -18.4474 -321.743 -2583.06 -523.268 0.410502
4.74945 17.2699 321.648 -2443.08 1761.32 -0.380019 -4.54426 -17.3203 -321.648 -2417.4 -450.875 0.380019
4.02849 15.631 321.552 -2228.96 1483.92 -0.347876 -3.83528 -15.8392 -321.552 -2193.08 -375.524 0.347876
3.36338 13.6644 321.543 -1980.82 1207.19 -0.314249 -3.07515 -14.0803 -321.543 -1917.69 -300.201 0.314249
2.67524 11.3456 321.331 -1690.95 928.2 -0.279321 -2.29901 -11.9937 -321.331 -1588.47 -228.114 0.279321
1.98137 8.73084 321.154 -1368.01 652.157 -0.243291 -1.53886 -9.60482 -321.154 -1208.25 -157.537 0.243291
1.27542 5.79662 321.023 -1000.67 371.766 -0.206365 -0.748634 -6.85948 -321.023 -777.442 -88.5286 0.206365
0.575731 2.68983 321.019 -611.942 94.044 -0.168752 0.0683721 -3.87144 -321.019 -309.672 -25.0589 0.168752
-0.112629 -0.569039 320.933 -197.068 -179.121 -0.130661 0.904701 -0.63602 -320.933 188.086 32.7527 0.130661
-0.795887 -3.91593 320.537 241.646 -444.457 -0.0922925 1.70219 2.78977 -320.537 701.111 88.9394 0.0922925
-1.47803 -7.24205 319.998 689.915 -702.172 -0.0538468 2.44501 6.27805 -319.998 1210.43 145.383 0.0538468
-2.14632 -10.4519 319.539 1132.67 -954.67 -0.0155355 3.21997 9.69385 -319.539 1698.74 194.091 0.0155355
-2.77375 -13.4063 319.078 1543.79 -1197.51 0.0224192 4.00541 12.8601 -319.078 2147.71 237.468 -0.0224192
-3.41725 -15.9958 318.458 1907.89 -1429.84 0.0598025 4.74056 15.6484 -318.458 2539.3 275.203 -0.0598025
-4.06101 -18.1181 317.84 2209.28 -1649.06 0.096417 5.41497 17.9555 -317.84 2860.35 308.406 -0.096417
-4.6369 -19.7245 317.232 2438.96 -1851.8 0.132084 6.08719 19.7198 -317.232 3104.34 335.045 -0.132084
-5.12782 -20.7621 316.697 2588.35 -2033.58 0.166647 6.72268 20.8809 -316.697 3263.9 357.9 -0.166647
-5.54642 -21.1962 316.269 2654.05 -2192.28 0.199981 7.27697 21.4137 -316.269 3334.09 379.313 -0.199981
-5.92232 -21.0106 315.991 2633.54 -2327.21 0.231991 7.70402 21.3104 -315.991 3313.97 400.925 -0.231991
-6.31064 -20.1959 315.869 2524.71 -2438.12 0.262591 7.97795 20.556 -315.869 3202.29 418.375 -0.262591
-6.69508 -18.7792 315.895 2330.42 -2528.25 0.291711 8.20438 19.1533 -315.895 3000.37 422.352 -0.291711
-7.07384 -16.7924 316.09 2055.18 -2600.76 0.319284 8.45208 17.136 -316.09 2712.94 406.618 -0.319284
-7.46818 -14.2651 316.551 1707.37 -2656.8 0.345257 8.71485 14.5689 -316.551 2344.87 370.191 -0.345257
-7.82605 -11.2825 317.144 1302.73 -2694.84 0.369581 8.99065 11.5703 -317.144 1909.01 319.147 -0.369581
-8.07982 -7.94461 317.835 858.418 -2706.51 0.392219 9.19944 8.25873 -317.835 1418.93 265.852 -0.392219
-8.24719 -4.31931 318.677 382.288 -2695.58 0.41314 9.29804 4.69036 -318.677 884.181 217.664 -0.41314
-8.28254 -0.508535 319.639 -113.876 -2659.44 0.432319 9.26186 0.944857 -319.639 318.512 181.813 -0.432319
-8.16327 3.31592 320.615 -606.36 -2595.25 0.44974 9.07131 -2.82782 -320.615 -256.596 161.411 -0.44974
-7.921 7.1229 321.457 -1099.35 -2505.43 0.465402 8.73709 -6.62073 -321.457 -831.591 152.913 -0.465402
-7.60815 10.7034 322.026 -1564.36 -2395.43 0.479295 8.31753 -10.2581 -322.026 -1380.9 146.244 -0.479295
-7.2683 14.0086 322.515 -2002.21 -2270.29 0.491405 7.87155 -13.7119 -322.515 -1892.9 132.014 -0.491405
-6.93421 17.0067 323.05 -2412.48 -2131.56 0.50172 7.43093 -16.9264 -323.05 -2355.69 102.7 -0.50172
-6.61187 19.5581 323.311 -2769.37 -1979.5 0.510254 6.9877 -19.7105 -323.311 -2748.6 58.8583 -0.510254
-6.30463 21.5993 323.434 -3055.9 -1815.55 0.517045 6.52567 -21.9595 -323.434 -3064.98 3.71688 -0.517045
-5.94117 23.0709 323.381 -3261.35 -1638.05 0.522154 6.03817 -23.5848 -323.381 -3294.74 -53.4507 -0.522154
-5.44547 23.967 323.214 -3385.56 -1443.01 0.525663 5.50487 -24.5622 -323.214 -3433.83 -103.11 -0.525663
-4.82854 24.2616 322.966 -3423.01 -1228.98 0.527662 4.87176 -24.8753 -322.966 -3481.78 -140.674 -0.527662
-4.12058 23.9431 322.671 -3374.78 -1001.19 0.528243 4.13758 -24.5419 -322.671 -3438.4 -164.985 -0.528243
-3.32273 23.0264 322.343 -3243.64 -761.515 0.527496 3.32176 -23.5934 -322.343 -3307.42 -177.069 -0.527496
-2.47656 21.5352 322.12 -3035.3 -514.504 0.525507 2.47231 -22.0691 -322.12 -3092 -184.959 -0.525507
-1.63258 19.5269 322.071 -2758.77 -265.328 0.522363 1.61276 -20.0312 -322.071 -2799.9 -193.888 -0.522363
-0.841332 17.1203 322.112 -2432.03 -16.2104 0.518154 0.740914 -17.5581 -322.112 -2440.89 -208.425 -0.518154
-0.148616 14.4048 322.108 -2065.53 227.079 0.512969 -0.112208 -14.6949 -322.108 -2023.4 -233.596 -0.512969
0.472823 11.431 321.751 -1663.48 462.178 0.506899 -0.940941 -11.5019 -321.751 -1558.83 -264.017 -0.506899
1.0649 8.3174 321.283 -1247.79 688.049 0.500032 -1.73741 -8.14773 -321.283 -1065.59 -293.885 -0.500032
1.65311 5.10642 321.018 -823.606 904.392 0.492456 -2.51235 -4.73306 -321.018 -558.678 -317.825 -0.492456
2.25232 1.91158 320.777 -407.485 1115.45 0.484248 -3.2953 -1.41349 -320.777 -59.3366 -333.86 -0.484248
2.87589 -1.22243 320.701 4.09609 1323.21 0.475477 -4.11387 1.78378 -320.701 418.791 -338.223 -0.475477
3.49954 -4.13251 320.465 393.491 1522.47 0.466207 -4.94243 4.7572 -320.465 856.169 -332.755 -0.466207
4.07176 -6.69414 319.82 742.858 1703.72 0.456489 -5.71855 7.4244 -319.82 1241.57 -323.936 -0.456489
4.57917 -8.8577 318.973 1043.56 1863.46 0.446358 -6.39901 9.71396 -318.973 1566.63 -316.253 -0.446358
5.01535 -10.5389 318.216 1278.3 1997.43 0.435838 -6.94506 11.5088 -318.216 1820.34 -311.776 -0.435838
5.37537 -11.7205 317.761 1443.95 2103.3 0.424959 -7.35725 12.7745 -317.761 1998.59 -308.782 -0.424959
5.66807 -12.3902 317.553 1536.68 2183.12 0.413757 -7.68218 13.4802 -317.553 2099.13 -301.56 -0.413757
5.90066 -12.5445 317.454 1555.5 2238.84 0.402273 -7.96866 13.6134 -317.454 2120.71 -284.19 -0.402273
6.10173 -12.1866 317.362 1501.66 2270.71 0.390547 -8.21127 13.1895 -317.362 2064.69 -253.677 -0.390547
6.27755 -11.3424 317.287 1379.2 2277.63 0.378614 -8.38781 12.241 -317.287 1935.22 -211.161 -0.378614
6.4157 -10.0479 317.339 1194.39 2257.39 0.366496 -8.47505 10.809 -317.339 1736.9 -159.429 -0.366496
6.49283 -8.36615 317.56 955.48 2208.7 0.354212 -8.44996 8.95593 -317.56 1479.08 -103.712 -0.354212
6.4663 -6.35362 317.997 671.796 2129.36 0.341776 -8.30923 6.7564 -317.997 1170.88 -48.246 -0.341776
6.3176 -4.09089 318.623 358.965 2020.41 0.329208 -8.06738 4.32821 -318.623 824.538 5.35214 -0.329208
6.06947 -1.655 319.37 27.8803 1887.03 0.316536 -7.73824 1.76917 -319.37 453.719 57.0486 -0.316536
5.73583 0.876435 319.95 -308.675 1727.23 0.303792 -7.27887 -0.831008 -319.95 69.1602 104.769 -0.303792
5.3421 3.39264 320.521 -634.019 1544.9 0.291015 -6.68235 -3.35219 -320.521 -313.388 147.21 -0.291015
4.89412 5.87388 321.074 -948.469 1344.21 0.278242 -6.00647 -5.77859 -321.074 -688.602 189.158 -0.278242
4.38622 8.26932 321.499 -1244.94 1128.91 0.265513 -5.29871 -8.04397 -321.499 -1047.12 232.75 -0.265513
3.81373 10.5881 321.921 -1528.3 897.661 0.252868 -4.54854 -10.1539 -321.921 -1386.13 277.204 -0.252868
3.19785 12.7693 322.276 -1792.91 652.945 0.240342 -3.74927 -12.0889 -322.276 -1699.99 322.08 -0.240342
2.50769 14.7962 322.639 -2041.5 394.767 0.22797 -2.89485 -13.8821 -322.639 -1988.23 362.199 -0.22797
1.70526 16.6188 322.975 -2268.6 123.057 0.215788 -2.02528 -15.5277 -322.975 -2248.52 397.93 -0.215788
0.773991 18.194 323.286 -2471.94 -158.148 0.203835 -1.16821 -17.0267 -323.286 -2477.22 426.796 -0.203835
-0.283838 19.5092 323.554 -2651.12 -449.188 0.19215 -0.288061 -18.3681 -323.554 -2671.36 444.468 -0.19215
-1.4254 20.536 323.779 -2799.6 -751.53 0.180769 0.68848 -19.4925 -323.779 -2825.19 448.133 -0.180769
-2.59977 21.2228 323.792 -2905.4 -1061.33 0.169729 1.77553 -20.3224 -323.792 -2932.53 439.119 -0.169729
-3.78904 21.551 323.643 -2963.06 -1372.19 0.159068 2.86854 -20.7956 -323.643 -2987.47 428.245 -0.159068
-5.00803 21.5271 323.566 -2972.49 -1682.39 0.148823 3.89916 -20.8751 -323.566 -2985.84 421.296 -0.148823
-6.22512 21.1034 323.541 -2924.26 -1994.92 0.139013 4.88785 -20.5053 -323.541 -2922.54 422.826 -0.139013
-7.35123 20.2746 323.409 -2818.24 -2304.32 0.129627 5.8865 -19.6923 -323.409 -2797.83 432.608 -0.129627
-8.37019 19.0569 323.153 -2658.04 -2608.32 0.120642 6.89763 -18.4581 -323.153 -2613.43 450.288 -0.120642
-9.31505 17.4784 323.052 -2448.39 -2909.02 0.112024 7.89043 -16.8266 -323.052 -2371.97 477.66 -0.112024
-10.2154 15.6222 322.988 -2204.54 -3203.73 0.103727 8.84771 -14.8863 -322.988 -2082.29 510.292 -0.103727
-11.0675 13.4981 322.812 -1926.19 -3492.79 0.0956938 9.79084 -12.6728 -322.812 -1751.05 546.077 -0.0956938
-11.8358 11.1457 322.531 -1619.61 -3770.92 0.0878628 10.7375 -10.2366 -322.531 -1384.68 582.251 -0.0878628
-12.5387 8.64179 322.353 -1290.6 -4042.2 0.0801723 11.7041 -7.64567 -322.353 -997.723 617.991 -0.0801723
-13.1723 6.05456 322.097 -945.387 -4303.98 0.0725629 12.6594 -4.95718 -322.097 -601.57 655.611 -0.0725629
-13.7756 3.52536 321.634 -607.838 -4548.38 0.0649814 13.4879 -2.32617 -321.634 -213.981 698.015 -0.0649814
-14.3998 1.06978 321.076 -278.362 -4772.92 0.0573751 14.1555 0.196804 -321.076 156.136 740.306 -0.0573751
-15.0365 -1.19825 320.487 24.3893 -4975.67 0.0496827 14.6961 2.47736 -320.487 492.555 776.993 -0.0496827
-15.6854 -3.23863 320.058 294.854 -5160.67 0.0418375 15.2052 4.4625 -320.058 787.749 798.713 -0.0418375
-16.3491 -4.94266 319.716 516.875 -5330.93 0.0337828 15.7442 6.06474 -319.716 1030.32 799.478 -0.0337828
-17.0127 -6.29524 319.389 691.554 -5488.34 0.0254845 16.3464 7.29907 -319.389 1219.15 778.643 -0.0254845
-17.6626 -7.25044 318.995 813.523 -5626.12 0.0169352 16.9127 8.15273 -318.995 1351.36 745.244 -0.0169352
-18.2899 -7.77807 318.638 881.044 -5741.61 0.00814867 17.3664 8.62888 -318.638 1424.89 708.583 -0.00814867
-18.8018 -7.86827 318.398 893.77 -5831.94 -0.000845774 17.7287 8.73579 -318.398 1439.85 675.914 0.000845774
-19.1778 -7.51674 318.322 850.341 -5897.2 -0.0100073 17.9987 8.45954 -318.322 1395.07 650.304 0.0100073
-19.4368 -6.75143 318.348 750.954 -5936.73 -0.0192876 18.1511 7.77356 -318.348 1290.52 631.945 0.0192876
-19.6184 -5.62944 318.448 597.371 -5953.77 -0.0286349 18.1989 6.65031 -318.448 1128.61 616.733 0.0286349
-19.7629 -4.21009 318.592 395.546 -5951.95 -0.0379967 18.1741 5.10963 -318.592 914.496 598.124 0.0379967
-19.8728 -2.52972 318.78 154.976 -5934.95 -0.0473185 18.1391 3.24476 -318.78 656.898 570.722 0.0473185
-19.9578 -0.665012 319.084 -107.443 -5905.19 -0.0565433 18.1166 1.20425 -319.084 370.562 532.333 0.0565433
-20.0453 1.32076 319.572 -380.852 -5864.8 -0.0656111 18.0896 -0.914957 -319.572 67.1413 483.646 0.0656111
-20.0809 3.35465 319.972 -657.442 -5809.72 -0.0744576 18.0413 -3.04342 -319.972 -241.162 430.613 0.0744576
-20.0514 5.35874 320.271 -929.309 -5739.55 -0.083014 17.9464 -5.12824 -320.271 -543.869 378.246 0.083014
-19.9311 7.2428 320.399 -1185.32 -5649.02 -0.0912119 17.7348 -7.09779 -320.399 -829.367 334.73 0.0912119
-19.7097 8.96524 320.556 -1421.24 -5539.87 -0.0989926 17.4143 -8.90761 -320.556 -1089.81 302.095 0.0989926
-19.3911 10.4489 320.785 -1626.79 -5416.01 -0.106312 17.0409 -10.4966 -320.785 -1316.04 275.889 0.106312
-19.0175 11.6154 321.033 -1789.75 -5280.81 -0.113135 16.6326 -11.8023 -321.033 -1500.47 250.993 0.113135
-18.6183 12.4493 321.18 -1907.31 -5136.34 -0.119427 16.194 -12.7815 -321.18 -1637.71 224.717 0.119427
-18.2306 12.9329 321.12 -1977.66 -4985.28 -0.125147 15.7295 -13.4096 -321.12 -1723.59 193.923 0.125147
-17.854 13.0275 320.924 -1998.35 -4827.79 -0.130244 15.2559 -13.6851 -320.924 -1754.9 156.449 0.130244
-17.46 12.6966 320.739 -1966.26 -4666.59 -0.134655 14.8202 -13.5957 -320.739 -1727.94 112.391 0.134655
-17.0453 11.9235 320.613 -1878.81 -4502.49 -0.138307 14.4017 -13.1158 -320.613 -1639.32 65.9407 0.138307
-16.6334 10.6984 320.487 -1733.45 -4333.2 -0.141121 13.9299 -12.2072 -320.487 -1484.87 21.4097 0.141121
-16.2125 9.01642 320.368 -1526.43 -4158.42 -0.14302 13.3855 -10.8306 -320.368 -1262.1 -17.1581 0.14302
-15.7423 6.91206 320.3 -1261.01 -3981.98 -0.143928 12.8396 -8.98941 -320.3 -973.071 -50.2419 0.143928
-15.1852 4.39287 320.137 -938.499 -3805.06 -0.143781 12.3355 -6.68554 -320.137 -617.842 -77.4805 0.143781
-14.5639 1.52188 319.8 -570.817 -3628.61 -0.142525 11.8445 -3.99525 -319.8 -204.037 -97.0729 0.142525
-13.898 -1.66791 319.469 -161.123 -3454.96 -0.140103 11.3552 -0.957346 -319.469 261.405 -107.853 0.140103
-13.2148 -5.16331 319.344 295.746 -3286.79 -0.136463 10.8448 2.42077 -319.344 770.414 -107.767 0.136463
-12.5258 -8.8015 319.308 776.007 -3122.8 -0.131553 10.2869 5.98189 -319.308 1301.82 -96.0372 0.131553
-11.8157 -12.5086 319.115 1269.03 -2959.98 -0.125338 9.69937 9.64629 -319.115 1844.68 -75.9835 0.125338
-11.0701 -16.2342 318.597 1771.09 -2794.73 -0.11781 9.09449 13.3567 -318.597 2387.56 -50.9296 0.11781
-10.3099 -19.8608 317.84 2266.35 -2627.82 -0.108986 8.49643 16.9717 -317.84 2909.91 -26.4502 0.108986
-9.60659 -23.2831 317.116 2734.45 -2466.04 -0.0989086 7.93254 20.3753 -317.116 3401.04 -9.62264 0.0989086
-8.97572 -26.4058 316.616 3163.88 -2312.04 -0.0876258 7.43504 23.4901 -316.616 3848.17 -4.51942 0.0876258
-8.35756 -29.1959 316.216 3550.71 -2159.65 -0.0751826 6.96282 26.3146 -316.216 4250.36 -3.15614 0.0751826
-7.74419 -31.5955 315.815 3887.13 -2003.92 -0.0616205 6.43735 28.7883 -315.815 4598.8 1.67597 0.0616205
-7.11764 -33.5668 315.226 4166 -1842.61 -0.0469949 5.83682 30.8425 -315.226 4885.63 13.3262 0.0469949
-6.43693 -35.0683 314.626 4380.88 -1676.4 -0.0313789 5.18241 32.4349 -314.626 5105.55 35.2389 0.0313789
-5.7352 -36.0484 314.061 4525.7 -1509.17 -0.0148539 4.50921 33.5426 -314.061 5254.13 61.7146 0.0148539
-5.02591 -36.4651 313.604 4595.18 -1346.31 0.00249413 3.88161 34.1505 -313.604 5328.62 87.1997 -0.00249413
-4.299 -36.2752 313.319 4586.09 -1190.01 0.0205749 3.34759 34.2442 -313.319 5324.2 108.566 -0.0205749
-3.58163 -35.4384 313.119 4493.99 -1037.02 0.0392978 2.8401 33.7944 -313.119 5235.47 128.15 -0.0392978
-2.89631 -33.9317 312.983 4313.1 -884.678 0.0585727 2.29972 32.7466 -312.983 5057.36 148.503 -0.0585727
-2.23428 -31.7303 312.931 4040.19 -735.021 0.0783061 1.7482 31.0492 -312.931 4782.35 169.821 -0.0783061
-1.55737 -28.7979 313.069 3669.05 -587.868 0.0984014 1.20464 28.6602 -313.069 4405.66 194.604 -0.0984014
-0.904226 -25.1171 313.523 3194.42 -444.609 0.118761 0.680212 25.5226 -313.523 3922.11 217.246 -0.118761
-0.296037 -20.7221 314.264 2618.38 -304.64 0.139288 0.141541 21.6034 -314.264 3329.79 238.854 -0.139288
0.227215 -15.6571 315.556 1954 -170.413 0.159883 -0.367414 16.9155 -315.556 2623.64 250.091 -0.159883
0.65997 -9.95928 317.086 1207.06 -44.9235 0.180448 -0.859551 11.4884 -317.086 1807.26 254.986 -0.180448
0.991338 -3.79108 318.682 400.571 70.7408 0.200886 -1.33439 5.47552 -318.682 902.025 253.027 -0.200886
1.30926 2.55619 320.887 -417.694 184.138 0.221099 -1.7758 -0.834311 -320.887 -58.3647 246.724 -0.221099
1.61381 8.92138 323.203 -1236.98 288.464 0.241003 -2.11848 -7.27216 -323.203 -1038.28 233.726 -0.241003
1.92706 15.2158 325.397 -2065.42 387.183 0.260531 -2.42673 -13.7249 -325.397 -2001.23 222.69 -0.260531
2.22801 21.2482 326.89 -2882.25 477.492 0.279619 -2.71508 -19.9596 -326.89 -2908.33 215.51 -0.279619
2.52451 26.9174 327.713 -3677.81 563.469 0.29818 -2.97088 -25.837 -327.713 -3735.43 207.434 -0.29818
2.79184 31.871 327.664 -4385.51 636.892 0.316102 -3.15397 -30.9861 -327.664 -4447.51 197.571 -0.316102
3.05669 36.0266 327.094 -4982.65 706.619 0.333284 -3.34859 -35.3115 -327.094 -5042.27 192.637 -0.333284
3.29095 39.362 326.406 -5460.35 767.654 0.34967 -3.54097 -38.7674 -326.406 -5518.98 191.749 -0.34967
3.5042 41.8026 326.09 -5807.67 819.797 0.365227 -3.72138 -41.2635 -326.09 -5865.45 195.083 -0.365227
3.69516 43.3496 325.983 -6025.25 862.707 0.379935 -3.84935 -42.8151 -325.983 -6083.36 197.125 -0.379935
3.8687 43.9637 325.719 -6109.49 895.532 0.393772 -3.90332 -43.412 -325.719 -6169.3 196.379 -0.393772
4.02241 43.645 325.103 -6060.41 919.196 0.406716 -3.89635 -43.0712 -325.103 -6125.68 193.424 -0.406716
4.11193 42.4047 324.22 -5882.58 934.956 0.418751 -3.88479 -41.8399 -324.22 -5956.12 188.688 -0.418751
4.13613 40.2777 323.312 -5583.08 944.232 0.429856 -3.87131 -39.7676 -323.312 -5665.42 180.972 -0.429856
4.13288 37.3182 322.643 -5167.06 947.454 0.440002 -3.81908 -36.872 -322.643 -5258.57 170 -0.440002
4.10112 33.6147 322.221 -4645.18 942.196 0.449153 -3.71604 -33.2032 -322.221 -4744.35 156.352 -0.449153
4.07263 29.2317 321.872 -4025.89 931.862 0.457275 -3.56025 -28.8149 -321.872 -4130.97 140.821 -0.457275
4.01714 24.2216 321.776 -3327.82 915.685 0.464342 -3.34722 -23.7606 -321.776 -3414.66 119.301 -0.464342
3.96925 18.8027 321.906 -2585.24 901.867 0.470342 -3.18041 -18.2654 -321.906 -2623.48 102.98 -0.470342
3.96935 13.2179 322.319 -1847.75 895.824 0.475267 -3.10065 -12.599 -322.319 -1779.83 97.8484 -0.475267
4.06571 7.48018 322.177 -1105.23 898.085 0.479092 -3.09013 -6.78882 -322.177 -899.535 107.657 -0.479092
4.21796 1.77352 321.874 -369.308 902.06 0.48176 -3.07287 -1.00461 -321.874 -20.6541 122.663 -0.48176
4.41227 -3.81055 321.441 365.518 919.713 0.483212 -3.109 4.6849 -321.441 828.748 137.402 -0.483212
4.52426 -9.04336 320.415 1071.79 934.362 0.483418 -3.10829 10.0387 -320.415 1610.14 138.431 -0.483418
4.60711 -13.6693 319.118 1700.7 955.592 0.482383 -3.08167 14.7849 -319.118 2298.25 125.165 -0.482383
4.61111 -17.5997 317.716 2239.51 976.144 0.480129 -3.0074 18.8093 -317.716 2877.29 94.8408 -0.480129
4.54406 -20.7598 316.739 2673.04 994.207 0.476657 -2.87698 22.0147 -316.739 3338.27 49.1709 -0.476657
4.44672 -23.1528 316.171 3000.72 1012.65 0.471946 -2.70567 24.4094 -316.171 3683.39 -6.84028 -0.471946
4.35797 -24.7129 315.808 3214.44 1038.4 0.465982 -2.57263 25.9483 -315.808 3905.17 -63.5456 -0.465982
4.3231 -25.4526 315.395 3313.2 1076.32 0.458785 -2.54347 26.6479 -315.395 4008.66 -110.223 -0.458785
4.34888 -25.3783 314.946 3297.26 1127.35 0.4504 -2.62428 26.5118 -314.946 3995.04 -146.017 -0.4504
4.3904 -24.5068 314.64 3170.72 1188.32 0.440858 -2.80016 25.5721 -314.64 3867.05 -176.161 -0.440858
4.42226 -22.8683 314.672 2939.45 1253.99 0.430183 -2.98953 23.8628 -314.672 3627.84 -210.428 -0.430183
4.4232 -20.5039 315.144 2612.49 1316.93 0.418403 -3.09644 21.4242 -315.144 3279.83 -257.864 -0.418403
4.38874 -17.4518 315.8 2192.29 1378.55 0.405555 -3.12578 18.297 -315.8 2831.68 -319.821 -0.405555
4.34328 -13.7591 316.606 1685.8 1438.99 0.391677 -3.10478 14.5191 -316.606 2288.36 -389.187 -0.391677
4.39591 -9.48484 317.574 1104.47 1507.05 0.376806 -3.09198 10.1659 -317.574 1657.34 -451.222 -0.376806
4.60167 -4.80962 318.651 475.239 1589.2 0.360984 -3.14766 5.4283 -318.651 963.851 -496.216 -0.360984
4.96522 0.101247 320.276 -175.648 1689.06 0.34425 -3.34086 0.44981 -320.276 225.05 -517.42 -0.34425
5.43387 5.03405 322.224 -819.119 1807.21 0.326637 -3.69805 -4.56045 -322.224 -528.752 -519.095 -0.326637
5.96822 9.90338 323.797 -1455.79 1938.87 0.308164 -4.14663 -9.51355 -323.797 -1272.43 -512.195 -0.308164
6.5692 14.6256 324.812 -2082.42 2083.5 0.288851 -4.59002 -14.3176 -324.812 -1984.53 -509.625 -0.288851
7.07725 19.1101 325.342 -2690.49 2223.41 0.268711 -4.9161 -18.8607 -325.342 -2645.11 -531.84 -0.268711
7.39274 23.1665 325.568 -3244.45 2356.93 0.247755 -5.14392 -22.9394 -325.568 -3234.38 -588.481 -0.247755
7.59367 26.7098 325.84 -3733.55 2491.84 0.226005 -5.30344 -26.4667 -325.84 -3738.92 -672.164 -0.226005
7.71879 29.6774 325.923 -4146.21 2623.3 0.203506 -5.38002 -29.3893 -325.923 -4154.04 -774.653 -0.203506
7.80133 32.0035 325.847 -4470.37 2756.97 0.180329 -5.50473 -31.6721 -325.847 -4477.58 -878.55 -0.180329
7.9067 33.6678 325.661 -4705.08 2901.49 0.156559 -5.77783 -33.3302 -325.661 -4709.78 -969.219 -0.156559
8.0822 34.6303 325.383 -4847.33 3055.95 0.132277 -6.17966 -34.3571 -325.383 -4847.12 -1041.88 -0.132277
8.33378 34.8675 325.031 -4893.89 3218.54 0.107558 -6.66993 -34.7429 -325.031 -4888.09 -1099.56 -0.107558
8.61601 34.358 324.636 -4840.16 3383.22 0.0824648 -7.18454 -34.4519 -324.636 -4829.3 -1151.62 -0.0824648
8.83495 33.086 324.142 -4682.53 3540.04 0.0570592 -7.66793 -33.4369 -324.142 -4665.51 -1209.09 -0.0570592
8.95253 31.0394 323.571 -4419.06 3682.38 0.0314064 -8.05241 -31.6639 -323.571 -4392.17 -1280.24 -0.0314064
9.01314 28.2271 323.041 -4052.3 3809.77 0.00558927 -8.28984 -29.1596 -323.041 -4011.74 -1365.11 -0.00558927
9.04103 24.6307 322.62 -3584.24 3921.07 -0.0202881 -8.39657 -25.902 -322.62 -3516.58 -1456.86 0.0202881
9.06348 20.2911 322.209 -3017.79 4022.89 -0.046108 -8.51635 -21.8899 -322.209 -2909.33 -1538.1 0.046108
9.11168 15.3276 321.831 -2371.27 4116.16 -0.07175 -8.71164 -17.2169 -321.831 -2201.61 -1596.62 0.07175
9.3066 9.74447 321.549 -1638.7 4215.79 -0.0971032 -9.04872 -11.8795 -321.549 -1399.54 -1621.04 0.0971032
9.70558 3.55938 321.684 -814.68 4327.91 -0.122073 -9.55047 -5.87519 -321.684 -510.645 -1606.2 0.122073
10.3467 -2.9525 322.557 57.0418 4466.99 -0.146586 -10.3324 0.543929 -322.557 434.736 -1545.02 0.146586
10.87 -9.57115 322.481 960.593 4581.64 -0.170585 -11.0944 7.14743 -322.481 1389.2 -1478.88 0.170585
11.0987 -15.9718 321.086 1845.54 4651.32 -0.194007 -11.5803 13.583 -321.086 2308.05 -1448.08 0.194007
10.9244 -21.9647 319.358 2675.56 4670.39 -0.216756 -11.6452 19.6438 -319.358 3171.9 -1482.5 0.216756
10.3903 -27.3803 317.689 3433.32 4637.98 -0.238689 -11.328 25.163 -317.689 3950.81 -1569.73 0.238689
9.62787 -32.1547 316.261 4107.92 4562.96 -0.259653 -10.7144 30.0874 -316.261 4639.2 -1688.11 0.259653
8.85873 -36.1688 315.354 4682.75 4467.76 -0.279524 -10.0212 34.2946 -315.354 5219.74 -1798.51 0.279524
8.2477 -39.394 314.519 5149.24 4365.59 -0.298214 -9.42322 37.7522 -314.519 5692.42 -1866.44 0.298214
7.94265 -41.7248 313.433 5491.42 4266.79 -0.315652 -9.00481 40.3618 -313.433 6044.52 -1869.66 0.315652
7.96632 -43.0936 312.181 5700 4174.02 -0.331777 -8.79944 42.0491 -312.181 6265.41 -1802.94 0.331777
8.20624 -43.465 311.081 5768.37 4083.91 -0.346538 -8.79824 42.7482 -311.081 6347.43 -1679.9 0.346538
8.54578 -42.8391 310.361 5692.49 3989.47 -0.359894 -8.90003 42.4176 -310.361 6288.85 -1524.13 0.359894
8.84067 -41.1955 310.082 5469.56 3877.55 -0.371809 -8.93379 41.0137 -310.082 6083.46 -1366.73 0.371809
8.92811 -38.5242 310.25 5099.8 3735.2 -0.382239 -8.77944 38.5398 -310.25 5730.15 -1234.49 0.382239
8.73301 -34.839 310.692 4589.57 3559.64 -0.391126 -8.36899 35.0405 -310.692 5230.71 -1144.73 0.391126
8.33172 -30.169 311.432 3945.37 3355.23 -0.398392 -7.69611 30.5612 -311.432 4589.14 -1091.94 0.398392
7.80828 -24.5911 312.61 3178.58 3137.43 -0.403949 -6.93229 25.1469 -312.61 3811.2 -1055.71 0.403949
7.25455 -18.2135 314.145 2302.41 2924.49 -0.407722 -6.26005 18.8569 -314.145 2907.24 -1015.74 0.407722
6.8104 -11.1812 315.961 1337.93 2722 -0.409653 -5.72261 11.8173 -315.961 1894.28 -951.923 0.409653
6.63454 -3.68697 318.601 325.698 2542.65 -0.409708 -5.42261 4.25526 -318.601 790.779 -840.219 0.409708
6.67583 3.87903 322.041 -671.082 2387.89 -0.407874 -5.37713 -3.3892 -322.041 -349.888 -686.873 0.407874
6.7411 11.23 325.31 -1632.82 2244.17 -0.404135 -5.38864 -10.7932 -325.31 -1461.65 -533.231 0.404135
6.6821 18.3129 327.399 -2573.51 2094.22 -0.398447 -5.25492 -17.8907 -327.399 -2513.77 -411.247 0.398447
6.32629 24.8265 328.044 -3453.07 1921.84 -0.390753 -4.82234 -24.3931 -328.044 -3463.39 -350.502 0.390753
5.57463 30.6305 327.725 -4253.51 1708.25 -0.381023 -3.97726 -30.1831 -327.725 -4292.33 -362.053 0.381023
4.67259 35.5551 326.993 -4944.07 1480.84 -0.369254 -2.94347 -35.1101 -326.993 -4986.27 -407.372 0.369254
3.79471 39.6111 326.547 -5516.06 1261.41 -0.355449 -1.97431 -39.204 -326.547 -5559.65 -448.159 0.355449
3.19565 42.6778 326.521 -5951.47 1076.21 -0.339607 -1.32231 -42.3449 -326.521 -5996.67 -439.422 0.339607
2.95255 44.7526 326.565 -6249.37 927.256 -0.321726 -1.01954 -44.5009 -326.565 -6293.37 -367.851 0.321726
3.01927 45.8042 326.194 -6401.14 814.979 -0.301824 -1.06478 -45.6235 -326.194 -6447.17 -240.523 0.301824
3.21296 45.815 325.344 -6403.68 726.574 -0.279953 -1.33455 -45.6987 -325.344 -6456.69 -87.6476 0.279953
3.35207 44.8071 324.245 -6259.87 645.049 -0.256198 -1.62188 -44.7424 -324.245 -6324.4 53.2024 0.256198
3.28665 42.8193 323.275 -5975.71 556.545 -0.230667 -1.73904 -42.7824 -323.275 -6053.7 148.461 0.230667
2.92788 39.8762 322.516 -5556.83 449.599 -0.203466 -1.57308 -39.8441 -322.516 -5645.98 181.253 0.203466
2.31837 35.9985 322.07 -5005.79 326.694 -0.174684 -1.16123 -35.9605 -322.07 -5106.26 160.295 0.174684
1.60139 31.2851 321.677 -4340.36 203.981 -0.144408 -0.656178 -31.2519 -321.677 -4447.56 110.995 0.144408
0.904227 25.7303 321.299 -3564.8 88.1815 -0.112744 -0.167004 -25.739 -321.299 -3667.74 59.8235 0.112744
0.4039 19.505 321.482 -2720.18 -5.93412 -0.0798273 0.190044 -19.6083 -321.482 -2775.97 33.1823 0.0798273
0.190499 12.9145 322.311 -1862.2 -79.2433 -0.045819 0.382634 -13.1606 -322.311 -1801.68 49.1361 0.045819
0.302469 5.92527 322.761 -972.574 -125.685 -0.0109006 0.314729 -6.33533 -322.761 -749.961 120.513 0.0109006
0.627014 -1.21285 322.689 -69.771 -153.199 0.0247181 0.0564603 0.640793 -322.689 330.702 229.567 -0.0247181
1.04476 -8.5113 321.91 882.387 -171.971 0.0608061 -0.219508 7.79823 -321.91 1409.96 345.481 -0.0608061
1.40409 -15.4946 320.686 1811.65 -195.355 0.0971417 -0.367693 14.6673 -320.686 2427.31 439.888 -0.0971417
1.58976 -21.9702 319.102 2688.06 -228.137 0.133527 -0.338953 21.0385 -319.102 3356.21 494.495 -0.133527
1.57313 -27.8118 317.897 3489.77 -268.595 0.169773 -0.137426 26.7658 -317.897 4180.26 504.138 -0.169773
1.44084 -32.8981 316.89 4188.04 -310.612 0.205697 0.145269 31.7337 -316.89 4894.93 487.738 -0.205697
1.29904 -37.1797 315.942 4775.92 -344.856 0.241129 0.392475 35.8891 -315.942 5492.75 467.261 -0.241129
1.2382 -40.6492 314.816 5253.39 -363.732 0.275924 0.542839 39.238 -314.816 5973.49 456.436 -0.275924
1.32124 -43.2507 313.662 5614.86 -361.873 0.309944 0.567371 41.7706 -313.662 6333.51 462.803 -0.309944
1.53456 -44.9455 312.704 5855.86 -337.756 0.343048 0.437663 43.4743 -312.704 6570.11 486.919 -0.343048
1.81023 -45.7439 311.932 5973.15 -295.705 0.375096 0.174833 44.3471 -311.932 6687.66 520.604 -0.375096
2.1091 -45.6227 311.341 5963.89 -242.435 0.405949 -0.116279 44.3692 -311.341 6682.97 550.348 -0.405949
2.38979 -44.5672 310.911 5826.49 -183.457 0.43546 -0.342319 43.5368 -310.911 6555.03 562.746 -0.43546
2.59759 -42.5927 310.679 5561.42 -122.416 0.46348 -0.47469 41.8393 -310.679 6304.04 549.739 -0.46348
2.70805 -39.7205 310.731 5170.82 -59.7754 0.489882 -0.526745 39.2397 -310.731 5925.64 510.235 -0.489882
2.71629 -35.9834 311.088 4660.35 5.19674 0.514568 -0.530224 35.7429 -311.088 5419.49 447.28 -0.514568
2.69266 -31.4063 311.719 4037.38 78.3176 0.537457 -0.53501 31.3996 -311.719 4788.83 371.941 -0.537457
2.68674 -25.9428 313.04 3295.51 166.73 0.558466 -0.61056 26.1869 -313.04 4030.4 293.788 -0.558466
2.67405 -19.7017 314.745 2453.24 264.983 0.577504 -0.747922 20.2027 -314.745 3154.69 213.582 -0.577504
2.74313 -12.7773 316.813 1531.46 377.542 0.594476 -0.98798 13.506 -316.813 2162.37 145.03 -0.594476
2.91964 -5.35276 318.626 556.345 507.316 0.609279 -1.39319 6.24908 -318.626 1074.41 97.5859 -0.609279
3.16372 2.21086 321.232 -418.697 653.266 0.621798 -1.91932 -1.19052 -321.232 -58.8871 60.4738 -0.621798
3.44855 9.69032 324.407 -1374.37 813.107 0.631924 -2.48112 -8.56359 -324.407 -1190.44 20.2281 -0.631924
3.69674 16.9983 327.186 -2321.53 970.289 0.639581 -2.98523 -15.7664 -327.186 -2282.52 -30.5879 -0.639581
3.95056 24.1208 329.03 -3281.44 1131.56 0.644725 -3.39453 -22.7827 -329.03 -3309.57 -98.0144 -0.644725
4.09829 30.6555 329.352 -4185 1277.67 0.647305 -3.61368 -29.2256 -329.352 -4229.8 -191.909 -0.647305
4.11234 36.3818 328.623 -4987.69 1404.65 0.647267 -3.68477 -34.8878 -328.623 -5027.63 -306.244 -0.647267
4.13394 41.373 327.901 -5691.25 1528.61 0.644601 -3.73874 -39.8526 -327.901 -5723.25 -418.932 -0.644601
4.24375 45.5004 327.865 -6277.78 1656.7 0.639341 -3.84768 -44.0004 -327.865 -6299.74 -515.652 -0.639341
4.4749 48.7597 328.183 -6749.02 1790.79 0.631526 -4.03571 -47.3413 -328.183 -6756.13 -590.238 -0.631526
4.81785 51.1034 328.309 -7093.59 1930.6 0.621168 -4.33462 -49.8196 -328.309 -7089.27 -639.297 -0.621168
5.18734 52.4814 327.827 -7301.34 2070.83 0.608273 -4.74064 -51.3479 -327.827 -7289.97 -670.028 -0.608273
5.52149 52.8931 326.844 -7369.72 2204.66 0.592865 -5.17664 -51.9086 -326.844 -7358.23 -695.144 -0.592865
5.75416 52.3349 325.712 -7298.51 2325.55 0.574986 -5.56009 -51.4954 -325.712 -7292.86 -728.989 -0.574986
5.82653 50.8212 324.722 -7089.58 2427.81 0.554694 -5.83854 -50.1103 -324.722 -7094.33 -781.498 -0.554694
5.70358 48.3834 323.957 -6746.85 2508.45 0.532061 -5.97962 -47.7618 -323.957 -6764.36 -859.139 -0.532061
5.40675 45.0496 323.391 -6275.85 2566.04 0.507192 -5.9723 -44.469 -323.391 -6304 -959.029 -0.507192
5.0182 40.8567 322.969 -5683.63 2601.59 0.480222 -5.82178 -40.3007 -322.969 -5721.12 -1069.92 -0.480222
4.62305 35.8472 322.396 -4980.31 2618.98 0.451308 -5.57897 -35.3435 -322.396 -5023.73 -1176.6 -0.451308
4.29419 30.1117 321.846 -4187.07 2622.21 0.420614 -5.31749 -29.7042 -321.846 -4218.39 -1262.49 -0.420614
4.0685 23.7708 321.456 -3322.04 2618.7 0.388304 -5.17287 -23.4838 -321.456 -3318.14 -1310.8 -0.388304
4.04341 16.9514 321.533 -2401.68 2623.54 0.354538 -5.24317 -16.7713 -321.533 -2336.87 -1309.17 -0.354538
4.27895 9.98139 322.24 -1483.72 2636.51 0.319468 -5.50169 -9.89488 -322.24 -1308.99 -1252.69 -0.319468
4.75641 2.8269 322.838 -553.66 2657.21 0.283229 -5.90501 -2.84539 -322.838 -242.987 -1149.73 -0.283229
5.29481 -4.41843 323.056 397.812 2677.5 0.245944 -6.36026 4.28362 -323.056 825.487 -1030.61 -0.245944
5.57473 -11.3318 322.115 1324 2666.64 0.207756 -6.59364 11.0926 -322.115 1827.63 -947.913 -0.207756
5.42999 -17.6624 320.066 2179.84 2606.62 0.168849 -6.4452 17.3286 -320.066 2737.71 -929.409 -0.168849
4.89292 -23.2363 317.844 2937.25 2500.75 0.129443 -5.90551 22.8177 -317.844 3534.96 -975.167 -0.129443
4.09853 -28.0393 316.329 3590.76 2364.61 0.089768 -5.05732 27.5431 -316.329 4220.49 -1070.16 -0.089768
3.20665 -32.0464 315.596 4139.33 2210.68 0.0500655 -4.10965 31.4723 -315.596 4787.23 -1175.03 -0.0500655
2.41267 -35.2546 315.288 4580.72 2055.9 0.0105903 -3.29292 34.6094 -315.288 5237.58 -1246.97 -0.0105903
1.87585 -37.6005 314.739 4902.76 1911.9 -0.0284031 -2.72237 36.8934 -314.739 5566.19 -1259.04 0.0284031
1.63358 -39.034 313.616 5095.53 1785.67 -0.0666836 -2.44573 38.2851 -313.616 5770.42 -1206.3 0.0666836
1.61622 -39.5459 312.379 5161.1 1671.19 -0.104043 -2.38882 38.798 -312.379 5848.83 -1102.89 0.104043
1.74167 -39.1423 311.493 5099.96 1560.35 -0.140279 -2.39124 38.4311 -311.493 5801.65 -974.749 0.140279
1.86249 -37.8437 311.243 4914.9 1443.87 -0.175184 -2.34128 37.1869 -311.243 5629.34 -848.994 0.175184
1.8142 -35.6508 311.553 4606.79 1309.65 -0.208546 -2.14484 35.0675 -311.553 5331.42 -749.838 0.208546
1.56644 -32.5816 312.293 4181.4 1157.38 -0.240142 -1.74469 32.0869 -312.293 4906.62 -689.26 0.240142
1.17046 -28.6609 313.122 3642.81 991.673 -0.26974 -1.16053 28.2837 -313.122 4359.76 -661.91 0.26974
0.646073 -23.9314 313.878 2996.46 815.014 -0.297107 -0.476923 23.716 -313.878 3699.58 -655.606 0.297107
0.0818013 -18.4715 314.761 2259.49 638.44 -0.322017 0.144267 18.4562 -314.761 2930.16 -646.214 0.322017
-0.356531 -12.4167 316.284 1451.35 475.957 -0.344262 0.566124 12.6171 -316.284 2066.91 -605.226 0.344262
-0.553472 -5.89859 318.054 596.834 340.507 -0.363673 0.688711 6.30937 -318.054 1119.09 -515.344 0.363673
-0.602261 0.791356 320.748 -264.831 222.944 -0.38013 0.635317 -0.197953 -320.748 126.208 -397.831 0.38013
-0.675597 7.36456 323.404 -1096.79 106.416 -0.393537 0.59069 -6.63696 -323.404 -870.447 -286.031 0.393537
-0.882422 13.8638 325.484 -1934.01 -21.2503 -0.403785 0.682048 -13.037 -325.484 -1845.97 -200.93 0.403785
-1.28122 20.0626 326.523 -2751.21 -168.983 -0.410766 1.01981 -19.1661 -326.523 -2761.24 -157.312 0.410766
-1.85758 25.91 327.279 -3550.94 -334.619 -0.41442 1.56969 -24.9774 -327.279 -3599.94 -150.503 0.41442
-2.44067 31.0854 327.431 -4270.77 -496.097 -0.414756 2.1426 -30.1447 -327.431 -4333.6 -152.015 0.414756
-2.95478 35.4792 327.174 -4890.72 -650.928 -0.411816 2.65318 -34.5547 -327.174 -4950.92 -141.712 0.411816
-3.2864 39.0845 326.9 -5401.66 -790.161 -0.405651 2.97965 -38.2102 -326.9 -5460.38 -95.5103 0.405651
-3.36869 41.7946 326.584 -5790.98 -904.867 -0.396327 3.05286 -41.0184 -326.584 -5846.61 -3.24155 0.396327
-3.28095 43.5634 326.362 -6052.27 -1000.6 -0.383947 2.92406 -42.9413 -326.362 -6104.14 122.313 0.383947
-3.1308 44.3569 326.011 -6178.34 -1087.6 -0.368651 2.70633 -43.9308 -326.011 -6228.66 260.409 0.368651
-3.02332 44.1684 325.37 -6164.77 -1178.02 -0.350607 2.54044 -43.9428 -325.37 -6217.39 388.652 0.350607
-3.0416 43.001 324.447 -6009.74 -1279.04 -0.329998 2.51906 -42.9504 -324.447 -6068.85 489.563 0.329998
-3.20641 40.8464 323.47 -5714.02 -1392.56 -0.30702 2.68053 -40.966 -323.47 -5782.84 556.724 0.30702
-3.50522 37.6988 322.684 -5282.72 -1516.13 -0.281868 2.99637 -38.0215 -322.684 -5357.96 593.441 0.281868
-3.84577 33.6353 322.189 -4727 -1639.89 -0.254738 3.37587 -34.1702 -322.189 -4801.33 615.529 0.254738
-4.12978 28.7157 321.848 -4048.02 -1755.35 -0.225835 3.72427 -29.4098 -321.848 -4119.9 641.635 0.225835
-4.30436 22.9966 321.733 -3263.69 -1858.87 -0.195373 4.00618 -23.7722 -321.733 -3308.25 680.492 0.195373
-4.37364 16.5862 322.123 -2399.46 -1949.83 -0.163581 4.22045 -17.3943 -322.123 -2375.34 731.08 0.163581
-4.4576 9.6981 322.747 -1502.72 -2040.05 -0.130693 4.42412 -10.5473 -322.747 -1341.88 780.361 0.130693
-4.55451 2.39546 322.916 -565.917 -2128.84 -0.0969449 4.60339 -3.32953 -322.916 -238.168 829.865 0.0969449
-4.71912 -5.11284 322.751 405.127 -2226.21 -0.0625566 4.84376 4.04212 -322.751 881.81 869.914 0.0625566
-4.94192 -12.5941 322.055 1392.98 -2324.51 -0.0277224 5.1195 11.3427 -322.055 1971.17 897.811 0.0277224
-5.23039 -19.7639 320.609 2358.26 -2417.08 0.00738398 5.40097 18.3079 -320.609 2992.21 910.018 -0.00738398
-5.62007 -26.2597 318.887 3242.47 -2508.7 0.0425781 5.67687 24.5958 -318.887 3904.49 907.897 -0.0425781
-6.06629 -32.112 317.332 4043.19 -2595.49 0.077642 5.91982 30.2493 -317.332 4720.68 897.672 -0.077642
-6.46224 -37.3049 316.403 4759.37 -2678.57 0.112344 6.17139 35.2651 -316.403 5439.17 889.583 -0.112344
-6.8029 -41.737 315.787 5376.42 -2756.34 0.146476 6.43838 39.5568 -315.787 6048.14 881.799 -0.146476
-7.10585 -45.4033 314.982 5891.13 -2821.74 0.17985 6.6171 43.1286 -314.982 6550.64 879.357 -0.17985
-7.3883 -48.2476 313.74 6291.42 -2878 0.212293 6.76333 45.9164 -313.74 6941.85 875.272 -0.212293
-7.65835 -50.2496 312.351 6573.02 -2931.39 0.243649 6.94993 47.894 -312.351 7219.49 864.414 -0.243649
-7.95009 -51.4206 311.158 6736.79 -2984.32 0.27378 7.17984 49.0573 -311.158 7383.74 843.98 -0.27378
-8.26081 -51.7497 310.404 6781.93 -3037.14 0.302561 7.45265 49.3956 -310.404 7432.37 814.742 -0.302561
-8.55691 -51.219 310.063 6707.82 -3087.89 0.329871 7.76782 48.9226 -310.063 7365.4 779.527 -0.329871
-8.78371 -49.8227 309.949 6513.3 -3133.15 0.355602 8.11765 47.6292 -309.949 7181.91 743.701 -0.355602
-8.93161 -47.5824 309.849 6200.13 -3167.35 0.37966 8.42889 45.5196 -309.849 6883.72 713.353 -0.37966
-9.00238 -44.5424 309.881 5775.56 -3183.41 0.401957 8.59842 42.6338 -309.881 6475.49 695.612 -0.401957
-9.03367 -40.7524 310.148 5246.13 -3183.03 0.422402 8.62948 39.0034 -310.148 5962.07 686.448 -0.422402
-9.04233 -36.2633 310.876 4620.77 -3171.79 0.440907 8.6085 34.6534 -310.876 5345.22 676.919 -0.440907
-9.07967 -31.1168 312.188 3904.98 -3159.39 0.457405 8.68755 29.6165 -312.188 4629.92 648.164 -0.457405
-9.14251 -25.3877 313.48 3110.47 -3142.08 0.471862 8.83879 23.979 -313.48 3827.1 600.837 -0.471862
-9.33807 -19.12 315.085 2252.43 -3131.13 0.484277 9.12417 17.8028 -315.085 2936.45 522.423 -0.484277
-9.52429 -12.4135 316.86 1348.6 -3106.57 0.494686 9.40083 11.2021 -316.86 1970.32 432.997 -0.494686
-9.63019 -5.56785 318.902 444.522 -3068.42 0.503133 9.60401 4.48718 -318.902 968.837 351.62 -0.503133
-9.63128 1.22072 321.218 -435.09 -3022.97 0.509641 9.71346 -2.15994 -321.218 -39.5829 290.88 -0.509641
-9.4186 7.74447 323.101 -1273.66 -2951.55 0.514221 9.6253 -8.52239 -323.101 -1011.86 262.036 -0.514221
-9.02024 13.86 324.248 -2059.85 -2857.56 0.516908 9.38085 -14.4369 -324.248 -1916.24 258.758 -0.516908
-8.48064 19.5063 324.721 -2796.33 -2735.22 0.517757 8.97676 -19.8331 -324.721 -2731.58 269.485 -0.517757
-7.91895 24.5615 325.089 -3463.3 -2593.78 0.516812 8.52257 -24.6018 -325.089 -3445.18 271.335 -0.516812
-7.37931 28.9019 325.385 -4037.76 -2439.78 0.514096 8.10086 -28.6561 -325.385 -4050.48 253.046 -0.514096
-6.88214 32.5553 325.741 -4527.62 -2266.73 0.509656 7.67105 -32.0441 -325.741 -4550.2 210.943 -0.509656
-6.45908 35.4611 325.668 -4914.16 -2079.59 0.503572 7.23679 -34.7101 -325.668 -4946.71 145.069 -0.503572
-6.08485 37.5959 325.385 -5191.85 -1883.3 0.495941 6.83391 -36.6286 -325.385 -5238.67 58.8575 -0.495941
-5.66414 38.9875 325.008 -5366.73 -1668.24 0.486856 6.41562 -37.8177 -325.008 -5426.47 -37.3594 -0.486856
-5.17327 39.635 324.671 -5438.69 -1432.91 0.476399 5.91372 -38.2647 -324.671 -5508.32 -132.2 -0.476399
-4.655 39.5793 324.476 -5413.45 -1181.71 0.464647 5.27758 -38.0044 -324.476 -5489.13 -220.16 -0.464647
-4.05512 38.8248 324.203 -5290.13 -911.802 0.451665 4.50951 -37.0471 -324.203 -5371.88 -296.783 -0.451665
-3.37293 37.4092 323.799 -5075.89 -630.236 0.437509 3.68392 -35.453 -323.799 -5163.14 -365.385 -0.437509
-2.68949 35.4047 323.576 -4782.35 -345.648 0.422226 2.83527 -33.3176 -323.576 -4874.87 -433.567 -0.422226
-2.05184 32.8671 323.287 -4419.62 -61.1868 0.405862 1.98987 -30.7122 -323.287 -4514.8 -508.488 -0.405862
-1.45564 29.8362 323.06 -3993.35 222.46 0.388474 1.18189 -27.667 -323.06 -4087.18 -593.662 -0.388474
-0.856865 26.4395 322.929 -3522.83 500.975 0.370129 0.438315 -24.2802 -322.929 -3604.41 -682.392 -0.370129
-0.244647 22.7887 322.967 -3024.2 770.785 0.350891 -0.241176 -20.6451 -322.967 -3079.14 -769.538 -0.350891
0.401303 19.0133 322.808 -2519.88 1036.31 0.330814 -0.959643 -16.8939 -322.808 -2525.73 -842.215 -0.330814
1.14353 15.2461 322.614 -2026.57 1302.43 0.309934 -1.75747 -13.1548 -322.614 -1964.16 -890.845 -0.309934
1.99748 11.5214 322.221 -1545.42 1567.5 0.288285 -2.64295 -9.45807 -322.221 -1402.36 -910.472 -0.288285
2.91637 7.91934 322.033 -1083.94 1832.87 0.265908 -3.61083 -5.89287 -322.033 -856.613 -909.761 -0.265908
3.84417 4.48034 321.765 -642.946 2095.54 0.242845 -4.60095 -2.50945 -321.765 -338.864 -902.043 -0.242845
4.63383 1.311 321.361 -237.006 2336 0.219136 -5.45121 0.567714 -321.361 132.999 -911.213 -0.219136
5.24357 -1.53926 320.881 131.638 2550.3 0.194833 -6.10617 3.29421 -320.881 548.019 -946.989 -0.194833
5.68196 -3.9298 320.224 443.411 2737.44 0.170021 -6.58767 5.54702 -320.224 888.744 -1004.11 -0.170021
6.00288 -5.83808 319.494 691.722 2900.26 0.144798 -6.92912 7.30935 -319.494 1156.23 -1073.16 -0.144798
6.27662 -7.20747 318.956 868.474 3045.21 0.119267 -7.19652 8.53395 -318.956 1343.99 -1141.43 -0.119267
6.56925 -8.04077 318.697 973.86 3179.94 0.0935227 -7.47802 9.22755 -318.697 1453.16 -1194.93 -0.0935227
6.91226 -8.3528 318.6 1007.27 3303.6 0.0676639 -7.78973 9.38696 -318.6 1486 -1226.13 -0.0676639
7.31422 -8.17304 318.521 971.345 3416.21 0.0417997 -8.13934 9.02534 -318.521 1445.84 -1232.74 -0.0417997
7.73352 -7.53509 318.466 870.278 3516.51 0.0160549 -8.53437 8.17995 -318.466 1338.46 -1218.32 -0.0160549
8.15503 -6.48558 318.488 712.391 3600.81 -0.00943357 -8.90362 6.91453 -318.488 1171.04 -1191.28 0.00943357
8.55234 -5.08002 318.671 507.231 3665.95 -0.0345235 -9.18997 5.29887 -318.671 951.653 -1160.2 0.0345235
8.86985 -3.40105 318.991 265.485 3709.66 -0.0590714 -9.38144 3.42021 -318.991 693.477 -1132.3 0.0590714
9.10951 -1.5387 319.401 2.73661 3731.28 -0.0829342 -9.45484 1.38581 -319.401 408.65 -1109.89 0.0829342
9.26305 0.454213 319.798 -271.742 3733.98 -0.105971 -9.46734 -0.71324 -319.798 108.123 -1089.29 0.105971
9.33647 2.44697 320.199 -536.991 3720.67 -0.128046 -9.45396 -2.72545 -320.199 -189.422 -1067.62 0.128046
9.40125 4.42206 320.611 -794.679 3693.61 -0.149029 -9.37726 -4.65242 -320.611 -480.068 -1042.37 0.149029
9.45357 6.29034 320.826 -1037.39 3654.3 -0.168802 -9.28366 -6.46244 -320.826 -754.249 -1009.07 0.168802
9.44737 8.01093 320.984 -1265.13 3605.55 -0.187268 -9.24024 -8.17091 -320.984 -1008.38 -967.566 0.187268
9.40767 9.50641 321.165 -1465.85 3547.4 -0.204345 -9.19961 -9.71097 -321.165 -1234.24 -921.021 0.204345
9.35955 10.76 321.279 -1634.63 3476.11 -0.219971 -9.07801 -11.026 -321.279 -1426.41 -873.94 0.219971
9.27364 11.7668 321.358 -1768.14 3391.64 -0.23409 -8.89157 -12.0691 -321.358 -1580.98 -828.139 0.23409
9.12732 12.4995 321.372 -1862.19 3294.29 -0.246647 -8.67244 -12.8017 -321.372 -1692.85 -782.586 0.246647
8.95882 12.9454 321.33 -1916.44 3186.29 -0.257585 -8.42333 -13.226 -321.33 -1760.89 -733.74 0.257585
8.82167 13.0962 321.264 -1930.68 3071.05 -0.266846 -8.13867 -13.3441 -321.264 -1784.45 -678.294 0.266846
8.72918 12.9521 321.191 -1905.46 2951.27 -0.27438 -7.84437 -13.1639 -321.191 -1764.1 -613.407 0.27438
8.62607 12.513 321.124 -1843.26 2828.24 -0.280146 -7.60564 -12.7144 -321.124 -1701.42 -538.989 0.280146
8.49774 11.7729 321.05 -1745.27 2701.14 -0.284111 -7.40447 -12.0181 -321.05 -1597.56 -458.783 0.284111
8.37499 10.7385 321.008 -1612.42 2572.37 -0.286248 -7.18105 -11.0789 -321.008 -1453.07 -379.262 0.286248
8.22438 9.45528 320.967 -1450.04 2440.14 -0.286532 -6.91198 -9.91239 -320.967 -1271.2 -306.616 0.286532
7.99937 7.9496 320.768 -1258.93 2302.81 -0.284941 -6.61582 -8.50492 -320.768 -1052.93 -243.134 0.284941
7.7005 6.23469 320.474 -1039.69 2160.89 -0.281443 -6.29032 -6.85965 -320.474 -799.979 -189.551 0.281443
7.35754 4.35121 320.279 -801.572 2019.42 -0.276001 -5.95983 -5.05271 -320.279 -519.494 -143.306 0.276001
6.99649 2.30538 320.121 -544.503 1876.48 -0.268579 -5.5888 -3.10589 -320.121 -215.489 -103.816 0.268579
6.65535 0.127272 320.037 -270.891 1736.8 -0.259157 -5.20205 -1.0458 -320.037 106.478 -66.987 0.259157
6.31243 -2.15641 319.947 20.2722 1600.3 -0.247725 -4.84303 1.12354 -319.947 441.072 -29.6875 0.247725
5.96742 -4.45496 319.739 316.988 1470.16 -0.234289 -4.55808 3.33457 -319.739 778.062 11.3704 0.234289
5.62918 -6.73171 319.414 614.228 1344.95 -0.218873 -4.30945 5.55972 -319.414 1113.45 53.5613 0.218873
5.2545 -8.93495 318.999 906.825 1220.7 -0.201537 -4.06449 7.74521 -318.999 1437.57 90.2091 0.201537
4.81345 -11.0083 318.569 1184.14 1095.79 -0.18236 -3.81788 9.8238 -318.569 1743.69 117.977 0.18236
4.30998 -12.8865 318.239 1436.53 968.885 -0.161437 -3.54288 11.7312 -318.239 2023.28 134.99 0.161437
3.73952 -14.517 317.924 1658.09 838.225 -0.138872 -3.22154 13.4231 -317.924 2268.6 139.844 0.138872
3.11571 -15.8555 317.586 1843.44 701.676 -0.114786 -2.84812 14.8533 -317.586 2472.32 135.781 0.114786
2.4522 -16.871 317.226 1986.34 560.209 -0.0893168 -2.45269 15.9805 -317.226 2630.51 127.959 0.0893168
1.80258 -17.5395 316.963 2083.15 412.933 -0.0626261 -2.01473 16.7648 -316.963 2737.86 121.912 0.0626261
1.25031 -17.8345 316.801 2128.91 261.841 -0.0348925 -1.50836 17.1625 -316.801 2789.44 123.722 0.0348925
0.794593 -17.7481 316.706 2120.31 111.743 -0.00631205 -1.01052 17.1454 -316.706 2783.49 139.28 0.00631205
0.374985 -17.2814 316.681 2057.96 -34.7542 0.022903 -0.620146 16.711 -316.681 2719.23 171.378 -0.022903
-0.0411918 -16.4205 316.731 1942.19 -180.3 0.0525246 -0.304493 15.8776 -316.731 2596.89 213.484 -0.0525246
-0.488117 -15.1707 316.875 1776.12 -331.776 0.0823161 0.0408425 14.6876 -316.875 2420.1 253.015 -0.0823161
-0.982223 -13.5433 317.154 1564.09 -490.708 0.112047 0.470332 13.1658 -317.154 2189.6 281.539 -0.112047
-1.59882 -11.5683 317.523 1309.37 -660.445 0.141501 1.00359 11.3368 -317.523 1909.76 289.074 -0.141501
-2.35484 -9.27813 318.136 1013.42 -845.043 0.170483 1.6641 9.20272 -318.136 1583.99 274.002 -0.170483
-3.21868 -6.71881 318.707 679.701 -1042.28 0.198815 2.4168 6.78182 -318.707 1217.88 243.468 -0.198815
-4.10385 -3.98409 319.297 326.695 -1244.2 0.226332 3.2065 4.18002 -319.297 820.979 209.404 -0.226332
-4.9768 -1.10166 319.878 -39.4776 -1446.59 0.252887 3.97908 1.45462 -319.878 399.107 179.927 -0.252887
-5.81446 1.86596 320.571 -409.017 -1646.82 0.27834 4.71482 -1.31784 -320.571 -37.9908 158.401 -0.27834
-6.69415 4.9282 321.484 -790.997 -1853.66 0.302553 5.42977 -4.1619 -321.484 -486.005 140.496 -0.302553
-7.59684 7.98223 322.353 -1175.4 -2063.79 0.325404 6.12772 -7.02878 -322.353 -933.656 125.028 -0.325404
-8.49482 10.9206 322.844 -1550.36 -2278.87 0.346788 6.88446 -9.86504 -322.844 -1370.2 106.927 -0.346788
-9.4349 13.7261 323.341 -1919.3 -2504.64 0.366615 7.7326 -12.6645 -323.341 -1788.92 80.7588 -0.366615
-10.4289 16.3466 323.772 -2276.12 -2736.91 0.384807 8.625 -15.3607 -323.772 -2179.22 47.3146 -0.384807
-11.4182 18.6743 324.041 -2602.95 -2967.62 0.401302 9.50811 -17.8296 -324.041 -2526.45 14.2865 -0.401302
-12.3952 20.6464 324.3 -2887.23 -3197.65 0.416061 10.3765 -19.9865 -324.3 -2822.41 -15.6056 -0.416061
-13.2721 22.1888 324.368 -3115.87 -3419.16 0.42907 11.2309 -21.7313 -324.368 -3055.7 -38.0002 -0.42907
-14.0072 23.237 324.249 -3276.83 -3627.27 0.440323 12.0438 -22.9813 -324.249 -3217.68 -47.9932 -0.440323
-14.6439 23.7583 324.055 -3364.28 -3822.07 0.449818 12.7633 -23.6975 -324.055 -3304.13 -44.3473 -0.449818
-15.1634 23.728 323.795 -3374.71 -3998.03 0.457555 13.3726 -23.8439 -323.795 -3309.99 -27.5555 -0.457555
-15.5527 23.1376 323.466 -3305.74 -4155.09 0.463536 13.9189 -23.3932 -323.466 -3232.66 -2.49686 -0.463536
-15.8555 21.985 323.112 -3159.84 -4292.31 0.467759 14.384 -22.3695 -323.112 -3072.7 26.336 -0.467759
-16.1577 20.2692 322.793 -2941.38 -4410.83 0.470226 14.7297 -20.8065 -322.793 -2830.36 53.3653 -0.470226
-16.4588 18.009 322.399 -2652.73 -4510.66 0.470942 15.01 -18.7103 -322.399 -2506.79 71.1214 -0.470942
-16.7312 15.2394 321.97 -2296.29 -4596.02 0.469931 15.3069 -16.0739 -321.97 -2103.52 76.171 -0.469931
-16.9599 12.0168 321.637 -1875.89 -4666.38 0.46723 15.616 -12.9183 -321.637 -1627.61 70.7359 -0.46723
-17.1297 8.34008 321.293 -1388.03 -4718.33 0.46289 15.8647 -9.24703 -321.293 -1082.91 63.6891 -0.46289
-17.2562 4.3732 321.064 -860.16 -4750.65 0.456963 15.9695 -5.26978 -321.064 -494.451 63.3833 -0.456963
-17.3263 0.208783 320.61 -309.027 -4762 0.449498 15.9126 -1.12361 -320.61 122.233 72.8141 -0.449498
-17.2565 -4.09071 319.97 264.655 -4747.81 0.44055 15.7316 3.13261 -319.97 750.797 93.8816 -0.44055
-17.0431 -8.33271 319.203 837.67 -4709.98 0.430189 15.4507 7.33602 -319.203 1364.52 125.563 -0.430189
-16.7743 -12.3181 318.554 1375.43 -4657.97 0.418482 15.11 11.3072 -318.554 1944.83 159.291 -0.418482
-16.5026 -15.9861 318.057 1872.52 -4597.12 0.405491 14.7424 14.984 -318.057 2479.87 188.428 -0.405491
-16.2068 -19.2412 317.46 2317.77 -4525.22 0.391295 14.3363 18.2661 -317.46 2953.26 215.353 -0.391295
-15.8416 -22.0891 316.773 2712.02 -4438.62 0.375994 13.8974 21.1459 -316.773 3363.91 241.986 -0.375994
-15.4288 -24.4165 316.13 3035.24 -4343.46 0.359703 13.4499 23.4926 -316.13 3697.52 267.971 -0.359703
-14.9419 -26.217 315.464 3284.87 -4238.34 0.342534 12.9617 25.3087 -315.464 3956.13 300.142 -0.342534
-14.385 -27.4353 314.93 3456.36 -4123.21 0.324603 12.4191 26.5694 -314.93 4133 339.801 -0.324603
-13.7395 -28.0562 314.568 3547.83 -3997.69 0.306028 11.8261 27.2746 -314.568 4227.89 388.586 -0.306028
-12.9858 -28.0699 314.311 3556.26 -3862.88 0.286937 11.2079 27.4053 -314.311 4239.75 446.839 -0.286937
-12.1581 -27.4654 314.134 3480.13 -3720.11 0.267453 10.5609 26.948 -314.134 4166.67 511.57 -0.267453
-11.2875 -26.2609 314.048 3320.1 -3570.92 0.247691 9.89297 25.8936 -314.048 4009.25 578.862 -0.247691
-10.3941 -24.4696 314.127 3077.56 -3417.74 0.22776 9.22777 24.2327 -314.127 3766.66 644.993 -0.22776
-9.51221 -22.1038 314.401 2756.35 -3263.18 0.20778 8.60214 21.9961 -314.401 3441.1 702.574 -0.20778
-8.64089 -19.2087 314.878 2365.18 -3109.42 0.187881 8.02314 19.2322 -314.878 3037.05 752.949 -0.187881
-7.76502 -15.7796 315.583 1902.48 -2951.97 0.168198 7.46812 15.927 -315.583 2553.42 796.91 -0.168198
-6.83613 -11.8948 316.4 1381.4 -2786.59 0.148867 6.91602 12.1529 -316.4 1998.26 840.021 -0.148867
-5.89264 -7.73081 317.447 830.701 -2613.09 0.130008 6.33749 8.08232 -317.447 1391.82 880.808 -0.130008
-4.99271 -3.33485 318.613 256.818 -2433.47 0.111731 5.66992 3.76938 -318.613 741.895 921.909 -0.111731
-4.15055 1.1764 319.921 -325.948 -2246.84 0.0941392 4.91597 -0.671464 -319.921 66.6752 960.06 -0.0941392
-3.3497 5.65675 321.182 -900.798 -2054.85 0.0773369 4.15141 -5.08994 -321.182 -608.997 988.605 -0.0773369
-2.62488 9.99726 322.216 -1454.02 -1864.77 0.061425 3.46273 -9.36308 -322.216 -1266.25 997.787 -0.061425
-1.94836 14.1141 322.893 -1981.06 -1668.7 0.0464946 2.79398 -13.4076 -322.893 -1886.12 991.466 -0.0464946
-1.36528 17.968 323.441 -2484.51 -1468.74 0.0326226 2.12289 -17.173 -323.441 -2453.44 968.495 -0.0326226
-0.841744 21.4693 324.078 -2946.67 -1271.32 0.0198691 1.50291 -20.5599 -324.078 -2959.28 932.555 -0.0198691
-0.254359 24.5619 324.721 -3357.56 -1065.82 0.00828093 0.901094 -23.5236 -324.721 -3399.52 894.972 -0.00828093
0.375794 27.181 324.912 -3707.67 -850.143 -0.00209904 0.257362 -26.0004 -324.912 -3765.54 859.136 0.00209904
1.00512 29.2685 324.708 -3984.12 -628.224 -0.0112378 -0.455406 -27.9249 -324.708 -4052.92 826.652 0.0112378
1.66098 30.855 324.501 -4192.57 -401.203 -0.01912 -1.19108 -29.3427 -324.501 -4266.67 796.01 0.01912
2.33203 31.917 324.314 -4329.81 -177.752 -0.0257423 -1.85604 -30.2622 -324.314 -4407.9 761.132 0.0257423
3.00418 32.4343 324.171 -4395.18 39.092 -0.0311102 -2.42279 -30.6971 -324.171 -4476.35 719.214 0.0311102
3.63885 32.4068 324.135 -4390.65 250.425 -0.0352462 -2.93726 -30.6722 -324.135 -4473.49 670.191 0.0352462
4.20347 31.8352 323.971 -4314.28 455.538 -0.0381861 -3.43925 -30.1741 -323.971 -4399.53 615.787 0.0381861
4.75783 30.7454 323.639 -4165.37 657.384 -0.0399637 -3.89309 -29.1805 -323.639 -4255.64 556.435 0.0399637
5.31055 29.188 323.343 -3953 852.168 -0.0406092 -4.27673 -27.7289 -323.343 -4045.12 494.047 0.0406092
5.80852 27.1545 323.029 -3678.96 1041.67 -0.0401565 -4.66163 -25.8264 -323.029 -3766.01 429.421 0.0401565
6.23674 24.6636 322.746 -3345.97 1226.41 -0.0386469 -5.04412 -23.484 -322.746 -3419.76 359.417 0.0386469
6.6381 21.8054 322.483 -2965.82 1406.36 -0.0361264 -5.41753 -20.77 -322.483 -3016.84 289.138 0.0361264
6.954 18.6637 322.311 -2556.11 1575.16 -0.0326482 -5.754 -17.7683 -322.311 -2563.2 212.825 0.0326482
7.2055 15.2361 322.192 -2112.81 1737.8 -0.028277 -6.05979 -14.4767 -322.192 -2062.25 129.303 0.028277
7.44258 11.6536 322.074 -1655.43 1898.2 -0.0230865 -6.35535 -11.0241 -322.074 -1530.97 44.5534 0.0230865
7.69095 7.94215 321.885 -1186.41 2056.43 -0.0171577 -6.62362 -7.44767 -321.885 -975.841 -40.3086 0.0171577
7.97902 4.16274 321.541 -706.716 2216.85 -0.010579 -6.89268 -3.8081 -321.541 -412.958 -121.694 0.010579
8.24824 0.427813 321.163 -230.413 2372.8 -0.00344023 -7.14588 -0.197894 -321.163 142.925 -203.514 0.00344023
8.46968 -3.22493 320.813 247.285 2523.5 0.00417859 -7.39869 3.37459 -320.813 680.536 -286.874 -0.00417859
8.61748 -6.61247 320.267 699.723 2666.35 0.0122097 -7.64457 6.72809 -320.267 1175.36 -373.725 -0.0122097
8.71263 -9.6362 319.628 1107.32 2802.1 0.0205799 -7.83897 9.74092 -319.628 1616.04 -468.142 -0.0205799
8.78417 -12.2345 318.987 1460.2 2927.25 0.0291918 -7.92731 12.3455 -318.987 1994.28 -570.194 -0.0291918
8.80977 -14.3334 318.379 1750.28 3042.74 0.0379204 -7.9632 14.4688 -318.379 2297.53 -676.442 -0.0379204
8.71659 -15.9009 317.884 1969.65 3147.86 0.0466215 -8.02063 16.0782 -317.884 2524.59 -786.015 -0.0466215
8.52053 -16.9056 317.483 2112.22 3241.73 0.055152 -8.08465 17.1167 -317.483 2669.14 -897.879 -0.055152
8.28595 -17.3415 317.188 2174.43 3323.41 0.0633951 -8.09085 17.5469 -317.188 2728.63 -1011.13 -0.0633951
8.04147 -17.2091 316.965 2155.89 3391.9 0.0712655 -8.01939 17.3752 -316.965 2704.45 -1123.55 -0.0712655
7.80607 -16.5174 316.839 2059.04 3448.39 0.0786917 -7.89135 16.6274 -316.839 2599.01 -1230.66 -0.0786917
7.58655 -15.3015 316.835 1888.74 3494.78 0.0855954 -7.75109 15.3358 -316.835 2416.93 -1327.22 -0.0855954
7.37507 -13.6227 316.969 1653.86 3531.83 0.0918919 -7.63842 13.5595 -316.969 2166.29 -1409.5 -0.0918919
7.20297 -11.5566 317.277 1364.82 3559.37 0.0975019 -7.51902 11.3586 -317.277 1855.72 -1477.72 -0.0975019
7.0719 -9.16165 317.924 1027.46 3579.62 0.10236 -7.41114 8.78645 -317.924 1495.08 -1531.32 -0.10236
6.91808 -6.49902 318.67 651.375 3589.84 0.10641 -7.33238 5.93968 -318.67 1096.97 -1574.06 -0.10641
6.72879 -3.66352 319.278 254.94 3585.86 0.109608 -7.23504 2.95669 -319.278 675.79 -1610.25 -0.109608
6.53537 -0.80549 319.813 -139.844 3567.5 0.111923 -7.06525 -0.0284793 -319.813 249.475 -1642.88 -0.111923
6.32288 1.93686 320.318 -514.525 3536.14 0.113342 -6.81881 -2.90709 -320.318 -165.727 -1676.02 -0.113342
6.07904 4.48096 320.969 -860.86 3493.05 0.113873 -6.51358 -5.58185 -320.969 -552.781 -1710.14 -0.113873
5.80412 6.81723 321.344 -1178.01 3435.79 0.113535 -6.15112 -8.00219 -321.344 -904.066 -1742.55 -0.113535
5.48024 8.88925 321.581 -1454.89 3370.12 0.112357 -5.79475 -10.0853 -321.581 -1211.1 -1772.64 -0.112357
5.08784 10.6459 321.607 -1683.86 3294.14 0.110381 -5.46651 -11.7688 -321.607 -1465.58 -1798.15 -0.110381
4.68374 12.078 321.562 -1862.73 3208.61 0.107646 -5.11786 -13.0492 -321.562 -1667.89 -1818.65 -0.107646
4.33408 13.168 321.519 -1993.87 3115.93 0.104187 -4.72512 -13.9607 -321.519 -1818.03 -1830.59 -0.104187
4.02262 13.8934 321.527 -2078.91 3018.9 0.100041 -4.35034 -14.5526 -321.527 -1918.12 -1830.32 -0.100041
3.70891 14.2552 321.565 -2119.33 2919.61 0.0952581 -4.07078 -14.85 -321.565 -1970.34 -1814.78 -0.0952581
3.39055 14.2785 321.526 -2117.06 2816.85 0.0898953 -3.86595 -14.8487 -321.526 -1975.7 -1785.95 -0.0898953
3.05497 13.9884 321.388 -2072.8 2707.83 0.0840136 -3.68578 -14.5321 -321.388 -1934.7 -1749.86 -0.0840136
2.71733 13.4077 321.196 -1988.55 2589.53 0.0776767 -3.45015 -13.9004 -321.196 -1848.58 -1712.59 -0.0776767
2.40143 12.5516 321.017 -1865.99 2460.93 0.0709532 -3.1263 -12.9635 -321.017 -1719.18 -1674.4 -0.0709532
2.06784 11.4369 320.825 -1709.34 2323.74 0.0639175 -2.78028 -11.7625 -320.825 -1550.39 -1633.25 -0.0639175
1.73743 10.0916 320.79 -1526 2185.56 0.0566438 -2.49584 -10.3617 -320.79 -1347.82 -1582.03 -0.0566438
1.43891 8.54374 320.692 -1319.84 2044.18 0.0492022 -2.23699 -8.8021 -320.692 -1117.3 -1519.59 -0.0492022
1.22892 6.81708 320.465 -1093.02 1900.93 0.0416596 -1.97547 -7.09076 -320.465 -860.977 -1443.26 -0.0416596
1.16464 4.98611 320.311 -856.089 1764.12 0.0340824 -1.75102 -5.27637 -320.311 -585.627 -1347.72 -0.0340824
1.14681 3.05146 320.117 -606.084 1627.81 0.0265326 -1.58579 -3.34501 -320.117 -292.349 -1237.86 -0.0265326
1.12719 1.07581 319.957 -349.966 1491.22 0.0190637 -1.47362 -1.3587 -319.957 8.29736 -1120.55 -0.0190637
1.09718 -0.914248 319.889 -89.5203 1350.97 0.0117293 -1.33957 0.660202 -319.889 311.213 -1004.12 -0.0117293
1.03099 -2.86479 319.775 168.694 1206.85 0.00459557 -1.16673 2.65293 -319.775 607.124 -894.354 -0.00459557
0.885727 -4.70414 319.479 412.853 1058.94 -0.00226045 -0.975325 4.52749 -319.479 884.861 -794.521 0.00226045
0.646639 -6.42036 319.004 640.289 904.483 -0.00876279 -0.754479 6.25713 -319.004 1141.65 -705.449 0.00876279
0.355263 -7.95126 318.627 843.713 746.517 -0.0148445 -0.506875 7.78203 -318.627 1367.63 -623.973 0.0148445
0.0192174 -9.25655 318.493 1016.33 587.577 -0.0204484 -0.283485 9.07564 -318.493 1560.22 -544.395 0.0204484
-0.352138 -10.2866 318.421 1151.36 428.576 -0.0255231 -0.102794 10.1 -318.421 1713.88 -463.724 0.0255231
-0.713158 -11.0222 318.22 1247.62 266.703 -0.0300157 0.0850681 10.8414 -318.22 1825.18 -379.746 0.0300157
-1.05424 -11.4429 317.949 1303.31 101.712 -0.0338674 0.293666 11.2904 -317.949 1891.7 -292.775 0.0338674
-1.38425 -11.5401 317.745 1317.34 -65.9192 -0.0370128 0.502119 11.4358 -317.745 1911.77 -201.606 0.0370128
-1.72762 -11.3118 317.737 1288.93 -235.819 -0.0393831 0.687421 11.2655 -317.737 1884.16 -106.814 0.0393831
-2.09536 -10.7664 317.933 1219.81 -410.911 -0.0409101 0.867481 10.7748 -317.933 1807.66 -9.54479 0.0409101
-2.45566 -9.89034 318.176 1106.09 -593.313 -0.0415316 1.10394 9.94759 -318.176 1682.04 88.1291 0.0415316
-2.83964 -8.70507 318.494 950.355 -785.791 -0.0411946 1.40228 8.80357 -318.494 1510.45 183.829 0.0411946
-3.25822 -7.23291 318.824 754.001 -989.454 -0.0398534 1.77107 7.35155 -318.824 1295.89 275.928 0.0398534
-3.64995 -5.54521 319.124 526.77 -1200.36 -0.0374626 2.1937 5.64097 -319.124 1045.58 371.452 0.0374626
-3.97164 -3.73142 319.525 282.355 -1415.81 -0.0339777 2.67573 3.74862 -319.525 769.192 472.977 0.0339777
-4.21343 -1.83208 319.972 26.8723 -1630.7 -0.0293681 3.1535 1.72229 -319.972 473.019 585.731 0.0293681
-4.43972 0.0895012 320.538 -230.482 -1847.28 -0.0236263 3.58978 -0.323116 -320.538 172.907 708.169 0.0236263
-4.69933 1.98708 321.3 -479.591 -2065.61 -0.0167625 3.98025 -2.28703 -321.3 -120.629 834.1 0.0167625
-5.02233 3.83207 321.79 -720.037 -2287.76 -0.00879246 4.35514 -4.13398 -321.79 -398.992 957.145 0.00879246
-5.38 5.52829 321.945 -941.464 -2514.45 0.000265894 4.81783 -5.80183 -321.945 -650.3 1067.57 -0.000265894
-5.77363 7.00031 321.957 -1135.13 -2746.24 0.0103897 5.40022 -7.25299 -321.957 -867.412 1161.25 -0.0103897
-6.24153 8.20644 322.004 -1296.27 -2979.71 0.021548 6.01174 -8.46085 -322.004 -1045.49 1242.1 -0.021548
-6.76503 9.14117 322.179 -1425.48 -3213.34 0.0337014 6.62449 -9.41125 -322.179 -1181.18 1315.18 -0.0337014
-7.26159 9.77666 322.291 -1516.02 -3437.65 0.0468045 7.20617 -10.0525 -322.291 -1270.04 1387.12 -0.0468045
-7.67187 10.0974 322.287 -1562.9 -3649.32 0.0608102 7.77683 -10.3473 -322.287 -1309.66 1460.14 -0.0608102
-7.97877 10.1097 322.186 -1566.25 -3843.08 0.0756663 8.31073 -10.3055 -322.186 -1302.15 1534.98 -0.0756663
-8.23091 9.81325 321.946 -1526.22 -4016.87 0.0913133 8.76048 -9.93477 -321.946 -1248.41 1609.44 -0.0913133
-8.48376 9.2187 321.654 -1445.27 -4173.82 0.107689 9.11828 -9.26774 -321.654 -1152.06 1679.95 -0.107689
-8.74086 8.34768 321.389 -1329.21 -4314.38 0.12473 9.43178 -8.36643 -321.389 -1019.07 1739.78 -0.12473
-9.01103 7.2249 321.171 -1182.72 -4442.74 0.142369 9.78268 -7.27001 -321.171 -853.712 1780.4 -0.142369
-9.27258 5.89932 320.931 -1011.83 -4556.54 0.160529 10.1871 -6.0101 -320.931 -661.276 1800.24 -0.160529
-9.52779 4.42119 320.67 -820.618 -4652.5 0.179137 10.6006 -4.59412 -320.67 -445.792 1801.95 -0.179137
-9.78106 2.83683 320.289 -612.349 -4726.4 0.198123 10.9575 -3.02819 -320.289 -211.373 1789.94 -0.198123
-9.97679 1.19088 319.807 -391.628 -4772.87 0.217417 11.2307 -1.34431 -319.807 35.8211 1770.44 -0.217417
-10.0661 -0.475125 319.315 -163.986 -4788.5 0.236943 11.4024 0.40168 -319.315 287.633 1749.41 -0.236943
-10.0324 -2.0964 318.913 59.9737 -4772.81 0.256611 11.4748 2.12587 -318.913 533.779 1728.39 -0.256611
-9.91845 -3.65679 318.623 277.47 -4725.86 0.276313 11.416 3.78344 -318.623 768.465 1705.91 -0.276313
-9.74984 -5.06584 318.272 473.808 -4647.43 0.295932 11.2316 5.27609 -318.272 979.87 1677.39 -0.295932
-9.54337 -6.28676 317.876 645.198 -4542.41 0.315343 10.9936 6.57778 -317.876 1162.95 1635.23 -0.315343
-9.33549 -7.27739 317.518 786.384 -4414.04 0.33442 10.7201 7.65734 -317.518 1312.67 1575.02 -0.33442
-9.14822 -8.00384 317.24 891.87 -4265.94 0.353033 10.4271 8.47214 -317.24 1423.75 1495.04 -0.353033
-8.96649 -8.43844 317.092 954.233 -4100.8 0.371059 10.1391 8.96736 -317.092 1492.05 1396.6 -0.371059
-8.77265 -8.57763 317.064 972.009 -3916.32 0.388382 9.82145 9.1272 -317.064 1516.3 1284.8 -0.388382
-8.52238 -8.40948 317.069 946.993 -3711 0.404892 9.45357 8.96414 -317.069 1494.78 1167.22 -0.404892
-8.2032 -7.91781 317.117 880.488 -3484.5 0.420476 9.00414 8.5066 -317.117 1427.9 1049.67 -0.420476
-7.82804 -7.0956 317.22 772.66 -3239.02 0.435007 8.44588 7.75786 -317.22 1314.98 936.362 -0.435007
-7.38521 -5.96629 317.464 626.868 -2981.26 0.448352 7.85435 6.72538 -317.464 1157 825.005 -0.448352
-6.83766 -4.55486 317.844 446.249 -2714.13 0.460386 7.28706 5.42205 -317.844 956.139 715.643 -0.460386
-6.2229 -2.86891 318.257 232.303 -2436.37 0.470994 6.69288 3.84708 -318.257 711.851 608.923 -0.470994
-5.55428 -0.904065 318.7 -17.7086 -2145.95 0.480071 6.03496 1.99979 -318.7 426.171 506.102 -0.480071
-4.8267 1.27276 319.266 -291.782 -1845.62 0.487513 5.36627 -0.0574494 -319.266 105.251 403.213 -0.487513
-4.06508 3.61919 320.051 -583.326 -1540.01 0.493219 4.70956 -2.2922 -320.051 -246.99 298.189 -0.493219
-3.31124 6.12435 320.85 -895.618 -1230.21 0.497092 4.03284 -4.71124 -320.85 -626.688 190.739 -0.497092
-2.52275 8.72195 321.468 -1223.43 -907.211 0.499055 3.31561 -7.26477 -321.468 -1022.76 80.6946 -0.499055
-1.70812 11.3696 322.045 -1563.52 -578.002 0.499052 2.58457 -9.90799 -322.045 -1426.19 -29.9058 -0.499052
-0.872572 13.9788 322.741 -1903.27 -241.241 0.497045 1.81042 -12.546 -322.741 -1823.85 -139.032 -0.497045
-0.0598502 16.5114 323.545 -2240.4 105.757 0.492979 0.99073 -15.1411 -323.545 -2207.32 -255.168 -0.492979
0.671511 18.8677 324.236 -2557.82 453.248 0.486789 0.186415 -17.586 -324.236 -2564.63 -385.349 -0.486789
1.35053 21.0534 324.847 -2860.97 803.506 0.478426 -0.64326 -19.8576 -324.847 -2887.87 -522.064 -0.478426
1.94819 22.994 325.113 -3133.49 1157.54 0.467874 -1.49877 -21.8483 -325.113 -3167.82 -670.337 -0.467874
2.48417 24.6006 325.041 -3359.9 1508.34 0.455155 -2.30159 -23.4557 -325.041 -3393.05 -831.455 -0.455155
2.9922 25.85 324.995 -3534.87 1845.91 0.440312 -3.01164 -24.6469 -324.995 -3561.05 -996.311 -0.440312
3.47789 26.7336 325.082 -3659.47 2177.98 0.423388 -3.7007 -25.438 -325.082 -3671.79 -1161.78 -0.423388
3.97673 27.2403 325.187 -3735.17 2509.74 0.404427 -4.4101 -25.87 -325.187 -3728 -1322.27 -0.404427
4.56247 27.3355 325.147 -3755.05 2836.22 0.383485 -5.11745 -25.9248 -325.147 -3729.18 -1465.62 -0.383485
5.21543 27.0496 324.871 -3722.93 3155.1 0.360645 -5.84568 -25.6195 -324.871 -3678.19 -1589.07 -0.360645
5.93439 26.4004 324.609 -3639.78 3469.09 0.335999 -6.62245 -24.9596 -324.609 -3577.36 -1691.6 -0.335999
6.69003 25.424 324.292 -3512.13 3770.06 0.309633 -7.39808 -23.9786 -324.292 -3429.9 -1776.2 -0.309633
7.47106 24.1418 324.169 -3344.38 4060.16 0.281629 -8.17468 -22.7112 -324.169 -3239.33 -1846.3 -0.281629
8.22187 22.5994 324.063 -3142.83 4333.95 0.252077 -8.92224 -21.203 -324.063 -3012.16 -1908.49 -0.252077
8.8908 20.8335 323.716 -2912.23 4584.05 0.221084 -9.60023 -19.4701 -323.716 -2751.04 -1968.36 -0.221084
9.4698 18.8713 323.257 -2652.15 4811.35 0.188763 -10.2033 -17.5227 -323.257 -2461.68 -2028.68 -0.188763
9.94917 16.768 322.879 -2372.24 5015.69 0.155238 -10.7539 -15.4218 -322.879 -2150.77 -2087.48 -0.155238
10.3394 14.5794 322.562 -2079.85 5196.9 0.120651 -11.2415 -13.2504 -322.562 -1830.44 -2144.63 -0.120651
10.7058 12.3619 322.241 -1783.84 5355.71 0.0851638 -11.6473 -11.0749 -322.241 -1509.12 -2194.32 -0.0851638
11.0455 10.1732 321.825 -1492.3 5490.42 0.048951 -11.9935 -8.94693 -321.825 -1194.06 -2232.14 -0.048951
11.3163 8.06397 321.368 -1209.22 5602.58 0.0121964 -12.3483 -6.90444 -321.368 -893.717 -2255.99 -0.0121964
11.5468 6.062 320.965 -939.567 5691.97 -0.0249127 -12.6728 -4.99251 -320.965 -613.381 -2267.1 0.0249127
11.7677 4.25498 320.625 -701.487 5755.33 -0.0621846 -12.9057 -3.32705 -320.625 -363.501 -2266.51 0.0621846
11.9409 2.63999 320.185 -492.889 5789.98 -0.0994147 -13.0414 -1.90024 -320.185 -144.663 -2257.71 0.0994147
12.0369 1.24717 319.696 -315.851 5795.34 -0.13638 -13.1046 -0.707163 -319.696 41.6731 -2240.73 0.13638
12.0762 0.0624953 319.271 -167.849 5773.57 -0.172841 -13.1023 0.274403 -319.271 198.074 -2213.92 0.172841
12.0586 -0.927661 318.973 -45.8902 5725.16 -0.208552 -13.0386 1.064 -318.973 326.206 -2177.16 0.208552
11.9945 -1.73479 318.782 53.1427 5651.37 -0.243255 -12.9237 1.70168 -318.782 430.193 -2128.87 0.243255
11.9016 -2.35657 318.615 129.157 5553.78 -0.276691 -12.7552 2.19538 -318.615 510.923 -2068.43 0.276691
11.8181 -2.80525 318.435 183.757 5433.62 -0.308606 -12.5083 2.56489 -318.435 571.294 -1995.23 0.308606
11.7417 -3.09463 318.243 219.331 5293.02 -0.338761 -12.2046 2.82362 -318.243 612.739 -1908.68 0.338761
11.622 -3.24789 318.102 238.654 5136.23 -0.366935 -11.9169 2.9777 -318.102 636.601 -1809.84 0.366935
11.4203 -3.26323 318.04 240.148 4962.4 -0.392926 -11.651 3.01813 -318.04 642.941 -1702.51 0.392926
11.1892 -3.14525 318.046 225.712 4769.58 -0.416544 -11.315 2.96056 -318.046 632.706 -1590.24 0.416544
10.938 -2.89314 318.07 194.081 4557.19 -0.437607 -10.8724 2.77312 -318.07 602.57 -1476.26 0.437607
10.6085 -2.54711 318.095 145.497 4327.67 -0.455941 -10.3741 2.43597 -318.095 555.153 -1364 0.455941
10.2166 -2.12932 318.202 82.2331 4086.19 -0.471395 -9.86671 1.94754 -318.202 491.073 -1249.9 0.471395
9.81643 -1.65278 318.386 7.57244 3835.42 -0.483851 -9.32253 1.34881 -318.386 414.636 -1132.89 0.483851
9.41778 -1.13458 318.626 -73.0521 3577.76 -0.493222 -8.76376 0.694753 -318.626 330.536 -1010.85 0.493222
9.01464 -0.613273 318.864 -152.255 3320.14 -0.499442 -8.25213 0.0358831 -318.864 243.898 -882.914 0.499442
8.60907 -0.126419 319.017 -225.114 3061.19 -0.502461 -7.76893 -0.585397 -319.017 161.039 -750.011 0.502461
8.15661 0.284022 319.102 -286.275 2798.8 -0.50224 -7.28252 -1.11877 -319.102 89.5675 -620.742 0.50224
7.66329 0.608178 319.229 -334.899 2532.75 -0.498757 -6.76319 -1.5504 -319.229 31.9824 -498.179 0.498757
7.13614 0.828088 319.436 -369.389 2263.43 -0.492014 -6.18163 -1.85621 -319.436 -7.40441 -385.847 0.492014
6.57282 0.929961 319.526 -386.251 1987.7 -0.482028 -5.54996 -2.00901 -319.526 -26.3303 -279.233 0.482028
6.01073 0.902154 319.597 -384.768 1712.36 -0.468817 -4.93073 -1.99612 -319.597 -22.0916 -171.085 0.468817
5.46058 0.730315 319.696 -362.364 1443.32 -0.45241 -4.37162 -1.81858 -319.696 4.60215 -59.1229 0.45241
4.92166 0.398479 319.924 -317.544 1178.82 -0.432858 -3.85377 -1.47913 -319.924 54.113 55.6832 0.432858
4.40752 -0.0632653 320.025 -258.228 920.443 -0.410239 -3.34802 -1.01749 -320.025 124.558 169.557 0.410239
3.9105 -0.659101 319.95 -182.127 663.431 -0.384655 -2.8041 -0.428642 -319.95 214.937 279.122 0.384655
3.43081 -1.38281 319.764 -90.2119 409.203 -0.356231 -2.21509 0.276281 -319.764 323.783 382.026 0.356231
2.93782 -2.2359 319.65 17.0088 157.567 -0.325112 -1.63423 1.08064 -319.65 449.478 481.642 0.325112
2.43471 -3.23563 319.715 141.093 -85.2369 -0.291463 -1.13234 1.97891 -319.715 592.108 582.123 0.291463
1.91355 -4.36932 319.679 278.56 -321.82 -0.255466 -0.661807 2.94884 -319.679 750.252 678.289 0.255466
1.361 -5.61378 319.625 429.856 -555.614 -0.21732 -0.177214 4.01312 -319.625 923.392 765.317 0.21732
0.788808 -6.94669 319.491 594.614 -784.129 -0.177242 0.312234 5.19925 -319.491 1112.62 843.665 0.177242
0.186567 -8.38503 319.433 778.603 -1012.71 -0.13547 0.865007 6.53571 -319.433 1318.56 909.006 0.13547
-0.39648 -9.89574 319.332 975.842 -1236.72 -0.0922602 1.45256 7.96669 -319.332 1534.69 967.618 0.0922602
-0.97912 -11.4566 319.117 1179.48 -1452.34 -0.0478908 2.01338 9.44415 -319.117 1758.01 1021.71 0.0478908
-1.59754 -13.0443 318.853 1387.56 -1660.37 -0.00265502 2.53384 10.9461 -318.853 1984.09 1068.89 0.00265502
-2.20714 -14.6288 318.59 1597.4 -1861.39 0.0431384 3.054 12.4577 -318.59 2209.33 1110.39 -0.0431384
-2.76247 -16.1542 318.296 1802.02 -2053.83 0.089178 3.60426 13.9416 -318.296 2427.6 1146.74 -0.089178
-3.27932 -17.5863 318.001 1997.09 -2237.63 0.135163 4.16085 15.3677 -318.001 2634.15 1179.02 -0.135163
-3.7873 -18.8845 317.793 2178.38 -2413.91 0.180803 4.69166 16.7003 -317.793 2822.55 1208.69 -0.180803
-4.26693 -20.0001 317.588 2338.55 -2579.2 0.225804 5.19012 17.9052 -317.588 2988.47 1235.96 -0.225804
-4.74586 -20.8965 317.353 2470.68 -2734.2 0.269869 5.66235 18.923 -317.353 3125.34 1256.77 -0.269869
-5.23751 -21.5528 316.983 2569.81 -2877.5 0.312705 6.10941 19.706 -316.983 3228.46 1267.69 -0.312705
-5.74494 -21.9419 316.603 2631.58 -3010.98 0.35404 6.56906 20.2181 -316.603 3293.33 1264.88 -0.35404
-6.3082 -22.0502 316.32 2653.83 -3137.57 0.393621 7.04195 20.4369 -316.32 3317.04 1245.53 -0.393621
-6.8952 -21.8627 316.154 2633.01 -3255.59 0.431216 7.54641 20.3323 -316.154 3296.79 1209.9 -0.431216
-7.46873 -21.368 316.098 2567.87 -3363.69 0.466623 8.09404 19.8949 -316.098 3230.94 1160.23 -0.466623
-8.05082 -20.5626 316.12 2458.89 -3458.48 0.499664 8.61101 19.1285 -316.12 3119.04 1100.43 -0.499664
-8.60646 -19.4522 316.198 2306.71 -3537.23 0.530189 9.07781 18.0424 -316.198 2962.53 1035.4 -0.530189
-9.07294 -18.0476 316.283 2115.05 -3597.82 0.558071 9.51856 16.6691 -316.283 2763.83 968.474 -0.558071
-9.44281 -16.3667 316.411 1888.86 -3638.23 0.583209 9.91653 15.0518 -316.411 2526.53 900.995 -0.583209
-9.72242 -14.4524 316.728 1636.19 -3657.03 0.605522 10.2378 13.2367 -316.728 2255.14 835.432 -0.605522
-9.89762 -12.3335 317.032 1357.47 -3653 0.624947 10.5049 11.2351 -317.032 1954.82 769.379 -0.624947
-9.99663 -10.0485 317.319 1057.34 -3624.82 0.641442 10.6888 9.07279 -317.319 1630.02 701.654 -0.641442
-10.0621 -7.65021 317.641 744.274 -3573.33 0.654999 10.7596 6.80339 -317.641 1287.17 631.296 -0.654999
-10.1073 -5.16619 318.165 417.94 -3501.6 0.665642 10.7491 4.4346 -318.165 931.587 555.062 -0.665642
-10.1567 -2.70438 318.784 96.409 -3414.98 0.673411 10.7086 2.0621 -318.784 573.796 467.619 -0.673411
-10.1972 -0.308348 319.277 -213.397 -3312.63 0.678352 10.6504 -0.261051 -319.277 220.45 368.304 -0.678352
-10.1996 1.96215 319.645 -503.603 -3192.95 0.68052 10.5642 -2.47545 -319.645 -119.584 261.025 -0.68052
-10.1399 4.09422 319.881 -775.963 -3052.09 0.67998 10.4037 -4.57653 -319.881 -442.088 151.824 -0.67998
-10.0047 6.038 320.276 -1026.21 -2887.91 0.676801 10.1188 -6.51861 -320.276 -737.905 47.4507 -0.676801
-9.76164 7.72789 320.596 -1244.4 -2702.3 0.671048 9.72921 -8.24 -320.596 -999.1 -48.429 -0.671048
-9.40125 9.13938 320.828 -1426.4 -2496.78 0.662785 9.25608 -9.70388 -320.828 -1221.17 -135.938 -0.662785
-8.96164 10.2452 321 -1569.57 -2272.45 0.652078 8.6863 -10.8694 -321 -1397.2 -217.498 -0.652078
-8.47741 11.0349 321.243 -1670.73 -2038.83 0.638998 8.06058 -11.7076 -321.243 -1524.81 -294.17 -0.638998
-7.93519 11.5224 321.448 -1732.1 -1792.59 0.623618 7.37618 -12.2087 -321.448 -1602.37 -367.032 -0.623618
-7.34478 11.698 321.461 -1749.34 -1535.17 0.60602 6.66012 -12.344 -321.461 -1628.83 -439.82 -0.60602
-6.71014 11.564 321.337 -1723.64 -1271.38 0.586288 5.93603 -12.1285 -321.337 -1605.41 -511.614 -0.586288
-6.0735 11.1198 321.322 -1656.66 -1004.23 0.564501 5.16401 -11.5918 -321.322 -1534.56 -579.739 -0.564501
-5.43306 10.4093 321.359 -1554.92 -735.709 0.540742 4.35846 -10.7801 -321.359 -1422.38 -643.994 -0.540742
-4.76465 9.47553 321.389 -1425.01 -468.862 0.515111 3.57917 -9.73529 -321.389 -1274.25 -706.334 -0.515111
-4.06505 8.36338 321.394 -1272.78 -203.827 0.487729 2.80864 -8.51127 -321.394 -1098.18 -763.724 -0.487729
-3.29928 7.1273 321.247 -1107.4 60.9393 0.458724 2.02087 -7.17782 -321.247 -902.461 -809.155 -0.458724
-2.47696 5.78216 320.999 -930.328 321.711 0.428229 1.2111 -5.76251 -320.999 -691.601 -839.591 -0.428229
-1.63677 4.40642 320.784 -752.665 576.192 0.396388 0.379447 -4.33641 -320.784 -475.518 -858.189 -0.396388
-0.803625 3.02594 320.733 -575.535 822.868 0.363357 -0.458464 -2.92074 -320.733 -259.701 -869.133 -0.363357
0.0489503 1.6796 320.685 -402.338 1062.1 0.32931 -1.2643 -1.55536 -320.685 -51.8226 -874.456 -0.32931
0.908328 0.396816 320.598 -236.158 1291.59 0.294433 -2.00252 -0.26766 -320.598 143.222 -878.626 -0.294433
1.73423 -0.790511 320.419 -81.0988 1510.9 0.258918 -2.6901 0.905896 -320.419 319.927 -884.492 -0.258918
2.50003 -1.85649 320.173 57.9478 1717.82 0.222964 -3.35142 1.93413 -320.173 475.164 -890.143 -0.222964
3.21139 -2.74794 319.907 172.761 1913.03 0.186778 -3.98788 2.77265 -319.907 603.453 -895.275 -0.186778
3.88844 -3.46067 319.661 263.678 2095.66 0.150572 -4.5768 3.42897 -319.661 704.918 -899.376 -0.150572
4.53862 -3.99167 319.594 332.568 2265.77 0.114562 -5.11845 3.92067 -319.594 779.738 -901.422 -0.114562
5.15728 -4.30708 319.588 375.398 2423.76 0.0789583 -5.62506 4.23468 -319.588 825.353 -900.746 -0.0789583
5.72977 -4.40276 319.526 391.421 2570.24 0.0439657 -6.12919 4.3702 -319.526 841.816 -895.46 -0.0439657
6.273 -4.28236 319.416 379.94 2703.97 0.0097785 -6.60341 4.31126 -319.416 828.091 -885.782 -0.0097785
6.79938 -3.95475 319.302 340.783 2824.68 -0.0234182 -7.02509 4.04657 -319.302 784.015 -872.883 0.0234182
7.29547 -3.43166 319.271 274.808 2932.7 -0.0554468 -7.40435 3.57579 -319.271 710.324 -857.563 0.0554468
7.74226 -2.70567 319.406 181.449 3030.47 -0.0861362 -7.77747 2.90593 -319.406 607.534 -839.825 0.0861362
8.14669 -1.78069 319.593 63.1814 3115.69 -0.115323 -8.11259 2.06154 -319.593 477.166 -820.884 0.115323
8.5294 -0.6682 319.78 -78.3881 3188.23 -0.142855 -8.38705 1.05518 -319.78 320.992 -800.876 0.142855
8.88637 0.588871 319.916 -238.946 3247.58 -0.168594 -8.60188 -0.0972321 -319.916 142.965 -779.726 0.168594
9.23506 1.94754 320.072 -411.933 3296.06 -0.19242 -8.77133 -1.364 -320.072 -52.9851 -755.291 0.19242
9.54565 3.40128 320.338 -596.939 3336.98 -0.214226 -8.9656 -2.73302 -320.338 -264.647 -725.202 0.214226
9.77308 4.92597 320.673 -792.076 3368.68 -0.233925 -9.19947 -4.18063 -320.673 -487.192 -692.06 0.233925
9.94489 6.49742 320.907 -993.714 3387.73 -0.251442 -9.38636 -5.672 -320.907 -715.956 -660.717 0.251442
10.0753 8.09479 321.073 -1197.69 3392.99 -0.266722 -9.47554 -7.16516 -321.073 -946.28 -635.174 0.266722
10.1251 9.68175 321.336 -1399.43 3386.1 -0.279721 -9.51789 -8.62979 -321.336 -1173.37 -615.421 0.279721
10.0784 11.2251 321.602 -1595.96 3365.98 -0.290405 -9.52193 -10.0637 -321.602 -1395.21 -601.401 0.290405
9.97052 12.687 321.821 -1783.46 3332.03 -0.29876 -9.46587 -11.4387 -321.821 -1606.38 -590.647 0.29876
9.79274 14.0482 321.96 -1957.95 3285.31 -0.304782 -9.38653 -12.7333 -321.96 -1805.12 -580.254 0.304782
9.55691 15.2971 322.045 -2117.97 3226.51 -0.308483 -9.29769 -13.9256 -322.045 -1988.16 -567.329 0.308483
9.30226 16.4144 322.15 -2258.83 3155.63 -0.309889 -9.16553 -14.9737 -322.15 -2151.61 -551.104 0.309889
9.02436 17.4093 322.24 -2382.39 3069.76 -0.30904 -8.97141 -15.8764 -322.24 -2294.73 -531.909 0.30904
8.70657 18.2635 322.343 -2488.97 2967.73 -0.305996 -8.72376 -16.6438 -322.343 -2416.03 -509.727 0.305996
8.36849 18.9232 322.388 -2573.77 2851.28 -0.300831 -8.42463 -17.2756 -322.388 -2512.73 -483.266 0.300831
8.02131 19.3653 322.367 -2634.19 2721.16 -0.29363 -8.07887 -17.7743 -322.367 -2584.53 -451.03 0.29363
7.65709 19.5856 322.31 -2668.76 2578.9 -0.284489 -7.70767 -18.1135 -322.31 -2628.58 -412.666 0.284489
7.26986 19.5773 322.302 -2674.08 2428.53 -0.273516 -7.32702 -18.2486 -322.302 -2641.1 -370.807 0.273516
6.8463 19.3486 322.25 -2646.78 2267.23 -0.260836 -6.9197 -18.1277 -322.25 -2619.26 -326.918 0.260836
6.38455 18.8999 322.175 -2585.79 2093.17 -0.246583 -6.46039 -17.7269 -322.175 -2560.88 -282.979 0.246583
5.89921 18.2133 322.078 -2491.03 1906.36 -0.230898 -5.92511 -17.0684 -322.078 -2466.62 -240.322 0.230898
5.39747 17.273 321.952 -2364.38 1708.2 -0.213917 -5.31536 -16.1846 -321.952 -2336.94 -199.116 0.213917
4.86845 16.0928 321.789 -2210.02 1500.84 -0.19578 -4.66655 -15.1069 -321.789 -2174.02 -158.062 0.19578
4.34488 14.7283 321.757 -2037.82 1294.03 -0.176629 -4.04684 -13.8903 -321.757 -1983.49 -112.722 0.176629
3.80753 13.1456 321.625 -1840.97 1084.18 -0.15661 -3.42992 -12.493 -321.625 -1761.55 -65.9115 0.15661
3.26479 11.3843 321.432 -1624.39 873.171 -0.135869 -2.80631 -10.9343 -321.432 -1511.59 -19.6483 0.135869
2.70018 9.45429 321.266 -1388.48 661.332 -0.114555 -2.18364 -9.19768 -321.266 -1232.22 24.4995 0.114555
2.07824 7.35917 321.094 -1129.07 443.904 -0.0928095 -1.5251 -7.27922 -321.094 -927.615 61.1513 0.0928095
1.3788 5.14381 320.936 -853.942 224.438 -0.0707628 -0.84354 -5.22749 -320.936 -603.097 85.7327 0.0707628
0.621848 2.89045 320.843 -576.394 5.56419 -0.0485304 -0.146933 -3.09996 -320.843 -265 99.5441 0.0485304
-0.181598 0.586363 320.641 -286.048 -214.007 -0.0262179 0.578757 -0.857435 -320.641 83.5803 103.455 0.0262179
-1.00058 -1.68981 320.171 5.72288 -430.51 -0.00392753 1.30566 1.41356 -320.171 430.811 101.967 0.00392753
-1.83324 -3.92514 319.787 297.629 -646.335 0.0182397 2.03736 3.66674 -319.787 769.652 97.228 -0.0182397
-2.64859 -6.02817 319.384 573.403 -856.47 0.0401852 2.75274 5.78071 -319.384 1086.47 91.5446 -0.0401852
-3.44762 -7.98867 319.245 834.037 -1063.84 0.0618144 3.46592 7.73591 -319.245 1376.08 85.7184 -0.0618144
-4.18897 -9.69839 319.025 1061.61 -1264.05 0.0830401 4.16937 9.43212 -319.025 1627.11 82.2269 -0.0830401
-4.86602 -11.1114 318.669 1249.54 -1457.18 0.103787 4.85619 10.8352 -318.669 1834.9 83.0469 -0.103787
-5.50323 -12.2029 318.235 1395.19 -1641.05 0.123991 5.48193 11.9254 -318.235 1995.83 88.8311 -0.123991
-6.15239 -12.9574 317.862 1496.44 -1816.07 0.143594 6.01232 12.6755 -317.862 2106.01 97.4998 -0.143594
-6.80187 -13.37 317.7 1549.56 -1983.07 0.162541 6.51098 13.0536 -317.7 2164 102.597 -0.162541
-7.45703 -13.4462 317.661 1554.37 -2144.09 0.180776 7.02706 13.0606 -317.661 2170.88 98.5118 -0.180776
-8.12955 -13.1829 317.737 1514.11 -2302.3 0.198255 7.58941 12.7357 -317.737 2128.47 82.7024 -0.198255
-8.78034 -12.5676 317.842 1430.7 -2453.07 0.214943 8.17343 12.1211 -317.842 2039.05 59.502 -0.214943
-9.36494 -11.6193 317.891 1306.95 -2593.46 0.23081 8.74604 11.2425 -317.891 1906.08 36.8724 -0.23081
-9.85455 -10.4005 317.988 1150.17 -2717.78 0.245825 9.23195 10.1173 -317.988 1733.46 23.7136 -0.245825
-10.2816 -8.93254 318.146 959.66 -2826.23 0.259942 9.58268 8.72576 -318.146 1522.14 22.4985 -0.259942
-10.6512 -7.23611 318.436 735.944 -2920.85 0.27311 9.83159 7.07568 -318.436 1275.6 29.8609 -0.27311
-10.9449 -5.36155 318.854 489.884 -3004.09 0.285278 10.055 5.2423 -318.854 1000.6 40.1178 -0.285278
-11.215 -3.30621 319.38 221.381 -3081.06 0.296402 10.2825 3.25309 -319.38 700.757 46.8835 -0.296402
-11.4844 -1.12844 319.898 -60.9135 -3151.72 0.306441 10.506 1.16533 -319.898 383.651 48.0557 -0.306441
-11.7085 1.07589 320.268 -343.83 -3213.48 0.315357 10.7459 -0.950247 -320.268 59.5159 44.417 -0.315357
-11.8742 3.30502 320.557 -629.916 -3265.8 0.323116 10.9867 -3.098 -320.557 -269.456 39.4622 -0.323116
-11.956 5.49381 320.864 -911.095 -3303.4 0.329693 11.1669 -5.21424 -320.864 -593.239 40.1488 -0.329693
-11.9506 7.60244 321.216 -1183.24 -3325.47 0.33507 11.2564 -7.26278 -321.216 -905.278 50.3093 -0.33507
-11.8643 9.58044 321.593 -1437.93 -3330.23 0.339231 11.234 -9.17909 -321.593 -1197.84 70.3197 -0.339231
-11.6908 11.4041 321.837 -1672.27 -3316.14 0.342164 11.1175 -10.9339 -321.837 -1466.36 96.9831 -0.342164
-11.4296 13.016 322.065 -1878.76 -3286.64 0.343855 10.9813 -12.4789 -322.065 -1703.5 123.381 -0.343855
-11.1149 14.3986 322.149 -2055.68 -3240.98 0.344299 10.8221 -13.8017 -322.149 -1906.77 144.446 -0.344299
-10.7821 15.528 322.107 -2200.33 -3180.01 0.343504 10.6297 -14.892 -322.107 -2074.06 157.451 -0.343504
-10.4268 16.3746 322.06 -2309.5 -3103.82 0.341494 10.4096 -15.7372 -322.06 -2202.65 162.373 -0.341494
-10.0363 16.9265 322.022 -2382.06 -3009.75 0.338312 10.1312 -16.3285 -322.022 -2290.74 162.587 -0.338312
-9.59454 17.1891 322.014 -2417.28 -2896.42 0.334018 9.77946 -16.6412 -322.014 -2336.38 161.127 -0.334018
-9.10369 17.1539 321.955 -2411.73 -2765.06 0.32868 9.35478 -16.6449 -321.955 -2337.5 158.843 -0.32868
-8.59214 16.8089 321.788 -2364.6 -2615.05 0.322366 8.82937 -16.343 -321.788 -2293.73 155.035 -0.322366
-8.07959 16.1393 321.578 -2276.42 -2450.45 0.315147 8.24124 -15.7548 -321.578 -2205.15 145.653 -0.315147
-7.55444 15.147 321.403 -2149.24 -2274.59 0.307093 7.65112 -14.8981 -321.403 -2072.51 127.113 -0.307093
-7.03873 13.8615 321.262 -1986.42 -2090.22 0.298284 7.06956 -13.7745 -321.262 -1896.8 97.5851 -0.298284
-6.55034 12.32 321.153 -1793.17 -1902.43 0.288811 6.48887 -12.393 -321.153 -1679.29 60.7234 -0.288811
-6.05379 10.5302 321.023 -1569.11 -1709.25 0.278766 5.88693 -10.7475 -321.023 -1420.58 22.6482 -0.278766
-5.47459 8.49491 320.882 -1310.35 -1503.86 0.268242 5.24162 -8.82051 -320.882 -1122.53 -9.90241 -0.268242
-4.79672 6.26282 320.587 -1023.62 -1288.36 0.257327 4.56485 -6.65893 -320.587 -791.833 -34.2755 -0.257327
-4.07481 3.90774 320.35 -725.264 -1068.56 0.246111 3.83547 -4.37719 -320.35 -438.578 -49.3424 -0.246111
-3.31729 1.43048 320.279 -414.337 -841.682 0.234686 3.01927 -1.99707 -320.279 -66.9069 -54.2933 -0.234686
-2.55422 -1.09563 320.114 -96.3529 -615.241 0.223143 2.18202 0.43882 -320.114 312.411 -55.0598 -0.223143
-1.79599 -3.6455 319.816 231.483 -390.676 0.211571 1.36897 2.92957 -319.816 692.912 -58.0279 -0.211571
-1.06333 -6.13033 319.44 558.182 -172.88 0.200051 0.632692 5.39478 -319.44 1061.81 -68.6055 -0.200051
-0.358007 -8.46047 319.099 870.207 40.118 0.188655 -0.0560251 7.74551 -319.099 1407.56 -84.9195 -0.188655
0.302589 -10.5784 318.876 1156.68 250.973 0.177457 -0.750689 9.9167 -318.876 1723.82 -104.556 -0.177457
0.929362 -12.41 318.452 1407.98 455.778 0.166536 -1.43927 11.8294 -318.452 1998.68 -123.771 -0.166536
1.58696 -13.9083 317.916 1616.6 654.127 0.155978 -2.08051 13.4299 -317.916 2225.51 -138.878 -0.155978
2.28906 -15.0401 317.515 1780.08 849.596 0.145865 -2.70539 14.6865 -317.515 2397.66 -147.19 -0.145865
2.97348 -15.7515 317.267 1887.7 1038.29 0.136265 -3.34832 15.5348 -317.267 2509.2 -148.714 -0.136265
3.63754 -16.0277 317.146 1934.83 1218.53 0.127245 -3.99462 15.9239 -317.146 2555.55 -144.204 -0.127245
4.28777 -15.8617 317.123 1919.32 1391.16 0.118869 -4.61839 15.8326 -317.123 2534.89 -137.222 -0.118869
4.89839 -15.2382 317.086 1840.2 1552.66 0.111198 -5.20815 15.2634 -317.086 2446.41 -129.502 -0.111198
5.47754 -14.1748 317.136 1699.12 1701.75 0.104286 -5.7418 14.228 -317.136 2292.54 -121.719 -0.104286
6.03064 -12.7055 317.278 1500 1837.88 0.0981751 -6.20115 12.7344 -317.278 2075.3 -115.107 -0.0981751
6.54561 -10.8861 317.557 1249.3 1963.2 0.0929021 -6.63672 10.8332 -317.557 1803.17 -106.436 -0.0929021
7.01685 -8.77371 318.011 957.785 2078.8 0.0884936 -7.0668 8.60977 -318.011 1485.41 -94.9973 -0.0884936
7.43639 -6.43015 318.586 638.461 2180.92 0.0849675 -7.4646 6.17561 -318.586 1133.36 -81.9223 -0.0849675
7.80924 -3.92074 319.278 302.85 2270.6 0.0823343 -7.82308 3.62932 -319.278 758.529 -68.5375 -0.0823343
8.15259 -1.32294 319.887 -39.8711 2347.55 0.0805972 -8.11942 1.03946 -319.887 372.267 -55.356 -0.0805972
8.43287 1.22788 320.401 -370.569 2409.65 0.0797481 -8.36083 -1.49041 -320.401 -10.9986 -43.9443 -0.0797481
8.61204 3.69641 320.842 -689.656 2457.78 0.0797644 -8.58474 -3.94454 -320.842 -383.671 -35.2866 -0.0797644
8.71291 6.03272 321.209 -991.249 2491.55 0.0806092 -8.75691 -6.2573 -321.209 -735.394 -30.5868 -0.0806092
8.75803 8.20204 321.462 -1269.45 2508.36 0.0822364 -8.82507 -8.36313 -321.462 -1057.97 -31.4338 -0.0822364
8.72439 10.1608 321.601 -1515.92 2506.73 0.0845953 -8.80651 -10.1955 -321.601 -1344.24 -37.1441 -0.0845953
8.61696 11.9056 321.828 -1732.47 2489.13 0.0876331 -8.7363 -11.7597 -321.828 -1592.7 -44.5637 -0.0876331
8.4451 13.3853 322.076 -1913.4 2455.76 0.0912932 -8.61716 -13.0483 -322.076 -1800.81 -52.1938 -0.0912932
8.24248 14.5959 322.189 -2061.12 2403.71 0.0955131 -8.39862 -14.0932 -322.189 -1970.05 -59.5068 -0.0955131
8.05326 15.5219 322.176 -2175.02 2336.41 0.100225 -8.09121 -14.9051 -322.176 -2100.39 -62.22 -0.100225
7.86209 16.1741 322.115 -2255.81 2256.85 0.105355 -7.75363 -15.4925 -322.115 -2193.79 -57.2488 -0.105355
7.64824 16.5597 322.08 -2303.1 2167.79 0.110826 -7.42732 -15.8459 -322.08 -2250.36 -44.4369 -0.110826
7.42142 16.6827 322.059 -2317.09 2068.31 0.116553 -7.0748 -15.961 -322.059 -2269.83 -26.7461 -0.116553
7.15967 16.5398 322.011 -2297.1 1957.91 0.122446 -6.68167 -15.8388 -322.011 -2252.57 -8.79163 -0.122446
6.81606 16.1383 321.897 -2244.13 1836.21 0.128415 -6.25293 -15.4817 -321.897 -2198.94 3.94378 -0.128415
6.35355 15.4846 321.754 -2159.11 1703.77 0.134373 -5.7965 -14.8938 -321.754 -2109.5 6.79076 -0.134373
5.75342 14.5945 321.656 -2044.87 1559.11 0.140238 -5.29259 -14.0894 -321.656 -1985.62 -4.15224 -0.140238
5.06699 13.4911 321.577 -1905.6 1405.97 0.145933 -4.70876 -13.0848 -321.577 -1828.66 -29.9731 -0.145933
4.31689 12.1719 321.397 -1739.07 1242.23 0.151384 -4.0103 -11.8686 -321.397 -1638.88 -70.2644 -0.151384
3.50128 10.6708 321.181 -1549.52 1072.53 0.156518 -3.29672 -10.4609 -321.181 -1419.65 -115.936 -0.156518
2.63554 9.02085 320.978 -1341.12 900.141 0.161265 -2.62098 -8.87198 -320.978 -1172.9 -160.656 -0.161265
1.81009 7.22606 320.872 -1110.59 727.135 0.165558 -1.94547 -7.09775 -320.872 -901.879 -199.088 -0.165558
1.05852 5.35065 320.778 -867.715 550.851 0.16933 -1.22297 -5.20761 -320.778 -615.591 -230.482 -0.16933
0.357666 3.45334 320.624 -622.063 375.606 0.172514 -0.520434 -3.26047 -320.624 -320.988 -253.004 -0.172514
-0.318123 1.57297 320.465 -377.926 202.518 0.175041 0.132349 -1.30659 -320.465 -26.3034 -267.184 -0.175041
-0.985749 -0.243041 320.112 -141.404 29.8594 0.176844 0.770294 0.581643 -320.112 257.724 -278.564 -0.176844
-1.66821 -1.96447 319.753 83.6677 -143.559 0.177862 1.41193 2.35048 -319.753 523.124 -291.784 -0.177862
-2.39589 -3.5296 319.496 288.88 -317.15 0.178043 2.05541 3.92779 -319.496 759.501 -311.438 -0.178043
-3.15968 -4.8687 319.305 464.681 -492.074 0.177337 2.72898 5.27019 -319.305 960.515 -339.048 -0.177337
-3.9387 -5.92221 319.127 604.505 -669.484 0.175699 3.45947 6.3461 -319.127 1119.93 -374.297 -0.175699
-4.73238 -6.65419 318.937 703.518 -846.683 0.173087 4.19992 7.12724 -318.937 1233.54 -413.198 -0.173087
-5.52163 -7.06827 318.828 761.002 -1021.36 0.169469 4.91749 7.58168 -318.828 1298.1 -450.775 -0.169469
-6.23145 -7.14739 318.73 770.493 -1187.22 0.16482 5.59261 7.65534 -318.73 1310.08 -480.035 -0.16482
-6.85234 -6.8901 318.664 732.506 -1343.23 0.159124 6.2011 7.3578 -318.664 1270.1 -497.275 -0.159124
-7.41559 -6.3135 318.748 651.558 -1490.71 0.152362 6.72249 6.73245 -318.748 1182.14 -502.704 -0.152362
-7.92777 -5.42375 318.938 530.974 -1629.45 0.144524 7.19464 5.808 -318.938 1047.78 -502.76 -0.144524
-8.41309 -4.25931 319.184 376.774 -1761.91 0.135614 7.65136 4.63553 -319.184 873.585 -503.13 -0.135614
-8.89826 -2.85999 319.424 192.9 -1887.92 0.125656 8.09287 3.2331 -319.424 663.741 -507.775 -0.125656
-9.3838 -1.28691 319.689 -13.6294 -2009.13 0.114691 8.54772 1.63706 -319.689 424.927 -519.099 -0.114691
-9.87953 0.416409 320.144 -239.924 -2127.13 0.102776 9.01552 -0.126498 -320.144 164.039 -536.856 -0.102776
-10.3391 2.16834 320.648 -470.724 -2237.11 0.0899837 9.46445 -1.95007 -320.648 -107.616 -554.881 -0.0899837
-10.6969 3.97853 320.963 -708.467 -2335.32 0.0764064 9.89543 -3.80568 -320.963 -385.012 -567.802 -0.0764064
-10.954 5.77979 321.202 -943.332 -2418.58 0.062147 10.2485 -5.61181 -321.202 -657.077 -570.555 -0.062147
-11.1525 7.50491 321.347 -1165.52 -2485.77 0.0473131 10.467 -7.30382 -321.347 -915.087 -562.192 -0.0473131
-11.2803 9.11501 321.525 -1370.43 -2537.45 0.0320182 10.5917 -8.85935 -321.525 -1155.04 -546.182 -0.0320182
-11.3003 10.5839 321.689 -1557.58 -2575.6 0.0163872 10.7161 -10.2714 -321.689 -1372.74 -528.493 -0.0163872
-11.2513 11.8794 321.874 -1723.64 -2600.56 0.000560092 10.83 -11.5194 -321.874 -1564.13 -512.748 -0.000560092
-11.1874 12.9653 322.009 -1863.48 -2609.17 -0.0153065 10.8551 -12.5805 -322.009 -1725.99 -498.734 0.0153065
-11.0933 13.8266 322.029 -1976.43 -2600.71 -0.0310411 10.8041 -13.4489 -322.029 -1856.11 -486.785 0.0310411
-10.9409 14.4497 321.949 -2057.95 -2573.99 -0.0464641 10.6964 -14.0801 -321.949 -1950.85 -476.869 0.0464641
-10.699 14.8469 321.845 -2106.91 -2527.94 -0.0613948 10.5478 -14.4447 -321.845 -2008.96 -467.898 0.0613948
-10.3136 15.0084 321.734 -2121.62 -2461.07 -0.0756566 10.3776 -14.5361 -321.734 -2029.79 -456.505 0.0756566
-9.76795 14.9209 321.63 -2102.89 -2370.23 -0.0890819 10.1412 -14.3812 -321.63 -2014.46 -437.208 0.0890819
-9.0997 14.5925 321.525 -2053.51 -2252.77 -0.101518 9.74952 -14.0088 -321.525 -1965.35 -405.422 0.101518
-8.34819 14.0387 321.412 -1976.86 -2109.2 -0.112829 9.17044 -13.4443 -321.412 -1884.86 -361.652 0.112829
-7.5379 13.2779 321.291 -1876.29 -1943.54 -0.122897 8.45616 -12.7058 -321.291 -1774.73 -312.64 0.122897
-6.69194 12.3408 321.173 -1754.45 -1759.72 -0.131615 7.68372 -11.7999 -321.173 -1637.57 -268.517 0.131615
-5.84087 11.2475 321.04 -1611.92 -1559.46 -0.138885 6.88875 -10.7235 -321.04 -1475.2 -236.871 0.138885
-5.01701 10.0067 320.953 -1448.13 -1345.84 -0.144616 6.07715 -9.47995 -320.953 -1289.87 -219.997 0.144616
-4.22998 8.65966 320.795 -1269.85 -1119.44 -0.148725 5.23737 -8.12102 -320.795 -1087.89 -217.036 0.148725
-3.45928 7.24706 320.714 -1085.57 -882.709 -0.151141 4.36754 -6.69978 -320.714 -873.941 -222.419 0.151141
-2.64505 5.80438 320.633 -899.708 -636.673 -0.151808 3.48528 -5.25375 -320.633 -653.853 -229.188 0.151808
-1.74571 4.37033 320.615 -715.461 -378.396 -0.150685 2.55151 -3.8012 -320.615 -432.449 -228.969 0.150685
-0.785798 2.99802 320.474 -537.581 -108.088 -0.147745 1.52233 -2.37515 -320.474 -217.076 -218.835 0.147745
0.224013 1.70785 320.269 -368.047 173.299 -0.142983 0.395488 -1.01026 -320.269 -13.4964 -199.03 0.142983
1.26295 0.548961 320.076 -215.327 459.056 -0.136413 -0.771604 0.225086 -320.076 170.243 -173.838 0.136413
2.31813 -0.455093 320.011 -81.7675 745.67 -0.128066 -1.93704 1.30408 -320.011 329.41 -147.448 0.128066
3.34312 -1.28418 319.985 30.673 1029.18 -0.117982 -3.08708 2.19561 -319.985 458.758 -124.362 0.117982
4.32129 -1.90494 319.95 115.71 1305.83 -0.106207 -4.16626 2.85077 -319.95 553.012 -110.97 0.106207
5.26635 -2.27245 319.977 166.066 1575.4 -0.0928027 -5.17421 3.22424 -319.977 606.779 -105.174 0.0928027
6.16995 -2.36645 319.931 179.451 1836.15 -0.0778364 -6.14452 3.31519 -319.931 619.379 -101.713 0.0778364
7.05116 -2.17165 319.871 155.1 2087.6 -0.0613872 -7.08496 3.13318 -319.871 590.78 -96.3375 0.0613872
7.91024 -1.70446 319.876 94.6694 2326.5 -0.0435469 -7.99927 2.68155 -319.876 522.094 -85.2452 0.0435469
8.74563 -0.993233 319.978 1.94982 2550.05 -0.0244239 -8.87129 1.96882 -319.978 414.711 -68.1348 0.0244239
9.55902 -0.0485459 320.114 -122.983 2756.71 -0.00414311 -9.68617 1.00307 -320.114 271.182 -45.317 0.00414311
10.3492 1.10356 320.315 -278.677 2949.77 0.0171567 -10.4639 -0.20063 -320.315 95.8336 -17.4502 -0.0171567
11.0683 2.36799 320.649 -450.334 3125.5 0.0393238 -11.1921 -1.5679 -320.649 -102.329 10.7093 -0.0393238
11.6672 3.7394 320.9 -639.597 3278.65 0.0621971 -11.8518 -3.08178 -320.9 -318.516 34.8809 -0.0621971
12.1381 5.1563 321.079 -836.176 3406.17 0.085615 -12.403 -4.65256 -321.079 -541.776 51.3654 -0.085615
12.4319 6.54459 321.086 -1030.05 3502.55 0.109424 -12.824 -6.20887 -321.086 -761.683 55.7345 -0.109424
12.5302 7.85318 321.115 -1215.03 3567.45 0.133477 -13.1323 -7.6954 -321.115 -969.482 48.2001 -0.133477
12.4369 9.00673 321.292 -1379.73 3600.36 0.157637 -13.3302 -9.0256 -321.292 -1153.81 30.1086 -0.157637
12.1613 9.9439 321.388 -1514.1 3596.39 0.181765 -13.3801 -10.1236 -321.388 -1305.43 2.39083 -0.181765
11.7702 10.6282 321.317 -1612.16 3554.24 0.205724 -13.2347 -10.94 -321.317 -1418.25 -30.903 -0.205724
11.3098 11.0269 321.115 -1669.34 3475.57 0.229382 -12.9133 -11.4364 -321.115 -1486.87 -62.301 -0.229382
10.7995 11.1264 320.889 -1683.51 3363.88 0.25261 -12.4858 -11.5911 -320.889 -1508.41 -82.7051 -0.25261
10.2542 10.9213 320.699 -1654.03 3223.24 0.275287 -12.0127 -11.4029 -320.699 -1482.63 -85.6515 -0.275287
9.71104 10.4107 320.567 -1582.46 3055.27 0.297288 -11.4789 -10.8896 -320.567 -1410.34 -69.6014 -0.297288
9.19881 9.60915 320.485 -1472.47 2859.16 0.318492 -10.8242 -10.0841 -320.485 -1294.5 -38.1689 -0.318492
8.70101 8.5634 320.533 -1333.8 2641.85 0.338781 -10.0849 -9.03974 -320.533 -1139.46 4.46822 -0.338781
8.13014 7.27999 320.38 -1165.37 2398.96 0.358044 -9.27777 -7.7612 -320.38 -947.873 52.784 -0.358044
7.46752 5.80844 320.172 -974.185 2130.54 0.376181 -8.37587 -6.29426 -320.172 -726.126 100.341 -0.376181
6.73695 4.2078 320.048 -768.627 1843.28 0.393098 -7.38234 -4.69644 -320.048 -482.214 144.247 -0.393098
5.9084 2.48344 319.952 -546.473 1540.73 0.4087 -6.3028 -2.97244 -319.952 -219.784 177.542 -0.4087
4.98388 0.689949 320.117 -314.04 1222.55 0.422896 -5.13421 -1.17657 -320.117 52.1791 200.436 -0.422896
4.00213 -1.10339 320.202 -83.5125 898.128 0.435598 -3.92062 0.620204 -320.202 326.158 215.17 -0.435598
2.95013 -2.88832 319.971 147.402 565.508 0.446726 -2.67536 2.40734 -319.971 597.209 223.773 -0.446726
1.82152 -4.62732 319.612 375.54 228.945 0.456205 -1.45135 4.14651 -319.612 857.834 228.546 -0.456205
0.675422 -6.25662 319.297 590.552 -102.848 0.463973 -0.286508 5.77424 -319.297 1100.51 234.409 -0.463973
-0.442033 -7.7215 319.089 782.713 -430.869 0.469985 0.886762 7.22694 -319.089 1318.34 239.358 -0.469985
-1.55421 -9.02525 318.98 954.154 -759.118 0.474203 2.10226 8.50805 -318.98 1510.13 239.375 -0.474203
-2.6701 -10.1174 319.081 1099.21 -1083.05 0.4766 3.32035 9.59172 -319.081 1670.82 234.227 -0.4766
-3.74414 -10.9718 319.025 1212.94 -1396.67 0.477169 4.49451 10.4477 -319.025 1797.43 230.865 -0.477169
-4.77915 -11.5888 318.767 1293.78 -1696.69 0.475926 5.5946 11.0514 -318.767 1888.13 229.855 -0.475926
-5.76855 -11.9676 318.455 1342.49 -1979.87 0.472895 6.61972 11.4019 -318.455 1941.9 229.018 -0.472895
-6.71582 -12.0973 318.264 1356.56 -2244.53 0.468104 7.57483 11.4954 -318.264 1959.19 225.477 -0.468104
-7.6337 -11.9923 318.318 1339.28 -2491.08 0.46159 8.46198 11.3478 -318.318 1940.96 217.586 -0.46159
-8.50782 -11.6575 318.41 1292.06 -2717.09 0.453398 9.2746 10.9777 -318.41 1889.13 205.845 -0.453398
-9.33711 -11.1115 318.474 1218.68 -2922.04 0.443573 10.0247 10.4158 -318.474 1806.8 188.224 -0.443573
-10.1491 -10.3595 318.499 1119.11 -3107.6 0.43216 10.7066 9.66538 -318.499 1695.24 163.299 -0.43216
-10.9154 -9.42552 318.504 995.596 -3272.53 0.419201 11.3307 8.7394 -318.504 1557.38 132.393 -0.419201
-11.6089 -8.33714 318.544 850.915 -3415.15 0.404745 11.8905 7.6554 -318.544 1396.79 98.526 -0.404745
-12.1889 -7.12123 318.66 688.506 -3532.22 0.38885 12.3666 6.43945 -318.66 1217.47 66.8887 -0.38885
-12.6286 -5.77588 318.908 508.829 -3623.42 0.371582 12.755 5.10741 -318.908 1020.92 41.4827 -0.371582
-12.9464 -4.33625 319.14 318.952 -3686.88 0.353003 13.0103 3.72107 -319.14 813.69 24.2468 -0.353003
-13.1472 -2.82155 319.291 122.936 -3723.02 0.333174 13.1368 2.31562 -319.291 599.364 14.3157 -0.333174
-13.2199 -1.25728 319.405 -75.681 -3733.98 0.312156 13.1824 0.901796 -319.405 379.499 8.63029 -0.312156
-13.1884 0.298154 319.554 -270.787 -3721.58 0.290023 13.1654 -0.502971 -319.554 158.63 3.10153 -0.290023
-13.1017 1.83609 319.742 -463.626 -3686.57 0.266856 13.0607 -1.9192 -319.742 -63.6612 -4.88006 -0.266856
-12.9663 3.34294 319.91 -653.427 -3630.51 0.242753 12.8888 -3.33503 -319.91 -284.565 -17.5531 -0.242753
-12.7725 4.79881 320.095 -837.377 -3555.23 0.217829 12.6835 -4.72225 -320.095 -500.142 -36.4657 -0.217829
-12.5318 6.20359 320.291 -1014.86 -3460.58 0.192215 12.4205 -6.05681 -320.291 -707.604 -59.9888 -0.192215
-12.2308 7.5187 320.498 -1178.12 -3347.01 0.166052 12.101 -7.28407 -320.498 -901.612 -85.9316 -0.166052
-11.853 8.73312 320.731 -1327.34 -3214.25 0.139491 11.7262 -8.40683 -320.731 -1080.84 -112.45 -0.139491
-11.3735 9.82338 320.882 -1461.5 -3061.37 0.11269 11.2904 -9.42571 -320.882 -1243.07 -136.172 -0.11269
-10.8033 10.7491 320.955 -1577.11 -2889.39 0.0858084 10.7837 -10.3307 -320.955 -1384.74 -156.23 -0.0858084
-10.1797 11.4996 320.966 -1673.26 -2699.45 0.0590059 10.1789 -11.1172 -320.966 -1504.59 -172.88 -0.0590059
-9.51627 12.0452 321.029 -1744.24 -2493.8 0.0324456 9.49737 -11.7366 -321.029 -1597.33 -188.825 -0.0324456
-8.80343 12.3929 321.157 -1790.51 -2274.97 0.00629482 8.80498 -12.1733 -321.157 -1661.3 -209.419 -0.00629482
-8.06086 12.5422 321.337 -1810.68 -2047.98 -0.0192761 8.12118 -12.395 -321.337 -1693.28 -235.158 0.0192761
-7.3118 12.4911 321.427 -1803.78 -1812.28 -0.0440964 7.40704 -12.3797 -321.427 -1690.85 -264.381 0.0440964
-6.52901 12.2088 321.379 -1766.27 -1564.47 -0.0680022 6.65896 -12.1198 -321.379 -1652.17 -296.151 0.0680022
-5.68587 11.6759 321.212 -1697.29 -1305.97 -0.0908412 5.89599 -11.636 -321.212 -1578.27 -328.01 0.0908412
-4.79157 10.8827 321.136 -1597.21 -1035.75 -0.112472 5.07295 -10.9339 -321.136 -1468.21 -355.92 0.112472
-3.89082 9.853 321.217 -1468.8 -759.151 -0.132764 4.17685 -10.0193 -321.217 -1323.41 -379.02 0.132764
-2.97726 8.62506 321.22 -1314.57 -476.23 -0.151598 3.23549 -8.89091 -321.22 -1146.51 -400.251 0.151598
-2.06756 7.22477 321.202 -1137.71 -192.647 -0.168871 2.31847 -7.55871 -321.202 -939.373 -426.08 0.168871
-1.1486 5.66362 321.08 -940.15 95.2276 -0.184482 1.42265 -6.04958 -321.08 -705.467 -457.861 0.184482
-0.22133 3.99289 320.857 -728.925 381.759 -0.198328 0.553437 -4.40608 -320.857 -450.942 -490.855 0.198328
0.714368 2.26194 320.699 -508.078 667.865 -0.210321 -0.317739 -2.65272 -320.699 -182.137 -521.958 0.210321
1.66703 0.495727 320.675 -278.211 955.652 -0.220388 -1.21586 -0.812276 -320.675 94.8349 -548.576 0.220388
2.66047 -1.24071 320.626 -43.9625 1249.62 -0.228466 -2.16937 1.05742 -320.626 367.343 -567.87 0.228466
3.69487 -2.89951 320.594 187.624 1548.59 -0.234506 -3.15798 2.88632 -320.594 625.858 -581.497 0.234506
4.71347 -4.37027 320.247 394.151 1844.17 -0.238478 -4.13909 4.51541 -320.247 854.933 -595.031 0.238478
5.71343 -5.64255 319.944 573.332 2138.86 -0.240371 -5.1238 5.90656 -319.944 1050.02 -609.8 0.240371
6.65749 -6.63256 319.619 713.339 2421.69 -0.240196 -6.01798 6.97747 -319.619 1199.61 -633.297 0.240196
7.55331 -7.29906 319.403 808.274 2694.2 -0.237975 -6.81425 7.68707 -319.403 1298.04 -667.035 0.237975
8.40854 -7.64296 319.281 856.017 2960.57 -0.233737 -7.6062 8.01735 -319.281 1345.03 -700.956 0.233737
9.24057 -7.67113 319.264 856.719 3224.65 -0.227514 -8.45137 7.95536 -319.264 1339.57 -728.413 0.227514
10.0893 -7.39447 319.431 812.444 3488.49 -0.21936 -9.33503 7.53486 -319.431 1285.87 -747.908 0.21936
10.9458 -6.80774 319.529 725.008 3744.33 -0.209359 -10.185 6.80126 -319.529 1187.77 -763.082 0.209359
11.8203 -5.95463 319.62 602.668 3991.02 -0.19762 -10.9763 5.81984 -319.62 1052.31 -774.883 0.19762
12.6936 -4.89298 319.824 450.696 4227.98 -0.184262 -11.7318 4.617 -319.824 886.073 -782.214 0.184262
13.4962 -3.70434 320.049 279.906 4452.76 -0.169413 -12.4823 3.25945 -320.049 699.07 -788.013 0.169413
14.2173 -2.43874 320.234 97.7603 4664.93 -0.153208 -13.2336 1.80961 -320.234 499.642 -792.617 0.153208
14.861 -1.14768 320.391 -85.9243 4857.5 -0.135795 -13.9159 0.354124 -320.391 297.381 -798.249 0.135795
15.4309 0.121644 320.587 -262.484 5030.46 -0.117329 -14.5003 -1.01587 -320.587 103.065 -808.441 0.117329
15.919 1.33659 320.84 -428.488 5186.15 -0.0979683 -15.0194 -2.26551 -320.84 -77.2522 -822.105 0.0979683
16.2965 2.42321 320.938 -576.526 5317.87 -0.0778782 -15.4451 -3.3721 -320.938 -237.399 -840.532 0.0778782
16.5458 3.31477 320.852 -700.562 5423.37 -0.0572229 -15.787 -4.31978 -320.852 -371.806 -862.6 0.0572229
16.6659 3.98789 320.697 -798.398 5503.53 -0.0361629 -16.0685 -5.08809 -320.697 -476.515 -886.039 0.0361629
16.6979 4.4175 320.537 -863.464 5557.54 -0.0148508 -16.2541 -5.61612 -320.537 -546.01 -909.265 0.0148508
16.6698 4.5923 320.42 -892.659 5585.54 0.00656678 -16.3351 -5.87326 -320.42 -577.51 -929.717 -0.00656678
16.5606 4.49015 320.3 -883.357 5587.19 0.027945 -16.349 -5.84593 -320.3 -568.614 -944.705 -0.027945
16.3757 4.10143 320.118 -834.889 5561.67 0.0491374 -16.2975 -5.53194 -320.118 -518.339 -952.489 -0.0491374
16.1326 3.43689 319.857 -747.835 5508.46 0.0699977 -16.1639 -4.92604 -319.857 -426.873 -952.362 -0.0699977
15.8268 2.52648 319.542 -625.769 5427.14 0.090384 -15.9466 -4.04299 -319.542 -296.924 -944.817 -0.090384
15.4561 1.38826 319.222 -472.019 5318.35 0.110163 -15.6481 -2.91262 -319.222 -131.896 -930.405 -0.110163
15.0353 0.0517122 318.956 -291.796 5182.61 0.129209 -15.2547 -1.58623 -318.956 62.0737 -909.532 -0.129209
14.5772 -1.44142 318.843 -90.8295 5023.5 0.147403 -14.785 -0.0967124 -318.843 280.227 -881.34 -0.147403
14.0734 -3.03783 318.764 124.833 4842.49 0.164631 -14.2492 1.51877 -318.764 515.901 -847.053 -0.164631
13.5111 -4.68112 318.456 350.006 4634.76 0.180783 -13.609 3.21736 -318.456 760.329 -809.04 -0.180783
12.9018 -6.3349 318.038 578.161 4403.5 0.195762 -12.8872 4.95475 -318.038 1008.7 -765.634 -0.195762
12.2345 -7.93861 317.665 800.335 4154.31 0.209483 -12.1128 6.653 -317.665 1250.52 -719.914 -0.209483
11.5271 -9.42253 317.612 1006.3 3892.97 0.221875 -11.3166 8.24655 -317.612 1477.01 -670.81 -0.221875
10.766 -10.755 317.597 1191.95 3616.57 0.232871 -10.4691 9.69852 -317.597 1682.63 -621.454 -0.232871
9.97558 -11.8591 317.487 1343.88 3329.03 0.242418 -9.55751 10.9298 -317.487 1858.89 -574.129 -0.242418
9.17417 -12.7311 317.308 1465.9 3032.02 0.250486 -8.56742 11.9515 -317.308 2003 -529.965 -0.250486
8.34531 -13.3268 316.988 1552.6 2727.07 0.257067 -7.5403 12.7179 -316.988 2107.71 -486.945 -0.257067
7.48294 -13.6402 316.818 1602.53 2421.41 0.262168 -6.55579 13.1925 -316.818 2168.52 -441.955 -0.262168
6.59838 -13.6359 316.78 1609.14 2116 0.26581 -5.60839 13.327 -316.78 2180.19 -395.123 -0.26581
5.72854 -13.2739 316.925 1565.86 1812.35 0.268026 -4.66477 13.0965 -316.925 2140.21 -347.455 -0.268026
4.85865 -12.5482 317.209 1471.85 1508.14 0.268858 -3.70931 12.4998 -317.209 2048.4 -300.895 -0.268858
3.95995 -11.4705 317.385 1330.11 1206.6 0.268366 -2.77384 11.5421 -317.385 1904.12 -258.228 -0.268366
3.02696 -10.0655 317.707 1145.31 909.383 0.266623 -1.85615 10.2449 -317.707 1709.21 -222.175 -0.266623
2.07912 -8.3682 318.06 922.765 619.933 0.263711 -0.952145 8.63707 -318.06 1467.3 -194.031 -0.263711
1.09086 -6.3957 318.456 662.699 333.317 0.259716 -0.0458903 6.73068 -318.456 1182.3 -174.681 -0.259716
0.0686814 -4.18541 319.002 372.052 52.7038 0.254734 0.835836 4.58176 -319.002 860.376 -162.618 -0.254734
-0.926718 -1.83046 319.71 68.5868 -216.183 0.24887 1.68726 2.30573 -319.71 513.071 -154.23 -0.24887
-1.8819 0.638057 320.383 -243.398 -477.574 0.242231 2.54323 -0.0614567 -320.383 145.507 -148.292 -0.242231
-2.82067 3.15623 320.841 -558.546 -729.952 0.234924 3.34327 -2.47878 -320.841 -232.926 -141.163 -0.234924
-3.71324 5.68477 321.339 -878.185 -973.408 0.227051 4.09184 -4.94117 -321.339 -614.656 -129.196 -0.227051
-4.51877 8.17254 321.957 -1197.65 -1208 0.21871 4.82764 -7.39628 -321.957 -989.807 -112.041 -0.21871
-5.26307 10.5848 322.471 -1511.52 -1430.62 0.209995 5.5211 -9.78578 -322.471 -1350.72 -92.2521 -0.209995
-5.95012 12.8179 322.863 -1802.48 -1639.49 0.200992 6.14811 -11.9974 -322.863 -1684.37 -68.7948 -0.200992
-6.56721 14.844 323.113 -2068.16 -1833.66 0.191792 6.7359 -14.0087 -323.113 -1986.08 -44.6476 -0.191792
-7.1541 16.6485 323.298 -2310.1 -2018.47 0.182487 7.29462 -15.8224 -323.298 -2252.58 -21.4784 -0.182487
-7.73076 18.1622 323.407 -2518.65 -2192.37 0.173166 7.78775 -17.3729 -323.407 -2474.63 1.48842 -0.173166
-8.26297 19.3486 323.377 -2683.87 -2351.58 0.163915 8.23122 -18.5999 -323.377 -2648.55 23.0569 -0.163915
-8.72451 20.1928 323.311 -2802 -2494.25 0.154821 8.64431 -19.4653 -323.311 -2770.65 42.3249 -0.154821
-9.11857 20.6811 323.189 -2870.38 -2619.92 0.145967 9.01109 -19.9522 -323.189 -2839.32 60.6499 -0.145967
-9.43725 20.8073 323.031 -2888.64 -2727.56 0.137433 9.32172 -20.0677 -323.031 -2855.02 79.4645 -0.137433
-9.68315 20.5739 322.855 -2857.91 -2816.92 0.129293 9.56667 -19.8286 -322.855 -2819.34 99.5238 -0.129293
-9.88231 19.9945 322.669 -2780.28 -2888.55 0.12162 9.72954 -19.2523 -322.669 -2734.54 119.994 -0.12162
-10.04 19.0961 322.452 -2660.08 -2942.87 0.114484 9.81968 -18.3612 -322.452 -2603.26 139.256 -0.114484
-10.1292 17.9048 322.209 -2500.47 -2980.38 0.107946 9.87999 -17.1751 -322.209 -2428.77 155.595 -0.107946
-10.1363 16.459 321.957 -2307.93 -3000.15 0.102059 9.91288 -15.733 -321.957 -2215.47 169.629 -0.102059
-10.0681 14.7936 321.69 -2089.15 -3002.2 0.0968643 9.90978 -14.0889 -321.69 -1969.18 181.636 -0.0968643
-9.94521 12.9222 321.37 -1845.8 -2987.49 0.0923894 9.84732 -12.2737 -321.37 -1694.45 192.961 -0.0923894
-9.7669 10.8984 321.106 -1584.84 -2955.7 0.0886516 9.71074 -10.3253 -321.106 -1397.2 205.453 -0.0886516
-9.53762 8.77445 320.903 -1312.38 -2908.68 0.0856606 9.50888 -8.27692 -320.903 -1083.35 219.113 -0.0856606
-9.27714 6.58449 320.641 -1032.01 -2847.79 0.0834213 9.2444 -6.1638 -320.641 -759.028 232.145 -0.0834213
-9.00308 4.35131 320.274 -745.685 -2773.21 0.0819316 8.91174 -4.01336 -320.274 -429.344 243.027 -0.0819316
-8.74023 2.14805 319.99 -463.321 -2689.79 0.0811799 8.54838 -1.88745 -319.99 -103.352 247.859 -0.0811799
-8.46595 0.0285631 319.699 -192.374 -2598.46 0.0811445 8.19925 0.167579 -319.699 212.326 244.439 -0.0811445
-8.20311 -2.00695 319.456 70.7847 -2501.66 0.0817958 7.85886 2.15561 -319.456 514.571 232.751 -0.0817958
-7.96281 -3.87885 319.278 315.165 -2399.21 0.0830963 7.49298 4.00251 -319.278 792.774 215.871 -0.0830963
-7.70747 -5.55568 319.025 535.33 -2290.89 0.0850027 7.11521 5.67386 -319.025 1043.11 196.943 -0.0850027
-7.38872 -7.00696 318.634 726.838 -2175.42 0.0874688 6.7413 7.12789 -318.634 1259.87 179.247 -0.0874688
-7.00807 -8.20017 318.247 885.019 -2052.01 0.0904471 6.34001 8.32283 -318.247 1437.28 166.175 -0.0904471
-6.59098 -9.11499 318.061 1006.14 -1922.54 0.0938897 5.89202 9.23497 -318.061 1572.9 158.723 -0.0938897
-6.12325 -9.72839 317.984 1088.17 -1787.01 0.09775 5.41232 9.85071 -317.984 1663.59 156.785 -0.09775
-5.59235 -9.98867 317.889 1125.45 -1648.01 0.101983 4.95182 10.1541 -317.889 1705.51 157.567 -0.101983
-4.9983 -9.88484 317.791 1117.12 -1506.56 0.106545 4.52768 10.1361 -317.791 1696.72 159.664 -0.106545
-4.38925 -9.41552 317.732 1060.84 -1363.17 0.111388 4.09768 9.76801 -317.732 1635.32 162.759 -0.111388
-3.78864 -8.58349 317.759 955.352 -1216.55 0.116466 3.62922 9.02787 -317.759 1519.88 166.857 -0.116466
-3.23338 -7.40832 317.958 801.864 -1069.9 0.121735 3.12913 7.91145 -317.958 1351.35 168.997 -0.121735
-2.70994 -5.91087 318.239 602.847 -922.555 0.12715 2.62957 6.43171 -318.239 1132 165.918 -0.12715
-2.2237 -4.15874 318.773 373.109 -778.447 0.132667 2.18183 4.67197 -318.773 868.238 153.579 -0.132667
-1.75228 -2.147 319.264 109.763 -635.047 0.138245 1.78123 2.64897 -319.264 564.604 133.258 -0.138245
-1.30112 0.0522436 319.703 -174.484 -491.108 0.143846 1.38699 0.447188 -319.703 230.39 108.668 -0.143846
-0.88576 2.3639 320.152 -469.318 -348.206 0.149436 0.974833 -1.85843 -320.152 -123.635 82.6117 -0.149436
-0.46876 4.74633 320.57 -771.524 -203.271 0.154976 0.534873 -4.23841 -320.57 -490.684 58.6638 -0.154976
-0.0396301 7.13904 321.17 -1078.88 -58.6767 0.160426 0.0974393 -6.65782 -321.17 -859.574 36.4043 -0.160426
0.421853 9.45857 321.833 -1382.02 89.9655 0.165753 -0.353123 -9.0489 -321.833 -1218.41 16.4823 -0.165753
0.881393 11.6198 322.332 -1667.7 239.328 0.170928 -0.81828 -11.3168 -322.332 -1555.16 -2.38612 -0.170928
1.28677 13.5805 322.695 -1930.93 383.852 0.175924 -1.27956 -13.3898 -322.695 -1858.79 -24.5738 -0.175924
1.66607 15.2733 322.812 -2157.86 522.728 0.180703 -1.6913 -15.1683 -322.812 -2119.68 -51.7402 -0.180703
2.06119 16.643 322.778 -2340.96 656.365 0.185226 -2.0274 -16.5931 -322.778 -2329.29 -82.0851 -0.185226
2.44708 17.652 322.749 -2475.54 785.812 0.18946 -2.3437 -17.6328 -322.749 -2482.62 -112.335 -0.18946
2.81893 18.2816 322.805 -2560.97 914.893 0.193376 -2.71268 -18.2832 -322.805 -2577.06 -136.809 -0.193376
3.17362 18.491 322.809 -2592.44 1041 0.196941 -3.10372 -18.5246 -322.809 -2608.94 -157.64 -0.196941
3.52301 18.2651 322.66 -2566.19 1160.57 0.200114 -3.47088 -18.3386 -322.66 -2577.3 -176.059 -0.200114
3.86416 17.613 322.355 -2482.13 1272.69 0.202849 -3.79948 -17.7177 -322.355 -2482.45 -193.619 -0.202849
4.18302 16.5431 322.084 -2342.23 1377.56 0.205096 -4.09967 -16.6766 -322.084 -2325.68 -211.084 -0.205096
4.47211 15.0747 321.909 -2152.91 1474.01 0.206806 -4.36484 -15.2645 -321.909 -2110.2 -229.258 -0.206806
4.75564 13.2381 321.745 -1918.27 1563.51 0.207926 -4.59599 -13.5178 -321.745 -1841.25 -246.066 -0.207926
5.02333 11.0677 321.532 -1644.45 1646.33 0.208396 -4.82529 -11.4688 -321.532 -1522.13 -258.71 -0.208396
5.24956 8.62055 321.284 -1337.8 1720.83 0.208162 -5.05632 -9.14743 -321.284 -1158.65 -268.651 -0.208162
5.4805 5.94484 321.061 -1000.26 1791.31 0.207172 -5.28566 -6.56476 -321.061 -757.239 -274.176 -0.207172
5.73628 3.09119 320.8 -634.884 1857.45 0.205379 -5.46507 -3.75512 -320.8 -326.76 -278.925 -0.205379
5.99652 0.1564 320.527 -253.663 1915.44 0.202742 -5.56428 -0.80351 -320.527 119.214 -286.197 -0.202742
6.23397 -2.83227 320.256 143.198 1965.6 0.199226 -5.61936 2.23684 -320.256 569.57 -295.063 -0.199226
6.4241 -5.73639 319.831 530.454 2010.52 0.19481 -5.69044 5.16857 -319.831 1002.39 -303.12 -0.19481
6.57835 -8.52881 319.433 903.135 2053.07 0.189486 -5.78254 7.93499 -319.433 1410.85 -310.921 -0.189486
6.6674 -11.0776 318.855 1243.14 2085.9 0.183249 -5.82793 10.428 -318.855 1779.33 -324.733 -0.183249
6.66806 -13.2897 318.249 1541.36 2108.96 0.176106 -5.83271 12.6216 -318.249 2100.21 -346.911 -0.176106
6.57233 -15.109 317.703 1790.96 2123.05 0.168078 -5.7978 14.4886 -317.703 2368.63 -379.249 -0.168078
6.40477 -16.4886 317.362 1984.48 2129.81 0.15921 -5.71915 15.9538 -317.362 2574.86 -420.497 -0.15921
6.14197 -17.4376 317.08 2119.55 2127.56 0.149563 -5.60968 16.9963 -317.08 2719.64 -470.457 -0.149563
5.80187 -17.9248 316.821 2191.66 2116.83 0.139215 -5.48085 17.5726 -316.821 2796.99 -525.537 -0.139215
5.42497 -17.9476 316.592 2198.85 2098 0.128256 -5.31733 17.6605 -316.592 2805.37 -582.579 -0.128256
5.04296 -17.5177 316.438 2141.5 2071.79 0.116783 -5.12244 17.2554 -316.438 2745.37 -637.393 -0.116783
4.67754 -16.6394 316.402 2021.98 2039.12 0.104897 -4.91024 16.3846 -316.402 2619.09 -685.891 -0.104897
4.35171 -15.3367 316.505 1844.88 2001.06 0.0927002 -4.69055 15.092 -316.505 2431.49 -724.517 -0.0927002
4.07243 -13.6341 316.769 1613.68 1958.04 0.0802862 -4.47017 13.404 -316.769 2186.23 -751.784 -0.0802862
3.8566 -11.572 317.158 1334.29 1911.07 0.0677452 -4.26449 11.3542 -317.158 1887.79 -764.16 -0.0677452
3.6917 -9.22281 317.647 1016.17 1858.69 0.055165 -4.05841 9.00832 -317.647 1546.15 -764.071 -0.055165
3.55329 -6.65645 318.197 668.338 1800.8 0.0426334 -3.85975 6.4217 -318.197 1169.88 -753.748 -0.0426334
3.39476 -4.00446 318.842 312.491 1738.04 0.0302387 -3.68471 3.70999 -318.842 771.997 -738.091 -0.0302387
3.21159 -1.29 319.56 -52.6983 1669.82 0.018071 -3.49409 0.898178 -319.56 360.619 -722.657 -0.018071
2.98855 1.32923 320.182 -402.609 1592.31 0.0062225 -3.23147 -1.8466 -320.182 -43.2524 -713.676 -0.0062225
2.68916 3.79585 320.828 -729.668 1506.59 -0.00521247 -2.93283 -4.4424 -320.828 -427.603 -712.292 0.00521247
2.33339 6.05266 321.255 -1027.43 1415.12 -0.0161397 -2.60884 -6.81333 -321.255 -780.171 -716.655 0.0161397
1.96035 8.0108 321.481 -1283.72 1318.66 -0.0264707 -2.24939 -8.86564 -321.481 -1087.47 -723.467 0.0264707
1.54457 9.66453 321.536 -1499.72 1215.7 -0.036126 -1.88825 -10.5823 -321.536 -1345.13 -730.033 0.036126
1.12655 10.944 321.624 -1667.47 1110.2 -0.0450344 -1.55158 -11.9131 -321.624 -1544.19 -730.965 0.0450344
0.733857 11.8276 321.701 -1784.82 1002.5 -0.0531272 -1.21981 -12.8504 -321.701 -1682.74 -725.464 0.0531272
0.372202 12.2934 321.705 -1847.55 892.922 -0.0603314 -0.89652 -13.363 -321.705 -1757.5 -712.553 0.0603314
0.0364711 12.3297 321.622 -1853.52 782.577 -0.0665659 -0.600852 -13.4368 -321.622 -1767.01 -691.372 0.0665659
-0.273351 11.948 321.481 -1803.85 672.129 -0.0717464 -0.340196 -13.078 -321.481 -1712.62 -661.548 0.0717464
-0.551595 11.1669 321.308 -1701.51 560.756 -0.0757959 -0.0812 -12.3011 -321.308 -1596.02 -626.148 0.0757959
-0.809603 10.0239 321.188 -1551.55 447.51 -0.0786519 0.18768 -11.1297 -321.188 -1420.71 -587.432 0.0786519
-1.07915 8.5525 321.059 -1355.14 330.223 -0.0802671 0.461015 -9.57175 -321.059 -1191.41 -546.932 0.0802671
-1.3784 6.80546 320.877 -1120.14 210.557 -0.0806082 0.705853 -7.68731 -320.877 -916.088 -504.232 0.0806082
-1.71454 4.83719 320.7 -856.695 89.3662 -0.0796563 0.925796 -5.57164 -320.7 -605.619 -461.704 0.0796563
-2.07506 2.7406 320.58 -582.799 -35.0122 -0.0774068 1.16317 -3.35133 -320.58 -272.86 -421.871 0.0774068
-2.46219 0.521255 320.37 -293.606 -165.369 -0.0738648 1.45599 -1.04232 -320.37 74.307 -387.593 0.0738648
-2.85189 -1.72978 320.002 -2.1168 -297.939 -0.0690424 1.77323 1.24801 -320.002 421.005 -354.907 0.0690424
-3.23366 -3.99501 319.647 292.229 -433.493 -0.0629666 2.10848 3.49829 -319.647 761.203 -320.669 0.0629666
-3.58904 -6.19252 319.302 577.891 -569.503 -0.0556878 2.42187 5.64026 -319.302 1085.34 -279.212 0.0556878
-3.92069 -8.26372 319.002 846.806 -706.461 -0.0472796 2.70881 7.62713 -319.002 1386.68 -229.776 0.0472796
-4.23166 -10.2009 318.771 1097.87 -847.978 -0.0378283 3.01047 9.4468 -318.771 1663.54 -174.958 0.0378283
-4.48249 -11.9589 318.593 1323.09 -989.492 -0.0274247 3.31747 11.047 -318.593 1910.23 -112.462 0.0274247
-4.7167 -13.5277 318.353 1521.89 -1131.69 -0.0161642 3.61379 12.4378 -318.353 2127.31 -45.4599 0.0161642
-4.98896 -14.8842 318.098 1693.88 -1277.14 -0.00414928 3.88921 13.6299 -318.098 2313.46 22.3785 0.00414928
-5.29475 -16.0229 317.852 1838.57 -1426.46 0.00851296 4.18454 14.6283 -317.852 2469.08 86.5866 -0.00851296
-5.58875 -16.9376 317.688 1956.27 -1580.59 0.021717 4.56611 15.4422 -317.688 2594.3 145.134 -0.021717
-5.88663 -17.6096 317.574 2044.01 -1737.34 0.0353626 4.99 16.0671 -317.574 2688.79 199.814 -0.0353626
-6.21382 -18.0325 317.492 2101.77 -1893.54 0.0493532 5.40293 16.497 -317.492 2750.86 251.375 -0.0493532
-6.53674 -18.1929 317.389 2127.76 -2047 0.0635916 5.80801 16.7211 -317.389 2778.91 301.912 -0.0635916
-6.80371 -18.0832 317.286 2118.35 -2194.95 0.0779796 6.21795 16.7032 -317.286 2770.37 354.129 -0.0779796
-7.03599 -17.7059 317.202 2071.98 -2337.34 0.0924225 6.60704 16.415 -317.202 2723.22 408.602 -0.0924225
-7.26107 -17.0545 317.179 1987.28 -2472.46 0.106829 6.93843 15.8396 -317.179 2635.52 464.948 -0.106829
-7.49325 -16.1309 317.246 1865.04 -2600.75 0.12111 7.23311 14.9742 -317.246 2506.36 518.655 -0.12111
-7.75272 -14.9449 317.423 1707.05 -2723.13 0.135179 7.51663 13.837 -317.423 2337.89 564.215 -0.135179
-8.05194 -13.5112 317.598 1514.95 -2841.01 0.148959 7.81215 12.4441 -317.598 2132.77 598.055 -0.148959
-8.38051 -11.8832 317.835 1298.19 -2952.85 0.162385 8.13744 10.8464 -317.835 1896.24 617.587 -0.162385
-8.73364 -10.0702 318.174 1058.58 -3058.55 0.175404 8.4995 9.06735 -318.174 1631.08 622.415 -0.175404
-9.10166 -8.09543 318.495 797.958 -3157.5 0.187974 8.86198 7.14013 -318.495 1343.39 618.386 -0.187974
-9.46192 -6.01067 318.865 523.082 -3245.79 0.200059 9.16865 5.114 -318.865 1040.59 612.663 -0.200059
-9.77449 -3.87698 319.369 242.542 -3322.86 0.211632 9.43277 3.03807 -319.369 729.589 608.448 -0.211632
-10.0011 -1.74214 319.738 -36.8639 -3385.41 0.222661 9.64411 0.964483 -319.738 417.622 609.254 -0.222661
-10.1683 0.31653 320.041 -303.229 -3435.08 0.233115 9.79632 -1.01684 -320.041 116.275 613.874 -0.233115
-10.2505 2.27947 320.272 -553.617 -3469.53 0.242963 9.89976 -2.8756 -320.272 -170.377 622.117 -0.242963
-10.26 4.10834 320.441 -784.045 -3489.21 0.252182 9.96478 -4.57645 -320.441 -435.96 631.266 -0.252182
-10.2098 5.78006 320.621 -995.066 -3494.34 0.260762 9.99697 -6.12259 -320.621 -677.123 638.915 -0.260762
-10.0992 7.24683 320.786 -1179.3 -3484.48 0.268699 10.0038 -7.46964 -320.786 -888.303 643.67 -0.268699
-9.92625 8.48759 320.961 -1333 -3459.18 0.275991 9.98826 -8.59346 -320.961 -1066.88 644.941 -0.275991
-9.69969 9.4907 321.057 -1455.96 -3414.79 0.282643 9.89973 -9.49405 -321.057 -1211.44 644.977 -0.282643
-9.41801 10.2413 321.02 -1547.94 -3349.48 0.288661 9.72295 -10.1787 -321.02 -1321.15 644.313 -0.288661
-9.05509 10.7415 320.93 -1608.59 -3263.08 0.294051 9.49169 -10.6408 -320.93 -1395.74 641.688 -0.294051
-8.61879 11.0081 320.862 -1636.87 -3157.49 0.298816 9.22209 -10.8564 -320.862 -1435.22 635.634 -0.298816
-8.1083 11.0525 320.837 -1634.58 -3032.92 0.302952 8.91797 -10.8337 -320.837 -1440.58 625.947 -0.302952
-7.54184 10.8742 320.816 -1603.81 -2887.94 0.306462 8.54518 -10.6019 -320.816 -1413.72 613.43 -0.306462
-6.95557 10.4863 320.753 -1547.9 -2722.3 0.309348 8.07268 -10.1939 -320.753 -1357.79 597.129 -0.309348
-6.35825 9.91238 320.636 -1469.99 -2538.29 0.31162 7.51416 -9.62777 -320.636 -1275.5 576.171 -0.31162
-5.74292 9.18235 320.498 -1373.1 -2338.73 0.313289 6.91911 -8.91462 -320.498 -1169.59 547.413 -0.313289
-5.11391 8.32708 320.368 -1260.46 -2126.26 0.314366 6.31929 -8.06885 -320.368 -1043.18 508.412 -0.314366
-4.49978 7.36174 320.352 -1133.45 -1902.63 0.314865 5.69392 -7.10089 -320.352 -898.52 459.816 -0.314865
-3.87352 6.3132 320.339 -994.171 -1665.75 0.314801 5.03792 -6.03283 -320.339 -740.364 404.058 -0.314801
-3.20586 5.21974 320.273 -847.213 -1415.23 0.314193 4.33952 -4.9002 -320.273 -574.503 346.481 -0.314193
-2.53969 4.13805 320.285 -704.051 -1155.84 0.31306 3.60401 -3.77872 -320.285 -408.058 285.099 -0.31306
-1.8254 3.05826 320.283 -562.865 -881.377 0.311419 2.80299 -2.67917 -320.283 -242.985 224.651 -0.311419
-1.06807 2.02388 320.235 -430.547 -598.059 0.309285 1.96561 -1.64813 -320.235 -85.0519 166.542 -0.309285
-0.311359 1.05389 320.099 -306.934 -310.035 0.306668 1.08953 -0.690284 -320.099 62.2507 109.107 -0.306668
0.443945 0.195608 319.895 -196.723 -19.3921 0.303576 0.200782 0.172378 -319.895 193.882 50.6608 -0.303576
1.1973 -0.529454 319.842 -102.236 273.54 0.300016 -0.663333 0.921552 -319.842 306.568 -13.7969 -0.300016
1.9121 -1.11436 319.945 -26.5554 562.339 0.295997 -1.4738 1.51734 -319.945 396.81 -87.0652 -0.295997
2.61677 -1.57448 320.082 32.5625 850.198 0.291523 -2.27421 1.95097 -320.082 463.288 -162.231 -0.291523
3.31421 -1.88954 320.102 71.8606 1135.37 0.286597 -3.07334 2.20745 -320.102 504.301 -235.916 -0.286597
4.01596 -2.0237 320.119 87.6576 1418.81 0.281217 -3.87957 2.28655 -320.119 518.468 -306.29 -0.281217
4.74856 -1.96175 320.195 79.6833 1702.24 0.275374 -4.71246 2.20074 -320.195 505.677 -368.611 -0.275374
5.49678 -1.71141 320.236 48.3282 1979.66 0.269046 -5.52327 1.95664 -320.236 467.552 -425.871 -0.269046
6.25033 -1.28722 320.296 -5.60109 2246.89 0.262204 -6.27701 1.55036 -320.296 404.782 -480.248 -0.262204
6.96278 -0.707926 320.34 -78.7276 2498.95 0.254818 -6.96448 0.998332 -320.34 318.93 -534.581 -0.254818
7.64052 0.0374827 320.481 -173.244 2740.26 0.246863 -7.60737 0.301849 -320.481 210.827 -589.357 -0.246863
8.28677 0.929124 320.67 -287.572 2972.1 0.238321 -8.24434 -0.537753 -320.67 81.8774 -639.974 -0.238321
8.87188 1.92663 320.904 -416.929 3192.84 0.229176 -8.88244 -1.50343 -320.904 -64.6389 -687.979 -0.229176
9.39145 3.0277 321.026 -561.409 3397.77 0.219414 -9.47904 -2.5858 -321.026 -226.982 -735.27 -0.219414
9.84897 4.21013 321.121 -716.488 3584.53 0.209027 -9.99076 -3.74333 -321.121 -400.72 -785.107 -0.209027
10.2641 5.43928 321.28 -877.374 3754.39 0.198016 -10.4095 -4.94171 -321.28 -580.96 -837.128 -0.198016
10.5956 6.7046 321.427 -1043.47 3903.56 0.186386 -10.7559 -6.16487 -321.427 -764.551 -890.453 -0.186386
10.8508 7.99298 321.62 -1214.39 4033.61 0.174144 -11.0523 -7.39622 -321.62 -947.708 -942.443 -0.174144
11.0662 9.24115 321.764 -1382.54 4142.53 0.161303 -11.2529 -8.61051 -321.764 -1125.59 -992.457 -0.161303
11.2533 10.3904 321.83 -1539.83 4231.19 0.147892 -11.376 -9.76987 -321.83 -1292.7 -1037.17 -0.147892
11.3903 11.4336 321.865 -1682.85 4301.8 0.133948 -11.4845 -10.8272 -321.865 -1444.86 -1072.99 -0.133948
11.4675 12.3678 321.884 -1806.93 4353.24 0.119512 -11.5772 -11.7299 -321.884 -1578.91 -1100.35 -0.119512
11.5142 13.1721 321.879 -1910.74 4385.11 0.104631 -11.6057 -12.464 -321.879 -1691.28 -1121.51 -0.104631
11.5211 13.8212 321.837 -1993.79 4395.86 0.0893526 -11.5481 -13.0468 -321.837 -1781.35 -1139.32 -0.0893526
11.4642 14.2973 321.77 -2054.68 4385.42 0.0737348 -11.4187 -13.4778 -321.77 -1847.94 -1155.07 -0.0737348
11.3315 14.6007 321.697 -2092.82 4354.77 0.0578401 -11.2371 -13.7503 -321.697 -1890.73 -1168.67 -0.0578401
11.1363 14.7382 321.626 -2107.99 4305.36 0.0417361 -11.0044 -13.8552 -321.626 -1909.63 -1179.51 -0.0417361
10.8954 14.7097 321.553 -2100.87 4238.77 0.0254928 -10.7216 -13.8004 -321.553 -1905.05 -1186.7 -0.0254928
10.621 14.522 321.46 -2072.31 4156.5 0.00918271 -10.3932 -13.591 -321.46 -1877.79 -1189.39 -0.00918271
10.3137 14.1986 321.356 -2023.97 4060.25 -0.00712042 -10.0376 -13.227 -321.356 -1829.55 -1186.6 0.00712042
9.9671 13.7542 321.26 -1958.25 3951.82 -0.0233411 -9.67413 -12.7284 -321.26 -1762.76 -1178.31 0.0233411
9.60013 13.1841 321.141 -1877.4 3830.23 -0.0394022 -9.26397 -12.1354 -321.141 -1680.17 -1166.33 0.0394022
9.22949 12.4948 321.017 -1784.55 3697.9 -0.0552232 -8.80568 -11.4839 -321.017 -1584.61 -1150.92 0.0552232
8.80153 11.7141 320.896 -1681.07 3555.8 -0.0707168 -8.36163 -10.765 -320.896 -1477.36 -1131.85 0.0707168
8.3202 10.8797 320.85 -1569.66 3406.96 -0.0857908 -7.94207 -9.98466 -320.85 -1361.88 -1110.13 0.0857908
7.82709 10 320.786 -1453.04 3250.98 -0.100352 -7.48715 -9.15882 -320.786 -1238.83 -1087.93 0.100352
7.32403 9.07793 320.671 -1332.39 3085.49 -0.114308 -6.96216 -8.30316 -320.671 -1109.66 -1067.49 0.114308
6.80457 8.14631 320.552 -1211.11 2913.05 -0.127568 -6.40781 -7.43559 -320.552 -978.116 -1046.55 0.127568
6.27419 7.21738 320.421 -1089.3 2737.49 -0.140042 -5.87188 -6.54431 -320.421 -844.138 -1021.47 0.140042
5.73693 6.31029 320.266 -968.906 2559.44 -0.151641 -5.35103 -5.64346 -320.266 -710.474 -992.774 0.151641
5.21073 5.4446 320.182 -854.392 2379.23 -0.162279 -4.83708 -4.76738 -320.182 -580.226 -959.413 0.162279
4.6979 4.62822 320.091 -746.782 2197.64 -0.171875 -4.32506 -3.93769 -320.091 -456.522 -922.541 0.171875
4.20748 3.90528 320.106 -652.132 2018.4 -0.18035 -3.83073 -3.18666 -320.106 -344.04 -882.394 0.18035
3.71828 3.27489 320.05 -567.482 1837.17 -0.187637 -3.33935 -2.49895 -320.05 -243.463 -839.673 0.187637
3.24154 2.76137 319.939 -496.746 1656.21 -0.193682 -2.85059 -1.91356 -319.939 -159.772 -795.119 0.193682
2.79865 2.37972 319.88 -443.516 1476.73 -0.198435 -2.35393 -1.45888 -319.88 -95.4762 -748.397 0.198435
2.37127 2.14165 319.878 -408.663 1300.37 -0.201853 -1.87785 -1.14867 -319.878 -53.2851 -699.731 0.201853
1.94514 2.05314 319.899 -393.543 1127.38 -0.203903 -1.43572 -1.00244 -319.899 -35.4205 -649.471 0.203903
1.54784 2.11985 319.935 -400.168 958.3 -0.204564 -1.0068 -1.04037 -319.935 -43.5016 -597.212 0.204564
1.16673 2.33138 320.01 -426.234 794.55 -0.203816 -0.607862 -1.25046 -320.01 -76.688 -543.783 0.203816
0.756806 2.68221 320.089 -472.111 636.16 -0.201645 -0.266201 -1.62752 -320.089 -133.104 -491.699 0.201645
0.315804 3.1513 320.191 -535.84 480.136 -0.198046 0.0438353 -2.16079 -320.191 -210.237 -441.888 0.198046
-0.141301 3.72515 320.341 -613.747 324.229 -0.193024 0.382189 -2.81108 -320.341 -304.361 -398.414 0.193024
-0.602315 4.39299 320.492 -701.489 168.569 -0.186596 0.760944 -3.52862 -320.492 -411.308 -361.396 0.186596
-1.06425 5.13507 320.628 -796.839 14.7862 -0.178779 1.14717 -4.28935 -320.628 -527.149 -327.42 0.178779
-1.53544 5.919 320.818 -898.958 -136.436 -0.169594 1.50586 -5.09719 -320.818 -648.72 -293.424 0.169594
-2.01121 6.69424 320.993 -1002.33 -281.857 -0.159065 1.79713 -5.92693 -320.993 -770.89 -256.391 0.159065
-2.48377 7.43811 321.16 -1101.69 -424.296 -0.147228 2.0449 -6.73602 -321.16 -889.773 -215.774 0.147228
-2.93755 8.15333 321.32 -1196.68 -566.891 -0.134132 2.30838 -7.49476 -321.32 -1001.92 -174.568 0.134132
-3.35274 8.80693 321.473 -1283.27 -710.808 -0.119835 2.61293 -8.1762 -321.473 -1102.93 -132.389 0.119835
-3.75198 9.35686 321.563 -1359.18 -855.009 -0.104398 2.93733 -8.78686 -321.563 -1190.12 -90.4748 0.104398
-4.15958 9.76616 321.641 -1420.89 -1001.19 -0.0878865 3.25254 -9.30978 -321.641 -1259.41 -46.4685 0.0878865
-4.56834 10.0239 321.708 -1463.96 -1149.2 -0.0703728 3.57082 -9.69561 -321.708 -1306.78 -1.23518 0.0703728
-4.93829 10.1398 321.759 -1485.94 -1296.85 -0.0519374 3.91015 -9.89513 -321.759 -1329.11 46.1346 0.0519374
-5.26589 10.1055 321.738 -1484.32 -1443.13 -0.0326685 4.25639 -9.87897 -321.738 -1323.64 97.1038 0.0326685
-5.58352 9.91458 321.733 -1460.08 -1588.94 -0.0126608 4.58851 -9.66543 -321.733 -1291.04 150.99 0.0126608
-5.88192 9.56306 321.7 -1414.14 -1732.08 0.00798651 4.90017 -9.27877 -321.7 -1233.24 207.77 -0.00798651
-6.13752 9.06145 321.615 -1348.68 -1872.64 0.0291712 5.22307 -8.73981 -321.615 -1152.47 266.417 -0.0291712
-6.36619 8.41843 321.501 -1266.34 -2011.88 0.0507883 5.56727 -8.08093 -321.501 -1051.85 324.541 -0.0507883
-6.62151 7.64936 321.401 -1169.69 -2151.25 0.0727333 5.9123 -7.32645 -321.401 -934.389 378.949 -0.0727333
-6.91535 6.78349 321.322 -1061.33 -2288.57 0.0949072 6.2385 -6.48363 -321.322 -802.631 428.56 -0.0949072
-7.21538 5.84332 321.214 -941.185 -2423.99 0.117216 6.58674 -5.5461 -321.214 -658.907 472.335 -0.117216
-7.50546 4.87833 321.027 -814.061 -2555.63 0.13957 6.95836 -4.53439 -321.027 -508.252 510.465 -0.13957
-7.7932 3.91117 320.771 -685.051 -2681.29 0.161877 7.3168 -3.49583 -320.771 -355.405 544.835 -0.161877
-8.09518 2.95307 320.618 -557.208 -2800.99 0.18405 7.63252 -2.47284 -320.618 -204.855 577.27 -0.18405
-8.41346 2.05649 320.525 -438.656 -2912.31 0.205999 7.89526 -1.51558 -320.525 -62.8933 606.512 -0.205999
-8.72001 1.24146 320.392 -330.383 -3016.88 0.22764 8.16213 -0.639697 -320.392 66.4493 630.107 -0.22764
-8.99187 0.539225 320.18 -236.477 -3113.74 0.248891 8.4509 0.123605 -320.18 178.489 647.841 -0.248891
-9.22257 -0.020702 319.969 -159.941 -3202.25 0.269672 8.74898 0.754641 -319.969 269.313 661.726 -0.269672
-9.39519 -0.411099 319.801 -103.838 -3279.99 0.289906 9.02687 1.23441 -319.801 335.488 675.891 -0.289906
-9.50489 -0.605886 319.685 -72.3332 -3344.21 0.309516 9.2452 1.53196 -319.685 373.168 693.774 -0.309516
-9.55222 -0.596665 319.621 -68.1142 -3393.36 0.328425 9.38415 1.61729 -319.621 379.642 716.548 -0.328425
-9.53495 -0.368981 319.583 -93.5894 -3426.54 0.346554 9.45141 1.47247 -319.583 352.772 742.537 -0.346554
-9.4779 0.0845397 319.566 -149.034 -3444.3 0.363825 9.45515 1.09763 -319.566 291.814 767.686 -0.363825
-9.42517 0.745641 319.606 -232.292 -3448.97 0.380157 9.40751 0.495845 -319.606 197.606 786.407 -0.380157
-9.40378 1.59978 319.701 -342.402 -3442.67 0.395468 9.33297 -0.331964 -319.701 71.3609 793.589 -0.395468
-9.40971 2.63425 319.87 -477.795 -3427.68 0.409679 9.27391 -1.3673 -319.87 -84.1062 786.127 -0.409679
-9.40581 3.82222 320.063 -633.602 -3404.4 0.422722 9.261 -2.5673 -320.063 -263.866 765.338 -0.422722
-9.36246 5.12536 320.274 -804.458 -3369.29 0.434533 9.25022 -3.89361 -320.274 -462.515 738.008 -0.434533
-9.26707 6.50977 320.486 -988.118 -3318.54 0.445056 9.16795 -5.32758 -320.486 -674.906 712.447 -0.445056
-9.12026 7.90918 320.708 -1174.04 -3250.83 0.454236 8.96704 -6.7983 -320.708 -892.313 693.866 -0.454236
-8.90028 9.28554 320.983 -1356.23 -3166.74 0.462017 8.6695 -8.24958 -320.983 -1107.49 682.803 -0.462017
-8.59373 10.6177 321.261 -1532.03 -3068.58 0.468347 8.34071 -9.64308 -321.261 -1314.72 674.263 -0.468347
-8.2279 11.8519 321.468 -1693.96 -2959.51 0.473183 8.0028 -10.9228 -321.468 -1506.07 664.461 -0.473183
-7.83917 12.9608 321.611 -1836.91 -2839.77 0.476491 7.64333 -12.0502 -321.611 -1677.39 650.292 -0.476491
-7.44034 13.9226 321.707 -1958.74 -2711.83 0.478248 7.28099 -12.9981 -321.707 -1823.93 629.776 -0.478248
-7.03144 14.7187 321.716 -2057.67 -2575.44 0.478439 6.91121 -13.7673 -321.716 -1944.98 603.327 -0.478439
-6.62137 15.3317 321.727 -2133.72 -2430.76 0.477065 6.5151 -14.3635 -321.727 -2038.87 572.473 -0.477065
-6.18758 15.7471 321.785 -2184.97 -2277.98 0.474136 6.10821 -14.7793 -321.785 -2104.43 538.407 -0.474136
-5.72207 15.9657 321.861 -2211.17 -2117.81 0.469672 5.69015 -15.0113 -321.861 -2141.57 503.011 -0.469672
-5.2404 15.9749 321.859 -2210.91 -1948.62 0.463695 5.22944 -15.051 -321.859 -2148.7 466.886 -0.463695
-4.75278 15.781 321.789 -2185.24 -1773.1 0.456229 4.73675 -14.9054 -321.789 -2126.65 429.788 -0.456229
-4.24833 15.3935 321.748 -2137.17 -1595.49 0.447304 4.26227 -14.5921 -321.748 -2076.25 390.433 -0.447304
-3.71961 14.8007 321.666 -2063.75 -1413.24 0.436957 3.79296 -14.093 -321.666 -1996.23 349.147 -0.436957
-3.21023 14.0157 321.596 -1966.52 -1228.12 0.425229 3.30754 -13.4169 -321.596 -1888.12 304.549 -0.425229
-2.71014 13.028 321.512 -1843.55 -1037.91 0.412163 2.78983 -12.5555 -321.512 -1751.25 258.123 -0.412163
-2.21895 11.8415 321.442 -1695.27 -845.863 0.397808 2.28029 -11.5049 -321.442 -1585.14 207.469 -0.397808
-1.70286 10.48 321.301 -1526.02 -650.977 0.382217 1.7783 -10.287 -321.301 -1391.91 156.428 -0.382217
-1.15279 8.95134 321.118 -1336.48 -455.905 0.36545 1.30371 -8.90638 -321.118 -1172.63 106.135 -0.36545
-0.577045 7.29052 320.969 -1131.85 -261.813 0.34757 0.847379 -7.39238 -320.969 -931.097 57.8655 -0.34757
0.00583304 5.513 320.822 -911.764 -66.9182 0.32864 0.36681 -5.7416 -320.822 -669.408 13.206 -0.32864
0.568621 3.64771 320.655 -681.048 131.347 0.30873 -0.170406 -3.98942 -320.655 -391.761 -29.685 -0.30873
1.0841 1.71152 320.484 -441.816 328.482 0.287917 -0.728797 -2.16239 -320.484 -102.15 -75.1131 -0.287917
1.54302 -0.259955 320.278 -195.445 521.382 0.266285 -1.26127 -0.276714 -320.278 193.521 -127.888 -0.266285
1.98519 -2.2262 320.049 55.6218 710.27 0.243927 -1.72957 1.6478 -320.049 489.213 -188.024 -0.243927
2.44772 -4.18382 319.882 314.658 896.194 0.220948 -2.1172 3.6031 -319.882 780.033 -253.675 -0.220948
2.8843 -6.02116 319.607 559.944 1077.52 0.197456 -2.47093 5.45412 -319.607 1053.05 -323.147 -0.197456
3.28977 -7.71768 319.376 788.141 1259.16 0.173563 -2.87414 7.15869 -319.376 1302.78 -390.365 -0.173563
3.6984 -9.2289 319.116 992.641 1441.02 0.149384 -3.32775 8.66464 -319.116 1522.26 -450.292 -0.149384
4.11887 -10.4997 318.797 1165.08 1621.97 0.125043 -3.788 9.92343 -318.797 1705.28 -506.743 -0.125043
4.51285 -11.4847 318.439 1299.93 1797.25 0.100666 -4.2414 10.9081 -318.439 1847.21 -562.218 -0.100666
4.86269 -12.1608 318.23 1394.56 1965.82 0.0763815 -4.67198 11.6058 -318.23 1945.62 -620.419 -0.0763815
5.17087 -12.5136 318.136 1444.88 2124.51 0.0523262 -5.03287 11.9844 -318.136 1998.09 -684.401 -0.0523262
5.43906 -12.5337 318.103 1450.85 2273.06 0.0286389 -5.33718 12.0371 -318.103 2002.34 -751.832 -0.0286389
5.68869 -12.2167 318.068 1412.67 2414.47 0.00546053 -5.60725 11.7693 -318.068 1958.34 -819.572 -0.00546053
5.9294 -11.5798 318.045 1331.43 2548.8 -0.0170684 -5.86501 11.1832 -318.045 1867.73 -883.255 0.0170684
6.16643 -10.6447 318.074 1208.38 2677.05 -0.0388126 -6.15399 10.2785 -318.074 1732.24 -937.021 0.0388126
6.4181 -9.44315 318.197 1048.96 2798.3 -0.0596464 -6.45301 9.08983 -318.197 1555.77 -980.362 0.0596464
6.69393 -7.98123 318.481 854.473 2913.06 -0.079454 -6.7481 7.64851 -318.481 1342.28 -1014.41 0.079454
6.96614 -6.28153 318.865 627.691 3020.67 -0.0981279 -7.05638 5.97319 -318.865 1094.8 -1040 0.0981279
7.22319 -4.41469 319.248 377.027 3119.69 -0.115572 -7.35012 4.11319 -319.248 821.76 -1061.23 0.115572
7.45609 -2.43667 319.632 111.001 3207.65 -0.131702 -7.60476 2.12793 -319.632 530.855 -1080.34 0.131702
7.63184 -0.391762 319.976 -164.268 3282.59 -0.146444 -7.82339 0.052605 -319.976 227.145 -1099.55 0.146444
7.75856 1.59607 320.29 -431.46 3343.18 -0.159727 -7.98857 -1.99395 -320.29 -72.5915 -1118.88 0.159727
7.8712 3.49789 320.72 -686.232 3392.64 -0.171482 -8.10319 -3.96581 -320.72 -362.167 -1136.2 0.171482
7.95163 5.27277 321.054 -925.546 3427.72 -0.181646 -8.16858 -5.81648 -321.054 -632.335 -1150.65 0.181646
7.98161 6.85154 321.178 -1140.56 3448.5 -0.190175 -8.21917 -7.48003 -321.178 -872.951 -1160.02 0.190175
7.97245 8.18586 321.279 -1324.23 3457.77 -0.197042 -8.27665 -8.90916 -321.279 -1077.62 -1162.47 0.197042
7.95953 9.22454 321.335 -1469.06 3453.54 -0.202233 -8.28027 -10.0503 -321.335 -1239.11 -1159.59 0.202233
7.95419 9.91685 321.316 -1568.29 3434.21 -0.20575 -8.20328 -10.8585 -321.316 -1350.75 -1151.92 0.20575
7.91387 10.2448 321.223 -1618.95 3400.49 -0.207603 -8.10243 -11.3118 -321.223 -1409.85 -1138.19 0.207603
7.8201 10.2028 321.096 -1618.08 3353.98 -0.207806 -8.01783 -11.3664 -321.096 -1412.51 -1116.95 0.207806
7.69007 9.79775 320.939 -1564.8 3294.23 -0.206378 -7.92332 -11.0015 -320.939 -1357.59 -1089.01 0.206378
7.55628 9.03447 320.757 -1460.82 3220.89 -0.203345 -7.7749 -10.2321 -320.757 -1246.18 -1055.64 0.203345
7.42367 7.9214 320.582 -1309.85 3134.66 -0.198747 -7.5673 -9.09834 -320.582 -1081.42 -1017.58 0.198747
7.2596 6.49496 320.449 -1119.14 3037.15 -0.192633 -7.35411 -7.66142 -320.449 -869.753 -973.501 0.192633
7.04841 4.7809 320.269 -892.617 2929.43 -0.185066 -7.15262 -5.95243 -320.269 -615.249 -924.233 0.185066
6.82231 2.84078 319.986 -638.421 2810.32 -0.17612 -6.89155 -4.02506 -319.986 -325.964 -874.086 0.17612
6.62247 0.728424 319.721 -362.844 2682.25 -0.165872 -6.53773 -1.92229 -319.721 -9.21159 -824.366 0.165872
6.40193 -1.50112 319.623 -70.8338 2548.53 -0.154401 -6.18031 0.305889 -319.623 325.199 -772.439 0.154401
6.13999 -3.81047 319.514 234.787 2410.28 -0.141788 -5.84747 2.62168 -319.514 669.516 -718.377 0.141788
5.87016 -6.10251 319.175 541.154 2266.02 -0.128119 -5.48384 4.93582 -319.175 1010.42 -663.779 0.128119
5.56591 -8.32471 318.824 840.11 2114.87 -0.113495 -5.0921 7.19693 -318.824 1341.48 -611.087 0.113495
5.19199 -10.4221 318.393 1123.56 1957.38 -0.0980262 -4.70089 9.33201 -318.393 1652.79 -561.786 0.0980262
4.78044 -12.3334 318.024 1382.63 1795.12 -0.081823 -4.2851 11.2763 -318.024 1935.51 -516.456 0.081823
4.34559 -14.0137 317.672 1610.1 1629.86 -0.0650007 -3.83669 12.9914 -317.672 2185.19 -475.998 0.0650007
3.84663 -15.4141 317.367 1799.15 1460.6 -0.0476774 -3.39258 14.421 -317.367 2393.81 -439.939 0.0476774
3.30739 -16.5105 317.14 1945.88 1288.57 -0.029969 -2.94439 15.5323 -317.14 2557.33 -407.345 0.029969
2.75208 -17.2998 316.942 2050.16 1113.77 -0.0119858 -2.48327 16.3245 -316.942 2675.3 -376.056 0.0119858
2.16838 -17.7493 316.813 2108.69 937.382 0.00616577 -2.02259 16.7884 -316.813 2745.12 -347.118 -0.00616577
1.57648 -17.841 316.7 2121.29 757.744 0.0243806 -1.54537 16.9325 -316.7 2765.66 -318.405 -0.0243806
1.01307 -17.5763 316.608 2087.09 576.103 0.0425519 -1.04365 16.7469 -316.608 2736.58 -287.137 -0.0425519
0.475078 -16.9671 316.637 2006.79 394.243 0.0605702 -0.53914 16.2195 -316.637 2657.16 -252.479 -0.0605702
-0.050912 -16.0297 316.788 1882.71 211.897 0.0783237 -0.0556351 15.3602 -316.788 2528.76 -212.703 -0.0783237
-0.556285 -14.7767 317.006 1716.74 31.6381 0.0957013 0.389955 14.1761 -317.006 2352.26 -166.801 -0.0957013
-1.05877 -13.2038 317.233 1508.75 -148.263 0.112596 0.833983 12.6775 -317.233 2128.61 -120.634 -0.112596
-1.55857 -11.3512 317.557 1265.8 -326.573 0.128909 1.27918 10.9093 -317.557 1862.76 -75.8512 -0.128909
-2.07285 -9.24491 318.013 990.383 -506.258 0.144552 1.75037 8.88916 -318.013 1558.31 -35.3794 -0.144552
-2.61323 -6.92713 318.661 687.424 -691.105 0.159441 2.27795 6.65947 -318.661 1222.24 -1.33253 -0.159441
-3.1837 -4.45665 319.318 367.566 -877.835 0.173498 2.82019 4.28244 -319.318 860.909 28.3159 -0.173498
-3.7716 -1.89248 319.93 38.1443 -1064.31 0.18666 3.35083 1.81536 -319.93 483.313 56.892 -0.18666
-4.35834 0.69567 320.391 -290.724 -1248.81 0.198877 3.87173 -0.689154 -320.391 96.5222 85.0454 -0.198877
-4.9286 3.26728 320.853 -616.423 -1430.47 0.210101 4.39119 -3.19505 -320.853 -291.311 112.868 -0.210101
-5.51527 5.80838 321.581 -941.223 -1614.64 0.220289 4.93548 -5.67298 -321.581 -671.822 137.431 -0.220289
-6.09818 8.24043 322.202 -1253.77 -1797.49 0.229414 5.4748 -8.04501 -322.202 -1034.38 161.909 -0.229414
-6.64398 10.4784 322.462 -1541.32 -1972.44 0.237466 5.96843 -10.2428 -322.462 -1370.18 190.138 -0.237466
-7.16722 12.4844 322.658 -1801.66 -2145.22 0.244442 6.45609 -12.2358 -322.658 -1671.81 220.232 -0.244442
-7.65138 14.2488 322.934 -2036.48 -2316.33 0.250333 6.98284 -14.0056 -322.934 -1933.66 248.681 -0.250333
-8.10301 15.7201 323.128 -2235.51 -2482.19 0.25514 7.51188 -15.4854 -323.128 -2149.33 276.154 -0.25514
-8.50775 16.8434 323.133 -2388.88 -2636.56 0.258883 7.97861 -16.6164 -323.133 -2312.73 307.512 -0.258883
-8.86918 17.5829 323 -2492.67 -2777.61 0.261602 8.35982 -17.3821 -323 -2420.46 343.686 -0.261602
-9.18971 17.9107 322.836 -2543.53 -2906.32 0.263342 8.67752 -17.7745 -322.836 -2470.8 382.225 -0.263342
-9.46283 17.8178 322.701 -2540.33 -3024.16 0.26415 8.99054 -17.7826 -322.701 -2462.07 417.25 -0.26415
-9.70257 17.3027 322.541 -2481.52 -3129.44 0.264076 9.28825 -17.3901 -322.541 -2393.31 446.608 -0.264076
-9.93754 16.3818 322.346 -2370.18 -3221.24 0.263176 9.53968 -16.6021 -322.346 -2264.51 469.705 -0.263176
-10.1698 15.0654 322.075 -2205.39 -3300.07 0.261511 9.75297 -15.4003 -322.075 -2075.42 485.638 -0.261511
-10.369 13.38 321.72 -1989.23 -3364.88 0.25914 9.94883 -13.7937 -321.72 -1828.94 494.688 -0.25914
-10.4955 11.3565 321.3 -1727.24 -3413.92 0.256118 10.1329 -11.817 -321.3 -1528.79 499.897 -0.256118
-10.5637 9.002 321.104 -1421.92 -3447.4 0.252501 10.2755 -9.50589 -321.104 -1178.47 503.605 -0.252501
-10.5706 6.3951 320.912 -1085.61 -3463.09 0.248348 10.3297 -6.96819 -320.912 -791.825 510.599 -0.248348
-10.5465 3.56092 320.619 -720.778 -3462.46 0.243724 10.2765 -4.23645 -320.619 -374.514 520.777 -0.243724
-10.4723 0.603788 320.123 -342.108 -3445.39 0.238696 10.1522 -1.40289 -320.123 60.5477 531.61 -0.238696
-10.3395 -2.44424 319.65 52.5014 -3417.56 0.233332 10.039 1.53032 -319.65 506.438 538.413 -0.233332
-10.1946 -5.49212 319.249 454.037 -3381.97 0.227693 9.9271 4.50746 -319.249 951.547 539.023 -0.227693
-10.0472 -8.43372 319.027 847.543 -3339.79 0.221842 9.81289 7.43224 -319.027 1382.4 533.781 -0.221842
-9.84214 -11.1779 318.68 1216.61 -3282.22 0.215839 9.64657 10.2001 -318.68 1787.9 528.623 -0.215839
-9.5743 -13.6701 318.001 1553.82 -3209.3 0.209739 9.43235 12.747 -318.001 2158.8 523.735 -0.209739
-9.23886 -15.8791 317.374 1857.47 -3119.29 0.203602 9.14587 15.0291 -317.374 2486.26 521.441 -0.203602
-8.82541 -17.7249 316.794 2114.52 -3012.43 0.197485 8.79845 16.9512 -316.794 2758.69 521.871 -0.197485
-8.35127 -19.1551 316.37 2315.72 -2891.16 0.191448 8.40846 18.4642 -316.37 2971.08 522.424 -0.191448
-7.86201 -20.1392 316.12 2454.23 -2758.75 0.185551 7.97573 19.5211 -316.12 3119.39 520.02 -0.185551
-7.35578 -20.6606 315.944 2527.53 -2616.2 0.179857 7.52791 20.0829 -315.944 3198.3 512.023 -0.179857
-6.81573 -20.7123 315.715 2533.33 -2462.68 0.174428 7.08778 20.1407 -315.715 3207.89 496.772 -0.174428
-6.25388 -20.2837 315.504 2472.22 -2298.72 0.169327 6.64548 19.7099 -315.504 3148.23 474.507 -0.169327
-5.68463 -19.3867 315.483 2349.49 -2125.84 0.164616 6.18314 18.8355 -315.483 3022.03 447.209 -0.164616
-5.08829 -18.0317 315.663 2167.34 -1942.13 0.160355 5.68538 17.5356 -315.663 2831.1 417.915 -0.160355
-4.44876 -16.2594 316.017 1930 -1745.27 0.156598 5.14325 15.834 -316.017 2580.28 387.81 -0.156598
-3.77111 -14.0972 316.447 1639.67 -1535.18 0.153387 4.53967 13.7255 -316.447 2270.49 358.517 -0.153387
-3.08489 -11.6269 317.071 1308.22 -1316.09 0.150755 3.89393 11.2839 -317.071 1911.71 327.388 -0.150755
-2.37266 -8.88862 317.65 943.316 -1088.28 0.148726 3.22144 8.56876 -317.65 1510.28 295.004 -0.148726
-1.64863 -5.93814 318.288 552.035 -852.886 0.147314 2.52275 5.64213 -318.288 1075.69 260.412 -0.147314
-0.946405 -2.92572 319.21 159.255 -611.602 0.146529 1.79606 2.63744 -319.21 622.92 220.844 -0.146529
-0.255832 0.106917 320.044 -233.269 -363.281 0.146383 1.0392 -0.419904 -320.044 159.642 176.881 -0.146383
0.448578 3.07097 320.674 -613.049 -111.882 0.146881 0.301268 -3.41264 -320.674 -297.675 129.158 -0.146881
1.18591 5.93101 321.271 -974.831 144.069 0.148011 -0.416717 -6.25533 -321.271 -737.296 78.733 -0.148011
1.95867 8.68476 322.004 -1326.42 408.534 0.149745 -1.16186 -8.94057 -322.004 -1150.04 28.6001 -0.149745
2.74238 11.1522 322.571 -1642.02 676.028 0.152043 -1.91836 -11.3572 -322.571 -1520.8 -21.4107 -0.152043
3.57373 13.2878 323.002 -1922.04 944.779 0.154854 -2.67961 -13.5236 -323.002 -1845.33 -65.3124 -0.154854
4.46552 15.0549 323.163 -2161 1219.77 0.158113 -3.46155 -15.3757 -323.163 -2114.99 -104.054 -0.158113
5.37378 16.4564 323.213 -2354.08 1499.45 0.16174 -4.28351 -16.8485 -323.213 -2325.81 -139.56 -0.16174
6.26101 17.4632 323.26 -2494.98 1780.88 0.165646 -5.12788 -17.8751 -323.26 -2470.64 -176.622 -0.165646
7.12218 18.0143 323.217 -2572.69 2056.79 0.169737 -5.92687 -18.4053 -323.217 -2544.89 -218.202 -0.169737
7.94425 18.0861 323.171 -2584.67 2326.27 0.173924 -6.67545 -18.4488 -323.171 -2549.08 -265.931 -0.173924
8.7075 17.6737 323.121 -2531.81 2590.7 0.178123 -7.41541 -18.025 -323.121 -2484.42 -318.1 -0.178123
9.41741 16.8094 323.055 -2420.07 2853.86 0.182248 -8.14713 -17.1664 -323.055 -2354.03 -377.662 -0.182248
10.0597 15.5526 322.854 -2257.2 3106.88 0.186205 -8.84083 -15.9076 -322.854 -2163.36 -441.947 -0.186205
10.6233 13.9601 322.629 -2051.7 3345.5 0.189899 -9.49167 -14.2861 -322.629 -1917.18 -508.939 -0.189899
11.1729 12.0335 322.294 -1798.56 3575.53 0.193244 -10.1138 -12.3056 -322.294 -1621.24 -573.374 -0.193244
11.7262 9.82939 321.947 -1506.21 3797.3 0.196157 -10.7043 -10.0386 -321.947 -1285.25 -633.538 -0.196157
12.2808 7.3755 321.755 -1176.44 4015.03 0.198548 -11.3214 -7.5225 -321.755 -916.622 -685.766 -0.198548
12.8155 4.8265 321.596 -833.152 4223.33 0.200327 -11.9333 -4.89232 -321.596 -532.109 -732.16 -0.200327
13.3647 2.22281 321.557 -478.244 4428.67 0.201408 -12.5429 -2.18394 -321.557 -140.553 -773.938 -0.201408
13.8421 -0.317865 321.303 -130.269 4615.06 0.201717 -13.0662 0.460639 -321.303 240.111 -819.04 -0.201717
14.2009 -2.74308 320.762 203.662 4776.91 0.201192 -13.4732 2.96699 -320.762 599.162 -872.694 -0.201192
14.4256 -4.91062 319.963 503.116 4911.43 0.199788 -13.7493 5.20971 -319.963 919.441 -936.315 -0.199788
14.5405 -6.77065 319.24 762.722 5022.42 0.19748 -13.9181 7.16348 -319.24 1195.75 -1006.96 -0.19748
14.5862 -8.25312 318.806 972.867 5113.07 0.194249 -14.0077 8.74319 -318.806 1415.91 -1078.19 -0.194249
14.5927 -9.34567 318.585 1129.02 5185.14 0.190076 -14.0275 9.91537 -318.585 1578 -1146.22 -0.190076
14.5518 -10.0106 318.412 1224.85 5238.51 0.184937 -14.0209 10.6324 -318.412 1676.37 -1205.95 -0.184937
14.4561 -10.2374 318.191 1257.95 5273.43 0.178816 -14.0157 10.8804 -318.191 1709.99 -1254.86 -0.178816
14.3359 -10.0204 317.946 1228.21 5289.61 0.171706 -13.9774 10.6656 -317.946 1679.04 -1293.18 -0.171706
14.1938 -9.35667 317.764 1137.63 5286.32 0.163607 -13.8817 10.0151 -317.764 1584.94 -1323.25 -0.163607
14.0059 -8.26732 317.721 989.638 5262.74 0.154525 -13.7261 8.95809 -317.721 1431.33 -1347.95 -0.154525
13.7477 -6.79262 317.851 788.01 5217.9 0.144476 -13.5141 7.50134 -317.851 1221.02 -1369.24 -0.144476
13.412 -4.98669 318.111 539.094 5151.57 0.133488 -13.2369 5.67481 -318.111 959.504 -1389.16 -0.133488
13.0095 -2.90696 318.49 251.289 5065.28 0.121607 -12.9082 3.53409 -318.49 654.249 -1405.81 -0.121607
12.5307 -0.62674 318.906 -64.1697 4957.7 0.108898 -12.5217 1.16462 -318.906 316.331 -1420.1 -0.108898
12.0131 1.79482 319.44 -396.46 4830.83 0.0954381 -12.0645 -1.33805 -319.44 -43.3351 -1430.53 -0.0954381
11.4713 4.28191 320.045 -734.341 4687.99 0.081315 -11.5707 -3.86591 -320.045 -410.165 -1433.63 -0.081315
10.8688 6.78205 320.621 -1073.91 4529.08 0.066619 -11.0659 -6.36523 -320.621 -773.132 -1430.8 -0.066619
10.1755 9.17333 320.945 -1395.36 4352.46 0.0514428 -10.5422 -8.73836 -320.945 -1121.21 -1425.78 -0.0514428
9.39624 11.3889 321.087 -1690.79 4154.75 0.0358895 -9.92685 -10.9428 -321.087 -1446.91 -1424.67 -0.0358895
8.5739 13.3789 321.369 -1954.06 3939.59 0.0200765 -9.21237 -12.9367 -321.369 -1743.5 -1426.18 -0.0200765
7.67617 15.1345 321.592 -2184.52 3705.43 0.00412806 -8.4306 -14.7038 -321.592 -2008.1 -1428.78 -0.00412806
6.72715 16.6291 321.743 -2377.68 3456.07 -0.0118306 -7.61947 -16.2016 -321.743 -2235.48 -1427.61 0.0118306
5.76897 17.8515 321.816 -2531.42 3192.96 -0.0276738 -6.77942 -17.3989 -321.816 -2421.81 -1418.1 0.0276738
4.81036 18.8108 321.888 -2650.24 2914.34 -0.0432779 -5.90207 -18.3079 -321.888 -2565.56 -1398.46 0.0432779
3.88536 19.4755 321.952 -2729.61 2621.99 -0.0585218 -5.00522 -18.9107 -321.952 -2664.32 -1363.16 0.0585218
3.03506 19.8241 321.975 -2766.64 2324.87 -0.0732841 -4.14328 -19.2081 -321.975 -2718.09 -1307.76 0.0732841
2.2446 19.8427 321.999 -2760.04 2026.28 -0.0874452 -3.32591 -19.2048 -321.999 -2726.85 -1236.29 0.0874452
1.48763 19.5254 322.023 -2709.53 1724.57 -0.100899 -2.50472 -18.8996 -322.023 -2689.88 -1157.58 0.100899
0.753891 18.8714 322.027 -2616.94 1415.96 -0.113557 -1.66783 -18.2957 -322.027 -2605.73 -1070.94 0.113557
-0.0044327 17.9156 321.967 -2486.88 1097.64 -0.125339 -0.800461 -17.4154 -321.967 -2477.76 -982.351 0.125339
-0.749866 16.7208 321.917 -2329.28 779.373 -0.13617 0.056473 -16.2941 -321.917 -2309.88 -890.573 0.13617
-1.47113 15.2629 321.866 -2138.81 464.005 -0.145975 0.922543 -14.903 -321.866 -2099.99 -799.589 0.145975
-2.20445 13.5506 321.843 -1918.93 146.428 -0.154684 1.7952 -13.2647 -321.843 -1848.99 -709.013 0.154684
-2.97004 11.5918 321.738 -1668.04 -173.693 -0.162229 2.65903 -11.3974 -321.738 -1562.2 -619.174 0.162229
-3.70374 9.43145 321.621 -1395.78 -484.093 -0.168543 3.47286 -9.3435 -321.621 -1242.22 -527.537 0.168543
-4.41237 7.08841 321.575 -1101.45 -787.124 -0.173571 4.27556 -7.11169 -321.575 -893.648 -438.159 0.173571
-5.0812 4.63433 321.379 -795.549 -1081.7 -0.177272 5.03718 -4.76429 -321.379 -524.798 -345.837 0.177272
-5.72972 2.07671 321.142 -475.649 -1366.64 -0.179607 5.72075 -2.29884 -321.142 -138.813 -249.301 0.179607
-6.37075 -0.497328 320.796 -152.587 -1639.6 -0.180544 6.3442 0.204608 -320.796 251.655 -155.195 0.180544
-7.02544 -3.1037 320.677 183.224 -1910.8 -0.180072 7.00487 2.75606 -320.677 640.648 -69.9462 0.180072
-7.64716 -5.63218 320.475 514.041 -2174.83 -0.178192 7.69028 5.23717 -320.475 1013.8 9.34609 0.178192
-8.2335 -8.01836 320.005 828.439 -2423.3 -0.174907 8.32673 7.58528 -320.005 1364.68 84.9945 0.174907
-8.78911 -10.1967 319.461 1118.14 -2656.09 -0.170216 8.8772 9.74517 -319.461 1684.59 161.432 0.170216
-9.28175 -12.1068 318.928 1373.93 -2872.29 -0.164134 9.34329 11.6527 -318.928 1965.27 242.04 0.164134
-9.70581 -13.7144 318.537 1592.57 -3074.64 -0.156697 9.75985 13.277 -318.537 2200.78 325.453 0.156697
-10.0524 -14.9676 318.227 1765.02 -3259.22 -0.147947 10.1189 14.5553 -318.227 2384.05 410.108 0.147947
-10.3553 -15.8409 317.968 1885.87 -3428.39 -0.137928 10.433 15.4465 -317.968 2511.14 491.874 0.137928
-10.6133 -16.3002 317.711 1950.38 -3579.71 -0.126679 10.6904 15.9321 -317.711 2579.4 570.157 0.126679
-10.8306 -16.3232 317.451 1958.84 -3713.31 -0.114247 10.9017 16.0284 -317.451 2587.71 642.96 0.114247
-11.0076 -15.9083 317.301 1910.9 -3829.95 -0.100692 11.0746 15.7338 -317.301 2535.93 709.942 0.100692
-11.1451 -15.0738 317.228 1807.44 -3928.03 -0.0860822 11.1865 15.0342 -317.228 2423.8 772.529 0.0860822
-11.2869 -13.8286 317.232 1647.24 -4008.39 -0.0704931 11.2106 13.9088 -317.232 2250.88 829.185 0.0704931
-11.4562 -12.1982 317.371 1432.5 -4075.99 -0.0540042 11.1896 12.3645 -317.371 2019.51 875.64 0.0540042
-11.5834 -10.226 317.615 1169.77 -4131.02 -0.0366992 11.2085 10.4356 -317.615 1734.03 909.881 0.0366992
-11.6701 -7.92386 318.102 862.404 -4176.96 -0.0186626 11.2906 8.15469 -318.102 1397.38 931.89 0.0186626
-11.7662 -5.29393 318.757 506.453 -4214.38 2.09885e-05 11.3516 5.55096 -318.757 1017.9 947.067 -2.09885e-05
-11.8325 -2.46081 319.298 124.937 -4233.56 0.0192696 11.3004 2.74775 -319.298 607.408 964.002 -0.0192696
-11.815 0.425028 319.789 -260.573 -4234.99 0.039002 11.1738 -0.130539 -319.789 182.939 985.611 -0.039002
-11.7146 3.2939 320.323 -642.346 -4224.24 0.0591296 11.0251 -3.02798 -320.323 -245.583 1009.83 -0.0591296
-11.5566 6.07804 320.777 -1011.58 -4201.52 0.0795529 10.8436 -5.85343 -320.777 -664.632 1034.84 -0.0795529
-11.356 8.76875 321.231 -1368.91 -4167.24 0.100168 10.6359 -8.5564 -321.231 -1065.24 1057.99 -0.100168
-11.1397 11.2345 321.702 -1692.41 -4125.69 0.120874 10.4215 -10.9878 -321.702 -1429.9 1077.06 -0.120874
-10.923 13.4252 322.13 -1975.69 -4077.39 0.141579 10.2033 -13.1126 -322.13 -1753.08 1090.02 -0.141579
-10.6788 15.3006 322.298 -2217.38 -4017.11 0.162196 9.95802 -14.9174 -322.298 -2028.57 1098.7 -0.162196
-10.3965 16.8247 322.205 -2413.76 -3945.34 0.182636 9.71017 -16.3861 -322.205 -2252.77 1101.68 -0.182636
-10.0837 17.9738 322.088 -2563.23 -3863.58 0.202814 9.46154 -17.5104 -322.088 -2422.8 1099.09 -0.202814
-9.74176 18.748 322.047 -2664.81 -3771.15 0.22265 9.18297 -18.2986 -322.047 -2540.78 1094.17 -0.22265
-9.37593 19.1362 322.066 -2715.75 -3667.3 0.242067 8.86092 -18.7184 -322.066 -2603.4 1087.32 -0.242067
-8.98809 19.1397 322.032 -2713.6 -3553.41 0.260994 8.51883 -18.743 -322.032 -2609.5 1076.37 -0.260994
-8.57269 18.7688 321.89 -2659.36 -3430.56 0.27936 8.18573 -18.372 -321.89 -2559.49 1059.11 -0.27936
-8.15707 18.0295 321.628 -2554.65 -3298.45 0.297101 7.83865 -17.6202 -321.628 -2454.65 1034.63 -0.297101
-7.77615 16.941 321.4 -2403.06 -3158.69 0.314163 7.46181 -16.5206 -321.4 -2298.75 1001.84 -0.314163
-7.42211 15.5306 321.211 -2210.67 -3012.97 0.330505 7.07973 -15.1082 -321.211 -2094.47 960.076 -0.330505
-7.07799 13.8408 321.026 -1982.51 -2862.6 0.346093 6.71984 -13.4233 -321.026 -1848.4 909.195 -0.346093
-6.76215 11.9165 320.863 -1725.72 -2710.23 0.360899 6.36983 -11.5049 -320.863 -1565.19 850.972 -0.360899
-6.50487 9.82135 320.842 -1449.72 -2558.32 0.374895 6.02823 -9.40912 -320.842 -1252.25 783.832 -0.374895
-6.24164 7.60956 320.631 -1159.94 -2404.26 0.388055 5.69524 -7.17846 -320.631 -917.75 714.2 -0.388055
-5.92532 5.31584 320.308 -859.872 -2247.59 0.400355 5.37306 -4.86451 -320.308 -570.319 647.924 -0.400355
-5.56873 3.00351 319.919 -559.257 -2086.91 0.411768 5.00648 -2.55397 -319.919 -221.301 589.537 -0.411768
-5.19672 0.769026 319.648 -272.932 -1923.81 0.422271 4.57989 -0.339469 -319.648 117.576 539.329 -0.422271
-4.8324 -1.38058 319.649 4.75433 -1759.72 0.431842 4.12589 1.79346 -319.649 441.696 490.902 -0.431842
-4.48593 -3.34871 319.55 261.683 -1597.89 0.440462 3.68206 3.77185 -319.55 739.356 440.797 -0.440462
-4.12999 -5.09411 319.171 492.558 -1438.02 0.448107 3.28516 5.54272 -319.171 1002.6 387.404 -0.448107
-3.77738 -6.58308 318.674 690.933 -1281.39 0.454749 2.96222 7.05769 -318.674 1226.36 326.392 -0.454749
-3.41864 -7.78537 318.309 854.193 -1127.27 0.460356 2.6776 8.28238 -318.309 1404.14 263.352 -0.460356
-3.07617 -8.63991 318.078 969.45 -976.678 0.464899 2.39176 9.14553 -318.078 1530.25 201.718 -0.464899
-2.72659 -9.13951 317.995 1034.58 -826.482 0.468353 2.07734 9.62402 -317.995 1602.57 145.479 -0.468353
-2.35912 -9.2725 318.032 1049.39 -676.456 0.470704 1.73864 9.71536 -318.032 1619.29 95.3196 -0.470704
-1.97217 -9.02325 318.101 1013.09 -527.844 0.471938 1.40057 9.43158 -318.101 1580.68 49.2111 -0.471938
-1.58053 -8.41294 318.153 930.428 -382.126 0.472039 1.0646 8.80481 -318.153 1489.5 6.35128 -0.472039
-1.20758 -7.46577 318.22 803.642 -240.735 0.470994 0.749437 7.83908 -318.22 1347.48 -37.7395 -0.470994
-0.866688 -6.2247 318.344 637.137 -103.874 0.468801 0.455342 6.56271 -318.344 1160.23 -84.7709 -0.468801
-0.544397 -4.72005 318.634 434.904 30.2419 0.465469 0.182508 5.00461 -318.634 932.07 -134.667 -0.465469
-0.236019 -3.00013 319.059 204.507 162.657 0.461019 -0.075444 3.23236 -319.059 671.737 -186.917 -0.461019
0.0798046 -1.14881 319.636 -37.7177 293.238 0.455473 -0.323397 1.35236 -319.636 389.616 -237.701 -0.455473
0.413531 0.79647 320.143 -287.405 422.569 0.448854 -0.56716 -0.600253 -320.143 91.5422 -285.318 -0.448854
0.752209 2.77442 320.444 -540.578 552.011 0.441186 -0.855 -2.59828 -320.444 -214.02 -326.169 -0.441186
1.09061 4.72789 320.864 -794.24 682.421 0.432483 -1.18851 -4.60841 -320.864 -517.357 -361.624 -0.432483
1.44517 6.59949 321.231 -1040.73 811.235 0.422757 -1.51225 -6.56398 -321.231 -808.691 -394.593 -0.422757
1.78962 8.32289 321.631 -1269.94 936.05 0.412016 -1.79639 -8.38965 -321.631 -1078.23 -430.557 -0.412016
2.11605 9.8475 321.964 -1472.79 1056.53 0.400269 -2.05626 -10.0041 -321.964 -1316.51 -468.132 -0.400269
2.41492 11.1481 322.093 -1643.68 1173.76 0.387526 -2.30922 -11.3507 -322.093 -1517.63 -507.326 -0.387526
2.71521 12.2031 322.105 -1781.56 1288.65 0.3738 -2.54974 -12.4077 -322.105 -1676.54 -545.726 -0.3738
3.02748 12.9576 322.047 -1880.62 1401.46 0.359111 -2.77894 -13.1613 -322.047 -1789.42 -581.977 -0.359111
3.32494 13.3762 322.007 -1938.44 1512.03 0.343474 -3.03429 -13.6188 -322.007 -1854.71 -614.403 -0.343474
3.61583 13.4661 322.04 -1955.46 1621.68 0.326904 -3.3224 -13.7705 -322.04 -1871.64 -642.24 -0.326904
3.91844 13.2238 322.028 -1928.57 1727.61 0.309411 -3.58762 -13.585 -322.028 -1838.39 -667.946 -0.309411
4.21766 12.6624 321.916 -1858.88 1829.72 0.291013 -3.83666 -13.0652 -321.916 -1756.14 -692.597 -0.291013
4.48281 11.7868 321.721 -1748.42 1926.96 0.271732 -4.09072 -12.2359 -321.721 -1627.02 -716.481 -0.271732
4.71617 10.6167 321.531 -1602.18 2019.58 0.251601 -4.34485 -11.1382 -321.531 -1454.55 -740.211 -0.251601
4.94134 9.15456 321.381 -1418.67 2108.26 0.230661 -4.5839 -9.76776 -321.381 -1240 -763.285 -0.230661
5.16358 7.44282 321.203 -1201.25 2192.31 0.208957 -4.79883 -8.13867 -321.203 -987.934 -785.566 -0.208957
5.38134 5.53029 320.968 -956.304 2270.35 0.186545 -4.98393 -6.28631 -320.968 -703.803 -806.667 -0.186545
5.60481 3.46232 320.716 -690.313 2343.11 0.16349 -5.14423 -4.25166 -320.716 -393.263 -825.205 -0.16349
5.83702 1.28056 320.479 -407.346 2413.72 0.13987 -5.31362 -2.07964 -320.479 -64.4108 -839.108 -0.13987
6.06616 -0.952969 320.336 -115.927 2481.07 0.115769 -5.49154 0.15657 -320.336 272.285 -849.001 -0.115769
6.28771 -3.223 320.167 185.055 2545.32 0.0912833 -5.67572 2.43186 -320.167 610.023 -856.013 -0.0912833
6.49041 -5.40825 319.802 479.403 2603.75 0.0665107 -5.8363 4.6416 -319.802 933.272 -863.194 -0.0665107
6.64466 -7.45225 319.291 758.966 2654.57 0.0415535 -5.96405 6.75228 -319.291 1237.53 -874.213 -0.0415535
6.74809 -9.26073 318.854 1010.09 2699.33 0.0165147 -6.06868 8.66278 -318.854 1509.01 -889.565 -0.0165147
6.79645 -10.8063 318.533 1226.42 2735.57 -0.0085004 -6.12641 10.3255 -318.533 1743.53 -910.74 0.0085004
6.81049 -12.0565 318.239 1403.19 2764.58 -0.0333799 -6.14115 11.6855 -318.239 1933.54 -935.564 0.0333799
6.79472 -12.9661 317.957 1533.97 2788.06 -0.0580006 -6.14331 12.694 -317.957 2072.3 -960.835 0.0580006
6.75238 -13.5151 317.678 1613.66 2806.35 -0.0822302 -6.15516 13.3134 -317.678 2156.81 -983.297 0.0822302
6.72581 -13.6841 317.437 1639.88 2820.61 -0.105934 -6.16272 13.5336 -317.437 2185.28 -1000.15 0.105934
6.74986 -13.45 317.293 1611.89 2831.75 -0.128983 -6.15274 13.365 -317.293 2156.67 -1009.25 0.128983
6.80793 -12.8109 317.275 1530.4 2840.48 -0.151254 -6.15649 12.8186 -317.275 2071.56 -1009.27 0.151254
6.84689 -11.7708 317.383 1396.08 2846.39 -0.172631 -6.21836 11.8917 -317.383 1929.46 -1001 0.172631
6.87022 -10.363 317.559 1210.86 2847.9 -0.193008 -6.30076 10.5753 -317.559 1731.88 -987.66 0.193008
6.89443 -8.63774 317.818 980.399 2843.56 -0.212285 -6.34524 8.88896 -317.818 1482.92 -973.693 0.212285
6.89492 -6.60096 318.268 704.354 2833.18 -0.230363 -6.35948 6.84602 -318.268 1185.67 -961.281 0.230363
6.8285 -4.28865 318.761 392.279 2815.19 -0.247148 -6.36887 4.52382 -318.761 846.498 -951.372 0.247148
6.70405 -1.79348 319.251 59.6829 2789.34 -0.262545 -6.36589 2.03701 -319.251 479.011 -943.513 0.262545
6.56268 0.840947 319.797 -287.847 2757.96 -0.276458 -6.34105 -0.588718 -319.797 87.3695 -935.607 0.276458
6.40965 3.46463 320.586 -630.774 2720.54 -0.288795 -6.28186 -3.21611 -320.586 -307.618 -928.143 0.288795
6.2319 6.07553 321.16 -972.31 2674.58 -0.299469 -6.18974 -5.83999 -321.16 -701.708 -920.282 0.299469
6.03182 8.57692 321.49 -1300.72 2620.17 -0.308409 -6.0823 -8.36844 -321.49 -1080.13 -909.32 0.308409
5.82276 10.9029 321.657 -1608.31 2556.21 -0.315556 -5.94331 -10.7495 -321.657 -1434.02 -894.533 0.315556
5.61743 13.0106 322.046 -1889.96 2484.53 -0.32087 -5.7797 -12.9324 -322.046 -1755.33 -875.006 0.32087
5.38897 14.816 322.345 -2132.68 2402.43 -0.324327 -5.59292 -14.8242 -322.345 -2032.18 -851.613 0.324327
5.12846 16.306 322.486 -2335.42 2309.41 -0.325915 -5.38589 -16.4034 -322.486 -2260.76 -824.674 0.325915
4.83756 17.4377 322.509 -2489.65 2206.25 -0.325621 -5.15043 -17.6001 -322.509 -2433.74 -795.919 0.325621
4.56691 18.1658 322.423 -2586.65 2094.66 -0.323429 -4.86313 -18.3525 -322.423 -2544.79 -763.207 0.323429
4.31782 18.4768 322.258 -2624.34 1974.71 -0.319325 -4.53627 -18.6563 -322.258 -2593.5 -724.695 0.319325
4.05078 18.3577 322.088 -2603.51 1847.17 -0.313308 -4.22987 -18.5217 -322.088 -2578.69 -678.287 0.313308
3.7693 17.8077 321.933 -2525.07 1712.93 -0.305391 -3.93658 -17.9653 -321.933 -2501.63 -625.397 0.305391
3.48966 16.8519 321.789 -2392.72 1572.31 -0.295603 -3.62799 -17.0088 -321.789 -2365.27 -568.045 0.295603
3.18886 15.5335 321.66 -2211.44 1423.75 -0.283989 -3.30003 -15.6587 -321.66 -2171.55 -508.463 0.283989
2.90251 13.936 321.62 -1994.47 1274.06 -0.270607 -2.96587 -13.9841 -321.62 -1928.68 -446.622 0.270607
2.60382 12.0773 321.383 -1742.64 1118.54 -0.255529 -2.57315 -12.0125 -321.383 -1642.24 -388.932 0.255529
2.27237 10.022 321.112 -1467.86 959.573 -0.23883 -2.16927 -9.8336 -321.112 -1321.99 -333.977 0.23883
1.8894 7.81461 320.866 -1174.35 799.186 -0.220588 -1.7877 -7.49065 -320.866 -976.039 -281.712 0.220588
1.46022 5.5297 320.809 -869.916 633.901 -0.200882 -1.39047 -5.05258 -320.809 -616.764 -233.242 0.200882
1.01757 3.27387 320.664 -572.014 465.939 -0.179802 -0.956051 -2.64761 -320.664 -259.689 -189.218 0.179802
0.568652 1.09405 320.483 -286.192 296.64 -0.157446 -0.489235 -0.346836 -320.483 84.1385 -149.286 0.157446
0.101952 -0.945372 320.027 -19.961 127.233 -0.133914 -0.0128654 1.77083 -320.027 402.092 -113.081 0.133914
-0.396487 -2.80421 319.589 224.749 -42.5302 -0.109319 0.442275 3.67508 -319.589 686.19 -77.9898 0.109319
-0.884631 -4.41202 319.282 437.584 -207.328 -0.0837939 0.859054 5.29904 -319.282 927.493 -41.0257 0.0837939
-1.36012 -5.70365 318.992 606.551 -369.8 -0.0574928 1.27318 6.57865 -318.992 1119.84 -4.2289 0.0574928
-1.83232 -6.64789 318.818 728.849 -532.828 -0.0305778 1.71 7.49411 -318.818 1258.88 30.4058 0.0305778
-2.28867 -7.24106 318.708 802.602 -695.962 -0.00320225 2.16721 8.03104 -318.708 1343.93 64.5184 0.00320225
-2.74024 -7.48814 318.691 829.902 -857.809 0.0244893 2.63318 8.20002 -318.691 1375.09 96.7957 -0.0244893
-3.18345 -7.36922 318.706 809.02 -1016.47 0.0523542 3.07826 8.01801 -318.706 1353.68 130.01 -0.0523542
-3.60824 -6.89006 318.711 742.083 -1169.95 0.0802503 3.4922 7.51621 -318.711 1282.77 165.019 -0.0802503
-4.01103 -6.08789 318.782 634.173 -1318.88 0.108035 3.88621 6.7196 -318.782 1166.01 201.391 -0.108035
-4.3927 -5.01126 318.973 491.281 -1462.62 0.135564 4.26831 5.64156 -318.973 1006.12 237.222 -0.135564
-4.77143 -3.68663 319.26 316.358 -1601.68 0.16269 4.65173 4.30999 -319.26 807.778 268.635 -0.16269
-5.15388 -2.1414 319.569 114.548 -1735.5 0.189272 5.03639 2.7677 -319.569 575.712 294.127 -0.189272
-5.54502 -0.416409 319.914 -108.168 -1865.57 0.215173 5.42625 1.06 -319.914 316.045 313.955 -0.215173
-5.94973 1.45576 320.436 -348.29 -1993.33 0.240269 5.82919 -0.770491 -320.436 35.8474 327.742 -0.240269
-6.33486 3.42865 320.9 -598.445 -2113.41 0.264449 6.2141 -2.67461 -320.9 -258.823 339.181 -0.264449
-6.68346 5.48225 321.297 -861.312 -2224.05 0.287612 6.56354 -4.65904 -321.297 -563.403 351.334 -0.287612
-6.99102 7.52286 321.536 -1124.28 -2325.6 0.309663 6.87164 -6.65554 -321.536 -867.751 366.005 -0.309663
-7.25355 9.50503 321.759 -1379.38 -2416.4 0.330507 7.13403 -8.60854 -321.759 -1165.66 382.716 -0.330507
-7.48544 11.4164 321.971 -1626.41 -2497.96 0.350047 7.36557 -10.4932 -321.971 -1452.06 398.866 -0.350047
-7.70405 13.2044 322.322 -1859.43 -2571.2 0.368196 7.57404 -12.2596 -322.322 -1718.55 411.852 -0.368196
-7.92517 14.8255 322.641 -2074.07 -2635 0.384889 7.74754 -13.8761 -322.641 -1958.88 419.992 -0.384889
-8.11889 16.2301 322.771 -2263.01 -2686.68 0.400081 7.8932 -15.3079 -322.771 -2168.54 423.834 -0.400081
-8.26289 17.3873 322.743 -2421.13 -2725.14 0.413738 8.01634 -16.5102 -322.743 -2341.99 424.658 -0.413738
-8.38397 18.2698 322.65 -2542.84 -2750.54 0.425829 8.08568 -17.4335 -322.65 -2474.05 423.231 -0.425829
-8.48556 18.8492 322.565 -2623.18 -2763.21 0.436334 8.09639 -18.0483 -322.565 -2561.52 420.102 -0.436334
-8.52809 19.1026 322.514 -2659.42 -2763.71 0.445241 8.09035 -18.3387 -322.514 -2601.69 415.493 -0.445241
-8.50471 19.0161 322.428 -2650.69 -2751.77 0.452553 8.06772 -18.3073 -322.428 -2593.86 410.068 -0.452553
-8.44939 18.5741 322.272 -2595.65 -2726.94 0.458283 7.98323 -17.9495 -322.272 -2536.49 404.974 -0.458283
-8.35502 17.7673 322.054 -2493.29 -2689.31 0.462446 7.83998 -17.2584 -322.054 -2428.36 400.852 -0.462446
-8.19348 16.6031 321.79 -2345.49 -2639.8 0.465063 7.67811 -16.2465 -321.79 -2270.35 396.941 -0.465063
-7.9561 15.0983 321.519 -2154.96 -2579.21 0.466163 7.51103 -14.9193 -321.519 -2062.92 393.368 -0.466163
-7.6792 13.2848 321.271 -1924.76 -2506.74 0.46578 7.29058 -13.2734 -321.271 -1806.97 391.002 -0.46578
-7.39856 11.2189 321.047 -1661.8 -2425.8 0.463959 7.0178 -11.3292 -321.047 -1506.41 388.066 -0.463959
-7.08713 8.92264 320.923 -1367.03 -2338.12 0.460748 6.72906 -9.09041 -320.923 -1163.87 384.992 -0.460748
-6.74944 6.45219 320.63 -1047.47 -2243.7 0.456201 6.42607 -6.62614 -320.63 -789.966 380.91 -0.456201
-6.40697 3.8126 320.266 -704.537 -2143.6 0.450376 6.09419 -3.98907 -320.266 -391.389 375.909 -0.450376
-6.07134 1.11227 319.989 -359.375 -2040.5 0.443338 5.74868 -1.33926 -319.989 15.2857 368.886 -0.443338
-5.72804 -1.6175 319.817 -10.7224 -1932.7 0.435153 5.39878 1.30467 -319.817 421.777 358.89 -0.435153
-5.38055 -4.28232 319.699 332.007 -1822.93 0.42589 5.05479 3.88847 -319.699 816.61 346.691 -0.42589
-5.02507 -6.80907 319.234 661.068 -1707.78 0.415624 4.68049 6.35722 -319.234 1189.54 334.532 -0.415624
-4.66048 -9.15923 318.661 971.846 -1585.93 0.404431 4.25831 8.66883 -318.661 1533.85 323.69 -0.404431
-4.27642 -11.266 318.146 1252.33 -1460.29 0.392386 3.83911 10.7401 -318.146 1840.48 311.39 -0.392386
-3.88016 -13.0796 317.732 1494.81 -1334.77 0.379561 3.45607 12.5213 -317.732 2103.15 295.849 -0.379561
-3.50344 -14.5518 317.464 1691.53 -1210.44 0.366035 3.07949 13.962 -317.464 2315.76 277.848 -0.366035
-3.15073 -15.6561 317.27 1837.08 -1086.97 0.351899 2.69646 15.0276 -317.27 2475.13 258.237 -0.351899
-2.76156 -16.3842 317.119 1932.42 -963.065 0.33725 2.34515 15.7195 -317.119 2579.34 238.86 -0.33725
-2.33002 -16.7238 316.95 1975.71 -840.189 0.32219 2.03764 16.0397 -316.95 2628.78 220.31 -0.32219
-1.87737 -16.6736 316.815 1968.54 -716.337 0.30682 1.7193 15.9993 -316.815 2623.2 205.268 -0.30682
-1.4036 -16.2378 316.723 1911.38 -589.387 0.291246 1.36485 15.6045 -316.723 2563.64 195.166 -0.291246
-0.905099 -15.4356 316.743 1805.97 -459.747 0.275571 0.997223 14.8587 -316.743 2451.52 187.699 -0.275571
-0.415319 -14.2926 316.944 1653.99 -328.002 0.259894 0.602806 13.7609 -316.944 2288.61 180.666 -0.259894
0.0322814 -12.8512 317.246 1459.91 -196.948 0.244309 0.190633 12.322 -317.246 2077.94 170.9 -0.244309
0.439592 -11.1603 317.581 1231.09 -70.585 0.228906 -0.163922 10.5858 -317.581 1825.18 152.082 -0.228906
0.83269 -9.26756 317.897 974.848 52.3319 0.213768 -0.443952 8.61194 -317.897 1538.07 124.255 -0.213768
1.20127 -7.20675 318.271 696.251 174.557 0.198977 -0.706072 6.46491 -318.271 1225.36 91.1669 -0.198977
1.55116 -5.01651 318.786 402.363 299.17 0.184615 -1.00459 4.21921 -318.786 895.904 58.1844 -0.184615
1.91689 -2.79578 319.376 108.028 426.124 0.170753 -1.31383 1.97185 -319.376 562.368 26.5995 -0.170753
2.31301 -0.668652 320.014 -167.204 556.773 0.157448 -1.64344 -0.17709 -320.014 236.697 -1.54236 -0.157448
2.699 1.3649 320.374 -428.253 689.26 0.144736 -2.00482 -2.23231 -320.374 -76.8389 -28.478 -0.144736
3.08697 3.26255 320.715 -670.816 823.394 0.13264 -2.37488 -4.13145 -320.715 -367.831 -55.5593 -0.13264
3.47496 4.9943 320.991 -891.663 956.78 0.121176 -2.71413 -5.83354 -320.991 -629.532 -86.2117 -0.121176
3.83261 6.50619 321.176 -1084.03 1089.14 0.110351 -3.03942 -7.30198 -321.176 -855.979 -122.062 -0.110351
4.14026 7.76031 321.456 -1241.82 1218.87 0.100165 -3.3549 -8.49963 -321.456 -1042.73 -163.67 -0.100165
4.39816 8.75773 321.607 -1365.24 1345.69 0.0906058 -3.6658 -9.42254 -321.607 -1189.18 -210.007 -0.0906058
4.60675 9.48051 321.629 -1453.27 1469.32 0.0816585 -3.97434 -10.0645 -321.629 -1292.93 -260.427 -0.0816585
4.78229 9.93756 321.615 -1507.83 1588.83 0.0733038 -4.26248 -10.4387 -321.615 -1355.17 -314.234 -0.0733038
4.93596 10.1268 321.564 -1527.72 1702.33 0.0655158 -4.51019 -10.5396 -321.564 -1376.06 -370.802 -0.0655158
5.09834 10.0668 321.541 -1514.94 1811.3 0.0582603 -4.72236 -10.3829 -321.541 -1358.38 -426.622 -0.0582603
5.26706 9.77656 321.53 -1471.82 1915.65 0.0514957 -4.9183 -9.98901 -321.53 -1305.36 -479.241 -0.0514957
5.43693 9.27457 321.492 -1400.85 2016.69 0.0451773 -5.12987 -9.38293 -321.492 -1220.6 -526.219 -0.0451773
5.61952 8.58303 321.383 -1305.9 2112.73 0.0392585 -5.33971 -8.60572 -321.383 -1109.15 -566.693 -0.0392585
5.81527 7.72484 321.179 -1191.39 2202.65 0.0336911 -5.52816 -7.70184 -321.179 -976.042 -602.227 -0.0336911
6.02025 6.73244 320.963 -1062.07 2285.46 0.0284258 -5.68133 -6.70231 -320.963 -825.433 -634.35 -0.0284258
6.20843 5.65067 320.832 -922.659 2361.09 0.0234114 -5.81351 -5.63207 -320.832 -662.427 -664.636 -0.0234114
6.34261 4.5118 320.713 -775.896 2428.72 0.018595 -5.94118 -4.50314 -320.713 -490.5 -695.159 -0.018595
6.42364 3.34682 320.581 -624.165 2488.42 0.0139235 -6.04787 -3.3312 -320.581 -313.833 -728.196 -0.0139235
6.45662 2.20872 320.402 -472.745 2537.73 0.00934763 -6.09799 -2.14278 -320.402 -138.315 -765.578 -0.00934763
6.43501 1.14322 320.227 -329.14 2577.35 0.00482459 -6.10577 -0.992441 -320.227 29.4637 -806.904 -0.00482459
6.36123 0.140315 320.063 -193.499 2607.78 0.000316323 -6.08324 0.0816256 -320.063 185.689 -850.665 -0.000316323
6.25087 -0.776145 319.907 -70.8736 2629.84 -0.00421309 -6.03563 1.02369 -319.907 324.23 -894.751 0.00421309
6.13054 -1.56246 319.741 32.6991 2644.56 -0.0088 -5.9615 1.80058 -319.741 440.323 -936.657 0.0088
6.0257 -2.17551 319.554 113.722 2651.76 -0.0134817 -5.84886 2.40968 -319.554 531.041 -974.305 0.0134817
5.95292 -2.60248 319.412 170.99 2653.02 -0.018293 -5.7096 2.84511 -319.412 594.958 -1005.29 0.018293
5.89407 -2.8412 319.323 202.813 2649.87 -0.0232613 -5.58832 3.08594 -319.323 630.521 -1027.42 0.0232613
5.82394 -2.89144 319.287 208.719 2642.89 -0.0284048 -5.51229 3.12724 -319.287 637.479 -1040.97 0.0284048
5.76635 -2.74825 319.285 188.873 2631.24 -0.033734 -5.43019 2.97682 -319.285 616.066 -1048.97 0.033734
5.73302 -2.40528 319.307 143.983 2614.1 -0.0392515 -5.30264 2.65108 -319.307 566.987 -1054.47 0.0392515
5.68157 -1.8725 319.362 75.5093 2591.82 -0.0449506 -5.16548 2.15784 -319.362 491.28 -1058.77 0.0449506
5.60098 -1.17074 319.451 -15.4465 2564.98 -0.0508171 -5.02713 1.49237 -319.451 390.109 -1062.77 0.0508171
5.51653 -0.329867 319.593 -125.599 2535.16 -0.0568321 -4.87621 0.666827 -319.593 266.091 -1066.11 0.0568321
5.42077 0.627197 319.778 -251.921 2502.88 -0.0629729 -4.72409 -0.294844 -319.778 122.784 -1068.76 0.0629729
5.32796 1.66173 320.026 -387.22 2470.33 -0.0692122 -4.58137 -1.34043 -320.026 -34.2295 -1069.42 0.0692122
5.23546 2.77867 320.252 -532.86 2436.47 -0.075516 -4.44455 -2.46383 -320.252 -203.418 -1067.9 0.075516
5.16093 3.93856 320.461 -683.867 2403.15 -0.0818431 -4.31646 -3.62279 -320.461 -378.27 -1063.17 0.0818431
5.09436 5.10178 320.619 -835.394 2370.6 -0.0881446 -4.20903 -4.78574 -320.619 -553.634 -1055.21 0.0881446
5.01981 6.21904 320.762 -982.123 2339.69 -0.0943644 -4.14299 -5.92935 -320.762 -724.62 -1044.19 0.0943644
4.92567 7.25477 320.916 -1121.71 2309.37 -0.10044 -4.10492 -7.03672 -320.916 -886.195 -1032.58 0.10044
4.84994 8.17505 321.092 -1248.26 2278.49 -0.106303 -4.03323 -8.05905 -321.092 -1032.64 -1022.55 0.106303
4.7968 8.96571 321.233 -1357.01 2246.53 -0.111876 -3.92151 -8.93656 -321.233 -1158.32 -1013.89 0.111876
4.73616 9.61263 321.306 -1443.65 2215.33 -0.117078 -3.83256 -9.62104 -321.306 -1258.78 -1003.84 0.117078
4.64423 10.0929 321.331 -1505.62 2186.48 -0.121818 -3.81922 -10.0942 -321.331 -1330.79 -989.915 0.121818
4.53337 10.3849 321.332 -1541.7 2159.42 -0.126005 -3.86272 -10.3638 -321.332 -1373.64 -972.455 0.126005
4.42652 10.4765 321.306 -1552.25 2131.8 -0.129549 -3.90515 -10.4446 -321.306 -1387.31 -954.03 0.129549
4.31642 10.3665 321.256 -1537.75 2101.57 -0.132362 -3.92697 -10.3433 -321.256 -1372.12 -936.349 0.132362
4.20519 10.071 321.183 -1499.1 2068.04 -0.134359 -3.92272 -10.0567 -321.183 -1328.96 -919.193 0.134359
4.10892 9.6162 321.092 -1437.57 2031.54 -0.135457 -3.89657 -9.57532 -321.092 -1258.94 -900.059 0.135457
4.04552 9.02427 320.987 -1355.36 1993.2 -0.13558 -3.86727 -8.91373 -320.987 -1164.98 -874.936 0.13558
4.00945 8.3017 320.868 -1255.71 1954.19 -0.134658 -3.87485 -8.11618 -320.868 -1051.02 -840.133 0.134658
4.02427 7.46185 320.758 -1143.4 1915.41 -0.132634 -3.91353 -7.23617 -320.758 -921.635 -794.078 0.132634
4.11411 6.52728 320.659 -1022.47 1876.99 -0.129464 -3.9554 -6.30389 -320.659 -780.221 -737.41 0.129464
4.23805 5.52968 320.547 -895.208 1837.04 -0.12512 -4.00716 -5.32897 -320.547 -630.288 -673.063 0.12512
4.36621 4.49612 320.399 -763.092 1794.02 -0.119586 -4.06128 -4.31235 -320.399 -474.297 -604.74 0.119586
4.48761 3.4519 320.262 -628.519 1746.73 -0.112858 -4.09616 -3.26849 -320.262 -315.438 -535.808 0.112858
4.57907 2.42353 320.113 -495.246 1694.94 -0.104945 -4.10805 -2.22957 -320.113 -158.2 -469.834 0.104945
4.60738 1.42716 320.001 -366.212 1638.35 -0.0958631 -4.11189 -1.22274 -320.001 -5.7324 -409.067 0.0958631
4.55202 0.490038 319.899 -244.235 1575.49 -0.0856366 -4.1041 -0.272977 -319.899 137.446 -355.42 0.0856366
4.42283 -0.36309 319.759 -132.62 1506.53 -0.0743001 -4.07495 0.596271 -319.759 267.868 -309.06 0.0743001
4.24401 -1.12866 319.624 -32.6705 1431.2 -0.0618959 -4.00286 1.36086 -319.624 382.942 -269.346 0.0618959
4.04591 -1.77948 319.503 51.4604 1349.17 -0.0484727 -3.87043 1.99172 -319.503 478.916 -234.131 0.0484727
3.85092 -2.29267 319.413 115.885 1263.1 -0.0340847 -3.70068 2.4719 -319.413 554.084 -199.701 0.0340847
3.64995 -2.67067 319.356 161.996 1173.12 -0.0187897 -3.53236 2.80648 -319.356 608.107 -162.023 0.0187897
3.45724 -2.90856 319.299 189.292 1080.11 -0.00264802 -3.37008 2.99634 -319.299 640.922 -119.328 0.00264802
3.26743 -3.00888 319.265 198.145 983.733 0.0142779 -3.21255 3.04647 -319.265 653.211 -72.2091 -0.0142779
3.06058 -2.97305 319.25 189.95 882.74 0.0319223 -3.05914 2.97138 -319.25 645.821 -22.3127 -0.0319223
2.8408 -2.8019 319.265 165.403 775.903 0.050215 -2.87112 2.78256 -319.265 619.782 26.727 -0.050215
2.61096 -2.50393 319.313 125.401 662.009 0.0690789 -2.60987 2.4861 -319.313 576.254 71.1081 -0.0690789
2.3541 -2.08595 319.392 71.2388 540.704 0.088431 -2.27829 2.09036 -319.392 516.068 109.211 -0.088431
2.06894 -1.56342 319.529 7.04792 416.051 0.108185 -1.92571 1.62412 -319.529 441.308 143.723 -0.108185
1.76841 -0.930852 319.691 -68.4571 288.941 0.128252 -1.55617 1.08011 -319.691 351.471 176.142 -0.128252
1.44838 -0.19999 319.814 -156.681 158.938 0.148538 -1.18263 0.437392 -319.814 246.668 208.149 -0.148538
1.10235 0.592078 319.905 -255.537 28.7967 0.168941 -0.834454 -0.316249 -319.905 128.306 240.203 -0.168941
0.737365 1.43509 320.03 -364.005 -101.22 0.189353 -0.492006 -1.17298 -320.03 -2.08962 270.277 -0.189353
0.356795 2.32723 320.181 -479.378 -233.136 0.209661 -0.119193 -2.0877 -320.181 -140.632 295.8 -0.209661
-0.0563205 3.24293 320.351 -597.101 -366.12 0.229746 0.271534 -3.01682 -320.351 -282.158 315.312 -0.229746
-0.520024 4.15154 320.579 -712.584 -500.667 0.249491 0.682432 -3.92761 -320.579 -422.356 326.456 -0.249491
-0.999643 5.03819 320.808 -826.123 -636.419 0.268784 1.13379 -4.81206 -320.808 -557.708 330.899 -0.268784
-1.48751 5.85613 321.032 -932.283 -772.232 0.28752 1.59849 -5.64131 -321.032 -683.024 332.383 -0.28752
-1.97636 6.58073 321.125 -1027.4 -904.489 0.3056 2.03651 -6.39158 -321.125 -795.167 333.938 -0.3056
-2.43481 7.18887 321.145 -1109.12 -1032.64 0.322922 2.46256 -7.0422 -321.145 -890.342 337.355 -0.322922
-2.84332 7.65112 321.169 -1174.21 -1154.54 0.339381 2.87736 -7.57071 -321.169 -964.475 343.132 -0.339381
-3.21904 7.95147 321.231 -1219.27 -1270.2 0.354875 3.26659 -7.94525 -321.231 -1014.25 350.881 -0.354875
-3.57515 8.07916 321.292 -1241.46 -1379.43 0.369311 3.62536 -8.13857 -321.292 -1037.17 359.259 -0.369311
-3.90114 8.02309 321.279 -1238.76 -1481.87 0.3826 3.97292 -8.13274 -321.279 -1031.17 366.677 -0.3826
-4.21979 7.7741 321.206 -1210.6 -1578.02 0.394663 4.30163 -7.92765 -321.206 -995.514 371.522 -0.394663
-4.53089 7.33279 321.087 -1157.69 -1666.78 0.405422 4.612 -7.52886 -321.087 -930.362 372.643 -0.405422
-4.81712 6.71013 320.959 -1080.59 -1747.82 0.414809 4.92035 -6.93752 -320.959 -836.857 369.861 -0.414809
-5.08899 5.92387 320.82 -981.01 -1820.72 0.422766 5.20958 -6.16425 -320.82 -717.281 363.673 -0.422766
-5.34925 4.99332 320.668 -861.605 -1884.69 0.429242 5.46224 -5.23235 -320.668 -574.96 355.361 -0.429242
-5.58625 3.93566 320.523 -725.1 -1939.34 0.434192 5.68429 -4.17314 -320.523 -413.989 345.338 -0.434192
-5.79029 2.77074 320.414 -576.134 -1984.91 0.437582 5.88521 -3.03551 -320.414 -239.388 333.876 -0.437582
-5.95236 1.53743 320.253 -421.646 -2019.62 0.439382 6.05121 -1.86613 -320.253 -56.2331 322.402 -0.439382
-6.08133 0.280566 319.996 -263.915 -2043.27 0.43957 6.17005 -0.663863 -319.996 131.611 311.176 -0.43957
-6.19811 -0.980938 319.778 -100.972 -2056.48 0.438135 6.22907 0.582237 -319.778 321.048 299.674 -0.438135
-6.28913 -2.20642 319.592 59.2277 -2059.9 0.435071 6.25933 1.81083 -319.592 505.706 286.069 -0.435071
-6.34209 -3.36407 319.44 210.823 -2055.89 0.430384 6.30396 2.97465 -319.44 680.334 268.411 -0.430384
-6.35897 -4.43275 319.219 350.788 -2042.14 0.42409 6.3319 4.04006 -319.219 840.261 248.47 -0.42409
-6.37729 -5.38256 318.952 475.079 -2018.24 0.416222 6.29416 4.98337 -318.952 981.999 227.435 -0.416222
-6.39842 -6.195 318.717 581.022 -1985.1 0.406822 6.19716 5.78257 -318.717 1102.53 205.128 -0.406822
-6.38043 -6.84543 318.571 665.63 -1944.92 0.395948 6.10779 6.41593 -318.571 1198.33 180.232 -0.395948
-6.2962 -7.31204 318.498 727.59 -1897.3 0.383664 6.0408 6.88737 -318.498 1268.18 154.087 -0.383664
-6.16547 -7.58218 318.438 765.313 -1841.08 0.370044 5.95014 7.18912 -318.438 1310.83 129.227 -0.370044
-6 -7.65818 318.359 777.414 -1775.43 0.355169 5.80321 7.29986 -318.359 1324.97 107.746 -0.355169
-5.77391 -7.54402 318.293 763.555 -1700.61 0.339128 5.62323 7.21006 -318.293 1310.17 90.2747 -0.339128
-5.47762 -7.23672 318.275 724.045 -1616.48 0.322013 5.42343 6.92761 -318.275 1266.8 76.179 -0.322013
-5.13587 -6.7436 318.32 660.217 -1523.78 0.303924 5.19211 6.46213 -318.32 1195.93 64.3427 -0.303924
-4.77832 -6.07406 318.425 573.268 -1423.05 0.284966 4.91467 5.82163 -318.425 1098.79 53.2078 -0.284966
-4.41933 -5.24621 318.594 466.278 -1315.49 0.265251 4.60286 5.02326 -318.594 977.252 40.3035 -0.265251
-4.03044 -4.29217 318.784 342.022 -1202.09 0.244894 4.31569 4.07817 -318.784 834.635 22.3332 -0.244894
-3.62823 -3.23448 319.007 204.082 -1082.85 0.224018 4.04455 3.01164 -319.007 674.07 -1.82681 -0.224018
-3.24253 -2.08259 319.235 54.6996 -955.834 0.202751 3.72397 1.85624 -319.235 499.219 -29.0984 -0.202751
-2.86093 -0.864032 319.465 -102.283 -821.678 0.181223 3.36104 0.642904 -319.465 314.459 -58.1018 -0.181223
-2.469 0.378133 319.728 -260.222 -680.48 0.159566 2.97693 -0.58021 -319.728 125.959 -89.6864 -0.159566
-2.06344 1.62716 319.975 -417.755 -532.968 0.137913 2.57508 -1.80295 -319.975 -63.859 -123.145 -0.137913
-1.64748 2.84084 320.174 -571.519 -379.961 0.116395 2.16038 -3.00929 -320.174 -250.179 -158.806 -0.116395
-1.21716 3.97746 320.425 -717.356 -220.998 0.0951456 1.73102 -4.17626 -320.425 -428.062 -196.318 -0.0951456
-0.77382 5.02105 320.673 -852.222 -56.8335 0.0743 1.2872 -5.2671 -320.673 -593.147 -235.147 -0.0743
-0.313947 5.96356 320.944 -974.504 113.645 0.0539939 0.827594 -6.24172 -320.944 -740.275 -275.729 -0.0539939
0.180025 6.78704 321.19 -1081.46 289.471 0.0343575 0.358812 -7.0698 -321.19 -865.407 -315.561 -0.0343575
0.730029 7.45223 321.28 -1167.44 470.29 0.0155119 -0.108884 -7.72226 -321.28 -964.593 -352.654 -0.0155119
1.32656 7.93608 321.277 -1229.93 655.188 -0.00243313 -0.588881 -8.19339 -321.277 -1036.3 -385.549 0.00243313
1.93727 8.22335 321.312 -1267.54 843.883 -0.0193795 -1.12023 -8.47852 -321.312 -1079.12 -413.021 0.0193795
2.5339 8.31631 321.428 -1280.7 1037.76 -0.0352392 -1.72031 -8.57807 -321.428 -1093.02 -437.983 0.0352392
3.1181 8.22952 321.542 -1270.07 1233.9 -0.0499335 -2.34252 -8.48785 -321.542 -1078.76 -463.847 0.0499335
3.69448 7.97236 321.518 -1236.4 1429.15 -0.0633965 -2.93052 -8.201 -321.518 -1035.98 -494.713 0.0633965
4.23971 7.55231 321.405 -1181.34 1620.9 -0.0755777 -3.48835 -7.74009 -321.405 -967.228 -530.687 0.0755777
4.75603 6.96072 321.334 -1103.92 1812.95 -0.086439 -4.04849 -7.12389 -321.334 -874.921 -570.699 0.086439
5.26241 6.21012 321.372 -1007.34 2005.38 -0.0959524 -4.61406 -6.38647 -321.372 -762.388 -611.742 0.0959524
5.75899 5.33718 321.327 -897.413 2194.24 -0.104104 -5.16537 -5.55837 -321.327 -633.269 -652.612 0.104104
6.26432 4.38017 321.169 -776.457 2378.11 -0.110897 -5.68637 -4.63425 -321.169 -489.871 -691.536 0.110897
6.77387 3.35897 320.995 -644.435 2558.96 -0.116347 -6.21133 -3.61465 -320.995 -335.105 -726.32 0.116347
7.27132 2.30224 320.789 -507.175 2733.92 -0.120476 -6.75765 -2.55095 -320.789 -174.386 -753.945 0.120476
7.79049 1.22849 320.62 -367.568 2905.17 -0.123315 -7.3095 -1.47542 -320.62 -11.9613 -774.064 0.123315
8.3347 0.179988 320.54 -229.56 3069.94 -0.12491 -7.81705 -0.404152 -320.54 147.912 -790.45 0.12491
8.85885 -0.823429 320.435 -92.433 3226.44 -0.125321 -8.29708 0.662374 -320.435 301.658 -805.29 0.125321
9.31681 -1.73199 320.2 33.4553 3371.92 -0.124618 -8.76062 1.64273 -320.2 441.202 -820.769 0.124618
9.71121 -2.53144 319.949 143.465 3505.73 -0.122867 -9.19101 2.48345 -319.949 561.671 -838.2 0.122867
10.0419 -3.20591 319.742 235.39 3627.01 -0.120132 -9.56628 3.16319 -319.742 660.04 -859.861 0.120132
10.3285 -3.71067 319.586 304.787 3733.78 -0.116473 -9.85742 3.67179 -319.586 733.039 -885.051 0.116473
10.5902 -4.01898 319.442 349.092 3825.33 -0.111953 -10.0575 4.00626 -319.442 779.056 -911.374 0.111953
10.8259 -4.13285 319.332 367.602 3904.07 -0.106637 -10.2224 4.15337 -319.332 797.217 -933.508 0.106637
11.0207 -4.06641 319.267 359.398 3972.11 -0.100595 -10.4081 4.0899 -319.267 787.166 -947.841 0.100595
11.1847 -3.82851 319.247 325.073 4029.44 -0.0938977 -10.6052 3.81584 -319.247 749.55 -954.226 0.0938977
11.3226 -3.42262 319.249 267.18 4073.76 -0.0866191 -10.7687 3.36343 -319.249 686.833 -956.053 0.0866191
11.4048 -2.85347 319.263 188.475 4102.89 -0.0788315 -10.8837 2.76828 -319.263 601.931 -957.378 0.0788315
11.4118 -2.13925 319.292 92.1704 4114.93 -0.0706032 -10.9323 2.05606 -319.292 497.791 -961.55 0.0706032
11.3532 -1.30659 319.348 -18.7957 4109.3 -0.0619959 -10.8931 1.24244 -319.348 377.423 -969.667 0.0619959
11.2255 -0.380027 319.441 -141.034 4086.85 -0.0530643 -10.7875 0.352442 -319.441 244.399 -980.034 0.0530643
11.0634 0.618773 319.578 -270.939 4049.49 -0.0438581 -10.6168 -0.584421 -319.578 102.304 -989.514 0.0438581
10.8884 1.65716 319.75 -404.501 3999.08 -0.0344244 -10.4023 -1.55008 -319.75 -45.7473 -993.991 0.0344244
10.6944 2.7261 319.901 -542.302 3938.15 -0.0248091 -10.1938 -2.5561 -319.901 -199.527 -989.815 0.0248091
10.485 3.7882 320.081 -681.307 3868.23 -0.0150599 -9.99955 -3.58911 -320.081 -354.932 -976.856 0.0150599
10.2694 4.81338 320.236 -815.571 3788.15 -0.00522734 -9.78639 -4.60835 -320.236 -507.962 -957.338 0.00522734
10.045 5.80671 320.325 -945.673 3696.15 0.00463854 -9.51847 -5.60097 -320.325 -656.937 -934.862 -0.00463854
9.76442 6.73267 320.434 -1068.04 3593.32 0.0144929 -9.22833 -6.5406 -320.434 -796.734 -912.614 -0.0144929
9.41002 7.56816 320.559 -1179.53 3479.79 0.0242981 -8.91826 -7.4044 -320.559 -924.036 -892.878 -0.0242981
9.01133 8.28157 320.723 -1274.05 3356.25 0.0340219 -8.56338 -8.14824 -320.723 -1034.31 -875.69 -0.0340219
8.54822 8.85487 320.801 -1349.94 3220.4 0.0436367 -8.16345 -8.76185 -320.801 -1125.22 -861.599 -0.0436367
8.01941 9.26133 320.824 -1404.66 3072.77 0.0531186 -7.73725 -9.22971 -320.824 -1193.36 -848.693 -0.0531186
7.45384 9.49613 320.781 -1436.16 2915.46 0.0624479 -7.28413 -9.5229 -320.781 -1236.07 -835.09 -0.0624479
6.8875 9.56694 320.718 -1443.25 2749.71 0.0716064 -6.7967 -9.61382 -320.718 -1251.72 -818.014 -0.0716064
6.35973 9.48119 320.737 -1427.77 2577.82 0.0805749 -6.27955 -9.50665 -320.737 -1240.09 -793.598 -0.0805749
5.86631 9.24352 320.793 -1390.55 2401 0.0893319 -5.76252 -9.20763 -320.793 -1201.9 -759.433 -0.0893319
5.37369 8.85419 320.807 -1333.34 2220.47 0.0978557 -5.28088 -8.74594 -320.807 -1139.51 -716.52 -0.0978557
4.85221 8.31906 320.717 -1258.03 2035.35 0.106128 -4.84971 -8.14881 -320.717 -1055.72 -666.003 -0.106128
4.31538 7.67742 320.571 -1169.59 1846.13 0.114136 -4.42689 -7.44172 -320.571 -954.624 -612.41 -0.114136
3.79073 6.95543 320.577 -1071.96 1652.43 0.121871 -3.95661 -6.64771 -320.577 -839.211 -559.315 -0.121871
3.22894 6.16005 320.567 -965.033 1451.98 0.129327 -3.43193 -5.78924 -320.567 -713.731 -512.354 -0.129327
2.5926 5.30985 320.516 -852.56 1242.63 0.13649 -2.86509 -4.90907 -320.516 -583.043 -472.903 -0.13649
1.90585 4.43405 320.423 -738.751 1025.21 0.143355 -2.25285 -4.03273 -320.423 -450.63 -438.865 -0.143355
1.18206 3.55935 320.319 -625.911 803.797 0.149919 -1.63942 -3.1798 -320.319 -320.695 -406.217 -0.149919
0.445074 2.71387 320.252 -518.964 579.889 0.156183 -1.04296 -2.36209 -320.252 -193.921 -370.57 -0.156183
-0.266817 1.92664 320.321 -419.069 352.417 0.162139 -0.440106 -1.58024 -320.321 -73.3183 -328.752 -0.162139
-0.969186 1.21901 320.257 -326.736 121.635 0.167771 0.151914 -0.839506 -320.257 37.8824 -280.786 -0.167771
-1.68055 0.605215 320.116 -244.549 -113.423 0.173057 0.746192 -0.166552 -320.116 136.516 -230.141 -0.173057
-2.3887 0.107879 320.039 -177.478 -350.351 0.17798 1.35043 0.394647 -320.039 218.199 -178.595 -0.17798
-3.10239 -0.277074 319.973 -126.039 -593.368 0.182527 1.9967 0.821665 -319.973 280.862 -127.657 -0.182527
-3.8038 -0.534836 320.014 -92.4793 -841.529 0.186694 2.68787 1.09008 -320.014 321.241 -76.172 -0.186694
-4.50211 -0.639998 320.146 -80.1992 -1095.03 0.190474 3.40381 1.19682 -320.146 338.737 -22.4036 -0.190474
-5.1955 -0.581878 320.218 -89.0763 -1348.43 0.193864 4.1011 1.15048 -320.218 332.934 34.5611 -0.193864
-5.88636 -0.377554 320.285 -115.596 -1600.63 0.19686 4.77703 0.96211 -320.285 304.268 93.6883 -0.19686
-6.59349 -0.0282953 320.44 -160.081 -1856.26 0.199461 5.47062 0.626304 -320.44 252.481 151.466 -0.199461
-7.32169 0.46383 320.689 -224.418 -2116.94 0.201666 6.19637 0.137239 -320.689 178.933 206.829 -0.201666
-8.0655 1.07068 320.986 -303.813 -2375.61 0.203481 6.91235 -0.473961 -320.986 87.1574 259.376 -0.203481
-8.83477 1.80059 321.125 -399.952 -2634.75 0.204914 7.62599 -1.20633 -321.125 -22.1902 309.16 -0.204914
-9.60128 2.63198 321.138 -509.022 -2893.71 0.205971 8.36679 -2.02118 -321.138 -144.454 355.361 -0.205971
-10.3788 3.56111 321.322 -631.654 -3153.62 0.206661 9.12649 -2.90777 -321.322 -276.97 398.321 -0.206661
-11.1718 4.54313 321.618 -760.137 -3412.63 0.20699 9.87855 -3.83217 -321.618 -416.38 439.318 -0.20699
-11.966 5.56897 321.918 -896.807 -3671.35 0.206965 10.6477 -4.81332 -321.918 -561.731 477.486 -0.206965
-12.7149 6.59417 322.057 -1035.64 -3922.93 0.2066 11.4029 -5.82329 -322.057 -708.881 516.864 -0.2066
-13.4063 7.59401 322.109 -1172.88 -4163.84 0.205924 12.1072 -6.83109 -322.109 -853.74 560.844 -0.205924
-14.0322 8.54017 322.144 -1302.99 -4389.76 0.204963 12.7327 -7.79329 -322.144 -991.797 610.137 -0.204963
-14.6269 9.41232 322.271 -1423.91 -4606.85 0.203739 13.3249 -8.68937 -322.271 -1119.34 659.728 -0.203739
-15.1586 10.1833 322.392 -1533.62 -4810.19 0.202269 13.894 -9.4979 -322.392 -1231.59 707.682 -0.202269
-15.6373 10.8101 322.41 -1624.17 -4997.64 0.200572 14.4282 -10.1743 -322.41 -1324.16 752.165 -0.200572
-16.0861 11.2791 322.356 -1691.27 -5167.54 0.198672 14.8969 -10.6802 -322.356 -1394.04 792.569 -0.198672
-16.4803 11.5813 322.221 -1734.2 -5318.82 0.196595 15.3121 -10.9996 -322.221 -1438.46 829.595 -0.196595
-16.8104 11.7035 322.059 -1752.31 -5451.01 0.194374 15.6835 -11.1341 -322.059 -1456.41 862.772 -0.194374
-17.0906 11.6352 321.892 -1744.68 -5563.26 0.192041 15.9845 -11.0786 -321.892 -1446.64 892.976 -0.192041
-17.3271 11.3776 321.734 -1711.53 -5655.28 0.189631 16.2057 -10.8346 -321.734 -1409.29 920.356 -0.189631
-17.5277 10.9265 321.576 -1653.06 -5727.39 0.187175 16.3515 -10.4125 -321.576 -1345.06 943.541 -0.187175
-17.6789 10.29 321.372 -1571.56 -5780.1 0.184698 16.4483 -9.83512 -321.372 -1255.99 961.209 -0.184698
-17.758 9.48301 321.121 -1468.03 -5813.74 0.182222 16.5228 -9.10235 -321.121 -1143.15 973.147 -0.182222
-17.7684 8.52128 320.871 -1343.26 -5827.58 0.179768 16.5519 -8.21374 -320.871 -1007.9 981.392 -0.179768
-17.7275 7.43233 320.616 -1202.7 -5820.22 0.17736 16.4889 -7.20411 -320.616 -853.57 988.63 -0.17736
-17.599 6.22623 320.35 -1048.2 -5791.4 0.175025 16.3576 -6.09225 -320.35 -682.35 996.4 -0.175025
-17.3485 4.91206 320.041 -879.932 -5740.8 0.172783 16.1852 -4.88391 -320.041 -496.153 1005.33 -0.172783
-17.0158 3.52014 319.736 -700.524 -5668.39 0.170652 15.9279 -3.59579 -319.736 -298.963 1016.02 -0.170652
-16.6461 2.09398 319.45 -515.565 -5576.7 0.168643 15.5709 -2.25009 -319.45 -94.4196 1026.68 -0.168643
-16.2104 0.645124 319.125 -325.731 -5465.97 0.16676 15.159 -0.856561 -319.125 115.156 1035.36 -0.16676
-15.7036 -0.796847 318.837 -134.386 -5338.68 0.165007 14.7382 0.550116 -318.837 324.101 1038.77 -0.165007
-15.1716 -2.20057 318.647 53.5432 -5197.43 0.163386 14.2906 1.93108 -318.647 527.471 1035.58 -0.163386
-14.6172 -3.54924 318.465 234.327 -5041.61 0.161902 13.8003 3.25016 -318.465 721.554 1027.03 -0.161902
-14.0107 -4.7907 318.168 400.323 -4868.42 0.160559 13.2637 4.45815 -318.168 899.751 1014.99 -0.160559
-13.3659 -5.89168 317.82 549.858 -4678.02 0.159363 12.6592 5.55268 -317.82 1058.73 1000.71 -0.159363
-12.7174 -6.83172 317.616 680.062 -4476.62 0.158312 12.0163 6.5197 -317.616 1196.5 981.4 -0.158312
-12.0297 -7.58701 317.495 785.691 -4263.89 0.157408 11.3686 7.31027 -317.495 1308.09 956.983 -0.157408
-11.3188 -8.13972 317.421 861.578 -4042.23 0.156653 10.7253 7.88198 -317.421 1390.21 926.325 -0.156653
-10.616 -8.46223 317.47 902.168 -3817.24 0.156052 10.0896 8.20241 -317.47 1439.97 890.166 -0.156052
-9.90243 -8.57827 317.466 914.145 -3582.78 0.155612 9.40204 8.30649 -317.466 1458.94 853.391 -0.155612
-9.19341 -8.47383 317.459 897.062 -3342.22 0.155342 8.67758 8.19336 -317.459 1445.45 815.087 -0.155342
-8.46262 -8.1631 317.403 853.287 -3096.09 0.155251 7.94704 7.88252 -317.403 1401.89 775.165 -0.155251
-7.7158 -7.66002 317.516 784.65 -2850.29 0.155342 7.26152 7.38454 -317.516 1329.86 731.527 -0.155342
-6.97184 -6.99146 317.751 694.59 -2602.16 0.155619 6.57599 6.71226 -317.751 1231.51 685.184 -0.155619
-6.25688 -6.18101 318.017 584.527 -2352.49 0.156089 5.8624 5.86554 -318.017 1108.7 637.185 -0.156089
-5.55173 -5.24924 318.256 456.329 -2100.41 0.15676 5.14584 4.86346 -318.256 965.156 585.846 -0.15676
-4.83578 -4.22225 318.47 316.301 -1846.83 0.157645 4.45481 3.76693 -318.47 806.784 530.954 -0.157645
-4.1561 -3.10866 318.75 167.323 -1593.48 0.158756 3.77188 2.61808 -318.75 637.838 470.075 -0.158756
-3.50607 -1.96262 319.13 18.4924 -1343.59 0.160106 3.08969 1.4729 -319.13 464.698 408.386 -0.160106
-2.85824 -0.833464 319.529 -125.966 -1094.77 0.161695 2.42779 0.338264 -319.529 291.036 344.616 -0.161695
-2.19936 0.237075 319.785 -264.184 -845.896 0.16352 1.78043 -0.777723 -319.785 121.986 280.302 -0.16352
-1.54495 1.25361 319.985 -397.323 -599.187 0.165569 1.13978 -1.85549 -319.985 -39.1829 216.579 -0.165569
-0.899513 2.17633 320.133 -517.726 -357.558 0.167828 0.519293 -2.83163 -320.133 -185.622 153.835 -0.167828
-0.236794 2.9893 320.286 -623.496 -119.039 0.170275 -0.0908718 -3.68532 -320.286 -314.064 95.1634 -0.170275
0.421577 3.6423 320.487 -708.298 115.977 0.172882 -0.691674 -4.38681 -320.487 -419.606 38.0524 -0.172882
1.07742 4.13007 320.702 -773.874 346.978 0.175618 -1.27263 -4.93835 -320.702 -500.082 -18.204 -0.175618
1.71967 4.45107 320.901 -819.299 574.262 0.178449 -1.83903 -5.31526 -320.901 -552.728 -74.714 -0.178449
2.32851 4.59313 320.993 -840.639 794.618 0.181343 -2.39345 -5.48387 -320.993 -575.039 -130.694 -0.181343
2.92274 4.54966 320.936 -836.533 1007.59 0.184253 -2.9112 -5.43876 -320.936 -566.692 -186.508 -0.184253
3.51387 4.3164 320.856 -807.909 1215.74 0.18712 -3.39177 -5.1928 -320.856 -527.963 -243.198 -0.18712
4.08432 3.89291 320.782 -753.79 1418.21 0.18988 -3.84759 -4.76157 -320.782 -461.964 -300.599 -0.18988
4.63899 3.29041 320.832 -676.584 1616.66 0.192477 -4.30569 -4.16108 -320.832 -370.115 -355.906 -0.192477
5.17059 2.53302 320.823 -578.337 1812.55 0.194862 -4.78227 -3.41011 -320.823 -256.392 -409.324 -0.194862
5.67804 1.64115 320.795 -462.101 2004.07 0.196989 -5.26092 -2.5235 -320.795 -122.704 -461.494 -0.196989
6.15337 0.651189 320.664 -333.024 2187.23 0.198808 -5.69882 -1.53377 -320.664 26.4165 -515.573 -0.198808
6.57184 -0.401228 320.417 -194.345 2359.94 0.200276 -6.09153 -0.461828 -320.417 186.267 -573.562 -0.200276
6.95193 -1.50108 320.233 -45.2085 2524.38 0.201358 -6.43736 0.69393 -320.233 354.097 -635.294 -0.201358
7.31361 -2.60383 320.16 106.858 2682.72 0.202027 -6.7441 1.87386 -320.16 522.797 -699.018 -0.202027
7.64525 -3.67358 320.022 254.422 2834.04 0.202258 -7.04787 3.00261 -320.022 684.173 -760.396 -0.202258
7.95179 -4.69146 319.797 393.093 2979.13 0.202026 -7.36342 4.03925 -319.797 834.207 -817.451 -0.202026
8.25291 -5.62339 319.573 518.841 3119.03 0.201307 -7.67962 4.95936 -319.573 968.709 -870.024 -0.201307
8.55055 -6.43413 319.421 628.385 3252.75 0.200076 -7.97646 5.75222 -319.421 1084.5 -919.658 -0.200076
8.8362 -7.10185 319.322 720.334 3380.52 0.198312 -8.25138 6.41645 -319.322 1179.72 -968.134 -0.198312
9.08199 -7.59417 319.176 790.237 3498.18 0.195997 -8.4975 6.93247 -319.176 1251.51 -1016.19 -0.195997
9.26915 -7.90878 319.013 836.511 3604.98 0.193116 -8.72991 7.27482 -319.013 1297.55 -1063.59 -0.193116
9.41108 -8.05884 318.871 858.481 3701.11 0.189655 -8.93264 7.42725 -318.871 1318.09 -1110.87 -0.189655
9.54674 -8.03837 318.806 855.557 3787.31 0.185603 -9.08303 7.38611 -318.806 1312.35 -1156.49 -0.185603
9.67533 -7.84306 318.799 828.461 3862.86 0.180954 -9.19441 7.1678 -318.799 1281.32 -1197.99 -0.180954
9.77334 -7.47494 318.815 778.709 3928.85 0.175706 -9.31877 6.79302 -318.815 1226.68 -1232.44 -0.175706
9.85079 -6.93902 318.839 707.945 3985.75 0.169858 -9.46 6.28183 -318.839 1150.3 -1258.37 -0.169858
9.93916 -6.2461 318.881 617.204 4032.91 0.163411 -9.57644 5.63921 -318.881 1053.37 -1276.55 -0.163411
10.033 -5.4157 318.957 508.487 4069.05 0.156367 -9.65242 4.86951 -318.957 937.242 -1288.69 -0.156367
10.1055 -4.46764 319.052 383.11 4093.84 0.148728 -9.70436 3.97363 -319.052 803.507 -1295.88 -0.148728
10.1296 -3.43104 319.134 243.967 4106.2 0.140505 -9.74151 2.96377 -319.134 655.081 -1299.57 -0.140505
10.0852 -2.32569 319.235 94.0958 4105.59 0.131718 -9.77314 1.85982 -319.235 494.5 -1300.75 -0.131718
9.97795 -1.16905 319.368 -62.8334 4090.89 0.122398 -9.77531 0.698271 -319.368 325.676 -1300.86 -0.122398
9.84788 0.0219191 319.526 -222.101 4061.29 0.112586 -9.69619 -0.47051 -319.526 153.349 -1300.74 -0.112586
9.71078 1.2119 319.738 -376.641 4017.47 0.102332 -9.53203 -1.59035 -319.738 -16.6941 -1299.38 -0.102332
9.55344 2.39477 319.904 -528.305 3961.21 0.0916967 -9.33611 -2.67577 -319.904 -183.777 -1292.95 -0.0916967
9.37495 3.52483 320.098 -674.045 3895.71 0.0807437 -9.15976 -3.73356 -320.098 -345.482 -1277.55 -0.0807437
9.18111 4.56894 320.239 -808.762 3820.75 0.0695372 -8.99388 -4.73154 -320.239 -497.732 -1253.43 -0.0695372
8.97544 5.54605 320.296 -934.217 3734.06 0.0581374 -8.80365 -5.66036 -320.296 -640.111 -1222.72 -0.0581374
8.75505 6.44991 320.342 -1047.76 3636.18 0.0466061 -8.57687 -6.4844 -320.342 -769.38 -1188.08 -0.0466061
8.50644 7.26526 320.433 -1148.53 3527.5 0.035011 -8.31696 -7.20478 -320.433 -884.424 -1151.3 -0.035011
8.22758 7.96144 320.583 -1234.22 3409.35 0.0234237 -8.03575 -7.82456 -320.583 -983.664 -1112.33 -0.0234237
7.90768 8.53733 320.697 -1303.39 3280.71 0.0119136 -7.72058 -8.32794 -320.697 -1066.17 -1073.45 -0.0119136
7.54422 9.00989 320.715 -1356.91 3140.15 0.000545989 -7.36074 -8.70692 -320.715 -1132.31 -1035.09 -0.000545989
7.15398 9.37689 320.708 -1394.83 2989.35 -0.0106131 -6.96986 -8.96534 -320.708 -1182.29 -994.66 0.0106131
6.74867 9.62958 320.696 -1418.28 2830.48 -0.0214968 -6.56232 -9.12249 -320.696 -1216.44 -950.65 0.0214968
6.3358 9.77761 320.717 -1429.39 2665.24 -0.0320431 -6.1482 -9.19501 -320.717 -1236.33 -902.284 0.0320431
5.92378 9.83395 320.803 -1429.91 2494.03 -0.0421978 -5.71913 -9.18786 -320.803 -1242.73 -849.965 0.0421978
5.53517 9.79912 320.89 -1420.44 2316.66 -0.0519082 -5.25669 -9.10697 -320.89 -1235.94 -792.908 0.0519082
5.16685 9.67311 320.938 -1400.87 2135.82 -0.0611174 -4.76981 -8.95958 -320.938 -1217.1 -732.997 0.0611174
4.80833 9.45379 320.884 -1370.34 1952.9 -0.0697682 -4.29775 -8.73857 -320.884 -1185.75 -667.567 0.0697682
4.46468 9.16067 320.856 -1330.5 1771.71 -0.0778096 -3.86503 -8.44293 -320.856 -1142.86 -596.258 0.0778096
4.13516 8.81623 320.943 -1282.67 1593.01 -0.0851975 -3.45268 -8.07208 -320.943 -1090.18 -522.615 0.0851975
3.80365 8.42803 320.975 -1228.18 1414.5 -0.0918898 -3.02622 -7.63409 -320.975 -1028.57 -451.412 0.0918898
3.43867 8.00202 320.914 -1168.75 1233.55 -0.0978454 -2.57268 -7.14844 -320.914 -959.885 -386.266 0.0978454
3.01374 7.54993 320.8 -1106.74 1052.78 -0.103024 -2.11662 -6.64997 -320.8 -888.312 -330.067 0.103024
2.53955 7.08114 320.792 -1043.24 873.284 -0.107385 -1.66127 -6.15584 -320.792 -816.496 -281.94 0.107385
2.0536 6.61654 320.849 -981.126 696.122 -0.110892 -1.19148 -5.67752 -320.849 -746.111 -239.81 0.110892
1.57909 6.18292 320.859 -923.986 521.284 -0.113511 -0.707145 -5.2378 -320.859 -680.526 -200.419 0.113511
1.12762 5.79705 320.802 -873.062 351.538 -0.115215 -0.237619 -4.83993 -320.802 -621.316 -160.78 0.115215
0.709431 5.46892 320.72 -830.254 189.78 -0.115987 0.18631 -4.50457 -320.72 -570.885 -118.027 0.115987
0.324183 5.20308 320.678 -797.075 36.5918 -0.115815 0.565385 -4.2476 -320.678 -530.596 -72.8874 0.115815
-0.0266422 5.00889 320.674 -773.8 -107.898 -0.114695 0.911321 -4.06779 -320.674 -501.314 -26.9271 0.114695
-0.336397 4.88991 320.683 -759.694 -244.372 -0.112635 1.2459 -3.95983 -320.683 -483.529 18.4141 0.112635
-0.623582 4.85339 320.668 -755.41 -373.543 -0.109646 1.56951 -3.92479 -320.668 -477.759 61.1987 0.109646
-0.931011 4.89853 320.666 -761.411 -495.624 -0.105744 1.85337 -3.96812 -320.666 -484.189 99.6732 0.105744
-1.24467 5.02718 320.685 -777.514 -609.869 -0.100942 2.11957 -4.0849 -320.685 -502.577 131.956 0.100942
-1.5474 5.23183 320.72 -803.919 -718.466 -0.0952524 2.41026 -4.28239 -320.72 -532.683 156.726 0.0952524
-1.84567 5.50023 320.802 -839.535 -820.432 -0.0886891 2.70337 -4.55943 -320.802 -573.717 175.196 0.0886891
-2.14492 5.8308 320.863 -882.581 -913.574 -0.0812709 2.95864 -4.89338 -320.863 -624.055 190.061 0.0812709
-2.41409 6.22066 320.886 -932.231 -996.773 -0.0730246 3.18495 -5.27201 -320.886 -682.401 203.32 0.0730246
-2.66025 6.65508 320.905 -987.431 -1069.37 -0.0639854 3.3631 -5.6905 -320.905 -747.058 216.017 0.0639854
-2.89521 7.11588 320.956 -1046.66 -1131.99 -0.0541945 3.4892 -6.14309 -320.956 -816.181 227.657 0.0541945
-3.11398 7.58701 321.045 -1108.19 -1186.19 -0.0436959 3.59341 -6.62001 -321.045 -887.883 236.269 0.0436959
-3.33287 8.04158 321.15 -1169.93 -1233.48 -0.0325341 3.68412 -7.11461 -321.15 -959.528 239.876 0.0325341
-3.52353 8.454 321.227 -1228.83 -1274.41 -0.0207546 3.7962 -7.6074 -321.227 -1027.84 238.138 0.0207546
-3.65773 8.81319 321.259 -1281.7 -1308.53 -0.00840693 3.93862 -8.06133 -321.259 -1089.23 233.277 0.00840693
-3.74254 9.10156 321.256 -1325.12 -1333.77 0.00445324 4.0586 -8.4409 -321.256 -1139.67 229.671 -0.00445324
-3.7909 9.29656 321.244 -1356.25 -1348.55 0.0177634 4.109 -8.72563 -321.244 -1175.96 230.52 -0.0177634
-3.79956 9.37001 321.237 -1372.65 -1352.76 0.0314542 4.09186 -8.90605 -321.237 -1195.23 235.893 -0.0314542
-3.76609 9.30625 321.229 -1372.08 -1347.74 0.0454501 4.04047 -8.96289 -321.229 -1194.83 242.803 -0.0454501
-3.70206 9.10381 321.2 -1352.61 -1335.24 0.0596717 3.98423 -8.86834 -321.2 -1172.56 247.232 -0.0596717
-3.61291 8.75831 321.134 -1313.22 -1316.31 0.0740382 3.94519 -8.6096 -321.134 -1127.04 246.386 -0.0740382
-3.51602 8.26919 321.029 -1253.77 -1290.98 0.0884692 3.9092 -8.1848 -321.029 -1058.06 239.823 -0.0884692
-3.45273 7.64552 320.897 -1175.26 -1258.93 0.102886 3.82838 -7.60043 -320.897 -966.803 228.163 -0.102886
-3.39689 6.89144 320.767 -1079.75 -1220.65 0.117214 3.73356 -6.88081 -320.767 -855.22 211.221 -0.117214
-3.30587 6.013 320.667 -970.057 -1176.4 0.131382 3.66255 -6.06059 -320.667 -726.205 189.939 -0.131382
-3.18629 5.03613 320.559 -849.325 -1125.02 0.145327 3.58147 -5.15659 -320.559 -582.623 166.978 -0.145327
-3.04492 3.98998 320.393 -718.7 -1065.27 0.158986 3.45508 -4.16404 -320.393 -426.75 145.113 -0.158986
-2.85995 2.90322 320.256 -579.858 -996.88 0.1723 3.29786 -3.09067 -320.256 -262.034 125.087 -0.1723
-2.62924 1.81788 320.141 -439.368 -920.235 0.185207 3.11933 -1.97716 -320.141 -93.5227 106.256 -0.185207
-2.36351 0.737143 319.964 -298.621 -835.365 0.19765 2.91392 -0.860145 -319.964 74.5755 87.9247 -0.19765
-2.08554 -0.305461 319.777 -163.331 -744.046 0.209576 2.6784 0.208549 -319.777 235.982 69.1271 -0.209576
-1.81618 -1.27599 319.576 -36.3126 -646.194 0.220943 2.40967 1.21396 -319.576 386.635 47.282 -0.220943
-1.5531 -2.14029 319.414 78.9892 -542.597 0.231712 2.12873 2.12935 -319.414 521.426 20.5563 -0.231712
-1.29343 -2.8635 319.319 177.48 -435.134 0.24185 1.85816 2.91727 -319.319 635.287 -11.9426 -0.24185
-1.05788 -3.41772 319.227 255.113 -324.469 0.251327 1.58262 3.54905 -319.227 724.315 -50.306 -0.251327
-0.862046 -3.78442 319.141 308.074 -210.865 0.260117 1.28109 3.99084 -319.141 784.968 -93.5126 -0.260117
-0.672592 -3.95111 319.06 334.638 -93.3349 0.268199 0.960852 4.22679 -319.06 814.985 -138.895 -0.268199
-0.454404 -3.89354 319.031 332.227 27.9845 0.275559 0.648964 4.24601 -319.031 812.008 -185.191 -0.275559
-0.197293 -3.60217 319.055 298.931 151.75 0.282176 0.352123 4.03664 -319.055 774.94 -230.572 -0.282176
0.0750138 -3.0988 319.144 235.865 279.419 0.288029 0.00499265 3.58771 -319.144 704.185 -270.657 -0.288029
0.354554 -2.3998 319.306 146.254 408.848 0.293099 -0.385052 2.91694 -319.306 601.31 -305.458 -0.293099
0.638109 -1.49705 319.5 30.9218 538.612 0.297367 -0.805457 2.04985 -319.5 467.938 -335.773 -0.297367
0.920749 -0.430676 319.722 -103.052 665.179 0.300816 -1.21522 1.03254 -319.722 309.098 -364.526 -0.300816
1.22652 0.786232 319.904 -257.02 786.786 0.303435 -1.56128 -0.148428 -319.904 126.099 -394.034 -0.303435
1.56365 2.10409 320.142 -426.996 903.772 0.305214 -1.85122 -1.4741 -320.142 -75.4133 -422.419 -0.305214
1.92361 3.48341 320.548 -607.639 1019.37 0.30615 -2.13981 -2.90201 -320.548 -289.263 -446.422 -0.30615
2.26222 4.90127 320.963 -794.647 1133.25 0.306244 -2.49213 -4.38715 -320.963 -510.206 -462.781 -0.306244
2.5739 6.31473 321.197 -980.347 1242.7 0.305495 -2.88148 -5.85613 -321.197 -729.57 -473.308 -0.305495
2.88754 7.68613 321.405 -1157.88 1345.48 0.303905 -3.23403 -7.25097 -321.405 -940.776 -482.105 -0.303905
3.19369 8.9794 321.535 -1323.84 1439.45 0.301479 -3.52075 -8.54067 -321.535 -1137.8 -492.409 -0.301479
3.46286 10.1654 321.645 -1476.12 1523.93 0.298231 -3.76189 -9.71485 -321.645 -1317.2 -504.864 -0.298231
3.67482 11.2114 321.839 -1612.08 1599.66 0.294185 -3.98844 -10.7633 -321.839 -1475.56 -518.676 -0.294185
3.82122 12.0732 322.001 -1727.47 1665.74 0.289373 -4.2063 -11.6668 -322.001 -1608.26 -533.316 -0.289373
3.94443 12.7253 322.076 -1818.85 1722.41 0.283829 -4.383 -12.4062 -322.076 -1712.42 -547.615 -0.283829
4.06443 13.1451 322.041 -1882.1 1768.34 0.277594 -4.49504 -12.9484 -322.041 -1784.36 -560.752 -0.277594
4.17364 13.3124 321.932 -1913.72 1804.3 0.270716 -4.57379 -13.2608 -321.932 -1820.15 -570.154 -0.270716
4.26234 13.2151 321.804 -1910.44 1831.37 0.263248 -4.65431 -13.3077 -321.804 -1816.35 -573.352 -0.263248
4.34124 12.8417 321.683 -1869.88 1849.72 0.255246 -4.73072 -13.0648 -321.683 -1770.28 -569.812 -0.255246
4.42963 12.1783 321.555 -1791.13 1858.99 0.246766 -4.77519 -12.5295 -321.555 -1680.58 -560.403 -0.246766
4.50156 11.2223 321.396 -1674.53 1858.92 0.237862 -4.80108 -11.703 -321.396 -1546.68 -546.606 -0.237862
4.52698 9.98597 321.227 -1521.64 1848.61 0.228588 -4.82069 -10.5815 -321.227 -1368.23 -530.03 -0.228588
4.50447 8.48591 321.028 -1332.63 1828.15 0.218998 -4.81479 -9.16515 -321.028 -1147.39 -513.663 -0.218998
4.46122 6.75418 320.831 -1112.55 1798.47 0.209152 -4.75387 -7.48935 -320.831 -888.612 -498.746 -0.209152
4.40919 4.8153 320.625 -864.607 1760.29 0.199106 -4.63447 -5.58199 -320.625 -596.05 -484.822 -0.199106
4.30713 2.71618 320.347 -594.536 1712.34 0.18892 -4.48699 -3.49366 -320.347 -277.67 -472.135 -0.18892
4.16634 0.511858 320.096 -309.826 1657.1 0.178657 -4.32998 -1.28929 -320.096 57.1594 -458.963 -0.178657
4.02713 -1.77644 319.936 -10.9195 1594.75 0.168378 -4.13204 0.998125 -319.936 401.251 -444.242 -0.168378
3.90299 -4.07333 319.69 290.192 1528.42 0.158144 -3.92001 3.26801 -319.69 741.881 -425.442 -0.158144
3.73571 -6.32193 319.346 582.754 1457.36 0.148007 -3.74296 5.44472 -319.346 1071.18 -403.071 -0.148007
3.50591 -8.48456 318.943 865.455 1381.29 0.138015 -3.59652 7.52531 -318.943 1384.75 -380.202 -0.138015
3.24808 -10.4738 318.5 1128.44 1298.01 0.12821 -3.39776 9.46725 -318.5 1674.18 -361.439 -0.12821
2.9759 -12.238 318.104 1365.85 1206.34 0.118634 -3.1069 11.2411 -318.104 1933.96 -349.246 -0.118634
2.67781 -13.7251 317.815 1569.41 1108.02 0.109333 -2.76696 12.7954 -317.815 2157.78 -340.956 -0.109333
2.34506 -14.9196 317.564 1734.88 1005.33 0.100357 -2.42521 14.0798 -317.564 2340.67 -333.434 -0.100357
2.01834 -15.8059 317.338 1857.02 900.454 0.0917595 -2.08769 15.0273 -317.338 2476.22 -322.301 -0.0917595
1.73074 -16.3783 317.095 1933.35 793.802 0.0835859 -1.75384 15.6151 -317.095 2562.92 -303.396 -0.0835859
1.48425 -16.5982 316.866 1961.68 687.6 0.0758751 -1.443 15.8499 -316.866 2598.49 -275.944 -0.0758751
1.26182 -16.436 316.754 1941.97 582.324 0.0686576 -1.16382 15.758 -316.754 2582.49 -241.598 -0.0686576
1.04505 -15.8917 316.774 1874.54 477.608 0.0619541 -0.905043 15.3392 -316.774 2514.58 -204.154 -0.0619541
0.81985 -14.9854 316.908 1759.62 372.167 0.0557773 -0.639142 14.5717 -316.908 2394.28 -168.167 -0.0557773
0.565335 -13.7519 317.105 1599.52 266.234 0.0501351 -0.370079 13.4431 -317.105 2222.45 -136.247 -0.0501351
0.261979 -12.1945 317.302 1393.56 157.605 0.0450346 -0.0757611 11.9427 -317.302 1998.72 -112.031 -0.0450346
-0.0644858 -10.3525 317.518 1148.49 48.4174 0.0404839 0.244089 10.1282 -317.518 1729.95 -94.0786 -0.0404839
-0.374676 -8.25935 317.915 870.509 -59.2021 0.0364897 0.598512 8.04961 -317.915 1421.71 -80.2571 -0.0364897
-0.647497 -5.96855 318.557 567.148 -161.681 0.0330555 0.946038 5.76843 -318.557 1082.6 -65.3504 -0.0330555
-0.908439 -3.53253 319.261 246.79 -258.357 0.0301806 1.23215 3.34266 -319.261 719.764 -45.9406 -0.0301806
-1.15601 -1.04419 319.882 -75.4042 -348.256 0.0278596 1.45089 0.883066 -319.882 346.647 -21.9509 -0.0278596
-1.3911 1.4352 320.385 -388.897 -434.196 0.0260787 1.65189 -1.53379 -320.385 -27.9215 2.34356 -0.0260787
-1.62841 3.88455 320.658 -695.436 -517.235 0.0248165 1.85084 -3.90441 -320.658 -398.727 23.739 -0.0248165
-1.88376 6.23593 321.055 -990.85 -598.665 0.0240514 2.06512 -6.18824 -321.055 -754.698 38.8539 -0.0240514
-2.16075 8.45192 321.614 -1274.41 -678.68 0.0237662 2.29092 -8.37379 -321.614 -1089.68 47.9167 -0.0237662
-2.46836 10.4754 322.03 -1536.97 -756.817 0.0239448 2.51601 -10.3988 -322.03 -1396.05 50.9221 -0.0239448
-2.77308 12.2451 322.331 -1768.69 -833.181 0.0245673 2.75691 -12.1839 -322.331 -1663.89 50.362 -0.0245673
-3.03208 13.7275 322.396 -1962.82 -904.43 0.0256097 3.0088 -13.6731 -322.396 -1887.36 49.5864 -0.0256097
-3.26316 14.8919 322.377 -2114.56 -969.301 0.0270474 3.22449 -14.8369 -322.377 -2062.8 51.4597 -0.0270474
-3.46649 15.7155 322.343 -2222.5 -1026.65 0.0288579 3.37875 -15.6633 -322.343 -2186.73 58.3535 -0.0288579
-3.6172 16.1922 322.346 -2284.43 -1076.68 0.0310156 3.49968 -16.1261 -322.346 -2256.83 70.0194 -0.0310156
-3.71752 16.3277 322.34 -2299.21 -1120.05 0.0334876 3.60734 -16.2101 -322.34 -2272.87 83.9773 -0.0334876
-3.7929 16.1145 322.259 -2266.9 -1157.23 0.0362345 3.69747 -15.9291 -322.259 -2235.73 97.7402 -0.0362345
-3.87816 15.5532 322.115 -2190.39 -1190.07 0.0392148 3.76884 -15.322 -322.115 -2148.06 108.427 -0.0392148
-3.99936 14.666 321.929 -2073.7 -1219.84 0.0423879 3.82523 -14.426 -321.929 -2014.13 113.128 -0.0423879
-4.14607 13.4885 321.723 -1920.7 -1248.09 0.0457162 3.90353 -13.2633 -321.723 -1838.27 109.666 -0.0457162
-4.30945 12.0604 321.494 -1735.88 -1274.82 0.0491663 4.00508 -11.851 -321.494 -1623.93 99.0943 -0.0491663
-4.48197 10.4185 321.294 -1523.28 -1298.52 0.0527083 4.10383 -10.2184 -321.294 -1376.37 84.6236 -0.0527083
-4.63002 8.59399 321.124 -1288.48 -1318.18 0.0563137 4.19728 -8.41865 -321.124 -1101.86 70.2981 -0.0563137
-4.75202 6.63723 320.859 -1039.53 -1332.67 0.0599545 4.26239 -6.51477 -320.859 -808.27 58.4689 -0.0599545
-4.8845 4.60763 320.586 -782.852 -1345.38 0.0636012 4.29095 -4.54015 -320.586 -502.246 48.5227 -0.0636012
-5.01717 2.5374 320.387 -522.094 -1356.28 0.0672266 4.29662 -2.53157 -320.387 -189.816 39.955 -0.0672266
-5.13487 0.467371 320.202 -263.018 -1367.07 0.0708101 4.32312 -0.54361 -320.202 121.37 30.4662 -0.0708101
-5.22991 -1.57222 319.96 -5.85259 -1378.24 0.074337 4.38834 1.41751 -319.96 426.412 19.1039 -0.074337
-5.32332 -3.53235 319.64 245.945 -1389.03 0.0777954 4.45541 3.32581 -319.64 718.226 7.34753 -0.0777954
-5.41904 -5.3597 319.293 483.334 -1400.4 0.081174 4.51945 5.11259 -319.293 988.709 -3.74416 -0.081174
-5.49515 -7.02172 318.965 700.536 -1410.88 0.0844637 4.58292 6.73894 -318.965 1233.6 -12.8824 -0.0844637
-5.5456 -8.47002 318.715 894.676 -1419.4 0.0876582 4.63734 8.1908 -318.715 1447 -19.1107 -0.0876582
-5.58466 -9.64201 318.458 1054.7 -1426.73 0.0907535 4.6802 9.40641 -318.458 1622.49 -23.3029 -0.0907535
-5.60841 -10.5223 318.201 1174.96 -1432.77 0.0937474 4.71825 10.3255 -318.201 1755.08 -25.9572 -0.0937474
-5.59499 -11.1155 317.971 1253.03 -1437.7 0.0966401 4.77741 10.9029 -317.971 1841.5 -27.4674 -0.0966401
-5.55367 -11.405 317.815 1287.09 -1440.69 0.0994329 4.83828 11.1273 -317.815 1879.64 -27.227 -0.0994329
-5.52758 -11.3688 317.754 1277.51 -1440.96 0.102125 4.85017 11.0284 -317.754 1870.25 -24.9692 -0.102125
-5.51144 -11.0027 317.781 1226.07 -1438.63 0.10471 4.82939 10.6369 -317.781 1815.23 -22.1063 -0.10471
-5.46487 -10.314 317.874 1135.6 -1434.52 0.107183 4.838 9.98264 -317.874 1716.98 -20.8779 -0.107183
-5.39464 -9.32395 317.994 1007.77 -1428.15 0.10954 4.86898 9.07109 -317.994 1577.59 -21.7134 -0.10954
-5.34199 -8.07578 318.152 844.689 -1418.42 0.11178 4.86296 7.89494 -318.152 1400 -23.1561 -0.11178
-5.29545 -6.62603 318.381 652.681 -1404.15 0.113905 4.81736 6.47469 -318.381 1188.71 -24.4368 -0.113905
-5.22106 -5.0038 318.725 439.183 -1386.01 0.115914 4.77174 4.86351 -318.725 947.833 -25.6579 -0.115914
-5.13165 -3.22362 319.118 208.754 -1364.35 0.117808 4.72144 3.12591 -319.118 683.927 -27.6121 -0.117808
-5.03442 -1.32671 319.511 -33.5076 -1339.16 0.119584 4.65918 1.29679 -319.511 402.588 -30.3016 -0.119584
-4.91686 0.607326 319.902 -277.451 -1309.67 0.121243 4.58903 -0.57158 -319.902 112.189 -33.3084 -0.121243
-4.78872 2.55981 320.238 -522.208 -1275.19 0.122785 4.48968 -2.46141 -320.238 -183.007 -35.6992 -0.122785
-4.64636 4.50148 320.623 -766.494 -1236.48 0.124216 4.3715 -4.34086 -320.623 -475.695 -37.6642 -0.124216
-4.4713 6.36253 320.998 -1001.2 -1192.52 0.12554 4.24379 -6.1554 -320.998 -757.515 -38.9189 -0.12554
-4.29299 8.11926 321.287 -1225.31 -1144.59 0.126765 4.09341 -7.89292 -321.287 -1024.45 -40.4831 -0.126765
-4.11173 9.72786 321.494 -1433.36 -1090.82 0.127897 3.90891 -9.50412 -321.494 -1268.87 -42.6674 -0.127897
-3.90657 11.1363 321.633 -1616.11 -1032.57 0.128938 3.72797 -10.9197 -321.633 -1482.98 -46.4498 -0.128938
-3.68223 12.3243 321.828 -1769.12 -971.809 0.129893 3.56741 -12.0964 -321.828 -1662.28 -52.8907 -0.129893
-3.45641 13.2679 321.95 -1889.37 -905.783 0.130767 3.37469 -13.0137 -321.95 -1803.54 -59.8562 -0.130767
-3.23804 13.9377 322.013 -1973.54 -835.162 0.131571 3.14323 -13.6579 -322.013 -1904.03 -67.0022 -0.131571
-2.98821 14.3375 321.993 -2021.96 -759.973 0.132316 2.90621 -14.021 -321.993 -1962.83 -73.4974 -0.132316
-2.69459 14.4696 321.925 -2034.85 -679.697 0.133009 2.67479 -14.1021 -321.925 -1979.89 -79.7033 -0.133009
-2.3946 14.3275 321.833 -2012.59 -595.114 0.133653 2.41296 -13.916 -321.833 -1956.02 -85.0343 -0.133653
-2.10363 13.9157 321.731 -1956.75 -506.495 0.134247 2.10996 -13.4848 -321.731 -1893.4 -89.8713 -0.134247
-1.81428 13.2513 321.63 -1869.24 -415.033 0.13479 1.79094 -12.8238 -321.63 -1794.65 -95.5185 -0.13479
-1.53612 12.3649 321.541 -1753.62 -322.924 0.135279 1.47428 -11.95 -321.541 -1662.91 -103.706 -0.135279
-1.25283 11.2886 321.423 -1613.83 -231.823 0.135709 1.19095 -10.8825 -321.423 -1501.44 -114.84 -0.135709
-0.946713 10.0519 321.255 -1453.86 -140.277 0.136074 0.936348 -9.64585 -321.255 -1313.83 -127.242 -0.136074
-0.64313 8.69241 321.131 -1278.51 -48.04 0.136373 0.666002 -8.28417 -321.131 -1106.77 -138.479 -0.136373
-0.346063 7.22386 320.943 -1090.98 45.9618 0.136602 0.350015 -6.83479 -320.943 -884.244 -145.984 -0.136602
-0.0580258 5.67417 320.746 -895.55 141.478 0.136756 -0.0056392 -5.34121 -320.746 -652.002 -150.703 -0.136756
0.214381 4.11207 320.564 -700.724 233.996 0.136831 -0.348419 -3.83942 -320.564 -416.261 -156.431 -0.136831
0.473146 2.56447 320.402 -506.866 322.984 0.136822 -0.656294 -2.33036 -320.402 -180.567 -165.458 -0.136822
0.705103 1.05923 320.195 -316.318 406.287 0.136731 -0.915494 -0.844469 -320.195 49.225 -179.411 -0.136731
0.917863 -0.367972 319.966 -134.196 484.499 0.136565 -1.13775 0.575255 -319.966 267.176 -196.174 -0.136565
1.1016 -1.68357 319.703 34.6057 558.953 0.136331 -1.36327 1.8884 -319.703 467.786 -212.815 -0.136331
1.27026 -2.89763 319.57 193.704 630.248 0.136035 -1.59996 3.09415 -319.57 648.726 -226.868 -0.136035
1.42827 -3.94579 319.395 330.289 696.575 0.135684 -1.82921 4.1067 -319.395 801.72 -238.517 -0.135684
1.5841 -4.822 319.185 441.954 757.181 0.135283 -2.03354 4.91186 -319.185 926.323 -248.278 -0.135283
1.71912 -5.49674 318.996 525.988 810.465 0.13484 -2.21368 5.50496 -318.996 1020.45 -257.068 -0.13484
1.8297 -5.95859 318.848 582.546 856.216 0.134369 -2.37043 5.89711 -318.848 1083.9 -265.074 -0.134369
1.90754 -6.20969 318.773 612.503 893.855 0.133884 -2.50458 6.09807 -318.773 1117.46 -272.775 -0.133884
1.96067 -6.2578 318.751 615.995 922.594 0.133398 -2.60143 6.10399 -318.751 1121.56 -280.319 -0.133398
2.00459 -6.12232 318.761 594.518 942.337 0.132919 -2.6506 5.91876 -318.761 1097.97 -286.895 -0.132919
2.03712 -5.82934 318.787 550.141 953.758 0.132457 -2.67106 5.5477 -318.787 1049.04 -290.819 -0.132457
2.05908 -5.39389 318.826 485.971 957.52 0.132023 -2.67798 5.02152 -318.826 978.075 -290.51 -0.132023
2.08651 -4.82494 318.903 406.171 954.175 0.131627 -2.66536 4.3884 -318.903 888.956 -285.106 -0.131627
2.11105 -4.1414 319.004 313.812 943.763 0.131276 -2.63738 3.67847 -319.004 785.498 -275.237 -0.131276
2.129 -3.38403 319.134 211.729 925.968 0.130978 -2.58564 2.89583 -319.134 671.175 -262.278 -0.130978
2.1488 -2.59527 319.282 103.929 901.137 0.130737 -2.49468 2.05227 -319.282 549.594 -247.564 -0.130737
2.17752 -1.80047 319.447 -5.0165 870.546 0.130562 -2.36391 1.1821 -319.447 424.572 -231.456 -0.130562
2.17765 -1.03002 319.632 -109.424 835.802 0.130458 -2.2431 0.336016 -319.632 301.812 -213.835 -0.130458
2.10199 -0.289796 319.762 -208.633 796.368 0.130434 -2.16166 -0.464038 -319.762 184.571 -196.655 -0.130434
1.96189 0.38737 319.849 -298.556 751.571 0.130498 -2.07584 -1.18731 -319.849 77.6929 -183.795 -0.130498
1.78653 0.981704 319.937 -375.891 700.045 0.130659 -1.92167 -1.80634 -319.937 -15.4831 -178.771 -0.130659
1.5815 1.49113 320.024 -439.197 641.688 0.13093 -1.69161 -2.29528 -320.024 -92.4767 -181.756 -0.13093
1.35285 1.90797 320.102 -487.861 578.382 0.131328 -1.42079 -2.64735 -320.102 -151.866 -188.845 -0.131328
1.12751 2.21911 320.178 -522.251 512.968 0.131867 -1.14318 -2.87937 -320.178 -193.806 -194.329 -0.131867
0.927304 2.42261 320.212 -543.027 448.409 0.132559 -0.894342 -3.00454 -320.212 -219.217 -193.102 -0.132559
0.762927 2.52225 320.208 -551.138 386.196 0.133413 -0.688658 -3.03495 -320.208 -229.383 -183.133 -0.133413
0.629223 2.52509 320.186 -547.89 326.435 0.134434 -0.520627 -2.98317 -320.186 -225.754 -166.023 -0.134434
0.529417 2.44402 320.167 -534.491 268.313 0.135619 -0.352384 -2.85544 -320.167 -209.809 -145.819 -0.135619
0.449408 2.28591 320.157 -512.086 211.236 0.136966 -0.164797 -2.66311 -320.157 -182.969 -126.592 -0.136966
0.349424 2.0506 320.159 -481.829 155.139 0.138468 0.0197677 -2.42322 -320.159 -146.446 -110.715 -0.138468
0.207894 1.73846 320.132 -444.164 100.132 0.140116 0.191793 -2.14465 -320.132 -101.1 -99.988 -0.140116
0.044426 1.36415 320.082 -399.337 46.3658 0.141899 0.377337 -1.81651 -320.082 -47.2134 -95.4657 -0.141899
-0.133867 0.944688 320.016 -347.499 -5.48452 0.143805 0.571288 -1.425 -320.016 14.913 -96.1033 -0.143805
-0.318747 0.489968 319.944 -289.425 -54.0083 0.145818 0.755772 -0.97236 -319.944 84.3477 -99.6438 -0.145818
-0.490714 -0.0073913 319.88 -226.396 -97.5843 0.147922 0.921764 -0.485592 -319.88 159.616 -103.702 -0.147922
-0.63476 -0.556596 319.816 -159.877 -135.335 0.150091 1.06397 0.00595771 -319.816 239.353 -106.303 -0.150091
-0.746559 -1.1414 319.75 -90.2744 -166.794 0.152297 1.17649 0.510408 -319.75 322.82 -106.477 -0.152297
-0.833214 -1.74044 319.689 -16.6484 -192.422 0.154506 1.25941 1.05378 -319.689 409.732 -104.773 -0.154506
-0.898227 -2.32988 319.61 59.2433 -212.589 0.156682 1.31991 1.63364 -319.61 498.156 -102.319 -0.156682
-0.930909 -2.89135 319.504 134.699 -227.624 0.158791 1.38023 2.2307 -319.504 585.503 -100.408 -0.158791
-0.952033 -3.40824 319.383 206.714 -237.631 0.160799 1.42555 2.8189 -319.383 668.782 -99.7737 -0.160799
-0.994725 -3.86761 319.28 271.973 -242.935 0.162675 1.43048 3.35787 -319.28 743.813 -101.174 -0.162675
-1.03627 -4.25618 319.207 327.086 -243.761 0.16439 1.42667 3.81078 -319.207 806.949 -105.642 -0.16439
-1.05779 -4.55286 319.142 368.762 -240.903 0.165914 1.4437 4.14896 -319.142 854.485 -113.888 -0.165914
-1.06183 -4.74786 319.077 394.679 -234.086 0.16722 1.46886 4.34888 -319.077 884.062 -124.757 -0.16722
-1.05706 -4.83376 319.021 403.797 -222.395 0.16828 1.47064 4.40326 -319.021 894.655 -135.961 -0.16828
-1.05731 -4.79909 318.992 396.347 -205.349 0.169067 1.42124 4.32665 -318.992 886.469 -146.015 -0.169067
-1.05519 -4.64585 319.001 373.4 -183.596 0.169557 1.33622 4.13318 -319.001 860.694 -155.424 -0.169557
-1.03723 -4.38551 319.047 336.373 -158.393 0.169724 1.24991 3.83316 -319.047 818.978 -165.861 -0.169724
-0.999378 -4.03356 319.116 287.053 -130.699 0.169546 1.18112 3.43923 -319.116 763.485 -178.442 -0.169546
-0.944425 -3.59781 319.192 228.108 -100.785 0.169004 1.12625 2.98101 -319.192 696.804 -192.785 -0.169004
-0.897359 -3.07939 319.282 162.407 -68.1661 0.168083 1.04837 2.49382 -319.282 621.19 -207.697 -0.168083
-0.854713 -2.47757 319.365 89.7994 -32.9508 0.166773 0.946006 1.98092 -319.365 537.154 -222.379 -0.166773
-0.784058 -1.81251 319.447 11.1893 4.14862 0.165067 0.855743 1.43439 -319.447 445.504 -236.704 -0.165067
-0.660928 -1.10113 319.565 -72.9256 43.6079 0.162961 0.790701 0.842271 -319.565 346.443 -249.555 -0.162961
-0.508285 -0.339559 319.682 -162.869 85.9221 0.160454 0.711953 0.201949 -319.682 239.383 -259.184 -0.160454
-0.361849 0.470991 319.799 -258.535 131.644 0.157547 0.576137 -0.483267 -319.799 124.853 -265.071 -0.157547
-0.227962 1.31888 319.934 -359.626 179.386 0.154245 0.404853 -1.22141 -319.934 3.06154 -269.752 -0.154245
-0.0936026 2.20685 320.078 -466.217 227.783 0.150555 0.246377 -2.00597 -320.078 -125.385 -276.814 -0.150555
0.0343949 3.12651 320.229 -576.679 275.51 0.146491 0.120899 -2.82116 -320.229 -258.72 -288.728 -0.146491
0.118245 4.04148 320.419 -688.249 321.815 0.142073 -0.00164126 -3.66876 -320.419 -394.843 -305.829 -0.142073
0.154144 4.94863 320.636 -802.61 367.108 0.137329 -0.134636 -4.55774 -320.636 -532.889 -327.181 -0.137329
0.193067 5.84557 320.838 -916.47 411.536 0.132292 -0.237756 -5.43854 -320.838 -668.853 -351.442 -0.132292
0.259641 6.71472 320.991 -1026.57 454.678 0.127001 -0.301984 -6.28072 -320.991 -799.24 -375.998 -0.127001
0.326204 7.53157 321.102 -1131.61 498.011 0.121495 -0.393976 -7.08395 -321.102 -921.864 -396.854 -0.121495
0.379321 8.25805 321.178 -1227.05 541.783 0.115816 -0.542092 -7.82817 -321.178 -1033.1 -412.162 -0.115816
0.457529 8.88219 321.286 -1309.08 584.851 0.110006 -0.695388 -8.47521 -321.286 -1129.71 -422.525 -0.110006
0.578256 9.41171 321.394 -1376.95 625.668 0.104103 -0.810413 -8.99984 -321.394 -1209.98 -430.052 -0.104103
0.719418 9.84154 321.47 -1429.48 663.916 0.0981483 -0.901494 -9.38566 -321.47 -1272.07 -435.516 -0.0981483
0.868523 10.1546 321.506 -1465.8 700.043 0.0921825 -0.9883 -9.63934 -321.506 -1315.39 -438.357 -0.0921825
1.00941 10.3414 321.497 -1486.73 734.803 0.0862483 -1.09741 -9.78039 -321.497 -1340.53 -437.864 -0.0862483
1.1311 10.4018 321.47 -1492.69 767.963 0.0803874 -1.23343 -9.81457 -321.47 -1347.87 -434.699 -0.0803874
1.24147 10.3392 321.444 -1484.23 798.574 0.0746389 -1.36664 -9.74636 -321.444 -1337.95 -430.982 -0.0746389
1.35389 10.167 321.421 -1461.79 825.545 0.0690403 -1.46301 -9.56968 -321.421 -1311.36 -428.524 -0.0690403
1.46849 9.89334 321.381 -1426.2 848.838 0.0636276 -1.52316 -9.28868 -321.381 -1268.99 -427.178 -0.0636276
1.5449 9.51584 321.314 -1378.38 869.159 0.0584351 -1.60309 -8.92022 -321.314 -1211.98 -425.461 -0.0584351
1.583 9.0449 321.232 -1318.94 886.802 0.0534947 -1.71068 -8.46716 -321.232 -1141.58 -422.576 -0.0534947
1.59391 8.50387 321.135 -1249.38 900.767 0.0488344 -1.82123 -7.93009 -321.135 -1059.62 -419.43 -0.0488344
1.58075 7.89871 321.046 -1172.2 909.261 0.0444797 -1.90981 -7.33345 -321.046 -967.924 -417.298 -0.0444797
1.55513 7.23305 320.971 -1089.36 911.713 0.0404546 -1.95928 -6.70602 -320.971 -869.044 -416.388 -0.0404546
1.5283 6.52302 320.887 -1001.73 908.021 0.0367829 -1.96818 -6.05061 -320.887 -764.786 -415.227 -0.0367829
1.47925 5.78578 320.757 -910.475 898.815 0.0334866 -1.98143 -5.36945 -320.757 -656.717 -411.087 -0.0334866
1.40177 5.02262 320.599 -817.454 884.246 0.0305839 -2.01629 -4.6849 -320.599 -546.294 -402.576 -0.0305839
1.32366 4.23818 320.441 -723.159 863.531 0.0280894 -2.03441 -4.00382 -320.441 -434.643 -390.389 -0.0280894
1.27179 3.44923 320.31 -628.786 835.958 0.0260134 -1.99677 -3.32274 -320.31 -322.434 -375.523 -0.0260134
1.24729 2.66865 320.209 -534.865 801.749 0.0243628 -1.91187 -2.63367 -320.209 -209.828 -356.85 -0.0243628
1.23114 1.90559 320.165 -440.453 761.788 0.0231407 -1.81861 -1.92168 -320.165 -96.9542 -332.462 -0.0231407
1.20642 1.16308 320.106 -348.489 717.317 0.0223462 -1.74718 -1.22254 -320.106 13.6739 -301.731 -0.0223462
1.18391 0.426385 319.975 -258.435 667.822 0.021973 -1.67079 -0.551478 -319.975 121.447 -266.392 -0.021973
1.15309 -0.281417 319.789 -172.132 612.539 0.0220105 -1.57199 0.0888539 -319.789 224.594 -229.606 -0.0220105
1.07494 -0.951839 319.617 -90.2991 550.702 0.0224459 -1.46386 0.695845 -319.617 322.271 -194.247 -0.0224459
0.950704 -1.58034 319.502 -13.6623 481.607 0.0232655 -1.32119 1.26376 -319.502 413.763 -162.972 -0.0232655
0.814562 -2.15465 319.448 57.3414 405.587 0.0244547 -1.10381 1.79325 -319.448 497.872 -136.957 -0.0244547
0.654639 -2.67317 319.443 122.554 324.729 0.0259997 -0.848085 2.2809 -319.443 574.051 -114.845 -0.0259997
0.442112 -3.13577 319.409 180.959 240.123 0.0278883 -0.614463 2.70983 -319.409 640.925 -93.2806 -0.0278883
0.195512 -3.54017 319.33 231.16 152.973 0.0301093 -0.403134 3.06574 -319.33 697.564 -70.8374 -0.0301093
-0.0528402 -3.88601 319.233 271.86 64.0295 0.0326504 -0.179423 3.33965 -319.233 743.954 -48.5942 -0.0326504
-0.317337 -4.17249 319.162 304.195 -27.9478 0.0354982 0.0609081 3.5464 -319.162 780.927 -27.9277 -0.0354982
-0.609575 -4.38973 319.137 329.117 -122.294 0.0386385 0.308613 3.70878 -319.137 809.35 -9.83228 -0.0386385
-0.9105 -4.53269 319.138 346.827 -219.446 0.0420572 0.590991 3.83823 -319.138 829.919 4.97224 -0.0420572
-1.195 -4.60369 319.138 357.564 -318.756 0.0457416 0.922893 3.93505 -319.138 842.765 17.2828 -0.0457416
-1.46771 -4.61364 319.138 360.648 -419.137 0.0496803 1.27443 3.97959 -319.138 847.339 29.5586 -0.0496803
-1.73307 -4.58479 319.157 357.032 -518.485 0.0538637 1.60091 3.95606 -319.157 843.593 45.3548 -0.0538637
-1.98585 -4.51248 319.176 345.88 -615.286 0.0582828 1.88523 3.86155 -319.176 831.302 66.2975 -0.0582828
-2.23581 -4.38276 319.187 328.215 -708.605 0.062926 2.13028 3.72441 -319.187 811.466 89.6758 -0.062926
-2.49042 -4.18081 319.193 304.602 -799.847 0.0677762 2.36971 3.5684 -319.193 784.775 111.126 -0.0677762
-2.75434 -3.91492 319.233 274.875 -890.799 0.0728115 2.6406 3.38375 -319.233 751.19 126.574 -0.0728115
-3.02271 -3.60526 319.305 238.056 -981.917 0.0780089 2.95812 3.13957 -319.305 710.181 135.027 -0.0780089
-3.31468 -3.26234 319.385 194.322 -1071.2 0.0833476 3.27877 2.82353 -319.385 661.313 137.909 -0.0833476
-3.61519 -2.86997 319.44 144.525 -1155.87 0.0888082 3.57799 2.46077 -319.44 604.996 138.016 -0.0888082
-3.8897 -2.40917 319.469 89.0847 -1234.85 0.094369 3.86238 2.07813 -319.469 541.912 138.187 -0.094369
-4.14514 -1.88448 319.504 28.3193 -1306.99 0.100005 4.10223 1.67409 -319.504 472.166 140.467 -0.100005
-4.36836 -1.31557 319.569 -38.7495 -1372.03 0.105686 4.30916 1.21673 -319.569 395.02 144.831 -0.105686
-4.55882 -0.730727 319.679 -110.717 -1429.78 0.11138 4.49183 0.690982 -319.679 310.919 149.929 -0.11138
-4.74074 -0.126247 319.799 -187.364 -1481.23 0.117054 4.64934 0.105785 -319.799 220.384 153.499 -0.117054
-4.91258 0.497178 319.923 -266.455 -1527.22 0.122673 4.80451 -0.508757 -319.923 125.505 153.367 -0.122673
-5.07907 1.13478 320.033 -348.841 -1568.32 0.128203 4.96413 -1.15337 -320.033 27.7051 148.516 -0.128203
-5.26397 1.7484 320.122 -430.797 -1604.19 0.133611 5.09607 -1.81277 -320.122 -69.233 139.75 -0.133611
-5.46917 2.30831 320.209 -507.834 -1634.28 0.13887 5.18811 -2.45681 -320.209 -161.384 128.003 -0.13887
-5.66788 2.81354 320.295 -578.009 -1659.57 0.143955 5.27463 -3.04743 -320.295 -245.208 113.161 -0.143955
-5.82339 3.25941 320.377 -638.461 -1679.99 0.14884 5.38487 -3.54048 -320.377 -316.697 96.2042 -0.14884
-5.94413 3.62904 320.435 -686.413 -1694.59 0.153501 5.48681 -3.91325 -320.435 -373.071 79.5094 -0.153501
-6.0337 3.89472 320.457 -720.291 -1702.38 0.15791 5.55124 -4.1721 -320.457 -412.903 65.6594 -0.15791
-6.07834 4.02165 320.448 -738.984 -1702.72 0.162045 5.57743 -4.33694 -320.448 -435.212 56.0682 -0.162045
-6.07643 4.00613 320.42 -742.031 -1695.86 0.165882 5.57079 -4.403 -320.42 -439.267 50.4475 -0.165882
-6.03957 3.86557 320.383 -728.429 -1682.51 0.169397 5.53534 -4.3369 -320.383 -423.828 47.3143 -0.169397
-5.97761 3.61935 320.343 -697.536 -1663.64 0.17257 5.48362 -4.11049 -320.343 -388.303 44.4902 -0.17257
-5.89222 3.29118 320.296 -650.901 -1640.3 0.175384 5.43593 -3.72173 -320.296 -334.19 39.9397 -0.175384
-5.81582 2.88564 320.223 -591.357 -1612.58 0.177824 5.36857 -3.2082 -320.223 -264.58 32.5349 -0.177824
-5.74175 2.41492 320.148 -524.091 -1581.25 0.179881 5.2983 -2.63077 -320.148 -184.552 21.6167 -0.179881
-5.6532 1.89279 320.052 -451.704 -1546.01 0.181549 5.23489 -2.02537 -320.052 -98.4898 7.8816 -0.181549
-5.5537 1.34505 319.941 -377.422 -1505.81 0.18283 5.1531 -1.42167 -319.941 -10.9638 -6.66266 -0.18283
-5.43668 0.818215 319.828 -306.466 -1460.63 0.183726 5.04989 -0.843691 -319.828 73.3375 -20.7067 -0.183726
-5.27757 0.343123 319.733 -241.594 -1409.92 0.184243 4.93863 -0.303259 -319.733 151.176 -33.2168 -0.184243
-5.08943 -0.0640713 319.656 -184.831 -1352.85 0.184394 4.79379 0.176692 -319.656 219.082 -43.2709 -0.184394
-4.89325 -0.384992 319.603 -138.4 -1289.5 0.184193 4.59816 0.574896 -319.603 273.706 -51.3295 -0.184193
-4.68257 -0.595226 319.553 -105.375 -1221.25 0.183657 4.38461 0.87126 -319.553 311.872 -59.7081 -0.183657
-4.42861 -0.672428 319.5 -88.7781 -1148.9 0.182814 4.19834 1.0445 -319.5 330.468 -69.9304 -0.182814
-4.1311 -0.602187 319.471 -90.8413 -1071.79 0.181694 4.02957 1.07628 -319.471 327.125 -81.2201 -0.181694
-3.80946 -0.379217 319.479 -113.081 -988.55 0.180337 3.8312 0.948665 -319.479 300.098 -91.0812 -0.180337
-3.46749 -0.0143101 319.56 -155.448 -898.17 0.178787 3.5783 0.648418 -319.56 248.993 -97.5447 -0.178787
-3.09974 0.486859 319.689 -218.007 -801.143 0.177089 3.2883 0.169968 -319.689 173.887 -101.796 -0.177089
-2.69228 1.12146 319.826 -299.963 -696.874 0.175285 2.97369 -0.471391 -319.826 76.5358 -104.233 -0.175285
-2.25739 1.86579 319.962 -396.359 -586.658 0.173419 2.64931 -1.23738 -319.962 -39.3097 -107.363 -0.173419
-1.81627 2.69818 320.109 -504.335 -470.581 0.171536 2.30175 -2.10434 -320.109 -170.142 -112.196 -0.171536
-1.38794 3.5912 320.264 -620.82 -348.912 0.16968 1.92227 -3.04263 -320.264 -311.007 -119.904 -0.16968
-0.945989 4.49761 320.507 -739.579 -221.501 0.167894 1.53914 -4.01424 -320.507 -456.166 -130.899 -0.167894
-0.487143 5.38836 320.746 -858.852 -88.9384 0.16622 1.15697 -5.0054 -320.746 -601.355 -144.78 -0.16622
-0.0311526 6.22658 320.97 -973.82 50.3708 0.164698 0.734071 -5.97115 -320.97 -739.897 -160.061 -0.164698
0.438177 7.00283 321.166 -1080.64 197.24 0.163361 0.276327 -6.85086 -321.166 -865.78 -176.109 -0.163361
0.95687 7.69971 321.305 -1173.98 349.507 0.162236 -0.171249 -7.59011 -321.305 -974.261 -192.028 -0.162236
1.52164 8.28745 321.364 -1250.07 507.989 0.161347 -0.634172 -8.16808 -321.364 -1061.98 -205.512 -0.161347
2.08187 8.73424 321.38 -1306.41 671.615 0.160704 -1.15772 -8.58901 -321.38 -1127.58 -216.243 -0.160704
2.62624 9.0293 321.425 -1344.07 838.292 0.160314 -1.73224 -8.87155 -321.425 -1171.09 -225.077 -0.160314
3.17808 9.16706 321.525 -1362.91 1008.02 0.16018 -2.31122 -9.01631 -321.525 -1191.94 -235.27 -0.16018
3.7485 9.16117 321.614 -1363.93 1178.79 0.160301 -2.84796 -9.02623 -321.614 -1191.49 -249.817 -0.160301
4.33245 9.01441 321.613 -1347.04 1349.86 0.160669 -3.35177 -8.90272 -321.613 -1170.39 -267.392 -0.160669
4.88041 8.72429 321.521 -1313.84 1521.24 0.161273 -3.88837 -8.6602 -321.521 -1128.74 -285.715 -0.161273
5.38261 8.2928 321.389 -1264.33 1692.02 0.162096 -4.47228 -8.29816 -321.389 -1066.72 -303.227 -0.162096
5.90397 7.73497 321.337 -1197.72 1863.95 0.163115 -5.05367 -7.80315 -321.337 -985.372 -319.552 -0.163115
6.4483 7.04216 321.383 -1111.34 2036.35 0.1643 -5.61606 -7.1655 -321.383 -884.782 -335.807 -0.1643
6.97048 6.24335 321.352 -1011.43 2204.37 0.16561 -6.16105 -6.41776 -321.352 -767.364 -353.246 -0.16561
7.46393 5.35022 321.183 -898.452 2365.12 0.167004 -6.67011 -5.56319 -321.183 -634.734 -372.531 -0.167004
7.93673 4.37623 320.953 -774.786 2518.12 0.168441 -7.14124 -4.6185 -320.953 -488.77 -392.313 -0.168441
8.39229 3.34109 320.72 -642.108 2664.89 0.169878 -7.59136 -3.60521 -320.72 -333.588 -411.276 -0.169878
8.82534 2.26365 320.568 -504.164 2804.84 0.171269 -8.0263 -2.55443 -320.568 -172.459 -428.729 -0.171269
9.24335 1.16319 320.45 -364.005 2938.36 0.172565 -8.45249 -1.49545 -320.45 -9.16176 -443.138 -0.172565
9.62101 0.0585404 320.375 -223.255 3063.19 0.173712 -8.86565 -0.443134 -320.375 153.196 -456.389 -0.173712
9.9635 -1.03365 320.243 -81.1516 3178.13 0.174655 -9.2356 0.611602 -320.243 312.783 -470.804 -0.174655
10.267 -2.04796 319.974 55.1869 3280.63 0.175336 -9.53389 1.64187 -319.974 463.752 -488.368 -0.175336
10.4992 -2.95919 319.672 181.525 3369.89 0.175697 -9.78349 2.618 -319.672 602.626 -509.58 -0.175697
10.6722 -3.75697 319.451 292.981 3446.12 0.175686 -9.98134 3.48177 -319.451 724.654 -533.399 -0.175686
10.8053 -4.43811 319.331 387.545 3510.51 0.175253 -10.1256 4.19734 -319.331 826.354 -558.561 -0.175253
10.8774 -4.95403 319.227 459.92 3561.41 0.174354 -10.2315 4.7448 -319.227 903.404 -584.236 -0.174354
10.8918 -5.27382 319.088 507.158 3598.01 0.172952 -10.2974 5.11872 -319.088 953.647 -609.375 -0.172952
10.8766 -5.39008 318.934 527.307 3620.26 0.171013 -10.2997 5.299 -318.934 975.165 -633.323 -0.171013
10.8371 -5.28992 318.818 518.859 3628.73 0.168515 -10.2435 5.27525 -318.818 966.2 -655.169 -0.168515
10.7609 -4.96619 318.774 480.851 3624.22 0.165437 -10.1528 5.04054 -318.774 925.738 -674.083 -0.165437
10.6416 -4.41515 318.802 412.752 3607.12 0.161766 -10.0382 4.59061 -318.802 853.18 -689.866 -0.161766
10.4818 -3.64457 318.883 314.722 3577.39 0.157493 -9.89033 3.91982 -318.883 748.668 -703.427 -0.157493
10.2827 -2.66734 319.015 187.788 3535.15 0.152614 -9.70196 3.02733 -319.015 612.871 -715.73 -0.152614
10.0289 -1.50504 319.22 37.2339 3481.06 0.147133 -9.48722 1.94333 -319.22 447.773 -727.623 -0.147133
9.71368 -0.161542 319.425 -136.165 3414.56 0.141061 -9.23075 0.686333 -319.425 255.748 -741.63 -0.141061
9.34258 1.32498 319.634 -326.705 3335.05 0.134414 -8.91628 -0.700777 -319.634 42.4779 -758.666 -0.134414
8.94167 2.90591 319.947 -526.517 3245.51 0.127213 -8.55207 -2.17803 -319.947 -187.463 -776.898 -0.127213
8.52532 4.57043 320.333 -737.857 3145.6 0.119489 -8.13447 -3.75474 -320.333 -431.599 -794.47 -0.119489
8.09628 6.29027 320.662 -958.59 3037.17 0.111275 -7.69794 -5.40878 -320.662 -684.985 -807.998 -0.111275
7.63676 8.00527 320.911 -1179.72 2922.19 0.102607 -7.28723 -7.08102 -320.911 -939.855 -815.68 -0.102607
7.15604 9.68259 321.12 -1396.38 2800.74 0.0935208 -6.88302 -8.73912 -321.12 -1191.92 -818.998 -0.0935208
6.66054 11.2953 321.358 -1606.15 2671.46 0.0840528 -6.45238 -10.3497 -321.358 -1435.13 -820.31 -0.0840528
6.13818 12.8147 321.749 -1805.21 2532.76 0.0742465 -5.97381 -11.8741 -321.749 -1663.82 -822.741 -0.0742465
5.55325 14.1781 322.069 -1982.37 2384.92 0.0641546 -5.47437 -13.2413 -322.069 -1870.41 -827.772 -0.0641546
4.92074 15.3836 322.221 -2140.18 2226.89 0.0538411 -4.92831 -14.4512 -322.221 -2052.03 -835.881 -0.0538411
4.30326 16.3802 322.265 -2272.16 2062.47 0.0433796 -4.32317 -15.4735 -322.265 -2203.77 -843.826 -0.0433796
3.71032 17.1325 322.265 -2373.59 1894.82 0.0328489 -3.70755 -16.2864 -322.265 -2322.3 -846.584 -0.0328489
3.11668 17.6235 322.253 -2440.55 1725.36 0.0223276 -3.15008 -16.8485 -322.253 -2403.34 -839.492 -0.0223276
2.54109 17.851 322.247 -2470.33 1556.39 0.0118911 -2.65325 -17.1214 -322.247 -2443.9 -821.85 -0.0118911
1.98167 17.8142 322.204 -2462.09 1384.84 0.00161212 -2.16956 -17.0934 -322.204 -2443.03 -797.526 -0.00161212
1.4306 17.5081 322.159 -2417.23 1208.79 -0.00843837 -1.66936 -16.7816 -322.159 -2401.07 -769.875 0.00843837
0.879506 16.9292 322.091 -2339.7 1031.28 -0.0181892 -1.16221 -16.2257 -322.091 -2319.13 -741.749 0.0181892
0.32372 16.0799 321.973 -2230.3 851.736 -0.0275689 -0.630543 -15.4438 -321.973 -2199.29 -715.696 0.0275689
-0.213971 14.979 321.837 -2089.36 672.383 -0.0365071 -0.0895277 -14.4203 -321.837 -2041.71 -688.619 0.0365071
-0.744742 13.6666 321.647 -1919.35 494.127 -0.0449359 0.433035 -13.1539 -321.647 -1849.3 -659.078 0.0449359
-1.29117 12.182 321.48 -1725.34 316.482 -0.0527909 0.919874 -11.673 -321.48 -1626.57 -627.332 0.0527909
-1.82388 10.5436 321.385 -1511.03 138.18 -0.060013 1.39898 -10.0162 -321.385 -1377.79 -591.914 0.060013
-2.31021 8.77833 321.228 -1281.85 -39.2412 -0.0665484 1.88587 -8.23591 -321.228 -1108.72 -551.953 0.0665484
-2.74684 6.93201 321.068 -1044.47 -211.789 -0.0723463 2.34903 -6.38928 -321.068 -827.134 -506.548 0.0723463
-3.1589 5.05743 320.908 -805.373 -377.929 -0.0773611 2.77118 -4.52463 -320.908 -540.758 -458.333 0.0773611
-3.56207 3.21452 320.717 -571.955 -541.27 -0.0815549 3.17991 -2.69147 -320.717 -257.578 -409.772 0.0815549
-3.93146 1.43049 320.41 -345.148 -700.69 -0.0848927 3.59376 -0.910542 -320.41 16.5932 -361.088 0.0848927
-4.291 -0.24818 320.044 -130.087 -856.555 -0.0873386 3.99806 0.77113 -320.044 273.752 -313.215 0.0873386
-4.64121 -1.78775 319.776 69.0113 -1007.61 -0.0888597 4.3751 2.31473 -319.776 507.917 -264.991 0.0888597
-4.96177 -3.14034 319.595 243.845 -1152.98 -0.0894332 4.73534 3.65661 -319.595 711.725 -215.905 0.0894332
-5.25296 -4.28585 319.484 389.422 -1292.16 -0.0890471 5.08047 4.75327 -319.484 881.229 -166.726 0.0890471
-5.50543 -5.21055 319.32 505.009 -1424.13 -0.0876933 5.41693 5.59757 -319.32 1014.23 -118.08 0.0876933
-5.70713 -5.88086 319.123 587.73 -1546.45 -0.0853614 5.72616 6.18654 -319.123 1108.46 -68.0819 0.0853614
-5.87588 -6.28928 318.929 636.565 -1658.5 -0.082041 5.97361 6.52136 -318.929 1164.07 -15.0173 0.082041
-6.0461 -6.44696 318.795 652.098 -1759.03 -0.07773 6.12554 6.60328 -318.795 1182.2 39.7819 0.07773
-6.2292 -6.36684 318.763 636.161 -1849.81 -0.0724389 6.21938 6.44547 -318.763 1164.7 91.213 0.0724389
-6.393 -6.06539 318.853 591.956 -1933.25 -0.0661888 6.33836 6.07534 -318.853 1114.53 134.532 0.0661888
-6.53677 -5.54951 318.98 521.106 -2011 -0.05901 6.51224 5.51475 -318.98 1034.11 167.304 0.05901
-6.67056 -4.83057 319.074 426.919 -2080.57 -0.050939 6.68781 4.80463 -319.074 927.473 193.103 0.050939
-6.77547 -3.93246 319.13 312.627 -2138.74 -0.042017 6.81958 3.9657 -319.13 797.668 217.759 0.042017
-6.81663 -2.89387 319.203 180.556 -2183.4 -0.0322924 6.89353 2.99038 -319.203 646.733 246.018 0.0322924
-6.79782 -1.74705 319.378 32.1151 -2214.96 -0.0218237 6.89248 1.87222 -319.378 476.889 280.176 0.0218237
-6.73461 -0.525932 319.648 -128.261 -2234.4 -0.0106806 6.82187 0.644788 -319.648 293.185 318.268 0.0106806
-6.63191 0.734496 319.956 -291.809 -2242.02 0.00105793 6.70804 -0.623214 -319.956 101.422 356.188 -0.00105793
-6.51252 2.03825 320.211 -459.722 -2241.23 0.013306 6.59234 -1.91685 -320.211 -95.6644 388.358 -0.013306
-6.38263 3.33901 320.353 -624.958 -2233.71 0.0259743 6.50411 -3.18149 -320.353 -290.937 411.463 -0.0259743
-6.26334 4.63205 320.482 -788.482 -2218.94 0.0389751 6.41659 -4.40996 -320.482 -481.748 425.764 -0.0389751
-6.17745 5.86014 320.612 -943.786 -2196.33 0.0522244 6.29116 -5.57557 -320.612 -662.821 432.911 -0.0522244
-6.09013 6.97401 320.802 -1085.17 -2166.65 0.0656424 6.15665 -6.65674 -320.802 -829.9 434.504 -0.0656424
-5.95578 7.97344 320.968 -1212.55 -2127.91 0.0791527 6.02379 -7.6408 -320.968 -981.259 433.452 -0.0791527
-5.77209 8.84974 321.087 -1322.39 -2079.26 0.0926817 5.8697 -8.48198 -321.087 -1112.77 432.444 -0.0926817
-5.55442 9.59666 321.146 -1413.7 -2020.11 0.106157 5.66575 -9.1654 -321.146 -1222.46 432.735 -0.106157
-5.31407 10.2009 321.186 -1485.6 -1951.89 0.119508 5.41551 -9.69376 -321.186 -1309.73 433.686 -0.119508
-5.05399 10.6574 321.208 -1538.13 -1875.89 0.132665 5.14276 -10.071 -321.208 -1374.37 432.831 -0.132665
-4.77996 10.9658 321.243 -1572.38 -1793.24 0.145567 4.86756 -10.31 -321.243 -1417.06 427.658 -0.145567
-4.50295 11.1226 321.26 -1589.08 -1705.56 0.158158 4.60323 -10.426 -321.26 -1438.69 416.366 -0.158158
-4.2074 11.1317 321.273 -1588.8 -1612.28 0.170387 4.35461 -10.4262 -321.273 -1440.27 399.918 -0.170387
-3.89452 11.003 321.236 -1571.59 -1512.81 0.182209 4.10351 -10.3033 -321.236 -1422.13 380.081 -0.182209
-3.56315 10.7558 321.179 -1537.44 -1406.35 0.193586 3.82632 -10.0442 -321.179 -1385.13 359.546 -0.193586
-3.21314 10.4081 321.128 -1488.43 -1293.14 0.204479 3.51668 -9.65845 -321.128 -1331.07 339.467 -0.204479
-2.83572 9.96413 321.078 -1426.38 -1171.94 0.214851 3.17529 -9.17313 -321.078 -1262.53 319.733 -0.214851
-2.45969 9.43606 321.029 -1354.74 -1044.89 0.22467 2.79874 -8.62042 -321.029 -1182.29 298.916 -0.22467
-2.10191 8.84889 320.982 -1276.15 -912.359 0.233904 2.38982 -8.01421 -320.982 -1093.18 274.627 -0.233904
-1.7725 8.23 320.922 -1193.19 -778.946 0.24253 1.99214 -7.36934 -320.922 -998.542 243.915 -0.24253
-1.46179 7.60386 320.863 -1110.13 -645.778 0.250524 1.63299 -6.7175 -320.863 -902.018 205.428 -0.250524
-1.16216 6.97684 320.779 -1028.11 -511.718 0.257876 1.29537 -6.07705 -320.779 -805.922 161.483 -0.257876
-0.871151 6.37843 320.752 -951.705 -377.885 0.264578 0.961657 -5.47639 -320.752 -713.819 116.012 -0.264578
-0.577945 5.82112 320.726 -879.675 -242.583 0.270632 0.609224 -4.90894 -320.726 -627.787 72.0154 -0.270632
-0.281199 5.32437 320.65 -814.753 -106.059 0.276048 0.220473 -4.39613 -320.65 -550.838 32.3963 -0.276048
0.0381262 4.90632 320.576 -760.017 31.0999 0.28084 -0.172164 -3.95855 -320.576 -485.332 -4.14657 -0.28084
0.375811 4.57513 320.527 -716.789 167.041 0.285022 -0.554859 -3.61007 -320.527 -433.044 -38.2978 -0.285022
0.721784 4.32841 320.515 -686.198 300.912 0.28861 -0.922069 -3.37182 -320.515 -395.484 -71.4009 -0.28861
1.07066 4.16994 320.509 -668.352 431.499 0.291621 -1.26937 -3.24696 -320.509 -373.512 -103.625 -0.291621
1.40644 4.11138 320.546 -663.777 558.259 0.294079 -1.61024 -3.22697 -320.546 -367.046 -134.778 -0.294079
1.70813 4.14632 320.603 -671.8 680.88 0.296007 -1.967 -3.30621 -320.603 -375.067 -164.37 -0.296007
1.9879 4.26062 320.646 -691.111 797.517 0.297434 -2.30685 -3.48118 -320.646 -396.403 -193.453 -0.297434
2.27744 4.45026 320.649 -720.212 907.665 0.298384 -2.59303 -3.73301 -320.649 -429.339 -222.238 -0.298384
2.58395 4.71108 320.656 -757.6 1012.32 0.298881 -2.83275 -4.03726 -320.656 -471.356 -249.703 -0.298881
2.86141 5.02428 320.707 -801.409 1112.51 0.298945 -3.09635 -4.38797 -320.707 -520.843 -273.45 -0.298945
3.09795 5.36277 320.783 -849.177 1207.02 0.298593 -3.39079 -4.78165 -320.783 -575.963 -292.964 -0.298593
3.3246 5.71679 320.859 -899.234 1294.6 0.297838 -3.65877 -5.19903 -320.859 -634.308 -310.695 -0.297838
3.55106 6.08164 320.93 -949.83 1374.07 0.296688 -3.87406 -5.6128 -320.93 -693.129 -327.772 -0.296688
3.75547 6.43453 320.982 -998.288 1444.76 0.295153 -4.05142 -6.00907 -320.982 -749.948 -344.526 -0.295153
3.92197 6.75234 321.001 -1043.09 1506.69 0.293237 -4.2115 -6.38514 -321.001 -802.66 -360.307 -0.293237
4.05563 7.02226 320.997 -1082.39 1560.16 0.290947 -4.35671 -6.72436 -320.997 -848.951 -374.366 -0.290947
4.17512 7.23001 320.992 -1114.11 1604.93 0.28829 -4.4687 -7.00851 -320.992 -886.365 -386.428 -0.28829
4.29793 7.36213 320.996 -1136.19 1641.14 0.285268 -4.53392 -7.219 -320.996 -912.423 -396.064 -0.285268
4.39014 7.40622 320.999 -1146.79 1669.2 0.281885 -4.59334 -7.33893 -320.999 -924.873 -402.7 -0.281885
4.42344 7.34393 320.986 -1144.26 1688.88 0.278142 -4.66922 -7.36113 -320.986 -921.772 -406.958 -0.278142
4.43912 7.17156 320.943 -1127.23 1699.09 0.274039 -4.69766 -7.26791 -320.943 -901.479 -410.924 -0.274039
4.45324 6.8893 320.875 -1094.46 1699.54 0.269575 -4.65306 -7.04224 -320.875 -862.865 -415.643 -0.269575
4.45149 6.48913 320.787 -1045.92 1691.02 0.264748 -4.56319 -6.69057 -320.787 -805.754 -420.023 -0.264748
4.40536 5.96344 320.693 -981.813 1674.92 0.259556 -4.47954 -6.22338 -320.693 -730.329 -422.208 -0.259556
4.3117 5.31922 320.59 -902.941 1651.68 0.253996 -4.4094 -5.64452 -320.59 -637.325 -422.062 -0.253996
4.20073 4.56219 320.477 -809.449 1620.62 0.248062 -4.30655 -4.95202 -320.477 -527.118 -421.165 -0.248062
4.09373 3.71223 320.368 -702.834 1581.55 0.24175 -4.13793 -4.15045 -320.368 -401.647 -420.958 -0.24175
3.95777 2.78517 320.224 -585.319 1535.21 0.235054 -3.94365 -3.25528 -320.224 -263.088 -421.184 -0.235054
3.7565 1.78751 320.089 -458.766 1482.34 0.227969 -3.76766 -2.28891 -320.089 -113.643 -421.511 -0.227969
3.49553 0.740372 319.992 -325.618 1422.93 0.220495 -3.59455 -1.2714 -319.992 43.3465 -423.299 -0.220495
3.21715 -0.329626 319.873 -187.337 1356.04 0.212633 -3.36148 -0.209725 -319.873 204.62 -428.504 -0.212633
2.9358 -1.39346 319.718 -47.2596 1281.44 0.204385 -3.05554 0.870885 -319.718 365.89 -436.673 -0.204385
2.64837 -2.42588 319.59 89.073 1203.18 0.195761 -2.73278 1.92501 -319.59 522.767 -444.422 -0.195761
2.3415 -3.38444 319.406 216.331 1121.45 0.186772 -2.42534 2.91749 -319.406 669.68 -449.299 -0.186772
2.00976 -4.25564 319.218 334.21 1035.8 0.177431 -2.13975 3.84071 -319.218 803.959 -450.7 -0.177431
1.65955 -5.00923 319.033 436.901 946.753 0.167753 -1.86106 4.64317 -319.033 919.929 -450.341 -0.167753
1.31469 -5.63077 318.897 520.706 853.759 0.15776 -1.54747 5.28907 -318.897 1014.23 -450.203 -0.15776
0.963416 -6.10154 318.813 582.818 756.43 0.147479 -1.20117 5.75931 -318.813 1084.35 -451.241 -0.147479
0.581299 -6.39532 318.744 621.51 655.58 0.136946 -0.856017 6.05356 -318.744 1128.29 -452.939 -0.136946
0.17033 -6.48894 318.692 636.035 551.456 0.126196 -0.513842 6.18458 -318.692 1145.33 -455.01 -0.126196
-0.23071 -6.37358 318.673 624.917 444.899 0.11527 -0.145637 6.14337 -318.673 1134.44 -456.919 -0.11527
-0.606792 -6.06779 318.722 588.113 336.18 0.10421 0.247101 5.90729 -318.722 1095.1 -456.616 -0.10421
-0.98062 -5.58769 318.789 525.46 227.587 0.0930596 0.608307 5.4586 -318.789 1027.24 -451.701 -0.0930596
-1.34676 -4.94467 318.854 438.589 119.485 0.0818628 0.939183 4.80916 -318.854 932.489 -441.943 -0.0818628
-1.71435 -4.15838 318.998 332.879 13.2303 0.0706644 1.22594 4.00232 -318.998 814.326 -428.046 -0.0706644
-2.106 -3.24111 319.215 211.025 -94.2238 0.0595076 1.5011 3.07365 -319.215 676.779 -414.701 -0.0595076
-2.49028 -2.22262 319.464 79.2786 -202.953 0.0484342 1.8108 2.07159 -319.464 524.587 -403.904 -0.0484342
-2.87167 -1.10971 319.677 -62.3137 -314.216 0.0374856 2.16597 1.00429 -319.677 359.802 -396.559 -0.0374856
-3.26044 0.0383462 319.923 -205.851 -427.122 0.0267055 2.52989 -0.0825885 -319.923 189.269 -389.839 -0.0267055
-3.65091 1.21296 320.096 -352.491 -539.811 0.0161409 2.86876 -1.1985 -320.096 14.0258 -380.058 -0.0161409
-4.00314 2.37631 320.235 -498.751 -650.666 0.00584015 3.18965 -2.32739 -320.235 -161.839 -364.217 -0.00584015
-4.29914 3.49512 320.409 -640.897 -758.098 -0.0041498 3.4912 -3.44182 -320.409 -333.528 -341.187 0.0041498
-4.5567 4.5563 320.691 -777.576 -863.811 -0.0137848 3.76919 -4.51701 -320.691 -497.071 -311.172 0.0137848
-4.77464 5.52722 321.02 -903.814 -967.29 -0.0230214 4.03 -5.51732 -321.02 -647.848 -275.411 0.0230214
-4.96921 6.37257 321.188 -1015.95 -1067.94 -0.0318156 4.27137 -6.4188 -321.188 -781.187 -236.461 0.0318156
-5.17228 7.07395 321.247 -1111.47 -1167.05 -0.0401234 4.489 -7.19237 -321.247 -892.942 -196.89 0.0401234
-5.37465 7.60658 321.245 -1185.84 -1263.9 -0.0479023 4.71462 -7.79862 -321.245 -978.616 -160.597 0.0479023
-5.56921 7.93879 321.242 -1235.08 -1358.68 -0.0551082 4.96096 -8.2124 -321.242 -1034.2 -128.169 0.0551082
-5.74958 8.03953 321.229 -1256.1 -1449.52 -0.0616923 5.20622 -8.42065 -321.229 -1056.6 -97.526 0.0616923
-5.9145 7.90114 321.215 -1246.73 -1535.03 -0.0676021 5.42415 -8.39724 -321.215 -1043.23 -66.1755 0.0676021
-6.04811 7.53276 321.16 -1205.36 -1613.18 -0.0727869 5.60178 -8.10941 -321.16 -992.38 -32.1093 0.0727869
-6.14356 6.93554 321.058 -1132.18 -1682.98 -0.077204 5.74054 -7.55729 -321.058 -904.046 4.45773 0.077204
-6.19302 6.10051 320.906 -1028.2 -1743.93 -0.0808183 5.84771 -6.76661 -320.906 -779.567 43.0851 0.0808183
-6.19118 5.03895 320.691 -895.783 -1796.59 -0.0835989 5.94154 -5.76038 -320.691 -621.394 82.5424 0.0835989
-6.15701 3.77641 320.478 -736.461 -1841.53 -0.0855162 6.01622 -4.54502 -320.478 -432.503 121.532 0.0855162
-6.13177 2.35149 320.347 -553.833 -1879.76 -0.0865425 6.04648 -3.14199 -320.347 -217.728 158.844 0.0865425
-6.13416 0.814541 320.209 -356.25 -1911.53 -0.0866521 6.03335 -1.60346 -320.209 16.8778 191.933 0.0866521
-6.13896 -0.822006 319.983 -144.1 -1936.18 -0.0858226 6.00895 0.0436437 -319.983 266.167 219.193 0.0858226
-6.14306 -2.52589 319.809 78.1711 -1956.89 -0.0840369 6.01478 1.75387 -319.809 523.662 238.408 0.0840369
-6.13547 -4.23395 319.55 301.787 -1971.51 -0.0812837 6.02936 3.45983 -319.55 779.8 251.976 0.0812837
-6.11068 -5.90363 319.16 520.931 -1977.62 -0.077558 6.01765 5.122 -319.16 1028.86 263.184 0.077558
-6.06394 -7.49861 318.776 730.517 -1975 -0.0728621 5.96675 6.70034 -318.776 1265.2 274.288 0.0728621
-5.97846 -8.98905 318.491 925.317 -1963.13 -0.0672059 5.87239 8.139 -318.491 1482.01 287.706 0.0672059
-5.84501 -10.3553 318.345 1102.98 -1941.22 -0.0606056 5.73657 9.42766 -318.345 1677.43 303.68 0.0606056
-5.675 -11.5393 318.163 1258.66 -1910.72 -0.0530844 5.56995 10.5605 -318.163 1847.31 320.547 0.0530844
-5.49213 -12.4902 317.912 1388.54 -1873.19 -0.0446743 5.37922 11.5412 -317.912 1988.87 335.62 0.0446743
-5.32803 -13.1865 317.631 1488.6 -1830.19 -0.0354159 5.16343 12.3298 -317.631 2097.45 346.123 0.0354159
-5.17623 -13.6318 317.397 1554.83 -1783.57 -0.0253558 4.95851 12.8694 -317.397 2169.63 349.79 0.0253558
-5.02821 -13.8155 317.263 1584.78 -1734.34 -0.014544 4.78482 13.1331 -317.263 2202.56 345.942 0.014544
-4.9197 -13.7192 317.221 1575.79 -1682.55 -0.00303323 4.59818 13.104 -317.221 2193.93 335.82 0.00303323
-4.82867 -13.3335 317.248 1526.9 -1628.21 0.00912006 4.40472 12.7787 -317.248 2142.89 321.673 -0.00912006
-4.72554 -12.6652 317.331 1439.6 -1571.93 0.0218533 4.22232 12.1646 -317.331 2049.99 305.732 -0.0218533
-4.61319 -11.7174 317.447 1315.09 -1513.57 0.0350968 4.03189 11.2684 -317.447 1915.38 290.148 -0.0350968
-4.49398 -10.5181 317.594 1156.67 -1454.12 0.0487739 3.82625 10.114 -317.594 1743.04 276.572 -0.0487739
-4.34632 -9.08988 317.801 967.295 -1394.33 0.0628006 3.63261 8.71843 -317.801 1535.62 264.969 -0.0628006
-4.17252 -7.4567 318.101 749.795 -1334.53 0.0770876 3.45184 7.11086 -318.101 1297.72 255.211 -0.0770876
-4.00554 -5.69423 318.522 516.532 -1274.68 0.0915428 3.24862 5.35444 -318.522 1036.5 247.593 -0.0915428
-3.85817 -3.8364 319.005 272.044 -1217.98 0.106073 3.05405 3.48068 -319.005 756.605 239.153 -0.106073
-3.71492 -1.9227 319.473 21.8798 -1164.94 0.120586 2.89859 1.54666 -319.473 466.066 228.294 -0.120586
-3.58375 -0.0119692 319.831 -224.568 -1115.94 0.134992 2.78227 -0.373234 -319.831 174.208 214.272 -0.134992
-3.47308 1.85327 320.115 -461.846 -1069.8 0.149206 2.68148 -2.23481 -320.115 -112.238 198.041 -0.149206
-3.38388 3.64638 320.434 -690.192 -1026.64 0.163144 2.58665 -4.01948 -320.434 -386.668 180.928 -0.163144
-3.31008 5.29671 320.847 -900.112 -986.943 0.176723 2.50398 -5.66472 -320.847 -639.872 163.392 -0.176723
-3.23449 6.78219 321.122 -1089.67 -949.936 0.189861 2.44365 -7.1509 -321.122 -867.921 145.653 -0.189861
-3.14615 8.07429 321.299 -1255.99 -915.766 0.202477 2.41593 -8.44689 -321.299 -1065.3 127.953 -0.202477
-3.07017 9.13066 321.391 -1392.37 -883.769 0.214492 2.3874 -9.50666 -321.391 -1226.29 110.796 -0.214492
-3.01698 9.93512 321.438 -1495.65 -853.691 0.225836 2.34617 -10.3043 -321.438 -1348.15 94.134 -0.225836
-2.95 10.4773 321.482 -1562.86 -825.077 0.236448 2.32774 -10.8084 -321.482 -1427.99 77.6605 -0.236448
-2.85578 10.7561 321.506 -1594.23 -797.388 0.246273 2.34559 -11.0251 -321.506 -1466.24 60.8396 -0.246273
-2.74973 10.7491 321.49 -1590.71 -769.605 0.255267 2.36995 -10.9872 -321.49 -1463.44 44.668 -0.255267
-2.64258 10.4449 321.414 -1553.14 -740.421 0.263393 2.37499 -10.7184 -321.414 -1420.5 29.9668 -0.263393
-2.53633 9.86813 321.3 -1482.6 -709.339 0.270623 2.35902 -10.2116 -321.3 -1338.76 16.1982 -0.270623
-2.42192 9.04546 321.158 -1378.84 -675.862 0.276933 2.33193 -9.44109 -321.158 -1218.63 2.75026 -0.276933
-2.29713 8.01244 320.988 -1245.42 -639.767 0.282306 2.30583 -8.41942 -320.988 -1063.31 -11.983 -0.282306
-2.17041 6.79653 320.818 -1087.4 -601.569 0.286729 2.28587 -7.18646 -320.818 -877.194 -29.3966 -0.286729
-2.03986 5.41754 320.666 -909.416 -559.994 0.290194 2.25883 -5.78698 -320.666 -664.719 -48.6377 -0.290194
-1.91586 3.91051 320.563 -716.756 -514.196 0.292697 2.20675 -4.27232 -320.563 -432.742 -69.4852 -0.292697
-1.80976 2.31199 320.42 -513.852 -463.521 0.294246 2.11264 -2.68005 -320.42 -187.247 -91.7963 -0.294246
-1.69955 0.666607 320.145 -303.847 -408.301 0.294856 2.00697 -1.03455 -320.145 65.2098 -116.426 -0.294856
-1.5594 -0.968137 319.764 -93.5192 -348.792 0.294553 1.9191 0.617334 -319.764 316.746 -143.616 -0.294553
-1.40645 -2.57865 319.515 117.549 -284.268 0.293366 1.81537 2.25958 -319.515 562.773 -171.775 -0.293366
-1.25728 -4.07436 319.33 317.931 -214.773 0.29133 1.6689 3.82488 -319.33 792.54 -199.41 -0.29133
-1.08487 -5.43367 319.182 504.131 -137.678 0.288482 1.47553 5.28146 -319.182 1002.04 -224.772 -0.288482
-0.885571 -6.60085 318.989 663.991 -55.0651 0.284864 1.26799 6.52595 -318.989 1181.08 -249.861 -0.284864
-0.653017 -7.56858 318.768 794.156 34.2166 0.280526 1.043 7.51038 -318.768 1325.23 -274.48 -0.280526
-0.414768 -8.30818 318.516 889.762 128.523 0.275522 0.783653 8.20445 -318.516 1431.09 -298.48 -0.275522
-0.198084 -8.7792 318.342 949.367 226.459 0.269906 0.476713 8.62543 -318.342 1496.83 -322.439 -0.269906
0.0149661 -8.95277 318.252 973.736 326.242 0.263732 0.166511 8.81179 -318.252 1523.04 -348.284 -0.263732
0.267507 -8.81865 318.219 961.807 427.109 0.257059 -0.103796 8.75891 -318.219 1508.69 -375.262 -0.257059
0.539309 -8.39292 318.239 912.733 528.857 0.249949 -0.369964 8.43857 -318.239 1452.92 -400.993 -0.249949
0.811799 -7.68255 318.341 824.595 632.986 0.242463 -0.683556 7.82294 -318.341 1354.72 -422.346 -0.242463
1.09714 -6.70433 318.54 698.259 739.864 0.234658 -1.04339 6.9089 -318.54 1215.15 -438.151 -0.234658
1.40423 -5.47949 318.751 537.077 846.917 0.22659 -1.41555 5.71104 -318.751 1035.89 -449.347 -0.22659
1.74849 -4.03125 319 345.823 952.803 0.218308 -1.76865 4.27479 -319 821.807 -456.844 -0.218308
2.11236 -2.39466 319.272 130.912 1056.43 0.209862 -2.10699 2.65026 -319.272 578.449 -461.411 -0.209862
2.46841 -0.610003 319.637 -100.67 1156.73 0.2013 -2.44836 0.880891 -319.637 310.603 -463.335 -0.2013
2.85314 1.27161 320.182 -343.209 1259.09 0.192667 -2.81002 -0.977332 -320.182 27.5979 -460.47 -0.192667
3.25904 3.20268 320.712 -591.356 1357.54 0.184001 -3.13663 -2.89685 -320.712 -265.367 -455.647 -0.184001
3.67632 5.13084 321.125 -840.453 1452.34 0.175342 -3.43746 -4.83206 -321.125 -559.179 -449.221 -0.175342
4.07308 6.99906 321.416 -1082.07 1544.21 0.16673 -3.75586 -6.7174 -321.416 -845.046 -440.304 -0.16673
4.43571 8.75417 321.579 -1308.91 1632.07 0.158201 -4.0869 -8.49805 -321.579 -1115.08 -430.403 -0.158201
4.79889 10.382 321.775 -1521 1716.53 0.149789 -4.38934 -10.1513 -321.775 -1364.08 -421.069 -0.149789
5.14654 11.8254 322.074 -1710.72 1796.77 0.141524 -4.65388 -11.6224 -322.074 -1583.95 -415.033 -0.141524
5.44776 13.0454 322.313 -1873.03 1870.14 0.133435 -4.88703 -12.8773 -322.313 -1769.42 -413.07 -0.133435
5.70044 14.0191 322.414 -2004.25 1937.42 0.125556 -5.10203 -13.8855 -322.414 -1916.7 -414.415 -0.125556
5.89905 14.7085 322.388 -2098.67 1998.26 0.117927 -5.30161 -14.6125 -322.388 -2021.33 -419.093 -0.117927
6.05928 15.0896 322.258 -2152.11 2051.78 0.110589 -5.46905 -15.0314 -322.258 -2080.31 -426.371 -0.110589
6.21453 15.17 322.122 -2163.79 2098.56 0.103583 -5.58806 -15.1217 -322.122 -2092.61 -434.438 -0.103583
6.35053 14.9532 322.032 -2133.89 2139.91 0.0969487 -5.69916 -14.8815 -322.032 -2058.29 -440.906 -0.0969487
6.45318 14.432 321.954 -2063.82 2176.46 0.0907208 -5.82999 -14.3399 -321.954 -1978.99 -444.509 -0.0907208
6.56115 13.6194 321.816 -1956.27 2207.39 0.0849267 -5.9317 -13.5229 -321.816 -1857.54 -445.854 -0.0849267
6.68281 12.5444 321.63 -1814.23 2232.41 0.0795852 -5.98844 -12.4458 -321.63 -1697.15 -445.703 -0.0795852
6.80278 11.2561 321.441 -1645.92 2252.66 0.0747084 -6.03106 -11.1548 -321.441 -1502.98 -443.032 -0.0747084
6.90378 9.75631 321.285 -1451.32 2269.72 0.0703035 -6.0895 -9.66841 -321.285 -1277.94 -437.636 -0.0703035
6.96362 8.08867 321.091 -1235.84 2282.62 0.066374 -6.1589 -8.03145 -321.091 -1029.03 -432.328 -0.066374
6.98284 6.30385 320.821 -1004.42 2289.16 0.0629194 -6.20177 -6.25778 -320.821 -760.385 -430.121 -0.0629194
6.96815 4.47729 320.53 -764.815 2289.05 0.0599367 -6.18969 -4.38997 -320.53 -480.83 -433.756 -0.0599367
6.928 2.65249 320.319 -524.151 2284.53 0.0574224 -6.13727 -2.49069 -320.319 -198.161 -442.243 -0.0574224
6.84305 0.859225 320.162 -288.065 2273.87 0.0553708 -6.05178 -0.638086 -320.162 78.0919 -455.546 -0.0553708
6.71258 -0.872282 319.93 -60.8264 2258 0.0537728 -5.95844 1.1109 -319.93 339.947 -471.151 -0.0537728
6.5716 -2.48451 319.613 150.636 2237.15 0.0526146 -5.83797 2.70834 -319.613 579.516 -487.084 -0.0526146
6.43718 -3.91006 319.299 338.777 2213.61 0.0518743 -5.71135 4.11837 -319.299 789.839 -500.282 -0.0518743
6.30676 -5.09777 319.011 497.814 2187.51 0.0515197 -5.58978 5.32304 -319.011 966.983 -509.67 -0.0515197
6.20479 -6.01583 318.795 622.841 2159.19 0.0515117 -5.44872 6.28696 -318.795 1106.42 -515.589 -0.0515117
6.11144 -6.65159 318.646 710.552 2128.24 0.0518108 -5.30082 6.97062 -318.646 1204.11 -518.641 -0.0518108
5.98951 -6.99177 318.519 757.628 2094.85 0.0523788 -5.18015 7.3418 -318.519 1257 -519.462 -0.0523788
5.81814 -7.04396 318.42 762.9 2058.23 0.0531779 -5.08482 7.3798 -318.42 1264.4 -520.442 -0.0531779
5.61686 -6.8018 318.374 726.548 2016.86 0.0541706 -4.96107 7.09262 -318.374 1226.37 -524.872 -0.0541706
5.39296 -6.26814 318.422 651.015 1970.03 0.0553202 -4.78402 6.51054 -318.422 1145.11 -534.513 -0.0553202
5.14912 -5.46131 318.558 540.323 1918.39 0.0565897 -4.56467 5.67022 -318.558 1024.34 -548.097 -0.0565897
4.87684 -4.41749 318.777 400.737 1863.1 0.0579397 -4.34324 4.61539 -318.777 869.021 -562.33 -0.0579397
4.59767 -3.16481 319.093 234.926 1807.75 0.0593267 -4.15559 3.36235 -319.093 682.72 -572.743 -0.0593267
4.33641 -1.74508 319.37 45.6609 1750.66 0.0607024 -3.96544 1.91996 -319.37 469.791 -579.263 -0.0607024
4.0956 -0.221278 319.616 -160.395 1691.03 0.0620154 -3.76702 0.326875 -319.616 237.853 -581.547 -0.0620154
3.86789 1.30718 319.932 -366.545 1629.92 0.0632149 -3.57545 -1.31506 -319.932 -1.52113 -579.564 -0.0632149
3.61857 2.82847 320.329 -572.626 1566.13 0.0642524 -3.40174 -2.9825 -320.329 -243.541 -575.445 -0.0642524
3.33527 4.28758 320.684 -770.325 1499.29 0.0650832 -3.23683 -4.58884 -320.684 -476.624 -571.831 -0.0650832
3.03271 5.64935 320.927 -952.061 1427.8 0.0656669 -3.03545 -6.04994 -320.927 -691.582 -571.418 -0.0656669
2.72702 6.86183 321.084 -1108.96 1350.61 0.0659665 -2.76704 -7.30137 -321.084 -880.935 -575.174 -0.0659665
2.40954 7.88709 321.163 -1240.39 1267.19 0.0659478 -2.45542 -8.34078 -321.163 -1039.66 -580.444 -0.0659478
2.10658 8.68733 321.192 -1343.39 1180.13 0.0655825 -2.1205 -9.15806 -321.192 -1163.97 -583.317 -0.0655825
1.82105 9.25472 321.239 -1417.16 1091.33 0.0648496 -1.80144 -9.74026 -321.239 -1251.75 -579.801 -0.0648496
1.55293 9.5746 321.298 -1456.91 1003.68 0.0637343 -1.53677 -10.0501 -321.298 -1300.51 -567.357 -0.0637343
1.30952 9.65246 321.308 -1463.98 916.392 0.0622267 -1.30049 -10.095 -321.308 -1310.69 -547.836 -0.0622267
1.105 9.4849 321.237 -1438.91 828.459 0.0603224 -1.0515 -9.88691 -321.237 -1282.96 -523.997 -0.0603224
0.905491 9.089 321.115 -1384.03 740.106 0.0580241 -0.798961 -9.43991 -321.115 -1219.38 -499.537 -0.0580241
0.674175 8.48286 321.002 -1301.39 650.248 0.0553433 -0.544443 -8.76948 -321.002 -1122.63 -478.318 -0.0553433
0.430051 7.67883 320.91 -1193.24 558.8 0.0523019 -0.264398 -7.90797 -320.91 -996.72 -460.891 -0.0523019
0.169185 6.69275 320.83 -1062.9 465.905 0.0489312 0.031821 -6.89188 -320.83 -845.705 -446.634 -0.0489312
-0.110679 5.57365 320.7 -918.223 373.881 0.0452704 0.316331 -5.77187 -320.7 -675.721 -434.264 -0.0452704
-0.380446 4.35289 320.549 -762.742 284.295 0.0413638 0.593148 -4.56388 -320.549 -489.895 -421.823 -0.0413638
-0.600293 3.07824 320.4 -601.545 199.615 0.0372598 0.868384 -3.29862 -320.4 -294.158 -407.045 -0.0372598
-0.779864 1.7571 320.232 -433.263 120.208 0.0330077 1.12166 -1.97728 -320.232 -91.0966 -388.783 -0.0330077
-0.933383 0.429599 320.002 -264.199 46.7077 0.0286569 1.33302 -0.65438 -320.002 112.296 -366.863 -0.0286569
-1.08191 -0.889483 319.75 -97.1085 -20.8091 0.0242591 1.49209 0.637122 -319.75 312.064 -342.86 -0.0242591
-1.22607 -2.17865 319.575 66.1579 -82.4289 0.0198702 1.61611 1.87728 -319.575 504.233 -319.193 -0.0198702
-1.36264 -3.39418 319.446 221.433 -139.507 0.015549 1.74176 3.0444 -319.446 683.781 -299.208 -0.015549
-1.4853 -4.50968 319.319 366.806 -191.477 0.0113556 1.87549 4.13675 -319.319 848.663 -283.486 -0.0113556
-1.58508 -5.49462 319.152 496.101 -237.663 0.00735054 2.01491 5.11207 -319.152 994.829 -271.108 -0.00735054
-1.65058 -6.33207 318.93 606.083 -277.227 0.00359471 2.14255 5.94073 -318.93 1118.98 -258.853 -0.00359471
-1.69316 -7.00741 318.739 694.394 -308.463 0.000149702 2.21505 6.60646 -318.739 1219.12 -243.936 -0.000149702
-1.69984 -7.50995 318.612 760.201 -330.684 -0.00292303 2.23093 7.10171 -318.612 1293.52 -225.009 0.00292303
-1.64676 -7.82807 318.543 801.916 -343.884 -0.00556544 2.21686 7.41681 -318.543 1340.79 -202.471 0.00556544
-1.54346 -7.95804 318.514 818.923 -348.379 -0.00772604 2.17507 7.54714 -318.514 1360.36 -177.663 0.00772604
-1.40763 -7.90072 318.502 811.09 -344.476 -0.00936085 2.10037 7.4907 -318.502 1352.2 -152.029 0.00936085
-1.26876 -7.66588 318.503 778.876 -332.737 -0.0104323 1.98058 7.24406 -318.503 1316.76 -127.437 0.0104323
-1.12399 -7.26934 318.527 723.692 -314.091 -0.0109079 1.84057 6.81222 -318.527 1255.53 -106.048 0.0109079
-0.95325 -6.71549 318.591 648.082 -289.223 -0.0107592 1.71447 6.22744 -318.591 1171.14 -89.1546 0.0107592
-0.756846 -6.00983 318.715 554.28 -257.682 -0.00996171 1.59193 5.51535 -318.715 1065.71 -75.7956 0.00996171
-0.557709 -5.18005 318.863 444.532 -218.349 -0.00849505 1.42434 4.68472 -318.863 942.134 -63.4842 0.00849505
-0.357803 -4.26722 319.013 322.659 -171.013 -0.00634438 1.20213 3.75066 -319.013 804.475 -51.3654 0.00634438
-0.131313 -3.3045 319.196 193.044 -115.564 -0.00350254 0.95225 2.74198 -319.196 657.06 -39.7068 0.00350254
0.106289 -2.31098 319.382 60.4354 -53.9495 2.90474e-05 0.685183 1.70075 -319.382 503.735 -30.211 -2.90474e-05
0.357932 -1.31574 319.591 -70.7923 12.6485 0.00424163 0.422122 0.663962 -319.591 349.409 -24.2636 -0.00424163
0.624386 -0.362466 319.802 -196.426 84.0411 0.00912183 0.164515 -0.34035 -319.802 199.949 -21.7724 -0.00912183
0.878604 0.521713 319.955 -313.124 159.362 0.0146536 -0.113347 -1.28481 -319.955 59.6734 -22.0614 -0.0146536
1.11411 1.31804 320.055 -417.484 237.741 0.0208179 -0.412619 -2.12881 -320.055 -66.4767 -25.0097 -0.0208179
1.36454 2.00565 320.147 -506.173 318.767 0.0275927 -0.697725 -2.83598 -320.147 -173.793 -30.4823 -0.0275927
1.62371 2.56287 320.242 -576.733 401.959 0.0349538 -0.975747 -3.38937 -320.242 -259.305 -37.8778 -0.0349538
1.87022 2.96581 320.346 -626.729 486.454 0.0428758 -1.26374 -3.77948 -320.346 -320.755 -46.9447 -0.0428758
2.10552 3.21713 320.43 -657.158 571.905 0.05133 -1.56053 -4.00761 -320.43 -357.701 -57.2983 -0.05133
2.31704 3.32137 320.464 -667.565 657.055 0.0602827 -1.86545 -4.06305 -320.464 -369.73 -69.549 -0.0602827
2.49836 3.28056 320.439 -658.21 739.528 0.0696942 -2.15819 -3.95333 -320.439 -357.928 -85.0765 -0.0696942
2.67127 3.10097 320.351 -630.94 818.141 0.0795207 -2.40349 -3.7018 -320.351 -324.61 -104.595 -0.0795207
2.83637 2.80025 320.254 -588.059 892.417 0.0897161 -2.60788 -3.3271 -320.254 -272.576 -126.631 -0.0897161
2.97053 2.40159 320.174 -532.884 962.992 0.100232 -2.81579 -2.85529 -320.174 -205.421 -148.83 -0.100232
3.07732 1.93233 320.132 -467.99 1029.88 0.111017 -3.03368 -2.3027 -320.132 -126.715 -169.802 -0.111017
3.1912 1.41026 320.135 -395.032 1092.66 0.122012 -3.22471 -1.68874 -320.135 -40.0287 -189.466 -0.122012
3.31253 0.865358 320.079 -319.588 1149.9 0.133152 -3.38122 -1.06255 -320.079 49.0963 -207.42 -0.133152
3.42343 0.31274 319.939 -245.357 1201 0.144369 -3.51562 -0.464228 -319.939 136.604 -223.837 -0.144369
3.52324 -0.219245 319.784 -174.744 1245.94 0.155591 -3.63185 0.0968286 -319.784 219.593 -238.221 -0.155591
3.59309 -0.699676 319.684 -109.498 1284.55 0.166746 -3.74645 0.620527 -319.684 295.453 -250.753 -0.166746
3.63396 -1.10902 319.652 -51.3036 1315.5 0.177759 -3.83911 1.09796 -319.652 361.871 -262.799 -0.177759
3.67634 -1.41852 319.627 -4.61367 1337.67 0.188551 -3.86289 1.49914 -319.627 415.049 -275.569 -0.188551
3.69668 -1.61312 319.575 27.8757 1351.69 0.199046 -3.85045 1.79839 -319.575 451.957 -288.397 -0.199046
3.6645 -1.67535 319.498 42.9242 1358.02 0.209172 -3.84349 1.96705 -319.498 469.352 -300.183 -0.209172
3.60053 -1.59142 319.434 38.4632 1356.57 0.218859 -3.81979 1.9853 -319.434 464.584 -311.031 -0.218859
3.52546 -1.34633 319.424 12.5275 1347.16 0.228042 -3.75382 1.8389 -319.424 435.506 -321.452 -0.228042
3.43826 -0.92761 319.478 -36.0807 1330.04 0.236658 -3.64994 1.52155 -319.478 380.679 -331.221 -0.236658
3.32947 -0.333571 319.595 -107.683 1305.9 0.244652 -3.52814 1.02713 -319.595 299.327 -339.543 -0.244652
3.19666 0.417463 319.767 -200.192 1275.31 0.251972 -3.40076 0.357439 -319.767 192.186 -345.603 -0.251972
3.05456 1.32493 319.944 -313.416 1238.87 0.258572 -3.25697 -0.483181 -319.944 59.7569 -349.465 -0.258572
2.92262 2.389 320.091 -446.62 1196.53 0.264412 -3.07358 -1.47848 -320.091 -96.4352 -351.572 -0.264412
2.78253 3.57247 320.332 -594.617 1149.21 0.269456 -2.8769 -2.59866 -320.332 -272.166 -351.743 -0.269456
2.61995 4.85192 320.632 -755.982 1098.75 0.273675 -2.69763 -3.83971 -320.632 -465.005 -349.519 -0.273675
2.45167 6.20056 320.873 -927.656 1044.18 0.277046 -2.50345 -5.17495 -320.873 -670.494 -346.086 -0.277046
2.27731 7.59013 321.071 -1104.83 985.758 0.279551 -2.29017 -6.55483 -321.071 -882.517 -342.362 -0.279551
2.0644 8.99136 321.372 -1283.88 922.788 0.281177 -2.07453 -7.95202 -321.372 -1096.72 -339.848 -0.281177
1.798 10.3579 321.721 -1459.99 855.351 0.281916 -1.86956 -9.3284 -321.721 -1306.08 -338.894 -0.281916
1.5066 11.6598 321.959 -1628.29 783.597 0.281765 -1.63537 -10.6465 -321.959 -1505.97 -341.25 -0.281765
1.2251 12.8774 322.079 -1785.84 707.721 0.280727 -1.34111 -11.8689 -322.079 -1691.32 -346.543 -0.280727
0.967361 13.991 322.153 -1929.26 629.439 0.278814 -1.00988 -12.9621 -322.153 -1858.03 -351.296 -0.278814
0.69555 14.9574 322.246 -2054.46 550.934 0.276044 -0.723993 -13.9134 -322.246 -2002.32 -351.439 -0.276044
0.407968 15.7298 322.35 -2157.73 473.236 0.272443 -0.49976 -14.7206 -322.35 -2121.04 -345.951 -0.272443
0.144191 16.2859 322.432 -2236.47 395.237 0.268038 -0.27914 -15.3652 -322.432 -2211.04 -336.316 -0.268038
-0.0833439 16.6104 322.441 -2285.95 317.308 0.262863 -0.0365219 -15.8001 -322.441 -2268.28 -324.753 -0.262863
-0.307448 16.6967 322.374 -2304.14 238.477 0.256952 0.216271 -15.9961 -322.374 -2289.74 -313.235 -0.256952
-0.555172 16.5407 322.247 -2288.56 159.655 0.250352 0.448555 -15.9204 -322.247 -2272.77 -302.162 -0.250352
-0.836838 16.1475 322.119 -2238.79 80.8407 0.243111 0.658039 -15.5598 -322.119 -2216.6 -292.659 -0.243111
-1.11276 15.5113 321.998 -2155.24 0.907845 0.235287 0.901353 -14.9275 -321.998 -2121.88 -285.979 -0.235287
-1.33961 14.6224 321.869 -2039.92 -78.2549 0.226938 1.1973 -14.0611 -321.869 -1990.52 -280.566 -0.226938
-1.54703 13.4894 321.732 -1895.2 -154.69 0.218128 1.4795 -12.9923 -321.732 -1825.84 -273.213 -0.218128
-1.75057 12.1542 321.558 -1725.59 -225.923 0.208922 1.6832 -11.7335 -321.558 -1630.91 -259.486 -0.208922
-1.93344 10.6683 321.358 -1536 -290.974 0.199385 1.82581 -10.2948 -321.358 -1409.5 -240.447 -0.199385
-2.07966 9.0672 321.181 -1330.21 -351.446 0.18958 1.95389 -8.69963 -321.181 -1166.12 -218.787 -0.18958
-2.2111 7.37742 321.023 -1112.33 -410.315 0.179565 2.09983 -7.00085 -321.023 -907.81 -199.153 -0.179565
-2.35595 5.63628 320.829 -890.579 -468.932 0.169398 2.2629 -5.27446 -320.829 -642.271 -184.043 -0.169398
-2.5098 3.88135 320.622 -670.36 -524.445 0.159142 2.41886 -3.5676 -320.622 -376.006 -172.288 -0.159142
-2.67116 2.15021 320.39 -454.57 -577.51 0.148862 2.57182 -1.90389 -320.39 -114.723 -163.6 -0.148862
-2.8258 0.496504 320.067 -247.157 -627.486 0.138624 2.72109 -0.306144 -320.067 134.785 -156.519 -0.138624
-2.9633 -1.04356 319.761 -50.8476 -673.949 0.128497 2.86153 1.21146 -319.761 368.16 -149.288 -0.128497
-3.0584 -2.42897 319.553 129.754 -714.749 0.118541 2.98632 2.61396 -319.553 579.33 -139.552 -0.118541
-3.10301 -3.62455 319.389 288.324 -749.433 0.108809 3.09241 3.84683 -319.389 762.019 -126.195 -0.108809
-3.10956 -4.6117 319.193 418.989 -777.288 0.0993466 3.15754 4.8589 -319.193 912.293 -108.549 -0.0993466
-3.0867 -5.37063 319.002 518.202 -797.971 0.0901926 3.17825 5.62042 -319.002 1026.74 -87.6831 -0.0901926
-3.0582 -5.89375 318.845 585.132 -812.414 0.0813857 3.15765 6.11947 -318.845 1103.45 -66.4411 -0.0813857
-3.03762 -6.15963 318.741 617.802 -822.461 0.0729637 3.12229 6.35251 -318.741 1140.89 -48.609 -0.0729637
-3.03658 -6.15529 318.698 616.27 -829.545 0.0649623 3.09215 6.3392 -318.698 1139.94 -37.1932 -0.0649623
-3.06384 -5.87778 318.713 581.355 -834.448 0.0574151 3.07151 6.09395 -318.713 1101.39 -33.2461 -0.0574151
-3.09202 -5.34962 318.783 514.748 -836.898 0.0503526 3.07572 5.61496 -318.783 1026.47 -35.3505 -0.0503526
-3.09476 -4.60318 318.911 419.717 -835.109 0.0438014 3.09124 4.91073 -318.911 917.643 -39.6905 -0.0438014
-3.06743 -3.64755 319.064 296.033 -827.368 0.0377822 3.07789 3.97831 -319.064 776.009 -41.6847 -0.0377822
-3.02284 -2.52953 319.23 148.126 -812.823 0.0323103 2.9963 2.83692 -319.23 606.411 -38.4586 -0.0323103
-2.95812 -1.28786 319.462 -17.4524 -792 0.0273941 2.85472 1.52802 -319.462 413.57 -30.2412 -0.0273941
-2.8516 0.0501694 319.733 -193.89 -767.075 0.0230361 2.71466 0.123052 -319.733 204.541 -20.4557 -0.0230361
-2.71285 1.46162 320.03 -376.54 -739.037 0.0192336 2.59393 -1.31845 -320.03 -13.728 -11.9589 -0.0192336
-2.59703 2.90483 320.303 -559.968 -709.724 0.0159819 2.4652 -2.75597 -320.303 -235.124 -6.82114 -0.0159819
-2.52149 4.32688 320.549 -740.632 -679.899 0.0132759 2.32402 -4.17377 -320.549 -453.542 -6.09116 -0.0132759
-2.45353 5.67783 320.822 -914.393 -651.054 0.011113 2.21609 -5.55212 -320.822 -663.327 -10.1074 -0.011113
-2.37079 6.92556 321.077 -1077.72 -621.978 0.00949348 2.14391 -6.86043 -321.077 -859.202 -17.2915 -0.00949348
-2.28803 8.03339 321.252 -1225.52 -590.33 0.00841828 2.05068 -8.05295 -321.252 -1034.66 -24.084 -0.00841828
-2.21892 8.97014 321.333 -1351.59 -557.16 0.0078851 1.9219 -9.07452 -321.333 -1183.8 -29.3166 -0.0078851
-2.12932 9.71085 321.366 -1451.42 -522.855 0.00788627 1.7941 -9.88103 -321.366 -1301.39 -32.9426 -0.00788627
-2.01162 10.2205 321.407 -1519.6 -488.263 0.00841012 1.68469 -10.4368 -321.407 -1382.93 -35.4904 -0.00841012
-1.88436 10.4852 321.427 -1555.76 -453.024 0.00944397 1.57297 -10.743 -321.427 -1426.99 -37.0207 -0.00944397
-1.77993 10.4796 321.406 -1558.34 -417.452 0.0109763 1.43115 -10.7985 -321.406 -1431.42 -37.8632 -0.0109763
-1.69963 10.2009 321.338 -1526.75 -382.702 0.0129966 1.2778 -10.596 -321.338 -1395.39 -39.6551 -0.0129966
-1.61544 9.66569 321.231 -1461.22 -350.247 0.0154941 1.16284 -10.12 -321.231 -1318.83 -44.0035 -0.0154941
-1.52667 8.88759 321.115 -1362 -320.558 0.0184569 1.08677 -9.36406 -321.115 -1202.46 -50.4109 -0.0184569
-1.46408 7.88363 320.991 -1231.86 -293.081 0.0218726 1.00343 -8.35245 -320.991 -1049.36 -57.2698 -0.0218726
-1.42854 6.67996 320.844 -1076.1 -267.789 0.0257271 0.902573 -7.1301 -320.844 -864.189 -63.2908 -0.0257271
-1.40206 5.30107 320.678 -897.876 -245.13 0.0300033 0.803642 -5.72686 -320.678 -651.441 -68.2345 -0.0300033
-1.37165 3.79028 320.519 -704.498 -225.205 0.0346811 0.72158 -4.2034 -320.519 -418.418 -72.2742 -0.0346811
-1.35195 2.17273 320.351 -499.63 -209.417 0.0397376 0.653775 -2.59976 -320.351 -170.614 -75.6999 -0.0397376
-1.36019 0.485031 320.1 -285.689 -197.624 0.0451466 0.582182 -0.940263 -320.1 85.8185 -78.5397 -0.0451466
-1.38012 -1.20627 319.787 -70.7329 -190.321 0.0508781 0.529262 0.730129 -319.787 343.276 -81.1753 -0.0508781
-1.41671 -2.89877 319.604 148.719 -190.115 0.0568969 0.515574 2.41888 -319.604 598.973 -84.5858 -0.0568969
-1.46123 -4.52315 319.42 362.472 -195.397 0.0631629 0.525496 4.05139 -319.42 842.896 -86.9633 -0.0631629
-1.49606 -6.05711 319.213 565.748 -204.525 0.0696335 0.550968 5.59424 -319.213 1071.98 -86.3446 -0.0696335
-1.52789 -7.43938 318.938 748.778 -218.612 0.0762631 0.587279 6.97906 -318.938 1277.8 -81.8932 -0.0762631
-1.56377 -8.6513 318.675 909.496 -237.222 0.0830028 0.623198 8.19189 -318.675 1457.81 -73.4582 -0.0830028
-1.60411 -9.64653 318.425 1042.51 -260.659 0.0898019 0.664364 9.20612 -318.425 1607.17 -61.5861 -0.0898019
-1.63066 -10.402 318.21 1145.37 -289.491 0.0966092 0.742725 10.003 -318.21 1722.45 -47.6311 -0.0966092
-1.65099 -10.9029 318.072 1215.77 -324.292 0.103372 0.861405 10.5613 -318.072 1800.89 -32.521 -0.103372
-1.69831 -11.1377 317.978 1250.47 -363.62 0.110036 0.975004 10.8498 -317.978 1839.73 -15.9779 -0.110036
-1.76765 -11.1045 317.907 1247.6 -406.636 0.11655 1.08714 10.8452 -317.907 1837.29 1.34619 -0.11655
-1.83623 -10.8016 317.88 1206.72 -453.402 0.122862 1.23142 10.5437 -317.88 1793.23 17.9981 -0.122862
-1.90221 -10.2316 317.911 1129.28 -503.462 0.128928 1.4093 9.96235 -317.911 1708.88 33.5786 -0.128928
-1.97684 -9.41189 318.051 1019.32 -554.89 0.134705 1.58748 9.13427 -318.051 1587.29 49.2604 -0.134705
-2.09044 -8.35392 318.255 878.051 -608.135 0.140158 1.74665 8.07722 -318.255 1431.34 63.9513 -0.140158
-2.23709 -7.08926 318.51 710.193 -664.442 0.145254 1.91611 6.82492 -318.51 1245.51 75.6175 -0.145254
-2.39682 -5.64497 318.762 520.487 -722.307 0.149968 2.11111 5.4128 -318.762 1033.82 83.4167 -0.149968
-2.54868 -4.0834 319.066 317.877 -779.326 0.154281 2.32847 3.88772 -319.066 802.68 88.3407 -0.154281
-2.70785 -2.44084 319.353 103.52 -835.425 0.158182 2.55183 2.24897 -319.353 555.93 90.4818 -0.158182
-2.87403 -0.766746 319.679 -115.539 -890.379 0.16166 2.76874 0.541232 -319.679 299.754 91.409 -0.16166
-3.0525 0.877753 320.025 -329.373 -943.243 0.164708 2.9667 -1.15257 -320.025 44.4643 91.1947 -0.164708
-3.22562 2.48034 320.311 -537.641 -991.933 0.167324 3.14738 -2.8137 -320.311 -205.913 90 -0.167324
-3.36694 3.98323 320.62 -734.423 -1037.46 0.169517 3.35126 -4.38323 -320.62 -440.891 86.8676 -0.169517
-3.47364 5.33656 320.915 -910.882 -1078.13 0.1713 3.55945 -5.79141 -320.915 -652.504 83.1622 -0.1713
-3.58484 6.52636 321.062 -1064.92 -1112.43 0.172693 3.71619 -7.00541 -321.062 -836.271 79.6987 -0.172693
-3.70447 7.51051 321.121 -1191.33 -1140.27 0.17371 3.82411 -7.98659 -321.121 -986.044 75.4808 -0.17371
-3.7951 8.2541 321.136 -1286.56 -1161.72 0.174367 3.93551 -8.71909 -321.136 -1098.24 68.4968 -0.174367
-3.86425 8.73288 321.149 -1348.17 -1176.55 0.17468 4.04814 -9.19376 -321.149 -1170.62 57.7555 -0.17468
-3.93583 8.93457 321.161 -1374.43 -1184.46 0.174674 4.13506 -9.4007 -321.161 -1201.78 43.4005 -0.174674
-4.00512 8.86064 321.141 -1365.04 -1184.8 0.174374 4.1909 -9.33514 -321.141 -1191.57 26.1967 -0.174374
-4.05391 8.51791 321.067 -1320.5 -1177.13 0.17381 4.22501 -8.99735 -321.067 -1140.47 6.94615 -0.17381
-4.06869 7.91956 320.938 -1242.45 -1161.01 0.173011 4.2402 -8.39809 -320.938 -1050.23 -13.284 -0.173011
-4.04553 7.09423 320.785 -1134.46 -1135.76 0.172004 4.22579 -7.55773 -320.785 -924.134 -33.1273 -0.172004
-3.99133 6.07341 320.627 -1000.27 -1101.94 0.170815 4.17416 -6.49944 -320.627 -766.156 -51.9231 -0.170815
-3.90824 4.89592 320.491 -845.827 -1059.66 0.169469 4.08294 -5.26799 -320.491 -582.067 -69.5241 -0.169469
-3.80435 3.58852 320.318 -674.403 -1008.93 0.167986 3.94662 -3.90184 -320.318 -377.783 -86.2916 -0.167986
-3.69551 2.19115 320.247 -493.085 -951.921 0.166387 3.77691 -2.46262 -320.247 -160.479 -103.919 -0.166387
-3.56209 0.739094 320.081 -306.531 -889.285 0.164692 3.60722 -0.996847 -320.081 63.0038 -123.699 -0.164692
-3.40917 -0.717708 319.831 -120.456 -821.806 0.162922 3.43845 0.453398 -319.831 285.451 -145.686 -0.162922
-3.26845 -2.15324 319.565 64.3986 -749.879 0.161098 3.233 1.87847 -319.565 502.585 -168.659 -0.161098
-3.14113 -3.50829 319.338 240.986 -673.479 0.159234 2.98761 3.23022 -319.338 706.371 -192.361 -0.159234
-2.99667 -4.74583 319.134 403.381 -593.846 0.157347 2.7458 4.4723 -319.134 892.426 -217.377 -0.157347
-2.81759 -5.85483 318.999 550.638 -511.921 0.155451 2.52512 5.58801 -318.999 1057.79 -242.783 -0.155451
-2.65233 -6.779 318.876 673.422 -428.568 0.153559 2.27326 6.51577 -318.876 1195.25 -267.171 -0.153559
-2.5032 -7.50642 318.707 770.005 -344.466 0.151683 1.98409 7.24245 -318.707 1303 -289.333 -0.151683
-2.28983 -8.01354 318.542 837.213 -260.727 0.149837 1.74258 7.74866 -318.542 1378.19 -308.807 -0.149837
-1.99489 -8.28632 318.431 874.528 -176.072 0.148029 1.54387 8.03463 -318.431 1419.39 -323.756 -0.148029
-1.66321 -8.31679 318.375 880.271 -89.1761 0.146264 1.3093 8.08773 -318.375 1425.39 -330.76 -0.146264
-1.32203 -8.11112 318.373 854.574 0.628792 0.144541 0.999895 7.90182 -318.373 1396.06 -328.832 -0.144541
-0.989435 -7.66801 318.409 797.456 91.2677 0.142859 0.637033 7.481 -318.409 1331.77 -321.444 -0.142859
-0.668422 -6.99255 318.491 710.198 179.419 0.14121 0.284656 6.84011 -318.491 1234.05 -314.676 -0.14121
-0.369884 -6.09248 318.656 593.834 262.423 0.13959 -0.0119543 5.98719 -318.656 1104.08 -313.76 -0.13959
-0.108694 -4.98616 318.845 450.348 339.663 0.137996 -0.254688 4.93439 -318.845 944.157 -319.902 -0.137996
0.110076 -3.70574 319.078 284.223 411.021 0.136424 -0.463599 3.706 -319.078 757.737 -330.885 -0.136424
0.300836 -2.29311 319.327 100.255 477.678 0.134871 -0.655649 2.33013 -319.327 549.855 -343.482 -0.134871
0.509906 -0.799362 319.668 -91.089 541.836 0.133334 -0.834021 0.863511 -319.668 325.188 -352.948 -0.133334
0.750641 0.772927 319.958 -290.727 604.53 0.131808 -1.01818 -0.678233 -319.958 87.2187 -355.708 -0.131808
0.979722 2.38173 320.212 -493.981 665.857 0.130284 -1.25602 -2.25783 -320.212 -157.588 -351.218 -0.130284
1.20614 3.99826 320.596 -699.642 725.779 0.128757 -1.52254 -3.85698 -320.596 -403.821 -341.687 -0.128757
1.44034 5.58268 320.937 -902.715 780.532 0.127218 -1.74372 -5.43816 -320.937 -645.605 -332.285 -0.127218
1.6513 7.09041 321.166 -1097.08 828.521 0.125665 -1.91681 -6.95048 -321.166 -875.647 -326.159 -0.125665
1.79781 8.49078 321.413 -1277.76 867.73 0.124096 -2.05096 -8.35527 -321.413 -1089.17 -325.796 -0.124096
1.88855 9.73524 321.622 -1437.92 899.274 0.122514 -2.15517 -9.60008 -321.622 -1278.83 -329.825 -0.122514
1.94561 10.8082 321.721 -1575.28 923.955 0.120926 -2.22486 -10.6671 -321.721 -1442.21 -336.596 -0.120926
1.98487 11.6902 321.745 -1687.34 942.249 0.119345 -2.26486 -11.5256 -321.745 -1574.73 -343.674 -0.119345
2.02287 12.3728 321.773 -1772.92 955.629 0.117789 -2.29 -12.1659 -321.773 -1675.06 -348.129 -0.117789
2.08048 12.8368 321.805 -1829.79 964.844 0.116273 -2.30144 -12.5785 -321.805 -1741.38 -347.611 -0.116273
2.15479 13.0663 321.816 -1857.26 970.61 0.11481 -2.31671 -12.774 -321.816 -1773.63 -340.784 -0.11481
2.23507 13.0616 321.781 -1855.44 973.149 0.11341 -2.34455 -12.7567 -321.781 -1772.36 -328.151 -0.11341
2.30587 12.8323 321.7 -1824.81 971.958 0.112082 -2.38144 -12.5225 -321.7 -1737.85 -311.869 -0.112082
2.33698 12.3861 321.589 -1766.91 965.743 0.110833 -2.42163 -12.0859 -321.589 -1671.7 -295.693 -0.110833
2.30454 11.7354 321.472 -1683.6 953.036 0.109671 -2.45018 -11.4595 -321.472 -1575.53 -283.602 -0.109671
2.21565 10.9146 321.368 -1577.91 932.695 0.108605 -2.43204 -10.6464 -321.368 -1451.6 -278.382 -0.108605
2.08043 9.94566 321.234 -1451.63 903.967 0.107643 -2.3503 -9.65314 -321.234 -1302.13 -280.236 -0.107643
1.9243 8.85384 321.074 -1308.67 868.423 0.106795 -2.21411 -8.52045 -321.074 -1132.48 -285.88 -0.106795
1.76649 7.66198 320.934 -1151.56 828.035 0.106067 -2.05595 -7.2758 -320.934 -947.191 -290.024 -0.106067
1.59449 6.42433 320.852 -987.758 783.497 0.105462 -1.92372 -5.97131 -320.852 -753.749 -288.389 -0.105462
1.43306 5.1687 320.703 -822.574 736.892 0.104975 -1.8299 -4.6545 -320.703 -557.433 -277.836 -0.104975
1.28585 3.92766 320.469 -661.699 687.341 0.104595 -1.75013 -3.38606 -320.469 -365.654 -260.392 -0.104595
1.15197 2.73043 320.262 -510.371 633.41 0.104306 -1.64889 -2.21177 -320.262 -183.716 -239.735 -0.104306
1.02007 1.6095 320.149 -371.536 574.263 0.104089 -1.507 -1.14775 -320.149 -15.5047 -219.318 -0.104089
0.857576 0.588283 320.023 -245.21 508.049 0.103927 -1.32982 -0.19202 -320.023 135.984 -201.11 -0.103927
0.653573 -0.301699 319.849 -134.342 435.308 0.103804 -1.13074 0.649193 -319.849 268.396 -185.302 -0.103804
0.417363 -1.04251 319.659 -41 356.662 0.103709 -0.90786 1.36668 -319.659 379.984 -171.477 -0.103709
0.168719 -1.63835 319.539 33.7295 273.871 0.10363 -0.662661 1.93774 -319.539 469.233 -158.406 -0.10363
-0.0961831 -2.10361 319.509 90.5963 186.148 0.103555 -0.405147 2.3487 -319.509 535.496 -144.436 -0.103555
-0.388597 -2.41836 319.501 127.094 94.4451 0.10347 -0.16279 2.59414 -319.501 577.717 -128.237 -0.10347
-0.687057 -2.57164 319.496 143.807 -0.238961 0.103363 0.0828249 2.6984 -319.496 597.193 -110.382 -0.103363
-0.978819 -2.56042 319.47 141.467 -98.2824 0.103215 0.357012 2.67443 -319.47 594.585 -92.2568 -0.103215
-1.29197 -2.39575 319.447 120.753 -199.878 0.10301 0.638873 2.52187 -319.447 570.719 -74.6765 -0.10301
-1.63144 -2.09195 319.46 81.9558 -306.209 0.102731 0.940706 2.23324 -319.46 526.263 -58.8766 -0.102731
-1.97838 -1.66367 319.525 26.3389 -416.937 0.102366 1.27929 1.80949 -319.525 462.147 -44.9052 -0.102366
-2.32819 -1.12499 319.648 -44.0621 -531.107 0.101908 1.64168 1.26503 -319.648 380.338 -31.2474 -0.101908
-2.68516 -0.494916 319.827 -126.333 -648.085 0.101352 2.0058 0.620163 -319.827 283.445 -16.0431 -0.101352
-3.02914 0.205697 319.975 -217.661 -765.24 0.100701 2.36087 -0.102637 -319.975 174.742 2.42668 -0.100701
-3.34833 0.971226 320.086 -316.276 -882.924 0.0999576 2.72874 -0.875136 -320.086 57.2205 23.1051 -0.0999576
-3.66503 1.78192 320.218 -419.344 -1001.26 0.0991228 3.08857 -1.6699 -320.218 -65.3226 45.9138 -0.0991228
-3.9899 2.60786 320.34 -523.729 -1117.96 0.0981991 3.42897 -2.47237 -320.34 -189.776 68.6765 -0.0981991
-4.31308 3.43034 320.527 -629.168 -1234.48 0.0971935 3.78724 -3.28097 -320.527 -313.548 88.9882 -0.0971935
-4.63834 4.21693 320.738 -730.986 -1348.98 0.0961196 4.15039 -4.06795 -320.738 -432.861 106.314 -0.0961196
-4.97794 4.95256 320.87 -826.656 -1461.55 0.0949965 4.51289 -4.81153 -320.87 -545.061 119.798 -0.0949965
-5.32155 5.63326 321.012 -916.11 -1573.28 0.0938469 4.89984 -5.49929 -321.012 -647.91 128.466 -0.0938469
-5.64115 6.2288 321.066 -994.537 -1679.59 0.0926976 5.2747 -6.09768 -321.066 -737.26 136.809 -0.0926976
-5.92414 6.72164 321.049 -1059.44 -1778.23 0.0915797 5.61554 -6.58996 -321.049 -810.791 147.437 -0.0915797
-6.17241 7.09843 321.028 -1109.05 -1868.14 0.0905261 5.91095 -6.96512 -321.028 -866.85 160.615 -0.0905261
-6.3658 7.34715 321.045 -1141.72 -1948.71 0.0895678 6.17997 -7.21258 -321.045 -903.903 175.894 -0.0895678
-6.51739 7.46854 321.072 -1157.11 -2019.66 0.0887347 6.41981 -7.32272 -321.072 -921.043 191.555 -0.0887347
-6.65498 7.47501 321.067 -1155.37 -2080.73 0.0880581 6.61306 -7.28401 -321.067 -918.248 205.896 -0.0880581
-6.76661 7.37154 321.016 -1137.46 -2131.96 0.0875719 6.78485 -7.10541 -321.016 -896.52 217.11 -0.0875719
-6.84417 7.15203 320.916 -1105.07 -2172.12 0.0873121 6.93649 -6.81975 -320.916 -857.917 224.903 -0.0873121
-6.89782 6.81834 320.802 -1060.39 -2200.11 0.0873137 7.04841 -6.45773 -320.802 -804.833 229.529 -0.0873137
-6.90745 6.39013 320.684 -1004.89 -2215.15 0.0876077 7.12803 -6.02439 -320.684 -739.26 231.969 -0.0876077
-6.8687 5.89629 320.576 -939.812 -2216.44 0.0882202 7.16564 -5.514 -320.576 -663.214 233.408 -0.0882202
-6.80386 5.35934 320.476 -867.109 -2203.27 0.089172 7.12808 -4.93472 -320.476 -579.058 234.665 -0.089172
-6.71641 4.80276 320.368 -790.576 -2176.16 0.0904798 7.0214 -4.31588 -320.368 -490.415 234.922 -0.0904798
-6.59136 4.23657 320.247 -713.501 -2135.87 0.0921553 6.87931 -3.69657 -320.247 -400.898 232.313 -0.0921553
-6.42368 3.6705 320.14 -638.43 -2083.12 0.0942058 6.71945 -3.10818 -320.14 -313.738 225.786 -0.0942058
-6.21882 3.12954 320.051 -568.647 -2018.03 0.0966346 6.53242 -2.57209 -320.051 -232.167 216.005 -0.0966346
-5.96704 2.63791 319.965 -505.213 -1940.11 0.0994417 6.31234 -2.08335 -319.965 -157.834 204.677 -0.0994417
-5.65816 2.22369 319.885 -450.195 -1849.55 0.102623 6.05716 -1.64414 -319.885 -92.9231 193.711 -0.102623
-5.3054 1.88619 319.808 -404.678 -1745.54 0.106171 5.73264 -1.27609 -319.808 -39.2912 185.243 -0.106171
-4.92296 1.6159 319.773 -369.558 -1629.72 0.110073 5.33949 -1.00794 -319.773 1.25336 178.822 -0.110073
-4.49674 1.41384 319.775 -345.44 -1504.48 0.114312 4.92651 -0.848979 -319.775 27.8663 171.953 -0.114312
-4.0232 1.29169 319.798 -333.438 -1369.88 0.118868 4.51513 -0.795086 -319.798 40.6028 162.199 -0.118868
-3.51619 1.25093 319.79 -332.274 -1225.52 0.12372 4.08013 -0.824711 -319.79 41.0035 150.734 -0.12372
-2.99286 1.28616 319.788 -339.481 -1071.31 0.128841 3.60715 -0.916347 -319.788 30.3815 137.091 -0.128841
-2.46729 1.39551 319.792 -354.527 -907.64 0.1342 3.08326 -1.05721 -319.792 10.2664 121.494 -0.1342
-1.94368 1.56812 319.869 -377.625 -737.289 0.139762 2.53339 -1.25013 -319.869 -18.0023 102.619 -0.139762
-1.4367 1.78256 319.988 -406.674 -563.596 0.145487 1.98052 -1.49251 -319.988 -53.1498 78.5193 -0.145487
-0.954786 2.03168 320.074 -440.22 -386.816 0.151338 1.41475 -1.77486 -320.074 -94.2921 49.6495 -0.151338
-0.478683 2.31128 320.12 -478.181 -208.598 0.157275 0.866413 -2.09281 -320.12 -140.302 16.0971 -0.157275
0.0291434 2.60838 320.146 -518.805 -27.809 0.163259 0.353145 -2.4336 -320.146 -189.318 -20.4839 -0.163259
0.53896 2.91356 320.247 -559.636 154.089 0.169249 -0.158039 -2.77549 -320.247 -239.419 -58.1785 -0.169249
1.03844 3.21501 320.365 -599.842 337.966 0.175203 -0.706498 -3.10976 -320.365 -288.548 -94.066 -0.175203
1.53728 3.49249 320.484 -637.908 522.296 0.181081 -1.27693 -3.43671 -320.484 -335.421 -127.41 -0.181081
2.05053 3.74643 320.65 -675.379 706.247 0.186835 -1.85102 -3.75531 -320.65 -378.404 -157.844 -0.186835
2.57581 3.96435 320.736 -707.759 885.896 0.192412 -2.3874 -4.02543 -320.736 -414.602 -187.597 -0.192412
3.1019 4.14821 320.71 -734.284 1061.63 0.197758 -2.88973 -4.2299 -320.71 -442.645 -218.118 -0.197758
3.60506 4.2867 320.69 -753.318 1233.17 0.202821 -3.37894 -4.36253 -320.69 -461.705 -249.53 -0.202821
4.06853 4.36389 320.702 -762.969 1399.06 0.207551 -3.85785 -4.42613 -320.702 -471.835 -282.338 -0.207551
4.48985 4.37914 320.809 -764.711 1558.58 0.2119 -4.32802 -4.43166 -320.809 -473.011 -315.94 -0.2119
4.89372 4.34623 320.862 -758.958 1710.69 0.215821 -4.75365 -4.37717 -320.862 -466.481 -350.877 -0.215821
5.27842 4.28055 320.838 -746.454 1855.8 0.219264 -5.13967 -4.25773 -320.838 -452.966 -387.097 -0.219264
5.60253 4.18633 320.775 -729.025 1992.11 0.222185 -5.52386 -4.09327 -320.775 -434.044 -423.327 -0.222185
5.87796 4.06481 320.709 -709.372 2116.93 0.224538 -5.87037 -3.91807 -320.709 -411.998 -460.232 -0.224538
6.16388 3.92529 320.642 -688.3 2230.81 0.226277 -6.12954 -3.74101 -320.642 -388.581 -497.039 -0.226277
6.45739 3.7951 320.632 -668.204 2334.72 0.227362 -6.32994 -3.56397 -320.632 -365.502 -531.107 -0.227362
6.73533 3.68897 320.634 -650.996 2430.75 0.227753 -6.53238 -3.40045 -320.634 -344.816 -559.231 -0.227753
6.98082 3.60081 320.61 -636.895 2518.67 0.227415 -6.7543 -3.26743 -320.61 -327.835 -581.128 -0.227415
7.18686 3.53237 320.562 -627.38 2597.64 0.226316 -6.97982 -3.18495 -320.562 -316.139 -599.139 -0.226316
7.35271 3.48415 320.508 -622.936 2665.05 0.22443 -7.16465 -3.15938 -320.508 -310.212 -616.999 -0.22443
7.47266 3.46839 320.461 -623.08 2719.62 0.221733 -7.27917 -3.17232 -320.461 -309.671 -638.394 -0.221733
7.5332 3.49987 320.44 -627.373 2760.79 0.218204 -7.32289 -3.2021 -320.44 -313.984 -664.71 -0.218204
7.53087 3.58289 320.443 -635.761 2789.1 0.213832 -7.31274 -3.24432 -320.443 -323.197 -694.61 -0.213832
7.47948 3.70718 320.452 -648.857 2805.93 0.208611 -7.26548 -3.31832 -320.452 -337.966 -725.171 -0.208611
7.39439 3.87518 320.451 -667.419 2812.56 0.202544 -7.19731 -3.43361 -320.451 -359.213 -753.251 -0.202544
7.27458 4.09176 320.441 -692.164 2809.83 0.195639 -7.12989 -3.59621 -320.441 -387.752 -776.785 -0.195639
7.14094 4.35175 320.436 -723.599 2797.8 0.187911 -7.04505 -3.81798 -320.436 -424.017 -795.454 -0.187911
7.00567 4.64957 320.448 -761.598 2776.14 0.179378 -6.92208 -4.10293 -320.448 -467.914 -810.126 -0.179378
6.83702 4.98363 320.477 -805.433 2744.47 0.170065 -6.78109 -4.44226 -320.477 -518.708 -822.045 -0.170065
6.62275 5.3515 320.515 -853.859 2702.22 0.160003 -6.61961 -4.81903 -320.515 -574.925 -832.714 -0.160003
6.35625 5.74383 320.555 -905.335 2648.8 0.149232 -6.42869 -5.21939 -320.555 -634.845 -843.734 -0.149232
6.03892 6.13586 320.608 -957.663 2583.95 0.137801 -6.19918 -5.63757 -320.608 -696.375 -855.921 -0.137801
5.69171 6.50657 320.661 -1009.23 2506.93 0.125768 -5.90715 -6.06683 -320.661 -757.226 -868.954 -0.125768
5.31572 6.84426 320.684 -1057.42 2419.04 0.113195 -5.577 -6.4779 -320.684 -814.258 -880.57 -0.113195
4.90547 7.13729 320.685 -1099.7 2321.69 0.100151 -5.24206 -6.8445 -320.685 -864.677 -888.244 -0.100151
4.4852 7.36594 320.719 -1133.65 2215.49 0.0867078 -4.88854 -7.14619 -320.719 -905.264 -891.137 -0.0867078
4.06745 7.51769 320.764 -1156.91 2100.94 0.0729388 -4.51028 -7.36271 -320.764 -933.76 -888.835 -0.0729388
3.67919 7.58037 320.76 -1168.02 1978.92 0.0589217 -4.09858 -7.48097 -320.76 -948.08 -879.662 -0.0589217
3.30993 7.54739 320.718 -1166.53 1851.53 0.0447377 -3.6876 -7.4958 -320.718 -947.017 -862.383 -0.0447377
2.90758 7.40374 320.701 -1151.21 1720.49 0.0304685 -3.33601 -7.40488 -320.701 -929.379 -837.804 -0.0304685
2.45701 7.13589 320.745 -1120.89 1583.73 0.0161956 -3.01439 -7.20562 -320.745 -894.057 -810.095 -0.0161956
1.98768 6.74933 320.738 -1074.55 1438.8 0.00200309 -2.63105 -6.88602 -320.738 -841.158 -785.548 -0.00200309
1.49413 6.25528 320.63 -1013.11 1283.98 -0.0120176 -2.16364 -6.4392 -320.63 -770.388 -766.358 0.0120176
0.974729 5.65763 320.536 -937.65 1120.51 -0.0257668 -1.63955 -5.87614 -320.536 -682.733 -750.143 0.0257668
0.452993 4.95885 320.441 -848.521 950.99 -0.0391417 -1.09253 -5.20503 -320.441 -579.356 -731.44 0.0391417
-0.0275749 4.17106 320.373 -748.113 780.655 -0.0520433 -0.558763 -4.45171 -320.373 -463.199 -704.305 0.0520433
-0.464689 3.29632 320.287 -638.841 611.624 -0.0643789 -0.0720114 -3.64329 -320.287 -335.942 -665.787 0.0643789
-0.861229 2.36025 320.32 -523.925 444.578 -0.0760597 0.367544 -2.78791 -320.32 -199.111 -616.938 0.0760597
-1.23572 1.38725 320.337 -403.457 278.224 -0.0869962 0.759977 -1.8702 -320.337 -53.8807 -559.076 0.0869962
-1.61837 0.402546 320.141 -278.457 111.358 -0.0970984 1.13659 -0.898555 -320.141 96.0399 -499.631 0.0970984
-2.02104 -0.581282 319.879 -151.832 -58.5302 -0.106277 1.54995 0.100037 -319.879 248 -445.13 0.106277
-2.43148 -1.55466 319.697 -25.6986 -229.384 -0.114444 2.02223 1.09095 -319.697 397.901 -399.028 0.114444
-2.87125 -2.5029 319.656 98.3639 -400.654 -0.121507 2.51557 2.05211 -319.656 542.157 -359.578 0.121507
-3.32524 -3.37512 319.607 213.448 -569.456 -0.127377 2.98541 2.94622 -319.607 675.285 -321.278 0.127377
-3.73935 -4.15072 319.487 317.025 -734.583 -0.131975 3.44685 3.75959 -319.487 794.999 -279.855 0.131975
-4.07191 -4.80881 319.289 406.303 -890.877 -0.135231 3.87162 4.46971 -319.289 897.986 -230.643 0.135231
-4.34384 -5.33348 319.169 477.401 -1037.37 -0.137092 4.21179 5.0418 -319.169 981.01 -170.81 0.137092
-4.56922 -5.73034 319.132 530.5 -1174.88 -0.137512 4.4779 5.46287 -319.132 1042.85 -102.996 0.137512
-4.76011 -5.98277 319.116 563.095 -1304.47 -0.136462 4.70874 5.71556 -319.116 1081.23 -33.2748 0.136462
-4.93107 -6.08105 319.064 574.951 -1426.54 -0.133922 4.93253 5.80356 -319.064 1095.55 32.7525 0.133922
-5.12576 -6.02582 319.016 566.919 -1542.28 -0.129883 5.13106 5.74126 -319.016 1087.07 92.7001 0.129883
-5.36852 -5.82024 318.994 539.61 -1652.85 -0.124341 5.30786 5.53683 -318.994 1056.76 143.828 0.124341
-5.61409 -5.47949 319.027 495.146 -1757.22 -0.117302 5.50447 5.20205 -319.027 1006.29 185.6 0.117302
-5.83518 -5.01831 319.111 435.202 -1854.53 -0.108781 5.71362 4.74588 -319.111 937.323 222.042 0.108781
-6.03918 -4.44803 319.203 360.603 -1943.79 -0.0988065 5.89136 4.17664 -319.203 851.791 257.266 0.0988065
-6.19821 -3.78428 319.284 273.331 -2022.9 -0.0874198 6.02328 3.51083 -319.284 752.224 295.143 0.0874198
-6.2831 -3.04623 319.368 176.62 -2089.89 -0.0746725 6.10469 2.77106 -319.368 641.264 338.429 0.0746725
-6.30528 -2.24961 319.482 72.7113 -2145.93 -0.0606308 6.13608 1.97627 -319.482 521.54 386.632 0.0606308
-6.29329 -1.40593 319.656 -37.0634 -2193.52 -0.0453747 6.12672 1.14819 -319.656 396.391 436.937 0.0453747
-6.26141 -0.534521 319.815 -147.779 -2232.66 -0.0289944 6.08995 0.32469 -319.815 268.931 485.482 0.0289944
-6.21241 0.341531 319.971 -256.366 -2265.27 -0.0115853 6.06088 -0.477809 -319.971 141.637 528.848 0.0115853
-6.13939 1.20857 320.079 -364.632 -2292.63 0.00675529 6.06902 -1.28247 -320.079 14.9873 565.141 -0.00675529
-6.05364 2.03628 320.126 -470.429 -2312.83 0.0259282 6.07832 -2.08526 -320.126 -108.343 595.948 -0.0259282
-5.97534 2.80264 320.182 -569.81 -2325.13 0.0458319 6.04987 -2.85949 -320.182 -225.456 623.145 -0.0458319
-5.88727 3.51145 320.275 -662.74 -2328.64 0.0663604 5.98713 -3.5861 -320.275 -334.241 647.78 -0.0663604
-5.78662 4.14971 320.402 -746.356 -2323.48 0.0874034 5.89625 -4.23313 -320.402 -431.24 669.501 -0.0874034
-5.67603 4.69612 320.483 -817.023 -2309.79 0.108846 5.78447 -4.77601 -320.483 -513.646 687.066 -0.108846
-5.55849 5.13064 320.506 -873.724 -2288.44 0.13057 5.66692 -5.21645 -320.506 -579.9 698.794 -0.13057
-5.4378 5.42252 320.49 -914.436 -2260.12 0.152453 5.5518 -5.55474 -320.49 -627.742 703.696 -0.152453
-5.31648 5.56211 320.469 -937.193 -2225.18 0.174373 5.4383 -5.77156 -320.469 -655.07 701.869 -0.174373
-5.17532 5.55782 320.453 -940.256 -2183.21 0.196213 5.33293 -5.83214 -320.453 -659.917 694.7 -0.196213
-5.00496 5.4163 320.424 -922.787 -2133.04 0.217856 5.21989 -5.71476 -320.424 -641.005 684.549 -0.217856
-4.84489 5.13435 320.368 -884.927 -2074.43 0.239191 5.04749 -5.42425 -320.368 -598.42 672.88 -0.239191
-4.7006 4.70381 320.281 -828.077 -2008.37 0.260109 4.82209 -4.98816 -320.281 -533.486 659.024 -0.260109
-4.53408 4.13276 320.177 -754.149 -1936.66 0.280501 4.61254 -4.42632 -320.177 -448.215 640.446 -0.280501
-4.34276 3.44641 320.1 -665.224 -1860.92 0.300259 4.44513 -3.74559 -320.1 -345.031 615.431 -0.300259
-4.14796 2.65816 320.048 -563.503 -1779.45 0.319281 4.28459 -2.96687 -320.048 -226.551 584.238 -0.319281
-3.96277 1.78189 319.956 -453.207 -1692.6 0.337466 4.09931 -2.13062 -319.956 -96.1922 549.819 -0.337466
-3.79374 0.829411 319.813 -334.938 -1600.42 0.354718 3.87433 -1.24449 -319.813 43.9134 513.397 -0.354718
-3.62971 -0.15888 319.677 -211.641 -1505.12 0.37094 3.63515 -0.313228 -319.677 190.367 475.181 -0.37094
-3.43294 -1.1574 319.558 -84.6254 -1406.86 0.386038 3.42064 0.662832 -319.558 340.834 435.156 -0.386038
-3.20111 -2.1571 319.436 46.0613 -1303.93 0.399926 3.21525 1.67044 -319.436 492.225 394.113 -0.399926
-2.97675 -3.12967 319.291 174.596 -1196.43 0.412525 2.97635 2.65993 -319.291 639.41 352.189 -0.412525
-2.76594 -4.04648 319.102 295.567 -1085.21 0.423761 2.69803 3.58502 -319.102 777.27 310.179 -0.423761
-2.53971 -4.88659 318.96 406.094 -971.695 0.433563 2.43233 4.42117 -318.96 902.3 266.285 -0.433563
-2.2991 -5.61837 318.859 501.496 -858.217 0.441866 2.20295 5.1437 -318.859 1011.26 219.354 -0.441866
-2.05649 -6.2325 318.806 582.781 -743.958 0.448617 1.98114 5.75472 -318.806 1102.14 170.866 -0.448617
-1.81433 -6.68684 318.736 645.251 -627.847 0.453775 1.74615 6.2327 -318.736 1170.68 122.319 -0.453775
-1.55178 -6.954 318.652 685.428 -510.359 0.45731 1.51398 6.56233 -318.652 1214.37 74.8683 -0.45731
-1.26765 -7.0322 318.576 701.065 -392.088 0.459199 1.27859 6.71682 -318.576 1231.43 30.1236 -0.459199
-0.986087 -6.93129 318.531 691.366 -272.796 0.459428 1.01953 6.66635 -318.531 1219.85 -12.6746 -0.459428
-0.698084 -6.65514 318.537 655.782 -152.875 0.457993 0.757773 6.39989 -318.537 1179.19 -54.8158 -0.457993
-0.400027 -6.19959 318.623 594.614 -32.3293 0.4549 0.502328 5.92853 -318.623 1110.11 -97.0522 -0.4549
-0.107678 -5.57035 318.777 510.652 89.9505 0.450165 0.235279 5.28268 -318.777 1014.89 -140.192 -0.450165
0.186585 -4.77294 318.952 405.33 213.35 0.443815 -0.0260185 4.48496 -318.952 896.057 -184.989 -0.443815
0.485103 -3.82451 319.123 281.934 336.953 0.435889 -0.279258 3.56523 -319.123 756.935 -230.519 -0.435889
0.763152 -2.76237 319.331 145.658 459.67 0.426434 -0.540068 2.55118 -319.331 601.457 -276.973 -0.426434
1.03518 -1.61928 319.566 -0.219116 583.041 0.415506 -0.822065 1.45048 -319.566 432.026 -321.951 -0.415506
1.31014 -0.428208 319.809 -150.955 706.061 0.403164 -1.10708 0.294361 -319.809 252.918 -365.741 -0.403164
1.59008 0.808332 320.003 -307.377 827.946 0.389473 -1.38334 -0.909667 -320.003 66.3748 -408.93 -0.389473
1.87827 2.06421 320.271 -467.756 950.462 0.374499 -1.66263 -2.14154 -320.271 -122.841 -451.171 -0.374499
2.15888 3.29448 320.65 -625.605 1073.44 0.358317 -1.96012 -3.36151 -320.65 -309.318 -492.389 -0.358317
2.39233 4.48458 320.955 -778.86 1194.75 0.341006 -2.29662 -4.55214 -320.955 -490.619 -533.084 -0.341006
2.60475 5.59687 321.075 -922.601 1311.59 0.322654 -2.615 -5.66823 -321.075 -660.028 -574.829 -0.322654
2.84206 6.60871 321.194 -1052.71 1423.11 0.303353 -2.86293 -6.6764 -321.194 -813.783 -617.671 -0.303353
3.09466 7.50153 321.267 -1166.34 1529.6 0.283197 -3.06635 -7.54782 -321.267 -948.077 -659.611 -0.283197
3.34142 8.24573 321.337 -1261.27 1632.89 0.262286 -3.28723 -8.27471 -321.337 -1059.88 -696.735 -0.262286
3.58807 8.82919 321.46 -1337.35 1734.76 0.240722 -3.55249 -8.86423 -321.46 -1148.64 -726.25 -0.240722
3.84024 9.23671 321.592 -1392.18 1834.07 0.218606 -3.84189 -9.293 -321.592 -1211.33 -749.055 -0.218606
4.08195 9.4669 321.646 -1424.15 1928.82 0.196036 -4.1397 -9.5412 -321.646 -1246.58 -767.633 -0.196036
4.30295 9.51596 321.569 -1431.62 2015.58 0.173113 -4.40071 -9.59529 -321.569 -1253.61 -786.319 -0.173113
4.50569 9.38643 321.422 -1414.72 2092.85 0.14994 -4.59838 -9.45635 -321.422 -1232.77 -807.013 -0.14994
4.68271 9.09425 321.297 -1374.78 2161.32 0.126626 -4.75279 -9.12874 -321.297 -1185.61 -828.626 -0.126626
4.8286 8.66054 321.216 -1314.25 2221.62 0.103283 -4.89317 -8.62814 -321.216 -1114.85 -848.445 -0.103283
4.95557 8.09566 321.153 -1236.12 2274.75 0.0800214 -5.03232 -7.99223 -321.153 -1024.22 -863.959 -0.0800214
5.07573 7.41223 321.071 -1144.52 2320.45 0.0569473 -5.16317 -7.26764 -321.071 -917.963 -874.2 -0.0569473
5.19581 6.63003 320.945 -1042.05 2358.65 0.0341634 -5.28284 -6.47635 -320.945 -799.314 -878.565 -0.0341634
5.31041 5.79237 320.779 -933.096 2389.17 0.0117706 -5.39164 -5.63389 -320.779 -672.16 -877.59 -0.0117706
5.40411 4.91958 320.578 -819.856 2410.97 -0.010132 -5.48135 -4.75914 -320.578 -539.821 -873.551 0.010132
5.46879 4.02421 320.404 -703.942 2423.73 -0.0314495 -5.54398 -3.87257 -320.404 -405.325 -868.391 0.0314495
5.48617 3.1381 320.253 -589.666 2426.34 -0.0520904 -5.57781 -3.00031 -320.253 -272.505 -863.81 0.0520904
5.4404 2.28339 320.15 -479.178 2418.75 -0.0719635 -5.59118 -2.15554 -320.15 -144.173 -860.799 0.0719635
5.34598 1.47793 320.055 -375.823 2400.16 -0.0909772 -5.56156 -1.36838 -320.055 -23.7254 -859.707 0.0909772
5.21668 0.723559 319.928 -281.86 2370.54 -0.109042 -5.48126 -0.668703 -319.928 86.6449 -859.641 0.109042
5.07287 0.0266832 319.761 -196.394 2330.53 -0.126074 -5.35003 -0.0471386 -319.761 186.453 -858.423 0.126074
4.92802 -0.587375 319.608 -119.828 2282.02 -0.141996 -5.19137 0.512361 -319.608 274.799 -852.753 0.141996
4.7919 -1.09158 319.496 -54.3735 2226.54 -0.156741 -5.02716 1.0102 -319.496 350.156 -839.695 0.156741
4.67703 -1.48092 319.418 -1.27008 2164.84 -0.170247 -4.86018 1.43399 -319.418 411.314 -817.868 0.170247
4.56179 -1.76649 319.358 37.7418 2097.14 -0.182467 -4.71186 1.74735 -319.358 456.466 -787.513 0.182467
4.4199 -1.95411 319.311 61.7388 2022.39 -0.19336 -4.57918 1.92873 -319.311 484.321 -751.683 0.19336
4.25568 -2.03462 319.263 70.0988 1939.45 -0.202894 -4.41525 1.98111 -319.263 494.634 -715.223 0.202894
4.07551 -2.00245 319.231 63.8494 1847.09 -0.211047 -4.17777 1.92425 -319.231 488.372 -681.949 0.211047
3.85501 -1.86279 319.259 44.0004 1747.14 -0.217798 -3.90293 1.7686 -319.259 466.724 -652.015 0.217798
3.58986 -1.63668 319.335 11.0802 1640.06 -0.223132 -3.61196 1.50886 -319.335 431.371 -623.512 0.223132
3.31127 -1.34657 319.399 -32.4301 1527.02 -0.227042 -3.29678 1.15508 -319.399 384.4 -594.369 0.227042
3.04353 -1.00322 319.456 -82.5755 1411.28 -0.229528 -2.97409 0.746965 -319.456 328.947 -562.074 0.229528
2.78769 -0.612942 319.534 -136.253 1293.82 -0.230598 -2.65944 0.322295 -319.534 268.105 -525.266 0.230598
2.52613 -0.192714 319.67 -190.774 1175.62 -0.230271 -2.37735 -0.0990048 -319.67 204.367 -483.977 0.230271
2.25552 0.232357 319.802 -246.111 1056.47 -0.22857 -2.11994 -0.532362 -319.802 139.071 -439.547 0.22857
1.96577 0.626852 319.876 -300.268 934.589 -0.225527 -1.84323 -0.984315 -319.876 74.2792 -397.792 0.225527
1.65337 0.986075 319.917 -351.73 809.713 -0.221177 -1.52729 -1.42493 -319.917 13.3424 -361.741 0.221177
1.31852 1.30589 319.995 -395.912 682.281 -0.215549 -1.18029 -1.80065 -319.995 -40.2206 -330.656 0.215549
0.94644 1.58183 320.058 -432.238 552.408 -0.208671 -0.828635 -2.09908 -320.058 -84.6122 -303.013 0.208671
0.540218 1.78194 320.143 -459.299 420.813 -0.200571 -0.487042 -2.32685 -320.143 -117.679 -277.03 0.200571
0.145568 1.88501 320.193 -475.671 288.62 -0.191279 -0.131319 -2.48492 -320.193 -138.006 -250.809 0.191279
-0.227612 1.89298 320.197 -480.393 157.196 -0.18083 0.230631 -2.55279 -320.197 -143.943 -223.214 0.18083
-0.598102 1.8103 320.19 -472.216 27.5798 -0.169262 0.565596 -2.50647 -320.19 -133.993 -193.258 0.169262
-0.972043 1.61995 320.18 -449.755 -100.935 -0.156617 0.877705 -2.34635 -320.18 -107.203 -161.673 0.156617
-1.33832 1.30586 320.18 -413.155 -227.702 -0.142943 1.18184 -2.09011 -320.18 -63.6556 -129.635 0.142943
-1.69293 0.877418 320.141 -363.026 -352.762 -0.128294 1.48888 -1.73077 -320.141 -3.07818 -98.0687 0.128294
-2.05148 0.353163 320.05 -299.226 -477.39 -0.11273 1.80456 -1.25202 -320.05 74.0713 -68.6953 0.11273
-2.4214 -0.256024 319.958 -222.001 -602.526 -0.0963143 2.12813 -0.651929 -319.958 166.785 -41.5109 0.0963143
-2.79774 -0.945964 319.89 -132.541 -727.092 -0.07911 2.45144 0.0515209 -319.89 273.133 -15.7541 0.07911
-3.16687 -1.70566 319.83 -33.5614 -849.592 -0.061184 2.76816 0.829452 -319.83 390.23 9.88108 0.061184
-3.53276 -2.50367 319.754 71.7114 -971.352 -0.042609 3.08327 1.6631 -319.754 514.248 35.4663 0.042609
-3.88472 -3.30936 319.624 179.367 -1090.89 -0.0234657 3.38735 2.52308 -319.624 640.66 62.347 0.0234657
-4.22438 -4.10714 319.477 286.086 -1207.6 -0.00384224 3.67977 3.37072 -319.477 765.166 89.7647 0.00384224
-4.55657 -4.87705 319.358 388.553 -1322.09 0.0161687 3.96449 4.175 -319.358 883.911 117.111 -0.0161687
-4.90158 -5.60949 319.25 484.758 -1435.41 0.0364717 4.22746 4.90909 -319.25 993.788 144.552 -0.0364717
-5.2451 -6.28451 319.151 571.368 -1547.58 0.0569717 4.49095 5.54995 -319.151 1092.09 170.98 -0.0569717
-5.5813 -6.87602 319.059 646.971 -1659.55 0.0775746 4.78034 6.09903 -319.059 1176.76 194.614 -0.0775746
-5.9125 -7.36441 318.955 710.115 -1770.09 0.0981896 5.07946 6.56216 -318.955 1247.33 216.156 -0.0981896
-6.22517 -7.74738 318.87 760.264 -1878.71 0.118729 5.38248 6.93077 -318.87 1302.79 237.845 -0.118729
-6.5149 -8.02178 318.793 796.321 -1984.2 0.139107 5.67789 7.19783 -318.793 1342.82 260.704 -0.139107
-6.7899 -8.1878 318.766 818.009 -2086.27 0.159234 5.95508 7.3575 -318.766 1366.89 284.79 -0.159234
-7.0486 -8.23763 318.766 825.002 -2184.13 0.179024 6.20781 7.41086 -318.766 1374.4 310.392 -0.179024
-7.28491 -8.15715 318.76 816.709 -2277.05 0.198395 6.4404 7.36699 -318.76 1365.21 337.051 -0.198395
-7.50865 -7.94557 318.729 792.706 -2366.2 0.217273 6.66729 7.21866 -318.729 1338.64 362.519 -0.217273
-7.72972 -7.6117 318.716 752.809 -2451.71 0.235581 6.89235 6.95104 -318.716 1294.01 384.99 -0.235581
-7.95422 -7.1694 318.749 696.394 -2534.2 0.253248 7.12379 6.5457 -318.749 1231.31 403.092 -0.253248
-8.16728 -6.62044 318.824 623.927 -2613.63 0.270204 7.37835 6.00764 -318.824 1151.02 416.51 -0.270204
-8.36245 -5.96109 318.933 538.224 -2687.49 0.286392 7.62929 5.37326 -318.933 1054.92 427.41 -0.286392
-8.55339 -5.19702 319.042 440.733 -2754.67 0.301762 7.84099 4.65974 -319.042 944.776 437.75 -0.301762
-8.71813 -4.35187 319.173 332.028 -2815.15 0.316267 8.0276 3.86484 -319.173 823.016 448.64 -0.316267
-8.83908 -3.45213 319.299 214.466 -2867.28 0.329862 8.19045 2.99024 -319.299 691.241 460.689 -0.329862
-8.93442 -2.52203 319.438 91.397 -2911.07 0.342505 8.32054 2.05832 -319.438 552.656 472.624 -0.342505
-8.99669 -1.57959 319.57 -34.1919 -2946.88 0.354159 8.44038 1.1025 -319.57 411.496 482.706 -0.354159
-9.0143 -0.64753 319.678 -157.519 -2972.9 0.364792 8.55005 0.161229 -319.678 271.577 490.737 -0.364792
-9.0149 0.239823 319.788 -273.499 -2988.53 0.374378 8.61756 -0.730919 -319.788 137.493 496.739 -0.374378
-8.99121 1.06308 319.884 -381.166 -2993.09 0.382901 8.64627 -1.56849 -319.884 11.7718 500.569 -0.382901
-8.92051 1.80795 319.966 -478.361 -2986.4 0.390346 8.65992 -2.32296 -319.966 -101.728 501.915 -0.390346
-8.80328 2.46133 320.035 -562.446 -2967.5 0.396709 8.64728 -2.96673 -320.035 -199.923 501.335 -0.396709
-8.66348 2.99945 320.07 -630.394 -2935.06 0.40199 8.57026 -3.48442 -320.07 -280.344 499.472 -0.40199
-8.48866 3.41292 320.089 -681.623 -2888.51 0.406196 8.44044 -3.87214 -320.089 -341.702 495.895 -0.406196
-8.25966 3.71112 320.095 -716.176 -2827.99 0.409335 8.28657 -4.11767 -320.095 -383.557 489.379 -0.409335
-7.99836 3.89081 320.082 -733.883 -2753.87 0.411418 8.09415 -4.22416 -320.082 -406.065 479.282 -0.411418
-7.71307 3.94682 320.061 -735.504 -2667.26 0.412462 7.86102 -4.21203 -320.061 -410.612 465.829 -0.412462
-7.39905 3.90042 320.005 -723.208 -2567.53 0.412487 7.58593 -4.08932 -320.005 -399.145 449.251 -0.412487
-7.04292 3.77276 319.929 -698.957 -2454.73 0.411523 7.27942 -3.86524 -319.929 -373.97 429.976 -0.411523
-6.65138 3.57312 319.856 -665.534 -2328.9 0.409598 6.92957 -3.57214 -319.856 -338.151 408.794 -0.409598
-6.24087 3.31745 319.804 -626.455 -2191.09 0.406747 6.52383 -3.24453 -319.804 -295.266 386.193 -0.406747
-5.81033 3.02708 319.795 -585.094 -2043.59 0.403 6.07865 -2.9059 -319.795 -248.237 362.302 -0.403
-5.34646 2.72438 319.849 -542.303 -1884.44 0.398388 5.61154 -2.55584 -319.849 -199.297 334.569 -0.398388
-4.84109 2.44175 319.86 -500.925 -1715.88 0.392946 5.1364 -2.20636 -319.86 -151.847 304.424 -0.392946
-4.2936 2.18578 319.859 -462.416 -1540.72 0.386707 4.6576 -1.88156 -319.859 -108.742 274.161 -0.386707
-3.7226 1.95514 319.831 -428.233 -1356.56 0.379706 4.13091 -1.60888 -319.831 -72.1976 244.96 -0.379706
-3.1276 1.77632 319.804 -403.34 -1162.46 0.371979 3.54297 -1.41409 -319.804 -44.5869 217.824 -0.371979
-2.47535 1.6603 319.801 -386.108 -958.025 0.363564 2.92451 -1.28025 -319.801 -26.7056 192.711 -0.363564
-1.79003 1.62183 319.844 -378.696 -745.834 0.354496 2.2823 -1.21358 -319.844 -19.3424 167.853 -0.354496
-1.12245 1.6601 319.955 -381.271 -531.389 0.344808 1.62447 -1.21819 -319.955 -22.7929 140.468 -0.344808
-0.465287 1.77387 320.037 -393.143 -314.588 0.334535 0.969401 -1.29912 -320.037 -38.2817 108.9 -0.334535
0.200115 1.96317 320.073 -415.861 -95.8222 0.323721 0.334839 -1.47044 -320.073 -66.2389 73.6627 -0.323721
0.828121 2.23077 320.136 -449.12 124.555 0.31241 -0.316662 -1.72496 -320.136 -106.351 33.9547 -0.31241
1.40358 2.57162 320.244 -491.182 344.725 0.300651 -0.988775 -2.04868 -320.244 -157.679 -10.0223 -0.300651
1.98769 2.98678 320.393 -542.434 563.757 0.288487 -1.61679 -2.43954 -320.393 -219.694 -57.8371 -0.288487
2.632 3.47122 320.652 -602.933 781.982 0.275967 -2.18438 -2.89446 -320.652 -291.199 -104.879 -0.275967
3.30236 4.00793 320.858 -672.293 999.964 0.263136 -2.76782 -3.42014 -320.858 -371.129 -145.799 -0.263136
3.98101 4.58041 320.971 -749.247 1221.12 0.250037 -3.4186 -4.00811 -320.971 -457.244 -179.28 -0.250037
4.6717 5.17239 321.066 -828 1441.89 0.236703 -4.09543 -4.62534 -321.066 -548.417 -207.046 -0.236703
5.37141 5.77968 321.233 -907.998 1660.06 0.223165 -4.75744 -5.24735 -321.233 -641.165 -233.033 -0.223165
6.06189 6.38449 321.373 -985.349 1874.51 0.209448 -5.38605 -5.85013 -321.373 -733.514 -261.312 -0.209448
6.7091 6.98876 321.525 -1061.34 2084.59 0.195581 -6.00012 -6.43347 -321.525 -824.41 -293.36 -0.195581
7.28986 7.5848 321.686 -1137.77 2287.65 0.181591 -6.5921 -7.00111 -321.686 -911.505 -330.859 -0.181591
7.80793 8.1352 321.765 -1210.55 2479.1 0.167512 -7.10553 -7.54657 -321.765 -992.721 -376.596 -0.167512
8.2817 8.62819 321.769 -1277.18 2660.14 0.15338 -7.54517 -8.04999 -321.769 -1066.11 -428.549 -0.15338
8.69281 9.06667 321.788 -1336.89 2832.76 0.139237 -7.96766 -8.49274 -321.788 -1130.23 -483.32 -0.139237
9.08111 9.44701 321.89 -1390.5 2998.9 0.125123 -8.39498 -8.88008 -321.89 -1184.49 -534.181 -0.125123
9.46844 9.74686 321.926 -1434.24 3156.54 0.111076 -8.79327 -9.19342 -321.926 -1226.92 -580.79 -0.111076
9.85193 9.9611 321.904 -1466.35 3304.82 0.0971267 -9.15557 -9.41999 -321.904 -1256.74 -623.682 -0.0971267
10.2237 10.093 321.833 -1486.12 3442.31 0.0833072 -9.47995 -9.54472 -321.833 -1273.03 -662.799 -0.0833072
10.5787 10.1536 321.768 -1493.55 3569.74 0.0696491 -9.77486 -9.55688 -321.768 -1275.81 -698.396 -0.0696491
10.9034 10.1474 321.724 -1490.1 3687.71 0.0561839 -10.0512 -9.47162 -321.724 -1266.4 -731.452 -0.0561839
11.1872 10.0648 321.684 -1477.34 3794.18 0.042941 -10.2947 -9.32221 -321.684 -1246.56 -763.415 -0.042941
11.4076 9.89985 321.63 -1455.69 3888.29 0.029949 -10.5026 -9.13169 -321.63 -1218.24 -796.965 -0.029949
11.5761 9.6663 321.555 -1426.67 3968.91 0.0172371 -10.6483 -8.90819 -321.555 -1183.03 -833.093 -0.0172371
11.701 9.38421 321.442 -1391.54 4035.35 0.00483514 -10.7159 -8.64609 -321.442 -1141.69 -872.169 -0.00483514
11.7849 9.06916 321.33 -1350.69 4089.68 -0.00722782 -10.7336 -8.33952 -321.33 -1095.18 -911.96 0.00722782
11.8325 8.73519 321.237 -1305.98 4133.39 -0.0189236 -10.7272 -7.99731 -321.237 -1044.88 -949.657 0.0189236
11.857 8.39301 321.166 -1258.85 4167.88 -0.0302254 -10.7105 -7.62952 -321.166 -992.241 -982.858 0.0302254
11.8548 8.04761 321.092 -1210.93 4194.02 -0.0411089 -10.6969 -7.25564 -321.092 -939.086 -1011.08 0.0411089
11.8031 7.70463 321.006 -1163.87 4211.24 -0.0515524 -10.6894 -6.89504 -321.006 -887.267 -1036.5 0.0515524
11.7159 7.38028 320.906 -1119.29 4217.78 -0.0615363 -10.6391 -6.55461 -320.906 -838.433 -1062.28 0.0615363
11.5834 7.09429 320.807 -1078.74 4212.45 -0.0710397 -10.5305 -6.23813 -320.807 -794.327 -1090.76 0.0710397
11.3945 6.86067 320.723 -1044.01 4195.36 -0.0800387 -10.3731 -5.95795 -320.723 -756.857 -1122.32 0.0800387
11.1909 6.6827 320.669 -1017.27 4167.98 -0.088507 -10.1502 -5.74099 -320.669 -728.108 -1154.88 0.088507
10.981 6.55614 320.651 -1000.33 4133.19 -0.0964189 -9.90344 -5.61623 -320.651 -709.73 -1184.3 0.0964189
10.7409 6.47042 320.637 -992.67 4092.68 -0.103752 -9.69219 -5.58999 -320.637 -701.658 -1207.29 0.103752
10.5022 6.4333 320.614 -993.329 4047.03 -0.11049 -9.49523 -5.64071 -320.614 -702.911 -1222.98 0.11049
10.3042 6.45721 320.584 -1000.44 3995.89 -0.11662 -9.26321 -5.72792 -320.584 -711.417 -1232.4 0.11662
10.1291 6.54116 320.568 -1012.43 3939.62 -0.122138 -9.01015 -5.82883 -320.568 -725.41 -1236.47 0.122138
9.9266 6.66187 320.587 -1028.3 3878.62 -0.127038 -8.78347 -5.95316 -320.587 -743.973 -1235.97 0.127038
9.66727 6.78914 320.609 -1047.15 3812.36 -0.13132 -8.58993 -6.11639 -320.609 -765.947 -1233.56 0.13132
9.37313 6.91161 320.629 -1067.27 3739.65 -0.13498 -8.37415 -6.30636 -320.629 -789.739 -1232.74 0.13498
9.07455 7.03391 320.636 -1087.27 3659.33 -0.138018 -8.0825 -6.49506 -320.636 -813.445 -1235.61 0.138018
8.76894 7.14014 320.637 -1105.08 3573.07 -0.140431 -7.74334 -6.66767 -320.637 -834.82 -1240.22 0.140431
8.43305 7.21529 320.644 -1118.79 3483.64 -0.142214 -7.42578 -6.81277 -320.644 -852.061 -1242.9 0.142214
8.08364 7.25597 320.662 -1126.95 3392.69 -0.143369 -7.14792 -6.90938 -320.662 -863.197 -1240.4 0.143369
7.7441 7.24973 320.662 -1127.91 3300.26 -0.143902 -6.88959 -6.94777 -320.662 -866.761 -1232.31 0.143902
7.4123 7.18129 320.626 -1121.12 3205.04 -0.143825 -6.63775 -6.93369 -320.626 -861.959 -1219.46 0.143825
7.09779 7.04281 320.563 -1105.42 3106.43 -0.14315 -6.36709 -6.85651 -320.563 -847.352 -1203.44 0.14315
6.80138 6.84053 320.501 -1080.37 3004.22 -0.141893 -6.07192 -6.70271 -320.501 -822.371 -1184.74 0.141893
6.49677 6.57263 320.46 -1046.14 2899.69 -0.140069 -5.79304 -6.47298 -320.46 -786.671 -1162.61 0.140069
6.18694 6.23396 320.427 -1002.71 2793.2 -0.137691 -5.53042 -6.17229 -320.427 -740.254 -1136.97 0.137691
5.89525 5.82556 320.367 -950.285 2684.13 -0.134774 -5.25494 -5.80537 -320.367 -683.729 -1108.03 0.134774
5.62149 5.36617 320.321 -890.465 2574.01 -0.131331 -4.97677 -5.36705 -320.321 -617.398 -1075.92 0.131331
5.32749 4.8734 320.247 -824.594 2462.01 -0.127371 -4.72076 -4.86236 -320.247 -543.102 -1041.66 0.127371
5.02277 4.35152 320.158 -753.846 2347.25 -0.122906 -4.46827 -4.3078 -320.158 -462.583 -1005.68 0.122906
4.73365 3.81883 320.069 -681.258 2230.68 -0.117944 -4.18891 -3.72975 -320.069 -379.083 -969.469 0.117944
4.4591 3.2954 320.052 -611.21 2114.62 -0.112495 -3.90297 -3.16282 -320.052 -295.905 -932.651 0.112495
4.15579 2.77645 320.011 -542.625 1997.23 -0.10657 -3.64546 -2.6194 -320.011 -215.199 -894.572 0.10657
3.81802 2.28066 319.931 -478.442 1877.67 -0.100179 -3.41448 -2.12113 -319.931 -139.692 -855.427 0.100179
3.49052 1.82717 319.827 -420.487 1756 -0.093332 -3.15345 -1.6763 -319.827 -71.4093 -816.967 0.093332
3.2052 1.42964 319.762 -370.127 1633.89 -0.0860372 -2.85144 -1.28583 -319.762 -11.034 -777.909 0.0860372
2.93032 1.08985 319.757 -327.193 1510.89 -0.0783042 -2.54955 -0.951049 -319.757 40.8264 -736.479 0.0783042
2.63718 0.803284 319.784 -291.871 1389.05 -0.0701426 -2.3036 -0.684525 -319.784 83.2269 -690.924 0.0701426
2.34252 0.566552 319.774 -264.154 1268.45 -0.0615622 -2.09312 -0.490774 -319.774 116.003 -641.839 0.0615622
2.05726 0.378383 319.768 -243.532 1147.43 -0.0525751 -1.87503 -0.361909 -319.768 139.93 -592.096 0.0525751
1.79198 0.248347 319.755 -230.026 1025.33 -0.0431963 -1.62392 -0.282788 -319.755 155.815 -543.104 0.0431963
1.54096 0.181533 319.779 -222.861 902.951 -0.0334423 -1.3501 -0.237703 -319.779 164.375 -495.024 0.0334423
1.2855 0.16761 319.8 -220.962 780.753 -0.0233313 -1.07977 -0.218558 -319.8 167.123 -447.26 0.0233313
1.03045 0.194869 319.827 -223.817 659.654 -0.0128836 -0.832508 -0.231466 -319.827 164.332 -397.298 0.0128836
0.788647 0.255825 319.851 -231.085 540.019 -0.0021213 -0.602055 -0.284122 -319.851 155.632 -344.575 0.0021213
0.561009 0.350624 319.865 -243.233 421.145 0.00893213 -0.37566 -0.379699 -319.865 141.026 -290.051 -0.00893213
0.34352 0.477307 319.908 -259.683 303.394 0.0202521 -0.153046 -0.511388 -319.908 121.165 -234.69 -0.0202521
0.12564 0.63614 319.965 -280.408 187.186 0.0318126 0.0682308 -0.673843 -319.965 96.7391 -180.731 -0.0318126
-0.100143 0.821396 320.028 -304.12 71.4001 0.0435852 0.294156 -0.859044 -320.028 68.3899 -128.951 -0.0435852
-0.340034 1.0257 320.068 -329.953 -43.3414 0.0555398 0.518905 -1.06029 -320.068 37.2289 -80.0203 -0.0555398
-0.60338 1.24628 320.124 -357.788 -156.333 0.0676487 0.726918 -1.27638 -320.124 3.69883 -33.774 -0.0676487
-0.87751 1.47715 320.157 -387.189 -268.045 0.079888 0.933272 -1.50289 -320.157 -31.1753 9.92183 -0.079888
-1.14759 1.71005 320.171 -416.964 -378.304 0.0922351 1.15271 -1.7322 -320.171 -66.3532 50.9044 -0.0922351
-1.40115 1.93784 320.207 -446.06 -488.073 0.104665 1.39847 -1.95777 -320.207 -100.967 90.0308 -0.104665
-1.63221 2.15365 320.262 -473.643 -595.094 0.117152 1.64643 -2.1729 -320.262 -133.944 129.27 -0.117152
-1.86728 2.3513 320.323 -498.786 -699.44 0.129667 1.86404 -2.37002 -320.323 -164.278 169.543 -0.129667
-2.11478 2.52913 320.373 -521.676 -801.198 0.142182 2.04126 -2.54586 -320.373 -191.091 211.17 -0.142182
-2.35951 2.67956 320.392 -541.175 -901.149 0.154675 2.21371 -2.69349 -320.392 -213.476 252.062 -0.154675
-2.59604 2.79729 320.387 -556.563 -999.012 0.167126 2.40147 -2.80921 -320.387 -230.894 289.877 -0.167126
-2.82163 2.87936 320.396 -567.598 -1095.52 0.179516 2.61898 -2.89078 -320.396 -242.856 323.706 -0.179516
-3.05141 2.92548 320.42 -574.483 -1189.98 0.191825 2.83886 -2.93746 -320.42 -249.01 354.587 -0.191825
-3.31233 2.9283 320.441 -575.94 -1281.59 0.204032 3.02233 -2.94094 -320.441 -248.439 383.363 -0.204032
-3.58479 2.88738 320.44 -571.352 -1370.62 0.216109 3.19173 -2.89941 -320.44 -241.439 409.923 -0.216109
-3.82546 2.80585 320.402 -561.266 -1457.84 0.228025 3.39907 -2.81471 -320.402 -228.165 433.83 -0.228025
-4.02778 2.69039 320.351 -546.129 -1542.51 0.239751 3.63407 -2.68431 -320.351 -208.751 456.694 -0.239751
-4.21966 2.55295 320.33 -526.745 -1624.71 0.251256 3.85409 -2.50919 -320.33 -184.213 480.68 -0.251256
-4.40648 2.40017 320.327 -504.067 -1703.03 0.262513 4.02987 -2.29994 -320.327 -156.014 507.72 -0.262513
-4.59523 2.23438 320.304 -479.283 -1776.98 0.273492 4.161 -2.07372 -320.304 -125.709 536.399 -0.273492
-4.78284 2.06183 320.25 -454.797 -1847.42 0.284161 4.27868 -1.85925 -320.25 -95.8084 563.641 -0.284161
-4.95688 1.88898 320.21 -432.193 -1916.17 0.294482 4.43614 -1.67251 -320.21 -67.8808 585.518 -0.294482
-5.12803 1.72788 320.193 -412.349 -1983.7 0.304417 4.6331 -1.51704 -320.193 -43.2388 601.058 -0.304417
-5.32686 1.58889 320.181 -395.557 -2049.16 0.313928 4.81746 -1.3892 -320.181 -22.5339 612.429 -0.313928
-5.55255 1.47295 320.163 -382.105 -2111.59 0.322978 4.97365 -1.2921 -320.163 -6.04714 620.966 -0.322978
-5.76015 1.37603 320.135 -371.982 -2170.99 0.331534 5.14033 -1.2282 -320.135 6.4276 627.558 -0.331534
-5.93095 1.29519 320.118 -364.618 -2227.15 0.33956 5.32557 -1.19232 -320.118 15.466 633.478 -0.33956
-6.07541 1.23699 320.101 -359.704 -2278.61 0.347023 5.49596 -1.17148 -320.101 21.6574 640.511 -0.347023
-6.20502 1.20408 320.086 -356.691 -2324.62 0.35389 5.62986 -1.15398 -320.086 25.73 649.32 -0.35389
-6.30194 1.19596 320.072 -355.366 -2365.1 0.360126 5.75117 -1.1375 -320.072 27.8606 658.976 -0.360126
-6.34977 1.21983 320.056 -355.933 -2400.22 0.365698 5.88787 -1.1188 -320.056 27.7021 668.032 -0.365698
-6.38362 1.2763 320.038 -359.274 -2429.57 0.370576 6.00758 -1.11067 -320.038 24.2495 675.689 -0.370576
-6.44457 1.35723 320.019 -366.54 -2452.98 0.374732 6.07657 -1.13916 -320.019 16.1381 680.755 -0.374732
-6.52725 1.45844 320.008 -378.573 -2471.31 0.378142 6.12441 -1.22158 -320.008 2.36795 680.682 -0.378142
-6.61575 1.58441 320.01 -395.532 -2485.7 0.380788 6.19313 -1.35593 -320.01 -17.2552 672.951 -0.380788
-6.72872 1.7421 320.026 -416.972 -2496.56 0.382651 6.27197 -1.52822 -320.026 -42.1855 656.858 -0.382651
-6.87854 1.93253 320.047 -442.088 -2503.63 0.383719 6.33969 -1.72504 -320.047 -71.4887 633.389 -0.383719
-7.0293 2.15077 320.068 -470.053 -2506.44 0.383982 6.41511 -1.93895 -320.068 -104.252 604.481 -0.383982
-7.15586 2.38947 320.089 -500.347 -2504.16 0.383431 6.49655 -2.16842 -320.089 -139.747 573.052 -0.383431
-7.25105 2.6418 320.112 -532.33 -2495.65 0.382062 6.55945 -2.41103 -320.112 -177.316 542.418 -0.382062
-7.31583 2.90861 320.132 -565.381 -2480.08 0.37987 6.57767 -2.65622 -320.132 -216.215 515.301 -0.37987
-7.34258 3.18865 320.163 -598.719 -2457.91 0.37685 6.55998 -2.89668 -320.163 -256.02 491.982 -0.37685
-7.30569 3.48456 320.203 -633.156 -2429.79 0.373 6.54487 -3.13783 -320.203 -297.054 471.315 -0.373
-7.23886 3.79122 320.243 -669.161 -2396.2 0.368319 6.51219 -3.38989 -320.243 -339.563 451.867 -0.368319
-7.16844 4.09953 320.273 -706.456 -2357.67 0.362809 6.45187 -3.66092 -320.273 -383.681 431.885 -0.362809
-7.09079 4.41273 320.298 -744.841 -2315.11 0.356475 6.38864 -3.94606 -320.298 -429.378 409.312 -0.356475
-7.01791 4.73715 320.325 -784.291 -2269.2 0.349326 6.3257 -4.23731 -320.325 -476.446 382.697 -0.349326
-6.95006 5.07593 320.363 -824.642 -2220.18 0.341378 6.26656 -4.52837 -320.363 -524.604 351.762 -0.341378
-6.86123 5.42538 320.413 -866.069 -2167.56 0.332648 6.22443 -4.82404 -320.413 -573.833 317.794 -0.332648
-6.75991 5.771 320.491 -907.95 -2111.12 0.323158 6.1754 -5.13117 -320.491 -623.682 282.758 -0.323158
-6.65719 6.10293 320.576 -949.614 -2048.72 0.31293 6.08033 -5.45105 -320.576 -673.615 248.443 -0.31293
-6.54445 6.41963 320.63 -990.296 -1980.84 0.30199 5.9457 -5.77451 -320.63 -722.895 215.629 -0.30199
-6.40175 6.71807 320.65 -1029.03 -1907.94 0.290366 5.80221 -6.08905 -320.65 -770.297 183.272 -0.290366
-6.21463 6.98175 320.672 -1064.14 -1830.83 0.278092 5.676 -6.3877 -320.672 -814.219 150.537 -0.278092
-6.00861 7.19759 320.714 -1094.05 -1749.07 0.265204 5.53647 -6.66008 -320.714 -852.913 117.68 -0.265204
-5.81783 7.36955 320.751 -1117.58 -1662.63 0.251743 5.35113 -6.87799 -320.751 -884.179 84.4702 -0.251743
-5.63441 7.49449 320.792 -1133.73 -1571.73 0.237755 5.13485 -7.02727 -320.792 -906.565 50.1345 -0.237755
-5.4373 7.56078 320.842 -1141.41 -1477.12 0.223291 4.93218 -7.10572 -320.842 -919.232 12.1128 -0.223291
-5.20709 7.56522 320.865 -1140.47 -1379.94 0.20841 4.76635 -7.11183 -320.865 -921.652 -28.9886 -0.20841
-4.95839 7.51968 320.831 -1131.25 -1278.63 0.193178 4.5884 -7.04031 -320.831 -914.422 -69.9067 -0.193178
-4.71118 7.43834 320.797 -1115.15 -1172.37 0.177664 4.35769 -6.89608 -320.797 -898.828 -108.549 -0.177664
-4.43535 7.31863 320.794 -1094.19 -1060.71 0.161933 4.09826 -6.71016 -320.794 -876.84 -144.535 -0.161933
-4.12704 7.14901 320.811 -1070.52 -944.661 0.146049 3.82374 -6.52386 -320.811 -850.492 -178.206 -0.146049
-3.8135 6.93037 320.84 -1044.53 -826.166 0.130075 3.52619 -6.34777 -320.84 -821.009 -210.343 -0.130075
-3.50626 6.67713 320.809 -1015.63 -705.464 0.114078 3.21159 -6.16377 -320.809 -788.465 -243.166 -0.114078
-3.20633 6.41616 320.771 -984.669 -583.44 0.0981306 2.88662 -5.94923 -320.771 -752.607 -276.87 -0.0981306
-2.922 6.15878 320.774 -952.341 -460.757 0.0823093 2.56506 -5.6992 -320.774 -713.628 -313.895 -0.0823093
-2.62842 5.89474 320.76 -917.012 -338.355 0.0666908 2.27461 -5.41499 -320.76 -671.911 -353.704 -0.0666908
-2.33211 5.61664 320.711 -880.294 -215.958 0.0513508 1.99056 -5.12576 -320.711 -628.903 -394.021 -0.0513508
-2.02176 5.32868 320.673 -843.348 -91.661 0.0363641 1.69226 -4.84484 -320.673 -585.905 -432.264 -0.0363641
-1.70733 5.0539 320.643 -808.427 34.8001 0.021803 1.34942 -4.57636 -320.643 -544.481 -465.844 -0.021803
-1.38322 4.79771 320.634 -776.52 161.117 0.0077356 0.981506 -4.32759 -320.634 -505.427 -494.405 -0.0077356
-1.02988 4.55318 320.595 -746.809 286.902 -0.00577659 0.618299 -4.10401 -320.595 -469.353 -518.999 0.00577659
-0.657875 4.32246 320.536 -720.422 411.38 -0.0186757 0.264351 -3.91603 -320.536 -436.899 -540.973 0.0186757
-0.295153 4.11378 320.541 -697.696 532.788 -0.0309061 -0.0856916 -3.75549 -320.541 -407.736 -561.744 0.0309061
0.0483676 3.92742 320.581 -677.195 650.279 -0.0424142 -0.434064 -3.6071 -320.581 -381.193 -581.542 0.0424142
0.374124 3.75619 320.594 -658.904 763.594 -0.0531492 -0.769926 -3.47785 -320.594 -357.255 -601.432 0.0531492
0.691602 3.59035 320.533 -642.563 872.94 -0.063062 -1.09032 -3.37149 -320.533 -335.341 -620.708 0.063062
1.00421 3.43531 320.459 -627.476 978.109 -0.0721061 -1.39968 -3.27475 -320.459 -315.044 -638.063 0.0721061
1.30108 3.29618 320.418 -612.562 1079 -0.0802405 -1.71374 -3.1689 -320.418 -295.529 -652.715 0.0802405
1.57187 3.16438 320.422 -596.821 1175.15 -0.0874316 -2.04385 -3.05132 -320.422 -276.222 -664.059 0.0874316
1.83271 3.03221 320.423 -581.353 1264.65 -0.0936528 -2.3466 -2.93964 -320.423 -257.422 -674.024 0.0936528
2.09381 2.90049 320.401 -566.574 1346.26 -0.0988829 -2.59925 -2.83717 -320.401 -239.29 -683.131 0.0988829
2.34626 2.77515 320.356 -552.166 1420.71 -0.103104 -2.82596 -2.73652 -320.356 -221.938 -689.969 0.103104
2.59297 2.65546 320.313 -538.183 1488.69 -0.106304 -3.04224 -2.63938 -320.313 -205.451 -692.645 0.106304
2.8446 2.52884 320.276 -524.588 1550.36 -0.108476 -3.24798 -2.55672 -320.276 -189.636 -689.836 0.108476
3.08354 2.39566 320.243 -510.919 1605.78 -0.10962 -3.4632 -2.4807 -320.243 -173.906 -681.27 0.10962
3.29476 2.27266 320.217 -496.603 1653.98 -0.109746 -3.6843 -2.38592 -320.217 -157.618 -668.576 0.109746
3.48893 2.16501 320.184 -481.708 1693.29 -0.108868 -3.86843 -2.2666 -320.184 -140.619 -654.629 0.108868
3.67227 2.06384 320.151 -466.674 1722.85 -0.107006 -3.98997 -2.13767 -320.151 -123.317 -641.279 0.107006
3.82662 1.95474 320.113 -452.016 1743.08 -0.104185 -4.07261 -2.02202 -320.113 -106.393 -628.157 0.104185
3.94597 1.83608 320.075 -438.128 1754.88 -0.100437 -4.13897 -1.92684 -320.075 -90.229 -613.861 0.100437
4.02377 1.72445 320.044 -424.87 1758.92 -0.0957951 -4.20745 -1.83291 -320.044 -74.6027 -597.365 0.0957951
4.0663 1.62783 320.017 -411.971 1755.03 -0.0903025 -4.26827 -1.7289 -320.017 -59.307 -579.01 0.0903025
4.08559 1.54851 319.989 -399.705 1742.6 -0.0840062 -4.29709 -1.61671 -319.989 -44.6604 -559.914 0.0840062
4.08246 1.48818 319.96 -388.811 1721.22 -0.0769583 -4.28456 -1.506 -319.96 -31.5171 -540.846 0.0769583
4.04964 1.44202 319.932 -380.26 1690.93 -0.0692149 -4.23914 -1.41663 -319.932 -21.0235 -521.704 0.0692149
3.98398 1.40697 319.905 -374.842 1652.17 -0.0608359 -4.17087 -1.36376 -319.905 -14.0866 -501.944 0.0608359
3.88969 1.38652 319.891 -372.832 1605.26 -0.0518841 -4.08159 -1.34831 -319.891 -11.0503 -481.042 0.0518841
3.77353 1.38692 319.896 -374.017 1550.6 -0.0424248 -3.96936 -1.36105 -319.896 -11.7127 -458.716 0.0424248
3.64031 1.4099 319.906 -377.638 1488.73 -0.0325257 -3.83554 -1.39041 -319.906 -15.4472 -434.639 0.0325257
3.48871 1.45366 319.919 -383.244 1419.87 -0.0222563 -3.68161 -1.43149 -319.919 -21.7631 -409.012 0.0222563
3.31538 1.5125 319.939 -390.29 1344.26 -0.0116886 -3.50951 -1.48351 -319.939 -30.297 -382.268 0.0116886
3.0999 1.58308 319.952 -398.947 1260.93 -0.00089683 -3.32741 -1.54929 -319.952 -40.8031 -355.161 0.00089683
2.85265 1.65992 319.963 -408.521 1169.32 0.0100447 -3.11004 -1.62583 -319.963 -52.7843 -329.216 -0.0100447
2.59005 1.74388 319.994 -418.991 1070.68 0.0210636 -2.84462 -1.71242 -319.994 -66.2828 -305.177 -0.0210636
2.28925 1.83135 320.024 -429.886 965.352 0.0320901 -2.56116 -1.8025 -320.024 -80.3413 -282.382 -0.0320901
1.96542 1.91601 320.078 -440.198 854.722 0.0430568 -2.26096 -1.88799 -320.078 -93.9417 -259.889 -0.0430568
1.63414 2.00164 320.102 -450.442 738.451 0.0538978 -1.9338 -1.97279 -320.102 -107.65 -236.615 -0.0538978
1.29909 2.08722 320.118 -461.105 617.485 0.0645504 -1.58982 -2.05713 -320.118 -120.867 -211.558 -0.0645504
0.951873 2.16684 320.144 -471.175 491.865 0.0749552 -1.23789 -2.1361 -320.144 -133.085 -184.692 -0.0749552
0.595272 2.2388 320.186 -480.22 362.006 0.085057 -0.87651 -2.20837 -320.186 -144.31 -156.251 -0.085057
0.239675 2.30136 320.21 -488.229 228.564 0.0948062 -0.488038 -2.27263 -320.21 -154.125 -127.904 -0.0948062
-0.134334 2.35344 320.246 -495.283 92.56 0.104159 -0.0973181 -2.32767 -320.246 -162.125 -99.907 -0.104159
-0.532775 2.39166 320.265 -500.533 -46.1713 0.11308 0.30115 -2.36857 -320.265 -167.994 -73.7091 -0.11308
-0.932467 2.41649 320.311 -503.787 -186.669 0.121539 0.72348 -2.39458 -320.311 -171.885 -49.2761 -0.121539
-1.33793 2.42575 320.312 -504.922 -327.475 0.129515 1.15039 -2.40358 -320.312 -173.32 -25.9891 -0.129515
-1.75616 2.42234 320.306 -504.733 -467.939 0.136995 1.5686 -2.3994 -320.306 -172.441 -3.61131 -0.136995
-2.18122 2.40396 320.3 -502.402 -607.885 0.143967 1.98394 -2.37723 -320.3 -169.074 17.6975 -0.143967
-2.60623 2.37517 320.327 -497.561 -747.139 0.150425 2.40611 -2.32978 -320.327 -163.201 37.3715 -0.150425
-3.0277 2.33609 320.356 -491.803 -885.554 0.156367 2.83908 -2.27237 -320.356 -155.401 55.1995 -0.156367
-3.41921 2.27554 320.371 -485.01 -1021.32 0.161802 3.2847 -2.21589 -320.371 -145.747 72.8288 -0.161802
-3.76053 2.1949 320.358 -476.641 -1150.43 0.166742 3.71898 -2.1566 -320.358 -134.454 92.4497 -0.166742
-4.08988 2.10561 320.334 -467.589 -1271.31 0.171207 4.07948 -2.09033 -320.334 -121.645 115.925 -0.171207
-4.41216 2.00125 320.306 -457.271 -1384.32 0.175214 4.37885 -2.01639 -320.306 -106.905 141.122 -0.175214
-4.69855 1.86834 320.268 -444.621 -1490.16 0.178784 4.67148 -1.93414 -320.268 -89.3197 165.173 -0.178784
-4.97656 1.71476 320.247 -428.973 -1589.32 0.181933 4.96175 -1.82795 -320.247 -68.4615 184.096 -0.181933
-5.30397 1.54335 320.245 -409.533 -1683.89 0.184683 5.21734 -1.68478 -320.245 -43.6928 196.387 -0.184683
-5.64137 1.35033 320.235 -386.204 -1773.8 0.187059 5.48039 -1.50777 -320.235 -15.0237 201.6 -0.187059
-5.94482 1.13762 320.182 -359.755 -1857.64 0.189092 5.77166 -1.30469 -320.182 16.9586 201.59 -0.189092
-6.18826 0.907775 320.102 -330.799 -1932.68 0.190817 6.06667 -1.08056 -320.102 51.7977 200.711 -0.190817
-6.37958 0.661618 320.01 -300.267 -1996.34 0.192272 6.30162 -0.848082 -320.01 88.5273 204.25 -0.192272
-6.546 0.389594 319.925 -268.501 -2046.89 0.193494 6.41725 -0.623321 -319.925 126.573 214.98 -0.193494
-6.66952 0.101278 319.869 -235.237 -2085.67 0.194519 6.4584 -0.395934 -319.869 165.778 230.453 -0.194519
-6.72807 -0.185614 319.83 -201.075 -2114.81 0.195379 6.49829 -0.153665 -319.83 205.977 245.63 -0.195379
-6.74461 -0.457874 319.796 -166.058 -2135.65 0.196106 6.54929 0.115007 -319.796 246.974 256.887 -0.196106
-6.75558 -0.710957 319.733 -130.988 -2148.55 0.196733 6.58543 0.400184 -319.733 287.542 263.111 -0.196733
-6.76977 -0.946923 319.638 -97.9271 -2153.2 0.197296 6.59168 0.67107 -319.638 325.707 264.869 -0.197296
-6.77041 -1.16421 319.54 -68.3408 -2149.27 0.19783 6.57359 0.906581 -319.54 359.749 263.404 -0.19783
-6.73813 -1.34769 319.468 -43.5958 -2136.32 0.198371 6.53543 1.10102 -319.468 388.11 260.406 -0.198371
-6.66403 -1.48882 319.426 -24.7745 -2113.73 0.19895 6.46807 1.24674 -319.426 409.599 257.776 -0.19895
-6.54808 -1.5735 319.4 -12.6552 -2081.01 0.199597 6.35863 1.34623 -319.4 423.359 256.839 -0.199597
-6.39397 -1.58344 319.378 -8.24596 -2038.34 0.200331 6.20433 1.40347 -319.378 428.39 257.651 -0.200331
-6.20803 -1.51462 319.361 -12.8696 -1986.67 0.201167 6.01533 1.40402 -319.361 423.421 258.838 -0.201167
-5.98937 -1.36887 319.351 -27.4741 -1927.19 0.202113 5.81238 1.32907 -319.351 407.012 258.799 -0.202113
-5.73176 -1.1506 319.353 -52.8299 -1860.51 0.203175 5.61256 1.16156 -319.353 378.157 256.63 -0.203175
-5.45868 -0.86277 319.379 -89.4119 -1786.16 0.204354 5.38523 0.892968 -319.379 336.549 252.858 -0.204354
-5.18418 -0.513155 319.451 -135.014 -1705.22 0.20565 5.12284 0.538796 -319.451 283.251 247.638 -0.20565
-4.88357 -0.0985269 319.553 -189.228 -1618.13 0.207058 4.85418 0.113429 -319.553 219.424 240.855 -0.207058
-4.56515 0.367955 319.662 -248.939 -1525.36 0.20857 4.57379 -0.357094 -319.662 147.46 232.577 -0.20857
-4.23948 0.877434 319.754 -313.062 -1426.92 0.210176 4.27317 -0.862434 -319.754 68.9726 222.501 -0.210176
-3.87978 1.41073 319.836 -380.481 -1322.2 0.211861 3.97451 -1.39727 -319.836 -13.7109 210.693 -0.211861
-3.48199 1.93884 319.906 -449.3 -1210.91 0.213603 3.67094 -1.95879 -319.906 -98.0163 198.369 -0.213603
-3.08703 2.44119 319.997 -517.069 -1093.01 0.215378 3.32097 -2.5304 -319.997 -181.167 185.585 -0.215378
-2.70604 2.90592 320.145 -580.657 -968.757 0.217157 2.91832 -3.07369 -320.145 -259.234 171.91 -0.217157
-2.32515 3.32117 320.266 -637.06 -839.745 0.218908 2.5083 -3.55502 -320.266 -328.827 154.518 -0.218908
-1.94593 3.66924 320.365 -683.811 -709.634 0.220601 2.13208 -3.95051 -320.365 -386.567 131.065 -0.220601
-1.57666 3.92912 320.435 -718.912 -579.115 0.222204 1.78516 -4.2511 -320.435 -430.228 101.712 -0.222204
-1.20248 4.08951 320.461 -740.989 -446.989 0.22369 1.44967 -4.44634 -320.461 -458.127 69.8504 -0.22369
-0.800619 4.15117 320.474 -749.733 -310.716 0.225031 1.10744 -4.5283 -320.474 -469.566 38.6889 -0.225031
-0.379145 4.11267 320.48 -744.912 -171.352 0.2262 0.740231 -4.4946 -320.48 -464.239 10.7093 -0.2262
0.0622661 3.96527 320.468 -726.299 -28.0129 0.227168 0.342904 -4.35461 -320.468 -442.463 -14.2032 -0.227168
0.504883 3.70491 320.475 -694.735 118.574 0.227903 -0.0877788 -4.12485 -320.475 -405.15 -37.5009 -0.227903
0.930752 3.33957 320.461 -651.642 266.108 0.228375 -0.529046 -3.81197 -320.461 -352.932 -62.6034 -0.228375
1.33695 2.88929 320.421 -596.996 412.581 0.228557 -0.945712 -3.40135 -320.421 -286.594 -92.857 -0.228557
1.71642 2.38727 320.37 -531.799 556.011 0.228423 -1.31774 -2.87892 -320.37 -207.824 -130.088 -0.228423
2.06943 1.843 320.327 -458.587 696.349 0.227951 -1.65876 -2.27115 -320.327 -119.137 -172.302 -0.227951
2.40344 1.25672 320.231 -380.593 834.499 0.22712 -1.98971 -1.62937 -320.231 -24.5528 -216.41 -0.22712
2.73798 0.628938 320.158 -298.739 972.438 0.22591 -2.32891 -0.983684 -320.158 72.5509 -259.08 -0.22591
3.08423 -0.00623676 320.07 -217.985 1110.73 0.224303 -2.67922 -0.360958 -320.07 168.567 -298.909 -0.224303
3.44699 -0.621155 319.98 -139.836 1249.14 0.222283 -3.04039 0.235126 -319.98 260.597 -335.018 -0.222283
3.83826 -1.20315 319.966 -64.2154 1387.35 0.219833 -3.40335 0.809438 -319.966 347.466 -366.688 -0.219833
4.24807 -1.73234 319.951 6.53881 1523.64 0.216936 -3.75295 1.3441 -319.951 426.208 -395.722 -0.216936
4.64233 -2.19575 319.857 69.455 1657.83 0.213578 -4.11175 1.81767 -319.857 494.96 -423.568 -0.213578
5.01244 -2.58006 319.691 121.62 1787.94 0.209748 -4.46058 2.20823 -319.691 551.679 -452.138 -0.209748
5.37446 -2.8759 319.614 161.199 1913.52 0.205437 -4.78104 2.50554 -319.614 595.451 -481.32 -0.205437
5.72627 -3.07099 319.6 188.041 2035.18 0.200643 -5.0726 2.71274 -319.6 625.141 -512.079 -0.200643
6.07468 -3.15598 319.609 201.685 2152.14 0.195367 -5.33054 2.82996 -319.609 639.911 -543.37 -0.195367
6.41263 -3.13622 319.64 202.256 2265.96 0.189616 -5.59212 2.84827 -319.64 639.137 -572.485 -0.189616
6.73054 -3.00581 319.648 188.167 2376.17 0.1834 -5.86985 2.75475 -319.648 621.757 -598.551 -0.1834
7.04135 -2.76334 319.639 159.05 2483.08 0.176732 -6.14777 2.54896 -319.639 587.882 -622.3 -0.176732
7.35279 -2.41713 319.658 115.595 2587.1 0.169625 -6.41183 2.23058 -319.658 537.946 -645.04 -0.169625
7.65927 -1.97589 319.716 58.6372 2687.36 0.162093 -6.66006 1.80124 -319.716 472.566 -666.96 -0.162093
7.93816 -1.4468 319.818 -10.8596 2784.22 0.154149 -6.91534 1.27298 -319.818 393.482 -688.369 -0.154149
8.20244 -0.830061 319.944 -91.9062 2877.29 0.14581 -7.15746 0.666303 -319.944 302.612 -709.913 -0.14581
8.47943 -0.146946 320.056 -181.245 2966.07 0.137094 -7.35173 0.00366682 -320.056 202.843 -732.119 -0.137094
8.75596 0.57996 320.21 -276.487 3052.43 0.128026 -7.5374 -0.704614 -320.21 96.4109 -753.191 -0.128026
8.99307 1.31688 320.345 -372.998 3135.83 0.118635 -7.75802 -1.43593 -320.345 -13.4007 -771.942 -0.118635
9.20004 2.04939 320.45 -469.882 3216 0.108959 -8.0004 -2.18321 -320.45 -124.463 -788.667 -0.108959
9.39539 2.77787 320.544 -566.386 3291.17 0.0990313 -8.21595 -2.91981 -320.544 -233.837 -805.804 -0.0990313
9.57954 3.48342 320.642 -658.106 3360.56 0.0888869 -8.38601 -3.60706 -320.642 -337.838 -825.154 -0.0888869
9.73667 4.15139 320.736 -744.325 3423.54 0.0785617 -8.52231 -4.24339 -320.736 -434.905 -846.642 -0.0785617
9.86165 4.75312 320.8 -822.745 3480.3 0.0680952 -8.64308 -4.82569 -320.8 -522.87 -868.637 -0.0680952
9.96413 5.26603 320.852 -891.597 3531.8 0.057531 -8.76064 -5.35214 -320.852 -600.072 -889.001 -0.057531
10.04 5.68658 320.895 -949.272 3578.33 0.0469161 -8.88617 -5.80165 -320.895 -664.66 -907.042 -0.0469161
10.0971 6.01196 320.918 -994.111 3618.95 0.0362988 -9.00521 -6.15001 -320.918 -714.498 -922.732 -0.0362988
10.1405 6.23973 320.922 -1024.68 3652.82 0.0257267 -9.10135 -6.37791 -320.922 -747.961 -936.866 -0.0257267
10.1637 6.3657 320.895 -1040.12 3678.72 0.0152458 -9.16415 -6.48143 -320.895 -764.767 -950.568 -0.0152458
10.1531 6.37515 320.838 -1040.63 3696.03 0.0048999 -9.20288 -6.47745 -320.838 -765.024 -963.835 -0.0048999
10.0946 6.26848 320.761 -1026.61 3704.38 -0.00526878 -9.23059 -6.37193 -320.761 -749.228 -976.451 0.00526878
10.0152 6.05888 320.678 -998.923 3703.43 -0.0152188 -9.2197 -6.16385 -320.678 -718.221 -988.161 0.0152188
9.93461 5.74702 320.596 -958.255 3693.08 -0.0249089 -9.1572 -5.8631 -320.596 -672.801 -997.936 0.0249089
9.81146 5.33822 320.511 -905.977 3673.97 -0.0342983 -9.1017 -5.48123 -320.511 -613.971 -1003.98 0.0342983
9.65274 4.84722 320.401 -842.928 3645.65 -0.0433482 -9.04378 -5.01864 -320.401 -543.017 -1006.18 0.0433482
9.49993 4.29042 320.266 -770.346 3607.57 -0.0520224 -8.93319 -4.47695 -320.266 -461.234 -1005.24 0.0520224
9.32707 3.68213 320.121 -690.076 3559.28 -0.0602867 -8.78915 -3.86954 -320.121 -370.67 -1001.64 0.0602867
9.10195 3.03223 320.004 -603.966 3501.46 -0.0681077 -8.64838 -3.21432 -320.004 -273.378 -995.44 0.0681077
8.82203 2.36194 319.912 -514.654 3433.13 -0.0754522 -8.49251 -2.52968 -319.912 -172.291 -988.59 0.0754522
8.5061 1.70199 319.817 -423.973 3352.91 -0.0822875 -8.28071 -1.81915 -319.817 -70.3893 -982.804 0.0822875
8.17931 1.07989 319.684 -336.734 3260.8 -0.0885803 -7.99324 -1.11902 -319.684 28.1766 -977.325 0.0885803
7.81986 0.496724 319.513 -255.321 3157.21 -0.0942956 -7.66758 -0.468067 -319.513 120.185 -970.365 0.0942956
7.41395 -0.0377741 319.36 -181.555 3043.89 -0.099398 -7.34487 0.106853 -319.36 202.314 -959.84 0.099398
7.00157 -0.500475 319.263 -119.987 2921.89 -0.103854 -7.00397 0.570312 -319.263 270.891 -944.135 0.103854
6.60845 -0.880558 319.257 -71.662 2792.53 -0.107636 -6.62927 0.920485 -319.257 325.182 -923.155 0.107636
6.1987 -1.15485 319.225 -37.9503 2655.01 -0.110719 -6.24734 1.16359 -319.225 364.176 -897.414 0.110719
5.76481 -1.3134 319.175 -18.7349 2509.81 -0.113082 -5.86557 1.31053 -319.175 387.889 -867.391 0.113082
5.29725 -1.36771 319.136 -11.8727 2355.92 -0.114707 -5.46637 1.37231 -319.136 397.341 -835.901 0.114707
4.80779 -1.32074 319.183 -18.156 2192.93 -0.115573 -5.01529 1.33845 -319.183 392.265 -805.71 0.115573
4.30608 -1.17811 319.235 -37.3774 2019.94 -0.115664 -4.50268 1.2026 -319.235 372.354 -775.918 0.115664
3.79087 -0.948021 319.255 -68.4242 1839.22 -0.114963 -3.96395 0.970341 -319.255 338.43 -743.985 0.114963
3.26873 -0.634799 319.343 -110.918 1654.84 -0.11346 -3.44225 0.650447 -319.343 291.957 -707.01 0.11346
2.74977 -0.257615 319.485 -162.203 1467.14 -0.111147 -2.94083 0.259799 -319.485 235.341 -663.449 0.111147
2.24407 0.162386 319.641 -219.988 1277.69 -0.108029 -2.44411 -0.198318 -319.641 169.728 -615.625 0.108029
1.7446 0.600036 319.842 -280.657 1085.84 -0.104116 -1.93682 -0.702077 -319.842 98.1006 -566.044 0.104116
1.23676 1.06132 319.972 -343.896 890.976 -0.0994241 -1.41865 -1.22796 -319.972 22.6153 -516.157 0.0994241
0.709388 1.52651 320.082 -405.119 694.775 -0.0939717 -0.890036 -1.72764 -320.082 -51.7559 -469.159 0.0939717
0.163507 1.97272 320.182 -462.815 495.912 -0.0877741 -0.348867 -2.19218 -320.182 -122.049 -423.869 0.0877741
-0.399052 2.36995 320.315 -516.13 293.714 -0.0808473 0.210898 -2.63457 -320.315 -186.726 -380.201 0.0808473
-0.96154 2.70132 320.393 -562.809 90.7392 -0.073209 0.774639 -3.03524 -320.393 -242.922 -336.303 0.073209
-1.51537 2.97052 320.465 -600.471 -111.124 -0.0648772 1.33066 -3.35334 -320.465 -287.794 -291.214 0.0648772
-2.05094 3.1759 320.563 -626.654 -309.469 -0.0558719 1.868 -3.55938 -320.563 -319.427 -244.446 0.0558719
-2.54649 3.2921 320.61 -640.888 -503.528 -0.0462175 2.38743 -3.6673 -320.61 -336.69 -193.818 0.0462175
-3.00249 3.28963 320.61 -643.147 -691.877 -0.0359434 2.87719 -3.70354 -320.61 -339.176 -139.163 0.0359434
-3.45546 3.16057 320.622 -632.455 -876.938 -0.0250813 3.32979 -3.66121 -320.622 -325.782 -82.1327 0.0250813
-3.90715 2.92178 320.645 -608.046 -1059.14 -0.0136649 3.76846 -3.50616 -320.645 -294.845 -25.8051 0.0136649
-4.36603 2.58637 320.641 -569.778 -1236.09 -0.00172904 4.1928 -3.22055 -320.641 -245.841 26.3096 0.00172904
-4.82013 2.13706 320.59 -516.228 -1407.36 0.0106921 4.62113 -2.80835 -320.59 -178.324 72.8692 -0.0106921
-5.259 1.56759 320.469 -447.859 -1572.78 0.023563 5.06315 -2.28743 -320.469 -93.4616 113.831 -0.023563
-5.69045 0.883416 320.381 -364.444 -1733.23 0.0368458 5.50637 -1.65498 -320.381 8.14714 150.73 -0.0368458
-6.09841 0.0931664 320.298 -266.996 -1887.24 0.0505037 5.91558 -0.920975 -320.298 124.899 189.302 -0.0505037
-6.46018 -0.809158 320.197 -155.239 -2031.35 0.0644998 6.27129 -0.0946589 -320.197 256.061 232.011 -0.0644998
-6.75188 -1.80085 320.081 -30.8823 -2163.5 0.0787914 6.58362 0.823525 -320.081 400.087 278.734 -0.0787914
-6.97271 -2.8465 319.915 103.533 -2283.89 0.0933242 6.86425 1.82841 -319.915 553.819 328.149 -0.0933242
-7.16045 -3.9179 319.683 243.862 -2392.81 0.108035 7.09051 2.89654 -319.683 714.144 378.417 -0.108035
-7.33058 -4.99144 319.465 385.799 -2491.95 0.122858 7.28067 3.98631 -319.465 876.203 426.489 -0.122858
-7.46926 -6.0602 319.249 527.229 -2580.3 0.137729 7.46053 5.06964 -319.249 1037.19 469.691 -0.137729
-7.58324 -7.09411 319.04 664.317 -2658.46 0.152587 7.63681 6.10601 -319.04 1191.02 506.728 -0.152587
-7.65997 -8.06338 318.82 792.732 -2725.84 0.16737 7.80733 7.06824 -318.82 1334.03 539.078 -0.16737
-7.69193 -8.94206 318.623 909.795 -2780.63 0.182013 7.94991 7.94074 -318.623 1463.04 569.103 -0.182013
-7.66997 -9.68413 318.43 1009.87 -2819.78 0.196454 8.03121 8.69798 -318.43 1573.66 599.728 -0.196454
-7.60829 -10.2678 318.219 1091.12 -2842.45 0.210629 8.03051 9.33697 -318.219 1664.22 631.031 -0.210629
-7.49116 -10.6781 318.009 1150.79 -2848.84 0.224474 7.97778 9.82658 -318.009 1731.01 661.204 -0.224474
-7.27829 -10.9155 317.834 1186.05 -2839.31 0.237923 7.93141 10.1252 -317.834 1771.06 688.08 -0.237923
-7.01828 -10.9789 317.716 1195.38 -2813.28 0.250915 7.8439 10.21 -317.716 1782.56 710.924 -0.250915
-6.78773 -10.8526 317.649 1177.98 -2770.4 0.263391 7.64321 10.0856 -317.649 1764.73 728.734 -0.263391
-6.58287 -10.5314 317.629 1134.68 -2712.44 0.275297 7.37232 9.76875 -317.629 1718.37 737.795 -0.275297
-6.36464 -10.014 317.649 1066.75 -2642.07 0.286584 7.11834 9.27892 -317.649 1644.76 734.015 -0.286584
-6.12053 -9.30163 317.712 975.22 -2560.29 0.297208 6.90239 8.6311 -317.712 1545.15 717.185 -0.297208
-5.8656 -8.4209 317.828 863.017 -2466.99 0.307131 6.68663 7.83494 -317.828 1421.72 690.388 -0.307131
-5.59768 -7.38992 317.992 731.192 -2360.5 0.316323 6.42588 6.88248 -317.992 1274.82 658.61 -0.316323
-5.28333 -6.23307 318.165 581.614 -2238.53 0.324759 6.10143 5.7864 -318.165 1107.81 626.873 -0.324759
-4.88147 -4.96876 318.364 417.383 -2100.41 0.332415 5.73039 4.56652 -318.364 922.959 597.883 -0.332415
-4.39422 -3.61874 318.58 242.56 -1946.27 0.339268 5.30202 3.26056 -318.58 724.558 572.971 -0.339268
-3.87098 -2.20051 318.88 61.4992 -1778.04 0.345294 4.80004 1.90512 -318.88 515.853 549.417 -0.345294
-3.34714 -0.75945 319.266 -121.058 -1599.09 0.350469 4.25683 0.534257 -319.266 303.265 521.073 -0.350469
-2.828 0.658413 319.699 -298.746 -1414.37 0.354772 3.71974 -0.832057 -319.699 89.7011 485.488 -0.354772
-2.31537 2.04411 319.982 -472.058 -1223.76 0.35819 3.20507 -2.18568 -319.982 -121.939 440.008 -0.35819
-1.82669 3.37 320.151 -639.239 -1025.55 0.360718 2.68691 -3.49991 -320.151 -325.767 384.097 -0.360718
-1.35258 4.61147 320.382 -796.135 -819.742 0.362356 2.16154 -4.73752 -320.382 -517.253 319.593 -0.362356
-0.859736 5.73807 320.603 -937.109 -609.175 0.363101 1.65067 -5.85282 -320.603 -691.332 250.959 -0.363101
-0.319245 6.74173 320.877 -1064.05 -391.564 0.362955 1.12718 -6.84918 -320.877 -845.453 183.774 -0.362955
0.259486 7.59991 321.158 -1172.53 -167.947 0.361926 0.563471 -7.68845 -321.158 -975.511 121.63 -0.361926
0.875894 8.30959 321.341 -1260.65 63.5134 0.360021 -0.0575984 -8.35289 -321.341 -1080.49 65.0108 -0.360021
1.52244 8.85937 321.475 -1329.09 303.017 0.357246 -0.716326 -8.8528 -321.475 -1159.56 9.88838 -0.357246
2.15698 9.22681 321.543 -1375.16 542.852 0.353603 -1.35529 -9.18671 -321.543 -1212.05 -50.0124 -0.353603
2.77866 9.42206 321.522 -1399.3 781.65 0.349103 -1.97296 -9.35451 -321.522 -1238.92 -113.66 -0.349103
3.37582 9.45291 321.581 -1401.95 1018.35 0.343772 -2.57657 -9.35076 -321.581 -1240.07 -180.619 -0.343772
3.93458 9.33731 321.719 -1385.21 1255 0.337642 -3.18661 -9.1863 -321.719 -1217.46 -252.021 -0.337642
4.46763 9.09238 321.787 -1351.31 1489.87 0.330745 -3.78414 -8.88565 -321.787 -1174.68 -327.01 -0.330745
4.98912 8.73104 321.727 -1303.76 1720.73 0.323111 -4.36158 -8.47322 -321.727 -1113.48 -402.448 -0.323111
5.54894 8.25034 321.723 -1240.95 1954.22 0.314777 -4.94809 -7.96673 -321.723 -1037.55 -473.875 -0.314777
6.14414 7.66965 321.777 -1166.07 2188.34 0.305779 -5.54588 -7.37764 -321.777 -948.04 -539.406 -0.305779
6.70249 7.02368 321.67 -1082.55 2416.03 0.296138 -6.15176 -6.72238 -321.67 -848.694 -602.565 -0.296138
7.21013 6.33446 321.549 -994.197 2637.2 0.285868 -6.76085 -6.02496 -321.549 -742.181 -665.912 -0.285868
7.7098 5.60176 321.419 -901.468 2849.56 0.274995 -7.32415 -5.30533 -321.419 -630.813 -728.03 -0.274995
8.21731 4.84829 321.277 -806.672 3054.12 0.263561 -7.835 -4.57985 -321.277 -517.773 -788.662 -0.263561
8.68989 4.10741 321.161 -712.215 3250.68 0.25161 -8.34618 -3.85307 -321.161 -405.982 -846.188 -0.25161
9.10238 3.40576 321.017 -621.91 3435.66 0.239183 -8.85645 -3.14784 -321.017 -298.58 -900.765 -0.239183
9.51474 2.74512 320.953 -534.483 3611.72 0.226311 -9.33281 -2.46603 -320.953 -197.357 -951.248 -0.226311
9.92914 2.14611 320.926 -454.014 3776.99 0.213021 -9.75288 -1.84702 -320.926 -106.665 -998.62 -0.213021
10.2897 1.61479 320.781 -384.129 3927.21 0.199337 -10.1368 -1.32573 -320.781 -28.6335 -1043.65 -0.199337
10.5975 1.16551 320.562 -326.164 4061.41 0.185289 -10.4846 -0.912225 -320.562 34.6416 -1085.2 -0.185289
10.8678 0.825586 320.37 -282.078 4180.05 0.170908 -10.7866 -0.598523 -320.37 82.4054 -1122.98 -0.170908
11.0885 0.613344 320.232 -252.959 4282.56 0.156226 -11.054 -0.378954 -320.232 113.965 -1156.5 -0.156226
11.2723 0.520731 320.15 -239.271 4368.06 0.141275 -11.272 -0.269698 -320.15 128.643 -1185.22 -0.141275
11.4266 0.538647 320.08 -241.572 4434.87 0.126087 -11.4219 -0.287171 -320.08 125.97 -1209.01 -0.126087
11.543 0.661604 320.002 -259.576 4483.51 0.110701 -11.5227 -0.433465 -320.002 106.136 -1226.94 -0.110701
11.6086 0.882283 319.917 -292.155 4514.01 0.0951563 -11.5894 -0.700206 -319.917 70.2206 -1238.73 -0.0951563
11.6084 1.19367 319.854 -337.631 4525.89 0.0794973 -11.6263 -1.06851 -319.854 20.1826 -1245.4 -0.0794973
11.5347 1.58984 319.818 -394.031 4518.16 0.0637689 -11.62 -1.51222 -319.818 -41.4377 -1248.93 -0.0637689
11.3949 2.05804 319.801 -458.223 4489.38 0.0480197 -11.537 -2.00066 -319.801 -111.676 -1251.54 -0.0480197
11.2003 2.57332 319.809 -527.909 4439.13 0.0323029 -11.3599 -2.52478 -319.809 -188.05 -1253.67 -0.0323029
10.9606 3.12077 319.819 -601.375 4368.3 0.0166758 -11.0977 -3.07186 -319.819 -268.39 -1253.58 -0.0166758
10.6518 3.69128 319.828 -677.64 4278.38 0.00119752 -10.8021 -3.63164 -319.828 -350.955 -1248.89 -0.00119752
10.2926 4.2569 319.84 -753.215 4171.36 -0.0140722 -10.4825 -4.18797 -319.84 -433.04 -1237.6 0.0140722
9.92885 4.7875 319.945 -823.213 4051.8 -0.0290734 -10.1356 -4.71492 -319.945 -511.654 -1218.31 0.0290734
9.54587 5.27595 320.038 -888.166 3917.03 -0.0437465 -9.7419 -5.21854 -320.038 -586.115 -1193.18 0.0437465
9.11665 5.71294 320.059 -946.763 3764.78 -0.0580326 -9.29921 -5.68261 -320.059 -654.142 -1164.01 0.0580326
8.65072 6.08458 320.045 -995.897 3597.49 -0.0718728 -8.8084 -6.07572 -320.045 -712.481 -1131.77 0.0718728
8.17062 6.3811 320.104 -1034.48 3419.26 -0.0852067 -8.27687 -6.38989 -320.104 -759.717 -1096.36 0.0852067
7.64567 6.57438 320.154 -1060.24 3229.5 -0.0979755 -7.72145 -6.62145 -320.154 -793.665 -1059.13 0.0979755
7.06102 6.65271 320.164 -1071.11 3027.4 -0.110122 -7.14728 -6.75182 -320.164 -812.131 -1020.63 0.110122
6.4454 6.62893 320.187 -1066.86 2815.31 -0.121595 -6.55308 -6.75699 -320.187 -813.771 -979.355 0.121595
5.80899 6.49588 320.164 -1046.85 2594.29 -0.132342 -5.91733 -6.63041 -320.164 -797.301 -937.939 0.132342
5.16299 6.25484 320.167 -1012.78 2363.76 -0.142316 -5.22421 -6.38495 -320.167 -763.011 -896.46 0.142316
4.51447 5.91415 320.216 -965.756 2127.55 -0.151465 -4.5075 -6.02672 -320.216 -711.823 -852.99 0.151465
3.85736 5.49634 320.287 -909.459 1889.75 -0.159736 -3.82773 -5.5739 -320.287 -645.773 -803.983 0.159736
3.20078 4.99998 320.291 -842.684 1651.29 -0.167079 -3.19205 -5.02986 -320.291 -566.345 -748.07 0.167079
2.55849 4.42171 320.293 -765.417 1412.42 -0.173458 -2.57116 -4.41269 -320.293 -475.621 -687.678 0.173458
1.92344 3.78166 320.297 -681.303 1172.37 -0.17884 -1.93343 -3.75735 -320.297 -377.7 -627.472 0.17884
1.27464 3.09799 320.231 -592.093 929.459 -0.183196 -1.26533 -3.07636 -320.231 -275.143 -570.601 0.183196
0.6207 2.41154 320.197 -502.221 686.505 -0.186492 -0.569935 -2.3849 -320.197 -171.383 -518.246 0.186492
-0.0277504 1.73595 320.262 -414.656 444.673 -0.188688 0.131503 -1.69293 -320.262 -66.7694 -467.086 0.188688
-0.684058 1.07458 320.257 -329.387 203.85 -0.189745 0.800738 -1.02422 -320.257 34.871 -413.505 0.189745
-1.34697 0.449936 320.128 -249.41 -32.4826 -0.189634 1.40837 -0.393726 -320.128 131.275 -356.676 0.189634
-1.99746 -0.114604 319.989 -175.789 -263.312 -0.188331 1.98406 0.194715 -319.989 219.679 -299.1 0.188331
-2.60707 -0.599311 319.914 -110.921 -488.75 -0.185822 2.56646 0.728664 -319.914 297.959 -242.097 0.185822
-3.2286 -1.00368 319.902 -55.26 -712.197 -0.182105 3.13774 1.19112 -319.902 364.109 -187.176 0.182105
-3.84794 -1.31207 319.923 -12.8854 -929.969 -0.177189 3.66836 1.54181 -319.923 414.35 -131.889 0.177189
-4.43295 -1.50995 319.973 13.2088 -1144.57 -0.171085 4.21626 1.76722 -319.973 447.739 -77.3585 0.171085
-4.96291 -1.59382 319.945 23.0639 -1352.16 -0.163804 4.77044 1.85938 -319.945 462.62 -22.9588 0.163804
-5.45659 -1.56532 319.895 17.2407 -1551.05 -0.155355 5.28913 1.81665 -319.895 458.433 32.8586 0.155355
-5.92248 -1.43725 319.918 -0.573757 -1741.04 -0.145751 5.74175 1.6642 -319.918 436.824 92.9788 0.145751
-6.38607 -1.20849 320.039 -31.6357 -1923.94 -0.135015 6.1354 1.40293 -320.039 399.019 154.654 0.135015
-6.84759 -0.877375 320.173 -77.6636 -2100.31 -0.12318 6.48917 1.03181 -320.173 346.366 215.729 0.12318
-7.27518 -0.476509 320.265 -133.956 -2268.53 -0.11029 6.85285 0.582117 -320.265 283.133 272.054 0.11029
-7.66125 -0.0237448 320.356 -196.592 -2430.67 -0.0963905 7.25426 0.0795408 -320.356 211.519 322.877 0.0963905
-8.0303 0.470656 320.393 -263.486 -2586.52 -0.081533 7.6581 -0.447954 -320.393 134.811 369.501 0.081533
-8.38716 0.993851 320.372 -332.917 -2732.92 -0.0657677 8.01551 -0.980396 -320.372 55.8996 414.941 0.0657677
-8.71502 1.52522 320.418 -402.885 -2869.17 -0.0491495 8.31959 -1.50553 -320.418 -22.5953 461.839 0.0491495
-8.99627 2.04419 320.519 -471.402 -2994.95 -0.0317398 8.58579 -2.01646 -320.519 -98.8046 510.178 0.0317398
-9.22549 2.54165 320.62 -537.992 -3109.39 -0.0136053 8.81878 -2.51225 -320.62 -171.788 559.189 0.0136053
-9.41554 2.99857 320.663 -599.645 -3212.5 0.00518293 9.01828 -2.97345 -320.663 -239.149 607.118 -0.00518293
-9.58304 3.40308 320.669 -654.144 -3304.85 0.0245479 9.18853 -3.38328 -320.669 -299.084 651.618 -0.0245479
-9.73812 3.75252 320.646 -701.319 -3387.68 0.0444046 9.34006 -3.73515 -320.646 -350.456 691.023 -0.0444046
-9.87726 4.0354 320.607 -739.675 -3460.13 0.0646638 9.47597 -4.01703 -320.607 -391.461 724.528 -0.0646638
-10.0057 4.24304 320.571 -767.876 -3522.27 0.0852369 9.59376 -4.22241 -320.571 -421.297 751.819 -0.0852369
-10.1312 4.36835 320.548 -785.605 -3573.64 0.106038 9.68053 -4.35187 -320.548 -439.366 773.149 -0.106038
-10.2148 4.39663 320.52 -791.893 -3613.76 0.126982 9.76485 -4.40654 -320.52 -444.733 789.529 -0.126982
-10.2476 4.32639 320.466 -785.969 -3641.54 0.147982 9.83267 -4.37802 -320.466 -436.778 803.051 -0.147982
-10.2591 4.16577 320.375 -767.435 -3655.72 0.16895 9.83318 -4.25085 -320.375 -414.871 815.477 -0.16895
-10.2147 3.9183 320.261 -736.235 -3656.33 0.189793 9.8008 -4.02053 -320.261 -378.93 826.85 -0.189793
-10.085 3.57847 320.141 -692.995 -3643.5 0.210418 9.76913 -3.70163 -320.141 -329.603 836.705 -0.210418
-9.90302 3.14554 320.021 -638.673 -3616.84 0.230726 9.70147 -3.3086 -320.021 -267.859 845.18 -0.230726
-9.72933 2.62053 319.9 -573.832 -3576.4 0.250621 9.54254 -2.85023 -319.9 -194.513 851.587 -0.250621
-9.57623 2.0152 319.776 -498.7 -3523.54 0.27001 9.31211 -2.32019 -319.776 -110.103 852.774 -0.27001
-9.40185 1.3616 319.639 -414.67 -3460.97 0.288806 9.104 -1.70461 -319.639 -15.7847 844.167 -0.288806
-9.21596 0.687456 319.521 -324.254 -3391.42 0.306924 8.94035 -1.00979 -319.521 86.1705 823.986 -0.306924
-9.01762 0.00552768 319.412 -230.044 -3314.11 0.324284 8.7981 -0.264101 -319.412 192.572 794.838 -0.324284
-8.80604 -0.691662 319.279 -134.551 -3226.62 0.340811 8.62376 0.479481 -319.279 299.54 761.925 -0.340811
-8.57592 -1.40132 319.142 -41.7064 -3127.97 0.356437 8.38462 1.16641 -319.142 402.946 729.614 -0.356437
-8.30093 -2.08814 318.978 45.9833 -3017.01 0.371097 8.08496 1.79519 -318.978 500.126 699.819 -0.371097
-7.97791 -2.70847 318.866 126.735 -2895.77 0.384724 7.75506 2.38671 -318.866 589.664 670.792 -0.384724
-7.61039 -3.2242 318.814 197.236 -2766.38 0.397253 7.42072 2.93497 -318.814 668.679 640.518 -0.397253
-7.20476 -3.63448 318.783 256.991 -2629.13 0.408623 7.0819 3.42145 -318.783 734.937 608.406 -0.408623
-6.79796 -3.91729 318.726 300.364 -2484.78 0.418781 6.70948 3.79667 -318.726 784.036 574.117 -0.418781
-6.4039 -4.06867 318.654 325.408 -2332.79 0.427683 6.29895 4.03115 -318.654 813.216 535.784 -0.427683
-6.01749 -4.07984 318.62 329.984 -2176.11 0.435295 5.88791 4.1011 -318.62 820.041 491.79 -0.435295
-5.62201 -3.93797 318.607 313.586 -2014.26 0.441588 5.4901 4.00075 -318.607 802.403 442.078 -0.441588
-5.22347 -3.63236 318.673 275.483 -1847.46 0.44654 5.10242 3.73301 -318.673 759.939 386.448 -0.44654
-4.82243 -3.15804 318.793 215.58 -1676.37 0.450135 4.70795 3.30426 -318.793 692.943 327.848 -0.450135
-4.40124 -2.52908 318.947 135.679 -1500.55 0.452363 4.28461 2.71734 -318.947 601.987 271.435 -0.452363
-3.95578 -1.77876 319.212 40.7438 -1320.31 0.45322 3.83439 1.9902 -319.212 489.303 217.804 -0.45322
-3.47693 -0.913545 319.419 -69.852 -1134.45 0.452698 3.35227 1.1275 -319.419 357.083 167.737 -0.452698
-2.97418 0.0418866 319.579 -191.803 -943.792 0.450791 2.84899 0.164298 -319.579 209.414 119.21 -0.450791
-2.45858 1.07244 319.76 -323.398 -750.51 0.447502 2.33669 -0.873288 -319.76 50.3796 71.149 -0.447502
-1.95568 2.1468 320.025 -460.928 -558.27 0.442837 1.83415 -1.96063 -320.025 -115.87 20.9817 -0.442837
-1.46689 3.22363 320.264 -599.625 -367.192 0.436814 1.34257 -3.06934 -320.264 -284.303 -31.5382 -0.436814
-0.972325 4.26822 320.552 -734.864 -177.068 0.429454 0.879042 -4.16487 -320.552 -449.814 -86.2313 -0.429454
-0.472539 5.2608 320.795 -863.75 12.4291 0.420789 0.437268 -5.2127 -320.795 -607.666 -142.618 -0.420789
-0.00220581 6.19755 321.045 -985.307 203.024 0.410856 -0.0434572 -6.17577 -321.045 -753.086 -198.771 -0.410856
0.440838 7.05379 321.257 -1095.93 393.721 0.399699 -0.564734 -7.0263 -321.257 -882.304 -253.168 -0.399699
0.898325 7.78467 321.339 -1190.88 582.141 0.387367 -1.06644 -7.74972 -321.339 -991.723 -306.018 -0.387367
1.35025 8.3597 321.385 -1266.21 764.279 0.37391 -1.53269 -8.33186 -321.385 -1079 -358.363 -0.37391
1.77275 8.77314 321.49 -1321.46 941.424 0.359383 -1.98589 -8.76236 -321.49 -1142.35 -411.697 -0.359383
2.18166 9.03162 321.603 -1356.44 1113.37 0.343844 -2.41645 -9.0352 -321.603 -1182.04 -464.942 -0.343844
2.58678 9.13221 321.623 -1370 1280.06 0.327356 -2.82171 -9.13942 -321.623 -1197.25 -517.051 -0.327356
2.98189 9.08344 321.556 -1364.27 1440.57 0.30999 -3.21932 -9.08348 -321.556 -1188.27 -565.478 -0.30999
3.35083 8.89225 321.449 -1339.15 1594.23 0.291824 -3.63583 -8.86816 -321.449 -1156.25 -608.12 -0.291824
3.70777 8.56882 321.375 -1296.18 1742.11 0.272942 -4.05658 -8.506 -321.375 -1102.87 -646.104 -0.272942
4.07463 8.10979 321.39 -1235.03 1883.27 0.253422 -4.43951 -8.01014 -321.39 -1029.82 -681.325 -0.253422
4.44598 7.53915 321.407 -1159.09 2016.71 0.233345 -4.78029 -7.40405 -321.407 -940.402 -714.168 -0.233345
4.79477 6.88418 321.252 -1072.13 2139.25 0.212792 -5.07509 -6.71371 -321.252 -838.301 -745.776 -0.212792
5.09351 6.16486 321.027 -977.21 2251.24 0.191856 -5.36115 -5.96512 -321.027 -726.939 -775.134 -0.191856
5.35071 5.41378 320.837 -878.317 2352.54 0.170638 -5.63291 -5.18216 -320.837 -610.253 -801.699 -0.170638
5.59664 4.6524 320.707 -777.333 2444.19 0.149244 -5.86886 -4.38 -320.707 -491.517 -825.261 -0.149244
5.80821 3.90719 320.607 -677.36 2525.75 0.12778 -6.09774 -3.58371 -320.607 -374.866 -844.611 -0.12778
5.96925 3.20619 320.488 -583.403 2595.14 0.106348 -6.30983 -2.83157 -320.488 -264.619 -861.285 -0.106348
6.10234 2.55659 320.343 -496.914 2651.68 0.0850462 -6.46627 -2.14936 -320.343 -163.954 -876.91 -0.0850462
6.21122 1.98199 320.184 -421.669 2695.33 0.0639743 -6.56121 -1.56701 -320.184 -76.6192 -891.735 -0.0639743
6.28583 1.50194 320.053 -359.933 2726.78 0.0432333 -6.61732 -1.09447 -320.053 -4.49101 -904.681 -0.0432333
6.32324 1.12748 319.942 -312.015 2746.46 0.0229271 -6.65363 -0.728462 -319.942 51.6457 -913.917 -0.0229271
6.32861 0.86873 319.865 -278.71 2755.1 0.00316001 -6.68055 -0.470761 -319.865 90.9151 -917.976 -0.00316001
6.29942 0.728706 319.815 -260.332 2752.45 -0.0159668 -6.69884 -0.324251 -319.815 112.801 -916.872 0.0159668
6.26793 0.706651 319.775 -257.142 2737.87 -0.0343578 -6.66539 -0.293862 -319.775 116.981 -911.48 0.0343578
6.23381 0.799728 319.743 -269.192 2711.35 -0.051924 -6.57842 -0.382626 -319.743 103.476 -902.097 0.051924
6.16331 1.0041 319.732 -295.679 2673.58 -0.0685811 -6.47891 -0.583611 -319.732 72.9989 -888.367 0.0685811
6.04632 1.32064 319.747 -335.868 2624.96 -0.08425 -6.37715 -0.884694 -319.747 26.3944 -870.697 0.08425
5.89568 1.73809 319.796 -388.571 2565.13 -0.0988569 -6.24921 -1.28021 -319.796 -35.1485 -850.265 0.0988569
5.71993 2.25904 319.87 -453.319 2493.8 -0.112333 -6.07548 -1.75886 -319.87 -110.871 -828.342 0.112333
5.51729 2.87415 319.957 -529.786 2410.38 -0.124616 -5.85005 -2.31909 -319.957 -199.571 -805.41 0.124616
5.30317 3.54549 320.071 -615.522 2316.52 -0.135648 -5.57733 -2.96768 -320.071 -299.32 -780.335 0.135648
5.06033 4.24883 320.2 -708.661 2214.67 -0.145381 -5.3027 -3.70192 -320.2 -408.201 -751.615 0.145381
4.76035 4.96228 320.365 -805.45 2104.87 -0.153777 -5.06137 -4.48482 -320.365 -521.691 -718.333 0.153777
4.42983 5.6836 320.477 -903.101 1985.79 -0.160808 -4.80043 -5.27185 -320.477 -636.006 -682.865 0.160808
4.09411 6.39331 320.558 -997.45 1856.46 -0.166455 -4.46799 -6.01934 -320.558 -746.435 -647.944 0.166455
3.74928 7.05501 320.688 -1084.6 1718.51 -0.170706 -4.08674 -6.70439 -320.688 -848.544 -612.585 0.170706
3.38726 7.63326 320.888 -1159.56 1575.89 -0.173556 -3.70643 -7.30323 -320.888 -938.999 -574.867 0.173556
2.99978 8.11373 321.018 -1220.91 1427.77 -0.17501 -3.33149 -7.80149 -321.018 -1015.2 -534.506 0.17501
2.58597 8.4898 321.053 -1269.03 1272.35 -0.175077 -2.95082 -8.19658 -321.053 -1075.45 -491.388 0.175077
2.13986 8.74433 321.009 -1302.09 1110.18 -0.173774 -2.56017 -8.47528 -321.009 -1117.32 -447.477 0.173774
1.67845 8.88361 321.012 -1319.58 941.82 -0.171123 -2.1321 -8.62428 -321.012 -1140.35 -404.801 0.171123
1.21614 8.89848 321.104 -1320.37 767.896 -0.167153 -1.65947 -8.6342 -321.104 -1143.05 -362.974 0.167153
0.742516 8.77113 321.212 -1302.88 588.818 -0.161903 -1.16435 -8.50631 -321.212 -1124.67 -320.763 0.161903
0.239762 8.50955 321.218 -1268.44 404.211 -0.155418 -0.681265 -8.25016 -321.218 -1086.35 -275.441 0.155418
-0.292952 8.11385 321.114 -1217.25 216.194 -0.147743 -0.218915 -7.87187 -321.114 -1028.79 -228.019 0.147743
-0.845385 7.59694 321.012 -1151.19 23.0698 -0.13893 0.263974 -7.38102 -321.012 -953.226 -181.157 0.13893
-1.39935 6.98517 321.007 -1074.16 -171.054 -0.129029 0.771424 -6.78993 -321.007 -861.22 -136.973 0.129029
-1.94635 6.29241 320.988 -984.506 -367.328 -0.118096 1.31303 -6.08164 -320.988 -753.983 -94.4695 0.118096
-2.47957 5.55472 320.962 -885.698 -566.937 -0.1062 1.89004 -5.27153 -320.962 -635.28 -51.6726 0.1062
-2.96772 4.78638 320.896 -782.86 -765.147 -0.0934196 2.47085 -4.4141 -320.896 -509.647 -4.48218 0.0934196
-3.44402 3.98113 320.782 -677.811 -963.649 -0.07983 3.0327 -3.55535 -320.782 -380.857 47.3318 0.07983
-3.93055 3.16627 320.654 -574.642 -1158.6 -0.0655056 3.53335 -2.73609 -320.654 -254.387 102.762 0.0655056
-4.42463 2.37994 320.562 -477.222 -1348.92 -0.050523 3.99318 -1.97265 -320.562 -134.019 158.244 0.050523
-4.92251 1.65031 320.457 -386.937 -1536.61 -0.0349672 4.47177 -1.2635 -320.457 -22.1149 207.956 0.0349672
-5.44247 0.99241 320.41 -303.88 -1725.61 -0.018931 5.00616 -0.609083 -320.41 79.2453 248.043 0.018931
-5.98823 0.410312 320.386 -230.658 -1915.6 -0.00250345 5.57335 -0.0400567 -320.386 167.788 280.921 0.00250345
-6.54802 -0.108719 320.362 -166.754 -2102.38 0.0142356 6.13805 0.433988 -320.362 243.434 309.001 -0.0142356
-7.08703 -0.537632 320.311 -115.358 -2280.72 0.0312102 6.66872 0.804236 -320.311 304.339 336.364 -0.0312102
-7.58806 -0.870209 320.214 -75.5424 -2450.9 0.048339 7.16505 1.0857 -320.214 350.808 365.764 -0.048339
-8.02597 -1.09522 320.091 -48.4844 -2611.88 0.0655326 7.64061 1.28335 -320.091 383.144 397.773 -0.0655326
-8.38429 -1.21386 320.019 -34.2082 -2761.67 0.0826996 8.09922 1.399 -320.019 401.792 432.196 -0.0826996
-8.70093 -1.23011 320.007 -33.1358 -2900.99 0.0997526 8.50315 1.42398 -320.007 406.513 469.726 -0.0997526
-9.01556 -1.15435 320 -44.247 -3028.34 0.116607 8.82297 1.35497 -320 397.281 507.425 -0.116607
-9.31002 -0.992678 319.973 -66.941 -3143.85 0.133177 9.11099 1.19064 -319.973 374.165 540.633 -0.133177
-9.57308 -0.753004 319.955 -100.894 -3249.25 0.149379 9.41943 0.930898 -319.955 337.939 565.339 -0.149379
-9.83656 -0.434685 319.949 -145.771 -3344.99 0.165136 9.72614 0.587901 -319.949 289.887 580.616 -0.165136
-10.1116 -0.0409737 319.961 -199.096 -3429.8 0.180376 10.0028 0.189749 -319.961 231.938 587.637 -0.180376
-10.3618 0.405164 319.97 -258.281 -3500.31 0.195037 10.2349 -0.255323 -319.97 165.887 590.157 -0.195037
-10.559 0.881279 319.973 -323.205 -3555.28 0.209062 10.4258 -0.760058 -319.973 92.9791 590.408 -0.209062
-10.6867 1.37789 319.99 -392.005 -3593.4 0.222395 10.5684 -1.30332 -319.99 15.653 590.446 -0.222395
-10.7259 1.88573 319.99 -461.45 -3613.03 0.234986 10.6591 -1.84918 -319.99 -62.9721 591.757 -0.234986
-10.6903 2.39792 319.983 -529.304 -3613.67 0.246787 10.6801 -2.37187 -319.983 -140.543 594.446 -0.246787
-10.6127 2.89391 319.977 -593.737 -3595.63 0.257753 10.6117 -2.86293 -319.977 -214.814 596.987 -0.257753
-10.5034 3.34658 319.991 -652.608 -3560.51 0.267846 10.4782 -3.31995 -319.991 -283.777 596.09 -0.267846
-10.3649 3.74592 320.009 -704.818 -3510.49 0.277034 10.319 -3.73589 -320.009 -346.137 588.066 -0.277034
-10.2146 4.08702 320.022 -749.144 -3446.99 0.285297 10.141 -4.09424 -320.022 -400.102 570.938 -0.285297
-10.035 4.36465 320.01 -784.274 -3369.78 0.292622 9.95526 -4.38004 -320.01 -444.149 545.376 -0.292622
-9.82529 4.57374 319.994 -809.644 -3278.94 0.299007 9.74844 -4.58765 -319.994 -477.338 513.414 -0.299007
-9.60308 4.70606 320.002 -824.692 -3175.45 0.304452 9.48822 -4.71459 -320.002 -498.727 478.128 -0.304452
-9.34793 4.75482 319.995 -828.621 -3057.68 0.308965 9.15392 -4.75985 -319.995 -508.012 443.638 -0.308965
-9.02275 4.72222 319.98 -822.315 -2925.25 0.312557 8.77666 -4.72792 -319.98 -505.254 410.412 -0.312557
-8.62587 4.60663 319.993 -805.292 -2780.21 0.315236 8.37684 -4.61622 -319.993 -490.339 377.869 -0.315236
-8.19983 4.4155 319.974 -778.456 -2624.89 0.317016 7.92549 -4.42824 -319.974 -463.903 346.411 -0.317016
-7.7622 4.15711 319.91 -742.951 -2460.55 0.317911 7.42949 -4.16975 -319.91 -426.775 313.877 -0.317911
-7.31515 3.83747 319.829 -699.597 -2289.33 0.317942 6.91225 -3.84773 -319.829 -379.964 278.814 -0.317942
-6.8543 3.467 319.811 -650.196 -2114.8 0.317138 6.41238 -3.47489 -319.811 -324.911 239.958 -0.317138
-6.36566 3.05946 319.881 -596.341 -1934.94 0.315532 5.93254 -3.06127 -319.881 -263.372 196.889 -0.315532
-5.85621 2.63499 319.951 -538.992 -1750.81 0.313163 5.44366 -2.61236 -319.951 -197.989 153.76 -0.313163
-5.33397 2.21118 319.961 -480.299 -1563.71 0.310075 4.92133 -2.14482 -319.961 -131.425 114.188 -0.310075
-4.79469 1.79882 319.93 -421.982 -1372.31 0.306312 4.36409 -1.6764 -319.93 -65.9681 77.6143 -0.306312
-4.22545 1.42491 319.848 -370.041 -1176.67 0.301918 3.78212 -1.25247 -319.848 -5.78999 44.504 -0.301918
-3.62388 1.08144 319.767 -323.32 -976.773 0.296931 3.18283 -0.883265 -319.767 47.639 14.1143 -0.296931
-3.01878 0.791227 319.759 -285.791 -776.691 0.29139 2.58542 -0.592234 -319.759 91.7929 -16.2269 -0.29139
-2.43446 0.567222 319.812 -257.839 -579.435 0.285334 2.0036 -0.378554 -319.812 125.348 -48.854 -0.285334
-1.87675 0.415232 319.876 -238.394 -385.878 0.278812 1.44295 -0.233732 -319.876 147.614 -84.4922 -0.278812
-1.34251 0.34855 319.867 -229.307 -196.225 0.271881 0.905812 -0.165796 -319.867 157.444 -122.832 -0.271881
-0.817119 0.372588 319.866 -231.965 -9.21955 0.264602 0.380455 -0.183582 -319.866 154.227 -161.431 -0.264602
-0.292993 0.477062 319.904 -244.999 176.023 0.257035 -0.142147 -0.282449 -319.904 138.687 -198.848 -0.257035
0.228296 0.663219 319.986 -268.043 357.249 0.249237 -0.662685 -0.458696 -319.986 110.805 -232.953 -0.249237
0.754448 0.933496 320.08 -301.507 535.297 0.241266 -1.18925 -0.708698 -320.08 71.1571 -262.372 -0.241266
1.27842 1.27266 320.163 -343.928 708.098 0.233174 -1.71383 -1.03048 -320.163 20.6984 -287.155 -0.233174
1.78939 1.68041 320.225 -395.291 874.639 0.225008 -2.22489 -1.42021 -320.225 -40.0034 -309.429 -0.225008
2.28472 2.15797 320.341 -455.607 1035.69 0.216806 -2.71996 -1.86675 -320.341 -109.546 -330.681 -0.216806
2.75379 2.69499 320.491 -522.189 1189.85 0.208604 -3.18884 -2.35375 -320.491 -186.865 -352.453 -0.208604
3.18923 3.27774 320.628 -594.209 1334.97 0.200437 -3.62424 -2.88716 -320.628 -271.697 -374.639 -0.200437
3.59136 3.8916 320.705 -671.19 1469.97 0.192336 -4.02473 -3.46314 -320.705 -361.92 -396.33 -0.192336
3.96804 4.53583 320.773 -751.383 1595.76 0.184329 -4.39908 -4.06221 -320.773 -456.442 -416.099 -0.184329
4.31682 5.20522 320.817 -833.701 1711.99 0.176437 -4.74962 -4.66997 -320.817 -553.597 -433.615 -0.176437
4.64399 5.8781 320.913 -915.766 1818.88 0.168678 -5.08007 -5.27687 -320.913 -651.375 -447.687 -0.168678
4.94698 6.54306 321.006 -997.929 1915.02 0.161061 -5.38249 -5.89292 -321.006 -749.23 -458.401 -0.161061
5.23417 7.18638 321.127 -1079.76 1999.99 0.153589 -5.64216 -6.51906 -321.127 -845.798 -466.212 -0.153589
5.51012 7.8111 321.224 -1159.72 2073.94 0.146261 -5.85616 -7.12595 -321.224 -938.912 -471.049 -0.146261
5.75768 8.41702 321.278 -1235.93 2136.32 0.139074 -6.03648 -7.68633 -321.278 -1026.6 -473.091 -0.139074
5.96368 8.98174 321.281 -1306.15 2186.61 0.132023 -6.1895 -8.19526 -321.281 -1107.26 -472.764 -0.132023
6.12716 9.48629 321.282 -1369.65 2224.83 0.125099 -6.3108 -8.66381 -321.282 -1180.5 -470.845 -0.125099
6.2692 9.92036 321.314 -1425.94 2251.09 0.118296 -6.3743 -9.09191 -321.314 -1245.37 -468.143 -0.118296
6.37083 10.2804 321.366 -1473.74 2265.55 0.111608 -6.39827 -9.46411 -321.366 -1300.46 -464.911 -0.111608
6.39981 10.5653 321.411 -1511.63 2268.28 0.105026 -6.41154 -9.76114 -321.411 -1344.35 -461.704 -0.105026
6.37787 10.7708 321.423 -1538.35 2258.92 0.0985437 -6.38048 -9.9691 -321.423 -1375.74 -459.837 -0.0985437
6.32658 10.891 321.398 -1553.22 2237.41 0.0921532 -6.27745 -10.0835 -321.398 -1393.84 -460.079 -0.0921532
6.24141 10.9217 321.352 -1556.23 2204.6 0.0858505 -6.12008 -10.1071 -321.352 -1398.45 -461.468 -0.0858505
6.12016 10.8612 321.31 -1547.62 2162.32 0.0796351 -5.93839 -10.0437 -321.31 -1389.66 -461.899 -0.0796351
5.95365 10.7129 321.276 -1527.89 2111.97 0.0735084 -5.76102 -9.89695 -321.276 -1367.92 -460.039 -0.0735084
5.74823 10.4815 321.237 -1497.46 2053.58 0.0674724 -5.57683 -9.66882 -321.237 -1333.78 -456.61 -0.0674724
5.51565 10.1748 321.185 -1457.18 1986.43 0.06153 -5.35578 -9.36411 -321.185 -1288.14 -453.431 -0.06153
5.25663 9.79915 321.124 -1408.03 1910.67 0.0556859 -5.08689 -8.99131 -321.124 -1232.12 -452.112 -0.0556859
4.96755 9.35772 321.063 -1351.34 1827.85 0.0499489 -4.78411 -8.56777 -321.063 -1167.25 -452.743 -0.0499489
4.6466 8.85793 321.011 -1288.6 1738.49 0.044331 -4.4599 -8.10566 -321.011 -1094.82 -454.343 -0.044331
4.30732 8.31207 320.977 -1221.32 1644.64 0.038846 -4.1231 -7.6139 -320.977 -1016.29 -455.826 -0.038846
3.95601 7.72689 320.901 -1149.32 1546.28 0.0335085 -3.77205 -7.08382 -320.901 -931.558 -456.501 -0.0335085
3.59575 7.12062 320.777 -1073.35 1443.86 0.028333 -3.4106 -6.5148 -320.777 -842.369 -455.861 -0.028333
3.22793 6.49918 320.651 -994.902 1338.05 0.0233343 -3.04439 -5.92088 -320.651 -750.025 -453.573 -0.0233343
2.85761 5.86183 320.597 -914.624 1229.82 0.0185261 -2.67519 -5.31685 -320.597 -655.856 -449.653 -0.0185261
2.48672 5.21506 320.571 -834.157 1119.38 0.0139214 -2.3016 -4.71868 -320.571 -561.376 -444.228 -0.0139214
2.11162 4.57511 320.501 -754.715 1007.42 0.00953203 -1.92389 -4.13286 -320.501 -468.565 -438.461 -0.00953203
1.73945 3.961 320.418 -677.071 894.881 0.0053685 -1.54385 -3.55481 -320.418 -378.681 -432.03 -0.0053685
1.38783 3.39166 320.303 -603.912 782.751 0.00144142 -1.14533 -2.99332 -320.303 -292.926 -425.724 -0.00144142
1.04853 2.87467 320.22 -536.868 671.973 -0.00223757 -0.751807 -2.46609 -320.22 -213.23 -418.335 0.00223757
0.709323 2.41272 320.218 -477.092 563.583 -0.0056554 -0.393594 -1.99288 -320.218 -141.592 -408.358 0.0056554
0.390948 2.01483 320.194 -426.693 457.993 -0.00879835 -0.0464345 -1.59785 -320.194 -80.5638 -396.692 0.00879835
0.0914507 1.67621 320.126 -385.808 355.252 -0.0116523 0.294527 -1.29483 -320.126 -31.2831 -384.341 0.0116523
-0.200958 1.41085 320.019 -355.02 256.211 -0.0142018 0.61522 -1.07849 -320.019 5.62048 -371.832 0.0142018
-0.501097 1.21117 319.94 -334.423 161.526 -0.0164295 0.90484 -0.953427 -319.94 30.6578 -360.381 0.0164295
-0.787013 1.10098 319.93 -323.284 70.9842 -0.0183167 1.19549 -0.884698 -319.93 44.6608 -351.199 0.0183167
-1.04588 1.07713 319.969 -320.406 -15.3523 -0.0198441 1.5014 -0.862633 -319.969 48.2338 -344.545 0.0198441
-1.30463 1.1343 319.997 -326.249 -95.5336 -0.020991 1.76861 -0.896401 -319.997 41.2953 -338.568 0.020991
-1.56558 1.27438 320.016 -341.287 -168.959 -0.021735 1.98326 -0.990399 -320.016 23.438 -332.246 0.021735
-1.79387 1.50007 320.026 -366.025 -235.279 -0.0220525 2.1802 -1.14917 -320.026 -5.85188 -325.928 0.0220525
-1.96827 1.80235 320.036 -400.896 -294.397 -0.0219188 2.37971 -1.38961 -320.036 -47.2497 -319.577 0.0219188
-2.07394 2.16823 320.065 -445.871 -345.303 -0.0213093 2.57822 -1.72526 -320.065 -100.858 -311.614 0.0213093
-2.12465 2.58552 320.126 -499.799 -386.34 -0.0202006 2.73461 -2.15242 -320.126 -165.6 -299.852 0.0202006
-2.16655 3.0405 320.21 -561.181 -416.565 -0.0185729 2.79176 -2.65959 -320.21 -239.428 -283.691 0.0185729
-2.22584 3.51841 320.319 -627.133 -437.282 -0.01641 2.75605 -3.21693 -320.319 -318.959 -266.402 0.01641
-2.27655 4.00745 320.443 -693.364 -451.179 -0.0137002 2.71257 -3.77391 -320.443 -399.725 -253.6 0.0137002
-2.31382 4.50512 320.552 -758.384 -460.27 -0.0104346 2.70798 -4.30036 -320.552 -478.624 -249.144 0.0104346
-2.33886 4.98457 320.627 -819.696 -464.811 -0.0066069 2.73988 -4.78217 -320.627 -552.397 -252.612 0.0066069
-2.34626 5.40892 320.668 -874.702 -462.917 -0.0022128 2.76772 -5.2202 -320.668 -618.58 -259.436 0.0022128
-2.32473 5.75669 320.704 -921.702 -452.24 0.00274869 2.74501 -5.6098 -320.704 -675.201 -263.847 -0.00274869
-2.26186 6.01941 320.762 -958.697 -431.282 0.00827255 2.64514 -5.92818 -320.762 -719.866 -261.869 -0.00827255
-2.14437 6.20549 320.807 -984.15 -400.497 0.014345 2.48245 -6.1428 -320.807 -750.723 -253.196 -0.014345
-1.94882 6.31552 320.831 -997.305 -361.327 0.0209426 2.30584 -6.24029 -320.831 -766.731 -239.964 -0.0209426
-1.70911 6.34484 320.829 -998.276 -315.347 0.0280344 2.1117 -6.22718 -320.829 -768.037 -224.853 -0.0280344
-1.46744 6.293 320.803 -988.074 -263.531 0.035584 1.88243 -6.12031 -320.803 -755.935 -210.342 -0.035584
-1.22467 6.15581 320.777 -967.683 -207.283 0.0435522 1.64578 -5.94322 -320.777 -732.161 -199.049 -0.0435522
-0.966224 5.94002 320.745 -939.062 -147.437 0.0518982 1.43104 -5.71748 -320.745 -698.733 -192.206 -0.0518982
-0.70982 5.65289 320.71 -903.436 -83.4911 0.0605814 1.21161 -5.45323 -320.71 -656.875 -189.069 -0.0605814
-0.452389 5.29866 320.663 -861.464 -14.8943 0.0695605 0.973685 -5.1572 -320.663 -607.466 -187.82 -0.0695605
-0.170571 4.8952 320.61 -813.977 58.5799 0.0787935 0.728531 -4.82004 -320.61 -550.874 -186.988 -0.0787935
0.112982 4.46489 320.567 -761.805 136.346 0.0882351 0.450325 -4.42763 -320.567 -487.43 -185.544 -0.0882351
0.396603 4.00629 320.515 -704.562 218.493 0.0978364 0.135429 -3.98381 -320.515 -417.854 -183.302 -0.0978364
0.709194 3.52435 320.445 -643.995 303.745 0.107545 -0.167204 -3.5086 -320.445 -343.912 -181.805 -0.107545
1.03679 3.01704 320.357 -580.842 391.28 0.117307 -0.459556 -3.0194 -320.357 -267.024 -181.915 -0.117307
1.35182 2.48757 320.287 -516.287 480.266 0.127069 -0.761749 -2.53299 -320.287 -188.819 -183.846 -0.127069
1.65099 1.94808 320.218 -451.585 570.508 0.13678 -1.07787 -2.05489 -320.218 -110.519 -187.297 -0.13678
1.92575 1.41808 320.167 -387.523 661.07 0.14639 -1.40608 -1.576 -320.167 -32.8018 -192.792 -0.14639
2.16558 0.910621 320.095 -324.359 750.881 0.15585 -1.74261 -1.09133 -320.095 43.4576 -201.27 -0.15585
2.39631 0.424368 320.015 -262.428 838.913 0.165113 -2.05019 -0.61226 -320.015 117.182 -213.315 -0.165113
2.64524 -0.0298933 319.933 -203.298 924.369 0.174129 -2.30146 -0.151837 -319.933 186.59 -228.143 -0.174129
2.90431 -0.44396 319.845 -149.325 1007.87 0.18285 -2.52837 0.269547 -319.845 250.02 -243.025 -0.18285
3.16267 -0.82671 319.77 -101.611 1090.95 0.191226 -2.77908 0.627192 -319.77 306.352 -254.242 -0.191226
3.42607 -1.18366 319.733 -59.0748 1174.07 0.199205 -3.0671 0.921551 -319.733 355.34 -259.578 -0.199205
3.68207 -1.50005 319.715 -22.0743 1255.86 0.206732 -3.38192 1.16253 -319.715 396.662 -260.867 -0.206732
3.90444 -1.75482 319.7 8.26628 1333.48 0.213751 -3.70428 1.36622 -319.7 430.746 -261.664 -0.213751
4.09978 -1.94387 319.665 32.4802 1404.39 0.220207 -3.97678 1.5437 -319.665 458.038 -266.575 -0.220207
4.28372 -2.0729 319.594 50.5824 1466.79 0.226052 -4.15968 1.68631 -319.594 478.107 -277.185 -0.226052
4.44364 -2.15189 319.527 61.7997 1521.2 0.231238 -4.28497 1.7735 -319.527 490.242 -291.298 -0.231238
4.57073 -2.18675 319.499 65.6953 1569.38 0.235729 -4.40441 1.79357 -319.499 494.065 -304.639 -0.235729
4.68012 -2.16501 319.5 62.1395 1612.32 0.239487 -4.53472 1.75747 -319.5 489.492 -313.722 -0.239487
4.79288 -2.0845 319.51 51.3008 1650.19 0.242482 -4.66549 1.6705 -319.51 476.795 -317.237 -0.242482
4.91452 -1.95459 319.52 33.7097 1682.34 0.244684 -4.78037 1.53082 -319.52 456.504 -316.038 -0.244684
5.04609 -1.77954 319.527 9.86593 1708.04 0.246063 -4.86077 1.34235 -319.527 429.263 -311.873 -0.246063
5.16011 -1.56248 319.544 -19.4094 1726.85 0.246599 -4.91783 1.1149 -319.544 396.076 -306.594 -0.246599
5.22259 -1.31142 319.572 -52.9922 1738.19 0.246274 -4.96729 0.857289 -319.572 358.178 -302.176 -0.246274
5.2476 -1.04458 319.611 -89.4486 1741.42 0.245081 -4.97631 0.571822 -319.611 317.023 -300.613 -0.245081
5.24369 -0.776082 319.657 -127.155 1736.48 0.243025 -4.93095 0.268247 -319.657 274.34 -302.603 -0.243025
5.19486 -0.510988 319.704 -164.33 1724.09 0.24012 -4.85932 -0.0313237 -319.704 232.167 -307.173 -0.24012
5.10317 -0.255761 319.756 -198.518 1705.25 0.23639 -4.77666 -0.299961 -319.756 192.739 -312.884 -0.23639
4.98565 -0.00690292 319.793 -229.364 1680.44 0.23187 -4.67585 -0.525349 -319.793 156.941 -318.824 -0.23187
4.85606 0.224984 319.813 -256.463 1650 0.226596 -4.54933 -0.710422 -319.813 125.446 -324.467 -0.226596
4.71666 0.427369 319.824 -280.002 1614.39 0.220611 -4.40166 -0.869797 -319.824 98.1485 -329.302 -0.220611
4.56437 0.599981 319.838 -300.166 1574.19 0.213961 -4.24355 -1.00684 -319.838 74.7975 -332.857 -0.213961
4.39274 0.747493 319.869 -317.251 1529.88 0.206698 -4.08467 -1.12039 -319.869 55.1968 -335.137 -0.206698
4.18581 0.875701 319.898 -331.314 1481.3 0.198878 -3.9333 -1.20678 -319.898 39.1032 -337.066 -0.198878
3.95957 0.983016 319.919 -342.465 1427.98 0.190563 -3.75974 -1.27044 -319.919 26.2285 -340.106 -0.190563
3.73574 1.06341 319.936 -350.857 1369.86 0.181818 -3.53817 -1.32192 -319.936 16.0873 -344.772 -0.181818
3.50681 1.1159 319.932 -356.995 1307.3 0.172711 -3.28508 -1.36675 -319.932 8.54818 -350.148 -0.172711
3.26326 1.142 319.935 -360.502 1241.56 0.163312 -3.03511 -1.3989 -319.935 3.86872 -353.981 -0.163312
3.01286 1.14618 319.936 -361.323 1173.94 0.153692 -2.80025 -1.41073 -319.936 2.43894 -354.78 -0.153692
2.76153 1.12604 319.944 -359.053 1105.13 0.143918 -2.57896 -1.39946 -319.944 4.5833 -352.638 -0.143918
2.5066 1.06691 319.959 -353.204 1034.88 0.134058 -2.3631 -1.37354 -319.959 10.6848 -348.794 -0.134058
2.26574 0.96009 319.956 -343.317 962.61 0.124172 -2.1203 -1.33249 -319.956 21.576 -344.756 -0.124172
2.01305 0.814941 319.937 -328.806 888.457 0.114318 -1.87234 -1.25526 -319.937 38.3143 -341.228 -0.114318
1.7452 0.644876 319.932 -309.62 813.27 0.104554 -1.63161 -1.12196 -319.932 61.7603 -337.782 -0.104554
1.47719 0.446324 319.918 -284.203 736.735 0.0949353 -1.37924 -0.923846 -319.918 92.0843 -334.654 -0.0949353
1.21669 0.218314 319.882 -253.792 659.143 0.0855142 -1.11368 -0.678887 -319.882 128.138 -331.27 -0.0855142
0.962251 -0.0397692 319.83 -219.865 581.42 0.0763431 -0.850807 -0.40801 -319.83 168.543 -326.529 -0.0763431
0.713684 -0.322999 319.773 -183.526 504.229 0.0674721 -0.601684 -0.12521 -319.773 211.747 -319.564 -0.0674721
0.474574 -0.623875 319.718 -145.982 427.969 0.0589474 -0.365887 0.159188 -319.718 256.449 -310.329 -0.0589474
0.244878 -0.934655 319.676 -107.885 352.841 0.0508112 -0.140529 0.441803 -319.676 301.739 -299.435 -0.0508112
0.0233636 -1.2397 319.642 -69.9998 279.333 0.0431028 0.0786417 0.727177 -319.642 346.823 -288.14 -0.0431028
-0.1961 -1.52849 319.61 -33.5028 206.77 0.0358586 0.300552 1.01065 -319.61 390.744 -277.881 -0.0358586
-0.419213 -1.79444 319.583 1.63962 134.558 0.0291123 0.529145 1.292 -319.583 432.512 -269.416 -0.0291123
-0.643741 -2.03326 319.548 34.5575 63.6561 0.0228951 0.755956 1.55938 -319.548 470.726 -262.201 -0.0228951
-0.862249 -2.23692 319.493 62.5935 -4.75617 0.0172366 0.97356 1.78718 -319.493 503.321 -255.327 -0.0172366
-1.05676 -2.40328 319.444 84.7776 -70.0048 0.0121631 1.18952 1.9629 -319.444 529.207 -248.005 -0.0121631
-1.2269 -2.51957 319.412 100.357 -131.174 0.00769697 1.39267 2.08657 -319.412 547.346 -239.527 -0.00769697
-1.39166 -2.57114 319.409 108.8 -187.792 0.00385595 1.55903 2.16401 -319.409 557.032 -229.663 -0.00385595
-1.5324 -2.55605 319.409 109.295 -240.062 0.000653371 1.71223 2.18635 -319.409 557.554 -218.911 -0.000653371
-1.65343 -2.48041 319.41 101.268 -288.16 -0.00190262 1.85615 2.13942 -319.41 548.358 -208.239 0.00190262
-1.77248 -2.34242 319.419 84.4558 -332.372 -0.00380912 1.98352 2.02118 -319.419 529.161 -198.832 0.00380912
-1.87749 -2.13661 319.438 59.2754 -372.337 -0.00506747 2.10746 1.84155 -319.438 500.177 -191.199 0.00506747
-1.95457 -1.86907 319.471 26.3488 -407.663 -0.00568229 2.23774 1.60352 -319.471 462.058 -185.151 0.00568229
-2.02446 -1.55019 319.519 -13.8204 -437.492 -0.00566169 2.34057 1.30476 -319.519 415.433 -179.711 0.00566169
-2.09482 -1.19208 319.587 -59.8451 -461.211 -0.00501771 2.39973 0.952052 -319.587 361.569 -174.291 0.00501771
-2.15478 -0.803936 319.67 -110.112 -479.311 -0.00376641 2.43616 0.559685 -319.67 302.153 -169.811 0.00376641
-2.21162 -0.392775 319.749 -163.201 -492.522 -0.00192746 2.45712 0.1433 -319.749 238.949 -167.585 0.00192746
-2.27033 0.0345697 319.811 -217.961 -501.346 0.000476522 2.46798 -0.283228 -319.811 173.717 -168.566 -0.000476522
-2.31097 0.472482 319.873 -272.633 -506.185 0.00342081 2.49272 -0.699868 -319.873 108.3 -172.921 -0.00342081
-2.3259 0.922517 319.937 -326.653 -506.465 0.00687912 2.52374 -1.09569 -319.937 43.4539 -179.085 -0.00687912
-2.32079 1.36868 320.003 -379.726 -501.093 0.0108238 2.52973 -1.48138 -320.003 -20.3716 -184.547 -0.0108238
-2.31041 1.79488 320.072 -431.645 -489.449 0.0152256 2.47999 -1.87048 -320.072 -83.0255 -187.695 -0.0152256
-2.29049 2.20216 320.136 -482.281 -472.186 0.0200529 2.3881 -2.25867 -320.136 -144.176 -189.182 -0.0200529
-2.23435 2.59601 320.197 -531.063 -450.622 0.0252726 2.30392 -2.63136 -320.197 -203.115 -190.949 -0.0252726
-2.14658 2.97149 320.256 -577.386 -425.548 0.0308499 2.2364 -2.98427 -320.256 -259.152 -194.107 -0.0308499
-2.04972 3.31404 320.317 -620.6 -396.986 0.0367503 2.16078 -3.32173 -320.317 -311.498 -198.32 -0.0367503
-1.95046 3.61739 320.39 -659.69 -364.394 0.0429387 2.05996 -3.63489 -320.39 -359.046 -202.673 -0.0429387
-1.84399 3.88934 320.442 -693.864 -327.993 0.0493803 1.93951 -3.90396 -320.442 -400.901 -207.048 -0.0493803
-1.72217 4.13435 320.468 -722.728 -288.115 0.05604 1.80988 -4.11669 -320.468 -436.361 -211.442 -0.05604
-1.58073 4.35031 320.479 -746.275 -245.014 0.062883 1.67719 -4.27481 -320.479 -465.383 -215.858 -0.062883
-1.40702 4.52858 320.491 -765.072 -198.583 0.0698748 1.54948 -4.39559 -320.491 -488.613 -219.761 -0.0698748
-1.21044 4.65286 320.511 -779.638 -148.412 0.0769803 1.40735 -4.50391 -320.511 -506.734 -222.153 -0.0769803
-1.01928 4.71874 320.545 -789.79 -94.3035 0.0841631 1.22006 -4.60213 -320.545 -519.643 -222.888 -0.0841631
-0.850316 4.7399 320.576 -795.21 -36.9299 0.091386 0.986608 -4.66957 -320.576 -526.673 -223.511 -0.091386
-0.68885 4.72609 320.583 -794.92 21.7253 0.0986113 0.75639 -4.68168 -320.583 -526.724 -226.913 -0.0986113
-0.513341 4.67808 320.57 -788.536 79.922 0.105802 0.575109 -4.63131 -320.57 -519.282 -234.75 -0.105802
-0.328479 4.59085 320.554 -776.493 138.219 0.112925 0.423411 -4.52787 -320.554 -504.53 -245.524 -0.112925
-0.147556 4.45824 320.537 -758.893 197.532 0.119945 0.256798 -4.38318 -320.537 -483.16 -255.768 -0.119945
0.0379877 4.27959 320.512 -736.374 258.886 0.126831 0.0549191 -4.20772 -320.512 -455.915 -262.449 -0.126831
0.245546 4.05606 320.474 -709.501 322.281 0.13355 -0.171371 -4.00858 -320.474 -423.389 -264.65 -0.13355
0.484313 3.79961 320.431 -678.555 386.94 0.140064 -0.402193 -3.77844 -320.431 -385.955 -263.097 -0.140064
0.751653 3.51696 320.406 -643.917 451.862 0.146338 -0.623518 -3.51644 -320.406 -344.053 -259.13 -0.146338
1.00048 3.21402 320.383 -606.282 516.383 0.152333 -0.868184 -3.22582 -320.383 -298.273 -254.086 -0.152333
1.21972 2.90255 320.339 -566.399 579.509 0.158013 -1.12528 -2.90757 -320.339 -249.662 -250.062 -0.158013
1.44013 2.57939 320.309 -525.168 639.524 0.163345 -1.33759 -2.58046 -320.309 -199.51 -249.058 -0.163345
1.63934 2.23752 320.254 -483.746 696.262 0.168298 -1.52552 -2.26912 -320.254 -149.135 -251.186 -0.168298
1.80397 1.88626 320.181 -442.718 750.013 0.172844 -1.71412 -1.97323 -320.181 -99.2208 -255.098 -0.172844
1.9587 1.54436 320.111 -402.194 800.844 0.176959 -1.88953 -1.67661 -320.111 -50.0128 -259.344 -0.176959
2.11886 1.22075 320.064 -362.198 848.909 0.180623 -2.04744 -1.37262 -320.064 -1.81307 -262.533 -0.180623
2.28579 0.905805 320.039 -322.882 894.962 0.183816 -2.2024 -1.07606 -320.039 44.8047 -263.187 -0.183816
2.45178 0.593341 320.002 -285.49 938.752 0.186521 -2.36377 -0.808386 -320.002 88.937 -260.826 -0.186521
2.61093 0.291007 319.943 -250.411 979.572 0.188724 -2.52698 -0.565672 -319.943 130.452 -256.213 -0.188724
2.75975 0.0128641 319.879 -217.431 1016.67 0.190415 -2.67805 -0.330782 -319.879 169.567 -251.046 -0.190415
2.89022 -0.237057 319.824 -186.522 1049.06 0.191589 -2.80659 -0.100117 -319.824 206.194 -246.94 -0.191589
2.99408 -0.466866 319.783 -158 1076.1 0.19225 -2.90869 0.1135 -319.783 239.985 -244.947 -0.19225
3.06865 -0.677864 319.75 -132.291 1097.59 0.192405 -2.98386 0.302406 -319.75 270.473 -245.315 -0.192405
3.11789 -0.859791 319.718 -109.718 1113.68 0.19207 -3.03361 0.471741 -319.718 297.261 -247.434 -0.19207
3.1494 -1.00003 319.688 -90.5415 1124.87 0.191266 -3.06237 0.629078 -319.688 319.902 -250.115 -0.191266
3.16726 -1.09665 319.655 -75.6477 1131.58 0.190021 -3.0776 0.762989 -319.655 337.404 -252.143 -0.190021
3.17418 -1.15501 319.623 -66.0426 1134.15 0.188364 -3.0852 0.852952 -319.623 348.642 -252.661 -0.188364
3.17159 -1.1757 319.597 -62.6871 1132.64 0.186326 -3.08493 0.884866 -319.597 352.678 -251.561 -0.186326
3.1585 -1.15601 319.585 -65.7658 1126.9 0.183941 -3.07308 0.858585 -319.585 349.297 -249.357 -0.183941
3.12007 -1.09581 319.589 -74.9247 1116.61 0.181245 -3.05525 0.779529 -319.589 338.887 -247.015 -0.181245
3.05494 -1.00315 319.611 -89.0421 1101.33 0.178275 -3.02137 0.655007 -319.611 322.483 -245.702 -0.178275
2.98038 -0.881113 319.643 -106.943 1080.83 0.175071 -2.94824 0.499838 -319.643 301.43 -246.028 -0.175071
2.86622 -0.731563 319.671 -127.483 1055.23 0.171674 -2.86905 0.330836 -319.671 277.205 -247.684 -0.171674
2.71026 -0.561221 319.693 -149.595 1024.56 0.168128 -2.7886 0.15827 -319.693 251.129 -250.34 -0.168128
2.5545 -0.380205 319.712 -172.422 988.806 0.164475 -2.66685 -0.0145311 -319.712 224.236 -253.697 -0.164475
2.41472 -0.199466 319.739 -195.267 948.718 0.160756 -2.50396 -0.187382 -319.739 197.391 -256.278 -0.160756
2.26541 -0.0322182 319.771 -217.408 905.487 0.15701 -2.35112 -0.36267 -319.771 171.397 -255.66 -0.15701
2.08977 0.110119 319.806 -237.994 859.521 0.153272 -2.23428 -0.537686 -319.806 147.386 -250.969 -0.153272
1.90437 0.226859 319.833 -255.686 810.178 0.149573 -2.12085 -0.693183 -319.833 126.821 -243.81 -0.149573
1.71568 0.318069 319.864 -268.807 756.239 0.145941 -1.97919 -0.806336 -319.864 111.224 -236.502 -0.145941
1.52684 0.380669 319.885 -276.671 697.27 0.142401 -1.79296 -0.867906 -319.885 101.638 -230.463 -0.142401
1.33047 0.413432 319.891 -279.294 633.632 0.138977 -1.57501 -0.877556 -319.891 98.3001 -225.284 -0.138977
1.11933 0.416921 319.889 -276.999 566.344 0.135694 -1.35211 -0.839418 -319.889 100.874 -219.242 -0.135694
0.897231 0.387998 319.882 -270.537 496.181 0.132571 -1.13788 -0.768672 -319.882 108.418 -210.662 -0.132571
0.677595 0.3296 319.874 -260.768 423.981 0.12963 -0.927952 -0.676892 -319.874 119.752 -199.107 -0.12963
0.464888 0.245948 319.872 -248.857 349.608 0.126885 -0.711238 -0.576011 -319.872 133.772 -185.371 -0.126885
0.253128 0.13748 319.859 -235.507 273.366 0.124347 -0.488221 -0.475599 -319.859 149.775 -170.529 -0.124347
0.0312148 0.0134351 319.854 -221.068 195.326 0.122022 -0.261163 -0.371351 -319.854 167.417 -155.889 -0.122022
-0.204727 -0.112254 319.842 -205.226 114.828 0.119915 -0.0255227 -0.248198 -319.842 186.543 -141.975 -0.119915
-0.451748 -0.234091 319.825 -188.469 32.2452 0.118028 0.222505 -0.108847 -319.825 206.489 -129.276 -0.118028
-0.707938 -0.359252 319.8 -171.606 -51.6691 0.116359 0.480945 0.0283683 -319.8 226.496 -117.999 -0.116359
-0.965335 -0.48725 319.791 -155.485 -135.211 0.11491 0.737914 0.151743 -319.791 245.7 -107.059 -0.11491
-1.23729 -0.611871 319.791 -140.702 -218.915 0.113676 0.981159 0.261366 -319.791 263.834 -96.0741 -0.113676
-1.5232 -0.735053 319.774 -126.834 -302.907 0.112652 1.21605 0.358437 -319.774 280.917 -85.588 -0.112652
-1.79784 -0.86732 319.75 -113.232 -387.188 0.111828 1.47163 0.439634 -319.75 297.312 -76.1348 -0.111828
-2.05519 -1.0156 319.722 -99.5748 -471.226 0.111194 1.74661 0.505776 -319.722 313.786 -67.2193 -0.111194
-2.30903 -1.18224 319.717 -84.4404 -554.954 0.110734 2.01841 0.576407 -319.717 331.994 -57.6685 -0.110734
-2.55788 -1.35659 319.729 -65.736 -636.896 0.110432 2.26761 0.689401 -319.729 353.669 -46.0261 -0.110432
-2.79132 -1.52458 319.732 -44.033 -715.69 0.11027 2.49371 0.857861 -319.732 379.246 -32.1155 -0.11027
-3.01007 -1.69608 319.693 -19.3031 -792.069 0.110226 2.71175 1.07041 -319.693 408.485 -17.4156 -0.110226
-3.22223 -1.87376 319.627 7.05134 -866.524 0.110276 2.93061 1.30219 -319.627 439.669 -3.8194 -0.110276
-3.43743 -2.05598 319.581 33.401 -939.489 0.110394 3.15118 1.52966 -319.581 470.89 7.63086 -0.110394
-3.6527 -2.2347 319.561 57.6546 -1010.67 0.110558 3.3726 1.73278 -319.561 500.295 17.1781 -0.110558
-3.8518 -2.39381 319.532 79.0328 -1078.95 0.110742 3.60314 1.91026 -319.532 526.216 24.84 -0.110742
-4.04346 -2.51762 319.5 96.5095 -1143.04 0.110923 3.8153 2.06301 -319.5 547.605 31.9475 -0.110923
-4.2262 -2.59368 319.458 109.167 -1202.59 0.111078 4.00352 2.18873 -319.458 563.301 39.1405 -0.111078
-4.38459 -2.61145 319.428 115.823 -1257.4 0.111183 4.18268 2.27854 -319.428 571.763 46.314 -0.111183
-4.52558 -2.5674 319.409 114.663 -1306.84 0.111217 4.34072 2.31009 -319.409 571.165 53.5456 -0.111217
-4.65853 -2.45931 319.398 104.402 -1350.98 0.111158 4.47314 2.2661 -319.398 560.056 60.2305 -0.111158
-4.78376 -2.28219 319.404 84.0602 -1390.26 0.110987 4.59141 2.13691 -319.404 537.352 65.1513 -0.110987
-4.89913 -2.02765 319.43 53.6369 -1424.8 0.11069 4.70609 1.92806 -319.43 502.657 67.2391 -0.11069
-5.00594 -1.68643 319.468 12.864 -1454.65 0.110254 4.81871 1.64523 -319.468 455.736 66.1494 -0.110254
-5.10209 -1.26736 319.522 -37.7918 -1479.14 0.109673 4.92142 1.28468 -319.522 396.835 62.6225 -0.109673
-5.18513 -0.786049 319.591 -97.6561 -1497.76 0.108946 5.0052 0.839347 -319.591 326.48 57.7419 -0.108946
-5.24781 -0.248802 319.663 -166.197 -1510.02 0.108074 5.06659 0.313682 -319.663 245.654 52.5327 -0.108074
-5.28516 0.333011 319.772 -240.001 -1515.72 0.107064 5.1052 -0.260579 -319.772 156.997 47.5527 -0.107064
-5.30315 0.957524 319.884 -319.091 -1514.95 0.105921 5.1161 -0.877314 -319.884 61.6563 42.7319 -0.105921
-5.32262 1.61541 320.009 -402.377 -1508.64 0.104654 5.09217 -1.52015 -320.009 -37.8459 37.0824 -0.104654
-5.33606 2.28351 320.109 -486.779 -1496.93 0.103274 5.05013 -2.17024 -320.109 -138.684 29.4556 -0.103274
-5.34159 2.93475 320.211 -569.591 -1480.42 0.101794 5.00434 -2.81873 -320.211 -238.521 18.6843 -0.101794
-5.33173 3.56173 320.321 -650.26 -1459.89 0.10023 4.9712 -3.45582 -320.321 -335.489 4.29624 -0.10023
-5.29625 4.14974 320.442 -726.338 -1435.08 0.0985988 4.94566 -4.05786 -320.442 -426.645 -11.817 -0.0985988
-5.23391 4.68803 320.549 -794.609 -1404.8 0.096921 4.89911 -4.59431 -320.549 -509.406 -26.6544 -0.096921
-5.14033 5.17666 320.617 -854.826 -1367.61 0.0952164 4.80717 -5.05509 -320.617 -582.608 -37.6141 -0.0952164
-5.0151 5.6058 320.654 -906.131 -1323.81 0.0935035 4.67167 -5.4356 -320.654 -645.082 -44.6046 -0.0935035
-4.85125 5.96185 320.676 -948.256 -1274.31 0.0917975 4.5165 -5.74593 -320.676 -696.603 -49.1021 -0.0917975
-4.63631 6.23904 320.709 -981.337 -1219.82 0.0901118 4.37115 -5.99449 -320.709 -737.405 -52.7664 -0.0901118
-4.39008 6.44276 320.751 -1005.45 -1160.33 0.088459 4.22017 -6.17679 -320.751 -767.538 -56.2248 -0.088459
-4.15702 6.57308 320.778 -1020.62 -1095.8 0.086852 4.02213 -6.29378 -320.778 -787.126 -59.9401 -0.086852
-3.93022 6.62698 320.793 -1027.02 -1026.33 0.0853038 3.79445 -6.35049 -320.793 -796.271 -65.2968 -0.0853038
-3.66519 6.61385 320.781 -1024.93 -953.244 0.0838274 3.59917 -6.34025 -320.781 -795.07 -73.4337 -0.0838274
-3.38776 6.54027 320.764 -1014.48 -876.635 0.0824366 3.40565 -6.25841 -320.764 -783.681 -83.5771 -0.0824366
-3.13262 6.40285 320.738 -995.972 -795.618 0.0811458 3.16224 -6.1154 -320.738 -762.782 -94.233 -0.0811458
-2.89046 6.19492 320.708 -969.777 -710.736 0.0799695 2.88369 -5.92446 -320.708 -732.926 -105.622 -0.0799695
-2.64566 5.92882 320.668 -936.506 -622.71 0.0789214 2.60061 -5.68158 -320.668 -694.671 -119.13 -0.0789214
-2.39613 5.62721 320.658 -898.611 -533.758 0.0780147 2.33746 -5.38792 -320.658 -648.913 -135.686 -0.0780147
-2.11297 5.27991 320.654 -854.208 -441.9 0.0772642 2.09696 -5.04376 -320.654 -596.146 -153.596 -0.0772642
-1.8075 4.89419 320.591 -805.173 -347.43 0.0766864 1.85784 -4.66554 -320.591 -537.823 -171.167 -0.0766864
-1.47729 4.48135 320.499 -753.003 -249.477 0.0762982 1.59723 -4.2637 -320.499 -475.507 -185.716 -0.0762982
-1.13331 4.04629 320.402 -699.487 -147.127 0.0761152 1.2841 -3.85527 -320.402 -410.486 -195.344 -0.0761152
-0.790968 3.58674 320.337 -644.189 -40.6448 0.0761511 0.9164 -3.44457 -320.337 -343.488 -201.66 -0.0761511
-0.438118 3.12181 320.324 -588.046 66.7913 0.0764165 0.562602 -3.02614 -320.324 -275.494 -209.4 -0.0764165
-0.0821391 2.65934 320.299 -531.04 173.793 0.0769192 0.240259 -2.59657 -320.299 -207.142 -220.679 -0.0769192
0.247377 2.21404 320.254 -475.364 279.983 0.0776657 -0.0690239 -2.16756 -320.254 -139.951 -236.692 -0.0776657
0.546153 1.79168 320.167 -421.912 384.987 0.078661 -0.375518 -1.74888 -320.167 -75.2116 -256.226 -0.078661
0.845543 1.3989 320.067 -371.949 489.022 0.0799085 -0.663342 -1.35526 -320.067 -14.6614 -277.325 -0.0799085
1.16522 1.04397 320.027 -326.859 592.838 0.0814088 -0.938029 -1.0007 -320.027 39.9534 -297.202 -0.0814088
1.493 0.734804 320.01 -287.549 697.46 0.0831587 -1.23939 -0.692733 -320.01 87.3682 -313.006 -0.0831587
1.82313 0.488306 319.987 -255.349 803.122 0.0851498 -1.57987 -0.43618 -319.987 125.862 -324.03 -0.0851498
2.14549 0.315328 319.956 -231.095 908.498 0.0873677 -1.94603 -0.235766 -319.956 154.079 -332.257 -0.0873677
2.46533 0.2208 319.927 -216.963 1011.51 0.0897929 -2.29258 -0.111111 -319.927 170.748 -341.242 -0.0897929
2.78146 0.207075 319.915 -214.445 1111.17 0.092404 -2.59852 -0.0809771 -319.915 174.394 -353.1 -0.092404
3.07709 0.273337 319.934 -223.353 1206.98 0.0951798 -2.87853 -0.147539 -319.934 164.637 -367.654 -0.0951798
3.35142 0.421266 319.973 -243.49 1299.2 0.0980992 -3.14912 -0.30381 -319.973 142.027 -382.943 -0.0980992
3.6096 0.647681 320.033 -273.335 1387.24 0.10114 -3.41563 -0.535968 -320.033 107.432 -396.913 -0.10114
3.87817 0.946971 320.087 -312.077 1472.05 0.104277 -3.66711 -0.836152 -320.087 61.9316 -408.32 -0.104277
4.13206 1.30248 320.126 -358.435 1553.3 0.107484 -3.93016 -1.19939 -320.126 7.28757 -416.625 -0.107484
4.36111 1.69974 320.183 -410.281 1630.17 0.110734 -4.2041 -1.61075 -320.183 -54.4987 -422.534 -0.110734
4.5972 2.13016 320.255 -466.498 1701.21 0.113998 -4.43417 -2.05795 -320.255 -121.611 -427.814 -0.113998
4.83725 2.576 320.331 -525.46 1765.95 0.117246 -4.61702 -2.52838 -320.331 -191.407 -432.891 -0.117246
5.045 3.0079 320.424 -584.307 1825.04 0.120449 -4.8006 -3.01027 -320.424 -260.972 -436.781 -0.120449
5.19523 3.40915 320.493 -640.43 1877.87 0.12358 -5.00366 -3.48146 -320.493 -327.452 -439.77 -0.12358
5.30316 3.77545 320.53 -691.145 1922.91 0.12661 -5.18719 -3.90377 -320.53 -387.556 -443.697 -0.12661
5.37986 4.09917 320.555 -733.962 1958.62 0.129517 -5.31677 -4.24757 -320.555 -438.542 -450.276 -0.129517
5.41389 4.36596 320.572 -767.709 1984.56 0.132279 -5.40034 -4.50761 -320.572 -478.83 -459.584 -0.132279
5.41698 4.55115 320.579 -791.521 2000.86 0.13488 -5.43969 -4.69483 -320.579 -507.352 -469.845 -0.13488
5.41241 4.63624 320.572 -804.84 2008.44 0.137308 -5.43711 -4.81866 -320.572 -523.392 -478.38 -0.137308
5.40204 4.62198 320.55 -806.837 2008.49 0.139549 -5.42001 -4.86548 -320.55 -525.969 -482.278 -0.139549
5.36341 4.51961 320.512 -796.603 2001.59 0.141591 -5.42582 -4.80993 -320.512 -514.011 -480.026 -0.141591
5.29024 4.33352 320.459 -773.757 1986.84 0.143421 -5.44444 -4.64178 -320.459 -487.076 -473.007 -0.143421
5.20614 4.05416 320.391 -738.563 1962.32 0.145028 -5.41459 -4.37508 -320.391 -445.534 -464.596 -0.145028
5.11459 3.67674 320.314 -691.921 1926.95 0.146403 -5.30797 -4.02768 -320.314 -390.318 -457.219 -0.146403
4.99118 3.21774 320.235 -634.278 1880.93 0.147541 -5.15153 -3.59277 -320.235 -322.343 -450.692 -0.147541
4.82335 2.70582 320.139 -567.277 1825.49 0.148441 -4.9791 -3.06538 -320.139 -243.293 -443.271 -0.148441
4.62378 2.15417 320.045 -492.834 1761.94 0.149105 -4.79746 -2.46265 -320.045 -155.515 -433.535 -0.149105
4.40971 1.57261 319.968 -414.116 1690.95 0.149536 -4.59587 -1.82156 -319.968 -62.4195 -421.224 -0.149536
4.18156 0.970937 319.863 -334.719 1611.95 0.149738 -4.36439 -1.18678 -319.863 31.9383 -407.121 -0.149738
3.93431 0.363419 319.765 -255.462 1525.26 0.149713 -4.10818 -0.567678 -319.765 125.053 -391.521 -0.149713
3.66587 -0.209553 319.66 -179.971 1431.98 0.149468 -3.83604 0.0266952 -319.66 213.603 -374.563 -0.149468
3.37329 -0.728229 319.562 -110.386 1331.92 0.149007 -3.54538 0.582492 -319.562 295.008 -356.849 -0.149007
3.06069 -1.19199 319.527 -47.5247 1225.77 0.148339 -3.2348 1.08059 -319.527 367.309 -338.689 -0.148339
2.73242 -1.57625 319.521 2.87744 1114.72 0.147474 -2.9057 1.4811 -319.521 427.19 -320.446 -0.147474
2.3806 -1.88373 319.464 42.2299 997.911 0.146422 -2.5512 1.78731 -319.464 474.076 -303.343 -0.146422
2.0173 -2.10315 319.386 69.399 876.554 0.145201 -2.17297 1.99888 -319.386 507.471 -286.659 -0.145201
1.66004 -2.22795 319.331 84.5717 751.647 0.143831 -1.77182 2.11913 -319.331 526.736 -268.81 -0.143831
1.2985 -2.26078 319.325 87.7861 624.202 0.142338 -1.37646 2.14787 -319.325 532.173 -248.226 -0.142338
0.930041 -2.20721 319.355 79.3237 495.046 0.140747 -0.998711 2.08419 -319.355 524.159 -224.438 -0.140747
0.57485 -2.07132 319.434 61.2196 365.338 0.139078 -0.61827 1.94528 -319.434 503.646 -198.618 -0.139078
0.222273 -1.85427 319.534 33.9003 236.177 0.137354 -0.236599 1.73884 -319.534 471.45 -173.156 -0.137354
-0.159248 -1.56043 319.633 -2.96996 104.722 0.135596 0.15015 1.46065 -319.633 427.933 -150.176 -0.135596
-0.560129 -1.20382 319.672 -48.2243 -27.1421 0.133829 0.54062 1.11384 -319.672 374.336 -130.025 -0.133829
-0.962643 -0.795059 319.729 -101.259 -157.33 0.132079 0.938016 0.700172 -319.729 311.796 -112.746 -0.132079
-1.36427 -0.351464 319.822 -159.509 -286.699 0.130372 1.34458 0.237543 -319.822 242.696 -97.4404 -0.130372
-1.75959 0.127113 319.915 -221.659 -413.745 0.128733 1.74594 -0.251387 -319.915 168.884 -82.8298 -0.128733
-2.14521 0.631829 320.004 -285.952 -537.894 0.127181 2.13221 -0.746632 -320.004 92.6538 -67.6211 -0.127181
-2.51011 1.14333 320.104 -350.195 -657.735 0.125735 2.49417 -1.23901 -320.104 15.8231 -50.3803 -0.125735
-2.85012 1.64294 320.2 -412.948 -772.426 0.124414 2.83222 -1.72464 -320.2 -59.8771 -31.4177 -0.124414
-3.1716 2.11982 320.304 -473.75 -882.791 0.123229 3.15409 -2.19874 -320.304 -132.715 -11.8859 -0.123229
-3.48013 2.56346 320.392 -530.913 -988.86 0.12219 3.46278 -2.64609 -320.392 -200.764 7.04326 -0.12219
-3.78294 2.97542 320.45 -582.986 -1088.87 0.121304 3.7456 -3.04475 -320.45 -262.604 24.371 -0.121304
-4.1017 3.36503 320.509 -630.521 -1184.07 0.120574 4.00098 -3.384 -320.509 -317.493 38.5385 -0.120574
-4.418 3.7087 320.561 -671.28 -1274.04 0.120002 4.24866 -3.66494 -320.561 -364.509 48.9162 -0.120002
-4.70082 3.99377 320.589 -706.012 -1358.59 0.119589 4.51672 -3.9107 -320.589 -404.374 55.7459 -0.119589
-4.94815 4.21321 320.592 -734.48 -1437.23 0.119332 4.78964 -4.1254 -320.592 -436.912 60.9944 -0.119332
-5.18123 4.37184 320.591 -756.42 -1508.53 0.119224 5.01612 -4.2988 -320.591 -461.631 67.4612 -0.119224
-5.41708 4.47977 320.616 -771.34 -1572.52 0.119258 5.17306 -4.41221 -320.616 -477.814 76.017 -0.119258
-5.6208 4.54214 320.631 -778.686 -1628.79 0.119421 5.29864 -4.4525 -320.631 -484.893 85.7961 -0.119421
-5.75376 4.55157 320.607 -778.371 -1678.48 0.1197 5.45025 -4.42769 -320.607 -483.045 95.301 -0.1197
-5.83233 4.49588 320.557 -770.877 -1721.36 0.120081 5.61117 -4.35876 -320.557 -473.025 104.361 -0.120081
-5.90391 4.37148 320.499 -756.726 -1756.38 0.120549 5.71969 -4.25721 -320.499 -455.424 113.927 -0.120549
-5.97822 4.18401 320.448 -736.03 -1783.45 0.121088 5.76881 -4.11878 -320.448 -430.32 123.546 -0.121088
-6.02416 3.93713 320.408 -708.365 -1803.31 0.121684 5.80814 -3.93377 -320.408 -397.295 131.337 -0.121684
-6.03116 3.63781 320.366 -673.39 -1816.4 0.122327 5.86058 -3.6903 -320.366 -355.991 136.011 -0.122327
-6.02652 3.2962 320.307 -631.155 -1822.39 0.123005 5.89461 -3.37926 -320.307 -306.511 137.852 -0.123005
-6.02189 2.9204 320.231 -582.79 -1820.72 0.123711 5.88999 -3.00633 -320.231 -249.662 137.483 -0.123711
-6.00889 2.51485 320.158 -529.893 -1811.74 0.124435 5.8588 -2.5897 -320.158 -187.019 134.749 -0.124435
-5.97151 2.08273 320.071 -473.703 -1795.27 0.125168 5.81539 -2.14837 -320.071 -120.466 129.703 -0.125168
-5.89625 1.6353 319.977 -416.322 -1771.4 0.125899 5.77042 -1.70206 -319.977 -52.2518 122.826 -0.125899
-5.79467 1.17876 319.888 -358.776 -1739.46 0.126618 5.69763 -1.26402 -319.888 15.9152 115.507 -0.126618
-5.67326 0.725484 319.823 -302.256 -1699.38 0.127315 5.58364 -0.841923 -319.823 82.4076 108.661 -0.127315
-5.51963 0.293438 319.752 -248.018 -1651.17 0.12798 5.4395 -0.435497 -319.752 145.997 102.472 -0.12798
-5.34651 -0.0959776 319.709 -198.577 -1596.42 0.128603 5.27423 -0.0520139 -319.709 205.17 95.489 -0.128603
-5.15757 -0.437554 319.656 -153.452 -1534.7 0.129176 5.08576 0.31054 -319.656 258.995 87.0293 -0.129176
-4.95475 -0.726462 319.592 -113.669 -1466.63 0.12969 4.88086 0.636281 -319.592 305.586 76.5228 -0.12969
-4.73859 -0.957749 319.516 -81.7405 -1392.78 0.130136 4.66539 0.896955 -319.516 342.792 63.61 -0.130136
-4.50755 -1.13136 319.475 -58.2928 -1312.94 0.130503 4.43721 1.07976 -319.475 369.429 48.6085 -0.130503
-4.26521 -1.23621 319.466 -44.5781 -1227.87 0.13078 4.19682 1.17831 -319.466 384.298 31.7105 -0.13078
-4.00485 -1.2641 319.461 -40.9368 -1137.41 0.130956 3.94099 1.1972 -319.461 387.23 14.1381 -0.130956
-3.70766 -1.2118 319.462 -47.2632 -1041.05 0.131022 3.67293 1.14223 -319.462 378.482 -2.42398 -0.131022
-3.37671 -1.08142 319.47 -63.2178 -938.759 0.130968 3.38078 1.01614 -319.47 358.395 -16.7727 -0.130968
-3.03436 -0.877308 319.531 -88.9698 -831.683 0.130781 3.0481 0.818586 -319.531 327.702 -28.596 -0.130781
-2.6918 -0.609744 319.606 -122.99 -721.123 0.130449 2.6907 0.55536 -319.606 287.132 -40.383 -0.130449
-2.33893 -0.282365 319.677 -164.767 -607.383 0.129958 2.32732 0.232304 -319.677 237.505 -53.0499 -0.129958
-1.9879 0.0996856 319.741 -212.883 -492.202 0.1293 1.97362 -0.137479 -319.741 179.969 -68.7635 -0.1293
-1.6657 0.521753 319.823 -265.801 -377.845 0.128468 1.62574 -0.546926 -319.823 116.036 -88.5101 -0.128468
-1.35913 0.981496 319.888 -323.22 -263.663 0.127461 1.28733 -0.990853 -319.888 46.4642 -111.6 -0.127461
-1.03684 1.47755 319.96 -384.474 -148.864 0.12628 0.967868 -1.45624 -319.96 -27.3912 -135.757 -0.12628
-0.681915 1.99642 320.066 -448.447 -32.9551 0.124927 0.663207 -1.94086 -320.066 -104.437 -158.519 -0.124927
-0.314188 2.51345 320.197 -513.668 84.2034 0.123407 0.337908 -2.44833 -320.197 -183.185 -177.836 -0.123407
0.0519106 3.01403 320.307 -578.414 202.606 0.121722 -0.0313561 -2.96858 -320.307 -261.894 -192.453 -0.121722
0.420032 3.49246 320.419 -640.899 321.486 0.119873 -0.422281 -3.47788 -320.419 -338.214 -204.225 -0.119873
0.790148 3.94108 320.5 -699.63 438.58 0.11786 -0.800129 -3.95743 -320.5 -409.917 -215.774 -0.11786
1.14969 4.35744 320.625 -754.814 552.755 0.115687 -1.14968 -4.39703 -320.625 -475.017 -229.872 -0.115687
1.47763 4.7198 320.716 -802.475 661.999 0.11336 -1.46715 -4.7696 -320.716 -530.63 -247.996 -0.11336
1.77756 5.01838 320.751 -841.377 766.278 0.11089 -1.75612 -5.06801 -320.751 -575.622 -269.101 -0.11089
2.06799 5.24197 320.76 -870.516 866.052 0.108291 -2.01708 -5.2879 -320.76 -608.799 -290.984 -0.108291
2.35063 5.3833 320.763 -889.543 962.982 0.105577 -2.27619 -5.42719 -320.763 -629.204 -311.395 -0.105577
2.62267 5.43998 320.785 -897.778 1057.42 0.102763 -2.55104 -5.48458 -320.785 -636.997 -328.612 -0.102763
2.89022 5.41035 320.794 -894.761 1148.54 0.0998605 -2.83193 -5.45663 -320.794 -631.919 -342.308 -0.0998605
3.15296 5.29664 320.782 -880.695 1235.27 0.0968827 -3.09838 -5.3435 -320.782 -614.106 -354.335 -0.0968827
3.40125 5.10213 320.736 -856.054 1316.3 0.0938403 -3.33968 -5.14783 -320.736 -583.913 -366.256 -0.0938403
3.62604 4.83207 320.678 -821.534 1391.35 0.0907446 -3.55736 -4.87556 -320.678 -542.219 -378.836 -0.0907446
3.82024 4.4932 320.638 -778.029 1460.11 0.0876078 -3.75338 -4.53459 -320.638 -490.185 -392.481 -0.0876078
3.98123 4.0956 320.594 -726.831 1522.29 0.0844437 -3.93059 -4.13557 -320.594 -429.436 -406.886 -0.0844437
4.10908 3.65055 320.515 -669.38 1577.5 0.0812685 -4.0851 -3.68969 -320.515 -361.685 -422.185 -0.0812685
4.22294 3.1709 320.406 -607.408 1625.64 0.0780999 -4.20218 -3.20933 -320.406 -288.748 -437.674 -0.0780999
4.31773 2.66849 320.302 -542.298 1667.44 0.0749577 -4.30206 -2.70595 -320.302 -212.518 -451.934 -0.0749577
4.3945 2.1567 320.218 -475.828 1702.87 0.0718616 -4.39138 -2.19255 -320.218 -134.92 -463.882 -0.0718616
4.47804 1.65514 320.163 -410.246 1731.81 0.0688307 -4.44734 -1.68203 -320.163 -58.2781 -473.095 -0.0688307
4.57748 1.1824 320.083 -348.1 1754.54 0.0658818 -4.46774 -1.19308 -320.083 14.7175 -478.901 -0.0658818
4.65392 0.745615 319.976 -290.854 1771.69 0.0630305 -4.49859 -0.743751 -319.976 81.9942 -480.907 -0.0630305
4.686 0.354924 319.873 -239.89 1783.07 0.0602945 -4.55033 -0.347832 -319.873 141.569 -480.473 -0.0602945
4.67566 0.0230668 319.793 -196.953 1787.31 0.0576936 -4.58854 -0.0177909 -319.793 191.645 -480.786 -0.0576936
4.62558 -0.235923 319.742 -162.938 1783.02 0.0552503 -4.57857 0.246309 -319.742 231.138 -484.938 -0.0552503
4.54426 -0.411104 319.713 -138.653 1769.59 0.0529901 -4.50078 0.442248 -319.713 259.003 -493.89 -0.0529901
4.43523 -0.493121 319.68 -125.76 1747.92 0.0509408 -4.37268 0.558487 -319.68 273.969 -505.592 -0.0509408
4.30244 -0.485139 319.644 -125.025 1719.87 0.0491322 -4.23008 0.581151 -319.644 275.297 -516.308 -0.0491322
4.15983 -0.391029 319.62 -136.787 1687.15 0.0475929 -4.09534 0.500887 -319.62 262.555 -522.667 -0.0475929
4.02292 -0.210331 319.625 -160.505 1650.72 0.0463489 -3.97067 0.324814 -319.625 236.138 -523.109 -0.0463489
3.88864 0.0523487 319.672 -194.552 1610.68 0.0454225 -3.85653 0.0680904 -319.672 197.195 -518.125 -0.0454225
3.74273 0.392463 319.732 -238.523 1566.18 0.0448327 -3.74488 -0.265649 -319.732 146.472 -509.998 -0.0448327
3.59484 0.805841 319.8 -291.222 1516.36 0.0445959 -3.60011 -0.660669 -319.8 85.5699 -501.492 -0.0445959
3.44554 1.28541 319.874 -351.531 1460.73 0.0447267 -3.40727 -1.10617 -319.874 15.8808 -494.147 -0.0447267
3.27373 1.80748 319.973 -416.853 1400.71 0.0452386 -3.20304 -1.59522 -319.973 -60.885 -487.197 -0.0452386
3.07022 2.35723 320.08 -486.403 1337.14 0.0461434 -3.00801 -2.12805 -320.08 -143.469 -479.865 -0.0461434
2.85303 2.92571 320.202 -558.984 1270.26 0.0474506 -2.81299 -2.68982 -320.202 -229.72 -471.165 -0.0474506
2.63805 3.50216 320.309 -632.669 1200.17 0.0491649 -2.60401 -3.26177 -320.309 -317.417 -460.927 -0.0491649
2.42924 4.07426 320.401 -704.865 1127.9 0.0512862 -2.38597 -3.82047 -320.401 -404.133 -448.923 -0.0512862
2.21866 4.63689 320.475 -774.426 1053.66 0.0538092 -2.16757 -4.3512 -320.475 -488.221 -435.264 -0.0538092
2.00377 5.17313 320.548 -840.164 977.733 0.0567231 -1.95398 -4.85207 -320.548 -568.229 -419.853 -0.0567231
1.78731 5.66218 320.632 -900.651 900.401 0.0600132 -1.74287 -5.32165 -320.632 -642.459 -402.92 -0.0600132
1.56925 6.09634 320.715 -955.473 821.743 0.0636628 -1.5275 -5.75559 -320.715 -709.632 -385.492 -0.0636628
1.34824 6.47387 320.809 -1003.07 741.941 0.0676542 -1.30697 -6.13397 -320.809 -768.266 -368.065 -0.0676542
1.11324 6.80002 320.893 -1042.86 660.633 0.0719696 -1.09113 -6.43917 -320.893 -817.199 -350.445 -0.0719696
0.862986 7.07078 320.951 -1074.41 577.458 0.0765903 -0.877073 -6.66835 -320.951 -855.911 -332.852 -0.0765903
0.615654 7.27761 320.969 -1097.84 492.538 0.0814971 -0.644636 -6.83142 -320.969 -884.456 -315.688 -0.0814971
0.379076 7.4091 320.952 -1112.78 406.888 0.0866698 -0.397052 -6.9382 -320.952 -903.009 -298.415 -0.0866698
0.148725 7.46537 320.941 -1119.65 321.565 0.0920866 -0.155041 -6.99446 -320.941 -911.953 -279.811 -0.0920866
-0.0773349 7.44925 320.945 -1118.2 237.235 0.097724 0.06904 -6.99424 -320.945 -911.107 -259.08 -0.097724
-0.294761 7.36473 320.955 -1108.2 154.164 0.103557 0.278032 -6.93033 -320.955 -900.243 -236.273 -0.103557
-0.506728 7.22154 320.974 -1089.87 71.468 0.10956 0.486211 -6.7948 -320.974 -879.41 -212.956 -0.10956
-0.711411 7.02297 320.973 -1063.98 -9.83524 0.115704 0.693211 -6.59286 -320.973 -849.019 -189.84 -0.115704
-0.910164 6.76511 320.943 -1031.32 -88.7799 0.121961 0.895066 -6.33738 -320.943 -809.534 -167.52 -0.121961
-1.10663 6.44515 320.869 -991.873 -165.827 0.128304 1.09186 -6.03839 -320.869 -762.003 -146.057 -0.128304
-1.30228 6.06986 320.796 -946.1 -241.175 0.134703 1.28603 -5.69781 -320.796 -707.175 -125.804 -0.134703
-1.49884 5.65216 320.736 -894.566 -314.943 0.141128 1.47773 -5.31006 -320.736 -645.52 -106.899 -0.141128
-1.70193 5.2079 320.695 -838.7 -386.675 0.14755 1.65552 -4.87846 -320.695 -578.303 -88.9846 -0.14755
-1.90487 4.74327 320.64 -779.416 -456.506 0.153938 1.82726 -4.41207 -320.64 -506.752 -72.0879 -0.153938
-2.08622 4.26594 320.568 -718.532 -523.32 0.16026 1.99984 -3.92973 -320.568 -432.774 -55.2842 -0.16026
-2.25873 3.78557 320.49 -657.823 -587.177 0.166482 2.16254 -3.44913 -320.49 -358.439 -38.7943 -0.166482
-2.42876 3.30898 320.408 -597.66 -648.252 0.172567 2.30991 -2.97745 -320.408 -285.343 -22.5743 -0.172567
-2.58467 2.85397 320.33 -540.072 -706.961 0.178477 2.4567 -2.52692 -320.33 -215.677 -6.64318 -0.178477
-2.71043 2.43833 320.252 -486.834 -762.571 0.184178 2.61119 -2.10451 -320.252 -151.146 9.35494 -0.184178
-2.81451 2.07428 320.177 -439.531 -814.46 0.189633 2.75537 -1.72214 -320.177 -93.5558 26.1394 -0.189633
-2.91538 1.76649 320.115 -399.394 -862.006 0.19481 2.86471 -1.39728 -320.115 -44.7883 43.9419 -0.19481
-3.01538 1.5209 320.084 -367.713 -905.949 0.199676 2.94798 -1.14335 -320.084 -6.27297 61.9396 -0.199676
-3.10574 1.35237 320.051 -345.964 -946.274 0.204198 3.02734 -0.967139 -320.051 20.4231 78.2401 -0.204198
-3.18812 1.27006 320.022 -334.949 -983.326 0.208345 3.11527 -0.870611 -320.022 34.5397 91.2035 -0.208345
-3.26869 1.27804 319.994 -334.851 -1017.5 0.212088 3.21143 -0.855039 -319.994 35.5082 100.399 -0.212088
-3.34335 1.37543 319.982 -346.057 -1048.21 0.215405 3.30943 -0.927902 -319.982 22.7881 106.735 -0.215405
-3.4184 1.55778 320 -368.581 -1074.67 0.218273 3.38656 -1.09448 -320 -3.72269 111.704 -0.218273
-3.47874 1.82476 320.04 -402.119 -1096.28 0.220676 3.44593 -1.35004 -320.04 -43.6167 116.413 -0.220676
-3.51229 2.17214 320.097 -445.847 -1112.66 0.222603 3.49314 -1.68649 -320.097 -95.9864 121.369 -0.222603
-3.52798 2.58939 320.162 -498.617 -1123.66 0.224043 3.51889 -2.09699 -320.162 -159.539 126.501 -0.224043
-3.53254 3.06722 320.244 -559.774 -1129.87 0.224989 3.52655 -2.57509 -320.244 -232.718 130.956 -0.224989
-3.516 3.59193 320.344 -627.498 -1131.7 0.225437 3.53677 -3.10606 -320.344 -313.347 133.661 -0.225437
-3.47559 4.14849 320.46 -699.733 -1128.62 0.225388 3.54906 -3.67386 -320.46 -399.115 134.54 -0.225388
-3.4295 4.71282 320.561 -772.904 -1120.14 0.224847 3.53928 -4.25577 -320.561 -487.024 133.948 -0.224847
-3.37766 5.27567 320.63 -845.516 -1105.98 0.22382 3.50387 -4.83393 -320.63 -574.755 132.094 -0.22382
-3.31667 5.81933 320.689 -915.505 -1086.2 0.222317 3.44887 -5.39051 -320.689 -659.383 128.691 -0.222317
-3.24516 6.32709 320.755 -981.085 -1061.12 0.220348 3.38265 -5.91274 -320.755 -738.546 123.072 -0.220348
-3.15387 6.78203 320.837 -1040.14 -1030.74 0.217927 3.31577 -6.38498 -320.837 -809.782 115.039 -0.217927
-3.05087 7.16719 320.914 -1090.56 -994.758 0.215066 3.23533 -6.79406 -320.914 -870.985 104.978 -0.215066
-2.94473 7.47431 320.965 -1131.14 -953.11 0.211778 3.12853 -7.1274 -320.965 -920.406 93.4245 -0.211778
-2.82978 7.69477 320.987 -1160.45 -905.876 0.208078 3.00072 -7.37126 -320.987 -956.339 80.4945 -0.208078
-2.69923 7.8213 320.992 -1177.5 -853.548 0.20398 2.86301 -7.51703 -320.992 -977.564 66.0753 -0.20398
-2.55297 7.84991 320.987 -1181.31 -796.624 0.199498 2.71719 -7.55648 -320.987 -983.317 50.428 -0.199498
-2.39191 7.78032 320.982 -1172.48 -735.082 0.19465 2.55755 -7.49573 -320.982 -973.832 34.2031 -0.19465
-2.21696 7.61262 320.952 -1150.95 -668.827 0.189452 2.3809 -7.33584 -320.952 -949.32 17.626 -0.189452
-2.02597 7.35489 320.904 -1117.56 -597.943 0.183923 2.18597 -7.08042 -320.904 -910.594 1.25605 -0.183923
-1.82289 7.01116 320.84 -1073.4 -523.231 0.178077 1.97953 -6.74154 -320.84 -858.834 -15.6103 -0.178077
-1.60694 6.5888 320.796 -1019.76 -445.553 0.171935 1.76933 -6.33087 -320.796 -795.412 -33.0927 -0.171935
-1.3737 6.10613 320.757 -959.014 -365.01 0.165513 1.55994 -5.86194 -320.757 -722.425 -51.1129 -0.165513
-1.13893 5.56556 320.706 -890.55 -281.879 0.158835 1.33353 -5.33498 -320.706 -640.87 -69.1002 -0.158835
-0.919146 4.98298 320.609 -816.877 -196.144 0.15192 1.07873 -4.77039 -320.609 -553.332 -87.7996 -0.15192
-0.699792 4.37786 320.494 -741.081 -108.958 0.144792 0.823317 -4.18489 -320.494 -461.81 -107.914 -0.144792
-0.46214 3.76297 320.398 -663.735 -20.8339 0.137474 0.594284 -3.58057 -320.398 -367.821 -130.097 -0.137474
-0.204609 3.15756 320.329 -586.494 67.6873 0.129993 0.393442 -2.96853 -320.329 -273.972 -153.839 -0.129993
0.0579003 2.56613 320.268 -510.359 157.59 0.122376 0.183079 -2.36637 -320.268 -182.372 -176.921 -0.122376
0.31107 1.99885 320.186 -438.597 249.422 0.114649 -0.0696666 -1.8085 -320.186 -96.0192 -197.289 -0.114649
0.559175 1.46945 320.091 -373.078 342.717 0.10684 -0.348896 -1.30812 -320.091 -16.8241 -216.107 -0.10684
0.814477 0.995807 319.993 -314.575 436.014 0.0989794 -0.621681 -0.862456 -319.993 53.863 -234.823 -0.0989794
1.07067 0.587731 319.951 -263.794 527.912 0.0910939 -0.871164 -0.473577 -319.951 115.078 -255.286 -0.0910939
1.31428 0.251706 319.919 -221.475 617.947 0.0832136 -1.10493 -0.147227 -319.919 165.841 -277.866 -0.0832136
1.53896 -0.00610448 319.882 -188.735 706.115 0.07537 -1.3326 0.107623 -319.882 205.145 -302.099 -0.07537
1.75272 -0.186179 319.85 -165.503 792.987 0.0675951 -1.55705 0.286589 -319.85 232.368 -327.025 -0.0675951
1.95951 -0.281871 319.815 -153.208 877.595 0.0599212 -1.77211 0.379079 -319.815 246.517 -351.992 -0.0599212
2.16704 -0.295885 319.8 -152.089 960.63 0.0523805 -1.9834 0.382761 -319.8 247.885 -375.823 -0.0523805
2.37613 -0.232557 319.815 -161.556 1042.06 0.0450073 -2.19429 0.299231 -319.815 236.713 -397.9 -0.0450073
2.58841 -0.0899937 319.859 -181.445 1121.99 0.0378371 -2.40917 0.135094 -319.859 213.503 -417.477 -0.0378371
2.80081 0.128689 319.921 -210.826 1200.11 0.0309037 -2.62706 -0.0972339 -319.921 179.506 -434.815 -0.0309037
3.00022 0.413253 319.976 -248.575 1275.46 0.0242374 -2.8476 -0.389881 -319.976 136.142 -450.848 -0.0242374
3.16748 0.75015 320.032 -292.83 1345.96 0.0178657 -3.06329 -0.733879 -320.032 84.7147 -467.248 -0.0178657
3.3101 1.13219 320.078 -342.389 1411.03 0.0118162 -3.24896 -1.11651 -320.078 26.8181 -485.92 -0.0118162
3.44281 1.54665 320.128 -395.489 1470.14 0.00611913 -3.38598 -1.52556 -320.128 -35.807 -506.868 -0.00611913
3.56621 1.97957 320.197 -450.784 1523.83 0.000806658 -3.49373 -1.95348 -320.197 -101.482 -527.841 -0.000806658
3.67138 2.42175 320.281 -507.712 1573.08 -0.00409097 -3.60845 -2.39532 -320.281 -168.782 -545.983 0.00409097
3.7639 2.85713 320.368 -563.952 1618.3 -0.00854735 -3.73895 -2.83445 -320.368 -235.434 -559.675 0.00854735
3.86315 3.27828 320.428 -618.509 1659.05 -0.0125403 -3.86152 -3.26139 -320.428 -300.058 -569.087 0.0125403
3.96786 3.67097 320.461 -669.718 1694.36 -0.016051 -3.96163 -3.66464 -320.461 -360.699 -575.476 0.016051
4.0539 4.02218 320.482 -716.001 1723.52 -0.0190632 -4.05011 -4.03285 -320.482 -415.515 -580.005 0.0190632
4.10709 4.32405 320.511 -755.889 1746.05 -0.0215621 -4.12856 -4.35099 -320.511 -462.754 -583.947 0.0215621
4.13504 4.57064 320.55 -788.192 1761.29 -0.0235333 -4.1763 -4.6059 -320.55 -500.924 -588.485 0.0235333
4.12807 4.75272 320.584 -811.591 1768.68 -0.0249627 -4.19632 -4.78845 -320.584 -528.766 -594.007 0.0249627
4.08362 4.86511 320.587 -825.835 1768.25 -0.0258367 -4.19509 -4.89835 -320.587 -545.759 -599.985 0.0258367
4.02718 4.90366 320.561 -830.682 1760.27 -0.0261418 -4.15691 -4.93588 -320.561 -551.605 -605.312 0.0261418
3.9709 4.86776 320.521 -826.137 1745.47 -0.0258662 -4.08814 -4.90174 -320.521 -546.305 -608.135 0.0258662
3.91091 4.7593 320.482 -812.415 1724.92 -0.0250009 -4.01445 -4.79723 -320.482 -530.099 -606.44 0.0250009
3.84311 4.57865 320.453 -789.701 1699.29 -0.0235409 -3.95127 -4.6261 -320.453 -503.378 -599.326 0.0235409
3.76088 4.32942 320.425 -758.574 1668.12 -0.0214862 -3.89562 -4.39291 -320.425 -466.713 -587.667 0.0214862
3.66223 4.02079 320.377 -719.693 1630.6 -0.0188408 -3.82636 -4.09849 -320.377 -420.849 -573.902 0.0188408
3.54011 3.66558 320.301 -673.874 1585.57 -0.0156125 -3.72373 -3.74301 -320.301 -366.796 -560.642 0.0156125
3.38991 3.27422 320.215 -622.442 1532.84 -0.011811 -3.58178 -3.33651 -320.215 -306.108 -549.171 0.011811
3.2149 2.85242 320.131 -567.023 1472.72 -0.00744699 -3.40305 -2.89779 -320.131 -240.599 -538.997 0.00744699
3.02156 2.40727 320.087 -509.035 1406.48 -0.00253275 -3.20326 -2.44396 -320.087 -172.259 -528.255 0.00253275
2.8183 1.9545 320.046 -450.531 1335.46 0.00291599 -2.99869 -1.98742 -320.046 -102.98 -514.826 -0.00291599
2.6121 1.50472 319.99 -392.514 1260.21 0.00887776 -2.79477 -1.53665 -319.99 -34.4469 -497.504 -0.00887776
2.40671 1.07064 319.929 -336.045 1180.53 0.0153246 -2.58999 -1.10078 -319.929 31.3341 -475.793 -0.0153246
2.20098 0.668816 319.852 -283.471 1097.2 0.0222231 -2.38401 -0.69284 -319.852 92.5516 -450.671 -0.0222231
1.97908 0.307719 319.79 -236.14 1010.21 0.0295361 -2.17661 -0.324575 -319.79 147.714 -424.371 -0.0295361
1.72971 -0.00340745 319.753 -195.885 919.151 0.0372243 -1.96066 -0.00966146 -319.753 195.435 -399.083 -0.0372243
1.45584 -0.26426 319.729 -162.597 822.937 0.0452474 -1.70974 0.250574 -319.729 235.374 -377.009 -0.0452474
1.16903 -0.466697 319.7 -137.165 721.4 0.0535652 -1.41702 0.449866 -319.7 266.395 -357.316 -0.0535652
0.871793 -0.607486 319.666 -119.671 615.905 0.0621393 -1.10304 0.587479 -319.666 288.023 -338.129 -0.0621393
0.569288 -0.687966 319.652 -109.508 508.419 0.0709316 -0.798267 0.666044 -319.652 300.209 -316.412 -0.0709316
0.259213 -0.704596 319.654 -107.511 399.232 0.0799026 -0.51494 0.68052 -319.654 302.582 -291.055 -0.0799026
-0.0485673 -0.662062 319.678 -113.319 289.223 0.0890095 -0.245294 0.631184 -319.678 295.478 -262.644 -0.0890095
-0.347856 -0.556214 319.728 -127.624 177.554 0.0982071 0.0411274 0.519322 -319.728 279.187 -233.744 -0.0982071
-0.64781 -0.395058 319.787 -148.479 62.8238 0.10745 0.357028 0.35721 -319.787 254.613 -206.022 -0.10745
-0.956367 -0.184896 319.824 -175.512 -53.411 0.116694 0.679305 0.14549 -319.824 222.358 -178.904 -0.116694
-1.28071 0.0693976 319.883 -208.072 -169.206 0.1259 0.98852 -0.109671 -319.883 183.324 -152.61 -0.1259
-1.61061 0.366997 319.955 -246.271 -285.636 0.135029 1.30071 -0.404901 -319.955 138.214 -126.883 -0.135029
-1.92332 0.695345 319.995 -288.38 -401.798 0.144043 1.63103 -0.729914 -319.995 88.5061 -101.55 -0.144043
-2.22749 1.04632 320.033 -333.546 -517.567 0.152901 1.96765 -1.0796 -320.033 35.2094 -76.2934 -0.152901
-2.52993 1.4086 320.104 -380.083 -631.536 0.16157 2.28185 -1.44348 -320.104 -20.2992 -49.4396 -0.16157
-2.83101 1.7724 320.197 -426.661 -743.206 0.170015 2.57497 -1.81076 -320.197 -76.4603 -21.7244 -0.170015
-3.12357 2.13219 320.299 -472.947 -853.032 0.1782 2.86559 -2.17412 -320.299 -131.798 5.70731 -0.1782
-3.40253 2.47693 320.386 -517.537 -961.535 0.186092 3.17178 -2.52286 -320.386 -184.662 31.5516 -0.186092
-3.66297 2.79415 320.426 -558.98 -1066.09 0.193659 3.47612 -2.84893 -320.426 -233.619 56.3261 -0.193659
-3.92094 3.07991 320.462 -597.159 -1166.27 0.200873 3.75687 -3.14736 -320.462 -277.534 80.4018 -0.200873
-4.17142 3.32346 320.494 -629.938 -1260.9 0.207713 4.0063 -3.4012 -320.494 -314.652 104.406 -0.207713
-4.39854 3.5189 320.531 -656.095 -1349.49 0.214156 4.24023 -3.60078 -320.531 -344.007 127.844 -0.214156
-4.60788 3.65957 320.548 -674.745 -1432.47 0.220175 4.46566 -3.7408 -320.548 -364.799 149.389 -0.220175
-4.80828 3.73889 320.549 -685.717 -1509.72 0.225747 4.67533 -3.82092 -320.549 -376.234 168.7 -0.225747
-5.00362 3.7536 320.559 -688.913 -1581.44 0.230853 4.87074 -3.84433 -320.559 -378.393 185.221 -0.230853
-5.18234 3.70239 320.536 -683.74 -1646.65 0.235475 5.04848 -3.80437 -320.536 -370.752 200.081 -0.235475
-5.33945 3.59008 320.485 -670.169 -1704.94 0.239602 5.20843 -3.69655 -320.485 -353.389 213.587 -0.239602
-5.4728 3.41742 320.42 -648.434 -1755.76 0.243225 5.34659 -3.52422 -320.42 -326.642 226.055 -0.243225
-5.5819 3.18366 320.364 -618.77 -1798.94 0.246337 5.4592 -3.29413 -320.364 -291.123 237.906 -0.246337
-5.66715 2.89406 320.32 -582.353 -1834.39 0.248934 5.5462 -3.01602 -320.32 -247.76 249.006 -0.248934
-5.72853 2.55708 320.267 -540.025 -1861.92 0.251016 5.60921 -2.69337 -320.267 -197.391 258.944 -0.251016
-5.76453 2.18551 320.19 -492.958 -1881.52 0.252583 5.65209 -2.33104 -320.19 -141.326 267.371 -0.252583
-5.7757 1.78732 320.094 -442.076 -1893.28 0.253639 5.6767 -1.93652 -320.094 -80.8098 274.053 -0.253639
-5.76904 1.37059 319.993 -388.885 -1896.96 0.25419 5.67355 -1.52443 -319.993 -17.5305 279.085 -0.25419
-5.74074 0.946409 319.9 -335.01 -1892.78 0.254246 5.64895 -1.10755 -319.9 46.7859 282.349 -0.254246
-5.6906 0.523873 319.822 -281.244 -1880.66 0.253815 5.60209 -0.693506 -319.822 110.582 283.896 -0.253815
-5.62172 0.112964 319.754 -228.796 -1860.6 0.252909 5.52987 -0.292668 -319.754 172.206 283.733 -0.252909
-5.52904 -0.272464 319.685 -179.513 -1833.15 0.251541 5.44267 0.0838334 -319.685 229.994 281.652 -0.251541
-5.41406 -0.625889 319.623 -133.802 -1798.46 0.249723 5.33867 0.433127 -319.623 283.032 277.859 -0.249723
-5.28179 -0.92825 319.56 -94.841 -1756.67 0.247471 5.21117 0.736226 -319.56 329.155 272.727 -0.247471
-5.13068 -1.18033 319.491 -62.4891 -1707.65 0.244803 5.05799 0.988493 -319.491 367.677 266.65 -0.244803
-4.96322 -1.37865 319.452 -37.3442 -1652.58 0.241737 4.88827 1.18122 -319.452 397.485 259.168 -0.241737
-4.77591 -1.51704 319.416 -20.3094 -1591.1 0.238292 4.70266 1.30867 -319.416 417.809 250.325 -0.238292
-4.57124 -1.59325 319.386 -11.4208 -1523.67 0.234488 4.50223 1.37187 -319.386 428.511 240.079 -0.234488
-4.35108 -1.60536 319.383 -10.2837 -1450.85 0.230345 4.29102 1.37528 -319.383 429.555 228.158 -0.230345
-4.1132 -1.55419 319.405 -16.5402 -1372.47 0.225885 4.0681 1.32297 -319.405 421.27 214.833 -0.225885
-3.85854 -1.44139 319.428 -30.3235 -1288.59 0.221126 3.82745 1.21435 -319.428 403.938 200.874 -0.221126
-3.59025 -1.27326 319.46 -51.1437 -1199.83 0.216091 3.57037 1.05149 -319.46 378.246 186.283 -0.216091
-3.3123 -1.05369 319.479 -78.6741 -1106.55 0.210799 3.29603 0.835519 -319.479 344.571 170.963 -0.210799
-3.02788 -0.788547 319.518 -112.101 -1008.91 0.205272 3.00898 0.572126 -319.518 303.726 154.005 -0.205272
-2.73835 -0.489442 319.574 -149.7 -907.939 0.199531 2.71722 0.274275 -319.574 257.435 135.109 -0.199531
-2.44542 -0.160389 319.659 -191.077 -804.499 0.193596 2.42552 -0.052793 -319.659 206.609 114.224 -0.193596
-2.15414 0.194444 319.774 -236.256 -699.823 0.187485 2.13562 -0.404685 -319.774 152.474 91.6321 -0.187485
-1.86805 0.564784 319.843 -283.384 -593.031 0.181219 1.8361 -0.769278 -319.843 96.3249 67.5576 -0.181219
-1.58852 0.937524 319.909 -329.913 -485.545 0.174816 1.53133 -1.12924 -319.909 39.8886 42.6134 -0.174816
-1.30064 1.31077 319.957 -376.061 -377.481 0.168298 1.23407 -1.48418 -319.957 -16.2929 17.214 -0.168298
-1.00265 1.67426 320.008 -421.019 -269.441 0.161685 0.945451 -1.82989 -320.008 -70.9979 -7.95223 -0.161685
-0.69464 2.01982 320.076 -464.384 -160.236 0.154994 0.653925 -2.165 -320.076 -123.285 -32.4675 -0.154994
-0.384669 2.33671 320.146 -504.681 -50.7949 0.148242 0.355379 -2.48203 -320.146 -172.071 -55.9588 -0.148242
-0.085752 2.61952 320.244 -540.895 58.1432 0.141449 0.0490469 -2.77069 -320.244 -216.163 -79.4083 -0.141449
0.198532 2.86299 320.311 -571.785 165.249 0.134633 -0.252567 -3.01823 -320.311 -254.274 -103.747 -0.134633
0.47619 3.06678 320.353 -597.291 270.373 0.127814 -0.535224 -3.21851 -320.353 -285.55 -129.704 -0.127814
0.744165 3.22613 320.376 -616.628 372.694 0.121008 -0.795052 -3.36719 -320.376 -309.5 -157.432 -0.121008
0.9975 3.33706 320.386 -629.766 471.816 0.114232 -1.04082 -3.46673 -320.386 -325.938 -186.002 -0.114232
1.23902 3.40042 320.412 -637.374 568.187 0.107499 -1.28181 -3.52124 -320.412 -334.892 -214.163 -0.107499
1.47144 3.41558 320.457 -639.322 661.505 0.100826 -1.51748 -3.52966 -320.457 -336.255 -241.31 -0.100826
1.69605 3.3824 320.478 -635.335 751.212 0.0942265 -1.74368 -3.49216 -320.478 -330.308 -267.287 -0.0942265
1.91272 3.3029 320.45 -625.465 836.88 0.0877166 -1.95822 -3.41042 -320.45 -317.517 -291.994 -0.0877166
2.11966 3.18181 320.393 -610.314 918.628 0.0813097 -2.16211 -3.28644 -320.393 -298.225 -315.663 -0.0813097
2.3126 3.0248 320.351 -590.783 996.423 0.0750205 -2.35354 -3.1257 -320.351 -273.102 -339.112 -0.0750205
2.48878 2.83638 320.32 -567.252 1069.58 0.0688653 -2.52917 -2.93305 -320.32 -243.08 -362.517 -0.0688653
2.65208 2.61856 320.327 -539.488 1138.51 0.0628621 -2.69078 -2.7106 -320.327 -208.972 -385.492 -0.0628621
2.80018 2.37872 320.326 -508.583 1202.29 0.0570284 -2.8308 -2.46725 -320.326 -171.974 -408.51 -0.0570284
2.9335 2.12496 320.279 -476.079 1260.76 0.0513801 -2.95263 -2.21257 -320.279 -133.028 -430.871 -0.0513801
3.0522 1.86124 320.203 -442.442 1314.07 0.0459321 -3.06156 -1.95175 -320.203 -92.9527 -451.952 -0.0459321
3.15778 1.59725 320.14 -408.751 1362.26 0.0407004 -3.16159 -1.69141 -320.14 -52.9596 -471.036 -0.0407004
3.24813 1.33882 320.089 -375.659 1405.51 0.0357019 -3.2519 -1.43545 -320.089 -13.7657 -488.705 -0.0357019
3.32393 1.09088 320.058 -343.653 1443.83 0.0309539 -3.32957 -1.18944 -320.058 23.6429 -505.288 -0.0309539
3.38586 0.860166 320.032 -313.677 1476.86 0.0264721 -3.38955 -0.959989 -320.032 58.3311 -521.035 -0.0264721
3.43657 0.652951 319.989 -286.682 1504.33 0.0222709 -3.42604 -0.753493 -319.989 89.4735 -536.12 -0.0222709
3.47315 0.473195 319.936 -263.447 1526.3 0.0183639 -3.44535 -0.57653 -319.936 116.366 -550.131 -0.0183639
3.49078 0.322911 319.889 -244.374 1543.25 0.0147657 -3.45945 -0.433487 -319.889 138.513 -562.534 -0.0147657
3.49189 0.20519 319.855 -229.64 1555.33 0.0114906 -3.46761 -0.32469 -319.855 155.611 -573.246 -0.0114906
3.48123 0.124301 319.834 -219.44 1562.35 0.0085526 -3.46198 -0.248647 -319.834 167.464 -582.511 -0.0085526
3.45988 0.0828812 319.82 -213.875 1564.23 0.0059647 -3.43903 -0.204196 -319.82 173.966 -590.591 -0.0059647
3.42588 0.0805105 319.81 -213.06 1561.04 0.00373892 -3.40123 -0.193492 -319.81 174.988 -597.486 -0.00373892
3.37886 0.115079 319.8 -217.075 1552.98 0.00188631 -3.35164 -0.219823 -319.8 170.445 -603.011 -0.00188631
3.32259 0.185435 319.793 -225.887 1540.3 0.000416818 -3.2904 -0.283851 -319.793 160.373 -606.882 -0.000416818
3.25751 0.290147 319.794 -239.315 1523.3 -0.000660841 -3.22098 -0.384259 -319.794 144.975 -608.831 0.000660841
3.18343 0.426498 319.808 -256.957 1502.37 -0.00133933 -3.14756 -0.518324 -319.808 124.616 -608.7 0.00133933
3.09986 0.592196 319.833 -278.56 1477.34 -0.00161284 -3.06725 -0.683142 -319.833 99.7739 -606.799 0.00161284
3.00806 0.782729 319.859 -303.461 1448.27 -0.00147722 -2.977 -0.873236 -319.859 71.1862 -603.416 0.00147722
2.90862 0.992203 319.889 -330.725 1415.42 -0.000929984 -2.87676 -1.08204 -319.889 39.6714 -598.749 0.000929984
2.80082 1.2145 319.922 -359.501 1378.96 2.95454e-05 -2.76798 -1.30332 -319.922 6.11337 -592.867 -2.95454e-05
2.68487 1.44459 319.957 -389.094 1339.17 0.00139986 -2.65235 -1.53174 -319.957 -28.7273 -585.774 -0.00139986
2.56185 1.67666 319.995 -418.775 1296.23 0.00317693 -2.53039 -1.76074 -319.995 -63.84 -577.425 -0.00317693
2.43346 1.90448 320.033 -447.885 1250.29 0.00535407 -2.40283 -1.9857 -320.033 -98.3591 -567.642 -0.00535407
2.29949 2.12194 320.072 -475.619 1201.37 0.00792206 -2.27096 -2.20074 -320.072 -131.403 -556.279 -0.00792206
2.16066 2.32393 320.104 -501.321 1149.87 0.0108694 -2.13816 -2.40127 -320.104 -162.267 -543.155 -0.0108694
2.01866 2.50481 320.135 -524.315 1095.78 0.0141821 -2.00078 -2.58253 -320.135 -190.165 -528.548 -0.0141821
1.87469 2.66143 320.166 -544.219 1039.32 0.017844 -1.85632 -2.74004 -320.166 -214.406 -512.855 -0.017844
1.7293 2.78767 320.212 -559.805 981.322 0.0218372 -1.70855 -2.86685 -320.212 -234.38 -496.295 -0.0218372
1.57884 2.88423 320.237 -571.496 921.315 0.0261426 -1.55755 -2.96299 -320.237 -249.772 -478.903 -0.0261426
1.42386 2.9475 320.235 -578.977 859.552 0.0307397 -1.40385 -3.02614 -320.235 -260.056 -460.779 -0.0307397
1.26538 2.97611 320.225 -582.089 796.344 0.0356069 -1.24646 -3.05482 -320.225 -264.997 -442.228 -0.0356069
1.10522 2.97077 320.222 -580.886 731.993 0.0407223 -1.08614 -3.04852 -320.222 -264.566 -423.186 -0.0407223
0.945067 2.93084 320.239 -575.294 666.429 0.0460638 -0.925046 -3.00717 -320.239 -258.738 -403.045 -0.0460638
0.784967 2.85788 320.261 -565.475 599.793 0.0516095 -0.762864 -2.93212 -320.261 -247.757 -381.984 -0.0516095
0.625034 2.75738 320.279 -552.437 532.601 0.057337 -0.600545 -2.82918 -320.279 -232.207 -360.365 -0.057337
0.461553 2.62849 320.28 -535.972 464.777 0.0632231 -0.439158 -2.69926 -320.28 -212.303 -338.483 -0.0632231
0.294962 2.47516 320.24 -516.533 396.439 0.0692436 -0.276193 -2.54685 -320.24 -188.777 -316.748 -0.0692436
0.127961 2.30129 320.186 -494.417 327.702 0.0753742 -0.109934 -2.37433 -320.186 -162.217 -295.134 -0.0753742
-0.0388307 2.11156 320.143 -470.332 258.904 0.0815904 0.0583922 -2.18605 -320.143 -133.179 -273.719 -0.0815904
-0.205082 1.90996 320.121 -444.662 190.474 0.087869 0.225662 -1.98551 -320.121 -102.338 -252.445 -0.087869
-0.369486 1.70343 320.124 -418.472 122.974 0.0941871 0.389629 -1.77917 -320.124 -70.51 -231.376 -0.0941871
-0.53062 1.49572 320.109 -392.122 56.379 0.100521 0.549901 -1.57174 -320.109 -38.521 -210.23 -0.100521
-0.68771 1.29067 320.074 -366.043 -9.35555 0.106847 0.7067 -1.36835 -320.074 -7.20272 -188.884 -0.106847
-0.839922 1.09478 320.024 -341.16 -73.6142 0.113139 0.859139 -1.17458 -320.024 22.6709 -167.71 -0.113139
-0.986394 0.913875 319.997 -318.1 -135.991 0.119373 1.00581 -0.994698 -319.997 50.3106 -146.795 -0.119373
-1.12822 0.75283 319.978 -297.545 -196.714 0.125524 1.14755 -0.833101 -319.978 75.0954 -126.181 -0.125524
-1.26361 0.61562 319.963 -280.192 -255.23 0.131567 1.28274 -0.695204 -319.963 96.4026 -105.943 -0.131567
-1.39564 0.503855 319.937 -266.192 -311.855 0.137477 1.41464 -0.584275 -319.937 113.697 -86.6522 -0.137477
-1.52459 0.421005 319.907 -255.92 -366.453 0.143228 1.54371 -0.50311 -319.907 126.473 -68.5473 -0.143228
-1.6482 0.36939 319.884 -249.623 -418.827 0.148797 1.66955 -0.45315 -319.884 134.45 -51.4521 -0.148797
-1.76609 0.350281 319.88 -247.491 -468.923 0.154163 1.7912 -0.435495 -319.88 137.484 -35.2324 -0.154163
-1.87669 0.364446 319.895 -249.555 -516.431 0.159305 1.90311 -0.450389 -319.895 135.464 -19.1945 -0.159305
-1.97797 0.410554 319.906 -255.654 -560.895 0.164202 2.00489 -0.496914 -319.906 128.545 -3.45791 -0.164202
-2.06966 0.486897 319.919 -265.524 -602.282 0.168836 2.09866 -0.573967 -319.919 116.858 11.6861 -0.168836
-2.15283 0.592742 319.926 -279.134 -640.474 0.173189 2.18299 -0.680259 -319.926 100.656 26.1744 -0.173189
-2.22957 0.725359 319.933 -296.119 -675.472 0.177246 2.25891 -0.812359 -319.933 80.4417 39.5679 -0.177246
-2.30055 0.880817 319.949 -315.909 -707.255 0.180994 2.3286 -0.966325 -319.949 56.7482 51.4445 -0.180994
-2.36527 1.0551 319.977 -338.033 -735.808 0.18442 2.3928 -1.13868 -319.977 30.1612 61.7573 -0.18442
-2.42306 1.24384 320.012 -362.037 -761.06 0.187516 2.45073 -1.32561 -320.012 1.37269 70.6387 -0.187516
-2.47208 1.44183 320.052 -387.236 -782.905 0.190274 2.50138 -1.52211 -320.052 -28.8667 78.3828 -0.190274
-2.51034 1.64449 320.083 -413.044 -801.011 0.19269 2.54212 -1.72347 -320.083 -59.8356 85.3089 -0.19269
-2.53808 1.84619 320.109 -438.693 -815.181 0.194759 2.5702 -1.92386 -320.109 -90.6919 91.5718 -0.194759
-2.55562 2.0419 320.133 -463.548 -825.439 0.196479 2.58614 -2.11815 -320.133 -120.642 97.0754 -0.196479
-2.56332 2.22658 320.158 -486.993 -831.929 0.19785 2.59217 -2.30138 -320.158 -148.9 101.603 -0.19785
-2.56293 2.39544 320.185 -508.408 -834.751 0.198871 2.58978 -2.46884 -320.185 -174.745 104.798 -0.198871
-2.55471 2.54437 320.211 -527.267 -833.988 0.199546 2.58069 -2.61642 -320.211 -197.554 106.466 -0.199546
-2.539 2.66984 320.231 -543.116 -829.653 0.199878 2.56453 -2.74055 -320.231 -216.783 106.624 -0.199878
-2.51589 2.76896 320.245 -555.591 -821.723 0.199873 2.53965 -2.83835 -320.245 -231.979 105.467 -0.199873
-2.48365 2.83959 320.254 -564.428 -810.188 0.199538 2.50586 -2.90765 -320.254 -242.806 103.256 -0.199538
-2.44106 2.88034 320.259 -569.471 -795.051 0.198881 2.46292 -2.94721 -320.259 -249.049 100.198 -0.198881
-2.38819 2.89039 320.259 -570.653 -776.322 0.197912 2.41015 -2.95684 -320.259 -250.633 96.3877 -0.197912
-2.32575 2.87005 320.255 -567.988 -754.088 0.19664 2.34744 -2.93677 -320.255 -247.619 91.8275 -0.19664
-2.2545 2.82069 320.246 -561.602 -728.491 0.195076 2.27554 -2.88757 -320.246 -240.154 86.4485 -0.195076
-2.17531 2.74422 320.232 -551.755 -699.748 0.193232 2.19575 -2.81106 -320.232 -228.502 80.1573 -0.193232
-2.08988 2.64364 320.217 -538.918 -668.251 0.191121 2.10997 -2.71029 -320.217 -213.044 72.8475 -0.191121
-1.99848 2.52178 320.199 -523.339 -634 0.188757 2.01831 -2.58778 -320.199 -194.282 64.4593 -0.188757
-1.9025 2.38221 320.178 -505.436 -597.326 0.186154 1.92202 -2.44697 -320.178 -172.783 54.9537 -0.186154
-1.80073 2.22917 320.155 -485.763 -558.215 0.183329 1.81985 -2.29229 -320.155 -149.212 44.6633 -0.183329
-1.69305 2.0675 320.127 -464.989 -516.693 0.180297 1.71178 -2.12892 -320.127 -124.309 33.6301 -0.180297
-1.57949 1.9016 320.096 -443.655 -472.802 0.177077 1.59788 -1.96151 -320.096 -98.8032 21.8843 -0.177077
-1.46087 1.7365 320.063 -422.428 -426.862 0.173686 1.47861 -1.79508 -320.063 -73.4417 9.56258 -0.173686
-1.33944 1.57683 320.041 -401.887 -379.412 0.170143 1.35565 -1.63412 -320.041 -48.9249 -3.34714 -0.170143
-1.2135 1.4265 320.023 -382.473 -330.433 0.166466 1.22946 -1.48225 -320.023 -25.8707 -16.6919 -0.166466
-1.08372 1.28991 319.999 -364.805 -279.968 0.162678 1.10092 -1.34363 -319.999 -4.86571 -30.6433 -0.162678
-0.951146 1.17031 319.972 -349.263 -228.141 0.158801 0.968921 -1.22217 -319.972 13.4692 -45.0758 -0.158801
-0.815884 1.07065 319.95 -336.364 -175.049 0.154856 0.832944 -1.12124 -319.95 28.7581 -59.8306 -0.154856
-0.677962 0.993588 319.937 -326.434 -120.909 0.150866 0.694076 -1.04297 -319.937 40.6581 -74.8507 -0.150866
-0.540925 0.941149 319.937 -319.706 -66.4622 0.146853 0.556328 -0.989378 -319.937 48.8304 -90.4544 -0.146853
-0.403672 0.913663 319.954 -316.199 -11.2925 0.142836 0.417296 -0.960966 -319.954 53.1792 -106.568 -0.142836
-0.26649 0.910782 319.955 -315.81 44.2244 0.13884 0.277556 -0.957212 -319.955 53.7236 -122.938 -0.13884
-0.129387 0.932665 319.946 -318.572 99.8936 0.134884 0.139309 -0.977862 -319.946 50.5091 -139.68 -0.134884
0.00722365 0.977285 319.946 -324.099 155.262 0.130992 0.00319332 -1.02076 -319.946 43.7374 -156.49 -0.130992
0.144512 1.04401 319.955 -332.451 210.414 0.127185 -0.133492 -1.08596 -319.955 33.5521 -172.909 -0.127185
0.281568 1.13071 319.979 -343.402 265.12 0.123483 -0.270703 -1.17169 -319.979 20.2714 -188.843 -0.123483
0.418736 1.23603 320.012 -356.865 319.718 0.119906 -0.408399 -1.27631 -320.012 4.23243 -204.589 -0.119906
0.554952 1.35643 320.035 -372.253 373.565 0.116469 -0.544884 -1.39586 -320.035 -14.0979 -219.89 -0.116469
0.689896 1.48851 320.047 -389.102 426.479 0.113191 -0.679748 -1.52679 -320.047 -34.2085 -234.669 -0.113191
0.821956 1.62829 320.062 -406.854 478.157 0.110083 -0.811673 -1.66526 -320.062 -55.5583 -249.036 -0.110083
0.949553 1.77231 320.093 -425.11 528.266 0.10716 -0.93928 -1.80799 -320.093 -77.5987 -263.072 -0.10716
1.0735 1.91728 320.13 -443.475 576.884 0.104431 -1.06334 -1.95182 -320.13 -99.8177 -276.635 -0.104431
1.19286 2.06023 320.165 -461.633 623.687 0.101908 -1.18279 -2.09375 -320.165 -121.693 -289.684 -0.101908
1.30776 2.1974 320.186 -479.068 668.593 0.0995962 -1.29771 -2.22992 -320.186 -142.67 -302.105 -0.0995962
1.41927 2.32758 320.202 -495.79 711.751 0.0975008 -1.40923 -2.35905 -320.202 -162.388 -313.741 -0.0975008
1.52578 2.44625 320.22 -511.134 752.773 0.0956236 -1.51576 -2.47663 -320.22 -180.242 -324.655 -0.0956236
1.62569 2.54968 320.244 -524.473 791.325 0.0939645 -1.61572 -2.57896 -320.244 -195.816 -334.96 -0.0939645
1.7195 2.63584 320.262 -535.558 827.415 0.0925224 -1.70957 -2.66406 -320.262 -208.798 -344.528 -0.0925224
1.80722 2.7026 320.275 -544.157 860.9 0.0912948 -1.79733 -2.72981 -320.275 -218.819 -353.216 -0.0912948
1.88808 2.74953 320.275 -550.218 891.666 0.0902774 -1.87819 -2.77576 -320.275 -225.811 -361.127 -0.0902774
1.96134 2.77568 320.272 -553.665 919.664 0.0894639 -1.95143 -2.80092 -320.272 -229.574 -368.421 -0.0894639
2.02649 2.78087 320.268 -554.427 944.678 0.0888464 -2.01659 -2.80499 -320.268 -230.112 -375.018 -0.0888464
2.08323 2.76514 320.262 -552.498 966.575 0.0884155 -2.07341 -2.78789 -320.262 -227.426 -380.868 -0.0884155
2.13112 2.72909 320.255 -547.954 985.261 0.0881609 -2.12141 -2.75031 -320.255 -221.623 -385.998 -0.0881609
2.16996 2.67413 320.245 -540.985 1000.68 0.0880707 -2.16032 -2.69379 -320.245 -212.925 -390.423 -0.0880707
2.19946 2.60199 320.23 -531.838 1012.73 0.0881322 -2.18983 -2.62036 -320.23 -201.616 -394.136 -0.0881322
2.21944 2.5145 320.212 -520.735 1021.38 0.0883313 -2.20982 -2.53207 -320.212 -188.016 -397.127 -0.0883313
2.2303 2.41366 320.193 -507.87 1026.68 0.0886531 -2.22071 -2.43082 -320.193 -172.48 -399.353 -0.0886531
2.2316 2.30283 320.175 -493.677 1028.57 0.0890818 -2.22206 -2.31957 -320.175 -155.465 -400.851 -0.0890818
2.22295 2.18528 320.152 -478.587 1026.97 0.0896009 -2.21343 -2.20141 -320.152 -137.432 -401.685 -0.0896009
2.20423 2.06362 320.13 -462.877 1021.87 0.0901934 -2.19442 -2.07882 -320.13 -118.818 -401.908 -0.0901934
2.17569 1.94148 320.106 -447.037 1013.32 0.0908422 -2.16503 -1.95562 -320.106 -100.181 -401.528 -0.0908422
2.13726 1.82261 320.082 -431.622 1001.43 0.09153 -2.12617 -1.83581 -320.082 -82.0552 -400.538 -0.09153
2.08892 1.71011 320.059 -417.031 986.235 0.0922395 -2.07816 -1.72259 -320.059 -64.9258 -398.945 -0.0922395
2.03118 1.6067 320.041 -403.559 967.806 0.0929534 -2.02059 -1.61857 -320.041 -49.2502 -396.789 -0.0929534
1.96427 1.51588 320.024 -391.692 946.213 0.0936543 -1.95357 -1.52703 -320.024 -35.4908 -394.099 -0.0936543
1.88837 1.44034 320.008 -381.799 921.585 0.0943251 -1.87763 -1.45055 -320.008 -24.0218 -390.902 -0.0943251
1.80372 1.38228 319.995 -374.182 894.07 0.0949493 -1.79313 -1.3914 -319.995 -15.1684 -387.262 -0.0949493
1.71079 1.34252 319.988 -368.933 863.893 0.0955112 -1.70039 -1.35059 -319.988 -9.09407 -383.29 -0.0955112
1.61076 1.32169 319.986 -366.064 831.242 0.0959961 -1.6005 -1.3289 -319.986 -5.98907 -378.862 -0.0959961
1.5051 1.32218 319.995 -366.108 796.36 0.0963905 -1.49492 -1.32871 -319.995 -5.98778 -373.8 -0.0963905
1.39281 1.34273 319.999 -368.712 759.201 0.0966821 -1.38274 -1.34857 -319.999 -9.06209 -368.331 -0.0966821
1.27357 1.38258 320.003 -373.702 719.775 0.0968603 -1.26384 -1.38766 -320.003 -15.1674 -362.523 -0.0968603
1.148 1.44128 320.006 -381.07 678.371 0.0969162 -1.13896 -1.44556 -320.006 -24.1836 -356.475 -0.0969162
1.01725 1.51714 320.014 -390.654 635.171 0.0968429 -1.00878 -1.52072 -320.014 -35.8241 -350.111 -0.0968429
0.881846 1.60816 320.03 -402.173 590.376 0.0966354 -0.873406 -1.61121 -320.03 -49.8127 -343.542 -0.0966354
0.742785 1.71221 320.054 -415.36 544.277 0.0962905 -0.73413 -1.71487 -320.054 -65.8144 -336.736 -0.0962905
0.600464 1.82654 320.086 -429.855 496.948 0.0958066 -0.591783 -1.82885 -320.086 -83.4052 -329.594 -0.0958066
0.455593 1.94909 320.123 -445.442 448.676 0.0951845 -0.447227 -1.95101 -320.123 -102.207 -322.181 -0.0951845
0.309322 2.07611 320.145 -461.561 399.702 0.094427 -0.301175 -2.07759 -320.145 -121.728 -314.476 -0.094427
0.16314 2.20477 320.156 -477.853 350.349 0.0935393 -0.155029 -2.2058 -320.156 -141.535 -306.395 -0.0935393
0.0168274 2.33179 320.17 -493.962 300.748 0.0925284 -0.00894265 -2.3324 -320.17 -161.066 -298.077 -0.0925284
-0.129239 2.45437 320.194 -509.539 251.135 0.0914025 0.136843 -2.45457 -320.194 -179.885 -289.67 -0.0914025
-0.273799 2.56925 320.219 -524.141 201.827 0.0901713 0.281375 -2.56907 -320.219 -197.516 -281.179 -0.0901713
-0.416263 2.67415 320.245 -537.506 153.053 0.0888463 0.423989 -2.67357 -320.245 -213.579 -272.656 -0.0888463
-0.555821 2.76701 320.276 -549.439 105.102 0.0874405 0.563647 -2.76605 -320.276 -227.692 -264.13 -0.0874405
-0.691308 2.84515 320.29 -559.48 58.2515 0.0859681 0.699103 -2.84378 -320.29 -239.555 -255.539 -0.0859681
-0.820717 2.90656 320.294 -567.331 12.7647 0.0844446 0.828334 -2.90478 -320.294 -248.906 -246.578 -0.0844446
-0.943972 2.95016 320.293 -572.907 -31.2338 0.0828856 0.951433 -2.94798 -320.293 -255.529 -237.374 -0.0828856
-1.06322 2.9752 320.307 -576.13 -74.0762 0.0813077 1.07072 -2.97263 -320.307 -259.289 -228.222 -0.0813077
-1.17524 2.98114 320.321 -576.919 -114.845 0.0797282 1.18288 -2.97818 -320.321 -260.114 -219.119 -0.0797282
-1.27873 2.96826 320.325 -575.294 -153.316 0.0781657 1.28646 -2.96491 -320.325 -258.066 -209.903 -0.0781657
-1.3741 2.9373 320.315 -571.346 -189.552 0.0766384 1.38185 -2.93356 -320.315 -253.256 -200.623 -0.0766384
-1.46173 2.889 320.297 -565.147 -223.542 0.0751638 1.46948 -2.88487 -320.297 -245.826 -191.402 -0.0751638
-1.5416 2.82501 320.28 -556.929 -255.151 0.0737589 1.54941 -2.82048 -320.28 -236.004 -182.381 -0.0737589
-1.6132 2.74723 320.267 -546.942 -284.247 0.0724413 1.62119 -2.74225 -320.267 -224.067 -173.557 -0.0724413
-1.67611 2.6578 320.257 -535.459 -310.706 0.0712287 1.68426 -2.65234 -320.257 -210.347 -164.913 -0.0712287
-1.72949 2.55924 320.245 -522.842 -334.403 0.0701384 1.73766 -2.55334 -320.245 -195.203 -156.325 -0.0701384
-1.77258 2.45491 320.23 -509.561 -355.134 0.0691864 1.7807 -2.44864 -320.23 -179.108 -147.791 -0.0691864
-1.80641 2.34679 320.207 -495.803 -373.039 0.0683877 1.81453 -2.34023 -320.207 -162.438 -139.475 -0.0683877
-1.83128 2.23787 320.181 -481.95 -388.125 0.0677566 1.83944 -2.23105 -320.181 -145.643 -131.458 -0.0677566
-1.84738 2.1311 320.157 -468.363 -400.398 0.067306 1.8556 -2.12398 -320.157 -129.177 -123.781 -0.067306
-1.85486 2.02923 320.138 -455.395 -409.866 0.0670483 1.8632 -2.02174 -320.138 -113.462 -116.48 -0.0670483
-1.85379 1.93497 320.124 -443.389 -416.538 0.0669948 1.86229 -1.92705 -320.124 -98.9168 -109.571 -0.0669948
-1.84434 1.85075 320.11 -432.658 -420.433 0.0671561 1.8529 -1.84241 -320.11 -85.9182 -103.058 -0.0671561
-1.82667 1.77869 320.096 -423.474 -421.586 0.0675414 1.83519 -1.76996 -320.096 -74.7929 -96.9523 -0.0675414
-1.80101 1.72054 320.081 -416.065 -420.05 0.0681588 1.80947 -1.71148 -320.081 -65.8134 -91.2756 -0.0681588
-1.76765 1.6777 320.07 -410.603 -415.896 0.0690147 1.7761 -1.66832 -320.07 -59.1894 -86.0507 -0.0690147
-1.72692 1.65105 320.063 -407.193 -409.196 0.0701142 1.73539 -1.64131 -320.063 -55.0597 -81.294 -0.0701142
-1.67918 1.64108 320.06 -405.895 -400.033 0.0714608 1.68765 -1.63094 -320.06 -53.4994 -77.0172 -0.0714608
-1.62477 1.64784 320.06 -406.725 -388.502 0.0730567 1.63323 -1.6373 -320.06 -54.5123 -73.2233 -0.0730567
-1.56404 1.67085 320.062 -409.623 -374.7 0.0749027 1.57247 -1.6599 -320.062 -58.024 -69.9118 -0.0749027
-1.49738 1.70916 320.066 -414.47 -358.739 0.0769978 1.50578 -1.69784 -320.066 -63.8922 -67.0847 -0.0769978
-1.42525 1.76143 320.072 -421.093 -340.738 0.0793391 1.43358 -1.74975 -320.072 -71.9082 -64.7464 -0.0793391
-1.34812 1.82589 320.081 -429.269 -320.826 0.0819224 1.35635 -1.81388 -320.081 -81.8039 -62.9004 -0.0819224
-1.26639 1.90052 320.093 -438.736 -299.136 0.0847415 1.27461 -1.88819 -320.093 -93.2674 -61.5463 -0.0847415
-1.18055 1.98302 320.106 -449.186 -275.789 0.0877891 1.18879 -1.97034 -320.106 -105.956 -60.6901 -0.0877891
-1.09021 2.07152 320.125 -460.451 -250.769 0.0910559 1.09849 -2.05849 -320.125 -119.514 -60.2395 -0.0910559
-0.996477 2.16285 320.141 -472.09 -224.342 0.0945312 1.00476 -2.14947 -320.141 -133.495 -60.2305 -0.0945312
-0.900093 2.25442 320.154 -483.757 -196.706 0.0982023 0.90836 -2.2407 -320.154 -147.516 -60.6789 -0.0982023
-0.801558 2.34365 320.165 -495.126 -168.022 0.102055 0.809825 -2.32958 -320.165 -161.177 -61.5676 -0.102055
-0.701263 2.42799 320.178 -505.877 -138.453 0.106075 0.709543 -2.41357 -320.178 -174.081 -62.8445 -0.106075
-0.600114 2.50513 320.192 -515.675 -108.181 0.110245 0.608406 -2.49035 -320.192 -185.912 -64.5806 -0.110245
-0.498393 2.57294 320.207 -524.261 -77.3612 0.114547 0.506694 -2.55781 -320.207 -196.336 -66.7 -0.114547
-0.395977 2.62984 320.221 -531.443 -46.0056 0.118964 0.404302 -2.61437 -320.221 -205.096 -69.1601 -0.118964
-0.293504 2.67425 320.231 -537.023 -14.2787 0.123475 0.301887 -2.65844 -320.231 -211.952 -71.9786 -0.123475
-0.193123 2.70548 320.241 -540.953 17.3118 0.12806 0.201541 -2.68935 -320.241 -216.754 -75.2437 -0.12806
-0.0947352 2.72179 320.245 -542.913 48.6885 0.132698 0.103142 -2.70534 -320.245 -219.332 -78.8482 -0.132698
0.00228665 2.7236 320.241 -543.012 79.8842 0.137367 0.0060978 -2.70683 -320.241 -219.696 -82.6542 -0.137367
0.0975871 2.71093 320.234 -541.274 110.759 0.142047 -0.0892063 -2.69386 -320.234 -217.832 -86.6266 -0.142047
0.190114 2.68421 320.229 -537.756 141.161 0.146716 -0.18173 -2.66682 -320.229 -213.794 -90.9075 -0.146716
0.279629 2.64438 320.226 -532.572 170.935 0.151349 -0.271248 -2.62667 -320.226 -207.738 -95.4076 -0.151349
0.365531 2.59272 320.221 -525.897 199.918 0.155925 -0.357149 -2.5747 -320.221 -199.851 -100.136 -0.155925
0.447212 2.53084 320.215 -517.946 227.946 0.160422 -0.438835 -2.51249 -320.215 -190.363 -105.096 -0.160422
0.524824 2.46048 320.207 -508.966 254.981 0.164815 -0.51645 -2.44182 -320.207 -179.524 -110.211 -0.164815
0.597921 2.38326 320.192 -499.112 280.867 0.169085 -0.589542 -2.36428 -320.192 -167.629 -115.451 -0.169085
0.666086 2.30125 320.173 -488.656 305.492 0.173207 -0.657698 -2.28196 -320.173 -154.992 -120.819 -0.173207
0.728792 2.2167 320.157 -477.889 328.729 0.177161 -0.720396 -2.1971 -320.157 -141.951 -126.34 -0.177161
0.785903 2.1316 320.145 -467.049 350.543 0.180927 -0.777497 -2.11169 -320.145 -128.83 -132.014 -0.180927
0.837203 2.04825 320.136 -456.435 370.807 0.184486 -0.828782 -2.02802 -320.136 -115.972 -137.778 -0.184486
0.882866 1.96864 320.124 -446.301 389.502 0.187817 -0.874434 -1.9481 -320.124 -103.688 -143.561 -0.187817
0.922637 1.89475 320.109 -436.896 406.558 0.190904 -0.914201 -1.8739 -320.109 -92.2821 -149.367 -0.190904
0.956218 1.82838 320.094 -428.449 421.913 0.193729 -0.947778 -1.80723 -320.094 -82.0324 -155.216 -0.193729
0.983395 1.77111 320.083 -421.158 435.515 0.196276 -0.974948 -1.74964 -320.083 -73.1808 -161.119 -0.196276
1.00414 1.72425 320.076 -415.193 447.337 0.198531 -0.99568 -1.70247 -320.076 -65.9334 -167.057 -0.198531
1.01853 1.68891 320.072 -410.688 457.363 0.20048 -1.01007 -1.66683 -320.072 -60.4629 -172.991 -0.20048
1.02669 1.6659 320.068 -407.752 465.6 0.202112 -1.01822 -1.64352 -320.068 -56.8902 -178.892 -0.202112
1.02866 1.65575 320.066 -406.451 472.041 0.203416 -1.02017 -1.63307 -320.066 -55.2953 -184.746 -0.203416
1.02456 1.65864 320.065 -406.808 476.704 0.204382 -1.01604 -1.63565 -320.065 -55.7077 -190.535 -0.204382
1.01444 1.67449 320.066 -408.815 479.61 0.205004 -1.00591 -1.6512 -320.066 -58.1142 -196.263 -0.205004
0.998342 1.70294 320.07 -412.422 480.782 0.205275 -0.989814 -1.67935 -320.07 -62.4608 -201.942 -0.205275
0.976413 1.74333 320.076 -417.547 480.259 0.20519 -0.967883 -1.71944 -320.076 -68.6441 -207.57 -0.20519
0.948917 1.79473 320.085 -424.072 478.094 0.204747 -0.940379 -1.77053 -320.085 -76.523 -213.129 -0.204747
0.916198 1.85596 320.095 -431.846 474.354 0.203943 -0.907644 -1.83146 -320.095 -85.9165 -218.588 -0.203943
0.878604 1.92561 320.106 -440.691 469.112 0.20278 -0.870032 -1.90081 -320.106 -96.6055 -223.92 -0.20278
0.836398 2.00208 320.118 -450.401 462.434 0.20126 -0.827811 -1.97698 -320.118 -108.346 -229.118 -0.20126
0.789858 2.08363 320.131 -460.755 454.398 0.199385 -0.781257 -2.05823 -320.131 -120.868 -234.181 -0.199385
0.73928 2.16839 320.145 -471.516 445.092 0.197161 -0.730664 -2.14269 -320.145 -133.888 -239.113 -0.197161
0.684949 2.25445 320.16 -482.436 434.598 0.194595 -0.676316 -2.22845 -320.16 -147.114 -243.916 -0.194595
0.627223 2.33985 320.174 -493.271 423.018 0.191693 -0.618571 -2.31355 -320.174 -160.24 -248.593 -0.191693
0.566531 2.42269 320.188 -503.777 410.461 0.188466 -0.557858 -2.39609 -320.188 -172.974 -253.129 -0.188466
0.503366 2.50113 320.201 -513.721 397.042 0.184925 -0.494674 -2.47423 -320.201 -185.034 -257.503 -0.184925
0.438249 2.57346 320.213 -522.886 382.882 0.18108 -0.429538 -2.54626 -320.213 -196.157 -261.687 -0.18108
0.371686 2.63815 320.225 -531.077 368.104 0.176946 -0.362957 -2.61065 -320.225 -206.106 -265.661 -0.176946
0.30394 2.69395 320.236 -538.139 352.79 0.172537 -0.295191 -2.66615 -320.236 -214.684 -269.434 -0.172537
0.235685 2.73971 320.245 -543.924 337.097 0.167869 -0.226915 -2.71162 -320.245 -221.719 -272.974 -0.167869
0.16721 2.77473 320.252 -548.349 321.119 0.162958 -0.158418 -2.74634 -320.252 -227.095 -276.292 -0.162958
0.0990823 2.79838 320.256 -551.329 304.997 0.157823 -0.0902687 -2.7697 -320.256 -230.72 -279.37 -0.157823
0.0317711 2.8104 320.258 -552.83 288.856 0.152483 -0.0229353 -2.78143 -320.258 -232.557 -282.199 -0.152483
-0.0342934 2.81087 320.258 -552.86 272.81 0.146958 0.0431527 -2.78161 -320.258 -232.618 -284.774 -0.146958
-0.098681 2.80012 320.257 -551.462 256.974 0.141268 0.107565 -2.77057 -320.257 -230.955 -287.088 -0.141268
-0.160962 2.77879 320.255 -548.717 241.46 0.135436 0.169871 -2.74895 -320.255 -227.664 -289.131 -0.135436
-0.220714 2.74777 320.251 -544.74 226.374 0.129484 0.229648 -2.71764 -320.251 -222.882 -290.891 -0.129484
-0.277533 2.7082 320.245 -539.677 211.819 0.123435 0.286494 -2.67779 -320.245 -216.784 -292.356 -0.123435
-0.331051 2.66144 320.238 -533.701 197.89 0.117311 0.340039 -2.63074 -320.238 -209.579 -293.518 -0.117311
-0.380945 2.60902 320.23 -527.005 184.674 0.111139 0.38996 -2.57803 -320.23 -201.501 -294.372 -0.111139
-0.426937 2.55258 320.221 -519.801 172.249 0.10494 0.43598 -2.52131 -320.221 -192.803 -294.919 -0.10494
-0.468783 2.49389 320.212 -512.313 160.685 0.0987412 0.477856 -2.46234 -320.212 -183.757 -295.16 -0.0987412
-0.50608 2.43491 320.204 -504.816 150.101 0.0925653 0.515182 -2.40308 -320.204 -174.636 -295.099 -0.0925653
-0.538935 2.37714 320.197 -497.467 140.462 0.0864369 0.548067 -2.34503 -320.197 -165.709 -294.733 -0.0864369
-0.567069 2.32235 320.188 -490.487 131.845 0.0803798 0.576232 -2.28996 -320.188 -157.251 -294.059 -0.0803798
-0.590281 2.27225 320.177 -484.106 124.296 0.0744179 0.599475 -2.23959 -320.177 -149.514 -293.066 -0.0744179
-0.608478 2.22828 320.168 -478.507 117.839 0.0685744 0.617704 -2.19534 -320.168 -142.714 -291.755 -0.0685744
-0.621643 2.19171 320.161 -473.852 112.491 0.0628722 0.630902 -2.1585 -320.161 -137.055 -290.133 -0.0628722
-0.629838 2.16362 320.157 -470.275 108.253 0.0573335 0.639129 -2.13013 -320.157 -132.696 -288.222 -0.0573335
-0.633159 2.14476 320.155 -467.875 105.119 0.0519797 0.642485 -2.111 -320.155 -129.759 -286.043 -0.0519797
-0.631727 2.13566 320.153 -466.717 103.076 0.0468313 0.641086 -2.10163 -320.153 -128.322 -283.615 -0.0468313
-0.625658 2.13654 320.153 -466.829 102.108 0.0419086 0.635052 -2.10225 -320.153 -128.42 -280.955 -0.0419086
-0.614969 2.14733 320.153 -468.202 102.19 0.0372306 0.6244 -2.11277 -320.153 -130.041 -278.045 -0.0372306
-0.599779 2.1677 320.155 -470.795 103.291 0.0328159 0.609246 -2.13286 -320.155 -133.134 -274.886 -0.0328159
-0.580291 2.19706 320.16 -474.535 105.367 0.0286819 0.589794 -2.16196 -320.16 -137.61 -271.49 -0.0286819
-0.556759 2.23456 320.166 -479.309 108.366 0.0248447 0.5663 -2.1992 -320.166 -143.338 -267.879 -0.0248447
-0.529502 2.27912 320.173 -484.982 112.225 0.0213194 0.539081 -2.2435 -320.173 -150.154 -264.078 -0.0213194
-0.498865 2.32948 320.181 -491.392 116.876 0.0181199 0.508482 -2.2936 -320.181 -157.86 -260.118 -0.0181199
-0.465188 2.38421 320.189 -498.358 122.248 0.015259 0.474845 -2.34807 -320.189 -166.24 -256.021 -0.015259
-0.428799 2.4418 320.198 -505.685 128.265 0.0127485 0.438496 -2.4054 -320.198 -175.062 -251.805 -0.0127485
-0.390053 2.50046 320.208 -513.13 134.844 0.0105986 0.39979 -2.4638 -320.208 -184.069 -247.487 -0.0105986
-0.349233 2.5587 320.218 -520.513 141.911 0.00881848 0.359011 -2.5218 -320.218 -193.021 -243.074 -0.00881848
-0.306673 2.61494 320.227 -527.638 149.387 0.00741587 0.316493 -2.57778 -320.227 -201.666 -238.578 -0.00741587
-0.262751 2.66761 320.235 -534.307 157.184 0.00639704 0.272613 -2.6302 -320.235 -209.764 -234.02 -0.00639704
-0.217878 2.71526 320.243 -540.334 165.21 0.00576674 0.227782 -2.6776 -320.243 -217.095 -229.424 -0.00576674
-0.172397 2.75661 320.25 -545.568 173.398 0.00552806 0.182344 -2.71871 -320.25 -223.449 -224.818 -0.00552806
-0.126813 2.7905 320.258 -549.859 181.632 0.00568257 0.136805 -2.75235 -320.258 -228.647 -220.228 -0.00568257
-0.0815522 2.8159 320.262 -553.068 189.815 0.00623032 0.0915884 -2.7775 -320.262 -232.543 -215.679 -0.00623032
-0.0369321 2.83208 320.265 -555.1 197.867 0.00717 0.0470133 -2.79344 -320.265 -235.023 -211.18 -0.00717
0.00669172 2.83851 320.265 -555.891 205.704 0.00849887 0.00343503 -2.79963 -320.265 -236.007 -206.746 -0.00849887
0.0489692 2.83495 320.264 -555.408 213.244 0.0102127 -0.0387963 -2.79583 -320.264 -235.455 -202.394 -0.0102127
0.0895471 2.82142 320.262 -553.655 220.406 0.0123058 -0.0793275 -2.78205 -320.262 -233.37 -198.144 -0.0123058
0.128087 2.79817 320.26 -550.669 227.114 0.014771 -0.11782 -2.75857 -320.26 -229.789 -194.013 -0.014771
0.164342 2.76565 320.255 -546.503 233.306 0.0176 -0.154028 -2.72581 -320.255 -224.78 -190.009 -0.0176
0.198052 2.72456 320.248 -541.248 238.92 0.0207829 -0.187689 -2.68449 -320.248 -218.456 -186.145 -0.0207829
0.228973 2.67583 320.24 -535.019 243.9 0.024309 -0.218561 -2.63553 -320.24 -210.954 -182.433 -0.024309
0.256879 2.62053 320.23 -527.957 248.195 0.0281662 -0.246418 -2.58 -320.23 -202.443 -178.885 -0.0281662
0.281575 2.55994 320.22 -520.222 251.762 0.0323413 -0.271063 -2.51918 -320.22 -193.116 -175.514 -0.0323413
0.297153 2.47327 320.21 -511.779 254.512 0.03682 -0.297153 -2.47327 -320.21 -182.929 -172.406 -0.03682
0.31328 2.39979 320.199 -502.416 256.33 0.0415872 -0.31328 -2.39979 -320.199 -171.637 -169.691 -0.0415872
