id,Longitude,Latitude,segment,structure_id,structure_code,pier_id,description,lines,GirderLength,FoundationType,NumberOfColumns,ColumnData,MinError,FailureMode
1000,-122.463645,37.682899,"[colm,sosf]",as_18,camino_real_bridge,p_001,aerial between colma and south san francisco,"[red,yellow]",50.0,slab,2,"[{'column_id': 'col_01', 'type': 'spiral', 'fy': 60, 'fpc': 4.0, 'diameter': 92.0, 'nLongBars': 86.0, 'dLongBars': 1.375, 'sTranBars': 3.0, 'dTranBars': 1.0, 'axLoad': 0.1, 'height': 219.60000000000002, 'column_parameters': {'nd_params': {'a0': 2.3869565217391306, 'a1': 0.28815054938563334, 'a2': 0.08536936558667917, 'a3': 0.1, 'a4': 0.36363636363636365, 'a5': 0.5387969662111571}, 'strength_stiffness': {'strength': 407865.2739525194, 'stiffness': 865934380.0472833, 'E': 3604.9965325919525, 'I': 3516585.719092885}}, 'model_parameters': [0.9136923143401414, 0.9582469890901217, 1.2705097950354114, 0.4041924117796881, 0.4044949057314797, 1.8733314489996702, 1.2775912094451134, 0.745178150942056, 0.010466640342937776, 5.3063834948629145, 0.6166584442557667, 0.006308650118584263, 4.937064514540828, 0.464554584494808], 'min_error': 0.048908510553427084, 'failure_mode': 'Flexure'}, {'column_id': 'col_02', 'type': 'spiral', 'fy': 60, 'fpc': 4.0, 'diameter': 92.0, 'nLongBars': 86.0, 'dLongBars': 1.375, 'sTranBars': 3.0, 'dTranBars': 1.0, 'axLoad': 0.1, 'height': 219.60000000000002, 'column_parameters': {'nd_params': {'a0': 2.3869565217391306, 'a1': 0.28815054938563334, 'a2': 0.08536936558667917, 'a3': 0.1, 'a4': 0.36363636363636365, 'a5': 0.5387969662111571}, 'strength_stiffness': {'strength': 407865.2739525194, 'stiffness': 865934380.0472833, 'E': 3604.9965325919525, 'I': 3516585.719092885}}, 'model_parameters': [0.9136923143401414, 0.9582469890901217, 1.2705097950354114, 0.4041924117796881, 0.4044949057314797, 1.8733314489996702, 1.2775912094451134, 0.745178150942056, 0.010466640342937776, 5.3063834948629145, 0.6166584442557667, 0.006308650118584263, 4.937064514540828, 0.464554584494808], 'min_error': 0.048908510553427084, 'failure_mode': 'Flexure'}]",0.048908510553427084,Flexure
1001,-122.463302,37.682658,"[colm,sosf]",as_18,camino_real_bridge,p_002,aerial between colma and south san francisco,"[red,yellow]",50.0,slab,2,"[{'column_id': 'col_01', 'type': 'spiral', 'fy': 60, 'fpc': 4.0, 'diameter': 92.0, 'nLongBars': 86.0, 'dLongBars': 1.375, 'sTranBars': 3.0, 'dTranBars': 1.0, 'axLoad': 0.1, 'height': 219.60000000000002, 'column_parameters': {'nd_params': {'a0': 2.3869565217391306, 'a1': 0.28815054938563334, 'a2': 0.08536936558667917, 'a3': 0.1, 'a4': 0.36363636363636365, 'a5': 0.5387969662111571}, 'strength_stiffness': {'strength': 407865.2739525194, 'stiffness': 865934380.0472833, 'E': 3604.9965325919525, 'I': 3516585.719092885}}, 'model_parameters': [0.9136923143401414, 0.9582469890901217, 1.2705097950354114, 0.4041924117796881, 0.4044949057314797, 1.8733314489996702, 1.2775912094451134, 0.745178150942056, 0.010466640342937776, 5.3063834948629145, 0.6166584442557667, 0.006308650118584263, 4.937064514540828, 0.464554584494808], 'min_error': 0.048908510553427084, 'failure_mode': 'Flexure'}, {'column_id': 'col_02', 'type': 'spiral', 'fy': 60, 'fpc': 4.0, 'diameter': 92.0, 'nLongBars': 86.0, 'dLongBars': 1.375, 'sTranBars': 3.0, 'dTranBars': 1.0, 'axLoad': 0.1, 'height': 219.60000000000002, 'column_parameters': {'nd_params': {'a0': 2.3869565217391306, 'a1': 0.28815054938563334, 'a2': 0.08536936558667917, 'a3': 0.1, 'a4': 0.36363636363636365, 'a5': 0.5387969662111571}, 'strength_stiffness': {'strength': 407865.2739525194, 'stiffness': 865934380.0472833, 'E': 3604.9965325919525, 'I': 3516585.719092885}}, 'model_parameters': [0.9136923143401414, 0.9582469890901217, 1.2705097950354114, 0.4041924117796881, 0.4044949057314797, 1.8733314489996702, 1.2775912094451134, 0.745178150942056, 0.010466640342937776, 5.3063834948629145, 0.6166584442557667, 0.006308650118584263, 4.937064514540828, 0.464554584494808], 'min_error': 0.048908510553427084, 'failure_mode': 'Flexure'}]",0.048908510553427084,Flexure
1002,-122.46955178457372,37.7052105220115,daly,st_19,daly_city_station,p_001,daly city station,"[red,yellow,green,blue]",37.5,footings,2,"[{'column_id': 'col_01', 'type': 'spiral', 'fy': 60, 'fpc': 4.0, 'diameter': 96.0, 'nLongBars': 44.0, 'dLongBars': 2.25, 'sTranBars': 2.5, 'dTranBars': 0.625, 'axLoad': 0.1, 'height': 180.0, 'column_parameters': {'nd_params': {'a0': 1.875, 'a1': 0.36254882812499994, 'a2': 0.03834951969714103, 'a3': 0.1, 'a4': 0.18518518518518517, 'a5': 1.3017557676130294}, 'strength_stiffness': {'strength': 426889.784886803, 'stiffness': 1252502023.4596515, 'E': 3604.9965325919525, 'I': 4169220.1769496286}}, 'model_parameters': [0.3298589391649608, 1.0203160064432752, 1.4118321412886419, 0.2436205923935987, 0.270677337224913, 2.2873183486639403, 2.450012970182836, 0.7403084912049201, 0.00838620969645954, 4.486530016540271, 0.8275647681854214, 0.01798630346045186, 3.762109610062719, 0.8596742220288494], 'min_error': 0.05715432775592995, 'failure_mode': 'Shear'}, {'column_id': 'col_02', 'type': 'spiral', 'fy': 60, 'fpc': 4.0, 'diameter': 96.0, 'nLongBars': 44.0, 'dLongBars': 2.25, 'sTranBars': 2.5, 'dTranBars': 0.625, 'axLoad': 0.1, 'height': 180.0, 'column_parameters': {'nd_params': {'a0': 1.875, 'a1': 0.36254882812499994, 'a2': 0.03834951969714103, 'a3': 0.1, 'a4': 0.18518518518518517, 'a5': 1.3017557676130294}, 'strength_stiffness': {'strength': 426889.784886803, 'stiffness': 1252502023.4596515, 'E': 3604.9965325919525, 'I': 4169220.1769496286}}, 'model_parameters': [0.3298589391649608, 1.0203160064432752, 1.4118321412886419, 0.2436205923935987, 0.270677337224913, 2.2873183486639403, 2.450012970182836, 0.7403084912049201, 0.00838620969645954, 4.486530016540271, 0.8275647681854214, 0.01798630346045186, 3.762109610062719, 0.8596742220288494], 'min_error': 0.05715432775592995, 'failure_mode': 'Shear'}]",0.05715432775592995,Shear
1003,-122.46941448490328,37.705385290219155,daly,st_19,daly_city_station,p_002,daly city station,"[red,yellow,green,blue]",75.0,footings,2,"[{'column_id': 'col_01', 'type': 'spiral', 'fy': 60, 'fpc': 4.0, 'diameter': 72.0, 'nLongBars': 24.0, 'dLongBars': 2.25, 'sTranBars': 2.5, 'dTranBars': 0.625, 'axLoad': 0.1, 'height': 180.0, 'column_parameters': {'nd_params': {'a0': 2.5, 'a1': 0.35156250000000006, 'a2': 0.05113269292952138, 'a3': 0.1, 'a4': 0.18518518518518517, 'a5': 0.8768506199792933}, 'strength_stiffness': {'strength': 228688.8099252835, 'stiffness': 396299468.36028033, 'E': 3604.9965325919525, 'I': 1319167.3216129686}}, 'model_parameters': [0.7994326738191235, 0.975763507667111, 1.0646632554890203, 0.39350461395362096, 0.367614655433176, 2.5794725407405985, 1.4286231033677033, 0.685908159686834, 0.013496444074753701, 4.702780823244735, 0.536800943339403, 0.009909335378853662, 5.1126966168886145, 0.5441417277857928], 'min_error': 0.049511238990050735, 'failure_mode': 'Flexure'}, {'column_id': 'col_02', 'type': 'spiral', 'fy': 60, 'fpc': 4.0, 'diameter': 72.0, 'nLongBars': 24.0, 'dLongBars': 2.25, 'sTranBars': 2.5, 'dTranBars': 0.625, 'axLoad': 0.1, 'height': 180.0, 'column_parameters': {'nd_params': {'a0': 2.5, 'a1': 0.35156250000000006, 'a2': 0.05113269292952138, 'a3': 0.1, 'a4': 0.18518518518518517, 'a5': 0.8768506199792933}, 'strength_stiffness': {'strength': 228688.8099252835, 'stiffness': 396299468.36028033, 'E': 3604.9965325919525, 'I': 1319167.3216129686}}, 'model_parameters': [0.7994326738191235, 0.975763507667111, 1.0646632554890203, 0.39350461395362096, 0.367614655433176, 2.5794725407405985, 1.4286231033677033, 0.685908159686834, 0.013496444074753701, 4.702780823244735, 0.536800943339403, 0.009909335378853662, 5.1126966168886145, 0.5441417277857928], 'min_error': 0.049511238990050735, 'failure_mode': 'Flexure'}]",0.049511238990050735,Flexure
1004,-122.46927299881762,37.70555788671228,daly,st_19,daly_city_station,p_003,daly city station,"[red,yellow,green,blue]",75.0,footings,2,"[{'column_id': 'col_01', 'type': 'spiral', 'fy': 60, 'fpc': 4.0, 'diameter': 72.0, 'nLongBars': 28.0, 'dLongBars': 2.25, 'sTranBars': 2.5, 'dTranBars': 0.625, 'axLoad': 0.1, 'height': 180.0, 'column_parameters': {'nd_params': {'a0': 2.5, 'a1': 0.41015625, 'a2': 0.05113269292952138, 'a3': 0.1, 'a4': 0.18518518518518517, 'a5': 0.9944294508029663}, 'strength_stiffness': {'strength': 259354.19611627123, 'stiffness': 396299468.36028033, 'E': 3604.9965325919525, 'I': 1319167.3216129686}}, 'model_parameters': [0.35110768331671505, 1.0006182718597203, 1.488016393012534, 0.26582711154447325, 0.27771305340310437, 1.5838409731867726, 1.8798601902515548, 0.7509016567724812, 0.010093286521645178, 4.958885406690559, 0.8562793183949711, 0.014535871716075604, 3.830993396346073, 0.8140850890136963], 'min_error': 0.05886962747807474, 'failure_mode': 'Shear'}, {'column_id': 'col_02', 'type': 'spiral', 'fy': 60, 'fpc': 4.0, 'diameter': 72.0, 'nLongBars': 28.0, 'dLongBars': 2.25, 'sTranBars': 2.5, 'dTranBars': 0.625, 'axLoad': 0.1, 'height': 180.0, 'column_parameters': {'nd_params': {'a0': 2.5, 'a1': 0.41015625, 'a2': 0.05113269292952138, 'a3': 0.1, 'a4': 0.18518518518518517, 'a5': 0.9944294508029663}, 'strength_stiffness': {'strength': 259354.19611627123, 'stiffness': 396299468.36028033, 'E': 3604.9965325919525, 'I': 1319167.3216129686}}, 'model_parameters': [0.35110768331671505, 1.0006182718597203, 1.488016393012534, 0.26582711154447325, 0.27771305340310437, 1.5838409731867726, 1.8798601902515548, 0.7509016567724812, 0.010093286521645178, 4.958885406690559, 0.8562793183949711, 0.014535871716075604, 3.830993396346073, 0.8140850890136963], 'min_error': 0.05886962747807474, 'failure_mode': 'Shear'}]",0.05886962747807474,Shear
1005,-122.46913151567655,37.70573048846456,daly,st_19,daly_city_station,p_004,daly city station,"[red,yellow,green,blue]",75.0,footings,2,"[{'column_id': 'col_01', 'type': 'spiral', 'fy': 60, 'fpc': 4.0, 'diameter': 72.0, 'nLongBars': 28.0, 'dLongBars': 2.25, 'sTranBars': 2.5, 'dTranBars': 0.625, 'axLoad': 0.1, 'height': 180.0, 'column_parameters': {'nd_params': {'a0': 2.5, 'a1': 0.41015625, 'a2': 0.05113269292952138, 'a3': 0.1, 'a4': 0.18518518518518517, 'a5': 0.9944294508029663}, 'strength_stiffness': {'strength': 259354.19611627123, 'stiffness': 396299468.36028033, 'E': 3604.9965325919525, 'I': 1319167.3216129686}}, 'model_parameters': [0.35110768331671505, 1.0006182718597203, 1.488016393012534, 0.26582711154447325, 0.27771305340310437, 1.5838409731867726, 1.8798601902515548, 0.7509016567724812, 0.010093286521645178, 4.958885406690559, 0.8562793183949711, 0.014535871716075604, 3.830993396346073, 0.8140850890136963], 'min_error': 0.05886962747807474, 'failure_mode': 'Shear'}, {'column_id': 'col_02', 'type': 'spiral', 'fy': 60, 'fpc': 4.0, 'diameter': 72.0, 'nLongBars': 28.0, 'dLongBars': 2.25, 'sTranBars': 2.5, 'dTranBars': 0.625, 'axLoad': 0.1, 'height': 180.0, 'column_parameters': {'nd_params': {'a0': 2.5, 'a1': 0.41015625, 'a2': 0.05113269292952138, 'a3': 0.1, 'a4': 0.18518518518518517, 'a5': 0.9944294508029663}, 'strength_stiffness': {'strength': 259354.19611627123, 'stiffness': 396299468.36028033, 'E': 3604.9965325919525, 'I': 1319167.3216129686}}, 'model_parameters': [0.35110768331671505, 1.0006182718597203, 1.488016393012534, 0.26582711154447325, 0.27771305340310437, 1.5838409731867726, 1.8798601902515548, 0.7509016567724812, 0.010093286521645178, 4.958885406690559, 0.8562793183949711, 0.014535871716075604, 3.830993396346073, 0.8140850890136963], 'min_error': 0.05886962747807474, 'failure_mode': 'Shear'}]",0.05886962747807474,Shear
1006,-122.46899002842262,37.70590309010004,daly,st_19,daly_city_station,p_005,daly city station,"[red,yellow,green,blue]",75.0,footings,2,"[{'column_id': 'col_01', 'type': 'spiral', 'fy': 60, 'fpc': 4.0, 'diameter': 72.0, 'nLongBars': 24.0, 'dLongBars': 2.25, 'sTranBars': 2.5, 'dTranBars': 0.625, 'axLoad': 0.1, 'height': 180.0, 'column_parameters': {'nd_params': {'a0': 2.5, 'a1': 0.35156250000000006, 'a2': 0.05113269292952138, 'a3': 0.1, 'a4': 0.18518518518518517, 'a5': 0.8768506199792933}, 'strength_stiffness': {'strength': 228688.8099252835, 'stiffness': 396299468.36028033, 'E': 3604.9965325919525, 'I': 1319167.3216129686}}, 'model_parameters': [0.7994326738191235, 0.975763507667111, 1.0646632554890203, 0.39350461395362096, 0.367614655433176, 2.5794725407405985, 1.4286231033677033, 0.685908159686834, 0.013496444074753701, 4.702780823244735, 0.536800943339403, 0.009909335378853662, 5.1126966168886145, 0.5441417277857928], 'min_error': 0.049511238990050735, 'failure_mode': 'Flexure'}, {'column_id': 'col_02', 'type': 'spiral', 'fy': 60, 'fpc': 4.0, 'diameter': 72.0, 'nLongBars': 24.0, 'dLongBars': 2.25, 'sTranBars': 2.5, 'dTranBars': 0.625, 'axLoad': 0.1, 'height': 180.0, 'column_parameters': {'nd_params': {'a0': 2.5, 'a1': 0.35156250000000006, 'a2': 0.05113269292952138, 'a3': 0.1, 'a4': 0.18518518518518517, 'a5': 0.8768506199792933}, 'strength_stiffness': {'strength': 228688.8099252835, 'stiffness': 396299468.36028033, 'E': 3604.9965325919525, 'I': 1319167.3216129686}}, 'model_parameters': [0.7994326738191235, 0.975763507667111, 1.0646632554890203, 0.39350461395362096, 0.367614655433176, 2.5794725407405985, 1.4286231033677033, 0.685908159686834, 0.013496444074753701, 4.702780823244735, 0.536800943339403, 0.009909335378853662, 5.1126966168886145, 0.5441417277857928], 'min_error': 0.049511238990050735, 'failure_mode': 'Flexure'}]",0.049511238990050735,Flexure
1007,-122.46884854389509,37.70607568875733,daly,st_19,daly_city_station,p_006,daly city station,"[red,yellow,green,blue]",75.0,footings,2,"[{'column_id': 'col_01', 'type': 'spiral', 'fy': 60, 'fpc': 4.0, 'diameter': 72.0, 'nLongBars': 24.0, 'dLongBars': 2.25, 'sTranBars': 2.5, 'dTranBars': 0.625, 'axLoad': 0.1, 'height': 180.0, 'column_parameters': {'nd_params': {'a0': 2.5, 'a1': 0.35156250000000006, 'a2': 0.05113269292952138, 'a3': 0.1, 'a4': 0.18518518518518517, 'a5': 0.8768506199792933}, 'strength_stiffness': {'strength': 228688.8099252835, 'stiffness': 396299468.36028033, 'E': 3604.9965325919525, 'I': 1319167.3216129686}}, 'model_parameters': [0.7994326738191235, 0.975763507667111, 1.0646632554890203, 0.39350461395362096, 0.367614655433176, 2.5794725407405985, 1.4286231033677033, 0.685908159686834, 0.013496444074753701, 4.702780823244735, 0.536800943339403, 0.009909335378853662, 5.1126966168886145, 0.5441417277857928], 'min_error': 0.049511238990050735, 'failure_mode': 'Flexure'}, {'column_id': 'col_02', 'type': 'spiral', 'fy': 60, 'fpc': 4.0, 'diameter': 72.0, 'nLongBars': 24.0, 'dLongBars': 2.25, 'sTranBars': 2.5, 'dTranBars': 0.625, 'axLoad': 0.1, 'height': 180.0, 'column_parameters': {'nd_params': {'a0': 2.5, 'a1': 0.35156250000000006, 'a2': 0.05113269292952138, 'a3': 0.1, 'a4': 0.18518518518518517, 'a5': 0.8768506199792933}, 'strength_stiffness': {'strength': 228688.8099252835, 'stiffness': 396299468.36028033, 'E': 3604.9965325919525, 'I': 1319167.3216129686}}, 'model_parameters': [0.7994326738191235, 0.975763507667111, 1.0646632554890203, 0.39350461395362096, 0.367614655433176, 2.5794725407405985, 1.4286231033677033, 0.685908159686834, 0.013496444074753701, 4.702780823244735, 0.536800943339403, 0.009909335378853662, 5.1126966168886145, 0.5441417277857928], 'min_error': 0.049511238990050735, 'failure_mode': 'Flexure'}]",0.049511238990050735,Flexure
1008,-122.4687070553274,37.706248290043625,daly,st_19,daly_city_station,p_007,daly city station,"[red,yellow,green,blue]",75.0,footings,2,"[{'column_id': 'col_01', 'type': 'spiral', 'fy': 60, 'fpc': 4.0, 'diameter': 72.0, 'nLongBars': 24.0, 'dLongBars': 2.25, 'sTranBars': 2.5, 'dTranBars': 0.625, 'axLoad': 0.1, 'height': 180.0, 'column_parameters': {'nd_params': {'a0': 2.5, 'a1': 0.35156250000000006, 'a2': 0.05113269292952138, 'a3': 0.1, 'a4': 0.18518518518518517, 'a5': 0.8768506199792933}, 'strength_stiffness': {'strength': 228688.8099252835, 'stiffness': 396299468.36028033, 'E': 3604.9965325919525, 'I': 1319167.3216129686}}, 'model_parameters': [0.7994326738191235, 0.975763507667111, 1.0646632554890203, 0.39350461395362096, 0.367614655433176, 2.5794725407405985, 1.4286231033677033, 0.685908159686834, 0.013496444074753701, 4.702780823244735, 0.536800943339403, 0.009909335378853662, 5.1126966168886145, 0.5441417277857928], 'min_error': 0.049511238990050735, 'failure_mode': 'Flexure'}, {'column_id': 'col_02', 'type': 'spiral', 'fy': 60, 'fpc': 4.0, 'diameter': 72.0, 'nLongBars': 24.0, 'dLongBars': 2.25, 'sTranBars': 2.5, 'dTranBars': 0.625, 'axLoad': 0.1, 'height': 180.0, 'column_parameters': {'nd_params': {'a0': 2.5, 'a1': 0.35156250000000006, 'a2': 0.05113269292952138, 'a3': 0.1, 'a4': 0.18518518518518517, 'a5': 0.8768506199792933}, 'strength_stiffness': {'strength': 228688.8099252835, 'stiffness': 396299468.36028033, 'E': 3604.9965325919525, 'I': 1319167.3216129686}}, 'model_parameters': [0.7994326738191235, 0.975763507667111, 1.0646632554890203, 0.39350461395362096, 0.367614655433176, 2.5794725407405985, 1.4286231033677033, 0.685908159686834, 0.013496444074753701, 4.702780823244735, 0.536800943339403, 0.009909335378853662, 5.1126966168886145, 0.5441417277857928], 'min_error': 0.049511238990050735, 'failure_mode': 'Flexure'}]",0.049511238990050735,Flexure
1009,-122.46856556955883,37.70642089109751,daly,st_19,daly_city_station,p_008,daly city station,"[red,yellow,green,blue]",75.0,footings,2,"[{'column_id': 'col_01', 'type': 'spiral', 'fy': 60, 'fpc': 4.0, 'diameter': 72.0, 'nLongBars': 28.0, 'dLongBars': 2.25, 'sTranBars': 2.5, 'dTranBars': 0.625, 'axLoad': 0.1, 'height': 180.0, 'column_parameters': {'nd_params': {'a0': 2.5, 'a1': 0.41015625, 'a2': 0.05113269292952138, 'a3': 0.1, 'a4': 0.18518518518518517, 'a5': 0.9944294508029663}, 'strength_stiffness': {'strength': 259354.19611627123, 'stiffness': 396299468.36028033, 'E': 3604.9965325919525, 'I': 1319167.3216129686}}, 'model_parameters': [0.35110768331671505, 1.0006182718597203, 1.488016393012534, 0.26582711154447325, 0.27771305340310437, 1.5838409731867726, 1.8798601902515548, 0.7509016567724812, 0.010093286521645178, 4.958885406690559, 0.8562793183949711, 0.014535871716075604, 3.830993396346073, 0.8140850890136963], 'min_error': 0.05886962747807474, 'failure_mode': 'Shear'}, {'column_id': 'col_02', 'type': 'spiral', 'fy': 60, 'fpc': 4.0, 'diameter': 72.0, 'nLongBars': 28.0, 'dLongBars': 2.25, 'sTranBars': 2.5, 'dTranBars': 0.625, 'axLoad': 0.1, 'height': 180.0, 'column_parameters': {'nd_params': {'a0': 2.5, 'a1': 0.41015625, 'a2': 0.05113269292952138, 'a3': 0.1, 'a4': 0.18518518518518517, 'a5': 0.9944294508029663}, 'strength_stiffness': {'strength': 259354.19611627123, 'stiffness': 396299468.36028033, 'E': 3604.9965325919525, 'I': 1319167.3216129686}}, 'model_parameters': [0.35110768331671505, 1.0006182718597203, 1.488016393012534, 0.26582711154447325, 0.27771305340310437, 1.5838409731867726, 1.8798601902515548, 0.7509016567724812, 0.010093286521645178, 4.958885406690559, 0.8562793183949711, 0.014535871716075604, 3.830993396346073, 0.8140850890136963], 'min_error': 0.05886962747807474, 'failure_mode': 'Shear'}]",0.05886962747807474,Shear
1010,-122.46845863971878,37.70659291166694,daly,st_19,daly_city_station,p_009,daly city station,"[red,yellow,green,blue]",75.0,footings,2,"[{'column_id': 'col_01', 'type': 'spiral', 'fy': 60, 'fpc': 4.0, 'diameter': 72.0, 'nLongBars': 28.0, 'dLongBars': 2.25, 'sTranBars': 2.5, 'dTranBars': 0.625, 'axLoad': 0.1, 'height': 180.0, 'column_parameters': {'nd_params': {'a0': 2.5, 'a1': 0.41015625, 'a2': 0.05113269292952138, 'a3': 0.1, 'a4': 0.18518518518518517, 'a5': 0.9944294508029663}, 'strength_stiffness': {'strength': 259354.19611627123, 'stiffness': 396299468.36028033, 'E': 3604.9965325919525, 'I': 1319167.3216129686}}, 'model_parameters': [0.35110768331671505, 1.0006182718597203, 1.488016393012534, 0.26582711154447325, 0.27771305340310437, 1.5838409731867726, 1.8798601902515548, 0.7509016567724812, 0.010093286521645178, 4.958885406690559, 0.8562793183949711, 0.014535871716075604, 3.830993396346073, 0.8140850890136963], 'min_error': 0.05886962747807474, 'failure_mode': 'Shear'}, {'column_id': 'col_02', 'type': 'spiral', 'fy': 60, 'fpc': 4.0, 'diameter': 72.0, 'nLongBars': 28.0, 'dLongBars': 2.25, 'sTranBars': 2.5, 'dTranBars': 0.625, 'axLoad': 0.1, 'height': 180.0, 'column_parameters': {'nd_params': {'a0': 2.5, 'a1': 0.41015625, 'a2': 0.05113269292952138, 'a3': 0.1, 'a4': 0.18518518518518517, 'a5': 0.9944294508029663}, 'strength_stiffness': {'strength': 259354.19611627123, 'stiffness': 396299468.36028033, 'E': 3604.9965325919525, 'I': 1319167.3216129686}}, 'model_parameters': [0.35110768331671505, 1.0006182718597203, 1.488016393012534, 0.26582711154447325, 0.27771305340310437, 1.5838409731867726, 1.8798601902515548, 0.7509016567724812, 0.010093286521645178, 4.958885406690559, 0.8562793183949711, 0.014535871716075604, 3.830993396346073, 0.8140850890136963], 'min_error': 0.05886962747807474, 'failure_mode': 'Shear'}]",0.05886962747807474,Shear
1011,-122.46115965337931,37.710056984564865,"[daly,balb]",as_16,balbpark_daly_aerial,p_002,aerial between balboa park and daly city,"[red,yellow,green,blue]",70.0,piles,1,"[{'column_id': 'col_01', 'type': 'spiral', 'fy': 60, 'fpc': 4.0, 'diameter': 72, 'nLongBars': 28, 'dLongBars': 2.25, 'sTranBars': 3, 'dTranBars': 0.625, 'axLoad': 0.1, 'height': 67.87200000000007, 'column_parameters': {'nd_params': {'a0': 0.9426666666666677, 'a1': 0.41015625, 'a2': 0.04261057744126781, 'a3': 0.1, 'a4': 0.2222222222222222, 'a5': 2.7032785542641884}, 'strength_stiffness': {'strength': 95940.61096928483, 'stiffness': 1051006369.4137552, 'E': 3604.9965325919525, 'I': 1319167.3216129686}}, 'model_parameters': [0.3629607890170907, 1.0032598326207762, 1.3940976990868161, 0.33205664133827395, 0.28287355460559027, 4.624425343770808, 4.808439425274754, 0.6516733675359865, 0.0029045185095082976, 2.818431042973081, 0.8691658728815772, 0.02403312056869402, 4.627560078661647, 1.9970635080021635], 'min_error': 0.048071180570745706, 'failure_mode': 'Shear'}]",0.048071180570745706,Shear
1012,-122.4609176800089,37.71005500575357,"[daly,balb]",as_16,balbpark_daly_aerial,p_003,aerial between balboa park and daly city,"[red,yellow,green,blue]",70.0,piles,1,"[{'column_id': 'col_01', 'type': 'spiral', 'fy': 60, 'fpc': 4.0, 'diameter': 72, 'nLongBars': 28, 'dLongBars': 2.25, 'sTranBars': 3, 'dTranBars': 0.625, 'axLoad': 0.1, 'height': 114.97200000000021, 'column_parameters': {'nd_params': {'a0': 1.5968333333333362, 'a1': 0.41015625, 'a2': 0.04261057744126781, 'a3': 0.1, 'a4': 0.2222222222222222, 'a5': 1.5958400483162758}, 'strength_stiffness': {'strength': 162518.91684878335, 'stiffness': 620445885.1272513, 'E': 3604.9965325919525, 'I': 1319167.3216129686}}, 'model_parameters': [0.38209822894592116, 1.0154241525712921, 1.3813314909031804, 0.20823012837453775, 0.25207084516161476, 2.7443665035904092, 2.909172768212729, 0.7502429206604259, 0.006333724465086109, 4.425788790104775, 0.8081679047540078, 0.020632110382348298, 3.816947157064513, 0.9070113121518341], 'min_error': 0.05494491722446982, 'failure_mode': 'Shear'}]",0.05494491722446982,Shear
1013,-122.46067570672379,37.710053029191,"[daly,balb]",as_16,balbpark_daly_aerial,p_004,aerial between balboa park and daly city,"[red,yellow,green,blue]",70.0,piles,1,"[{'column_id': 'col_01', 'type': 'spiral', 'fy': 60, 'fpc': 4.0, 'diameter': 72, 'nLongBars': 32, 'dLongBars': 2.25, 'sTranBars': 3, 'dTranBars': 0.625, 'axLoad': 0.1, 'height': 186.07199999999966, 'column_parameters': {'nd_params': {'a0': 2.584333333333329, 'a1': 0.46875, 'a2': 0.04261057744126781, 'a3': 0.1, 'a4': 0.2222222222222222, 'a5': 1.2236709374064234}, 'strength_stiffness': {'strength': 237007.82084598404, 'stiffness': 383367214.3302087, 'E': 3604.9965325919525, 'I': 1319167.3216129686}}, 'model_parameters': [0.2977823183589232, 0.9912592288646804, 1.5445992221579576, 0.24432349776009382, 0.2536183046141724, 1.5946645184383437, 2.0340749404008944, 0.7438504956265227, 0.009881337348860039, 5.124537195737471, 0.8470970080588447, 0.015708635325258992, 3.831887776769538, 0.9688944465947434], 'min_error': 0.05770284598961574, 'failure_mode': 'Shear'}]",0.05770284598961574,Shear
1014,-122.46036459911727,37.71005048322696,"[daly,balb]",as_16,balbpark_daly_aerial,p_005,aerial between balboa park and daly city,"[red,yellow,green,blue]",80.0,piles,1,"[{'column_id': 'col_01', 'type': 'spiral', 'fy': 60, 'fpc': 4.0, 'diameter': 72, 'nLongBars': 36, 'dLongBars': 2.25, 'sTranBars': 3, 'dTranBars': 0.625, 'axLoad': 0.1, 'height': 239.77199999999993, 'column_parameters': {'nd_params': {'a0': 3.3301666666666656, 'a1': 0.52734375, 'a2': 0.04261057744126781, 'a3': 0.1, 'a4': 0.2222222222222222, 'a5': 1.1464872039401712}, 'strength_stiffness': {'strength': 279710.9007376078, 'stiffness': 297507233.14169496, 'E': 3604.9965325919525, 'I': 1319167.3216129686}}, 'model_parameters': [0.7353999614582604, 1.0077368209316013, 0.9761352999205869, 0.4610631087520421, 0.43189235269357146, 3.218871922651422, 1.484624070127177, 0.7615178830458765, 0.009739962007297324, 5.245971665623197, 0.42734762302533175, 0.013040876203916581, 5.619191554738198, 0.648810691409031], 'min_error': 0.04995817807542552, 'failure_mode': 'Flexure'}]",0.04995817807542552,Flexure
1015,-122.46017838004751,37.710014630405276,"[daly,balb]",as_16,balbpark_daly_aerial,p_006,aerial between balboa park and daly city,"[red,yellow,green,blue]",72.0,piles,1,"[{'column_id': 'col_01', 'type': 'spiral', 'fy': 60, 'fpc': 4.0, 'diameter': 93.0, 'nLongBars': 90, 'dLongBars': 2.25, 'sTranBars': 3, 'dTranBars': 0.625, 'axLoad': 0.1, 'height': 281.5920000000001, 'column_parameters': {'nd_params': {'a0': 3.027870967741937, 'a1': 0.7901925078043704, 'a2': 0.0329888341480783, 'a3': 0.1, 'a4': 0.2222222222222222, 'a5': 2.0525650722674436}, 'strength_stiffness': {'strength': 481122.204975984, 'stiffness': 705143474.0069702, 'E': 3604.9965325919525, 'I': 3671991.71737356}}, 'model_parameters': [0.34008408191604167, 0.963178551093623, 1.7524822505311453, 0.19927246939889398, 0.14480004017767825, 1.4589592633034818, 2.547341782471514, 0.7577136122042092, 0.008283337423905008, 6.0723855514199485, 0.8045086300932636, 0.02038017440592366, 3.9082317285672223, 1.5018151954224042], 'min_error': 0.05294619870584147, 'failure_mode': 'Shear'}]",0.05294619870584147,Shear
1016,-122.45979726359194,37.71007879916091,"[daly,balb]",as_16,balbpark_daly_aerial,p_007,aerial between balboa park and daly city,"[red,yellow,green,blue]",82.0,piles,1,"[{'column_id': 'col_01', 'type': 'spiral', 'fy': 60, 'fpc': 4.0, 'diameter': 93.0, 'nLongBars': 90, 'dLongBars': 2.25, 'sTranBars': 3, 'dTranBars': 0.625, 'axLoad': 0.1, 'height': 305.13599999999997, 'column_parameters': {'nd_params': {'a0': 3.281032258064516, 'a1': 0.7901925078043704, 'a2': 0.0329888341480783, 'a3': 0.1, 'a4': 0.2222222222222222, 'a5': 1.954331821340169}, 'strength_stiffness': {'strength': 505305.5078174021, 'stiffness': 650735282.4070933, 'E': 3604.9965325919525, 'I': 3671991.71737356}}, 'model_parameters': [0.3068579816017967, 0.9554062137067776, 1.7949826404193001, 0.20204737182715377, 0.1530823270394618, 1.207703370744261, 2.35010146632513, 0.7483953826790207, 0.009160033065425703, 6.242399733066479, 0.8228909240170074, 0.018747187314618628, 3.954155673725699, 1.499385471484103], 'min_error': 0.053698116382584316, 'failure_mode': 'Shear'}]",0.053698116382584316,Shear
1017,-122.4596109026595,37.710053952194805,"[daly,balb]",as_16,balbpark_daly_aerial,p_008,aerial between balboa park and daly city,"[red,yellow,green,blue]",82.0,piles,1,"[{'column_id': 'col_01', 'type': 'spiral', 'fy': 60, 'fpc': 4.0, 'diameter': 72, 'nLongBars': 52, 'dLongBars': 2.25, 'sTranBars': 3, 'dTranBars': 0.625, 'axLoad': 0.1, 'height': 297.03599999999983, 'column_parameters': {'nd_params': {'a0': 4.125499999999998, 'a1': 0.7617187500000001, 'a2': 0.04261057744126781, 'a3': 0.1, 'a4': 0.2222222222222222, 'a5': 1.3514940751364608}, 'strength_stiffness': {'strength': 328041.77348497283, 'stiffness': 240152386.5957342, 'E': 3604.9965325919525, 'I': 1319167.3216129686}}, 'model_parameters': [0.8585638967271635, 0.9992596045425061, 1.037677233618017, 0.4144036038870795, 0.47067497277932346, 3.8422101050805204, 1.5704618715863063, 0.8097442856825188, 0.012174206602671765, 6.726604770871644, 0.29691201813843704, 0.013204739402172707, 5.740734914513135, 0.390186690561559], 'min_error': 0.05217732200013901, 'failure_mode': 'Flexure'}]",0.05217732200013901,Flexure
1018,-122.45935519494338,37.71004486974933,"[daly,balb]",as_16,balbpark_daly_aerial,p_009,aerial between balboa park and daly city,"[red,yellow,green,blue]",64.0,piles,1,"[{'column_id': 'col_01', 'type': 'spiral', 'fy': 60, 'fpc': 4.0, 'diameter': 72, 'nLongBars': 52, 'dLongBars': 2.25, 'sTranBars': 3, 'dTranBars': 0.625, 'axLoad': 0.1, 'height': 304.8960000000002, 'column_parameters': {'nd_params': {'a0': 4.234666666666669, 'a1': 0.7617187500000001, 'a2': 0.04261057744126781, 'a3': 0.1, 'a4': 0.2222222222222222, 'a5': 1.316653528095591}, 'strength_stiffness': {'strength': 336722.230869236, 'stiffness': 233961430.47088325, 'E': 3604.9965325919525, 'I': 1319167.3216129686}}, 'model_parameters': [0.8812806563377502, 0.9992768316714713, 1.0647463968104673, 0.403933286692443, 0.4720940931563253, 3.7580211756686115, 1.6048463420371315, 0.8120007246829932, 0.012083139366734203, 6.8287514005673815, 0.299660529077474, 0.012800980331389171, 5.729183723823868, 0.3854330339813692], 'min_error': 0.053029217700325405, 'failure_mode': 'Flexure'}]",0.053029217700325405,Flexure
1019,-122.45909945709506,37.71004277555894,"[daly,balb]",as_16,balbpark_daly_aerial,p_010,aerial between balboa park and daly city,"[red,yellow,green,blue]",74.0,piles,1,"[{'column_id': 'col_01', 'type': 'spiral', 'fy': 60, 'fpc': 4.0, 'diameter': 72, 'nLongBars': 52, 'dLongBars': 2.25, 'sTranBars': 3, 'dTranBars': 0.625, 'axLoad': 0.1, 'height': 262.53599999999983, 'column_parameters': {'nd_params': {'a0': 3.6463333333333314, 'a1': 0.7617187500000001, 'a2': 0.04261057744126781, 'a3': 0.1, 'a4': 0.2222222222222222, 'a5': 1.4886731977604106}, 'strength_stiffness': {'strength': 297813.189576582, 'stiffness': 271710943.6604904, 'E': 3604.9965325919525, 'I': 1319167.3216129686}}, 'model_parameters': [0.3054892584681541, 0.9545438415798364, 1.7996573056761564, 0.19775827119612538, 0.17260968764702178, 0.5894243743705444, 1.6906735163560627, 0.7651580123275475, 0.010792560713954317, 6.563666836818999, 0.8394055237532616, 0.015493172873339109, 3.880766781899988, 1.2709248765747456], 'min_error': 0.056388577559841266, 'failure_mode': 'Shear'}]",0.056388577559841266,Shear
1020,-122.45884384069448,37.7100392531131,"[daly,balb]",as_16,balbpark_daly_aerial,p_011,aerial between balboa park and daly city,"[red,yellow,green,blue]",74.0,piles,1,"[{'column_id': 'col_01', 'type': 'spiral', 'fy': 60, 'fpc': 4.0, 'diameter': 72, 'nLongBars': 48, 'dLongBars': 2.25, 'sTranBars': 3, 'dTranBars': 0.625, 'axLoad': 0.1, 'height': 253.95600000000013, 'column_parameters': {'nd_params': {'a0': 3.5271666666666683, 'a1': 0.7031250000000001, 'a2': 0.04261057744126781, 'a3': 0.1, 'a4': 0.2222222222222222, 'a5': 1.4181957716114848}, 'strength_stiffness': {'strength': 290990.2393816078, 'stiffness': 280890801.18150556, 'E': 3604.9965325919525, 'I': 1319167.3216129686}}, 'model_parameters': [0.2884766565378302, 0.9582667896262889, 1.7669831044496724, 0.20865169291284075, 0.19300522105247167, 0.7249044060755625, 1.7171569567676725, 0.7547779655310596, 0.010891315802067427, 6.330873069462533, 0.8500904877458452, 0.014916941752153754, 3.908261533311211, 1.2046759842403745], 'min_error': 0.056820325468690216, 'failure_mode': 'Shear'}]",0.056820325468690216,Shear
1021,-122.45858831429827,37.71004019519937,"[daly,balb]",as_16,balbpark_daly_aerial,p_012,aerial between balboa park and daly city,"[red,yellow,green,blue]",74.0,piles,1,"[{'column_id': 'col_01', 'type': 'spiral', 'fy': 60, 'fpc': 4.0, 'diameter': 72, 'nLongBars': 48, 'dLongBars': 2.25, 'sTranBars': 3, 'dTranBars': 0.625, 'axLoad': 0.1, 'height': 267.1559999999997, 'column_parameters': {'nd_params': {'a0': 3.710499999999996, 'a1': 0.7031250000000001, 'a2': 0.04261057744126781, 'a3': 0.1, 'a4': 0.2222222222222222, 'a5': 1.3688185877935015}, 'strength_stiffness': {'strength': 301487.0858354143, 'stiffness': 267012173.8042587, 'E': 3604.9965325919525, 'I': 1319167.3216129686}}, 'model_parameters': [0.26593885254120636, 0.9517415295766296, 1.8008859791566916, 0.22229283105762698, 0.2003338956770573, 0.5743281526625974, 1.6097453703766447, 0.7449032619682259, 0.01149266902900106, 6.440387222266119, 0.8661684486789006, 0.01371350301948429, 3.9652087291485967, 1.2258236874446045], 'min_error': 0.057239145413708004, 'failure_mode': 'Shear'}]",0.057239145413708004,Shear
1022,-122.45833294672173,37.71004401566829,"[daly,balb]",as_16,balbpark_daly_aerial,p_013,aerial between balboa park and daly city,"[red,yellow,green,blue]",74.0,piles,1,"[{'column_id': 'col_01', 'type': 'spiral', 'fy': 60, 'fpc': 4.0, 'diameter': 72, 'nLongBars': 56, 'dLongBars': 2.25, 'sTranBars': 3, 'dTranBars': 0.625, 'axLoad': 0.1, 'height': 266.13599999999997, 'column_parameters': {'nd_params': {'a0': 3.696333333333333, 'a1': 0.8203125, 'a2': 0.04261057744126781, 'a3': 0.1, 'a4': 0.2222222222222222, 'a5': 1.5764874923157293}, 'strength_stiffness': {'strength': 300675.96588216576, 'stiffness': 268035531.8515739, 'E': 3604.9965325919525, 'I': 1319167.3216129686}}, 'model_parameters': [0.3324027092160546, 0.9533411459839888, 1.8193553613591673, 0.18424466264282574, 0.14937024250042333, 0.5088900105569643, 1.7026105980703141, 0.7794491236138396, 0.01046845186705285, 6.749330251399152, 0.8224905789096203, 0.016524667370696654, 3.8303810871725354, 1.3274740689610698], 'min_error': 0.05580628227865618, 'failure_mode': 'Shear'}]",0.05580628227865618,Shear
1023,-122.45807783510519,37.71005164687723,"[daly,balb]",as_16,balbpark_daly_aerial,p_014,aerial between balboa park and daly city,"[red,yellow,green,blue]",74.0,piles,1,"[{'column_id': 'col_01', 'type': 'spiral', 'fy': 60, 'fpc': 4.0, 'diameter': 72, 'nLongBars': 56, 'dLongBars': 2.25, 'sTranBars': 3, 'dTranBars': 0.625, 'axLoad': 0.1, 'height': 262.8960000000002, 'column_parameters': {'nd_params': {'a0': 3.651333333333336, 'a1': 0.8203125, 'a2': 0.04261057744126781, 'a3': 0.1, 'a4': 0.2222222222222222, 'a5': 1.5901132058173324}, 'strength_stiffness': {'strength': 298099.4672071407, 'stiffness': 271338872.80464673, 'E': 3604.9965325919525, 'I': 1319167.3216129686}}, 'model_parameters': [0.33826145907947386, 0.9548788880878792, 1.8112500042682842, 0.1816954839136451, 0.1476634801631393, 0.5480209403875597, 1.731426677364278, 0.7816565493259579, 0.010318561889259762, 6.7220386610585265, 0.8187355746035798, 0.016818612770956108, 3.8180424988079427, 1.3238369742102751], 'min_error': 0.05569478252871712, 'failure_mode': 'Shear'}]",0.05569478252871712,Shear
1024,-122.45782313547593,37.710064025699246,"[daly,balb]",as_16,balbpark_daly_aerial,p_015,aerial between balboa park and daly city,"[red,yellow,green,blue]",74.0,piles,1,"[{'column_id': 'col_01', 'type': 'spiral', 'fy': 60, 'fpc': 4.0, 'diameter': 72, 'nLongBars': 56, 'dLongBars': 2.25, 'sTranBars': 3, 'dTranBars': 0.625, 'axLoad': 0.1, 'height': 257.4359999999997, 'column_parameters': {'nd_params': {'a0': 3.575499999999996, 'a1': 0.8203125, 'a2': 0.04261057744126781, 'a3': 0.1, 'a4': 0.2222222222222222, 'a5': 1.613615838008565}, 'strength_stiffness': {'strength': 293757.5898103383, 'stiffness': 277093740.98747087, 'E': 3604.9965325919525, 'I': 1319167.3216129686}}, 'model_parameters': [0.34814549375254505, 0.9574480560678073, 1.7976686386767862, 0.17761031408983877, 0.14482034223013365, 0.6147435585962165, 1.78086745620979, 0.7852987697389227, 0.01006552894752159, 6.676184551482065, 0.8124764333087373, 0.017313446614414422, 3.7978384165635846, 1.3177781846749328], 'min_error': 0.055503761013468406, 'failure_mode': 'Shear'}]",0.055503761013468406,Shear
1025,-122.45757252617543,37.710081785985395,"[daly,balb]",as_16,balbpark_daly_aerial,p_016,aerial between balboa park and daly city,"[red,yellow,green,blue]",73.5,piles,1,"[{'column_id': 'col_01', 'type': 'spiral', 'fy': 60, 'fpc': 4.0, 'diameter': 72, 'nLongBars': 56, 'dLongBars': 2.25, 'sTranBars': 3, 'dTranBars': 0.625, 'axLoad': 0.1, 'height': 261.7080000000003, 'column_parameters': {'nd_params': {'a0': 3.634833333333338, 'a1': 0.8203125, 'a2': 0.04261057744126781, 'a3': 0.1, 'a4': 0.2222222222222222, 'a5': 1.5951685033339258}, 'strength_stiffness': {'strength': 297154.7510262981, 'stiffness': 272570591.28819287, 'E': 3604.9965325919525, 'I': 1319167.3216129686}}, 'model_parameters': [0.34041092136788487, 0.9554402945414683, 1.8082865421307919, 0.18078376152848416, 0.14704128796680502, 0.5624543123800648, 1.7420889501072163, 0.7824574323992665, 0.010263552251374403, 6.712047899303479, 0.8173662646635396, 0.016926335977918733, 3.813582800846352, 1.32251150622899], 'min_error': 0.05565355730747361, 'failure_mode': 'Shear'}]",0.05565355730747361,Shear
1026,-122.4573228482126,37.710105768639885,"[daly,balb]",as_16,balbpark_daly_aerial,p_017,aerial between balboa park and daly city,"[red,yellow,green,blue]",73.0,piles,1,"[{'column_id': 'col_01', 'type': 'spiral', 'fy': 60, 'fpc': 4.0, 'diameter': 72, 'nLongBars': 56, 'dLongBars': 2.25, 'sTranBars': 3, 'dTranBars': 0.625, 'axLoad': 0.1, 'height': 275.82000000000016, 'column_parameters': {'nd_params': {'a0': 3.8308333333333358, 'a1': 0.8203125, 'a2': 0.04261057744126781, 'a3': 0.1, 'a4': 0.2222222222222222, 'a5': 1.5371190276619615}, 'strength_stiffness': {'strength': 308376.83414418605, 'stiffness': 258624843.39370033, 'E': 3604.9965325919525, 'I': 1319167.3216129686}}, 'model_parameters': [0.31492102718813, 0.9486892136130326, 1.8437762930670845, 0.1923826702082003, 0.15455457279968204, 0.3938890745977555, 1.6186920796039717, 0.7726563566024974, 0.010915155278733988, 6.831340775681892, 0.8338863871545018, 0.015644795648300847, 3.868737363977562, 1.3386076290489082], 'min_error': 0.056131702412168916, 'failure_mode': 'Shear'}]",0.056131702412168916,Shear
1027,-122.45691570083744,37.71016158127774,"[daly,balb]",as_16,balbpark_daly_aerial,p_017_a,aerial between balboa park and daly city,"[red,yellow,green,blue]",96.5,piles,1,"[{'column_id': 'col_01', 'type': 'spiral', 'fy': 60, 'fpc': 4.0, 'diameter': 72, 'nLongBars': 64, 'dLongBars': 2.25, 'sTranBars': 3, 'dTranBars': 0.625, 'axLoad': 0.1, 'height': 274.6080000000002, 'column_parameters': {'nd_params': {'a0': 3.8140000000000023, 'a1': 0.9375, 'a2': 0.04261057744126781, 'a3': 0.1, 'a4': 0.2222222222222222, 'a5': 1.741444293952216}, 'strength_stiffness': {'strength': 307413.03278797294, 'stiffness': 259766300.7081018, 'E': 3604.9965325919525, 'I': 1319167.3216129686}}, 'model_parameters': [0.38549967444934563, 0.9505583535608332, 1.8611692183775188, 0.16175539364176425, 0.10323590930008653, 0.32478433417475955, 1.7065072910920573, 0.8079294660995718, 0.009886668801528404, 7.1104799082766785, 0.7894583452301915, 0.01847735961112954, 3.7286594476293344, 1.4366376049589575], 'min_error': 0.054716210355947544, 'failure_mode': 'Shear'}]",0.054716210355947544,Shear
1028,-122.4565141609885,37.71023879717298,"[daly,balb]",as_16,balbpark_daly_aerial,p_018,aerial between balboa park and daly city,"[red,yellow,green,blue]",120.0,piles,1,"[{'column_id': 'col_01', 'type': 'spiral', 'fy': 60, 'fpc': 4.0, 'diameter': 72, 'nLongBars': 56, 'dLongBars': 2.25, 'sTranBars': 3, 'dTranBars': 0.625, 'axLoad': 0.1, 'height': 291.5519999999999, 'column_parameters': {'nd_params': {'a0': 4.049333333333332, 'a1': 0.8203125, 'a2': 0.04261057744126781, 'a3': 0.1, 'a4': 0.2222222222222222, 'a5': 1.4721537039470962}, 'strength_stiffness': {'strength': 321985.33222602925, 'stiffness': 244669576.28433517, 'E': 3604.9965325919525, 'I': 1319167.3216129686}}, 'model_parameters': [0.2876548317997496, 0.9411745261513822, 1.8833039318434242, 0.20682697209387296, 0.16291493994486578, 0.2056098676851247, 1.4807195084150537, 0.7617663659674624, 0.011644406570759474, 6.9714630936156095, 0.852270922620543, 0.014216381532750639, 3.9299490993554747, 1.3538478080129648], 'min_error': 0.05666619230966635, 'failure_mode': 'Shear'}]",0.05666619230966635,Shear
1029,-122.45626034899217,37.7102996529443,"[daly,balb]",as_16,balbpark_daly_aerial,p_019,aerial between balboa park and daly city,"[red,yellow,green,blue]",98.5,piles,1,"[{'column_id': 'col_01', 'type': 'spiral', 'fy': 60, 'fpc': 4.0, 'diameter': 72, 'nLongBars': 56, 'dLongBars': 2.25, 'sTranBars': 3, 'dTranBars': 0.625, 'axLoad': 0.1, 'height': 271.95600000000013, 'column_parameters': {'nd_params': {'a0': 3.7771666666666683, 'a1': 0.8203125, 'a2': 0.04261057744126781, 'a3': 0.1, 'a4': 0.2222222222222222, 'a5': 1.552589260967276}, 'strength_stiffness': {'strength': 305304.12090952625, 'stiffness': 262299431.91122988, 'E': 3604.9965325919525, 'I': 1319167.3216129686}}, 'model_parameters': [0.32189133739908654, 0.9505551659506905, 1.8339979320758333, 0.18904553995995613, 0.1524714169610211, 0.4394320914637912, 1.6517886471652172, 0.7754009439662566, 0.010737163602405016, 6.79853389692649, 0.8293090937568734, 0.01599610045150577, 3.853173640483356, 1.3341085057959214], 'min_error': 0.05600323247241202, 'failure_mode': 'Shear'}]",0.05600323247241202,Shear
1030,-122.45600996940468,37.71036889261111,"[daly,balb]",as_16,balbpark_daly_aerial,p_020,aerial between balboa park and daly city,"[red,yellow,green,blue]",77.0,piles,1,"[{'column_id': 'col_01', 'type': 'spiral', 'fy': 60, 'fpc': 4.0, 'diameter': 72, 'nLongBars': 56, 'dLongBars': 2.25, 'sTranBars': 3, 'dTranBars': 0.625, 'axLoad': 0.1, 'height': 249.9480000000001, 'column_parameters': {'nd_params': {'a0': 3.471500000000001, 'a1': 0.8203125, 'a2': 0.04261057744126781, 'a3': 0.1, 'a4': 0.2222222222222222, 'a5': 1.6470011590989546}, 'strength_stiffness': {'strength': 287803.01509472454, 'stiffness': 285394979.37511176, 'E': 3604.9965325919525, 'I': 1319167.3216129686}}, 'model_parameters': [0.3617181481324666, 0.9609241880307805, 1.7792083692190823, 0.1724625092801459, 0.14099170442669376, 0.7079115798875136, 1.850549171519589, 0.7901281292226704, 0.00971766396138734, 6.6134996093875404, 0.804039038568339, 0.01799097006369809, 3.7713853310758156, 1.3096388980405662], 'min_error': 0.05523512761615127, 'failure_mode': 'Shear'}]",0.05523512761615127,Shear
1031,-122.45576671977298,37.71044551533081,"[daly,balb]",as_16,balbpark_daly_aerial,p_021,aerial between balboa park and daly city,"[red,yellow,green,blue]",76.5,piles,1,"[{'column_id': 'col_01', 'type': 'spiral', 'fy': 60, 'fpc': 4.0, 'diameter': 72, 'nLongBars': 56, 'dLongBars': 2.25, 'sTranBars': 3, 'dTranBars': 0.625, 'axLoad': 0.1, 'height': 237.72000000000003, 'column_parameters': {'nd_params': {'a0': 3.301666666666667, 'a1': 0.8203125, 'a2': 0.04261057744126781, 'a3': 0.1, 'a4': 0.2222222222222222, 'a5': 1.704593651071075}, 'strength_stiffness': {'strength': 278079.11824342515, 'stiffness': 300075316.7796166, 'E': 3604.9965325919525, 'I': 1319167.3216129686}}, 'model_parameters': [0.38388689504711676, 0.9664753398497175, 1.749503948434705, 0.1652837279764488, 0.13492747706436614, 0.8644883260360584, 1.9693442609607552, 0.797572879880279, 0.009147134770377981, 6.511190429449251, 0.7906513663163118, 0.019094426824621303, 3.7315334454345495, 1.297676924757824], 'min_error': 0.05477869003847183, 'failure_mode': 'Shear'}]",0.05477869003847183,Shear
1032,-122.45552464320808,37.71053139184672,"[daly,balb]",as_16,balbpark_daly_aerial,p_022,aerial between balboa park and daly city,"[red,yellow,green,blue]",76.5,piles,1,"[{'column_id': 'col_01', 'type': 'spiral', 'fy': 60, 'fpc': 4.0, 'diameter': 72, 'nLongBars': 56, 'dLongBars': 2.25, 'sTranBars': 3, 'dTranBars': 0.625, 'axLoad': 0.1, 'height': 222.9359999999997, 'column_parameters': {'nd_params': {'a0': 3.096333333333329, 'a1': 0.8203125, 'a2': 0.04261057744126781, 'a3': 0.1, 'a4': 0.2222222222222222, 'a5': 1.779840727291624}, 'strength_stiffness': {'strength': 266322.6502151612, 'stiffness': 319974810.2812043, 'E': 3604.9965325919525, 'I': 1319167.3216129686}}, 'model_parameters': [0.41055202518954015, 0.972962639582806, 1.714396993127618, 0.15886604928890413, 0.12793911991847653, 1.0618919634336275, 2.1221134865411466, 0.8057668596760073, 0.008449551413658213, 6.386054403356265, 0.7751791291191152, 0.020423151693501958, 3.6894653864892653, 1.2923119298026888], 'min_error': 0.05419440291739963, 'failure_mode': 'Shear'}]",0.05419440291739963,Shear
1033,-122.45528741025097,37.71062541463305,"[daly,balb]",as_16,balbpark_daly_aerial,p_023,aerial between balboa park and daly city,"[red,yellow,green,blue]",77.0,piles,1,"[{'column_id': 'col_01', 'type': 'spiral', 'fy': 60, 'fpc': 4.0, 'diameter': 72, 'nLongBars': 56, 'dLongBars': 2.25, 'sTranBars': 3, 'dTranBars': 0.625, 'axLoad': 0.1, 'height': 266.3520000000003, 'column_parameters': {'nd_params': {'a0': 3.6993333333333376, 'a1': 0.8203125, 'a2': 0.04261057744126781, 'a3': 0.1, 'a4': 0.2222222222222222, 'a5': 1.5755874095392068}, 'strength_stiffness': {'strength': 300847.7324605011, 'stiffness': 267818166.57975304, 'E': 3604.9965325919525, 'I': 1319167.3216129686}}, 'model_parameters': [0.33201230665460624, 0.9532382888465344, 1.8198969101989109, 0.18441781387589246, 0.1494845341458559, 0.5062932469951696, 1.700703034793149, 0.7793007696071095, 0.010478437227920714, 6.751152110082751, 0.8227419672671462, 0.016505063053078427, 3.831212693514927, 1.3277178012791322], 'min_error': 0.055813667661771635, 'failure_mode': 'Shear'}]",0.055813667661771635,Shear
1034,-122.45500204032119,37.710752383771684,"[daly,balb]",as_16,balbpark_daly_aerial,p_024,aerial between balboa park and daly city,"[red,yellow,green,blue]",86.0,piles,1,"[{'column_id': 'col_01', 'type': 'spiral', 'fy': 60, 'fpc': 4.0, 'diameter': 72, 'nLongBars': 56, 'dLongBars': 2.25, 'sTranBars': 3, 'dTranBars': 0.625, 'axLoad': 0.1, 'height': 265.2360000000001, 'column_parameters': {'nd_params': {'a0': 3.683833333333335, 'a1': 0.8203125, 'a2': 0.04261057744126781, 'a3': 0.1, 'a4': 0.2222222222222222, 'a5': 1.580248932965753}, 'strength_stiffness': {'strength': 299960.27180577, 'stiffness': 268945031.23576903, 'E': 3604.9965325919525, 'I': 1319167.3216129686}}, 'model_parameters': [0.33402963075870834, 0.9537692613852948, 1.817100501329713, 0.18352747578555847, 0.14889470589544626, 0.5197258577289615, 1.7105768413741735, 0.7800656710471701, 0.010426836220387557, 6.741742509530753, 0.8214445377504186, 0.0166063413870182, 3.8269281401752786, 1.3264602943646322], 'min_error': 0.05577544575517469, 'failure_mode': 'Shear'}]",0.05577544575517469,Shear
1035,-122.45478006185014,37.71086246108967,"[daly,balb]",as_16,balbpark_daly_aerial,p_025,aerial between balboa park and daly city,"[red,yellow,green,blue]",85.5,piles,1,"[{'column_id': 'col_01', 'type': 'spiral', 'fy': 60, 'fpc': 4.0, 'diameter': 72, 'nLongBars': 56, 'dLongBars': 2.25, 'sTranBars': 3, 'dTranBars': 0.625, 'axLoad': 0.1, 'height': 266.9880000000003, 'column_parameters': {'nd_params': {'a0': 3.7081666666666706, 'a1': 0.8203125, 'a2': 0.04261057744126781, 'a3': 0.1, 'a4': 0.2222222222222222, 'a5': 1.5729431242693115}, 'strength_stiffness': {'strength': 301353.48960782087, 'stiffness': 267180189.01542535, 'E': 3604.9965325919525, 'I': 1319167.3216129686}}, 'model_parameters': [0.3308629197243785, 0.9529351868273808, 1.8214923263709657, 0.18492994033127727, 0.14982142394878334, 0.4986558124779688, 1.6950960205930283, 0.7788630933514477, 0.010507833124508374, 6.7565183017813, 0.8234829236729494, 0.016447333515031953, 3.833667798891621, 1.328436453631104], 'min_error': 0.05583537909341086, 'failure_mode': 'Shear'}]",0.05583537909341086,Shear
1036,-122.45459524659732,37.7109793820397,"[daly,balb]",as_16,balbpark_daly_aerial,p_026,aerial between balboa park and daly city,"[red,yellow,green,blue]",76.0,piles,1,"[{'column_id': 'col_01', 'type': 'spiral', 'fy': 60, 'fpc': 4.0, 'diameter': 72, 'nLongBars': 56, 'dLongBars': 2.25, 'sTranBars': 3, 'dTranBars': 0.625, 'axLoad': 0.1, 'height': 302.39999999999986, 'column_parameters': {'nd_params': {'a0': 4.199999999999998, 'a1': 0.8203125, 'a2': 0.04261057744126781, 'a3': 0.1, 'a4': 0.2222222222222222, 'a5': 1.419343110757883}, 'strength_stiffness': {'strength': 333965.6886769812, 'stiffness': 235892540.69064316, 'E': 3604.9965325919525, 'I': 1319167.3216129686}}, 'model_parameters': [0.27130103569802133, 0.9363244474858858, 1.9094093513720716, 0.21735996688030101, 0.1681897319150322, 0.06422688213859724, 1.3725347789988467, 0.7554086074802051, 0.012161206013706865, 7.08106732747939, 0.8639293894963715, 0.013239103855638073, 3.9634334413994488, 1.3567971349953092], 'min_error': 0.0570810407107657, 'failure_mode': 'Shear'}]",0.0570810407107657,Shear
1037,-122.45435437648389,37.711104292533655,"[daly,balb]",as_16,balbpark_daly_aerial,p_027,aerial between balboa park and daly city,"[red,yellow,green,blue]",76.0,piles,1,"[{'column_id': 'col_01', 'type': 'spiral', 'fy': 60, 'fpc': 4.0, 'diameter': 72, 'nLongBars': 56, 'dLongBars': 2.25, 'sTranBars': 3, 'dTranBars': 0.625, 'axLoad': 0.1, 'height': 299.4720000000002, 'column_parameters': {'nd_params': {'a0': 4.159333333333336, 'a1': 0.8203125, 'a2': 0.04261057744126781, 'a3': 0.1, 'a4': 0.2222222222222222, 'a5': 1.4332203234131515}, 'strength_stiffness': {'strength': 330732.05264376005, 'stiffness': 238198911.09970352, 'E': 3604.9965325919525, 'I': 1319167.3216129686}}, 'model_parameters': [0.2757325021438578, 0.9376490911067692, 1.9023090607647632, 0.21441848021697152, 0.16674295021528185, 0.10184421627962509, 1.4011213988493865, 0.7571788040896991, 0.012022312092283872, 7.05150020720656, 0.8607347198153128, 0.013503243854874872, 3.9539852380384226, 1.355725377011578], 'min_error': 0.056971245919352875, 'failure_mode': 'Shear'}]",0.056971245919352875,Shear
1038,-122.45415030516342,37.71123468203055,"[daly,balb]",as_16,balbpark_daly_aerial,p_028,aerial between balboa park and daly city,"[red,yellow,green,blue]",76.0,piles,1,"[{'column_id': 'col_01', 'type': 'spiral', 'fy': 60, 'fpc': 4.0, 'diameter': 72, 'nLongBars': 56, 'dLongBars': 2.25, 'sTranBars': 3, 'dTranBars': 0.625, 'axLoad': 0.1, 'height': 306.20399999999995, 'column_parameters': {'nd_params': {'a0': 4.252833333333332, 'a1': 0.8203125, 'a2': 0.04261057744126781, 'a3': 0.1, 'a4': 0.2222222222222222, 'a5': 1.4017104828584335}, 'strength_stiffness': {'strength': 338166.7649988306, 'stiffness': 232962026.31203535, 'E': 3604.9965325919525, 'I': 1319167.3216129686}}, 'model_parameters': [0.8731638780537712, 0.9987425761587393, 1.0584589244045284, 0.39200457878110445, 0.4659218087731263, 3.9694317244261184, 1.6161067502190303, 0.8203413628689489, 0.012433333689371487, 7.113197256181425, 0.26740873860596215, 0.013009772642618992, 5.769599332021272, 0.3272285522764622], 'min_error': 0.052465374680886384, 'failure_mode': 'Flexure'}]",0.052465374680886384,Flexure
1039,-122.45395135934064,37.711370139451276,"[daly,balb]",as_16,balbpark_daly_aerial,p_029,aerial between balboa park and daly city,"[red,yellow,green,blue]",76.0,piles,1,"[{'column_id': 'col_01', 'type': 'spiral', 'fy': 60, 'fpc': 4.0, 'diameter': 72, 'nLongBars': 48, 'dLongBars': 2.25, 'sTranBars': 3, 'dTranBars': 0.625, 'axLoad': 0.1, 'height': 214.75200000000018, 'column_parameters': {'nd_params': {'a0': 2.982666666666669, 'a1': 0.7031250000000001, 'a2': 0.04261057744126781, 'a3': 0.1, 'a4': 0.2222222222222222, 'a5': 1.5883676993983513}, 'strength_stiffness': {'strength': 259814.60541380127, 'stiffness': 332168754.2134667, 'E': 3604.9965325919525, 'I': 1319167.3216129686}}, 'model_parameters': [0.3582138780410676, 0.9766228180266582, 1.6696695360159992, 0.17702919230271158, 0.17267758007596065, 1.2060318861072226, 2.074460788124196, 0.7807261868677503, 0.009094730782515813, 6.026470587136515, 0.8053286914027088, 0.018468598587876882, 3.7647353435585162, 1.1678056422388032], 'min_error': 0.055440558768383594, 'failure_mode': 'Shear'}]",0.055440558768383594,Shear
1040,-122.45375688298277,37.7115097801903,"[daly,balb]",as_16,balbpark_daly_aerial,p_030,aerial between balboa park and daly city,"[red,yellow,green,blue]",76.0,piles,1,"[{'column_id': 'col_01', 'type': 'spiral', 'fy': 60, 'fpc': 4.0, 'diameter': 72, 'nLongBars': 48, 'dLongBars': 2.25, 'sTranBars': 3, 'dTranBars': 0.625, 'axLoad': 0.1, 'height': 230.83199999999988, 'column_parameters': {'nd_params': {'a0': 3.205999999999998, 'a1': 0.7031250000000001, 'a2': 0.04261057744126781, 'a3': 0.1, 'a4': 0.2222222222222222, 'a5': 1.5138613151663096}, 'strength_stiffness': {'strength': 272601.67291207495, 'stiffness': 309029529.2890522, 'E': 3604.9965325919525, 'I': 1319167.3216129686}}, 'model_parameters': [0.3290492455232362, 0.9693125446128147, 1.708907725147924, 0.18812155252008878, 0.1807272642016111, 1.001902671678653, 1.9202435401383333, 0.770759703595912, 0.00983535805993122, 6.1477512508747445, 0.8230898374537253, 0.017016358164280532, 3.818478670149524, 1.1706356504832263], 'min_error': 0.05603368405394737, 'failure_mode': 'Shear'}]",0.05603368405394737,Shear
1041,-122.45356613157142,37.71165277329749,"[daly,balb]",as_16,balbpark_daly_aerial,p_031,aerial between balboa park and daly city,"[red,yellow,green,blue]",76.0,piles,1,"[{'column_id': 'col_01', 'type': 'spiral', 'fy': 60, 'fpc': 4.0, 'diameter': 72, 'nLongBars': 48, 'dLongBars': 2.25, 'sTranBars': 3, 'dTranBars': 0.625, 'axLoad': 0.1, 'height': 246.91200000000026, 'column_parameters': {'nd_params': {'a0': 3.429333333333337, 'a1': 0.7031250000000001, 'a2': 0.04261057744126781, 'a3': 0.1, 'a4': 0.2222222222222222, 'a5': 1.4460315654984572}, 'strength_stiffness': {'strength': 285388.7404103491, 'stiffness': 288904161.42127717, 'E': 3604.9965325919525, 'I': 1319167.3216129686}}, 'model_parameters': [0.30066652608625466, 0.9616878832467282, 1.7491047511931808, 0.2018964336235702, 0.189185273703283, 0.807400519150092, 1.7768953156002671, 0.7598339068383119, 0.010569792355386184, 6.273901882145607, 0.8416996247052733, 0.015557715103679563, 3.8794905411120757, 1.1933922368731282], 'min_error': 0.056588242213325306, 'failure_mode': 'Shear'}]",0.056588242213325306,Shear
1042,-122.45337829938947,37.71179832729019,"[daly,balb]",as_16,balbpark_daly_aerial,p_032,aerial between balboa park and daly city,"[red,yellow,green,blue]",76.0,piles,1,"[{'column_id': 'col_01', 'type': 'spiral', 'fy': 60, 'fpc': 4.0, 'diameter': 72, 'nLongBars': 48, 'dLongBars': 2.25, 'sTranBars': 3, 'dTranBars': 0.625, 'axLoad': 0.1, 'height': 274.99199999999996, 'column_parameters': {'nd_params': {'a0': 3.8193333333333332, 'a1': 0.7031250000000001, 'a2': 0.04261057744126781, 'a3': 0.1, 'a4': 0.2222222222222222, 'a5': 1.3410999569093958}, 'strength_stiffness': {'strength': 307718.3955939017, 'stiffness': 259403561.93943995, 'E': 3604.9965325919525, 'I': 1319167.3216129686}}, 'model_parameters': [0.2526783665965555, 0.9478033985510497, 1.8212407966655695, 0.23089605268020666, 0.20478191491288958, 0.4872382300539754, 1.548575972777626, 0.7388123268874576, 0.011848256680661596, 6.5069773138386795, 0.8759154487614295, 0.01299756997336791, 4.000749382911766, 1.2383942387702864], 'min_error': 0.05747856764277837, 'failure_mode': 'Shear'}]",0.05747856764277837,Shear
1043,-122.45319255040941,37.71194568139977,"[daly,balb]",as_16,balbpark_daly_aerial,p_033,aerial between balboa park and daly city,"[red,yellow,green,blue]",76.0,piles,1,"[{'column_id': 'col_01', 'type': 'spiral', 'fy': 60, 'fpc': 4.0, 'diameter': 72, 'nLongBars': 56, 'dLongBars': 2.25, 'sTranBars': 3, 'dTranBars': 0.625, 'axLoad': 0.1, 'height': 351.07199999999966, 'column_parameters': {'nd_params': {'a0': 4.875999999999995, 'a1': 0.8203125, 'a2': 0.04261057744126781, 'a3': 0.1, 'a4': 0.2222222222222222, 'a5': 1.2225678968792273}, 'strength_stiffness': {'strength': 387718.26142594276, 'stiffness': 203188816.83771572, 'E': 3604.9965325919525, 'I': 1319167.3216129686}}, 'model_parameters': [0.9983748761219476, 0.9981101849694908, 1.1933707407337668, 0.33480234118658886, 0.4875836072915089, 3.5511644195215655, 1.6549720144158706, 0.8321366286499181, 0.011951276118971043, 7.658209055487474, 0.27972008409053983, 0.01110416544010031, 5.7143088091901175, 0.3128013420743776], 'min_error': 0.056997351662447494, 'failure_mode': 'Flexure'}]",0.056997351662447494,Flexure
1044,-122.45300793159666,37.712094096021175,"[daly,balb]",as_16,balbpark_daly_aerial,p_034,aerial between balboa park and daly city,"[red,yellow,green,blue]",76.0,piles,1,"[{'column_id': 'col_01', 'type': 'spiral', 'fy': 60, 'fpc': 4.0, 'diameter': 72, 'nLongBars': 48, 'dLongBars': 2.25, 'sTranBars': 3, 'dTranBars': 0.625, 'axLoad': 0.1, 'height': 331.1400000000003, 'column_parameters': {'nd_params': {'a0': 4.5991666666666715, 'a1': 0.7031250000000001, 'a2': 0.04261057744126781, 'a3': 0.1, 'a4': 0.2222222222222222, 'a5': 1.1284515054396413}, 'strength_stiffness': {'strength': 365705.6817079885, 'stiffness': 215419171.0601268, 'E': 3604.9965325919525, 'I': 1319167.3216129686}}, 'model_parameters': [0.9376552032746878, 1.0008235430400703, 1.1470733787535043, 0.3601210375600364, 0.4787039227464253, 3.3061916467193777, 1.68118979343798, 0.8104933944723881, 0.011456965607561388, 6.838610768715946, 0.33832381203929746, 0.011560761071828605, 5.658506442910042, 0.4394059024438257], 'min_error': 0.05621855991778361, 'failure_mode': 'Flexure'}]",0.05621855991778361,Flexure
1045,-122.45282361448696,37.71224283497199,"[daly,balb]",as_16,balbpark_daly_aerial,p_035,aerial between balboa park and daly city,"[red,yellow,green,blue]",76.0,piles,1,"[{'column_id': 'col_01', 'type': 'spiral', 'fy': 60, 'fpc': 4.0, 'diameter': 72, 'nLongBars': 48, 'dLongBars': 2.25, 'sTranBars': 3, 'dTranBars': 0.625, 'axLoad': 0.1, 'height': 347.23199999999974, 'column_parameters': {'nd_params': {'a0': 4.822666666666663, 'a1': 0.7031250000000001, 'a2': 0.04261057744126781, 'a3': 0.1, 'a4': 0.2222222222222222, 'a5': 1.076154938229436}, 'strength_stiffness': {'strength': 383477.4272840129, 'stiffness': 205435859.32417092, 'E': 3604.9965325919525, 'I': 1319167.3216129686}}, 'model_parameters': [0.9844579943851189, 1.0010673616012498, 1.1835970090261678, 0.33368447305420357, 0.48478229687214947, 3.1941328725931, 1.661139016765092, 0.8140488658554916, 0.011306372711446038, 6.996486080659981, 0.3407023894811267, 0.011119051965687802, 5.645109454749243, 0.44192007628019314], 'min_error': 0.057624384289419066, 'failure_mode': 'Flexure'}]",0.057624384289419066,Flexure
1046,-122.4526419675414,37.71238939220888,"[daly,balb]",as_16,balbpark_daly_aerial,p_036,aerial between balboa park and daly city,"[red,yellow,green,blue]",75.5,piles,1,"[{'column_id': 'col_01', 'type': 'spiral', 'fy': 60, 'fpc': 4.0, 'diameter': 78.0, 'nLongBars': 52, 'dLongBars': 2.25, 'sTranBars': 3, 'dTranBars': 0.625, 'axLoad': 0.1, 'height': 387.78, 'column_parameters': {'nd_params': {'a0': 4.9715384615384615, 'a1': 0.6490384615384618, 'a2': 0.03933284071501644, 'a3': 0.1, 'a4': 0.2222222222222222, 'a5': 1.0293385058123639}, 'strength_stiffness': {'strength': 474769.48709929525, 'stiffness': 253372229.86539942, 'E': 3604.9965325919525, 'I': 1816972.3125283562}}, 'model_parameters': [0.9813316577035279, 1.0044522294303533, 1.153506431883364, 0.3477320776342099, 0.4849397238162152, 3.105095557199896, 1.621299508613094, 0.8033852989013742, 0.011107412100870415, 6.630934367986644, 0.35814404468363464, 0.011933096762092114, 5.6444219008470045, 0.5488948296115416], 'min_error': 0.05833471807497348, 'failure_mode': 'Flexure'}]",0.05833471807497348,Flexure
1047,-122.45245673415675,37.71253884622216,"[daly,balb]",as_16,balbpark_daly_aerial,p_037,aerial between balboa park and daly city,"[red,yellow,green,blue]",75.5,piles,1,"[{'column_id': 'col_01', 'type': 'spiral', 'fy': 60, 'fpc': 4.0, 'diameter': 78.0, 'nLongBars': 52, 'dLongBars': 2.25, 'sTranBars': 3, 'dTranBars': 0.625, 'axLoad': 0.1, 'height': 367.70399999999995, 'column_parameters': {'nd_params': {'a0': 4.714153846153845, 'a1': 0.6490384615384618, 'a2': 0.03933284071501644, 'a3': 0.1, 'a4': 0.2222222222222222, 'a5': 1.0855386011137178}, 'strength_stiffness': {'strength': 450189.9001608109, 'stiffness': 267205913.71648008, 'E': 3604.9965325919525, 'I': 1816972.3125283562}}, 'model_parameters': [0.9207382831310302, 1.004260985890281, 1.115441968607167, 0.37468518516412297, 0.47629594764238414, 3.218549980390299, 1.650736636021613, 0.7995007572756018, 0.011272985720266186, 6.459543989663266, 0.3560508853058461, 0.0123603708097716, 5.6576542832643115, 0.543468958827783], 'min_error': 0.05678096478510919, 'failure_mode': 'Flexure'}]",0.05678096478510919,Flexure
1048,-122.45227149649898,37.71268829725212,"[daly,balb]",as_16,balbpark_daly_aerial,p_038,aerial between balboa park and daly city,"[red,yellow,green,blue]",76.0,piles,1,"[{'column_id': 'col_01', 'type': 'spiral', 'fy': 60, 'fpc': 4.0, 'diameter': 72, 'nLongBars': 48, 'dLongBars': 2.25, 'sTranBars': 3, 'dTranBars': 0.625, 'axLoad': 0.1, 'height': 335.62799999999993, 'column_parameters': {'nd_params': {'a0': 4.661499999999999, 'a1': 0.7031250000000001, 'a2': 0.04261057744126781, 'a3': 0.1, 'a4': 0.2222222222222222, 'a5': 1.1133619111375788}, 'strength_stiffness': {'strength': 370662.15661136864, 'stiffness': 212538597.2113485, 'E': 3604.9965325919525, 'I': 1319167.3216129686}}, 'model_parameters': [0.9491062698315672, 1.0008952547822267, 1.1577607971744945, 0.3523820292133669, 0.4802226490151104, 3.273224818176172, 1.6795529917376195, 0.8115131817520905, 0.011414014886488811, 6.883671308380499, 0.3390734698127217, 0.011427373569999181, 5.654498222901082, 0.4397825195280867], 'min_error': 0.05661925306193508, 'failure_mode': 'Flexure'}]",0.05661925306193508,Flexure
1049,-122.45208625816856,37.712837750733094,"[daly,balb]",as_16,balbpark_daly_aerial,p_039,aerial between balboa park and daly city,"[red,yellow,green,blue]",76.0,piles,1,"[{'column_id': 'col_01', 'type': 'spiral', 'fy': 60, 'fpc': 4.0, 'diameter': 72, 'nLongBars': 48, 'dLongBars': 2.25, 'sTranBars': 3, 'dTranBars': 0.625, 'axLoad': 0.1, 'height': 351.5519999999999, 'column_parameters': {'nd_params': {'a0': 4.882666666666665, 'a1': 0.7031250000000001, 'a2': 0.04261057744126781, 'a3': 0.1, 'a4': 0.2222222222222222, 'a5': 1.0629307513860917}, 'strength_stiffness': {'strength': 388248.36569368426, 'stiffness': 202911388.08725446, 'E': 3604.9965325919525, 'I': 1319167.3216129686}}, 'model_parameters': [0.9985978516421395, 1.0011303602370976, 1.1925915637923605, 0.32728555322980024, 0.4866597528731403, 3.166812227133207, 1.6518592626232442, 0.8149578078347579, 0.01126748223187064, 7.037256071116185, 0.3412014236076639, 0.01101695547567061, 5.641951793825149, 0.4431197048739245], 'min_error': 0.05798787736750913, 'failure_mode': 'Flexure'}]",0.05798787736750913,Flexure
1050,-122.45190102247764,37.71298720111619,"[daly,balb]",as_16,balbpark_daly_aerial,p_040,aerial between balboa park and daly city,"[red,yellow,green,blue]",76.0,piles,1,"[{'column_id': 'col_01', 'type': 'spiral', 'fy': 60, 'fpc': 4.0, 'diameter': 72, 'nLongBars': 48, 'dLongBars': 2.25, 'sTranBars': 3, 'dTranBars': 0.625, 'axLoad': 0.1, 'height': 355.4759999999999, 'column_parameters': {'nd_params': {'a0': 4.937166666666665, 'a1': 0.7031250000000001, 'a2': 0.04261057744126781, 'a3': 0.1, 'a4': 0.2222222222222222, 'a5': 1.051197356534009}, 'strength_stiffness': {'strength': 392581.9680824689, 'stiffness': 200671506.1068834, 'E': 3604.9965325919525, 'I': 1319167.3216129686}}, 'model_parameters': [1.0114814215853039, 1.0011886363858662, 1.200484457810479, 0.32175291250757665, 0.4884277394243772, 3.1429217952560657, 1.643249429246615, 0.8157678679552528, 0.011232682014554065, 7.073764170497715, 0.34160701701414825, 0.01092985106289415, 5.639233262953645, 0.44438867511983543], 'min_error': 0.05831329389113152, 'failure_mode': 'Flexure'}]",0.05831329389113152,Flexure
1051,-122.45171578265774,37.71313665400755,"[daly,balb]",as_16,balbpark_daly_aerial,p_041,aerial between balboa park and daly city,"[red,yellow,green,blue]",76.0,piles,1,"[{'column_id': 'col_01', 'type': 'spiral', 'fy': 60, 'fpc': 4.0, 'diameter': 72, 'nLongBars': 40, 'dLongBars': 2.25, 'sTranBars': 3, 'dTranBars': 0.625, 'axLoad': 0.1, 'height': 263.39999999999986, 'column_parameters': {'nd_params': {'a0': 3.658333333333332, 'a1': 0.5859375, 'a2': 0.04261057744126781, 'a3': 0.1, 'a4': 0.2222222222222222, 'a5': 1.1770521055057384}, 'strength_stiffness': {'strength': 298500.2558899221, 'stiffness': 270819682.2507612, 'E': 3604.9965325919525, 'I': 1319167.3216129686}}, 'model_parameters': [0.7819120634561199, 1.0043310347486003, 1.0041768636199035, 0.44879546801933795, 0.44158388402405274, 3.3536509453791776, 1.4622995667062655, 0.777717678389149, 0.011196983067752731, 5.646515425576809, 0.3928734870161923, 0.013063118339782324, 5.63841572782946, 0.5662423241854017], 'min_error': 0.05138227549475109, 'failure_mode': 'Flexure'}]",0.05138227549475109,Flexure
1052,-122.45153054554943,37.7132861065468,"[daly,balb]",as_16,balbpark_daly_aerial,p_042,aerial between balboa park and daly city,"[red,yellow,green,blue]",76.0,piles,1,"[{'column_id': 'col_01', 'type': 'spiral', 'fy': 60, 'fpc': 4.0, 'diameter': 72, 'nLongBars': 40, 'dLongBars': 2.25, 'sTranBars': 3, 'dTranBars': 0.625, 'axLoad': 0.1, 'height': 255.32399999999984, 'column_parameters': {'nd_params': {'a0': 3.5461666666666645, 'a1': 0.5859375, 'a2': 0.04261057744126781, 'a3': 0.1, 'a4': 0.2222222222222222, 'a5': 1.2029329191488474}, 'strength_stiffness': {'strength': 292078.0943777293, 'stiffness': 279385816.8634774, 'E': 3604.9965325919525, 'I': 1319167.3216129686}}, 'model_parameters': [0.7552166012115882, 1.0043347686573756, 0.9865412373758146, 0.46068081733094757, 0.43683833046302806, 3.4104581083982533, 1.473695703554665, 0.7759109842123662, 0.01127151259808175, 5.581004478343466, 0.3915880167303571, 0.013270173435750971, 5.646889281097007, 0.5649452498973515], 'min_error': 0.05066255704018732, 'failure_mode': 'Flexure'}]",0.05066255704018732,Flexure
1053,-122.45134523540148,37.71343557097685,"[daly,balb]",as_16,balbpark_daly_aerial,p_043,aerial between balboa park and daly city,"[red,yellow,green,blue]",75.5,piles,1,"[{'column_id': 'col_01', 'type': 'spiral', 'fy': 60, 'fpc': 4.0, 'diameter': 72, 'nLongBars': 48, 'dLongBars': 2.25, 'sTranBars': 3, 'dTranBars': 0.625, 'axLoad': 0.1, 'height': 247.2360000000001, 'column_parameters': {'nd_params': {'a0': 3.4338333333333346, 'a1': 0.7031250000000001, 'a2': 0.04261057744126781, 'a3': 0.1, 'a4': 0.2222222222222222, 'a5': 1.4447272611069593}, 'strength_stiffness': {'strength': 285646.3902778515, 'stiffness': 288525555.7639277, 'E': 3604.9965325919525, 'I': 1319167.3216129686}}, 'model_parameters': [0.3001028208680985, 0.9615315272075443, 1.7499236546597603, 0.2021982315585783, 0.1893595133842855, 0.8035714415265621, 1.7741085615434822, 0.759604792342949, 0.010584584386453339, 6.276499318992229, 0.8420825312840929, 0.01552826468214043, 3.880787832510675, 1.1939071726985542], 'min_error': 0.05659905561356342, 'failure_mode': 'Shear'}]",0.05659905561356342,Shear
1054,-122.45116026763645,37.71358559255672,"[daly,balb]",as_16,balbpark_daly_aerial,p_044,aerial between balboa park and daly city,"[red,yellow,green,blue]",75.5,piles,1,"[{'column_id': 'col_01', 'type': 'spiral', 'fy': 60, 'fpc': 4.0, 'diameter': 78.0, 'nLongBars': 64, 'dLongBars': 2.25, 'sTranBars': 3, 'dTranBars': 0.625, 'axLoad': 0.1, 'height': 443.1840000000002, 'column_parameters': {'nd_params': {'a0': 5.681846153846156, 'a1': 0.7988165680473374, 'a2': 0.03933284071501644, 'a3': 0.1, 'a4': 0.2222222222222222, 'a5': 1.0843323774053155}, 'strength_stiffness': {'strength': 542602.0949265412, 'stiffness': 221697270.87892282, 'E': 3604.9965325919525, 'I': 1816972.3125283562}}, 'model_parameters': [1.1270092690753704, 1.0010631605364502, 1.252884057594692, 0.2952059994150619, 0.5137404518877089, 3.2909952719062128, 1.5067122587162813, 0.8357867728964484, 0.011529861102149852, 7.920803197990511, 0.283711091192486, 0.011011307085100473, 5.703991915499644, 0.4014106328617689], 'min_error': 0.061284935690323034, 'failure_mode': 'Flexure'}]",0.061284935690323034,Flexure
1055,-122.45098293421128,37.713731798197486,"[daly,balb]",as_16,balbpark_daly_aerial,p_045,aerial between balboa park and daly city,"[red,yellow,green,blue]",76.0,piles,1,"[{'column_id': 'col_01', 'type': 'spiral', 'fy': 60, 'fpc': 4.0, 'diameter': 78.0, 'nLongBars': 64, 'dLongBars': 2.25, 'sTranBars': 3, 'dTranBars': 0.625, 'axLoad': 0.1, 'height': 497.3399999999999, 'column_parameters': {'nd_params': {'a0': 6.376153846153845, 'a1': 0.7988165680473374, 'a2': 0.03933284071501644, 'a3': 0.1, 'a4': 0.2222222222222222, 'a5': 0.9662580133268943}, 'strength_stiffness': {'strength': 588361.0195768011, 'stiffness': 197556366.46399766, 'E': 3604.9965325919525, 'I': 1816972.3125283562}}, 'model_parameters': [1.1993738676328596, 1.002321789588082, 1.3221312562403784, 0.2525183369687658, 0.5379535341585634, 3.071742164932876, 1.4174070070046125, 0.8443748295337687, 0.011145820072215361, 8.33918391212498, 0.28348377491237015, 0.010536684161470123, 5.686229696392571, 0.4378217082442217], 'min_error': 0.06492884352760177, 'failure_mode': 'Flexure'}]",0.06492884352760177,Flexure
1056,-122.45080346063637,37.71388383785462,"[daly,balb]",as_16,balbpark_daly_aerial,p_046,aerial between balboa park and daly city,"[red,yellow,green,blue]",76.0,piles,1,"[{'column_id': 'col_01', 'type': 'spiral', 'fy': 60, 'fpc': 4.0, 'diameter': 78.0, 'nLongBars': 60, 'dLongBars': 2.25, 'sTranBars': 3, 'dTranBars': 0.625, 'axLoad': 0.1, 'height': 456.2760000000003, 'column_parameters': {'nd_params': {'a0': 5.849692307692312, 'a1': 0.7488905325443788, 'a2': 0.03933284071501644, 'a3': 0.1, 'a4': 0.2222222222222222, 'a5': 0.9937511553532749}, 'strength_stiffness': {'strength': 555140.1845365644, 'stiffness': 215336075.74626872, 'E': 3604.9965325919525, 'I': 1816972.3125283562}}, 'model_parameters': [1.1633408579092333, 1.0028303987682852, 1.263567075146095, 0.2847428733275695, 0.5186498966429555, 3.095516664430577, 1.455873924682477, 0.8301739415548913, 0.011153984225504123, 7.742260706442274, 0.3089024628564516, 0.010972396346677526, 5.671884064713614, 0.4690300333942591], 'min_error': 0.062469775167484184, 'failure_mode': 'Flexure'}]",0.062469775167484184,Flexure
1057,-122.45062693371203,37.71403803424084,"[daly,balb]",as_16,balbpark_daly_aerial,p_047,aerial between balboa park and daly city,"[red,yellow,green,blue]",76.0,piles,1,"[{'column_id': 'col_01', 'type': 'spiral', 'fy': 60, 'fpc': 4.0, 'diameter': 78.0, 'nLongBars': 52, 'dLongBars': 2.25, 'sTranBars': 3, 'dTranBars': 0.625, 'axLoad': 0.1, 'height': 380.8319999999999, 'column_parameters': {'nd_params': {'a0': 4.882461538461537, 'a1': 0.6490384615384618, 'a2': 0.03933284071501644, 'a3': 0.1, 'a4': 0.2222222222222222, 'a5': 1.048118030480418}, 'strength_stiffness': {'strength': 466262.86376553396, 'stiffness': 257994820.01828787, 'E': 3604.9965325919525, 'I': 1816972.3125283562}}, 'model_parameters': [0.9599804930229177, 1.0043744146320077, 1.1409988667435973, 0.3563605332207371, 0.48186825833339375, 3.141841395707695, 1.6323406841040364, 0.802078313017642, 0.011163451058678215, 6.572712876576306, 0.3575351456255244, 0.012067414638307855, 5.64864276880076, 0.5465858534284553], 'min_error': 0.05780872638619583, 'failure_mode': 'Flexure'}]",0.05780872638619583,Flexure
1058,-122.45045337633914,37.7141943375446,"[daly,balb]",as_16,balbpark_daly_aerial,p_048,aerial between balboa park and daly city,"[red,yellow,green,blue]",76.0,piles,1,"[{'column_id': 'col_01', 'type': 'spiral', 'fy': 60, 'fpc': 4.0, 'diameter': 78.0, 'nLongBars': 52, 'dLongBars': 2.25, 'sTranBars': 3, 'dTranBars': 0.625, 'axLoad': 0.1, 'height': 366.9839999999999, 'column_parameters': {'nd_params': {'a0': 4.704923076923076, 'a1': 0.6490384615384618, 'a2': 0.03933284071501644, 'a3': 0.1, 'a4': 0.2222222222222222, 'a5': 1.0876683609746434}, 'strength_stiffness': {'strength': 449308.38478943665, 'stiffness': 267730155.2580074, 'E': 3604.9965325919525, 'I': 1816972.3125283562}}, 'model_parameters': [0.9187518585212764, 1.0042560063592998, 1.1139634342985107, 0.3757656161688308, 0.4760014194531638, 3.2230576693217374, 1.6514607411275708, 0.7993550732408479, 0.011279139065893494, 6.4532041708732, 0.35595616877242164, 0.012378003349573057, 5.6581901722373145, 0.5433478115850574], 'min_error': 0.05672324070117144, 'failure_mode': 'Flexure'}]",0.05672324070117144,Flexure
1059,-122.4502828186205,37.71435270882295,"[daly,balb]",as_16,balbpark_daly_aerial,p_049,aerial between balboa park and daly city,"[red,yellow,green,blue]",76.0,piles,1,"[{'column_id': 'col_01', 'type': 'spiral', 'fy': 60, 'fpc': 4.0, 'diameter': 78.0, 'nLongBars': 52, 'dLongBars': 2.25, 'sTranBars': 3, 'dTranBars': 0.625, 'axLoad': 0.1, 'height': 414.75599999999986, 'column_parameters': {'nd_params': {'a0': 5.317384615384613, 'a1': 0.6490384615384618, 'a2': 0.03933284071501644, 'a3': 0.1, 'a4': 0.2222222222222222, 'a5': 0.962389659905869}, 'strength_stiffness': {'strength': 488698.514456091, 'stiffness': 236892735.24000764, 'E': 3604.9965325919525, 'I': 1816972.3125283562}}, 'model_parameters': [1.0563735483961498, 1.004876060559664, 1.196136534020352, 0.3204674864827136, 0.49725606978704934, 2.9812637901793395, 1.5734373291792134, 0.8081270806933673, 0.01090107486956785, 6.84818693125614, 0.3594761269073207, 0.011532191904088288, 5.631197450117765, 0.5616953460239202], 'min_error': 0.06027245882585937, 'failure_mode': 'Flexure'}]",0.06027245882585937,Flexure
1060,-122.4501153045578,37.714513111649744,"[daly,balb]",as_16,balbpark_daly_aerial,p_050,aerial between balboa park and daly city,"[red,yellow,green,blue]",76.0,piles,1,"[{'column_id': 'col_01', 'type': 'spiral', 'fy': 60, 'fpc': 4.0, 'diameter': 78.0, 'nLongBars': 52, 'dLongBars': 2.25, 'sTranBars': 3, 'dTranBars': 0.625, 'axLoad': 0.1, 'height': 428.12400000000025, 'column_parameters': {'nd_params': {'a0': 5.4887692307692335, 'a1': 0.6490384615384618, 'a2': 0.03933284071501644, 'a3': 0.1, 'a4': 0.2222222222222222, 'a5': 0.9323394291932203}, 'strength_stiffness': {'strength': 488698.514456091, 'stiffness': 229495854.6991164, 'E': 3604.9965325919525, 'I': 1816972.3125283562}}, 'model_parameters': [1.0875979583353383, 1.005157899809421, 1.2141493272857717, 0.30994137985617426, 0.5034253693994862, 2.927729590395519, 1.5369624630556042, 0.8103024696888336, 0.0108047141427966, 6.9515470357178515, 0.3595933610920217, 0.011396745436581866, 5.6263002258258945, 0.5700499097405846], 'min_error': 0.06117801718155883, 'failure_mode': 'Flexure'}]",0.06117801718155883,Flexure
1061,-122.44995087131304,37.71467551245908,"[daly,balb]",as_16,balbpark_daly_aerial,p_051,aerial between balboa park and daly city,"[red,yellow,green,blue]",76.0,piles,1,"[{'column_id': 'col_01', 'type': 'spiral', 'fy': 60, 'fpc': 4.0, 'diameter': 72, 'nLongBars': 64, 'dLongBars': 2.25, 'sTranBars': 3, 'dTranBars': 0.625, 'axLoad': 0.1, 'height': 359.11199999999985, 'column_parameters': {'nd_params': {'a0': 4.987666666666665, 'a1': 0.9375, 'a2': 0.04261057744126781, 'a3': 0.1, 'a4': 0.2222222222222222, 'a5': 1.3498387184919598}, 'strength_stiffness': {'strength': 396597.5079106087, 'stiffness': 198639712.13674423, 'E': 3604.9965325919525, 'I': 1319167.3216129686}}, 'model_parameters': [1.027309107660843, 0.9949292614682846, 1.218085819892829, 0.30379943158274175, 0.4934236636938525, 3.853847584473718, 1.6422753663560543, 0.8514439841917559, 0.012536886451121462, 8.350323323501861, 0.2203302487691858, 0.010862911301558486, 5.777090256510574, 0.1811281995846223], 'min_error': 0.05684142815589955, 'failure_mode': 'Flexure'}]",0.05684142815589955,Flexure
1062,-122.44978958715706,37.71483987717011,"[daly,balb]",as_16,balbpark_daly_aerial,p_052,aerial between balboa park and daly city,"[red,yellow,green,blue]",76.0,piles,1,"[{'column_id': 'col_01', 'type': 'spiral', 'fy': 60, 'fpc': 4.0, 'diameter': 72, 'nLongBars': 64, 'dLongBars': 2.25, 'sTranBars': 3, 'dTranBars': 0.625, 'axLoad': 0.1, 'height': 315.58799999999974, 'column_parameters': {'nd_params': {'a0': 4.383166666666663, 'a1': 0.9375, 'a2': 0.04261057744126781, 'a3': 0.1, 'a4': 0.2222222222222222, 'a5': 1.5360003608346477}, 'strength_stiffness': {'strength': 348530.30343317165, 'stiffness': 226034907.23617667, 'E': 3604.9965325919525, 'I': 1319167.3216129686}}, 'model_parameters': [0.31761312894388694, 0.9324841054107667, 1.9589328985204537, 0.19193607300848198, 0.12279875054102456, -0.21788208708116746, 1.2881467949994452, 0.784766058180386, 0.011847218702335542, 7.522857946557549, 0.8327445213690297, 0.014791241746774401, 3.8486810602875234, 1.4435564711517774], 'min_error': 0.056317698020878625, 'failure_mode': 'Shear'}]",0.056317698020878625,Shear
1063,-122.26709264516468,37.83555824138763,"[dwnt,ashb]",as_06,dwnt_ashby_aerial,p_001,aerial downtown to ashby,"[red,orange]",70.0,piles,1,"[{'column_id': 'col_01', 'type': 'rectangular', 'fy': 60, 'fpc': 4.0, 'depth': 120.0, 'width': 60.0, 'nLongBars': 56.0, 'dLongBars': 2.25, 'sTranBars': 3.0, 'dTranBars': 0.625, 'axLoad': 0.1, 'height': 214.15200000000004, 'column_parameters': {'nd_params': {'a0': 1.7846000000000004, 'a1': 0.46387579025661785, 'a2': 0.15339807878856412, 'a3': 0.1, 'a4': 0.2222222222222222, 'a5': 0.6860211405305597}, 'strength_stiffness': {'strength': 744779.9025873427, 'stiffness': 2181663260.786343, 'E': 3604.9965325919525, 'I': 8640000.0}}, 'model_parameters': [0.7080999109556073, 0.9870300527483342, 1.2394957598366627, 0.3579405590195964, 0.35789830766510794, 2.66351315191329, 1.3944666316616232, 0.818667809987045, 0.005122660137044623, 6.357288534137832, 0.6552971954054745, 0.004045462026371978, 4.959797720815355, 0.02098778531018168], 'min_error': 0.04072770881075625, 'failure_mode': 'Flexure'}]",0.04072770881075625,Flexure
1064,-122.26722933466186,37.835726787056686,"[dwnt,ashb]",as_06,dwnt_ashby_aerial,p_002,aerial downtown to ashby,"[red,orange]",70.5,piles,1,"[{'column_id': 'col_01', 'type': 'rectangular', 'fy': 60, 'fpc': 4.0, 'depth': 90.0, 'width': 60.0, 'nLongBars': 34.0, 'dLongBars': 2.25, 'sTranBars': 12.0, 'dTranBars': 0.625, 'axLoad': 0.1, 'height': 216.97200000000004, 'column_parameters': {'nd_params': {'a0': 2.4108000000000005, 'a1': 0.375518496874405, 'a2': 0.03834951969714103, 'a3': 0.1, 'a4': 0.8888888888888888, 'a5': 1.1347622322263218}, 'strength_stiffness': {'strength': 309372.7734734835, 'stiffness': 908426826.5926708, 'E': 3604.9965325919525, 'I': 3645000.0}}, 'model_parameters': [0.31936975250335425, 1.011606364374094, 1.4717787237910835, 0.28405548866144925, 0.270158975414625, 1.9563831522900295, 2.0517735138538775, 0.7457146698300701, 0.010046629551245634, 4.540070531993365, 0.834864300080099, 0.01610456127921938, 3.663212285750125, 1.0554205097234877], 'min_error': 0.05704507365070366, 'failure_mode': 'Shear'}]",0.05704507365070366,Shear
1065,-122.26737169530962,37.83589260794252,"[dwnt,ashb]",as_06,dwnt_ashby_aerial,p_003,aerial downtown to ashby,"[red,orange]",71.0,piles,1,"[{'column_id': 'col_01', 'type': 'spiral', 'fy': 60, 'fpc': 4.0, 'diameter': 60, 'nLongBars': 48, 'dLongBars': 2.257, 'sTranBars': 3, 'dTranBars': 0.625, 'axLoad': 0.1, 'height': 227.45999999999998, 'column_parameters': {'nd_params': {'a0': 3.791, 'a1': 1.0188098000000003, 'a2': 0.05113269292952138, 'a3': 0.1, 'a4': 0.2215330084182543, 'a5': 1.653460870976123}, 'strength_stiffness': {'strength': 202261.16642666401, 'stiffness': 151239758.71531454, 'E': 3604.9965325919525, 'I': 636172.512351933}}, 'model_parameters': [0.49103443627517385, 0.9612205638939761, 1.8270072568781122, 0.1227430376333, 0.06367926153248586, 0.05760419825494696, 1.4769448727356922, 0.865547506575617, 0.009236775891584326, 7.442384667726398, 0.7409685287463825, 0.02029583876238792, 3.487511834124185, 1.324210665079782], 'min_error': 0.054771184464943036, 'failure_mode': 'Shear'}]",0.054771184464943036,Shear
1066,-122.26751798625762,37.83605648272837,"[dwnt,ashb]",as_06,dwnt_ashby_aerial,p_004,aerial downtown to ashby,"[red,orange]",71.0,piles,1,"[{'column_id': 'col_01', 'type': 'spiral', 'fy': 60, 'fpc': 4.0, 'diameter': 60, 'nLongBars': 48, 'dLongBars': 2.257, 'sTranBars': 3, 'dTranBars': 0.625, 'axLoad': 0.1, 'height': 222.99599999999998, 'column_parameters': {'nd_params': {'a0': 3.7165999999999997, 'a1': 1.0188098000000003, 'a2': 0.05113269292952138, 'a3': 0.1, 'a4': 0.2215330084182543, 'a5': 1.6780027616381261}, 'strength_stiffness': {'strength': 199302.9642442275, 'stiffness': 154267321.0164552, 'E': 3604.9965325919525, 'I': 636172.512351933}}, 'model_parameters': [0.5006326679169625, 0.963678820399172, 1.8138956384000633, 0.11908350387996423, 0.06098058782201407, 0.12520472693951107, 1.5278661584940945, 0.8689077347838938, 0.00898522446758559, 7.392155168424181, 0.7350162509009386, 0.020779896999192395, 3.4693046321195213, 1.320477120870064], 'min_error': 0.054575204227966245, 'failure_mode': 'Shear'}]",0.054575204227966245,Shear
1067,-122.26766652753027,37.83621927434427,"[dwnt,ashb]",as_06,dwnt_ashby_aerial,p_005,aerial downtown to ashby,"[red,orange]",84.0,piles,1,"[{'column_id': 'col_01', 'type': 'spiral', 'fy': 60, 'fpc': 4.0, 'diameter': 72, 'nLongBars': 48, 'dLongBars': 2.25, 'sTranBars': 3, 'dTranBars': 0.625, 'axLoad': 0.1, 'height': 230.45999999999998, 'column_parameters': {'nd_params': {'a0': 3.200833333333333, 'a1': 0.7031250000000001, 'a2': 0.04261057744126781, 'a3': 0.1, 'a4': 0.2222222222222222, 'a5': 1.5155059026043425}, 'strength_stiffness': {'strength': 272305.8526938313, 'stiffness': 309528353.3144601, 'E': 3604.9965325919525, 'I': 1319167.3216129686}}, 'model_parameters': [0.3297155405914216, 0.9694855193421547, 1.7079886210171678, 0.1878327920520652, 0.18053620459395242, 1.0065110559406456, 1.923682536712655, 0.7710016321157055, 0.009818342012701674, 6.1448947977607205, 0.8226688952751472, 0.017050030594512107, 3.817149277002362, 1.1702419910973025], 'min_error': 0.056020419228133084, 'failure_mode': 'Shear'}]",0.056020419228133084,Shear
1068,-122.2678691960573,37.83644036597711,"[dwnt,ashb]",as_06,dwnt_ashby_aerial,p_006,aerial downtown to ashby,"[red,orange]",81.0,piles,1,"[{'column_id': 'col_01', 'type': 'spiral', 'fy': 60, 'fpc': 4.0, 'diameter': 72, 'nLongBars': 48, 'dLongBars': 2.25, 'sTranBars': 3, 'dTranBars': 0.625, 'axLoad': 0.1, 'height': 224.29200000000003, 'column_parameters': {'nd_params': {'a0': 3.115166666666667, 'a1': 0.7031250000000001, 'a2': 0.04261057744126781, 'a3': 0.1, 'a4': 0.2222222222222222, 'a5': 1.543304567875146}, 'strength_stiffness': {'strength': 267400.962623598, 'stiffness': 318040341.62988627, 'E': 3604.9965325919525, 'I': 1319167.3216129686}}, 'model_parameters': [0.34082487222650387, 0.9723281920020225, 1.6928254447661615, 0.1832594923926845, 0.1774007475158043, 1.0836857457112767, 1.9815666768084865, 0.7749367619933978, 0.00953566240882877, 6.097907822563929, 0.8157568124325839, 0.017607832631178315, 3.7956844425932195, 1.1654832866302758], 'min_error': 0.055797416359074835, 'failure_mode': 'Shear'}]",0.055797416359074835,Shear
1069,-122.26800621688089,37.83659141965365,"[dwnt,ashb]",as_06,dwnt_ashby_aerial,p_007,aerial downtown to ashby,"[red,orange]",65.5,piles,1,"[{'column_id': 'col_01', 'type': 'spiral', 'fy': 60, 'fpc': 4.0, 'diameter': 60, 'nLongBars': 48, 'dLongBars': 2.257, 'sTranBars': 3, 'dTranBars': 0.625, 'axLoad': 0.1, 'height': 220.09199999999993, 'column_parameters': {'nd_params': {'a0': 3.668199999999999, 'a1': 1.0188098000000003, 'a2': 0.05113269292952138, 'a3': 0.1, 'a4': 0.2215330084182543, 'a5': 1.694363127559654}, 'strength_stiffness': {'strength': 197378.54239436288, 'stiffness': 156302798.45421666, 'E': 3604.9965325919525, 'I': 636172.512351933}}, 'model_parameters': [0.5068514050008754, 0.9652617149605746, 1.8054227551416353, 0.1168207833772392, 0.05924915257178994, 0.16975088385989048, 1.5616353056636039, 0.8710369434999381, 0.008821134792105946, 7.359278443136225, 0.7311942693927779, 0.021094416359046887, 3.457890117621343, 1.3181914126094854], 'min_error': 0.0544454303503488, 'failure_mode': 'Shear'}]",0.0544454303503488,Shear
1070,-122.26814160047171,37.836743508533885,"[dwnt,ashb]",as_06,dwnt_ashby_aerial,p_008,aerial downtown to ashby,"[red,orange]",66.0,piles,1,"[{'column_id': 'col_01', 'type': 'spiral', 'fy': 60, 'fpc': 4.0, 'diameter': 60, 'nLongBars': 48, 'dLongBars': 2.257, 'sTranBars': 3, 'dTranBars': 0.625, 'axLoad': 0.1, 'height': 227.892, 'column_parameters': {'nd_params': {'a0': 3.7982, 'a1': 1.0188098000000003, 'a2': 0.05113269292952138, 'a3': 0.1, 'a4': 0.2215330084182543, 'a5': 1.651123893274097}, 'strength_stiffness': {'strength': 202547.44405722243, 'stiffness': 150953063.36942694, 'E': 3604.9965325919525, 'I': 636172.512351933}}, 'model_parameters': [0.4901032086534083, 0.9609810980975962, 1.828281586709245, 0.12310851460791071, 0.06394275016619481, 0.051117067352384506, 1.4720789388920523, 0.8652168569588967, 0.009261075050829454, 7.4472277648072565, 0.7415493912221239, 0.020248957933640954, 3.4893152381376495, 1.3245869131059576], 'min_error': 0.054789930535912135, 'failure_mode': 'Shear'}]",0.054789930535912135,Shear
1071,-122.26827453269469,37.83689705959193,"[dwnt,ashb]",as_06,dwnt_ashby_aerial,p_009,aerial downtown to ashby,"[red,orange]",66.0,piles,1,"[{'column_id': 'col_01', 'type': 'spiral', 'fy': 60, 'fpc': 4.0, 'diameter': 60, 'nLongBars': 48, 'dLongBars': 2.257, 'sTranBars': 3, 'dTranBars': 0.625, 'axLoad': 0.1, 'height': 223.69200000000006, 'column_parameters': {'nd_params': {'a0': 3.728200000000001, 'a1': 1.0188098000000003, 'a2': 0.05113269292952138, 'a3': 0.1, 'a4': 0.2215330084182543, 'a5': 1.6741285089690674}, 'strength_stiffness': {'strength': 199764.18931568274, 'stiffness': 153787330.4248048, 'E': 3604.9965325919525, 'I': 636172.512351933}}, 'model_parameters': [0.49913918572778493, 0.9632975173693469, 1.8159330542597616, 0.11963980958752576, 0.06139842369944411, 0.11459589496421556, 1.5198489567244242, 0.8683907003902012, 0.009024499718505977, 7.400010034182129, 0.7359382149240418, 0.02070447142039486, 3.472091320349269, 1.3210412892113137], 'min_error': 0.054606036566530736, 'failure_mode': 'Shear'}]",0.054606036566530736,Shear
1072,-122.26840417478265,37.83705248369375,"[dwnt,ashb]",as_06,dwnt_ashby_aerial,p_010,aerial downtown to ashby,"[red,orange]",81.5,piles,1,"[{'column_id': 'col_01', 'type': 'spiral', 'fy': 60, 'fpc': 4.0, 'diameter': 72, 'nLongBars': 48, 'dLongBars': 2.25, 'sTranBars': 3, 'dTranBars': 0.625, 'axLoad': 0.1, 'height': 231.49199999999996, 'column_parameters': {'nd_params': {'a0': 3.2151666666666663, 'a1': 0.7031250000000001, 'a2': 0.04261057744126781, 'a3': 0.1, 'a4': 0.2222222222222222, 'a5': 1.5109522658995256}, 'strength_stiffness': {'strength': 273126.5152347653, 'stiffness': 308148464.33073485, 'E': 3604.9965325919525, 'I': 1319167.3216129686}}, 'model_parameters': [0.3278681790697134, 0.9690052420719769, 1.7105396528253394, 0.18863739910932162, 0.1810667771012692, 0.9937391474435916, 1.9141563668266852, 0.7703292158928032, 0.00986554147623204, 6.152825720482453, 0.8238377847105756, 0.016956608348455644, 3.820846815292703, 1.1713581064285508], 'min_error': 0.05605716777944866, 'failure_mode': 'Shear'}]",0.05605716777944866,Shear
1073,-122.26858672357864,37.837284851902375,"[dwnt,ashb]",as_06,dwnt_ashby_aerial,p_011,aerial downtown to ashby,"[red,orange]",78.0,piles,1,"[{'column_id': 'col_01', 'type': 'spiral', 'fy': 60, 'fpc': 4.0, 'diameter': 72, 'nLongBars': 48, 'dLongBars': 2.25, 'sTranBars': 3, 'dTranBars': 0.625, 'axLoad': 0.1, 'height': 225.324, 'column_parameters': {'nd_params': {'a0': 3.1295, 'a1': 0.7031250000000001, 'a2': 0.04261057744126781, 'a3': 0.1, 'a4': 0.2222222222222222, 'a5': 1.5385826061491645}, 'strength_stiffness': {'strength': 268221.625164532, 'stiffness': 316583694.1686215, 'E': 3604.9965325919525, 'I': 1319167.3216129686}}, 'model_parameters': [0.3389582076697205, 0.9718559999950895, 1.6953523032815536, 0.18399593209646853, 0.17792102570693663, 1.0706711287989559, 1.9717664873409333, 0.7742885310783962, 0.009583048764392787, 6.105721784665233, 0.8169043067214178, 0.017514571802725323, 3.799198733189803, 1.1660105047000116], 'min_error': 0.055835137228433245, 'failure_mode': 'Shear'}]",0.055835137228433245,Shear
1074,-122.26869339244864,37.8374307782523,"[dwnt,ashb]",as_06,dwnt_ashby_aerial,p_012,aerial downtown to ashby,"[red,orange]",59.0,footings,1,"[{'column_id': 'col_01', 'type': 'spiral', 'fy': 60, 'fpc': 4.0, 'diameter': 60, 'nLongBars': 48, 'dLongBars': 2.257, 'sTranBars': 3, 'dTranBars': 0.625, 'axLoad': 0.1, 'height': 287.5199999999999, 'column_parameters': {'nd_params': {'a0': 4.791999999999999, 'a1': 1.0188098000000003, 'a2': 0.05113269292952138, 'a3': 0.1, 'a4': 0.2215330084182543, 'a5': 1.3257166211790348}, 'strength_stiffness': {'strength': 252264.2615033748, 'stiffness': 119647313.29085091, 'E': 3604.9965325919525, 'I': 636172.512351933}}, 'model_parameters': [1.1084463797207977, 0.9875371967111275, 1.3474401081411087, 0.22981687484688432, 0.4970310963968803, 3.7247536108794077, 1.686164570801603, 0.8744359764635744, 0.01253781874857765, 9.134091829000537, 0.21217722386305132, 0.007905164454880166, 5.7201651431217595, -0.03890139322385264], 'min_error': 0.05704121325656728, 'failure_mode': 'Flexure'}]",0.05704121325656728,Flexure
1075,-122.26879480280084,37.837579118122164,"[dwnt,ashb]",as_06,dwnt_ashby_aerial,p_013,aerial downtown to ashby,"[red,orange]",59.0,footings,1,"[{'column_id': 'col_01', 'type': 'spiral', 'fy': 60, 'fpc': 4.0, 'diameter': 60, 'nLongBars': 48, 'dLongBars': 2.257, 'sTranBars': 3, 'dTranBars': 0.625, 'axLoad': 0.1, 'height': 235.72800000000007, 'column_parameters': {'nd_params': {'a0': 3.928800000000001, 'a1': 1.0188098000000003, 'a2': 0.05113269292952138, 'a3': 0.1, 'a4': 0.2215330084182543, 'a5': 1.6098517325006807}, 'strength_stiffness': {'strength': 207740.20218929512, 'stiffness': 145935126.5754829, 'E': 3604.9965325919525, 'I': 636172.512351933}}, 'model_parameters': [0.4731439174991069, 0.95659129954165, 1.851557073430704, 0.13006843072639845, 0.06879051603253127, -0.06494020497360854, 1.3856363487613026, 0.8590586010082832, 0.009700441411973364, 7.534614968509316, 0.7522276970540206, 0.019397519638136154, 3.523244117952984, 1.3319166676706118], 'min_error': 0.05512350527928169, 'failure_mode': 'Shear'}]",0.05512350527928169,Shear
1076,-122.2688906990539,37.83772975724412,"[dwnt,ashb]",as_06,dwnt_ashby_aerial,p_014,aerial downtown to ashby,"[red,orange]",59.0,footings,1,"[{'column_id': 'col_01', 'type': 'spiral', 'fy': 60, 'fpc': 4.0, 'diameter': 60, 'nLongBars': 48, 'dLongBars': 2.257, 'sTranBars': 3, 'dTranBars': 0.625, 'axLoad': 0.1, 'height': 231.92399999999998, 'column_parameters': {'nd_params': {'a0': 3.8653999999999997, 'a1': 1.0188098000000003, 'a2': 0.05113269292952138, 'a3': 0.1, 'a4': 0.2215330084182543, 'a5': 1.6296265146468636}, 'strength_stiffness': {'strength': 205219.36860910052, 'stiffness': 148328743.54264954, 'E': 3604.9965325919525, 'I': 636172.512351933}}, 'model_parameters': [0.4813926075158351, 0.9587331052466912, 1.8402204849486874, 0.12661283136245682, 0.06642120603743229, -0.008976134129301469, 1.427175395752043, 0.8620856182832144, 0.009487482563674704, 7.492295533242965, 0.7470107378923176, 0.01981110201741709, 3.506489296158089, 1.3282348662360268], 'min_error': 0.05496307767829127, 'failure_mode': 'Shear'}]",0.05496307767829127,Shear
1077,-122.26898102564921,37.83788254538981,"[dwnt,ashb]",as_06,dwnt_ashby_aerial,p_015,aerial downtown to ashby,"[red,orange]",73.0,footings,1,"[{'column_id': 'col_01', 'type': 'spiral', 'fy': 60, 'fpc': 4.0, 'diameter': 72, 'nLongBars': 48, 'dLongBars': 2.25, 'sTranBars': 3, 'dTranBars': 0.625, 'axLoad': 0.1, 'height': 228.13199999999995, 'column_parameters': {'nd_params': {'a0': 3.168499999999999, 'a1': 0.7031250000000001, 'a2': 0.04261057744126781, 'a3': 0.1, 'a4': 0.2222222222222222, 'a5': 1.5258795424000988}, 'strength_stiffness': {'strength': 270454.5906828872, 'stiffness': 312686972.0374629, 'E': 3604.9965325919525, 'I': 1319167.3216129686}}, 'model_parameters': [0.33389503158745254, 0.9705641356051614, 1.702248541863934, 0.18605868229791872, 0.179345538138211, 1.0354684334116009, 1.9453370091317834, 0.7725038967746936, 0.00971178460844163, 6.127078589180017, 0.820044997236598, 0.017260676482909895, 3.8089187979394286, 1.1680243758102342], 'min_error': 0.05593693512608426, 'failure_mode': 'Shear'}]",0.05593693512608426,Shear
1078,-122.26910357322792,37.83811086264187,"[dwnt,ashb]",as_06,dwnt_ashby_aerial,p_016,aerial downtown to ashby,"[red,orange]",73.0,footings,1,"[{'column_id': 'col_01', 'type': 'spiral', 'fy': 60, 'fpc': 4.0, 'diameter': 72, 'nLongBars': 48, 'dLongBars': 2.25, 'sTranBars': 3, 'dTranBars': 0.625, 'axLoad': 0.1, 'height': 702.5519999999999, 'column_parameters': {'nd_params': {'a0': 9.757666666666665, 'a1': 0.7031250000000001, 'a2': 0.04261057744126781, 'a3': 0.1, 'a4': 0.2222222222222222, 'a5': 0.5318829517406303}, 'strength_stiffness': {'strength': 412681.12707120995, 'stiffness': 101535408.48912318, 'E': 3604.9965325919525, 'I': 1319167.3216129686}}, 'model_parameters': [1.3539178058387695, 1.0176605461176869, 1.3827151947500251, 0.29366031509559287, 0.6526906758064915, 2.502077617172718, 1.4154397300691146, 0.8586464739503784, 0.009132572131446156, 9.201710952372952, 0.2886170711476409, 0.013710927379676583, 5.677541209556822, 0.8904202512838624], 'min_error': 0.07793357670571871, 'failure_mode': 'Flexure'}]",0.07793357670571871,Flexure
1079,-122.26917921443733,37.83826709831834,"[dwnt,ashb]",as_06,dwnt_ashby_aerial,p_017,aerial downtown to ashby,"[red,orange]",59.0,footings,1,"[{'column_id': 'col_01', 'type': 'spiral', 'fy': 60, 'fpc': 4.0, 'diameter': 60, 'nLongBars': 48, 'dLongBars': 2.257, 'sTranBars': 3, 'dTranBars': 0.625, 'axLoad': 0.1, 'height': 230.784, 'column_parameters': {'nd_params': {'a0': 3.8464, 'a1': 1.0188098000000003, 'a2': 0.05113269292952138, 'a3': 0.1, 'a4': 0.2215330084182543, 'a5': 1.6356476713650012}, 'strength_stiffness': {'strength': 204463.9137506826, 'stiffness': 149061440.6431358, 'E': 3604.9965325919525, 'I': 636172.512351933}}, 'model_parameters': [0.4838588779317964, 0.959371050395835, 1.8368367219245938, 0.1256051744179882, 0.06571696795025174, 0.007932356262795457, 1.4397785935478422, 0.8629791244843731, 0.009423539398122054, 7.4795767153017465, 0.7454593658051614, 0.019934955199104633, 3.50157151382067, 1.327177834602526], 'min_error': 0.05491445147510958, 'failure_mode': 'Shear'}]",0.05491445147510958,Shear
1080,-122.26924913580626,37.8384249991264,"[dwnt,ashb]",as_06,dwnt_ashby_aerial,p_018,aerial downtown to ashby,"[red,orange]",59.0,footings,1,"[{'column_id': 'col_01', 'type': 'spiral', 'fy': 60, 'fpc': 4.0, 'diameter': 60, 'nLongBars': 48, 'dLongBars': 2.257, 'sTranBars': 3, 'dTranBars': 0.625, 'axLoad': 0.1, 'height': 227.01600000000008, 'column_parameters': {'nd_params': {'a0': 3.783600000000001, 'a1': 1.0188098000000003, 'a2': 0.05113269292952138, 'a3': 0.1, 'a4': 0.2215330084182543, 'a5': 1.6558696684155096}, 'strength_stiffness': {'strength': 201966.9366397013, 'stiffness': 151535554.8392423, 'E': 3604.9965325919525, 'I': 636172.512351933}}, 'model_parameters': [0.4919911070036823, 0.9614663965774695, 1.825698520440775, 0.12236946051659278, 0.0634088759801795, 0.06428148169370575, 1.4819572100584428, 0.8658863489665859, 0.009211793514767563, 7.437403939098704, 0.7403724086968541, 0.020344015215907837, 3.4856658512841054, 1.3238267988020334], 'min_error': 0.054751877791087276, 'failure_mode': 'Shear'}]",0.054751877791087276,Shear
1081,-122.26931320566241,37.83858441872269,"[dwnt,ashb]",as_06,dwnt_ashby_aerial,p_019,aerial downtown to ashby,"[red,orange]",59.0,footings,1,"[{'column_id': 'col_01', 'type': 'spiral', 'fy': 60, 'fpc': 4.0, 'diameter': 60, 'nLongBars': 48, 'dLongBars': 2.257, 'sTranBars': 3, 'dTranBars': 0.625, 'axLoad': 0.1, 'height': 223.248, 'column_parameters': {'nd_params': {'a0': 3.7207999999999997, 'a1': 1.0188098000000003, 'a2': 0.05113269292952138, 'a3': 0.1, 'a4': 0.2215330084182543, 'a5': 1.676597945849218}, 'strength_stiffness': {'strength': 199469.95952871992, 'stiffness': 154093185.68312123, 'E': 3604.9965325919525, 'I': 636172.512351933}}, 'model_parameters': [0.5000920568950584, 0.9635408477690386, 1.8146330263028243, 0.11928430679507984, 0.06113174668359863, 0.12136061463074362, 1.52496001016171, 0.8687208299733795, 0.00899944714554846, 7.395000226995425, 0.7353498024634557, 0.02075258972215306, 3.4703113528744627, 1.3206806456371218], 'min_error': 0.054586379613099, 'failure_mode': 'Shear'}]",0.054586379613099,Shear
1082,-122.26937187778178,37.838745070137485,"[dwnt,ashb]",as_06,dwnt_ashby_aerial,p_020,aerial downtown to ashby,"[red,orange]",73.5,footings,1,"[{'column_id': 'col_01', 'type': 'spiral', 'fy': 60, 'fpc': 4.0, 'diameter': 60, 'nLongBars': 48, 'dLongBars': 2.257, 'sTranBars': 3, 'dTranBars': 0.625, 'axLoad': 0.1, 'height': 231.48000000000008, 'column_parameters': {'nd_params': {'a0': 3.8580000000000014, 'a1': 1.0188098000000003, 'a2': 0.05113269292952138, 'a3': 0.1, 'a4': 0.2215330084182543, 'a5': 1.6319663186601208}, 'strength_stiffness': {'strength': 204925.13882213781, 'stiffness': 148613251.75991634, 'E': 3604.9965325919525, 'I': 636172.512351933}}, 'model_parameters': [0.48235347359334846, 0.958981786007309, 1.8389018403081876, 0.12621881788197156, 0.06614660104284284, -0.0023983325600394514, 1.4320754173472632, 0.8624343738009151, 0.009462585066262751, 7.487343992651437, 0.7464058484188762, 0.019859344633935697, 3.5045682033537804, 1.3278207137192035], 'min_error': 0.05494416954023939, 'failure_mode': 'Shear'}]",0.05494416954023939,Shear
1083,-122.2694504104876,37.83898504525805,"[dwnt,ashb]",as_06,dwnt_ashby_aerial,p_021,aerial downtown to ashby,"[red,orange]",72.5,footings,1,"[{'column_id': 'col_01', 'type': 'spiral', 'fy': 60, 'fpc': 4.0, 'diameter': 60, 'nLongBars': 48, 'dLongBars': 2.257, 'sTranBars': 3, 'dTranBars': 0.625, 'axLoad': 0.1, 'height': 225.90000000000003, 'column_parameters': {'nd_params': {'a0': 3.765, 'a1': 1.0188098000000003, 'a2': 0.05113269292952138, 'a3': 0.1, 'a4': 0.2215330084182543, 'a5': 1.6619553177920896}, 'strength_stiffness': {'strength': 201227.38609409216, 'stiffness': 152284176.70378682, 'E': 3604.9965325919525, 'I': 636172.512351933}}, 'model_parameters': [0.49439378993494365, 0.9620830166339518, 1.8224134606574023, 0.12143972357077146, 0.06273116050130857, 0.08110977348533428, 1.4946064232055714, 0.8667335647380364, 0.009148963209594371, 7.424870550774843, 0.7388780064358151, 0.020465077554442653, 3.481059810463835, 1.3228744286833856], 'min_error': 0.05470317053265871, 'failure_mode': 'Shear'}]",0.05470317053265871,Shear
1084,-122.26949619370897,37.83914272557745,"[dwnt,ashb]",as_06,dwnt_ashby_aerial,p_022,aerial downtown to ashby,"[red,orange]",57.0,footings,1,"[{'column_id': 'col_01', 'type': 'spiral', 'fy': 60, 'fpc': 4.0, 'diameter': 60, 'nLongBars': 48, 'dLongBars': 2.257, 'sTranBars': 3, 'dTranBars': 0.625, 'axLoad': 0.1, 'height': 222.252, 'column_parameters': {'nd_params': {'a0': 3.7041999999999997, 'a1': 1.0188098000000003, 'a2': 0.05113269292952138, 'a3': 0.1, 'a4': 0.2215330084182543, 'a5': 1.6821640824684878}, 'strength_stiffness': {'strength': 198809.9305471548, 'stiffness': 154783738.80723432, 'E': 3604.9965325919525, 'I': 636172.512351933}}, 'model_parameters': [0.5022278703330242, 0.9640856001303121, 1.8117205658440905, 0.1184947723195753, 0.06053515137912585, 0.13657386512338202, 1.5364686310344426, 0.8694575705610874, 0.008943218302961489, 7.3837483436447515, 0.7340332297904427, 0.02086050527920302, 3.4663473991079767, 1.319881116460383], 'min_error': 0.05454213069545975, 'failure_mode': 'Shear'}]",0.05454213069545975,Shear
1085,-122.26953897301759,37.83930093711134,"[dwnt,ashb]",as_06,dwnt_ashby_aerial,p_023,aerial downtown to ashby,"[red,orange]",57.0,footings,1,"[{'column_id': 'col_01', 'type': 'spiral', 'fy': 60, 'fpc': 4.0, 'diameter': 60, 'nLongBars': 48, 'dLongBars': 2.257, 'sTranBars': 3, 'dTranBars': 0.625, 'axLoad': 0.1, 'height': 218.60399999999998, 'column_parameters': {'nd_params': {'a0': 3.6433999999999997, 'a1': 1.0188098000000003, 'a2': 0.05113269292952138, 'a3': 0.1, 'a4': 0.2215330084182543, 'a5': 1.7028703589794272}, 'strength_stiffness': {'strength': 196392.47500021744, 'stiffness': 157366724.84211382, 'E': 3604.9965325919525, 'I': 636172.512351933}}, 'model_parameters': [0.5100296025805184, 0.9660676614561942, 1.8010991191181618, 0.11569855978216995, 0.058369568674327056, 0.19275532086525257, 1.5791407479738024, 0.8721100927930874, 0.00873692023261194, 7.342363546487404, 0.7292516894922454, 0.021255455901726547, 3.452176605964233, 1.3170620224084544], 'min_error': 0.05437821701524753, 'failure_mode': 'Shear'}]",0.05437821701524753,Shear
1086,-122.26957890478195,37.839459556658184,"[dwnt,ashb]",as_06,dwnt_ashby_aerial,p_024,aerial downtown to ashby,"[red,orange]",56.5,footings,1,"[{'column_id': 'col_01', 'type': 'spiral', 'fy': 60, 'fpc': 4.0, 'diameter': 60, 'nLongBars': 48, 'dLongBars': 2.257, 'sTranBars': 3, 'dTranBars': 0.625, 'axLoad': 0.1, 'height': 226.95599999999996, 'column_parameters': {'nd_params': {'a0': 3.7825999999999995, 'a1': 1.0188098000000003, 'a2': 0.05113269292952138, 'a3': 0.1, 'a4': 0.2215330084182543, 'a5': 1.6561957199866424}, 'strength_stiffness': {'strength': 201927.17585767925, 'stiffness': 151575616.0550303, 'E': 3604.9965325919525, 'I': 636172.512351933}}, 'model_parameters': [0.49212035366150286, 0.9614995949891172, 1.8255217414860534, 0.12231913722771078, 0.06337237031927098, 0.0651845936196963, 1.4826354294175705, 0.8659320611198627, 0.009208416878202116, 7.436730623500739, 0.7402919203673133, 0.02035052503114864, 3.485416980278798, 1.3237751436171974], 'min_error': 0.05474926567105496, 'failure_mode': 'Shear'}]",0.05474926567105496,Shear
1087,-122.26961648533708,37.83961848338543,"[dwnt,ashb]",as_06,dwnt_ashby_aerial,p_025,aerial downtown to ashby,"[red,orange]",76.5,footings,1,"[{'column_id': 'col_01', 'type': 'spiral', 'fy': 60, 'fpc': 4.0, 'diameter': 60, 'nLongBars': 48, 'dLongBars': 2.257, 'sTranBars': 3, 'dTranBars': 0.625, 'axLoad': 0.1, 'height': 223.30799999999994, 'column_parameters': {'nd_params': {'a0': 3.7217999999999987, 'a1': 1.0188098000000003, 'a2': 0.05113269292952138, 'a3': 0.1, 'a4': 0.2215330084182543, 'a5': 1.6762638125279965}, 'strength_stiffness': {'strength': 199509.7203107419, 'stiffness': 154051782.81738877, 'E': 3604.9965325919525, 'I': 636172.512351933}}, 'model_parameters': [0.49996331774846064, 0.9635079828426533, 1.8148086446307097, 0.11933222057438032, 0.06116775808755735, 0.12044584960023001, 1.5242686343658203, 0.8686762790236736, 0.009002833108013435, 7.395677444386502, 0.7354292635604415, 0.020746087657116104, 3.4705514256508025, 1.3207292279367022], 'min_error': 0.05458903841680711, 'failure_mode': 'Shear'}]",0.05458903841680711,Shear
1088,-122.26967612405822,37.839887868797845,"[dwnt,ashb]",as_06,dwnt_ashby_aerial,p_026,aerial downtown to ashby,"[red,orange]",83.5,footings,1,"[{'column_id': 'col_01', 'type': 'spiral', 'fy': 60, 'fpc': 4.0, 'diameter': 60, 'nLongBars': 48, 'dLongBars': 2.257, 'sTranBars': 3, 'dTranBars': 0.625, 'axLoad': 0.1, 'height': 217.14, 'column_parameters': {'nd_params': {'a0': 3.6189999999999998, 'a1': 1.0188098000000003, 'a2': 0.05113269292952138, 'a3': 0.1, 'a4': 0.2215330084182543, 'a5': 1.711324163145198}, 'strength_stiffness': {'strength': 195422.31191888073, 'stiffness': 158427721.8264044, 'E': 3604.9965325919525, 'I': 636172.512351933}}, 'model_parameters': [0.5131507989211019, 0.9668571544976715, 1.796857251758978, 0.11461953845461767, 0.05750929573905344, 0.21550953012394733, 1.596500241540496, 0.8731538946481064, 0.008653973987930866, 7.325672130934195, 0.727351091182697, 0.021413817683351884, 3.446646461848665, 1.3159783073574514], 'min_error': 0.05431160378121308, 'failure_mode': 'Shear'}]",0.05431160378121308,Shear
1089,-122.26971741783977,37.840083242050895,"[dwnt,ashb]",as_06,dwnt_ashby_aerial,p_027,aerial downtown to ashby,"[red,orange]",70.0,footings,1,"[{'column_id': 'col_01', 'type': 'spiral', 'fy': 60, 'fpc': 4.0, 'diameter': 60, 'nLongBars': 48, 'dLongBars': 2.257, 'sTranBars': 3, 'dTranBars': 0.625, 'axLoad': 0.1, 'height': 212.66399999999993, 'column_parameters': {'nd_params': {'a0': 3.5443999999999987, 'a1': 1.0188098000000003, 'a2': 0.05113269292952138, 'a3': 0.1, 'a4': 0.2215330084182543, 'a5': 1.737699269327838}, 'strength_stiffness': {'strength': 192456.15758003984, 'stiffness': 161762195.3757357, 'E': 3604.9965325919525, 'I': 636172.512351933}}, 'model_parameters': [0.5226557218726232, 0.9692491477879942, 1.7839641821848504, 0.11147899158684943, 0.054911447107019694, 0.2858399742637218, 1.6504353409568242, 0.8762692344232125, 0.008399812005932723, 7.274304564784548, 0.7216074383473142, 0.021897482405834626, 3.4303142314530293, 1.3128407981467418], 'min_error': 0.05410488835938962, 'failure_mode': 'Shear'}]",0.05410488835938962,Shear
1090,-122.26975817497288,37.840278615093865,"[dwnt,ashb]",as_06,dwnt_ashby_aerial,p_028,aerial downtown to ashby,"[red,orange]",70.0,footings,1,"[{'column_id': 'col_01', 'type': 'spiral', 'fy': 60, 'fpc': 4.0, 'diameter': 60, 'nLongBars': 48, 'dLongBars': 2.257, 'sTranBars': 3, 'dTranBars': 0.625, 'axLoad': 0.1, 'height': 208.18800000000005, 'column_parameters': {'nd_params': {'a0': 3.4698000000000007, 'a1': 1.0188098000000003, 'a2': 0.05113269292952138, 'a3': 0.1, 'a4': 0.2215330084182543, 'a5': 1.76490009332464}, 'strength_stiffness': {'strength': 189490.003241199, 'stiffness': 165240049.94228983, 'E': 3604.9965325919525, 'I': 636172.512351933}}, 'model_parameters': [0.5320979549041848, 0.9716071407187478, 1.7711896946314243, 0.10858569178183815, 0.05236409706454964, 0.3573610238994998, 1.7057146423524414, 0.8792659332528368, 0.008144751484950351, 7.222355686980648, 0.7159687385477024, 0.022380355280346296, 3.414880921998294, 1.310013319327092], 'min_error': 0.05389340323532171, 'failure_mode': 'Shear'}]",0.05389340323532171,Shear
1091,-122.26979896981753,37.840473962831624,"[dwnt,ashb]",as_06,dwnt_ashby_aerial,p_029,aerial downtown to ashby,"[red,orange]",79.0,footings,1,"[{'column_id': 'col_01', 'type': 'spiral', 'fy': 60, 'fpc': 4.0, 'diameter': 60, 'nLongBars': 48, 'dLongBars': 2.257, 'sTranBars': 3, 'dTranBars': 0.625, 'axLoad': 0.1, 'height': 203.712, 'column_parameters': {'nd_params': {'a0': 3.3952, 'a1': 1.0188098000000003, 'a2': 0.05113269292952138, 'a3': 0.1, 'a4': 0.2215330084182543, 'a5': 1.792966027521484}, 'strength_stiffness': {'strength': 186523.84890235806, 'stiffness': 168870736.71352422, 'E': 3604.9965325919525, 'I': 636172.512351933}}, 'model_parameters': [0.541469109748939, 0.9739295557575234, 1.7585394462720694, 0.1059505892577158, 0.04986965475261863, 0.43012947906538285, 1.7624022733635976, 0.8821383311527294, 0.007888673968536354, 7.169714740203143, 0.7104399987585349, 0.022862398527314042, 3.4003894181602283, 1.3076259156067407], 'min_error': 0.053676920861657026, 'failure_mode': 'Shear'}]",0.053676920861657026,Shear
1092,-122.26978440711646,37.83797198943758,"[dwnt,ashb]",as_06,dwnt_ashby_aerial,p_030,aerial downtown to ashby,"[red,orange]",72.5,footings,1,"[{'column_id': 'col_01', 'type': 'spiral', 'fy': 60, 'fpc': 4.0, 'diameter': 60, 'nLongBars': 48, 'dLongBars': 2.257, 'sTranBars': 3, 'dTranBars': 0.625, 'axLoad': 0.1, 'height': 210.13199999999995, 'column_parameters': {'nd_params': {'a0': 3.502199999999999, 'a1': 1.0188098000000003, 'a2': 0.05113269292952138, 'a3': 0.1, 'a4': 0.2215330084182543, 'a5': 1.7529824279447073}, 'strength_stiffness': {'strength': 190778.2525787116, 'stiffness': 163711360.08502015, 'E': 3604.9965325919525, 'I': 636172.512351933}}, 'model_parameters': [0.5280052540995188, 0.9705873016956833, 1.7767229419384347, 0.10981122427450632, 0.053464098449326855, 0.32614844474724475, 1.6815367925461746, 0.8779793469081059, 0.008255644685933547, 7.244996060760051, 0.7184045115137095, 0.022170735334996805, 3.4214707466296685, 1.3111972615212089], 'min_error': 0.0539858548699935, 'failure_mode': 'Shear'}]",0.0539858548699935,Shear
1093,-122.26981761913552,37.838131031110684,"[dwnt,ashb]",as_06,dwnt_ashby_aerial,p_031,aerial downtown to ashby,"[red,orange]",57.0,footings,1,"[{'column_id': 'col_01', 'type': 'spiral', 'fy': 60, 'fpc': 4.0, 'diameter': 60, 'nLongBars': 48, 'dLongBars': 2.257, 'sTranBars': 3, 'dTranBars': 0.625, 'axLoad': 0.1, 'height': 206.48399999999992, 'column_parameters': {'nd_params': {'a0': 3.4413999999999985, 'a1': 1.0188098000000003, 'a2': 0.05113269292952138, 'a3': 0.1, 'a4': 0.2215330084182543, 'a5': 1.775480512264258}, 'strength_stiffness': {'strength': 188360.79703177424, 'stiffness': 166603686.08408138, 'E': 3604.9965325919525, 'I': 636172.512351933}}, 'model_parameters': [0.5356743914560949, 0.9724955596915269, 1.7663588182191476, 0.10755148585269736, 0.051408097684379074, 0.38491351463054524, 1.7271258280186925, 0.8803744182665073, 0.008047392366338621, 7.2024035742637516, 0.7138507193233131, 0.022563967648761823, 3.4092506120928743, 1.3090419826229294], 'min_error': 0.05381159093499139, 'failure_mode': 'Shear'}]",0.05381159093499139,Shear
1094,-122.26991631933406,37.841035893121706,"[dwnt,ashb]",as_06,dwnt_ashby_aerial,p_032,aerial downtown to ashby,"[red,orange]",57.0,footings,1,"[{'column_id': 'col_01', 'type': 'spiral', 'fy': 60, 'fpc': 4.0, 'diameter': 60, 'nLongBars': 48, 'dLongBars': 2.257, 'sTranBars': 3, 'dTranBars': 0.625, 'axLoad': 0.1, 'height': 202.84799999999996, 'column_parameters': {'nd_params': {'a0': 3.3807999999999994, 'a1': 1.0188098000000003, 'a2': 0.05113269292952138, 'a3': 0.1, 'a4': 0.2215330084182543, 'a5': 1.7984866781819822}, 'strength_stiffness': {'strength': 185951.29364124133, 'stiffness': 169590015.76246968, 'E': 3604.9965325919525, 'I': 636172.512351933}}, 'model_parameters': [0.543269065987617, 0.9743736151071306, 1.75611238121835, 0.10547258489153691, 0.04939445899167771, 0.4443245938166216, 1.773512492606639, 0.8826779753557374, 0.007839110963582882, 7.159463316046591, 0.7093858931846908, 0.022955348220311676, 3.3977043682490193, 1.3072345287630303], 'min_error': 0.05363453784269232, 'failure_mode': 'Shear'}]",0.05363453784269232,Shear
1095,-122.26994953300708,37.84119493466161,"[dwnt,ashb]",as_06,dwnt_ashby_aerial,p_033,aerial downtown to ashby,"[red,orange]",72.5,footings,1,"[{'column_id': 'col_01', 'type': 'spiral', 'fy': 60, 'fpc': 4.0, 'diameter': 60, 'nLongBars': 48, 'dLongBars': 2.257, 'sTranBars': 3, 'dTranBars': 0.625, 'axLoad': 0.1, 'height': 211.19999999999993, 'column_parameters': {'nd_params': {'a0': 3.519999999999999, 'a1': 1.0188098000000003, 'a2': 0.05113269292952138, 'a3': 0.1, 'a4': 0.2215330084182543, 'a5': 1.7465033162346681}, 'strength_stiffness': {'strength': 191485.99449870313, 'stiffness': 162883501.50277203, 'E': 3604.9965325919525, 'I': 636172.512351933}}, 'model_parameters': [0.5257513525685791, 0.9700242115660438, 1.7797726134764122, 0.11050491501990552, 0.05407259403453145, 0.3090991997931005, 1.6683650014446285, 0.8772627126334557, 0.008316490523699847, 7.257382268682599, 0.719751357715139, 0.022055508311708376, 3.425165380472844, 1.311877577638449], 'min_error': 0.05403625197220381, 'failure_mode': 'Shear'}]",0.05403625197220381,Shear
1096,-122.2699952170952,37.84121911617827,"[dwnt,ashb]",as_06,dwnt_ashby_aerial,p_034,aerial downtown to ashby,"[red,orange]",70.5,footings,1,"[{'column_id': 'col_01', 'type': 'spiral', 'fy': 60, 'fpc': 4.0, 'diameter': 60, 'nLongBars': 48, 'dLongBars': 2.257, 'sTranBars': 3, 'dTranBars': 0.625, 'axLoad': 0.1, 'height': 205.62000000000006, 'column_parameters': {'nd_params': {'a0': 3.4270000000000014, 'a1': 1.0188098000000003, 'a2': 0.05113269292952138, 'a3': 0.1, 'a4': 0.2215330084182543, 'a5': 1.780893847512098}, 'strength_stiffness': {'strength': 187788.2417706576, 'stiffness': 167303742.42479056, 'E': 3604.9965325919525, 'I': 636172.512351933}}, 'model_parameters': [0.537483704691715, 0.9729440271708661, 1.7639163415099057, 0.10704158976991163, 0.050926338810562924, 0.398953890898303, 1.7380613464264933, 0.8809294817832158, 0.0079979682277045, 7.192246614100141, 0.7127829734021661, 0.02265702025595964, 3.4064487328362167, 1.3085768680041114], 'min_error': 0.05376982781612447, 'failure_mode': 'Shear'}]",0.05376982781612447,Shear
1097,-122.27003208691576,37.841590238349006,"[dwnt,ashb]",as_06,dwnt_ashby_aerial,p_035,aerial downtown to ashby,"[red,orange]",53.0,footings,1,"[{'column_id': 'col_01', 'type': 'spiral', 'fy': 60, 'fpc': 4.0, 'diameter': 60, 'nLongBars': 48, 'dLongBars': 2.257, 'sTranBars': 3, 'dTranBars': 0.625, 'axLoad': 0.1, 'height': 214.15200000000004, 'column_parameters': {'nd_params': {'a0': 3.569200000000001, 'a1': 1.0188098000000003, 'a2': 0.05113269292952138, 'a3': 0.1, 'a4': 0.2215330084182543, 'a5': 1.7288413863576466}, 'strength_stiffness': {'strength': 193442.2249741854, 'stiffness': 160638217.3287452, 'E': 3604.9965325919525, 'I': 636172.512351933}}, 'model_parameters': [0.5195024815466986, 0.9684576517421858, 1.7882374608481444, 0.11249613866438889, 0.0557695861416843, 0.26232993152480133, 1.6323590662184815, 0.875246467513478, 0.008484401454592318, 7.291440698868156, 0.723505448608484, 0.021736779130658305, 3.43564600492287, 1.3138531263566826], 'min_error': 0.05417412720910909, 'failure_mode': 'Shear'}]",0.05417412720910909,Shear
1098,-122.27006371736647,37.84174169495586,"[dwnt,ashb]",as_06,dwnt_ashby_aerial,p_036,aerial downtown to ashby,"[red,orange]",53.5,footings,1,"[{'column_id': 'col_01', 'type': 'spiral', 'fy': 60, 'fpc': 4.0, 'diameter': 60, 'nLongBars': 48, 'dLongBars': 2.257, 'sTranBars': 3, 'dTranBars': 0.625, 'axLoad': 0.1, 'height': 210.72000000000003, 'column_parameters': {'nd_params': {'a0': 3.512000000000001, 'a1': 1.0188098000000003, 'a2': 0.05113269292952138, 'a3': 0.1, 'a4': 0.2215330084182543, 'a5': 1.749409341133759}, 'strength_stiffness': {'strength': 191167.90824252722, 'stiffness': 163254534.5358079, 'E': 3604.9965325919525, 'I': 636172.512351933}}, 'model_parameters': [0.5267648082457884, 0.9702775300658966, 1.7784011221923424, 0.11019136819818356, 0.05379874987893214, 0.3167532234913785, 1.6742752451727365, 0.8775856482676825, 0.008289150670498714, 7.251819849351089, 0.7191452791568658, 0.02210730142987036, 3.423498409262085, 1.3115693731064795], 'min_error': 0.05401363587473392, 'failure_mode': 'Shear'}]",0.05401363587473392,Shear
1099,-122.2700953444184,37.84189314885581,"[dwnt,ashb]",as_06,dwnt_ashby_aerial,p_037,aerial downtown to ashby,"[red,orange]",71.0,footings,1,"[{'column_id': 'col_01', 'type': 'spiral', 'fy': 60, 'fpc': 4.0, 'diameter': 60, 'nLongBars': 48, 'dLongBars': 2.257, 'sTranBars': 3, 'dTranBars': 0.625, 'axLoad': 0.1, 'height': 220.40400000000005, 'column_parameters': {'nd_params': {'a0': 3.673400000000001, 'a1': 1.0188098000000003, 'a2': 0.05113269292952138, 'a3': 0.1, 'a4': 0.2215330084182543, 'a5': 1.6925901218844834}, 'strength_stiffness': {'strength': 197585.29846087735, 'stiffness': 156081538.98017022, 'E': 3604.9965325919525, 'I': 636172.512351933}}, 'model_parameters': [0.5061842835037427, 0.9650922821329639, 1.8063308704807168, 0.11705931324674775, 0.05943424003405864, 0.1649429002369703, 1.5579823401962258, 0.8708103810616423, 0.008838781029795798, 7.362818980221519, 0.731602953285361, 0.02106063967642619, 3.459099835339373, 1.3184317866858017], 'min_error': 0.05445946126460317, 'failure_mode': 'Shear'}]",0.05445946126460317,Shear
1100,-122.2701462724261,37.842136995774794,"[dwnt,ashb]",as_06,dwnt_ashby_aerial,p_038,aerial downtown to ashby,"[red,orange]",69.5,footings,1,"[{'column_id': 'col_01', 'type': 'spiral', 'fy': 60, 'fpc': 4.0, 'diameter': 60, 'nLongBars': 48, 'dLongBars': 2.257, 'sTranBars': 3, 'dTranBars': 0.625, 'axLoad': 0.1, 'height': 220.05599999999993, 'column_parameters': {'nd_params': {'a0': 3.667599999999999, 'a1': 1.0188098000000003, 'a2': 0.05113269292952138, 'a3': 0.1, 'a4': 0.2215330084182543, 'a5': 1.6945679441901742}, 'strength_stiffness': {'strength': 197354.6859251497, 'stiffness': 156328368.76697502, 'E': 3604.9965325919525, 'I': 636172.512351933}}, 'model_parameters': [0.5069283645775629, 0.9652812550441302, 1.805318006933055, 0.11679333227364508, 0.05922781094592677, 0.17030599589182305, 1.5620571908374357, 0.8710630509721377, 0.008819098428003163, 7.358869785444876, 0.7311471439438518, 0.02109831343933401, 3.4577507950532933, 1.3181637568644657], 'min_error': 0.054443810017833015, 'failure_mode': 'Shear'}]",0.054443810017833015,Shear
1101,-122.27017642945457,37.84228140692582,"[dwnt,ashb]",as_06,dwnt_ashby_aerial,p_039,aerial downtown to ashby,"[red,orange]",51.0,footings,1,"[{'column_id': 'col_01', 'type': 'spiral', 'fy': 60, 'fpc': 4.0, 'diameter': 60, 'nLongBars': 48, 'dLongBars': 2.257, 'sTranBars': 3, 'dTranBars': 0.625, 'axLoad': 0.1, 'height': 221.80799999999994, 'column_parameters': {'nd_params': {'a0': 3.6967999999999988, 'a1': 1.0188098000000003, 'a2': 0.05113269292952138, 'a3': 0.1, 'a4': 0.2215330084182543, 'a5': 1.6846572997693154}, 'strength_stiffness': {'strength': 198515.70076019198, 'stiffness': 155093574.25063774, 'E': 3604.9965325919525, 'I': 636172.512351933}}, 'model_parameters': [0.5031792073944292, 0.9643279495224955, 1.8104239530130988, 0.11814637698756486, 0.06026992870655576, 0.1433728738640173, 1.5416183970771398, 0.8697842833212902, 0.008918139157051145, 7.378726193694225, 0.7334478399452676, 0.020908600776097262, 3.4645933202815113, 1.3195288806890177], 'min_error': 0.05452233637605769, 'failure_mode': 'Shear'}]",0.05452233637605769,Shear
1102,-122.27020659006284,37.84242581801304,"[dwnt,ashb]",as_06,dwnt_ashby_aerial,p_040,aerial downtown to ashby,"[red,orange]",51.0,footings,1,"[{'column_id': 'col_01', 'type': 'spiral', 'fy': 60, 'fpc': 4.0, 'diameter': 60, 'nLongBars': 48, 'dLongBars': 2.257, 'sTranBars': 3, 'dTranBars': 0.625, 'axLoad': 0.1, 'height': 213.036, 'column_parameters': {'nd_params': {'a0': 3.5505999999999998, 'a1': 1.0188098000000003, 'a2': 0.05113269292952138, 'a3': 0.1, 'a4': 0.2215330084182543, 'a5': 1.7354762999328932}, 'strength_stiffness': {'strength': 192702.67442857625, 'stiffness': 161479728.8598427, 'E': 3604.9965325919525, 'I': 636172.512351933}}, 'model_parameters': [0.5218680491730519, 0.9690516237861326, 1.785031281352149, 0.11173073240238764, 0.05512546211192048, 0.2799502093414466, 1.645902437151857, 0.876014763800784, 0.008420968513717732, 7.278594462481011, 0.7220808606896093, 0.02185731473708526, 3.4316379227291844, 1.3130908417808809], 'min_error': 0.05412224716370147, 'failure_mode': 'Shear'}]",0.05412224716370147,Shear
1103,-122.27023674732602,37.84257022914038,"[dwnt,ashb]",as_06,dwnt_ashby_aerial,p_041,aerial downtown to ashby,"[red,orange]",69.5,footings,1,"[{'column_id': 'col_01', 'type': 'spiral', 'fy': 60, 'fpc': 4.0, 'diameter': 60, 'nLongBars': 48, 'dLongBars': 2.257, 'sTranBars': 3, 'dTranBars': 0.625, 'axLoad': 0.1, 'height': 217.716, 'column_parameters': {'nd_params': {'a0': 3.6286, 'a1': 1.0188098000000003, 'a2': 0.05113269292952138, 'a3': 0.1, 'a4': 0.2215330084182543, 'a5': 1.7079880802054896}, 'strength_stiffness': {'strength': 195804.01542629194, 'stiffness': 158008577.76821843, 'E': 3604.9965325919525, 'I': 636172.512351933}}, 'model_parameters': [0.5119234807550033, 0.9665469463446047, 1.798524747637257, 0.11504107599115355, 0.05784715244860299, 0.20654264100261407, 1.5896540040879608, 0.8727446547634949, 0.008686619263675302, 7.332245272975634, 0.7280975970161186, 0.021351520994613637, 3.448811374010465, 1.3164014237799333], 'min_error': 0.05433787000825973, 'failure_mode': 'Shear'}]",0.05433787000825973,Shear
1104,-122.27028767626304,37.84281407596565,"[dwnt,ashb]",as_06,dwnt_ashby_aerial,p_042,aerial downtown to ashby,"[red,orange]",70.5,footings,1,"[{'column_id': 'col_01', 'type': 'spiral', 'fy': 60, 'fpc': 4.0, 'diameter': 60, 'nLongBars': 48, 'dLongBars': 2.257, 'sTranBars': 3, 'dTranBars': 0.625, 'axLoad': 0.1, 'height': 216.93600000000004, 'column_parameters': {'nd_params': {'a0': 3.6156000000000006, 'a1': 1.0188098000000003, 'a2': 0.05113269292952138, 'a3': 0.1, 'a4': 0.2215330084182543, 'a5': 1.712508819817056}, 'strength_stiffness': {'strength': 195287.125260006, 'stiffness': 158576702.42553306, 'E': 3604.9965325919525, 'I': 636172.512351933}}, 'model_parameters': [0.5135852551489484, 0.9669668909837289, 1.7962671294158596, 0.11447118114302195, 0.057389829411125776, 0.21868981261576806, 1.5989300416260326, 0.8732983844369636, 0.008642408783083276, 7.323342225616932, 0.7270871011958219, 0.021435878094935544, 3.445883126669264, 1.3158294752055153], 'min_error': 0.05430228309451532, 'failure_mode': 'Shear'}]",0.05430228309451532,Shear
1105,-122.27031862745821,37.84296227947407,"[dwnt,ashb]",as_06,dwnt_ashby_aerial,p_043,aerial downtown to ashby,"[red,orange]",53.0,footings,1,"[{'column_id': 'col_01', 'type': 'spiral', 'fy': 60, 'fpc': 4.0, 'diameter': 60, 'nLongBars': 48, 'dLongBars': 2.257, 'sTranBars': 3, 'dTranBars': 0.625, 'axLoad': 0.1, 'height': 212.82, 'column_parameters': {'nd_params': {'a0': 3.5469999999999997, 'a1': 1.0188098000000003, 'a2': 0.05113269292952138, 'a3': 0.1, 'a4': 0.2215330084182543, 'a5': 1.7367663633967787}, 'strength_stiffness': {'strength': 192559.53561329708, 'stiffness': 161643621.4518628, 'E': 3604.9965325919525, 'I': 636172.512351933}}, 'model_parameters': [0.5223254598943965, 0.9691663436779829, 1.784411575867625, 0.11158435275882804, 0.05500115295545056, 0.2833690736646413, 1.6485333177314878, 0.8761626205022536, 0.008408684838305156, 7.276104038504564, 0.7218058822186119, 0.02188063856411947, 3.430868573402122, 1.3129454026321292], 'min_error': 0.054112171860802, 'failure_mode': 'Shear'}]",0.054112171860802,Shear
1106,-122.27034957884251,37.84311048571585,"[dwnt,ashb]",as_06,dwnt_ashby_aerial,p_044,aerial downtown to ashby,"[red,orange]",53.0,footings,1,"[{'column_id': 'col_01', 'type': 'spiral', 'fy': 60, 'fpc': 4.0, 'diameter': 60, 'nLongBars': 48, 'dLongBars': 2.257, 'sTranBars': 3, 'dTranBars': 0.625, 'axLoad': 0.1, 'height': 208.69200000000006, 'column_parameters': {'nd_params': {'a0': 3.478200000000001, 'a1': 1.0188098000000003, 'a2': 0.05113269292952138, 'a3': 0.1, 'a4': 0.2215330084182543, 'a5': 1.7617947957564082}, 'strength_stiffness': {'strength': 189823.9938101838, 'stiffness': 164840988.23809937, 'E': 3604.9965325919525, 'I': 636172.512351933}}, 'model_parameters': [0.531038141353277, 0.971343376970637, 1.7726220095986651, 0.1088987818365718, 0.052648332686199756, 0.3492464774246132, 1.6994210253135282, 0.8789346055694247, 0.00817351938365127, 7.228237535618669, 0.7165982609848109, 0.022326024263979276, 3.4165724855667032, 1.3103130342155098], 'min_error': 0.053917461899887824, 'failure_mode': 'Shear'}]",0.053917461899887824,Shear
1107,-122.27038053028492,37.84325868919935,"[dwnt,ashb]",as_06,dwnt_ashby_aerial,p_045,aerial downtown to ashby,"[red,orange]",70.5,footings,1,"[{'column_id': 'col_01', 'type': 'spiral', 'fy': 60, 'fpc': 4.0, 'diameter': 60, 'nLongBars': 48, 'dLongBars': 2.257, 'sTranBars': 3, 'dTranBars': 0.625, 'axLoad': 0.1, 'height': 216.57600000000002, 'column_parameters': {'nd_params': {'a0': 3.609600000000001, 'a1': 1.0188098000000003, 'a2': 0.05113269292952138, 'a3': 0.1, 'a4': 0.2215330084182543, 'a5': 1.714603396358321}, 'strength_stiffness': {'strength': 195048.56056787402, 'stiffness': 158840294.0186606, 'E': 3604.9965325919525, 'I': 636172.512351933}}, 'model_parameters': [0.5143516603535389, 0.9671603785000602, 1.7952263123425738, 0.11421057473749092, 0.05717925147174364, 0.22430785202151732, 1.6032244454832716, 0.8735527908345037, 0.008621995328789253, 7.319228143605047, 0.7266217456894429, 0.021474804391409343, 3.4445404256744925, 1.315568141527436], 'min_error': 0.054285811683812316, 'failure_mode': 'Shear'}]",0.054285811683812316,Shear
1108,-122.27043145670434,37.843502535981216,"[dwnt,ashb]",as_06,dwnt_ashby_aerial,p_046,aerial downtown to ashby,"[red,orange]",79.0,footings,1,"[{'column_id': 'col_01', 'type': 'spiral', 'fy': 60, 'fpc': 4.0, 'diameter': 60, 'nLongBars': 48, 'dLongBars': 2.257, 'sTranBars': 3, 'dTranBars': 0.625, 'axLoad': 0.1, 'height': 229.536, 'column_parameters': {'nd_params': {'a0': 3.8256000000000006, 'a1': 1.0188098000000003, 'a2': 0.05113269292952138, 'a3': 0.1, 'a4': 0.2215330084182543, 'a5': 1.642290477186495}, 'strength_stiffness': {'strength': 203636.88948462508, 'stiffness': 149871895.98749408, 'E': 3604.9965325919525, 'I': 636172.512351933}}, 'model_parameters': [0.4865556978891316, 0.9600673177043642, 1.8331397481595324, 0.12451719213015344, 0.06494914526862837, 0.026516563320233534, 1.4536591666000316, 0.863949918703588, 0.009353474220080763, 7.465632131167134, 0.7437675324284684, 0.020070492717816288, 3.4962436012292764, 1.3260441093515303], 'min_error': 0.054860922688623304, 'failure_mode': 'Shear'}]",0.054860922688623304,Shear
1109,-122.27047231351754,37.84369815441824,"[dwnt,ashb]",as_06,dwnt_ashby_aerial,p_047,aerial downtown to ashby,"[red,orange]",70.0,footings,1,"[{'column_id': 'col_01', 'type': 'spiral', 'fy': 60, 'fpc': 4.0, 'diameter': 60, 'nLongBars': 48, 'dLongBars': 2.257, 'sTranBars': 3, 'dTranBars': 0.625, 'axLoad': 0.1, 'height': 227.928, 'column_parameters': {'nd_params': {'a0': 3.7988, 'a1': 1.0188098000000003, 'a2': 0.05113269292952138, 'a3': 0.1, 'a4': 0.2215330084182543, 'a5': 1.6509294432892045}, 'strength_stiffness': {'strength': 202571.3005264356, 'stiffness': 150929221.14608756, 'E': 3604.9965325919525, 'I': 636172.512351933}}, 'model_parameters': [0.4900255880659729, 0.9609611303082, 1.8283878236804052, 0.1231390596029194, 0.06396472578677065, 0.05057690302407273, 1.471673929780515, 0.8651892599843269, 0.009263099623229978, 7.4476312235423805, 0.741597834325737, 0.020245050911986834, 3.4894658463951647, 1.3246183907219142], 'min_error': 0.05479149098620972, 'failure_mode': 'Shear'}]",0.05479149098620972,Shear
1110,-122.27051316708359,37.84389377288547,"[dwnt,ashb]",as_06,dwnt_ashby_aerial,p_048,aerial downtown to ashby,"[red,orange]",70.0,footings,1,"[{'column_id': 'col_01', 'type': 'spiral', 'fy': 60, 'fpc': 4.0, 'diameter': 60, 'nLongBars': 48, 'dLongBars': 2.257, 'sTranBars': 3, 'dTranBars': 0.625, 'axLoad': 0.1, 'height': 226.32, 'column_parameters': {'nd_params': {'a0': 3.772, 'a1': 1.0188098000000003, 'a2': 0.05113269292952138, 'a3': 0.1, 'a4': 0.2215330084182543, 'a5': 1.6596597773915365}, 'strength_stiffness': {'strength': 201505.7115682461, 'stiffness': 152001570.86154756, 'E': 3604.9965325919525, 'I': 636172.512351933}}, 'model_parameters': [0.4934898793649813, 0.9618511716678898, 1.8236490206355058, 0.12178806407310121, 0.06298589411274834, 0.07476898657535008, 1.489837432688145, 0.8664154733105635, 0.00917261518457312, 7.429589848667472, 0.7394397495718452, 0.020419521486483624, 3.4827875596925657, 1.3232307703428583], 'min_error': 0.05472153150280164, 'failure_mode': 'Shear'}]",0.05472153150280164,Shear
1111,-122.27055402432761,37.844089391278985,"[dwnt,ashb]",as_06,dwnt_ashby_aerial,p_049,aerial downtown to ashby,"[red,orange]",79.0,footings,1,"[{'column_id': 'col_01', 'type': 'spiral', 'fy': 60, 'fpc': 4.0, 'diameter': 60, 'nLongBars': 48, 'dLongBars': 2.257, 'sTranBars': 3, 'dTranBars': 0.625, 'axLoad': 0.1, 'height': 224.72400000000005, 'column_parameters': {'nd_params': {'a0': 3.745400000000001, 'a1': 1.0188098000000003, 'a2': 0.05113269292952138, 'a3': 0.1, 'a4': 0.2215330084182543, 'a5': 1.668416744805949}, 'strength_stiffness': {'strength': 200448.07476646107, 'stiffness': 153081092.88454032, 'E': 3604.9965325919525, 'I': 636172.512351933}}, 'model_parameters': [0.49692262240213153, 0.9627307830335685, 1.818958763120925, 0.1204744755964005, 0.06201998046686703, 0.09891287739660733, 1.5080148057333678, 0.8676193479125623, 0.009082698263034296, 7.411640413773065, 0.737309436287384, 0.020592602022125338, 3.4762590331154066, 1.321889774691606], 'min_error': 0.05465156391498244, 'failure_mode': 'Shear'}]",0.05465156391498244,Shear
1112,-122.27060495188717,37.844333237945804,"[dwnt,ashb]",as_06,dwnt_ashby_aerial,p_050,aerial downtown to ashby,"[red,orange]",73.0,footings,1,"[{'column_id': 'col_01', 'type': 'spiral', 'fy': 60, 'fpc': 4.0, 'diameter': 60, 'nLongBars': 48, 'dLongBars': 2.257, 'sTranBars': 3, 'dTranBars': 0.625, 'axLoad': 0.1, 'height': 225.68400000000003, 'column_parameters': {'nd_params': {'a0': 3.7614, 'a1': 1.0188098000000003, 'a2': 0.05113269292952138, 'a3': 0.1, 'a4': 0.2215330084182543, 'a5': 1.6631383558393507}, 'strength_stiffness': {'strength': 201084.24727881298, 'stiffness': 152429926.43424186, 'E': 3604.9965325919525, 'I': 636172.512351933}}, 'model_parameters': [0.4948585042390068, 0.9622021490743662, 1.82177838516398, 0.12126131403933046, 0.06260030597206688, 0.08437431747502895, 1.497063075044361, 0.8668967990859823, 0.009136796447483785, 7.422442319966124, 0.7385894244766048, 0.020488504016491223, 3.4801739474967217, 1.3226921333345245], 'min_error': 0.05469371345473834, 'failure_mode': 'Shear'}]",0.05469371345473834,Shear
1113,-122.27063890373584,37.84449580054103,"[dwnt,ashb]",as_06,dwnt_ashby_aerial,p_051,aerial downtown to ashby,"[red,orange]",58.0,footings,1,"[{'column_id': 'col_01', 'type': 'spiral', 'fy': 60, 'fpc': 4.0, 'diameter': 60, 'nLongBars': 48, 'dLongBars': 2.257, 'sTranBars': 3, 'dTranBars': 0.625, 'axLoad': 0.1, 'height': 234.324, 'column_parameters': {'nd_params': {'a0': 3.9053999999999998, 'a1': 1.0188098000000003, 'a2': 0.05113269292952138, 'a3': 0.1, 'a4': 0.2215330084182543, 'a5': 1.6170941830725165}, 'strength_stiffness': {'strength': 206809.79988998038, 'stiffness': 146809526.62717196, 'E': 3604.9965325919525, 'I': 636172.512351933}}, 'model_parameters': [0.4761917815685424, 0.9573841259785904, 1.847364846068226, 0.12877655761720017, 0.067912606192645, -0.04436562781401743, 1.4008764227419328, 0.8601838928455626, 0.009621915191605311, 7.519016234279566, 0.7502950605739698, 0.019550220588036574, 3.516999057319694, 1.3305293960804536], 'min_error': 0.05506461805178121, 'failure_mode': 'Shear'}]",0.05506461805178121,Shear
1114,-122.27067285579875,37.844658365867076,"[dwnt,ashb]",as_06,dwnt_ashby_aerial,p_052,aerial downtown to ashby,"[red,orange]",58.0,footings,1,"[{'column_id': 'col_01', 'type': 'spiral', 'fy': 60, 'fpc': 4.0, 'diameter': 60, 'nLongBars': 48, 'dLongBars': 2.257, 'sTranBars': 3, 'dTranBars': 0.625, 'axLoad': 0.1, 'height': 230.964, 'column_parameters': {'nd_params': {'a0': 3.8493999999999997, 'a1': 1.0188098000000003, 'a2': 0.05113269292952138, 'a3': 0.1, 'a4': 0.2215330084182543, 'a5': 1.634694006082123}, 'strength_stiffness': {'strength': 204583.19609674858, 'stiffness': 148945270.76680973, 'E': 3604.9965325919525, 'I': 636172.512351933}}, 'model_parameters': [0.48346964534846104, 0.9592704442692166, 1.8373705757361913, 0.12576340538418054, 0.06582798263710515, 0.00525833188283719, 1.4377838022862206, 0.8628384693294746, 0.009433639421138958, 7.4815861344380385, 0.7457039435279971, 0.01991540226862004, 3.502344787351272, 1.327343360328907], 'min_error': 0.05492214637368743, 'failure_mode': 'Shear'}]",0.05492214637368743,Shear
1115,-122.27070680794493,37.84482092843226,"[dwnt,ashb]",as_06,dwnt_ashby_aerial,p_053,aerial downtown to ashby,"[red,orange]",58.0,footings,1,"[{'column_id': 'col_01', 'type': 'spiral', 'fy': 60, 'fpc': 4.0, 'diameter': 60, 'nLongBars': 48, 'dLongBars': 2.257, 'sTranBars': 3, 'dTranBars': 0.625, 'axLoad': 0.1, 'height': 239.60399999999998, 'column_parameters': {'nd_params': {'a0': 3.9934000000000003, 'a1': 1.0188098000000003, 'a2': 0.05113269292952138, 'a3': 0.1, 'a4': 0.2215330084182543, 'a5': 1.5901902629307525}, 'strength_stiffness': {'strength': 210308.74870791598, 'stiffness': 143574379.04786834, 'E': 3604.9965325919525, 'I': 636172.512351933}}, 'model_parameters': [0.46470935067468294, 0.9543888187468011, 1.8631782590153476, 0.13373174550487732, 0.07123449116336364, -0.12126046239259171, 1.344104845018317, 0.8559042307844151, 0.009916775583698509, 7.577563747879612, 0.757605376252031, 0.01897564160597898, 3.5408468919227323, 1.3359268197403869], 'min_error': 0.05528415278443172, 'failure_mode': 'Shear'}]",0.05528415278443172,Shear
1116,-122.27074076030534,37.84498349372826,"[dwnt,ashb]",as_06,dwnt_ashby_aerial,p_054,aerial downtown to ashby,"[red,orange]",73.0,footings,1,"[{'column_id': 'col_01', 'type': 'spiral', 'fy': 60, 'fpc': 4.0, 'diameter': 60, 'nLongBars': 48, 'dLongBars': 2.257, 'sTranBars': 3, 'dTranBars': 0.625, 'axLoad': 0.1, 'height': 248.24399999999997, 'column_parameters': {'nd_params': {'a0': 4.1373999999999995, 'a1': 1.0188098000000003, 'a2': 0.05113269292952138, 'a3': 0.1, 'a4': 0.2215330084182543, 'a5': 1.5354652798109762}, 'strength_stiffness': {'strength': 217804.28955427025, 'stiffness': 138577349.3715274, 'E': 3604.9965325919525, 'I': 636172.512351933}}, 'model_parameters': [0.44848237462984225, 0.9499297305346409, 1.8875180615140248, 0.14153920868612846, 0.0760158973939337, -0.2625173004564467, 1.233786535106854, 0.8504386024171112, 0.010417476604030054, 7.687399388092987, 0.7682076374310632, 0.018045683108039123, 3.5682216034359513, 1.3352949166252293], 'min_error': 0.05570520148501372, 'failure_mode': 'Shear'}]",0.05570520148501372,Shear
1117,-122.27079168909216,37.84522734027116,"[dwnt,ashb]",as_06,dwnt_ashby_aerial,p_055,aerial downtown to ashby,"[red,orange]",73.0,footings,1,"[{'column_id': 'col_01', 'type': 'spiral', 'fy': 60, 'fpc': 4.0, 'diameter': 60, 'nLongBars': 48, 'dLongBars': 2.257, 'sTranBars': 3, 'dTranBars': 0.625, 'axLoad': 0.1, 'height': 260.4479999999999, 'column_parameters': {'nd_params': {'a0': 4.340799999999999, 'a1': 1.0188098000000003, 'a2': 0.05113269292952138, 'a3': 0.1, 'a4': 0.2215330084182543, 'a5': 1.4635168744678249}, 'strength_stiffness': {'strength': 228511.83354212213, 'stiffness': 132083930.44824861, 'E': 3604.9965325919525, 'I': 636172.512351933}}, 'model_parameters': [0.42520402761606346, 0.9434101829764284, 1.9226664414349641, 0.1539916735420075, 0.08309686330864975, -0.4543274865241995, 1.086672321141688, 0.8419496116196721, 0.011116350431205584, 7.840310350734129, 0.783863424469753, 0.016726985563671932, 3.6127133714132555, 1.3383370668561152], 'min_error': 0.056269025207227936, 'failure_mode': 'Shear'}]",0.056269025207227936,Shear
1118,-122.27082564175895,37.84538990278378,"[dwnt,ashb]",as_06,dwnt_ashby_aerial,p_056,aerial downtown to ashby,"[red,orange]",58.0,footings,1,"[{'column_id': 'col_01', 'type': 'spiral', 'fy': 60, 'fpc': 4.0, 'diameter': 60, 'nLongBars': 48, 'dLongBars': 2.257, 'sTranBars': 3, 'dTranBars': 0.625, 'axLoad': 0.1, 'height': 276.90000000000003, 'column_parameters': {'nd_params': {'a0': 4.615, 'a1': 1.0188098000000003, 'a2': 0.05113269292952138, 'a3': 0.1, 'a4': 0.2215330084182543, 'a5': 1.3765620907237122}, 'strength_stiffness': {'strength': 242946.4872366601, 'stiffness': 124236170.16029412, 'E': 3604.9965325919525, 'I': 636172.512351933}}, 'model_parameters': [1.0685430154658428, 0.9877720378365333, 1.3091585551339007, 0.24483511499465146, 0.48970706017723076, 3.843652652824842, 1.699722819217124, 0.8710847769724788, 0.012674578919542741, 8.974063254258843, 0.20868689900055973, 0.008445672719366238, 5.735848847835237, -0.03482704411657334], 'min_error': 0.055751691906847235, 'failure_mode': 'Flexure'}]",0.055751691906847235,Flexure
1119,-122.27085959464003,37.84555246802718,"[dwnt,ashb]",as_06,dwnt_ashby_aerial,p_057,aerial downtown to ashby,"[red,orange]",58.0,footings,1,"[{'column_id': 'col_01', 'type': 'spiral', 'fy': 60, 'fpc': 4.0, 'diameter': 60, 'nLongBars': 48, 'dLongBars': 2.257, 'sTranBars': 3, 'dTranBars': 0.625, 'axLoad': 0.1, 'height': 289.66799999999995, 'column_parameters': {'nd_params': {'a0': 4.827799999999999, 'a1': 1.0188098000000003, 'a2': 0.05113269292952138, 'a3': 0.1, 'a4': 0.2215330084182543, 'a5': 1.3158859208521343}, 'strength_stiffness': {'strength': 254148.8734737047, 'stiffness': 118760082.29209112, 'E': 3604.9965325919525, 'I': 636172.512351933}}, 'model_parameters': [1.1167392415230706, 0.9875016151954338, 1.3547322710133092, 0.22681328161090325, 0.4984948210464882, 3.7020633233706746, 1.6807653539043703, 0.875088513134935, 0.012511007383764315, 9.1651881463361, 0.21280563502574773, 0.007805008184374179, 5.717236725835533, -0.03943359735237117], 'min_error': 0.057293917528363034, 'failure_mode': 'Flexure'}]",0.057293917528363034,Flexure
1120,-122.27089355106698,37.84571503045776,"[dwnt,ashb]",as_06,dwnt_ashby_aerial,p_058,aerial downtown to ashby,"[red,orange]",58.0,footings,1,"[{'column_id': 'col_01', 'type': 'spiral', 'fy': 60, 'fpc': 4.0, 'diameter': 60, 'nLongBars': 48, 'dLongBars': 2.257, 'sTranBars': 3, 'dTranBars': 0.625, 'axLoad': 0.1, 'height': 298.77599999999995, 'column_parameters': {'nd_params': {'a0': 4.9796, 'a1': 1.0188098000000003, 'a2': 0.05113269292952138, 'a3': 0.1, 'a4': 0.2215330084182543, 'a5': 1.2757719593320613}, 'strength_stiffness': {'strength': 262140.04937024318, 'stiffness': 115139755.25940989, 'E': 3604.9965325919525, 'I': 636172.512351933}}, 'model_parameters': [1.1519744482969487, 0.9873920277289684, 1.3840914085249152, 0.21401434486844476, 0.5046403250018773, 3.610550695996694, 1.654388332467152, 0.8777678465007962, 0.012400265011158948, 9.292674096368183, 0.2152016043670011, 0.007412080860062907, 5.705664086234819, -0.040679097989102526], 'min_error': 0.05833732960710617, 'failure_mode': 'Flexure'}]",0.05833732960710617,Flexure
1121,-122.2709275042456,37.845877595671126,"[dwnt,ashb]",as_06,dwnt_ashby_aerial,p_059,aerial downtown to ashby,"[red,orange]",73.0,footings,1,"[{'column_id': 'col_01', 'type': 'spiral', 'fy': 60, 'fpc': 4.0, 'diameter': 60, 'nLongBars': 48, 'dLongBars': 2.257, 'sTranBars': 3, 'dTranBars': 0.625, 'axLoad': 0.1, 'height': 304.212, 'column_parameters': {'nd_params': {'a0': 5.0702, 'a1': 1.0188098000000003, 'a2': 0.05113269292952138, 'a3': 0.1, 'a4': 0.2215330084182543, 'a5': 1.2529750401739441}, 'strength_stiffness': {'strength': 266909.486367782, 'stiffness': 113082309.43350507, 'E': 3604.9965325919525, 'I': 636172.512351933}}, 'model_parameters': [1.1726330185745715, 0.9873567136328886, 1.4004761039295903, 0.20626754345063125, 0.508263738602914, 3.5593550219707084, 1.6383792424583443, 0.8793031489954064, 0.012336315402022789, 9.365596351997414, 0.21643581119063207, 0.007200714002817305, 5.699372625851704, -0.04068545672235547], 'min_error': 0.05893958882476319, 'failure_mode': 'Flexure'}]",0.05893958882476319,Flexure
1122,-122.27097847234886,37.84612144151842,"[dwnt,ashb]",as_06,dwnt_ashby_aerial,p_060,aerial downtown to ashby,"[red,orange]",70.5,footings,1,"[{'column_id': 'col_01', 'type': 'spiral', 'fy': 60, 'fpc': 4.0, 'diameter': 60, 'nLongBars': 48, 'dLongBars': 2.257, 'sTranBars': 3, 'dTranBars': 0.625, 'axLoad': 0.1, 'height': 287.47200000000004, 'column_parameters': {'nd_params': {'a0': 4.791200000000001, 'a1': 1.0188098000000003, 'a2': 0.05113269292952138, 'a3': 0.1, 'a4': 0.2215330084182543, 'a5': 1.3259379797733202}, 'strength_stiffness': {'strength': 252222.14726940106, 'stiffness': 119667291.1357817, 'E': 3604.9965325919525, 'I': 636172.512351933}}, 'model_parameters': [1.1082615762165247, 0.9875380359475371, 1.3472754864100704, 0.22988401470935993, 0.4969983222335333, 3.7252656811240383, 1.6862784924071794, 0.8744213010631, 0.012538421030982726, 9.133392251682293, 0.21216289409179942, 0.007907436520162, 5.72023148505482, -0.03888841986090966], 'min_error': 0.05703553619465326, 'failure_mode': 'Flexure'}]",0.05703553619465326,Flexure
1123,-122.27100945753143,37.84627051776189,"[dwnt,ashb]",as_06,dwnt_ashby_aerial,p_061,aerial downtown to ashby,"[red,orange]",53.0,footings,1,"[{'column_id': 'col_01', 'type': 'spiral', 'fy': 60, 'fpc': 4.0, 'diameter': 60, 'nLongBars': 48, 'dLongBars': 2.257, 'sTranBars': 3, 'dTranBars': 0.625, 'axLoad': 0.1, 'height': 273.18, 'column_parameters': {'nd_params': {'a0': 4.553, 'a1': 1.0188098000000003, 'a2': 0.05113269292952138, 'a3': 0.1, 'a4': 0.2215330084182543, 'a5': 1.395307280625946}, 'strength_stiffness': {'strength': 239682.63410368652, 'stiffness': 125927943.17807102, 'E': 3604.9965325919525, 'I': 636172.512351933}}, 'model_parameters': [1.055127058908168, 0.9878788781371908, 1.294819727776624, 0.2502591465698532, 0.487105156169419, 3.8881053121223683, 1.6968491895050863, 0.8698587784668221, 0.01272423615444699, 8.915371359583688, 0.2073043725980318, 0.008653909645225458, 5.741845336180869, -0.0327978926322241], 'min_error': 0.0552832598929497, 'failure_mode': 'Flexure'}]",0.0552832598929497,Flexure
1124,-122.27103982923593,37.84641971856757,"[dwnt,ashb]",as_06,dwnt_ashby_aerial,p_062,aerial downtown to ashby,"[red,orange]",53.0,footings,1,"[{'column_id': 'col_01', 'type': 'spiral', 'fy': 60, 'fpc': 4.0, 'diameter': 60, 'nLongBars': 48, 'dLongBars': 2.257, 'sTranBars': 3, 'dTranBars': 0.625, 'axLoad': 0.1, 'height': 255.79200000000003, 'column_parameters': {'nd_params': {'a0': 4.2632, 'a1': 1.0188098000000003, 'a2': 0.05113269292952138, 'a3': 0.1, 'a4': 0.2215330084182543, 'a5': 1.4901562321002841}, 'strength_stiffness': {'strength': 224426.75284665858, 'stiffness': 134488160.37008756, 'E': 3604.9965325919525, 'I': 636172.512351933}}, 'model_parameters': [0.43416204619811394, 0.9459309547055178, 1.909140510770492, 0.1490559775955314, 0.08034583746923023, -0.38231708585900565, 1.1414799014226202, 0.8453046630369639, 0.010851022152828205, 7.782375595364736, 0.7777875652570253, 0.01723086424209957, 3.59485733442955, 1.3365474417663852], 'min_error': 0.0560585972403186, 'failure_mode': 'Shear'}]",0.0560585972403186,Shear
1125,-122.47108585395,37.6998976493655,"[daly,colm]",as_17_a,daly_colma_west_aerial,p_002,aerial daly city and colma west,"[red,yellow]",68.0,footings,2,"[{'column_id': 'col_01', 'type': 'spiral', 'fy': 60, 'fpc': 4.0, 'diameter': 60, 'nLongBars': 44, 'dLongBars': 1.375, 'sTranBars': 3, 'dTranBars': 0.625, 'axLoad': 0.1, 'height': 126.0, 'column_parameters': {'nd_params': {'a0': 2.1, 'a1': 0.34661458333333334, 'a2': 0.05113269292952138, 'a3': 0.1, 'a4': 0.36363636363636365, 'a5': 0.9690341253115504}, 'strength_stiffness': {'strength': 130844.49561615229, 'stiffness': 273023773.9475035, 'E': 3604.9965325919525, 'I': 636172.512351933}}, 'model_parameters': [0.39471434859816995, 1.0265987085274162, 1.3904982888535047, 0.26319738520562186, 0.2842213023645631, 1.9679666087730023, 2.0265013762031443, 0.7634674832967001, 0.009454565664864323, 4.53240834578069, 0.8339227586386976, 0.016036784895007566, 3.7017369237102935, 0.7711515661277234], 'min_error': 0.058480652943514656, 'failure_mode': 'Shear'}, {'column_id': 'col_02', 'type': 'spiral', 'fy': 60, 'fpc': 4.0, 'diameter': 60, 'nLongBars': 44, 'dLongBars': 1.375, 'sTranBars': 3, 'dTranBars': 0.625, 'axLoad': 0.1, 'height': 126.0, 'column_parameters': {'nd_params': {'a0': 2.1, 'a1': 0.34661458333333334, 'a2': 0.05113269292952138, 'a3': 0.1, 'a4': 0.36363636363636365, 'a5': 0.9690341253115504}, 'strength_stiffness': {'strength': 130844.49561615229, 'stiffness': 273023773.9475035, 'E': 3604.9965325919525, 'I': 636172.512351933}}, 'model_parameters': [0.39471434859816995, 1.0265987085274162, 1.3904982888535047, 0.26319738520562186, 0.2842213023645631, 1.9679666087730023, 2.0265013762031443, 0.7634674832967001, 0.009454565664864323, 4.53240834578069, 0.8339227586386976, 0.016036784895007566, 3.7017369237102935, 0.7711515661277234], 'min_error': 0.058480652943514656, 'failure_mode': 'Shear'}]",0.058480652943514656,Shear
1126,-122.471087195055,37.7000950164724,"[daly,colm]",as_17_a,daly_colma_west_aerial,p_003,aerial daly city and colma west,"[red,yellow]",68.0,footings,2,"[{'column_id': 'col_01', 'type': 'spiral', 'fy': 60, 'fpc': 4.0, 'diameter': 60, 'nLongBars': 44, 'dLongBars': 1.375, 'sTranBars': 3, 'dTranBars': 0.625, 'axLoad': 0.1, 'height': 150.0, 'column_parameters': {'nd_params': {'a0': 2.5, 'a1': 0.34661458333333334, 'a2': 0.05113269292952138, 'a3': 0.1, 'a4': 0.36363636363636365, 'a5': 0.8669217409319606}, 'strength_stiffness': {'strength': 130844.49561615229, 'stiffness': 229339970.11590296, 'E': 3604.9965325919525, 'I': 636172.512351933}}, 'model_parameters': [0.8120628347133044, 0.9740859434833652, 1.0994091574103266, 0.3859669235737826, 0.37188524047539917, 2.5716314396768305, 1.414288365677836, 0.6865413442293515, 0.013719101915579172, 4.690085245390251, 0.5408832117863427, 0.009430456160116125, 5.061234375926757, 0.567899981117269], 'min_error': 0.04892673298024631, 'failure_mode': 'Flexure'}, {'column_id': 'col_02', 'type': 'spiral', 'fy': 60, 'fpc': 4.0, 'diameter': 60, 'nLongBars': 44, 'dLongBars': 1.375, 'sTranBars': 3, 'dTranBars': 0.625, 'axLoad': 0.1, 'height': 150.0, 'column_parameters': {'nd_params': {'a0': 2.5, 'a1': 0.34661458333333334, 'a2': 0.05113269292952138, 'a3': 0.1, 'a4': 0.36363636363636365, 'a5': 0.8669217409319606}, 'strength_stiffness': {'strength': 130844.49561615229, 'stiffness': 229339970.11590296, 'E': 3604.9965325919525, 'I': 636172.512351933}}, 'model_parameters': [0.8120628347133044, 0.9740859434833652, 1.0994091574103266, 0.3859669235737826, 0.37188524047539917, 2.5716314396768305, 1.414288365677836, 0.6865413442293515, 0.013719101915579172, 4.690085245390251, 0.5408832117863427, 0.009430456160116125, 5.061234375926757, 0.567899981117269], 'min_error': 0.04892673298024631, 'failure_mode': 'Flexure'}]",0.04892673298024631,Flexure
1127,-122.471094571128,37.7002881386217,"[daly,colm]",as_17_a,daly_colma_west_aerial,p_004,aerial daly city and colma west,"[red,yellow]",68.0,piles,2,"[{'column_id': 'col_01', 'type': 'spiral', 'fy': 60, 'fpc': 4.0, 'diameter': 60, 'nLongBars': 44, 'dLongBars': 1.375, 'sTranBars': 3, 'dTranBars': 0.625, 'axLoad': 0.1, 'height': 174.0, 'column_parameters': {'nd_params': {'a0': 2.9, 'a1': 0.34661458333333334, 'a2': 0.05113269292952138, 'a3': 0.1, 'a4': 0.36363636363636365, 'a5': 0.7842781013960465}, 'strength_stiffness': {'strength': 130844.49561615229, 'stiffness': 197706870.78957152, 'E': 3604.9965325919525, 'I': 636172.512351933}}, 'model_parameters': [0.828892783250509, 0.9974398712433644, 1.0845948291256025, 0.3483334975525512, 0.45605840876378034, 2.1085103811158614, 1.405522591532254, 0.6932654153245048, 0.013862430863615237, 4.791865764190385, 0.5430157635826175, 0.014496267412271743, 5.258369991226006, 0.5727512545186364], 'min_error': 0.05627088290565029, 'failure_mode': 'Flexure'}, {'column_id': 'col_02', 'type': 'spiral', 'fy': 60, 'fpc': 4.0, 'diameter': 60, 'nLongBars': 44, 'dLongBars': 1.375, 'sTranBars': 3, 'dTranBars': 0.625, 'axLoad': 0.1, 'height': 174.0, 'column_parameters': {'nd_params': {'a0': 2.9, 'a1': 0.34661458333333334, 'a2': 0.05113269292952138, 'a3': 0.1, 'a4': 0.36363636363636365, 'a5': 0.7842781013960465}, 'strength_stiffness': {'strength': 130844.49561615229, 'stiffness': 197706870.78957152, 'E': 3604.9965325919525, 'I': 636172.512351933}}, 'model_parameters': [0.828892783250509, 0.9974398712433644, 1.0845948291256025, 0.3483334975525512, 0.45605840876378034, 2.1085103811158614, 1.405522591532254, 0.6932654153245048, 0.013862430863615237, 4.791865764190385, 0.5430157635826175, 0.014496267412271743, 5.258369991226006, 0.5727512545186364], 'min_error': 0.05627088290565029, 'failure_mode': 'Flexure'}]",0.05627088290565029,Flexure
1128,-122.471089877263,37.7004764852857,"[daly,colm]",as_17_a,daly_colma_west_aerial,p_005,aerial daly city and colma west,"[red,yellow]",68.0,piles,2,"[{'column_id': 'col_01', 'type': 'spiral', 'fy': 60, 'fpc': 4.0, 'diameter': 60, 'nLongBars': 44, 'dLongBars': 1.375, 'sTranBars': 3, 'dTranBars': 0.625, 'axLoad': 0.1, 'height': 210.0, 'column_parameters': {'nd_params': {'a0': 3.5, 'a1': 0.34661458333333334, 'a2': 0.05113269292952138, 'a3': 0.1, 'a4': 0.36363636363636365, 'a5': 0.686160581017955}, 'strength_stiffness': {'strength': 130844.49561615229, 'stiffness': 163814264.3685021, 'E': 3604.9965325919525, 'I': 636172.512351933}}, 'model_parameters': [0.8556294716726824, 1.028378212724011, 1.0699252539325026, 0.32889840027307515, 0.4605672697550945, 1.9627972671076654, 1.3202507072020537, 0.7082264105577987, 0.014105925245790601, 4.8381699805657465, 0.5413598001790664, 0.009298550535402914, 4.949220076314055, 0.5963204409614101], 'min_error': 0.057362661066011206, 'failure_mode': 'Flexure'}, {'column_id': 'col_02', 'type': 'spiral', 'fy': 60, 'fpc': 4.0, 'diameter': 60, 'nLongBars': 44, 'dLongBars': 1.375, 'sTranBars': 3, 'dTranBars': 0.625, 'axLoad': 0.1, 'height': 210.0, 'column_parameters': {'nd_params': {'a0': 3.5, 'a1': 0.34661458333333334, 'a2': 0.05113269292952138, 'a3': 0.1, 'a4': 0.36363636363636365, 'a5': 0.686160581017955}, 'strength_stiffness': {'strength': 130844.49561615229, 'stiffness': 163814264.3685021, 'E': 3604.9965325919525, 'I': 636172.512351933}}, 'model_parameters': [0.8556294716726824, 1.028378212724011, 1.0699252539325026, 0.32889840027307515, 0.4605672697550945, 1.9627972671076654, 1.3202507072020537, 0.7082264105577987, 0.014105925245790601, 4.8381699805657465, 0.5413598001790664, 0.009298550535402914, 4.949220076314055, 0.5963204409614101], 'min_error': 0.057362661066011206, 'failure_mode': 'Flexure'}]",0.057362661066011206,Flexure
1129,-122.471094230746,37.7006685844138,"[daly,colm]",as_17_a,daly_colma_west_aerial,p_006,aerial daly city and colma west,"[red,yellow]",71.0,piles,2,"[{'column_id': 'col_01', 'type': 'spiral', 'fy': 60, 'fpc': 4.0, 'diameter': 60, 'nLongBars': 44, 'dLongBars': 1.375, 'sTranBars': 3, 'dTranBars': 0.625, 'axLoad': 0.1, 'height': 234.0, 'column_parameters': {'nd_params': {'a0': 3.9000000000000004, 'a1': 0.34661458333333334, 'a2': 0.05113269292952138, 'a3': 0.1, 'a4': 0.36363636363636365, 'a5': 0.6333378714873574}, 'strength_stiffness': {'strength': 130844.49561615229, 'stiffness': 147012801.35634807, 'E': 3604.9965325919525, 'I': 636172.512351933}}, 'model_parameters': [1.0314319196637287, 1.02653561909007, 1.1503378045563006, 0.3435087206580138, 0.47988794236901305, 1.8306607441110556, 1.308989785167592, 0.7200344148469459, 0.014269533263628795, 4.845274035462466, 0.535989829107091, 0.008895767954522437, 4.988729750008497, 0.619946388189726], 'min_error': 0.057151430964662665, 'failure_mode': 'Flexure'}, {'column_id': 'col_02', 'type': 'spiral', 'fy': 60, 'fpc': 4.0, 'diameter': 60, 'nLongBars': 44, 'dLongBars': 1.375, 'sTranBars': 3, 'dTranBars': 0.625, 'axLoad': 0.1, 'height': 234.0, 'column_parameters': {'nd_params': {'a0': 3.9000000000000004, 'a1': 0.34661458333333334, 'a2': 0.05113269292952138, 'a3': 0.1, 'a4': 0.36363636363636365, 'a5': 0.6333378714873574}, 'strength_stiffness': {'strength': 130844.49561615229, 'stiffness': 147012801.35634807, 'E': 3604.9965325919525, 'I': 636172.512351933}}, 'model_parameters': [1.0314319196637287, 1.02653561909007, 1.1503378045563006, 0.3435087206580138, 0.47988794236901305, 1.8306607441110556, 1.308989785167592, 0.7200344148469459, 0.014269533263628795, 4.845274035462466, 0.535989829107091, 0.008895767954522437, 4.988729750008497, 0.619946388189726], 'min_error': 0.057151430964662665, 'failure_mode': 'Flexure'}]",0.057151430964662665,Flexure
1130,-122.471098924611,37.7008882325897,"[daly,colm]",as_17_a,daly_colma_west_aerial,p_007,aerial daly city and colma west,"[red,yellow]",74.0,piles,2,"[{'column_id': 'col_01', 'type': 'spiral', 'fy': 60, 'fpc': 4.0, 'diameter': 60, 'nLongBars': 44, 'dLongBars': 1.375, 'sTranBars': 3, 'dTranBars': 0.625, 'axLoad': 0.1, 'height': 258.0, 'column_parameters': {'nd_params': {'a0': 4.3, 'a1': 0.34661458333333334, 'a2': 0.05113269292952138, 'a3': 0.1, 'a4': 0.36363636363636365, 'a5': 0.5780269442918566}, 'strength_stiffness': {'strength': 130844.49561615229, 'stiffness': 133337191.92785056, 'E': 3604.9965325919525, 'I': 636172.512351933}}, 'model_parameters': [1.0120327149439576, 1.003037377129696, 1.307973992100766, 0.3684689193918575, 0.5062278325796392, 1.7287150572992147, 1.735931190194816, 0.7322905073851147, 0.014422332425699857, 4.8982734970576125, 0.5285543770672049, 0.009450011889145123, 5.27818335218601, 0.6424049296881125], 'min_error': 0.0593174867278565, 'failure_mode': 'Flexure'}, {'column_id': 'col_02', 'type': 'spiral', 'fy': 60, 'fpc': 4.0, 'diameter': 60, 'nLongBars': 44, 'dLongBars': 1.375, 'sTranBars': 3, 'dTranBars': 0.625, 'axLoad': 0.1, 'height': 258.0, 'column_parameters': {'nd_params': {'a0': 4.3, 'a1': 0.34661458333333334, 'a2': 0.05113269292952138, 'a3': 0.1, 'a4': 0.36363636363636365, 'a5': 0.5780269442918566}, 'strength_stiffness': {'strength': 130844.49561615229, 'stiffness': 133337191.92785056, 'E': 3604.9965325919525, 'I': 636172.512351933}}, 'model_parameters': [1.0120327149439576, 1.003037377129696, 1.307973992100766, 0.3684689193918575, 0.5062278325796392, 1.7287150572992147, 1.735931190194816, 0.7322905073851147, 0.014422332425699857, 4.8982734970576125, 0.5285543770672049, 0.009450011889145123, 5.27818335218601, 0.6424049296881125], 'min_error': 0.0593174867278565, 'failure_mode': 'Flexure'}]",0.0593174867278565,Flexure
1131,-122.471106,37.701112,"[daly,colm]",as_17_a,daly_colma_west_aerial,p_008,aerial daly city and colma west,"[red,yellow]",74.0,piles,2,"[{'column_id': 'col_01', 'type': 'spiral', 'fy': 60, 'fpc': 4.0, 'diameter': 60, 'nLongBars': 44, 'dLongBars': 1.375, 'sTranBars': 3, 'dTranBars': 0.625, 'axLoad': 0.1, 'height': 282.0, 'column_parameters': {'nd_params': {'a0': 4.7, 'a1': 0.34661458333333334, 'a2': 0.05113269292952138, 'a3': 0.1, 'a4': 0.36363636363636365, 'a5': 0.5288331617989327}, 'strength_stiffness': {'strength': 130844.49561615229, 'stiffness': 121989345.80633137, 'E': 3604.9965325919525, 'I': 636172.512351933}}, 'model_parameters': [0.9988413422478268, 1.003891936323296, 1.3624508657206007, 0.3863454941081469, 0.5225234914858152, 1.6853194020956868, 1.885507289262676, 0.7433470453587355, 0.01454536557483831, 4.997950208033223, 0.5189205062380989, 0.009275993723050978, 5.1115407964289545, 0.6696659755871471], 'min_error': 0.06133726489495404, 'failure_mode': 'Flexure'}, {'column_id': 'col_02', 'type': 'spiral', 'fy': 60, 'fpc': 4.0, 'diameter': 60, 'nLongBars': 44, 'dLongBars': 1.375, 'sTranBars': 3, 'dTranBars': 0.625, 'axLoad': 0.1, 'height': 282.0, 'column_parameters': {'nd_params': {'a0': 4.7, 'a1': 0.34661458333333334, 'a2': 0.05113269292952138, 'a3': 0.1, 'a4': 0.36363636363636365, 'a5': 0.5288331617989327}, 'strength_stiffness': {'strength': 130844.49561615229, 'stiffness': 121989345.80633137, 'E': 3604.9965325919525, 'I': 636172.512351933}}, 'model_parameters': [0.9988413422478268, 1.003891936323296, 1.3624508657206007, 0.3863454941081469, 0.5225234914858152, 1.6853194020956868, 1.885507289262676, 0.7433470453587355, 0.01454536557483831, 4.997950208033223, 0.5189205062380989, 0.009275993723050978, 5.1115407964289545, 0.6696659755871471], 'min_error': 0.06133726489495404, 'failure_mode': 'Flexure'}]",0.06133726489495404,Flexure
1132,-122.471097413664,37.7013047550427,"[daly,colm]",as_17_a,daly_colma_west_aerial,p_009,aerial daly city and colma west,"[red,yellow]",74.0,piles,2,"[{'column_id': 'col_01', 'type': 'spiral', 'fy': 60, 'fpc': 4.0, 'diameter': 60, 'nLongBars': 44, 'dLongBars': 1.375, 'sTranBars': 3, 'dTranBars': 0.625, 'axLoad': 0.1, 'height': 306.0, 'column_parameters': {'nd_params': {'a0': 5.1, 'a1': 0.34661458333333334, 'a2': 0.05113269292952138, 'a3': 0.1, 'a4': 0.36363636363636365, 'a5': 0.4873560510696046}, 'strength_stiffness': {'strength': 130844.49561615229, 'stiffness': 112421553.97838381, 'E': 3604.9965325919525, 'I': 636172.512351933}}, 'model_parameters': [1.093062548750366, 1.0302199918778598, 1.2539235020063866, 0.3870367625430187, 0.5261711721551569, 1.8206510935068096, 1.687887078364045, 0.7525855623545644, 0.014629188541870314, 5.1474685814554935, 0.508441170707504, 0.010484820507312377, 4.698376832769034, 0.7033386844421646], 'min_error': 0.06396142226513646, 'failure_mode': 'Flexure'}, {'column_id': 'col_02', 'type': 'spiral', 'fy': 60, 'fpc': 4.0, 'diameter': 60, 'nLongBars': 44, 'dLongBars': 1.375, 'sTranBars': 3, 'dTranBars': 0.625, 'axLoad': 0.1, 'height': 306.0, 'column_parameters': {'nd_params': {'a0': 5.1, 'a1': 0.34661458333333334, 'a2': 0.05113269292952138, 'a3': 0.1, 'a4': 0.36363636363636365, 'a5': 0.4873560510696046}, 'strength_stiffness': {'strength': 130844.49561615229, 'stiffness': 112421553.97838381, 'E': 3604.9965325919525, 'I': 636172.512351933}}, 'model_parameters': [1.093062548750366, 1.0302199918778598, 1.2539235020063866, 0.3870367625430187, 0.5261711721551569, 1.8206510935068096, 1.687887078364045, 0.7525855623545644, 0.014629188541870314, 5.1474685814554935, 0.508441170707504, 0.010484820507312377, 4.698376832769034, 0.7033386844421646], 'min_error': 0.06396142226513646, 'failure_mode': 'Flexure'}]",0.06396142226513646,Flexure
1133,-122.47108869648,37.7015079544129,"[daly,colm]",as_17_a,daly_colma_west_aerial,p_010,aerial daly city and colma west,"[red,yellow]",74.0,piles,2,"[{'column_id': 'col_01', 'type': 'spiral', 'fy': 60, 'fpc': 4.0, 'diameter': 60, 'nLongBars': 44, 'dLongBars': 1.375, 'sTranBars': 3, 'dTranBars': 0.625, 'axLoad': 0.1, 'height': 354.0, 'column_parameters': {'nd_params': {'a0': 5.9, 'a1': 0.34661458333333334, 'a2': 0.05113269292952138, 'a3': 0.1, 'a4': 0.36363636363636365, 'a5': 0.421273874653387}, 'strength_stiffness': {'strength': 130844.49561615229, 'stiffness': 97177953.43894194, 'E': 3604.9965325919525, 'I': 636172.512351933}}, 'model_parameters': [1.2398261783190327, 1.000821745404589, 1.3740796469915282, 0.357767794583464, 0.4280548228853097, 1.8015376744072729, 1.414065945017193, 0.7676697363124535, 0.014682982878408874, 5.5468312993134035, 0.48859755229603663, 0.0112287676448918, 5.492866233373887, 0.787676496676075], 'min_error': 0.06474320368286168, 'failure_mode': 'Flexure'}, {'column_id': 'col_02', 'type': 'spiral', 'fy': 60, 'fpc': 4.0, 'diameter': 60, 'nLongBars': 44, 'dLongBars': 1.375, 'sTranBars': 3, 'dTranBars': 0.625, 'axLoad': 0.1, 'height': 354.0, 'column_parameters': {'nd_params': {'a0': 5.9, 'a1': 0.34661458333333334, 'a2': 0.05113269292952138, 'a3': 0.1, 'a4': 0.36363636363636365, 'a5': 0.421273874653387}, 'strength_stiffness': {'strength': 130844.49561615229, 'stiffness': 97177953.43894194, 'E': 3604.9965325919525, 'I': 636172.512351933}}, 'model_parameters': [1.2398261783190327, 1.000821745404589, 1.3740796469915282, 0.357767794583464, 0.4280548228853097, 1.8015376744072729, 1.414065945017193, 0.7676697363124535, 0.014682982878408874, 5.5468312993134035, 0.48859755229603663, 0.0112287676448918, 5.492866233373887, 0.787676496676075], 'min_error': 0.06474320368286168, 'failure_mode': 'Flexure'}]",0.06474320368286168,Flexure
1134,-122.471090708138,37.701711683772,"[daly,colm]",as_17_a,daly_colma_west_aerial,p_011,aerial daly city and colma west,"[red,yellow]",74.0,piles,2,"[{'column_id': 'col_01', 'type': 'spiral', 'fy': 60, 'fpc': 4.0, 'diameter': 60, 'nLongBars': 44, 'dLongBars': 1.375, 'sTranBars': 3, 'dTranBars': 0.625, 'axLoad': 0.1, 'height': 378.0, 'column_parameters': {'nd_params': {'a0': 6.300000000000001, 'a1': 0.34661458333333334, 'a2': 0.05113269292952138, 'a3': 0.1, 'a4': 0.36363636363636365, 'a5': 0.39452632705634655}, 'strength_stiffness': {'strength': 130844.49561615229, 'stiffness': 91007924.64916784, 'E': 3604.9965325919525, 'I': 636172.512351933}}, 'model_parameters': [1.1995364610696109, 1.0032273638423794, 1.3844728495882586, 0.3438277633256772, 0.4682103086025282, 1.7936872873010676, 1.3402939553032724, 0.7752394573380984, 0.014664002484882973, 5.758836073012955, 0.4797968510263948, 0.010764366300632773, 5.696650251851915, 0.8372017759598137], 'min_error': 0.06544589540262916, 'failure_mode': 'Flexure'}, {'column_id': 'col_02', 'type': 'spiral', 'fy': 60, 'fpc': 4.0, 'diameter': 60, 'nLongBars': 44, 'dLongBars': 1.375, 'sTranBars': 3, 'dTranBars': 0.625, 'axLoad': 0.1, 'height': 378.0, 'column_parameters': {'nd_params': {'a0': 6.300000000000001, 'a1': 0.34661458333333334, 'a2': 0.05113269292952138, 'a3': 0.1, 'a4': 0.36363636363636365, 'a5': 0.39452632705634655}, 'strength_stiffness': {'strength': 130844.49561615229, 'stiffness': 91007924.64916784, 'E': 3604.9965325919525, 'I': 636172.512351933}}, 'model_parameters': [1.1995364610696109, 1.0032273638423794, 1.3844728495882586, 0.3438277633256772, 0.4682103086025282, 1.7936872873010676, 1.3402939553032724, 0.7752394573380984, 0.014664002484882973, 5.758836073012955, 0.4797968510263948, 0.010764366300632773, 5.696650251851915, 0.8372017759598137], 'min_error': 0.06544589540262916, 'failure_mode': 'Flexure'}]",0.06544589540262916,Flexure
1135,-122.47110778962,37.7019309812939,"[daly,colm]",as_17_a,daly_colma_west_aerial,p_012,aerial daly city and colma west,"[red,yellow]",74.0,footings,2,"[{'column_id': 'col_01', 'type': 'spiral', 'fy': 60, 'fpc': 4.0, 'diameter': 60, 'nLongBars': 44, 'dLongBars': 1.375, 'sTranBars': 3, 'dTranBars': 0.625, 'axLoad': 0.1, 'height': 402.0, 'column_parameters': {'nd_params': {'a0': 6.7, 'a1': 0.34661458333333334, 'a2': 0.05113269292952138, 'a3': 0.1, 'a4': 0.36363636363636365, 'a5': 0.3709725164858184}, 'strength_stiffness': {'strength': 130844.49561615229, 'stiffness': 85574615.71488917, 'E': 3604.9965325919525, 'I': 636172.512351933}}, 'model_parameters': [1.0671989553220793, 1.0133460694441543, 1.3197551915427705, 0.3356162839040906, 0.5331680727431696, 1.8177260265721722, 1.3428568302945616, 0.7831252403822417, 0.014619501724516978, 5.960646176775516, 0.4716596680077824, 0.01157899267999653, 5.4810503233030845, 0.890727667122747], 'min_error': 0.06688570058292408, 'failure_mode': 'Flexure'}, {'column_id': 'col_02', 'type': 'spiral', 'fy': 60, 'fpc': 4.0, 'diameter': 60, 'nLongBars': 44, 'dLongBars': 1.375, 'sTranBars': 3, 'dTranBars': 0.625, 'axLoad': 0.1, 'height': 402.0, 'column_parameters': {'nd_params': {'a0': 6.7, 'a1': 0.34661458333333334, 'a2': 0.05113269292952138, 'a3': 0.1, 'a4': 0.36363636363636365, 'a5': 0.3709725164858184}, 'strength_stiffness': {'strength': 130844.49561615229, 'stiffness': 85574615.71488917, 'E': 3604.9965325919525, 'I': 636172.512351933}}, 'model_parameters': [1.0671989553220793, 1.0133460694441543, 1.3197551915427705, 0.3356162839040906, 0.5331680727431696, 1.8177260265721722, 1.3428568302945616, 0.7831252403822417, 0.014619501724516978, 5.960646176775516, 0.4716596680077824, 0.01157899267999653, 5.4810503233030845, 0.890727667122747], 'min_error': 0.06688570058292408, 'failure_mode': 'Flexure'}]",0.06688570058292408,Flexure
1136,-122.471121871215,37.7021458508579,"[daly,colm]",as_17_a,daly_colma_west_aerial,p_013,aerial daly city and colma west,"[red,yellow]",74.0,footings,2,"[{'column_id': 'col_01', 'type': 'spiral', 'fy': 60, 'fpc': 4.0, 'diameter': 60, 'nLongBars': 44, 'dLongBars': 1.375, 'sTranBars': 3, 'dTranBars': 0.625, 'axLoad': 0.1, 'height': 438.0, 'column_parameters': {'nd_params': {'a0': 7.300000000000001, 'a1': 0.34661458333333334, 'a2': 0.05113269292952138, 'a3': 0.1, 'a4': 0.36363636363636365, 'a5': 0.34048162471986076}, 'strength_stiffness': {'strength': 130844.49561615229, 'stiffness': 78541085.65613115, 'E': 3604.9965325919525, 'I': 636172.512351933}}, 'model_parameters': [1.046971136711817, 1.0159962409523093, 1.288727955853189, 0.33313811631434587, 0.5803926759357956, 1.86982883836613, 1.3479794668587728, 0.7942256176223489, 0.014501113039025723, 6.229068494752547, 0.4602859190988726, 0.012429523787609451, 5.437414492325697, 0.9769379008229906], 'min_error': 0.06865900187101205, 'failure_mode': 'Flexure'}, {'column_id': 'col_02', 'type': 'spiral', 'fy': 60, 'fpc': 4.0, 'diameter': 60, 'nLongBars': 44, 'dLongBars': 1.375, 'sTranBars': 3, 'dTranBars': 0.625, 'axLoad': 0.1, 'height': 438.0, 'column_parameters': {'nd_params': {'a0': 7.300000000000001, 'a1': 0.34661458333333334, 'a2': 0.05113269292952138, 'a3': 0.1, 'a4': 0.36363636363636365, 'a5': 0.34048162471986076}, 'strength_stiffness': {'strength': 130844.49561615229, 'stiffness': 78541085.65613115, 'E': 3604.9965325919525, 'I': 636172.512351933}}, 'model_parameters': [1.046971136711817, 1.0159962409523093, 1.288727955853189, 0.33313811631434587, 0.5803926759357956, 1.86982883836613, 1.3479794668587728, 0.7942256176223489, 0.014501113039025723, 6.229068494752547, 0.4602859190988726, 0.012429523787609451, 5.437414492325697, 0.9769379008229906], 'min_error': 0.06865900187101205, 'failure_mode': 'Flexure'}]",0.06865900187101205,Flexure
1137,-122.471123882872,37.7023490479221,"[daly,colm]",as_17_a,daly_colma_west_aerial,p_014,aerial daly city and colma west,"[red,yellow]",74.0,footings,2,"[{'column_id': 'col_01', 'type': 'spiral', 'fy': 60, 'fpc': 4.0, 'diameter': 60, 'nLongBars': 44, 'dLongBars': 1.375, 'sTranBars': 3, 'dTranBars': 0.625, 'axLoad': 0.1, 'height': 474.0, 'column_parameters': {'nd_params': {'a0': 7.8999999999999995, 'a1': 0.34661458333333334, 'a2': 0.05113269292952138, 'a3': 0.1, 'a4': 0.36363636363636365, 'a5': 0.31462226081708655}, 'strength_stiffness': {'strength': 130844.49561615229, 'stiffness': 72575939.91009587, 'E': 3604.9965325919525, 'I': 636172.512351933}}, 'model_parameters': [1.013746100581943, 0.996997470591384, 1.3226934182626755, 0.3390178713421387, 0.6566142010873479, 1.8522979504910893, 1.2757862335137957, 0.8028388552218417, 0.014307995168191699, 6.454086363019978, 0.44937805968248146, 0.012622865065838203, 5.535841871078348, 1.0682808568150428], 'min_error': 0.07012337681218532, 'failure_mode': 'Flexure'}, {'column_id': 'col_02', 'type': 'spiral', 'fy': 60, 'fpc': 4.0, 'diameter': 60, 'nLongBars': 44, 'dLongBars': 1.375, 'sTranBars': 3, 'dTranBars': 0.625, 'axLoad': 0.1, 'height': 474.0, 'column_parameters': {'nd_params': {'a0': 7.8999999999999995, 'a1': 0.34661458333333334, 'a2': 0.05113269292952138, 'a3': 0.1, 'a4': 0.36363636363636365, 'a5': 0.31462226081708655}, 'strength_stiffness': {'strength': 130844.49561615229, 'stiffness': 72575939.91009587, 'E': 3604.9965325919525, 'I': 636172.512351933}}, 'model_parameters': [1.013746100581943, 0.996997470591384, 1.3226934182626755, 0.3390178713421387, 0.6566142010873479, 1.8522979504910893, 1.2757862335137957, 0.8028388552218417, 0.014307995168191699, 6.454086363019978, 0.44937805968248146, 0.012622865065838203, 5.535841871078348, 1.0682808568150428], 'min_error': 0.07012337681218532, 'failure_mode': 'Flexure'}]",0.07012337681218532,Flexure
1138,-122.471131258944,37.7025586108896,"[daly,colm]",as_17_a,daly_colma_west_aerial,p_015,aerial daly city and colma west,"[red,yellow]",74.0,footings,2,"[{'column_id': 'col_01', 'type': 'spiral', 'fy': 60, 'fpc': 4.0, 'diameter': 60, 'nLongBars': 44, 'dLongBars': 1.375, 'sTranBars': 3, 'dTranBars': 0.625, 'axLoad': 0.1, 'height': 498.0, 'column_parameters': {'nd_params': {'a0': 8.3, 'a1': 0.34661458333333334, 'a2': 0.05113269292952138, 'a3': 0.1, 'a4': 0.36363636363636365, 'a5': 0.299459742223492}, 'strength_stiffness': {'strength': 130844.49561615229, 'stiffness': 69078304.251778, 'E': 3604.9965325919525, 'I': 636172.512351933}}, 'model_parameters': [1.082088234456321, 1.0093433648298393, 1.2931116379295216, 0.3463946593351236, 0.646688972296385, 1.8783527232365824, 1.3032383971191195, 0.80661090656194, 0.014131970698713137, 6.585268180241072, 0.4421424325293392, 0.01338622368908512, 5.509277071540061, 1.131110956627274], 'min_error': 0.07134582009524995, 'failure_mode': 'Flexure'}, {'column_id': 'col_02', 'type': 'spiral', 'fy': 60, 'fpc': 4.0, 'diameter': 60, 'nLongBars': 44, 'dLongBars': 1.375, 'sTranBars': 3, 'dTranBars': 0.625, 'axLoad': 0.1, 'height': 498.0, 'column_parameters': {'nd_params': {'a0': 8.3, 'a1': 0.34661458333333334, 'a2': 0.05113269292952138, 'a3': 0.1, 'a4': 0.36363636363636365, 'a5': 0.299459742223492}, 'strength_stiffness': {'strength': 130844.49561615229, 'stiffness': 69078304.251778, 'E': 3604.9965325919525, 'I': 636172.512351933}}, 'model_parameters': [1.082088234456321, 1.0093433648298393, 1.2931116379295216, 0.3463946593351236, 0.646688972296385, 1.8783527232365824, 1.3032383971191195, 0.80661090656194, 0.014131970698713137, 6.585268180241072, 0.4421424325293392, 0.01338622368908512, 5.509277071540061, 1.131110956627274], 'min_error': 0.07134582009524995, 'failure_mode': 'Flexure'}]",0.07134582009524995,Flexure
1139,-122.471131111383,37.7027805772523,"[daly,colm]",as_17_a,daly_colma_west_aerial,p_016,aerial daly city and colma west,"[red,yellow]",74.0,footings,2,"[{'column_id': 'col_01', 'type': 'spiral', 'fy': 60, 'fpc': 4.0, 'diameter': 60, 'nLongBars': 44, 'dLongBars': 1.375, 'sTranBars': 3, 'dTranBars': 0.625, 'axLoad': 0.1, 'height': 522.0, 'column_parameters': {'nd_params': {'a0': 8.7, 'a1': 0.34661458333333334, 'a2': 0.05113269292952138, 'a3': 0.1, 'a4': 0.36363636363636365, 'a5': 0.2856914782132165}, 'strength_stiffness': {'strength': 130844.49561615229, 'stiffness': 65902290.26319051, 'E': 3604.9965325919525, 'I': 636172.512351933}}, 'model_parameters': [1.1387316185821004, 1.0235591128133206, 1.2381453215778717, 0.3561233440832628, 0.6261943093703799, 1.930603497199332, 1.3613757136434181, 0.8089405922351313, 0.013917541566429386, 6.704322909658779, 0.43483397108866173, 0.014927435835138218, 5.473542977510415, 1.1949775975177637], 'min_error': 0.07265290915697518, 'failure_mode': 'Flexure'}, {'column_id': 'col_02', 'type': 'spiral', 'fy': 60, 'fpc': 4.0, 'diameter': 60, 'nLongBars': 44, 'dLongBars': 1.375, 'sTranBars': 3, 'dTranBars': 0.625, 'axLoad': 0.1, 'height': 522.0, 'column_parameters': {'nd_params': {'a0': 8.7, 'a1': 0.34661458333333334, 'a2': 0.05113269292952138, 'a3': 0.1, 'a4': 0.36363636363636365, 'a5': 0.2856914782132165}, 'strength_stiffness': {'strength': 130844.49561615229, 'stiffness': 65902290.26319051, 'E': 3604.9965325919525, 'I': 636172.512351933}}, 'model_parameters': [1.1387316185821004, 1.0235591128133206, 1.2381453215778717, 0.3561233440832628, 0.6261943093703799, 1.930603497199332, 1.3613757136434181, 0.8089405922351313, 0.013917541566429386, 6.704322909658779, 0.43483397108866173, 0.014927435835138218, 5.473542977510415, 1.1949775975177637], 'min_error': 0.07265290915697518, 'failure_mode': 'Flexure'}]",0.07265290915697518,Flexure
1140,-122.471104129678,37.7029824096243,"[daly,colm]",as_17_a,daly_colma_west_aerial,p_017,aerial daly city and colma west,"[red,yellow]",74.0,footings,2,"[{'column_id': 'col_01', 'type': 'spiral', 'fy': 60, 'fpc': 4.0, 'diameter': 60, 'nLongBars': 44, 'dLongBars': 1.375, 'sTranBars': 3, 'dTranBars': 0.625, 'axLoad': 0.1, 'height': 474.0, 'column_parameters': {'nd_params': {'a0': 7.8999999999999995, 'a1': 0.34661458333333334, 'a2': 0.05113269292952138, 'a3': 0.1, 'a4': 0.36363636363636365, 'a5': 0.31462226081708655}, 'strength_stiffness': {'strength': 130844.49561615229, 'stiffness': 72575939.91009587, 'E': 3604.9965325919525, 'I': 636172.512351933}}, 'model_parameters': [1.013746100581943, 0.996997470591384, 1.3226934182626755, 0.3390178713421387, 0.6566142010873479, 1.8522979504910893, 1.2757862335137957, 0.8028388552218417, 0.014307995168191699, 6.454086363019978, 0.44937805968248146, 0.012622865065838203, 5.535841871078348, 1.0682808568150428], 'min_error': 0.07012337681218532, 'failure_mode': 'Flexure'}, {'column_id': 'col_02', 'type': 'spiral', 'fy': 60, 'fpc': 4.0, 'diameter': 60, 'nLongBars': 44, 'dLongBars': 1.375, 'sTranBars': 3, 'dTranBars': 0.625, 'axLoad': 0.1, 'height': 474.0, 'column_parameters': {'nd_params': {'a0': 7.8999999999999995, 'a1': 0.34661458333333334, 'a2': 0.05113269292952138, 'a3': 0.1, 'a4': 0.36363636363636365, 'a5': 0.31462226081708655}, 'strength_stiffness': {'strength': 130844.49561615229, 'stiffness': 72575939.91009587, 'E': 3604.9965325919525, 'I': 636172.512351933}}, 'model_parameters': [1.013746100581943, 0.996997470591384, 1.3226934182626755, 0.3390178713421387, 0.6566142010873479, 1.8522979504910893, 1.2757862335137957, 0.8028388552218417, 0.014307995168191699, 6.454086363019978, 0.44937805968248146, 0.012622865065838203, 5.535841871078348, 1.0682808568150428], 'min_error': 0.07012337681218532, 'failure_mode': 'Flexure'}]",0.07012337681218532,Flexure
1141,-122.471082309091,37.7031957065501,"[daly,colm]",as_17_a,daly_colma_west_aerial,p_018,aerial daly city and colma west,"[red,yellow]",95.5,footings,2,"[{'column_id': 'col_01', 'type': 'spiral', 'fy': 60, 'fpc': 4.0, 'diameter': 60, 'nLongBars': 48, 'dLongBars': 1.75, 'sTranBars': 3, 'dTranBars': 0.625, 'axLoad': 0.1, 'height': 390.0, 'column_parameters': {'nd_params': {'a0': 6.5, 'a1': 0.6125000000000002, 'a2': 0.05113269292952138, 'a3': 0.1, 'a4': 0.2857142857142857, 'a5': 0.6177270012062378}, 'strength_stiffness': {'strength': 211372.68311872048, 'stiffness': 88207680.81380883, 'E': 3604.9965325919525, 'I': 636172.512351933}}, 'model_parameters': [1.2205403298693958, 1.0051583211279949, 1.3863728822086543, 0.25959877984018076, 0.548498492111165, 2.299912102800719, 1.3740271166503697, 0.8301362603376468, 0.009379213131878101, 7.628189196088698, 0.4086241247363871, 0.009108407123964702, 5.478415358213945, 0.5975549842461465], 'min_error': 0.06668466288558154, 'failure_mode': 'Flexure'}, {'column_id': 'col_02', 'type': 'spiral', 'fy': 60, 'fpc': 4.0, 'diameter': 60, 'nLongBars': 48, 'dLongBars': 1.75, 'sTranBars': 3, 'dTranBars': 0.625, 'axLoad': 0.1, 'height': 390.0, 'column_parameters': {'nd_params': {'a0': 6.5, 'a1': 0.6125000000000002, 'a2': 0.05113269292952138, 'a3': 0.1, 'a4': 0.2857142857142857, 'a5': 0.6177270012062378}, 'strength_stiffness': {'strength': 211372.68311872048, 'stiffness': 88207680.81380883, 'E': 3604.9965325919525, 'I': 636172.512351933}}, 'model_parameters': [1.2205403298693958, 1.0051583211279949, 1.3863728822086543, 0.25959877984018076, 0.548498492111165, 2.299912102800719, 1.3740271166503697, 0.8301362603376468, 0.009379213131878101, 7.628189196088698, 0.4086241247363871, 0.009108407123964702, 5.478415358213945, 0.5975549842461465], 'min_error': 0.06668466288558154, 'failure_mode': 'Flexure'}]",0.06668466288558154,Flexure
1142,-122.471038082654,37.7034621117484,"[daly,colm]",as_17_a,daly_colma_west_aerial,p_119,aerial daly city and colma west,"[red,yellow]",129.5,footings,1,"[{'column_id': 'col_01', 'type': 'spiral', 'fy': 60, 'fpc': 4.0, 'diameter': 72, 'nLongBars': 48, 'dLongBars': 2.25, 'sTranBars': 3, 'dTranBars': 0.625, 'axLoad': 0.1, 'height': 294.0, 'column_parameters': {'nd_params': {'a0': 4.083333333333333, 'a1': 0.7031250000000001, 'a2': 0.04261057744126781, 'a3': 0.1, 'a4': 0.2222222222222222, 'a5': 1.2710048690859974}, 'strength_stiffness': {'strength': 324688.86399150966, 'stiffness': 242632327.5675186, 'E': 3604.9965325919525, 'I': 1319167.3216129686}}, 'model_parameters': [0.8655287701520528, 1.0000835831928545, 1.041086688942853, 0.4248874425915764, 0.472604172311086, 3.6371175665843585, 1.546437695638377, 0.8010660010675625, 0.011845742434542221, 6.425335871804805, 0.32909728150339074, 0.013022084243092556, 5.7012573348863995, 0.44766947884686903], 'min_error': 0.05259249146516754, 'failure_mode': 'Flexure'}]",0.05259249146516754,Flexure
1143,-122.470867070218,37.7038956951496,"[daly,colm]",as_17_a,daly_colma_west_aerial,p_120,aerial daly city and colma west,"[red,yellow]",152.5,footings,1,"[{'column_id': 'col_01', 'type': 'spiral', 'fy': 60, 'fpc': 4.0, 'diameter': 72, 'nLongBars': 48, 'dLongBars': 2.25, 'sTranBars': 3, 'dTranBars': 0.625, 'axLoad': 0.1, 'height': 210.0, 'column_parameters': {'nd_params': {'a0': 2.9166666666666665, 'a1': 0.7031250000000001, 'a2': 0.04261057744126781, 'a3': 0.1, 'a4': 0.2222222222222222, 'a5': 1.611810624400978}, 'strength_stiffness': {'strength': 256035.74069043066, 'stiffness': 339685258.594526, 'E': 3604.9965325919525, 'I': 1319167.3216129686}}, 'model_parameters': [0.3669489356984222, 0.978711894656097, 1.6582783635445484, 0.17433554966686776, 0.17038584410128124, 1.2684108040608943, 2.12235460466461, 0.7834668132231021, 0.008872331056191202, 5.991326893156115, 0.8002609530967744, 0.018896401962776806, 3.7504039059351237, 1.1749738021913003], 'min_error': 0.05525704774516545, 'failure_mode': 'Shear'}]",0.05525704774516545,Shear
1144,-122.470639009895,37.7042537841831,"[daly,colm]",as_17_a,daly_colma_west_aerial,p_121,aerial daly city and colma west,"[red,yellow]",107.0,footings,1,"[{'column_id': 'col_01', 'type': 'spiral', 'fy': 60, 'fpc': 4.0, 'diameter': 72, 'nLongBars': 48, 'dLongBars': 2.25, 'sTranBars': 3, 'dTranBars': 0.625, 'axLoad': 0.1, 'height': 330.0, 'column_parameters': {'nd_params': {'a0': 4.583333333333334, 'a1': 0.7031250000000001, 'a2': 0.04261057744126781, 'a3': 0.1, 'a4': 0.2222222222222222, 'a5': 1.132349792458434}, 'strength_stiffness': {'strength': 364446.68407210265, 'stiffness': 216163346.37833473, 'E': 3604.9965325919525, 'I': 1319167.3216129686}}, 'model_parameters': [0.9350188099862948, 1.000804564301251, 1.1442937371819204, 0.3621222360530424, 0.4783441678323447, 3.3147865068333973, 1.680898539153179, 0.8102307043643034, 0.011467998817746676, 6.827026736137487, 0.33812220941457843, 0.011595964636751936, 5.659559869048929, 0.4393523122576942], 'min_error': 0.056115659173535073, 'failure_mode': 'Flexure'}]",0.056115659173535073,Flexure
1145,-122.470502311242,37.7044239316829,"[daly,colm]",as_17_a,daly_colma_west_aerial,p_122,aerial daly city and colma west,"[red,yellow]",73.0,footings,1,"[{'column_id': 'col_01', 'type': 'spiral', 'fy': 60, 'fpc': 4.0, 'diameter': 60, 'nLongBars': 48, 'dLongBars': 1.75, 'sTranBars': 3, 'dTranBars': 0.625, 'axLoad': 0.1, 'height': 342.0, 'column_parameters': {'nd_params': {'a0': 5.7, 'a1': 0.6125000000000002, 'a2': 0.05113269292952138, 'a3': 0.1, 'a4': 0.2857142857142857, 'a5': 0.7044255276913238}, 'strength_stiffness': {'strength': 211372.68311872048, 'stiffness': 100587706.1911855, 'E': 3604.9965325919525, 'I': 636172.512351933}}, 'model_parameters': [1.231583881509669, 1.002437824905506, 1.3555430933647352, 0.2388565663506486, 0.5224349238419038, 2.400174775466979, 1.508433457623975, 0.8228934291515424, 0.009724933956049979, 7.227937459148168, 0.4178375930909234, 0.008656941899856725, 5.471961979571107, 0.5251366531417145], 'min_error': 0.063387016911364, 'failure_mode': 'Flexure'}]",0.063387016911364,Flexure
1146,-122.470360154163,37.7045990047455,"[daly,colm]",as_17_a,daly_colma_west_aerial,p_123,aerial daly city and colma west,"[red,yellow]",74.0,footings,1,"[{'column_id': 'col_01', 'type': 'spiral', 'fy': 60, 'fpc': 4.0, 'diameter': 60, 'nLongBars': 48, 'dLongBars': 1.75, 'sTranBars': 3, 'dTranBars': 0.625, 'axLoad': 0.1, 'height': 366.0, 'column_parameters': {'nd_params': {'a0': 6.1000000000000005, 'a1': 0.6125000000000002, 'a2': 0.05113269292952138, 'a3': 0.1, 'a4': 0.2857142857142857, 'a5': 0.6582336898099256}, 'strength_stiffness': {'strength': 211372.68311872048, 'stiffness': 93991791.03110777, 'E': 3604.9965325919525, 'I': 636172.512351933}}, 'model_parameters': [1.301352526515611, 1.0037119903888116, 1.3738107094173553, 0.2470656468508136, 0.5358514915219665, 2.33932805942514, 1.4054900223356817, 0.8266757503988686, 0.009546712339300857, 7.431331148903964, 0.4137065518321423, 0.008824768386753256, 5.47319862584132, 0.5594998286093534], 'min_error': 0.06507874195555508, 'failure_mode': 'Flexure'}]",0.06507874195555508,Flexure
1147,-122.470217326539,37.7047677111247,"[daly,colm]",as_17_a,daly_colma_west_aerial,p_124,aerial daly city and colma west,"[red,yellow]",74.0,footings,1,"[{'column_id': 'col_01', 'type': 'spiral', 'fy': 60, 'fpc': 4.0, 'diameter': 60, 'nLongBars': 48, 'dLongBars': 1.75, 'sTranBars': 3, 'dTranBars': 0.625, 'axLoad': 0.1, 'height': 390.0, 'column_parameters': {'nd_params': {'a0': 6.5, 'a1': 0.6125000000000002, 'a2': 0.05113269292952138, 'a3': 0.1, 'a4': 0.2857142857142857, 'a5': 0.6177270012062378}, 'strength_stiffness': {'strength': 211372.68311872048, 'stiffness': 88207680.81380883, 'E': 3604.9965325919525, 'I': 636172.512351933}}, 'model_parameters': [1.2205403298693958, 1.0051583211279949, 1.3863728822086543, 0.25959877984018076, 0.548498492111165, 2.299912102800719, 1.3740271166503697, 0.8301362603376468, 0.009379213131878101, 7.628189196088698, 0.4086241247363871, 0.009108407123964702, 5.478415358213945, 0.5975549842461465], 'min_error': 0.06668466288558154, 'failure_mode': 'Flexure'}]",0.06668466288558154,Flexure
1148,-122.470074498909,37.7049470275461,"[daly,colm]",as_17_a,daly_colma_west_aerial,p_125,aerial daly city and colma west,"[red,yellow]",122.0,footings,1,"[{'column_id': 'col_01', 'type': 'spiral', 'fy': 60, 'fpc': 4.0, 'diameter': 72, 'nLongBars': 48, 'dLongBars': 1.75, 'sTranBars': 3, 'dTranBars': 0.625, 'axLoad': 0.1, 'height': 378.0, 'column_parameters': {'nd_params': {'a0': 5.25, 'a1': 0.4253472222222222, 'a2': 0.04261057744126781, 'a3': 0.1, 'a4': 0.2857142857142857, 'a5': 0.6403160336236537}, 'strength_stiffness': {'strength': 267304.4814250458, 'stiffness': 188714032.55251446, 'E': 3604.9965325919525, 'I': 1319167.3216129686}}, 'model_parameters': [1.0844027499144848, 1.0180904947382197, 1.210144497121568, 0.3378947852518537, 0.5111128241194763, 2.2131178166510077, 1.5840643706401631, 0.774137006369281, 0.008475613076801156, 5.582645727397829, 0.49137527693887284, 0.010707530709892391, 5.469132687307074, 0.7740596040154428], 'min_error': 0.062066737249727014, 'failure_mode': 'Flexure'}]",0.062066737249727014,Flexure
1149,-122.470862089407,37.7036104161441,"[daly,colm]",as_17_b,daly_colma_east_aerial,p_219,aerial daly city and colma east,"[red,yellow]",160.5,footings,1,"[{'column_id': 'col_01', 'type': 'spiral', 'fy': 60, 'fpc': 4.0, 'diameter': 72, 'nLongBars': 48, 'dLongBars': 2.25, 'sTranBars': 3, 'dTranBars': 0.625, 'axLoad': 0.1, 'height': 198.0, 'column_parameters': {'nd_params': {'a0': 2.75, 'a1': 0.7031250000000001, 'a2': 0.04261057744126781, 'a3': 0.1, 'a4': 0.2222222222222222, 'a5': 1.6742092915764886}, 'strength_stiffness': {'strength': 246493.15300515166, 'stiffness': 360272243.9638912, 'E': 3604.9965325919525, 'I': 1319167.3216129686}}, 'model_parameters': [0.3891094431690135, 0.9838376956640018, 1.6299722393721885, 0.16886142678916552, 0.16479429598213047, 1.4305464948909064, 2.2485068875584813, 0.7899278955622903, 0.008298849813901776, 5.903195788305432, 0.7878702922848707, 0.01997364530971748, 3.717696404459203, 1.2119888526578513], 'min_error': 0.05477515517833178, 'failure_mode': 'Shear'}]",0.05477515517833178,Shear
1150,-122.470630748886,37.7040242290771,"[daly,colm]",as_17_b,daly_colma_east_aerial,p_220,aerial daly city and colma east,"[red,yellow]",126.0,footings,1,"[{'column_id': 'col_01', 'type': 'spiral', 'fy': 60, 'fpc': 4.0, 'diameter': 72, 'nLongBars': 48, 'dLongBars': 2.25, 'sTranBars': 3, 'dTranBars': 0.625, 'axLoad': 0.1, 'height': 306.0, 'column_parameters': {'nd_params': {'a0': 4.25, 'a1': 0.7031250000000001, 'a2': 0.04261057744126781, 'a3': 0.1, 'a4': 0.2222222222222222, 'a5': 1.2211615408865466}, 'strength_stiffness': {'strength': 337941.47068504064, 'stiffness': 233117334.32957667, 'E': 3604.9965325919525, 'I': 1319167.3216129686}}, 'model_parameters': [0.8960755161508581, 1.0003159190453843, 1.0790841300942837, 0.4050797279232536, 0.4735842692442887, 3.517999270642741, 1.6043840154632334, 0.8043235258928, 0.011712991829090687, 6.567989544394778, 0.3327251159897142, 0.012473416229173905, 5.6853887484996175, 0.44256391159960284], 'min_error': 0.053831921493127786, 'failure_mode': 'Flexure'}]",0.053831921493127786,Flexure
1151,-122.470467804684,37.7042438673108,"[daly,colm]",as_17_b,daly_colma_east_aerial,p_221,aerial daly city and colma east,"[red,yellow]",82.5,footings,1,"[{'column_id': 'col_01', 'type': 'spiral', 'fy': 60, 'fpc': 4.0, 'diameter': 60, 'nLongBars': 44, 'dLongBars': 1.375, 'sTranBars': 3, 'dTranBars': 0.625, 'axLoad': 0.1, 'height': 318.0, 'column_parameters': {'nd_params': {'a0': 5.3, 'a1': 0.34661458333333334, 'a2': 0.05113269292952138, 'a3': 0.1, 'a4': 0.36363636363636365, 'a5': 0.46896525668961947}, 'strength_stiffness': {'strength': 130844.49561615229, 'stiffness': 108179231.18674669, 'E': 3604.9965325919525, 'I': 636172.512351933}}, 'model_parameters': [1.129749940299239, 1.0404221294840623, 1.217953221409764, 0.38188469835602906, 0.5181804955178548, 1.8724358000524757, 1.6323962691990177, 0.7566233852759956, 0.014656016951545467, 5.23848351680998, 0.5032404679380905, 0.011611810202666425, 4.486817667814751, 0.7223969170397936], 'min_error': 0.06552303449923236, 'failure_mode': 'Flexure'}]",0.06552303449923236,Flexure
1152,-122.470322294841,37.7044242460505,"[daly,colm]",as_17_b,daly_colma_east_aerial,p_222,aerial daly city and colma east,"[red,yellow]",74.0,footings,1,"[{'column_id': 'col_01', 'type': 'spiral', 'fy': 60, 'fpc': 4.0, 'diameter': 60, 'nLongBars': 44, 'dLongBars': 1.375, 'sTranBars': 3, 'dTranBars': 0.625, 'axLoad': 0.1, 'height': 354.0, 'column_parameters': {'nd_params': {'a0': 5.9, 'a1': 0.34661458333333334, 'a2': 0.05113269292952138, 'a3': 0.1, 'a4': 0.36363636363636365, 'a5': 0.421273874653387}, 'strength_stiffness': {'strength': 130844.49561615229, 'stiffness': 97177953.43894194, 'E': 3604.9965325919525, 'I': 636172.512351933}}, 'model_parameters': [1.2398261783190327, 1.000821745404589, 1.3740796469915282, 0.357767794583464, 0.4280548228853097, 1.8015376744072729, 1.414065945017193, 0.7676697363124535, 0.014682982878408874, 5.5468312993134035, 0.48859755229603663, 0.0112287676448918, 5.492866233373887, 0.787676496676075], 'min_error': 0.06474320368286168, 'failure_mode': 'Flexure'}]",0.06474320368286168,Flexure
1153,-122.470177455569,37.7045929528236,"[daly,colm]",as_17_b,daly_colma_east_aerial,p_223,aerial daly city and colma east,"[red,yellow]",74.0,footings,1,"[{'column_id': 'col_01', 'type': 'spiral', 'fy': 60, 'fpc': 4.0, 'diameter': 60, 'nLongBars': 44, 'dLongBars': 1.375, 'sTranBars': 3, 'dTranBars': 0.625, 'axLoad': 0.1, 'height': 378.0, 'column_parameters': {'nd_params': {'a0': 6.300000000000001, 'a1': 0.34661458333333334, 'a2': 0.05113269292952138, 'a3': 0.1, 'a4': 0.36363636363636365, 'a5': 0.39452632705634655}, 'strength_stiffness': {'strength': 130844.49561615229, 'stiffness': 91007924.64916784, 'E': 3604.9965325919525, 'I': 636172.512351933}}, 'model_parameters': [1.1995364610696109, 1.0032273638423794, 1.3844728495882586, 0.3438277633256772, 0.4682103086025282, 1.7936872873010676, 1.3402939553032724, 0.7752394573380984, 0.014664002484882973, 5.758836073012955, 0.4797968510263948, 0.010764366300632773, 5.696650251851915, 0.8372017759598137], 'min_error': 0.06544589540262916, 'failure_mode': 'Flexure'}]",0.06544589540262916,Flexure
1154,-122.470031945732,37.7047690865327,"[daly,colm]",as_17_b,daly_colma_east_aerial,p_224,aerial daly city and colma east,"[red,yellow]",74.0,footings,1,"[{'column_id': 'col_01', 'type': 'spiral', 'fy': 60, 'fpc': 4.0, 'diameter': 60, 'nLongBars': 44, 'dLongBars': 1.375, 'sTranBars': 3, 'dTranBars': 0.625, 'axLoad': 0.1, 'height': 402.0, 'column_parameters': {'nd_params': {'a0': 6.7, 'a1': 0.34661458333333334, 'a2': 0.05113269292952138, 'a3': 0.1, 'a4': 0.36363636363636365, 'a5': 0.3709725164858184}, 'strength_stiffness': {'strength': 130844.49561615229, 'stiffness': 85574615.71488917, 'E': 3604.9965325919525, 'I': 636172.512351933}}, 'model_parameters': [1.0671989553220793, 1.0133460694441543, 1.3197551915427705, 0.3356162839040906, 0.5331680727431696, 1.8177260265721722, 1.3428568302945616, 0.7831252403822417, 0.014619501724516978, 5.960646176775516, 0.4716596680077824, 0.01157899267999653, 5.4810503233030845, 0.890727667122747], 'min_error': 0.06688570058292408, 'failure_mode': 'Flexure'}]",0.06688570058292408,Flexure
1155,-122.469892971756,37.7049359475558,"[daly,colm]",as_17_b,daly_colma_east_aerial,p_225,aerial daly city and colma east,"[red,yellow]",107.0,footings,1,"[{'column_id': 'col_01', 'type': 'spiral', 'fy': 60, 'fpc': 4.0, 'diameter': 72, 'nLongBars': 44, 'dLongBars': 1.375, 'sTranBars': 3, 'dTranBars': 0.625, 'axLoad': 0.1, 'height': 402.0, 'column_parameters': {'nd_params': {'a0': 5.583333333333334, 'a1': 0.24070457175925924, 'a2': 0.04261057744126781, 'a3': 0.1, 'a4': 0.36363636363636365, 'a5': 0.3844259909142242}, 'strength_stiffness': {'strength': 170670.6564219641, 'stiffness': 177447523.1463942, 'E': 3604.9965325919525, 'I': 1319167.3216129686}}, 'model_parameters': [1.1060001589627493, 1.0265435467438784, 1.26903548593076, 0.3920729680148148, 0.5065787757335215, 1.594000230767879, 1.4729367543116012, 0.7388601944860995, 0.007794045549358124, 4.741895024278897, 0.6152022735582842, 0.012050837943151338, 6.2681226464401325, 1.1255900384072561], 'min_error': 0.06312527730419076, 'failure_mode': 'Flexure'}]",0.06312527730419076,Flexure
1156,-122.29536909379691,37.896828087837186,"[ecpz,nbrk]",as_05,cerrpza_norber_aerial,p_1_001,aerial el cerrito plaza to north berkeley,"[red,orange]",74.0,footings,1,"[{'column_id': 'col_01', 'type': 'spiral', 'fy': 60, 'fpc': 4.0, 'diameter': 60, 'nLongBars': 48, 'dLongBars': 2.257, 'sTranBars': 3, 'dTranBars': 0.625, 'axLoad': 0.1, 'height': 213.55200000000008, 'column_parameters': {'nd_params': {'a0': 3.559200000000001, 'a1': 1.0188098000000003, 'a2': 0.05113269292952138, 'a3': 0.1, 'a4': 0.2215330084182543, 'a5': 1.7324022256354776}, 'strength_stiffness': {'strength': 193044.61715396546, 'stiffness': 161089549.69930243, 'E': 3604.9965325919525, 'I': 636172.512351933}}, 'model_parameters': [0.5207747634923866, 0.9687772517930663, 1.7865128010175373, 0.11208273686929254, 0.05542289647456126, 0.27179408841612634, 1.6396301623375997, 0.875660437897845, 0.008450304506890507, 7.2845384422856005, 0.7227387380035346, 0.021801589279510238, 3.4334842432997092, 1.3134410646575585], 'min_error': 0.05414627121029641, 'failure_mode': 'Shear'}]",0.05414627121029641,Shear
1157,-122.29543331673926,37.89702706080009,"[ecpz,nbrk]",as_05,cerrpza_norber_aerial,p_1_002,aerial el cerrito plaza to north berkeley,"[red,orange]",74.0,footings,1,"[{'column_id': 'col_01', 'type': 'spiral', 'fy': 60, 'fpc': 4.0, 'diameter': 60, 'nLongBars': 48, 'dLongBars': 2.257, 'sTranBars': 3, 'dTranBars': 0.625, 'axLoad': 0.1, 'height': 233.35199999999998, 'column_parameters': {'nd_params': {'a0': 3.8891999999999998, 'a1': 1.0188098000000003, 'a2': 0.05113269292952138, 'a3': 0.1, 'a4': 0.2215330084182543, 'a5': 1.6221464802306238}, 'strength_stiffness': {'strength': 206165.675221224, 'stiffness': 147421044.24811208, 'E': 3604.9965325919525, 'I': 636172.512351933}}, 'model_parameters': [0.4782995225236688, 0.9579314245474916, 1.8444680340947195, 0.1278934016074086, 0.06730716434344175, -0.030066475086700236, 1.4114895809653287, 0.8609574390304595, 0.00956750024904499, 7.508203157468692, 0.7489619487014146, 0.019655899908309037, 3.5127172415377483, 1.3295886037584075], 'min_error': 0.05502362877479288, 'failure_mode': 'Shear'}]",0.05502362877479288,Shear
1158,-122.29549855189512,37.89722573541515,"[ecpz,nbrk]",as_05,cerrpza_norber_aerial,p_1_003,aerial el cerrito plaza to north berkeley,"[red,orange]",74.0,footings,1,"[{'column_id': 'col_01', 'type': 'spiral', 'fy': 60, 'fpc': 4.0, 'diameter': 60, 'nLongBars': 48, 'dLongBars': 2.257, 'sTranBars': 3, 'dTranBars': 0.625, 'axLoad': 0.1, 'height': 228.37200000000007, 'column_parameters': {'nd_params': {'a0': 3.806200000000001, 'a1': 1.0188098000000003, 'a2': 0.05113269292952138, 'a3': 0.1, 'a4': 0.2215330084182543, 'a5': 1.6485349871307866}, 'strength_stiffness': {'strength': 202865.53031339843, 'stiffness': 150635785.1110707, 'E': 3604.9965325919525, 'I': 636172.512351933}}, 'model_parameters': [0.4890680373448578, 0.9607147056950277, 1.829698619681001, 0.12351689783781145, 0.06423598841116718, 0.043920298329945574, 1.466684938905403, 0.8648483570066663, 0.00928806481963165, 7.4526055566196545, 0.7421957772268057, 0.020196860705529437, 3.491327441927078, 1.3250081896897106], 'min_error': 0.05481071481863785, 'failure_mode': 'Shear'}]",0.05481071481863785,Shear
1159,-122.29556552553258,37.89742404295494,"[ecpz,nbrk]",as_05,cerrpza_norber_aerial,p_1_004,aerial el cerrito plaza to north berkeley,"[red,orange]",74.0,footings,1,"[{'column_id': 'col_01', 'type': 'spiral', 'fy': 60, 'fpc': 4.0, 'diameter': 60, 'nLongBars': 48, 'dLongBars': 2.257, 'sTranBars': 3, 'dTranBars': 0.625, 'axLoad': 0.1, 'height': 210.58800000000008, 'column_parameters': {'nd_params': {'a0': 3.509800000000001, 'a1': 1.0188098000000003, 'a2': 0.05113269292952138, 'a3': 0.1, 'a4': 0.2215330084182543, 'a5': 1.7502101941569312}, 'strength_stiffness': {'strength': 191080.43452207887, 'stiffness': 163356865.14609298, 'E': 3604.9965325919525, 'I': 636172.512351933}}, 'model_parameters': [0.5270433756846467, 0.970347122840877, 1.7780242056784552, 0.11010565032052196, 0.053723546469522994, 0.31886052573059537, 1.6759033234355223, 0.8776742118568206, 0.008281630332113285, 7.250288927666219, 0.7189788231461348, 0.02212154291076179, 3.4230418387277046, 1.311485308352354], 'min_error': 0.05400740665008603, 'failure_mode': 'Shear'}]",0.05400740665008603,Shear
1160,-122.2956349525421,37.897621730828995,"[ecpz,nbrk]",as_05,cerrpza_norber_aerial,p_1_005,aerial el cerrito plaza to north berkeley,"[red,orange]",80.5,footings,1,"[{'column_id': 'col_01', 'type': 'spiral', 'fy': 60, 'fpc': 4.0, 'diameter': 60, 'nLongBars': 48, 'dLongBars': 2.257, 'sTranBars': 3, 'dTranBars': 0.625, 'axLoad': 0.1, 'height': 191.98799999999994, 'column_parameters': {'nd_params': {'a0': 3.199799999999999, 'a1': 1.0188098000000003, 'a2': 0.05113269292952138, 'a3': 0.1, 'a4': 0.2215330084182543, 'a5': 1.8708941710781726}, 'strength_stiffness': {'strength': 178754.59209526007, 'stiffness': 179183050.59371135, 'E': 3604.9965325919525, 'I': 636172.512351933}}, 'model_parameters': [0.5656087528870406, 0.9798315958591212, 1.7260386494164681, 0.10035081664904802, 0.04360596133243039, 0.6270980542810792, 1.9180715501364705, 0.8890276604076309, 0.007211378480196198, 7.027558434616138, 0.6965197186075158, 0.024120781914589228, 3.367238142253318, 1.305818271587312], 'min_error': 0.05308438523322721, 'failure_mode': 'Shear'}]",0.05308438523322721,Shear
1161,-122.29571972996712,37.89785066886838,"[ecpz,nbrk]",as_05,cerrpza_norber_aerial,p_1_006,aerial el cerrito plaza to north berkeley,"[red,orange]",81.5,footings,1,"[{'column_id': 'col_01', 'type': 'spiral', 'fy': 60, 'fpc': 4.0, 'diameter': 60, 'nLongBars': 48, 'dLongBars': 2.257, 'sTranBars': 3, 'dTranBars': 0.625, 'axLoad': 0.1, 'height': 207.31199999999995, 'column_parameters': {'nd_params': {'a0': 3.4551999999999996, 'a1': 1.0188098000000003, 'a2': 0.05113269292952138, 'a3': 0.1, 'a4': 0.2215330084182543, 'a5': 1.7703235242161979}, 'strength_stiffness': {'strength': 188909.49582367783, 'stiffness': 165938274.2792769, 'E': 3604.9965325919525, 'I': 636172.512351933}}, 'model_parameters': [0.5339378621189546, 0.9720645127135603, 1.7687039470676422, 0.10804931053563588, 0.05187166639828289, 0.37150255250906283, 1.716696082394254, 0.8798380581968583, 0.008094719529359713, 7.212111537416845, 0.7148778895991867, 0.02247476270484289, 3.411969267738073, 1.3095055126791244], 'min_error': 0.0538514360585511, 'failure_mode': 'Shear'}]",0.0538514360585511,Shear
1162,-122.29579832585783,37.89804991472283,"[ecpz,nbrk]",as_05,cerrpza_norber_aerial,p_1_007,aerial el cerrito plaza to north berkeley,"[red,orange]",76.0,footings,1,"[{'column_id': 'col_01', 'type': 'spiral', 'fy': 60, 'fpc': 4.0, 'diameter': 60, 'nLongBars': 48, 'dLongBars': 2.257, 'sTranBars': 3, 'dTranBars': 0.625, 'axLoad': 0.1, 'height': 198.81599999999997, 'column_parameters': {'nd_params': {'a0': 3.3135999999999997, 'a1': 1.0188098000000003, 'a2': 0.05113269292952138, 'a3': 0.1, 'a4': 0.2215330084182543, 'a5': 1.8247057814860594}, 'strength_stiffness': {'strength': 183279.36908936323, 'stiffness': 173029311.1086907, 'E': 3604.9965325919525, 'I': 636172.512351933}}, 'model_parameters': [0.5516272276356228, 0.9764271805477588, 1.7448515737789234, 0.10337673336167545, 0.04720477056203836, 0.5112260671653319, 1.8261026225147572, 0.8851307862796842, 0.007607163145267999, 7.111189778406746, 0.7045247023129058, 0.02338867609017538, 3.385670634339304, 1.30582283675744], 'min_error': 0.05343411598187471, 'failure_mode': 'Shear'}]",0.05343411598187471,Shear
1163,-122.29588169296511,37.898247917831384,"[ecpz,nbrk]",as_05,cerrpza_norber_aerial,p_1_008,aerial el cerrito plaza to north berkeley,"[red,orange]",76.0,footings,1,"[{'column_id': 'col_01', 'type': 'spiral', 'fy': 60, 'fpc': 4.0, 'diameter': 60, 'nLongBars': 48, 'dLongBars': 2.257, 'sTranBars': 3, 'dTranBars': 0.625, 'axLoad': 0.1, 'height': 189.51600000000008, 'column_parameters': {'nd_params': {'a0': 3.158600000000001, 'a1': 1.0188098000000003, 'a2': 0.05113269292952138, 'a3': 0.1, 'a4': 0.2215330084182543, 'a5': 1.888198009925662}, 'strength_stiffness': {'strength': 177116.44787595395, 'stiffness': 181520270.14809003, 'E': 3604.9965325919525, 'I': 636172.512351933}}, 'model_parameters': [0.5706113065387066, 0.9810403586450639, 1.7193112042278718, 0.0994231915630168, 0.04233863794485886, 0.66988717400539, 1.9523150724336695, 0.8903548771706822, 0.007066940588653462, 6.99659784464451, 0.69369556191069, 0.02438527452835462, 3.3611983072280713, 1.306937901966236], 'min_error': 0.05295440812922446, 'failure_mode': 'Shear'}]",0.05295440812922446,Shear
1164,-122.29596970538294,37.89844463065735,"[ecpz,nbrk]",as_05,cerrpza_norber_aerial,p_1_009,aerial el cerrito plaza to north berkeley,"[red,orange]",76.0,footings,1,"[{'column_id': 'col_01', 'type': 'spiral', 'fy': 60, 'fpc': 4.0, 'diameter': 60, 'nLongBars': 48, 'dLongBars': 2.257, 'sTranBars': 3, 'dTranBars': 0.625, 'axLoad': 0.1, 'height': 180.01200000000006, 'column_parameters': {'nd_params': {'a0': 3.000200000000001, 'a1': 1.0188098000000003, 'a2': 0.05113269292952138, 'a3': 0.1, 'a4': 0.2215330084182543, 'a5': 1.95781626491215}, 'strength_stiffness': {'strength': 170818.3400036698, 'stiffness': 191103901.5031522, 'E': 3604.9965325919525, 'I': 636172.512351933}}, 'model_parameters': [0.5895116357682972, 0.98556191798023, 1.693890346567608, 0.09672137142766979, 0.03765523943755493, 0.8388535429420134, 2.089001473818199, 0.8950134709978548, 0.006504242318993597, 6.8733742137344915, 0.6832305052254217, 0.025399194568256206, 3.341342086661785, 1.3201717866279765], 'min_error': 0.052436836107883966, 'failure_mode': 'Shear'}]",0.052436836107883966,Shear
1165,-122.29606263155853,37.89863997219813,"[ecpz,nbrk]",as_05,cerrpza_norber_aerial,p_1_010,aerial el cerrito plaza to north berkeley,"[red,orange]",76.0,footings,1,"[{'column_id': 'col_01', 'type': 'spiral', 'fy': 60, 'fpc': 4.0, 'diameter': 60, 'nLongBars': 48, 'dLongBars': 2.257, 'sTranBars': 3, 'dTranBars': 0.625, 'axLoad': 0.1, 'height': 170.51999999999992, 'column_parameters': {'nd_params': {'a0': 2.8419999999999987, 'a1': 1.0188098000000003, 'a2': 0.05113269292952138, 'a3': 0.1, 'a4': 0.2215330084182543, 'a5': 2.0326664750611814}, 'strength_stiffness': {'strength': 164528.18428778995, 'stiffness': 201741704.88731796, 'E': 3604.9965325919525, 'I': 636172.512351933}}, 'model_parameters': [0.6077974468074564, 0.9898625284028368, 1.6692655750365917, 0.09542906693802991, 0.03330310181944654, 1.0152772924848694, 2.234175588645957, 0.8989018140504157, 0.005927816685042037, 6.7419186320529265, 0.673454843258221, 0.026406732543504917, 3.327302420302932, 1.3525715170254735], 'min_error': 0.051889187800576254, 'failure_mode': 'Shear'}]",0.051889187800576254,Shear
1166,-122.29616015807022,37.898833881287196,"[ecpz,nbrk]",as_05,cerrpza_norber_aerial,p_1_011,aerial el cerrito plaza to north berkeley,"[red,orange]",76.0,footings,1,"[{'column_id': 'col_01', 'type': 'spiral', 'fy': 60, 'fpc': 4.0, 'diameter': 60, 'nLongBars': 48, 'dLongBars': 2.257, 'sTranBars': 3, 'dTranBars': 0.625, 'axLoad': 0.1, 'height': 257.0160000000001, 'column_parameters': {'nd_params': {'a0': 4.283600000000002, 'a1': 1.0188098000000003, 'a2': 0.05113269292952138, 'a3': 0.1, 'a4': 0.2215330084182543, 'a5': 1.4830595874241128}, 'strength_stiffness': {'strength': 225500.66581299185, 'stiffness': 133847680.75678337, 'E': 3604.9965325919525, 'I': 636172.512351933}}, 'model_parameters': [0.4318165477123813, 0.9452721420280552, 1.91268286696079, 0.15033275991456146, 0.08106332620534591, -0.40138249411731186, 1.1269194889254806, 0.8444361013634795, 0.010920924890211622, 7.797651660184867, 0.7793729410307392, 0.017098490969739377, 3.599449642233517, 1.3369442385689372], 'min_error': 0.056114456113208755, 'failure_mode': 'Shear'}]",0.056114456113208755,Shear
1167,-122.29626226929214,37.89902628398836,"[ecpz,nbrk]",as_05,cerrpza_norber_aerial,p_1_012,aerial el cerrito plaza to north berkeley,"[red,orange]",76.0,footings,1,"[{'column_id': 'col_01', 'type': 'spiral', 'fy': 60, 'fpc': 4.0, 'diameter': 60, 'nLongBars': 48, 'dLongBars': 2.257, 'sTranBars': 3, 'dTranBars': 0.625, 'axLoad': 0.1, 'height': 259.51200000000006, 'column_parameters': {'nd_params': {'a0': 4.325200000000001, 'a1': 1.0188098000000003, 'a2': 0.05113269292952138, 'a3': 0.1, 'a4': 0.2215330084182543, 'a5': 1.4687954426824033}, 'strength_stiffness': {'strength': 227690.60597963215, 'stiffness': 132560326.75708807, 'E': 3604.9965325919525, 'I': 636172.512351933}}, 'model_parameters': [0.42701276810117667, 0.9439201083979808, 1.919936286533201, 0.15298256606407262, 0.08253912720500133, -0.43996185885946215, 1.097565370088811, 0.8426351107077726, 0.011063135818652061, 7.828701178602682, 0.7826322314288781, 0.016828354380001558, 3.609040183506162, 1.337916612479742], 'min_error': 0.05622716611462363, 'failure_mode': 'Shear'}]",0.05622716611462363,Shear
1168,-122.29636901210233,37.899217110907635,"[ecpz,nbrk]",as_05,cerrpza_norber_aerial,p_1_013,aerial el cerrito plaza to north berkeley,"[red,orange]",76.0,footings,1,"[{'column_id': 'col_01', 'type': 'spiral', 'fy': 60, 'fpc': 4.0, 'diameter': 60, 'nLongBars': 48, 'dLongBars': 2.257, 'sTranBars': 3, 'dTranBars': 0.625, 'axLoad': 0.1, 'height': 262.00800000000004, 'column_parameters': {'nd_params': {'a0': 4.3668000000000005, 'a1': 1.0188098000000003, 'a2': 0.05113269292952138, 'a3': 0.1, 'a4': 0.2215330084182543, 'a5': 1.454803070598592}, 'strength_stiffness': {'strength': 229880.54614627245, 'stiffness': 131297500.5243559, 'E': 3604.9965325919525, 'I': 636172.512351933}}, 'model_parameters': [0.42218040260195483, 0.9425568438325815, 1.9272287356026525, 0.15569152126487845, 0.08403154905367007, -0.47814935360923455, 1.0686536751815252, 0.840795071160493, 0.011204904895002372, 7.8596181710557875, 0.7859260655309348, 0.01655795716394473, 3.618926591149909, 1.3391046053041233], 'min_error': 0.056338306239863495, 'failure_mode': 'Shear'}]",0.056338306239863495,Shear
1169,-122.29648032249433,37.8994062943373,"[ecpz,nbrk]",as_05,cerrpza_norber_aerial,p_1_014,aerial el cerrito plaza to north berkeley,"[red,orange]",76.0,footings,1,"[{'column_id': 'col_01', 'type': 'spiral', 'fy': 60, 'fpc': 4.0, 'diameter': 60, 'nLongBars': 48, 'dLongBars': 2.257, 'sTranBars': 3, 'dTranBars': 0.625, 'axLoad': 0.1, 'height': 252.50400000000002, 'column_parameters': {'nd_params': {'a0': 4.2084, 'a1': 1.0188098000000003, 'a2': 0.05113269292952138, 'a3': 0.1, 'a4': 0.2215330084182543, 'a5': 1.5095604145732182}, 'strength_stiffness': {'strength': 221541.9278194497, 'stiffness': 136239408.15743688, 'E': 3604.9965325919525, 'I': 636172.512351933}}, 'model_parameters': [0.4404302069040719, 0.9476866296519222, 1.8996736901979225, 0.14570377409333368, 0.07843929876155684, -0.33061098580447584, 1.1811477117928326, 0.8475889132450081, 0.010662695874769286, 7.7411711615331145, 0.7735721086874398, 0.01758612851405872, 3.582891981482861, 1.3357466927645993], 'min_error': 0.05590657725113735, 'failure_mode': 'Shear'}]",0.05590657725113735,Shear
1170,-122.29659615718431,37.8995937635071,"[ecpz,nbrk]",as_05,cerrpza_norber_aerial,p_1_015,aerial el cerrito plaza to north berkeley,"[red,orange]",76.0,footings,1,"[{'column_id': 'col_01', 'type': 'spiral', 'fy': 60, 'fpc': 4.0, 'diameter': 60, 'nLongBars': 48, 'dLongBars': 2.257, 'sTranBars': 3, 'dTranBars': 0.625, 'axLoad': 0.1, 'height': 255.0, 'column_parameters': {'nd_params': {'a0': 4.25, 'a1': 1.0188098000000003, 'a2': 0.05113269292952138, 'a3': 0.1, 'a4': 0.2215330084182543, 'a5': 1.4947844820446898}, 'strength_stiffness': {'strength': 223731.86798609, 'stiffness': 134905864.77406058, 'E': 3604.9965325919525, 'I': 636172.512351933}}, 'model_parameters': [0.43567619922734196, 0.946355745065502, 1.9068536115013452, 0.14823802752387416, 0.0798838002645712, -0.3699282992313451, 1.150960443787762, 0.845861457380984, 0.0108057324036373, 7.772473183814567, 0.7767663482217964, 0.017316482721545175, 3.591925362971866, 1.3363190653052122], 'min_error': 0.05602224355969776, 'failure_mode': 'Shear'}]",0.05602224355969776,Shear
1171,-122.29671647302,37.89977945313814,"[ecpz,nbrk]",as_05,cerrpza_norber_aerial,p_1_016,aerial el cerrito plaza to north berkeley,"[red,orange]",76.0,footings,1,"[{'column_id': 'col_01', 'type': 'spiral', 'fy': 60, 'fpc': 4.0, 'diameter': 60, 'nLongBars': 48, 'dLongBars': 2.257, 'sTranBars': 3, 'dTranBars': 0.625, 'axLoad': 0.1, 'height': 257.496, 'column_parameters': {'nd_params': {'a0': 4.2916, 'a1': 1.0188098000000003, 'a2': 0.05113269292952138, 'a3': 0.1, 'a4': 0.2215330084182543, 'a5': 1.48029500621911}, 'strength_stiffness': {'strength': 225921.8081527303, 'stiffness': 133598174.40808962, 'E': 3604.9965325919525, 'I': 636172.512351933}}, 'model_parameters': [0.4308949251076333, 0.9450130230618575, 1.9140746710897172, 0.15083758623788618, 0.08134582065099714, -0.40883256968921267, 1.1212395041517462, 0.8440928427896194, 0.01094830795808281, 7.803633226857787, 0.7799969978787674, 0.017046562221175655, 3.6012705966753082, 1.3371142942689653], 'min_error': 0.056136255170708145, 'failure_mode': 'Shear'}]",0.056136255170708145,Shear
1172,-122.29684123704348,37.899963289555636,"[ecpz,nbrk]",as_05,cerrpza_norber_aerial,p_1_017,aerial el cerrito plaza to north berkeley,"[red,orange]",76.0,footings,1,"[{'column_id': 'col_01', 'type': 'spiral', 'fy': 60, 'fpc': 4.0, 'diameter': 60, 'nLongBars': 48, 'dLongBars': 2.257, 'sTranBars': 3, 'dTranBars': 0.625, 'axLoad': 0.1, 'height': 247.99199999999996, 'column_parameters': {'nd_params': {'a0': 4.1331999999999995, 'a1': 1.0188098000000003, 'a2': 0.05113269292952138, 'a3': 0.1, 'a4': 0.2215330084182543, 'a5': 1.5370255609914674}, 'strength_stiffness': {'strength': 217583.18982590752, 'stiffness': 138718166.38192138, 'E': 3604.9965325919525, 'I': 636172.512351933}}, 'model_parameters': [0.4489562889327714, 0.9500612689305623, 1.8868030001259712, 0.1412995019606927, 0.07587424636166384, -0.25844902200942893, 1.2369457685228733, 0.8506031696190487, 0.01040292656726371, 7.684204101118758, 0.7678938462925778, 0.01807284129051766, 3.567384130691028, 1.335289222332571], 'min_error': 0.05569312806478512, 'failure_mode': 'Shear'}]",0.05569312806478512,Shear
1173,-122.29697038277503,37.900145246289874,"[ecpz,nbrk]",as_05,cerrpza_norber_aerial,p_1_018,aerial el cerrito plaza to north berkeley,"[red,orange]",76.0,footings,1,"[{'column_id': 'col_01', 'type': 'spiral', 'fy': 60, 'fpc': 4.0, 'diameter': 60, 'nLongBars': 48, 'dLongBars': 2.257, 'sTranBars': 3, 'dTranBars': 0.625, 'axLoad': 0.1, 'height': 250.5, 'column_parameters': {'nd_params': {'a0': 4.175, 'a1': 1.0188098000000003, 'a2': 0.05113269292952138, 'a3': 0.1, 'a4': 0.2215330084182543, 'a5': 1.5216368978898043}, 'strength_stiffness': {'strength': 219783.65855104133, 'stiffness': 137329323.42269638, 'E': 3604.9965325919525, 'I': 636172.512351933}}, 'model_parameters': [0.44422773819573147, 0.9487463699136182, 1.893939647381312, 0.14371866163314787, 0.07729256420361079, -0.2987364292861413, 1.2057315378988924, 0.8489452402359561, 0.01054751335950609, 7.715932003120765, 0.7710345908473472, 0.01780241859890961, 3.5758712263012926, 1.3354509335336562], 'min_error': 0.05581247951065872, 'failure_mode': 'Shear'}]",0.05581247951065872,Shear
1174,-122.29710324051875,37.900325580729046,"[ecpz,nbrk]",as_05,cerrpza_norber_aerial,p_1_019,aerial el cerrito plaza to north berkeley,"[red,orange]",76.0,footings,1,"[{'column_id': 'col_01', 'type': 'spiral', 'fy': 60, 'fpc': 4.0, 'diameter': 60, 'nLongBars': 48, 'dLongBars': 2.257, 'sTranBars': 3, 'dTranBars': 0.625, 'axLoad': 0.1, 'height': 253.54800000000006, 'column_parameters': {'nd_params': {'a0': 4.2258000000000004, 'a1': 1.0188098000000003, 'a2': 0.05113269292952138, 'a3': 0.1, 'a4': 0.2215330084182543, 'a5': 1.5033447036513632}, 'strength_stiffness': {'strength': 222457.912408381, 'stiffness': 135678433.737933, 'E': 3604.9965325919525, 'I': 636172.512351933}}, 'model_parameters': [0.43844503267672175, 0.9471314241311863, 1.9026717475419164, 0.14675560837337415, 0.07904132475875812, -0.34710724152819017, 1.1684636894982627, 0.8468714569518935, 0.010722580408186948, 7.754281511232126, 0.7749036621690757, 0.01747337791720245, 3.5866318362927943, 1.3359587437525986], 'min_error': 0.05595516135422596, 'failure_mode': 'Shear'}]",0.05595516135422596,Shear
1175,-122.29723910312228,37.90050457830177,"[ecpz,nbrk]",as_05,cerrpza_norber_aerial,p_1_020,aerial el cerrito plaza to north berkeley,"[red,orange]",76.0,footings,1,"[{'column_id': 'col_01', 'type': 'spiral', 'fy': 60, 'fpc': 4.0, 'diameter': 60, 'nLongBars': 48, 'dLongBars': 2.257, 'sTranBars': 3, 'dTranBars': 0.625, 'axLoad': 0.1, 'height': 246.37200000000007, 'column_parameters': {'nd_params': {'a0': 4.106200000000001, 'a1': 1.0188098000000003, 'a2': 0.05113269292952138, 'a3': 0.1, 'a4': 0.2215330084182543, 'a5': 1.5471321534971336}, 'strength_stiffness': {'strength': 216161.83442929012, 'stiffness': 139630296.93871638, 'E': 3604.9965325919525, 'I': 636172.512351933}}, 'model_parameters': [0.4519964695241267, 0.9509037236969948, 1.882217121999383, 0.13977696239958515, 0.07496829358443019, -0.23218591091445026, 1.2573791955990876, 0.8516501511103785, 0.010309270984284583, 7.6636226770162645, 0.7658863046725062, 0.01824735651890674, 3.562083347444028, 1.3353093140220615], 'min_error': 0.055615072978460606, 'failure_mode': 'Shear'}]",0.055615072978460606,Shear
1176,-122.29737727062461,37.90068253531716,"[ecpz,nbrk]",as_05,cerrpza_norber_aerial,p_1_021,aerial el cerrito plaza to north berkeley,"[red,orange]",76.0,footings,1,"[{'column_id': 'col_01', 'type': 'spiral', 'fy': 60, 'fpc': 4.0, 'diameter': 60, 'nLongBars': 48, 'dLongBars': 2.257, 'sTranBars': 3, 'dTranBars': 0.625, 'axLoad': 0.1, 'height': 241.00800000000004, 'column_parameters': {'nd_params': {'a0': 4.016800000000001, 'a1': 1.0188098000000003, 'a2': 0.05113269292952138, 'a3': 0.1, 'a4': 0.2215330084182543, 'a5': 1.581565935244456}, 'strength_stiffness': {'strength': 211455.5687827121, 'stiffness': 142737981.798884, 'E': 3604.9965325919525, 'I': 636172.512351933}}, 'model_parameters': [0.46198312941911873, 0.9536531161345916, 1.867172033855292, 0.1349736831929377, 0.07202788928584512, -0.1438275732788141, 1.3266151867683866, 0.8549774900818736, 0.009997661163889449, 7.594946011201894, 0.7593623691206803, 0.01882426587406139, 3.5455875666052745, 1.3360837412940434], 'min_error': 0.055351022330090115, 'failure_mode': 'Shear'}]",0.055351022330090115,Shear
1177,-122.29751706085203,37.90085976704411,"[ecpz,nbrk]",as_05,cerrpza_norber_aerial,p_1_022,aerial el cerrito plaza to north berkeley,"[red,orange]",76.0,footings,1,"[{'column_id': 'col_01', 'type': 'spiral', 'fy': 60, 'fpc': 4.0, 'diameter': 60, 'nLongBars': 48, 'dLongBars': 2.257, 'sTranBars': 3, 'dTranBars': 0.625, 'axLoad': 0.1, 'height': 237.44400000000007, 'column_parameters': {'nd_params': {'a0': 3.957400000000001, 'a1': 1.0188098000000003, 'a2': 0.05113269292952138, 'a3': 0.1, 'a4': 0.2215330084182543, 'a5': 1.601087468338723}, 'strength_stiffness': {'strength': 208877.3605551242, 'stiffness': 144880458.20229372, 'E': 3604.9965325919525, 'I': 636172.512351933}}, 'model_parameters': [0.4694134105553608, 0.9556186710156274, 1.856693490035982, 0.13167295664769083, 0.06986887553063706, -0.08996057098379605, 1.367152229747249, 0.8576706549031912, 0.009796299934031253, 7.553649370192664, 0.7546009452490602, 0.019210801118497968, 3.5309723575538774, 1.333658849165582], 'min_error': 0.0551949724271475, 'failure_mode': 'Shear'}]",0.0551949724271475,Shear
1178,-122.2976578057535,37.9010365995266,"[ecpz,nbrk]",as_05,cerrpza_norber_aerial,p_1_023,aerial el cerrito plaza to north berkeley,"[red,orange]",76.0,footings,1,"[{'column_id': 'col_01', 'type': 'spiral', 'fy': 60, 'fpc': 4.0, 'diameter': 60, 'nLongBars': 48, 'dLongBars': 2.257, 'sTranBars': 3, 'dTranBars': 0.625, 'axLoad': 0.1, 'height': 235.69200000000006, 'column_parameters': {'nd_params': {'a0': 3.9282000000000017, 'a1': 1.0188098000000003, 'a2': 0.05113269292952138, 'a3': 0.1, 'a4': 0.2215330084182543, 'a5': 1.6100366258857495}, 'strength_stiffness': {'strength': 207716.34572008188, 'stiffness': 145957416.95681414, 'E': 3604.9965325919525, 'I': 636172.512351933}}, 'model_parameters': [0.47322211708946216, 0.956611661893904, 1.8514494640283155, 0.13003506885533322, 0.06876795595741893, -0.06441382034101069, 1.3860258004999404, 0.859087571096069, 0.00969842900214525, 7.534215289744172, 0.7521780392567938, 0.019401435824334352, 3.5230831058655516, 1.331880672026316], 'min_error': 0.05512200003202916, 'failure_mode': 'Shear'}]",0.05512200003202916,Shear
1179,-122.29779878183085,37.901213359655884,"[ecpz,nbrk]",as_05,cerrpza_norber_aerial,p_1_024,aerial el cerrito plaza to north berkeley,"[red,orange]",76.0,footings,1,"[{'column_id': 'col_01', 'type': 'spiral', 'fy': 60, 'fpc': 4.0, 'diameter': 60, 'nLongBars': 48, 'dLongBars': 2.257, 'sTranBars': 3, 'dTranBars': 0.625, 'axLoad': 0.1, 'height': 259.5, 'column_parameters': {'nd_params': {'a0': 4.325, 'a1': 1.0188098000000003, 'a2': 0.05113269292952138, 'a3': 0.1, 'a4': 0.2215330084182543, 'a5': 1.468863363858944}, 'strength_stiffness': {'strength': 227680.07742113862, 'stiffness': 132566456.71439478, 'E': 3604.9965325919525, 'I': 636172.512351933}}, 'model_parameters': [0.427035930894416, 0.9439266356868535, 1.9199013200514785, 0.15296968240928563, 0.08253199186172192, -0.4397773276710737, 1.0977054270249345, 0.8426438636357796, 0.011062453177815523, 7.828552222616466, 0.7826164783262921, 0.01682965374312538, 3.6089933604960516, 1.3379114184388408], 'min_error': 0.05622662803151152, 'failure_mode': 'Shear'}]",0.05622662803151152,Shear
1180,-122.29793973812185,37.90139013365554,"[ecpz,nbrk]",as_05,cerrpza_norber_aerial,p_1_025,aerial el cerrito plaza to north berkeley,"[red,orange]",76.0,footings,1,"[{'column_id': 'col_01', 'type': 'spiral', 'fy': 60, 'fpc': 4.0, 'diameter': 60, 'nLongBars': 48, 'dLongBars': 2.257, 'sTranBars': 3, 'dTranBars': 0.625, 'axLoad': 0.1, 'height': 283.5, 'column_parameters': {'nd_params': {'a0': 4.7250000000000005, 'a1': 1.0188098000000003, 'a2': 0.05113269292952138, 'a3': 0.1, 'a4': 0.2215330084182543, 'a5': 1.3445151425798798}, 'strength_stiffness': {'strength': 248737.19440806474, 'stiffness': 121343899.53222379, 'E': 3604.9965325919525, 'I': 636172.512351933}}, 'model_parameters': [1.0930816552602578, 0.9876143113962824, 1.333394811110647, 0.23545202400574172, 0.49427615974241246, 3.7684175080851636, 1.6943768696010266, 0.8731924282596135, 0.012588746794573578, 9.074775109039043, 0.21093267437904198, 0.008100702519181782, 5.72586095799496, -0.037647631321440035], 'min_error': 0.05656110992484937, 'failure_mode': 'Flexure'}]",0.05656110992484937,Flexure
1181,-122.29808069515151,37.901566910225974,"[ecpz,nbrk]",as_05,cerrpza_norber_aerial,p_1_026,aerial el cerrito plaza to north berkeley,"[red,orange]",76.0,footings,1,"[{'column_id': 'col_01', 'type': 'spiral', 'fy': 60, 'fpc': 4.0, 'diameter': 60, 'nLongBars': 48, 'dLongBars': 2.257, 'sTranBars': 3, 'dTranBars': 0.625, 'axLoad': 0.1, 'height': 295.5, 'column_parameters': {'nd_params': {'a0': 4.925, 'a1': 1.0188098000000003, 'a2': 0.05113269292952138, 'a3': 0.1, 'a4': 0.2215330084182543, 'a5': 1.2899155428812046}, 'strength_stiffness': {'strength': 259265.7529015278, 'stiffness': 116416228.48522992, 'E': 3604.9965325919525, 'I': 636172.512351933}}, 'model_parameters': [1.139341457973602, 0.9874239582643475, 1.373814503175643, 0.2186387168971695, 0.5024409477761479, 3.6426145442086506, 1.6641765987411408, 0.8768200122281642, 0.012439563453566995, 9.247609507840588, 0.21438852396410624, 0.007547651900892839, 5.709673444989211, -0.04041446390486066], 'min_error': 0.057967128401154075, 'failure_mode': 'Flexure'}]",0.057967128401154075,Flexure
1182,-122.29818503008937,37.90176202146228,ecpz,st_03,aerial_02_rich_berk,p_027,el cerrito plaza station,"[red,orange]",68.5,footings,2,"[{'column_id': 'col_01', 'type': 'spiral', 'fy': 60, 'fpc': 4.0, 'diameter': 72.0, 'nLongBars': 60.0, 'dLongBars': 2.25, 'sTranBars': 3.0, 'dTranBars': 0.625, 'axLoad': 0.1, 'height': 319.5, 'column_parameters': {'nd_params': {'a0': 4.4375, 'a1': 0.87890625, 'a2': 0.04261057744126781, 'a3': 0.1, 'a4': 0.2222222222222222, 'a5': 1.4302858193556622}, 'strength_stiffness': {'strength': 352850.65321526304, 'stiffness': 223267306.1184678, 'E': 3604.9965325919525, 'I': 1319167.3216129686}}, 'model_parameters': [0.9024393350312855, 0.9972278925610826, 1.096750197756446, 0.3630539195026245, 0.47045132327782696, 4.04093084814052, 1.6612575660314792, 0.8323202763107362, 0.012632320479789062, 7.562707652517044, 0.23992121536518865, 0.012535137566605532, 5.790619574251663, 0.25966919026296154], 'min_error': 0.053281086624963364, 'failure_mode': 'Flexure'}, {'column_id': 'col_02', 'type': 'spiral', 'fy': 60, 'fpc': 4.0, 'diameter': 72.0, 'nLongBars': 60.0, 'dLongBars': 2.25, 'sTranBars': 3.0, 'dTranBars': 0.625, 'axLoad': 0.1, 'height': 319.5, 'column_parameters': {'nd_params': {'a0': 4.4375, 'a1': 0.87890625, 'a2': 0.04261057744126781, 'a3': 0.1, 'a4': 0.2222222222222222, 'a5': 1.4302858193556622}, 'strength_stiffness': {'strength': 352850.65321526304, 'stiffness': 223267306.1184678, 'E': 3604.9965325919525, 'I': 1319167.3216129686}}, 'model_parameters': [0.9024393350312855, 0.9972278925610826, 1.096750197756446, 0.3630539195026245, 0.47045132327782696, 4.04093084814052, 1.6612575660314792, 0.8323202763107362, 0.012632320479789062, 7.562707652517044, 0.23992121536518865, 0.012535137566605532, 5.790619574251663, 0.25966919026296154], 'min_error': 0.053281086624963364, 'failure_mode': 'Flexure'}]",0.053281086624963364,Flexure
1183,-122.29829842296893,37.90190422347439,ecpz,st_03,aerial_02_rich_berk,p_028,el cerrito plaza station,"[red,orange]",61.0,footings,2,"[{'column_id': 'col_01', 'type': 'spiral', 'fy': 60, 'fpc': 4.0, 'diameter': 72.0, 'nLongBars': 60.0, 'dLongBars': 2.25, 'sTranBars': 3.0, 'dTranBars': 0.625, 'axLoad': 0.1, 'height': 343.5, 'column_parameters': {'nd_params': {'a0': 4.770833333333334, 'a1': 0.87890625, 'a2': 0.04261057744126781, 'a3': 0.1, 'a4': 0.2222222222222222, 'a5': 1.330353185688891}, 'strength_stiffness': {'strength': 379355.86660232506, 'stiffness': 207667843.682243, 'E': 3604.9965325919525, 'I': 1319167.3216129686}}, 'model_parameters': [0.9743583343911065, 0.9966896774445296, 1.172997800672469, 0.3349549697432909, 0.48387435538646273, 3.8046547792802503, 1.6672586578217479, 0.8388632705250515, 0.012366900715039693, 7.8699412084330955, 0.24720917891070848, 0.011432732102221722, 5.75883615392432, 0.2493059618408271], 'min_error': 0.05578322008971593, 'failure_mode': 'Flexure'}, {'column_id': 'col_02', 'type': 'spiral', 'fy': 60, 'fpc': 4.0, 'diameter': 72.0, 'nLongBars': 60.0, 'dLongBars': 2.25, 'sTranBars': 3.0, 'dTranBars': 0.625, 'axLoad': 0.1, 'height': 343.5, 'column_parameters': {'nd_params': {'a0': 4.770833333333334, 'a1': 0.87890625, 'a2': 0.04261057744126781, 'a3': 0.1, 'a4': 0.2222222222222222, 'a5': 1.330353185688891}, 'strength_stiffness': {'strength': 379355.86660232506, 'stiffness': 207667843.682243, 'E': 3604.9965325919525, 'I': 1319167.3216129686}}, 'model_parameters': [0.9743583343911065, 0.9966896774445296, 1.172997800672469, 0.3349549697432909, 0.48387435538646273, 3.8046547792802503, 1.6672586578217479, 0.8388632705250515, 0.012366900715039693, 7.8699412084330955, 0.24720917891070848, 0.011432732102221722, 5.75883615392432, 0.2493059618408271], 'min_error': 0.05578322008971593, 'failure_mode': 'Flexure'}]",0.05578322008971593,Flexure
1184,-122.29841181288474,37.90204642817178,ecpz,st_03,aerial_02_rich_berk,p_029,el cerrito plaza station,"[red,orange]",61.0,footings,2,"[{'column_id': 'col_01', 'type': 'spiral', 'fy': 60, 'fpc': 4.0, 'diameter': 72.0, 'nLongBars': 60.0, 'dLongBars': 2.25, 'sTranBars': 3.0, 'dTranBars': 0.625, 'axLoad': 0.1, 'height': 331.5, 'column_parameters': {'nd_params': {'a0': 4.604166666666667, 'a1': 0.87890625, 'a2': 0.04261057744126781, 'a3': 0.1, 'a4': 0.2222222222222222, 'a5': 1.3785107670712942}, 'strength_stiffness': {'strength': 366103.2599087941, 'stiffness': 215185231.68884, 'E': 3604.9965325919525, 'I': 1319167.3216129686}}, 'model_parameters': [0.9369066327058546, 0.9969119129608685, 1.1366721607474402, 0.3486150894248287, 0.47719943266841913, 3.9173207311190765, 1.6755413748397592, 0.8356926380142148, 0.01249621881568336, 7.721194761181159, 0.2438745955634666, 0.011947357521680293, 5.7737551711887605, 0.25332297088664424], 'min_error': 0.054564491975358204, 'failure_mode': 'Flexure'}, {'column_id': 'col_02', 'type': 'spiral', 'fy': 60, 'fpc': 4.0, 'diameter': 72.0, 'nLongBars': 60.0, 'dLongBars': 2.25, 'sTranBars': 3.0, 'dTranBars': 0.625, 'axLoad': 0.1, 'height': 331.5, 'column_parameters': {'nd_params': {'a0': 4.604166666666667, 'a1': 0.87890625, 'a2': 0.04261057744126781, 'a3': 0.1, 'a4': 0.2222222222222222, 'a5': 1.3785107670712942}, 'strength_stiffness': {'strength': 366103.2599087941, 'stiffness': 215185231.68884, 'E': 3604.9965325919525, 'I': 1319167.3216129686}}, 'model_parameters': [0.9369066327058546, 0.9969119129608685, 1.1366721607474402, 0.3486150894248287, 0.47719943266841913, 3.9173207311190765, 1.6755413748397592, 0.8356926380142148, 0.01249621881568336, 7.721194761181159, 0.2438745955634666, 0.011947357521680293, 5.7737551711887605, 0.25332297088664424], 'min_error': 0.054564491975358204, 'failure_mode': 'Flexure'}]",0.054564491975358204,Flexure
1185,-122.29852520316884,37.90218863001017,ecpz,st_03,aerial_02_rich_berk,p_030,el cerrito plaza station,"[red,orange]",74.0,footings,2,"[{'column_id': 'col_01', 'type': 'spiral', 'fy': 60, 'fpc': 4.0, 'diameter': 72.0, 'nLongBars': 60.0, 'dLongBars': 2.25, 'sTranBars': 3.0, 'dTranBars': 0.625, 'axLoad': 0.1, 'height': 319.5, 'column_parameters': {'nd_params': {'a0': 4.4375, 'a1': 0.87890625, 'a2': 0.04261057744126781, 'a3': 0.1, 'a4': 0.2222222222222222, 'a5': 1.4302858193556622}, 'strength_stiffness': {'strength': 352850.65321526304, 'stiffness': 223267306.1184678, 'E': 3604.9965325919525, 'I': 1319167.3216129686}}, 'model_parameters': [0.9024393350312855, 0.9972278925610826, 1.096750197756446, 0.3630539195026245, 0.47045132327782696, 4.04093084814052, 1.6612575660314792, 0.8323202763107362, 0.012632320479789062, 7.562707652517044, 0.23992121536518865, 0.012535137566605532, 5.790619574251663, 0.25966919026296154], 'min_error': 0.053281086624963364, 'failure_mode': 'Flexure'}, {'column_id': 'col_02', 'type': 'spiral', 'fy': 60, 'fpc': 4.0, 'diameter': 72.0, 'nLongBars': 60.0, 'dLongBars': 2.25, 'sTranBars': 3.0, 'dTranBars': 0.625, 'axLoad': 0.1, 'height': 319.5, 'column_parameters': {'nd_params': {'a0': 4.4375, 'a1': 0.87890625, 'a2': 0.04261057744126781, 'a3': 0.1, 'a4': 0.2222222222222222, 'a5': 1.4302858193556622}, 'strength_stiffness': {'strength': 352850.65321526304, 'stiffness': 223267306.1184678, 'E': 3604.9965325919525, 'I': 1319167.3216129686}}, 'model_parameters': [0.9024393350312855, 0.9972278925610826, 1.096750197756446, 0.3630539195026245, 0.47045132327782696, 4.04093084814052, 1.6612575660314792, 0.8323202763107362, 0.012632320479789062, 7.562707652517044, 0.23992121536518865, 0.012535137566605532, 5.790619574251663, 0.25966919026296154], 'min_error': 0.053281086624963364, 'failure_mode': 'Flexure'}]",0.053281086624963364,Flexure
1186,-122.29866692419914,37.90240192372841,ecpz,st_03,aerial_02_rich_berk,p_031,el cerrito plaza station,"[red,orange]",87.0,footings,2,"[{'column_id': 'col_01', 'type': 'spiral', 'fy': 60, 'fpc': 4.0, 'diameter': 72.0, 'nLongBars': 60.0, 'dLongBars': 2.25, 'sTranBars': 3.0, 'dTranBars': 0.625, 'axLoad': 0.1, 'height': 295.5, 'column_parameters': {'nd_params': {'a0': 4.104166666666667, 'a1': 0.87890625, 'a2': 0.04261057744126781, 'a3': 0.1, 'a4': 0.2222222222222222, 'a5': 1.5464511650901323}, 'strength_stiffness': {'strength': 326345.439828201, 'stiffness': 241400691.3869728, 'E': 3604.9965325919525, 'I': 1319167.3216129686}}, 'model_parameters': [0.3150903673542359, 0.9403089934437039, 1.902141574733066, 0.19236718574130385, 0.13912166577620308, 0.10349281019321187, 1.4699396813431256, 0.7775522323857684, 0.011356213240519396, 7.164564947485125, 0.8342272421300029, 0.01522786317771497, 3.867766754006879, 1.3993844461175178], 'min_error': 0.05616549815556263, 'failure_mode': 'Shear'}, {'column_id': 'col_02', 'type': 'spiral', 'fy': 60, 'fpc': 4.0, 'diameter': 72.0, 'nLongBars': 60.0, 'dLongBars': 2.25, 'sTranBars': 3.0, 'dTranBars': 0.625, 'axLoad': 0.1, 'height': 295.5, 'column_parameters': {'nd_params': {'a0': 4.104166666666667, 'a1': 0.87890625, 'a2': 0.04261057744126781, 'a3': 0.1, 'a4': 0.2222222222222222, 'a5': 1.5464511650901323}, 'strength_stiffness': {'strength': 326345.439828201, 'stiffness': 241400691.3869728, 'E': 3604.9965325919525, 'I': 1319167.3216129686}}, 'model_parameters': [0.3150903673542359, 0.9403089934437039, 1.902141574733066, 0.19236718574130385, 0.13912166577620308, 0.10349281019321187, 1.4699396813431256, 0.7775522323857684, 0.011356213240519396, 7.164564947485125, 0.8342272421300029, 0.01522786317771497, 3.867766754006879, 1.3993844461175178], 'min_error': 0.05616549815556263, 'failure_mode': 'Shear'}]",0.05616549815556263,Shear
1187,-122.29882891491717,37.90260506955091,ecpz,st_03,aerial_02_rich_berk,p_032,el cerrito plaza station,"[red,orange]",87.0,footings,2,"[{'column_id': 'col_01', 'type': 'spiral', 'fy': 60, 'fpc': 4.0, 'diameter': 72.0, 'nLongBars': 60.0, 'dLongBars': 2.25, 'sTranBars': 3.0, 'dTranBars': 0.625, 'axLoad': 0.1, 'height': 271.5, 'column_parameters': {'nd_params': {'a0': 3.7708333333333335, 'a1': 0.87890625, 'a2': 0.04261057744126781, 'a3': 0.1, 'a4': 0.2222222222222222, 'a5': 1.6549970449362978}, 'strength_stiffness': {'strength': 304941.5025774856, 'stiffness': 262739979.0233903, 'E': 3604.9965325919525, 'I': 1319167.3216129686}}, 'model_parameters': [0.3567654527824041, 0.9513817886463062, 1.8431954414353582, 0.17347592258648928, 0.1269446739054226, 0.40433116966222754, 1.6957881849988177, 0.7928094416595942, 0.010228647494947073, 6.943087618412892, 0.807380258756147, 0.01739793382474579, 3.784659542487578, 1.384004029856704], 'min_error': 0.055295588484712416, 'failure_mode': 'Shear'}, {'column_id': 'col_02', 'type': 'spiral', 'fy': 60, 'fpc': 4.0, 'diameter': 72.0, 'nLongBars': 60.0, 'dLongBars': 2.25, 'sTranBars': 3.0, 'dTranBars': 0.625, 'axLoad': 0.1, 'height': 271.5, 'column_parameters': {'nd_params': {'a0': 3.7708333333333335, 'a1': 0.87890625, 'a2': 0.04261057744126781, 'a3': 0.1, 'a4': 0.2222222222222222, 'a5': 1.6549970449362978}, 'strength_stiffness': {'strength': 304941.5025774856, 'stiffness': 262739979.0233903, 'E': 3604.9965325919525, 'I': 1319167.3216129686}}, 'model_parameters': [0.3567654527824041, 0.9513817886463062, 1.8431954414353582, 0.17347592258648928, 0.1269446739054226, 0.40433116966222754, 1.6957881849988177, 0.7928094416595942, 0.010228647494947073, 6.943087618412892, 0.807380258756147, 0.01739793382474579, 3.784659542487578, 1.384004029856704], 'min_error': 0.055295588484712416, 'failure_mode': 'Shear'}]",0.055295588484712416,Shear
1188,-122.29899091345327,37.90280821503669,ecpz,st_03,aerial_02_rich_berk,p_033,el cerrito plaza station,"[red,orange]",87.0,footings,2,"[{'column_id': 'col_01', 'type': 'spiral', 'fy': 60, 'fpc': 4.0, 'diameter': 72.0, 'nLongBars': 60.0, 'dLongBars': 2.25, 'sTranBars': 3.0, 'dTranBars': 0.625, 'axLoad': 0.1, 'height': 235.5, 'column_parameters': {'nd_params': {'a0': 3.2708333333333335, 'a1': 0.87890625, 'a2': 0.04261057744126781, 'a3': 0.1, 'a4': 0.2222222222222222, 'a5': 1.8264646793093426}, 'strength_stiffness': {'strength': 276313.73952164856, 'stiffness': 302904052.2498958, 'E': 3604.9965325919525, 'I': 1319167.3216129686}}, 'model_parameters': [0.4218889177874412, 0.9676403421134123, 1.7560183047486413, 0.1536209488491789, 0.10920812309630218, 0.8680594635700902, 2.0486405146675426, 0.8144525749484025, 0.008537008463549494, 6.624767192333296, 0.7682090990764757, 0.020644746165697933, 3.6694142910192338, 1.355869683502978], 'min_error': 0.05394076468382934, 'failure_mode': 'Shear'}, {'column_id': 'col_02', 'type': 'spiral', 'fy': 60, 'fpc': 4.0, 'diameter': 72.0, 'nLongBars': 60.0, 'dLongBars': 2.25, 'sTranBars': 3.0, 'dTranBars': 0.625, 'axLoad': 0.1, 'height': 235.5, 'column_parameters': {'nd_params': {'a0': 3.2708333333333335, 'a1': 0.87890625, 'a2': 0.04261057744126781, 'a3': 0.1, 'a4': 0.2222222222222222, 'a5': 1.8264646793093426}, 'strength_stiffness': {'strength': 276313.73952164856, 'stiffness': 302904052.2498958, 'E': 3604.9965325919525, 'I': 1319167.3216129686}}, 'model_parameters': [0.4218889177874412, 0.9676403421134123, 1.7560183047486413, 0.1536209488491789, 0.10920812309630218, 0.8680594635700902, 2.0486405146675426, 0.8144525749484025, 0.008537008463549494, 6.624767192333296, 0.7682090990764757, 0.020644746165697933, 3.6694142910192338, 1.355869683502978], 'min_error': 0.05394076468382934, 'failure_mode': 'Shear'}]",0.05394076468382934,Shear
1189,-122.2991731645508,37.903001215527,ecpz,st_03,aerial_02_rich_berk,p_034,el cerrito plaza station,"[red,orange]",87.0,footings,2,"[{'column_id': 'col_01', 'type': 'spiral', 'fy': 60, 'fpc': 4.0, 'diameter': 72.0, 'nLongBars': 60.0, 'dLongBars': 2.25, 'sTranBars': 3.0, 'dTranBars': 0.625, 'axLoad': 0.1, 'height': 259.5, 'column_parameters': {'nd_params': {'a0': 3.604166666666667, 'a1': 0.87890625, 'a2': 0.04261057744126781, 'a3': 0.1, 'a4': 0.2222222222222222, 'a5': 1.7084601879066954}, 'strength_stiffness': {'strength': 295398.91489220655, 'stiffness': 274889804.642969, 'E': 3604.9965325919525, 'I': 1319167.3216129686}}, 'model_parameters': [0.37862786988119757, 0.9569523427075459, 1.813606079136271, 0.16543550148161773, 0.12080665294187226, 0.5535826996286208, 1.8073941532284719, 0.8005543997029413, 0.009668552146721607, 6.838292972638104, 0.793853838916115, 0.018483745853653973, 3.742224348054907, 1.3733383146238523], 'min_error': 0.05486531138305743, 'failure_mode': 'Shear'}, {'column_id': 'col_02', 'type': 'spiral', 'fy': 60, 'fpc': 4.0, 'diameter': 72.0, 'nLongBars': 60.0, 'dLongBars': 2.25, 'sTranBars': 3.0, 'dTranBars': 0.625, 'axLoad': 0.1, 'height': 259.5, 'column_parameters': {'nd_params': {'a0': 3.604166666666667, 'a1': 0.87890625, 'a2': 0.04261057744126781, 'a3': 0.1, 'a4': 0.2222222222222222, 'a5': 1.7084601879066954}, 'strength_stiffness': {'strength': 295398.91489220655, 'stiffness': 274889804.642969, 'E': 3604.9965325919525, 'I': 1319167.3216129686}}, 'model_parameters': [0.37862786988119757, 0.9569523427075459, 1.813606079136271, 0.16543550148161773, 0.12080665294187226, 0.5535826996286208, 1.8073941532284719, 0.8005543997029413, 0.009668552146721607, 6.838292972638104, 0.793853838916115, 0.018483745853653973, 3.742224348054907, 1.3733383146238523], 'min_error': 0.05486531138305743, 'failure_mode': 'Shear'}]",0.05486531138305743,Shear
1190,-122.29933515796486,37.903204360628756,ecpz,st_03,aerial_02_rich_berk,p_035,el cerrito plaza station,"[red,orange]",87.0,footings,2,"[{'column_id': 'col_01', 'type': 'spiral', 'fy': 60, 'fpc': 4.0, 'diameter': 72.0, 'nLongBars': 60.0, 'dLongBars': 2.25, 'sTranBars': 3.0, 'dTranBars': 0.625, 'axLoad': 0.1, 'height': 259.5, 'column_parameters': {'nd_params': {'a0': 3.604166666666667, 'a1': 0.87890625, 'a2': 0.04261057744126781, 'a3': 0.1, 'a4': 0.2222222222222222, 'a5': 1.7084601879066954}, 'strength_stiffness': {'strength': 295398.91489220655, 'stiffness': 274889804.642969, 'E': 3604.9965325919525, 'I': 1319167.3216129686}}, 'model_parameters': [0.37862786988119757, 0.9569523427075459, 1.813606079136271, 0.16543550148161773, 0.12080665294187226, 0.5535826996286208, 1.8073941532284719, 0.8005543997029413, 0.009668552146721607, 6.838292972638104, 0.793853838916115, 0.018483745853653973, 3.742224348054907, 1.3733383146238523], 'min_error': 0.05486531138305743, 'failure_mode': 'Shear'}, {'column_id': 'col_02', 'type': 'spiral', 'fy': 60, 'fpc': 4.0, 'diameter': 72.0, 'nLongBars': 60.0, 'dLongBars': 2.25, 'sTranBars': 3.0, 'dTranBars': 0.625, 'axLoad': 0.1, 'height': 259.5, 'column_parameters': {'nd_params': {'a0': 3.604166666666667, 'a1': 0.87890625, 'a2': 0.04261057744126781, 'a3': 0.1, 'a4': 0.2222222222222222, 'a5': 1.7084601879066954}, 'strength_stiffness': {'strength': 295398.91489220655, 'stiffness': 274889804.642969, 'E': 3604.9965325919525, 'I': 1319167.3216129686}}, 'model_parameters': [0.37862786988119757, 0.9569523427075459, 1.813606079136271, 0.16543550148161773, 0.12080665294187226, 0.5535826996286208, 1.8073941532284719, 0.8005543997029413, 0.009668552146721607, 6.838292972638104, 0.793853838916115, 0.018483745853653973, 3.742224348054907, 1.3733383146238523], 'min_error': 0.05486531138305743, 'failure_mode': 'Shear'}]",0.05486531138305743,Shear
1191,-122.29949715226654,37.90340750549938,ecpz,st_03,aerial_02_rich_berk,p_036,el cerrito plaza station,"[red,orange]",80.5,footings,2,"[{'column_id': 'col_01', 'type': 'spiral', 'fy': 60, 'fpc': 4.0, 'diameter': 72.0, 'nLongBars': 60.0, 'dLongBars': 2.25, 'sTranBars': 3.0, 'dTranBars': 0.625, 'axLoad': 0.1, 'height': 259.5, 'column_parameters': {'nd_params': {'a0': 3.604166666666667, 'a1': 0.87890625, 'a2': 0.04261057744126781, 'a3': 0.1, 'a4': 0.2222222222222222, 'a5': 1.7084601879066954}, 'strength_stiffness': {'strength': 295398.91489220655, 'stiffness': 274889804.642969, 'E': 3604.9965325919525, 'I': 1319167.3216129686}}, 'model_parameters': [0.37862786988119757, 0.9569523427075459, 1.813606079136271, 0.16543550148161773, 0.12080665294187226, 0.5535826996286208, 1.8073941532284719, 0.8005543997029413, 0.009668552146721607, 6.838292972638104, 0.793853838916115, 0.018483745853653973, 3.742224348054907, 1.3733383146238523], 'min_error': 0.05486531138305743, 'failure_mode': 'Shear'}, {'column_id': 'col_02', 'type': 'spiral', 'fy': 60, 'fpc': 4.0, 'diameter': 72.0, 'nLongBars': 60.0, 'dLongBars': 2.25, 'sTranBars': 3.0, 'dTranBars': 0.625, 'axLoad': 0.1, 'height': 259.5, 'column_parameters': {'nd_params': {'a0': 3.604166666666667, 'a1': 0.87890625, 'a2': 0.04261057744126781, 'a3': 0.1, 'a4': 0.2222222222222222, 'a5': 1.7084601879066954}, 'strength_stiffness': {'strength': 295398.91489220655, 'stiffness': 274889804.642969, 'E': 3604.9965325919525, 'I': 1319167.3216129686}}, 'model_parameters': [0.37862786988119757, 0.9569523427075459, 1.813606079136271, 0.16543550148161773, 0.12080665294187226, 0.5535826996286208, 1.8073941532284719, 0.8005543997029413, 0.009668552146721607, 6.838292972638104, 0.793853838916115, 0.018483745853653973, 3.742224348054907, 1.3733383146238523], 'min_error': 0.05486531138305743, 'failure_mode': 'Shear'}]",0.05486531138305743,Shear
1192,-122.2996712683559,37.90356158917015,"[ecpz,ecnt]",as_04,aerial_02_rich_berk,p_037,aerial el cerrito plaza to el cerrito del norte,"[red,orange]",74.0,footings,1,"[{'column_id': 'col_01', 'type': 'spiral', 'fy': 60, 'fpc': 4.0, 'diameter': 60, 'nLongBars': 48, 'dLongBars': 2.257, 'sTranBars': 3, 'dTranBars': 0.625, 'axLoad': 0.1, 'height': 271.5, 'column_parameters': {'nd_params': {'a0': 4.525, 'a1': 1.0188098000000003, 'a2': 0.05113269292952138, 'a3': 0.1, 'a4': 0.2215330084182543, 'a5': 1.4039412262298194}, 'strength_stiffness': {'strength': 238208.63591460168, 'stiffness': 126707165.80989113, 'E': 3604.9965325919525, 'I': 636172.512351933}}, 'model_parameters': [1.0491426235073702, 0.9879315553861071, 1.28817673256417, 0.25275399733293435, 0.48592353210708455, 3.9086863133086225, 1.6939962231275787, 0.8692957128437604, 0.0127469776320356, 8.888387900998499, 0.2066512033295791, 0.008751357125457524, 5.744643974081232, -0.031773086470520975], 'min_error': 0.05506869594735385, 'failure_mode': 'Flexure'}]",0.05506869594735385,Flexure
1193,-122.29980875823394,37.903734002476924,"[ecpz,ecnt]",as_04,aerial_02_rich_berk,p_038,aerial el cerrito plaza to el cerrito del norte,"[red,orange]",74.0,footings,1,"[{'column_id': 'col_01', 'type': 'spiral', 'fy': 60, 'fpc': 4.0, 'diameter': 60, 'nLongBars': 48, 'dLongBars': 2.257, 'sTranBars': 3, 'dTranBars': 0.625, 'axLoad': 0.1, 'height': 271.5, 'column_parameters': {'nd_params': {'a0': 4.525, 'a1': 1.0188098000000003, 'a2': 0.05113269292952138, 'a3': 0.1, 'a4': 0.2215330084182543, 'a5': 1.4039412262298194}, 'strength_stiffness': {'strength': 238208.63591460168, 'stiffness': 126707165.80989113, 'E': 3604.9965325919525, 'I': 636172.512351933}}, 'model_parameters': [1.0491426235073702, 0.9879315553861071, 1.28817673256417, 0.25275399733293435, 0.48592353210708455, 3.9086863133086225, 1.6939962231275787, 0.8692957128437604, 0.0127469776320356, 8.888387900998499, 0.2066512033295791, 0.008751357125457524, 5.744643974081232, -0.031773086470520975], 'min_error': 0.05506869594735385, 'failure_mode': 'Flexure'}]",0.05506869594735385,Flexure
1194,-122.29994625235001,37.90390642105591,"[ecpz,ecnt]",as_04,aerial_02_rich_berk,p_039,aerial el cerrito plaza to el cerrito del norte,"[red,orange]",74.0,footings,1,"[{'column_id': 'col_01', 'type': 'spiral', 'fy': 60, 'fpc': 4.0, 'diameter': 60, 'nLongBars': 48, 'dLongBars': 2.257, 'sTranBars': 3, 'dTranBars': 0.625, 'axLoad': 0.1, 'height': 247.5, 'column_parameters': {'nd_params': {'a0': 4.125, 'a1': 1.0188098000000003, 'a2': 0.05113269292952138, 'a3': 0.1, 'a4': 0.2215330084182543, 'a5': 1.5400809815005898}, 'strength_stiffness': {'strength': 217151.51892767556, 'stiffness': 138993921.28236544, 'E': 3604.9965325919525, 'I': 636172.512351933}}, 'model_parameters': [0.44988077639615937, 0.9503177036020882, 1.8854082429727121, 0.14083371230010341, 0.07559824961603843, -0.2504929887854204, 1.2431287029348617, 0.8509231517554526, 0.010374504956182747, 7.677960863833632, 0.7672823703847146, 0.018125855627028037, 3.565759033934019, 1.3352849358686847], 'min_error': 0.055669503252861505, 'failure_mode': 'Shear'}]",0.055669503252861505,Shear
1195,-122.3000837471055,37.90407883946839,"[ecpz,ecnt]",as_04,aerial_02_rich_berk,p_040,aerial el cerrito plaza to el cerrito del norte,"[red,orange]",74.0,footings,1,"[{'column_id': 'col_01', 'type': 'spiral', 'fy': 60, 'fpc': 4.0, 'diameter': 60, 'nLongBars': 48, 'dLongBars': 2.257, 'sTranBars': 3, 'dTranBars': 0.625, 'axLoad': 0.1, 'height': 235.59599999999995, 'column_parameters': {'nd_params': {'a0': 3.9265999999999988, 'a1': 1.0188098000000003, 'a2': 0.05113269292952138, 'a3': 0.1, 'a4': 0.2215330084182543, 'a5': 1.6105298826095216}, 'strength_stiffness': {'strength': 207652.72846884665, 'stiffness': 146016891.2773793, 'E': 3604.9965325919525, 'I': 636172.512351933}}, 'model_parameters': [0.47343063668829305, 0.9566659529227176, 1.8511625354494725, 0.12994616450722463, 0.06870780845927371, -0.0630098285084715, 1.387064676583458, 0.8591647948211489, 0.009693062296846437, 7.533149406588433, 0.7520456448635486, 0.0194118787883533, 3.522653966409133, 1.3317847937158191], 'min_error': 0.055117984839608676, 'failure_mode': 'Shear'}]",0.055117984839608676,Shear
1196,-122.30022147061197,37.90425108668331,"[ecpz,ecnt]",as_04,aerial_02_rich_berk,p_041,aerial el cerrito plaza to el cerrito del norte,"[red,orange]",74.0,footings,1,"[{'column_id': 'col_01', 'type': 'spiral', 'fy': 60, 'fpc': 4.0, 'diameter': 60, 'nLongBars': 48, 'dLongBars': 2.257, 'sTranBars': 3, 'dTranBars': 0.625, 'axLoad': 0.1, 'height': 236.97600000000006, 'column_parameters': {'nd_params': {'a0': 3.9496000000000007, 'a1': 1.0188098000000003, 'a2': 0.05113269292952138, 'a3': 0.1, 'a4': 0.2215330084182543, 'a5': 1.603468244211749}, 'strength_stiffness': {'strength': 208567.2264553526, 'stiffness': 145166580.2333799, 'E': 3604.9965325919525, 'I': 636172.512351933}}, 'model_parameters': [0.4704314023292952, 0.955884324769812, 1.8552912880017245, 0.1312326000153053, 0.0695741978387591, -0.08315050114621865, 1.372177923713477, 0.8580505474774143, 0.009770169606954196, 7.548461410987827, 0.7539524910395452, 0.01926173344028779, 3.5288543375942543, 1.3331785457907905], 'min_error': 0.0551755361357779, 'failure_mode': 'Shear'}]",0.0551755361357779,Shear
1197,-122.30035972888666,37.90442305915055,"[ecpz,ecnt]",as_04,aerial_02_rich_berk,p_042,aerial el cerrito plaza to el cerrito del norte,"[red,orange]",74.0,footings,1,"[{'column_id': 'col_01', 'type': 'spiral', 'fy': 60, 'fpc': 4.0, 'diameter': 60, 'nLongBars': 48, 'dLongBars': 2.257, 'sTranBars': 3, 'dTranBars': 0.625, 'axLoad': 0.1, 'height': 240.0, 'column_parameters': {'nd_params': {'a0': 4.0, 'a1': 1.0188098000000003, 'a2': 0.05113269292952138, 'a3': 0.1, 'a4': 0.2215330084182543, 'a5': 1.5882085121724832}, 'strength_stiffness': {'strength': 210571.16986926115, 'stiffness': 143337481.32243934, 'E': 3604.9965325919525, 'I': 636172.512351933}}, 'model_parameters': [0.4638459340578952, 0.9541626820871061, 1.864369441187749, 0.1341138319240277, 0.0714858368392504, -0.1269756040902292, 1.3399056521931738, 0.855578077356296, 0.009938840296304636, 7.581942882610979, 0.7581582312128273, 0.0189325136177155, 3.542674718146139, 1.3363518722646508], 'min_error': 0.055300409687996585, 'failure_mode': 'Shear'}]",0.055300409687996585,Shear
1198,-122.30049852553041,37.90459476230697,"[ecpz,ecnt]",as_04,aerial_02_rich_berk,p_043,aerial el cerrito plaza to el cerrito del norte,"[red,orange]",74.0,footings,1,"[{'column_id': 'col_01', 'type': 'spiral', 'fy': 60, 'fpc': 4.0, 'diameter': 60, 'nLongBars': 48, 'dLongBars': 2.257, 'sTranBars': 3, 'dTranBars': 0.625, 'axLoad': 0.1, 'height': 232.69200000000006, 'column_parameters': {'nd_params': {'a0': 3.878200000000001, 'a1': 1.0188098000000003, 'a2': 0.05113269292952138, 'a3': 0.1, 'a4': 0.2215330084182543, 'a5': 1.6255950865519895}, 'strength_stiffness': {'strength': 205728.3066189821, 'stiffness': 147839184.49016485, 'E': 3604.9965325919525, 'I': 636172.512351933}}, 'model_parameters': [0.47972961560969984, 0.9583023023691383, 1.8425036529047125, 0.1272990246043405, 0.06689716477233897, -0.02033117030732679, 1.4187254046095834, 0.8614800952498683, 0.009530528313123824, 7.500854178885534, 0.7480590415195864, 0.019727640177125288, 3.509829468737445, 1.3289587706514017], 'min_error': 0.05499569237648752, 'failure_mode': 'Shear'}]",0.05499569237648752,Shear
1199,-122.30063784381873,37.904766221126806,"[ecpz,ecnt]",as_04,aerial_02_rich_berk,p_044,aerial el cerrito plaza to el cerrito del norte,"[red,orange]",74.0,footings,1,"[{'column_id': 'col_01', 'type': 'spiral', 'fy': 60, 'fpc': 4.0, 'diameter': 60, 'nLongBars': 48, 'dLongBars': 2.257, 'sTranBars': 3, 'dTranBars': 0.625, 'axLoad': 0.1, 'height': 239.04000000000002, 'column_parameters': {'nd_params': {'a0': 3.984000000000001, 'a1': 1.0188098000000003, 'a2': 0.05113269292952138, 'a3': 0.1, 'a4': 0.2215330084182543, 'a5': 1.5930213095242733}, 'strength_stiffness': {'strength': 209934.99735690927, 'stiffness': 143913133.85787082, 'E': 3604.9965325919525, 'I': 636172.512351933}}, 'model_parameters': [0.4659385268899976, 0.954710538898456, 1.8614829551466638, 0.13319002763911497, 0.07087703707130408, -0.11310838239585574, 1.3500994373261272, 0.8563675234069257, 0.009885338041642953, 7.571324086144268, 0.7568190639045617, 0.01903705811432768, 3.5382529356254766, 1.335326429906535], 'min_error': 0.05526094960635177, 'failure_mode': 'Shear'}]",0.05526094960635177,Shear
1200,-122.30077731082912,37.904937639062986,"[ecpz,ecnt]",as_04,aerial_02_rich_berk,p_045,aerial el cerrito plaza to el cerrito del norte,"[red,orange]",74.0,footings,1,"[{'column_id': 'col_01', 'type': 'spiral', 'fy': 60, 'fpc': 4.0, 'diameter': 60, 'nLongBars': 48, 'dLongBars': 2.257, 'sTranBars': 3, 'dTranBars': 0.625, 'axLoad': 0.1, 'height': 235.03199999999998, 'column_parameters': {'nd_params': {'a0': 3.9172, 'a1': 1.0188098000000003, 'a2': 0.05113269292952138, 'a3': 0.1, 'a4': 0.2215330084182543, 'a5': 1.6134338805345976}, 'strength_stiffness': {'strength': 207278.97711783988, 'stiffness': 146367284.1033793, 'E': 3604.9965325919525, 'I': 636172.512351933}}, 'model_parameters': [0.47465531759127455, 0.9569846602041047, 1.8494777081820217, 0.12942563795241668, 0.06835481586371918, -0.05475255972338121, 1.393178027767865, 0.85961760563638, 0.009661524711596974, 7.526885176327967, 0.7512686050099967, 0.019473225338142816, 3.520139428865362, 1.3312247289042682], 'min_error': 0.05509436026314834, 'failure_mode': 'Shear'}]",0.05509436026314834,Shear
1201,-122.30091677508558,37.90510905962675,"[ecpz,ecnt]",as_04,aerial_02_rich_berk,p_046,aerial el cerrito plaza to el cerrito del norte,"[red,orange]",80.5,footings,1,"[{'column_id': 'col_01', 'type': 'spiral', 'fy': 60, 'fpc': 4.0, 'diameter': 60, 'nLongBars': 48, 'dLongBars': 2.257, 'sTranBars': 3, 'dTranBars': 0.625, 'axLoad': 0.1, 'height': 231.94799999999992, 'column_parameters': {'nd_params': {'a0': 3.865799999999999, 'a1': 1.0188098000000003, 'a2': 0.05113269292952138, 'a3': 0.1, 'a4': 0.2215330084182543, 'a5': 1.629500229873874}, 'strength_stiffness': {'strength': 205235.2729219093, 'stiffness': 148313395.74984676, 'E': 3604.9965325919525, 'I': 636172.512351933}}, 'model_parameters': [0.48134065727652303, 0.9587196551525585, 1.84029179048421, 0.12663418574269966, 0.06643606123898693, -0.009331415394815664, 1.4269108408471771, 0.8620667391731232, 0.009488828130981739, 7.492563108768047, 0.7470434589129107, 0.01980849412513709, 3.506593347075499, 1.3282573432698923], 'min_error': 0.05496409863581818, 'failure_mode': 'Shear'}]",0.05496409863581818,Shear
1202,-122.30108016005924,37.90530987661402,"[ecpz,ecnt]",as_04,aerial_02_rich_berk,p_047,aerial el cerrito plaza to el cerrito del norte,"[red,orange]",80.5,footings,1,"[{'column_id': 'col_01', 'type': 'spiral', 'fy': 60, 'fpc': 4.0, 'diameter': 60, 'nLongBars': 48, 'dLongBars': 2.257, 'sTranBars': 3, 'dTranBars': 0.625, 'axLoad': 0.1, 'height': 230.38799999999998, 'column_parameters': {'nd_params': {'a0': 3.8397999999999994, 'a1': 1.0188098000000003, 'a2': 0.05113269292952138, 'a3': 0.1, 'a4': 0.2215330084182543, 'a5': 1.6377496567913976}, 'strength_stiffness': {'strength': 204201.4925893374, 'stiffness': 149317653.3386524, 'E': 3604.9965325919525, 'I': 636172.512351933}}, 'model_parameters': [0.48471495251235874, 0.9595922219647107, 1.8356628067526144, 0.12525822530686317, 0.06547297548558602, 0.013820864762105197, 1.4441735187037847, 0.8632880023317435, 0.00940131443167689, 7.4751543973348955, 0.7449217932966492, 0.019977967885257398, 3.4998745815407375, 1.3268154710979687], 'min_error': 0.05489750004420548, 'failure_mode': 'Shear'}]",0.05489750004420548,Shear
1203,-122.3012192541071,37.905480841014544,"[ecpz,ecnt]",as_04,aerial_02_rich_berk,p_048,aerial el cerrito plaza to el cerrito del norte,"[red,orange]",74.0,footings,1,"[{'column_id': 'col_01', 'type': 'spiral', 'fy': 60, 'fpc': 4.0, 'diameter': 60, 'nLongBars': 48, 'dLongBars': 2.257, 'sTranBars': 3, 'dTranBars': 0.625, 'axLoad': 0.1, 'height': 227.26799999999992, 'column_parameters': {'nd_params': {'a0': 3.787799999999999, 'a1': 1.0188098000000003, 'a2': 0.05113269292952138, 'a3': 0.1, 'a4': 0.2215330084182543, 'a5': 1.6545016525473826}, 'strength_stiffness': {'strength': 202133.9319241936, 'stiffness': 151367528.72109342, 'E': 3604.9965325919525, 'I': 636172.512351933}}, 'model_parameters': [0.49144818470082025, 0.9613269054372559, 1.8264411932106919, 0.12258123490479603, 0.06356228542070998, 0.06049043132308562, 1.4791109690264965, 0.8656941566627766, 0.009225973725669915, 7.440231228148249, 0.7407106377210863, 0.02031667264863004, 3.4867126344172905, 1.324044318166396], 'min_error': 0.05476284060399842, 'failure_mode': 'Shear'}]",0.05476284060399842,Shear
1204,-122.30135835219501,37.90565180244626,"[ecpz,ecnt]",as_04,aerial_02_rich_berk,p_049,aerial el cerrito plaza to el cerrito del norte,"[red,orange]",74.0,footings,1,"[{'column_id': 'col_01', 'type': 'spiral', 'fy': 60, 'fpc': 4.0, 'diameter': 60, 'nLongBars': 48, 'dLongBars': 2.257, 'sTranBars': 3, 'dTranBars': 0.625, 'axLoad': 0.1, 'height': 224.06399999999996, 'column_parameters': {'nd_params': {'a0': 3.734399999999999, 'a1': 1.0188098000000003, 'a2': 0.05113269292952138, 'a3': 0.1, 'a4': 0.2215330084182543, 'a5': 1.6720651150038615}, 'strength_stiffness': {'strength': 200010.70616421904, 'stiffness': 153532006.5578828, 'E': 3604.9965325919525, 'I': 636172.512351933}}, 'model_parameters': [0.49834047746672455, 0.9630934151721698, 1.8170230701869556, 0.11993933372894074, 0.06162219788812228, 0.1089362224286038, 1.5155758288411112, 0.8681133016202195, 0.009045483387750864, 7.404204617892797, 0.7364319201350726, 0.020664150722272526, 3.4735887340435996, 1.3213454800752384], 'min_error': 0.05462247359431888, 'failure_mode': 'Shear'}]",0.05462247359431888,Shear
1205,-122.30149745099106,37.905822766453575,"[ecpz,ecnt]",as_04,aerial_02_rich_berk,p_050,aerial el cerrito plaza to el cerrito del norte,"[red,orange]",74.0,footings,1,"[{'column_id': 'col_01', 'type': 'spiral', 'fy': 60, 'fpc': 4.0, 'diameter': 60, 'nLongBars': 48, 'dLongBars': 2.257, 'sTranBars': 3, 'dTranBars': 0.625, 'axLoad': 0.1, 'height': 219.88799999999998, 'column_parameters': {'nd_params': {'a0': 3.6647999999999996, 'a1': 1.0188098000000003, 'a2': 0.05113269292952138, 'a3': 0.1, 'a4': 0.2215330084182543, 'a5': 1.695524410226344}, 'strength_stiffness': {'strength': 197243.35573548812, 'stiffness': 156447807.5992571, 'E': 3604.9965325919525, 'I': 636172.512351933}}, 'model_parameters': [0.5072874653627534, 0.9653724150865605, 1.8048292760382367, 0.11666542327925106, 0.05912825675558311, 0.17289746328953443, 1.5640270547550599, 0.8711847917170967, 0.008809594684791939, 7.356962346582033, 0.7309273084480256, 0.02111649918578718, 3.4571013362394365, 1.318034914586982], 'min_error': 0.054436244681988634, 'failure_mode': 'Shear'}]",0.054436244681988634,Shear
1206,-122.30163655042858,37.90599373029071,"[ecpz,ecnt]",as_04,aerial_02_rich_berk,p_051,aerial el cerrito plaza to el cerrito del norte,"[red,orange]",74.0,footings,1,"[{'column_id': 'col_01', 'type': 'spiral', 'fy': 60, 'fpc': 4.0, 'diameter': 60, 'nLongBars': 48, 'dLongBars': 2.257, 'sTranBars': 3, 'dTranBars': 0.625, 'axLoad': 0.1, 'height': 226.55999999999995, 'column_parameters': {'nd_params': {'a0': 3.775999999999999, 'a1': 1.0188098000000003, 'a2': 0.05113269292952138, 'a3': 0.1, 'a4': 0.2215330084182543, 'a5': 1.6583508849033293}, 'strength_stiffness': {'strength': 201664.75469633407, 'stiffness': 151840552.2483468, 'E': 3604.9965325919525, 'I': 636172.512351933}}, 'model_parameters': [0.49297318246588523, 0.9617185714246477, 1.8243554634647927, 0.12198796282158716, 0.06313163016144478, 0.0711497818174521, 1.4871169264903572, 0.8662332980214754, 0.009186127262751562, 7.432285264753893, 0.7397611072490996, 0.020393486719475676, 3.483777942059759, 1.3234355156937874], 'min_error': 0.054732007052465524, 'failure_mode': 'Shear'}]",0.054732007052465524,Shear
1207,-122.30177564704206,37.906164694010556,"[ecpz,ecnt]",as_04,aerial_02_rich_berk,p_052,aerial el cerrito plaza to el cerrito del norte,"[red,orange]",74.0,footings,1,"[{'column_id': 'col_01', 'type': 'spiral', 'fy': 60, 'fpc': 4.0, 'diameter': 60, 'nLongBars': 48, 'dLongBars': 2.257, 'sTranBars': 3, 'dTranBars': 0.625, 'axLoad': 0.1, 'height': 208.08000000000004, 'column_parameters': {'nd_params': {'a0': 3.4680000000000004, 'a1': 1.0188098000000003, 'a2': 0.05113269292952138, 'a3': 0.1, 'a4': 0.2215330084182543, 'a5': 1.7655669389513613}, 'strength_stiffness': {'strength': 189418.43383355942, 'stiffness': 165325814.6740938, 'E': 3604.9965325919525, 'I': 636172.512351933}}, 'model_parameters': [0.5323249411156328, 0.9716636029252035, 1.7708829746007002, 0.10851902644170851, 0.05230327656319959, 0.35910190959480925, 1.707065593903059, 0.8793367273353557, 0.008138585276674127, 7.221094157415747, 0.7158340219718412, 0.022391996274712563, 3.414519995116976, 1.3099497950378642], 'min_error': 0.05388823957740764, 'failure_mode': 'Shear'}]",0.05388823957740764,Shear
1208,-122.30191474776241,37.906335657507334,"[ecpz,ecnt]",as_04,aerial_02_rich_berk,p_053,aerial el cerrito plaza to el cerrito del norte,"[red,orange]",74.0,footings,1,"[{'column_id': 'col_01', 'type': 'spiral', 'fy': 60, 'fpc': 4.0, 'diameter': 60, 'nLongBars': 48, 'dLongBars': 2.257, 'sTranBars': 3, 'dTranBars': 0.625, 'axLoad': 0.1, 'height': 201.05999999999995, 'column_parameters': {'nd_params': {'a0': 3.350999999999999, 'a1': 1.0188098000000003, 'a2': 0.05113269292952138, 'a3': 0.1, 'a4': 0.2215330084182543, 'a5': 1.8100200251457343}, 'strength_stiffness': {'strength': 184766.42233698582, 'stiffness': 171098157.3529566, 'E': 3604.9965325919525, 'I': 636172.512351933}}, 'model_parameters': [0.5469841704128402, 0.975288111378326, 1.7511053107026398, 0.10451555861238734, 0.048417713544509924, 0.47385728269976507, 1.7966813754093567, 0.8837791255229893, 0.007736391757908344, 7.138147320858833, 0.7072182924177044, 0.023147598235378028, 3.3922661075192613, 1.3065160531443676], 'min_error': 0.05354620083139147, 'failure_mode': 'Shear'}]",0.05354620083139147,Shear
1209,-122.30205384559201,37.906506618141044,"[ecpz,ecnt]",as_04,aerial_02_rich_berk,p_054,aerial el cerrito plaza to el cerrito del norte,"[red,orange]",74.0,footings,1,"[{'column_id': 'col_01', 'type': 'spiral', 'fy': 60, 'fpc': 4.0, 'diameter': 60, 'nLongBars': 48, 'dLongBars': 2.257, 'sTranBars': 3, 'dTranBars': 0.625, 'axLoad': 0.1, 'height': 194.04000000000002, 'column_parameters': {'nd_params': {'a0': 3.2340000000000004, 'a1': 1.0188098000000003, 'a2': 0.05113269292952138, 'a3': 0.1, 'a4': 0.2215330084182543, 'a5': 1.8567693881018539}, 'strength_stiffness': {'strength': 180114.4108404124, 'stiffness': 177288164.9009763, 'E': 3604.9965325919525, 'I': 636172.512351933}}, 'model_parameters': [0.5614313673372417, 0.9788184487483784, 1.7316574170174148, 0.10118940406187876, 0.044672584453792435, 0.5919236656525291, 1.8900353102598764, 0.8878915896327767, 0.007330777898667203, 7.052967759702655, 0.698894431576421, 0.023900998084422743, 3.372512070636824, 1.3054046453000536], 'min_error': 0.05319089780078066, 'failure_mode': 'Shear'}]",0.05319089780078066,Shear
1210,-122.30219294759524,37.90667758129748,"[ecpz,ecnt]",as_04,aerial_02_rich_berk,p_055,aerial el cerrito plaza to el cerrito del norte,"[red,orange]",74.0,footings,1,"[{'column_id': 'col_01', 'type': 'spiral', 'fy': 60, 'fpc': 4.0, 'diameter': 60, 'nLongBars': 44, 'dLongBars': 2.257, 'sTranBars': 3, 'dTranBars': 0.625, 'axLoad': 0.1, 'height': 187.00800000000004, 'column_parameters': {'nd_params': {'a0': 3.116800000000001, 'a1': 0.9339089833333334, 'a2': 0.05113269292952138, 'a3': 0.1, 'a4': 0.2215330084182543, 'a5': 1.759528970695209}, 'strength_stiffness': {'strength': 175454.44718743447, 'stiffness': 183954673.15508127, 'E': 3604.9965325919525, 'I': 636172.512351933}}, 'model_parameters': [0.5241410305292553, 0.9814139072308049, 1.6974172526501161, 0.11623766784183681, 0.0776546285815043, 0.7712495493679878, 1.928174556616928, 0.8670158250478054, 0.007632326646798126, 6.777614591936828, 0.7217603773619758, 0.02268293547718495, 3.451157367855175, 1.2334209776768439], 'min_error': 0.05382872381475713, 'failure_mode': 'Shear'}]",0.05382872381475713,Shear
1211,-122.30236670486218,37.90684801266642,"[ecpz,ecnt]",as_04,aerial_02_rich_berk,p_056,aerial el cerrito plaza to el cerrito del norte,"[red,orange]",74.0,footings,1,"[{'column_id': 'col_01', 'type': 'spiral', 'fy': 60, 'fpc': 4.0, 'diameter': 60, 'nLongBars': 48, 'dLongBars': 2.257, 'sTranBars': 3, 'dTranBars': 0.625, 'axLoad': 0.1, 'height': 191.98799999999994, 'column_parameters': {'nd_params': {'a0': 3.199799999999999, 'a1': 1.0188098000000003, 'a2': 0.05113269292952138, 'a3': 0.1, 'a4': 0.2215330084182543, 'a5': 1.8708941710781726}, 'strength_stiffness': {'strength': 178754.59209526007, 'stiffness': 179183050.59371135, 'E': 3604.9965325919525, 'I': 636172.512351933}}, 'model_parameters': [0.5656087528870406, 0.9798315958591212, 1.7260386494164681, 0.10035081664904802, 0.04360596133243039, 0.6270980542810792, 1.9180715501364705, 0.8890276604076309, 0.007211378480196198, 7.027558434616138, 0.6965197186075158, 0.024120781914589228, 3.367238142253318, 1.305818271587312], 'min_error': 0.05308438523322721, 'failure_mode': 'Shear'}]",0.05308438523322721,Shear
1212,-122.30247115352606,37.907019507099754,"[ecpz,ecnt]",as_04,aerial_02_rich_berk,p_057,aerial el cerrito plaza to el cerrito del norte,"[red,orange]",74.0,footings,1,"[{'column_id': 'col_01', 'type': 'spiral', 'fy': 60, 'fpc': 4.0, 'diameter': 60, 'nLongBars': 48, 'dLongBars': 2.257, 'sTranBars': 3, 'dTranBars': 0.625, 'axLoad': 0.1, 'height': 196.96800000000002, 'column_parameters': {'nd_params': {'a0': 3.2828, 'a1': 1.0188098000000003, 'a2': 0.05113269292952138, 'a3': 0.1, 'a4': 0.2215330084182543, 'a5': 1.836980074837657}, 'strength_stiffness': {'strength': 182054.73700308576, 'stiffness': 174652712.7116356, 'E': 3604.9965325919525, 'I': 636172.512351933}}, 'model_parameters': [0.5554337750297995, 0.977357856413822, 1.7397273076976811, 0.10249179350767584, 0.04621689327081269, 0.542260106324938, 1.8506251399705338, 0.8862180356036168, 0.007500451681612885, 7.088805153051525, 0.7023293485044628, 0.02358703803981893, 3.3804351794759278, 1.3054663256513073], 'min_error': 0.053340770239195985, 'failure_mode': 'Shear'}]",0.053340770239195985,Shear
1213,-122.30261025398818,37.907190469798486,"[ecpz,ecnt]",as_04,aerial_02_rich_berk,p_058,aerial el cerrito plaza to el cerrito del norte,"[red,orange]",74.0,footings,1,"[{'column_id': 'col_01', 'type': 'spiral', 'fy': 60, 'fpc': 4.0, 'diameter': 60, 'nLongBars': 48, 'dLongBars': 2.257, 'sTranBars': 3, 'dTranBars': 0.625, 'axLoad': 0.1, 'height': 201.94799999999992, 'column_parameters': {'nd_params': {'a0': 3.365799999999999, 'a1': 1.0188098000000003, 'a2': 0.05113269292952138, 'a3': 0.1, 'a4': 0.2215330084182543, 'a5': 1.8042736234226555}, 'strength_stiffness': {'strength': 185354.88191091135, 'stiffness': 170345809.40333876, 'E': 3604.9965325919525, 'I': 636172.512351933}}, 'model_parameters': [0.5451407632878438, 0.9748346882632679, 1.7535893968554452, 0.10498540888463873, 0.04890168142530755, 0.45916346587858436, 1.7851446781661122, 0.8832348937443905, 0.007787432886215936, 7.148751227179456, 0.7082924763292413, 0.02305213603704431, 3.3949469239810903, 1.306856467501284], 'min_error': 0.05359017936806385, 'failure_mode': 'Shear'}]",0.05359017936806385,Shear
1214,-122.30274935849044,37.90736142952837,"[ecpz,ecnt]",as_04,aerial_02_rich_berk,p_059,aerial el cerrito plaza to el cerrito del norte,"[red,orange]",74.0,footings,1,"[{'column_id': 'col_01', 'type': 'spiral', 'fy': 60, 'fpc': 4.0, 'diameter': 60, 'nLongBars': 48, 'dLongBars': 2.257, 'sTranBars': 3, 'dTranBars': 0.625, 'axLoad': 0.1, 'height': 194.928, 'column_parameters': {'nd_params': {'a0': 3.2488, 'a1': 1.0188098000000003, 'a2': 0.05113269292952138, 'a3': 0.1, 'a4': 0.2215330084182543, 'a5': 1.8507228116390948}, 'strength_stiffness': {'strength': 180702.8704143379, 'stiffness': 176480523.66712552, 'E': 3604.9965325919525, 'I': 636172.512351933}}, 'model_parameters': [0.5596169062566465, 0.9783773183746326, 1.7340983948265203, 0.10157134182250017, 0.04513819447799093, 0.576797025773385, 1.8780099527535086, 0.8873904876186459, 0.007382318928276988, 7.063886768440718, 0.6999304617194527, 0.023805823752424973, 3.3748661006893217, 1.3053495936342943], 'min_error': 0.05323661027615285, 'failure_mode': 'Shear'}]",0.05323661027615285,Shear
1215,-122.30288846370095,37.90753239183384,"[ecpz,ecnt]",as_04,aerial_02_rich_berk,p_060,aerial el cerrito plaza to el cerrito del norte,"[red,orange]",74.0,footings,1,"[{'column_id': 'col_01', 'type': 'spiral', 'fy': 60, 'fpc': 4.0, 'diameter': 60, 'nLongBars': 48, 'dLongBars': 2.257, 'sTranBars': 3, 'dTranBars': 0.625, 'axLoad': 0.1, 'height': 199.89600000000002, 'column_parameters': {'nd_params': {'a0': 3.3316000000000003, 'a1': 1.0188098000000003, 'a2': 0.05113269292952138, 'a3': 0.1, 'a4': 0.2215330084182543, 'a5': 1.8176081393183536}, 'strength_stiffness': {'strength': 183995.06316575917, 'stiffness': 172094466.7096162, 'E': 3604.9965325919525, 'I': 636172.512351933}}, 'model_parameters': [0.549395382653036, 0.9758801801277236, 1.7478571383425963, 0.10391610553589983, 0.0477867277561085, 0.4931983655006206, 1.8118944269825348, 0.8844845118253426, 0.007669404290874391, 7.12419355579177, 0.7058173163111036, 0.023272677731161977, 3.3888126682363415, 1.3061243778731475], 'min_error': 0.05348823172383442, 'failure_mode': 'Shear'}]",0.05348823172383442,Shear
1216,-122.30302756602063,37.90770335127624,"[ecpz,ecnt]",as_04,aerial_02_rich_berk,p_061,aerial el cerrito plaza to el cerrito del norte,"[red,orange]",74.0,footings,1,"[{'column_id': 'col_01', 'type': 'spiral', 'fy': 60, 'fpc': 4.0, 'diameter': 60, 'nLongBars': 48, 'dLongBars': 2.257, 'sTranBars': 3, 'dTranBars': 0.625, 'axLoad': 0.1, 'height': 240.87599999999992, 'column_parameters': {'nd_params': {'a0': 4.014599999999999, 'a1': 1.0188098000000003, 'a2': 0.05113269292952138, 'a3': 0.1, 'a4': 0.2215330084182543, 'a5': 1.582432633061808}, 'strength_stiffness': {'strength': 211339.7546392839, 'stiffness': 142816202.1844661, 'E': 3604.9965325919525, 'I': 636172.512351933}}, 'model_parameters': [0.46222732204035977, 0.9537199757127579, 1.8668045733673815, 0.13486028894595098, 0.07195671275988404, -0.14162532917563816, 1.3283504550235026, 0.8550565929464358, 0.009989963233905457, 7.593245066014826, 0.7592042823042114, 0.01883844420752004, 3.5452026782651616, 1.3361166333995702], 'min_error': 0.055344412757536765, 'failure_mode': 'Shear'}]",0.055344412757536765,Shear
1217,-122.30316667251404,37.90787431324129,"[ecpz,ecnt]",as_04,aerial_02_rich_berk,p_062,aerial el cerrito plaza to el cerrito del norte,"[red,orange]",74.0,footings,1,"[{'column_id': 'col_01', 'type': 'spiral', 'fy': 60, 'fpc': 4.0, 'diameter': 60, 'nLongBars': 48, 'dLongBars': 2.257, 'sTranBars': 3, 'dTranBars': 0.625, 'axLoad': 0.1, 'height': 281.856, 'column_parameters': {'nd_params': {'a0': 4.6976, 'a1': 1.0188098000000003, 'a2': 0.05113269292952138, 'a3': 0.1, 'a4': 0.2215330084182543, 'a5': 1.3523573843430545}, 'strength_stiffness': {'strength': 247294.7818944603, 'stiffness': 122051670.06338501, 'E': 3604.9965325919525, 'I': 636172.512351933}}, 'model_parameters': [1.0868801028351207, 0.9876499094166356, 1.3274973246399273, 0.23776892439353137, 0.49314350397856066, 3.786737005816752, 1.6967933253371252, 0.872675258246999, 0.012609863681296662, 9.050083887823936, 0.2103972825093161, 0.008183792983703699, 5.72827336925028, -0.03703542581191452], 'min_error': 0.05636200377626536, 'failure_mode': 'Flexure'}]",0.05636200377626536,Flexure
1218,-122.30330577971571,37.9080452777819,"[ecpz,ecnt]",as_04,aerial_02_rich_berk,p_063,aerial el cerrito plaza to el cerrito del norte,"[red,orange]",74.0,footings,1,"[{'column_id': 'col_01', 'type': 'spiral', 'fy': 60, 'fpc': 4.0, 'diameter': 60, 'nLongBars': 48, 'dLongBars': 2.257, 'sTranBars': 3, 'dTranBars': 0.625, 'axLoad': 0.1, 'height': 310.83600000000007, 'column_parameters': {'nd_params': {'a0': 5.180600000000001, 'a1': 1.0188098000000003, 'a2': 0.05113269292952138, 'a3': 0.1, 'a4': 0.2215330084182543, 'a5': 1.2262738000791282}, 'strength_stiffness': {'strength': 272721.2506561736, 'stiffness': 110672494.55463794, 'E': 3604.9965325919525, 'I': 636172.512351933}}, 'model_parameters': [1.1970375802689641, 0.9873420167163988, 1.4193700475622804, 0.1967093328703693, 0.5126371571317854, 3.5001913829770213, 1.619754502707446, 0.8811138822736656, 0.012260410418868483, 9.451495601300028, 0.2177553783724144, 0.006964950033846423, 5.692285802348584, -0.03999923149310025], 'min_error': 0.05965417525417184, 'failure_mode': 'Flexure'}]",0.05965417525417184,Flexure
1219,-122.3034448874253,37.908216236660756,"[ecpz,ecnt]",as_04,aerial_02_rich_berk,p_064,aerial el cerrito plaza to el cerrito del norte,"[red,orange]",74.0,footings,1,"[{'column_id': 'col_01', 'type': 'spiral', 'fy': 60, 'fpc': 4.0, 'diameter': 60, 'nLongBars': 48, 'dLongBars': 2.257, 'sTranBars': 3, 'dTranBars': 0.625, 'axLoad': 0.1, 'height': 315.8039999999999, 'column_parameters': {'nd_params': {'a0': 5.263399999999999, 'a1': 1.0188098000000003, 'a2': 0.05113269292952138, 'a3': 0.1, 'a4': 0.2215330084182543, 'a5': 1.206982948035478}, 'strength_stiffness': {'strength': 277080.0738724672, 'stiffness': 108931474.9572059, 'E': 3604.9965325919525, 'I': 636172.512351933}}, 'model_parameters': [1.2146684245717756, 0.9873503190916256, 1.4328097063837513, 0.1894903094976973, 0.5158886491299263, 3.45801449324973, 1.6061505418779258, 0.8824309432713202, 0.012204859623595538, 9.51391275063343, 0.218619310844244, 0.00680299223599117, 5.687365980550546, -0.039011255088505656], 'min_error': 0.06017695728067398, 'failure_mode': 'Flexure'}]",0.06017695728067398,Flexure
1220,-122.30358399237764,37.90838719816812,"[ecpz,ecnt]",as_04,aerial_02_rich_berk,p_065,aerial el cerrito plaza to el cerrito del norte,"[red,orange]",74.0,footings,1,"[{'column_id': 'col_01', 'type': 'spiral', 'fy': 60, 'fpc': 4.0, 'diameter': 60, 'nLongBars': 48, 'dLongBars': 2.257, 'sTranBars': 3, 'dTranBars': 0.625, 'axLoad': 0.1, 'height': 308.784, 'column_parameters': {'nd_params': {'a0': 5.1464, 'a1': 1.0188098000000003, 'a2': 0.05113269292952138, 'a3': 0.1, 'a4': 0.2215330084182543, 'a5': 1.2344229070204282}, 'strength_stiffness': {'strength': 270920.8671537914, 'stiffness': 111407959.9894601, 'E': 3604.9965325919525, 'I': 636172.512351933}}, 'model_parameters': [1.189582268237313, 0.9873433497782177, 1.4136387923291922, 0.19968176888053857, 0.511287107020828, 3.518153370623821, 1.6254307883201848, 0.8805597778508408, 0.01228369488077957, 9.425220689443108, 0.21736754969517869, 0.007035508892990809, 5.6944153159414235, -0.04029067087360476], 'min_error': 0.059435001058738425, 'failure_mode': 'Flexure'}]",0.059435001058738425,Flexure
1221,-122.30372310137017,37.90855815670656,"[ecpz,ecnt]",as_04,aerial_02_rich_berk,p_066,aerial el cerrito plaza to el cerrito del norte,"[red,orange]",80.5,footings,1,"[{'column_id': 'col_01', 'type': 'spiral', 'fy': 60, 'fpc': 4.0, 'diameter': 60, 'nLongBars': 48, 'dLongBars': 2.257, 'sTranBars': 3, 'dTranBars': 0.625, 'axLoad': 0.1, 'height': 277.76400000000007, 'column_parameters': {'nd_params': {'a0': 4.629400000000001, 'a1': 1.0188098000000003, 'a2': 0.05113269292952138, 'a3': 0.1, 'a4': 0.2215330084182543, 'a5': 1.372280219615918}, 'strength_stiffness': {'strength': 243704.54344818945, 'stiffness': 123849726.8090373, 'E': 3604.9965325919525, 'I': 636172.512351933}}, 'model_parameters': [1.0716997222138693, 0.9877491123320706, 1.3124174312861467, 0.24359204349202368, 0.49030857153731133, 3.8335438305497602, 1.6997363673183812, 0.8713655185332102, 0.012663180313641718, 8.987491617399161, 0.20899571112687826, 0.008398761015277444, 5.734494753560452, -0.03525206733302083], 'min_error': 0.055859202867930814, 'failure_mode': 'Flexure'}]",0.055859202867930814,Flexure
1222,-122.30388649807894,37.9087589697137,"[ecpz,ecnt]",as_04,aerial_02_rich_berk,p_067,aerial el cerrito plaza to el cerrito del norte,"[red,orange]",80.5,footings,1,"[{'column_id': 'col_01', 'type': 'spiral', 'fy': 60, 'fpc': 4.0, 'diameter': 60, 'nLongBars': 48, 'dLongBars': 2.257, 'sTranBars': 3, 'dTranBars': 0.625, 'axLoad': 0.1, 'height': 247.608, 'column_parameters': {'nd_params': {'a0': 4.1268, 'a1': 1.0188098000000003, 'a2': 0.05113269292952138, 'a3': 0.1, 'a4': 0.2215330084182543, 'a5': 1.5394092392870824}, 'strength_stiffness': {'strength': 217246.27595411675, 'stiffness': 138933295.8441789, 'E': 3604.9965325919525, 'I': 636172.512351933}}, 'model_parameters': [0.44967792778844295, 0.9502614560444387, 1.8857142598002048, 0.14093570751993484, 0.0756587706548491, -0.25224093489973287, 1.2417697801487595, 0.8508530612253999, 0.010380745480278392, 7.679331879368663, 0.7674164645950183, 0.018114219331135835, 3.5661146301264774, 1.3352851020545584], 'min_error': 0.055674695195544535, 'failure_mode': 'Shear'}]",0.055674695195544535,Shear
1223,-122.30402742036189,37.90893215531362,"[ecpz,ecnt]",as_04,aerial_02_rich_berk,p_068,aerial el cerrito plaza to el cerrito del norte,"[red,orange]",74.0,footings,1,"[{'column_id': 'col_01', 'type': 'spiral', 'fy': 60, 'fpc': 4.0, 'diameter': 60, 'nLongBars': 48, 'dLongBars': 2.257, 'sTranBars': 3, 'dTranBars': 0.625, 'axLoad': 0.1, 'height': 228.64800000000002, 'column_parameters': {'nd_params': {'a0': 3.8108, 'a1': 1.0188098000000003, 'a2': 0.05113269292952138, 'a3': 0.1, 'a4': 0.2215330084182543, 'a5': 1.6470500390057718}, 'strength_stiffness': {'strength': 203048.42991069957, 'stiffness': 150453953.31420106, 'E': 3604.9965325919525, 'I': 636172.512351933}}, 'model_parameters': [0.48847258939162985, 0.9605613784579278, 1.8305139411090376, 0.12375280844153715, 0.06440482502662837, 0.03978745212042524, 1.4635893681097873, 0.8646359418027476, 0.00930357949610976, 7.455696179259424, 0.7425679160251644, 0.020166901277137262, 3.4924884576310484, 1.3252519746134803], 'min_error': 0.054822644564907055, 'failure_mode': 'Shear'}]",0.054822644564907055,Shear
1224,-122.3041683398376,37.90910534079181,"[ecpz,ecnt]",as_04,aerial_02_rich_berk,p_069,aerial el cerrito plaza to el cerrito del norte,"[red,orange]",74.0,footings,1,"[{'column_id': 'col_01', 'type': 'spiral', 'fy': 60, 'fpc': 4.0, 'diameter': 60, 'nLongBars': 48, 'dLongBars': 2.257, 'sTranBars': 3, 'dTranBars': 0.625, 'axLoad': 0.1, 'height': 233.68800000000005, 'column_parameters': {'nd_params': {'a0': 3.894800000000001, 'a1': 1.0188098000000003, 'a2': 0.05113269292952138, 'a3': 0.1, 'a4': 0.2215330084182543, 'a5': 1.620396440677492}, 'strength_stiffness': {'strength': 206388.33560054723, 'stiffness': 147209080.1298545, 'E': 3604.9965325919525, 'I': 636172.512351933}}, 'model_parameters': [0.4775711362170097, 0.9577423821871405, 1.8454688890141868, 0.12819764346619145, 0.06751623476924425, -0.03501453457246725, 1.407815029001552, 0.86069055278626, 0.009586315025222163, 7.511942336268405, 0.7494223241810449, 0.01961937220540066, 3.5141934927460494, 1.3299120232696566], 'min_error': 0.05503781850899957, 'failure_mode': 'Shear'}]",0.05503781850899957,Shear
1225,-122.30430925643924,37.9092785234025,"[ecpz,ecnt]",as_04,aerial_02_rich_berk,p_070,aerial el cerrito plaza to el cerrito del norte,"[red,orange]",74.0,footings,1,"[{'column_id': 'col_01', 'type': 'spiral', 'fy': 60, 'fpc': 4.0, 'diameter': 60, 'nLongBars': 48, 'dLongBars': 2.257, 'sTranBars': 3, 'dTranBars': 0.625, 'axLoad': 0.1, 'height': 238.73999999999995, 'column_parameters': {'nd_params': {'a0': 3.978999999999999, 'a1': 1.0188098000000003, 'a2': 0.05113269292952138, 'a3': 0.1, 'a4': 0.2215330084182543, 'a5': 1.5945312962367117}, 'strength_stiffness': {'strength': 209736.1934467992, 'stiffness': 144093974.68955958, 'E': 3604.9965325919525, 'I': 636172.512351933}}, 'model_parameters': [0.4665920865145089, 0.9548814968481406, 1.8605817881344102, 0.13290306678608113, 0.07068715332478731, -0.10876624216079361, 1.3532947424117538, 0.8566133649948705, 0.009868610183987787, 7.568003799369637, 0.7564013351682145, 0.019069722527611445, 3.5368776469466985, 1.3350094483012132], 'min_error': 0.05524858374422206, 'failure_mode': 'Shear'}]",0.05524858374422206,Shear
1226,-122.3044501806303,37.90945170573261,"[ecpz,ecnt]",as_04,aerial_02_rich_berk,p_071,aerial el cerrito plaza to el cerrito del norte,"[red,orange]",74.0,footings,1,"[{'column_id': 'col_01', 'type': 'spiral', 'fy': 60, 'fpc': 4.0, 'diameter': 60, 'nLongBars': 48, 'dLongBars': 2.257, 'sTranBars': 3, 'dTranBars': 0.625, 'axLoad': 0.1, 'height': 231.77999999999997, 'column_parameters': {'nd_params': {'a0': 3.862999999999999, 'a1': 1.0188098000000003, 'a2': 0.05113269292952138, 'a3': 0.1, 'a4': 0.2215330084182543, 'a5': 1.6303846345280995}, 'strength_stiffness': {'strength': 205123.9427322477, 'stiffness': 148420897.04627427, 'E': 3604.9965325919525, 'I': 636172.512351933}}, 'model_parameters': [0.48170428413906996, 0.9588137888321575, 1.8397927107945424, 0.12648482631512253, 0.06633209997857717, -0.006843853563019158, 1.4287633946521232, 0.8621988338554237, 0.00947940863540939, 7.49068991850951, 0.7468144640399237, 0.019826748976724953, 3.5058654383552574, 1.328100199185741], 'min_error': 0.054956949557611004, 'failure_mode': 'Shear'}]",0.054956949557611004,Shear
1227,-122.3045911020809,37.90962489068676,"[ecpz,ecnt]",as_04,aerial_02_rich_berk,p_072,aerial el cerrito plaza to el cerrito del norte,"[red,orange]",74.0,footings,1,"[{'column_id': 'col_01', 'type': 'spiral', 'fy': 60, 'fpc': 4.0, 'diameter': 60, 'nLongBars': 48, 'dLongBars': 2.257, 'sTranBars': 3, 'dTranBars': 0.625, 'axLoad': 0.1, 'height': 236.82, 'column_parameters': {'nd_params': {'a0': 3.9469999999999996, 'a1': 1.0188098000000003, 'a2': 0.05113269292952138, 'a3': 0.1, 'a4': 0.2215330084182543, 'a5': 1.6042634103507782}, 'strength_stiffness': {'strength': 208463.84842209538, 'stiffness': 145262205.54592285, 'E': 3604.9965325919525, 'I': 636172.512351933}}, 'model_parameters': [0.4707706362036401, 0.9559728110084413, 1.8548241133931287, 0.1310862721334585, 0.06947606821393254, -0.08087820804924839, 1.3738557176756752, 0.8581769521536601, 0.009761457344583991, 7.546731558329643, 0.7537365397230167, 0.0192787093712827, 3.5281500446797573, 1.3330193102289523], 'min_error': 0.055169048278837056, 'failure_mode': 'Shear'}]",0.055169048278837056,Shear
1228,-122.3047320241898,37.90979807546618,"[ecpz,ecnt]",as_04,aerial_02_rich_berk,p_073,aerial el cerrito plaza to el cerrito del norte,"[red,orange]",74.0,footings,1,"[{'column_id': 'col_01', 'type': 'spiral', 'fy': 60, 'fpc': 4.0, 'diameter': 60, 'nLongBars': 48, 'dLongBars': 2.257, 'sTranBars': 3, 'dTranBars': 0.625, 'axLoad': 0.1, 'height': 241.86, 'column_parameters': {'nd_params': {'a0': 4.031, 'a1': 1.0188098000000003, 'a2': 0.05113269292952138, 'a3': 0.1, 'a4': 0.2215330084182543, 'a5': 1.5759945543760683}, 'strength_stiffness': {'strength': 212203.09643574795, 'stiffness': 142235158.84141836, 'E': 3604.9965325919525, 'I': 636172.512351933}}, 'model_parameters': [0.4604051479351196, 0.9532206275850377, 1.8695470928007405, 0.13571129268882937, 0.07248869332009136, -0.15800924081033607, 1.3154518697123712, 0.8544636468993086, 0.010047313132365478, 7.6059116960421695, 0.7603856405245384, 0.018732729350205563, 3.5480966232074618, 1.3358875065804985], 'min_error': 0.05539355264736358, 'failure_mode': 'Shear'}]",0.05539355264736358,Shear
1229,-122.30487294689021,37.90997125732518,"[ecpz,ecnt]",as_04,aerial_02_rich_berk,p_074,aerial el cerrito plaza to el cerrito del norte,"[red,orange]",74.0,footings,1,"[{'column_id': 'col_01', 'type': 'spiral', 'fy': 60, 'fpc': 4.0, 'diameter': 60, 'nLongBars': 48, 'dLongBars': 2.257, 'sTranBars': 3, 'dTranBars': 0.625, 'axLoad': 0.1, 'height': 198.90000000000003, 'column_parameters': {'nd_params': {'a0': 3.315000000000001, 'a1': 1.0188098000000003, 'a2': 0.05113269292952138, 'a3': 0.1, 'a4': 0.2215330084182543, 'a5': 1.8241517552421571}, 'strength_stiffness': {'strength': 183335.03418419405, 'stiffness': 172956236.8898212, 'E': 3604.9965325919525, 'I': 636172.512351933}}, 'model_parameters': [0.5514538281854799, 0.9763847175137806, 1.7450850544982488, 0.1034181003070937, 0.047249912354940166, 0.5098210469396229, 1.8249943052990756, 0.8850808060440194, 0.007612007265282218, 7.112203202731959, 0.7046249863472461, 0.02337965590149884, 3.3859128511533005, 1.3058439874279493], 'min_error': 0.053438336464156216, 'failure_mode': 'Shear'}]",0.053438336464156216,Shear
1230,-122.30501387024891,37.91014443900948,"[ecpz,ecnt]",as_04,aerial_02_rich_berk,p_075,aerial el cerrito plaza to el cerrito del norte,"[red,orange]",74.0,footings,1,"[{'column_id': 'col_01', 'type': 'spiral', 'fy': 60, 'fpc': 4.0, 'diameter': 60, 'nLongBars': 48, 'dLongBars': 2.257, 'sTranBars': 3, 'dTranBars': 0.625, 'axLoad': 0.1, 'height': 203.95199999999994, 'column_parameters': {'nd_params': {'a0': 3.399199999999999, 'a1': 1.0188098000000003, 'a2': 0.05113269292952138, 'a3': 0.1, 'a4': 0.2215330084182543, 'a5': 1.7914385231933103}, 'strength_stiffness': {'strength': 186682.89203044603, 'stiffness': 168672018.50134078, 'E': 3604.9965325919525, 'I': 636172.512351933}}, 'model_parameters': [0.5409685879142596, 0.9738059591893875, 1.759214494073567, 0.10608515093015336, 0.05000202111439829, 0.4261950571064947, 1.7593258847304145, 0.8819875664920108, 0.00790243338917725, 7.172556901567636, 0.7107335697321269, 0.02283657340486791, 3.401141807889397, 1.3077392337925624], 'min_error': 0.05368865920760684, 'failure_mode': 'Shear'}]",0.05368865920760684,Shear
1231,-122.3051547943328,37.91031762326484,"[ecpz,ecnt]",as_04,aerial_02_rich_berk,p_076,aerial el cerrito plaza to el cerrito del norte,"[red,orange]",80.5,footings,1,"[{'column_id': 'col_01', 'type': 'spiral', 'fy': 60, 'fpc': 4.0, 'diameter': 60, 'nLongBars': 48, 'dLongBars': 2.257, 'sTranBars': 3, 'dTranBars': 0.625, 'axLoad': 0.1, 'height': 220.99199999999996, 'column_parameters': {'nd_params': {'a0': 3.683199999999999, 'a1': 1.0188098000000003, 'a2': 0.05113269292952138, 'a3': 0.1, 'a4': 0.2215330084182543, 'a5': 1.6892587543868804}, 'strength_stiffness': {'strength': 197974.95412469286, 'stiffness': 155666248.17814875, 'E': 3604.9965325919525, 'I': 636172.512351933}}, 'model_parameters': [0.5049263462290505, 0.9647725512854586, 1.8080437642458365, 0.1175118636973893, 0.05978367433789676, 0.1558962149301368, 1.5511142923599337, 0.8703819516604191, 0.00887202643083562, 7.369485933962955, 0.7323744447127641, 0.020996973967390052, 3.461390646651433, 1.3188881752033403], 'min_error': 0.054485845994320777, 'failure_mode': 'Shear'}]",0.054485845994320777,Shear
1232,-122.30531820226211,37.91051843416115,"[ecpz,ecnt]",as_04,aerial_02_rich_berk,p_077,aerial el cerrito plaza to el cerrito del norte,"[red,orange]",72.0,footings,1,"[{'column_id': 'col_01', 'type': 'spiral', 'fy': 60, 'fpc': 4.0, 'diameter': 60, 'nLongBars': 48, 'dLongBars': 2.257, 'sTranBars': 3, 'dTranBars': 0.625, 'axLoad': 0.1, 'height': 238.83600000000007, 'column_parameters': {'nd_params': {'a0': 3.9806000000000017, 'a1': 1.0188098000000003, 'a2': 0.05113269292952138, 'a3': 0.1, 'a4': 0.2215330084182543, 'a5': 1.5940477891365972}, 'strength_stiffness': {'strength': 209799.81069803447, 'stiffness': 144036056.194985, 'E': 3604.9965325919525, 'I': 636172.512351933}}, 'model_parameters': [0.46638296688353453, 0.9548268031638559, 1.8608701168647936, 0.1329948042792006, 0.07074789708225926, -0.11015617597578213, 1.3522717379282228, 0.8565347404224856, 0.009873963533494293, 7.56906639160791, 0.7565349687893694, 0.01905927021393985, 3.5373174003691856, 1.3351107036138785], 'min_error': 0.055252542618607896, 'failure_mode': 'Shear'}]",0.055252542618607896,Shear
1233,-122.30542538300566,37.910650146571015,"[ecpz,ecnt]",as_04,aerial_02_rich_berk,p_078,aerial el cerrito plaza to el cerrito del norte,"[red,orange]",63.5,footings,1,"[{'column_id': 'col_01', 'type': 'spiral', 'fy': 60, 'fpc': 4.0, 'diameter': 60, 'nLongBars': 48, 'dLongBars': 2.257, 'sTranBars': 3, 'dTranBars': 0.625, 'axLoad': 0.1, 'height': 242.676, 'column_parameters': {'nd_params': {'a0': 4.0446, 'a1': 1.0188098000000003, 'a2': 0.05113269292952138, 'a3': 0.1, 'a4': 0.2215330084182543, 'a5': 1.5706952600232242}, 'strength_stiffness': {'strength': 212919.0384133034, 'stiffness': 141756891.97689697, 'E': 3604.9965325919525, 'I': 636172.512351933}}, 'model_parameters': [0.4588908888345098, 0.952804897831063, 1.871827064221764, 0.1364268966555054, 0.07293226976528154, -0.17153879961389396, 1.3048199477663658, 0.8539662457043161, 0.010094811081125947, 7.616393063737704, 0.7613703368244922, 0.018645025395049076, 3.5505395908662316, 1.3357256028169693], 'min_error': 0.05543407405225031, 'failure_mode': 'Shear'}]",0.05543407405225031,Shear
1234,-122.3055579318101,37.9108130370923,"[ecpz,ecnt]",as_04,aerial_02_rich_berk,p_079,aerial el cerrito plaza to el cerrito del norte,"[red,orange]",67.0,footings,1,"[{'column_id': 'col_01', 'type': 'spiral', 'fy': 60, 'fpc': 4.0, 'diameter': 60, 'nLongBars': 48, 'dLongBars': 2.257, 'sTranBars': 3, 'dTranBars': 0.625, 'axLoad': 0.1, 'height': 271.41599999999994, 'column_parameters': {'nd_params': {'a0': 4.523599999999999, 'a1': 1.0188098000000003, 'a2': 0.05113269292952138, 'a3': 0.1, 'a4': 0.2215330084182543, 'a5': 1.404375729217865}, 'strength_stiffness': {'strength': 238134.93600514738, 'stiffness': 126746380.1595538, 'E': 3604.9965325919525, 'I': 636172.512351933}}, 'model_parameters': [1.0488442361833492, 0.9879342630140606, 1.2878417934292874, 0.2528795804596411, 0.4858643413431732, 3.909723791365618, 1.6938278885491536, 0.8692674031124291, 0.012748119965361243, 8.887030757686329, 0.20661806491988238, 0.008756286238138112, 5.744785414782578, -0.031720039602453204], 'min_error': 0.055057917526596556, 'failure_mode': 'Flexure'}]",0.055057917526596556,Flexure
1235,-122.30567780083103,37.91096034106105,"[ecpz,ecnt]",as_04,aerial_02_rich_berk,p_080,aerial el cerrito plaza to el cerrito del norte,"[red,orange]",64.0,footings,1,"[{'column_id': 'col_01', 'type': 'spiral', 'fy': 60, 'fpc': 4.0, 'diameter': 60, 'nLongBars': 48, 'dLongBars': 2.257, 'sTranBars': 3, 'dTranBars': 0.625, 'axLoad': 0.1, 'height': 275.69999999999993, 'column_parameters': {'nd_params': {'a0': 4.594999999999999, 'a1': 1.0188098000000003, 'a2': 0.05113269292952138, 'a3': 0.1, 'a4': 0.2215330084182543, 'a5': 1.3825536558628801}, 'strength_stiffness': {'strength': 241893.63138731368, 'stiffness': 124776915.18819533, 'E': 3604.9965325919525, 'I': 636172.512351933}}, 'model_parameters': [1.064185702854221, 0.9878050493371721, 1.3045880755083772, 0.24657128083155222, 0.48886989208254245, 3.8578262979120814, 1.6993040004380844, 0.8706923755331506, 0.01269049377532145, 8.955286883581941, 0.20825037731815957, 0.00851172821258186, 5.737753476579375, -0.034208066980766214], 'min_error': 0.055601574167328124, 'failure_mode': 'Flexure'}]",0.055601574167328124,Flexure
1236,-122.30579767026136,37.911107642157674,"[ecpz,ecnt]",as_04,aerial_02_rich_berk,p_081,aerial el cerrito plaza to el cerrito del norte,"[red,orange]",64.0,footings,1,"[{'column_id': 'col_01', 'type': 'spiral', 'fy': 60, 'fpc': 4.0, 'diameter': 60, 'nLongBars': 48, 'dLongBars': 2.257, 'sTranBars': 3, 'dTranBars': 0.625, 'axLoad': 0.1, 'height': 279.9839999999999, 'column_parameters': {'nd_params': {'a0': 4.6663999999999985, 'a1': 1.0188098000000003, 'a2': 0.05113269292952138, 'a3': 0.1, 'a4': 0.2215330084182543, 'a5': 1.3613993761121923}, 'strength_stiffness': {'strength': 245652.32676948, 'stiffness': 122867719.28890742, 'E': 3604.9965325919525, 'I': 636172.512351933}}, 'model_parameters': [1.0798884311740757, 0.9876933926125013, 1.3206704515764653, 0.24042123651242356, 0.4918493993487991, 3.807933356984019, 1.6987245716910861, 0.8720801108530982, 0.012634119399328536, 9.02165295361346, 0.20976845649962797, 0.008280674700778645, 5.7310806531258205, -0.036266110460664344], 'min_error': 0.05613327702720586, 'failure_mode': 'Flexure'}]",0.05613327702720586,Flexure
1237,-122.30591753670231,37.911254943180865,"[ecpz,ecnt]",as_04,aerial_02_rich_berk,p_082,aerial el cerrito plaza to el cerrito del norte,"[red,orange]",71.0,footings,1,"[{'column_id': 'col_01', 'type': 'spiral', 'fy': 60, 'fpc': 4.0, 'diameter': 60, 'nLongBars': 48, 'dLongBars': 2.257, 'sTranBars': 3, 'dTranBars': 0.625, 'axLoad': 0.1, 'height': 284.28, 'column_parameters': {'nd_params': {'a0': 4.7379999999999995, 'a1': 1.0188098000000003, 'a2': 0.05113269292952138, 'a3': 0.1, 'a4': 0.2215330084182543, 'a5': 1.3408260972329955}, 'strength_stiffness': {'strength': 249421.55071013983, 'stiffness': 121010959.32666895, 'E': 3604.9965325919525, 'I': 636172.512351933}}, 'model_parameters': [1.0960423934450008, 0.987598255925301, 1.336161347035988, 0.2343559147023912, 0.49481231661997477, 3.7598208625281164, 1.6930195608964536, 0.8734360317912025, 0.01257878730631337, 9.086400829437075, 0.21118126529934256, 0.008061921623702445, 5.724733444530385, -0.0379176656289956], 'min_error': 0.05665500843559059, 'failure_mode': 'Flexure'}]",0.05665500843559059,Flexure
1238,-122.30606483376464,37.91143595064612,"[ecpz,ecnt]",as_04,aerial_02_rich_berk,p_083,aerial el cerrito plaza to el cerrito del norte,"[red,orange]",78.0,footings,1,"[{'column_id': 'col_01', 'type': 'spiral', 'fy': 60, 'fpc': 4.0, 'diameter': 60, 'nLongBars': 48, 'dLongBars': 2.257, 'sTranBars': 3, 'dTranBars': 0.625, 'axLoad': 0.1, 'height': 289.54800000000006, 'column_parameters': {'nd_params': {'a0': 4.825800000000001, 'a1': 1.0188098000000003, 'a2': 0.05113269292952138, 'a3': 0.1, 'a4': 0.2215330084182543, 'a5': 1.3164312753719447}, 'strength_stiffness': {'strength': 254043.58788877018, 'stiffness': 118809301.10857418, 'E': 3604.9965325919525, 'I': 636172.512351933}}, 'model_parameters': [1.1162749605892035, 0.9875035018611952, 1.3543287118353504, 0.226981075756267, 0.498413198228308, 3.703319421022622, 1.6810810060833083, 0.8750522730649165, 0.012512498014691788, 9.163461658747238, 0.21277118626142005, 0.007810525718229592, 5.7173982560014736, -0.03940634206562324], 'min_error': 0.05727986882651763, 'failure_mode': 'Flexure'}]",0.05727986882651763,Flexure
1239,-122.30621213161307,37.91161696066627,"[ecpz,ecnt]",as_04,aerial_02_rich_berk,p_084,aerial el cerrito plaza to el cerrito del norte,"[red,orange]",78.0,footings,1,"[{'column_id': 'col_01', 'type': 'spiral', 'fy': 60, 'fpc': 4.0, 'diameter': 60, 'nLongBars': 48, 'dLongBars': 2.257, 'sTranBars': 3, 'dTranBars': 0.625, 'axLoad': 0.1, 'height': 270.816, 'column_parameters': {'nd_params': {'a0': 4.513599999999999, 'a1': 1.0188098000000003, 'a2': 0.05113269292952138, 'a3': 0.1, 'a4': 0.2215330084182543, 'a5': 1.4074871607342105}, 'strength_stiffness': {'strength': 237608.50808047428, 'stiffness': 127027190.1120519, 'E': 3604.9965325919525, 'I': 636172.512351933}}, 'model_parameters': [1.0467146318134992, 0.9879538093043784, 1.285441577926398, 0.2537790512727024, 0.485441243985238, 3.9171578988420768, 1.6925546681455772, 0.8690647536464551, 0.012756294183252859, 8.877314591253995, 0.20638002109253217, 0.00879165270554511, 5.745799920894627, -0.031336086132952835], 'min_error': 0.054980788489632906, 'failure_mode': 'Flexure'}]",0.054980788489632906,Flexure
1240,-122.30635943011382,37.91179796774977,"[ecpz,ecnt]",as_04,aerial_02_rich_berk,p_085,aerial el cerrito plaza to el cerrito del norte,"[red,orange]",78.0,footings,1,"[{'column_id': 'col_01', 'type': 'spiral', 'fy': 60, 'fpc': 4.0, 'diameter': 60, 'nLongBars': 48, 'dLongBars': 2.257, 'sTranBars': 3, 'dTranBars': 0.625, 'axLoad': 0.1, 'height': 252.08400000000006, 'column_parameters': {'nd_params': {'a0': 4.201400000000001, 'a1': 1.0188098000000003, 'a2': 0.05113269292952138, 'a3': 0.1, 'a4': 0.2215330084182543, 'a5': 1.512075510232287}, 'strength_stiffness': {'strength': 221173.4282721785, 'stiffness': 136466398.17436028, 'E': 3604.9965325919525, 'I': 636172.512351933}}, 'model_parameters': [0.4412275184431379, 0.9479093880913853, 1.898469660733995, 0.14528400120819165, 0.0781979925377163, -0.3239536213309637, 1.1862741205132548, 0.8478754584911947, 0.010638581174986067, 7.735889580221273, 0.7730382721114255, 0.017631474022905366, 3.581403251950102, 1.3356725504563978], 'min_error': 0.05588694803523795, 'failure_mode': 'Shear'}]",0.05588694803523795,Shear
1241,-122.30650672933376,37.91197897464242,"[ecpz,ecnt]",as_04,aerial_02_rich_berk,p_086,aerial el cerrito plaza to el cerrito del norte,"[red,orange]",82.5,footings,1,"[{'column_id': 'col_01', 'type': 'spiral', 'fy': 60, 'fpc': 4.0, 'diameter': 60, 'nLongBars': 48, 'dLongBars': 2.257, 'sTranBars': 3, 'dTranBars': 0.625, 'axLoad': 0.1, 'height': 233.35199999999998, 'column_parameters': {'nd_params': {'a0': 3.8891999999999998, 'a1': 1.0188098000000003, 'a2': 0.05113269292952138, 'a3': 0.1, 'a4': 0.2215330084182543, 'a5': 1.6221464802306238}, 'strength_stiffness': {'strength': 206165.675221224, 'stiffness': 147421044.24811208, 'E': 3604.9965325919525, 'I': 636172.512351933}}, 'model_parameters': [0.4782995225236688, 0.9579314245474916, 1.8444680340947195, 0.1278934016074086, 0.06730716434344175, -0.030066475086700236, 1.4114895809653287, 0.8609574390304595, 0.00956750024904499, 7.508203157468692, 0.7489619487014146, 0.019655899908309037, 3.5127172415377483, 1.3295886037584075], 'min_error': 0.05502362877479288, 'failure_mode': 'Shear'}]",0.05502362877479288,Shear
1242,-122.30667014105359,37.912179780902534,"[ecpz,ecnt]",as_04,aerial_02_rich_berk,p_087,aerial el cerrito plaza to el cerrito del norte,"[red,orange]",78.5,footings,1,"[{'column_id': 'col_01', 'type': 'spiral', 'fy': 60, 'fpc': 4.0, 'diameter': 60, 'nLongBars': 48, 'dLongBars': 2.257, 'sTranBars': 3, 'dTranBars': 0.625, 'axLoad': 0.1, 'height': 215.20799999999997, 'column_parameters': {'nd_params': {'a0': 3.5867999999999998, 'a1': 1.0188098000000003, 'a2': 0.05113269292952138, 'a3': 0.1, 'a4': 0.2215330084182543, 'a5': 1.7226097341999576}, 'strength_stiffness': {'strength': 194142.01473777246, 'stiffness': 159849984.74678195, 'E': 3604.9965325919525, 'I': 636172.512351933}}, 'model_parameters': [0.5172606558792615, 0.9678936963684605, 1.7912779495595434, 0.1132343412282063, 0.056381926447674646, 0.24572409478988144, 1.6196196060436991, 0.8745127896994649, 0.008544374207568215, 7.303564947831163, 0.724859361971627, 0.021622679296833383, 3.4394892709137386, 1.3145905509692204], 'min_error': 0.05422294913710477, 'failure_mode': 'Shear'}]",0.05422294913710477,Shear
1243,-122.30680132279905,37.91234097972385,"[ecpz,ecnt]",as_04,aerial_02_rich_berk,p_088,aerial el cerrito plaza to el cerrito del norte,"[red,orange]",70.0,footings,1,"[{'column_id': 'col_01', 'type': 'spiral', 'fy': 60, 'fpc': 4.0, 'diameter': 60, 'nLongBars': 48, 'dLongBars': 2.257, 'sTranBars': 3, 'dTranBars': 0.625, 'axLoad': 0.1, 'height': 195.90000000000003, 'column_parameters': {'nd_params': {'a0': 3.265000000000001, 'a1': 1.0188098000000003, 'a2': 0.05113269292952138, 'a3': 0.1, 'a4': 0.2215330084182543, 'a5': 1.844149246869187}, 'strength_stiffness': {'strength': 181346.99508309428, 'stiffness': 175604877.57726103, 'E': 3604.9965325919525, 'I': 636172.512351933}}, 'model_parameters': [0.5576262984448435, 0.977892620165146, 1.7367767362955115, 0.10200246756105974, 0.04565059986044601, 0.5603043517693466, 1.8649202936113287, 0.8868355204988423, 0.00743865161296331, 7.075787835160023, 0.7010702125588419, 0.023701603302334586, 3.377491782511864, 1.3053654150248521], 'min_error': 0.0532863870510297, 'failure_mode': 'Shear'}]",0.0532863870510297,Shear
1244,-122.30693250158225,37.91250217570103,"[ecpz,ecnt]",as_04,aerial_02_rich_berk,p_089,aerial el cerrito plaza to el cerrito del norte,"[red,orange]",70.0,footings,1,"[{'column_id': 'col_01', 'type': 'spiral', 'fy': 60, 'fpc': 4.0, 'diameter': 60, 'nLongBars': 48, 'dLongBars': 2.257, 'sTranBars': 3, 'dTranBars': 0.625, 'axLoad': 0.1, 'height': 200.59199999999993, 'column_parameters': {'nd_params': {'a0': 3.3431999999999986, 'a1': 1.0188098000000003, 'a2': 0.05113269292952138, 'a3': 0.1, 'a4': 0.2215330084182543, 'a5': 1.813063287787695}, 'strength_stiffness': {'strength': 184456.28823721426, 'stiffness': 171497345.4444118, 'E': 3604.9965325919525, 'I': 636172.512351933}}, 'model_parameters': [0.5479543367977919, 0.9755264724514069, 1.7497982489430934, 0.1042722918682736, 0.0481635516820306, 0.48162259460151524, 1.802785544371842, 0.8840638305459959, 0.007709470112812116, 7.132544538138048, 0.7066540437268588, 0.023197895245352766, 3.3908693063819877, 1.306350773463308], 'min_error': 0.05352293773065279, 'failure_mode': 'Shear'}]",0.05352293773065279,Shear
1245,-122.30706368446853,37.91266337421956,"[ecpz,ecnt]",as_04,aerial_02_rich_berk,p_090,aerial el cerrito plaza to el cerrito del norte,"[red,orange]",70.0,footings,1,"[{'column_id': 'col_01', 'type': 'spiral', 'fy': 60, 'fpc': 4.0, 'diameter': 60, 'nLongBars': 48, 'dLongBars': 2.257, 'sTranBars': 3, 'dTranBars': 0.625, 'axLoad': 0.1, 'height': 193.284, 'column_parameters': {'nd_params': {'a0': 3.2213999999999996, 'a1': 1.0188098000000003, 'a2': 0.05113269292952138, 'a3': 0.1, 'a4': 0.2215330084182543, 'a5': 1.861948372894757}, 'strength_stiffness': {'strength': 179613.4249869352, 'stiffness': 177981599.70502186, 'E': 3604.9965325919525, 'I': 636172.512351933}}, 'model_parameters': [0.5629729503007698, 0.9791927297108781, 1.729583771329733, 0.10087327676433401, 0.044278096288597406, 0.604846772595801, 1.9003239443700182, 0.8883137172128028, 0.0072868382644654004, 7.043635820749603, 0.6980163746147504, 0.02398199493697544, 3.370541955828896, 1.3055082169913252], 'min_error': 0.05315180006125879, 'failure_mode': 'Shear'}]",0.05315180006125879,Shear
1246,-122.30719486792526,37.9128245725867,"[ecpz,ecnt]",as_04,aerial_02_rich_berk,p_091,aerial el cerrito plaza to el cerrito del norte,"[red,orange]",70.0,footings,1,"[{'column_id': 'col_01', 'type': 'spiral', 'fy': 60, 'fpc': 4.0, 'diameter': 60, 'nLongBars': 48, 'dLongBars': 2.257, 'sTranBars': 3, 'dTranBars': 0.625, 'axLoad': 0.1, 'height': 209.97600000000006, 'column_parameters': {'nd_params': {'a0': 3.499600000000001, 'a1': 1.0188098000000003, 'a2': 0.05113269292952138, 'a3': 0.1, 'a4': 0.2215330084182543, 'a5': 1.7539328409247457}, 'strength_stiffness': {'strength': 190674.87454545448, 'stiffness': 163832988.13857505, 'E': 3604.9965325919525, 'I': 636172.512351933}}, 'model_parameters': [0.5283341580381348, 0.9706693851339669, 1.7762780624574974, 0.10971110287002495, 0.05337546328306696, 0.3286445888234703, 1.6834673158347757, 0.8780834453778928, 0.0082467526025382, 7.243183822916975, 0.7182082928795294, 0.022187562387764426, 3.4209354637981977, 1.3110995757071713], 'min_error': 0.05397847024031538, 'failure_mode': 'Shear'}]",0.05397847024031538,Shear
1247,-122.30732604841968,37.91298576810972,"[ecpz,ecnt]",as_04,aerial_02_rich_berk,p_092,aerial el cerrito plaza to el cerrito del norte,"[red,orange]",70.0,footings,1,"[{'column_id': 'col_01', 'type': 'spiral', 'fy': 60, 'fpc': 4.0, 'diameter': 60, 'nLongBars': 48, 'dLongBars': 2.257, 'sTranBars': 3, 'dTranBars': 0.625, 'axLoad': 0.1, 'height': 238.66799999999995, 'column_parameters': {'nd_params': {'a0': 3.977799999999999, 'a1': 1.0188098000000003, 'a2': 0.05113269292952138, 'a3': 0.1, 'a4': 0.2215330084182543, 'a5': 1.594894119093608}, 'strength_stiffness': {'strength': 209688.48050837283, 'stiffness': 144137444.13740197, 'E': 3604.9965325919525, 'I': 636172.512351933}}, 'model_parameters': [0.4667489142268945, 0.9549225091593515, 1.8603655692362762, 0.13283431933157522, 0.07064160728138291, -0.10772351418724016, 1.3540623092006403, 0.8566723057607666, 0.009864594903211418, 7.567206792861026, 0.7563011344241433, 0.01907756157823175, 3.5365480414803456, 1.334933617064137], 'min_error': 0.05524561347628584, 'failure_mode': 'Shear'}]",0.05524561347628584,Shear
1248,-122.30745723301726,37.91314696617405,"[ecpz,ecnt]",as_04,aerial_02_rich_berk,p_093,aerial el cerrito plaza to el cerrito del norte,"[red,orange]",70.0,footings,1,"[{'column_id': 'col_01', 'type': 'spiral', 'fy': 60, 'fpc': 4.0, 'diameter': 60, 'nLongBars': 48, 'dLongBars': 2.257, 'sTranBars': 3, 'dTranBars': 0.625, 'axLoad': 0.1, 'height': 255.36, 'column_parameters': {'nd_params': {'a0': 4.256, 'a1': 1.0188098000000003, 'a2': 0.05113269292952138, 'a3': 0.1, 'a4': 0.2215330084182543, 'a5': 1.492677173094439}, 'strength_stiffness': {'strength': 224047.72474089387, 'stiffness': 134715677.93462345, 'E': 3604.9965325919525, 'I': 636172.512351933}}, 'model_parameters': [0.4349882891682151, 0.9461628056082868, 1.9078926000617098, 0.1486090145363461, 0.08009359951888197, -0.37556469758011995, 1.14664531262445, 0.8456088804042015, 0.01082632438686552, 7.776976039387249, 0.7772300854191425, 0.01727756864389466, 3.5932542027781382, 1.33642009831309], 'min_error': 0.05603878851815861, 'failure_mode': 'Shear'}]",0.05603878851815861,Shear
1249,-122.30758955788647,37.913363010861254,"[ecpz,ecnt]",as_04,aerial_02_rich_berk,p_094,aerial el cerrito plaza to el cerrito del norte,"[red,orange]",78.5,footings,1,"[{'column_id': 'col_01', 'type': 'spiral', 'fy': 60, 'fpc': 4.0, 'diameter': 60, 'nLongBars': 48, 'dLongBars': 2.257, 'sTranBars': 3, 'dTranBars': 0.625, 'axLoad': 0.1, 'height': 260.0520000000001, 'column_parameters': {'nd_params': {'a0': 4.334200000000002, 'a1': 1.0188098000000003, 'a2': 0.05113269292952138, 'a3': 0.1, 'a4': 0.2215330084182543, 'a5': 1.465745477525248}, 'strength_stiffness': {'strength': 228164.391111838, 'stiffness': 132285064.20787163, 'E': 3604.9965325919525, 'I': 636172.512351933}}, 'model_parameters': [0.425969757339799, 0.9436261122922589, 1.9215107099272046, 0.15356373978055401, 0.0828606144273332, -0.448256407572813, 1.0912733695566017, 0.8422402967679711, 0.0110938441038249, 7.83540103662729, 0.783341945676387, 0.016769876817728718, 3.6111542819160967, 1.3381554958035287], 'min_error': 0.05625134237840963, 'failure_mode': 'Shear'}]",0.05625134237840963,Shear
1250,-122.30775073938638,37.913509647547066,"[ecpz,ecnt]",as_04,aerial_02_rich_berk,p_095,aerial el cerrito plaza to el cerrito del norte,"[red,orange]",83.5,footings,1,"[{'column_id': 'col_01', 'type': 'spiral', 'fy': 60, 'fpc': 4.0, 'diameter': 60, 'nLongBars': 48, 'dLongBars': 2.257, 'sTranBars': 3, 'dTranBars': 0.625, 'axLoad': 0.1, 'height': 265.9080000000001, 'column_parameters': {'nd_params': {'a0': 4.431800000000001, 'a1': 1.0188098000000003, 'a2': 0.05113269292952138, 'a3': 0.1, 'a4': 0.2215330084182543, 'a5': 1.4334658713592514}, 'strength_stiffness': {'strength': 233302.32765664798, 'stiffness': 129371795.94967219, 'E': 3604.9965325919525, 'I': 636172.512351933}}, 'model_parameters': [1.029298079147577, 0.9881275588127842, 1.2652836834242338, 0.2613165768200779, 0.4819596998222997, 3.9795532483010603, 1.6776480255947306, 0.8673776835620803, 0.012824147551146846, 8.796334725777424, 0.2043426392531438, 0.009091611773006592, 5.75438209007879, -0.027855888776596397], 'min_error': 0.05434043580693581, 'failure_mode': 'Flexure'}]",0.05434043580693581,Flexure
1251,-122.30789953053414,37.91369510990489,"[ecpz,ecnt]",as_04,aerial_02_rich_berk,p_096,aerial el cerrito plaza to el cerrito del norte,"[red,orange]",73.5,footings,1,"[{'column_id': 'col_01', 'type': 'spiral', 'fy': 60, 'fpc': 4.0, 'diameter': 60, 'nLongBars': 48, 'dLongBars': 2.257, 'sTranBars': 3, 'dTranBars': 0.625, 'axLoad': 0.1, 'height': 271.284, 'column_parameters': {'nd_params': {'a0': 4.5214, 'a1': 1.0188098000000003, 'a2': 0.05113269292952138, 'a3': 0.1, 'a4': 0.2215330084182543, 'a5': 1.4050590632746345}, 'strength_stiffness': {'strength': 238019.12186171935, 'stiffness': 126808051.77373323, 'E': 3604.9965325919525, 'I': 636172.512351933}}, 'model_parameters': [1.0483754707126753, 0.9879385321511583, 1.2873149200209326, 0.2530770938255437, 0.4857713060515982, 3.9113557472596328, 1.693558434749575, 0.869222886077252, 0.012749916079681976, 8.884896558556925, 0.20656589727945326, 0.008764042980584197, 5.745007971095162, -0.031636330190893486], 'min_error': 0.055040970276724464, 'failure_mode': 'Flexure'}]",0.055040970276724464,Flexure
1252,-122.30802452906075,37.91385176547335,"[ecpz,ecnt]",as_04,aerial_02_rich_berk,p_097,aerial el cerrito plaza to el cerrito del norte,"[red,orange]",67.0,footings,1,"[{'column_id': 'col_01', 'type': 'spiral', 'fy': 60, 'fpc': 4.0, 'diameter': 60, 'nLongBars': 48, 'dLongBars': 2.257, 'sTranBars': 3, 'dTranBars': 0.625, 'axLoad': 0.1, 'height': 275.80799999999994, 'column_parameters': {'nd_params': {'a0': 4.596799999999999, 'a1': 1.0188098000000003, 'a2': 0.05113269292952138, 'a3': 0.1, 'a4': 0.2215330084182543, 'a5': 1.3820122799969399}, 'strength_stiffness': {'strength': 241988.38841375487, 'stiffness': 124728055.44939035, 'E': 3604.9965325919525, 'I': 636172.512351933}}, 'model_parameters': [1.0645766188004055, 0.9878020221708385, 1.3050015412490643, 0.24641453682700373, 0.48894532046024014, 3.8565442616717855, 1.699361126544054, 0.8707278107134516, 0.012689057436125778, 8.956982796777469, 0.20829002948467268, 0.00850574004290177, 5.73758091186639, -0.034265149624821016], 'min_error': 0.055615122981311625, 'failure_mode': 'Flexure'}]",0.055615122981311625,Flexure
1253,-122.30814907925259,37.9140086392779,"[ecpz,ecnt]",as_04,aerial_02_rich_berk,p_098,aerial el cerrito plaza to el cerrito del norte,"[red,orange]",67.0,footings,1,"[{'column_id': 'col_01', 'type': 'spiral', 'fy': 60, 'fpc': 4.0, 'diameter': 60, 'nLongBars': 48, 'dLongBars': 2.257, 'sTranBars': 3, 'dTranBars': 0.625, 'axLoad': 0.1, 'height': 280.34399999999994, 'column_parameters': {'nd_params': {'a0': 4.672399999999999, 'a1': 1.0188098000000003, 'a2': 0.05113269292952138, 'a3': 0.1, 'a4': 0.2215330084182543, 'a5': 1.3596511533023572}, 'strength_stiffness': {'strength': 245968.1835242839, 'stiffness': 122709940.34966132, 'E': 3604.9965325919525, 'I': 636172.512351933}}, 'model_parameters': [1.0812269277721123, 0.9876847838993217, 1.321992635424102, 0.23990981651973095, 0.49209863078949917, 3.803829013728839, 1.6984260492587422, 0.872195085218634, 0.012629437258169498, 9.02714684544355, 0.20989098882605248, 0.008261853949097247, 5.730535747573177, -0.03642009425048265], 'min_error': 0.05617743081411777, 'failure_mode': 'Flexure'}]",0.05617743081411777,Flexure
1254,-122.30827318824046,37.914165739451015,"[ecpz,ecnt]",as_04,aerial_02_rich_berk,p_099,aerial el cerrito plaza to el cerrito del norte,"[red,orange]",67.0,footings,1,"[{'column_id': 'col_01', 'type': 'spiral', 'fy': 60, 'fpc': 4.0, 'diameter': 60, 'nLongBars': 48, 'dLongBars': 2.257, 'sTranBars': 3, 'dTranBars': 0.625, 'axLoad': 0.1, 'height': 248.87999999999994, 'column_parameters': {'nd_params': {'a0': 4.147999999999999, 'a1': 1.0188098000000003, 'a2': 0.05113269292952138, 'a3': 0.1, 'a4': 0.2215330084182543, 'a5': 1.5315414775048055}, 'strength_stiffness': {'strength': 218362.30315442377, 'stiffness': 138223222.1045703, 'E': 3604.9965325919525, 'I': 636172.512351933}}, 'model_parameters': [0.44728511097296375, 0.9495971721066593, 1.8893247580157562, 0.1421475618532441, 0.07637425688859395, -0.2727646013161982, 1.2258361043091643, 0.8500212473824407, 0.010454175996179794, 7.69545632679287, 0.7690013723473355, 0.017977127554529477, 3.5703505209276263, 1.335319802652758], 'min_error': 0.05573559133797044, 'failure_mode': 'Shear'}]",0.05573559133797044,Shear
1255,-122.30839685235598,37.91432305780992,"[ecpz,ecnt]",as_04,aerial_02_rich_berk,p_100,aerial el cerrito plaza to el cerrito del norte,"[red,orange]",67.0,footings,1,"[{'column_id': 'col_01', 'type': 'spiral', 'fy': 60, 'fpc': 4.0, 'diameter': 60, 'nLongBars': 48, 'dLongBars': 2.257, 'sTranBars': 3, 'dTranBars': 0.625, 'axLoad': 0.1, 'height': 241.41599999999994, 'column_parameters': {'nd_params': {'a0': 4.023599999999999, 'a1': 1.0188098000000003, 'a2': 0.05113269292952138, 'a3': 0.1, 'a4': 0.2215330084182543, 'a5': 1.5788930432175003}, 'strength_stiffness': {'strength': 211813.53977148974, 'stiffness': 142496750.4945217, 'E': 3604.9965325919525, 'I': 636172.512351933}}, 'model_parameters': [0.461227870840019, 0.9534462116787962, 1.8683086813535155, 0.13532567653782154, 0.07224825591908296, -0.15062586951531687, 1.3212613850564652, 0.8547321293554754, 0.010021445644901612, 7.600200009568804, 0.7598517627302285, 0.01878043618791904, 3.546783744836845, 1.335986299503018], 'min_error': 0.05537141730482049, 'failure_mode': 'Shear'}]",0.05537141730482049,Shear
1256,-122.30852008812272,37.91448056114156,"[ecpz,ecnt]",as_04,aerial_02_rich_berk,p_101,aerial el cerrito plaza to el cerrito del norte,"[red,orange]",67.0,footings,1,"[{'column_id': 'col_01', 'type': 'spiral', 'fy': 60, 'fpc': 4.0, 'diameter': 60, 'nLongBars': 48, 'dLongBars': 2.257, 'sTranBars': 3, 'dTranBars': 0.625, 'axLoad': 0.1, 'height': 221.95199999999994, 'column_parameters': {'nd_params': {'a0': 3.6991999999999994, 'a1': 1.0188098000000003, 'a2': 0.05113269292952138, 'a3': 0.1, 'a4': 0.2215330084182543, 'a5': 1.6838478793569296}, 'strength_stiffness': {'strength': 198611.1266370448, 'stiffness': 154992951.256963, 'E': 3604.9965325919525, 'I': 636172.512351933}}, 'model_parameters': [0.5028707183686271, 0.9642493831062293, 1.8108443598554034, 0.11825912800984889, 0.060355897370267114, 0.14116662287727447, 1.5399468850537152, 0.8696784387218667, 0.00892627383039156, 7.380355428840519, 0.7336375932328327, 0.020893003012755797, 3.465161329559691, 1.3196428387875325], 'min_error': 0.05452876083074318, 'failure_mode': 'Shear'}]",0.05452876083074318,Shear
1257,-122.30864322790573,37.91463808779121,"[ecpz,ecnt]",as_04,aerial_02_rich_berk,p_102,aerial el cerrito plaza to el cerrito del norte,"[red,orange]",77.0,footings,1,"[{'column_id': 'col_01', 'type': 'spiral', 'fy': 60, 'fpc': 4.0, 'diameter': 60, 'nLongBars': 48, 'dLongBars': 2.257, 'sTranBars': 3, 'dTranBars': 0.625, 'axLoad': 0.1, 'height': 202.47600000000006, 'column_parameters': {'nd_params': {'a0': 3.374600000000001, 'a1': 1.0188098000000003, 'a2': 0.05113269292952138, 'a3': 0.1, 'a4': 0.2215330084182543, 'a5': 1.8008741087892994}, 'strength_stiffness': {'strength': 185704.77679270503, 'stiffness': 169901595.83054504, 'E': 3604.9965325919525, 'I': 636172.512351933}}, 'model_parameters': [0.5440431082480314, 0.9745643769683529, 1.755068900462305, 0.10526988457763937, 0.049190501976690885, 0.45045149595692385, 1.7783131259980394, 0.8829088158306997, 0.00781775699111511, 7.1550398638416794, 0.7089333747186217, 0.022995358173166437, 3.396559718317579, 1.307074432478161], 'min_error': 0.053616229039494694, 'failure_mode': 'Shear'}]",0.053616229039494694,Shear
1258,-122.30880201693108,37.914841214310066,"[ecpz,ecnt]",as_04,aerial_02_rich_berk,p_103,aerial el cerrito plaza to el cerrito del norte,"[red,orange]",78.0,footings,1,"[{'column_id': 'col_01', 'type': 'spiral', 'fy': 60, 'fpc': 4.0, 'diameter': 60, 'nLongBars': 48, 'dLongBars': 2.257, 'sTranBars': 3, 'dTranBars': 0.625, 'axLoad': 0.1, 'height': 208.19999999999993, 'column_parameters': {'nd_params': {'a0': 3.4699999999999984, 'a1': 1.0188098000000003, 'a2': 0.05113269292952138, 'a3': 0.1, 'a4': 0.2215330084182543, 'a5': 1.7648260304591559}, 'strength_stiffness': {'strength': 189497.95539760333, 'stiffness': 165230526.02010307, 'E': 3604.9965325919525, 'I': 636172.512351933}}, 'model_parameters': [0.5320727316600165, 0.971600865861505, 1.771223779100135, 0.10859310832393157, 0.05237085679959662, 0.3571676369887454, 1.7055645872415577, 0.8792580627761519, 0.008145436582866164, 7.222495832082575, 0.7159837110082183, 0.022379061806710086, 3.4149210588346657, 1.3100203930733445], 'min_error': 0.05389397679548313, 'failure_mode': 'Shear'}]",0.05389397679548313,Shear
1259,-122.30892770586061,37.91500199227516,"[ecpz,ecnt]",as_04,aerial_02_rich_berk,p_104,aerial el cerrito plaza to el cerrito del norte,"[red,orange]",69.0,footings,1,"[{'column_id': 'col_01', 'type': 'spiral', 'fy': 60, 'fpc': 4.0, 'diameter': 60, 'nLongBars': 48, 'dLongBars': 2.257, 'sTranBars': 3, 'dTranBars': 0.625, 'axLoad': 0.1, 'height': 223.65600000000006, 'column_parameters': {'nd_params': {'a0': 3.727600000000001, 'a1': 1.0188098000000003, 'a2': 0.05113269292952138, 'a3': 0.1, 'a4': 0.2215330084182543, 'a5': 1.674328462552122}, 'strength_stiffness': {'strength': 199740.33284646954, 'stiffness': 153812084.26058516, 'E': 3604.9965325919525, 'I': 636172.512351933}}, 'model_parameters': [0.49921646286523025, 0.9633172580429827, 1.8158276076648996, 0.11961090408841737, 0.061376784663342294, 0.11514399495051543, 1.5202629252494921, 0.8684175065957214, 0.00902246873468426, 7.399603970918018, 0.7358904713564366, 0.020708373164231436, 3.4719467036055014, 1.3210119498789206], 'min_error': 0.05460444432507531, 'failure_mode': 'Shear'}]",0.05460444432507531,Shear
1260,-122.30905339186943,37.91516277015387,"[ecpz,ecnt]",as_04,aerial_02_rich_berk,p_105,aerial el cerrito plaza to el cerrito del norte,"[red,orange]",69.0,footings,1,"[{'column_id': 'col_01', 'type': 'spiral', 'fy': 60, 'fpc': 4.0, 'diameter': 60, 'nLongBars': 48, 'dLongBars': 2.257, 'sTranBars': 3, 'dTranBars': 0.625, 'axLoad': 0.1, 'height': 237.87599999999992, 'column_parameters': {'nd_params': {'a0': 3.964599999999999, 'a1': 1.0188098000000003, 'a2': 0.05113269292952138, 'a3': 0.1, 'a4': 0.2215330084182543, 'a5': 1.59889609544653}, 'strength_stiffness': {'strength': 209163.63818568247, 'stiffness': 144617344.82413298, 'E': 3604.9965325919525, 'I': 636172.512351933}}, 'model_parameters': [0.4684733397364246, 0.955373193364024, 1.857988730294638, 0.13208125946982363, 0.07014126894148805, -0.09623775378635599, 1.3625233287773861, 0.8573190844681465, 0.009820411627141585, 7.558436154401511, 0.7552003148544381, 0.01916378065831306, 3.532934274815198, 1.3341056822408992], 'min_error': 0.055212877421892834, 'failure_mode': 'Shear'}]",0.055212877421892834,Shear
1261,-122.30917907849037,37.91532355063894,"[ecpz,ecnt]",as_04,aerial_02_rich_berk,p_106,aerial el cerrito plaza to el cerrito del norte,"[red,orange]",78.0,footings,1,"[{'column_id': 'col_01', 'type': 'spiral', 'fy': 60, 'fpc': 4.0, 'diameter': 60, 'nLongBars': 48, 'dLongBars': 2.257, 'sTranBars': 3, 'dTranBars': 0.625, 'axLoad': 0.1, 'height': 262.87200000000007, 'column_parameters': {'nd_params': {'a0': 4.381200000000001, 'a1': 1.0188098000000003, 'a2': 0.05113269292952138, 'a3': 0.1, 'a4': 0.2215330084182543, 'a5': 1.4500214664224256}, 'strength_stiffness': {'strength': 230638.6023578018, 'stiffness': 130865955.740381, 'E': 3604.9965325919525, 'I': 636172.512351933}}, 'model_parameters': [0.4205008369915806, 0.942082386149856, 1.9297619357329154, 0.1566424061176615, 0.08455194281100269, -0.49127883463508387, 1.0587465640271565, 0.8401492391390986, 0.011253877794986253, 7.870290073963161, 0.7870741078566509, 0.016464298757466123, 3.6224162069148744, 1.3395653010128261], 'min_error': 0.056376420207199726, 'failure_mode': 'Shear'}]",0.056376420207199726,Shear
1262,-122.3093378703849,37.91552667366103,"[ecpz,ecnt]",as_04,aerial_02_rich_berk,p_107,aerial el cerrito plaza to el cerrito del norte,"[red,orange]",80.0,footings,1,"[{'column_id': 'col_01', 'type': 'spiral', 'fy': 60, 'fpc': 4.0, 'diameter': 60, 'nLongBars': 48, 'dLongBars': 2.257, 'sTranBars': 3, 'dTranBars': 0.625, 'axLoad': 0.1, 'height': 262.36800000000005, 'column_parameters': {'nd_params': {'a0': 4.372800000000001, 'a1': 1.0188098000000003, 'a2': 0.05113269292952138, 'a3': 0.1, 'a4': 0.2215330084182543, 'a5': 1.4528069083173096}, 'strength_stiffness': {'strength': 230196.40290107633, 'stiffness': 131117344.78818087, 'E': 3604.9965325919525, 'I': 636172.512351933}}, 'model_parameters': [0.4214810154045542, 0.9423593112922435, 1.9282836860284274, 0.15608691869265084, 0.08424814572465285, -0.48362548916843456, 1.0645194818153316, 0.8405265243865345, 0.011225316524259257, 7.864066660387679, 0.7864039300421679, 0.01651893649815522, 3.620376431213759, 1.339293493983594], 'min_error': 0.056354209167191596, 'failure_mode': 'Shear'}]",0.056354209167191596,Shear
1263,-122.30947059079662,37.915696448927605,"[ecpz,ecnt]",as_04,aerial_02_rich_berk,p_108,aerial el cerrito plaza to el cerrito del norte,"[red,orange]",73.0,footings,1,"[{'column_id': 'col_01', 'type': 'spiral', 'fy': 60, 'fpc': 4.0, 'diameter': 60, 'nLongBars': 48, 'dLongBars': 2.257, 'sTranBars': 3, 'dTranBars': 0.625, 'axLoad': 0.1, 'height': 260.4479999999999, 'column_parameters': {'nd_params': {'a0': 4.340799999999999, 'a1': 1.0188098000000003, 'a2': 0.05113269292952138, 'a3': 0.1, 'a4': 0.2215330084182543, 'a5': 1.4635168744678249}, 'strength_stiffness': {'strength': 228511.83354212213, 'stiffness': 132083930.44824861, 'E': 3604.9965325919525, 'I': 636172.512351933}}, 'model_parameters': [0.42520402761606346, 0.9434101829764284, 1.9226664414349641, 0.1539916735420075, 0.08309686330864975, -0.4543274865241995, 1.086672321141688, 0.8419496116196721, 0.011116350431205584, 7.840310350734129, 0.783863424469753, 0.016726985563671932, 3.6127133714132555, 1.3383370668561152], 'min_error': 0.056269025207227936, 'failure_mode': 'Shear'}]",0.056269025207227936,Shear
1264,-122.30960331181625,37.91586622403873,"[ecpz,ecnt]",as_04,aerial_02_rich_berk,p_109,aerial el cerrito plaza to el cerrito del norte,"[red,orange]",73.0,footings,1,"[{'column_id': 'col_01', 'type': 'spiral', 'fy': 60, 'fpc': 4.0, 'diameter': 60, 'nLongBars': 48, 'dLongBars': 2.257, 'sTranBars': 3, 'dTranBars': 0.625, 'axLoad': 0.1, 'height': 257.1600000000001, 'column_parameters': {'nd_params': {'a0': 4.286000000000001, 'a1': 1.0188098000000003, 'a2': 0.05113269292952138, 'a3': 0.1, 'a4': 0.2215330084182543, 'a5': 1.4822291294190224}, 'strength_stiffness': {'strength': 225627.0085149134, 'stiffness': 133772731.05220655, 'E': 3604.9965325919525, 'I': 636172.512351933}}, 'model_parameters': [0.43154016905502723, 0.9451944511188985, 1.9131002525765128, 0.15048396607774953, 0.08114800826645731, -0.40361907929854557, 1.1252137294091473, 0.8443332794916091, 0.0109291415641276, 7.799446661557173, 0.7795600203484669, 0.01708291338436935, 3.5999947488532063, 1.3369944033679764], 'min_error': 0.05612100209005166, 'failure_mode': 'Shear'}]",0.05612100209005166,Shear
1265,-122.30973603690957,37.91603599894126,"[ecpz,ecnt]",as_04,aerial_02_rich_berk,p_110,aerial el cerrito plaza to el cerrito del norte,"[red,orange]",81.0,footings,1,"[{'column_id': 'col_01', 'type': 'spiral', 'fy': 60, 'fpc': 4.0, 'diameter': 60, 'nLongBars': 48, 'dLongBars': 2.257, 'sTranBars': 3, 'dTranBars': 0.625, 'axLoad': 0.1, 'height': 252.73200000000008, 'column_parameters': {'nd_params': {'a0': 4.212200000000002, 'a1': 1.0188098000000003, 'a2': 0.05113269292952138, 'a3': 0.1, 'a4': 0.2215330084182543, 'a5': 1.5081985776292508}, 'strength_stiffness': {'strength': 221741.97043082555, 'stiffness': 136116500.94719082, 'E': 3604.9965325919525, 'I': 636172.512351933}}, 'model_parameters': [0.43999706359702717, 0.9475655589832268, 1.9003278089309925, 0.14593246715598096, 0.0785705076616841, -0.3342199359900707, 1.1783705030577538, 0.8474328571231781, 0.01067578111888598, 7.7440365417247605, 0.7738623506427976, 0.017561509023566003, 3.5837039599937888, 1.3357896289283648], 'min_error': 0.055917212889645726, 'failure_mode': 'Shear'}]",0.055917212889645726,Shear
1266,-122.30989975299939,37.916245418307774,"[ecpz,ecnt]",as_04,aerial_02_rich_berk,p_111,aerial el cerrito plaza to el cerrito del norte,"[red,orange]",89.0,footings,1,"[{'column_id': 'col_01', 'type': 'spiral', 'fy': 60, 'fpc': 4.0, 'diameter': 60, 'nLongBars': 48, 'dLongBars': 2.257, 'sTranBars': 3, 'dTranBars': 0.625, 'axLoad': 0.1, 'height': 247.12799999999993, 'column_parameters': {'nd_params': {'a0': 4.118799999999999, 'a1': 1.0188098000000003, 'a2': 0.05113269292952138, 'a3': 0.1, 'a4': 0.2215330084182543, 'a5': 1.5423992543192033}, 'strength_stiffness': {'strength': 216825.13361437814, 'stiffness': 139203147.83183393, 'E': 3604.9965325919525, 'I': 636172.512351933}}, 'model_parameters': [0.45057909968812726, 0.9505112594903794, 1.8843548304103677, 0.14048348322179524, 0.07539006310556799, -0.2444658054678135, 1.247816752980267, 0.8511639289725711, 0.010353002766699372, 7.673236097750245, 0.7668210615481496, 0.018165931892012346, 3.5645390951057614, 1.335287703883854], 'min_error': 0.05565159393496708, 'failure_mode': 'Shear'}]",0.05565159393496708,Shear
1267,-122.31006346648108,37.916454834745046,"[ecpz,ecnt]",as_04,aerial_02_rich_berk,p_112,aerial el cerrito plaza to el cerrito del norte,"[red,orange]",81.0,footings,1,"[{'column_id': 'col_01', 'type': 'spiral', 'fy': 60, 'fpc': 4.0, 'diameter': 60, 'nLongBars': 48, 'dLongBars': 2.257, 'sTranBars': 3, 'dTranBars': 0.625, 'axLoad': 0.1, 'height': 229.536, 'column_parameters': {'nd_params': {'a0': 3.8256000000000006, 'a1': 1.0188098000000003, 'a2': 0.05113269292952138, 'a3': 0.1, 'a4': 0.2215330084182543, 'a5': 1.642290477186495}, 'strength_stiffness': {'strength': 203636.88948462508, 'stiffness': 149871895.98749408, 'E': 3604.9965325919525, 'I': 636172.512351933}}, 'model_parameters': [0.4865556978891316, 0.9600673177043642, 1.8331397481595324, 0.12451719213015344, 0.06494914526862837, 0.026516563320233534, 1.4536591666000316, 0.863949918703588, 0.009353474220080763, 7.465632131167134, 0.7437675324284684, 0.020070492717816288, 3.4962436012292764, 1.3260441093515303], 'min_error': 0.054860922688623304, 'failure_mode': 'Shear'}]",0.054860922688623304,Shear
1268,-122.31019719585382,37.91662589297712,"[ecpz,ecnt]",as_04,aerial_02_rich_berk,p_113,aerial el cerrito plaza to el cerrito del norte,"[red,orange]",73.0,footings,1,"[{'column_id': 'col_01', 'type': 'spiral', 'fy': 60, 'fpc': 4.0, 'diameter': 60, 'nLongBars': 48, 'dLongBars': 2.257, 'sTranBars': 3, 'dTranBars': 0.625, 'axLoad': 0.1, 'height': 200.964, 'column_parameters': {'nd_params': {'a0': 3.3494, 'a1': 1.0188098000000003, 'a2': 0.05113269292952138, 'a3': 0.1, 'a4': 0.2215330084182543, 'a5': 1.8106434509709506}, 'strength_stiffness': {'strength': 184702.80508575068, 'stiffness': 171179890.51464662, 'E': 3604.9965325919525, 'I': 636172.512351933}}, 'model_parameters': [0.5471832560275331, 0.9753370401276423, 1.7508370758164904, 0.10446541185902437, 0.04836552682297082, 0.4754489658296521, 1.7979321562854236, 0.8838376462662284, 0.0077308706037147335, 7.13699884300949, 0.7071024431952171, 0.023157916369768917, 3.391978677166263, 1.3064813263965214], 'min_error': 0.05354143372608809, 'failure_mode': 'Shear'}]",0.05354143372608809,Shear
1269,-122.31033092231067,37.91679694835868,"[ecpz,ecnt]",as_04,aerial_02_rich_berk,p_114,aerial el cerrito plaza to el cerrito del norte,"[red,orange]",73.0,footings,1,"[{'column_id': 'col_01', 'type': 'spiral', 'fy': 60, 'fpc': 4.0, 'diameter': 60, 'nLongBars': 48, 'dLongBars': 2.257, 'sTranBars': 3, 'dTranBars': 0.625, 'axLoad': 0.1, 'height': 196.392, 'column_parameters': {'nd_params': {'a0': 3.2732, 'a1': 1.0188098000000003, 'a2': 0.05113269292952138, 'a3': 0.1, 'a4': 0.2215330084182543, 'a5': 1.840839655558682}, 'strength_stiffness': {'strength': 181673.03349567458, 'stiffness': 175164953.345276, 'E': 3604.9965325919525, 'I': 636172.512351933}}, 'model_parameters': [0.5566169427016057, 0.9776465522722046, 1.7381349917704358, 0.10222586335869083, 0.04591105222839928, 0.5519818287975157, 1.8583235895792227, 0.8865520581795956, 0.007467133538463113, 7.081792139435064, 0.7016493819632512, 0.023648832701079904, 3.3788401752296386, 1.3054015476699254], 'min_error': 0.053311480063216884, 'failure_mode': 'Shear'}]",0.053311480063216884,Shear
1270,-122.31046465291757,37.91696800627503,"[ecpz,ecnt]",as_04,aerial_02_rich_berk,p_115,aerial el cerrito plaza to el cerrito del norte,"[red,orange]",73.0,footings,1,"[{'column_id': 'col_01', 'type': 'spiral', 'fy': 60, 'fpc': 4.0, 'diameter': 60, 'nLongBars': 48, 'dLongBars': 2.257, 'sTranBars': 3, 'dTranBars': 0.625, 'axLoad': 0.1, 'height': 191.82, 'column_parameters': {'nd_params': {'a0': 3.197, 'a1': 1.0188098000000003, 'a2': 0.05113269292952138, 'a3': 0.1, 'a4': 0.2215330084182543, 'a5': 1.8720601092763505}, 'strength_stiffness': {'strength': 178643.2619055985, 'stiffness': 179339982.88700578, 'E': 3604.9965325919525, 'I': 636172.512351933}}, 'model_parameters': [0.5659497815658538, 0.9799141547540159, 1.725580000992773, 0.10028490067711515, 0.04351921787644202, 0.6299915603514586, 1.9203824178347768, 0.8891193037332326, 0.00720158376759177, 7.025466758997462, 0.6963265081130363, 0.024138766779585492, 3.366816726131286, 1.305871529287155], 'min_error': 0.05307560989584927, 'failure_mode': 'Shear'}]",0.05307560989584927,Shear
1271,-122.31059838414158,37.91713906403352,"[ecpz,ecnt]",as_04,aerial_02_rich_berk,p_116,aerial el cerrito plaza to el cerrito del norte,"[red,orange]",73.0,footings,1,"[{'column_id': 'col_01', 'type': 'spiral', 'fy': 60, 'fpc': 4.0, 'diameter': 60, 'nLongBars': 48, 'dLongBars': 2.257, 'sTranBars': 3, 'dTranBars': 0.625, 'axLoad': 0.1, 'height': 211.248, 'column_parameters': {'nd_params': {'a0': 3.5208, 'a1': 1.0188098000000003, 'a2': 0.05113269292952138, 'a3': 0.1, 'a4': 0.2215330084182543, 'a5': 1.7462132446631498}, 'strength_stiffness': {'strength': 191517.80312432075, 'stiffness': 162846490.93665004, 'E': 3604.9965325919525, 'I': 636172.512351933}}, 'model_parameters': [0.52564996557342, 0.9699988578628275, 1.7799098388504502, 0.1105364285764144, 0.05410001091957651, 0.3083345629564176, 1.6677748413641236, 0.8772303427865148, 0.00831922392294878, 7.257938119838833, 0.7198120330534593, 0.02205032849075078, 3.4253326555803114, 1.3119086115057994], 'min_error': 0.0540385105151372, 'failure_mode': 'Shear'}]",0.0540385105151372,Shear
1272,-122.3107321125168,37.9173101216873,"[ecpz,ecnt]",as_04,aerial_02_rich_berk,p_117,aerial el cerrito plaza to el cerrito del norte,"[red,orange]",73.0,footings,1,"[{'column_id': 'col_01', 'type': 'spiral', 'fy': 60, 'fpc': 4.0, 'diameter': 60, 'nLongBars': 48, 'dLongBars': 2.257, 'sTranBars': 3, 'dTranBars': 0.625, 'axLoad': 0.1, 'height': 194.676, 'column_parameters': {'nd_params': {'a0': 3.2445999999999997, 'a1': 1.0188098000000003, 'a2': 0.05113269292952138, 'a3': 0.1, 'a4': 0.2215330084182543, 'a5': 1.8524347261393233}, 'strength_stiffness': {'strength': 180535.87512984552, 'stiffness': 176708970.37840024, 'E': 3604.9965325919525, 'I': 636172.512351933}}, 'model_parameters': [0.5601322242823525, 0.9785026677677979, 1.7334051096246597, 0.10146179286018224, 0.04500581691702399, 0.5810839448282147, 1.8814160330117446, 0.8875332678131984, 0.007367700000395418, 7.060792701179346, 0.6996359440013714, 0.023832836526087347, 3.374193704152473, 1.305358211739498], 'min_error': 0.053223660956426354, 'failure_mode': 'Shear'}]",0.053223660956426354,Shear
1273,-122.31086584497503,37.917481179130064,"[ecpz,ecnt]",as_04,aerial_02_rich_berk,p_118,aerial el cerrito plaza to el cerrito del norte,"[red,orange]",73.0,footings,1,"[{'column_id': 'col_01', 'type': 'spiral', 'fy': 60, 'fpc': 4.0, 'diameter': 60, 'nLongBars': 48, 'dLongBars': 2.257, 'sTranBars': 3, 'dTranBars': 0.625, 'axLoad': 0.1, 'height': 202.10399999999998, 'column_parameters': {'nd_params': {'a0': 3.3684, 'a1': 1.0188098000000003, 'a2': 0.05113269292952138, 'a3': 0.1, 'a4': 0.2215330084182543, 'a5': 1.8032678862896558}, 'strength_stiffness': {'strength': 185458.2599441686, 'stiffness': 170214322.90991494, 'E': 3604.9965325919525, 'I': 636172.512351933}}, 'model_parameters': [0.5448165772662246, 0.9747548783482974, 1.7540263311888398, 0.10506906345674988, 0.048986933120102244, 0.456587549705425, 1.7831240916193556, 0.8831387443701598, 0.0077963941640911945, 7.150610489185246, 0.7084816629756637, 0.023035362039411856, 3.3954219779561705, 1.3069197037713163], 'min_error': 0.05359788357390632, 'failure_mode': 'Shear'}]",0.05359788357390632,Shear
1274,-122.3109995780504,37.91765223641496,"[ecpz,ecnt]",as_04,aerial_02_rich_berk,p_119,aerial el cerrito plaza to el cerrito del norte,"[red,orange]",73.0,footings,1,"[{'column_id': 'col_01', 'type': 'spiral', 'fy': 60, 'fpc': 4.0, 'diameter': 60, 'nLongBars': 48, 'dLongBars': 2.257, 'sTranBars': 3, 'dTranBars': 0.625, 'axLoad': 0.1, 'height': 197.53199999999998, 'column_parameters': {'nd_params': {'a0': 3.2922, 'a1': 1.0188098000000003, 'a2': 0.05113269292952138, 'a3': 0.1, 'a4': 0.2215330084182543, 'a5': 1.8332165519858403}, 'strength_stiffness': {'strength': 182428.4883540925, 'stiffness': 174154038.42104292, 'E': 3604.9965325919525, 'I': 636172.512351933}}, 'model_parameters': [0.5542737266568114, 0.9770745344621017, 1.7412886978769697, 0.10275675585932517, 0.04651731973173293, 0.5327634854395896, 1.8431125515645959, 0.8858887232139829, 0.00753304868721309, 7.095655235339259, 0.7029971382643876, 0.02352651575908989, 3.382013991833035, 1.305552013165397], 'min_error': 0.053369359802390055, 'failure_mode': 'Shear'}]",0.053369359802390055,Shear
1275,-122.31113331174286,37.917823293542014,"[ecpz,ecnt]",as_04,aerial_02_rich_berk,p_120,aerial el cerrito plaza to el cerrito del norte,"[red,orange]",73.0,footings,1,"[{'column_id': 'col_01', 'type': 'spiral', 'fy': 60, 'fpc': 4.0, 'diameter': 60, 'nLongBars': 48, 'dLongBars': 2.257, 'sTranBars': 3, 'dTranBars': 0.625, 'axLoad': 0.1, 'height': 192.95999999999998, 'column_parameters': {'nd_params': {'a0': 3.2159999999999997, 'a1': 1.0188098000000003, 'a2': 0.05113269292952138, 'a3': 0.1, 'a4': 0.2215330084182543, 'a5': 1.864176792548598}, 'strength_stiffness': {'strength': 179398.7167640164, 'stiffness': 178280449.40601912, 'E': 3604.9965325919525, 'I': 636172.512351933}}, 'model_parameters': [0.563632725768779, 0.9793527741261792, 1.728696337671953, 0.10074034986421596, 0.04410957146361418, 0.6103980146861246, 1.9047477737952563, 0.8884933567639921, 0.0072679895366804526, 7.0396260400624024, 0.6976411899720296, 0.02401669938206859, 3.3697072606615213, 1.305569541065235], 'min_error': 0.05313499273836816, 'failure_mode': 'Shear'}]",0.05313499273836816,Shear
1276,-122.3112670425194,37.91799434781858,"[ecpz,ecnt]",as_04,aerial_02_rich_berk,p_121,aerial el cerrito plaza to el cerrito del norte,"[red,orange]",73.0,footings,1,"[{'column_id': 'col_01', 'type': 'spiral', 'fy': 60, 'fpc': 4.0, 'diameter': 60, 'nLongBars': 48, 'dLongBars': 2.257, 'sTranBars': 3, 'dTranBars': 0.625, 'axLoad': 0.1, 'height': 188.38799999999998, 'column_parameters': {'nd_params': {'a0': 3.1397999999999997, 'a1': 1.0188098000000003, 'a2': 0.05113269292952138, 'a3': 0.1, 'a4': 0.2215330084182543, 'a5': 1.8962007402984278}, 'strength_stiffness': {'strength': 176368.94517394033, 'stiffness': 182607148.63677862, 'E': 3604.9965325919525, 'I': 636172.512351933}}, 'model_parameters': [0.5728827590470759, 0.9815875768803889, 1.7162567373398456, 0.0990302764384951, 0.041766876578905265, 0.6895663072593685, 1.9681146255100148, 0.8909451545342062, 0.007000795655480028, 6.982334445353974, 0.6924204443790268, 0.02450586290699848, 3.3585585384973426, 1.3077109553657034], 'min_error': 0.05289448124315879, 'failure_mode': 'Shear'}]",0.05289448124315879,Shear
1277,-122.31140077744615,37.91816540462986,"[ecpz,ecnt]",as_04,aerial_02_rich_berk,p_122,aerial el cerrito plaza to el cerrito del norte,"[red,orange]",73.0,footings,1,"[{'column_id': 'col_01', 'type': 'spiral', 'fy': 60, 'fpc': 4.0, 'diameter': 60, 'nLongBars': 48, 'dLongBars': 2.257, 'sTranBars': 3, 'dTranBars': 0.625, 'axLoad': 0.1, 'height': 207.81599999999997, 'column_parameters': {'nd_params': {'a0': 3.463599999999999, 'a1': 1.0188098000000003, 'a2': 0.05113269292952138, 'a3': 0.1, 'a4': 0.2215330084182543, 'a5': 1.7671991294356388}, 'strength_stiffness': {'strength': 189243.48639266257, 'stiffness': 165535837.07407248, 'E': 3604.9965325919525, 'I': 636172.512351933}}, 'model_parameters': [0.532879621490475, 0.9718015343277719, 1.7701335194683654, 0.10835670052614237, 0.05215473408759827, 0.363360469694567, 1.7103713766342685, 0.8795094744427716, 0.008123509833824752, 7.218008715348074, 0.7155049846811832, 0.022420450002413696, 3.413640041051285, 1.3097955828767525], 'min_error': 0.0538756050368513, 'failure_mode': 'Shear'}]",0.0538756050368513,Shear
1278,-122.31153450952401,37.91833646133646,"[ecpz,ecnt]",as_04,aerial_02_rich_berk,p_123,aerial el cerrito plaza to el cerrito del norte,"[red,orange]",73.0,footings,1,"[{'column_id': 'col_01', 'type': 'spiral', 'fy': 60, 'fpc': 4.0, 'diameter': 60, 'nLongBars': 48, 'dLongBars': 2.257, 'sTranBars': 3, 'dTranBars': 0.625, 'axLoad': 0.1, 'height': 203.24399999999997, 'column_parameters': {'nd_params': {'a0': 3.3873999999999995, 'a1': 1.0188098000000003, 'a2': 0.05113269292952138, 'a3': 0.1, 'a4': 0.2215330084182543, 'a5': 1.7959521658166997}, 'strength_stiffness': {'strength': 186213.7148025865, 'stiffness': 169259587.084418, 'E': 3604.9965325919525, 'I': 636172.512351933}}, 'model_parameters': [0.5424444619106148, 0.9741702609136978, 1.7572241808376474, 0.10569042068787704, 0.04961199932329215, 0.43781242316334396, 1.7684134484973313, 0.8824312439270763, 0.007861833054379968, 7.164165735803064, 0.7098684892661744, 0.022912750319009478, 3.3989304283785193, 1.3074106147571032], 'min_error': 0.05365398773577483, 'failure_mode': 'Shear'}]",0.05365398773577483,Shear
1279,-122.31166855769274,37.91850751579331,"[ecpz,ecnt]",as_04,aerial_02_rich_berk,p_124,aerial el cerrito plaza to el cerrito del norte,"[red,orange]",73.0,footings,1,"[{'column_id': 'col_01', 'type': 'spiral', 'fy': 60, 'fpc': 4.0, 'diameter': 60, 'nLongBars': 48, 'dLongBars': 2.257, 'sTranBars': 3, 'dTranBars': 0.625, 'axLoad': 0.1, 'height': 198.67199999999997, 'column_parameters': {'nd_params': {'a0': 3.311199999999999, 'a1': 1.0188098000000003, 'a2': 0.05113269292952138, 'a3': 0.1, 'a4': 0.2215330084182543, 'a5': 1.825656324127205}, 'strength_stiffness': {'strength': 183183.94321251044, 'stiffness': 173154724.96066606, 'E': 3604.9965325919525, 'I': 636172.512351933}}, 'model_parameters': [0.5519244091119031, 0.9764999422247442, 1.7444514336170485, 0.10330604864117185, 0.04712743253984049, 0.5136358028046847, 1.8280038701409702, 0.8852163541279535, 0.007598857681184051, 7.109451675275888, 0.7043528863953393, 0.023404138519519974, 3.3852562583296564, 1.305787521117888], 'min_error': 0.05342687634433307, 'failure_mode': 'Shear'}]",0.05342687634433307,Shear
1280,-122.311801982396,37.9186785714239,"[ecpz,ecnt]",as_04,aerial_02_rich_berk,p_125,aerial el cerrito plaza to el cerrito del norte,"[red,orange]",73.0,footings,1,"[{'column_id': 'col_01', 'type': 'spiral', 'fy': 60, 'fpc': 4.0, 'diameter': 60, 'nLongBars': 48, 'dLongBars': 2.257, 'sTranBars': 3, 'dTranBars': 0.625, 'axLoad': 0.1, 'height': 206.09999999999997, 'column_parameters': {'nd_params': {'a0': 3.4349999999999996, 'a1': 1.0188098000000003, 'a2': 0.05113269292952138, 'a3': 0.1, 'a4': 0.2215330084182543, 'a5': 1.7778823706386508}, 'strength_stiffness': {'strength': 188106.3280268335, 'stiffness': 166914097.60982752, 'E': 3604.9965325919525, 'I': 636172.512351933}}, 'model_parameters': [0.5364788771241501, 0.9726950457737641, 1.7652726887483898, 0.10732365382683846, 0.05119373381716074, 0.39114781561644246, 1.7319794353911977, 0.8806216977197998, 0.00802543111362148, 7.19789281530508, 0.7133756484654591, 0.0226053282646156, 3.4080009033409713, 1.3088328264402909], 'min_error': 0.053793053049675105, 'failure_mode': 'Shear'}]",0.053793053049675105,Shear
1281,-122.31193571632528,37.918849627656854,"[ecpz,ecnt]",as_04,aerial_02_rich_berk,p_126,aerial el cerrito plaza to el cerrito del norte,"[red,orange]",73.0,footings,1,"[{'column_id': 'col_01', 'type': 'spiral', 'fy': 60, 'fpc': 4.0, 'diameter': 60, 'nLongBars': 48, 'dLongBars': 2.257, 'sTranBars': 3, 'dTranBars': 0.625, 'axLoad': 0.1, 'height': 201.52799999999996, 'column_parameters': {'nd_params': {'a0': 3.3587999999999996, 'a1': 1.0188098000000003, 'a2': 0.05113269292952138, 'a3': 0.1, 'a4': 0.2215330084182543, 'a5': 1.8069869617374095}, 'strength_stiffness': {'strength': 185076.5564367574, 'stiffness': 170700823.29693866, 'E': 3604.9965325919525, 'I': 636172.512351933}}, 'model_parameters': [0.5460130625672353, 0.9750493319798362, 1.7524138371825992, 0.10476183651270748, 0.04867249916389002, 0.466106677110224, 1.7905938099765504, 0.8834929550517406, 0.007763298398210577, 7.143740225298256, 0.7077838374841662, 0.023097291444419913, 3.3936740120922892, 1.3066912303443377], 'min_error': 0.05356940501695935, 'failure_mode': 'Shear'}]",0.05356940501695935,Shear
1282,-122.31206945427054,37.919020680933,"[ecpz,ecnt]",as_04,aerial_02_rich_berk,p_127,aerial el cerrito plaza to el cerrito del norte,"[red,orange]",73.0,footings,1,"[{'column_id': 'col_01', 'type': 'spiral', 'fy': 60, 'fpc': 4.0, 'diameter': 60, 'nLongBars': 48, 'dLongBars': 2.257, 'sTranBars': 3, 'dTranBars': 0.625, 'axLoad': 0.1, 'height': 196.95599999999996, 'column_parameters': {'nd_params': {'a0': 3.2825999999999995, 'a1': 1.0188098000000003, 'a2': 0.05113269292952138, 'a3': 0.1, 'a4': 0.2215330084182543, 'a5': 1.8370603176877534}, 'strength_stiffness': {'strength': 182046.78484668132, 'stiffness': 174663353.83225417, 'E': 3604.9965325919525, 'I': 636172.512351933}}, 'model_parameters': [0.5554584405356215, 0.9773638776673713, 1.7396941107416923, 0.10248620509213048, 0.046210511486495534, 0.5424624041780297, 1.8507852555978663, 0.886225018126568, 0.0074997578406617305, 7.088659226944904, 0.7023151615521268, 0.023588325586908012, 3.3804017705040734, 1.3054647373119503], 'min_error': 0.05334016098077885, 'failure_mode': 'Shear'}]",0.05334016098077885,Shear
1283,-122.31220318943407,37.91919173685019,"[ecpz,ecnt]",as_04,aerial_02_rich_berk,p_128,aerial el cerrito plaza to el cerrito del norte,"[red,orange]",73.0,footings,1,"[{'column_id': 'col_01', 'type': 'spiral', 'fy': 60, 'fpc': 4.0, 'diameter': 60, 'nLongBars': 48, 'dLongBars': 2.257, 'sTranBars': 3, 'dTranBars': 0.625, 'axLoad': 0.1, 'height': 192.38399999999996, 'column_parameters': {'nd_params': {'a0': 3.206399999999999, 'a1': 1.0188098000000003, 'a2': 0.05113269292952138, 'a3': 0.1, 'a4': 0.2215330084182543, 'a5': 1.8681516260418274}, 'strength_stiffness': {'strength': 179017.01325660525, 'stiffness': 178814223.20663595, 'E': 3604.9965325919525, 'I': 636172.512351933}}, 'model_parameters': [0.5648043060621599, 0.9796367585604129, 1.7271205732910722, 0.10050783738376554, 0.043810778961685774, 0.6202859205558449, 1.9126338456197154, 0.8888108195690765, 0.007234454153120237, 7.032481867229635, 0.6969758726561736, 0.024078383515897195, 3.3682377267983834, 1.305704904322983], 'min_error': 0.053105036812697945, 'failure_mode': 'Shear'}]",0.053105036812697945,Shear
1284,-122.31233692868079,37.91936279255631,"[ecpz,ecnt]",as_04,aerial_02_rich_berk,p_129,aerial el cerrito plaza to el cerrito del norte,"[red,orange]",73.0,footings,1,"[{'column_id': 'col_01', 'type': 'spiral', 'fy': 60, 'fpc': 4.0, 'diameter': 60, 'nLongBars': 48, 'dLongBars': 2.257, 'sTranBars': 3, 'dTranBars': 0.625, 'axLoad': 0.1, 'height': 187.81199999999995, 'column_parameters': {'nd_params': {'a0': 3.130199999999999, 'a1': 1.0188098000000003, 'a2': 0.05113269292952138, 'a3': 0.1, 'a4': 0.2215330084182543, 'a5': 1.900313461575684}, 'strength_stiffness': {'strength': 175987.24166652915, 'stiffness': 183167185.89539248, 'E': 3604.9965325919525, 'I': 636172.512351933}}, 'model_parameters': [0.5740398515497042, 0.9818659397754674, 1.7147007751382073, 0.09883704286233198, 0.04147651691090602, 0.6996530340371689, 1.9762251675207234, 0.8912428053203001, 0.006966959057181113, 6.9750166197670005, 0.6917726533148815, 0.024567414805559684, 3.357239116711911, 1.3081758779964412], 'min_error': 0.05286372881822152, 'failure_mode': 'Shear'}]",0.05286372881822152,Shear
1285,-122.31247066854468,37.919533848104535,"[ecpz,ecnt]",as_04,aerial_02_rich_berk,p_130,aerial el cerrito plaza to el cerrito del norte,"[red,orange]",73.0,footings,1,"[{'column_id': 'col_01', 'type': 'spiral', 'fy': 60, 'fpc': 4.0, 'diameter': 60, 'nLongBars': 44, 'dLongBars': 2.257, 'sTranBars': 3, 'dTranBars': 0.625, 'axLoad': 0.1, 'height': 183.23999999999995, 'column_parameters': {'nd_params': {'a0': 3.053999999999999, 'a1': 0.9339089833333334, 'a2': 0.05113269292952138, 'a3': 0.1, 'a4': 0.2215330084182543, 'a5': 1.7849311898881273}, 'strength_stiffness': {'strength': 172957.47007645306, 'stiffness': 187737369.11910856, 'E': 3604.9965325919525, 'I': 636172.512351933}}, 'model_parameters': [0.5319302669633248, 0.9833002784152218, 1.6870229871325255, 0.114585203676622, 0.07566334464094573, 0.8350680554724913, 1.9787861572040086, 0.869178743857174, 0.0074142997319596735, 6.734726136370441, 0.7173318542605475, 0.023087027788461716, 3.440891174445215, 1.2364863690400718], 'min_error': 0.05363622693113159, 'failure_mode': 'Shear'}]",0.05363622693113159,Shear
1286,-122.31260440555967,37.91970490354806,"[ecpz,ecnt]",as_04,aerial_02_rich_berk,p_131,aerial el cerrito plaza to el cerrito del norte,"[red,orange]",73.0,footings,1,"[{'column_id': 'col_01', 'type': 'spiral', 'fy': 60, 'fpc': 4.0, 'diameter': 60, 'nLongBars': 48, 'dLongBars': 2.257, 'sTranBars': 3, 'dTranBars': 0.625, 'axLoad': 0.1, 'height': 214.66799999999995, 'column_parameters': {'nd_params': {'a0': 3.577799999999999, 'a1': 1.0188098000000003, 'a2': 0.05113269292952138, 'a3': 0.1, 'a4': 0.2215330084182543, 'a5': 1.7257907515073678}, 'strength_stiffness': {'strength': 193784.1676995745, 'stiffness': 160252089.35372508, 'E': 3604.9965325919525, 'I': 636172.512351933}}, 'model_parameters': [0.5184074554987163, 0.9681823142899617, 1.7897223466719907, 0.11285516616650394, 0.056068453995183974, 0.25420760802282544, 1.6261249489328937, 0.8748887737793954, 0.008513712324176397, 7.297368772001692, 0.7241663051982657, 0.02168103119511138, 3.4375178429395614, 1.3142115453086631], 'min_error': 0.054198015859346985, 'failure_mode': 'Shear'}]",0.054198015859346985,Shear
1287,-122.31273814665785,37.91987595878048,"[ecpz,ecnt]",as_04,aerial_02_rich_berk,p_132,aerial el cerrito plaza to el cerrito del norte,"[red,orange]",73.0,footings,1,"[{'column_id': 'col_01', 'type': 'spiral', 'fy': 60, 'fpc': 4.0, 'diameter': 60, 'nLongBars': 48, 'dLongBars': 2.257, 'sTranBars': 3, 'dTranBars': 0.625, 'axLoad': 0.1, 'height': 222.09599999999995, 'column_parameters': {'nd_params': {'a0': 3.7015999999999996, 'a1': 1.0188098000000003, 'a2': 0.05113269292952138, 'a3': 0.1, 'a4': 0.2215330084182543, 'a5': 1.6830392363688575}, 'strength_stiffness': {'strength': 198706.55251389756, 'stiffness': 154892458.74480158, 'E': 3604.9965325919525, 'I': 636172.512351933}}, 'model_parameters': [0.502562178666163, 0.9641707846223696, 1.8112648783442589, 0.11837211153818024, 0.06044191357905207, 0.13896149286144624, 1.5382766386143258, 0.8695724824204136, 0.008934407643368026, 7.381984250549384, 0.7338274453350802, 0.02087740450388252, 3.4657301851839013, 1.3197570659833802], 'min_error': 0.05453518079469039, 'failure_mode': 'Shear'}]",0.05453518079469039,Shear
1288,-122.31287188837322,37.920047013855026,"[ecpz,ecnt]",as_04,aerial_02_rich_berk,p_133,aerial el cerrito plaza to el cerrito del norte,"[red,orange]",73.0,footings,1,"[{'column_id': 'col_01', 'type': 'spiral', 'fy': 60, 'fpc': 4.0, 'diameter': 60, 'nLongBars': 48, 'dLongBars': 2.257, 'sTranBars': 3, 'dTranBars': 0.625, 'axLoad': 0.1, 'height': 229.52399999999994, 'column_parameters': {'nd_params': {'a0': 3.825399999999999, 'a1': 1.0188098000000003, 'a2': 0.05113269292952138, 'a3': 0.1, 'a4': 0.2215330084182543, 'a5': 1.6423546122299097}, 'strength_stiffness': {'strength': 203628.93732822067, 'stiffness': 149879731.6070888, 'E': 3604.9965325919525, 'I': 636172.512351933}}, 'model_parameters': [0.48658161297581715, 0.9600740017700973, 1.8331042379480544, 0.12450680828021896, 0.06494177837593233, 0.02669563526857895, 1.4537930600177844, 0.8639592156315111, 0.009352800191870644, 7.465497939562357, 0.7437512980900371, 0.020071795712022802, 3.496192656430423, 1.3260333249538945], 'min_error': 0.05486040647584507, 'failure_mode': 'Shear'}]",0.05486040647584507,Shear
1289,-122.31300562717253,37.920218066079094,"[ecpz,ecnt]",as_04,aerial_02_rich_berk,p_134,aerial el cerrito plaza to el cerrito del norte,"[red,orange]",73.0,footings,1,"[{'column_id': 'col_01', 'type': 'spiral', 'fy': 60, 'fpc': 4.0, 'diameter': 60, 'nLongBars': 48, 'dLongBars': 2.257, 'sTranBars': 3, 'dTranBars': 0.625, 'axLoad': 0.1, 'height': 248.95199999999994, 'column_parameters': {'nd_params': {'a0': 4.1491999999999996, 'a1': 1.0188098000000003, 'a2': 0.05113269292952138, 'a3': 0.1, 'a4': 0.2215330084182543, 'a5': 1.531098536751647}, 'strength_stiffness': {'strength': 218425.47450538454, 'stiffness': 138183246.23777056, 'E': 3604.9965325919525, 'I': 636172.512351933}}, 'model_parameters': [0.4471494638603922, 0.9495594717822, 1.8895294711161035, 0.14221673516930022, 0.07641490314671802, -0.2739228515814291, 1.224938112059843, 0.8499738181316098, 0.01045832865218246, 7.696367773900753, 0.7690913896999018, 0.017969365337004356, 3.5705929057313543, 1.3353235674221322], 'min_error': 0.055739024401423386, 'failure_mode': 'Shear'}]",0.055739024401423386,Shear
1290,-122.31313937012224,37.92038912083782,"[ecpz,ecnt]",as_04,aerial_02_rich_berk,p_135,aerial el cerrito plaza to el cerrito del norte,"[red,orange]",73.0,footings,1,"[{'column_id': 'col_01', 'type': 'spiral', 'fy': 60, 'fpc': 4.0, 'diameter': 60, 'nLongBars': 48, 'dLongBars': 2.257, 'sTranBars': 3, 'dTranBars': 0.625, 'axLoad': 0.1, 'height': 245.712, 'column_parameters': {'nd_params': {'a0': 4.0952, 'a1': 1.0188098000000003, 'a2': 0.05113269292952138, 'a3': 0.1, 'a4': 0.2215330084182543, 'a5': 1.5512878610788077}, 'strength_stiffness': {'strength': 215582.76371214955, 'stiffness': 140005353.89962822, 'E': 3604.9965325919525, 'I': 636172.512351933}}, 'model_parameters': [0.4532318778580585, 0.9512453672810943, 1.8803542882102604, 0.1391659591392589, 0.07460153834019623, -0.22143103419917695, 1.2657661229461008, 0.8520712094696995, 0.010271055245082057, 7.655217244889794, 0.7650732736437931, 0.01831841867581183, 3.5599653632098374, 1.3353457466516812], 'min_error': 0.05558305205838351, 'failure_mode': 'Shear'}]",0.05558305205838351,Shear
1291,-122.31327311368915,37.92056017543864,"[ecpz,ecnt]",as_04,aerial_02_rich_berk,p_136,aerial el cerrito plaza to el cerrito del norte,"[red,orange]",73.0,footings,1,"[{'column_id': 'col_01', 'type': 'spiral', 'fy': 60, 'fpc': 4.0, 'diameter': 60, 'nLongBars': 48, 'dLongBars': 2.257, 'sTranBars': 3, 'dTranBars': 0.625, 'axLoad': 0.1, 'height': 239.80799999999994, 'column_parameters': {'nd_params': {'a0': 3.996799999999999, 'a1': 1.0188098000000003, 'a2': 0.05113269292952138, 'a3': 0.1, 'a4': 0.2215330084182543, 'a5': 1.5891687437872044}, 'strength_stiffness': {'strength': 210443.93536679074, 'stiffness': 143452243.11693293, 'E': 3604.9965325919525, 'I': 636172.512351933}}, 'model_parameters': [0.4642645992655306, 0.9542723495982642, 1.863791809674253, 0.1339284001228947, 0.07136393452061154, -0.12420551629481123, 1.341940619658785, 0.8557363010378245, 0.009928143125321913, 7.57981986022465, 0.7578901018686122, 0.018953424749395934, 3.5417878274128283, 1.3361454241670037], 'min_error': 0.055292531118366656, 'failure_mode': 'Shear'}]",0.055292531118366656,Shear
1292,-122.31340685433995,37.92073122718899,"[ecpz,ecnt]",as_04,aerial_02_rich_berk,p_137,aerial el cerrito plaza to el cerrito del norte,"[red,orange]",73.0,footings,1,"[{'column_id': 'col_01', 'type': 'spiral', 'fy': 60, 'fpc': 4.0, 'diameter': 60, 'nLongBars': 48, 'dLongBars': 2.257, 'sTranBars': 3, 'dTranBars': 0.625, 'axLoad': 0.1, 'height': 211.23599999999993, 'column_parameters': {'nd_params': {'a0': 3.520599999999999, 'a1': 1.0188098000000003, 'a2': 0.05113269292952138, 'a3': 0.1, 'a4': 0.2215330084182543, 'a5': 1.7462857535224428}, 'strength_stiffness': {'strength': 191509.8509679163, 'stiffness': 162855742.00129455, 'E': 3604.9965325919525, 'I': 636172.512351933}}, 'model_parameters': [0.525675313024937, 0.9700051966604818, 1.77987553120962, 0.11052854748374372, 0.05409315614584631, 0.30852570914002714, 1.6679223666782999, 0.8772384365462157, 0.008318540583082948, 7.257799163665974, 0.7197968630706633, 0.022051623454653235, 3.4252908269689946, 1.311900849446762], 'min_error': 0.05403794593158574, 'failure_mode': 'Shear'}]",0.05403794593158574,Shear
1293,-122.31354059914119,37.920902281474,"[ecpz,ecnt]",as_04,aerial_02_rich_berk,p_138,aerial el cerrito plaza to el cerrito del norte,"[red,orange]",80.0,footings,1,"[{'column_id': 'col_01', 'type': 'spiral', 'fy': 60, 'fpc': 4.0, 'diameter': 60, 'nLongBars': 48, 'dLongBars': 2.257, 'sTranBars': 3, 'dTranBars': 0.625, 'axLoad': 0.1, 'height': 206.66399999999993, 'column_parameters': {'nd_params': {'a0': 3.4443999999999986, 'a1': 1.0188098000000003, 'a2': 0.05113269292952138, 'a3': 0.1, 'a4': 0.2215330084182543, 'a5': 1.7743568737259232}, 'strength_stiffness': {'strength': 188480.07937784024, 'stiffness': 166458577.7754493, 'E': 3604.9965325919525, 'I': 636172.512351933}}, 'model_parameters': [0.5352970998052183, 0.9724019588253152, 1.766868262030466, 0.10765894726358163, 0.05150871728519896, 0.38199440520090716, 1.7248543340142828, 0.8802581852415556, 0.008057683970839287, 7.204516119786186, 0.7140736925597919, 0.022544577719071795, 3.4098388435715026, 1.3091413205118598], 'min_error': 0.05382026767241942, 'failure_mode': 'Shear'}]",0.05382026767241942,Shear
1294,-122.31369941500233,37.92110540112783,"[ecpz,ecnt]",as_04,aerial_02_rich_berk,p_139,aerial el cerrito plaza to el cerrito del norte,"[red,orange]",80.5,footings,1,"[{'column_id': 'col_01', 'type': 'spiral', 'fy': 60, 'fpc': 4.0, 'diameter': 60, 'nLongBars': 48, 'dLongBars': 2.257, 'sTranBars': 3, 'dTranBars': 0.625, 'axLoad': 0.1, 'height': 201.23999999999995, 'column_parameters': {'nd_params': {'a0': 3.3539999999999996, 'a1': 1.0188098000000003, 'a2': 0.05113269292952138, 'a3': 0.1, 'a4': 0.2215330084182543, 'a5': 1.808852258089888}, 'strength_stiffness': {'strength': 184885.70468305182, 'stiffness': 170945117.8562187, 'E': 3604.9965325919525, 'I': 636172.512351933}}, 'model_parameters': [0.5466107781897314, 0.9751963225439306, 1.7516084171809145, 0.10460992519492619, 0.04851563436756656, 0.47087454420020813, 1.7943380437380125, 0.8836692329801522, 0.007746742222716567, 7.140299597684758, 0.7074356566900535, 0.02312825062444898, 3.3928062983139924, 1.306582284728845], 'min_error': 0.05355513247416423, 'failure_mode': 'Shear'}]",0.05355513247416423,Shear
1295,-122.31384226748455,37.92155408339207,"[ecpz,ecnt]",as_04,aerial_02_rich_berk,p_140,aerial el cerrito plaza to el cerrito del norte,"[red,orange]",74.0,footings,1,"[{'column_id': 'col_01', 'type': 'spiral', 'fy': 60, 'fpc': 4.0, 'diameter': 60, 'nLongBars': 48, 'dLongBars': 2.257, 'sTranBars': 3, 'dTranBars': 0.625, 'axLoad': 0.1, 'height': 220.58400000000006, 'column_parameters': {'nd_params': {'a0': 3.676400000000001, 'a1': 1.0188098000000003, 'a2': 0.05113269292952138, 'a3': 0.1, 'a4': 0.2215330084182543, 'a5': 1.6915689208589815}, 'strength_stiffness': {'strength': 197704.58080694336, 'stiffness': 155954173.99895474, 'E': 3604.9965325919525, 'I': 636172.512351933}}, 'model_parameters': [0.505799293244512, 0.9649944628597174, 1.8068550254282825, 0.11719743164233051, 0.059541124426131735, 0.16217149582673912, 1.5558776061973731, 0.8706794295903052, 0.008848959715625387, 7.364860655983909, 0.7318389468633677, 0.02104115151109621, 3.4597995858186046, 1.3185710283260288], 'min_error': 0.0544675462787725, 'failure_mode': 'Shear'}]",0.0544675462787725,Shear
1296,-122.31397167947574,37.9214536158303,"[ecpz,ecnt]",as_04,aerial_02_rich_berk,p_141,aerial el cerrito plaza to el cerrito del norte,"[red,orange]",74.0,footings,1,"[{'column_id': 'col_01', 'type': 'spiral', 'fy': 60, 'fpc': 4.0, 'diameter': 60, 'nLongBars': 48, 'dLongBars': 2.257, 'sTranBars': 3, 'dTranBars': 0.625, 'axLoad': 0.1, 'height': 227.94000000000005, 'column_parameters': {'nd_params': {'a0': 3.7990000000000013, 'a1': 1.0188098000000003, 'a2': 0.05113269292952138, 'a3': 0.1, 'a4': 0.2215330084182543, 'a5': 1.6508646368049675}, 'strength_stiffness': {'strength': 202579.25268284004, 'stiffness': 150921275.41188663, 'E': 3604.9965325919525, 'I': 636172.512351933}}, 'model_parameters': [0.48999971391335007, 0.9609544739583255, 1.8284232374657094, 0.12314924429080121, 0.0639720516160499, 0.05039686292278895, 1.4715389433113113, 0.8651800595304932, 0.009263774468463158, 7.447765705280315, 0.7416139833205412, 0.02024374856167558, 3.48951606022733, 1.3246288875028256], 'min_error': 0.0547920110775199, 'failure_mode': 'Shear'}]",0.0547920110775199,Shear
1297,-122.31410781440465,37.92162772290951,"[ecpz,ecnt]",as_04,aerial_02_rich_berk,p_142,aerial el cerrito plaza to el cerrito del norte,"[red,orange]",74.0,footings,1,"[{'column_id': 'col_01', 'type': 'spiral', 'fy': 60, 'fpc': 4.0, 'diameter': 60, 'nLongBars': 48, 'dLongBars': 2.257, 'sTranBars': 3, 'dTranBars': 0.625, 'axLoad': 0.1, 'height': 223.284, 'column_parameters': {'nd_params': {'a0': 3.7213999999999996, 'a1': 1.0188098000000003, 'a2': 0.05113269292952138, 'a3': 0.1, 'a4': 0.2215330084182543, 'a5': 1.676397449873551}, 'strength_stiffness': {'strength': 199493.8159979331, 'stiffness': 154068341.293534, 'E': 3604.9965325919525, 'I': 636172.512351933}}, 'model_parameters': [0.5000148144312051, 0.9635211294725913, 1.8147383950042335, 0.11931305028789374, 0.06115335254850282, 0.12081173256658503, 1.5245451586652496, 0.8686941017000189, 0.009001478741006192, 7.3954065655907515, 0.735397477090133, 0.020748688498458137, 3.470455379140382, 1.3207097892824573], 'min_error': 0.05458797498764819, 'failure_mode': 'Shear'}]",0.05458797498764819,Shear
1298,-122.31424394990579,37.92180182707934,"[ecpz,ecnt]",as_04,aerial_02_rich_berk,p_143,aerial el cerrito plaza to el cerrito del norte,"[red,orange]",74.0,footings,1,"[{'column_id': 'col_01', 'type': 'spiral', 'fy': 60, 'fpc': 4.0, 'diameter': 60, 'nLongBars': 48, 'dLongBars': 2.257, 'sTranBars': 3, 'dTranBars': 0.625, 'axLoad': 0.1, 'height': 219.108, 'column_parameters': {'nd_params': {'a0': 3.6518, 'a1': 1.0188098000000003, 'a2': 0.05113269292952138, 'a3': 0.1, 'a4': 0.2215330084182543, 'a5': 1.6999793263038934}, 'strength_stiffness': {'strength': 196726.4655692022, 'stiffness': 157004744.31506583, 'E': 3604.9965325919525, 'I': 636172.512351933}}, 'model_parameters': [0.5089537638052577, 0.9657950733908638, 1.8025622048444931, 0.11607580695037095, 0.05866690813626543, 0.18494972371207974, 1.573195936891833, 0.8717479790602262, 0.008765454819643581, 7.348098298422683, 0.7299084461134977, 0.021200919409432317, 3.4541014298494654, 1.3174414122315379], 'min_error': 0.054401037993373445, 'failure_mode': 'Shear'}]",0.054401037993373445,Shear
1299,-122.31438008264742,37.921975933884546,"[ecpz,ecnt]",as_04,aerial_02_rich_berk,p_144,aerial el cerrito plaza to el cerrito del norte,"[red,orange]",80.5,footings,1,"[{'column_id': 'col_01', 'type': 'spiral', 'fy': 60, 'fpc': 4.0, 'diameter': 60, 'nLongBars': 48, 'dLongBars': 2.257, 'sTranBars': 3, 'dTranBars': 0.625, 'axLoad': 0.1, 'height': 192.288, 'column_parameters': {'nd_params': {'a0': 3.2048, 'a1': 1.0188098000000003, 'a2': 0.05113269292952138, 'a3': 0.1, 'a4': 0.2215330084182543, 'a5': 1.8688157468352415}, 'strength_stiffness': {'strength': 178953.3960053701, 'stiffness': 178903496.40843654, 'E': 3604.9965325919525, 'I': 636172.512351933}}, 'model_parameters': [0.5649993997542749, 0.9796840219940977, 1.7268581826431104, 0.10046955955305414, 0.04376108103177929, 0.6219362819099405, 1.9139508746213072, 0.8888634931700976, 0.007228861569669425, 7.031289198616661, 0.6968651959754232, 0.024088662623909157, 3.3679945991823526, 1.3057308387736442], 'min_error': 0.05310003463571576, 'failure_mode': 'Shear'}]",0.05310003463571576,Shear
1300,-122.31453890310878,37.92217905236132,"[ecpz,ecnt]",as_04,aerial_02_rich_berk,p_145,aerial el cerrito plaza to el cerrito del norte,"[red,orange]",82.5,footings,1,"[{'column_id': 'col_01', 'type': 'spiral', 'fy': 60, 'fpc': 4.0, 'diameter': 60, 'nLongBars': 48, 'dLongBars': 2.257, 'sTranBars': 3, 'dTranBars': 0.625, 'axLoad': 0.1, 'height': 190.72800000000007, 'column_parameters': {'nd_params': {'a0': 3.178800000000001, 'a1': 1.0188098000000003, 'a2': 0.05113269292952138, 'a3': 0.1, 'a4': 0.2215330084182543, 'a5': 1.8796742739120524}, 'strength_stiffness': {'strength': 177919.61567279825, 'stiffness': 180366781.5810234, 'E': 3604.9965325919525, 'I': 636172.512351933}}, 'model_parameters': [0.5681627690372291, 0.9804493364551143, 1.7226038939514756, 0.09986663384171378, 0.04295756055166813, 0.6488506330573085, 1.9354609570179953, 0.8897098750988846, 0.007137843218404237, 7.011827254463646, 0.6950751605660319, 0.0242556342937672, 3.3641162407820313, 1.3062962119173032], 'min_error': 0.05301836475634035, 'failure_mode': 'Shear'}]",0.05301836475634035,Shear
1301,-122.314681619933,37.92236157270499,"[ecpz,ecnt]",as_04,aerial_02_rich_berk,p_146,aerial el cerrito plaza to el cerrito del norte,"[red,orange]",78.0,footings,1,"[{'column_id': 'col_01', 'type': 'spiral', 'fy': 60, 'fpc': 4.0, 'diameter': 60, 'nLongBars': 48, 'dLongBars': 2.257, 'sTranBars': 3, 'dTranBars': 0.625, 'axLoad': 0.1, 'height': 190.91999999999996, 'column_parameters': {'nd_params': {'a0': 3.181999999999999, 'a1': 1.0188098000000003, 'a2': 0.05113269292952138, 'a3': 0.1, 'a4': 0.2215330084182543, 'a5': 1.8783310352037461}, 'strength_stiffness': {'strength': 178046.85017526854, 'stiffness': 180185394.49709538, 'E': 3604.9965325919525, 'I': 636172.512351933}}, 'model_parameters': [0.5677741403253077, 0.980355421499449, 1.7231265214983225, 0.0999388928281958, 0.04305603922913317, 0.6455282859440661, 1.9328024849110446, 0.8896066827161225, 0.007149059905437002, 7.014230953822655, 0.6952946077156608, 0.02423509046005166, 3.3645861693388874, 1.3062113919419676], 'min_error': 0.05302845574014206, 'failure_mode': 'Shear'}]",0.05302845574014206,Shear
1302,-122.31482433745995,37.922544092868826,"[ecpz,ecnt]",as_04,aerial_02_rich_berk,p_147,aerial el cerrito plaza to el cerrito del norte,"[red,orange]",78.0,footings,1,"[{'column_id': 'col_01', 'type': 'spiral', 'fy': 60, 'fpc': 4.0, 'diameter': 60, 'nLongBars': 48, 'dLongBars': 2.257, 'sTranBars': 3, 'dTranBars': 0.625, 'axLoad': 0.1, 'height': 192.61200000000002, 'column_parameters': {'nd_params': {'a0': 3.2102000000000004, 'a1': 1.0188098000000003, 'a2': 0.05113269292952138, 'a3': 0.1, 'a4': 0.2215330084182543, 'a5': 1.8665762293179142}, 'strength_stiffness': {'strength': 179168.10422828887, 'stiffness': 178602556.00578076, 'E': 3604.9965325919525, 'I': 636172.512351933}}, 'model_parameters': [0.5643407637500478, 0.979524430741178, 1.7277440225274943, 0.10059929073188753, 0.04392892714218729, 0.6163690377692082, 1.9095089787696455, 0.8886854481842554, 0.007247732679099232, 7.035312186671641, 0.6972389700221484, 0.024053968821698562, 3.368817212617052, 1.3056472120177864], 'min_error': 0.05311690606464923, 'failure_mode': 'Shear'}]",0.05311690606464923,Shear
1303,-122.31496705222345,37.922726612906075,"[ecpz,ecnt]",as_04,aerial_02_rich_berk,p_148,aerial el cerrito plaza to el cerrito del norte,"[red,orange]",78.0,footings,1,"[{'column_id': 'col_01', 'type': 'spiral', 'fy': 60, 'fpc': 4.0, 'diameter': 60, 'nLongBars': 48, 'dLongBars': 2.257, 'sTranBars': 3, 'dTranBars': 0.625, 'axLoad': 0.1, 'height': 195.37200000000007, 'column_parameters': {'nd_params': {'a0': 3.256200000000001, 'a1': 1.0188098000000003, 'a2': 0.05113269292952138, 'a3': 0.1, 'a4': 0.2215330084182543, 'a5': 1.8477142674249045}, 'strength_stiffness': {'strength': 180997.10020130075, 'stiffness': 176079456.2034756, 'E': 3604.9965325919525, 'I': 636172.512351933}}, 'model_parameters': [0.5587081949718373, 0.9781561504168516, 1.7353210011316305, 0.10176658817566378, 0.045371901193370444, 0.5692549652865414, 1.8720212760709287, 0.8871378181588779, 0.007408061781328099, 7.069329545088929, 0.7004503508320589, 0.023758222446913235, 3.376059166847796, 1.3053473649868266], 'min_error': 0.05325938134604034, 'failure_mode': 'Shear'}]",0.05325938134604034,Shear
1304,-122.31510977115596,37.92290913271026,"[ecpz,ecnt]",as_04,aerial_02_rich_berk,p_149,aerial el cerrito plaza to el cerrito del norte,"[red,orange]",77.0,footings,1,"[{'column_id': 'col_01', 'type': 'spiral', 'fy': 60, 'fpc': 4.0, 'diameter': 60, 'nLongBars': 48, 'dLongBars': 2.257, 'sTranBars': 3, 'dTranBars': 0.625, 'axLoad': 0.1, 'height': 210.19200000000006, 'column_parameters': {'nd_params': {'a0': 3.503200000000001, 'a1': 1.0188098000000003, 'a2': 0.05113269292952138, 'a3': 0.1, 'a4': 0.2215330084182543, 'a5': 1.752617158696912}, 'strength_stiffness': {'strength': 190818.0133607337, 'stiffness': 163664628.13706246, 'E': 3604.9965325919525, 'I': 636172.512351933}}, 'model_parameters': [0.5278787308211691, 0.9705557198588141, 1.7768940888100642, 0.10984981450687259, 0.053498205667566134, 0.32518878471202745, 1.6807947299743722, 0.877939269636582, 0.008259064410479336, 7.245692867888919, 0.7184800150721828, 0.02216426312866563, 3.421676923157284, 1.311234950491284], 'min_error': 0.053988693528244903, 'failure_mode': 'Shear'}]",0.053988693528244903,Shear
1305,-122.31524919037588,37.923087431809215,"[ecpz,ecnt]",as_04,aerial_02_rich_berk,p_150,aerial el cerrito plaza to el cerrito del norte,"[red,orange]",76.0,footings,1,"[{'column_id': 'col_01', 'type': 'spiral', 'fy': 60, 'fpc': 4.0, 'diameter': 60, 'nLongBars': 48, 'dLongBars': 2.257, 'sTranBars': 3, 'dTranBars': 0.625, 'axLoad': 0.1, 'height': 212.94000000000005, 'column_parameters': {'nd_params': {'a0': 3.5490000000000013, 'a1': 1.0188098000000003, 'a2': 0.05113269292952138, 'a3': 0.1, 'a4': 0.2215330084182543, 'a5': 1.7360494247882743}, 'strength_stiffness': {'strength': 192639.05717734108, 'stiffness': 161552528.9630198, 'E': 3604.9965325919525, 'I': 636172.512351933}}, 'model_parameters': [0.5220713606883126, 0.9691026201515592, 1.7847558227019578, 0.11166560388806576, 0.05507019912299591, 0.2814693633205079, 1.6470713321068138, 0.8760805118976196, 0.008415509357846938, 7.277487772373709, 0.7219586179520476, 0.02186768110940938, 3.4312957320278348, 1.3130261162756711], 'min_error': 0.05411777061849129, 'failure_mode': 'Shear'}]",0.05411777061849129,Shear
1306,-122.31538861026647,37.92326573073652,"[ecpz,ecnt]",as_04,aerial_02_rich_berk,p_151,aerial el cerrito plaza to el cerrito del norte,"[red,orange]",76.0,footings,1,"[{'column_id': 'col_01', 'type': 'spiral', 'fy': 60, 'fpc': 4.0, 'diameter': 60, 'nLongBars': 48, 'dLongBars': 2.257, 'sTranBars': 3, 'dTranBars': 0.625, 'axLoad': 0.1, 'height': 215.68800000000005, 'column_parameters': {'nd_params': {'a0': 3.594800000000001, 'a1': 1.0188098000000003, 'a2': 0.05113269292952138, 'a3': 0.1, 'a4': 0.2215330084182543, 'a5': 1.7197919917509754}, 'strength_stiffness': {'strength': 194460.10099394846, 'stiffness': 159494248.71752456, 'E': 3604.9965325919525, 'I': 636172.512351933}}, 'model_parameters': [0.5162405655697954, 0.9676367421565305, 1.7926621191595538, 0.11357433137119588, 0.05666116971056815, 0.23819736587487386, 1.613853079021252, 0.874177169449293, 0.008571618740825434, 7.309066248030973, 0.7254766616892503, 0.021570801517485604, 3.4412523511604842, 1.3149307457876445], 'min_error': 0.05424505527706396, 'failure_mode': 'Shear'}]",0.05424505527706396,Shear
1307,-122.31552803082769,37.92344402949222,"[ecpz,ecnt]",as_04,aerial_02_rich_berk,p_152,aerial el cerrito plaza to el cerrito del norte,"[red,orange]",76.0,footings,1,"[{'column_id': 'col_01', 'type': 'spiral', 'fy': 60, 'fpc': 4.0, 'diameter': 60, 'nLongBars': 48, 'dLongBars': 2.257, 'sTranBars': 3, 'dTranBars': 0.625, 'axLoad': 0.1, 'height': 218.43600000000004, 'column_parameters': {'nd_params': {'a0': 3.6406000000000005, 'a1': 1.0188098000000003, 'a2': 0.05113269292952138, 'a3': 0.1, 'a4': 0.2215330084182543, 'a5': 1.7038362229202413}, 'strength_stiffness': {'strength': 196281.14481055588, 'stiffness': 157487756.2186885, 'E': 3604.9965325919525, 'I': 636172.512351933}}, 'model_parameters': [0.5103880659984705, 0.9661584340031689, 1.8006117378642288, 0.115573465746071, 0.05827058923332591, 0.19536033913548703, 1.581125910921734, 0.8722304832265056, 0.008727406354732554, 7.3404506793446265, 0.7290330485190806, 0.021273632635798997, 3.4515373782161687, 1.3169362753285445], 'min_error': 0.05437059739305149, 'failure_mode': 'Shear'}]",0.05437059739305149,Shear
1308,-122.31566745205956,37.92362232807627,"[ecpz,ecnt]",as_04,aerial_02_rich_berk,p_153,aerial el cerrito plaza to el cerrito del norte,"[red,orange]",76.0,footings,1,"[{'column_id': 'col_01', 'type': 'spiral', 'fy': 60, 'fpc': 4.0, 'diameter': 60, 'nLongBars': 48, 'dLongBars': 2.257, 'sTranBars': 3, 'dTranBars': 0.625, 'axLoad': 0.1, 'height': 221.18400000000003, 'column_parameters': {'nd_params': {'a0': 3.6864, 'a1': 1.0188098000000003, 'a2': 0.05113269292952138, 'a3': 0.1, 'a4': 0.2215330084182543, 'a5': 1.6881737991996222}, 'strength_stiffness': {'strength': 198102.1886271633, 'stiffness': 155531121.22660518, 'E': 3604.9965325919525, 'I': 636172.512351933}}, 'model_parameters': [0.5045154033335759, 0.9646680323189256, 1.8086034841036107, 0.11766048474785243, 0.05989794891633961, 0.15294628776619226, 1.5488762849879774, 0.870241648535248, 0.008882878967839274, 7.37166133777689, 0.7326267210412484, 0.020976182442592767, 3.4621417565778314, 1.3190381585614726], 'min_error': 0.054494445021131765, 'failure_mode': 'Shear'}]",0.054494445021131765,Shear
1309,-122.31580687049589,37.923800626542004,"[ecpz,ecnt]",as_04,aerial_02_rich_berk,p_154,aerial el cerrito plaza to el cerrito del norte,"[red,orange]",76.0,footings,1,"[{'column_id': 'col_01', 'type': 'spiral', 'fy': 60, 'fpc': 4.0, 'diameter': 60, 'nLongBars': 48, 'dLongBars': 2.257, 'sTranBars': 3, 'dTranBars': 0.625, 'axLoad': 0.1, 'height': 223.94400000000007, 'column_parameters': {'nd_params': {'a0': 3.732400000000001, 'a1': 1.0188098000000003, 'a2': 0.05113269292952138, 'a3': 0.1, 'a4': 0.2215330084182543, 'a5': 1.6727301699996306}, 'strength_stiffness': {'strength': 199931.18460017513, 'stiffness': 153614276.41457433, 'E': 3604.9965325919525, 'I': 636172.512351933}}, 'model_parameters': [0.4985981606523573, 0.9631592775287438, 1.8166713723039412, 0.11984254704890135, 0.06154997866498212, 0.1107611216047394, 1.5169533521313443, 0.8682028649760662, 0.009038715092711633, 7.40285180488871, 0.7362725897240702, 0.020677157932239287, 3.473105092119158, 1.3212471508149712], 'min_error': 0.054617174538759625, 'failure_mode': 'Shear'}]",0.054617174538759625,Shear
1310,-122.31594629306908,37.923978924782816,"[ecpz,ecnt]",as_04,aerial_02_rich_berk,p_155,aerial el cerrito plaza to el cerrito del norte,"[red,orange]",81.5,footings,1,"[{'column_id': 'col_01', 'type': 'spiral', 'fy': 60, 'fpc': 4.0, 'diameter': 60, 'nLongBars': 48, 'dLongBars': 2.257, 'sTranBars': 3, 'dTranBars': 0.625, 'axLoad': 0.1, 'height': 226.69200000000006, 'column_parameters': {'nd_params': {'a0': 3.778200000000001, 'a1': 1.0188098000000003, 'a2': 0.05113269292952138, 'a3': 0.1, 'a4': 0.2215330084182543, 'a5': 1.6576318736544828}, 'strength_stiffness': {'strength': 201752.22841678254, 'stiffness': 151752137.3378215, 'E': 3604.9965325919525, 'I': 636172.512351933}}, 'model_parameters': [0.49268894470291036, 0.9616456049889038, 1.8247441333438117, 0.12209816893675426, 0.0632118387832744, 0.06916048752736996, 1.4856220800313837, 0.8661329752267946, 0.009193557870228106, 7.4337673370537205, 0.7399379657758335, 0.02037916675408742, 3.484323609963121, 1.3235484754790505], 'min_error': 0.0547377635237179, 'failure_mode': 'Shear'}]",0.0547377635237179,Shear
1311,-122.31610603493992,37.924183208144896,"[ecpz,ecnt]",as_04,aerial_02_rich_berk,p_156,aerial el cerrito plaza to el cerrito del norte,"[red,orange]",72.5,footings,1,"[{'column_id': 'col_01', 'type': 'spiral', 'fy': 60, 'fpc': 4.0, 'diameter': 60, 'nLongBars': 48, 'dLongBars': 2.257, 'sTranBars': 3, 'dTranBars': 0.625, 'axLoad': 0.1, 'height': 229.83600000000007, 'column_parameters': {'nd_params': {'a0': 3.830600000000001, 'a1': 1.0188098000000003, 'a2': 0.05113269292952138, 'a3': 0.1, 'a4': 0.2215330084182543, 'a5': 1.6406887274489312}, 'strength_stiffness': {'strength': 203835.6933947351, 'stiffness': 149676271.416947, 'E': 3604.9965325919525, 'I': 636172.512351933}}, 'model_parameters': [0.4859077220291835, 0.959900148923478, 1.83402773700763, 0.12477727001931654, 0.065133417048846, 0.022042109648366958, 1.4503144787191378, 0.8637172618282944, 0.00937032291936959, 7.4689862375869245, 0.7441735976065228, 0.02003791630302637, 3.4975189917305025, 1.326314437110763], 'min_error': 0.05487381861359227, 'failure_mode': 'Shear'}]",0.05487381861359227,Shear
1312,-122.31617516203457,37.92433679730898,ecnt,st_02,cerrnorte_station,p_157,el cerrito del norte station,"[red,orange]",72.5,footings,2,"[{'column_id': 'col_01', 'type': 'spiral', 'fy': 60, 'fpc': 4.0, 'diameter': 72.0, 'nLongBars': 60.0, 'dLongBars': 2.25, 'sTranBars': 3.0, 'dTranBars': 0.625, 'axLoad': 0.1, 'height': 255.92399999999998, 'column_parameters': {'nd_params': {'a0': 3.5544999999999995, 'a1': 0.87890625, 'a2': 0.04261057744126781, 'a3': 0.1, 'a4': 0.2222222222222222, 'a5': 1.72506673835621}, 'strength_stiffness': {'strength': 292555.2237619934, 'stiffness': 278730811.90060514, 'E': 3604.9965325919525, 'I': 1319167.3216129686}}, 'model_parameters': [0.38512147783074335, 0.958584655113896, 1.8048853195321106, 0.16329846524643435, 0.11901877527984145, 0.5990322683092839, 1.8417508184394864, 0.8027654786985591, 0.009500992426744735, 6.806925778122145, 0.7899087026962462, 0.018806670978699726, 3.7303129940289286, 1.3703020920665017], 'min_error': 0.05473319240807208, 'failure_mode': 'Shear'}, {'column_id': 'col_02', 'type': 'spiral', 'fy': 60, 'fpc': 4.0, 'diameter': 72.0, 'nLongBars': 60.0, 'dLongBars': 2.25, 'sTranBars': 3.0, 'dTranBars': 0.625, 'axLoad': 0.1, 'height': 255.92399999999998, 'column_parameters': {'nd_params': {'a0': 3.5544999999999995, 'a1': 0.87890625, 'a2': 0.04261057744126781, 'a3': 0.1, 'a4': 0.2222222222222222, 'a5': 1.72506673835621}, 'strength_stiffness': {'strength': 292555.2237619934, 'stiffness': 278730811.90060514, 'E': 3604.9965325919525, 'I': 1319167.3216129686}}, 'model_parameters': [0.38512147783074335, 0.958584655113896, 1.8048853195321106, 0.16329846524643435, 0.11901877527984145, 0.5990322683092839, 1.8417508184394864, 0.8027654786985591, 0.009500992426744735, 6.806925778122145, 0.7899087026962462, 0.018806670978699726, 3.7303129940289286, 1.3703020920665017], 'min_error': 0.05473319240807208, 'failure_mode': 'Shear'}]",0.05473319240807208,Shear
1313,-122.31633490530727,37.92454108034522,ecnt,st_02,cerrnorte_station,p_158,el cerrito del norte station,"[red,orange]",87.0,footings,2,"[{'column_id': 'col_01', 'type': 'spiral', 'fy': 60, 'fpc': 4.0, 'diameter': 72.0, 'nLongBars': 60.0, 'dLongBars': 2.25, 'sTranBars': 3.0, 'dTranBars': 0.625, 'axLoad': 0.1, 'height': 259.08000000000004, 'column_parameters': {'nd_params': {'a0': 3.598333333333334, 'a1': 0.87890625, 'a2': 0.04261057744126781, 'a3': 0.1, 'a4': 0.2222222222222222, 'a5': 1.7103940320989708}, 'strength_stiffness': {'strength': 295064.92432322184, 'stiffness': 275335434.2475315, 'E': 3604.9965325919525, 'I': 1319167.3216129686}}, 'model_parameters': [0.3793911492773026, 0.9571447378400906, 1.8125794464031764, 0.16517811150293385, 0.12059565273800586, 0.5588968156364454, 1.811402325521648, 0.8008164738169885, 0.009648887832635504, 6.834613534743069, 0.7933883753649514, 0.018521689210213375, 3.7408073032044946, 1.3729783454282114], 'min_error': 0.05484988988238649, 'failure_mode': 'Shear'}, {'column_id': 'col_02', 'type': 'spiral', 'fy': 60, 'fpc': 4.0, 'diameter': 72.0, 'nLongBars': 60.0, 'dLongBars': 2.25, 'sTranBars': 3.0, 'dTranBars': 0.625, 'axLoad': 0.1, 'height': 259.08000000000004, 'column_parameters': {'nd_params': {'a0': 3.598333333333334, 'a1': 0.87890625, 'a2': 0.04261057744126781, 'a3': 0.1, 'a4': 0.2222222222222222, 'a5': 1.7103940320989708}, 'strength_stiffness': {'strength': 295064.92432322184, 'stiffness': 275335434.2475315, 'E': 3604.9965325919525, 'I': 1319167.3216129686}}, 'model_parameters': [0.3793911492773026, 0.9571447378400906, 1.8125794464031764, 0.16517811150293385, 0.12059565273800586, 0.5588968156364454, 1.811402325521648, 0.8008164738169885, 0.009648887832635504, 6.834613534743069, 0.7933883753649514, 0.018521689210213375, 3.7408073032044946, 1.3729783454282114], 'min_error': 0.05484988988238649, 'failure_mode': 'Shear'}]",0.05484988988238649,Shear
1314,-122.3164946494604,37.924745363156205,ecnt,st_02,cerrnorte_station,p_159,el cerrito del norte station,"[red,orange]",87.0,footings,2,"[{'column_id': 'col_01', 'type': 'spiral', 'fy': 60, 'fpc': 4.0, 'diameter': 72.0, 'nLongBars': 60.0, 'dLongBars': 2.25, 'sTranBars': 3.0, 'dTranBars': 0.625, 'axLoad': 0.1, 'height': 250.22400000000005, 'column_parameters': {'nd_params': {'a0': 3.4753333333333343, 'a1': 0.87890625, 'a2': 0.04261057744126781, 'a3': 0.1, 'a4': 0.2222222222222222, 'a5': 1.7522148272652567}, 'strength_stiffness': {'strength': 288022.4946114859, 'stiffness': 285080185.37330735, 'E': 3604.9965325919525, 'I': 1319167.3216129686}}, 'model_parameters': [0.39544430992004914, 0.9611587283219196, 1.7910821360002154, 0.16015384425626394, 0.11621042974099287, 0.6724545404058764, 1.8976175522138723, 0.8061924450935907, 0.009233266361255153, 6.756697042264296, 0.7837064812466105, 0.01932075051889034, 3.7120647915073524, 1.3656245325970289], 'min_error': 0.05451868414554379, 'failure_mode': 'Shear'}, {'column_id': 'col_02', 'type': 'spiral', 'fy': 60, 'fpc': 4.0, 'diameter': 72.0, 'nLongBars': 60.0, 'dLongBars': 2.25, 'sTranBars': 3.0, 'dTranBars': 0.625, 'axLoad': 0.1, 'height': 250.22400000000005, 'column_parameters': {'nd_params': {'a0': 3.4753333333333343, 'a1': 0.87890625, 'a2': 0.04261057744126781, 'a3': 0.1, 'a4': 0.2222222222222222, 'a5': 1.7522148272652567}, 'strength_stiffness': {'strength': 288022.4946114859, 'stiffness': 285080185.37330735, 'E': 3604.9965325919525, 'I': 1319167.3216129686}}, 'model_parameters': [0.39544430992004914, 0.9611587283219196, 1.7910821360002154, 0.16015384425626394, 0.11621042974099287, 0.6724545404058764, 1.8976175522138723, 0.8061924450935907, 0.009233266361255153, 6.756697042264296, 0.7837064812466105, 0.01932075051889034, 3.7120647915073524, 1.3656245325970289], 'min_error': 0.05451868414554379, 'failure_mode': 'Shear'}]",0.05451868414554379,Shear
1315,-122.31663400386338,37.92495964720992,ecnt,st_02,cerrnorte_station,p_160,el cerrito del norte station,"[red,orange]",87.0,footings,2,"[{'column_id': 'col_01', 'type': 'spiral', 'fy': 60, 'fpc': 4.0, 'diameter': 72.0, 'nLongBars': 60.0, 'dLongBars': 2.25, 'sTranBars': 3.0, 'dTranBars': 0.625, 'axLoad': 0.1, 'height': 253.37999999999994, 'column_parameters': {'nd_params': {'a0': 3.5191666666666657, 'a1': 0.87890625, 'a2': 0.04261057744126781, 'a3': 0.1, 'a4': 0.2222222222222222, 'a5': 1.7370786922397876}, 'strength_stiffness': {'strength': 290532.1951727142, 'stiffness': 281529340.5353638, 'E': 3604.9965325919525, 'I': 1319167.3216129686}}, 'model_parameters': [0.38973331412129897, 0.9597377865112842, 1.798709709484214, 0.16185453368883995, 0.11775896519077292, 0.6316508681397358, 1.8665146346376338, 0.8043100266731417, 0.009381602996561787, 6.784548008698769, 0.7871272496098419, 0.019036213167672664, 3.722054587136599, 1.3681857513113966], 'min_error': 0.054638058584431604, 'failure_mode': 'Shear'}, {'column_id': 'col_02', 'type': 'spiral', 'fy': 60, 'fpc': 4.0, 'diameter': 72.0, 'nLongBars': 60.0, 'dLongBars': 2.25, 'sTranBars': 3.0, 'dTranBars': 0.625, 'axLoad': 0.1, 'height': 253.37999999999994, 'column_parameters': {'nd_params': {'a0': 3.5191666666666657, 'a1': 0.87890625, 'a2': 0.04261057744126781, 'a3': 0.1, 'a4': 0.2222222222222222, 'a5': 1.7370786922397876}, 'strength_stiffness': {'strength': 290532.1951727142, 'stiffness': 281529340.5353638, 'E': 3604.9965325919525, 'I': 1319167.3216129686}}, 'model_parameters': [0.38973331412129897, 0.9597377865112842, 1.798709709484214, 0.16185453368883995, 0.11775896519077292, 0.6316508681397358, 1.8665146346376338, 0.8043100266731417, 0.009381602996561787, 6.784548008698769, 0.7871272496098419, 0.019036213167672664, 3.722054587136599, 1.3681857513113966], 'min_error': 0.054638058584431604, 'failure_mode': 'Shear'}]",0.054638058584431604,Shear
1316,-122.31679374981,37.92516393234311,ecnt,st_02,cerrnorte_station,p_161,el cerrito del norte station,"[red,orange]",87.0,footings,2,"[{'column_id': 'col_01', 'type': 'spiral', 'fy': 60, 'fpc': 4.0, 'diameter': 72.0, 'nLongBars': 60.0, 'dLongBars': 2.25, 'sTranBars': 3.0, 'dTranBars': 0.625, 'axLoad': 0.1, 'height': 256.52399999999994, 'column_parameters': {'nd_params': {'a0': 3.5628333333333324, 'a1': 0.87890625, 'a2': 0.04261057744126781, 'a3': 0.1, 'a4': 0.2222222222222222, 'a5': 1.7222579016463766}, 'strength_stiffness': {'strength': 293032.3531462573, 'stiffness': 278078871.0017405, 'E': 3604.9965325919525, 'I': 1319167.3216129686}}, 'model_parameters': [0.3840327965770956, 0.9583116999989235, 1.8063453025935132, 0.16364834824320887, 0.11931737854880586, 0.5913740549685921, 1.835949644648147, 0.8023977255331608, 0.009529127522777011, 6.812195389587614, 0.7905677780833956, 0.01875251049030139, 3.7322870456640316, 1.3708068307554349], 'min_error': 0.054755490006874186, 'failure_mode': 'Shear'}, {'column_id': 'col_02', 'type': 'spiral', 'fy': 60, 'fpc': 4.0, 'diameter': 72.0, 'nLongBars': 60.0, 'dLongBars': 2.25, 'sTranBars': 3.0, 'dTranBars': 0.625, 'axLoad': 0.1, 'height': 256.52399999999994, 'column_parameters': {'nd_params': {'a0': 3.5628333333333324, 'a1': 0.87890625, 'a2': 0.04261057744126781, 'a3': 0.1, 'a4': 0.2222222222222222, 'a5': 1.7222579016463766}, 'strength_stiffness': {'strength': 293032.3531462573, 'stiffness': 278078871.0017405, 'E': 3604.9965325919525, 'I': 1319167.3216129686}}, 'model_parameters': [0.3840327965770956, 0.9583116999989235, 1.8063453025935132, 0.16364834824320887, 0.11931737854880586, 0.5913740549685921, 1.835949644648147, 0.8023977255331608, 0.009529127522777011, 6.812195389587614, 0.7905677780833956, 0.01875251049030139, 3.7322870456640316, 1.3708068307554349], 'min_error': 0.054755490006874186, 'failure_mode': 'Shear'}]",0.054755490006874186,Shear
1317,-122.31695349643516,37.92536820901372,ecnt,st_02,cerrnorte_station,p_162,el cerrito del norte station,"[red,orange]",87.0,footings,2,"[{'column_id': 'col_01', 'type': 'spiral', 'fy': 60, 'fpc': 4.0, 'diameter': 72.0, 'nLongBars': 60.0, 'dLongBars': 2.25, 'sTranBars': 3.0, 'dTranBars': 0.625, 'axLoad': 0.1, 'height': 247.68, 'column_parameters': {'nd_params': {'a0': 3.44, 'a1': 0.87890625, 'a2': 0.04261057744126781, 'a3': 0.1, 'a4': 0.2222222222222222, 'a5': 1.7646091884835438}, 'strength_stiffness': {'strength': 285999.46602220676, 'stiffness': 288008334.56415725, 'E': 3604.9965325919525, 'I': 1319167.3216129686}}, 'model_parameters': [0.4000385356883205, 0.9622962320021932, 1.7849614437845893, 0.15885766688007394, 0.114974006620909, 0.705624534737944, 1.9230038967147094, 0.807682047944228, 0.009113498958854912, 6.734160754055248, 0.7809736342043022, 0.019549925987491546, 3.704222693860048, 1.3636288228486129], 'min_error': 0.0544213413721183, 'failure_mode': 'Shear'}, {'column_id': 'col_02', 'type': 'spiral', 'fy': 60, 'fpc': 4.0, 'diameter': 72.0, 'nLongBars': 60.0, 'dLongBars': 2.25, 'sTranBars': 3.0, 'dTranBars': 0.625, 'axLoad': 0.1, 'height': 247.68, 'column_parameters': {'nd_params': {'a0': 3.44, 'a1': 0.87890625, 'a2': 0.04261057744126781, 'a3': 0.1, 'a4': 0.2222222222222222, 'a5': 1.7646091884835438}, 'strength_stiffness': {'strength': 285999.46602220676, 'stiffness': 288008334.56415725, 'E': 3604.9965325919525, 'I': 1319167.3216129686}}, 'model_parameters': [0.4000385356883205, 0.9622962320021932, 1.7849614437845893, 0.15885766688007394, 0.114974006620909, 0.705624534737944, 1.9230038967147094, 0.807682047944228, 0.009113498958854912, 6.734160754055248, 0.7809736342043022, 0.019549925987491546, 3.704222693860048, 1.3636288228486129], 'min_error': 0.0544213413721183, 'failure_mode': 'Shear'}]",0.0544213413721183,Shear
1318,-122.31713363480985,37.925562489401045,ecnt,st_02,cerrnorte_station,p_163,el cerrito del norte station,"[red,orange]",87.0,footings,2,"[{'column_id': 'col_01', 'type': 'spiral', 'fy': 60, 'fpc': 4.0, 'diameter': 72.0, 'nLongBars': 60.0, 'dLongBars': 2.25, 'sTranBars': 3.0, 'dTranBars': 0.625, 'axLoad': 0.1, 'height': 250.824, 'column_parameters': {'nd_params': {'a0': 3.483666666666667, 'a1': 0.87890625, 'a2': 0.04261057744126781, 'a3': 0.1, 'a4': 0.2222222222222222, 'a5': 1.7493169615070556}, 'strength_stiffness': {'strength': 288499.6239957498, 'stiffness': 284398240.61832386, 'E': 3604.9965325919525, 'I': 1319167.3216129686}}, 'model_parameters': [0.3943595119444134, 0.9608894156806945, 1.7925293335266617, 0.16046933482118997, 0.11650358824163606, 0.6646679557626998, 1.8916714463117477, 0.8058374838169844, 0.009261487297397997, 6.762000433248105, 0.7843542405595317, 0.01926667540732499, 3.7139419213197247, 1.3661050077854182], 'min_error': 0.054541496014550585, 'failure_mode': 'Shear'}, {'column_id': 'col_02', 'type': 'spiral', 'fy': 60, 'fpc': 4.0, 'diameter': 72.0, 'nLongBars': 60.0, 'dLongBars': 2.25, 'sTranBars': 3.0, 'dTranBars': 0.625, 'axLoad': 0.1, 'height': 250.824, 'column_parameters': {'nd_params': {'a0': 3.483666666666667, 'a1': 0.87890625, 'a2': 0.04261057744126781, 'a3': 0.1, 'a4': 0.2222222222222222, 'a5': 1.7493169615070556}, 'strength_stiffness': {'strength': 288499.6239957498, 'stiffness': 284398240.61832386, 'E': 3604.9965325919525, 'I': 1319167.3216129686}}, 'model_parameters': [0.3943595119444134, 0.9608894156806945, 1.7925293335266617, 0.16046933482118997, 0.11650358824163606, 0.6646679557626998, 1.8916714463117477, 0.8058374838169844, 0.009261487297397997, 6.762000433248105, 0.7843542405595317, 0.01926667540732499, 3.7139419213197247, 1.3661050077854182], 'min_error': 0.054541496014550585, 'failure_mode': 'Shear'}]",0.054541496014550585,Shear
1319,-122.31729338336514,37.92576677108537,ecnt,st_02,cerrnorte_station,p_164,el cerrito del norte station,"[red,orange]",87.0,footings,2,"[{'column_id': 'col_01', 'type': 'spiral', 'fy': 60, 'fpc': 4.0, 'diameter': 72.0, 'nLongBars': 60.0, 'dLongBars': 2.25, 'sTranBars': 3.0, 'dTranBars': 0.625, 'axLoad': 0.1, 'height': 253.98000000000008, 'column_parameters': {'nd_params': {'a0': 3.5275000000000007, 'a1': 0.87890625, 'a2': 0.04261057744126781, 'a3': 0.1, 'a4': 0.2222222222222222, 'a5': 1.7342306347484742}, 'strength_stiffness': {'strength': 291009.32455697824, 'stiffness': 280864258.22840554, 'E': 3604.9965325919525, 'I': 1319167.3216129686}}, 'model_parameters': [0.38864624841361817, 0.9594664377462151, 1.8001640600168882, 0.16218927083871948, 0.11805516982641089, 0.6239361022144155, 1.860649612577303, 0.8039479088355872, 0.009409775163900326, 6.7898311370815625, 0.7877813398233333, 0.01898209029106942, 3.7239859409141043, 1.3686811943427595], 'min_error': 0.05466058273939482, 'failure_mode': 'Shear'}, {'column_id': 'col_02', 'type': 'spiral', 'fy': 60, 'fpc': 4.0, 'diameter': 72.0, 'nLongBars': 60.0, 'dLongBars': 2.25, 'sTranBars': 3.0, 'dTranBars': 0.625, 'axLoad': 0.1, 'height': 253.98000000000008, 'column_parameters': {'nd_params': {'a0': 3.5275000000000007, 'a1': 0.87890625, 'a2': 0.04261057744126781, 'a3': 0.1, 'a4': 0.2222222222222222, 'a5': 1.7342306347484742}, 'strength_stiffness': {'strength': 291009.32455697824, 'stiffness': 280864258.22840554, 'E': 3604.9965325919525, 'I': 1319167.3216129686}}, 'model_parameters': [0.38864624841361817, 0.9594664377462151, 1.8001640600168882, 0.16218927083871948, 0.11805516982641089, 0.6239361022144155, 1.860649612577303, 0.8039479088355872, 0.009409775163900326, 6.7898311370815625, 0.7877813398233333, 0.01898209029106942, 3.7239859409141043, 1.3686811943427595], 'min_error': 0.05466058273939482, 'failure_mode': 'Shear'}]",0.05466058273939482,Shear
1320,-122.31737299074061,37.9259722855086,ecnt,st_02,cerrnorte_station,p_165,el cerrito del norte station,"[red,orange]",81.0,footings,2,"[{'column_id': 'col_01', 'type': 'spiral', 'fy': 60, 'fpc': 4.0, 'diameter': 72.0, 'nLongBars': 60.0, 'dLongBars': 2.25, 'sTranBars': 3.0, 'dTranBars': 0.625, 'axLoad': 0.1, 'height': 233.12400000000008, 'column_parameters': {'nd_params': {'a0': 3.2378333333333345, 'a1': 0.87890625, 'a2': 0.04261057744126781, 'a3': 0.1, 'a4': 0.2222222222222222, 'a5': 1.8390400284403159}, 'strength_stiffness': {'strength': 274424.3071599634, 'stiffness': 305991250.5998972, 'E': 3604.9965325919525, 'I': 1319167.3216129686}}, 'model_parameters': [0.4261172990793919, 0.9686623926256317, 1.7504453458324258, 0.15279442772717966, 0.10811447622424551, 0.9004801453930174, 2.0739774809571703, 0.8157001998250207, 0.008423777367726011, 6.603046417925698, 0.7657837628302615, 0.02085782891233571, 3.663178159340716, 1.35499238308386], 'min_error': 0.05384407675917995, 'failure_mode': 'Shear'}, {'column_id': 'col_02', 'type': 'spiral', 'fy': 60, 'fpc': 4.0, 'diameter': 72.0, 'nLongBars': 60.0, 'dLongBars': 2.25, 'sTranBars': 3.0, 'dTranBars': 0.625, 'axLoad': 0.1, 'height': 233.12400000000008, 'column_parameters': {'nd_params': {'a0': 3.2378333333333345, 'a1': 0.87890625, 'a2': 0.04261057744126781, 'a3': 0.1, 'a4': 0.2222222222222222, 'a5': 1.8390400284403159}, 'strength_stiffness': {'strength': 274424.3071599634, 'stiffness': 305991250.5998972, 'E': 3604.9965325919525, 'I': 1319167.3216129686}}, 'model_parameters': [0.4261172990793919, 0.9686623926256317, 1.7504453458324258, 0.15279442772717966, 0.10811447622424551, 0.9004801453930174, 2.0739774809571703, 0.8157001998250207, 0.008423777367726011, 6.603046417925698, 0.7657837628302615, 0.02085782891233571, 3.663178159340716, 1.35499238308386], 'min_error': 0.05384407675917995, 'failure_mode': 'Shear'}]",0.05384407675917995,Shear
1321,-122.31745706096368,37.9261312529595,"[ecnt,rcmd]",as_03,cerrnorte_richmond_aerial,p_166,aerial el cerrito del norte to richmond,"[red,orange]",75.0,footings,1,"[{'column_id': 'col_01', 'type': 'spiral', 'fy': 60, 'fpc': 4.0, 'diameter': 60, 'nLongBars': 48, 'dLongBars': 2.257, 'sTranBars': 3, 'dTranBars': 0.625, 'axLoad': 0.1, 'height': 211.83600000000007, 'column_parameters': {'nd_params': {'a0': 3.530600000000001, 'a1': 1.0188098000000003, 'a2': 0.05113269292952138, 'a3': 0.1, 'a4': 0.2215330084182543, 'a5': 1.742667671784901}, 'strength_stiffness': {'strength': 191907.45878813637, 'stiffness': 162394472.6929579, 'E': 3604.9965325919525, 'I': 636172.512351933}}, 'model_parameters': [0.5244073699727929, 0.9696879537501836, 1.7815919704030727, 0.11092480543942929, 0.05443634502442349, 0.2989790141395003, 1.6605580844533228, 0.876832690883933, 0.008352699495348039, 7.264741613716211, 0.7205562978607705, 0.021986868200245868, 3.427390271363607, 1.3122918426019483], 'min_error': 0.054066132587535676, 'failure_mode': 'Shear'}]",0.054066132587535676,Shear
1322,-122.31763169666581,37.92630633487008,"[ecnt,rcmd]",as_03,cerrnorte_richmond_aerial,p_167,aerial el cerrito del norte to richmond,"[red,orange]",75.0,footings,1,"[{'column_id': 'col_01', 'type': 'spiral', 'fy': 60, 'fpc': 4.0, 'diameter': 60, 'nLongBars': 48, 'dLongBars': 2.257, 'sTranBars': 3, 'dTranBars': 0.625, 'axLoad': 0.1, 'height': 190.54800000000006, 'column_parameters': {'nd_params': {'a0': 3.175800000000001, 'a1': 1.0188098000000003, 'a2': 0.05113269292952138, 'a3': 0.1, 'a4': 0.2215330084182543, 'a5': 1.8809353061780612}, 'strength_stiffness': {'strength': 177800.33332673225, 'stiffness': 180537163.9554623, 'E': 3604.9965325919525, 'I': 636172.512351933}}, 'model_parameters': [0.5685269255261233, 0.9805373105260354, 1.7221141813675094, 0.09979938938375038, 0.04286534357064921, 0.6519678510066507, 1.9379561169278945, 0.8898063670919264, 0.007127323801906639, 7.009571606323096, 0.6948696507859743, 0.024274892463473426, 3.363677583524666, 1.3063797998851512], 'min_error': 0.05300889437351075, 'failure_mode': 'Shear'}]",0.05300889437351075,Shear
1323,-122.3177690627891,37.92648199277185,"[ecnt,rcmd]",as_03,cerrnorte_richmond_aerial,p_168,aerial el cerrito del norte to richmond,"[red,orange]",75.0,footings,1,"[{'column_id': 'col_01', 'type': 'spiral', 'fy': 60, 'fpc': 4.0, 'diameter': 60, 'nLongBars': 44, 'dLongBars': 2.257, 'sTranBars': 3, 'dTranBars': 0.625, 'axLoad': 0.1, 'height': 181.248, 'column_parameters': {'nd_params': {'a0': 3.0207999999999995, 'a1': 0.9339089833333334, 'a2': 0.05113269292952138, 'a3': 0.1, 'a4': 0.2215330084182543, 'a5': 1.7986590397889148}, 'strength_stiffness': {'strength': 171637.41211332285, 'stiffness': 189800690.31043348, 'E': 3604.9965325919525, 'I': 636172.512351933}}, 'model_parameters': [0.5360234704216522, 0.9842858476819872, 1.6815708191149108, 0.11380609567837686, 0.07462889233185199, 0.8692371276644152, 2.006028788549726, 0.8702792868884172, 0.007298246937537203, 6.711780138423713, 0.7150286206611608, 0.02330036979911265, 3.4357889516116114, 1.2392454408381124], 'min_error': 0.05353273592458641, 'failure_mode': 'Shear'}]",0.05353273592458641,Shear
1324,-122.317906429496,37.92665764776128,"[ecnt,rcmd]",as_03,cerrnorte_richmond_aerial,p_169,aerial el cerrito del norte to richmond,"[red,orange]",75.0,footings,1,"[{'column_id': 'col_01', 'type': 'spiral', 'fy': 60, 'fpc': 4.0, 'diameter': 60, 'nLongBars': 44, 'dLongBars': 2.257, 'sTranBars': 3, 'dTranBars': 0.625, 'axLoad': 0.1, 'height': 172.34399999999994, 'column_parameters': {'nd_params': {'a0': 2.872399999999999, 'a1': 0.9339089833333334, 'a2': 0.05113269292952138, 'a3': 0.1, 'a4': 0.2215330084182543, 'a5': 1.8626941881811907}, 'strength_stiffness': {'strength': 165736.91206125863, 'stiffness': 199606574.74229133, 'E': 3604.9965325919525, 'I': 636172.512351933}}, 'model_parameters': [0.5540703131264536, 0.9885883742177801, 1.6575842017019466, 0.11116076937860048, 0.07016850748837672, 1.0258234239879074, 2.13215200645703, 0.8748144741306725, 0.0067715325111991735, 6.6063225905734555, 0.7050732361039972, 0.02425141912874396, 3.4158929432878518, 1.2630693008201719], 'min_error': 0.05305470138489696, 'failure_mode': 'Shear'}]",0.05305470138489696,Shear
1325,-122.31804379685396,37.92683330258408,"[ecnt,rcmd]",as_03,cerrnorte_richmond_aerial,p_170,aerial el cerrito del norte to richmond,"[red,orange]",81.0,footings,1,"[{'column_id': 'col_01', 'type': 'spiral', 'fy': 60, 'fpc': 4.0, 'diameter': 60, 'nLongBars': 44, 'dLongBars': 2.257, 'sTranBars': 3, 'dTranBars': 0.625, 'axLoad': 0.1, 'height': 176.40000000000003, 'column_parameters': {'nd_params': {'a0': 2.9400000000000004, 'a1': 0.9339089833333334, 'a2': 0.05113269292952138, 'a3': 0.1, 'a4': 0.2215330084182543, 'a5': 1.832968132629296}, 'strength_stiffness': {'strength': 168424.74092594563, 'stiffness': 195016981.3910739, 'E': 3604.9965325919525, 'I': 636172.512351933}}, 'model_parameters': [0.5459038256083775, 0.9866496954436532, 1.6684308142557256, 0.1121925731103521, 0.07216629878985004, 0.9536920728642715, 2.073793867561028, 0.8728285258083538, 0.00701319010881691, 6.655007661288628, 0.7095374466108443, 0.02381872541156011, 3.4243503512459044, 1.249781853722536], 'min_error': 0.05327567239775475, 'failure_mode': 'Shear'}]",0.05327567239775475,Shear
1326,-122.3181818462186,37.927036733173125,"[ecnt,rcmd]",as_03,cerrnorte_richmond_aerial,p_171,aerial el cerrito del norte to richmond,"[red,orange]",83.5,footings,1,"[{'column_id': 'col_01', 'type': 'spiral', 'fy': 60, 'fpc': 4.0, 'diameter': 60, 'nLongBars': 44, 'dLongBars': 2.257, 'sTranBars': 3, 'dTranBars': 0.625, 'axLoad': 0.1, 'height': 182.30399999999992, 'column_parameters': {'nd_params': {'a0': 3.038399999999999, 'a1': 0.9339089833333334, 'a2': 0.05113269292952138, 'a3': 0.1, 'a4': 0.2215330084182543, 'a5': 1.7913554328455534}, 'strength_stiffness': {'strength': 172337.20187690994, 'stiffness': 188701265.56403294, 'E': 3604.9965325919525, 'I': 636172.512351933}}, 'model_parameters': [0.5338558388072405, 0.9837643969312447, 1.684457363519856, 0.11421085009113212, 0.07517567482585495, 0.8510856355297404, 1.991544272354353, 0.8696996298875852, 0.0073598415427762985, 6.723969523141024, 0.7162462827575492, 0.023187297948526683, 3.438465229829568, 1.2376767612844286], 'min_error': 0.05358774992623705, 'failure_mode': 'Shear'}]",0.05358774992623705,Shear
1327,-122.29077371516317,37.883216024640994,"[ecpz,nbrk]",as_05,cerrpza_norber_aerial,p_001,aerial el cerrito plaza to north berkeley,"[red,orange]",72.0,footings,1,"[{'column_id': 'col_01', 'type': 'spiral', 'fy': 60, 'fpc': 4.0, 'diameter': 60, 'nLongBars': 48, 'dLongBars': 2.257, 'sTranBars': 3, 'dTranBars': 0.625, 'axLoad': 0.1, 'height': 286.59599999999995, 'column_parameters': {'nd_params': {'a0': 4.776599999999999, 'a1': 1.0188098000000003, 'a2': 0.05113269292952138, 'a3': 0.1, 'a4': 0.2215330084182543, 'a5': 1.3299907986203436}, 'strength_stiffness': {'strength': 251453.56249937817, 'stiffness': 120033062.28065099, 'E': 3604.9965325919525, 'I': 636172.512351933}}, 'model_parameters': [1.1048937581742255, 0.9875536944301863, 1.3442581911394786, 0.23110969469148485, 0.49639968737357715, 3.734649968532631, 1.6882981968060955, 0.874152748740184, 0.012549437099983596, 9.120588544800828, 0.2118991477869478, 0.00794916510065663, 5.7214492294213715, -0.0386432696747606], 'min_error': 0.05693169667304544, 'failure_mode': 'Flexure'}]",0.05693169667304544,Flexure
1328,-122.29086049975972,37.88340725548442,"[ecpz,nbrk]",as_05,cerrpza_norber_aerial,p_002,aerial el cerrito plaza to north berkeley,"[red,orange]",72.0,footings,1,"[{'column_id': 'col_01', 'type': 'spiral', 'fy': 60, 'fpc': 4.0, 'diameter': 60, 'nLongBars': 48, 'dLongBars': 2.257, 'sTranBars': 3, 'dTranBars': 0.625, 'axLoad': 0.1, 'height': 242.42399999999998, 'column_parameters': {'nd_params': {'a0': 4.0404, 'a1': 1.0188098000000003, 'a2': 0.05113269292952138, 'a3': 0.1, 'a4': 0.2215330084182543, 'a5': 1.5723279993787576}, 'strength_stiffness': {'strength': 212697.9386849407, 'stiffness': 141904248.41346338, 'E': 3604.9965325919525, 'I': 636172.512351933}}, 'model_parameters': [0.45935883474707423, 0.9529334422762518, 1.8711224086123954, 0.1362049524662023, 0.07279505007026228, -0.16736604345985537, 1.3080971372378496, 0.8541204019567652, 0.010080148430069795, 7.61315833243973, 0.7610657554937584, 0.018672114091287717, 3.549780999998095, 1.3357728875447665], 'min_error': 0.05542158208233454, 'failure_mode': 'Shear'}]",0.05542158208233454,Shear
1329,-122.29094728826816,37.88359848620379,"[ecpz,nbrk]",as_05,cerrpza_norber_aerial,p_003,aerial el cerrito plaza to north berkeley,"[red,orange]",72.0,footings,1,"[{'column_id': 'col_01', 'type': 'spiral', 'fy': 60, 'fpc': 4.0, 'diameter': 60, 'nLongBars': 48, 'dLongBars': 2.257, 'sTranBars': 3, 'dTranBars': 0.625, 'axLoad': 0.1, 'height': 258.252, 'column_parameters': {'nd_params': {'a0': 4.304200000000001, 'a1': 1.0188098000000003, 'a2': 0.05113269292952138, 'a3': 0.1, 'a4': 0.2215330084182543, 'a5': 1.4759616301960716}, 'strength_stiffness': {'strength': 226585.10733781848, 'stiffness': 133207082.68429846, 'E': 3604.9965325919525, 'I': 636172.512351933}}, 'model_parameters': [0.42944127317673686, 0.9446040495177239, 1.916269755352702, 0.15163731896418958, 0.08179202388025882, -0.4205363903439827, 1.1123274529516742, 0.8435492162887055, 0.010991402540364846, 7.81304398826761, 0.7809825362062678, 0.016964754457516367, 3.604161286788376, 1.33739854042991], 'min_error': 0.05617046830904609, 'failure_mode': 'Shear'}]",0.05617046830904609,Shear
1330,-122.29103408421919,37.883789719492334,"[ecpz,nbrk]",as_05,cerrpza_norber_aerial,p_004,aerial el cerrito plaza to north berkeley,"[red,orange]",72.0,footings,1,"[{'column_id': 'col_01', 'type': 'spiral', 'fy': 60, 'fpc': 4.0, 'diameter': 60, 'nLongBars': 48, 'dLongBars': 2.257, 'sTranBars': 3, 'dTranBars': 0.625, 'axLoad': 0.1, 'height': 286.08000000000004, 'column_parameters': {'nd_params': {'a0': 4.768000000000001, 'a1': 1.0188098000000003, 'a2': 0.05113269292952138, 'a3': 0.1, 'a4': 0.2215330084182543, 'a5': 1.332389691419868}, 'strength_stiffness': {'strength': 251000.83448415934, 'stiffness': 120249564.86781824, 'E': 3604.9965325919525, 'I': 636172.512351933}}, 'model_parameters': [1.1029146442045707, 0.9875632233070184, 1.3424693319045171, 0.23183210173420363, 0.4960466151829442, 3.740212489735153, 1.6894319367992987, 0.8739939126644148, 0.01255594779203506, 9.113014136663997, 0.2117418033436265, 0.007973979853879274, 5.72217277751712, -0.03849138678005483], 'min_error': 0.05687032299918303, 'failure_mode': 'Flexure'}]",0.05687032299918303,Flexure
1331,-122.29112084350405,37.883980994474264,"[ecpz,nbrk]",as_05,cerrpza_norber_aerial,p_005,aerial el cerrito plaza to north berkeley,"[red,orange]",72.0,footings,1,"[{'column_id': 'col_01', 'type': 'spiral', 'fy': 60, 'fpc': 4.0, 'diameter': 60, 'nLongBars': 48, 'dLongBars': 2.257, 'sTranBars': 3, 'dTranBars': 0.625, 'axLoad': 0.1, 'height': 289.91999999999996, 'column_parameters': {'nd_params': {'a0': 4.831999999999999, 'a1': 1.0188098000000003, 'a2': 0.05113269292952138, 'a3': 0.1, 'a4': 0.2215330084182543, 'a5': 1.3147421458381483}, 'strength_stiffness': {'strength': 254369.97320206746, 'stiffness': 118656855.39937034, 'E': 3604.9965325919525, 'I': 636172.512351933}}, 'model_parameters': [1.1177145289545218, 0.9874976918301859, 1.3555782843639532, 0.22646089721904147, 0.4986661718567179, 3.699429917073575, 1.680097744153791, 0.8751645353418653, 0.012507879813429176, 9.168809672099298, 0.2128777260610624, 0.007793451079915662, 5.716898302716697, -0.0394898872764032], 'min_error': 0.05732339349829542, 'failure_mode': 'Flexure'}]",0.05732339349829542,Flexure
1332,-122.29120678919901,37.884172572894634,"[ecpz,nbrk]",as_05,cerrpza_norber_aerial,p_006,aerial el cerrito plaza to north berkeley,"[red,orange]",72.0,footings,1,"[{'column_id': 'col_01', 'type': 'spiral', 'fy': 60, 'fpc': 4.0, 'diameter': 60, 'nLongBars': 48, 'dLongBars': 2.257, 'sTranBars': 3, 'dTranBars': 0.625, 'axLoad': 0.1, 'height': 281.748, 'column_parameters': {'nd_params': {'a0': 4.6958, 'a1': 1.0188098000000003, 'a2': 0.05113269292952138, 'a3': 0.1, 'a4': 0.2215330084182543, 'a5': 1.352875771687451}, 'strength_stiffness': {'strength': 247200.02486801913, 'stiffness': 122098455.06404817, 'E': 3604.9965325919525, 'I': 636172.512351933}}, 'model_parameters': [1.0864746533090281, 0.9876523321966256, 1.327106713592198, 0.23792149705853197, 0.4930689712508294, 3.7879500795709364, 1.6969294830629797, 0.872641104938626, 0.012611256927306474, 9.048452832626468, 0.21036156277436316, 0.008189316266024285, 5.7284335715874, -0.036993145187573045], 'min_error': 0.05634886646523861, 'failure_mode': 'Flexure'}]",0.05634886646523861,Flexure
1333,-122.29129109827501,37.884364673251454,"[ecpz,nbrk]",as_05,cerrpza_norber_aerial,p_007,aerial el cerrito plaza to north berkeley,"[red,orange]",72.0,footings,1,"[{'column_id': 'col_01', 'type': 'spiral', 'fy': 60, 'fpc': 4.0, 'diameter': 60, 'nLongBars': 48, 'dLongBars': 2.257, 'sTranBars': 3, 'dTranBars': 0.625, 'axLoad': 0.1, 'height': 273.576, 'column_parameters': {'nd_params': {'a0': 4.5596000000000005, 'a1': 1.0188098000000003, 'a2': 0.05113269292952138, 'a3': 0.1, 'a4': 0.2215330084182543, 'a5': 1.3932875797635609}, 'strength_stiffness': {'strength': 240030.0765339708, 'stiffness': 125745663.06030296, 'E': 3604.9965325919525, 'I': 636172.512351933}}, 'model_parameters': [1.0565432617928376, 0.987866867383839, 1.2963702230945735, 0.24967551773024296, 0.4873830789457284, 3.8833004602126864, 1.6973791462031538, 0.8699906399292149, 0.012718904612872312, 8.921687906588609, 0.20745569215721488, 0.008631252188699779, 5.741193962170171, -0.0330295102360008], 'min_error': 0.055333559235185875, 'failure_mode': 'Flexure'}]",0.055333559235185875,Flexure
1334,-122.2913729025913,37.88455751198259,"[ecpz,nbrk]",as_05,cerrpza_norber_aerial,p_008,aerial el cerrito plaza to north berkeley,"[red,orange]",77.5,footings,1,"[{'column_id': 'col_01', 'type': 'spiral', 'fy': 60, 'fpc': 4.0, 'diameter': 60, 'nLongBars': 48, 'dLongBars': 2.257, 'sTranBars': 3, 'dTranBars': 0.625, 'axLoad': 0.1, 'height': 253.40400000000005, 'column_parameters': {'nd_params': {'a0': 4.223400000000001, 'a1': 1.0188098000000003, 'a2': 0.05113269292952138, 'a3': 0.1, 'a4': 0.2215330084182543, 'a5': 1.504198998127085}, 'strength_stiffness': {'strength': 222331.56970645944, 'stiffness': 135755534.70894477, 'E': 3604.9965325919525, 'I': 636172.512351933}}, 'model_parameters': [0.4387191292135699, 0.9472081300300635, 1.9022577851015323, 0.1466098219736631, 0.07895810046891275, -0.34483628645265313, 1.170208252862989, 0.8469708539473849, 0.010714325347844805, 7.752474713365347, 0.7747196125895529, 0.01748893264373885, 3.586112679340452, 1.3359271485205884], 'min_error': 0.055948477687640906, 'failure_mode': 'Shear'}]",0.055948477687640906,Shear
1335,-122.29145167019823,37.88475116308739,"[ecpz,nbrk]",as_05,cerrpza_norber_aerial,p_009,aerial el cerrito plaza to north berkeley,"[red,orange]",78.0,footings,1,"[{'column_id': 'col_01', 'type': 'spiral', 'fy': 60, 'fpc': 4.0, 'diameter': 60, 'nLongBars': 48, 'dLongBars': 2.257, 'sTranBars': 3, 'dTranBars': 0.625, 'axLoad': 0.1, 'height': 209.23200000000008, 'column_parameters': {'nd_params': {'a0': 3.487200000000002, 'a1': 1.0188098000000003, 'a2': 0.05113269292952138, 'a3': 0.1, 'a4': 0.2215330084182543, 'a5': 1.7584797944568011}, 'strength_stiffness': {'strength': 190181.84084838178, 'stiffness': 164415555.54305953, 'E': 3604.9965325919525, 'I': 636172.512351933}}, 'model_parameters': [0.5299016421711464, 0.9710602751066433, 1.7741583709338782, 0.10923785054200155, 0.05295361105255031, 0.340569772189597, 1.6926975672951143, 0.8785778726031782, 0.008204328166054889, 7.234529990897197, 0.7172742876948272, 0.02226780085391425, 3.4183980513416294, 1.3106399244347935], 'min_error': 0.05394316912697327, 'failure_mode': 'Shear'}]",0.05394316912697327,Shear
1336,-122.29153841678556,37.884974531436754,"[ecpz,nbrk]",as_05,cerrpza_norber_aerial,p_010,aerial el cerrito plaza to north berkeley,"[red,orange]",73.0,footings,1,"[{'column_id': 'col_01', 'type': 'spiral', 'fy': 60, 'fpc': 4.0, 'diameter': 60, 'nLongBars': 48, 'dLongBars': 2.257, 'sTranBars': 3, 'dTranBars': 0.625, 'axLoad': 0.1, 'height': 211.84799999999996, 'column_parameters': {'nd_params': {'a0': 3.5307999999999993, 'a1': 1.0188098000000003, 'a2': 0.05113269292952138, 'a3': 0.1, 'a4': 0.2215330084182543, 'a5': 1.7425954630663902}, 'strength_stiffness': {'strength': 191915.4109445407, 'stiffness': 162385273.95767462, 'E': 3604.9965325919525, 'I': 636172.512351933}}, 'model_parameters': [0.5243819993033193, 0.9696816025967981, 1.7816263211473695, 0.110932776373842, 0.054443218153924576, 0.2987883007299695, 1.660411047744125, 0.876824553999347, 0.00835338250617734, 7.264880352042772, 0.7205715059930231, 0.021985572948513818, 3.4274324267243634, 1.3122997218025643], 'min_error': 0.05406669543734452, 'failure_mode': 'Shear'}]",0.05406669543734452,Shear
1337,-122.29161163828776,37.885172411493244,"[ecpz,nbrk]",as_05,cerrpza_norber_aerial,p_011,aerial el cerrito plaza to north berkeley,"[red,orange]",73.0,footings,1,"[{'column_id': 'col_01', 'type': 'spiral', 'fy': 60, 'fpc': 4.0, 'diameter': 60, 'nLongBars': 48, 'dLongBars': 2.257, 'sTranBars': 3, 'dTranBars': 0.625, 'axLoad': 0.1, 'height': 227.928, 'column_parameters': {'nd_params': {'a0': 3.7988, 'a1': 1.0188098000000003, 'a2': 0.05113269292952138, 'a3': 0.1, 'a4': 0.2215330084182543, 'a5': 1.6509294432892045}, 'strength_stiffness': {'strength': 202571.3005264356, 'stiffness': 150929221.14608756, 'E': 3604.9965325919525, 'I': 636172.512351933}}, 'model_parameters': [0.4900255880659729, 0.9609611303082, 1.8283878236804052, 0.1231390596029194, 0.06396472578677065, 0.05057690302407273, 1.471673929780515, 0.8651892599843269, 0.009263099623229978, 7.4476312235423805, 0.741597834325737, 0.020245050911986834, 3.4894658463951647, 1.3246183907219142], 'min_error': 0.05479149098620972, 'failure_mode': 'Shear'}]",0.05479149098620972,Shear
1338,-122.29168168871973,37.88537099610659,"[ecpz,nbrk]",as_05,cerrpza_norber_aerial,p_012,aerial el cerrito plaza to north berkeley,"[red,orange]",73.0,footings,1,"[{'column_id': 'col_01', 'type': 'spiral', 'fy': 60, 'fpc': 4.0, 'diameter': 60, 'nLongBars': 48, 'dLongBars': 2.257, 'sTranBars': 3, 'dTranBars': 0.625, 'axLoad': 0.1, 'height': 243.288, 'column_parameters': {'nd_params': {'a0': 4.0548, 'a1': 1.0188098000000003, 'a2': 0.05113269292952138, 'a3': 0.1, 'a4': 0.2215330084182543, 'a5': 1.566744117759182}, 'strength_stiffness': {'strength': 213455.99489647005, 'stiffness': 141400297.2501128, 'E': 3604.9965325919525, 'I': 636172.512351933}}, 'model_parameters': [0.45775331060986363, 0.9524921366248535, 1.8735403930128742, 0.13696940492379395, 0.07326637880433699, -0.18165233126649602, 1.296883983221297, 0.8535898429179499, 0.010130398749583712, 7.624240902907491, 0.7621118242222308, 0.018579225057025615, 3.5523972132740855, 1.3356208528432814], 'min_error': 0.055464330350429365, 'failure_mode': 'Shear'}]",0.055464330350429365,Shear
1339,-122.29174892158268,37.885570142577805,"[ecpz,nbrk]",as_05,cerrpza_norber_aerial,p_013,aerial el cerrito plaza to north berkeley,"[red,orange]",73.0,footings,1,"[{'column_id': 'col_01', 'type': 'spiral', 'fy': 60, 'fpc': 4.0, 'diameter': 60, 'nLongBars': 48, 'dLongBars': 2.257, 'sTranBars': 3, 'dTranBars': 0.625, 'axLoad': 0.1, 'height': 259.00800000000004, 'column_parameters': {'nd_params': {'a0': 4.316800000000001, 'a1': 1.0188098000000003, 'a2': 0.05113269292952138, 'a3': 0.1, 'a4': 0.2215330084182543, 'a5': 1.471653550938179}, 'strength_stiffness': {'strength': 227248.40652290668, 'stiffness': 132818274.02005127, 'E': 3604.9965325919525, 'I': 636172.512351933}}, 'model_parameters': [0.4279850379045622, 0.9441940305985855, 1.9184684725051313, 0.1524426342482461, 0.08223977418829925, -0.43220373550033653, 1.1034565828414415, 0.8430019550930924, 0.011034456095599832, 7.822442385187915, 0.7819712898828718, 0.01688292243460672, 3.607079516324145, 1.3377027597845295], 'min_error': 0.056204535322350084, 'failure_mode': 'Shear'}]",0.056204535322350084,Shear
1340,-122.29181424617398,37.885769617368446,"[ecpz,nbrk]",as_05,cerrpza_norber_aerial,p_014,aerial el cerrito plaza to north berkeley,"[red,orange]",73.0,footings,1,"[{'column_id': 'col_01', 'type': 'spiral', 'fy': 60, 'fpc': 4.0, 'diameter': 60, 'nLongBars': 48, 'dLongBars': 2.257, 'sTranBars': 3, 'dTranBars': 0.625, 'axLoad': 0.1, 'height': 262.86, 'column_parameters': {'nd_params': {'a0': 4.381, 'a1': 1.0188098000000003, 'a2': 0.05113269292952138, 'a3': 0.1, 'a4': 0.2215330084182543, 'a5': 1.4500876623350678}, 'strength_stiffness': {'strength': 230628.0737993083, 'stiffness': 130871929.99081428, 'E': 3604.9965325919525, 'I': 636172.512351933}}, 'model_parameters': [0.42052418867726954, 0.9420889847354551, 1.929726721484612, 0.15662915422413382, 0.08454470195545001, -0.4910967911110434, 1.0588838123730462, 0.8401582399568065, 0.011253197967671436, 7.870141957893177, 0.7870581354641442, 0.01646559977509542, 3.6223675056894464, 1.3395587298230798], 'min_error': 0.05637589208995656, 'failure_mode': 'Shear'}]",0.05637589208995656,Shear
1341,-122.2918785278892,37.88596923429973,"[ecpz,nbrk]",as_05,cerrpza_norber_aerial,p_015,aerial el cerrito plaza to north berkeley,"[red,orange]",73.0,footings,1,"[{'column_id': 'col_01', 'type': 'spiral', 'fy': 60, 'fpc': 4.0, 'diameter': 60, 'nLongBars': 48, 'dLongBars': 2.257, 'sTranBars': 3, 'dTranBars': 0.625, 'axLoad': 0.1, 'height': 256.0559999999999, 'column_parameters': {'nd_params': {'a0': 4.267599999999999, 'a1': 1.0188098000000003, 'a2': 0.05113269292952138, 'a3': 0.1, 'a4': 0.2215330084182543, 'a5': 1.4886198445707035}, 'strength_stiffness': {'strength': 224658.38113351466, 'stiffness': 134349499.7867086, 'E': 3604.9965325919525, 'I': 636172.512351933}}, 'model_parameters': [0.4336567153696499, 0.9457890949983667, 1.909903724243872, 0.1493300697489771, 0.08050023898038343, -0.3864375073588758, 1.138330078191877, 0.8451181507512491, 0.010866108479791945, 7.785673257566405, 0.7781287796358427, 0.017202318647450476, 3.5958415847570064, 1.3366285327149796], 'min_error': 0.05607067838159073, 'failure_mode': 'Shear'}]",0.05607067838159073,Shear
1342,-122.29194266417564,37.88616884241289,"[ecpz,nbrk]",as_05,cerrpza_norber_aerial,p_016,aerial el cerrito plaza to north berkeley,"[red,orange]",73.0,footings,1,"[{'column_id': 'col_01', 'type': 'spiral', 'fy': 60, 'fpc': 4.0, 'diameter': 60, 'nLongBars': 48, 'dLongBars': 2.257, 'sTranBars': 3, 'dTranBars': 0.625, 'axLoad': 0.1, 'height': 238.95599999999996, 'column_parameters': {'nd_params': {'a0': 3.9825999999999997, 'a1': 1.0188098000000003, 'a2': 0.05113269292952138, 'a3': 0.1, 'a4': 0.2215330084182543, 'a5': 1.5934438174544565}, 'strength_stiffness': {'strength': 209879.3322620784, 'stiffness': 143963723.5197503, 'E': 3604.9965325919525, 'I': 636172.512351933}}, 'model_parameters': [0.46612154160456926, 0.9547584190339266, 1.8612305869731502, 0.13310959527990876, 0.07082385198765394, -0.11189299890193495, 1.3509936533407298, 0.85643640048221, 0.009880654644597808, 7.570394498797877, 0.756702063207688, 0.0190462044265672, 3.5378675408828215, 1.335237509312379], 'min_error': 0.05525748883058548, 'failure_mode': 'Shear'}]",0.05525748883058548,Shear
1343,-122.29200681786455,37.886368439236776,"[ecpz,nbrk]",as_05,cerrpza_norber_aerial,p_017,aerial el cerrito plaza to north berkeley,"[red,orange]",73.0,footings,1,"[{'column_id': 'col_01', 'type': 'spiral', 'fy': 60, 'fpc': 4.0, 'diameter': 60, 'nLongBars': 48, 'dLongBars': 2.257, 'sTranBars': 3, 'dTranBars': 0.625, 'axLoad': 0.1, 'height': 223.536, 'column_parameters': {'nd_params': {'a0': 3.7256, 'a1': 1.0188098000000003, 'a2': 0.05113269292952138, 'a3': 0.1, 'a4': 0.2215330084182543, 'a5': 1.6749953195943748}, 'strength_stiffness': {'strength': 199660.8112824255, 'stiffness': 153894654.63006157, 'E': 3604.9965325919525, 'I': 636172.512351933}}, 'model_parameters': [0.4994740313043147, 0.9633830460506201, 1.8154761685752754, 0.11951465548612322, 0.06130467564826527, 0.11697149250395808, 1.5216433821259419, 0.8685068110295789, 0.009015698398648356, 7.398250252373476, 0.7357313699949338, 0.02072137864607853, 3.4714650234860374, 1.320914277192108], 'min_error': 0.054599134860118, 'failure_mode': 'Shear'}]",0.054599134860118,Shear
1344,-122.29207096843416,37.886568036069946,"[ecpz,nbrk]",as_05,cerrpza_norber_aerial,p_018,aerial el cerrito plaza to north berkeley,"[red,orange]",73.0,footings,1,"[{'column_id': 'col_01', 'type': 'spiral', 'fy': 60, 'fpc': 4.0, 'diameter': 60, 'nLongBars': 48, 'dLongBars': 2.257, 'sTranBars': 3, 'dTranBars': 0.625, 'axLoad': 0.1, 'height': 221.79600000000005, 'column_parameters': {'nd_params': {'a0': 3.696600000000001, 'a1': 1.0188098000000003, 'a2': 0.05113269292952138, 'a3': 0.1, 'a4': 0.2215330084182543, 'a5': 1.6847247865975612}, 'strength_stiffness': {'strength': 198507.74860378765, 'stiffness': 155101965.3978676, 'E': 3604.9965325919525, 'I': 636172.512351933}}, 'model_parameters': [0.5032049125203573, 0.9643344952749251, 1.810388924154222, 0.11813699157539378, 0.06026276679952772, 0.14355677876296802, 1.541757746930027, 0.8697930986574202, 0.008917461228776033, 7.378590405360666, 0.733432031636156, 0.02090990055602286, 3.464546024416377, 1.3195193963097487], 'min_error': 0.05452180080192397, 'failure_mode': 'Shear'}]",0.05452180080192397,Shear
1345,-122.29213512287998,37.886767635553056,"[ecpz,nbrk]",as_05,cerrpza_norber_aerial,p_019,aerial el cerrito plaza to north berkeley,"[red,orange]",73.0,footings,1,"[{'column_id': 'col_01', 'type': 'spiral', 'fy': 60, 'fpc': 4.0, 'diameter': 60, 'nLongBars': 48, 'dLongBars': 2.257, 'sTranBars': 3, 'dTranBars': 0.625, 'axLoad': 0.1, 'height': 221.76000000000005, 'column_parameters': {'nd_params': {'a0': 3.6960000000000006, 'a1': 1.0188098000000003, 'a2': 0.05113269292952138, 'a3': 0.1, 'a4': 0.2215330084182543, 'a5': 1.6849272795282062}, 'strength_stiffness': {'strength': 198483.89213457445, 'stiffness': 155127144.28835425, 'E': 3604.9965325919525, 'I': 636172.512351933}}, 'model_parameters': [0.5032820257784233, 0.9643541311938985, 1.8102838422371745, 0.11810884504372209, 0.06024128306274314, 0.14410854024369127, 1.5421758493080076, 0.8698195400039117, 0.008915427408110695, 7.378183023018329, 0.7333846108328645, 0.02091379986468481, 3.464404172143334, 1.3194909543576028], 'min_error': 0.054520193892101214, 'failure_mode': 'Shear'}]",0.054520193892101214,Shear
1346,-122.2921992741402,37.88696723229963,"[ecpz,nbrk]",as_05,cerrpza_norber_aerial,p_020,aerial el cerrito plaza to north berkeley,"[red,orange]",73.0,footings,1,"[{'column_id': 'col_01', 'type': 'spiral', 'fy': 60, 'fpc': 4.0, 'diameter': 60, 'nLongBars': 48, 'dLongBars': 2.257, 'sTranBars': 3, 'dTranBars': 0.625, 'axLoad': 0.1, 'height': 223.392, 'column_parameters': {'nd_params': {'a0': 3.7232, 'a1': 1.0188098000000003, 'a2': 0.05113269292952138, 'a3': 0.1, 'a4': 0.2215330084182543, 'a5': 1.6757962495591168}, 'strength_stiffness': {'strength': 199565.3854055727, 'stiffness': 153993856.169359, 'E': 3604.9965325919525, 'I': 636172.512351933}}, 'model_parameters': [0.4997830686172168, 0.9634619627176099, 1.8150545424127393, 0.11939936668593094, 0.061218187732786526, 0.11916550108370455, 1.5233010723859117, 0.868613875555133, 0.00900757320373487, 7.3966254346515115, 0.7355405375272213, 0.020736984551559725, 3.4708877710486945, 1.3207973234929866], 'min_error': 0.054592759449921466, 'failure_mode': 'Shear'}]",0.054592759449921466,Shear
1347,-122.29226342921028,37.887166828950384,"[ecpz,nbrk]",as_05,cerrpza_norber_aerial,p_021,aerial el cerrito plaza to north berkeley,"[red,orange]",73.0,footings,1,"[{'column_id': 'col_01', 'type': 'spiral', 'fy': 60, 'fpc': 4.0, 'diameter': 60, 'nLongBars': 48, 'dLongBars': 2.257, 'sTranBars': 3, 'dTranBars': 0.625, 'axLoad': 0.1, 'height': 226.72800000000007, 'column_parameters': {'nd_params': {'a0': 3.778800000000001, 'a1': 1.0188098000000003, 'a2': 0.05113269292952138, 'a3': 0.1, 'a4': 0.2215330084182543, 'a5': 1.6574358878726052}, 'strength_stiffness': {'strength': 201776.08488599572, 'stiffness': 151728042.0476758, 'E': 3604.9965325919525, 'I': 636172.512351933}}, 'model_parameters': [0.49261141862105545, 0.9616257005866062, 1.8248501497578926, 0.12212825734630545, 0.06323372047885967, 0.06861810872785983, 1.4852145707663384, 0.8661055989189024, 0.009195584271911849, 7.434171488792035, 0.7399862136716466, 0.020375261205225093, 3.4844725462692185, 1.3235793259208404], 'min_error': 0.054739332845441614, 'failure_mode': 'Shear'}]",0.054739332845441614,Shear
1348,-122.29232758116105,37.8873664256104,"[ecpz,nbrk]",as_05,cerrpza_norber_aerial,p_022,aerial el cerrito plaza to north berkeley,"[red,orange]",76.0,footings,1,"[{'column_id': 'col_01', 'type': 'spiral', 'fy': 60, 'fpc': 4.0, 'diameter': 60, 'nLongBars': 48, 'dLongBars': 2.257, 'sTranBars': 3, 'dTranBars': 0.625, 'axLoad': 0.1, 'height': 219.62400000000008, 'column_parameters': {'nd_params': {'a0': 3.6604000000000014, 'a1': 1.0188098000000003, 'a2': 0.05113269292952138, 'a3': 0.1, 'a4': 0.2215330084182543, 'a5': 1.6970296116897037}, 'strength_stiffness': {'strength': 197068.4082945914, 'stiffness': 156635866.37792516, 'E': 3604.9965325919525, 'I': 636172.512351933}}, 'model_parameters': [0.5078516199134393, 0.9655155765466188, 1.8040615839072023, 0.11646507726073747, 0.05897194798745314, 0.1769729174619411, 1.567126109606642, 0.871375784885397, 0.008794657865503831, 7.353963704802955, 0.7305821301912189, 0.021145074693518874, 3.4560831350774586, 1.3178331725735546], 'min_error': 0.05442434368479226, 'failure_mode': 'Shear'}]",0.05442434368479226,Shear
1349,-122.29239686762246,37.887581991023474,"[ecpz,nbrk]",as_05,cerrpza_norber_aerial,p_023,aerial el cerrito plaza to north berkeley,"[red,orange]",92.5,footings,1,"[{'column_id': 'col_01', 'type': 'spiral', 'fy': 60, 'fpc': 4.0, 'diameter': 60, 'nLongBars': 48, 'dLongBars': 2.257, 'sTranBars': 3, 'dTranBars': 0.625, 'axLoad': 0.1, 'height': 225.26400000000007, 'column_parameters': {'nd_params': {'a0': 3.754400000000001, 'a1': 1.0188098000000003, 'a2': 0.05113269292952138, 'a3': 0.1, 'a4': 0.2215330084182543, 'a5': 1.665443535723054}, 'strength_stiffness': {'strength': 200805.92180465904, 'stiffness': 152714128.83277148, 'E': 3604.9965325919525, 'I': 636172.512351933}}, 'model_parameters': [0.4957618139103759, 0.9624335962473487, 1.8205442095200493, 0.12091584533465627, 0.06234616188411014, 0.09072900359044289, 1.50184775786221, 0.867213505491383, 0.009113133245669652, 7.417718465505374, 0.7380289065691185, 0.020534050840419264, 3.478456692329169, 1.3223395334239894], 'min_error': 0.054675296802781215, 'failure_mode': 'Shear'}]",0.054675296802781215,Shear
1350,-122.29248967861439,37.88787074176189,"[ecpz,nbrk]",as_05,cerrpza_norber_aerial,p_024,aerial el cerrito plaza to north berkeley,"[red,orange]",92.5,footings,1,"[{'column_id': 'col_01', 'type': 'spiral', 'fy': 60, 'fpc': 4.0, 'diameter': 60, 'nLongBars': 48, 'dLongBars': 2.257, 'sTranBars': 3, 'dTranBars': 0.625, 'axLoad': 0.1, 'height': 232.81199999999995, 'column_parameters': {'nd_params': {'a0': 3.8801999999999994, 'a1': 1.0188098000000003, 'a2': 0.05113269292952138, 'a3': 0.1, 'a4': 0.2215330084182543, 'a5': 1.6249669769950013}, 'strength_stiffness': {'strength': 205807.82818302605, 'stiffness': 147762982.65289354, 'E': 3604.9965325919525, 'I': 636172.512351933}}, 'model_parameters': [0.4794696644711811, 0.958234915053971, 1.8428606565528411, 0.12740677254342037, 0.06697164347378434, -0.02210279772231199, 1.4174080255110058, 0.8613852234923774, 0.00953725189502507, 7.502190771876452, 0.7482230678883559, 0.019714597537385678, 3.510353331458868, 1.3290727511815306], 'min_error': 0.055000778019248894, 'failure_mode': 'Shear'}]",0.055000778019248894,Shear
1351,-122.29255896601808,37.88808630705682,"[ecpz,nbrk]",as_05,cerrpza_norber_aerial,p_025,aerial el cerrito plaza to north berkeley,"[red,orange]",79.0,footings,1,"[{'column_id': 'col_01', 'type': 'spiral', 'fy': 60, 'fpc': 4.0, 'diameter': 60, 'nLongBars': 48, 'dLongBars': 2.257, 'sTranBars': 3, 'dTranBars': 0.625, 'axLoad': 0.1, 'height': 238.45199999999994, 'column_parameters': {'nd_params': {'a0': 3.9741999999999993, 'a1': 1.0188098000000003, 'a2': 0.05113269292952138, 'a3': 0.1, 'a4': 0.2215330084182543, 'a5': 1.5959835790303367}, 'strength_stiffness': {'strength': 209545.34169309365, 'stiffness': 144268009.9868546, 'E': 3604.9965325919525, 'I': 636172.512351933}}, 'model_parameters': [0.4672193356010849, 0.9550455051475136, 1.8597170549127733, 0.13262836372223896, 0.07050502978030507, -0.10459390081230573, 1.3563666234311536, 0.8568489856168082, 0.009852547679629897, 7.56481545131088, 0.7560006581997117, 0.019101077779396458, 3.535560304335818, 1.334706689328783], 'min_error': 0.055236696945919, 'failure_mode': 'Shear'}]",0.055236696945919,Shear
1352,-122.2926282538245,37.888301872301206,"[ecpz,nbrk]",as_05,cerrpza_norber_aerial,p_026,aerial el cerrito plaza to north berkeley,"[red,orange]",79.0,footings,1,"[{'column_id': 'col_01', 'type': 'spiral', 'fy': 60, 'fpc': 4.0, 'diameter': 60, 'nLongBars': 48, 'dLongBars': 2.257, 'sTranBars': 3, 'dTranBars': 0.625, 'axLoad': 0.1, 'height': 220.09199999999993, 'column_parameters': {'nd_params': {'a0': 3.668199999999999, 'a1': 1.0188098000000003, 'a2': 0.05113269292952138, 'a3': 0.1, 'a4': 0.2215330084182543, 'a5': 1.694363127559654}, 'strength_stiffness': {'strength': 197378.54239436288, 'stiffness': 156302798.45421666, 'E': 3604.9965325919525, 'I': 636172.512351933}}, 'model_parameters': [0.5068514050008754, 0.9652617149605746, 1.8054227551416353, 0.1168207833772392, 0.05924915257178994, 0.16975088385989048, 1.5616353056636039, 0.8710369434999381, 0.008821134792105946, 7.359278443136225, 0.7311942693927779, 0.021094416359046887, 3.457890117621343, 1.3181914126094854], 'min_error': 0.0544454303503488, 'failure_mode': 'Shear'}]",0.0544454303503488,Shear
1353,-122.29269754203378,37.88851743749511,"[ecpz,nbrk]",as_05,cerrpza_norber_aerial,p_027,aerial el cerrito plaza to north berkeley,"[red,orange]",79.0,footings,1,"[{'column_id': 'col_01', 'type': 'spiral', 'fy': 60, 'fpc': 4.0, 'diameter': 60, 'nLongBars': 48, 'dLongBars': 2.257, 'sTranBars': 3, 'dTranBars': 0.625, 'axLoad': 0.1, 'height': 237.72000000000003, 'column_parameters': {'nd_params': {'a0': 3.962, 'a1': 1.0188098000000003, 'a2': 0.05113269292952138, 'a3': 0.1, 'a4': 0.2215330084182543, 'a5': 1.5996867322400041}, 'strength_stiffness': {'strength': 209060.26015242536, 'stiffness': 144712247.6753552, 'E': 3604.9965325919525, 'I': 636172.512351933}}, 'model_parameters': [0.46881285250095467, 0.9554618666641416, 1.8575209052229706, 0.13193361589766175, 0.07004286231473546, -0.09397199156909587, 1.3641937493307876, 0.8574461399306931, 0.009811705580809993, 7.556707824020914, 0.7549837878345168, 0.019180760932840553, 3.5322250510108826, 1.3339439394438353], 'min_error': 0.055206415728407, 'failure_mode': 'Shear'}]",0.055206415728407,Shear
1354,-122.29276683064577,37.88873300263849,"[ecpz,nbrk]",as_05,cerrpza_norber_aerial,p_028,aerial el cerrito plaza to north berkeley,"[red,orange]",79.0,footings,1,"[{'column_id': 'col_01', 'type': 'spiral', 'fy': 60, 'fpc': 4.0, 'diameter': 60, 'nLongBars': 48, 'dLongBars': 2.257, 'sTranBars': 3, 'dTranBars': 0.625, 'axLoad': 0.1, 'height': 243.36, 'column_parameters': {'nd_params': {'a0': 4.056, 'a1': 1.0188098000000003, 'a2': 0.05113269292952138, 'a3': 0.1, 'a4': 0.2215330084182543, 'a5': 1.5662805839965315}, 'strength_stiffness': {'strength': 213519.16624743084, 'stiffness': 141358462.84264234, 'E': 3604.9965325919525, 'I': 636172.512351933}}, 'model_parameters': [0.4576193721136399, 0.9524552872060791, 1.873742148734028, 0.13703355372064444, 0.0733057656521825, -0.1828402746672833, 1.2959524672161344, 0.8535453725158832, 0.01013458352439556, 7.625163445192087, 0.7621992240970904, 0.01857148258787152, 3.5526171794171657, 1.3356094675199095], 'min_error': 0.05546788236799183, 'failure_mode': 'Shear'}]",0.05546788236799183,Shear
1355,-122.29283611959417,37.88894856498557,"[ecpz,nbrk]",as_05,cerrpza_norber_aerial,p_029,aerial el cerrito plaza to north berkeley,"[red,orange]",79.0,footings,1,"[{'column_id': 'col_01', 'type': 'spiral', 'fy': 60, 'fpc': 4.0, 'diameter': 60, 'nLongBars': 48, 'dLongBars': 2.257, 'sTranBars': 3, 'dTranBars': 0.625, 'axLoad': 0.1, 'height': 237.0, 'column_parameters': {'nd_params': {'a0': 3.9499999999999997, 'a1': 1.0188098000000003, 'a2': 0.05113269292952138, 'a3': 0.1, 'a4': 0.2215330084182543, 'a5': 1.6033459809182555}, 'strength_stiffness': {'strength': 208583.13076816138, 'stiffness': 145151879.82019174, 'E': 3604.9965325919525, 'I': 636172.512351933}}, 'model_parameters': [0.4703792082091748, 0.9558707086130979, 1.8553631710652534, 0.1312551323457218, 0.06958929898259049, -0.08349998382594598, 1.3719199154525037, 0.8580310905523313, 0.009771509859488135, 7.548727518386362, 0.7539857232111213, 0.01925912169150761, 3.5289627665111056, 1.3332030818922675], 'min_error': 0.05517653386350351, 'failure_mode': 'Shear'}]",0.05517653386350351,Shear
1356,-122.29290540901174,37.88916413002789,"[ecpz,nbrk]",as_05,cerrpza_norber_aerial,p_030,aerial el cerrito plaza to north berkeley,"[red,orange]",79.0,footings,1,"[{'column_id': 'col_01', 'type': 'spiral', 'fy': 60, 'fpc': 4.0, 'diameter': 60, 'nLongBars': 48, 'dLongBars': 2.257, 'sTranBars': 3, 'dTranBars': 0.625, 'axLoad': 0.1, 'height': 242.64, 'column_parameters': {'nd_params': {'a0': 4.044, 'a1': 1.0188098000000003, 'a2': 0.05113269292952138, 'a3': 0.1, 'a4': 0.2215330084182543, 'a5': 1.5709283008629904}, 'strength_stiffness': {'strength': 212887.452737823, 'stiffness': 141777924.15671548, 'E': 3604.9965325919525, 'I': 636172.512351933}}, 'model_parameters': [0.45895775501544933, 0.9528232699025156, 1.8717263693154167, 0.13639513866408798, 0.07291265425305656, -0.17094299098817792, 1.3052877796703752, 0.853988297860207, 0.01009271673523055, 7.615931076680519, 0.7613267988137521, 0.01864889540792048, 3.5504309946945507, 1.3357322093680266], 'min_error': 0.05543229068453538, 'failure_mode': 'Shear'}]",0.05543229068453538,Shear
1357,-122.2929746988321,37.88937969501973,"[ecpz,nbrk]",as_05,cerrpza_norber_aerial,p_031,aerial el cerrito plaza to north berkeley,"[red,orange]",79.0,footings,1,"[{'column_id': 'col_01', 'type': 'spiral', 'fy': 60, 'fpc': 4.0, 'diameter': 60, 'nLongBars': 48, 'dLongBars': 2.257, 'sTranBars': 3, 'dTranBars': 0.625, 'axLoad': 0.1, 'height': 248.27999999999997, 'column_parameters': {'nd_params': {'a0': 4.138, 'a1': 1.0188098000000003, 'a2': 0.05113269292952138, 'a3': 0.1, 'a4': 0.2215330084182543, 'a5': 1.5352426410560496}, 'strength_stiffness': {'strength': 217835.87522975064, 'stiffness': 138557255.9907582, 'E': 3604.9965325919525, 'I': 636172.512351933}}, 'model_parameters': [0.4484146506670226, 0.9499109286513671, 1.8876202502724138, 0.1415735147715354, 0.07603614906827616, -0.26309811027806984, 1.233335636956634, 0.850415055666859, 0.010419554773801158, 7.6878557219741674, 0.7682524976004347, 0.01804180311973331, 3.5683415238781397, 1.335295923323231], 'min_error': 0.05570692476579774, 'failure_mode': 'Shear'}]",0.05570692476579774,Shear
1358,-122.29304398905528,37.88959525996099,"[ecpz,nbrk]",as_05,cerrpza_norber_aerial,p_032,aerial el cerrito plaza to north berkeley,"[red,orange]",76.0,footings,1,"[{'column_id': 'col_01', 'type': 'spiral', 'fy': 60, 'fpc': 4.0, 'diameter': 60, 'nLongBars': 48, 'dLongBars': 2.257, 'sTranBars': 3, 'dTranBars': 0.625, 'axLoad': 0.1, 'height': 253.88399999999996, 'column_parameters': {'nd_params': {'a0': 4.231399999999999, 'a1': 1.0188098000000003, 'a2': 0.05113269292952138, 'a3': 0.1, 'a4': 0.2215330084182543, 'a5': 1.5013551185635803}, 'strength_stiffness': {'strength': 222752.71204619788, 'stiffness': 135498871.60035864, 'E': 3604.9965325919525, 'I': 636172.512351933}}, 'model_parameters': [0.4378051252580649, 0.9469522879662714, 1.9036382011273552, 0.14709664672254616, 0.07923574525077147, -0.35240070261812256, 1.1643991767682909, 0.8466389891355934, 0.010741836173428514, 7.758495490002988, 0.7753335902077392, 0.017437079941166764, 3.5878473053128963, 1.3360353777683973], 'min_error': 0.05597073480668413, 'failure_mode': 'Shear'}]",0.05597073480668413,Shear
1359,-122.2931077213657,37.889793524845295,"[ecpz,nbrk]",as_05,cerrpza_norber_aerial,p_033,aerial el cerrito plaza to north berkeley,"[red,orange]",80.5,footings,1,"[{'column_id': 'col_01', 'type': 'spiral', 'fy': 60, 'fpc': 4.0, 'diameter': 60, 'nLongBars': 48, 'dLongBars': 2.257, 'sTranBars': 3, 'dTranBars': 0.625, 'axLoad': 0.1, 'height': 258.09599999999995, 'column_parameters': {'nd_params': {'a0': 4.3016, 'a1': 1.0188098000000003, 'a2': 0.05113269292952138, 'a3': 0.1, 'a4': 0.2215330084182543, 'a5': 1.4768537401641095}, 'strength_stiffness': {'strength': 226448.2360774034, 'stiffness': 133287596.54309037, 'E': 3604.9965325919525, 'I': 636172.512351933}}, 'model_parameters': [0.42974144391240815, 0.9446885267864144, 1.9158165029282874, 0.15147183452219115, 0.08169982306845523, -0.4181243135764209, 1.1141630636309112, 0.8436616918629422, 0.010982513376706908, 7.811103102010187, 0.7807789069366223, 0.01698163741809898, 3.6035625321545828, 1.337338247223576], 'min_error': 0.056163420462774644, 'failure_mode': 'Shear'}]",0.056163420462774644,Shear
1360,-122.29318471065353,37.890033042872936,"[ecpz,nbrk]",as_05,cerrpza_norber_aerial,p_034,aerial el cerrito plaza to north berkeley,"[red,orange]",81.0,footings,1,"[{'column_id': 'col_01', 'type': 'spiral', 'fy': 60, 'fpc': 4.0, 'diameter': 60, 'nLongBars': 48, 'dLongBars': 2.257, 'sTranBars': 3, 'dTranBars': 0.625, 'axLoad': 0.1, 'height': 261.37200000000007, 'column_parameters': {'nd_params': {'a0': 4.356200000000001, 'a1': 1.0188098000000003, 'a2': 0.05113269292952138, 'a3': 0.1, 'a4': 0.2215330084182543, 'a5': 1.4583430624603853}, 'strength_stiffness': {'strength': 229322.53254611892, 'stiffness': 131616988.49679933, 'E': 3604.9965325919525, 'I': 636172.512351933}}, 'model_parameters': [0.42341448906265206, 0.942905262637581, 1.9253669197643328, 0.1549958287089037, 0.08364971679557823, -0.4684554704347598, 1.0759792935844241, 0.8412675729215894, 0.011168822406684894, 7.851752633086991, 0.7850835463300331, 0.016626880786160352, 3.61637983691093, 1.3387816566734962], 'min_error': 0.056310133441684423, 'failure_mode': 'Shear'}]",0.056310133441684423,Shear
1361,-122.29324972565057,37.89023530124957,"[ecpz,nbrk]",as_05,cerrpza_norber_aerial,p_035,aerial el cerrito plaza to north berkeley,"[red,orange]",69.5,footings,1,"[{'column_id': 'col_01', 'type': 'spiral', 'fy': 60, 'fpc': 4.0, 'diameter': 60, 'nLongBars': 48, 'dLongBars': 2.257, 'sTranBars': 3, 'dTranBars': 0.625, 'axLoad': 0.1, 'height': 262.59599999999995, 'column_parameters': {'nd_params': {'a0': 4.376599999999999, 'a1': 1.0188098000000003, 'a2': 0.05113269292952138, 'a3': 0.1, 'a4': 0.2215330084182543, 'a5': 1.4515455030594373}, 'strength_stiffness': {'strength': 230396.44551245205, 'stiffness': 131003501.64277236, 'E': 3604.9965325919525, 'I': 636172.512351933}}, 'model_parameters': [0.42103775151520517, 0.9422340903639974, 1.9289522278393214, 0.15633793288493106, 0.08438549674329714, -0.4870896265377168, 1.061905767751027, 0.8403560380197725, 0.01123823926404733, 7.866882658981378, 0.786706937382009, 0.01649422069506965, 3.6212977450740906, 1.3394153920095666], 'min_error': 0.05636426466893373, 'failure_mode': 'Shear'}]",0.05636426466893373,Shear
1362,-122.29330703916214,37.89041360646151,"[ecpz,nbrk]",as_05,cerrpza_norber_aerial,p_036,aerial el cerrito plaza to north berkeley,"[red,orange]",79.0,footings,1,"[{'column_id': 'col_01', 'type': 'spiral', 'fy': 60, 'fpc': 4.0, 'diameter': 60, 'nLongBars': 48, 'dLongBars': 2.257, 'sTranBars': 3, 'dTranBars': 0.625, 'axLoad': 0.1, 'height': 238.51200000000006, 'column_parameters': {'nd_params': {'a0': 3.9752000000000005, 'a1': 1.0188098000000003, 'a2': 0.05113269292952138, 'a3': 0.1, 'a4': 0.2215330084182543, 'a5': 1.5956808019987294}, 'strength_stiffness': {'strength': 209585.10247511568, 'stiffness': 144231717.97387737, 'E': 3604.9965325919525, 'I': 636172.512351933}}, 'model_parameters': [0.4670886722896413, 0.9550113457604461, 1.8598971763434227, 0.1326855304253754, 0.07054295884603323, -0.10546345309587692, 1.3557262931431076, 0.8567999293266615, 0.009855894338419487, 7.565479761437296, 0.7560841048444372, 0.01909454564444283, 3.5358345132599536, 1.334769639743224], 'min_error': 0.055239174622165856, 'failure_mode': 'Shear'}]",0.055239174622165856,Shear
1363,-122.29338830963086,37.89066642793461,"[ecpz,nbrk]",as_05,cerrpza_norber_aerial,p_037,aerial el cerrito plaza to north berkeley,"[red,orange]",85.0,footings,1,"[{'column_id': 'col_01', 'type': 'spiral', 'fy': 60, 'fpc': 4.0, 'diameter': 60, 'nLongBars': 48, 'dLongBars': 2.257, 'sTranBars': 3, 'dTranBars': 0.625, 'axLoad': 0.1, 'height': 260.496, 'column_parameters': {'nd_params': {'a0': 4.3416, 'a1': 1.0188098000000003, 'a2': 0.05113269292952138, 'a3': 0.1, 'a4': 0.2215330084182543, 'a5': 1.4632472011907898}, 'strength_stiffness': {'strength': 228553.94777609603, 'stiffness': 132059592.15260674, 'E': 3604.9965325919525, 'I': 636172.512351933}}, 'model_parameters': [0.4251111625218849, 0.943383990698913, 1.9228065962248606, 0.15404364357527156, 0.08312552769509819, -0.4550627109907143, 1.0861153678413016, 0.8419143109010956, 0.011119077721101654, 7.840905194932855, 0.7839266925430927, 0.016721786182242983, 3.612902853203914, 1.3383594419313605], 'min_error': 0.056271165920793564, 'failure_mode': 'Shear'}]",0.056271165920793564,Shear
1364,-122.29345588958468,37.89087667059406,"[ecpz,nbrk]",as_05,cerrpza_norber_aerial,p_038,aerial el cerrito plaza to north berkeley,"[red,orange]",76.5,footings,1,"[{'column_id': 'col_01', 'type': 'spiral', 'fy': 60, 'fpc': 4.0, 'diameter': 60, 'nLongBars': 48, 'dLongBars': 2.257, 'sTranBars': 3, 'dTranBars': 0.625, 'axLoad': 0.1, 'height': 221.13599999999997, 'column_parameters': {'nd_params': {'a0': 3.6855999999999995, 'a1': 1.0188098000000003, 'a2': 0.05113269292952138, 'a3': 0.1, 'a4': 0.2215330084182543, 'a5': 1.6884449073196544}, 'strength_stiffness': {'strength': 198070.38000154565, 'stiffness': 155564880.96639827, 'E': 3604.9965325919525, 'I': 636172.512351933}}, 'model_parameters': [0.5046181476766379, 0.9646941674501534, 1.808463535372566, 0.1176232903805707, 0.059869372279906005, 0.15368358113385586, 1.5494355740997119, 0.8702767430924672, 0.008880165976862153, 7.371117558143435, 0.7325636353494271, 0.02098138044910811, 3.4619538368344402, 1.3190006183687135], 'min_error': 0.05449229601927449, 'failure_mode': 'Shear'}]",0.05449229601927449,Shear
1365,-122.29352261874395,37.89108425076407,"[ecpz,nbrk]",as_05,cerrpza_norber_aerial,p_039,aerial el cerrito plaza to north berkeley,"[red,orange]",76.25,footings,1,"[{'column_id': 'col_01', 'type': 'spiral', 'fy': 60, 'fpc': 4.0, 'diameter': 60, 'nLongBars': 48, 'dLongBars': 2.257, 'sTranBars': 3, 'dTranBars': 0.625, 'axLoad': 0.1, 'height': 205.00800000000004, 'column_parameters': {'nd_params': {'a0': 3.4168000000000003, 'a1': 1.0188098000000003, 'a2': 0.05113269292952138, 'a3': 0.1, 'a4': 0.2215330084182543, 'a5': 1.784748308662149}, 'strength_stiffness': {'strength': 187382.68179403324, 'stiffness': 167803185.8141411, 'E': 3604.9965325919525, 'I': 636172.512351933}}, 'model_parameters': [0.5387635865631022, 0.9732608691551113, 1.7621891282618194, 0.10668637085397147, 0.05058631702479597, 0.40892801762638786, 1.745839922006435, 0.8813197759249327, 0.007962934434264629, 7.185034978855353, 0.7120291974297691, 0.022722913324931246, 3.4044858581515856, 1.3082598268305667], 'min_error': 0.053740129989637446, 'failure_mode': 'Shear'}]",0.053740129989637446,Shear
1366,-122.29358977213559,37.891293162133884,"[ecpz,nbrk]",as_05,cerrpza_norber_aerial,p_040,aerial el cerrito plaza to north berkeley,"[red,orange]",76.5,footings,1,"[{'column_id': 'col_01', 'type': 'spiral', 'fy': 60, 'fpc': 4.0, 'diameter': 60, 'nLongBars': 44, 'dLongBars': 2.257, 'sTranBars': 3, 'dTranBars': 0.625, 'axLoad': 0.1, 'height': 188.86800000000005, 'column_parameters': {'nd_params': {'a0': 3.147800000000001, 'a1': 0.9339089833333334, 'a2': 0.05113269292952138, 'a3': 0.1, 'a4': 0.2215330084182543, 'a5': 1.747254342125885}, 'strength_stiffness': {'strength': 176687.03143011636, 'stiffness': 182143060.32459408, 'E': 3604.9965325919525, 'I': 636172.512351933}}, 'model_parameters': [0.5202757984486392, 0.9804723025273789, 1.7025861913059204, 0.11713739493849958, 0.07865377452249527, 0.7401284316521651, 1.9036220065122704, 0.8659101118975542, 0.00773931099568348, 6.798565778205615, 0.7239800744220273, 0.022483209325881968, 3.4565132234733453, 1.2328015183163903], 'min_error': 0.053922217236078894, 'failure_mode': 'Shear'}]",0.053922217236078894,Shear
1367,-122.29365692590561,37.89150207345621,"[ecpz,nbrk]",as_05,cerrpza_norber_aerial,p_041,aerial el cerrito plaza to north berkeley,"[red,orange]",76.5,footings,1,"[{'column_id': 'col_01', 'type': 'spiral', 'fy': 60, 'fpc': 4.0, 'diameter': 60, 'nLongBars': 44, 'dLongBars': 2.257, 'sTranBars': 3, 'dTranBars': 0.625, 'axLoad': 0.1, 'height': 184.72800000000007, 'column_parameters': {'nd_params': {'a0': 3.078800000000001, 'a1': 0.9339089833333334, 'a2': 0.05113269292952138, 'a3': 0.1, 'a4': 0.2215330084182543, 'a5': 1.7748126050143447}, 'strength_stiffness': {'strength': 173943.53747059868, 'stiffness': 186225128.39085266, 'E': 3604.9965325919525, 'I': 636172.512351933}}, 'model_parameters': [0.5288612185458303, 0.982558763444136, 1.6911152153629592, 0.11521015391502437, 0.07644438259675446, 0.8097402022257699, 1.9586575613097494, 0.8683371173603193, 0.007500621408988267, 6.7517391465831365, 0.7190696224281288, 0.022927533496193767, 3.444850479856801, 1.2349600328686023], 'min_error': 0.053712748139530635, 'failure_mode': 'Shear'}]",0.053712748139530635,Shear
1368,-122.29372408351871,37.89171098467842,"[ecpz,nbrk]",as_05,cerrpza_norber_aerial,p_042,aerial el cerrito plaza to north berkeley,"[red,orange]",76.5,footings,1,"[{'column_id': 'col_01', 'type': 'spiral', 'fy': 60, 'fpc': 4.0, 'diameter': 60, 'nLongBars': 44, 'dLongBars': 2.257, 'sTranBars': 3, 'dTranBars': 0.625, 'axLoad': 0.1, 'height': 180.57600000000002, 'column_parameters': {'nd_params': {'a0': 3.0096000000000003, 'a1': 0.9339089833333334, 'a2': 0.05113269292952138, 'a3': 0.1, 'a4': 0.2215330084182543, 'a5': 1.803337878640678}, 'strength_stiffness': {'strength': 171192.09135467652, 'stiffness': 190507019.30148768, 'E': 3604.9965325919525, 'I': 636172.512351933}}, 'model_parameters': [0.5374001288426062, 0.9846164732321937, 1.6797383919348512, 0.1135583206905876, 0.07428284115080827, 0.8808329045179294, 2.0152968182936863, 0.8706436925927243, 0.00725896210778883, 6.703992363398517, 0.7142576963541752, 0.023372294798412185, 3.4341197106116894, 1.2403730117059593], 'min_error': 0.05349754743110942, 'failure_mode': 'Shear'}]",0.05349754743110942,Shear
1369,-122.29379123797898,37.89191989315999,"[ecpz,nbrk]",as_05,cerrpza_norber_aerial,p_043,aerial el cerrito plaza to north berkeley,"[red,orange]",76.5,footings,1,"[{'column_id': 'col_01', 'type': 'spiral', 'fy': 60, 'fpc': 4.0, 'diameter': 60, 'nLongBars': 48, 'dLongBars': 2.257, 'sTranBars': 3, 'dTranBars': 0.625, 'axLoad': 0.1, 'height': 200.43600000000004, 'column_parameters': {'nd_params': {'a0': 3.3406000000000007, 'a1': 1.0188098000000003, 'a2': 0.05113269292952138, 'a3': 0.1, 'a4': 0.2215330084182543, 'a5': 1.8140799840614605}, 'strength_stiffness': {'strength': 184352.91020395714, 'stiffness': 171630822.39410803, 'E': 3604.9965325919525, 'I': 636172.512351933}}, 'model_parameters': [0.5482775144105487, 0.9756058328317551, 1.7493628884610064, 0.10419187419404165, 0.04807897021795039, 0.48421431279973615, 1.8048239715157874, 0.8841584052868618, 0.007700492836695589, 7.130674719136618, 0.7064662500442027, 0.023214658733259588, 3.3904061831185452, 1.3062979669697128], 'min_error': 0.053515170220088275, 'failure_mode': 'Shear'}]",0.053515170220088275,Shear
1370,-122.29385839634881,37.892128804287196,"[ecpz,nbrk]",as_05,cerrpza_norber_aerial,p_044,aerial el cerrito plaza to north berkeley,"[red,orange]",76.5,footings,1,"[{'column_id': 'col_01', 'type': 'spiral', 'fy': 60, 'fpc': 4.0, 'diameter': 60, 'nLongBars': 48, 'dLongBars': 2.257, 'sTranBars': 3, 'dTranBars': 0.625, 'axLoad': 0.1, 'height': 196.284, 'column_parameters': {'nd_params': {'a0': 3.2714, 'a1': 1.0188098000000003, 'a2': 0.05113269292952138, 'a3': 0.1, 'a4': 0.2215330084182543, 'a5': 1.8415651332103593}, 'strength_stiffness': {'strength': 181601.464088035, 'stiffness': 175261333.156984, 'E': 3604.9965325919525, 'I': 636172.512351933}}, 'model_parameters': [0.5568386091044962, 0.9777006088273423, 1.7378366919335075, 0.10217652852910894, 0.04585381749920836, 0.5538072562234075, 1.8597699893369883, 0.8866144278842643, 0.007460883218626366, 7.080475237120774, 0.7015221178226222, 0.023660417467861062, 3.378543078332563, 1.3053920667766887], 'min_error': 0.053305977721446955, 'failure_mode': 'Shear'}]",0.053305977721446955,Shear
1371,-122.2939255516322,37.89233771541956,"[ecpz,nbrk]",as_05,cerrpza_norber_aerial,p_045,aerial el cerrito plaza to north berkeley,"[red,orange]",76.5,footings,1,"[{'column_id': 'col_01', 'type': 'spiral', 'fy': 60, 'fpc': 4.0, 'diameter': 60, 'nLongBars': 44, 'dLongBars': 2.257, 'sTranBars': 3, 'dTranBars': 0.625, 'axLoad': 0.1, 'height': 192.144, 'column_parameters': {'nd_params': {'a0': 3.2024, 'a1': 0.9339089833333334, 'a2': 0.05113269292952138, 'a3': 0.1, 'a4': 0.2215330084182543, 'a5': 1.726046553261097}, 'strength_stiffness': {'strength': 178857.9701285173, 'stiffness': 179037573.47294447, 'E': 3604.9965325919525, 'I': 636172.512351933}}, 'model_parameters': [0.5134396890057072, 0.9787975163147515, 1.7117492738079954, 0.11885303390629141, 0.08043872042505004, 0.6859083010674476, 1.8610475565524829, 0.8639035197982757, 0.007926864631020913, 6.835162674810855, 0.7279418959339741, 0.02213103906129558, 3.466394307629978, 1.2328682572997949], 'min_error': 0.05408450989569329, 'failure_mode': 'Shear'}]",0.05408450989569329,Shear
1372,-122.29399270729395,37.892546626504405,"[ecpz,nbrk]",as_05,cerrpza_norber_aerial,p_046,aerial el cerrito plaza to north berkeley,"[red,orange]",76.5,footings,1,"[{'column_id': 'col_01', 'type': 'spiral', 'fy': 60, 'fpc': 4.0, 'diameter': 60, 'nLongBars': 44, 'dLongBars': 2.257, 'sTranBars': 3, 'dTranBars': 0.625, 'axLoad': 0.1, 'height': 188.00400000000002, 'column_parameters': {'nd_params': {'a0': 3.1334000000000004, 'a1': 0.9339089833333334, 'a2': 0.05113269292952138, 'a3': 0.1, 'a4': 0.2215330084182543, 'a5': 1.7529347364231334}, 'strength_stiffness': {'strength': 176114.4761689996, 'stiffness': 182980125.51533714, 'E': 3604.9965325919525, 'I': 636172.512351933}}, 'model_parameters': [0.5220728077311373, 0.9809105392538796, 1.7001820671606431, 0.11671266238177405, 0.07818834826987499, 0.7545538812489746, 1.9149922756044642, 0.8664268037845435, 0.007689663489798644, 6.78885029496392, 0.7229462732676831, 0.02257600583707303, 3.454002079088025, 1.2330234872806265], 'min_error': 0.05387891146845503, 'failure_mode': 'Shear'}]",0.05387891146845503,Shear
1373,-122.29405986679885,37.8927555374891,"[ecpz,nbrk]",as_05,cerrpza_norber_aerial,p_047,aerial el cerrito plaza to north berkeley,"[red,orange]",77.25,footings,1,"[{'column_id': 'col_01', 'type': 'spiral', 'fy': 60, 'fpc': 4.0, 'diameter': 60, 'nLongBars': 44, 'dLongBars': 2.257, 'sTranBars': 3, 'dTranBars': 0.625, 'axLoad': 0.1, 'height': 183.85199999999998, 'column_parameters': {'nd_params': {'a0': 3.0641999999999996, 'a1': 0.9339089833333334, 'a2': 0.05113269292952138, 'a3': 0.1, 'a4': 0.2215330084182543, 'a5': 1.7807555784476397}, 'strength_stiffness': {'strength': 173363.03005307747, 'stiffness': 187112435.64054483, 'E': 3604.9965325919525, 'I': 636172.512351933}}, 'model_parameters': [0.530669144804687, 0.9829958459322177, 1.688704079726625, 0.11483782948151239, 0.07598372574316678, 0.8246308610306408, 1.9704847747930816, 0.8688345932931292, 0.007449839769414695, 6.741736076022047, 0.7180448102275857, 0.023021442693694598, 3.4425044276131875, 1.2358056261553834], 'min_error': 0.053667779860514846, 'failure_mode': 'Shear'}]",0.053667779860514846,Shear
1374,-122.29412830517963,37.89296843930805,"[ecpz,nbrk]",as_05,cerrpza_norber_aerial,p_048,aerial el cerrito plaza to north berkeley,"[red,orange]",76.5,footings,1,"[{'column_id': 'col_01', 'type': 'spiral', 'fy': 60, 'fpc': 4.0, 'diameter': 60, 'nLongBars': 44, 'dLongBars': 2.257, 'sTranBars': 3, 'dTranBars': 0.625, 'axLoad': 0.1, 'height': 191.62799999999993, 'column_parameters': {'nd_params': {'a0': 3.193799999999999, 'a1': 0.9339089833333334, 'a2': 0.05113269292952138, 'a3': 0.1, 'a4': 0.2215330084182543, 'a5': 1.729352749747522}, 'strength_stiffness': {'strength': 178516.02740312807, 'stiffness': 179519671.01564208, 'E': 3604.9965325919525, 'I': 636172.512351933}}, 'model_parameters': [0.5145186557539185, 0.9790626755049404, 1.7103010893983928, 0.11857189872494592, 0.08015548202508706, 0.694399119768447, 1.8676977076193393, 0.8642244938761916, 0.00789739088029059, 6.8294220735002575, 0.7273135226542018, 0.02218654192403737, 3.4648006877852136, 1.2327716021143977], 'min_error': 0.054059145010900964, 'failure_mode': 'Shear'}]",0.054059145010900964,Shear
1375,-122.29419418001412,37.89317335942128,"[ecpz,nbrk]",as_05,cerrpza_norber_aerial,p_049,aerial el cerrito plaza to north berkeley,"[red,orange]",75.0,footings,1,"[{'column_id': 'col_01', 'type': 'spiral', 'fy': 60, 'fpc': 4.0, 'diameter': 60, 'nLongBars': 44, 'dLongBars': 2.257, 'sTranBars': 3, 'dTranBars': 0.625, 'axLoad': 0.1, 'height': 187.55999999999995, 'column_parameters': {'nd_params': {'a0': 3.125999999999999, 'a1': 0.9339089833333334, 'a2': 0.05113269292952138, 'a3': 0.1, 'a4': 0.2215330084182543, 'a5': 1.755868218912612}, 'strength_stiffness': {'strength': 175820.24638203677, 'stiffness': 183413283.84189302, 'E': 3604.9965325919525, 'I': 636172.512351933}}, 'model_parameters': [0.5229952360558009, 0.9811351741049242, 1.698948681174801, 0.11649897386962857, 0.07795005100245232, 0.761987709914052, 1.9208587579021184, 0.8666902582773339, 0.00766411781932793, 6.783846463800265, 0.7224168435101433, 0.022623679132171216, 3.4527272966821263, 1.2331813448499331], 'min_error': 0.05385657398717062, 'failure_mode': 'Shear'}]",0.05385657398717062,Shear
1376,-122.29426005861109,37.89337827669038,"[ecpz,nbrk]",as_05,cerrpza_norber_aerial,p_050,aerial el cerrito plaza to north berkeley,"[red,orange]",75.0,footings,1,"[{'column_id': 'col_01', 'type': 'spiral', 'fy': 60, 'fpc': 4.0, 'diameter': 60, 'nLongBars': 48, 'dLongBars': 2.257, 'sTranBars': 3, 'dTranBars': 0.625, 'axLoad': 0.1, 'height': 195.50400000000002, 'column_parameters': {'nd_params': {'a0': 3.2584000000000004, 'a1': 1.0188098000000003, 'a2': 0.05113269292952138, 'a3': 0.1, 'a4': 0.2215330084182543, 'a5': 1.8468217207115276}, 'strength_stiffness': {'strength': 181084.57392174908, 'stiffness': 175960571.2281357, 'E': 3604.9965325919525, 'I': 636172.512351933}}, 'model_parameters': [0.558437849304832, 0.9780903206812848, 1.7356847494385212, 0.10182518227972293, 0.045441496871019914, 0.567015449581293, 1.8702439278770147, 0.8870624293201163, 0.0074157115892095875, 7.070945554178976, 0.7006051520979386, 0.023744068899387065, 3.3764159146862176, 1.3053498077249652], 'min_error': 0.053266140232978425, 'failure_mode': 'Shear'}]",0.053266140232978425,Shear
1377,-122.2943259341072,37.893583193966386,"[ecpz,nbrk]",as_05,cerrpza_norber_aerial,p_051,aerial el cerrito plaza to north berkeley,"[red,orange]",75.0,footings,1,"[{'column_id': 'col_01', 'type': 'spiral', 'fy': 60, 'fpc': 4.0, 'diameter': 60, 'nLongBars': 44, 'dLongBars': 2.257, 'sTranBars': 3, 'dTranBars': 0.625, 'axLoad': 0.1, 'height': 191.43600000000004, 'column_parameters': {'nd_params': {'a0': 3.1906000000000008, 'a1': 0.9339089833333334, 'a2': 0.05113269292952138, 'a3': 0.1, 'a4': 0.2215330084182543, 'a5': 1.730586197954284}, 'strength_stiffness': {'strength': 178388.79290065778, 'stiffness': 179699719.5793134, 'E': 3604.9965325919525, 'I': 636172.512351933}}, 'model_parameters': [0.5149199295132858, 0.9791612100860445, 1.7097626947447357, 0.11846832188065035, 0.08005028887056022, 0.6975631595353959, 1.8701774496667471, 0.864343461198785, 0.00788641778455959, 6.827283871592671, 0.727080120597682, 0.022207191049155247, 3.4642112353650627, 1.2327432520623678], 'min_error': 0.05404968822424093, 'failure_mode': 'Shear'}]",0.05404968822424093,Shear
1378,-122.29439181003386,37.89378811394247,"[ecpz,nbrk]",as_05,cerrpza_norber_aerial,p_052,aerial el cerrito plaza to north berkeley,"[red,orange]",75.0,footings,1,"[{'column_id': 'col_01', 'type': 'spiral', 'fy': 60, 'fpc': 4.0, 'diameter': 60, 'nLongBars': 44, 'dLongBars': 2.257, 'sTranBars': 3, 'dTranBars': 0.625, 'axLoad': 0.1, 'height': 187.36800000000005, 'column_parameters': {'nd_params': {'a0': 3.1228000000000007, 'a1': 0.9339089833333334, 'a2': 0.05113269292952138, 'a3': 0.1, 'a4': 0.2215330084182543, 'a5': 1.7571397949237848}, 'strength_stiffness': {'strength': 175693.01187956647, 'stiffness': 183601231.35959947, 'E': 3604.9965325919525, 'I': 636172.512351933}}, 'model_parameters': [0.5233939012671849, 0.9812321931020694, 1.6984157620867046, 0.11640753537716049, 0.07784718963955714, 0.7652067263003904, 1.9234005689400397, 0.8668037473134355, 0.007653064049395742, 6.781680240195193, 0.7221882876990868, 0.022644291692854982, 3.4521793522459614, 1.2332591591167414], 'min_error': 0.05384689695787795, 'failure_mode': 'Shear'}]",0.05384689695787795,Shear
1379,-122.29445768625813,37.89399303112703,"[ecpz,nbrk]",as_05,cerrpza_norber_aerial,p_053,aerial el cerrito plaza to north berkeley,"[red,orange]",75.0,footings,1,"[{'column_id': 'col_01', 'type': 'spiral', 'fy': 60, 'fpc': 4.0, 'diameter': 60, 'nLongBars': 48, 'dLongBars': 2.257, 'sTranBars': 3, 'dTranBars': 0.625, 'axLoad': 0.1, 'height': 219.30000000000007, 'column_parameters': {'nd_params': {'a0': 3.6550000000000007, 'a1': 1.0188098000000003, 'a2': 0.05113269292952138, 'a3': 0.1, 'a4': 0.2215330084182543, 'a5': 1.6988805609582913}, 'strength_stiffness': {'strength': 196853.70007167265, 'stiffness': 156867284.62100062, 'E': 3604.9965325919525, 'I': 636172.512351933}}, 'model_parameters': [0.508543744809761, 0.9656911239255922, 1.8031199414139676, 0.1162202931546353, 0.058780338124404266, 0.18197988363113413, 1.5709354476966746, 0.8716096602088802, 0.008776322360988423, 7.350281464543494, 0.7301589670988777, 0.021180141128263708, 3.4548375052927565, 1.3175867890234316], 'min_error': 0.05440971679361717, 'failure_mode': 'Shear'}]",0.05440971679361717,Shear
1380,-122.29452356291286,37.89419795101167,"[ecpz,nbrk]",as_05,cerrpza_norber_aerial,p_054,aerial el cerrito plaza to north berkeley,"[red,orange]",75.0,footings,1,"[{'column_id': 'col_01', 'type': 'spiral', 'fy': 60, 'fpc': 4.0, 'diameter': 60, 'nLongBars': 48, 'dLongBars': 2.257, 'sTranBars': 3, 'dTranBars': 0.625, 'axLoad': 0.1, 'height': 227.23200000000008, 'column_parameters': {'nd_params': {'a0': 3.7872000000000012, 'a1': 1.0188098000000003, 'a2': 0.05113269292952138, 'a3': 0.1, 'a4': 0.2215330084182543, 'a5': 1.6546969449772535}, 'strength_stiffness': {'strength': 202110.0754549805, 'stiffness': 151391509.6350225, 'E': 3604.9965325919525, 'I': 636172.512351933}}, 'model_parameters': [0.49152575355504496, 0.9613468384554756, 1.826335077223754, 0.12255094026387668, 0.06354036132168114, 0.06103181037584243, 1.479517349570448, 0.8657216325930048, 0.009223948145772444, 7.439827392425469, 0.7406623016966203, 0.020320578862400015, 3.4865629432908096, 1.3240131877133952], 'min_error': 0.054761275287375094, 'failure_mode': 'Shear'}]",0.054761275287375094,Shear
1381,-122.29458943986525,37.89440286810478,"[ecpz,nbrk]",as_05,cerrpza_norber_aerial,p_055,aerial el cerrito plaza to north berkeley,"[red,orange]",75.0,footings,1,"[{'column_id': 'col_01', 'type': 'spiral', 'fy': 60, 'fpc': 4.0, 'diameter': 60, 'nLongBars': 48, 'dLongBars': 2.257, 'sTranBars': 3, 'dTranBars': 0.625, 'axLoad': 0.1, 'height': 223.176, 'column_parameters': {'nd_params': {'a0': 3.7196000000000002, 'a1': 1.0188098000000003, 'a2': 0.05113269292952138, 'a3': 0.1, 'a4': 0.2215330084182543, 'a5': 1.6769990817100553}, 'strength_stiffness': {'strength': 199422.24659029354, 'stiffness': 154142898.50783888, 'E': 3604.9965325919525, 'I': 636172.512351933}}, 'model_parameters': [0.5002465325967669, 0.9635802784249073, 1.8144223095669698, 0.11922686280293744, 0.06108854375488824, 0.12245858626268936, 1.525789947427686, 0.8687742658428677, 0.00899538379284527, 7.39418747622712, 0.7352544715017493, 0.02076039203153709, 3.4700234570102677, 1.3206224099132362], 'min_error': 0.054583188032717236, 'failure_mode': 'Shear'}]",0.054583188032717236,Shear
1382,-122.29465531724813,37.894607787897925,"[ecpz,nbrk]",as_05,cerrpza_norber_aerial,p_056,aerial el cerrito plaza to north berkeley,"[red,orange]",78.5,footings,1,"[{'column_id': 'col_01', 'type': 'spiral', 'fy': 60, 'fpc': 4.0, 'diameter': 60, 'nLongBars': 48, 'dLongBars': 2.257, 'sTranBars': 3, 'dTranBars': 0.625, 'axLoad': 0.1, 'height': 343.896, 'column_parameters': {'nd_params': {'a0': 5.7316, 'a1': 1.0188098000000003, 'a2': 0.05113269292952138, 'a3': 0.1, 'a4': 0.2215330084182543, 'a5': 1.1083875442616253}, 'strength_stiffness': {'strength': 301727.4293056643, 'stiffness': 100033136.52204575, 'E': 3604.9965325919525, 'I': 636172.512351933}}, 'model_parameters': [1.308156487911536, 0.987672955097895, 1.4983800585074825, 0.1504662376251945, 0.5338657128733424, 3.2508746543626232, 1.5190632511354492, 0.8892936440045112, 0.011910400071144285, 9.838533243398885, 0.2217106762283649, 0.006099250396046678, 5.6651855946885705, -0.02667256559193094], 'min_error': 0.06294537223325301, 'failure_mode': 'Flexure'}]",0.06294537223325301,Flexure
1383,-122.29472718129472,37.89483133325473,"[ecpz,nbrk]",as_05,cerrpza_norber_aerial,p_057,aerial el cerrito plaza to north berkeley,"[red,orange]",75.0,footings,1,"[{'column_id': 'col_01', 'type': 'spiral', 'fy': 60, 'fpc': 4.0, 'diameter': 60, 'nLongBars': 48, 'dLongBars': 2.257, 'sTranBars': 3, 'dTranBars': 0.625, 'axLoad': 0.1, 'height': 226.66799999999995, 'column_parameters': {'nd_params': {'a0': 3.777799999999999, 'a1': 1.0188098000000003, 'a2': 0.05113269292952138, 'a3': 0.1, 'a4': 0.2215330084182543, 'a5': 1.6577625565939964}, 'strength_stiffness': {'strength': 201736.32410397366, 'stiffness': 151768205.11667043, 'E': 3604.9965325919525, 'I': 636172.512351933}}, 'model_parameters': [0.4927406271652072, 0.961658873527648, 1.8246734594326317, 0.12207811765974015, 0.063197252561112, 0.06952211052502838, 1.4858937947962658, 0.866151222398677, 0.009192206905379204, 7.433497890722131, 0.7399058037851197, 0.020381770428633837, 3.484224347126963, 1.323527918818914], 'min_error': 0.05473671716048309, 'failure_mode': 'Shear'}]",0.05473671716048309,Shear
1384,-122.29478707303969,37.895017624601266,"[ecpz,nbrk]",as_05,cerrpza_norber_aerial,p_058,aerial el cerrito plaza to north berkeley,"[red,orange]",68.0,footings,1,"[{'column_id': 'col_01', 'type': 'spiral', 'fy': 60, 'fpc': 4.0, 'diameter': 60, 'nLongBars': 48, 'dLongBars': 2.257, 'sTranBars': 3, 'dTranBars': 0.625, 'axLoad': 0.1, 'height': 234.97200000000004, 'column_parameters': {'nd_params': {'a0': 3.9162000000000003, 'a1': 1.0188098000000003, 'a2': 0.05113269292952138, 'a3': 0.1, 'a4': 0.2215330084182543, 'a5': 1.6137434329154887}, 'strength_stiffness': {'strength': 207239.21633581794, 'stiffness': 146404658.92695913, 'E': 3604.9965325919525, 'I': 636172.512351933}}, 'model_parameters': [0.474785565361757, 0.9570185397780593, 1.849298559764903, 0.12937044300844808, 0.0683173011591332, -0.05387323803922348, 1.3938293877774108, 0.8596656884294852, 0.009658168826130324, 7.526218548932123, 0.7511860195474312, 0.019479750975701194, 3.5198725959518233, 1.3311654700536064], 'min_error': 0.05509184344955949, 'failure_mode': 'Shear'}]",0.05509184344955949,Shear
1385,-122.29484696155414,37.89520391321691,"[ecpz,nbrk]",as_05,cerrpza_norber_aerial,p_059,aerial el cerrito plaza to north berkeley,"[red,orange]",71.5,footings,1,"[{'column_id': 'col_01', 'type': 'spiral', 'fy': 60, 'fpc': 4.0, 'diameter': 60, 'nLongBars': 48, 'dLongBars': 2.257, 'sTranBars': 3, 'dTranBars': 0.625, 'axLoad': 0.1, 'height': 267.27599999999995, 'column_parameters': {'nd_params': {'a0': 4.454599999999999, 'a1': 1.0188098000000003, 'a2': 0.05113269292952138, 'a3': 0.1, 'a4': 0.2215330084182543, 'a5': 1.4261289562901123}, 'strength_stiffness': {'strength': 234502.58332490263, 'stiffness': 128709631.68180253, 'E': 3604.9965325919525, 'I': 636172.512351933}}, 'model_parameters': [1.0341680262333734, 0.9880766083607692, 1.2709976122088669, 0.25918098995268174, 0.48293385663206073, 3.9618736042422182, 1.6825749452054315, 0.8678532660666496, 0.012805055097042281, 8.819179665354545, 0.20492692147366026, 0.009006065147744552, 5.751938419704785, -0.028887671526979273], 'min_error': 0.05452063717211421, 'failure_mode': 'Flexure'}]",0.05452063717211421,Flexure
1386,-122.29491241292267,37.8954074988974,"[ecpz,nbrk]",as_05,cerrpza_norber_aerial,p_060,aerial el cerrito plaza to north berkeley,"[red,orange]",75.0,footings,1,"[{'column_id': 'col_01', 'type': 'spiral', 'fy': 60, 'fpc': 4.0, 'diameter': 60, 'nLongBars': 48, 'dLongBars': 2.257, 'sTranBars': 3, 'dTranBars': 0.625, 'axLoad': 0.1, 'height': 263.24399999999997, 'column_parameters': {'nd_params': {'a0': 4.3873999999999995, 'a1': 1.0188098000000003, 'a2': 0.05113269292952138, 'a3': 0.1, 'a4': 0.2215330084182543, 'a5': 1.44797238653643}, 'strength_stiffness': {'strength': 230964.98767109908, 'stiffness': 130681024.13496774, 'E': 3604.9965325919525, 'I': 636172.512351933}}, 'model_parameters': [0.41977659212820384, 0.9418777062923188, 1.930854007315819, 0.15705383951011387, 0.08477659240139988, -0.4969178676773551, 1.0544967383275516, 0.8398697836910245, 0.01127494754577147, 7.87488021408059, 0.7875696325016525, 0.016423964340319803, 3.623929203686212, 1.339771411752053], 'min_error': 0.05639277455053297, 'failure_mode': 'Shear'}]",0.05639277455053297,Shear
1387,-122.29497786471703,37.895611087278525,"[ecpz,nbrk]",as_05,cerrpza_norber_aerial,p_061,aerial el cerrito plaza to north berkeley,"[red,orange]",75.0,footings,1,"[{'column_id': 'col_01', 'type': 'spiral', 'fy': 60, 'fpc': 4.0, 'diameter': 60, 'nLongBars': 48, 'dLongBars': 2.257, 'sTranBars': 3, 'dTranBars': 0.625, 'axLoad': 0.1, 'height': 259.19999999999993, 'column_parameters': {'nd_params': {'a0': 4.3199999999999985, 'a1': 1.0188098000000003, 'a2': 0.05113269292952138, 'a3': 0.1, 'a4': 0.2215330084182543, 'a5': 1.470563437196744}, 'strength_stiffness': {'strength': 227416.863458802, 'stiffness': 132719890.11336981, 'E': 3604.9965325919525, 'I': 636172.512351933}}, 'model_parameters': [0.42761478634417976, 0.9440897334440572, 1.9190274515380854, 0.1526480364381634, 0.08235373328038025, -0.43516110081944015, 1.1012101777716161, 0.842862393160428, 0.011045383834241137, 7.824827326548274, 0.7822229105549461, 0.01686213586112516, 3.607825010369496, 1.3377831886034215], 'min_error': 0.05621316414711988, 'failure_mode': 'Shear'}]",0.05621316414711988,Shear
1388,-122.29504331687079,37.89581467561445,"[ecpz,nbrk]",as_05,cerrpza_norber_aerial,p_062,aerial el cerrito plaza to north berkeley,"[red,orange]",75.0,footings,1,"[{'column_id': 'col_01', 'type': 'spiral', 'fy': 60, 'fpc': 4.0, 'diameter': 60, 'nLongBars': 48, 'dLongBars': 2.257, 'sTranBars': 3, 'dTranBars': 0.625, 'axLoad': 0.1, 'height': 255.15600000000006, 'column_parameters': {'nd_params': {'a0': 4.252600000000001, 'a1': 1.0188098000000003, 'a2': 0.05113269292952138, 'a3': 0.1, 'a4': 0.2215330084182543, 'a5': 1.4938705847457863}, 'strength_stiffness': {'strength': 223868.73924650505, 'stiffness': 134823384.58584332, 'E': 3604.9965325919525, 'I': 636172.512351933}}, 'model_parameters': [0.43537817457885625, 0.9462721681372358, 1.9073037350290847, 0.14839862237967513, 0.07997466862470455, -0.37237179123111885, 1.1490893650941338, 0.8457521122582312, 0.010814656771915534, 7.774424782557277, 0.7769672082094782, 0.017299620654706353, 3.592500398742366, 1.3363622777014554], 'min_error': 0.05602941725899582, 'failure_mode': 'Shear'}]",0.05602941725899582,Shear
1389,-122.29510876931745,37.89601826115948,"[ecpz,nbrk]",as_05,cerrpza_norber_aerial,p_063,aerial el cerrito plaza to north berkeley,"[red,orange]",75.0,footings,1,"[{'column_id': 'col_01', 'type': 'spiral', 'fy': 60, 'fpc': 4.0, 'diameter': 60, 'nLongBars': 48, 'dLongBars': 2.257, 'sTranBars': 3, 'dTranBars': 0.625, 'axLoad': 0.1, 'height': 239.12400000000008, 'column_parameters': {'nd_params': {'a0': 3.9854000000000016, 'a1': 1.0188098000000003, 'a2': 0.05113269292952138, 'a3': 0.1, 'a4': 0.2215330084182543, 'a5': 1.5925990255939935}, 'strength_stiffness': {'strength': 209990.6624517401, 'stiffness': 143862579.73848477, 'E': 3604.9965325919525, 'I': 636172.512351933}}, 'model_parameters': [0.46575549815764117, 0.9546626495111747, 1.8617353554889888, 0.13327052469519743, 0.070930235854153, -0.1143234429035068, 1.3492055859652776, 0.8562986141468443, 0.009890021125091613, 7.572253601523877, 0.7569360930729883, 0.019027911587277627, 3.5386385742265056, 1.335415479637982], 'min_error': 0.05526440908819793, 'failure_mode': 'Shear'}]",0.05526440908819793,Shear
1390,-122.29517421872497,37.89622184945779,"[ecpz,nbrk]",as_05,cerrpza_norber_aerial,p_064,aerial el cerrito plaza to north berkeley,"[red,orange]",75.0,footings,1,"[{'column_id': 'col_01', 'type': 'spiral', 'fy': 60, 'fpc': 4.0, 'diameter': 60, 'nLongBars': 48, 'dLongBars': 2.257, 'sTranBars': 3, 'dTranBars': 0.625, 'axLoad': 0.1, 'height': 223.08000000000004, 'column_parameters': {'nd_params': {'a0': 3.7180000000000004, 'a1': 1.0188098000000003, 'a2': 0.05113269292952138, 'a3': 0.1, 'a4': 0.2215330084182543, 'a5': 1.6775342282058754}, 'strength_stiffness': {'strength': 199358.62933905836, 'stiffness': 154209232.19197345, 'E': 3604.9965325919525, 'I': 636172.512351933}}, 'model_parameters': [0.5004524810345305, 0.9636328403106533, 1.814141396813043, 0.11915036005108351, 0.06103095811644878, 0.1239229791083613, 1.5268970166781504, 0.868845470753658, 0.00898996565374724, 7.393103655507997, 0.7351274015167659, 0.02077079482428744, 3.4696399210186537, 1.3205448690983361], 'min_error': 0.05457893086689576, 'failure_mode': 'Shear'}]",0.05457893086689576,Shear
1391,-122.29523967195684,37.89642543765823,"[ecpz,nbrk]",as_05,cerrpza_norber_aerial,p_065,aerial el cerrito plaza to north berkeley,"[red,orange]",75.0,footings,1,"[{'column_id': 'col_01', 'type': 'spiral', 'fy': 60, 'fpc': 4.0, 'diameter': 60, 'nLongBars': 48, 'dLongBars': 2.257, 'sTranBars': 3, 'dTranBars': 0.625, 'axLoad': 0.1, 'height': 219.04800000000006, 'column_parameters': {'nd_params': {'a0': 3.650800000000001, 'a1': 1.0188098000000003, 'a2': 0.05113269292952138, 'a3': 0.1, 'a4': 0.2215330084182543, 'a5': 1.7003229820050154}, 'strength_stiffness': {'strength': 196686.70478718024, 'stiffness': 157047749.88762936, 'E': 3604.9965325919525, 'I': 636172.512351933}}, 'model_parameters': [0.5090818749427535, 0.9658275455785048, 1.8023879540334868, 0.11603074233793675, 0.05863147909416281, 0.18587821909642643, 1.573902814353643, 0.871791161813513, 0.008762058398852706, 7.347415890160311, 0.7298301953606279, 0.021207412342726134, 3.453871723649393, 1.3173960778486777], 'min_error': 0.05439832418429064, 'failure_mode': 'Shear'}]",0.05439832418429064,Shear
1392,-122.29530512548162,37.896629023067746,"[ecpz,nbrk]",as_05,cerrpza_norber_aerial,p_066,aerial el cerrito plaza to north berkeley,"[red,orange]",75.0,footings,1,"[{'column_id': 'col_01', 'type': 'spiral', 'fy': 60, 'fpc': 4.0, 'diameter': 60, 'nLongBars': 48, 'dLongBars': 2.257, 'sTranBars': 3, 'dTranBars': 0.625, 'axLoad': 0.1, 'height': 215.00400000000002, 'column_parameters': {'nd_params': {'a0': 3.5834, 'a1': 1.0188098000000003, 'a2': 0.05113269292952138, 'a3': 0.1, 'a4': 0.2215330084182543, 'a5': 1.723810072645865}, 'strength_stiffness': {'strength': 194006.8280788977, 'stiffness': 160001653.5384711, 'E': 3604.9965325919525, 'I': 636172.512351933}}, 'model_parameters': [0.5176939917216754, 0.968002786627999, 1.7906900792890112, 0.11309068397348312, 0.056263419172961134, 0.24892698888818987, 1.622074934791957, 0.8746550262966514, 0.008532792300013138, 7.301225076104316, 0.7245973652199539, 0.021644724669922295, 3.4387430077592356, 1.3144469053550887], 'min_error': 0.0542135378657154, 'failure_mode': 'Shear'}]",0.0542135378657154,Shear
1393,-122.29618663937401,37.805278273737436,[woak],st_10,oak_west_stn,p_001,oakland west station,"[red,yellow,blue,green]",73.0,footings,2,"[{'column_id': 'col_01', 'type': 'spiral', 'fy': 60, 'fpc': 4.0, 'diameter': 60.0, 'nLongBars': 24.0, 'dLongBars': 2.25, 'sTranBars': 3.0, 'dTranBars': 0.625, 'axLoad': 0.1, 'height': 252.50400000000002, 'column_parameters': {'nd_params': {'a0': 4.2084, 'a1': 0.5062500000000001, 'a2': 0.05113269292952138, 'a3': 0.1, 'a4': 0.2222222222222222, 'a5': 0.8088444414682335}, 'strength_stiffness': {'strength': 179192.9568689185, 'stiffness': 136239408.15743688, 'E': 3604.9965325919525, 'I': 636172.512351933}}, 'model_parameters': [1.0210068374593004, 1.0093970606708451, 1.165540008564611, 0.30196304132375107, 0.4845599699901886, 2.3728807054450236, 1.593557885277824, 0.7831707315663582, 0.00797007323084578, 5.931047673188602, 0.49382529206474884, 0.009532594249791016, 5.477574233981633, 0.6097835134112072], 'min_error': 0.05659738907479643, 'failure_mode': 'Flexure'}, {'column_id': 'col_02', 'type': 'spiral', 'fy': 60, 'fpc': 4.0, 'diameter': 60.0, 'nLongBars': 24.0, 'dLongBars': 2.25, 'sTranBars': 3.0, 'dTranBars': 0.625, 'axLoad': 0.1, 'height': 252.50400000000002, 'column_parameters': {'nd_params': {'a0': 4.2084, 'a1': 0.5062500000000001, 'a2': 0.05113269292952138, 'a3': 0.1, 'a4': 0.2222222222222222, 'a5': 0.8088444414682335}, 'strength_stiffness': {'strength': 179192.9568689185, 'stiffness': 136239408.15743688, 'E': 3604.9965325919525, 'I': 636172.512351933}}, 'model_parameters': [1.0210068374593004, 1.0093970606708451, 1.165540008564611, 0.30196304132375107, 0.4845599699901886, 2.3728807054450236, 1.593557885277824, 0.7831707315663582, 0.00797007323084578, 5.931047673188602, 0.49382529206474884, 0.009532594249791016, 5.477574233981633, 0.6097835134112072], 'min_error': 0.05659738907479643, 'failure_mode': 'Flexure'}]",0.05659738907479643,Flexure
1394,-122.29596595686921,37.8051893875773,[woak],st_10,oak_west_stn,p_002,oakland west station,"[red,yellow,blue,green]",68.5,footings,2,"[{'column_id': 'col_01', 'type': 'spiral', 'fy': 60, 'fpc': 4.0, 'diameter': 60.0, 'nLongBars': 24.0, 'dLongBars': 2.25, 'sTranBars': 3.0, 'dTranBars': 0.625, 'axLoad': 0.1, 'height': 252.50400000000002, 'column_parameters': {'nd_params': {'a0': 4.2084, 'a1': 0.5062500000000001, 'a2': 0.05113269292952138, 'a3': 0.1, 'a4': 0.2222222222222222, 'a5': 0.8088444414682335}, 'strength_stiffness': {'strength': 179192.9568689185, 'stiffness': 136239408.15743688, 'E': 3604.9965325919525, 'I': 636172.512351933}}, 'model_parameters': [1.0210068374593004, 1.0093970606708451, 1.165540008564611, 0.30196304132375107, 0.4845599699901886, 2.3728807054450236, 1.593557885277824, 0.7831707315663582, 0.00797007323084578, 5.931047673188602, 0.49382529206474884, 0.009532594249791016, 5.477574233981633, 0.6097835134112072], 'min_error': 0.05659738907479643, 'failure_mode': 'Flexure'}, {'column_id': 'col_02', 'type': 'spiral', 'fy': 60, 'fpc': 4.0, 'diameter': 60.0, 'nLongBars': 24.0, 'dLongBars': 2.25, 'sTranBars': 3.0, 'dTranBars': 0.625, 'axLoad': 0.1, 'height': 252.50400000000002, 'column_parameters': {'nd_params': {'a0': 4.2084, 'a1': 0.5062500000000001, 'a2': 0.05113269292952138, 'a3': 0.1, 'a4': 0.2222222222222222, 'a5': 0.8088444414682335}, 'strength_stiffness': {'strength': 179192.9568689185, 'stiffness': 136239408.15743688, 'E': 3604.9965325919525, 'I': 636172.512351933}}, 'model_parameters': [1.0210068374593004, 1.0093970606708451, 1.165540008564611, 0.30196304132375107, 0.4845599699901886, 2.3728807054450236, 1.593557885277824, 0.7831707315663582, 0.00797007323084578, 5.931047673188602, 0.49382529206474884, 0.009532594249791016, 5.477574233981633, 0.6097835134112072], 'min_error': 0.05659738907479643, 'failure_mode': 'Flexure'}]",0.05659738907479643,Flexure
1395,-122.29574990717512,37.80510236698862,[woak],st_10,oak_west_stn,p_003,oakland west station,"[red,yellow,blue,green]",67.75,footings,2,"[{'column_id': 'col_01', 'type': 'spiral', 'fy': 60, 'fpc': 4.0, 'diameter': 60.0, 'nLongBars': 24.0, 'dLongBars': 2.25, 'sTranBars': 3.0, 'dTranBars': 0.625, 'axLoad': 0.1, 'height': 252.50400000000002, 'column_parameters': {'nd_params': {'a0': 4.2084, 'a1': 0.5062500000000001, 'a2': 0.05113269292952138, 'a3': 0.1, 'a4': 0.2222222222222222, 'a5': 0.8088444414682335}, 'strength_stiffness': {'strength': 179192.9568689185, 'stiffness': 136239408.15743688, 'E': 3604.9965325919525, 'I': 636172.512351933}}, 'model_parameters': [1.0210068374593004, 1.0093970606708451, 1.165540008564611, 0.30196304132375107, 0.4845599699901886, 2.3728807054450236, 1.593557885277824, 0.7831707315663582, 0.00797007323084578, 5.931047673188602, 0.49382529206474884, 0.009532594249791016, 5.477574233981633, 0.6097835134112072], 'min_error': 0.05659738907479643, 'failure_mode': 'Flexure'}, {'column_id': 'col_02', 'type': 'spiral', 'fy': 60, 'fpc': 4.0, 'diameter': 60.0, 'nLongBars': 24.0, 'dLongBars': 2.25, 'sTranBars': 3.0, 'dTranBars': 0.625, 'axLoad': 0.1, 'height': 252.50400000000002, 'column_parameters': {'nd_params': {'a0': 4.2084, 'a1': 0.5062500000000001, 'a2': 0.05113269292952138, 'a3': 0.1, 'a4': 0.2222222222222222, 'a5': 0.8088444414682335}, 'strength_stiffness': {'strength': 179192.9568689185, 'stiffness': 136239408.15743688, 'E': 3604.9965325919525, 'I': 636172.512351933}}, 'model_parameters': [1.0210068374593004, 1.0093970606708451, 1.165540008564611, 0.30196304132375107, 0.4845599699901886, 2.3728807054450236, 1.593557885277824, 0.7831707315663582, 0.00797007323084578, 5.931047673188602, 0.49382529206474884, 0.009532594249791016, 5.477574233981633, 0.6097835134112072], 'min_error': 0.05659738907479643, 'failure_mode': 'Flexure'}]",0.05659738907479643,Flexure
1396,-122.2955338545267,37.80501534605547,[woak],st_10,oak_west_stn,p_004,oakland west station,"[red,yellow,blue,green]",67.25,footings,2,"[{'column_id': 'col_01', 'type': 'spiral', 'fy': 60, 'fpc': 4.0, 'diameter': 72.0, 'nLongBars': 30.0, 'dLongBars': 2.25, 'sTranBars': 3.0, 'dTranBars': 0.625, 'axLoad': 0.1, 'height': 252.50400000000002, 'column_parameters': {'nd_params': {'a0': 3.507, 'a1': 0.439453125, 'a2': 0.04261057744126781, 'a3': 0.1, 'a4': 0.2222222222222222, 'a5': 0.9477334814030614}, 'strength_stiffness': {'strength': 274686.8892117651, 'stiffness': 282506036.7552611, 'E': 3604.9965325919525, 'I': 1319167.3216129686}}, 'model_parameters': [0.780210854034686, 1.0264223340807148, 0.9678762289416919, 0.4008942487458579, 0.4542393006210291, 2.6835464813084755, 1.4313771311179972, 0.7445730495541781, 0.008872580254276077, 5.027224944782901, 0.4805008351628348, 0.012193598443877468, 5.493740352246388, 0.6731966398569609], 'min_error': 0.053334821594666626, 'failure_mode': 'Flexure'}, {'column_id': 'col_02', 'type': 'spiral', 'fy': 60, 'fpc': 4.0, 'diameter': 72.0, 'nLongBars': 30.0, 'dLongBars': 2.25, 'sTranBars': 3.0, 'dTranBars': 0.625, 'axLoad': 0.1, 'height': 252.50400000000002, 'column_parameters': {'nd_params': {'a0': 3.507, 'a1': 0.439453125, 'a2': 0.04261057744126781, 'a3': 0.1, 'a4': 0.2222222222222222, 'a5': 0.9477334814030614}, 'strength_stiffness': {'strength': 274686.8892117651, 'stiffness': 282506036.7552611, 'E': 3604.9965325919525, 'I': 1319167.3216129686}}, 'model_parameters': [0.780210854034686, 1.0264223340807148, 0.9678762289416919, 0.4008942487458579, 0.4542393006210291, 2.6835464813084755, 1.4313771311179972, 0.7445730495541781, 0.008872580254276077, 5.027224944782901, 0.4805008351628348, 0.012193598443877468, 5.493740352246388, 0.6731966398569609], 'min_error': 0.053334821594666626, 'failure_mode': 'Flexure'}]",0.053334821594666626,Flexure
1397,-122.29531780584539,37.80492832467247,[woak],st_10,oak_west_stn,p_005,oakland west station,"[red,yellow,blue,green]",67.0,footings,2,"[{'column_id': 'col_01', 'type': 'spiral', 'fy': 60, 'fpc': 4.0, 'diameter': 72.0, 'nLongBars': 30.0, 'dLongBars': 2.25, 'sTranBars': 3.0, 'dTranBars': 0.625, 'axLoad': 0.1, 'height': 252.50400000000002, 'column_parameters': {'nd_params': {'a0': 3.507, 'a1': 0.439453125, 'a2': 0.04261057744126781, 'a3': 0.1, 'a4': 0.2222222222222222, 'a5': 0.9477334814030614}, 'strength_stiffness': {'strength': 274686.8892117651, 'stiffness': 282506036.7552611, 'E': 3604.9965325919525, 'I': 1319167.3216129686}}, 'model_parameters': [0.780210854034686, 1.0264223340807148, 0.9678762289416919, 0.4008942487458579, 0.4542393006210291, 2.6835464813084755, 1.4313771311179972, 0.7445730495541781, 0.008872580254276077, 5.027224944782901, 0.4805008351628348, 0.012193598443877468, 5.493740352246388, 0.6731966398569609], 'min_error': 0.053334821594666626, 'failure_mode': 'Flexure'}, {'column_id': 'col_02', 'type': 'spiral', 'fy': 60, 'fpc': 4.0, 'diameter': 72.0, 'nLongBars': 30.0, 'dLongBars': 2.25, 'sTranBars': 3.0, 'dTranBars': 0.625, 'axLoad': 0.1, 'height': 252.50400000000002, 'column_parameters': {'nd_params': {'a0': 3.507, 'a1': 0.439453125, 'a2': 0.04261057744126781, 'a3': 0.1, 'a4': 0.2222222222222222, 'a5': 0.9477334814030614}, 'strength_stiffness': {'strength': 274686.8892117651, 'stiffness': 282506036.7552611, 'E': 3604.9965325919525, 'I': 1319167.3216129686}}, 'model_parameters': [0.780210854034686, 1.0264223340807148, 0.9678762289416919, 0.4008942487458579, 0.4542393006210291, 2.6835464813084755, 1.4313771311179972, 0.7445730495541781, 0.008872580254276077, 5.027224944782901, 0.4805008351628348, 0.012193598443877468, 5.493740352246388, 0.6731966398569609], 'min_error': 0.053334821594666626, 'failure_mode': 'Flexure'}]",0.053334821594666626,Flexure
1398,-122.29510175767045,37.80484130289231,[woak],st_10,oak_west_stn,p_006,oakland west station,"[red,yellow,blue,green]",67.0,footings,2,"[{'column_id': 'col_01', 'type': 'spiral', 'fy': 60, 'fpc': 4.0, 'diameter': 72.0, 'nLongBars': 36.0, 'dLongBars': 2.25, 'sTranBars': 3.0, 'dTranBars': 0.625, 'axLoad': 0.1, 'height': 252.50400000000002, 'column_parameters': {'nd_params': {'a0': 3.507, 'a1': 0.52734375, 'a2': 0.04261057744126781, 'a3': 0.1, 'a4': 0.2222222222222222, 'a5': 1.1064375241956657}, 'strength_stiffness': {'strength': 289835.5862716889, 'stiffness': 282506036.7552611, 'E': 3604.9965325919525, 'I': 1319167.3216129686}}, 'model_parameters': [0.7610217986061155, 1.007794408656627, 0.9995718587858093, 0.4397397166770898, 0.4401472656047912, 3.138400133367974, 1.459574345395594, 0.7646035286032926, 0.009630049123665541, 5.3403386225957705, 0.4301455273271374, 0.01277290301028865, 5.598956958477034, 0.6502307222497069], 'min_error': 0.051196578755556665, 'failure_mode': 'Flexure'}, {'column_id': 'col_02', 'type': 'spiral', 'fy': 60, 'fpc': 4.0, 'diameter': 72.0, 'nLongBars': 36.0, 'dLongBars': 2.25, 'sTranBars': 3.0, 'dTranBars': 0.625, 'axLoad': 0.1, 'height': 252.50400000000002, 'column_parameters': {'nd_params': {'a0': 3.507, 'a1': 0.52734375, 'a2': 0.04261057744126781, 'a3': 0.1, 'a4': 0.2222222222222222, 'a5': 1.1064375241956657}, 'strength_stiffness': {'strength': 289835.5862716889, 'stiffness': 282506036.7552611, 'E': 3604.9965325919525, 'I': 1319167.3216129686}}, 'model_parameters': [0.7610217986061155, 1.007794408656627, 0.9995718587858093, 0.4397397166770898, 0.4401472656047912, 3.138400133367974, 1.459574345395594, 0.7646035286032926, 0.009630049123665541, 5.3403386225957705, 0.4301455273271374, 0.01277290301028865, 5.598956958477034, 0.6502307222497069], 'min_error': 0.051196578755556665, 'failure_mode': 'Flexure'}]",0.051196578755556665,Flexure
1399,-122.29488570654122,37.80475428076766,[woak],st_10,oak_west_stn,p_007,oakland west station,"[red,yellow,blue,green]",67.0,footings,2,"[{'column_id': 'col_01', 'type': 'spiral', 'fy': 60, 'fpc': 4.0, 'diameter': 72.0, 'nLongBars': 30.0, 'dLongBars': 2.25, 'sTranBars': 3.0, 'dTranBars': 0.625, 'axLoad': 0.1, 'height': 252.50400000000002, 'column_parameters': {'nd_params': {'a0': 3.507, 'a1': 0.439453125, 'a2': 0.04261057744126781, 'a3': 0.1, 'a4': 0.2222222222222222, 'a5': 0.9477334814030614}, 'strength_stiffness': {'strength': 274686.8892117651, 'stiffness': 282506036.7552611, 'E': 3604.9965325919525, 'I': 1319167.3216129686}}, 'model_parameters': [0.780210854034686, 1.0264223340807148, 0.9678762289416919, 0.4008942487458579, 0.4542393006210291, 2.6835464813084755, 1.4313771311179972, 0.7445730495541781, 0.008872580254276077, 5.027224944782901, 0.4805008351628348, 0.012193598443877468, 5.493740352246388, 0.6731966398569609], 'min_error': 0.053334821594666626, 'failure_mode': 'Flexure'}, {'column_id': 'col_02', 'type': 'spiral', 'fy': 60, 'fpc': 4.0, 'diameter': 72.0, 'nLongBars': 30.0, 'dLongBars': 2.25, 'sTranBars': 3.0, 'dTranBars': 0.625, 'axLoad': 0.1, 'height': 252.50400000000002, 'column_parameters': {'nd_params': {'a0': 3.507, 'a1': 0.439453125, 'a2': 0.04261057744126781, 'a3': 0.1, 'a4': 0.2222222222222222, 'a5': 0.9477334814030614}, 'strength_stiffness': {'strength': 274686.8892117651, 'stiffness': 282506036.7552611, 'E': 3604.9965325919525, 'I': 1319167.3216129686}}, 'model_parameters': [0.780210854034686, 1.0264223340807148, 0.9678762289416919, 0.4008942487458579, 0.4542393006210291, 2.6835464813084755, 1.4313771311179972, 0.7445730495541781, 0.008872580254276077, 5.027224944782901, 0.4805008351628348, 0.012193598443877468, 5.493740352246388, 0.6731966398569609], 'min_error': 0.053334821594666626, 'failure_mode': 'Flexure'}]",0.053334821594666626,Flexure
1400,-122.2946696593791,37.804667258193184,[woak],st_10,oak_west_stn,p_008,oakland west station,"[red,yellow,blue,green]",67.25,footings,2,"[{'column_id': 'col_01', 'type': 'spiral', 'fy': 60, 'fpc': 4.0, 'diameter': 72.0, 'nLongBars': 30.0, 'dLongBars': 2.25, 'sTranBars': 3.0, 'dTranBars': 0.625, 'axLoad': 0.1, 'height': 252.50400000000002, 'column_parameters': {'nd_params': {'a0': 3.507, 'a1': 0.439453125, 'a2': 0.04261057744126781, 'a3': 0.1, 'a4': 0.2222222222222222, 'a5': 0.9477334814030614}, 'strength_stiffness': {'strength': 274686.8892117651, 'stiffness': 282506036.7552611, 'E': 3604.9965325919525, 'I': 1319167.3216129686}}, 'model_parameters': [0.780210854034686, 1.0264223340807148, 0.9678762289416919, 0.4008942487458579, 0.4542393006210291, 2.6835464813084755, 1.4313771311179972, 0.7445730495541781, 0.008872580254276077, 5.027224944782901, 0.4805008351628348, 0.012193598443877468, 5.493740352246388, 0.6731966398569609], 'min_error': 0.053334821594666626, 'failure_mode': 'Flexure'}, {'column_id': 'col_02', 'type': 'spiral', 'fy': 60, 'fpc': 4.0, 'diameter': 72.0, 'nLongBars': 30.0, 'dLongBars': 2.25, 'sTranBars': 3.0, 'dTranBars': 0.625, 'axLoad': 0.1, 'height': 252.50400000000002, 'column_parameters': {'nd_params': {'a0': 3.507, 'a1': 0.439453125, 'a2': 0.04261057744126781, 'a3': 0.1, 'a4': 0.2222222222222222, 'a5': 0.9477334814030614}, 'strength_stiffness': {'strength': 274686.8892117651, 'stiffness': 282506036.7552611, 'E': 3604.9965325919525, 'I': 1319167.3216129686}}, 'model_parameters': [0.780210854034686, 1.0264223340807148, 0.9678762289416919, 0.4008942487458579, 0.4542393006210291, 2.6835464813084755, 1.4313771311179972, 0.7445730495541781, 0.008872580254276077, 5.027224944782901, 0.4805008351628348, 0.012193598443877468, 5.493740352246388, 0.6731966398569609], 'min_error': 0.053334821594666626, 'failure_mode': 'Flexure'}]",0.053334821594666626,Flexure
1401,-122.29445361272337,37.80458023522157,[woak],st_10,oak_west_stn,p_009,oakland west station,"[red,yellow,blue,green]",67.75,footings,2,"[{'column_id': 'col_01', 'type': 'spiral', 'fy': 60, 'fpc': 4.0, 'diameter': 60.0, 'nLongBars': 24.0, 'dLongBars': 2.25, 'sTranBars': 3.0, 'dTranBars': 0.625, 'axLoad': 0.1, 'height': 252.50400000000002, 'column_parameters': {'nd_params': {'a0': 4.2084, 'a1': 0.5062500000000001, 'a2': 0.05113269292952138, 'a3': 0.1, 'a4': 0.2222222222222222, 'a5': 0.8088444414682335}, 'strength_stiffness': {'strength': 179192.9568689185, 'stiffness': 136239408.15743688, 'E': 3604.9965325919525, 'I': 636172.512351933}}, 'model_parameters': [1.0210068374593004, 1.0093970606708451, 1.165540008564611, 0.30196304132375107, 0.4845599699901886, 2.3728807054450236, 1.593557885277824, 0.7831707315663582, 0.00797007323084578, 5.931047673188602, 0.49382529206474884, 0.009532594249791016, 5.477574233981633, 0.6097835134112072], 'min_error': 0.05659738907479643, 'failure_mode': 'Flexure'}, {'column_id': 'col_02', 'type': 'spiral', 'fy': 60, 'fpc': 4.0, 'diameter': 60.0, 'nLongBars': 24.0, 'dLongBars': 2.25, 'sTranBars': 3.0, 'dTranBars': 0.625, 'axLoad': 0.1, 'height': 252.50400000000002, 'column_parameters': {'nd_params': {'a0': 4.2084, 'a1': 0.5062500000000001, 'a2': 0.05113269292952138, 'a3': 0.1, 'a4': 0.2222222222222222, 'a5': 0.8088444414682335}, 'strength_stiffness': {'strength': 179192.9568689185, 'stiffness': 136239408.15743688, 'E': 3604.9965325919525, 'I': 636172.512351933}}, 'model_parameters': [1.0210068374593004, 1.0093970606708451, 1.165540008564611, 0.30196304132375107, 0.4845599699901886, 2.3728807054450236, 1.593557885277824, 0.7831707315663582, 0.00797007323084578, 5.931047673188602, 0.49382529206474884, 0.009532594249791016, 5.477574233981633, 0.6097835134112072], 'min_error': 0.05659738907479643, 'failure_mode': 'Flexure'}]",0.05659738907479643,Flexure
1402,-122.29423756311336,37.80449321190548,[woak],st_10,oak_west_stn,p_010,oakland west station,"[red,yellow,blue,green]",68.0,footings,2,"[{'column_id': 'col_01', 'type': 'spiral', 'fy': 60, 'fpc': 4.0, 'diameter': 60.0, 'nLongBars': 24.0, 'dLongBars': 2.25, 'sTranBars': 3.0, 'dTranBars': 0.625, 'axLoad': 0.1, 'height': 252.50400000000002, 'column_parameters': {'nd_params': {'a0': 4.2084, 'a1': 0.5062500000000001, 'a2': 0.05113269292952138, 'a3': 0.1, 'a4': 0.2222222222222222, 'a5': 0.8088444414682335}, 'strength_stiffness': {'strength': 179192.9568689185, 'stiffness': 136239408.15743688, 'E': 3604.9965325919525, 'I': 636172.512351933}}, 'model_parameters': [1.0210068374593004, 1.0093970606708451, 1.165540008564611, 0.30196304132375107, 0.4845599699901886, 2.3728807054450236, 1.593557885277824, 0.7831707315663582, 0.00797007323084578, 5.931047673188602, 0.49382529206474884, 0.009532594249791016, 5.477574233981633, 0.6097835134112072], 'min_error': 0.05659738907479643, 'failure_mode': 'Flexure'}, {'column_id': 'col_02', 'type': 'spiral', 'fy': 60, 'fpc': 4.0, 'diameter': 60.0, 'nLongBars': 24.0, 'dLongBars': 2.25, 'sTranBars': 3.0, 'dTranBars': 0.625, 'axLoad': 0.1, 'height': 252.50400000000002, 'column_parameters': {'nd_params': {'a0': 4.2084, 'a1': 0.5062500000000001, 'a2': 0.05113269292952138, 'a3': 0.1, 'a4': 0.2222222222222222, 'a5': 0.8088444414682335}, 'strength_stiffness': {'strength': 179192.9568689185, 'stiffness': 136239408.15743688, 'E': 3604.9965325919525, 'I': 636172.512351933}}, 'model_parameters': [1.0210068374593004, 1.0093970606708451, 1.165540008564611, 0.30196304132375107, 0.4845599699901886, 2.3728807054450236, 1.593557885277824, 0.7831707315663582, 0.00797007323084578, 5.931047673188602, 0.49382529206474884, 0.009532594249791016, 5.477574233981633, 0.6097835134112072], 'min_error': 0.05659738907479643, 'failure_mode': 'Flexure'}]",0.05659738907479643,Flexure
1403,-122.29402151747041,37.80440618813956,[woak],st_10,oak_west_stn,p_011,oakland west station,"[red,yellow,blue,green]",78.25,footings,2,"[{'column_id': 'col_01', 'type': 'spiral', 'fy': 60, 'fpc': 4.0, 'diameter': 60.0, 'nLongBars': 24.0, 'dLongBars': 2.25, 'sTranBars': 3.0, 'dTranBars': 0.625, 'axLoad': 0.1, 'height': 252.50400000000002, 'column_parameters': {'nd_params': {'a0': 4.2084, 'a1': 0.5062500000000001, 'a2': 0.05113269292952138, 'a3': 0.1, 'a4': 0.2222222222222222, 'a5': 0.8088444414682335}, 'strength_stiffness': {'strength': 179192.9568689185, 'stiffness': 136239408.15743688, 'E': 3604.9965325919525, 'I': 636172.512351933}}, 'model_parameters': [1.0210068374593004, 1.0093970606708451, 1.165540008564611, 0.30196304132375107, 0.4845599699901886, 2.3728807054450236, 1.593557885277824, 0.7831707315663582, 0.00797007323084578, 5.931047673188602, 0.49382529206474884, 0.009532594249791016, 5.477574233981633, 0.6097835134112072], 'min_error': 0.05659738907479643, 'failure_mode': 'Flexure'}, {'column_id': 'col_02', 'type': 'spiral', 'fy': 60, 'fpc': 4.0, 'diameter': 60.0, 'nLongBars': 24.0, 'dLongBars': 2.25, 'sTranBars': 3.0, 'dTranBars': 0.625, 'axLoad': 0.1, 'height': 252.50400000000002, 'column_parameters': {'nd_params': {'a0': 4.2084, 'a1': 0.5062500000000001, 'a2': 0.05113269292952138, 'a3': 0.1, 'a4': 0.2222222222222222, 'a5': 0.8088444414682335}, 'strength_stiffness': {'strength': 179192.9568689185, 'stiffness': 136239408.15743688, 'E': 3604.9965325919525, 'I': 636172.512351933}}, 'model_parameters': [1.0210068374593004, 1.0093970606708451, 1.165540008564611, 0.30196304132375107, 0.4845599699901886, 2.3728807054450236, 1.593557885277824, 0.7831707315663582, 0.00797007323084578, 5.931047673188602, 0.49382529206474884, 0.009532594249791016, 5.477574233981633, 0.6097835134112072], 'min_error': 0.05659738907479643, 'failure_mode': 'Flexure'}]",0.05659738907479643,Flexure
1404,-122.29374235585198,37.80429374062218,"[woak,12th]",as_14,oakwest_12th_aerial,p_012,aerial oakland west to 12th street,"[red,yellow,blue,green]",76.75,piles,1,"[{'column_id': 'col_01', 'type': 'spiral', 'fy': 60, 'fpc': 4.0, 'diameter': 60, 'nLongBars': 48, 'dLongBars': 2.257, 'sTranBars': 3, 'dTranBars': 0.625, 'axLoad': 0.1, 'height': 282.504, 'column_parameters': {'nd_params': {'a0': 4.7084, 'a1': 1.0188098000000003, 'a2': 0.05113269292952138, 'a3': 0.1, 'a4': 0.2215330084182543, 'a5': 1.3492553837163224}, 'strength_stiffness': {'strength': 247863.32405310732, 'stiffness': 121771711.25855012, 'E': 3604.9965325919525, 'I': 636172.512351933}}, 'model_parameters': [1.0893179558295307, 0.9876355915648063, 1.3298327159417875, 0.2368544939056832, 0.493590376365254, 3.7794835154574646, 1.6959164025593199, 0.8728797139706782, 0.012601519807960537, 9.059846816512128, 0.21061017710605723, 0.00815082161125632, 5.727316631263994, -0.03728375019993461], 'min_error': 0.05644067865022023, 'failure_mode': 'Flexure'}]",0.05644067865022023,Flexure
1405,-122.29353692520029,37.8042109934174,"[woak,12th]",as_14,oakwest_12th_aerial,p_013,aerial oakland west to 12th street,"[red,yellow,blue,green]",65.0,piles,1,"[{'column_id': 'col_01', 'type': 'spiral', 'fy': 60, 'fpc': 4.0, 'diameter': 60, 'nLongBars': 48, 'dLongBars': 2.257, 'sTranBars': 3, 'dTranBars': 0.625, 'axLoad': 0.1, 'height': 282.504, 'column_parameters': {'nd_params': {'a0': 4.7084, 'a1': 1.0188098000000003, 'a2': 0.05113269292952138, 'a3': 0.1, 'a4': 0.2215330084182543, 'a5': 1.3492553837163224}, 'strength_stiffness': {'strength': 247863.32405310732, 'stiffness': 121771711.25855012, 'E': 3604.9965325919525, 'I': 636172.512351933}}, 'model_parameters': [1.0893179558295307, 0.9876355915648063, 1.3298327159417875, 0.2368544939056832, 0.493590376365254, 3.7794835154574646, 1.6959164025593199, 0.8728797139706782, 0.012601519807960537, 9.059846816512128, 0.21061017710605723, 0.00815082161125632, 5.727316631263994, -0.03728375019993461], 'min_error': 0.05644067865022023, 'failure_mode': 'Flexure'}]",0.05644067865022023,Flexure
1406,-122.29333149846713,37.80412824580091,"[woak,12th]",as_14,oakwest_12th_aerial,p_014,aerial oakland west to 12th street,"[red,yellow,blue,green]",65.0,piles,1,"[{'column_id': 'col_01', 'type': 'spiral', 'fy': 60, 'fpc': 4.0, 'diameter': 60, 'nLongBars': 48, 'dLongBars': 2.257, 'sTranBars': 3, 'dTranBars': 0.625, 'axLoad': 0.1, 'height': 282.504, 'column_parameters': {'nd_params': {'a0': 4.7084, 'a1': 1.0188098000000003, 'a2': 0.05113269292952138, 'a3': 0.1, 'a4': 0.2215330084182543, 'a5': 1.3492553837163224}, 'strength_stiffness': {'strength': 247863.32405310732, 'stiffness': 121771711.25855012, 'E': 3604.9965325919525, 'I': 636172.512351933}}, 'model_parameters': [1.0893179558295307, 0.9876355915648063, 1.3298327159417875, 0.2368544939056832, 0.493590376365254, 3.7794835154574646, 1.6959164025593199, 0.8728797139706782, 0.012601519807960537, 9.059846816512128, 0.21061017710605723, 0.00815082161125632, 5.727316631263994, -0.03728375019993461], 'min_error': 0.05644067865022023, 'failure_mode': 'Flexure'}]",0.05644067865022023,Flexure
1407,-122.29312606873117,37.804045497877986,"[woak,12th]",as_14,oakwest_12th_aerial,p_015,aerial oakland west to 12th street,"[red,yellow,blue,green]",65.0,footings,1,"[{'column_id': 'col_01', 'type': 'spiral', 'fy': 60, 'fpc': 4.0, 'diameter': 60, 'nLongBars': 48, 'dLongBars': 2.257, 'sTranBars': 3, 'dTranBars': 0.625, 'axLoad': 0.1, 'height': 282.504, 'column_parameters': {'nd_params': {'a0': 4.7084, 'a1': 1.0188098000000003, 'a2': 0.05113269292952138, 'a3': 0.1, 'a4': 0.2215330084182543, 'a5': 1.3492553837163224}, 'strength_stiffness': {'strength': 247863.32405310732, 'stiffness': 121771711.25855012, 'E': 3604.9965325919525, 'I': 636172.512351933}}, 'model_parameters': [1.0893179558295307, 0.9876355915648063, 1.3298327159417875, 0.2368544939056832, 0.493590376365254, 3.7794835154574646, 1.6959164025593199, 0.8728797139706782, 0.012601519807960537, 9.059846816512128, 0.21061017710605723, 0.00815082161125632, 5.727316631263994, -0.03728375019993461], 'min_error': 0.05644067865022023, 'failure_mode': 'Flexure'}]",0.05644067865022023,Flexure
1408,-122.29292064284739,37.80396274679755,"[woak,12th]",as_14,oakwest_12th_aerial,p_016,aerial oakland west to 12th street,"[red,yellow,blue,green]",65.0,footings,1,"[{'column_id': 'col_01', 'type': 'spiral', 'fy': 60, 'fpc': 4.0, 'diameter': 60, 'nLongBars': 48, 'dLongBars': 2.257, 'sTranBars': 3, 'dTranBars': 0.625, 'axLoad': 0.1, 'height': 282.504, 'column_parameters': {'nd_params': {'a0': 4.7084, 'a1': 1.0188098000000003, 'a2': 0.05113269292952138, 'a3': 0.1, 'a4': 0.2215330084182543, 'a5': 1.3492553837163224}, 'strength_stiffness': {'strength': 247863.32405310732, 'stiffness': 121771711.25855012, 'E': 3604.9965325919525, 'I': 636172.512351933}}, 'model_parameters': [1.0893179558295307, 0.9876355915648063, 1.3298327159417875, 0.2368544939056832, 0.493590376365254, 3.7794835154574646, 1.6959164025593199, 0.8728797139706782, 0.012601519807960537, 9.059846816512128, 0.21061017710605723, 0.00815082161125632, 5.727316631263994, -0.03728375019993461], 'min_error': 0.05644067865022023, 'failure_mode': 'Flexure'}]",0.05644067865022023,Flexure
1409,-122.29271521402713,37.80387999815647,"[woak,12th]",as_14,oakwest_12th_aerial,p_017,aerial oakland west to 12th street,"[red,yellow,blue,green]",72.0,footings,1,"[{'column_id': 'col_01', 'type': 'spiral', 'fy': 60, 'fpc': 4.0, 'diameter': 60, 'nLongBars': 48, 'dLongBars': 2.257, 'sTranBars': 3, 'dTranBars': 0.625, 'axLoad': 0.1, 'height': 282.504, 'column_parameters': {'nd_params': {'a0': 4.7084, 'a1': 1.0188098000000003, 'a2': 0.05113269292952138, 'a3': 0.1, 'a4': 0.2215330084182543, 'a5': 1.3492553837163224}, 'strength_stiffness': {'strength': 247863.32405310732, 'stiffness': 121771711.25855012, 'E': 3604.9965325919525, 'I': 636172.512351933}}, 'model_parameters': [1.0893179558295307, 0.9876355915648063, 1.3298327159417875, 0.2368544939056832, 0.493590376365254, 3.7794835154574646, 1.6959164025593199, 0.8728797139706782, 0.012601519807960537, 9.059846816512128, 0.21061017710605723, 0.00815082161125632, 5.727316631263994, -0.03728375019993461], 'min_error': 0.05644067865022023, 'failure_mode': 'Flexure'}]",0.05644067865022023,Flexure
1410,-122.29246519847138,37.80377928682251,"[woak,12th]",as_14,oakwest_12th_aerial,p_018,aerial oakland west to 12th street,"[red,yellow,blue,green]",74.0,footings,1,"[{'column_id': 'col_01', 'type': 'spiral', 'fy': 60, 'fpc': 4.0, 'diameter': 60, 'nLongBars': 48, 'dLongBars': 2.257, 'sTranBars': 3, 'dTranBars': 0.625, 'axLoad': 0.1, 'height': 282.504, 'column_parameters': {'nd_params': {'a0': 4.7084, 'a1': 1.0188098000000003, 'a2': 0.05113269292952138, 'a3': 0.1, 'a4': 0.2215330084182543, 'a5': 1.3492553837163224}, 'strength_stiffness': {'strength': 247863.32405310732, 'stiffness': 121771711.25855012, 'E': 3604.9965325919525, 'I': 636172.512351933}}, 'model_parameters': [1.0893179558295307, 0.9876355915648063, 1.3298327159417875, 0.2368544939056832, 0.493590376365254, 3.7794835154574646, 1.6959164025593199, 0.8728797139706782, 0.012601519807960537, 9.059846816512128, 0.21061017710605723, 0.00815082161125632, 5.727316631263994, -0.03728375019993461], 'min_error': 0.05644067865022023, 'failure_mode': 'Flexure'}]",0.05644067865022023,Flexure
1411,-122.29224607006539,37.80369101569856,"[woak,12th]",as_14,oakwest_12th_aerial,p_019,aerial oakland west to 12th street,"[red,yellow,blue,green]",69.0,footings,1,"[{'column_id': 'col_01', 'type': 'spiral', 'fy': 60, 'fpc': 4.0, 'diameter': 60, 'nLongBars': 48, 'dLongBars': 2.257, 'sTranBars': 3, 'dTranBars': 0.625, 'axLoad': 0.1, 'height': 294.504, 'column_parameters': {'nd_params': {'a0': 4.9084, 'a1': 1.0188098000000003, 'a2': 0.05113269292952138, 'a3': 0.1, 'a4': 0.2215330084182543, 'a5': 1.294277982375098}, 'strength_stiffness': {'strength': 258391.88254657038, 'stiffness': 116809943.21769974, 'E': 3604.9965325919525, 'I': 636172.512351933}}, 'model_parameters': [1.1354847638828154, 0.9874353059356384, 1.370628010280071, 0.22003903569650166, 0.5017698500515654, 3.652549426969585, 1.6671253737267484, 0.8765283646825033, 0.01245162825803825, 9.233735795227924, 0.21413065368045794, 0.007590130866661871, 5.710925950765183, -0.04029384450501205], 'min_error': 0.057853459856193945, 'failure_mode': 'Flexure'}]",0.057853459856193945,Flexure
1412,-122.29202600434215,37.803602758416645,"[woak,12th]",as_14,oakwest_12th_aerial,p_020,aerial oakland west to 12th street,"[red,yellow,blue,green]",69.0,footings,1,"[{'column_id': 'col_01', 'type': 'spiral', 'fy': 60, 'fpc': 4.0, 'diameter': 60, 'nLongBars': 48, 'dLongBars': 2.257, 'sTranBars': 3, 'dTranBars': 0.625, 'axLoad': 0.1, 'height': 294.504, 'column_parameters': {'nd_params': {'a0': 4.9084, 'a1': 1.0188098000000003, 'a2': 0.05113269292952138, 'a3': 0.1, 'a4': 0.2215330084182543, 'a5': 1.294277982375098}, 'strength_stiffness': {'strength': 258391.88254657038, 'stiffness': 116809943.21769974, 'E': 3604.9965325919525, 'I': 636172.512351933}}, 'model_parameters': [1.1354847638828154, 0.9874353059356384, 1.370628010280071, 0.22003903569650166, 0.5017698500515654, 3.652549426969585, 1.6671253737267484, 0.8765283646825033, 0.01245162825803825, 9.233735795227924, 0.21413065368045794, 0.007590130866661871, 5.710925950765183, -0.04029384450501205], 'min_error': 0.057853459856193945, 'failure_mode': 'Flexure'}]",0.057853459856193945,Flexure
1413,-122.29180781814448,37.803514466680724,"[woak,12th]",as_14,oakwest_12th_aerial,p_021,aerial oakland west to 12th street,"[red,yellow,blue,green]",71.5,piles,1,"[{'column_id': 'col_01', 'type': 'spiral', 'fy': 60, 'fpc': 4.0, 'diameter': 60, 'nLongBars': 48, 'dLongBars': 2.257, 'sTranBars': 3, 'dTranBars': 0.625, 'axLoad': 0.1, 'height': 294.504, 'column_parameters': {'nd_params': {'a0': 4.9084, 'a1': 1.0188098000000003, 'a2': 0.05113269292952138, 'a3': 0.1, 'a4': 0.2215330084182543, 'a5': 1.294277982375098}, 'strength_stiffness': {'strength': 258391.88254657038, 'stiffness': 116809943.21769974, 'E': 3604.9965325919525, 'I': 636172.512351933}}, 'model_parameters': [1.1354847638828154, 0.9874353059356384, 1.370628010280071, 0.22003903569650166, 0.5017698500515654, 3.652549426969585, 1.6671253737267484, 0.8765283646825033, 0.01245162825803825, 9.233735795227924, 0.21413065368045794, 0.007590130866661871, 5.710925950765183, -0.04029384450501205], 'min_error': 0.057853459856193945, 'failure_mode': 'Flexure'}]",0.057853459856193945,Flexure
1414,-122.29157469485625,37.80342060289736,"[woak,12th]",as_14,oakwest_12th_aerial,p_022,aerial oakland west to 12th street,"[red,yellow,blue,green]",69.5,piles,1,"[{'column_id': 'col_01', 'type': 'spiral', 'fy': 60, 'fpc': 4.0, 'diameter': 60, 'nLongBars': 48, 'dLongBars': 2.257, 'sTranBars': 3, 'dTranBars': 0.625, 'axLoad': 0.1, 'height': 294.504, 'column_parameters': {'nd_params': {'a0': 4.9084, 'a1': 1.0188098000000003, 'a2': 0.05113269292952138, 'a3': 0.1, 'a4': 0.2215330084182543, 'a5': 1.294277982375098}, 'strength_stiffness': {'strength': 258391.88254657038, 'stiffness': 116809943.21769974, 'E': 3604.9965325919525, 'I': 636172.512351933}}, 'model_parameters': [1.1354847638828154, 0.9874353059356384, 1.370628010280071, 0.22003903569650166, 0.5017698500515654, 3.652549426969585, 1.6671253737267484, 0.8765283646825033, 0.01245162825803825, 9.233735795227924, 0.21413065368045794, 0.007590130866661871, 5.710925950765183, -0.04029384450501205], 'min_error': 0.057853459856193945, 'failure_mode': 'Flexure'}]",0.057853459856193945,Flexure
1415,-122.29136918739464,37.80333891616847,"[woak,12th]",as_14,oakwest_12th_aerial,p_023,aerial oakland west to 12th street,"[red,yellow,blue,green]",67.0,piles,1,"[{'column_id': 'col_01', 'type': 'spiral', 'fy': 60, 'fpc': 4.0, 'diameter': 60, 'nLongBars': 48, 'dLongBars': 2.257, 'sTranBars': 3, 'dTranBars': 0.625, 'axLoad': 0.1, 'height': 294.504, 'column_parameters': {'nd_params': {'a0': 4.9084, 'a1': 1.0188098000000003, 'a2': 0.05113269292952138, 'a3': 0.1, 'a4': 0.2215330084182543, 'a5': 1.294277982375098}, 'strength_stiffness': {'strength': 258391.88254657038, 'stiffness': 116809943.21769974, 'E': 3604.9965325919525, 'I': 636172.512351933}}, 'model_parameters': [1.1354847638828154, 0.9874353059356384, 1.370628010280071, 0.22003903569650166, 0.5017698500515654, 3.652549426969585, 1.6671253737267484, 0.8765283646825033, 0.01245162825803825, 9.233735795227924, 0.21413065368045794, 0.007590130866661871, 5.710925950765183, -0.04029384450501205], 'min_error': 0.057853459856193945, 'failure_mode': 'Flexure'}]",0.057853459856193945,Flexure
1416,-122.2911486247726,37.80325350779604,"[woak,12th]",as_14,oakwest_12th_aerial,p_024,aerial oakland west to 12th street,"[red,yellow,blue,green]",69.0,piles,1,"[{'column_id': 'col_01', 'type': 'spiral', 'fy': 60, 'fpc': 4.0, 'diameter': 60, 'nLongBars': 48, 'dLongBars': 2.257, 'sTranBars': 3, 'dTranBars': 0.625, 'axLoad': 0.1, 'height': 294.504, 'column_parameters': {'nd_params': {'a0': 4.9084, 'a1': 1.0188098000000003, 'a2': 0.05113269292952138, 'a3': 0.1, 'a4': 0.2215330084182543, 'a5': 1.294277982375098}, 'strength_stiffness': {'strength': 258391.88254657038, 'stiffness': 116809943.21769974, 'E': 3604.9965325919525, 'I': 636172.512351933}}, 'model_parameters': [1.1354847638828154, 0.9874353059356384, 1.370628010280071, 0.22003903569650166, 0.5017698500515654, 3.652549426969585, 1.6671253737267484, 0.8765283646825033, 0.01245162825803825, 9.233735795227924, 0.21413065368045794, 0.007590130866661871, 5.710925950765183, -0.04029384450501205], 'min_error': 0.057853459856193945, 'failure_mode': 'Flexure'}]",0.057853459856193945,Flexure
1417,-122.29092649446066,37.80317097129082,"[woak,12th]",as_14,oakwest_12th_aerial,p_025,aerial oakland west to 12th street,"[red,yellow,blue,green]",76.0,footings,1,"[{'column_id': 'col_01', 'type': 'spiral', 'fy': 60, 'fpc': 4.0, 'diameter': 72, 'nLongBars': 64, 'dLongBars': 2.25, 'sTranBars': 3, 'dTranBars': 0.625, 'axLoad': 0.1, 'height': 372.504, 'column_parameters': {'nd_params': {'a0': 5.173666666666667, 'a1': 0.9375, 'a2': 0.04261057744126781, 'a3': 0.1, 'a4': 0.2222222222222222, 'a5': 1.3013102728429344}, 'strength_stiffness': {'strength': 411387.4169805895, 'stiffness': 191498357.88300383, 'E': 3604.9965325919525, 'I': 1319167.3216129686}}, 'model_parameters': [1.0709889617389736, 0.9948117777539283, 1.2534400383695676, 0.2897789293347389, 0.5009060745474987, 3.743637750820245, 1.6184160195043646, 0.8546921361713204, 0.012402360269639758, 8.50430713656791, 0.22315945396442524, 0.010394058505980162, 5.763245382191035, 0.180003271105256], 'min_error': 0.0581087277455419, 'failure_mode': 'Flexure'}]",0.0581087277455419,Flexure
1418,-122.29065366612002,37.803075989148965,"[woak,12th]",as_14,oakwest_12th_aerial,p_026,aerial oakland west to 12th street,"[red,yellow,blue,green]",73.0,footings,1,"[{'column_id': 'col_01', 'type': 'spiral', 'fy': 60, 'fpc': 4.0, 'diameter': 72, 'nLongBars': 64, 'dLongBars': 2.25, 'sTranBars': 3, 'dTranBars': 0.625, 'axLoad': 0.1, 'height': 372.504, 'column_parameters': {'nd_params': {'a0': 5.173666666666667, 'a1': 0.9375, 'a2': 0.04261057744126781, 'a3': 0.1, 'a4': 0.2222222222222222, 'a5': 1.3013102728429344}, 'strength_stiffness': {'strength': 411387.4169805895, 'stiffness': 191498357.88300383, 'E': 3604.9965325919525, 'I': 1319167.3216129686}}, 'model_parameters': [1.0709889617389736, 0.9948117777539283, 1.2534400383695676, 0.2897789293347389, 0.5009060745474987, 3.743637750820245, 1.6184160195043646, 0.8546921361713204, 0.012402360269639758, 8.50430713656791, 0.22315945396442524, 0.010394058505980162, 5.763245382191035, 0.180003271105256], 'min_error': 0.0581087277455419, 'failure_mode': 'Flexure'}]",0.0581087277455419,Flexure
1419,-122.29044457898695,37.80300871563132,"[woak,12th]",as_14,oakwest_12th_aerial,p_027,aerial oakland west to 12th street,"[red,yellow,blue,green]",63.0,footings,1,"[{'column_id': 'col_01', 'type': 'spiral', 'fy': 60, 'fpc': 4.0, 'diameter': 60, 'nLongBars': 48, 'dLongBars': 2.257, 'sTranBars': 3, 'dTranBars': 0.625, 'axLoad': 0.1, 'height': 330.504, 'column_parameters': {'nd_params': {'a0': 5.5084, 'a1': 1.0188098000000003, 'a2': 0.05113269292952138, 'a3': 0.1, 'a4': 0.2215330084182543, 'a5': 1.1532993335069952}, 'strength_stiffness': {'strength': 289977.55802695954, 'stiffness': 104086472.53099945, 'E': 3604.9965325919525, 'I': 636172.512351933}}, 'model_parameters': [1.2640380528250479, 0.9874641871317577, 1.4691997811904025, 0.16839204396761948, 0.525377353151903, 3.343364668509716, 1.5633685373707482, 0.8861386335453195, 0.012046855797388298, 9.689397733100616, 0.22059457305663527, 0.006392461469211516, 5.674635202093893, -0.03390073490522846], 'min_error': 0.06166303474770617, 'failure_mode': 'Flexure'}]",0.06166303474770617,Flexure
1420,-122.29023349854481,37.80294547688958,"[woak,12th]",as_14,oakwest_12th_aerial,p_028,aerial oakland west to 12th street,"[red,yellow,blue,green]",63.0,footings,1,"[{'column_id': 'col_01', 'type': 'spiral', 'fy': 60, 'fpc': 4.0, 'diameter': 60, 'nLongBars': 48, 'dLongBars': 2.257, 'sTranBars': 3, 'dTranBars': 0.625, 'axLoad': 0.1, 'height': 318.504, 'column_parameters': {'nd_params': {'a0': 5.308400000000001, 'a1': 1.0188098000000003, 'a2': 0.05113269292952138, 'a3': 0.1, 'a4': 0.2215330084182543, 'a5': 1.1967511959705244}, 'strength_stiffness': {'strength': 279448.9995334965, 'stiffness': 108008048.6191239, 'E': 3604.9965325919525, 'I': 636172.512351933}}, 'model_parameters': [1.2240053419057544, 0.9873614669875369, 1.4398629314591185, 0.18556654819959292, 0.5176459456407084, 3.435846231076544, 1.5987085888518704, 0.8831326627506495, 0.012175142123421641, 9.547148962815706, 0.21904566251668398, 0.006720076009043371, 5.684827898559185, -0.03831178992538256], 'min_error': 0.06045655992673916, 'failure_mode': 'Flexure'}]",0.06045655992673916,Flexure
1421,-122.29002050660947,37.80288636506327,"[woak,12th]",as_14,oakwest_12th_aerial,p_029,aerial oakland west to 12th street,"[red,yellow,blue,green]",63.0,footings,1,"[{'column_id': 'col_01', 'type': 'spiral', 'fy': 60, 'fpc': 4.0, 'diameter': 60, 'nLongBars': 48, 'dLongBars': 2.257, 'sTranBars': 3, 'dTranBars': 0.625, 'axLoad': 0.1, 'height': 318.504, 'column_parameters': {'nd_params': {'a0': 5.308400000000001, 'a1': 1.0188098000000003, 'a2': 0.05113269292952138, 'a3': 0.1, 'a4': 0.2215330084182543, 'a5': 1.1967511959705244}, 'strength_stiffness': {'strength': 279448.9995334965, 'stiffness': 108008048.6191239, 'E': 3604.9965325919525, 'I': 636172.512351933}}, 'model_parameters': [1.2240053419057544, 0.9873614669875369, 1.4398629314591185, 0.18556654819959292, 0.5176459456407084, 3.435846231076544, 1.5987085888518704, 0.8831326627506495, 0.012175142123421641, 9.547148962815706, 0.21904566251668398, 0.006720076009043371, 5.684827898559185, -0.03831178992538256], 'min_error': 0.06045655992673916, 'failure_mode': 'Flexure'}]",0.06045655992673916,Flexure
1422,-122.28980590357057,37.80283077402639,"[woak,12th]",as_14,oakwest_12th_aerial,p_030,aerial oakland west to 12th street,"[red,yellow,blue,green]",63.5,footings,1,"[{'column_id': 'col_01', 'type': 'spiral', 'fy': 60, 'fpc': 4.0, 'diameter': 60, 'nLongBars': 48, 'dLongBars': 2.257, 'sTranBars': 3, 'dTranBars': 0.625, 'axLoad': 0.1, 'height': 319.70400000000006, 'column_parameters': {'nd_params': {'a0': 5.328400000000001, 'a1': 1.0188098000000003, 'a2': 0.05113269292952138, 'a3': 0.1, 'a4': 0.2215330084182543, 'a5': 1.1922592239114802}, 'strength_stiffness': {'strength': 280501.8553828428, 'stiffness': 107602643.43700872, 'E': 3604.9965325919525, 'I': 636172.512351933}}, 'model_parameters': [1.2281038670150477, 0.9873678799962886, 1.4429425477791897, 0.18382560827837224, 0.5184248070410353, 3.426159387330398, 1.595363345621756, 0.883441444807465, 0.01216203833316446, 9.561770213209595, 0.21922566284952827, 0.006684346166285914, 5.683729693431967, -0.03796519795855573], 'min_error': 0.06057983481375904, 'failure_mode': 'Flexure'}]",0.06057983481375904,Flexure
1423,-122.2895875786129,37.80277730744753,"[woak,12th]",as_14,oakwest_12th_aerial,p_031,aerial oakland west to 12th street,"[red,yellow,blue,green]",61.5,footings,1,"[{'column_id': 'col_01', 'type': 'spiral', 'fy': 60, 'fpc': 4.0, 'diameter': 60, 'nLongBars': 48, 'dLongBars': 2.257, 'sTranBars': 3, 'dTranBars': 0.625, 'axLoad': 0.1, 'height': 300.504, 'column_parameters': {'nd_params': {'a0': 5.0084, 'a1': 1.0188098000000003, 'a2': 0.05113269292952138, 'a3': 0.1, 'a4': 0.2215330084182543, 'a5': 1.2684358375309344}, 'strength_stiffness': {'strength': 263656.16179330193, 'stiffness': 114477662.58480899, 'E': 3604.9965325919525, 'I': 636172.512351933}}, 'model_parameters': [1.1585905757937225, 0.9873784512431458, 1.3893886869990388, 0.21156213199222268, 0.5057956113959091, 3.5940093144368817, 1.6492404904783133, 0.878260875805962, 0.012379769037962377, 9.316101077612409, 0.2156092310870244, 0.0073430831116111425, 5.703616065727645, -0.04073869509074435], 'min_error': 0.05853037684819941, 'failure_mode': 'Flexure'}]",0.05853037684819941,Flexure
1424,-122.28938534168203,37.802729743779125,"[woak,12th]",as_14,oakwest_12th_aerial,p_032,aerial oakland west to 12th street,"[red,yellow,blue,green]",59.0,footings,1,"[{'column_id': 'col_01', 'type': 'spiral', 'fy': 60, 'fpc': 4.0, 'diameter': 60, 'nLongBars': 48, 'dLongBars': 2.257, 'sTranBars': 3, 'dTranBars': 0.625, 'axLoad': 0.1, 'height': 300.504, 'column_parameters': {'nd_params': {'a0': 5.0084, 'a1': 1.0188098000000003, 'a2': 0.05113269292952138, 'a3': 0.1, 'a4': 0.2215330084182543, 'a5': 1.2684358375309344}, 'strength_stiffness': {'strength': 263656.16179330193, 'stiffness': 114477662.58480899, 'E': 3604.9965325919525, 'I': 636172.512351933}}, 'model_parameters': [1.1585905757937225, 0.9873784512431458, 1.3893886869990388, 0.21156213199222268, 0.5057956113959091, 3.5940093144368817, 1.6492404904783133, 0.878260875805962, 0.012379769037962377, 9.316101077612409, 0.2156092310870244, 0.0073430831116111425, 5.703616065727645, -0.04073869509074435], 'min_error': 0.05853037684819941, 'failure_mode': 'Flexure'}]",0.05853037684819941,Flexure
1425,-122.2891826143241,37.80268322276386,"[woak,12th]",as_14,oakwest_12th_aerial,p_033,aerial oakland west to 12th street,"[red,yellow,blue,green]",59.0,footings,1,"[{'column_id': 'col_01', 'type': 'spiral', 'fy': 60, 'fpc': 4.0, 'diameter': 60, 'nLongBars': 48, 'dLongBars': 2.257, 'sTranBars': 3, 'dTranBars': 0.625, 'axLoad': 0.1, 'height': 300.504, 'column_parameters': {'nd_params': {'a0': 5.0084, 'a1': 1.0188098000000003, 'a2': 0.05113269292952138, 'a3': 0.1, 'a4': 0.2215330084182543, 'a5': 1.2684358375309344}, 'strength_stiffness': {'strength': 263656.16179330193, 'stiffness': 114477662.58480899, 'E': 3604.9965325919525, 'I': 636172.512351933}}, 'model_parameters': [1.1585905757937225, 0.9873784512431458, 1.3893886869990388, 0.21156213199222268, 0.5057956113959091, 3.5940093144368817, 1.6492404904783133, 0.878260875805962, 0.012379769037962377, 9.316101077612409, 0.2156092310870244, 0.0073430831116111425, 5.703616065727645, -0.04073869509074435], 'min_error': 0.05853037684819941, 'failure_mode': 'Flexure'}]",0.05853037684819941,Flexure
1426,-122.28897966402612,37.802637064620576,"[woak,12th]",as_14,oakwest_12th_aerial,p_034,aerial oakland west to 12th street,"[red,yellow,blue,green]",59.5,footings,1,"[{'column_id': 'col_01', 'type': 'spiral', 'fy': 60, 'fpc': 4.0, 'diameter': 60, 'nLongBars': 48, 'dLongBars': 2.257, 'sTranBars': 3, 'dTranBars': 0.625, 'axLoad': 0.1, 'height': 300.504, 'column_parameters': {'nd_params': {'a0': 5.0084, 'a1': 1.0188098000000003, 'a2': 0.05113269292952138, 'a3': 0.1, 'a4': 0.2215330084182543, 'a5': 1.2684358375309344}, 'strength_stiffness': {'strength': 263656.16179330193, 'stiffness': 114477662.58480899, 'E': 3604.9965325919525, 'I': 636172.512351933}}, 'model_parameters': [1.1585905757937225, 0.9873784512431458, 1.3893886869990388, 0.21156213199222268, 0.5057956113959091, 3.5940093144368817, 1.6492404904783133, 0.878260875805962, 0.012379769037962377, 9.316101077612409, 0.2156092310870244, 0.0073430831116111425, 5.703616065727645, -0.04073869509074435], 'min_error': 0.05853037684819941, 'failure_mode': 'Flexure'}]",0.05853037684819941,Flexure
1427,-122.28877272663111,37.8025913676446,"[woak,12th]",as_14,oakwest_12th_aerial,p_035,aerial oakland west to 12th street,"[red,yellow,blue,green]",77.0,footings,1,"[{'column_id': 'col_01', 'type': 'spiral', 'fy': 60, 'fpc': 4.0, 'diameter': 72, 'nLongBars': 40, 'dLongBars': 2.25, 'sTranBars': 3, 'dTranBars': 0.625, 'axLoad': 0.1, 'height': 336.612, 'column_parameters': {'nd_params': {'a0': 4.675166666666667, 'a1': 0.5859375, 'a2': 0.04261057744126781, 'a3': 0.1, 'a4': 0.2222222222222222, 'a5': 0.9451282376426943}, 'strength_stiffness': {'strength': 351350.35468923446, 'stiffness': 211917294.4067664, 'E': 3604.9965325919525, 'I': 1319167.3216129686}}, 'model_parameters': [0.949321138704203, 1.0043979853801204, 1.1637982746911395, 0.33486512945566754, 0.47742795884674455, 2.8310016106833684, 1.6790409204089727, 0.7939726386374434, 0.010531975136692292, 6.267518719781631, 0.40454633956567115, 0.011185787029756122, 5.579608852098012, 0.5791318417081156], 'min_error': 0.05774686162856424, 'failure_mode': 'Flexure'}]",0.05774686162856424,Flexure
1428,-122.28844968201281,37.80251780380316,"[woak,12th]",as_14,oakwest_12th_aerial,p_036,aerial oakland west to 12th street,"[red,yellow,blue,green]",82.5,piles,1,"[{'column_id': 'col_01', 'type': 'spiral', 'fy': 60, 'fpc': 4.0, 'diameter': 72, 'nLongBars': 40, 'dLongBars': 2.25, 'sTranBars': 3, 'dTranBars': 0.625, 'axLoad': 0.1, 'height': 313.236, 'column_parameters': {'nd_params': {'a0': 4.3505, 'a1': 0.5859375, 'a2': 0.04261057744126781, 'a3': 0.1, 'a4': 0.2222222222222222, 'a5': 1.0156607360883891}, 'strength_stiffness': {'strength': 345932.79252123984, 'stiffness': 227732139.0416506, 'E': 3604.9965325919525, 'I': 1319167.3216129686}}, 'model_parameters': [0.9216648716381921, 1.0043334882698347, 1.1158573399322897, 0.3658303436277233, 0.4668397924961222, 2.981513381181126, 1.6347845392160505, 0.7889772647663105, 0.010736685550055976, 6.068330491976587, 0.40146950368595935, 0.011717655563715587, 5.5952833437677345, 0.5728422961090421], 'min_error': 0.05578575828812404, 'failure_mode': 'Flexure'}]",0.05578575828812404,Flexure
1429,-122.28820408962048,37.802460446658976,"[woak,12th]",as_14,oakwest_12th_aerial,p_037,aerial oakland west to 12th street,"[red,yellow,blue,green]",72.0,piles,1,"[{'column_id': 'col_01', 'type': 'spiral', 'fy': 60, 'fpc': 4.0, 'diameter': 60, 'nLongBars': 48, 'dLongBars': 2.257, 'sTranBars': 3, 'dTranBars': 0.625, 'axLoad': 0.1, 'height': 314.09999999999997, 'column_parameters': {'nd_params': {'a0': 5.234999999999999, 'a1': 1.0188098000000003, 'a2': 0.05113269292952138, 'a3': 0.1, 'a4': 0.2215330084182543, 'a5': 1.2135308593486023}, 'strength_stiffness': {'strength': 275585.0185663955, 'stiffness': 109522430.80988681, 'E': 3604.9965325919525, 'I': 636172.512351933}}, 'model_parameters': [1.2086883397191848, 0.9873456637871134, 1.4282683258207982, 0.19196820331752434, 0.514776077025595, 3.4722755812953996, 1.6108133864597907, 0.8819830317379626, 0.012223784388034726, 9.492691131623562, 0.21833474792397511, 0.00685715251880881, 5.6890164804879415, -0.03939439846849217], 'min_error': 0.05999887632086621, 'failure_mode': 'Flexure'}]",0.05999887632086621,Flexure
1430,-122.28795619304233,37.80240399468797,"[woak,12th]",as_14,oakwest_12th_aerial,p_038,aerial oakland west to 12th street,"[red,yellow,blue,green]",73.0,piles,1,"[{'column_id': 'col_01', 'type': 'spiral', 'fy': 60, 'fpc': 4.0, 'diameter': 60, 'nLongBars': 48, 'dLongBars': 2.257, 'sTranBars': 3, 'dTranBars': 0.625, 'axLoad': 0.1, 'height': 315.288, 'column_parameters': {'nd_params': {'a0': 5.2548, 'a1': 1.0188098000000003, 'a2': 0.05113269292952138, 'a3': 0.1, 'a4': 0.2215330084182543, 'a5': 1.2089582950235844}, 'strength_stiffness': {'strength': 276627.3458572484, 'stiffness': 109109752.09137501, 'E': 3604.9965325919525, 'I': 636172.512351933}}, 'model_parameters': [1.2128648760706975, 0.9873487129692593, 1.4314419273279815, 0.19024067345444176, 0.5155520341245371, 3.4623106747953964, 1.607563996293558, 0.8822957246945136, 0.012210576356919502, 9.507506794754569, 0.21853441841527668, 0.006819241797491755, 5.687861762100667, -0.039132088008204786], 'min_error': 0.06012316508944226, 'failure_mode': 'Flexure'}]",0.06012316508944226,Flexure
1431,-122.28770829684112,37.80234754219533,"[woak,12th]",as_14,oakwest_12th_aerial,p_039,aerial oakland west to 12th street,"[red,yellow,blue,green]",73.0,piles,1,"[{'column_id': 'col_01', 'type': 'spiral', 'fy': 60, 'fpc': 4.0, 'diameter': 60, 'nLongBars': 48, 'dLongBars': 2.257, 'sTranBars': 3, 'dTranBars': 0.625, 'axLoad': 0.1, 'height': 297.624, 'column_parameters': {'nd_params': {'a0': 4.960400000000001, 'a1': 1.0188098000000003, 'a2': 0.05113269292952138, 'a3': 0.1, 'a4': 0.2215330084182543, 'a5': 1.2807100332009378}, 'strength_stiffness': {'strength': 261129.3077548708, 'stiffness': 115585421.5969997, 'E': 3604.9965325919525, 'I': 636172.512351933}}, 'model_parameters': [1.1475435361570654, 0.9874023229149925, 1.3805128390454422, 0.21564399923177135, 0.5038682961137474, 3.6217197652348423, 1.6578344328355687, 0.8774365213341516, 0.012414017708349732, 9.276925405366423, 0.21492175760480653, 0.007459036413178968, 5.707054883337163, -0.04060889397160718], 'min_error': 0.058207784308294284, 'failure_mode': 'Flexure'}]",0.058207784308294284,Flexure
1432,-122.28746040447739,37.8022910891286,"[woak,12th]",as_14,oakwest_12th_aerial,p_040,aerial oakland west to 12th street,"[red,yellow,blue,green]",69.5,footings,1,"[{'column_id': 'col_01', 'type': 'spiral', 'fy': 60, 'fpc': 4.0, 'diameter': 60, 'nLongBars': 48, 'dLongBars': 2.257, 'sTranBars': 3, 'dTranBars': 0.625, 'axLoad': 0.1, 'height': 294.59999999999997, 'column_parameters': {'nd_params': {'a0': 4.909999999999999, 'a1': 1.0188098000000003, 'a2': 0.05113269292952138, 'a3': 0.1, 'a4': 0.2215330084182543, 'a5': 1.2938562217291105}, 'strength_stiffness': {'strength': 258476.11101451804, 'stiffness': 116771878.87775101, 'E': 3604.9965325919525, 'I': 636172.512351933}}, 'model_parameters': [1.135856702220518, 0.9874341784133638, 1.3709364191976667, 0.21990416498789134, 0.501834584063562, 3.6515880057817798, 1.6668423103042065, 0.8765565469176094, 0.01245046297736173, 9.235076583448901, 0.21415572838352046, 0.007586010531588402, 5.7108045365348525, -0.0403062975769571], 'min_error': 0.057864438854130645, 'failure_mode': 'Flexure'}]",0.057864438854130645,Flexure
1433,-122.28723417436267,37.80223956744399,"[woak,12th]",as_14,oakwest_12th_aerial,p_041,aerial oakland west to 12th street,"[red,yellow,blue,green]",66.0,footings,1,"[{'column_id': 'col_01', 'type': 'spiral', 'fy': 60, 'fpc': 4.0, 'diameter': 60, 'nLongBars': 48, 'dLongBars': 2.257, 'sTranBars': 3, 'dTranBars': 0.625, 'axLoad': 0.1, 'height': 284.23199999999997, 'column_parameters': {'nd_params': {'a0': 4.7372, 'a1': 1.0188098000000003, 'a2': 0.05113269292952138, 'a3': 0.1, 'a4': 0.2215330084182543, 'a5': 1.34105253075444}, 'strength_stiffness': {'strength': 249379.43647616595, 'stiffness': 121031395.18909007, 'E': 3604.9965325919525, 'I': 636172.512351933}}, 'model_parameters': [1.0958598738849827, 0.9875992285834595, 1.3359916799215272, 0.23442331798284124, 0.49477934509646765, 3.7603481348835976, 1.693106741333173, 0.8734210734057479, 0.012579399101934603, 9.08568704091561, 0.21116606740780136, 0.008064296317136477, 5.724802515569374, -0.037901424584335826], 'min_error': 0.05664924053116862, 'failure_mode': 'Flexure'}]",0.05664924053116862,Flexure
1434,-122.287007944628,37.802188048070725,"[woak,12th]",as_14,oakwest_12th_aerial,p_042,aerial oakland west to 12th street,"[red,yellow,blue,green]",66.0,footings,1,"[{'column_id': 'col_01', 'type': 'spiral', 'fy': 60, 'fpc': 4.0, 'diameter': 60, 'nLongBars': 48, 'dLongBars': 2.257, 'sTranBars': 3, 'dTranBars': 0.625, 'axLoad': 0.1, 'height': 267.86400000000003, 'column_parameters': {'nd_params': {'a0': 4.4644, 'a1': 1.0188098000000003, 'a2': 0.05113269292952138, 'a3': 0.1, 'a4': 0.2215330084182543, 'a5': 1.422998398147552}, 'strength_stiffness': {'strength': 235018.4826910824, 'stiffness': 128427095.53126004, 'E': 3604.9965325919525, 'I': 636172.512351933}}, 'model_parameters': [1.036254662763875, 0.9880553140515701, 1.2734307050434797, 0.2582717052455723, 0.4833516721779171, 3.954343687258396, 1.684516172178375, 0.8680563990258178, 0.012796891858820835, 8.828933239930667, 0.20517412111007935, 0.00896976079599467, 5.750900453853834, -0.029316329553200803], 'min_error': 0.05459767992846164, 'failure_mode': 'Flexure'}]",0.05459767992846164,Flexure
1435,-122.2867817151411,37.80213652551723,"[woak,12th]",as_14,oakwest_12th_aerial,p_043,aerial oakland west to 12th street,"[red,yellow,blue,green]",64.5,footings,1,"[{'column_id': 'col_01', 'type': 'spiral', 'fy': 60, 'fpc': 4.0, 'diameter': 60, 'nLongBars': 48, 'dLongBars': 2.257, 'sTranBars': 3, 'dTranBars': 0.625, 'axLoad': 0.1, 'height': 251.49599999999998, 'column_parameters': {'nd_params': {'a0': 4.1916, 'a1': 1.0188098000000003, 'a2': 0.05113269292952138, 'a3': 0.1, 'a4': 0.2215330084182543, 'a5': 1.5156107569161974}, 'strength_stiffness': {'strength': 220657.52890599874, 'stiffness': 136785457.88953084, 'E': 3604.9965325919525, 'I': 636172.512351933}}, 'model_parameters': [0.4423424857704606, 0.9482206667298245, 1.896786046229852, 0.1446996214252414, 0.07786102692096818, -0.3146129618260275, 1.1934740671569346, 0.8482745940833737, 0.010604798077222047, 7.728488231837049, 0.7722926947096859, 0.0176949442013635, 3.5793343945171494, 1.3355795601176266], 'min_error': 0.05585938561157923, 'failure_mode': 'Shear'}]",0.05585938561157923,Shear
1436,-122.28656546582341,37.802087276795596,"[woak,12th]",as_14,oakwest_12th_aerial,p_044,aerial oakland west to 12th street,"[red,yellow,blue,green]",70.5,footings,1,"[{'column_id': 'col_01', 'type': 'spiral', 'fy': 60, 'fpc': 4.0, 'diameter': 60, 'nLongBars': 48, 'dLongBars': 2.257, 'sTranBars': 3, 'dTranBars': 0.625, 'axLoad': 0.1, 'height': 373.05600000000004, 'column_parameters': {'nd_params': {'a0': 6.217600000000001, 'a1': 1.0188098000000003, 'a2': 0.05113269292952138, 'a3': 0.1, 'a4': 0.2215330084182543, 'a5': 1.0217502008314996}, 'strength_stiffness': {'strength': 327311.8264447796, 'stiffness': 92214025.55483745, 'E': 3604.9965325919525, 'I': 636172.512351933}}, 'model_parameters': [1.372789869797303, 0.9884207945424901, 1.5508282318901256, 0.11904409390745109, 0.551909362269636, 3.0833175387935308, 1.439740778847437, 0.8955414374159124, 0.01163418833967822, 10.133554881055, 0.222232810795836, 0.005686378872826684, 5.6506082445099555, -0.003751596428493359], 'min_error': 0.0655379090412363, 'failure_mode': 'Flexure'}]",0.0655379090412363,Flexure
1437,-122.2862993142603,37.802026661789654,"[woak,12th]",as_14,oakwest_12th_aerial,p_045,aerial oakland west to 12th street,"[red,yellow,blue,green]",76.5,footings,1,"[{'column_id': 'col_01', 'type': 'spiral', 'fy': 60, 'fpc': 4.0, 'diameter': 60, 'nLongBars': 48, 'dLongBars': 2.257, 'sTranBars': 3, 'dTranBars': 0.625, 'axLoad': 0.1, 'height': 236.97599999999997, 'column_parameters': {'nd_params': {'a0': 3.9495999999999998, 'a1': 1.0188098000000003, 'a2': 0.05113269292952138, 'a3': 0.1, 'a4': 0.2215330084182543, 'a5': 1.6034682442117492}, 'strength_stiffness': {'strength': 208567.22645535256, 'stiffness': 145166580.23337996, 'E': 3604.9965325919525, 'I': 636172.512351933}}, 'model_parameters': [0.4704314023292954, 0.9558843247698121, 1.8552912880017245, 0.13123260001530532, 0.06957419783875904, -0.08315050114621732, 1.3721779237134775, 0.8580505474774144, 0.009770169606954194, 7.548461410987828, 0.7539524910395451, 0.019261733440287795, 3.528854337594254, 1.3331785457907905], 'min_error': 0.0551755361357779, 'failure_mode': 'Shear'}]",0.0551755361357779,Shear
1438,-122.28604314641554,37.801968320440565,"[woak,12th]",as_14,oakwest_12th_aerial,p_046,aerial oakland west to 12th street,"[red,yellow,blue,green]",75.0,footings,1,"[{'column_id': 'col_01', 'type': 'spiral', 'fy': 60, 'fpc': 4.0, 'diameter': 60, 'nLongBars': 48, 'dLongBars': 2.257, 'sTranBars': 3, 'dTranBars': 0.625, 'axLoad': 0.1, 'height': 238.824, 'column_parameters': {'nd_params': {'a0': 3.9804, 'a1': 1.0188098000000003, 'a2': 0.05113269292952138, 'a3': 0.1, 'a4': 0.2215330084182543, 'a5': 1.5941082114877}, 'strength_stiffness': {'strength': 209791.85854163006, 'stiffness': 144043293.46039528, 'E': 3604.9965325919525, 'I': 636172.512351933}}, 'model_parameters': [0.46640910783836487, 0.9548336405367333, 1.8608340734704931, 0.13298333245691182, 0.07074030313183376, -0.10998245737186767, 1.3523995873826815, 0.8565445707981805, 0.009873294387195489, 7.568933572762656, 0.7565182625484136, 0.01906057676852734, 3.5372624137332713, 1.3350980375058976], 'min_error': 0.055252047851942904, 'failure_mode': 'Shear'}]",0.055252047851942904,Shear
1439,-122.28578697211817,37.80190998138508,"[woak,12th]",as_14,oakwest_12th_aerial,p_047,aerial oakland west to 12th street,"[red,yellow,blue,green]",76.0,footings,1,"[{'column_id': 'col_01', 'type': 'spiral', 'fy': 60, 'fpc': 4.0, 'diameter': 60, 'nLongBars': 48, 'dLongBars': 2.257, 'sTranBars': 3, 'dTranBars': 0.625, 'axLoad': 0.1, 'height': 240.67199999999997, 'column_parameters': {'nd_params': {'a0': 4.0112, 'a1': 1.0188098000000003, 'a2': 0.05113269292952138, 'a3': 0.1, 'a4': 0.2215330084182543, 'a5': 1.5837739451261301}, 'strength_stiffness': {'strength': 211160.76914489505, 'stiffness': 142937257.00283143, 'E': 3604.9965325919525, 'I': 636172.512351933}}, 'model_parameters': [0.46260456048739695, 0.95382322688976, 1.8662369484358725, 0.13468551256889535, 0.07184682703718014, -0.13821916468093876, 1.3310352774171554, 0.855178574144779, 0.009978063590531204, 7.590615245704808, 0.7589602039996063, 0.0188603543841273, 3.544609886594736, 1.3361687819594696], 'min_error': 0.055334187161762194, 'failure_mode': 'Shear'}]",0.055334187161762194,Shear
1440,-122.28552400090871,37.80184998671474,"[woak,12th]",as_14,oakwest_12th_aerial,p_048,aerial oakland west to 12th street,"[red,yellow,blue,green]",77.0,footings,1,"[{'column_id': 'col_01', 'type': 'spiral', 'fy': 60, 'fpc': 4.0, 'diameter': 60, 'nLongBars': 48, 'dLongBars': 2.257, 'sTranBars': 3, 'dTranBars': 0.625, 'axLoad': 0.1, 'height': 242.56799999999998, 'column_parameters': {'nd_params': {'a0': 4.0428, 'a1': 1.0188098000000003, 'a2': 0.05113269292952138, 'a3': 0.1, 'a4': 0.2215330084182543, 'a5': 1.5713945900588533}, 'strength_stiffness': {'strength': 212824.28138686225, 'stiffness': 141820007.24491873, 'E': 3604.9965325919525, 'I': 636172.512351933}}, 'model_parameters': [0.45909147061878247, 0.9528600054712248, 1.8715250093043145, 0.13633167431675522, 0.0728734359197188, -0.16975107451819405, 1.3062237812982163, 0.8540323723555874, 0.010088527725008869, 7.615006985308288, 0.7612397491686681, 0.018656635234658468, 3.5502140282646573, 1.3357455708560066], 'min_error': 0.05542872275040168, 'failure_mode': 'Shear'}]",0.05542872275040168,Shear
1441,-122.2852601078374,37.80178849191518,"[woak,12th]",as_14,oakwest_12th_aerial,p_049,aerial oakland west to 12th street,"[red,yellow,blue,green]",77.0,footings,1,"[{'column_id': 'col_01', 'type': 'spiral', 'fy': 60, 'fpc': 4.0, 'diameter': 60, 'nLongBars': 48, 'dLongBars': 2.257, 'sTranBars': 3, 'dTranBars': 0.625, 'axLoad': 0.1, 'height': 244.47599999999997, 'column_parameters': {'nd_params': {'a0': 4.074599999999999, 'a1': 1.0188098000000003, 'a2': 0.05113269292952138, 'a3': 0.1, 'a4': 0.2215330084182543, 'a5': 1.559130724166773}, 'strength_stiffness': {'strength': 214498.32218732286, 'stiffness': 140713180.50600243, 'E': 3604.9965325919525, 'I': 636172.512351933}}, 'model_parameters': [0.45554048916747164, 0.9518826786297864, 1.8768743763673967, 0.13803649873946727, 0.0739183970042518, -0.2012030554889939, 1.2815708054795716, 0.8528510648368531, 0.01019939366835242, 7.639443437312514, 0.7635583598422578, 0.018451440834504663, 3.556064663344338, 1.3354581969377715], 'min_error': 0.05552273696481813, 'failure_mode': 'Shear'}]",0.05552273696481813,Shear
1442,-122.28499698764944,37.801724567621456,"[woak,12th]",as_14,oakwest_12th_aerial,p_050,aerial oakland west to 12th street,"[red,yellow,blue,green]",77.0,footings,1,"[{'column_id': 'col_01', 'type': 'spiral', 'fy': 60, 'fpc': 4.0, 'diameter': 72, 'nLongBars': 56, 'dLongBars': 2.25, 'sTranBars': 3, 'dTranBars': 0.625, 'axLoad': 0.1, 'height': 264.38399999999996, 'column_parameters': {'nd_params': {'a0': 3.6719999999999993, 'a1': 0.8203125, 'a2': 0.04261057744126781, 'a3': 0.1, 'a4': 0.2222222222222222, 'a5': 1.5838263397872065}, 'strength_stiffness': {'strength': 299282.74808011507, 'stiffness': 269811729.5481212, 'E': 3604.9965325919525, 'I': 1319167.3216129686}}, 'model_parameters': [0.33557014532212465, 0.9541738627760066, 1.8149682810435623, 0.18285494089882978, 0.14844554500445317, 0.5300076945339149, 1.7181452033118267, 0.780646954225934, 0.01038742543607785, 6.734564306749735, 0.8204563923968895, 0.016683643559691912, 3.823677396248067, 1.3255031200822476], 'min_error': 0.05574615809418022, 'failure_mode': 'Shear'}]",0.05574615809418022,Shear
1443,-122.28473515842745,37.80165701112708,"[woak,12th]",as_14,oakwest_12th_aerial,p_051,aerial oakland west to 12th street,"[red,yellow,blue,green]",76.5,footings,1,"[{'column_id': 'col_01', 'type': 'spiral', 'fy': 60, 'fpc': 4.0, 'diameter': 72, 'nLongBars': 56, 'dLongBars': 2.25, 'sTranBars': 3, 'dTranBars': 0.625, 'axLoad': 0.1, 'height': 266.28, 'column_parameters': {'nd_params': {'a0': 3.698333333333333, 'a1': 0.8203125, 'a2': 0.04261057744126781, 'a3': 0.1, 'a4': 0.2222222222222222, 'a5': 1.5758873229107602}, 'strength_stiffness': {'strength': 300790.47693438915, 'stiffness': 267890582.48779657, 'E': 3604.9965325919525, 'I': 1319167.3216129686}}, 'model_parameters': [0.3321424383203959, 0.9532725792533572, 1.8197163775156784, 0.18436005282300674, 0.1494464299453039, 0.5071586701539873, 1.7013387032769154, 0.7793502373541557, 0.010475108877979271, 6.75054478906929, 0.8226581566299027, 0.0165115979351513, 3.830935367054068, 1.3276365384121043], 'min_error': 0.055811206527187476, 'failure_mode': 'Shear'}]",0.055811206527187476,Shear
1444,-122.28447522544302,37.801584645879196,"[woak,12th]",as_14,oakwest_12th_aerial,p_052,aerial oakland west to 12th street,"[red,yellow,blue,green]",76.0,footings,1,"[{'column_id': 'col_01', 'type': 'spiral', 'fy': 60, 'fpc': 4.0, 'diameter': 72, 'nLongBars': 56, 'dLongBars': 2.25, 'sTranBars': 3, 'dTranBars': 0.625, 'axLoad': 0.1, 'height': 292.188, 'column_parameters': {'nd_params': {'a0': 4.058166666666667, 'a1': 0.8203125, 'a2': 0.04261057744126781, 'a3': 0.1, 'a4': 0.2222222222222222, 'a5': 1.4689492952933854}, 'strength_stiffness': {'strength': 322687.72038078646, 'stiffness': 244137008.72332355, 'E': 3604.9965325919525, 'I': 1319167.3216129686}}, 'model_parameters': [0.2867003899960433, 0.9408946380471555, 1.884818908228015, 0.20741530704552202, 0.16321757416656069, 0.19716478915351643, 1.4742006586334913, 0.7614091694682786, 0.011674875166452754, 6.977893757296268, 0.8529406845769989, 0.014159189159374742, 3.931794424205784, 1.3539430186176074], 'min_error': 0.05669113925527997, 'failure_mode': 'Shear'}]",0.05669113925527997,Shear
1445,-122.28421914618241,37.80150667041585,"[woak,12th]",as_14,oakwest_12th_aerial,p_053,aerial oakland west to 12th street,"[red,yellow,blue,green]",86.5,footings,1,"[{'column_id': 'col_01', 'type': 'spiral', 'fy': 60, 'fpc': 4.0, 'diameter': 72, 'nLongBars': 56, 'dLongBars': 2.25, 'sTranBars': 3, 'dTranBars': 0.625, 'axLoad': 0.1, 'height': 300.08399999999995, 'column_parameters': {'nd_params': {'a0': 4.167833333333332, 'a1': 0.8203125, 'a2': 0.04261057744126781, 'a3': 0.1, 'a4': 0.2222222222222222, 'a5': 1.4302973723796795}, 'strength_stiffness': {'strength': 331407.93558512983, 'stiffness': 237713121.34219244, 'E': 3604.9965325919525, 'I': 1319167.3216129686}}, 'model_parameters': [0.2748074589982418, 0.937373142463581, 1.9037899230145001, 0.21502768580460097, 0.16704398223809547, 0.09394929817696543, 1.3951098839162093, 0.7568120204616756, 0.012051378962491047, 7.057681232553806, 0.8613996127622053, 0.013448055732739677, 3.9559356967212937, 1.3559326908816183], 'min_error': 0.05699432414241525, 'failure_mode': 'Shear'}]",0.05699432414241525,Shear
1446,-122.28390163842715,37.801399485405796,"[woak,12th]",as_14,oakwest_12th_aerial,p_054,aerial oakland west to 12th street,"[red,yellow,blue,green]",91.0,footings,1,"[{'column_id': 'col_01', 'type': 'rectangular', 'fy': 60, 'fpc': 4.0, 'depth': 96.0, 'width': 72.0, 'nLongBars': 64.0, 'dLongBars': 2.25, 'sTranBars': 3.0, 'dTranBars': 0.625, 'axLoad': 0.1, 'height': 308.47200000000004, 'column_parameters': {'nd_params': {'a0': 3.2132500000000004, 'a1': 0.5522330836388308, 'a2': 0.12783173232380343, 'a3': 0.1, 'a4': 0.2222222222222222, 'a5': 0.5619614476321177}, 'strength_stiffness': {'strength': 664661.8131031956, 'stiffness': 930561992.9955865, 'E': 3604.9965325919525, 'I': 5308416.0}}, 'model_parameters': [0.9473183682393638, 0.9839692654774465, 1.4151238617252895, 0.29158116924649347, 0.4801011314330024, 1.8472112715532947, 1.183270181795504, 0.841899783830638, 0.0070702173854768876, 7.270988414275638, 0.5855581425100915, 0.00281077271384662, 5.107759542905829, 0.0338007728866972], 'min_error': 0.049441197904423945, 'failure_mode': 'Flexure'}]",0.049441197904423945,Flexure
1447,-122.28362352365811,37.80129561799808,"[woak,12th]",as_14,oakwest_12th_aerial,p_055,aerial oakland west to 12th street,"[red,yellow,blue,green]",85.0,footings,1,"[{'column_id': 'col_01', 'type': 'spiral', 'fy': 60, 'fpc': 4.0, 'diameter': 72, 'nLongBars': 48, 'dLongBars': 2.25, 'sTranBars': 3, 'dTranBars': 0.625, 'axLoad': 0.1, 'height': 256.596, 'column_parameters': {'nd_params': {'a0': 3.5638333333333336, 'a1': 0.7031250000000001, 'a2': 0.04261057744126781, 'a3': 0.1, 'a4': 0.2222222222222222, 'a5': 1.4080373880894788}, 'strength_stiffness': {'strength': 293089.60867236904, 'stiffness': 278000842.9782634, 'E': 3604.9965325919525, 'I': 1319167.3216129686}}, 'model_parameters': [0.2839408350393238, 0.9569732622734551, 1.7737230451730763, 0.21128323014981726, 0.1944536517621258, 0.6943811734857156, 1.695214024973309, 0.7528436792291536, 0.011011750247065091, 6.35249356060405, 0.8532701157751238, 0.014676525337314849, 3.9193429413838374, 1.2089180066273226], 'min_error': 0.056905723880603505, 'failure_mode': 'Shear'}]",0.056905723880603505,Shear
1448,-122.28335198607682,37.8011850773185,"[woak,12th]",as_14,oakwest_12th_aerial,p_056,aerial oakland west to 12th street,"[red,yellow,blue,green]",80.5,footings,1,"[{'column_id': 'col_01', 'type': 'spiral', 'fy': 60, 'fpc': 4.0, 'diameter': 72, 'nLongBars': 56, 'dLongBars': 2.25, 'sTranBars': 3, 'dTranBars': 0.625, 'axLoad': 0.1, 'height': 336.70799999999997, 'column_parameters': {'nd_params': {'a0': 4.6765, 'a1': 0.8203125, 'a2': 0.04261057744126781, 'a3': 0.1, 'a4': 0.2222222222222222, 'a5': 1.2747227766883582}, 'strength_stiffness': {'strength': 371854.8912137865, 'stiffness': 211856873.92295542, 'E': 3604.9965325919525, 'I': 1319167.3216129686}}, 'model_parameters': [0.9529069760743867, 0.9981982713844131, 1.1553445493976302, 0.3540028256394931, 0.4803367849221815, 3.6691716165853494, 1.675831626550488, 0.8286503812453907, 0.012095843965585813, 7.497084390894479, 0.27666745818520566, 0.011609154987615427, 5.729214911032497, 0.3140748379513905], 'min_error': 0.05563874838497919, 'failure_mode': 'Flexure'}]",0.05563874838497919,Flexure
1449,-122.28311044580981,37.801080301289645,"[woak,12th]",as_14,oakwest_12th_aerial,p_057,aerial oakland west to 12th street,"[red,yellow,blue,green]",76.0,footings,1,"[{'column_id': 'col_01', 'type': 'spiral', 'fy': 60, 'fpc': 4.0, 'diameter': 72, 'nLongBars': 48, 'dLongBars': 2.25, 'sTranBars': 3, 'dTranBars': 0.625, 'axLoad': 0.1, 'height': 260.61600000000004, 'column_parameters': {'nd_params': {'a0': 3.6196666666666673, 'a1': 0.7031250000000001, 'a2': 0.04261057744126781, 'a3': 0.1, 'a4': 0.2222222222222222, 'a5': 1.3928454398532857}, 'strength_stiffness': {'strength': 296286.3755469375, 'stiffness': 273712681.8953957, 'E': 3604.9965325919525, 'I': 1319167.3216129686}}, 'model_parameters': [0.27706374126103783, 0.9549922720227244, 1.7840258450363817, 0.21538700529292087, 0.19667612662331443, 0.6483013002044082, 1.662251043025454, 0.7498585606839974, 0.011195009603500446, 6.385691097341404, 0.8581469667662494, 0.014310171556817153, 3.9365179158288397, 1.2153648266363886], 'min_error': 0.057034165191301923, 'failure_mode': 'Shear'}]",0.057034165191301923,Shear
1450,-122.28287160324709,37.8009719323388,"[woak,12th]",as_14,oakwest_12th_aerial,p_058,aerial oakland west to 12th street,"[red,yellow,blue,green]",76.0,footings,1,"[{'column_id': 'col_01', 'type': 'spiral', 'fy': 60, 'fpc': 4.0, 'diameter': 72, 'nLongBars': 48, 'dLongBars': 2.25, 'sTranBars': 3, 'dTranBars': 0.625, 'axLoad': 0.1, 'height': 244.52400000000003, 'column_parameters': {'nd_params': {'a0': 3.3961666666666672, 'a1': 0.7031250000000001, 'a2': 0.04261057744126781, 'a3': 0.1, 'a4': 0.2222222222222222, 'a5': 1.4557179036081094}, 'strength_stiffness': {'strength': 283489.7654609783, 'stiffness': 291725574.19660425, 'E': 3604.9965325919525, 'I': 1319167.3216129686}}, 'model_parameters': [0.3048307585677914, 0.9628371813082991, 1.743079631845877, 0.19969985852802574, 0.18790553525542608, 0.8357276882131678, 1.7975537775969912, 0.7615120578079012, 0.0104607664542543, 6.254826518361167, 0.8388867568751569, 0.01577470548845056, 3.8700086381032834, 1.1896234039396592], 'min_error': 0.056508121008458305, 'failure_mode': 'Shear'}]",0.056508121008458305,Shear
1451,-122.28263475747565,37.800861055088234,"[woak,12th]",as_14,oakwest_12th_aerial,p_059,aerial oakland west to 12th street,"[red,yellow,blue,green]",76.0,footings,1,"[{'column_id': 'col_01', 'type': 'spiral', 'fy': 60, 'fpc': 4.0, 'diameter': 72, 'nLongBars': 48, 'dLongBars': 2.25, 'sTranBars': 3, 'dTranBars': 0.625, 'axLoad': 0.1, 'height': 246.43200000000002, 'column_parameters': {'nd_params': {'a0': 3.4226666666666667, 'a1': 0.7031250000000001, 'a2': 0.04261057744126781, 'a3': 0.1, 'a4': 0.2222222222222222, 'a5': 1.4479682030158192}, 'strength_stiffness': {'strength': 285007.0369029377, 'stiffness': 289466888.65427566, 'E': 3604.9965325919525, 'I': 1319167.3216129686}}, 'model_parameters': [0.3015022061695613, 0.9619193384321252, 1.7478921833843226, 0.20145096651069638, 0.18892740594191104, 0.8130794769809707, 1.7810308966959953, 0.7601727128989578, 0.010547878000754135, 6.270057922885221, 0.8411329066678235, 0.015601341201041898, 3.877573346933561, 1.1926307243504215], 'min_error': 0.056572197321931104, 'failure_mode': 'Shear'}]",0.056572197321931104,Shear
1452,-122.28239916551858,37.80074873281537,"[woak,12th]",as_14,oakwest_12th_aerial,p_060,aerial oakland west to 12th street,"[red,yellow,blue,green]",74.0,footings,1,"[{'column_id': 'col_01', 'type': 'spiral', 'fy': 60, 'fpc': 4.0, 'diameter': 72, 'nLongBars': 48, 'dLongBars': 2.25, 'sTranBars': 3, 'dTranBars': 0.625, 'axLoad': 0.1, 'height': 248.34, 'column_parameters': {'nd_params': {'a0': 3.4491666666666667, 'a1': 0.7031250000000001, 'a2': 0.04261057744126781, 'a3': 0.1, 'a4': 0.2222222222222222, 'a5': 1.4403005785270215}, 'strength_stiffness': {'strength': 286524.30834489706, 'stiffness': 287242910.1427497, 'E': 3604.9965325919525, 'I': 1319167.3216129686}}, 'model_parameters': [0.298184314584544, 0.9609980155011656, 1.7527165219393857, 0.2032332221303329, 0.18995429617986284, 0.7905496115605553, 1.7646416290816735, 0.7588215751155449, 0.010634985655149259, 6.285366572055702, 0.8433894888244935, 0.015427898206844632, 3.885227408235065, 1.1956665138311655], 'min_error': 0.056635799528330005, 'failure_mode': 'Shear'}]",0.056635799528330005,Shear
1453,-122.28217494574976,37.80064114955375,"[woak,12th]",as_14,oakwest_12th_aerial,p_061,aerial oakland west to 12th street,"[red,yellow,blue,green]",71.5,footings,1,"[{'column_id': 'col_01', 'type': 'spiral', 'fy': 60, 'fpc': 4.0, 'diameter': 72, 'nLongBars': 48, 'dLongBars': 2.25, 'sTranBars': 3, 'dTranBars': 0.625, 'axLoad': 0.1, 'height': 250.14, 'column_parameters': {'nd_params': {'a0': 3.4741666666666666, 'a1': 0.7031250000000001, 'a2': 0.04261057744126781, 'a3': 0.1, 'a4': 0.2222222222222222, 'a5': 1.43314104249548}, 'strength_stiffness': {'strength': 287955.69649768894, 'stiffness': 285175918.7049271, 'E': 3604.9965325919525, 'I': 1319167.3216129686}}, 'model_parameters': [0.2950636783787499, 0.9601257295315294, 1.7572784222646542, 0.2049423836995718, 0.19092759059415632, 0.7694018261761597, 1.7493006390728485, 0.757536274005306, 0.010717155955947648, 6.299879466378919, 0.8455277549050015, 0.015264201709409123, 3.892528859530959, 1.1985468312895884], 'min_error': 0.056695373738059995, 'failure_mode': 'Shear'}]",0.056695373738059995,Shear
1454,-122.28195526059757,37.800535112489825,"[woak,12th]",as_14,oakwest_12th_aerial,p_062,aerial oakland west to 12th street,"[red,yellow,blue,green]",76.5,footings,1,"[{'column_id': 'col_01', 'type': 'spiral', 'fy': 60, 'fpc': 4.0, 'diameter': 72, 'nLongBars': 56, 'dLongBars': 2.25, 'sTranBars': 3, 'dTranBars': 0.625, 'axLoad': 0.1, 'height': 263.928, 'column_parameters': {'nd_params': {'a0': 3.665666666666666, 'a1': 0.8203125, 'a2': 0.04261057744126781, 'a3': 0.1, 'a4': 0.2222222222222222, 'a5': 1.5857476706325386}, 'strength_stiffness': {'strength': 298920.12974807445, 'stiffness': 270277895.12613463, 'E': 3604.9965325919525, 'I': 1319167.3216129686}}, 'model_parameters': [0.33639479009953416, 0.9543901362391779, 1.8138280495149541, 0.18249757145874404, 0.1482055564884004, 0.5355202559897814, 1.7222067217571686, 0.7809571062638241, 0.010366326573696065, 6.730724347452083, 0.8199283726980613, 0.016725010164510515, 3.8219448145241697, 1.3249917967104534], 'min_error': 0.05573044452308044, 'failure_mode': 'Shear'}]",0.05573044452308044,Shear
1455,-122.2817042536933,37.800413050786034,"[woak,12th]",as_14,oakwest_12th_aerial,p_063,aerial oakland west to 12th street,"[red,yellow,blue,green]",82.0,footings,1,"[{'column_id': 'col_01', 'type': 'spiral', 'fy': 60, 'fpc': 4.0, 'diameter': 72, 'nLongBars': 56, 'dLongBars': 2.25, 'sTranBars': 3, 'dTranBars': 0.625, 'axLoad': 0.1, 'height': 265.968, 'column_parameters': {'nd_params': {'a0': 3.6940000000000004, 'a1': 0.8203125, 'a2': 0.04261057744126781, 'a3': 0.1, 'a4': 0.2222222222222222, 'a5': 1.5771882679902682}, 'strength_stiffness': {'strength': 300542.3696545719, 'stiffness': 268204837.8182731, 'E': 3604.9965325919525, 'I': 1319167.3216129686}}, 'model_parameters': [0.33270637134177217, 0.9534211167467962, 1.8189342588553783, 0.1841102634020909, 0.149281392499061, 0.5109107411650593, 1.7040954163242905, 0.7795644078634093, 0.010460684831443969, 6.747913466003186, 0.8222951450407651, 0.016539914491184516, 3.8297350565912596, 1.327284615318568], 'min_error': 0.05580053398305406, 'failure_mode': 'Shear'}]",0.05580053398305406,Shear
1456,-122.28145369023018,37.80029096812492,"[woak,12th]",as_14,oakwest_12th_aerial,p_064,aerial oakland west to 12th street,"[red,yellow,blue,green]",76.5,footings,1,"[{'column_id': 'col_01', 'type': 'spiral', 'fy': 60, 'fpc': 4.0, 'diameter': 72, 'nLongBars': 56, 'dLongBars': 2.25, 'sTranBars': 3, 'dTranBars': 0.625, 'axLoad': 0.1, 'height': 268.00800000000004, 'column_parameters': {'nd_params': {'a0': 3.7223333333333337, 'a1': 0.8203125, 'a2': 0.04261057744126781, 'a3': 0.1, 'a4': 0.2222222222222222, 'a5': 1.5687207715746225}, 'strength_stiffness': {'strength': 302164.60956106934, 'stiffness': 266163339.54527646, 'E': 3604.9965325919525, 'I': 1319167.3216129686}}, 'model_parameters': [0.32901997290761276, 0.9524483201508998, 1.8240536669245762, 0.18575837080599855, 0.15036284923267812, 0.4864337462519059, 1.6861337268137553, 0.7781585041748666, 0.010554960311007293, 6.765130258365915, 0.824673599169568, 0.016354730683110174, 3.837625352732006, 1.3295922472551944], 'min_error': 0.05587009255295209, 'failure_mode': 'Shear'}]",0.05587009255295209,Shear
1457,-122.28123379523176,37.800184754367514,"[woak,12th]",as_14,oakwest_12th_aerial,p_065,aerial oakland west to 12th street,"[red,yellow,blue,green]",71.5,footings,1,"[{'column_id': 'col_01', 'type': 'spiral', 'fy': 60, 'fpc': 4.0, 'diameter': 72.0, 'nLongBars': 44.0, 'dLongBars': 2.25, 'sTranBars': 3.0, 'dTranBars': 0.625, 'axLoad': 0.1, 'height': 257.79599999999994, 'column_parameters': {'nd_params': {'a0': 3.580499999999999, 'a1': 0.64453125, 'a2': 0.04261057744126781, 'a3': 0.1, 'a4': 0.2222222222222222, 'a5': 1.2991794190606873}, 'strength_stiffness': {'strength': 294043.8674408969, 'stiffness': 276706792.59899485, 'E': 3604.9965325919525, 'I': 1319167.3216129686}}, 'model_parameters': [0.2527484230721673, 0.9559427683653583, 1.7659097897077383, 0.23580989505090186, 0.220169195627208, 0.7157074548752274, 1.6391906249535355, 0.7354055053941664, 0.011556948604839256, 6.19693721222492, 0.8756390266261693, 0.013210378270713868, 3.987074578999446, 1.1572272247113966], 'min_error': 0.05765815687406505, 'failure_mode': 'Shear'}]",0.05765815687406505,Shear
1458,-122.28101001793749,37.800077434184054,"[woak,12th]",as_14,oakwest_12th_aerial,p_066,aerial oakland west to 12th street,"[red,yellow,blue,green]",71.0,footings,1,"[{'column_id': 'col_01', 'type': 'spiral', 'fy': 60, 'fpc': 4.0, 'diameter': 72.0, 'nLongBars': 44.0, 'dLongBars': 2.25, 'sTranBars': 3.0, 'dTranBars': 0.625, 'axLoad': 0.1, 'height': 258.56399999999996, 'column_parameters': {'nd_params': {'a0': 3.591166666666666, 'a1': 0.64453125, 'a2': 0.04261057744126781, 'a3': 0.1, 'a4': 0.2222222222222222, 'a5': 1.2964866317621815}, 'strength_stiffness': {'strength': 294654.5930527547, 'stiffness': 275884903.94970095, 'E': 3604.9965325919525, 'I': 1319167.3216129686}}, 'model_parameters': [0.25150152764866857, 0.9555549868161375, 1.7679081801637053, 0.23669263485311415, 0.22060660364064863, 0.7072062939785589, 1.6332343581336966, 0.7348051047610235, 0.01159174082288565, 6.203440054139025, 0.8765973595139075, 0.013140187337030372, 3.9905839010843542, 1.158649113547862], 'min_error': 0.057681484435300974, 'failure_mode': 'Shear'}]",0.057681484435300974,Shear
1459,-122.28079232639226,37.79997311736201,"[woak,12th]",as_14,oakwest_12th_aerial,p_067,aerial oakland west to 12th street,"[red,yellow,blue,green]",70.0,footings,1,"[{'column_id': 'col_01', 'type': 'spiral', 'fy': 60, 'fpc': 4.0, 'diameter': 72.0, 'nLongBars': 44.0, 'dLongBars': 2.25, 'sTranBars': 3.0, 'dTranBars': 0.625, 'axLoad': 0.1, 'height': 253.43999999999997, 'column_parameters': {'nd_params': {'a0': 3.5199999999999996, 'a1': 0.64453125, 'a2': 0.04261057744126781, 'a3': 0.1, 'a4': 0.2222222222222222, 'a5': 1.31466674128794}, 'strength_stiffness': {'strength': 290579.9081111406, 'stiffness': 281462690.5967901, 'E': 3604.9965325919525, 'I': 1319167.3216129686}}, 'model_parameters': [0.25983975886329347, 0.9581338870130197, 1.7546059258660722, 0.23085683398438356, 0.21770137003003714, 0.7642337882408335, 1.6733224761375454, 0.7387801304251006, 0.01135949812162043, 6.160317976605243, 0.870230704435826, 0.013608287096229547, 3.9674032990102903, 1.1491308638781184], 'min_error': 0.057524608728248765, 'failure_mode': 'Shear'}]",0.057524608728248765,Shear
1460,-122.28057463545868,37.79986880013615,"[woak,12th]",as_14,oakwest_12th_aerial,p_068,aerial oakland west to 12th street,"[red,yellow,blue,green]",70.0,footings,1,"[{'column_id': 'col_01', 'type': 'spiral', 'fy': 60, 'fpc': 4.0, 'diameter': 72.0, 'nLongBars': 44.0, 'dLongBars': 2.25, 'sTranBars': 3.0, 'dTranBars': 0.625, 'axLoad': 0.1, 'height': 241.89600000000002, 'column_parameters': {'nd_params': {'a0': 3.359666666666667, 'a1': 0.64453125, 'a2': 0.04261057744126781, 'a3': 0.1, 'a4': 0.2222222222222222, 'a5': 1.3575544563600035}, 'strength_stiffness': {'strength': 281399.93875790224, 'stiffness': 294894931.3128388, 'E': 3604.9965325919525, 'I': 1319167.3216129686}}, 'model_parameters': [0.2788595722230668, 0.9638664230172636, 1.7249139735896464, 0.21825165518305262, 0.21127407705444098, 0.8954943821548021, 1.7667787562984427, 0.7474583760527608, 0.010836077927158221, 6.065575057555488, 0.8561323117694368, 0.014661031832221444, 3.9172793690100747, 1.1277325212255227], 'min_error': 0.05716003497658247, 'failure_mode': 'Shear'}]",0.05716003497658247,Shear
1461,-122.28035694520251,37.799764485252304,"[woak,12th]",as_14,oakwest_12th_aerial,p_069,aerial oakland west to 12th street,"[red,yellow,blue,green]",70.0,footings,1,"[{'column_id': 'col_01', 'type': 'spiral', 'fy': 60, 'fpc': 4.0, 'diameter': 72.0, 'nLongBars': 44.0, 'dLongBars': 2.25, 'sTranBars': 3.0, 'dTranBars': 0.625, 'axLoad': 0.1, 'height': 223.944, 'column_parameters': {'nd_params': {'a0': 3.110333333333333, 'a1': 0.64453125, 'a2': 0.04261057744126781, 'a3': 0.1, 'a4': 0.2222222222222222, 'a5': 1.4301051774301425}, 'strength_stiffness': {'strength': 267124.2275807248, 'stiffness': 318534563.5732615, 'E': 3604.9965325919525, 'I': 1319167.3216129686}}, 'model_parameters': [0.3094368004075757, 0.9725038508701584, 1.6795812396652565, 0.20061923057171516, 0.20163719187062978, 1.1080611212442195, 1.9216456195536469, 0.760112412184905, 0.01002440752728219, 5.925403180121857, 0.8349523664679684, 0.016292532522991947, 3.8457074652370147, 1.1021653168747492], 'min_error': 0.056559260093554525, 'failure_mode': 'Shear'}]",0.056559260093554525,Shear
1462,-122.28013925549214,37.79966016721879,"[woak,12th]",as_14,oakwest_12th_aerial,p_070,aerial oakland west to 12th street,"[red,yellow,blue,green]",77.5,footings,1,"[{'column_id': 'col_01', 'type': 'spiral', 'fy': 60, 'fpc': 4.0, 'diameter': 72.0, 'nLongBars': 44.0, 'dLongBars': 2.25, 'sTranBars': 3.0, 'dTranBars': 0.625, 'axLoad': 0.1, 'height': 199.58399999999997, 'column_parameters': {'nd_params': {'a0': 2.7719999999999994, 'a1': 0.64453125, 'a2': 0.04261057744126781, 'a3': 0.1, 'a4': 0.2222222222222222, 'a5': 1.5419231591994629}, 'strength_stiffness': {'strength': 247752.77457960843, 'stiffness': 357412940.44036835, 'E': 3604.9965325919525, 'I': 1319167.3216129686}}, 'model_parameters': [0.3533763973650032, 0.9832569166644516, 1.619986998720675, 0.1818566400335868, 0.1893780850717069, 1.4157824119612683, 2.1535580180127365, 0.7753622784622484, 0.008905849470280261, 5.749078234661779, 0.8079116325682324, 0.01849357903257373, 3.7631432972415304, 1.1360616184596104], 'min_error': 0.05566680575435606, 'failure_mode': 'Shear'}]",0.05566680575435606,Shear
1463,-122.31304709249889,37.8084564954774,"[embr,woak]",as_15,embarc_oakwest_aerial,p_001,trans bay line aerial structure,"[red,yellow,blue,green]",70.0,piles,1,"[{'column_id': 'col_01', 'type': 'spiral', 'fy': 60, 'fpc': 4.0, 'diameter': 60, 'nLongBars': 36, 'dLongBars': 2.257, 'sTranBars': 3, 'dTranBars': 0.625, 'axLoad': 0.1, 'height': 106.572, 'column_parameters': {'nd_params': {'a0': 1.7762, 'a1': 0.7641073500000002, 'a2': 0.05113269292952138, 'a3': 0.1, 'a4': 0.2215330084182543, 'a5': 2.2106745480472685}, 'strength_stiffness': {'strength': 116385.15493342186, 'stiffness': 322795814.26064485, 'E': 3604.9965325919525, 'I': 636172.512351933}}, 'model_parameters': [0.5653818363812478, 1.0141896988809773, 1.4743056866612816, 0.16683862151100462, 0.12066278093181304, 2.539791541193487, 3.2185718649532977, 0.8348891030618013, 0.0037410335239212657, 5.277221293345272, 0.7146744958034056, 0.027174696576502535, 3.643356788854225, 1.3430507424789406], 'min_error': 0.05056886517524791, 'failure_mode': 'Shear'}]",0.05056886517524791,Shear
1464,-122.3128031457422,37.808432719166404,"[embr,woak]",as_15,embarc_oakwest_aerial,p_002,trans bay line aerial structure,"[red,yellow,blue,green]",70.0,piles,1,"[{'column_id': 'col_01', 'type': 'spiral', 'fy': 60, 'fpc': 4.0, 'diameter': 60, 'nLongBars': 36, 'dLongBars': 2.257, 'sTranBars': 3, 'dTranBars': 0.625, 'axLoad': 0.1, 'height': 138.49200000000002, 'column_parameters': {'nd_params': {'a0': 2.3082000000000003, 'a1': 0.7641073500000002, 'a2': 0.05113269292952138, 'a3': 0.1, 'a4': 0.2215330084182543, 'a5': 1.7954133681275486}, 'strength_stiffness': {'strength': 143303.87884444866, 'stiffness': 248396986.95509806, 'E': 3604.9965325919525, 'I': 636172.512351933}}, 'model_parameters': [0.5232087276614334, 1.005335460189027, 1.533626743796776, 0.1336900855490032, 0.12529588275409922, 1.710681151005399, 2.46412548973421, 0.8453128420945031, 0.00616824479211091, 5.851279072399819, 0.7267600092739744, 0.023943369370047807, 3.512517746723479, 1.2470687484496445], 'min_error': 0.05335526408726809, 'failure_mode': 'Shear'}]",0.05335526408726809,Shear
1465,-122.3126284303924,37.808407881109545,"[embr,woak]",as_15,embarc_oakwest_aerial,p_003,trans bay line aerial structure,"[red,yellow,blue,green]",70.0,piles,1,"[{'column_id': 'col_01', 'type': 'spiral', 'fy': 60, 'fpc': 4.0, 'diameter': 60, 'nLongBars': 44, 'dLongBars': 2.257, 'sTranBars': 3, 'dTranBars': 0.625, 'axLoad': 0.1, 'height': 167.82, 'column_parameters': {'nd_params': {'a0': 2.7969999999999997, 'a1': 0.9339089833333334, 'a2': 0.05113269292952138, 'a3': 0.1, 'a4': 0.2215330084182543, 'a5': 1.8970085807791022}, 'strength_stiffness': {'strength': 162738.9490968002, 'stiffness': 204987459.88192973, 'E': 3604.9965325919525, 'I': 636172.512351933}}, 'model_parameters': [0.5630579571717332, 0.9907072753860223, 1.6456524168010114, 0.11036450105853268, 0.06801104673152658, 1.1079479355668602, 2.1991295704897906, 0.876863127799975, 0.006498236176454763, 6.550480936626817, 0.700241164020077, 0.02473292809442944, 3.4077207855052687, 1.2825179127981805], 'min_error': 0.052801542255776504, 'failure_mode': 'Shear'}]",0.052801542255776504,Shear
1466,-122.31231528051845,37.80838517009669,"[embr,woak]",as_15,embarc_oakwest_aerial,p_004,trans bay line aerial structure,"[red,yellow,blue,green]",70.0,piles,1,"[{'column_id': 'col_01', 'type': 'spiral', 'fy': 60, 'fpc': 4.0, 'diameter': 60, 'nLongBars': 44, 'dLongBars': 2.257, 'sTranBars': 3, 'dTranBars': 0.625, 'axLoad': 0.1, 'height': 194.54399999999998, 'column_parameters': {'nd_params': {'a0': 3.2423999999999995, 'a1': 0.9339089833333334, 'a2': 0.05113269292952138, 'a3': 0.1, 'a4': 0.2215330084182543, 'a5': 1.7108335704409658}, 'strength_stiffness': {'strength': 180448.40140939713, 'stiffness': 176828869.13698417, 'E': 3604.9965325919525, 'I': 636172.512351933}}, 'model_parameters': [0.5084113948619114, 0.9775576223013758, 1.7185086643978678, 0.12021316715017344, 0.08176617941946819, 0.6466535669079677, 1.830384699396881, 0.8623869562085896, 0.008063657098693526, 6.861757778283105, 0.7308854934486679, 0.02187272828923923, 3.473985767318765, 1.233674224332002], 'min_error': 0.05420153486875643, 'failure_mode': 'Shear'}]",0.05420153486875643,Shear
1467,-122.31206955737493,37.80836121905228,"[embr,woak]",as_15,embarc_oakwest_aerial,p_005,trans bay line aerial structure,"[red,yellow,blue,green]",81.5,piles,1,"[{'column_id': 'col_01', 'type': 'spiral', 'fy': 60, 'fpc': 4.0, 'diameter': 60, 'nLongBars': 48, 'dLongBars': 2.257, 'sTranBars': 3, 'dTranBars': 0.625, 'axLoad': 0.1, 'height': 218.832, 'column_parameters': {'nd_params': {'a0': 3.6471999999999998, 'a1': 1.0188098000000003, 'a2': 0.05113269292952138, 'a3': 0.1, 'a4': 0.2215330084182543, 'a5': 1.7015612938064357}, 'strength_stiffness': {'strength': 196543.56597190103, 'stiffness': 157202765.21434453, 'E': 3604.9965325919525, 'I': 636172.512351933}}, 'model_parameters': [0.5095429966602384, 0.9659443979862747, 1.8017608164497638, 0.11586885461211872, 0.058504004951471296, 0.18922246251107666, 1.576449447402826, 0.871946454307288, 0.008749830044885148, 7.344958550455021, 0.7295486389836517, 0.021230785798534484, 3.4530460346717717, 1.3172332520630503], 'min_error': 0.054388547821317704, 'failure_mode': 'Shear'}]",0.054388547821317704,Shear
1468,-122.31174316453335,37.80832940368942,"[embr,woak]",as_15,embarc_oakwest_aerial,p_006,trans bay line aerial structure,"[red,yellow,blue,green]",81.5,piles,1,"[{'column_id': 'col_01', 'type': 'spiral', 'fy': 60, 'fpc': 4.0, 'diameter': 60, 'nLongBars': 48, 'dLongBars': 2.257, 'sTranBars': 3, 'dTranBars': 0.625, 'axLoad': 0.1, 'height': 247.00800000000004, 'column_parameters': {'nd_params': {'a0': 4.1168000000000005, 'a1': 1.0188098000000003, 'a2': 0.05113269292952138, 'a3': 0.1, 'a4': 0.2215330084182543, 'a5': 1.5431485738170256}, 'strength_stiffness': {'strength': 216719.84802944362, 'stiffness': 139270774.70116532, 'E': 3604.9965325919525, 'I': 636172.512351933}}, 'model_parameters': [0.4508042404441557, 0.9505736353241608, 1.8840152338228078, 0.1403708671149237, 0.07532299726376403, -0.24251940498799665, 1.2493314520658383, 0.8512413850198886, 0.010346064241464113, 7.671711189179616, 0.766672441576323, 0.018178858290965445, 3.5641471880628375, 1.3352897023601713], 'min_error': 0.055645808131326115, 'failure_mode': 'Shear'}]",0.055645808131326115,Shear
1469,-122.31149579682089,37.80830529267961,"[embr,woak]",as_15,embarc_oakwest_aerial,p_007,trans bay line aerial structure,"[red,yellow,blue,green]",70.0,piles,1,"[{'column_id': 'col_01', 'type': 'spiral', 'fy': 60, 'fpc': 4.0, 'diameter': 60, 'nLongBars': 48, 'dLongBars': 2.257, 'sTranBars': 3, 'dTranBars': 0.625, 'axLoad': 0.1, 'height': 265.26, 'column_parameters': {'nd_params': {'a0': 4.420999999999999, 'a1': 1.0188098000000003, 'a2': 0.05113269292952138, 'a3': 0.1, 'a4': 0.2215330084182543, 'a5': 1.436967665390168}, 'strength_stiffness': {'strength': 232733.78549800089, 'stiffness': 129687836.52787998, 'E': 3604.9965325919525, 'I': 636172.512351933}}, 'model_parameters': [1.0269806123872363, 0.988152387683739, 1.2625508261364577, 0.2623383930670747, 0.48149722334768014, 3.988007229541604, 1.6751226509013981, 0.8671509348014992, 0.01283324085813945, 8.785437970380555, 0.204061355729054, 0.00913266800204748, 5.755553822201217, -0.027350142446259], 'min_error': 0.05425460445461505, 'failure_mode': 'Flexure'}]",0.05425460445461505,Flexure
1470,-122.31124842920211,37.80828117840513,"[embr,woak]",as_15,embarc_oakwest_aerial,p_008,trans bay line aerial structure,"[red,yellow,blue,green]",70.0,piles,1,"[{'column_id': 'col_01', 'type': 'spiral', 'fy': 60, 'fpc': 4.0, 'diameter': 60, 'nLongBars': 48, 'dLongBars': 2.257, 'sTranBars': 3, 'dTranBars': 0.625, 'axLoad': 0.1, 'height': 280.84800000000007, 'column_parameters': {'nd_params': {'a0': 4.680800000000001, 'a1': 1.0188098000000003, 'a2': 0.05113269292952138, 'a3': 0.1, 'a4': 0.2215330084182543, 'a5': 1.3572111708874404}, 'strength_stiffness': {'strength': 246410.38298100946, 'stiffness': 122489729.38167776, 'E': 3604.9965325919525, 'I': 636172.512351933}}, 'model_parameters': [1.0831057200874157, 0.9876729296570734, 1.3238362071252894, 0.23919496705232937, 0.4924472615980958, 3.7981055129882155, 1.6979485826754424, 0.8723556294739473, 0.01262289637502363, 9.03481708717306, 0.2100612460786478, 0.008235657163087662, 5.72977692889547, -0.03663082339380201], 'min_error': 0.05623911133483513, 'failure_mode': 'Flexure'}]",0.05623911133483513,Flexure
1471,-122.31100105835009,37.808257066410754,"[embr,woak]",as_15,embarc_oakwest_aerial,p_009,trans bay line aerial structure,"[red,yellow,blue,green]",70.0,piles,1,"[{'column_id': 'col_01', 'type': 'spiral', 'fy': 60, 'fpc': 4.0, 'diameter': 60, 'nLongBars': 48, 'dLongBars': 2.257, 'sTranBars': 3, 'dTranBars': 0.625, 'axLoad': 0.1, 'height': 293.748, 'column_parameters': {'nd_params': {'a0': 4.8957999999999995, 'a1': 1.0188098000000003, 'a2': 0.05113269292952138, 'a3': 0.1, 'a4': 0.2215330084182543, 'a5': 1.2976089808999411}, 'strength_stiffness': {'strength': 257728.5833614822, 'stiffness': 117110569.3226352, 'E': 3604.9965325919525, 'I': 636172.512351933}}, 'model_parameters': [1.132554571654176, 0.987444438436811, 1.3681897126969793, 0.22110045350911914, 0.5012596955137881, 3.660149435071902, 1.6693436827985675, 0.8763058924072284, 0.012460822901747793, 9.223150351597967, 0.21393154249192328, 0.00762277331839023, 5.711887268324526, -0.040189573714208005], 'min_error': 0.057766827807659696, 'failure_mode': 'Flexure'}]",0.057766827807659696,Flexure
1472,-122.31075369105262,37.8082329510985,"[embr,woak]",as_15,embarc_oakwest_aerial,p_010,trans bay line aerial structure,"[red,yellow,blue,green]",70.0,piles,1,"[{'column_id': 'col_01', 'type': 'spiral', 'fy': 60, 'fpc': 4.0, 'diameter': 60, 'nLongBars': 48, 'dLongBars': 2.257, 'sTranBars': 3, 'dTranBars': 0.625, 'axLoad': 0.1, 'height': 303.98400000000004, 'column_parameters': {'nd_params': {'a0': 5.066400000000001, 'a1': 1.0188098000000003, 'a2': 0.05113269292952138, 'a3': 0.1, 'a4': 0.2215330084182543, 'a5': 1.253914820916219}, 'strength_stiffness': {'strength': 266709.4437564062, 'stiffness': 113167125.62959051, 'E': 3604.9965325919525, 'I': 636172.512351933}}, 'model_parameters': [1.1717765503329722, 0.9873577641329632, 1.3998051731916632, 0.2065943750359818, 0.5081123994368049, 3.561453345352557, 1.6390379573778313, 0.8792396678606648, 0.012338966907364406, 9.362582888584017, 0.21638684755920767, 0.007209248004510216, 5.699627696792979, -0.04069573781694654], 'min_error': 0.058914621732002646, 'failure_mode': 'Flexure'}]",0.058914621732002646,Flexure
1473,-122.31050632398279,37.808208838013215,"[embr,woak]",as_15,embarc_oakwest_aerial,p_011,trans bay line aerial structure,"[red,yellow,blue,green]",70.0,piles,1,"[{'column_id': 'col_01', 'type': 'spiral', 'fy': 60, 'fpc': 4.0, 'diameter': 60, 'nLongBars': 48, 'dLongBars': 2.257, 'sTranBars': 3, 'dTranBars': 0.625, 'axLoad': 0.1, 'height': 311.532, 'column_parameters': {'nd_params': {'a0': 5.1922, 'a1': 1.0188098000000003, 'a2': 0.05113269292952138, 'a3': 0.1, 'a4': 0.2215330084182543, 'a5': 1.2235341567524234}, 'strength_stiffness': {'strength': 273331.90704879444, 'stiffness': 110425238.87557441, 'E': 3604.9965325919525, 'I': 636172.512351933}}, 'model_parameters': [1.1995435637377998, 0.9873422055451085, 1.4212897427669398, 0.1956994226163877, 0.5130941211941457, 3.494171843169774, 1.617841876483964, 0.8813004645926834, 0.012252558469045088, 9.460340993039456, 0.21788275193002646, 0.006941510841154939, 5.691576622457813, -0.03988468192938809], 'min_error': 0.05972807861878327, 'failure_mode': 'Flexure'}]",0.05972807861878327,Flexure
1474,-122.31025895354581,37.80818472171636,"[embr,woak]",as_15,embarc_oakwest_aerial,p_012,trans bay line aerial structure,"[red,yellow,blue,green]",70.0,piles,1,"[{'column_id': 'col_01', 'type': 'spiral', 'fy': 60, 'fpc': 4.0, 'diameter': 60, 'nLongBars': 48, 'dLongBars': 2.257, 'sTranBars': 3, 'dTranBars': 0.625, 'axLoad': 0.1, 'height': 316.41600000000005, 'column_parameters': {'nd_params': {'a0': 5.273600000000001, 'a1': 1.0188098000000003, 'a2': 0.05113269292952138, 'a3': 0.1, 'a4': 0.2215330084182543, 'a5': 1.2046484467327692}, 'strength_stiffness': {'strength': 277617.03035563393, 'stiffness': 108720783.7700541, 'E': 3604.9965325919525, 'I': 636172.512351933}}, 'model_parameters': [1.216799388884858, 0.9873524436031296, 1.4344236524794831, 0.18860043943267996, 0.5162875652343581, 3.4529439706465404, 1.6044713998522575, 0.882590853068006, 0.012198094968428901, 9.521487824626538, 0.2187185684975597, 0.006783888401357612, 5.686782451998298, -0.03886256381248547], 'min_error': 0.060240607820892536, 'failure_mode': 'Flexure'}]",0.060240607820892536,Flexure
1475,-122.31001158679732,37.80816060759333,"[embr,woak]",as_15,embarc_oakwest_aerial,p_013,trans bay line aerial structure,"[red,yellow,blue,green]",70.0,piles,1,"[{'column_id': 'col_01', 'type': 'spiral', 'fy': 60, 'fpc': 4.0, 'diameter': 60, 'nLongBars': 48, 'dLongBars': 2.257, 'sTranBars': 3, 'dTranBars': 0.625, 'axLoad': 0.1, 'height': 318.624, 'column_parameters': {'nd_params': {'a0': 5.3104000000000005, 'a1': 1.0188098000000003, 'a2': 0.05113269292952138, 'a3': 0.1, 'a4': 0.2215330084182543, 'a5': 1.196300476176923}, 'strength_stiffness': {'strength': 279554.28511843114, 'stiffness': 107967370.68577835, 'E': 3604.9965325919525, 'I': 636172.512351933}}, 'model_parameters': [1.2244165528121584, 0.9873620682596812, 1.4401724068155008, 0.18539234397795912, 0.5177238910595298, 3.4348729980146833, 1.5983753276162724, 0.8831636258579045, 0.012173828890225937, 9.548615212502138, 0.21906392300481498, 0.006716472234106427, 5.68471725926006, -0.03827811110373448], 'min_error': 0.060468914669276605, 'failure_mode': 'Flexure'}]",0.060468914669276605,Flexure
1476,-122.30976422014255,37.808136490205605,"[embr,woak]",as_15,embarc_oakwest_aerial,p_014,trans bay line aerial structure,"[red,yellow,blue,green]",73.0,piles,1,"[{'column_id': 'col_01', 'type': 'spiral', 'fy': 60, 'fpc': 4.0, 'diameter': 60, 'nLongBars': 48, 'dLongBars': 2.257, 'sTranBars': 3, 'dTranBars': 0.625, 'axLoad': 0.1, 'height': 318.15599999999995, 'column_parameters': {'nd_params': {'a0': 5.302599999999999, 'a1': 1.0188098000000003, 'a2': 0.05113269292952138, 'a3': 0.1, 'a4': 0.2215330084182543, 'a5': 1.1980602060668226}, 'strength_stiffness': {'strength': 279143.671337186, 'stiffness': 108126188.15104996, 'E': 3604.9965325919525, 'I': 636172.512351933}}, 'model_parameters': [1.2228110770390908, 0.9873597738458167, 1.438963541423202, 0.18607185909319962, 0.5174198290790367, 3.4386743507860706, 1.5996736046007225, 0.883042762527513, 0.01217895410388089, 9.542891627881339, 0.21899237820366899, 0.006730565838223235, 5.685149786474632, -0.03840822050917014], 'min_error': 0.060420696757731325, 'failure_mode': 'Flexure'}]",0.060420696757731325,Flexure
1477,-122.3094953337891,37.80811027700604,"[embr,woak]",as_15,embarc_oakwest_aerial,p_015,trans bay line aerial structure,"[red,yellow,blue,green]",83.0,piles,1,"[{'column_id': 'col_01', 'type': 'spiral', 'fy': 60, 'fpc': 4.0, 'diameter': 60, 'nLongBars': 48, 'dLongBars': 2.257, 'sTranBars': 3, 'dTranBars': 0.625, 'axLoad': 0.1, 'height': 315.324, 'column_parameters': {'nd_params': {'a0': 5.2554, 'a1': 1.0188098000000003, 'a2': 0.05113269292952138, 'a3': 0.1, 'a4': 0.2215330084182543, 'a5': 1.208820270329553}, 'strength_stiffness': {'strength': 276658.9315327288, 'stiffness': 109097295.21820554, 'E': 3604.9965325919525, 'I': 636172.512351933}}, 'model_parameters': [1.2129909100666296, 0.9873488195090132, 1.4315375623403868, 0.19018832143106687, 0.5155755270537968, 3.4620103145475865, 1.607465438719084, 0.8823051702467694, 0.012210177121801365, 9.5079542919632, 0.2185403770293298, 0.006818103864700896, 5.687827059874667, -0.03912379288428086], 'min_error': 0.06012692178816915, 'failure_mode': 'Flexure'}]",0.06012692178816915,Flexure
1478,-122.30917964240868,37.808079499005714,"[embr,woak]",as_15,embarc_oakwest_aerial,p_016,trans bay line aerial structure,"[red,yellow,blue,green]",81.5,piles,1,"[{'column_id': 'col_01', 'type': 'spiral', 'fy': 60, 'fpc': 4.0, 'diameter': 60, 'nLongBars': 48, 'dLongBars': 2.257, 'sTranBars': 3, 'dTranBars': 0.625, 'axLoad': 0.1, 'height': 311.79599999999994, 'column_parameters': {'nd_params': {'a0': 5.196599999999999, 'a1': 1.0188098000000003, 'a2': 0.05113269292952138, 'a3': 0.1, 'a4': 0.2215330084182543, 'a5': 1.2224981812511901}, 'strength_stiffness': {'strength': 273563.53533565055, 'stiffness': 110331741.00176221, 'E': 3604.9965325919525, 'I': 636172.512351933}}, 'model_parameters': [1.2004910556862103, 0.9873423612854603, 1.4220147220888482, 0.19531616712593827, 0.5132673280084404, 3.491898126745684, 1.6171176294972605, 0.8813710587849383, 0.012249586140980286, 9.463687414493124, 0.21793051872038846, 0.0069326848161440765, 5.691309343781756, -0.039839171942537416], 'min_error': 0.059756053657993434, 'failure_mode': 'Flexure'}]",0.059756053657993434,Flexure
1479,-122.30892255921076,37.8080544329199,"[embr,woak]",as_15,embarc_oakwest_aerial,p_017,trans bay line aerial structure,"[red,yellow,blue,green]",73.0,piles,1,"[{'column_id': 'col_01', 'type': 'spiral', 'fy': 60, 'fpc': 4.0, 'diameter': 60, 'nLongBars': 48, 'dLongBars': 2.257, 'sTranBars': 3, 'dTranBars': 0.625, 'axLoad': 0.1, 'height': 308.91600000000005, 'column_parameters': {'nd_params': {'a0': 5.148600000000001, 'a1': 1.0188098000000003, 'a2': 0.05113269292952138, 'a3': 0.1, 'a4': 0.2215330084182543, 'a5': 1.2338954373402344}, 'strength_stiffness': {'strength': 271036.68129721953, 'stiffness': 111360355.29848062, 'E': 3604.9965325919525, 'I': 636172.512351933}}, 'model_parameters': [1.190064811913741, 0.9873431783703069, 1.4140107087223746, 0.19949082044211147, 0.5113740789734555, 3.516988188398867, 1.6250636075587583, 0.8805956036723926, 0.012282190942375749, 9.426919791377307, 0.2173930550752555, 0.007030904131345887, 5.694276577597559, -0.04027402117519728], 'min_error': 0.059449158303583674, 'failure_mode': 'Flexure'}]",0.059449158303583674,Flexure
1480,-122.30866547625332,37.80802936901949,"[embr,woak]",as_15,embarc_oakwest_aerial,p_018,trans bay line aerial structure,"[red,yellow,blue,green]",85.0,piles,1,"[{'column_id': 'col_01', 'type': 'spiral', 'fy': 60, 'fpc': 4.0, 'diameter': 60, 'nLongBars': 48, 'dLongBars': 2.257, 'sTranBars': 3, 'dTranBars': 0.625, 'axLoad': 0.1, 'height': 306.048, 'column_parameters': {'nd_params': {'a0': 5.1008, 'a1': 1.0188098000000003, 'a2': 0.05113269292952138, 'a3': 0.1, 'a4': 0.2215330084182543, 'a5': 1.245458369018572}, 'strength_stiffness': {'strength': 268520.3558172818, 'stiffness': 112403921.99062057, 'E': 3604.9965325919525, 'I': 636172.512351933}}, 'model_parameters': [1.1794925511128669, 0.9873495960938935, 1.4058281221550168, 0.20362989366367934, 0.5094804346558462, 3.5426104929450966, 1.633121394239026, 0.8798114932963205, 0.012315059477759497, 9.389722543915088, 0.2168213668663886, 0.0071330249299547425, 5.697346079196424, -0.0405698048207623], 'min_error': 0.05913972606534282, 'failure_mode': 'Flexure'}]",0.05913972606534282,Flexure
1481,-122.3083218982519,37.80799589871771,"[embr,woak]",as_15,embarc_oakwest_aerial,p_019,trans bay line aerial structure,"[red,yellow,blue,green]",90.5,piles,1,"[{'column_id': 'col_01', 'type': 'spiral', 'fy': 60, 'fpc': 4.0, 'diameter': 72, 'nLongBars': 40, 'dLongBars': 2.25, 'sTranBars': 3, 'dTranBars': 0.625, 'axLoad': 0.1, 'height': 302.20799999999997, 'column_parameters': {'nd_params': {'a0': 4.197333333333333, 'a1': 0.5859375, 'a2': 0.04261057744126781, 'a3': 0.1, 'a4': 0.2222222222222222, 'a5': 1.0527236417612462}, 'strength_stiffness': {'strength': 333753.6469698848, 'stiffness': 236042408.88676167, 'E': 3604.9965325919525, 'I': 1319167.3216129686}}, 'model_parameters': [0.9205366639327578, 1.0043884218690626, 1.0896193337408169, 0.38442407246885496, 0.4617329310312798, 3.069023856894157, 1.5692242530362888, 0.7864094728428767, 0.010840662303446756, 5.968055908527413, 0.399296992931544, 0.0120448577421089, 5.6048300037040955, 0.5722927882414882], 'min_error': 0.05479200499967776, 'failure_mode': 'Flexure'}]",0.05479200499967776,Flexure
1482,-122.30802374501907,37.80796645563545,"[embr,woak]",as_15,embarc_oakwest_aerial,p_020,trans bay line aerial structure,"[red,yellow,blue,green]",75.0,piles,1,"[{'column_id': 'col_01', 'type': 'spiral', 'fy': 60, 'fpc': 4.0, 'diameter': 60, 'nLongBars': 48, 'dLongBars': 2.257, 'sTranBars': 3, 'dTranBars': 0.625, 'axLoad': 0.1, 'height': 298.87199999999996, 'column_parameters': {'nd_params': {'a0': 4.981199999999999, 'a1': 1.0188098000000003, 'a2': 0.05113269292952138, 'a3': 0.1, 'a4': 0.2215330084182543, 'a5': 1.2753621715028371}, 'strength_stiffness': {'strength': 262224.2778381909, 'stiffness': 115102771.47871146, 'E': 3604.9965325919525, 'I': 636172.512351933}}, 'model_parameters': [1.1523430146472629, 0.9873912149714384, 1.3843879143248041, 0.21387835784792164, 0.504704594009235, 3.609625077486798, 1.6541014730086296, 0.8777953611150898, 0.012399122174152455, 9.29398173898834, 0.21522463099250497, 0.007408202646309465, 5.705549110526084, -0.040683841915087456], 'min_error': 0.05834809429051792, 'failure_mode': 'Flexure'}]",0.05834809429051792,Flexure
1483,-122.30778978514454,37.807942337359925,"[embr,woak]",as_15,embarc_oakwest_aerial,p_021,trans bay line aerial structure,"[red,yellow,blue,green]",66.0,piles,1,"[{'column_id': 'col_01', 'type': 'spiral', 'fy': 60, 'fpc': 4.0, 'diameter': 60, 'nLongBars': 48, 'dLongBars': 2.257, 'sTranBars': 3, 'dTranBars': 0.625, 'axLoad': 0.1, 'height': 296.25600000000003, 'column_parameters': {'nd_params': {'a0': 4.937600000000001, 'a1': 1.0188098000000003, 'a2': 0.05113269292952138, 'a3': 0.1, 'a4': 0.2215330084182543, 'a5': 1.2866238757068074}, 'strength_stiffness': {'strength': 259929.052086616, 'stiffness': 116119152.07585818, 'E': 3604.9965325919525, 'I': 636172.512351933}}, 'model_parameters': [1.1422649123591493, 0.9874158597842388, 1.3762136983739435, 0.21757419737725953, 0.5029495746320075, 3.6351321752747126, 1.661924629264821, 0.8770402913329366, 0.012430442538527348, 9.258085874651268, 0.214580907107087, 0.007515804830792202, 5.708733278327836, -0.04049340973432502], 'min_error': 0.05805305641385656, 'failure_mode': 'Flexure'}]",0.05805305641385656,Flexure
1484,-122.30755600755525,37.80791674077548,"[embr,woak]",as_15,embarc_oakwest_aerial,p_022,trans bay line aerial structure,"[red,yellow,blue,green]",66.0,piles,1,"[{'column_id': 'col_01', 'type': 'spiral', 'fy': 60, 'fpc': 4.0, 'diameter': 60, 'nLongBars': 48, 'dLongBars': 2.257, 'sTranBars': 3, 'dTranBars': 0.625, 'axLoad': 0.1, 'height': 293.64, 'column_parameters': {'nd_params': {'a0': 4.894, 'a1': 1.0188098000000003, 'a2': 0.05113269292952138, 'a3': 0.1, 'a4': 0.2215330084182543, 'a5': 1.298086237983231}, 'strength_stiffness': {'strength': 257633.82633504103, 'stiffness': 117153642.27416375, 'E': 3604.9965325919525, 'I': 636172.512351933}}, 'model_parameters': [1.1321358327989985, 0.9874457798898514, 1.36783999247058, 0.22125198943622273, 0.5011867619064442, 3.6612393389425884, 1.6696588338824125, 0.8762740325792512, 0.012462139046934204, 9.221634258107295, 0.21390285852567723, 0.007627464840457817, 5.71202535235239, -0.04017377634724054], 'min_error': 0.057754426737831974, 'failure_mode': 'Flexure'}]",0.057754426737831974,Flexure
1485,-122.30732254899758,37.80788930944551,"[embr,woak]",as_15,embarc_oakwest_aerial,p_023,trans bay line aerial structure,"[red,yellow,blue,green]",66.0,piles,1,"[{'column_id': 'col_01', 'type': 'spiral', 'fy': 60, 'fpc': 4.0, 'diameter': 60, 'nLongBars': 48, 'dLongBars': 2.257, 'sTranBars': 3, 'dTranBars': 0.625, 'axLoad': 0.1, 'height': 291.024, 'column_parameters': {'nd_params': {'a0': 4.8504000000000005, 'a1': 1.0188098000000003, 'a2': 0.05113269292952138, 'a3': 0.1, 'a4': 0.2215330084182543, 'a5': 1.3097546694478666}, 'strength_stiffness': {'strength': 255338.6005834661, 'stiffness': 118206730.43249163, 'E': 3604.9965325919525, 'I': 636172.512351933}}, 'model_parameters': [1.1219911317262559, 0.9874811175631569, 1.3592614170032835, 0.22491668179219088, 0.49941594431209185, 3.6879629726054706, 1.6771034941529468, 0.8754962831224599, 0.012494221842794593, 9.184610325036823, 0.21318955961905586, 0.007743292102059913, 5.715428242541915, -0.039721457604335], 'min_error': 0.05745210839456022, 'failure_mode': 'Flexure'}]",0.05745210839456022,Flexure
1486,-122.30708943451643,37.8078600759504,"[embr,woak]",as_15,embarc_oakwest_aerial,p_024,trans bay line aerial structure,"[red,yellow,blue,green]",66.0,piles,1,"[{'column_id': 'col_01', 'type': 'spiral', 'fy': 60, 'fpc': 4.0, 'diameter': 60, 'nLongBars': 48, 'dLongBars': 2.257, 'sTranBars': 3, 'dTranBars': 0.625, 'axLoad': 0.1, 'height': 288.408, 'column_parameters': {'nd_params': {'a0': 4.8068, 'a1': 1.0188098000000003, 'a2': 0.05113269292952138, 'a3': 0.1, 'a4': 0.2215330084182543, 'a5': 1.3216347775422177}, 'strength_stiffness': {'strength': 253043.37483189115, 'stiffness': 119278922.62830935, 'E': 3604.9965325919525, 'I': 636172.512351933}}, 'model_parameters': [1.1118696707705122, 0.9875220202447786, 1.3504723971776602, 0.22857503916468122, 0.49763690175994024, 3.7153201085479073, 1.6840007565154402, 0.8747067302835895, 0.012526701437553188, 9.146996868978679, 0.21244005117419582, 0.007863400012566524, 5.718944964415173, -0.03913284294442349], 'min_error': 0.05714600100153434, 'failure_mode': 'Flexure'}]",0.05714600100153434,Flexure
1487,-122.30685669194881,37.80782904535972,"[embr,woak]",as_15,embarc_oakwest_aerial,p_025,trans bay line aerial structure,"[red,yellow,blue,green]",79.0,footings,1,"[{'column_id': 'col_01', 'type': 'spiral', 'fy': 60, 'fpc': 4.0, 'diameter': 60, 'nLongBars': 48, 'dLongBars': 2.257, 'sTranBars': 3, 'dTranBars': 0.625, 'axLoad': 0.1, 'height': 309.79200000000003, 'column_parameters': {'nd_params': {'a0': 5.1632, 'a1': 1.0188098000000003, 'a2': 0.05113269292952138, 'a3': 0.1, 'a4': 0.2215330084182543, 'a5': 1.2304063465854378}, 'strength_stiffness': {'strength': 271805.2660672423, 'stiffness': 111045461.20424491, 'E': 3604.9965325919525, 'I': 636172.512351933}}, 'model_parameters': [1.193256902642548, 0.9873423402819653, 1.4164675576038261, 0.19822266347376769, 0.5119508138424532, 3.5092896398228683, 1.6226344471018501, 0.8808327217380783, 0.012272231611109321, 9.43816451609862, 0.21756036969715076, 0.00700057559083884, 5.6933619845082655, -0.04015619394109882], 'min_error': 0.05954290705147772, 'failure_mode': 'Flexure'}]",0.05954290705147772,Flexure
1488,-122.3065327286302,37.807782763009065,"[embr,woak]",as_15,embarc_oakwest_aerial,p_026,trans bay line aerial structure,"[red,yellow,blue,green]",90.0,footings,2,"[{'column_id': 'col_01', 'type': 'rectangular', 'fy': 60, 'fpc': 4.0, 'depth': 72.0, 'width': 72.0, 'nLongBars': 34.0, 'dLongBars': 2.25, 'sTranBars': 3.0, 'dTranBars': 0.625, 'axLoad': 0.1, 'height': 318.144, 'column_parameters': {'nd_params': {'a0': 4.418666666666667, 'a1': 0.39116510091083856, 'a2': 0.12783173232380343, 'a3': 0.1, 'a4': 0.2222222222222222, 'a5': 0.31536267920486677}, 'strength_stiffness': {'strength': 278848.45120656095, 'stiffness': 380645862.00500184, 'E': 3604.9965325919525, 'I': 2239488.0}}, 'model_parameters': [1.0300048384777718, 1.0041824773308423, 1.3485476550611675, 0.3260647919435915, 0.5380928010022741, 1.4725679500784459, 1.363247598796166, 0.8187981480221, 0.007559406117114636, 6.429137697794082, 0.6466739450359544, 0.004891333440577023, 5.069474685263537, 0.48960050072213274], 'min_error': 0.05466265601391145, 'failure_mode': 'Flexure'}, {'column_id': 'col_02', 'type': 'rectangular', 'fy': 60, 'fpc': 4.0, 'depth': 72.0, 'width': 72.0, 'nLongBars': 34.0, 'dLongBars': 2.25, 'sTranBars': 3.0, 'dTranBars': 0.625, 'axLoad': 0.1, 'height': 318.144, 'column_parameters': {'nd_params': {'a0': 4.418666666666667, 'a1': 0.39116510091083856, 'a2': 0.12783173232380343, 'a3': 0.1, 'a4': 0.2222222222222222, 'a5': 0.31536267920486677}, 'strength_stiffness': {'strength': 278848.45120656095, 'stiffness': 380645862.00500184, 'E': 3604.9965325919525, 'I': 2239488.0}}, 'model_parameters': [1.0300048384777718, 1.0041824773308423, 1.3485476550611675, 0.3260647919435915, 0.5380928010022741, 1.4725679500784459, 1.363247598796166, 0.8187981480221, 0.007559406117114636, 6.429137697794082, 0.6466739450359544, 0.004891333440577023, 5.069474685263537, 0.48960050072213274], 'min_error': 0.05466265601391145, 'failure_mode': 'Flexure'}]",0.05466265601391145,Flexure
1489,-122.30622657335672,37.80773570437824,"[embr,woak]",as_15,embarc_oakwest_aerial,p_027,trans bay line aerial structure,"[red,yellow,blue,green]",75.0,footings,1,"[{'column_id': 'col_01', 'type': 'spiral', 'fy': 60, 'fpc': 4.0, 'diameter': 60, 'nLongBars': 48, 'dLongBars': 2.257, 'sTranBars': 3, 'dTranBars': 0.625, 'axLoad': 0.1, 'height': 344.688, 'column_parameters': {'nd_params': {'a0': 5.7448, 'a1': 1.0188098000000003, 'a2': 0.05113269292952138, 'a3': 0.1, 'a4': 0.2215330084182543, 'a5': 1.1058407688152645}, 'strength_stiffness': {'strength': 302422.3141662329, 'stiffness': 99803287.37114564, 'E': 3604.9965325919525, 'I': 636172.512351933}}, 'model_parameters': [1.3107386660469023, 0.9876881751186508, 1.4999971119406488, 0.14946595007947963, 0.5343634283028439, 3.245733167176469, 1.5163959931718392, 0.8894741360341839, 0.011902534993839574, 9.847061170610553, 0.22175798571410307, 0.006084120246719439, 5.664685523015963, -0.026174717537255376], 'min_error': 0.06301925306608787, 'failure_mode': 'Flexure'}]",0.06301925306608787,Flexure
1490,-122.30600811677166,37.807700138051466,"[embr,woak]",as_15,embarc_oakwest_aerial,p_028,trans bay line aerial structure,"[red,yellow,blue,green]",62.0,footings,1,"[{'column_id': 'col_01', 'type': 'spiral', 'fy': 60, 'fpc': 4.0, 'diameter': 60, 'nLongBars': 48, 'dLongBars': 2.257, 'sTranBars': 3, 'dTranBars': 0.625, 'axLoad': 0.1, 'height': 348.216, 'column_parameters': {'nd_params': {'a0': 5.8036, 'a1': 1.0188098000000003, 'a2': 0.05113269292952138, 'a3': 0.1, 'a4': 0.2215330084182543, 'a5': 1.094636785562398}, 'strength_stiffness': {'strength': 305517.710363311, 'stiffness': 98792116.15027869, 'E': 3604.9965325919525, 'I': 636172.512351933}}, 'model_parameters': [1.3220468513284074, 0.9877596736928834, 1.5070604254774875, 0.14510339463565952, 0.5365749930962658, 3.223254698848774, 1.504636645899202, 0.890270297924442, 0.011867763480941042, 9.884674322539945, 0.2219446522363313, 0.006019568511132629, 5.662533617261043, -0.023866407631500032], 'min_error': 0.06334583945270311, 'failure_mode': 'Flexure'}]",0.06334583945270311,Flexure
1491,-122.30579008561159,37.80766297988283,"[embr,woak]",as_15,embarc_oakwest_aerial,p_029,trans bay line aerial structure,"[red,yellow,blue,green]",62.0,footings,1,"[{'column_id': 'col_01', 'type': 'spiral', 'fy': 60, 'fpc': 4.0, 'diameter': 60, 'nLongBars': 48, 'dLongBars': 2.257, 'sTranBars': 3, 'dTranBars': 0.625, 'axLoad': 0.1, 'height': 345.74399999999997, 'column_parameters': {'nd_params': {'a0': 5.7624, 'a1': 1.0188098000000003, 'a2': 0.05113269292952138, 'a3': 0.1, 'a4': 0.2215330084182543, 'a5': 1.102463218223298}, 'strength_stiffness': {'strength': 303348.8273136576, 'stiffness': 99498459.89340508, 'E': 3604.9965325919525, 'I': 636172.512351933}}, 'model_parameters': [1.314161074980552, 0.9877089456614302, 1.5021351388307866, 0.14814401302136318, 0.5350263358514876, 3.2389325575321313, 1.5128516710339464, 0.8897137800051297, 0.011892082247225771, 9.858383381106755, 0.22181796027490677, 0.0060643137542875265, 5.664028521117741, -0.025499233572806673], 'min_error': 0.06311743597959098, 'failure_mode': 'Flexure'}]",0.06311743597959098,Flexure
1492,-122.30557249380001,37.807624232408585,"[embr,woak]",as_15,embarc_oakwest_aerial,p_030,trans bay line aerial structure,"[red,yellow,blue,green]",62.0,footings,1,"[{'column_id': 'col_01', 'type': 'spiral', 'fy': 60, 'fpc': 4.0, 'diameter': 60, 'nLongBars': 48, 'dLongBars': 2.257, 'sTranBars': 3, 'dTranBars': 0.625, 'axLoad': 0.1, 'height': 343.27200000000005, 'column_parameters': {'nd_params': {'a0': 5.7212000000000005, 'a1': 1.0188098000000003, 'a2': 0.05113269292952138, 'a3': 0.1, 'a4': 0.2215330084182543, 'a5': 1.11040237165104}, 'strength_stiffness': {'strength': 301179.9442640043, 'stiffness': 100214976.80377497, 'E': 3604.9965325919525, 'I': 636172.512351933}}, 'model_parameters': [1.306114539689398, 0.9876611811776477, 1.4970977875506641, 0.1512595949744562, 0.533473248400961, 3.2549504549230597, 1.5211685431144775, 0.8891509766241741, 0.011916612314455826, 9.831792209843767, 0.22167198621168163, 0.00611133850286848, 5.6655840416055065, -0.027059480033552356], 'min_error': 0.06288701494274021, 'failure_mode': 'Flexure'}]",0.06288701494274021,Flexure
1493,-122.30535535872119,37.80758389811204,"[embr,woak]",as_15,embarc_oakwest_aerial,p_031,trans bay line aerial structure,"[red,yellow,blue,green]",78.0,footings,1,"[{'column_id': 'col_01', 'type': 'spiral', 'fy': 60, 'fpc': 4.0, 'diameter': 60, 'nLongBars': 48, 'dLongBars': 2.257, 'sTranBars': 3, 'dTranBars': 0.625, 'axLoad': 0.1, 'height': 340.79999999999995, 'column_parameters': {'nd_params': {'a0': 5.68, 'a1': 1.0188098000000003, 'a2': 0.05113269292952138, 'a3': 0.1, 'a4': 0.2215330084182543, 'a5': 1.1184566987130165}, 'strength_stiffness': {'strength': 299011.0612143508, 'stiffness': 100941888.255239, 'E': 3604.9965325919525, 'I': 636172.512351933}}, 'model_parameters': [1.2979813300579703, 0.9876164447150032, 1.4919459330510674, 0.15444678429061204, 0.5319156393979374, 3.271315104715987, 1.5295199967476585, 0.888581751006114, 0.011941358280659172, 9.804893978868654, 0.2215063104589749, 0.006160692360201132, 5.66720149778266, -0.028545567643261865], 'min_error': 0.06265453242643586, 'failure_mode': 'Flexure'}]",0.06265453242643586,Flexure
1494,-122.30503231427166,37.807520784199994,"[embr,woak]",as_15,embarc_oakwest_aerial,p_032,trans bay line aerial structure,"[red,yellow,blue,green]",81.0,footings,1,"[{'column_id': 'col_01', 'type': 'spiral', 'fy': 60, 'fpc': 4.0, 'diameter': 60, 'nLongBars': 48, 'dLongBars': 2.257, 'sTranBars': 3, 'dTranBars': 0.625, 'axLoad': 0.1, 'height': 273.516, 'column_parameters': {'nd_params': {'a0': 4.5586, 'a1': 1.0188098000000003, 'a2': 0.05113269292952138, 'a3': 0.1, 'a4': 0.2215330084182543, 'a5': 1.393593219122084}, 'strength_stiffness': {'strength': 239977.43374150348, 'stiffness': 125773247.33246115, 'E': 3604.9965325919525, 'I': 636172.512351933}}, 'model_parameters': [1.0563285285112303, 0.9878686773114935, 1.296135673296747, 0.24976384243547345, 0.48734098410620363, 3.884027339142403, 1.697302335818476, 0.869970681881788, 0.012719711717513241, 8.92073192042883, 0.20743282925703035, 0.008634677534509652, 5.741292453044208, -0.03299465871218326], 'min_error': 0.05532594485192678, 'failure_mode': 'Flexure'}]",0.05532594485192678,Flexure
1495,-122.30479744438195,37.80747251550018,"[embr,woak]",as_15,embarc_oakwest_aerial,p_033,trans bay line aerial structure,"[red,yellow,blue,green]",68.0,footings,1,"[{'column_id': 'col_01', 'type': 'spiral', 'fy': 60, 'fpc': 4.0, 'diameter': 60, 'nLongBars': 48, 'dLongBars': 2.257, 'sTranBars': 3, 'dTranBars': 0.625, 'axLoad': 0.1, 'height': 274.428, 'column_parameters': {'nd_params': {'a0': 4.5738, 'a1': 1.0188098000000003, 'a2': 0.05113269292952138, 'a3': 0.1, 'a4': 0.2215330084182543, 'a5': 1.3889619241527684}, 'strength_stiffness': {'strength': 240777.60418700665, 'stiffness': 125355268.11180143, 'E': 3604.9965325919525, 'I': 636172.512351933}}, 'model_parameters': [1.0595989483868677, 0.9878415456151411, 1.299686490909384, 0.2484251913045478, 0.48798026282026685, 3.873022090462481, 1.6983360168263077, 0.8702732399404871, 0.0127074707641646, 8.93522201145625, 0.20777787808388318, 0.008582903954227948, 5.739803148067253, -0.03351511490555868], 'min_error': 0.05544142529441087, 'failure_mode': 'Flexure'}]",0.05544142529441087,Flexure
1496,-122.30456319869722,37.80742256670795,"[embr,woak]",as_15,embarc_oakwest_aerial,p_034,trans bay line aerial structure,"[red,yellow,blue,green]",68.0,footings,1,"[{'column_id': 'col_01', 'type': 'spiral', 'fy': 60, 'fpc': 4.0, 'diameter': 60, 'nLongBars': 48, 'dLongBars': 2.257, 'sTranBars': 3, 'dTranBars': 0.625, 'axLoad': 0.1, 'height': 274.14000000000004, 'column_parameters': {'nd_params': {'a0': 4.569000000000001, 'a1': 1.0188098000000003, 'a2': 0.05113269292952138, 'a3': 0.1, 'a4': 0.2215330084182543, 'a5': 1.3904211093652727}, 'strength_stiffness': {'strength': 240524.9187831636, 'stiffness': 125486961.10522157, 'E': 3604.9965325919525, 'I': 636172.512351933}}, 'model_parameters': [1.058564645139256, 0.9878500259965078, 1.2985684896927883, 0.24884703743778547, 0.48777851523165233, 3.876487436038565, 1.6980404798922542, 0.8701778809193962, 0.012711330088017144, 8.930655631102946, 0.2076694847554223, 0.008599186185142223, 5.740271664694889, -0.03335290381187441], 'min_error': 0.05540501737660278, 'failure_mode': 'Flexure'}]",0.05540501737660278,Flexure
1497,-122.30432939770685,37.80737152839707,"[embr,woak]",as_15,embarc_oakwest_aerial,p_035,trans bay line aerial structure,"[red,yellow,blue,green]",68.0,footings,1,"[{'column_id': 'col_01', 'type': 'spiral', 'fy': 60, 'fpc': 4.0, 'diameter': 60, 'nLongBars': 48, 'dLongBars': 2.257, 'sTranBars': 3, 'dTranBars': 0.625, 'axLoad': 0.1, 'height': 275.052, 'column_parameters': {'nd_params': {'a0': 4.5842, 'a1': 1.0188098000000003, 'a2': 0.05113269292952138, 'a3': 0.1, 'a4': 0.2215330084182543, 'a5': 1.3858108391191335}, 'strength_stiffness': {'strength': 241325.08922866677, 'stiffness': 125070879.38784464, 'E': 3604.9965325919525, 'I': 636172.512351933}}, 'model_parameters': [1.0618451449135289, 0.987823447062765, 1.3020984049787925, 0.24751388792659335, 0.48841697361649644, 3.865545316143492, 1.6988792326941602, 0.8704792666102589, 0.012699128546612178, 8.945086131348539, 0.2080109370791089, 0.008547837779138081, 5.738793666038805, -0.0338598224505577], 'min_error': 0.05552012146744048, 'failure_mode': 'Flexure'}]",0.05552012146744048,Flexure
1498,-122.30409586095911,37.80731995269837,"[embr,woak]",as_15,embarc_oakwest_aerial,p_036,trans bay line aerial structure,"[red,yellow,blue,green]",68.0,footings,1,"[{'column_id': 'col_01', 'type': 'spiral', 'fy': 60, 'fpc': 4.0, 'diameter': 60, 'nLongBars': 48, 'dLongBars': 2.257, 'sTranBars': 3, 'dTranBars': 0.625, 'axLoad': 0.1, 'height': 275.172, 'column_parameters': {'nd_params': {'a0': 4.5862, 'a1': 1.0188098000000003, 'a2': 0.05113269292952138, 'a3': 0.1, 'a4': 0.2215330084182543, 'a5': 1.385206499648932}, 'strength_stiffness': {'strength': 241430.3748136014, 'stiffness': 125016337.11782245, 'E': 3604.9965325919525, 'I': 636172.512351933}}, 'model_parameters': [1.0622779543029512, 0.9878200096477067, 1.3025606057247947, 0.2473390489050942, 0.48850089254852713, 3.864112393864737, 1.698968551264881, 0.8705187957630472, 0.012697527345311608, 8.946978436514083, 0.20805547584728643, 0.008541127417036075, 5.738600415961802, -0.03392505740446875], 'min_error': 0.055535226018440714, 'failure_mode': 'Flexure'}]",0.055535226018440714,Flexure
1499,-122.30386236599892,37.807268373155814,"[embr,woak]",as_15,embarc_oakwest_aerial,p_037,trans bay line aerial structure,"[red,yellow,blue,green]",71.0,footings,1,"[{'column_id': 'col_01', 'type': 'spiral', 'fy': 60, 'fpc': 4.0, 'diameter': 60, 'nLongBars': 48, 'dLongBars': 2.257, 'sTranBars': 3, 'dTranBars': 0.625, 'axLoad': 0.1, 'height': 277.27200000000005, 'column_parameters': {'nd_params': {'a0': 4.621200000000001, 'a1': 1.0188098000000003, 'a2': 0.05113269292952138, 'a3': 0.1, 'a4': 0.2215330084182543, 'a5': 1.3747152360187682}, 'strength_stiffness': {'strength': 243272.87254995745, 'stiffness': 124069489.58923166, 'E': 3604.9965325919525, 'I': 636172.512351933}}, 'model_parameters': [1.0699001120673879, 0.9877620811275788, 1.310564934633344, 0.2442992236607083, 0.48996617174253226, 3.839290426809007, 1.6997576929271812, 0.8712058342239966, 0.01266966505420231, 8.979854153801673, 0.20882041936983683, 0.008425408470175135, 5.735264075832161, -0.03501214657984011], 'min_error': 0.055798039906166275, 'failure_mode': 'Flexure'}]",0.055798039906166275,Flexure
1500,-122.30360893346318,37.807212389974175,"[embr,woak]",as_15,embarc_oakwest_aerial,p_038,trans bay line aerial structure,"[red,yellow,blue,green]",65.0,footings,1,"[{'column_id': 'col_01', 'type': 'spiral', 'fy': 60, 'fpc': 4.0, 'diameter': 60, 'nLongBars': 48, 'dLongBars': 2.257, 'sTranBars': 3, 'dTranBars': 0.625, 'axLoad': 0.1, 'height': 278.94, 'column_parameters': {'nd_params': {'a0': 4.649, 'a1': 1.0188098000000003, 'a2': 0.05113269292952138, 'a3': 0.1, 'a4': 0.2215330084182543, 'a5': 1.3664947405226784}, 'strength_stiffness': {'strength': 244736.3421805488, 'stiffness': 123327581.26258494, 'E': 3604.9965325919525, 'I': 636172.512351933}}, 'model_parameters': [1.0760234804591782, 0.9877190287742866, 1.3168107487118403, 0.24190851370817965, 0.4911256342773538, 3.819912487738556, 1.6993824069112742, 0.8717452622592831, 0.01264774544400617, 9.005648747477125, 0.20940874758244724, 0.008335770925908067, 5.732674602004143, -0.035803126582466], 'min_error': 0.05600477425931077, 'failure_mode': 'Flexure'}]",0.05600477425931077,Flexure
1501,-122.30341522101743,37.80716959810306,"[embr,woak]",as_15,embarc_oakwest_aerial,p_039,trans bay line aerial structure,"[red,yellow,blue,green]",56.0,footings,1,"[{'column_id': 'col_01', 'type': 'spiral', 'fy': 60, 'fpc': 4.0, 'diameter': 60, 'nLongBars': 48, 'dLongBars': 2.257, 'sTranBars': 3, 'dTranBars': 0.625, 'axLoad': 0.1, 'height': 281.304, 'column_parameters': {'nd_params': {'a0': 4.6884, 'a1': 1.0188098000000003, 'a2': 0.05113269292952138, 'a3': 0.1, 'a4': 0.2215330084182543, 'a5': 1.3550111015890138}, 'strength_stiffness': {'strength': 246810.46820376097, 'stiffness': 122291170.82368344, 'E': 3604.9965325919525, 'I': 636172.512351933}}, 'model_parameters': [1.0848104384024064, 0.9876624024598574, 1.3254967105888271, 0.23854927628905181, 0.4927623961320657, 3.7929496982623188, 1.6974583546939468, 0.8725004637028574, 0.012616992555704634, 9.041735620464564, 0.21021399961142737, 0.008212107662785472, 5.729094430082238, -0.036816632150865204], 'min_error': 0.056294782662006916, 'failure_mode': 'Flexure'}]",0.056294782662006916,Flexure
1502,-122.30322150872829,37.80712680316765,"[embr,woak]",as_15,embarc_oakwest_aerial,p_040,trans bay line aerial structure,"[red,yellow,blue,green]",55.5,footings,1,"[{'column_id': 'col_01', 'type': 'spiral', 'fy': 60, 'fpc': 4.0, 'diameter': 60, 'nLongBars': 48, 'dLongBars': 2.257, 'sTranBars': 3, 'dTranBars': 0.625, 'axLoad': 0.1, 'height': 283.70400000000006, 'column_parameters': {'nd_params': {'a0': 4.728400000000001, 'a1': 1.0188098000000003, 'a2': 0.05113269292952138, 'a3': 0.1, 'a4': 0.2215330084182543, 'a5': 1.3435483564609447}, 'strength_stiffness': {'strength': 248916.17990245367, 'stiffness': 121256646.07261595, 'E': 3604.9965325919525, 'I': 636172.512351933}}, 'model_parameters': [1.093854913845522, 0.9876100607733455, 1.334120314131092, 0.23516517684780436, 0.4944164616002114, 3.7661632844184005, 1.6940342982835053, 0.873256249182045, 0.012586138333323907, 9.077821179313633, 0.21099802555220037, 0.00809052020993523, 5.7255650164484635, -0.03771951697334875], 'min_error': 0.05658570306130761, 'failure_mode': 'Flexure'}]",0.05658570306130761,Flexure
1503,-122.30303050830604,37.80708461196583,"[embr,woak]",as_15,embarc_oakwest_aerial,p_041,trans bay line aerial structure,"[red,yellow,blue,green]",55.0,footings,1,"[{'column_id': 'col_01', 'type': 'spiral', 'fy': 60, 'fpc': 4.0, 'diameter': 60, 'nLongBars': 48, 'dLongBars': 2.257, 'sTranBars': 3, 'dTranBars': 0.625, 'axLoad': 0.1, 'height': 280.10400000000004, 'column_parameters': {'nd_params': {'a0': 4.6684, 'a1': 1.0188098000000003, 'a2': 0.05113269292952138, 'a3': 0.1, 'a4': 0.2215330084182543, 'a5': 1.3608161358688053}, 'strength_stiffness': {'strength': 245757.61235441474, 'stiffness': 122815081.24619941, 'E': 3604.9965325919525, 'I': 636172.512351933}}, 'model_parameters': [1.0803342708413368, 0.9876905099143172, 1.3211116759257209, 0.24025068539202268, 0.49193249594066435, 3.8065637451476686, 1.6986290603825278, 0.8721184634836499, 0.0126325577496322, 9.023485657548404, 0.20980938602017857, 0.008274391019610524, 5.730898749432934, -0.036317759887952085], 'min_error': 0.05614800389394019, 'failure_mode': 'Flexure'}]",0.05614800389394019,Flexure
1504,-122.3028395080342,37.80704241770855,"[embr,woak]",as_15,embarc_oakwest_aerial,p_042,trans bay line aerial structure,"[red,yellow,blue,green]",55.0,footings,1,"[{'column_id': 'col_01', 'type': 'spiral', 'fy': 60, 'fpc': 4.0, 'diameter': 60, 'nLongBars': 48, 'dLongBars': 2.257, 'sTranBars': 3, 'dTranBars': 0.625, 'axLoad': 0.1, 'height': 282.504, 'column_parameters': {'nd_params': {'a0': 4.7084, 'a1': 1.0188098000000003, 'a2': 0.05113269292952138, 'a3': 0.1, 'a4': 0.2215330084182543, 'a5': 1.3492553837163224}, 'strength_stiffness': {'strength': 247863.32405310732, 'stiffness': 121771711.25855012, 'E': 3604.9965325919525, 'I': 636172.512351933}}, 'model_parameters': [1.0893179558295307, 0.9876355915648063, 1.3298327159417875, 0.2368544939056832, 0.493590376365254, 3.7794835154574646, 1.6959164025593199, 0.8728797139706782, 0.012601519807960537, 9.059846816512128, 0.21061017710605723, 0.00815082161125632, 5.727316631263994, -0.03728375019993461], 'min_error': 0.05644067865022023, 'failure_mode': 'Flexure'}]",0.05644067865022023,Flexure
1505,-122.30264850797946,37.80700022314166,"[embr,woak]",as_15,embarc_oakwest_aerial,p_043,trans bay line aerial structure,"[red,yellow,blue,green]",55.0,footings,1,"[{'column_id': 'col_01', 'type': 'spiral', 'fy': 60, 'fpc': 4.0, 'diameter': 60, 'nLongBars': 48, 'dLongBars': 2.257, 'sTranBars': 3, 'dTranBars': 0.625, 'axLoad': 0.1, 'height': 284.904, 'column_parameters': {'nd_params': {'a0': 4.7484, 'a1': 1.0188098000000003, 'a2': 0.05113269292952138, 'a3': 0.1, 'a4': 0.2215330084182543, 'a5': 1.3378894045762642}, 'strength_stiffness': {'strength': 249969.0357517999, 'stiffness': 120745919.73922952, 'E': 3604.9965325919525, 'I': 636172.512351933}}, 'model_parameters': [1.0984188005479776, 0.9875857939070424, 1.3383601168214283, 0.23348020257275898, 0.49524067633326563, 3.752987125883411, 1.6918444961124948, 0.8736301036439884, 0.01257084697848248, 9.095660608791293, 0.21137765019445778, 0.00803119101694451, 5.723839254775423, -0.038124328620681255], 'min_error': 0.05672986690924957, 'failure_mode': 'Flexure'}]",0.05672986690924957,Flexure
1506,-122.30245750814173,37.80695802826515,"[embr,woak]",as_15,embarc_oakwest_aerial,p_044,trans bay line aerial structure,"[red,yellow,blue,green]",64.5,footings,1,"[{'column_id': 'col_01', 'type': 'spiral', 'fy': 60, 'fpc': 4.0, 'diameter': 60, 'nLongBars': 48, 'dLongBars': 2.257, 'sTranBars': 3, 'dTranBars': 0.625, 'axLoad': 0.1, 'height': 284.904, 'column_parameters': {'nd_params': {'a0': 4.7484, 'a1': 1.0188098000000003, 'a2': 0.05113269292952138, 'a3': 0.1, 'a4': 0.2215330084182543, 'a5': 1.3378894045762642}, 'strength_stiffness': {'strength': 249969.0357517999, 'stiffness': 120745919.73922952, 'E': 3604.9965325919525, 'I': 636172.512351933}}, 'model_parameters': [1.0984188005479776, 0.9875857939070424, 1.3383601168214283, 0.23348020257275898, 0.49524067633326563, 3.752987125883411, 1.6918444961124948, 0.8736301036439884, 0.01257084697848248, 9.095660608791293, 0.21137765019445778, 0.00803119101694451, 5.723839254775423, -0.038124328620681255], 'min_error': 0.05672986690924957, 'failure_mode': 'Flexure'}]",0.05672986690924957,Flexure
1507,-122.30220408118522,37.806902042008936,"[embr,woak]",as_15,embarc_oakwest_aerial,p_045,trans bay line aerial structure,"[red,yellow,blue,green]",64.5,footings,1,"[{'column_id': 'col_01', 'type': 'spiral', 'fy': 60, 'fpc': 4.0, 'diameter': 60, 'nLongBars': 48, 'dLongBars': 2.257, 'sTranBars': 3, 'dTranBars': 0.625, 'axLoad': 0.1, 'height': 264.504, 'column_parameters': {'nd_params': {'a0': 4.4084, 'a1': 1.0188098000000003, 'a2': 0.05113269292952138, 'a3': 0.1, 'a4': 0.2215330084182543, 'a5': 1.4410747773999482}, 'strength_stiffness': {'strength': 232070.48631291275, 'stiffness': 130058507.68754137, 'E': 3604.9965325919525, 'I': 636172.512351933}}, 'model_parameters': [1.0242654080132203, 0.9881819248520349, 1.259340933238104, 0.2635391646692141, 0.48095681840242327, 3.997935413586299, 1.672029397237612, 0.8668851853592554, 0.012843890367166275, 8.772663073987633, 0.20372948205691574, 0.009181005475661039, 5.756932504748914, -0.02674614194983323], 'min_error': 0.05415407969178426, 'failure_mode': 'Flexure'}]",0.05415407969178426,Flexure
1508,-122.3020130818526,37.80685984641201,"[embr,woak]",as_15,embarc_oakwest_aerial,p_046,trans bay line aerial structure,"[red,yellow,blue,green]",55.0,footings,1,"[{'column_id': 'col_01', 'type': 'spiral', 'fy': 60, 'fpc': 4.0, 'diameter': 60, 'nLongBars': 48, 'dLongBars': 2.257, 'sTranBars': 3, 'dTranBars': 0.625, 'axLoad': 0.1, 'height': 264.504, 'column_parameters': {'nd_params': {'a0': 4.4084, 'a1': 1.0188098000000003, 'a2': 0.05113269292952138, 'a3': 0.1, 'a4': 0.2215330084182543, 'a5': 1.4410747773999482}, 'strength_stiffness': {'strength': 232070.48631291275, 'stiffness': 130058507.68754137, 'E': 3604.9965325919525, 'I': 636172.512351933}}, 'model_parameters': [1.0242654080132203, 0.9881819248520349, 1.259340933238104, 0.2635391646692141, 0.48095681840242327, 3.997935413586299, 1.672029397237612, 0.8668851853592554, 0.012843890367166275, 8.772663073987633, 0.20372948205691574, 0.009181005475661039, 5.756932504748914, -0.02674614194983323], 'min_error': 0.05415407969178426, 'failure_mode': 'Flexure'}]",0.05415407969178426,Flexure
1509,-122.30182208280377,37.806817653251265,"[embr,woak]",as_15,embarc_oakwest_aerial,p_047,trans bay line aerial structure,"[red,yellow,blue,green]",55.0,footings,1,"[{'column_id': 'col_01', 'type': 'spiral', 'fy': 60, 'fpc': 4.0, 'diameter': 60, 'nLongBars': 48, 'dLongBars': 2.257, 'sTranBars': 3, 'dTranBars': 0.625, 'axLoad': 0.1, 'height': 264.504, 'column_parameters': {'nd_params': {'a0': 4.4084, 'a1': 1.0188098000000003, 'a2': 0.05113269292952138, 'a3': 0.1, 'a4': 0.2215330084182543, 'a5': 1.4410747773999482}, 'strength_stiffness': {'strength': 232070.48631291275, 'stiffness': 130058507.68754137, 'E': 3604.9965325919525, 'I': 636172.512351933}}, 'model_parameters': [1.0242654080132203, 0.9881819248520349, 1.259340933238104, 0.2635391646692141, 0.48095681840242327, 3.997935413586299, 1.672029397237612, 0.8668851853592554, 0.012843890367166275, 8.772663073987633, 0.20372948205691574, 0.009181005475661039, 5.756932504748914, -0.02674614194983323], 'min_error': 0.05415407969178426, 'failure_mode': 'Flexure'}]",0.05415407969178426,Flexure
1510,-122.30163108390528,37.806775457035094,"[embr,woak]",as_15,embarc_oakwest_aerial,p_048,trans bay line aerial structure,"[red,yellow,blue,green]",55.0,footings,1,"[{'column_id': 'col_01', 'type': 'spiral', 'fy': 60, 'fpc': 4.0, 'diameter': 60, 'nLongBars': 48, 'dLongBars': 2.257, 'sTranBars': 3, 'dTranBars': 0.625, 'axLoad': 0.1, 'height': 258.504, 'column_parameters': {'nd_params': {'a0': 4.308400000000001, 'a1': 1.0188098000000003, 'a2': 0.05113269292952138, 'a3': 0.1, 'a4': 0.2215330084182543, 'a5': 1.4745228039852223}, 'strength_stiffness': {'strength': 226806.2070661812, 'stiffness': 133077227.11209668, 'E': 3604.9965325919525, 'I': 636172.512351933}}, 'model_parameters': [0.4289561495484879, 0.944467492244763, 1.917002258989789, 0.15190514175968284, 0.0819411027555873, -0.4244295424258065, 1.1093659384138228, 0.8433671981703588, 0.011005758269438556, 7.816178154482673, 0.7813117648972141, 0.016937479801508334, 3.6051309819629003, 1.337497733256181], 'min_error': 0.056181840152951856, 'failure_mode': 'Shear'}]",0.056181840152951856,Shear
1511,-122.30144008522393,37.80673326050929,"[embr,woak]",as_15,embarc_oakwest_aerial,p_049,trans bay line aerial structure,"[red,yellow,blue,green]",64.5,footings,1,"[{'column_id': 'col_01', 'type': 'spiral', 'fy': 60, 'fpc': 4.0, 'diameter': 60, 'nLongBars': 48, 'dLongBars': 2.257, 'sTranBars': 3, 'dTranBars': 0.625, 'axLoad': 0.1, 'height': 264.504, 'column_parameters': {'nd_params': {'a0': 4.4084, 'a1': 1.0188098000000003, 'a2': 0.05113269292952138, 'a3': 0.1, 'a4': 0.2215330084182543, 'a5': 1.4410747773999482}, 'strength_stiffness': {'strength': 232070.48631291275, 'stiffness': 130058507.68754137, 'E': 3604.9965325919525, 'I': 636172.512351933}}, 'model_parameters': [1.0242654080132203, 0.9881819248520349, 1.259340933238104, 0.2635391646692141, 0.48095681840242327, 3.997935413586299, 1.672029397237612, 0.8668851853592554, 0.012843890367166275, 8.772663073987633, 0.20372948205691574, 0.009181005475661039, 5.756932504748914, -0.02674614194983323], 'min_error': 0.05415407969178426, 'failure_mode': 'Flexure'}]",0.05415407969178426,Flexure
1512,-122.3011866598017,37.806677272064746,"[embr,woak]",as_15,embarc_oakwest_aerial,p_050,trans bay line aerial structure,"[red,yellow,blue,green]",74.0,footings,1,"[{'column_id': 'col_01', 'type': 'spiral', 'fy': 60, 'fpc': 4.0, 'diameter': 60, 'nLongBars': 48, 'dLongBars': 2.257, 'sTranBars': 3, 'dTranBars': 0.625, 'axLoad': 0.1, 'height': 264.504, 'column_parameters': {'nd_params': {'a0': 4.4084, 'a1': 1.0188098000000003, 'a2': 0.05113269292952138, 'a3': 0.1, 'a4': 0.2215330084182543, 'a5': 1.4410747773999482}, 'strength_stiffness': {'strength': 232070.48631291275, 'stiffness': 130058507.68754137, 'E': 3604.9965325919525, 'I': 636172.512351933}}, 'model_parameters': [1.0242654080132203, 0.9881819248520349, 1.259340933238104, 0.2635391646692141, 0.48095681840242327, 3.997935413586299, 1.672029397237612, 0.8668851853592554, 0.012843890367166275, 8.772663073987633, 0.20372948205691574, 0.009181005475661039, 5.756932504748914, -0.02674614194983323], 'min_error': 0.05415407969178426, 'failure_mode': 'Flexure'}]",0.05415407969178426,Flexure
1513,-122.30093253168523,37.80662112900093,"[embr,woak]",as_15,embarc_oakwest_aerial,p_051,trans bay line aerial structure,"[red,yellow,blue,green]",75.0,footings,1,"[{'column_id': 'col_01', 'type': 'spiral', 'fy': 60, 'fpc': 4.0, 'diameter': 60, 'nLongBars': 48, 'dLongBars': 2.257, 'sTranBars': 3, 'dTranBars': 0.625, 'axLoad': 0.1, 'height': 264.504, 'column_parameters': {'nd_params': {'a0': 4.4084, 'a1': 1.0188098000000003, 'a2': 0.05113269292952138, 'a3': 0.1, 'a4': 0.2215330084182543, 'a5': 1.4410747773999482}, 'strength_stiffness': {'strength': 232070.48631291275, 'stiffness': 130058507.68754137, 'E': 3604.9965325919525, 'I': 636172.512351933}}, 'model_parameters': [1.0242654080132203, 0.9881819248520349, 1.259340933238104, 0.2635391646692141, 0.48095681840242327, 3.997935413586299, 1.672029397237612, 0.8668851853592554, 0.012843890367166275, 8.772663073987633, 0.20372948205691574, 0.009181005475661039, 5.756932504748914, -0.02674614194983323], 'min_error': 0.05415407969178426, 'failure_mode': 'Flexure'}]",0.05415407969178426,Flexure
1514,-122.30067243446783,37.806563664656146,"[embr,woak]",as_15,embarc_oakwest_aerial,p_052,trans bay line aerial structure,"[red,yellow,blue,green]",75.0,footings,1,"[{'column_id': 'col_01', 'type': 'spiral', 'fy': 60, 'fpc': 4.0, 'diameter': 60, 'nLongBars': 48, 'dLongBars': 2.257, 'sTranBars': 3, 'dTranBars': 0.625, 'axLoad': 0.1, 'height': 264.504, 'column_parameters': {'nd_params': {'a0': 4.4084, 'a1': 1.0188098000000003, 'a2': 0.05113269292952138, 'a3': 0.1, 'a4': 0.2215330084182543, 'a5': 1.4410747773999482}, 'strength_stiffness': {'strength': 232070.48631291275, 'stiffness': 130058507.68754137, 'E': 3604.9965325919525, 'I': 636172.512351933}}, 'model_parameters': [1.0242654080132203, 0.9881819248520349, 1.259340933238104, 0.2635391646692141, 0.48095681840242327, 3.997935413586299, 1.672029397237612, 0.8668851853592554, 0.012843890367166275, 8.772663073987633, 0.20372948205691574, 0.009181005475661039, 5.756932504748914, -0.02674614194983323], 'min_error': 0.05415407969178426, 'failure_mode': 'Flexure'}]",0.05415407969178426,Flexure
1515,-122.3004190067425,37.80650767461334,"[embr,woak]",as_15,embarc_oakwest_aerial,p_053,trans bay line aerial structure,"[red,yellow,blue,green]",73.5,footings,1,"[{'column_id': 'col_01', 'type': 'spiral', 'fy': 60, 'fpc': 4.0, 'diameter': 60, 'nLongBars': 48, 'dLongBars': 2.257, 'sTranBars': 3, 'dTranBars': 0.625, 'axLoad': 0.1, 'height': 264.504, 'column_parameters': {'nd_params': {'a0': 4.4084, 'a1': 1.0188098000000003, 'a2': 0.05113269292952138, 'a3': 0.1, 'a4': 0.2215330084182543, 'a5': 1.4410747773999482}, 'strength_stiffness': {'strength': 232070.48631291275, 'stiffness': 130058507.68754137, 'E': 3604.9965325919525, 'I': 636172.512351933}}, 'model_parameters': [1.0242654080132203, 0.9881819248520349, 1.259340933238104, 0.2635391646692141, 0.48095681840242327, 3.997935413586299, 1.672029397237612, 0.8668851853592554, 0.012843890367166275, 8.772663073987633, 0.20372948205691574, 0.009181005475661039, 5.756932504748914, -0.02674614194983323], 'min_error': 0.05415407969178426, 'failure_mode': 'Flexure'}]",0.05415407969178426,Flexure
1516,-122.30016891739993,37.80645242141768,"[embr,woak]",as_15,embarc_oakwest_aerial,p_054,trans bay line aerial structure,"[red,yellow,blue,green]",73.5,footings,1,"[{'column_id': 'col_01', 'type': 'spiral', 'fy': 60, 'fpc': 4.0, 'diameter': 60, 'nLongBars': 48, 'dLongBars': 2.257, 'sTranBars': 3, 'dTranBars': 0.625, 'axLoad': 0.1, 'height': 264.504, 'column_parameters': {'nd_params': {'a0': 4.4084, 'a1': 1.0188098000000003, 'a2': 0.05113269292952138, 'a3': 0.1, 'a4': 0.2215330084182543, 'a5': 1.4410747773999482}, 'strength_stiffness': {'strength': 232070.48631291275, 'stiffness': 130058507.68754137, 'E': 3604.9965325919525, 'I': 636172.512351933}}, 'model_parameters': [1.0242654080132203, 0.9881819248520349, 1.259340933238104, 0.2635391646692141, 0.48095681840242327, 3.997935413586299, 1.672029397237612, 0.8668851853592554, 0.012843890367166275, 8.772663073987633, 0.20372948205691574, 0.009181005475661039, 5.756932504748914, -0.02674614194983323], 'min_error': 0.05415407969178426, 'failure_mode': 'Flexure'}]",0.05415407969178426,Flexure
1517,-122.29991549036733,37.80639642754602,"[embr,woak]",as_15,embarc_oakwest_aerial,p_055,trans bay line aerial structure,"[red,yellow,blue,green]",74.0,footings,1,"[{'column_id': 'col_01', 'type': 'spiral', 'fy': 60, 'fpc': 4.0, 'diameter': 60, 'nLongBars': 48, 'dLongBars': 2.257, 'sTranBars': 3, 'dTranBars': 0.625, 'axLoad': 0.1, 'height': 264.504, 'column_parameters': {'nd_params': {'a0': 4.4084, 'a1': 1.0188098000000003, 'a2': 0.05113269292952138, 'a3': 0.1, 'a4': 0.2215330084182543, 'a5': 1.4410747773999482}, 'strength_stiffness': {'strength': 232070.48631291275, 'stiffness': 130058507.68754137, 'E': 3604.9965325919525, 'I': 636172.512351933}}, 'model_parameters': [1.0242654080132203, 0.9881819248520349, 1.259340933238104, 0.2635391646692141, 0.48095681840242327, 3.997935413586299, 1.672029397237612, 0.8668851853592554, 0.012843890367166275, 8.772663073987633, 0.20372948205691574, 0.009181005475661039, 5.756932504748914, -0.02674614194983323], 'min_error': 0.05415407969178426, 'failure_mode': 'Flexure'}]",0.05415407969178426,Flexure
1518,-122.29966206378354,37.80634043587511,"[embr,woak]",as_15,embarc_oakwest_aerial,p_056,trans bay line aerial structure,"[red,yellow,blue,green]",76.0,footings,1,"[{'column_id': 'col_01', 'type': 'spiral', 'fy': 60, 'fpc': 4.0, 'diameter': 60, 'nLongBars': 48, 'dLongBars': 2.257, 'sTranBars': 3, 'dTranBars': 0.625, 'axLoad': 0.1, 'height': 264.504, 'column_parameters': {'nd_params': {'a0': 4.4084, 'a1': 1.0188098000000003, 'a2': 0.05113269292952138, 'a3': 0.1, 'a4': 0.2215330084182543, 'a5': 1.4410747773999482}, 'strength_stiffness': {'strength': 232070.48631291275, 'stiffness': 130058507.68754137, 'E': 3604.9965325919525, 'I': 636172.512351933}}, 'model_parameters': [1.0242654080132203, 0.9881819248520349, 1.259340933238104, 0.2635391646692141, 0.48095681840242327, 3.997935413586299, 1.672029397237612, 0.8668851853592554, 0.012843890367166275, 8.772663073987633, 0.20372948205691574, 0.009181005475661039, 5.756932504748914, -0.02674614194983323], 'min_error': 0.05415407969178426, 'failure_mode': 'Flexure'}]",0.05415407969178426,Flexure
1519,-122.29939381001861,37.80628117590932,"[embr,woak]",as_15,embarc_oakwest_aerial,p_057,trans bay line aerial structure,"[red,yellow,blue,green]",74.0,footings,1,"[{'column_id': 'col_01', 'type': 'spiral', 'fy': 60, 'fpc': 4.0, 'diameter': 60, 'nLongBars': 48, 'dLongBars': 2.257, 'sTranBars': 3, 'dTranBars': 0.625, 'axLoad': 0.1, 'height': 264.504, 'column_parameters': {'nd_params': {'a0': 4.4084, 'a1': 1.0188098000000003, 'a2': 0.05113269292952138, 'a3': 0.1, 'a4': 0.2215330084182543, 'a5': 1.4410747773999482}, 'strength_stiffness': {'strength': 232070.48631291275, 'stiffness': 130058507.68754137, 'E': 3604.9965325919525, 'I': 636172.512351933}}, 'model_parameters': [1.0242654080132203, 0.9881819248520349, 1.259340933238104, 0.2635391646692141, 0.48095681840242327, 3.997935413586299, 1.672029397237612, 0.8668851853592554, 0.012843890367166275, 8.772663073987633, 0.20372948205691574, 0.009181005475661039, 5.756932504748914, -0.02674614194983323], 'min_error': 0.05415407969178426, 'failure_mode': 'Flexure'}]",0.05415407969178426,Flexure
1520,-122.29915369394882,37.80622796314078,"[embr,woak]",as_15,embarc_oakwest_aerial,p_058,trans bay line aerial structure,"[red,yellow,blue,green]",65.5,footings,1,"[{'column_id': 'col_01', 'type': 'spiral', 'fy': 60, 'fpc': 4.0, 'diameter': 60, 'nLongBars': 48, 'dLongBars': 2.257, 'sTranBars': 3, 'dTranBars': 0.625, 'axLoad': 0.1, 'height': 264.504, 'column_parameters': {'nd_params': {'a0': 4.4084, 'a1': 1.0188098000000003, 'a2': 0.05113269292952138, 'a3': 0.1, 'a4': 0.2215330084182543, 'a5': 1.4410747773999482}, 'strength_stiffness': {'strength': 232070.48631291275, 'stiffness': 130058507.68754137, 'E': 3604.9965325919525, 'I': 636172.512351933}}, 'model_parameters': [1.0242654080132203, 0.9881819248520349, 1.259340933238104, 0.2635391646692141, 0.48095681840242327, 3.997935413586299, 1.672029397237612, 0.8668851853592554, 0.012843890367166275, 8.772663073987633, 0.20372948205691574, 0.009181005475661039, 5.756932504748914, -0.02674614194983323], 'min_error': 0.05415407969178426, 'failure_mode': 'Flexure'}]",0.05415407969178426,Flexure
1521,-122.29894161616232,37.8061801290279,"[embr,woak]",as_15,embarc_oakwest_aerial,p_059,trans bay line aerial structure,"[red,yellow,blue,green]",61.0,footings,1,"[{'column_id': 'col_01', 'type': 'spiral', 'fy': 60, 'fpc': 4.0, 'diameter': 60, 'nLongBars': 48, 'dLongBars': 2.257, 'sTranBars': 3, 'dTranBars': 0.625, 'axLoad': 0.1, 'height': 264.504, 'column_parameters': {'nd_params': {'a0': 4.4084, 'a1': 1.0188098000000003, 'a2': 0.05113269292952138, 'a3': 0.1, 'a4': 0.2215330084182543, 'a5': 1.4410747773999482}, 'strength_stiffness': {'strength': 232070.48631291275, 'stiffness': 130058507.68754137, 'E': 3604.9965325919525, 'I': 636172.512351933}}, 'model_parameters': [1.0242654080132203, 0.9881819248520349, 1.259340933238104, 0.2635391646692141, 0.48095681840242327, 3.997935413586299, 1.672029397237612, 0.8668851853592554, 0.012843890367166275, 8.772663073987633, 0.20372948205691574, 0.009181005475661039, 5.756932504748914, -0.02674614194983323], 'min_error': 0.05415407969178426, 'failure_mode': 'Flexure'}]",0.05415407969178426,Flexure
1522,-122.29872994849823,37.80613092035789,"[embr,woak]",as_15,embarc_oakwest_aerial,p_060,trans bay line aerial structure,"[red,yellow,blue,green]",61.5,footings,1,"[{'column_id': 'col_01', 'type': 'spiral', 'fy': 60, 'fpc': 4.0, 'diameter': 60, 'nLongBars': 48, 'dLongBars': 2.257, 'sTranBars': 3, 'dTranBars': 0.625, 'axLoad': 0.1, 'height': 264.504, 'column_parameters': {'nd_params': {'a0': 4.4084, 'a1': 1.0188098000000003, 'a2': 0.05113269292952138, 'a3': 0.1, 'a4': 0.2215330084182543, 'a5': 1.4410747773999482}, 'strength_stiffness': {'strength': 232070.48631291275, 'stiffness': 130058507.68754137, 'E': 3604.9965325919525, 'I': 636172.512351933}}, 'model_parameters': [1.0242654080132203, 0.9881819248520349, 1.259340933238104, 0.2635391646692141, 0.48095681840242327, 3.997935413586299, 1.672029397237612, 0.8668851853592554, 0.012843890367166275, 8.772663073987633, 0.20372948205691574, 0.009181005475661039, 5.756932504748914, -0.02674614194983323], 'min_error': 0.05415407969178426, 'failure_mode': 'Flexure'}]",0.05415407969178426,Flexure
1523,-122.29851893602431,37.80607973458553,"[embr,woak]",as_15,embarc_oakwest_aerial,p_061,trans bay line aerial structure,"[red,yellow,blue,green]",62.0,footings,1,"[{'column_id': 'col_01', 'type': 'spiral', 'fy': 60, 'fpc': 4.0, 'diameter': 60, 'nLongBars': 48, 'dLongBars': 2.257, 'sTranBars': 3, 'dTranBars': 0.625, 'axLoad': 0.1, 'height': 264.504, 'column_parameters': {'nd_params': {'a0': 4.4084, 'a1': 1.0188098000000003, 'a2': 0.05113269292952138, 'a3': 0.1, 'a4': 0.2215330084182543, 'a5': 1.4410747773999482}, 'strength_stiffness': {'strength': 232070.48631291275, 'stiffness': 130058507.68754137, 'E': 3604.9965325919525, 'I': 636172.512351933}}, 'model_parameters': [1.0242654080132203, 0.9881819248520349, 1.259340933238104, 0.2635391646692141, 0.48095681840242327, 3.997935413586299, 1.672029397237612, 0.8668851853592554, 0.012843890367166275, 8.772663073987633, 0.20372948205691574, 0.009181005475661039, 5.756932504748914, -0.02674614194983323], 'min_error': 0.05415407969178426, 'failure_mode': 'Flexure'}]",0.05415407969178426,Flexure
1524,-122.29830884457904,37.806025968850726,"[embr,woak]",as_15,embarc_oakwest_aerial,p_062,trans bay line aerial structure,"[red,yellow,blue,green]",74.0,footings,1,"[{'column_id': 'col_01', 'type': 'spiral', 'fy': 60, 'fpc': 4.0, 'diameter': 72, 'nLongBars': 56, 'dLongBars': 2.25, 'sTranBars': 3, 'dTranBars': 0.625, 'axLoad': 0.1, 'height': 264.504, 'column_parameters': {'nd_params': {'a0': 3.673666666666667, 'a1': 0.8203125, 'a2': 0.04261057744126781, 'a3': 0.1, 'a4': 0.2222222222222222, 'a5': 1.5833214999879013}, 'strength_stiffness': {'strength': 299378.1739569679, 'stiffness': 269689321.5408858, 'E': 3604.9965325919525, 'I': 1319167.3216129686}}, 'model_parameters': [0.335353150193544, 0.9541169169211143, 1.8152684530667533, 0.18294928513230196, 0.14850874718711485, 0.5285581358958089, 1.7170776419958533, 0.780565224118774, 0.010392977103157435, 6.735575040221039, 0.8205954432756204, 0.016672756869219096, 3.824134180969024, 1.3256377893191817], 'min_error': 0.0557502887759313, 'failure_mode': 'Shear'}]",0.0557502887759313,Shear
1525,-122.29801668644221,37.80594521369852,"[embr,woak]",as_15,embarc_oakwest_aerial,p_063,trans bay line aerial structure,"[red,yellow,blue,green]",87.0,footings,1,"[{'column_id': 'col_01', 'type': 'spiral', 'fy': 60, 'fpc': 4.0, 'diameter': 72, 'nLongBars': 56, 'dLongBars': 2.25, 'sTranBars': 3, 'dTranBars': 0.625, 'axLoad': 0.1, 'height': 264.504, 'column_parameters': {'nd_params': {'a0': 3.673666666666667, 'a1': 0.8203125, 'a2': 0.04261057744126781, 'a3': 0.1, 'a4': 0.2222222222222222, 'a5': 1.5833214999879013}, 'strength_stiffness': {'strength': 299378.1739569679, 'stiffness': 269689321.5408858, 'E': 3604.9965325919525, 'I': 1319167.3216129686}}, 'model_parameters': [0.335353150193544, 0.9541169169211143, 1.8152684530667533, 0.18294928513230196, 0.14850874718711485, 0.5285581358958089, 1.7170776419958533, 0.780565224118774, 0.010392977103157435, 6.735575040221039, 0.8205954432756204, 0.016672756869219096, 3.824134180969024, 1.3256377893191817], 'min_error': 0.0557502887759313, 'failure_mode': 'Shear'}]",0.0557502887759313,Shear
1526,-122.29772336398565,37.80585652348847,"[embr,woak]",as_15,embarc_oakwest_aerial,p_064,trans bay line aerial structure,"[red,yellow,blue,green]",92.5,footings,1,"[{'column_id': 'col_01', 'type': 'rectangular', 'fy': 60, 'fpc': 4.0, 'depth': 96.0, 'width': 60.0, 'nLongBars': 42.0, 'dLongBars': 2.25, 'sTranBars': 3.0, 'dTranBars': 0.625, 'axLoad': 0.1, 'height': 264.504, 'column_parameters': {'nd_params': {'a0': 2.75525, 'a1': 0.4348835533655793, 'a2': 0.15339807878856412, 'a3': 0.1, 'a4': 0.2222222222222222, 'a5': 0.44715812112539877}, 'strength_stiffness': {'strength': 451319.4526788363, 'stiffness': 904372961.9190844, 'E': 3604.9965325919525, 'I': 4423680.0}}, 'model_parameters': [0.8871714287918203, 0.9860933584777712, 1.3677878727073716, 0.37657527619059916, 0.4676966420913821, 1.678662947242918, 1.3033176755997735, 0.81945457646147, 0.005037430088531764, 6.734293888320028, 0.675588505801878, 0.0029123547601065964, 4.8902278410665625, 0.08715412801040089], 'min_error': 0.04541817365898126, 'failure_mode': 'Flexure'}]",0.04541817365898126,Flexure
1527,-122.29740632094908,37.80575169657404,"[embr,woak]",as_15,embarc_oakwest_aerial,p_065,trans bay line aerial structure,"[red,yellow,blue,green]",82.5,footings,1,"[{'column_id': 'col_01', 'type': 'rectangular', 'fy': 60, 'fpc': 4.0, 'depth': 96.0, 'width': 60.0, 'nLongBars': 42.0, 'dLongBars': 2.25, 'sTranBars': 3.0, 'dTranBars': 0.625, 'axLoad': 0.1, 'height': 264.504, 'column_parameters': {'nd_params': {'a0': 2.75525, 'a1': 0.4348835533655793, 'a2': 0.15339807878856412, 'a3': 0.1, 'a4': 0.2222222222222222, 'a5': 0.44715812112539877}, 'strength_stiffness': {'strength': 451319.4526788363, 'stiffness': 904372961.9190844, 'E': 3604.9965325919525, 'I': 4423680.0}}, 'model_parameters': [0.8871714287918203, 0.9860933584777712, 1.3677878727073716, 0.37657527619059916, 0.4676966420913821, 1.678662947242918, 1.3033176755997735, 0.81945457646147, 0.005037430088531764, 6.734293888320028, 0.675588505801878, 0.0029123547601065964, 4.8902278410665625, 0.08715412801040089], 'min_error': 0.04541817365898126, 'failure_mode': 'Flexure'}]",0.04541817365898126,Flexure
1528,-122.2971828467928,37.80567203237927,"[embr,woak]",as_15,embarc_oakwest_aerial,p_066,trans bay line aerial structure,"[red,yellow,blue,green]",74.5,footings,1,"[{'column_id': 'col_01', 'type': 'spiral', 'fy': 60, 'fpc': 4.0, 'diameter': 72, 'nLongBars': 56, 'dLongBars': 2.25, 'sTranBars': 3, 'dTranBars': 0.625, 'axLoad': 0.1, 'height': 264.504, 'column_parameters': {'nd_params': {'a0': 3.673666666666667, 'a1': 0.8203125, 'a2': 0.04261057744126781, 'a3': 0.1, 'a4': 0.2222222222222222, 'a5': 1.5833214999879013}, 'strength_stiffness': {'strength': 299378.1739569679, 'stiffness': 269689321.5408858, 'E': 3604.9965325919525, 'I': 1319167.3216129686}}, 'model_parameters': [0.335353150193544, 0.9541169169211143, 1.8152684530667533, 0.18294928513230196, 0.14850874718711485, 0.5285581358958089, 1.7170776419958533, 0.780565224118774, 0.010392977103157435, 6.735575040221039, 0.8205954432756204, 0.016672756869219096, 3.824134180969024, 1.3256377893191817], 'min_error': 0.0557502887759313, 'failure_mode': 'Shear'}]",0.0557502887759313,Shear
1529,-122.29692013515287,37.80557222424981,"[embr,woak]",as_15,embarc_oakwest_aerial,p_067,trans bay line aerial structure,"[red,yellow,blue,green]",78.5,footings,1,"[{'column_id': 'col_01', 'type': 'spiral', 'fy': 60, 'fpc': 4.0, 'diameter': 72, 'nLongBars': 56, 'dLongBars': 2.25, 'sTranBars': 3, 'dTranBars': 0.625, 'axLoad': 0.1, 'height': 276.504, 'column_parameters': {'nd_params': {'a0': 3.8403333333333336, 'a1': 0.8203125, 'a2': 0.04261057744126781, 'a3': 0.1, 'a4': 0.2222222222222222, 'a5': 1.5344125688843344}, 'strength_stiffness': {'strength': 308920.7616422469, 'stiffness': 257985071.84290448, 'E': 3604.9965325919525, 'I': 1319167.3216129686}}, 'model_parameters': [0.31368776279439736, 0.9483575867225068, 1.8455118494434088, 0.19298533975188847, 0.15492529094547372, 0.3858733405408776, 1.612885562805958, 0.7721659069341865, 0.010946627027742902, 6.837160387262162, 0.8347007284765342, 0.015582577406927116, 3.8715273361398808, 1.339413557301126], 'min_error': 0.05615425878841884, 'failure_mode': 'Shear'}]",0.05615425878841884,Shear
1530,-122.2966752902528,37.80547507423333,"[embr,woak]",as_15,embarc_oakwest_aerial,p_068,trans bay line aerial structure,"[red,yellow,blue,green]",76.5,footings,1,"[{'column_id': 'col_01', 'type': 'spiral', 'fy': 60, 'fpc': 4.0, 'diameter': 60, 'nLongBars': 48, 'dLongBars': 2.257, 'sTranBars': 3, 'dTranBars': 0.625, 'axLoad': 0.1, 'height': 270.504, 'column_parameters': {'nd_params': {'a0': 4.508400000000001, 'a1': 1.0188098000000003, 'a2': 0.05113269292952138, 'a3': 0.1, 'a4': 0.2215330084182543, 'a5': 1.4091105599968796}, 'strength_stiffness': {'strength': 237334.76555964426, 'stiffness': 127173703.59545678, 'E': 3604.9965325919525, 'I': 636172.512351933}}, 'model_parameters': [1.0456082557046378, 0.9879641167911061, 1.2841880427466061, 0.2542485087742175, 0.48522102026091285, 3.921040023741749, 1.6918436620407793, 0.8689590717527638, 0.01276055500200366, 8.872246671315585, 0.20625530518784405, 0.008810153580260046, 5.7463303975033355, -0.031132918003968748], 'min_error': 0.05494058374553519, 'failure_mode': 'Flexure'}]",0.05494058374553519,Flexure
1531,-122.29643131255358,37.805376822760365,"[embr,woak]",as_15,embarc_oakwest_aerial,p_069,trans bay line aerial structure,"[red,yellow,blue,green]",77.0,footings,1,"[{'column_id': 'col_01', 'type': 'spiral', 'fy': 60, 'fpc': 4.0, 'diameter': 60, 'nLongBars': 48, 'dLongBars': 2.257, 'sTranBars': 3, 'dTranBars': 0.625, 'axLoad': 0.1, 'height': 270.504, 'column_parameters': {'nd_params': {'a0': 4.508400000000001, 'a1': 1.0188098000000003, 'a2': 0.05113269292952138, 'a3': 0.1, 'a4': 0.2215330084182543, 'a5': 1.4091105599968796}, 'strength_stiffness': {'strength': 237334.76555964426, 'stiffness': 127173703.59545678, 'E': 3604.9965325919525, 'I': 636172.512351933}}, 'model_parameters': [1.0456082557046378, 0.9879641167911061, 1.2841880427466061, 0.2542485087742175, 0.48522102026091285, 3.921040023741749, 1.6918436620407793, 0.8689590717527638, 0.01276055500200366, 8.872246671315585, 0.20625530518784405, 0.008810153580260046, 5.7463303975033355, -0.031132918003968748], 'min_error': 0.05494058374553519, 'failure_mode': 'Flexure'}]",0.05494058374553519,Flexure
1532,-122.27074945230005,37.81534072357769,"[mcth,19th]",as_13,sycamore_27th_aerial,p_002,sycamore and 27th,"[red,orange,yellow]",42.0,piles,3,"[{'column_id': 'col_01', 'type': 'rectangular', 'fy': 60, 'fpc': 4.0, 'depth': 60.0, 'width': 60.0, 'nLongBars': 20.0, 'dLongBars': 1.75, 'sTranBars': 12.0, 'dTranBars': 0.5, 'axLoad': 0.1, 'height': 119.27999999999997, 'column_parameters': {'nd_params': {'a0': 1.9879999999999998, 'a1': 0.20044015628372377, 'a2': 0.02454369260617026, 'a3': 0.1, 'a4': 1.1428571428571428, 'a5': 0.9331057814061459}, 'strength_stiffness': {'strength': 96254.73575911166, 'stiffness': 489612205.13069785, 'E': 3604.9965325919525, 'I': 1080000.0}}, 'model_parameters': [0.4839090577896441, 1.0218275081649095, 1.3652834581835682, 0.3886482534845234, 0.305597040804558, 2.2951070276465995, 2.015477028687656, 0.7297077262139091, 0.011120803595305045, 3.979290977640819, 0.8283537577240572, 0.016013397365824713, 3.459282477699849, 0.6339361685616429], 'min_error': 0.058174155584494076, 'failure_mode': 'Shear'}, {'column_id': 'col_02', 'type': 'rectangular', 'fy': 60, 'fpc': 4.0, 'depth': 60.0, 'width': 60.0, 'nLongBars': 20.0, 'dLongBars': 1.75, 'sTranBars': 12.0, 'dTranBars': 0.5, 'axLoad': 0.1, 'height': 119.27999999999997, 'column_parameters': {'nd_params': {'a0': 1.9879999999999998, 'a1': 0.20044015628372377, 'a2': 0.02454369260617026, 'a3': 0.1, 'a4': 1.1428571428571428, 'a5': 0.9331057814061459}, 'strength_stiffness': {'strength': 96254.73575911166, 'stiffness': 489612205.13069785, 'E': 3604.9965325919525, 'I': 1080000.0}}, 'model_parameters': [0.4839090577896441, 1.0218275081649095, 1.3652834581835682, 0.3886482534845234, 0.305597040804558, 2.2951070276465995, 2.015477028687656, 0.7297077262139091, 0.011120803595305045, 3.979290977640819, 0.8283537577240572, 0.016013397365824713, 3.459282477699849, 0.6339361685616429], 'min_error': 0.058174155584494076, 'failure_mode': 'Shear'}, {'column_id': 'col_03', 'type': 'rectangular', 'fy': 60, 'fpc': 4.0, 'depth': 60.0, 'width': 60.0, 'nLongBars': 20.0, 'dLongBars': 1.75, 'sTranBars': 12.0, 'dTranBars': 0.5, 'axLoad': 0.1, 'height': 119.27999999999997, 'column_parameters': {'nd_params': {'a0': 1.9879999999999998, 'a1': 0.20044015628372377, 'a2': 0.02454369260617026, 'a3': 0.1, 'a4': 1.1428571428571428, 'a5': 0.9331057814061459}, 'strength_stiffness': {'strength': 96254.73575911166, 'stiffness': 489612205.13069785, 'E': 3604.9965325919525, 'I': 1080000.0}}, 'model_parameters': [0.4839090577896441, 1.0218275081649095, 1.3652834581835682, 0.3886482534845234, 0.305597040804558, 2.2951070276465995, 2.015477028687656, 0.7297077262139091, 0.011120803595305045, 3.979290977640819, 0.8283537577240572, 0.016013397365824713, 3.459282477699849, 0.6339361685616429], 'min_error': 0.058174155584494076, 'failure_mode': 'Shear'}]",0.058174155584494076,Shear
1533,-122.27070897926949,37.815550605581784,"[mcth,19th]",as_13,sycamore_27th_aerial,p_003,sycamore and 27th,"[red,orange,yellow]",72.0,piles,3,"[{'column_id': 'col_01', 'type': 'rectangular', 'fy': 60, 'fpc': 4.0, 'depth': 60.0, 'width': 60.0, 'nLongBars': 20.0, 'dLongBars': 1.75, 'sTranBars': 12.0, 'dTranBars': 0.5, 'axLoad': 0.1, 'height': 132.0, 'column_parameters': {'nd_params': {'a0': 2.2, 'a1': 0.20044015628372377, 'a2': 0.02454369260617026, 'a3': 0.1, 'a4': 1.1428571428571428, 'a5': 0.8946029249935573}, 'strength_stiffness': {'strength': 96254.73575911166, 'stiffness': 442431392.636285, 'E': 3604.9965325919525, 'I': 1080000.0}}, 'model_parameters': [0.4649603032679651, 1.0150250921296016, 1.4071579703667365, 0.4076921817984258, 0.3152088780649685, 2.147798508114759, 1.921541569138948, 0.7156171899060374, 0.011634090976187842, 4.081404898692187, 0.8493092303191311, 0.01460394897150927, 3.545377796417412, 0.7980805611925682], 'min_error': 0.058551050220877025, 'failure_mode': 'Shear'}, {'column_id': 'col_02', 'type': 'rectangular', 'fy': 60, 'fpc': 4.0, 'depth': 60.0, 'width': 60.0, 'nLongBars': 20.0, 'dLongBars': 1.75, 'sTranBars': 12.0, 'dTranBars': 0.5, 'axLoad': 0.1, 'height': 132.0, 'column_parameters': {'nd_params': {'a0': 2.2, 'a1': 0.20044015628372377, 'a2': 0.02454369260617026, 'a3': 0.1, 'a4': 1.1428571428571428, 'a5': 0.8946029249935573}, 'strength_stiffness': {'strength': 96254.73575911166, 'stiffness': 442431392.636285, 'E': 3604.9965325919525, 'I': 1080000.0}}, 'model_parameters': [0.4649603032679651, 1.0150250921296016, 1.4071579703667365, 0.4076921817984258, 0.3152088780649685, 2.147798508114759, 1.921541569138948, 0.7156171899060374, 0.011634090976187842, 4.081404898692187, 0.8493092303191311, 0.01460394897150927, 3.545377796417412, 0.7980805611925682], 'min_error': 0.058551050220877025, 'failure_mode': 'Shear'}, {'column_id': 'col_03', 'type': 'rectangular', 'fy': 60, 'fpc': 4.0, 'depth': 60.0, 'width': 60.0, 'nLongBars': 20.0, 'dLongBars': 1.75, 'sTranBars': 12.0, 'dTranBars': 0.5, 'axLoad': 0.1, 'height': 132.0, 'column_parameters': {'nd_params': {'a0': 2.2, 'a1': 0.20044015628372377, 'a2': 0.02454369260617026, 'a3': 0.1, 'a4': 1.1428571428571428, 'a5': 0.8946029249935573}, 'strength_stiffness': {'strength': 96254.73575911166, 'stiffness': 442431392.636285, 'E': 3604.9965325919525, 'I': 1080000.0}}, 'model_parameters': [0.4649603032679651, 1.0150250921296016, 1.4071579703667365, 0.4076921817984258, 0.3152088780649685, 2.147798508114759, 1.921541569138948, 0.7156171899060374, 0.011634090976187842, 4.081404898692187, 0.8493092303191311, 0.01460394897150927, 3.545377796417412, 0.7980805611925682], 'min_error': 0.058551050220877025, 'failure_mode': 'Shear'}]",0.058551050220877025,Shear
1534,-122.27065638785508,37.81576878356907,"[mcth,19th]",as_13,sycamore_27th_aerial,p_004,sycamore and 27th,"[red,orange,yellow]",60.0,piles,3,"[{'column_id': 'col_01', 'type': 'rectangular', 'fy': 60, 'fpc': 4.0, 'depth': 60.0, 'width': 60.0, 'nLongBars': 20.0, 'dLongBars': 1.75, 'sTranBars': 12.0, 'dTranBars': 0.5, 'axLoad': 0.1, 'height': 141.72000000000003, 'column_parameters': {'nd_params': {'a0': 2.3620000000000005, 'a1': 0.20044015628372377, 'a2': 0.02454369260617026, 'a3': 0.1, 'a4': 1.1428571428571428, 'a5': 0.8696140935957413}, 'strength_stiffness': {'strength': 96254.73575911166, 'stiffness': 412086817.8661418, 'E': 3604.9965325919525, 'I': 1080000.0}}, 'model_parameters': [0.7449414765086413, 1.0043374685301203, 1.0094527949120282, 0.44672007668851854, 0.44151258769331403, 2.6809386334469334, 1.4441939364558103, 0.7297177520779234, 0.007920413046304626, 4.009118277539663, 0.658671943774418, 0.01303911210340697, 5.08878577632706, 0.9010738155924005], 'min_error': 0.046953984207356324, 'failure_mode': 'Flexure'}, {'column_id': 'col_02', 'type': 'rectangular', 'fy': 60, 'fpc': 4.0, 'depth': 60.0, 'width': 60.0, 'nLongBars': 20.0, 'dLongBars': 1.75, 'sTranBars': 12.0, 'dTranBars': 0.5, 'axLoad': 0.1, 'height': 141.72000000000003, 'column_parameters': {'nd_params': {'a0': 2.3620000000000005, 'a1': 0.20044015628372377, 'a2': 0.02454369260617026, 'a3': 0.1, 'a4': 1.1428571428571428, 'a5': 0.8696140935957413}, 'strength_stiffness': {'strength': 96254.73575911166, 'stiffness': 412086817.8661418, 'E': 3604.9965325919525, 'I': 1080000.0}}, 'model_parameters': [0.7449414765086413, 1.0043374685301203, 1.0094527949120282, 0.44672007668851854, 0.44151258769331403, 2.6809386334469334, 1.4441939364558103, 0.7297177520779234, 0.007920413046304626, 4.009118277539663, 0.658671943774418, 0.01303911210340697, 5.08878577632706, 0.9010738155924005], 'min_error': 0.046953984207356324, 'failure_mode': 'Flexure'}, {'column_id': 'col_03', 'type': 'rectangular', 'fy': 60, 'fpc': 4.0, 'depth': 60.0, 'width': 60.0, 'nLongBars': 20.0, 'dLongBars': 1.75, 'sTranBars': 12.0, 'dTranBars': 0.5, 'axLoad': 0.1, 'height': 141.72000000000003, 'column_parameters': {'nd_params': {'a0': 2.3620000000000005, 'a1': 0.20044015628372377, 'a2': 0.02454369260617026, 'a3': 0.1, 'a4': 1.1428571428571428, 'a5': 0.8696140935957413}, 'strength_stiffness': {'strength': 96254.73575911166, 'stiffness': 412086817.8661418, 'E': 3604.9965325919525, 'I': 1080000.0}}, 'model_parameters': [0.7449414765086413, 1.0043374685301203, 1.0094527949120282, 0.44672007668851854, 0.44151258769331403, 2.6809386334469334, 1.4441939364558103, 0.7297177520779234, 0.007920413046304626, 4.009118277539663, 0.658671943774418, 0.01303911210340697, 5.08878577632706, 0.9010738155924005], 'min_error': 0.046953984207356324, 'failure_mode': 'Flexure'}]",0.046953984207356324,Flexure
1535,-122.27061916924681,37.81590463942427,"[mcth,19th]",as_13,sycamore_27th_aerial,p_005,sycamore and 27th,"[red,orange,yellow]",72.5,piles,4,"[{'column_id': 'col_01', 'type': 'rectangular', 'fy': 60, 'fpc': 4.0, 'depth': 78.0, 'width': 60.0, 'nLongBars': 16.0, 'dLongBars': 2.25, 'sTranBars': 12.0, 'dTranBars': 0.5, 'axLoad': 0.1, 'height': 248.40000000000003, 'column_parameters': {'nd_params': {'a0': 3.1846153846153853, 'a1': 0.20390144626664522, 'a2': 0.02454369260617026, 'a3': 0.1, 'a4': 0.8888888888888888, 'a5': 0.7709405385921992}, 'strength_stiffness': {'strength': 164667.62366643045, 'stiffness': 516533307.5285556, 'E': 3604.9965325919525, 'I': 2372760.0}}, 'model_parameters': [0.7129346744380822, 1.003787667507985, 1.065489432118493, 0.4270345543114641, 0.4325612648189897, 2.41539268850594, 1.4829259736307487, 0.7289313319457675, 0.007843997572643981, 3.84141374642196, 0.626845329317094, 0.011807630768020383, 5.409930740707378, 0.943272641386892], 'min_error': 0.050428738740595336, 'failure_mode': 'Flexure'}, {'column_id': 'col_02', 'type': 'rectangular', 'fy': 60, 'fpc': 4.0, 'depth': 78.0, 'width': 60.0, 'nLongBars': 16.0, 'dLongBars': 2.25, 'sTranBars': 12.0, 'dTranBars': 0.5, 'axLoad': 0.1, 'height': 248.40000000000003, 'column_parameters': {'nd_params': {'a0': 3.1846153846153853, 'a1': 0.20390144626664522, 'a2': 0.02454369260617026, 'a3': 0.1, 'a4': 0.8888888888888888, 'a5': 0.7709405385921992}, 'strength_stiffness': {'strength': 164667.62366643045, 'stiffness': 516533307.5285556, 'E': 3604.9965325919525, 'I': 2372760.0}}, 'model_parameters': [0.7129346744380822, 1.003787667507985, 1.065489432118493, 0.4270345543114641, 0.4325612648189897, 2.41539268850594, 1.4829259736307487, 0.7289313319457675, 0.007843997572643981, 3.84141374642196, 0.626845329317094, 0.011807630768020383, 5.409930740707378, 0.943272641386892], 'min_error': 0.050428738740595336, 'failure_mode': 'Flexure'}, {'column_id': 'col_03', 'type': 'rectangular', 'fy': 60, 'fpc': 4.0, 'depth': 78.0, 'width': 60.0, 'nLongBars': 16.0, 'dLongBars': 2.25, 'sTranBars': 12.0, 'dTranBars': 0.5, 'axLoad': 0.1, 'height': 248.40000000000003, 'column_parameters': {'nd_params': {'a0': 3.1846153846153853, 'a1': 0.20390144626664522, 'a2': 0.02454369260617026, 'a3': 0.1, 'a4': 0.8888888888888888, 'a5': 0.7709405385921992}, 'strength_stiffness': {'strength': 164667.62366643045, 'stiffness': 516533307.5285556, 'E': 3604.9965325919525, 'I': 2372760.0}}, 'model_parameters': [0.7129346744380822, 1.003787667507985, 1.065489432118493, 0.4270345543114641, 0.4325612648189897, 2.41539268850594, 1.4829259736307487, 0.7289313319457675, 0.007843997572643981, 3.84141374642196, 0.626845329317094, 0.011807630768020383, 5.409930740707378, 0.943272641386892], 'min_error': 0.050428738740595336, 'failure_mode': 'Flexure'}, {'column_id': 'col_04', 'type': 'rectangular', 'fy': 60, 'fpc': 4.0, 'depth': 78.0, 'width': 60.0, 'nLongBars': 16.0, 'dLongBars': 2.25, 'sTranBars': 12.0, 'dTranBars': 0.5, 'axLoad': 0.1, 'height': 248.40000000000003, 'column_parameters': {'nd_params': {'a0': 3.1846153846153853, 'a1': 0.20390144626664522, 'a2': 0.02454369260617026, 'a3': 0.1, 'a4': 0.8888888888888888, 'a5': 0.7709405385921992}, 'strength_stiffness': {'strength': 164667.62366643045, 'stiffness': 516533307.5285556, 'E': 3604.9965325919525, 'I': 2372760.0}}, 'model_parameters': [0.7129346744380822, 1.003787667507985, 1.065489432118493, 0.4270345543114641, 0.4325612648189897, 2.41539268850594, 1.4829259736307487, 0.7289313319457675, 0.007843997572643981, 3.84141374642196, 0.626845329317094, 0.011807630768020383, 5.409930740707378, 0.943272641386892], 'min_error': 0.050428738740595336, 'failure_mode': 'Flexure'}]",0.050428738740595336,Flexure
1536,-122.27055086083894,37.81613238969574,"[mcth,19th]",as_13,sycamore_27th_aerial,p_006,sycamore and 27th,"[red,orange,yellow]",80.0,piles,4,"[{'column_id': 'col_01', 'type': 'rectangular', 'fy': 60, 'fpc': 4.0, 'depth': 78.0, 'width': 60.0, 'nLongBars': 16.0, 'dLongBars': 2.25, 'sTranBars': 12.0, 'dTranBars': 0.5, 'axLoad': 0.1, 'height': 248.40000000000003, 'column_parameters': {'nd_params': {'a0': 3.1846153846153853, 'a1': 0.20390144626664522, 'a2': 0.02454369260617026, 'a3': 0.1, 'a4': 0.8888888888888888, 'a5': 0.7709405385921992}, 'strength_stiffness': {'strength': 164667.62366643045, 'stiffness': 516533307.5285556, 'E': 3604.9965325919525, 'I': 2372760.0}}, 'model_parameters': [0.7129346744380822, 1.003787667507985, 1.065489432118493, 0.4270345543114641, 0.4325612648189897, 2.41539268850594, 1.4829259736307487, 0.7289313319457675, 0.007843997572643981, 3.84141374642196, 0.626845329317094, 0.011807630768020383, 5.409930740707378, 0.943272641386892], 'min_error': 0.050428738740595336, 'failure_mode': 'Flexure'}, {'column_id': 'col_02', 'type': 'rectangular', 'fy': 60, 'fpc': 4.0, 'depth': 78.0, 'width': 60.0, 'nLongBars': 16.0, 'dLongBars': 2.25, 'sTranBars': 12.0, 'dTranBars': 0.5, 'axLoad': 0.1, 'height': 248.40000000000003, 'column_parameters': {'nd_params': {'a0': 3.1846153846153853, 'a1': 0.20390144626664522, 'a2': 0.02454369260617026, 'a3': 0.1, 'a4': 0.8888888888888888, 'a5': 0.7709405385921992}, 'strength_stiffness': {'strength': 164667.62366643045, 'stiffness': 516533307.5285556, 'E': 3604.9965325919525, 'I': 2372760.0}}, 'model_parameters': [0.7129346744380822, 1.003787667507985, 1.065489432118493, 0.4270345543114641, 0.4325612648189897, 2.41539268850594, 1.4829259736307487, 0.7289313319457675, 0.007843997572643981, 3.84141374642196, 0.626845329317094, 0.011807630768020383, 5.409930740707378, 0.943272641386892], 'min_error': 0.050428738740595336, 'failure_mode': 'Flexure'}, {'column_id': 'col_03', 'type': 'rectangular', 'fy': 60, 'fpc': 4.0, 'depth': 78.0, 'width': 60.0, 'nLongBars': 16.0, 'dLongBars': 2.25, 'sTranBars': 12.0, 'dTranBars': 0.5, 'axLoad': 0.1, 'height': 248.40000000000003, 'column_parameters': {'nd_params': {'a0': 3.1846153846153853, 'a1': 0.20390144626664522, 'a2': 0.02454369260617026, 'a3': 0.1, 'a4': 0.8888888888888888, 'a5': 0.7709405385921992}, 'strength_stiffness': {'strength': 164667.62366643045, 'stiffness': 516533307.5285556, 'E': 3604.9965325919525, 'I': 2372760.0}}, 'model_parameters': [0.7129346744380822, 1.003787667507985, 1.065489432118493, 0.4270345543114641, 0.4325612648189897, 2.41539268850594, 1.4829259736307487, 0.7289313319457675, 0.007843997572643981, 3.84141374642196, 0.626845329317094, 0.011807630768020383, 5.409930740707378, 0.943272641386892], 'min_error': 0.050428738740595336, 'failure_mode': 'Flexure'}, {'column_id': 'col_04', 'type': 'rectangular', 'fy': 60, 'fpc': 4.0, 'depth': 78.0, 'width': 60.0, 'nLongBars': 16.0, 'dLongBars': 2.25, 'sTranBars': 12.0, 'dTranBars': 0.5, 'axLoad': 0.1, 'height': 248.40000000000003, 'column_parameters': {'nd_params': {'a0': 3.1846153846153853, 'a1': 0.20390144626664522, 'a2': 0.02454369260617026, 'a3': 0.1, 'a4': 0.8888888888888888, 'a5': 0.7709405385921992}, 'strength_stiffness': {'strength': 164667.62366643045, 'stiffness': 516533307.5285556, 'E': 3604.9965325919525, 'I': 2372760.0}}, 'model_parameters': [0.7129346744380822, 1.003787667507985, 1.065489432118493, 0.4270345543114641, 0.4325612648189897, 2.41539268850594, 1.4829259736307487, 0.7289313319457675, 0.007843997572643981, 3.84141374642196, 0.626845329317094, 0.011807630768020383, 5.409930740707378, 0.943272641386892], 'min_error': 0.050428738740595336, 'failure_mode': 'Flexure'}]",0.050428738740595336,Flexure
1537,-122.27048608324948,37.81633398667446,"[mcth,19th]",as_13,sycamore_27th_aerial,p_007,sycamore and 27th,"[red,orange,yellow]",74.0,piles,3,"[{'column_id': 'col_01', 'type': 'rectangular', 'fy': 60, 'fpc': 4.0, 'depth': 60.0, 'width': 60.0, 'nLongBars': 20.0, 'dLongBars': 1.75, 'sTranBars': 12.0, 'dTranBars': 0.5, 'axLoad': 0.1, 'height': 153.48, 'column_parameters': {'nd_params': {'a0': 2.558, 'a1': 0.20044015628372377, 'a2': 0.02454369260617026, 'a3': 0.1, 'a4': 1.1428571428571428, 'a5': 0.8411859373627983}, 'strength_stiffness': {'strength': 96254.73575911166, 'stiffness': 380511752.8537244, 'E': 3604.9965325919525, 'I': 1080000.0}}, 'model_parameters': [0.7956949183937332, 1.0034118138857517, 1.0327128787868676, 0.43771047837145605, 0.4671729695047476, 2.512057479934364, 1.5029975026872673, 0.7328452344716593, 0.007809855236508343, 3.9855380777714795, 0.6566416674003072, 0.01240093405919716, 5.159901043272168, 0.9071884835322104], 'min_error': 0.04732733217775973, 'failure_mode': 'Flexure'}, {'column_id': 'col_02', 'type': 'rectangular', 'fy': 60, 'fpc': 4.0, 'depth': 60.0, 'width': 60.0, 'nLongBars': 20.0, 'dLongBars': 1.75, 'sTranBars': 12.0, 'dTranBars': 0.5, 'axLoad': 0.1, 'height': 153.48, 'column_parameters': {'nd_params': {'a0': 2.558, 'a1': 0.20044015628372377, 'a2': 0.02454369260617026, 'a3': 0.1, 'a4': 1.1428571428571428, 'a5': 0.8411859373627983}, 'strength_stiffness': {'strength': 96254.73575911166, 'stiffness': 380511752.8537244, 'E': 3604.9965325919525, 'I': 1080000.0}}, 'model_parameters': [0.7956949183937332, 1.0034118138857517, 1.0327128787868676, 0.43771047837145605, 0.4671729695047476, 2.512057479934364, 1.5029975026872673, 0.7328452344716593, 0.007809855236508343, 3.9855380777714795, 0.6566416674003072, 0.01240093405919716, 5.159901043272168, 0.9071884835322104], 'min_error': 0.04732733217775973, 'failure_mode': 'Flexure'}, {'column_id': 'col_03', 'type': 'rectangular', 'fy': 60, 'fpc': 4.0, 'depth': 60.0, 'width': 60.0, 'nLongBars': 20.0, 'dLongBars': 1.75, 'sTranBars': 12.0, 'dTranBars': 0.5, 'axLoad': 0.1, 'height': 153.48, 'column_parameters': {'nd_params': {'a0': 2.558, 'a1': 0.20044015628372377, 'a2': 0.02454369260617026, 'a3': 0.1, 'a4': 1.1428571428571428, 'a5': 0.8411859373627983}, 'strength_stiffness': {'strength': 96254.73575911166, 'stiffness': 380511752.8537244, 'E': 3604.9965325919525, 'I': 1080000.0}}, 'model_parameters': [0.7956949183937332, 1.0034118138857517, 1.0327128787868676, 0.43771047837145605, 0.4671729695047476, 2.512057479934364, 1.5029975026872673, 0.7328452344716593, 0.007809855236508343, 3.9855380777714795, 0.6566416674003072, 0.01240093405919716, 5.159901043272168, 0.9071884835322104], 'min_error': 0.04732733217775973, 'failure_mode': 'Flexure'}]",0.04732733217775973,Flexure
1538,-122.27042715168575,37.816511988614636,"[mcth,19th]",as_13,sycamore_27th_aerial,p_008,sycamore and 27th,"[red,orange,yellow]",76.5,piles,3,"[{'column_id': 'col_01', 'type': 'rectangular', 'fy': 60, 'fpc': 4.0, 'depth': 60.0, 'width': 60.0, 'nLongBars': 20.0, 'dLongBars': 1.75, 'sTranBars': 12.0, 'dTranBars': 0.5, 'axLoad': 0.1, 'height': 173.16, 'column_parameters': {'nd_params': {'a0': 2.886, 'a1': 0.20044015628372377, 'a2': 0.02454369260617026, 'a3': 0.1, 'a4': 1.1428571428571428, 'a5': 0.7975544289662808}, 'strength_stiffness': {'strength': 96254.73575911166, 'stiffness': 337265787.87242794, 'E': 3604.9965325919525, 'I': 1080000.0}}, 'model_parameters': [0.7743578769980737, 0.9978259770310626, 1.0670317433351217, 0.4254026039946349, 0.464980067630243, 2.446122640258334, 1.574802048316941, 0.737385411470886, 0.007636579414707677, 3.914143448438548, 0.6528832052130181, 0.011597899442456924, 5.300448450496235, 0.9207375043580976], 'min_error': 0.047944454716330194, 'failure_mode': 'Flexure'}, {'column_id': 'col_02', 'type': 'rectangular', 'fy': 60, 'fpc': 4.0, 'depth': 60.0, 'width': 60.0, 'nLongBars': 20.0, 'dLongBars': 1.75, 'sTranBars': 12.0, 'dTranBars': 0.5, 'axLoad': 0.1, 'height': 173.16, 'column_parameters': {'nd_params': {'a0': 2.886, 'a1': 0.20044015628372377, 'a2': 0.02454369260617026, 'a3': 0.1, 'a4': 1.1428571428571428, 'a5': 0.7975544289662808}, 'strength_stiffness': {'strength': 96254.73575911166, 'stiffness': 337265787.87242794, 'E': 3604.9965325919525, 'I': 1080000.0}}, 'model_parameters': [0.7743578769980737, 0.9978259770310626, 1.0670317433351217, 0.4254026039946349, 0.464980067630243, 2.446122640258334, 1.574802048316941, 0.737385411470886, 0.007636579414707677, 3.914143448438548, 0.6528832052130181, 0.011597899442456924, 5.300448450496235, 0.9207375043580976], 'min_error': 0.047944454716330194, 'failure_mode': 'Flexure'}, {'column_id': 'col_03', 'type': 'rectangular', 'fy': 60, 'fpc': 4.0, 'depth': 60.0, 'width': 60.0, 'nLongBars': 20.0, 'dLongBars': 1.75, 'sTranBars': 12.0, 'dTranBars': 0.5, 'axLoad': 0.1, 'height': 173.16, 'column_parameters': {'nd_params': {'a0': 2.886, 'a1': 0.20044015628372377, 'a2': 0.02454369260617026, 'a3': 0.1, 'a4': 1.1428571428571428, 'a5': 0.7975544289662808}, 'strength_stiffness': {'strength': 96254.73575911166, 'stiffness': 337265787.87242794, 'E': 3604.9965325919525, 'I': 1080000.0}}, 'model_parameters': [0.7743578769980737, 0.9978259770310626, 1.0670317433351217, 0.4254026039946349, 0.464980067630243, 2.446122640258334, 1.574802048316941, 0.737385411470886, 0.007636579414707677, 3.914143448438548, 0.6528832052130181, 0.011597899442456924, 5.300448450496235, 0.9207375043580976], 'min_error': 0.047944454716330194, 'failure_mode': 'Flexure'}]",0.047944454716330194,Flexure
1539,-122.27035443843471,37.81673032833017,"[mcth,19th]",as_13,sycamore_27th_aerial,p_009,sycamore and 27th,"[red,orange,yellow]",78.0,piles,3,"[{'column_id': 'col_01', 'type': 'rectangular', 'fy': 60, 'fpc': 4.0, 'depth': 60.0, 'width': 60.0, 'nLongBars': 20.0, 'dLongBars': 1.75, 'sTranBars': 12.0, 'dTranBars': 0.5, 'axLoad': 0.1, 'height': 158.64, 'column_parameters': {'nd_params': {'a0': 2.6439999999999997, 'a1': 0.20044015628372377, 'a2': 0.02454369260617026, 'a3': 0.1, 'a4': 1.1428571428571428, 'a5': 0.8292907489746015}, 'strength_stiffness': {'strength': 96254.73575911166, 'stiffness': 368135046.8229301, 'E': 3604.9965325919525, 'I': 1080000.0}}, 'model_parameters': [0.803775929250983, 1.002413624329536, 1.0426093665758553, 0.4341353519741847, 0.47163107848223595, 2.4682012746562982, 1.5290750433928835, 0.7341317071078051, 0.00776308763393188, 3.9690491197682283, 0.6556837214540955, 0.0121177607559465, 5.196865204313305, 0.9103376451692172], 'min_error': 0.047448443925937, 'failure_mode': 'Flexure'}, {'column_id': 'col_02', 'type': 'rectangular', 'fy': 60, 'fpc': 4.0, 'depth': 60.0, 'width': 60.0, 'nLongBars': 20.0, 'dLongBars': 1.75, 'sTranBars': 12.0, 'dTranBars': 0.5, 'axLoad': 0.1, 'height': 158.64, 'column_parameters': {'nd_params': {'a0': 2.6439999999999997, 'a1': 0.20044015628372377, 'a2': 0.02454369260617026, 'a3': 0.1, 'a4': 1.1428571428571428, 'a5': 0.8292907489746015}, 'strength_stiffness': {'strength': 96254.73575911166, 'stiffness': 368135046.8229301, 'E': 3604.9965325919525, 'I': 1080000.0}}, 'model_parameters': [0.803775929250983, 1.002413624329536, 1.0426093665758553, 0.4341353519741847, 0.47163107848223595, 2.4682012746562982, 1.5290750433928835, 0.7341317071078051, 0.00776308763393188, 3.9690491197682283, 0.6556837214540955, 0.0121177607559465, 5.196865204313305, 0.9103376451692172], 'min_error': 0.047448443925937, 'failure_mode': 'Flexure'}, {'column_id': 'col_03', 'type': 'rectangular', 'fy': 60, 'fpc': 4.0, 'depth': 60.0, 'width': 60.0, 'nLongBars': 20.0, 'dLongBars': 1.75, 'sTranBars': 12.0, 'dTranBars': 0.5, 'axLoad': 0.1, 'height': 158.64, 'column_parameters': {'nd_params': {'a0': 2.6439999999999997, 'a1': 0.20044015628372377, 'a2': 0.02454369260617026, 'a3': 0.1, 'a4': 1.1428571428571428, 'a5': 0.8292907489746015}, 'strength_stiffness': {'strength': 96254.73575911166, 'stiffness': 368135046.8229301, 'E': 3604.9965325919525, 'I': 1080000.0}}, 'model_parameters': [0.803775929250983, 1.002413624329536, 1.0426093665758553, 0.4341353519741847, 0.47163107848223595, 2.4682012746562982, 1.5290750433928835, 0.7341317071078051, 0.00776308763393188, 3.9690491197682283, 0.6556837214540955, 0.0121177607559465, 5.196865204313305, 0.9103376451692172], 'min_error': 0.047448443925937, 'failure_mode': 'Flexure'}]",0.047448443925937,Flexure
1540,-122.26975209480382,37.81869072876098,"[mcth,19th]",as_12,29th_st_aerial,p_013,29th street oakland,"[red,orange,yellow]",52.5,piles,4,"[{'column_id': 'col_01', 'type': 'rectangular', 'fy': 60, 'fpc': 4.0, 'depth': 78.0, 'width': 60.0, 'nLongBars': 14.0, 'dLongBars': 1.75, 'sTranBars': 6.0, 'dTranBars': 0.5, 'axLoad': 0.1, 'height': 234.0, 'column_parameters': {'nd_params': {'a0': 3.0, 'a1': 0.10792931492200512, 'a2': 0.04908738521234052, 'a3': 0.1, 'a4': 0.5714285714285714, 'a5': 0.3590432815301359}, 'strength_stiffness': {'strength': 109292.92628214076, 'stiffness': 548319972.6072359, 'E': 3604.9965325919525, 'I': 2372760.0}}, 'model_parameters': [0.7851394095650397, 1.0042430957222852, 1.2313689790553437, 0.4129911315858597, 0.4962582809168935, 1.4658278507745353, 1.3942806618359722, 0.7467389429285954, 0.005266231509404352, 4.319924598525937, 0.7024525156587599, 0.006288847843384399, 5.363145291466142, 0.9318518264267822], 'min_error': 0.05164534723415866, 'failure_mode': 'Flexure'}, {'column_id': 'col_02', 'type': 'rectangular', 'fy': 60, 'fpc': 4.0, 'depth': 78.0, 'width': 60.0, 'nLongBars': 14.0, 'dLongBars': 1.75, 'sTranBars': 6.0, 'dTranBars': 0.5, 'axLoad': 0.1, 'height': 234.0, 'column_parameters': {'nd_params': {'a0': 3.0, 'a1': 0.10792931492200512, 'a2': 0.04908738521234052, 'a3': 0.1, 'a4': 0.5714285714285714, 'a5': 0.3590432815301359}, 'strength_stiffness': {'strength': 109292.92628214076, 'stiffness': 548319972.6072359, 'E': 3604.9965325919525, 'I': 2372760.0}}, 'model_parameters': [0.7851394095650397, 1.0042430957222852, 1.2313689790553437, 0.4129911315858597, 0.4962582809168935, 1.4658278507745353, 1.3942806618359722, 0.7467389429285954, 0.005266231509404352, 4.319924598525937, 0.7024525156587599, 0.006288847843384399, 5.363145291466142, 0.9318518264267822], 'min_error': 0.05164534723415866, 'failure_mode': 'Flexure'}, {'column_id': 'col_03', 'type': 'rectangular', 'fy': 60, 'fpc': 4.0, 'depth': 78.0, 'width': 60.0, 'nLongBars': 14.0, 'dLongBars': 1.75, 'sTranBars': 6.0, 'dTranBars': 0.5, 'axLoad': 0.1, 'height': 234.0, 'column_parameters': {'nd_params': {'a0': 3.0, 'a1': 0.10792931492200512, 'a2': 0.04908738521234052, 'a3': 0.1, 'a4': 0.5714285714285714, 'a5': 0.3590432815301359}, 'strength_stiffness': {'strength': 109292.92628214076, 'stiffness': 548319972.6072359, 'E': 3604.9965325919525, 'I': 2372760.0}}, 'model_parameters': [0.7851394095650397, 1.0042430957222852, 1.2313689790553437, 0.4129911315858597, 0.4962582809168935, 1.4658278507745353, 1.3942806618359722, 0.7467389429285954, 0.005266231509404352, 4.319924598525937, 0.7024525156587599, 0.006288847843384399, 5.363145291466142, 0.9318518264267822], 'min_error': 0.05164534723415866, 'failure_mode': 'Flexure'}, {'column_id': 'col_04', 'type': 'rectangular', 'fy': 60, 'fpc': 4.0, 'depth': 78.0, 'width': 60.0, 'nLongBars': 14.0, 'dLongBars': 1.75, 'sTranBars': 6.0, 'dTranBars': 0.5, 'axLoad': 0.1, 'height': 234.0, 'column_parameters': {'nd_params': {'a0': 3.0, 'a1': 0.10792931492200512, 'a2': 0.04908738521234052, 'a3': 0.1, 'a4': 0.5714285714285714, 'a5': 0.3590432815301359}, 'strength_stiffness': {'strength': 109292.92628214076, 'stiffness': 548319972.6072359, 'E': 3604.9965325919525, 'I': 2372760.0}}, 'model_parameters': [0.7851394095650397, 1.0042430957222852, 1.2313689790553437, 0.4129911315858597, 0.4962582809168935, 1.4658278507745353, 1.3942806618359722, 0.7467389429285954, 0.005266231509404352, 4.319924598525937, 0.7024525156587599, 0.006288847843384399, 5.363145291466142, 0.9318518264267822], 'min_error': 0.05164534723415866, 'failure_mode': 'Flexure'}]",0.05164534723415866,Flexure
1541,-122.26970365766329,37.8188673971195,"[mcth,19th]",as_12,29th_st_aerial,p_014,29th street oakland,"[red,orange,yellow]",52.5,piles,4,"[{'column_id': 'col_01', 'type': 'rectangular', 'fy': 60, 'fpc': 4.0, 'depth': 78.0, 'width': 60.0, 'nLongBars': 14.0, 'dLongBars': 1.75, 'sTranBars': 6.0, 'dTranBars': 0.5, 'axLoad': 0.1, 'height': 234.0, 'column_parameters': {'nd_params': {'a0': 3.0, 'a1': 0.10792931492200512, 'a2': 0.04908738521234052, 'a3': 0.1, 'a4': 0.5714285714285714, 'a5': 0.3590432815301359}, 'strength_stiffness': {'strength': 109292.92628214076, 'stiffness': 548319972.6072359, 'E': 3604.9965325919525, 'I': 2372760.0}}, 'model_parameters': [0.7851394095650397, 1.0042430957222852, 1.2313689790553437, 0.4129911315858597, 0.4962582809168935, 1.4658278507745353, 1.3942806618359722, 0.7467389429285954, 0.005266231509404352, 4.319924598525937, 0.7024525156587599, 0.006288847843384399, 5.363145291466142, 0.9318518264267822], 'min_error': 0.05164534723415866, 'failure_mode': 'Flexure'}, {'column_id': 'col_02', 'type': 'rectangular', 'fy': 60, 'fpc': 4.0, 'depth': 78.0, 'width': 60.0, 'nLongBars': 14.0, 'dLongBars': 1.75, 'sTranBars': 6.0, 'dTranBars': 0.5, 'axLoad': 0.1, 'height': 234.0, 'column_parameters': {'nd_params': {'a0': 3.0, 'a1': 0.10792931492200512, 'a2': 0.04908738521234052, 'a3': 0.1, 'a4': 0.5714285714285714, 'a5': 0.3590432815301359}, 'strength_stiffness': {'strength': 109292.92628214076, 'stiffness': 548319972.6072359, 'E': 3604.9965325919525, 'I': 2372760.0}}, 'model_parameters': [0.7851394095650397, 1.0042430957222852, 1.2313689790553437, 0.4129911315858597, 0.4962582809168935, 1.4658278507745353, 1.3942806618359722, 0.7467389429285954, 0.005266231509404352, 4.319924598525937, 0.7024525156587599, 0.006288847843384399, 5.363145291466142, 0.9318518264267822], 'min_error': 0.05164534723415866, 'failure_mode': 'Flexure'}, {'column_id': 'col_03', 'type': 'rectangular', 'fy': 60, 'fpc': 4.0, 'depth': 78.0, 'width': 60.0, 'nLongBars': 14.0, 'dLongBars': 1.75, 'sTranBars': 6.0, 'dTranBars': 0.5, 'axLoad': 0.1, 'height': 234.0, 'column_parameters': {'nd_params': {'a0': 3.0, 'a1': 0.10792931492200512, 'a2': 0.04908738521234052, 'a3': 0.1, 'a4': 0.5714285714285714, 'a5': 0.3590432815301359}, 'strength_stiffness': {'strength': 109292.92628214076, 'stiffness': 548319972.6072359, 'E': 3604.9965325919525, 'I': 2372760.0}}, 'model_parameters': [0.7851394095650397, 1.0042430957222852, 1.2313689790553437, 0.4129911315858597, 0.4962582809168935, 1.4658278507745353, 1.3942806618359722, 0.7467389429285954, 0.005266231509404352, 4.319924598525937, 0.7024525156587599, 0.006288847843384399, 5.363145291466142, 0.9318518264267822], 'min_error': 0.05164534723415866, 'failure_mode': 'Flexure'}, {'column_id': 'col_04', 'type': 'rectangular', 'fy': 60, 'fpc': 4.0, 'depth': 78.0, 'width': 60.0, 'nLongBars': 14.0, 'dLongBars': 1.75, 'sTranBars': 6.0, 'dTranBars': 0.5, 'axLoad': 0.1, 'height': 234.0, 'column_parameters': {'nd_params': {'a0': 3.0, 'a1': 0.10792931492200512, 'a2': 0.04908738521234052, 'a3': 0.1, 'a4': 0.5714285714285714, 'a5': 0.3590432815301359}, 'strength_stiffness': {'strength': 109292.92628214076, 'stiffness': 548319972.6072359, 'E': 3604.9965325919525, 'I': 2372760.0}}, 'model_parameters': [0.7851394095650397, 1.0042430957222852, 1.2313689790553437, 0.4129911315858597, 0.4962582809168935, 1.4658278507745353, 1.3942806618359722, 0.7467389429285954, 0.005266231509404352, 4.319924598525937, 0.7024525156587599, 0.006288847843384399, 5.363145291466142, 0.9318518264267822], 'min_error': 0.05164534723415866, 'failure_mode': 'Flexure'}]",0.05164534723415866,Flexure
1542,-122.26958284210443,37.819308177880444,"[mcth,19th]",as_11,30th_st_aerial,p_017,30th street oakland,"[red,orange,yellow]",52.5,piles,4,"[{'column_id': 'col_01', 'type': 'rectangular', 'fy': 60, 'fpc': 4.0, 'depth': 78.0, 'width': 60.0, 'nLongBars': 14.0, 'dLongBars': 1.75, 'sTranBars': 6.0, 'dTranBars': 0.5, 'axLoad': 0.1, 'height': 222.0, 'column_parameters': {'nd_params': {'a0': 2.846153846153846, 'a1': 0.10792931492200512, 'a2': 0.04908738521234052, 'a3': 0.1, 'a4': 0.5714285714285714, 'a5': 0.3711435834166099}, 'strength_stiffness': {'strength': 109292.92628214076, 'stiffness': 577958890.045465, 'E': 3604.9965325919525, 'I': 2372760.0}}, 'model_parameters': [0.82950333362059, 1.0033567142282724, 1.2207855248485278, 0.4185850220907081, 0.5293088411349173, 1.4632035585706165, 1.4006376340834505, 0.7447100103274188, 0.005346359309938409, 4.372910974671667, 0.7092457456664196, 0.0059703251659878175, 5.362552202346585, 0.8976575613447498], 'min_error': 0.05121467233976248, 'failure_mode': 'Flexure'}, {'column_id': 'col_02', 'type': 'rectangular', 'fy': 60, 'fpc': 4.0, 'depth': 78.0, 'width': 60.0, 'nLongBars': 14.0, 'dLongBars': 1.75, 'sTranBars': 6.0, 'dTranBars': 0.5, 'axLoad': 0.1, 'height': 222.0, 'column_parameters': {'nd_params': {'a0': 2.846153846153846, 'a1': 0.10792931492200512, 'a2': 0.04908738521234052, 'a3': 0.1, 'a4': 0.5714285714285714, 'a5': 0.3711435834166099}, 'strength_stiffness': {'strength': 109292.92628214076, 'stiffness': 577958890.045465, 'E': 3604.9965325919525, 'I': 2372760.0}}, 'model_parameters': [0.82950333362059, 1.0033567142282724, 1.2207855248485278, 0.4185850220907081, 0.5293088411349173, 1.4632035585706165, 1.4006376340834505, 0.7447100103274188, 0.005346359309938409, 4.372910974671667, 0.7092457456664196, 0.0059703251659878175, 5.362552202346585, 0.8976575613447498], 'min_error': 0.05121467233976248, 'failure_mode': 'Flexure'}, {'column_id': 'col_03', 'type': 'rectangular', 'fy': 60, 'fpc': 4.0, 'depth': 78.0, 'width': 60.0, 'nLongBars': 14.0, 'dLongBars': 1.75, 'sTranBars': 6.0, 'dTranBars': 0.5, 'axLoad': 0.1, 'height': 222.0, 'column_parameters': {'nd_params': {'a0': 2.846153846153846, 'a1': 0.10792931492200512, 'a2': 0.04908738521234052, 'a3': 0.1, 'a4': 0.5714285714285714, 'a5': 0.3711435834166099}, 'strength_stiffness': {'strength': 109292.92628214076, 'stiffness': 577958890.045465, 'E': 3604.9965325919525, 'I': 2372760.0}}, 'model_parameters': [0.82950333362059, 1.0033567142282724, 1.2207855248485278, 0.4185850220907081, 0.5293088411349173, 1.4632035585706165, 1.4006376340834505, 0.7447100103274188, 0.005346359309938409, 4.372910974671667, 0.7092457456664196, 0.0059703251659878175, 5.362552202346585, 0.8976575613447498], 'min_error': 0.05121467233976248, 'failure_mode': 'Flexure'}, {'column_id': 'col_04', 'type': 'rectangular', 'fy': 60, 'fpc': 4.0, 'depth': 78.0, 'width': 60.0, 'nLongBars': 14.0, 'dLongBars': 1.75, 'sTranBars': 6.0, 'dTranBars': 0.5, 'axLoad': 0.1, 'height': 222.0, 'column_parameters': {'nd_params': {'a0': 2.846153846153846, 'a1': 0.10792931492200512, 'a2': 0.04908738521234052, 'a3': 0.1, 'a4': 0.5714285714285714, 'a5': 0.3711435834166099}, 'strength_stiffness': {'strength': 109292.92628214076, 'stiffness': 577958890.045465, 'E': 3604.9965325919525, 'I': 2372760.0}}, 'model_parameters': [0.82950333362059, 1.0033567142282724, 1.2207855248485278, 0.4185850220907081, 0.5293088411349173, 1.4632035585706165, 1.4006376340834505, 0.7447100103274188, 0.005346359309938409, 4.372910974671667, 0.7092457456664196, 0.0059703251659878175, 5.362552202346585, 0.8976575613447498], 'min_error': 0.05121467233976248, 'failure_mode': 'Flexure'}]",0.05121467233976248,Flexure
1543,-122.2695343694132,37.819484841176255,"[mcth,19th]",as_11,30th_st_aerial,p_018,30th street oakland,"[red,orange,yellow]",52.5,piles,4,"[{'column_id': 'col_01', 'type': 'rectangular', 'fy': 60, 'fpc': 4.0, 'depth': 78.0, 'width': 60.0, 'nLongBars': 14.0, 'dLongBars': 1.75, 'sTranBars': 6.0, 'dTranBars': 0.5, 'axLoad': 0.1, 'height': 222.0, 'column_parameters': {'nd_params': {'a0': 2.846153846153846, 'a1': 0.10792931492200512, 'a2': 0.04908738521234052, 'a3': 0.1, 'a4': 0.5714285714285714, 'a5': 0.3711435834166099}, 'strength_stiffness': {'strength': 109292.92628214076, 'stiffness': 577958890.045465, 'E': 3604.9965325919525, 'I': 2372760.0}}, 'model_parameters': [0.82950333362059, 1.0033567142282724, 1.2207855248485278, 0.4185850220907081, 0.5293088411349173, 1.4632035585706165, 1.4006376340834505, 0.7447100103274188, 0.005346359309938409, 4.372910974671667, 0.7092457456664196, 0.0059703251659878175, 5.362552202346585, 0.8976575613447498], 'min_error': 0.05121467233976248, 'failure_mode': 'Flexure'}, {'column_id': 'col_02', 'type': 'rectangular', 'fy': 60, 'fpc': 4.0, 'depth': 78.0, 'width': 60.0, 'nLongBars': 14.0, 'dLongBars': 1.75, 'sTranBars': 6.0, 'dTranBars': 0.5, 'axLoad': 0.1, 'height': 222.0, 'column_parameters': {'nd_params': {'a0': 2.846153846153846, 'a1': 0.10792931492200512, 'a2': 0.04908738521234052, 'a3': 0.1, 'a4': 0.5714285714285714, 'a5': 0.3711435834166099}, 'strength_stiffness': {'strength': 109292.92628214076, 'stiffness': 577958890.045465, 'E': 3604.9965325919525, 'I': 2372760.0}}, 'model_parameters': [0.82950333362059, 1.0033567142282724, 1.2207855248485278, 0.4185850220907081, 0.5293088411349173, 1.4632035585706165, 1.4006376340834505, 0.7447100103274188, 0.005346359309938409, 4.372910974671667, 0.7092457456664196, 0.0059703251659878175, 5.362552202346585, 0.8976575613447498], 'min_error': 0.05121467233976248, 'failure_mode': 'Flexure'}, {'column_id': 'col_03', 'type': 'rectangular', 'fy': 60, 'fpc': 4.0, 'depth': 78.0, 'width': 60.0, 'nLongBars': 14.0, 'dLongBars': 1.75, 'sTranBars': 6.0, 'dTranBars': 0.5, 'axLoad': 0.1, 'height': 222.0, 'column_parameters': {'nd_params': {'a0': 2.846153846153846, 'a1': 0.10792931492200512, 'a2': 0.04908738521234052, 'a3': 0.1, 'a4': 0.5714285714285714, 'a5': 0.3711435834166099}, 'strength_stiffness': {'strength': 109292.92628214076, 'stiffness': 577958890.045465, 'E': 3604.9965325919525, 'I': 2372760.0}}, 'model_parameters': [0.82950333362059, 1.0033567142282724, 1.2207855248485278, 0.4185850220907081, 0.5293088411349173, 1.4632035585706165, 1.4006376340834505, 0.7447100103274188, 0.005346359309938409, 4.372910974671667, 0.7092457456664196, 0.0059703251659878175, 5.362552202346585, 0.8976575613447498], 'min_error': 0.05121467233976248, 'failure_mode': 'Flexure'}, {'column_id': 'col_04', 'type': 'rectangular', 'fy': 60, 'fpc': 4.0, 'depth': 78.0, 'width': 60.0, 'nLongBars': 20.0, 'dLongBars': 1.75, 'sTranBars': 6.0, 'dTranBars': 0.5, 'axLoad': 0.1, 'height': 222.0, 'column_parameters': {'nd_params': {'a0': 2.846153846153846, 'a1': 0.15418473560286444, 'a2': 0.04908738521234052, 'a3': 0.1, 'a4': 0.5714285714285714, 'a5': 0.4617749990614212}, 'strength_stiffness': {'strength': 135981.71485751972, 'stiffness': 577958890.045465, 'E': 3604.9965325919525, 'I': 2372760.0}}, 'model_parameters': [0.8209101058020638, 0.9874306842297257, 1.1913116937292445, 0.4544865713040899, 0.5175200124170507, 1.7272915282820804, 1.415814745373847, 0.7463663435749819, 0.005624096932699382, 4.442881342354481, 0.7827992196196952, 0.00786391091416885, 5.891259118608752, 0.6791508009733762], 'min_error': 0.04594810266423283, 'failure_mode': 'Flexure'}]",0.04594810266423283,Flexure
1544,-122.267706864999,37.8268179319817,"[mcth,19th]",as_10_a,macarthur_blvd_west_aerial,p_021,macarthur boulevard oakland west,"[red,orange,yellow]",40.0,piles,1,"[{'column_id': 'col_01', 'type': 'rectangular', 'fy': 60, 'fpc': 4.0, 'depth': 78.0, 'width': 60.0, 'nLongBars': 20.0, 'dLongBars': 1.75, 'sTranBars': 6.0, 'dTranBars': 0.5, 'axLoad': 0.1, 'height': 198.0, 'column_parameters': {'nd_params': {'a0': 2.5384615384615388, 'a1': 0.15418473560286444, 'a2': 0.04908738521234052, 'a3': 0.1, 'a4': 0.5714285714285714, 'a5': 0.49514957920572}, 'strength_stiffness': {'strength': 135981.71485751972, 'stiffness': 648014513.0812789, 'E': 3604.9965325919525, 'I': 2372760.0}}, 'model_parameters': [0.893570505600629, 0.9931204454383967, 1.1547419479813004, 0.45394205547919125, 0.5459268109831485, 1.657852120856378, 1.3832190612520396, 0.7386524086255334, 0.005778442254280333, 4.532117017163376, 0.7662949271572447, 0.009291503935401903, 5.201829683716374, 0.6300997324442205], 'min_error': 0.048960768469662276, 'failure_mode': 'Flexure'}]",0.048960768469662276,Flexure
1545,-122.26767401766,37.8269565526069,"[mcth,19th]",as_10_a,macarthur_blvd_west_aerial,p_022,macarthur boulevard oakland west,"[red,orange,yellow]",55.0,piles,1,"[{'column_id': 'col_01', 'type': 'rectangular', 'fy': 60, 'fpc': 4.0, 'depth': 78.0, 'width': 60.0, 'nLongBars': 20.0, 'dLongBars': 1.75, 'sTranBars': 6.0, 'dTranBars': 0.5, 'axLoad': 0.1, 'height': 210.0, 'column_parameters': {'nd_params': {'a0': 2.692307692307692, 'a1': 0.15418473560286444, 'a2': 0.04908738521234052, 'a3': 0.1, 'a4': 0.5714285714285714, 'a5': 0.4778802878844099}, 'strength_stiffness': {'strength': 135981.71485751972, 'stiffness': 610985112.3337772, 'E': 3604.9965325919525, 'I': 2372760.0}}, 'model_parameters': [0.8696020375362797, 0.9899591045743148, 1.1738102569040547, 0.4557970137565288, 0.5438944676312085, 1.6808098188143052, 1.4062673015339413, 0.7423583278612725, 0.005698606683969672, 4.492387197875522, 0.7750130694875678, 0.009319806397298012, 5.530961610614284, 0.653517085009047], 'min_error': 0.047458078856804295, 'failure_mode': 'Flexure'}]",0.047458078856804295,Flexure
1546,-122.267642108819,37.8270929491144,"[mcth,19th]",as_10_a,macarthur_blvd_west_aerial,p_023,macarthur boulevard oakland west,"[red,orange,yellow]",45.0,piles,1,"[{'column_id': 'col_01', 'type': 'rectangular', 'fy': 60, 'fpc': 4.0, 'depth': 78.0, 'width': 60.0, 'nLongBars': 20.0, 'dLongBars': 1.75, 'sTranBars': 6.0, 'dTranBars': 0.5, 'axLoad': 0.1, 'height': 222.0, 'column_parameters': {'nd_params': {'a0': 2.846153846153846, 'a1': 0.15418473560286444, 'a2': 0.04908738521234052, 'a3': 0.1, 'a4': 0.5714285714285714, 'a5': 0.4617749990614212}, 'strength_stiffness': {'strength': 135981.71485751972, 'stiffness': 577958890.045465, 'E': 3604.9965325919525, 'I': 2372760.0}}, 'model_parameters': [0.8209101058020638, 0.9874306842297257, 1.1913116937292445, 0.4544865713040899, 0.5175200124170507, 1.7272915282820804, 1.415814745373847, 0.7463663435749819, 0.005624096932699382, 4.442881342354481, 0.7827992196196952, 0.00786391091416885, 5.891259118608752, 0.6791508009733762], 'min_error': 0.04594810266423283, 'failure_mode': 'Flexure'}]",0.04594810266423283,Flexure
1547,-122.267554125436,37.8267868677824,"[mcth,19th]",as_10_b,macarthur_blvd_center_aerial,p_021,macarthur boulevard oakland center,"[red,orange,yellow]",40.0,piles,2,"[{'column_id': 'col_01', 'type': 'rectangular', 'fy': 60, 'fpc': 4.0, 'depth': 78.0, 'width': 60.0, 'nLongBars': 20.0, 'dLongBars': 1.75, 'sTranBars': 6.0, 'dTranBars': 0.5, 'axLoad': 0.1, 'height': 198.0, 'column_parameters': {'nd_params': {'a0': 2.5384615384615388, 'a1': 0.15418473560286444, 'a2': 0.04908738521234052, 'a3': 0.1, 'a4': 0.5714285714285714, 'a5': 0.49514957920572}, 'strength_stiffness': {'strength': 135981.71485751972, 'stiffness': 648014513.0812789, 'E': 3604.9965325919525, 'I': 2372760.0}}, 'model_parameters': [0.893570505600629, 0.9931204454383967, 1.1547419479813004, 0.45394205547919125, 0.5459268109831485, 1.657852120856378, 1.3832190612520396, 0.7386524086255334, 0.005778442254280333, 4.532117017163376, 0.7662949271572447, 0.009291503935401903, 5.201829683716374, 0.6300997324442205], 'min_error': 0.048960768469662276, 'failure_mode': 'Flexure'}, {'column_id': 'col_02', 'type': 'rectangular', 'fy': 60, 'fpc': 4.0, 'depth': 78.0, 'width': 60.0, 'nLongBars': 20.0, 'dLongBars': 1.75, 'sTranBars': 6.0, 'dTranBars': 0.5, 'axLoad': 0.1, 'height': 198.0, 'column_parameters': {'nd_params': {'a0': 2.5384615384615388, 'a1': 0.15418473560286444, 'a2': 0.04908738521234052, 'a3': 0.1, 'a4': 0.5714285714285714, 'a5': 0.49514957920572}, 'strength_stiffness': {'strength': 135981.71485751972, 'stiffness': 648014513.0812789, 'E': 3604.9965325919525, 'I': 2372760.0}}, 'model_parameters': [0.893570505600629, 0.9931204454383967, 1.1547419479813004, 0.45394205547919125, 0.5459268109831485, 1.657852120856378, 1.3832190612520396, 0.7386524086255334, 0.005778442254280333, 4.532117017163376, 0.7662949271572447, 0.009291503935401903, 5.201829683716374, 0.6300997324442205], 'min_error': 0.048960768469662276, 'failure_mode': 'Flexure'}]",0.048960768469662276,Flexure
1548,-122.267515313687,37.8269420644896,"[mcth,19th]",as_10_b,macarthur_blvd_center_aerial,p_022,macarthur boulevard oakland center,"[red,orange,yellow]",55.0,piles,2,"[{'column_id': 'col_01', 'type': 'rectangular', 'fy': 60, 'fpc': 4.0, 'depth': 78.0, 'width': 60.0, 'nLongBars': 20.0, 'dLongBars': 1.75, 'sTranBars': 6.0, 'dTranBars': 0.5, 'axLoad': 0.1, 'height': 210.0, 'column_parameters': {'nd_params': {'a0': 2.692307692307692, 'a1': 0.15418473560286444, 'a2': 0.04908738521234052, 'a3': 0.1, 'a4': 0.5714285714285714, 'a5': 0.4778802878844099}, 'strength_stiffness': {'strength': 135981.71485751972, 'stiffness': 610985112.3337772, 'E': 3604.9965325919525, 'I': 2372760.0}}, 'model_parameters': [0.8696020375362797, 0.9899591045743148, 1.1738102569040547, 0.4557970137565288, 0.5438944676312085, 1.6808098188143052, 1.4062673015339413, 0.7423583278612725, 0.005698606683969672, 4.492387197875522, 0.7750130694875678, 0.009319806397298012, 5.530961610614284, 0.653517085009047], 'min_error': 0.047458078856804295, 'failure_mode': 'Flexure'}, {'column_id': 'col_02', 'type': 'rectangular', 'fy': 60, 'fpc': 4.0, 'depth': 78.0, 'width': 60.0, 'nLongBars': 20.0, 'dLongBars': 1.75, 'sTranBars': 6.0, 'dTranBars': 0.5, 'axLoad': 0.1, 'height': 210.0, 'column_parameters': {'nd_params': {'a0': 2.692307692307692, 'a1': 0.15418473560286444, 'a2': 0.04908738521234052, 'a3': 0.1, 'a4': 0.5714285714285714, 'a5': 0.4778802878844099}, 'strength_stiffness': {'strength': 135981.71485751972, 'stiffness': 610985112.3337772, 'E': 3604.9965325919525, 'I': 2372760.0}}, 'model_parameters': [0.8696020375362797, 0.9899591045743148, 1.1738102569040547, 0.4557970137565288, 0.5438944676312085, 1.6808098188143052, 1.4062673015339413, 0.7423583278612725, 0.005698606683969672, 4.492387197875522, 0.7750130694875678, 0.009319806397298012, 5.530961610614284, 0.653517085009047], 'min_error': 0.047458078856804295, 'failure_mode': 'Flexure'}]",0.047458078856804295,Flexure
1549,-122.267477610799,37.8270868050092,"[mcth,19th]",as_10_b,macarthur_blvd_center_aerial,p_023,macarthur boulevard oakland center,"[red,orange,yellow]",45.0,piles,2,"[{'column_id': 'col_01', 'type': 'rectangular', 'fy': 60, 'fpc': 4.0, 'depth': 78.0, 'width': 60.0, 'nLongBars': 20.0, 'dLongBars': 1.75, 'sTranBars': 6.0, 'dTranBars': 0.5, 'axLoad': 0.1, 'height': 222.0, 'column_parameters': {'nd_params': {'a0': 2.846153846153846, 'a1': 0.15418473560286444, 'a2': 0.04908738521234052, 'a3': 0.1, 'a4': 0.5714285714285714, 'a5': 0.4617749990614212}, 'strength_stiffness': {'strength': 135981.71485751972, 'stiffness': 577958890.045465, 'E': 3604.9965325919525, 'I': 2372760.0}}, 'model_parameters': [0.8209101058020638, 0.9874306842297257, 1.1913116937292445, 0.4544865713040899, 0.5175200124170507, 1.7272915282820804, 1.415814745373847, 0.7463663435749819, 0.005624096932699382, 4.442881342354481, 0.7827992196196952, 0.00786391091416885, 5.891259118608752, 0.6791508009733762], 'min_error': 0.04594810266423283, 'failure_mode': 'Flexure'}, {'column_id': 'col_02', 'type': 'rectangular', 'fy': 60, 'fpc': 4.0, 'depth': 78.0, 'width': 60.0, 'nLongBars': 20.0, 'dLongBars': 1.75, 'sTranBars': 6.0, 'dTranBars': 0.5, 'axLoad': 0.1, 'height': 222.0, 'column_parameters': {'nd_params': {'a0': 2.846153846153846, 'a1': 0.15418473560286444, 'a2': 0.04908738521234052, 'a3': 0.1, 'a4': 0.5714285714285714, 'a5': 0.4617749990614212}, 'strength_stiffness': {'strength': 135981.71485751972, 'stiffness': 577958890.045465, 'E': 3604.9965325919525, 'I': 2372760.0}}, 'model_parameters': [0.8209101058020638, 0.9874306842297257, 1.1913116937292445, 0.4544865713040899, 0.5175200124170507, 1.7272915282820804, 1.415814745373847, 0.7463663435749819, 0.005624096932699382, 4.442881342354481, 0.7827992196196952, 0.00786391091416885, 5.891259118608752, 0.6791508009733762], 'min_error': 0.04594810266423283, 'failure_mode': 'Flexure'}]",0.04594810266423283,Flexure
1550,-122.26739384571,37.8267545957171,"[mcth,19th]",as_10_c,macarthur_blvd_east_aerial,p_021,macarthur boulevard oakland east,"[red,orange,yellow]",40.0,piles,1,"[{'column_id': 'col_01', 'type': 'rectangular', 'fy': 60, 'fpc': 4.0, 'depth': 78.0, 'width': 60.0, 'nLongBars': 20.0, 'dLongBars': 1.75, 'sTranBars': 6.0, 'dTranBars': 0.5, 'axLoad': 0.1, 'height': 198.0, 'column_parameters': {'nd_params': {'a0': 2.5384615384615388, 'a1': 0.15418473560286444, 'a2': 0.04908738521234052, 'a3': 0.1, 'a4': 0.5714285714285714, 'a5': 0.49514957920572}, 'strength_stiffness': {'strength': 135981.71485751972, 'stiffness': 648014513.0812789, 'E': 3604.9965325919525, 'I': 2372760.0}}, 'model_parameters': [0.893570505600629, 0.9931204454383967, 1.1547419479813004, 0.45394205547919125, 0.5459268109831485, 1.657852120856378, 1.3832190612520396, 0.7386524086255334, 0.005778442254280333, 4.532117017163376, 0.7662949271572447, 0.009291503935401903, 5.201829683716374, 0.6300997324442205], 'min_error': 0.048960768469662276, 'failure_mode': 'Flexure'}]",0.048960768469662276,Flexure
1551,-122.267354167508,37.8269189594096,"[mcth,19th]",as_10_c,macarthur_blvd_east_aerial,p_022,macarthur boulevard oakland east,"[red,orange,yellow]",55.0,piles,1,"[{'column_id': 'col_01', 'type': 'rectangular', 'fy': 60, 'fpc': 4.0, 'depth': 78.0, 'width': 60.0, 'nLongBars': 20.0, 'dLongBars': 1.75, 'sTranBars': 6.0, 'dTranBars': 0.5, 'axLoad': 0.1, 'height': 210.0, 'column_parameters': {'nd_params': {'a0': 2.692307692307692, 'a1': 0.15418473560286444, 'a2': 0.04908738521234052, 'a3': 0.1, 'a4': 0.5714285714285714, 'a5': 0.4778802878844099}, 'strength_stiffness': {'strength': 135981.71485751972, 'stiffness': 610985112.3337772, 'E': 3604.9965325919525, 'I': 2372760.0}}, 'model_parameters': [0.8696020375362797, 0.9899591045743148, 1.1738102569040547, 0.4557970137565288, 0.5438944676312085, 1.6808098188143052, 1.4062673015339413, 0.7423583278612725, 0.005698606683969672, 4.492387197875522, 0.7750130694875678, 0.009319806397298012, 5.530961610614284, 0.653517085009047], 'min_error': 0.047458078856804295, 'failure_mode': 'Flexure'}]",0.047458078856804295,Flexure
1552,-122.267323306685,37.8270673042949,"[mcth,19th]",as_10_c,macarthur_blvd_east_aerial,p_023,macarthur boulevard oakland east,"[red,orange,yellow]",45.0,piles,1,"[{'column_id': 'col_01', 'type': 'rectangular', 'fy': 60, 'fpc': 4.0, 'depth': 78.0, 'width': 60.0, 'nLongBars': 20.0, 'dLongBars': 1.75, 'sTranBars': 6.0, 'dTranBars': 0.5, 'axLoad': 0.1, 'height': 222.0, 'column_parameters': {'nd_params': {'a0': 2.846153846153846, 'a1': 0.15418473560286444, 'a2': 0.04908738521234052, 'a3': 0.1, 'a4': 0.5714285714285714, 'a5': 0.4617749990614212}, 'strength_stiffness': {'strength': 135981.71485751972, 'stiffness': 577958890.045465, 'E': 3604.9965325919525, 'I': 2372760.0}}, 'model_parameters': [0.8209101058020638, 0.9874306842297257, 1.1913116937292445, 0.4544865713040899, 0.5175200124170507, 1.7272915282820804, 1.415814745373847, 0.7463663435749819, 0.005624096932699382, 4.442881342354481, 0.7827992196196952, 0.00786391091416885, 5.891259118608752, 0.6791508009733762], 'min_error': 0.04594810266423283, 'failure_mode': 'Flexure'}]",0.04594810266423283,Flexure
1553,-122.26640922165055,37.831117534482026,"[mcth,rock]",as_08_a,42nd_st_a_aerial,p_026,42nd street oakland structure a,[yellow],60.0,piles,1,"[{'column_id': 'col_01', 'type': 'rectangular', 'fy': 60, 'fpc': 4.0, 'depth': 28.0, 'width': 60.0, 'nLongBars': 20.0, 'dLongBars': 1.75, 'sTranBars': 6.0, 'dTranBars': 0.5, 'axLoad': 0.1, 'height': 222.0, 'column_parameters': {'nd_params': {'a0': 7.92857142857143, 'a1': 0.4295146206079795, 'a2': 0.04908738521234052, 'a3': 0.1, 'a4': 0.5714285714285714, 'a5': 0.40321644732287376}, 'strength_stiffness': {'strength': 37994.303824248964, 'stiffness': 26735433.744411666, 'E': 3604.9965325919525, 'I': 109760.0}}, 'model_parameters': [1.05259804008787, 1.039145828032155, 1.2760610511553379, 0.3404571767022633, 0.6319557665857415, 2.0305724205481814, 1.2647801656203193, 0.8176281072669697, 0.006945857160812239, 6.786235907147589, 0.46558771640257446, 0.010369183423587391, 6.816784680103443, 1.0992944070842858], 'min_error': 0.06898516052572148, 'failure_mode': 'Flexure'}]",0.06898516052572148,Flexure
1554,-122.26637432836316,37.831286551438524,"[mcth,rock]",as_08_a,42nd_st_a_aerial,p_027,42nd street oakland structure a,[yellow],60.0,piles,1,"[{'column_id': 'col_01', 'type': 'rectangular', 'fy': 60, 'fpc': 4.0, 'depth': 28.0, 'width': 60.0, 'nLongBars': 20.0, 'dLongBars': 1.75, 'sTranBars': 6.0, 'dTranBars': 0.5, 'axLoad': 0.1, 'height': 222.0, 'column_parameters': {'nd_params': {'a0': 7.92857142857143, 'a1': 0.4295146206079795, 'a2': 0.04908738521234052, 'a3': 0.1, 'a4': 0.5714285714285714, 'a5': 0.40321644732287376}, 'strength_stiffness': {'strength': 37994.303824248964, 'stiffness': 26735433.744411666, 'E': 3604.9965325919525, 'I': 109760.0}}, 'model_parameters': [1.05259804008787, 1.039145828032155, 1.2760610511553379, 0.3404571767022633, 0.6319557665857415, 2.0305724205481814, 1.2647801656203193, 0.8176281072669697, 0.006945857160812239, 6.786235907147589, 0.46558771640257446, 0.010369183423587391, 6.816784680103443, 1.0992944070842858], 'min_error': 0.06898516052572148, 'failure_mode': 'Flexure'}]",0.06898516052572148,Flexure
1555,-122.26640922165055,37.831117534482026,"[mcth,ashb]",as_08_b,42nd_st_b_aerial,p_026,42nd street oakland structure b,"[orange,red]",60.0,piles,2,"[{'column_id': 'col_01', 'type': 'rectangular', 'fy': 60, 'fpc': 4.0, 'depth': 28.0, 'width': 60.0, 'nLongBars': 20.0, 'dLongBars': 1.75, 'sTranBars': 6.0, 'dTranBars': 0.5, 'axLoad': 0.1, 'height': 222.0, 'column_parameters': {'nd_params': {'a0': 7.92857142857143, 'a1': 0.4295146206079795, 'a2': 0.04908738521234052, 'a3': 0.1, 'a4': 0.5714285714285714, 'a5': 0.40321644732287376}, 'strength_stiffness': {'strength': 37994.303824248964, 'stiffness': 26735433.744411666, 'E': 3604.9965325919525, 'I': 109760.0}}, 'model_parameters': [1.05259804008787, 1.039145828032155, 1.2760610511553379, 0.3404571767022633, 0.6319557665857415, 2.0305724205481814, 1.2647801656203193, 0.8176281072669697, 0.006945857160812239, 6.786235907147589, 0.46558771640257446, 0.010369183423587391, 6.816784680103443, 1.0992944070842858], 'min_error': 0.06898516052572148, 'failure_mode': 'Flexure'}, {'column_id': 'col_02', 'type': 'rectangular', 'fy': 60, 'fpc': 4.0, 'depth': 28.0, 'width': 60.0, 'nLongBars': 20.0, 'dLongBars': 1.75, 'sTranBars': 6.0, 'dTranBars': 0.5, 'axLoad': 0.1, 'height': 222.0, 'column_parameters': {'nd_params': {'a0': 7.92857142857143, 'a1': 0.4295146206079795, 'a2': 0.04908738521234052, 'a3': 0.1, 'a4': 0.5714285714285714, 'a5': 0.40321644732287376}, 'strength_stiffness': {'strength': 37994.303824248964, 'stiffness': 26735433.744411666, 'E': 3604.9965325919525, 'I': 109760.0}}, 'model_parameters': [1.05259804008787, 1.039145828032155, 1.2760610511553379, 0.3404571767022633, 0.6319557665857415, 2.0305724205481814, 1.2647801656203193, 0.8176281072669697, 0.006945857160812239, 6.786235907147589, 0.46558771640257446, 0.010369183423587391, 6.816784680103443, 1.0992944070842858], 'min_error': 0.06898516052572148, 'failure_mode': 'Flexure'}]",0.06898516052572148,Flexure
1556,-122.26637432836316,37.831286551438524,"[mcth,ashb]",as_08_b,42nd_st_b_aerial,p_027,42nd street oakland structure b,"[orange,red]",60.0,piles,2,"[{'column_id': 'col_01', 'type': 'rectangular', 'fy': 60, 'fpc': 4.0, 'depth': 28.0, 'width': 60.0, 'nLongBars': 20.0, 'dLongBars': 1.75, 'sTranBars': 6.0, 'dTranBars': 0.5, 'axLoad': 0.1, 'height': 222.0, 'column_parameters': {'nd_params': {'a0': 7.92857142857143, 'a1': 0.4295146206079795, 'a2': 0.04908738521234052, 'a3': 0.1, 'a4': 0.5714285714285714, 'a5': 0.40321644732287376}, 'strength_stiffness': {'strength': 37994.303824248964, 'stiffness': 26735433.744411666, 'E': 3604.9965325919525, 'I': 109760.0}}, 'model_parameters': [1.05259804008787, 1.039145828032155, 1.2760610511553379, 0.3404571767022633, 0.6319557665857415, 2.0305724205481814, 1.2647801656203193, 0.8176281072669697, 0.006945857160812239, 6.786235907147589, 0.46558771640257446, 0.010369183423587391, 6.816784680103443, 1.0992944070842858], 'min_error': 0.06898516052572148, 'failure_mode': 'Flexure'}, {'column_id': 'col_02', 'type': 'rectangular', 'fy': 60, 'fpc': 4.0, 'depth': 28.0, 'width': 60.0, 'nLongBars': 20.0, 'dLongBars': 1.75, 'sTranBars': 6.0, 'dTranBars': 0.5, 'axLoad': 0.1, 'height': 222.0, 'column_parameters': {'nd_params': {'a0': 7.92857142857143, 'a1': 0.4295146206079795, 'a2': 0.04908738521234052, 'a3': 0.1, 'a4': 0.5714285714285714, 'a5': 0.40321644732287376}, 'strength_stiffness': {'strength': 37994.303824248964, 'stiffness': 26735433.744411666, 'E': 3604.9965325919525, 'I': 109760.0}}, 'model_parameters': [1.05259804008787, 1.039145828032155, 1.2760610511553379, 0.3404571767022633, 0.6319557665857415, 2.0305724205481814, 1.2647801656203193, 0.8176281072669697, 0.006945857160812239, 6.786235907147589, 0.46558771640257446, 0.010369183423587391, 6.816784680103443, 1.0992944070842858], 'min_error': 0.06898516052572148, 'failure_mode': 'Flexure'}]",0.06898516052572148,Flexure
1557,-122.26640922165055,37.831117534482026,"[mcth,rock]",as_08_c,42nd_st_c_aerial,p_026,42nd street oakland structure c,[yellow],60.0,piles,1,"[{'column_id': 'col_01', 'type': 'rectangular', 'fy': 60, 'fpc': 4.0, 'depth': 28.0, 'width': 60.0, 'nLongBars': 20.0, 'dLongBars': 1.75, 'sTranBars': 6.0, 'dTranBars': 0.5, 'axLoad': 0.1, 'height': 222.0, 'column_parameters': {'nd_params': {'a0': 7.92857142857143, 'a1': 0.4295146206079795, 'a2': 0.04908738521234052, 'a3': 0.1, 'a4': 0.5714285714285714, 'a5': 0.40321644732287376}, 'strength_stiffness': {'strength': 37994.303824248964, 'stiffness': 26735433.744411666, 'E': 3604.9965325919525, 'I': 109760.0}}, 'model_parameters': [1.05259804008787, 1.039145828032155, 1.2760610511553379, 0.3404571767022633, 0.6319557665857415, 2.0305724205481814, 1.2647801656203193, 0.8176281072669697, 0.006945857160812239, 6.786235907147589, 0.46558771640257446, 0.010369183423587391, 6.816784680103443, 1.0992944070842858], 'min_error': 0.06898516052572148, 'failure_mode': 'Flexure'}]",0.06898516052572148,Flexure
1558,-122.26637432836316,37.831286551438524,"[mcth,rock]",as_08_c,42nd_st_c_aerial,p_027,42nd street oakland structure c,[yellow],60.0,piles,1,"[{'column_id': 'col_01', 'type': 'rectangular', 'fy': 60, 'fpc': 4.0, 'depth': 28.0, 'width': 60.0, 'nLongBars': 20.0, 'dLongBars': 1.75, 'sTranBars': 6.0, 'dTranBars': 0.5, 'axLoad': 0.1, 'height': 222.0, 'column_parameters': {'nd_params': {'a0': 7.92857142857143, 'a1': 0.4295146206079795, 'a2': 0.04908738521234052, 'a3': 0.1, 'a4': 0.5714285714285714, 'a5': 0.40321644732287376}, 'strength_stiffness': {'strength': 37994.303824248964, 'stiffness': 26735433.744411666, 'E': 3604.9965325919525, 'I': 109760.0}}, 'model_parameters': [1.05259804008787, 1.039145828032155, 1.2760610511553379, 0.3404571767022633, 0.6319557665857415, 2.0305724205481814, 1.2647801656203193, 0.8176281072669697, 0.006945857160812239, 6.786235907147589, 0.46558771640257446, 0.010369183423587391, 6.816784680103443, 1.0992944070842858], 'min_error': 0.06898516052572148, 'failure_mode': 'Flexure'}]",0.06898516052572148,Flexure
1559,-122.26640922165055,37.831117534482026,"[mcth,rock]",as_08_d,42nd_st_d_aerial,p_026,42nd street oakland structure d,[yellow],60.0,piles,1,"[{'column_id': 'col_01', 'type': 'rectangular', 'fy': 60, 'fpc': 4.0, 'depth': 28.0, 'width': 60.0, 'nLongBars': 20.0, 'dLongBars': 1.75, 'sTranBars': 6.0, 'dTranBars': 0.5, 'axLoad': 0.1, 'height': 222.0, 'column_parameters': {'nd_params': {'a0': 7.92857142857143, 'a1': 0.4295146206079795, 'a2': 0.04908738521234052, 'a3': 0.1, 'a4': 0.5714285714285714, 'a5': 0.40321644732287376}, 'strength_stiffness': {'strength': 37994.303824248964, 'stiffness': 26735433.744411666, 'E': 3604.9965325919525, 'I': 109760.0}}, 'model_parameters': [1.05259804008787, 1.039145828032155, 1.2760610511553379, 0.3404571767022633, 0.6319557665857415, 2.0305724205481814, 1.2647801656203193, 0.8176281072669697, 0.006945857160812239, 6.786235907147589, 0.46558771640257446, 0.010369183423587391, 6.816784680103443, 1.0992944070842858], 'min_error': 0.06898516052572148, 'failure_mode': 'Flexure'}]",0.06898516052572148,Flexure
1560,-122.26637432836316,37.831286551438524,"[mcth,rock]",as_08_d,42nd_st_d_aerial,p_027,42nd street oakland structure d,[yellow],60.0,piles,1,"[{'column_id': 'col_01', 'type': 'rectangular', 'fy': 60, 'fpc': 4.0, 'depth': 28.0, 'width': 60.0, 'nLongBars': 20.0, 'dLongBars': 1.75, 'sTranBars': 6.0, 'dTranBars': 0.5, 'axLoad': 0.1, 'height': 222.0, 'column_parameters': {'nd_params': {'a0': 7.92857142857143, 'a1': 0.4295146206079795, 'a2': 0.04908738521234052, 'a3': 0.1, 'a4': 0.5714285714285714, 'a5': 0.40321644732287376}, 'strength_stiffness': {'strength': 37994.303824248964, 'stiffness': 26735433.744411666, 'E': 3604.9965325919525, 'I': 109760.0}}, 'model_parameters': [1.05259804008787, 1.039145828032155, 1.2760610511553379, 0.3404571767022633, 0.6319557665857415, 2.0305724205481814, 1.2647801656203193, 0.8176281072669697, 0.006945857160812239, 6.786235907147589, 0.46558771640257446, 0.010369183423587391, 6.816784680103443, 1.0992944070842858], 'min_error': 0.06898516052572148, 'failure_mode': 'Flexure'}]",0.06898516052572148,Flexure
1561,-122.26640922165055,37.831117534482026,"[[mcth,ashb],[mcth,rock]]",as_08_e,42nd_st_e_aerial,p_026,42nd street oakland structure e,"[orange,red,yellow]",60.0,piles,2,"[{'column_id': 'col_01', 'type': 'rectangular', 'fy': 60, 'fpc': 4.0, 'depth': 28.0, 'width': 60.0, 'nLongBars': 20.0, 'dLongBars': 1.75, 'sTranBars': 6.0, 'dTranBars': 0.5, 'axLoad': 0.1, 'height': 222.0, 'column_parameters': {'nd_params': {'a0': 7.92857142857143, 'a1': 0.4295146206079795, 'a2': 0.04908738521234052, 'a3': 0.1, 'a4': 0.5714285714285714, 'a5': 0.40321644732287376}, 'strength_stiffness': {'strength': 37994.303824248964, 'stiffness': 26735433.744411666, 'E': 3604.9965325919525, 'I': 109760.0}}, 'model_parameters': [1.05259804008787, 1.039145828032155, 1.2760610511553379, 0.3404571767022633, 0.6319557665857415, 2.0305724205481814, 1.2647801656203193, 0.8176281072669697, 0.006945857160812239, 6.786235907147589, 0.46558771640257446, 0.010369183423587391, 6.816784680103443, 1.0992944070842858], 'min_error': 0.06898516052572148, 'failure_mode': 'Flexure'}, {'column_id': 'col_02', 'type': 'rectangular', 'fy': 60, 'fpc': 4.0, 'depth': 28.0, 'width': 60.0, 'nLongBars': 20.0, 'dLongBars': 1.75, 'sTranBars': 6.0, 'dTranBars': 0.5, 'axLoad': 0.1, 'height': 222.0, 'column_parameters': {'nd_params': {'a0': 7.92857142857143, 'a1': 0.4295146206079795, 'a2': 0.04908738521234052, 'a3': 0.1, 'a4': 0.5714285714285714, 'a5': 0.40321644732287376}, 'strength_stiffness': {'strength': 37994.303824248964, 'stiffness': 26735433.744411666, 'E': 3604.9965325919525, 'I': 109760.0}}, 'model_parameters': [1.05259804008787, 1.039145828032155, 1.2760610511553379, 0.3404571767022633, 0.6319557665857415, 2.0305724205481814, 1.2647801656203193, 0.8176281072669697, 0.006945857160812239, 6.786235907147589, 0.46558771640257446, 0.010369183423587391, 6.816784680103443, 1.0992944070842858], 'min_error': 0.06898516052572148, 'failure_mode': 'Flexure'}]",0.06898516052572148,Flexure
1562,-122.26637432836316,37.831286551438524,"[[mcth,ashb],[mcth,rock]]",as_08_e,42nd_st_e_aerial,p_027,42nd street oakland structure e,"[orange,red,yellow]",60.0,piles,2,"[{'column_id': 'col_01', 'type': 'rectangular', 'fy': 60, 'fpc': 4.0, 'depth': 28.0, 'width': 60.0, 'nLongBars': 20.0, 'dLongBars': 1.75, 'sTranBars': 6.0, 'dTranBars': 0.5, 'axLoad': 0.1, 'height': 222.0, 'column_parameters': {'nd_params': {'a0': 7.92857142857143, 'a1': 0.4295146206079795, 'a2': 0.04908738521234052, 'a3': 0.1, 'a4': 0.5714285714285714, 'a5': 0.40321644732287376}, 'strength_stiffness': {'strength': 37994.303824248964, 'stiffness': 26735433.744411666, 'E': 3604.9965325919525, 'I': 109760.0}}, 'model_parameters': [1.05259804008787, 1.039145828032155, 1.2760610511553379, 0.3404571767022633, 0.6319557665857415, 2.0305724205481814, 1.2647801656203193, 0.8176281072669697, 0.006945857160812239, 6.786235907147589, 0.46558771640257446, 0.010369183423587391, 6.816784680103443, 1.0992944070842858], 'min_error': 0.06898516052572148, 'failure_mode': 'Flexure'}, {'column_id': 'col_02', 'type': 'rectangular', 'fy': 60, 'fpc': 4.0, 'depth': 28.0, 'width': 60.0, 'nLongBars': 20.0, 'dLongBars': 1.75, 'sTranBars': 6.0, 'dTranBars': 0.5, 'axLoad': 0.1, 'height': 222.0, 'column_parameters': {'nd_params': {'a0': 7.92857142857143, 'a1': 0.4295146206079795, 'a2': 0.04908738521234052, 'a3': 0.1, 'a4': 0.5714285714285714, 'a5': 0.40321644732287376}, 'strength_stiffness': {'strength': 37994.303824248964, 'stiffness': 26735433.744411666, 'E': 3604.9965325919525, 'I': 109760.0}}, 'model_parameters': [1.05259804008787, 1.039145828032155, 1.2760610511553379, 0.3404571767022633, 0.6319557665857415, 2.0305724205481814, 1.2647801656203193, 0.8176281072669697, 0.006945857160812239, 6.786235907147589, 0.46558771640257446, 0.010369183423587391, 6.816784680103443, 1.0992944070842858], 'min_error': 0.06898516052572148, 'failure_mode': 'Flexure'}]",0.06898516052572148,Flexure
1563,-122.26640922165055,37.831117534482026,"[mcth,rock]",as_08_f,42nd_st_f_aerial,p_026,42nd street oakland structure f,[yellow],60.0,piles,1,"[{'column_id': 'col_01', 'type': 'rectangular', 'fy': 60, 'fpc': 4.0, 'depth': 28.0, 'width': 60.0, 'nLongBars': 20.0, 'dLongBars': 1.75, 'sTranBars': 6.0, 'dTranBars': 0.5, 'axLoad': 0.1, 'height': 222.0, 'column_parameters': {'nd_params': {'a0': 7.92857142857143, 'a1': 0.4295146206079795, 'a2': 0.04908738521234052, 'a3': 0.1, 'a4': 0.5714285714285714, 'a5': 0.40321644732287376}, 'strength_stiffness': {'strength': 37994.303824248964, 'stiffness': 26735433.744411666, 'E': 3604.9965325919525, 'I': 109760.0}}, 'model_parameters': [1.05259804008787, 1.039145828032155, 1.2760610511553379, 0.3404571767022633, 0.6319557665857415, 2.0305724205481814, 1.2647801656203193, 0.8176281072669697, 0.006945857160812239, 6.786235907147589, 0.46558771640257446, 0.010369183423587391, 6.816784680103443, 1.0992944070842858], 'min_error': 0.06898516052572148, 'failure_mode': 'Flexure'}]",0.06898516052572148,Flexure
1564,-122.26637432836316,37.831286551438524,"[mcth,rock]",as_08_f,42nd_st_f_aerial,p_027,42nd street oakland structure f,[yellow],60.0,piles,1,"[{'column_id': 'col_01', 'type': 'rectangular', 'fy': 60, 'fpc': 4.0, 'depth': 28.0, 'width': 60.0, 'nLongBars': 20.0, 'dLongBars': 1.75, 'sTranBars': 6.0, 'dTranBars': 0.5, 'axLoad': 0.1, 'height': 222.0, 'column_parameters': {'nd_params': {'a0': 7.92857142857143, 'a1': 0.4295146206079795, 'a2': 0.04908738521234052, 'a3': 0.1, 'a4': 0.5714285714285714, 'a5': 0.40321644732287376}, 'strength_stiffness': {'strength': 37994.303824248964, 'stiffness': 26735433.744411666, 'E': 3604.9965325919525, 'I': 109760.0}}, 'model_parameters': [1.05259804008787, 1.039145828032155, 1.2760610511553379, 0.3404571767022633, 0.6319557665857415, 2.0305724205481814, 1.2647801656203193, 0.8176281072669697, 0.006945857160812239, 6.786235907147589, 0.46558771640257446, 0.010369183423587391, 6.816784680103443, 1.0992944070842858], 'min_error': 0.06898516052572148, 'failure_mode': 'Flexure'}]",0.06898516052572148,Flexure
