Run #, RV_column1, RV_column2, RV_column3, RV_column4, RV_column5, RV_column6, bwpar_1, bwpar_2, bwpar_3, bwpar_4, bwpar_5, bwpar_6, bwpar_7, bwpar_8, bwpar_9, bwpar_10, bwpar_11, bwpar_12, bwpar_13, bwpar_14, bwpar_15, bwpar_1.median, bwpar_2.median, bwpar_3.median, bwpar_4.median, bwpar_5.median, bwpar_6.median, bwpar_7.median, bwpar_8.median, bwpar_9.median, bwpar_10.median, bwpar_11.median, bwpar_12.median, bwpar_13.median, bwpar_14.median, bwpar_15.median, bwpar_1.q5, bwpar_2.q5, bwpar_3.q5, bwpar_4.q5, bwpar_5.q5, bwpar_6.q5, bwpar_7.q5, bwpar_8.q5, bwpar_9.q5, bwpar_10.q5, bwpar_11.q5, bwpar_12.q5, bwpar_13.q5, bwpar_14.q5, bwpar_15.q5, bwpar_1.q95, bwpar_2.q95, bwpar_3.q95, bwpar_4.q95, bwpar_5.q95, bwpar_6.q95, bwpar_7.q95, bwpar_8.q95, bwpar_9.q95, bwpar_10.q95, bwpar_11.q95, bwpar_12.q95, bwpar_13.q95, bwpar_14.q95, bwpar_15.q95, bwpar_1.var, bwpar_2.var, bwpar_3.var, bwpar_4.var, bwpar_5.var, bwpar_6.var, bwpar_7.var, bwpar_8.var, bwpar_9.var, bwpar_10.var, bwpar_11.var, bwpar_12.var, bwpar_13.var, bwpar_14.var, bwpar_15.var, bwpar_1.q5_w_mnoise, bwpar_2.q5_w_mnoise, bwpar_3.q5_w_mnoise, bwpar_4.q5_w_mnoise, bwpar_5.q5_w_mnoise, bwpar_6.q5_w_mnoise, bwpar_7.q5_w_mnoise, bwpar_8.q5_w_mnoise, bwpar_9.q5_w_mnoise, bwpar_10.q5_w_mnoise, bwpar_11.q5_w_mnoise, bwpar_12.q5_w_mnoise, bwpar_13.q5_w_mnoise, bwpar_14.q5_w_mnoise, bwpar_15.q5_w_mnoise, bwpar_1.q95_w_mnoise, bwpar_2.q95_w_mnoise, bwpar_3.q95_w_mnoise, bwpar_4.q95_w_mnoise, bwpar_5.q95_w_mnoise, bwpar_6.q95_w_mnoise, bwpar_7.q95_w_mnoise, bwpar_8.q95_w_mnoise, bwpar_9.q95_w_mnoise, bwpar_10.q95_w_mnoise, bwpar_11.q95_w_mnoise, bwpar_12.q95_w_mnoise, bwpar_13.q95_w_mnoise, bwpar_14.q95_w_mnoise, bwpar_15.q95_w_mnoise, bwpar_1.var_w_mnoise, bwpar_2.var_w_mnoise, bwpar_3.var_w_mnoise, bwpar_4.var_w_mnoise, bwpar_5.var_w_mnoise, bwpar_6.var_w_mnoise, bwpar_7.var_w_mnoise, bwpar_8.var_w_mnoise, bwpar_9.var_w_mnoise, bwpar_10.var_w_mnoise, bwpar_11.var_w_mnoise, bwpar_12.var_w_mnoise, bwpar_13.var_w_mnoise, bwpar_14.var_w_mnoise, bwpar_15.var_w_mnoise
1, 3.0049, 0.16869, 0.07108, 0.2108, 1.3544, 0.51042, 1.7652, 1.0726, 0.55608, 0.94667, 0.61667, 1.2679, 0.61295, 0.69915, 0.02455, 1.299, 1.5287, 0.02719, 3.4275, 0.20139, 0.04094, 0.83233, 0.98251, 1.0753, 0.65774, 0.62049, 2.0679, 1.1007, 0.58105, 0.013813, 3.4008, 0.5303, 0.02381, 4.8797, 0.8646, 0.046504, 0.69765, 0.94775, 0.74107, 0.56785, 0.49788, 1.5096, -0.18773, 0.47875, 0.0086607, 1.9091, 0.10737, 0.016648, 3.2848, 0.40204, 0.034992, 0.96701, 1.0173, 1.4096, 0.74763, 0.7431, 2.6263, 2.3892, 0.68334, 0.018966, 4.8925, 0.95323, 0.030972, 6.4745, 1.3272, 0.058016, 0.0067046, 0.00044664, 0.041296, 0.0029864, 0.0055566, 0.11522, 0.61359, 0.0038677, 9.8124e-06, 0.82241, 0.066112, 1.896e-05, 0.9401, 0.079082, 4.8981e-05, 0.076895, 0.89507, 0.40179, 0.42897, 0.39433, -0.76442, -1.335, 0.30486, 1.5873e-05, -0.76113, -0.30153, 0.012878, 1.817, -0.35721, 0.025442, 1.5878, 1.0699, 1.7489, 0.88651, 0.84666, 4.9003, 3.5365, 0.85723, 0.02761, 7.5627, 1.3621, 0.034742, 7.9424, 2.0864, 0.067566, 0.21093, 0.0028256, 0.16767, 0.019343, 0.018906, 2.9651, 2.1929, 0.028193, 7.0361e-05, 6.4023, 0.25575, 4.4172e-05, 3.467, 0.55176, 0.00016397
2, 2, 0.062, 0.09678, 0.59912, 1.4706, 0.51595, 0.84187, 1.0902, 1.0097, 0.58218, 0.5703, 2.0276, 2.0771, 0.46133, 0.00733, 1.0192, 0.61926, 0.01738, 1.8395, 2.7178, 0.03363, 1.192, 1.0415, 1.2112, 0.52916, 0.38191, 1.5607, 1.2282, 0.53168, 0.0042373, 2.1858, 0.93786, 0.0087753, 2.027, 1.8872, 0.050789, 1.0087, 0.99692, 0.76209, 0.37666, 0.17531, 0.8687, -0.40566, 0.41053, -0.0022609, 0.26045, 0.29759, -0.0061232, -0.37207, 1.2444, 0.03531, 1.3752, 1.0861, 1.6604, 0.68167, 0.5885, 2.2528, 2.8622, 0.65282, 0.010735, 4.1112, 1.5781, 0.023674, 4.426, 2.5301, 0.066268, 0.012408, 0.00073522, 0.074559, 0.008596, 0.015775, 0.17701, 0.98674, 0.0054244, 1.5607e-05, 1.3702, 0.15152, 8.2041e-05, 2.1273, 0.15276, 8.8564e-05, 0.42639, 0.94973, 0.4739, 0.26934, 0.1012, -1.301, -1.4066, 0.24797, -0.010117, -2.1505, -0.02288, -0.0082593, -1.5216, 0.5864, 0.027322, 1.9576, 1.1333, 1.9485, 0.78899, 0.66262, 4.4225, 3.8631, 0.81538, 0.018591, 6.5221, 1.8986, 0.02581, 5.5755, 3.1881, 0.074256, 0.21663, 0.0031142, 0.20094, 0.024953, 0.029125, 3.0269, 2.566, 0.02975, 7.6156e-05, 6.95, 0.34116, 0.00010725, 4.6542, 0.62544, 0.00020355
3, 6.5574, 0.10961, 0.14472, 0.52977, 0.81121, 0.16569, 0.51746, 0.94211, 1.4635, 0.78232, 0.56176, 5.8578, 8.371, 0.05984, 0.00662, 5.3688, 0.91618, 0.03139, 1.3169, 1.2029, 0.08849, 1.1968, 1.0338, 1.0907, 0.77179, 0.49627, 1.5923, 1.3173, 0.6194, 0.002346, 5.2874, 0.85626, 0.025328, 2.8385, 1.9541, 0.063759, 1.0048, 0.99408, 0.65413, 0.59223, 0.31713, 0.95099, -0.35558, 0.49338, -0.004454, 3.31, 0.26886, 0.015877, 0.6055, 1.3385, 0.048273, 1.3889, 1.0735, 1.5274, 0.95134, 0.6754, 2.2336, 2.9903, 0.74543, 0.009146, 7.2648, 1.4437, 0.034779, 5.0714, 2.5697, 0.079245, 0.013633, 0.00058351, 0.070461, 0.011917, 0.01186, 0.15202, 1.0344, 0.0058699, 1.7091e-05, 1.4452, 0.12753, 3.3013e-05, 1.8429, 0.14006, 8.8644e-05, 0.4291, 0.94429, 0.36098, 0.49521, 0.2351, -1.2576, -1.3419, 0.33358, -0.012147, 0.92775, -0.070084, 0.012777, -0.59997, 0.66657, 0.040287, 1.9646, 1.1233, 1.8205, 1.0484, 0.75743, 4.4422, 3.9766, 0.90523, 0.016839, 9.6471, 1.7826, 0.037879, 6.2769, 3.2417, 0.087231, 0.21786, 0.0029625, 0.19684, 0.028273, 0.02521, 3.0019, 2.6137, 0.030195, 7.7639e-05, 7.025, 0.31717, 5.8224e-05, 4.3698, 0.61274, 0.00020363
4, 6.5574, 0.11304, 0.03442, 0.26407, 1.9174, 0.37956, 0.89938, 1.0362, 0.50956, 0.56951, 0.32897, 0.59889, 1.5455, 0.52756, 0.00022, 1.3233, 0.51222, 0.02833, 2.892, 2.4425, 0.0537, 1.1383, 1.0325, 1.1745, 0.68814, 0.30057, 1.9988, 1.2491, 0.69087, 0.0054156, 3.9658, 0.65621, 0.020303, 3.2534, 2.3511, 0.062232, 0.95428, 0.99527, 0.75391, 0.56788, 0.1344, 1.3551, -0.42272, 0.56267, -0.0010873, 1.9414, 0.21511, 0.0098539, 1.5388, 1.8173, 0.046526, 1.3222, 1.0698, 1.5951, 0.80839, 0.46675, 2.6425, 2.9208, 0.81907, 0.011918, 5.9902, 1.0973, 0.030751, 4.9681, 2.885, 0.077939, 0.012511, 0.00051287, 0.065378, 0.0053448, 0.010207, 0.15315, 1.033, 0.0060746, 1.563e-05, 1.5148, 0.071916, 4.0352e-05, 1.0867, 0.10534, 9.1179e-05, 0.37249, 0.94407, 0.4542, 0.44583, 0.048123, -0.8516, -1.4094, 0.40408, -0.0089408, -0.41541, -0.18501, 0.0069839, 0.12668, 1.1006, 0.038615, 1.904, 1.121, 1.8948, 0.93045, 0.55303, 4.8492, 3.9075, 0.97766, 0.019772, 8.347, 1.4974, 0.033621, 6.3802, 3.6017, 0.08585, 0.21674, 0.0028918, 0.19176, 0.021701, 0.023556, 3.0031, 2.6123, 0.0304, 7.6179e-05, 7.0946, 0.26155, 6.5564e-05, 3.6136, 0.57802, 0.00020617
5, 2, 0.41081, 0.05307, 0.38993, 1, 0.92872, 1.2832, 1.0857, 1.4312, 0.47872, 0.15265, 8.6844, 1.0646, 0.72124, 0.00054, 0.34006, 0.0379, 0.00308, 2.3299, 0.71472, 0.0417, 1.1032, 0.99821, 1.2549, 0.38651, 0.28881, 2.5675, 1.1684, 0.65606, 0.0087559, 3.2838, 0.67924, 0.0081608, 3.423, 1.0169, 0.051095, 0.91288, 0.94486, 0.80483, 0.21369, 0.047775, 1.8419, -0.44869, 0.52385, 0.0015601, 1.3398, 0.050319, -0.0066491, 1.0788, 0.37828, 0.034683, 1.2935, 1.0516, 1.7049, 0.55933, 0.52984, 3.2931, 2.7855, 0.78827, 0.015952, 5.2279, 1.3082, 0.022971, 5.7672, 1.6556, 0.067507, 0.013383, 0.0010518, 0.074854, 0.011039, 0.021473, 0.1946, 0.96651, 0.0064606, 1.9139e-05, 1.3969, 0.1462, 8.1068e-05, 2.0311, 0.15075, 9.9559e-05, 0.33587, 0.90187, 0.51699, 0.11426, -0.018136, -0.3025, -1.4561, 0.36746, -0.0059273, -1.0608, -0.27397, -0.0087964, -0.088657, -0.28182, 0.027002, 1.8705, 1.0946, 1.9927, 0.65876, 0.59575, 5.4376, 3.7928, 0.94467, 0.023439, 7.6285, 1.6324, 0.025118, 6.9347, 2.3157, 0.075188, 0.21761, 0.0034307, 0.20123, 0.027396, 0.034822, 3.0445, 2.5458, 0.030786, 7.9687e-05, 6.9767, 0.33583, 0.00010628, 4.558, 0.62343, 0.00021455
6, 4, 0.27284, 0.15335, 0.38003, 1.3889, 0.31767, 1.3748, 0.93121, 1.988, 0.52877, 0.63426, 0.51612, 1.0266, 0.97657, 0.00814, 1.3384, 0.57185, 0.00324, 5.0227, 1.3687, 0.04046, 1.3003, 0.98925, 1.4286, 0.51382, 0.47545, 1.4448, 1.2515, 0.73815, 0.0080954, 4.3744, 0.9, 0.0062042, 3.3531, 1.1289, 0.05088, 1.1272, 0.94435, 0.98547, 0.37344, 0.26234, 0.82478, -0.41923, 0.61676, 0.0016996, 2.5865, 0.26994, -0.0049676, 0.99532, 0.51007, 0.03458, 1.4734, 1.0342, 1.8717, 0.6542, 0.68855, 2.0647, 2.9223, 0.85953, 0.014491, 6.1623, 1.5301, 0.017376, 5.7109, 1.7477, 0.06718, 0.011071, 0.00074523, 0.072566, 0.0072836, 0.016786, 0.14206, 1.0318, 0.0054459, 1.5119e-05, 1.1815, 0.14672, 4.6131e-05, 2.0548, 0.14153, 9.8197e-05, 0.53709, 0.89731, 0.6949, 0.26092, 0.18991, -1.4004, -1.4063, 0.45434, -0.0062128, 0.097381, -0.053963, -0.007689, -0.16766, -0.16022, 0.026864, 2.0635, 1.0812, 2.1622, 0.76672, 0.76098, 4.2899, 3.9094, 1.022, 0.022404, 8.6515, 1.854, 0.020097, 6.8739, 2.418, 0.074896, 0.2153, 0.0031242, 0.19894, 0.02364, 0.030135, 2.992, 2.611, 0.029771, 7.5668e-05, 6.7614, 0.33636, 7.1343e-05, 4.5817, 0.61421, 0.00021319
7, 4, 0.2671, 0.04197, 0.13674, 2.25, 0.51118, 1.5134, 1.0564, 1.5884, 0.25543, 0.47478, 0.82318, 1.1474, 0.69133, 0.0006, 4.2576, 0.14208, 0.00957, 3.4762, 0.69529, 0.05307, 1.251, 1.0033, 1.4241, 0.43035, 0.54124, 1.5985, 1.2144, 0.7579, 0.007916, 4.7746, 0.77516, 0.0077995, 4.3825, 1.2117, 0.053871, 1.0886, 0.95992, 0.99095, 0.30593, 0.31664, 0.95186, -0.39223, 0.64076, 0.0021707, 2.8374, 0.14038, -0.0069303, 2.0609, 0.62978, 0.038064, 1.4134, 1.0467, 1.8572, 0.55478, 0.76585, 2.2452, 2.821, 0.87503, 0.013661, 6.7119, 1.4099, 0.022529, 6.704, 1.7937, 0.069677, 0.0097474, 0.00069633, 0.069338, 0.0057225, 0.018647, 0.15457, 0.95406, 0.0050716, 1.2201e-05, 1.3871, 0.14894, 8.0193e-05, 1.992, 0.12517, 9.2346e-05, 0.49012, 0.91211, 0.69639, 0.18594, 0.24702, -1.2526, -1.4036, 0.47588, -0.0061134, 0.43303, -0.18193, -0.0090877, 0.88587, -0.060092, 0.030186, 2.0119, 1.0945, 2.1518, 0.67476, 0.83547, 4.4496, 3.8324, 1.0399, 0.021946, 9.1162, 1.7323, 0.024687, 7.8791, 2.4835, 0.077555, 0.21397, 0.0030753, 0.19572, 0.022079, 0.031996, 3.0045, 2.5333, 0.029397, 7.2749e-05, 6.967, 0.33857, 0.0001054, 4.519, 0.59785, 0.00020733
8, 2.8571, 0.39611, 0.08082, 0.14075, 1.25, 0.73476, 1.6247, 1.0899, 0.70085, 0.32007, 0.3766, 0.36617, 1.059, 0.74724, 0.00219, 5.0962, 0.5123, 0.04598, 2.3498, 0.27283, 0.06464, 0.90333, 0.98126, 1.0581, 0.4122, 0.53333, 2.1644, 0.98587, 0.80372, 0.0050531, 5.912, 0.62519, 0.0066522, 4.3949, 0.56376, 0.046476, 0.72439, 0.93461, 0.64799, 0.28061, 0.33676, 1.4641, -0.36815, 0.69635, -0.00054789, 4.3288, -0.011552, -0.0081579, 2.0043, -0.031802, 0.032512, 1.0823, 1.0279, 1.4682, 0.5438, 0.72991, 2.8647, 2.3399, 0.91108, 0.010654, 7.4953, 1.2619, 0.021462, 6.7855, 1.1593, 0.060441, 0.011834, 0.00080444, 0.062166, 0.0064005, 0.014282, 0.18127, 0.67764, 0.0042603, 1.1595e-05, 0.92655, 0.14985, 8.107e-05, 2.1124, 0.1311, 7.2075e-05, 0.13876, 0.88846, 0.34388, 0.16407, 0.25992, -0.69936, -1.4852, 0.52562, -0.0089179, 1.7164, -0.3332, -0.010305, 0.85203, -0.71435, 0.02398, 1.6679, 1.0741, 1.7723, 0.66034, 0.80675, 5.0281, 3.4569, 1.0818, 0.019024, 10.108, 1.5836, 0.023609, 7.9377, 1.8419, 0.068973, 0.21606, 0.0031834, 0.18855, 0.022757, 0.027631, 3.0312, 2.2569, 0.028586, 7.2144e-05, 6.5064, 0.33949, 0.00010628, 4.6393, 0.60378, 0.00018706
9, 2.1818, 0.48346, 0.03425, 0.11868, 2.0833, 1.2156, 0.45605, 1.0378, 1.5855, 0.54527, 0.46382, 0.68332, 0.25843, 0.985, 6e-05, 7.7086, 0.36648, 0.00075, 9.3108, 2.1324, 0.02999, 0.81717, 1.0428, 1.0063, 0.40031, 0.41374, 3.4159, 1.771, 0.76658, 0.0073549, 4.895, 0.36111, 0.0099632, 4.7437, 0.74238, 0.039552, 0.60282, 0.99559, 0.57228, 0.21769, 0.21129, 2.6745, 0.11438, 0.64025, 0.00064589, 2.9401, -0.15694, -0.0016755, 2.7782, 0.14144, 0.02356, 1.0315, 1.09, 1.4403, 0.58292, 0.61619, 4.1574, 3.4277, 0.8929, 0.014064, 6.8498, 0.87915, 0.021602, 6.7093, 1.3433, 0.055544, 0.016983, 0.00082456, 0.069629, 0.012326, 0.015148, 0.2032, 1.0144, 0.0058985, 1.6636e-05, 1.4124, 0.099193, 5.0068e-05, 1.4279, 0.13348, 9.4526e-05, 0.043548, 0.94972, 0.27809, 0.12174, 0.13607, 0.54184, -0.87799, 0.48062, -0.007096, 0.54548, -0.52289, -0.0043081, 1.4727, -0.53824, 0.015744, 1.5908, 1.1359, 1.7345, 0.67888, 0.69141, 6.29, 4.42, 1.0525, 0.021806, 9.2444, 1.2451, 0.024235, 8.0148, 2.023, 0.063361, 0.22121, 0.0032035, 0.19601, 0.028683, 0.028498, 3.0531, 2.5937, 0.030224, 7.7185e-05, 6.9923, 0.28883, 7.528e-05, 3.9548, 0.60616, 0.00020951
10, 3.0049, 0.2895, 0.12357, 0.36241, 1.3368, 0.48702, 1.8249, 1.074, 1.2253, 0.20694, 0.41138, 1.6604, 7.7699, 0.68264, 0.01968, 0.59822, 0.11743, 0.04534, 4.2926, 0.22415, 0.03884, 1.0398, 0.99434, 1.4437, 0.56463, 0.44112, 1.7293, 1.1381, 0.74605, 0.01115, 2.9661, 0.91913, 0.021415, 5.3163, 0.86172, 0.037753, 0.87978, 0.95175, 1.0876, 0.44601, 0.2936, 1.1278, -0.16769, 0.63354, 0.005223, 1.3288, 0.4516, 0.014088, 3.5782, 0.3311, 0.025774, 1.1998, 1.0369, 1.7998, 0.68324, 0.58864, 2.3307, 2.4439, 0.85856, 0.017077, 4.6033, 1.3867, 0.028742, 7.0544, 1.3923, 0.049733, 0.009464, 0.00067062, 0.046877, 0.0052001, 0.0080437, 0.13371, 0.63022, 0.0046787, 1.2984e-05, 0.99075, 0.080792, 1.9841e-05, 1.1166, 0.10407, 5.3043e-05, 0.27944, 0.90351, 0.75906, 0.32312, 0.20053, -1.1119, -1.3069, 0.46592, -0.0029548, -1.2502, 0.063759, 0.010375, 2.1766, -0.38745, 0.016432, 1.8002, 1.0852, 2.1284, 0.80613, 0.6817, 4.5704, 3.5831, 1.0262, 0.025255, 7.1824, 1.7745, 0.032456, 8.456, 2.1109, 0.059075, 0.21369, 0.0030496, 0.17326, 0.021557, 0.021393, 2.9836, 2.2095, 0.029004, 7.3533e-05, 6.5706, 0.27043, 4.5053e-05, 3.6435, 0.57675, 0.00016803
11, 4.7, 0.39202, 0.17869, 0.4617, 1.3333, 0.30439, 0.84518, 1.0126, 1.0591, 0.5762, 0.72465, 2.0494, 0.46394, 0.95066, 0.00158, 9.678, 0.8277, 0.00229, 2.929, 0.93059, 0.06781, 1.3667, 1.0134, 1.4506, 0.5361, 0.54304, 1.5993, 0.99478, 0.77082, 0.0013051, 7.2001, 0.89, 0.0050179, 2.6905, 1.1102, 0.060684, 1.1759, 0.97158, 1.0531, 0.41904, 0.36473, 0.91235, -0.12344, 0.65861, -0.0045649, 5.5566, 0.33945, -0.0062754, 0.73729, 0.5128, 0.046869, 1.5576, 1.0552, 1.8481, 0.65317, 0.72136, 2.2863, 2.113, 0.88303, 0.0071752, 8.8436, 1.4406, 0.016311, 4.6437, 1.7076, 0.074498, 0.01346, 0.00064654, 0.058387, 0.0050651, 0.011752, 0.17444, 0.46217, 0.0046538, 1.2736e-05, 0.99834, 0.11203, 4.714e-05, 1.4101, 0.1319, 7.0534e-05, 0.5993, 0.92293, 0.74357, 0.29536, 0.28244, -1.2612, -1.3554, 0.49081, -0.012776, 2.9814, -0.013421, -0.0089732, -0.5732, -0.16877, 0.03828, 2.1342, 1.1039, 2.1576, 0.77685, 0.80365, 4.4599, 3.3449, 1.0508, 0.015386, 11.419, 1.7934, 0.019009, 5.9542, 2.3891, 0.083088, 0.21769, 0.0030255, 0.18477, 0.021422, 0.025101, 3.0244, 2.0414, 0.028979, 7.3285e-05, 6.5782, 0.30167, 7.2352e-05, 3.937, 0.60458, 0.00018552
12, 3.9167, 0.12293, 0.04813, 0, 1.3229, 0.27548, 1.5221, 1.0018, 1.735, 0.36818, 0.47592, 0.50948, 0.3616, 0.9373, 0.01864, 8.7805, 0.28777, 0.00331, 4.7191, 0.29467, 0.05908, 1.0325, 1.0284, 1.3198, 0.36405, 0.43358, 1.1761, 1.0674, 0.82995, 0.0048678, 5.9447, 0.99651, 0.0070577, 5.4472, 0.91578, 0.051268, 0.85488, 0.98635, 0.92506, 0.24495, 0.27756, 0.5091, -0.47929, 0.72167, -0.00076388, 4.2872, 0.41364, -0.006369, 3.1062, 0.37994, 0.038525, 1.2101, 1.0705, 1.7146, 0.48314, 0.58959, 1.8432, 2.6141, 0.93823, 0.010499, 7.6023, 1.5794, 0.020484, 7.7883, 1.4516, 0.064011, 0.011661, 0.00065353, 0.057607, 0.0052428, 0.0089964, 0.16445, 0.88421, 0.0043333, 1.1723e-05, 1.0155, 0.12557, 6.6632e-05, 2.0256, 0.10612, 6.0017e-05, 0.26824, 0.93782, 0.61431, 0.12231, 0.18769, -1.6796, -1.5143, 0.55149, -0.0091155, 1.7205, 0.073028, -0.0087058, 1.9377, -0.33561, 0.029508, 1.7968, 1.119, 2.0254, 0.60579, 0.67946, 4.0319, 3.6491, 1.1084, 0.018851, 10.169, 1.92, 0.022821, 8.9568, 2.1672, 0.073028, 0.21589, 0.0030325, 0.18399, 0.021599, 0.022346, 3.0144, 2.4635, 0.028659, 7.2271e-05, 6.5953, 0.31521, 9.1844e-05, 4.5526, 0.57881, 0.00017501
13, 4, 0.16814, 0.01918, 0.3, 2.6111, 0.83011, 1.5936, 0.99743, 1.6494, 0.30572, 0.51048, 8.4966, 9.6572, 0.22792, 0.00198, 0.36659, 0.13221, 0.00253, 2.2576, 1.6473, 0.05051, 1.0859, 1.0122, 1.031, 0.5235, 0.37547, 2.4571, 1.2577, 0.68102, 0.0069782, 2.7197, 0.71651, 0.015114, 3.7954, 1.7904, 0.053927, 0.88387, 0.96856, 0.58281, 0.38533, 0.15558, 1.7295, -0.41141, 0.55716, 0.00050729, 0.65568, 0.097774, 0.00049337, 1.4446, 1.1709, 0.037698, 1.288, 1.0558, 1.4791, 0.66167, 0.59535, 3.1847, 2.9267, 0.80489, 0.013449, 4.7837, 1.3352, 0.029734, 6.1462, 2.4099, 0.070156, 0.015091, 0.00070321, 0.074233, 0.0070562, 0.017871, 0.19567, 1.0297, 0.0056705, 1.5477e-05, 1.5746, 0.1415, 7.9008e-05, 2.0426, 0.14185, 9.735e-05, 0.31563, 0.92086, 0.29424, 0.27182, 0.084835, -0.41339, -1.3991, 0.39615, -0.0073637, -1.6799, -0.23001, -0.0016781, 0.27934, 0.50098, 0.029959, 1.8562, 1.1035, 1.7677, 0.77518, 0.6661, 5.3277, 3.9145, 0.9659, 0.02132, 7.1193, 1.663, 0.031906, 7.3115, 3.0799, 0.077896, 0.21932, 0.0030822, 0.20061, 0.023413, 0.03122, 3.0456, 2.609, 0.029996, 7.6025e-05, 7.1544, 0.33114, 0.00010422, 4.5695, 0.61453, 0.00021234
14, 4, 0.17434, 0.0563, 0.5, 1.6875, 0.5452, 1.5208, 0.92554, 0.71779, 0.58641, 0.19682, 1.8178, 0.4209, 0.4626, 0.00925, 4.0116, 0.13642, 0.00506, 2.5387, 1.7192, 0.04971, 1.4188, 0.96661, 1.2825, 0.56678, 0.18988, 1.6646, 1.2169, 0.56463, 0.0080227, 3.4488, 0.65983, 0.009817, 2.8713, 1.8282, 0.055204, 1.2472, 0.92727, 0.84867, 0.40184, -0.0019892, 1.0187, -0.44569, 0.44252, 0.0016292, 1.5342, 0.085325, -0.0036916, 0.65949, 1.2477, 0.040287, 1.5904, 1.006, 1.7164, 0.73171, 0.38175, 2.3105, 2.8794, 0.68674, 0.014416, 5.3634, 1.2343, 0.023326, 5.0832, 2.4087, 0.070122, 0.010884, 0.00057212, 0.069575, 0.010054, 0.013607, 0.15421, 1.0216, 0.0055113, 1.5109e-05, 1.3549, 0.12199, 6.7448e-05, 1.8082, 0.12457, 8.2251e-05, 0.65588, 0.87726, 0.55441, 0.29946, -0.080177, -1.1863, -1.4358, 0.28051, -0.0062844, -0.88275, -0.25839, -0.0060163, -0.55343, 0.55701, 0.032104, 2.1816, 1.056, 2.0107, 0.83409, 0.45994, 4.5155, 3.8696, 0.84875, 0.02233, 7.7803, 1.578, 0.02565, 6.2961, 3.0994, 0.078305, 0.21511, 0.0029511, 0.19595, 0.026411, 0.026956, 3.0041, 2.6009, 0.029837, 7.5657e-05, 6.9348, 0.31163, 9.2659e-05, 4.3351, 0.59725, 0.00019724
15, 3, 0.21736, 0.06894, 0.10552, 1.5151, 0.47661, 0.55042, 0.99978, 1.6919, 0.54468, 0.60361, 3.3233, 2.6952, 0.57219, 0.00115, 0.44286, 0.86658, 0.00063, 3.335, 2.1284, 0.04175, 0.83485, 1.0021, 1.1201, 0.44274, 0.46247, 1.8183, 1.2739, 0.79329, 0.0055317, 5.489, 1.1361, 0.004114, 5.2638, 0.60072, 0.052769, 0.70568, 0.97423, 0.88657, 0.37132, 0.38147, 1.3083, 0.48265, 0.70823, 0.0011616, 4.3875, 0.8084, -0.0002603, 4.0719, 0.20107, 0.045365, 0.96402, 1.0299, 1.3537, 0.51417, 0.54347, 2.3283, 2.0651, 0.87834, 0.0099018, 6.5905, 1.4639, 0.0084883, 6.4557, 1.0004, 0.060174, 0.006167, 0.00028659, 0.020159, 0.0018855, 0.0024251, 0.096144, 0.23139, 0.0026738, 7.0588e-06, 0.44847, 0.039701, 7.0723e-06, 0.52508, 0.059036, 2.0265e-05, 0.080382, 0.91715, 0.49046, 0.22058, 0.25588, -1.0049, -0.93946, 0.52301, -0.0079929, 1.4505, 0.34843, -0.0052319, 2.3902, -0.59869, 0.03364, 1.5893, 1.087, 1.7498, 0.6649, 0.66906, 4.6415, 3.4872, 1.0636, 0.019056, 9.5276, 1.9239, 0.01346, 8.1373, 1.8001, 0.071899, 0.21039, 0.0026655, 0.14654, 0.018242, 0.015774, 2.9461, 1.8107, 0.026999, 6.7607e-05, 6.0283, 0.22934, 3.2284e-05, 3.052, 0.53172, 0.00013525
16, 3.0022, 0.21409, 0.08002, 0.31039, 1.7895, 0.54525, 0.83329, 1.0493, 1.0514, 0.73559, 0.56109, 1.5731, 0.37948, 0.71591, 0.00223, 2.685, 0.64228, 0.01835, 8.2866, 0.72567, 0.04278, 1.0243, 0.99814, 1.2276, 0.55409, 0.45996, 2.021, 1.2679, 0.75358, 0.007224, 3.494, 0.919, 0.021629, 4.9756, 1.0347, 0.043293, 0.87666, 0.96057, 0.84433, 0.42213, 0.26298, 1.4636, -0.35074, 0.63724, 0.001084, 1.6544, 0.30823, 0.010359, 3.0917, 0.47346, 0.029866, 1.172, 1.0357, 1.6109, 0.68604, 0.65694, 2.5784, 2.8865, 0.86992, 0.013364, 5.3337, 1.5298, 0.032899, 6.8595, 1.596, 0.056721, 0.0080594, 0.0005217, 0.054304, 0.0064354, 0.014341, 0.11484, 0.96839, 0.0050027, 1.3934e-05, 1.2509, 0.13788, 4.6949e-05, 1.3118, 0.11644, 6.6642e-05, 0.26647, 0.90955, 0.52846, 0.30576, 0.18625, -0.81122, -1.3575, 0.47189, -0.0069717, -0.80493, -0.022338, 0.0076565, 1.7529, -0.22776, 0.021125, 1.7822, 1.0867, 1.9268, 0.80241, 0.73367, 4.8531, 3.8933, 1.0353, 0.02142, 7.7929, 1.8603, 0.035602, 8.1983, 2.2972, 0.065461, 0.21229, 0.0029006, 0.18068, 0.022792, 0.027691, 2.9647, 2.5477, 0.029328, 7.4483e-05, 6.8307, 0.32752, 7.216e-05, 3.8387, 0.58912, 0.00018163
17, 2, 0.23842, 0.10557, 0.09973, 0.91398, 0.55989, 0.95446, 0.97593, 0.536, 0.4464, 0.3831, 1.0751, 0.9754, 0.77616, 0.00024, 8.8799, 0.14642, 0.00343, 5.7354, 0.24015, 0.03407, 0.76895, 0.97664, 1.3093, 0.4499, 0.45745, 2.2632, 1.547, 0.7598, 0.0068686, 5.5023, 0.59784, 0.0043157, 4.2651, 0.67211, 0.043112, 0.59762, 0.93165, 0.8821, 0.33778, 0.27537, 1.6093, -0.085789, 0.64791, 0.0013665, 3.7544, 0.057411, -0.009542, 2.1776, 0.1085, 0.027578, 0.94028, 1.0216, 1.7366, 0.56201, 0.63952, 2.9171, 3.1798, 0.8717, 0.012371, 7.2502, 1.1383, 0.018173, 6.3525, 1.2357, 0.058647, 0.010849, 0.00074812, 0.067468, 0.0046461, 0.012253, 0.15803, 0.98539, 0.004628, 1.1189e-05, 1.1292, 0.10795, 7.0979e-05, 1.6105, 0.11741, 8.9194e-05, 0.0061267, 0.88466, 0.58514, 0.21152, 0.19426, -0.58953, -1.0872, 0.47992, -0.007063, 1.2418, -0.29945, -0.011816, 0.91932, -0.59142, 0.019609, 1.5318, 1.0686, 2.0335, 0.68827, 0.72063, 5.1159, 4.1812, 1.0397, 0.0208, 9.7628, 1.4951, 0.020448, 7.6108, 1.9357, 0.066616, 0.21508, 0.0031271, 0.19385, 0.021003, 0.025602, 3.0079, 2.5647, 0.028953, 7.1738e-05, 6.7091, 0.29759, 9.619e-05, 4.1374, 0.59009, 0.00020418
18, 2.5, 0.2982, 0.06484, 0.3, 1.6667, 0.79933, 1.3174, 0.97958, 1.8095, 0.64832, 0.51745, 1.102, 0.53965, 0.7396, 0.00226, 3.0256, 0.57723, 0.00996, 3.9613, 0.64455, 0.04741, 1.0376, 0.98828, 1.2769, 0.3949, 0.34236, 2.5005, 1.1581, 0.7363, 0.011989, 3.1387, 0.53873, 0.0068761, 3.554, 1.1345, 0.048623, 0.85485, 0.9421, 0.84875, 0.26982, 0.13055, 1.8215, -0.48029, 0.61519, 0.0057813, 1.2859, 0.019093, -0.0039076, 1.6934, 0.57603, 0.033043, 1.2203, 1.0345, 1.7051, 0.51997, 0.55418, 3.1794, 2.7966, 0.85741, 0.018196, 4.9915, 1.0584, 0.01766, 5.4145, 1.693, 0.064202, 0.012342, 0.00078823, 0.067771, 0.0057822, 0.016583, 0.17037, 0.99221, 0.005421, 1.4242e-05, 1.2688, 0.099804, 4.2982e-05, 1.2795, 0.11528, 8.9713e-05, 0.27212, 0.89571, 0.55219, 0.15016, 0.057786, -0.35813, -1.4795, 0.45261, -0.0022362, -1.1659, -0.3462, -0.006707, 0.34488, -0.12674, 0.025089, 1.803, 1.0808, 2.0017, 0.63964, 0.62694, 5.359, 3.7958, 1.02, 0.026214, 7.4433, 1.4237, 0.020459, 6.7631, 2.3958, 0.072156, 0.21657, 0.0031672, 0.19415, 0.022139, 0.029932, 3.0203, 2.5715, 0.029746, 7.4791e-05, 6.8487, 0.28944, 6.8193e-05, 3.8064, 0.58796, 0.0002047
19, 6.5574, 0.14555, 0.1037, 0.39612, 0.88496, 0.21859, 1.4921, 1.0042, 0.58148, 0.90992, 0.56099, 1.5057, 1.0719, 0.96934, 0.00092, 3.4929, 0.53461, 0.00361, 5.2712, 1.6091, 0.05272, 1.1243, 0.99295, 1.3273, 0.59396, 0.49595, 1.7175, 1.2432, 0.63601, 0.0041661, 4.8218, 0.83513, 0.0095223, 3.0584, 2.0275, 0.070584, 0.9542, 0.95888, 0.92769, 0.46893, 0.35621, 1.1228, -0.32783, 0.52657, -0.0014042, 3.2314, 0.21325, -0.0015409, 0.77993, 1.4211, 0.058129, 1.2944, 1.027, 1.727, 0.71899, 0.63568, 2.3121, 2.8142, 0.74545, 0.0097364, 6.4122, 1.457, 0.020586, 5.3369, 2.6339, 0.083038, 0.010694, 0.00042894, 0.059032, 0.0057778, 0.0072172, 0.13069, 0.91222, 0.0044268, 1.1468e-05, 0.93486, 0.14294, 4.5239e-05, 1.9189, 0.13591, 5.7331e-05, 0.36175, 0.90579, 0.61907, 0.34924, 0.26006, -1.1223, -1.3531, 0.3571, -0.0097926, 0.6235, -0.11345, -0.0042837, -0.40974, 0.74429, 0.048992, 1.8868, 1.0801, 2.0356, 0.83867, 0.73184, 4.5572, 3.8395, 0.91492, 0.018125, 9.0201, 1.7837, 0.023328, 6.5266, 3.3107, 0.092176, 0.21492, 0.0028079, 0.18541, 0.022134, 0.020567, 2.9806, 2.4915, 0.028752, 7.2017e-05, 6.5147, 0.33258, 7.045e-05, 4.4458, 0.60859, 0.00017232
20, 4.7, 0.3222, 0.17869, 0.45618, 1.3333, 0.27337, 1.1103, 1.0222, 0.81343, 0.52532, 0.48292, 1.4509, 0.85413, 0.76469, 0.00027, 8.6927, 1.6705, 0.00381, 1.6846, 1.0394, 0.0723, 1.2905, 0.98886, 1.4121, 0.60434, 0.60082, 1.6364, 0.90025, 0.73509, 0.0019197, 6.767, 0.83982, 0.0068229, 2.8494, 1.2933, 0.054138, 1.1002, 0.93786, 0.9653, 0.48045, 0.36902, 0.95233, -0.25564, 0.605, -0.0050848, 5.1253, 0.20339, -0.0078739, 0.48107, 0.65246, 0.037996, 1.4808, 1.0399, 1.8589, 0.72824, 0.83261, 2.3205, 2.0561, 0.86517, 0.0089242, 8.4087, 1.4763, 0.02152, 5.2178, 1.9342, 0.07028, 0.01338, 0.00096126, 0.073778, 0.0056738, 0.019859, 0.17296, 0.49383, 0.0062549, 1.8134e-05, 0.9962, 0.14971, 7.9835e-05, 2.0732, 0.15181, 9.6307e-05, 0.52319, 0.89379, 0.67619, 0.3602, 0.30107, -1.2234, -1.4681, 0.44745, -0.012671, 2.549, -0.11836, -0.010036, -0.67844, -0.0065046, 0.030229, 2.0578, 1.0839, 2.148, 0.84848, 0.90056, 4.4962, 3.2686, 1.0227, 0.01651, 10.985, 1.798, 0.023681, 6.3773, 2.5932, 0.078048, 0.21761, 0.0033402, 0.20016, 0.02203, 0.033208, 3.0229, 2.0731, 0.03058, 7.8683e-05, 6.5761, 0.33935, 0.00010505, 4.6001, 0.62449, 0.0002113
21, 4.4984, 0.33805, 0.06971, 0.10139, 0.79167, 0.36058, 1.13, 0.90813, 1.9478, 0.24687, 0.60602, 1.2405, 2.7974, 0.96518, 0.0135, 1.3603, 0.50724, 0.0011, 3.8422, 0.47801, 0.06581, 1.0812, 1.0049, 1.7169, 0.26876, 0.5499, 1.3906, 2.5333, 0.7374, 0.013823, 4.7426, 0.16433, 0.011513, 3.8459, 0.55185, 0.059228, 0.91926, 0.96965, 1.4289, 0.19759, 0.44014, 0.75965, 1.5594, 0.64465, 0.009495, 3.4914, -0.20265, 0.0062921, 2.4513, 0.10883, 0.049861, 1.2432, 1.0401, 2.005, 0.33992, 0.65965, 2.0215, 3.5072, 0.83015, 0.018151, 5.9939, 0.53131, 0.016733, 5.2405, 0.99487, 0.068595, 0.0096953, 0.00045826, 0.030666, 0.0018718, 0.0044526, 0.14714, 0.35058, 0.0031798, 6.9238e-06, 0.57867, 0.049777, 1.0074e-05, 0.71886, 0.072542, 3.2429e-05, 0.32045, 0.91724, 1.0651, 0.04668, 0.33043, -1.457, 0.24831, 0.46461, 0.00031203, 0.66068, -0.64049, 0.001742, 0.88248, -0.6627, 0.039257, 1.842, 1.0925, 2.3688, 0.49083, 0.76936, 4.2382, 4.8183, 1.0102, 0.027334, 8.8245, 0.96916, 0.021283, 6.8092, 1.7664, 0.079199, 0.21392, 0.0028372, 0.15705, 0.018228, 0.017802, 2.997, 1.9298, 0.027505, 6.7472e-05, 6.1585, 0.23941, 3.5286e-05, 3.2458, 0.54522, 0.00014742
22, 4.56, 0.08105, 0.04323, 0.2, 2.0833, 0.37977, 0.70575, 0.98823, 1.4376, 0.68811, 0.89367, 0.7368, 0.02477, 0.81933, 0.00801, 1.569, 0.97, 0.04414, 6.532, 0.75536, 0.0553, 1.0099, 1.0494, 1.3188, 0.52329, 0.67622, 1.7411, 1.0736, 0.67897, 0.0029581, 3.0684, 0.6424, 0.036249, 6.0414, 2.1225, 0.05378, 0.85365, 1.0183, 0.99869, 0.41552, 0.54743, 1.1186, -0.050431, 0.57492, -0.0022826, 1.4141, 0.23922, 0.029222, 4.4817, 1.6384, 0.042848, 1.1661, 1.0806, 1.6388, 0.63107, 0.80501, 2.3636, 2.1977, 0.78303, 0.0081988, 4.7226, 1.0456, 0.043277, 7.6011, 2.6065, 0.064712, 0.0090221, 0.00035802, 0.037863, 0.0042934, 0.0061308, 0.14324, 0.46701, 0.0040021, 1.0151e-05, 1.0114, 0.060081, 1.8253e-05, 0.89917, 0.086599, 4.417e-05, 0.25032, 0.96339, 0.65215, 0.28693, 0.44664, -1.1046, -1.2793, 0.40213, -0.010872, -1.1546, -0.17956, 0.025405, 2.9968, 0.89239, 0.033029, 1.7695, 1.1355, 1.9854, 0.75966, 0.90579, 4.5868, 3.4266, 0.95581, 0.016789, 7.2913, 1.4644, 0.047094, 9.086, 3.3526, 0.074531, 0.21325, 0.002737, 0.16424, 0.02065, 0.01948, 2.9932, 2.0463, 0.028327, 7.07e-05, 6.5913, 0.24972, 4.3464e-05, 3.4261, 0.55928, 0.00015916
23, 3.9167, 0.12699, 0.06402, 0, 1.3229, 0.22169, 0.98261, 1.0157, 1.4987, 0.31919, 0.41162, 0.98462, 0.56256, 0.74492, 0.00767, 7.4124, 1.7882, 0.00233, 4.0706, 0.32542, 0.04698, 1.0641, 1.0224, 1.3665, 0.37686, 0.45896, 1.0892, 1.0371, 0.87991, 0.0058913, 6.4227, 1.0319, 0.0060706, 5.0954, 0.73127, 0.054828, 0.88309, 0.9812, 0.96732, 0.26961, 0.30565, 0.4099, -0.53791, 0.77405, 0.00044839, 4.7663, 0.43595, -0.0074193, 2.733, 0.14954, 0.042081, 1.245, 1.0637, 1.7658, 0.48411, 0.61227, 1.7685, 2.6121, 0.98577, 0.011334, 8.0791, 1.6278, 0.019561, 7.4578, 1.313, 0.067574, 0.012105, 0.00062875, 0.05891, 0.0042514, 0.0086872, 0.17055, 0.9169, 0.004142, 1.095e-05, 1.0141, 0.13126, 6.7261e-05, 2.0628, 0.12508, 6.0053e-05, 0.29902, 0.93224, 0.65852, 0.14073, 0.21478, -1.7695, -1.5616, 0.60238, -0.0080171, 2.199, 0.1001, -0.0097468, 1.5716, -0.54045, 0.033066, 1.8291, 1.1127, 2.0746, 0.61298, 0.70313, 3.9479, 3.6359, 1.1574, 0.0198, 10.646, 1.9637, 0.021888, 8.6193, 2.003, 0.07659, 0.21633, 0.0030077, 0.18529, 0.020608, 0.022037, 3.0205, 2.4962, 0.028467, 7.1498e-05, 6.5939, 0.3209, 9.2473e-05, 4.5897, 0.59777, 0.00017504
24, 2.5, 0.1772, 0.06191, 0.39994, 0.97222, 0.73215, 1.1913, 0.993, 0.88555, 0.62077, 0.47672, 1.5818, 0.76895, 0.66159, 0.00218, 1.3681, 1.028, 0.00144, 3.616, 1.0923, 0.03367, 1.0387, 0.99549, 1.0532, 0.6258, 0.26602, 2.1997, 1.2183, 0.56906, 0.0077007, 1.5266, 0.722, 0.01053, 3.2173, 1.3167, 0.050443, 0.85913, 0.95135, 0.61728, 0.47297, 0.069665, 1.5289, -0.37774, 0.45016, 0.0016006, -0.11719, 0.20495, -1.3051e-05, 1.2718, 0.73389, 0.034973, 1.2182, 1.0396, 1.4891, 0.77864, 0.46237, 2.8706, 2.8144, 0.68796, 0.013801, 3.1704, 1.239, 0.021074, 5.1628, 1.8996, 0.065914, 0.011913, 0.00071985, 0.070227, 0.0086336, 0.01425, 0.16633, 0.94158, 0.0052252, 1.3754e-05, 0.99871, 0.09881, 4.1087e-05, 1.399, 0.12555, 8.8461e-05, 0.27395, 0.90392, 0.32384, 0.36578, -0.0072435, -0.65696, -1.3932, 0.28631, -0.0064778, -2.6922, -0.16141, -0.0028627, -0.041815, 0.044501, 0.026982, 1.8034, 1.087, 1.7825, 0.88582, 0.53928, 5.0564, 3.8299, 0.85182, 0.021879, 5.7454, 1.6054, 0.023923, 6.4764, 2.5889, 0.073905, 0.21614, 0.0030988, 0.19661, 0.02499, 0.0276, 3.0162, 2.5209, 0.029551, 7.4302e-05, 6.5786, 0.28845, 6.6298e-05, 3.9259, 0.59824, 0.00020345
25, 2.1818, 0.31447, 0.1057, 0.42002, 1.25, 0.63982, 1.6726, 1.007, 1.7332, 0.54085, 0.35403, 1.6059, 0.52666, 0.71175, 0.00026, 1.5558, 1.6702, 0.00185, 2.256, 1.1532, 0.03867, 1.1468, 0.97843, 1.3739, 0.49034, 0.28662, 2.3462, 2.1229, 0.68107, 0.0072874, 3.1203, 0.79145, 0.0041997, 2.8518, 1.007, 0.049666, 0.97847, 0.93196, 0.92915, 0.33287, 0.076437, 1.7114, 0.50421, 0.55143, 0.00039215, 1.2412, 0.16856, -0.0077593, 0.5298, 0.39111, 0.0334, 1.3151, 1.0249, 1.8187, 0.64781, 0.4968, 2.981, 3.7416, 0.81071, 0.014183, 4.9994, 1.4143, 0.016159, 5.1739, 1.623, 0.065932, 0.010469, 0.00079828, 0.07312, 0.0091655, 0.016328, 0.14895, 0.96846, 0.006212, 1.7573e-05, 1.3051, 0.1434, 5.286e-05, 1.9929, 0.14022, 9.7793e-05, 0.38462, 0.88572, 0.63925, 0.22756, 0.0032567, -0.50226, -0.50254, 0.39363, -0.0072509, -1.1957, -0.15779, -0.010334, -0.6451, -0.28068, 0.025673, 1.9089, 1.0711, 2.1086, 0.75311, 0.56998, 5.1946, 4.7484, 0.96851, 0.021826, 7.4363, 1.7407, 0.018733, 6.3487, 2.2948, 0.07366, 0.21469, 0.0031772, 0.1995, 0.025522, 0.029677, 2.9989, 2.5477, 0.030537, 7.8122e-05, 6.885, 0.33304, 7.8072e-05, 4.5198, 0.6129, 0.00021278
26, 6, 0.34416, 0.06131, 0.09624, 0.8642, 0.29775, 1.7968, 0.94907, 1.8108, 0.27522, 0.37132, 0.70705, 0.28501, 0.65146, 0.00435, 4.8391, 0.46177, 0.01939, 5.9377, 0.69136, 0.0635, 1.3158, 1.0132, 1.4656, 0.24432, 0.45606, 1.6332, 2.2046, 0.81814, 0.015466, 5.435, 0.28762, 0.0073088, 4.312, 0.73338, 0.064205, 1.109, 0.96231, 1.0528, 0.15493, 0.2608, 0.91488, 0.81547, 0.70791, 0.010791, 3.7988, -0.25667, -0.0054383, 2.1082, 0.2115, 0.049449, 1.5227, 1.064, 1.8785, 0.33372, 0.65131, 2.3515, 3.5937, 0.92838, 0.02014, 7.0712, 0.8319, 0.020056, 6.5158, 1.2553, 0.078961, 0.015815, 0.00095637, 0.063009, 0.0029536, 0.014091, 0.19072, 0.71323, 0.0044916, 8.0758e-06, 0.98948, 0.1095, 6.0057e-05, 1.7951, 0.10066, 8.0481e-05, 0.54425, 0.91819, 0.74983, 0.015752, 0.18359, -1.235, -0.28588, 0.53892, 0.0018396, 1.2191, -0.612, -0.00788, 0.89244, -0.5121, 0.041208, 2.0874, 1.1082, 2.1815, 0.47289, 0.72853, 4.5014, 4.6951, 1.0974, 0.029091, 9.6509, 1.1872, 0.022498, 7.7316, 1.9789, 0.087202, 0.22004, 0.0033353, 0.18939, 0.01931, 0.02744, 3.0406, 2.2925, 0.028817, 6.8624e-05, 6.5693, 0.29913, 8.5269e-05, 4.322, 0.57335, 0.00019547
27, 3.5, 0.38431, 0.09646, 0.15341, 1.4286, 0.54397, 1.004, 1.0592, 0.54391, 0.47465, 0.49448, 0.98812, 0.97647, 0.84854, 0.00092, 9.9582, 0.10119, 0.00454, 8.4009, 0.33109, 0.04835, 1.0041, 1.0344, 0.87919, 0.45939, 0.52383, 1.7659, 0.90659, 0.82389, 0.003135, 6.0462, 0.86884, 0.0063328, 4.2676, 0.71677, 0.058969, 0.80116, 0.99444, 0.54167, 0.3587, 0.38951, 1.0802, -0.44069, 0.71927, -0.0023128, 4.5443, 0.36393, -0.0014507, 2.3216, 0.23983, 0.047466, 1.2071, 1.0744, 1.2167, 0.56007, 0.65815, 2.4517, 2.2539, 0.92852, 0.0085828, 7.5481, 1.3738, 0.014116, 6.2137, 1.1937, 0.070472, 0.015227, 0.00059083, 0.042105, 0.0037468, 0.0066687, 0.17381, 0.6709, 0.004046, 1.097e-05, 0.83371, 0.094229, 2.2392e-05, 1.3998, 0.084076, 4.8908e-05, 0.23358, 0.94479, 0.20403, 0.22617, 0.29111, -1.0943, -1.5608, 0.54684, -0.010775, 1.8806, -0.007521, -0.0050159, 1.0082, -0.51056, 0.037911, 1.7747, 1.1241, 1.5543, 0.6926, 0.75655, 4.6261, 3.374, 1.1009, 0.017045, 10.212, 1.7452, 0.017682, 7.5271, 1.9441, 0.080027, 0.21945, 0.0029698, 0.16848, 0.020103, 0.020018, 3.0237, 2.2502, 0.028371, 7.1518e-05, 6.4136, 0.28387, 4.7604e-05, 3.9267, 0.55676, 0.0001639
28, 3.5, 0.41773, 0.10888, 0.11117, 1.3757, 0.51192, 1.5973, 1.0354, 0.61262, 0.49929, 0.59003, 0.99534, 0.53494, 0.79018, 0.00025, 9.5847, 0.07093, 0.00762, 8.0351, 0.27199, 0.0456, 0.94169, 1.026, 1.0989, 0.36169, 0.53471, 1.7452, 1.0721, 0.83125, 0.0059731, 6.6003, 0.77383, 0.0058341, 4.7335, 0.58176, 0.052921, 0.73711, 0.97806, 0.6891, 0.24894, 0.34363, 1.0485, -0.5208, 0.71274, -0.00020074, 4.9497, 0.19294, -0.0066368, 2.576, 0.011276, 0.037994, 1.1463, 1.0739, 1.5088, 0.47443, 0.72579, 2.4418, 2.665, 0.94976, 0.012147, 8.2509, 1.3547, 0.018305, 6.891, 1.1522, 0.067849, 0.015469, 0.00084816, 0.062085, 0.0046981, 0.013495, 0.17939, 0.93785, 0.005191, 1.4088e-05, 1.007, 0.12472, 5.7483e-05, 1.7205, 0.12029, 8.2358e-05, 0.17072, 0.93253, 0.38487, 0.12301, 0.26521, -1.1177, -1.5375, 0.54866, -0.0082372, 2.3788, -0.14839, -0.0091237, 1.3435, -0.68485, 0.029814, 1.7127, 1.1194, 1.813, 0.60036, 0.80421, 4.608, 3.6818, 1.1138, 0.020183, 10.822, 1.6961, 0.020792, 8.1234, 1.8484, 0.076028, 0.2197, 0.0032271, 0.18846, 0.021055, 0.026845, 3.0293, 2.5171, 0.029516, 7.4637e-05, 6.5869, 0.31436, 8.2695e-05, 4.2474, 0.59297, 0.00019735
29, 4, 0.18328, 0.06227, 0.7, 1.6042, 0.48987, 1.8198, 0.93056, 1.8163, 0.74194, 0.31176, 2.3513, 0.03742, 0.30291, 0.00428, 1.4146, 0.28836, 0.00409, 1.8575, 2.3061, 0.07815, 1.6308, 0.96471, 1.3708, 0.49117, 0.21731, 1.3176, 1.3422, 0.46909, 0.0065304, 3.0634, 0.78549, 0.0072833, 1.6458, 2.1769, 0.064989, 1.4424, 0.91954, 0.92993, 0.31379, -0.0018885, 0.65718, -0.31718, 0.34379, -0.00017408, 0.945, 0.2278, -0.0056481, -0.50515, 1.5766, 0.048957, 1.8193, 1.0099, 1.8117, 0.66856, 0.4365, 1.9781, 3.0016, 0.59438, 0.013235, 5.1818, 1.3432, 0.020215, 3.7967, 2.7773, 0.08102, 0.013124, 0.00075414, 0.07185, 0.011631, 0.017758, 0.16123, 1.0178, 0.0058023, 1.6614e-05, 1.6587, 0.11496, 6.1807e-05, 1.71, 0.13323, 9.4993e-05, 0.86399, 0.87264, 0.6385, 0.216, -0.072803, -1.5366, -1.3085, 0.18358, -0.0079184, -1.362, -0.12231, -0.0080605, -1.7399, 0.89657, 0.041153, 2.3977, 1.0568, 2.1032, 0.76635, 0.50742, 4.1719, 3.993, 0.75459, 0.020979, 7.4888, 1.6933, 0.022627, 5.0315, 3.4573, 0.088824, 0.21735, 0.0031331, 0.19823, 0.027987, 0.031108, 3.0111, 2.597, 0.030128, 7.7163e-05, 7.2385, 0.30459, 8.7018e-05, 4.2369, 0.60591, 0.00020998
30, 2.8571, 0.3592, 0.09246, 0.12559, 1.6927, 0.62444, 0.325, 0.94113, 1.3664, 0.48435, 0.57674, 1.7726, 0.13582, 0.64346, 0.00026, 6.656, 0.42409, 0.00081, 1.9017, 0.77251, 0.04249, 0.96636, 0.99746, 0.94529, 0.38596, 0.55091, 1.9369, 1.0191, 0.805, 0.00698, 5.9302, 0.85811, 0.0039663, 3.7221, 0.55477, 0.047571, 0.80002, 0.95766, 0.58406, 0.28189, 0.38398, 1.2787, -0.28224, 0.69622, 0.0013922, 4.4308, 0.31963, -0.0063536, 1.6947, 0.0074931, 0.035009, 1.1327, 1.0373, 1.3065, 0.49003, 0.71784, 2.5951, 2.3204, 0.91378, 0.012568, 7.4295, 1.3966, 0.014286, 5.7495, 1.1021, 0.060134, 0.010227, 0.00058536, 0.048229, 0.0040032, 0.010299, 0.16014, 0.6259, 0.0043735, 1.1541e-05, 0.83086, 0.10717, 3.9364e-05, 1.5193, 0.1107, 5.8327e-05, 0.20465, 0.9079, 0.25797, 0.15126, 0.29796, -0.91685, -1.4235, 0.52635, -0.0069857, 1.7655, -0.038013, -0.0092516, 0.41344, -0.70156, 0.025917, 1.7281, 1.087, 1.6326, 0.62066, 0.80386, 4.7906, 3.4616, 1.0837, 0.020946, 10.095, 1.7542, 0.017184, 7.0307, 1.8111, 0.069226, 0.21445, 0.0029643, 0.17461, 0.02036, 0.023649, 3.0101, 2.2052, 0.028699, 7.2089e-05, 6.4107, 0.29681, 6.4575e-05, 4.0462, 0.58339, 0.00017332
31, 6.2215, 0.11341, 0.01519, 0.05049, 2.0833, 0.28018, 1.7417, 1.0556, 1.6777, 0.42506, 0.59611, 0.32746, 0.71871, 0.71766, 0.00437, 3.5297, 0.03528, 0.00604, 1.697, 0.81686, 0.08974, 1.1922, 1.0216, 1.3434, 0.37216, 0.5685, 1.5577, 1.1387, 0.80803, 0.0047095, 5.3183, 0.75136, 0.0068327, 3.6928, 1.631, 0.071428, 0.97958, 0.97663, 0.95089, 0.22278, 0.40043, 0.85384, -0.47442, 0.68042, -0.0020688, 3.3157, 0.22916, -0.0050262, 1.7084, 1.0613, 0.057084, 1.4048, 1.0666, 1.7359, 0.52154, 0.73658, 2.2616, 2.7519, 0.93563, 0.011488, 7.3208, 1.2735, 0.018692, 5.6771, 2.2007, 0.085772, 0.016705, 0.00074755, 0.056942, 0.0082478, 0.010442, 0.18313, 0.96183, 0.0060185, 1.6982e-05, 1.4822, 0.10079, 5.198e-05, 1.4554, 0.11996, 7.6046e-05, 0.41904, 0.92963, 0.63914, 0.11415, 0.3148, -1.3069, -1.4833, 0.5215, -0.0097737, 0.94713, -0.13507, -0.0076188, 0.41032, 0.36475, 0.048694, 1.9653, 1.1136, 2.0477, 0.63017, 0.82221, 4.4224, 3.7608, 1.0946, 0.019193, 9.6894, 1.6378, 0.021284, 6.9752, 2.8973, 0.094162, 0.22093, 0.0031265, 0.18332, 0.024604, 0.023791, 3.033, 2.5411, 0.030344, 7.7531e-05, 7.0621, 0.29043, 7.7192e-05, 3.9823, 0.59265, 0.00019103
32, 2.5, 0.47946, 0.05863, 0.19988, 0.83333, 0.85669, 0.81227, 1.0873, 1.38, 0.39822, 0.43119, 1.0617, 0.57231, 0.69524, 0.01855, 8.2264, 1.2439, 0.00839, 4.3326, 0.31149, 0.02851, 1.0867, 1.0074, 1.2731, 0.38105, 0.38715, 2.4371, 1.3403, 0.77575, 0.0079228, 5.8659, 0.58056, 0.0068613, 4.5489, 0.76101, 0.048242, 0.88756, 0.95592, 0.82922, 0.24379, 0.14475, 1.6886, -0.28043, 0.64698, 0.00097522, 4.0422, -0.054138, -0.0081483, 2.1307, 0.1387, 0.03229, 1.2859, 1.0589, 1.7171, 0.5183, 0.62955, 3.1857, 2.961, 0.90452, 0.01487, 7.6895, 1.2153, 0.021871, 6.9671, 1.3833, 0.064195, 0.01466, 0.00098061, 0.072839, 0.0069631, 0.021717, 0.20709, 0.97085, 0.0061291, 1.7841e-05, 1.2292, 0.1489, 8.3269e-05, 2.1614, 0.14314, 9.406e-05, 0.31717, 0.91209, 0.53898, 0.12987, 0.079135, -0.43877, -1.2864, 0.4887, -0.0066404, 1.5737, -0.37647, -0.010271, 0.98735, -0.52978, 0.02446, 1.8563, 1.1028, 2.0073, 0.63223, 0.69517, 5.3131, 3.967, 1.0628, 0.022486, 10.158, 1.5376, 0.023993, 8.1104, 2.0518, 0.072024, 0.21889, 0.0033596, 0.19922, 0.02332, 0.035066, 3.057, 2.5501, 0.030454, 7.8389e-05, 6.8091, 0.33853, 0.00010848, 4.6883, 0.61582, 0.00020905
33, 4, 0.29084, 0.13792, 0.19995, 1.1111, 0.3202, 1.833, 0.97656, 1.8305, 0.45665, 0.57029, 1.069, 1.1707, 0.97682, 0.00127, 4.5274, 1.0832, 0.00311, 9.3245, 0.46392, 0.05143, 1.1402, 0.9953, 1.4588, 0.45784, 0.55769, 1.4221, 0.87237, 0.82735, 0.0021844, 5.4397, 0.8561, 0.0054957, 3.8398, 0.68123, 0.054316, 0.97736, 0.96216, 1.1909, 0.37559, 0.46, 0.8103, -0.094908, 0.73459, -0.0026079, 4.0642, 0.51602, 0.0010739, 2.5654, 0.24374, 0.045787, 1.303, 1.0284, 1.7268, 0.54009, 0.65538, 2.0339, 1.8396, 0.92011, 0.0069767, 6.8153, 1.1962, 0.0099175, 5.1143, 1.1187, 0.062845, 0.0097963, 0.00040589, 0.02653, 0.0025005, 0.0035276, 0.13835, 0.34582, 0.0031803, 8.4886e-06, 0.69938, 0.042747, 7.2268e-06, 0.60033, 0.070743, 2.6889e-05, 0.37921, 0.9085, 0.81565, 0.23197, 0.344, -1.4213, -1.4098, 0.55456, -0.011482, 1.318, 0.063178, -0.0038725, 0.93108, -0.53132, 0.034724, 1.9011, 1.0821, 2.102, 0.68371, 0.77137, 4.2655, 3.1546, 1.1001, 0.015851, 9.5615, 1.649, 0.014864, 6.7486, 1.8938, 0.073908, 0.21402, 0.0027848, 0.15291, 0.018857, 0.016877, 2.9883, 1.9251, 0.027506, 6.9037e-05, 6.2792, 0.23238, 3.2439e-05, 3.1272, 0.54342, 0.00014188
34, 5.3333, 0.35833, 0.05406, 0.04308, 1.3368, 0.37016, 1.633, 1.081, 1.0542, 0.24966, 0.87643, 5.1546, 6.7792, 0.86043, 0.0225, 1.3707, 0.0227, 0.00683, 1.9686, 0.64833, 0.07126, 1.1765, 1.0336, 1.4034, 0.23461, 0.47338, 1.5061, 3.2344, 0.81557, 0.013619, 7.4898, 0.62811, 0.024293, 4.1621, 0.55425, 0.065014, 0.95158, 0.98547, 1.0209, 0.12534, 0.29818, 0.76831, 1.9135, 0.69627, 0.0072774, 5.7126, 0.091411, 0.014144, 2.2007, 0.011728, 0.051605, 1.4014, 1.0818, 1.786, 0.34388, 0.64859, 2.244, 4.5553, 0.93486, 0.01996, 9.2671, 1.1648, 0.034442, 6.1234, 1.0968, 0.078424, 0.018698, 0.0008573, 0.054096, 0.0044129, 0.011346, 0.20122, 0.64491, 0.00526, 1.4862e-05, 1.1674, 0.10646, 3.8068e-05, 1.4218, 0.10879, 6.6461e-05, 0.39988, 0.94006, 0.70466, -0.0024394, 0.2149, -1.367, 0.78131, 0.53265, -0.0006652, 3.2172, -0.26694, 0.011208, 0.89351, -0.70002, 0.042858, 1.9531, 1.1272, 2.1022, 0.47166, 0.73187, 4.3793, 5.6875, 1.0985, 0.027902, 11.762, 1.5232, 0.037377, 7.4306, 1.8085, 0.087171, 0.22292, 0.0032363, 0.18047, 0.02077, 0.024696, 3.0511, 2.2242, 0.029585, 7.5411e-05, 6.7473, 0.2961, 6.328e-05, 3.9487, 0.58147, 0.00018145
35, 2.5, 0.13114, 0.11054, 0.25389, 0.97222, 0.42379, 0.88513, 0.94691, 1.3673, 0.69261, 0.85921, 2.5579, 1.0546, 0.53489, 0.00371, 0.3588, 0.53943, 0.00061, 2.3382, 1.1408, 0.02865, 0.93535, 1.0117, 1.1334, 0.61917, 0.55959, 1.6517, 1.2703, 0.66718, 0.0064766, 3.0664, 0.72646, 0.0039104, 3.6054, 1.3748, 0.046795, 0.7406, 0.96879, 0.69868, 0.46878, 0.37023, 0.96144, -0.36571, 0.54926, 0.00033371, 1.3568, 0.18989, -0.009534, 1.4844, 0.80076, 0.031482, 1.1301, 1.0546, 1.5682, 0.76955, 0.74895, 2.342, 2.9063, 0.7851, 0.012619, 4.776, 1.263, 0.017355, 5.7264, 1.9488, 0.062108, 0.014019, 0.00068103, 0.069862, 0.0083589, 0.013253, 0.17611, 0.98928, 0.0051397, 1.3947e-05, 1.0803, 0.10641, 6.6808e-05, 1.6627, 0.12178, 8.6667e-05, 0.16693, 0.92073, 0.40478, 0.36058, 0.29131, -1.2096, -1.3659, 0.38483, -0.0077203, -1.1785, -0.16852, -0.011868, 0.23864, 0.10656, 0.023437, 1.7038, 1.1027, 1.8621, 0.87776, 0.82787, 4.513, 3.9065, 0.94952, 0.020673, 7.3113, 1.6214, 0.019689, 6.9722, 2.643, 0.070153, 0.21825, 0.00306, 0.19624, 0.024716, 0.026602, 3.026, 2.5686, 0.029465, 7.4496e-05, 6.6601, 0.29605, 9.202e-05, 4.1896, 0.59446, 0.00020166
36, 3, 0.24453, 0.05395, 0.11871, 1.5151, 0.59776, 0.55993, 0.90153, 1.752, 0.16836, 0.42723, 7.2512, 6.4201, 0.49806, 0.02915, 0.45405, 0.26621, 0.00774, 4.9483, 0.69782, 0.04736, 0.85463, 1.0318, 1.2531, 0.45532, 0.42569, 1.8647, 1.3231, 0.7443, 0.0050766, 5.0055, 0.67738, 0.011411, 4.3086, 1.3956, 0.051641, 0.71133, 0.9956, 0.87575, 0.34263, 0.29105, 1.2812, -0.16425, 0.64065, -0.00031434, 3.7798, 0.061254, -0.001993, 2.0113, 0.85528, 0.039725, 0.99792, 1.068, 1.6304, 0.56801, 0.56034, 2.4482, 2.8105, 0.84794, 0.010468, 6.2312, 1.2935, 0.024815, 6.6059, 1.936, 0.063557, 0.0075896, 0.00048448, 0.052629, 0.0046937, 0.0067009, 0.12584, 0.81767, 0.0039707, 1.0742e-05, 0.5553, 0.14031, 6.6409e-05, 1.9506, 0.10791, 5.2482e-05, 0.097608, 0.94379, 0.55717, 0.21667, 0.19278, -0.97277, -1.2235, 0.46761, -0.0088115, 0.93134, -0.26744, -0.0043331, 0.82804, 0.14229, 0.030354, 1.6116, 1.1198, 1.949, 0.69396, 0.6586, 4.7021, 3.8697, 1.021, 0.018965, 9.0797, 1.6222, 0.027156, 7.7891, 2.6489, 0.072927, 0.21182, 0.0028634, 0.17901, 0.02105, 0.02005, 2.9758, 2.3969, 0.028296, 7.129e-05, 6.1352, 0.32995, 9.1621e-05, 4.4775, 0.58059, 0.00016747
37, 4.4984, 0.33805, 0.06971, 0.10139, 0.79167, 0.36058, 0.79565, 0.93252, 1.8733, 0.14583, 0.64376, 0.81153, 0.96056, 0.43328, 0.04854, 4.8255, 0.01387, 0.00907, 3.2548, 0.52472, 0.06344, 1.0971, 1.0002, 1.735, 0.28032, 0.53731, 1.4127, 2.9411, 0.80693, 0.0098162, 4.3833, 0.29383, 0.0083281, 4.0129, 0.54468, 0.059896, 0.93513, 0.96495, 1.447, 0.20916, 0.42755, 0.78179, 1.9672, 0.71418, 0.0054881, 3.132, -0.073145, 0.0031075, 2.6183, 0.10167, 0.050529, 1.259, 1.0354, 2.023, 0.35148, 0.64706, 2.0437, 3.915, 0.89968, 0.014144, 5.6345, 0.66081, 0.013549, 5.4075, 0.9877, 0.069263, 0.0096953, 0.00045826, 0.030666, 0.0018718, 0.0044526, 0.14714, 0.35058, 0.0031798, 6.9238e-06, 0.57867, 0.049777, 1.0074e-05, 0.71886, 0.072542, 3.2429e-05, 0.33632, 0.91254, 1.0832, 0.058243, 0.31785, -1.4348, 0.65607, 0.53414, -0.0036948, 0.30132, -0.51099, -0.0014426, 1.0496, -0.66986, 0.039925, 1.8579, 1.0878, 2.3868, 0.5024, 0.75677, 4.2603, 5.2261, 1.0797, 0.023327, 8.4652, 1.0987, 0.018099, 6.9763, 1.7592, 0.079867, 0.21392, 0.0028372, 0.15705, 0.018228, 0.017802, 2.997, 1.9298, 0.027505, 6.7472e-05, 6.1585, 0.23941, 3.5286e-05, 3.2458, 0.54522, 0.00014742
38, 2, 0.09264, 0.0611, 0.34991, 1.3333, 0.66775, 1.023, 1.0096, 1.7243, 0.73859, 0.79833, 0.77002, 0.55564, 0.871, 0.00051, 0.71047, 1.9766, 0.00365, 2.6854, 1.0026, 0.05222, 0.90965, 1.0461, 1.191, 0.48342, 0.47119, 2.0799, 1.0237, 0.69577, 0.0064428, 1.0614, 0.83241, 0.0053733, 4.322, 1.563, 0.068467, 0.74412, 1.0103, 0.84453, 0.35353, 0.27803, 1.4108, -0.54712, 0.5939, 0.0014122, -0.76203, 0.19675, -0.0037452, 2.4585, 0.98416, 0.055969, 1.0752, 1.0818, 1.5375, 0.61331, 0.66435, 2.749, 2.5946, 0.79765, 0.011473, 2.8848, 1.4681, 0.014492, 6.1856, 2.1419, 0.080965, 0.010127, 0.00047197, 0.044378, 0.0062359, 0.01379, 0.16547, 0.91206, 0.0038361, 9.3537e-06, 1.2289, 0.14935, 3.0732e-05, 1.2836, 0.12386, 5.7732e-05, 0.14811, 0.95825, 0.51134, 0.23618, 0.20022, -0.77636, -1.5725, 0.41974, -0.0073094, -3.2306, -0.12526, -0.0069295, 1.1112, 0.29263, 0.04685, 1.6712, 1.1339, 1.8707, 0.73065, 0.74217, 4.9362, 3.62, 0.9718, 0.020195, 5.3534, 1.7901, 0.017676, 7.5329, 2.8335, 0.090084, 0.21435, 0.0028509, 0.17076, 0.022593, 0.02714, 3.0154, 2.4913, 0.028161, 6.9902e-05, 6.8088, 0.33899, 5.5944e-05, 3.8105, 0.59654, 0.00017272
39, 4.4984, 0.33805, 0.06971, 0.10139, 0.79167, 0.36058, 1.8536, 1.0883, 1.9676, 0.08987, 0.49055, 0.38119, 6.3728, 0.96148, 0.00753, 2.4561, 0.03855, 0.01783, 3.045, 0.38185, 0.06782, 1.0469, 0.97014, 1.7121, 0.28672, 0.58841, 1.4349, 1.7396, 0.73789, 0.014506, 4.629, 0.28736, 0.0048279, 4.0726, 0.56661, 0.058661, 0.88491, 0.93493, 1.4241, 0.21556, 0.47865, 0.80401, 0.76573, 0.64513, 0.010178, 3.3777, -0.079623, -0.00039281, 2.678, 0.12359, 0.049294, 1.2088, 1.0054, 2.0002, 0.35789, 0.69817, 2.0659, 2.7135, 0.83064, 0.018834, 5.8802, 0.65434, 0.010049, 5.4672, 1.0096, 0.068028, 0.0096953, 0.00045826, 0.030666, 0.0018718, 0.0044526, 0.14714, 0.35058, 0.0031798, 6.9238e-06, 0.57867, 0.049777, 1.0074e-05, 0.71886, 0.072542, 3.2429e-05, 0.2861, 0.88253, 1.0603, 0.064647, 0.36895, -1.4126, -0.54537, 0.46509, 0.00099471, 0.54704, -0.51747, -0.0049428, 1.1093, -0.64794, 0.03869, 1.8076, 1.0578, 2.364, 0.5088, 0.80787, 4.2825, 4.0247, 1.0107, 0.028017, 8.7109, 1.0922, 0.014599, 7.036, 1.7812, 0.078632, 0.21392, 0.0028372, 0.15705, 0.018228, 0.017802, 2.997, 1.9298, 0.027505, 6.7472e-05, 6.1585, 0.23941, 3.5286e-05, 3.2458, 0.54522, 0.00014742
40, 4, 0.25756, 0.09774, 0.21, 1.5, 0.38708, 0.80888, 0.96822, 1.9965, 0.35204, 0.52437, 0.40713, 1.5386, 0.85234, 0.00013, 0.85966, 1.2515, 0.00198, 3.1628, 1.1869, 0.04649, 1.253, 0.99881, 1.5019, 0.49517, 0.51352, 1.4275, 1.0913, 0.80677, 0.0040533, 5.2661, 0.65186, 0.0087569, 4.3279, 0.88154, 0.053749, 1.1037, 0.95871, 1.0923, 0.40035, 0.33227, 0.83914, -0.41977, 0.6987, -0.0014533, 3.6196, 0.031534, -0.0042938, 2.0125, 0.2952, 0.040081, 1.4023, 1.0389, 1.9116, 0.59, 0.69477, 2.0159, 2.6025, 0.91484, 0.0095599, 6.9126, 1.2722, 0.021808, 6.6434, 1.4679, 0.067417, 0.0082412, 0.00059444, 0.062023, 0.0033237, 0.012143, 0.12795, 0.84399, 0.0043168, 1.1208e-05, 1.002, 0.14223, 6.2953e-05, 1.9815, 0.12707, 6.9052e-05, 0.49483, 0.90912, 0.78796, 0.26442, 0.2509, -1.4109, -1.4692, 0.52839, -0.0098801, 1.0462, -0.2957, -0.0066876, 0.8354, -0.39229, 0.031435, 2.0112, 1.0885, 2.2159, 0.72593, 0.77614, 4.2659, 3.6519, 1.0851, 0.017987, 9.486, 1.5994, 0.024201, 7.8205, 2.1554, 0.076063, 0.21247, 0.0029734, 0.1884, 0.01968, 0.025492, 2.9779, 2.4233, 0.028642, 7.1756e-05, 6.5819, 0.33186, 8.8164e-05, 4.5084, 0.59975, 0.00018404
41, 2, 0.16718, 0.11289, 0.56689, 1.3123, 0.52876, 0.97247, 0.93562, 1.2127, 0.15669, 0.52852, 2.2164, 0.89257, 0.2654, 0.00597, 0.57087, 1.1129, 0.00026, 1.604, 1.4799, 0.07342, 1.2099, 0.99467, 1.3038, 0.54565, 0.25037, 1.7217, 1.407, 0.55806, 0.0054054, 3.2104, 0.77672, 0.0063702, 2.1423, 1.7277, 0.047597, 1.0338, 0.94258, 0.85821, 0.37854, 0.013275, 1.0545, -0.22761, 0.42736, -0.0016782, 1.3047, 0.15607, -0.006418, -0.20577, 1.1022, 0.031399, 1.386, 1.0468, 1.7494, 0.71275, 0.48747, 2.389, 3.0417, 0.68875, 0.012489, 5.1162, 1.3974, 0.019158, 4.4903, 2.3531, 0.063794, 0.011464, 0.0010027, 0.073396, 0.010321, 0.020778, 0.16455, 0.98761, 0.0063137, 1.8546e-05, 1.3425, 0.14238, 6.0445e-05, 2.0378, 0.14458, 9.6973e-05, 0.44595, 0.89902, 0.56864, 0.27699, -0.05349, -1.1341, -1.2283, 0.27014, -0.0092231, -1.1172, -0.17106, -0.0088531, -1.372, 0.43537, 0.023649, 1.9738, 1.0903, 2.039, 0.8143, 0.55424, 4.5776, 4.0423, 0.84597, 0.020034, 7.5381, 1.7245, 0.021594, 5.6565, 3.02, 0.071544, 0.21569, 0.0033816, 0.19978, 0.026678, 0.034127, 3.0145, 2.5669, 0.030639, 7.9095e-05, 6.9223, 0.33202, 8.5657e-05, 4.5647, 0.61726, 0.00021196
42, 1.6364, 0.47111, 0.07152, 0, 0.97222, 1.022, 0.20239, 0.98345, 1.4928, 0.06478, 0.16837, 9.2504, 1.5595, 0.91434, 0.04154, 6.2886, 0.93332, 0.00695, 3.8898, 0.65178, 0.09161, 0.59877, 1.0064, 1.0905, 0.30699, 0.38685, 2.9345, 1.4265, 0.83336, 0.0093281, 5.6318, 0.55383, 0.0050883, 4.9101, 0.37831, 0.038801, 0.36736, 0.95406, 0.64643, 0.13653, 0.16121, 2.1888, -0.24589, 0.7009, 0.0020953, 3.5366, -0.048662, -0.0084246, 2.6804, -0.23863, 0.022497, 0.83019, 1.0588, 1.5346, 0.47745, 0.6125, 3.6803, 3.0989, 0.96581, 0.016561, 7.727, 1.1563, 0.018601, 7.1399, 0.99526, 0.055104, 0.019793, 0.0010139, 0.072897, 0.01074, 0.018819, 0.20557, 1.0337, 0.0064845, 1.9335e-05, 1.6226, 0.13417, 6.749e-05, 1.8376, 0.14068, 9.824e-05, -0.17975, 0.91063, 0.35626, 0.036236, 0.091839, 0.059344, -1.2324, 0.54464, -0.0053733, 1.2174, -0.38216, -0.010749, 1.4738, -0.9099, 0.014782, 1.3773, 1.1022, 1.8248, 0.57775, 0.68186, 5.8097, 4.0854, 1.1221, 0.024029, 10.046, 1.4898, 0.020925, 8.3465, 1.6665, 0.062819, 0.22402, 0.0033928, 0.19928, 0.027096, 0.032168, 3.0555, 2.613, 0.03081, 7.9884e-05, 7.2024, 0.3238, 9.2702e-05, 4.3645, 0.61336, 0.00021323
43, 8, 0.44876, 0.04706, 0.28113, 1.3333, 0.368, 0.89874, 1.0853, 1.9079, 0.44933, 0.5498, 1.3811, 0.86589, 0.82567, 0.00181, 8.7442, 0.43533, 0.00173, 8.91, 2.0326, 0.07183, 1.3789, 1.0373, 1.3043, 0.50854, 0.66545, 1.8539, 1.1494, 0.77964, 0.0062017, 7.1498, 0.5403, 0.012509, 4.2053, 1.4102, 0.06124, 1.1454, 0.98856, 0.88422, 0.37231, 0.48316, 1.105, -0.45351, 0.65613, -0.00044512, 5.2638, -0.095766, -0.0023176, 1.7935, 0.77671, 0.047265, 1.6125, 1.086, 1.7243, 0.64476, 0.84774, 2.6027, 2.7523, 0.90315, 0.012849, 9.0358, 1.1764, 0.027335, 6.6171, 2.0436, 0.075215, 0.020155, 0.00087766, 0.06521, 0.006859, 0.012282, 0.20726, 0.94964, 0.0056384, 1.633e-05, 1.3147, 0.14954, 8.1247e-05, 2.1499, 0.14831, 7.2181e-05, 0.59979, 0.94342, 0.58428, 0.25791, 0.40211, -1.0221, -1.4663, 0.49491, -0.0082204, 2.8308, -0.41764, -0.0044628, 0.64816, 0.11396, 0.038737, 2.1581, 1.1312, 2.0242, 0.75916, 0.92879, 4.7299, 3.7651, 1.0644, 0.020624, 11.469, 1.4982, 0.02948, 7.7625, 2.7064, 0.083743, 0.22438, 0.0032566, 0.19159, 0.023216, 0.025632, 3.0572, 2.5289, 0.029964, 7.6878e-05, 6.8946, 0.33917, 0.00010646, 4.6768, 0.62099, 0.00018717
44, 6.5574, 0.12218, 0.03547, 0.13607, 1.9174, 0.31909, 0.36056, 1.0875, 0.69361, 0.36405, 0.44787, 4.3688, 1.4497, 0.54341, 0.00044, 2.9662, 0.83681, 0.0043, 2.268, 3.2194, 0.07002, 1.0912, 1.0273, 1.1865, 0.47663, 0.48865, 1.7224, 1.1917, 0.76355, 0.003168, 4.7461, 0.60438, 0.011382, 3.7997, 1.7949, 0.066503, 0.90178, 0.98734, 0.76821, 0.33755, 0.29583, 1.0869, -0.47048, 0.64429, -0.0028889, 2.7289, 0.074548, -0.00037777, 1.828, 1.2345, 0.051661, 1.2806, 1.0674, 1.6047, 0.6157, 0.68148, 2.3579, 2.8538, 0.88281, 0.0092249, 6.7632, 1.1342, 0.023141, 5.7713, 2.3552, 0.081345, 0.013262, 0.00059174, 0.064662, 0.007149, 0.013743, 0.14928, 1.0212, 0.0052568, 1.356e-05, 1.5039, 0.10376, 5.111e-05, 1.4368, 0.11606, 8.1418e-05, 0.32411, 0.9377, 0.46754, 0.22445, 0.21791, -1.1262, -1.4608, 0.48064, -0.010992, 0.36824, -0.28657, -0.0029883, 0.52492, 0.53278, 0.043451, 1.8583, 1.117, 1.9054, 0.72881, 0.75939, 4.571, 3.8441, 1.0465, 0.017328, 9.1239, 1.4953, 0.025751, 7.0744, 3.057, 0.089555, 0.21749, 0.0029707, 0.19104, 0.023506, 0.027092, 2.9992, 2.6004, 0.029582, 7.4108e-05, 7.0838, 0.29339, 7.6322e-05, 3.9637, 0.58874, 0.00019641
45, 3.5, 0.38998, 0.10164, 0.15567, 1.3757, 0.52977, 0.28127, 1.0339, 0.64588, 0.42538, 0.53787, 1.4891, 0.76511, 0.93639, 4e-05, 8.3363, 1.0969, 0.00076, 3.0066, 1.9098, 0.07123, 1.0619, 1.0395, 0.82987, 0.46178, 0.51193, 1.7088, 0.95856, 0.81347, 0.0030916, 6.3758, 0.66003, 0.0076658, 6.129, 0.51535, 0.05042, 0.85896, 1.001, 0.50703, 0.35632, 0.39154, 1.024, -0.37243, 0.70765, -0.0024449, 4.8751, 0.2241, 0.00033452, 4.5142, 0.041412, 0.03934, 1.2649, 1.0779, 1.1527, 0.56723, 0.63232, 2.3935, 2.2895, 0.9193, 0.0086282, 7.8764, 1.096, 0.014997, 7.7438, 0.98928, 0.0615, 0.015225, 0.00054669, 0.038523, 0.0041102, 0.0053567, 0.17332, 0.65478, 0.0041394, 1.133e-05, 0.83235, 0.07024, 1.9866e-05, 0.96381, 0.08302, 4.5375e-05, 0.29137, 0.95051, 0.16193, 0.22646, 0.28696, -1.1512, -1.5, 0.53596, -0.010854, 2.2106, -0.17848, -0.0033777, 3.0558, -0.71082, 0.02959, 1.8325, 1.1284, 1.4978, 0.69709, 0.7369, 4.5687, 3.4171, 1.091, 0.017037, 10.541, 1.4986, 0.018709, 9.2021, 1.7415, 0.071249, 0.21945, 0.0029256, 0.1649, 0.020467, 0.018706, 3.0232, 2.2341, 0.028465, 7.1878e-05, 6.4122, 0.25988, 4.5077e-05, 3.4907, 0.5557, 0.00016036
46, 6.0132, 0.26546, 0.04042, 0.0685, 0.93291, 0.325, 0.61725, 1.0542, 1.9677, 0.35764, 0.66747, 1.2401, 0.52901, 0.85289, 0.00097, 9.4284, 0.63557, 0.00368, 7.0911, 0.58669, 0.05815, 1.3285, 1.0086, 1.2507, 0.31785, 0.54219, 1.5422, 1.4881, 0.79083, 0.0067202, 4.7879, 0.79351, 0.0094809, 6.4658, 1.1951, 0.06573, 1.1234, 0.95919, 0.81789, 0.20144, 0.3296, 0.82509, -0.14837, 0.66709, 0.00085298, 2.9991, 0.20339, -0.0047231, 4.2541, 0.60405, 0.049812, 1.5337, 1.058, 1.6835, 0.43426, 0.75478, 2.2592, 3.1246, 0.91457, 0.012587, 6.5767, 1.3836, 0.023685, 8.6776, 1.7861, 0.081648, 0.015554, 0.00090268, 0.069241, 0.0050088, 0.016704, 0.19004, 0.98983, 0.0056593, 1.2723e-05, 1.1827, 0.12871, 7.457e-05, 1.808, 0.12911, 9.3656e-05, 0.55741, 0.91438, 0.52322, 0.077423, 0.25704, -1.3257, -1.1483, 0.506, -0.0073596, 0.51048, -0.13456, -0.0069497, 3.0412, -0.080918, 0.041971, 2.0996, 1.1028, 1.9782, 0.55828, 0.82734, 4.41, 4.1245, 1.0757, 0.0208, 9.0653, 1.7216, 0.025911, 9.8905, 2.4711, 0.089489, 0.21978, 0.0032816, 0.19562, 0.021366, 0.030054, 3.04, 2.5691, 0.029985, 7.3272e-05, 6.7626, 0.31835, 9.9782e-05, 4.335, 0.6018, 0.00020864
47, 2, 0.23842, 0.10557, 0.19966, 0.91398, 0.62467, 0.23749, 0.9285, 1.9162, 0.62473, 0.30155, 2.945, 0.80283, 0.7992, 0.00016, 7.1011, 0.13177, 0.00029, 2.8981, 1.9696, 0.04316, 0.85202, 0.9873, 1.0634, 0.62417, 0.4215, 2.3688, 1.2946, 0.74635, 0.0064444, 4.7918, 0.60511, 0.0053662, 4.5204, 0.60139, 0.044927, 0.68968, 0.94322, 0.63943, 0.48961, 0.24719, 1.7281, -0.19652, 0.62568, 0.00055429, 3.2418, 0.058578, -0.0081757, 2.4122, 0.050949, 0.029563, 1.0144, 1.0314, 1.4874, 0.75872, 0.5958, 3.0094, 2.7857, 0.86703, 0.012334, 6.3417, 1.1516, 0.018908, 6.6287, 1.1518, 0.060291, 0.0097412, 0.00071804, 0.066442, 0.0066916, 0.01123, 0.15171, 0.82182, 0.0053823, 1.2823e-05, 0.88795, 0.1104, 6.778e-05, 1.6428, 0.11199, 8.725e-05, 0.091165, 0.89576, 0.34113, 0.37445, 0.16362, -0.48099, -1.2542, 0.46285, -0.007645, 0.60859, -0.29587, -0.010496, 1.1617, -0.65633, 0.021535, 1.6129, 1.0788, 1.7857, 0.87388, 0.67937, 5.2185, 3.8434, 1.0299, 0.020534, 8.9749, 1.5061, 0.021228, 7.8792, 1.8591, 0.068319, 0.21397, 0.003097, 0.19282, 0.023048, 0.024579, 3.0016, 2.4011, 0.029708, 7.3371e-05, 6.4678, 0.30004, 9.2992e-05, 4.1698, 0.58467, 0.00020224
48, 2.25, 0.30301, 0.08051, 0.07844, 1.5132, 0.67066, 0.20141, 0.92282, 1.8492, 0.1746, 0.37176, 5.0099, 4.0041, 0.78876, 0.02767, 9.0316, 0.41524, 0.00539, 2.2602, 0.70514, 0.04915, 0.89539, 0.95354, 1.1819, 0.32392, 0.29079, 2.4223, 1.2081, 0.77737, 0.010166, 5.1428, 0.46837, 0.0053863, 4.8963, 0.51526, 0.040872, 0.73084, 0.91987, 0.87495, 0.22066, 0.17259, 1.8101, 0.091527, 0.67872, 0.0052229, 3.7281, 0.040528, -0.00054085, 3.3261, 0.021204, 0.030772, 1.0599, 0.98722, 1.4888, 0.42718, 0.40899, 3.0345, 2.3247, 0.87603, 0.015109, 6.5574, 0.89621, 0.011313, 6.4665, 1.0093, 0.050972, 0.010008, 0.00041916, 0.034815, 0.0039409, 0.0051639, 0.13852, 0.46081, 0.0035973, 9.0301e-06, 0.73971, 0.067656, 1.2985e-05, 0.91132, 0.09022, 3.7702e-05, 0.13406, 0.86653, 0.52147, 0.089574, 0.066989, -0.42117, -1.1413, 0.50252, -0.0035546, 1.0078, -0.36597, -0.0047795, 1.8463, -0.71882, 0.020547, 1.6567, 1.0406, 1.8423, 0.55826, 0.5146, 5.2658, 3.5575, 1.0522, 0.023886, 9.2777, 1.3027, 0.015552, 7.9463, 1.7493, 0.061197, 0.21423, 0.0027981, 0.16119, 0.020298, 0.018513, 2.9884, 2.0401, 0.027923, 6.9579e-05, 6.3196, 0.25729, 3.8196e-05, 3.4382, 0.5629, 0.00015269
49, 4, 0.29084, 0.13792, 0.19995, 1.1111, 0.3202, 1.2911, 1.0642, 1.2225, 0.54347, 0.49418, 1.383, 0.11287, 0.75468, 0.00147, 4.0265, 0.79872, 0.01305, 2.9969, 0.74897, 0.06345, 1.1662, 0.98035, 1.5865, 0.44457, 0.5778, 1.4069, 1.104, 0.85639, 0.0021564, 5.5025, 0.92022, 0.0026464, 5.3431, 0.63857, 0.051505, 1.0034, 0.94721, 1.3186, 0.36232, 0.48011, 0.79505, 0.13673, 0.76363, -0.002636, 4.1269, 0.58014, -0.0017754, 4.0687, 0.20108, 0.042976, 1.329, 1.0135, 1.8544, 0.52682, 0.67549, 2.0187, 2.0713, 0.94915, 0.0069487, 6.8781, 1.2603, 0.0070683, 6.6176, 1.0761, 0.060035, 0.0097963, 0.00040589, 0.02653, 0.0025005, 0.0035276, 0.13835, 0.34582, 0.0031803, 8.4886e-06, 0.69938, 0.042747, 7.2268e-06, 0.60033, 0.070743, 2.6889e-05, 0.4052, 0.89355, 0.94328, 0.21869, 0.36412, -1.4365, -1.1782, 0.5836, -0.011511, 1.3808, 0.1273, -0.0067218, 2.4344, -0.57398, 0.031913, 1.9271, 1.0671, 2.2297, 0.67044, 0.79149, 4.2503, 3.3862, 1.1292, 0.015823, 9.6242, 1.7131, 0.012015, 8.2519, 1.8511, 0.071098, 0.21402, 0.0027848, 0.15291, 0.018857, 0.016877, 2.9883, 1.9251, 0.027506, 6.9037e-05, 6.2792, 0.23238, 3.2439e-05, 3.1272, 0.54342, 0.00014188
50, 4.56, 0.08105, 0.08646, 0.3, 1.0417, 0.27718, 1.4479, 0.98909, 1.2872, 0.52359, 0.53536, 1.2386, 1.0729, 0.69251, 0.01595, 2.9169, 0.78989, 0.02172, 8.5994, 0.67804, 0.05496, 1.0401, 1.0307, 1.1927, 0.66889, 0.61752, 1.4581, 1.2184, 0.73943, 0.0036519, 2.9603, 0.54096, 0.016161, 6.6126, 1.3284, 0.054074, 0.8777, 0.99753, 0.84916, 0.54362, 0.48283, 0.82246, -0.080402, 0.63371, -0.00164, 1.1786, 0.13103, 0.0092765, 5.0172, 0.81574, 0.04265, 1.2024, 1.0639, 1.5363, 0.79417, 0.75221, 2.0938, 2.5171, 0.84516, 0.0089438, 4.742, 0.95089, 0.023046, 8.2081, 1.8411, 0.065498, 0.0097436, 0.0004076, 0.043631, 0.0058005, 0.0067055, 0.14934, 0.62345, 0.0041315, 1.0351e-05, 1.1734, 0.062111, 1.7519e-05, 0.94082, 0.097141, 4.8235e-05, 0.2792, 0.94391, 0.51453, 0.42405, 0.38458, -1.3905, -1.2229, 0.46196, -0.010198, -1.3142, -0.28434, 0.0054089, 3.5496, 0.086756, 0.033059, 1.8009, 1.1176, 1.8709, 0.91373, 0.85045, 4.3067, 3.6596, 1.0169, 0.017502, 7.2348, 1.3663, 0.026913, 9.6756, 2.57, 0.075088, 0.21397, 0.0027865, 0.17001, 0.022157, 0.020055, 2.9993, 2.2027, 0.028457, 7.0899e-05, 6.7532, 0.25175, 4.273e-05, 3.4677, 0.56982, 0.00016322
51, 1.9912, 0.27023, 0.05807, 0.30689, 1.0526, 0.71435, 1.6918, 1.0025, 1.5077, 0.23838, 0.30685, 8.142, 0.05836, 0.99276, 0.03226, 0.59444, 0.01478, 0.01515, 3.4914, 0.40701, 0.08043, 0.9984, 0.98079, 1.3815, 0.49639, 0.42388, 2.1698, 1.201, 0.68804, 0.008794, 2.7085, 0.68468, 0.0040641, 4.4253, 1.3215, 0.051439, 0.8346, 0.93568, 0.94961, 0.3591, 0.22766, 1.5148, -0.41771, 0.56374, 0.0021515, 0.8811, 0.143, -0.008866, 2.3818, 0.74418, 0.03584, 1.1622, 1.0259, 1.8134, 0.63368, 0.62009, 2.8248, 2.8197, 0.81234, 0.015436, 4.5359, 1.2263, 0.016994, 6.4687, 1.8989, 0.067038, 0.0099161, 0.00075208, 0.068949, 0.0069669, 0.014231, 0.15857, 0.96844, 0.0057107, 1.6308e-05, 1.2343, 0.10845, 6.1794e-05, 1.5434, 0.12321, 8.9939e-05, 0.23723, 0.88875, 0.65457, 0.24519, 0.15071, -0.68316, -1.4245, 0.40297, -0.0056261, -1.5852, -0.21337, -0.011279, 1.1067, 0.051816, 0.027892, 1.7596, 1.0728, 2.1085, 0.74759, 0.69704, 5.0228, 3.8264, 0.97311, 0.023214, 7.0022, 1.5827, 0.019407, 7.7438, 2.5913, 0.074986, 0.21414, 0.003131, 0.19533, 0.023324, 0.02758, 3.0085, 2.5477, 0.030036, 7.6856e-05, 6.8141, 0.29808, 8.7005e-05, 4.0704, 0.59589, 0.00020493
52, 4.7, 0.39202, 0.08776, 0.4617, 1.9192, 0.50804, 1.5421, 1.0088, 1.2675, 0.45474, 0.55807, 1.3595, 0.79097, 0.64892, 0.00092, 6.793, 0.19369, 0.0047, 3.7576, 0.65062, 0.07239, 1.4222, 1.0229, 1.6975, 0.54248, 0.59354, 1.6319, 0.94796, 0.77049, 0.0034773, 5.7969, 0.55658, 0.0069964, 2.7044, 1.2905, 0.058329, 1.2476, 0.98487, 1.363, 0.4294, 0.42353, 0.97134, -0.34385, 0.66366, -0.0020578, 3.9809, 0.08903, -0.00038359, 1.2208, 0.73874, 0.045876, 1.5967, 1.0608, 2.032, 0.65555, 0.76354, 2.2924, 2.2398, 0.87731, 0.0090123, 7.6129, 1.0241, 0.014376, 4.1881, 1.8422, 0.070782, 0.011261, 0.00053346, 0.041345, 0.0047259, 0.010682, 0.16126, 0.6168, 0.0042178, 1.1324e-05, 1.2189, 0.080797, 2.0131e-05, 0.81364, 0.11252, 5.7315e-05, 0.65865, 0.93409, 1.0239, 0.30365, 0.33855, -1.2224, -1.4896, 0.4926, -0.010467, 1.508, -0.2988, -0.0040795, -0.30189, 0.032199, 0.036738, 2.1857, 1.1116, 2.3711, 0.78131, 0.84853, 4.4861, 3.3855, 1.0484, 0.017422, 10.086, 1.412, 0.018072, 5.7108, 2.5488, 0.07992, 0.21549, 0.0029124, 0.16772, 0.021083, 0.024032, 3.0112, 2.1961, 0.028543, 7.1872e-05, 6.7988, 0.27043, 4.5342e-05, 3.3406, 0.5852, 0.0001723
53, 4.6981, 0.15862, 0.04387, 0.1029, 0.84667, 0.3102, 1.7929, 1.0952, 0.50736, 0.46387, 0.34894, 1.5752, 0.91984, 0.8057, 0.00012, 3.8981, 1.418, 0.01313, 9.6718, 0.57311, 0.05216, 0.98304, 1.0429, 0.96502, 0.35848, 0.38927, 1.3509, 1.9101, 0.79839, 0.0055854, 3.8357, 0.58788, 0.013738, 7.7907, 1.1085, 0.054427, 0.82082, 1.0093, 0.68568, 0.28123, 0.28714, 0.73855, 0.9603, 0.70495, 0.0011099, 2.5309, 0.231, 0.0083708, 6.4566, 0.68765, 0.045217, 1.1453, 1.0765, 1.2444, 0.43572, 0.49141, 1.9632, 2.8599, 0.89183, 0.010061, 5.1405, 0.94476, 0.019105, 9.1249, 1.5294, 0.063636, 0.0097263, 0.00041724, 0.028842, 0.0022054, 0.0038554, 0.13859, 0.33344, 0.0032273, 7.4032e-06, 0.62928, 0.047075, 1.0648e-05, 0.65791, 0.065471, 3.1348e-05, 0.22222, 0.9559, 0.31698, 0.13438, 0.17352, -1.4926, -0.36474, 0.52536, -0.0079736, -0.26296, -0.21239, 0.0038882, 4.8553, -0.098122, 0.034529, 1.7439, 1.1299, 1.6131, 0.58258, 0.60502, 4.1944, 4.1849, 1.0714, 0.019144, 7.9344, 1.3882, 0.023588, 10.726, 2.3152, 0.074325, 0.21395, 0.0027962, 0.15522, 0.018562, 0.017205, 2.9885, 1.9127, 0.027553, 6.7952e-05, 6.2091, 0.23671, 3.586e-05, 3.1848, 0.53815, 0.00014634
54, 2.5, 0.13114, 0.04582, 0.25389, 0.97222, 0.73611, 1.4919, 0.9978, 0.85206, 0.83349, 0.83054, 3.2684, 1.606, 0.69339, 0.0056, 1.38, 0.38279, 0.00446, 4.7605, 0.6188, 0.05266, 0.8551, 1.0132, 0.97718, 0.62967, 0.49573, 2.2069, 1.254, 0.58185, 0.0092151, 1.8422, 0.80482, 0.011164, 3.7833, 1.2918, 0.048239, 0.66937, 0.97048, 0.54676, 0.47601, 0.30552, 1.5165, -0.39097, 0.46385, 0.0030755, 0.10637, 0.25412, -0.0021815, 1.6556, 0.73293, 0.032939, 1.0408, 1.0559, 1.4076, 0.78333, 0.68595, 2.8974, 2.899, 0.69986, 0.015355, 3.578, 1.3555, 0.024509, 5.911, 1.8507, 0.06354, 0.012749, 0.00067467, 0.068474, 0.0087271, 0.013373, 0.17619, 1.0001, 0.0051468, 1.3932e-05, 1.1136, 0.11209, 6.5824e-05, 1.6733, 0.11546, 8.653e-05, 0.088918, 0.92231, 0.2511, 0.36916, 0.22685, -0.65441, -1.3877, 0.29947, -0.0049804, -2.4134, -0.098695, -0.0045304, 0.41228, 0.03039, 0.024889, 1.6213, 1.1041, 1.7033, 0.89018, 0.76462, 5.0683, 3.8957, 0.86423, 0.023411, 6.0977, 1.7083, 0.026858, 7.1543, 2.5533, 0.071589, 0.21698, 0.0030536, 0.19485, 0.025084, 0.026722, 3.0261, 2.5794, 0.029472, 7.4481e-05, 6.6935, 0.30173, 9.1036e-05, 4.2002, 0.58814, 0.00020152
55, 6.5574, 0.1049, 0.07474, 0.41345, 0.88496, 0.25882, 0.99733, 1.0786, 0.67899, 0.7679, 0.59358, 1.6858, 0.26835, 0.50696, 0.00351, 1.9904, 0.30603, 0.03217, 2.6683, 1.047, 0.06267, 1.1824, 1.0217, 1.1709, 0.56771, 0.4511, 1.6943, 1.1045, 0.65485, 0.0055098, 4.5128, 0.79277, 0.013364, 3.3324, 2.2307, 0.067504, 1.0147, 0.988, 0.77208, 0.46585, 0.29557, 1.0955, -0.1483, 0.54166, -0.00041847, 2.9746, 0.23823, 0.0041723, 1.2541, 1.6634, 0.053844, 1.3501, 1.0553, 1.5697, 0.66957, 0.60663, 2.2931, 2.3573, 0.76805, 0.011438, 6.051, 1.3473, 0.022557, 5.4107, 2.7979, 0.081164, 0.010397, 0.00041877, 0.058791, 0.0038349, 0.0089409, 0.13254, 0.5801, 0.004736, 1.299e-05, 0.87453, 0.11366, 3.1231e-05, 1.5964, 0.11892, 6.8971e-05, 0.42038, 0.93466, 0.4631, 0.33398, 0.20552, -1.1463, -1.3126, 0.37445, -0.0085956, 0.33393, -0.11309, 0.001007, -0.0076433, 0.9655, 0.045194, 1.9444, 1.1087, 1.8787, 0.80143, 0.69667, 4.5349, 3.5216, 0.93526, 0.019615, 8.6916, 1.6986, 0.025722, 6.6724, 3.4958, 0.089813, 0.21462, 0.0027977, 0.18517, 0.020192, 0.02229, 2.9825, 2.1594, 0.029061, 7.3538e-05, 6.4544, 0.3033, 5.6442e-05, 4.1233, 0.5916, 0.00018396
56, 4.6981, 0.16327, 0.04387, 0.1029, 0.84667, 0.31592, 1.1971, 1.0809, 0.54477, 0.35771, 0.31914, 1.2026, 1.3776, 0.86669, 0.00014, 4.4372, 0.95026, 0.00997, 9.1106, 0.69067, 0.0478, 1.0116, 1.0461, 0.93211, 0.37244, 0.40591, 1.383, 1.8147, 0.78621, 0.0057918, 3.7748, 0.75145, 0.016174, 7.8954, 1.0021, 0.055612, 0.8495, 1.0104, 0.63926, 0.29624, 0.29303, 0.76797, 0.86435, 0.69139, 0.0012531, 2.4791, 0.3705, 0.0097495, 6.4729, 0.56702, 0.045812, 1.1736, 1.0818, 1.225, 0.44864, 0.5188, 1.998, 2.7651, 0.88103, 0.010331, 5.0706, 1.1324, 0.022598, 9.3178, 1.4372, 0.065412, 0.0097062, 0.00047103, 0.031698, 0.0021462, 0.0047096, 0.13979, 0.33384, 0.003323, 7.614e-06, 0.62053, 0.053638, 1.5254e-05, 0.74789, 0.069962, 3.5497e-05, 0.25076, 0.95832, 0.27813, 0.1487, 0.18487, -1.4611, -0.46036, 0.51271, -0.0077882, -0.32093, -0.059846, 0.0057103, 4.9188, -0.20958, 0.035434, 1.7723, 1.1339, 1.5861, 0.59618, 0.62696, 4.227, 4.0898, 1.0597, 0.019372, 7.8706, 1.5627, 0.026637, 10.872, 2.2138, 0.07579, 0.21393, 0.00285, 0.15808, 0.018503, 0.018059, 2.9897, 1.9131, 0.027648, 6.8163e-05, 6.2004, 0.24328, 4.0465e-05, 3.2748, 0.54264, 0.00015049
57, 3.75, 0.72522, 0.11557, 0.2412, 0.99099, 0.57057, 1.0871, 0.99065, 1.6722, 0.31319, 0.66779, 0.7575, 0.90584, 0.89583, 0.00094, 9.2066, 0.81282, 0.00187, 4.7959, 0.41124, 0.05737, 1.4317, 0.96299, 1.7639, 0.27308, 0.5515, 1.7889, 1.1663, 0.83307, 0.0066469, 8.4422, 1.0655, 0.0014757, 5.5676, 0.14687, 0.057231, 1.2202, 0.91463, 1.3292, 0.11705, 0.35133, 1.0402, -0.46197, 0.70114, -0.00015344, 6.3593, 0.57748, -0.0064392, 3.746, -0.44676, 0.041097, 1.6433, 1.0114, 2.1987, 0.42912, 0.75167, 2.5376, 2.7946, 0.965, 0.013447, 10.525, 1.5536, 0.0093907, 7.3893, 0.7405, 0.073366, 0.016544, 0.00086456, 0.069871, 0.0089991, 0.01481, 0.2072, 0.97997, 0.0064333, 1.7093e-05, 1.6035, 0.088038, 2.3155e-05, 1.2265, 0.13025, 9.6218e-05, 0.65888, 0.86931, 1.0353, 0.011164, 0.27548, -1.087, -1.465, 0.54459, -0.0078466, 4.0337, 0.19877, -0.0099636, 2.381, -1.1303, 0.033327, 2.2046, 1.0567, 2.4926, 0.535, 0.82751, 4.6649, 3.7977, 1.1215, 0.02114, 12.851, 1.9323, 0.012915, 8.7543, 1.4241, 0.081136, 0.22077, 0.0032435, 0.19625, 0.025356, 0.028159, 3.0571, 2.5592, 0.030759, 7.7641e-05, 7.1834, 0.27768, 4.8367e-05, 3.7534, 0.60293, 0.00021121
58, 1.6364, 0.50326, 0.0764, 0.12354, 0.97222, 1.0488, 0.32473, 1.0083, 0.90826, 0.32429, 0.30102, 0.79955, 0.19252, 0.63031, 2e-05, 2.7503, 0.38699, 0.00028, 2.4779, 2.2659, 0.03314, 0.72888, 0.9977, 1.2011, 0.39796, 0.3107, 3.4261, 1.3734, 0.81114, 0.0077767, 6.2251, 0.67693, 0.0073593, 4.5507, 0.40883, 0.04448, 0.49778, 0.94529, 0.75813, 0.22053, 0.084998, 2.6789, -0.27958, 0.68418, 0.0010119, 4.2779, 0.070862, -0.0061707, 2.3188, -0.21622, 0.028247, 0.95998, 1.0501, 1.644, 0.57539, 0.53639, 4.1734, 3.0264, 0.93811, 0.014542, 8.1722, 1.283, 0.020889, 6.7826, 1.0339, 0.060713, 0.01974, 0.0010155, 0.072519, 0.011636, 0.018828, 0.2064, 1.0099, 0.0059583, 1.6915e-05, 1.4013, 0.13577, 6.7661e-05, 1.8412, 0.1444, 9.7395e-05, -0.049544, 0.90187, 0.4675, 0.12276, 0.015642, 0.55056, -1.2733, 0.5249, -0.0067002, 1.879, -0.26136, -0.0084923, 1.113, -0.88328, 0.020509, 1.5073, 1.0935, 1.9346, 0.67316, 0.60575, 6.3017, 4.0201, 1.0974, 0.022254, 10.571, 1.6152, 0.023211, 7.9884, 1.7009, 0.068451, 0.22397, 0.0033945, 0.1989, 0.027993, 0.032177, 3.0563, 2.5892, 0.030284, 7.7463e-05, 6.9812, 0.3254, 9.2873e-05, 4.3681, 0.61709, 0.00021238
59, 2.1818, 0.29133, 0.0918, 0.25974, 1.3333, 0.64866, 0.86012, 1.01, 1.4164, 0.57783, 0.32175, 1.3124, 0.80963, 0.79559, 0.00053, 4.1451, 1.2245, 0.00235, 3.7724, 0.61854, 0.05583, 1.0216, 0.9621, 1.4502, 0.58933, 0.37469, 2.4529, 1.2199, 0.75614, 0.007399, 3.366, 0.72859, 0.0035357, 3.4939, 0.83673, 0.048802, 0.86433, 0.92221, 1.0272, 0.44006, 0.19451, 1.844, -0.40023, 0.63024, 0.00066719, 1.5575, 0.13306, -0.0065034, 1.3245, 0.24659, 0.033939, 1.179, 1.002, 1.8733, 0.7386, 0.55487, 3.0618, 2.8399, 0.88204, 0.014131, 5.1745, 1.3241, 0.013575, 5.6633, 1.4269, 0.063666, 0.009147, 0.00058825, 0.06616, 0.0082357, 0.012, 0.13703, 0.97011, 0.0058586, 1.675e-05, 1.2089, 0.13109, 3.7251e-05, 1.7395, 0.12872, 8.1656e-05, 0.26185, 0.87251, 0.7285, 0.33138, 0.11281, -0.38987, -1.4064, 0.47037, -0.0070625, -0.9197, -0.20293, -0.0094641, 0.096432, -0.43886, 0.025736, 1.7814, 1.0517, 2.172, 0.84727, 0.63658, 5.2956, 3.8462, 1.0419, 0.02186, 7.6517, 1.6601, 0.016535, 6.8914, 2.1123, 0.071868, 0.21337, 0.0029672, 0.19254, 0.024592, 0.025349, 2.9869, 2.5494, 0.030184, 7.7298e-05, 6.7887, 0.32072, 6.2463e-05, 4.2664, 0.6014, 0.00019664
60, 2.5, 0.13114, 0.11054, 0.42293, 0.97222, 0.48267, 0.82129, 1.0904, 1.2918, 0.43218, 0.53775, 2.8483, 6.3041, 0.50103, 0.00316, 0.34077, 0.38452, 0.00059, 1.6817, 3.5403, 0.03706, 1.0744, 0.9886, 1.1965, 0.56166, 0.37816, 1.6796, 1.354, 0.64272, 0.0047802, 2.3367, 0.75868, 0.0075672, 2.7146, 1.4599, 0.048278, 0.88624, 0.94601, 0.75542, 0.41631, 0.19366, 1, -0.26104, 0.52366, -0.0010167, 0.64611, 0.22036, -0.0057814, 0.60812, 0.86946, 0.03304, 1.2626, 1.0312, 1.6376, 0.707, 0.56266, 2.3591, 2.969, 0.76179, 0.010577, 4.0273, 1.297, 0.020916, 4.8211, 2.0502, 0.063516, 0.013088, 0.00067054, 0.07191, 0.0078077, 0.012581, 0.17067, 0.96406, 0.0052398, 1.242e-05, 1.0564, 0.10711, 6.5859e-05, 1.6401, 0.12883, 8.5822e-05, 0.30764, 0.89777, 0.46405, 0.30597, 0.11329, -1.1792, -1.2692, 0.3599, -0.0092705, -1.9006, -0.13734, -0.0081298, -0.64307, 0.18415, 0.024969, 1.8412, 1.0794, 1.929, 0.81735, 0.64303, 4.5383, 3.9772, 0.92555, 0.018831, 6.574, 1.6547, 0.023264, 6.0723, 2.7356, 0.071587, 0.21731, 0.0030495, 0.19829, 0.024164, 0.025931, 3.0206, 2.5433, 0.029565, 7.2969e-05, 6.6362, 0.29675, 9.107e-05, 4.167, 0.60151, 0.00020081
61, 6.5574, 0.11106, 0.03446, 0.37104, 1.9174, 0.41066, 1.1811, 0.92601, 1.4125, 0.551, 0.02888, 2.4606, 0.417, 0.5345, 0.00979, 3.9031, 0.39239, 0.03163, 3.508, 2.515, 0.05273, 1.2121, 1.0476, 1.1002, 0.53322, 0.36983, 1.9062, 1.2744, 0.6575, 0.0051318, 3.9646, 0.7243, 0.023957, 2.7361, 2.4971, 0.061863, 1.0263, 1.0111, 0.68552, 0.3674, 0.18422, 1.2465, -0.37654, 0.53797, -0.00083278, 1.8862, 0.25337, 0.01256, 0.8509, 1.9342, 0.046907, 1.3978, 1.084, 1.5148, 0.69905, 0.55543, 2.5658, 2.9253, 0.77703, 0.011096, 6.0431, 1.1952, 0.035353, 4.6214, 3.06, 0.076818, 0.012756, 0.00049108, 0.063545, 0.010163, 0.012733, 0.16082, 1.0074, 0.0052808, 1.3149e-05, 1.5966, 0.081969, 4.8007e-05, 1.3137, 0.11712, 8.2669e-05, 0.44588, 0.95945, 0.38333, 0.26536, 0.10418, -0.9479, -1.371, 0.37448, -0.0089889, -0.44175, -0.13293, 0.009882, -0.48733, 1.2338, 0.038737, 1.9783, 1.1357, 1.817, 0.80109, 0.63547, 4.7602, 3.9199, 0.94052, 0.019252, 8.371, 1.5815, 0.038031, 5.9596, 3.7603, 0.084988, 0.21698, 0.00287, 0.18992, 0.02652, 0.026082, 3.0107, 2.5867, 0.029606, 7.3698e-05, 7.1765, 0.27161, 7.3218e-05, 3.8406, 0.5898, 0.00019766
62, 3, 0.34793, 0.07308, 0.09056, 0.66146, 0.50163, 1.3477, 1.0657, 0.86327, 0.28051, 0.61531, 1.3444, 0.47851, 0.65825, 0.01039, 3.7559, 0.26498, 0.00555, 3.5536, 0.33668, 0.06186, 0.8811, 0.98676, 1.2469, 0.35093, 0.43426, 1.5118, 1.2148, 0.73272, 0.013853, 5.8774, 0.49565, 0.0054121, 4.9412, 0.35425, 0.057857, 0.73926, 0.94589, 0.82831, 0.24688, 0.24753, 0.87599, -0.36118, 0.63104, 0.0091056, 4.1911, -0.11493, -0.0092259, 2.536, -0.19127, 0.043507, 1.0229, 1.0276, 1.6655, 0.45498, 0.62099, 2.1475, 2.7908, 0.8344, 0.0186, 7.5637, 1.1062, 0.02005, 7.3465, 0.89977, 0.072208, 0.0074361, 0.00061746, 0.064759, 0.0040014, 0.012888, 0.1494, 0.91804, 0.0038213, 8.3287e-06, 1.0511, 0.13779, 7.9197e-05, 2.1383, 0.10999, 7.6118e-05, 0.12435, 0.89672, 0.52777, 0.11624, 0.16783, -1.3369, -1.3845, 0.45676, 0.00020154, 1.6418, -0.44556, -0.011395, 1.3885, -0.90132, 0.035118, 1.6378, 1.0768, 1.966, 0.58562, 0.70069, 4.3604, 3.8142, 1.0087, 0.027504, 10.113, 1.4369, 0.022219, 8.4939, 1.6098, 0.080596, 0.21166, 0.0029964, 0.19114, 0.020358, 0.026237, 2.9993, 2.4973, 0.028147, 6.8877e-05, 6.6309, 0.32743, 0.00010441, 4.6652, 0.58268, 0.00019111
63, 2.1818, 0.4772, 0.03381, 0.23429, 2.0833, 1.184, 1.1833, 1.0962, 0.55101, 0.61858, 0.38809, 0.65727, 0.94401, 0.99438, 0.00612, 7.1722, 0.01258, 0.00782, 3.8605, 0.78632, 0.02925, 0.911, 1.0277, 1.2318, 0.42144, 0.40563, 3.2609, 1.651, 0.7364, 0.0095616, 4.0176, 0.54282, 0.0050092, 6.0941, 1.2222, 0.040546, 0.70084, 0.98064, 0.79869, 0.23149, 0.20347, 2.5224, 0.013664, 0.6067, 0.0025885, 1.9629, 0.024772, -0.0066265, 4.1288, 0.62168, 0.024638, 1.1212, 1.0747, 1.6649, 0.61139, 0.60779, 3.9995, 3.2883, 0.8661, 0.016535, 6.0723, 1.0609, 0.016645, 8.0595, 1.8228, 0.056455, 0.016325, 0.00081831, 0.069333, 0.013336, 0.015105, 0.20161, 0.99084, 0.0062176, 1.7972e-05, 1.5604, 0.099192, 5.0041e-05, 1.4277, 0.13331, 9.354e-05, 0.13853, 0.93469, 0.50412, 0.138, 0.12817, 0.38758, -0.98599, 0.44894, -0.0050137, -0.37762, -0.34118, -0.0092597, 2.8231, -0.058204, 0.016794, 1.6835, 1.1207, 1.9595, 0.70487, 0.68309, 6.1342, 4.2879, 1.0239, 0.024137, 8.4129, 1.4268, 0.019278, 9.3652, 2.5027, 0.064299, 0.22055, 0.0031973, 0.19571, 0.029693, 0.028455, 3.0515, 2.5701, 0.030543, 7.8521e-05, 7.1403, 0.28883, 7.5253e-05, 3.9546, 0.60599, 0.00020853
64, 7.6378, 0.10199, 0.00844, 0.3395, 6.0476, 0.45183, 1.2473, 1.0941, 0.79235, 0.25032, 0.73413, 6.2955, 1.2774, 0.92586, 0.01334, 0.36817, 0.5912, 0.00664, 1.6783, 3.542, 0.04725, 1.3904, 1.0695, 1.3772, 0.53336, 0.70513, 2.4335, 0.97486, 0.76353, -5.283e-05, 3.068, 1.033, 0.020002, 2.7506, 2.7944, 0.05817, 1.138, 1.0142, 0.92655, 0.34869, 0.45325, 1.6574, -0.69849, 0.63144, -0.0067803, 0.92089, 0.3912, 0.0049694, 0.32383, 2.147, 0.041734, 1.6428, 1.1247, 1.8279, 0.71802, 0.957, 3.2095, 2.6482, 0.89562, 0.0066746, 5.2151, 1.6748, 0.035034, 5.1773, 3.4418, 0.074606, 0.023545, 0.0011286, 0.075074, 0.012604, 0.023449, 0.2226, 1.0349, 0.0064486, 1.6728e-05, 1.7039, 0.15225, 8.3524e-05, 2.1767, 0.15492, 9.9848e-05, 0.60542, 0.97205, 0.63896, 0.25344, 0.3896, -0.44973, -1.6846, 0.47498, -0.014512, -1.3712, 0.071241, 0.00285, -0.81675, 1.4914, 0.034061, 2.1754, 1.1669, 2.1155, 0.81328, 1.0207, 5.3167, 3.6343, 1.0521, 0.014407, 7.5072, 1.9948, 0.037154, 6.3179, 4.0975, 0.082279, 0.22777, 0.0035076, 0.20145, 0.028961, 0.036798, 3.0725, 2.6142, 0.030774, 7.7277e-05, 7.2838, 0.34189, 0.00010874, 4.7036, 0.6276, 0.00021484
65, 4.56, 0.08105, 0.08646, 0.2, 1.0417, 0.23453, 1.6219, 1.0406, 0.62635, 0.57732, 0.38073, 1.4634, 0.56523, 0.5145, 0.00115, 2.8791, 0.18924, 0.02803, 6.9276, 0.79508, 0.06654, 0.96484, 1.0225, 1.2488, 0.46358, 0.61942, 1.3832, 1.3217, 0.71166, 0.003947, 3.7728, 0.69919, 0.012796, 7.047, 1.0701, 0.054104, 0.80229, 0.98779, 0.8334, 0.34014, 0.44523, 0.73871, -0.33669, 0.59676, -0.0017317, 1.9271, 0.24495, 0.00062861, 5.206, 0.51967, 0.039256, 1.1274, 1.0572, 1.6642, 0.58703, 0.79361, 2.0277, 2.9801, 0.82656, 0.0096257, 5.6185, 1.1534, 0.024963, 8.8879, 1.6206, 0.068952, 0.0097655, 0.0004449, 0.063777, 0.0056326, 0.011215, 0.15352, 1.0165, 0.0048793, 1.1919e-05, 1.2591, 0.076264, 5.4719e-05, 1.2526, 0.112, 8.1485e-05, 0.20394, 0.93508, 0.53153, 0.21967, 0.36162, -1.4674, -1.3284, 0.43057, -0.010055, -0.52871, -0.14899, -0.0019097, 3.8492, -0.18759, 0.031048, 1.7257, 1.1099, 1.9661, 0.70749, 0.87722, 4.2338, 3.9718, 0.99276, 0.017949, 8.0744, 1.5474, 0.027502, 10.245, 2.3279, 0.07716, 0.21399, 0.0028239, 0.19016, 0.021989, 0.024564, 3.0034, 2.5958, 0.029205, 7.2468e-05, 6.839, 0.2659, 7.9931e-05, 3.7796, 0.58468, 0.00019647
66, 2, 0.13709, 0.04021, 0.20759, 1.7797, 0.55401, 1.8959, 1.0967, 0.99776, 0.81552, 0.25261, 2.7814, 2.8703, 0.29264, 0.02543, 0.05457, 0.93384, 0.00577, 1.1751, 0.48095, 0.0608, 0.95582, 1.0146, 1.2858, 0.61044, 0.45403, 1.6471, 1.4895, 0.6209, 0.0084464, 3.0777, 0.85097, 0.0069729, 4.2772, 0.98432, 0.052512, 0.78092, 0.97008, 0.84935, 0.4855, 0.23395, 0.98406, -0.13198, 0.50791, 0.0029672, 1.1027, 0.24944, -0.0074381, 1.8614, 0.41179, 0.037172, 1.1307, 1.0591, 1.7223, 0.73539, 0.6741, 2.3102, 3.1109, 0.73389, 0.013926, 5.0526, 1.4525, 0.021384, 6.6929, 1.5568, 0.067852, 0.011307, 0.0007314, 0.070415, 0.0057702, 0.017902, 0.16251, 0.97173, 0.0047186, 1.1096e-05, 1.4416, 0.13374, 7.676e-05, 2.157, 0.12115, 8.6975e-05, 0.19219, 0.92283, 0.55614, 0.36577, 0.16325, -1.2077, -1.1377, 0.34058, -0.0054762, -1.2809, -0.084397, -0.009637, 0.71729, -0.28322, 0.029136, 1.7195, 1.1063, 2.0155, 0.85512, 0.7448, 4.502, 4.1166, 0.90122, 0.022369, 7.4362, 1.7863, 0.023583, 7.837, 2.2519, 0.075887, 0.21553, 0.0031103, 0.19679, 0.022127, 0.031251, 3.0124, 2.551, 0.029044, 7.1645e-05, 7.0215, 0.32338, 0.00010197, 4.684, 0.59384, 0.00020196
67, 4.7, 0.39202, 0.08935, 0.4617, 2.6667, 0.50219, 0.91433, 1.0239, 1.9297, 0.57232, 0.74553, 1.7294, 0.12379, 0.83408, 4e-05, 4.6123, 1.9519, 0.01053, 1.7727, 0.86094, 0.06771, 1.4958, 1.0239, 1.5645, 0.48155, 0.53907, 1.6645, 1.0858, 0.75848, 0.002391, 5.3481, 0.80831, 0.0044699, 2.9756, 1.3586, 0.058064, 1.3176, 0.98532, 1.228, 0.36098, 0.31496, 1.0004, -0.54525, 0.64721, -0.0032015, 3.3474, 0.16765, -0.0034445, 1.4347, 0.7805, 0.044675, 1.674, 1.0625, 1.901, 0.60212, 0.76318, 2.3286, 2.7168, 0.86976, 0.0079835, 7.3488, 1.449, 0.012384, 4.5166, 1.9366, 0.071452, 0.011734, 0.00055031, 0.041863, 0.0053733, 0.018563, 0.163, 0.98328, 0.0045764, 1.156e-05, 1.4795, 0.15171, 2.3151e-05, 0.87767, 0.12351, 6.6253e-05, 0.73143, 0.93488, 0.88982, 0.23908, 0.24523, -1.1906, -1.5473, 0.47885, -0.011577, 0.97783, -0.15269, -0.006969, -0.059387, 0.088518, 0.03592, 2.2602, 1.1129, 2.2392, 0.72402, 0.83291, 4.5196, 3.7189, 1.0381, 0.016359, 9.7184, 1.7693, 0.015909, 6.0106, 2.6286, 0.080208, 0.21596, 0.0029293, 0.16824, 0.02173, 0.031912, 3.0129, 2.5626, 0.028902, 7.2109e-05, 7.0594, 0.34134, 4.8363e-05, 3.4046, 0.59619, 0.00018124
68, 6, 0.37518, 0.06684, 0.10492, 0.8642, 0.29938, 1.8579, 1.0275, 1.9291, 0.15447, 0.29838, 3.9516, 4.1117, 0.99765, 0.01072, 2.0823, 0.01164, 0.00531, 2.1442, 0.65783, 0.0589, 1.337, 1.0011, 1.4893, 0.24768, 0.48375, 1.4565, 0.95034, 0.79799, 0.0093241, 6.031, 0.4349, 0.012964, 5.2087, 0.68171, 0.064405, 1.1286, 0.94928, 1.0699, 0.15158, 0.27622, 0.72599, -0.45616, 0.67729, 0.0034741, 4.3546, -0.13766, 0.00010758, 2.9954, 0.10434, 0.049384, 1.5454, 1.0529, 1.9086, 0.34379, 0.69129, 2.187, 2.3568, 0.9187, 0.015174, 7.7074, 1.0075, 0.025821, 7.422, 1.2591, 0.079427, 0.016048, 0.00099283, 0.064994, 0.0034139, 0.015919, 0.19723, 0.73118, 0.0053853, 1.2649e-05, 1.0387, 0.12117, 6.1093e-05, 1.8106, 0.12321, 8.3397e-05, 0.56503, 0.9056, 0.7697, 0.016404, 0.20235, -1.4148, -1.5499, 0.51447, -0.0047485, 1.7994, -0.4821, -0.0023167, 1.783, -0.58802, 0.041238, 2.109, 1.0966, 2.2088, 0.47896, 0.76515, 4.3277, 3.4505, 1.0815, 0.023397, 10.263, 1.3519, 0.028245, 8.6343, 1.9514, 0.087573, 0.22027, 0.0033718, 0.19137, 0.019771, 0.029269, 3.0471, 2.3105, 0.029711, 7.3198e-05, 6.6186, 0.31081, 8.6305e-05, 4.3375, 0.59589, 0.00019839
69, 3.0049, 0.29001, 0.1222, 0.36241, 1.3544, 0.4912, 1.1682, 0.98183, 1.5504, 0.61426, 0.44434, 1.1333, 0.67352, 0.70553, 0.02787, 2.3136, 1.1764, 0.0268, 8.0086, 0.29101, 0.02541, 1.0725, 1.0206, 1.3247, 0.43259, 0.42241, 1.7596, 3.8953, 0.74085, 0.0094122, 2.6827, 0.50166, 0.035624, 3.8359, 0.86096, 0.044031, 0.91291, 0.97799, 0.96873, 0.31378, 0.27492, 1.158, 2.5898, 0.62825, 0.0034772, 1.042, 0.030631, 0.028247, 2.0979, 0.32806, 0.032054, 1.2321, 1.0632, 1.6807, 0.55141, 0.56991, 2.3611, 5.2007, 0.85344, 0.015347, 4.3234, 0.97269, 0.043, 5.5739, 1.3939, 0.056008, 0.0094119, 0.00067047, 0.046844, 0.0052176, 0.0080404, 0.13375, 0.62989, 0.0046858, 1.3019e-05, 0.99491, 0.082005, 2.0111e-05, 1.1165, 0.10497, 5.3018e-05, 0.31222, 0.92975, 0.64014, 0.19099, 0.18185, -1.0816, 1.4505, 0.46068, -0.004696, -1.5349, -0.35563, 0.02455, 0.69625, -0.38918, 0.022711, 1.8328, 1.1114, 2.0093, 0.67419, 0.66298, 4.6008, 6.3401, 1.021, 0.02352, 6.9003, 1.3589, 0.046697, 6.9755, 2.1111, 0.065351, 0.21364, 0.0030494, 0.17322, 0.021574, 0.02139, 2.9837, 2.2092, 0.029011, 7.3568e-05, 6.5748, 0.27164, 4.5323e-05, 3.6434, 0.57765, 0.00016801
70, 2, 0.062, 0.15337, 0.59912, 1.1719, 0.38897, 0.83042, 1.0811, 0.68945, 0.58865, 0.28196, 1.5555, 0.81505, 0.58224, 0.00044, 3.7151, 1.1254, 0.00691, 1.0474, 1.95, 0.04357, 1.1429, 1.0359, 1.1935, 0.63364, 0.48916, 1.4925, 1.2532, 0.53984, 0.0038845, 2.0485, 0.87563, 0.0090626, 3.3393, 1.6302, 0.042804, 0.94925, 0.99151, 0.74444, 0.48693, 0.28424, 0.79405, -0.35729, 0.4187, -0.0026132, 0.17907, 0.34082, -0.0032445, 1.2972, 0.9967, 0.027322, 1.3365, 1.0803, 1.6425, 0.78036, 0.69407, 2.1909, 2.8637, 0.66099, 0.010382, 3.9179, 1.4104, 0.02137, 5.3814, 2.2637, 0.058286, 0.013858, 0.00072851, 0.07452, 0.0079559, 0.01552, 0.1803, 0.95867, 0.0054244, 1.5605e-05, 1.2917, 0.10572, 5.5983e-05, 1.5413, 0.14833, 8.859e-05, 0.37475, 0.94422, 0.4562, 0.37717, 0.20968, -1.3708, -1.3672, 0.25614, -0.010469, -2.2633, -0.018293, -0.0057589, 0.021654, 0.33398, 0.019335, 1.911, 1.1276, 1.9307, 0.89012, 0.76864, 4.3558, 3.8736, 0.82355, 0.018238, 6.3602, 1.7695, 0.023884, 6.6569, 2.9264, 0.066273, 0.21808, 0.0031075, 0.2009, 0.024313, 0.02887, 3.0302, 2.5379, 0.02975, 7.6153e-05, 6.8715, 0.29535, 8.1195e-05, 4.0682, 0.62101, 0.00020358
71, 4.7, 0.39202, 0.08776, 0.23073, 1.9192, 0.48658, 1.4337, 1.0287, 1.8949, 0.52544, 0.54351, 1.1888, 0.77789, 0.84091, 0.00056, 5.8579, 0.53773, 0.00393, 4.2766, 0.56305, 0.03475, 1.1955, 1.021, 1.4257, 0.53542, 0.64969, 1.7711, 1.1681, 0.79987, 0.0032159, 5.2197, 0.42213, 0.0076573, 3.9954, 0.87414, 0.054579, 1.0265, 0.97326, 0.97936, 0.40781, 0.42455, 1.1078, -0.49351, 0.676, -0.0032104, 3.4031, -0.066367, -0.0022202, 2.2926, 0.30459, 0.038316, 1.3645, 1.0687, 1.872, 0.66302, 0.87484, 2.4344, 2.8297, 0.92374, 0.0096423, 7.0363, 0.91062, 0.017535, 5.6981, 1.4437, 0.070843, 0.010557, 0.00084188, 0.073631, 0.0060184, 0.018735, 0.16259, 1.0204, 0.0056713, 1.5264e-05, 1.2198, 0.088199, 3.6062e-05, 1.0717, 0.1199, 9.7764e-05, 0.43317, 0.92764, 0.69008, 0.28938, 0.35506, -1.0838, -1.484, 0.51499, -0.011106, 0.93057, -0.44488, -0.0052181, 0.87508, -0.39205, 0.030587, 1.9578, 1.1143, 2.1613, 0.78146, 0.94432, 4.626, 3.8202, 1.0848, 0.017538, 9.5088, 1.2891, 0.020533, 7.1156, 2.1403, 0.078571, 0.21478, 0.0032208, 0.20001, 0.022375, 0.032085, 3.0125, 2.5997, 0.029997, 7.5813e-05, 6.7996, 0.27784, 6.1273e-05, 3.5986, 0.59258, 0.00021275
72, 2.8571, 0.37557, 0.09667, 0.13131, 1.6927, 0.62603, 1.405, 0.90815, 0.50188, 0.48596, 0.68235, 0.67907, 0.57241, 0.99338, 0.00092, 7.931, 1.4361, 0.001, 2.4199, 0.39314, 0.03929, 0.92605, 1.0093, 1.1462, 0.40375, 0.49646, 1.9859, 0.86868, 0.7805, 0.0047986, 5.8447, 0.51757, 0.0044599, 3.5731, 0.65069, 0.050019, 0.75841, 0.96857, 0.78948, 0.29792, 0.33643, 1.3209, -0.46832, 0.67541, -0.00063049, 4.3037, -0.0091227, -0.0058214, 1.5364, 0.1516, 0.037979, 1.0937, 1.05, 1.5029, 0.50958, 0.65649, 2.6508, 2.2057, 0.8856, 0.010228, 7.3857, 1.0443, 0.014741, 5.6099, 1.1498, 0.062059, 0.010387, 0.00061316, 0.047029, 0.0041397, 0.0094658, 0.16343, 0.6607, 0.0040825, 1.0894e-05, 0.87767, 0.10253, 3.907e-05, 1.5333, 0.092068, 5.3581e-05, 0.16405, 0.91933, 0.46123, 0.16826, 0.24801, -0.86941, -1.5931, 0.50327, -0.0091044, 1.6648, -0.37152, -0.0087278, 0.25876, -0.58541, 0.028663, 1.6881, 1.0993, 1.8311, 0.63923, 0.74491, 4.8412, 3.3305, 1.0577, 0.018702, 10.025, 1.4067, 0.017648, 6.8875, 1.8868, 0.071375, 0.21461, 0.0029921, 0.17341, 0.020496, 0.022815, 3.0133, 2.24, 0.028408, 7.1443e-05, 6.4575, 0.29217, 6.4282e-05, 4.0602, 0.56475, 0.00016857
73, 3.0049, 0.23427, 0.07638, 0.14319, 1.3544, 0.52635, 0.86369, 1.0113, 0.82924, 0.56093, 0.37132, 1.355, 0.77987, 0.53788, 0.01138, 1.6615, 0.46132, 0.02274, 7.6879, 0.19781, 0.0485, 0.83268, 1.0095, 1.1737, 0.51825, 0.45907, 2.0054, 1.0275, 0.73374, 0.0059968, 4.7628, 0.59951, 0.024895, 5.9469, 0.76463, 0.045914, 0.70345, 0.97777, 0.87481, 0.42045, 0.35452, 1.4793, -0.11661, 0.62992, 0.00055889, 3.3895, 0.14867, 0.018205, 4.4012, 0.29035, 0.036094, 0.96191, 1.0412, 1.4726, 0.61605, 0.56361, 2.5316, 2.1716, 0.83755, 0.011435, 6.1361, 1.0504, 0.031586, 7.4925, 1.2389, 0.055735, 0.0061724, 0.00037128, 0.03302, 0.0035354, 0.0040398, 0.10231, 0.48381, 0.0039836, 1.093e-05, 0.69705, 0.075127, 1.6545e-05, 0.883, 0.08314, 3.5647e-05, 0.078197, 0.9232, 0.517, 0.28626, 0.24216, -0.82077, -1.3351, 0.45699, -0.0079096, 0.64185, -0.24685, 0.014266, 2.9095, -0.46167, 0.025726, 1.5872, 1.0957, 1.8304, 0.75024, 0.67597, 4.8316, 3.3901, 1.0105, 0.019903, 8.8838, 1.4459, 0.035524, 8.9842, 1.9909, 0.066102, 0.2104, 0.0027502, 0.1594, 0.019892, 0.017389, 2.9522, 2.0631, 0.028309, 7.1478e-05, 6.2769, 0.26476, 4.1756e-05, 3.4099, 0.55582, 0.00015064
74, 3, 0.35826, 0.12126, 0.10019, 0.48387, 0.34299, 1.1867, 1.0262, 0.74933, 0.33302, 0.44337, 1.2119, 0.59746, 0.73741, 0.0002, 6.5387, 0.99824, 0.00394, 2.4298, 0.68129, 0.07193, 0.89077, 0.98448, 1.2758, 0.29452, 0.46653, 1.3087, 1.1474, 0.76468, 0.010744, 6.1135, 0.57373, 0.0026545, 4.1881, 0.48069, 0.051734, 0.72967, 0.94529, 0.86284, 0.16944, 0.29702, 0.64254, -0.47519, 0.65826, 0.0055893, 4.3095, 0.067556, -0.0086185, 2.2931, -0.078665, 0.037439, 1.0519, 1.0237, 1.6888, 0.41959, 0.63603, 1.9748, 2.77, 0.8711, 0.015898, 7.9175, 1.0799, 0.013927, 6.0831, 1.04, 0.066029, 0.0095922, 0.00056755, 0.063031, 0.0057821, 0.01062, 0.164, 0.97311, 0.0041856, 9.8195e-06, 1.2029, 0.0947, 4.697e-05, 1.3273, 0.11564, 7.553e-05, 0.13018, 0.89519, 0.55994, 0.049777, 0.21187, -1.5469, -1.4804, 0.48694, -0.0030544, 1.8297, -0.30336, -0.01132, 0.95892, -0.78095, 0.02903, 1.6514, 1.0738, 1.9917, 0.53926, 0.72118, 4.1642, 3.7752, 1.0424, 0.024542, 10.397, 1.4508, 0.016629, 7.4173, 1.7423, 0.074437, 0.21382, 0.0029465, 0.18941, 0.022139, 0.023969, 3.0139, 2.5524, 0.028511, 7.0368e-05, 6.7828, 0.28434, 7.2182e-05, 3.8542, 0.58832, 0.00019052
75, 2.5, 0.1772, 0.14937, 0.62894, 0.97222, 0.42492, 1.1899, 0.93389, 1.354, 0.6293, 0.02828, 1.115, 0.50551, 0.46123, 0.00283, 2.0236, 0.38757, 0.00229, 1.6513, 1.2568, 0.03491, 1.2551, 0.9861, 1.3194, 0.59036, 0.22697, 1.5641, 1.2966, 0.55228, 0.0035084, 3.3574, 0.57248, 0.0022033, 1.5239, 1.7339, 0.051084, 1.0484, 0.94015, 0.87177, 0.43351, 0.012538, 0.86918, -0.34666, 0.42931, -0.0031248, 1.5396, 0.061892, -0.0071104, -0.3981, 1.1108, 0.035042, 1.4618, 1.0321, 1.7669, 0.74721, 0.44141, 2.2589, 2.9399, 0.67524, 0.010142, 5.1751, 1.0831, 0.011517, 3.4459, 2.3569, 0.067127, 0.015788, 0.00078063, 0.074045, 0.0090928, 0.016996, 0.17847, 0.9981, 0.0055888, 1.6263e-05, 1.2213, 0.09636, 3.2062e-05, 1.3654, 0.1435, 9.5124e-05, 0.48358, 0.89365, 0.58298, 0.32796, -0.059557, -1.2984, -1.3441, 0.26779, -0.010907, -0.93222, -0.30716, -0.010245, -1.7212, 0.44269, 0.027241, 2.0266, 1.0786, 2.0557, 0.85276, 0.51351, 4.4265, 3.9373, 0.83677, 0.017924, 7.647, 1.4521, 0.014651, 4.769, 3.025, 0.074927, 0.22001, 0.0031596, 0.20042, 0.025449, 0.030345, 3.0284, 2.5774, 0.029914, 7.6811e-05, 6.8011, 0.286, 5.7274e-05, 3.8923, 0.61618, 0.00021011
76, 4.56, 0.32421, 0.04323, 0.2, 2.0833, 0.76092, 1.3472, 1.0454, 1.0003, 0.43989, 0.79948, 0.63351, 0.72003, 0.93319, 0.00623, 2.0348, 1.7532, 0.01031, 8.8826, 0.57549, 0.05214, 0.95707, 1.0022, 1.0815, 0.63069, 0.72963, 2.3035, 0.95669, 0.78795, 0.0041121, 4.0658, 1.1832, 0.0080252, 5.5821, 1.0548, 0.04548, 0.77185, 0.96821, 0.74301, 0.51227, 0.60027, 1.6242, -0.16742, 0.67781, -0.0015153, 2.4333, 0.81316, 0.0016582, 4.1706, 0.57696, 0.033842, 1.1423, 1.0361, 1.4199, 0.74911, 0.85899, 2.9828, 2.0808, 0.89809, 0.0097395, 5.6984, 1.5533, 0.014392, 6.9936, 1.5327, 0.057117, 0.01268, 0.00042644, 0.042341, 0.005183, 0.006185, 0.17055, 0.46705, 0.0044836, 1.1705e-05, 0.98507, 0.050622, 1.4983e-05, 0.7364, 0.084396, 5.0055e-05, 0.19101, 0.91506, 0.40584, 0.38928, 0.49974, -0.55518, -1.3963, 0.50876, -0.0098695, -0.14864, 0.377, -0.0024032, 2.6107, -0.17288, 0.024348, 1.7231, 1.0893, 1.7571, 0.87209, 0.95952, 5.1622, 3.3096, 1.0671, 0.018094, 8.2803, 1.9895, 0.018453, 8.5535, 2.2825, 0.066611, 0.21691, 0.0028054, 0.16872, 0.02154, 0.019534, 3.0205, 2.0463, 0.028809, 7.2253e-05, 6.5649, 0.24026, 4.0195e-05, 3.2633, 0.55708, 0.00016504
77, 2.5, 0.1772, 0.14937, 0.39994, 0.97222, 0.41986, 0.86088, 0.97973, 1.6511, 0.36077, 0.01922, 0.37544, 2.2462, 0.49057, 0.00383, 0.64001, 0.10414, 0.00046, 1.8291, 2.2335, 0.03008, 1.0353, 0.98006, 1.2236, 0.54898, 0.42991, 1.7901, 1.5643, 0.65984, 0.0038139, 2.5291, 0.62105, 0.0035545, 3.0438, 1.1296, 0.041578, 0.83804, 0.93561, 0.77736, 0.40483, 0.2258, 1.1071, -0.097507, 0.5411, -0.0022315, 0.8454, 0.11102, -0.0057171, 1.1218, 0.50588, 0.025777, 1.2325, 1.0245, 1.6698, 0.69312, 0.63401, 2.4731, 3.2261, 0.77858, 0.0098594, 4.2127, 1.1311, 0.012826, 4.9657, 1.7532, 0.057379, 0.014377, 0.00073034, 0.073602, 0.0076795, 0.015397, 0.17244, 1.0207, 0.0052116, 1.3508e-05, 1.0477, 0.096146, 3.1773e-05, 1.3653, 0.14377, 9.2282e-05, 0.26622, 0.88834, 0.48804, 0.29397, 0.15102, -1.0695, -1.0879, 0.37715, -0.010341, -1.7055, -0.25827, -0.0088622, -0.20133, -0.16188, 0.017897, 1.8043, 1.0718, 1.9592, 0.80399, 0.70879, 4.6497, 4.2166, 0.94253, 0.017969, 6.7636, 1.5004, 0.015971, 6.2888, 2.421, 0.065259, 0.2186, 0.0031093, 0.19998, 0.024036, 0.028746, 3.0224, 2.6, 0.029537, 7.4057e-05, 6.6276, 0.28578, 5.6985e-05, 3.8922, 0.61645, 0.00020727
78, 1.5, 0.12975, 0.1397, 0.3332, 0.9697, 0.50471, 0.17717, 0.96432, 0.58978, 0.9131, 0.03206, 2.1719, 0.8805, 0.99635, 0.01558, 4.1445, 0.31675, 0.00676, 4.9521, 0.96827, 0.03542, 0.79499, 1.008, 1.1502, 0.66382, 0.33385, 1.8964, 1.3289, 0.69681, 0.0042237, 1.7259, 0.82776, 0.0071758, 3.4628, 1.1587, 0.042627, 0.55714, 0.95495, 0.70206, 0.51632, 0.097555, 1.1414, -0.33184, 0.57064, -0.0024545, -0.091031, 0.19791, -0.0076361, 1.0414, 0.52977, 0.026309, 1.0328, 1.061, 1.5984, 0.81133, 0.57015, 2.6514, 2.9896, 0.82297, 0.010902, 3.5428, 1.4576, 0.021988, 5.8841, 1.7876, 0.058945, 0.02091, 0.0010383, 0.074233, 0.0080416, 0.020638, 0.2107, 1.0194, 0.0058832, 1.6484e-05, 1.2202, 0.14663, 8.109e-05, 2.167, 0.1462, 9.8417e-05, 0.014536, 0.9118, 0.41348, 0.4069, 0.030614, -0.98121, -1.3227, 0.41092, -0.010213, -2.5634, -0.12607, -0.0097831, -0.10087, -0.13529, 0.018598, 1.5755, 1.1041, 1.8869, 0.92075, 0.63709, 4.774, 3.9804, 0.98269, 0.01866, 6.0152, 1.7816, 0.024135, 7.0264, 2.4527, 0.066656, 0.22514, 0.0034173, 0.20061, 0.024398, 0.033987, 3.0606, 2.5986, 0.030209, 7.7033e-05, 6.8, 0.33627, 0.0001063, 4.6939, 0.61888, 0.00021341
79, 4, 0.23445, 0.11054, 0.22306, 1.95, 0.34281, 1.9712, 0.95122, 1.9752, 0.45769, 0.47944, 0.95186, 1.1925, 0.80103, 0.01336, 2.494, 0.19204, 0.00991, 6.6832, 0.56914, 0.05217, 1.2158, 1.0067, 1.5378, 0.46784, 0.47846, 1.4153, 1.1758, 0.79967, 0.0029037, 4.4643, 0.82897, 0.0062494, 3.5248, 1.0312, 0.048837, 1.0612, 0.96312, 1.126, 0.34556, 0.27746, 0.82469, -0.43704, 0.6824, -0.0031628, 2.7523, 0.19165, -0.0067762, 1.1844, 0.44139, 0.034215, 1.3703, 1.0503, 1.9495, 0.59011, 0.67945, 2.0059, 2.7887, 0.91694, 0.0089702, 6.1762, 1.4663, 0.019275, 5.8652, 1.6211, 0.063459, 0.0088279, 0.00070257, 0.062675, 0.0055261, 0.014932, 0.12892, 0.96147, 0.0050828, 1.3603e-05, 1.0833, 0.15013, 6.2711e-05, 2.0245, 0.1286, 7.9027e-05, 0.45654, 0.91541, 0.82257, 0.22452, 0.20184, -1.4236, -1.446, 0.5176, -0.01126, 0.21839, -0.12981, -0.0091738, 0.015684, -0.24421, 0.025926, 1.975, 1.098, 2.2529, 0.71116, 0.75507, 4.2542, 3.7977, 1.0817, 0.017068, 8.7101, 1.7877, 0.021673, 7.034, 2.3067, 0.071748, 0.21305, 0.0030815, 0.18905, 0.021883, 0.028281, 2.9788, 2.5407, 0.029408, 7.4151e-05, 6.6631, 0.33976, 8.7922e-05, 4.5514, 0.60128, 0.00019402
80, 3.0049, 0.1623, 0.05357, 0.04951, 1.3368, 0.45659, 0.12861, 0.95373, 1.9007, 0.45028, 0.44392, 1.8979, 1.1693, 0.91859, 6e-05, 5.5055, 0.94696, 0.00129, 5.322, 0.50906, 0.03373, 0.76496, 0.99014, 1.0952, 0.41131, 0.48723, 1.8932, 1.2514, 0.77292, 0.0042663, 5.4829, 0.44957, 0.0096446, 6.6821, 0.49787, 0.038142, 0.62378, 0.95586, 0.76781, 0.31471, 0.37087, 1.3244, 0.067334, 0.66388, -0.0013989, 3.9572, -0.010774, 0.0032086, 4.9381, 0.013791, 0.027176, 0.90614, 1.0244, 1.4226, 0.50791, 0.6036, 2.4621, 2.4354, 0.88196, 0.0099315, 7.0086, 0.90991, 0.016081, 8.4261, 0.98195, 0.049108, 0.0073674, 0.00043416, 0.039614, 0.0034493, 0.0050047, 0.11959, 0.51816, 0.0043947, 1.1863e-05, 0.86037, 0.078326, 1.531e-05, 1.1242, 0.086613, 4.4445e-05, 0.0083395, 0.9029, 0.42504, 0.17982, 0.26439, -0.94121, -1.1308, 0.49417, -0.0097306, 1.3086, -0.40189, -0.00082601, 3.5391, -0.73225, 0.017373, 1.5216, 1.0774, 1.7653, 0.6428, 0.71007, 4.7277, 3.6335, 1.0517, 0.018263, 9.6571, 1.301, 0.020115, 9.825, 1.728, 0.058911, 0.21159, 0.0028131, 0.16599, 0.019806, 0.018354, 2.9695, 2.0974, 0.02872, 7.2411e-05, 6.4402, 0.26796, 4.0522e-05, 3.6511, 0.55929, 0.00015943
81, 4, 0.20693, 0.04168, 0.03201, 1.8518, 0.4529, 1.5755, 1.056, 0.89908, 0.38729, 0.48467, 0.20197, 1.543, 0.9732, 0.00222, 4.0266, 0.37408, 0.00188, 3.5715, 0.38483, 0.07329, 1.0929, 1.0193, 1.1953, 0.3853, 0.56319, 1.5577, 0.97339, 0.80905, 0.0032903, 6.4128, 0.47057, 0.0037612, 5.4525, 0.69903, 0.046885, 0.93022, 0.98167, 0.86596, 0.27807, 0.42948, 0.9511, -0.28746, 0.69784, -0.0026088, 4.7118, 0.0068059, -0.0030276, 3.7495, 0.17435, 0.035843, 1.2555, 1.0568, 1.5247, 0.49253, 0.69689, 2.1643, 2.2342, 0.92026, 0.0091894, 8.1137, 0.93434, 0.01055, 7.1555, 1.2237, 0.057927, 0.0097757, 0.00052217, 0.0401, 0.0042499, 0.0066077, 0.13601, 0.58758, 0.0045715, 1.2862e-05, 1.0693, 0.079495, 1.7035e-05, 1.0719, 0.10175, 4.5064e-05, 0.33194, 0.93066, 0.52421, 0.14919, 0.33082, -1.2846, -1.4479, 0.52944, -0.010803, 2.1713, -0.38275, -0.0069299, 2.3321, -0.54763, 0.026076, 1.8538, 1.1078, 1.8665, 0.62142, 0.79556, 4.4, 3.3947, 1.0887, 0.017383, 10.654, 1.3239, 0.014452, 8.5729, 1.9457, 0.067695, 0.214, 0.0029011, 0.16648, 0.020607, 0.019957, 2.9859, 2.1669, 0.028897, 7.3411e-05, 6.6492, 0.26913, 4.2246e-05, 3.5988, 0.57443, 0.00016005
82, 4, 0.14463, 0.03544, 0.1, 2.0238, 0.48658, 1.7688, 0.99574, 1.7978, 0.4421, 0.51461, 0.68442, 1.3253, 0.9568, 0.00108, 3.0653, 1.1647, 0.00447, 6.2193, 0.42351, 0.05154, 1.0865, 1.041, 1.1465, 0.4598, 0.46301, 1.7204, 1.2068, 0.78134, 0.0037364, 4.5096, 0.7342, 0.012213, 5.386, 1.2224, 0.054402, 0.92273, 0.99979, 0.73085, 0.34613, 0.27369, 1.0787, -0.36749, 0.6735, -0.001327, 2.6046, 0.15704, -0.0012709, 3.1314, 0.66284, 0.039256, 1.2503, 1.0821, 1.5621, 0.57346, 0.65233, 2.362, 2.781, 0.88919, 0.0087998, 6.4146, 1.3114, 0.025697, 7.6405, 1.7819, 0.069548, 0.0099126, 0.00062642, 0.063848, 0.0047752, 0.013248, 0.15218, 0.91599, 0.004299, 9.4762e-06, 1.3413, 0.12312, 6.72e-05, 1.8787, 0.11571, 8.4789e-05, 0.32534, 0.95079, 0.42907, 0.22069, 0.19476, -1.1296, -1.3915, 0.50306, -0.010028, 0.18233, -0.18568, -0.0035993, 1.9335, -0.03936, 0.031153, 1.8477, 1.1311, 1.8639, 0.6989, 0.73126, 4.5703, 3.805, 1.0596, 0.017501, 8.8369, 1.6541, 0.028025, 8.8385, 2.4841, 0.077651, 0.21414, 0.0030054, 0.19023, 0.021132, 0.026597, 3.0021, 2.4953, 0.028624, 7.0025e-05, 6.9212, 0.31276, 9.2412e-05, 4.4056, 0.58839, 0.00019978
83, 4.6981, 0.13859, 0.04387, 0, 0.84667, 0.19799, 0.88921, 0.9291, 1.1908, 0.25829, 0.22153, 0.77163, 1.44, 0.9526, 0.0001, 3.549, 0.21347, 0.00111, 4.5144, 0.42595, 0.04593, 0.99709, 1.0497, 1.054, 0.38538, 0.52049, 1.136, 1.0966, 0.84657, 0.0066863, 6.2928, 0.67383, 0.0048577, 6.0562, 0.98684, 0.057644, 0.82042, 1.0113, 0.71743, 0.28133, 0.37594, 0.4955, -0.16196, 0.74379, 0.0014858, 4.5176, 0.18326, -0.0044532, 4.3489, 0.5174, 0.045614, 1.1738, 1.0881, 1.3907, 0.48942, 0.66505, 1.7764, 2.3552, 0.94935, 0.011887, 8.0681, 1.1644, 0.014169, 7.7635, 1.4563, 0.069674, 0.011536, 0.00054488, 0.041881, 0.0040013, 0.0077237, 0.15161, 0.58547, 0.0039046, 9.9965e-06, 1.1648, 0.088949, 3.2043e-05, 1.0774, 0.081452, 5.349e-05, 0.23305, 0.96079, 0.37933, 0.15069, 0.28172, -1.7137, -1.3235, 0.57021, -0.007129, 2.0211, -0.19435, -0.0075884, 2.9335, -0.23759, 0.036294, 1.7611, 1.1387, 1.7288, 0.62007, 0.75927, 3.9857, 3.5167, 1.1229, 0.020502, 10.565, 1.542, 0.017304, 9.179, 2.2113, 0.078994, 0.21576, 0.0029238, 0.16826, 0.020358, 0.021073, 3.0015, 2.1647, 0.02823, 7.0545e-05, 6.7447, 0.27859, 5.7255e-05, 3.6043, 0.55413, 0.00016848
84, 2.1818, 0.16255, 0.08371, 0.214, 1.0417, 0.52392, 0.89294, 0.97718, 1.2364, 0.44438, 0.33975, 0.81104, 1.2038, 0.56662, 0.02108, 1.2338, 0.66865, 0.00825, 5.1722, 0.76619, 0.04885, 0.94322, 1.006, 1.0395, 0.71505, 0.41203, 1.8501, 1.0733, 0.59769, 0.014103, 4.1537, 0.78218, 0.0051154, 4.0547, 0.70146, 0.047648, 0.7747, 0.95957, 0.63731, 0.61716, 0.22183, 1.1879, -0.47079, 0.49207, 0.0089516, 2.5695, 0.19269, -0.0066301, 1.7467, 0.15045, 0.033462, 1.1117, 1.0523, 1.4418, 0.81295, 0.60222, 2.5124, 2.6173, 0.70331, 0.019255, 5.7379, 1.3717, 0.016861, 6.3628, 1.2525, 0.061833, 0.010496, 0.00079533, 0.059796, 0.0035422, 0.013371, 0.1621, 0.88118, 0.0041231, 9.8099e-06, 0.92763, 0.12844, 5.099e-05, 1.969, 0.11222, 7.4373e-05, 0.18102, 0.91329, 0.32981, 0.48302, 0.14315, -1.0045, -1.5068, 0.32026, 0.00030638, -0.042275, -0.14549, -0.0092432, 0.56709, -0.55651, 0.025013, 1.7054, 1.0986, 1.7493, 0.94708, 0.6809, 4.7048, 3.6534, 0.87512, 0.0279, 8.3497, 1.7098, 0.019474, 7.5424, 1.9594, 0.070282, 0.21472, 0.0031743, 0.18618, 0.019899, 0.02672, 3.012, 2.4605, 0.028449, 7.0358e-05, 6.5075, 0.31808, 7.6202e-05, 4.4959, 0.5849, 0.00018936
85, 5.4951, 0.18313, 0.04428, 0.26576, 2.2281, 0.41515, 1.1184, 1.0798, 1.1035, 0.66249, 0.42974, 1.2357, 0.26638, 0.67189, 0.00121, 8.086, 1.3222, 0.02083, 7.9834, 0.74892, 0.04648, 1.2811, 1.0544, 1.4917, 0.59036, 0.37387, 1.7185, 0.90177, 0.6336, 0.0069037, 3.3465, 0.6505, 0.020111, 4.5532, 1.435, 0.05372, 1.0612, 1.0132, 1.1394, 0.48311, 0.22311, 0.99763, -0.42137, 0.52346, 0.0012772, 1.6343, 0.1676, 0.011774, 2.7207, 0.90202, 0.042039, 1.501, 1.0956, 1.844, 0.6976, 0.52463, 2.4393, 2.2249, 0.74373, 0.01253, 5.0586, 1.1334, 0.028448, 6.3857, 1.9679, 0.065402, 0.017873, 0.00062692, 0.045878, 0.0042509, 0.0084006, 0.19205, 0.64707, 0.0044831, 1.1701e-05, 1.0835, 0.086188, 2.5692e-05, 1.2412, 0.10498, 5.0438e-05, 0.50589, 0.96422, 0.80905, 0.35423, 0.13129, -1.1504, -1.5525, 0.35441, -0.0070775, -0.89948, -0.21336, 0.0083757, 1.3603, 0.1848, 0.032565, 2.0562, 1.1446, 2.1744, 0.82648, 0.61645, 4.5873, 3.356, 0.91278, 0.020885, 7.5924, 1.5144, 0.031847, 7.7461, 2.6851, 0.074876, 0.2221, 0.0030059, 0.17226, 0.020608, 0.02175, 3.042, 2.2263, 0.028808, 7.2249e-05, 6.6634, 0.27583, 5.0903e-05, 3.7681, 0.57766, 0.00016543
86, 6.5574, 0.12536, 0.07885, 0.13961, 0.88496, 0.18522, 1.0637, 1.0594, 0.53823, 0.58288, 0.62286, 1.9736, 0.46374, 0.76149, 0.00056, 4.3636, 0.72288, 0.00637, 5.6036, 0.61502, 0.06222, 0.96433, 1.0204, 1.2288, 0.47441, 0.54016, 1.6432, 1.3993, 0.73051, 0.0030986, 4.1972, 0.83948, 0.0080477, 4.1247, 1.4272, 0.063423, 0.78001, 0.98003, 0.80281, 0.31257, 0.33337, 1.0194, -0.25607, 0.6104, -0.0029972, 2.2531, 0.30821, -0.002954, 2.2989, 0.83578, 0.048344, 1.1486, 1.0608, 1.6548, 0.63624, 0.74696, 2.2671, 3.0546, 0.85061, 0.0091945, 6.1413, 1.3707, 0.019049, 5.9504, 2.0187, 0.078502, 0.012556, 0.00060312, 0.067079, 0.0096804, 0.015807, 0.14384, 1.0128, 0.0053316, 1.3735e-05, 1.397, 0.10432, 4.4736e-05, 1.2321, 0.1293, 8.404e-05, 0.19848, 0.9306, 0.50535, 0.209, 0.2593, -1.2028, -1.2489, 0.44724, -0.011078, -0.14748, -0.052326, -0.0057091, 0.93562, 0.15104, 0.040218, 1.7302, 1.1102, 1.9523, 0.73982, 0.82102, 4.4892, 4.0475, 1.0138, 0.017275, 8.5419, 1.7313, 0.021804, 7.3137, 2.7034, 0.086628, 0.21678, 0.0029821, 0.19346, 0.026037, 0.029156, 2.9938, 2.5921, 0.029657, 7.4283e-05, 6.9769, 0.29396, 6.9948e-05, 3.759, 0.60198, 0.00019903
87, 3.5, 0.39435, 0.10278, 0.20989, 1.3757, 0.54613, 1.3573, 1.0758, 0.51689, 0.58708, 0.48509, 1.0719, 0.72147, 0.89135, 0.00032, 7.7913, 1.1948, 0.01131, 5.29, 0.40646, 0.05681, 1.0305, 1.028, 1.0014, 0.51912, 0.50892, 1.7461, 1.0648, 0.78421, 0.0035159, 5.5315, 0.63125, 0.0040717, 4.9511, 0.86247, 0.054052, 0.82691, 0.98804, 0.62794, 0.40856, 0.36286, 1.0594, -0.48672, 0.664, -0.0027705, 3.8521, 0.18979, -0.0035036, 3.2945, 0.36209, 0.039955, 1.2341, 1.068, 1.3749, 0.62969, 0.65498, 2.4328, 2.6163, 0.90441, 0.0098022, 7.2109, 1.0727, 0.011647, 6.6077, 1.3628, 0.06815, 0.015324, 0.00059056, 0.051557, 0.0045186, 0.0078851, 0.1743, 0.88971, 0.0053408, 1.4606e-05, 1.0424, 0.07203, 2.121e-05, 1.0143, 0.092544, 7.3455e-05, 0.25981, 0.93838, 0.30758, 0.28147, 0.26923, -1.1143, -1.5198, 0.5009, -0.010744, 1.2987, -0.21015, -0.0071353, 1.8558, -0.37416, 0.031473, 1.8012, 1.1176, 1.6953, 0.75678, 0.7486, 4.6066, 3.6493, 1.0675, 0.017775, 9.7643, 1.4726, 0.015279, 8.0465, 2.0991, 0.076632, 0.21955, 0.0029695, 0.17794, 0.020875, 0.021234, 3.0242, 2.469, 0.029666, 7.5155e-05, 6.6223, 0.26167, 4.6422e-05, 3.5412, 0.56523, 0.00018844
88, 2.8571, 0.43878, 0.13183, 0.15306, 0.83333, 0.56356, 0.7385, 0.97373, 1.6128, 0.38523, 0.54651, 0.82695, 0.39863, 0.81177, 0.00046, 4.6613, 1.7417, 0.00407, 5.0189, 0.41883, 0.04296, 0.95389, 1.0043, 1.2487, 0.45966, 0.43663, 1.882, 1.1759, 0.82002, 0.0047888, 6.8817, 0.63842, 0.0046388, 4.5597, 0.38307, 0.04678, 0.77606, 0.95155, 0.80489, 0.32845, 0.20578, 1.1697, -0.4499, 0.69429, -0.0020144, 5.0917, -0.0016237, -0.010244, 2.1386, -0.25814, 0.030851, 1.1317, 1.057, 1.6925, 0.59086, 0.66747, 2.5942, 2.8018, 0.94574, 0.011592, 8.6716, 1.2785, 0.019522, 6.9807, 1.0243, 0.062708, 0.011688, 0.0010277, 0.072807, 0.0063629, 0.019696, 0.18751, 0.97703, 0.0058426, 1.7107e-05, 1.1842, 0.15141, 8.187e-05, 2.1665, 0.15197, 9.3781e-05, 0.18958, 0.90828, 0.51461, 0.21173, 0.13762, -0.98469, -1.4539, 0.53432, -0.0097061, 2.6038, -0.32217, -0.012382, 0.99618, -0.91693, 0.023013, 1.7182, 1.1003, 1.9828, 0.70758, 0.73563, 4.7487, 3.8058, 1.1057, 0.019284, 11.16, 1.599, 0.02166, 8.1231, 1.6831, 0.070546, 0.21591, 0.0034067, 0.19919, 0.02272, 0.033045, 3.0374, 2.5563, 0.030168, 7.7656e-05, 6.7641, 0.34105, 0.00010708, 4.6934, 0.62465, 0.00020877
89, 4.7, 0.41303, 0.08776, 0.4617, 1.9192, 0.52352, 1.9273, 1.0065, 1.9418, 0.63449, 0.58351, 1.2537, 0.6942, 0.94268, 6e-05, 6.5153, 0.04537, 0.00219, 2.908, 1.3303, 0.03907, 1.4116, 1.0293, 1.5405, 0.47462, 0.55798, 1.6765, 0.98653, 0.73388, 0.0040633, 6.0035, 0.59696, 0.0074706, 3.0094, 1.1905, 0.066334, 1.2349, 0.98713, 1.1655, 0.359, 0.38127, 1.0024, -0.30533, 0.62257, -0.0018279, 4.1802, 0.071454, -0.0038365, 1.2251, 0.61879, 0.053021, 1.5884, 1.0715, 1.9154, 0.59024, 0.73468, 2.3505, 2.2784, 0.8452, 0.0099545, 7.8267, 1.1225, 0.018778, 4.7936, 1.7623, 0.079647, 0.011553, 0.00065696, 0.051963, 0.0049412, 0.011541, 0.16795, 0.61685, 0.0045798, 1.2828e-05, 1.2286, 0.10207, 4.7255e-05, 1.1767, 0.12083, 6.5513e-05, 0.64758, 0.93866, 0.84586, 0.23458, 0.29847, -1.181, -1.451, 0.45423, -0.010027, 1.7115, -0.29142, -0.0065316, -0.15612, -0.07664, 0.044235, 2.1757, 1.1199, 2.2351, 0.71467, 0.81748, 4.5339, 3.4241, 1.0135, 0.018153, 10.295, 1.4853, 0.021473, 6.1748, 2.4577, 0.088433, 0.21578, 0.0030359, 0.17834, 0.021298, 0.02489, 3.0179, 2.1961, 0.028905, 7.3377e-05, 6.8085, 0.29171, 7.2467e-05, 3.7036, 0.59351, 0.0001805
90, 2, 0.14601, 0.09329, 0.19249, 0.91398, 0.52222, 0.86583, 1.0272, 0.54199, 0.60177, 0.21864, 1.4577, 0.61431, 0.6144, 0.001, 6.8509, 0.44848, 0.00547, 2.4472, 0.28274, 0.049, 0.8363, 1.014, 1.1754, 0.64197, 0.38806, 1.8719, 1.1803, 0.60254, 0.011199, 4.2691, 0.73934, 0.0057967, 4.4774, 0.90092, 0.047142, 0.6692, 0.96992, 0.7679, 0.52471, 0.18815, 1.2152, -0.29131, 0.48941, 0.0057022, 2.6313, 0.13652, -0.0055979, 2.1993, 0.31474, 0.032789, 1.0034, 1.0581, 1.5829, 0.75922, 0.58797, 2.5286, 2.6519, 0.71568, 0.016696, 5.9069, 1.3422, 0.017191, 6.7555, 1.4871, 0.061495, 0.010321, 0.00071871, 0.061371, 0.0050818, 0.014771, 0.1594, 0.80046, 0.0047312, 1.1167e-05, 0.99144, 0.13431, 4.7989e-05, 1.9182, 0.127, 7.6141e-05, 0.074415, 0.92247, 0.46266, 0.40113, 0.11224, -0.98144, -1.3571, 0.32216, -0.0027306, 0.052587, -0.19685, -0.0082762, 1.0095, -0.37284, 0.024402, 1.5982, 1.1056, 1.8881, 0.8828, 0.66389, 4.7253, 3.7177, 0.88293, 0.025128, 8.4856, 1.6755, 0.01987, 7.9453, 2.1747, 0.069882, 0.21455, 0.0030977, 0.18775, 0.021438, 0.02812, 3.0093, 2.3797, 0.029057, 7.1716e-05, 6.5713, 0.32395, 7.3201e-05, 4.4451, 0.59969, 0.00019113
91, 3, 0.19839, 0.09253, 0.29999, 1.25, 0.46631, 0.91298, 0.99747, 1.429, 0.46589, 0.33976, 0.11565, 1.2037, 0.99874, 0.00307, 0.88585, 1.8769, 0.00231, 3.9451, 0.63878, 0.03972, 0.97849, 0.98732, 1.108, 0.66254, 0.54571, 1.8821, 1.4734, 0.70604, 0.0064415, 2.421, 0.60649, 0.005446, 6.5078, 0.96249, 0.042608, 0.83621, 0.95189, 0.78283, 0.55006, 0.41791, 1.3442, 0.19232, 0.59752, 0.00096276, 0.79669, 0.14605, -0.001122, 4.7818, 0.44951, 0.031709, 1.1208, 1.0227, 1.4332, 0.77502, 0.67351, 2.42, 2.7544, 0.81456, 0.01192, 4.0454, 1.0669, 0.012014, 8.2338, 1.4755, 0.053506, 0.0074832, 0.00046387, 0.03908, 0.0046762, 0.006037, 0.10695, 0.60656, 0.0043529, 1.1095e-05, 0.97521, 0.078362, 1.5944e-05, 1.1011, 0.097262, 4.39e-05, 0.22167, 0.89962, 0.43893, 0.42399, 0.31669, -0.9463, -0.95848, 0.42749, -0.0074809, -1.7903, -0.24503, -0.0051062, 3.3748, -0.27929, 0.021874, 1.7353, 1.075, 1.7771, 0.90109, 0.77473, 4.7105, 3.9052, 0.98459, 0.020364, 6.6323, 1.458, 0.015998, 9.6408, 2.2043, 0.063341, 0.21171, 0.0028428, 0.16546, 0.021033, 0.019386, 2.9569, 2.1858, 0.028678, 7.1643e-05, 6.5551, 0.268, 4.1156e-05, 3.6281, 0.56994, 0.00015889
92, 4.56, 0.08105, 0.08646, 0.3, 1.0417, 0.27718, 1.1226, 1.0057, 1.3549, 0.72541, 0.81134, 1.2129, 1.1694, 0.83202, 0.00477, 2.1555, 0.56328, 0.01399, 9.6799, 0.75003, 0.04299, 1.0556, 1.0279, 1.1694, 0.59732, 0.47889, 1.4595, 1.1803, 0.71574, 0.0055631, 3.1204, 0.61518, 0.021532, 6.2103, 1.3136, 0.059095, 0.89322, 0.99467, 0.82578, 0.47205, 0.3442, 0.82381, -0.11849, 0.61001, 0.0002712, 1.3387, 0.20525, 0.014648, 4.6149, 0.80095, 0.047671, 1.2179, 1.0611, 1.5129, 0.7226, 0.61358, 2.0951, 2.479, 0.82147, 0.010855, 4.9021, 1.0251, 0.028417, 7.8058, 1.8263, 0.070519, 0.0097436, 0.0004076, 0.043631, 0.0058005, 0.0067055, 0.14934, 0.62345, 0.0041315, 1.0351e-05, 1.1734, 0.062111, 1.7519e-05, 0.94082, 0.097141, 4.8235e-05, 0.29473, 0.94105, 0.49115, 0.35248, 0.24595, -1.3892, -1.261, 0.43827, -0.0082869, -1.1541, -0.21012, 0.01078, 3.1473, 0.071961, 0.03808, 1.8164, 1.1147, 1.8476, 0.84216, 0.71183, 4.3081, 3.6215, 0.99321, 0.019413, 7.3949, 1.4405, 0.032284, 9.2733, 2.5552, 0.080109, 0.21397, 0.0027865, 0.17001, 0.022157, 0.020055, 2.9993, 2.2027, 0.028457, 7.0899e-05, 6.7532, 0.25175, 4.273e-05, 3.4677, 0.56982, 0.00016322
93, 6.2215, 0.12155, 0.01628, 0.09479, 2.0833, 0.31572, 1.9871, 0.958, 1.7262, 0.37289, 0.5704, 0.66887, 0.45233, 0.68311, 1e-05, 9.065, 0.79542, 0.00212, 1.375, 1.7917, 0.08933, 1.2009, 1.0442, 1.2786, 0.40401, 0.5381, 1.6035, 1.1798, 0.78641, 0.0036069, 4.0916, 0.46439, 0.0085864, 3.5074, 1.5402, 0.072005, 0.98998, 1.0002, 0.89485, 0.27389, 0.37442, 0.9031, -0.42489, 0.66529, -0.0025199, 2.1611, -0.05518, -0.0026544, 1.5294, 0.97752, 0.058084, 1.4118, 1.0882, 1.6623, 0.53413, 0.70178, 2.3038, 2.7844, 0.90754, 0.0097336, 6.022, 0.98395, 0.019827, 5.4855, 2.1029, 0.085926, 0.01644, 0.00071511, 0.054422, 0.006258, 0.0099023, 0.1813, 0.95173, 0.0054225, 1.3874e-05, 1.3775, 0.099776, 4.6702e-05, 1.4461, 0.11703, 7.1625e-05, 0.42821, 0.9527, 0.57916, 0.15665, 0.28729, -1.2603, -1.437, 0.50271, -0.010583, -0.24702, -0.4205, -0.0053623, 0.22883, 0.2771, 0.049535, 1.9736, 1.1357, 1.978, 0.65136, 0.78892, 4.4672, 3.7966, 1.0701, 0.017797, 8.4301, 1.3493, 0.022535, 6.786, 2.8034, 0.094475, 0.22067, 0.0030941, 0.1808, 0.022615, 0.023252, 3.0312, 2.531, 0.029748, 7.4423e-05, 6.9573, 0.28941, 7.1914e-05, 3.973, 0.58971, 0.00018661
94, 4, 0.31953, 0.09037, 0.61304, 1.25, 0.37617, 1.7054, 0.98478, 1.0337, 0.39835, 0.48384, 0.99153, 1.1387, 0.52236, 0.00254, 8.6989, 0.10625, 0.00588, 1.3954, 1.5152, 0.07813, 1.6988, 0.99466, 1.5936, 0.40108, 0.40396, 0.99559, 1.2543, 0.57309, 0.0047232, 4.7334, 0.81599, 0.0046356, 2.1791, 1.5017, 0.064083, 1.5181, 0.9412, 1.1432, 0.23884, 0.16003, 0.31847, -0.41842, 0.44476, -0.0020722, 2.6706, 0.18141, -0.0097112, -0.19742, 0.8652, 0.047666, 1.8794, 1.0481, 2.0441, 0.56333, 0.6479, 1.6727, 2.927, 0.70142, 0.011519, 6.7961, 1.4506, 0.018982, 4.5556, 2.1383, 0.0805, 0.012057, 0.0010563, 0.074999, 0.0097292, 0.021994, 0.16946, 1.0342, 0.0060868, 1.7067e-05, 1.5727, 0.14884, 7.6078e-05, 2.0875, 0.14976, 9.9615e-05, 0.9338, 0.89826, 0.85551, 0.13542, 0.094734, -1.8626, -1.4048, 0.28624, -0.009768, 0.3343, -0.14097, -0.011919, -1.3542, 0.20403, 0.039987, 2.4637, 1.0911, 2.3318, 0.66675, 0.71319, 3.8537, 3.9134, 0.85994, 0.019214, 9.1324, 1.773, 0.02119, 5.7124, 2.7994, 0.088179, 0.21628, 0.0034352, 0.20138, 0.026086, 0.035343, 3.0194, 2.6134, 0.030412, 7.7616e-05, 7.1526, 0.33848, 0.00010129, 4.6144, 0.62244, 0.0002146
95, 4.6981, 0.15862, 0.04387, 0.1029, 0.84667, 0.3102, 0.79241, 1.0622, 0.55011, 0.45916, 0.3469, 1.3454, 1.1421, 0.89835, 0.02138, 6.0631, 0.12965, 0.02151, 9.4721, 1.0125, 0.05454, 1.0307, 1.0487, 0.95526, 0.35911, 0.38986, 1.3621, 1.8632, 0.7861, 0.002986, 3.5915, 0.90769, 0.010199, 7.8427, 1.0477, 0.053778, 0.86847, 1.0151, 0.67592, 0.28187, 0.28773, 0.74973, 0.91338, 0.69265, -0.0014895, 2.2867, 0.55081, 0.0048315, 6.5085, 0.6268, 0.044569, 1.1929, 1.0823, 1.2346, 0.43636, 0.49199, 1.9744, 2.813, 0.87954, 0.0074614, 4.8964, 1.2646, 0.015566, 9.1769, 1.4685, 0.062988, 0.0097263, 0.00041724, 0.028842, 0.0022054, 0.0038554, 0.13859, 0.33344, 0.0032273, 7.4032e-06, 0.62928, 0.047075, 1.0648e-05, 0.65791, 0.065471, 3.1348e-05, 0.26986, 0.96169, 0.30722, 0.13501, 0.17411, -1.4814, -0.41166, 0.51307, -0.010573, -0.50713, 0.10742, 0.00034903, 4.9073, -0.15897, 0.03388, 1.7915, 1.1356, 1.6033, 0.58321, 0.60561, 4.2056, 4.138, 1.0591, 0.016545, 7.6902, 1.708, 0.020049, 10.778, 2.2543, 0.073676, 0.21395, 0.0027962, 0.15522, 0.018562, 0.017205, 2.9885, 1.9127, 0.027553, 6.7952e-05, 6.2091, 0.23671, 3.586e-05, 3.1848, 0.53815, 0.00014634
96, 4, 0.18588, 0.02711, 0.06024, 1.6537, 0.47104, 0.69657, 1.0595, 1.3399, 0.37582, 0.39301, 0.90748, 0.76832, 0.74257, 0.00045, 5.469, 0.90154, 0.01359, 8.6633, 0.44619, 0.04761, 1.155, 1.0195, 1.1871, 0.40023, 0.49506, 1.507, 1.2435, 0.80359, 0.0045781, 5.6394, 0.65739, 0.0033721, 5.2123, 0.85033, 0.05449, 0.98974, 0.97975, 0.79911, 0.28154, 0.32843, 0.89196, -0.32995, 0.69204, -0.0012693, 3.934, 0.037014, -0.0078373, 2.934, 0.25196, 0.041342, 1.3202, 1.0593, 1.5751, 0.51891, 0.66169, 2.1219, 2.817, 0.91514, 0.010426, 7.3448, 1.2778, 0.014582, 7.4906, 1.4487, 0.067637, 0.010092, 0.0005848, 0.055638, 0.0052062, 0.010262, 0.13979, 0.9151, 0.0045994, 1.2638e-05, 1.075, 0.14225, 4.6442e-05, 1.9185, 0.13234, 6.389e-05, 0.39351, 0.92998, 0.48534, 0.15869, 0.24231, -1.3371, -1.3543, 0.52385, -0.0094935, 1.3962, -0.29021, -0.010551, 1.7443, -0.42908, 0.03249, 1.9165, 1.1091, 1.8888, 0.64176, 0.74781, 4.351, 3.8413, 1.0833, 0.01865, 9.8826, 1.605, 0.017296, 8.6804, 2.1298, 0.076489, 0.21432, 0.0029638, 0.18202, 0.021563, 0.023612, 2.9897, 2.4944, 0.028925, 7.3187e-05, 6.6548, 0.33189, 7.1654e-05, 4.4454, 0.60502, 0.00017888
97, 6.58, 0.15255, 0.05183, 0.41875, 1.0417, 0.27964, 1.2589, 0.91403, 1.7128, 0.13078, 0.40948, 0.81358, 1.995, 0.25709, 0.00968, 1.9398, 0.42969, 0.00027, 1.8152, 2.1744, 0.06344, 1.2941, 1.0019, 1.4217, 0.58725, 0.45377, 1.5592, 1.1074, 0.68481, 0.0038802, 5.143, 0.98172, 0.0074852, 3.2058, 2.1641, 0.069866, 1.1224, 0.96917, 1.057, 0.47736, 0.32141, 0.95385, -0.47798, 0.58891, -0.00092009, 3.5586, 0.42171, -0.0052703, 0.84414, 1.5707, 0.059362, 1.4657, 1.0346, 1.7863, 0.69714, 0.58612, 2.1646, 2.6928, 0.78071, 0.0086806, 6.7274, 1.5417, 0.020241, 5.5675, 2.7575, 0.080369, 0.010893, 0.000395, 0.049146, 0.0044636, 0.0064749, 0.13545, 0.929, 0.0033995, 8.517e-06, 0.92785, 0.11592, 6.0137e-05, 2.0615, 0.13014, 4.0777e-05, 0.53117, 0.91523, 0.73257, 0.34991, 0.22218, -1.2828, -1.4976, 0.41093, -0.0097894, 0.94697, 0.072497, -0.0077107, -0.31757, 0.88704, 0.049337, 2.057, 1.0885, 2.1108, 0.82459, 0.68536, 4.4012, 3.7124, 0.95869, 0.01755, 9.3391, 1.8909, 0.022681, 6.7292, 3.4412, 0.090395, 0.21512, 0.0027739, 0.17553, 0.02082, 0.019824, 2.9854, 2.5083, 0.027725, 6.9066e-05, 6.5077, 0.30555, 8.5348e-05, 4.5884, 0.60283, 0.00015577
98, 3, 0.26774, 0.04855, 0.04287, 1.1228, 0.50411, 0.29292, 1.0014, 1.9009, 0.40038, 0.50932, 2.9583, 1.722, 0.99462, 0.00025, 6.1756, 0.82509, 0.00014, 1.2703, 4.3825, 0.08061, 0.84999, 1.0185, 1.4451, 0.34606, 0.42064, 1.6653, 1.1754, 0.7977, 0.0059423, 5.9315, 0.67631, 0.012118, 5.5222, 0.83719, 0.055152, 0.70824, 0.98112, 1.0517, 0.23621, 0.24217, 1.0971, -0.21658, 0.68501, 0.0001029, 4.2125, 0.069973, -0.0015468, 3.2107, 0.2899, 0.042283, 0.99173, 1.0559, 1.8384, 0.45591, 0.59911, 2.2334, 2.5673, 0.91039, 0.011782, 7.6506, 1.2826, 0.025782, 7.8338, 1.3845, 0.068021, 0.0074259, 0.00051614, 0.05719, 0.0044601, 0.011773, 0.11931, 0.71612, 0.0046936, 1.2603e-05, 1.0923, 0.13588, 6.9015e-05, 1.975, 0.11071, 6.121e-05, 0.093262, 0.92998, 0.74033, 0.10874, 0.15993, -1.169, -1.3167, 0.5175, -0.0081259, 1.6828, -0.26216, -0.0038488, 2.0323, -0.41915, 0.033318, 1.6067, 1.107, 2.1498, 0.58338, 0.68135, 4.4996, 3.6674, 1.0779, 0.020011, 10.18, 1.6148, 0.028084, 9.0122, 2.0935, 0.076986, 0.21165, 0.0028951, 0.18357, 0.020817, 0.025122, 2.9692, 2.2954, 0.029019, 7.3152e-05, 6.6721, 0.32552, 9.4226e-05, 4.5019, 0.58339, 0.0001762
99, 2.1818, 0.28637, 0.16597, 0.59996, 0.86111, 0.46736, 1.2229, 0.91013, 1.6858, 0.51573, 0.20011, 1.2496, 1.2992, 0.71408, 0.00572, 2.2703, 0.86402, 0.00138, 1.2368, 2.5553, 0.03615, 1.285, 0.98525, 1.3923, 0.4988, 0.28134, 1.7964, 1.1852, 0.56486, 0.0030522, 4.1585, 0.87303, 0.0063642, 2.1863, 1.2605, 0.048839, 1.0873, 0.93503, 0.94165, 0.35229, 0.047593, 1.098, -0.42035, 0.43901, -0.0036558, 2.2105, 0.23272, -0.0084089, -0.23832, 0.62058, 0.0325, 1.4827, 1.0355, 1.8429, 0.64532, 0.51509, 2.4947, 2.7908, 0.69071, 0.0097601, 6.1065, 1.5133, 0.021137, 4.6109, 1.9005, 0.065177, 0.014448, 0.00093214, 0.075058, 0.0079343, 0.020195, 0.18025, 0.95282, 0.005854, 1.6631e-05, 1.4025, 0.15154, 8.0666e-05, 2.1729, 0.15137, 9.8664e-05, 0.51585, 0.89061, 0.65404, 0.24244, -0.019915, -1.0669, -1.4322, 0.27911, -0.011398, -0.18787, -0.087735, -0.010561, -1.3796, -0.038856, 0.024796, 2.0542, 1.0799, 2.1305, 0.75516, 0.5826, 4.6596, 3.8026, 0.85061, 0.017503, 8.5049, 1.8338, 0.023289, 5.7522, 2.5599, 0.072881, 0.21867, 0.0033111, 0.20144, 0.024291, 0.033545, 3.0302, 2.5321, 0.030179, 7.718e-05, 6.9824, 0.34117, 0.00010588, 4.6998, 0.62405, 0.00021365
100, 1.9912, 0.72035, 0.17202, 0.33339, 0.52493, 0.68114, 1.9058, 0.94259, 1.7271, 0.44618, 0.64172, 0.62552, 0.28503, 0.92724, 9e-05, 7.9959, 1.242, 0.00031, 8.6038, 0.48195, 0.03036, 1.2217, 0.96175, 1.6281, 0.31584, 0.40883, 2.1251, 1.3556, 0.76547, 0.0053501, 7.6275, 0.64602, -0.00186, 3.6705, -0.022711, 0.045805, 1.004, 0.90648, 1.177, 0.14131, 0.15695, 1.3496, -0.30574, 0.6363, -0.0014444, 5.5014, 0.0042094, -0.016894, 1.2437, -0.67025, 0.029369, 1.4394, 1.017, 2.0792, 0.49037, 0.6607, 2.9006, 3.0169, 0.89463, 0.012145, 9.7535, 1.2878, 0.013174, 6.0973, 0.62483, 0.062241, 0.017518, 0.0011293, 0.075205, 0.011259, 0.023449, 0.2223, 1.0201, 0.0061667, 1.7063e-05, 1.6707, 0.15225, 8.3539e-05, 2.1767, 0.15498, 9.9849e-05, 0.44717, 0.86433, 0.88959, 0.042503, 0.093299, -0.75797, -1.2964, 0.47824, -0.0091407, 3.1984, -0.31575, -0.019013, 0.10315, -1.3259, 0.021696, 1.9963, 1.0592, 2.3666, 0.58918, 0.72436, 5.0081, 4.0075, 1.0527, 0.019841, 12.057, 1.6078, 0.015293, 7.2378, 1.2804, 0.069914, 0.22174, 0.0035083, 0.20158, 0.027615, 0.036798, 3.0722, 2.5994, 0.030492, 7.7612e-05, 7.2505, 0.34189, 0.00010875, 4.7037, 0.62767, 0.00021484
101, 2, 0.062, 0.19719, 0.3497, 0.91146, 0.29321, 1.2213, 1.0953, 0.74592, 0.71968, 0.41801, 0.92691, 1.4921, 0.69262, 0.00031, 0.51538, 0.91246, 0.00492, 2.4094, 1.0774, 0.02778, 0.80766, 1.0332, 1.0735, 0.77251, 0.60601, 1.6617, 1.275, 0.7616, 0.0017445, 2.3918, 0.95396, 0.0083529, 3.2808, 1.0617, 0.037478, 0.60154, 0.98951, 0.6276, 0.61376, 0.40786, 0.94397, -0.39157, 0.64535, -0.0044123, 0.54717, 0.31216, -0.0062594, 0.85401, 0.41438, 0.022585, 1.0138, 1.0768, 1.5195, 0.93125, 0.80416, 2.3794, 2.9416, 0.87785, 0.0079013, 4.2365, 1.5958, 0.022965, 5.7075, 1.7091, 0.05237, 0.015703, 0.00070446, 0.073502, 0.009314, 0.014512, 0.19039, 1.0266, 0.0049951, 1.4011e-05, 1.2577, 0.15225, 7.8919e-05, 2.1767, 0.1549, 8.1974e-05, 0.036276, 0.94183, 0.33816, 0.50897, 0.33146, -1.2064, -1.3802, 0.47995, -0.012458, -1.9093, -0.0078012, -0.0084319, -0.28656, -0.24131, 0.014393, 1.579, 1.1245, 1.8089, 1.036, 0.88057, 4.5297, 3.9303, 1.0432, 0.015947, 6.6929, 1.9157, 0.025138, 6.8481, 2.3648, 0.060562, 0.21993, 0.0030834, 0.19988, 0.025671, 0.027861, 3.0403, 2.6059, 0.02932, 7.4559e-05, 6.8376, 0.34188, 0.00010413, 4.7036, 0.62758, 0.00019696
102, 3, 0.19901, 0.07594, 0.1, 1.5278, 0.42467, 0.8976, 0.92972, 1.5365, 0.47477, 0.57106, 1.6641, 0.47995, 0.93445, 0.00994, 7.8101, 1.7067, 0.00163, 9.5735, 0.30436, 0.03665, 0.81305, 0.98911, 1.2543, 0.42643, 0.50562, 1.7862, 1.1532, 0.78851, 0.0042776, 5.0925, 1.2895, 0.0015428, 5.5007, 0.59373, 0.050916, 0.68077, 0.95648, 0.96996, 0.35312, 0.40077, 1.2575, 0.16909, 0.69599, -0.00050706, 3.936, 0.86581, -0.0050296, 3.9337, 0.13582, 0.041695, 0.94534, 1.0217, 1.5386, 0.49975, 0.61047, 2.3149, 2.1373, 0.88102, 0.0090622, 6.2491, 1.7132, 0.0081152, 7.0677, 1.0516, 0.060138, 0.0064678, 0.00039353, 0.029879, 0.0019867, 0.0040634, 0.1033, 0.35797, 0.0031634, 8.4615e-06, 0.49438, 0.066354, 1.5966e-05, 0.9076, 0.077501, 3.1432e-05, 0.058043, 0.9025, 0.60408, 0.20366, 0.28857, -1.0405, -1.1362, 0.5158, -0.0093866, 1.0386, 0.45729, -0.0090122, 2.4524, -0.62633, 0.031013, 1.5681, 1.0757, 1.9045, 0.64921, 0.72267, 4.6129, 3.4426, 1.0612, 0.017942, 9.1464, 2.1217, 0.012098, 8.549, 1.8138, 0.07082, 0.21069, 0.0027725, 0.15626, 0.018343, 0.017413, 2.9532, 1.9372, 0.027489, 6.901e-05, 6.0742, 0.25599, 4.1178e-05, 3.4345, 0.55018, 0.00014642
103, 3.0049, 0.16297, 0.06867, 0.10201, 1.3544, 0.43383, 0.13469, 0.98208, 1.4059, 0.54494, 0.6159, 4.0133, 1.9444, 0.73672, 0.00045, 2.1846, 0.58094, 0.00071, 2.5005, 1.3171, 0.03739, 0.79984, 0.9865, 1.1783, 0.45822, 0.52239, 1.7706, 1.2597, 0.78378, 0.0046662, 4.8319, 0.76904, 0.0040014, 5.4908, 0.51772, 0.040334, 0.66536, 0.95469, 0.87029, 0.38692, 0.42014, 1.2074, 0.32853, 0.68318, 1.0278e-06, 3.5246, 0.3505, -0.0022867, 3.91, 0.051206, 0.029837, 0.93432, 1.0183, 1.4864, 0.52953, 0.62465, 2.3338, 2.191, 0.88438, 0.0093315, 6.1391, 1.1876, 0.010289, 7.0716, 0.98423, 0.05083, 0.0066843, 0.00037405, 0.035073, 0.0018792, 0.0038645, 0.11725, 0.32052, 0.0037405, 8.0443e-06, 0.63163, 0.064746, 1.4614e-05, 0.92362, 0.08044, 4.0723e-05, 0.044439, 0.9002, 0.51742, 0.2361, 0.30658, -1.0627, -1.0074, 0.50822, -0.0089566, 0.73241, -0.060564, -0.0063789, 2.4354, -0.7056, 0.019809, 1.5552, 1.0728, 1.8393, 0.68035, 0.7382, 4.6039, 3.5269, 1.0593, 0.018289, 8.9313, 1.5986, 0.014382, 8.5462, 1.741, 0.060859, 0.21091, 0.002753, 0.16145, 0.018236, 0.017214, 2.9672, 1.8998, 0.028066, 6.8593e-05, 6.2115, 0.25438, 3.9826e-05, 3.4505, 0.55312, 0.00015571
104, 6.58, 0.15255, 0.07488, 0.41875, 0.73746, 0.21669, 1.2772, 0.97707, 1.8453, 0.68567, 0.62979, 1.6501, 0.77907, 0.94812, 0.00012, 4.9612, 1.2347, 0.00033, 1.505, 3.5975, 0.08455, 1.2487, 0.99036, 1.2722, 0.53268, 0.4881, 1.473, 0.96841, 0.60132, 0.0047099, 4.7431, 0.88661, 0.0054802, 2.8082, 1.8062, 0.06934, 1.079, 0.95783, 0.94055, 0.42661, 0.33889, 0.87381, -0.37434, 0.50345, -0.00011807, 3.0331, 0.29844, -0.0021826, 1.066, 1.2572, 0.058834, 1.4183, 1.0229, 1.6038, 0.63875, 0.63731, 2.0721, 2.3112, 0.69918, 0.0095379, 6.4532, 1.4748, 0.013143, 4.5504, 2.3553, 0.079845, 0.010638, 0.00039104, 0.040649, 0.0041585, 0.0082287, 0.13269, 0.6664, 0.0035397, 8.6155e-06, 1.0808, 0.12786, 2.1703e-05, 1.1219, 0.11141, 4.0792e-05, 0.48623, 0.90379, 0.59994, 0.29709, 0.24648, -1.3677, -1.4965, 0.32674, -0.0089695, 0.49806, -0.040224, -0.0057861, -0.33374, 0.54915, 0.04881, 2.0111, 1.0769, 1.9444, 0.76828, 0.72972, 4.3137, 3.4333, 0.87589, 0.018389, 8.9882, 1.8134, 0.016746, 5.9502, 3.0633, 0.08987, 0.21486, 0.00277, 0.16703, 0.020515, 0.021578, 2.9826, 2.2457, 0.027865, 6.9164e-05, 6.6607, 0.3175, 4.6915e-05, 3.6488, 0.58409, 0.00015578
105, 4, 0.18588, 0.05414, 0.12047, 0.82812, 0.33729, 1.6389, 1.0183, 0.60394, 0.42476, 0.43377, 1.0974, 0.57956, 0.65953, 0.00362, 4.4607, 1.8966, 0.01274, 5.3743, 0.36212, 0.04084, 1.162, 1.0119, 1.1748, 0.35247, 0.3538, 1.1286, 1.4684, 0.7641, 0.0066712, 4.0645, 0.81706, 0.0084764, 4.633, 0.72688, 0.060715, 1.0027, 0.97164, 0.77076, 0.24416, 0.15004, 0.52415, -0.13383, 0.65464, 0.001036, 2.511, 0.23534, -0.0049367, 2.3938, 0.18585, 0.045874, 1.3214, 1.0521, 1.5788, 0.46077, 0.55756, 1.733, 3.0706, 0.87355, 0.012306, 5.618, 1.3988, 0.02189, 6.8723, 1.2679, 0.075556, 0.0093836, 0.00059829, 0.060335, 0.0043355, 0.015346, 0.13503, 0.94885, 0.0044281, 1.1737e-05, 0.89201, 0.12508, 6.6498e-05, 1.8533, 0.10819, 8.1408e-05, 0.40182, 0.92213, 0.46404, 0.11586, 0.075169, -1.7132, -1.1469, 0.48518, -0.0073135, -0.11998, -0.10569, -0.0072755, 1.1905, -0.52675, 0.037664, 1.9223, 1.1016, 1.8855, 0.58908, 0.63243, 3.9704, 4.0837, 1.043, 0.020656, 8.249, 1.7398, 0.024228, 8.0756, 1.9805, 0.083766, 0.21361, 0.0029772, 0.18671, 0.020692, 0.028695, 2.9849, 2.5281, 0.028753, 7.2286e-05, 6.4719, 0.31471, 9.171e-05, 4.3802, 0.58087, 0.0001964
106, 4.4984, 0.31474, 0.0649, 0.09439, 0.79167, 0.35916, 0.68095, 0.98915, 1.8581, 0.40456, 0.42977, 0.92153, 0.84581, 0.73281, 0.00015, 4.8815, 0.01327, 0.00139, 4.8323, 0.71664, 0.03597, 1.0798, 0.97889, 1.7252, 0.26775, 0.65267, 1.4413, 2.907, 0.76532, 0.014602, 4.2916, 0.36048, 0.0067663, 3.6727, 0.79273, 0.062174, 0.91931, 0.93919, 1.3796, 0.19741, 0.50921, 0.81719, 1.9335, 0.66155, 0.0096006, 3.0913, -0.14511, -0.0029461, 1.8725, 0.27274, 0.050254, 1.2403, 1.0186, 2.0709, 0.3381, 0.79613, 2.0653, 3.8805, 0.86909, 0.019603, 5.4919, 0.86608, 0.016479, 5.473, 1.3127, 0.074094, 0.009521, 0.00058233, 0.044163, 0.001829, 0.0076067, 0.14395, 0.3503, 0.0039802, 9.2445e-06, 0.53251, 0.094483, 3.4866e-05, 1.1979, 0.09994, 5.2516e-05, 0.31935, 0.88938, 1.046, 0.045937, 0.41456, -1.4048, 0.62213, 0.48859, 0.00086026, 0.22499, -0.51627, -0.0059829, 0.49821, -0.45196, 0.040886, 1.8403, 1.0684, 2.4045, 0.48957, 0.89078, 4.2873, 5.1918, 1.0421, 0.028343, 8.3582, 1.2372, 0.019516, 6.8473, 2.0374, 0.083462, 0.21375, 0.0029613, 0.17054, 0.018186, 0.020956, 2.9939, 1.9296, 0.028306, 6.9793e-05, 6.1124, 0.28412, 6.0078e-05, 3.7248, 0.57262, 0.00016751
107, 6.58, 0.15255, 0.07854, 0.20938, 1.1111, 0.17345, 1.1198, 0.94393, 1.8835, 0.37668, 0.55987, 0.40348, 0.93577, 0.84934, 0.00136, 1.2018, 1.6682, 0.00085, 3.4862, 1.9556, 0.05496, 1.0824, 1.0144, 1.1234, 0.5188, 0.52415, 1.6075, 1.2547, 0.68457, 0.0090564, 4.892, 1.1881, 0.006586, 3.8251, 1.4035, 0.063129, 0.90414, 0.9714, 0.69812, 0.36607, 0.33323, 0.98456, -0.4081, 0.55701, 0.0031684, 2.8684, 0.68391, -0.0043454, 2.0879, 0.83465, 0.047607, 1.2606, 1.0574, 1.5487, 0.67153, 0.71507, 2.2305, 2.9175, 0.81213, 0.014944, 6.9156, 1.6923, 0.017517, 5.5624, 1.9723, 0.078651, 0.011739, 0.00068395, 0.066856, 0.0086215, 0.013472, 0.14344, 1.0219, 0.0060141, 1.2814e-05, 1.5135, 0.093966, 4.4167e-05, 1.1156, 0.1196, 8.9049e-05, 0.31796, 0.92338, 0.40037, 0.25884, 0.25477, -1.2383, -1.3982, 0.39807, -0.0050321, 0.51123, 0.31216, -0.0071146, 0.6859, 0.13762, 0.039633, 1.8468, 1.1054, 1.8465, 0.77876, 0.79353, 4.4533, 3.9075, 0.97108, 0.023145, 9.2728, 2.0641, 0.020287, 6.9644, 2.6694, 0.086624, 0.21597, 0.0030629, 0.19324, 0.024978, 0.026821, 2.9934, 2.6012, 0.030339, 7.3363e-05, 7.0934, 0.2836, 6.9379e-05, 3.6425, 0.59228, 0.00020404
108, 2.25, 0.30385, 0.0606, 0.15791, 2.0159, 0.83622, 0.65541, 0.91446, 1.1502, 0.42711, 0.34616, 6.6348, 4.9193, 0.74512, 0.0044, 3.3927, 0.30954, 0.00228, 5.0106, 0.83014, 0.04891, 0.88271, 0.96455, 1.495, 0.3957, 0.30322, 2.8067, 3.7313, 0.75398, 0.0075173, 4.0137, 0.5096, 0.0033491, 3.7618, 0.97898, 0.035177, 0.71293, 0.93161, 1.1647, 0.27108, 0.17252, 2.1642, 2.4452, 0.64244, 0.0018194, 2.3028, 0.06332, -0.0034985, 2.1545, 0.47849, 0.023865, 1.0525, 0.99748, 1.8252, 0.52033, 0.43393, 3.4492, 5.0174, 0.86552, 0.013215, 5.7245, 0.95587, 0.010197, 5.3691, 1.4795, 0.046489, 0.010653, 0.00040095, 0.04031, 0.0057407, 0.0063142, 0.15258, 0.61137, 0.0045986, 1.2e-05, 1.0819, 0.073613, 1.7331e-05, 0.95486, 0.092582, 4.7298e-05, 0.12024, 0.87782, 0.8234, 0.15119, 0.07257, -0.043476, 1.2968, 0.47424, -0.0064928, -0.23174, -0.33434, -0.0073794, 0.69255, -0.25769, 0.014223, 1.6452, 1.0513, 2.1665, 0.64021, 0.53388, 5.6568, 6.1658, 1.0337, 0.021527, 8.2591, 1.3535, 0.014078, 6.831, 2.2156, 0.056131, 0.21488, 0.0027799, 0.16669, 0.022097, 0.019664, 3.0025, 2.1906, 0.028924, 7.2548e-05, 6.6617, 0.26325, 4.2542e-05, 3.4818, 0.56526, 0.00016229
109, 3, 0.19901, 0.07594, 0.1, 1.5278, 0.42467, 0.22104, 0.91358, 1.6178, 0.327, 0.45006, 1.2799, 1.4426, 0.96024, 0.01263, 9.4869, 1.9251, 0.0022, 6.3656, 0.51142, 0.06155, 0.83448, 0.99178, 1.2351, 0.44438, 0.54245, 1.8001, 0.93501, 0.78515, 0.0039017, 4.944, 1.2131, 0.0011818, 6.6529, 0.55978, 0.04411, 0.7022, 0.95915, 0.95074, 0.37107, 0.4376, 1.2715, -0.04912, 0.69264, -0.00088298, 3.7875, 0.78941, -0.0053906, 5.0859, 0.10187, 0.034888, 0.96676, 1.0244, 1.5194, 0.5177, 0.6473, 2.3288, 1.9191, 0.87767, 0.0086863, 6.1005, 1.6368, 0.0077542, 8.2199, 1.0177, 0.053332, 0.0064678, 0.00039353, 0.029879, 0.0019867, 0.0040634, 0.1033, 0.35797, 0.0031634, 8.4615e-06, 0.49438, 0.066354, 1.5966e-05, 0.9076, 0.077501, 3.1432e-05, 0.07947, 0.90517, 0.58486, 0.22161, 0.3254, -1.0265, -1.3544, 0.51244, -0.0097625, 0.89008, 0.38088, -0.0093732, 3.6046, -0.66027, 0.024206, 1.5895, 1.0784, 1.8853, 0.66716, 0.7595, 4.6268, 3.2244, 1.0579, 0.017566, 8.9979, 2.0453, 0.011737, 9.7012, 1.7798, 0.064013, 0.21069, 0.0027725, 0.15626, 0.018343, 0.017413, 2.9532, 1.9372, 0.027489, 6.901e-05, 6.0742, 0.25599, 4.1178e-05, 3.4345, 0.55018, 0.00014642
110, 4.6981, 0.15408, 0.04401, 0, 0.89123, 0.21726, 1.105, 1.0815, 0.89482, 0.42757, 0.57606, 1.1113, 0.60446, 0.94667, 0.00015, 8.3986, 0.47392, 0.0025, 6.3764, 0.2292, 0.0583, 0.98731, 1.0359, 1.0433, 0.33783, 0.39079, 1.1697, 1.384, 0.85321, 0.0054381, 5.5153, 0.69378, 0.0033091, 6.0878, 0.78885, 0.053349, 0.81302, 1.0004, 0.71281, 0.23775, 0.25729, 0.53771, 0.14896, 0.74589, -0.00018195, 3.7742, 0.24399, -0.0067213, 4.4596, 0.33853, 0.041526, 1.1616, 1.0714, 1.3737, 0.43791, 0.52429, 1.8017, 2.619, 0.96053, 0.011058, 7.2565, 1.1436, 0.01334, 7.7161, 1.2392, 0.065173, 0.011228, 0.0004659, 0.040363, 0.0037019, 0.0065876, 0.14762, 0.56376, 0.0042572, 1.1674e-05, 1.1205, 0.074776, 3.7187e-05, 0.97988, 0.074953, 5.1672e-05, 0.22382, 0.9482, 0.37161, 0.10487, 0.15854, -1.6781, -1.0239, 0.57512, -0.0085405, 1.2576, -0.15202, -0.009684, 3.0076, -0.42838, 0.032115, 1.7508, 1.1237, 1.7149, 0.57079, 0.62304, 4.0175, 3.7919, 1.1313, 0.019417, 9.7731, 1.5396, 0.016302, 9.1681, 2.0061, 0.074584, 0.21545, 0.0028449, 0.16674, 0.020059, 0.019937, 2.9975, 2.143, 0.028583, 7.2223e-05, 6.7004, 0.26441, 6.2398e-05, 3.5068, 0.54764, 0.00016666
111, 8, 0.43305, 0.03016, 0.27129, 1.3281, 0.46337, 1.3119, 1.091, 0.65398, 0.86124, 0.71936, 1.2026, 0.4822, 0.8581, 0.00639, 8.3363, 0.34398, 0.01764, 3.8112, 1.2819, 0.04025, 1.2853, 1.0401, 1.4813, 0.48188, 0.5639, 2.0804, 1.2448, 0.75988, 0.0059127, 6.6997, 0.53505, 0.012427, 4.769, 1.5908, 0.072677, 1.0499, 0.99146, 1.0613, 0.34068, 0.38209, 1.3295, -0.3581, 0.63651, -0.00069202, 4.8147, -0.102, -0.0023994, 2.3571, 0.95603, 0.058703, 1.5206, 1.0888, 1.9013, 0.62309, 0.7457, 2.8312, 2.8477, 0.88324, 0.012517, 8.5847, 1.1721, 0.027254, 7.1809, 2.2256, 0.08665, 0.020475, 0.0008758, 0.065209, 0.0073696, 0.012217, 0.20837, 0.94965, 0.0056253, 1.6123e-05, 1.3133, 0.15, 8.1251e-05, 2.1502, 0.14893, 7.2171e-05, 0.50558, 0.94629, 0.76133, 0.22852, 0.30089, -0.79616, -1.3709, 0.47521, -0.00849, 2.3812, -0.42354, -0.0045445, 1.2117, 0.29396, 0.050174, 2.065, 1.134, 2.2013, 0.73524, 0.8269, 4.9569, 3.8606, 1.0445, 0.020315, 11.018, 1.4936, 0.029399, 8.3262, 2.8876, 0.095179, 0.2247, 0.0032547, 0.19159, 0.023726, 0.025567, 3.0583, 2.5289, 0.029951, 7.6672e-05, 6.8932, 0.33964, 0.00010646, 4.6771, 0.62161, 0.00018716
112, 5.4951, 0.1914, 0.07359, 0.27776, 1.3333, 0.3153, 1.2817, 1.065, 1.7518, 0.63635, 0.36912, 1.0918, 0.25088, 0.61192, 0.00042, 6.9096, 1.7201, 0.0124, 3.2098, 0.87793, 0.05238, 1.2407, 1.0439, 1.3172, 0.56305, 0.45418, 1.5317, 1.2498, 0.6654, 0.0063403, 4.059, 1.0962, 0.012034, 4.1682, 1.3759, 0.05612, 1.0187, 1.0012, 0.88754, 0.43613, 0.2185, 0.80227, -0.42074, 0.55106, 0.00077819, 2.0811, 0.51305, -0.0027912, 1.7473, 0.79912, 0.041451, 1.4628, 1.0866, 1.7468, 0.68996, 0.68985, 2.2612, 2.9203, 0.77974, 0.011902, 6.0368, 1.6794, 0.026859, 6.5891, 1.9526, 0.070789, 0.018227, 0.00067459, 0.06822, 0.0059532, 0.020529, 0.19666, 1.0315, 0.0048325, 1.1435e-05, 1.4459, 0.1257, 8.1235e-05, 2.1662, 0.12294, 7.9537e-05, 0.46493, 0.953, 0.59156, 0.31736, 0.15142, -1.3393, -1.4079, 0.38453, -0.0076151, -0.30091, 0.17255, -0.0049365, 0.60488, 0.10641, 0.033179, 2.0165, 1.1348, 2.0428, 0.80873, 0.75693, 4.4027, 3.9075, 0.94627, 0.020296, 8.4188, 2.0199, 0.029004, 7.7315, 2.6453, 0.079061, 0.22245, 0.0030535, 0.1946, 0.02231, 0.033878, 3.0466, 2.6108, 0.029158, 7.1983e-05, 7.0258, 0.31533, 0.00010645, 4.6931, 0.59562, 0.00019453
113, 3, 0.21736, 0.06894, 0.10552, 1.5151, 0.47661, 0.42981, 1.0497, 0.73885, 0.43479, 0.3397, 1.599, 0.76761, 0.77635, 1e-05, 8.3476, 1.4587, 0.00181, 6.8057, 0.73764, 0.06878, 0.8385, 0.99606, 1.2721, 0.45541, 0.51041, 1.8765, 1.5563, 0.77085, 0.0056646, 4.8537, 1.0122, 0.003783, 4.5426, 0.77442, 0.048006, 0.70932, 0.96821, 1.0386, 0.38399, 0.42941, 1.3665, 0.76507, 0.68579, 0.0012945, 3.7522, 0.68444, -0.00059131, 3.3507, 0.37476, 0.040601, 0.96767, 1.0239, 1.5057, 0.52683, 0.59142, 2.3865, 2.3475, 0.8559, 0.010035, 5.9552, 1.3399, 0.0081572, 5.7345, 1.1741, 0.05541, 0.006167, 0.00028659, 0.020159, 0.0018855, 0.0024251, 0.096144, 0.23139, 0.0026738, 7.0588e-06, 0.44847, 0.039701, 7.0723e-06, 0.52508, 0.059036, 2.0265e-05, 0.084024, 0.91114, 0.64248, 0.23325, 0.30383, -0.94676, -0.65703, 0.50057, -0.00786, 0.81515, 0.22447, -0.0055629, 1.6691, -0.42499, 0.028876, 1.593, 1.081, 1.9018, 0.67757, 0.717, 4.6997, 3.7696, 1.0411, 0.019189, 8.8923, 1.7999, 0.013129, 7.4162, 1.9738, 0.067135, 0.21039, 0.0026655, 0.14654, 0.018242, 0.015774, 2.9461, 1.8107, 0.026999, 6.7607e-05, 6.0283, 0.22934, 3.2284e-05, 3.052, 0.53172, 0.00013525
114, 3, 0.35974, 0.12176, 0.20036, 0.48387, 0.37378, 0.61482, 0.9618, 1.2713, 0.32289, 0.29609, 1.5024, 0.77862, 0.65415, 0.00472, 9.4119, 0.48097, 0.00393, 2.9344, 0.90805, 0.06033, 1.0154, 0.99475, 1.2173, 0.37822, 0.46588, 1.2957, 1.1699, 0.77976, 0.0027617, 5.937, 0.78045, 0.0033258, 3.5501, 0.70348, 0.054187, 0.8574, 0.95386, 0.79944, 0.27057, 0.28106, 0.63734, -0.47557, 0.66527, -0.0030014, 3.9417, 0.27872, -0.0078789, 1.6689, 0.15698, 0.038694, 1.1733, 1.0356, 1.6351, 0.48586, 0.6507, 1.9542, 2.8154, 0.89424, 0.0085248, 7.9322, 1.2822, 0.01453, 5.4314, 1.25, 0.069681, 0.0092218, 0.00061808, 0.064534, 0.004283, 0.012625, 0.16023, 1.0008, 0.0048441, 1.2276e-05, 1.4714, 0.093041, 4.6403e-05, 1.3081, 0.11039, 8.8724e-05, 0.25542, 0.9047, 0.49859, 0.14191, 0.20078, -1.558, -1.4721, 0.49883, -0.011275, 1.5692, -0.094081, -0.010594, 0.32898, -0.55252, 0.030711, 1.7753, 1.0848, 1.936, 0.61453, 0.73097, 4.1495, 3.812, 1.0607, 0.016798, 10.305, 1.655, 0.017245, 6.7713, 1.9595, 0.077664, 0.21345, 0.002997, 0.19091, 0.02064, 0.025975, 3.0101, 2.5801, 0.029169, 7.2825e-05, 7.0513, 0.28268, 7.1614e-05, 3.835, 0.58307, 0.00020371
115, 3.0066, 0.27707, 0.08854, 0.0715, 0.4712, 0.35285, 0.52583, 1.0736, 0.77583, 0.32346, 0.49335, 1.1921, 0.77006, 0.705, 0.00048, 5.2501, 0.38993, 0.00443, 2.68, 0.42764, 0.06325, 0.85435, 0.99187, 1.3612, 0.31216, 0.47162, 1.3384, 1.1239, 0.80817, 0.0082462, 5.6289, 0.70649, 0.0023154, 5.6105, 0.4179, 0.053971, 0.70447, 0.9538, 0.93921, 0.18993, 0.25544, 0.72813, -0.48367, 0.69708, 0.0027951, 3.7836, 0.068449, -0.011193, 3.2219, -0.18573, 0.039761, 1.0042, 1.0299, 1.7832, 0.4344, 0.6878, 1.9486, 2.7315, 0.91926, 0.013697, 7.4742, 1.3445, 0.015824, 7.9991, 1.0215, 0.068181, 0.0083031, 0.00053582, 0.065815, 0.0055225, 0.017273, 0.13763, 0.9552, 0.0045614, 1.0983e-05, 1.2586, 0.15047, 6.7446e-05, 2.1088, 0.13468, 7.4636e-05, 0.096059, 0.90307, 0.64008, 0.068864, 0.18378, -1.5047, -1.4947, 0.52861, -0.0056653, 1.3275, -0.25276, -0.013518, 2.069, -0.86398, 0.03132, 1.6126, 1.0807, 2.0823, 0.55546, 0.75946, 4.1814, 3.7425, 1.0877, 0.022158, 9.9303, 1.6657, 0.018149, 9.152, 1.6998, 0.076621, 0.21253, 0.0029148, 0.19219, 0.021879, 0.030622, 2.9875, 2.5345, 0.028887, 7.1531e-05, 6.8385, 0.3401, 9.2658e-05, 4.6357, 0.60736, 0.00018963
116, 2.5, 0.13114, 0.04582, 0.42293, 0.97222, 0.80039, 1.1503, 1.0053, 0.79531, 0.94335, 0.10493, 1.8954, 0.49611, 0.72529, 0.00709, 4.0869, 0.85206, 0.01537, 2.1554, 1.2325, 0.06219, 1.0034, 1.0222, 1.0262, 0.63754, 0.53536, 2.3348, 1.2906, 0.55193, 0.0070456, 0.82972, 0.67007, 0.012352, 3.5136, 1.6261, 0.049793, 0.81609, 0.9792, 0.59368, 0.4736, 0.3475, 1.6366, -0.31623, 0.43235, 0.0010325, -0.908, 0.11771, -0.0015012, 1.3782, 1.0371, 0.034528, 1.1907, 1.0653, 1.4587, 0.80147, 0.72322, 3.033, 2.8974, 0.67151, 0.013059, 2.5674, 1.2224, 0.026204, 5.6489, 2.2152, 0.065057, 0.012966, 0.00068468, 0.06914, 0.0099335, 0.013045, 0.18019, 0.95429, 0.0052853, 1.3364e-05, 1.1161, 0.11277, 7.0928e-05, 1.6854, 0.12825, 8.6121e-05, 0.23683, 0.93119, 0.29887, 0.37084, 0.26813, -0.52842, -1.3276, 0.26889, -0.0070956, -3.4266, -0.23446, -0.0037764, 0.13769, 0.35103, 0.026466, 1.77, 1.1133, 1.7535, 0.90424, 0.80259, 5.198, 3.9087, 0.83497, 0.021187, 5.086, 1.5746, 0.02848, 6.8894, 2.9012, 0.073119, 0.21719, 0.0030636, 0.19552, 0.02629, 0.026394, 3.0301, 2.5336, 0.029611, 7.3913e-05, 6.696, 0.30241, 9.614e-05, 4.2123, 0.60093, 0.00020111
117, 4, 0.29084, 0.13792, 0.19995, 1.1111, 0.3202, 1.3599, 0.94894, 1.2687, 0.48874, 0.48712, 1.5155, 1.0426, 0.87326, 0.00097, 8.3809, 0.96378, 0.00248, 4.7639, 0.57032, 0.05269, 1.1629, 1, 1.5768, 0.45293, 0.57967, 1.4004, 0.90042, 0.84089, 0.0022265, 4.9567, 0.88301, 0.0056763, 4.9233, 0.6653, 0.054021, 1.0001, 0.96688, 1.3089, 0.37068, 0.48197, 0.78862, -0.06686, 0.74813, -0.0025659, 3.5811, 0.54293, 0.0012545, 3.6489, 0.22781, 0.045492, 1.3257, 1.0332, 1.8447, 0.53518, 0.67736, 2.0122, 1.8677, 0.93365, 0.0070188, 6.3323, 1.2231, 0.010098, 6.1978, 1.1028, 0.062551, 0.0097963, 0.00040589, 0.02653, 0.0025005, 0.0035276, 0.13835, 0.34582, 0.0031803, 8.4886e-06, 0.69938, 0.042747, 7.2268e-06, 0.60033, 0.070743, 2.6889e-05, 0.4019, 0.91321, 0.93359, 0.22706, 0.36598, -1.443, -1.3818, 0.56809, -0.01144, 0.83498, 0.090091, -0.003692, 2.0146, -0.54724, 0.034429, 1.9238, 1.0868, 2.22, 0.67881, 0.79335, 4.2438, 3.1826, 1.1137, 0.015893, 9.0785, 1.6759, 0.015045, 7.8321, 1.8778, 0.073614, 0.21402, 0.0027848, 0.15291, 0.018857, 0.016877, 2.9883, 1.9251, 0.027506, 6.9037e-05, 6.2792, 0.23238, 3.2439e-05, 3.1272, 0.54342, 0.00014188
118, 4.56, 0.08105, 0.04323, 0.3, 2.0833, 0.43786, 0.57076, 1.0672, 1.0782, 0.82847, 0.78171, 1.2926, 0.89715, 0.93874, 0.00121, 6.808, 0.53455, 0.0319, 8.3657, 2.9677, 0.08395, 1.0711, 1.0398, 1.2746, 0.59088, 0.6509, 1.8292, 1.0385, 0.70614, 0.0057314, 2.7384, 0.90102, 0.023486, 5.0108, 2.1162, 0.05531, 0.91059, 1.0079, 0.93781, 0.47617, 0.52145, 1.1897, -0.079284, 0.60054, 0.00046025, 1.0293, 0.49717, 0.016688, 3.4466, 1.6357, 0.04396, 1.2316, 1.0716, 1.6114, 0.70559, 0.78035, 2.4688, 2.1563, 0.81174, 0.011003, 4.4474, 1.3049, 0.030283, 6.5751, 2.5967, 0.06666, 0.0095224, 0.0003755, 0.041928, 0.0048633, 0.0061938, 0.15116, 0.4618, 0.0041219, 1.027e-05, 1.0795, 0.060283, 1.7079e-05, 0.9044, 0.08533, 4.7614e-05, 0.31063, 0.95344, 0.59981, 0.35127, 0.42096, -1.0202, -1.3114, 0.42872, -0.0081106, -1.5063, 0.078723, 0.012789, 1.9639, 0.8875, 0.034336, 1.8316, 1.1261, 1.9494, 0.83048, 0.88085, 4.6787, 3.3884, 0.98357, 0.019573, 6.983, 1.7233, 0.034182, 8.0577, 3.3449, 0.076285, 0.21375, 0.0027545, 0.16831, 0.02122, 0.019543, 3.0011, 2.0411, 0.028447, 7.0818e-05, 6.6594, 0.24992, 4.2291e-05, 3.4313, 0.55801, 0.0001626
119, 4.7, 0.26135, 0.13402, 0.19952, 1.3333, 0.26562, 1.4242, 0.97031, 1.9281, 0.55257, 0.62716, 1.6537, 0.50733, 0.87132, 0.00195, 5.9565, 0.8309, 0.0031, 3.9174, 0.4819, 0.03888, 1.0606, 0.9896, 1.4284, 0.44461, 0.64849, 1.6271, 1.2289, 0.82893, 0.0020399, 5.2729, 1.016, 0.0079718, 4.1208, 0.82105, 0.051367, 0.88694, 0.94223, 0.98615, 0.34131, 0.42364, 0.96044, -0.43353, 0.71931, -0.0034737, 3.5658, 0.50324, -0.0045837, 2.0731, 0.2536, 0.035169, 1.2342, 1.037, 1.8706, 0.5479, 0.87335, 2.2938, 2.8914, 0.93855, 0.0075536, 6.98, 1.5287, 0.020527, 6.1684, 1.3885, 0.067566, 0.011141, 0.00082915, 0.072278, 0.0039436, 0.018688, 0.16428, 1.0215, 0.0044414, 1.1236e-05, 1.0771, 0.097166, 5.8266e-05, 1.5497, 0.11902, 9.6982e-05, 0.29722, 0.89643, 0.69524, 0.21025, 0.35408, -1.2286, -1.4237, 0.54995, -0.011896, 1.029, 0.13508, -0.0070566, 0.79968, -0.4442, 0.02742, 1.8239, 1.0828, 2.1615, 0.67896, 0.9429, 4.4828, 3.8816, 1.1079, 0.015976, 9.5168, 1.8969, 0.023, 7.4418, 2.0863, 0.075315, 0.21537, 0.0032081, 0.19866, 0.0203, 0.032037, 3.0142, 2.6008, 0.028767, 7.1785e-05, 6.657, 0.2868, 8.3478e-05, 4.0766, 0.5917, 0.00021197
120, 6, 0.29326, 0.04107, 0.14819, 1, 0.38358, 1.7636, 0.93224, 1.0507, 0.29278, 0.53974, 1.0936, 0.18183, 0.52661, 0.01875, 4.0794, 1.3698, 0.00351, 9.1533, 0.68213, 0.07562, 1.3172, 1.0233, 1.4331, 0.39563, 0.53092, 1.6703, 1.3669, 0.77352, 0.006803, 4.6604, 0.59338, 0.011357, 5.3634, 1.2124, 0.063421, 1.1122, 0.9728, 1.0045, 0.25389, 0.32933, 0.95591, -0.28651, 0.64778, 0.00062315, 2.8104, 0.0096949, -0.0028207, 3.1526, 0.62772, 0.047725, 1.5222, 1.0737, 1.8617, 0.53737, 0.73251, 2.3846, 3.0202, 0.89925, 0.012983, 6.5104, 1.1771, 0.025535, 7.5743, 1.7971, 0.079117, 0.015532, 0.00094116, 0.067894, 0.0074254, 0.01502, 0.18861, 1.0104, 0.0058434, 1.4116e-05, 1.265, 0.12592, 7.4295e-05, 1.8067, 0.12636, 9.106e-05, 0.54609, 0.92849, 0.70813, 0.14197, 0.25387, -1.1969, -1.2801, 0.48782, -0.0074099, 0.35702, -0.33061, -0.0050509, 1.9393, -0.060662, 0.03981, 2.0882, 1.118, 2.1581, 0.64929, 0.80796, 4.5375, 4.0138, 1.0592, 0.021016, 8.9638, 1.5174, 0.027765, 8.7876, 2.4855, 0.087032, 0.21976, 0.0033201, 0.19427, 0.023782, 0.02837, 3.0385, 2.5896, 0.030169, 7.4664e-05, 6.8448, 0.31556, 9.9507e-05, 4.3336, 0.59904, 0.00020605
121, 3.0049, 0.1684, 0.07188, 0.2108, 1.3368, 0.50631, 0.73949, 1.0092, 0.86216, 0.93199, 0.77681, 7.9794, 0.8289, 0.29245, 0.04211, 0.43637, 0.14439, 0.03026, 4.9199, 0.21217, 0.04551, 0.86516, 0.99422, 0.97724, 0.65539, 0.55384, 1.7877, 1.0003, 0.64505, 0.010969, 3.5596, 1.0099, 0.020715, 4.4639, 0.85636, 0.044558, 0.73076, 0.95944, 0.64338, 0.5657, 0.43118, 1.2306, -0.28678, 0.54295, 0.005832, 2.0759, 0.58701, 0.013741, 2.8855, 0.39342, 0.033046, 0.99956, 1.029, 1.3111, 0.74508, 0.6765, 2.3448, 2.2873, 0.74715, 0.016105, 5.0432, 1.4328, 0.02769, 6.0423, 1.3193, 0.05607, 0.0066762, 0.00044722, 0.041198, 0.0029733, 0.0055613, 0.11472, 0.61227, 0.0038531, 9.7522e-06, 0.81359, 0.066094, 1.798e-05, 0.92086, 0.079212, 4.8984e-05, 0.10978, 0.90678, 0.3039, 0.4267, 0.32765, -1.0445, -1.4347, 0.36894, -0.0028228, -0.59948, 0.17808, 0.0099051, 1.4097, -0.3656, 0.023495, 1.6205, 1.0817, 1.6506, 0.88408, 0.78003, 4.6198, 3.4353, 0.92116, 0.02476, 7.7186, 1.8417, 0.031525, 7.5181, 2.0783, 0.06562, 0.2109, 0.0028262, 0.16758, 0.01933, 0.018911, 2.9646, 2.1915, 0.028178, 7.0301e-05, 6.3935, 0.25573, 4.3191e-05, 3.4478, 0.55189, 0.00016397
122, 6.5574, 0.10461, 0.15315, 0.41232, 0.81121, 0.1496, 1.0057, 1.0994, 0.74226, 0.77687, 0.46934, 1.5632, 0.47828, 0.75392, 0.01062, 8.0815, 0.75229, 0.03369, 3.6071, 0.93623, 0.05121, 1.0198, 1.0151, 1.1672, 0.7706, 0.52305, 1.9115, 1.4269, 0.6659, 0.0015383, 4.2638, 0.81629, 0.02582, 2.9397, 1.7042, 0.062552, 0.82843, 0.97787, 0.73323, 0.61285, 0.34919, 1.2655, -0.24526, 0.55068, -0.0045502, 2.5784, 0.22537, 0.015685, 0.70645, 1.0884, 0.047665, 1.2112, 1.0523, 1.6012, 0.92835, 0.6969, 2.5575, 3.0991, 0.78113, 0.0076269, 5.9492, 1.4072, 0.035956, 5.1729, 2.32, 0.077439, 0.013539, 0.00051215, 0.069616, 0.0091981, 0.011172, 0.15426, 1.0335, 0.0049073, 1.3702e-05, 1.05, 0.12906, 3.797e-05, 1.8434, 0.14017, 8.1916e-05, 0.25225, 0.92665, 0.43903, 0.50766, 0.26548, -0.93944, -1.2318, 0.38467, -0.012635, 0.028563, -0.11229, 0.012746, -0.49892, 0.41656, 0.039471, 1.7874, 1.1035, 1.8954, 1.0335, 0.78062, 4.7625, 4.0857, 0.94713, 0.015712, 8.499, 1.7449, 0.038894, 6.3783, 2.9919, 0.085633, 0.21777, 0.0028911, 0.196, 0.025555, 0.024521, 3.0042, 2.6128, 0.029233, 7.425e-05, 6.6298, 0.3187, 6.3181e-05, 4.3703, 0.61285, 0.00019691
123, 2.25, 0.30301, 0.08051, 0.07844, 1.5132, 0.67066, 1.7941, 0.95075, 0.72053, 0.30215, 0.19775, 0.22269, 1.4562, 0.96655, 0.0099, 5.792, 0.0208, 0.00526, 5.621, 0.32028, 0.04191, 0.81734, 0.94862, 1.4928, 0.29318, 0.35811, 2.655, 1.9515, 0.75108, 0.012816, 5.5722, 0.60909, 0.0054532, 3.6842, 0.58872, 0.043246, 0.65279, 0.91495, 1.1859, 0.18993, 0.23991, 2.0428, 0.83495, 0.65243, 0.0078731, 4.1575, 0.18125, -0.0004739, 2.114, 0.094662, 0.033146, 0.98189, 0.9823, 1.7997, 0.39644, 0.47631, 3.2672, 3.0681, 0.84973, 0.017759, 6.9869, 1.0369, 0.01138, 5.2545, 1.0828, 0.053346, 0.010008, 0.00041916, 0.034815, 0.0039409, 0.0051639, 0.13852, 0.46081, 0.0035973, 9.0301e-06, 0.73971, 0.067656, 1.2985e-05, 0.91132, 0.09022, 3.7702e-05, 0.056014, 0.86161, 0.83238, 0.058843, 0.1343, -0.18849, -0.39784, 0.47622, -0.00090445, 1.4373, -0.22525, -0.0047125, 0.63427, -0.64536, 0.022921, 1.5787, 1.0356, 2.1532, 0.52753, 0.58191, 5.4985, 4.3009, 1.0259, 0.026536, 9.7072, 1.4434, 0.015619, 6.7342, 1.8228, 0.063571, 0.21423, 0.0027981, 0.16119, 0.020298, 0.018513, 2.9884, 2.0401, 0.027923, 6.9579e-05, 6.3196, 0.25729, 3.8196e-05, 3.4382, 0.5629, 0.00015269
124, 3.8279, 0.35472, 0.05462, 0.23244, 2.3056, 0.7296, 0.67293, 1.0977, 0.69351, 0.47225, 0.42841, 1.6964, 0.74409, 0.6449, 3e-05, 4.0468, 1.9794, 0.00481, 2.0599, 0.74043, 0.03786, 1.1972, 1.0267, 1.2407, 0.5745, 0.52055, 2.2409, 1.2875, 0.78363, 0.0043187, 4.2769, 0.79715, 0.010816, 4.2827, 0.97065, 0.051638, 0.99908, 0.97417, 0.79743, 0.42775, 0.27682, 1.5019, -0.35293, 0.66143, -0.0020812, 2.3778, 0.17678, -0.0041549, 1.8631, 0.38292, 0.035509, 1.3953, 1.0791, 1.684, 0.72124, 0.76428, 2.9799, 2.9278, 0.90583, 0.010719, 6.176, 1.4175, 0.025788, 6.7024, 1.5584, 0.067767, 0.014504, 0.0010182, 0.072623, 0.0079591, 0.021956, 0.20186, 0.99458, 0.0055193, 1.5139e-05, 1.333, 0.14225, 8.2846e-05, 2.164, 0.12767, 9.6149e-05, 0.42789, 0.93079, 0.50693, 0.31801, 0.21148, -0.63256, -1.3514, 0.49947, -0.0099913, -0.047822, -0.15044, -0.0062819, 0.72022, -0.30383, 0.027737, 1.9664, 1.1225, 1.9745, 0.83099, 0.82961, 5.1143, 3.9263, 1.0678, 0.018629, 8.6016, 1.7447, 0.027915, 7.8453, 2.2451, 0.075539, 0.21873, 0.0033972, 0.199, 0.024316, 0.035305, 3.0518, 2.5739, 0.029845, 7.5687e-05, 6.9129, 0.33188, 0.00010806, 4.6909, 0.60035, 0.00021114
125, 4, 0.44611, 0.06497, 0.07227, 0.82812, 0.53178, 1.4487, 1.0955, 0.71607, 0.40972, 0.62801, 0.91995, 0.44166, 0.70632, 0.00016, 5.3266, 0.89327, 0.02218, 7.3772, 0.48554, 0.05473, 1.1957, 1.008, 1.3624, 0.24444, 0.51342, 1.6546, 1.1973, 0.82475, 0.009067, 5.8327, 0.56515, 0.0050974, 5.1564, 0.47114, 0.056245, 1.0161, 0.95336, 0.91348, 0.11717, 0.26537, 0.90661, -0.17474, 0.6951, 0.0020503, 4.0994, -0.074809, -0.0097616, 2.7325, -0.15365, 0.039922, 1.3752, 1.0626, 1.8113, 0.37172, 0.76148, 2.4026, 2.5693, 0.95441, 0.016084, 7.566, 1.2051, 0.019956, 7.5804, 1.0959, 0.072567, 0.011913, 0.0011022, 0.074486, 0.0059874, 0.022742, 0.20681, 0.69579, 0.0062137, 1.8198e-05, 1.1104, 0.15137, 8.1606e-05, 2.1717, 0.14428, 9.8469e-05, 0.43097, 0.91092, 0.62521, -0.0014288, 0.20094, -1.2212, -1.2837, 0.53731, -0.0055293, 1.5782, -0.39538, -0.011903, 1.591, -0.82085, 0.032213, 1.9604, 1.105, 2.0996, 0.49031, 0.82591, 4.5304, 3.6783, 1.1122, 0.023663, 10.087, 1.5257, 0.022097, 8.7219, 1.7631, 0.080276, 0.21614, 0.0034811, 0.20086, 0.022344, 0.036091, 3.0567, 2.2751, 0.030539, 7.8746e-05, 6.6903, 0.34101, 0.00010682, 4.6986, 0.61696, 0.00021346
126, 4, 0.29084, 0.13792, 0.19995, 1.1111, 0.3202, 0.76228, 1.0008, 1.8738, 0.46773, 0.68187, 1.5374, 0.92981, 0.90979, 0.00016, 2.1547, 0.93272, 0.00149, 3.0302, 0.68581, 0.05544, 1.1915, 0.99117, 1.4498, 0.45615, 0.5282, 1.3994, 0.92512, 0.83612, 0.00234, 5.7371, 0.89001, 0.0059601, 5.3352, 0.64802, 0.053378, 1.0287, 0.95804, 1.1818, 0.3739, 0.43051, 0.78755, -0.04216, 0.74335, -0.0024523, 4.3615, 0.54994, 0.0015382, 4.0608, 0.21053, 0.044849, 1.3543, 1.0243, 1.7177, 0.5384, 0.6259, 2.0112, 1.8924, 0.92888, 0.0071323, 7.1127, 1.2301, 0.010382, 6.6097, 1.0855, 0.061908, 0.0097963, 0.00040589, 0.02653, 0.0025005, 0.0035276, 0.13835, 0.34582, 0.0031803, 8.4886e-06, 0.69938, 0.042747, 7.2268e-06, 0.60033, 0.070743, 2.6889e-05, 0.43057, 0.90437, 0.80656, 0.23027, 0.31452, -1.444, -1.3571, 0.56332, -0.011327, 1.6154, 0.097092, -0.0034082, 2.4265, -0.56452, 0.033786, 1.9525, 1.078, 2.093, 0.68202, 0.74189, 4.2428, 3.2073, 1.1089, 0.016007, 9.8589, 1.6829, 0.015328, 8.244, 1.8606, 0.072971, 0.21402, 0.0027848, 0.15291, 0.018857, 0.016877, 2.9883, 1.9251, 0.027506, 6.9037e-05, 6.2792, 0.23238, 3.2439e-05, 3.1272, 0.54342, 0.00014188
127, 6.0393, 0.11432, 0.0632, 0.45002, 1.3864, 0.32467, 1.7004, 1.0193, 1.1423, 0.94583, 0.25611, 1.3654, 0.36406, 0.79702, 0.00041, 9.4, 1.971, 0.01449, 4.4592, 4.2956, 0.05111, 1.4211, 1.0197, 1.2067, 0.5792, 0.4183, 1.5344, 1.2621, 0.60359, 0.0049275, 4.8011, 0.87229, 0.013445, 3.1024, 2.0865, 0.065536, 1.2013, 0.96701, 0.77587, 0.42871, 0.17677, 0.79691, -0.39646, 0.48058, -0.0015752, 2.9173, 0.27292, -0.00082394, 0.70291, 1.4941, 0.04954, 1.641, 1.0724, 1.6375, 0.72969, 0.65984, 2.2719, 2.9207, 0.7266, 0.01143, 6.6848, 1.4717, 0.027714, 5.5019, 2.6789, 0.081531, 0.017862, 0.0010268, 0.068597, 0.0083705, 0.021563, 0.20103, 1.0167, 0.0055927, 1.5629e-05, 1.3115, 0.13278, 7.5256e-05, 2.128, 0.12972, 9.4566e-05, 0.64598, 0.92373, 0.48038, 0.32055, 0.11096, -1.3387, -1.3881, 0.31909, -0.0094288, 0.48308, -0.061687, -0.0030418, -0.44644, 0.80984, 0.041725, 2.1963, 1.1157, 1.933, 0.83785, 0.72564, 4.4075, 3.9123, 0.8881, 0.019284, 9.119, 1.8063, 0.029932, 6.6512, 3.3631, 0.089347, 0.22209, 0.0034058, 0.19498, 0.024727, 0.034912, 3.0509, 2.596, 0.029918, 7.6178e-05, 6.8914, 0.32242, 0.00010047, 4.655, 0.6024, 0.00020955
128, 6.5574, 0.10993, 0.11064, 0.37139, 1.1799, 0.1906, 0.51055, 1.0441, 1.8096, 0.61252, 0.27059, 1.6937, 1.3049, 0.60625, 2e-05, 5.3413, 1.0398, 0.01325, 1.4627, 3.3013, 0.07146, 1.1262, 1.0273, 1.0025, 0.71126, 0.48654, 1.7895, 1.2356, 0.68318, 0.0047365, 4.6493, 0.91622, 0.016724, 3.937, 1.8646, 0.057298, 0.9536, 0.99381, 0.5861, 0.55508, 0.32153, 1.1859, -0.35448, 0.56533, -0.001278, 2.7733, 0.3014, 0.0051715, 1.6488, 1.2464, 0.043594, 1.2987, 1.0608, 1.4188, 0.86743, 0.65154, 2.3931, 2.8256, 0.80102, 0.010751, 6.5252, 1.531, 0.028277, 6.2253, 2.4828, 0.071003, 0.011006, 0.00041505, 0.064076, 0.0090148, 0.010063, 0.13465, 0.93447, 0.0051329, 1.337e-05, 1.3008, 0.13971, 4.9332e-05, 1.9353, 0.14124, 6.9419e-05, 0.36306, 0.94037, 0.28463, 0.44926, 0.23486, -1.0521, -1.3723, 0.40087, -0.0094053, 0.33465, -0.027749, 0.002523, 0.46247, 0.57581, 0.034962, 1.8893, 1.1143, 1.7203, 0.97326, 0.73822, 4.6311, 3.8435, 0.96549, 0.018878, 8.9639, 1.8602, 0.030926, 7.4116, 3.1534, 0.079635, 0.21523, 0.002794, 0.19045, 0.025371, 0.023413, 2.9846, 2.5137, 0.029458, 7.3919e-05, 6.8806, 0.32935, 7.4544e-05, 4.4622, 0.61392, 0.00018441
129, 3, 0.19839, 0.09253, 0.29999, 1.25, 0.46631, 1.3285, 0.90987, 0.97288, 0.68117, 0.54435, 0.80528, 1.867, 0.91153, 0.01063, 1.5156, 0.45711, 0.00335, 8.7289, 0.69476, 0.03565, 0.96327, 1.0044, 1.249, 0.60099, 0.45319, 1.8562, 1.2186, 0.72164, 0.0050563, 2.311, 1.1932, 0.0047883, 4.4232, 0.95097, 0.044162, 0.82098, 0.96897, 0.92388, 0.48851, 0.32538, 1.3183, -0.062438, 0.61312, -0.00042249, 0.68663, 0.73274, -0.0017797, 2.6971, 0.43799, 0.033263, 1.1056, 1.0398, 1.5742, 0.71347, 0.58099, 2.3941, 2.4996, 0.83017, 0.010535, 3.9353, 1.6536, 0.011356, 6.1492, 1.4639, 0.05506, 0.0074832, 0.00046387, 0.03908, 0.0046762, 0.006037, 0.10695, 0.60656, 0.0043529, 1.1095e-05, 0.97521, 0.078362, 1.5944e-05, 1.1011, 0.097262, 4.39e-05, 0.20644, 0.9167, 0.57997, 0.36244, 0.22416, -0.97218, -1.2132, 0.44309, -0.0088661, -1.9003, 0.34167, -0.005764, 1.2901, -0.29081, 0.023428, 1.7201, 1.0921, 1.9181, 0.83954, 0.68221, 4.6846, 3.6504, 1.0002, 0.018979, 6.5223, 2.0447, 0.015341, 7.5562, 2.1927, 0.064895, 0.21171, 0.0028428, 0.16546, 0.021033, 0.019386, 2.9569, 2.1858, 0.028678, 7.1643e-05, 6.5551, 0.268, 4.1156e-05, 3.6281, 0.56994, 0.00015889
130, 2.5, 0.1772, 0.06191, 0.62894, 0.97222, 0.71036, 1.4091, 1.0025, 0.86134, 0.61691, 0.12588, 1.074, 1.2008, 0.61036, 0.00308, 3.549, 0.76437, 0.01066, 1.4463, 1.797, 0.05289, 1.2765, 0.98723, 1.1994, 0.57033, 0.19523, 1.9505, 1.2977, 0.46216, 0.0071328, 2.1182, 0.88966, 0.0042455, 2.5005, 1.8591, 0.056206, 1.0826, 0.94137, 0.75048, 0.39741, -0.01839, 1.2663, -0.36031, 0.33911, 0.00049363, 0.24408, 0.37233, -0.0065363, 0.54976, 1.2646, 0.040134, 1.4705, 1.0331, 1.6484, 0.74326, 0.40884, 2.6346, 2.9557, 0.5852, 0.013772, 3.9923, 1.407, 0.015027, 4.4513, 2.4535, 0.072278, 0.013903, 0.00077725, 0.0745, 0.011052, 0.016866, 0.17301, 1.016, 0.0055959, 1.6292e-05, 1.2982, 0.09892, 4.2966e-05, 1.4065, 0.13061, 9.5477e-05, 0.50829, 0.89482, 0.46222, 0.29802, -0.090692, -0.90937, -1.3522, 0.17763, -0.0072858, -2.1956, 0.0060878, -0.009336, -0.76171, 0.58146, 0.032343, 2.0447, 1.0796, 1.9367, 0.84265, 0.48114, 4.8103, 3.9475, 0.74668, 0.021551, 6.432, 1.7732, 0.017827, 5.7627, 3.1366, 0.080068, 0.21813, 0.0031562, 0.20088, 0.027409, 0.030215, 3.0229, 2.5953, 0.029921, 7.6841e-05, 6.878, 0.28856, 6.8178e-05, 3.9334, 0.60329, 0.00021047
131, 4.56, 0.08105, 0.02882, 0.2, 3.125, 0.47855, 0.49934, 1.0633, 1.2089, 0.51208, 0.61336, 3.274, 0.87046, 0.80291, 0.00028, 3.3333, 1.6087, 0.04241, 1.5459, 3.577, 0.05423, 1.0289, 1.05, 1.3432, 0.67881, 0.61682, 1.9302, 1.2237, 0.71497, 0.0034979, 2.9854, 0.87322, 0.017741, 4.8426, 1.8563, 0.052532, 0.85394, 1.0147, 0.96524, 0.5423, 0.37709, 1.2627, -0.44511, 0.60089, -0.0020424, 0.87424, 0.23148, 0.0048205, 2.4925, 1.2432, 0.038193, 1.2039, 1.0853, 1.7212, 0.81532, 0.85656, 2.5977, 2.8924, 0.82905, 0.0090382, 5.0965, 1.515, 0.030661, 7.1927, 2.4693, 0.066872, 0.011318, 0.00046013, 0.052801, 0.0068874, 0.021243, 0.1647, 1.0293, 0.0048104, 1.1345e-05, 1.6473, 0.15221, 6.1701e-05, 2.0414, 0.1389, 7.5998e-05, 0.26528, 0.96235, 0.64694, 0.42804, 0.3109, -0.9257, -1.433, 0.43421, -0.010449, -1.4366, -0.088496, 0.0024063, 1.3269, 0.56993, 0.029801, 1.7926, 1.1376, 2.0395, 0.92958, 0.92275, 4.7861, 3.8803, 0.99574, 0.017445, 7.4073, 1.8349, 0.033075, 8.3582, 3.1426, 0.075264, 0.21554, 0.0028391, 0.17918, 0.023244, 0.034592, 3.0146, 2.6085, 0.029136, 7.1894e-05, 7.2272, 0.34185, 8.6912e-05, 4.5683, 0.61159, 0.00019099
132, 4.7, 0.26135, 0.06701, 0.42785, 2.6667, 0.48527, 1.3974, 1.0483, 1.6911, 0.35465, 0.12328, 0.01801, 0.78515, 0.68615, 0.00782, 4.7938, 0.07053, 0.01432, 1.646, 2.1993, 0.07582, 1.3456, 1.0086, 1.4461, 0.47171, 0.53723, 1.775, 1.083, 0.72554, 0.0042529, 4.1659, 0.84652, 0.010237, 2.6755, 1.6201, 0.057733, 1.1722, 0.9619, 0.99718, 0.32355, 0.29282, 1.0861, -0.56854, 0.60085, -0.0022471, 2.1563, 0.20522, -0.0046645, 0.29442, 0.98923, 0.041623, 1.519, 1.0553, 1.8951, 0.61988, 0.78163, 2.464, 2.7346, 0.85023, 0.010753, 6.1755, 1.4878, 0.025138, 5.0566, 2.2509, 0.073842, 0.011109, 0.00080597, 0.074494, 0.0081141, 0.022078, 0.17543, 1.0082, 0.0057469, 1.5616e-05, 1.4927, 0.15201, 8.2071e-05, 2.0955, 0.14709, 9.5924e-05, 0.58231, 0.91577, 0.70892, 0.2144, 0.22763, -1.086, -1.5628, 0.4403, -0.010102, -0.20848, -0.11491, -0.0068002, -0.86091, 0.32515, 0.033845, 2.1089, 1.1014, 2.1833, 0.72902, 0.84682, 4.636, 3.7288, 1.0108, 0.018608, 8.5403, 1.808, 0.027274, 6.2119, 2.915, 0.08162, 0.21533, 0.0031849, 0.20087, 0.024471, 0.035427, 3.0253, 2.5874, 0.030072, 7.6164e-05, 7.0725, 0.34165, 0.00010728, 4.6224, 0.61978, 0.00021091
133, 4.56, 0.32421, 0.04323, 0.3, 2.0833, 0.78689, 0.88302, 0.99911, 0.71558, 0.44657, 0.70225, 1.5564, 0.57684, 0.6773, 0.00397, 3.429, 1.5652, 0.00234, 6.369, 0.77082, 0.05335, 1.0752, 1.0109, 1.1336, 0.44769, 0.65748, 2.2552, 1.158, 0.71482, 0.010559, 3.721, 1.2921, 0.0099243, 5.4849, 1.2519, 0.050544, 0.88672, 0.97455, 0.79274, 0.33743, 0.52862, 1.5719, 0.040281, 0.59952, 0.0045706, 2.0091, 0.92152, 0.0035541, 4.073, 0.76208, 0.038786, 1.2636, 1.0473, 1.4745, 0.55796, 0.78634, 2.9385, 2.2758, 0.83011, 0.016548, 5.4329, 1.6626, 0.016295, 6.8968, 1.7416, 0.062303, 0.013125, 0.00048875, 0.042943, 0.0044937, 0.0061375, 0.17256, 0.46178, 0.0049132, 1.3256e-05, 1.0832, 0.050751, 1.4999e-05, 0.73682, 0.088665, 5.1104e-05, 0.30832, 0.92283, 0.45676, 0.21018, 0.42787, -0.60444, -1.1919, 0.43356, -0.0035716, -0.52485, 0.48561, -0.00050599, 2.5133, 0.019483, 0.029346, 1.842, 1.099, 1.8104, 0.6852, 0.8871, 5.1148, 3.508, 0.99608, 0.02469, 7.9668, 2.0985, 0.020355, 8.4565, 2.4842, 0.071743, 0.21735, 0.0028677, 0.16932, 0.02085, 0.019487, 3.0225, 2.0411, 0.029239, 7.3804e-05, 6.6631, 0.24039, 4.021e-05, 3.2637, 0.56135, 0.00016609
134, 3, 0.21736, 0.06894, 0.10552, 1.5151, 0.47661, 0.74171, 0.94301, 1.3895, 0.55727, 0.71059, 0.38427, 0.76941, 0.96923, 0.00379, 0.66814, 1.0175, 0.00081, 5.0321, 0.81487, 0.04569, 0.82908, 1.0089, 1.1683, 0.44129, 0.44304, 1.9175, 1.556, 0.74964, 0.0052239, 5.4709, 1.1045, 0.0040635, 4.9112, 0.76477, 0.052075, 0.69991, 0.98107, 0.9348, 0.36987, 0.36203, 1.4074, 0.76481, 0.66459, 0.0008538, 4.3694, 0.7768, -0.00031079, 3.7193, 0.36512, 0.044671, 0.95825, 1.0368, 1.4019, 0.51272, 0.52404, 2.4275, 2.3473, 0.8347, 0.0095941, 6.5724, 1.4323, 0.0084378, 6.1031, 1.1644, 0.05948, 0.006167, 0.00028659, 0.020159, 0.0018855, 0.0024251, 0.096144, 0.23139, 0.0026738, 7.0588e-06, 0.44847, 0.039701, 7.0723e-06, 0.52508, 0.059036, 2.0265e-05, 0.074606, 0.92399, 0.53869, 0.21913, 0.23645, -0.90579, -0.6573, 0.47937, -0.0083007, 1.4324, 0.31683, -0.0052824, 2.0376, -0.43464, 0.032946, 1.5835, 1.0938, 1.798, 0.66345, 0.64962, 4.7407, 3.7694, 1.0199, 0.018749, 9.5095, 1.8922, 0.013409, 7.7847, 1.9642, 0.071205, 0.21039, 0.0026655, 0.14654, 0.018242, 0.015774, 2.9461, 1.8107, 0.026999, 6.7607e-05, 6.0283, 0.22934, 3.2284e-05, 3.052, 0.53172, 0.00013525
135, 1.5, 0.08881, 0.13334, 0.14145, 0.93633, 0.2675, 0.30551, 1.0602, 1.9406, 0.41516, 0.16556, 2.2003, 0.82535, 0.8099, 0.00011, 8.6459, 1.8966, 0.0011, 1.381, 0.93641, 0.05191, 0.75482, 1.0031, 1.2224, 0.48132, 0.37505, 1.2651, 1.3321, 0.74769, 0.0034272, 4.9788, 0.86046, 0.0041155, 4.4991, 0.64557, 0.042184, 0.51384, 0.94986, 0.7728, 0.314, 0.13665, 0.50416, -0.33499, 0.61649, -0.0034956, 3.0497, 0.22776, -0.010834, 2.077, 0.0088018, 0.025798, 0.9958, 1.0563, 1.6721, 0.64865, 0.61345, 2.026, 2.9992, 0.8789, 0.01035, 6.908, 1.4932, 0.019065, 6.9212, 1.2823, 0.058571, 0.021464, 0.0010478, 0.074727, 0.010348, 0.021007, 0.21401, 1.0272, 0.0063632, 1.7714e-05, 1.3756, 0.14796, 8.2605e-05, 2.1684, 0.14987, 9.9245e-05, -0.026599, 0.90682, 0.48481, 0.21253, 0.070171, -1.6141, -1.3235, 0.45955, -0.011124, 0.64084, -0.095254, -0.012964, 0.9349, -0.65225, 0.018109, 1.5362, 1.0994, 1.9601, 0.75012, 0.67993, 4.1442, 3.9877, 1.0358, 0.017979, 9.3168, 1.8162, 0.021195, 8.0632, 1.9434, 0.066259, 0.22569, 0.0034268, 0.20111, 0.026705, 0.034356, 3.0639, 2.6065, 0.030689, 7.8262e-05, 6.9554, 0.3376, 0.00010782, 4.6953, 0.62255, 0.00021423
136, 3.9167, 0.14201, 0.10898, 0.20001, 1.3229, 0.28418, 0.91609, 1.075, 1.2074, 0.2563, 0.04975, 1.2689, 1.0536, 0.56052, 0.00071, 9.9705, 1.8945, 0.00856, 1.5215, 1.7961, 0.07913, 1.1262, 1.0102, 1.2168, 0.51957, 0.37107, 1.3558, 1.1537, 0.63629, 0.0076816, 3.4334, 0.74094, 0.0067209, 4.1634, 1.2116, 0.05851, 0.9599, 0.96901, 0.77524, 0.42132, 0.16547, 0.7079, -0.34512, 0.52618, 0.002463, 1.8403, 0.13809, -0.0074407, 1.8048, 0.62593, 0.04344, 1.2924, 1.0513, 1.6584, 0.61783, 0.57667, 2.0037, 2.6526, 0.74639, 0.0129, 5.0266, 1.3438, 0.020883, 6.5219, 1.7972, 0.073579, 0.010217, 0.0006259, 0.072071, 0.0035685, 0.015624, 0.15515, 0.83034, 0.0044807, 1.0066e-05, 0.93812, 0.13433, 7.4126e-05, 2.056, 0.12676, 8.3937e-05, 0.36446, 0.91999, 0.48407, 0.28739, 0.091089, -1.4956, -1.3996, 0.35712, -0.0061406, -0.76594, -0.19528, -0.009673, 0.6421, -0.061945, 0.03531, 1.8879, 1.1003, 1.9496, 0.75176, 0.65105, 4.2072, 3.707, 0.91546, 0.021504, 7.6328, 1.6772, 0.023115, 7.6847, 2.4851, 0.081709, 0.21444, 0.0030049, 0.19845, 0.019925, 0.028973, 3.0051, 2.4096, 0.028806, 7.0615e-05, 6.518, 0.32397, 9.9338e-05, 4.5829, 0.59945, 0.00019893
137, 4.56, 0.08105, 0.04323, 0.3, 2.0833, 0.43786, 0.51249, 1.0954, 1.2942, 0.51115, 0.63118, 2.4692, 0.86357, 0.75153, 0.00029, 3.0187, 1.2588, 0.01808, 5.6359, 2.9373, 0.05629, 1.0738, 1.0353, 1.2029, 0.68523, 0.72074, 1.7668, 1.0483, 0.73786, 0.0058874, 3.4715, 0.67081, 0.032848, 5.9878, 2.1217, 0.066763, 0.91331, 1.0034, 0.86614, 0.57052, 0.59129, 1.1273, -0.069465, 0.63226, 0.00061629, 1.7625, 0.26695, 0.02605, 4.4236, 1.6412, 0.055414, 1.2343, 1.0672, 1.5397, 0.79993, 0.85019, 2.4063, 2.1661, 0.84347, 0.011159, 5.1805, 1.0747, 0.039645, 7.5521, 2.6022, 0.078113, 0.0095224, 0.0003755, 0.041928, 0.0048633, 0.0061938, 0.15116, 0.4618, 0.0041219, 1.027e-05, 1.0795, 0.060283, 1.7079e-05, 0.9044, 0.08533, 4.7614e-05, 0.31335, 0.94898, 0.52814, 0.44562, 0.4908, -1.0827, -1.3016, 0.46044, -0.0079546, -0.77319, -0.15149, 0.022151, 2.9409, 0.893, 0.045789, 1.8343, 1.1216, 1.8777, 0.92483, 0.95069, 4.6163, 3.3982, 1.0153, 0.019729, 7.7162, 1.4931, 0.043544, 9.0347, 3.3504, 0.087738, 0.21375, 0.0027545, 0.16831, 0.02122, 0.019543, 3.0011, 2.0411, 0.028447, 7.0818e-05, 6.6594, 0.24992, 4.2291e-05, 3.4313, 0.55801, 0.0001626
138, 3.6004, 0, 0, 0.11998, 1.25, 0.59586, 0.21088, 1.07, 1.04, 0.56964, 0.74961, 0.08816, 0.39666, 0.98202, 0.00025, 1.2741, 0.24701, 0.00499, 5.9445, 1.3836, 0.06743, 0.82378, 1.0329, 0.96992, 0.53534, 0.43688, 1.9895, 1.3859, 0.68045, 0.0081854, 2.4156, 0.72294, 0.01547, 5.0927, 1.5382, 0.055499, 0.59783, 0.97759, 0.51891, 0.38154, 0.18531, 1.2225, -0.28592, 0.54794, 0.00094269, 0.52781, 0.08113, 0.00043639, 2.666, 0.8908, 0.039065, 1.0497, 1.0881, 1.4209, 0.68914, 0.68845, 2.7565, 3.0577, 0.81297, 0.015428, 4.3035, 1.3647, 0.030504, 7.5195, 2.1856, 0.071934, 0.018869, 0.0011288, 0.075184, 0.0087429, 0.023392, 0.21742, 1.0331, 0.0064909, 1.9389e-05, 1.3173, 0.15225, 8.3536e-05, 2.1767, 0.15491, 9.9827e-05, 0.046865, 0.93544, 0.23146, 0.27475, 0.12159, -0.89128, -1.2726, 0.39171, -0.0065208, -1.9041, -0.23883, -0.0016829, 1.5254, 0.23513, 0.031391, 1.6007, 1.1303, 1.7084, 0.79593, 0.75217, 4.8703, 4.0444, 0.9692, 0.022892, 6.7354, 1.6847, 0.032623, 8.66, 2.8413, 0.079607, 0.22309, 0.0035078, 0.20156, 0.0251, 0.036741, 3.0673, 2.6123, 0.030816, 7.9938e-05, 6.8971, 0.34189, 0.00010875, 4.7036, 0.62759, 0.00021482
139, 4.7, 0.41303, 0.17869, 0.4617, 1.3333, 0.31366, 1.5232, 1.0995, 1.5454, 0.51078, 0.57717, 1.1224, 0.74663, 0.87513, 0.00392, 8.8641, 0.85558, 0.00397, 2.8428, 0.97708, 0.07179, 1.338, 0.99774, 1.3634, 0.53956, 0.61746, 1.6639, 0.91176, 0.79241, 0.0011794, 7.4658, 0.8252, 0.0038271, 2.8185, 1.0609, 0.057484, 1.1464, 0.95425, 0.9637, 0.42001, 0.4348, 0.96787, -0.2131, 0.67871, -0.0048339, 5.7899, 0.27102, -0.0075767, 0.82782, 0.46133, 0.043567, 1.5296, 1.0412, 1.7631, 0.6591, 0.80013, 2.36, 2.0366, 0.90611, 0.0071928, 9.1416, 1.3794, 0.015231, 4.8091, 1.6604, 0.071401, 0.013567, 0.00069898, 0.059042, 0.0052821, 0.012333, 0.17907, 0.46767, 0.0047783, 1.3365e-05, 1.038, 0.11352, 4.8067e-05, 1.4646, 0.13286, 7.1587e-05, 0.57034, 0.90649, 0.65509, 0.2976, 0.35387, -1.1988, -1.4416, 0.5118, -0.012962, 3.2343, -0.080444, -0.010253, -0.46777, -0.21909, 0.035017, 2.1056, 1.089, 2.0717, 0.78152, 0.88106, 4.5266, 3.2651, 1.073, 0.015321, 11.697, 1.7308, 0.017908, 6.1047, 2.3408, 0.079952, 0.21779, 0.0030779, 0.18542, 0.021639, 0.025682, 3.029, 2.0469, 0.029104, 7.3914e-05, 6.6179, 0.30315, 7.3279e-05, 3.9915, 0.60554, 0.00018658
140, 2.25, 0.30385, 0.0606, 0.15791, 2.0159, 0.83622, 0.54272, 0.90669, 1.9097, 0.26153, 0.24624, 4.0173, 7.6441, 0.68062, 0.01032, 1.7016, 0.22126, 0.00152, 2.5061, 1.0259, 0.02441, 0.88859, 0.96586, 1.2527, 0.45382, 0.35048, 2.9468, 2.6765, 0.76618, 0.0063441, 4.3415, 0.54386, 0.0038715, 4.7081, 0.94062, 0.045255, 0.71881, 0.93292, 0.92247, 0.32919, 0.21978, 2.3043, 1.3904, 0.65463, 0.00064622, 2.6307, 0.097588, -0.0029761, 3.1008, 0.44014, 0.033942, 1.0584, 0.99879, 1.583, 0.57844, 0.48119, 3.5893, 3.9626, 0.87772, 0.012042, 6.0524, 0.99014, 0.010719, 6.3154, 1.4411, 0.056567, 0.010653, 0.00040095, 0.04031, 0.0057407, 0.0063142, 0.15258, 0.61137, 0.0045986, 1.2e-05, 1.0819, 0.073613, 1.7331e-05, 0.95486, 0.092582, 4.7298e-05, 0.12611, 0.87913, 0.58116, 0.20931, 0.11983, 0.096661, 0.24197, 0.48644, -0.007666, 0.096131, -0.30008, -0.006857, 1.6389, -0.29604, 0.024301, 1.6511, 1.0526, 1.9243, 0.69833, 0.58114, 5.797, 5.111, 1.0459, 0.020354, 8.587, 1.3878, 0.0146, 7.7774, 2.1773, 0.066209, 0.21488, 0.0027799, 0.16669, 0.022097, 0.019664, 3.0025, 2.1906, 0.028924, 7.2548e-05, 6.6617, 0.26325, 4.2542e-05, 3.4818, 0.56526, 0.00016229
141, 3.75, 0.72522, 0.11557, 0.35142, 0.99099, 0.57282, 1.1724, 0.92333, 1.9126, 0.24361, 0.58794, 1.2371, 0.43781, 0.46108, 0.0002, 7.1984, 1.7411, 0.00223, 6.7136, 0.38182, 0.06873, 1.5458, 0.97878, 1.7718, 0.22492, 0.54726, 1.6734, 1.3676, 0.80196, 0.0059064, 7.8934, 0.69666, 0.0010821, 3.9221, 0.39655, 0.058281, 1.333, 0.93041, 1.337, 0.069034, 0.34709, 0.92467, -0.29584, 0.67275, -0.0008941, 5.7892, 0.20853, -0.0068329, 2.1005, -0.19844, 0.042147, 1.7586, 1.0271, 2.2066, 0.3808, 0.74743, 2.4222, 3.031, 0.93116, 0.012707, 9.9977, 1.1848, 0.008997, 5.7437, 0.99154, 0.074416, 0.016743, 0.00086456, 0.06987, 0.0089813, 0.01481, 0.20721, 1.0227, 0.0061703, 1.7093e-05, 1.6366, 0.088069, 2.3155e-05, 1.2265, 0.13085, 9.6218e-05, 0.7726, 0.8851, 1.0431, -0.03691, 0.27125, -1.2025, -1.2857, 0.51472, -0.0085872, 3.4748, -0.17014, -0.010357, 0.73539, -0.88129, 0.034377, 2.319, 1.0725, 2.5005, 0.48674, 0.82328, 4.5494, 4.0208, 1.0892, 0.0204, 12.312, 1.5635, 0.012521, 7.1088, 1.6744, 0.082186, 0.22097, 0.0032435, 0.19625, 0.025338, 0.028159, 3.0571, 2.602, 0.030496, 7.7642e-05, 7.2165, 0.27771, 4.8367e-05, 3.7534, 0.60353, 0.00021121
142, 2, 0.09264, 0.04073, 0.34991, 2, 0.79893, 0.56615, 1.098, 1.1462, 0.2966, 0.42366, 0.74537, 2.0915, 0.90745, 0.01102, 3.9385, 1.9587, 0.02522, 1.3313, 1.0788, 0.06602, 0.90815, 1.039, 1.2782, 0.47888, 0.50678, 2.4826, 1.0592, 0.68513, 0.0048481, 2.8082, 0.92012, 0.013043, 3.4469, 1.7871, 0.071899, 0.73027, 1.0038, 0.89684, 0.32918, 0.37491, 1.7819, -0.5021, 0.58557, -0.00016158, 1.0634, 0.28374, -0.0017064, 1.0635, 1.2012, 0.06135, 1.086, 1.0743, 1.6595, 0.62857, 0.63864, 3.1833, 2.6205, 0.7847, 0.0098579, 4.5531, 1.5565, 0.027792, 5.8302, 2.3731, 0.082449, 0.011695, 0.00045888, 0.053744, 0.0082825, 0.0064271, 0.18148, 0.90098, 0.0036641, 9.2763e-06, 1.1253, 0.14968, 8.0402e-05, 2.0996, 0.1269, 4.1138e-05, 0.14383, 0.9514, 0.58008, 0.22069, 0.27546, -0.3812, -1.5313, 0.40995, -0.0088965, -1.451, -0.038029, -0.0038614, -0.091077, 0.5135, 0.051347, 1.6725, 1.1267, 1.9763, 0.73707, 0.73809, 5.3465, 3.6496, 0.96032, 0.018593, 7.0675, 1.8783, 0.029946, 6.9848, 3.0608, 0.092452, 0.21592, 0.0028378, 0.18012, 0.024639, 0.019776, 3.0314, 2.4803, 0.027989, 6.9825e-05, 6.7052, 0.33932, 0.00010561, 4.6265, 0.59958, 0.00015613
143, 4, 0.16546, 0.09921, 0.38996, 1.5333, 0.36631, 1.047, 0.94381, 1.831, 0.35225, 0.02547, 1.6428, 0.42134, 0.36263, 0.00817, 1.195, 0.26831, 0.00114, 1.0004, 1.732, 0.04851, 1.3389, 0.98345, 1.2825, 0.4883, 0.27411, 1.3831, 1.2379, 0.67655, 0.0034902, 3.5229, 0.98719, 0.009347, 3.2004, 1.541, 0.054063, 1.1795, 0.94118, 0.83642, 0.35492, 0.073663, 0.76505, -0.42878, 0.55656, -0.002245, 1.6581, 0.37354, -0.0042735, 0.86447, 0.95505, 0.037929, 1.4982, 1.0257, 1.7286, 0.62168, 0.47457, 2.0011, 2.9047, 0.79654, 0.0092253, 5.3877, 1.6008, 0.022967, 5.5364, 2.127, 0.070196, 0.0093835, 0.00066049, 0.073544, 0.0065756, 0.014851, 0.14117, 1.0268, 0.0053219, 1.2157e-05, 1.2853, 0.13918, 6.8569e-05, 2.0169, 0.12692, 9.6206e-05, 0.57863, 0.89277, 0.54703, 0.23922, -0.0021065, -1.4617, -1.4174, 0.39333, -0.010535, -0.78689, 0.043979, -0.0065819, -0.30577, 0.26736, 0.030159, 2.0991, 1.0741, 2.0179, 0.73739, 0.55034, 4.2278, 3.8933, 0.95977, 0.017515, 7.8326, 1.9304, 0.025276, 6.7066, 2.8147, 0.077966, 0.21361, 0.0030394, 0.19992, 0.022932, 0.028201, 2.9911, 2.606, 0.029647, 7.2706e-05, 6.8652, 0.32882, 9.3781e-05, 4.5438, 0.5996, 0.0002112
144, 1.9912, 0.26268, 0.05645, 0.15009, 1.0526, 0.66684, 0.29321, 0.99178, 1.5849, 0.62031, 0.81081, 1.4757, 0.091, 0.94676, 0.00034, 9.007, 0.68064, 6e-05, 6.4418, 2.8807, 0.04967, 0.93511, 0.98042, 1.3372, 0.4255, 0.3336, 2.4281, 1.3858, 0.69418, 0.0087692, 5.1337, 0.43151, 0.0080565, 4.492, 1.0371, 0.047745, 0.76758, 0.93682, 0.9102, 0.29351, 0.15116, 1.7808, -0.19985, 0.57698, 0.0029494, 3.4533, -0.10129, -0.0045081, 2.4101, 0.49563, 0.032718, 1.1026, 1.024, 1.7642, 0.55749, 0.51603, 3.0753, 2.9715, 0.81138, 0.014589, 6.8141, 0.96431, 0.020621, 6.574, 1.5786, 0.062773, 0.010373, 0.00070246, 0.067399, 0.0064391, 0.012302, 0.15484, 0.92934, 0.0050767, 1.2519e-05, 1.0436, 0.10492, 5.835e-05, 1.6021, 0.10838, 8.347e-05, 0.17313, 0.88911, 0.61315, 0.17716, 0.070156, -0.42314, -1.2194, 0.41214, -0.005291, 0.90046, -0.46121, -0.0069795, 1.1497, -0.21669, 0.024573, 1.6971, 1.0717, 2.0613, 0.67384, 0.59704, 5.2793, 3.991, 0.97622, 0.022829, 9.3669, 1.3242, 0.023092, 7.8343, 2.291, 0.070917, 0.2146, 0.0030814, 0.19378, 0.022796, 0.025651, 3.0047, 2.5086, 0.029402, 7.3067e-05, 6.6235, 0.29456, 8.3562e-05, 4.129, 0.58106, 0.00019846
145, 2.9733, 0.30271, 0.12022, 0.10006, 1.1111, 0.41343, 1.7393, 0.97657, 1.4911, 0.40595, 0.57538, 1.2935, 0.75638, 0.81055, 0.0006, 5.4275, 0.57931, 0.00029, 5.6108, 0.41887, 0.03237, 0.79407, 0.99967, 1.1568, 0.40617, 0.43702, 1.659, 1.0586, 0.77851, 0.010414, 6.2471, 0.61991, 0.011798, 4.7134, 0.56478, 0.049313, 0.64871, 0.95771, 0.74029, 0.29728, 0.25604, 1.0606, -0.5466, 0.67198, 0.0050598, 4.6536, 0.041836, -0.0016794, 2.7285, -0.0059321, 0.034516, 0.93944, 1.0416, 1.5732, 0.51507, 0.61801, 2.2573, 2.6637, 0.88504, 0.015769, 7.8405, 1.198, 0.025276, 6.6982, 1.1355, 0.06411, 0.0078105, 0.00065089, 0.064112, 0.0043833, 0.012107, 0.13233, 0.95231, 0.0041947, 1.0598e-05, 0.93846, 0.12351, 6.7139e-05, 1.4561, 0.12039, 8.093e-05, 0.03666, 0.90914, 0.43887, 0.16929, 0.17459, -1.1816, -1.5586, 0.50073, -0.0034596, 2.0476, -0.30055, -0.0040087, 1.4307, -0.70194, 0.02629, 1.5515, 1.0902, 1.8747, 0.64306, 0.69946, 4.4995, 3.6757, 1.0563, 0.024288, 10.447, 1.5404, 0.027605, 7.9961, 1.8315, 0.072336, 0.21204, 0.0030298, 0.19049, 0.02074, 0.025456, 2.9822, 2.5316, 0.02852, 7.1146e-05, 6.5183, 0.31315, 9.2351e-05, 3.9831, 0.59307, 0.00019592
146, 4, 0.22752, 0.02783, 0.5276, 1.75, 0.66824, 1.4755, 1.0446, 1.0799, 0.35622, 0.10681, 1.5015, 0.23729, 0.29876, 0.01249, 1.4912, 0.39396, 0.01268, 1.6221, 2.9859, 0.0571, 1.4826, 0.98326, 1.2596, 0.48994, 0.32919, 1.8708, 1.2605, 0.55947, 0.0076151, 3.8232, 0.86172, 0.010896, 2.9679, 1.8788, 0.060507, 1.2962, 0.93476, 0.82055, 0.3217, 0.1059, 1.1848, -0.39871, 0.42882, 0.00049769, 1.8806, 0.23488, -0.0039632, 0.63168, 1.2429, 0.044559, 1.6691, 1.0318, 1.6986, 0.65819, 0.55247, 2.5568, 2.9198, 0.69012, 0.014733, 5.7658, 1.4886, 0.025755, 5.3042, 2.5147, 0.076455, 0.012846, 0.00086933, 0.07124, 0.010462, 0.018427, 0.17393, 1.0176, 0.006309, 1.8724e-05, 1.3948, 0.14523, 8.1609e-05, 2.0174, 0.14946, 9.4009e-05, 0.71629, 0.88951, 0.52837, 0.22057, 0.035974, -0.98948, -1.3901, 0.27158, -0.0070298, -0.52082, -0.090123, -0.0061042, -0.53846, 0.5814, 0.036728, 2.249, 1.077, 1.9908, 0.75931, 0.6224, 4.7311, 3.9112, 0.84737, 0.02226, 8.1672, 1.8136, 0.027896, 6.4743, 3.1762, 0.084286, 0.21707, 0.0032483, 0.19762, 0.026819, 0.031777, 3.0238, 2.5968, 0.030634, 7.9272e-05, 6.9747, 0.33487, 0.00010682, 4.5443, 0.62215, 0.000209
147, 4.56, 0.32421, 0.04323, 0.2, 2.0833, 0.76092, 1.1431, 1.0049, 0.93255, 0.7148, 0.84837, 1.0764, 0.81761, 0.93878, 0.0023, 3.8334, 0.84776, 0.00824, 6.0415, 0.92583, 0.03857, 0.96974, 1.0094, 1.1042, 0.54358, 0.70698, 2.277, 0.92783, 0.78692, 0.0048718, 3.7483, 1.4249, 0.0092554, 6.4101, 0.99225, 0.051387, 0.78452, 0.97546, 0.76572, 0.42516, 0.57762, 1.5977, -0.19628, 0.67678, -0.00075562, 2.1158, 1.0549, 0.0028884, 4.9986, 0.5144, 0.039749, 1.155, 1.0434, 1.4426, 0.66199, 0.83634, 2.9563, 2.0519, 0.89706, 0.010499, 5.3808, 1.795, 0.015622, 7.8216, 1.4701, 0.063024, 0.01268, 0.00042644, 0.042341, 0.005183, 0.006185, 0.17055, 0.46705, 0.0044836, 1.1705e-05, 0.98507, 0.050622, 1.4983e-05, 0.7364, 0.084396, 5.0055e-05, 0.20368, 0.92231, 0.42855, 0.30217, 0.47708, -0.58168, -1.4251, 0.50773, -0.0091098, -0.46617, 0.6187, -0.0011729, 3.4387, -0.23543, 0.030255, 1.7358, 1.0965, 1.7798, 0.78498, 0.93687, 5.1357, 3.2808, 1.0661, 0.018853, 7.9628, 2.2312, 0.019684, 9.3815, 2.2199, 0.072518, 0.21691, 0.0028054, 0.16872, 0.02154, 0.019534, 3.0205, 2.0463, 0.028809, 7.2253e-05, 6.5649, 0.24026, 4.0195e-05, 3.2633, 0.55708, 0.00016504
148, 4.6981, 0.13859, 0.04387, 0.1029, 0.84667, 0.28552, 0.44942, 1.0231, 1.7742, 0.33488, 0.44508, 0.54672, 3.0064, 0.97361, 0, 1.3673, 0.387, 0.0008, 7.7034, 4.9749, 0.05752, 1.047, 1.0354, 0.91167, 0.37808, 0.36493, 1.3412, 1.4623, 0.76799, 0.0046955, 4.144, 0.64722, 0.014235, 7.2941, 0.84332, 0.05534, 0.88346, 0.99707, 0.56692, 0.28917, 0.22335, 0.73101, 0.50803, 0.66264, -0.00047428, 2.7852, 0.19514, 0.0030749, 5.6699, 0.37589, 0.042973, 1.2105, 1.0736, 1.2564, 0.46699, 0.50651, 1.9513, 2.4166, 0.87334, 0.0098653, 5.5028, 1.0993, 0.025396, 8.9183, 1.3108, 0.067707, 0.009885, 0.00054178, 0.04393, 0.0029218, 0.0074087, 0.1376, 0.33658, 0.0041022, 9.8785e-06, 0.68246, 0.075538, 4.6038e-05, 0.97506, 0.080759, 5.653e-05, 0.28589, 0.94646, 0.23286, 0.1497, 0.12794, -1.5019, -0.81441, 0.49066, -0.0091082, 0.027814, -0.1998, 0.00035133, 4.216, -0.38034, 0.033798, 1.8081, 1.1242, 1.5905, 0.60647, 0.60191, 4.1842, 3.739, 1.0453, 0.018499, 8.2602, 1.4942, 0.02812, 10.372, 2.067, 0.076882, 0.21411, 0.0029207, 0.17031, 0.019278, 0.020758, 2.9875, 1.9159, 0.028428, 7.0427e-05, 6.2623, 0.26518, 7.125e-05, 3.502, 0.55344, 0.00017152
149, 3.0022, 0.21681, 0.10674, 0.2059, 1.3386, 0.41882, 0.51079, 1.051, 1.1433, 0.6005, 0.60417, 1.4706, 0.27334, 0.83835, 0.00137, 6.5248, 0.01345, 0.00616, 6.678, 0.69303, 0.05306, 0.89721, 0.99388, 1.2413, 0.49509, 0.46447, 1.7721, 1.0702, 0.73664, 0.0077791, 3.881, 0.8506, 0.0041846, 4.5138, 0.87378, 0.043, 0.7594, 0.96206, 0.82763, 0.39905, 0.32081, 1.2309, -0.54829, 0.61943, 0.0016757, 2.4109, 0.24596, -0.0082207, 2.1723, 0.31729, 0.028527, 1.035, 1.0257, 1.6549, 0.59114, 0.60812, 2.3133, 2.6887, 0.85384, 0.013882, 5.3512, 1.4552, 0.01659, 6.8554, 1.4303, 0.057473, 0.0070189, 0.00037413, 0.063235, 0.0034096, 0.0076273, 0.10826, 0.96822, 0.0050774, 1.3768e-05, 0.79887, 0.13512, 5.6879e-05, 2.0265, 0.11446, 7.7424e-05, 0.14121, 0.90757, 0.52501, 0.26384, 0.22624, -1.0569, -1.5551, 0.45459, -0.0064008, -0.27323, -0.08677, -0.010718, 1.0039, -0.3866, 0.020184, 1.6532, 1.0802, 1.9575, 0.72635, 0.70269, 4.6011, 3.6955, 1.0187, 0.021959, 8.0353, 1.788, 0.019088, 8.0237, 2.1342, 0.065816, 0.21124, 0.0027531, 0.18961, 0.019766, 0.020977, 2.9582, 2.5475, 0.029403, 7.4317e-05, 6.3787, 0.32476, 8.2091e-05, 4.5534, 0.58714, 0.00019241
150, 2.25, 0.34455, 0.13744, 0.0892, 1.0079, 0.51293, 1.7962, 0.94851, 0.92745, 0.34529, 0.28427, 2.3246, 0.9779, 0.56956, 0.00541, 8.9966, 0.19464, 0.00182, 3.9881, 0.23038, 0.03244, 0.83437, 0.9707, 1.3261, 0.42063, 0.31953, 2.2202, 1.3657, 0.78112, 0.011082, 6.3093, 0.67404, 0.0038986, 4.4161, 0.44813, 0.039157, 0.6502, 0.92558, 0.88958, 0.28808, 0.11024, 1.5355, -0.29352, 0.67404, 0.0059173, 4.6041, 0.051437, -0.0091275, 2.0492, -0.15983, 0.023752, 1.0185, 1.0158, 1.7625, 0.55318, 0.52881, 2.9048, 3.0249, 0.8882, 0.016247, 8.0146, 1.2966, 0.016925, 6.7829, 1.0561, 0.054563, 0.012537, 0.00075268, 0.070416, 0.0064938, 0.016189, 0.17324, 1.0175, 0.0042379, 9.8598e-06, 1.0748, 0.14327, 6.2715e-05, 2.0706, 0.13661, 8.7722e-05, 0.068565, 0.87866, 0.59637, 0.17199, 0.036828, -0.63979, -1.2849, 0.50313, -0.0027197, 2.0662, -0.27502, -0.011525, 0.8892, -0.8358, 0.015739, 1.6002, 1.0628, 2.0557, 0.66927, 0.60222, 5.0801, 4.0163, 1.0591, 0.024884, 10.553, 1.6231, 0.019322, 7.9429, 1.7321, 0.062576, 0.21676, 0.0031316, 0.19679, 0.022851, 0.029539, 3.0232, 2.5968, 0.028563, 7.0408e-05, 6.6547, 0.33291, 8.7927e-05, 4.5975, 0.60929, 0.00020271
151, 3, 0.21736, 0.06894, 0.10552, 1.5151, 0.47661, 1.4733, 1.0656, 0.54998, 0.50302, 0.3207, 1.2563, 0.90325, 0.80235, 0.00028, 9.1492, 1.4945, 0.0051, 2.9339, 0.4588, 0.05764, 0.80699, 0.99415, 1.3023, 0.44755, 0.51387, 1.888, 1.5364, 0.76799, 0.0056331, 4.7893, 1.0047, 0.0028601, 5.3471, 0.80925, 0.049969, 0.67782, 0.9663, 1.0687, 0.37612, 0.43286, 1.378, 0.7452, 0.68293, 0.001263, 3.6878, 0.67694, -0.0015142, 4.1552, 0.40959, 0.042565, 0.93616, 1.022, 1.5358, 0.51897, 0.59487, 2.3981, 2.3277, 0.85304, 0.010003, 5.8908, 1.3324, 0.0072344, 6.539, 1.2089, 0.057374, 0.006167, 0.00028659, 0.020159, 0.0018855, 0.0024251, 0.096144, 0.23139, 0.0026738, 7.0588e-06, 0.44847, 0.039701, 7.0723e-06, 0.52508, 0.059036, 2.0265e-05, 0.052515, 0.90923, 0.6726, 0.22539, 0.30728, -0.9352, -0.6769, 0.49771, -0.0078915, 0.75073, 0.21697, -0.0064858, 2.4736, -0.39017, 0.03084, 1.5615, 1.0791, 1.9319, 0.66971, 0.72045, 4.7113, 3.7498, 1.0383, 0.019158, 8.8278, 1.7924, 0.012206, 8.2207, 2.0087, 0.069099, 0.21039, 0.0026655, 0.14654, 0.018242, 0.015774, 2.9461, 1.8107, 0.026999, 6.7607e-05, 6.0283, 0.22934, 3.2284e-05, 3.052, 0.53172, 0.00013525
152, 4.56, 0.32421, 0.04323, 0.3, 2.0833, 0.78689, 0.68576, 0.9811, 1.1317, 0.4226, 0.65159, 0.87109, 0.97315, 0.67327, 0.02257, 1.7121, 1.8787, 0.00922, 5.0359, 1.1051, 0.04749, 1.0878, 1.0146, 0.9922, 0.45428, 0.68077, 2.2967, 1.0421, 0.71563, 0.0064872, 4.0543, 1.2082, 0.0058313, 5.8736, 1.1892, 0.053149, 0.8994, 0.97825, 0.65134, 0.34402, 0.55191, 1.6134, -0.075599, 0.60034, 0.00049864, 2.3424, 0.83761, -0.00053892, 4.4617, 0.69938, 0.04139, 1.2763, 1.051, 1.3331, 0.56454, 0.80964, 2.9799, 2.1599, 0.83093, 0.012476, 5.7662, 1.5787, 0.012202, 7.2856, 1.6789, 0.064907, 0.013125, 0.00048875, 0.042943, 0.0044937, 0.0061375, 0.17256, 0.46178, 0.0049132, 1.3256e-05, 1.0832, 0.050751, 1.4999e-05, 0.73682, 0.088665, 5.1104e-05, 0.32099, 0.92653, 0.31536, 0.21677, 0.45116, -0.56295, -1.3078, 0.43438, -0.0076436, -0.19157, 0.4017, -0.004599, 2.9021, -0.043213, 0.03195, 1.8547, 1.1027, 1.669, 0.69179, 0.91039, 5.1563, 3.3921, 0.99689, 0.020618, 8.3001, 2.0146, 0.016262, 8.8452, 2.4215, 0.074347, 0.21735, 0.0028677, 0.16932, 0.02085, 0.019487, 3.0225, 2.0411, 0.029239, 7.3804e-05, 6.6631, 0.24039, 4.021e-05, 3.2637, 0.56135, 0.00016609
153, 3.0049, 0.1623, 0.05357, 0.04951, 1.3368, 0.45659, 1.2514, 0.95992, 0.77052, 0.41889, 0.37026, 1.436, 0.7106, 0.61358, 0.00273, 6.005, 0.07381, 0.01051, 9.2238, 0.11614, 0.02513, 0.72445, 0.98901, 1.4494, 0.41793, 0.51485, 1.9126, 1.4018, 0.82803, 0.0037432, 5.4059, 0.8102, 0.0040456, 4.9462, 0.56987, 0.041466, 0.58327, 0.95473, 1.1221, 0.32133, 0.39849, 1.3438, 0.21782, 0.71899, -0.001922, 3.8801, 0.34986, -0.0023904, 3.2021, 0.085788, 0.0305, 0.86564, 1.0233, 1.7768, 0.51453, 0.63121, 2.4814, 2.5859, 0.93707, 0.0094084, 6.9316, 1.2705, 0.010482, 6.6902, 1.0539, 0.052432, 0.0073674, 0.00043416, 0.039614, 0.0034493, 0.0050047, 0.11959, 0.51816, 0.0043947, 1.1863e-05, 0.86037, 0.078326, 1.531e-05, 1.1242, 0.086613, 4.4445e-05, -0.032166, 0.90177, 0.77929, 0.18644, 0.29201, -0.92183, -0.98032, 0.54927, -0.010254, 1.2316, -0.041256, -0.006425, 1.8032, -0.66025, 0.020697, 1.4811, 1.0762, 2.1196, 0.64941, 0.73769, 4.7471, 3.784, 1.1068, 0.01774, 9.5801, 1.6617, 0.014516, 8.0891, 1.8, 0.062235, 0.21159, 0.0028131, 0.16599, 0.019806, 0.018354, 2.9695, 2.0974, 0.02872, 7.2411e-05, 6.4402, 0.26796, 4.0522e-05, 3.6511, 0.55929, 0.00015943
154, 4.5625, 0.14721, 0.04663, 0, 1.1778, 0.19263, 1.3507, 1.0793, 0.64349, 0.42826, 0.60469, 0.85331, 0.58128, 0.98999, 0.00128, 8.9719, 1.794, 0.00393, 4.3879, 0.26061, 0.05327, 0.98141, 1.0294, 1.202, 0.32155, 0.4563, 1.1315, 1.2536, 0.85876, 0.0050479, 6.1954, 0.60515, 0.0028316, 5.7264, 0.78743, 0.053919, 0.80938, 0.98978, 0.87113, 0.21748, 0.27713, 0.48163, -0.2223, 0.75654, -0.00024961, 4.4592, 0.048015, -0.0071363, 3.8652, 0.33481, 0.041585, 1.1534, 1.069, 1.5329, 0.42562, 0.63547, 1.7814, 2.7295, 0.96099, 0.010346, 7.9315, 1.1623, 0.012799, 7.5875, 1.24, 0.066253, 0.010938, 0.00058049, 0.040473, 0.0040033, 0.011865, 0.15611, 0.80513, 0.0038626, 1.0373e-05, 1.114, 0.11473, 3.6724e-05, 1.2803, 0.075718, 5.623e-05, 0.21843, 0.93992, 0.53016, 0.086847, 0.19512, -1.7203, -1.2863, 0.58261, -0.0088042, 1.9397, -0.3023, -0.010113, 2.5169, -0.43065, 0.032396, 1.7444, 1.1189, 1.8739, 0.55625, 0.71749, 3.9833, 3.7935, 1.1349, 0.0189, 10.451, 1.5126, 0.015776, 8.9358, 2.0055, 0.075442, 0.21516, 0.0029594, 0.16685, 0.02036, 0.025215, 3.006, 2.3844, 0.028188, 7.0921e-05, 6.6939, 0.30437, 6.1936e-05, 3.8072, 0.5484, 0.00017122
155, 6.5574, 0.1047, 0.0838, 0.50605, 0.88496, 0.24638, 0.8706, 1.074, 0.64377, 0.86394, 0.58756, 2.2467, 0.40053, 0.66611, 0.00057, 9.965, 0.31629, 0.01586, 3.4083, 2.1609, 0.08053, 1.2694, 1.0153, 1.1632, 0.69276, 0.47776, 1.6299, 1.3184, 0.51787, 0.0053307, 4.292, 0.67686, 0.024147, 2.7895, 2.1329, 0.071277, 1.0956, 0.97805, 0.74476, 0.51826, 0.31548, 1.022, -0.34867, 0.39284, -0.0014211, 2.3615, 0.15113, 0.015173, 0.66964, 1.5423, 0.056286, 1.4433, 1.0525, 1.5816, 0.86726, 0.64004, 2.2378, 2.9855, 0.64291, 0.012082, 6.2226, 1.2026, 0.033122, 4.9093, 2.7236, 0.086267, 0.011173, 0.00051171, 0.064712, 0.011255, 0.0097341, 0.13658, 1.0272, 0.0057784, 1.6849e-05, 1.3775, 0.10216, 2.9768e-05, 1.6609, 0.12894, 8.3055e-05, 0.50603, 0.92683, 0.44415, 0.41944, 0.22785, -1.2126, -1.3371, 0.23248, -0.0091401, -0.046581, -0.21166, 0.011951, -0.57658, 0.85708, 0.048129, 2.0328, 1.1037, 1.8822, 0.96608, 0.72767, 4.4725, 3.974, 0.80326, 0.019801, 8.6306, 1.5654, 0.036344, 6.1556, 3.4087, 0.094424, 0.2154, 0.0028907, 0.19109, 0.027612, 0.023083, 2.9865, 2.6065, 0.030104, 7.7398e-05, 6.9574, 0.29179, 5.498e-05, 4.1879, 0.60163, 0.00019804
156, 3.0049, 0.29103, 0.12422, 0, 1.3368, 0.34018, 0.13438, 0.93988, 1.0817, 0.31714, 0.3177, 1.1879, 0.76344, 0.69657, 0.00011, 5.1224, 0.31644, 0.00142, 2.3397, 1.0328, 0.02895, 0.7804, 1.0111, 1.2987, 0.35672, 0.54882, 1.5979, 1.2651, 0.85962, 0.0048915, 7.1897, 0.7686, 0.0032395, 5.2215, 0.25282, 0.047812, 0.61741, 0.96944, 0.86979, 0.18812, 0.35556, 0.96629, -0.40643, 0.73236, -0.0019901, 5.3057, 0.19523, -0.010015, 3.0305, -0.33499, 0.032237, 0.94339, 1.0527, 1.7277, 0.52533, 0.74208, 2.2295, 2.9366, 0.98689, 0.011773, 9.0736, 1.342, 0.016494, 7.4125, 0.84063, 0.063388, 0.0098186, 0.00064093, 0.068002, 0.010507, 0.013805, 0.14745, 1.0327, 0.0059865, 1.7503e-05, 1.3119, 0.12151, 6.4936e-05, 1.7743, 0.12771, 8.9664e-05, 0.019411, 0.92069, 0.57352, 0.087127, 0.27777, -1.2498, -1.3933, 0.57325, -0.0096403, 2.8716, -0.14891, -0.012378, 1.8102, -1.0217, 0.024281, 1.5414, 1.1015, 2.0239, 0.62632, 0.81986, 4.4456, 3.9234, 1.146, 0.019423, 11.508, 1.6861, 0.018857, 8.6329, 1.5273, 0.071343, 0.21404, 0.0030199, 0.19438, 0.026864, 0.027154, 2.9974, 2.612, 0.030312, 7.8052e-05, 6.8917, 0.31115, 9.0148e-05, 4.3012, 0.60039, 0.00020465
157, 4, 0.22305, 0.06497, 0.07227, 0.82812, 0.30042, 0.96552, 1.0856, 0.55059, 0.33942, 0.42883, 1.3077, 0.47894, 0.60757, 0.00495, 7.9526, 1.6812, 0.01629, 4.1865, 0.43928, 0.07077, 1.18, 0.99497, 1.2961, 0.30449, 0.50368, 1.0611, 1.1502, 0.80998, 0.0043641, 4.5986, 0.81968, 0.0076287, 4.8746, 0.80432, 0.054465, 1.0177, 0.95334, 0.88291, 0.19054, 0.29535, 0.44602, -0.21571, 0.69493, -0.0015859, 3.0612, 0.21078, -0.0060864, 2.5659, 0.2621, 0.039737, 1.3424, 1.0366, 1.7093, 0.41844, 0.71201, 1.6761, 2.5161, 0.92502, 0.010314, 6.136, 1.4286, 0.021344, 7.1833, 1.3465, 0.069193, 0.0097425, 0.00064054, 0.063105, 0.0047992, 0.016042, 0.13982, 0.6896, 0.0048921, 1.3085e-05, 0.87361, 0.13704, 6.9526e-05, 1.9701, 0.10867, 8.0174e-05, 0.41916, 0.90459, 0.58011, 0.065241, 0.22169, -1.783, -1.3274, 0.52882, -0.0097504, 0.42005, -0.12044, -0.0083812, 1.3865, -0.44982, 0.031486, 1.9409, 1.0854, 2.0121, 0.54373, 0.78567, 3.9052, 3.6278, 1.0911, 0.018479, 8.7771, 1.7598, 0.023639, 8.3626, 2.0585, 0.077443, 0.21397, 0.0030195, 0.18948, 0.021156, 0.029391, 2.9897, 2.2689, 0.029217, 7.3634e-05, 6.4535, 0.32667, 9.4738e-05, 4.497, 0.58135, 0.00019516
158, 3.0049, 0.23387, 0.07719, 0.14319, 1.3368, 0.52201, 0.71713, 1.0658, 1.0619, 0.67808, 0.3956, 1.4225, 0.47705, 0.62206, 0.00364, 3.115, 0.02526, 0.03344, 6.0033, 0.16016, 0.03458, 0.83618, 1.0009, 1.1081, 0.49182, 0.45303, 1.9916, 1.0681, 0.72008, 0.00738, 4.6162, 0.77327, 0.017718, 6.6768, 0.75013, 0.050283, 0.70735, 0.9693, 0.80846, 0.39337, 0.34666, 1.4676, -0.07312, 0.61615, 0.0019327, 3.2344, 0.31607, 0.011053, 5.1354, 0.27116, 0.040437, 0.96501, 1.0324, 1.4077, 0.59027, 0.55941, 2.5155, 2.2094, 0.82401, 0.012827, 5.998, 1.2305, 0.024384, 8.2181, 1.2291, 0.060128, 0.0061347, 0.00036821, 0.033184, 0.0035824, 0.0041826, 0.10146, 0.48141, 0.0039923, 1.0968e-05, 0.70575, 0.07726, 1.6421e-05, 0.87807, 0.084793, 3.5827e-05, 0.081768, 0.91465, 0.45105, 0.25956, 0.23524, -0.83421, -1.2931, 0.44329, -0.00653, 0.49239, -0.076496, 0.0071051, 3.6416, -0.47799, 0.030083, 1.5906, 1.0871, 1.7651, 0.72409, 0.67083, 4.8174, 3.4293, 0.99687, 0.02129, 8.7401, 1.623, 0.028331, 9.7119, 1.9782, 0.070483, 0.21036, 0.0027472, 0.15956, 0.019939, 0.017532, 2.9514, 2.0607, 0.028318, 7.1516e-05, 6.2856, 0.2669, 4.1633e-05, 3.405, 0.55747, 0.00015082
159, 2, 0.35329, 0.12544, 0.20759, 0.78652, 0.498, 0.26529, 1.0591, 1.8561, 0.25017, 0.10517, 2.8836, 2.3685, 0.71813, 0.00015, 3.775, 0.07673, 0.00094, 1.697, 1.6013, 0.03549, 1.0531, 0.98475, 1.3757, 0.49167, 0.34246, 1.9825, 1.2, 0.75687, 0.0034834, 6.5967, 0.70371, 0.0015056, 4.1124, 0.53036, 0.043232, 0.87685, 0.93857, 0.93685, 0.37335, 0.13412, 1.2762, -0.42235, 0.64117, -0.002256, 4.8532, 0.092634, -0.011613, 1.746, -0.029145, 0.02747, 1.2293, 1.0309, 1.8145, 0.61, 0.55079, 2.6887, 2.8224, 0.87258, 0.0092229, 8.3402, 1.3148, 0.014625, 6.4787, 1.0899, 0.058993, 0.011476, 0.00078799, 0.071183, 0.005175, 0.016043, 0.18436, 0.97284, 0.0049483, 1.2175e-05, 1.1236, 0.13802, 6.3614e-05, 2.0697, 0.1157, 9.1817e-05, 0.28913, 0.89218, 0.64459, 0.25031, 0.060462, -0.88273, -1.4277, 0.47545, -0.010544, 2.338, -0.23782, -0.013997, 0.58587, -0.73135, 0.019577, 1.817, 1.0773, 2.1068, 0.73304, 0.62445, 4.8477, 3.8277, 1.0383, 0.01751, 10.855, 1.6452, 0.017008, 7.6389, 1.7921, 0.066886, 0.2157, 0.0031669, 0.19756, 0.021532, 0.029392, 3.0343, 2.5521, 0.029274, 7.2724e-05, 6.7035, 0.32766, 8.8826e-05, 4.5966, 0.58839, 0.00020681
160, 3, 0.27345, 0.03343, 0.04505, 1.7018, 0.64253, 0.28535, 1.0802, 1.8424, 0.36976, 0.38865, 0.92983, 0.89203, 0.95683, 0.00043, 8.4101, 1.6111, 0.00541, 9.105, 0.59763, 0.05459, 0.86525, 1.0101, 1.451, 0.33629, 0.43912, 2.114, 1.3353, 0.80369, 0.0066719, 5.7928, 0.64493, 0.0072039, 4.9504, 0.94131, 0.061887, 0.70219, 0.97107, 1.0442, 0.17975, 0.24571, 1.4749, -0.28663, 0.69068, 0.00084239, 4.0604, 0.019506, -0.006911, 2.5418, 0.34628, 0.04841, 1.0283, 1.0491, 1.8578, 0.49283, 0.63253, 2.753, 2.9572, 0.9167, 0.012501, 7.5252, 1.2704, 0.021319, 7.3589, 1.5363, 0.075364, 0.009828, 0.00056232, 0.061161, 0.0090573, 0.013826, 0.15094, 0.97232, 0.0047206, 1.2561e-05, 1.1093, 0.14458, 7.3638e-05, 2.1441, 0.13086, 6.7135e-05, 0.10425, 0.92087, 0.73865, 0.074068, 0.16797, -0.7354, -1.2921, 0.52336, -0.0073922, 1.5387, -0.30598, -0.0091498, 1.3954, -0.33655, 0.039689, 1.6263, 1.0993, 2.1633, 0.59851, 0.71027, 4.9634, 3.9627, 1.084, 0.020736, 10.047, 1.5958, 0.023558, 8.5053, 2.2192, 0.084085, 0.21405, 0.0029413, 0.18754, 0.025414, 0.027175, 3.0009, 2.5516, 0.029046, 7.3109e-05, 6.6892, 0.33421, 9.885e-05, 4.671, 0.60355, 0.00018212
161, 2, 0.35621, 0.05167, 0.18994, 1, 0.8647, 1.7308, 1.0679, 0.67742, 0.41156, 0.36763, 1.0482, 0.64669, 0.62777, 0.00068, 8.7882, 0.40591, 0.00708, 3.1943, 0.37958, 0.03473, 0.85373, 1.0016, 1.2806, 0.44246, 0.23211, 3.1007, 1.2714, 0.72515, 0.0064335, 5.0045, 0.55945, 0.0058649, 4.3984, 0.65423, 0.04562, 0.67459, 0.95493, 0.84308, 0.30891, 0.020151, 2.4025, -0.30549, 0.60725, 0.00038979, 3.3207, -0.071699, -0.0085055, 2.1001, 0.043021, 0.029914, 1.0329, 1.0483, 1.7181, 0.576, 0.44407, 3.7989, 2.8483, 0.84305, 0.012477, 6.6884, 1.1906, 0.020235, 6.6966, 1.2654, 0.061326, 0.011861, 0.000806, 0.070754, 0.0065918, 0.016606, 0.1802, 0.91904, 0.0051379, 1.3501e-05, 1.0479, 0.14723, 7.6327e-05, 1.9523, 0.13808, 9.1179e-05, 0.089115, 0.9088, 0.5503, 0.19328, -0.052571, 0.23747, -1.3285, 0.44281, -0.0077208, 0.76996, -0.39524, -0.01071, 0.91716, -0.63124, 0.022002, 1.6183, 1.0945, 2.0109, 0.69163, 0.51679, 5.9639, 3.8712, 1.0075, 0.020588, 9.2391, 1.5141, 0.022439, 7.8796, 1.9397, 0.069238, 0.21609, 0.0031849, 0.19713, 0.022948, 0.029955, 3.0301, 2.4983, 0.029463, 7.4049e-05, 6.6278, 0.33687, 0.00010154, 4.4792, 0.61076, 0.00020617
162, 5.3333, 0.34261, 0.05169, 0.0412, 1.3368, 0.36861, 1.6082, 1.0945, 1.1152, 0.01054, 0.413, 0.18983, 6.3704, 0.78441, 0.03335, 9.112, 0.71465, 0.03382, 2.5602, 0.28438, 0.07362, 1.1661, 1.0295, 1.3693, 0.30964, 0.7391, 1.8368, 3.3796, 0.82042, 0.011644, 5.7971, 0.42446, 0.007345, 4.0658, 0.67609, 0.064169, 0.94143, 0.98128, 0.98694, 0.2004, 0.56398, 1.101, 2.0592, 0.70175, 0.0053972, 4.027, -0.11139, -0.0027836, 2.1052, 0.13557, 0.050762, 1.3908, 1.0776, 1.7517, 0.41889, 0.91422, 2.5726, 4.7001, 0.93908, 0.017891, 7.5673, 0.96031, 0.017474, 6.0265, 1.2166, 0.077575, 0.018662, 0.00085762, 0.054037, 0.0044113, 0.011335, 0.20009, 0.64442, 0.0052047, 1.4424e-05, 1.1582, 0.10613, 3.7918e-05, 1.4208, 0.10799, 6.6436e-05, 0.38958, 0.93587, 0.67064, 0.072601, 0.48067, -1.0358, 0.92683, 0.53776, -0.0025981, 1.5275, -0.47009, -0.0057241, 0.7977, -0.57732, 0.042013, 1.9427, 1.123, 2.068, 0.54668, 0.99753, 4.7094, 5.8325, 1.1031, 0.025886, 10.067, 1.319, 0.020414, 7.334, 1.9295, 0.086324, 0.22289, 0.0032366, 0.18042, 0.020768, 0.024685, 3.05, 2.2237, 0.02953, 7.4972e-05, 6.738, 0.29577, 6.313e-05, 3.9477, 0.58067, 0.00018142
163, 6.58, 0.15255, 0.03744, 0.41875, 1.4749, 0.34159, 1.9955, 0.94001, 1.6599, 0.49465, 0.35365, 0.78493, 1.083, 0.73588, 0.00355, 9.7545, 0.64242, 0.00076, 1.4044, 2.2447, 0.04814, 1.2773, 1.0025, 1.3995, 0.47551, 0.34019, 1.6814, 1.2775, 0.61441, 0.0047943, 4.8581, 0.70733, 0.010684, 2.6422, 2.1563, 0.069619, 1.0986, 0.96765, 1.0108, 0.34235, 0.16024, 1.0503, -0.33263, 0.5136, -0.00018278, 2.9593, 0.092516, -0.0019952, 0.56745, 1.5642, 0.057129, 1.456, 1.0373, 1.7883, 0.60867, 0.52013, 2.3126, 2.8876, 0.71522, 0.0097714, 6.757, 1.3221, 0.023364, 4.717, 2.7483, 0.08211, 0.011804, 0.00044812, 0.055849, 0.0065536, 0.011968, 0.14723, 0.95822, 0.0037562, 9.1558e-06, 1.3327, 0.13971, 5.9423e-05, 1.5911, 0.12955, 5.7663e-05, 0.51277, 0.91501, 0.69739, 0.22654, 0.078464, -1.1662, -1.3427, 0.33877, -0.0089384, 0.5335, -0.23664, -0.0044478, -0.69564, 0.87979, 0.048007, 2.0418, 1.0899, 2.1017, 0.72448, 0.60191, 4.529, 3.8977, 0.89005, 0.018527, 9.1827, 1.6513, 0.025816, 5.9801, 3.4327, 0.091232, 0.21603, 0.0028271, 0.18223, 0.02291, 0.025318, 2.9971, 2.5375, 0.028082, 6.9704e-05, 6.9125, 0.32935, 8.4634e-05, 4.118, 0.60223, 0.00017265
164, 2.25, 0.40365, 0.10725, 0.1045, 1.5132, 0.69031, 0.40909, 0.90238, 1.9188, 0.16961, 0.20541, 8.3604, 4.1782, 0.73874, 0.01647, 2.2509, 0.0209, 0.00241, 2.7867, 0.65054, 0.03387, 0.93995, 1.013, 1.2312, 0.32883, 0.39893, 2.4432, 1.2196, 0.81374, 0.0045866, 6.5033, 0.78773, 0.0086204, 4.4576, 0.48376, 0.040414, 0.77028, 0.96069, 0.79261, 0.19832, 0.16682, 1.7521, -0.39109, 0.69512, -0.0015025, 4.9115, 0.17803, -0.006207, 2.056, -0.070848, 0.024451, 1.1096, 1.0654, 1.6699, 0.45933, 0.63104, 3.1342, 2.8302, 0.93237, 0.010676, 8.0952, 1.3974, 0.023448, 6.8592, 1.0384, 0.056377, 0.01064, 0.0010127, 0.071115, 0.0062953, 0.019913, 0.17652, 0.95885, 0.0052014, 1.3704e-05, 0.93654, 0.1374, 8.1259e-05, 2.1318, 0.11369, 9.4182e-05, 0.1775, 0.91724, 0.50027, 0.081267, 0.098942, -0.41834, -1.4009, 0.5311, -0.0095871, 2.3045, -0.15291, -0.008352, 0.90737, -0.77578, 0.016625, 1.7024, 1.1088, 1.9622, 0.57639, 0.69891, 5.3046, 3.8401, 1.0964, 0.01876, 10.702, 1.7284, 0.025593, 8.0079, 1.7433, 0.064203, 0.21487, 0.0033916, 0.19749, 0.022652, 0.033262, 3.0264, 2.5381, 0.029527, 7.4252e-05, 6.5164, 0.32703, 0.00010647, 4.6587, 0.58637, 0.00020917
165, 2.8571, 0.31616, 0.03225, 0, 2.5, 1.0324, 1.8568, 0.98898, 1.3392, 0.19784, 0.305, 0.12818, 0.09563, 0.44879, 0.00201, 1.5262, 1.0602, 0.04796, 4.9098, 0.26284, 0.07382, 0.63457, 1.0192, 1.039, 0.37722, 0.49256, 3.1844, 1.3085, 0.82027, 0.0091931, 4.3234, 0.71095, 0.014407, 5.379, 0.87578, 0.041296, 0.41199, 0.97001, 0.59256, 0.20673, 0.25236, 2.4263, -0.36017, 0.69148, 0.0022604, 2.1941, 0.069909, -0.00062607, 2.9526, 0.25064, 0.025306, 0.85715, 1.0685, 1.4854, 0.5477, 0.73275, 3.9426, 2.9771, 0.94906, 0.016126, 6.4526, 1.352, 0.02944, 7.8055, 1.5009, 0.057286, 0.018311, 0.00089599, 0.073658, 0.010743, 0.021324, 0.21244, 1.0291, 0.0061308, 1.7765e-05, 1.6757, 0.15188, 8.3529e-05, 2.1762, 0.14444, 9.4504e-05, -0.14137, 0.92511, 0.3033, 0.10644, 0.18627, 0.30602, -1.3481, 0.53321, -0.005363, -0.10722, -0.2503, -0.0027454, 1.8119, -0.41637, 0.017488, 1.4105, 1.1134, 1.7746, 0.64799, 0.79885, 6.0629, 3.965, 1.1073, 0.023749, 8.754, 1.6722, 0.031559, 8.9462, 2.1679, 0.065103, 0.22254, 0.0032749, 0.20004, 0.027099, 0.034674, 3.0624, 2.6084, 0.030456, 7.8313e-05, 7.2556, 0.34152, 0.00010874, 4.7031, 0.61713, 0.00020949
166, 5.999, 0.24413, 0.00896, 0.18697, 3.3073, 0.6461, 1.6405, 1.0647, 0.74788, 0.84333, 0.45908, 0.83329, 0.82683, 0.94894, 0.00019, 2.4192, 0.46328, 0.00392, 3.3546, 2.2644, 0.04487, 1.2816, 1.0447, 1.2595, 0.54722, 0.57721, 2.4515, 1.2053, 0.76876, 0.0050004, 4.1935, 0.7501, 0.016254, 4.3022, 1.7574, 0.057846, 1.0524, 0.99276, 0.81153, 0.38708, 0.32613, 1.6926, -0.46795, 0.6404, -0.0014167, 2.0761, 0.10836, 0.0012204, 1.8755, 1.1121, 0.041485, 1.5109, 1.0965, 1.7074, 0.70735, 0.82828, 3.2104, 2.8785, 0.89713, 0.011418, 6.3108, 1.3918, 0.031288, 6.7289, 2.4027, 0.074207, 0.019422, 0.00099524, 0.074157, 0.0094776, 0.0233, 0.21289, 1.0348, 0.0060907, 1.5221e-05, 1.6571, 0.15222, 8.3538e-05, 2.1766, 0.15391, 9.8942e-05, 0.50377, 0.9491, 0.52287, 0.28284, 0.26231, -0.42713, -1.4541, 0.4819, -0.0093173, -0.23146, -0.21162, -0.00089881, 0.73487, 0.45537, 0.033788, 2.0595, 1.1402, 1.996, 0.81159, 0.8921, 5.3301, 3.8647, 1.0556, 0.019318, 8.6184, 1.7118, 0.033407, 7.8695, 3.0594, 0.081904, 0.22365, 0.0033742, 0.20054, 0.025834, 0.03665, 3.0628, 2.6141, 0.030416, 7.5769e-05, 7.2369, 0.34185, 0.00010875, 4.7035, 0.62659, 0.00021393
167, 3.0049, 0.16268, 0.06944, 0.10201, 1.3368, 0.42998, 0.19636, 0.96975, 1.0673, 0.50572, 0.51429, 1.9557, 0.59306, 0.60697, 0.00332, 4.0659, 0.22156, 0.00313, 5.5905, 0.29652, 0.03673, 0.79723, 0.98831, 1.273, 0.46042, 0.55236, 1.8442, 1.4683, 0.80384, 0.0042665, 4.6236, 0.91108, 0.0021237, 4.4709, 0.68536, 0.040603, 0.66253, 0.95639, 0.96259, 0.38864, 0.44902, 1.279, 0.50988, 0.70318, -0.00039631, 3.2901, 0.49023, -0.0046351, 2.8851, 0.21826, 0.030064, 0.93193, 1.0202, 1.5834, 0.5322, 0.6557, 2.4094, 2.4266, 0.9045, 0.0089294, 5.957, 1.3319, 0.0088825, 6.0567, 1.1525, 0.051142, 0.0067064, 0.00037654, 0.03561, 0.0019044, 0.003947, 0.11806, 0.33948, 0.0037452, 8.0362e-06, 0.6572, 0.065465, 1.6884e-05, 0.9295, 0.080645, 4.1053e-05, 0.041791, 0.90196, 0.61096, 0.23815, 0.33603, -0.98953, -0.81018, 0.52826, -0.0093555, 0.51571, 0.080303, -0.0085483, 1.4129, -0.53818, 0.020056, 1.5527, 1.0746, 1.935, 0.6827, 0.76868, 4.6779, 3.7467, 1.0794, 0.017889, 8.7315, 1.7419, 0.012796, 7.5289, 1.9089, 0.06115, 0.21093, 0.0027555, 0.16199, 0.018261, 0.017296, 2.968, 1.9188, 0.028071, 6.8585e-05, 6.2371, 0.2551, 4.2096e-05, 3.4564, 0.55333, 0.00015604
168, 2, 0.062, 0.15337, 0.3497, 1.1719, 0.35343, 1.7917, 1.0908, 0.92032, 0.88552, 0.88839, 1.045, 1.079, 0.88366, 0.00026, 0.65724, 0.65562, 0.00892, 6.7166, 0.85853, 0.04083, 0.85908, 1.0434, 1.1098, 0.65325, 0.47855, 1.5973, 1.3213, 0.71513, 0.0028644, 1.7709, 1.0027, 0.006691, 2.8807, 1.21, 0.040646, 0.67027, 1.0014, 0.66569, 0.51195, 0.29237, 0.89985, -0.32779, 0.60149, -0.0031308, 0.012988, 0.46864, -0.005348, 0.83844, 0.57973, 0.025921, 1.0479, 1.0854, 1.5539, 0.79456, 0.66474, 2.2947, 2.9705, 0.82877, 0.0088595, 3.5289, 1.5367, 0.01873, 4.923, 1.8402, 0.055371, 0.013176, 0.00065237, 0.072891, 0.0073803, 0.012812, 0.17977, 1.0052, 0.0047733, 1.3284e-05, 1.1422, 0.10541, 5.3571e-05, 1.5416, 0.14681, 8.0141e-05, 0.092143, 0.95284, 0.37551, 0.39983, 0.2125, -1.2658, -1.323, 0.43455, -0.011269, -2.4937, 0.10921, -0.0079086, -0.43705, -0.084661, 0.017669, 1.626, 1.134, 1.844, 0.90667, 0.7446, 4.4603, 3.9657, 0.99572, 0.016998, 6.0355, 1.8961, 0.021291, 6.1985, 2.5046, 0.063623, 0.2174, 0.0030313, 0.19927, 0.023737, 0.026162, 3.0297, 2.5845, 0.029099, 7.3833e-05, 6.7221, 0.29505, 7.8783e-05, 4.0685, 0.61949, 0.00019513
169, 5.4951, 0.18658, 0.04293, 0.27077, 2.2281, 0.42595, 0.90854, 1.0896, 1.7515, 0.53639, 0.30147, 0.83737, 0.42987, 0.39188, 0.01044, 1.4954, 0.5848, 0.02285, 4.9224, 0.83158, 0.04858, 1.3036, 1.0525, 1.2601, 0.63052, 0.4478, 1.7647, 0.8443, 0.68182, 0.0048312, 4.617, 0.94081, 0.018784, 5.8717, 1.4232, 0.052997, 1.0834, 1.0118, 0.90638, 0.52409, 0.29718, 1.0432, -0.47893, 0.57304, -0.00064452, 2.9087, 0.46087, 0.010401, 4.0384, 0.8882, 0.041353, 1.5238, 1.0932, 1.6139, 0.73695, 0.59843, 2.4862, 2.1675, 0.79061, 0.010307, 6.3253, 1.4207, 0.027167, 7.7051, 1.9582, 0.064641, 0.01792, 0.00061211, 0.046258, 0.0041867, 0.0083857, 0.19242, 0.64716, 0.0043742, 1.1082e-05, 1.0786, 0.085136, 2.5975e-05, 1.2423, 0.1058, 5.0113e-05, 0.52834, 0.96252, 0.57672, 0.39477, 0.20531, -1.1043, -1.61, 0.40317, -0.00909, 0.37259, 0.078595, 0.007016, 2.6783, 0.17217, 0.031862, 2.0789, 1.1424, 1.9436, 0.86628, 0.6903, 4.6337, 3.2986, 0.96048, 0.018752, 8.8614, 1.803, 0.030552, 9.0651, 2.6743, 0.074132, 0.22215, 0.0029911, 0.17264, 0.020543, 0.021735, 3.0423, 2.2264, 0.0287, 7.1631e-05, 6.6585, 0.27477, 5.1187e-05, 3.7693, 0.57848, 0.0001651
170, 2.25, 0.31691, 0.0842, 0.08204, 1.5132, 0.67396, 1.1096, 0.91486, 1.4385, 0.22054, 0.26254, 1.2785, 0.70091, 0.51289, 0.03167, 2.5363, 0.78562, 0.00641, 3.7786, 0.33838, 0.03977, 0.85771, 0.95455, 1.3004, 0.30156, 0.30362, 2.65, 2.1523, 0.78741, 0.011145, 6.025, 0.51352, 0.0053014, 4.2338, 0.52244, 0.041156, 0.69343, 0.92004, 0.96901, 0.19937, 0.17289, 2.0362, 0.98439, 0.68962, 0.0062864, 4.6194, 0.024701, -0.0033234, 2.4732, -0.0005169, 0.03065, 1.022, 0.98906, 1.6318, 0.40374, 0.43435, 3.2638, 3.3202, 0.88521, 0.016003, 7.4306, 1.0023, 0.013926, 5.9944, 1.0454, 0.051662, 0.0099757, 0.0004402, 0.040587, 0.0038596, 0.0063168, 0.13925, 0.50414, 0.003535, 8.724e-06, 0.73025, 0.088316, 2.7494e-05, 1.1457, 0.10108, 4.0796e-05, 0.096445, 0.86721, 0.62828, 0.067685, 0.072953, -0.19383, -0.2219, 0.51286, -0.0025454, 1.8931, -0.35367, -0.00664, 1.0816, -0.72349, 0.020626, 1.619, 1.0419, 1.9725, 0.53543, 0.53429, 5.4938, 4.5265, 1.062, 0.024835, 10.157, 1.3807, 0.017243, 7.386, 1.7684, 0.061686, 0.2142, 0.0028191, 0.16697, 0.020216, 0.019666, 2.9892, 2.0834, 0.02786, 6.9273e-05, 6.3101, 0.27795, 5.2706e-05, 3.6726, 0.57376, 0.00015579
171, 6.58, 0.15255, 0.07854, 0.41875, 1.1111, 0.20921, 1.4482, 1.0684, 1.3531, 0.33881, 0.35513, 0.67187, 0.91657, 0.54195, 0.00016, 4.9234, 1.8247, 0.00566, 1.4761, 1.538, 0.08741, 1.2555, 0.97761, 1.4218, 0.61706, 0.47313, 1.5496, 0.94221, 0.67027, 0.0039994, 5.2304, 1.1906, 0.0014784, 2.7512, 2.2072, 0.06602, 1.0868, 0.94519, 1.088, 0.50883, 0.34623, 0.95068, -0.47382, 0.57414, -0.000822, 3.6211, 0.68963, -0.0055333, 1.137, 1.6614, 0.055785, 1.4243, 1.01, 1.7556, 0.7253, 0.60004, 2.1486, 2.3582, 0.7664, 0.0088208, 6.8396, 1.6915, 0.0084902, 4.3654, 2.753, 0.076255, 0.010526, 0.00038848, 0.041179, 0.0043297, 0.0059524, 0.13259, 0.74112, 0.0034155, 8.5919e-06, 0.9572, 0.092753, 1.8172e-05, 0.9631, 0.11009, 3.8718e-05, 0.49326, 0.89108, 0.74852, 0.38049, 0.24461, -1.291, -1.5634, 0.39631, -0.0096777, 1.0249, 0.31649, -0.0093556, -0.32162, 0.95154, 0.045628, 2.0178, 1.0641, 2.0951, 0.85364, 0.70166, 4.3903, 3.4478, 0.94423, 0.017676, 9.4359, 2.0647, 0.012312, 5.8241, 3.4629, 0.086413, 0.21475, 0.0027674, 0.16756, 0.020686, 0.019302, 2.9825, 2.3204, 0.027741, 6.914e-05, 6.5371, 0.28239, 4.3383e-05, 3.49, 0.58278, 0.00015371
172, 2.25, 0.32819, 0.06546, 0.08496, 2.0159, 0.80617, 0.33115, 0.92858, 1.5033, 0.37884, 0.28337, 2.8619, 0.10309, 0.76895, 0.00877, 9.0654, 0.11913, 0.00155, 5.6528, 0.86888, 0.03393, 0.86248, 0.97067, 1.2767, 0.30242, 0.32781, 2.997, 1.8642, 0.74246, 0.014201, 5.043, 0.63833, 0.0062982, 4.3638, 0.63197, 0.040681, 0.69215, 0.93157, 0.89438, 0.14445, 0.15061, 2.3586, 0.25355, 0.63572, 0.0089894, 3.1528, 0.07852, -0.0058631, 2.3675, 0.072366, 0.027634, 1.0328, 1.0098, 1.659, 0.46039, 0.505, 3.6353, 3.4749, 0.8492, 0.019413, 6.9332, 1.1981, 0.01846, 6.3601, 1.1916, 0.053728, 0.010723, 0.00056519, 0.054029, 0.009223, 0.011605, 0.15062, 0.95885, 0.0042114, 1.004e-05, 1.3206, 0.11583, 5.4665e-05, 1.473, 0.11575, 6.2914e-05, 0.099886, 0.88142, 0.57807, 0.039348, 0.067971, 0.14774, -0.7563, 0.4646, 0.00038172, 0.72218, -0.27077, -0.0084024, 1.0741, -0.62978, 0.018742, 1.6251, 1.0599, 1.9754, 0.56549, 0.58765, 5.8462, 4.4847, 1.0203, 0.028021, 9.3638, 1.5474, 0.020999, 7.6534, 1.8937, 0.06262, 0.21495, 0.0029441, 0.18041, 0.02558, 0.024955, 3.0005, 2.5381, 0.028537, 7.0589e-05, 6.9004, 0.30547, 7.9876e-05, 3.9999, 0.58843, 0.0001779
173, 7.5, 0.72522, 0.11557, 0.2412, 0.99099, 0.28911, 0.649, 1.006, 1.7291, 0.14361, 0.37906, 9.4255, 2.8687, 0.76521, 0.00316, 8.214, 0.01555, 0.02411, 1.2552, 0.58376, 0.09502, 1.5444, 0.99316, 1.7627, 0.25078, 0.61392, 1.7084, 1.2684, 0.86638, 0.0046599, 9.6633, 0.56973, 0.0036995, 4.2857, 0.58233, 0.068931, 1.2916, 0.93789, 1.3116, 0.081905, 0.36204, 0.93223, -0.40482, 0.73437, -0.0021428, 7.5461, -0.070174, -0.011334, 1.8589, -0.055649, 0.052494, 1.7971, 1.0484, 2.2138, 0.41965, 0.8658, 2.4846, 2.9417, 0.99839, 0.011463, 11.781, 1.2096, 0.018733, 6.7125, 1.2203, 0.085367, 0.023613, 0.0011293, 0.075206, 0.010541, 0.023449, 0.22268, 1.0349, 0.0064412, 1.7105e-05, 1.6568, 0.15135, 8.3539e-05, 2.1767, 0.15044, 9.985e-05, 0.75923, 0.89574, 1.0242, -0.018984, 0.29839, -1.1748, -1.391, 0.57787, -0.0098347, 5.2385, -0.39076, -0.013454, 0.71836, -0.71608, 0.044821, 2.3295, 1.0906, 2.5012, 0.52054, 0.92945, 4.5916, 3.9279, 1.1549, 0.019155, 14.088, 1.5302, 0.020853, 7.853, 1.8807, 0.09304, 0.22784, 0.0035083, 0.20158, 0.026897, 0.036798, 3.0726, 2.6141, 0.030767, 7.7653e-05, 7.2367, 0.34099, 0.00010875, 4.7037, 0.62312, 0.00021484
174, 4, 0.17869, 0.16747, 0.7, 0.72222, 0.25693, 1.8258, 0.91074, 1.4615, 0.28822, 0.03239, 1.6833, 2.6463, 0.17198, 0.00955, 1.3058, 0.1538, 0.00137, 1.6116, 2.425, 0.06553, 1.4478, 0.95808, 1.3469, 0.66161, 0.33334, 1.2144, 1.3211, 0.5272, 0.0028474, 3.7117, 0.8675, 0.0088038, 1.8479, 1.8041, 0.057714, 1.2393, 0.90995, 0.89586, 0.47523, 0.090763, 0.5131, -0.35224, 0.40163, -0.0038807, 1.6497, 0.22802, -0.0060683, -0.5748, 1.1656, 0.041392, 1.6563, 1.0062, 1.7979, 0.848, 0.57593, 1.9156, 2.9944, 0.65277, 0.0095756, 5.7738, 1.507, 0.023676, 4.2706, 2.4427, 0.074036, 0.016072, 0.00085602, 0.075189, 0.01284, 0.02175, 0.18176, 1.0349, 0.0058279, 1.6732e-05, 1.5716, 0.15115, 8.175e-05, 2.1694, 0.1507, 9.8465e-05, 0.67576, 0.86453, 0.60841, 0.38056, 0.025184, -1.6496, -1.3384, 0.24157, -0.011612, -0.68699, -0.092713, -0.0082077, -1.7167, 0.50545, 0.033682, 2.2198, 1.0516, 2.0854, 0.94267, 0.64151, 4.0783, 3.9806, 0.81282, 0.017307, 8.1104, 1.8277, 0.025815, 5.4125, 3.1028, 0.081745, 0.2203, 0.003235, 0.20157, 0.029197, 0.035099, 3.0317, 2.6142, 0.030153, 7.728e-05, 7.1515, 0.34078, 0.00010696, 4.6963, 0.62338, 0.00021345
175, 4.4984, 0.27827, 0.05739, 0.09264, 0.79167, 0.36082, 0.3498, 0.90052, 1.9932, 0.35769, 0.84081, 4.2032, 5.2219, 0.95763, 0.00499, 2.3817, 0.32762, 0.00069, 2.6619, 2.9377, 0.06345, 1.0665, 0.97737, 1.5994, 0.30134, 0.63557, 1.3261, 1.8445, 0.74096, 0.0096955, 4.343, 0.4549, 0.0035831, 4.1235, 1.1093, 0.055915, 0.90734, 0.93584, 1.2566, 0.22785, 0.49324, 0.69366, 0.77151, 0.63607, 0.0044906, 3.1526, -0.0074105, -0.0036503, 2.4006, 0.59866, 0.044307, 1.2256, 1.0189, 1.9421, 0.37483, 0.77789, 1.9585, 2.9175, 0.84584, 0.0149, 5.5334, 0.9172, 0.010817, 5.8464, 1.6199, 0.067522, 0.0093595, 0.00063742, 0.04342, 0.0019963, 0.007487, 0.14782, 0.42554, 0.004066, 1.0013e-05, 0.52376, 0.078996, 1.9339e-05, 1.0972, 0.096375, 4.98e-05, 0.30629, 0.88703, 0.92156, 0.078507, 0.39813, -1.5218, -0.48447, 0.4638, -0.0041214, 0.27935, -0.39763, -0.0073957, 0.99215, -0.13151, 0.0348, 1.8266, 1.0677, 2.2771, 0.52417, 0.873, 4.174, 4.1735, 1.0181, 0.023513, 8.4067, 1.3074, 0.014562, 7.2548, 2.3501, 0.07703, 0.21359, 0.0030164, 0.1698, 0.018353, 0.020836, 2.9977, 2.0048, 0.028391, 7.0562e-05, 6.1036, 0.26863, 4.4551e-05, 3.6241, 0.56906, 0.00016479
176, 4.4984, 0.28084, 0.05792, 0.09349, 0.79167, 0.36102, 0.4759, 0.90508, 1.9385, 0.18205, 0.75003, 3.7828, 2.2093, 0.65909, 0.01921, 1.6395, 0.14229, 0.00244, 2.9959, 1.2145, 0.05735, 1.0631, 0.97559, 1.6381, 0.31999, 0.68121, 1.3461, 2.6654, 0.7895, 0.0076955, 4.4054, 0.50053, 0.0019971, 3.9408, 1.4248, 0.058002, 0.90399, 0.93439, 1.2989, 0.248, 0.54265, 0.71494, 1.6102, 0.68496, 0.0025083, 3.2199, 0.041241, -0.0050175, 2.2427, 0.91387, 0.046574, 1.2222, 1.0168, 1.9772, 0.39198, 0.81978, 1.9773, 3.7206, 0.89405, 0.012883, 5.5908, 0.95981, 0.0090118, 5.639, 1.9358, 0.069431, 0.0093595, 0.00062753, 0.042515, 0.0019155, 0.0070966, 0.14726, 0.41153, 0.0040396, 9.9449e-06, 0.5194, 0.077967, 1.8187e-05, 1.0659, 0.096497, 4.8276e-05, 0.30294, 0.8854, 0.96209, 0.097647, 0.44602, -1.5015, 0.34457, 0.51248, -0.0061148, 0.34311, -0.35036, -0.0088387, 0.82306, 0.18388, 0.036985, 1.8233, 1.0658, 2.3141, 0.54233, 0.91641, 4.1938, 4.9862, 1.0665, 0.021506, 8.4676, 1.3514, 0.012833, 7.0586, 2.6658, 0.079019, 0.21359, 0.0030065, 0.16889, 0.018272, 0.020446, 2.9972, 1.9908, 0.028365, 7.0494e-05, 6.0993, 0.2676, 4.3398e-05, 3.5928, 0.56918, 0.00016326
177, 4.56, 0.08105, 0.04323, 0.2, 2.0833, 0.37977, 0.64628, 1.0768, 1.6017, 0.52521, 0.71765, 3.2224, 1.2615, 0.688, 0.00012, 2.2106, 0.23115, 0.04396, 6.1086, 2.4097, 0.04345, 1.0125, 1.0361, 1.2696, 0.56605, 0.75706, 1.6162, 0.70792, 0.70058, 0.0042809, 2.9521, 0.87648, 0.03638, 6.192, 1.8194, 0.058332, 0.85628, 1.005, 0.94953, 0.45827, 0.62826, 0.99365, -0.41614, 0.59652, -0.00095977, 1.2978, 0.47331, 0.029352, 4.6323, 1.3354, 0.0474, 1.1688, 1.0672, 1.5897, 0.67383, 0.88585, 2.2387, 1.832, 0.80464, 0.0095217, 4.6063, 1.2797, 0.043407, 7.7518, 2.3034, 0.069264, 0.0090221, 0.00035802, 0.037863, 0.0042934, 0.0061308, 0.14324, 0.46701, 0.0040021, 1.0151e-05, 1.0114, 0.060081, 1.8253e-05, 0.89917, 0.086599, 4.417e-05, 0.25294, 0.95006, 0.60299, 0.32968, 0.52748, -1.2295, -1.645, 0.42374, -0.0095495, -1.2709, 0.054519, 0.025536, 3.1475, 0.58929, 0.037581, 1.7721, 1.1222, 1.9362, 0.80242, 0.98663, 4.4619, 3.0609, 0.97742, 0.018111, 7.175, 1.6984, 0.047224, 9.2366, 3.0495, 0.079083, 0.21325, 0.002737, 0.16424, 0.02065, 0.01948, 2.9932, 2.0463, 0.028327, 7.07e-05, 6.5913, 0.24972, 4.3464e-05, 3.4261, 0.55928, 0.00015916
178, 2.5, 0.2982, 0.06484, 0.6, 1.6667, 0.77092, 0.92858, 1.0653, 0.87941, 0.41175, 0.28611, 1.1012, 0.12765, 0.32978, 0.00045, 7.9993, 0.62862, 0.00789, 1.6314, 0.87548, 0.07689, 1.399, 0.99043, 1.3658, 0.48328, 0.32717, 2.1356, 1.3254, 0.56748, 0.0065395, 3.0386, 0.64434, 0.009521, 2.3389, 1.6414, 0.053561, 1.2048, 0.93961, 0.91552, 0.30973, 0.088635, 1.4403, -0.3314, 0.44312, -3.1308e-05, 0.99816, 0.11467, -0.0022638, 0.35338, 1.0102, 0.037205, 1.5933, 1.0413, 1.8161, 0.65684, 0.56571, 2.831, 2.9822, 0.69185, 0.01311, 5.0791, 1.174, 0.021306, 4.3244, 2.2725, 0.069917, 0.013946, 0.0009548, 0.074938, 0.011133, 0.021031, 0.17872, 1.0146, 0.0057167, 1.5958e-05, 1.5389, 0.1037, 5.1332e-05, 1.4571, 0.14721, 9.888e-05, 0.63071, 0.89546, 0.62777, 0.21057, 0.022185, -0.72689, -1.3237, 0.28238, -0.0078477, -1.35, -0.24652, -0.0048697, -0.94424, 0.3463, 0.029506, 2.1673, 1.0854, 2.1038, 0.756, 0.63216, 4.9982, 3.9745, 0.85258, 0.020927, 7.4272, 1.5352, 0.023912, 5.622, 2.9364, 0.077616, 0.21817, 0.0033337, 0.20132, 0.02749, 0.03438, 3.0286, 2.5938, 0.030042, 7.6507e-05, 7.1187, 0.29333, 7.6544e-05, 3.984, 0.6199, 0.00021387
179, 4, 0.17869, 0.02857, 0.5, 2.6667, 0.74816, 1.769, 0.90508, 0.92317, 0.58485, 0.19554, 1.2001, 1.3676, 0.57204, 0.01601, 2.4759, 0.41572, 0.00688, 2.3177, 1.8749, 0.04277, 1.3572, 0.98928, 1.1487, 0.55856, 0.37305, 2.4623, 1.2009, 0.55444, 0.0065777, 2.4891, 0.73747, 0.011987, 2.4218, 2.1292, 0.053815, 1.1617, 0.94783, 0.71931, 0.38599, 0.14948, 1.7584, -0.46677, 0.4321, 0.00017221, 0.40658, 0.11896, -0.0024946, 0.14182, 1.5102, 0.038793, 1.5527, 1.0307, 1.5781, 0.73113, 0.59663, 3.1662, 2.8685, 0.67678, 0.012983, 4.5715, 1.356, 0.026469, 4.7018, 2.7482, 0.068837, 0.014127, 0.00063518, 0.068143, 0.011007, 0.018475, 0.18314, 1.0279, 0.0055319, 1.5166e-05, 1.6029, 0.1414, 7.7517e-05, 1.9213, 0.14163, 8.3407e-05, 0.58861, 0.89898, 0.42323, 0.28647, 0.079623, -0.4023, -1.455, 0.27022, -0.0077348, -1.9193, -0.20891, -0.0046842, -1.0473, 0.83998, 0.030647, 2.1258, 1.0796, 1.8741, 0.83065, 0.66648, 5.3269, 3.8567, 0.83866, 0.02089, 6.8974, 1.6838, 0.028659, 5.8909, 3.4184, 0.076984, 0.21835, 0.0030141, 0.19452, 0.027364, 0.031824, 3.033, 2.6072, 0.029857, 7.5714e-05, 7.1828, 0.33103, 0.00010273, 4.4483, 0.61431, 0.0001984
180, 2, 0.09264, 0.05925, 0.34991, 2, 0.67782, 0.3795, 0.97384, 1.447, 0.37479, 0.61597, 1.6727, 0.18878, 0.71181, 0, 8.8944, 1.4525, 0.00284, 5.1829, 1.9931, 0.09282, 0.97325, 1.0575, 1.3429, 0.56384, 0.47689, 2.1024, 1.2855, 0.73689, 0.0056652, 2.2863, 0.96711, 0.0062128, 2.9238, 1.5182, 0.058159, 0.80463, 1.0222, 1.002, 0.43481, 0.32946, 1.4309, -0.29934, 0.63693, 0.00067877, 0.52537, 0.33198, -0.0028846, 1.0661, 0.94287, 0.046877, 1.1419, 1.0929, 1.6837, 0.69287, 0.62432, 2.774, 2.8703, 0.83686, 0.010652, 4.0473, 1.6022, 0.01531, 4.7815, 2.0935, 0.069441, 0.010509, 0.00046172, 0.042941, 0.0061535, 0.0080334, 0.16668, 0.92835, 0.0036933, 9.1903e-06, 1.1462, 0.1491, 3.059e-05, 1.2756, 0.12234, 4.7048e-05, 0.21103, 0.96987, 0.66605, 0.31705, 0.23636, -0.7544, -1.3192, 0.46157, -0.0080709, -1.9795, 0.0097922, -0.0060743, -0.28366, 0.2494, 0.037221, 1.7355, 1.1452, 2.0197, 0.81062, 0.71741, 4.9593, 3.8902, 1.0122, 0.019401, 6.5522, 1.9244, 0.0185, 6.1312, 2.787, 0.079097, 0.21473, 0.0028407, 0.16932, 0.02251, 0.021383, 3.0166, 2.5076, 0.028019, 6.9739e-05, 6.726, 0.33873, 5.5801e-05, 3.8025, 0.59503, 0.00016204
181, 8, 0.34793, 0.07308, 0.09056, 0.66146, 0.20229, 0.56553, 0.92462, 1.7693, 0.15235, 0.75344, 1.505, 0.2519, 0.91029, 0.0322, 6.417, 0.18183, 0.00236, 2.0135, 0.77326, 0.06822, 1.1004, 1.0234, 1.3114, 0.36979, 0.62588, 1.7037, 1.3432, 0.81779, 0.010449, 6.8395, 0.409, 0.012362, 5.293, 1.0187, 0.068624, 0.86116, 0.96817, 0.86042, 0.21896, 0.37506, 0.93767, -0.3301, 0.69186, 0.0048011, 4.7362, -0.2042, -0.0026716, 2.8663, 0.40694, 0.05219, 1.3396, 1.0786, 1.7625, 0.52062, 0.87669, 2.4696, 3.0166, 0.94371, 0.016097, 8.9429, 1.0222, 0.027395, 7.7196, 1.6305, 0.085059, 0.021148, 0.001126, 0.075186, 0.0084085, 0.023252, 0.21686, 1.0349, 0.0058609, 1.1791e-05, 1.6352, 0.13898, 8.3535e-05, 2.1765, 0.13834, 9.983e-05, 0.31949, 0.92599, 0.57296, 0.11094, 0.31119, -1.1768, -1.3162, 0.53201, -0.0035407, 2.4213, -0.53391, -0.0047909, 1.7257, -0.26702, 0.044516, 1.8812, 1.1207, 2.0499, 0.62864, 0.94056, 4.5842, 4.0027, 1.1036, 0.024439, 11.258, 1.3519, 0.029515, 8.8602, 2.3045, 0.092732, 0.22537, 0.0035049, 0.20157, 0.024765, 0.036601, 3.0668, 2.6142, 0.030186, 7.234e-05, 7.215, 0.32861, 0.00010875, 4.7034, 0.61103, 0.00021482
182, 2, 0.09264, 0.0219, 0.34991, 1.8182, 0.97622, 0.41015, 1.0878, 1.5688, 0.10212, 0.38975, 5.2443, 1.1517, 0.58688, 0.00191, 0.57458, 1.6995, 0.04551, 1.4148, 1.8326, 0.09028, 0.81166, 1.0452, 0.92931, 0.58318, 0.4835, 2.7171, 1.4577, 0.69754, 0.0076525, 1.993, 0.8218, 0.016703, 3.7475, 1.8103, 0.059578, 0.61347, 1.0066, 0.50588, 0.40899, 0.32486, 1.9731, -0.16562, 0.59352, 0.0022613, 0.17369, 0.18117, 0.0016745, 1.3236, 1.1821, 0.047105, 1.0098, 1.0839, 1.3527, 0.75736, 0.64214, 3.4611, 3.081, 0.80156, 0.013044, 3.8124, 1.4624, 0.031732, 6.1715, 2.4385, 0.072052, 0.014518, 0.00055253, 0.066267, 0.011214, 0.0093013, 0.20458, 0.97398, 0.0039992, 1.0743e-05, 1.2234, 0.15169, 8.3483e-05, 2.1717, 0.14585, 5.7509e-05, 0.042361, 0.95618, 0.20736, 0.31006, 0.23595, -0.1576, -1.1706, 0.42071, -0.0062357, -2.2973, -0.13918, -0.00044538, 0.18209, 0.51668, 0.037975, 1.581, 1.1343, 1.6513, 0.8563, 0.73105, 5.5919, 4.086, 0.97437, 0.021541, 6.2833, 1.7828, 0.033852, 7.3129, 3.1039, 0.081182, 0.21874, 0.0029315, 0.19265, 0.027571, 0.022651, 3.0545, 2.5533, 0.028325, 7.1291e-05, 6.8033, 0.34133, 0.00010869, 4.6986, 0.61853, 0.0001725
183, 3.9167, 0.13352, 0.06831, 0.19994, 1.9844, 0.39616, 0.81865, 1.0942, 0.83088, 0.43027, 0.41067, 1.5147, 0.67025, 0.38759, 6e-05, 4.5568, 0.26652, 0.00455, 1.2076, 2.3676, 0.08879, 1.1876, 1.019, 1.2578, 0.56072, 0.38457, 1.4942, 1.1533, 0.65204, 0.0077208, 2.9727, 0.88735, 0.0090024, 4.2318, 1.1785, 0.057934, 1.027, 0.97835, 0.82587, 0.46116, 0.19215, 0.85649, -0.47936, 0.54046, 0.002392, 1.29, 0.25302, -0.0050078, 1.8787, 0.60236, 0.043092, 1.3482, 1.0597, 1.6897, 0.66028, 0.57699, 2.1319, 2.786, 0.76362, 0.01305, 4.6554, 1.5217, 0.023013, 6.585, 1.7546, 0.072776, 0.0095316, 0.00061108, 0.068946, 0.0036636, 0.013685, 0.15031, 0.98527, 0.0046017, 1.0496e-05, 1.0466, 0.14872, 7.2549e-05, 2.0467, 0.12267, 8.1419e-05, 0.42713, 0.92907, 0.53082, 0.32799, 0.11412, -1.3549, -1.4808, 0.37228, -0.0061433, -1.2615, -0.069441, -0.0072609, 0.71417, -0.090695, 0.034882, 1.9481, 1.109, 1.9847, 0.79346, 0.65502, 4.3433, 3.7874, 0.93179, 0.021585, 7.2068, 1.8441, 0.025266, 7.7495, 2.4476, 0.080986, 0.21376, 0.00299, 0.19532, 0.02002, 0.027035, 3.0002, 2.5645, 0.028927, 7.1044e-05, 6.6264, 0.33836, 9.7761e-05, 4.5736, 0.59535, 0.00019641
184, 2, 0.24182, 0.10498, 0.73674, 0.57292, 0.43928, 1.5253, 0.95429, 1.9126, 0.3431, 0.13513, 1.3854, 4.2915, 0.76975, 0.01706, 5.0432, 1.9812, 0.00925, 1.81, 0.35819, 0.04515, 1.5095, 0.97133, 1.5171, 0.44296, 0.22159, 1.211, 1.3363, 0.49799, 0.0055811, 3.199, 0.7706, 0.0026616, 1.7041, 1.5882, 0.059316, 1.3102, 0.91763, 1.0669, 0.28042, -0.020351, 0.50219, -0.337, 0.36922, -0.0010309, 1.0792, 0.13806, -0.012171, -0.66196, 0.94391, 0.042924, 1.7089, 1.025, 1.9673, 0.60551, 0.46352, 1.9199, 3.0096, 0.62677, 0.012193, 5.3188, 1.4031, 0.017494, 4.0701, 2.2324, 0.075708, 0.01469, 0.0010658, 0.074911, 0.0097654, 0.021635, 0.18571, 1.0349, 0.0061293, 1.6159e-05, 1.6609, 0.14788, 8.1315e-05, 2.0692, 0.15342, 9.9315e-05, 0.73991, 0.87479, 0.77912, 0.17712, -0.086068, -1.6548, -1.3232, 0.21095, -0.008825, -1.2271, -0.185, -0.014315, -1.8222, 0.28666, 0.035236, 2.2791, 1.0679, 2.2551, 0.70881, 0.52924, 4.0769, 3.9958, 0.78504, 0.019987, 7.6251, 1.7262, 0.019638, 5.2304, 2.8897, 0.083395, 0.21892, 0.0034447, 0.20129, 0.026122, 0.034984, 3.0356, 2.6142, 0.030455, 7.6707e-05, 7.2407, 0.33752, 0.00010653, 4.5961, 0.6261, 0.0002143
185, 4, 0.23335, 0.05971, 0.73864, 0.95, 0.41217, 1.6449, 0.95325, 1.5069, 0.32566, 0.31955, 0.06911, 2.0257, 0.63946, 0.00364, 2.5114, 0.56838, 0.0121, 2.3161, 2.1292, 0.0762, 1.7685, 0.98589, 1.5544, 0.4578, 0.25929, 0.98091, 1.216, 0.49591, 0.0085797, 3.2914, 0.94673, 0.0047147, 1.5068, 2.0146, 0.071336, 1.5744, 0.93514, 1.1121, 0.29566, 0.024478, 0.31714, -0.44394, 0.36777, 0.0019917, 1.2217, 0.33571, -0.0091791, -0.76509, 1.3807, 0.055224, 1.9626, 1.0366, 1.9968, 0.61995, 0.49409, 1.6447, 2.8759, 0.62406, 0.015168, 5.361, 1.5578, 0.018609, 3.7787, 2.6485, 0.087448, 0.013925, 0.00095184, 0.072322, 0.0097175, 0.020378, 0.16285, 1.0184, 0.0060694, 1.6042e-05, 1.5832, 0.13799, 7.1349e-05, 1.9077, 0.14853, 9.5954e-05, 1.0003, 0.89096, 0.82121, 0.1922, -0.042794, -1.8741, -1.4351, 0.20915, -0.0058154, -1.1109, 0.0052357, -0.011448, -1.957, 0.71821, 0.047446, 2.5368, 1.0808, 2.2876, 0.72341, 0.56137, 3.8359, 3.867, 0.78268, 0.022975, 7.6936, 1.8882, 0.020878, 4.9706, 3.311, 0.095226, 0.21815, 0.0033308, 0.1987, 0.026074, 0.033728, 3.0128, 2.5977, 0.030395, 7.659e-05, 7.1631, 0.32763, 9.6561e-05, 4.4346, 0.62121, 0.00021094
186, 4, 0.20693, 0.04168, 0.03201, 1.8518, 0.4529, 1.1179, 0.96222, 1.2709, 0.47373, 0.6558, 1.6524, 0.78437, 0.76832, 0.00023, 9.7332, 0.12321, 0.00033, 5.2329, 0.44807, 0.03862, 1.1148, 1.0398, 1.0774, 0.36285, 0.47848, 1.4885, 1.2556, 0.84755, 0.003713, 5.3191, 0.57573, 0.0048085, 4.7477, 0.68541, 0.060472, 0.95213, 1.0023, 0.74799, 0.25562, 0.34478, 0.88188, -0.0052197, 0.73634, -0.0021861, 3.6182, 0.11197, -0.0019803, 3.0448, 0.16074, 0.049431, 1.2774, 1.0774, 1.4068, 0.47008, 0.61219, 2.0951, 2.5165, 0.95877, 0.0096121, 7.02, 1.0395, 0.011597, 6.4507, 1.2101, 0.071514, 0.0097757, 0.00052217, 0.0401, 0.0042499, 0.0066077, 0.13601, 0.58758, 0.0045715, 1.2862e-05, 1.0693, 0.079495, 1.7035e-05, 1.0719, 0.10175, 4.5064e-05, 0.35384, 0.95125, 0.40624, 0.12673, 0.24611, -1.3538, -1.1656, 0.56794, -0.01038, 1.0777, -0.27758, -0.0058826, 1.6273, -0.56124, 0.039663, 1.8757, 1.1284, 1.7485, 0.59896, 0.71085, 4.3308, 3.6769, 1.1272, 0.017806, 9.5605, 1.4291, 0.0155, 7.8681, 1.9321, 0.081282, 0.214, 0.0029011, 0.16648, 0.020607, 0.019957, 2.9859, 2.1669, 0.028897, 7.3411e-05, 6.6492, 0.26913, 4.2246e-05, 3.5988, 0.57443, 0.00016005
187, 4.7, 0.26135, 0.13402, 0.42785, 1.3333, 0.30527, 1.8152, 1.0107, 1.8913, 0.61122, 0.74595, 1.7567, 0.19426, 0.93875, 0.00023, 6.6471, 1.5952, 0.0087, 2.7057, 0.59524, 0.06034, 1.2496, 0.9972, 1.4315, 0.52174, 0.4662, 1.5348, 1.2405, 0.70117, 0.0050577, 5.645, 0.80707, 0.0059552, 3.072, 1.2673, 0.058765, 1.0755, 0.9512, 0.9854, 0.38388, 0.23969, 0.86606, -0.42999, 0.5774, -0.0014107, 3.8941, 0.29854, -0.0065397, 1.0259, 0.6652, 0.042786, 1.4236, 1.0432, 1.8775, 0.6596, 0.69271, 2.2036, 2.9109, 0.82494, 0.011526, 7.3959, 1.3156, 0.01845, 5.1182, 1.8694, 0.074744, 0.011194, 0.00078205, 0.073543, 0.0070251, 0.018964, 0.1653, 1.0314, 0.0056618, 1.5465e-05, 1.1331, 0.095582, 5.7705e-05, 1.5475, 0.134, 9.4375e-05, 0.48614, 0.90472, 0.696, 0.27022, 0.17052, -1.3214, -1.4172, 0.41633, -0.0092831, 1.3833, -0.071377, -0.0090226, -0.24812, -0.01386, 0.034965, 2.013, 1.0897, 2.1669, 0.77326, 0.76188, 4.391, 3.8981, 0.98601, 0.019398, 9.9067, 1.6855, 0.020933, 6.3922, 2.5485, 0.082565, 0.21542, 0.003161, 0.19992, 0.023382, 0.032314, 3.0152, 2.6106, 0.029987, 7.6013e-05, 6.713, 0.28522, 8.2917e-05, 4.0744, 0.60668, 0.00020936
