0.0617182 0.0231384 320.104 1.07579 2.92142 8.18193e-08 0.024686 0.051332 -320.104 2.81434 2.19236 -8.18193e-08
0.112379 0.0922452 320.105 -9.34844 11.9789 -4.37813e-06 -0.0259729 -0.0178346 -320.105 -5.85427 7.12901 4.37813e-06
0.159287 0.216054 320.109 -28.0302 23.9588 -1.78948e-05 -0.0729021 -0.141704 -320.109 -21.372 8.11961 1.78948e-05
0.178325 0.370731 320.114 -51.3585 35.8771 -4.26174e-05 -0.0919974 -0.296423 -320.114 -40.7652 1.49148 4.26174e-05
0.201911 0.527558 320.12 -75.0111 50.8269 -7.54591e-05 -0.115711 -0.453266 -320.12 -60.4243 -6.8961 7.54591e-05
0.260502 0.659626 320.125 -94.9157 71.6138 -0.00011298 -0.174102 -0.5852 -320.125 -76.9731 -11.4974 0.00011298
0.341773 0.74718 320.13 -107.997 96.2909 -0.000153684 -0.253357 -0.671196 -320.13 -87.8554 -13.9747 0.000153684
0.414111 0.780461 320.133 -112.777 120.97 -0.000194825 -0.323451 -0.701442 -320.133 -91.847 -18.9484 0.000194825
0.46913 0.759601 320.134 -109.467 144.237 -0.000231257 -0.376401 -0.678616 -320.134 -89.1252 -27.2663 0.000231257
0.522498 0.694083 320.133 -99.5617 167.308 -0.000257261 -0.428257 -0.613021 -320.133 -80.9263 -35.7668 0.000257261
0.582551 0.59613 320.13 -85.1798 190.837 -0.000267977 -0.493584 -0.520525 -320.13 -69.011 -41.9445 0.000267977
0.648574 0.474191 320.125 -68.0737 213.349 -0.000260707 -0.558525 -0.41585 -320.125 -54.8262 -46.338 0.000260707
0.707945 0.347976 320.118 -49.5683 232.982 -0.00023607 -0.611453 -0.296925 -320.118 -39.4825 -50.4348 0.00023607
0.745294 0.229242 320.111 -31.6162 248.612 -0.00019749 -0.65474 -0.17786 -320.111 -24.5993 -54.9041 0.00019749
0.758771 0.139044 320.103 -17.1706 259.276 -0.000149285 -0.683944 -0.0767547 -320.103 -12.6295 -59.6546 0.000149285
0.762147 0.101146 320.097 -9.80445 264.688 -9.54338e-05 -0.693456 -0.0171893 -320.097 -6.53791 -63.2743 9.54338e-05
0.765255 0.146357 320.094 -13.5776 265.562 -4.08641e-05 -0.694027 -0.0221292 -320.094 -9.68954 -63.6387 4.08641e-05
0.75174 0.251431 320.094 -30.3768 261.349 6.83468e-06 -0.694948 -0.139675 -320.094 -23.6298 -61.1736 -6.83468e-06
0.711002 0.406727 320.099 -56.0857 249.717 3.95256e-05 -0.668831 -0.324893 -320.099 -44.9391 -58.7915 -3.95256e-05
0.639913 0.588897 320.106 -83.4108 229.949 5.25679e-05 -0.610202 -0.504637 -320.106 -67.5872 -56.9623 -5.25679e-05
0.552115 0.741085 320.115 -106.743 203.743 4.47846e-05 -0.53751 -0.661358 -320.115 -86.9091 -52.9544 -4.47846e-05
0.484303 0.896344 320.125 -125.002 173.43 1.49343e-05 -0.448045 -0.747801 -320.125 -102.025 -44.4092 -1.49343e-05
0.428811 1.02936 320.137 -142.13 141.235 -4.00321e-05 -0.363639 -0.84153 -320.137 -116.206 -31.5895 4.00321e-05
0.390065 1.15533 320.148 -161.102 109.124 -0.000123855 -0.273882 -0.966648 -320.148 -131.904 -17.2838 0.000123855
0.361373 1.22239 320.159 -177.318 80.1433 -0.000239193 -0.188895 -1.11415 -320.159 -145.314 -4.05527 0.000239193
0.304779 1.17889 320.165 -178.375 56.4389 -0.000386534 -0.142825 -1.17125 -320.165 -146.136 5.42971 0.000386534
0.279987 0.874398 320.162 -146.896 39.3682 -0.000563487 -0.0762538 -1.05807 -320.162 -119.944 9.85717 0.000563487
0.271736 0.208533 320.145 -63.1751 32.9333 -0.000764582 -0.0556297 -0.613866 -320.145 -50.3855 12.2934 0.000764582
0.27407 -0.676504 320.112 76.6864 37.8469 -0.000981854 -0.0927742 0.354432 -320.112 65.6622 12.8363 0.000981854
0.278459 -1.6287 320.068 239.131 49.3717 -0.00120283 -0.130373 1.55446 -320.068 200.397 7.13188 0.00120283
0.269705 -2.44157 320.031 370.239 64.4713 -0.00140682 -0.163219 2.47871 -320.031 309.152 -4.60506 0.00140682
0.269996 -2.7847 320.004 428.736 83.1231 -0.00156711 -0.207263 2.91022 -320.004 357.619 -17.0934 0.00156711
0.346374 -2.64893 319.989 401.477 106.674 -0.00165774 -0.245389 2.68432 -319.989 334.936 -24.7932 0.00165774
0.670647 -2.05818 319.99 305.066 146.184 -0.00166039 -0.250461 1.99728 -319.99 254.91 -18.7867 0.00166039
1.2357 -1.16513 320.007 170.424 222.337 -0.0015763 -0.418216 1.1058 -320.007 143.145 6.30312 0.0015763
1.75246 0.0163394 320.033 14.7262 336.222 -0.00143386 -0.8628 0.223117 -320.033 13.824 25.2732 0.00143386
2.00933 1.39651 320.07 -169.315 460.626 -0.00126811 -1.28265 -0.838046 -320.07 -139.234 -5.48922 0.00126811
1.74614 2.85466 320.131 -386.751 566.557 -0.00108379 -1.64661 -2.26301 -320.131 -319.9 -97.2364 0.00108379
1.3045 3.91039 320.207 -592.61 638.26 -0.000843928 -1.77652 -3.93591 -320.207 -490.811 -211.722 0.000843928
1.22459 4.46081 320.269 -698.683 686.383 -0.000494783 -1.72019 -4.79097 -320.269 -578.808 -278.498 0.000494783
1.33202 4.11492 320.297 -647.43 718.641 -5.36089e-06 -1.95141 -4.45723 -320.297 -536.218 -263.976 5.36089e-06
1.4766 2.88476 320.286 -450.199 700.886 0.000614379 -2.01884 -3.07273 -320.286 -372.415 -217.04 -0.000614379
1.38796 1.23933 320.25 -174.532 609.585 0.00133569 -1.66312 -1.0647 -320.25 -143.613 -187.252 -0.00133569
0.752419 -0.759172 320.192 105.616 457.374 0.00212965 -1.30479 0.650344 -320.192 89.007 -172.486 -0.00212965
-0.131064 -2.90721 320.114 376.954 248.393 0.00295639 -0.768568 2.10026 -320.114 314.474 -159.815 -0.00295639
-1.07408 -4.87449 320.008 664.002 -16.0874 0.00376258 -0.0205781 3.93945 -320.008 553.025 -129.203 -0.00376258
-1.72133 -6.88599 319.882 961.327 -312 0.00447905 0.880935 5.87165 -319.882 800.248 -47.6325 -0.00447905
-1.71637 -8.50477 319.76 1224.08 -592.274 0.00499378 1.80583 7.73881 -319.76 1018.83 105.042 -0.00499378
-1.50622 -9.44761 319.658 1386.4 -818.066 0.00514751 2.27859 8.94986 -319.658 1153.93 294.011 -0.00514751
-1.98846 -9.57002 319.602 1400.47 -1016.32 0.00478959 2.38877 9.01613 -319.602 1165.91 410.049 -0.00478959
-2.5904 -8.66137 319.612 1266.3 -1210.26 0.00385651 3.26124 8.14699 -319.612 1054.6 400.175 -0.00385651
-3.07772 -6.98721 319.686 1015.91 -1323.68 0.00238681 3.83507 6.50184 -319.686 846.659 366.974 -0.00238681
-3.06185 -4.60435 319.812 683.41 -1300.85 0.00045564 3.52536 4.4773 -319.812 570.582 389.099 -0.00045564
-2.649 -1.79083 319.975 286.6 -1193 -0.00184424 3.03572 2.03119 -319.975 241.143 405.971 0.00184424
-2.22223 1.12723 320.16 -151.826 -1047.99 -0.00434178 2.75218 -0.861487 -320.16 -122.78 359.289 0.00434178
-1.81676 3.73027 320.339 -568.508 -852.08 -0.00679147 2.36049 -3.7809 -320.339 -468.64 273.816 0.00679147
-1.42014 5.25708 320.482 -852.963 -597.109 -0.00894196 1.5999 -6.02374 -320.482 -704.699 179.09 0.00894196
-1.12601 5.72203 320.557 -910.401 -322.48 -0.0105465 0.74699 -6.32159 -320.557 -752.589 63.3564 0.0105465
-1.02103 5.28049 320.548 -768.344 -76.1078 -0.0113558 0.0772695 -4.88459 -320.548 -635.256 -75.5329 0.0113558
-0.594489 4.14356 320.48 -561.171 137.397 -0.0111759 -0.23439 -3.27907 -320.48 -463.75 -186.676 0.0111759
-0.0516485 3.12679 320.381 -403.741 332.99 -0.00993328 -0.839053 -2.21132 -320.381 -333.347 -223.525 0.00993328
0.467796 2.73508 320.265 -341.515 480.702 -0.00767809 -1.41374 -1.78059 -320.265 -282.009 -219.981 0.00767809
0.950225 2.35629 320.152 -345.805 552.003 -0.00454642 -1.45508 -2.21723 -320.152 -285.707 -218.875 0.00454642
1.48741 2.2299 320.055 -335.35 586.698 -0.000753469 -1.35937 -2.20596 -320.055 -277.155 -192.607 0.000753469
2.12812 1.59263 319.966 -252.875 632.268 0.00338237 -1.56097 -1.75093 -319.966 -208.805 -121.921 -0.00338237
2.53835 0.0755981 319.885 -67.8751 677.319 0.00747598 -1.9099 -0.814296 -319.885 -55.0021 -62.179 -0.00747598
2.89702 -1.9596 319.818 234.81 708.476 0.0111717 -1.82815 1.16361 -319.818 196.442 -55.072 -0.0111717
3.25948 -4.17433 319.767 601.815 769.54 0.0141766 -1.86593 3.81318 -319.767 501.101 -60.7863 -0.0141766
3.66497 -6.45022 319.751 934.381 888.767 0.0162302 -2.36227 5.94573 -319.751 777.253 -55.3478 -0.0162302
3.62936 -7.92247 319.78 1160.62 1014.12 0.0171382 -3.01306 7.4718 -319.78 965.025 -95.5422 -0.0171382
3.37166 -8.15374 319.845 1225.44 1093.03 0.0168563 -3.03422 8.09736 -319.845 1018.51 -206.849 -0.0168563
3.19941 -7.29917 319.936 1090.95 1153.63 0.0154836 -2.93337 7.16786 -319.936 906.658 -304.939 -0.0154836
3.42943 -6.24625 320.037 828.506 1233.26 0.0131647 -3.18525 4.74391 -320.037 689.018 -317.909 -0.0131647
3.56666 -5.12305 320.104 616.223 1291.53 0.0100428 -3.62708 3.05482 -320.104 512.981 -296.176 -0.0100428
2.88242 -4.69281 320.098 574.974 1243.8 0.00630515 -3.68941 2.93761 -320.098 478.637 -334.33 -0.00630515
1.91172 -4.71584 320.028 664.059 1070.71 0.00221075 -2.80826 4.0944 -320.028 552.463 -417.032 -0.00221075
1.15414 -5.20304 319.932 755.873 847.363 -0.00196911 -1.9328 4.82582 -319.932 628.916 -419.448 0.00196911
0.994046 -4.92205 319.832 749.831 627.461 -0.00603548 -1.44953 5.03039 -319.832 624.404 -288.848 0.00603548
1.11119 -3.42764 319.76 575.503 393.927 -0.00987626 -0.963273 4.21633 -319.76 479.976 -106.841 0.00987626
0.920721 -0.781191 319.77 194.477 132.675 -0.0134139 -0.274467 1.81445 -319.77 163.929 32.4717 0.0134139
0.528142 2.83393 319.886 -352.349 -120.398 -0.0165657 0.584452 -1.81677 -319.886 -289.821 112.306 0.0165657
0.476582 6.97598 320.084 -964.416 -289.482 -0.0192414 1.25752 -5.7865 -320.084 -797.831 181.021 0.0192414
0.969443 10.7034 320.325 -1530.71 -310.389 -0.0213559 1.23964 -9.56422 -320.325 -1267.85 272.289 0.0213559
1.77201 13.0876 320.6 -1933.2 -184.178 -0.0228472 0.626906 -12.5146 -320.6 -1601.97 341.555 0.0228472
2.20399 13.8237 320.814 -2060.64 32.1925 -0.0236552 -0.224208 -13.4679 -320.814 -1707.8 302.681 0.0236552
1.28018 12.5826 320.895 -1873.95 245.659 -0.0236518 -1.21774 -12.2365 -320.895 -1553.09 99.4106 0.0236518
-1.08727 9.53328 320.867 -1420.16 334.243 -0.0225798 -1.7099 -9.27262 -320.867 -1176.57 -247.487 0.0225798
-1.89458 5.74253 320.74 -815.269 310.14 -0.020097 -0.358729 -5.04748 -320.74 -674.622 -521.049 0.020097
-1.30217 1.93024 320.521 -222.244 329.909 -0.0159931 -0.40483 -0.999987 -320.521 -182.366 -452.73 0.0159931
-0.760112 -1.25188 320.277 230.707 322.239 -0.010396 -1.73057 1.82279 -320.277 193.841 -187.561 0.010396
-0.887407 -3.75084 320.054 532.171 62.7443 -0.00364899 -0.741436 3.3212 -320.054 444.334 -82.7002 0.00364899
-1.47503 -5.452 319.835 756.345 -349.977 0.00390911 1.6477 4.5925 -319.835 630.597 -81.5221 -0.00390911
-1.3081 -6.65145 319.628 950.219 -623.609 0.0118107 2.50767 5.96347 -319.628 791.646 95.8143 -0.0118107
0.10141 -6.14264 319.474 1025.45 -687.711 0.0192808 2.06664 7.46807 -319.474 853.918 414.885 -0.0192808
1.10381 -4.36721 319.416 804.263 -659.092 0.0254494 1.47128 6.31058 -319.416 670.123 606.636 -0.0254494
0.716725 -0.621395 319.495 227.025 -613.874 0.0296543 1.2903 2.40594 -319.495 190.986 533.123 -0.0296543
-0.461964 3.14867 319.714 -514.492 -533.87 0.0315397 1.31558 -3.6505 -319.714 -424.343 287.339 -0.0315397
-2.72983 6.46259 320.011 -1076.82 -445.026 0.0310995 0.473205 -7.78815 -320.011 -890.929 2.19643 -0.0310995
-2.82498 7.4742 320.312 -1228.8 -381.759 0.0286753 1.32374 -8.79164 -320.312 -1017.19 -191.285 -0.0286753
-1.47422 4.70091 320.562 -901.089 -239.745 0.0247678 1.15022 -7.21717 -320.562 -744.568 -122.753 -0.0247678
-1.25868 0.027932 320.703 -137.33 -96.7819 0.0198266 -0.91533 -1.7653 -320.703 -110.285 49.1772 -0.0198266
-2.71197 -5.65775 320.693 821.359 -256.786 0.0143582 -0.450722 5.25222 -320.693 685.089 -55.6827 -0.0143582
-5.16939 -11.6301 320.545 1675.92 -700.034 0.00911052 2.2535 10.606 -320.545 1394.44 -325.304 -0.00911052
-6.65758 -15.6713 320.267 2274.2 -1125.39 0.0047726 3.7115 14.4987 -320.267 1891.69 -307.306 -0.0047726
-6.79959 -17.8042 319.886 2574.92 -1486.76 0.00153164 3.66159 16.3583 -319.886 2142.23 40.3734 -0.00153164
-7.0823 -16.7572 319.443 2527.93 -1984.6 -0.000812409 4.57432 16.7858 -319.443 2103.68 372.045 0.000812409
-8.3449 -11.9304 319.104 1990.72 -2656.44 -0.00249984 6.99023 14.4906 -319.104 1657.47 534.884 0.00249984
-9.41064 -4.3015 319.015 861.24 -3294.01 -0.0038055 9.37651 7.14766 -319.015 719.656 694.77 0.0038055
-9.74661 6.84886 319.217 -750.135 -3725 -0.00513981 10.2028 -3.06348 -319.217 -618.566 964.34 0.00513981
-9.85338 19.1638 319.699 -2595.41 -3985.26 -0.00694101 10.2285 -15.2116 -319.699 -2151.15 1205.61 0.00694101
-10.2861 29.1753 320.403 -4287.28 -4164.75 -0.00949352 10.6708 -27.621 -320.403 -3555.18 1263.95 0.00949352
-10.4134 36.3276 321.163 -5379.48 -4216.52 -0.0128221 11.3976 -34.9427 -321.163 -4461.57 1197.79 0.0128221
-8.67018 37.5154 321.765 -5620.46 -3972.99 -0.0166866 11.4428 -36.9423 -321.765 -4660.74 1189.01 0.0166866
-6.30036 32.8426 322.092 -4968.09 -3367.59 -0.0206791 9.04727 -32.9622 -322.092 -4118.31 1242.29 0.0206791
-4.02159 23.981 322.198 -3577.48 -2555.66 -0.0243175 6.3487 -23.3981 -322.198 -2964.7 1118.82 0.0243175
-2.05675 12.8512 322.048 -1823.51 -1643.31 -0.0270406 4.57072 -11.2951 -322.048 -1510.66 725.008 0.0270406
-0.720435 1.88647 321.647 -147.117 -583.793 -0.0282273 1.80207 -0.0599794 -321.647 -121.671 234.367 0.0282273
0.98938 -6.25406 321.103 1108.95 582.916 -0.0273222 -1.58605 8.42679 -321.103 918.168 -226.278 0.0273222
4.39226 -11.1235 320.433 1776.73 1777.59 -0.0239673 -4.19591 12.3947 -320.433 1470.65 -588.693 0.0239673
8.23706 -12.8142 319.728 1923.45 2994.86 -0.0181579 -7.72683 12.6411 -319.728 1591.42 -785.724 0.0181579
11.9229 -11.6776 319.077 1745.33 4140.84 -0.010343 -11.2968 11.4074 -319.077 1442.24 -928.196 0.010343
14.5423 -9.8431 318.506 1420.98 5078.18 -0.00122176 -13.6534 8.93379 -318.506 1171.73 -1176.93 0.00122176
16.2166 -8.1962 318.134 1119.63 5817 0.00854896 -15.165 6.58276 -318.134 921.042 -1474.5 -0.00854896
17.6819 -7.35424 318.021 975.231 6434.08 0.0183291 -16.804 5.51184 -318.021 801.31 -1661.88 -0.0183291
19.0908 -6.1246 318.142 940.419 6908.24 0.0273652 -18.3811 6.28297 -318.142 772.811 -1723.07 -0.0273652
20.3713 -4.75704 318.529 789.503 7175.3 0.0349032 -18.9223 5.65322 -318.529 647.939 -1738.22 -0.0349032
21.3742 -1.74139 319.201 349.05 7269.03 0.0403739 -18.8118 2.8343 -319.201 282.756 -1708.62 -0.0403739
21.8375 3.99992 320.067 -431.264 7258.85 0.043418 -18.9715 -1.7713 -320.067 -365.635 -1612.54 -0.043418
21.5213 10.51 321.012 -1483.01 7125.17 0.043835 -18.987 -9.20722 -321.012 -1239.55 -1520.64 -0.043835
20.6985 16.655 321.881 -2524.63 6838.58 0.0415615 -18.0399 -16.8711 -321.881 -2104.67 -1478.8 -0.0415615
19.0663 21.2189 322.447 -3206.44 6431.81 0.0366497 -17.0966 -21.3473 -322.447 -2671.14 -1428.21 -0.0366497
17.2547 21.6976 322.551 -3319.06 5911.74 0.0292628 -15.8733 -22.3599 -322.551 -2764.46 -1328 -0.0292628
15.1064 18.5639 322.196 -2815.71 5248.34 0.019716 -14.2164 -18.8174 -322.196 -2345.93 -1191.07 -0.019716
12.3381 11.8466 321.467 -1803.29 4419.46 0.00846368 -12.1144 -12.1083 -321.467 -1504.43 -1035.96 -0.00846368
8.95995 2.92645 320.489 -477.674 3414.08 -0.00398841 -9.40257 -3.44742 -320.489 -402.446 -873.015 0.00398841
5.32753 -6.3051 319.468 931.215 2255.5 -0.0171 -6.04678 6.00414 -319.468 768.427 -681.106 0.0171
1.83423 -15.5506 318.602 2225.84 1010.79 -0.0302475 -2.47145 13.9284 -318.602 1844.61 -414.365 0.0302475
-1.23819 -24.452 317.976 3382.28 -247.167 -0.042766 1.00075 20.3672 -317.976 2806.31 -62.1606 0.042766
-4.29562 -32.2729 317.613 4491.41 -1480.96 -0.0540546 4.15854 27.259 -317.613 3728.73 311.373 0.0540546
-7.94897 -38.9191 317.533 5528.24 -2698.95 -0.0635965 7.18574 34.37 -317.533 4591.47 604.98 0.0635965
-11.9908 -44.307 317.7 6333.8 -3901.81 -0.0708926 10.5262 39.6765 -317.7 5262.61 786.731 0.0708926
-15.5719 -46.4219 318.056 6729.53 -5018.8 -0.075437 13.8223 42.8257 -318.056 5593.74 952.484 0.075437
-18.1909 -45.162 318.541 6566.38 -5964.49 -0.076797 16.2316 41.9487 -318.541 5461.85 1202.32 0.076797
-20.0001 -39.1566 319.048 5766.73 -6744.17 -0.0747084 17.9508 37.3669 -319.048 4799.63 1493.37 0.0747084
-21.1861 -28.6178 319.643 4296.62 -7385.24 -0.0690707 19.7014 28.4234 -319.643 3579.63 1727.77 0.0690707
-21.7743 -15.466 320.274 2271.66 -7832.12 -0.0599164 21.1087 14.7406 -320.274 1899.27 1898.27 0.0599164
-21.8689 0.197833 320.847 -9.82762 -8012.94 -0.0474558 21.3766 0.16422 -320.847 5.17801 2028.6 0.0474558
-21.2893 17.1374 321.387 -2330.09 -7924.56 -0.032103 20.919 -13.6612 -321.387 -1922.61 2083.43 0.032103
-19.2334 32.9017 321.895 -4610.21 -7541.41 -0.0144426 20.3294 -28.1397 -321.895 -3818.45 2066.04 0.0144426
-15.6916 46.7442 322.286 -6680.11 -6762.39 0.0047502 18.3905 -41.7722 -322.286 -5542.34 2044.75 -0.0047502
-11.4355 57.6062 322.522 -8282.09 -5578.59 0.0244816 14.6723 -52.1977 -322.522 -6879.76 1963.64 -0.0244816
-7.18133 63.5083 322.558 -9200.05 -4107.3 0.0436763 10.5135 -58.4954 -322.558 -7646.38 1656.31 -0.0436763
-3.26868 64.5081 322.411 -9312.71 -2420.85 0.0613901 6.24317 -58.9991 -322.411 -7741.32 1102.71 -0.0613901
-0.503026 60.2738 322.136 -8659.25 -585.917 0.0768827 0.791217 -54.5678 -322.136 -7198.19 405.816 -0.0768827
1.4466 52.233 321.801 -7420.25 1192.73 0.0896224 -4.38659 -46.1757 -321.801 -6168.12 -385.267 -0.0896224
3.02752 42.0202 321.491 -5862.12 2711.75 0.0993474 -8.12492 -35.7308 -321.491 -4873.8 -1166.73 -0.0993474
2.23206 29.0655 321.225 -4157.22 3781.04 0.106071 -11.9773 -26.0847 -321.225 -3457.95 -1811.64 -0.106071
-0.275631 15.3314 320.915 -2267.87 4100.24 0.110014 -13.0859 -14.776 -320.915 -1889.38 -2322.88 -0.110014
-3.0848 -2.56321 320.452 -6.1219 3555.25 0.111561 -10.2465 -2.68542 -320.452 -10.767 -2558.18 -0.111561
-5.35383 -25.7936 319.73 2984.31 2350.87 0.111043 -6.31334 13.7459 -319.73 2475.28 -2212.22 -0.111043
-7.22333 -49.9342 318.661 6774.36 633.105 0.108388 -2.22589 39.8651 -318.661 5625.09 -1320.45 -0.108388
-11.3841 -73.857 317.651 10584.9 -1662.13 0.103123 3.01085 66.6805 -317.651 8820.52 -327.127 -0.103123
-18.219 -90.5723 318.628 13116.1 -4425.57 0.0947425 10.3973 84.7786 -318.628 11096.8 467.796 -0.0947425
-26.0949 -95.0914 317.174 13940.8 -7385.92 0.082929 19.0279 92.7911 -317.174 12002.8 1143.74 -0.082929
-32.9848 -84.202 314.611 12752.7 -10308.4 0.0674184 27.3868 88.9561 -314.611 11157.8 1955.31 -0.0674184
-38.9881 -58.8657 316.373 9181.22 -13036.5 0.0478936 34.0576 66.8545 -316.373 8179.01 2927.75 -0.0478936
-43.7101 -22.4314 320.255 3613.9 -15358.4 0.0241902 39.4236 28.1894 -320.255 3376.31 3850.86 -0.0241902
-47.6545 20.2633 324.11 -2692.46 -17118.8 -0.00348092 43.6594 -15.965 -324.11 -2310.13 4476.3 0.00348092
-52.1316 59.1687 327.039 -8238.13 -18408.7 -0.0344689 47.0819 -55.571 -327.039 -7606.5 4670.47 0.0344689
-56.9128 86.6784 328.393 -12115.3 -19520.5 -0.0675672 51.8204 -84.0361 -328.393 -11459.8 4464.08 0.0675672
-59.6763 101.226 326.89 -14195.7 -20326.9 -0.1011 55.2382 -99.5137 -326.89 -13526.3 4414.34 0.1011
-58.8292 104.744 324.041 -14524.6 -20736.8 -0.133449 56.3881 -100.929 -324.041 -13878.6 4780.89 0.133449
-54.462 95.3715 324.524 -13197.9 -20718.1 -0.163273 56.4792 -91.8124 -324.524 -12652.1 5351.61 0.163273
-49.6357 74.5239 325.011 -10428.2 -20166.6 -0.189156 54.8529 -73.988 -325.011 -10081.4 5691.87 0.189156
-45.3888 46.0415 321.523 -6499.38 -19036.7 -0.209606 52.2829 -47.6354 -321.523 -6437.53 5506.66 0.209606
-40.0722 13.4361 318.904 -1845.47 -17200 -0.223369 48.7085 -15.0703 -318.904 -2091.64 4903.03 0.223369
-31.1503 -21.3639 319.539 3078.13 -14390.4 -0.229507 42.4177 19.3768 -319.539 2547.28 4200.78 0.229507
-18.5003 -51.538 317.983 7680.33 -10348.7 -0.227471 30.3678 52.8577 -317.983 6735.14 3578.46 0.227471
-1.91602 -73.8155 315.402 11224.1 -5031.09 -0.216911 14.1862 77.9116 -315.402 9726.95 2795.47 0.216911
15.3634 -79.9676 317.932 12557.8 1409.27 -0.197117 -4.16229 88.5202 -317.932 10707.6 1285.95 0.197117
29.1187 -68.8719 316.763 10804.4 8123.53 -0.167443 -22.1415 76.4495 -316.763 9262.04 -1033.88 0.167443
38.9913 -44.8669 317.58 6657.33 13993 -0.128463 -35.5462 46.2928 -317.58 5930.6 -3675.87 0.128463
45.8781 -17.2308 328.29 2105.56 18503.6 -0.0809411 -47.3489 12.5107 -328.29 2001.58 -5591.27 0.0809411
56.8079 -1.3546 329.551 -992.212 22122.1 -0.0243893 -57.0132 -15.7795 -329.551 -999.882 -6353.83 0.0243893
68.6744 5.81339 321.168 -2011.05 25256.1 0.040976 -67.7951 -23.5768 -321.168 -2047.7 -6352.19 -0.040976
77.7574 6.48867 321.794 -1192.55 27779.6 0.112774 -75.8228 -11.3548 -321.794 -1271.67 -6504.58 -0.112774
84.2428 -4.37703 327.243 249.317 29561.8 0.188337 -78.2319 -1.00535 -327.243 216.325 -7050.18 -0.188337
88.0489 -11.1998 325.143 1546.42 30851.6 0.265397 -80.4264 11.4151 -325.143 1576.81 -7506.35 -0.265397
92.877 -12.2473 321.762 2049.18 31979.4 0.340737 -83.5428 17.9411 -321.762 2120 -7534.06 -0.340737
99.0794 -8.25794 323.412 1386.78 33023.7 0.409693 -87.3111 12.1501 -323.412 1431.73 -7198.29 -0.409693
102.942 1.08652 325.147 -175.464 33735.2 0.466551 -91.227 -1.81478 -325.147 -225.112 -6833.51 -0.466551
103.775 14.6712 322.75 -1964.04 33877.1 0.505631 -91.9006 -14.8505 -322.75 -2112.91 -6767.41 -0.505631
100.978 26.3707 319.919 -3499.39 33499.9 0.52287 -90.6221 -25.689 -319.919 -3690.06 -6954.26 -0.52287
94.4141 35.1924 318.829 -4536.4 32632.3 0.51642 -89.1027 -31.8082 -318.829 -4716.38 -7204.62 -0.51642
86.7812 39.7 316.401 -5040.27 31163.5 0.48612 -84.8934 -34.4413 -316.401 -5198.58 -7374.96 -0.48612
75.7189 40.1467 312.214 -5119.43 28986.2 0.433099 -80.2837 -34.9627 -312.214 -5252.99 -7368.1 -0.433099
63.8036 37.8312 308.887 -4879.48 25987.3 0.359828 -71.9212 -33.5374 -308.887 -4976.25 -7177.39 -0.359828
55.4065 31.303 307.251 -4310.66 22319 0.2701 -58.2616 -31.5163 -307.251 -4364.38 -6564.75 -0.2701
44.1783 23.3852 306.279 -3321.57 18260.2 0.168596 -49.1592 -24.8152 -306.279 -3334.61 -5325.2 -0.168596
37.9337 12.4472 305.784 -1937.53 13879.7 0.0599691 -35.2831 -15.4964 -305.784 -1921.26 -3736.17 -0.0599691
32.9862 0.210832 308.608 -247.739 9453.17 -0.0520105 -21.3133 -3.35247 -308.608 -244.36 -1935.09 0.0520105
18.8947 -11.1063 319.01 1648.68 4716.1 -0.164556 -14.3656 11.2513 -319.01 1438.48 -115.909 0.164556
-4.53306 -21.8363 333.036 3258.54 -2477.75 -0.274293 9.14125 21.4618 -333.036 2720.16 585.976 0.274293
-24.217 -26.1172 326.285 3848.44 -8236.48 -0.376014 24.3713 25.8819 -326.285 3331.85 1512.34 0.376014
-39.3947 -27.4132 321.082 4143.18 -13021.2 -0.465973 34.0742 28.2928 -321.082 3548.83 2850.58 0.465973
-51.2835 -25.7285 329.852 3887.97 -17465.4 -0.543896 45.5683 26.3734 -329.852 3306.45 4054.1 0.543896
-61.568 -21.6433 333.656 3210.66 -21287.7 -0.608693 56.4646 21.8287 -333.656 2792.17 4940.39 0.608693
-68.7742 -18.55 327.931 2502.9 -24286.9 -0.657643 66.1523 15.7691 -327.931 2236.01 5598.21 0.657643
-71.8473 -17.849 325.414 2160.33 -26472.2 -0.689826 73.1583 12.2859 -325.414 2000.85 6383.87 0.689826
-74.2949 -20.8485 326.198 2410.86 -27941.9 -0.705061 75.7054 13.4345 -326.198 2323.3 7157.27 0.705061
-77.0796 -27.8119 322.665 3297.9 -28863.4 -0.701698 76.7542 19.8143 -322.665 3279.04 7546.2 0.701698
-79.3691 -37.9558 318.138 4670.34 -29391.5 -0.677929 79.1165 30.1304 -318.138 4732.17 7431.38 0.677929
-82.1122 -46.7276 317.133 6140.05 -29460.8 -0.632615 79.8023 43.0327 -317.133 6255.7 7027.73 0.632615
-80.5047 -52.9374 315.773 7130.48 -28820.8 -0.564619 79.1754 51.1616 -315.773 7245.37 6698.69 0.564619
-75.2513 -49.0876 312.438 7004.8 -27336.1 -0.473933 74.3733 53.1065 -312.438 7107.87 6606.8 0.473933
-69.7793 -33.7353 311.004 5283.37 -25256.2 -0.362821 66.0648 43.4878 -311.004 5380.81 6435.19 0.362821
-65.2156 -9.05745 312.306 1863.97 -22967.8 -0.234733 58.9872 18.7582 -312.306 1977.27 5760.47 0.234733
-59.8591 18.3287 314.965 -2574.46 -20516.4 -0.0935004 54.2681 -17.4074 -314.965 -2360.49 4707.4 0.0935004
-52.4371 42.6764 316.107 -6422.73 -17628.6 0.0563366 46.9838 -47.9719 -316.107 -6095.43 3858.14 -0.0563366
-41.0034 53.5495 315.502 -8418.08 -14247.6 0.2096 36.8998 -65.1681 -315.502 -7976.24 3456.74 -0.2096
-27.0958 50.2819 314.459 -7833.19 -10619.6 0.360675 26.597 -59.6034 -314.459 -7341.22 3180.5 -0.360675
-15.3832 29.357 315.071 -4865.88 -6991.25 0.503703 16.2022 -37.921 -315.071 -4424.48 2613.84 -0.503703
-6.65747 -5.59162 323.408 320.575 -3207.07 0.632977 5.97429 -1.1213 -323.408 296.665 1456.28 -0.632977
4.84975 -46.4287 334.518 6403.42 1746.25 0.742746 -7.45552 40.1884 -334.518 5557.39 -44.2872 -0.742746
9.05453 -75.405 329.333 10519.1 5181.36 0.828768 -14.7346 71.6792 -329.333 9792.43 -1883.81 -0.828768
16.3871 -91.4044 319.876 13000.5 8118.36 0.891022 -21.352 92.6765 -319.876 12420.2 -2886.53 -0.891022
26.3355 -96.0312 318.614 13451.4 10956.3 0.930676 -30.0013 95.2136 -318.614 12958.8 -3149.63 -0.930676
36.1346 -87.3691 318.971 11984.4 13456.7 0.946213 -37.7302 83.5546 -318.971 11619.6 -3223.89 -0.946213
44.856 -66.0166 316.543 9084.38 15427.4 0.93632 -41.629 63.5705 -316.543 8811.06 -3447.44 -0.93632
50.3989 -39.4789 315.759 5282.58 17044.8 0.901238 -45.7824 36.0964 -315.759 5154.05 -3721.86 -0.901238
53.083 -11.5194 318.796 1414.69 18305.1 0.840471 -50.1931 8.33112 -318.796 1326.55 -3998.57 -0.840471
54.2972 16.6015 318.299 -2159.35 19110.3 0.753239 -52.6112 -14.8958 -318.299 -2190.29 -4299.67 -0.753239
50.1513 37.8781 316.094 -5014 19297.1 0.639978 -55.0597 -34.841 -316.094 -5028.25 -4719.9 -0.639978
42.1677 54.78 315.922 -7264.56 18631.9 0.502664 -53.8152 -50.2192 -315.922 -7235.48 -5329.23 -0.502664
35.2144 68.3916 316.907 -8964.61 17112.5 0.345091 -46.6152 -60.5036 -316.907 -8835.44 -5766.76 -0.345091
31.5681 77.2483 316.965 -10227.6 15143.6 0.172507 -38.8365 -69.3367 -316.965 -10015.4 -5380.71 -0.172507
27.9559 83.7419 318.338 -11154.5 12876.8 -0.00965168 -34.777 -75.5387 -318.338 -10841.7 -4180.61 0.00965168
24.8672 87.9328 321.606 -11755.8 10080.6 -0.196222 -27.1796 -78.8836 -321.606 -11281.1 -2868.56 0.196222
17.012 89.4155 324.744 -12061.4 6608.17 -0.381588 -17.0048 -80.2239 -324.744 -11365.2 -1895.02 0.381588
3.83349 88.1982 329.136 -12051.6 2461.91 -0.559049 -5.89103 -79.3154 -329.136 -11081.3 -1112.54 0.559049
-9.28173 83.198 333.157 -11417.1 -2170.8 -0.721044 8.26344 -74.7008 -333.157 -10388.1 -254.992 0.721044
-21.0767 73.7342 332.682 -10041.2 -6422.48 -0.8607 19.151 -65.9507 -332.682 -9248.79 854.704 0.8607
-31.9763 58.7098 330.691 -8132.52 -10094.9 -0.974196 26.5752 -55.3106 -330.691 -7613.36 1987.18 0.974196
-42.0041 37.7134 327.564 -5522.94 -13587.3 -1.06042 35.7357 -40.1639 -327.564 -5231.67 2820.78 1.06042
-51.2311 9.32968 324.644 -1897.67 -16946.5 -1.11821 46.5883 -17.2337 -324.644 -1770.56 3398.67 1.11821
-59.4051 -26.4567 322.979 2895.23 -19920.4 -1.14605 55.3865 15.6127 -322.979 2914.52 4020.91 1.14605
-65.4193 -61.9187 320.576 8180.92 -22359.3 -1.14329 61.2358 56.3108 -320.576 8146.46 4814.69 1.14329
-70.6622 -95.1471 321.405 12894 -24358.6 -1.11 65.9756 90.3155 -321.405 12718.7 5429.12 1.11
-76.9569 -118.548 321.656 16094 -25953.9 -1.04692 69.7313 112.541 -321.656 15820.8 5631.68 1.04692
-82.7238 -128.36 316.163 17700.4 -27219.6 -0.955329 73.0061 126.05 -316.163 17435.1 5646.36 0.955329
-84.8569 -129.44 311.714 17668.8 -28218.4 -0.836535 77.6281 125.182 -311.714 17495.9 5710.74 0.836535
-85.8547 -120.567 313.812 16072.4 -28824.7 -0.692503 78.7264 111.524 -313.812 15980.8 6025.23 0.692503
-83.2667 -100.083 315.029 13280.4 -28879.7 -0.526652 78.3056 92.3409 -315.029 13294.6 6494.62 0.526652
-79.2337 -74.351 312.703 9681.89 -28402.1 -0.343672 76.5337 66.713 -312.703 9800.01 6820.03 0.343672
-75.4712 -43.4887 313.308 5546.06 -27461.4 -0.14908 73.4925 38.5814 -313.308 5788.53 6821.11 0.14908
-71.7657 -11.2328 315.207 1150.27 -26056.2 0.0514241 69.4212 7.94419 -315.207 1498.64 6493.54 -0.0514241
-66.586 22.2907 317.608 -3210.41 -24108.6 0.252365 64.2255 -21.1524 -317.608 -2788.56 5983.77 -0.252365
-56.3952 52.8849 317.339 -7191.32 -21463.8 0.448076 58.0034 -48.0062 -317.339 -6741.28 5612.39 -0.448076
-42.9995 75.767 318.71 -10600.7 -18001.1 0.63247 46.9751 -73.7672 -318.71 -10049.4 5530.09 -0.63247
-28.9226 91.8678 318.57 -12788.6 -13998.2 0.799669 34.016 -88.6769 -318.57 -12144.1 5270.02 -0.799669
-14.7845 96.0536 318.286 -13453.3 -9693.19 0.945025 23.2651 -93.3868 -318.286 -12707.6 4412.94 -0.945025
-0.559136 88.3423 318.175 -12527.6 -4843.08 1.06535 11.4608 -86.5844 -318.175 -11628.7 3169.52 -1.06535
15.665 70.8992 325.273 -10066.5 1176.24 1.15742 -5.26941 -67.7596 -325.273 -9081.23 1713.83 -1.15742
33.6758 42.9756 338.81 -5788.74 7808.02 1.21778 -23.5363 -38.253 -338.81 -5428.57 106.331 -1.21778
46.5963 13.2769 340.94 -1478.09 13133.3 1.24627 -36.4044 -8.38333 -340.94 -1513.12 -1641.51 -1.24627
58.7981 -10.2622 328.043 1829.62 18108.8 1.24612 -49.421 15.4311 -328.043 1718.65 -3120.52 -1.24612
71.4585 -25.3166 326.347 3818.46 23086.5 1.21969 -63.588 29.2287 -326.347 3714.37 -4379.1 -1.21969
83.2829 -31.6452 330.374 4532.77 27755.9 1.1684 -76.1822 33.3475 -330.374 4443.02 -5661.54 -1.1684
92.1789 -28.9125 325.849 4077.24 31777.1 1.09409 -86.621 29.8829 -325.849 4042.7 -7001.14 -1.09409
96.6205 -18.3671 326.135 2668.08 34775.2 0.998126 -95.916 20.6865 -326.135 2725.69 -8091.11 -0.998126
98.1213 -3.09613 325.534 765.711 36683.2 0.881907 -100.818 8.1634 -325.534 789.575 -9106.33 -0.881907
96.6467 12.9415 320.483 -1442.51 37630.2 0.747247 -102.568 -8.69503 -320.483 -1545.51 -10011.3 -0.747247
88.2225 30.283 315.425 -3809.6 37568.4 0.59537 -104.823 -25.9475 -315.425 -3956.13 -10801 -0.59537
78.7506 42.4478 312.227 -5921.94 36227.4 0.427433 -99.5621 -43.7373 -312.227 -5980.68 -11497.3 -0.427433
71.573 39.8946 308.324 -6802.18 33656.7 0.245653 -86.9897 -58.6211 -308.324 -6803.17 -11661.2 -0.245653
63.9447 32.7506 304.619 -5485.34 30390 0.0529158 -78.9058 -46.7572 -304.619 -5494.84 -10575.5 -0.0529158
60.2023 8.70247 302.689 -2127.55 26472.5 -0.148246 -68.7972 -22.3604 -302.689 -2162.34 -8584.8 0.148246
54.177 -27.9978 303.894 2685.44 21751.7 -0.35519 -56.0758 10.2826 -303.894 2600.86 -6468.09 0.35519
40.7806 -65.7374 307.445 8322.93 16208.3 -0.564166 -42.6437 53.2362 -307.445 8107 -4645.56 0.564166
22.6309 -102.991 314.719 13829 9736.34 -0.770505 -23.6922 92.8288 -314.719 13213.7 -3313.61 0.770505
1.14168 -127.881 325.68 17997.4 2380.74 -0.968687 -2.45858 125.089 -325.68 16938.8 -1875.31 0.968687
-19.4254 -134.247 329.679 19453.2 -5317.04 -1.1523 17.798 139.998 -329.679 18421.8 166.072 1.1523
-37.0154 -118.594 321.351 17674.1 -12256.8 -1.31529 35.5857 132.418 -321.351 16992 2202.33 1.31529
-53.1767 -83.7996 318.655 12788.7 -18678 -1.45268 51.6357 99.4168 -318.655 12514.6 4158.16 1.45268
-67.1325 -32.0641 327.522 5279.78 -24670.9 -1.5597 68.1418 45.78 -327.522 5471.43 5926.14 1.5597
-76.9498 28.1447 337.655 -3457.59 -29588.6 -1.63168 83.1515 -19.5746 -337.655 -3132.28 7397.63 1.63168
-83.7191 83.2642 346.648 -11073.2 -32629.1 -1.6653 92.1684 -77.0464 -346.648 -11068.1 8242.33 1.6653
-85.8374 120.871 337.228 -16700.9 -34366.2 -1.65859 97.8109 -120.046 -337.228 -16574.5 8901.51 1.65859
-82.4118 138.937 324.322 -19895.4 -34857.9 -1.60968 97.7509 -146.347 -324.322 -19507.6 9873.66 1.60968
-79.086 145.736 317.203 -20389.5 -34529.4 -1.51774 92.5666 -145.903 -317.203 -19890.7 10721.4 1.51774
-76.2559 133.134 317.039 -18414.8 -33606.2 -1.38342 88.9853 -130.496 -317.039 -17996.9 10686.2 1.38342
-77.7147 105.92 316.037 -14635.7 -32142.8 -1.20736 85.8661 -104.136 -316.037 -14376.4 9459.03 1.20736
-81.4439 72.5566 311.885 -9808.37 -29963.7 -0.990516 79.6672 -68.789 -311.885 -9713.45 7631.78 0.990516
-76.5817 31.1793 311.799 -4287.63 -27011.9 -0.736157 75.3091 -31.8462 -311.799 -4417.21 5964.41 0.736157
-65.9017 -12.2721 314.854 1622.19 -23090.2 -0.450108 64.9156 9.68018 -314.854 1409.03 4964.27 0.450108
-48.1208 -56.703 317.115 7610.58 -18182.8 -0.140401 51.2031 51.1587 -317.115 7285.24 4418.83 0.140401
-22.8039 -97.2839 314.882 13353.4 -12139.2 0.182719 34.3125 91.0832 -314.882 12660.5 4218.61 -0.182719
-0.0556172 -129.401 315.07 18117.3 -5289.34 0.50776 12.0686 125.576 -315.07 17095.7 3597.86 -0.50776
21.9804 -149.249 324.141 21006.1 2153.71 0.823279 -6.42716 146.265 -324.141 19806.1 1770.03 -0.823279
41.9202 -152.643 327.577 21387.5 9642.94 1.11849 -24.6908 149.801 -327.577 20382.7 -423.119 -1.11849
60.5557 -139.675 320.016 19553.7 16914.1 1.3839 -45.8403 138.606 -320.016 18879 -2180.14 -1.3839
79.0309 -113.38 317.864 15733.7 24032.6 1.61191 -67.1254 111.667 -317.864 15346.9 -3787.65 -1.61191
93.4304 -74.4687 324.021 10204.3 30661.3 1.79681 -86.6865 72.2654 -324.021 10061 -5704.42 -1.79681
104.618 -25.6692 328.105 3441.96 36397 1.93466 -100.931 24.3205 -328.105 3462.16 -7906.97 -1.93466
113.044 24.6393 334.28 -3312.01 40856.1 2.02356 -111.065 -24.4612 -334.28 -3469.7 -9782.42 -2.02356
123.323 69.4118 343.485 -9288.53 44332.7 2.06319 -120.432 -67.1106 -343.485 -9568.75 -10526.6 -2.06319
134.886 104.979 339.668 -14051.1 47190.2 2.05268 -129.172 -100.155 -339.668 -14283.8 -10570.4 -2.05268
142.911 130.155 333.766 -17451.2 49290.9 1.99064 -135.695 -123.791 -333.766 -17626.2 -10656.2 -1.99064
147.253 145.308 334.509 -19551.8 50644 1.87701 -138.548 -138.442 -334.509 -19643 -11008.9 -1.87701
148.424 149.177 333.175 -20298.3 51265.8 1.71246 -138.697 -145.087 -333.175 -20348.9 -11445.4 -1.71246
145.764 140.292 324.213 -19460.2 51185.3 1.49835 -138.443 -142.03 -324.213 -19536.4 -11771.5 -1.49835
141.135 115.651 316.047 -16582.5 50373.8 1.23849 -136.116 -125.575 -316.047 -16737 -11927.2 -1.23849
135.741 80.8298 311.244 -11578.6 48821 0.938979 -131.079 -88.8727 -311.244 -11861.6 -11822.3 -0.938979
128.129 36.1253 308.706 -4872.34 46523.3 0.607684 -124.909 -38.056 -308.706 -5374.65 -11436.5 -0.607684
119.031 -10.9965 307.033 2024.07 43408.2 0.254599 -116.132 15.0045 -307.033 1565.74 -10800.5 -0.254599
108.096 -53.4755 302.623 8229.37 39494.2 -0.109122 -105.215 62.5318 -302.623 7791.32 -9918.47 0.109122
94.9084 -84.1639 297.641 12665.5 34836.8 -0.472411 -91.6919 95.582 -297.641 12157.9 -8965.73 0.472411
79.66 -98.5652 288.82 14657.7 29566.8 -0.82467 -76.1256 110.289 -288.82 14185.2 -7969.47 0.82467
60.8298 -96.3436 284.021 14212.4 23840.1 -1.1561 -61.3418 106.103 -284.021 13745.1 -6902.07 1.1561
41.511 -79.3017 282.404 11557.5 17703.9 -1.45798 -44.5228 84.8393 -282.404 11109.5 -5773.5 1.45798
20.3655 -53.127 282.032 7364.27 11155.7 -1.7226 -26.6918 50.6188 -282.032 6961.84 -4625.62 1.7226
-1.97187 -23.4798 293.439 2576.65 4110.38 -1.94234 -7.44402 11.5769 -293.439 2263.69 -3341.16 1.94234
-28.1117 15.0056 366.451 -2740.41 -5963.42 -2.10827 22.0684 -22.9166 -366.451 -2496.87 -974.17 2.10827
-45.7784 32.298 360.473 -5126.98 -13533.5 -2.21363 39.5495 -41.5214 -360.473 -5068.72 1716.02 2.21363
-65.1995 38.8388 320.952 -5786.68 -20504.3 -2.25866 58.8402 -45.63 -320.952 -5879.58 3323.38 2.25866
-85.1675 38.8937 338.268 -5431.47 -27534.5 -2.24534 78.3693 -40.7085 -338.268 -5563.56 4873.7 2.24534
-103.343 32.7728 362.885 -4352.27 -34009.3 -2.17399 94.6445 -31.7455 -362.885 -4560.28 6561.8 2.17399
-119.299 20.9126 351.796 -2890.6 -39170.5 -2.04925 105.266 -22.2218 -351.796 -3068.21 8036.06 2.04925
-134.674 7.25716 345.556 -1080.99 -43629.8 -1.87771 115.554 -8.80661 -345.556 -1138.59 8935.31 1.87771
-145.394 -9.46714 352.385 1045.11 -47742.3 -1.66229 129.329 6.3033 -352.385 1132.63 9644.34 1.66229
-153.935 -28.6036 350.052 3465.62 -51089.9 -1.40555 138.402 23.3934 -350.052 3716.27 10544.7 1.40555
-159.054 -48.2226 339.259 6086.98 -53634.7 -1.11275 143.796 42.2849 -339.259 6414.38 11630.2 1.11275
-156.791 -66.8588 331.785 8774.15 -55496.5 -0.789854 151.068 62.5285 -331.785 9097.58 12794 0.789854
-151.845 -83.0043 325.737 11158.3 -56415.5 -0.443353 153.415 80.3436 -325.737 11404.2 14068.1 0.443353
-141.056 -93.6438 313.586 12766.3 -56120.9 -0.0813348 152.93 92.14 -313.586 12894.6 15335.4 0.0813348
-126.06 -94.0136 298.151 13178.3 -54400.1 0.287165 147.653 97.1152 -298.151 13219.8 16426 -0.287165
-116.223 -84.9713 287.303 12012.3 -51380.6 0.652299 132.693 89.4406 -287.303 12076.2 16844.7 -0.652299
-105.32 -66.2284 282.802 9242.99 -47557.8 1.00363 123.118 68.684 -282.802 9389.88 15864.3 -1.00363
-93.1501 -37.019 279.57 5275.18 -42704.3 1.33143 114.117 41.2314 -279.57 5532.1 13952.1 -1.33143
-81.6094 -2.99283 278.486 697.582 -36438.1 1.6268 94.8608 9.40754 -278.486 1015.27 11959 -1.6268
-65.3962 31.6262 282.319 -4148.52 -29074.2 1.88145 72.643 -26.1024 -282.319 -3823.84 9923.25 -1.88145
-46.4855 62.3614 292.199 -8807.27 -21091.5 2.08892 51.045 -61.3553 -292.199 -8278.57 7556.99 -2.08892
-28.6876 86.4333 302.984 -12398.3 -12614.4 2.24525 27.0452 -87.4777 -302.984 -11620 4877.54 -2.24525
-9.81863 97.1751 325.546 -14357.7 -3682.36 2.34763 3.91752 -103.239 -325.546 -13321.8 1772.69 -2.34763
13.8956 90.7442 376.674 -13711 6634.86 2.39292 -21.373 -101.334 -376.674 -12819.9 -1744.25 -2.39292
37.8525 66.2406 375.533 -9822.37 15937 2.37849 -49.4268 -74.9107 -375.533 -9674.78 -3831.27 -2.37849
57.9075 32.4655 338.982 -4721.27 23397.3 2.30608 -70.7539 -37.5226 -338.982 -4945.71 -5555.93 -2.30608
74.2336 -5.13928 339.872 555.796 29843.6 2.18187 -87.4208 0.903172 -339.872 278.177 -7422.08 -2.18187
85.79 -37.2363 351.113 5112.48 35095.1 2.01191 -101.196 35.0131 -351.113 4866.35 -9151.28 -2.01191
94.281 -59.0922 329.19 8448.94 38777.3 1.80269 -109.836 61.2184 -329.19 8167.58 -10461.7 -1.80269
99.8149 -67.6925 308.301 9861.38 41135.4 1.5616 -115.479 73.2171 -308.301 9599.49 -11276.3 -1.5616
102.699 -61.9574 305.426 9327.01 42420.8 1.29323 -118.434 71.5735 -305.426 9114.65 -11752 -1.29323
104.199 -43.9089 302.652 6801.64 42513.1 1.00112 -117.54 53.5806 -302.652 6662.15 -11761.5 -1.00112
102.66 -15.9539 295.665 2873.2 41357.5 0.691142 -114.347 24.6454 -295.665 2733.24 -11266.7 -0.691142
97.8525 16.9759 293.229 -1718.45 39032.6 0.370009 -108.123 -9.60618 -293.229 -1953.54 -10473.6 -0.370009
88.6449 50.44 297.425 -6466.32 35515.2 0.0439352 -98.1716 -43.9079 -297.425 -6564.76 -9610.93 -0.0439352
74.8954 78.8415 298.27 -10560 30804.1 -0.280546 -84.3026 -73.4786 -298.27 -10477.5 -8727.36 0.280546
58.9064 96.0421 295.041 -13410.8 25115.7 -0.596809 -66.5381 -96.4875 -295.041 -13179.8 -7717.56 0.596809
41.7847 102.764 297.615 -14708.7 18798 -0.898679 -47.3497 -107.081 -297.615 -14273.2 -6431.96 0.898679
24.041 99.6699 301.391 -14219.7 12089.9 -1.18013 -28.6746 -101.928 -301.391 -13622.8 -4772.9 1.18013
4.77455 85.1189 310.478 -12408.7 4788.04 -1.43507 -8.82191 -88.6343 -310.478 -11587.6 -2894.18 1.43507
-16.9186 63.0307 348.332 -9306.96 -3711.76 -1.65712 14.0523 -65.5925 -348.332 -8456.79 -572.228 1.65712
-40.0077 28.8276 391.595 -4024.33 -12226.9 -1.84033 38.3914 -28.0347 -391.595 -3829.19 1363.52 1.84033
-59.8052 -6.51965 361.596 915.778 -18913.1 -1.98119 59.0802 7.8056 -361.596 1063.09 2436.8 1.98119
-77.8717 -32.3074 339.007 4595.56 -24830 -2.07853 76.8545 35.511 -339.007 4771.74 3386.9 2.07853
-90.6026 -49.5207 351.332 7211.54 -30055.6 -2.13246 89.9838 55.8541 -351.332 7343.82 5017.25 2.13246
-96.852 -57.5075 347.814 8463.66 -34207.5 -2.14501 100.423 65.7071 -347.814 8556.07 6847.5 2.14501
-100.387 -57.401 322.03 8391.91 -37313.5 -2.11904 108.354 64.8055 -322.03 8487.66 8366.43 2.11904
-104.032 -52.7485 311.369 7351.66 -39663.7 -2.05535 113.721 54.7715 -311.369 7499.1 9467.31 2.05535
-104.917 -42.5112 313.319 5802 -41095.9 -1.9524 118.219 43.0531 -313.319 6016.45 10149.7 1.9524
-103.585 -32.7126 306.575 4205.62 -41216.3 -1.8082 118.291 29.8956 -306.575 4442.07 10446.2 1.8082
-99.3297 -26.652 295.786 2983.9 -39963.7 -1.62264 113.39 18.3228 -295.786 3228.14 10466.3 1.62264
-91.5322 -21.2337 294.218 2397.04 -37530.9 -1.39803 105.311 15.271 -294.218 2645.13 10233.4 1.39803
-83.6056 -19.8846 296.59 2299.89 -34066.3 -1.13733 92.655 15.1697 -296.59 2541.94 9620.64 1.13733
-74.0882 -20.3501 295.885 2400.08 -29776.6 -0.843436 79.1508 16.0214 -295.885 2623.55 8524.1 0.843436
-63.3476 -20.4314 296.575 2490.03 -24879.3 -0.519919 64.6965 16.9627 -296.575 2674.69 7121.76 0.519919
-51.2427 -18.7787 301.398 2379.27 -19517.9 -0.171503 48.5039 16.7678 -301.398 2530.13 5684.4 0.171503
-34.0762 -13.1892 305.885 1851.2 -13741.3 0.195396 33.1765 14.6189 -305.885 1989.31 4412.64 -0.195396
-14.4692 -2.42898 311.517 595.918 -7495.96 0.572169 15.1248 7.23677 -311.517 738.99 3386.2 -0.572169
9.92559 13.2433 338.935 -1718.39 86.7145 0.948423 -6.57407 -9.5972 -338.935 -1435.66 2187.37 -0.948423
35.7083 30.166 378.436 -3960.49 8643 1.31274 -31.2169 -26.6143 -378.436 -3881.6 617.46 -1.31274
51.6588 42.6562 347.319 -5652.63 14709.8 1.65384 -49.1369 -40.1445 -347.319 -5783.39 -752.422 -1.65384
63.9107 51.3259 326.391 -6887 20003.1 1.96182 -65.3099 -49.6849 -326.391 -7064.15 -2104.43 -1.96182
70.927 56.4471 338.654 -7638.52 24561.3 2.22818 -77.5919 -55.1237 -338.654 -7771.94 -3977.26 -2.22818
75.4399 55.842 335.6 -7585.26 28007.8 2.4453 -84.2629 -54.9944 -335.6 -7723.89 -5865.24 -2.4453
81.4664 49.644 313.347 -6719.45 30572.3 2.60683 -87.6748 -48.9442 -313.347 -6897.37 -7122.44 -2.60683
87.7945 36.5532 307.447 -5153.7 32734.5 2.70727 -93.4612 -39.9302 -307.447 -5410.08 -7606.73 -2.70727
94.2286 18.3481 313.66 -2834.35 34283.1 2.74075 -97.6659 -25.2081 -313.66 -3181.94 -7679.75 -2.74075
95.6532 -3.01877 311.679 65.0175 34767.6 2.70131 -99.1338 -4.34352 -311.679 -248.491 -7764.1 -2.70131
91.301 -26.5631 305.31 3266.33 34108.4 2.58438 -96.3273 19.0867 -305.31 3037.99 -8096.82 -2.58438
83.4344 -47.7728 307.177 6446.5 32488.5 2.38838 -88.9714 43.6026 -307.177 6173.03 -8581.68 -2.38838
74.3118 -64.8454 309.152 8917.17 30144.6 2.11549 -80.1314 61.9273 -309.152 8591.21 -8723.6 -2.11549
66.2832 -68.8028 304.377 10090.5 27276.1 1.77101 -71.3448 74.9583 -304.377 9763.98 -8187.4 -1.77101
57.4805 -63.9702 299.805 9501.91 23922.1 1.36274 -63.2106 71.4553 -299.805 9200.97 -7184.48 -1.36274
46.4171 -50.3451 301.009 7180.79 19943.9 0.901139 -52.7353 51.741 -301.009 6917.48 -6192.86 -0.901139
32.489 -26.6983 304.605 3689.58 15278.5 0.399411 -38.5703 25.1489 -304.605 3470.31 -5420.37 -0.399411
17.6911 1.03204 308.085 -322.83 10115.9 -0.126895 -22.2963 -4.27207 -308.085 -409.91 -4563.63 0.126895
2.70237 22.7645 317.774 -4124.24 4392.63 -0.660326 -5.91129 -34.2982 -317.774 -3755.85 -3188.93 0.660326
-13.3495 34.0182 342.636 -5984.57 -2445 -1.18186 11.4874 -47.2542 -342.636 -5238.84 -988.087 1.18186
-27.6528 27.9286 352.901 -4552.65 -8636.76 -1.67179 26.4851 -35.8216 -352.901 -4251.41 1137.82 1.67179
-42.6017 8.49306 335.879 -1673.14 -13791 -2.11215 40.8915 -14.9327 -335.879 -1561.8 2222.12 2.11215
-57.1091 -16.1733 333.077 1790.78 -18546.8 -2.48817 55.7635 10.8376 -333.077 1939.99 2905.13 2.48817
-67.3428 -37.8578 340.289 5086.95 -22656.7 -2.78707 67.9891 36.6416 -340.289 5203.11 3896.91 2.78707
-72.2473 -52.9144 332.949 7592.55 -25730 -2.99842 74.5373 57.2228 -332.949 7619.91 5377.11 2.99842
-75.1518 -63.9667 320.977 8857.88 -28061.3 -3.11536 77.3855 64.1899 -320.977 8843.12 6906.44 3.11536
-79.6774 -68.087 319.972 9112.48 -30128.5 -3.13315 80.5085 63.7593 -319.972 9098.22 7909.32 3.13315
-87.6878 -66.8374 322.41 8776.33 -32037.4 -3.04809 84.976 60.3694 -322.41 8793.73 8088.36 3.04809
-96.0746 -64.8864 319.971 8258.3 -33598.2 -2.85935 90.5776 55.1236 -319.971 8317.67 7714.61 2.85935
-102.63 -62.236 318.606 7928.83 -34615.5 -2.57041 93.8735 53.259 -318.606 8023.51 7369.97 2.57041
-102.715 -58.0372 320.66 7750.03 -34941.3 -2.18931 95.5893 54.97 -320.66 7858.78 7445.23 2.18931
-95.4939 -52.9977 319.587 7303.27 -34413 -1.72899 95.0664 53.5403 -319.587 7411.98 7986.92 1.72899
-85.7335 -42.1716 314.221 6141.23 -33030.6 -1.20657 89.6882 47.6598 -314.221 6266.34 8699.35 1.20657
-76.1049 -20.905 309.585 3803.53 -31054.3 -0.642067 82.6779 35.584 -309.585 3998.8 9027.24 0.642067
-66.2785 5.57956 308.393 52.2067 -28617.3 -0.0571892 77.8111 8.13066 -308.393 300.459 8627.47 0.0571892
-55.7774 39.5577 310.041 -4892.95 -25426.1 0.525846 71.9163 -28.8479 -310.041 -4554.46 7710.94 -0.525846
-43.993 77.0447 311.706 -10248 -21148.3 1.08503 60.5064 -67.4979 -311.706 -9715.07 6649.75 -1.08503
-28.7533 111.082 313.84 -15244.8 -15680.7 1.59933 43.7297 -103.651 -313.84 -14412.7 5619.87 -1.59933
-14.8386 132.407 315.709 -18950.9 -9507.33 2.0498 23.6176 -134.234 -315.709 -17876 4164.65 -2.0498
-3.81758 138.826 318.916 -20423 -3074.03 2.42057 5.00696 -148.404 -318.916 -19247.7 1844.48 -2.42057
5.45651 126.276 330.65 -18879.7 3751.75 2.69929 -12.1255 -139.388 -330.65 -17813.1 -1312.44 -2.69929
20.5856 91.5323 335.65 -13836.1 10448.5 2.87814 -28.5013 -104.724 -335.65 -13270.2 -3636.78 -2.87814
38.8949 35.0879 333.442 -5769.55 16666.1 2.95556 -45.1143 -49.4909 -333.442 -5912.09 -5012.76 -2.95556
55.4028 -34.2817 342.683 3961.96 22167.7 2.93649 -63.5421 20.8409 -342.683 3651.24 -5670.62 -2.93649
72.106 -100.408 345.087 13319.9 26757.2 2.829 -77.97 89.5082 -345.087 12911.9 -5945.46 -2.829
83.004 -155.781 333.303 21133.4 30046.9 2.64132 -86.0549 145.24 -333.303 20444.7 -6604.84 -2.64132
89.8821 -191.574 322.606 26426.1 32424.9 2.38225 -91.2731 183.617 -322.606 25396.8 -7306.42 -2.38225
95.3251 -208.389 313.302 29146.3 34131.4 2.06152 -94.2154 204.891 -313.302 27937.3 -7851.62 -2.06152
100.237 -206.902 301.022 28979.4 35415.5 1.68945 -97.8576 204.51 -301.022 27844.4 -7955.06 -1.68945
104.36 -183.859 292.802 25771.9 36313.6 1.2776 -102.75 182.578 -292.802 24838.6 -7609.99 -1.2776
107.376 -141.605 292.331 19851 36532.2 0.837872 -103.933 141.22 -292.331 19211.1 -7249.43 -0.837872
108.631 -85.2486 296.495 11880.5 35978 0.381551 -100.44 84.7828 -296.495 11603 -7004.86 -0.381551
106.401 -17.9965 304.555 2497.7 34867.9 -0.0796879 -96.1797 18.329 -304.555 2519.31 -6791.77 0.0796879
105.244 52.2671 323.205 -7069.09 33513.1 -0.533631 -93.0657 -49.8188 -323.205 -7031.01 -6025.42 0.533631
103.266 113.646 328.841 -15578 31618.8 -0.968339 -87.653 -109.926 -328.841 -15302.7 -5156.91 0.968339
97.0685 163.312 323.237 -22413.1 29110.4 -1.3716 -78.9383 -157.255 -323.237 -21864.5 -4716.98 1.3716
88.3234 196.292 322.706 -26941.9 26525.5 -1.73132 -69.9901 -187.427 -322.706 -26059 -4582.82 1.73132
77.3521 212.973 326.926 -29279.9 23960 -2.03751 -62.8238 -202.906 -326.926 -28163.9 -4528.02 2.03751
63.6397 212.043 321.926 -29258.8 21230.8 -2.28225 -55.6931 -203.177 -321.926 -28093 -4685.38 2.28225
50.4554 194.519 314.361 -26919.9 18311.7 -2.45865 -45.2622 -187.205 -314.361 -25804 -5036.3 2.45865
37.4711 163.608 311.73 -22530.1 15395.8 -2.56152 -35.5871 -155.499 -311.73 -21544.3 -5257.64 2.56152
25.5458 120.531 311.604 -16511.9 12568.8 -2.58806 -27.9401 -112.97 -311.604 -15738 -5141.83 2.58806
14.5177 69.6887 310.221 -9407.33 9668.74 -2.53803 -20.1396 -63.102 -310.221 -8932.13 -4851.33 2.53803
4.15922 12.9016 318.08 -1364.49 6565.61 -2.41351 -10.5044 -6.44855 -318.08 -1307.77 -4518.66 2.41351
-6.99446 -45.4406 345.62 7104.07 2600.2 -2.21778 -0.606045 51.7191 -345.62 6314.15 -3470.57 2.21778
-18.7051 -81.2496 340.914 12157.6 -1896.29 -1.95515 10.3427 87.245 -340.914 11114.1 -2116 1.95515
-30.467 -101.712 315.504 14795.1 -6303.96 -1.63281 23.8636 106.209 -315.504 13921.4 -1211.18 1.63281
-42.0452 -110.996 313.594 15729.1 -10383.8 -1.26094 36.3064 111.587 -313.594 15012.9 -459.996 1.26094
-48.9008 -109.231 321.265 15158.5 -13949.5 -0.851318 46.2729 106.681 -321.265 14662.9 770.072 0.851318
-51.6289 -94.7991 314.555 13311.1 -16678.5 -0.417394 51.4337 95.4632 -314.555 12967.1 2399.58 0.417394
-55.2802 -71.4033 306.759 10176.4 -19031.7 0.0268843 53.8813 75.2479 -306.759 10078 3902.47 -0.0268843
-59.7824 -41.8186 314.193 6048.54 -21295.6 0.469589 58.2479 46.5371 -314.193 6154.66 4931.96 -0.469589
-63.8067 -1.28602 322.794 768.802 -23308.2 0.900845 64.6198 11.7036 -322.794 1025.49 5500.31 -0.900845
-65.1026 43.3218 328.059 -5179.42 -24602.5 1.31086 69.3949 -29.0406 -328.059 -4814.89 5950.1 -1.31086
-62.0246 86.2255 331.718 -11306.3 -24870.4 1.6889 67.9568 -73.1884 -331.718 -10712.1 6837.59 -1.6889
-52.8617 126.745 335.689 -17114.5 -24098.4 2.02353 62.1542 -114.45 -335.689 -16200.6 8129.94 -2.02353
-41.1811 158.818 335.437 -21835.2 -22677.9 2.30385 56.6278 -148.978 -335.437 -20679.5 9087.31 -2.30385
-33.1791 180.597 329.918 -25023.5 -20723.3 2.52116 49.1195 -171.72 -329.918 -23640.6 9280.92 -2.52116
-27.5022 187.2 324.368 -26311 -18336.5 2.66904 41.2416 -183.211 -324.368 -24851.6 8775 -2.66904
-22.5254 179.175 317.827 -25361.4 -15580.1 2.74272 34.6235 -177.714 -317.827 -23932.5 7631.43 -2.74272
-18.1479 157.264 310.343 -22141.5 -12389.7 2.73901 26.3831 -154.021 -310.343 -20852 6196.59 -2.73901
-12.5402 120.668 305.058 -17067.9 -8806.12 2.65599 16.4659 -118.563 -305.058 -15972.6 4770.3 -2.65599
-7.42759 73.5879 304.339 -10636.3 -5024.79 2.49288 4.99038 -74.3161 -304.339 -9789.61 3292.79 -2.49288
3.59135 14.3666 322.917 -2342.57 -838.268 2.24996 -1.22895 -17.3338 -322.917 -2034.76 1499.5 -2.24996
17.0913 -56.6168 372.439 7969.98 4546.43 1.92941 -12.6716 53.3154 -372.439 7213.06 -425.75 -1.92941
32.3022 -102.159 342.791 14318.4 8998.9 1.53905 -25.3843 98.041 -342.791 13333.7 -1009.05 -1.53905
46.6282 -138.512 305.689 19265.9 13087.8 1.09267 -37.5369 133.489 -305.689 18301.5 -1432.17 -1.09267
55.1603 -161.228 313.286 22565 16974.5 0.605052 -48.2487 157.807 -313.286 21499.9 -2647.4 -0.605052
60.9812 -169.656 321.866 23728.5 20381.7 0.0913515 -53.3045 166.313 -321.866 22676.8 -4537.57 -0.0913515
62.0243 -162.798 305.009 22508.1 23346.5 -0.431397 -60.3906 156.482 -305.009 21590.1 -6371.38 0.431397
62.5198 -144.853 297.692 19613.3 26033.7 -0.945943 -67.5672 133.591 -297.692 18843.8 -7990.57 0.945943
68.1704 -117.316 308.129 15603.2 28522.5 -1.4356 -71.4711 104.789 -308.129 15073.5 -9148.13 1.4356
72.8545 -85.0695 316.267 11006.6 30590.5 -1.88405 -77.973 71.6958 -316.267 10645.7 -9662.23 1.88405
78.3955 -52.6517 312.864 6387.91 32034.6 -2.27562 -83.1293 38.6209 -312.864 6218.31 -9626.42 2.27562
80.9148 -19.6815 315.819 2153.1 32743.3 -2.59565 -86.7019 11.3446 -315.819 2132.06 -9491.32 2.59565
78.4821 6.91376 323.157 -1360.51 32497.2 -2.83114 -87.5295 -12.9724 -323.157 -1386.46 -9465.08 2.83114
73.3868 31.8447 322.382 -4450.15 31161 -2.97193 -83.2533 -32.2392 -322.382 -4401.41 -9427.11 2.97193
66.1151 57.7089 318.683 -7297.61 28939.2 -3.01134 -77.0631 -46.5104 -318.683 -7097.29 -9072.48 3.01134
57.7418 71.5796 318.065 -9926.78 26039.2 -2.94668 -70.9545 -69.9996 -318.065 -9628.24 -8182.51 2.94668
48.098 82.8262 314.662 -11868.6 22286.4 -2.7792 -62.957 -86.1418 -314.662 -11469 -6879.92 2.7792
37.4489 89.1181 308.135 -12519.4 17585.5 -2.51347 -50.588 -88.6014 -308.135 -12026.2 -5374.85 2.51347
28.6551 81.4164 301.54 -11707 12247 -2.1575 -33.9161 -84.3355 -301.54 -11184.8 -3571.72 2.1575
17.8399 67.8045 303.682 -9695.82 6467.48 -1.72278 -19.8265 -68.4406 -303.682 -9119.97 -1250.17 1.72278
5.06772 45.6884 327.225 -6501.57 -462.774 -1.22379 -4.67042 -43.1999 -327.225 -5773.49 1803.66 1.22379
-15.739 6.92841 370.454 -884.437 -8133.73 -0.679335 15.6692 -4.95038 -370.454 -755.992 3768.73 0.679335
-37.5105 -25.9957 345.494 3812.77 -14392.1 -0.113522 35.7827 29.3645 -345.494 3833.67 4223.9 0.113522
-57.692 -51.229 321.568 7372.47 -20080.6 0.449176 52.7048 55.3406 -321.568 7346.71 4773.48 -0.449176
-74.2084 -68.3036 335.83 9778.85 -25511.3 0.988144 65.7445 72.8764 -335.83 9721.75 6099.9 -0.988144
-88.643 -75.6135 343.36 10830.9 -30600.3 1.484 77.9445 80.7632 -343.36 10769.5 7489.24 -1.484
-102.819 -73.9781 328.678 10450.2 -35433.8 1.91885 92.0566 77.3262 -328.678 10448.9 8404.3 -1.91885
-117.835 -63.6369 324.993 8873.08 -40178.3 2.27997 106.948 65.8199 -324.993 9008.29 9004.76 -2.27997
-129.953 -45.5623 335.609 6317.05 -44530.7 2.55896 121.904 48.2285 -335.609 6638.47 9598.99 -2.55896
-136.425 -21.39 337.032 3089.68 -47889 2.74981 134.423 26.351 -337.032 3505.13 10321.8 -2.74981
-138.519 6.24817 329.808 -594.362 -49960.9 2.84966 140.949 0.571952 -329.808 -189.371 11198.7 -2.84966
-135.501 33.7328 326.477 -4516.17 -50731.2 2.8592 143.17 -29.0766 -326.477 -4159.32 12076 -2.8592
-131.189 58.262 325.844 -8255.78 -50316.3 2.78232 141.201 -58.3869 -325.844 -7856.49 12528.8 -2.78232
-127.942 76.4157 318.46 -11153.9 -48798.9 2.62562 135.669 -81.446 -318.46 -10650.5 12232.9 -2.62562
-123.351 80.7196 307.283 -12255.3 -46309.5 2.39797 129.928 -92.8335 -307.283 -11715.6 11185.6 -2.39797
-117.665 76.5593 300.132 -11237.2 -42850.2 2.11002 121.249 -82.7137 -300.132 -10760.8 9726.33 -2.11002
-109.704 59.2541 297.042 -8444.95 -38417.9 1.77359 108.343 -60.7269 -297.042 -8125.89 8192.43 -1.77359
-97.6717 33.2014 294.462 -4568.35 -33146 1.40124 93.0816 -31.9458 -294.462 -4429.06 6707.81 -1.40124
-85.9142 4.6663 293.574 -424.093 -27365 1.00613 74.3938 -0.501882 -293.574 -289.53 5149.99 -1.00613
-75.1378 -26.4572 296.39 3705.12 -21555.6 0.601816 57.3512 28.0822 -296.39 3827.12 3200.86 -0.601816
-60.1942 -51.625 299.842 7231.82 -15754.5 0.201601 45.1849 53.1905 -299.842 7243.8 1162.36 -0.201601
-41.7933 -70.0633 304.267 10002.9 -9403.83 -0.182523 26.7022 72.0513 -304.267 9623.89 -77.0535 0.182523
-18.1918 -79.4458 314.9 11527.3 -2427.96 -0.540525 4.58439 81.5839 -314.9 10711.9 -722.694 0.540525
11.5624 -75.8459 330.016 11103.4 4687.43 -0.863599 -13.9829 79.1722 -330.016 10306.1 -1148.4 0.863599
35.2516 -59.2541 326.313 8551.88 11026.1 -1.1445 -34.7855 62.2252 -326.313 8225.5 -1327.13 1.1445
49.8196 -33.8759 322.982 4722.33 16206.4 -1.3794 -52.2494 34.7296 -322.982 4752.48 -2068.78 1.3794
60.7432 -1.62926 332.273 258.772 20397.4 -1.56699 -61.903 1.94092 -332.273 234.11 -3401.68 1.56699
69.8114 29.7124 337.579 -4086.53 23951.5 -1.706 -71.5266 -29.8387 -337.579 -4138.87 -4360.34 1.706
75.3893 55.3149 330.647 -7710.17 26808.3 -1.7959 -82.5205 -55.9013 -330.647 -7651.35 -4920.09 1.7959
81.9193 73.829 326.194 -10255.1 28860.2 -1.83792 -87.6165 -73.8346 -326.194 -10140.7 -5360.44 1.83792
86.3642 84.5064 326.88 -11636.4 30123.6 -1.83347 -90.539 -83.0456 -326.88 -11506.6 -5601.93 1.83347
86.7372 85.9767 324.807 -11782.8 30535.1 -1.78386 -93.1617 -83.805 -324.807 -11668 -5599.21 1.78386
86.0313 79.1029 319.113 -10745.7 29965.2 -1.69118 -90.2002 -75.9176 -319.113 -10665.9 -5539.24 1.69118
84.0881 64.036 315.843 -8702.37 28598.8 -1.55778 -83.5491 -61.8502 -315.843 -8684.84 -5364.89 1.55778
77.7591 41.8995 314.482 -5777.73 26652 -1.38631 -78.9152 -42.4053 -314.482 -5866.11 -4938.95 1.38631
69.6561 14.3928 312.224 -2066.05 24033.2 -1.18054 -71.4934 -16.8222 -312.224 -2245.25 -4473.09 1.18054
59.5899 -17.2328 310.909 2067.01 20698.6 -0.945121 -60.6932 11.8628 -310.909 1951.2 -4030.44 0.945121
45.6655 -48.1732 310.296 6319.07 16706.3 -0.68489 -49.0549 41.7656 -310.296 6102.18 -3579.87 0.68489
28.8765 -73.686 309.982 10221.3 11957.9 -0.405175 -33.5533 70.2293 -309.982 9654.67 -3303.31 0.405175
11.2444 -91.5165 309.414 13070.8 6703.51 -0.112606 -16.3396 91.4396 -309.414 12197.1 -2874.62 0.112606
-5.2209 -99.4082 311.225 14385.3 1183.33 0.184561 -0.0751453 101.54 -311.225 13367.6 -1888.78 -0.184561
-21.232 -94.9056 320.223 13845.4 -4614.58 0.476719 15.1111 99.3191 -320.223 12979.3 -414.659 -0.476719
-38.5779 -79.0811 327.177 11387.2 -10356.4 0.754146 31.8101 82.8088 -327.177 10972 609.363 -0.754146
-54.8818 -57.2153 327.59 7758.69 -15659.9 1.00878 48.7126 55.3975 -327.59 7794.62 1311.41 -1.00878
-67.8967 -32.3969 330.546 3973.48 -20391.7 1.23446 63.8351 26.6909 -330.546 4187.3 2141.6 -1.23446
-76.5662 -9.27415 334.325 684.627 -24439.3 1.42551 76.9526 2.13635 -334.325 891.396 3165.2 -1.42551
-81.9792 6.48086 334.078 -1441.19 -27607.7 1.57658 86.311 -13.2725 -334.078 -1287.11 4281.43 -1.57658
-84.95 16.3413 329.805 -2546.26 -29833.7 1.68424 91.4914 -19.4946 -329.805 -2403.38 5373.52 -1.68424
-88.653 22.3314 327.18 -3018.1 -31314.4 1.747 93.3895 -20.2683 -327.18 -2865.78 6075.39 -1.747
-91.3989 26.6579 326.059 -3402.49 -32175.8 1.76433 96.3537 -21.5014 -326.059 -3249.28 6145.89 -1.76433
-91.6708 31.1546 323.128 -4035.03 -32199.9 1.73691 98.2639 -26.0965 -323.128 -3872.44 5870.15 -1.73691
-88.0865 36.1641 318.958 -4899.7 -31079.9 1.66622 94.7104 -33.3804 -318.958 -4705.59 5740.69 -1.66622
-79.8877 36.2147 314.762 -5508.88 -28827.7 1.55345 85.9801 -41.9391 -314.762 -5285.34 5833.81 -1.55345
-68.6205 33.0583 309.5 -5189.12 -25713 1.40017 74.7997 -40.4579 -309.5 -4964.35 5829.18 -1.40017
-56.3791 22.7725 303.801 -3603.84 -22007 1.20942 63.0421 -28.134 -303.801 -3426.75 5449.69 -1.20942
-43.9771 5.12165 300.133 -955.303 -17827.1 0.985199 50.825 -7.81402 -300.133 -831.102 4683.28 -0.985199
-33.0645 -15.9563 301.566 2314.37 -13220.2 0.732013 36.5137 17.9525 -301.566 2368.5 3574 -0.732013
-20.8325 -30.4832 303.536 5226.55 -8109.96 0.455139 21.7899 43.9864 -303.536 5057.54 2201.84 -0.455139
-5.7265 -38.964 310.956 6652.52 -2071.67 0.160917 3.39005 53.3052 -310.956 6089.35 806.179 -0.160917
13.2397 -31.236 334.024 5418.95 4737.4 -0.142666 -16.7071 43.6475 -334.024 4922.19 -592.118 0.142666
33.1324 -7.26746 335.409 1632.47 10616.2 -0.445347 -33.4929 15.9435 -335.409 1572.91 -1389.56 0.445347
50.6443 21.9156 326.528 -2592.25 15441.1 -0.736229 -47.7322 -16.4683 -326.528 -2708.95 -1815.7 0.736229
67.4846 42.9165 333.26 -6309.92 19954.1 -1.00575 -61.331 -48.9259 -333.26 -6375.22 -2110.11 1.00575
80.2355 63.0847 338.087 -8947.6 23944.5 -1.24468 -73.3386 -66.4635 -338.087 -8946.1 -2667.12 1.24468
91.0672 78.7135 332.659 -10467.3 27347.4 -1.44371 -81.7269 -72.4887 -332.659 -10417.4 -3405.06 1.44371
99.2297 83.7912 331.476 -11307.6 30388.1 -1.59489 -90.3626 -79.4185 -331.476 -11235.8 -4115.49 1.59489
105.896 88.3765 335.208 -11618.6 33043.6 -1.6919 -98.4818 -79.3509 -335.208 -11549.2 -4718.58 1.6919
110.909 90.527 334.26 -11586.6 35082.4 -1.72992 -104.304 -76.799 -334.26 -11525.7 -5254.06 1.72992
113.048 90.3168 329.835 -11523.5 36407.6 -1.70653 -108.096 -76.0965 -329.835 -11462.5 -5756.52 1.70653
113.344 88.9347 327.144 -11504 37017.6 -1.6219 -108.851 -77.1491 -327.144 -11436.4 -6219.55 1.6219
111.694 86.8193 324.438 -11339.2 36917.4 -1.47821 -107.286 -76.8785 -324.438 -11271.5 -6563.84 1.47821
108.854 82.3924 319.342 -10806.4 36143.1 -1.27993 -103.442 -73.687 -319.342 -10751.7 -6716.32 1.27993
107.269 72.8247 314.492 -9735.82 34874.5 -1.03432 -96.7091 -68.0258 -314.492 -9718.48 -6602.1 1.03432
102.426 58.5325 311.483 -7955.18 33256.6 -0.751194 -92.2932 -57.0358 -311.483 -8006.91 -6269.15 0.751194
94.3814 37.7543 308.904 -5310.57 31149.4 -0.442419 -86.5346 -40.1572 -308.904 -5450.29 -6075.23 0.442419
84.3869 11.8814 306.579 -1831.29 28452.1 -0.121185 -76.0655 -16.1723 -306.579 -2043.42 -6211.59 0.121185
71.3079 -17.289 306.268 2114.11 25351.3 0.198882 -65.3872 12.0657 -306.268 1940.09 -6399.62 -0.198882
58.0176 -47.7724 306.819 6364.86 21980.9 0.504201 -54.3905 41.9496 -306.819 6026.73 -6391.81 -0.504201
46.4361 -72.1392 304.72 10047.1 18389.6 0.781512 -41.4601 69.3982 -304.72 9500.82 -6195.61 -0.781512
34.6799 -89.4547 303.757 12682.5 14765.5 1.01859 -30.3318 89.0113 -303.757 11965.6 -5741.99 -1.01859
22.6916 -96.4544 302.422 13816.3 11122.8 1.20517 -20.066 97.4339 -302.422 12961.7 -5182.93 -1.20517
11.1716 -90.7947 300.993 13291.2 7491.51 1.33372 -9.48675 95.1877 -300.993 12394.4 -4613.73 -1.33372
-0.842973 -74.3035 302.528 11146.2 3793.36 1.3998 1.76695 80.6939 -302.528 10259.6 -4138.59 -1.3998
-12.9076 -47.1555 309.523 7434.22 24.2334 1.402 12.7979 54.9714 -309.523 6669.15 -3568.29 -1.402
-25.7313 -7.4743 338.336 1363.15 -4330.06 1.34136 24.527 11.7085 -338.336 1285.87 -2614.33 -1.34136
-31.1903 36.2262 347.575 -5157.79 -7399.22 1.22268 28.9704 -35.9764 -347.575 -4813.7 -923.84 -1.22268
-38.5342 66.8428 335.55 -9512 -10008.9 1.05673 35.1154 -66.9456 -335.55 -8965.9 -185.684 -1.05673
-48.8871 85.8001 331.743 -12401.1 -12681 0.857617 43.1098 -89.6132 -331.743 -11826.4 -55.0701 -0.857617
-55.8234 91.6771 333.058 -13555.8 -14977.8 0.63863 49.264 -100.293 -333.058 -12959 426.062 -0.63863
-58.0847 86.8193 328.1 -12742 -16663.2 0.413074 51.2773 -93.8978 -328.1 -12218.2 1514.45 -0.413074
-58.374 66.9274 322.553 -9896.26 -18030.1 0.194374 50.7568 -74.1038 -322.553 -9582.2 2907.32 -0.194374
-55.8162 34.0406 326.371 -5445.65 -19245.1 -0.00665206 52.0698 -43.7219 -326.371 -5294.3 4287.23 0.00665206
-51.9074 -6.2894 330.962 402.258 -20198.7 -0.182044 54.7802 -0.0538694 -330.962 459.133 5400.1 0.182044
-49.0484 -48.6732 331.319 6496.24 -20588.4 -0.325807 54.7192 44.3643 -331.319 6354.21 6189.43 0.325807
-42.0078 -85.2965 323.236 11780 -20163.1 -0.434209 52.2569 82.1791 -323.236 11351.9 7076.64 0.434209
-34.3068 -109.166 315.134 15710.7 -19062.7 -0.506121 45.7493 113.414 -315.134 15031.9 7940.62 0.506121
-29.3727 -116.214 305.443 17368.3 -17671.4 -0.542578 38.3099 129.807 -305.443 16611.3 8262.76 0.542578
-25.2645 -112.898 295.993 16425.7 -16175.7 -0.546093 34.6862 119.918 -295.993 15729 7841.53 0.546093
-24.0881 -92.147 292.52 13280.8 -14538.1 -0.52033 30.3346 96.1704 -292.52 12727.5 6974.21 0.52033
-22.2996 -58.0128 296.13 8496.59 -12679.4 -0.470055 25.4014 62.7503 -296.13 8181.51 6050.48 0.470055
-18.9435 -18.3636 303.655 2443.71 -10600.4 -0.401015 19.807 17.1715 -303.655 2463.77 5214.8 0.401015
-16.6493 25.964 319.895 -4134.74 -8237.52 -0.319632 12.6713 -31.3044 -319.895 -3774.08 4161.34 0.319632
-13.5678 62.5495 329.537 -9297.1 -5537.69 -0.232487 5.78122 -66.2978 -329.537 -8497.79 2847.01 0.232487
-10.4052 84.0216 326.067 -12402.9 -2934.65 -0.146013 -0.920678 -88.4696 -326.067 -11420 1614.82 0.146013
-6.76745 96.7109 322.854 -13889.4 -678.161 -0.066312 -6.17071 -96.7566 -322.854 -12830.7 592.804 0.066312
-2.25587 99.699 326.571 -14161.1 1145.47 0.00161771 -9.58239 -97.7648 -326.571 -13111.3 -131.227 -0.00161771
0.161667 94.9387 326.045 -13395.4 2491.75 0.0542082 -13.7314 -92.0097 -326.045 -12424.4 -566.965 -0.0542082
1.6534 85.7609 321.275 -11849.3 3174.8 0.0888743 -14.4557 -79.5995 -321.275 -10988.4 -941.988 -0.0888743
0.964702 72.2624 320.661 -9865.25 3236.38 0.104364 -12.8834 -65.191 -320.661 -9117.78 -1315.22 -0.104364
-1.05903 55.9005 321.64 -7631.14 2788.08 0.101373 -10.0043 -49.9271 -321.64 -6983.67 -1544.84 -0.101373
-1.32522 37.1584 320.256 -5089.98 1983.24 0.0821942 -5.37162 -33.0077 -320.256 -4599.41 -1418.76 -0.0821942
-1.68894 15.0946 321.855 -1963.71 915.714 0.0500586 -2.59887 -11.7691 -321.855 -1745.81 -787.568 -0.0500586
-2.5288 -8.93916 322.879 1512.11 -355.191 0.00885768 0.377515 11.3385 -322.879 1287.87 -47.347 -0.00885768
-4.6603 -28.8307 320.653 4249.64 -1824.63 -0.0370044 6.36747 29.3368 -320.653 3782.69 297.159 0.0370044
-7.43156 -44.3266 320 6203.49 -3094.25 -0.0831624 11.6219 41.6517 -320 5669.8 455.494 0.0831624
-10.4407 -57.0298 318.745 7799.66 -3956.13 -0.125666 13.2558 51.6804 -318.745 7213.34 673.716 0.125666
-11.5574 -67.1106 317.024 9203.1 -4532.36 -0.160684 15.2988 61.5327 -317.024 8563.07 811.868 0.160684
-12.7866 -75.0825 315.994 10316.2 -4889.78 -0.18469 16.679 69.4049 -315.994 9638.41 807.978 0.18469
-14.4306 -78.5099 314.371 10931.3 -5029.01 -0.195069 16.9422 74.742 -314.371 10233.8 683.703 0.195069
-16.8523 -76.3765 312.719 10776.7 -5045.44 -0.190053 16.6522 74.8112 -312.719 10103.2 406.357 0.190053
-19.1534 -68.3279 312.395 9658.37 -5030.25 -0.168456 17.1786 67.2749 -312.395 9068.84 1.74194 0.168456
-19.3791 -52.6853 314.408 7504.95 -4916.44 -0.129826 18.4558 52.7487 -314.408 7055.42 -318.439 0.129826
-18.6827 -28.8131 318.757 4187.85 -4616.86 -0.07466 17.0951 30.224 -318.757 3964.73 -332.755 0.07466
-14.4781 2.48797 326.79 -431.2 -3975.03 -0.00454538 14.9976 -3.14024 -326.79 -345.941 -103.118 0.00454538
-6.62861 31.7287 326.573 -4847.73 -2757.43 0.0774609 12.0342 -34.49 -326.573 -4296.58 174.093 -0.0774609
-0.993995 50.9183 327.91 -7593.82 -1425.06 0.166874 8.20084 -53.4482 -327.91 -6819.21 151.776 -0.166874
2.8735 60.2706 324.714 -8917.67 87.1778 0.259038 3.28206 -62.9096 -324.714 -8093.86 -143.491 -0.259038
8.22507 60.487 321.221 -8915.81 1848.14 0.350011 -0.92171 -63.0485 -321.221 -8144.73 -580.609 -0.350011
13.8051 53.4268 323.253 -7684.29 3909.04 0.435901 -7.21976 -53.6268 -323.253 -7099.96 -996.333 -0.435901
18.7405 38.3124 325.399 -5381.16 6094.15 0.512851 -14.881 -37.5532 -325.399 -5095.84 -1436.58 -0.512851
22.4025 18.3516 326.203 -2400.19 8020.37 0.578129 -20.7777 -16.4116 -326.203 -2400.56 -2037.27 -0.578129
24.8777 -2.21571 325.54 558.804 9552.8 0.630186 -25.1034 5.21296 -325.54 467.027 -2625.36 -0.630186
25.3582 -18.7561 322.896 2830.08 10729.6 0.66794 -30.2103 21.111 -322.896 2675.61 -3026.55 -0.66794
25.6708 -30.4003 319.159 4310.29 11454.8 0.690531 -32.4798 30.4022 -319.159 4086.74 -3392.46 -0.690531
26.9327 -36.1877 315.917 5061.58 11769.5 0.697253 -31.7082 35.2282 -315.917 4801.26 -3638.23 -0.697253
28.1427 -37.5074 313.69 5192.65 11859.1 0.687176 -32.1311 35.8772 -313.69 4942.02 -3502.61 -0.687176
29.7796 -35.3065 311.977 4777.74 11730.2 0.658804 -32.9061 32.3975 -311.977 4572.3 -3042.2 -0.658804
30.0702 -28.708 310.842 3891.26 11237.4 0.610379 -32.4787 26.6197 -310.842 3749.43 -2570.83 -0.610379
27.5714 -17.043 310.803 2492.34 10304.6 0.540571 -30.3669 18.3828 -310.803 2399.78 -2277.88 -0.540571
23.2963 -1.26226 312.28 442.613 8959.42 0.448956 -26.3309 4.65924 -312.28 375.044 -2084.33 -0.448956
18.5821 21.0258 315.774 -2351.31 7256.47 0.336091 -21.3953 -12.7581 -315.774 -2314.05 -1718.65 -0.336091
13.427 44.996 322.386 -5638.61 5138.84 0.203183 -15.9322 -33.8807 -322.386 -5254.12 -1072.74 -0.203183
7.95021 66.6097 329.135 -8909.3 2652.43 0.0521807 -9.79688 -56.8489 -329.135 -8140.91 -196.099 -0.0521807
2.99454 85.5136 332.028 -11653.6 127.654 -0.113352 -3.72437 -76.1072 -332.028 -10667.9 798.777 0.113352
-2.68476 99.4728 330.933 -13697.8 -2304.43 -0.288183 2.3907 -91.2599 -330.933 -12645.1 1595.03 0.288183
-9.58045 108.069 330.596 -14943.3 -4637.36 -0.466246 8.6705 -100.766 -330.596 -13900.1 2101.58 0.466246
-16.6514 108.527 329.299 -15162.7 -6907.07 -0.64059 15.2614 -104.049 -329.299 -14197.6 2478.12 0.64059
-24.0323 100.53 327.968 -14226.7 -8969.33 -0.803553 19.396 -99.2811 -327.968 -13370.4 2943.71 0.803553
-32.3893 80.6695 325.506 -11789.1 -11127.2 -0.947931 23.7155 -85.4882 -325.506 -11159.6 3344.88 0.947931
-38.253 47.2408 326.957 -7603.85 -13376.3 -1.06728 31.6287 -60.6982 -326.957 -7303.69 3684.74 1.06728
-44.4491 4.0548 332.507 -1404.7 -15522.8 -1.15589 37.5295 -15.807 -332.507 -1338.24 4153.17 1.15589
-51.3892 -48.0077 341.013 5860.03 -17504.2 -1.20938 44.1464 36.3328 -341.013 5789.19 4254.55 1.20938
-55.1518 -96.9783 339.324 12789.7 -19012.4 -1.22468 49.6125 84.837 -339.324 12323.6 4482.42 1.22468
-56.472 -136.703 328.339 18714.4 -20117.2 -1.20015 52.31 128.987 -328.339 17984 5029.05 1.20015
-57.2354 -167.203 318.585 23168.5 -21018 -1.13616 54.1746 161.529 -318.585 22237.1 5564.64 1.13616
-58.9201 -182.269 313.124 25623.1 -21876.3 -1.03468 57.4591 181.281 -313.124 24591.3 5734.92 1.03468
-60.3896 -180.67 303.869 25619.4 -22505.6 -0.898605 61.5178 183.174 -303.869 24634.3 5601.56 0.898605
-60.3145 -162.374 294.676 23027.2 -22654.9 -0.732061 63.7196 165.224 -294.676 22218.9 5459.42 0.732061
-57.7939 -127.732 292.469 18148.4 -22199.4 -0.540346 62.8683 131.075 -292.469 17596 5471.62 0.540346
-54.3424 -79.2328 295.379 11313.3 -21253.2 -0.329314 59.6856 83.3831 -295.379 11145.8 5444.14 0.329314
-49.9408 -22.0361 306.388 3144.16 -19834.9 -0.104971 55.7527 24.6631 -306.388 3305.5 5179.48 0.104971
-47.4797 42.3836 323.721 -5764.09 -18049.9 0.127055 53.0128 -39.0182 -323.721 -5478.47 4117.12 -0.127055
-43.4883 98.9452 334.149 -13649.9 -15411.9 0.361815 47.8368 -93.3956 -334.149 -12916.3 2753.5 -0.361815
-34.3441 142.942 330.423 -19868.8 -11761.4 0.594277 36.9298 -136.758 -330.423 -18764 1884.01 -0.594277
-22.9008 172.8 327.487 -24126.6 -7669.8 0.818615 24.1105 -166.791 -327.487 -22778.7 1155.62 -0.818615
-11.7274 188.148 330.872 -26346.3 -3434.13 1.02915 12.306 -182.661 -330.872 -24871.4 106.137 -1.02915
-0.519041 187.105 334.428 -26313.5 958.194 1.2211 1.1726 -183.195 -334.428 -24834.3 -1187.16 -1.2211
12.3704 170.715 330.143 -23937.2 5489.55 1.38971 -11.156 -166.599 -330.143 -22653.6 -2222.65 -1.38971
26.2952 140.364 328.349 -19527.8 10031.6 1.53027 -24.1244 -135.841 -328.349 -18621.9 -3038.04 -1.53027
38.9501 99.4873 334.281 -13585.2 14346.3 1.63942 -36.4118 -94.1621 -334.281 -13161.8 -3894.93 -1.63942
49.3402 50.8614 339.133 -6652.37 18209.7 1.71509 -47.0706 -45.9513 -339.133 -6719.34 -4838.3 -1.71509
58.2833 -2.35649 339.623 521.519 21540.1 1.75521 -56.8969 3.80003 -339.623 328.873 -5565.22 -1.75521
66.7247 -49.7025 335.649 7011.61 24389 1.75678 -67.3397 49.3367 -335.649 6667.91 -5797.62 -1.75678
71.1116 -86.0936 323.753 12048 26401.5 1.71678 -73.7935 84.6946 -323.753 11541.7 -6308.7 -1.71678
73.3892 -113.008 313.716 15661.3 27612.2 1.63331 -74.7855 108.909 -313.716 14989.8 -7065.19 -1.63331
75.7719 -126.633 307.374 17653.1 28438.7 1.50508 -75.959 123.579 -307.374 16905.9 -7399.19 -1.50508
79.2129 -125.083 299.488 17791.3 28979.7 1.33096 -78.7588 127.371 -299.488 17076.5 -7080.04 -1.33096
81.4503 -109.427 291.786 15755.8 29041.9 1.11105 -81.1984 114.528 -291.786 15175.1 -6499.91 -1.11105
79.528 -76.9046 290.925 11489.8 28373.9 0.847369 -80.8339 86.9167 -290.925 11135.5 -6150.56 -0.847369
72.2533 -32.408 295.901 5104.51 26833.7 0.544325 -76.2842 40.5551 -295.901 4972.27 -6245.74 -0.544325
62.6667 22.4428 310.119 -2685.21 24610.4 0.20883 -70.0258 -16.7413 -310.119 -2726.8 -6212.93 -0.20883
54.1336 79.0066 323.794 -10602.4 21706.2 -0.150184 -62.2517 -72.6789 -323.794 -10348.5 -5566.65 0.150184
44.0795 127.104 325.304 -17509.5 17904.7 -0.522149 -51.3405 -121.608 -325.304 -16843.2 -4672.01 0.522149
31.3964 163.211 323.465 -22781.5 13433.9 -0.894836 -39.8217 -158.97 -323.465 -21718.9 -3557.61 0.894836
18.6998 186.068 326.242 -26010.8 8464.09 -1.255 -26.4255 -180.845 -326.242 -24668.5 -2206.45 1.255
5.45442 192.599 330.719 -27014 3049.71 -1.58895 -12.1498 -187.874 -330.719 -25538.7 -609.638 1.58895
-10.2083 181.887 335.868 -25708 -2884.72 -1.88257 2.93025 -179.979 -335.868 -24274.9 1060.91 1.88257
-28.3238 155.334 339.364 -22004 -9058.48 -2.12244 20.9505 -154.959 -339.364 -20855.4 2225.32 2.12244
-45.3154 113.641 341.245 -16090.6 -15066.8 -2.29784 39.1731 -114.376 -341.245 -15403.9 3351.19 2.29784
-57.7493 57.238 347.246 -8307.03 -20508.8 -2.40219 54.3942 -61.6497 -347.246 -8113.87 4953.5 2.40219
-68.3198 -8.07104 355.516 757.747 -25292.4 -2.43304 66.4349 3.03653 -355.516 776.98 6593.39 2.43304
-79.5379 -71.8719 354.425 9768.61 -29580.9 -2.38999 79.893 67.7969 -354.425 9524.6 7457.62 2.38999
-88.9471 -125.505 337.019 17447.4 -33095.2 -2.27345 90.5032 123.323 -337.019 16923.6 8199.26 2.27345
-96.6233 -167.438 323.027 23379.9 -35868.1 -2.08582 97.3997 165.585 -323.027 22619.9 8954.27 2.08582
-103.736 -192.232 315.972 26920 -38118.5 -1.83208 103.925 190.801 -315.972 25986.9 9316.35 1.83208
-109.303 -198.96 304.739 27915.9 -39690.1 -1.5196 109.361 198.449 -304.739 26975.3 9368.69 1.5196
-112.674 -189.002 292.191 26397.3 -40499.1 -1.15851 112.694 187.277 -292.191 25573.5 9255.67 1.15851
-111.549 -163.35 288.916 22647.2 -40475.9 -0.761095 114.415 160.269 -288.916 22049.8 9152.26 0.761095
-106.323 -124.966 290.43 17212.9 -39414.4 -0.340492 112.117 121.92 -290.43 16886 9132.06 0.340492
-98.6182 -78.6297 290.931 10584.6 -37285.4 0.0894121 104.841 74.3085 -290.931 10538.5 9077.72 -0.0894121
-90.2126 -28.5852 296.41 3377.48 -34384.9 0.514323 95.649 22.4573 -296.41 3672.57 8614.02 -0.514323
-82.2184 19.0266 307.912 -3267.35 -30862.7 0.920684 86.1189 -26.2194 -307.912 -2981.56 7519.92 -0.920684
-75.7049 58.4051 315.527 -8902.21 -26698.3 1.29642 74.6434 -67.1043 -315.527 -8432.52 5852.72 -1.29642
-66.365 82.7617 312.365 -12415.5 -21838.1 1.63133 61.1599 -92.7856 -312.365 -11830.2 4162.46 -1.63133
-50.168 91.503 312.443 -13732 -16363.3 1.91745 47.1056 -102.243 -312.443 -13026.9 2882.96 -1.91745
-31.0455 85.3974 313.014 -12743.5 -10367.2 2.14848 29.0095 -93.7445 -313.014 -11997.8 2044.48 -2.14848
-11.0011 66.0829 317.381 -9921.42 -3962.08 2.31845 9.38674 -71.9639 -317.381 -9143.41 1135.15 -2.31845
10.3505 32.8326 348.531 -5143.74 3582.78 2.42144 -11.7378 -38.5147 -348.531 -4709.21 -525.112 -2.42144
29.2519 -14.8835 373.488 1791.01 10400.3 2.45528 -30.4112 10.0276 -373.488 1649.58 -2131.62 -2.45528
42.9306 -52.0992 342.617 7016.43 15424 2.42586 -45.7973 47.1111 -342.617 6686.52 -3125.78 -2.42586
55.0947 -82.9946 322.988 11260.3 19871.6 2.34211 -58.3963 76.5191 -322.988 10771.6 -4140.77 -2.34211
65.5404 -105.812 329.254 14505.8 23868.7 2.21062 -68.4173 99.6309 -329.254 13871 -5295.82 -2.21062
74.9103 -119.835 323.814 16515.3 27232 2.03944 -77.4758 114.313 -323.814 15826.1 -6103.91 -2.03944
84.6081 -123.156 304.849 17090.4 29935.8 1.83638 -84.4004 119.381 -304.849 16408.4 -6509.26 -1.83638
93.6688 -116.761 298.769 16230.1 32171.8 1.60445 -90.1084 113.93 -298.769 15631.9 -6701.39 -1.60445
100.384 -100.614 303.507 14010.8 33892.4 1.34628 -95.114 98.9567 -303.507 13553.3 -6797.18 -1.34628
104.933 -76.5502 302.785 10575.3 34934.1 1.06661 -97.2945 74.097 -302.785 10231.4 -6906.79 -1.06661
107.699 -48.6117 301.857 6386.9 35429.4 0.769545 -97.5304 42.7057 -301.857 6225.3 -6986.62 -0.769545
108.18 -17.0669 311.043 2007.97 35527.8 0.458475 -97.4095 11.542 -311.043 1943.34 -7031.51 -0.458475
107.05 12.2423 319.298 -2016.04 35155.3 0.137268 -96.1312 -17.9165 -319.298 -2149.62 -6989.85 -0.137268
105.266 38.3549 321.054 -5567.37 34269.3 -0.1899 -91.9425 -42.7087 -321.054 -5629.29 -6930.42 0.1899
102.334 59.3257 323.547 -8325.07 33070 -0.517997 -86.5608 -60.8768 -323.547 -8277.58 -6881.76 0.517997
98.6625 74.6956 327.851 -10257.9 31771.2 -0.840904 -81.7207 -72.944 -327.851 -10134.7 -6760.9 0.840904
94.8153 84.4242 329.354 -11510.3 30422 -1.15243 -77.2159 -81.067 -329.354 -11348.1 -6568.85 1.15243
90.0825 89.9911 328.375 -12147.8 29024.5 -1.44659 -72.9365 -84.5551 -328.375 -11961.3 -6420.67 1.44659
84.4824 91.3317 327.091 -12213.8 27588.9 -1.71726 -68.359 -84.0584 -327.091 -12011.7 -6395.09 1.71726
78.1597 88.0113 324.401 -11735.3 26133.9 -1.95827 -63.8084 -80.4202 -324.401 -11528.9 -6446.45 1.95827
72.0554 81.5523 319.785 -10761 24699 -2.16354 -59.4362 -72.8756 -319.785 -10568.6 -6463.55 2.16354
66.7201 72.4714 315.082 -9408.23 23324.3 -2.32731 -55.6584 -62.5962 -315.082 -9247.01 -6352.62 2.32731
61.6333 61.5819 311.295 -7851.87 21981.3 -2.4447 -52.8166 -51.2084 -311.295 -7726.19 -6109.7 2.4447
57.3201 50.2474 308.191 -6240.24 20595.8 -2.51188 -49.424 -39.5412 -308.191 -6160.72 -5793.55 2.51188
53.5872 39.889 305.784 -4773.88 19152.6 -2.52562 -45.5523 -28.9475 -305.784 -4733.18 -5405.77 2.52562
49.3628 30.846 304.617 -3618.54 17673.3 -2.48308 -42.5477 -21.4897 -304.617 -3609.51 -4930.01 2.48308
45.4272 24.3266 304.874 -2831.67 16130.6 -2.38221 -39.0749 -16.7181 -304.874 -2836.94 -4415.57 2.38221
41.8193 18.636 306.518 -2302.17 14529.6 -2.22228 -35.0927 -14.879 -306.518 -2326.5 -3868.03 2.22228
38.9444 14.2479 309.163 -1843.61 12943.6 -2.0043 -31.1633 -12.7593 -309.163 -1886.23 -3226.99 2.0043
37.4506 11.413 313.586 -1371.6 11463.1 -1.73113 -27.7451 -8.83398 -313.586 -1424.6 -2430.17 1.73113
36.4355 7.85445 318.473 -966.99 10098.4 -1.40742 -25.2847 -6.62232 -318.473 -1032.3 -1550.59 1.40742
34.6447 6.15488 322.321 -715.418 8781.18 -1.0395 -23.1054 -4.66054 -322.321 -778.224 -786.426 1.0395
31.8052 6.10139 324.709 -690.06 7462.75 -0.635398 -19.7178 -4.26796 -324.709 -741.943 -332.098 0.635398
26.856 6.90066 326.772 -880.718 6212.98 -0.205242 -17.3365 -6.04906 -326.772 -907.576 -98.0059 0.205242
20.3269 7.04162 327.035 -1095.88 4995.03 0.238192 -15.5405 -8.72439 -327.035 -1081.27 -32.58 -0.238192
14.9114 5.72379 325.803 -1017.55 3743.36 0.679905 -11.8358 -8.73735 -325.803 -979.359 -43 -0.679905
10.0565 0.0351377 324.486 -384.625 2503.1 1.10413 -8.71602 -5.52974 -324.486 -383.775 93.2375 -1.10413
4.65297 -10.0887 322.642 980.17 1185.02 1.49557 -6.54302 3.04431 -322.642 833.346 362.106 -1.49557
0.0701674 -23.5435 321.213 2923.2 -277.092 1.84004 -2.17741 16.3707 -321.213 2588.51 585.327 -1.84004
-5.29738 -38.856 321.917 4999.54 -1879.99 2.12533 3.25785 30.2414 -321.917 4542.43 693.082 -2.12533
-10.9748 -52.7878 320.31 6995.24 -3389.07 2.34219 7.48621 44.8522 -320.31 6488.94 830.671 -2.34219
-15.1908 -65.2287 317.242 8811.42 -4775.95 2.48448 11.9638 58.4601 -317.242 8270.67 1013.38 -2.48448
-18.5543 -76.5587 315.469 10326.8 -6061.5 2.54885 16.1029 68.9142 -315.469 9764.24 1259.14 -2.54885
-21.6771 -84.499 314.386 11453.4 -7226.15 2.53456 19.3507 77.1842 -314.386 10876.7 1540.47 -2.53456
-24.4197 -88.7729 312.801 12066 -8278.31 2.44306 22.3531 81.8817 -312.801 11503.3 1796.07 -2.44306
-26.7922 -89.2993 311.877 12088.1 -9220.5 2.27796 25.3584 82.0106 -311.877 11571.8 1992.87 -2.27796
-28.1742 -85.336 312.453 11522.2 -9985.25 2.04544 27.9585 78.3015 -312.453 11078.1 2205.38 -2.04544
-28.3598 -76.5621 313.673 10380.6 -10469.2 1.75438 29.0704 71.2083 -313.673 10028.2 2508.42 -1.75438
-27.2276 -63.606 315.093 8646.47 -10626.3 1.41567 28.6905 59.8767 -315.093 8407.77 2873.3 -1.41567
-25.0645 -45.5132 316.583 6259.88 -10514.1 1.04165 27.7466 44.3478 -316.583 6150.66 3190.02 -1.04165
-22.0327 -21.8445 319.272 3094.72 -10158.9 0.645726 26.7702 23.4382 -319.272 3159.16 3389.14 -0.645726
-18.9066 7.09611 324.244 -792.162 -9439.58 0.241747 24.4245 -3.21864 -324.244 -632.12 3427.16 -0.241747
-15.5898 36.5207 328.594 -4962.02 -8251.26 -0.156269 20.913 -32.5186 -328.594 -4572.42 3184.94 0.156269
-9.36211 62.0203 330.485 -8634.51 -6493.02 -0.534236 16.1212 -57.9234 -330.485 -7930.62 2952.78 0.534236
-1.67875 79.5675 328.125 -11349.1 -4334.68 -0.878868 9.692 -78.205 -328.125 -10440.9 2748.91 0.878868
6.0015 89.045 324.029 -12819.3 -1890.57 -1.17912 2.16241 -89.3483 -324.029 -11818.7 2411.72 1.17912
12.5441 88.0154 321.233 -12816.7 763.093 -1.42653 -5.4303 -90.4549 -321.233 -11831.7 1717.32 1.42653
17.4667 75.9385 319.446 -11158.3 3574.23 -1.61444 -13.5879 -79.8866 -319.446 -10362.2 720.147 1.61444
21.6488 53.7287 320.149 -7865.29 6336.02 -1.73821 -20.9868 -57.0848 -320.149 -7438.44 -434.667 1.73821
24.1472 20.7831 324.377 -3173.37 8704.98 -1.79644 -26.5747 -25.0042 -324.377 -3149.87 -1679.28 1.79644
25.398 -17.9823 328.59 2263.37 10461.1 -1.79176 -31.3872 14.2148 -328.59 2183.06 -2591.21 1.79176
28.9367 -51.4414 326.48 6986.82 11664.2 -1.72998 -33.9476 47.2663 -326.48 6645.72 -2947.47 1.72998
30.6687 -78.763 320.413 10743.1 12399.4 -1.61787 -35.4959 72.9047 -320.413 10204.3 -3227.11 1.61787
30.6462 -98.8432 317.158 13567.5 12660.1 -1.46208 -34.7843 92.536 -317.158 12865 -3587.69 1.46208
29.6808 -112.012 315.447 15428 12538.8 -1.26973 -32.531 105.425 -315.447 14603.7 -3910.33 1.26973
28.2007 -118.242 311.986 16262.8 12164.6 -1.04864 -30.3354 110.847 -311.986 15377.9 -4044.65 1.04864
26.4751 -117.41 309.104 16122.3 11606.6 -0.807202 -28.3917 109.683 -309.104 15242.6 -3995.28 0.807202
23.6694 -108.591 307.339 15019.2 10818.3 -0.554255 -26.3376 102.9 -307.339 14190.6 -3880.58 0.554255
19.5251 -93.1881 305.286 12895.4 9739.78 -0.298738 -23.1992 88.289 -305.286 12168.4 -3811.09 0.298738
13.8687 -69.9434 303.698 9791.03 8367.25 -0.0490242 -19.0293 67.6546 -303.698 9212.06 -3799.47 0.0490242
8.67069 -38.2044 305.869 5622.3 6813.16 0.187833 -13.5649 40.412 -305.869 5234.52 -3722.28 -0.187833
4.2206 3.76952 319.024 -264.373 5131.75 0.406028 -9.10644 -0.111554 -319.024 -271.564 -3276.03 -0.406028
0.0398672 48.5325 336.179 -6863.74 2745.59 0.600154 -4.35924 -45.9036 -336.179 -6178.08 -2128.87 -0.600154
-4.76856 81.7744 336.856 -11675.9 67.6024 0.765404 2.43082 -79.8744 -336.856 -10649.8 -1059.87 -0.765404
-10.6359 103.814 327.811 -14921.3 -2508.6 0.899124 9.94687 -104.343 -327.811 -13828.1 -338.993 -0.899124
-15.8897 114.796 325.646 -16487.4 -4811.62 1.00081 17.0866 -116.083 -325.646 -15400.8 245.789 -1.00081
-20.7102 111.941 325.006 -16112.5 -6786.06 1.07033 21.3781 -114.286 -325.006 -15133 955.566 -1.07033
-24.3891 94.7039 321.592 -13693.7 -8457.96 1.10783 24.1051 -97.7492 -321.592 -12886.6 1737.31 -1.10783
-28.0224 64.7401 319.757 -9346.52 -10076.9 1.11451 27.3326 -67.1037 -319.757 -8862.21 2403.93 -1.11451
-31.3527 22.9501 328.675 -3447.53 -11581.5 1.09223 30.527 -25.9666 -328.675 -3307.97 3002.06 -1.09223
-35.3008 -26.6362 338.836 3331.44 -12801 1.0428 34.3416 22.3425 -338.836 3433.3 3144.55 -1.0428
-37.2397 -68.7705 335.093 9320.53 -13448.9 0.967609 37.4039 64.0376 -335.093 9022.91 3099.35 -0.967609
-35.4346 -101.924 323.276 14019 -13561.8 0.867656 37.1292 96.8396 -323.276 13434.3 3498.84 -0.867656
-31.9999 -124.02 318.022 17358.1 -13290.7 0.744419 33.9502 121.388 -318.022 16537.7 4140.42 -0.744419
-29.9203 -134.889 314.154 19007.8 -12987.1 0.600673 31.7623 133.658 -314.154 18083.8 4426.52 -0.600673
-30.9771 -133.253 305.964 18779.5 -12741.6 0.440435 31.0236 132.271 -305.964 17893.7 4139.4 -0.440435
-34.0656 -118.551 299.539 16765 -12529.9 0.268426 30.9487 118.915 -299.539 16032.2 3514.58 -0.268426
-35.7344 -93.2123 299.457 13170.4 -12268 0.0898268 31.4993 94.0881 -299.457 12697.8 2948.61 -0.0898268
-34.5408 -59.8512 303.246 8359.1 -11730.1 -0.0896954 29.968 59.9712 -303.246 8189.27 2789.01 0.0896954
-31.8643 -18.0343 309.97 2460.39 -11030.8 -0.264361 26.3096 18.7047 -309.97 2613.47 2966.27 0.264361
-30.2105 28.0908 323.778 -3919.56 -10253.6 -0.428527 23.797 -26.8857 -323.778 -3672.67 2765.77 0.428527
-27.9933 65.0467 329.172 -9208.6 -9267.15 -0.576533 22.1671 -63.9402 -329.172 -8605.84 2313.14 0.576533
-24.1756 92.1818 324.702 -13098.5 -8108.48 -0.703316 19.0556 -91.3701 -324.702 -12252.5 2114.49 0.703316
-20.3059 108.508 322.092 -15475.2 -7024.55 -0.805063 15.1873 -108.493 -322.092 -14495.9 2101.92 0.805063
-15.8695 114.871 325.053 -16400.3 -6023.03 -0.878259 12.2374 -115.099 -325.053 -15362.3 2122.61 0.878259
-12.2013 109.749 322.764 -15698.2 -5136.66 -0.919268 9.89972 -110.234 -322.764 -14684.7 2068.17 0.919268
-9.01061 93.8333 318.044 -13474.6 -4320.5 -0.925556 7.9594 -94.6497 -318.044 -12556.9 1963.18 0.925556
-6.28588 69.5742 318.733 -9973.48 -3577.21 -0.895967 6.46623 -69.3003 -318.733 -9205.67 1804.79 0.895967
-4.7346 36.9762 324.972 -5324.26 -2874.33 -0.829905 4.60354 -36.3195 -324.972 -4797.33 1575.79 0.829905
-3.29335 -7.68013 336.836 1157.72 -2034.33 -0.727264 3.33638 8.40603 -336.836 1063.73 1112.41 0.727264
-0.105541 -44.9506 332.192 6676.44 -694.377 -0.589415 -0.170171 46.6843 -332.192 5978.46 699.622 0.589415
2.25978 -68.1629 323.502 10046.3 370.36 -0.420436 -2.83671 71.1584 -323.502 9194.95 332.514 0.420436
4.55422 -81.5598 314.448 11867 1305.57 -0.226501 -5.23045 83.8186 -314.448 10973.1 47.1648 0.226501
6.35054 -84.0605 308.871 12227 2111.82 -0.0140481 -7.29029 86.6888 -308.871 11354.8 -224.416 0.0140481
8.46471 -77.0832 304.563 11202.1 2806.02 0.209907 -8.30738 79.4965 -304.563 10422.2 -484.346 -0.209907
11.3501 -61.6314 301.846 8921.36 3493.12 0.4366 -9.09704 62.9817 -301.846 8287.65 -662.354 -0.4366
14.9365 -38.8243 306.295 5599.8 4339.36 0.656093 -10.9362 39.287 -306.295 5186.81 -757.756 -0.656093
18.0197 -8.48864 318.878 1181.13 5258.59 0.858685 -13.7584 7.4666 -318.878 1022.14 -859.468 -0.858685
18.4781 21.7605 320.626 -3189.88 5742.51 1.03601 -14.3673 -23.3959 -320.626 -3045.88 -1193.94 -1.03601
17.9006 42.4515 321.164 -6144.65 6056.21 1.18123 -14.2471 -43.8519 -321.164 -5773.9 -1601.81 -1.18123
16.052 55.0259 324.481 -7967.59 6389.78 1.2884 -15.2141 -56.8724 -324.481 -7486.17 -2054.87 -1.2884
14.5487 60.1987 325.641 -8731.08 6650.67 1.35223 -14.9573 -62.3662 -325.641 -8196.09 -2556.92 -1.35223
14.5468 59.6159 325.357 -8550.43 6886.43 1.36844 -13.797 -60.5164 -325.357 -8040.76 -2951.81 -1.36844
15.4649 53.306 326.826 -7574.91 7226.21 1.33445 -14.3572 -53.3288 -326.826 -7152.08 -3086.43 -1.33445
18.0015 42.4233 328.833 -5990.82 7656.57 1.24987 -15.45 -42.3532 -328.833 -5717.23 -3014.92 -1.24987
21.1406 28.8852 329.436 -3994.33 8078.13 1.11639 -16.0982 -28.2291 -329.436 -3893.27 -2913 -1.11639
23.1223 13.3129 329.194 -1830.34 8454.43 0.937509 -17.1284 -13.4121 -329.194 -1860.37 -2872.75 -0.937509
23.8731 -2.81001 327.526 318.691 8767.65 0.718455 -18.1631 0.965891 -327.526 202.771 -2938.61 -0.718455
24.5228 -17.4003 324.736 2347.04 9025.42 0.465821 -18.4184 15.2131 -324.736 2156.91 -3070.45 -0.465821
24.2268 -31.1278 321.454 4207.91 9281.76 0.187714 -19.5341 27.7513 -321.454 3923.46 -3212.55 -0.187714
23.409 -42.8798 317.681 5863.68 9529.45 -0.106368 -21.1664 39.3678 -317.681 5495.11 -3346.84 0.106368
22.4474 -52.7282 313.871 7247.12 9686.19 -0.406375 -22.128 49.1095 -313.871 6817.3 -3502.9 0.406375
20.6972 -59.8283 309.975 8294.13 9683.72 -0.702198 -22.8253 56.7995 -309.975 7812.93 -3645.68 0.702198
19.9818 -63.4318 307.048 8846.96 9535.13 -0.983689 -22.2511 61.0513 -307.048 8344.95 -3675.61 0.983689
20.0791 -62.9746 305.54 8786.57 9303.86 -1.24085 -22.1141 60.7619 -305.54 8302.1 -3451.01 1.24085
20.589 -58.1425 305.598 8058.29 9002.47 -1.46421 -22.9345 55.516 -305.598 7638.37 -2967.78 1.46421
21.2747 -48.3172 307.727 6703.17 8526.5 -1.64529 -22.942 46.3963 -307.727 6376.84 -2398.52 1.64529
21.1626 -33.3535 311.568 4697.45 7820.8 -1.77669 -21.8895 33.1456 -311.568 4485.82 -1856.59 1.77669
20.3797 -13.0569 318.309 1899.24 6926.52 -1.85211 -20.5337 13.6695 -318.309 1791.39 -1261.12 1.85211
18.7277 13 325.054 -1672.11 5683.28 -1.8664 -18.2496 -10.6698 -325.054 -1596.52 -565.464 1.8664
15.0112 38.2161 329.119 -5210.56 3932.77 -1.81594 -13.9568 -33.9208 -329.119 -4751.3 74.6389 1.81594
10.5362 57.7867 333.89 -8105.48 2018.54 -1.70023 -9.88512 -53.9428 -333.89 -7324.75 803.943 1.70023
6.81272 72.2674 334.633 -10170.3 193.003 -1.52313 -5.99303 -68.2602 -334.633 -9237.73 1572.74 1.52313
3.12253 80.6396 331.176 -11396.3 -1518.08 -1.29103 -2.0695 -77.3868 -331.176 -10428.7 2227.35 1.29103
-1.09491 83.3102 329.496 -11789.2 -3153.38 -1.01086 1.72566 -80.5253 -329.496 -10838.2 2751.21 1.01086
-5.25317 79.4658 327.12 -11231.6 -4754.43 -0.691098 5.70824 -76.9076 -327.12 -10365.1 3223.32 0.691098
-9.22755 68.9467 324.311 -9738.44 -6277.69 -0.342037 9.63113 -66.7203 -324.311 -8998.23 3651.51 0.342037
-13.7457 52.6483 321.897 -7308.69 -7828.78 0.0254065 13.9267 -49.399 -321.897 -6784.55 3981.35 -0.0254065
-18.4162 31.7859 322.89 -4291.28 -9301.71 0.399887 18.4132 -28.1484 -322.89 -3985.73 4185.67 -0.399887
-22.9199 8.69925 322.636 -1005.68 -10612.6 0.76971 23.0533 -4.82099 -322.636 -861.316 4230.31 -0.76971
-26.3116 -13.6483 319.764 1969.04 -11666.6 1.12338 28.2304 15.451 -319.764 2049.93 4098.54 -1.12338
-28.6423 -31.4369 317.188 4372.89 -12355.9 1.44958 31.5417 31.982 -317.188 4385.93 4006.97 -1.44958
-28.6355 -44.9255 315.762 6201.46 -12608 1.73748 33.1549 44.2468 -315.762 6114.22 4036.3 -1.73748
-27.683 -55.6252 313.027 7438.96 -12478.5 1.97737 33.4371 50.8891 -313.027 7271.82 3999.87 -1.97737
-27.323 -60.2492 310.627 8191.77 -12052.6 2.16066 32.9731 56.8513 -310.627 7981 3689.74 -2.16066
-28.1086 -61.5439 310.054 8382.97 -11392.4 2.28054 32.1432 58.3188 -310.054 8171.15 3038.91 -2.28054
-28.6994 -58.9937 310.402 7962.77 -10471.4 2.33265 31.3903 55.125 -310.402 7797.86 2144.7 -2.33265
-27.397 -52.1681 311.192 7001.11 -9169.12 2.31498 29.7348 48.4422 -311.192 6893.62 1256.29 -2.31498
-23.1252 -41.4434 313.16 5568.56 -7360.56 2.22757 25.8255 38.6669 -313.16 5494.68 583.53 -2.22757
-16.4793 -26.4672 317.166 3611.92 -5015.75 2.07246 19.4673 25.2575 -317.166 3530.96 41.2277 -2.07246
-7.475 -5.13645 324.381 812.927 -1954.93 1.85379 11.279 6.48303 -324.381 791.704 -638.004 -1.85379
2.64687 18.5059 333.176 -2561.27 1717.93 1.57886 1.00863 -16.4101 -333.176 -2260.18 -1486.57 -1.57886
11.4316 36.735 337.054 -5132.22 5040.28 1.25985 -8.04093 -34.7432 -337.054 -4738.99 -2336.91 -1.25985
18.3275 49.8034 332.938 -6948.03 7876.54 0.912125 -15.4645 -48.105 -332.938 -6573.98 -3186.49 -0.912125
24.9796 57.7164 329.481 -8084.44 10582.2 0.548878 -22.962 -56.9876 -329.481 -7757.7 -3929.21 -0.548878
32.01 61.2554 329.6 -8558.14 13167.5 0.179882 -30.1244 -60.6212 -329.6 -8274.93 -4545.78 -0.179882
39.3544 58.5355 326.555 -8164.68 15636.1 -0.185476 -37.2573 -58.3791 -326.555 -7983.16 -5007.6 0.185476
46.6885 50.6286 323.059 -7009.28 17930.3 -0.538173 -44.1069 -50.3338 -323.059 -6935.29 -5336.46 0.538173
53.3532 39.3189 323.543 -5331.56 19985.8 -0.871092 -50.6946 -37.7965 -323.543 -5319.34 -5555.56 0.871092
59.347 24.2776 322.648 -3200.57 21755.8 -1.17825 -56.8104 -22.561 -322.648 -3268.63 -5648.33 1.17825
63.4335 8.57219 320.491 -950.867 23111.2 -1.45446 -62.1986 -5.991 -320.491 -1060.64 -5691.88 1.45446
64.5853 -5.48442 320.087 1062.81 23910.1 -1.69587 -66.0575 9.23982 -320.087 970.766 -5796.39 1.69587
62.8948 -17.0268 318.469 2659.89 24015.6 -1.89886 -67.2509 20.7619 -318.469 2559.23 -5970.13 1.89886
60.0485 -23.7067 314.447 3588.33 23435.7 -2.05953 -65.363 27.3585 -314.447 3464.37 -6046.34 2.05953
56.9737 -25.3838 311.266 3745.33 22323.6 -2.1743 -62.2947 27.9747 -311.266 3624 -5786.91 2.1743
53.6594 -21.9935 309.969 3179.41 20753.9 -2.24015 -59.1159 23.4029 -309.969 3090.15 -5119.92 2.24015
49.9481 -14.6461 308.85 2060.74 18658.2 -2.25476 -54.3363 14.7992 -308.85 2005.71 -4204.73 2.25476
45.0707 -4.27111 308.155 577.803 16014.4 -2.21691 -47.366 3.80305 -308.155 537.116 -3206.58 2.21691
38.8232 7.97056 309.412 -1107.71 12912.9 -2.12595 -39.0238 -8.45396 -309.412 -1160.6 -2130.3 2.12595
29.9742 20.7347 311.328 -2807.55 9347.69 -1.98123 -30.2624 -19.9887 -311.328 -2816.25 -1008.33 1.98123
18.1055 32.0532 316.273 -4515.26 5032.09 -1.78154 -18.4365 -31.1919 -316.273 -4218.5 23.4799 1.78154
2.97428 39.5322 328.01 -5740.96 -275.768 -1.5267 -3.24401 -38.8444 -328.01 -5082.41 1131.75 1.5267
-12.3188 40.3353 340.26 -5750.67 -5295.54 -1.22188 9.94149 -39.1946 -340.26 -5232.47 2205.33 1.22188
-26.299 34.7908 334.053 -4906.29 -9624.81 -0.878163 21.5988 -34.2237 -334.053 -4624.86 2981.26 0.878163
-38.4047 25.2481 330.337 -3573.5 -13613.1 -0.507013 33.3934 -25.43 -330.337 -3425.4 3656.38 0.507013
-49.3088 13.035 336.675 -1894 -17397.2 -0.11754 44.5283 -13.2783 -336.675 -1739.96 4383.11 0.11754
-59.6561 -1.55555 337.445 80.8806 -20875.9 0.280799 54.3444 0.684576 -337.445 228.846 5064.79 -0.280799
-68.8557 -16.4714 333.401 2105.47 -24012.3 0.677043 63.6123 15.135 -333.401 2260.36 5640.69 -0.677043
-77.3411 -30.3865 331.192 4031.45 -26836.2 1.05993 71.9847 29.0274 -331.192 4175.21 6127.18 -1.05993
-85.3707 -41.7554 330.438 5605.9 -29304.6 1.41796 78.9619 40.1686 -330.438 5709.99 6515 -1.41796
-92.2692 -48.5071 326.803 6607.05 -31371.8 1.73969 85.3027 47.8142 -326.803 6697.39 6748.15 -1.73969
-97.8764 -50.0447 322.243 6859.17 -33009.4 2.01501 90.6416 50.0507 -322.243 6966.43 6870.51 -2.01501
-101.832 -45.8071 319.692 6288.78 -34170.7 2.23558 94.3646 46.3593 -319.692 6441.6 6968.73 -2.23558
-103.909 -36.0585 317.771 4927.05 -34806.7 2.39458 96.2049 36.951 -317.771 5157.32 7062.42 -2.39458
-103.924 -22.195 315.578 2976.59 -34899.9 2.48705 96.3883 23.1129 -315.578 3281.6 7128.79 -2.48705
-101.819 -6.16482 314.649 761.249 -34462.8 2.51027 95.2884 6.95482 -314.649 1051.09 7135.86 -2.51027
-98.258 9.86594 313.31 -1435.47 -33487.2 2.46414 92.3625 -9.11044 -313.31 -1185.29 7059.52 -2.46414
-92.2708 24.0696 311.827 -3381.78 -31957.4 2.35145 88.2607 -23.242 -311.827 -3152.54 6928 -2.35145
-84.3911 34.6709 310.965 -4870.46 -29849 2.17755 81.9233 -33.8801 -310.965 -4597.28 6789.44 -2.17755
-74.8944 40.2302 309.131 -5679.18 -27197.9 1.94984 73.7036 -39.7289 -309.131 -5364.08 6593.16 -1.94984
-64.8863 40.4797 306.986 -5743.6 -24123 1.67752 64.2436 -40.3484 -306.986 -5419.51 6216.61 -1.67752
-55.3577 35.0523 305.751 -5048.41 -20764.5 1.37142 54.2323 -35.9465 -305.751 -4756.98 5567.44 -1.37142
-45.7713 25.4035 305.61 -3667.36 -17196.4 1.04349 44.567 -26.036 -305.61 -3436.52 4669.65 -1.04349
-35.6716 11.8554 306.614 -1756.34 -13409.6 0.706059 34.7068 -12.3411 -306.614 -1584.98 3651.75 -0.706059
-25.1119 -5.08837 310.576 566.101 -9361.77 0.370973 23.8827 3.98393 -310.576 686.958 2569.73 -0.370973
-12.9473 -22.54 317.624 3081.6 -4767.68 0.0487687 11.4722 21.2827 -317.624 2970.14 1382.57 -0.0487687
3.66919 -36.566 333.31 5252.7 978.933 -0.251542 -4.88193 35.4191 -333.31 4688.2 202.263 0.251542
19.5732 -42.0801 340.077 5959.77 6332.62 -0.522021 -20.2727 41.151 -340.077 5534.79 -815.779 0.522021
31.538 -42.0419 327.579 5855.79 10547.1 -0.756147 -32.1983 41.0723 -327.579 5622.79 -1718.67 0.756147
40.9835 -38.3491 323.909 5266.85 14134.6 -0.949855 -41.4565 37.1835 -323.909 5164.85 -2711.55 0.949855
48.3537 -32.2389 329.638 4390.49 17241 -1.10143 -48.8973 30.649 -329.638 4295.09 -3760.73 1.10143
54.0607 -23.7767 326.284 3195.31 19827.9 -1.2111 -55.6225 21.8755 -326.284 3109.79 -4621.78 1.2111
58.6674 -14.35 318.98 1853.4 21895.1 -1.28097 -60.9345 12.0132 -318.98 1787.61 -5313.15 1.28097
61.7186 -5.65144 319.499 632.74 23457.8 -1.31393 -64.7131 3.02073 -319.499 564.91 -5926.79 1.31393
62.9705 1.80992 320.762 -339.218 24425.5 -1.31303 -66.8338 -3.66158 -320.762 -416.624 -6424.48 1.31303
62.4453 7.23649 316.97 -1066.44 24736.8 -1.28214 -67.2161 -8.81846 -316.97 -1151.15 -6754.78 1.28214
60.2233 10.9125 314.043 -1576.88 24428.4 -1.22611 -65.91 -12.5296 -314.043 -1660.98 -6934.76 1.22611
56.723 13.4332 314.549 -1895.65 23532.5 -1.15031 -62.9141 -14.5603 -314.549 -1970.8 -6938.28 1.15031
52.1799 14.7504 313.859 -2036.22 22050.9 -1.06013 -58.5727 -15.2003 -313.859 -2100.48 -6688.36 1.06013
46.3295 15.1387 311.251 -2031.51 19999.3 -0.960689 -53.2525 -14.667 -311.251 -2085.07 -6186.67 0.960689
39.6907 14.99 309.913 -1943.13 17407.9 -0.856432 -46.0842 -13.4482 -309.913 -1984.48 -5510.78 0.856432
31.6262 14.1611 309.743 -1822.81 14314.2 -0.750958 -37.714 -12.5138 -309.743 -1861.17 -4696.78 0.750958
22.1777 13.3789 308.994 -1706.18 10750.6 -0.647133 -28.321 -11.6092 -308.994 -1744.71 -3746.8 0.647133
11.8279 13.8955 311.524 -1707.19 6673.17 -0.547019 -17.255 -10.6679 -311.524 -1684.83 -2639.32 0.547019
-1.14698 15.3148 322.438 -1941.93 1556.6 -0.451368 -3.44135 -11.2442 -322.438 -1725.41 -1235.22 0.451368
-16.0457 16.0566 344.056 -2021.75 -4435.13 -0.359433 12.5205 -11.3505 -344.056 -1762.87 480.064 0.359433
-28.2001 17.1611 338.035 -2068.92 -9232.2 -0.270092 25.4879 -11.787 -338.035 -1928.68 1792.91 0.270092
-39.9921 18.995 328.338 -2363.1 -13422.6 -0.183292 37.6211 -14.2744 -328.338 -2231.39 2665.94 0.183292
-50.5244 21.2744 333.367 -2772.77 -17304.6 -0.0999138 48.4434 -17.7096 -333.367 -2611.17 3584.64 0.0999138
-59.1249 21.803 336.474 -3036.7 -20705.4 -0.0205503 56.8394 -20.9052 -336.474 -2861.77 4624.81 0.0205503
-66.5114 19.9672 330.322 -2899.02 -23624.7 0.05525 63.5419 -20.762 -330.322 -2726.15 5588.58 -0.05525
-73.3136 16.4072 327.644 -2299.67 -26241.5 0.129228 70.0446 -15.7653 -327.644 -2143.69 6358.96 -0.129228
-79.8842 10.6941 330.128 -1431.38 -28553.9 0.203973 76.1191 -8.86888 -330.128 -1270.37 6916.13 -0.203973
-85.799 3.6845 329.197 -519.625 -30431.8 0.281715 81.2181 -2.56787 -329.197 -343.597 7266.82 -0.281715
-91.1254 -2.45471 325.128 324.271 -31846.2 0.363754 84.6204 3.6228 -325.128 515.573 7472.44 -0.363754
-94.6047 -7.95136 323.794 1028.72 -32846 0.450909 87.4141 8.44886 -323.794 1236.93 7603.1 -0.450909
-95.9648 -12.5327 323.661 1574.08 -33385.4 0.543669 89.0988 11.8559 -323.661 1794.94 7720.11 -0.543669
-95.9825 -16.0088 321.122 1995.62 -33414.1 0.641865 88.4934 14.4999 -321.122 2218.7 7830.56 -0.641865
-94.4674 -18.6925 317.761 2341.08 -33005.1 0.744421 86.845 16.7973 -317.761 2561.18 7860.62 -0.744421
-91.6916 -20.4232 315.588 2619.65 -32232.3 0.849186 84.8477 19.07 -315.588 2835.51 7750.21 -0.849186
-88.3766 -21.5922 313.499 2800.37 -31086.7 0.95288 81.6512 20.4697 -313.499 3009.5 7508.32 -0.95288
-83.8964 -22.1469 310.658 2864.08 -29555.4 1.05139 77.5059 20.7801 -310.658 3065.19 7174.08 -1.05139
-78.2035 -21.6387 308.243 2815.55 -27656.9 1.14024 72.2858 20.5113 -308.243 3006.3 6789.54 -1.14024
-71.6468 -20.397 306.724 2645.03 -25430.2 1.21501 65.895 19.2297 -306.724 2828.23 6358.38 -1.21501
-64.4 -18.1393 305.44 2341.99 -22938.3 1.27152 58.9263 17.0491 -305.44 2518.18 5837.9 -1.27152
-56.9876 -14.4963 304.608 1891.58 -20250.9 1.3061 51.5699 14.137 -304.608 2063.16 5198.95 -1.3061
-49.7164 -9.88108 304.88 1271.16 -17428.6 1.31573 43.8809 9.75056 -304.88 1440.27 4451.89 -1.31573
-42.1371 -4.34233 306.369 502.337 -14509.1 1.29831 36.3143 4.16721 -306.369 673.01 3633.51 -1.29831
-34.3952 2.11842 309.216 -373.003 -11501.4 1.25267 28.517 -2.07696 -309.216 -206.205 2781.37 -1.25267
-26.2396 8.00776 312.506 -1211.64 -8378.13 1.17846 20.3953 -8.34841 -312.506 -1046.9 1915.85 -1.17846
-16.6953 12.7828 317.785 -1943.24 -4981.06 1.0756 11.5239 -13.5835 -317.785 -1697.53 1071.6 -1.0756
-5.39407 15.2687 325.063 -2347.98 -1083.11 0.943736 0.570826 -16.217 -325.063 -1999.65 256.191 -0.943736
7.38966 13.3709 333.764 -2033.04 3086.34 0.783114 -11.4551 -14.7543 -333.764 -1850.73 -478.223 -0.783114
16.6881 8.6917 328.739 -1303.29 6310.14 0.596954 -19.6659 -10.2728 -328.739 -1315.57 -1275.61 -0.596954
23.228 2.80391 325.614 -422.008 8793.14 0.392225 -25.6991 -3.91532 -325.614 -505.902 -2014.59 -0.392225
28.8181 -3.22721 328.238 466.228 10894.8 0.176469 -31.3896 2.86166 -328.238 374.645 -2551.37 -0.176469
33.4613 -8.73565 325.915 1238.51 12574.4 -0.0445497 -35.9585 8.52019 -325.915 1144.58 -2953.35 0.0445497
36.0393 -12.3564 320.844 1772.73 13783.4 -0.265419 -39.3201 12.6717 -320.844 1683.74 -3338.34 0.265419
37.3617 -13.904 319.245 2002.18 14553.5 -0.480579 -40.6321 14.457 -319.245 1914.6 -3741.72 0.480579
37.5037 -13.3166 318.365 1909.45 14913.5 -0.684983 -40.8475 13.6835 -318.365 1819.38 -4050.75 0.684983
37.2794 -10.9155 315.594 1543.68 14898.5 -0.873611 -40.1408 10.8064 -315.594 1456.16 -4164.48 0.873611
36.6799 -7.05289 313.852 1005.44 14556.1 -1.04183 -38.8046 6.93559 -313.852 926.346 -4090.68 1.04183
34.9895 -2.63613 314.171 377.927 13881 -1.18604 -36.9176 2.34889 -314.171 310.438 -3911.88 1.18604
32.1252 1.60695 314.027 -236.822 12832.2 -1.3031 -33.649 -2.18166 -314.027 -286.466 -3713.28 1.3031
27.2309 4.88149 313.15 -706.681 11416.8 -1.39009 -29.6146 -5.60811 -313.15 -742.004 -3535.11 1.39009
21.1165 6.57181 313.52 -952.658 9667.95 -1.44452 -24.3584 -7.36837 -313.52 -972.527 -3361.52 1.44452
14.1229 6.52895 314.784 -968.828 7605.7 -1.46434 -18.2709 -7.49042 -314.784 -967.233 -3111.48 1.46434
7.4282 4.84769 316.736 -764.152 5231.85 -1.44783 -11.1766 -6.08627 -316.736 -745.754 -2648.41 1.44783
-0.00932766 1.69215 320.504 -351.191 2421 -1.39368 -3.78802 -3.27331 -320.504 -334.457 -1892.18 1.39368
-8.14005 -2.09161 326.956 159.098 -902.271 -1.30133 4.94931 0.39224 -326.956 184.016 -905.985 1.30133
-16.726 -6.32817 331.83 742.734 -4289.33 -1.17202 14.5019 4.50688 -331.83 753.68 -31.775 1.17202
-23.5086 -10.2758 327.186 1257.74 -7012.61 -1.00993 21.8557 8.27102 -327.186 1303.69 731.487 1.00993
-29.2716 -13.9673 326.566 1733.31 -9350.06 -0.821474 28.4274 11.8769 -326.566 1835.97 1358.08 0.821474
-33.7318 -17.3473 327.656 2179.42 -11336.7 -0.613142 33.8258 15.1208 -327.656 2304.78 1976.28 0.613142
-36.6209 -20.1561 324.582 2577.84 -12901.3 -0.391318 37.5702 18.1796 -324.582 2716.8 2619.05 0.391318
-38.5019 -22.1511 320.945 2900.57 -14107.3 -0.162647 40.2048 20.7558 -320.945 3025.42 3197.08 0.162647
-40.1165 -23.1931 319.792 3066.81 -15016.8 0.0673629 42.012 22.0354 -319.792 3179.86 3630.54 -0.0673629
-41.0305 -22.3453 318.601 2995.37 -15600 0.294361 43.4005 21.8524 -318.601 3108.93 3893.64 -0.294361
-41.4421 -19.9374 316.274 2663.57 -15811.9 0.513652 43.5344 19.4923 -316.274 2782.2 4029.58 -0.513652
-41.1243 -16.1959 315.27 2109.87 -15665.8 0.720341 42.5015 15.3081 -315.27 2241.26 4070.54 -0.720341
-39.451 -11.3602 315.485 1433.7 -15174.8 0.909845 40.9518 10.4445 -315.485 1577.85 4026.11 -0.909845
-36.9403 -6.45477 315.242 736.072 -14327.1 1.07754 38.1146 5.29522 -315.242 886.833 3919.64 -1.07754
-33.7532 -1.91148 315.117 96.0453 -13161.2 1.21891 34.1262 0.618685 -315.117 253.548 3748.31 -1.21891
-30.0158 1.35174 315.622 -388.329 -11755.4 1.32994 29.6612 -3.07872 -315.622 -223.354 3479.7 -1.32994
-25.4331 2.77818 316.079 -627.589 -10150.5 1.40719 25.2697 -5.10993 -316.079 -461.595 3119.24 -1.40719
-20.2614 2.73094 316.476 -598.148 -8328.5 1.44794 20.0665 -4.78182 -316.476 -439.185 2735.69 -1.44794
-13.7463 1.66707 317.314 -369.354 -6254.57 1.45035 14.2774 -2.59279 -317.314 -218.761 2366.94 -1.45035
-6.15316 -0.207913 318.716 -67.9741 -3858.63 1.41326 7.40668 -0.317035 -318.716 53.0388 1974.64 -1.41326
2.56243 -0.466084 320.806 157.368 -1030.77 1.33646 -0.638361 2.19563 -320.806 210.299 1467.68 -1.33646
11.237 1.13366 326.031 125.235 2033.87 1.22174 -9.20689 2.60349 -326.031 77.7752 790.731 -1.22174
18.295 4.48349 324.609 -396.604 4784.3 1.07407 -16.7083 -1.60276 -324.609 -443.807 57.4864 -1.07407
23.1219 9.77749 321.895 -1111.29 6985.83 0.90139 -22.3815 -6.62498 -321.895 -1153.76 -687.595 -0.90139
27.5252 15.2973 324.06 -1856.75 8866.4 0.712491 -27.1695 -12.0505 -324.06 -1919.9 -1292.73 -0.712491
31.7797 19.5813 324.275 -2508.44 10470.3 0.515341 -31.243 -17.2689 -324.275 -2580.63 -1741.25 -0.515341
35.3175 22.3647 321.7 -2943.32 11786.1 0.317585 -34.5315 -20.9004 -321.7 -3031.75 -2110.09 -0.317585
37.9482 23.4084 321.513 -3107.75 12838.3 0.126432 -36.9487 -22.2937 -321.513 -3203.98 -2461.55 -0.126432
39.6446 22.7664 322.479 -3015.58 13616.1 -0.0527549 -38.3693 -21.5794 -322.479 -3108.89 -2805.88 0.0527549
40.7531 20.8333 321.646 -2727.68 14129.8 -0.216339 -38.9538 -19.305 -321.646 -2815.72 -3083.75 0.216339
40.9919 17.6671 320.571 -2313.35 14418 -0.361437 -39.4992 -16.4417 -320.571 -2397.34 -3262.61 0.361437
40.4917 13.6657 320.503 -1813.85 14462.5 -0.486137 -39.4202 -13.1689 -320.503 -1892.22 -3386.72 0.486137
39.3455 8.58698 320.007 -1216.71 14222.8 -0.589519 -38.0915 -9.53952 -320.007 -1286.7 -3489.32 0.589519
37.4569 2.91179 318.801 -475.564 13720.8 -0.670927 -35.9397 -4.48617 -318.801 -546.178 -3546.65 0.670927
35.2766 -3.22189 317.993 390.441 13021.3 -0.730133 -33.3331 1.82181 -317.993 306.04 -3510.39 0.730133
32.6907 -9.89758 317.416 1280.42 12159.1 -0.767749 -30.6673 8.0014 -317.416 1191.4 -3376.1 0.767749
29.749 -15.9065 316.492 2135.58 11128.4 -0.784859 -27.4588 14.3014 -316.492 2036.14 -3197.92 0.784859
26.1944 -21.2515 315.897 2914.76 9928.17 -0.782896 -23.612 19.9002 -315.897 2768.26 -3023.35 0.782896
21.8921 -25.5878 314.854 3529.2 8610.11 -0.763891 -19.7117 23.9552 -314.854 3312.57 -2841.82 0.763891
17.609 -28.4403 313.962 3924.29 7226.2 -0.730449 -15.6715 26.4204 -313.962 3651.75 -2611.3 0.730449
13.6246 -29.5772 313.941 4109.66 5794.91 -0.68568 -11.5157 27.5217 -313.941 3775.36 -2308.14 0.68568
10.1412 -29.008 314.409 4068.99 4340.25 -0.633026 -7.39983 27.087 -314.409 3677.24 -1906.93 0.633026
7.02221 -25.4789 315.102 3682.33 2919.36 -0.575866 -3.9478 24.9282 -315.102 3278.32 -1397.41 0.575866
3.76465 -19.2149 317.096 2842.11 1474.41 -0.517237 -0.420748 19.3628 -317.096 2484.94 -893.025 0.517237
-0.212971 -7.78841 319.355 1347.32 14.9438 -0.459513 3.31823 10.5215 -319.355 1181.08 -502.39 0.459513
-4.14964 6.13582 321.829 -714.054 -1330.94 -0.404157 6.83136 -3.0963 -321.829 -560.616 -188.074 0.404157
-6.44356 20.6418 322.94 -2856.31 -2345.48 -0.35195 9.36985 -17.8612 -322.94 -2460.33 156.654 0.35195
-7.60682 33.8556 325.16 -4660.55 -3012.15 -0.303178 10.4378 -29.8185 -325.16 -4132.26 513.064 0.303178
-8.14552 43.7114 325.971 -6076.35 -3441.32 -0.257466 11.0907 -39.8908 -325.971 -5468.78 776.137 0.257466
-8.23957 50.5548 324.717 -7067.34 -3659.56 -0.213749 11.3596 -47.069 -324.717 -6414.4 943.359 0.213749
-7.8717 54.5304 323.63 -7592.97 -3678.12 -0.170542 11.0007 -50.5192 -323.63 -6914.4 1061.97 0.170542
-7.096 55.5784 323.074 -7677.26 -3508.02 -0.126296 9.99856 -50.6308 -323.074 -6990.24 1137.61 0.126296
-6.12447 53.8624 322.128 -7394.24 -3174.18 -0.0796431 8.50992 -48.2961 -322.128 -6713.74 1144.29 0.0796431
-4.81918 50.1016 321.172 -6841.38 -2703.16 -0.0294921 6.93606 -44.1977 -321.172 -6181.05 1072.08 0.0294921
-3.80477 44.7565 320.935 -6101.22 -2113.35 0.0248564 4.72323 -39.0347 -320.935 -5469.85 929.479 -0.0248564
-2.60794 37.877 320.493 -5210.52 -1451.5 0.0835847 2.6481 -33.3605 -320.493 -4626.73 721.216 -0.0835847
-0.884805 30.1038 319.883 -4162.18 -729.412 0.146383 0.745657 -26.482 -319.883 -3651.58 501.575 -0.146383
1.58464 20.3614 319.989 -2892.2 52.6961 0.212491 -1.38657 -18.7393 -319.989 -2506.95 356.615 -0.212491
4.31926 9.69269 320.148 -1365.34 917.031 0.280668 -4.45432 -8.74521 -320.148 -1180.58 295.066 -0.280668
6.59626 -0.356179 319.024 199.179 1703.59 0.349218 -6.95483 2.13606 -319.024 144.986 169.662 -0.349218
7.45338 -8.61273 318.097 1441.64 2251.47 0.41613 -8.07164 10.661 -318.097 1219.78 -104.239 -0.41613
7.68959 -13.2963 318.583 2160.96 2645.46 0.479277 -8.81904 15.8226 -318.583 1859.95 -361.215 -0.479277
8.28588 -14.3674 318.522 2298.07 2950.75 0.53638 -9.63337 16.6887 -318.522 1990.36 -470.929 -0.53638
8.8555 -11.8285 318.234 1894.46 3153.58 0.584797 -10.5576 13.7166 -318.234 1632.97 -467.118 -0.584797
8.56635 -6.30438 319.161 1050.87 3163.52 0.621621 -10.8322 7.6813 -319.161 880.374 -479.048 -0.621621
6.88366 0.50714 320.157 -44.0414 2901.81 0.644083 -10.0561 -0.430149 -320.157 -85.3586 -557.206 -0.644083
4.66422 7.24226 320.478 -1123.63 2385.05 0.649855 -8.22094 -8.28788 -320.478 -1020.81 -601.165 -0.649855
2.56455 12.5152 321.058 -1926.52 1681.94 0.637272 -6.1747 -13.7218 -321.058 -1696.36 -471.951 -0.637272
0.459384 15.0297 321.749 -2312.81 816.878 0.605613 -4.26923 -16.2257 -321.749 -2003.02 -162.658 -0.605613
-1.39971 14.2628 322.199 -2250.34 -176.385 0.555354 -1.75291 -15.9305 -322.199 -1918.81 223.975 -0.555354
-4.26251 10.4846 322.674 -1723.2 -1328.6 0.48817 1.28394 -12.3901 -322.674 -1435.33 558.786 -0.48817
-8.11531 4.10013 323.051 -762.471 -2651.08 0.406814 5.14887 -5.73212 -323.051 -595.099 812.661 -0.406814
-11.1654 -3.55706 322.455 375.787 -3875.47 0.315165 8.61108 2.29934 -322.455 433.063 1134.67 -0.315165
-13.6978 -11.413 322.069 1491.51 -4986.06 0.217903 11.5023 10.1933 -322.069 1492.28 1493.07 -0.217903
-16.1117 -17.8608 322.13 2439.06 -6018.9 0.119624 14.404 17.2237 -322.13 2406.1 1788.71 -0.119624
-18.496 -22.3327 321.362 3098.66 -6962.61 0.0245703 17.2101 22.2833 -321.362 3062.87 2012.75 -0.0245703
-20.5649 -24.3634 319.985 3401.6 -7797.93 -0.0631327 19.8166 24.7185 -319.985 3376.74 2199.89 0.0631327
-21.9825 -23.3329 319.398 3300.59 -8502.62 -0.139766 22.3152 24.453 -319.398 3298.83 2361.6 0.139766
-23.0627 -18.8867 319.012 2748.48 -9035.04 -0.202533 24.0637 21.1994 -319.012 2787.61 2501.78 0.202533
-23.6979 -11.7882 318.64 1742.19 -9369.86 -0.249886 25.266 14.0537 -318.64 1826.76 2581.9 0.249886
-23.8591 -2.2402 319.035 378.25 -9488.58 -0.281532 26.1947 4.0694 -319.035 493.302 2549.91 0.281532
-24.097 8.92758 319.449 -1173.51 -9373.13 -0.298049 26.4799 -7.1386 -319.449 -1044.99 2362.93 0.298049
-23.5642 19.7068 319.652 -2692.37 -8971.39 -0.300546 26.247 -18.0444 -319.652 -2520.82 2068.55 0.300546
-21.7626 28.7545 319.803 -3988.53 -8226.35 -0.290767 24.9228 -27.2509 -319.803 -3745.57 1757.62 0.290767
-18.8548 35.0183 319.3 -4891.76 -7142.38 -0.271296 22.3972 -33.4506 -319.3 -4563.52 1427.33 0.271296
-14.8875 38.603 319.352 -5402.81 -5713.34 -0.245299 19.0159 -36.4944 -319.352 -4967.76 1017.26 0.245299
-10.3486 39.1152 320.067 -5512.98 -3939.16 -0.216002 14.8104 -36.8641 -320.067 -4979.24 455.66 0.216002
-4.89144 36.9277 322.019 -5232.75 -1742.27 -0.186521 9.44869 -34.596 -322.019 -4644.03 -241.445 0.186521
2.62632 32.0001 325.613 -4540.15 975.412 -0.15989 2.21931 -30.0054 -325.613 -4022.19 -916.319 0.15989
11.4072 24.2066 329.15 -3382.6 4005.71 -0.138877 -6.89836 -22.8235 -329.15 -3111.91 -1468.15 0.138877
18.2604 14.415 327.355 -2026.28 6650.3 -0.125498 -14.0613 -14.6049 -327.355 -1981.25 -2169.89 0.125498
24.1606 4.37487 327.039 -621.541 9000.27 -0.120448 -19.7909 -5.08451 -327.039 -684.816 -2906.24 0.120448
30.4812 -5.02936 328.059 740.431 11286.2 -0.123242 -26.2314 4.96904 -328.059 640.37 -3422.33 0.123242
37.3327 -13.3333 326.35 1918.46 13514.7 -0.132897 -33.3458 13.6928 -326.35 1814.01 -3715.36 0.132897
43.7997 -19.0998 323.777 2752.48 15580.4 -0.148123 -39.9253 19.9327 -323.777 2638.24 -3973.14 0.148123
49.222 -21.4131 322.492 3124.72 17419.2 -0.167264 -45.4652 22.9512 -322.492 3002.44 -4292.34 0.167264
53.6765 -19.6701 321.5 2911.86 19012.1 -0.188444 -50.2577 21.6729 -321.5 2798.05 -4603.17 0.188444
57.3887 -14.2079 319.803 2105.67 20352.5 -0.209708 -54.8218 15.6158 -319.803 2013.29 -4796.74 0.209708
60.7678 -4.8124 318.971 818.591 21402.6 -0.22913 -58.6829 6.50095 -318.971 743.864 -4844.1 0.22913
63.3614 6.94528 319.569 -748.28 22093.2 -0.244946 -61.7301 -4.60643 -319.569 -847.259 -4753.84 0.244946
64.3509 19.6896 319.605 -2498.84 22315.5 -0.255628 -63.5166 -17.2464 -319.605 -2602.6 -4592.47 0.255628
62.8071 31.8124 318.173 -4195.09 21972.5 -0.259773 -63.581 -29.4131 -318.173 -4261.03 -4455.21 0.259773
59.2482 41.5944 316.601 -5587.91 21044.4 -0.255998 -61.1414 -39.4385 -316.601 -5603.85 -4358.45 0.255998
54.7802 47.7234 315.241 -6499.26 19611.4 -0.243111 -56.7345 -46.251 -315.241 -6479.88 -4155.75 0.243111
49.6524 48.8582 313.178 -6777.07 17774.6 -0.22037 -51.9899 -49.2356 -313.178 -6770.86 -3688.64 0.22037
43.8177 45.9032 310.802 -6354 15525.6 -0.187569 -46.3595 -46.1749 -310.802 -6362.82 -3030.76 0.187569
37.1293 37.4925 309.709 -5218.54 12858.8 -0.144889 -39.0639 -38.2278 -309.709 -5238.75 -2303.97 0.144889
28.8859 24.2137 310.466 -3386.34 9812.13 -0.0929142 -30.9192 -25.1252 -310.466 -3427.24 -1530.16 0.0929142
19.4741 5.68993 315.306 -822.343 6313.33 -0.0328979 -21.5856 -6.57169 -315.306 -870.878 -630.42 0.0328979
6.42033 -17.5801 323.699 2426.32 1729.92 0.0333056 -8.24007 15.195 -323.699 2099.5 296.528 -0.0333056
-9.09998 -36.3336 338.643 4957.21 -3435.14 0.103417 7.35999 32.566 -338.643 4557.9 1152.3 -0.103417
-21.4003 -49.0198 335.66 6638.98 -7616.32 0.174676 19.7063 45.1503 -335.66 6366.88 1917.84 -0.174676
-31.07 -57.5991 326.448 7873.79 -11098.4 0.244294 29.3902 54.8404 -326.448 7655.64 2716.24 -0.244294
-39.8632 -61.9807 327.129 8582.75 -14323.3 0.310008 38.1599 61.0186 -327.129 8405.59 3504.58 -0.310008
-48.0787 -61.6595 327.4 8522.87 -17330.6 0.369879 46.9747 61.063 -327.4 8427.53 4149.88 -0.369879
-55.1584 -55.1513 322.46 7700.91 -19954.1 0.422245 55.1783 56.0995 -322.46 7664.99 4654.96 -0.422245
-60.9338 -44.1008 319.652 6155.93 -22133.7 0.46602 61.995 45.395 -319.652 6205.09 5088.93 -0.46602
-65.8491 -28.0388 320.3 3906.64 -23840.8 0.500646 66.6838 29.6322 -320.3 4058.92 5463.96 -0.500646
-69.7365 -9.17178 320.633 1255.21 -25052.5 0.526126 70.3407 10.5964 -320.633 1475.41 5630 -0.526126
-73.1498 10.0825 320.633 -1390.56 -25750.1 0.543121 72.5523 -8.65783 -320.633 -1197.55 5549.01 -0.543121
-75.3672 28.5818 321.09 -3936.73 -25919.4 0.55261 73.3526 -26.92 -321.09 -3728.74 5301.48 -0.55261
-74.4696 43.4443 321.002 -6057.99 -25499.8 0.555461 73.0285 -42.3144 -321.002 -5786.45 5052.32 -0.555461
-70.8081 51.9466 319.257 -7408.51 -24437.8 0.552212 69.8745 -53.0406 -319.257 -7091.67 4935.25 -0.552212
-64.8314 53.1853 316.316 -7749.78 -22798 0.54299 64.4629 -56.6393 -316.316 -7418.39 4873.54 -0.54299
-57.3436 47.2936 313.487 -6938.42 -20715.6 0.527698 58.218 -51.0319 -313.487 -6641.33 4694.53 -0.527698
-49.5906 34.04 311.498 -5019.96 -18270.5 0.506189 51.0253 -37.0111 -311.498 -4792.6 4321.48 -0.506189
-41.8944 14.937 310.563 -2219.2 -15512.3 0.478192 42.9946 -16.0812 -310.563 -2064.3 3744.33 -0.478192
-34.0631 -8.55647 311.931 1113.45 -12472.9 0.443293 34.8975 8.45066 -311.931 1235.46 2914.55 -0.443293
-25.1519 -31.0466 313.822 4343.16 -9004.31 0.400922 25.8886 31.6123 -313.822 4310.22 1931.57 -0.400922
-12.7339 -48.663 315.17 6966.27 -4801.18 0.350203 13.4589 49.152 -315.17 6542.14 1170.99 -0.350203
2.43729 -58.1842 322.368 8456.38 47.8081 0.290424 -0.923633 59.0952 -322.368 7740.26 414.408 -0.290424
16.725 -58.2851 326.732 8426.07 4777.9 0.222305 -14.2833 59.2424 -326.732 7805.13 -485.871 -0.222305
29.4155 -50.2096 323.13 7142.8 8944.07 0.147915 -25.4733 50.7666 -323.13 6802.62 -1342.67 -0.147915
39.6913 -35.9343 323.606 5090.89 12640.7 0.0689383 -35.4657 36.8065 -323.606 4955.09 -2228.73 -0.0689383
49.0723 -17.7214 327.595 2536.18 16035.2 -0.0136404 -44.4505 18.5969 -327.595 2479.64 -3075.24 0.0136404
58.278 1.77261 327.793 -157.361 19148.8 -0.0987441 -53.191 -1.15641 -327.793 -247.232 -3700.1 0.0987441
66.6207 19.2586 327.505 -2575.18 21944.2 -0.185436 -61.4089 -18.8262 -327.505 -2684.99 -4199.15 0.185436
72.6652 33.2261 328.111 -4546.99 24316 -0.272838 -68.266 -33.1734 -328.111 -4624.04 -4780.76 0.272838
76.7822 43.1183 328.311 -5936.66 26192.9 -0.359515 -72.7022 -43.046 -328.311 -5964.41 -5469.22 0.359515
79.4831 49.2554 327.285 -6742.9 27613.4 -0.443903 -75.7226 -48.3846 -327.285 -6743.26 -6094.2 0.443903
81.6597 51.9029 325.811 -7065.97 28641.9 -0.524642 -78.0578 -50.3381 -325.811 -7055.7 -6496.13 0.524642
83.6133 51.0287 324.458 -6982.27 29279.9 -0.600005 -79.5702 -50.069 -324.458 -6981.48 -6653.67 0.600005
84.3773 47.5994 322.681 -6487.74 29473.3 -0.667669 -80.1872 -46.5079 -322.681 -6510.41 -6656.33 0.667669
83.3993 41.1042 320.313 -5571.98 29162.9 -0.724842 -79.191 -39.9907 -320.313 -5628.83 -6620.28 0.724842
80.6403 31.6677 317.859 -4264.12 28346.2 -0.768354 -76.3041 -30.8227 -317.859 -4366.98 -6586.43 0.768354
75.6816 19.9039 315.214 -2629.12 27060 -0.795106 -72.4693 -19.161 -315.214 -2766.48 -6519.12 0.795106
69.203 7.36221 312.137 -845.962 25329.5 -0.8025 -67.5977 -5.84636 -312.137 -978.436 -6361.98 0.8025
61.6041 -5.03898 308.844 895.401 23162.6 -0.788519 -61.5536 7.06708 -308.844 776.535 -6086.43 0.788519
53.4572 -16.2263 306.123 2472.86 20582.7 -0.751836 -54.1054 18.5732 -306.123 2333.2 -5668.58 0.751836
45.0971 -23.9978 303.156 3612.93 17652.7 -0.69207 -45.6184 27.0688 -303.156 3439.62 -5074.64 0.69207
36.0783 -27.4572 300.617 4093.33 14452.5 -0.610003 -37.0535 30.5853 -300.617 3922.47 -4313 0.610003
27.2333 -25.6835 301.003 3857.29 11013.6 -0.507682 -27.4368 28.9233 -301.003 3683.79 -3434.18 0.507682
18.2772 -18.1273 304.304 2843.51 7376.46 -0.388256 -17.6264 21.6747 -304.304 2652.76 -2399.7 0.388256
8.75256 -3.19082 315.042 758.736 3328.88 -0.255536 -7.83563 6.83648 -315.042 625.873 -1030.87 0.255536
-5.06782 18.0899 332.434 -2422.74 -1851.7 -0.11354 6.07198 -14.4129 -332.434 -2065.38 308.921 0.11354
-18.0848 34.6787 340.043 -4718.06 -6403.11 0.0334558 19.079 -30.9003 -340.043 -4338.38 1254.13 -0.0334558
-28.6319 46.8957 333.283 -6402.2 -10006.2 0.180485 29.6666 -43.3169 -333.283 -6056.77 1927.41 -0.180485
-36.4521 54.7131 333.041 -7522.97 -13059.2 0.322255 38.0571 -51.7343 -333.041 -7178.69 2731.02 -0.322255
-42.099 57.77 336.825 -7966.35 -15642.9 0.454112 44.2003 -55.2655 -336.825 -7645.68 3676.27 -0.454112
-46.4755 54.7037 334.024 -7638.86 -17733.3 0.572381 48.6048 -53.7382 -334.024 -7338.8 4546.17 -0.572381
-50.196 46.5771 329.409 -6590.32 -19414.4 0.67428 52.6525 -46.7679 -329.409 -6302.01 5148.78 -0.67428
-54.3979 34.1727 327.586 -4818.77 -20769.6 0.757699 55.9658 -33.8628 -327.586 -4577.79 5461.86 -0.757699
-58.6436 17.9098 326.247 -2560.36 -21755.6 0.820972 58.4051 -17.8745 -326.247 -2381.78 5521.92 -0.820972
-60.5105 0.254516 323.461 -155.649 -22269.9 0.863056 60.7191 -0.825625 -323.461 6.75952 5458.13 -0.863056
-59.995 -16.4031 320.589 2209.99 -22200.8 0.883701 60.6881 16.6584 -320.589 2356.59 5465.17 -0.883701
-56.7856 -30.7346 316.47 4270.3 -21517.5 0.883352 57.9504 31.6075 -316.47 4340.29 5605.44 -0.883352
-51.1112 -40.653 311.56 5735.33 -20329.8 0.863122 54.1599 42.3065 -311.56 5722.7 5728.81 -0.863122
-44.8672 -45.3652 307.23 6444.86 -18742.1 0.824858 49.4147 47.5626 -307.23 6389.78 5663.96 -0.824858
-39.4309 -44.9899 303.599 6364.01 -16818.2 0.770957 43.5765 46.7953 -303.599 6312.61 5303.64 -0.770957
-33.7082 -39.5091 301.277 5532.75 -14597.5 0.704114 37.9895 40.615 -301.277 5533.11 4652.56 -0.704114
-27.3498 -29.1248 301.041 4073.43 -12035.7 0.62716 31.5217 30.2474 -301.041 4126.19 3870.63 -0.62716
-19.7983 -14.9943 303.697 2072.33 -9090.44 0.542896 23.5757 15.6444 -303.697 2158.92 3074.79 -0.542896
-11.3652 3.20682 310.48 -481.257 -5718.87 0.453917 14.4018 -2.73714 -310.48 -339.386 2144.73 -0.453917
-0.316162 23.6119 323.179 -3411.13 -1454.58 0.362306 3.26139 -22.5111 -323.179 -2957.8 955.504 -0.362306
13.8241 38.6598 340.917 -5456.78 3558.11 0.26929 -10.8669 -36.8137 -340.917 -4966.04 -141.66 -0.26929
25.8926 47.4738 337.416 -6574.55 7831.77 0.175839 -23.4171 -45.683 -337.416 -6291.09 -1003.55 -0.175839
35.5773 52.4664 332.411 -7186.03 11411.7 0.0838236 -32.7996 -50.4474 -332.411 -7027.59 -1938.85 -0.0838236
43.6076 53.2053 337.893 -7323.33 14634.1 -0.00424039 -40.4775 -52.178 -337.893 -7231.88 -2979.82 0.00424039
50.999 49.1253 338.128 -6794.46 17596.8 -0.0866118 -47.9008 -49.3154 -338.128 -6802.13 -3885.87 0.0866118
57.8931 41.1773 332.897 -5735.43 20215 -0.162954 -54.5353 -42.053 -332.897 -5760.21 -4627.29 0.162954
64.3778 29.4406 329.429 -4091.74 22583.1 -0.233646 -60.998 -30.3815 -329.429 -4170.8 -5199.82 0.233646
69.8467 14.9651 328.149 -2079.71 24617.8 -0.298865 -66.8266 -16.1165 -328.149 -2213.3 -5667.73 0.298865
74.0847 0.062492 325.035 -27.6384 26186.5 -0.358582 -71.1092 -1.25163 -325.035 -153.918 -6055.01 0.358582
76.6777 -14.3025 319.903 1919.32 27247.6 -0.41294 -73.9051 12.7282 -319.903 1814.09 -6369.55 0.41294
77.7633 -28.0448 315.816 3712 27810.5 -0.46223 -75.0015 24.676 -315.816 3569.57 -6630.01 0.46223
77.829 -39.0037 313.186 5252.63 27917.5 -0.506774 -74.6932 35.6147 -313.186 5053.31 -6770.47 0.506774
76.7609 -47.3341 310.456 6445.61 27593.2 -0.546717 -73.6557 44.1698 -310.456 6192.43 -6738.66 0.546717
74.4514 -53.3104 307.747 7218.82 26836.7 -0.581644 -71.7496 49.1984 -307.747 6939.07 -6567.49 0.581644
70.6822 -55.8057 306.235 7578.68 25621.2 -0.610508 -68.3324 51.827 -306.235 7286.79 -6348.46 0.610508
65.4601 -55.0723 305.696 7516.84 23954.8 -0.631849 -63.3008 51.6883 -305.696 7228.1 -6103.22 0.631849
59.0379 -51.2405 305.282 6998.24 21892.5 -0.644133 -57.1275 48.1853 -305.282 6733.55 -5786.62 0.644133
52.2386 -44.0589 305.366 6006.35 19523.5 -0.646039 -50.0513 41.3378 -305.366 5787.7 -5341.01 0.646039
44.9881 -33.5138 306.632 4543.43 16931.1 -0.636484 -42.881 31.1174 -306.632 4382.55 -4748.11 0.636484
37.4413 -20.0157 309.053 2644.69 14150.6 -0.614597 -35.4673 17.6341 -309.053 2554.83 -4042.42 0.614597
29.4556 -3.96266 312.697 413.009 11175.1 -0.579824 -27.6068 1.58764 -312.697 353.422 -3264.51 0.579824
20.9033 13.0756 317.617 -1993.68 7942.65 -0.532009 -19.1993 -15.6298 -317.617 -1970.46 -2384.08 0.532009
10.2554 27.6995 322.911 -4203.31 4135.92 -0.471212 -8.43318 -30.7085 -322.911 -3862.46 -1544.63 0.471212
-2.0528 35.8348 329.36 -5515.16 -215.035 -0.397421 3.88735 -39.5094 -329.36 -4889.41 -604.877 0.397421
-12.326 34.6232 333.963 -5352.27 -4191.93 -0.311059 14.0788 -39.128 -333.963 -4832.46 535.548 0.311059
-21.2033 24.5833 329.572 -3834.06 -7530.55 -0.213873 22.7573 -29.1971 -329.572 -3592.78 1440.22 0.213873
-28.7428 7.54168 327.411 -1426.33 -10294.7 -0.10861 29.9604 -12.2931 -327.411 -1312.66 2159.71 0.10861
-35.3957 -13.9862 329.217 1530.76 -12645.3 0.00163642 36.4439 9.08081 -329.217 1655.15 2687.99 -0.00163642
-40.8269 -35.0879 327.941 4493.76 -14552.3 0.11357 41.7156 30.6234 -327.941 4581.99 3110.29 -0.11357
-43.9325 -54.3121 324.153 7226.34 -15938.6 0.22409 44.8115 49.9739 -324.153 7177.36 3635.1 -0.22409
-45.4463 -69.7377 320.461 9437.8 -16903.3 0.330631 46.1905 65.5379 -320.461 9246.21 4196.4 -0.330631
-46.4247 -79.9758 317.337 10920.3 -17570 0.431126 47.0282 76.0412 -317.337 10628.4 4609.74 -0.431126
-47.3779 -84.0446 314.537 11506.1 -17989.3 0.523761 47.7684 80.2503 -314.537 11185.9 4793.98 -0.523761
-47.9929 -81.6809 311.826 11173.9 -18127.1 0.606711 48.0203 78.0748 -311.826 10891 4812.15 -0.606711
-47.6254 -73.1298 310.342 9970.16 -17937.6 0.678242 47.1792 69.8498 -310.342 9777.54 4790.64 -0.678242
-45.6985 -58.963 310.109 8002.83 -17399 0.737033 45.1585 56.4083 -310.109 7931.63 4798.95 -0.737033
-42.5859 -40.9954 311.046 5482.75 -16519.7 0.78211 41.8867 38.7064 -311.046 5525.09 4803.75 -0.78211
-38.8997 -20.004 312.814 2536.2 -15392.3 0.812664 38.0437 17.6054 -312.814 2658.16 4719.41 -0.812664
-34.9174 2.16862 314.908 -544.796 -14075.9 0.828064 34.7078 -4.30096 -314.908 -348.479 4417.78 -0.828064
-30.756 21.5924 317.278 -3280.26 -12510.7 0.827945 30.872 -24.2131 -317.278 -3045.55 3962.07 -0.827945
-24.8051 36.0099 317.823 -5364.65 -10560.4 0.812134 25.551 -39.0281 -317.823 -4998.31 3574.33 -0.812134
-17.2223 43.7349 316.162 -6512.38 -8296.62 0.780449 18.8471 -47.0564 -316.162 -6026.09 3290.11 -0.780449
-9.42898 44.7043 316.26 -6710.52 -5823.41 0.732817 11.5439 -48.1998 -316.26 -6119.48 2908.61 -0.732817
-2.77721 39.335 317.4 -5883.81 -3270.12 0.669612 4.922 -41.4411 -317.4 -5270.9 2195.82 -0.669612
3.67966 26.393 322.702 -4026.84 -429.592 0.591696 -1.20454 -28.3113 -322.702 -3527.12 1100.83 -0.591696
12.5047 4.83453 332.159 -841.725 3072.87 0.500095 -10.3592 -6.93619 -332.159 -783.655 89.1437 -0.500095
20.0219 -17.165 327.67 2361.67 6012.03 0.396108 -18.013 15.3995 -327.67 2135.28 -747.095 -0.396108
26.6272 -34.8193 325.668 4760.4 8463.6 0.282631 -24.604 32.2821 -325.668 4506.42 -1368.68 -0.282631
32.2909 -47.8249 327.334 6536.94 10643.9 0.164069 -30.5167 44.6641 -327.334 6236.54 -1942.84 -0.164069
36.4758 -56.1651 323.973 7695.38 12465.8 0.0443274 -34.4817 52.831 -323.973 7358.18 -2632.83 -0.0443274
40.1715 -60.192 319.191 8246.88 14044.4 -0.073561 -37.1691 56.7341 -319.191 7902 -3324.54 0.073561
43.5477 -59.4028 318.115 8157.89 15529.1 -0.187225 -40.5048 56.516 -318.115 7851.94 -3877.25 0.187225
47.1866 -53.8026 317.915 7398.49 16895.8 -0.294995 -44.0303 51.6539 -317.915 7166.43 -4250.08 0.294995
50.4969 -44.0109 317.155 6059.89 18021.9 -0.395166 -46.8127 42.4407 -317.155 5880.1 -4531.23 0.395166
52.3344 -30.4061 317.107 4189.62 18878.2 -0.485936 -49.2323 29.3184 -317.107 4058.95 -4796.81 0.485936
53.139 -14.4384 318.292 1961.44 19437.4 -0.565752 -50.5359 13.3577 -318.292 1877.45 -5062.58 0.565752
52.7389 1.91909 319.983 -311.28 19656.4 -0.633104 -50.8471 -3.07493 -319.983 -378.545 -5292.45 0.633104
51.2266 16.4464 320.878 -2374.93 19511.3 -0.686421 -50.2371 -18.2019 -320.878 -2410.53 -5440.22 0.686421
49.1574 27.8352 319.37 -3976.19 19016.8 -0.724245 -48.4111 -29.652 -319.37 -3963.62 -5485.02 0.724245
46.4282 34.5599 318.216 -4950.78 18236.1 -0.74534 -46.1133 -36.7975 -318.216 -4904.66 -5401.12 0.74534
43.1857 36.3072 317.77 -5217.65 17188 -0.748823 -43.3556 -38.8974 -317.77 -5169.09 -5185.03 0.748823
39.5555 33.2445 316.362 -4765.07 15853 -0.734305 -39.662 -35.5379 -316.362 -4734.55 -4866.04 0.734305
35.1763 25.423 314.626 -3647.63 14255.2 -0.701979 -35.4359 -27.4336 -314.626 -3652.3 -4462.3 0.701979
30.1381 13.3481 314.288 -1963.89 12425.5 -0.652652 -30.7892 -15.426 -314.288 -2009.95 -3976.18 0.652652
24.462 -1.96199 314.64 179.154 10348.3 -0.587739 -25.7345 0.0535917 -314.64 99.1581 -3387.83 0.587739
18.2373 -18.7745 314.908 2578.8 7947.39 -0.509141 -19.7724 17.215 -314.908 2391.19 -2677.46 0.509141
10.6914 -34.1561 316.09 4844.94 5092.94 -0.41905 -12.123 32.9561 -316.09 4422.95 -1929.42 0.41905
1.73495 -45.4263 319.39 6514.94 1830.78 -0.319963 -3.47416 44.4477 -319.39 5896.43 -1106.74 0.319963
-7.65785 -50.9788 321.826 7296.91 -1685.09 -0.214996 5.65874 50.2056 -321.826 6676.71 -157.814 0.214996
-16.9191 -50.3361 322.506 7121.78 -5087.83 -0.107747 14.9198 49.8486 -322.506 6714.09 678.405 0.107747
-24.9613 -44.3862 321.482 6190.59 -8065.06 -0.00157495 22.8541 44.1521 -321.482 6037.06 1440.82 0.00157495
-31.5375 -34.3712 322.669 4738.64 -10651.2 0.100424 29.3137 34.3413 -322.669 4751.1 2218.34 -0.100424
-37.1562 -20.8772 324.269 2806.41 -12978.2 0.195067 35.2489 20.8774 -324.269 2960.37 2941.66 -0.195067
-42.1395 -5.88775 325.701 739.642 -15012 0.27973 40.5232 5.95547 -325.701 896.187 3551.61 -0.27973
-46.6502 9.19551 326.427 -1344.07 -16759.1 0.353028 45.0916 -8.97486 -326.427 -1165.22 4038.59 -0.353028
-49.9469 21.8973 327.497 -3109.88 -18159.1 0.414352 48.65 -21.6192 -327.497 -2900.08 4486.47 -0.414352
-51.8446 31.3898 327.03 -4435.32 -19172.4 0.463321 50.8518 -31.0902 -327.03 -4193.85 4929.56 -0.463321
-52.6842 36.7523 325.5 -5215.34 -19820.7 0.50002 51.8853 -36.7989 -325.5 -4942.98 5316.64 -0.50002
-52.9363 37.8299 324.074 -5387.4 -20148.8 0.525165 52.13 -38.16 -324.074 -5107.74 5574.77 -0.525165
-52.6268 34.5637 322.489 -4936.23 -20169.9 0.539752 51.8804 -35.0159 -322.489 -4673.49 5673.12 -0.539752
-51.3919 27.1717 320.477 -3904.2 -19859.1 0.544922 51.0623 -27.727 -320.477 -3677.81 5647.18 -0.544922
-48.9982 16.4709 318.451 -2406.75 -19180.6 0.542069 49.1938 -17.0086 -318.451 -2216.92 5559.86 -0.542069
-45.8441 4.01775 316.902 -619.374 -18134.4 0.532624 45.8451 -3.87334 -316.902 -470.21 5415.36 -0.532624
-41.7069 -9.02274 315.853 1237.39 -16755.1 0.517898 41.8807 9.6145 -315.853 1336.84 5159.45 -0.517898
-36.8508 -20.7152 312.705 2908.75 -15071.2 0.499165 37.3495 21.7594 -312.705 2957.56 4777.85 -0.499165
-31.5308 -29.1214 309.467 4143.56 -13129.2 0.477582 32.0455 31.0262 -309.467 4163.42 4309.64 -0.477582
-25.3918 -33.9534 308.745 4889.17 -10924.5 0.454048 25.951 36.3302 -308.745 4817.45 3801.26 -0.454048
-18.9559 -33.9623 306.669 4918.34 -8546.5 0.42919 19.6603 36.2723 -306.669 4781.24 3188.48 -0.42919
-12.5398 -28.6819 306.588 4220.59 -6010.19 0.403427 13.1403 31.3823 -306.588 4074.12 2446.51 -0.403427
-5.71794 -18.0464 312.22 2776.91 -3184.19 0.37686 6.06661 21.0396 -312.22 2620.52 1547.39 -0.37686
2.49086 -0.59097 323.129 306.484 192.388 0.349008 -2.16219 3.65671 -323.129 280.156 448.981 -0.349008
12.6058 18.7649 330.095 -2494.9 3835.1 0.318716 -12.3736 -15.9209 -330.095 -2294.85 -378.441 -0.318716
20.3926 33.9309 328.301 -4609.61 6718.97 0.284634 -20.3217 -31.3365 -328.301 -4403.81 -1081.17 -0.284634
26.5287 45.043 329.91 -6138.04 9127.46 0.246186 -26.5041 -42.5031 -329.91 -5952.7 -1780.55 -0.246186
31.3377 52.1269 332.338 -7136.82 11157 0.204026 -30.9143 -49.8708 -332.338 -6950.28 -2529.35 -0.204026
35.2899 55.0668 330.679 -7531.27 12894.2 0.159062 -34.6513 -52.7478 -330.679 -7359.42 -3198.41 -0.159062
39.0339 53.8634 327.956 -7326.03 14425.5 0.111221 -38.1981 -51.3633 -327.956 -7207.3 -3717.69 -0.111221
42.5292 48.8791 327.105 -6604.8 15751.1 0.0599069 -41.299 -46.4573 -327.105 -6562.58 -4127.87 -0.0599069
45.1585 41.2845 326.719 -5511.07 16796.8 0.00526733 -43.8309 -38.6094 -326.719 -5523.46 -4457.31 -0.00526733
46.9571 31.794 324.062 -4176.21 17526.2 -0.0519138 -45.5576 -28.9501 -324.062 -4213.37 -4697.66 0.0519138
48.0174 21.2922 320.924 -2712.7 17959.9 -0.110821 -46.4491 -18.466 -320.924 -2778.4 -4860.85 0.110821
47.8904 10.915 319.388 -1289.91 18094.6 -0.170409 -46.8207 -8.42393 -319.388 -1381.05 -4961.44 0.170409
46.9029 1.36179 317.492 -23.0105 17890.6 -0.229307 -45.9926 0.286265 -317.492 -125.573 -5008.94 0.229307
45.1532 -7.10174 314.923 1079.14 17358.2 -0.286025 -44.2029 7.73021 -314.923 969.232 -4967.27 0.286025
42.6275 -13.6574 312.251 1994.9 16541.1 -0.338937 -41.9695 14.3042 -312.251 1866.76 -4810.38 0.338937
39.5943 -18.2581 310.392 2644.08 15457 -0.386277 -38.9429 19.0367 -310.392 2506.51 -4566.77 0.386277
36.1497 -20.2965 309.388 2928.96 14126.1 -0.426324 -35.0667 21.1792 -309.388 2798.98 -4251.32 0.426324
31.9581 -19.4523 308.751 2798.89 12580.1 -0.457601 -30.8113 20.275 -308.751 2687.49 -3876.82 0.457601
27.4016 -15.6031 309.367 2269.8 10857.5 -0.478962 -26.0407 16.5102 -309.367 2164.99 -3447.74 0.478962
22.6312 -8.79642 311.788 1337.55 8995.19 -0.489696 -21.0042 9.86179 -311.788 1239.02 -2945.46 0.489696
17.3983 0.710186 315.183 4.06695 6980.93 -0.489559 -15.9501 0.275288 -315.183 -64.1655 -2357.94 0.489559
11.335 12.2314 319.376 -1668.33 4671.12 -0.478609 -9.80411 -11.3511 -319.376 -1588.18 -1740.5 0.478609
3.66474 23.8464 323.5 -3417.3 1935.75 -0.456995 -2.0192 -22.9135 -323.5 -3039.68 -1145.68 0.456995
-3.67632 32.5856 328.554 -4709.69 -807.913 -0.425177 4.96109 -31.4996 -328.554 -4139.88 -386.085 0.425177
-10.0142 37.5707 329.84 -5370.75 -3243.97 -0.384537 10.9317 -36.1027 -329.84 -4803.13 343.939 0.384537
-15.8309 38.7591 327.538 -5472.57 -5364.04 -0.337037 16.6432 -37.1613 -327.538 -5011.79 866.29 0.337037
-20.966 36.8634 326.521 -5139.97 -7172.69 -0.284417 21.4814 -35.1244 -326.521 -4801.43 1292.5 0.284417
-24.6144 32.3768 326.405 -4455.94 -8621.81 -0.228589 24.8313 -30.3655 -326.405 -4208.7 1770.46 0.228589
-27.0756 25.2604 324.079 -3449.49 -9758.39 -0.171793 27.0807 -23.3888 -324.079 -3268.86 2252.65 0.171793
-29.053 16.3312 321.984 -2236.84 -10658.2 -0.115796 28.7895 -15.0511 -321.984 -2096.91 2640.34 0.115796
-30.652 6.71762 321.161 -915.571 -11343 -0.0615271 30.1209 -5.58981 -321.161 -783.891 2918 0.0615271
-31.8375 -3.60918 319.85 440.907 -11810.7 -0.00910987 31.0603 3.61506 -319.85 556.98 3090.62 0.00910987
-32.4193 -13.1581 318.361 1700.41 -12039.5 0.0419904 31.1053 12.2606 -318.361 1810.2 3231.97 -0.0419904
-32.46 -21.1632 317.844 2812.41 -12054.8 0.0925515 30.1902 20.2627 -317.844 2908.95 3367.62 -0.0925515
-31.9045 -28.1032 317.498 3740.4 -11905.6 0.143273 28.9548 26.4425 -317.498 3792.9 3465.82 -0.143273
-30.8476 -33.1284 316.951 4434.55 -11631 0.194716 27.6558 31.0432 -316.951 4428.14 3517.2 -0.194716
-29.762 -35.9406 316.48 4835.67 -11274.7 0.247183 26.0631 33.7719 -316.48 4792.26 3531.66 -0.247183
-28.1131 -36.7184 316.652 4934.44 -10852.6 0.300611 24.622 34.2749 -316.652 4870.33 3537.34 -0.300611
-26.34 -34.536 317.018 4706.04 -10370.8 0.354653 22.8325 33.1108 -317.018 4636.51 3548.83 -0.354653
-24.6437 -30.014 317.395 4100.68 -9860.94 0.408679 20.9038 29.0348 -317.395 4054.36 3541.04 -0.408679
-23.1247 -22.8069 318.189 3102.58 -9370.9 0.461682 19.3709 22.167 -318.189 3108.6 3474 -0.461682
-22.0184 -12.6794 319.444 1752.12 -8911.44 0.512387 18.1815 13.1787 -319.444 1819.08 3333.22 -0.512387
-21.1139 -1.32451 320.653 138.095 -8453.72 0.559434 17.2003 1.55728 -320.653 260.057 3137.58 -0.559434
-20.1314 10.7106 321.199 -1540.77 -7973.51 0.601367 16.4514 -10.2978 -321.199 -1360.28 2898.23 -0.601367
-18.626 21.7275 321.186 -3045.8 -7424.6 0.636579 15.4066 -20.4345 -321.186 -2776.52 2703.23 -0.636579
-17.0456 30.0964 320.86 -4184 -6843.89 0.663371 13.9766 -27.9851 -320.86 -3836.79 2539.94 -0.663371
-15.426 35.3339 320.233 -4905.39 -6281.88 0.679987 13.0703 -32.7242 -320.233 -4493.18 2328.5 -0.679987
-14.4365 37.4991 319.453 -5189.77 -5755.8 0.684701 12.3945 -34.3819 -319.453 -4736.68 2034.24 -0.684701
-14.084 36.5653 319.015 -5051.53 -5264.54 0.676018 11.8857 -33.3016 -319.015 -4596.67 1663.86 -0.676018
-13.4824 33.3247 319.122 -4571.21 -4767.94 0.652784 11.7496 -29.7264 -319.122 -4135.61 1271.12 -0.652784
-12.8441 28.3514 319.595 -3846.55 -4212.59 0.614129 10.9658 -24.4345 -319.595 -3442.57 914.141 -0.614129
-12.0561 22.4647 320.02 -3013.04 -3596.63 0.559498 9.80295 -18.5373 -320.02 -2648.73 569.614 -0.559498
-11.0789 16.6956 320.33 -2199.5 -2953.78 0.489022 8.90667 -12.8975 -320.33 -1886.77 187.511 -0.489022
-10.0149 12.3946 320.353 -1572.79 -2271.89 0.404068 7.87966 -8.50645 -320.353 -1313.2 -203.627 -0.404068
-8.506 10.1839 320.535 -1246.14 -1542.13 0.307326 6.71308 -6.26798 -320.535 -1025.48 -562.011 -0.307326
-6.93525 10.3123 320.932 -1261.26 -810.987 0.202134 5.34746 -6.42754 -320.932 -1050.12 -885.802 -0.202134
-5.28682 12.6385 321.559 -1595.09 -94.3572 0.0916647 3.90417 -8.75195 -321.559 -1358.5 -1173.66 -0.0916647
-3.66528 16.7402 322.012 -2189.2 620.526 -0.021267 2.16016 -12.87 -322.012 -1899.46 -1422.03 0.021267
-2.05593 21.7849 322.32 -2939.11 1304.53 -0.13375 0.491101 -18.1763 -322.32 -2578.96 -1651.65 0.13375
-0.607775 26.8172 322.398 -3697.9 1897.65 -0.242547 -0.764162 -23.6815 -322.398 -3275.41 -1869.9 0.242547
1.29376 31.229 322.167 -4348.14 2444.76 -0.344741 -1.92244 -28.4101 -322.167 -3887.52 -1993.08 0.344741
3.79955 34.3251 321.55 -4798.02 3017.86 -0.43817 -3.72043 -31.7936 -321.55 -4332.55 -1970.69 0.43817
6.24934 36.4078 321.031 -5017.18 3591.49 -0.520947 -6.05094 -33.048 -321.031 -4574.31 -1883.16 0.520947
8.52581 36.9993 320.856 -5041.77 4100.11 -0.591362 -7.79777 -33.0587 -320.856 -4632.93 -1835.2 0.591362
9.79324 36.1976 320.708 -4915.68 4519.09 -0.648105 -9.52029 -32.2917 -320.708 -4542.4 -1840.39 0.648105
10.2783 34.6987 320.477 -4664.51 4836.49 -0.68997 -11.1727 -30.4199 -320.477 -4328.08 -1861.92 0.68997
11.1764 32.0343 320.5 -4311.51 5045.8 -0.715884 -11.9527 -28.2633 -320.5 -4015.29 -1839.13 0.715884
11.8009 28.4974 320.633 -3854.36 5157.99 -0.725299 -13.1452 -25.5124 -320.633 -3604.08 -1700.52 0.725299
11.8359 23.9288 320.475 -3264.77 5106.81 -0.718078 -14.2559 -21.9355 -320.475 -3068.75 -1491.76 0.718078
11.5713 18.1939 320.155 -2518.6 4808.45 -0.694306 -13.8042 -17.2494 -320.155 -2375.78 -1293.46 0.694306
10.3478 11.8468 320.095 -1613.18 4262.82 -0.654239 -12.7344 -10.8702 -320.095 -1523.78 -1066.23 0.654239
8.31691 4.56889 319.714 -621.884 3466.12 -0.598289 -11.2355 -4.32777 -319.714 -606.632 -759.234 0.598289
5.62938 -2.69672 319.088 378.518 2365.13 -0.527401 -8.6129 2.17141 -319.088 293.703 -394.279 0.527401
2.14273 -9.1777 319.622 1314.83 984.902 -0.443506 -5.29856 8.48537 -319.622 1124.2 43.6056 0.443506
-1.73859 -14.2018 320.848 2030.87 -575.75 -0.349346 -1.56895 13.5224 -320.848 1797.53 549.606 0.349346
-6.1258 -17.3081 322.245 2443.19 -2324.12 -0.247927 3.29956 16.6595 -322.245 2247.46 1015.91 0.247927
-10.2207 -18.5441 321.842 2563.99 -3962.33 -0.14231 7.53997 17.7054 -321.842 2441.9 1498.86 0.14231
-13.923 -18.3852 322.322 2494.43 -5476.69 -0.0354359 11.3762 17.304 -322.322 2434.2 1967.81 0.0354359
-16.9088 -17.4768 323.317 2306.38 -6881.3 0.0704154 15.5235 15.8941 -323.317 2302.2 2383 -0.0704154
-19.708 -16.14 322.886 2087.86 -8136.3 0.173685 19.0655 14.3335 -322.886 2120.68 2758.23 -0.173685
-22.3942 -14.8516 322.143 1893.19 -9229.29 0.273177 21.8896 13.0357 -322.143 1958.26 3086.66 -0.273177
-25.0429 -13.7154 322.131 1743.72 -10182.7 0.368044 24.4409 12.1688 -322.131 1831.15 3318.85 -0.368044
-27.6911 -12.6386 321.837 1613.61 -11000.1 0.457646 26.9429 11.4702 -321.837 1716.09 3422.56 -0.457646
-30.2162 -11.6562 321.29 1474.74 -11658.3 0.541287 29.1755 10.5379 -321.29 1590.53 3421.92 -0.541287
-32.1402 -10.4741 320.991 1318.29 -12123.7 0.618291 30.8751 9.51713 -320.991 1442.77 3385.68 -0.618291
-33.5448 -9.12529 320.971 1143.87 -12382.9 0.688001 31.6836 8.37959 -320.971 1273.81 3338.69 -0.688001
-34.134 -7.94458 320.666 961.949 -12450.4 0.749626 32.1872 6.9541 -320.666 1095.8 3255.26 -0.749626
-34.1593 -6.90719 320.007 806.06 -12334.9 0.802197 32.31 5.75118 -320.007 942.28 3120.01 -0.802197
-33.9233 -6.18696 319.25 710.01 -12037.6 0.844584 31.7212 5.0914 -319.25 847.732 2938.01 -0.844584
-33.0932 -6.0686 318.405 691.428 -11569.1 0.875467 30.8341 4.93744 -318.405 828.691 2708.48 -0.875467
-31.741 -6.463 317.436 755.995 -10930.6 0.893376 29.4811 5.48444 -317.436 894.112 2445.99 -0.893376
-29.9081 -7.42107 316.45 892.358 -10127.7 0.896844 27.5421 6.50272 -316.45 1030.66 2166.87 -0.896844
-27.4043 -8.71183 315.858 1076.79 -9173.07 0.884501 25.309 7.83077 -315.858 1207.85 1869.59 -0.884501
-24.4297 -9.78803 315.663 1256.1 -8067.81 0.855096 22.6237 9.23107 -315.663 1370.49 1549.5 -0.855096
-20.8792 -10.0955 315.548 1354.94 -6803.63 0.807541 19.4774 10.1015 -315.548 1434.25 1213.96 -0.807541
-16.7539 -8.7667 316.185 1252.92 -5365.76 0.740973 15.9012 9.71189 -316.185 1298.94 843.732 -0.740973
-12.2158 -5.51873 317.27 860.496 -3712.5 0.654876 11.3615 7.09962 -317.27 882.083 448.342 -0.654876
-6.68685 0.310917 318.931 98.4419 -1793.92 0.549449 6.15125 2.16486 -318.931 157.699 17.1473 -0.549449
-1.36153 8.10213 322.172 -991.106 210.441 0.426169 0.629277 -5.13279 -322.172 -836.33 -484.799 -0.426169
3.84766 15.7367 324.664 -2169.27 2227.24 0.287995 -5.47115 -14.0031 -324.664 -1937.35 -935.446 -0.287995
8.07668 22.5256 323.54 -3118.44 3881.36 0.138988 -9.95355 -20.837 -323.54 -2869.52 -1382.39 -0.138988
11.6144 27.1698 323.54 -3763.18 5239 -0.0162838 -13.6529 -25.5813 -323.54 -3521.45 -1736.85 0.0162838
14.756 28.838 323.973 -4054.83 6368.96 -0.173467 -16.9937 -28.4667 -323.973 -3858.83 -1968.44 0.173467
17.7787 28.334 322.525 -3968.55 7268.6 -0.328532 -19.569 -28.1583 -322.525 -3832.99 -2092.64 0.328532
20.3616 25.3471 321.32 -3527.16 7941.42 -0.477173 -21.5446 -25.1333 -321.32 -3444.13 -2134.28 0.477173
22.0535 19.9813 321.144 -2776.89 8395.28 -0.614949 -23.2241 -20.0054 -321.144 -2745.22 -2121.54 0.614949
22.7408 13.0853 320.228 -1797.65 8583.63 -0.7378 -24.0482 -13.1144 -320.228 -1820.49 -2100.9 0.7378
22.4874 5.44469 318.841 -717.225 8485.28 -0.841942 -23.7983 -5.33159 -318.841 -770.975 -2072.51 0.841942
21.2087 -2.00263 317.924 337.965 8113.38 -0.92396 -22.9014 2.36087 -317.924 264.565 -2002.22 0.92396
19.1464 -8.41268 316.997 1253.61 7465.08 -0.981043 -21.1876 8.9662 -316.997 1146.24 -1877.27 0.981043
16.3222 -12.997 315.983 1923.43 6537.56 -1.01087 -18.5847 13.7068 -315.983 1764.1 -1701.82 1.01087
12.9179 -15.1824 315.694 2266.15 5341.69 -1.0117 -15.0872 16.1146 -315.694 2055.61 -1462.26 1.0117
9.16604 -14.7354 316.278 2242.67 3888.93 -0.982645 -10.7052 15.8815 -316.278 1985.11 -1136.45 0.982645
5.10925 -11.4156 317.688 1793.36 2183.79 -0.923858 -5.53151 12.7188 -317.688 1539.24 -710.025 0.923858
0.183156 -5.06221 319.737 852.086 272.434 -0.836599 -0.211128 6.50917 -319.737 745.817 -217.797 0.836599
-5.17915 3.1069 322.399 -371.063 -1671.8 -0.723691 5.01046 -1.47173 -322.399 -261.032 260.715 0.723691
-10.1181 11.3208 323.117 -1567.8 -3435.59 -0.589887 10.0145 -9.71231 -323.117 -1336.46 647.403 0.589887
-14.5098 18.6056 323.329 -2602.55 -4901.72 -0.441203 13.82 -17.1287 -323.329 -2331.88 977.673 0.441203
-18.704 24.2144 324.632 -3376.93 -6185.59 -0.28364 17.1449 -22.6612 -324.632 -3096.2 1219.56 0.28364
-22.0008 27.5919 325.039 -3833.12 -7299.28 -0.122548 20.4249 -26.0474 -325.039 -3574.19 1421.74 0.122548
-24.3351 28.5814 324.108 -3952.91 -8214.53 0.0373815 22.8506 -26.9359 -324.108 -3713.83 1676.74 -0.0373815
-26.148 27.0513 323.868 -3725.68 -8961.59 0.191968 24.3834 -25.3536 -323.868 -3511.29 1959.21 -0.191968
-27.4949 23.066 323.918 -3170.01 -9586.01 0.337649 26.003 -21.5507 -323.918 -2991.42 2171.88 -0.337649
-28.8318 16.887 323.273 -2354.02 -10068.6 0.471809 27.2967 -16.1294 -323.273 -2205.39 2289.67 -0.471809
-29.8343 9.13929 322.375 -1320.81 -10376.4 0.592559 28.0471 -9.02282 -322.375 -1187.19 2354.54 -0.592559
-30.1343 -0.48836 321.555 -93.2152 -10500.1 0.698179 28.4039 -0.883754 -321.555 38.79 2387.21 -0.698179
-29.6572 -11.0398 320.192 1281.68 -10420.7 0.787056 28.1266 8.43119 -320.192 1407.44 2412.16 -0.787056
-28.4582 -21.1429 319.088 2721.76 -10126 0.857755 26.9824 18.9111 -319.088 2809.94 2441.78 -0.857755
-26.6884 -30.637 317.947 4099.98 -9641.05 0.90909 25.2529 28.6954 -317.947 4094.13 2441.23 -0.90909
-24.6725 -37.6955 316.049 5163.51 -9030.51 0.940455 23.3714 36.4194 -316.049 5072.1 2370.63 -0.940455
-22.5226 -41.6183 314.476 5777.19 -8313.47 0.951835 21.1969 40.9666 -314.476 5628.13 2252.88 -0.951835
-20.2383 -41.7223 313.733 5838.54 -7510.03 0.943523 18.7812 41.5408 -313.733 5660.34 2100.87 -0.943523
-17.6959 -37.7662 313.574 5297.31 -6633.71 0.916117 16.2699 37.7039 -313.574 5125.15 1925.06 -0.916117
-14.9594 -29.6584 314.374 4151.68 -5700.8 0.870734 13.6662 29.5455 -314.374 4024.22 1732.42 -0.870734
-11.9126 -17.7567 316.629 2460.02 -4691.21 0.809055 10.9187 17.5003 -316.629 2408.79 1525.9 -0.809055
-8.57841 -2.83818 319.505 336.256 -3538.46 0.733138 7.73146 2.50392 -319.505 401.576 1276.75 -0.733138
-4.37946 12.1223 320.096 -1860.37 -2165.75 0.645185 3.71144 -12.656 -320.096 -1561.02 1042.1 -0.645185
-0.788109 23.4533 322.419 -3531.67 -813.208 0.547692 -0.0348157 -24.2698 -322.419 -3058.2 705.929 -0.547692
2.07074 29.9511 323.91 -4469.85 438.752 0.443728 -3.2856 -30.9264 -323.91 -3936.67 300.757 -0.443728
5.17482 31.4567 322.579 -4669.9 1651.68 0.336438 -6.43301 -32.5531 -322.579 -4169.23 -46.103 -0.336438
7.68512 28.7904 321.733 -4219.16 2714.33 0.228454 -9.42085 -29.405 -321.733 -3817.04 -347.061 -0.228454
9.33728 22.2804 322.594 -3230.44 3566.42 0.122094 -11.6952 -22.5739 -322.594 -2963.45 -654.857 -0.122094
9.86214 12.6486 322.3 -1832.68 4132.77 0.019421 -12.9165 -13.0754 -322.3 -1719.49 -978.493 -0.019421
9.91674 1.31785 320.642 -213.396 4416.3 -0.0778685 -13.0695 -2.10318 -320.642 -259.013 -1232.43 0.0778685
9.67064 -10.2499 319.84 1401.64 4452.3 -0.168319 -12.7905 8.70788 -319.84 1216.2 -1340.66 0.168319
9.45102 -20.5498 319.502 2846.79 4268.58 -0.250975 -12.0555 18.4875 -319.502 2543.86 -1289.15 0.250975
8.7972 -28.4113 318.426 3979.19 3872.48 -0.325553 -10.8343 26.3178 -318.426 3578.42 -1152.95 0.325553
7.03727 -33.7363 316.663 4737.59 3266.2 -0.391944 -9.04015 31.4918 -316.663 4269.91 -1038.89 0.391944
4.02222 -36.1055 315.935 5114.03 2436.69 -0.449847 -6.33577 34.2435 -315.935 4600.64 -1000.89 0.449847
0.42482 -35.7157 315.374 5086.09 1441.81 -0.498879 -3.03466 34.1134 -315.374 4556.75 -960.676 0.498879
-3.31425 -32.5021 315.454 4628.14 315.272 -0.538645 0.396196 31.0008 -315.454 4141.01 -826.601 0.538645
-6.80566 -26.6629 317.091 3770.74 -919.271 -0.568661 3.9175 25.08 -317.091 3374.4 -563.107 0.568661
-10.7651 -18.4841 320.009 2525.3 -2309.27 -0.58828 7.79863 16.5672 -320.009 2314.96 -258.635 0.58828
-13.9704 -9.62799 320.784 1182.43 -3602.39 -0.596943 11.4549 7.31175 -320.784 1156.91 84.012 0.596943
-16.6035 -2.08941 321.494 66.243 -4731.59 -0.594661 14.4705 -0.499663 -321.494 153.453 430.182 0.594661
-18.5419 3.03543 323.411 -689.398 -5714.78 -0.581751 17.3363 -5.97835 -323.411 -555.159 747.012 0.581751
-20.1654 5.18651 323.845 -1006.91 -6522.15 -0.558302 19.3312 -8.38215 -323.845 -866.65 1052.12 0.558302
-21.3081 4.74061 323.272 -891.521 -7157.49 -0.52447 20.8283 -7.25225 -323.272 -764.438 1320.8 0.52447
-21.7827 1.5556 323.222 -423.095 -7622.88 -0.480626 22.1457 -3.76019 -323.222 -310.794 1537.07 0.480626
-22.2546 -3.53768 322.703 295.909 -7893.02 -0.427084 22.3991 1.47059 -322.703 395.918 1705.99 0.427084
-22.6365 -9.35293 321.43 1158.49 -7994.27 -0.364232 22.2341 8.01955 -321.43 1240.78 1776.89 0.364232
-22.7735 -15.3364 320.505 1996.74 -7958.75 -0.292663 22.1538 14.0147 -320.505 2056.74 1733.69 0.292663
-22.5115 -20.1122 319.456 2682.47 -7765.1 -0.213152 21.5701 18.9361 -319.456 2710.15 1657.45 0.213152
-21.5213 -23.483 318.13 3142.42 -7401.27 -0.126754 20.23 21.9848 -318.13 3136.72 1616.45 0.126754
-19.9189 -25.3307 317.227 3393.13 -6905.56 -0.0348953 18.4465 23.543 -317.227 3356.31 1589.61 0.0348953
-17.7758 -26.205 316.797 3495.88 -6310.05 0.0606294 16.6745 23.9229 -316.797 3426.72 1536.32 -0.0606294
-15.0919 -26.5809 316.263 3529.46 -5601.85 0.157797 14.7752 23.7574 -316.263 3422.14 1462.88 -0.157797
-11.7776 -26.4108 315.878 3557.18 -4739.58 0.254346 12.2877 23.975 -315.878 3400.87 1403.89 -0.254346
-8.08423 -26.3083 316.15 3570.52 -3710.5 0.347707 9.06955 23.8458 -316.15 3355.44 1331.57 -0.347707
-4.28516 -25.9667 316.731 3529.8 -2543.16 0.435216 5.63445 23.1339 -316.731 3250.58 1165.84 -0.435216
-0.371369 -24.7903 317.961 3397.41 -1228.05 0.514352 2.08111 21.9458 -317.961 3056.36 884.755 -0.514352
3.33277 -22.9128 320.037 3123.49 164.899 0.582974 -1.7144 19.6592 -320.037 2755.19 530.56 -0.582974
7.37249 -20.1968 321.374 2732.82 1620.16 0.639472 -5.86094 16.7996 -321.374 2375.91 208.965 -0.639472
11.6333 -17.0901 322.144 2267.44 3064.38 0.682651 -9.95533 13.5723 -322.144 1966.66 -78.2769 -0.682651
15.3266 -14.3226 323.115 1836.84 4372.32 0.711969 -13.5397 10.6146 -323.115 1606.74 -378.057 -0.711969
18.2483 -12.3051 323.205 1567.2 5498.19 0.727741 -16.4591 9.03021 -323.205 1379.02 -694.258 -0.727741
20.4756 -11.5915 322.771 1462.98 6462.46 0.730433 -19.0254 8.42312 -322.771 1300.9 -993.731 -0.730433
22.2836 -11.8384 322.221 1521.51 7268.37 0.720072 -21.1446 9.13686 -322.221 1375.05 -1254.84 -0.720072
23.4268 -12.7703 321.151 1684.01 7894.86 0.696491 -22.8509 10.6384 -321.151 1548.62 -1485.79 -0.696491
23.7031 -14.1033 319.58 1873.93 8313.78 0.659585 -23.9898 12.1115 -319.58 1746.23 -1707.81 -0.659585
23.4671 -15.1437 318.182 2028.2 8515.29 0.609326 -24.2541 13.3042 -318.182 1900.34 -1904.55 -0.609326
23.1008 -15.4794 317.114 2087.47 8519.4 0.545769 -23.8064 13.8123 -317.114 1957.59 -2020.86 -0.545769
22.36 -14.7785 316.225 2003.21 8344.22 0.469184 -23.2523 13.3058 -316.225 1875.1 -2024.98 -0.469184
21.3943 -12.8939 315.708 1754.61 7980.19 0.380196 -22.144 11.6108 -315.708 1629.33 -1948.48 -0.380196
19.9037 -9.63619 315.841 1338.7 7414.06 0.279851 -20.389 8.86368 -315.841 1216 -1832.23 -0.279851
17.6818 -5.42287 316.246 773.208 6644.81 0.169778 -18.0587 4.96787 -316.246 661.662 -1693.77 -0.169778
14.9725 -0.72412 316.898 109.941 5681.48 0.0522809 -15.0884 0.295865 -316.898 30.9113 -1517.36 -0.0522809
11.64 4.04042 317.887 -575.75 4531.07 -0.0698285 -11.763 -4.38069 -317.887 -587.088 -1289.28 0.0698285
7.71633 7.90259 318.954 -1176.97 3190.17 -0.193316 -8.00463 -8.52383 -318.954 -1091.26 -1012.39 0.193316
3.30352 10.2085 320.133 -1574.74 1641.98 -0.314489 -3.46485 -11.2338 -320.133 -1386.04 -703.78 0.314489
-1.1379 10.3468 321.946 -1644.5 33.4062 -0.429472 0.957142 -11.6586 -321.946 -1394 -322.609 0.429472
-5.41979 7.51773 323.858 -1305.72 -1515.26 -0.534737 5.05634 -9.73075 -323.858 -1075.9 65.2 0.534737
-10.1603 2.17167 323.615 -554.219 -3057.17 -0.627103 9.56588 -4.88588 -323.615 -420.178 326.461 0.627103
-13.8389 -4.73345 322.898 444.566 -4352.88 -0.703786 13.3185 2.04252 -322.898 491.297 592.796 0.703786
-16.7069 -12.4085 323.193 1528.51 -5418.14 -0.763119 16.1045 9.75499 -323.193 1532.27 874.251 0.763119
-19.0005 -19.4093 322.596 2537.22 -6294.92 -0.804112 18.4274 17.1851 -322.596 2516.46 1110.88 0.804112
-20.9184 -25.0594 321.093 3331.98 -7010.92 -0.825454 20.5703 22.9707 -321.093 3301.03 1263.94 0.825454
-22.4738 -28.8004 319.43 3870.5 -7561.95 -0.825939 22.1362 26.9706 -319.43 3831.58 1382.28 0.825939
-23.3977 -30.7242 318.349 4123.99 -7940.62 -0.804934 23.2221 28.7272 -318.349 4086.4 1482.24 0.804934
-23.4456 -31.0279 317.308 4125.54 -8127.22 -0.762146 23.8857 28.4947 -317.308 4094.68 1569.97 0.762146
-22.9417 -29.6817 316.369 3931.96 -8100.88 -0.697747 23.6396 27.1086 -316.369 3910.9 1647.18 0.697747
-21.9939 -27.4518 316.068 3598.23 -7873.59 -0.612659 22.7439 24.5919 -316.068 3589.07 1675.06 0.612659
-20.4821 -24.728 316.354 3184.63 -7452.87 -0.508583 21.5844 21.3837 -316.354 3183.42 1624.45 0.508583
-18.4462 -21.9036 316.714 2774.46 -6811.16 -0.388032 19.7042 18.2571 -316.714 2771.71 1525.38 0.388032
-15.6034 -19.5471 317.348 2445.25 -5925.98 -0.254349 16.9792 15.7274 -317.348 2426.08 1411.48 0.254349
-11.8235 -18.0413 318.391 2254.59 -4787.99 -0.1115 13.5402 14.2654 -318.391 2206.84 1273.27 0.1115
-7.10875 -17.2296 319.309 2229.04 -3373.92 0.0361768 9.33368 14.2391 -319.309 2116.58 1094.5 -0.0361768
-1.65867 -17.2686 320.378 2306.18 -1644.52 0.184075 4.13037 14.6176 -320.378 2097.01 839.923 -0.184075
3.94037 -16.507 322.77 2334.97 269.408 0.327479 -1.29414 15.1672 -322.77 2038.87 452.279 -0.327479
9.58729 -14.5404 324.146 2115.51 2235.35 0.462065 -6.73469 13.9249 -324.146 1815.19 21.7283 -0.462065
15.0405 -11.1825 323.755 1599.27 4139.8 0.584281 -12.2301 10.3954 -323.755 1380.41 -366.394 -0.584281
19.9859 -6.75529 323.562 978.731 5849 0.691443 -16.9855 6.3633 -323.562 832.848 -731.558 -0.691443
24.7062 -2.33436 323.995 348.319 7394.3 0.781757 -21.0713 1.95788 -323.995 244.429 -1056.41 -0.781757
28.842 1.72937 323.608 -208.322 8796.16 0.85388 -25.1313 -1.97017 -323.608 -302.557 -1322.31 -0.85388
32.4595 5.06468 322.271 -648.32 10049.5 0.906503 -28.716 -5.06353 -322.271 -750.352 -1577.27 -0.906503
35.4599 7.30272 321.708 -949.151 11147.6 0.938414 -31.7389 -7.2152 -321.708 -1055.75 -1840.09 -0.938414
37.4256 8.42533 321.214 -1092.14 12068.1 0.948467 -34.4173 -8.19739 -321.214 -1203.45 -2116.09 -0.948467
38.7917 8.25987 320.292 -1077.95 12784.2 0.935691 -36.2509 -8.15292 -320.292 -1188.66 -2387.8 -0.935691
39.7118 6.87826 319.629 -913.827 13300.2 0.899754 -37.4534 -7.14598 -319.629 -1022.93 -2608.87 -0.899754
40.3526 4.69991 319.472 -622.809 13621.5 0.840963 -38.1504 -5.0819 -319.472 -728.07 -2744.27 -0.840963
40.497 1.92873 319.247 -258.324 13730.5 0.760122 -38.3797 -2.56187 -319.247 -361.831 -2801.28 -0.760122
40.3325 -0.673675 318.867 104.386 13615.2 0.658933 -37.6662 0.095379 -318.867 1.81554 -2807.5 -0.658933
39.2828 -2.33179 318.519 367.83 13287.2 0.540082 -36.5613 2.26944 -318.519 267.592 -2778.12 -0.540082
37.57 -2.99386 318.108 461.36 12757.2 0.406982 -34.8047 2.99445 -318.108 365.612 -2728.8 -0.406982
35.222 -2.31058 317.526 375.425 12039.7 0.263733 -32.4413 2.46778 -317.526 284.446 -2664.02 -0.263733
32.183 -0.423228 317.001 134.276 11158.8 0.114771 -29.8187 0.903385 -317.001 48.9061 -2567.63 -0.114771
28.9732 2.32729 316.459 -229.192 10134 -0.0356397 -26.6461 -1.56308 -316.459 -308.083 -2427.29 0.0356397
25.4683 5.65898 316.065 -685.895 8984.05 -0.183429 -23.2459 -4.73955 -316.065 -750.122 -2234.36 0.183429
21.6286 9.24711 316.208 -1194.02 7711.67 -0.324777 -19.6627 -8.28606 -316.208 -1227.22 -1990.75 0.324777
17.4074 12.6371 316.369 -1700.37 6300.46 -0.456263 -15.5845 -11.7605 -316.369 -1668.74 -1729.58 0.456263
12.8585 15.2686 316.999 -2120.64 4743.43 -0.574677 -10.9767 -14.6105 -316.999 -2005.34 -1441.02 0.574677
8.00714 16.8472 317.806 -2389.94 3065.01 -0.676895 -6.17297 -16.1781 -317.806 -2170.39 -1099.91 0.676895
2.96174 16.7167 319.119 -2417.48 1277.77 -0.760088 -1.22949 -16.1138 -319.119 -2115.86 -695.974 0.760088
-1.56591 15.06 320.997 -2178 -421.775 -0.822075 3.28832 -14.1566 -320.997 -1856.25 -249.367 0.822075
-6.17027 12.3352 322.261 -1752.21 -2033.03 -0.861379 7.90436 -11.0303 -322.261 -1474.09 85.1014 0.861379
-10.17 9.43344 321.91 -1285.55 -3433.6 -0.876931 12.1506 -7.72945 -321.91 -1084.27 343.844 0.876931
-12.7107 7.29947 321.644 -965.133 -4471.3 -0.868376 14.8708 -5.53533 -321.644 -807.041 652.325 0.868376
-14.2521 6.14073 322.335 -803.042 -5211.14 -0.836459 16.5782 -4.50058 -322.335 -666.249 941.302 0.836459
-15.2192 6.16812 322.163 -792.108 -5695.5 -0.78221 17.7235 -4.37225 -322.163 -663.247 1132.44 0.78221
-15.9619 6.92834 321.262 -897.631 -5945.01 -0.706435 18.1358 -5.11896 -321.262 -765.822 1221.71 0.706435
-16.0592 8.23291 321 -1081.66 -5964.42 -0.610514 18.018 -6.40399 -321 -939.398 1243.87 0.610514
-15.2501 9.87016 320.656 -1304.16 -5738.84 -0.496736 17.2136 -7.87492 -320.656 -1146.11 1241.64 0.496736
-13.6971 11.4933 319.723 -1536.22 -5267.64 -0.367968 15.419 -9.4318 -319.723 -1353.16 1233.85 0.367968
-11.4839 12.9298 319.272 -1746.4 -4585.7 -0.22767 13.0119 -10.8118 -319.272 -1531.9 1191.57 0.22767
-8.80684 14.0255 319.397 -1912.18 -3722.63 -0.0799036 10.2943 -11.8308 -319.397 -1658.11 1075.52 0.0799036
-5.53128 14.4818 319.297 -2013.37 -2671.43 0.0708563 7.28192 -12.5431 -319.297 -1718.24 895.048 -0.0708563
-1.65624 14.2387 319.635 -2003.88 -1416.64 0.219717 3.59282 -12.4981 -319.635 -1687.91 687.481 -0.219717
2.40225 13.1864 320.867 -1849.77 -58.3132 0.361637 -0.386104 -11.5776 -320.867 -1569.65 441.973 -0.361637
7.30454 11.5389 322.219 -1597.57 1477.95 0.491824 -4.99609 -10.165 -322.219 -1399.36 222.274 -0.491824
11.9578 9.93075 321.783 -1319.08 2995.32 0.605769 -9.41553 -8.41208 -321.783 -1213.78 -39.1201 -0.605769
15.5796 8.46836 321.824 -1080.06 4325.39 0.700014 -12.8354 -6.93814 -321.824 -1047.37 -393.522 -0.700014
18.5998 7.19123 322.973 -892.694 5535.46 0.772813 -16.1406 -5.87431 -322.973 -911.516 -726.81 -0.772813
21.1287 5.99046 322.945 -730.954 6620.06 0.823003 -19.4247 -4.99123 -322.945 -785.519 -1005.61 -0.823003
23.1216 4.93194 322.32 -573.374 7532.07 0.849491 -22.1335 -3.93082 -322.32 -650.505 -1265.58 -0.849491
24.33 3.81941 322.101 -415.096 8240.71 0.851994 -24.1023 -2.85377 -322.101 -506.424 -1533.12 -0.851994
25.3762 2.89626 321.681 -280.288 8750.49 0.831009 -25.1177 -1.84871 -321.681 -374.958 -1756.43 -0.831009
26.035 2.67408 320.749 -211.448 9085.99 0.787551 -26.0563 -1.07465 -320.749 -306.224 -1870.26 -0.787551
26.1904 3.24426 319.896 -277.046 9229.01 0.723207 -26.7391 -1.43455 -319.896 -369.072 -1897.15 -0.723207
26.0293 5.41589 319.186 -539.638 9140.36 0.640066 -26.3065 -3.01792 -319.186 -625.035 -1890.76 -0.640066
25.3602 8.98218 318.498 -1026.24 8832.79 0.54083 -25.1499 -6.40639 -318.498 -1098.86 -1836.24 -0.54083
23.9881 13.7551 318.086 -1704.27 8331.17 0.428883 -23.789 -11.2449 -318.086 -1748.11 -1713.56 -0.428883
22.5248 19.121 317.966 -2472.42 7644.6 0.308044 -21.5703 -16.5945 -317.966 -2459.69 -1537.47 -0.308044
20.3738 24.0421 317.956 -3202.35 6796.35 0.182423 -19.1758 -21.6825 -317.956 -3111.96 -1319.33 -0.182423
17.5063 28.1443 318.405 -3806.53 5780.87 0.056281 -16.3411 -25.6244 -318.405 -3618.59 -1093.97 -0.056281
14.3625 30.753 318.593 -4215.61 4624.97 -0.0662619 -12.7038 -28.2165 -318.593 -3927.63 -877.399 0.0662619
10.6587 31.602 319.271 -4383.2 3371.48 -0.181347 -9.11731 -29.156 -319.271 -4006.93 -633.617 0.181347
6.41484 30.56 319.957 -4293.74 2016.28 -0.285394 -5.37582 -28.3707 -319.957 -3843.93 -384.133 0.285394
2.32516 27.2408 320.672 -3874.38 619.599 -0.375475 -1.23575 -25.4737 -320.672 -3404.78 -126.895 0.375475
-1.77815 21.9958 322.206 -3130.07 -706.881 -0.449804 2.38295 -20.2942 -322.206 -2709.51 130.293 0.449804
-6.35203 14.9616 323.016 -2119.93 -2030.91 -0.507482 6.16251 -13.4275 -323.016 -1800.06 298.026 0.507482
-10.3638 7.56071 322.883 -1005.03 -3271.78 -0.548006 10.1758 -5.71008 -322.883 -827.344 428.13 0.548006
-13.0979 1.79278 322.039 -126.408 -4255.53 -0.571709 12.8914 0.628518 -322.039 -34.1979 656.879 0.571709
-15.1308 -1.45595 321.98 356.996 -5049.61 -0.579866 14.8325 4.20008 -321.98 424.221 899.957 0.579866
-17.0964 -1.36423 321.671 366.773 -5718.58 -0.573509 16.6659 4.50127 -321.671 443.383 1042.46 0.573509
-18.9057 1.69013 320.607 -73.2488 -6267.59 -0.553034 18.4876 1.37851 -320.607 30.3953 1088.69 0.553034
-20.1575 7.14395 320.013 -863.287 -6651.98 -0.518865 19.7684 -4.3945 -320.013 -729.913 1122.35 0.518865
-20.4611 13.8933 319.932 -1838.59 -6830.57 -0.471536 20.2519 -11.5182 -319.932 -1670.39 1191.64 0.471536
-19.9496 20.5408 319.616 -2788.12 -6807.11 -0.411621 20.0587 -18.2924 -319.616 -2574.33 1265.32 0.411621
-19.0822 25.4556 319.166 -3521.92 -6612.64 -0.339979 19.2993 -23.6467 -319.166 -3258.68 1295.84 0.339979
-17.8904 27.8381 318.942 -3901.24 -6275.24 -0.257881 18.3196 -26.5111 -318.942 -3603.94 1259.16 0.257881
-16.3991 27.3778 318.923 -3863.99 -5790.11 -0.167136 16.981 -26.2913 -318.923 -3547.22 1166.18 0.167136
-14.8763 23.8743 319.246 -3389.82 -5157.65 -0.0701707 14.8495 -22.9456 -319.246 -3075.47 1040.12 0.0701707
-12.9634 17.7293 320.2 -2522.26 -4395.86 0.0300869 12.4798 -16.7632 -320.2 -2240.64 871.805 -0.0300869
-11.1895 9.60389 321.196 -1374.37 -3524.23 0.130274 9.6176 -8.73647 -321.196 -1158.06 642.697 -0.130274
-8.84308 1.21318 321.271 -146.649 -2555.18 0.226686 6.8318 -0.246218 -321.271 -54.7328 384.737 -0.226686
-5.94718 -5.93353 321.232 925.636 -1504.28 0.315604 3.82023 7.04225 -321.232 866.25 151.835 -0.315604
-3.4112 -10.2968 321.554 1622.01 -498.562 0.393725 0.661319 11.8511 -321.554 1436.38 -65.4157 -0.393725
-1.12574 -11.1621 321.213 1796.07 345.918 0.458444 -1.74709 13.1009 -321.213 1554.34 -259.882 -0.458444
0.892587 -8.63105 320.042 1433.15 1045.07 0.50776 -3.85758 10.5937 -320.042 1221.53 -387.414 -0.50776
2.81825 -3.07191 319.847 635.638 1580.69 0.540211 -5.41194 5.31169 -319.847 522.05 -441.395 -0.540211
4.32018 4.07609 319.923 -437.843 1955.9 0.555137 -6.70356 -2.08689 -319.923 -413.122 -430.173 -0.555137
5.23947 11.4104 319.234 -1557.65 2134.5 0.552634 -7.44026 -9.97 -319.234 -1394.61 -379.802 -0.552634
5.68502 17.419 319.095 -2478.72 2130.43 0.533183 -7.60995 -16.512 -319.095 -2206.6 -290.835 -0.533183
5.44796 21.0569 319.453 -3027.75 1964.61 0.497578 -7.52844 -20.361 -319.453 -2691.45 -169.446 -0.497578
4.59249 22.0831 319.165 -3177.16 1616.77 0.4471 -6.74589 -21.2754 -319.165 -2809.99 -48.5862 -0.4471
3.28658 20.1912 319.28 -2940.68 1098.43 0.383626 -5.29996 -19.7557 -319.28 -2575.35 88.617 -0.383626
1.74302 15.6823 320.668 -2326.93 450.338 0.30959 -3.61036 -15.7072 -320.668 -2007.39 288.767 -0.30959
0.0617551 9.02837 321.682 -1392.22 -283.256 0.22778 -1.77556 -9.48534 -321.682 -1164.12 535.031 -0.22778
-2.33223 0.963308 322.406 -238.374 -1150.71 0.141142 0.65529 -1.83333 -322.406 -147.668 734.263 -0.141142
-5.69806 -6.82847 323.074 928.525 -2152.15 0.0528511 3.63923 6.32851 -323.074 888.415 856.82 -0.0528511
-8.88445 -13.4525 323.299 1874.15 -3121.61 -0.0336441 6.47439 12.9385 -323.299 1770.31 992.56 0.0336441
-11.7907 -17.9084 323.095 2497.43 -4059.41 -0.115073 9.37983 17.4507 -323.095 2385.51 1125.54 0.115073
-14.7396 -19.7381 322.423 2774.06 -4964.39 -0.188744 12.0653 19.7972 -322.423 2685.65 1250.16 0.188744
-17.4138 -19.369 321.554 2705.68 -5825.48 -0.252424 14.8419 19.4758 -321.554 2658.74 1356.33 0.252424
-19.2764 -16.9063 320.461 2329.45 -6600.24 -0.304312 17.6891 16.8661 -320.461 2334.51 1478.64 0.304312
-20.8224 -12.6558 319.477 1724.14 -7235.63 -0.343327 19.6366 12.6923 -319.477 1776.49 1629.79 0.343327
-21.9162 -7.36981 318.722 970.667 -7725.73 -0.369197 21.1362 7.33524 -318.722 1060.22 1760.32 0.369197
-22.7486 -1.54155 318.329 172.796 -8070.2 -0.382243 22.3988 1.75087 -318.329 282.066 1814.52 0.382243
-23.3557 4.30699 318.062 -608.319 -8249.72 -0.383154 23.206 -3.62914 -318.062 -487.43 1798.32 0.383154
-23.5333 9.52384 318.157 -1323.8 -8245.72 -0.372836 23.4386 -8.69844 -318.157 -1192.42 1737.8 0.372836
-23.3377 13.9681 318.739 -1925.11 -8051.11 -0.352246 22.8804 -12.8522 -318.739 -1778.47 1647.93 0.352246
-22.5111 17.004 319.253 -2363.14 -7682.27 -0.322315 21.9937 -16.0084 -319.253 -2195.53 1516.83 0.322315
-21.3055 17.9757 319.502 -2574.08 -7154.23 -0.28395 20.6197 -17.9172 -319.502 -2382.35 1346.68 0.28395
-19.7375 16.4004 319.851 -2451.5 -6480.67 -0.237921 18.7856 -17.6051 -319.851 -2244.25 1145.03 0.237921
-17.5325 11.981 320.504 -1892.4 -5659.75 -0.184851 16.7248 -13.9725 -320.504 -1691.38 915.608 0.184851
-14.6404 4.92429 320.481 -897.448 -4666.35 -0.125454 13.9489 -6.90791 -320.481 -736.287 707.62 0.125454
-11.1015 -4.23166 320.628 426.606 -3477.36 -0.0607912 10.3112 2.25238 -320.628 468.916 512.529 0.0607912
-6.9978 -13.5126 320.785 1848.96 -2107.52 0.00774592 6.27885 12.2064 -320.785 1702.62 269.142 -0.00774592
-3.06834 -21.263 320.965 3041.99 -665.69 0.0785799 2.24334 20.301 -320.965 2697.54 -69.8221 -0.0785799
0.200072 -25.3356 321.017 3704.72 646.111 0.14999 -1.2263 25.1214 -321.017 3262.86 -448.15 -0.14999
3.69031 -26.1871 319.128 3819.63 1877.75 0.220034 -4.73878 25.9109 -319.128 3374.55 -710.012 -0.220034
7.17958 -24.2305 318.298 3473.08 2998.8 0.286527 -8.18322 23.2384 -318.298 3081.85 -871.134 -0.286527
10.3572 -19.754 318.758 2804.47 3953.71 0.347194 -10.8385 18.6224 -318.758 2494.87 -1018.39 -0.347194
13.066 -14.3179 318.346 1967.34 4729.99 0.399864 -12.6677 12.5616 -318.346 1744.42 -1166.16 -0.399864
16.105 -8.97129 317.847 1179.96 5387.99 0.442505 -13.7954 6.97644 -317.847 1022.26 -1247.22 -0.442505
18.6942 -4.8288 318.681 584.945 6016.77 0.473126 -15.9134 2.8069 -318.681 469.481 -1224.54 -0.473126
20.2492 -2.40818 319.567 247.22 6550.49 0.489763 -18.1017 0.493631 -319.567 153.506 -1240.04 -0.489763
21.4515 -1.63011 319.888 144.684 6930.98 0.490779 -18.5821 -0.181545 -319.888 55.3615 -1386.92 -0.490779
21.3702 -2.10336 320.785 208.005 7213.42 0.475176 -19.4298 0.243596 -320.785 116.102 -1562.43 -0.475176
21.0254 -3.20423 321.67 369.638 7410.13 0.442606 -20.3044 1.43831 -321.67 271.476 -1685.2 -0.442606
20.6883 -4.40518 321.666 563.302 7470.97 0.393355 -20.5787 2.99963 -321.666 459.268 -1754.41 -0.393355
20.7315 -5.12641 321.439 720.848 7400.48 0.328382 -20.1449 4.51662 -321.439 610.806 -1738.07 -0.328382
20.2761 -5.20096 321.334 773.12 7211.33 0.249298 -20.0695 5.16147 -321.334 657.872 -1622.94 -0.249298
19.7154 -4.06237 320.674 671.491 6866.8 0.158431 -19.2297 4.83844 -320.674 557.651 -1473 -0.158431
18.5097 -2.20585 319.686 409.649 6353.16 0.0589311 -17.7929 2.98638 -319.686 307.359 -1325.84 -0.0589311
16.6633 0.139392 318.908 53.5219 5695.18 -0.0453731 -16.0954 0.328875 -318.908 -27.3526 -1159.13 0.0453731
14.699 2.33463 318.307 -299.133 4902.61 -0.150232 -13.8514 -2.30869 -318.307 -342.047 -949.856 0.150232
12.4902 4.023 317.581 -544.002 3995.32 -0.251101 -11.4066 -3.87597 -317.581 -546.729 -687.576 0.251101
10.0724 4.58033 317.285 -652.749 2984.55 -0.343258 -8.67426 -4.62459 -317.285 -618.291 -390.505 0.343258
7.22408 4.19925 317.571 -622.756 1867.37 -0.42212 -5.54896 -4.37969 -317.571 -561.818 -100.699 0.42212
4.18067 3.2554 318.174 -488.464 723.862 -0.483722 -2.32194 -3.26901 -318.174 -412.372 174.515 0.483722
1.44215 1.61555 319.221 -270.072 -319.502 -0.525184 0.614765 -1.74422 -319.221 -193.738 431.887 0.525184
-1.20531 -0.501063 320.169 30.705 -1275.62 -0.544823 3.50001 0.335233 -320.169 84.9213 621.951 0.544823
-3.50629 -2.95964 320.572 386.593 -2084.91 -0.541973 5.87927 2.77963 -320.572 406.076 783.232 0.541973
-4.91106 -5.38879 321.048 730.15 -2661.36 -0.517038 7.40023 5.12857 -321.048 722.32 954.271 0.517038
-6.01632 -7.2564 321.702 994.122 -3055.99 -0.471518 8.47126 6.96173 -321.702 969.39 1047.41 0.471518
-7.27331 -8.20112 321.792 1120.94 -3303.26 -0.407465 9.24795 7.82574 -321.792 1092.35 1013.39 0.407465
-8.13093 -7.96637 321.373 1084.34 -3395.5 -0.327093 9.81731 7.58096 -321.373 1062.72 908.582 0.327093
-8.46105 -6.30571 321 873.701 -3313.95 -0.233102 9.66527 6.32168 -321 870.147 802.814 0.233102
-8.19556 -3.57066 320.534 489.903 -3074.8 -0.128841 9.02878 3.74717 -320.534 520.753 688.924 0.128841
-7.56158 0.0709491 319.841 -29.073 -2705.38 -0.0178806 8.10761 0.250784 -319.841 54.0609 535.261 0.0178806
-6.55383 4.53645 319.215 -630.209 -2210.62 0.0961157 6.82862 -3.51316 -319.215 -481.173 357.516 -0.0961157
-4.6714 8.94837 318.932 -1278.86 -1578.65 0.209136 5.32252 -7.88674 -318.932 -1045.65 194.85 -0.209136
-2.6059 12.9335 318.882 -1866.75 -861.096 0.316898 3.26708 -11.9413 -318.882 -1567.94 47.8924 -0.316898
-0.415411 16.0208 319.002 -2308.08 -100.469 0.415211 0.972806 -14.997 -319.002 -1974.89 -91.7605 -0.415211
1.86924 17.6319 319.296 -2540.95 713.77 0.500121 -1.58546 -16.742 -319.296 -2205.48 -235.535 -0.500121
3.93744 17.6084 319.68 -2520.81 1521.25 0.568073 -4.01322 -16.7084 -319.68 -2217.75 -420.484 -0.568073
5.64632 15.7744 319.885 -2239.74 2231.38 0.616439 -5.77162 -14.9463 -319.885 -2002.29 -650.217 -0.616439
7.19357 12.4661 320.517 -1748.28 2857.01 0.643818 -7.45784 -11.7488 -320.517 -1595.41 -827.9 -0.643818
8.677 8.24277 321.041 -1137.33 3393.48 0.649713 -9.20679 -7.75526 -321.041 -1071.75 -916.848 -0.649713
9.73971 3.67668 321.105 -498.603 3784.7 0.634275 -10.4283 -3.63464 -321.105 -510.975 -991.745 -0.634275
10.1039 -0.457148 321.208 92.073 4004.72 0.5985 -10.9288 0.330738 -321.208 16.7419 -1091.74 -0.5985
10.0808 -3.8272 321.324 573.345 4085.29 0.544269 -11.0823 3.5879 -321.324 450.604 -1154.02 -0.544269
9.97862 -6.16061 321.019 899.862 4047.84 0.473849 -11.1226 5.76601 -321.019 747.072 -1125.25 -0.473849
9.60526 -7.25679 320.425 1066.08 3874.03 0.38954 -10.9522 6.96018 -320.425 897.117 -1027.07 -0.38954
8.39898 -6.85293 319.8 1063.19 3518.65 0.293845 -10.3628 7.30446 -319.8 891.77 -920.589 -0.293845
6.3738 -5.38951 319.161 866.838 2940.55 0.189693 -8.8674 6.08157 -319.161 717.175 -829.957 -0.189693
3.86815 -2.24735 318.757 460.133 2130.27 0.0804095 -6.42356 3.7271 -318.757 364.878 -704.856 -0.0804095
1.05062 2.73292 318.79 -206.131 1123.61 -0.0304335 -3.69471 -0.141704 -318.79 -190.747 -466.204 0.0304335
-1.83387 8.6982 319.352 -1119.86 -16.2063 -0.139237 -0.899416 -6.21125 -319.352 -938.781 -113.212 0.139237
-4.83215 15.3292 320.918 -2088.56 -1235.8 -0.242595 2.28149 -12.5789 -320.918 -1765 250.282 0.242595
-8.25525 20.712 321.579 -2908.36 -2530.68 -0.337281 6.20251 -18.5815 -321.579 -2517.43 528.07 0.337281
-11.3146 23.9443 321.956 -3421.46 -3743.18 -0.420359 9.90723 -22.8167 -321.956 -3035.63 803.494 0.420359
-13.3621 24.4315 322.103 -3539.95 -4801.56 -0.489659 13.0638 -24.3655 -322.103 -3198.39 1140.28 0.489659
-14.4303 21.3388 322.299 -3177.04 -5662.1 -0.543815 15.3866 -22.6531 -322.299 -2897.78 1529.82 0.543815
-15.4089 15.1006 322.501 -2285.66 -6342.26 -0.58188 16.9565 -16.5524 -322.501 -2085.24 1855.81 0.58188
-16.8318 5.90174 322.788 -951.908 -6867.01 -0.603241 18.2549 -6.99338 -322.788 -828.643 2003.19 0.603241
-18.461 -4.3507 322.781 547.614 -7220.86 -0.607572 19.4337 4.14517 -322.781 625.83 1968.41 0.607572
-19.6837 -14.0366 322.371 1940.39 -7362.2 -0.594718 20.0619 14.2787 -322.371 1970.05 1853.91 0.594718
-19.8728 -20.9219 321.352 2953.87 -7279.37 -0.564791 19.9117 21.7196 -321.352 2935 1766.03 0.564791
-18.8402 -24.7616 319.809 3481.87 -6984.8 -0.518316 18.9755 25.2654 -319.809 3426.91 1744.13 0.518316
-17.2302 -25.3401 318.406 3542.32 -6526.01 -0.456272 17.3965 25.4102 -318.406 3466.29 1726.94 0.456272
-15.305 -22.9775 317.311 3207.52 -5949.6 -0.379955 15.7947 22.8987 -317.311 3127.9 1639.27 0.379955
-13.3054 -18.225 316.661 2537.7 -5245.47 -0.290873 13.9321 18.1272 -316.661 2482.41 1470.59 0.290873
-11.3684 -11.7076 316.455 1604.28 -4395.65 -0.190886 11.4218 11.3754 -316.455 1583.4 1237.37 0.190886
-8.91698 -3.48903 316.7 482.536 -3385.41 -0.0823659 8.51002 3.80383 -316.7 524.668 970.417 0.0823659
-5.75354 5.31412 317.18 -758.537 -2206.94 0.0316866 5.02697 -4.46016 -317.18 -590.991 712.484 -0.0316866
-2.38446 13.5242 318.74 -1968.32 -965.417 0.14761 1.47121 -12.7369 -318.74 -1657.79 429.919 -0.14761
0.812705 20.2767 320.687 -2921.45 184.101 0.261533 -1.30209 -19.19 -320.687 -2528.25 107.588 -0.261533
4.34702 24.5986 321.683 -3539.67 1370.23 0.369678 -4.7 -23.644 -321.683 -3121.98 -118.761 -0.369678
7.65148 25.875 321.865 -3751.75 2455.12 0.468069 -7.80694 -25.7205 -321.865 -3372.99 -315.967 -0.468069
10.4083 24.1354 322.303 -3511.89 3376.15 0.552904 -9.95079 -24.5701 -322.303 -3213.82 -558.095 -0.552904
12.311 19.3158 323.054 -2802.76 4155.52 0.621416 -11.8385 -19.9071 -323.054 -2613.51 -812.061 -0.621416
13.9313 11.6544 323.099 -1678.55 4814.88 0.671604 -13.3728 -12.2132 -323.099 -1617.3 -1034.1 -0.671604
15.183 2.99264 322.748 -385.282 5318.18 0.701765 -14.3795 -2.96555 -322.748 -437.472 -1224.13 -0.701765
16.1446 -5.00847 322.135 795.296 5681.17 0.710808 -14.927 5.50688 -322.135 656.785 -1377.63 -0.710808
16.8128 -10.415 321.31 1612.69 5934.98 0.698286 -15.2685 11.622 -321.31 1430.44 -1491.17 -0.698286
17.0074 -12.9326 320.158 1958.01 6101.06 0.664188 -15.5748 14.0072 -320.158 1762.17 -1587.51 -0.664188
16.7348 -12.7202 318.957 1873.79 6169.29 0.609167 -15.4153 13.0567 -318.957 1685.8 -1715.03 -0.609167
16.0871 -10.2051 318.122 1489.14 6151.81 0.534674 -14.9665 10.1547 -318.122 1322.37 -1848.8 -0.534674
15.103 -6.60176 317.419 947.628 6062.88 0.44284 -14.6874 6.14781 -317.419 812.968 -1934.39 -0.44284
13.9181 -2.60506 316.671 376.407 5879.55 0.336434 -14.2997 2.13145 -316.671 277.657 -1968.63 -0.336434
13.0111 0.791949 316.426 -125.554 5583.43 0.218875 -13.1628 -1.47663 -316.426 -187.714 -1955.48 -0.218875
11.8757 3.27926 316.836 -483.582 5194.82 0.0941889 -12.2083 -3.93989 -316.836 -513.3 -1856.51 -0.0941889
10.9033 4.64225 317.354 -662.079 4722.03 -0.0331056 -11.0862 -5.00102 -317.354 -669.538 -1674.33 0.0331056
10.0701 4.85443 318.272 -695.06 4160.28 -0.158235 -9.58187 -5.15053 -318.272 -686.492 -1436.99 0.158235
8.8992 4.30983 319.499 -629.317 3524.54 -0.276412 -8.14264 -4.66416 -319.499 -609.861 -1163.48 0.276412
7.19783 3.23412 320.551 -499.98 2807.12 -0.382978 -6.62632 -3.84048 -320.551 -476.902 -892.264 0.382978
5.0092 1.94496 321.394 -319.768 1991.42 -0.473582 -4.6651 -2.56115 -321.394 -302.425 -651.52 0.473582
2.72466 0.403598 322.172 -105.7 1125.51 -0.544578 -2.53723 -1.08387 -322.172 -99.6402 -396.857 0.544578
0.75273 -1.36373 322.668 132.455 282.05 -0.593463 -0.677567 0.540095 -322.668 130.527 -84.5164 0.593463
-0.931649 -3.3072 322.613 413.586 -528.086 -0.619037 1.02713 2.5586 -322.613 396.514 255.579 0.619037
-2.79922 -5.49538 322.155 726.339 -1346.95 -0.621313 2.81826 4.73878 -322.155 686.991 567.245 0.621313
-4.71388 -7.8806 321.289 1054.4 -2130.28 -0.601394 4.55684 6.96507 -321.289 995.738 844.238 0.601394
-6.35493 -10.1836 320.392 1375.63 -2835.26 -0.561327 6.24883 9.25382 -320.392 1308.6 1087.18 0.561327
-7.5735 -12.1972 319.694 1661.83 -3454.78 -0.503843 8.03288 11.3796 -319.694 1594.03 1290.43 0.503843
-8.49976 -13.3384 318.956 1852.77 -3954.21 -0.431914 9.23934 13.0277 -318.956 1788.27 1493.91 0.431914
-9.03157 -13.2092 318.409 1863.27 -4331.48 -0.348516 10.0461 13.4223 -318.409 1814.44 1685.15 0.348516
-9.45177 -11.5834 318.239 1646 -4611.18 -0.256701 10.8353 12.09 -318.239 1623.23 1797.03 0.256701
-10.0375 -8.34318 318.247 1196.4 -4792.11 -0.159347 11.5247 9.07632 -318.247 1209.23 1801.49 0.159347
-10.342 -3.861 318.392 558.159 -4837.43 -0.0589206 11.9882 4.64577 -318.392 616.704 1740.8 0.0589206
-9.70878 0.918516 318.845 -164.646 -4691.03 0.0421354 12.0077 -0.690978 -318.845 -57.4452 1679.62 -0.0421354
-8.47905 5.33067 319.571 -838.517 -4321.42 0.141123 10.9997 -5.64211 -319.571 -676.539 1619.92 -0.141123
-6.90493 8.29923 320.176 -1313.37 -3764.85 0.235295 9.58664 -9.20621 -320.176 -1103.77 1477.3 -0.235295
-4.8384 9.41419 320.93 -1492.44 -3017.47 0.322026 8.13039 -10.4696 -320.93 -1253.1 1218.37 -0.322026
-2.32054 8.60913 321.558 -1357.33 -2012.69 0.398797 5.65528 -9.30992 -321.558 -1116.88 905.536 -0.398797
0.69816 5.58659 322.364 -926.639 -759.272 0.463204 2.28288 -6.53094 -322.364 -746.474 537.541 -0.463204
4.24884 1.03154 323.501 -250.092 658.988 0.513164 -1.21873 -2.30289 -323.501 -210.263 96.3767 -0.513164
8.37245 -4.01713 323.399 504.353 2234.6 0.547226 -5.38932 2.55363 -323.399 403.012 -330.465 -0.547226
11.816 -8.86073 322.289 1203.42 3703.73 0.565081 -9.13989 7.23592 -322.289 1019.35 -802.488 -0.565081
14.8081 -13.139 321.993 1793.61 5039.29 0.567803 -12.3571 11.3204 -321.993 1584 -1276.8 -0.567803
17.6618 -16.5188 321.689 2244.45 6277.82 0.556833 -15.5807 14.5231 -321.689 2042.22 -1672.42 -0.556833
20.5336 -18.8824 320.532 2557.95 7412.77 0.533197 -18.6454 16.8302 -320.532 2373.8 -1984.12 -0.533197
23.2771 -20.042 319.445 2728.19 8435.68 0.49794 -21.3237 18.2504 -319.445 2559.9 -2255.16 -0.49794
25.6071 -19.84 319.275 2725.74 9342.34 0.452206 -23.8385 18.5742 -319.275 2579.22 -2489.93 -0.452206
27.6713 -18.3012 318.877 2522.26 10119.4 0.396924 -25.9857 17.3623 -318.877 2402.88 -2683.01 -0.396924
29.3367 -15.5369 318.482 2131.53 10747.6 0.332991 -27.7792 14.6116 -318.482 2032 -2831.58 -0.332991
30.1804 -11.4184 318.651 1572.67 11203.5 0.261432 -29.4721 10.7022 -318.651 1482.18 -2935.69 -0.261432
30.6598 -6.30758 318.763 875.624 11447.6 0.183409 -30.2877 5.74689 -318.763 789.082 -3000.17 -0.183409
30.7645 -0.900821 318.771 96.6815 11473.5 0.100452 -30.395 -0.0576212 -318.771 19.7385 -2996.73 -0.100452
30.4719 4.18071 318.88 -633.172 11295.8 0.0145684 -30.1165 -5.48606 -318.88 -701.837 -2898.53 -0.0145684
30.0753 8.19727 319.12 -1190.87 10918.2 -0.0719871 -29.1141 -9.52126 -319.12 -1256.09 -2715.57 0.0719871
29.1617 10.5583 319.156 -1525.88 10349.7 -0.156877 -27.7041 -11.9657 -319.156 -1584.71 -2470 0.156877
27.9381 11.3212 319.048 -1615.86 9615.08 -0.237698 -25.7301 -12.4601 -319.048 -1668.32 -2179.53 0.237698
25.753 10.6174 318.973 -1476.87 8722.19 -0.312003 -23.6286 -11.1053 -318.973 -1522.96 -1881.57 0.312003
23.1095 8.05021 318.682 -1130.81 7671.83 -0.377334 -20.693 -8.60537 -318.682 -1169.24 -1604.96 0.377334
19.7263 4.3449 318.241 -604.404 6480.44 -0.431323 -17.4502 -4.69414 -318.241 -643.824 -1332.09 0.431323
15.7815 -0.28888 317.97 56.6986 5151.93 -0.471881 -13.9272 0.0305583 -317.97 -12.5978 -1038.46 0.471881
11.2787 -5.65191 317.67 792.043 3667.33 -0.49732 -9.94458 4.8487 -317.67 657.946 -729.326 0.49732
6.65728 -10.9982 317.806 1545.59 2028.51 -0.506466 -5.17127 9.75204 -317.806 1319.71 -391.513 0.506466
2.41404 -15.5526 319.108 2198.22 393.182 -0.498949 -0.65522 14.2392 -319.108 1915.64 30.5728 0.498949
-1.79888 -18.4058 319.709 2654.25 -1163.62 -0.475336 3.30712 18.0167 -319.709 2375.31 454.918 0.475336
-6.07723 -19.4455 319.937 2801.26 -2638.51 -0.436873 7.53475 19.5757 -319.937 2587.24 752.021 0.436873
-9.7758 -18.3245 319.589 2624.21 -3862.68 -0.385523 10.9237 18.774 -319.589 2498.89 994.596 0.385523
-12.6887 -14.6406 320.277 2123.08 -4858.5 -0.323969 13.6306 15.8032 -320.277 2081.1 1211.81 0.323969
-15.0248 -8.83066 321.158 1292.86 -5649.38 -0.254758 15.7282 10.1161 -321.158 1323.72 1388.28 0.254758
-16.7792 -1.34301 321.329 210.299 -6242.18 -0.179793 17.2926 2.37683 -321.329 303.563 1521.13 0.179793
-17.7875 6.47142 321.728 -941.078 -6629.54 -0.100742 18.3555 -6.1388 -321.728 -800.137 1621.29 0.100742
-18.2114 13.6447 322.167 -1970.48 -6815.29 -0.0192161 18.8402 -13.5613 -322.167 -1786.35 1680.89 0.0192161
-18.1913 18.8645 321.853 -2713.75 -6810.73 0.0632557 18.744 -18.8081 -321.853 -2488.48 1692.34 -0.0632557
-17.6583 21.6549 321.102 -3103.02 -6628.52 0.145068 18.1467 -21.4574 -321.102 -2850.41 1666.7 -0.145068
-16.7548 22.0096 320.657 -3141.34 -6284.02 0.224559 16.9535 -21.5376 -320.657 -2872.12 1612.72 -0.224559
-15.4985 19.8983 320.332 -2846.42 -5795.98 0.300059 15.3523 -19.4186 -320.332 -2582.8 1520.71 -0.300059
-13.8859 15.6882 319.836 -2250.69 -5181.19 0.369668 13.521 -15.1559 -319.836 -2008.45 1383.26 -0.369668
-11.8408 9.46241 319.292 -1391.12 -4439.42 0.431211 11.318 -9.2257 -319.292 -1189.35 1230.16 -0.431211
-9.23843 2.02762 318.931 -330.194 -3565.98 0.482491 8.74986 -1.89528 -318.931 -211.364 1072.91 -0.482491
-6.21828 -5.74061 318.531 807.294 -2568.99 0.521473 5.78563 5.88994 -318.531 798.859 904.556 -0.521473
-3.0337 -12.6314 318.403 1857.78 -1471.84 0.546431 2.5737 13.0485 -318.403 1688.34 692.96 -0.546431
-0.401242 -17.3926 318.854 2589.99 -413.428 0.556245 -0.26454 17.9265 -318.854 2287.14 392.277 -0.556245
1.8268 -19.2656 319.006 2873.14 539.749 0.550562 -2.60808 19.7461 -319.006 2513.89 72.6301 -0.550562
4.0729 -18.1273 318.354 2723.33 1423.67 0.529542 -4.94844 18.7471 -318.354 2368.53 -175.912 -0.529542
6.13504 -14.1814 318.91 2158.36 2216.77 0.493719 -7.17677 14.9004 -318.91 1857.43 -374.757 -0.493719
7.81502 -7.56236 320.234 1189.56 2868.13 0.444223 -8.80894 8.33235 -320.234 1005.3 -567.207 -0.444223
8.73886 0.769532 320.276 -23.8331 3327.88 0.382732 -9.80743 0.0726099 -320.276 -72.3813 -760.255 -0.382732
9.11501 9.66018 320.557 -1319.87 3608.97 0.311054 -10.3177 -8.84378 -320.557 -1235.26 -918.007 -0.311054
9.09816 17.4054 321.708 -2468.18 3732.39 0.230939 -10.5621 -16.9433 -321.708 -2274.97 -1009.44 -0.230939
8.65023 22.7132 321.775 -3258.73 3702.83 0.144363 -10.5312 -22.5586 -321.775 -2992.83 -1045.87 -0.144363
7.77967 24.7805 320.803 -3599.28 3506.27 0.0537466 -9.86907 -25.1405 -320.803 -3294.31 -1061.3 -0.0537466
6.46228 23.5528 320.548 -3451.25 3154.3 -0.0382778 -8.74124 -24.1704 -320.548 -3138.79 -1047.76 0.0382778
5.08961 19.2718 320.842 -2826.55 2658.82 -0.128951 -7.1176 -19.6312 -320.842 -2545.42 -967.218 0.128951
3.58497 12.1497 320.934 -1779.35 2020.58 -0.215146 -5.28618 -12.1984 -320.934 -1582.72 -791.232 0.215146
1.70691 3.30584 320.501 -484.893 1227.4 -0.293505 -3.10269 -3.3398 -320.501 -432.718 -560.76 0.293505
-0.290555 -5.07634 320.433 784.547 353.157 -0.36098 -0.630023 5.54927 -320.433 682.752 -305.838 0.36098
-2.77635 -11.6325 320.471 1772.26 -570.089 -0.415073 1.85759 12.5623 -320.471 1568.78 -71.4811 0.415073
-5.61482 -15.7421 320.197 2322.98 -1559.01 -0.453692 4.78519 16.2407 -320.197 2093.52 119.14 0.453692
-8.2416 -16.9905 319.492 2453.24 -2486.44 -0.47537 7.29533 17.1524 -319.492 2261.61 335.177 0.47537
-10.3053 -15.8425 319.29 2262.96 -3306.19 -0.47979 9.34953 15.9972 -319.29 2133.88 584.281 0.47979
-12.3396 -13.2202 319.691 1841.78 -4045.7 -0.467651 11.1113 13.0183 -319.691 1781.63 797.718 0.467651
-14.416 -9.73813 319.873 1297.48 -4713.92 -0.440036 12.7653 9.06341 -319.873 1298.99 949.091 0.440036
-16.0211 -5.71863 319.966 726.496 -5300.9 -0.398266 14.4974 5.18986 -319.966 780.038 1073.7 0.398266
-17.2592 -1.69604 320.489 178.996 -5780.9 -0.344084 15.6668 1.55933 -320.489 270.72 1219.82 0.344084
-17.9689 1.76653 321.018 -325.418 -6155.22 -0.279523 16.5451 -2.10357 -321.018 -208.839 1373.63 0.279523
-18.4858 4.82101 321.208 -755.103 -6438.07 -0.206567 17.1948 -5.14723 -321.208 -621.267 1494.43 0.206567
-18.9047 7.06162 321.376 -1066.99 -6633.28 -0.127087 17.6921 -7.34625 -321.376 -922.471 1562.48 0.127087
-19.1142 8.31889 321.415 -1240.46 -6734.44 -0.0430663 18.0725 -8.55627 -321.415 -1089.72 1581.89 0.0430663
-19.2966 8.53388 321.187 -1268.04 -6732.08 0.0433497 17.9752 -8.7258 -321.187 -1115.24 1567.81 -0.0433497
-19.2972 7.71209 320.935 -1153.65 -6634.16 0.129959 17.5919 -7.91109 -320.935 -1003.64 1523.1 -0.129959
-18.9739 5.93888 320.723 -904.031 -6449.82 0.214474 17.0895 -6.12163 -320.723 -761.273 1453.39 -0.214474
-18.5747 3.28963 320.285 -525.661 -6185.76 0.294447 16.2003 -3.3902 -320.285 -396.61 1368.08 -0.294447
-17.8186 0.0607776 319.641 -50.3954 -5859.14 0.367359 15.3015 0.117751 -319.641 58.425 1270.99 -0.367359
-16.8366 -3.43154 319.061 461.744 -5478.52 0.430726 14.2086 3.82937 -319.061 541.077 1177.99 -0.430726
-15.6988 -6.65265 318.56 922.012 -5054.81 0.482209 12.8728 7.0195 -318.56 966.123 1096.97 -0.482209
-14.4881 -9.25357 318.146 1263.48 -4618.88 0.519785 11.5493 9.12833 -318.146 1275.01 1012.12 -0.519785
-13.2706 -10.8251 318.037 1467.9 -4192.76 0.541922 10.3791 10.3222 -318.037 1452.45 916.81 -0.541922
-11.8029 -11.4887 318.134 1545.25 -3769.92 0.547689 9.35704 10.6284 -318.134 1508.99 838.818 -0.547689
-10.343 -11.2551 318.32 1510.68 -3343.4 0.536791 8.07074 10.2749 -318.32 1462.48 792.469 -0.536791
-8.93102 -10.0062 318.738 1367.19 -2929.79 0.509583 6.80461 9.41849 -318.738 1315.25 749.585 -0.509583
-7.5388 -7.6905 319.33 1078.65 -2541.34 0.467088 5.85793 7.66168 -319.33 1041.41 684.98 -0.467088
-6.14574 -4.50556 319.774 627.654 -2163.24 0.410947 4.97656 4.59683 -319.774 629.391 621.78 -0.410947
-4.78674 0.0218524 320.366 28.9068 -1769.92 0.343266 3.8048 0.917455 -320.366 94.9017 578.726 -0.343266
-3.45961 5.34524 321.077 -698.965 -1378.3 0.266503 2.68726 -3.65728 -321.077 -544.005 525.47 -0.266503
-2.32315 10.5197 321.427 -1482.73 -1020.24 0.183402 1.85074 -9.14007 -321.427 -1231.85 440.656 -0.183402
-1.48373 15.5304 321.65 -2190.89 -688.329 0.0968455 0.984716 -13.8208 -321.65 -1861.95 345.05 -0.0968455
-0.61838 19.0499 321.797 -2722.87 -372.519 0.00966921 0.219768 -17.6221 -321.797 -2340.89 255.135 -0.00966921
0.245722 20.367 321.469 -2982.02 -74.6598 -0.0753639 -0.464117 -19.9168 -321.469 -2580.51 171.759 0.0753639
1.08973 19.311 320.958 -2867.07 217.69 -0.155494 -1.18765 -19.4435 -320.958 -2484.28 96.5325 0.155494
1.80461 14.4708 320.746 -2270.6 493.387 -0.22801 -1.85807 -16.172 -320.746 -1960.62 12.7403 0.22801
2.37655 6.0777 320.615 -1095.12 758.266 -0.290357 -2.44949 -8.66859 -320.615 -941.037 -90.9439 0.290357
2.64294 -5.15701 320.181 578.848 986.545 -0.340323 -2.90217 2.57016 -320.181 488.197 -219.442 0.340323
2.51271 -16.5626 319.844 2353.27 1130.39 -0.376314 -3.04189 15.2072 -319.844 2033.72 -361.555 0.376314
2.17329 -25.0662 319.992 3706.2 1205.96 -0.397429 -3.17036 25.3605 -319.992 3257.16 -465.961 0.397429
1.89463 -29.24 318.597 4382.12 1211 -0.403239 -3.08624 30.6955 -318.597 3894.39 -521.006 0.403239
1.43175 -28.7671 316.848 4320.18 1140.43 -0.393768 -2.86408 30.3463 -316.848 3842.78 -545.131 0.393768
0.111464 -23.4672 317.368 3542.82 957.49 -0.369692 -2.63787 24.7956 -317.368 3121.68 -576.025 0.369692
-1.74115 -13.9999 319.031 2114.35 602.453 -0.33227 -1.54608 14.5834 -319.031 1832.63 -628.092 0.33227
-3.23253 -2.15324 319.724 273.695 79.3148 -0.283094 0.548026 1.67299 -319.724 254.753 -600.903 0.283094
-4.34244 8.74389 319.909 -1392.78 -458.839 -0.224159 1.69452 -9.74855 -319.909 -1160.6 -375.57 0.224159
-5.31741 16.1395 321.113 -2515.02 -1030.29 -0.157952 2.65061 -17.6042 -321.113 -2144.36 -72.3081 0.157952
-6.50933 19.6785 321.57 -3003.73 -1701.02 -0.0871236 4.71496 -20.7877 -321.57 -2583.97 147.149 0.0871236
-8.58426 19.7084 321.395 -2950.39 -2422.2 -0.0142378 6.70264 -20.1139 -321.395 -2548.42 305.67 0.0142378
-10.818 16.5841 321.885 -2483.56 -3152.78 0.0581795 8.5765 -16.9761 -321.885 -2150.55 467.358 -0.0581795
-12.3711 11.8413 322.235 -1771.65 -3835.9 0.127833 10.4881 -12.0217 -322.235 -1523.41 670.305 -0.127833
-13.4045 6.48374 321.944 -972.522 -4429.27 0.192861 11.9283 -6.34624 -321.944 -799.01 920.402 -0.192861
-13.9199 1.19062 321.819 -208.413 -4927.37 0.25172 13.1958 -1.0086 -321.819 -95.1244 1170.72 -0.25172
-14.4746 -3.28149 321.723 428.533 -5329.05 0.303142 14.1218 3.48574 -321.723 506.121 1366.59 -0.303142
-14.9924 -6.88015 321.004 922.701 -5634.22 0.34618 15.0437 6.87836 -321.004 977.397 1472.03 -0.34618
-15.3068 -9.74933 320.021 1292.76 -5818.37 0.380075 15.7088 9.25644 -320.021 1331.95 1520.37 -0.380075
-15.3073 -12.1893 319.274 1593.65 -5851.45 0.404175 15.6997 11.0715 -319.274 1618.65 1554.49 -0.404175
-14.9696 -13.9508 318.555 1857.27 -5738.81 0.417977 15.1934 13.0034 -318.555 1865.04 1558.65 -0.417977
-14.3692 -15.0052 317.721 2044.98 -5507.75 0.421114 14.5586 14.5512 -317.721 2036.66 1498.85 -0.421114
-13.6558 -14.9775 317.188 2072.48 -5170.41 0.413366 13.7067 14.9078 -317.188 2054.56 1378.69 -0.413366
-12.3004 -13.1082 317.12 1855.95 -4710.65 0.394726 12.7688 13.636 -317.12 1837.31 1236.95 -0.394726
-10.3838 -8.69884 317.447 1307.74 -4096.25 0.365423 11.1802 10.2156 -317.447 1304.27 1108.21 -0.365423
-8.05286 -2.18648 318.292 374.706 -3317.57 0.325933 8.8762 3.63907 -318.292 429.873 971.481 -0.325933
-5.18775 6.4449 319.659 -877.632 -2369.17 0.277076 6.31029 -4.94022 -319.659 -694.341 775.224 -0.277076
-2.1833 15.2556 321.289 -2208.7 -1276.92 0.220211 3.43379 -14.2594 -321.289 -1866.76 497.506 -0.220211
0.522028 22.37 323.145 -3249.09 -156.566 0.157349 0.564984 -21.5465 -323.145 -2815.12 149.606 -0.157349
4.06327 26.2945 323.575 -3846.29 1090.61 0.0907876 -2.89089 -26.0924 -323.575 -3387.67 -128.58 -0.0907876
7.92347 26.4268 323.163 -3877.63 2380.35 0.0227073 -6.73734 -26.854 -323.163 -3479.87 -351.382 -0.0227073
11.1923 22.8849 322.733 -3333.98 3570.21 -0.0446461 -10.0721 -23.4074 -322.733 -3058.51 -626.64 0.0446461
13.784 15.7425 322.945 -2280.74 4618.59 -0.108874 -12.6927 -16.3587 -322.945 -2152.09 -952.579 0.108874
16.0363 6.03916 322.618 -869.134 5532.47 -0.167857 -14.981 -6.6194 -322.618 -878.9 -1237 0.167857
18.1156 -4.11448 321.633 615.1 6302.98 -0.21995 -17.0686 4.00793 -321.633 506.527 -1429.95 0.21995
20.002 -12.8173 321.004 1893.22 6935.22 -0.263793 -18.977 13.4528 -321.004 1734.48 -1536.35 0.263793
21.5184 -18.5944 320.287 2730.43 7426.72 -0.298195 -20.5861 19.6824 -320.287 2555.38 -1594.84 0.298195
22.4017 -21.0659 318.839 3056.93 7754.43 -0.322245 -21.5372 21.9311 -318.839 2880.76 -1668.29 0.322245
22.71 -19.8754 317.788 2889.18 7926.14 -0.335465 -21.8155 20.7951 -317.788 2727.21 -1758.43 0.335465
22.9445 -15.9997 317.709 2295.8 7978.2 -0.33778 -21.6649 16.2864 -317.709 2162.72 -1798.76 0.33778
23.0565 -10.1453 317.734 1418.43 7928.95 -0.329411 -21.6337 9.63468 -317.734 1313.05 -1738.67 0.329411
22.8576 -3.34812 317.677 448.526 7741.01 -0.310855 -21.2641 2.56381 -317.677 367.857 -1629.98 0.310855
22.0668 2.93707 317.698 -442.301 7389.95 -0.282878 -20.1119 -3.85539 -317.698 -495.706 -1548.26 0.282878
20.5911 8.57286 318.266 -1186.01 6903.74 -0.246478 -18.5236 -8.70059 -318.266 -1199.33 -1486.42 0.246478
18.3953 12.9265 318.933 -1767.49 6308.2 -0.202909 -16.9312 -12.4186 -318.933 -1732.46 -1415.52 0.202909
16.0516 16.5134 319.481 -2227.5 5602.67 -0.153654 -14.7892 -15.1079 -319.481 -2139.12 -1331.15 0.153654
13.2238 19.1191 320.218 -2613.37 4787.17 -0.100259 -12.5076 -17.6042 -320.218 -2457.75 -1223.17 0.100259
10.1003 20.8916 320.838 -2903.51 3865.98 -0.0442594 -10.0079 -19.5096 -320.838 -2675.44 -1080.65 0.0442594
7.20241 21.4774 321.206 -3033.49 2843.36 0.0127432 -6.88451 -20.327 -321.206 -2739.15 -891.887 -0.0127432
4.0246 20.422 321.579 -2928.68 1728.89 0.0690637 -3.81944 -19.5568 -321.579 -2591.8 -641.98 -0.0690637
0.798909 16.8936 321.628 -2497.27 576.087 0.122992 -0.860452 -16.8761 -321.628 -2165.74 -345.764 -0.122992
-2.10594 11.0868 321.915 -1703.08 -527.464 0.172876 2.03808 -11.6388 -321.915 -1434.85 -46.1828 -0.172876
-5.4028 3.95495 321.705 -611.701 -1656.4 0.217173 5.30321 -3.86618 -321.705 -468.14 174.185 -0.217173
-8.44106 -3.44307 320.474 492.988 -2699.38 0.254374 8.26123 3.87101 -320.474 517.13 386.871 -0.254374
-10.3114 -9.2225 319.506 1334.42 -3527.58 0.283192 10.2982 9.88551 -319.506 1304.32 673.322 -0.283192
-11.4385 -11.8613 319.229 1771.75 -4198.23 0.302876 11.9879 13.5242 -319.229 1733.87 953.041 -0.302876
-12.457 -11.6857 318.6 1721.95 -4736.61 0.312983 13.2755 13.1707 -318.6 1710.63 1171.39 -0.312983
-13.0854 -8.37595 318.184 1232.16 -5137.12 0.313204 14.4847 9.70333 -318.184 1264.56 1317 -0.313204
-13.6394 -2.66502 318.667 417.613 -5377.51 0.303599 15.0407 3.98746 -318.667 501.188 1403.41 -0.303599
-13.7457 4.1994 319.398 -555.576 -5432.68 0.284608 15.0823 -2.85671 -319.398 -418.65 1437.94 -0.284608
-14.0011 10.983 319.979 -1527.78 -5322.36 0.256896 14.353 -9.73776 -319.979 -1333.4 1393.36 -0.256896
-13.9577 16.4515 320.629 -2324.86 -5096.17 0.221424 13.8084 -15.4033 -320.629 -2073.83 1249.1 -0.221424
-13.3632 19.6917 321.147 -2824.16 -4746.47 0.179538 13.1059 -19.0521 -321.147 -2525.85 1079.54 -0.179538
-12.1734 20.2649 321.131 -2956.4 -4254.88 0.132842 11.5973 -20.1688 -321.131 -2626.94 961.888 -0.132842
-10.2303 18.3706 321.154 -2707.94 -3646.13 0.0830478 9.77212 -18.4301 -321.154 -2373.68 874.974 -0.0830478
-8.32872 14.1048 321.319 -2119.55 -2965.45 0.0320099 7.64199 -14.4027 -321.319 -1816.81 752.687 -0.0320099
-6.41303 7.99977 321.263 -1275.12 -2224.74 -0.0182709 5.54717 -8.82983 -321.263 -1048.66 567.571 0.0182709
-4.38242 0.549435 320.914 -245.631 -1417.4 -0.0657219 3.28363 -2.31421 -320.914 -149.657 355.01 0.0657219
-2.16947 -7.77263 320.615 943.058 -588.67 -0.10831 0.97891 5.24748 -320.615 854.923 151.854 0.10831
0.197095 -16.2848 320.614 2207.26 212.876 -0.144213 -1.33671 13.6295 -320.614 1923.51 -1.53203 0.144213
2.41611 -24.2794 320.097 3363.35 932.376 -0.17192 -3.53639 21.4274 -320.097 2948.22 -109.419 0.17192
4.24989 -31.0783 319.248 4348.22 1515.47 -0.190283 -5.20381 28.3593 -319.248 3859.55 -207.772 0.190283
5.59957 -36.1756 318.487 5112 1966.29 -0.198633 -6.41569 33.9939 -318.487 4577.91 -303.802 0.198633
6.63677 -39.5022 317.565 5586.96 2306.24 -0.196772 -7.34959 37.4343 -317.565 5037.51 -370.749 0.196772
7.44433 -40.2271 316.588 5706.53 2554.48 -0.184898 -8.1405 38.4952 -316.588 5164.59 -397.712 0.184898
7.94449 -37.9946 316.186 5414.45 2703.54 -0.163633 -8.67551 36.6992 -316.186 4900.28 -403.544 0.163633
8.02924 -32.5694 316.433 4663.25 2737.83 -0.134041 -8.80183 31.6093 -316.433 4199.27 -408.67 0.134041
7.65291 -23.4075 317.732 3403.18 2649.21 -0.0975618 -8.52649 23.079 -317.732 3016.05 -410.275 0.0975618
6.98845 -10.5562 319.892 1573.86 2429.46 -0.0559202 -7.80142 10.6022 -319.892 1347.83 -382.924 0.0559202
5.79592 4.28983 321.08 -619.85 2030.24 -0.0110527 -6.54916 -4.26898 -321.08 -561.938 -322.066 0.0110527
4.15495 17.9782 321.534 -2655.81 1473.1 0.0348927 -4.9419 -18.094 -321.534 -2325.18 -214.449 -0.0348927
2.54718 27.3715 323.5 -4071.06 864.985 0.0796512 -3.31682 -28.0061 -323.5 -3575.92 -53.9736 -0.0796512
0.548246 31.9518 323.334 -4764.85 203.15 0.121098 -1.4672 -33.0032 -323.334 -4204.76 75.0251 -0.121098
-1.88219 31.871 321.486 -4738.31 -510.561 0.15743 0.793847 -32.6972 -321.486 -4177.86 139.417 -0.15743
-4.53517 26.7817 321.798 -4022.86 -1272.85 0.187169 3.37755 -27.8339 -321.798 -3518.83 177.042 -0.187169
-7.007 17.3894 322.871 -2641.69 -2034.27 0.209133 5.73971 -18.1343 -322.871 -2263.52 269.322 -0.209133
-9.1353 4.7106 322.359 -732.45 -2788.29 0.22254 8.08267 -4.73703 -322.359 -572.004 404.345 -0.22254
-10.5426 -8.08631 320.223 1130.39 -3383.13 0.227217 9.65315 8.11456 -320.223 1106.9 586.474 -0.227217
-11.9394 -18.4819 320.128 2617.34 -3892.8 0.223594 11.1738 18.5543 -320.128 2497.13 691.865 -0.223594
-12.9471 -25.2781 319.846 3574.24 -4324.35 0.212442 13.159 25.2143 -319.846 3398.51 709.022 -0.212442
-13.4434 -28.4174 317.584 3996.37 -4596.04 0.194686 14.218 28.1095 -317.584 3809.74 765.217 -0.194686
-13.3328 -28.1127 316.41 3942.83 -4692.49 0.171456 14.202 27.7302 -316.41 3768.82 878.763 -0.171456
-12.9235 -24.9175 316.97 3472.29 -4664.25 0.144089 13.9454 24.3633 -316.97 3333.14 942.491 -0.144089
-12.4909 -18.7946 317.207 2626.9 -4513.61 0.113919 13.6314 18.6818 -317.207 2548.38 895.488 -0.113919
-11.9463 -10.5236 317.189 1475.57 -4211.21 0.0820734 12.8783 10.7342 -317.189 1460.04 773.307 -0.0820734
-10.5966 -0.944525 318.337 100.542 -3706.48 0.0494872 11.4436 1.11087 -318.337 183.44 654.376 -0.0494872
-8.40424 9.0943 319.539 -1344.88 -2987.01 0.0170503 9.1567 -8.73691 -319.539 -1117.21 555.039 -0.0170503
-5.90446 17.7538 320.603 -2647.56 -2104.16 -0.0143403 6.3472 -17.8094 -320.603 -2263.08 407.191 0.0143403
-3.72377 23.4909 322.225 -3514.29 -1215.38 -0.0438184 4.03142 -23.9854 -322.225 -3041.49 141.456 0.0438184
-1.29344 25.8277 322.551 -3881.8 -265.961 -0.0706091 1.4885 -26.8177 -322.551 -3387.82 -118.952 0.0706091
1.77769 24.5879 322.294 -3703.05 772.924 -0.0940769 -1.6698 -25.7558 -322.294 -3248.74 -295.422 0.0940769
5.36631 19.9032 323.199 -2970.78 1868.8 -0.113669 -5.1189 -20.6734 -323.199 -2632.26 -417.38 0.113669
8.35077 11.8426 323.104 -1756.69 2866.37 -0.128854 -8.08864 -12.4191 -323.104 -1593.5 -590.731 0.128854
10.4682 2.026 321.985 -297.843 3678.72 -0.139218 -10.1958 -2.46807 -321.985 -322.722 -817.8 0.139218
12.1949 -7.5343 321.167 1123.8 4340.68 -0.144488 -11.9442 7.53607 -321.167 957.239 -998.191 0.144488
13.9913 -15.4935 320.619 2273.85 4893.13 -0.144421 -13.7312 15.7056 -320.619 2034.43 -1054.45 0.144421
15.6658 -20.7369 319.182 3010.62 5328.92 -0.138935 -15.3814 20.9242 -319.182 2742.41 -1030.14 0.138935
16.9306 -22.8987 317.594 3312.73 5624.72 -0.128213 -16.4107 23.12 -317.594 3042.08 -1008.52 0.128213
17.7554 -21.9331 317.046 3177.9 5789.68 -0.11253 -16.7848 22.2666 -317.046 2925.71 -1007.59 0.11253
18.1758 -18.1533 317.141 2636.92 5850.3 -0.0922497 -16.9759 18.4724 -317.141 2420.75 -983.714 0.0922497
18.4257 -11.919 317.365 1756.36 5818.74 -0.0678986 -17.023 12.2541 -317.365 1581.7 -911.41 0.0678986
18.1578 -4.13524 317.968 659.021 5668.6 -0.0400651 -16.803 4.58397 -317.968 545.01 -829.191 0.0400651
17.21 3.984 318.998 -500.839 5364.46 -0.00935035 -15.9356 -3.48044 -318.998 -529.911 -776.45 0.00935035
15.846 11.4006 319.956 -1568.86 4924.94 0.0235555 -14.4809 -10.8739 -319.956 -1506.98 -727.129 -0.0235555
14.321 17.1563 320.938 -2426.74 4390.88 0.057873 -12.8321 -16.8476 -320.938 -2268.8 -632.533 -0.057873
12.7548 20.6704 321.658 -2963.96 3802.19 0.0927556 -11.1702 -20.5375 -321.658 -2726.36 -491.017 -0.0927556
10.9131 21.7498 321.916 -3142.85 3156.44 0.127231 -9.32125 -21.6734 -321.916 -2853.36 -356.411 -0.127231
8.70054 20.3035 322.097 -2961.8 2447.67 0.160111 -7.06575 -20.3466 -322.097 -2651.41 -266.142 -0.160111
6.26124 16.6628 322.114 -2434.85 1711.28 0.189977 -4.64432 -16.493 -322.114 -2143.42 -202.444 -0.189977
3.92899 11.043 321.953 -1608.5 991.586 0.215248 -2.32569 -10.7009 -321.953 -1393.94 -126.407 -0.215248
2.04416 4.47197 321.332 -632.136 365.823 0.234322 -0.475101 -3.94723 -321.332 -530.327 -17.8124 -0.234322
0.255659 -1.82621 320.426 330.431 -183.937 0.24572 1.14118 2.83229 -320.426 312.94 60.5993 -0.24572
-1.63731 -6.56905 319.516 1077.71 -677.971 0.248162 2.77108 8.28175 -319.516 973.062 67.203 -0.248162
-3.76342 -8.63907 318.737 1429.2 -1131.32 0.240658 4.26045 11.0827 -318.737 1294.2 20.5707 -0.240658
-5.4325 -7.77326 318.162 1294.14 -1506.06 0.222765 5.55795 10.2149 -318.162 1189.88 -14.9084 -0.222765
-6.31593 -4.16021 317.956 719.657 -1773.7 0.194759 6.48047 6.09454 -317.956 696.503 2.89343 -0.194759
-6.64251 1.47463 318.267 -134.182 -1919.82 0.157572 6.78404 0.154617 -318.267 -47.9498 61.6686 -0.157572
-6.41776 7.52923 318.787 -1074.55 -1951.34 0.112721 6.87332 -6.55969 -318.787 -870.769 111.742 -0.112721
-5.97515 12.3602 319.31 -1873.43 -1879.77 0.0622754 6.67201 -12.5909 -319.31 -1571.81 129.163 -0.0622754
-5.41012 14.9035 319.946 -2317.7 -1709.65 0.00873315 6.05408 -16.0987 -319.946 -1963.1 122.7 -0.00873315
-4.40311 14.718 320.601 -2309.54 -1437.13 -0.045216 5.17805 -16.1734 -320.601 -1955.97 110.732 0.045216
-2.87689 11.3328 321.127 -1860.3 -1049.53 -0.0968968 3.8916 -13.4364 -321.127 -1559.81 112.216 0.0968968
-1.13436 5.31165 321.603 -1010.8 -566.662 -0.1438 2.13704 -7.97713 -321.603 -824.05 113.117 0.1438
0.765154 -2.58868 322.172 166.311 -9.86894 -0.183697 0.237146 -0.153726 -322.172 170.011 81.9725 0.183697
2.70536 -10.771 322.092 1459.44 594.022 -0.214705 -1.66728 8.91482 -322.092 1258.92 10.0655 0.214705
4.3055 -17.8017 321.461 2548.96 1160.53 -0.235363 -3.32769 16.6433 -321.461 2207.44 -105.034 0.235363
5.83303 -21.8705 320.797 3233.26 1699.23 -0.244715 -4.95759 22.0259 -320.797 2828.3 -206.562 0.244715
7.38322 -22.7092 319.544 3423.8 2206.01 -0.242298 -6.57345 23.8913 -319.544 3011.18 -275.075 0.242298
8.76266 -20.5477 318.445 3095.56 2664.04 -0.22816 -8.08344 21.5912 -318.445 2723.29 -333.16 0.22816
9.88637 -15.1228 318.185 2297.94 3047.72 -0.202901 -9.17115 16.0243 -318.185 2003.05 -410.631 0.202901
10.7964 -6.72944 318.289 1113.03 3354.1 -0.167606 -9.86651 8.16823 -318.289 944.147 -494.633 0.167606
11.1719 2.99483 317.989 -280.423 3548.14 -0.123817 -10.3157 -1.2078 -317.989 -299.888 -574.251 0.123817
11.2164 12.9597 318.366 -1722.14 3644.62 -0.0735202 -10.5913 -11.0473 -318.366 -1592.88 -626.145 0.0735202
10.7928 21.8251 319.748 -2995.65 3637.08 -0.0190494 -10.7228 -19.7554 -319.748 -2746.12 -658.703 0.0190494
9.96744 28.2514 320.607 -3973.27 3513.1 0.0370357 -10.3716 -26.8378 -320.607 -3634.03 -697.216 -0.0370357
8.52357 32.207 320.707 -4588.1 3256.23 0.0921036 -9.57929 -31.3096 -320.707 -4183.02 -749.445 -0.0921036
7.39162 33.2256 321.128 -4771.94 2911.01 0.14361 -8.19305 -32.6968 -321.128 -4331.4 -752.594 -0.14361
6.43242 31.2047 321.814 -4485.51 2519.81 0.18914 -7.09146 -30.6076 -321.814 -4050.18 -646.95 -0.18914
5.46825 25.8855 322.328 -3727.53 2067.31 0.226534 -6.05128 -25.2381 -322.328 -3332 -472.485 -0.226534
3.91154 17.747 322.882 -2546.6 1486.78 0.254158 -4.42481 -16.9226 -322.882 -2240.71 -332.909 -0.254158
1.68458 7.45384 323.282 -1053.66 784.417 0.271073 -2.22261 -6.76533 -323.282 -909.718 -243.625 -0.271073
-0.55999 -2.70057 322.492 442.238 64.1568 0.277077 -0.102593 3.36139 -322.492 394.916 -127.645 -0.277077
-2.37573 -11.223 321.346 1694.28 -636.849 0.272573 1.93071 11.9271 -321.346 1502.49 40.2069 -0.272573
-4.0791 -16.7371 320.48 2520.33 -1337.23 0.258318 3.88135 17.8769 -320.48 2259.49 234.402 -0.258318
-5.67912 -18.8433 319.149 2841.11 -1986.79 0.235479 5.53944 20.4515 -319.149 2585.12 432.56 -0.235479
-7.0813 -17.4557 317.763 2640.39 -2571.25 0.205693 7.14526 19.3666 -317.763 2444.44 600.327 -0.205693
-8.53723 -12.6932 317.468 1941.65 -3087.61 0.170832 8.50837 14.6977 -317.468 1840.83 726.272 -0.170832
-9.70398 -5.33256 317.805 847.336 -3498.77 0.132715 9.53481 7.02096 -317.805 858.679 833.643 -0.132715
-10.3138 3.58105 318.082 -457.202 -3775.39 0.0929182 10.1168 -2.08652 -318.082 -325.266 944.926 -0.0929182
-10.6966 12.4725 318.887 -1748.23 -3940.24 0.0527908 10.2647 -11.1035 -318.887 -1507.18 1035.91 -0.0527908
-11.2368 19.5 320.374 -2807.24 -4044.26 0.0137604 10.3462 -18.7918 -320.374 -2480.3 1053.71 -0.0137604
-11.856 23.9092 321.469 -3473.47 -4115.48 -0.0226568 10.5962 -23.6525 -321.469 -3094.22 1004.73 0.0226568
-12.3888 25.3219 321.773 -3687.26 -4157.52 -0.0551886 10.7828 -25.2414 -321.773 -3294.95 947.389 0.0551886
-12.6003 23.5416 322.322 -3451.76 -4171.27 -0.0828456 10.859 -23.7655 -322.322 -3080.78 921.456 0.0828456
-12.5185 18.8691 323.06 -2793.29 -4155.97 -0.10477 10.8166 -19.2975 -323.06 -2476.99 923.403 0.10477
-12.0789 12.2678 323.218 -1802.81 -4097.19 -0.120327 10.7987 -12.1236 -323.218 -1565.22 927.995 0.120327
-11.6617 4.65286 322.577 -686.945 -3979.41 -0.129274 10.4808 -4.25092 -322.577 -542.411 912.06 0.129274
-10.9543 -2.40812 321.8 344.724 -3793.09 -0.131764 10.1537 2.94855 -321.8 395.123 869.086 0.131764
-10.0217 -7.59914 320.719 1133.95 -3531.62 -0.12825 9.62256 8.64985 -320.719 1110 810.375 0.12825
-8.9401 -10.7748 319.338 1604.84 -3182.76 -0.119399 8.62176 11.9138 -319.338 1528.32 749.88 0.119399
-7.92049 -11.539 318.104 1735.43 -2777.76 -0.106038 7.37673 12.8347 -318.104 1630.39 658.566 0.106038
-6.95995 -10.3445 317.342 1543.06 -2346.86 -0.08909 6.27099 11.266 -317.342 1441.19 514.077 0.08909
-6.01622 -7.41827 316.875 1096.11 -1891.08 -0.0694749 5.14047 7.96984 -316.875 1028.88 345.863 0.0694749
-4.96501 -3.12253 316.897 479.195 -1403.41 -0.0480228 3.77123 3.80365 -316.897 477.33 193.556 0.0480228
-3.62414 1.66719 317.491 -221.756 -919.341 -0.0254487 2.57297 -0.940492 -317.491 -138.195 61.1817 0.0254487
-2.15293 6.24314 318.316 -907.605 -463.013 -0.00235467 1.47527 -5.69653 -318.316 -740.949 -39.3828 0.00235467
-0.700987 10.1828 319.42 -1487.09 -11.6037 0.0207968 0.110968 -9.67894 -319.42 -1255.4 -100.937 -0.0207968
0.665801 13.0681 320.703 -1911.47 419.161 0.0436187 -1.18048 -12.648 -320.703 -1639.44 -163.715 -0.0436187
1.91221 14.2843 321.704 -2139.73 819.625 0.0657093 -2.20816 -14.627 -321.704 -1852.4 -249.297 -0.0657093
3.03832 13.8534 322.487 -2103.58 1194.14 0.0866774 -3.22393 -14.6537 -322.487 -1832.75 -327.279 -0.0866774
4.20148 11.4726 323.089 -1751.62 1548.28 0.106098 -4.32251 -12.344 -323.089 -1537.04 -368.449 -0.106098
5.22543 7.2066 323.218 -1113.73 1851.47 0.123417 -5.33289 -8.055 -323.218 -993.624 -390.206 -0.123417
5.85195 2.06667 322.751 -314.973 2066.82 0.138036 -6.04122 -2.43426 -322.751 -306.504 -420.837 -0.138036
6.09598 -3.38018 321.915 493.799 2183.43 0.149403 -6.39216 3.04762 -321.915 393.815 -455.045 -0.149403
6.11474 -8.00973 320.823 1193.43 2207.97 0.157014 -6.47459 7.889 -320.823 1001.97 -465.57 -0.157014
6.00154 -11.3571 319.47 1702.29 2148.25 0.16045 -6.35465 11.4631 -319.47 1448.86 -438.207 -0.16045
5.76609 -13.1238 318.23 1973.29 2007.46 0.159431 -5.98101 13.4036 -318.23 1689.76 -381.877 -0.159431
5.33811 -12.9896 317.367 1978.02 1788.32 0.153857 -5.31388 13.6121 -317.367 1695.29 -314.462 -0.153857
4.54534 -10.9711 316.93 1694.72 1501.34 0.143864 -4.51747 11.7829 -316.93 1447.28 -247.555 -0.143864
3.48424 -7.12465 317.013 1131.31 1147.98 0.129821 -3.42196 8.03697 -317.013 962.303 -192.702 -0.129821
2.16692 -2.14881 317.622 367.066 739.049 0.112291 -2.162 2.79554 -317.622 315.734 -140.411 -0.112291
0.679132 3.02772 318.518 -447.637 298.243 0.0919972 -0.939843 -2.8688 -318.518 -366.48 -74.6172 -0.0919972
-0.59567 7.39043 319.742 -1134.3 -130.508 0.0697315 0.273264 -7.6604 -319.742 -943.859 9.71472 -0.0697315
-1.94322 10.214 320.905 -1579.34 -554.889 0.0462851 1.42831 -10.7942 -320.905 -1321.44 87.6176 -0.0462851
-3.37263 11.3156 321.841 -1740.18 -983.55 0.0224505 2.66385 -11.8371 -321.841 -1456.73 147.384 -0.0224505
-4.75571 10.5585 322.588 -1626.03 -1410.64 -0.000990684 3.92145 -11.0217 -322.588 -1353.75 208.934 0.000990684
-5.95762 7.91714 323.132 -1256.87 -1820.48 -0.023302 5.06379 -8.66083 -323.132 -1032.16 294.18 0.023302
-6.83999 3.81203 323.103 -676.923 -2194.5 -0.0437957 6.0755 -4.90618 -323.103 -526.794 405.799 0.0437957
-7.41674 -0.845042 322.638 20.9296 -2508.45 -0.0618385 6.90162 -0.0280886 -322.638 92.0294 525.235 0.0618385
-8.03333 -5.20776 321.922 705.18 -2770.66 -0.0768535 7.53966 5.00756 -321.922 705.573 613.525 0.0768535
-8.6672 -8.90349 320.936 1244.85 -2986.25 -0.0882654 8.19815 8.77686 -320.936 1196.73 650.151 0.0882654
-9.51542 -11.0459 319.776 1578.15 -3153.08 -0.0954881 8.58981 11.2871 -319.776 1505.91 645.426 0.0954881
-10.1301 -11.5014 318.646 1671.93 -3276.24 -0.0980371 9.02325 12.1761 -318.646 1597.78 623.657 0.0980371
-10.3909 -10.7876 317.776 1526.21 -3344.88 -0.0956368 9.26912 10.9078 -317.776 1469.8 622.227 0.0956368
-10.1778 -8.63496 317.263 1203.59 -3343.99 -0.0882572 9.20108 8.59873 -317.263 1176.31 660.121 0.0882572
-9.5041 -5.66807 317.135 781.105 -3272.5 -0.0761552 8.93752 5.71159 -317.135 790.425 718.126 0.0761552
-8.9904 -2.71394 317.502 329.915 -3144.15 -0.0598901 8.27843 2.43433 -317.502 381.143 751.94 0.0598901
-8.46985 -0.0565345 318.285 -69.9023 -2979.99 -0.040261 7.79139 -0.407269 -318.285 21.6227 727.273 0.040261
-8.27759 2.03121 319.267 -370.193 -2787.9 -0.0182246 7.09288 -2.43696 -319.267 -246.647 658.676 0.0182246
-7.98385 3.34826 320.353 -566.876 -2575.37 0.00517862 6.41217 -3.81393 -320.353 -421.972 581.227 -0.00517862
-7.32459 3.97829 321.378 -661.396 -2348.38 0.0289024 5.81411 -4.48913 -321.378 -507.687 528.367 -0.0289024
-6.58822 3.87808 322.112 -649.261 -2112.85 0.0519515 4.97788 -4.43105 -322.112 -497.962 510.437 -0.0519515
-5.88615 2.79221 322.469 -515.533 -1900.44 0.0734276 4.28925 -3.70058 -322.469 -380.88 490.481 -0.0734276
-5.25261 0.797558 322.443 -247.356 -1725.5 0.0925961 3.95317 -2.06011 -322.443 -147.1 449.813 -0.0925961
-4.65988 -1.95445 321.997 148.862 -1562.72 0.108908 3.60437 0.536486 -321.997 195.239 417.383 -0.108908
-4.08568 -5.10475 321.216 625.866 -1397.31 0.121954 3.05765 3.8193 -321.216 606.547 407.055 -0.121954
-3.50689 -8.22962 320.292 1115.05 -1243.77 0.131457 2.61073 7.27799 -320.292 1026.44 395.409 -0.131457
-3.12855 -11.1495 319.32 1544.43 -1116.85 0.137297 2.28546 10.1447 -319.32 1396.1 365.895 -0.137297
-3.06927 -13.255 318.435 1871.7 -1022.37 0.139474 1.98643 12.4509 -318.435 1678.01 321.106 -0.139474
-3.06373 -14.3904 317.725 2051.05 -969.483 0.138066 1.97505 13.737 -317.725 1833.01 270.711 -0.138066
-3.13328 -14.4202 317.326 2055.54 -951.901 0.133251 2.01945 13.7659 -317.326 1836.61 237.48 -0.133251
-3.23697 -13.2129 317.38 1888.1 -966.511 0.125319 2.0853 12.7034 -317.38 1690.64 228.685 -0.125319
-3.41026 -11.0607 317.84 1575.59 -1017.91 0.114657 2.29375 10.6338 -317.84 1420.18 227.305 -0.114657
-3.83317 -8.31318 318.576 1165.69 -1108.86 0.101741 2.60658 7.85149 -318.576 1066.52 216.552 -0.101741
-4.43336 -5.20487 319.48 706.099 -1236.3 0.0871548 3.07449 4.77303 -319.48 671.827 196.338 -0.0871548
-5.1144 -2.13163 320.475 241.591 -1389.87 0.0715827 3.59914 1.59386 -320.475 272.982 183.19 -0.0715827
-5.70922 0.569154 321.433 -179.766 -1556.34 0.0557859 4.13414 -1.38361 -321.433 -89.736 193.347 -0.0557859
-6.15118 2.71178 322.107 -503.428 -1732.1 0.0405474 4.71206 -3.61575 -322.107 -370.165 227.913 -0.0405474
-6.43527 3.81843 322.44 -688.454 -1905.19 0.0265911 5.29207 -5.01653 -322.44 -531.378 281.278 -0.0265911
-6.77584 3.80871 322.368 -699.751 -2066.7 0.0145167 5.702 -5.18145 -322.368 -541.514 338.764 -0.0145167
-6.97782 2.72895 321.902 -526.945 -2210.7 0.0047811 6.2117 -3.91959 -321.902 -390.976 384.159 -0.0047811
-7.10689 0.70692 321.225 -204.454 -2313.15 -0.0023339 6.5291 -1.54555 -321.225 -106.431 424.709 0.0023339
-7.19726 -2.04829 320.387 215.77 -2364.95 -0.00677466 6.54195 1.43288 -320.387 265.079 462.101 0.00677466
-7.28641 -5.11634 319.558 675.94 -2380.06 -0.00870721 6.45174 4.6453 -319.558 672.152 477.29 0.00870721
-7.2967 -8.33384 318.863 1128.04 -2366.58 -0.00845753 6.40833 7.60955 -318.863 1073.66 468.401 0.00845753
-7.28836 -11.4251 318.243 1550.36 -2326.78 -0.00647847 6.23339 10.2958 -318.243 1449.13 453.984 0.00647847
-6.92586 -13.9455 317.88 1922.09 -2258.04 -0.00333755 6.10705 12.8565 -317.88 1779.03 452.849 0.00333755
-6.30202 -15.9807 317.846 2208.58 -2151.78 0.000323514 5.82109 14.7166 -317.846 2030.41 472.352 -0.000323514
-5.61162 -17.2796 318.004 2384.04 -2009.97 0.0038545 5.34063 15.7743 -318.004 2180.37 492.424 -0.0038545
-5.02146 -17.2056 318.368 2417.4 -1846.28 0.00664574 4.85824 16.2415 -318.368 2201.29 477.141 -0.00664574
-4.62765 -15.7302 318.939 2241.76 -1667.13 0.00818508 4.39059 15.2399 -318.939 2034.88 417.376 -0.00818508
-4.25534 -12.8694 319.669 1812.15 -1465.25 0.00812932 3.86812 12.1627 -319.669 1644.53 339.576 -0.00812932
-3.65504 -8.25991 320.527 1153.23 -1229.33 0.00632813 3.20547 7.76065 -320.527 1059.09 278.602 -0.00632813
-2.99134 -3.013 321.27 360.118 -969.986 0.00282401 2.30103 2.24905 -321.27 366.62 236.356 -0.00282401
-2.52096 2.20342 321.722 -419.393 -733.473 -0.00212826 1.46359 -3.08174 -321.722 -310.272 180.988 0.00212826
-2.11867 6.58119 321.867 -1044.55 -541.382 -0.00805121 1.00759 -7.17414 -321.867 -854.722 107.921 0.00805121
-1.69937 9.56053 321.732 -1444.97 -382.353 -0.0142657 0.661543 -9.64613 -321.732 -1207.04 54.9828 0.0142657
-1.09966 10.8579 321.192 -1615.9 -239.719 -0.0199664 0.248939 -10.6953 -321.192 -1360.14 52.4186 0.0199664
-0.291445 10.8722 320.593 -1582.25 -113.543 -0.0243206 -0.0919388 -10.2474 -320.593 -1333.91 85.0995 0.0243206
0.310264 9.89323 320 -1402.08 -9.37734 -0.0265134 -0.46628 -8.80672 -320 -1179.97 115.847 0.0265134
0.569176 8.41647 319.41 -1157.7 63.4022 -0.0257902 -0.702005 -6.99906 -319.41 -970.826 111.495 0.0257902
0.606626 6.78602 319.011 -919.365 103.845 -0.0215418 -0.68545 -5.42193 -319.011 -766.25 74.0599 0.0215418
0.478728 5.387 318.905 -716.174 128.461 -0.0133863 -0.741543 -4.08758 -318.905 -592.007 39.6165 0.0133863
0.397612 4.50495 319.045 -568.157 139.566 -0.00124574 -0.812475 -2.98153 -319.045 -465.5 27.1341 0.00124574
0.285317 4.09404 319.378 -504.873 121.388 0.0145994 -0.784744 -2.53882 -319.378 -410.913 25.9395 -0.0145994
0.300689 4.37238 319.87 -543.429 72.817 0.0335193 -0.46442 -2.77003 -319.87 -442.716 32.3041 -0.0335193
0.367029 5.35838 320.416 -684.896 16.3926 0.0545763 -0.178441 -3.67759 -320.416 -562.717 58.2614 -0.0545763
0.328302 6.98082 320.892 -924.344 -37.8053 0.0765816 -0.0633103 -5.26813 -320.892 -766.93 91.0778 -0.0765816
0.46677 9.12357 321.254 -1245.59 -83.5808 0.0981885 0.282363 -7.44552 -321.254 -1042.23 108.151 -0.0981885
0.682431 11.3929 321.518 -1605.6 -92.1821 0.118 0.485655 -10.0386 -321.518 -1353.64 118.449 -0.118
0.933096 13.4801 321.573 -1932.06 -43.8854 0.134678 0.351943 -12.3957 -321.573 -1640.88 123.332 -0.134678
1.20089 14.6998 321.424 -2145.48 57.4397 0.147073 0.0861732 -14.1109 -321.424 -1832.74 95.9289 -0.147073
1.47673 14.2928 321.109 -2151.4 206.449 0.15434 -0.205391 -14.6367 -321.109 -1843.22 25.6564 -0.15434
1.76745 12.1477 320.756 -1859.07 406.653 0.155981 -0.685795 -12.8467 -320.756 -1592.18 -67.5645 -0.155981
2.20275 7.83977 320.427 -1233.37 664.553 0.151843 -1.41737 -8.74486 -320.427 -1056.63 -163.773 -0.151843
2.58182 1.60408 319.998 -319.67 945.948 0.142145 -2.28603 -2.75316 -319.998 -281.931 -272.281 -0.142145
3.01756 -5.62791 319.444 759.07 1204.13 0.127554 -2.82141 4.48073 -319.444 636.816 -395.775 -0.127554
3.35488 -13.0418 319.128 1842.15 1430.95 0.109093 -3.40315 11.711 -319.128 1575.86 -495.147 -0.109093
3.79869 -18.9347 319.062 2738.18 1627.53 0.0878905 -4.01472 18.1086 -319.062 2377.01 -545.566 -0.0878905
4.19365 -22.5637 318.677 3301.34 1774.04 0.0650719 -4.53486 22.2947 -318.677 2893.06 -565.41 -0.0650719
4.43288 -23.5798 318.096 3449.14 1855.19 0.0417572 -4.81361 23.358 -318.096 3032.41 -574.859 -0.0417572
4.62587 -21.514 318.184 3156.02 1880.88 0.0189845 -4.87768 21.3706 -318.184 2765.79 -565.027 -0.0189845
5.11998 -16.8836 318.93 2454.35 1866.95 -0.00238306 -4.68075 16.2853 -318.93 2125.82 -510.172 0.00238306
5.55 -9.84339 319.761 1418.2 1835.31 -0.021698 -4.7793 9.16364 -319.761 1206.41 -405.768 0.021698
5.8819 -1.92124 320.146 242.334 1772.54 -0.0385316 -4.72997 1.19958 -320.146 188.646 -304.23 0.0385316
6.13706 5.70478 320.575 -865.963 1685.64 -0.0526453 -4.35226 -6.12772 -320.575 -767.869 -234.457 0.0526453
6.13722 12.1976 321.182 -1776.75 1616.5 -0.0639762 -4.25864 -11.9329 -321.182 -1555.24 -178.373 0.0639762
6.02682 16.381 321.427 -2395.66 1576.93 -0.0725986 -4.32823 -16.1628 -321.427 -2098.09 -144.501 0.0725986
6.05058 18.4682 321.219 -2683.91 1566.66 -0.0786377 -4.2186 -18.0302 -321.219 -2355.93 -146.087 0.0786377
6.20714 18.2248 321.107 -2641.23 1602.72 -0.0822294 -4.24351 -17.7059 -321.107 -2320.22 -157.004 0.0822294
6.63228 15.4008 321.085 -2268.4 1701.38 -0.0835213 -4.52851 -15.4654 -321.085 -1993.71 -157.467 0.0835213
7.22048 10.5816 320.878 -1564.82 1855.66 -0.0826483 -4.97789 -10.761 -320.878 -1382.23 -168.258 0.0826483
7.71833 4.04596 320.55 -609.599 2034.69 -0.0797014 -5.39438 -4.41159 -320.55 -558.22 -220.691 0.0797014
8.21754 -3.23925 320.204 455.632 2238.07 -0.0747147 -5.76641 2.68617 -320.204 362.606 -303.302 0.0747147
8.72057 -10.2024 319.996 1478.45 2469.57 -0.0676738 -6.32136 9.59432 -319.996 1255.21 -388.147 0.0676738
9.31422 -15.6617 319.725 2288.56 2727.48 -0.0585473 -7.02917 15.2522 -319.725 1980.24 -465.694 0.0585473
9.94641 -18.8087 319.311 2759.79 3001.38 -0.0473194 -7.7919 18.6906 -319.311 2418.39 -546.269 0.0473194
10.4051 -19.4084 318.841 2849.7 3277.37 -0.034007 -8.63383 19.4124 -318.841 2510.96 -641.944 0.034007
10.6218 -17.2211 318.793 2544.04 3534.77 -0.0186751 -9.42319 17.4233 -318.793 2239.92 -759.714 0.0186751
10.8953 -12.7643 319.085 1882.03 3752.98 -0.00144757 -9.8535 12.7668 -319.085 1643.5 -880.11 0.00144757
11.2003 -6.83088 319.387 986.176 3922.94 0.0174824 -10.2079 6.35078 -319.387 834.051 -958.552 -0.0174824
11.5257 -0.287441 319.687 32.0814 4040.72 0.0378192 -10.6076 -0.249067 -319.687 -26.7735 -975.922 -0.0378192
11.9246 5.39403 320.078 -817.469 4098.61 0.0591145 -10.7775 -6.28008 -320.078 -794.569 -955.138 -0.0591145
12.0581 9.38763 320.423 -1422.76 4091.29 0.0807497 -10.7776 -10.6258 -320.423 -1340.83 -929.377 -0.0807497
12.096 11.1074 320.561 -1681.62 4036.06 0.101993 -10.535 -12.4716 -320.561 -1574.35 -902.555 -0.101993
11.8779 10.3236 320.543 -1571.05 3952.76 0.122068 -10.4026 -11.7044 -320.543 -1470.73 -867.899 -0.122068
11.6498 7.14216 320.562 -1115.47 3839.8 0.14017 -10.1088 -8.58714 -320.562 -1056.53 -827.36 -0.14017
11.4464 2.31836 320.465 -396.865 3695.92 0.155458 -9.64956 -3.53153 -320.465 -410.914 -775.398 -0.155458
11.1743 -3.13686 320.196 438.863 3529.13 0.167093 -9.24762 2.48582 -320.196 337.568 -702.179 -0.167093
10.8531 -8.33668 319.873 1225.46 3341.27 0.174296 -8.7894 8.05535 -319.873 1038.07 -622.476 -0.174296
10.617 -12.2002 319.601 1813.66 3141.22 0.176418 -8.11718 12.2347 -319.601 1560.47 -548.35 -0.176418
10.2048 -13.9524 319.261 2103.66 2958.83 0.173004 -7.72606 14.4345 -319.261 1816.17 -477.357 -0.173004
9.72233 -13.6277 318.888 2054.58 2796.51 0.163816 -7.35981 14.0606 -318.888 1768.79 -432.631 -0.163816
9.05828 -11.0632 318.824 1683.12 2640.35 0.148842 -6.88641 11.5272 -318.824 1436.3 -433.851 -0.148842
8.28385 -6.57068 318.968 1042.99 2492.46 0.128362 -6.41644 7.30489 -318.968 873.043 -458.037 -0.128362
7.55699 -1.06433 319.112 217.974 2351.65 0.102995 -5.99199 1.6338 -319.112 154.629 -476.43 -0.102995
6.9485 4.77156 319.398 -662.33 2212.86 0.0736739 -5.59799 -4.43493 -319.398 -608.904 -476.279 -0.0736739
6.51652 10.0516 319.806 -1456.66 2078.58 0.0415449 -5.1769 -9.8937 -319.806 -1297.44 -460.002 -0.0415449
6.19501 13.933 320.286 -2043.84 1956.1 0.0079012 -4.79864 -13.9572 -320.286 -1807.32 -434.357 -0.0079012
5.95265 15.9852 320.655 -2349.63 1858.03 -0.0258456 -4.5292 -16.0392 -320.655 -2072.42 -407.149 0.0258456
5.71222 15.9313 320.952 -2347.44 1783.79 -0.0581901 -4.34809 -16.042 -320.952 -2067.54 -391.27 0.0581901
5.38512 13.8156 321.2 -2038.3 1729.95 -0.0876125 -4.27652 -13.934 -321.2 -1793.45 -392.602 0.0876125
4.83314 9.73731 321.301 -1450.39 1676.71 -0.112699 -4.28133 -10.0196 -321.301 -1277.69 -415.026 0.112699
4.25915 4.16329 321.19 -641.115 1596.88 -0.132229 -4.03837 -4.65784 -321.19 -576.902 -448.136 0.132229
3.67067 -2.34119 320.833 295.564 1491.51 -0.145236 -3.80154 1.48547 -320.833 232.88 -456.952 0.145236
3.09878 -9.03444 320.404 1265.58 1354.38 -0.151075 -3.60303 7.89449 -320.404 1072.07 -426.541 0.151075
2.47437 -14.9984 319.86 2138.08 1160.35 -0.149472 -3.18945 13.8125 -319.86 1840.31 -376.305 0.149472
1.75476 -19.505 319.263 2793.9 906.213 -0.140506 -2.53487 18.3628 -319.263 2435.15 -312.533 0.140506
0.925855 -21.9259 318.493 3168.67 594.01 -0.124606 -1.73823 21.1629 -318.493 2781.35 -225.526 0.124606
0.177577 -22.1918 318.014 3209.85 241.707 -0.102585 -0.789451 21.531 -318.014 2827.72 -108.407 0.102585
-0.311186 -19.5679 317.989 2880.84 -130.787 -0.0755821 0.300573 19.701 -317.989 2541.71 45.1628 0.0755821
-0.884027 -14.1688 318.324 2132.39 -506.368 -0.0449423 1.14724 14.9473 -318.324 1888.18 223.814 0.0449423
-1.55831 -6.39734 319.126 975.772 -883.528 -0.0121533 2.05865 7.15995 -319.126 896.4 381.179 0.0121533
-2.34916 2.82741 319.757 -385.093 -1219.72 0.0211673 2.85654 -1.92041 -319.757 -270.364 497.27 -0.0211673
-3.01351 11.4523 320.415 -1701.14 -1484.04 0.0533731 3.53585 -11.1294 -320.415 -1416.9 575.436 -0.0533731
-3.45509 18.2914 321.389 -2712.43 -1681.21 0.0830505 4.14513 -18.1426 -321.389 -2318.46 627.026 -0.0830505
-3.68076 22.101 321.859 -3274.98 -1795.54 0.109183 4.36799 -22.1194 -321.859 -2831.17 679.087 -0.109183
-3.70055 22.5668 321.537 -3365.48 -1839.51 0.130962 4.38366 -22.9271 -321.537 -2916.53 718.007 -0.130962
-3.8379 20.4959 321.694 -3007.25 -1841.43 0.147699 4.36024 -20.0501 -321.694 -2591.48 704.228 -0.147699
-4.22474 15.7962 322.176 -2296.9 -1811.6 0.159093 4.31355 -14.9571 -322.176 -1949.55 627.625 -0.159093
-4.42467 9.40261 321.892 -1364.32 -1739.22 0.165247 4.34863 -8.63127 -321.892 -1125.75 523.129 -0.165247
-4.35898 3.13616 320.968 -408.192 -1603.27 0.166455 4.02744 -1.94416 -320.968 -293.186 440.997 -0.166455
-4.17571 -2.13747 320.541 391.522 -1426.27 0.163217 3.46064 3.58483 -320.541 398.772 367.988 -0.163217
-4.03889 -6.03816 320.034 922.718 -1251.2 0.156242 3.06936 6.82955 -320.034 854.238 266.277 -0.156242
-4.07158 -7.91599 319.081 1181.14 -1103.39 0.14633 2.86901 8.41384 -319.081 1073.87 142.061 -0.14633
-4.0234 -8.40675 318.544 1220.03 -973.176 0.134318 2.67461 8.42002 -318.544 1103.6 45.7241 -0.134318
-3.74962 -8.19282 318.45 1126.99 -854.04 0.121009 2.3914 7.35227 -318.45 1019.65 3.77918 -0.121009
-3.22128 -7.45846 318.303 1004.88 -749.747 0.107036 2.16126 6.4173 -318.303 911.245 4.41485 -0.107036
-2.83518 -6.73136 318.359 903.043 -666.789 0.0928335 1.8506 5.75409 -318.359 821.104 17.8009 -0.0928335
-2.68478 -5.85401 318.816 805.737 -618.893 0.0786902 1.68601 5.31141 -318.816 736.135 13.4976 -0.0786902
-2.71405 -4.55314 319.353 653.952 -608.329 0.0647937 1.73289 4.56309 -319.353 604.964 -7.52356 -0.0647937
-2.75127 -2.27635 319.906 371.115 -619.968 0.0512716 1.80605 3.03431 -319.906 362.317 -11.1234 -0.0512716
-2.69817 1.28432 320.636 -107.034 -644.368 0.038192 1.7911 0.16332 -320.636 -47.6362 22.6041 -0.038192
-2.40639 5.59114 321.334 -766.132 -677.655 0.025567 1.87981 -4.40644 -321.334 -614.25 83.8106 -0.025567
-1.987 10.6389 321.861 -1493.83 -701.225 0.0133939 1.93759 -9.20462 -321.861 -1246.13 157.173 -0.0133939
-1.73675 15.4438 322.096 -2174.67 -714.346 0.00168797 1.85315 -13.6728 -322.096 -1845.77 216.411 -0.00168797
-1.45188 19.2468 322.151 -2728.06 -708.903 -0.00950997 1.87416 -17.4507 -322.151 -2339.23 247.38 0.00950997
-1.27799 21.839 321.858 -3099.55 -673.095 -0.020126 1.70906 -19.9805 -321.858 -2675.05 258.441 0.020126
-1.17212 22.5519 321.246 -3241.96 -609.201 -0.0300656 1.39027 -21.2441 -321.246 -2805.57 253.325 0.0300656
-1.02147 21.3556 320.569 -3100.17 -529.547 -0.0392228 1.14259 -20.5051 -320.569 -2680.1 228.867 0.0392228
-0.923922 18.0778 320.008 -2636.32 -441.204 -0.0474506 0.87236 -17.4082 -320.008 -2263.66 191.528 0.0474506
-0.654323 12.179 319.666 -1835.09 -342.036 -0.0545521 0.677119 -12.3655 -319.666 -1554 156.764 0.0545521
-0.238979 4.63544 319.383 -732.78 -221.476 -0.0603062 0.380767 -5.00638 -319.383 -598.489 134.681 0.0603062
0.107364 -3.66175 319.151 520.306 -90.5931 -0.0644899 -0.0135776 3.51888 -319.151 471.313 106.28 0.0644899
0.39922 -11.8479 319.185 1701.44 38.1244 -0.066902 -0.264445 11.2158 -319.185 1483.36 52.7206 0.066902
0.518357 -18.2061 319.424 2621.45 141.191 -0.0673579 -0.328451 17.3798 -319.424 2292.5 -24.8098 0.0673579
0.505186 -22.272 319.411 3208.75 234.647 -0.0656515 -0.524418 21.3916 -319.411 2820.67 -92.7711 0.0656515
0.438639 -23.8719 319.233 3437.11 318.781 -0.0615679 -0.813075 22.9402 -319.233 3027.09 -146.003 0.0615679
0.134863 -22.2684 319.24 3272.92 363.352 -0.0549361 -0.991704 22.2767 -319.24 2878.21 -207.665 0.0549361
-0.204191 -17.5573 319.497 2645.26 352.597 -0.0456529 -0.803656 18.3385 -319.497 2311.48 -269.582 0.0456529
-0.617938 -9.27149 320.029 1481.12 286.645 -0.0336963 -0.571925 10.7648 -320.029 1285.64 -292.766 0.0336963
-1.03665 1.71909 320.51 -145.994 166.371 -0.0191425 -0.354279 -0.0894147 -320.51 -103.628 -260.505 0.0191425
-1.3629 13.4712 320.973 -1898.81 5.56855 -0.00218112 -0.0705904 -11.971 -320.973 -1614.27 -184.223 0.00218112
-1.71012 23.2004 321.889 -3375.87 -188.347 0.0168481 0.31621 -22.4557 -321.889 -2928.55 -92.115 -0.0168481
-2.15481 29.9266 321.65 -4355.73 -419.918 0.0374143 0.898683 -29.2697 -321.65 -3818.57 -2.94865 -0.0374143
-2.71408 32.857 320.823 -4777.46 -682.588 0.0588383 1.54513 -32.2285 -320.823 -4210.13 92.5643 -0.0588383
-3.13594 32.5076 320.522 -4682.45 -960.73 0.0804037 2.25436 -31.2809 -320.522 -4126.02 213.768 -0.0804037
-3.53144 28.694 320.755 -4124.41 -1254.29 0.101383 2.92609 -27.3379 -320.755 -3612.87 359.158 -0.101383
-4.04152 21.9757 320.908 -3165.28 -1547.66 0.120985 3.5129 -20.767 -320.908 -2736.79 500.271 -0.120985
-4.81144 13.2372 321.229 -1873.43 -1861.02 0.138396 4.34406 -11.7536 -321.229 -1577.29 591.816 -0.138396
-5.67954 3.43538 321.056 -454.02 -2175.61 0.152887 5.36571 -2.25304 -321.056 -331.33 644.819 -0.152887
-6.07552 -5.48624 320.351 812.884 -2395.98 0.163877 5.95759 6.13506 -320.351 791.997 728.2 -0.163877
-5.91294 -12.2831 320.182 1797.45 -2526.56 0.170927 6.36342 12.886 -320.182 1678.21 824.69 -0.170927
-5.84912 -16.6168 319.938 2406.17 -2593.45 0.173648 6.51535 16.9568 -319.938 2230.05 879.126 -0.173648
-5.92376 -17.9925 319.268 2610.84 -2607.72 0.171737 6.64092 18.4086 -319.268 2415.84 865.731 -0.171737
-6.12566 -16.5218 318.952 2410.49 -2566.73 0.165114 6.63772 17.1194 -318.952 2235.06 797.526 -0.165114
-6.32292 -12.5839 319.169 1831.11 -2464.95 0.153931 6.4365 13.0455 -319.169 1708.1 696.719 -0.153931
-6.21267 -6.50945 319.259 951.867 -2291.25 0.138491 6.06982 7.02384 -319.259 917.029 589.461 -0.138491
-5.85769 0.486776 319.374 -93.6597 -2039.45 0.119231 5.34759 -0.263305 -319.374 -9.77076 487.069 -0.119231
-4.97207 7.15293 319.723 -1117.02 -1727.11 0.0967409 4.76727 -7.48991 -319.723 -904.787 377.891 -0.0967409
-3.97586 12.4853 320.072 -1906.74 -1376.49 0.0718186 4.04467 -12.8938 -320.072 -1597.58 265.424 -0.0718186
-2.97883 15.2879 320.336 -2324.73 -986.785 0.0454139 3.01016 -15.8413 -320.336 -1973.62 157.161 -0.0454139
-1.67928 15.9921 320.482 -2369.74 -556.752 0.0184642 2.00107 -15.8089 -320.482 -2021.38 46.9087 -0.0184642
-0.317409 14.5287 320.879 -2117.21 -90.4758 -0.00814903 0.830765 -13.8881 -320.879 -1806.62 -68.6425 0.00814903
1.20667 11.5502 321.299 -1663.04 433.822 -0.0335413 -0.643151 -10.7947 -321.299 -1422.36 -177.845 0.0335413
2.82062 8.22525 321.412 -1117.67 1001.65 -0.056858 -2.30753 -6.88971 -321.412 -969.404 -291.844 0.056858
4.24399 4.9442 321.148 -615.258 1550.72 -0.0773188 -3.81833 -3.52388 -321.148 -554.004 -434.6 0.0773188
5.35362 1.89264 321.012 -215.979 2049.19 -0.0942382 -5.19861 -1.26226 -321.012 -219.628 -588.143 0.0942382
6.30193 -0.299817 320.794 108.294 2486.84 -0.107052 -6.51554 0.893621 -320.794 56.53 -711.993 0.107052
7.38559 -2.14169 320.327 366.227 2851.35 -0.115276 -7.56839 2.52661 -320.327 278.417 -780.682 0.115276
8.44293 -3.66062 319.854 550.484 3136.48 -0.118512 -8.46814 3.5191 -319.854 440.949 -794.992 0.118512
9.28238 -4.41497 319.507 669.15 3334.47 -0.116546 -9.19384 4.38939 -319.507 546.621 -776.494 0.116546
9.81757 -4.54608 319.195 699.018 3434.35 -0.109374 -9.55859 4.66852 -319.195 573.4 -751.955 0.109374
10.0611 -4.15993 319.008 621.222 3442.24 -0.0971538 -9.60302 3.99459 -319.008 504.813 -720.126 0.0971538
9.98709 -3.03466 319.021 449.778 3369.36 -0.0801867 -9.527 2.77867 -319.021 352.97 -668.195 0.0801867
9.58364 -1.60346 319.108 218.51 3209.54 -0.0589635 -9.23774 1.05664 -319.108 148.824 -604.451 0.0589635
8.89768 -0.0406724 319.25 -23.4584 2952.95 -0.0342136 -8.5278 -0.656737 -319.25 -61.5932 -541.212 0.0342136
7.91335 1.23472 319.521 -214.424 2608.24 -0.00689618 -7.54832 -1.94661 -319.521 -224.845 -468.441 0.00689618
6.67323 1.779 319.835 -303.402 2186.55 0.0218579 -6.3857 -2.55377 -319.835 -294.852 -379.442 -0.0218579
5.25538 1.62522 320.148 -265.17 1691.84 0.0508213 -4.93432 -2.12107 -320.148 -252.087 -281.964 -0.0508213
3.96171 0.643386 320.443 -119.622 1164 0.0787143 -3.24923 -1.05739 -320.443 -115.169 -166.558 -0.0787143
2.74453 -0.787357 320.724 89.5214 645.874 0.104213 -1.7042 0.440687 -320.724 80.1284 -30.9947 -0.104213
1.57396 -2.30704 320.673 321.051 160.881 0.126025 -0.271836 2.15256 -320.673 294.842 93.4924 -0.126025
0.0289393 -3.87601 320.643 532.278 -284.969 0.143052 0.909643 3.53809 -320.643 491.599 161.914 -0.143052
-1.84699 -5.35029 320.425 709.765 -709.994 0.154508 2.17944 4.55768 -320.425 658.488 151.792 -0.154508
-3.64773 -6.43127 320.11 858.516 -1110.58 0.159923 3.60315 5.57238 -320.11 799.126 106.488 -0.159923
-5.42348 -7.33301 319.762 971.435 -1460.68 0.159104 4.45404 6.27312 -319.762 907.491 93.2954 -0.159104
-6.45623 -7.97874 319.547 1044.5 -1762.18 0.152153 5.38573 6.69651 -319.547 982.062 122.958 -0.152153
-7.04942 -7.98705 319.384 1076.64 -2018.49 0.139479 6.17494 7.18017 -319.384 1017.86 187.821 -0.139479
-7.5347 -7.63119 319.303 1036.48 -2225.2 0.121794 6.56708 7.03404 -319.303 988.711 272.854 -0.121794
-7.81163 -6.78763 319.406 912.301 -2391.36 0.100078 6.96874 6.21812 -319.406 883.749 344.879 -0.100078
-7.95517 -5.29217 319.531 716.478 -2513.61 0.0755176 7.28232 5.05509 -319.531 712.477 403.685 -0.0755176
-7.77595 -3.55047 319.709 465.447 -2566.66 0.0494237 7.30047 3.36798 -319.709 490.04 478.756 -0.0494237
-7.49807 -1.92747 319.984 201.988 -2553.11 0.0231385 6.86277 1.38787 -319.984 255.962 563.911 -0.0231385
-7.30723 -0.492044 320.307 -7.17199 -2507.71 -0.00200504 6.35835 -0.040596 -320.307 69.6601 614.518 0.00200504
-7.01957 0.259104 320.517 -118.52 -2450.26 -0.0246997 6.17092 -0.818773 -320.517 -30.1699 622.767 0.0246997
-6.69262 0.470537 320.607 -129.798 -2364.49 -0.0437326 5.77994 -0.769093 -320.607 -41.2269 636.268 0.0437326
-6.03392 0.71236 320.668 -98.7922 -2243.99 -0.0581007 5.26039 -0.113526 -320.668 -15.1017 678.614 0.0581007
-5.31815 0.972198 320.692 -120.499 -2104.72 -0.067095 4.63741 -0.158363 -320.692 -35.4671 724.39 0.067095
-4.77133 2.0281 320.603 -252.831 -1969.96 -0.070322 4.11793 -0.91439 -320.603 -153.338 737.098 0.070322
-4.35747 3.6297 320.503 -497.982 -1842.62 -0.0677117 3.79333 -2.64082 -320.503 -367.736 712.001 0.0677117
-4.10492 5.03462 320.339 -772.289 -1718.35 -0.0595372 3.4506 -4.95305 -320.339 -606.71 670.224 0.0595372
-3.83447 6.09425 320.134 -946.041 -1597.29 -0.0464105 3.16904 -6.24807 -320.134 -758.099 625.683 0.0464105
-3.6404 5.59202 319.919 -918.89 -1485.61 -0.0292346 2.90778 -6.38127 -319.919 -734.291 577.159 0.0292346
-3.60251 3.8633 319.728 -652.723 -1393.81 -0.0091307 2.7478 -4.50875 -319.728 -503.184 512.946 0.0091307
-3.70407 0.971364 319.61 -198.317 -1327.57 0.0126521 2.78915 -1.26163 -319.61 -109.884 427.224 -0.0126521
-3.92025 -2.63445 319.588 337.522 -1280.52 0.0348298 2.91389 2.36005 -319.588 352.275 333.319 -0.0348298
-4.13389 -6.19553 319.636 854.271 -1241.25 0.0561539 3.02517 5.76859 -319.636 797.916 249.357 -0.0561539
-4.42327 -8.96888 319.706 1272.7 -1217.09 0.0754747 3.09457 8.64497 -319.706 1159.62 175.788 -0.0754747
-4.76996 -10.576 319.861 1518.95 -1220.49 0.0918037 3.2755 10.371 -319.861 1373.63 106.417 -0.0918037
-4.99354 -10.7768 320.006 1547.94 -1248.86 0.104367 3.64063 10.5682 -320.006 1399.59 53.5257 -0.104367
-4.79066 -9.46445 320.074 1356.77 -1270.43 0.112646 4.01618 9.29474 -320.074 1233.71 51.2366 -0.112646
-4.16869 -6.87809 320.138 976.454 -1246.43 0.116384 4.0357 6.73627 -320.138 903.605 110.397 -0.116384
-3.1591 -3.41461 320.179 465.634 -1160.21 0.11557 3.84438 3.29239 -320.179 460.629 190.056 -0.11557
-2.60403 0.416542 320.213 -99.0025 -1022.2 0.11045 3.19067 -0.507073 -320.213 -28.4003 219.174 -0.11045
-2.59453 4.09601 320.167 -636.003 -868.379 0.101565 2.62387 -4.09052 -320.167 -494.293 145.353 -0.101565
-2.48405 7.23611 320.119 -1081.33 -700.626 0.0897315 2.4496 -6.99605 -320.119 -883.773 17.4552 -0.0897315
-1.98372 9.44737 320.112 -1396.65 -477.925 0.0759175 1.82002 -9.09091 -320.112 -1163.06 -48.6815 -0.0759175
-1.2632 10.6006 320.073 -1557.32 -212.464 0.0610944 0.544396 -10.1644 -320.073 -1309.88 -38.014 -0.0610944
-0.36304 10.3528 320.108 -1541.62 29.9242 0.0461713 -0.321558 -10.2455 -320.108 -1302.56 -36.0839 -0.0461713
0.132774 8.65849 320.19 -1314.58 212.318 0.0319916 -0.837546 -8.90743 -320.19 -1110.9 -78.3734 -0.0319916
0.300204 5.62449 320.223 -867.847 344.387 0.0192875 -1.27962 -5.94707 -320.223 -729.903 -125.993 -0.0192875
0.536463 1.27036 320.265 -240.248 432.144 0.00860161 -1.54364 -1.88865 -320.265 -195.876 -144.537 -0.00860161
0.754258 -3.78678 320.245 488.553 463.821 0.000247329 -1.68248 2.8439 -320.245 427.114 -127.002 -0.000247329
0.753787 -8.62496 320.127 1221.7 424.312 -0.00571539 -1.67584 7.87186 -320.127 1056.32 -88.6566 0.00571539
0.461603 -12.426 319.975 1809.87 304.135 -0.00947137 -1.34781 12.0412 -319.975 1568.72 -54.4258 0.00947137
-0.173655 -14.6554 319.781 2129.71 111.299 -0.0113601 -0.744595 14.2209 -319.781 1857.72 -33.0205 0.0113601
-1.08296 -14.4416 319.499 2130.39 -149.218 -0.0117886 0.071469 14.5107 -319.499 1867.57 -11.2659 0.0117886
-2.00359 -12.0568 319.522 1779.8 -463.566 -0.0112001 1.092 12.2304 -319.522 1573.97 34.4309 0.0112001
-2.68337 -7.76647 319.674 1129.43 -794.28 -0.0100524 2.13806 7.82202 -319.674 1023.21 126.151 0.0100524
-3.30683 -2.29169 319.84 311.484 -1114.07 -0.00879678 2.96838 2.33091 -319.84 326.958 244.494 0.00879678
-3.80307 2.9189 319.969 -495.777 -1403.74 -0.00783693 3.82896 -3.32877 -319.969 -366.787 346.155 0.00783693
-4.23583 7.13241 320.174 -1123.42 -1645.22 -0.00745148 4.65549 -7.61414 -320.174 -912.704 413.203 0.00745148
-4.77776 9.34102 320.322 -1458.39 -1818.28 -0.00773361 5.06015 -9.96253 -320.322 -1206.99 455.161 0.00773361
-5.0984 9.32171 320.402 -1454.55 -1923.93 -0.00858229 5.37222 -9.93834 -320.402 -1204.83 473.221 0.00858229
-5.15296 7.65931 320.486 -1157.12 -1958.61 -0.00973814 5.54888 -7.56309 -320.486 -944.722 475.91 0.00973814
-4.95664 4.58488 320.528 -691.323 -1904.4 -0.0108177 5.32522 -4.31556 -320.528 -537.551 479.797 0.0108177
-4.38515 1.23586 320.459 -191.532 -1763.11 -0.0113086 4.89888 -0.886835 -320.459 -101.437 476.553 0.0113086
-3.53518 -1.52711 320.404 237.945 -1535.96 -0.0106006 4.25648 2.14427 -320.404 269.155 455.9 0.0106006
-2.52846 -3.38434 320.302 513.429 -1226.14 -0.00810255 3.32413 3.96604 -320.302 501.676 414.429 0.00810255
-1.21525 -4.15869 320.199 612.772 -844.767 -0.00335344 2.31789 4.46174 -320.199 577.697 354.098 0.00335344
0.247949 -3.80964 320.152 566.781 -398.179 0.00393292 1.03826 4.09318 -320.152 524.582 287.165 -0.00393292
1.7501 -2.81372 320.142 421.831 102.474 0.0138651 -0.530257 3.01162 -320.142 382.647 211.575 -0.0138651
3.45935 -1.56902 320.148 228.225 653.628 0.0263786 -2.08023 1.52803 -320.148 199.5 111.618 -0.0263786
5.12058 -0.416039 319.947 49.5974 1225.7 0.0412132 -3.60535 0.155545 -319.947 29.3823 -19.2381 -0.0412132
6.73445 0.247031 320.037 -64.3543 1814.86 0.0578646 -5.23068 -0.800974 -320.037 -80.318 -159.842 -0.0578646
8.09112 0.137088 320.004 -65.2012 2386.13 0.0755974 -6.86947 -0.995019 -320.004 -91.0957 -316.209 -0.0755974
9.05341 -1.15845 319.95 77.2158 2887.98 0.0935566 -8.19656 -0.41345 -319.95 25.679 -500.677 -0.0935566
9.55733 -3.3263 320.012 377.017 3303.74 0.110865 -9.30553 1.47722 -320.012 286.298 -692.575 -0.110865
9.91582 -6.13831 320.058 797.949 3619.73 0.126641 -9.99953 4.42245 -320.058 660.361 -862.287 -0.126641
10.1608 -9.16341 319.985 1247.8 3835.39 0.139981 -10.4757 7.60385 -319.985 1067.55 -977.705 -0.139981
10.2155 -11.6375 319.876 1630.44 3943.94 0.149989 -10.7821 10.4283 -319.876 1416.58 -1036.05 -0.149989
10.1949 -12.9482 319.745 1854.92 3934 0.155854 -10.5853 12.2249 -319.745 1621.18 -1056.1 -0.155854
9.88889 -13.0137 319.53 1867.72 3814.64 0.156913 -10.1234 12.3154 -319.53 1629.91 -1043.06 -0.156913
9.33715 -11.6783 319.409 1671.5 3595.99 0.152645 -9.42061 10.9053 -319.409 1447.01 -998.187 -0.152645
8.51246 -8.99219 319.298 1306.2 3285.54 0.142686 -8.50468 8.53343 -319.298 1113.86 -928.858 -0.142686
7.32133 -5.54103 319.231 812.653 2878.27 0.12692 -7.36295 5.22501 -319.231 674.005 -844.675 -0.12692
5.79322 -1.54034 319.175 241.419 2377.44 0.105562 -5.98252 1.48522 -319.175 176.398 -746.586 -0.105562
4.08202 2.34634 319.3 -340.374 1786.56 0.0791914 -4.29285 -2.43092 -319.3 -319.244 -626.542 -0.0791914
2.41728 5.69241 319.46 -851.629 1145.49 0.0487511 -2.49906 -5.85459 -319.46 -742.759 -464.388 -0.0487511
1.31284 7.95546 319.791 -1203.52 518.635 0.0154786 -0.683857 -8.17334 -319.791 -1023.52 -242.121 -0.0154786
0.344718 8.70388 320.298 -1328.42 -43.0913 -0.0192164 0.579274 -8.98846 -320.298 -1114.5 10.0803 0.0192164
-0.667848 7.91392 320.523 -1221.45 -554.802 -0.0538366 1.85192 -8.23741 -320.523 -1008.67 204.955 0.0538366
-1.84788 5.70329 320.681 -902.053 -1019.84 -0.0868011 3.24938 -6.07507 -320.681 -724.217 313.026 0.0868011
-3.20447 2.67163 320.758 -437.735 -1408.39 -0.116472 4.17897 -2.8017 -320.758 -317.904 385.061 0.116472
-3.96615 -0.728267 320.756 73.7785 -1686.57 -0.141285 4.84653 0.737604 -320.756 128.781 465.252 0.141285
-4.31578 -3.79912 320.656 531.91 -1849.3 -0.159943 5.02171 3.90685 -320.656 532.317 555.062 0.159943
-4.4856 -5.87455 320.437 861.792 -1931.85 -0.171503 5.01471 6.33129 -320.437 823.802 614.867 0.171503
-4.58026 -6.64537 320.24 992.665 -1958.08 -0.175252 5.0444 7.34618 -320.24 939.511 623.852 0.175252
-4.60391 -5.79942 320.007 884.043 -1924.9 -0.170643 4.9163 6.71048 -320.007 843.535 605.199 0.170643
-4.39494 -3.60067 319.782 548.772 -1827.03 -0.157505 4.5734 4.34085 -319.782 547.98 583.759 0.157505
-4.044 -0.445957 319.688 63.8261 -1675.41 -0.136182 4.01933 0.896919 -319.688 121.751 557.444 0.136182
-3.56191 3.08209 319.744 -463.513 -1484.77 -0.107436 3.44415 -2.72212 -319.744 -337.812 513.212 0.107436
-3.0609 5.94389 319.719 -914.409 -1276.72 -0.0723763 2.92799 -5.97402 -319.719 -731.122 446.091 0.0723763
-2.2598 7.90098 319.727 -1199.89 -1042.84 -0.0324161 2.51417 -7.89595 -319.727 -981.275 380.512 0.0324161
-1.29892 8.46564 319.879 -1282.92 -767.443 0.0107812 1.80607 -8.48153 -319.879 -1057.08 336.155 -0.0107812
-0.163723 7.64157 320.082 -1170.61 -453.201 0.0553538 0.988958 -7.82276 -320.082 -964.645 292.159 -0.0553538
1.11983 5.6788 320.304 -880.767 -91.0353 0.0993406 0.145496 -5.94389 -320.304 -724.028 224.466 -0.0993406
2.38876 2.84459 320.542 -457.744 325.795 0.140803 -0.894459 -3.18356 -320.542 -374.552 127.343 -0.140803
3.78308 -0.380635 320.763 36.3917 806.839 0.17792 -2.09258 0.104904 -320.763 30.7226 5.27693 -0.17792
5.05157 -3.27476 320.756 500.878 1319.16 0.209135 -3.4194 3.3524 -320.756 414.278 -147.552 -0.209135
6.1926 -5.49703 320.798 842.588 1843.81 0.233299 -4.81407 5.68465 -320.798 701.467 -320.846 -0.233299
7.32573 -6.5353 320.71 1008.42 2361.2 0.249675 -6.12601 6.86542 -320.71 842.054 -499.372 -0.249675
8.38666 -6.1643 320.555 971.367 2850.98 0.257882 -7.39974 6.74843 -320.555 811.722 -665.565 -0.257882
9.30233 -4.75982 320.379 751.096 3289.81 0.257941 -8.60526 5.14028 -320.379 615.992 -810.373 -0.257941
10.1852 -2.659 320.107 406.956 3665.66 0.250255 -9.55963 2.51849 -320.107 308.002 -931.546 -0.250255
10.875 -0.134443 319.893 36.0545 3971.11 0.235446 -10.4134 -0.0669961 -319.893 -26.7292 -1023.04 -0.235446
11.4189 2.01483 319.732 -290.073 4197.67 0.214288 -11.0658 -2.43618 -319.732 -324.546 -1083.82 -0.214288
11.6905 3.70825 319.53 -527.583 4334.11 0.187694 -11.5159 -4.03452 -319.53 -541.59 -1120.22 -0.187694
11.6755 4.70045 319.381 -663.52 4372.49 0.156679 -11.7252 -4.92181 -319.381 -665.188 -1131.67 -0.156679
11.4961 4.8652 319.365 -698.318 4307.98 0.122315 -11.5933 -5.22578 -319.365 -695.114 -1110.33 -0.122315
11.1026 4.40716 319.421 -631.159 4139.39 0.0857064 -11.2252 -4.72854 -319.421 -630.356 -1047.37 -0.0857064
10.5975 3.33121 319.515 -473.841 3868.62 0.0479556 -10.5372 -3.59357 -319.515 -482.37 -942.119 -0.0479556
9.76577 1.76811 319.677 -247.696 3493.98 0.010152 -9.63771 -2.01573 -319.677 -274.787 -807.553 -0.010152
8.6014 0.0538121 319.835 8.65484 3011.32 -0.0266362 -8.36506 -0.163605 -319.835 -38.6576 -662.62 0.0266362
7.13111 -1.29805 319.967 247.207 2427.33 -0.0613638 -6.70497 1.78348 -319.967 178.333 -512.26 0.0613638
5.24188 -2.13127 320.174 392.018 1758.07 -0.0930596 -4.93093 2.96522 -320.174 311.764 -350.31 0.0930596
3.18917 -2.18853 320.242 385.922 1041.03 -0.120936 -3.04317 2.92451 -320.242 320.165 -178.938 0.120936
1.11559 -1.03339 320.345 218.332 293.292 -0.144436 -0.933222 2.01005 -320.345 202.01 -10.4713 0.144436
-1.11854 1.0102 320.616 -83.3118 -451.087 -0.16318 1.0263 0.170677 -320.616 -32.4915 153.228 0.16318
-3.37113 3.32273 320.74 -475.324 -1192.98 -0.176896 3.11189 -2.68304 -320.74 -353.837 294.52 0.176896
-5.37901 5.81987 320.52 -857.236 -1902.28 -0.18542 5.27373 -5.33817 -320.52 -683.378 426.555 0.18542
-7.10674 7.85723 320.488 -1160.5 -2519.45 -0.188785 6.89338 -7.46246 -320.488 -954.785 580.094 0.188785
-8.48424 8.75081 320.62 -1322.64 -3038.71 -0.187193 8.20872 -8.84263 -320.62 -1106.63 726.222 0.187193
-9.7469 8.48872 320.521 -1295.03 -3485.94 -0.180765 9.49719 -8.77137 -320.521 -1088.22 820.085 0.180765
-11.024 6.82607 320.42 -1055.59 -3858.09 -0.169452 10.5729 -7.1631 -320.42 -875.987 866.482 0.169452
-12.0298 4.09812 320.499 -644.953 -4139.82 -0.15324 11.3993 -4.21763 -320.499 -503.197 894.56 0.15324
-12.5965 0.598585 320.494 -137.293 -4320.74 -0.132191 11.9537 -0.670283 -320.494 -37.7627 920.218 0.132191
-12.7561 -3.03009 320.326 382.796 -4397.17 -0.106349 12.1534 2.93799 -320.326 441.491 946.806 0.106349
-12.4385 -6.15865 320.169 838.004 -4370.71 -0.0757959 12.1541 6.15564 -320.169 862.627 964.12 0.0757959
-11.8658 -8.46629 319.984 1167.59 -4237.55 -0.0407869 11.7776 8.43079 -319.984 1165.87 962.309 0.0407869
-11.0613 -9.56665 319.688 1332.62 -3998.66 -0.00181802 11.0794 9.58182 -319.688 1311.72 931.492 0.00181802
-10.0552 -9.19288 319.428 1303.31 -3659.15 0.0403419 10.0983 9.47877 -319.428 1275.17 867.241 -0.0403419
-8.77808 -7.35328 319.3 1060.97 -3216.9 0.0846506 8.8246 7.87024 -319.3 1041.36 778.309 -0.0846506
-7.19979 -4.15089 319.257 607.395 -2667.98 0.129822 7.16864 4.73829 -319.257 620.224 677.282 -0.129822
-5.3224 0.135869 319.293 -12.5784 -2022.35 0.174346 5.2113 0.487397 -319.293 61.2635 562.59 -0.174346
-3.29433 4.99194 319.601 -716.276 -1310.09 0.216531 3.12451 -4.23841 -319.601 -558.149 420.038 -0.216531
-1.43863 9.34483 320.019 -1374.91 -611.818 0.254698 1.20841 -8.8788 -320.019 -1141.36 244.188 -0.254698
0.559897 12.5821 320.396 -1862.01 80.9383 0.287302 -0.683947 -12.3805 -320.396 -1584.84 90.2852 -0.287302
2.78401 14.0153 320.665 -2081.43 797.542 0.312774 -2.8808 -14.0983 -320.665 -1800.54 -14.3684 -0.312774
4.87658 12.9043 320.747 -1961.29 1493.88 0.32954 -5.02655 -13.7476 -320.747 -1718.87 -124.09 -0.32954
6.29903 9.20562 320.74 -1442.13 2077.69 0.336472 -6.57899 -10.5691 -320.74 -1288.42 -295.852 -0.336472
7.17494 3.53617 320.746 -577.603 2537.99 0.333116 -7.67676 -4.61307 -320.746 -547.654 -482.513 -0.333116
7.78573 -3.72991 320.678 482.343 2881.03 0.319378 -8.58878 2.49517 -320.678 377.275 -614.433 -0.319378
8.25077 -10.9299 320.429 1550.51 3089.22 0.295359 -9.12608 9.89015 -320.429 1324.47 -683.681 -0.295359
8.37566 -16.9788 320.14 2442.05 3152.72 0.261579 -9.28579 16.1123 -320.14 2127.41 -707.653 -0.261579
8.11107 -20.6606 319.637 3000.9 3091.41 0.219031 -9.18693 20.1819 -319.637 2638.97 -696.642 -0.219031
7.41937 -21.3876 318.829 3150.53 2890.08 0.169013 -8.53528 21.5238 -318.829 2775.02 -681.235 -0.169013
6.32796 -19.3772 318.313 2857.75 2556.71 0.11308 -7.41039 19.4313 -318.313 2501.21 -654.636 -0.11308
5.00328 -14.2004 318.652 2129.5 2106.15 0.0531165 -6.02815 14.4987 -318.652 1833.44 -578.861 -0.0531165
3.43647 -6.698 319.066 1026.22 1529.93 -0.00866543 -4.36568 7.00533 -319.066 866.03 -449.797 0.00866543
1.57586 1.77117 319.011 -256.377 834.74 -0.0697759 -2.354 -1.6806 -319.011 -220.181 -290.734 0.0697759
-0.338018 9.77943 319.73 -1450.52 86.9964 -0.127661 -0.182803 -9.59332 -319.73 -1224.43 -108.62 0.127661
-2.27867 15.7391 320.907 -2330.78 -641.433 -0.180031 1.82907 -15.5133 -320.907 -1984.59 72.3935 0.180031
-4.53492 19.1959 320.907 -2829.16 -1376.79 -0.224875 3.9562 -18.8719 -320.907 -2427.33 200.886 0.224875
-6.70606 20.0114 320.999 -2939.56 -2075.51 -0.260332 6.10083 -19.6378 -320.999 -2535.33 302.132 0.260332
-8.78414 18.3945 321.793 -2689.29 -2727.39 -0.284995 7.93226 -17.9344 -321.793 -2327.11 412.71 0.284995
-10.4467 14.6835 322.085 -2134.64 -3303.1 -0.298216 9.48425 -14.159 -322.085 -1848 543.191 0.298216
-11.6073 9.39754 321.845 -1382.86 -3783.06 -0.3 10.7902 -9.13452 -321.845 -1176.04 681.346 0.3
-12.5528 3.36831 321.867 -519.265 -4169.54 -0.290828 11.7585 -3.22863 -321.867 -391.535 802.534 0.290828
-13.247 -2.63875 321.751 346.374 -4459.61 -0.271515 12.5358 2.80015 -321.751 404.844 888.594 0.271515
-13.5948 -7.94053 320.994 1096.76 -4643.82 -0.243176 13.1046 8.01769 -320.994 1107.07 945.683 0.243176
-13.7419 -11.6842 320.128 1638.81 -4719.51 -0.207211 13.2047 11.9107 -320.128 1619.57 986.979 0.207211
-13.5861 -13.4784 319.425 1903.85 -4699.46 -0.165172 13.0504 13.8485 -319.425 1869.88 1009.74 0.165172
-13.0298 -13.1812 318.69 1865.22 -4584.49 -0.118592 12.7317 13.5877 -318.69 1831.45 1015.87 0.118592
-12.248 -10.6999 318.113 1531.67 -4371.4 -0.0689638 12.0174 11.3445 -318.113 1512.58 1009.91 0.0689638
-11.2237 -6.42701 318.096 932.273 -4058.58 -0.0177762 10.9808 7.19135 -318.096 948.417 982.436 0.0177762
-9.91471 -0.861179 318.225 133.699 -3651.02 0.0335128 9.77342 1.62914 -318.225 210.334 923.353 -0.0335128
-8.44696 5.44671 318.544 -771.535 -3144.59 0.0834988 8.20171 -4.53556 -318.544 -606.729 837.819 -0.0834988
-6.85327 11.3518 319.209 -1648.89 -2553.56 0.130858 6.36633 -10.6144 -319.209 -1384.18 721.628 -0.130858
-5.0556 15.8842 320.135 -2345.45 -1910.87 0.174438 4.59845 -15.5174 -320.135 -1990.52 572.705 -0.174438
-3.24418 18.2717 320.946 -2701.59 -1262.33 0.213352 2.85244 -18.0214 -320.946 -2309.84 416.883 -0.213352
-1.10828 18.1703 321.267 -2699.78 -583.373 0.24692 0.933948 -18.1545 -321.267 -2316.05 299.261 -0.24692
1.14525 15.6616 321.731 -2337.68 96.1915 0.274537 -1.01832 -15.8007 -321.731 -2006.69 201.906 -0.274537
3.52166 10.9262 322.296 -1642.21 801.683 0.295673 -2.99694 -11.2232 -322.296 -1416.2 99.1778 -0.295673
5.55995 4.76281 322.107 -709.428 1493.61 0.309952 -4.93286 -4.96413 -322.107 -633.661 -42.6159 -0.309952
7.00051 -1.56835 321.32 257.494 2091.25 0.317307 -6.35925 1.67204 -321.32 189.991 -243.036 -0.317307
8.18706 -7.16612 320.983 1087.07 2605.5 0.31805 -7.47523 7.30198 -320.983 910.785 -438.078 -0.31805
9.33796 -10.809 320.486 1646.34 3060.58 0.312469 -8.64966 11.3263 -320.486 1410.25 -570.944 -0.312469
10.4618 -12.2079 319.478 1860.39 3452.08 0.300583 -9.72111 12.9348 -319.478 1611.5 -658.364 -0.300583
11.2713 -11.333 318.758 1725.38 3764.7 0.282429 -10.5091 12.0024 -318.758 1496.93 -749.609 -0.282429
11.8017 -8.42989 318.639 1293.01 3994.76 0.258182 -10.8889 8.9622 -318.639 1108.62 -853.343 -0.258182
12.1127 -4.17747 318.631 663.192 4150.36 0.227999 -11.0637 4.52611 -318.631 538.67 -941.378 -0.227999
12.4108 0.567805 318.681 -36.8423 4251.99 0.192054 -11.1933 -0.396985 -318.681 -96.3733 -983.657 -0.192054
12.5914 4.65905 319.072 -669.06 4303.99 0.150629 -11.3403 -5.02781 -319.072 -668.563 -990.253 -0.150629
12.4218 7.64821 319.583 -1112.97 4291.54 0.104195 -11.3735 -8.16015 -319.583 -1069.96 -996.623 -0.104195
11.9053 9.03062 320.001 -1316.52 4199.84 0.0535876 -11.032 -9.56373 -320.001 -1251.12 -1023.5 -0.0535876
11.0209 8.67251 320.372 -1281.08 4036.69 7.01731e-05 -10.5455 -9.38524 -320.372 -1212.45 -1049.95 -7.01731e-05
9.87402 6.96108 320.738 -1031.02 3799.06 -0.0547706 -9.95996 -7.60203 -320.738 -979.94 -1052.06 0.0547706
8.81217 4.46082 320.89 -635.376 3478.42 -0.10913 -9.00207 -4.62056 -320.89 -618.627 -1011.07 0.10913
7.72375 1.51295 320.919 -195.888 3074.74 -0.161056 -7.90143 -1.4944 -320.919 -219.367 -910.673 0.161056
6.3859 -0.913639 320.862 192.209 2579.37 -0.208508 -6.69631 1.41722 -320.862 129.674 -767.668 0.208508
4.79558 -2.50086 320.63 443.229 1978.53 -0.249463 -5.05717 3.27436 -320.63 354.273 -614.129 0.249463
3.0375 -3.22434 320.268 519.141 1303.37 -0.282119 -3.15617 3.64646 -320.268 429.653 -445.716 0.282119
1.32274 -2.66315 319.891 442.122 604.262 -0.305119 -1.28939 3.31026 -319.891 382.784 -242.742 0.305119
-0.361762 -1.44269 319.487 255.221 -100.23 -0.31763 0.515772 2.18708 -319.487 246.094 -21.7173 0.31763
-1.91922 0.118204 319.46 -0.293131 -773.309 -0.319244 2.27048 0.464101 -319.46 48.1859 192.434 0.319244
-3.55444 1.91891 319.248 -271.128 -1427.3 -0.3099 4.07116 -1.30554 -319.248 -173.975 370.541 0.3099
-5.01709 3.54381 319.096 -521.766 -2006.68 -0.289903 5.645 -3.06656 -319.096 -390.882 529.332 0.289903
-6.15155 4.83496 319.352 -730.834 -2478.22 -0.260012 6.88633 -4.61246 -319.352 -573.57 671.681 0.260012
-7.04947 5.63454 319.837 -853.223 -2838.08 -0.221321 7.82327 -5.50031 -319.837 -684.197 777.276 0.221321
-7.76007 5.61707 320.19 -868.129 -3093.69 -0.175011 8.53432 -5.73592 -320.19 -699.417 835.96 0.175011
-8.2369 4.7325 320.687 -758.536 -3238.31 -0.122355 8.93417 -5.1169 -320.687 -601.387 859.179 0.122355
-8.36165 2.98457 321.143 -518.644 -3268.17 -0.0648844 9.05113 -3.56731 -321.143 -385.934 855.598 0.0648844
-8.2034 0.494234 321.243 -166.243 -3182.81 -0.00433983 8.82377 -1.21409 -321.243 -69.5024 823.717 0.00433983
-7.73785 -2.55516 321.138 265.195 -2981.33 0.0574672 8.26955 1.65431 -321.138 316.228 763.558 -0.0574672
-6.97593 -5.69641 320.887 727.781 -2667.89 0.118612 7.39968 4.82051 -320.887 724.611 676.197 -0.118612
-5.94779 -8.26293 320.372 1145.58 -2252.11 0.177004 6.23907 7.88762 -320.372 1084.73 563.613 -0.177004
-4.70432 -10.0273 319.769 1422.06 -1747.46 0.230532 4.81938 9.7645 -319.769 1311.02 427.824 -0.230532
-3.30101 -10.3666 319.26 1493.99 -1180.12 0.277277 3.22541 10.2508 -319.26 1353.07 275.593 -0.277277
-1.80519 -9.05936 319.037 1338.44 -590.873 0.315684 1.59419 9.2993 -319.037 1196.71 119.444 -0.315684
-0.333056 -6.42678 318.852 964.656 -16.2107 0.344573 -0.058233 6.73127 -318.852 852.345 -22.4579 -0.344573
1.15685 -2.78792 318.816 426.671 549.022 0.363062 -1.78738 2.99807 -318.816 372.354 -141.952 -0.363062
2.44533 1.07483 318.956 -157.365 1055.74 0.370644 -3.2649 -1.12231 -318.956 -145.964 -265.585 -0.370644
3.51704 4.47238 319.327 -662.891 1490.09 0.367354 -4.49488 -4.63786 -319.327 -595.034 -381.128 -0.367354
4.42422 6.63985 319.587 -989.697 1838.24 0.35369 -5.49929 -6.95427 -319.587 -887.391 -464.556 -0.35369
5.20205 7.29023 319.96 -1090.54 2087.2 0.330384 -6.23242 -7.71938 -319.96 -982.013 -504.354 -0.330384
5.7006 6.76063 320.436 -985.305 2232.14 0.298369 -6.78139 -6.84936 -320.436 -893.988 -504.395 -0.298369
5.85321 5.41833 320.792 -756.95 2255.9 0.258835 -6.95407 -5.1003 -320.792 -695.476 -483.239 -0.258835
5.64936 3.87586 321.024 -508.498 2151.46 0.213155 -6.67575 -3.25589 -321.024 -476.249 -445.641 -0.213155
5.14905 2.5793 321.237 -313.723 1928.17 0.162788 -6.06821 -1.88229 -321.237 -302.313 -375.844 -0.162788
4.47343 1.66227 321.253 -201.334 1603.15 0.10924 -5.22214 -1.23239 -321.253 -198.326 -261.706 -0.10924
3.56491 1.2424 321.05 -155.103 1186.49 0.054073 -4.16205 -0.955888 -321.05 -148.389 -117.847 -0.054073
2.37918 1.01986 320.789 -142.145 686.757 -0.00106474 -2.79396 -0.890673 -320.789 -121.593 28.1354 0.00106474
0.965882 0.870433 320.408 -124.386 131.952 -0.0544751 -1.16837 -0.655134 -320.408 -86.1694 162.117 0.0544751
-0.596139 0.430198 320.173 -69.7072 -437.724 -0.104513 0.493695 -0.232678 -320.173 -21.7053 285.346 0.104513
-2.41678 -0.326878 319.814 22.8355 -1025.09 -0.14962 2.20395 0.367769 -319.814 73.2197 383.924 0.14962
-4.30633 -1.29294 319.465 153.261 -1615.38 -0.188354 4.0198 1.23819 -319.465 196.389 461.394 0.188354
-5.91412 -2.40216 319.391 294.739 -2151.24 -0.219527 5.67738 2.11908 -319.391 329.725 545.238 0.219527
-7.27424 -3.51903 319.377 439.937 -2610.74 -0.242344 7.01858 3.04114 -319.377 466.079 630.706 0.242344
-8.46325 -4.46893 319.49 573.961 -3000.55 -0.256353 8.23142 3.98703 -319.49 593.848 687.986 0.256353
-9.35835 -4.98983 319.797 672.518 -3309.57 -0.261363 9.36791 4.86237 -319.797 688.101 715.788 0.261363
-9.89617 -5.088 320.072 689.487 -3510.9 -0.25749 10.1004 5.02644 -320.072 707.349 741.24 0.25749
-10.081 -4.47382 320.328 602.282 -3595.57 -0.245193 10.3935 4.44947 -320.328 630.074 759.699 0.245193
-9.96206 -3.1745 320.607 417.745 -3568.93 -0.225138 10.4269 3.19337 -320.607 461.738 744.942 0.225138
-9.72717 -1.6088 320.764 172.07 -3430.38 -0.198068 10.0849 1.35323 -320.764 237.107 686.458 0.198068
-9.28738 -0.0823754 320.756 -69.3761 -3179.9 -0.164838 9.40633 -0.452062 -320.756 18.4838 591.093 0.164838
-8.47766 0.992335 320.631 -238.399 -2820.72 -0.126464 8.467 -1.69768 -320.631 -132.9 474.343 0.126464
-7.30887 1.25022 320.38 -287.295 -2354.74 -0.0840949 7.1348 -2.13657 -320.38 -180.224 354.813 0.0840949
-5.62541 0.583941 320.011 -202.549 -1789.12 -0.0389679 5.5441 -1.67328 -320.011 -108.994 242.524 0.0389679
-3.61285 -0.969479 319.742 24.7399 -1145.34 0.00759702 3.70972 -0.206652 -319.742 80.7294 131.249 -0.00759702
-1.59461 -3.02376 319.524 364.987 -469.952 0.0542063 1.73079 2.19512 -319.524 355.769 9.20279 -0.0542063
0.498972 -5.35949 319.407 732.755 220.021 0.0994259 -0.258853 4.62696 -319.407 646.293 -115.505 -0.0994259
2.65576 -7.34691 319.248 1040.38 924.562 0.141838 -2.34947 6.63315 -319.248 890.093 -232.127 -0.141838
4.48569 -8.48951 319.065 1235.51 1577.38 0.180123 -4.29726 8.03898 -319.065 1046.84 -361.913 -0.180123
6.00755 -8.74946 319.257 1287.79 2170.52 0.21316 -6.0576 8.46051 -319.257 1088.67 -500.53 -0.21316
7.35709 -8.12226 319.563 1195.38 2675.25 0.240076 -7.43704 7.84245 -319.563 1009.13 -627.263 -0.240076
8.59564 -6.6145 319.815 980.661 3090.74 0.260197 -8.62275 6.43339 -319.815 821.089 -707.057 -0.260197
9.6758 -4.47937 320.067 671.77 3414.74 0.272991 -9.65188 4.33538 -320.067 545.445 -739.089 -0.272991
10.3695 -1.91836 320.363 299.415 3629.41 0.278079 -10.3951 1.78369 -320.363 211.806 -754.851 -0.278079
10.6239 0.788255 320.552 -92.6576 3720.39 0.275319 -10.6533 -0.898898 -320.552 -140.3 -774.822 -0.275319
10.4551 3.33676 320.583 -463.801 3695.15 0.264805 -10.5789 -3.4416 -320.583 -472.183 -783.174 -0.264805
10.0307 5.5987 320.554 -780.907 3562.81 0.24681 -10.2319 -5.50475 -320.554 -752.312 -757.658 -0.24681
9.31636 7.33095 320.443 -1026.99 3320.64 0.221785 -9.65276 -7.0835 -320.443 -963.42 -694.69 -0.221785
8.30659 8.36556 320.147 -1183.92 2965.48 0.190436 -8.7155 -8.10827 -320.147 -1090.86 -609.22 -0.190436
6.93988 8.68514 319.977 -1232.98 2491.7 0.153772 -7.37973 -8.34411 -319.977 -1118.47 -509.679 -0.153772
5.27017 8.08116 319.875 -1159.66 1906.36 0.113074 -5.67889 -7.80794 -319.875 -1034.33 -391.02 -0.113074
3.42512 6.48947 319.745 -950.814 1232.24 0.0698322 -3.73798 -6.43108 -319.745 -833.244 -241.098 -0.0698322
1.64327 4.11836 319.734 -613.172 534.586 0.0256464 -1.86532 -4.07879 -319.734 -518.634 -49.6316 -0.0256464
-0.200601 0.941545 319.97 -163.126 -171.757 -0.0178718 0.0307913 -1.03383 -319.97 -109.53 138.664 0.0178718
-2.23528 -2.67316 320.142 352.912 -890.801 -0.0591085 2.1561 2.45333 -320.142 355.105 281.697 0.0591085
-4.50943 -6.20906 320.093 866.676 -1618.53 -0.0964407 4.334 5.99858 -320.093 819.157 393.182 0.0964407
-6.52709 -9.22039 320.113 1292.42 -2263.39 -0.128459 6.00005 8.93182 -320.113 1214.3 527.951 0.128459
-8.02545 -11.2342 320.261 1567.47 -2820.6 -0.15422 7.47499 10.8566 -320.261 1483.13 673.245 0.15422
-9.38622 -11.9684 320.396 1659.52 -3311.41 -0.173088 8.79934 11.5511 -320.396 1588.39 792.067 0.173088
-10.6112 -11.3248 320.472 1560.23 -3735.24 -0.184509 10.0173 10.9329 -320.472 1513.46 877.528 0.184509
-11.2846 -9.28713 320.559 1270.74 -4067.41 -0.188158 11.1833 9.0224 -320.559 1257.77 954.87 0.188158
-11.5365 -6.20668 320.52 827.01 -4277 -0.184053 11.7686 5.95667 -320.52 852.778 1048.26 0.184053
-11.322 -2.50804 320.444 295.091 -4354.15 -0.172466 11.9508 2.25224 -320.444 362.413 1129.56 0.172466
-10.9716 1.24347 320.293 -241.641 -4308.15 -0.153894 11.8122 -1.45829 -320.293 -131.279 1151.16 0.153894
-10.8394 4.39845 320.062 -696.532 -4149.71 -0.129054 11.273 -4.61427 -320.062 -547.858 1085.91 0.129054
-10.4838 6.45874 319.802 -1000.16 -3886.07 -0.0988309 10.7286 -6.74669 -319.802 -823.191 947.361 0.0988309
-9.63856 7.1973 319.567 -1110.34 -3497.3 -0.0643218 9.83449 -7.49368 -319.567 -918.138 799.851 0.0643218
-8.33636 6.37295 319.376 -1003.23 -2978.39 -0.0268884 8.26513 -6.80485 -319.376 -816.293 678.736 0.0268884
-6.57772 3.99434 319.385 -678.28 -2356.8 0.0119007 6.43271 -4.71661 -319.385 -524.426 554.443 -0.0119007
-4.6859 0.46621 319.593 -158.481 -1657.09 0.0504117 4.4741 -1.19997 -319.593 -71.4487 387.958 -0.0504117
-2.81683 -3.9476 319.747 493.574 -917.417 0.0870741 2.55343 3.0925 -319.747 478.678 173.213 -0.0870741
-0.853195 -8.61758 320.062 1182.41 -172.587 0.120459 0.69879 7.5163 -320.062 1045.51 -42.7228 -0.120459
1.35375 -12.6781 320.347 1790.61 590.205 0.149283 -1.48736 11.4927 -320.347 1547.07 -197.307 -0.149283
3.53218 -15.3996 320.116 2207.49 1309.22 0.172459 -3.58159 14.3693 -320.116 1903.19 -324.816 -0.172459
5.41316 -16.6469 319.892 2388.53 1954.37 0.189302 -5.32145 15.5918 -319.892 2063.19 -468.543 -0.189302
6.89275 -16.2152 320.033 2316.44 2515.07 0.199568 -6.754 15.0812 -320.033 2005.17 -625.795 -0.199568
8.1222 -14.1781 319.889 2016.62 2994.6 0.203227 -7.99918 13.0652 -319.889 1745.32 -762.451 -0.203227
9.28218 -10.9113 319.669 1537.19 3401.81 0.200419 -9.09944 9.80405 -319.669 1323.33 -856.598 -0.200419
10.3112 -7.02034 319.712 968.593 3721.23 0.191516 -9.95862 5.89477 -319.712 814.826 -914.549 -0.191516
11.1444 -3.03305 319.735 395.786 3953.81 0.177056 -10.5987 1.99594 -319.735 298.663 -943.145 -0.177056
11.6762 0.627421 319.714 -108.263 4097.96 0.157678 -11.043 -1.29194 -319.714 -156.765 -952.183 -0.157678
11.9634 3.37577 319.778 -494.098 4157.13 0.13414 -11.2 -3.87148 -319.778 -506.645 -949.87 -0.13414
11.9537 5.09453 319.895 -733.639 4137.26 0.107317 -11.179 -5.45267 -319.895 -722.784 -934.284 -0.107317
11.7281 5.77845 319.94 -816.434 4043.09 0.0781979 -10.9723 -5.89277 -319.94 -795.199 -900.077 -0.0781979
11.326 5.42418 319.951 -761.149 3875.62 0.0479121 -10.539 -5.45244 -319.951 -740.756 -848.409 -0.0479121
10.7653 4.30147 319.989 -596.976 3638.31 0.017672 -9.87557 -4.28147 -319.989 -588.197 -780.752 -0.017672
9.95453 2.76864 319.995 -366.409 3334.83 -0.0112925 -9.07727 -2.61109 -319.995 -376.441 -700.224 0.0112925
8.9012 0.944234 319.922 -115.801 2966.65 -0.0377785 -8.08096 -0.95467 -319.922 -146.388 -615.948 0.0377785
7.52928 -0.820846 319.876 130.907 2533.92 -0.0606773 -6.92823 0.683459 -319.876 76.8412 -532.808 0.0606773
5.98198 -2.3017 319.841 349.044 2040.28 -0.0790738 -5.5348 2.20051 -319.841 272.673 -446.281 0.0790738
4.45754 -3.4749 319.784 511.49 1512.62 -0.0923413 -4.04491 3.27464 -319.784 420.555 -335.975 0.0923413
2.98357 -4.21369 319.721 608.235 980.384 -0.100235 -2.7011 3.91813 -319.721 514.694 -194.019 0.100235
1.50613 -4.4574 319.702 639.922 435.306 -0.102904 -1.29542 4.2258 -319.702 559.166 -48.2622 0.102904
-0.0371029 -4.33445 319.776 616.866 -115.746 -0.100766 0.194515 4.17205 -319.776 557.846 82.7618 0.100766
-1.59204 -3.918 319.935 544.28 -647.282 -0.0944011 1.5941 3.74296 -319.935 513.699 205.153 0.0944011
-3.24824 -3.26854 320.037 440.808 -1180.07 -0.0844953 3.04479 3.09931 -320.037 438.627 307.821 0.0844953
-4.7671 -2.6733 320.096 329.141 -1684.94 -0.0717492 4.45209 2.25953 -320.096 352.151 407.59 0.0717492
-6.05485 -2.16877 320.253 238.968 -2132.13 -0.0568623 5.6029 1.59919 -320.253 281.479 517.06 0.0568623
-7.19975 -1.88276 320.399 192.086 -2524.64 -0.0404914 6.57044 1.29051 -320.399 246.247 616.962 0.0404914
-8.32718 -1.90223 320.475 187.185 -2878.22 -0.0230966 7.52184 1.24221 -320.475 247.172 682.679 0.0230966
-9.40128 -2.05076 320.576 214.353 -3189.17 -0.00495829 8.43296 1.49598 -320.576 275.559 718.809 0.00495829
-10.2834 -2.29385 320.591 255.038 -3446.08 0.0136523 9.1799 1.83309 -320.591 314.994 750.173 -0.0136523
-10.9262 -2.59257 320.538 293.439 -3643.66 0.0324433 9.69016 2.08457 -320.538 352.571 788.048 -0.0324433
-11.324 -2.84641 320.452 330.567 -3789.53 0.0511415 10.088 2.35965 -320.452 388.482 823.677 -0.0511415
-11.3791 -3.11007 320.314 370.274 -3879.15 0.0694489 10.4477 2.65579 -320.314 426.077 855.765 -0.0694489
-11.2927 -3.48006 320.099 417.531 -3900.33 0.0869851 10.4615 2.94395 -320.099 469.703 886.877 -0.0869851
-10.9894 -3.88156 319.87 476.992 -3853.35 0.103272 10.3103 3.36305 -319.87 523.557 902.736 -0.103272
-10.3921 -4.28217 319.641 542.457 -3735.15 0.117766 10.1046 3.85864 -319.641 581.845 895.691 -0.117766
-9.7076 -4.65937 319.389 598.293 -3534.31 0.129931 9.49839 4.23376 -319.389 629.891 873.539 -0.129931
-8.85182 -4.85836 319.265 631.176 -3252.34 0.139286 8.65347 4.44982 -319.265 654.313 827.077 -0.139286
-7.8897 -4.83359 319.246 628.205 -2900.74 0.145431 7.68861 4.38769 -319.246 645.277 742.417 -0.145431
-6.99703 -4.76019 319.267 598.427 -2488.55 0.148072 6.47728 3.98366 -319.267 609.12 621.766 -0.148072
-5.92678 -4.58208 319.374 565.793 -2027.19 0.14706 5.23695 3.64179 -319.374 569.943 480.552 -0.14706
-4.84109 -4.51344 319.599 558.734 -1532.56 0.142427 3.82446 3.52629 -319.599 551.566 332.002 -0.142427
-3.61513 -4.31373 319.867 570.643 -1033.41 0.134398 2.48793 3.78852 -319.867 548.279 187.79 -0.134398
-2.3692 -4.0887 320.068 562.933 -565.842 0.123357 1.27356 3.80762 -320.068 527.54 60.9912 -0.123357
-1.1244 -3.46379 320.251 499.952 -138.555 0.109736 0.0924605 3.47186 -320.251 457.852 -30.3708 -0.109736
0.0287988 -2.10411 320.378 344.029 252.294 0.0939552 -1.10268 2.64099 -320.378 311.284 -96.132 -0.0939552
0.93254 -0.366267 320.44 83.9849 567.184 0.0764793 -1.93472 0.80401 -320.44 77.6909 -170.636 -0.0764793
1.57877 1.79237 320.348 -242.612 805.24 0.0578273 -2.49552 -1.48777 -320.348 -210.249 -241.458 -0.0578273
2.09556 3.89751 320.384 -562.639 981.237 0.0385228 -2.98973 -3.73025 -320.384 -490.564 -277.458 -0.0385228
2.52146 5.65133 320.309 -814.754 1091.06 0.0190684 -3.33047 -5.39763 -320.309 -710.865 -281.207 -0.0190684
2.79799 6.70503 320.134 -966.662 1127.6 -2.8291e-05 -3.39524 -6.40149 -320.134 -843.073 -270.553 2.8291e-05
2.81432 7.02228 320.089 -1009.35 1096.21 -0.0182116 -3.29362 -6.65141 -320.089 -878.703 -251.026 0.0182116
2.60514 6.64032 320.106 -949.36 1003.71 -0.0348792 -3.02368 -6.20087 -320.106 -823.732 -224.888 0.0348792
2.03759 5.75634 320.062 -810.607 849.646 -0.0494357 -2.65108 -5.1783 -320.062 -699.215 -200.962 0.0494357
1.33054 4.53106 320.106 -629.671 636.765 -0.0613232 -1.98161 -3.91711 -320.106 -536.802 -178.581 0.0613232
0.567748 2.96434 320.21 -428.249 379.29 -0.070039 -1.18392 -2.71403 -320.21 -355.751 -137.117 0.070039
-0.0798194 1.38622 320.219 -209.466 102.817 -0.0751944 -0.399513 -1.27654 -320.219 -158.116 -59.0143 0.0751944
-0.640472 -0.153277 320.289 19.523 -184.757 -0.0765597 0.389615 0.319745 -320.289 45.9024 41.478 0.0765597
-1.26121 -1.57009 320.336 218.198 -473.661 -0.0740564 1.158 1.64692 -320.336 226.137 137.859 0.0740564
-1.86197 -2.37561 320.243 353.293 -763.131 -0.0677577 2.07258 2.72541 -320.243 351.203 217.425 0.0677577
-2.45832 -2.54738 320.178 383.441 -1022.87 -0.0578884 2.80751 3.0111 -320.178 384.229 292.749 0.0578884
-3.19385 -1.86536 320.141 285.34 -1245.67 -0.0448105 3.23165 2.40903 -320.141 305.024 354.931 0.0448105
-3.77564 -0.214054 320.116 58.4324 -1437.8 -0.0290121 3.81211 1.01908 -320.116 111.984 386.196 0.0290121
-4.23636 2.06771 320.074 -279.17 -1586.32 -0.0110731 4.28223 -1.25147 -320.074 -179.016 405.889 0.0110731
-4.60114 4.72851 320.123 -675.577 -1680.57 0.00836169 4.42119 -3.95683 -320.123 -523.593 430.374 -0.00836169
-4.77608 7.36205 320.222 -1063.4 -1735.28 0.0285908 4.56231 -6.58303 -320.222 -862.055 441.315 -0.0285908
-4.85596 9.46856 320.276 -1377.12 -1758.35 0.0489041 4.71888 -8.73307 -320.276 -1136.11 431.706 -0.0489041
-4.80564 10.7251 320.313 -1565.22 -1738.27 0.0686151 4.72666 -10.0331 -320.313 -1301.03 417.561 -0.0686151
-4.55979 10.978 320.351 -1604.08 -1670.26 0.0870339 4.58664 -10.3036 -320.351 -1334.45 402.976 -0.0870339
-4.23666 10.4175 320.375 -1505.07 -1557.7 0.103464 4.29375 -9.51178 -320.375 -1246.71 375.732 -0.103464
-3.84375 9.16529 320.402 -1313.38 -1403.31 0.117247 3.93372 -8.1684 -320.402 -1079.99 325.667 -0.117247
-3.40587 7.62853 320.37 -1085.6 -1208.78 0.127799 3.46135 -6.62741 -320.37 -882.788 257.287 -0.127799
-2.91557 6.20486 320.323 -867.325 -977.834 0.134636 2.84274 -5.11631 -320.323 -695.815 180.008 -0.134636
-2.32325 5.06156 320.338 -694.346 -723.631 0.137405 2.19534 -3.95819 -320.338 -551.008 97.5867 -0.137405
-1.6928 4.23736 320.37 -580.768 -452.383 0.1359 1.44634 -3.30673 -320.37 -460.829 17.444 -0.1359
-0.996213 3.85784 320.281 -522.489 -174.534 0.130092 0.677889 -2.95598 -320.281 -418.277 -57.4781 -0.130092
-0.287124 3.78437 320.243 -506.459 94.9572 0.120157 -0.0633663 -2.87358 -320.243 -412.794 -126.091 -0.120157
0.415851 4.06363 320.256 -530.566 354.857 0.106487 -0.827262 -2.98887 -320.256 -443.177 -182.878 -0.106487
1.0951 4.62346 320.119 -604.459 590.472 0.0896599 -1.50565 -3.48211 -320.119 -514.706 -230.527 -0.0896599
1.66222 5.46709 320.075 -724.438 788.337 0.0704271 -2.09911 -4.30236 -320.075 -624.489 -267.715 -0.0704271
2.02535 6.56444 320.127 -880.089 942.511 0.0497029 -2.66987 -5.33747 -320.127 -763.302 -292.613 -0.0497029
2.12135 7.5131 320.091 -1042.49 1029.85 0.0284797 -3.04133 -6.60098 -320.091 -906.37 -315.2 -0.0284797
2.07671 8.26599 320.097 -1167.81 1042.02 0.00774814 -3.09165 -7.54093 -320.097 -1014.81 -326.535 -0.00774814
1.90563 8.55298 320.216 -1216.97 984.634 -0.011548 -3.02837 -7.90088 -320.216 -1054.98 -301.647 0.011548
2.08457 8.10329 320.313 -1169.89 874.12 -0.0285871 -2.64091 -7.68339 -320.313 -1009.93 -220.251 0.0285871
2.29052 6.97098 320.387 -1014.99 732.891 -0.0427513 -2.39004 -6.68511 -320.387 -870.613 -85.6995 0.0427513
2.23434 5.4254 320.515 -768.437 558.827 -0.0536381 -2.17544 -4.86569 -320.515 -652.511 50.43 0.0536381
2.12221 3.48556 320.538 -481.5 348.789 -0.0610269 -1.45153 -2.897 -320.538 -399.735 144.483 0.0610269
1.75916 1.56988 320.499 -202.867 143.417 -0.0648545 -0.87593 -1.01308 -320.499 -153.697 219.732 0.0648545
1.19362 0.0816483 320.467 30.378 -43.9456 -0.0651874 -0.549201 0.672257 -320.467 51.2806 283.43 0.0651874
0.744422 -0.806601 320.332 167.805 -217.878 -0.0621751 0.00784489 1.67201 -320.332 174.56 318.03 0.0621751
0.202373 -0.836557 320.18 175.147 -374.237 -0.0560242 0.506249 1.78035 -320.18 186.321 330.407 0.0560242
-0.42843 -0.0048223 320.075 46.0819 -508.839 -0.0469937 0.863545 0.907532 -320.075 80.02 328.332 0.0469937
-1.08759 1.41788 320.034 -187.819 -630.98 -0.0353869 1.29237 -0.790886 -320.034 -117.051 300.078 0.0353869
-1.84036 3.22045 320.013 -463.967 -741.607 -0.0215466 1.71752 -2.68924 -320.013 -351.937 247.947 0.0215466
-2.45021 4.64289 320.001 -709.343 -834.119 -0.00586976 2.16002 -4.56236 -320.001 -561.62 195.072 0.00586976
-2.33254 5.42646 320.043 -846.761 -880.846 0.0111617 2.71487 -5.62956 -320.043 -679.766 181.371 -0.0111617
-2.03828 5.2993 320.041 -832.024 -855.55 0.0289637 2.57453 -5.55791 -320.041 -667.052 216.076 -0.0289637
-1.63823 3.97449 320.091 -657.385 -777.25 0.0468742 2.28912 -4.5318 -320.091 -517.068 232.539 -0.0468742
-1.06504 1.84379 320.149 -340.581 -654.998 0.0642174 2.29146 -2.41245 -320.149 -247.012 189.391 -0.0642174
-0.507494 -0.852598 320.167 68.1608 -453.593 0.0803547 1.85959 0.34618 -320.167 97.4856 125.054 -0.0803547
0.143989 -3.83399 320.165 500.519 -170.525 0.0947017 0.96676 3.10845 -320.165 458.221 55.8352 -0.0947017
1.12696 -6.60598 320.243 908.409 180.076 0.10677 0.0578723 5.72495 -320.243 794.374 -32.789 -0.10677
2.19433 -8.86832 320.212 1247.87 580.149 0.116213 -0.991474 7.94355 -320.212 1073.64 -139.721 -0.116213
3.48121 -10.4795 320.076 1486.9 1018.08 0.122811 -2.10824 9.48898 -320.076 1270.48 -244.797 -0.122811
4.97619 -10.9872 320.069 1596.13 1490.95 0.126456 -3.37752 10.4132 -320.069 1358.97 -334.954 -0.126456
6.49644 -10.3694 319.986 1529.45 1998.14 0.127145 -4.89184 10.12 -319.986 1299.85 -422.046 -0.127145
7.96083 -8.64639 319.976 1275.88 2504.74 0.124936 -6.2956 8.404 -319.976 1078.55 -531.485 -0.124936
9.08081 -5.71062 320.005 860.6 2983.65 0.119891 -7.67036 5.70593 -320.005 715.884 -664.765 -0.119891
10.0235 -2.05808 319.984 338.41 3414.87 0.112079 -8.85162 2.20835 -319.984 250.742 -801.596 -0.112079
10.9051 1.6645 320.028 -225.893 3792.41 0.101612 -9.87833 -1.84079 -320.028 -258.131 -914.632 -0.101612
11.5755 5.19671 320.093 -737.573 4108.85 0.0886245 -10.9338 -5.39624 -320.093 -725.171 -991.92 -0.0886245
12.1039 7.86998 320.106 -1118.49 4339.48 0.0732691 -11.6434 -8.02889 -320.106 -1076.95 -1050.98 -0.0732691
12.3476 9.26309 320.16 -1320.38 4469.8 0.0557725 -12.0035 -9.47581 -320.16 -1267.23 -1097.55 -0.0557725
12.3179 9.30491 320.159 -1326.32 4504.93 0.0364701 -12.1435 -9.5298 -320.159 -1274.52 -1117.32 -0.0364701
12.1384 7.99935 320.137 -1138.78 4443.73 0.0158009 -11.9926 -8.217 -320.137 -1100.49 -1101.93 -0.0158009
11.8141 5.5277 320.133 -784.568 4285.24 -0.00568679 -11.5648 -5.75875 -320.133 -773.944 -1047.75 0.00568679
11.207 2.28242 320.051 -316.67 4027.62 -0.02733 -10.9475 -2.51502 -320.051 -345.788 -959.922 0.02733
10.2619 -1.27643 319.855 199.555 3664.18 -0.0483784 -10.0144 1.04783 -319.855 121.404 -856.797 0.0483784
8.99434 -4.66236 319.628 692.385 3196.82 -0.0680235 -8.68352 4.43195 -319.628 563.425 -749.389 0.0680235
7.32562 -7.42554 319.498 1097.97 2634.32 -0.0854213 -7.16414 7.19496 -319.498 920.918 -628.411 0.0854213
5.34786 -9.18902 319.429 1358.03 1987.63 -0.099757 -5.50412 8.95914 -319.429 1147.97 -485.477 0.099757
3.35685 -9.71286 319.327 1431.73 1281.8 -0.110337 -3.59138 9.47621 -319.327 1218.02 -320.247 0.110337
1.30856 -9.11177 319.298 1322.67 534.77 -0.116641 -1.57732 8.73123 -319.298 1141.22 -135.812 0.116641
-0.741008 -7.62468 319.636 1074.51 -233.172 -0.11832 0.43911 7.06918 -319.636 954.58 68.982 0.11832
-2.7132 -5.66578 320.057 766.418 -997.6 -0.115181 2.43976 5.06454 -320.057 715.397 283.12 0.115181
-4.66185 -3.7533 320.126 465.989 -1751.52 -0.107174 4.49748 3.04885 -320.126 473.428 482.191 0.107174
-6.19478 -2.02174 320.132 215.945 -2413.35 -0.0944997 6.26251 1.46349 -320.132 265.464 687.06 0.0944997
-7.41759 -0.570521 320.432 23.9549 -2969.99 -0.0776521 7.62901 0.336392 -320.432 101.43 884.726 0.0776521
-8.42061 0.368981 320.723 -113.625 -3427.79 -0.0571149 8.82698 -0.598755 -320.723 -19.8545 1037.39 0.0571149
-9.23989 0.98826 320.715 -199.772 -3784.28 -0.0332178 9.86794 -1.15424 -320.715 -95.9254 1136.06 0.0332178
-9.78762 1.29801 320.732 -234.341 -4024.2 -0.00643249 10.6169 -1.31466 -320.732 -126.282 1196.3 0.00643249
-9.96121 1.30578 320.779 -231.296 -4131.89 0.0225398 10.9919 -1.26026 -320.779 -122.888 1227.94 -0.0225398
-9.78694 0.879362 320.602 -191.668 -4099.56 0.0529672 10.9594 -1.13706 -320.602 -86.6205 1224.24 -0.0529672
-9.42702 0.143247 320.311 -96.8924 -3930.82 0.0840728 10.5058 -0.567002 -320.311 -1.02982 1168.31 -0.0840728
-8.87237 -1.09453 320.05 68.4983 -3634.78 0.114939 9.77472 0.467262 -320.05 147.318 1050.65 -0.114939
-7.98604 -2.84853 319.706 308.105 -3209.98 0.144515 8.77972 1.98782 -319.706 359.882 886.823 -0.144515
-6.62811 -4.87862 319.372 613.162 -2639.5 0.17158 7.30026 4.07714 -319.372 623.649 709.567 -0.17158
-4.92171 -7.1641 319.099 946.89 -1934.68 0.194805 5.27753 6.21719 -319.099 901.004 521.308 -0.194805
-3.02 -9.13043 319.045 1258.11 -1137.38 0.213013 3.07408 8.2875 -319.045 1147.16 292.615 -0.213013
-1.27049 -10.2824 319.353 1469.95 -339.932 0.225384 1.0788 9.78403 -319.353 1300.99 14.1088 -0.225384
0.496615 -10.5008 319.507 1513.74 446.155 0.231382 -0.988256 9.94778 -319.507 1309.94 -240.702 -0.231382
2.51041 -9.3686 319.444 1361.69 1214.21 0.230612 -3.09959 8.89347 -319.444 1160.06 -437.418 -0.230612
4.45437 -7.07855 319.762 1039.89 1922.83 0.222986 -5.09043 6.77587 -319.762 873.222 -601.135 -0.222986
6.13142 -4.11817 320.162 603.364 2536.6 0.208894 -6.73387 3.7986 -320.162 489.852 -755.011 -0.208894
7.51614 -0.860087 320.298 135.749 3024.48 0.189013 -7.89224 0.643904 -320.298 71.9517 -890.531 -0.189013
8.67415 2.32892 320.399 -310.873 3414.54 0.164008 -8.97501 -2.32016 -320.399 -331.085 -970.238 -0.164008
9.77387 5.0334 320.649 -696.062 3713.37 0.134478 -9.86725 -4.93312 -320.649 -680.169 -993.321 -0.134478
10.7239 7.1031 320.712 -986.796 3915.67 0.10116 -10.4562 -6.89709 -320.712 -946.439 -982.69 -0.10116
11.3454 8.43547 320.62 -1169.17 4027.12 0.0650223 -10.8745 -8.09499 -320.62 -1113.47 -950.354 -0.0650223
11.6174 8.98306 320.599 -1244.21 4048.66 0.0271139 -11.064 -8.58121 -320.599 -1181.18 -908.203 -0.0271139
11.5045 8.77149 320.491 -1218.26 3975.72 -0.0115079 -10.9577 -8.41638 -320.491 -1155.15 -865.757 0.0115079
10.9545 7.95348 320.21 -1098.46 3806.87 -0.0497241 -10.6149 -7.54856 -320.21 -1042.16 -820.643 0.0497241
10.1796 6.58051 319.95 -899.497 3543.41 -0.0862622 -9.9198 -6.14132 -319.95 -857.202 -760.845 0.0862622
9.16817 4.77025 319.786 -643.57 3184.8 -0.11969 -8.98067 -4.3752 -319.786 -619.271 -672.445 0.11969
7.83332 2.73483 319.456 -350.819 2730.66 -0.148575 -7.82925 -2.34442 -319.456 -350.527 -562.71 0.148575
6.2275 0.631106 319.296 -48.3137 2167.88 -0.171662 -6.19932 -0.270048 -319.296 -76.0916 -447.984 0.171662
4.43389 -1.28507 319.348 226.498 1519.68 -0.187963 -4.23495 1.60746 -319.348 172.956 -320.065 0.187963
2.5565 -2.68176 319.427 428.975 847.182 -0.196846 -2.40035 3.05436 -319.427 363.151 -161.598 0.196846
0.645278 -3.31868 319.531 518.68 153.87 -0.198106 -0.437764 3.7862 -319.531 462.477 -4.68559 0.198106
-1.25485 -3.11414 320.009 476.22 -521.692 -0.19189 1.51764 3.59382 -320.009 450.158 137.02 0.19189
-3.31556 -1.98171 320.364 306.579 -1188.57 -0.178657 3.42017 2.56639 -320.364 321.578 255.264 0.178657
-5.14642 -0.0548081 320.45 26.1774 -1803.54 -0.159162 5.21813 0.770095 -320.45 87.8738 367.892 0.159162
-6.64157 2.26777 320.745 -329.513 -2319.78 -0.134392 6.58041 -1.71539 -320.745 -220.357 488.413 0.134392
-8.00536 4.67405 321.038 -696.215 -2749.66 -0.105435 7.58841 -4.30092 -321.038 -542.954 589.779 0.105435
-9.09296 6.75873 321.139 -997.111 -3106.11 -0.0732947 8.61956 -6.3625 -321.139 -814.609 652.826 0.0732947
-9.97166 8.03445 321.036 -1188.33 -3387.5 -0.0388354 9.4423 -7.73866 -321.036 -989.581 698.613 0.0388354
-10.5991 8.33964 320.977 -1237.77 -3584.37 -0.00289012 9.89659 -8.13241 -320.977 -1036.67 745.613 0.00289012
-10.8987 7.70503 320.799 -1139.41 -3704.95 0.0337594 10.1812 -7.41913 -320.799 -948.894 785.197 -0.0337594
-10.9424 6.17381 320.478 -916.174 -3751.32 0.0704572 10.2784 -5.87093 -320.478 -746.904 811.984 -0.0704572
-10.7529 4.09048 320.178 -610.95 -3719.16 0.10657 10.1135 -3.73601 -320.178 -469.64 828.798 -0.10657
-10.19 1.7963 319.904 -274.356 -3603.8 0.141362 9.77867 -1.38406 -319.904 -164.663 837.646 -0.141362
-9.39906 -0.331443 319.577 38.0993 -3402.68 0.173993 9.10565 0.790527 -319.577 116.979 839.092 -0.173993
-8.3893 -1.92483 319.357 278.116 -3120.29 0.203545 8.16892 2.48668 -319.357 331.203 826.087 -0.203545
-7.16148 -2.59556 319.284 402.643 -2764.99 0.229044 7.08644 3.48974 -319.284 437.799 790.568 -0.229044
-5.83428 -2.24694 319.279 369.896 -2342.4 0.249501 5.79614 3.33819 -319.279 401.473 730.328 -0.249501
-4.39679 -0.739077 319.342 163.831 -1863.59 0.263998 4.37999 1.9838 -319.342 212.298 646.598 -0.263998
-2.88755 1.90921 319.683 -205.666 -1341.44 0.271799 2.88835 -0.42579 -319.683 -116.622 539.917 -0.271799
-1.40572 5.1402 320.093 -692.371 -814.271 0.272496 1.47243 -3.82823 -320.093 -545.894 414.053 -0.272496
0.00771412 8.51511 320.46 -1205.67 -299.675 0.266053 0.110692 -7.47548 -320.46 -1002.26 283.866 -0.266053
1.36633 11.6498 320.854 -1657.12 212.862 0.252667 -1.30004 -10.5604 -320.854 -1409.66 154.921 -0.252667
2.61139 13.8655 321.16 -1985.49 706.279 0.232664 -2.58047 -12.9223 -321.16 -1713.41 11.3832 -0.232664
3.52619 14.9558 321.141 -2149.43 1166.92 0.20658 -3.82508 -14.1734 -321.141 -1872.8 -150.006 -0.20658
4.1888 14.8817 321.091 -2124.72 1556.86 0.175227 -4.72166 -14.019 -321.091 -1865.97 -323.698 -0.175227
4.69528 13.5488 321.037 -1922.79 1866.39 0.139615 -5.33911 -12.7067 -321.037 -1702.65 -477.242 -0.139615
5.01524 11.185 320.808 -1576.86 2098.05 0.100833 -5.91894 -10.4372 -320.808 -1408.8 -584.097 -0.100833
5.223 8.07446 320.486 -1125.11 2234.13 0.0599618 -6.19398 -7.44557 -320.486 -1017.93 -653.181 -0.0599618
5.21763 4.52723 320.196 -609.71 2264.71 0.0181004 -6.13752 -4.01111 -320.196 -569.272 -692.213 -0.0181004
4.86233 0.943814 319.887 -87.2175 2189.18 -0.0236184 -5.8825 -0.500969 -319.887 -112.253 -701.107 0.0236184
4.27349 -2.3493 319.584 387.064 2006.56 -0.0640554 -5.28629 2.64541 -319.584 302.659 -682.489 0.0640554
3.47446 -4.99782 319.371 762.948 1730.52 -0.10203 -4.47898 5.10204 -319.371 631.715 -628.852 0.10203
2.52261 -6.70164 319.28 1003.84 1375.4 -0.136328 -3.54231 6.68524 -319.28 844.711 -535.31 0.136328
1.45186 -7.20285 319.239 1081.05 948.916 -0.165821 -2.3979 7.29065 -319.239 920.316 -415.673 0.165821
0.285722 -6.47626 319.335 976.054 451.887 -0.189514 -0.952169 6.70352 -319.335 843.927 -280.4 0.189514
-0.995746 -4.69198 319.642 695.699 -80.5566 -0.206522 0.457896 4.84641 -319.642 621.491 -120.799 0.206522
-2.21436 -2.06864 320.064 293.94 -610.762 -0.216139 1.78474 2.20072 -320.064 295.71 56.6861 0.216139
-3.45864 0.915504 320.411 -153.519 -1149.1 -0.217929 3.25889 -0.753208 -320.411 -76.7671 218.447 0.217929
-4.6018 3.70592 320.612 -572.634 -1649.27 -0.211753 4.60673 -3.59753 -320.612 -435.718 373.51 0.211753
-5.67906 5.95255 320.895 -905.171 -2085.18 -0.197824 5.61023 -5.87198 -320.895 -727.477 521.065 0.197824
-6.59489 7.32052 321.094 -1105.16 -2455.96 -0.176738 6.49758 -7.24626 -321.094 -906.155 641.942 0.176738
-7.37996 7.63615 321.113 -1149.9 -2762.7 -0.149328 7.30182 -7.56777 -321.113 -949.403 728.475 0.149328
-8.00695 6.91664 321.007 -1045.06 -2998.47 -0.116538 7.87875 -6.86403 -321.007 -857.717 797.415 0.116538
-8.39026 5.36793 320.865 -814.105 -3161.87 -0.0794543 8.28113 -5.24402 -320.865 -651.116 851.9 0.0794543
-8.45556 3.3028 320.617 -502.987 -3249.43 -0.0392684 8.59347 -3.03341 -320.617 -371.81 887.08 0.0392684
-8.40957 0.986459 320.239 -167.782 -3255.95 0.0028162 8.60518 -0.740423 -320.239 -70.5271 898.303 -0.0028162
-8.24013 -1.14367 319.913 141.407 -3181.95 0.0455847 8.42284 1.38795 -319.913 208.327 873.078 -0.0455847
-7.87819 -2.81803 319.628 390.383 -3027.25 0.0877894 8.14398 3.12534 -319.628 430.466 807.286 -0.0877894
-7.51657 -3.94605 319.327 548.721 -2791.25 0.128152 7.51208 4.14434 -319.327 568.596 709.115 -0.128152
-6.99901 -4.35684 319.19 608.866 -2481.31 0.165374 6.67977 4.50796 -319.19 615.38 586.374 -0.165374
-6.34166 -4.08417 319.193 571.175 -2115.11 0.198205 5.7049 4.20836 -319.193 574.043 446.476 -0.198205
-5.66142 -3.26884 319.289 449.236 -1710.49 0.225535 4.54061 3.2998 -319.289 457.93 297.528 -0.225535
-4.71594 -2.01341 319.477 263.826 -1294.35 0.24646 3.5297 1.98647 -319.477 288.627 152.498 -0.24646
-3.62017 -0.548202 319.752 48.2007 -883.018 0.260363 2.46418 0.477359 -319.752 93.5398 40.5212 -0.260363
-2.31132 0.906771 320.001 -165.812 -486.629 0.266951 1.37731 -1.03126 -320.001 -101.682 -24.216 -0.266951
-1.0336 2.24384 320.253 -354.172 -111.432 0.266183 0.228123 -2.30668 -320.253 -274.073 -63.5278 -0.266183
0.0391267 3.26858 320.533 -495.482 222.953 0.258245 -0.747331 -3.26507 -320.533 -406.612 -114.382 -0.258245
1.07295 3.85859 320.611 -577.761 525.119 0.243578 -1.49595 -3.86523 -320.611 -488.689 -169.79 -0.243578
2.08538 4.08852 320.635 -595.865 802.953 0.222831 -2.2815 -3.94867 -320.635 -513.867 -198.812 -0.222831
2.99096 4.0274 320.676 -562.331 1058.16 0.196779 -3.23815 -3.62069 -320.676 -493.684 -196.438 -0.196779
3.608 3.65749 320.518 -503.135 1253.56 0.166308 -3.98107 -3.23676 -320.518 -448.793 -203.696 -0.166308
3.98444 3.04785 320.305 -423.486 1371.09 0.132429 -4.25354 -2.79725 -320.305 -383.575 -231.377 -0.132429
4.12272 2.16452 320.179 -307.516 1425.64 0.0962121 -4.43168 -2.12866 -320.179 -285.254 -242.13 -0.0962121
4.3105 1.04628 319.999 -144.094 1428.79 0.0587226 -4.47986 -1.04438 -319.999 -144.543 -212.75 -0.0587226
4.50499 -0.527463 319.775 65.4989 1382.08 0.020993 -4.37403 0.216499 -319.775 37.2784 -153.984 -0.020993
4.39705 -2.37852 319.663 320.416 1283.15 -0.0159745 -4.1984 1.81817 -319.663 259.127 -94.5005 0.0159745
4.14089 -4.32762 319.635 606.733 1133.57 -0.0512059 -3.65166 3.74849 -319.635 508.497 -56.1272 0.0512059
3.75079 -6.24572 319.581 884.325 959.443 -0.0837536 -3.00432 5.60472 -319.581 752.083 -25.6291 0.0837536
3.20621 -7.70348 319.576 1106.65 779.778 -0.11272 -2.49141 7.17883 -319.576 948.414 7.62499 0.11272
2.68475 -8.35243 319.676 1218.54 596.874 -0.137296 -1.86395 8.07201 -319.676 1049.47 31.5117 0.137296
2.06913 -8.11518 319.78 1178.19 416.885 -0.156784 -1.23305 7.80182 -319.78 1019.76 39.0508 0.156784
1.44508 -6.78787 319.887 983.993 251.607 -0.170625 -0.608367 6.5517 -319.887 858.063 31.6324 0.170625
0.902731 -4.72565 320.075 669.531 114.862 -0.178421 -0.0425342 4.41825 -320.075 593.182 15.1614 0.178421
0.489745 -2.28972 320.245 297.169 19.6872 -0.179954 0.3664 1.87734 -320.245 278.332 -3.26978 0.179954
0.245777 0.105693 320.302 -58.9947 -24.5293 -0.175233 0.590629 -0.495783 -320.302 -23.9552 -23.7266 0.175233
0.0206702 1.96998 320.348 -337.615 -23.2866 -0.164505 0.607488 -2.37294 -320.348 -261.965 -58.3067 0.164505
-0.175803 3.05705 320.351 -499.465 9.67856 -0.14818 0.594907 -3.47098 -320.351 -401.843 -116.5 0.14818
-0.224675 3.20997 320.274 -526.456 74.3941 -0.126768 0.549258 -3.69683 -320.274 -427.157 -181.434 0.126768
-0.115615 2.26483 320.173 -409.405 176.846 -0.100883 0.255139 -3.0924 -320.173 -330.244 -227.961 0.100883
0.199843 0.476249 320.072 -150.044 308.257 -0.0712418 -0.173414 -1.42951 -320.072 -113.022 -256.381 0.0712418
0.530044 -1.96064 319.949 216.892 444.419 -0.0386434 -0.624939 1.02916 -319.949 196.029 -284.346 0.0386434
0.613176 -4.64057 319.795 625.584 560.685 -0.00396041 -1.10335 3.81136 -319.795 541.559 -322.837 0.00396041
0.580976 -6.89787 319.671 991.149 635.68 0.0318652 -1.36368 6.44664 -319.671 851.573 -366.154 -0.0318652
0.563986 -8.43498 319.598 1229.53 666.052 0.0678307 -1.48605 8.111 -319.598 1055.26 -381.911 -0.0678307
0.652055 -8.67902 319.531 1288.41 656.098 0.102861 -1.61635 8.66132 -319.531 1106.07 -341.887 -0.102861
0.764908 -7.66144 319.532 1145.14 594.703 0.135795 -1.66411 7.76057 -319.532 984.45 -258.55 -0.135795
0.763662 -5.42785 319.641 813.241 467.219 0.16541 -1.43531 5.56146 -319.641 704.278 -163.184 -0.16541
0.456221 -2.14012 319.77 337.895 277.115 0.190522 -1.04207 2.51294 -319.77 304.705 -70.2801 -0.190522
0.0574022 1.67074 320.002 -224.155 42.4936 0.210098 -0.434669 -1.15986 -320.002 -166.601 24.8723 -0.210098
-0.38944 5.49319 320.3 -795.101 -206.011 0.223315 0.137455 -4.96548 -320.3 -648.957 132.082 -0.223315
-0.93747 8.86188 320.433 -1297.09 -465.063 0.229588 0.713427 -8.32599 -320.433 -1076.16 235.304 -0.229588
-1.54295 11.2503 320.665 -1654.13 -727.16 0.22859 1.38843 -10.7538 -320.665 -1384.17 319.961 -0.22859
-2.30144 12.3476 320.79 -1823.55 -995.488 0.22026 2.11775 -11.9391 -320.79 -1529.95 382.248 -0.22026
-2.95261 12.128 320.794 -1786.88 -1249.4 0.204823 2.90128 -11.6396 -320.794 -1494.92 437.49 -0.204823
-3.28562 10.7085 320.856 -1567.11 -1463.52 0.182816 3.64602 -10.0611 -320.856 -1300.72 502.283 -0.182816
-3.44275 8.33773 320.818 -1216.49 -1616.59 0.155059 4.06225 -7.67991 -320.818 -995.165 575.788 -0.155059
-3.65864 5.53856 320.593 -799.781 -1708.36 0.122593 4.18267 -4.83266 -320.593 -632.185 620.876 -0.122593
-4.00685 2.71988 320.468 -376.864 -1758.47 0.0866855 4.37822 -1.92122 -320.468 -263.859 595.863 -0.0866855
-4.29496 0.211708 320.283 -4.96578 -1756.58 0.0488179 4.6044 0.607687 -320.283 59.787 523.07 -0.0488179
-4.453 -1.83435 319.987 279.954 -1680.16 0.010608 4.3911 2.4122 -319.987 306.57 454.529 -0.010608
-4.34409 -3.13278 319.768 464.79 -1547.14 -0.0262867 3.96087 3.59907 -319.768 464.913 396.28 0.0262867
-3.85112 -3.68785 319.683 543.17 -1375.1 -0.0602567 3.62059 4.07814 -319.683 529.328 339.685 0.0602567
-3.37732 -3.50005 319.551 512.106 -1171.17 -0.0898234 2.99809 3.81249 -319.551 497.772 287.569 0.0898234
-2.78583 -2.48528 319.558 372.515 -950.924 -0.113704 2.40579 2.9098 -319.558 372.588 231.27 0.113704
-2.19765 -0.889741 319.695 136.682 -728.134 -0.130844 1.82681 1.28956 -319.695 164.369 170.155 0.130844
-1.58323 1.05571 319.887 -160.179 -501.295 -0.140456 1.1737 -0.807664 -319.887 -97.0023 118.855 0.140456
-0.907215 2.99952 320.093 -458.135 -277.436 -0.142092 0.512202 -2.92073 -320.093 -359.241 80.1811 0.142092
-0.256724 4.61461 320.304 -696.192 -63.6277 -0.135667 -0.131236 -4.5506 -320.304 -569.266 45.5074 0.135667
0.334166 5.55827 320.48 -833.046 126.949 -0.121446 -0.658476 -5.49455 -320.48 -693.067 9.75035 0.121446
0.951438 5.66743 320.581 -850.751 302.574 -0.100032 -1.11396 -5.66291 -320.581 -713.691 -17.3799 0.100032
1.55454 4.93737 320.58 -743.706 465.236 -0.0723996 -1.58275 -4.9918 -320.58 -627.264 -31.7281 0.0723996
2.03016 3.39676 320.544 -523.533 605.239 -0.039898 -2.01477 -3.60866 -320.544 -443.722 -46.1511 0.039898
2.25359 1.26119 320.455 -213.641 708.524 -0.00416672 -2.32047 -1.60601 -320.455 -182.201 -76.1644 0.00416672
2.39119 -1.19774 320.288 150.063 773.777 0.0329595 -2.36683 0.805406 -320.288 126.607 -115.868 -0.0329595
2.45892 -3.74395 320.096 522.15 810.909 0.0695493 -2.37007 3.25288 -320.096 444.061 -143.119 -0.0695493
2.66196 -6.03145 319.91 858.335 831.234 0.103703 -2.29321 5.48663 -319.91 732.184 -146.003 -0.103703
2.86865 -7.8223 319.714 1120.71 840.42 0.133655 -2.23405 7.23052 -319.714 957.902 -134.835 -0.133655
2.88653 -8.94034 319.529 1281.77 838.235 0.157849 -2.18803 8.2857 -319.529 1096.92 -136.545 -0.157849
2.76746 -9.26733 319.395 1327.89 824.572 0.175042 -1.96855 8.5835 -319.395 1137.07 -169.605 -0.175042
2.60138 -8.75305 319.347 1256.82 815.896 0.184393 -1.72543 8.14008 -319.347 1075.91 -217.367 -0.184393
2.34309 -7.52523 319.386 1075.04 825.084 0.185489 -1.74114 6.91819 -319.386 919.421 -259.957 -0.185489
2.2373 -5.77294 319.49 809.754 844.91 0.178315 -1.69454 5.09308 -319.49 690.725 -300.707 -0.178315
2.09551 -3.8744 319.668 510.759 869.47 0.163261 -1.7221 2.96026 -319.668 433.057 -340.91 -0.163261
1.92008 -2.09877 319.888 241.156 894.825 0.141114 -1.81087 1.10369 -319.888 201.112 -378.106 -0.141114
1.89205 -0.749819 320.094 48.0056 915.183 0.113002 -1.77237 -0.149732 -320.094 34.9193 -407.55 -0.113002
2.02006 -0.120789 320.262 -47.0193 940.072 0.0803356 -1.80047 -0.802288 -320.262 -47.0217 -410.828 -0.0803356
2.35682 -0.0605507 320.374 -40.6582 977.08 0.044751 -1.94155 -0.662749 -320.374 -42.4342 -381.836 -0.044751
2.65263 -0.580098 320.396 46.5219 1017.81 0.0080152 -2.21193 -0.0179729 -320.396 31.1578 -344.376 -0.0080152
2.88075 -1.37087 320.339 178.436 1049.04 -0.0280537 -2.34939 0.958999 -320.339 143.338 -325.111 0.0280537
3.08745 -2.28523 320.242 318.39 1076.95 -0.0616465 -2.41474 1.9208 -320.242 262.449 -315.436 0.0616465
3.413 -3.16903 320.116 442.312 1120.48 -0.0910533 -2.60787 2.69942 -320.116 368.077 -287.317 0.0910533
3.98699 -3.76964 319.95 539.258 1188.33 -0.11478 -2.91206 3.39574 -319.95 450.214 -233.877 0.11478
4.61838 -4.13521 319.805 595.572 1276.11 -0.131635 -3.34498 3.77894 -319.805 497.289 -174.629 0.131635
5.21948 -4.19444 319.703 604.143 1377.22 -0.14079 -3.76623 3.8264 -319.703 503.448 -134.455 0.14079
5.87177 -3.84772 319.662 565.595 1495.18 -0.14182 -4.10078 3.64277 -319.662 468.762 -115.967 0.14182
6.58128 -3.10438 319.698 474.951 1645.3 -0.134723 -4.5818 3.14521 -319.698 388.055 -101.454 0.134723
7.29233 -1.89563 319.809 318.447 1831.59 -0.119914 -5.28754 2.22371 -319.809 250.405 -91.7831 0.119914
7.91487 -0.157472 319.954 87.1513 2030.04 -0.0981935 -5.93745 0.817272 -319.954 47.4801 -114.134 0.0981935
8.40613 1.92845 320.188 -213.181 2227.22 -0.0706828 -6.4435 -1.18951 -320.188 -217.329 -173.145 0.0706828
8.81799 4.19001 320.439 -549.08 2424.78 -0.0387462 -6.92133 -3.51748 -320.439 -515.177 -247.351 0.0387462
9.16156 6.41515 320.66 -870.519 2621.28 -0.00389731 -7.46125 -5.69991 -320.66 -802.363 -321.335 0.00389731
9.45424 8.2736 320.828 -1135.75 2803.02 0.0322905 -7.91834 -7.49858 -320.828 -1042.14 -399.053 -0.0322905
9.65676 9.54307 320.907 -1319.42 2959.54 0.0682588 -8.24652 -8.77929 -320.907 -1210.62 -481.827 -0.0682588
9.70773 10.1575 320.869 -1405.88 3087.39 0.102527 -8.53102 -9.38435 -320.869 -1292.55 -562.952 -0.102527
9.55445 10.1075 320.746 -1393.07 3173.77 0.133741 -8.73056 -9.28811 -320.746 -1285.16 -642.64 -0.133741
9.37503 9.43144 320.533 -1293.62 3210.6 0.160704 -8.65936 -8.61908 -320.533 -1198.88 -713.888 -0.160704
9.10892 8.25566 320.295 -1126.1 3201.17 0.182407 -8.55423 -7.50626 -320.295 -1050.38 -755.685 -0.182407
8.70699 6.72449 320.039 -909.919 3138.85 0.198034 -8.42261 -6.07194 -320.039 -857.064 -767.166 -0.198034
8.19725 4.98297 319.774 -663.914 3006.9 0.206992 -7.98757 -4.43217 -319.774 -636.157 -765.952 -0.206992
7.45739 3.14797 319.575 -407.017 2802.7 0.208949 -7.35435 -2.73 -319.575 -404.618 -751.793 -0.208949
6.59792 1.39176 319.492 -155.107 2531.59 0.203859 -6.55644 -1.02897 -319.492 -179.132 -710.133 -0.203859
5.71031 -0.05694 319.393 62.0522 2204.25 0.19195 -5.64407 0.506505 -319.393 15.7833 -632.085 -0.19195
4.68164 -1.07519 319.416 211.803 1820.42 0.17373 -4.64843 1.56144 -319.416 152.311 -528.639 -0.17373
3.48303 -1.47527 319.506 265.607 1387 0.149973 -3.53573 1.94535 -319.506 206.772 -415.324 -0.149973
2.15174 -1.20542 319.634 213.389 912.339 0.121692 -2.26561 1.60092 -319.634 174.181 -300.902 -0.121692
0.720436 -0.331358 319.88 65.5294 407.957 0.0900812 -0.929466 0.61745 -319.88 65.569 -179.738 -0.0900812
-0.695734 0.940059 320.144 -138.243 -104.609 0.0564298 0.384533 -0.719615 -320.144 -90.825 -45.2885 -0.0564298
-1.90141 2.26663 320.523 -354.529 -604.094 0.0220213 1.72757 -2.19407 -320.523 -261.299 101.11 -0.0220213
-3.08698 3.54601 320.71 -543.92 -1093.31 -0.0119215 3.03005 -3.39624 -320.71 -414.56 245.645 0.0119215
-4.24138 4.45136 320.731 -677.974 -1553.67 -0.0442582 4.21403 -4.27669 -320.731 -527.096 382.066 0.0442582
-5.30565 4.94342 320.884 -746.645 -1969.28 -0.0739792 5.3021 -4.72008 -320.884 -587.598 499.529 0.0739792
-6.36453 5.14051 320.867 -755.392 -2330.23 -0.100255 6.17033 -4.64635 -320.867 -595.886 593.551 0.100255
-7.32538 4.82614 320.749 -715.224 -2634.43 -0.122442 6.94794 -4.41347 -320.749 -560.489 656.997 0.122442
-8.15677 4.15827 320.614 -625.894 -2886.84 -0.140042 7.68661 -3.86407 -320.614 -481.731 692.042 0.140042
-8.82062 3.077 320.405 -480.539 -3082.04 -0.152645 8.25987 -2.95283 -320.405 -351.947 715.99 0.152645
-9.16425 1.41552 320.17 -268.607 -3212.29 -0.159924 8.69483 -1.70432 -320.17 -162.048 738.423 0.159924
-9.32153 -0.624359 319.98 14.591 -3274.09 -0.161701 8.87833 0.154306 -319.98 93.0865 753.021 0.161701
-9.24219 -2.90391 319.799 348.346 -3266.44 -0.157936 8.94732 2.4729 -319.799 394.277 746.825 0.157936
-8.98047 -5.12263 319.622 680.212 -3182.02 -0.14868 8.80473 4.81713 -319.622 692.492 718.437 0.14868
-8.55985 -6.76869 319.491 940.962 -3016.13 -0.134091 8.36132 6.73407 -319.491 923.741 672.257 0.134091
-7.87246 -7.42498 319.456 1061.24 -2769.1 -0.114457 7.70534 7.68405 -319.456 1025.26 611.313 0.114457
-6.89671 -7.06597 319.459 1004.9 -2441.21 -0.0901946 6.8085 7.19863 -319.459 964.989 542.745 0.0901946
-5.64322 -5.54196 319.496 782.768 -2035.18 -0.0618568 5.64348 5.60929 -319.496 757.198 471.562 0.0618568
-4.13595 -3.35162 319.727 448.563 -1550.79 -0.0301226 4.21318 3.1808 -319.727 453.603 393.81 0.0301226
-2.52671 -1.06586 320.02 87.807 -1014.6 0.0042259 2.66072 0.517957 -320.02 131.027 295.302 -0.0042259
-0.971152 0.933535 320.205 -201.118 -466.466 0.0403272 1.1203 -1.47708 -320.205 -131.629 175.884 -0.0403272
0.612697 2.03778 320.444 -363.667 97.0454 0.0772825 -0.552602 -2.67914 -320.444 -287.56 63.3133 -0.0772825
2.35247 2.23147 320.717 -374.116 682.256 0.11417 -2.36364 -2.77704 -320.717 -317.402 -30.3924 -0.11417
4.00165 1.6114 320.567 -263.381 1239.56 0.150009 -4.00913 -2.03925 -320.567 -240.66 -131.619 -0.150009
5.3412 0.436891 320.454 -78.1687 1733.13 0.183794 -5.41781 -0.794684 -320.454 -91.8493 -244.665 -0.183794
6.41551 -0.914689 320.412 137.665 2149.74 0.214567 -6.61405 0.715212 -320.412 87.4341 -346.841 -0.214567
7.36179 -2.12139 320.219 329.473 2479.08 0.24141 -7.53318 2.07796 -320.219 250.424 -417.887 -0.24141
8.2257 -2.89558 319.991 455.773 2719.91 0.263363 -8.18612 2.99833 -319.991 358.116 -448.768 -0.263363
8.87717 -3.13126 319.869 490.898 2873.28 0.279417 -8.64608 3.22824 -319.869 387.281 -448.369 -0.279417
9.22531 -2.7578 319.743 437.761 2935.94 0.288588 -8.82103 2.8722 -319.743 339.684 -438.691 -0.288588
9.23588 -2.13243 319.633 323.042 2907.85 0.290012 -8.63211 1.93469 -319.633 238.592 -435.286 -0.290012
8.61667 -1.67784 319.597 209.854 2790.09 0.283019 -8.33855 0.860995 -319.597 140.749 -443.782 -0.283019
7.81772 -1.36688 319.566 164.663 2582.71 0.267201 -7.51852 0.578211 -319.566 103.954 -460.313 -0.267201
6.93038 -1.46521 319.566 195.358 2307.59 0.242458 -6.46893 0.923529 -319.566 134.524 -453.171 -0.242458
5.91068 -1.91405 319.644 264.989 1985.18 0.209056 -5.48915 1.44803 -319.644 199.297 -407.513 -0.209056
4.73927 -2.15672 319.721 322.121 1612.09 0.167704 -4.32205 2.0193 -319.721 254.564 -358.072 -0.167704
3.35802 -2.01581 319.784 316.025 1198.71 0.119586 -2.91261 2.13528 -319.784 257.225 -330.816 -0.119586
1.8654 -1.4625 320.033 218.453 766.69 0.0662966 -1.40169 1.46474 -320.033 185.82 -314.326 -0.0662966
0.512679 -0.363978 320.144 51.7394 354.143 0.0097118 -0.0284407 0.425729 -320.144 57.3937 -278.969 -0.0097118
-0.668083 0.90739 320.224 -145.016 -16.7381 -0.0481154 1.07685 -0.853468 -320.224 -98.0247 -224.493 0.0481154
-1.70081 2.11695 320.408 -330.522 -340.311 -0.105034 2.02155 -2.07895 -320.408 -248.747 -174.637 0.105034
-2.62153 3.15143 320.318 -480.966 -619.8 -0.158903 2.91201 -3.017 -320.318 -370.67 -145.802 0.158903
-3.35959 3.90857 320.26 -581.492 -842.422 -0.207683 3.59964 -3.57743 -320.26 -452.072 -120.489 0.207683
-3.74285 4.2673 320.224 -634.586 -991.609 -0.249505 3.9884 -3.9162 -320.224 -495.288 -78.2454 0.249505
-3.77741 4.3399 320.114 -642.72 -1064.73 -0.28273 4.05793 -3.94779 -320.114 -501.54 -19.7217 0.28273
-3.62358 4.16796 320.018 -613.83 -1071.5 -0.305996 3.86287 -3.72829 -320.018 -476.378 35.1277 0.305996
-3.41755 3.72096 320.029 -555.802 -1028.15 -0.318249 3.53514 -3.39444 -320.029 -426.584 65.5043 0.318249
-3.10424 3.17338 320.041 -473.922 -943.096 -0.318787 3.17134 -2.84536 -320.041 -357.034 74.0841 0.318787
-2.59186 2.53553 320.063 -376.739 -813.213 -0.307317 2.65354 -2.19197 -320.063 -275.92 86.6632 0.307317
-1.82399 1.95455 320.131 -281.308 -639.088 -0.284003 1.92448 -1.51549 -320.131 -197.721 119.5 0.284003
-0.831979 1.50922 320.253 -207.087 -433.893 -0.2495 1.12314 -1.00242 -320.253 -139.611 162.243 0.2495
0.242208 1.30118 320.274 -170.361 -208.245 -0.204918 0.30051 -0.763739 -320.274 -114.66 198.872 0.204918
1.39148 1.4449 320.304 -181.92 40.532 -0.15176 -0.534763 -0.817915 -320.304 -130.434 224.544 0.15176
2.28846 1.90957 320.382 -240.792 305.445 -0.0918582 -1.60813 -1.20709 -320.382 -189.476 232.171 0.0918582
3.0686 2.72201 320.323 -351.632 561.858 -0.0273371 -2.49024 -1.9536 -320.323 -293.911 205.793 0.0273371
3.76205 3.85074 320.258 -509.561 798.661 0.039479 -3.1709 -3.00239 -320.258 -436.671 159.234 -0.039479
4.37518 5.19122 320.327 -696.884 1018.49 0.106231 -3.88003 -4.23628 -320.327 -604.834 122.447 -0.106231
4.88048 6.61057 320.334 -895.971 1205.91 0.170623 -4.50349 -5.55116 -320.334 -783.305 91.2759 -0.170623
5.0379 7.96867 320.272 -1088.1 1333.2 0.230431 -4.88624 -6.82121 -320.272 -954.089 38.8972 -0.230431
4.85365 9.16327 320.334 -1255.19 1386.59 0.283606 -4.90019 -7.9017 -320.334 -1101.15 -37.782 -0.283606
4.46771 10.0605 320.394 -1383.61 1372.27 0.328427 -4.64485 -8.74074 -320.394 -1212.48 -111.911 -0.328427
3.85911 10.474 320.36 -1458.25 1296.19 0.363523 -4.33442 -9.32199 -320.36 -1275.2 -162.771 -0.363523
2.96875 10.225 320.32 -1452.57 1146.53 0.387848 -3.86238 -9.45943 -320.32 -1265.46 -201.429 -0.387848
1.85076 9.13543 320.294 -1328.92 910.75 0.400698 -3.00415 -8.82063 -320.294 -1150.44 -238.89 -0.400698
0.658384 7.16116 320.242 -1064.26 604.713 0.401706 -1.88128 -7.13983 -320.242 -910.391 -253.086 -0.401706
-0.364332 4.25557 320.299 -661.21 256.536 0.390819 -0.669916 -4.52738 -320.299 -551.476 -214.109 -0.390819
-1.25029 0.772585 320.228 -159.099 -106.31 0.368297 0.404089 -1.16618 -320.228 -108.507 -122.75 -0.368297
-2.1783 -2.87374 320.213 373.658 -488.198 0.334728 1.49484 2.44571 -320.213 360.986 -20.5274 -0.334728
-3.23714 -6.09953 320.123 851.541 -892.735 0.291036 2.75324 5.75161 -320.123 785.034 63.1434 -0.291036
-4.31333 -8.30625 320.056 1192.44 -1293.23 0.238475 4.02675 8.24316 -320.056 1092.91 138.341 -0.238475
-5.19882 -9.14557 319.896 1327.52 -1642.83 0.178668 5.00763 9.3303 -319.896 1223.85 229.461 -0.178668
-5.8204 -8.58511 319.752 1238.44 -1930.17 0.113632 5.74364 8.75196 -319.752 1155.69 328.674 -0.113632
-6.25198 -6.74066 319.799 958.18 -2149.83 0.0457201 6.25822 6.82483 -319.799 915.16 417.153 -0.0457201
-6.50196 -4.11371 319.846 558.22 -2296.99 -0.0225379 6.58663 4.02607 -319.846 565.915 484.083 0.0225379
-6.52426 -1.32574 319.838 131.289 -2365.12 -0.0886062 6.71996 0.996083 -319.838 189.47 530.521 0.0886062
-6.3155 1.28117 319.875 -245.04 -2351.79 -0.150064 6.61489 -1.53528 -319.875 -143.722 560.512 0.150064
-5.75653 3.23634 319.972 -527.016 -2249.83 -0.204686 6.28194 -3.43359 -319.972 -393.855 581.865 0.204686
-4.90088 4.45375 320.063 -702.361 -2052.29 -0.250532 5.61539 -4.60116 -320.063 -547.838 594.861 0.250532
-3.98942 4.98094 320.136 -770.183 -1774.51 -0.286048 4.65416 -4.98722 -320.136 -606.121 576.193 0.286048
-3.12798 4.72603 320.3 -738.312 -1443.69 -0.310143 3.65805 -4.81473 -320.3 -578.974 502.587 0.310143
-2.20612 3.81265 320.422 -610.315 -1069.14 -0.32221 2.69311 -4.021 -320.422 -471.248 389.429 0.32221
-1.18936 2.35139 320.452 -389.126 -653.935 -0.322117 1.5448 -2.55368 -320.452 -288.057 274.118 0.322117
-0.10355 0.441488 320.58 -96.2427 -215.569 -0.310202 0.2749 -0.62018 -320.58 -50.2452 162.014 0.310202
0.919778 -1.58738 320.579 221.114 224.297 -0.287211 -0.949538 1.51739 -320.579 207.697 33.508 0.287211
1.74739 -3.58768 320.381 520.084 633.529 -0.254223 -1.97082 3.43423 -320.381 449.598 -119.474 0.254223
2.43525 -5.18865 320.071 760.652 991.882 -0.212645 -2.75346 4.99258 -320.071 645.265 -273.9 0.212645
3.1772 -6.26152 319.95 917.529 1308.23 -0.164178 -3.47144 5.98925 -319.95 774.151 -387.906 0.164178
3.89605 -6.74375 319.706 979.631 1583 -0.110699 -4.22961 6.31973 -319.706 824.264 -458.113 0.110699
4.4588 -6.43036 319.466 942.35 1793.72 -0.054186 -4.77421 6.11891 -319.466 790.539 -515.448 0.054186
4.82542 -5.20576 319.377 791.043 1934.06 0.0033693 -5.02099 5.2877 -319.377 657.971 -570.748 -0.0033693
5.08412 -2.9706 319.447 496.412 2017.08 0.0600677 -5.12844 3.52795 -319.447 400.968 -602.994 -0.0600677
5.35607 0.0431784 319.588 56.0008 2059.03 0.114147 -5.22063 0.576944 -319.588 17.7396 -594.594 -0.114147
5.47561 3.55969 319.855 -474.332 2055.68 0.164012 -5.33776 -3.08168 -319.855 -442.698 -558.597 -0.164012
5.41963 7.19952 320.13 -1001.98 1998.72 0.208311 -5.26724 -6.57872 -320.13 -900.532 -519.247 -0.208311
5.18275 10.1012 320.4 -1440.77 1888.06 0.245945 -4.97667 -9.59856 -320.4 -1279.4 -481.638 -0.245945
4.81515 11.8121 320.614 -1710.23 1739.83 0.276037 -4.65361 -11.5028 -320.614 -1509.15 -429.108 -0.276037
4.37927 12.0679 320.682 -1758.39 1559.97 0.297956 -4.31451 -11.8462 -320.682 -1543.72 -356.688 -0.297956
3.74638 10.6862 320.677 -1570.27 1334.27 0.311344 -3.86822 -10.6294 -320.677 -1373.02 -280.516 -0.311344
2.93059 7.88778 320.585 -1173.32 1061.29 0.316102 -3.22717 -7.99828 -320.585 -1020.22 -209.323 -0.316102
2.06078 4.01688 320.466 -618.92 747.211 0.312346 -2.38089 -4.31483 -320.466 -531.477 -132.919 -0.312346
1.12694 -0.386887 320.388 20.7944 403.134 0.300389 -1.52299 -0.028094 -320.388 28.8344 -37.0684 -0.300389
0.145923 -4.63803 320.087 650.919 27.7051 0.280723 -0.573304 4.28053 -320.087 580.682 70.8705 -0.280723
-0.851669 -8.14161 319.875 1167 -367.97 0.253991 0.492585 7.83939 -319.875 1039.82 180.67 -0.253991
-1.94116 -10.5282 319.732 1503.79 -786.99 0.220908 1.68535 10.1201 -319.732 1347.54 283.598 -0.220908
-2.93667 -11.5278 319.538 1640.86 -1211.05 0.182254 3.02014 11.0985 -319.538 1483.61 384.965 -0.182254
-3.73265 -11.2959 319.358 1594.68 -1587.05 0.138961 4.08837 10.813 -319.358 1458.35 502.705 -0.138961
-4.43362 -10.1098 319.293 1404.72 -1900.72 0.0921423 4.87412 9.50533 -319.293 1303.98 610.368 -0.0921423
-5.14019 -8.27797 319.406 1128.69 -2153.97 0.0430705 5.58044 7.63458 -319.406 1068.75 667.979 -0.0430705
-5.87533 -6.20093 319.513 817.202 -2343.95 -0.00681995 6.19825 5.49214 -319.513 797.589 670.79 0.00681995
-6.45322 -4.17157 319.661 512.368 -2457.18 -0.0559685 6.61144 3.37459 -319.661 529.797 646.998 0.0559685
-6.76779 -2.41108 319.928 250.736 -2489.02 -0.102709 6.74616 1.56195 -319.928 298.032 616.795 0.102709
-6.85079 -1.13208 320.221 59.371 -2447.6 -0.145274 6.63874 0.21928 -320.221 127.381 578.893 0.145274
-6.70081 -0.478116 320.449 -39.8761 -2343.75 -0.181908 6.42243 -0.496339 -320.449 37.5093 525.901 0.181908
-6.36144 -0.504924 320.599 -34.2635 -2180.65 -0.211016 6.05041 -0.466037 -320.599 39.7826 461.439 0.211016
-5.72271 -1.26036 320.647 76.157 -1953.66 -0.231242 5.5175 0.259287 -320.647 133.831 396.754 0.231242
-4.69875 -2.66681 320.536 283.181 -1653.56 -0.241548 4.75162 1.62453 -320.536 309.533 344.424 0.241548
-3.47392 -4.54001 320.328 564.664 -1283.56 -0.241347 3.64239 3.50732 -320.328 546.684 297.431 0.241347
-2.23607 -6.6257 320.07 885.573 -870.954 -0.230588 2.40972 5.6746 -320.07 813.027 226.781 0.230588
-1.13843 -8.64952 319.837 1195.32 -448.906 -0.209723 1.25017 7.72708 -319.837 1066.13 117.325 0.209723
-0.0389924 -10.2744 319.562 1446.84 -20.1441 -0.179632 0.110447 9.37489 -319.562 1266.5 -1.29313 0.179632
1.26386 -11.144 319.341 1592.78 418.212 -0.141568 -1.07068 10.3773 -319.341 1379.04 -95.7148 0.141568
2.63508 -11.0938 319.197 1603.81 859.012 -0.0971323 -2.39678 10.5007 -319.197 1378.1 -163.158 0.0971323
3.87466 -10.0493 319.286 1465.13 1267.39 -0.0482274 -3.62954 9.613 -319.286 1249.97 -229.29 0.0482274
4.90543 -8.00889 319.387 1181.55 1629.38 0.00304494 -4.61417 7.78395 -319.387 999.228 -312.174 -0.00304494
5.69433 -5.21309 319.648 779.289 1945.12 0.0545088 -5.47488 5.11799 -319.648 647.305 -399.407 -0.0545088
6.30677 -2.06696 319.981 310.157 2202.43 0.104015 -6.16265 1.89502 -319.981 236.965 -476.58 -0.104015
6.72625 0.959349 320.257 -148.557 2391.87 0.149519 -6.69517 -1.32116 -320.257 -166.314 -534.099 -0.149519
6.9652 3.46734 320.473 -525.172 2505.15 0.189165 -7.02054 -3.94617 -320.473 -498.49 -569.166 -0.189165
6.98437 5.09429 320.603 -768.075 2539.25 0.221365 -7.11259 -5.62527 -320.603 -712.103 -587.798 -0.221365
6.73683 5.78237 320.651 -859.993 2488.19 0.24488 -6.92737 -6.17889 -320.651 -791.644 -596.574 -0.24488
6.26865 5.71253 320.588 -826.313 2354.89 0.258867 -6.48336 -5.76494 -320.588 -758.516 -589.492 -0.258867
5.59555 5.11131 320.453 -719.647 2145.02 0.262907 -5.87423 -4.87861 -320.453 -659.766 -557.118 -0.262907
4.79014 4.09596 320.254 -581.214 1863.1 0.257005 -5.069 -3.97204 -320.254 -532.806 -498.212 -0.257005
3.81812 2.82546 320.026 -413.158 1514.03 0.241598 -4.08957 -2.91457 -320.026 -379.398 -419.355 -0.241598
2.61176 1.27203 319.821 -197.299 1106.78 0.217564 -2.99877 -1.4823 -319.821 -182.969 -330.174 -0.217564
1.25278 -0.660315 319.656 72.7727 652.334 0.186193 -1.73508 0.323804 -319.656 63.1933 -238.842 -0.186193
-0.0906029 -3.06359 319.472 395.558 167.64 0.149109 -0.300818 2.38125 -319.472 356.378 -138.741 -0.149109
-1.40719 -5.33297 319.548 742.275 -317.599 0.108141 1.02796 4.90437 -319.548 671.441 -19.8861 -0.108141
-2.74292 -7.31518 319.531 1039.1 -805.888 0.0651772 2.33949 7.04799 -319.531 944.343 101.756 -0.0651772
-4.09334 -8.58125 319.604 1213.55 -1302.14 0.0221253 3.80471 8.25794 -319.604 1111.81 208.165 -0.0221253
-5.24606 -8.63591 319.699 1223 -1753.92 -0.0191384 5.08575 8.45107 -319.699 1136.6 322.902 0.0191384
-6.08605 -7.47463 319.785 1057.33 -2132.39 -0.0569229 6.04022 7.44237 -319.785 1002.63 452.695 0.0569229
-6.7033 -5.18365 320.07 722.624 -2430.91 -0.0898518 6.70859 5.22513 -320.07 714.828 572.946 0.0898518
-7.34524 -2.10234 320.333 266.598 -2664.09 -0.116844 7.16495 2.10271 -320.333 314.211 653.897 0.116844
-7.94378 1.22598 320.53 -230.744 -2838.43 -0.137071 7.57176 -1.36425 -320.53 -126.777 689.011 0.137071
-8.38568 4.12869 320.731 -664.147 -2948.9 -0.149965 7.83225 -4.41224 -320.731 -515.087 702.246 0.149965
-8.61135 5.96211 320.798 -944.113 -2997.36 -0.155224 7.853 -6.42711 -320.798 -766.519 716.54 0.155224
-8.49685 6.26396 320.743 -1002.6 -2991.04 -0.15284 7.78054 -6.92959 -320.743 -819.095 736.018 0.15284
-8.18815 4.949 320.608 -815.34 -2935.18 -0.143122 7.55214 -5.67276 -320.608 -651.227 754.409 0.143122
-7.87884 2.29217 320.385 -415.587 -2837.82 -0.126666 7.15338 -2.84394 -320.385 -293.487 755.023 0.126666
-7.58949 -1.19332 320.138 110.577 -2707.59 -0.104301 6.73455 0.868931 -320.138 174.342 722.898 0.104301
-7.28179 -4.81756 319.849 650.211 -2548.75 -0.0770455 6.3074 4.60482 -319.849 651.035 665.917 0.0770455
-6.87756 -7.83789 319.557 1101.4 -2361.73 -0.0460924 5.75849 7.72555 -319.557 1047.83 610.934 0.0460924
-6.29798 -9.80451 319.329 1394.1 -2159.08 -0.0128072 5.18286 9.7115 -319.329 1300.92 568.237 0.0128072
-5.54539 -10.4264 319.25 1489.37 -1948.8 0.0213476 4.64244 10.3342 -319.25 1377.51 536.926 -0.0213476
-4.69609 -9.62932 319.257 1382.19 -1730.3 0.0549307 4.09017 9.61233 -319.257 1274.93 512.398 -0.0549307
-3.76677 -7.58717 319.328 1091.07 -1500.16 0.086596 3.54782 7.64599 -319.328 1012.53 485.935 -0.086596
-2.87992 -4.4876 319.567 654.163 -1250.45 0.115145 2.90865 4.77924 -319.567 625.576 447.467 -0.115145
-2.1487 -0.764007 319.898 116.988 -985.367 0.139581 2.18999 1.20941 -319.898 155.642 383.185 -0.139581
-1.60711 3.135 320.185 -456.039 -719.615 0.159159 1.51662 -2.6581 -320.185 -343.766 285.863 -0.159159
-1.0097 6.69884 320.494 -985.773 -453.059 0.173406 0.973628 -6.28894 -320.494 -807.508 177.476 -0.173406
-0.364802 9.32872 320.798 -1389.01 -174.051 0.182087 0.26954 -9.16561 -320.798 -1164.65 85.4382 -0.182087
0.37868 10.7643 320.889 -1602.21 114.53 0.185145 -0.528326 -10.6778 -320.889 -1358.5 10.3603 -0.185145
1.28949 10.7892 320.94 -1598.17 394.663 0.182666 -1.09034 -10.6647 -320.94 -1364.19 -65.7561 -0.182666
2.10911 9.42435 320.932 -1393.01 682.531 0.174885 -1.84019 -9.32654 -320.932 -1196.1 -136.295 -0.174885
2.83935 6.93788 320.849 -1025.17 963.055 0.162214 -2.57534 -6.92077 -320.849 -888.414 -213.887 -0.162214
3.52961 3.70551 320.6 -548.065 1221.94 0.14526 -3.09439 -3.78752 -320.6 -486.545 -305.223 -0.14526
4.00964 -0.038183 320.353 -14.4809 1456.67 0.124806 -3.68281 -0.386996 -320.353 -33.6379 -391.895 -0.124806
4.41889 -3.86113 320.07 534.654 1662.56 0.101697 -4.24369 3.17013 -320.07 436.288 -463.368 -0.101697
4.75985 -7.30136 319.701 1048.9 1824.46 0.0768051 -4.62802 6.67186 -319.701 880.619 -524.738 -0.0768051
5.06472 -10.0818 319.368 1462.07 1942.11 0.0510386 -4.85429 9.49279 -319.368 1240.9 -568.768 -0.0510386
5.26276 -11.9573 319.153 1722.86 2019.98 0.0252738 -5.08158 11.1712 -319.153 1470.86 -587.736 -0.0252738
5.37704 -12.66 318.975 1821.09 2052.97 0.000293927 -5.18123 11.8125 -318.975 1558.21 -591.117 -0.000293927
5.35207 -12.2225 318.913 1760.98 2037.55 -0.0231962 -5.11715 11.4319 -318.913 1505.36 -588.022 0.0231962
5.14764 -10.7718 319.047 1551.26 1975.27 -0.0445876 -4.95133 10.0304 -319.047 1321.23 -577.006 0.0445876
4.74723 -8.33213 319.264 1206.81 1865.28 -0.0633876 -4.70294 7.79775 -319.264 1020.5 -556.83 0.0633876
4.08792 -5.08254 319.518 744.981 1698.38 -0.0791888 -4.33249 4.8113 -319.518 621.237 -532.448 0.0791888
3.25701 -1.33447 319.851 196.653 1464.92 -0.0916579 -3.70292 1.19118 -319.851 152.144 -501.098 0.0916579
2.30355 2.61284 320.193 -383.649 1171 -0.100568 -2.93871 -2.62782 -320.193 -339.944 -444.936 0.100568
1.26947 6.32635 320.475 -929.892 819.641 -0.105808 -2.07367 -6.18407 -320.475 -797.518 -356.529 0.105808
0.249719 9.18893 320.751 -1363.13 426.427 -0.107376 -1.09967 -9.07147 -320.751 -1158.24 -239.467 0.107376
-0.771295 10.6296 320.937 -1605.96 9.4485 -0.105365 -0.0704637 -10.8327 -320.937 -1357.53 -106.559 0.105365
-1.9572 10.4051 320.956 -1593.34 -435.543 -0.0999283 1.02475 -10.8161 -320.956 -1336.86 22.4015 0.0999283
-3.18647 8.17056 320.886 -1292.55 -902.139 -0.0912237 2.26311 -8.92009 -320.886 -1067.26 147.162 0.0912237
-4.44761 4.28692 320.8 -718.799 -1389.85 -0.079427 3.56665 -5.00092 -320.8 -563.566 279.619 0.079427
-5.53935 -0.67125 320.575 31.0546 -1866.77 -0.0647963 4.78093 0.229753 -320.575 93.5055 437.005 0.0647963
-6.30359 -5.95914 320.32 804.984 -2284.64 -0.0477089 5.72935 5.53753 -320.32 782.69 617.283 0.0477089
-6.98816 -10.4598 320.065 1468.87 -2649.9 -0.0285824 6.52063 10.2325 -320.065 1388.6 777.728 0.0285824
-7.72589 -13.3758 319.794 1913.76 -2981.39 -0.00772269 7.41417 13.5583 -319.794 1805.65 883.09 0.00772269
-8.42666 -14.3697 319.533 2063.55 -3263.33 0.014624 8.23874 14.732 -319.533 1955.2 953.695 -0.014624
-8.97508 -13.4169 319.35 1902.65 -3478.8 0.0380942 8.77788 13.5412 -319.35 1820.11 1018.45 -0.0380942
-9.4821 -10.4908 319.493 1481.23 -3624.19 0.0622501 8.96572 10.6688 -319.493 1440.81 1067.53 -0.0622501
-9.97563 -6.23054 319.66 869.395 -3723.26 0.0866786 9.17524 6.45624 -319.66 882.655 1069.34 -0.0866786
-10.3082 -1.36081 319.858 155.728 -3772.81 0.110921 9.44776 1.44128 -319.858 231.361 1035.31 -0.110921
-10.4056 3.51972 320.113 -554.437 -3757.11 0.134406 9.47705 -3.49481 -320.113 -414.029 1002.21 -0.134406
-10.1345 7.6579 320.398 -1155.8 -3670.05 0.156444 9.26862 -7.6559 -320.398 -958.694 981.557 -0.156444
-9.59254 10.4816 320.529 -1569.13 -3525.62 0.176223 8.9728 -10.5298 -320.529 -1332.13 953.155 -0.176223
-8.91549 11.8283 320.578 -1754.75 -3326.77 0.192871 8.57032 -11.7178 -320.578 -1496.52 903.863 -0.192871
-8.10184 11.5804 320.602 -1713.12 -3064.76 0.205534 8.01291 -11.344 -320.602 -1452.28 831.837 -0.205534
-7.22892 10.0318 320.548 -1472.75 -2733.23 0.21341 7.20124 -9.55085 -320.548 -1231.2 733.771 -0.21341
-6.25496 7.47924 320.404 -1093.9 -2331.66 0.215797 6.19145 -6.89149 -320.404 -890.345 607.132 -0.215797
-5.00827 4.30227 320.337 -632.812 -1850.79 0.212173 5.03315 -3.79007 -320.337 -484.473 459.483 -0.212173
-3.59687 1.0215 320.11 -146.613 -1301.99 0.202295 3.62899 -0.521404 -320.11 -66.2973 300.697 -0.202295
-2.10667 -2.0377 319.959 312.943 -713.163 0.186309 2.09429 2.51978 -319.959 316.496 130.87 -0.186309
-0.6317 -4.29575 319.954 669.901 -119.212 0.164733 0.573321 4.91462 -319.954 602.002 -48.0341 -0.164733
0.942312 -5.39343 319.825 847.799 488.025 0.138306 -1.04189 6.06375 -319.825 734.326 -213.55 -0.138306
2.39913 -5.00896 319.594 801.553 1065.9 0.107945 -2.60219 5.70739 -319.594 678.254 -373.504 -0.107945
3.74784 -3.10477 319.7 530.215 1600.31 0.0748642 -4.04479 3.88259 -319.7 434.67 -521.269 -0.0748642
5.06847 -0.235757 319.929 88.6001 2084.8 0.0404784 -5.33472 0.735508 -319.929 45.5511 -644.196 -0.0404784
6.22047 3.16835 320.026 -420.755 2490.83 0.00609066 -6.42976 -2.81951 -320.026 -406.05 -739.009 -0.00609066
7.19147 6.29065 320.19 -892.374 2816.07 -0.0271965 -7.39424 -6.17 -320.19 -828.235 -796.242 0.0271965
7.96848 8.54693 320.451 -1232.49 3055.8 -0.0583301 -8.16432 -8.61353 -320.451 -1137.11 -821.806 0.0583301
8.43493 9.7514 320.525 -1392.34 3202.65 -0.0862834 -8.71143 -9.63291 -320.525 -1284.34 -828.37 0.0862834
8.56534 9.5591 320.519 -1367.1 3246.41 -0.110199 -8.91773 -9.49049 -320.519 -1263.36 -825.562 0.110199
8.27222 8.2167 320.532 -1175.48 3180.29 -0.129449 -8.84909 -8.19517 -320.532 -1090.76 -809.565 0.129449
7.59989 6.02361 320.405 -853.646 2996.14 -0.143573 -8.45568 -5.95175 -320.405 -799.96 -773.033 0.143573
6.69509 3.264 320.198 -454.498 2685.52 -0.152233 -7.59089 -3.22001 -320.198 -440.825 -707.499 0.152233
5.59608 0.296835 320.048 -30.0199 2254.28 -0.155203 -6.38472 -0.370835 -320.048 -62.1475 -595.582 0.155203
4.32636 -2.58715 319.918 378.862 1714.14 -0.152439 -4.91444 2.33035 -319.918 300.201 -435.035 0.152439
2.89767 -5.10193 319.725 736.291 1101.18 -0.144207 -3.30418 4.71206 -319.725 618.911 -243.128 0.144207
1.12725 -7.21292 319.619 1018.16 423.717 -0.131087 -1.49232 6.53807 -319.619 880.697 -61.8391 0.131087
-0.777301 -8.50797 319.669 1210.96 -289.975 -0.113804 0.612161 8.0303 -319.669 1072.81 96.7081 0.113804
-2.71039 -9.04718 319.815 1289.41 -1008.1 -0.0930725 2.70901 8.74353 -319.815 1167.33 256.816 0.0930725
-4.53402 -8.81073 319.769 1233.89 -1696.79 -0.0696453 4.62958 8.40711 -319.769 1143.77 427.016 0.0696453
-5.99596 -7.65037 319.64 1057.44 -2294.59 -0.0444388 6.21342 7.31149 -319.64 1008.73 602.867 0.0444388
-7.28222 -5.82033 319.889 786.359 -2800.68 -0.0184365 7.54365 5.54143 -319.889 782.694 746.454 0.0184365
-8.40844 -3.62365 320.173 459.112 -3214.66 0.00760896 8.75291 3.29572 -320.173 496.514 836.949 -0.00760896
-9.26241 -1.21886 320.245 115.969 -3519.37 0.0332224 9.70153 0.995614 -320.245 189.974 892.03 -0.0332224
-9.74445 1.09055 320.389 -208.663 -3701.89 0.0579877 10.2589 -1.16535 -320.389 -102.697 930.568 -0.0579877
-9.85443 3.04049 320.598 -485.585 -3760.88 0.0814909 10.4412 -3.03819 -320.598 -353.654 949.036 -0.0814909
-9.73158 4.3925 320.634 -685.422 -3700.55 0.103387 10.2594 -4.44786 -320.634 -535.171 930.92 -0.103387
-9.38931 4.99896 320.549 -780.561 -3527.89 0.123418 9.82845 -5.1442 -320.549 -619.929 865.513 -0.123418
-8.70853 4.77699 320.411 -750.295 -3241.73 0.141385 9.16741 -4.93722 -320.411 -590.96 765.405 -0.141385
-7.59924 3.67385 320.176 -595.985 -2829.66 0.157075 8.0842 -3.91267 -320.176 -451.46 657.119 -0.157075
-5.94918 1.81423 319.91 -328.6 -2280.82 0.170179 6.51088 -2.13846 -319.91 -217.064 554.606 -0.170179
-3.90491 -0.567336 319.688 21.3337 -1607.25 0.180308 4.54334 0.190091 -319.688 83.3949 436.415 -0.180308
-1.69259 -3.27138 319.643 422.267 -848.239 0.18716 2.43026 2.79242 -319.643 415.172 276.255 -0.18716
0.53017 -5.99202 319.761 831.406 -53.9019 0.190615 0.279249 5.38355 -319.761 739.469 87.5904 -0.190615
3.03168 -8.30159 319.856 1184.23 800.547 0.190603 -2.23203 7.63079 -319.856 1015.83 -72.9099 -0.190603
5.49986 -9.87365 319.685 1422.38 1640.61 0.18704 -4.70133 9.17292 -319.685 1207.68 -229.407 -0.18704
7.65045 -10.5208 319.789 1517.73 2434.07 0.17998 -7.0286 9.82144 -319.789 1291.25 -402.8 -0.17998
9.4098 -10.2756 320.034 1476.39 3128.13 0.169643 -8.90318 9.56459 -320.034 1263.29 -593.413 -0.169643
10.8711 -9.24564 320.084 1323.54 3714.81 0.156305 -10.4637 8.5458 -320.084 1133.24 -761.33 -0.156305
12.1513 -7.56765 320.017 1081.43 4208.16 0.140218 -11.9067 6.92425 -320.017 919.732 -877.408 -0.140218
13.152 -5.36668 320.261 773.657 4582.82 0.121583 -13.0264 4.87164 -320.261 640.137 -958.289 -0.121583
13.7495 -2.76864 320.269 414.902 4822.69 0.100582 -13.6754 2.49595 -320.269 312.077 -1025.39 -0.100582
13.8906 0.0863489 320.123 19.6134 4926.44 0.0774171 -13.9232 -0.125185 -320.123 -48.8211 -1075.12 -0.0774171
13.6616 2.93765 320.159 -383.237 4896.1 0.0523217 -13.7972 -2.86132 -320.159 -417.531 -1093.83 -0.0523217
13.1422 5.61295 320.106 -761.485 4732.97 0.025572 -13.2885 -5.41481 -320.106 -761.316 -1073.03 -0.025572
12.2977 7.7971 319.881 -1076.69 4439.76 -0.00245308 -12.4536 -7.5384 -319.881 -1040.95 -1012.47 0.00245308
11.1219 9.24622 319.775 -1290.92 4016.29 -0.0312304 -11.2212 -8.94524 -319.775 -1221.07 -922.584 0.0312304
9.64569 9.7738 319.697 -1370.98 3472.91 -0.0600736 -9.59275 -9.38228 -319.697 -1274.19 -809.227 0.0600736
7.76714 9.22946 319.627 -1301.58 2816.61 -0.0881161 -7.69316 -8.81477 -319.627 -1190.04 -676.166 0.0881161
5.58203 7.70647 319.611 -1088.96 2054.93 -0.114334 -5.43557 -7.26318 -319.611 -978.076 -529.622 0.114334
3.09877 5.34137 319.716 -755.836 1211.95 -0.13766 -2.98133 -4.945 -319.716 -664.485 -370.19 0.13766
0.555132 2.36165 319.993 -350.518 361.97 -0.157169 -0.703002 -2.26157 -319.993 -287.781 -187.866 0.157169
-1.90101 -0.671014 320.365 90.357 -475.128 -0.172151 1.66894 0.827698 -320.365 116.71 -19.2913 0.172151
-4.48226 -3.40539 320.574 491.007 -1327.65 -0.18196 4.28589 3.65116 -320.574 483.532 113.675 0.18196
-6.84112 -5.45197 320.479 772.871 -2119.53 -0.185974 6.53943 5.56808 -320.479 748.986 266.981 0.185974
-8.59202 -6.41044 320.477 895.136 -2777.86 -0.183938 8.13606 6.41693 -320.477 876.305 461.479 0.183938
-10.1307 -6.30996 320.642 865.297 -3346.34 -0.176024 9.49609 6.21572 -320.642 864.499 628.257 0.176024
-11.5932 -5.30779 320.733 706.599 -3839.81 -0.162392 10.8336 5.10387 -320.733 731.288 733.853 0.162392
-12.8411 -3.65529 320.573 462.404 -4247.43 -0.14309 11.957 3.42038 -320.573 514.828 813.017 0.14309
-13.6924 -1.57872 320.506 174.627 -4554.13 -0.118369 12.6682 1.51799 -320.506 253.155 903.126 0.118369
-14.0701 0.640473 320.512 -128.686 -4762.79 -0.0886943 13.0936 -0.475176 -320.512 -25.2111 1000.24 0.0886943
-14.2083 2.74674 320.376 -420.578 -4882.72 -0.0546098 13.2459 -2.44649 -320.376 -296.393 1079.64 0.0546098
-14.252 4.46468 320.17 -671.637 -4927.37 -0.0168116 13.2212 -4.24111 -320.17 -530.382 1121.49 0.0168116
-14.1163 5.76673 320.094 -847.887 -4900.06 0.0238084 13.1283 -5.39986 -320.094 -693.943 1125.79 -0.0238084
-13.7394 6.24955 319.962 -928.486 -4791.25 0.0662113 12.7894 -6.02897 -319.962 -766.889 1116.1 -0.0662113
-13.0579 5.94881 319.803 -895.356 -4595.03 0.109169 12.0995 -5.84584 -319.803 -733.199 1109.71 -0.109169
-12.1891 4.85451 319.797 -742.382 -4324.82 0.151253 11.1499 -4.792 -319.797 -589.533 1091.24 -0.151253
-11.2625 3.13585 319.825 -489.678 -4001.37 0.190963 10.144 -3.00212 -319.825 -357.75 1035.44 -0.190963
-10.2444 1.074 319.725 -184.527 -3632.98 0.226871 9.13783 -0.852107 -319.725 -81.2939 947.524 -0.226871
-9.01209 -0.994841 319.657 117.129 -3213.23 0.257668 7.9904 1.21915 -319.657 188.743 857.412 -0.257668
-7.55561 -2.68339 319.718 371.283 -2737.79 0.28221 6.5668 2.97719 -319.718 410.509 780.748 -0.28221
-5.92919 -3.70904 319.704 531.178 -2225.16 0.299561 5.08267 4.0684 -319.704 542.916 698.75 -0.299561
-4.34116 -3.89056 319.66 566.596 -1695.59 0.309092 3.61198 4.28364 -319.66 562.272 592.672 -0.309092
-2.78934 -3.08349 319.751 461.824 -1167.54 0.310587 2.2862 3.57765 -319.751 458.106 463.117 -0.310587
-1.19511 -1.33721 319.933 221.822 -648.014 0.304242 1.01829 1.98865 -319.933 237.549 339.953 -0.304242
0.154323 1.198 320.039 -130.59 -147.9 0.290535 -0.475694 -0.337457 -320.039 -81.3236 233.597 -0.290535
1.49484 4.25916 320.277 -563.26 327.253 0.270045 -1.74043 -3.21367 -320.277 -468.523 119.272 -0.270045
2.61478 7.4523 320.461 -1023.87 762.685 0.243429 -2.80128 -6.33884 -320.461 -880.381 -14.0054 -0.243429
3.45921 10.3762 320.592 -1446.57 1150.86 0.211501 -3.79184 -9.23223 -320.592 -1260.97 -147.867 -0.211501
4.28825 12.6571 320.637 -1775.01 1491.3 0.175205 -4.60497 -11.4771 -320.637 -1557.5 -260.768 -0.175205
4.94851 13.9073 320.752 -1956.3 1763.5 0.135489 -5.24467 -12.7736 -320.752 -1727.87 -352.819 -0.135489
5.37353 13.9466 320.736 -1971.25 1962.53 0.0932806 -5.72294 -12.9993 -320.736 -1749.54 -426.637 -0.0932806
5.59107 12.7884 320.641 -1808.19 2085.51 0.0495706 -5.94748 -11.9754 -320.641 -1611.28 -488.261 -0.0495706
5.63922 10.4875 320.608 -1481.58 2132.05 0.00543189 -5.89739 -9.84869 -320.608 -1326.49 -534.941 -0.00543189
5.48288 7.30037 320.517 -1028.46 2106.65 -0.0380456 -5.695 -6.87487 -320.517 -928.89 -559.109 0.0380456
5.16893 3.71635 320.313 -503.958 2012.66 -0.0798032 -5.32614 -3.33642 -320.313 -469.886 -559.607 0.0798032
4.78825 0.225581 320.12 12.9584 1858 -0.118801 -4.74727 0.18578 -320.12 -18.4188 -537.778 0.118801
4.20336 -2.6504 319.985 442.519 1652.36 -0.154011 -4.12824 3.12893 -319.985 355.55 -498.818 0.154011
3.40462 -4.39264 319.741 710.695 1402.27 -0.184471 -3.41804 5.03125 -319.741 590.633 -457.611 0.184471
2.4955 -4.66123 319.584 767.619 1112.61 -0.209357 -2.50438 5.5681 -319.584 644.932 -420.23 0.209357
1.50509 -3.47684 319.539 592.849 796.013 -0.228004 -1.57293 4.46065 -319.539 503.25 -369.657 0.228004
0.585895 -1.01774 319.578 216.88 463.356 -0.239905 -0.651583 1.94722 -319.578 192.612 -291.832 0.239905
-0.256915 2.19465 319.694 -280.652 128.479 -0.244723 0.21897 -1.43629 -319.694 -220.623 -194.254 0.244723
-1.05502 5.45728 320.017 -790.388 -192.07 -0.24232 1.01882 -4.96408 -320.017 -648.519 -95.0728 0.24232
-1.83329 8.31113 320.206 -1220.53 -501.288 -0.232742 1.87416 -7.85954 -320.206 -1012.25 -12.1161 0.232742
-2.51485 10.1803 320.398 -1507.13 -778.251 -0.216162 2.62793 -9.84303 -320.398 -1257.66 66.0067 0.216162
-3.14993 10.9966 320.594 -1630.39 -1022.74 -0.192881 3.20685 -10.6777 -320.594 -1362.36 142.282 0.192881
-3.73786 10.7808 320.742 -1590.62 -1233.24 -0.163379 3.675 -10.3385 -320.742 -1325.49 206.458 0.163379
-4.24967 9.60692 320.834 -1415 -1414.22 -0.128309 4.14945 -9.12231 -320.834 -1171.08 250.853 0.128309
-4.70992 7.72339 320.86 -1137.99 -1560.94 -0.0884853 4.50858 -7.24938 -320.86 -929.384 284.106 0.0884853
-4.96232 5.25082 320.755 -790.336 -1663.38 -0.0449247 4.7512 -5.00737 -320.755 -626.021 317.952 0.0449247
-4.93462 2.43683 320.58 -391.067 -1716.58 0.0011678 4.89499 -2.40753 -320.58 -277.724 354.972 -0.0011678
-4.77287 -0.357828 320.325 27.8757 -1713.8 0.0484205 4.77433 0.476523 -320.325 87.4761 391.126 -0.0484205
-4.49152 -2.88242 320.042 408.354 -1659.26 0.0953192 4.52616 3.10674 -320.042 418.797 409.765 -0.0953192
-4.16088 -4.65634 319.702 682.91 -1563.55 0.140305 4.23749 5.04593 -319.702 656.959 399.746 -0.140305
-3.81711 -5.41684 319.44 800.644 -1424.9 0.181911 3.78077 5.85431 -319.44 755.857 371.91 -0.181911
-3.31809 -4.9596 319.272 737.459 -1247.63 0.218808 3.23232 5.42723 -319.272 696.928 339.642 -0.218808
-2.663 -3.4967 319.246 512.446 -1038.9 0.249833 2.5906 3.8156 -319.246 497.393 310.399 -0.249833
-1.9725 -1.50218 319.38 187.891 -811.415 0.27408 1.84802 1.39867 -319.38 212.793 281.271 -0.27408
-1.2807 0.63733 319.57 -142.109 -576.489 0.290939 1.11592 -0.949637 -319.57 -76.9049 243.465 -0.290939
-0.566032 2.36499 319.862 -399.667 -344.249 0.300067 0.488931 -2.7438 -319.862 -305.659 197.007 -0.300067
0.280266 3.38911 320.142 -545.999 -98.8112 0.301361 -0.182263 -3.7377 -320.142 -437.988 161.628 -0.301361
1.2258 3.7129 320.44 -573.367 158.864 0.294925 -0.967658 -3.84217 -320.44 -469.765 143.475 -0.294925
2.20266 3.58957 320.73 -516.776 427.905 0.281017 -1.82918 -3.28084 -320.73 -431.828 128.784 -0.281017
3.07483 3.09069 320.814 -432.959 686.391 0.260075 -2.57208 -2.7201 -320.814 -369.339 93.8163 -0.260075
3.87446 2.58444 320.84 -350.516 930.943 0.232774 -3.18827 -2.17769 -320.84 -306.989 45.2663 -0.232774
4.50552 2.18683 320.868 -280.731 1165.17 0.200002 -3.91895 -1.69309 -320.868 -254.965 -0.445255 -0.200002
4.9432 1.71081 320.683 -223.674 1368.78 0.162822 -4.55209 -1.44272 -320.683 -211.725 -55.7533 -0.162822
5.23298 1.18769 320.421 -158.542 1524.73 0.12244 -4.86894 -1.11292 -320.421 -159.088 -127.557 -0.12244
5.32809 0.483145 320.211 -61.9991 1635.88 0.0801864 -5.0968 -0.52783 -320.211 -77.5555 -193.807 -0.0801864
5.33907 -0.593744 319.935 77.5003 1702.55 0.0374619 -5.22411 0.271648 -319.935 42.0382 -241.191 -0.0374619
5.32911 -1.77188 319.654 255.615 1718.97 -0.0043202 -5.1166 1.49576 -319.654 195.633 -273.762 0.0043202
5.23903 -3.00451 319.514 442.586 1689.95 -0.0438067 -4.86732 2.78843 -319.514 357.364 -291.625 0.0438067
5.00087 -4.01592 319.455 595.061 1624.02 -0.0797751 -4.58825 3.84295 -319.455 490.16 -297.229 0.0797751
4.7202 -4.44886 319.435 673.292 1525.24 -0.111188 -4.12597 4.47755 -319.435 559.339 -301.216 0.111188
4.26734 -4.09796 319.536 638.864 1401.46 -0.137236 -3.6347 4.37708 -319.536 531.444 -308.008 0.137236
3.60703 -2.93862 319.728 470.216 1258.23 -0.157373 -3.16623 3.27958 -319.728 388.463 -320.868 0.157373
2.83386 -1.08684 319.96 184.916 1091.71 -0.171313 -2.57402 1.31858 -319.96 147.287 -343.129 0.171313
2.07407 1.12516 320.198 -157.503 907.9 -0.179012 -1.87584 -1.0359 -320.198 -140.84 -360.911 0.179012
1.30743 3.1355 320.421 -476.765 722.071 -0.180679 -1.33193 -3.27228 -320.421 -407.971 -356.356 0.180679
0.712201 4.49071 320.56 -695.593 536.366 -0.176757 -0.741918 -4.81447 -320.56 -589.217 -334.66 0.176757
0.283476 4.91047 320.616 -766.034 356.411 -0.167834 -0.11796 -5.29692 -320.616 -643.348 -300.429 0.167834
-0.0793257 4.1965 320.568 -673.983 199.733 -0.15458 0.295773 -4.73373 -320.568 -559.04 -251.342 0.15458
-0.348198 2.42306 320.441 -429.937 69.1788 -0.137733 0.614014 -3.18724 -320.441 -344.653 -202.197 0.137733
-0.701149 -0.176324 320.26 -56.0531 -46.3304 -0.118019 0.869639 -0.737667 -320.26 -21.357 -171.01 0.118019
-1.24978 -3.34089 320.018 401.74 -153.181 -0.0960901 1.0141 2.26743 -320.018 372.777 -160.108 0.0960901
-1.73408 -6.59906 319.748 881.237 -256.199 -0.0725318 1.25102 5.48723 -319.748 787.783 -156.913 0.0725318
-2.12516 -9.60378 319.489 1321.87 -360.201 -0.0478592 1.46403 8.44733 -319.489 1170.8 -136.588 0.0478592
-2.29658 -11.719 319.316 1655.83 -464.695 -0.0224984 1.64855 10.8782 -319.316 1464.59 -81.5495 0.0224984
-2.17102 -12.4614 319.157 1809.66 -568.25 0.00315643 1.88362 12.2527 -319.157 1603.06 6.54253 -0.00315643
-1.78857 -11.7237 319.085 1718.72 -657.778 0.0286791 2.10297 11.7857 -319.085 1527.67 118.261 -0.0286791
-1.21607 -9.26958 319.221 1367.36 -710.657 0.0536231 2.18633 9.5083 -319.221 1225.68 238.426 -0.0536231
-0.481145 -5.33727 319.486 795.49 -702.484 0.0775286 2.09568 5.72927 -319.486 732.742 344.141 -0.0775286
0.206949 -1.00708 319.757 103.954 -614.315 0.0998965 1.67498 0.736225 -319.757 136.893 409.176 -0.0998965
0.742521 2.77072 320.098 -522.95 -454.835 0.120225 1.09065 -3.9574 -320.098 -405.971 404.673 -0.120225
1.55142 5.58702 320.453 -919.878 -214.959 0.13808 0.594981 -6.53906 -320.453 -754.421 345.501 -0.13808
2.75946 6.4487 320.605 -1031.76 136.902 0.153096 -0.287827 -7.26579 -320.605 -861.891 283.111 -0.153096
4.46321 5.84743 320.979 -897.435 624.617 0.164917 -1.75234 -6.17225 -320.979 -762.205 233.821 -0.164917
6.76027 5.11893 321.202 -652.073 1232.09 0.173211 -3.29556 -3.75127 -321.202 -572.701 157.785 -0.173211
9.08431 4.84223 321.273 -525.752 1935.29 0.177799 -5.12693 -2.4654 -321.273 -483.276 29.8018 -0.177799
10.9376 6.03319 321.461 -663.89 2692.28 0.178709 -7.30443 -3.28558 -321.461 -622.866 -168.884 -0.178709
12.5917 8.60602 321.757 -1050.24 3450.03 0.176089 -9.20264 -6.15351 -321.757 -987.83 -434.136 -0.176089
14.0912 11.8581 321.791 -1551.65 4204.64 0.170177 -11.1982 -10.006 -321.791 -1467.5 -704.035 -0.170177
15.3143 14.371 321.653 -1970.49 4934.39 0.161305 -13.5033 -13.5433 -321.653 -1884.18 -944.528 -0.161305
15.7469 15.1685 321.266 -2139.76 5555.37 0.149828 -15.693 -15.2944 -321.266 -2066.88 -1201.48 -0.149828
15.6541 13.4354 320.41 -1947.08 5995.33 0.136146 -16.812 -14.4391 -320.41 -1902.15 -1498.18 -0.136146
15.8185 8.51764 319.734 -1327.7 6273.46 0.120779 -17.016 -10.7092 -319.734 -1327.37 -1724.41 -0.120779
16.0043 1.20754 319.452 -294.803 6424.39 0.10425 -17.5907 -3.50784 -319.452 -356.36 -1769.93 -0.10425
15.9037 -7.34749 319.014 973.087 6384 0.0869139 -17.9548 5.80867 -319.014 843.654 -1693.4 -0.0869139
14.9823 -15.9899 318.331 2204.68 6076.09 0.0690833 -17.2704 14.4926 -318.331 2004.69 -1608.07 -0.0690833
13.3264 -22.8051 317.975 3176.06 5510.52 0.0511537 -15.5258 21.176 -317.975 2897.38 -1513.5 -0.0511537
11.1469 -26.921 317.778 3787.31 4728.68 0.0334825 -13.2295 25.3887 -317.778 3436.22 -1351.71 -0.0334825
8.82728 -28.1357 317.381 3985.14 3780.96 0.0162958 -10.7631 26.6856 -317.381 3585.16 -1067.45 -0.0162958
6.59619 -26.535 317.597 3780.24 2660.95 -0.000272979 -7.70817 25.1508 -317.597 3357 -680.368 0.000272979
4.38912 -22.0565 318.831 3181.49 1377.96 -0.0161872 -3.9095 21.1757 -318.831 2788.32 -229.927 0.0161872
0.999194 -14.4406 319.754 2153.66 -21.1593 -0.0315022 -0.410789 14.8288 -319.754 1888.08 214.693 0.0315022
-3.44736 -4.87023 321.556 749.168 -1529.22 -0.046242 3.72564 5.73323 -321.556 715.159 534.463 0.046242
-7.87811 4.69542 321.824 -681.613 -2916.67 -0.060348 7.70405 -4.06814 -321.824 -528.367 757.757 0.060348
-11.4935 12.8394 321.679 -1892.25 -4071.56 -0.0738883 10.8077 -12.7747 -321.679 -1644.63 981.958 0.0738883
-14.3841 17.0606 322.603 -2639.94 -5069 -0.0870378 13.6133 -19.1994 -322.603 -2367.11 1190.09 0.0870378
-16.7698 17.5369 322.558 -2744.51 -5927.48 -0.0996888 15.9642 -20.4156 -322.558 -2496.32 1392.03 0.0996888
-18.8976 13.5156 321.807 -2155.48 -6665.49 -0.111494 17.9386 -16.3229 -321.807 -1964.87 1561.47 0.111494
-20.7655 5.6938 322.159 -997.776 -7292.05 -0.122153 19.8417 -7.81126 -322.159 -867.026 1665.52 0.122153
-22.266 -3.61252 322.367 410.878 -7765.02 -0.131257 21.4152 3.06818 -322.367 511.888 1712.62 0.131257
-23.2081 -12.8767 321.413 1743.31 -8051.71 -0.138174 22.4028 12.9089 -321.413 1817.79 1732 0.138174
-23.3896 -20.129 320.464 2744.64 -8158.28 -0.142182 22.9397 19.8807 -320.464 2780.8 1738.99 0.142182
-22.653 -24.1756 319.399 3320.12 -8074.93 -0.142547 22.963 23.9678 -319.399 3328.6 1754.3 0.142547
-21.8869 -25.4672 317.952 3475.34 -7811.64 -0.138619 21.9065 24.8141 -317.952 3468.58 1743.47 0.138619
-20.8312 -24.664 317.074 3286.8 -7409.18 -0.12992 20.791 22.8777 -317.074 3278.72 1642.14 0.12992
-19.2186 -21.6796 316.696 2879.83 -6855.11 -0.116069 19.6667 20.0025 -316.696 2876.43 1467.83 0.116069
-16.8004 -17.4235 316.232 2329.5 -6083.26 -0.0968324 17.6504 16.2941 -316.232 2326.81 1310.65 0.0968324
-13.3072 -12.2494 316.278 1651.87 -5060.32 -0.0722773 14.6471 11.6816 -316.278 1652.93 1187.52 0.0722773
-9.26248 -5.36697 317.004 815.048 -3800.29 -0.0427574 10.7484 6.58428 -317.004 835.432 1027.48 0.0427574
-5.00451 1.53306 318.276 -220.042 -2308.54 -0.00883372 6.27611 -0.907945 -318.276 -116.869 744.755 0.00883372
-0.751455 8.89665 320.371 -1317.66 -648.498 0.0287857 1.70199 -8.55868 -320.371 -1092.52 307.39 -0.0287857
3.45043 15.2972 323.176 -2213.3 1042.27 0.0693925 -2.70432 -14.655 -323.176 -1922.59 -190.739 -0.0693925
8.66216 19.1417 323.733 -2783.56 2810.71 0.112223 -7.86105 -19.1868 -323.733 -2509.12 -523.606 -0.112223
13.0883 20.6765 323.241 -2974.76 4355.35 0.156071 -12.5115 -20.9278 -323.241 -2770.39 -811.155 -0.156071
16.8506 20.1975 323.767 -2818.19 5689.12 0.199465 -16.2259 -19.7692 -323.767 -2700.92 -1108.94 -0.199465
19.9516 17.7721 324.098 -2405.58 6806.1 0.241289 -18.9942 -16.7603 -324.098 -2363.16 -1412.19 -0.241289
23.16 14.0999 323.299 -1841.81 7768.53 0.280435 -21.2342 -12.7207 -323.299 -1861.99 -1619.46 -0.280435
26.2071 9.7382 322.529 -1225.91 8631.55 0.315324 -23.8443 -8.4887 -322.529 -1291.17 -1698.94 -0.315324
28.8737 5.46527 322.116 -645.54 9359.27 0.344201 -26.1332 -4.50226 -322.116 -730.954 -1740.37 -0.344201
30.6534 1.7595 321.079 -138.141 9906.09 0.365287 -27.6843 -0.904956 -321.079 -229.82 -1825.68 -0.365287
31.13 -1.21759 319.808 258.904 10262.4 0.376854 -28.7548 1.87947 -319.808 168.789 -1967.1 -0.376854
30.2731 -3.27099 318.786 531.614 10416.6 0.377569 -29.426 3.77875 -318.786 441.935 -2146.24 -0.377569
28.7617 -4.46125 317.796 679.896 10340.5 0.366592 -29.0856 4.73299 -317.796 589.802 -2325.8 -0.366592
26.7153 -5.50417 316.761 748.948 10030.9 0.343553 -28.1311 4.68448 -316.761 658.072 -2431.22 -0.343553
25.2196 -6.76126 316.099 838.615 9512.23 0.30862 -26.1664 4.712 -316.099 745.796 -2391.93 -0.30862
23.7761 -7.59583 315.999 1001.81 8815.94 0.26247 -24.1003 6.19243 -315.999 902.274 -2182.55 -0.26247
22.0805 -8.71306 316.252 1175.67 7934.03 0.206248 -21.6917 7.50366 -316.252 1063.75 -1870.28 -0.206248
20.191 -8.84766 316.586 1249.99 6862.79 0.141554 -18.1542 8.29481 -316.586 1117.23 -1551.75 -0.141554
16.7373 -6.96222 317.381 1089.49 5637.11 0.0703636 -14.9239 7.77122 -317.381 945.036 -1252.54 -0.0703636
12.1627 -3.45171 318.455 591.658 4232.26 -0.00507989 -11.0439 4.26655 -318.455 474.134 -1018.7 0.00507989
7.01383 1.96634 319.545 -225.672 2628.59 -0.082264 -6.04495 -1.39723 -319.545 -238.762 -819.856 0.082264
1.65821 7.95699 320.96 -1166.65 889.801 -0.158377 -0.98847 -7.8049 -320.96 -1009.75 -522.366 0.158377
-2.46907 12.0718 322.826 -1873.58 -681.363 -0.230605 2.6359 -12.9592 -322.826 -1582.71 -25.2941 0.230605
-6.78173 13.4378 323.364 -2074.13 -2213.76 -0.29649 6.49318 -14.3457 -323.364 -1762.23 375.401 0.29649
-11.4767 11.4345 322.878 -1739.48 -3671.39 -0.353739 10.7215 -12.0245 -322.878 -1499.78 597.556 0.353739
-15.5467 6.86821 322.711 -1066.12 -4938.99 -0.400272 14.4452 -7.39395 -322.711 -903.181 785.834 0.400272
-18.5043 0.908392 322.748 -209.659 -5976.17 -0.434667 17.1033 -1.36063 -322.748 -103.496 1044.58 0.434667
-20.4963 -5.25243 321.98 662.804 -6816.71 -0.455866 19.0499 4.90177 -321.98 739.62 1338.56 0.455866
-21.9672 -10.6509 321.287 1417.96 -7514.8 -0.462871 20.9166 10.371 -321.287 1485.26 1573.45 0.462871
-22.8061 -14.4117 320.629 1934.43 -8061.58 -0.454963 22.6754 14.0772 -320.629 1999.99 1759.68 0.454963
-23.0455 -16.3326 319.514 2179.68 -8410.54 -0.431751 23.683 15.6724 -319.514 2240.33 1935.17 0.431751
-22.4497 -16.4099 318.526 2164.77 -8536.17 -0.393256 24.0188 15.3739 -318.526 2224.71 2096.08 0.393256
-21.9427 -15.2968 318.027 1966.9 -8448.72 -0.340083 23.2213 13.6583 -318.027 2031.91 2188.86 0.340083
-21.2723 -13.4736 317.797 1694.8 -8180.38 -0.273359 22.2498 11.5971 -317.797 1767.57 2148.09 0.273359
-20.1296 -11.3071 317.613 1430.27 -7728.38 -0.19472 21.2501 9.9427 -317.613 1504.42 1993.47 0.19472
-18.5391 -8.7206 317.546 1165.73 -7052.48 -0.106451 19.2128 8.66697 -317.546 1235.57 1820.66 0.106451
-16.036 -4.91716 317.805 782.73 -6157.62 -0.0114652 16.4313 6.91576 -317.805 851.482 1658.13 0.0114652
-12.8307 -0.0986192 318.42 141.202 -5075.03 0.0868921 13.1912 2.61071 -318.42 233.1 1468.53 -0.0868921
-9.18995 6.53505 319.349 -806.093 -3807.62 0.185007 9.45902 -3.95768 -319.349 -642.662 1222.49 -0.185007
-5.01049 14.5817 320.314 -1982.97 -2348.08 0.279132 5.39857 -11.9177 -320.314 -1676.07 904.227 -0.279132
-0.985139 22.2396 322.394 -3112.63 -810.726 0.365689 1.31411 -19.7229 -322.394 -2681.73 490.349 -0.365689
3.12408 27.7462 323.957 -3982.98 746.701 0.441632 -2.81385 -26.4249 -323.957 -3497.38 74.0493 -0.441632
7.74845 30.3556 323.533 -4402.56 2338.39 0.504366 -7.41139 -30.1858 -323.533 -3957.62 -240.71 -0.504366
11.4235 30.1484 322.185 -4308.57 3750.71 0.5518 -11.5751 -29.779 -322.185 -3966.93 -567.255 -0.5518
13.9554 25.9985 322.256 -3745.47 4913.15 0.583081 -14.5324 -26.6002 -322.256 -3518.02 -968.538 -0.583081
16.1001 18.3311 321.874 -2675.38 5883.57 0.598387 -16.7126 -19.7568 -321.874 -2584.27 -1338.99 -0.598387
18.1003 8.08461 321.057 -1177.5 6675.37 0.597963 -18.7191 -9.1764 -321.057 -1206.11 -1575.33 -0.597963
20.1897 -3.91163 320.535 527.34 7286.98 0.582114 -20.4846 2.93394 -320.535 417.993 -1652.98 -0.582114
21.8939 -15.1411 320.122 2134.72 7683.72 0.551358 -21.6449 14.623 -320.122 1975.54 -1653.07 -0.551358
22.9449 -22.7808 319.336 3331.03 7886.1 0.506227 -22.2781 24.0014 -319.336 3129.43 -1622.32 -0.506227
22.7886 -26.9874 317.885 3924.16 7892.7 0.44748 -22.3968 28.2149 -317.885 3699.14 -1634.07 -0.44748
21.7295 -27.0954 316.887 3880.61 7713.5 0.376375 -21.763 27.4651 -316.887 3654.02 -1689.03 -0.376375
20.0366 -22.9845 316.818 3293.86 7364.87 0.294537 -20.6557 23.2185 -316.818 3086.55 -1727.96 -0.294537
18.1781 -16.2516 317.007 2287.43 6852.05 0.203926 -19.1043 15.611 -317.007 2112.55 -1687.47 -0.203926
15.6357 -7.15854 317.507 1009.24 6135.44 0.106943 -17.4288 6.51723 -317.507 879.249 -1555.38 -0.106943
12.1137 2.58925 317.797 -368.337 5116.08 0.00643789 -14.5417 -3.00794 -317.797 -404.567 -1423.64 -0.00643789
7.85048 11.2661 318.372 -1681.13 3766.1 -0.0942751 -10.0486 -12.219 -318.372 -1561.82 -1285.85 0.0942751
2.83098 17.7517 319.647 -2694.96 2153.44 -0.191497 -5.42196 -19.1203 -319.647 -2396.51 -1008.72 0.191497
-2.00774 20.4127 321.159 -3161.6 363.436 -0.281643 -0.620028 -22.3995 -321.159 -2750.1 -553.888 0.281643
-6.18205 18.9942 322.95 -2985.26 -1423.12 -0.361877 4.22508 -21.232 -322.95 -2569.32 -17.0948 0.361877
-10.0872 14.0779 324.131 -2150.11 -3233.92 -0.430055 10.1642 -14.9471 -324.131 -1857.75 430.069 0.430055
-13.3028 7.23642 323.416 -1024.75 -4751.42 -0.484449 14.4588 -6.43766 -323.416 -863.339 906.426 0.484449
-16.0408 0.681181 323.075 8.63552 -5941.96 -0.524383 17.0307 1.47721 -323.075 101.476 1360.03 0.524383
-18.7614 -4.60913 323.112 746.478 -6939.81 -0.550211 19.6151 6.71598 -323.112 817.658 1622.25 0.550211
-21.8704 -7.69642 322.123 1153.68 -7779.27 -0.562117 22.0758 9.55777 -322.123 1229.26 1690.27 0.562117
-24.1761 -9.16593 320.889 1284.1 -8413.94 -0.559956 24.1811 10.0712 -320.889 1372.7 1714.13 0.559956
-25.8546 -9.65478 320.325 1246.35 -8823.73 -0.543574 24.9828 9.10129 -320.325 1344.02 1780.22 0.543574
-26.9127 -9.13389 319.932 1148.51 -9050.52 -0.512705 25.1451 8.25129 -319.932 1252.54 1837.78 0.512705
-26.8625 -8.15206 319.176 1031.87 -9128.39 -0.467343 25.7465 7.56526 -319.176 1138.85 1839.37 0.467343
-26.5393 -6.94146 318.466 880.333 -9031.15 -0.407991 25.4538 6.59639 -318.466 989.403 1827.52 0.407991
-25.561 -5.14616 318.204 664.826 -8748.36 -0.335446 24.4591 5.27366 -318.204 774.311 1817.99 0.335446
-23.713 -2.60197 318.1 345.391 -8288.64 -0.250908 23.202 3.19279 -318.1 455.033 1788.35 0.250908
-21.683 0.49791 317.929 -98.0446 -7650.48 -0.156225 20.9978 -0.0844208 -317.929 17.8167 1736.69 0.156225
-19.2602 4.16508 318.089 -621.861 -6859.63 -0.0539293 18.4195 -3.90726 -318.089 -492.694 1638.67 0.0539293
-16.2991 7.80066 318.676 -1145.15 -5926.09 0.0528941 15.749 -7.62728 -318.676 -985.146 1485.36 -0.0528941
-12.8725 10.635 319.038 -1568.86 -4827.63 0.160864 12.4713 -10.5905 -319.038 -1361.99 1315.56 -0.160864
-8.434 12.0834 319.184 -1793.43 -3546.9 0.266468 8.72436 -12.0354 -319.184 -1536.92 1168.21 -0.266468
-3.34971 12.1096 319.955 -1773.47 -2077.88 0.366091 4.27957 -11.5066 -319.955 -1487.44 1018.21 -0.366091
0.767015 10.7214 321.444 -1494.06 -539.168 0.456285 -0.771699 -9.13963 -321.444 -1248.31 748.809 -0.456285
4.33343 7.84257 322.476 -1060.89 946.583 0.534161 -4.84806 -6.50172 -322.476 -919.759 321.813 -0.534161
7.89564 4.70872 321.898 -598.104 2370.86 0.597367 -8.56019 -3.7004 -321.898 -563.029 -94.8403 -0.597367
10.3999 2.00547 321.124 -184.904 3532.46 0.644298 -11.7979 -0.971189 -321.124 -226.107 -460.703 -0.644298
12.9461 -0.939832 321.27 146.732 4461.78 0.674633 -14.0811 0.571504 -321.27 61.9801 -720.722 -0.674633
15.4936 -3.24344 320.754 434.62 5192.82 0.688603 -15.7413 2.24677 -320.754 323.529 -868.854 -0.688603
16.9454 -4.65267 319.773 679.276 5724.39 0.685967 -17.322 4.27069 -319.773 552.961 -980.275 -0.685967
17.5388 -5.8911 319.427 832.677 6036.86 0.666454 -17.8816 5.21204 -319.427 700.571 -1132.5 -0.666454
17.5141 -6.29114 319.19 883.023 6157.25 0.630074 -17.6001 5.53825 -319.19 750.515 -1294.59 -0.630074
17.2212 -5.95958 318.785 845.978 6140.27 0.576769 -17.1535 5.35112 -318.785 715.932 -1379.61 -0.576769
16.8547 -5.13977 318.596 732.498 6007.66 0.506602 -16.6063 4.56361 -318.596 607.453 -1373.51 -0.506602
16.325 -3.49438 318.693 542.671 5748.93 0.420175 -15.6321 3.52909 -318.693 427.206 -1323.16 -0.420175
15.2958 -1.10109 318.817 249.562 5360.13 0.318726 -14.2346 1.8289 -318.817 155.046 -1270.45 -0.318726
13.6307 2.26996 319.06 -182.834 4849.39 0.204253 -12.4551 -0.772993 -319.06 -237.35 -1236.56 -0.204253
11.4132 6.11551 319.391 -744.273 4238.04 0.0797358 -10.3657 -4.61953 -319.391 -738.086 -1221.28 -0.0797358
8.94207 9.97613 319.84 -1353.92 3552.04 -0.050808 -8.07562 -8.98923 -319.84 -1264.92 -1194.16 0.050808
6.60337 13.216 320.246 -1858.68 2832.85 -0.182582 -5.82869 -12.4539 -320.246 -1685.95 -1109.71 0.182582
4.43121 14.6074 320.533 -2127.83 2107.2 -0.310379 -3.79755 -14.5076 -320.533 -1892.47 -966.062 0.310379
2.51179 14.1972 320.755 -2088.51 1386.17 -0.428878 -1.7487 -14.1575 -320.755 -1826.78 -794.558 0.428878
0.820335 11.9882 320.963 -1758.92 714.8 -0.533069 0.0548949 -11.726 -320.963 -1515.56 -607.304 0.533069
-0.816688 8.61896 320.999 -1257.29 124.915 -0.618678 1.30892 -8.16364 -320.999 -1060.02 -418.048 0.618678
-2.44567 4.97595 320.805 -713.192 -417.445 -0.682296 2.45555 -4.35359 -320.805 -574.95 -260.257 0.682296
-3.82345 1.78794 320.46 -241.833 -925.553 -0.721397 3.6478 -1.10592 -320.46 -157.631 -108.237 0.721397
-4.93169 -0.5806 320.123 94.3291 -1393.83 -0.73459 4.49601 1.11351 -320.123 139.744 88.73 0.73459
-5.74757 -1.94573 319.847 288.865 -1821.53 -0.721685 5.16309 2.426 -319.847 314.953 310.53 0.721685
-6.42412 -2.54703 319.713 368.791 -2226.53 -0.683309 6.07052 2.95809 -319.713 391.542 495.761 0.683309
-6.97108 -2.7194 319.676 380.164 -2589.53 -0.620681 7.04257 2.98138 -319.676 407.192 648.063 0.620681
-7.34115 -2.58718 319.694 361.684 -2876.57 -0.535881 7.64969 2.89822 -319.694 395.937 799.349 0.535881
-7.52513 -2.23106 319.896 323.551 -3080.44 -0.431999 7.99054 2.75744 -319.896 365.458 930.1 0.431999
-7.84931 -1.47929 320.104 233.417 -3221.28 -0.312834 8.22737 2.29583 -320.104 288.04 993.074 0.312834
-8.37089 -0.130012 320.288 48.9157 -3304.62 -0.182571 8.41975 1.12013 -320.288 123.869 977.687 0.182571
-8.88295 1.86358 320.44 -252.8 -3326.66 -0.0458133 8.5241 -1.02597 -320.44 -146.057 914.666 0.0458133
-8.90385 4.44156 320.559 -645.129 -3270.22 0.0923981 8.5439 -3.82208 -320.559 -495.823 852.828 -0.0923981
-8.40209 6.77292 320.543 -1039.92 -3120.89 0.226832 8.18311 -6.8994 -320.543 -847.904 822.953 -0.226832
-7.40124 8.25442 320.487 -1309.71 -2878.22 0.352304 7.51449 -9.09427 -320.487 -1085.77 811.314 -0.352304
-6.27257 8.57631 320.391 -1350.11 -2557.68 0.463884 6.58871 -9.28554 -320.391 -1116.22 775.148 -0.463884
-5.108 7.10813 320.255 -1138.92 -2167.12 0.557298 5.57106 -7.83598 -320.255 -924.501 686.827 -0.557298
-3.89527 4.05443 320.128 -699.026 -1694.14 0.629276 4.25752 -4.90544 -320.128 -538.061 563.751 -0.629276
-2.61211 -0.0360586 319.917 -81.6989 -1153.32 0.677614 2.65716 -0.689984 -319.917 -8.46789 422.282 -0.677614
-1.09647 -4.79081 319.778 637.285 -574.912 0.701274 1.1137 4.12311 -319.778 593.697 267.535 -0.701274
0.534414 -9.37089 319.706 1345.17 12.7784 0.700571 -0.371814 8.8943 -319.706 1177.05 111.439 -0.700571
2.40598 -13.0159 319.444 1911.08 612.166 0.677109 -1.87044 12.7615 -319.444 1648.43 -21.3159 -0.677109
4.25147 -14.9499 319.171 2232.02 1208.05 0.633377 -3.53474 15.1312 -319.171 1921.76 -131.298 -0.633377
5.88825 -15.0767 319.212 2255.74 1787.04 0.572341 -5.29959 15.3118 -319.212 1940.49 -239.319 -0.572341
7.16128 -13.2309 319.415 1973.56 2321.79 0.497279 -6.91044 13.3055 -319.415 1690.74 -374.634 -0.497279
8.02263 -9.46343 319.737 1418.82 2774.89 0.411644 -8.20449 9.54022 -319.737 1205.33 -528.997 -0.411644
8.87553 -4.38071 320.035 674.606 3137.71 0.318838 -9.12485 4.48515 -320.035 549.666 -646.059 -0.318838
9.66917 1.41141 320.303 -166.834 3408.37 0.221996 -10.0417 -1.24639 -320.303 -200.155 -679.896 -0.221996
10.4028 7.18452 320.571 -1008.95 3566.33 0.123905 -10.6583 -7.02166 -320.571 -952.712 -651.086 -0.123905
10.603 12.1545 320.706 -1734.42 3581.12 0.0271463 -10.8024 -12.0024 -320.706 -1601.31 -618.297 -0.0271463
10.2773 15.4819 320.691 -2225.76 3453.98 -0.0657383 -10.2974 -15.403 -320.691 -2039.02 -606.096 0.0657383
9.63569 16.7179 320.573 -2412.25 3221.63 -0.152262 -9.41221 -16.6617 -320.573 -2197.01 -585.051 0.152262
8.78904 15.7501 320.467 -2268.05 2915.08 -0.23005 -8.45969 -15.5354 -320.467 -2052.02 -527.66 0.23005
7.71277 12.642 320.407 -1810.31 2536.62 -0.296917 -7.3546 -12.2554 -320.407 -1627.64 -451.301 0.296917
6.0949 8.1326 320.246 -1126.91 2065.66 -0.35102 -5.94315 -7.34492 -320.246 -1010.26 -399.646 0.35102
3.88075 3.00345 320.062 -359.291 1493.05 -0.390972 -4.13101 -1.99982 -320.062 -331.535 -384.083 0.390972
1.76282 -2.04753 320.088 349.991 880.107 -0.415953 -2.08846 2.60712 -320.088 292.8 -346.822 0.415953
-0.156927 -6.42595 319.982 937.286 264.311 -0.425875 -0.275777 6.26665 -319.982 815.438 -247.716 0.425875
-1.96159 -10.1918 319.833 1410.67 -342.986 -0.421381 1.29713 9.047 -319.833 1246.01 -108.179 0.421381
-3.78635 -12.8373 319.895 1789.48 -977.424 -0.403598 3.15899 11.699 -319.895 1598.72 15.8309 0.403598
-5.60188 -14.465 319.909 2029.32 -1618.16 -0.373961 5.22998 13.5388 -319.909 1837.72 118.59 0.373961
-7.3122 -14.7716 319.496 2073.61 -2194.47 -0.334234 6.83296 14.0553 -319.496 1907.12 236.156 0.334234
-8.65954 -13.1504 319.46 1876.51 -2692.8 -0.286447 8.21732 13.1513 -319.46 1755.56 356.149 0.286447
-9.81945 -9.77375 319.693 1400.11 -3119.42 -0.23266 9.39408 10.1029 -319.693 1344.75 459.139 0.23266
-10.8146 -5.00449 319.873 689.326 -3457.26 -0.174749 10.2395 5.12348 -319.873 709.374 542.034 0.174749
-11.5775 0.61419 320.109 -138.277 -3706.2 -0.114378 10.8913 -0.669095 -320.109 -38.7737 595.021 0.114378
-12.128 5.84363 320.442 -917.156 -3870 -0.0530188 11.3539 -6.20236 -320.442 -746.095 618.515 0.0530188
-12.3163 9.5463 320.647 -1480.8 -3937.89 0.00802885 11.4914 -10.3109 -320.647 -1261.09 641.201 -0.00802885
-12.0701 11.4928 320.657 -1730.75 -3913.2 0.0675273 11.3091 -11.8333 -320.657 -1490.15 675.665 -0.0675273
-11.4444 11.3029 320.696 -1675.13 -3802.21 0.124174 10.8662 -11.2358 -320.696 -1437.04 712.413 -0.124174
-10.4911 9.54052 320.65 -1392.22 -3606.43 0.17658 10.2134 -9.04752 -320.65 -1174.4 738.781 -0.17658
-9.43065 6.75102 320.477 -978.437 -3320.73 0.223337 9.135 -6.10242 -320.477 -796.307 749.029 -0.223337
-8.12944 3.79311 320.223 -536.842 -2954.97 0.263132 7.91922 -2.9794 -320.223 -398.202 731.607 -0.263132
-6.68518 1.2292 319.948 -157.55 -2516.77 0.294808 6.5047 -0.358701 -319.948 -61.5729 689.098 -0.294808
-4.92134 -0.396866 319.663 89.5825 -2007.41 0.317414 4.98775 1.34094 -319.663 150.523 633.806 -0.317414
-2.79006 -0.818166 319.428 163.505 -1428.04 0.330354 3.33717 1.85818 -319.428 206.191 577.787 -0.330354
-0.617581 -0.0794993 319.475 61.5259 -801.429 0.333555 1.45624 1.12641 -319.475 105.118 512.106 -0.333555
1.27033 1.62146 319.674 -177.042 -175.43 0.327508 -0.392908 -0.526552 -319.674 -119.452 403.482 -0.327508
2.92704 3.82405 319.988 -495.685 456.314 0.313085 -2.14814 -2.77401 -319.988 -415.31 244.3 -0.313085
4.1666 5.66467 320.188 -806.645 1079.51 0.291315 -3.96331 -5.28038 -320.188 -704.624 44.3513 -0.291315
5.2828 6.6108 320.274 -988.992 1658.33 0.263413 -5.45855 -6.93424 -320.274 -881.315 -172.504 -0.263413
6.08871 6.39645 320.383 -958.077 2154.46 0.230878 -6.81407 -6.8294 -320.383 -868.169 -368.978 -0.230878
6.50356 4.58395 320.423 -701.992 2534.65 0.195176 -7.97924 -5.24456 -320.423 -655.147 -530.034 -0.195176
6.68276 1.6906 320.399 -275.735 2760.93 0.15746 -8.49835 -2.37607 -320.399 -285.786 -659.26 -0.15746
6.71888 -1.64918 320.331 234.604 2833.06 0.118731 -8.46484 1.22068 -320.331 161.704 -730.788 -0.118731
6.56028 -4.79063 320.262 713.42 2767.3 0.0799594 -8.25325 4.60672 -320.262 584.24 -716.307 -0.0799594
6.42758 -6.78085 320.155 1048.96 2566.87 0.0419546 -7.5672 7.1767 -320.155 878.394 -629.458 -0.0419546
6.01397 -7.37375 319.98 1146.91 2245.92 0.00540984 -6.6018 7.90666 -319.98 963.111 -499.741 -0.00540984
4.83396 -6.04895 319.814 968.836 1808.01 -0.0289052 -5.57493 6.83864 -319.814 810.772 -367.573 0.0289052
3.06631 -3.02896 319.672 534.426 1245.74 -0.0601139 -3.98256 4.04848 -319.672 442.905 -270.407 0.0601139
0.818514 1.04831 319.709 -92.011 573.858 -0.0873151 -1.98624 -0.159978 -319.709 -74.7525 -185.855 0.0873151
-1.39451 5.32081 319.95 -757.409 -140.056 -0.109664 -0.0321781 -4.66692 -319.95 -621.618 -48.8128 0.109664
-3.44482 8.62871 320.429 -1284.06 -866.31 -0.126437 1.80496 -8.36596 -320.429 -1062.5 139.006 0.126437
-5.52125 10.25 320.52 -1550.52 -1643.4 -0.137053 4.02911 -10.3263 -320.52 -1290.61 320.539 0.137053
-7.48089 9.78267 320.774 -1489.49 -2423.83 -0.141191 6.39188 -10.0376 -320.774 -1247.26 502.349 0.141191
-8.98043 7.69305 321.109 -1159.74 -3121.83 -0.139048 8.36755 -7.67762 -321.109 -962.601 718.729 0.139048
-10.1991 4.6682 321.206 -683.314 -3719.65 -0.131298 9.90421 -4.17173 -321.206 -537.216 934.459 0.131298
-11.2848 1.65746 321.295 -216.989 -4223.26 -0.118791 11.2908 -0.720384 -321.295 -111.205 1095.29 0.118791
-12.2348 -0.736976 321.292 120.527 -4627.22 -0.102515 12.5699 1.60011 -321.292 202.362 1190.35 0.102515
-12.9904 -2.05464 321.097 284.071 -4903.98 -0.0836557 13.4222 2.60022 -321.097 358.883 1244.34 0.0836557
-13.3708 -1.87392 320.704 281.66 -5047.64 -0.0634376 13.9357 2.77173 -320.704 360.025 1264.2 0.0634376
-13.3679 -0.797452 320.318 123.808 -5053.84 -0.0429428 14.1045 1.63977 -320.318 212.913 1247.55 0.0429428
-13.2696 1.10959 319.911 -152.11 -4922.86 -0.0230523 13.7015 -0.32809 -319.911 -46.2568 1186.2 0.0230523
-12.9311 3.49208 319.58 -490.194 -4667.25 -0.00445052 13.0924 -2.65568 -319.58 -358.583 1062.27 0.00445052
-12.2949 5.69157 319.289 -820.586 -4293.03 0.0123431 12.3217 -5.04027 -319.289 -661.197 883.488 -0.0123431
-11.2728 7.35397 319.045 -1076.97 -3789.27 0.0269557 11.0871 -6.89792 -319.045 -890.879 692.763 -0.0269557
-9.68855 8.172 318.982 -1208.17 -3154.41 0.0391666 9.36805 -7.83433 -318.982 -1001.93 515.659 -0.0391666
-7.69062 7.92654 319.09 -1190.73 -2408 0.0489095 7.2544 -7.77958 -319.09 -977.905 338.747 -0.0489095
-5.45716 6.56724 319.454 -1015.88 -1572.75 0.0562703 4.92003 -6.72434 -319.454 -819.342 136.099 -0.0562703
-3.25258 4.4273 319.786 -695.724 -723.699 0.0614944 2.74527 -4.60707 -319.786 -551.651 -106.304 -0.0614944
-0.764853 1.86215 320.384 -294.188 141.248 0.0649891 0.527214 -1.94241 -320.384 -231.063 -319.535 -0.0649891
2.3188 -0.652841 320.854 97.605 1065.81 0.0672837 -2.17877 0.587491 -320.854 73.7206 -442.827 -0.0672837
5.42627 -2.41374 320.825 375.705 1963.41 0.0689835 -4.80205 2.45405 -320.825 296.497 -547.334 -0.0689835
7.75678 -3.23443 320.934 511.517 2764.63 0.0707229 -7.11933 3.42295 -320.934 407.794 -705.009 -0.0707229
9.46714 -3.07886 321.193 497.86 3445.27 0.0730631 -8.92228 3.3612 -321.193 391.443 -898.814 -0.0730631
11.1599 -2.06032 320.948 354.437 4046.63 0.0764029 -10.5185 2.38834 -320.948 259.875 -1044.49 -0.0764029
12.8598 -0.759651 320.701 133.572 4582.42 0.0809138 -12.2925 0.602505 -320.701 54.5292 -1099.33 -0.0809138
14.2487 0.474798 320.436 -73.6991 5018.4 0.0864887 -13.9093 -1.04422 -320.436 -136.058 -1119.26 -0.0864887
15.0642 1.37224 320.065 -185.589 5306.26 0.0927644 -14.8554 -1.73419 -320.065 -243.375 -1163.12 -0.0927644
15.1666 1.52701 319.633 -196.145 5442.14 0.0991518 -15.3412 -1.74429 -319.633 -255.586 -1217.39 -0.0991518
14.865 0.980753 319.33 -123.285 5436.17 0.104878 -15.4783 -1.27603 -319.33 -188.352 -1234.12 -0.104878
14.5117 0.0956268 319.079 8.18676 5290.54 0.109128 -15.1803 -0.316865 -319.079 -65.1464 -1178.88 -0.109128
14.0637 -1.06637 318.913 167.471 5004.78 0.111166 -14.5546 0.750275 -318.913 83.3885 -1042.28 -0.111166
13.2469 -2.353 318.844 331.79 4571.19 0.110378 -13.6152 1.7434 -318.844 233.874 -852.499 -0.110378
11.7704 -3.48793 318.893 487.508 3969.3 0.106316 -12.1789 2.78113 -318.893 378.174 -654.459 -0.106316
9.5952 -4.5148 319.015 632.776 3187.13 0.0987933 -10.0368 3.76803 -319.015 510.98 -470.351 -0.0987933
6.8122 -5.39386 319.383 762.2 2228.25 0.087968 -7.34848 4.67256 -319.383 627.845 -269.121 -0.087968
3.83073 -5.93767 319.953 850.964 1148.75 0.0743157 -4.43195 5.42336 -319.953 717.864 -6.40776 -0.0743157
0.810364 -6.00542 320.512 866.445 6.50146 0.0584503 -1.45329 5.81816 -320.512 766.3 304.918 -0.0584503
-2.59071 -5.78715 321.504 821.959 -1198.32 0.0410151 1.86586 5.73088 -321.504 768.642 579.161 -0.0410151
-6.34448 -5.31003 321.805 732.888 -2433.08 0.0227811 5.59768 5.22999 -321.805 722.696 777.694 -0.0227811
-9.4667 -4.58497 321.429 608.178 -3520.5 0.00461533 8.72742 4.4207 -321.429 635.554 999.228 -0.00461533
-12.0254 -3.99457 321.698 481.361 -4470.06 -0.0127632 11.4033 3.36588 -321.698 535.2 1223.47 0.0127632
-14.3568 -3.31316 321.827 377.944 -5302.57 -0.0287889 13.808 2.7108 -321.827 454.08 1399.71 0.0287889
-16.551 -2.93681 321.342 322.604 -6018.4 -0.0428873 16.0372 2.36255 -321.342 409.371 1502.8 0.0428873
-18.6623 -3.08854 320.907 314.807 -6617.4 -0.0545053 17.9762 2.15078 -320.907 408.888 1540.95 0.0545053
-20.5228 -3.48011 320.791 363.963 -7085.8 -0.0631433 19.5221 2.51215 -320.791 463.714 1537.77 0.0631433
-21.8836 -4.18465 320.348 460.993 -7415.26 -0.0683247 20.7358 3.23224 -320.348 563.421 1510.92 0.0683247
-22.6524 -5.14215 319.801 583.652 -7597.66 -0.0696889 21.5712 4.0503 -319.801 685.959 1471.43 0.0696889
-22.8525 -6.11061 319.419 716.493 -7626.03 -0.067077 21.9201 4.99121 -319.419 816.791 1424.02 0.067077
-22.646 -6.97293 319.063 846.197 -7497.34 -0.0605384 21.682 5.97589 -319.063 942.141 1357.2 0.0605384
-21.9129 -7.59022 318.695 953.859 -7212.93 -0.0503551 21.0756 6.84592 -318.695 1039.86 1258.7 0.0503551
-20.6355 -7.81985 318.405 1009.68 -6767.43 -0.0370593 20.0172 7.34245 -318.405 1084.3 1137.12 0.0370593
-18.8024 -7.49058 318.262 987.871 -6149.51 -0.0214112 18.3098 7.27573 -318.262 1051.4 1009.88 0.0214112
-16.4791 -6.47971 318.246 869.408 -5365.9 -0.00434716 15.9923 6.48559 -318.246 921.139 869.246 0.00434716
-13.6777 -4.85151 318.478 647.986 -4422.81 0.0131131 13.1811 4.85124 -318.478 692.013 703.642 -0.0131131
-10.4457 -2.45411 318.859 322.167 -3329.84 0.0299902 10.0114 2.60004 -318.859 375.899 497.341 -0.0299902
-6.70398 0.591738 319.337 -94.7572 -2070 0.045474 6.29339 -0.176465 -319.337 -11.1738 270.389 -0.045474
-2.72175 4.09514 320.233 -582.917 -713.55 0.0590323 2.32163 -3.41437 -320.233 -453.898 15.14 -0.0590323
1.07217 7.77565 321.583 -1079.73 607.854 0.0704704 -1.44976 -6.72183 -321.583 -922.057 -258.693 -0.0704704
5.34571 11.2224 321.853 -1563.54 1969.69 0.0798598 -5.6989 -10.1619 -321.853 -1389.27 -440.955 -0.0798598
8.87176 13.9442 321.12 -1952.36 3139.56 0.0874042 -9.19805 -13.0967 -321.12 -1781.6 -638.176 -0.0874042
11.5859 15.401 321.579 -2157.5 4098.08 0.0934391 -11.8812 -14.812 -321.579 -2014.55 -849.014 -0.0934391
13.9761 15.1444 321.682 -2123.65 4902.34 0.0984017 -14.1865 -14.8911 -321.682 -2023.95 -1002.85 -0.0984017
15.9775 13.2552 321.034 -1838.22 5550.44 0.102593 -16.2947 -13.0036 -321.034 -1787.87 -1081.9 -0.102593
17.5293 9.90341 320.677 -1342.36 6022.78 0.106004 -17.8714 -9.51193 -320.677 -1338.73 -1121.1 -0.106004
18.4949 5.60848 320.534 -717.162 6300.32 0.108382 -18.7401 -5.07248 -320.534 -757.79 -1144.68 -0.108382
18.7213 1.06444 319.984 -71.7219 6373.53 0.109352 -18.9826 -0.537214 -319.984 -149.456 -1152.99 -0.109352
18.3641 -3.04512 319.398 507.605 6251.25 0.10844 -18.605 3.51856 -319.398 398.778 -1132.52 -0.10844
17.54 -6.06371 319.034 945.61 5950.97 0.105132 -17.7392 6.64157 -319.034 808.862 -1066.43 -0.105132
16.2323 -7.7157 318.656 1174.94 5478.64 0.0989853 -16.4258 8.15869 -318.656 1017.14 -957.359 -0.0989853
14.3439 -7.75197 318.354 1168.77 4826.43 0.0897361 -14.5233 7.97279 -318.354 1002.63 -830.327 -0.0897361
11.8401 -6.24714 318.334 943.525 3996.09 0.0774347 -11.9761 6.31339 -318.334 790.923 -699.485 -0.0774347
8.84571 -3.71014 318.684 556.427 2994.81 0.0625065 -8.8082 3.53797 -318.684 444.448 -551.402 -0.0625065
5.47738 -0.762044 319.19 93.6156 1841.66 0.0456837 -5.25775 0.300863 -319.19 53.1931 -356.068 -0.0456837
2.19176 2.00254 319.765 -337.459 631.832 0.0278636 -1.72742 -2.51046 -319.765 -285.633 -89.9464 -0.0278636
-0.755584 3.89287 320.757 -625.016 -514.494 0.00994736 1.45672 -4.22976 -320.757 -496.466 207.156 -0.00994736
-3.97581 4.37168 321.473 -703.013 -1633.78 -0.00722635 4.87586 -4.69453 -321.473 -548.752 407.275 0.00722635
-7.09784 3.68339 321.094 -598.755 -2644.11 -0.0228779 8.12067 -3.95653 -321.094 -456.064 536.351 0.0228779
-9.37018 2.14849 321.074 -369.898 -3422.26 -0.0364088 10.3073 -2.35804 -321.074 -252.245 696.92 0.0364088
-11.0595 -0.0120908 321.353 -70.9136 -4008.64 -0.0475059 11.735 -0.366041 -321.353 22.1941 851.345 0.0475059
-12.5093 -2.35361 321.096 260.478 -4451.63 -0.0560085 12.9062 1.92593 -321.096 330.64 931.286 0.0560085
-13.9314 -4.53945 320.692 576.694 -4773.91 -0.0617389 13.8578 4.19478 -320.692 629.577 925.072 0.0617389
-14.9269 -6.32712 320.485 830.997 -4970.65 -0.0644718 14.619 6.00764 -320.485 872.477 878.87 0.0644718
-15.2808 -7.46395 320.072 988.894 -5023.01 -0.0639779 14.8606 7.09904 -320.072 1022.27 848.93 0.0639779
-15.0876 -7.74821 319.535 1031.86 -4934.42 -0.0600896 14.4744 7.40527 -319.535 1060.84 840.582 0.0600896
-14.5047 -7.17078 319.221 955.101 -4735.62 -0.0527367 13.8388 6.87049 -319.221 984.011 810.55 0.0527367
-13.6107 -5.84486 318.973 768.97 -4437.35 -0.0419735 13.0806 5.54218 -318.973 803.612 741.238 0.0419735
-12.4148 -4.03243 318.718 505.219 -4022.1 -0.0280622 11.8847 3.62484 -318.718 552.314 657.328 0.0280622
-10.7108 -2.15071 318.57 218.781 -3485.84 -0.0115531 10.2524 1.48743 -318.57 283.753 583.028 0.0115531
-8.49421 -0.772141 318.74 -12.5953 -2828.82 0.00670992 8.16781 -0.34888 -318.74 71.1938 521.376 -0.00670992
-5.91318 -0.153107 318.993 -102.155 -2064.59 0.0256526 5.71248 -1.01825 -318.993 -17.1628 454.14 -0.0256526
-3.16399 -0.305898 319.369 -37.0398 -1229.4 0.044098 3.1538 -0.361524 -319.369 29.4979 353.542 -0.044098
-0.459203 -1.05 320.051 132.256 -390.781 0.0609417 0.796985 1.01946 -320.051 153.618 215.579 -0.0609417
2.43319 -2.27688 320.763 311.217 476.163 0.0752755 -1.77816 1.98727 -320.763 277.676 105.352 -0.0752755
5.35711 -2.96505 320.948 439.377 1355.48 0.0864432 -4.60272 2.83963 -320.948 362.207 21.5046 -0.0864432
7.78712 -2.41611 321.1 437.855 2164.74 0.0941395 -7.07183 3.28381 -321.1 349.252 -109.604 -0.0941395
9.433 -1.33876 321.224 265.589 2840.63 0.0984835 -8.81532 1.96704 -321.224 190.92 -315.87 -0.0984835
10.4941 0.638838 321.131 -40.146 3391.11 0.0999238 -10.2118 -0.284545 -321.131 -87.343 -525.543 -0.0999238
11.3665 3.09147 320.875 -393.198 3834.13 0.099053 -11.4493 -2.72704 -320.875 -410.249 -676.041 -0.099053
12.0875 5.01869 320.509 -704.759 4158.93 0.096471 -12.3855 -5.13725 -320.509 -697.639 -771.124 -0.096471
12.5169 5.83442 320.083 -872.359 4346.25 0.092705 -12.8058 -6.6668 -320.083 -853.898 -840.596 -0.092705
12.6761 5.54856 319.718 -818.4 4400.58 0.0881303 -12.728 -6.21889 -319.718 -806.533 -883.495 -0.0881303
12.8874 3.98623 319.436 -561.427 4353.27 0.0829179 -12.2512 -4.22753 -319.436 -572.783 -872.986 -0.0829179
13.1462 1.75735 319.29 -201.958 4240.54 0.0770556 -11.7401 -1.4829 -319.29 -245.473 -795.481 -0.0770556
13.2127 -0.345024 319.25 133.621 4076.21 0.0703951 -11.255 1.05068 -319.25 59.1138 -689.488 -0.0703951
12.6004 -1.46683 319.255 331.667 3848.02 0.0627346 -10.6617 2.66117 -319.255 238.362 -628.376 -0.0627346
11.4404 -1.47975 319.386 327.16 3553.1 0.0539698 -9.5982 2.60489 -319.386 236.886 -641.078 -0.0539698
9.93435 -0.257746 319.687 135.726 3217.05 0.0442049 -8.37411 1.22246 -319.687 68.687 -682.607 -0.0442049
8.3693 1.55884 320.014 -170.423 2863.4 0.0337521 -7.28802 -1.09549 -320.014 -196.077 -695.695 -0.0337521
6.60657 3.22104 320.152 -468.894 2478.79 0.0230859 -6.35096 -3.43804 -320.152 -450.594 -684.616 -0.0230859
4.6844 4.2194 320.23 -646.788 2027.18 0.0127914 -5.01944 -4.7691 -320.23 -594.346 -683.11 -0.0127914
2.82592 3.92578 320.337 -635.19 1514.28 0.00348564 -3.27103 -4.81317 -320.337 -571.473 -669.185 -0.00348564
1.483 2.46661 320.415 -430.376 1004.29 -0.00430617 -1.65821 -3.39796 -320.415 -379.364 -568.412 0.00430617
0.495464 -0.00785893 320.351 -70.4079 532.098 -0.0102926 -0.60789 -0.909908 -320.351 -54.0718 -378.787 0.0102926
-0.188677 -2.87328 320.168 363.656 77.1529 -0.0144743 0.53814 2.17315 -320.168 333.269 -177.73 0.0144743
-0.899307 -5.10778 320.113 749.453 -349.296 -0.0170911 1.68138 5.24141 -320.113 679.711 -8.35746 0.0170911
-1.91078 -6.47524 319.863 960.199 -741.979 -0.0185214 2.53384 6.81231 -319.863 874.717 126.002 0.0185214
-2.69629 -6.71221 319.683 956.545 -1090.38 -0.0191476 3.48539 6.60857 -319.683 882.973 233.755 0.0191476
-3.1846 -5.58377 319.584 791.268 -1361.56 -0.0192882 4.1438 5.55963 -319.584 747.596 345.951 0.0192882
-3.3586 -3.77216 319.542 526.396 -1534.61 -0.0192166 4.34923 3.81819 -319.542 521.854 466.126 0.0192166
-3.36153 -1.73828 319.628 220.745 -1626.63 -0.0190738 4.4204 1.72142 -319.628 257.128 547.629 0.0190738
-3.38325 0.339813 319.756 -74.7238 -1650.91 -0.0187543 4.4678 -0.200053 -319.756 0.32079 562.302 0.0187543
-3.43513 2.21139 319.893 -333.413 -1599.07 -0.0179758 4.30117 -1.83573 -319.893 -225.287 526.45 0.0179758
-3.17955 3.69747 320.056 -553.212 -1464.38 -0.0164007 3.9812 -3.33117 -320.056 -417.191 471.562 0.0164007
-2.58897 4.80195 320.266 -725.722 -1245.43 -0.0136988 3.35474 -4.57204 -320.266 -568.537 421.144 0.0136988
-1.68144 5.16981 320.429 -820.337 -952.81 -0.00963771 2.50236 -5.50169 -320.429 -653.092 372.141 0.00963771
-0.590385 4.60032 320.548 -777.509 -608.016 -0.00415088 1.58311 -5.53713 -320.548 -622.184 305.684 0.00415088
0.566108 3.31982 320.729 -566.555 -209.149 0.00269183 0.499475 -4.05112 -320.729 -451.139 217.013 -0.00269183
1.98114 0.887729 320.734 -214.086 247.662 0.0107096 -0.633441 -1.84651 -320.734 -163.375 113.01 -0.0107096
3.54761 -2.1948 320.692 240.541 770.781 0.0196013 -2.08413 1.04665 -320.692 207.118 7.57183 -0.0196013
5.03044 -5.45189 320.415 738.248 1314.81 0.0289954 -3.5938 4.38077 -320.415 619.53 -122.093 -0.0289954
6.41046 -8.56072 320.202 1210 1855.45 0.0385374 -4.97458 7.59936 -320.202 1021.49 -280.295 -0.0385374
7.70179 -11.1256 319.967 1592.34 2382.13 0.0479362 -6.29036 10.2281 -319.967 1356.32 -445.729 -0.0479362
8.96224 -12.5262 319.673 1826.4 2884.64 0.0569545 -7.58237 12.0714 -319.673 1570.2 -594.566 -0.0569545
10.2802 -12.5376 319.484 1850.93 3360.86 0.0653734 -8.81727 12.4806 -319.484 1603.76 -717.112 -0.0653734
11.5522 -11.1035 319.391 1646.68 3802.44 0.0729904 -9.96804 11.1625 -319.391 1427.98 -823.072 -0.0729904
12.596 -8.28172 319.436 1234.06 4200.23 0.0796288 -11.065 8.32553 -319.436 1059.2 -924.229 -0.0796288
13.4704 -4.46363 319.74 680.72 4537.86 0.0851049 -11.8937 4.48765 -319.74 555.349 -1025.77 -0.0851049
14.2097 -0.273445 319.996 65.2559 4823 0.0892073 -12.6041 0.150804 -319.996 -6.66891 -1109.93 -0.0892073
14.8515 3.57295 320.29 -509.122 5060.83 0.0917004 -13.3208 -3.99254 -320.29 -535.586 -1159.52 -0.0917004
15.4026 6.52614 320.614 -946.132 5241.77 0.09233 -13.9434 -7.16162 -320.614 -944.001 -1177.91 -0.09233
15.7474 8.16284 320.693 -1185.43 5354.25 0.0908731 -14.4126 -8.89575 -320.693 -1170.19 -1177.72 -0.0908731
15.7786 8.3025 320.584 -1204.54 5386.18 0.0872042 -14.6691 -9.03372 -320.584 -1189.41 -1169.86 -0.0872042
15.456 7.04706 320.45 -1015.14 5323.97 0.081323 -14.641 -7.63158 -320.45 -1011.82 -1156.27 -0.081323
14.8375 4.73524 320.221 -665.286 5156.57 0.0733704 -14.2703 -5.03301 -320.221 -683.598 -1125.91 -0.0733704
13.8989 1.86423 319.872 -229.277 4874.72 0.0636418 -13.6006 -1.81666 -319.872 -279.007 -1066.92 -0.0636418
12.6714 -1.05893 319.501 207.834 4471.17 0.0525624 -12.5751 1.32059 -319.501 120.751 -975.542 -0.0525624
11.2453 -3.63064 319.168 573.3 3944.94 0.0406285 -11.0994 3.8136 -319.168 454.66 -851.365 -0.0406285
9.46406 -5.59388 318.927 846.112 3298.7 0.028358 -9.31051 5.59784 -318.927 699.321 -699.703 -0.028358
7.2434 -6.82394 318.805 1018.9 2530.49 0.0162581 -7.18461 6.71674 -318.805 850.889 -533.457 -0.0162581
4.73467 -7.32619 318.955 1080.4 1654 0.00477292 -4.67125 7.07857 -318.955 908.699 -352.331 -0.00477292
2.18069 -7.09113 319.137 1022.35 738.435 -0.00579989 -2.14998 6.66708 -319.137 877.502 -139.578 0.00579989
-0.465647 -6.29774 319.484 874.73 -204.675 -0.0153368 0.442887 5.70678 -319.484 783.002 78.0476 0.0153368
-3.14707 -5.14465 320.254 686.3 -1145.23 -0.0238066 3.12458 4.54058 -320.254 651.21 276.033 0.0238066
-5.79868 -3.85285 320.487 483.51 -2060.06 -0.0311999 5.85908 3.24247 -320.487 496.394 445.229 0.0311999
-7.90424 -2.49949 320.449 278.096 -2834.74 -0.0375748 7.98462 1.89154 -320.449 328.394 633.866 0.0375748
-9.63038 -1.08414 320.984 80.5839 -3479.64 -0.0430385 9.65443 0.638789 -320.984 157.482 808.213 0.0430385
-11.2343 0.310991 321.35 -104.012 -4020.43 -0.0475675 11.1623 -0.488969 -321.35 -6.29769 917.933 0.0475675
-12.6488 1.48641 321.163 -265.725 -4456.93 -0.0509493 12.5405 -1.54565 -321.163 -152.811 967.764 0.0509493
-13.7223 2.21676 321.099 -378.869 -4768.89 -0.0528772 13.5034 -2.39002 -321.099 -257.119 997.763 0.0528772
-14.3079 2.40031 321.072 -409.728 -4945.54 -0.0529998 13.9869 -2.64869 -321.072 -287.326 1026.33 0.0529998
-14.4641 1.87064 320.624 -338.248 -4994.33 -0.0509549 14.0676 -2.18346 -320.624 -221.419 1042.27 0.0509549
-14.31 0.481782 320.098 -158.482 -4928.62 -0.0464163 13.8493 -1.05731 -320.098 -53.8871 1028.18 0.0464163
-13.7076 -1.62032 319.724 125.672 -4746.42 -0.0391454 13.4183 0.80308 -319.724 209.135 989.16 0.0391454
-12.7492 -4.16518 319.252 488.473 -4435.41 -0.0290547 12.4743 3.29151 -319.252 541.37 941.628 0.0290547
-11.3928 -6.76258 318.742 871.775 -4001.94 -0.0162419 11.1045 5.97883 -318.742 887.818 885.647 0.0162419
-9.79102 -8.99173 318.531 1207.71 -3468.18 -0.00098698 9.43828 8.31412 -318.531 1182.16 804.409 0.00098698
-8.12041 -10.4282 318.588 1434.89 -2849.47 0.0162821 7.4761 9.86214 -318.588 1367.07 688.772 -0.0162821
-6.23384 -10.8079 318.633 1510.03 -2165.64 0.0350448 5.45561 10.3172 -318.633 1407.17 545.981 -0.0350448
-4.23034 -10.1127 318.808 1421.96 -1438.92 0.0547104 3.28895 9.60164 -318.808 1300.42 396.639 -0.0547104
-2.1111 -8.40773 319.401 1188.85 -720.344 0.0746402 1.25521 7.96375 -319.401 1071.91 253.03 -0.0746402
0.0268854 -6.0527 320.019 858.135 -47.9321 0.0941923 -0.615934 5.68081 -320.019 762.169 135.659 -0.0941923
2.13375 -3.37061 320.259 474.336 600.725 0.112734 -2.64028 3.04622 -320.259 411.799 58.7714 -0.112734
3.89225 -0.599411 320.471 84.8298 1172.86 0.129652 -4.30659 0.449133 -320.471 60.0136 -39.2461 -0.129652
5.23704 2.05643 320.921 -285.303 1649.32 0.144357 -5.43842 -1.96566 -320.921 -270.038 -172.645 -0.144357
6.18404 4.32648 320.932 -608.069 2038.3 0.156264 -6.37331 -4.1227 -320.932 -558.592 -300.85 -0.156264
6.90338 6.11562 320.808 -862.652 2344.37 0.164811 -7.20794 -5.84609 -320.808 -789.045 -391.631 -0.164811
7.37509 7.25539 320.827 -1027.86 2553.48 0.169476 -7.76967 -7.00345 -320.827 -941.039 -457.527 -0.169476
7.55367 7.57448 320.635 -1083.75 2655.55 0.169765 -7.9297 -7.47301 -320.635 -994.06 -512.551 -0.169765
7.41525 7.08568 320.282 -1011.95 2655.21 0.16528 -7.78657 -6.98818 -320.282 -931.406 -551.033 -0.16528
7.08863 5.70643 320.054 -812.508 2564.26 0.155815 -7.38911 -5.63863 -320.054 -754.042 -560.233 -0.155815
6.55626 3.57207 319.849 -502.733 2387.92 0.141401 -6.79543 -3.54002 -319.849 -479.305 -539.767 -0.141401
5.70535 0.940809 319.572 -117.95 2122.62 0.12234 -5.99247 -0.918004 -319.572 -138.687 -503.394 -0.12234
4.46774 -1.87404 319.413 293.173 1766.45 0.0992524 -4.928 1.86895 -319.413 223.713 -465.809 -0.0992524
3.06944 -4.42461 319.417 668.564 1337.45 0.0730441 -3.56444 4.43233 -319.417 554.481 -419.029 -0.0730441
1.61714 -6.27035 319.463 938.656 866.394 0.0448445 -2.15215 6.30861 -319.463 798.351 -344.518 -0.0448445
0.063984 -7.07389 319.507 1054.41 350.513 0.0159353 -0.689618 7.17523 -319.507 913.237 -246.139 -0.0159353
-1.48891 -6.64327 319.759 984.705 -189.068 -0.0123633 0.842001 6.80904 -319.759 872.939 -133.629 0.0123633
-2.99108 -4.95335 320.143 735.45 -738.406 -0.0388156 2.43865 5.28323 -320.143 678.178 -13.3642 0.0388156
-4.52746 -2.17436 320.409 332.407 -1290.94 -0.0623177 4.01828 2.73029 -320.409 344.986 107.748 0.0623177
-5.83418 1.23048 320.558 -173.347 -1797.22 -0.0819581 5.38054 -0.655262 -320.558 -86.9018 244.39 0.0819581
-6.77991 4.85744 320.836 -709.765 -2228.06 -0.0971671 6.47508 -4.3121 -320.836 -556.269 392.467 0.0971671
-7.39304 8.23424 321.026 -1197.77 -2575.96 -0.107744 7.34288 -7.60395 -321.026 -989.119 534.953 0.107744
-7.90991 10.6504 320.996 -1562.84 -2845.33 -0.113715 7.94196 -10.2199 -320.996 -1318.92 649.483 0.113715
-8.35749 11.8423 320.896 -1746.07 -3045.16 -0.115249 8.42141 -11.5748 -320.896 -1487.37 720.772 0.115249
-8.71333 11.5776 320.753 -1711.47 -3175.95 -0.112636 8.77958 -11.3871 -320.753 -1459.51 752.653 0.112636
-8.8817 9.80365 320.497 -1461.63 -3226.94 -0.106227 8.90294 -9.73026 -320.497 -1235.59 763.252 0.106227
-8.81761 6.80302 320.228 -1028.3 -3193.26 -0.0964191 8.75816 -6.76276 -320.228 -844.803 758.511 0.0964191
-8.57881 2.99458 319.981 -471.854 -3083.51 -0.0836656 8.44001 -2.92043 -319.981 -344.778 725.952 0.0836656
-8.23221 -1.12062 319.737 126.083 -2903.39 -0.0684314 7.95906 1.16124 -319.737 189.16 660.582 0.0684314
-7.71973 -4.90413 319.581 680.017 -2651.49 -0.0511959 7.29028 4.93751 -319.581 679.123 572.421 0.0511959
-6.98162 -7.83968 319.422 1115.31 -2335.06 -0.0324935 6.43704 7.89657 -319.422 1057.78 476.468 0.0324935
-6.00093 -9.47127 319.308 1368.79 -1964.93 -0.0129061 5.41809 9.62985 -319.308 1268.93 383.277 0.0129061
-4.80569 -9.41587 319.357 1387.91 -1549.31 0.0069867 4.23816 9.83741 -319.357 1270.8 296.496 -0.0069867
-3.56107 -7.24769 319.417 1125.74 -1117.57 0.0266559 2.99465 8.34577 -319.417 1027.6 209.238 -0.0266559
-2.3313 -3.56935 319.657 572.627 -693.09 0.0456507 1.79938 4.47171 -319.657 537.834 120.545 -0.0456507
-1.14974 1.49177 319.959 -181.886 -290.252 0.0636205 0.644992 -0.714235 -319.959 -122.615 41.1857 -0.0636205
0.0663247 7.18559 320.256 -1004.64 99.2997 0.0803478 -0.51316 -6.18326 -320.256 -841.281 -19.6511 -0.0803478
1.33861 12.3352 320.655 -1766.15 470.946 0.095747 -1.58993 -11.4185 -320.655 -1513.78 -66.1218 -0.095747
2.59329 16.3916 320.87 -2353.72 828.218 0.109798 -2.6542 -15.4412 -320.87 -2041.82 -102.454 -0.109798
3.70172 18.8313 320.979 -2699.76 1158.15 0.122508 -3.67001 -17.8094 -320.979 -2359.72 -138.416 -0.122508
4.59689 19.4221 321.077 -2779.74 1440.63 0.133906 -4.49465 -18.3997 -321.077 -2442.85 -182.84 -0.133906
5.21821 18.2086 321.051 -2598.58 1675.42 0.143993 -5.23311 -17.2058 -321.051 -2291.58 -229.392 -0.143993
5.63826 15.2379 321.003 -2173.45 1852.8 0.152685 -5.785 -14.4279 -321.003 -1922.9 -272.215 -0.152685
5.90685 10.8828 320.947 -1540.7 1963.24 0.159816 -6.1003 -10.2062 -320.947 -1371.32 -301.837 -0.159816
5.916 5.62984 320.649 -776.03 1993.16 0.165137 -6.2308 -5.10907 -320.649 -706.808 -312.454 -0.165137
5.64439 0.106861 320.231 23.7648 1931.16 0.168304 -6.09535 0.190871 -320.231 -12.1276 -306.817 -0.168304
5.12448 -5.01221 319.974 765.934 1772.54 0.168919 -5.60834 5.10925 -319.974 631.713 -287.567 -0.168919
4.47751 -9.0696 319.651 1357.57 1534.46 0.166579 -4.851 9.06959 -319.651 1147.2 -243.913 -0.166579
3.75508 -11.6106 319.249 1724.77 1239.73 0.160887 -3.9797 11.5424 -319.249 1472.33 -169.93 -0.160887
2.86773 -12.3649 319.065 1831.04 890.309 0.151499 -2.96882 12.2827 -319.065 1572.44 -83.4111 -0.151499
1.80152 -11.332 319.071 1671.17 487.237 0.138205 -1.72331 11.2229 -319.071 1443.37 -0.394501 -0.138205
0.635442 -8.73665 319.145 1276.13 61.914 0.120972 -0.388572 8.58535 -319.145 1115.84 78.7419 -0.120972
-0.650731 -5.06158 319.495 721.317 -362.021 0.0999608 0.839473 4.91015 -319.495 655.725 154.654 -0.0999608
-1.95166 -1.02137 319.9 114.607 -772.484 0.0755449 2.07799 0.876691 -319.9 147.611 213.659 -0.0755449
-3.06605 2.8518 320.196 -450.842 -1148.76 0.0482822 3.36565 -2.82455 -320.196 -332.835 257.522 -0.0482822
-3.98871 6.1701 320.476 -919.707 -1458.91 0.0188552 4.33144 -5.83425 -320.476 -737.767 306.27 -0.0188552
-4.5799 8.67422 320.815 -1275.92 -1692.17 -0.0119312 5.08122 -8.15975 -320.815 -1048.45 353.866 0.0119312
-4.85861 10.4077 321.02 -1511.84 -1838.99 -0.0431292 5.6238 -9.64085 -321.02 -1256.42 386.95 0.0431292
-4.9763 11.3992 321.039 -1638.98 -1893.69 -0.073695 5.84147 -10.3879 -321.039 -1369.34 395.217 0.073695
-4.90385 11.5841 321.021 -1671.48 -1854.54 -0.102555 5.81429 -10.6447 -321.021 -1397.83 369.943 0.102555
-4.55431 11.2149 320.923 -1613.33 -1716.22 -0.128612 5.55503 -10.215 -320.923 -1345.68 316.025 0.128612
-3.92143 10.3174 320.697 -1474.39 -1470.42 -0.150758 4.91633 -9.22126 -320.697 -1223.46 246.375 0.150758
-3.08627 8.99842 320.477 -1276.97 -1129.43 -0.167954 3.94511 -7.8796 -320.477 -1053.49 155.59 0.167954
-2.11458 7.52255 320.201 -1052.31 -719.665 -0.179324 2.82318 -6.35374 -320.201 -863.653 35.8634 0.179324
-1.0569 6.07769 320.14 -828.917 -255.805 -0.18419 1.54187 -4.8593 -320.14 -681.19 -103.944 0.18419
0.180196 4.89761 319.999 -642.006 250.641 -0.182052 0.12019 -3.63185 -319.999 -535.678 -242.109 0.182052
1.62039 4.14705 319.917 -520.318 794.985 -0.172596 -1.50889 -2.87711 -319.917 -449.534 -361.492 0.172596
3.03728 3.76891 319.893 -477.294 1326.42 -0.155803 -3.10753 -2.79524 -319.893 -429.058 -475.425 0.155803
4.32009 3.62998 319.917 -482.914 1811.06 -0.132015 -4.55802 -3.09488 -319.917 -445.644 -581.61 0.132015
5.44444 3.6151 319.95 -488.494 2230.43 -0.101894 -5.87293 -3.25623 -319.95 -460.3 -663.267 0.101894
6.37478 3.52551 320.075 -474.394 2560.07 -0.0663724 -6.95774 -3.20407 -320.075 -454.836 -713.943 0.0663724
7.09881 3.30145 320.14 -444.805 2790.64 -0.0266263 -7.76876 -3.05774 -320.14 -433.283 -732.078 0.0266263
7.67161 3.08847 320.223 -409.622 2914.61 0.0159614 -8.20944 -2.81427 -320.223 -405.439 -715.89 -0.0159614
8.07096 2.88032 320.299 -381.552 2940.76 0.0598458 -8.43522 -2.64545 -320.299 -381.456 -655.778 -0.0598458
8.15294 2.77153 320.309 -365.535 2866.29 0.103382 -8.48377 -2.52666 -320.309 -366.044 -563.582 -0.103382
7.88687 2.56856 320.262 -351.619 2678.23 0.144888 -8.0975 -2.521 -320.262 -351.146 -466.124 -0.144888
7.22674 2.00423 320.15 -305.348 2383.79 0.182698 -7.36851 -2.41501 -320.15 -304.85 -364.217 -0.182698
6.18314 1.12997 320.049 -181.806 1989.95 0.2152 -6.41614 -1.55937 -320.049 -189.51 -246.895 -0.2152
4.94385 -0.277935 319.885 25.9038 1510.19 0.240925 -5.18661 -0.102343 -319.885 -1.60983 -109.118 -0.240925
3.50749 -2.10706 319.804 285.342 963.231 0.2587 -3.76057 1.65976 -319.804 234.856 41.3728 -0.2587
1.79375 -4.07087 319.791 560.607 355.874 0.267776 -2.12675 3.54835 -319.791 491.566 185.159 -0.267776
-0.108896 -5.65784 319.856 809.982 -292.268 0.267847 -0.261991 5.49257 -319.856 729.815 311.688 -0.267847
-1.87858 -6.69522 319.964 967.132 -959.037 0.259006 1.87122 6.74267 -319.964 888.553 438.111 -0.259006
-3.51683 -6.86165 320.007 982.869 -1605.86 0.241674 3.85115 6.94409 -320.007 923.63 583.953 -0.241674
-4.80651 -5.7421 319.904 839.774 -2162.07 0.216648 5.40282 6.23109 -319.904 813.691 746.545 -0.216648
-5.96212 -3.46332 320.091 526.291 -2624.54 0.185131 6.73084 4.30515 -320.091 546.574 864.988 -0.185131
-7.09437 -0.132821 320.333 56.4298 -2995.69 0.148568 7.98935 1.23014 -320.333 131.926 905.215 -0.148568
-8.00589 3.8208 320.434 -520.621 -3243.53 0.108538 8.90221 -2.74077 -320.434 -385.296 900.633 -0.108538
-8.62184 7.85447 320.539 -1116.63 -3357.57 0.0667708 9.27575 -6.92066 -320.539 -923.473 877.82 -0.0667708
-8.85475 11.1835 320.773 -1621.92 -3349.93 0.0250595 9.35211 -10.5652 -320.773 -1381.15 827.56 -0.0250595
-8.81843 13.1519 320.85 -1933.88 -3233.22 -0.0148627 9.17786 -12.8825 -320.85 -1660.99 740.292 0.0148627
-8.59475 13.3796 320.667 -1982.48 -3018.7 -0.0513798 8.70686 -13.2818 -320.667 -1698.97 622.333 0.0513798
-7.90523 11.7494 320.547 -1750.29 -2705.7 -0.0830542 8.05687 -11.6731 -320.547 -1483.88 495.157 0.0830542
-6.84308 8.62279 320.49 -1285.74 -2283.14 -0.108685 6.95757 -8.39557 -320.49 -1064.1 372.092 0.108685
-5.46343 4.62515 320.266 -682.354 -1753.86 -0.127389 5.43174 -4.17294 -320.266 -532.384 245.195 0.127389
-3.93083 0.451371 320.044 -60.9127 -1156.46 -0.138705 3.80022 0.0225442 -320.044 1.83476 86.0238 0.138705
-2.3892 -3.21183 319.97 484.39 -530.351 -0.142641 2.13104 3.59109 -319.97 455.097 -95.3424 0.142641
-0.678478 -5.90527 319.956 881.124 104.783 -0.139585 0.424477 6.07155 -319.956 772.765 -257.204 0.139585
1.26928 -7.25154 319.756 1088.23 757.955 -0.130198 -1.5143 7.38249 -319.756 932.556 -372.373 0.130198
3.11275 -7.26361 319.577 1098.93 1363.57 -0.115417 -3.30906 7.42402 -319.577 929.238 -474.332 0.115417
4.75556 -6.14756 319.658 929.167 1916.31 -0.0963844 -4.94554 6.20901 -319.658 777.113 -573.09 0.0963844
6.17316 -4.091 319.744 629.993 2395.33 -0.074297 -6.34798 4.1957 -319.744 514.302 -661.685 0.074297
7.30324 -1.51147 319.783 257.183 2780.39 -0.0503521 -7.5086 1.6817 -319.783 183.768 -729.584 0.0503521
8.22192 1.21709 319.898 -145.174 3070.37 -0.0257245 -8.43451 -1.10265 -319.898 -175.129 -764.216 0.0257245
8.89381 3.79181 320.13 -523.641 3258.87 -0.00150093 -9.10052 -3.73039 -320.13 -515.054 -767.566 0.00150093
9.25733 5.73223 320.265 -828.117 3341.19 0.0213601 -9.48487 -5.96902 -320.265 -787.648 -746.467 -0.0213601
9.27596 6.54431 320.34 -988.779 3312.02 0.0420735 -9.51768 -7.34652 -320.34 -929.333 -710.295 -0.0420735
8.92216 6.12139 320.386 -942.645 3170.93 0.0600511 -9.19842 -7.10717 -320.386 -884.013 -662.513 -0.0600511
8.13812 4.45652 320.333 -683.084 2917.39 0.0748766 -8.59518 -5.18268 -320.333 -647.926 -601.155 -0.0748766
7.02553 1.56272 320.216 -263.369 2543.88 0.0862865 -7.58174 -2.3128 -320.216 -271.755 -522.077 -0.0862865
5.60696 -1.94524 320.023 248.494 2052.45 0.0941769 -6.22428 1.17262 -320.023 182.067 -415.074 -0.0941769
3.97606 -5.5143 319.88 780.473 1461.62 0.0986058 -4.61252 4.84232 -319.88 649.649 -273.303 -0.0986058
2.28539 -8.65099 319.729 1241.5 810.763 0.0997754 -2.83463 8.02829 -319.729 1061.7 -102.874 -0.0997754
0.326178 -10.9315 319.538 1570.24 93.5724 0.097991 -0.808869 10.3443 -319.538 1367.68 62.4809 -0.097991
-1.73236 -12.1854 319.601 1728.29 -651.008 0.0936331 1.37473 11.4535 -319.601 1535.98 219.667 -0.0936331
-3.85701 -12.3551 319.785 1733.11 -1420.86 0.087179 3.75225 11.5728 -319.785 1571.1 366.259 -0.087179
-5.59027 -11.4941 319.549 1595.75 -2114.35 0.0791934 5.76721 10.7846 -319.549 1480.77 540.661 -0.0791934
-6.95305 -9.91902 319.519 1354.86 -2691.23 0.0702469 7.25752 9.23015 -319.519 1289.53 722.192 -0.0702469
-8.21638 -7.80126 319.879 1042.86 -3175.04 0.0608631 8.58161 7.16562 -319.879 1024.02 847.553 -0.0608631
-9.40316 -5.39415 320.083 694.933 -3558.77 0.051519 9.77911 4.83008 -320.083 717.061 901.165 -0.051519
-10.3152 -2.83664 320.08 335.821 -3822.12 0.0426627 10.6273 2.44669 -320.08 393.897 920.859 -0.0426627
-10.7926 -0.380619 320.276 -13.922 -3956.61 0.034757 11.0166 0.0673512 -320.276 75.9355 935.363 -0.034757
-10.828 1.83215 320.547 -328.706 -3964.19 0.0282575 10.9802 -2.07794 -320.547 -211.076 943.04 -0.0282575
-10.5795 3.57474 320.564 -576.942 -3861 0.0235216 10.6509 -3.77323 -320.564 -437.569 919.9 -0.0235216
-10.1213 4.65053 320.514 -730.426 -3659.74 0.0207922 10.1304 -4.81541 -320.514 -576.548 854.335 -0.0207922
-9.40893 4.95294 320.503 -770.239 -3358.73 0.0202464 9.34475 -5.0499 -320.503 -610.871 760.965 -0.0202464
-8.37077 4.40791 320.314 -687.92 -2957.24 0.0219891 8.23079 -4.45535 -320.314 -535.824 657.654 -0.0219891
-6.94171 3.11363 320.038 -493.926 -2456.9 0.025991 6.7793 -3.09594 -320.038 -363.376 556.228 -0.025991
-5.2158 1.22272 319.869 -211.453 -1868.71 0.0320361 5.05406 -1.17106 -319.869 -118.946 445.86 -0.0320361
-3.30273 -0.943342 319.686 114.483 -1220.87 0.0397259 3.26799 1.02306 -319.686 157.184 310.171 -0.0397259
-1.44192 -3.0229 319.575 438.754 -554.076 0.0485377 1.44102 3.19243 -319.575 419.6 154.025 -0.0485377
0.445483 -4.55372 319.668 688.225 113.22 0.0578701 -0.437702 4.84376 -319.668 609.503 8.21475 -0.0578701
2.51181 -5.15338 319.73 794.321 792.901 0.0670695 -2.42626 5.52337 -319.73 680.028 -110.161 -0.0670695
4.31122 -4.55706 319.658 722.929 1417.03 0.0754672 -4.20446 5.05116 -319.658 603.855 -238.937 -0.0754672
5.74949 -2.74094 319.978 470.759 1979.11 0.0824194 -5.78183 3.40859 -319.978 378.43 -383.36 -0.0824194
6.89686 -0.189689 320.273 82.4343 2450.82 0.087362 -6.97254 0.657687 -320.273 34.606 -531.105 -0.087362
7.96689 2.69672 320.43 -358.605 2833.49 0.0898528 -7.86637 -2.50061 -320.43 -359.044 -641.656 -0.0898528
8.87313 5.43984 320.655 -760.314 3139.1 0.0895456 -8.78 -5.29571 -320.655 -722.094 -695.247 -0.0895456
9.51337 7.55175 320.762 -1061.2 3354.4 0.0861623 -9.47606 -7.34946 -320.762 -996.429 -725.519 -0.0861623
9.67087 8.63673 320.683 -1225.7 3458.04 0.0795315 -9.76073 -8.54534 -320.683 -1146.89 -767.81 -0.0795315
9.28996 8.74283 320.587 -1236.98 3445.68 0.0696393 -9.70198 -8.59389 -320.587 -1156.97 -816.101 -0.0696393
8.57993 7.67953 320.426 -1097.37 3320.13 0.0566513 -9.32738 -7.71823 -320.426 -1028.83 -840.544 -0.0566513
7.74303 5.56857 320.129 -814.857 3084.29 0.040885 -8.64383 -5.91572 -320.129 -770.94 -815.193 -0.040885
6.79664 2.70839 319.847 -405.21 2736.03 0.0227762 -7.66757 -3.12938 -319.847 -400.875 -733.26 -0.0227762
5.55953 -0.925965 319.648 100.584 2264.21 0.00288784 -6.3919 0.162013 -319.648 49.6774 -609.531 -0.00288784
3.90801 -4.7938 319.453 659.187 1665.25 -0.0180769 -4.73235 3.9031 -319.453 541.75 -469.095 0.0180769
2.08572 -8.32706 319.347 1188.08 987.591 -0.0392977 -2.79476 7.59863 -319.347 1011.05 -312.117 0.0392977
0.0594507 -11.2415 319.321 1604.34 246.383 -0.0598846 -0.678129 10.4492 -319.321 1390.86 -144.601 0.0598846
-1.98343 -12.9987 319.473 1842.53 -512.64 -0.0789072 1.45908 12.1436 -319.473 1629.32 35.5173 0.0789072
-4.15884 -13.5773 319.741 1906.57 -1305.7 -0.0954031 3.76643 12.6621 -319.741 1716.81 207.909 0.0954031
-6.19533 -12.9683 319.814 1795.43 -2057.42 -0.108437 5.87912 12.0065 -319.814 1653.37 385.065 0.108437
-7.90046 -11.4684 319.784 1556.77 -2712.28 -0.117248 7.59489 10.4461 -319.784 1469.47 566.031 0.117248
-9.34023 -9.35183 320.145 1235.95 -3278.06 -0.121327 9.13273 8.29355 -320.145 1200.82 719.277 0.121327
-10.5355 -6.83823 320.498 879.323 -3740.6 -0.120293 10.4246 5.96067 -320.498 888.212 837.201 0.120293
-11.5589 -4.32261 320.463 518.598 -4095.9 -0.113846 11.3263 3.5177 -320.463 564.217 925.778 0.113846
-12.2917 -1.99347 320.549 188.186 -4348.85 -0.101858 11.9922 1.27467 -320.549 263.267 984.915 0.101858
-12.7215 -0.149494 320.733 -76.4258 -4499.01 -0.0843876 12.4135 -0.551349 -320.733 21.095 1017.16 0.0843876
-12.7899 1.0258 320.579 -243.815 -4539.24 -0.0616631 12.5237 -1.70349 -320.579 -132.91 1032.61 0.0616631
-12.4336 1.37065 320.301 -295.491 -4465.95 -0.0341305 12.3354 -2.07686 -320.301 -180.411 1034.7 0.0341305
-11.8227 0.886868 320.121 -226.296 -4281.75 -0.00245815 11.7659 -1.60424 -320.121 -117.54 1013.93 0.00245815
-10.9303 -0.317013 319.835 -46.7863 -3990.55 0.0324826 10.9495 -0.33336 -319.835 44.685 959.433 -0.0324826
-9.72799 -2.01358 319.453 211.749 -3589.87 0.0695822 9.86898 1.51899 -319.453 276.207 874.993 -0.0695822
-8.19743 -3.93099 319.191 503.4 -3072.79 0.107487 8.38357 3.57416 -319.191 533.112 775.601 -0.107487
-6.37189 -5.74028 319.131 782.585 -2439.13 0.144667 6.4698 5.49578 -319.131 769.101 659.71 -0.144667
-4.24409 -7.15129 319.042 1002.41 -1706.47 0.179496 4.32005 6.9366 -319.042 943.049 519.27 -0.179496
-1.99211 -7.86926 319.185 1127.22 -914.051 0.210391 2.0907 7.72168 -319.185 1025.76 347.312 -0.210391
0.186397 -7.84231 319.768 1133.59 -126.91 0.235982 -0.0710844 7.62278 -319.768 1001.98 161.222 -0.235982
2.64081 -6.9491 320.062 1016.73 679.858 0.255115 -2.40707 6.74457 -320.062 874.211 17.6206 -0.255115
5.0187 -5.28478 320.128 784.522 1459.19 0.26681 -4.73935 5.14334 -320.128 655.48 -109.682 -0.26681
7.15147 -3.06845 320.57 461.717 2181.29 0.270495 -6.78491 2.93879 -320.57 367.826 -253.287 -0.270495
8.88953 -0.615775 320.833 105.632 2798.03 0.266135 -8.28218 0.503971 -320.833 49.0158 -421.835 -0.266135
10.2487 1.7891 320.838 -239.529 3319.83 0.253991 -9.64496 -1.86788 -320.838 -265.43 -566.485 -0.253991
11.3131 3.87514 320.905 -538.17 3752.59 0.234469 -10.9339 -3.9371 -320.905 -540.583 -673.205 -0.234469
12.1067 5.39011 320.857 -756.398 4074.51 0.208146 -11.7778 -5.47498 -320.857 -743.922 -768.154 -0.208146
12.5016 6.10576 320.558 -864.563 4278.76 0.175807 -12.2017 -6.2879 -320.558 -846.839 -858.735 -0.175807
12.6567 5.84858 320.326 -838.269 4376.79 0.138384 -12.2897 -6.19868 -320.326 -825.3 -922.885 -0.138384
12.5997 4.58876 320.104 -663.997 4378.1 0.0968472 -12.1772 -5.05311 -320.104 -667.418 -947.556 -0.0968472
12.2188 2.44824 319.73 -353.346 4278.5 0.0522061 -11.8463 -2.89318 -319.73 -384.229 -946.49 -0.0522061
11.4459 -0.305911 319.389 50.0691 4068.38 0.00562769 -11.1364 -0.0635681 -319.389 -16.598 -941.599 -0.00562769
10.2457 -3.20824 319.181 479.775 3747.18 -0.0415361 -10.0609 2.96125 -319.181 372.156 -935.316 0.0415361
8.70508 -5.65288 318.963 855.199 3323.91 -0.0878324 -8.68919 5.6717 -318.963 708.577 -915.103 0.0878324
6.99028 -7.17337 318.84 1091.47 2810.98 -0.131749 -7.0821 7.37938 -318.84 918.066 -861.984 0.131749
5.12029 -7.48327 318.956 1134.91 2217.53 -0.171735 -5.32457 7.6412 -318.956 953.569 -770.703 0.171735
3.13123 -6.32895 319.146 961.599 1555.01 -0.206286 -3.39811 6.48118 -319.146 807.309 -650.246 0.206286
1.06025 -4.02044 319.42 601.631 846.862 -0.234072 -1.34089 4.03888 -319.42 511.289 -513.623 0.234072
-0.99113 -0.89721 319.817 121.406 116.141 -0.254056 0.792097 0.883302 -319.817 124.549 -362.21 0.254056
-2.72185 2.35755 320.519 -371.619 -568.872 -0.26554 2.67206 -2.35073 -320.519 -278.397 -177.304 0.26554
-4.10912 5.12904 320.835 -795.544 -1196.45 -0.268149 4.37896 -5.22143 -320.835 -633.556 21.5614 0.268149
-5.35546 6.99504 320.725 -1078.56 -1748.96 -0.26177 5.72848 -7.17391 -320.725 -877.814 214.316 0.26177
-6.46154 7.66142 320.984 -1179.53 -2211.02 -0.246598 6.77165 -7.90548 -320.984 -969.884 378.486 0.246598
-7.27707 7.02352 321.051 -1085.72 -2573.01 -0.223202 7.62057 -7.29217 -321.051 -890.928 509.731 0.223202
-7.79973 5.23526 320.723 -819.104 -2828.73 -0.19236 8.14994 -5.44228 -320.723 -655.166 619.492 0.19236
-8.00139 2.6145 320.499 -428.805 -2978.42 -0.154875 8.31287 -2.70866 -320.499 -306.098 718.374 0.154875
-7.84587 -0.291524 320.36 11.9208 -3029.82 -0.111632 8.26195 0.435984 -320.36 88.6919 798.049 0.111632
-7.4691 -3.12392 320.051 421.543 -2984.48 -0.0637077 7.94998 3.22937 -320.051 455.915 847.813 0.0637077
-6.97282 -5.39758 319.694 746.399 -2851.53 -0.0122863 7.40516 5.40892 -319.694 745.985 858.861 0.0122863
-6.32029 -6.76218 319.522 953.933 -2637.22 0.0414525 6.69789 6.85948 -319.522 927.179 832.77 -0.0414525
-5.5478 -7.20026 319.377 1020.45 -2347.43 0.0961925 5.75836 7.27063 -319.377 977.914 780.019 -0.0961925
-4.6509 -6.62861 319.242 937.955 -1995.5 0.150311 4.6407 6.6436 -319.242 894.881 707.05 -0.150311
-3.64073 -5.18419 319.338 726.693 -1596 0.201991 3.41747 5.14308 -319.338 699.481 616.821 -0.201991
-2.6673 -3.15166 319.524 427.698 -1179.64 0.249438 2.15672 3.0555 -319.524 429.544 509.884 -0.249438
-1.6798 -0.868921 319.731 91.1959 -779.797 0.290983 1.09527 0.731381 -319.731 129.907 393.88 -0.290983
-0.648058 1.26031 319.938 -223.475 -405.987 0.325109 0.155799 -1.45659 -319.938 -151.568 293.13 -0.325109
0.264743 2.87023 320.218 -467.905 -57.9757 0.350487 -0.865733 -3.21096 -320.218 -371.699 213.008 -0.350487
1.11928 3.73819 320.467 -595.351 247.001 0.366 -1.60559 -4.13551 -320.467 -491.782 128.899 -0.366
1.76995 3.74096 320.566 -587.05 509.925 0.370884 -2.18381 -4.09825 -320.566 -495.331 36.2773 -0.370884
2.21123 2.82669 320.591 -450.98 724.11 0.364859 -2.61529 -3.23996 -320.591 -386.648 -56.8763 -0.364859
2.50761 1.25021 320.601 -209.698 892.029 0.348084 -2.94545 -1.61675 -320.601 -186.114 -137.876 -0.348084
2.60139 -0.839533 320.463 98.0463 1005.82 0.321089 -3.17871 0.401123 -320.463 73.3307 -206.223 -0.321089
2.51232 -3.14953 320.23 432.78 1056.16 0.284795 -3.20328 2.58276 -320.23 358.815 -265.297 -0.284795
2.23795 -5.48606 319.999 763.39 1040.38 0.24048 -3.02925 4.70351 -319.999 643.679 -311.412 -0.24048
1.82487 -7.60097 319.732 1066.55 963.398 0.189663 -2.71307 6.69372 -319.732 907.375 -335.248 -0.189663
1.34786 -9.2704 319.482 1314.15 826.827 0.133998 -2.22712 8.38968 -319.482 1124.48 -331.911 -0.133998
0.916131 -10.3588 319.331 1472.22 642.326 0.0752416 -1.59947 9.4722 -319.331 1266.18 -294.094 -0.0752416
0.435163 -10.7667 319.246 1522.89 421.305 0.0152227 -0.989924 9.79478 -319.246 1316.38 -224.163 -0.0152227
-0.0501871 -10.0351 319.227 1449.75 171.156 -0.0442231 -0.261427 9.5943 -319.227 1260.82 -142.199 0.0442231
-0.653588 -8.39849 319.381 1221.97 -95.6976 -0.101285 0.491731 8.23532 -319.381 1074.98 -63.2599 0.101285
-1.3892 -6.04068 319.63 851.121 -372.023 -0.154163 1.23857 5.67856 -319.63 767.225 7.77654 0.154163
-2.05324 -2.92582 319.907 398.35 -638.103 -0.201128 2.00133 2.76191 -319.907 387.157 76.2732 0.201128
-2.63048 0.261213 320.216 -73.9076 -880.149 -0.240636 2.65606 -0.365767 -320.216 -12.5351 147.679 0.240636
-3.10016 3.02046 320.467 -497.731 -1084.49 -0.271391 3.15323 -3.29683 -320.467 -374.447 218.052 0.271391
-3.44358 5.13054 320.645 -805.934 -1247.93 -0.292397 3.58673 -5.34501 -320.645 -640.432 273.828 0.292397
-3.53861 6.17539 320.73 -960.397 -1361.14 -0.303017 3.9964 -6.38787 -320.73 -774.25 317.077 0.303017
-3.48972 6.04445 320.742 -946.232 -1405.07 -0.302984 4.05311 -6.32533 -320.742 -761.699 359.772 0.302984
-3.3331 4.85825 320.669 -770.088 -1382.19 -0.292412 3.85107 -5.12823 -320.669 -608.746 386.419 0.292412
-3.09744 2.83505 320.526 -467.236 -1306.26 -0.271801 3.62407 -3.05726 -320.526 -346.257 374.524 0.271801
-2.75197 0.30015 320.322 -90.756 -1173.96 -0.241968 3.29824 -0.517696 -320.322 -22.0366 335.209 0.241968
-2.19552 -2.3326 320.075 300.776 -976.433 -0.203993 2.73491 2.10222 -320.075 311.733 292.71 0.203993
-1.48293 -4.73492 319.839 654.637 -728.138 -0.159192 1.9965 4.41981 -319.839 609.606 245.271 0.159192
-0.763098 -6.62964 319.659 933.394 -449.622 -0.109043 1.1928 6.21418 -319.659 840.239 177.719 0.109043
-0.145425 -7.78961 319.508 1113.29 -162.579 -0.0551122 0.409786 7.40007 -319.508 984.255 84.7487 0.0551122
0.526488 -8.10486 319.387 1174.05 131.172 0.000956568 -0.309816 7.81969 -319.387 1024.96 -16.1643 -0.000956568
1.32706 -7.43778 319.404 1094.27 435.116 0.0574599 -1.07956 7.34428 -319.404 946.965 -102.589 -0.0574599
2.12404 -5.77954 319.512 867.756 737.75 0.112674 -1.97055 5.89231 -319.512 743.998 -171.481 -0.112674
2.81332 -3.35575 319.678 510.85 1012.22 0.164878 -2.75585 3.45178 -319.678 429.217 -241.7 -0.164878
3.39582 -0.382458 319.953 67.7622 1252.2 0.2124 -3.36569 0.413925 -319.953 42.2583 -316.464 -0.2124
3.86302 2.59511 320.257 -385.445 1454.04 0.253682 -3.86124 -2.7513 -320.257 -352.758 -384.878 -0.253682
4.30936 5.08141 320.459 -762.451 1619.96 0.287355 -4.2785 -5.391 -320.459 -683.575 -431.155 -0.287355
4.75911 6.78376 320.6 -1003.28 1752.81 0.31229 -4.65857 -6.97071 -320.6 -895.949 -449.138 -0.31229
5.13835 7.4294 320.692 -1085.22 1845.73 0.327656 -4.94727 -7.45279 -320.692 -969.728 -449.659 -0.327656
5.26906 7.02968 320.652 -1019.5 1890.54 0.332981 -5.13904 -6.97572 -320.652 -914.379 -449.862 -0.332981
5.17843 5.82934 320.515 -834.261 1880.07 0.328204 -5.10448 -5.67141 -320.515 -753.767 -456.704 -0.328204
4.97983 4.06164 320.343 -569.624 1821.74 0.313657 -4.91604 -3.85203 -320.343 -523.085 -451.938 -0.313657
4.76969 2.03152 320.131 -270.13 1726.14 0.290023 -4.70996 -1.81835 -320.131 -261.43 -414.058 -0.290023
4.55974 0.0149071 319.893 24.7267 1593.1 0.258282 -4.44566 0.162503 -319.893 -4.30059 -346.856 -0.258282
4.36667 -1.7151 319.659 278.295 1423.38 0.219653 -3.98703 1.87573 -319.659 217.588 -267.566 -0.219653
4.15222 -2.8967 319.533 459.323 1230.56 0.175554 -3.43195 3.16003 -319.533 377.063 -181.498 -0.175554
3.88661 -3.42846 319.496 539.407 1034.74 0.127536 -2.93794 3.74514 -319.496 451.206 -91.064 -0.127536
3.46075 -3.25615 319.463 510.817 840.315 0.0772145 -2.51289 3.57755 -319.463 432.867 -14.6059 -0.0772145
2.89033 -2.41383 319.524 383.39 644.819 0.026217 -1.99613 2.75573 -319.524 330.513 30.3609 -0.026217
2.25241 -1.15828 319.702 184.116 458.554 -0.0238494 -1.46008 1.38178 -319.702 166.708 54.1688 0.0238494
1.65302 0.273318 319.921 -45.6364 293.452 -0.0714399 -1.03235 -0.228401 -319.921 -23.5516 77.1325 0.0714399
1.1141 1.5745 320.142 -257.075 148.566 -0.115108 -0.700465 -1.7279 -320.142 -198.832 101.495 0.115108
0.83897 2.64173 320.365 -412.405 25.9124 -0.153521 -0.263826 -2.71948 -320.365 -327.785 125.613 0.153521
0.589258 3.39762 320.561 -507.391 -69.9156 -0.185498 -0.0176619 -3.22376 -320.561 -406.806 152.753 0.185498
0.313505 3.77547 320.657 -558.988 -145.101 -0.210065 0.13798 -3.52654 -320.657 -449.19 168.21 0.210065
0.0568092 3.95686 320.69 -577.973 -206.435 -0.226455 0.399111 -3.59095 -320.69 -464.145 157.944 0.226455
-0.17438 3.94704 320.656 -571.165 -247.005 -0.234088 0.625281 -3.50331 -320.656 -457.491 135.32 0.234088
-0.276513 3.6696 320.526 -538.737 -255.658 -0.232663 0.698189 -3.34395 -320.526 -429.606 119.81 0.232663
-0.246636 3.15911 320.335 -470.975 -233.48 -0.222238 0.65163 -2.94745 -320.335 -372.127 108.243 0.222238
-0.204143 2.44889 320.14 -362.678 -190.35 -0.20321 0.560339 -2.21039 -320.14 -280.581 83.6994 0.20321
-0.235283 1.48697 319.953 -223.575 -134.085 -0.176287 0.451294 -1.31563 -319.953 -163.309 38.3585 0.176287
-0.223245 0.49234 319.808 -72.4752 -66.3647 -0.142462 0.372776 -0.29335 -319.808 -35.911 -16.6549 0.142462
-0.060165 -0.314766 319.734 62.519 20.4649 -0.103006 0.21171 0.691842 -319.734 76.5766 -58.5117 0.103006
0.182873 -0.769181 319.705 140.296 122.267 -0.0594432 -0.0953803 1.25783 -319.705 139.696 -84.1335 0.0594432
0.432418 -0.675348 319.759 131.313 223.872 -0.0134862 -0.387921 1.20945 -319.759 129.038 -110.664 0.0134862
0.666335 0.0212466 319.89 29.2098 315.168 0.0330812 -0.56072 0.509798 -319.89 38.3392 -145.573 -0.0330812
0.889101 1.31929 320.037 -157.498 402.086 0.0784744 -0.743317 -0.726153 -320.037 -124.858 -176.297 -0.0784744
1.18943 2.94395 320.235 -404.754 492.226 0.120954 -0.974332 -2.44775 -320.235 -339.668 -192.86 -0.120954
1.57955 4.68437 320.449 -669.663 587.14 0.158894 -1.22993 -4.28942 -320.449 -569.388 -198.415 -0.158894
1.94952 6.26505 320.594 -900.834 684.177 0.190858 -1.52845 -5.84561 -320.594 -771.371 -202.944 -0.190858
2.3038 7.35901 320.677 -1062.63 783.531 0.215673 -1.82103 -6.95776 -320.677 -914.211 -212.774 -0.215673
2.63026 7.89622 320.685 -1133 884.335 0.232465 -2.11041 -7.39914 -320.685 -978.973 -228.334 -0.232465
3.00071 7.87257 320.609 -1115.3 990.197 0.240688 -2.41384 -7.21449 -320.609 -967.905 -240.941 -0.240688
3.42421 7.43306 320.497 -1033.95 1102.2 0.24017 -2.78185 -6.58514 -320.497 -901.669 -243.459 -0.24017
3.83866 6.84288 320.358 -927.621 1213.15 0.231132 -3.18318 -5.76838 -320.358 -813.729 -241.581 -0.231132
4.12956 6.34938 320.195 -838.765 1309.37 0.21416 -3.53526 -5.08741 -320.195 -740.414 -248.848 -0.21416
4.20865 6.06199 320.071 -795.982 1379.05 0.190193 -3.80209 -4.81472 -320.071 -705.86 -270.607 -0.190193
4.14172 6.13773 319.995 -804.891 1415.27 0.160492 -3.93561 -4.86792 -319.995 -714.758 -297.523 -0.160492
4.02151 6.40792 319.951 -853.988 1416.49 0.126575 -3.96313 -5.25955 -319.951 -757.049 -311.523 -0.126575
3.87334 6.76917 319.947 -919.014 1380.95 0.0901085 -3.92102 -5.76437 -319.947 -811.61 -302.327 -0.0901085
3.67267 7.0813 319.978 -972.75 1303.16 0.0528204 -3.7556 -6.15498 -319.978 -854.909 -275.261 -0.0528204
3.29885 7.18905 320.037 -997.463 1177.71 0.0164059 -3.46507 -6.34718 -320.037 -871.609 -241.811 -0.0164059
2.75627 7.12685 320.105 -988.909 1003.22 -0.0175556 -2.99409 -6.24874 -320.105 -857.975 -207.631 0.0175556
2.13931 7.00875 320.204 -962.396 788.677 -0.0476915 -2.37385 -5.95206 -320.204 -827.205 -164.372 0.0476915
1.4748 6.89228 320.356 -943.705 545.156 -0.0729095 -1.73222 -5.75293 -320.356 -802.307 -101.736 0.0729095
0.776825 6.92404 320.454 -950.281 278.502 -0.0924365 -1.05709 -5.74585 -320.454 -799.127 -25.2786 0.0924365
0.0854145 7.10544 320.546 -981.893 -0.793188 -0.105825 -0.316137 -5.93454 -320.546 -818.61 55.5868 0.105825
-0.690584 7.47873 320.678 -1034.2 -293.511 -0.112917 0.469615 -6.20791 -320.678 -855.582 131.988 0.112917
-1.49564 7.82382 320.64 -1092.25 -587.769 -0.113783 1.26301 -6.59485 -320.64 -898.611 204.86 0.113783
-2.26715 8.02427 320.699 -1132.2 -874.294 -0.108707 2.04865 -6.91009 -320.699 -929.861 275.715 0.108707
-3.00115 8.03116 320.597 -1138 -1148.21 -0.0981739 2.79333 -6.95648 -320.597 -931.419 344.83 0.0981739
-3.67908 7.65309 320.447 -1092.69 -1400.76 -0.0828442 3.4637 -6.70782 -320.447 -890.183 410.64 0.0828442
-4.29073 6.89031 320.39 -992.542 -1626.66 -0.0635276 4.07758 -6.10818 -320.39 -802.207 466.813 0.0635276
-4.83975 5.73697 320.292 -836.023 -1818.24 -0.0411735 4.60223 -5.13808 -320.292 -665.511 509.72 0.0411735
-5.32315 4.33522 320.154 -634.478 -1974.14 -0.0168213 5.04216 -3.80463 -320.154 -489.369 537.799 0.0168213
-5.67384 2.82554 320.101 -413.398 -2087.55 0.00846416 5.38008 -2.30894 -320.101 -295.454 555.887 -0.00846416
-5.90416 1.52587 320.132 -212.922 -2154.24 0.0336218 5.55849 -0.870923 -320.132 -117.895 565.991 -0.0336218
-6.05416 0.62671 320.116 -73.0078 -2181.11 0.057615 5.63789 0.140233 -320.116 5.97756 561.143 -0.057615
-6.1145 0.284064 320.146 -22.8502 -2172.34 0.0794829 5.67285 0.480561 -320.146 50.1284 539.26 -0.0794829
-6.06061 0.64376 320.224 -69.9941 -2124.98 0.0983949 5.60149 0.193281 -320.224 7.93402 509.334 -0.0983949
-5.87986 1.625 320.26 -208.562 -2037.69 0.113667 5.38623 -0.719616 -320.26 -115.051 476.94 -0.113667
-5.51667 3.10255 320.285 -424.259 -1911.71 0.12477 5.10363 -2.17322 -320.285 -304.101 440.429 -0.12477
-5.03458 4.57325 320.292 -671.548 -1749.23 0.13137 4.71763 -4.05457 -320.292 -519.678 398.176 -0.13137
-4.4536 5.68088 320.292 -870.022 -1551.33 0.133358 4.22532 -5.63763 -320.292 -692.747 348.916 -0.133358
-3.78211 6.27146 320.232 -951.268 -1321.04 0.130847 3.65381 -6.15722 -320.232 -764.799 290.767 -0.130847
-3.06739 5.98851 320.153 -904.545 -1061.8 0.124147 2.9805 -5.82267 -320.153 -726.256 223.765 -0.124147
-2.38955 4.86204 320.114 -747.477 -784.662 0.113739 2.21566 -4.85642 -320.114 -594.355 146.47 -0.113739
-1.65195 3.19393 320.144 -499.011 -493.559 0.100233 1.45815 -3.23271 -320.144 -388.283 62.4786 -0.100233
-0.843375 1.09539 320.089 -192.472 -193.201 0.0843264 0.681248 -1.27155 -320.089 -134.255 -18.284 -0.0843264
0.0459429 -1.10567 320.067 138.054 114.811 0.0667648 -0.165951 0.899777 -320.067 138.961 -85.865 -0.0667648
0.945849 -3.10765 320.084 448.365 420.767 0.0483327 -1.04563 2.9932 -320.084 394.143 -145.477 -0.0483327
1.7247 -4.63847 319.967 686.487 697.666 0.0298296 -1.78771 4.59699 -319.967 588.847 -211.778 -0.0298296
2.38054 -5.38276 319.899 809.574 939.664 0.0120211 -2.39799 5.45833 -319.899 687.462 -278.412 -0.0120211
2.93242 -5.24814 319.932 794.976 1148.48 -0.00439889 -2.97383 5.36048 -319.932 669.954 -331.043 0.00439889
3.39632 -4.23831 319.895 645.198 1320.24 -0.0188149 -3.47162 4.32867 -319.895 537.81 -369.63 0.0188149
3.74972 -2.45626 319.9 384.768 1448.63 -0.030709 -3.83105 2.58765 -319.9 311.76 -399.299 0.030709
3.92608 -0.360227 319.941 60.403 1526.15 -0.0397081 -4.05285 0.302138 -319.941 31.1033 -421.649 0.0397081
3.89564 1.97996 319.973 -275.396 1550.6 -0.0455978 -4.16768 -1.88716 -319.973 -258.545 -434.364 0.0455978
3.65366 4.08265 320.013 -580.51 1512.48 -0.0482898 -4.10634 -3.89888 -320.013 -521.564 -438.174 0.0482898
3.38387 5.68892 320.077 -824.561 1415.27 -0.0478116 -3.79502 -5.56732 -320.077 -729.693 -421.385 0.0478116
3.05539 6.73544 320.162 -974.392 1270.8 -0.0443219 -3.45713 -6.50633 -320.162 -854.026 -369.25 0.0443219
2.75672 6.97516 320.215 -1011.96 1086.51 -0.0381084 -3.01955 -6.72908 -320.215 -880.313 -287.068 0.0381084
2.35642 6.40966 320.262 -935.669 864.606 -0.0295591 -2.4954 -6.20841 -320.262 -806.608 -193.36 0.0295591
1.86256 5.15999 320.341 -753.904 614.086 -0.0191143 -1.86028 -4.94768 -320.341 -641.717 -99.3374 0.0191143
1.32623 3.34933 320.362 -492.813 347.678 -0.00723444 -1.14941 -3.18216 -320.362 -408.987 -5.78729 0.00723444
0.753055 1.28304 320.26 -191.43 85.7607 0.00561076 -0.528786 -1.12658 -320.26 -141.196 90.6356 -0.00561076
0.139579 -0.798774 320.237 112.256 -173.23 0.0189522 0.0935031 0.926924 -320.237 126.143 178.356 -0.0189522
-0.430035 -2.6733 320.154 374.075 -417.277 0.0323386 0.740124 2.63742 -320.154 359.363 253.864 -0.0323386
-0.99637 -4.12476 319.972 576.361 -646.481 0.0453769 1.34076 3.96551 -319.972 540.896 321.388 -0.0453769
-1.48354 -5.05744 319.908 706.676 -849.21 0.0577356 1.86284 4.83299 -319.908 659.159 384.286 -0.0577356
-1.81867 -5.49111 319.865 758.724 -1015 0.069096 2.32031 5.14127 -319.865 709.567 440.246 -0.069096
-2.06857 -5.44438 319.783 742.356 -1138.72 0.0791523 2.65974 4.99499 -319.783 699.287 482.305 -0.0791523
-2.3602 -4.99608 319.776 673.259 -1218.43 0.087635 2.81539 4.52669 -319.776 641.818 500.087 -0.087635
-2.67177 -4.32116 319.848 569.067 -1263.29 0.0943152 2.96229 3.80108 -319.848 552.62 481.594 -0.0943152
-2.95929 -3.51537 319.894 449.15 -1275.18 0.0990304 3.10215 2.98659 -319.894 448.803 434.536 -0.0990304
-3.05936 -2.71344 319.931 330.968 -1245.77 0.101692 3.15513 2.1888 -319.931 346.089 384.127 -0.101692
-2.98289 -2.00941 320.006 228.211 -1173.23 0.102265 3.01485 1.49635 -320.006 256.015 341.711 -0.102265
-2.83891 -1.47638 320.06 150.646 -1070.24 0.100758 2.77309 0.966426 -320.06 186.8 292.245 -0.100758
-2.66098 -1.145 320.077 103.795 -948.99 0.0972313 2.59194 0.644724 -320.077 143.469 220.913 -0.0972313
-2.47463 -1.0216 320.104 89.7697 -809.739 0.0918073 2.37778 0.553138 -320.104 127.805 137.351 -0.0918073
-2.12931 -1.11681 320.119 108.251 -641.291 0.0846491 2.05003 0.669818 -320.119 138.576 62.2612 -0.0846491
-1.66931 -1.44601 320.134 157.139 -450.938 0.0759235 1.59538 0.951701 -320.134 174.062 -1.34386 -0.0759235
-1.14991 -1.95993 320.088 235.6 -245.522 0.0657954 1.0716 1.44069 -320.088 234.079 -62.2396 -0.0657954
-0.608734 -2.59774 320.083 337.778 -30.4616 0.0544575 0.539326 2.11934 -320.083 313.672 -128.582 -0.0544575
-0.0944161 -3.28351 320.037 446.002 188.79 0.042143 -0.0181817 2.83505 -320.037 398.961 -199.337 -0.042143
0.425059 -3.90301 319.954 541.115 405.137 0.0291175 -0.573235 3.44586 -319.954 473.724 -266.827 -0.0291175
0.986961 -4.31787 319.863 607.703 612.78 0.0156778 -1.12753 3.87711 -319.863 523.962 -319.893 -0.0156778
1.5776 -4.4687 319.833 632.802 807.934 0.00214199 -1.71101 4.02002 -319.833 539.414 -352.522 -0.00214199
2.12065 -4.34773 319.816 613.48 979.92 -0.0111585 -2.27129 3.84585 -319.816 517.976 -371.813 0.0111585
2.57096 -3.95642 319.81 556.984 1119.67 -0.0238565 -2.72239 3.4512 -319.81 465.939 -386.816 0.0238565
2.95451 -3.3951 319.857 475.47 1224.69 -0.0355514 -3.05657 2.89826 -319.857 393.59 -392.522 0.0355514
3.24954 -2.76884 319.942 382.47 1298.06 -0.0458456 -3.3949 2.2648 -319.942 312.642 -378.326 0.0458456
3.39863 -2.16498 319.984 294.899 1328.49 -0.0543583 -3.67092 1.68469 -319.984 236.726 -350.044 0.0543583
3.48591 -1.63522 320.02 222.255 1307.15 -0.0607213 -3.69165 1.23846 -320.02 174.603 -313.876 0.0607213
3.47022 -1.21511 320.09 166.994 1238.33 -0.0645995 -3.59265 0.925481 -320.09 128.639 -261.102 0.0645995
3.35059 -0.910932 320.123 125.647 1127.41 -0.0657169 -3.43921 0.694181 -320.123 96.0491 -188.196 0.0657169
3.0839 -0.701058 320.111 95.2626 971.612 -0.0638657 -3.16063 0.527051 -320.111 74.3807 -108.089 0.0638657
2.65826 -0.700502 320.122 79.5179 771.432 -0.0589172 -2.69762 0.363108 -320.122 67.4191 -31.0899 0.0589172
2.10484 -0.91538 320.084 95.8474 536.171 -0.0508547 -2.10067 0.427264 -320.084 89.6298 44.7861 0.0508547
1.4809 -1.48602 320.033 161.979 278.577 -0.0397971 -1.44317 0.813438 -320.033 155.63 124.844 0.0397971
0.791702 -2.34894 320.074 285.154 5.48652 -0.025978 -0.744345 1.66589 -320.074 269.328 205.647 0.025978
-0.014857 -3.40568 320.028 441.306 -274.226 -0.00972449 -0.0441116 2.78225 -320.028 413.256 276.656 0.00972449
-0.904336 -4.42707 319.931 597.211 -567.848 0.00853921 0.820755 3.9309 -319.931 557.008 327.399 -0.00853921
-1.8438 -5.17459 319.961 713.613 -869.771 0.0283039 1.77376 4.81414 -319.961 665.795 367.391 -0.0283039
-2.71549 -5.46202 319.967 757.759 -1157.18 0.0489766 2.65023 5.18347 -319.967 712.349 412.825 -0.0489766
-3.50568 -5.1303 319.902 715.295 -1421.08 0.0698745 3.44294 4.99316 -319.902 682.734 457.622 -0.0698745
-4.26132 -4.18046 319.953 581.872 -1652.67 0.090261 4.14743 4.17886 -319.953 572.564 487.14 -0.090261
-5.01349 -2.72538 320.042 368.269 -1852.78 0.109395 4.82259 2.7671 -320.042 390.302 489.8 -0.109395
-5.66685 -0.879106 320.067 100.389 -2010.45 0.12655 5.4267 0.989984 -320.067 157.848 473.582 -0.12655
-6.10909 1.09302 320.117 -187.576 -2113.15 0.141032 5.86767 -0.951647 -320.117 -94.6189 454.172 -0.141032
-6.2386 2.77231 320.188 -452.001 -2151.32 0.152219 6.11508 -2.8723 -320.188 -327.294 440.25 -0.152219
-6.1264 4.02684 320.216 -641.223 -2119.62 0.159583 6.09925 -4.18768 -320.216 -492.938 426.306 -0.159583
-5.83571 4.53781 320.188 -718.15 -2022.36 0.162713 5.91276 -4.71936 -320.188 -559.984 395.164 -0.162713
-5.45755 4.15437 320.154 -671.257 -1862.18 0.161345 5.54559 -4.46481 -320.154 -518.778 338.287 -0.161345
-4.83547 3.01067 320.118 -504.11 -1632.58 0.155398 5.02951 -3.34766 -320.118 -373.735 266.378 -0.155398
-4.10698 1.22175 320.057 -239.13 -1331.36 0.144989 4.13141 -1.57274 -320.057 -146.607 190.415 -0.144989
-3.27265 -0.828556 320.015 81.0188 -981.496 0.130437 3.06727 0.649409 -320.015 123.195 103.443 -0.130437
-2.37222 -2.85898 320.001 394.348 -611.701 0.112248 2.03489 2.76311 -320.001 382.091 1.34472 -0.112248
-1.40358 -4.47908 320.002 644.662 -240.251 0.0910636 1.01096 4.41586 -320.002 583.688 -94.1407 -0.0910636
-0.195126 -5.37122 319.922 792.538 143.467 0.0676178 -0.126754 5.40887 -319.922 696.103 -153.111 -0.0676178
1.13928 -5.44531 319.916 810.358 524.318 0.0427307 -1.31649 5.4935 -319.916 700.186 -184.695 -0.0427307
2.23816 -4.67541 319.868 702.652 867.098 0.0172867 -2.44687 4.74215 -319.868 597.82 -218.978 -0.0172867
3.10071 -3.28018 319.862 491.881 1154.87 -0.00782846 -3.32008 3.24422 -319.862 409.086 -266.463 0.00782846
3.75448 -1.4704 319.967 221.415 1389.3 -0.0317532 -4.03967 1.37976 -319.967 172.193 -310.752 0.0317532
4.28519 0.423484 320.004 -57.6533 1566.34 -0.0536493 -4.6216 -0.510766 -320.004 -71.3069 -333.783 0.0536493
4.73243 2.05376 320.029 -301.961 1679.87 -0.0727632 -5.0262 -2.19206 -320.029 -284.276 -329.49 0.0727632
4.966 3.19342 320.135 -474.322 1720.51 -0.0884909 -5.25484 -3.38684 -320.135 -434.264 -306.258 0.0884909
4.91111 3.67666 320.198 -548.871 1679.22 -0.100369 -5.20216 -3.9045 -320.198 -497.922 -279.93 0.100369
4.5458 3.40422 320.211 -513.201 1554.51 -0.108045 -4.83657 -3.67413 -320.211 -464.159 -256.407 0.108045
3.96136 2.39956 320.264 -369.965 1358.05 -0.111292 -4.24375 -2.71305 -320.264 -335.953 -222.905 0.111292
3.26448 0.794127 320.285 -137.648 1106.6 -0.110047 -3.52622 -1.14333 -320.285 -129.825 -167.315 0.110047
2.49617 -1.17351 320.268 149.965 809.875 -0.104406 -2.68184 0.818764 -320.268 125.202 -93.9285 0.104406
1.5803 -3.18428 320.164 446.507 474.964 -0.0946036 -1.72582 2.87641 -320.164 390.455 -18.2344 0.0946036
0.528612 -4.90578 320.071 705.538 106.434 -0.0809786 -0.590605 4.71743 -320.071 623.361 47.5427 0.0809786
-0.521843 -5.90188 320.043 864.494 -264.404 -0.0639587 0.558422 5.96159 -320.043 773.765 113.874 0.0639587
-1.60162 -5.8364 319.881 875.592 -628.047 -0.0440456 1.61954 6.27047 -319.881 796.29 181.121 0.0440456
-2.80378 -4.7615 319.845 708.471 -987.545 -0.0217917 2.631 5.17256 -319.845 663.392 234.239 0.0217917
-3.98596 -2.557 319.9 383.468 -1334.2 0.0021988 3.69798 3.05367 -319.9 391.414 269.674 -0.0021988
-4.99465 0.28835 319.938 -43.2109 -1639.52 0.027228 4.63081 0.16569 -319.938 26.4151 306.316 -0.027228
-5.77954 3.13818 320.065 -488.678 -1889.14 0.0525133 5.31995 -3.01173 -320.065 -360.388 351.882 -0.0525133
-6.34035 5.33823 320.218 -847.806 -2087.85 0.077256 5.87087 -5.68948 -320.218 -674.812 396.634 -0.077256
-6.71248 6.53541 320.319 -1028.58 -2237.08 0.100667 6.30952 -6.95347 -320.319 -833.89 433.569 -0.100667
-6.91546 6.4541 320.4 -1003.02 -2331.92 0.121951 6.58311 -6.69163 -320.4 -812.068 462.379 -0.121951
-6.87439 4.9123 320.443 -795.533 -2365.09 0.140343 6.70284 -5.40421 -320.443 -628.884 484.59 -0.140343
-6.57804 2.44103 320.413 -437.372 -2325.64 0.155181 6.57617 -2.99776 -320.413 -313.502 503.595 -0.155181
-6.09586 -0.669734 320.296 17.5291 -2212.32 0.165931 6.18057 0.0865491 -320.296 87.0455 511.672 -0.165931
-5.55151 -4.0678 320.163 507.226 -2033.01 0.172171 5.56813 3.33796 -320.163 515.54 492.451 -0.172171
-4.88834 -7.1835 319.998 970.353 -1795.65 0.17363 4.8889 6.47507 -319.998 915.829 440.941 -0.17363
-4.1055 -9.71971 319.727 1348.61 -1503.93 0.170242 4.04438 9.00279 -319.727 1236.82 374.528 -0.170242
-3.21064 -11.3073 319.484 1593.33 -1172.57 0.162173 3.03699 10.644 -319.484 1437.92 306.512 -0.162173
-2.21892 -11.6773 319.427 1670.58 -821.34 0.149794 1.98551 11.2221 -319.427 1491.59 238.125 -0.149794
-1.29171 -10.745 319.333 1556.21 -481.473 0.133637 0.990574 10.5178 -319.333 1379.94 164.413 -0.133637
-0.40338 -8.66519 319.264 1257.91 -159.647 0.114358 0.066314 8.47725 -319.264 1109.28 93.5996 -0.114358
0.447546 -5.65121 319.414 814.004 138.293 0.0927243 -0.777835 5.43299 -319.414 716.63 30.4028 -0.0927243
1.24373 -2.09349 319.645 293.016 412.173 0.0695775 -1.55989 1.93173 -319.645 262.882 -24.9353 -0.0695775
1.87799 1.31329 319.789 -219.11 643.077 0.045796 -2.20887 -1.60515 -319.789 -183.801 -78.1044 -0.045796
2.3948 4.21507 320.043 -649.347 832.505 0.0222444 -2.7196 -4.53532 -320.043 -558.867 -125.202 -0.0222444
2.76704 6.21587 320.377 -937.037 975.952 -0.000271647 -3.09097 -6.44488 -320.377 -811.14 -165.629 0.000271647
2.97355 7.04022 320.504 -1055.63 1068.27 -0.021014 -3.29856 -7.2464 -320.504 -917.058 -200.537 0.021014
3.05514 6.77288 320.63 -1005.82 1110.48 -0.0393395 -3.34455 -6.85415 -320.63 -875.792 -225.023 0.0393395
2.98526 5.52152 320.773 -812.731 1104.26 -0.0547339 -3.28816 -5.50325 -320.773 -709.55 -236.249 0.0547339
2.64349 3.55421 320.739 -518.957 1042.46 -0.0668133 -3.1338 -3.50489 -320.739 -455.729 -243.078 0.0668133
2.16023 1.08276 320.586 -166.696 919.441 -0.0753215 -2.67544 -1.21525 -320.586 -150.557 -250.307 0.0753215
1.59494 -1.5083 320.461 210.425 750.043 -0.080126 -2.08654 1.29824 -320.461 177.181 -240.628 0.080126
1.00573 -3.91279 320.17 569.492 547.225 -0.0812223 -1.49412 3.77012 -320.17 491.468 -201.426 0.0812223
0.354688 -5.95465 319.835 865.132 308.376 -0.0787403 -0.817522 5.75348 -319.835 751.648 -146.431 0.0787403
-0.383866 -7.2178 319.64 1052.03 43.2751 -0.0729328 -0.0621291 7.07063 -319.64 921.058 -88.2022 0.0729328
-1.20049 -7.48422 319.452 1097.32 -241.86 -0.0641631 0.772442 7.50019 -319.452 971.882 -31.6826 0.0641631
-2.06085 -6.79909 319.335 988.837 -535.507 -0.0528829 1.59495 6.80386 -319.335 889.62 28.963 0.0528829
-2.8978 -5.10223 319.456 736.429 -834.555 -0.0395877 2.43117 5.173 -319.456 682.538 96.3513 0.0395877
-3.60731 -2.64123 319.636 373.661 -1118.15 -0.0248112 3.19473 2.80332 -319.636 378.276 175.928 0.0248112
-4.13814 0.140003 319.833 -46.8264 -1372.38 -0.00914941 3.86327 -0.0557765 -319.833 19.9312 263.976 0.00914941
-4.52939 2.86397 320.167 -455.368 -1585.83 0.00676767 4.39024 -2.84213 -320.167 -332.415 350.117 -0.00676767
-4.75563 5.11965 320.496 -786.619 -1750.16 0.0223464 4.81599 -5.07293 -320.496 -620.679 424 -0.0223464
-4.8611 6.55843 320.694 -995.356 -1857.71 0.0370691 5.06026 -6.46934 -320.694 -803.44 482.96 -0.0370691
-4.94179 7.08042 320.836 -1064.1 -1909.37 0.0505026 5.08626 -6.88249 -320.836 -863.822 519.731 -0.0505026
-5.01056 6.66194 320.928 -1000.43 -1912.54 0.0623224 5.00508 -6.43716 -320.928 -808.213 524.6 -0.0623224
-4.94247 5.524 320.854 -830.119 -1869.67 0.0723237 4.90972 -5.26343 -320.854 -659.319 504.416 -0.0723237
-4.73697 3.86681 320.655 -588.933 -1775.89 0.0804084 4.61935 -3.64866 -320.655 -448.696 479.319 -0.0804084
-4.36563 2.00171 320.44 -314.932 -1635.21 0.0865836 4.16192 -1.80263 -320.44 -210.247 453.38 -0.0865836
-3.78963 0.19451 320.158 -44.9354 -1456.87 0.0909464 3.69756 0.0298101 -320.158 22.3321 419.06 -0.0909464
-3.20545 -1.31776 319.798 182.467 -1248 0.0936482 3.09679 1.56789 -319.798 216.131 374.244 -0.0936482
-2.58067 -2.34374 319.564 338.792 -1017.43 0.0948749 2.47627 2.61418 -319.564 345.947 316.122 -0.0948749
-1.89172 -2.7682 319.388 404.352 -774.125 0.09483 1.89425 3.02673 -319.388 395.958 248.857 -0.09483
-1.16909 -2.55716 319.292 376.388 -516.085 0.0937042 1.21047 2.80678 -319.292 364.4 185.586 -0.0937042
-0.40841 -1.83714 319.365 268.469 -253.478 0.0916596 0.505985 2.01116 -319.365 263.026 125.887 -0.0916596
0.411285 -0.816068 319.53 109.748 17.061 0.0888167 -0.184 0.834581 -319.53 118.278 64.4141 -0.0888167
1.20216 0.280477 319.798 -57.8426 292.673 0.0852544 -0.888505 -0.385035 -319.798 -33.9635 -4.09676 -0.0852544
1.94376 1.18197 320.058 -194.942 566.749 0.0810299 -1.57232 -1.39848 -320.058 -161.297 -80.7261 -0.0810299
2.6523 1.74516 320.309 -279.027 839.394 0.0761857 -2.26312 -2.03154 -320.309 -242.405 -159.531 -0.0761857
3.37116 2.03563 320.602 -303.915 1106.3 0.0707606 -2.92698 -2.13975 -320.602 -272.58 -234.91 -0.0707606
4.05417 2.0004 320.755 -288.34 1361.48 0.0647958 -3.57623 -2.01868 -320.755 -266.58 -305.566 -0.0647958
4.56932 1.86724 320.794 -255.97 1592.37 0.0583207 -4.2241 -1.75124 -320.794 -243.638 -375.344 -0.0583207
4.95352 1.76804 320.758 -226.839 1786 0.0513755 -4.71999 -1.48802 -320.758 -222.729 -446.992 -0.0513755
5.18146 1.80665 320.636 -222.511 1935.46 0.0440293 -5.11199 -1.41646 -320.636 -222.511 -510.477 -0.0440293
5.39215 2.10477 320.391 -255.113 2038.33 0.0363475 -5.34652 -1.57608 -320.391 -253.118 -551.616 -0.0363475
5.6559 2.64876 320.138 -327.303 2098.88 0.0283969 -5.47877 -2.01859 -320.138 -317.149 -557.369 -0.0283969
5.88452 3.32687 319.91 -428.676 2119.32 0.0202696 -5.59234 -2.71401 -319.91 -405.438 -530.557 -0.0202696
6.14157 4.09827 319.701 -538.709 2100.07 0.0120609 -5.5153 -3.4265 -319.701 -500.306 -486.559 -0.0120609
6.27976 4.59645 319.586 -630.045 2050.96 0.0038709 -5.3995 -4.15351 -319.586 -578.15 -434.526 -0.0038709
6.08948 4.69618 319.574 -664.477 1974.32 -0.00416183 -5.36622 -4.50484 -319.574 -605.998 -388.966 0.00416183
5.77882 4.37457 319.617 -615.908 1862.85 -0.0118504 -5.05581 -4.15043 -319.617 -561.217 -363.493 0.0118504
5.1893 3.50707 319.747 -490.923 1718.47 -0.0189688 -4.7313 -3.30697 -319.747 -449.944 -345.616 0.0189688
4.50032 2.39804 319.94 -321.68 1543.03 -0.0252715 -4.34098 -2.10277 -319.94 -299.763 -319.56 0.0252715
3.89018 1.23724 320.141 -148.57 1331.72 -0.0305097 -3.71754 -0.898738 -320.141 -146.323 -279.036 0.0305097
3.23699 0.234133 320.337 -10.4016 1092.65 -0.0344437 -3.09863 0.00449765 -320.337 -21.2497 -216.147 0.0344437
2.45917 -0.534147 320.512 82.9952 824.203 -0.0368743 -2.45607 0.551367 -320.512 66.9633 -144.424 0.0368743
1.61901 -1.02367 320.557 139.139 524.471 -0.0376593 -1.5849 0.890666 -320.557 125.279 -81.636 0.0376593
0.705898 -1.29846 320.492 170.924 206.9 -0.03671 -0.633002 1.1255 -320.492 163.879 -22.2546 0.03671
-0.113972 -1.40638 320.493 183.775 -104.204 -0.0340096 0.260388 1.26087 -320.493 184.633 51.6001 0.0340096
-0.74367 -1.37035 320.31 172.329 -387.167 -0.0296293 1.04281 1.21572 -320.31 184.88 138.906 0.0296293
-1.3439 -1.18883 319.992 141.351 -648.815 -0.0237055 1.76997 1.04319 -319.992 166.978 216.66 0.0237055
-1.88508 -0.922146 319.864 99.3227 -879.269 -0.0164042 2.47717 0.789214 -319.864 137.118 274.228 0.0164042
-2.39708 -0.52975 319.714 50.2841 -1061.98 -0.00792166 3.0048 0.550491 -319.714 99.0138 313.002 0.00792166
-2.84642 0.0539843 319.548 -15.137 -1189.99 0.00150902 3.35859 0.269234 -319.548 44.9964 329.854 -0.00150902
-3.19909 1.35258 319.602 -138.644 -1263.34 0.0116461 3.58597 -0.0959139 -319.602 -61.2306 322.999 -0.0116461
-3.52739 3.03797 319.784 -375.937 -1286.81 0.022262 3.61552 -1.61581 -319.784 -266.536 297.054 -0.022262
-3.69908 5.16558 319.998 -712.612 -1266.59 0.0331369 3.57495 -4.04517 -319.998 -559.107 258.834 -0.0331369
-3.66858 7.75087 320.274 -1083.2 -1208.45 0.0440579 3.47394 -6.47793 -320.274 -881.437 219.026 -0.0440579
-3.47742 9.82403 320.563 -1416.19 -1115.28 0.0548246 3.20682 -8.92361 -320.563 -1172.43 189.358 -0.0548246
-3.10512 11.0185 320.774 -1630.89 -992.017 0.065235 2.83738 -10.6541 -320.774 -1361.63 168.776 -0.065235
-2.6084 10.77 320.823 -1640.9 -844.72 0.0750643 2.41396 -11.0524 -320.823 -1372.3 148.842 -0.0750643
-2.02972 9.38957 320.786 -1414.25 -677.997 0.0840585 1.95463 -9.37316 -320.786 -1176.46 125.796 -0.0840585
-1.47571 6.82082 320.728 -1012.17 -491.614 0.0919467 1.35183 -6.52233 -320.728 -830.186 99.5279 -0.0919467
-0.866018 3.67901 320.605 -536.644 -290.864 0.0984549 0.735521 -3.29523 -320.605 -426.271 68.4647 -0.0984549
-0.221464 0.80703 320.277 -91.609 -88.0522 0.103317 0.154272 -0.227049 -320.277 -51.0753 35.3191 -0.103317
0.454503 -1.65821 320.086 260.833 119.137 0.106296 -0.504599 1.99029 -320.086 243.059 12.8338 -0.106296
1.11832 -3.29389 319.874 499.678 317.389 0.107203 -1.15084 3.51377 -319.874 440.432 -4.16102 -0.107203
1.69564 -4.39537 319.621 641.588 492.407 0.105927 -1.69079 4.28035 -319.621 556.463 -24.5729 -0.105927
2.16727 -5.02898 319.479 721.667 639.465 0.102456 -2.12107 4.69018 -319.479 620.459 -46.8019 -0.102456
2.56669 -5.20631 319.456 761.047 760.027 0.0968756 -2.46996 5.01538 -319.456 650.466 -63.7939 -0.0968756
2.90595 -5.06754 319.451 748.91 853.63 0.0893443 -2.73425 4.97227 -319.451 637.484 -73.8732 -0.0893443
3.15396 -4.37156 319.526 660.306 918.486 0.0800967 -2.91047 4.46391 -319.526 559.787 -80.0175 -0.0800967
3.34672 -2.92492 319.722 467.308 956.754 0.0694283 -2.96423 3.30834 -319.722 393.462 -84.1567 -0.0694283
3.48357 -0.714667 319.964 151.167 974.002 0.0576811 -2.94566 1.26428 -319.964 122.153 -85.0145 -0.0576811
3.50802 2.14901 320.259 -274.104 977.084 0.0452383 -2.94738 -1.58538 -320.259 -241.49 -84.4467 -0.0452383
3.42713 5.312 320.555 -748.192 964.477 0.0325054 -2.88124 -4.7955 -320.555 -647.421 -92.1152 -0.0325054
3.2332 8.15039 320.777 -1181.92 937.109 0.0198793 -2.74867 -7.80157 -320.777 -1020.72 -109.813 -0.0198793
2.93948 10.2285 320.893 -1489.46 900.748 0.00774115 -2.62745 -9.87112 -320.893 -1285.91 -130.752 -0.00774115
2.55706 11.0132 320.911 -1610.36 850.61 -0.0035446 -2.47276 -10.7146 -320.911 -1389.83 -154.82 0.0035446
2.03614 10.3666 320.792 -1521.02 774.995 -0.013644 -2.23181 -10.1394 -320.792 -1310.44 -184.498 0.013644
1.56364 8.52735 320.594 -1238.19 674.191 -0.0222592 -1.80693 -8.13022 -320.594 -1061.87 -207.77 0.0222592
1.20886 5.79055 320.386 -822.819 559.625 -0.0291364 -1.36246 -5.24014 -320.386 -700.254 -203.81 0.0291364
0.907363 2.86369 320.105 -372.042 435.235 -0.0340914 -0.984481 -2.07636 -320.105 -310.013 -173.548 0.0340914
0.566258 0.387716 319.775 6.04401 298.505 -0.0370228 -0.582604 0.567787 -319.775 18.9099 -139.742 0.0370228
0.142219 -1.20918 319.591 237.189 146.155 -0.0379015 -0.0612942 2.11281 -319.591 221.615 -118.251 0.0379015
-0.350185 -1.52157 319.564 286.545 -6.18778 -0.0367653 0.406832 2.49575 -319.564 268.278 -98.8483 0.0367653
-0.725457 -0.810523 319.563 161.631 -144.49 -0.0337323 0.813127 1.56198 -319.563 166.076 -68.7559 0.0337323
-0.952306 0.610853 319.724 -78.0359 -258.582 -0.0290017 1.09374 -0.212686 -319.724 -35.571 -25.0018 0.0290017
-1.16769 2.35869 319.957 -350.91 -352.425 -0.0228369 1.24026 -2.11241 -319.957 -266.36 18.6414 0.0228369
-1.41969 3.93927 320.151 -589.665 -433.167 -0.0155416 1.37143 -3.72671 -320.151 -468.763 46.2919 0.0155416
-1.63536 4.89502 320.351 -749.842 -503.379 -0.00743733 1.56977 -4.91383 -320.351 -604.479 59.1915 0.00743733
-1.80511 5.25043 320.521 -802.352 -555.702 0.00115371 1.65828 -5.25499 -320.521 -648.153 75.7329 -0.00115371
-1.84447 5.01481 320.6 -752.415 -589.019 0.00991766 1.65952 -4.8113 -320.6 -604.288 103.334 -0.00991766
-1.65027 4.15141 320.6 -630.65 -604.949 0.0185555 1.71289 -4.02952 -320.6 -498.879 138.619 -0.0185555
-1.4511 3.05959 320.562 -465.931 -598.993 0.0267923 1.59934 -2.89971 -320.562 -356.829 175.786 -0.0267923
-1.21546 1.91058 320.454 -288.349 -574.395 0.0343965 1.48854 -1.66206 -320.454 -204.851 199.022 -0.0343965
-0.949967 0.867565 320.295 -131.058 -529.985 0.0412086 1.40404 -0.597434 -320.295 -71.1145 203.006 -0.0412086
-0.683293 0.11829 320.134 -14.8036 -455.956 0.0471375 1.17065 0.200118 -320.134 26.2201 198.165 -0.0471375
-0.281759 -0.265213 319.971 49.701 -349.17 0.0521275 0.869266 0.658411 -319.971 77.9499 188.651 -0.0521275
0.171677 -0.257555 319.816 57.6562 -212.239 0.0561559 0.462812 0.738892 -319.816 80.0456 170.74 -0.0561559
0.476695 0.115347 319.749 8.16863 -54.4166 0.0592526 -0.104365 0.413182 -319.749 33.0616 133.706 -0.0592526
0.739535 0.826931 319.725 -90.9453 107.654 0.061503 -0.55506 -0.24113 -319.725 -56.4368 70.5605 -0.061503
0.99135 1.7107 319.753 -224.247 264.491 0.0630406 -0.920231 -1.18983 -319.753 -176.176 -0.676213 -0.0630406
1.36147 2.58888 319.852 -366.099 423.171 0.0640202 -1.34807 -2.2608 -319.852 -303.475 -48.7994 -0.0640202
1.80727 3.40009 320.023 -486.894 576.708 0.064579 -1.83317 -3.11067 -320.023 -412.054 -73.476 -0.064579
2.133 3.8948 320.209 -566.786 704.357 0.064851 -2.24036 -3.71869 -320.209 -484.437 -99.6491 -0.064851
2.26981 3.9897 320.389 -589.962 791.672 0.0649953 -2.43338 -3.95771 -320.389 -507.373 -141.197 -0.0649953
2.22026 3.69312 320.535 -547.533 839.965 0.0651627 -2.51779 -3.69833 -320.535 -473.035 -184.526 -0.0651627
2.13848 3.00273 320.596 -444.203 854.371 0.0654549 -2.51821 -3.00364 -320.596 -385.11 -210.108 -0.0654549
2.1011 1.94414 320.567 -293.143 836.334 0.0659099 -2.44145 -2.02894 -320.567 -255.406 -207.877 -0.0659099
1.99353 0.689051 320.448 -109.581 783.936 0.0664882 -2.3524 -0.807383 -320.448 -96.9828 -182.776 -0.0664882
1.86855 -0.639775 320.276 86.2776 694.701 0.0670672 -2.08346 0.516966 -320.276 73.5208 -148.165 -0.0670672
1.62895 -1.89241 320.039 271.287 573.629 0.0674565 -1.72727 1.78157 -320.039 236.105 -109.652 -0.0674565
1.34251 -2.86782 319.821 420.346 431.991 0.0674146 -1.32339 2.8461 -319.821 368.733 -63.6726 -0.0674146
0.950736 -3.48192 319.665 510.874 274.351 0.0666623 -0.943083 3.48372 -319.665 451.051 -13.0072 -0.0666623
0.470863 -3.57352 319.573 525.528 102.371 0.0649114 -0.516089 3.62908 -319.573 469.124 33.3711 -0.0649114
-0.000365276 -3.09262 319.555 457.383 -79.1745 0.0619121 0.036309 3.24364 -319.555 417.65 73.1852 -0.0619121
-0.476579 -2.1197 319.636 311.789 -258.074 0.0574933 0.548316 2.3083 -319.636 299.753 115.242 -0.0574933
-0.927072 -0.728507 319.804 105.098 -427.399 0.0515774 1.0058 0.962084 -319.804 128.461 158.821 -0.0515774
-1.38425 0.835918 319.986 -135.038 -587.536 0.0441817 1.45778 -0.667792 -319.986 -72.4768 193.081 -0.0441817
-1.83314 2.30831 320.226 -367.091 -734.225 0.0354242 1.91703 -2.29194 -320.226 -268 214.083 -0.0354242
-2.22999 3.55828 320.407 -550.567 -854.843 0.0255235 2.29336 -3.49695 -320.407 -423.514 227.699 -0.0255235
-2.55008 4.4224 320.549 -669.003 -947.213 0.0147842 2.58672 -4.22005 -320.549 -524.248 235.184 -0.0147842
-2.83197 4.77928 320.643 -722.811 -1010.84 0.00357857 2.76345 -4.58555 -320.643 -570.188 235.368 -0.00357857
-3.04864 4.704 320.66 -713.888 -1049.55 -0.00767533 2.8936 -4.5386 -320.66 -562.232 226.131 0.00767533
-3.21668 4.25729 320.6 -645.452 -1065.44 -0.0185382 2.95899 -4.06028 -320.6 -502.935 209.788 0.0185382
-3.32182 3.41967 320.49 -526.612 -1060.96 -0.0285636 2.96497 -3.29472 -320.49 -400.402 189.996 0.0285636
-3.3137 2.30029 320.325 -365.655 -1037.94 -0.0373082 2.94538 -2.24574 -320.325 -261.945 170.872 0.0373082
-3.21463 1.01751 320.121 -174.143 -995.726 -0.0443516 2.84402 -0.951697 -320.121 -97.6401 156.428 0.0443516
-3.01914 -0.296439 319.915 25.4082 -936.242 -0.0493218 2.69344 0.413958 -319.915 72.8174 144.845 0.0493218
-2.77655 -1.49148 319.743 203.055 -863.66 -0.0519118 2.51198 1.60079 -319.743 224.067 130.963 0.0519118
-2.46238 -2.36747 319.621 334.125 -775.647 -0.0518896 2.30497 2.47344 -319.621 334.451 115.091 0.0518896
-2.0734 -2.76544 319.566 398.106 -668.905 -0.049114 2.03042 2.91534 -319.566 386.437 100.182 0.049114
-1.71877 -2.59766 319.616 379.693 -546.804 -0.0435456 1.62727 2.81047 -319.616 367.2 82.9652 0.0435456
-1.33289 -1.87866 319.724 275.08 -418.111 -0.0352496 1.2671 2.09199 -319.724 273.315 57.5764 0.0352496
-0.911167 -0.72992 319.869 99.6813 -281.504 -0.024395 0.90108 0.847935 -319.869 118.304 30.0518 0.024395
-0.457222 0.709468 320.086 -114.513 -133.292 -0.0112552 0.434748 -0.622265 -320.086 -69.2705 9.23632 0.0112552
0.0791967 2.06506 320.312 -324.286 23.447 0.00378823 -0.0479613 -2.11346 -320.312 -252.595 -6.45273 -0.00378823
0.641772 3.08981 320.477 -480.095 181.989 0.0202505 -0.530865 -3.22398 -320.477 -391.638 -20.3069 -0.0202505
1.25137 3.57472 320.565 -549.122 346.015 0.0375613 -1.03573 -3.71252 -320.565 -457.035 -30.1288 -0.0375613
1.9247 3.35587 320.599 -517.122 514.806 0.0550858 -1.53418 -3.54499 -320.599 -435.69 -36.8099 -0.0550858
2.54847 2.58659 320.578 -392.012 683.229 0.0721572 -2.06575 -2.67333 -320.578 -334.221 -45.3992 -0.0721572
3.08131 1.34079 320.442 -201.736 845.352 0.0881203 -2.57807 -1.40023 -320.442 -176.687 -62.9052 -0.0881203
3.54163 -0.146214 320.265 18.4119 993.986 0.102369 -2.99206 0.0371031 -320.265 6.9625 -90.5224 -0.102369
3.93211 -1.5752 320.095 235.911 1128.78 0.114378 -3.36394 1.50525 -320.095 189.504 -119.779 -0.114378
4.28184 -2.81755 319.896 420.185 1247.65 0.123725 -3.69437 2.72265 -319.896 344.876 -144.489 -0.123725
4.59948 -3.74096 319.721 550.808 1349.43 0.130095 -3.96894 3.54696 -319.721 455.583 -164.29 -0.130095
4.82428 -4.24095 319.615 621.948 1431.82 0.133284 -4.20064 3.99811 -319.615 515.777 -183.466 -0.133284
4.93017 -4.44458 319.578 639.555 1489.83 0.133195 -4.34715 4.02587 -319.578 530.12 -206.487 -0.133195
5.01093 -4.33223 319.597 618.921 1524.9 0.129838 -4.35907 3.85611 -319.597 511.8 -228.66 -0.129838
4.97484 -3.97755 319.679 570.985 1540.57 0.12332 -4.40698 3.56226 -319.679 470.184 -242.64 -0.12332
4.84339 -3.53573 319.79 500.264 1531.03 0.113832 -4.38942 3.05201 -319.79 409.441 -253.676 -0.113832
4.67786 -2.89936 319.912 412.337 1491.42 0.101651 -4.18509 2.50831 -319.912 334.42 -265.182 -0.101651
4.42745 -2.19457 320.045 310.084 1427.6 0.0871379 -3.95063 1.84315 -320.045 247.506 -268.422 -0.0871379
4.19746 -1.50222 320.156 200.921 1345.36 0.0707204 -3.64754 1.07669 -320.156 155.235 -259.945 -0.0707204
3.90507 -0.810438 320.221 99.9155 1246.94 0.0528894 -3.32582 0.424517 -320.221 70.6641 -246.512 -0.0528894
3.53429 -0.29099 320.246 19.3626 1134.18 0.0341921 -2.94911 -0.117542 -320.246 4.64415 -237.172 -0.0341921
3.14862 0.000285481 320.222 -28.3601 1014.81 0.0152094 -2.50811 -0.443313 -320.222 -32.8331 -232.162 -0.0152094
2.7877 0.0338835 320.175 -34.0693 900.465 -0.00346655 -2.10185 -0.461677 -320.175 -34.295 -223.969 0.00346655
2.44362 -0.200353 320.072 2.51394 799.278 -0.0212602 -1.79903 -0.18079 -320.072 0.255452 -212.308 0.0212602
2.08617 -0.691303 319.953 74.4579 707.977 -0.0376315 -1.53692 0.31648 -319.953 64.7716 -206.733 0.0376315
1.74369 -1.36786 319.836 172.997 624.324 -0.0520801 -1.24917 0.983558 -319.836 151.769 -210.255 0.0520801
1.43018 -2.14777 319.744 287.482 552.653 -0.0641664 -1.02015 1.76028 -319.744 252.232 -213.63 0.0641664
1.22202 -2.97977 319.684 406.258 495.235 -0.0735351 -0.844598 2.539 -319.684 355.871 -209.315 0.0735351
1.10279 -3.74036 319.663 516.709 451.779 -0.0799133 -0.73747 3.27402 -319.663 451.939 -197.221 0.0799133
1.08215 -4.36936 319.695 606.634 421.19 -0.0831116 -0.656842 3.8596 -319.695 529.729 -180.702 0.0831116
1.09678 -4.79304 319.758 665.043 404.82 -0.0830359 -0.653971 4.22419 -319.758 580.167 -162.771 0.0830359
1.14727 -4.96116 319.845 686.948 401.648 -0.0796902 -0.688664 4.35152 -319.845 599.059 -147.866 0.0796902
1.25779 -4.91346 319.951 673.859 412.506 -0.0731726 -0.745761 4.22161 -319.951 587.623 -135.58 0.0731726
1.39913 -4.71104 320.048 636.486 439.804 -0.0636745 -0.90155 3.91719 -320.048 555.009 -121.819 0.0636745
1.55403 -4.41688 320.113 590.541 479.474 -0.0514814 -1.12121 3.58698 -320.113 514.738 -109.716 0.0514814
1.77275 -4.16187 320.147 550.91 525.525 -0.0369667 -1.28526 3.29862 -320.147 479.337 -102.839 0.0369667
2.03837 -4.05476 320.144 530.992 581.247 -0.0205784 -1.48568 3.12441 -320.144 460.407 -94.122 0.0205784
2.28183 -4.06994 320.103 539.652 646.433 -0.00282953 -1.79656 3.21017 -320.103 465.683 -82.6675 0.00282953
2.51952 -4.21413 320.03 571.409 710.687 0.0157163 -2.05093 3.47707 -320.03 490.688 -78.872 -0.0157163
2.68184 -4.38186 319.949 608.287 767.723 0.0344724 -2.26345 3.79073 -319.949 520.28 -84.041 -0.0344724
2.81179 -4.43121 319.879 628.354 816.361 0.052853 -2.44972 3.99929 -319.879 535.824 -88.9226 -0.052853
2.93699 -4.30355 319.818 614.799 854.421 0.070293 -2.61237 3.93543 -319.818 522.932 -87.169 -0.070293
3.03877 -3.97182 319.787 564.519 877.433 0.0862681 -2.73218 3.58543 -319.787 479.075 -79.5492 -0.0862681
3.14002 -3.39376 319.794 484.34 883.405 0.100315 -2.75687 3.08366 -319.794 410.148 -68.1345 -0.100315
3.18528 -2.77464 319.832 385.721 874.397 0.11205 -2.7522 2.37941 -319.832 326.033 -53.5523 -0.11205
3.13267 -2.16207 319.888 288.615 850.521 0.121174 -2.72264 1.69283 -319.888 243.748 -41.0773 -0.121174
3.00725 -1.66132 319.96 213.062 810.626 0.127486 -2.59591 1.18747 -319.96 180.377 -36.0719 -0.127486
2.79385 -1.42293 320.035 171.658 757.672 0.130888 -2.43401 0.881973 -320.035 146.681 -35.0324 -0.130888
2.60342 -1.41871 320.098 170.636 697.113 0.131385 -2.22032 0.886863 -320.098 147.798 -30.3893 -0.131385
2.42411 -1.62738 320.142 205.155 633.33 0.129061 -2.02004 1.15757 -320.142 179.476 -19.155 -0.129061
2.2521 -2.02731 320.158 262.303 567.326 0.124077 -1.80754 1.54251 -320.158 230.707 -6.38803 -0.124077
2.11031 -2.46194 320.145 329.155 501.639 0.116668 -1.54187 2.02298 -320.145 290.219 2.89972 -0.116668
1.95768 -2.87928 320.103 392.239 443.362 0.107128 -1.31733 2.46799 -320.103 346.213 8.97683 -0.107128
1.86869 -3.29101 320.04 444.409 399.943 0.0957837 -1.10818 2.76843 -320.04 392.385 11.1422 -0.0957837
1.7895 -3.61811 319.967 489.31 376.149 0.0829811 -0.976268 3.04921 -319.967 431.421 5.75247 -0.0829811
1.67809 -3.83327 319.88 526.253 373.157 0.0690788 -0.928536 3.33011 -319.88 462.974 -13.208 -0.0690788
1.51651 -3.79401 319.8 538.402 385.76 0.0544428 -0.906459 3.52916 -319.8 472.889 -51.0913 -0.0544428
1.38267 -3.51677 319.758 502.116 411.489 0.0394434 -0.865962 3.31311 -319.758 441.058 -100.766 -0.0394434
1.31596 -2.88547 319.76 410.307 452.459 0.0244496 -0.898512 2.70072 -319.76 361.134 -146.301 -0.0244496
1.41306 -1.8947 319.796 270.995 510.005 0.0098115 -0.985174 1.80477 -319.796 239.919 -178.308 -0.0098115
1.72924 -0.877954 319.879 106.85 586.478 -0.00415408 -1.09399 0.596299 -319.879 96.7964 -195.917 0.00415408
2.10054 -0.00209046 319.991 -38.2515 686.396 -0.017156 -1.37188 -0.50077 -319.991 -30.5349 -205.99 0.017156
2.43995 0.584457 320.099 -121.38 802.638 -0.0289205 -1.71564 -1.05953 -320.099 -105.559 -227.65 0.0289205
2.76665 0.545399 320.187 -123.354 929.948 -0.0391991 -2.01455 -1.15494 -320.187 -111.372 -268.285 0.0391991
3.05496 -0.0258418 320.254 -38.9874 1070 -0.0477679 -2.4121 -0.623107 -320.254 -43.4272 -313.316 0.0477679
3.38665 -1.05833 320.265 118.628 1218 -0.0544216 -2.88341 0.434843 -320.265 87.607 -350.127 0.0544216
3.813 -2.36287 320.235 317.062 1361.53 -0.0589845 -3.30571 1.78168 -320.235 255.281 -376.187 0.0589845
4.16546 -3.72511 320.153 520.584 1491.09 -0.0613241 -3.77247 3.1461 -320.153 428.264 -392.379 0.0613241
4.4246 -4.91728 320.029 697.603 1593.32 -0.0613528 -4.15142 4.32808 -320.029 579.073 -406.295 0.0613528
4.59665 -5.75108 319.913 823.886 1658.4 -0.0590243 -4.3675 5.19341 -319.913 687.41 -417.657 0.0590243
4.83098 -6.15602 319.792 885.108 1692.61 -0.0543498 -4.44625 5.61382 -319.792 740.155 -408.585 0.0543498
5.02072 -6.10908 319.687 877.931 1703.21 -0.0474324 -4.61147 5.56351 -319.687 733.904 -370.222 0.0474324
5.07633 -5.64148 319.613 809.372 1678.49 -0.0384764 -4.70395 5.10751 -319.613 674.928 -325.164 0.0384764
4.94424 -4.85098 319.582 693.076 1605.78 -0.0277632 -4.53222 4.33622 -319.582 575.568 -294.588 0.0277632
4.6293 -3.8623 319.611 546.727 1493.1 -0.0156344 -4.22706 3.36544 -319.611 451.349 -267.766 0.0156344
4.27575 -2.82621 319.671 391.37 1353.75 -0.00249328 -3.86785 2.32464 -319.671 319.926 -227.147 0.00249328
3.8845 -1.90442 319.774 248.872 1191.24 0.0112061 -3.47647 1.35152 -319.774 200.773 -173.07 -0.0112061
3.39153 -1.20232 319.91 140.515 1003.66 0.0249946 -3.00178 0.631031 -319.91 112.701 -119.516 -0.0249946
2.77935 -0.845296 320.051 82.2351 794.346 0.0384197 -2.4208 0.252043 -320.051 69.3585 -75.3916 -0.0384197
2.09811 -0.897159 320.146 83.7735 571.948 0.0510681 -1.75627 0.273414 -320.146 77.9422 -39.2719 -0.0510681
1.42085 -1.33642 320.233 145.047 350.276 0.0625978 -1.10125 0.713939 -320.233 138.162 -2.02639 -0.0625978
0.763338 -2.10141 320.323 256.579 134.079 0.0727514 -0.49325 1.49713 -320.323 240.416 38.969 -0.0727514
0.157268 -2.88684 320.306 388.254 -68.7311 0.0813357 0.0750877 2.52638 -320.306 359.325 79.1724 -0.0813357
-0.446374 -3.57477 320.21 495.464 -258.662 0.0882252 0.62001 3.33078 -320.21 458.189 110.097 -0.0882252
-1.08256 -3.98623 320.104 550.895 -436.887 0.0933943 1.13526 3.71029 -320.104 511.983 128.962 -0.0933943
-1.6795 -3.93401 320.012 545.932 -601.998 0.0969011 1.63921 3.73478 -320.012 513.123 141.736 -0.0969011
-2.20471 -3.56134 319.886 484.908 -748.247 0.0988379 2.05224 3.31795 -319.886 465.134 158.146 -0.0988379
-2.56321 -2.95719 319.779 385.789 -869.609 0.0993134 2.39577 2.6135 -319.779 383.562 182.319 -0.0993134
-2.75441 -2.14743 319.752 272.204 -962.782 0.098455 2.66138 1.91022 -319.752 288.224 212.205 -0.098455
-2.90858 -1.3039 319.753 153.566 -1028.41 0.0963872 2.7855 1.16547 -319.753 187.546 239.255 -0.0963872
-2.97345 -0.472925 319.787 33.9449 -1067.7 0.0932154 2.88501 0.3898 -319.787 85.3176 255.755 -0.0932154
-2.99432 0.386962 319.898 -82.5399 -1079.08 0.089035 2.88804 -0.31976 -319.898 -14.912 263.799 -0.089035
-2.99507 1.19739 320.037 -195.469 -1063.98 0.0839297 2.75979 -1.03479 -320.037 -112.624 266.337 -0.0839297
-2.94259 1.97986 320.176 -304.172 -1031.07 0.0779652 2.61566 -1.72439 -320.176 -207.191 260.643 -0.0779652
-2.85767 2.68099 320.313 -405.027 -986.805 0.0712013 2.46372 -2.38991 -320.313 -295.047 249.186 -0.0712013
-2.71558 3.30007 320.417 -491.444 -933.377 0.0637002 2.28832 -2.94234 -320.417 -370.398 239.711 -0.0637002
-2.52561 3.80426 320.471 -559.078 -874.052 0.0555282 2.08592 -3.35874 -320.471 -429.883 234.684 -0.0555282
-2.30637 4.13976 320.482 -606.838 -813.703 0.0467654 1.89878 -3.67696 -320.482 -472.394 230.568 -0.0467654
-2.12964 4.16519 320.442 -624.402 -755.768 0.0375165 1.70995 -3.89772 -320.442 -488.826 223.231 -0.0375165
-1.97045 3.93389 320.355 -593.597 -702.317 0.0279186 1.56985 -3.72269 -320.355 -463.524 211.224 -0.0279186
-1.81777 3.35691 320.237 -508.258 -652.487 0.0181473 1.45715 -3.15733 -320.237 -391.126 198.149 -0.0181473
-1.67295 2.41406 320.119 -375.207 -604.019 0.00841383 1.32879 -2.31708 -320.119 -277.962 187.5 -0.00841383
-1.54188 1.26402 319.999 -207.094 -559.817 -0.00104699 1.22319 -1.21378 -319.999 -134.927 176.067 0.00104699
-1.4511 0.167155 319.888 -30.3384 -522.848 -0.00998509 1.16515 0.0590879 -319.888 15.5367 159.731 0.00998509
-1.42106 -0.66121 319.836 109.777 -493.31 -0.0181403 1.13707 1.10775 -319.836 134.606 138.298 0.0181403
-1.45397 -1.04932 319.84 171.235 -471.132 -0.0252499 1.12571 1.53964 -319.84 186.375 113.221 0.0252499
-1.49371 -0.781145 319.887 136.64 -456.106 -0.0310623 1.16333 1.33688 -319.887 155.943 87.5832 0.0310623
-1.52279 0.113034 319.987 8.42686 -444.464 -0.0353523 1.19766 0.502737 -319.987 45.5027 67.2494 0.0353523
-1.51915 1.39604 320.121 -191.074 -433.245 -0.0379375 1.21525 -0.901509 -320.121 -126.06 54.1588 0.0379375
-1.50974 2.82893 320.261 -416.803 -421.437 -0.0386884 1.21205 -2.50991 -320.261 -320.285 44.1444 0.0386884
-1.50245 4.05867 320.373 -613.523 -408.545 -0.0375279 1.20897 -3.92877 -320.373 -489.293 32.7384 0.0375279
-1.46917 4.93505 320.441 -738.681 -392.355 -0.0344334 1.20742 -4.73819 -320.441 -596.916 21.4115 0.0344334
-1.38473 5.27381 320.466 -781.813 -369.355 -0.0294479 1.16824 -4.98424 -320.466 -634.537 15.5361 0.0294479
-1.25535 5.02821 320.447 -750.654 -337.519 -0.0226865 1.06315 -4.81551 -320.447 -608.484 16.132 0.0226865
-1.09831 4.37921 320.39 -653.779 -299.156 -0.014329 0.930809 -4.16696 -320.39 -526.191 17.7907 0.014329
-0.93542 3.40567 320.305 -506.385 -257.183 -0.00460657 0.796312 -3.16681 -320.305 -401.052 16.9528 0.00460657
-0.755942 2.18552 320.197 -329.525 -210.686 0.00620398 0.640213 -2.01965 -320.197 -251.027 16.8702 -0.00620398
-0.597909 0.92542 320.089 -141.901 -161.398 0.0177881 0.423907 -0.769331 -320.089 -92.0071 19.3479 -0.0177881
-0.45819 -0.259852 319.998 35.7333 -116.627 0.0298118 0.226958 0.42265 -319.998 58.6152 21.1346 -0.0298118
-0.32269 -1.22493 319.905 181.78 -80.4785 0.0419348 0.0826751 1.40934 -319.905 182.072 23.6715 -0.0419348
-0.236944 -1.72062 319.838 269.088 -57.054 0.0538146 -0.0515558 2.07983 -319.838 255.793 30.6469 -0.0538146
-0.184623 -1.59489 319.823 266.203 -51.5047 0.0651185 -0.122 2.16604 -319.823 253.22 42.0417 -0.0651185
-0.167708 -0.788351 319.853 151.024 -66.5956 0.0755343 -0.104098 1.4322 -319.853 155.702 56.954 -0.0755343
-0.233393 0.633034 319.928 -67.1642 -100.955 0.0847706 -0.0542778 -0.0647568 -319.928 -29.0823 75.2876 -0.0847706
-0.352944 2.43655 320.071 -346.244 -152.36 0.0925609 0.0602384 -1.99786 -320.071 -265.964 94.2628 -0.0925609
-0.535827 4.25749 320.216 -628.128 -220.999 0.098671 0.253878 -3.95334 -320.216 -505.539 110.774 -0.098671
-0.76478 5.70906 320.324 -853.863 -301.003 0.102903 0.478048 -5.52612 -320.324 -697.415 128.046 -0.102903
-1.02404 6.57209 320.438 -981.452 -387.862 0.105099 0.712057 -6.36766 -320.438 -805.198 146.609 -0.105099
-1.33288 6.60126 320.508 -992.014 -482.572 0.105145 0.976206 -6.46353 -320.508 -811.9 161.998 -0.105145
-1.66714 5.80211 320.528 -881.14 -583.616 0.102976 1.29551 -5.75087 -320.528 -714.015 172.585 -0.102976
-1.99908 4.28738 320.493 -660.713 -687.017 0.0985906 1.63775 -4.27782 -320.493 -521.876 182.673 -0.0985906
-2.30917 2.22781 320.391 -360.013 -786.328 0.09206 1.9489 -2.26715 -320.391 -260.538 195.984 -0.09206
-2.61614 -0.0939597 320.245 -19.3243 -881.276 0.0835368 2.24192 0.0152406 -320.245 34.5338 207.875 -0.0835368
-2.91698 -2.35932 320.097 313.936 -970.796 0.0732591 2.54535 2.2549 -320.097 323.345 213.769 -0.0732591
-3.18884 -4.28381 319.919 596.549 -1049.23 0.0615425 2.81957 4.15247 -319.919 568.496 216.637 -0.0615425
-3.45027 -5.51013 319.789 786.696 -1113.21 0.0487747 3.00412 5.50691 -319.789 734.711 218.915 -0.0487747
-3.70055 -5.90564 319.69 851.901 -1166.08 0.0354087 3.14286 6.00359 -319.69 792.705 217.972 -0.0354087
-3.8848 -5.38522 319.663 776.19 -1209.73 0.0219404 3.29274 5.51022 -319.663 728.43 215.421 -0.0219404
-4.01956 -3.94681 319.709 569.364 -1241.22 0.00888199 3.35925 4.16093 -319.709 550.321 219.07 -0.00888199
-4.05019 -1.82756 319.822 258.134 -1259.25 -0.00327171 3.3712 2.08427 -319.822 282.166 231.183 0.00327171
-4.02877 0.682331 319.99 -112.75 -1266.76 -0.0140678 3.33602 -0.411084 -319.99 -38.0936 246.474 0.0140678
-4.00877 3.21901 320.166 -489.181 -1268.31 -0.0231046 3.27233 -2.96057 -320.166 -363.981 259.565 0.0231046
-3.95047 5.43401 320.342 -815.622 -1265.71 -0.0300485 3.23309 -5.16323 -320.342 -647.549 270.422 0.0300485
-3.85117 7.02812 320.49 -1049.14 -1258.7 -0.0346606 3.18485 -6.73037 -320.49 -850.554 283.777 0.0346606
-3.73511 7.80915 320.592 -1162.27 -1246.3 -0.0368087 3.08047 -7.48224 -320.592 -949.096 301.814 0.0368087
-3.56963 7.69255 320.645 -1146.44 -1230.64 -0.0364642 3.0049 -7.38581 -320.645 -935.501 319.438 0.0364642
-3.40404 6.70651 320.637 -1006.56 -1211.39 -0.0336983 2.93309 -6.48059 -320.637 -814.233 332.982 0.0336983
-3.21379 5.03831 320.555 -761.378 -1184.93 -0.0286803 2.86567 -4.83397 -320.555 -601.688 342.124 0.0286803
-2.98179 2.8496 320.431 -441.977 -1145.24 -0.0216669 2.77451 -2.7097 -320.431 -325.535 347.119 0.0216669
-2.77027 0.419956 320.268 -86.877 -1089.37 -0.0129894 2.60177 -0.352091 -320.268 -19.5937 344.409 0.0129894
-2.46932 -1.8913 320.074 259.587 -1015.52 -0.00303692 2.47298 1.99661 -320.074 277.404 330.035 0.00303692
-2.24165 -3.84264 319.864 548.768 -923.773 0.00776722 2.22768 3.92449 -319.864 523.876 303.786 -0.00776722
-2.12324 -5.1416 319.715 740.391 -822.823 0.0189866 1.9333 5.18686 -319.715 685.927 260.073 -0.0189866
-1.91722 -5.56491 319.615 809.476 -717.957 0.0301953 1.7997 5.67175 -319.615 742.245 202.378 -0.0301953
-1.6981 -5.09403 319.569 744.047 -602.623 0.0410042 1.55869 5.23667 -319.569 682.571 150.871 -0.0410042
-1.44652 -3.77332 319.609 551.091 -479.748 0.0510633 1.22136 3.93238 -319.609 513.054 109.618 -0.0510633
-1.20228 -1.68423 319.752 253.034 -362.268 0.0600596 0.948189 1.98179 -319.752 253.295 63.8953 -0.0600596
-1.03091 0.848147 319.91 -117.573 -253.779 0.06774 0.723627 -0.498782 -319.91 -68.3053 10.3901 -0.06774
-0.864758 3.47418 320.138 -512.543 -148.993 0.0739341 0.502085 -3.20041 -320.138 -408.997 -40.5645 -0.0739341
-0.684259 5.87179 320.355 -864.402 -51.5591 0.0785414 0.270707 -5.56707 -320.355 -715.01 -80.8576 -0.0785414
-0.503158 7.64948 320.502 -1125.7 36.1045 0.0815031 0.020024 -7.33958 -320.502 -943.944 -108.673 -0.0815031
-0.363845 8.58316 320.609 -1264.29 108.517 0.0828029 -0.211479 -8.29185 -320.609 -1065.77 -129.707 -0.0828029
-0.298404 8.61937 320.632 -1265.57 155.002 0.0824822 -0.344594 -8.28237 -320.632 -1068.19 -148.658 -0.0824822
-0.206358 7.79484 320.599 -1139.16 176.977 0.0806315 -0.360265 -7.40502 -320.599 -959.599 -155.713 -0.0806315
-0.0810693 6.32132 320.522 -914.38 182.15 0.0773748 -0.401495 -5.85037 -320.522 -766.233 -137.924 -0.0773748
0.0247585 4.36123 320.393 -630.811 171.832 0.0728674 -0.490005 -3.98721 -320.393 -521.873 -100.869 -0.0728674
0.0912421 2.25497 320.2 -322.079 137.085 0.0672949 -0.444194 -1.93005 -320.2 -255.704 -63.4167 -0.0672949
0.0136432 0.273354 320.017 -25.4154 75.8948 0.0608735 -0.320637 0.0870473 -320.017 -0.211011 -30.1892 -0.0608735
-0.152435 -1.39032 319.862 218.259 -6.69575 0.05384 -0.146048 1.71105 -319.862 210.087 5.13984 -0.05384
-0.449166 -2.47713 319.731 375.444 -108.364 0.0464309 0.00869432 2.76139 -319.731 348.011 44.2104 -0.0464309
-0.883137 -2.9339 319.677 433.741 -236.837 0.0388873 0.251139 3.12506 -319.677 403.009 78.9848 -0.0388873
-1.41904 -2.85944 319.705 404.601 -397.879 0.0314562 0.658229 2.84969 -319.705 383.849 109.468 -0.0314562
-2.02112 -2.34724 319.803 316.998 -589.464 0.024357 1.16712 2.22915 -319.803 315.046 147.241 -0.024357
-2.64127 -1.70507 319.965 205.546 -807.165 0.0177595 1.73653 1.4176 -319.965 225.771 200.215 -0.0177595
-3.20259 -1.09449 320.127 104.558 -1040.95 0.0117951 2.37905 0.708921 -320.127 144.597 267.249 -0.0117951
-3.81502 -0.651468 320.275 35.7482 -1287.25 0.00655106 3.03163 0.260409 -320.275 90.3057 338.325 -0.00655106
-4.49679 -0.511562 320.453 9.7647 -1540.27 0.0020603 3.71569 0.0745131 -320.453 71.3035 402.192 -0.0020603
-5.15486 -0.683549 320.532 27.8319 -1787.95 -0.00168009 4.45363 0.170114 -320.532 90.1886 456.579 0.00168009
-5.71564 -1.15285 320.564 92.3511 -2011.73 -0.00468694 5.12519 0.599798 -320.564 149.809 509.698 0.00468694
-6.295 -1.88782 320.515 198.175 -2205.75 -0.00697712 5.60068 1.32725 -320.515 245.926 557.616 0.00697712
-6.87423 -2.82941 320.439 333.336 -2375.7 -0.00853966 6.05734 2.24813 -320.439 367.948 584.158 0.00853966
-7.47297 -3.79453 320.314 479.199 -2525.05 -0.00932097 6.53005 3.29319 -320.314 499.664 585.264 0.00932097
-8.00027 -4.61843 320.126 609.037 -2647.43 -0.00923425 6.9452 4.26465 -320.126 617.742 577.282 0.00923425
-8.27837 -5.24511 319.941 698.033 -2732.62 -0.00816885 7.26579 4.87634 -319.941 699.75 579.621 0.00816885
-8.2411 -5.44525 319.775 733.718 -2771.98 -0.0060094 7.44279 5.1754 -319.775 732.999 599.582 0.0060094
-8.10747 -5.17134 319.648 704.401 -2765.56 -0.00266542 7.36817 5.04758 -319.648 706.842 621.901 0.00266542
-7.8886 -4.62941 319.594 610.69 -2721.13 0.00191628 7.27404 4.29711 -319.594 622.089 620.776 -0.00191628
-7.52114 -3.7462 319.59 477.465 -2631.35 0.00775169 7.16323 3.34129 -319.59 501.368 597.263 -0.00775169
-7.07876 -2.70805 319.613 331.212 -2480.7 0.0148003 6.71821 2.36228 -319.613 369.077 569.482 -0.0148003
-6.53218 -1.60579 319.713 183.203 -2275.71 0.0229442 6.05733 1.42284 -319.713 235.154 531.677 -0.0229442
-5.8715 -0.485027 319.896 32.6203 -2030.36 0.0319971 5.38645 0.46681 -319.896 98.9601 470.748 -0.0319971
-5.09784 0.621041 320.029 -122.081 -1748.41 0.0417132 4.66115 -0.551271 -320.029 -39.6536 396.417 -0.0417132
-4.22495 1.61245 320.203 -269.447 -1429.64 0.0517836 3.74656 -1.57695 -320.203 -170.818 325.143 -0.0517836
-3.30946 2.40787 320.355 -383.685 -1096.71 0.0618489 2.78845 -2.35828 -320.355 -274.307 251.643 -0.0618489
-2.38169 2.83945 320.411 -446.801 -765.986 0.0715152 1.8897 -2.82335 -320.411 -335.009 173.858 -0.0715152
-1.41971 2.84106 320.463 -444.217 -442.57 0.0803657 1.03204 -2.85411 -320.463 -342.074 102.42 -0.0803657
-0.520523 2.50537 320.434 -383.366 -125.769 0.0879767 0.0883609 -2.43327 -320.434 -298.468 40.77 -0.0879767
0.300673 1.93 320.353 -282.044 166.462 0.0939406 -0.723861 -1.71295 -320.353 -220.888 -25.2762 -0.0939406
1.08189 1.23661 320.217 -171.044 431.837 0.0978984 -1.37502 -0.988591 -320.217 -136.134 -92.2921 -0.0978984
1.72679 0.677891 320.048 -79.9117 664.557 0.0995621 -2.00287 -0.38118 -320.048 -66.2532 -148.77 -0.0995621
2.25336 0.349418 319.912 -25.3518 859.484 0.0987264 -2.56694 -0.0239446 -319.912 -26.1368 -192.686 -0.0987264
2.59712 0.158659 319.841 -10.5921 1003.98 0.0952943 -2.96471 -0.0483466 -319.841 -17.9304 -234.467 -0.0952943
2.8005 0.105126 319.788 -13.6999 1093.28 0.0892973 -3.13637 -0.162447 -319.788 -23.1891 -271.761 -0.0892973
2.93092 0.107618 319.77 -13.4004 1136.6 0.0808809 -3.20512 -0.165454 -319.77 -24.2496 -287.477 -0.0808809
2.98186 0.040481 319.824 -3.86913 1137.92 0.0702806 -3.23705 -0.104186 -319.824 -16.0503 -277.369 -0.0702806
2.95779 -0.0642798 319.904 11.6822 1092.71 0.0578205 -3.09233 0.00939734 -319.904 -1.45041 -255.583 -0.0578205
2.68475 0.0116393 319.998 18.5705 999.108 0.0439191 -2.8434 0.196502 -319.998 7.01744 -234.255 -0.0439191
2.16047 0.399994 320.109 -18.0689 856.464 0.029078 -2.45691 0.123789 -320.109 -20.0034 -217.646 -0.029078
1.53903 1.09036 320.21 -125.614 669.427 0.013871 -1.8633 -0.586416 -320.21 -105.846 -198.739 -0.013871
0.850983 2.23637 320.289 -297.512 450.381 -0.00108142 -1.23742 -1.69572 -320.289 -245.358 -161.556 0.00108142
0.0969655 3.48797 320.37 -501.662 204.998 -0.0151592 -0.620271 -3.12171 -320.37 -410.928 -106.014 0.0151592
-0.616209 4.57042 320.44 -681.797 -55.9397 -0.0277817 0.0946818 -4.40233 -320.44 -557.084 -42.85 0.0277817
-1.35442 5.24852 320.455 -789.503 -336.153 -0.0384225 0.936734 -5.12061 -320.455 -642.187 18.545 0.0384225
-2.09269 5.2841 320.345 -797.958 -615.177 -0.0466263 1.71099 -5.14941 -320.345 -642.614 88.0855 0.0466263
-2.77019 4.7505 320.36 -712.558 -883.014 -0.0520519 2.40313 -4.48911 -320.36 -563.15 166.17 0.0520519
-3.45136 3.69558 320.271 -556.707 -1144.05 -0.0544936 3.07834 -3.41463 -320.271 -424.962 239.321 0.0544936
-4.15296 2.3865 320.127 -364.589 -1392.03 -0.0538514 3.71558 -2.10601 -320.127 -255.615 301.883 0.0538514
-4.85465 1.04362 320.132 -166.339 -1624.06 -0.0501403 4.31309 -0.748952 -320.132 -81.0449 354.014 0.0501403
-5.43925 -0.168103 320.118 8.62007 -1829.42 -0.0435255 4.85921 0.424987 -320.118 73.421 402.794 0.0435255
-5.85303 -1.03096 320.066 136.668 -1999.83 -0.0343043 5.30839 1.3206 -320.066 188.194 453.64 0.0343043
-6.14376 -1.40335 320.07 199.823 -2134.51 -0.0228644 5.63321 1.82311 -320.07 245.85 502.991 0.0228644
-6.36591 -1.26716 320.142 181.937 -2234.49 -0.00965759 5.86197 1.72754 -320.142 231.735 540.458 0.00965759
-6.49237 -0.606294 320.178 84.0305 -2298.4 0.00481692 6.0525 1.06037 -320.178 146.26 560.449 -0.00481692
-6.50524 0.5379 320.191 -79.4187 -2319.69 0.0200312 6.1335 -0.0214971 -320.191 2.32156 568.729 -0.0200312
-6.33771 1.97395 320.23 -287.939 -2289.95 0.0354524 6.04799 -1.42956 -320.23 -181.89 573.979 -0.0354524
-5.98676 3.51775 320.252 -515.765 -2206.62 0.0505587 5.79198 -2.99486 -320.252 -383.386 574.615 -0.0505587
-5.45303 4.93738 320.255 -731.048 -2068.95 0.0648448 5.42135 -4.49943 -320.255 -571.89 562.09 -0.0648448
-4.84497 5.9407 320.214 -890.665 -1879.99 0.0778389 4.9003 -5.65658 -320.214 -710.599 529.442 -0.0778389
-4.17504 6.26375 320.192 -952.066 -1644.89 0.0891407 4.26566 -6.16196 -320.192 -763.589 474.985 -0.0891407
-3.43175 5.69418 320.188 -881.09 -1364.98 0.0984445 3.51016 -5.77835 -320.188 -702.945 402.663 -0.0984445
-2.60111 4.29227 320.129 -671.289 -1048.21 0.105534 2.66557 -4.3646 -320.129 -523.95 317.916 -0.105534
-1.66158 2.13096 320.093 -347.534 -701.42 0.110285 1.74162 -2.20541 -320.093 -251.119 229.203 -0.110285
-0.650084 -0.404261 320.158 37.7966 -332.726 0.112656 0.732683 0.362367 -320.158 68.176 140.299 -0.112656
0.411659 -2.89888 320.103 415.654 47.0433 0.112667 -0.294834 2.8508 -320.103 378.378 49.8392 -0.112667
1.48356 -4.91524 320.063 722.479 432.801 0.110411 -1.34766 4.86937 -320.063 628.693 -41.7204 -0.110411
2.46109 -6.1497 319.968 911.209 796.639 0.106075 -2.28653 6.09476 -319.968 779.615 -140.144 -0.106075
3.42928 -6.43133 319.932 957.618 1133.5 0.0999069 -3.09648 6.37638 -319.932 810.971 -230.724 -0.0999069
4.39426 -5.75326 319.955 860.21 1454.94 0.0921662 -3.9732 5.70016 -319.955 721.366 -297.149 -0.0921662
5.25776 -4.25545 319.992 639.287 1751.89 0.0831261 -4.84393 4.18872 -319.992 526.756 -354.002 -0.0831261
5.9388 -2.18095 319.996 333.345 2002.83 0.0730538 -5.48747 2.11064 -319.996 259.292 -421.476 -0.0730538
6.43248 0.143439 320.068 -6.95207 2204.94 0.0621796 -5.95959 -0.191105 -320.068 -39.2095 -489.737 -0.0621796
6.82779 2.36051 320.15 -331.339 2363.97 0.0507037 -6.36708 -2.39487 -320.15 -325.274 -537.526 -0.0507037
7.17107 4.16435 320.187 -595.452 2478.93 0.0388008 -6.68943 -4.19525 -320.187 -558.851 -560.306 -0.0388008
7.38802 5.33104 320.199 -764.66 2545.32 0.0266264 -6.8917 -5.33844 -320.199 -708.605 -568.665 -0.0266264
7.40987 5.72533 320.229 -820.762 2557.08 0.0143473 -6.91756 -5.71032 -320.229 -758.299 -573.794 -0.0143473
7.26762 5.39307 320.214 -767.263 2515.24 0.00216115 -6.74644 -5.30776 -320.214 -710.33 -575.307 -0.00216115
6.99484 4.5348 320.181 -628.193 2425.82 -0.00969848 -6.45089 -4.26567 -320.181 -586.988 -564.554 0.00969848
6.54503 3.30062 320.135 -445.537 2291.52 -0.0209577 -6.11276 -2.99923 -320.135 -424.343 -539.354 0.0209577
5.97419 1.96492 320.072 -253.354 2106.67 -0.0313134 -5.57803 -1.70184 -320.072 -252.933 -507.559 0.0313134
5.28359 0.821593 319.969 -79.99 1877.05 -0.0404462 -4.89566 -0.46723 -319.969 -97.9377 -468.006 0.0404462
4.52958 -0.0129017 319.92 45.6681 1613.93 -0.0480409 -4.14284 0.427519 -319.92 15.1895 -413.515 0.0480409
3.78231 -0.33014 319.832 96.5351 1330.99 -0.0538183 -3.35539 0.834759 -319.832 64.3673 -343.111 0.0538183
2.97476 -0.0527297 319.792 56.2299 1030.9 -0.0575545 -2.55664 0.625592 -319.792 37.4936 -265.477 0.0575545
2.0949 0.772456 319.82 -72.8872 719.343 -0.0590917 -1.73573 -0.210978 -319.82 -62.837 -189.427 0.0590917
1.22781 2.07134 319.831 -268.459 405.295 -0.0583445 -0.859831 -1.46148 -319.831 -219.278 -116.713 0.0583445
0.391333 3.55659 319.937 -499.038 103.986 -0.0553081 -0.0510413 -2.99462 -319.937 -405.473 -43.2283 0.0553081
-0.340919 4.99196 320.172 -719.921 -169.364 -0.0500474 0.641056 -4.47566 -320.172 -587.29 32.8265 0.0500474
-1.02425 6.14327 320.22 -898.166 -420.79 -0.0426631 1.29596 -5.68003 -320.22 -734.318 98.8995 0.0426631
-1.64854 6.78311 320.312 -1002.09 -645.057 -0.0332994 1.89689 -6.40274 -320.312 -818.532 153.481 0.0332994
-2.14847 6.79928 320.516 -1009.86 -833.033 -0.0221649 2.40428 -6.47374 -320.516 -822.803 201.929 0.0221649
-2.47761 6.14806 320.506 -920.833 -980.008 -0.00950532 2.81137 -5.90384 -320.506 -743.21 246.897 0.00950532
-2.66964 4.87052 320.449 -739.974 -1079.57 0.00441632 3.03898 -4.72561 -320.449 -584.964 288.257 -0.00441632
-2.71427 3.11059 320.467 -486.815 -1128.33 0.0192949 3.12133 -3.05827 -320.467 -364.87 319.341 -0.0192949
-2.63823 1.09412 320.375 -190.424 -1125.64 0.0347677 3.07952 -1.07099 -320.375 -108.407 332.902 -0.0347677
-2.46081 -0.930012 320.181 109.562 -1070.8 0.0504343 2.89382 0.944436 -320.181 149.403 328.294 -0.0504343
-2.18233 -2.65965 320.038 370.442 -966.914 0.0658742 2.56302 2.71462 -320.038 371.788 308.742 -0.0658742
-1.86504 -3.83654 319.911 552.406 -824.31 0.0806465 2.08924 3.96197 -319.911 524.568 275.669 -0.0806465
-1.50268 -4.32448 319.763 628.36 -656.463 0.0943054 1.57317 4.46084 -319.763 584.87 229.487 -0.0943054
-0.946546 -4.02994 319.689 590.784 -470.914 0.106431 1.13961 4.20703 -319.689 546.721 181.014 -0.106431
-0.371168 -3.06042 319.697 450.392 -268.988 0.116636 0.520243 3.2384 -319.697 419.48 144.505 -0.116636
0.305933 -1.57581 319.711 232.932 -55.1467 0.124569 -0.112832 1.74418 -319.711 225.604 112.04 -0.124569
0.968951 0.176722 319.852 -27.2033 162.532 0.129942 -0.711483 -0.0425377 -319.852 -2.97608 69.0536 -0.129942
1.56021 1.90503 320.026 -281.842 375.336 0.132554 -1.26569 -1.79361 -320.026 -228.79 14.9094 -0.132554
2.17738 3.37302 320.145 -497.29 589.394 0.132288 -1.81501 -3.27781 -320.145 -420.999 -37.5981 -0.132288
2.79706 4.37682 320.335 -644.216 802.568 0.129095 -2.39967 -4.30199 -320.335 -554.113 -84.0099 -0.129095
3.39821 4.80544 320.537 -705.149 1009.27 0.123012 -2.9676 -4.74441 -320.537 -613.464 -128.841 -0.123012
3.90748 4.60526 320.569 -673.42 1199.18 0.114182 -3.46344 -4.56516 -320.569 -592.808 -179.557 -0.114182
4.34955 3.82424 320.581 -555.865 1369.3 0.102841 -3.86948 -3.80207 -320.581 -497.153 -232.196 -0.102841
4.75223 2.57146 320.603 -369.284 1520.08 0.0892838 -4.23198 -2.5691 -320.603 -340.496 -276.987 -0.0892838
5.114 1.00617 320.499 -138.48 1648.4 0.0738825 -4.55787 -1.03843 -320.499 -143.801 -310.083 -0.0738825
5.45242 -0.668689 320.292 108.959 1753.49 0.0570787 -4.8119 0.611209 -320.292 67.8159 -333.154 -0.0570787
5.67901 -2.23824 320.119 340.5 1832.33 0.0393622 -5.01758 2.15643 -320.119 266.374 -352.143 -0.0393622
5.76386 -3.51285 319.942 525.95 1878.79 0.0212563 -5.113 3.38404 -319.942 426.438 -373.597 -0.0212563
5.76354 -4.34369 319.717 645.231 1895.06 0.00331405 -5.0862 4.16625 -319.717 529.891 -393.557 -0.00331405
5.71096 -4.65906 319.571 688.134 1888.08 -0.0138962 -5.02412 4.43314 -319.571 567.387 -402.407 0.0138962
5.61555 -4.5456 319.518 659.499 1859.15 -0.0298245 -4.9257 4.16323 -319.518 543.086 -400.294 0.0298245
5.39253 -4.03086 319.491 578.464 1803.85 -0.0439643 -4.77244 3.5875 -319.491 473.544 -397.054 0.0439643
5.05978 -3.26878 319.536 465.211 1718.8 -0.0558647 -4.48489 2.82999 -319.536 376.968 -397.805 0.0558647
4.59373 -2.44306 319.661 338.49 1607.38 -0.0651519 -4.15649 1.96055 -319.661 269.618 -396.282 0.0651519
4.10904 -1.50845 319.802 212.001 1474.1 -0.0715563 -3.76143 1.20588 -319.802 162.849 -384.722 0.0715563
3.57664 -0.639332 319.957 87.489 1319.3 -0.0749264 -3.34727 0.41825 -319.957 58.5952 -360.941 0.0749264
2.96239 0.168514 320.131 -32.9514 1136.8 -0.0752293 -2.86972 -0.362768 -320.131 -40.3542 -329.565 0.0752293
2.48188 0.892435 320.255 -139.775 933.958 -0.072545 -2.19517 -1.03243 -320.255 -125.953 -286.631 0.072545
1.90105 1.39956 320.354 -221.054 725.051 -0.067062 -1.70287 -1.56893 -320.354 -188.773 -226.364 0.067062
1.28528 1.58511 320.368 -261.537 507.307 -0.0590663 -1.17259 -1.87462 -320.368 -216.113 -167.345 0.0590663
0.660307 1.47848 320.315 -248.422 279.89 -0.0489182 -0.481791 -1.7452 -320.315 -196.622 -122.093 0.0489182
0.0703276 0.994574 320.233 -180.625 62.7803 -0.0370204 0.140952 -1.26111 -320.233 -130.745 -72.9156 0.0370204
-0.412001 0.18153 320.137 -65.3311 -133.115 -0.0237984 0.636301 -0.485629 -320.137 -26.6854 -12.4827 0.0237984
-0.843514 -0.775219 319.967 77.4374 -307.186 -0.00968537 1.04297 0.515538 -319.967 100.907 45.4247 0.00968537
-1.34331 -1.78762 319.804 225.176 -466.578 0.00491839 1.40794 1.53135 -319.804 233.237 85.0357 -0.00491839
-1.80492 -2.69396 319.732 357.203 -613.152 0.0196694 1.82714 2.43609 -319.732 351.294 109.666 -0.0196694
-2.1724 -3.35717 319.714 455.535 -737.82 0.0342556 2.16202 3.12377 -319.714 439.502 137.078 -0.0342556
-2.39137 -3.69861 319.68 506.412 -831.945 0.048382 2.34406 3.48841 -319.68 486.126 175.595 -0.048382
-2.45879 -3.67645 319.741 503.326 -898.708 0.0617835 2.46497 3.48258 -319.741 485.348 216.17 -0.0617835
-2.49992 -3.29499 319.871 447.637 -941.052 0.0742208 2.50085 3.12194 -319.871 438.568 247.757 -0.0742208
-2.51673 -2.57832 319.973 345.967 -960.884 0.0854685 2.50368 2.47233 -319.973 351.578 264.818 -0.0854685
-2.4247 -1.60287 320.075 206.879 -954.178 0.0953197 2.48608 1.57256 -320.075 231.727 273.255 -0.0953197
-2.23482 -0.472402 320.196 41.9358 -914.336 0.10359 2.31265 0.474519 -320.196 88.9505 283.641 -0.10359
-1.97454 0.707107 320.287 -131.399 -845.551 0.110112 2.01306 -0.691068 -320.287 -61.5357 292.283 -0.110112
-1.72558 1.81406 320.335 -292.137 -759.725 0.114747 1.68871 -1.76209 -320.335 -201.541 285.796 -0.114747
-1.47967 2.69213 320.356 -419.993 -664.73 0.117406 1.4187 -2.6232 -320.356 -313.84 262.26 -0.117406
-1.19702 3.12339 320.354 -492.308 -557.749 0.118053 1.11884 -3.18904 -320.354 -379.211 235.956 -0.118053
-0.871515 3.06877 320.321 -486.095 -439.586 0.116694 0.731498 -3.18705 -320.321 -377.611 216.475 -0.116694
-0.492006 2.43445 320.227 -391.268 -318.47 0.113366 0.364152 -2.57139 -320.227 -299.839 198.736 -0.113366
-0.0888283 1.22027 320.127 -213.867 -198.738 0.108147 0.0528592 -1.42625 -320.127 -151.463 177.904 -0.108147
0.195131 -0.415291 320.04 26.9157 -85.5191 0.101154 -0.292113 0.149803 -320.04 51.2207 151.766 -0.101154
0.467079 -2.27745 319.945 303.872 20.0908 0.0925553 -0.55699 1.97829 -319.945 283.874 120.503 -0.0925553
0.669359 -4.10774 319.831 576.139 111.203 0.0825631 -0.768271 3.7794 -319.831 513.038 86.6925 -0.0825631
0.749299 -5.65447 319.778 804.413 183.994 0.0714295 -0.985171 5.28223 -319.778 705.852 55.0526 -0.0714295
0.777933 -6.67193 319.764 955.955 229.549 0.0594417 -1.05921 6.29075 -319.764 834.061 23.795 -0.0594417
0.776509 -7.03557 319.759 1009.21 247.348 0.0469073 -1.00283 6.63855 -319.759 879.046 -1.9167 -0.0469073
0.714375 -6.67842 319.81 956.956 242.542 0.0341455 -0.939524 6.29455 -319.81 834.481 -14.4163 -0.0341455
0.641676 -5.62032 319.898 804.891 216.351 0.0214833 -0.802086 5.31468 -319.898 705.136 -17.2723 -0.0214833
0.525225 -4.04631 319.988 571.148 170.898 0.00923189 -0.588975 3.75955 -319.988 506.801 -17.3884 -0.00923189
0.295831 -2.11507 320.096 286.66 111.741 -0.00234409 -0.379841 1.88956 -320.096 266.41 -18.8664 0.00234409
0.0290017 -0.0861406 320.166 -9.77301 42.227 -0.0130235 -0.101764 -0.041254 -320.166 16.073 -24.6892 0.0130235
-0.198419 1.70656 320.226 -279.267 -27.8881 -0.0226082 0.205118 -1.85096 -320.226 -211.861 -28.4559 0.0226082
-0.412132 3.0696 320.282 -482.723 -89.5872 -0.0309318 0.406878 -3.21222 -320.282 -384.584 -24.2347 0.0309318
-0.582044 3.85523 320.261 -596.156 -144.197 -0.0378714 0.600761 -3.9424 -320.261 -480.457 -19.9578 0.0378714
-0.693816 3.92027 320.228 -609.969 -188.044 -0.0433296 0.805179 -4.05442 -320.228 -491.092 -19.8516 0.0433296
-0.695961 3.24939 320.207 -521.854 -212.021 -0.0472254 0.965952 -3.53433 -320.207 -414.753 -18.4237 0.0472254
-0.663269 2.08081 320.163 -340.786 -209.293 -0.0495002 0.949135 -2.27135 -320.163 -260.064 -14.3263 0.0495002
-0.63183 0.543017 320.091 -104.318 -184.134 -0.0501076 0.835643 -0.639408 -320.091 -58.8467 -19.4322 0.0501076
-0.645735 -1.09199 320.048 139.562 -147.924 -0.0490032 0.730452 0.99255 -320.048 148.384 -42.9474 0.0490032
-0.543936 -2.46598 319.996 350.207 -96.7508 -0.0461527 0.654159 2.43437 -319.996 326.553 -69.4108 0.0461527
-0.33652 -3.36845 319.914 491.707 -27.9277 -0.0415461 0.439869 3.41476 -319.914 445.039 -79.873 0.0415461
-0.0353907 -3.66997 319.876 539.203 54.2128 -0.0352055 0.12045 3.73102 -319.876 482.846 -76.188 0.0352055
0.304957 -3.37836 319.876 489.77 137.749 -0.0271871 -0.155611 3.3402 -319.876 438.043 -74.4578 0.0271871
0.563982 -2.50968 319.886 361.308 218.621 -0.0175892 -0.433313 2.46986 -319.886 326.374 -81.0546 0.0175892
0.81273 -1.26611 319.914 178.678 295.522 -0.00656399 -0.660672 1.24726 -319.914 168.466 -92.0475 0.00656399
0.968475 0.13495 319.974 -30.243 365.668 0.0056742 -0.941992 -0.176843 -319.974 -12.7234 -101.683 -0.0056742
1.08161 1.62609 320.031 -241.193 424.138 0.0188471 -1.19782 -1.53646 -320.031 -195.418 -109.071 -0.0188471
1.15599 2.97251 320.096 -435.336 461.74 0.032617 -1.353 -2.8102 -320.096 -363.075 -114.882 -0.032617
1.17675 4.07283 320.173 -595.956 475.326 0.0465959 -1.43855 -3.87217 -320.173 -501.032 -113.752 -0.0465959
1.21746 4.8101 320.23 -703.847 465.275 0.0603522 -1.42305 -4.58233 -320.23 -593.004 -100.249 -0.0603522
1.20671 4.93164 320.27 -737.204 433.697 0.0734285 -1.39735 -4.90093 -320.27 -620.423 -73.7991 -0.0734285
1.12112 4.48023 320.294 -674.754 379.433 0.0853725 -1.31498 -4.50093 -320.294 -565.306 -42.8773 -0.0853725
0.958278 3.40194 320.285 -516.37 301.719 0.0957626 -1.11591 -3.43083 -320.285 -427.029 -15.332 -0.0957626
0.669258 1.7614 320.24 -281.271 203.654 0.104227 -0.876823 -1.88401 -320.24 -222.003 9.57512 -0.104227
0.268575 -0.171872 320.184 2.53599 85.394 0.110464 -0.602032 0.0224309 -320.184 24.394 34.288 -0.110464
-0.0867814 -2.03967 320.104 289.863 -51.9616 0.114248 -0.179806 2.03976 -320.104 273.541 63.9582 -0.114248
-0.479032 -3.54465 320.006 518.475 -197.684 0.115449 0.164582 3.64867 -320.006 474.91 107.61 -0.115449
-0.926633 -4.40609 319.906 645.254 -355.569 0.114041 0.518519 4.5349 -319.906 589.462 154.437 -0.114041
-1.3552 -4.49334 319.878 651.129 -531.993 0.110099 1.08562 4.57331 -319.878 600.944 192.989 -0.110099
-1.83446 -3.81929 319.888 547.846 -712.08 0.103795 1.59793 3.89883 -319.888 518.025 235.773 -0.103795
-2.22957 -2.56167 319.896 359.414 -880.044 0.095388 2.03942 2.65439 -319.896 360.969 287.844 -0.095388
-2.54344 -0.998216 319.969 122.615 -1031.93 0.0852021 2.46056 1.05298 -319.969 160.756 337.896 -0.0852021
-2.86326 0.667051 320.074 -122.805 -1163.02 0.073613 2.81785 -0.573964 -320.074 -48.4222 375.203 -0.073613
-3.11434 2.16568 320.167 -342.717 -1265.16 0.0610356 3.13598 -2.03496 -320.167 -237.185 398.536 -0.0610356
-3.28861 3.27924 320.255 -510.736 -1331.62 0.0479137 3.34801 -3.18917 -320.255 -382.309 411.514 -0.0479137
-3.37841 3.90352 320.335 -605.773 -1359.6 0.0347004 3.43344 -3.85033 -320.335 -464.771 415.24 -0.0347004
-3.32464 3.98107 320.383 -616.674 -1348.3 0.0218385 3.45812 -3.92168 -320.383 -474.431 407.984 -0.0218385
-3.13895 3.49816 320.385 -546.261 -1293.74 0.0097409 3.36985 -3.4572 -320.385 -414.025 391.386 -0.0097409
-2.88476 2.55226 320.36 -407.329 -1194.47 -0.00122988 3.11177 -2.53385 -320.36 -294.843 363.065 0.00122988
-2.63804 1.28821 320.311 -219.655 -1059.24 -0.0107662 2.74295 -1.27914 -320.311 -134.718 313.154 0.0107662
-2.305 -0.130022 320.239 -8.42885 -894.417 -0.0186128 2.3966 0.12249 -320.239 43.4279 242.536 0.0186128
-1.89273 -1.48456 320.127 196.082 -701.747 -0.0245833 1.95264 1.48519 -320.127 214.117 168.552 0.0245833
-1.38738 -2.53114 320.034 361.835 -483.675 -0.0285821 1.36408 2.62112 -320.034 349.724 102.022 0.0285821
-0.82032 -3.12854 319.932 456.934 -258.789 -0.0305947 0.790539 3.24771 -319.932 423.629 35.1538 0.0305947
-0.237687 -3.16402 319.837 464.772 -29.8386 -0.030667 0.22164 3.25686 -319.837 421.943 -34.2597 0.030667
0.307341 -2.58916 319.813 383.716 197.911 -0.0289006 -0.367029 2.69165 -319.813 345.566 -104.938 0.0289006
0.833426 -1.56644 319.837 231.863 416.426 -0.0254569 -0.919633 1.62562 -319.837 208.99 -173.996 0.0254569
1.33514 -0.334583 319.828 41.7389 618.423 -0.0205628 -1.43756 0.250897 -319.828 39.1805 -234.725 0.0205628
1.95076 1.02181 319.918 -151.168 808.695 -0.0144977 -1.89882 -1.03268 -319.918 -132.456 -275.879 0.0144977
2.48278 2.18199 320.089 -320.634 983.932 -0.00757347 -2.45131 -2.19106 -320.089 -283.149 -301.001 0.00757347
2.88656 3.04796 320.181 -447.087 1128.51 -0.000126945 -2.88796 -3.05957 -320.181 -396.206 -329.217 0.000126945
3.175 3.53787 320.235 -516.589 1236.17 0.00751034 -3.13449 -3.52999 -320.235 -459.313 -362.765 -0.00751034
3.34851 3.65533 320.366 -525.612 1312.3 0.0150459 -3.36196 -3.55139 -320.366 -469.465 -383.359 -0.0150459
3.45614 3.3675 320.409 -482.917 1354.8 0.0222224 -3.54891 -3.27351 -320.409 -434.047 -385.103 -0.0222224
3.497 2.79497 320.346 -398.665 1354.98 0.028821 -3.57929 -2.71239 -320.346 -361.761 -375.468 -0.028821
3.36158 1.99664 320.29 -283.224 1309.23 0.0346823 -3.51457 -1.94913 -320.29 -261.569 -357.475 -0.0346823
3.1217 1.00804 320.197 -146.991 1218.29 0.0397036 -3.29876 -1.08573 -320.197 -142.071 -329.666 -0.0397036
2.8575 -0.00600871 320.04 1.04144 1087.99 0.0438301 -2.93431 -0.081956 -320.04 -11.4714 -286.481 -0.0438301
2.48967 -1.01056 319.909 145.486 926.062 0.047055 -2.57667 0.889361 -319.909 116.923 -225.122 -0.047055
2.01975 -1.89984 319.804 268.878 732.733 0.0494013 -2.14736 1.70632 -319.804 229.143 -156.423 -0.0494013
1.34336 -2.55965 319.662 361.206 501.522 0.0509161 -1.58929 2.34736 -319.662 316.448 -96.1845 -0.0509161
0.540993 -2.85908 319.621 411.385 234.812 0.0516812 -0.854724 2.78453 -319.621 367.994 -42.2605 -0.0516812
-0.304463 -2.80967 319.751 402.736 -51.9943 0.0518055 -0.0941723 2.78638 -319.751 370.086 22.1686 -0.0518055
-1.10379 -2.38258 319.823 332.168 -345.645 0.0514122 0.644431 2.34304 -319.823 320.474 102.79 -0.0514122
-1.90372 -1.58194 319.918 213.796 -652.197 0.0506386 1.45777 1.62265 -319.918 228.827 185.888 -0.0506386
-2.68881 -0.56553 320.174 63.142 -966.456 0.0496165 2.36241 0.668183 -320.174 107.346 266.136 -0.0496165
-3.5 0.466052 320.319 -98.6699 -1269.01 0.0484556 3.15028 -0.440933 -320.319 -26.4319 347.22 -0.0484556
-4.22969 1.41856 320.422 -242.962 -1549.08 0.0472593 3.90088 -1.41246 -320.422 -147.816 422.273 -0.0472593
-4.85516 2.15002 320.56 -348.062 -1796.54 0.0461418 4.59212 -2.09605 -320.56 -238.113 487.361 -0.0461418
-5.4463 2.54895 320.615 -406.392 -2003.42 0.0452151 5.09284 -2.48891 -320.615 -289.118 543.012 -0.0452151
-5.9298 2.60509 320.568 -415.783 -2170.74 0.0445651 5.53516 -2.55599 -320.568 -296.744 582.117 -0.0445651
-6.26932 2.35417 320.52 -377.679 -2295.44 0.0442548 5.92649 -2.27829 -320.52 -261.851 605.623 -0.0442548
-6.49954 1.82691 320.402 -299.072 -2370.87 0.0443328 6.1215 -1.72729 -320.402 -191.565 622.159 -0.0443328
-6.54151 1.1156 320.23 -193.137 -2395.8 0.0448234 6.19285 -0.990761 -320.23 -97.5745 631.387 -0.0448234
-6.42364 0.333559 320.076 -75.5279 -2371.19 0.0457072 6.15277 -0.16976 -320.076 6.17411 628.636 -0.0457072
-6.16128 -0.408448 319.926 36.3128 -2294.71 0.0469043 5.97283 0.606403 -319.926 103.97 613.396 -0.0469043
-5.71945 -0.983245 319.781 124.693 -2162.89 0.0482837 5.65099 1.22389 -319.781 180.226 587.318 -0.0482837
-5.10088 -1.32216 319.696 175.788 -1973.28 0.0496858 5.16742 1.56227 -319.696 222.652 550.302 -0.0496858
-4.36916 -1.44457 319.678 187.291 -1727.05 0.0509375 4.49772 1.56574 -319.678 228.529 498.117 -0.0509375
-3.6011 -1.26464 319.735 162.688 -1433.18 0.0518696 3.69345 1.37926 -319.735 202.533 422.003 -0.0518696
-2.79707 -0.860266 319.825 107.764 -1104.9 0.0523298 2.85872 1.00076 -319.825 149.349 320.75 -0.0523298
-1.93925 -0.283373 319.951 26.4317 -754.339 0.0521846 1.99844 0.42336 -319.951 71.284 208.237 -0.0521846
-1.0034 0.475827 320.157 -75.7254 -385.74 0.0513174 1.0253 -0.275218 -320.157 -27.8659 104.09 -0.0513174
-0.0147797 1.31597 320.309 -195.975 -6.40697 0.0496318 -0.0304829 -1.13088 -320.309 -141.791 7.91655 -0.0496318
0.965505 2.12651 320.524 -310.329 370.687 0.0470661 -1.05516 -1.95678 -320.524 -253.419 -91.4769 -0.0470661
1.84073 2.84902 320.521 -408.964 727.822 0.0435969 -1.97994 -2.65187 -320.521 -350.544 -199.248 -0.0435969
2.72665 3.27419 320.548 -473.269 1059.04 0.0392321 -2.77094 -3.17346 -320.548 -416.986 -298.165 -0.0392321
3.65206 3.33181 320.543 -485.627 1368.28 0.034017 -3.56913 -3.34893 -320.543 -436.825 -368.743 -0.034017
4.4476 2.9941 320.428 -433.163 1642.15 0.0280293 -4.39067 -3.02857 -320.428 -398.427 -418.766 -0.0280293
5.0982 2.22163 320.241 -320.38 1862.8 0.0213858 -4.97152 -2.3109 -320.241 -305.451 -468.909 -0.0213858
5.55377 1.20538 320.092 -163.271 2026.86 0.0142616 -5.34984 -1.2281 -320.092 -172.717 -517.456 -0.0142616
5.83258 0.0647451 319.952 7.57128 2140.11 0.00686984 -5.65883 -0.071297 -319.952 -26.3226 -549.291 -0.00686984
6.01603 -0.985922 319.795 162.111 2201.32 -0.000545238 -5.8316 0.966922 -319.795 107.579 -561.186 0.000545238
6.05744 -1.76077 319.685 278.227 2207.92 -0.00769299 -5.86931 1.76521 -319.685 208.688 -556.864 0.00769299
5.92865 -2.29786 319.651 345.235 2157.94 -0.0142564 -5.75756 2.13898 -319.651 267.455 -540.217 0.0142564
5.63692 -2.49732 319.646 368.738 2051.31 -0.0199239 -5.47321 2.26483 -319.646 288.874 -513.367 0.0199239
5.24341 -2.39136 319.675 355.495 1894.58 -0.024398 -5.02885 2.20501 -319.675 279.226 -472.679 0.024398
4.68193 -2.11696 319.777 308.99 1689.49 -0.0274032 -4.51217 1.87495 -319.777 242.269 -416.918 0.0274032
3.93672 -1.62841 319.836 237.016 1440.27 -0.0287092 -3.9185 1.42403 -319.836 184.521 -353.116 0.0287092
3.08047 -1.03162 319.912 145.405 1144.81 -0.0281554 -3.09367 0.833488 -319.912 112.191 -290.4 0.0281554
2.09617 -0.461111 320.062 45.9789 810.948 -0.0256655 -2.15515 0.138323 -320.062 36.8604 -222.739 0.0256655
1.20425 0.0573129 320.115 -38.8952 462.512 -0.0212498 -1.17073 -0.397339 -320.115 -23.8017 -134.147 0.0212498
0.343264 0.379129 320.125 -92.7185 113.899 -0.0150106 -0.266969 -0.705083 -320.125 -56.8941 -30.0011 0.0150106
-0.559103 0.381968 320.274 -101.951 -227.999 -0.00714139 0.587907 -0.755554 -320.274 -55.0114 68.4698 0.00714139
-1.47104 0.17337 320.261 -72.0602 -560.81 0.00209831 1.53714 -0.48628 -320.261 -18.9047 143.54 -0.00209831
-2.39703 -0.279675 320.172 -5.27523 -879.776 0.0124017 2.45955 0.0208575 -320.172 46.9048 206.586 -0.0124017
-3.1828 -0.908218 320.158 85.8607 -1163.65 0.0234264 3.21414 0.666106 -320.158 131.665 277.14 -0.0234264
-3.73653 -1.56427 320.118 187.732 -1401.25 0.0348066 3.81758 1.41509 -320.118 223.81 354.406 -0.0348066
-4.15715 -2.27622 320.024 283.85 -1590.2 0.0461617 4.26759 2.02768 -320.024 310.593 422.69 -0.0461617
-4.49578 -2.98932 319.98 373.484 -1729.91 0.0571246 4.61181 2.55205 -319.98 391.836 467.786 -0.0571246
-4.71853 -3.54547 319.937 458.762 -1818.07 0.0673634 4.87222 3.17015 -319.937 468.706 489.028 -0.0673634
-4.77519 -4.05194 319.862 529.774 -1845.32 0.0765797 4.94616 3.63449 -319.862 531.749 498.182 -0.0765797
-4.61484 -4.42162 319.833 577.702 -1806.92 0.0845219 4.80388 3.91105 -319.833 573.056 501.632 -0.0845219
-4.26298 -4.50311 319.842 597.335 -1706.12 0.0909953 4.47776 4.07888 -319.842 587.848 494.636 -0.0909953
-3.77983 -4.34375 319.845 579.195 -1550.17 0.0958427 4.01286 3.96551 -319.845 568.323 469.918 -0.0958427
-3.18865 -3.93249 319.902 519.605 -1341.64 0.0989416 3.41266 3.5357 -319.902 511.771 426.328 -0.0989416
-2.51109 -3.25998 319.944 426.981 -1089.78 0.100225 2.69157 2.91429 -319.944 425.72 368.142 -0.100225
-1.74142 -2.44653 320.022 314.473 -807.967 0.0996903 1.91561 2.15842 -320.022 321.524 300.367 -0.0996903
-0.896382 -1.60716 320.085 196.938 -502.922 0.0973916 1.054 1.35063 -320.085 211.604 231.649 -0.0973916
-0.0569326 -0.843115 320.141 91.3824 -192.448 0.0934145 0.176264 0.617086 -320.141 110.357 158.994 -0.0934145
0.762579 -0.268606 320.215 10.8928 125.332 0.0878771 -0.726841 0.0385949 -320.215 31.6259 79.7865 -0.0878771
1.55353 0.0433126 320.236 -28.1095 432.159 0.080953 -1.51654 -0.255537 -320.236 -13.0711 -8.08912 -0.080953
2.37123 0.0870958 320.16 -27.2316 724.503 0.0728656 -2.21761 -0.274849 -320.16 -22.6744 -90.0658 -0.0728656
3.16546 -0.102925 320.139 6.83901 1003.25 0.0638471 -2.97598 -0.0710918 -320.139 -2.382 -153.834 -0.0638471
3.89408 -0.434512 320.18 61.0439 1255.34 0.0541301 -3.65751 0.27625 -320.18 37.1534 -210.672 -0.0541301
4.42582 -0.806296 320.103 119.998 1464 0.0439578 -4.16687 0.666588 -320.103 83.4302 -275.095 -0.0439578
4.74646 -1.1219 320.039 170.153 1629.53 0.0335742 -4.56405 1.00683 -320.039 123.834 -341.117 -0.0335742
4.90687 -1.31419 320.049 201.287 1748.02 0.0232109 -4.82691 1.21964 -320.049 148.636 -400.85 -0.0232109
4.98479 -1.33646 320.031 206.714 1816.56 0.0130681 -4.91549 1.26173 -320.031 152.094 -446.202 -0.0130681
4.98185 -1.17366 319.99 184.634 1837.47 0.00330651 -4.9022 1.1236 -319.99 132.62 -469.285 -0.00330651
4.94044 -0.838643 319.989 136.985 1813.53 -0.00594103 -4.76031 0.818811 -319.989 91.9233 -470.69 0.00594103
4.73331 -0.367639 319.989 68.3276 1744.63 -0.0145652 -4.5408 0.372086 -319.989 33.8583 -460.831 0.0145652
4.38139 0.178175 319.961 -13.6137 1631.96 -0.0224667 -4.1643 -0.173213 -319.961 -34.8632 -448.959 0.0224667
3.95457 0.738984 319.957 -98.3499 1485.45 -0.0295413 -3.67221 -0.736108 -319.957 -105.289 -429.623 0.0295413
3.49022 1.25957 319.982 -176.297 1319.09 -0.0356902 -3.20267 -1.23997 -319.982 -168.797 -392.566 0.0356902
3.01693 1.66894 319.995 -240.511 1135.34 -0.0408189 -2.71117 -1.65592 -319.995 -218.54 -342.434 0.0408189
2.51294 1.86551 319.976 -279.48 937.789 -0.044808 -2.16664 -1.9385 -319.976 -245.727 -290.093 0.044808
2.00396 1.82454 320.029 -280.93 736.291 -0.0475061 -1.60142 -1.95049 -320.029 -240.266 -237.362 0.0475061
1.53259 1.47041 320.056 -236.619 541.714 -0.0487575 -1.07121 -1.66201 -320.056 -195.835 -181.523 0.0487575
1.12896 0.778562 320.032 -144.591 364.263 -0.0484184 -0.617573 -1.07075 -320.032 -110.68 -122.863 0.0484184
0.818966 -0.12965 320.037 -10.8967 210.403 -0.0463494 -0.235618 -0.139435 -320.037 9.64027 -64.9281 0.0463494
0.485332 -1.14323 320.069 144.45 79.7899 -0.0424251 0.0125512 0.961875 -320.069 146.328 -14.9769 0.0424251
0.114022 -2.1427 320.014 289.14 -32.732 -0.0365529 0.216209 1.92803 -320.014 273.063 17.8857 0.0365529
-0.168338 -2.89119 319.978 398.852 -128.986 -0.0286686 0.467972 2.67898 -319.978 370.4 40.1684 0.0286686
-0.377391 -3.28808 319.968 458.967 -203.09 -0.0187567 0.58405 3.112 -319.968 424.885 69.1888 0.0187567
-0.468478 -3.30059 319.932 459.575 -258.152 -0.00689099 0.622345 3.12346 -319.932 427.589 106.223 0.00689099
-0.53584 -2.97266 319.91 403.716 -304.622 0.00677053 0.665306 2.71319 -319.91 381.518 137.326 -0.00677053
-0.681517 -2.3558 319.931 308.885 -348.378 0.021998 0.715374 2.0664 -319.931 301.861 153.952 -0.021998
-0.854918 -1.62248 319.947 197.591 -389.876 0.0384693 0.807267 1.31248 -319.947 207.794 158.74 -0.0384693
-1.01788 -0.95494 319.961 92.9418 -426.353 0.0557535 0.886892 0.580606 -319.961 119.209 161.655 -0.0557535
-1.16155 -0.432397 319.999 16.2661 -457.871 0.0733169 0.918475 0.0789743 -319.999 54.4643 168.907 -0.0733169
-1.25792 -0.075175 320.041 -25.846 -488.821 0.0905427 0.974556 -0.123526 -320.041 19.2893 178.735 -0.0905427
-1.31359 0.065537 320.07 -41.9325 -520.988 0.106763 1.07069 -0.192326 -320.07 6.44675 189.866 -0.106763
-1.40001 0.0834019 320.1 -41.9259 -553.885 0.121286 1.13757 -0.167195 -320.1 7.44467 201.514 -0.121286
-1.47073 0.028539 320.135 -31.8113 -587.909 0.133439 1.24867 -0.0791967 -320.135 17.0579 210.354 -0.133439
-1.54678 -0.214938 320.151 -9.15574 -620.228 0.142614 1.36364 -0.0111366 -320.151 37.4214 216.228 -0.142614
-1.61197 -0.55439 320.153 37.5169 -646.067 0.148297 1.4524 0.283195 -320.153 78.2647 220.751 -0.148297
-1.64064 -1.03322 320.143 110.987 -662.695 0.150095 1.53065 0.796604 -320.143 141.807 222.577 -0.150095
-1.64826 -1.57969 320.116 197.321 -668.146 0.147777 1.58065 1.41278 -320.116 216.014 220.061 -0.147777
-1.6246 -2.01104 320.073 272.119 -659.774 0.141296 1.59454 1.98542 -320.073 279.851 213.06 -0.141296
-1.5523 -2.22574 320.033 309.631 -635.153 0.130786 1.56588 2.2698 -320.033 311.253 202.438 -0.130786
-1.42475 -2.14151 320.007 296.525 -592.815 0.116558 1.48192 2.16904 -320.007 298.814 189.404 -0.116558
-1.22796 -1.73323 319.991 236.588 -531.301 0.0990994 1.34137 1.75694 -319.991 245.466 174.61 -0.0990994
-0.97423 -1.04714 319.993 140.325 -450.971 0.0790485 1.1419 1.12828 -319.993 160.182 157.041 -0.0790485
-0.674188 -0.239708 320.016 20.751 -352.259 0.0571635 0.889645 0.303784 -320.016 54.4114 134.821 -0.0571635
-0.332918 0.618846 320.052 -103.573 -235.903 0.0342842 0.590089 -0.539076 -320.052 -56.2058 107.221 -0.0342842
0.0141023 1.49151 320.123 -221.181 -102.212 0.0112941 0.212927 -1.27221 -320.123 -160.334 73.8328 -0.0112941
0.394797 2.11099 320.19 -318.985 41.511 -0.0109201 -0.154232 -1.99442 -320.19 -247.8 33.7097 0.0109201
0.821624 2.38341 320.258 -371.822 195.265 -0.0315099 -0.545103 -2.47154 -320.258 -298.468 -6.78546 0.0315099
1.28274 2.31476 320.284 -357.919 359.905 -0.049703 -1.00639 -2.39858 -320.284 -292.826 -43.7053 0.049703
1.75445 1.72856 320.288 -274.803 526.401 -0.0648313 -1.4551 -1.91061 -320.288 -227.624 -82.7583 0.0648313
2.18041 0.746326 320.283 -131.721 686.308 -0.0763609 -1.86456 -1.00929 -320.283 -110.627 -126.966 0.0763609
2.51415 -0.354873 320.222 47.0056 834.93 -0.08393 -2.26348 0.255327 -320.222 37.3193 -174.096 0.08393
2.747 -1.49092 320.144 220.17 962.842 -0.0873685 -2.60127 1.41651 -320.144 181.357 -222.92 0.0873685
2.90843 -2.38387 320.076 353.28 1063.44 -0.0866791 -2.83552 2.29274 -320.076 292.538 -268.633 0.0866791
3.00357 -2.89692 319.986 429.381 1134.14 -0.0820172 -3.00159 2.79054 -319.986 356.018 -303.094 0.0820172
3.0104 -3.07723 319.895 447.2 1171.19 -0.0736921 -3.1122 2.84383 -319.895 370.453 -323.823 0.0736921
2.8928 -2.86194 319.832 415.764 1166.49 -0.0621548 -3.10442 2.63652 -319.832 343.534 -336.426 0.0621548
2.6363 -2.36149 319.78 343.677 1114.81 -0.0479648 -2.94368 2.17498 -319.78 282.79 -342.438 0.0479648
2.26221 -1.70151 319.75 240.406 1016.44 -0.0317565 -2.65914 1.46442 -319.75 196.815 -335.198 0.0317565
1.82562 -0.941508 319.77 123.367 875.953 -0.014214 -2.2819 0.682479 -319.77 100.943 -307.366 0.014214
1.30883 -0.215986 319.822 11.8891 693.38 0.00395021 -1.81708 -0.0458572 -319.822 11.6755 -260.726 -0.00395021
0.792631 0.345101 319.883 -77.3079 473.821 0.0220265 -1.19588 -0.629569 -319.883 -57.1951 -198.702 -0.0220265
0.187449 0.673745 319.996 -132.372 227.639 0.0393535 -0.561588 -0.973643 -319.996 -95.0108 -124.222 -0.0393535
-0.486128 0.72039 320.128 -143.63 -37.0595 0.0553543 0.109993 -1.01361 -320.128 -95.7022 -45.87 -0.0553543
-1.16384 0.572341 320.265 -115.636 -313.294 0.0695492 0.885447 -0.731904 -320.265 -64.3454 29.0772 -0.0695492
-1.8348 0.238909 320.269 -69.4176 -586.598 0.0815682 1.64061 -0.379423 -320.269 -15.8411 104.823 -0.0815682
-2.51326 -0.185985 320.328 -11.3676 -852.967 0.091165 2.31576 0.0299132 -320.328 41.3098 183.667 -0.091165
-3.15397 -0.587297 320.346 50.2977 -1104.28 0.0982028 2.95361 0.500013 -320.346 99.978 257.859 -0.0982028
-3.7204 -0.948079 320.262 104.758 -1333.63 0.102644 3.5793 0.906043 -320.262 151.406 322.086 -0.102644
-4.14913 -1.23138 320.193 143.553 -1527.09 0.104568 4.11399 1.16671 -320.193 187.726 382.079 -0.104568
-4.39323 -1.46536 320.105 166.2 -1668.84 0.104163 4.45627 1.25768 -320.105 209.951 442.511 -0.104163
-4.50221 -1.59674 319.998 184.028 -1757.63 0.101676 4.63256 1.38121 -319.998 227.323 491.676 -0.101676
-4.49022 -1.70202 319.908 200.406 -1794.34 0.097388 4.72343 1.50407 -319.908 242.449 517.381 -0.097388
-4.39143 -1.83914 319.844 215.847 -1774.36 0.0916259 4.64795 1.57397 -319.844 255.595 521.496 -0.0916259
-4.0937 -1.91317 319.802 230.715 -1692 0.0847394 4.42383 1.69001 -319.802 266.97 511.352 -0.0847394
-3.57439 -1.86334 319.8 236.602 -1544.48 0.0770645 4.01977 1.80018 -319.8 269.413 491.632 -0.0770645
-2.98558 -1.7128 319.84 218.36 -1335.74 0.0689076 3.35144 1.68107 -319.84 250.418 456.903 -0.0689076
-2.33066 -1.36686 319.936 172.831 -1083.92 0.060554 2.63988 1.37539 -319.936 205.963 394.309 -0.060554
-1.61366 -0.820683 320.023 101.251 -801.835 0.0522785 1.93585 0.907399 -320.023 137.498 309.091 -0.0522785
-0.806554 -0.117508 320.14 7.8875 -488.596 0.0443371 1.09181 0.287975 -320.14 48.2237 224.557 -0.0443371
0.156837 0.71835 320.268 -103.689 -153.711 0.0369452 0.185393 -0.456171 -320.268 -58.3831 148.615 -0.0369452
1.19065 1.63906 320.415 -228.236 203.012 0.0302805 -0.827033 -1.2876 -320.415 -175.789 75.218 -0.0302805
2.16351 2.55789 320.466 -352.597 561.771 0.0244969 -1.82381 -2.13831 -320.466 -295.791 -10.7806 -0.0244969
2.94002 3.37542 320.423 -471.332 902.356 0.0197178 -2.73988 -3.00068 -320.423 -409.034 -116.868 -0.0197178
3.67789 4.0431 320.47 -563.686 1219.41 0.0160243 -3.50834 -3.64949 -320.47 -498.478 -225.19 -0.0160243
4.41657 4.44989 320.407 -616.95 1509.5 0.0134363 -4.23151 -4.02758 -320.407 -553.604 -312.77 -0.0134363
5.1366 4.5565 320.308 -630.476 1766.99 0.0118872 -4.94328 -4.14856 -320.308 -571.513 -372.011 -0.0118872
5.73463 4.39172 320.253 -603.463 1974.39 0.0112463 -5.49868 -3.98338 -320.253 -552.968 -419.692 -0.0112463
6.10516 3.9769 320.168 -541.351 2122.94 0.0113419 -5.8479 -3.58406 -320.168 -502.664 -468.509 -0.0113419
6.20527 3.37684 320.092 -453.199 2210.05 0.0119524 -6.03195 -3.00899 -320.092 -428.55 -516.153 -0.0119524
6.12023 2.62758 320.038 -348.761 2237.29 0.0128464 -6.04896 -2.35041 -320.038 -338.589 -552.685 -0.0128464
5.9163 1.78566 319.992 -233.075 2204.89 0.0138179 -5.90319 -1.62206 -319.992 -237.445 -568.605 -0.0138179
5.55852 0.922362 319.934 -111.336 2112.3 0.0146541 -5.64209 -0.82688 -319.934 -130.172 -561.656 -0.0146541
5.01958 0.0996378 319.881 4.89002 1954.4 0.0151384 -5.19697 -0.0551851 -319.881 -26.2315 -539.958 -0.0151384
4.35739 -0.558948 319.874 101.314 1732.8 0.0150918 -4.51036 0.617802 -319.874 61.2176 -505.063 -0.0150918
3.58953 -0.923743 319.867 158.762 1460.19 0.0143743 -3.72636 1.05999 -319.867 115.205 -447.309 -0.0143743
2.77362 -0.953527 319.87 158.794 1150.6 0.0128737 -2.89773 1.0803 -319.87 122.099 -365.491 -0.0128737
1.86683 -0.546036 319.951 96.0986 803.475 0.0105246 -1.95622 0.720064 -319.951 78.7962 -274.337 -0.0105246
0.886721 0.243728 319.981 -23.1635 431.662 0.00732408 -0.938843 0.000496274 -319.981 -10.3386 -179.147 -0.00732408
-0.121264 1.27295 320.04 -182.79 51.5136 0.00333789 0.0943108 -1.01384 -320.04 -132.876 -81.6695 -0.00333789
-1.11448 2.29773 320.266 -347.881 -318.097 -0.00127982 1.05584 -2.13407 -320.266 -263.964 17.1955 0.00127982
-2.16685 3.21743 320.257 -491.499 -678.233 -0.00628605 1.97848 -3.07343 -320.257 -377.04 103.814 0.00628605
-3.23264 3.79933 320.313 -580.442 -1028.93 -0.011363 2.91694 -3.64202 -320.313 -446.954 177 0.011363
-4.23772 3.91686 320.384 -601.73 -1362.52 -0.016128 3.80628 -3.78816 -320.384 -462.073 248.286 0.016128
-5.12992 3.57682 320.384 -554.657 -1668.61 -0.020159 4.56936 -3.47673 -320.384 -419.188 325.135 0.020159
-5.87487 2.91887 320.402 -450.29 -1942.92 -0.023025 5.24656 -2.71636 -320.402 -327.707 402.453 0.023025
-6.37013 2.04969 320.383 -317.853 -2178.83 -0.0243089 5.90782 -1.77992 -320.383 -210.815 478.107 0.0243089
-6.77126 1.11568 320.346 -185.934 -2365.07 -0.0236374 6.32805 -0.89886 -320.346 -92.0977 550.455 0.0236374
-7.05963 0.352184 320.271 -71.8445 -2505.13 -0.0207062 6.6455 -0.0916003 -320.271 10.7131 606.493 0.0207062
-7.21084 -0.185162 320.211 8.02826 -2597.39 -0.0152975 6.91794 0.47153 -320.211 82.8016 640.024 0.0152975
-7.22873 -0.383878 320.126 40.8221 -2631.22 -0.00730599 6.98893 0.724724 -320.126 112.41 661.475 0.00730599
-7.06322 -0.129803 320.03 16.164 -2601.55 0.00323907 6.84234 0.640322 -320.03 90.3295 674.939 -0.00323907
-6.71018 0.582749 319.97 -75.7635 -2511.76 0.0161744 6.55659 0.0900946 -319.97 7.88418 673.533 -0.0161744
-6.21145 1.75071 319.936 -237.072 -2363.46 0.0312028 6.12424 -0.954627 -319.936 -136.348 654.12 -0.0312028
-5.54245 3.12634 319.909 -447.788 -2155.74 0.0478911 5.54307 -2.46574 -319.909 -324.25 619.472 -0.0478911
-4.69769 4.56609 319.972 -668.333 -1884.57 0.0656911 4.77114 -4.02003 -319.972 -517.134 572.109 -0.0656911
-3.72982 5.82277 320.038 -849.672 -1561.77 0.0839631 3.87218 -5.2199 -320.038 -675.006 507.777 -0.0839631
-2.67066 6.54738 320.136 -960.975 -1197.33 0.102008 2.89269 -6.01893 -320.136 -774.095 425.632 -0.102008
-1.54347 6.67633 320.215 -983.727 -801.683 0.11911 1.83636 -6.23406 -320.215 -798.859 332.369 -0.11911
-0.346818 6.19367 320.393 -910.337 -380.123 0.134563 0.682173 -5.79046 -320.393 -744.356 236.362 -0.134563
0.881983 5.13824 320.516 -749.601 64.1198 0.147669 -0.570933 -4.77276 -320.516 -618.843 135.81 -0.147669
2.12224 3.66484 320.635 -525.384 522.656 0.157759 -1.85894 -3.3475 -320.635 -442.82 27.3666 -0.157759
3.26803 2.01665 320.518 -275.487 967.631 0.164233 -3.03976 -1.74506 -320.518 -243.877 -95.3798 -0.164233
4.29845 0.470117 320.449 -38.065 1380.38 0.16663 -4.09762 -0.185075 -320.449 -52.3557 -218.864 -0.16663
5.22805 -0.748671 320.403 148.039 1750.47 0.164683 -5.07201 1.05742 -320.403 101.396 -325.221 -0.164683
6.04258 -1.5183 320.206 262.884 2068.01 0.158272 -5.93162 1.80517 -320.206 196.072 -410.887 -0.158272
6.65079 -1.71094 320.064 293.378 2316.17 0.147392 -6.57879 2.00351 -320.064 219.564 -485.126 -0.147392
7.02317 -1.34964 319.985 241.909 2486.86 0.132212 -6.97744 1.65501 -319.985 173.019 -548.927 -0.132212
7.17196 -0.512759 319.876 119.578 2579.68 0.113058 -7.15838 0.819639 -319.876 64.4347 -595.963 -0.113058
7.11974 0.677999 319.779 -55.1473 2596.61 0.0903711 -7.14177 -0.365507 -319.779 -88.9165 -622.311 -0.0903711
6.91413 2.04899 319.777 -256.525 2538.8 0.0647184 -6.88782 -1.72209 -319.777 -264.174 -628.05 -0.0647184
6.56472 3.41752 319.81 -458.212 2412.66 0.0368146 -6.45257 -3.07199 -319.81 -437.858 -610.512 -0.0368146
6.00857 4.61331 319.869 -636.625 2221.52 0.00749088 -5.89493 -4.25752 -319.869 -588.263 -573.575 -0.00749088
5.27531 5.50136 319.944 -770.898 1968.78 -0.0223091 -5.13307 -5.13615 -319.944 -697.934 -527.802 0.0223091
4.39018 5.98202 320.062 -846.418 1663.45 -0.0515401 -4.19451 -5.6182 -320.062 -755.341 -474.917 0.0515401
3.41766 6.03801 320.216 -859.537 1322.44 -0.0791308 -3.20094 -5.66843 -320.216 -756.88 -406.087 0.0791308
2.33616 5.68659 320.284 -813.455 962.623 -0.104063 -2.27211 -5.30946 -320.284 -704.853 -324.623 0.104063
1.1614 4.98117 320.354 -715.527 581.865 -0.125418 -1.23709 -4.60199 -320.354 -607.668 -249.798 0.125418
-0.015056 4.03448 320.46 -581.182 187.418 -0.142412 -0.0604787 -3.64521 -320.46 -479.159 -181.092 0.142412
-1.13156 2.96195 320.46 -426.077 -190.696 -0.154427 0.95506 -2.54983 -320.46 -334.898 -98.2246 0.154427
-2.2118 1.91362 320.38 -275.125 -560.821 -0.161004 1.91227 -1.49471 -320.38 -195.385 -10.2752 0.161004
-3.1918 1.01008 320.322 -149.448 -923.025 -0.161848 2.92758 -0.6378 -320.322 -77.9649 75.6027 0.161848
-4.08003 0.360044 320.212 -59.6024 -1265.77 -0.156839 3.87528 -0.028057 -320.212 6.15147 164.081 0.156839
-4.86974 0.0305151 320.073 -13.6462 -1570.21 -0.146043 4.61534 0.293039 -320.073 50.0392 256.599 0.146043
-5.49787 0.00781552 320.019 -15.8874 -1829.85 -0.129722 5.26173 0.264126 -320.019 51.4243 339.655 0.129722
-5.98323 0.258494 320.009 -58.2286 -2037.89 -0.108351 5.78314 -0.0436374 -320.009 16.6542 408.177 0.108351
-6.29442 0.691512 319.948 -125.386 -2188.01 -0.08259 6.12689 -0.513137 -319.948 -40.8117 467.486 0.08259
-6.40327 1.14606 319.979 -197.952 -2275.29 -0.0532458 6.26983 -1.03918 -319.979 -103.651 519.754 0.0532458
-6.34168 1.49775 320.058 -255.179 -2301.57 -0.0212385 6.23729 -1.46417 -320.058 -153.672 558.913 0.0212385
-6.1277 1.65193 320.09 -279.957 -2268.47 0.0124573 6.05627 -1.64844 -320.09 -175.629 580.383 -0.0124573
-5.76736 1.53135 320.122 -264.168 -2175.75 0.0468823 5.70263 -1.55876 -320.122 -162.385 586.414 -0.0468823
-5.24173 1.14054 320.182 -208.323 -2024.71 0.0810953 5.18332 -1.19868 -320.182 -114.545 579.95 -0.0810953
-4.55422 0.584972 320.189 -123.116 -1820.23 0.114136 4.52614 -0.604807 -320.189 -41.0327 561.554 -0.114136
-3.74376 -0.0880254 320.192 -23.2476 -1567.01 0.145074 3.72397 0.0596642 -320.192 43.7817 531.51 -0.145074
-2.8683 -0.789653 320.151 77.6549 -1278.29 0.173087 2.83467 0.695591 -320.151 127.571 487.048 -0.173087
-1.95649 -1.43172 320.119 173.676 -969.141 0.197479 1.93932 1.30255 -320.119 204.013 428.077 -0.197479
-1.02696 -1.94271 320.041 255.194 -649.913 0.217667 1.04323 1.82826 -320.041 265.638 361.612 -0.217667
-0.11768 -2.2993 319.985 312.785 -330.379 0.233154 0.142525 2.17396 -319.985 305.011 292.703 -0.233154
0.762833 -2.44647 319.914 340.753 -16.9847 0.243515 -0.721588 2.31928 -319.914 317.418 220.906 -0.243515
1.61103 -2.37521 319.878 335.187 289.898 0.248416 -1.54456 2.24278 -319.878 302.569 145.453 -0.248416
2.34548 -2.19723 319.876 306.308 572.861 0.247645 -2.26095 1.96182 -319.876 268.065 63.461 -0.247645
2.95302 -1.9905 319.807 271.205 826.868 0.241146 -2.89272 1.6324 -319.807 229.124 -18.832 -0.241146
3.41721 -1.83058 319.872 247.962 1045.07 0.229009 -3.43358 1.42863 -319.872 202.141 -97.7383 -0.229009
3.7795 -1.83569 319.995 245.706 1221.71 0.211456 -3.81001 1.36134 -319.995 195.805 -171.942 -0.211456
3.98604 -2.0322 320.013 271.521 1349.56 0.188841 -4.04387 1.49254 -320.013 215.237 -238.64 -0.188841
4.04911 -2.37508 320.044 323.446 1428.77 0.161653 -4.16158 1.83873 -320.044 258.46 -292.665 -0.161653
3.96944 -2.75493 320.132 387.117 1456.05 0.130499 -4.11943 2.31401 -320.132 312.869 -336.648 -0.130499
3.75085 -3.09881 320.141 440.689 1430.4 0.0961081 -3.90094 2.69541 -320.141 359.446 -371.345 -0.0961081
3.49611 -3.24932 320.102 466.457 1360.88 0.0593371 -3.5336 2.90127 -320.102 382.887 -387.821 -0.0593371
3.15808 -3.17181 320.092 455.832 1257.62 0.0211352 -3.17042 2.84692 -320.092 375.308 -381.578 -0.0211352
2.7062 -2.93509 320.052 411.253 1121.47 -0.017499 -2.75588 2.50463 -320.052 339.937 -365.333 0.017499
2.16858 -2.53287 319.955 348.829 951.937 -0.0555306 -2.17308 2.1011 -319.955 291.106 -350.831 0.0555306
1.55114 -2.11151 319.9 284.888 761.245 -0.0918854 -1.5699 1.70671 -319.9 242.413 -329.055 0.0918854
0.919399 -1.77157 319.85 230.302 559.584 -0.12547 -1.0076 1.36359 -319.85 202.689 -292.683 0.12547
0.316632 -1.57296 319.784 195.015 350.318 -0.155239 -0.424968 1.14176 -319.784 179.929 -247.542 0.155239
-0.315363 -1.55851 319.8 187.017 134.577 -0.180271 0.159801 1.10103 -319.8 180.315 -200.273 0.180271
-0.936634 -1.73365 319.856 208.962 -80.1945 -0.199768 0.730219 1.26675 -319.856 205.446 -150.52 0.199768
-1.46993 -2.07412 319.894 254.757 -285.046 -0.213058 1.2706 1.59 -319.894 251.307 -94.3959 0.213058
-1.82557 -2.54998 319.945 318.137 -472.673 -0.219636 1.78627 2.01425 -319.945 312.225 -27.5442 0.219636
-2.11936 -3.08433 320.023 393.076 -637.382 -0.2192 2.12157 2.52648 -320.023 381.808 49.8665 0.2192
-2.38098 -3.56999 320.129 466.697 -781.727 -0.211643 2.38445 3.06361 -320.129 449.422 121.409 0.211643
-2.58385 -3.95841 320.147 523.144 -904.164 -0.197058 2.67642 3.46084 -320.147 501.464 175.209 0.197058
-2.75253 -4.09132 320.164 547.798 -997.177 -0.175739 2.87039 3.67763 -320.164 525.102 217.91 0.175739
-2.80512 -3.93756 320.167 528.857 -1053.18 -0.148179 2.92911 3.58777 -320.167 510.403 258.385 0.148179
-2.71669 -3.50659 320.113 464.091 -1071.05 -0.115078 2.87864 3.15186 -320.113 455.468 295.345 0.115078
-2.57185 -2.80742 320.044 363.148 -1055.29 -0.0773455 2.7282 2.49054 -320.044 368.55 320.353 0.0773455
-2.43386 -1.9599 319.987 240.875 -1012.49 -0.0360644 2.51764 1.68479 -319.987 262.531 325.754 0.0360644
-2.25366 -1.11057 319.92 115.27 -946.13 0.007547 2.30144 0.831674 -319.92 153.055 314.271 -0.007547
-2.02505 -0.358765 319.871 6.25126 -857.23 0.0521886 2.01113 0.10141 -319.871 57.422 297.216 -0.0521886
-1.72981 0.182457 319.857 -70.2674 -749.345 0.0965302 1.64894 -0.404338 -319.857 -10.6313 280.337 -0.0965302
-1.38057 0.473744 319.873 -107.515 -630.372 0.139252 1.28238 -0.637224 -319.873 -45.7667 260.453 -0.139252
-1.06128 0.528646 319.917 -109.461 -508.899 0.179068 0.926703 -0.634857 -319.917 -51.0793 232.449 -0.179068
-0.799571 0.411575 319.963 -86.4175 -392.449 0.214763 0.613281 -0.469861 -319.963 -35.1778 195.688 -0.214763
-0.557954 0.205604 320.015 -51.2122 -281.692 0.245247 0.346383 -0.231827 -320.015 -9.07771 155.418 -0.245247
-0.32794 -0.124149 320.077 -11.1791 -177.234 0.2696 0.0858663 -0.0482242 -320.077 21.7715 118.944 -0.2696
-0.080315 -0.549225 320.144 41.8325 -79.2764 0.287077 -0.162147 0.218133 -320.144 64.2321 89.6483 -0.287077
0.161595 -0.956866 320.15 112.742 8.95114 0.297114 -0.38036 0.740292 -320.15 121.709 65.1484 -0.297114
0.326551 -1.48882 320.14 189.047 81.4592 0.299346 -0.560167 1.21415 -320.14 184.287 40.41 -0.299346
0.436061 -2.02132 320.122 262.558 136.254 0.293631 -0.668139 1.65448 -320.122 245.104 15.7778 -0.293631
0.511877 -2.46198 320.077 330.656 175.336 0.280077 -0.740616 2.11725 -320.077 301.753 -2.73296 -0.280077
0.562562 -2.78804 320.01 383.937 199.281 0.259038 -0.794765 2.49991 -320.01 346.333 -12.1494 -0.259038
0.545318 -2.96422 319.945 411.216 204.208 0.231089 -0.814962 2.68816 -319.945 369.376 -16.6546 -0.231089
0.450172 -2.88027 319.895 405.182 186.264 0.197042 -0.753332 2.69509 -319.895 364.776 -20.3834 -0.197042
0.36119 -2.52291 319.863 359.6 148.981 0.157932 -0.588723 2.44984 -319.863 327.149 -18.1821 -0.157932
0.235731 -1.91553 319.861 272.157 99.2708 0.114973 -0.463852 1.8966 -319.861 254.331 -3.1446 -0.114973
0.0323559 -1.12064 319.892 151.832 34.7223 0.0695138 -0.349775 1.09295 -319.892 153.928 17.4298 -0.0695138
-0.141602 -0.191532 319.962 16.0275 -46.9681 0.0229981 -0.0696045 0.218594 -319.962 40.7092 36.2457 -0.0229981
-0.338006 0.698985 320.065 -116.552 -135.55 -0.0230889 0.191814 -0.653132 -320.065 -70.044 61.4164 0.0230889
-0.584498 1.46425 320.17 -230.581 -227.063 -0.0672807 0.385145 -1.40197 -320.17 -165.083 91.9871 0.0672807
-0.825546 2.02239 320.249 -313.374 -325.307 -0.108175 0.674213 -1.93744 -320.249 -233.297 116.815 0.108175
-1.10102 2.2965 320.335 -356.495 -425.761 -0.144484 0.986102 -2.22423 -320.335 -267.623 135.948 0.144484
-1.3881 2.28989 320.403 -357.014 -522.679 -0.17508 1.27155 -2.2165 -320.403 -265.12 153.6 0.17508
-1.67801 2.02355 320.409 -317.123 -615.04 -0.19902 1.55383 -1.92605 -320.409 -228.126 166.758 0.19902
-1.96778 1.53993 320.403 -246.552 -701.532 -0.215583 1.85122 -1.44377 -320.403 -165.319 172.004 0.215583
-2.24411 0.893796 320.355 -156.029 -775.859 -0.224301 2.11449 -0.858884 -320.355 -85.8569 171.679 0.224301
-2.5057 0.191224 320.275 -55.0666 -836.683 -0.224989 2.33355 -0.192552 -320.275 2.20517 166.028 0.224989
-2.71187 -0.47749 320.18 44.379 -881.796 -0.21774 2.53454 0.485263 -320.18 88.6938 154.85 0.21774
-2.84246 -1.05653 320.079 128.356 -907.297 -0.202912 2.685 1.04167 -320.079 161.503 141.514 0.202912
-2.93712 -1.42005 319.977 184.53 -910.714 -0.181138 2.71637 1.43618 -319.977 210.001 127.544 0.181138
-2.99797 -1.53257 319.899 203.18 -896.31 -0.15329 2.69415 1.57293 -319.899 225.769 107.862 0.15329
-2.98114 -1.38523 319.854 180.304 -866.694 -0.120425 2.67491 1.4076 -319.854 205.471 83.3201 0.120425
-2.90153 -0.991563 319.838 121.335 -818.943 -0.0837334 2.55317 1.00024 -319.838 153.829 63.4941 0.0837334
-2.77131 -0.401495 319.87 36.3313 -755.739 -0.0444886 2.32433 0.436487 -319.87 79.508 50.009 0.0444886
-2.60463 0.300731 319.947 -64.7104 -687.091 -0.00399443 2.09423 -0.235139 -319.947 -9.15887 36.3009 0.00399443
-2.41777 1.03198 320.034 -172.301 -618.085 0.0364633 1.87417 -0.96566 -320.034 -103.417 23.6333 -0.0364633
-2.12898 1.68899 320.127 -271.47 -548.55 0.0756571 1.67524 -1.65803 -320.127 -190.577 21.5825 -0.0756571
-1.77326 2.17238 320.212 -345.119 -474.393 0.112449 1.39274 -2.18261 -320.212 -256.115 35.6725 -0.112449
-1.46214 2.4046 320.279 -380.032 -401.509 0.145808 1.04392 -2.43457 -320.279 -288.061 54.024 -0.145808
-1.19149 2.29088 320.295 -367.382 -339.921 0.174839 0.807162 -2.38989 -320.295 -278.841 62.6006 -0.174839
-0.973368 1.87506 320.263 -305.263 -289.242 0.198826 0.624629 -1.97986 -320.263 -226.923 67.328 -0.198826
-0.756114 1.21377 320.202 -203.19 -244.841 0.217244 0.420284 -1.27819 -320.202 -140.797 81.1962 -0.217244
-0.500584 0.379793 320.114 -80.058 -207.974 0.229738 0.235769 -0.465039 -320.114 -36.4897 105.114 -0.229738
-0.267092 -0.464056 320.017 45.9145 -182.563 0.236131 0.0909691 0.379794 -320.017 70.7154 131.937 -0.236131
-0.122691 -1.23444 319.934 159.64 -169.322 0.236447 -0.0241182 1.13698 -319.934 167.922 154.508 -0.236447
0.0167542 -1.90559 319.853 252.443 -167.845 0.230894 -0.0101342 1.71381 -319.853 247.443 170.326 -0.230894
0.08024 -2.30516 319.806 319.052 -171.24 0.219835 -0.0268799 2.21025 -319.806 304.559 184.765 -0.219835
0.0856957 -2.47861 319.797 348.865 -177.885 0.203772 -0.0576811 2.4389 -319.797 330.27 196.384 -0.203772
0.0667072 -2.40941 319.813 335.649 -190.623 0.183326 -0.0032543 2.33356 -319.813 319.385 198.957 -0.183326
-0.0173921 -2.03599 319.86 283.285 -207.409 0.159208 0.0700434 2.00685 -319.86 275.072 193.99 -0.159208
-0.116855 -1.36459 319.939 193.735 -224.774 0.132211 0.156878 1.47787 -319.939 198.872 185.618 -0.132211
-0.178909 -0.513596 320.036 67.9409 -239.598 0.103184 0.266739 0.639895 -320.036 91.4482 176.698 -0.103184
-0.244261 0.481938 320.14 -81.8196 -248.765 0.073019 0.330397 -0.377697 -320.14 -36.7699 168.058 -0.073019
-0.303644 1.44582 320.243 -231.304 -250.919 0.0426254 0.377085 -1.42211 -320.243 -164.597 155.591 -0.0426254
-0.316751 2.20878 320.32 -349.762 -245.059 0.0128972 0.456872 -2.25219 -320.32 -266.111 136.951 -0.0128972
-0.331169 2.65707 320.359 -413.885 -226.597 -0.0153094 0.458022 -2.67043 -320.359 -321.641 116.409 0.0153094
-0.307223 2.63371 320.363 -413.221 -194.815 -0.0411893 0.410027 -2.69173 -320.363 -322.021 94.6538 0.0411893
-0.228627 2.2436 320.329 -348.704 -151.529 -0.064021 0.353396 -2.22503 -320.329 -268.229 70.1547 0.064021
-0.139842 1.57418 320.264 -238.82 -97.7943 -0.0831981 0.245224 -1.42985 -320.264 -175.879 43.7503 0.0831981
-0.0304528 0.857364 320.184 -117.583 -36.9601 -0.0982467 0.121027 -0.530363 -320.184 -73.9334 15.3204 0.0982467
0.0914331 0.231294 320.106 -19.7832 29.1988 -0.108842 -0.020502 0.141071 -320.106 7.42754 -14.3055 0.108842
0.198909 -0.104753 320.03 31.7611 96.1708 -0.114811 -0.175081 0.481249 -320.03 49.2555 -44.9271 0.114811
0.261458 -0.0615771 319.989 28.9857 158.586 -0.116136 -0.336235 0.47281 -319.989 44.9011 -76.2914 0.116136
0.308625 0.31383 319.991 -26.9626 210.991 -0.112955 -0.447662 0.0834738 -319.991 -4.75095 -106.65 0.112955
0.352452 1.03747 320.01 -128.576 251.418 -0.105565 -0.523633 -0.569904 -320.01 -93.2816 -130.416 0.105565
0.357979 1.99126 320.053 -266.475 278.123 -0.0944091 -0.608732 -1.47767 -320.053 -212.434 -144.524 0.0944091
0.413192 3.08435 320.131 -427.539 289.225 -0.0800535 -0.598331 -2.55242 -320.131 -350.713 -149.396 0.0800535
0.533986 4.2191 320.218 -593.802 290.419 -0.0631731 -0.54616 -3.65261 -320.218 -493.058 -141.11 0.0631731
0.586429 5.26831 320.296 -747.89 286.374 -0.0445264 -0.598411 -4.67434 -320.296 -624.932 -122.632 0.0445264
0.625733 6.06685 320.377 -871.702 274.358 -0.0249156 -0.575105 -5.53852 -320.377 -730.712 -108.442 0.0249156
0.63569 6.51373 320.424 -943.686 255.569 -0.00513456 -0.479462 -6.05691 -320.424 -792.016 -101.525 0.00513456
0.627232 6.52303 320.443 -947.25 240.032 0.0140686 -0.451083 -6.09276 -320.443 -794.687 -91.1185 -0.0140686
0.660953 6.02034 320.435 -876.996 230.704 0.0320133 -0.458835 -5.64855 -320.435 -734.188 -76.1085 -0.0320133
0.704299 5.07716 320.389 -739.184 225.734 0.0481221 -0.473551 -4.7354 -320.389 -615.671 -63.1607 -0.0481221
0.727043 3.81339 320.308 -550.958 224.391 0.0619619 -0.49512 -3.466 -320.308 -454.109 -55.7283 -0.0619619
0.762625 2.36882 320.203 -338.877 226.659 0.073255 -0.500376 -2.06021 -320.203 -272.602 -52.3775 -0.073255
0.81208 0.97112 320.081 -132.598 234.358 0.0818735 -0.531882 -0.687381 -320.081 -96.3189 -48.9085 -0.0818735
0.873407 -0.190376 319.966 39.6358 247.149 0.0878377 -0.595804 0.462565 -319.966 50.6167 -44.404 -0.0878377
0.910149 -0.969593 319.874 153.883 261.764 0.0913028 -0.679712 1.21491 -319.874 147.852 -42.3461 -0.0913028
0.914208 -1.2721 319.814 196.972 273.684 0.0925412 -0.736721 1.48852 -319.814 184.314 -45.8104 -0.0925412
0.916527 -1.08958 319.8 168.471 282.273 0.0919198 -0.758798 1.28618 -319.8 159.671 -51.0054 -0.0919198
0.944775 -0.4911 319.832 78.6576 290.416 0.0898593 -0.795742 0.676521 -319.832 82.6611 -50.1248 -0.0898593
1.01538 0.395071 319.897 -54.1026 299.529 0.0867925 -0.859162 -0.222311 -319.897 -31.0572 -40.719 -0.0867925
1.12412 1.40502 319.987 -205.708 308.382 0.0831347 -0.91368 -1.25137 -319.987 -161.004 -27.0206 -0.0831347
1.20682 2.37256 320.088 -350.535 316.525 0.0792583 -0.982023 -2.2318 -320.088 -285.158 -14.2995 -0.0792583
1.26287 3.13928 320.183 -465.393 323.669 0.0754766 -1.03701 -3.01008 -320.183 -383.639 -6.1014 -0.0754766
1.26628 3.58709 320.261 -532.577 328.686 0.0720304 -1.09444 -3.46701 -320.261 -441.385 -2.70812 -0.0720304
1.28315 3.66106 320.313 -542.876 331.809 0.0690738 -1.12037 -3.53282 -320.313 -450.388 0.0821662 -0.0690738
1.3445 3.34389 320.334 -495.807 335.148 0.0666729 -1.14308 -3.21836 -320.334 -410.239 8.33839 -0.0666729
1.39334 2.69344 320.319 -398.903 338.132 0.0648099 -1.20975 -2.56755 -320.319 -327.462 21.2808 -0.0648099
1.40858 1.81917 320.269 -267.455 335.199 0.0633923 -1.23618 -1.67533 -320.269 -214.986 29.9361 -0.0633923
1.36609 0.846708 320.194 -122.457 323.171 0.0622754 -1.19951 -0.695938 -320.194 -90.4667 30.9965 -0.0622754
1.27507 -0.0744798 320.105 14.8507 303.562 0.0612799 -1.14676 0.232457 -320.105 27.6229 30.7063 -0.0612799
1.19698 -0.808784 320.013 124.635 278.453 0.0601941 -1.07641 0.979069 -320.013 122.329 35.2577 -0.0601941
1.05056 -1.2735 319.935 192.245 244.5 0.0587808 -1.02983 1.43069 -319.935 181.251 42.4836 -0.0587808
0.872904 -1.42715 319.886 212.003 196.036 0.0567972 -0.886031 1.5527 -319.886 199.558 46.4688 -0.0567972
0.7084 -1.26158 319.876 186.095 136.907 0.0540149 -0.663065 1.3838 -319.876 179.284 51.9827 -0.0540149
0.567378 -0.857382 319.901 122.985 75.113 0.0502312 -0.464135 0.955973 -319.901 127.508 66.7064 -0.0502312
0.450459 -0.30557 319.96 36.5164 14.0668 0.0452817 -0.2837 0.362293 -319.96 55.8064 86.5582 -0.0452817
0.2981 0.258979 320.053 -54.3119 -46.7981 0.0390641 -0.0919006 -0.277488 -320.053 -19.6602 99.7766 -0.0390641
0.155664 0.77207 320.146 -130.905 -102.56 0.0315626 0.149816 -0.78165 -320.146 -83.5308 102.392 -0.0315626
0.0428449 1.17847 320.228 -186.158 -144.201 0.0228616 0.35463 -1.11038 -320.228 -129.785 100.103 -0.0228616
-0.0214287 1.42613 320.299 -222.227 -164.317 0.0131497 0.464941 -1.34351 -320.299 -160.105 96.0833 -0.0131497
-0.035649 1.59299 320.341 -242.701 -161.653 0.00271482 0.513118 -1.45254 -320.341 -177.727 84.8273 -0.00271482
-0.0130115 1.71099 320.353 -254.138 -136.021 -0.00806792 0.520438 -1.49392 -320.353 -188.299 61.394 0.00806792
-0.0323037 1.77974 320.341 -263.558 -88.6088 -0.0187535 0.426588 -1.56052 -320.341 -197.569 24.4226 0.0187535
-0.0261895 1.86885 320.3 -273.094 -23.8876 -0.0288498 0.322223 -1.61182 -320.3 -207.422 -24.8457 0.0288498
0.0981937 1.90597 320.252 -280.085 59.1655 -0.0378489 0.20763 -1.68813 -320.252 -216.099 -74.6677 0.0378489
0.278476 1.89952 320.179 -279.346 163.5 -0.045272 -0.0763392 -1.71094 -320.179 -219.101 -114.644 0.045272
0.515966 1.79619 320.097 -264.759 278.762 -0.0507134 -0.403248 -1.6506 -320.097 -211.093 -151.708 0.0507134
0.824324 1.59387 320.023 -234.57 396.039 -0.0538541 -0.649595 -1.47907 -320.023 -189.666 -192.12 0.0538541
1.21342 1.34451 319.989 -192.254 519.128 -0.0544723 -0.915043 -1.19024 -319.989 -157.672 -224.561 0.0544723
1.57443 1.04969 319.957 -147.06 649.111 -0.0524767 -1.34907 -0.908677 -319.957 -123.284 -244.504 0.0524767
1.9617 0.795204 319.949 -108.322 774.436 -0.0479092 -1.72174 -0.673011 -319.949 -94.3456 -264.644 0.0479092
2.3498 0.646505 319.989 -83.3672 890.51 -0.040915 -2.01389 -0.51332 -319.989 -76.7211 -286.548 0.040915
2.7235 0.614978 320.046 -76.8677 1001.81 -0.0317332 -2.35485 -0.481311 -320.046 -74.4513 -298.952 0.0317332
3.10847 0.722802 320.112 -90.3439 1106.53 -0.020682 -2.714 -0.577092 -320.112 -89.0931 -300.727 0.020682
3.47328 0.939258 320.159 -121.694 1198.95 -0.0081221 -3.02952 -0.801569 -320.159 -118.631 -299.049 0.0081221
3.78768 1.16112 320.209 -160.703 1276.81 0.00555933 -3.30071 -1.12054 -320.209 -154.304 -295.914 -0.00555933
4.06792 1.37645 320.237 -192.348 1340.76 0.0199488 -3.5347 -1.344 -320.237 -183.251 -288.751 -0.0199488
4.32495 1.49644 320.225 -207.687 1391.59 0.0346242 -3.74062 -1.43978 -320.225 -197.707 -275.59 -0.0346242
4.54702 1.44984 320.189 -203.854 1428.63 0.0491789 -3.92172 -1.44032 -320.189 -195.182 -256.925 -0.0491789
4.71482 1.27147 320.134 -178.709 1450.35 0.0632242 -4.06733 -1.28246 -320.134 -173.899 -235.362 -0.0632242
4.79037 0.957102 320.057 -133.113 1453.61 0.0763876 -4.16424 -0.982643 -320.057 -134.686 -214.838 -0.0763876
4.70398 0.495657 319.973 -70.3481 1432.5 0.088327 -4.20609 -0.595623 -319.973 -80.2916 -199.95 -0.088327
4.54843 -0.0531244 319.903 7.04044 1383.81 0.0987526 -4.09167 -0.0947491 -319.903 -12.739 -188.638 -0.0987526
4.33335 -0.629255 319.859 93.1181 1310.8 0.107429 -3.91635 0.499524 -319.859 62.7984 -169.701 -0.107429
4.02894 -1.07466 319.819 170.075 1213.72 0.114159 -3.7314 1.10642 -319.819 131.149 -140.42 -0.114159
3.5892 -1.36044 319.812 214.152 1082.91 0.118785 -3.42275 1.43626 -319.812 172.082 -113.226 -0.118785
3.01787 -1.36022 319.852 211.198 915.049 0.121202 -2.93595 1.43153 -319.852 174.36 -91.8015 -0.121202
2.36792 -1.0871 319.901 164.645 716.932 0.121358 -2.34563 1.12531 -319.901 140.924 -65.3342 -0.121358
1.75901 -0.58706 319.953 86.9505 501.107 0.119245 -1.70708 0.636068 -319.953 82.0249 -22.2062 -0.119245
1.21721 0.0337493 320.046 -8.95007 277.211 0.114893 -1.05728 0.0292279 -320.046 8.41832 36.6677 -0.114893
0.610956 0.670727 320.163 -109.064 50.3192 0.108374 -0.457534 -0.619414 -320.163 -68.9807 96.5353 -0.108374
-0.0600125 1.24585 320.239 -197.793 -177.169 0.0998002 0.20857 -1.1905 -320.239 -138.517 138.918 -0.0998002
-0.744908 1.69298 320.257 -267.77 -397.024 0.089338 0.932651 -1.63863 -320.257 -192.152 163.773 -0.089338
-1.37593 1.95921 320.277 -310.248 -594.237 0.0772152 1.54359 -1.89968 -320.277 -222.478 189.086 -0.0772152
-1.90829 2.05729 320.321 -321.593 -763.281 0.0637147 2.0166 -1.92384 -320.321 -228.007 218.948 -0.0637147
-2.32342 1.98593 320.265 -308.526 -903.231 0.049157 2.44242 -1.79844 -320.265 -213.902 242.482 -0.049157
-2.71604 1.80004 320.226 -280.587 -1017.11 0.0339016 2.81521 -1.59218 -320.226 -187.689 250.453 -0.0339016
-2.99683 1.51609 320.202 -241.941 -1095.97 0.0183517 3.12289 -1.34604 -320.202 -153.137 247.916 -0.0183517
-3.11157 1.13123 320.129 -191.777 -1131.08 0.00293921 3.29732 -1.05047 -320.129 -109.344 243.045 -0.00293921
-3.08996 0.704837 320.059 -128.566 -1118.67 -0.0118991 3.28288 -0.625454 -320.059 -54.989 235.639 0.0118991
-2.92762 0.19661 320.034 -55.6996 -1060.74 -0.0257404 3.15926 -0.160034 -320.034 6.588 217.325 0.0257404
-2.66684 -0.28655 319.992 17.6331 -960.079 -0.0381864 2.93187 0.328915 -319.992 67.485 184.301 0.0381864
-2.30615 -0.633301 319.958 76.6254 -818.16 -0.0488736 2.58207 0.753505 -319.958 114.999 140.81 0.0488736
-1.78987 -0.841575 319.975 107.217 -632.793 -0.0574927 2.09679 0.920636 -319.975 136.239 94.1451 0.0574927
-1.17053 -0.792076 320.036 103.064 -414.443 -0.0637974 1.49188 0.864494 -320.036 125.797 45.3249 0.0637974
-0.464066 -0.513908 320.045 65.9098 -167.994 -0.067598 0.787585 0.584932 -320.045 85.9289 -5.77729 0.067598
0.351807 -0.0752732 320.18 2.64354 107.691 -0.068763 -0.00250906 0.117289 -320.18 24.0443 -59.1194 0.068763
1.20992 0.444258 320.27 -68.7912 397.617 -0.0672354 -0.816847 -0.397836 -320.27 -47.4027 -117.49 0.0672354
2.00124 1.00338 320.253 -141.686 692.464 -0.0630275 -1.71706 -0.89303 -320.253 -120.104 -178.139 0.0630275
2.81359 1.50277 320.3 -209.448 980.709 -0.0562142 -2.55345 -1.37144 -320.3 -187.371 -238.111 0.0562142
3.62079 1.91665 320.383 -264.86 1251.99 -0.0469641 -3.31662 -1.76163 -320.383 -242.997 -291.981 0.0469641
4.35785 2.23428 320.291 -305.211 1499.63 -0.0355394 -4.06465 -2.03098 -320.291 -283.706 -334.051 0.0355394
4.99092 2.39517 320.24 -327.233 1711.15 -0.0222472 -4.71729 -2.20138 -320.24 -307.436 -367.604 0.0222472
5.50028 2.41822 320.22 -329.996 1878.96 -0.00743328 -5.21697 -2.24159 -320.22 -313.41 -395.747 0.00743328
5.87432 2.33302 320.135 -313.727 1998.36 0.00849562 -5.56143 -2.12593 -320.135 -301.947 -415.682 -0.00849562
6.00773 2.14714 320.041 -284.51 2066.52 0.0250852 -5.85247 -1.9287 -320.041 -278.264 -425.101 -0.0250852
5.87291 1.90921 319.993 -249.076 2069.83 0.0418585 -5.96494 -1.68951 -319.993 -247.814 -431.479 -0.0418585
5.60489 1.68309 319.934 -213.813 2000.14 0.0583263 -5.72861 -1.42987 -319.934 -216.001 -431.562 -0.0583263
5.09952 1.52478 319.879 -187.443 1862.56 0.0739936 -5.41076 -1.21169 -319.879 -190.38 -407.935 -0.0739936
4.4145 1.41594 319.883 -176.72 1652.69 0.0883709 -4.92589 -1.14584 -319.883 -176.976 -360.061 -0.0883709
3.68994 1.30924 319.877 -175.562 1368.18 0.100992 -4.06568 -1.19851 -319.877 -170.667 -294.981 -0.100992
2.79779 1.20435 319.927 -173.684 1024.43 0.111443 -3.11673 -1.20679 -319.927 -159.194 -206.204 -0.111443
1.81284 0.964261 320.027 -153.431 637.771 0.119384 -2.08219 -1.08106 -320.027 -128.918 -99.2489 -0.119384
0.742552 0.588261 320.037 -108.55 219.19 0.124563 -0.895428 -0.740616 -320.037 -74.8501 6.75341 -0.124563
-0.399015 0.0408817 320.183 -34.7262 -210.383 0.126841 0.342574 -0.19977 -320.183 1.60538 106.801 -0.126841
-1.50872 -0.542234 320.284 46.6137 -629.122 0.126198 1.56725 0.411061 -320.284 85.1442 202.264 -0.126198
-2.60022 -1.05328 320.236 122.603 -1033.53 0.122693 2.74202 0.998971 -320.236 160.913 292.86 -0.122693
-3.64605 -1.4471 320.198 176.099 -1403.56 0.116453 3.75158 1.37903 -320.198 214.283 378.282 -0.116453
-4.54222 -1.62268 320.247 199.208 -1722.47 0.107695 4.62867 1.55431 -320.247 239.627 451.652 -0.107695
-5.26071 -1.56616 320.205 191.352 -1981.55 0.0967334 5.38498 1.53713 -320.205 237.31 506.521 -0.0967334
-5.7976 -1.36273 320.107 159.871 -2172.13 0.0839677 5.9435 1.33112 -320.107 212.255 545.426 -0.0839677
-6.1403 -1.04294 320.085 111.738 -2290.47 0.0698514 6.27895 1.00591 -320.085 171.324 569.868 -0.0698514
-6.27024 -0.687063 320.062 57.8181 -2336 0.0548487 6.42604 0.629961 -320.062 124.19 577.045 -0.0548487
-6.21695 -0.345168 319.981 7.53838 -2309.08 0.0394317 6.37371 0.282614 -319.981 79.2957 564.784 -0.0394317
-6.00721 -0.0612081 319.941 -33.3942 -2210.93 0.024084 6.10757 -0.000361378 -319.941 41.9421 532.579 -0.024084
-5.60146 0.136682 319.946 -62.2196 -2044.02 0.00926431 5.67919 -0.209965 -319.946 14.4972 481.245 -0.00926431
-5.00345 0.255226 319.907 -78.9957 -1811.05 -0.00461031 5.06145 -0.337481 -319.907 -2.70512 416.68 0.00461031
-4.17281 0.298442 319.94 -83.7221 -1512.1 -0.0171502 4.23754 -0.380372 -319.94 -9.86994 346.836 0.0171502
-3.19548 0.261647 319.974 -74.5221 -1163.87 -0.0280069 3.26228 -0.328012 -319.974 -6.76291 268.967 0.0280069
-2.17533 0.133469 320.033 -50.8874 -784.862 -0.0369103 2.18896 -0.196312 -320.033 5.47914 179.848 0.0369103
-1.15009 -0.0813907 320.141 -12.8134 -393.657 -0.043652 1.09127 0.0147819 -320.141 26.2094 82.6572 0.043652
-0.109958 -0.354376 320.195 34.3832 3.364 -0.0480379 -0.0492507 0.286548 -320.195 54.2202 -12.3699 0.0480379
1.00688 -0.683699 320.296 90.1921 402.777 -0.0499074 -1.20181 0.61079 -320.296 88.6405 -97.5714 0.0499074
2.0816 -1.01135 320.216 144.735 776.772 -0.0491708 -2.24104 0.923348 -320.216 122.483 -178.873 0.0491708
3.0341 -1.27186 320.155 188.461 1113.68 -0.0458098 -3.20649 1.1779 -320.155 149.867 -250.236 0.0458098
3.89711 -1.42369 320.215 213.756 1404.09 -0.039896 -4.02598 1.32144 -320.215 165.349 -307.711 0.039896
4.61294 -1.4418 320.109 217.7 1639.88 -0.0315979 -4.69834 1.32802 -320.109 164.811 -351.322 0.0315979
5.16215 -1.27275 319.987 197.773 1815.88 -0.0211758 -5.189 1.20768 -319.987 144.773 -383.372 0.0211758
5.48986 -0.903827 320.012 149.72 1926.36 -0.00900616 -5.50232 0.914436 -320.012 101.39 -405.105 0.00900616
5.51853 -0.396319 319.998 74.0023 1965.83 0.00443326 -5.65622 0.393119 -319.998 35.0434 -419.262 -0.00443326
5.33708 0.238596 319.917 -19.3611 1929.66 0.018606 -5.51564 -0.230326 -319.917 -45.3513 -427.607 -0.018606
4.93162 0.867849 319.935 -114.116 1821.27 0.0329269 -5.175 -0.86658 -319.935 -125.34 -422.442 -0.0329269
4.33992 1.36972 319.992 -191.979 1645.48 0.0467722 -4.68312 -1.39265 -319.992 -189.413 -396.62 -0.0467722
3.59875 1.65978 319.969 -237.112 1403.59 0.059508 -3.98934 -1.68005 -319.969 -224.014 -353.364 -0.059508
2.80479 1.67874 320.011 -245.683 1105.29 0.0705297 -3.07785 -1.7173 -320.011 -223.194 -291.185 -0.0705297
1.8837 1.41186 320.087 -214.096 767.006 0.0793085 -2.14148 -1.48101 -320.087 -185.289 -210.103 -0.0793085
0.871493 0.913295 320.119 -147.954 399.399 0.0854191 -1.13752 -0.998785 -320.119 -115.985 -121.692 -0.0854191
-0.212861 0.255139 320.123 -58.5302 10.419 0.0885769 -0.00210037 -0.353019 -320.123 -25.3431 -40.0625 -0.0885769
-1.38566 -0.364383 320.272 37.0905 -380.516 0.0886762 1.07888 0.399589 -320.272 68.5165 38.8078 -0.0886762
-2.55347 -0.749696 320.231 100.181 -772.199 0.0857871 2.19392 0.950601 -320.231 134.73 114.426 -0.0857871
-3.65139 -0.837622 320.221 110.337 -1155.34 0.0801408 3.29444 1.06484 -320.221 152.499 193.18 -0.0801408
-4.60806 -0.490563 320.244 60.5632 -1510.16 0.0721059 4.25389 0.779478 -320.244 114.949 282.649 -0.0721059
-5.38136 0.252191 320.237 -44.8663 -1820.33 0.0621699 5.03939 0.122631 -320.237 27.1184 376.875 -0.0621699
-6.02341 1.1114 320.247 -183.627 -2081.16 0.0509492 5.68288 -0.889046 -320.247 -92.4607 459.579 -0.0509492
-6.54624 1.82666 320.233 -312.213 -2293.03 0.0391571 6.2364 -1.91227 -320.233 -203.934 522.323 -0.0391571
-6.89066 2.34974 320.21 -385.548 -2447.26 0.0275255 6.63642 -2.37834 -320.21 -267.186 573.388 -0.0275255
-7.04148 2.33486 320.177 -387.328 -2538.15 0.0167453 6.81367 -2.41168 -320.177 -267.953 618.726 -0.0167453
-7.02056 1.86439 320.147 -321.379 -2567.49 0.00744394 6.80671 -1.97866 -320.147 -209.143 651.794 -0.00744394
-6.99959 1.12921 320.113 -204.901 -2545.53 0.000167886 6.61888 -1.12518 -320.113 -106.25 658.701 -0.000167886
-6.92405 0.255916 320.085 -70.9451 -2482.8 -0.00466157 6.41906 -0.175941 -320.085 11.46 634.157 0.00466157
-6.69316 -0.588366 320.042 50.0157 -2378.27 -0.00678047 6.1721 0.619401 -320.042 116.907 595.866 0.00678047
-6.33241 -1.1702 319.989 139.639 -2229.31 -0.00607805 5.69361 1.24484 -319.989 193.988 563.121 0.00607805
-5.80557 -1.61111 319.984 193.084 -2045.3 -0.00260818 5.12415 1.5123 -319.984 238.357 530.887 0.00260818
-5.23381 -1.83186 319.963 220.911 -1842.4 0.0034015 4.56192 1.64708 -319.963 259.622 485.017 -0.0034015
-4.68654 -1.88002 319.917 234.544 -1627.12 0.0115776 3.98098 1.75356 -319.917 267.338 426.006 -0.0115776
-4.10501 -1.89562 319.895 234.305 -1403.39 0.0214322 3.40621 1.70907 -319.895 263.585 362.438 -0.0214322
-3.4769 -1.81504 319.874 225.167 -1174.5 0.0323909 2.81081 1.63805 -319.874 251.785 302.989 -0.0323909
-2.84824 -1.70399 319.86 210.66 -949.858 0.0438277 2.2127 1.51781 -319.86 234.35 248.226 -0.0438277
-2.27815 -1.55205 319.861 190.267 -737.809 0.0551027 1.6393 1.35554 -319.861 211.349 194.543 -0.0551027
-1.82317 -1.3816 319.91 165.808 -545.621 0.0656009 1.12854 1.15696 -319.91 184.845 136.15 -0.0656009
-1.45847 -1.23451 319.962 142.892 -381.524 0.0747678 0.755297 0.954585 -319.962 159.5 74.3564 -0.0747678
-1.13868 -1.11726 319.992 127.643 -240.882 0.0821317 0.436259 0.830826 -319.992 141.464 22.2751 -0.0821317
-0.845166 -1.05514 320.09 123.818 -121.425 0.0873059 0.112729 0.812411 -320.09 134.165 -11.7015 -0.0873059
-0.564806 -1.04265 320.175 128.502 -27.7673 0.0899855 -0.131038 0.865157 -320.175 135.037 -32.7844 -0.0899855
-0.356877 -1.07129 320.192 135.82 32.657 0.089963 -0.249896 0.919905 -320.192 139.231 -47.9522 -0.089963
-0.27215 -1.04315 320.212 139.289 61.8644 0.0871556 -0.316535 0.987158 -320.212 141.163 -56.1927 -0.0871556
-0.245084 -0.898013 320.228 127.217 61.8095 0.0816087 -0.287357 0.970036 -320.228 130.829 -56.4284 -0.0816087
-0.270898 -0.66819 320.189 90.3872 35.6715 0.0734865 -0.190424 0.712597 -320.189 100.377 -47.2982 -0.0734865
-0.351875 -0.277589 320.138 31.7434 -11.8271 0.0630685 -0.063098 0.328361 -320.138 52.0313 -28.6733 -0.0630685
-0.489032 0.134315 320.114 -36.4127 -78.4522 0.0507436 0.112823 -0.158463 -320.114 -3.90923 -5.43081 -0.0507436
-0.674936 0.480626 320.084 -94.9652 -160.04 0.0369932 0.344537 -0.581881 -320.084 -51.641 18.3072 -0.0369932
-0.92891 0.685284 320.056 -127.503 -252.996 0.0223694 0.592245 -0.795969 -320.056 -76.9224 41.7834 -0.0223694
-1.19711 0.679532 320.051 -127.32 -352.559 0.00746872 0.859704 -0.775376 -320.051 -73.4632 67.1554 -0.00746872
-1.44802 0.424458 320.066 -94.179 -454.722 -0.00709939 1.13493 -0.559978 -320.066 -41.6365 96.4283 0.00709939
-1.70759 -0.01877 320.085 -31.366 -558.436 -0.0207425 1.39712 -0.134953 -320.085 15.445 127.848 0.0207425
-1.95457 -0.576308 320.11 51.2632 -663.236 -0.0329 1.69235 0.442101 -320.11 89.4876 157.536 0.0329
-2.18498 -1.18116 320.133 139.025 -763.329 -0.0430515 1.9877 1.03802 -320.133 167.536 184.804 0.0430515
-2.36943 -1.72793 320.126 217.218 -850.581 -0.0507394 2.24221 1.56018 -320.126 236.947 211.238 0.0507394
-2.47679 -2.12397 320.113 274.037 -919.589 -0.0556001 2.46203 1.94277 -320.113 287.645 234.902 0.0556001
-2.58011 -2.31671 320.099 301.377 -967.226 -0.0573768 2.58674 2.12751 -320.099 312.428 250.941 0.0573768
-2.63607 -2.25678 320.063 293.973 -990.688 -0.055924 2.6734 2.0922 -320.063 306.683 254.662 0.055924
-2.61619 -1.92652 320.025 249.379 -986.292 -0.0512169 2.71196 1.82109 -320.025 268.238 247.709 0.0512169
-2.55093 -1.33783 319.999 168.063 -950.081 -0.0433608 2.60882 1.30787 -319.999 197.397 234.84 0.0433608
-2.39563 -0.486734 319.987 52.486 -884.966 -0.0325872 2.43891 0.591019 -319.987 96.465 214.784 0.0325872
-2.17715 0.474978 319.984 -88.6213 -795.207 -0.0192403 2.21408 -0.362 -319.984 -26.8224 186.452 0.0192403
-1.92128 1.5094 319.993 -236.832 -683.007 -0.00376542 1.9043 -1.34294 -319.993 -156.902 152.626 0.00376542
-1.60347 2.38968 320.037 -368.57 -552.16 0.0133118 1.55211 -2.26502 -320.037 -274.045 114.601 -0.0133118
-1.26088 2.85874 320.073 -454.213 -409.789 0.0314141 1.16009 -2.98086 -320.073 -352.022 74.0044 -0.0314141
-0.880448 3.0074 320.086 -468.184 -256.766 0.0499301 0.724653 -3.04915 -320.086 -368.013 33.9852 -0.0499301
-0.533977 2.67409 320.102 -411.716 -102.461 0.0682213 0.249894 -2.65356 -320.102 -323.836 -6.57814 -0.0682213
-0.237991 1.97865 320.157 -307.256 38.7782 0.0856451 -0.166943 -1.9741 -320.157 -238.451 -49.0648 -0.0856451
0.110901 1.10836 320.163 -175.535 167.559 0.101589 -0.51046 -1.10748 -320.163 -130.339 -81.9604 -0.101589
0.427918 0.240631 320.115 -41.9147 278.288 0.115485 -0.880278 -0.210487 -320.115 -20.2861 -97.6375 -0.115485
0.710843 -0.459559 320.105 68.6596 361.182 0.126817 -1.17646 0.55283 -320.105 71.2216 -100.422 -0.126817
0.937384 -0.966355 320.098 139.773 408.951 0.135148 -1.33033 0.989125 -320.098 130.332 -95.5924 -0.135148
1.10659 -1.21655 320.04 171.961 424.556 0.140132 -1.38999 1.16768 -320.04 157.346 -79.5953 -0.140132
1.20187 -1.2472 320.005 175.088 412.367 0.141526 -1.41001 1.18249 -320.005 160.497 -51.552 -0.141526
1.21998 -1.1812 319.994 159.947 373.114 0.139196 -1.34459 1.05588 -319.994 149.043 -18.9516 -0.139196
1.15567 -1.01692 319.968 136.034 309.316 0.133131 -1.17815 0.917272 -319.968 131.136 12.8219 -0.133131
0.955431 -0.749429 319.955 104.17 225.228 0.123441 -0.986193 0.779322 -319.955 107.02 42.5634 -0.123441
0.575988 -0.50259 319.979 60.8461 120.204 0.110366 -0.763562 0.469996 -319.979 73.5502 64.2328 -0.110366
0.174526 -0.197936 320.005 11.3629 -6.38246 0.094282 -0.345227 0.138894 -320.005 35.2508 77.3755 -0.094282
-0.202777 0.0931782 320.054 -34.3689 -141.326 0.0756898 0.0939822 -0.154983 -320.054 0.209677 99.2957 -0.0756898
-0.60699 0.273153 320.131 -68.0326 -275.285 0.0551795 0.408009 -0.398949 -320.131 -24.6615 133.777 -0.0551795
-1.0575 0.335828 320.175 -81.9022 -417.677 0.033415 0.799807 -0.488322 -320.175 -31.7817 159.552 -0.033415
-1.60231 0.263598 320.228 -69.9704 -572.276 0.0111423 1.31401 -0.367269 -320.228 -17.0191 167.62 -0.0111423
-2.18012 0.102943 320.298 -40.1739 -730.14 -0.010836 1.84713 -0.0961969 -320.298 12.8039 171.787 0.010836
-2.66427 -0.113755 320.307 -5.6995 -875.778 -0.0317115 2.3099 0.173937 -320.307 45.5566 186.383 0.0317115
-3.07672 -0.250486 320.281 18.2181 -1009.22 -0.0507002 2.71122 0.379395 -320.281 68.8929 207.187 0.0507002
-3.44474 -0.238816 320.268 20.5297 -1129.42 -0.0670641 3.08305 0.439926 -320.268 73.3309 224.976 0.0670641
-3.73534 -0.059116 320.225 -5.35897 -1230.71 -0.0801468 3.43994 0.28366 -320.225 52.8299 236.67 0.0801468
-3.95216 0.271097 320.154 -56.9631 -1304.49 -0.0894164 3.69126 -0.0755537 -320.154 9.23632 245.657 0.0894164
-4.04624 0.677382 320.104 -122.381 -1345.23 -0.0944901 3.83505 -0.549077 -320.104 -46.8327 253.472 0.0944901
-4.01869 1.09816 320.069 -185.483 -1348.88 -0.0951445 3.84741 -0.979974 -320.069 -101.333 259.207 0.0951445
-4.00572 1.41796 320.048 -233.475 -1320.43 -0.0913257 3.68736 -1.31093 -320.048 -143.201 254.709 0.0913257
-3.96126 1.55839 320.053 -257.446 -1270.65 -0.0831505 3.53638 -1.49924 -320.053 -164.624 232.034 0.0831505
-3.77745 1.48251 320.062 -249.83 -1198.8 -0.0708883 3.40058 -1.47902 -320.062 -158.971 204.492 0.0708883
-3.5076 1.17126 320.069 -206.937 -1099.34 -0.0549523 3.04797 -1.22011 -320.069 -123.136 191.182 0.0549523
-3.08228 0.570083 320.102 -126.995 -979.71 -0.0359035 2.63422 -0.758833 -320.102 -56.3727 187.624 0.0359035
-2.62855 -0.187627 320.121 -14.4687 -853.928 -0.0144224 2.23848 -0.0193285 -320.121 37.8382 179.374 0.0144224
-2.21691 -1.01777 320.102 114.459 -725.921 0.00873214 1.8317 0.864546 -320.102 145.585 164.624 -0.00873214
-1.76667 -1.87406 320.089 237.637 -595.779 0.0327357 1.45387 1.63968 -320.089 247.674 149.076 -0.0327357
-1.37916 -2.55112 320.071 339.018 -468.897 0.0567173 1.01562 2.29867 -320.071 330.775 136.465 -0.0567173
-1.06832 -2.98189 320.014 406.419 -354.232 0.0797986 0.597281 2.74746 -320.014 384.821 122.717 -0.0797986
-0.707029 -3.12739 319.976 429.939 -258.218 0.101124 0.370097 2.89464 -319.976 401.713 108.163 -0.101124
-0.320318 -2.90253 319.935 404.84 -172.894 0.119885 0.149452 2.76034 -319.935 377.214 106.868 -0.119885
-0.0209569 -2.36808 319.908 329.978 -96.0621 0.135355 -0.174966 2.26878 -319.908 310.399 116.301 -0.135355
0.194653 -1.59091 319.901 213.882 -41.0012 0.146936 -0.338513 1.47324 -319.901 209.329 113.708 -0.146936
0.284289 -0.663162 319.915 76.746 -8.60917 0.154202 -0.358444 0.553631 -319.915 91.375 96.5406 -0.154202
0.274974 0.277708 319.943 -59.5026 10.2064 0.15691 -0.379612 -0.337075 -319.943 -25.2857 79.4322 -0.15691
0.30182 1.10725 319.993 -179.179 20.1665 0.155007 -0.346525 -1.11517 -319.993 -127.597 68.6535 -0.155007
0.325007 1.74518 320.054 -271.864 22.9425 0.14863 -0.293566 -1.72306 -320.054 -206.939 61.7894 -0.14863
0.314593 2.18143 320.111 -332.777 21.7154 0.138097 -0.237783 -2.10562 -320.111 -259.09 53.8906 -0.138097
0.293259 2.39098 320.169 -361.953 18.8378 0.123883 -0.136079 -2.28847 -320.169 -284.098 39.7977 -0.123883
0.241226 2.39421 320.218 -361.895 19.5122 0.1066 -0.0511294 -2.28567 -320.218 -284.215 20.2405 -0.1066
0.16723 2.21009 320.246 -335.025 27.8323 0.0869637 -0.0222425 -2.11153 -320.246 -261.615 -2.23669 -0.0869637
-0.0335651 1.84376 320.25 -283.471 38.57 0.0657681 -0.0864325 -1.78922 -320.25 -218.08 -31.7744 -0.0657681
-0.343375 1.37074 320.226 -211.831 37.5378 0.0438552 -0.0832066 -1.30195 -320.226 -157.119 -73.9077 -0.0438552
-0.595862 0.853737 320.18 -131.026 19.63 0.0220911 0.0851734 -0.73216 -320.18 -87.8573 -114.089 -0.0220911
-0.764932 0.25932 320.123 -51.1363 -7.45313 0.00132013 0.192973 -0.250673 -320.123 -19.1823 -125.273 -0.00132013
-0.841874 -0.299851 320.054 25.7157 -43.3068 -0.0176927 0.22822 0.228868 -320.054 47.3949 -105.013 0.0176927
-0.833969 -0.810868 319.99 99.0397 -96.4243 -0.0342852 0.384241 0.714256 -319.99 111.659 -72.4993 0.0342852
-0.939253 -1.24902 319.941 162.612 -165.649 -0.0479095 0.535574 1.14561 -319.941 168.154 -38.8923 0.0479095
-1.05349 -1.49475 319.917 204.052 -243.844 -0.0581671 0.744365 1.47688 -319.917 206.39 -5.50349 0.0581671
-1.30816 -1.47289 319.907 207.386 -330.291 -0.0648262 0.878384 1.56549 -319.907 212.276 27.0578 0.0648262
-1.586 -1.19773 319.934 162.829 -427.472 -0.0678046 1.07457 1.26531 -319.934 177.392 58.5562 0.0678046
-1.83615 -0.707246 320.006 81.1463 -533.874 -0.067163 1.32578 0.682321 -320.006 110.85 95.4781 0.067163
-1.99699 -0.075648 320.095 -14.3719 -643.338 -0.0631109 1.58352 0.0535241 -320.095 32.3332 146.869 0.0631109
-2.03078 0.496177 320.186 -102.072 -747.055 -0.055999 1.83139 -0.533086 -320.186 -39.9238 211.406 0.055999
-1.98936 0.935751 320.259 -166.069 -836.544 -0.0462898 2.03127 -0.940268 -320.259 -92.848 278.747 0.0462898
-1.97186 1.24574 320.311 -203.419 -908.228 -0.0345271 2.17361 -1.12154 -320.311 -123.331 332.976 0.0345271
-2.08306 1.37663 320.351 -220.363 -961.778 -0.0213076 2.25184 -1.21026 -320.351 -136.71 360.232 0.0213076
-2.13787 1.43867 320.344 -225.208 -992.625 -0.00724107 2.40528 -1.20888 -320.344 -140.24 362.266 0.00724107
-2.09921 1.39509 320.299 -222.311 -987.522 0.00708188 2.4361 -1.21343 -320.299 -137.749 358.26 -0.00708188
-1.92057 1.19767 320.243 -205.702 -939.358 0.0211116 2.2822 -1.19244 -320.243 -124.2 356.102 -0.0211116
-1.67261 1.00615 320.184 -169.125 -856.931 0.0343672 2.05256 -0.903232 -320.184 -94.3988 339.797 -0.0343672
-1.40836 0.756994 320.1 -124.224 -748.142 0.0464576 1.8415 -0.564816 -320.1 -58.1681 296.904 -0.0464576
-1.09215 0.505103 320.022 -86.4086 -607.297 0.0570915 1.57712 -0.33575 -320.022 -29.5757 236.577 -0.0570915
-0.74617 0.359649 320.002 -62.1853 -433.458 0.0660865 1.15193 -0.195082 -320.002 -14.2961 169.651 -0.0660865
-0.350743 0.281857 319.966 -50.1961 -234.02 0.0733597 0.638253 -0.163104 -319.966 -11.1357 96.2332 -0.0733597
0.138063 0.269861 319.998 -48.6779 -13.9245 0.0789028 0.120496 -0.199451 -319.998 -16.0228 15.6585 -0.0789028
0.629708 0.213093 320.072 -43.7797 220.707 0.082772 -0.495158 -0.245711 -320.072 -19.4793 -65.5235 -0.082772
1.14082 0.0620355 320.08 -25.7711 457.146 0.0850787 -1.10971 -0.220255 -320.08 -13.1256 -145.979 -0.0850787
1.73848 -0.109302 320.072 6.80819 687.359 0.0859666 -1.64209 -0.0109714 -320.072 6.84236 -219.627 -0.0859666
2.38704 -0.258993 320.126 42.1752 911.155 0.0856003 -2.21608 0.260039 -320.126 29.5577 -274.127 -0.0856003
2.9875 -0.378478 320.18 60.3156 1122.52 0.0841476 -2.85662 0.342381 -320.18 39.2795 -313.695 -0.0841476
3.51731 -0.363034 320.154 57.8397 1304.76 0.0817509 -3.3443 0.290364 -320.154 32.4343 -355.047 -0.0817509
3.94267 -0.276468 320.148 40.0869 1454.43 0.0785261 -3.7148 0.115743 -320.148 14.1181 -394.489 -0.0785261
4.32909 -0.131823 320.157 19.3138 1580.44 0.0745635 -4.08273 -0.03506 -320.157 -5.90764 -416.072 -0.0745635
4.67603 0.00845516 320.104 1.78836 1678.33 0.0699129 -4.41771 -0.142866 -320.104 -22.6404 -419.629 -0.0699129
4.93098 0.0531962 320.031 -8.82724 1739.92 0.0645941 -4.64985 -0.248029 -320.031 -32.7252 -413.857 -0.0645941
5.02095 0.0131821 319.983 -5.10999 1759.64 0.0586127 -4.77274 -0.240064 -319.983 -29.8177 -404.163 -0.0586127
4.95902 -0.167267 319.918 19.7044 1734.25 0.0519627 -4.74914 -0.0835299 -319.918 -8.0998 -390.652 -0.0519627
4.7992 -0.537026 319.847 68.84 1665.6 0.0446542 -4.58114 0.216945 -319.847 35.3139 -367.431 -0.0446542
4.60464 -1.07936 319.81 143.471 1560.6 0.0367396 -4.31174 0.693272 -319.81 101.345 -326.749 -0.0367396
4.33886 -1.70651 319.801 237.095 1425.24 0.02831 -4.00969 1.34609 -319.801 184.466 -270.137 -0.02831
3.92386 -2.33067 319.782 331.46 1255.9 0.0194955 -3.60924 2.01762 -319.782 269.016 -213.785 -0.0194955
3.38276 -2.85189 319.816 405.846 1053.12 0.0104829 -3.02249 2.53105 -319.816 337.506 -167.179 -0.0104829
2.75622 -3.129 319.877 444.479 831.317 0.00152096 -2.38767 2.82171 -319.877 377.281 -120.026 -0.00152096
2.00327 -3.11336 319.896 441.347 596.447 -0.00709113 -1.81316 2.85316 -319.896 382.606 -68.954 0.00709113
1.2642 -2.80963 319.938 394.868 348.544 -0.0150256 -1.10598 2.5936 -319.938 351.314 -21.2671 0.0150256
0.558682 -2.26066 320.083 311.061 95.6543 -0.0219603 -0.337765 2.07357 -320.083 287.521 27.6072 0.0219603
-0.0875559 -1.51604 320.13 199.354 -142.35 -0.0276025 0.314625 1.37417 -320.13 199.843 85.7791 0.0276025
-0.673034 -0.670614 320.156 74.2924 -359.131 -0.0316828 0.8914 0.591371 -320.156 100.082 141.585 0.0316828
-1.2594 0.193268 320.173 -52.0985 -561.859 -0.0339573 1.49405 -0.19944 -320.173 -2.00562 179.699 0.0339573
-1.79787 0.9865 320.222 -168.396 -741.219 -0.034234 2.05466 -0.936338 -320.222 -96.9887 206.932 0.034234
-2.19552 1.6277 320.199 -263.194 -879.275 -0.0323959 2.45426 -1.5513 -320.199 -175.642 234.606 0.0323959
-2.49611 2.06922 320.176 -328.167 -978.234 -0.0284089 2.71359 -1.97159 -320.176 -229.669 256.041 0.0284089
-2.68565 2.2885 320.191 -357.751 -1037.98 -0.0223222 2.89818 -2.14478 -320.191 -254.278 264.003 0.0223222
-2.72752 2.21192 320.166 -351.046 -1054.94 -0.0142707 2.99531 -2.12925 -320.166 -248.264 261.741 0.0142707
-2.61204 1.87958 320.119 -305.368 -1023.07 -0.00448608 2.92287 -1.84798 -320.119 -209.213 255.895 0.00448608
-2.34755 1.42164 320.118 -226.956 -942.154 0.00669866 2.68943 -1.25979 -320.118 -143.173 243.888 -0.00669866
-1.96786 0.947811 320.114 -142.321 -818.615 0.0188758 2.35696 -0.612332 -320.114 -72.9796 218.947 -0.0188758
-1.49104 0.559124 320.083 -81.1218 -654.564 0.0315876 1.91219 -0.206856 -320.083 -24.5224 182.504 -0.0315876
-0.909792 0.352719 320.122 -54.5155 -453.317 0.0443362 1.35884 -0.0991116 -320.122 -7.75656 138.364 -0.0443362
-0.220997 0.400709 320.126 -57.7559 -220.771 0.0566103 0.718565 -0.151312 -320.126 -18.3595 89.8516 -0.0566103
0.579957 0.603337 320.171 -86.8693 44.9901 0.0679219 -0.0340727 -0.390952 -320.171 -50.3235 39.1825 -0.0679219
1.41646 0.884961 320.247 -125.581 334.158 0.0778234 -0.880824 -0.703161 -320.247 -93.623 -16.9455 -0.0778234
2.1485 1.19396 320.213 -168.676 628.629 0.0859225 -1.76435 -1.05087 -320.213 -141.221 -87.6953 -0.0859225
2.85695 1.4769 320.194 -207.659 914.252 0.0919173 -2.52063 -1.35927 -320.194 -183.904 -170.423 -0.0919173
3.56807 1.69478 320.274 -234.539 1187.13 0.0956258 -3.23616 -1.56565 -320.274 -215.618 -245.705 -0.0956258
4.25913 1.79315 320.23 -247.054 1442.24 0.0969679 -3.9786 -1.68502 -320.23 -233.177 -302.329 -0.0969679
4.87297 1.77366 320.178 -243.373 1663.46 0.0959338 -4.62903 -1.68593 -320.178 -234.296 -348.514 -0.0959338
5.35867 1.62422 320.159 -220.588 1839.07 0.0925981 -5.09344 -1.5546 -320.159 -218.315 -392.548 -0.0925981
5.67659 1.36531 320.141 -182.065 1966.22 0.0871196 -5.42737 -1.31343 -320.141 -187.789 -429.406 -0.0871196
5.88454 1.01302 320.067 -131.85 2045.75 0.0797015 -5.62865 -0.998726 -320.067 -145.903 -452.25 -0.0797015
5.9948 0.582695 320.022 -72.8681 2078.37 0.0705935 -5.71825 -0.635712 -320.022 -95.339 -457.205 -0.0705935
5.98266 0.012607 319.991 -2.048 2062.86 0.060106 -5.69654 -0.244905 -319.991 -33.4746 -446.421 -0.060106
5.83169 -0.607702 319.923 86.1251 1997.14 0.0485816 -5.51864 0.336104 -319.923 44.236 -426.264 -0.0485816
5.51494 -1.22383 319.872 183.265 1882.73 0.0363901 -5.1955 1.04698 -319.872 130.335 -400.462 -0.0363901
5.03384 -1.79385 319.853 267.72 1722.45 0.0239476 -4.75239 1.6341 -319.853 205.665 -368.136 -0.0239476
4.47078 -2.1134 319.805 318.497 1524.2 0.0117006 -4.18717 2.02204 -319.805 252.585 -326.099 -0.0117006
3.8662 -2.17711 319.799 323.128 1298.79 9.74127e-05 -3.56259 2.05205 -319.799 260.898 -270.911 -9.74127e-05
3.17815 -2.04535 319.847 288.458 1047.15 -0.0104341 -2.88092 1.75875 -319.847 236.882 -208.945 0.0104341
2.45705 -1.71056 319.895 232.47 778.492 -0.0195073 -2.12627 1.40179 -319.895 197.361 -144.639 0.0195073
1.70613 -1.38978 319.892 176.521 502.145 -0.026785 -1.34625 1.04101 -319.892 159.212 -80.2783 0.026785
0.970729 -1.14577 319.945 133.997 231.041 -0.0319997 -0.586555 0.784123 -319.945 132.582 -16.2028 0.0319997
0.304022 -1.00874 320.083 112.67 -24.0014 -0.0349855 0.13467 0.692798 -320.083 122.386 46.6334 0.0349855
-0.262247 -0.993751 320.076 107.896 -249.564 -0.0356892 0.764717 0.694956 -320.076 125.396 106.494 0.0356892
-0.765869 -1.05065 320.058 114.099 -442.229 -0.0341558 1.29472 0.768574 -320.058 137.223 155.993 0.0341558
-1.23423 -1.10887 320.094 125.785 -601.988 -0.0305059 1.73122 0.904034 -320.094 152.286 190.454 0.0305059
-1.59264 -1.14605 320.122 133.108 -724.695 -0.0249242 2.11418 0.991174 -320.122 162.135 210.536 0.0249242
-1.84035 -1.10169 320.074 129.15 -800.722 -0.0176601 2.33171 0.996398 -320.074 160.691 222.167 0.0176601
-1.95265 -0.931774 320.065 108.823 -829.425 -0.00901363 2.40953 0.896906 -320.065 143.818 224.561 0.00901363
-1.9717 -0.657442 320.087 70.5391 -815.075 0.000685016 2.37084 0.652737 -320.087 110.505 212.97 -0.000685016
-1.89473 -0.297463 320.066 18.4773 -760.523 0.0110836 2.24097 0.302582 -320.066 64.5073 187.121 -0.0110836
-1.73402 0.109089 320.052 -38.6516 -668.281 0.0218229 1.99649 -0.079015 -320.052 12.803 151.057 -0.0218229
-1.49428 0.450455 320.083 -91.6632 -544.144 0.0325559 1.65038 -0.477964 -320.083 -36.4147 108.112 -0.0325559
-1.1045 0.712678 320.078 -129.507 -394.944 0.04295 1.28002 -0.759414 -320.078 -73.6482 64.2254 -0.04295
-0.625914 0.85919 320.053 -146.87 -219.542 0.0526808 0.768979 -0.88673 -320.053 -94.1031 25.8609 -0.0526808
-0.0162206 0.875389 320.087 -146.759 -23.8161 0.061437 0.222346 -0.904716 -320.087 -98.9396 -9.78039 -0.061437
0.7793 0.754625 320.148 -126.239 191.949 0.0689371 -0.319879 -0.800621 -320.148 -88.4186 -40.3885 -0.0689371
1.66856 0.549589 320.138 -89.3174 432.866 0.0749427 -1.01759 -0.576102 -320.138 -66.0373 -61.711 -0.0749427
2.54204 0.309503 320.152 -45.6006 690.898 0.0792607 -1.82767 -0.292545 -320.152 -37.4587 -86.7795 -0.0792607
3.33216 0.0353867 320.198 -2.1664 951.323 0.0817641 -2.59185 -0.0454516 -320.198 -8.93304 -132.051 -0.0817641
3.9935 -0.233614 320.254 38.0159 1205.8 0.0824199 -3.31968 0.172894 -320.254 18.1708 -194.159 -0.0824199
4.61616 -0.468157 320.236 76.5361 1448.61 0.0812815 -3.99854 0.415779 -320.236 45.5691 -256.728 -0.0812815
5.32326 -0.673175 320.219 110.061 1681.1 0.07847 -4.64587 0.634118 -320.219 70.4983 -301.703 -0.07847
6.00106 -0.824275 320.186 134.785 1895.6 0.074163 -5.31294 0.792059 -320.186 88.4439 -330.084 -0.074163
6.57207 -0.884819 320.168 144.919 2075.52 0.0685715 -5.84732 0.848118 -320.168 94.4087 -357.001 -0.0685715
6.94291 -0.839469 320.099 137.731 2212.82 0.061925 -6.22863 0.783678 -320.099 86.4343 -390.134 -0.061925
7.15213 -0.707782 320.03 115.332 2308.01 0.054482 -6.47422 0.602773 -320.03 65.6676 -422.3 -0.054482
7.26972 -0.491413 320.001 82.6629 2363.1 0.0465186 -6.60712 0.371873 -320.001 36.5747 -442.667 -0.0465186
7.28883 -0.24581 319.956 45.6859 2377.56 0.0382968 -6.66086 0.115614 -319.956 4.25211 -447.03 -0.0382968
7.1669 -0.0304344 319.896 10.8788 2345.8 0.0300582 -6.58871 -0.137075 -319.896 -25.5731 -442.133 -0.0300582
6.88004 0.0845361 319.875 -11.6006 2262.67 0.0220355 -6.31852 -0.318101 -319.875 -43.965 -436.086 -0.0220355
6.50525 0.0845745 319.873 -12.0911 2134.63 0.0144548 -5.85373 -0.311504 -319.873 -42.5669 -424.228 -0.0144548
5.99891 -0.050314 319.872 9.91588 1972.24 0.00752522 -5.37246 -0.127192 -319.872 -20.4943 -398.543 -0.00752522
5.41054 -0.317536 319.882 48.5613 1779.57 0.00142095 -4.81457 0.152811 -319.882 16.4268 -364.544 -0.00142095
4.71542 -0.572149 319.889 92.5784 1557.41 -0.00372719 -4.1386 0.516382 -319.889 57.7748 -332.152 0.00372719
3.94039 -0.760344 319.905 123.011 1317.11 -0.00782866 -3.40849 0.77096 -319.905 88.4874 -300.17 0.00782866
3.14554 -0.767695 319.958 124.164 1064.79 -0.0108302 -2.64076 0.823626 -319.958 95.6288 -264.114 0.0108302
2.38096 -0.508496 320.005 87.0004 812.165 -0.0127152 -1.9018 0.639211 -320.005 71.5465 -219.62 0.0127152
1.74048 0.0234413 320.009 8.69584 568.612 -0.0135066 -1.16482 0.178741 -320.009 12.827 -166.781 0.0135066
1.15431 0.72715 320.039 -103.848 344.402 -0.0132689 -0.535726 -0.570839 -320.039 -75.2939 -110.858 0.0132689
0.577282 1.46295 320.105 -227.291 144.121 -0.012094 -0.0109405 -1.43835 -320.105 -173.231 -63.1432 0.012094
0.112635 2.12996 320.129 -329.361 -24.6499 -0.0100792 0.494296 -2.10475 -320.129 -255.276 -28.6552 0.0100792
-0.283464 2.51912 320.132 -390.92 -156.77 -0.00732396 0.855371 -2.51811 -320.132 -304.528 -1.37096 0.00732396
-0.536907 2.64401 320.118 -405.613 -246.583 -0.00393027 1.0559 -2.57407 -320.118 -314.805 25.5487 0.00393027
-0.645461 2.46983 320.112 -378.372 -295.749 6.13268e-06 1.12153 -2.37272 -320.112 -290.19 50.5295 -6.13268e-06
-0.692958 2.07402 320.114 -319.103 -311.564 0.00439502 1.07501 -1.96857 -320.114 -238.998 66.1526 -0.00439502
-0.683747 1.5389 320.112 -238.634 -301.016 0.00915662 0.986922 -1.42465 -320.112 -170.47 69.0498 -0.00915662
-0.633366 0.865179 320.106 -145.594 -268.165 0.0142378 0.831472 -0.855749 -320.106 -91.9262 64.6826 -0.0142378
-0.512858 0.18511 320.103 -45.417 -217.173 0.019604 0.616944 -0.200671 -320.103 -7.74351 60.0485 -0.019604
-0.341763 -0.479214 320.101 52.9142 -155.828 0.0252116 0.371007 0.444326 -320.101 74.7187 56.4021 -0.0252116
-0.0880317 -1.0907 320.088 140.151 -87.6398 0.0309996 0.143895 0.98991 -320.088 147.252 54.7307 -0.0309996
0.14733 -1.57106 320.05 209.417 -17.5727 0.0368953 -0.123355 1.42352 -320.05 204.186 54.1872 -0.0368953
0.345789 -1.90116 320.025 256.614 47.0897 0.0428083 -0.364338 1.71263 -320.025 242.488 50.3232 -0.0428083
0.579435 -2.04311 319.997 278.937 104.379 0.0486236 -0.504302 1.85781 -319.997 259.811 44.7327 -0.0486236
0.824351 -1.99589 319.966 274.161 159.458 0.0541984 -0.671718 1.82928 -319.966 254.125 46.6856 -0.0541984
1.05113 -1.79132 319.959 242.978 213.118 0.0593626 -0.885788 1.60494 -319.959 226.082 53.9846 -0.0593626
1.23963 -1.3975 319.964 190.035 257.929 0.063932 -1.01742 1.27898 -319.964 179.633 53.461 -0.063932
1.36161 -0.884651 319.981 119.878 293.286 0.0677345 -1.07515 0.840321 -319.981 118.402 43.0036 -0.0677345
1.46287 -0.324618 320.023 38.5849 326.461 0.0706211 -1.13182 0.298466 -320.023 47.5421 31.7206 -0.0706211
1.52972 0.249735 320.076 -42.8461 360.053 0.072464 -1.23161 -0.231313 -320.076 -23.4901 21.2212 -0.072464
1.53235 0.760467 320.127 -114.56 388.597 0.0731633 -1.30669 -0.693735 -320.127 -86.1537 3.49483 -0.0731633
1.50314 1.09414 320.173 -167.508 409.358 0.0726604 -1.29689 -1.07882 -320.173 -132.455 -22.57 -0.0726604
1.468 1.22756 320.212 -190.542 427.126 0.070941 -1.28763 -1.26015 -320.212 -152.884 -46.3982 -0.070941
1.51557 1.15012 320.227 -177.824 446.324 0.0680292 -1.28156 -1.17165 -320.227 -142.689 -59.8108 -0.0680292
1.59439 0.841124 320.217 -133.542 467.838 0.0639853 -1.32173 -0.890646 -320.217 -105.503 -64.8522 -0.0639853
1.57796 0.399215 320.19 -67.5353 485.566 0.058906 -1.40375 -0.449895 -320.19 -49.6302 -73.4853 -0.058906
1.4873 -0.104871 320.146 7.32701 491.374 0.0529279 -1.38516 0.0502017 -320.146 14.1676 -94.3413 -0.0529279
1.41188 -0.593561 320.096 78.7202 488.284 0.0462316 -1.28554 0.521428 -320.096 75.3226 -115.399 -0.0462316
1.3773 -0.988569 320.049 137.421 485.184 0.039031 -1.2744 0.916312 -320.049 125.692 -118.618 -0.039031
1.43086 -1.2347 320.002 175.778 481.367 0.0315543 -1.28774 1.18727 -320.002 158.737 -105.594 -0.0315543
1.48479 -1.31585 319.964 188.404 471.067 0.024035 -1.2724 1.27914 -319.964 170.002 -90.0093 -0.024035
1.44734 -1.22411 319.947 174.852 451.823 0.0167113 -1.23718 1.19385 -319.947 159.111 -80.8484 -0.0167113
1.33786 -0.965086 319.948 138.254 423.944 0.0098189 -1.15967 0.968027 -319.948 128.761 -78.8373 -0.0098189
1.23753 -0.594574 319.965 83.3411 391.33 0.00358126 -1.0446 0.609273 -319.965 82.976 -76.0244 -0.00358126
1.20752 -0.214277 320.003 19.9956 361.056 -0.00180253 -0.956098 0.147409 -320.003 30.0347 -62.185 0.00180253
1.22832 0.148358 320.048 -37.4097 335.435 -0.00617822 -0.919058 -0.252561 -320.048 -17.8615 -38.8837 0.00617822
1.18203 0.427713 320.082 -79.0375 309.204 -0.00944256 -0.900986 -0.524263 -320.082 -52.3242 -21.6107 0.00944256
1.03954 0.57852 320.118 -103.023 276.012 -0.01153 -0.797576 -0.686429 -320.118 -71.5537 -22.4285 0.01153
0.890001 0.600565 320.153 -109.063 240.873 -0.0124076 -0.624778 -0.736293 -320.153 -75.4413 -31.8463 0.0124076
0.792441 0.515456 320.168 -97.0338 214.535 -0.0120875 -0.531603 -0.652866 -320.168 -64.1976 -31.8937 0.0120875
0.754817 0.359695 320.163 -70.9211 197.663 -0.0106372 -0.513479 -0.453514 -320.163 -41.2743 -22.7658 0.0106372
0.709097 0.145697 320.146 -38.3355 182.445 -0.00817079 -0.474665 -0.226629 -320.146 -12.9807 -19.2562 0.00817079
0.602006 -0.0636055 320.111 -5.94359 165.236 -0.00482798 -0.391378 0.0023311 -320.111 15.1446 -28.3542 0.00482798
0.48089 -0.231178 320.063 21.1505 149.52 -0.00075972 -0.293477 0.20139 -320.063 38.6766 -42.8881 0.00075972
0.395814 -0.348829 320.017 38.8955 140.132 0.00387524 -0.238481 0.323711 -320.017 54.0681 -52.8432 -0.00387524
0.290102 -0.396222 319.974 45.6521 134.668 0.00891413 -0.259855 0.367896 -319.974 59.957 -59.0261 -0.00891413
0.179384 -0.415527 319.94 43.7195 125.168 0.0142003 -0.227221 0.324534 -319.94 58.568 -69.3206 -0.0142003
0.03478 -0.432757 319.926 40.6376 108.643 0.0195957 -0.154743 0.26932 -319.926 56.4055 -82.7788 -0.0195957
-0.0930836 -0.459008 319.931 43.4706 87.9231 0.024988 -0.0804415 0.285277 -319.931 59.4012 -89.9997 -0.024988
-0.132859 -0.523811 319.949 52.8064 66.3321 0.0302872 -0.00947852 0.350492 -319.949 68.0193 -83.7488 -0.0302872
-0.167568 -0.630358 319.978 65.9119 43.5977 0.0354136 -0.0088499 0.425221 -319.978 79.9456 -65.9638 -0.0354136
-0.195719 -0.716512 320.017 79.9009 15.071 0.0402913 0.0266561 0.533285 -320.017 92.776 -46.3106 -0.0402913
-0.250136 -0.769281 320.058 89.9791 -20.6855 0.0448518 0.101825 0.62328 -320.058 102.412 -28.5413 -0.0448518
-0.314976 -0.772004 320.094 91.2876 -60.1586 0.0490405 0.169925 0.64669 -320.094 104.714 -7.52954 -0.0490405
-0.331791 -0.700087 320.121 82.1667 -99.844 0.0528098 0.230548 0.605362 -320.121 98.1994 21.3467 -0.0528098
-0.320268 -0.633488 320.135 66.9647 -137.71 0.0561084 0.257397 0.476381 -320.135 86.3966 56.9722 -0.0561084
-0.319839 -0.570946 320.133 55.4081 -175.701 0.0588767 0.280568 0.392265 -320.133 77.7036 91.6984 -0.0588767
-0.331956 -0.547576 320.126 54.2969 -214.175 0.061051 0.343218 0.410186 -320.126 78.0639 119.732 -0.061051
-0.335454 -0.627866 320.094 64.3478 -249.908 0.0625684 0.425769 0.474974 -320.094 88.0473 143.476 -0.0625684
-0.264213 -0.756337 320.06 84.6885 -274.785 0.0633712 0.483911 0.627738 -320.06 106.541 170.072 -0.0633712
-0.209374 -0.900033 320.037 109.84 -286.021 0.0634051 0.428006 0.826523 -320.037 128.681 196.534 -0.0634051
-0.164334 -1.06715 320.02 132.229 -289.212 0.0626224 0.403731 0.96221 -320.02 148.104 209.269 -0.0626224
-0.184296 -1.20122 320.009 149.707 -286.856 0.0610029 0.405687 1.0625 -320.009 162.988 203.898 -0.0610029
-0.208517 -1.27295 320.013 162.313 -275.133 0.0585684 0.398863 1.15669 -320.013 173.291 189.816 -0.0585684
-0.166355 -1.29499 320.027 167.108 -250.677 0.0553791 0.3589 1.19281 -320.027 176.527 176.766 -0.0553791
-0.0709891 -1.23751 320.049 160.664 -213.823 0.0515264 0.267141 1.1544 -320.049 169.728 165.838 -0.0515264
0.0620413 -1.0234 320.076 137.963 -167.986 0.047129 0.176831 1.05087 -320.076 148.568 150.952 -0.047129
0.188081 -0.66862 320.113 91.2087 -113.508 0.0423292 0.0758008 0.764531 -320.113 106.792 127.969 -0.0423292
0.337768 -0.192888 320.139 20.2987 -48.9418 0.0372937 -0.0251355 0.274137 -320.139 44.2945 98.1771 -0.0372937
0.513923 0.407995 320.16 -65.5433 28.3205 0.0322107 -0.174734 -0.292885 -320.16 -31.1336 66.091 -0.0322107
0.691443 0.972212 320.193 -151.758 116.719 0.0272742 -0.388664 -0.906645 -320.193 -107.58 31.9653 -0.0272742
0.815323 1.42193 320.2 -221.332 210.02 0.0226689 -0.633964 -1.41572 -320.2 -170.405 -10.1178 -0.0226689
0.987869 1.69167 320.188 -259.235 303.476 0.01856 -0.782002 -1.68289 -320.188 -206.644 -59.0585 -0.01856
1.19071 1.69527 320.174 -259.668 401.196 0.0150877 -0.97228 -1.71235 -320.174 -210.781 -102.253 -0.0150877
1.44382 1.43427 320.167 -221.853 504.35 0.012361 -1.23366 -1.49149 -320.167 -182.064 -134.135 -0.012361
1.70948 0.963681 320.132 -150.474 604.902 0.0104452 -1.48184 -1.02835 -320.132 -124.514 -163.517 -0.0104452
1.96242 0.3526 320.093 -57.7696 699.109 0.00934704 -1.67985 -0.41654 -320.093 -48.3632 -195.246 -0.00934704
2.18733 -0.309416 320.065 40.7269 787.849 0.00901267 -1.88186 0.22346 -320.065 32.9227 -224.837 -0.00901267
2.35241 -0.90252 320.032 129.709 869.408 0.00933759 -2.12511 0.806272 -320.032 106.311 -249.837 -0.00933759
2.4755 -1.34498 319.985 196.225 936.324 0.0101799 -2.3175 1.2419 -319.985 161.042 -273.038 -0.0101799
2.4355 -1.58465 319.955 231.556 979.064 0.0113688 -2.50123 1.46712 -319.955 189.903 -295.821 -0.0113688
2.31735 -1.60153 319.931 233.354 988.44 0.0127155 -2.54104 1.4716 -319.931 191.055 -315.965 -0.0127155
2.28698 -1.39381 319.918 203.959 966.543 0.0140318 -2.39763 1.28818 -319.918 166.441 -318.097 -0.0140318
2.23926 -0.977845 319.933 146.162 922.487 0.0151485 -2.34376 0.937811 -319.933 118.421 -288.192 -0.0151485
2.15678 -0.42613 319.952 63.7812 851.053 0.0159284 -2.24693 0.40087 -319.952 50.4797 -241.712 -0.0159284
1.90712 0.220762 319.968 -33.9152 742.565 0.0162791 -1.995 -0.238026 -319.968 -29.3648 -202.73 -0.0162791
1.49367 0.881333 320.009 -133.289 600.482 0.0161605 -1.60774 -0.878532 -320.009 -109.641 -171.503 -0.0161605
1.00781 1.45257 320.056 -221.108 436.38 0.0155886 -1.18283 -1.44622 -320.056 -179.082 -133.507 -0.0155886
0.567336 1.84122 320.101 -284.923 258.615 0.014638 -0.728287 -1.86589 -320.101 -226.875 -79.7238 -0.014638
0.153918 1.95154 320.127 -310.375 73.6541 0.0134331 -0.287772 -2.04747 -320.127 -241.719 -13.1148 -0.0134331
-0.324308 1.76436 320.197 -286.167 -119.331 0.0121245 0.160894 -1.87039 -320.197 -215.623 51.4223 -0.0121245
-0.904594 1.32977 320.206 -219.446 -325.15 0.010883 0.713675 -1.36835 -320.206 -153.005 100.323 -0.010883
-1.50739 0.709057 320.177 -128.282 -530.914 0.00992117 1.29635 -0.715255 -320.177 -68.2704 141.934 -0.00992117
-2.11159 0.032107 320.195 -29.6196 -734.054 0.00947753 1.83363 -0.020873 -320.195 22.4318 187.008 -0.00947753
-2.64592 -0.56646 320.202 60.7309 -925.94 0.00977665 2.31873 0.62944 -320.202 104.536 237.692 -0.00977665
-3.16582 -1.00102 320.149 124.996 -1110.66 0.0110194 2.79247 1.09108 -320.149 164.025 284.796 -0.0110194
-3.68243 -1.28403 320.122 157.941 -1284.84 0.0133741 3.25278 1.2792 -320.122 196.14 323.716 -0.0133741
-4.15526 -1.38578 320.155 167.44 -1443.68 0.0169574 3.69456 1.32134 -320.155 206.511 355.926 -0.0169574
-4.5425 -1.33339 320.094 159.522 -1579.04 0.0218251 4.05502 1.28111 -320.094 201.641 387.755 -0.0218251
-4.80572 -1.18519 320.066 137.328 -1686.55 0.0279551 4.33347 1.14275 -320.066 184.267 420.222 -0.0279551
-4.99365 -0.91169 320.089 100.767 -1766.44 0.0352333 4.51418 0.931203 -320.089 153.851 449.023 -0.0352333
-5.14535 -0.569249 320.085 49.9863 -1820.6 0.0434694 4.62655 0.590676 -320.085 110.325 466.592 -0.0434694
-5.25962 -0.154343 320.083 -10.8037 -1850.63 0.0524099 4.70033 0.18193 -320.083 57.3812 470.597 -0.0524099
-5.28765 0.340399 320.116 -76.4918 -1854.12 0.0617409 4.71185 -0.215985 -320.116 -0.193266 468.624 -0.0617409
-5.21348 0.768233 320.142 -142.298 -1828.97 0.0710967 4.60679 -0.682041 -320.142 -57.8201 468.266 -0.0710967
-5.06346 1.02547 320.165 -192.114 -1780.04 0.0800657 4.42035 -1.10131 -320.165 -101.42 465.89 -0.0800657
-4.894 1.14084 320.189 -206.039 -1716.37 0.0882052 4.22089 -1.17715 -320.189 -113.897 453.293 -0.0882052
-4.71227 0.975357 320.196 -179.641 -1641.73 0.0950748 4.02613 -0.990136 -320.196 -91.6211 430.812 -0.0950748
-4.49202 0.559641 320.17 -119.642 -1555.98 0.100261 3.80725 -0.599461 -320.17 -40.2703 405.893 -0.100261
-4.24188 0.0458863 320.146 -37.391 -1460.09 0.103392 3.53756 -0.010371 -320.146 29.7632 381.98 -0.103392
-3.98437 -0.462712 320.107 44.8952 -1360.94 0.104162 3.27107 0.58335 -320.107 99.6887 355.402 -0.104162
-3.74548 -0.85583 320.068 104.633 -1263.64 0.102355 3.03671 0.986839 -320.068 149.948 323.669 -0.102355
-3.53303 -0.996445 320.044 127.917 -1169.71 0.0978544 2.81853 1.14709 -320.044 168.206 289.426 -0.0978544
-3.33577 -0.830658 320.01 107.546 -1080.97 0.0906567 2.61623 1.02364 -320.01 148.638 256.067 -0.0906567
-3.13237 -0.362162 320.001 42.2459 -998.443 0.0808769 2.44037 0.598211 -320.001 90.4991 226.106 -0.0808769
-2.93071 0.276509 320.026 -57.7889 -922.693 0.0687466 2.27823 -0.124062 -320.026 2.6083 200.77 -0.0687466
-2.76451 1.03662 320.055 -170.635 -855.025 0.0546053 2.12537 -0.895401 -320.055 -96.0144 177.324 -0.0546053
-2.61663 1.75697 320.087 -275.092 -796.206 0.0388908 2.02531 -1.59199 -320.087 -187.214 152.892 -0.0388908
-2.49824 2.29076 320.131 -355.724 -744.493 0.0221337 1.94418 -2.15387 -320.131 -257.878 128.867 -0.0221337
-2.39695 2.60377 320.168 -401.531 -696.935 0.00494826 1.85261 -2.46695 -320.168 -298.525 108.063 -0.00494826
-2.28588 2.65918 320.197 -408.316 -652.794 -0.011992 1.77368 -2.51178 -320.197 -305.583 90.2681 0.011992
-2.23065 2.47878 320.227 -380.072 -613.251 -0.0279897 1.66811 -2.3213 -320.227 -282.615 73.0265 0.0279897
-2.2537 2.13202 320.234 -327.13 -584.734 -0.04235 1.59007 -1.96276 -320.234 -238.168 52.1835 0.04235
-2.26119 1.696 320.224 -261.885 -568.368 -0.0544067 1.60727 -1.52515 -320.224 -182.78 32.466 0.0544067
-2.26347 1.2374 320.208 -195.226 -559.802 -0.0635669 1.59203 -1.08873 -320.208 -125.853 25.7139 0.0635669
-2.2656 0.767396 320.18 -132.164 -560.054 -0.0693597 1.54477 -0.709447 -320.18 -71.6412 32.1825 0.0693597
-2.23649 0.324413 320.136 -71.5448 -573.963 -0.0714659 1.59306 -0.333244 -320.136 -19.1445 43.3955 0.0714659
-2.24788 -0.0851885 320.083 -12.634 -599.854 -0.069736 1.66078 0.0553987 -320.083 32.1696 58.2871 0.069736
-2.3139 -0.453458 320.032 40.4775 -634.987 -0.0642021 1.71264 0.410247 -320.032 78.9097 77.0456 0.0642021
-2.42782 -0.653741 319.985 77.835 -681.392 -0.0550737 1.80459 0.723805 -319.985 112.507 94.9118 0.0550737
-2.56223 -0.664188 319.96 84.2692 -738.361 -0.0427187 1.95457 0.812116 -319.96 119.711 112.481 0.0427187
-2.6663 -0.456841 319.955 51.4013 -799.387 -0.0276416 2.11135 0.589001 -319.955 93.1409 137.341 0.0276416
-2.72878 0.0273429 319.977 -17.2668 -858.974 -0.0104584 2.23189 0.159283 -319.977 35.6158 171.496 0.0104584
-2.80552 0.692534 320.033 -113.785 -918.242 0.0081373 2.33403 -0.46549 -320.033 -45.987 205.906 -0.0081373
-2.84986 1.36732 320.108 -222.193 -975.928 0.0274196 2.50051 -1.24166 -320.108 -137.931 234.338 -0.0274196
-2.84646 1.97102 320.169 -316.243 -1020.87 0.0466663 2.62461 -1.89922 -320.169 -218.039 262.494 -0.0466663
-2.78881 2.39265 320.226 -375.595 -1044.87 0.0651806 2.64113 -2.27549 -320.226 -268.865 292.087 -0.0651806
-2.65604 2.48699 320.267 -392.772 -1047.13 0.0823223 2.62181 -2.41187 -320.267 -283.546 315.303 -0.0823223
-2.47687 2.27714 320.277 -364.497 -1025.13 0.0975383 2.55228 -2.24147 -320.277 -259.316 327.661 -0.0975383
-2.25322 1.80216 320.255 -293.214 -974.696 0.110364 2.39737 -1.76021 -320.255 -198.557 329.586 -0.110364
-2.09805 1.18272 320.219 -193.779 -899.336 0.120436 2.10593 -1.05039 -320.219 -114.446 316.048 -0.120436
-1.92838 0.570073 320.169 -93.7012 -810.237 0.127525 1.87732 -0.329501 -320.169 -30.386 282.156 -0.127525
-1.70195 0.0941452 320.091 -19.3394 -706.167 0.131515 1.64229 0.17722 -320.091 30.9371 242.056 -0.131515
-1.43665 -0.138027 320.043 16.1727 -586.231 0.132386 1.28153 0.396194 -320.043 57.7168 208.835 -0.132386
-1.1316 -0.0535471 320.021 8.81424 -463.493 0.130195 0.937691 0.35388 -320.021 47.5633 175.976 -0.130195
-0.779859 0.295418 319.98 -38.1653 -343.323 0.125084 0.682106 0.0410873 -319.98 3.16106 139.953 -0.125084
-0.470093 0.834469 319.975 -117.215 -223.148 0.117268 0.37208 -0.513085 -319.975 -68.749 105.645 -0.117268
-0.15489 1.44952 320.028 -212.703 -103.48 0.107025 0.0634174 -1.20327 -320.028 -153.495 72.4012 -0.107025
0.161923 2.10868 320.064 -304.692 10.9671 0.0946916 -0.192906 -1.8018 -320.064 -235.175 37.3673 -0.0946916
0.40825 2.71535 320.11 -385.719 119.225 0.0806513 -0.479464 -2.31126 -320.11 -308.273 2.95169 -0.0806513
0.558464 3.15898 320.177 -454.847 215.238 0.0653259 -0.758025 -2.82456 -320.177 -371.285 -33.6155 -0.0653259
0.70005 3.50896 320.228 -505.109 293.52 0.0491689 -0.904611 -3.17234 -320.228 -417.376 -71.9001 -0.0491689
0.828327 3.67808 320.272 -529.304 355.474 0.0326633 -1.01633 -3.34607 -320.272 -440.525 -100.557 -0.0326633
0.924646 3.63118 320.318 -524.137 402.302 0.0163057 -1.1618 -3.33674 -320.318 -437.93 -113.893 -0.0163057
1.00702 3.4329 320.336 -490.61 427.787 0.000581981 -1.21493 -3.09152 -320.336 -410.219 -120.617 -0.000581981
1.00379 3.07261 320.317 -436.088 428.732 -0.0140453 -1.18523 -2.71959 -320.317 -363.633 -126.102 0.0140453
0.920145 2.61477 320.284 -369.495 407.637 -0.0271408 -1.10763 -2.27714 -320.284 -305.91 -127.313 0.0271408
0.807577 2.1268 320.231 -298.231 367.336 -0.0383189 -0.973552 -1.79758 -320.231 -243.572 -121.157 0.0383189
0.663403 1.61648 320.152 -228.615 310.478 -0.047271 -0.808717 -1.35635 -320.152 -181.793 -107.097 0.047271
0.462686 1.15125 320.07 -164.106 237.863 -0.0537706 -0.620148 -0.933341 -320.07 -123.647 -88.4012 0.0537706
0.187253 0.748567 320.005 -108.277 148.7 -0.0576734 -0.383362 -0.562195 -320.005 -72.6201 -70.1603 0.0576734
-0.128047 0.421385 319.959 -65.4094 44.5988 -0.0589255 -0.0703719 -0.288632 -319.959 -32.5311 -53.0324 0.0589255
-0.453464 0.226256 319.94 -38.2129 -68.0481 -0.0575651 0.25955 -0.0952673 -319.94 -6.07961 -31.1163 0.0575651
-0.763187 0.192497 319.958 -31.8181 -182.138 -0.0537256 0.551801 -0.0212146 -319.958 2.41589 -0.406804 0.0537256
-1.0637 0.289582 320.011 -50.2524 -297.652 -0.0476338 0.84442 -0.146617 -320.011 -9.86741 32.9398 0.0476338
-1.34186 0.491566 320.062 -87.103 -413.055 -0.0395793 1.16846 -0.411133 -320.062 -37.4283 64.9252 0.0395793
-1.59688 0.744655 320.137 -128.327 -522.423 -0.029893 1.46912 -0.687252 -320.137 -69.2752 97.3106 0.029893
-1.78646 0.95501 320.211 -162.845 -619.619 -0.0189458 1.73359 -0.919768 -320.211 -95.9069 131.577 0.0189458
-1.89982 1.06197 320.255 -182.285 -698.619 -0.00711827 1.94068 -1.05733 -320.255 -110.23 166.131 0.00711827
-1.97377 1.05012 320.261 -181.811 -753.228 0.00522914 2.04145 -1.05189 -320.261 -108.314 196.466 -0.00522914
-2.00436 0.901522 320.248 -161.739 -785.251 0.0177526 2.11011 -0.923632 -320.248 -90.1563 214.696 -0.0177526
-1.99491 0.68585 320.216 -126.901 -792.663 0.0301401 2.12582 -0.668232 -320.216 -59.9466 221.218 -0.0301401
-1.89683 0.457085 320.152 -88.117 -770.481 0.0421344 2.04901 -0.377877 -320.152 -27.0494 223.222 -0.0421344
-1.70059 0.253372 320.088 -57.0029 -717.995 0.0535225 1.86395 -0.17123 -320.088 -1.50109 223.479 -0.0535225
-1.42562 0.164153 320.04 -40.2311 -638.706 0.0641188 1.60375 -0.0505814 -320.04 10.7038 218.241 -0.0641188
-1.11018 0.184769 319.999 -40.8199 -538.102 0.0737669 1.30089 -0.0593154 -319.999 7.23657 203.218 -0.0737669
-0.750151 0.264227 319.965 -54.8678 -420.563 0.0823391 0.97769 -0.195337 -319.965 -8.47352 180.277 -0.0823391
-0.310928 0.397857 319.951 -72.4908 -283.972 0.0897257 0.608845 -0.33301 -319.951 -28.3179 155.563 -0.0897257
0.167387 0.517968 319.972 -88.3213 -128.907 0.0958247 0.154283 -0.457944 -319.972 -46.3287 129.642 -0.0958247
0.664425 0.578219 320.024 -96.961 40.1512 0.100542 -0.331344 -0.546929 -320.024 -58.301 96.632 -0.100542
1.05642 0.5752 320.063 -94.4734 210.443 0.103789 -0.825314 -0.558801 -320.063 -62.0183 49.0586 -0.103789
1.42689 0.512433 320.095 -83.0308 375.87 0.105491 -1.22561 -0.514282 -320.095 -58.6542 -9.55034 -0.105491
1.81827 0.404004 320.138 -66.1766 535.744 0.105588 -1.58969 -0.43824 -320.138 -50.0435 -64.7395 -0.105588
2.19688 0.264749 320.164 -45.2427 690.295 0.104031 -2.02039 -0.333892 -320.164 -37.3463 -107.197 -0.104031
2.5353 0.0650097 320.176 -18.6695 828.656 0.100787 -2.39798 -0.210869 -320.176 -19.3574 -146.383 -0.100787
2.77011 -0.175125 320.186 16.0318 940.95 0.0958568 -2.65533 -0.0114625 -320.186 6.63037 -190.452 -0.0958568
2.90272 -0.408609 320.158 57.6043 1026.01 0.089288 -2.82337 0.295184 -320.158 39.638 -233.781 -0.089288
2.95404 -0.664942 320.112 97.4471 1084.44 0.0811653 -2.95901 0.562569 -320.112 72.1098 -266.241 -0.0811653
2.92437 -0.88439 320.054 129.13 1111.81 0.0716124 -3.03906 0.763676 -320.054 98.4976 -286.575 -0.0716124
2.84037 -1.00471 319.988 149.637 1102.5 0.0607964 -2.98303 0.920325 -319.988 116.235 -296.599 -0.0607964
2.66493 -1.02643 319.925 154.635 1055.86 0.0489296 -2.8394 0.974209 -319.925 121.679 -294.109 -0.0489296
2.39361 -0.935144 319.879 140.588 972.305 0.0362651 -2.61856 0.892806 -319.879 111.882 -278.683 -0.0362651
2.0527 -0.718417 319.876 106.907 852.667 0.0231001 -2.28815 0.685565 -319.876 87.0251 -251.994 -0.0231001
1.61907 -0.40025 319.873 57.9861 698.926 0.00977026 -1.87938 0.384087 -319.873 50.3902 -214.9 -0.00977026
1.14827 -0.060069 319.901 1.45244 517.064 -0.00337276 -1.38855 0.00944162 -319.901 8.22643 -166.217 0.00337276
0.625696 0.249635 319.983 -51.4563 313.237 -0.0159777 -0.859464 -0.336675 -319.983 -29.4129 -108.057 0.0159777
0.0620713 0.465825 320.083 -88.0503 92.6539 -0.0276983 -0.283694 -0.554045 -320.083 -52.6763 -45.2968 0.0276983
-0.50224 0.542884 320.194 -100.597 -135.708 -0.0381994 0.334581 -0.599247 -320.194 -57.0045 19.2524 0.0381994
-1.0809 0.506112 320.274 -95.6524 -363.018 -0.0471652 0.9248 -0.520525 -320.274 -45.9932 84.6337 0.0471652
-1.6781 0.374292 320.293 -79.2598 -586.64 -0.0543059 1.49521 -0.380264 -320.293 -24.8083 146.511 0.0543059
-2.2649 0.229706 320.365 -57.1293 -807.053 -0.0593652 2.09901 -0.184266 -320.365 0.0966415 202.033 0.0593652
-2.79577 0.079325 320.36 -36.3451 -1011.5 -0.0621291 2.65692 -0.0220768 -320.36 22.4781 255.68 0.0621291
-3.2563 -0.0389082 320.29 -22.0569 -1193.32 -0.0624339 3.13184 0.0787724 -320.29 38.4452 307.923 0.0624339
-3.61531 -0.0778644 320.256 -14.9403 -1345.27 -0.0601836 3.53231 0.153486 -320.256 47.0265 354.661 0.0601836
-3.91086 -0.0488283 320.209 -18.4132 -1465.82 -0.055367 3.85308 0.14717 -320.209 45.6188 389.836 0.055367
-4.13826 0.0582608 320.101 -34.284 -1549.93 -0.0480527 4.0741 0.0479876 -320.101 33.0074 411.842 0.0480527
-4.25724 0.258125 320.044 -61.6117 -1594.82 -0.0383795 4.21609 -0.117135 -320.044 9.93644 420.608 0.0383795
-4.23685 0.524118 320.014 -98.9259 -1596.07 -0.0265504 4.24629 -0.354668 -320.014 -22.2782 420.495 0.0265504
-4.14338 0.850709 319.97 -144.212 -1552.71 -0.0128268 4.09172 -0.642858 -319.97 -61.884 411.48 0.0128268
-4.00019 1.23358 319.973 -195.825 -1472.99 0.00247415 3.84989 -0.964207 -319.973 -107.513 385.11 -0.00247415
-3.76127 1.58373 320.015 -250.156 -1363.29 0.0189857 3.60925 -1.3575 -320.015 -155.841 341.891 -0.0189857
-3.44597 1.846 320.056 -295.415 -1222.75 0.0363 3.24804 -1.72035 -320.056 -196.904 295.087 -0.0363
-2.98555 2.03511 320.072 -319.641 -1052.42 0.0539732 2.78412 -1.87607 -320.072 -220.294 252.772 -0.0539732
-2.44417 2.04193 320.138 -319.756 -861.145 0.0715237 2.2501 -1.89563 -320.138 -223.826 210.4 -0.0715237
-1.91521 1.90658 320.188 -298.464 -661.846 0.0884334 1.69951 -1.77755 -320.188 -210.128 160.613 -0.0884334
-1.37524 1.73504 320.214 -262.763 -457.456 0.104161 1.16258 -1.51498 -320.214 -185.893 105.387 -0.104161
-0.828276 1.52083 320.191 -227.97 -252.325 0.118168 0.618486 -1.30793 -320.191 -162.524 51.3782 -0.118168
-0.26313 1.31438 320.181 -200.835 -47.6025 0.129942 0.0492466 -1.18723 -320.181 -144.489 3.74671 -0.129942
0.29234 1.07077 320.204 -169.752 150.015 0.139006 -0.523663 -1.05993 -320.204 -124.364 -37.6372 -0.139006
0.796884 0.750828 320.12 -125.15 331.209 0.144939 -1.04251 -0.831668 -320.12 -93.2771 -77.1347 -0.144939
1.26042 0.275494 320.029 -59.3184 489.302 0.147428 -1.45654 -0.464819 -320.029 -42.8243 -113.717 -0.147428
1.65742 -0.373685 320.004 32.496 623.243 0.146287 -1.83047 0.086865 -320.004 31.1743 -140.931 -0.146287
2.00108 -1.01507 319.946 141.527 730.774 0.141456 -2.14743 0.88486 -319.946 120.893 -157.034 -0.141456
2.26837 -1.64519 319.879 240.754 806.724 0.133023 -2.36641 1.57066 -319.879 203.368 -165.7 -0.133023
2.42111 -2.08499 319.881 305.84 848.434 0.121217 -2.49095 1.9968 -319.881 257.853 -169.045 -0.121217
2.46978 -2.15428 319.898 323.471 856.448 0.106383 -2.51338 2.163 -319.898 272.74 -167.232 -0.106383
2.3764 -1.85953 319.911 283.877 830.407 0.0889791 -2.4664 1.93177 -319.911 239.705 -160.626 -0.0889791
2.17964 -1.18535 319.967 185.796 769.343 0.0695702 -2.30254 1.3023 -319.967 157.777 -149.476 -0.0695702
1.92289 -0.179992 320.045 39.153 676.103 0.0487881 -2.02514 0.359984 -320.045 35.4831 -130.174 -0.0487881
1.59887 0.977738 320.109 -136.135 556.902 0.0272984 -1.70969 -0.807891 -320.109 -110.35 -99.5175 -0.0272984
1.26599 2.14228 320.185 -312.148 415.521 0.00578681 -1.30065 -1.97202 -320.185 -255.88 -60.8801 -0.00578681
0.855004 3.14202 320.257 -461.439 257.88 -0.0150567 -0.868614 -2.93558 -320.257 -377.681 -19.9774 0.0150567
0.376476 3.80606 320.287 -563.002 91.6324 -0.0345684 -0.416046 -3.59395 -320.287 -458.714 17.3477 0.0345684
-0.0776662 4.07572 320.351 -604.305 -77.5726 -0.0521332 0.122532 -3.84588 -320.351 -489.428 49.1112 0.0521332
-0.554155 3.95396 320.318 -586.833 -243.472 -0.0671905 0.618434 -3.70006 -320.318 -469.945 80.3823 0.0671905
-1.00646 3.48247 320.263 -517.768 -397.106 -0.0792507 1.04095 -3.21537 -320.263 -406.975 112.879 0.0792507
-1.40043 2.78147 320.262 -414.74 -536.455 -0.0879233 1.46175 -2.50076 -320.262 -314.527 139.413 0.0879233
-1.77629 1.96033 320.227 -294.386 -660.122 -0.0929224 1.84986 -1.67505 -320.227 -207.472 157.326 0.0929224
-2.09642 1.14882 320.153 -174.312 -760.06 -0.0940637 2.15737 -0.852436 -320.153 -101.899 170.386 0.0940637
-2.31458 0.467534 320.111 -73.1037 -832.106 -0.0912862 2.38458 -0.159386 -320.111 -13.3326 180.782 0.0912862
-2.41996 0.0141237 320.092 -5.64721 -873.248 -0.0846708 2.525 0.302752 -320.092 45.6339 187.894 0.0846708
-2.43633 -0.134823 320.056 17.798 -881.674 -0.0744353 2.55401 0.471564 -320.056 66.066 190.035 0.0744353
-2.37471 0.04482 320.036 -7.43311 -857.885 -0.0609253 2.48309 0.3083 -320.036 43.9467 184.599 0.0609253
-2.22909 0.534326 320.051 -79.0235 -803.496 -0.0446061 2.33568 -0.17397 -320.051 -18.6506 170.796 0.0446061
-1.98864 1.25012 320.067 -186.12 -719.475 -0.0260437 2.10543 -0.913498 -320.067 -112.512 151.961 0.0260437
-1.65162 2.09775 320.097 -311.168 -605.814 -0.00587272 1.76688 -1.77095 -320.097 -222.911 131.829 0.00587272
-1.24677 2.95179 320.16 -435.241 -470.783 0.0152371 1.36222 -2.6181 -320.16 -333.749 108.872 -0.0152371
-0.777532 3.69927 320.21 -544.002 -316.447 0.0366071 0.908327 -3.36304 -320.21 -431.072 82.3397 -0.0366071
-0.278068 4.22922 320.23 -621.192 -148.006 0.0575626 0.416604 -3.90342 -320.23 -501.682 51.1308 -0.0575626
0.245938 4.45338 320.271 -654.274 29.3095 0.0774495 -0.093991 -4.16331 -320.271 -535.443 17.0604 -0.0774495
0.786107 4.37657 320.351 -637.267 211.157 0.0956523 -0.62622 -4.0552 -320.351 -526.924 -16.3165 -0.0956523
1.31332 4.00144 320.305 -574.774 397.398 0.111603 -1.21613 -3.64098 -320.305 -480.428 -47.9253 -0.111603
1.7657 3.43015 320.244 -484.377 569.766 0.124796 -1.73178 -3.0427 -320.244 -409.335 -86.2676 -0.124796
2.09836 2.78719 320.235 -383.706 716.23 0.134822 -2.14438 -2.36884 -320.235 -328.182 -129.505 -0.134822
2.38733 2.18872 320.17 -290.93 835.182 0.141388 -2.46304 -1.74952 -320.17 -252.807 -164.296 -0.141388
2.64784 1.69492 320.074 -219.502 924.578 0.144316 -2.71642 -1.3047 -320.074 -194.631 -182.553 -0.144316
2.83402 1.39617 320.038 -175.651 980.114 0.143542 -2.89201 -1.02719 -320.038 -158.911 -188.031 -0.143542
2.90033 1.28163 320.007 -160.784 996.648 0.139118 -2.93799 -0.945528 -320.007 -146.687 -189.029 -0.139118
2.82391 1.30973 319.965 -170.946 973.733 0.131214 -2.85526 -1.04772 -319.965 -154.516 -188.13 -0.131214
2.65274 1.45788 319.972 -196.581 916.306 0.120119 -2.66205 -1.23046 -319.972 -174.567 -181.129 -0.120119
2.40151 1.65085 320 -228.237 830.445 0.106233 -2.41794 -1.44276 -320 -198.869 -163.84 -0.106233
2.05883 1.81847 320.019 -258.071 717.686 0.0900469 -2.12712 -1.64924 -320.019 -220.69 -138.791 -0.0900469
1.63992 1.92178 320.053 -278.225 578.157 0.0721317 -1.73453 -1.78262 -320.053 -233.211 -111.604 -0.0721317
1.09842 1.91733 320.107 -282.41 413.976 0.0531221 -1.28897 -1.80157 -320.107 -231.021 -84.0534 -0.0531221
0.507405 1.78518 320.147 -267.967 228.986 0.0336998 -0.756966 -1.68836 -320.147 -211.576 -54.5111 -0.0336998
-0.0651857 1.52506 320.186 -233.463 32.3565 0.0145618 -0.185383 -1.43481 -320.186 -175.142 -16.2922 -0.0145618
-0.629472 1.13478 320.258 -180.202 -170.125 -0.00362595 0.360404 -1.07173 -320.258 -124.37 32.4547 0.00362595
-1.13731 0.674246 320.249 -117.523 -373.233 -0.0202569 0.929613 -0.645194 -320.249 -64.5539 86.3736 0.0202569
-1.6483 0.216329 320.209 -50.8743 -572.209 -0.0347842 1.46671 -0.159928 -320.209 -0.957635 140.165 0.0347842
-2.1468 -0.167069 320.236 7.89119 -766.681 -0.0467416 2.01776 0.287651 -320.236 55.0272 189.278 0.0467416
-2.58313 -0.396535 320.198 44.6939 -942.28 -0.0557656 2.51178 0.582956 -320.198 90.6908 236.016 0.0557656
-2.99597 -0.3624 320.121 44.1952 -1095.95 -0.0615995 2.9018 0.634511 -320.121 93.5986 278.485 0.0615995
-3.31283 -0.165353 320.105 5.47213 -1222.01 -0.0641128 3.24371 0.327667 -320.105 62.745 313.305 0.0641128
-3.49118 0.0915759 320.104 -49.9067 -1313.83 -0.0633193 3.52844 -0.152863 -320.104 16.2935 340.967 0.0633193
-3.5806 0.392947 320.063 -93.6848 -1365.26 -0.0593677 3.65306 -0.437489 -320.063 -20.8447 362.718 0.0593677
-3.5654 0.550126 320.048 -114.275 -1374.93 -0.0525212 3.66143 -0.557021 -320.048 -38.4634 373.299 0.0525212
-3.43018 0.509931 320.073 -111.944 -1343.36 -0.0431411 3.60752 -0.56797 -320.073 -36.7572 367.912 0.0431411
-3.14406 0.486442 320.073 -93.8896 -1265.22 -0.031674 3.44556 -0.355422 -320.073 -22.2194 351.803 0.031674
-2.70943 0.443685 320.067 -80.0021 -1135.67 -0.0186308 3.10226 -0.224238 -320.067 -12.0902 329.945 0.0186308
-2.1258 0.465998 320.105 -84.0233 -955.429 -0.00455428 2.61358 -0.281308 -320.105 -19.0342 298.136 0.00455428
-1.57311 0.700607 320.145 -109.967 -739.114 0.0100154 1.9924 -0.431467 -320.145 -46.2258 244.391 -0.0100154
-1.03226 1.06895 320.191 -157.774 -496.011 0.0245685 1.34196 -0.757637 -320.191 -94.3277 166.357 -0.0245685
-0.452347 1.51928 320.223 -223.947 -235.314 0.0386446 0.693258 -1.25931 -320.223 -159.619 75.9451 -0.0386446
0.227975 1.94758 320.249 -293.141 47.4022 0.0518424 -0.0635511 -1.81602 -320.249 -226.447 -7.66946 -0.0518424
1.02376 2.21478 320.324 -332.72 344.555 0.0638115 -0.897263 -2.16037 -320.324 -271.327 -79.1625 -0.0638115
1.83717 2.18306 320.234 -330.232 639.923 0.0742469 -1.71276 -2.23596 -320.234 -279.885 -148.971 -0.0742469
2.62269 1.76048 320.178 -273.332 920.564 0.0829096 -2.44086 -1.95966 -320.178 -240.293 -220.003 -0.0829096
3.34382 1.00174 320.194 -159.01 1181.85 0.0896396 -3.13283 -1.2401 -320.194 -150.497 -285.606 -0.0896396
4.01796 0.00928096 320.094 -5.6018 1417.11 0.094331 -3.7578 -0.209121 -320.094 -24.5076 -340.982 -0.094331
4.62503 -1.02046 320.001 154.577 1622.04 0.0969253 -4.32496 0.895602 -320.001 110.044 -383.349 -0.0969253
5.05413 -1.8551 319.959 286.729 1789.07 0.0974246 -4.85414 1.82377 -319.959 221.304 -417.709 -0.0974246
5.32592 -2.32809 319.924 360.516 1903.74 0.0958752 -5.16242 2.33453 -319.924 283.355 -452.027 -0.0958752
5.40964 -2.35834 319.884 364.283 1963.14 0.0923672 -5.30718 2.34937 -319.884 285.815 -479.726 -0.0923672
5.4323 -1.9641 319.878 304.688 1974.04 0.0870558 -5.31785 1.93618 -319.878 233.915 -485.987 -0.0870558
5.37182 -1.21203 319.905 196.06 1938.09 0.0801396 -5.25679 1.22527 -319.905 140.53 -466.912 -0.0801396
5.16221 -0.271889 319.919 55.8101 1849.71 0.0718342 -5.06813 0.286688 -319.919 21.3613 -433.736 -0.0718342
4.77461 0.7459 319.925 -94.7223 1705.97 0.062386 -4.68668 -0.707003 -319.925 -105.856 -396.494 -0.062386
4.22321 1.66404 319.951 -234.069 1512.93 0.052078 -4.15719 -1.64289 -319.951 -222.516 -353.113 -0.052078
3.57382 2.27103 320.003 -339.064 1279.5 0.0412167 -3.53405 -2.40968 -320.003 -307.212 -295.889 -0.0412167
2.84836 2.51525 320.021 -384.199 1013.47 0.0301271 -2.85687 -2.71307 -320.021 -337.682 -224.118 -0.0301271
2.05523 2.24227 320.056 -353.861 720.116 0.0191305 -2.10367 -2.50709 -320.056 -301.873 -144.923 -0.0191305
1.17636 1.4278 320.106 -246.707 403.994 0.00851244 -1.26006 -1.80336 -320.106 -199.375 -67.339 -0.00851244
0.315498 0.271255 320.114 -75.8702 77.5433 -0.0014588 -0.317782 -0.577488 -320.114 -41.2259 9.4056 0.0014588
-0.496956 -1.15969 320.196 134.634 -242.26 -0.0105079 0.573731 0.887762 -320.196 148.195 93.1864 0.0105079
-1.30531 -2.60716 320.172 342.574 -544.647 -0.0183865 1.33138 2.31029 -320.172 336.566 178.619 0.0183865
-2.12684 -3.84394 320.122 523.311 -842.051 -0.0248792 2.15024 3.5716 -320.122 500.784 248.853 0.0248792
-2.88767 -4.77894 320.117 654.89 -1118.71 -0.0297763 2.95943 4.4634 -320.117 621.464 308.125 0.0297763
-3.53152 -5.3191 320.065 726.045 -1357.97 -0.0328974 3.61665 4.93156 -320.065 689.548 367.218 0.0328974
-4.00929 -5.51371 319.957 741.336 -1548.21 -0.0341133 4.09989 4.98461 -319.957 708.46 424.33 0.0341133
-4.36287 -5.38527 319.956 715.227 -1688.83 -0.0333329 4.4632 4.78794 -319.956 689.679 465.642 0.0333329
-4.60837 -4.97371 319.906 657.843 -1781.69 -0.030513 4.74532 4.43842 -319.906 641.972 485.451 0.030513
-4.70185 -4.41386 319.846 574.295 -1818.65 -0.0256761 4.88469 3.87075 -319.846 569.827 490.187 0.0256761
-4.6637 -3.71695 319.863 472.754 -1795.89 -0.018901 4.81171 3.18565 -319.863 480.533 482.833 0.018901
-4.51809 -2.96102 319.903 364.777 -1718.11 -0.01031 4.57603 2.46317 -319.903 384.362 457.882 0.01031
-4.22046 -2.27723 319.928 263.097 -1590.64 -8.44643e-05 4.26413 1.75112 -319.928 293.296 414.874 8.44643e-05
-3.75175 -1.70962 319.973 181.961 -1411.81 0.0115121 3.80472 1.20081 -319.973 220.063 364.605 -0.0115121
-3.07598 -1.27543 320.011 130.025 -1184.51 0.0241322 3.20438 0.906603 -320.011 171.417 313.991 -0.0241322
-2.34341 -1.05476 320.051 105.307 -921.092 0.0373557 2.44957 0.751222 -320.051 144.202 256.512 -0.0373557
-1.61889 -0.993026 320.085 101.213 -638.213 0.0507155 1.66128 0.703482 -320.085 133.171 183.154 -0.0507155
-0.874314 -1.00895 320.143 114.833 -347.534 0.0637245 0.930384 0.801213 -320.143 135.235 96.8872 -0.0637245
-0.0995491 -1.15417 320.115 138.278 -46.0131 0.0758828 0.130023 0.898224 -320.115 145.227 13.555 -0.0758828
0.746421 -1.42051 320.162 173.928 267.51 0.0866963 -0.75465 1.03926 -320.162 165.817 -60.321 -0.0866963
1.53979 -1.71749 320.15 226.343 567.558 0.0957094 -1.57705 1.36796 -320.15 199.784 -136.606 -0.0957094
2.24397 -2.0981 320.002 285.561 843.676 0.102519 -2.30765 1.71545 -320.002 241.091 -213.993 -0.102519
2.9001 -2.45827 320.004 342.195 1090.19 0.106793 -2.94859 2.06225 -320.004 282.07 -280.86 -0.106793
3.49197 -2.70821 320.035 384.676 1304.09 0.1083 -3.54212 2.3526 -320.035 314.19 -330.618 -0.1083
3.97177 -2.86401 319.933 408.398 1474.94 0.106909 -4.03656 2.49372 -319.933 331.463 -366.579 -0.106909
4.36534 -2.85531 319.877 409.208 1598.76 0.102583 -4.36184 2.49626 -319.877 329.801 -390.874 -0.102583
4.65725 -2.70401 319.939 387.459 1676.47 0.0953855 -4.56083 2.34554 -319.939 309.844 -400.647 -0.0953855
4.7463 -2.48691 319.923 349.786 1705.59 0.0854845 -4.69444 2.05225 -319.923 277.041 -398.972 -0.0854845
4.6027 -2.21836 319.869 308.322 1678.37 0.0731812 -4.6639 1.76548 -319.869 241.824 -395.842 -0.0731812
4.26005 -1.97551 319.893 272.695 1591.6 0.0589029 -4.41489 1.53751 -319.893 212.44 -390.935 -0.0589029
3.87027 -1.80901 319.923 247.171 1455.44 0.0431609 -3.99381 1.37711 -319.923 192.827 -367.019 -0.0431609
3.4868 -1.71202 319.912 233.539 1282.25 0.0265281 -3.52959 1.31556 -319.912 184.572 -311.274 -0.0265281
2.98955 -1.69056 319.938 229.789 1071.26 0.00963964 -3.03944 1.32289 -319.938 186.375 -237.121 -0.00963964
2.3473 -1.67793 319.987 228.791 821.006 -0.00683009 -2.3814 1.3778 -319.987 193.221 -166.97 0.00683009
1.60742 -1.7018 319.975 226.263 539.159 -0.0222081 -1.54397 1.38992 -319.975 200.732 -103.525 0.0222081
0.834474 -1.75082 319.971 224.638 247.658 -0.0358538 -0.723465 1.39361 -319.971 209.648 -32.6835 0.0358538
0.0567929 -1.82975 320.098 230.934 -41.0788 -0.0472 0.00923054 1.46405 -320.098 223.988 46.8526 0.0472
-0.68713 -1.98421 320.1 244.794 -318.691 -0.0557899 0.7326 1.56503 -320.1 245.411 121.223 0.0557899
-1.4558 -2.16854 320.034 268.881 -589.828 -0.0612725 1.50196 1.76853 -320.034 274.886 179.385 0.0612725
-2.23702 -2.3429 320.098 296.945 -849.1 -0.06339 2.23446 2.02558 -320.098 306.402 229.09 0.06339
-2.86482 -2.49529 320.097 317.691 -1078.59 -0.0620077 2.88372 2.19288 -320.097 329.804 281.747 0.0620077
-3.33987 -2.50627 320.018 321.261 -1272.3 -0.0571515 3.42168 2.26019 -320.018 337.049 335.154 0.0571515
-3.72645 -2.34774 320.049 301.074 -1424.18 -0.0489942 3.79832 2.16687 -320.049 322.462 381.301 0.0489942
-4.0165 -1.96731 320.067 251.412 -1533.42 -0.037831 4.08983 1.88875 -320.067 281.19 410 0.037831
-4.31393 -1.3803 320.044 169.987 -1603.27 -0.0240797 4.26365 1.3807 -320.044 211.405 414.654 0.0240797
-4.53004 -0.646521 320.07 62.1221 -1634.4 -0.00825153 4.37836 0.657295 -320.07 118.057 400.07 0.00825153
-4.56027 0.157808 320.113 -57.323 -1621.74 0.0090943 4.39134 -0.15327 -320.113 14.5106 381.498 -0.0090943
-4.39624 0.766173 320.105 -161.429 -1561.96 0.0273542 4.21456 -0.955569 -320.105 -76.174 368.902 -0.0273542
-4.02993 1.1427 320.097 -220.351 -1459.89 0.0458717 3.94113 -1.38246 -320.097 -128.193 355.377 -0.0458717
-3.62917 1.16623 320.105 -219.558 -1323.21 0.063968 3.54636 -1.35972 -320.105 -129.095 328.83 -0.063968
-3.17692 0.756701 320.082 -163.101 -1157.6 0.0809876 3.1203 -1.02352 -320.082 -82.5817 284.857 -0.0809876
-2.60488 0.0887546 320.018 -60.5781 -959.371 0.096318 2.62035 -0.335816 -320.018 2.08435 235.082 -0.096318
-1.92353 -0.735452 320 68.1723 -731.54 0.109391 1.99069 0.535467 -320 107.447 188.758 -0.109391
-1.1492 -1.6013 320.018 200.071 -479.471 0.119695 1.27331 1.38889 -320.018 212.943 143.191 -0.119695
-0.367694 -2.29547 319.976 312.166 -218.556 0.126805 0.563823 2.13708 -319.976 300.004 88.724 -0.126805
0.460365 -2.74262 319.986 387.389 57.1873 0.130416 -0.167883 2.62775 -319.986 354.268 28.9502 -0.130416
1.36141 -2.87481 320.048 411.691 347.458 0.130356 -0.931822 2.75606 -320.048 365.925 -30.8068 -0.130356
2.17406 -2.70144 320.057 390.216 638.583 0.126608 -1.77213 2.56799 -320.057 337.48 -93.0661 -0.126608
2.95125 -2.33533 320.012 332.842 921.801 0.119323 -2.54783 2.09512 -320.012 278.992 -161.239 -0.119323
3.62994 -1.83247 320.105 258.627 1189.13 0.108802 -3.28786 1.54665 -320.105 208.027 -232.066 -0.108802
4.21796 -1.36976 320.172 187.652 1431.4 0.0954733 -3.95633 1.01635 -320.172 141.879 -300.296 -0.0954733
4.70096 -1.06453 320.08 137.629 1640.6 0.0798915 -4.55428 0.622164 -320.08 95.3192 -359.761 -0.0798915
5.09616 -0.928174 320.057 119.335 1806.72 0.0626877 -5.01221 0.493461 -320.057 77.0102 -407.71 -0.0626877
5.36085 -1.0025 320.098 131.475 1920.65 0.0445227 -5.327 0.568973 -320.098 85.559 -441.366 -0.0445227
5.43374 -1.17181 320.03 163.647 1975.34 0.0260635 -5.50858 0.827292 -320.03 112.434 -460.784 -0.0260635
5.297 -1.37345 319.944 199.478 1963.39 0.00797263 -5.49664 1.1106 -319.944 143.566 -469.379 -0.00797263
4.99352 -1.48502 319.941 222.616 1881.42 -0.00910861 -5.23979 1.32191 -319.941 165.014 -464.93 0.00910861
4.53883 -1.40508 319.924 219.753 1733.07 -0.0245916 -4.81853 1.37952 -319.924 164.796 -437.838 0.0245916
3.98705 -1.19593 319.858 185.168 1525.01 -0.0379653 -4.25353 1.14586 -319.858 138.24 -384.437 0.0379653
3.31898 -0.879294 319.861 128.801 1264.12 -0.0488125 -3.56277 0.739983 -319.861 94.8467 -311.763 0.0488125
2.4398 -0.480777 319.914 67.6103 946.876 -0.0568283 -2.70761 0.375954 -319.914 50.7526 -234.678 0.0568283
1.43232 -0.104972 319.948 10.4046 587.668 -0.061817 -1.70384 0.0690526 -319.948 13.7034 -153.948 0.061817
0.361814 0.305745 319.936 -45.4392 201.978 -0.0636926 -0.621993 -0.16856 -319.936 -19.9584 -66.285 0.0636926
-0.703427 0.696493 320.153 -104.688 -190.71 -0.0624952 0.440488 -0.489553 -320.153 -58.9754 31.7339 0.0624952
-1.77507 1.19074 320.282 -179.834 -581.468 -0.0583729 1.48861 -0.918683 -320.282 -111.318 128.908 0.0583729
-2.86798 1.74103 320.302 -265.046 -975.175 -0.0515495 2.61111 -1.44817 -320.302 -175.196 215.85 0.0515495
-3.79257 2.13573 320.383 -342.667 -1346.95 -0.042327 3.72879 -2.06133 -320.383 -236.74 304.811 0.042327
-4.59027 2.39534 320.471 -385.492 -1670.76 -0.0310903 4.56229 -2.36215 -320.471 -271.301 402.65 0.0310903
-5.2679 2.31929 320.447 -377.841 -1940.76 -0.018294 5.21379 -2.32995 -320.447 -264.005 488.484 0.018294
-5.80555 1.8746 320.401 -317.435 -2159.01 -0.00442588 5.85252 -1.94639 -320.401 -210.042 543.804 0.00442588
-6.29355 1.29785 320.366 -217.131 -2315.62 0.0100344 6.27015 -1.14247 -320.366 -119.695 575.013 -0.0100344
-6.69619 0.591576 320.25 -107.568 -2410.61 0.0246311 6.46705 -0.345092 -320.25 -21.6249 587.019 -0.0246311
-6.88773 0.0541853 320.136 -22.1391 -2450.07 0.0389488 6.61396 0.2883 -320.136 54.6146 579.682 -0.0389488
-6.90938 -0.236632 320.052 19.1827 -2431.86 0.0526331 6.57252 0.560159 -320.052 90.99 564.262 -0.0526331
-6.6422 -0.302651 319.946 16.4188 -2352.59 0.065377 6.36921 0.450131 -319.946 87.6757 550.131 -0.065377
-6.16455 -0.228357 319.854 -8.61768 -2214.38 0.0768952 5.9695 0.172211 -319.854 64.0753 533.364 -0.0768952
-5.58389 -0.141326 319.833 -27.7529 -2022.8 0.0869263 5.39587 -0.0173617 -319.833 45.014 501.575 -0.0869263
-4.88412 -0.118414 319.8 -26.5509 -1785.39 0.0952541 4.76641 0.00251742 -319.8 43.3916 448.226 -0.0952541
-4.11723 -0.254486 319.826 -5.82666 -1501.31 0.101714 3.95981 0.122797 -319.826 58.0635 382.029 -0.101714
-3.31086 -0.438512 319.849 27.4405 -1185.87 0.106189 3.04106 0.355816 -319.849 82.3801 305.475 -0.106189
-2.40483 -0.600082 319.928 61.7271 -855.406 0.10862 2.16394 0.602732 -319.928 104.491 221.956 -0.10862
-1.48109 -0.631601 320.003 76.8615 -519.853 0.10901 1.23861 0.706253 -320.003 107.994 142.465 -0.10901
-0.486473 -0.414076 320.07 57.5629 -188.549 0.107399 0.344503 0.583246 -320.07 80.2588 72.6946 -0.107399
0.505503 0.0417933 320.197 -4.1811 144.667 0.103873 -0.616552 0.137008 -320.197 17.426 9.86796 -0.103873
1.38374 0.715622 320.265 -95.0057 458.082 0.098572 -1.48539 -0.494542 -320.265 -72.0141 -61.6227 -0.098572
2.17958 1.4713 320.236 -203.08 743.931 0.0916847 -2.19605 -1.26546 -320.236 -174.749 -138.81 -0.0916847
2.97546 2.0734 320.312 -299.921 1009.58 0.0834354 -2.87653 -2.02819 -320.312 -266.378 -200.022 -0.0834354
3.76491 2.39164 320.369 -351.076 1254.4 0.0740737 -3.56687 -2.45211 -320.369 -317.712 -240.009 -0.0740737
4.50138 2.24284 320.255 -333.624 1469.2 0.063849 -4.14757 -2.40443 -320.255 -308.04 -272.508 -0.063849
4.99614 1.67689 320.21 -245.287 1643.05 0.0530009 -4.63745 -1.80343 -320.21 -235.245 -310.028 -0.0530009
5.28512 0.901744 320.157 -112.949 1772.33 0.041778 -4.96188 -0.809193 -320.157 -123.262 -354.314 -0.041778
5.34416 0.0903041 320.042 16.7312 1853.14 0.0304322 -5.16364 0.119418 -320.042 -12.6711 -398.906 -0.0304322
5.18728 -0.38345 319.961 99.7535 1880.05 0.0192065 -5.24957 0.761135 -319.961 58.3343 -435.504 -0.0192065
5.01496 -0.351368 319.933 104.909 1850.98 0.00835471 -5.0832 0.865541 -319.933 63.1665 -453.225 -0.00835471
4.90302 0.230061 319.932 21.155 1775.89 -0.00186187 -4.78409 0.326457 -319.932 -7.80281 -435.055 0.00186187
4.72789 1.33261 319.961 -139.652 1663.49 -0.0112082 -4.5232 -0.725116 -319.961 -144.442 -383.133 0.0112082
4.49726 2.47384 320.009 -337.761 1511.72 -0.0194779 -4.08495 -2.23406 -320.009 -312.275 -324.082 0.0194779
4.09877 3.44472 320.087 -506.654 1326.4 -0.026481 -3.51938 -3.50271 -320.087 -452.619 -272.277 0.026481
3.53345 3.88426 320.123 -583.016 1125.81 -0.0320548 -2.98146 -4.04648 -320.123 -512.03 -224.439 0.0320548
2.84478 3.63873 320.12 -545.517 915.963 -0.0360759 -2.44839 -3.73878 -320.12 -473.127 -183.728 0.0360759
2.03249 2.93942 320.161 -422.572 695.611 -0.0384669 -1.87733 -2.73185 -320.161 -360.462 -154.836 0.0384669
1.17591 2.03881 320.166 -275.212 460.532 -0.0392001 -1.20308 -1.59619 -320.166 -226.638 -131.604 0.0392001
0.540105 1.31278 320.136 -165.124 224.335 -0.0382965 -0.429853 -0.778327 -320.136 -123.528 -90.4671 0.0382965
0.0855416 0.936758 320.176 -118.348 6.32794 -0.0358255 0.154103 -0.471566 -320.176 -76.0148 -16.3781 0.0358255
-0.405777 0.960246 320.24 -132.063 -196.896 -0.0319045 0.560404 -0.593314 -320.24 -82.3481 62.4027 0.0319045
-1.01597 1.23183 320.209 -186.744 -399.157 -0.0266785 1.09637 -1.01313 -320.209 -123.131 105.955 0.0266785
-1.82908 1.6609 320.188 -252.329 -601.519 -0.0202812 1.67123 -1.4229 -320.188 -173.369 116.272 0.0202812
-2.64427 2.09261 320.244 -312.661 -796.309 -0.0128362 2.21712 -1.76974 -320.244 -220.537 122.755 0.0128362
-3.16469 2.37381 320.181 -361.625 -971.524 -0.00448639 2.75392 -2.1223 -320.181 -259.082 151.622 0.00448639
-3.38791 2.47839 320.114 -387.5 -1118.69 0.00460239 3.16591 -2.34842 -320.114 -278.869 210.721 -0.00460239
-3.4501 2.27904 320.086 -373.908 -1233.16 0.0142386 3.41783 -2.34927 -320.086 -265.05 281.496 -0.0142386
-3.50246 1.83181 320.052 -310.33 -1318.48 0.0242019 3.63239 -1.92696 -320.052 -208.558 329.724 -0.0242019
-3.57113 1.13241 320.013 -205.739 -1369.26 0.0342687 3.83423 -1.20665 -320.013 -117.109 343.038 -0.0342687
-3.66669 0.4159 319.994 -87.208 -1372.82 0.044231 3.81465 -0.321149 -319.994 -14.4278 336.111 -0.044231
-3.57793 -0.136514 320.01 7.69013 -1324.48 0.0538812 3.64698 0.402516 -320.01 66.8799 323.286 -0.0538812
-3.24197 -0.408662 320.054 50.5191 -1227.31 0.0629992 3.36794 0.69771 -320.054 102.391 311.224 -0.0629992
-2.70887 -0.236799 320.095 33.8732 -1083.67 0.071365 2.93447 0.622738 -320.095 84.9502 301.322 -0.071365
-2.03325 0.329914 320.121 -41.7748 -900.074 0.0787851 2.40456 0.141 -320.121 15.8208 284.543 -0.0787851
-1.35439 1.08283 320.161 -161.449 -687.138 0.0851071 1.80104 -0.752714 -320.161 -91.8818 249.132 -0.0851071
-0.640176 1.83491 320.19 -286.724 -444.78 0.0902164 1.15162 -1.73903 -320.19 -206.66 195.608 -0.0902164
0.121241 2.41185 320.167 -377.443 -172.715 0.0940319 0.410712 -2.43753 -320.167 -292.065 131.601 -0.0940319
0.910574 2.64284 320.17 -406.629 126.145 0.0965009 -0.449502 -2.66117 -320.17 -325.667 61.1808 -0.0965009
1.64019 2.51152 320.227 -372.576 441.903 0.0975916 -1.42834 -2.42186 -320.227 -308.557 -17.9801 -0.0975916
2.20661 2.22995 320.135 -308.728 741.032 0.0972918 -2.3064 -1.92179 -320.135 -264.487 -116.968 -0.0972918
2.73296 1.85218 320.114 -246.144 1006.09 0.0956246 -2.96601 -1.52358 -320.114 -219.931 -217.646 -0.0956246
3.2465 1.63668 320.201 -204.929 1234.59 0.0926441 -3.59412 -1.23631 -320.201 -191.729 -287.988 -0.0926441
3.97959 1.58531 320.176 -192.902 1425.42 0.0883832 -4.05352 -1.16198 -320.176 -186.405 -313.786 -0.0883832
4.76859 1.63747 320.176 -206.092 1580.51 0.0828389 -4.47593 -1.30762 -320.176 -200.531 -301.344 -0.0828389
5.63581 1.69424 320.238 -222.685 1707.51 0.0760152 -4.7531 -1.49219 -320.238 -217.265 -270.148 -0.0760152
6.28835 1.64715 320.255 -221.098 1814.99 0.0679326 -5.06541 -1.53313 -320.255 -218.006 -244.244 -0.0679326
6.44425 1.52902 320.208 -195.278 1897.14 0.0586272 -5.43237 -1.31305 -320.208 -197.127 -254.045 -0.0586272
6.5352 1.25559 320.179 -156.427 1949.23 0.0482063 -5.37217 -1.06934 -320.179 -164.57 -301.717 -0.0482063
6.55734 0.987657 320.18 -117.662 1995.9 0.0368768 -5.41653 -0.819926 -320.18 -131.899 -339.062 -0.0368768
6.48787 0.838991 320.128 -91.0519 2039.92 0.0249014 -5.72585 -0.61435 -320.128 -109.595 -349.866 -0.0249014
6.16787 0.83619 320.024 -89.4354 2039.56 0.0125956 -5.84336 -0.59558 -320.024 -108.233 -377.421 -0.0125956
5.5574 1.07189 319.979 -119.792 1967.22 0.000371648 -5.5063 -0.761464 -319.979 -133.327 -435.952 -0.000371648
4.92335 1.51031 320 -181.615 1840.3 -0.0112887 -4.93665 -1.14162 -320 -184.533 -475.398 0.0112887
4.20277 2.09851 320.003 -267.771 1674.02 -0.0219171 -4.5639 -1.69278 -320.003 -255.701 -460.399 0.0219171
3.68289 2.66239 319.967 -361.539 1457.2 -0.0311021 -3.87793 -2.36074 -319.967 -332.025 -410.542 0.0311021
2.97138 2.94807 320.011 -431.046 1187.63 -0.0385075 -3.10059 -2.958 -320.011 -384.428 -347.133 0.0385075
2.06784 2.90678 320.014 -439.179 877.32 -0.0439016 -2.24351 -3.03515 -320.014 -381.235 -280.576 0.0439016
1.15328 2.19146 320.041 -361.229 541.204 -0.0471805 -1.2065 -2.62072 -320.041 -303.172 -214.644 0.0471805
0.197237 0.964574 320.03 -194.383 199.043 -0.0483606 -0.222903 -1.5117 -320.03 -147.455 -141.056 0.0483606
-0.667817 -0.770471 320.04 51.5224 -131.902 -0.0475543 0.682948 0.132077 -320.04 73.2098 -55.398 0.0475543
-1.44621 -2.66875 320.074 331.795 -442.342 -0.0449516 1.51689 2.07789 -320.074 323.752 31.6678 0.0449516
-2.2465 -4.37752 319.995 595.355 -741.332 -0.0407895 2.3529 3.98457 -319.995 559.438 104.033 0.0407895
-2.93196 -5.77652 320.001 794.39 -1013.3 -0.0352909 3.18446 5.32537 -320.001 738.733 165.935 0.0352909
-3.4284 -6.53099 320.018 905.914 -1234.31 -0.0286461 3.80666 6.12341 -320.018 841.591 231.976 0.0286461
-3.71496 -6.5835 319.939 920.869 -1388.66 -0.0210436 4.14478 6.30512 -319.939 858.985 299.699 0.0210436
-3.8308 -5.91699 319.913 831.986 -1478.94 -0.0126502 4.33038 5.78974 -319.913 784.67 348.121 0.0126502
-3.91455 -4.5516 319.937 640.08 -1509.24 -0.00358153 4.3434 4.56701 -319.937 619.198 364.989 0.00358153
-3.93701 -2.60486 319.916 359.469 -1479.62 0.0060751 4.18694 2.71177 -319.916 374.815 353.951 -0.0060751
-3.6664 -0.226397 319.9 15.1826 -1387.85 0.0162524 3.9546 0.427684 -319.9 75.2764 331.832 -0.0162524
-3.19875 2.13221 319.957 -345.951 -1234.5 0.0268969 3.4375 -2.1048 -319.957 -238.973 314.769 -0.0268969
-2.57982 4.15705 320.012 -658.324 -1031.36 0.0379184 2.71941 -4.31599 -320.012 -511.53 296.64 -0.0379184
-1.84909 5.57647 320.06 -862.326 -801.74 0.0491673 2.05191 -5.67941 -320.06 -691.797 260.584 -0.0491673
-1.09888 6.00671 320.159 -928.106 -548.214 0.0604529 1.31635 -6.17595 -320.159 -753.996 212.771 -0.0604529
-0.27662 5.50901 320.317 -846.52 -269.62 0.0715402 0.472468 -5.62831 -320.317 -691.246 164.835 -0.0715402
0.620505 4.29872 320.313 -641.76 25.6229 0.0821501 -0.416621 -4.14465 -320.313 -524.025 116.849 -0.0821501
1.5091 2.50264 320.472 -362.116 325.783 0.0919781 -1.32012 -2.25807 -320.472 -295.166 64.7556 -0.0919781
2.33902 0.59675 320.464 -65.6339 617.192 0.100716 -2.15773 -0.257902 -320.464 -52.3008 4.19332 -0.100716
3.07975 -1.08504 320.296 194.69 881.822 0.108091 -2.8418 1.49387 -320.296 161.48 -63.1405 -0.108091
3.80155 -2.45521 320.247 384.246 1120.53 0.113887 -3.42919 2.62275 -320.247 316.994 -120.563 -0.113887
4.48752 -3.30914 320.183 496.656 1337.1 0.117943 -4.0156 3.25383 -320.183 409.634 -160.999 -0.117943
5.08518 -3.65148 319.971 541.934 1526.23 0.120136 -4.53149 3.50208 -319.971 445.901 -195.973 -0.120136
5.42699 -3.61904 319.822 527.249 1678.72 0.120379 -4.96664 3.31896 -319.822 430.817 -240.833 -0.120379
5.59281 -3.18236 319.799 463.078 1788.54 0.118607 -5.19172 2.87913 -319.799 373.954 -296.391 -0.118607
5.65762 -2.37349 319.757 356.486 1858.1 0.114764 -5.28548 2.24277 -319.757 280.984 -343.848 -0.114764
5.63434 -1.41739 319.745 213.102 1891.34 0.10881 -5.38186 1.26056 -319.745 156.718 -366.891 -0.10881
5.49734 -0.267127 319.822 49.3766 1877.7 0.100727 -5.36295 0.202737 -319.822 15.5443 -374.788 -0.100727
5.18005 0.822509 319.91 -111.373 1804.55 0.0905375 -5.09775 -0.870836 -319.91 -122.408 -382.174 -0.0905375
4.74097 1.59197 319.979 -239.114 1677.69 0.0783278 -4.61639 -1.81016 -319.979 -230.619 -382.627 -0.0783278
4.20976 1.99904 320.084 -300.545 1511 0.0642441 -4.08413 -2.20863 -320.084 -280.417 -363.113 -0.0642441
3.62451 1.97266 320.18 -287.852 1310.56 0.048504 -3.48578 -2.03138 -320.18 -264.988 -326.518 -0.048504
2.96489 1.65985 320.204 -228.839 1080.63 0.0314156 -2.78881 -1.50142 -320.204 -207.619 -284.379 -0.0314156
2.19192 1.18661 320.226 -160.565 827.597 0.0133695 -2.03134 -0.998292 -320.226 -141.065 -243.189 -0.0133695
1.35461 0.893292 320.243 -113.901 562.231 -0.00518651 -1.25324 -0.600569 -320.243 -92.2966 -201.421 0.00518651
0.569345 0.814196 320.174 -108.174 294.049 -0.0237514 -0.435787 -0.530973 -320.174 -77.4806 -155.101 0.0237514
-0.057301 0.696509 320.14 -129.092 41.1388 -0.0417667 0.323474 -0.862493 -320.14 -86.0779 -94.1122 0.0417667
-0.545575 0.524005 320.153 -125.892 -181.426 -0.058645 0.905792 -0.948255 -320.153 -77.294 -19.9038 0.058645
-0.987983 0.227359 320.046 -73.0706 -373.26 -0.0738122 1.37669 -0.492581 -320.046 -26.2256 45.3537 0.0738122
-1.40763 -0.357571 319.929 19.6783 -535.912 -0.086703 1.83028 0.208484 -319.929 58.6055 87.0504 0.086703
-1.92873 -0.947227 319.932 119.636 -669.879 -0.0967529 2.11949 0.993032 -319.932 148.408 108.841 0.0967529
-2.26389 -1.40078 319.921 192.588 -771.435 -0.103443 2.41512 1.54122 -319.921 213.782 123.086 0.103443
-2.3154 -1.48052 319.864 211.251 -829.392 -0.106345 2.59362 1.7246 -319.864 231.453 149.137 0.106345
-2.26726 -1.39689 319.91 174.138 -842.433 -0.10515 2.46719 1.31268 -319.91 200.139 186.2 0.10515
-2.12492 -1.02078 320.008 108.766 -825.664 -0.099705 2.34239 0.807572 -320.008 143.828 206.319 0.099705
-1.88443 -0.529051 320.042 40.4963 -781.973 -0.0900174 2.30248 0.373192 -320.042 84.2177 201.437 0.0900174
-1.58001 -0.101244 320.075 -22.2982 -696.114 -0.0762609 2.05693 -0.0594174 -320.075 28.2005 191.694 0.0762609
-1.283 0.40812 320.172 -80.919 -570.459 -0.0587841 1.55482 -0.365007 -320.172 -25.7141 176.638 0.0587841
-1.00982 0.846459 320.24 -141.659 -430.134 -0.0380906 1.10372 -0.776973 -320.24 -82.3912 136.652 0.0380906
-0.585654 1.28536 320.235 -202.088 -277.259 -0.0148045 0.802614 -1.18887 -320.235 -139.45 84.2974 0.0148045
-0.0958955 1.57922 320.251 -250.174 -98.1282 0.0103366 0.248544 -1.57504 -320.251 -185.268 49.6876 -0.0103366
0.459785 1.69491 320.285 -266.441 94.0024 0.0364978 -0.410523 -1.71699 -320.285 -204.583 25.685 -0.0364978
0.991185 1.55733 320.223 -241.637 280.325 0.0628044 -0.965135 -1.5718 -320.223 -190.351 -10.2875 -0.0628044
1.406 1.11838 320.097 -179.102 450.537 0.0883768 -1.43455 -1.21799 -320.097 -143.427 -58.029 -0.0883768
1.80356 0.457762 320.052 -81.7043 604.565 0.112348 -1.84761 -0.609163 -320.052 -65.5425 -99.7924 -0.112348
2.27441 -0.379924 319.985 43.5617 744.401 0.133918 -2.22561 0.202379 -319.985 36.9159 -122.144 -0.133918
2.70473 -1.29094 319.894 180.537 865.472 0.152394 -2.62365 1.10357 -319.894 150.17 -128.619 -0.152394
3.03957 -1.95685 319.869 299.137 957.651 0.16721 -2.91795 2.01104 -319.869 248.825 -133.762 -0.16721
3.18585 -2.27762 319.87 358.492 1014.06 0.177936 -3.09129 2.47582 -319.87 297.939 -145.915 -0.177936
3.06152 -2.06782 319.871 330.695 1029.92 0.184285 -3.20048 2.30669 -319.871 273.413 -163.811 -0.184285
2.92185 -1.19514 319.925 211.3 1004.01 0.186113 -3.06547 1.57681 -319.925 171.521 -175.845 -0.186113
2.78997 0.0785971 320.036 15.8972 946.398 0.183417 -2.89791 0.237592 -320.036 6.1221 -159.697 -0.183417
2.56701 1.60023 320.122 -216.184 857.765 0.176301 -2.79234 -1.3369 -320.122 -189.315 -116.637 -0.176301
2.24892 3.11642 320.191 -440.727 724.897 0.164973 -2.4601 -2.80574 -320.191 -376.948 -73.8492 -0.164973
1.74321 4.27919 320.279 -622.588 548.225 0.149757 -1.92953 -4.04283 -320.279 -526.461 -40.619 -0.149757
1.11032 4.97162 320.334 -733.441 341.045 0.131102 -1.33235 -4.7869 -320.334 -613.956 -3.70323 -0.131102
0.498564 5.05205 320.329 -754.521 121.604 0.10954 -0.72621 -4.93554 -320.329 -624.499 47.0889 -0.10954
-0.171989 4.46603 320.371 -681.142 -110.829 0.0856662 -0.104416 -4.48147 -320.371 -554.25 100.547 -0.0856662
-0.883294 3.33563 320.312 -519.082 -360.715 0.0601206 0.673267 -3.38341 -320.312 -408.591 144.287 -0.0601206
-1.63591 1.81314 320.255 -294.461 -612.923 0.0335914 1.45691 -1.82809 -320.255 -208.209 183.816 -0.0335914
-2.38835 0.0628623 320.254 -40.2332 -860.252 0.00680146 2.20786 -0.111285 -320.254 16.3172 223.025 -0.00680146
-3.10664 -1.53553 320.157 202.618 -1095.62 -0.0195086 2.9428 1.60037 -320.157 230.534 257.236 0.0195086
-3.79541 -2.79982 320.056 393.096 -1310.68 -0.0445814 3.61496 2.93688 -320.056 399.189 283.954 0.0445814
-4.39815 -3.51333 320.051 498.186 -1493.55 -0.067661 4.18334 3.67268 -320.051 494.231 304.754 0.067661
-4.88998 -3.5631 319.996 506.601 -1638.21 -0.0880355 4.6374 3.75704 -319.996 504.34 318.525 0.0880355
-5.26344 -2.96315 319.963 418.765 -1742.71 -0.105067 4.985 3.18064 -319.963 429.742 323.26 0.105067
-5.5237 -1.78048 319.978 246.95 -1804.89 -0.118202 5.18575 2.04067 -319.978 280.837 321.681 0.118202
-5.63956 -0.197598 320.025 13.056 -1822.93 -0.126982 5.24632 0.4525 -320.025 76.8573 315.349 0.126982
-5.60468 1.51288 320.079 -247.991 -1797.55 -0.131073 5.18253 -1.37862 -320.079 -151.136 303.65 0.131073
-5.4606 3.14773 320.132 -491.768 -1733.26 -0.13028 4.99501 -3.04979 -320.132 -363.871 285.3 0.13028
-5.20995 4.41179 320.203 -679.255 -1634.38 -0.124555 4.70202 -4.32673 -320.203 -527.255 261.695 0.124555
-4.76431 5.08492 320.266 -782.01 -1502.6 -0.114009 4.36083 -5.04955 -320.266 -617.26 238.833 0.114009
-4.15003 5.19834 320.288 -789.193 -1335.17 -0.0989178 3.86999 -5.04144 -320.288 -624.618 224.321 0.0989178
-3.52747 4.72645 320.303 -711.772 -1139.93 -0.0797333 3.19744 -4.47718 -320.303 -558.964 208.291 0.0797333
-2.90269 3.68337 320.299 -566.323 -932.413 -0.05706 2.56535 -3.57323 -320.299 -435.561 174.755 0.05706
-2.39898 2.30901 320.286 -362.488 -723.544 -0.0316072 1.91864 -2.23208 -320.286 -264.433 125.195 0.0316072
-1.83354 0.670962 320.214 -120.149 -513.421 -0.00416385 1.30439 -0.651513 -320.214 -62.3417 78.4131 0.00416385
-1.17818 -0.994441 320.101 130.345 -308.55 0.0244001 0.687838 1.00475 -320.101 145.824 49.5833 -0.0244001
-0.447649 -2.42491 320.003 351.342 -112.452 0.0531487 0.0603616 2.49811 -320.003 328.55 41.3661 -0.0531487
0.21491 -3.38836 319.926 502.966 66.538 0.0811241 -0.561637 3.5283 -319.926 452.207 40.0659 -0.0811241
0.698182 -3.66694 319.814 551.715 210.129 0.107398 -1.02183 3.87066 -319.814 489.191 27.0263 -0.107398
0.947711 -3.16972 319.785 482.696 313.269 0.131116 -1.35142 3.42041 -319.785 427.378 4.07544 -0.131116
1.08215 -2.05082 319.811 309.204 375.192 0.151517 -1.53996 2.19637 -319.811 277.348 -13.1002 -0.151517
1.17035 -0.501539 319.866 71.1854 397.917 0.167967 -1.62955 0.541186 -319.866 72.8839 -11.2168 -0.167967
1.26645 1.15371 319.957 -180.51 384.61 0.179974 -1.59863 -1.18263 -319.957 -142.012 11.0557 -0.179974
1.24885 2.53026 320.076 -395.307 336.719 0.18721 -1.49407 -2.67876 -320.076 -323.881 41.9631 -0.18721
1.04809 3.57568 320.174 -538.715 253.905 0.189522 -1.2622 -3.53814 -320.174 -443.489 64.8684 -0.189522
0.750258 4.00958 320.263 -602.386 144.126 0.186928 -0.856417 -3.93251 -320.263 -494.184 77.2753 -0.186928
0.433162 3.92588 320.359 -590.056 25.3648 0.179599 -0.436469 -3.82294 -320.359 -479.823 94.0139 -0.179599
0.111483 3.41326 320.394 -512.291 -94.3386 0.167852 -0.0851098 -3.26452 -320.394 -409.692 120.514 -0.167852
-0.238687 2.32875 320.358 -376.122 -213.894 0.152119 0.258588 -2.49504 -320.358 -289.852 143.993 -0.152119
-0.642144 0.963373 320.322 -181.151 -333.493 0.132937 0.659234 -1.21644 -320.322 -119.73 152.313 -0.132937
-1.09712 -0.653888 320.253 57.4759 -446.918 0.110943 1.05096 0.402696 -320.253 88.5387 148.599 -0.110943
-1.49333 -2.45593 320.101 312.62 -549.354 0.0868759 1.43036 2.05701 -320.101 310.661 143.738 -0.0868759
-1.82171 -4.14291 319.968 557.659 -635.75 0.0615478 1.71804 3.6866 -319.968 523.589 144.892 -0.0615478
-2.14429 -5.42167 319.852 758.686 -708.736 0.0357977 1.92083 5.13001 -319.852 698.452 145.19 -0.0357977
-2.57957 -6.17682 319.741 873.965 -779.421 0.010465 2.10117 5.94139 -319.741 799.485 130.758 -0.010465
-2.93701 -6.2203 319.677 878.357 -851.424 -0.0136083 2.44062 5.97336 -319.677 805.515 106.443 0.0136083
-3.17141 -5.46601 319.665 771.942 -911.44 -0.0356187 2.69172 5.30614 -319.665 715.644 99.3312 0.0356187
-3.30467 -4.12019 319.719 569.342 -952.03 -0.0548809 2.72043 3.93095 -319.719 542.518 117.466 0.0548809
-3.33663 -2.38443 319.831 305.653 -985.859 -0.0708637 2.78755 2.12234 -319.831 316.792 137.535 0.0708637
-3.4132 -0.513815 319.969 29.6687 -1017.61 -0.083176 2.87378 0.27766 -319.969 79.7553 146.751 0.083176
-3.47028 1.10965 320.114 -214.013 -1041.42 -0.0915711 2.94891 -1.3812 -320.114 -129.796 152.264 0.0915711
-3.39702 2.26372 320.253 -385.98 -1048.74 -0.0959628 2.97872 -2.54718 -320.253 -278.192 165.555 0.0959628
-3.21212 2.83438 320.353 -464.577 -1034.92 -0.0964197 2.88749 -3.03838 -320.353 -346.221 189.849 0.0964197
-3.03896 2.72082 320.416 -447.444 -1005.64 -0.0931486 2.6892 -2.92287 -320.416 -331.723 211.875 0.0931486
-2.88404 2.0063 320.444 -344.17 -970.561 -0.0864684 2.56263 -2.2487 -320.444 -243.242 215.717 0.0864684
-2.80158 0.857186 320.412 -172.371 -929.759 -0.0767709 2.43418 -1.08883 -320.412 -96.2089 204.124 0.0767709
-2.65689 -0.637032 320.317 43.4964 -879.347 -0.064493 2.30043 0.317053 -320.317 88.3788 192.259 0.064493
-2.39972 -2.285 320.197 281.096 -815.201 -0.0501109 2.09651 1.85745 -320.197 291.037 191.887 0.0501109
-2.02734 -3.85067 320.053 516.305 -737.139 -0.03414 1.84232 3.4438 -320.053 491.068 200.455 0.03414
-1.67838 -5.19811 319.884 718.097 -653.494 -0.0171208 1.57112 4.796 -319.884 662.047 202.577 0.0171208
-1.37964 -6.12851 319.747 857.576 -568.094 0.000419151 1.34834 5.72453 -319.747 779.251 189.355 -0.000419151
-1.08445 -6.42267 319.638 912.005 -477.146 0.0179958 1.14387 6.14135 -319.638 822.993 167.597 -0.0179958
-0.868016 -6.07494 319.589 865.275 -380.377 0.0351623 0.827768 5.83723 -319.589 779.708 144.581 -0.0351623
-0.641257 -5.05392 319.619 718.92 -283.266 0.0515027 0.545793 4.86454 -319.619 650.763 117.952 -0.0515027
-0.337393 -3.5149 319.704 492.817 -187.593 0.0666491 0.355 3.33716 -319.704 453.443 90.8209 -0.0666491
0.0223884 -1.73538 319.845 224.945 -85.0183 0.0802921 0.0992915 1.4885 -319.845 220.323 73.4719 -0.0802921
0.371606 0.073951 320.04 -41.0981 25.3619 0.0921775 -0.252184 -0.295912 -320.04 -9.8713 60.0837 -0.0921775
0.671767 1.60126 320.207 -263.783 130.691 0.102116 -0.521655 -1.78374 -320.207 -203.528 33.6612 -0.102116
0.926455 2.65411 320.339 -417.614 232.022 0.109981 -0.728771 -2.82829 -320.339 -339.319 -3.64608 -0.109981
1.07431 3.15 320.437 -488.923 333.369 0.115688 -1.037 -3.32002 -320.437 -404.389 -41.7691 -0.115688
1.2401 3.0596 320.467 -474.448 426.745 0.119193 -1.2608 -3.24252 -320.467 -395.684 -81.1209 -0.119193
1.42019 2.39267 320.435 -379.478 509.113 0.120524 -1.4249 -2.65579 -320.435 -317.548 -115.769 -0.120524
1.55813 1.29296 320.352 -216.226 579.694 0.119755 -1.63195 -1.57846 -320.352 -180.191 -138.566 -0.119755
1.62657 -0.0516716 320.205 -9.53094 630.008 0.116987 -1.79603 -0.158489 -320.205 -5.14325 -156.67 -0.116987
1.58088 -1.44103 320.019 202.705 649.313 0.112357 -1.82728 1.29866 -320.019 175.673 -177.92 -0.112357
1.47926 -2.67274 319.851 385.246 638.604 0.106036 -1.7479 2.52332 -319.851 332.317 -192.215 -0.106036
1.34936 -3.52184 319.707 513.833 602.566 0.098192 -1.66572 3.41171 -319.707 443.649 -185.547 -0.098192
1.17214 -3.95398 319.6 573.934 538.263 0.0889889 -1.55757 3.80384 -319.6 497.368 -160.806 -0.0889889
0.902706 -3.95319 319.556 565.966 437.494 0.0786001 -1.31539 3.72228 -319.556 493.968 -130.907 -0.0786001
0.554189 -3.54321 319.592 502.25 301.874 0.0672079 -0.932027 3.30736 -319.592 443.786 -96.6358 -0.0672079
0.154577 -2.89425 319.694 398.499 141.622 0.0550047 -0.512488 2.60014 -319.694 360.277 -49.8427 -0.0550047
-0.258152 -2.04134 319.839 271.424 -34.2695 0.0422034 -0.0809324 1.79004 -319.839 257.727 9.0678 -0.0422034
-0.69542 -1.06914 320.008 131.621 -223.08 0.0290465 0.396782 0.931847 -320.008 144.791 71.1002 -0.0290465
-1.14101 -0.132924 320.202 -11.9247 -418.777 0.0158156 0.934527 -0.0144614 -320.202 28.3995 130.563 -0.0158156
-1.61587 0.745624 320.336 -144.345 -615.488 0.00282517 1.46547 -0.874293 -320.336 -79.2153 187.943 -0.00282517
-2.12152 1.42933 320.484 -247.564 -805.553 -0.00959743 1.94874 -1.54567 -320.484 -163.105 241.027 0.00959743
-2.62562 1.83467 320.548 -308.141 -985.863 -0.0211175 2.43536 -1.93192 -320.548 -211.829 284.142 0.0211175
-3.07525 1.88964 320.536 -318.241 -1150.11 -0.0313888 2.91971 -1.99565 -320.536 -218.117 319.074 0.0313888
-3.47273 1.568 320.462 -274.118 -1289.61 -0.0400774 3.29606 -1.70805 -320.462 -178.113 351.419 0.0400774
-3.8614 0.91031 320.382 -177.492 -1404.9 -0.0468964 3.57207 -1.04941 -320.382 -92.9718 374.677 0.0468964
-4.21023 -0.013298 320.245 -39.2054 -1501.12 -0.0516086 3.87544 -0.096601 -320.245 27.8445 380.662 0.0516086
-4.47161 -1.0523 320.06 118.223 -1571.99 -0.0540265 4.14841 0.99769 -320.06 164.991 377.621 0.0540265
-4.62168 -2.04683 319.928 265.637 -1608.71 -0.0540358 4.26973 2.00511 -319.928 294.014 376.805 0.0540358
-4.64275 -2.77473 319.819 377.356 -1613.04 -0.0516085 4.29715 2.7931 -319.819 391.616 374.431 0.0516085
-4.51703 -3.05568 319.733 427.429 -1586.59 -0.0467945 4.30263 3.18741 -319.733 434.785 364.649 0.0467945
-4.33014 -2.81943 319.72 396.624 -1524.85 -0.0397196 4.15939 2.99887 -319.72 406.931 348.623 0.0397196
-4.04392 -2.0497 319.781 283.436 -1427.16 -0.0305845 3.91632 2.22422 -319.781 306.865 324.236 0.0305845
-3.65013 -0.792719 319.886 102.111 -1293.52 -0.0196533 3.59323 1.01816 -319.886 148.082 289.882 0.0196533
-3.17379 0.686171 320.037 -117.902 -1126.8 -0.00724398 3.17044 -0.492141 -320.037 -44.666 247.677 0.00724398
-2.57394 2.13701 320.169 -338.471 -925.05 0.00627972 2.6313 -2.04405 -320.169 -238.732 203.643 -0.00627972
-1.89395 3.36543 320.309 -518.121 -697.013 0.0205202 2.01205 -3.27279 -320.309 -398.381 155.511 -0.0205202
-1.14571 4.12565 320.443 -627.414 -444.585 0.035059 1.32 -4.03592 -320.443 -499.445 102.523 -0.035059
-0.341615 4.34066 320.492 -655.857 -170.139 0.0494677 0.562869 -4.25668 -320.492 -531.183 44.259 -0.0494677
0.439711 3.99233 320.476 -601.196 116.84 0.0633077 -0.267092 -3.93212 -320.476 -492.938 -19.5953 -0.0633077
1.23885 3.14829 320.518 -471.731 415.373 0.0761349 -1.14461 -3.11425 -320.518 -392.936 -85.9774 -0.0761349
1.99608 1.95308 320.361 -290.966 704.572 0.0875242 -1.962 -1.95322 -320.361 -248.355 -157.138 -0.0875242
2.69596 0.593107 320.178 -84.3433 970.843 0.0971053 -2.70141 -0.599166 -320.178 -80.2272 -224.107 -0.0971053
3.39998 -0.688974 320.101 115.571 1208.31 0.104579 -3.34694 0.758676 -320.101 84.3793 -274.735 -0.104579
4.01342 -1.73228 319.958 274.274 1408.03 0.109705 -3.93866 1.82334 -319.958 216.748 -307.645 -0.109705
4.44676 -2.35457 319.764 368.949 1561.17 0.112315 -4.43307 2.45745 -319.764 295.558 -332.369 -0.112315
4.71324 -2.40946 319.712 384.491 1659.39 0.112346 -4.69588 2.59989 -319.712 307.262 -357.283 -0.112346
4.80046 -1.89766 319.72 313.82 1701.84 0.109819 -4.7874 2.15489 -319.72 245.812 -374.953 -0.109819
4.73475 -0.874961 319.715 163.164 1692.13 0.104828 -4.79023 1.14778 -319.715 116.186 -373.936 -0.104828
4.53691 0.520224 319.777 -45.5254 1627.89 0.0975624 -4.65713 -0.262668 -319.777 -62.5342 -355.524 -0.0975624
4.29114 2.11241 319.913 -280.794 1509.36 0.0882882 -4.28455 -1.82542 -319.913 -262.909 -322.629 -0.0882882
3.88885 3.66221 320.072 -511.649 1342.9 0.0773277 -3.84187 -3.35549 -320.072 -457.327 -273.2 -0.0773277
3.32649 4.92542 320.186 -706.783 1133.93 0.0650539 -3.31934 -4.67266 -320.186 -618.494 -214.473 -0.0650539
2.61925 5.72291 320.291 -833.986 885.882 0.0518904 -2.64027 -5.52564 -320.291 -719.183 -158.366 -0.0518904
1.79788 5.94067 320.418 -871.184 608.682 0.0382868 -1.85431 -5.7398 -320.418 -741.616 -103.681 -0.0382868
0.932396 5.54009 320.489 -815.871 313.688 0.0246909 -1.02389 -5.3227 -320.489 -684.008 -43.4831 -0.0246909
0.0905477 4.57738 320.444 -679.283 19.0402 0.0115354 -0.232325 -4.37845 -320.444 -557.266 24.9528 -0.0115354
-0.764254 3.18189 320.468 -481.656 -284.214 -0.000773365 0.643109 -3.05384 -320.468 -379.281 88.616 0.000773365
-1.60092 1.51955 320.33 -245.747 -581.562 -0.0118735 1.52286 -1.47803 -320.33 -168.046 148.293 0.0118735
-2.39979 -0.199186 320.211 4.10323 -866.295 -0.0214649 2.33625 0.221498 -320.211 54.1175 209.768 0.0214649
-3.109 -1.81004 320.078 237.8 -1128.51 -0.0293097 3.08165 1.80464 -320.078 261.465 270.554 0.0293097
-3.72752 -3.12272 319.938 426.717 -1360.03 -0.0352324 3.75145 3.07869 -319.938 429.738 323.681 0.0352324
-4.27032 -3.88339 319.842 544.62 -1548.76 -0.0391337 4.2632 3.94393 -319.842 536.351 366.387 0.0391337
-4.67856 -4.04383 319.803 570.665 -1690.31 -0.0409981 4.67058 4.16147 -319.803 562.503 395.014 0.0409981
-4.9641 -3.55467 319.787 498.194 -1783.35 -0.0408726 4.94396 3.68295 -319.787 501.355 410.684 0.0408726
-5.12135 -2.41291 319.839 336.03 -1824.94 -0.0388385 5.04858 2.63009 -319.839 360.476 416.044 0.0388385
-5.11465 -0.788808 319.957 101.918 -1815.54 -0.0350057 5.02909 1.07537 -319.957 155.641 410.285 0.0350057
-4.98832 1.12324 320.102 -177.428 -1754.63 -0.0295126 4.83602 -0.806567 -320.102 -88.9054 393.621 0.0295126
-4.77383 3.12278 320.235 -467.985 -1649.5 -0.0225051 4.50697 -2.74944 -320.235 -342.734 363.777 0.0225051
-4.37424 4.88398 320.358 -730.251 -1506.88 -0.0141329 4.16465 -4.54426 -320.358 -571.5 323.919 0.0141329
-3.84493 6.0931 320.443 -920.361 -1326.44 -0.00457273 3.66047 -5.9173 -320.443 -737.945 286.573 0.00457273
-3.19968 6.62465 320.469 -1000.27 -1113.04 0.00596016 3.01209 -6.47778 -320.469 -808.831 252.245 -0.00596016
-2.4994 6.30215 320.446 -953.081 -881.448 0.0172156 2.34596 -6.18479 -320.446 -771.032 209.821 -0.0172156
-1.80848 5.15306 320.398 -785.742 -639.105 0.0289135 1.67174 -5.10637 -320.398 -630.792 156.514 -0.0289135
-1.09611 3.39863 320.366 -519.238 -384.623 0.0407459 0.950854 -3.3201 -320.366 -408.389 100.49 -0.0407459
-0.364585 1.32674 320.175 -200.347 -125.736 0.052371 0.213931 -1.15593 -320.175 -142.36 44.9201 -0.052371
0.380187 -0.809099 320.085 119.205 131.174 0.0634208 -0.5209 0.942593 -320.085 122.771 -7.15442 -0.0634208
1.06672 -2.62314 319.988 392.605 375.908 0.0735312 -1.24226 2.74223 -319.988 348.349 -56.9896 -0.0735312
1.64597 -3.85589 319.816 582.67 589.602 0.0823576 -1.83847 4.01111 -319.816 503.709 -107.926 -0.0823576
2.1993 -4.37772 319.728 662.806 770.634 0.089584 -2.2874 4.52515 -319.728 566.601 -150.179 -0.089584
2.66304 -4.11768 319.767 625.791 920.446 0.0949498 -2.73278 4.25388 -319.767 530.245 -174.147 -0.0949498
3.02874 -3.16694 319.787 482.446 1033.53 0.098268 -3.09292 3.25265 -319.787 404.051 -186.769 -0.098268
3.25536 -1.69371 319.836 260.825 1103.35 0.0994365 -3.28397 1.7305 -319.836 212.059 -198.755 -0.0994365
3.3299 0.108045 319.977 -3.4671 1130.38 0.0984432 -3.33131 -0.0269387 -319.977 -15.1147 -208.88 -0.0984432
3.26534 1.96478 320.108 -275.493 1117.49 0.0953531 -3.28956 -1.8275 -320.108 -248.099 -210.669 -0.0953531
3.10228 3.61821 320.194 -523.501 1067.78 0.0903046 -3.15875 -3.49829 -320.194 -459.109 -201.616 -0.0903046
2.86335 4.89892 320.295 -714.238 982.329 0.0835138 -2.91509 -4.76191 -320.295 -619.697 -182.967 -0.0835138
2.5341 5.62113 320.372 -822.303 864.646 0.0752562 -2.58733 -5.46565 -320.372 -708.529 -156.246 -0.0752562
2.12873 5.62694 320.397 -832.39 719.116 0.0658355 -2.17974 -5.56116 -320.397 -712.425 -123.276 -0.0658355
1.63214 4.93573 320.389 -737.748 550.128 0.0555696 -1.71415 -4.93507 -320.389 -625.162 -87.5126 -0.0555696
1.04388 3.60434 320.341 -543.84 357.771 0.0447934 -1.16145 -3.61363 -320.341 -452.75 -53.1106 -0.0447934
0.458105 1.77184 320.237 -279.078 154.172 0.0338544 -0.547948 -1.83112 -320.237 -218.331 -15.56 -0.0338544
-0.147124 -0.331355 320.152 26.4095 -57.3851 0.0230814 0.076612 0.2151 -320.152 49.1517 25.7126 -0.0230814
-0.762989 -2.37166 320.03 326.333 -268.027 0.0127536 0.6791 2.25474 -320.03 312.606 67.6431 -0.0127536
-1.37651 -4.03843 319.853 573.471 -475.843 0.00311803 1.30435 3.96706 -319.853 532.072 103.943 -0.00311803
-2.00275 -5.12052 319.776 729.717 -679.698 -0.00558464 1.93027 5.03647 -319.776 672.919 134.467 0.00558464
-2.59867 -5.40957 319.748 771.592 -868.669 -0.0131518 2.49226 5.35205 -319.748 714.538 163.164 0.0131518
-3.0944 -4.81589 319.725 690.321 -1033.4 -0.0194425 2.98021 4.8853 -319.725 649.386 191.73 0.0194425
-3.49393 -3.46778 319.779 492.91 -1170.12 -0.0243548 3.37779 3.59535 -319.779 482.53 218.115 0.0243548
-3.73125 -1.50676 319.913 203.953 -1268.71 -0.027827 3.66478 1.67554 -319.913 235.61 244.102 0.027827
-3.82409 0.746678 320.068 -130.682 -1323.51 -0.0298463 3.79918 -0.584311 -320.068 -52.9665 267.399 0.0298463
-3.80375 2.97297 320.209 -460.328 -1336.25 -0.0304246 3.81173 -2.8129 -320.209 -338.468 281.18 0.0304246
-3.6246 4.8563 320.342 -735.711 -1304.3 -0.0295782 3.73218 -4.65833 -320.342 -577.969 285.004 0.0295782
-3.31536 6.131 320.435 -922.8 -1225.21 -0.027332 3.48923 -5.9188 -320.435 -740.948 282.31 0.027332
-2.94691 6.66454 320.469 -1000.55 -1102.57 -0.0237213 3.06191 -6.44364 -320.469 -809.348 269.796 0.0237213
-2.55591 6.43535 320.479 -964.643 -949.576 -0.0187771 2.5738 -6.20136 -320.479 -780.151 238.517 0.0187771
-2.04871 5.49046 320.434 -826.544 -772.196 -0.0125182 2.11374 -5.29848 -320.434 -663.104 195.096 0.0125182
-1.42454 3.96741 320.374 -602.067 -563.553 -0.00497648 1.49263 -3.83054 -320.374 -474.578 158.841 0.00497648
-0.666675 2.09979 320.302 -321.616 -331.816 0.00377026 0.785954 -1.97121 -320.302 -240.406 129.793 -0.00377026
0.168743 0.102202 320.126 -23.3876 -87.6522 0.0135875 0.0950568 -0.00938036 -320.126 8.08634 96.8742 -0.0135875
0.921356 -1.76481 320.05 256.649 165.296 0.024284 -0.681334 1.82477 -320.05 239.107 55.5568 -0.024284
1.59739 -3.20608 319.945 478.121 411.963 0.0356137 -1.37437 3.3018 -319.945 420.592 -1.55484 -0.0356137
2.17111 -4.07158 319.779 610.899 638.68 0.0472767 -1.95223 4.16595 -319.779 526.64 -68.7586 -0.0472767
2.68238 -4.23344 319.724 637.513 847.508 0.0589081 -2.52714 4.3139 -319.724 542.796 -127.14 -0.0589081
3.17239 -3.67514 319.771 558.521 1031.73 0.070086 -3.04571 3.77064 -319.771 469.677 -171.687 -0.070086
3.54054 -2.49858 319.799 386.835 1181.47 0.0803696 -3.47092 2.60786 -319.799 318.333 -211.535 -0.0803696
3.73531 -0.87001 319.881 146.665 1287.69 0.0893352 -3.73229 0.985324 -319.881 109.578 -254.494 -0.0893352
3.76405 0.977711 320.028 -126.091 1345.72 0.0965802 -3.82331 -0.853121 -320.028 -126.666 -295.807 -0.0965802
3.70081 2.77946 320.165 -394.08 1360.6 0.10173 -3.80648 -2.66258 -320.165 -357.325 -321.656 -0.10173
3.61761 4.2279 320.28 -614.379 1335.45 0.104475 -3.68578 -4.17809 -320.28 -546.299 -324.685 -0.104475
3.46378 5.13641 320.366 -752.122 1273.63 0.1046 -3.51141 -5.11276 -320.366 -663.065 -308.304 -0.1046
3.23277 5.35601 320.404 -786.06 1175.5 0.10199 -3.21199 -5.32745 -320.404 -689.091 -283.624 -0.10199
2.89353 4.85382 320.39 -714.466 1046.22 0.0966319 -2.81865 -4.83382 -320.39 -623.174 -255.78 -0.0966319
2.45025 3.71179 320.341 -549.226 892.96 0.0886417 -2.39395 -3.71766 -320.341 -476.591 -222.701 -0.0886417
1.959 2.12248 320.263 -316.624 723.795 0.0782611 -1.95076 -2.13874 -320.263 -271.705 -182.947 -0.0782611
1.46762 0.291355 320.127 -49.2436 539.544 0.0658419 -1.43855 -0.331708 -320.127 -36.7111 -137.695 -0.0658419
0.94 -1.5368 319.951 216.281 345.799 0.0518341 -0.934843 1.46021 -319.951 197.643 -86.8077 -0.0518341
0.352576 -3.13664 319.865 449.772 140.191 0.0367711 -0.411997 3.04198 -319.865 403.485 -34.972 -0.0367711
-0.205176 -4.30646 319.806 617.837 -67.7496 0.0212356 0.155132 4.18485 -319.806 554.772 17.1692 -0.0212356
-0.721939 -4.92938 319.705 703.117 -272.921 0.00583228 0.721017 4.76807 -319.705 636.048 72.374 -0.00583228
-1.21747 -4.96454 319.699 702.095 -467.4 -0.00882723 1.20292 4.77146 -319.699 642.402 131.428 0.00882723
-1.69676 -4.43606 319.81 620.66 -656.044 -0.0221597 1.6997 4.24922 -319.81 578.758 184.874 0.0221597
-2.11814 -3.42237 319.882 470.812 -828.843 -0.0336493 2.19162 3.28249 -319.882 455.148 231.187 0.0336493
-2.47597 -2.09547 319.96 271.669 -974.167 -0.0428654 2.57581 1.95358 -319.96 287.572 273.734 0.0428654
-2.77536 -0.606639 320.123 49.7248 -1088.97 -0.0494687 2.85889 0.468529 -320.123 98.8741 307.858 0.0494687
-2.98338 0.805618 320.259 -163.038 -1170.24 -0.0532198 3.08618 -0.979928 -320.259 -83.3803 328.85 0.0532198
-3.09821 1.92891 320.322 -333.191 -1214.4 -0.0539961 3.22507 -2.15021 -320.322 -229.933 337.879 0.0539961
-3.11197 2.60354 320.373 -433.173 -1218.8 -0.0517993 3.24425 -2.82587 -320.373 -316.403 337.731 0.0517993
-2.95608 2.74346 320.395 -449.873 -1180.74 -0.0467353 3.18099 -2.91536 -320.395 -331.381 330.013 0.0467353
-2.60213 2.34944 320.332 -387.553 -1095.19 -0.0389977 3.00816 -2.47712 -320.332 -278.78 317.369 0.0389977
-2.20438 1.50649 320.233 -261.161 -961.115 -0.0288768 2.59849 -1.63029 -320.233 -171.844 295.059 0.0288768
-1.71129 0.361926 320.162 -89.6292 -787.885 -0.0167469 2.16059 -0.490181 -320.162 -27.9037 250.76 0.0167469
-1.13721 -0.957396 320.039 105.622 -575.682 -0.00302875 1.65019 0.775699 -320.039 133.812 188.777 0.00302875
-0.519455 -2.24094 319.926 300.291 -329.147 0.0118213 0.982965 2.05278 -319.926 292.714 120.229 -0.0118213
0.202587 -3.31799 319.853 467.806 -52.1696 0.0273115 0.221915 3.15519 -319.853 426.133 48.6541 -0.0273115
1.00677 -3.9911 319.832 577.177 247.922 0.0429401 -0.590493 3.87873 -319.832 509.602 -27.5626 -0.0429401
1.7989 -4.14563 319.818 605.819 556.104 0.0582154 -1.42752 4.04248 -319.818 524.899 -110.113 -0.0582154
2.55431 -3.73113 319.79 550.416 856.099 0.0726482 -2.22415 3.64104 -319.79 467.621 -195.12 -0.0726482
3.32961 -2.81042 319.898 417.279 1145.32 0.0857517 -2.99717 2.70941 -319.898 344.973 -269.896 -0.0857517
4.11068 -1.5146 320.078 227.931 1420.23 0.0970721 -3.76459 1.41585 -320.078 176.764 -330.385 -0.0970721
4.80057 -0.0561534 320.124 14.651 1668.23 0.106212 -4.48227 -0.0331289 -320.124 -11.4283 -383.493 -0.106212
5.3662 1.32288 320.195 -188.713 1876.58 0.112827 -5.0493 -1.43084 -320.195 -191.492 -434.981 -0.112827
5.8315 2.43603 320.343 -352.081 2042.17 0.116627 -5.47584 -2.55403 -320.343 -336.93 -477.048 -0.116627
6.21917 3.11998 320.352 -452.141 2167.64 0.11741 -5.82945 -3.24524 -320.352 -426.761 -499.887 -0.11741
6.48193 3.24689 320.314 -473.394 2248.63 0.115076 -6.10288 -3.42289 -320.314 -447.565 -506.681 -0.115076
6.59559 2.82676 320.279 -412.343 2279.85 0.109645 -6.21337 -3.0221 -320.279 -395.26 -506.895 -0.109645
6.54672 2.007 320.193 -282.476 2259 0.101245 -6.14773 -2.07681 -320.193 -281.401 -501.91 -0.101245
6.34931 0.869988 320.067 -112.496 2189 0.0901101 -5.96199 -0.904429 -320.067 -132.489 -484.981 -0.0901101
6.05497 -0.305483 319.927 63.08 2074.99 0.0765849 -5.66943 0.31049 -319.927 22.0114 -452.277 -0.0765849
5.6434 -1.26473 319.819 212.794 1917.21 0.0611187 -5.2649 1.39402 -319.819 154.373 -407.549 -0.0611187
5.05825 -1.86943 319.737 305.52 1714.07 0.0442504 -4.74686 2.06317 -319.737 237.548 -357.18 -0.0442504
4.35906 -2.00273 319.649 323.305 1471.47 0.0265759 -4.08147 2.19997 -319.649 257.065 -303.522 -0.0265759
3.583 -1.61866 319.656 265.215 1197.69 0.00872007 -3.31662 1.84097 -319.656 212.555 -243.094 -0.00872007
2.73147 -0.818777 319.773 140.912 898.246 -0.00867739 -2.50096 1.02979 -319.773 114.408 -174.494 0.00867739
1.84997 0.202646 319.843 -24.0867 582.863 -0.0249859 -1.65097 -0.0887346 -319.843 -16.0702 -98.8636 0.0249859
0.951835 1.3019 319.93 -195.344 260.646 -0.0396237 -0.766295 -1.20402 -319.93 -150.588 -23.5024 0.0396237
0.107068 2.235 320.179 -340.687 -51.925 -0.052086 0.113837 -2.14901 -320.179 -264.566 50.2108 0.052086
-0.713837 2.90464 320.371 -441.855 -348.352 -0.0619411 0.940587 -2.78455 -320.371 -343.613 118.473 0.0619411
-1.51132 3.24621 320.352 -496.691 -621.024 -0.0688294 1.67838 -3.12461 -320.352 -382.89 178.548 0.0688294
-2.30444 3.24218 320.508 -499.8 -869.432 -0.072486 2.3253 -3.12961 -320.508 -379.91 227.571 0.072486
-3.00992 2.93445 320.578 -455.398 -1094.99 -0.0727368 2.98118 -2.81407 -320.578 -338.244 264.682 0.0727368
-3.58252 2.36884 320.459 -373.26 -1285.31 -0.0694804 3.52415 -2.25199 -320.459 -264.664 300.559 0.0694804
-4.04029 1.63164 320.406 -264.97 -1436.05 -0.0627239 3.89418 -1.51126 -320.406 -168.874 336.66 0.0627239
-4.36258 0.827317 320.363 -145.266 -1550.52 -0.0526136 4.20126 -0.687097 -320.363 -63.7083 363.981 0.0526136
-4.59509 0.059565 320.173 -30.6243 -1626.91 -0.0394157 4.41206 0.101237 -320.173 36.5213 378.995 0.0394157
-4.72627 -0.569772 320.01 62.5627 -1663.32 -0.023515 4.50586 0.736931 -320.01 118.015 384.265 0.023515
-4.70289 -0.985521 319.926 122.679 -1658.31 -0.00542319 4.49702 1.1369 -319.926 170.536 383.71 0.00542319
-4.54928 -1.14205 319.81 144.476 -1611.41 0.0142462 4.33776 1.27233 -319.81 189.053 380.106 -0.0142462
-4.26473 -1.0172 319.735 126.62 -1525.86 0.0347976 4.06867 1.14916 -319.735 172.661 371.167 -0.0347976
-3.89596 -0.64705 319.762 71.5744 -1407.32 0.0554639 3.71561 0.767098 -319.762 123.836 352.534 -0.0554639
-3.49323 -0.0812182 319.824 -11.9642 -1262.29 0.0754531 3.29015 0.19096 -319.824 49.6858 322.166 -0.0754531
-3.03993 0.597658 319.914 -111.421 -1096.81 0.0940025 2.8368 -0.492471 -319.914 -38.9722 282.238 -0.0940025
-2.49336 1.28245 320.03 -211.682 -911.183 0.1104 2.33923 -1.18749 -320.03 -129.244 241.193 -0.1104
-1.88675 1.87325 320.17 -298.011 -711.51 0.124001 1.78804 -1.79149 -320.17 -207.902 201.824 -0.124001
-1.24818 2.24623 320.293 -353.002 -500.195 0.134271 1.19141 -2.20542 -320.293 -261.577 161.525 -0.134271
-0.606066 2.36026 320.365 -368.357 -284.894 0.140799 0.621436 -2.34512 -320.365 -281.265 114.072 -0.140799
0.047831 2.1774 320.372 -339.333 -62.5867 0.143311 0.0444682 -2.18063 -320.372 -262.33 62.216 -0.143311
0.687451 1.71299 320.411 -266.881 163.293 0.141692 -0.577207 -1.7246 -320.411 -207.696 10.9914 -0.141692
1.32222 1.04169 320.346 -162.127 390.762 0.136002 -1.22493 -1.0529 -320.346 -127.013 -38.9093 -0.136002
1.88426 0.268104 320.201 -44.1899 604.325 0.126467 -1.80772 -0.296395 -320.201 -33.6804 -93.9333 -0.126467
2.35902 -0.496044 320.085 72.3987 796.357 0.113501 -2.31382 0.459943 -320.085 59.6761 -150.106 -0.113501
2.77525 -1.15531 320.002 173.209 962.32 0.0976894 -2.74759 1.11564 -320.002 140.434 -198.332 -0.0976894
3.16028 -1.63452 319.902 245.885 1100.45 0.0797478 -3.10652 1.58695 -319.902 199.003 -233.441 -0.0797478
3.48574 -1.88754 319.816 284.5 1206.81 0.0604566 -3.38032 1.83659 -319.816 229.794 -256.825 -0.0604566
3.67661 -1.86905 319.814 285.452 1278.14 0.0406288 -3.59213 1.8582 -319.814 229.271 -272.407 -0.0406288
3.75952 -1.58772 319.823 246.896 1310.93 0.0210737 -3.65937 1.61556 -319.823 195.475 -284.375 -0.0210737
3.73302 -1.07382 319.851 171.185 1306.72 0.00254944 -3.61532 1.11017 -319.851 130.437 -289.908 -0.00254944
3.58787 -0.373493 319.938 67.2 1268.13 -0.0142757 -3.52102 0.416868 -319.938 41.9875 -284.446 0.0142757
3.36819 0.435284 320.038 -53.0701 1193.81 -0.0288442 -3.31413 -0.377969 -320.038 -59.1721 -269.175 0.0288442
3.09177 1.24522 320.109 -174.865 1086.6 -0.040722 -2.99573 -1.18377 -320.109 -160.48 -244.322 0.040722
2.74933 1.9484 320.196 -282.829 951.621 -0.0496198 -2.61152 -1.90099 -320.196 -248.643 -209.963 0.0496198
2.32749 2.46256 320.277 -361.63 795.174 -0.0553995 -2.18677 -2.40815 -320.277 -310.863 -170.746 0.0553995
1.82765 2.72059 320.3 -401.052 619.683 -0.0580561 -1.6921 -2.63987 -320.3 -339.061 -132.946 0.0580561
1.23885 2.68218 320.292 -398.607 431.199 -0.0577127 -1.17304 -2.59996 -320.292 -330.683 -97.8276 0.0577127
0.655736 2.32187 320.274 -353.588 236.599 -0.0546184 -0.610118 -2.30332 -320.274 -284.978 -61.8816 0.0546184
0.130535 1.68272 320.218 -265.048 46.3963 -0.0491118 -0.0681573 -1.70335 -320.218 -202.408 -19.457 0.0491118
-0.360309 0.884697 320.165 -142.096 -136.9 -0.0415812 0.427953 -0.814998 -320.165 -92.4956 27.1395 0.0415812
-0.841155 0.0113383 320.071 -13.3712 -310.649 -0.0324465 0.888274 0.0791944 -320.071 22.8546 70.5301 0.0324465
-1.30249 -0.753472 319.97 97.0829 -472.91 -0.0221376 1.3413 0.840622 -319.97 123.154 106.166 0.0221376
-1.7931 -1.23819 319.926 170.884 -624.121 -0.0110684 1.74165 1.38359 -319.926 191.264 134.022 0.0110684
-2.25862 -1.38547 319.932 192.571 -763.845 0.000374637 2.13175 1.55759 -319.932 213.946 155.314 -0.000374637
-2.61397 -1.21199 319.921 159.478 -882.519 0.0118386 2.47381 1.30781 -319.921 188.596 177.438 -0.0118386
-2.90154 -0.746983 319.961 84.673 -978.92 0.0230074 2.70181 0.78111 -319.961 126.464 202.437 -0.0230074
-3.09328 -0.0862716 320.047 -13.2431 -1053.81 0.0336007 2.88546 0.134224 -320.047 43.8244 225.331 -0.0336007
-3.16861 0.603244 320.116 -117.582 -1104.71 0.043384 3.04264 -0.575303 -320.116 -45.0209 244.003 -0.043384
-3.10102 1.21641 320.169 -211.059 -1123.23 0.0521716 3.10561 -1.22125 -320.169 -125.406 263.102 -0.0521716
-3.0149 1.67172 320.224 -278.812 -1108.31 0.0598249 2.97357 -1.68161 -320.224 -184.093 278.312 -0.0598249
-2.90787 1.88073 320.263 -310.811 -1068.87 0.066261 2.81341 -1.90877 -320.263 -212.323 275.839 -0.066261
-2.72468 1.82705 320.254 -303.025 -1007.42 0.0714522 2.68775 -1.86482 -320.254 -206.628 257.172 -0.0714522
-2.48269 1.53188 320.22 -257.442 -917.703 0.0754127 2.41847 -1.55819 -320.22 -169.115 238.245 -0.0754127
-2.12245 1.02848 320.174 -182.577 -803.021 0.0781908 2.06665 -1.07032 -320.174 -107.104 222.118 -0.0781908
-1.70467 0.372556 320.103 -86.8782 -670.393 0.0798611 1.67241 -0.461742 -320.103 -28.1994 201.883 -0.0798611
-1.28477 -0.337 320.041 20.6755 -525.389 0.0805124 1.25714 0.244492 -320.041 59.7392 172.507 -0.0805124
-0.858872 -0.975114 319.967 124.799 -374.654 0.0802378 0.8601 0.970824 -319.967 144.017 135.738 -0.0802378
-0.439238 -1.48077 319.893 205.508 -218.296 0.079129 0.425583 1.51213 -319.893 207.87 97.6714 -0.079129
-0.0242267 -1.77181 319.892 250.116 -58.4528 0.0772756 -0.047703 1.77905 -319.892 240.301 60.8361 -0.0772756
0.372731 -1.81377 319.898 255.273 96.1028 0.074768 -0.4916 1.77102 -319.898 239.824 22.7258 -0.074768
0.720812 -1.60814 319.888 226.898 236.543 0.0716971 -0.875677 1.5655 -319.888 211.421 -16.303 -0.0716971
1.05254 -1.23472 319.958 172.864 359.147 0.0681465 -1.18771 1.18228 -319.958 160.97 -49.7399 -0.0681465
1.32752 -0.762061 320.02 101.833 461.695 0.064185 -1.48154 0.672979 -320.02 96.4045 -73.5178 -0.064185
1.55166 -0.255449 320.062 26.2823 540.699 0.0598726 -1.70571 0.1438 -320.062 28.9266 -90.4437 -0.0598726
1.71801 0.200541 320.137 -41.5593 593.604 0.0552596 -1.83042 -0.324888 -320.137 -30.9163 -103.038 -0.0552596
1.79093 0.523755 320.204 -90.7385 620.936 0.0503749 -1.90383 -0.669407 -320.204 -73.9408 -110.101 -0.0503749
1.75004 0.702265 320.222 -114.847 621.098 0.0452302 -1.92411 -0.815587 -320.222 -94.6662 -113.1 -0.0452302
1.64848 0.745116 320.224 -115.725 592.18 0.0398332 -1.8193 -0.778055 -320.224 -94.522 -112.731 -0.0398332
1.50093 0.644244 320.218 -100.475 537.744 0.0341933 -1.64394 -0.660958 -320.218 -79.6713 -102.997 -0.0341933
1.28247 0.50351 320.174 -76.5212 460.616 0.0283228 -1.45488 -0.460439 -320.174 -56.5002 -82.3105 -0.0283228
1.00663 0.367665 320.12 -53.1522 359.513 0.0222465 -1.17403 -0.254859 -320.12 -32.7194 -58.2969 -0.0222465
0.701572 0.199477 320.08 -35.6078 237.163 0.0160173 -0.774304 -0.154058 -320.08 -13.1154 -33.5238 -0.0160173
0.380983 0.0245183 320.047 -17.9666 105.921 0.00972426 -0.379159 -0.0586539 -320.047 6.58142 -1.39947 -0.00972426
0.0460841 -0.147598 320.013 6.83954 -27.0425 0.00348133 -0.0181743 0.130745 -320.013 31.6989 35.1758 -0.00348133
-0.28685 -0.37765 319.987 36.2069 -158.824 -0.00257594 0.364469 0.323038 -319.987 60.6544 67.8556 0.00257594
-0.614229 -0.610524 320.006 66.4402 -281.865 -0.00827617 0.739849 0.525712 -320.006 90.5669 93.5844 0.00827617
-1.00796 -0.820453 319.993 94.0691 -395.748 -0.0134187 1.03954 0.715476 -319.993 118.133 111.474 0.0134187
-1.38173 -0.992901 320.013 115.729 -499.646 -0.0177952 1.34469 0.858988 -320.013 140.105 121.414 0.0177952
-1.73247 -1.09531 320.073 128.539 -592.977 -0.0211957 1.62875 0.949237 -320.073 153.901 126.908 0.0211957
-2.0657 -1.1272 320.111 130.621 -675.088 -0.0234192 1.85346 0.963116 -320.111 158.142 131.82 0.0234192
-2.20097 -1.09878 320.137 123.485 -741.548 -0.0242976 2.13605 0.908849 -320.137 153.863 140.449 0.0242976
-2.28949 -1.02878 320.154 110.693 -784.221 -0.0237142 2.24179 0.815313 -320.154 144.074 156.197 0.0237142
-2.34964 -0.950122 320.163 97.2143 -805.807 -0.0216162 2.26412 0.716581 -320.163 133.059 166.339 0.0216162
-2.36095 -0.898369 320.142 87.8176 -811.377 -0.0180128 2.34072 0.642561 -320.142 125.089 159.771 0.0180128
-2.33793 -0.903534 320.092 87.3005 -793.833 -0.0129651 2.3319 0.627609 -320.092 124.254 146.675 0.0129651
-2.25082 -0.98974 320.041 99.1729 -748.556 -0.00659114 2.16987 0.693089 -320.041 133.325 135.899 0.00659114
-2.05265 -1.16352 319.989 124.363 -681.28 0.000932745 1.97533 0.845232 -319.989 153.138 122.988 -0.000932745
-1.78955 -1.42074 319.941 162.043 -596.706 0.00939204 1.74944 1.0767 -319.941 182.934 106.112 -0.00939204
-1.48486 -1.74676 319.894 209.746 -495.931 0.0185514 1.44926 1.37024 -319.894 220.777 89.0698 -0.0185514
-1.10672 -2.11623 319.869 264.836 -380.845 0.0281598 1.12062 1.71429 -319.869 264.208 71.8153 -0.0281598
-0.71415 -2.50029 319.871 322.72 -254.932 0.0379544 0.744003 2.07717 -319.871 309.461 52.3746 -0.0379544
-0.317014 -2.84414 319.897 377.507 -120.726 0.0476671 0.329619 2.43466 -319.897 351.51 30.5049 -0.0476671
0.0712336 -3.11692 319.928 420.976 16.8599 0.057037 -0.0996264 2.71003 -319.928 383.726 6.0852 -0.057037
0.436433 -3.25678 319.954 445.14 149.415 0.0658184 -0.502279 2.86274 -319.954 399.956 -20.1647 -0.0658184
0.767676 -3.22652 319.998 444.981 272.287 0.073776 -0.883839 2.86387 -319.998 396.088 -44.3569 -0.073776
1.06664 -2.96328 320.023 414.713 377.911 0.0806881 -1.2089 2.69851 -320.023 367.171 -63.5948 -0.0806881
1.30673 -2.46703 320.037 349.702 460.671 0.0863562 -1.47601 2.30035 -320.037 308.675 -76.1481 -0.0863562
1.50848 -1.8469 320.049 252.823 518.217 0.0906022 -1.65125 1.60347 -320.049 223.695 -81.5163 -0.0906022
1.65548 -1.15964 320.07 145.746 550.797 0.0932702 -1.75292 0.84321 -320.07 130.893 -79.6956 -0.0932702
1.77616 -0.53587 320.075 54.2339 561.774 0.0942354 -1.78297 0.23403 -320.075 52.155 -69.8472 -0.0942354
1.8624 -0.172417 320.072 -3.33177 555.782 0.0934106 -1.78244 -0.173916 -320.072 3.20408 -52.0543 -0.0934106
1.83616 -0.0871484 320.065 -15.701 532.826 0.0907521 -1.78119 -0.248692 -320.065 -6.525 -32.9644 -0.0907521
1.75496 -0.313864 320.049 18.2423 490.768 0.086266 -1.65449 -0.00850252 -320.049 24.0053 -19.7119 -0.086266
1.53365 -0.824627 320.027 91.4011 431.326 0.0800212 -1.51446 0.479888 -320.027 88.8154 -10.2923 -0.0800212
1.25188 -1.49615 320.007 191.732 354.889 0.0721577 -1.31341 1.17562 -320.007 177.283 -0.684584 -0.0721577
1.00748 -2.23145 319.994 301.259 262.812 0.0628819 -1.00066 1.93255 -319.994 273.811 14.2655 -0.0628819
0.724452 -2.90676 319.994 400.467 160.791 0.0524552 -0.724201 2.61054 -319.994 361.473 38.8058 -0.0524552
0.445273 -3.38928 319.983 471.52 52.29 0.0411896 -0.416026 3.1075 -319.983 425.675 65.961 -0.0411896
0.121384 -3.59662 319.98 501.79 -63.1405 0.029448 -0.0516421 3.33687 -319.98 455.71 86.1091 -0.029448
-0.2243 -3.46412 319.997 483.737 -179.255 0.017633 0.335425 3.25941 -319.997 444.777 100.81 -0.017633
-0.536926 -3.01143 320.008 417.006 -284.612 0.00616325 0.67176 2.84224 -320.008 391.399 116.34 -0.00616325
-0.9123 -2.26857 320.029 306.989 -381.25 -0.00454609 0.916596 2.12944 -320.029 300.418 127.149 0.00454609
-1.27883 -1.3111 320.06 166.671 -472.616 -0.0140983 1.21903 1.22029 -320.06 182.99 125.983 0.0140983
-1.709 -0.261885 320.088 12.168 -559.036 -0.0221357 1.48838 0.208895 -320.088 52.9606 115.679 0.0221357
-2.03038 0.749071 320.117 -138.058 -637.091 -0.0283643 1.79742 -0.785666 -320.117 -73.7391 106.564 0.0283643
-2.18618 1.61456 320.144 -265.233 -697.606 -0.0325715 2.05304 -1.61978 -320.144 -181.25 110.162 0.0325715
-2.33492 2.22809 320.166 -354.706 -736.729 -0.0346387 2.09932 -2.20494 -320.166 -257.294 122.268 0.0346387
-2.45091 2.50897 320.184 -398.052 -766.475 -0.0345486 2.20617 -2.50383 -320.184 -294.004 121.192 0.0345486
-2.56604 2.45904 320.197 -390.803 -787.262 -0.0323718 2.35552 -2.45349 -320.197 -287.408 105.446 0.0323718
-2.63962 2.07553 320.188 -335.086 -788.678 -0.0282536 2.38367 -2.08673 -320.188 -239.526 92.8287 0.0282536
-2.60982 1.38615 320.168 -237.968 -769.279 -0.0224164 2.30221 -1.47091 -320.168 -156.417 88.8314 0.0224164
-2.50519 0.52547 320.144 -110.163 -735.761 -0.0151483 2.18624 -0.616507 -320.144 -47.3978 85.8347 0.0151483
-2.34646 -0.37626 320.106 28.5739 -691.105 -0.00677559 2.06101 0.340429 -320.106 70.5144 80.4668 0.00677559
-2.09955 -1.20838 320.045 153.513 -633.816 0.0023555 1.91771 1.17716 -320.045 176.013 77.1591 -0.0023555
-1.88012 -1.78111 319.998 242.615 -565.478 0.0118953 1.64725 1.78941 -319.998 250.535 76.5882 -0.0118953
-1.65455 -2.02423 319.973 281.762 -492.64 0.0215121 1.38064 2.05628 -319.973 281.807 71.8507 -0.0215121
-1.41327 -1.97587 319.944 268.551 -420.266 0.0309044 1.16237 1.90997 -319.944 268.134 63.0817 -0.0309044
-1.1424 -1.6233 319.938 215.728 -345.314 0.0398018 0.90441 1.53442 -319.938 220.414 61.2978 -0.0398018
-0.834442 -1.08597 319.957 138.184 -269.069 0.04797 0.605853 1.01137 -319.957 151.534 68.9372 -0.04797
-0.550064 -0.418893 319.984 45.8372 -199.663 0.0552198 0.330258 0.420329 -319.984 70.1538 76.979 -0.0552198
-0.309215 0.292467 320.031 -55.8501 -140.103 0.0614121 0.112667 -0.244893 -320.031 -18.2428 80.8311 -0.0614121
-0.122718 0.98338 320.07 -157.026 -92.1619 0.0664541 -0.0620621 -0.921409 -320.07 -105.887 82.8597 -0.0664541
0.0135883 1.59725 320.116 -246.453 -56.2575 0.0702946 -0.208457 -1.51422 -320.116 -183.083 86.0564 -0.0702946
0.106306 1.96758 320.171 -308.705 -34.6757 0.0729262 -0.300095 -1.9844 -320.171 -236.891 89.9681 -0.0729262
0.137199 2.08379 320.203 -328.022 -28.0952 0.0743824 -0.345138 -2.12947 -320.203 -253.654 93.8802 -0.0743824
0.104272 1.88579 320.217 -297.6 -37.2489 0.074727 -0.33487 -1.91699 -320.217 -227.394 97.0456 -0.074727
0.0204789 1.47663 320.224 -227.459 -62.8328 0.074049 -0.252941 -1.38011 -320.224 -166.903 99.6913 -0.074049
-0.11521 0.932116 320.209 -141.228 -103.255 0.0724585 -0.129001 -0.760606 -320.209 -92.4011 104.177 -0.0724585
-0.277549 0.37769 320.174 -60.6652 -156.302 0.070079 0.0352662 -0.223519 -320.174 -22.2431 112.012 -0.070079
-0.486756 -0.0332893 320.143 1.69828 -220.73 0.0670422 0.221564 0.215573 -320.143 32.7755 121.689 -0.0670422
-0.759804 -0.296875 320.11 37.3723 -297.321 0.0634847 0.446262 0.451241 -320.11 66.0431 129.392 -0.0634847
-1.05922 -0.379961 320.054 45.8868 -385.629 0.0595438 0.745741 0.504399 -320.054 76.3446 134.828 -0.0595438
-1.39839 -0.274328 320.027 29.2499 -480.962 0.0553519 1.04405 0.408501 -320.027 65.1567 141.95 -0.0553519
-1.77848 -0.00692186 320.024 -10.6122 -582.164 0.0510299 1.33461 0.162331 -320.024 34.1057 150.348 -0.0510299
-2.15628 0.386772 320.035 -70.4824 -690.724 0.0466834 1.69106 -0.226831 -320.035 -14.12 157.317 -0.0466834
-2.488 0.85663 320.063 -141.807 -797.624 0.0423976 2.05319 -0.697587 -320.063 -72.6757 168.199 -0.0423976
-2.74591 1.34112 320.102 -214.189 -895.9 0.0382283 2.36771 -1.17322 -320.102 -132.869 187.226 -0.0382283
-2.99378 1.74878 320.162 -277.523 -984.306 0.0342004 2.60892 -1.60622 -320.162 -185.614 207.91 -0.0342004
-3.21356 2.0293 320.216 -320.923 -1062.06 0.0303181 2.8508 -1.90176 -320.216 -221.757 221.76 -0.0303181
-3.38963 2.13849 320.244 -337.727 -1124.92 0.0265686 3.07635 -2.01312 -320.244 -235.407 229.032 -0.0265686
-3.49694 2.09388 320.26 -327.987 -1165.97 0.0229244 3.21564 -1.92223 -320.26 -226.436 235.949 -0.0229244
-3.55936 1.95952 320.271 -300.773 -1183.68 0.0193542 3.24087 -1.68783 -320.271 -202.73 241.513 -0.0193542
-3.63198 1.76359 320.265 -269.725 -1184.35 0.0158362 3.20591 -1.46504 -320.265 -175.96 236.993 -0.0158362
-3.60454 1.61322 320.239 -245.075 -1170.5 0.0123676 3.2331 -1.28441 -320.239 -154.905 223.223 -0.0123676
-3.48979 1.55548 320.195 -233.564 -1134.87 0.00896646 3.15478 -1.1903 -320.195 -145.448 214.324 -0.00896646
-3.28203 1.629 320.15 -240.799 -1075.9 0.00566875 2.94348 -1.22022 -320.15 -152.497 213.332 -0.00566875
-3.01093 1.84555 320.117 -269.843 -1001.3 0.00253166 2.71137 -1.40494 -320.117 -178.862 208.36 -0.00253166
-2.73791 2.15202 320.085 -317.718 -916.138 -0.000360784 2.47632 -1.75528 -320.085 -221.684 193.528 0.000360784
-2.3934 2.5092 320.059 -372.691 -818.133 -0.00290263 2.24083 -2.1524 -320.059 -270.869 175.819 0.00290263
-1.98562 2.84711 320.048 -420.993 -702.666 -0.00497337 1.90778 -2.48378 -320.048 -314.988 162.884 0.00497337
-1.60081 3.06035 320.079 -452.948 -573.514 -0.00644146 1.46907 -2.72667 -320.079 -346.021 147.71 0.00644146
-1.2354 3.11772 320.132 -462.002 -443.129 -0.00716736 1.10383 -2.82063 -320.132 -357.867 118.505 0.00716736
-0.874352 3.00481 320.141 -444.981 -311.31 -0.00701175 0.778416 -2.731 -320.141 -346.925 81.7763 0.00701175
-0.496509 2.71504 320.165 -402.069 -173.936 -0.00585491 0.386114 -2.46897 -320.165 -313.646 51.0464 0.00585491
-0.0897529 2.29678 320.237 -338.419 -36.4621 -0.00361214 -0.0210477 -2.05821 -320.237 -262.827 26.2483 0.00361214
0.289581 1.813 320.267 -263.837 92.9977 -0.000234734 -0.398889 -1.56825 -320.267 -202.956 1.61433 0.000234734
0.60746 1.3225 320.244 -189.921 210.819 0.00428842 -0.738865 -1.09633 -320.244 -143.984 -25.1191 -0.00428842
0.865587 0.905798 320.228 -127.35 310.941 0.00992174 -1.00585 -0.700359 -320.228 -94.3432 -52.5151 -0.00992174
1.07815 0.593985 320.201 -81.6626 391.665 0.0165777 -1.21322 -0.420935 -320.201 -58.3944 -75.0777 -0.0165777
1.25125 0.383554 320.148 -53.906 452.791 0.0241196 -1.38655 -0.273985 -320.148 -36.8056 -88.2394 -0.0241196
1.34818 0.231841 320.072 -38.1562 491.072 0.0323593 -1.51892 -0.223461 -320.072 -24.6317 -94.7819 -0.0323593
1.35344 0.132771 320.013 -26.1919 501.604 0.0410562 -1.548 -0.164278 -320.013 -14.7444 -100.546 -0.0410562
1.30718 0.0821873 319.965 -15.4139 485.514 0.049925 -1.45918 -0.0660241 -319.965 -4.96978 -103.132 -0.049925
1.22111 0.0373241 319.926 -9.56176 449.242 0.0586448 -1.34701 -0.022577 -319.926 1.37392 -94.3121 -0.0586448
1.11445 0.0752342 319.916 -12.7008 396.289 0.0668693 -1.22103 -0.0123273 -319.916 0.696073 -73.6107 -0.0668693
0.995148 0.215161 319.941 -29.6941 326.724 0.0742449 -1.02461 -0.0815281 -319.941 -11.1841 -47.8029 -0.0742449
0.810469 0.407819 319.976 -62.2879 243.033 0.0804295 -0.795041 -0.303905 -319.976 -35.8955 -21.5008 -0.0804295
0.572008 0.686385 320.038 -104.861 150.065 0.0851081 -0.544414 -0.573018 -320.038 -68.9437 3.73011 -0.0851081
0.309746 0.998472 320.106 -150.768 52.2613 0.088016 -0.268863 -0.853006 -320.106 -104.787 27.0608 -0.088016
0.0657319 1.23439 320.174 -192.138 -45.3578 0.0889672 0.0191495 -1.15163 -320.174 -137.224 51.0039 -0.0889672
-0.150455 1.39348 320.224 -218.799 -136.232 0.0878592 0.270713 -1.33483 -320.224 -157.827 77.0828 -0.0878592
-0.359962 1.41558 320.243 -224.791 -219.197 0.0846673 0.497492 -1.37657 -320.243 -160.646 99.6168 -0.0846673
-0.604226 1.25139 320.236 -205.934 -293.79 0.079461 0.696607 -1.27171 -320.236 -142.351 112.826 -0.079461
-0.849545 0.956262 320.222 -163.165 -358.791 0.072416 0.895891 -0.976678 -320.222 -103.626 116.306 -0.072416
-1.05341 0.591733 320.174 -105.262 -411.326 0.0637975 1.06992 -0.549063 -320.174 -52.1463 116.557 -0.0637975
-1.18276 0.19729 320.11 -46.9482 -448.879 0.053935 1.1871 -0.150364 -320.11 -0.939084 119.99 -0.053935
-1.22473 -0.0751965 320.059 -2.09787 -470.659 0.043203 1.25354 0.185395 -320.059 38.1998 126.744 -0.043203
-1.26795 -0.170709 320.017 17.275 -479.748 0.0320052 1.25212 0.352201 -320.017 55.049 130.038 -0.0320052
-1.31663 -0.0650511 319.987 3.63862 -480.853 0.0207626 1.26171 0.273757 -319.987 43.2643 123.109 -0.0207626
-1.36758 0.250836 319.982 -41.5485 -474.658 0.00989801 1.26962 -0.0206267 -319.982 4.18307 108.823 -0.00989801
-1.37016 0.617676 320 -105.252 -458.396 -0.000186514 1.23889 -0.514908 -320 -51.0205 96.5012 0.000186514
-1.27623 0.937927 320.03 -162.482 -430.586 -0.00913212 1.16965 -0.970782 -320.03 -100.961 91.2873 0.00913212
-1.14984 1.13419 320.067 -191.178 -393.348 -0.0166344 1.03928 -1.16951 -320.067 -126.809 89.5776 0.0166344
-1.01598 1.06216 320.105 -183.949 -351.253 -0.0224507 0.914721 -1.15436 -320.105 -122.001 83.2535 0.0224507
-0.891579 0.737071 320.14 -140.36 -306.307 -0.0264059 0.808099 -0.90423 -320.14 -86.1634 70.3096 0.0264059
-0.758122 0.316086 320.163 -68.993 -256.794 -0.0283966 0.683489 -0.377712 -320.163 -26.698 56.5402 0.0283966
-0.591864 -0.193373 320.174 9.39777 -202.255 -0.0283955 0.528413 0.154713 -320.174 38.776 46.4833 0.0283955
-0.40658 -0.636305 320.186 75.7791 -145.255 -0.026451 0.357435 0.592612 -320.186 94.0208 38.7905 0.026451
-0.224438 -0.894709 320.17 119.035 -88.0994 -0.0226802 0.190911 0.90252 -320.17 129.237 29.8949 0.0226802
-0.0651723 -1.0386 320.135 135.199 -33.7887 -0.0172593 0.0456816 0.962784 -320.135 141.262 17.7454 0.0172593
0.0801157 -1.06504 320.105 133.463 17.5386 -0.010416 -0.0874024 0.901653 -320.105 138.206 4.96956 0.010416
0.261898 -1.00385 320.061 127.014 68.8175 -0.00242533 -0.213455 0.864896 -320.061 131.128 -3.69649 0.00242533
0.502 -0.973551 320.005 121.777 122.7 0.00639727 -0.347424 0.813877 -320.005 125.134 -5.82622 -0.00639727
0.729418 -0.968382 319.97 120.671 179.653 0.0157095 -0.533393 0.793048 -319.97 122.648 -5.59646 -0.0157095
0.908846 -0.918274 319.953 121.456 235.333 0.0251629 -0.706811 0.840904 -319.953 121.55 -12.445 -0.0251629
1.06966 -0.853783 319.939 114.528 287.711 0.0344222 -0.811664 0.798897 -319.939 113.77 -28.0214 -0.0344222
1.16342 -0.696739 319.957 93.1955 339.316 0.0431801 -0.969457 0.65538 -319.957 93.5976 -44.771 -0.0431801
1.2001 -0.430979 320.007 56.2258 385.841 0.0511684 -1.14552 0.411597 -320.007 60.2059 -61.8063 -0.0511684
1.29795 -0.142476 320.058 9.11419 422.729 0.0581657 -1.19371 0.0562642 -320.058 18.4132 -78.4327 -0.0581657
1.38205 0.161784 320.114 -36.2125 453.492 0.0639993 -1.27689 -0.25752 -320.114 -21.6029 -86.0253 -0.0639993
1.44215 0.386165 320.171 -69.1011 477.171 0.0685459 -1.38962 -0.481832 -320.171 -50.6722 -85.7963 -0.0685459
1.48169 0.463914 320.198 -82.9855 487.217 0.0717357 -1.41106 -0.593419 -320.198 -62.9321 -87.4 -0.0717357
1.44191 0.399983 320.195 -73.798 483.05 0.0735515 -1.39737 -0.533048 -320.195 -54.9555 -90.6193 -0.0735515
1.38488 0.277182 320.174 -47.2334 467.44 0.0740171 -1.35341 -0.294857 -320.174 -31.6726 -88.9865 -0.0740171
1.3593 0.105387 320.128 -18.8793 442.394 0.073187 -1.2746 -0.0785217 -320.128 -6.43131 -78.4189 -0.073187
1.32356 -0.0229757 320.069 -1.16905 409.409 0.0711465 -1.20665 0.0411816 -320.069 10.1136 -59.8417 -0.0711465
1.31455 -0.0669193 320.017 3.14346 369.802 0.0680084 -1.08655 0.066947 -320.017 15.4286 -38.1677 -0.0680084
1.26395 -0.0102462 319.981 -4.32934 326.432 0.0639046 -0.971686 0.0356076 -319.981 10.7504 -17.754 -0.0639046
1.14512 0.162447 319.951 -24.3595 281.225 0.0589821 -0.867466 -0.0486264 -319.951 -4.69449 -3.44674 -0.0589821
0.989713 0.435253 319.953 -60.7847 234.194 0.0534072 -0.72281 -0.252683 -319.953 -34.1138 2.06138 -0.0534072
0.792264 0.792498 319.982 -113.486 187.826 0.0473668 -0.593049 -0.591655 -319.982 -77.5459 3.16834 -0.0473668
0.676934 1.22538 320.024 -176.646 146.435 0.0410564 -0.437812 -0.996827 -320.024 -130.105 7.12279 -0.0410564
0.704285 1.64558 320.074 -241.155 117.295 0.0346654 -0.296316 -1.43518 -320.074 -184.146 20.433 -0.0346654
0.749619 1.95732 320.136 -294.166 105.544 0.028371 -0.299262 -1.83159 -320.136 -228.918 38.8044 -0.028371
0.796415 2.15007 320.183 -323.487 106.707 0.0223397 -0.301638 -2.0323 -320.183 -253.928 44.4265 -0.0223397
0.859693 2.16355 320.213 -325.075 121.547 0.0167302 -0.255846 -2.04358 -320.213 -255.759 32.048 -0.0167302
0.920603 2.01175 320.235 -302.236 159.11 0.0116892 -0.331654 -1.89785 -320.235 -237.517 13.4582 -0.0116892
0.938931 1.72511 320.242 -260.369 216.836 0.00734198 -0.556971 -1.63821 -320.242 -203.953 -10.4861 -0.00734198
1.03523 1.3578 320.221 -205.338 283.814 0.0037912 -0.690123 -1.28601 -320.221 -159.636 -45.611 -0.0037912
1.14388 0.933453 320.191 -142.32 358.123 0.00111971 -0.853725 -0.885517 -320.191 -108.762 -82.1411 -0.00111971
1.26796 0.458962 320.159 -74.6026 438.782 -0.000618183 -1.10425 -0.47261 -320.159 -53.9478 -110.891 0.000618183
1.49715 -0.0235168 320.104 -3.74698 518.478 -0.00140656 -1.28074 -0.0239494 -320.104 3.76744 -134.397 0.00140656
1.73962 -0.502474 320.038 67.3612 595.719 -0.00126513 -1.4713 0.433844 -320.038 62.0053 -151.685 0.00126513
1.92719 -0.882806 319.99 130.328 669.057 -0.000249676 -1.72255 0.882079 -319.99 113.447 -164.285 0.000249676
2.09087 -1.11915 319.944 170.365 730.267 0.00154655 -1.88704 1.16928 -319.944 145.7 -180.049 -0.00154655
2.22074 -1.18276 319.914 177.502 778.198 0.00400558 -1.99298 1.1906 -319.914 150.287 -195.311 -0.00400558
2.33393 -1.06591 319.922 154.794 816.6 0.00699433 -2.12222 0.993408 -319.922 129.63 -200.16 -0.00699433
2.4167 -0.762651 319.945 111.316 842.727 0.0103651 -2.25738 0.706139 -319.945 91.5651 -196.15 -0.0103651
2.448 -0.360346 319.975 53.0179 849.245 0.0139649 -2.30736 0.323022 -319.975 41.4097 -191.437 -0.0139649
2.46281 0.125307 320.032 -16.0294 836.501 0.0176498 -2.2537 -0.116474 -320.032 -17.2897 -184.083 -0.0176498
2.47787 0.667029 320.103 -91.5961 812.163 0.021287 -2.19952 -0.584186 -320.103 -81.1074 -165.217 -0.021287
2.46302 1.17441 320.16 -167.454 778.299 0.0247549 -2.17377 -1.08792 -320.16 -144.866 -137.057 -0.0247549
2.42902 1.44683 320.204 -225.074 732.61 0.0279517 -2.07185 -1.57846 -320.204 -192.595 -110.254 -0.0279517
2.34227 1.37692 320.232 -231.2 678.342 0.0308036 -1.93008 -1.718 -320.232 -196.082 -87.6699 -0.0308036
2.19179 0.852129 320.227 -160.674 620.841 0.0332635 -1.80954 -1.28057 -320.227 -133.739 -67.7318 -0.0332635
2.03666 -0.248922 320.17 -9.11464 560.739 0.0353102 -1.64435 -0.329765 -320.17 -1.96962 -52.0052 -0.0353102
1.82867 -1.6945 320.083 206.377 498.903 0.0369539 -1.48857 1.13773 -320.083 184.787 -40.5452 -0.0369539
1.59677 -3.12642 319.987 440.309 433.57 0.0382319 -1.30376 2.86583 -319.987 387.202 -32.9027 -0.0382319
1.36172 -4.3324 319.897 628.067 363.044 0.0391935 -1.07055 4.19543 -319.897 549.566 -27.181 -0.0391935
1.10797 -4.99478 319.813 723.268 291.277 0.0398936 -0.861951 4.82476 -319.813 632.731 -19.3996 -0.0398936
0.883278 -4.87291 319.77 711.156 220.224 0.0403939 -0.638651 4.79907 -319.77 624.47 -10.3467 -0.0403939
0.729767 -4.20312 319.783 600.774 154.095 0.0407569 -0.395585 4.00248 -319.783 532.374 0.895186 -0.0407569
0.598676 -3.03358 319.824 423.277 99.7434 0.0410303 -0.240702 2.80458 -319.824 382.97 15.6514 -0.0410303
0.512717 -1.67184 319.881 218.592 59.7201 0.0412381 -0.123305 1.43087 -319.881 209.939 27.519 -0.0412381
0.427212 -0.357696 319.96 21.8992 33.9478 0.0413887 -0.0372378 0.113189 -319.96 43.2236 29.5643 -0.0413887
0.288044 0.821529 320.052 -143.112 22.2167 0.0414856 -0.0264702 -0.917659 -320.052 -96.9368 20.5953 -0.0414856
0.276622 1.65879 320.137 -265.971 24.668 0.0415288 0.044173 -1.73096 -320.137 -201.993 6.84742 -0.0415288
0.34791 2.19793 320.205 -342.791 48.4246 0.0415119 -0.0143535 -2.22912 -320.205 -268.407 1.07457 -0.0415119
0.52847 2.45981 320.264 -374.792 93.9668 0.0414191 -0.171611 -2.40757 -320.264 -297.21 2.26281 -0.0414191
0.758888 2.35963 320.301 -366.088 154.814 0.0412297 -0.350779 -2.40591 -320.301 -291.855 -1.91069 -0.0412297
1.02682 1.96711 320.305 -313.1 230.43 0.04093 -0.537943 -2.10748 -320.305 -249.438 -14.5336 -0.04093
1.33842 1.32854 320.283 -214.34 324.912 0.0405098 -0.798945 -1.44629 -320.283 -168.727 -29.7664 -0.0405098
1.69837 0.488956 320.24 -82.7293 437.082 0.039947 -1.13337 -0.549014 -320.24 -60.5124 -45.8416 -0.039947
1.99698 -0.420637 320.173 58.6981 557.835 0.0392156 -1.54098 0.409922 -320.173 56.0672 -68.8392 -0.0392156
2.20206 -1.27293 320.06 187.003 672.988 0.0382993 -1.9046 1.25289 -320.06 161.844 -105.213 -0.0382993
2.42506 -1.90217 319.96 284.001 776.57 0.0371833 -2.13138 1.90209 -319.96 241.372 -146.449 -0.0371833
2.64065 -2.20573 319.889 333.829 870.364 0.0358491 -2.3947 2.24766 -319.889 281.175 -173.905 -0.0358491
2.93421 -2.11438 319.826 324.446 953.416 0.0342774 -2.63595 2.19576 -319.826 270.774 -182.945 -0.0342774
3.20555 -1.61704 319.803 252.58 1019.41 0.0324444 -2.83233 1.71244 -319.803 207.226 -184.235 -0.0324444
3.3646 -0.794222 319.859 127.745 1065.24 0.0303287 -2.97123 0.849051 -319.859 99.2215 -188.82 -0.0303287
3.45201 0.244708 319.931 -26.7639 1089.72 0.027923 -2.98225 -0.194205 -319.931 -33.7848 -199.641 -0.027923
3.51494 1.29381 320.035 -184.099 1102.38 0.0252404 -2.967 -1.26409 -320.035 -169.047 -205.67 -0.0252404
3.50663 2.18164 320.149 -317.818 1107.71 0.0223128 -3.03088 -2.17672 -320.149 -283.941 -203.312 -0.0223128
3.39071 2.80846 320.232 -408.692 1096.21 0.019194 -3.04138 -2.76985 -320.232 -361.522 -206.381 -0.019194
3.22856 3.06783 320.28 -447.217 1062.23 0.015971 -2.86509 -3.0217 -320.28 -393.585 -219.172 -0.015971
2.96134 2.95421 320.313 -431.746 1012.39 0.0127686 -2.71201 -2.917 -320.313 -378.909 -227.441 -0.0127686
2.67236 2.52426 320.296 -367.766 947.768 0.00973989 -2.54816 -2.47195 -320.296 -322.063 -225.464 -0.00973989
2.43272 1.7849 320.244 -264.646 866.416 0.0070547 -2.27082 -1.80566 -320.244 -231.082 -215.665 -0.0070547
2.13868 0.803553 320.172 -129.033 770.669 0.00488212 -2.01042 -0.943995 -320.172 -112.204 -196.685 -0.00488212
1.85804 -0.2718 320.09 28.51 663.905 0.00336608 -1.71189 0.123453 -320.09 26.1417 -170.138 -0.00336608
1.52771 -1.38382 319.966 190.001 546.354 0.00261902 -1.39202 1.21171 -319.966 168.478 -142.634 -0.00261902
1.14304 -2.36312 319.869 333.035 419.128 0.00272735 -1.04839 2.18776 -319.869 295.449 -116.255 -0.00272735
0.703747 -3.07186 319.813 437.964 283.092 0.00373397 -0.694952 2.91976 -319.813 389.467 -89.9726 -0.00373397
0.255669 -3.44389 319.78 489.323 139.822 0.00561766 -0.317368 3.26727 -319.78 437.468 -61.0136 -0.00561766
-0.155852 -3.43087 319.775 482.444 -4.7435 0.00830933 0.0630519 3.22508 -319.775 436.729 -26.1171 -0.00830933
-0.413617 -3.07059 319.803 425.792 -144.821 0.0117065 0.492296 2.86209 -319.803 393.517 18.7753 -0.0117065
-0.614213 -2.4556 319.88 332.041 -267.618 0.0156658 0.771649 2.25017 -319.88 317.857 74.9879 -0.0156658
-0.84071 -1.60904 319.972 212.08 -377.026 0.0200191 0.976399 1.51176 -319.972 218.966 124.573 -0.0200191
-1.05424 -0.637738 320.064 72.4605 -475.533 0.0246006 1.25973 0.628553 -320.064 102.512 154.25 -0.0246006
-1.37986 0.370024 320.175 -77.0923 -558.57 0.0292503 1.42184 -0.357391 -320.175 -23.2295 169.77 -0.0292503
-1.64278 1.31712 320.285 -218.871 -625.329 0.0338178 1.57317 -1.30498 -320.285 -143.073 179.2 -0.0338178
-1.79582 1.99709 320.351 -328.672 -674.632 0.0381729 1.69582 -2.09346 -320.351 -236.038 190.334 -0.0381729
-1.84163 2.23782 320.37 -376.931 -703.909 0.0422109 1.72964 -2.49743 -320.37 -276.802 208.535 -0.0422109
-1.76467 2.05841 320.347 -346.015 -715.778 0.0458482 1.74894 -2.25789 -320.347 -249.869 228.31 -0.0458482
-1.72356 1.37002 320.284 -242.505 -713.172 0.049019 1.6897 -1.55217 -320.284 -160.874 239.543 -0.049019
-1.66197 0.340686 320.186 -88.2804 -697.994 0.0516838 1.6643 -0.508438 -320.186 -28.8433 236.401 -0.0516838
-1.54165 -0.746307 320.07 85.0431 -665.395 0.053829 1.61986 0.730552 -320.07 119.012 226.616 -0.053829
-1.35841 -1.76976 319.957 240.239 -610.569 0.0554516 1.45888 1.78384 -319.957 250.576 219.422 -0.0554516
-1.19434 -2.49676 319.874 348.808 -540.715 0.0565521 1.2029 2.50242 -319.874 341.617 207.707 -0.0565521
-1.03219 -2.78098 319.821 395.716 -466.572 0.0571359 1.02454 2.83133 -319.821 379.368 180.758 -0.0571359
-0.842354 -2.59639 319.795 372.98 -388.253 0.0572136 0.900065 2.69061 -319.795 357.181 146.044 -0.0572136
-0.643018 -2.00206 319.821 284.512 -299.414 0.0567997 0.665162 2.07217 -319.821 278.183 117.382 -0.0567997
-0.396322 -1.06113 319.893 146.315 -204.075 0.0559064 0.408708 1.13098 -319.893 156.487 91.7491 -0.0559064
-0.138939 0.0464274 319.997 -17.921 -105.992 0.0545464 0.180826 0.0104723 -319.997 13.0625 60.9135 -0.0545464
0.164135 1.1163 320.099 -180.299 -3.17873 0.0527414 -0.0181499 -1.11907 -320.099 -128.263 27.6736 -0.0527414
0.479925 1.99644 320.219 -310.885 106.172 0.0505183 -0.278041 -2.01864 -320.219 -243.43 -1.92813 -0.0505183
0.844822 2.549 320.308 -391.576 225.485 0.0479017 -0.586084 -2.5832 -320.308 -317 -28.0548 -0.0479017
1.2578 2.80864 320.348 -419.659 353.592 0.0449132 -0.901737 -2.73558 -320.348 -345.816 -55.2758 -0.0449132
1.65618 2.78 320.365 -406.691 488.419 0.0415791 -1.25696 -2.62674 -320.365 -339.807 -85.7579 -0.0415791
2.05744 2.50843 320.373 -366.725 626.819 0.0379438 -1.61416 -2.39558 -320.373 -310.36 -119.133 -0.0379438
2.40886 2.1339 320.317 -306.097 765.884 0.0340689 -2.0079 -1.98842 -320.317 -263.056 -155.007 -0.0340689
2.75342 1.6563 320.241 -232.269 899.671 0.0300304 -2.35907 -1.50608 -320.241 -204.337 -192.436 -0.0300304
3.05443 1.07748 320.169 -150.005 1024.05 0.0259203 -2.70252 -1.00922 -320.169 -138.072 -227.557 -0.0259203
3.29106 0.469162 320.078 -61.0354 1133 0.0218365 -3.03651 -0.443963 -320.078 -64.9952 -257.483 -0.0218365
3.48365 -0.231093 319.954 35.0344 1218.41 0.017874 -3.2715 0.131668 -319.954 15.1103 -283.659 -0.017874
3.58634 -0.872463 319.878 133.363 1275.27 0.0141281 -3.43353 0.804014 -319.878 98.1826 -303.839 -0.0141281
3.63653 -1.39864 319.837 217.176 1301.1 0.0106852 -3.4987 1.40387 -319.837 169.856 -313.691 -0.0106852
3.61756 -1.75712 319.794 267.074 1295.36 0.00761814 -3.49445 1.71931 -319.794 213.014 -311.173 -0.00761814
3.50288 -1.76716 319.799 271.276 1255.78 0.00498527 -3.40836 1.77212 -319.799 217.492 -299.407 -0.00498527
3.30882 -1.43135 319.862 223.351 1180.75 0.00282255 -3.18818 1.47525 -319.862 178.057 -281.733 -0.00282255
3.01375 -0.77849 319.936 124.455 1073.82 0.00114786 -2.89139 0.817877 -319.936 96.0338 -256.747 -0.00114786
2.64552 0.121252 320.011 -11.426 939.743 -3.24138e-05 -2.53385 -0.080665 -320.011 -16.3925 -223.164 3.24138e-05
2.23502 1.09254 320.114 -161.028 783.149 -0.000724937 -2.10255 -1.0829 -320.114 -139.295 -183.135 0.000724937
1.80449 1.96385 320.194 -295.102 610.85 -0.000949388 -1.61695 -1.97296 -320.194 -248.428 -137.704 0.000949388
1.31112 2.57067 320.246 -388.878 430.674 -0.000734145 -1.15489 -2.58065 -320.246 -322.346 -89.843 0.000734145
0.715391 2.82811 320.267 -427.472 242.463 -9.99075e-05 -0.685901 -2.79179 -320.267 -348.447 -49.0477 9.99075e-05
0.128557 2.69887 320.264 -409.248 51.3216 0.000957141 -0.125563 -2.62674 -320.264 -326.028 -16.7133 -0.000957141
-0.444605 2.22605 320.275 -340.674 -136.373 0.00246039 0.412089 -2.14105 -320.275 -262.241 17.1912 -0.00246039
-0.936646 1.55323 320.196 -239.988 -314.698 0.00444731 0.898348 -1.42669 -320.196 -171.376 60.027 -0.00444731
-1.33027 0.815093 320.115 -130.723 -475.696 0.00696985 1.30748 -0.655961 -320.115 -72.2853 109.788 -0.00696985
-1.7401 0.0901736 320.087 -30.0739 -627.022 0.010085 1.68006 0.00781036 -320.087 18.8252 152.723 -0.010085
-2.14151 -0.520977 320.061 52.9095 -767.816 0.0138521 2.07971 0.542934 -320.061 94.1275 182.599 -0.0138521
-2.46626 -0.958724 319.996 116.222 -885.916 0.0183236 2.41766 0.978317 -319.996 151.382 208.931 -0.0183236
-2.68728 -1.28364 319.977 156.886 -975.966 0.0235118 2.62961 1.21718 -319.977 188.57 238.983 -0.0235118
-2.82626 -1.49882 319.994 180.529 -1037.67 0.0293738 2.72555 1.3319 -319.994 210.481 268.092 -0.0293738
-2.90433 -1.5272 319.993 190.861 -1075.62 0.0358169 2.78728 1.44942 -319.993 220.297 286.639 -0.0358169
-2.85919 -1.45392 319.999 182.215 -1088.23 0.0426965 2.8511 1.40869 -319.999 213.199 296.63 -0.0426965
-2.74215 -1.25839 320.029 151.077 -1068.43 0.0498107 2.75298 1.18217 -320.029 186.06 306.565 -0.0498107
-2.56147 -0.888797 320.065 100.838 -1018.97 0.0569101 2.54104 0.867291 -320.065 141.784 311.394 -0.0569101
-2.32937 -0.451834 320.1 36.4095 -947.654 0.063722 2.32917 0.425094 -320.1 84.8126 301.531 -0.063722
-2.10043 -0.0465753 320.135 -29.9591 -858.002 0.0699735 2.07313 -0.0783599 -320.135 25.701 279.048 -0.0699735
-1.86812 0.294931 320.158 -80.3698 -751.71 0.0754047 1.74802 -0.432943 -320.158 -20.0093 249.967 -0.0754047
-1.5183 0.440732 320.166 -101.47 -631.41 0.0797758 1.45274 -0.595306 -320.166 -41.4646 219.013 -0.0797758
-1.09762 0.341321 320.162 -87.9606 -497.659 0.0828727 1.10512 -0.542101 -320.162 -33.905 191.639 -0.0828727
-0.693808 0.00662361 320.122 -38.218 -355.203 0.0845135 0.670395 -0.241059 -320.122 4.13234 165.275 -0.0845135
-0.304187 -0.493932 320.065 41.0448 -212.3 0.0845588 0.294962 0.288397 -320.065 67.0913 128.334 -0.0845588
-0.00971049 -1.04839 320.049 131.623 -73.617 0.0829265 -0.0575962 0.91927 -320.049 140.182 79.3227 -0.0829265
0.289502 -1.58023 319.994 213.55 61.1451 0.0795982 -0.372345 1.45509 -319.994 205.675 29.6535 -0.0795982
0.621774 -1.91136 319.93 268.669 189.812 0.0746223 -0.681163 1.83363 -319.93 248.544 -10.2001 -0.0746223
0.940594 -1.95547 319.948 283.445 310.373 0.0681138 -1.0253 1.96103 -319.948 257.447 -38.9623 -0.0681138
1.18714 -1.69291 319.965 249.439 408.317 0.0602489 -1.26968 1.7408 -319.965 224.784 -68.8939 -0.0602489
1.34084 -1.11552 319.958 167.623 481.789 0.0512644 -1.40545 1.19815 -319.958 151.938 -102.203 -0.0512644
1.49175 -0.28374 320.024 48.5938 536.825 0.041455 -1.46057 0.414877 -320.024 47.9533 -128.639 -0.041455
1.63645 0.669576 320.107 -91.8843 581.111 0.0311507 -1.55257 -0.530473 -320.107 -73.744 -140.133 -0.0311507
1.73409 1.56639 320.143 -230.581 612.775 0.0206973 -1.65059 -1.5058 -320.143 -193.561 -144.703 -0.0206973
1.76929 2.32171 320.187 -343.304 627.73 0.0104511 -1.65731 -2.26847 -320.187 -290.446 -153.818 -0.0104511
1.74595 2.8074 320.23 -413.898 628.558 0.000762429 -1.60066 -2.73066 -320.23 -350.739 -165.666 -0.000762429
1.68682 3.03332 320.232 -441.034 620.897 -0.00804589 -1.56096 -2.86719 -320.232 -373.65 -171.654 0.00804589
1.64686 2.99887 320.221 -433.613 606.36 -0.0156819 -1.51437 -2.79831 -320.221 -366.803 -169.097 0.0156819
1.60445 2.7221 320.212 -398.484 584.12 -0.0218935 -1.45866 -2.59766 -320.212 -336.007 -160.463 0.0218935
1.55394 2.24341 320.185 -334.286 554.072 -0.0264896 -1.37546 -2.20705 -320.185 -280.17 -148.953 0.0264896
1.48847 1.62052 320.141 -241.323 518.043 -0.0293458 -1.27166 -1.57177 -320.141 -199.398 -136.389 0.0293458
1.39421 0.901839 320.092 -130.742 477.536 -0.0303979 -1.16532 -0.79526 -320.092 -103.517 -123.683 0.0303979
1.30098 0.212676 320.043 -24.0894 434.922 -0.0296416 -1.04996 -0.0404559 -320.043 -10.7797 -109.979 0.0296416
1.19888 -0.349071 319.995 58.4819 391.711 -0.0271338 -0.950532 0.519505 -319.995 61.5397 -94.7041 0.0271338
1.09213 -0.704422 319.96 106.6 347.63 -0.022992 -0.847822 0.822245 -319.96 104.294 -79.6524 0.022992
0.985394 -0.832752 319.947 120.097 303.061 -0.0173914 -0.72913 0.887597 -319.947 117.544 -66.3125 0.0173914
0.866776 -0.728083 319.949 103.521 260.085 -0.0105528 -0.62745 0.781819 -319.949 105.063 -53.85 0.0105528
0.697504 -0.459875 319.97 61.0391 217.587 -0.00272835 -0.562051 0.49093 -319.97 70.3448 -43.8439 0.00272835
0.538532 -0.0238462 320.009 -2.88209 172.913 0.00580949 -0.441586 0.0802938 -320.009 17.3579 -37.8386 -0.00580949
0.444893 0.501783 320.054 -81.9139 130.121 0.0147772 -0.292623 -0.444243 -320.054 -48.6184 -28.631 -0.0147772
0.377937 1.05461 320.107 -165.688 94.7225 0.0238834 -0.237388 -1.00699 -320.107 -118.884 -10.1911 -0.0238834
0.357306 1.56859 320.162 -241.063 65.6558 0.032839 -0.197908 -1.49819 -320.162 -182.306 10.4953 -0.032839
0.336287 1.9474 320.198 -296.941 40.2163 0.0413813 -0.140412 -1.86417 -320.198 -229.27 25.0277 -0.0413813
0.230694 2.13814 320.217 -325.195 18.0854 0.0492903 -0.134502 -2.0485 -320.217 -252.806 31.7125 -0.0492903
0.137168 2.12761 320.221 -322.492 -2.27202 0.056392 -0.0845542 -2.01906 -320.221 -249.988 32.22 -0.056392
0.0575137 1.94865 320.198 -292.554 -20.1782 0.0625583 -0.0456052 -1.79216 -320.198 -223.884 33.7117 -0.0625583
-0.0282912 1.64535 320.164 -245.152 -36.426 0.0677069 -0.0637847 -1.45497 -320.164 -182.845 40.5779 -0.0677069
-0.0616704 1.29038 320.131 -191.368 -56.0999 0.0717979 -0.0203612 -1.08455 -320.131 -136.465 49.594 -0.0717979
-0.0680086 0.924381 320.091 -139.812 -78.2655 0.0748208 0.0483157 -0.75409 -320.091 -91.8507 61.3394 -0.0748208
-0.118671 0.61415 320.056 -94.8485 -101.193 0.0767817 0.0609998 -0.455542 -320.056 -52.7512 75.4533 -0.0767817
-0.172335 0.388476 320.034 -61.0909 -127.499 0.0776983 0.119732 -0.222567 -320.034 -23.1764 86.1715 -0.0776983
-0.233939 0.23339 320.022 -42.0052 -156.388 0.0775977 0.210318 -0.115675 -320.022 -6.08668 93.9789 -0.0775977
-0.296508 0.141271 320.02 -34.5475 -183.504 0.0765085 0.269472 -0.102162 -320.02 1.04231 104.22 -0.0765085
-0.356518 0.103561 320.029 -31.6103 -209.181 0.0744574 0.314714 -0.0952961 -320.029 4.26098 115.298 -0.0744574
-0.423353 0.105959 320.054 -30.3069 -235.602 0.0714781 0.387793 -0.0692716 -320.054 6.22095 122.339 -0.0714781
-0.500559 0.138014 320.079 -33.3113 -261.834 0.0676205 0.476796 -0.0710552 -320.079 4.55377 125.566 -0.0676205
-0.565133 0.189968 320.106 -43.0118 -284.985 0.0629501 0.561435 -0.143733 -320.106 -2.95438 128.067 -0.0629501
-0.625586 0.294387 320.136 -58.3026 -303.369 0.0575486 0.620545 -0.240475 -320.136 -15.4398 129.905 -0.0575486
-0.694821 0.427454 320.159 -77.3551 -317.808 0.0515173 0.672741 -0.3605 -320.159 -31.3344 127.555 -0.0515173
-0.756704 0.568076 320.171 -98.2392 -328.268 0.044978 0.741436 -0.499002 -320.171 -48.9922 119.978 -0.044978
-0.817352 0.686813 320.174 -117.119 -332.684 0.0380698 0.783231 -0.633928 -320.174 -65.1388 110.257 -0.0380698
-0.865682 0.763786 320.169 -129.053 -330.535 0.0309452 0.795801 -0.718682 -320.169 -75.5371 99.7207 -0.0309452
-0.889584 0.773321 320.152 -130.682 -323.177 0.0237666 0.807583 -0.733528 -320.152 -77.2746 87.4684 -0.0237666
-0.911384 0.702188 320.128 -120.966 -311.387 0.0167057 0.798852 -0.677433 -320.128 -69.4232 73.9169 -0.0167057
-0.923141 0.562845 320.101 -100.689 -296.129 0.00994023 0.779138 -0.548252 -320.101 -52.6228 59.8073 -0.00994023
-0.929808 0.371926 320.074 -72.6324 -278.994 0.003651 0.752215 -0.366447 -320.074 -29.2128 45.5219 -0.003651
-0.942896 0.156074 320.052 -41.0671 -261.849 -0.00198291 0.715176 -0.16236 -320.052 -2.7924 31.736 0.00198291
-0.949299 -0.0457746 320.038 -10.874 -246.626 -0.00679071 0.685599 0.0377531 -320.038 22.5179 19.758 0.00679071
-0.947532 -0.200882 320.035 12.8902 -234.585 -0.0106157 0.658469 0.198983 -320.035 42.4342 11.7402 0.0106157
-0.95005 -0.293186 320.041 26.3646 -227.299 -0.0133224 0.627016 0.285966 -320.041 53.7161 8.46782 0.0133224
-0.963178 -0.309028 320.055 28.4346 -227.434 -0.0148067 0.61433 0.297784 -320.055 55.4655 8.54148 0.0148067
-0.984107 -0.258106 320.075 20.4131 -236.33 -0.015002 0.634045 0.242775 -320.075 48.8601 11.8042 0.015002
-0.979181 -0.160752 320.096 5.19671 -251.976 -0.0138834 0.684103 0.139537 -320.096 36.3788 21.1749 0.0138834
-0.975978 -0.0580348 320.114 -12.726 -271.747 -0.0114766 0.711377 0.00689535 -320.114 21.8032 37.5599 0.0114766
-1.01385 0.0272262 320.128 -27.7977 -297.087 -0.00785995 0.733178 -0.103245 -320.128 9.89423 54.5874 0.00785995
-1.1233 0.0739253 320.135 -35.8561 -331.693 -0.00315553 0.798199 -0.155567 -320.135 4.28087 65.0206 0.00315553
-1.25394 0.0541609 320.132 -34.9947 -374.679 0.00247576 0.929301 -0.152725 -320.132 6.54255 71.7737 -0.00247576
-1.37271 -0.0337642 320.12 -24.3193 -420.313 0.00883497 1.04691 -0.0853469 -320.12 17.3136 84.6615 -0.00883497
-1.46846 -0.17857 320.105 -4.12019 -466.659 0.0156909 1.13455 0.0529341 -320.105 36.2055 105.563 -0.0156909
-1.54954 -0.372701 320.087 23.1257 -515.993 0.0227934 1.25174 0.237324 -320.087 61.2288 127.392 -0.0227934
-1.67202 -0.606125 320.068 55.0638 -568.745 0.0298888 1.38309 0.445978 -320.068 90.3358 144.966 -0.0298888
-1.83407 -0.882702 320.052 91.3337 -623.517 0.036735 1.52619 0.669858 -320.052 123.172 157.479 -0.036735
-2.00047 -1.18506 320.035 133.099 -677.793 0.0431139 1.68227 0.941832 -320.035 160.715 167.111 -0.0431139
-2.14569 -1.49471 320.027 179.046 -728.075 0.0488392 1.8233 1.26033 -320.027 201.506 177.757 -0.0488392
-2.26553 -1.78343 320.008 222.315 -772.213 0.0537627 1.92967 1.56299 -320.008 239.898 190.556 -0.0537627
-2.37432 -2.02482 320.005 256.004 -811.493 0.0577816 2.02545 1.7837 -320.005 270.019 201.499 -0.0577816
-2.48369 -2.16204 320.011 276.096 -846.431 0.0608447 2.12355 1.92391 -320.011 288.236 207.715 -0.0608447
-2.57359 -2.16454 320.008 278.722 -875.331 0.0629513 2.21587 1.96233 -320.008 291.261 211.396 -0.0629513
-2.62435 -2.03179 320.013 260.29 -895.113 0.064146 2.26917 1.85072 -320.013 275.952 216.765 -0.064146
-2.6374 -1.75979 320.029 220.729 -904.969 0.0645106 2.27584 1.59163 -320.029 242.179 223.87 -0.0645106
-2.63133 -1.34977 320.046 163.264 -906.946 0.0641534 2.26178 1.22771 -320.046 192.775 228.619 -0.0641534
-2.66885 -0.848857 320.062 92.2002 -904.58 0.0631993 2.21854 0.770561 -320.062 131.546 227.052 -0.0631993
-2.71803 -0.306567 320.084 13.8615 -901.247 0.0617846 2.2011 0.256451 -320.084 64.0134 219.358 -0.0617846
-2.73024 0.2127 320.102 -62.2891 -896.537 0.0600472 2.20156 -0.251444 -320.102 -1.66995 212.921 -0.0600472
-2.70516 0.605595 320.114 -123.739 -888.466 0.0581068 2.15529 -0.68754 -320.114 -54.6897 214.717 -0.0581068
-2.66503 0.835934 320.125 -157.991 -880.396 0.0560486 2.09235 -0.91971 -320.125 -84.3034 220.884 -0.0560486
-2.63781 0.833965 320.132 -158.447 -877.468 0.0539211 2.07827 -0.92832 -320.132 -84.7639 223.659 -0.0539211
-2.65117 0.592492 320.126 -124.575 -880.117 0.0517398 2.09167 -0.713257 -320.126 -55.5959 222.61 -0.0517398
-2.64993 0.168667 320.113 -61.1906 -885.148 0.0494843 2.12696 -0.282735 -320.113 -1.00924 222.927 -0.0494843
-2.6351 -0.384965 320.101 20.8858 -889.757 0.0470994 2.14034 0.270193 -320.101 69.7121 227.716 -0.0470994
-2.57849 -0.975007 320.085 108.076 -892.813 0.0445039 2.16568 0.855234 -320.085 144.781 235.07 -0.0445039
-2.49603 -1.48873 320.066 186.177 -892.014 0.0416053 2.19337 1.39341 -320.066 211.931 241.82 -0.0416053
-2.47168 -1.85918 320.051 241.924 -886.182 0.0383179 2.16763 1.77265 -320.051 259.702 242.91 -0.0383179
-2.47758 -2.01811 320.041 266.135 -877.38 0.0345829 2.17345 1.9378 -320.041 280.242 232.521 -0.0345829
-2.44536 -1.94014 320.031 255.748 -862.011 0.0303828 2.21465 1.87248 -320.031 270.841 215.965 -0.0303828
-2.34971 -1.64784 320.022 213.113 -831.532 0.0257441 2.17207 1.58505 -320.022 233.425 204.65 -0.0257441
-2.20033 -1.17827 320.027 145.08 -784.699 0.0207336 2.04065 1.13062 -320.027 173.868 196.691 -0.0207336
-2.04561 -0.558976 320.046 59.161 -726.915 0.0154617 1.89854 0.583208 -320.046 98.683 180.029 -0.0154617
-1.89517 0.13276 320.061 -38.4471 -661.088 0.0100903 1.77912 -0.0531882 -320.061 12.896 151.636 -0.0100903
-1.74078 0.824687 320.086 -140.054 -583.057 0.00482643 1.59765 -0.745629 -320.086 -76.6571 120.178 -0.00482643
-1.59738 1.47085 320.12 -233.141 -496.809 -9.80245e-05 1.34362 -1.37243 -320.12 -159.349 89.0222 9.80245e-05
-1.40375 2.00069 320.15 -307.497 -408.206 -0.00443826 1.13003 -1.86582 -320.15 -226.286 56.8732 0.00443826
-1.18332 2.32374 320.18 -356.421 -317.118 -0.00794419 0.899624 -2.21951 -320.18 -270.813 28.2562 0.00794419
-0.971572 2.43077 320.191 -371.94 -227.163 -0.0103873 0.629758 -2.338 -320.191 -286.436 5.00634 0.0103873
-0.716405 2.30701 320.199 -351.605 -143.146 -0.0115809 0.419347 -2.20493 -320.199 -271.309 -14.5386 0.0115809
-0.466718 1.96045 320.203 -300.217 -66.3861 -0.0113814 0.213397 -1.87454 -320.203 -229.224 -28.2236 0.0113814
-0.202165 1.45709 320.181 -225.214 3.68012 -0.00970392 0.0109907 -1.38345 -320.181 -166.912 -33.6766 0.00970392
0.0775964 0.865874 320.15 -136.676 68.2722 -0.00654005 -0.180424 -0.800447 -320.15 -93.3135 -33.0972 0.00654005
0.298355 0.257337 320.105 -47.0867 124.286 -0.00195472 -0.36777 -0.219746 -320.105 -18.692 -32.6656 0.00195472
0.439728 -0.284441 320.061 32.7294 168.342 0.00392447 -0.518351 0.299501 -320.061 47.9993 -36.3292 -0.00392447
0.467728 -0.682616 320.022 93.2558 196.789 0.0109117 -0.638866 0.706987 -320.022 98.7198 -44.2098 -0.0109117
0.470925 -0.898913 319.988 126.197 207.774 0.0187679 -0.663235 0.930092 -319.988 126.452 -51.3606 -0.0187679
0.444742 -0.916427 319.966 127.644 202.321 0.0272095 -0.662434 0.933385 -319.966 127.878 -49.6463 -0.0272095
0.413574 -0.739403 319.966 100.102 180.958 0.0359176 -0.63238 0.746176 -319.966 105.127 -36.7926 -0.0359176
0.357893 -0.41358 319.981 50.4939 142.328 0.0445495 -0.543617 0.415765 -319.981 64.1221 -18.2016 -0.0445495
0.210796 -0.0357298 320.006 -10.6042 85.6343 0.0527552 -0.412166 -0.0127643 -320.006 13.8753 -0.0963851 -0.0527552
0.0285196 0.276421 320.041 -66.4511 13.6411 0.0601968 -0.195916 -0.433611 -320.041 -31.4895 16.7155 -0.0601968
-0.168241 0.46655 320.086 -98.7633 -66.6642 0.0665615 0.0371046 -0.660219 -320.086 -56.7189 37.4999 -0.0665615
-0.362151 0.56805 320.114 -103.763 -149.094 0.0715739 0.247384 -0.610177 -320.114 -58.8219 63.9254 -0.0715739
-0.558962 0.615635 320.132 -99.2641 -233.869 0.0750108 0.475372 -0.485872 -320.132 -52.7251 89.845 -0.0750108
-0.781339 0.64827 320.153 -105.015 -319.274 0.0767205 0.715905 -0.510219 -320.153 -54.8393 111.138 -0.0767205
-1.07767 0.845169 320.165 -128.333 -403.832 0.0766413 0.922227 -0.606432 -320.165 -71.9922 126.108 -0.0766413
-1.38125 1.19058 320.175 -173.008 -488.336 0.0748111 1.17021 -0.844104 -320.175 -107.828 134.282 -0.0748111
-1.61466 1.45853 320.184 -230.954 -567.935 0.0713559 1.44242 -1.33896 -320.184 -155.21 143.904 -0.0713559
-1.81256 1.61592 320.18 -270.062 -635.657 0.066472 1.60127 -1.69282 -320.18 -186.694 162.215 -0.066472
-1.91034 1.62794 320.171 -264.448 -690.81 0.0604151 1.75196 -1.59431 -320.171 -180.364 182.926 -0.0604151
-1.9267 1.25732 320.136 -214.667 -731.292 0.0534871 1.90369 -1.2872 -320.136 -136.562 200.093 -0.0534871
-1.95298 0.659494 320.093 -129.545 -752.856 0.0460182 1.94324 -0.734232 -320.093 -62.7772 212.504 -0.0460182
-1.94597 0.0457466 320.065 -26.4802 -755.543 0.0383493 1.94426 0.0404831 -320.065 25.8817 216.001 -0.0383493
-1.94456 -0.560205 320.036 65.0918 -741.288 0.0308183 1.8975 0.66434 -320.036 104.125 208.43 -0.0308183
-1.91803 -0.936878 320.011 122.131 -711.137 0.0237446 1.81376 1.04863 -320.011 152.161 193.579 -0.0237446
-1.80771 -1.0616 320.009 136.953 -665.628 0.0174128 1.70799 1.11377 -320.009 163.554 178.014 -0.0174128
-1.64972 -0.929428 320.033 115.405 -605.678 0.0120569 1.52434 0.942353 -320.033 143.18 165.367 -0.0120569
-1.4531 -0.594468 320.05 68.1106 -536.484 0.00784683 1.31746 0.625188 -320.05 100.425 152.04 -0.00784683
-1.24435 -0.172766 320.08 6.34714 -462.463 0.00488438 1.12 0.198979 -320.08 45.1037 134.28 -0.00488438
-1.06322 0.248203 320.111 -56.6425 -385.677 0.00320566 0.902045 -0.245826 -320.111 -11.4583 112.783 -0.00320566
-0.895128 0.599053 320.134 -107.574 -308.717 0.00277956 0.684141 -0.600451 -320.134 -57.9445 89.3069 -0.00277956
-0.691384 0.82914 320.146 -139.917 -233.203 0.00351007 0.501314 -0.821893 -320.146 -87.9517 67.3485 -0.00351007
-0.477529 0.913615 320.145 -151.898 -159.973 0.00524549 0.305151 -0.911857 -320.145 -100.061 50.8966 -0.00524549
-0.249947 0.877518 320.141 -145.959 -91.105 0.00778978 0.12177 -0.879514 -320.141 -96.5514 38.9214 -0.00778978
-0.0179388 0.744649 320.126 -126.066 -27.4814 0.0109175 -0.0250818 -0.756183 -320.126 -81.0696 27.7439 -0.0109175
0.133301 0.551359 320.113 -96.8841 29.4386 0.0143925 -0.183416 -0.569667 -320.113 -57.8081 13.6941 -0.0143925
0.215758 0.343347 320.103 -63.6277 76.9594 0.0179871 -0.299752 -0.342884 -320.103 -31.0287 -6.26221 -0.0179871
0.295329 0.163019 320.092 -32.7148 115.361 0.0214939 -0.343946 -0.118824 -320.092 -6.1041 -27.4732 -0.0214939
0.384156 0.0220579 320.088 -10.312 149.816 0.0247304 -0.413314 0.0316186 -320.088 11.7295 -40.004 -0.0247304
0.476234 -0.0634124 320.082 1.58819 179.977 0.0275413 -0.508208 0.0982514 -320.082 20.831 -44.2881 -0.0275413
0.515829 -0.0831938 320.072 4.35935 200.054 0.0298099 -0.570065 0.110626 -320.072 22.4991 -50.3103 -0.0298099
0.491224 -0.0636993 320.061 0.299427 206.726 0.0314713 -0.557888 0.0737238 -320.061 18.7713 -62.0314 -0.0314713
0.451972 -0.0294171 320.052 -7.41864 203.756 0.0325133 -0.505513 0.00507089 -320.052 12.2759 -71.7028 -0.0325133
0.42413 0.0451457 320.047 -16.8065 196.02 0.0329678 -0.47816 -0.044102 -320.047 4.57813 -71.6013 -0.0329678
0.393949 0.128851 320.046 -29.4507 182.677 0.032905 -0.461428 -0.126216 -320.046 -5.674 -64.7691 -0.032905
0.335918 0.261602 320.053 -47.9413 160.457 0.032429 -0.404292 -0.235744 -320.053 -20.637 -58.4997 -0.032429
0.243931 0.476186 320.068 -75.5318 129.756 0.0316701 -0.31147 -0.383876 -320.068 -43.1301 -53.3786 -0.0316701
0.148708 0.726243 320.088 -113.999 94.324 0.0307735 -0.216159 -0.641342 -320.088 -74.7422 -44.3311 -0.0307735
0.0755157 0.967361 320.111 -156.11 57.3656 0.0298853 -0.138188 -0.955983 -320.111 -109.37 -28.3346 -0.0298853
0.0209284 1.1742 320.128 -188.1 19.4724 0.0291421 -0.0716437 -1.1697 -320.128 -135.45 -7.26777 -0.0291421
-0.0514691 1.24891 320.136 -200.258 -21.1058 0.0286638 -0.00558216 -1.24951 -320.136 -144.626 14.0851 -0.0286638
-0.191267 1.20014 320.138 -190.148 -66.9365 0.028549 0.0625446 -1.15486 -320.138 -134.931 31.094 -0.028549
-0.349609 1.0392 320.12 -163.657 -119.668 0.0288723 0.194949 -0.951611 -320.12 -111.133 43.5605 -0.0288723
-0.485141 0.802077 320.104 -129.201 -175.6 0.0296838 0.347308 -0.715452 -320.104 -80.2347 59.6097 -0.0296838
-0.606228 0.570666 320.092 -94.1257 -231.302 0.0309981 0.449775 -0.464222 -320.092 -48.6643 84.2988 -0.0309981
-0.699058 0.387703 320.081 -66.5037 -288.013 0.032784 0.570255 -0.261691 -320.081 -23.0542 111.405 -0.032784
-0.841469 0.243765 320.073 -50.739 -348.357 0.0349664 0.709902 -0.177158 -320.073 -7.2685 132.654 -0.0349664
-1.03826 0.175486 320.077 -44.1323 -412.066 0.0374369 0.876592 -0.140947 -320.077 0.555517 146.031 -0.0374369
-1.19953 0.145715 320.085 -42.3015 -474.381 0.040062 1.08173 -0.132012 -320.085 4.07145 157.617 -0.040062
-1.31091 0.109581 320.085 -40.939 -528.281 0.0426852 1.23632 -0.137265 -320.085 6.97492 174.664 -0.0426852
-1.4002 0.116755 320.091 -38.3257 -572.464 0.0451301 1.33138 -0.0847557 -320.091 10.623 193.28 -0.0451301
-1.48351 0.124503 320.1 -38.2213 -609.596 0.0472157 1.4464 -0.0678376 -320.1 11.7861 202.943 -0.0472157
-1.57335 0.157502 320.099 -43.9891 -637.821 0.0487798 1.5696 -0.106578 -320.099 7.64876 201.703 -0.0487798
-1.65147 0.255439 320.096 -55.9538 -651.334 0.0496926 1.63485 -0.167147 -320.096 -2.2733 195.406 -0.0496926
-1.69407 0.386614 320.102 -74.7252 -648.617 0.0498611 1.63952 -0.289428 -320.102 -18.5 186.182 -0.0498611
-1.66425 0.509846 320.107 -96.8725 -630.302 0.0492357 1.62823 -0.468281 -320.107 -38.0661 173.597 -0.0492357
-1.58743 0.631633 320.106 -114.616 -595.541 0.0478143 1.55824 -0.592737 -320.106 -54.3254 159.193 -0.0478143
-1.47438 0.721635 320.114 -123.955 -545.86 0.0456418 1.43464 -0.639653 -320.114 -63.8945 142.309 -0.0456418
-1.31991 0.741371 320.117 -125.968 -483.157 0.0428085 1.28844 -0.66176 -320.117 -67.6613 121.274 -0.0428085
-1.12657 0.704907 320.117 -120.933 -408.217 0.0394457 1.10954 -0.648371 -320.117 -65.815 97.911 -0.0394457
-0.87375 0.637285 320.112 -108.374 -320.168 0.0357119 0.884355 -0.569486 -320.112 -58.1468 76.0637 -0.0357119
-0.544402 0.532778 320.106 -91.6626 -218.871 0.0317759 0.619071 -0.472315 -320.106 -47.0137 57.0921 -0.0317759
-0.196401 0.372744 320.107 -72.1072 -107.392 0.0278063 0.300588 -0.38972 -320.107 -33.0693 37.879 -0.0278063
0.162546 0.189345 320.108 -45.2445 12.2726 0.0239693 -0.0421826 -0.236651 -320.108 -13.4756 15.3595 -0.0239693
0.475976 -0.00239577 320.095 -12.7602 133.25 0.0204293 -0.3959 -0.0197452 -320.095 10.4625 -13.2363 -0.0204293
0.778324 -0.210472 320.084 19.3923 251.057 0.017333 -0.712553 0.17438 -320.084 33.8421 -45.3105 -0.017333
1.07334 -0.387055 320.084 46.6813 363.466 0.0147844 -1.02719 0.333451 -320.084 52.8959 -73.2953 -0.0147844
1.38666 -0.499646 320.079 66.3253 467.295 0.0128446 -1.31614 0.457144 -320.079 65.8739 -93.7455 -0.0128446
1.71563 -0.570008 320.063 76.9198 560.4 0.0115446 -1.56381 0.505597 -320.063 71.6816 -107.04 -0.0115446
1.97163 -0.600214 320.067 80.1659 640.259 0.0108739 -1.80907 0.499769 -320.067 71.7983 -117.524 -0.0108739
2.16821 -0.589138 320.069 79.4944 703.119 0.0107751 -1.9682 0.486688 -320.069 69.1317 -131.134 -0.0107751
2.30138 -0.51602 320.059 74.049 749.446 0.0111666 -2.06196 0.475362 -320.059 62.9147 -146.019 -0.0111666
2.39161 -0.376939 320.059 57.9971 782.699 0.0119587 -2.14152 0.39055 -320.059 48.0494 -155.752 -0.0119587
2.44788 -0.163452 320.063 26.9529 802.803 0.0130534 -2.19903 0.181595 -320.063 20.7605 -160.101 -0.0130534
2.44765 0.131487 320.059 -17.0438 807.18 0.0143564 -2.20634 -0.116104 -320.059 -17.0763 -163.481 -0.0143564
2.40423 0.489824 320.062 -68.4045 795.937 0.0157934 -2.14514 -0.4457 -320.062 -60.7069 -166.695 -0.0157934
2.32802 0.89214 320.073 -123.67 772.638 0.0173156 -2.05751 -0.780581 -320.073 -107.235 -166.057 -0.0173156
2.2278 1.29897 320.08 -181.475 739.68 0.0188966 -1.96132 -1.14262 -320.08 -155.595 -160.284 -0.0188966
2.09574 1.69389 320.087 -238.979 697.209 0.020532 -1.84517 -1.51034 -320.087 -203.399 -152.169 -0.020532
1.93134 2.06186 320.101 -291.428 645.428 0.0222372 -1.69597 -1.83529 -320.101 -246.626 -143.789 -0.0222372
1.74384 2.35525 320.12 -334.482 586.142 0.0240421 -1.52561 -2.1064 -320.12 -281.519 -134.033 -0.0240421
1.55627 2.52309 320.129 -362.714 522.534 0.0259792 -1.34955 -2.30201 -320.129 -303.47 -120.768 -0.0259792
1.39042 2.56214 320.136 -370.273 456.788 0.0280727 -1.16594 -2.34735 -320.136 -307.561 -103.419 -0.0280727
1.2256 2.45384 320.143 -355.577 390.764 0.0303287 -1.00079 -2.24031 -320.143 -292.52 -83.1082 -0.0303287
1.06665 2.25169 320.137 -323.878 325.763 0.0327314 -0.837222 -1.99892 -320.137 -262.97 -62.7921 -0.0327314
0.864285 1.99898 320.127 -286.09 261.054 0.0352444 -0.692201 -1.72514 -320.127 -228.056 -46.1966 -0.0352444
0.671715 1.71073 320.119 -249.644 196.49 0.0378093 -0.513357 -1.50497 -320.119 -194.295 -33.0584 -0.0378093
0.539776 1.43962 320.116 -214.153 137.338 0.0403447 -0.340944 -1.28374 -320.116 -161.798 -16.0693 -0.0403447
0.471799 1.13941 320.103 -176.03 88.5799 0.0427463 -0.23881 -1.05941 -320.103 -127.489 9.06855 -0.0427463
0.448714 0.848155 320.088 -133.533 50.1388 0.0448888 -0.176998 -0.769884 -320.088 -89.7893 35.671 -0.0448888
0.41735 0.569158 320.079 -90.5525 18.6889 0.046641 -0.114629 -0.465755 -320.079 -52.2486 54.0891 -0.046641
0.391837 0.290592 320.066 -53.3037 -3.56078 0.047887 -0.0491541 -0.240173 -320.066 -19.8825 63.717 -0.047887
0.351896 0.0900459 320.054 -23.6168 -13.4836 0.048535 -0.0523596 -0.0403582 -320.054 5.71382 68.5397 -0.048535
0.320411 0.0237544 320.052 -6.59089 -13.0025 0.0485206 -0.086507 0.121283 -320.052 20.1615 68.4262 -0.0485206
0.335762 0.0229337 320.055 -9.23663 -4.78272 0.0478172 -0.0982078 0.083085 -320.055 17.6457 63.9637 -0.0478172
0.3452 0.10664 320.063 -27.8234 11.0006 0.0464427 -0.164671 -0.0854721 -320.063 1.39874 58.6989 -0.0464427
0.395583 0.288619 320.077 -52.6132 32.3594 0.0444528 -0.222866 -0.240039 -320.077 -20.2834 52.3829 -0.0444528
0.553033 0.448666 320.09 -77.8448 61.0584 0.0419382 -0.235782 -0.423886 -320.09 -42.5384 47.2695 -0.0419382
0.686298 0.555178 320.107 -97.0424 100.801 0.0390203 -0.375835 -0.58406 -320.107 -60.1673 45.3439 -0.0390203
0.798774 0.582323 320.118 -102.631 146.695 0.0358378 -0.529457 -0.643515 -320.118 -66.5385 36.2906 -0.0358378
0.921466 0.535615 320.121 -92.0203 194.287 0.0325394 -0.591805 -0.560099 -320.121 -59.1836 14.369 -0.0325394
1.02046 0.432657 320.128 -70.9336 248.554 0.0292784 -0.709428 -0.394811 -320.128 -43.2324 -9.85424 -0.0292784
1.14315 0.28806 320.125 -48.5326 309.813 0.0261961 -0.878966 -0.255391 -320.125 -26.4184 -30.6215 -0.0261961
1.29354 0.196316 320.111 -31.0676 372.568 0.0234126 -1.02837 -0.130439 -320.111 -13.9645 -51.8364 -0.0234126
1.38367 0.152028 320.107 -22.8545 432.005 0.0210306 -1.18865 -0.081332 -320.107 -9.28405 -76.5518 -0.0210306
1.45295 0.129901 320.096 -22.9302 484.851 0.0191293 -1.29946 -0.119208 -320.096 -11.3855 -104.391 -0.0191293
1.54586 0.152864 320.082 -25.5104 531.858 0.0177548 -1.36984 -0.143461 -320.082 -15.3272 -128.73 -0.0177548
1.63018 0.153537 320.08 -26.0675 575.098 0.0169184 -1.49276 -0.161047 -320.08 -17.2932 -143.253 -0.0169184
1.71177 0.121121 320.074 -22.4347 610.527 0.0165953 -1.60433 -0.153174 -320.074 -15.3644 -151.933 -0.0165953
1.75658 0.0715605 320.06 -14.2133 632.872 0.0167284 -1.65923 -0.0977007 -320.06 -9.08327 -160.459 -0.0167284
1.74271 -0.00845691 320.055 -3.39383 640.952 0.0172384 -1.68103 -0.0342733 -320.055 -0.0959236 -167.418 -0.0172384
1.70024 -0.0972924 320.052 8.11385 635.065 0.0180331 -1.67302 0.0330477 -320.052 9.95913 -168.511 -0.0180331
1.65258 -0.179758 320.044 19.2359 615.212 0.0190139 -1.63247 0.105078 -320.044 20.1712 -160.887 -0.0190139
1.5988 -0.270073 320.042 29.6762 581.632 0.020083 -1.56469 0.163563 -320.042 30.2792 -144.179 -0.020083
1.49446 -0.364461 320.046 40.7754 533.167 0.0211476 -1.47824 0.230555 -320.046 41.4658 -122.181 -0.0211476
1.33374 -0.445604 320.045 53.0621 467.899 0.0221258 -1.32732 0.331461 -320.045 54.3201 -100.096 -0.0221258
1.12951 -0.492055 320.045 62.8218 387.5 0.0229568 -1.11565 0.43776 -320.045 65.6564 -77.3057 -0.0229568
0.902307 -0.514658 320.06 64.884 296.373 0.0236051 -0.888962 0.46716 -320.06 70.7792 -49.0613 -0.0236051
0.681454 -0.461083 320.062 56.6659 197.26 0.0240562 -0.641964 0.436613 -320.062 67.386 -14.7789 -0.0240562
0.476077 -0.3222 320.073 37.5573 93.9169 0.0243141 -0.369825 0.343521 -320.073 54.4669 22.3851 -0.0243141
0.239967 -0.0917542 320.073 4.91182 -10.7748 0.0243966 -0.102155 0.159087 -320.073 29.8285 57.2721 -0.0243966
0.00607868 0.246056 320.084 -42.852 -112.96 0.0243401 0.188789 -0.121703 -320.084 -7.82218 86.7583 -0.0243401
-0.206373 0.590155 320.099 -100.52 -204.909 0.0242081 0.463397 -0.534597 -320.099 -54.68 111.247 -0.0242081
-0.406925 0.902371 320.098 -154.757 -282.625 0.0240829 0.684909 -0.933994 -320.098 -98.7021 130.512 -0.0240829
-0.619009 1.14838 320.101 -189.876 -343.526 0.0240467 0.833137 -1.14587 -320.101 -126.807 141.532 -0.0240467
-0.781455 1.24604 320.116 -202.551 -388.366 0.0241815 0.995744 -1.20832 -320.116 -136.239 141.404 -0.0241815
-0.88347 1.21093 320.118 -196.462 -413.34 0.0245735 1.1138 -1.15583 -320.118 -130.231 135.952 -0.0245735
-0.910967 1.07377 320.113 -176.167 -414.212 0.0253024 1.12819 -1.01983 -320.113 -112.808 131.043 -0.0253024
-0.860527 0.850138 320.116 -144.815 -392.31 0.0264257 1.07444 -0.827069 -320.116 -86.6631 123.579 -0.0264257
-0.763067 0.566605 320.112 -104.062 -350.642 0.0279777 0.979114 -0.573081 -320.112 -53.1947 108.631 -0.0279777
-0.626082 0.260252 320.094 -56.8987 -290.145 0.0299699 0.838378 -0.261145 -320.094 -14.9853 86.6269 -0.0299699
-0.433612 -0.0552682 320.074 -9.44131 -210.911 0.0323886 0.640612 0.0419145 -320.074 22.9698 61.4613 -0.0323886
-0.175929 -0.316103 320.079 31.0782 -113.842 0.0351902 0.380767 0.306751 -320.079 55.0337 36.0713 -0.0351902
0.145951 -0.479258 320.058 59.3781 -0.308411 0.0383031 0.0586866 0.498996 -320.058 75.8044 11.699 -0.0383031
0.498969 -0.527482 320.038 68.2084 123.158 0.0416316 -0.293165 0.542582 -320.038 79.647 -14.1758 -0.0416316
0.859423 -0.435853 320.048 56.9489 251.61 0.0450547 -0.654943 0.452714 -320.048 65.8395 -42.6255 -0.0450547
1.22607 -0.217546 320.058 28.0682 381.125 0.0484222 -1.02206 0.247761 -320.058 36.2693 -70.5418 -0.0484222
1.59536 0.0754837 320.052 -14.0119 508.363 0.0515647 -1.39158 -0.0587503 -320.052 -4.44281 -95.4941 -0.0515647
1.94545 0.398498 320.061 -61.2657 629.17 0.0543076 -1.75917 -0.400133 -320.061 -48.9359 -116.948 -0.0543076
2.25101 0.695624 320.087 -103.482 737.291 0.0564693 -2.0884 -0.697281 -320.087 -88.7836 -137.189 -0.0564693
2.48781 0.900246 320.106 -133.295 826.97 0.0578661 -2.35656 -0.914937 -320.106 -117.284 -156.95 -0.0578661
2.66089 0.974969 320.11 -144.35 894.611 0.0583373 -2.55209 -1.00457 -320.11 -128.926 -173.546 -0.0583373
2.80341 0.922906 320.118 -134.379 939.462 0.0577553 -2.66957 -0.933213 -320.118 -121.856 -182.403 -0.0577553
2.87678 0.76815 320.127 -108.002 960.851 0.0560221 -2.75214 -0.73856 -320.127 -99.9862 -182.224 -0.0560221
2.86297 0.537551 320.114 -73.8471 954.93 0.0530768 -2.75102 -0.50911 -320.114 -70.616 -178.384 -0.0530768
2.75525 0.302605 320.096 -39.4075 919.897 0.0489136 -2.63577 -0.273904 -320.096 -40.1345 -174.208 -0.0489136
2.56392 0.111439 320.083 -10.6227 859.153 0.0435934 -2.44705 -0.0650754 -320.083 -13.6846 -166.064 -0.0435934
2.29103 -0.0140527 320.068 7.09448 776.138 0.0372435 -2.22561 0.0672487 -320.068 4.20167 -151.48 -0.0372435
1.94248 -0.0534073 320.042 11.2599 669.714 0.0300565 -1.93383 0.109469 -320.042 11.3048 -133.689 -0.0300565
1.55466 -0.0218135 320.021 2.83881 542.165 0.022292 -1.54689 0.0591234 -320.021 8.4169 -113.379 -0.022292
1.12662 0.0711783 320.021 -14.4625 399.35 0.0142639 -1.13537 -0.0424651 -320.021 -1.14347 -86.7882 -0.0142639
0.705923 0.198892 320.034 -36.0596 246.861 0.00631524 -0.693463 -0.163094 -320.034 -13.8311 -53.731 -0.00631524
0.268401 0.315402 320.043 -57.7412 89.6507 -0.00119723 -0.256267 -0.2971 -320.043 -26.7348 -17.6419 0.00119723
-0.193855 0.380379 320.072 -73.2149 -68.9624 -0.00791961 0.185356 -0.406067 -320.072 -35.2745 15.8225 0.00791961
-0.628142 0.387435 320.104 -77.7104 -222.111 -0.013528 0.631163 -0.430734 -320.104 -35.1549 47.1133 0.013528
-1.03083 0.344991 320.115 -72.4939 -364.7 -0.0177386 1.03649 -0.368899 -320.115 -25.9671 77.814 0.0177386
-1.38191 0.249456 320.119 -59.389 -492.424 -0.0203141 1.38054 -0.257761 -320.119 -10.5295 109.262 0.0203141
-1.69467 0.127015 320.147 -43.5553 -605.258 -0.0210929 1.67605 -0.14211 -320.147 6.51718 137.85 0.0210929
-1.96759 0.0389151 320.169 -29.4858 -702.538 -0.0199967 1.94365 -0.0199309 -320.169 21.4869 160.28 0.0199967
-2.12566 -0.0106059 320.151 -21.5204 -776.637 -0.0170174 2.17823 0.0516315 -320.151 30.2432 179.994 0.0170174
-2.17617 0.000653365 320.134 -23.174 -820.964 -0.0122314 2.29723 0.0483303 -320.134 29.8874 200.802 0.0122314
-2.16381 0.0976307 320.128 -35.5639 -834.614 -0.00580811 2.28726 -0.0188173 -320.128 19.6146 217.484 0.00580811
-2.08288 0.30454 320.108 -60.5295 -820.734 0.00201154 2.23912 -0.149947 -320.108 -2.09753 221.446 -0.00201154
-1.97531 0.613407 320.077 -101.427 -779.821 0.0109333 2.11536 -0.397959 -320.077 -38.0969 212.566 -0.0109333
-1.85071 1.02818 320.068 -159.077 -713.929 0.0206198 1.89495 -0.77091 -320.068 -89.2198 194.468 -0.0206198
-1.61723 1.55239 320.071 -230.833 -625.357 0.0307099 1.65477 -1.23004 -320.071 -153.249 171.499 -0.0307099
-1.32928 2.1191 320.081 -311.553 -518.762 0.0408378 1.33793 -1.77332 -320.081 -225.804 148.654 -0.0408378
-1.00943 2.60448 320.098 -389.213 -399.868 0.0506452 0.960511 -2.36002 -320.098 -296.184 126.303 -0.0506452
-0.651626 2.99515 320.131 -446.491 -273.918 0.0597962 0.600868 -2.7642 -320.131 -348.666 99.6993 -0.0597962
-0.317937 3.17716 320.148 -471.124 -146.942 0.0679885 0.244248 -2.93638 -320.148 -372.944 68.328 -0.0679885
-0.00698032 3.09029 320.182 -459.086 -22.5613 0.0749649 -0.113349 -2.88811 -320.182 -366.325 36.5413 -0.0749649
0.302498 2.78996 320.21 -412.887 93.9883 0.0805212 -0.441547 -2.59288 -320.21 -330.292 8.30263 -0.0805212
0.613408 2.34525 320.215 -340.367 202.076 0.0845025 -0.75032 -2.09196 -320.215 -272.241 -13.992 -0.0845025
0.884604 1.81953 320.187 -259.703 295.148 0.0867979 -1.01468 -1.56033 -320.187 -206.908 -32.9226 -0.0867979
1.06486 1.31668 320.168 -185.347 366.814 0.087354 -1.21751 -1.08417 -320.168 -146.081 -51.5412 -0.087354
1.17603 0.875324 320.149 -123.89 414.843 0.0861834 -1.33068 -0.713298 -320.149 -95.3863 -68.4858 -0.0861834
1.23217 0.555048 320.111 -76.8461 439.878 0.0833497 -1.37738 -0.407948 -320.111 -56.0428 -79.2619 -0.0833497
1.23096 0.376681 320.066 -47.425 442.894 0.0789589 -1.38153 -0.191764 -320.066 -30.9834 -81.8651 -0.0789589
1.1682 0.320314 320.041 -40.2612 422.828 0.0731598 -1.32007 -0.146544 -320.041 -24.1187 -78.993 -0.0731598
1.03528 0.404951 320.024 -54.8913 379.678 0.0661385 -1.185 -0.246567 -320.024 -34.985 -72.9326 -0.0661385
0.839768 0.621781 320.015 -87.0275 315.85 0.0581088 -0.991012 -0.443657 -320.015 -60.0012 -63.0145 -0.0581088
0.595453 0.914089 320.02 -131.836 234.42 0.049305 -0.753598 -0.730802 -320.02 -95.2019 -48.2669 -0.049305
0.321081 1.23944 320.048 -183.091 139.177 0.0399782 -0.483279 -1.06844 -320.048 -135.491 -28.4342 -0.0399782
0.0273286 1.5365 320.083 -231.561 33.6431 0.0303898 -0.184976 -1.3962 -320.083 -173.292 -4.87787 -0.0303898
-0.284977 1.75696 320.134 -266.895 -78.6357 0.0208025 0.126503 -1.62809 -320.134 -200.416 21.0218 -0.0208025
-0.622215 1.84008 320.177 -282.936 -196.856 0.0114841 0.461249 -1.73895 -320.177 -211.158 46.1971 -0.0114841
-0.959152 1.75397 320.198 -274.929 -315.419 0.00270887 0.799326 -1.69433 -320.198 -201.11 71.2943 -0.00270887
-1.274 1.50032 320.232 -240.624 -428.859 -0.00525983 1.1143 -1.46119 -320.232 -168.193 97.5102 0.00525983
-1.56653 1.08391 320.25 -182.06 -535.904 -0.0121853 1.40645 -1.06512 -320.25 -114.564 123.574 0.0121853
-1.8421 0.549468 320.226 -105.699 -635.903 -0.0178608 1.68226 -0.550328 -320.226 -46.0393 147.212 0.0178608
-2.09222 -0.0250996 320.206 -21.9275 -725.568 -0.0221125 1.9324 0.021891 -320.206 28.5439 167.6 0.0221125
-2.30258 -0.580861 320.17 58.5144 -801.412 -0.0248083 2.14271 0.562819 -320.17 99.5385 185.186 0.0248083
-2.46656 -1.0187 320.104 123.817 -861.337 -0.0258687 2.30676 1.01489 -320.104 157.118 199.681 0.0258687
-2.5846 -1.27175 320.055 163.398 -904.554 -0.0252691 2.42483 1.30288 -320.055 192.248 210.2 0.0252691
-2.65622 -1.31802 320.022 169.943 -930.397 -0.0230388 2.49646 1.34969 -320.022 198.557 216.204 0.0230388
-2.68196 -1.13172 319.988 142.678 -938.019 -0.0192597 2.51608 1.1703 -319.988 175.327 217.549 0.0192597
-2.65906 -0.742021 319.975 86.134 -927.209 -0.0140606 2.48549 0.796568 -319.975 126.452 214.153 0.0140606
-2.57627 -0.207946 319.992 8.05222 -898.035 -0.00760785 2.41002 0.274405 -319.992 58.6841 206.9 0.00760785
-2.44199 0.38827 320.019 -80.3677 -851.045 -9.90933e-05 2.2748 -0.327318 -320.019 -18.3126 197.226 9.90933e-05
-2.25635 0.956795 320.05 -165.364 -787.267 0.00824527 2.0855 -0.912969 -320.05 -92.6907 185.361 -0.00824527
-2.0324 1.42179 320.103 -233.33 -710.184 0.0171929 1.86339 -1.37635 -320.103 -152.92 170.039 -0.0171929
-1.77388 1.70359 320.149 -274.247 -620.524 0.0265064 1.60498 -1.66344 -320.149 -190.559 151.952 -0.0265064
-1.4941 1.76065 320.188 -282.73 -522.861 0.0359468 1.32461 -1.74245 -320.188 -200.869 131.848 -0.0359468
-1.1971 1.58889 320.202 -257.159 -420.197 0.0452779 1.02796 -1.59382 -320.202 -182.203 111.381 -0.0452779
-0.887145 1.21351 320.206 -200.395 -314.006 0.0542659 0.716775 -1.23043 -320.206 -136.958 91.185 -0.0542659
-0.589994 0.679229 320.19 -120.686 -208.457 0.0626751 0.403665 -0.716373 -320.19 -71.9136 70.1259 -0.0626751
-0.321235 0.0621381 320.157 -29.1512 -109.621 0.0702748 0.119415 -0.122358 -320.157 3.78219 47.8641 -0.0702748
-0.052223 -0.566625 320.114 64.6747 -17.2081 0.0768508 -0.143604 0.487879 -320.114 81.0376 29.1061 -0.0768508
0.193298 -1.12556 320.049 148.331 64.0348 0.082206 -0.384103 1.03284 -320.049 149.806 15.1366 -0.082206
0.40313 -1.5384 319.977 211.344 130.315 0.0861618 -0.575999 1.4505 -319.977 201.469 4.45957 -0.0861618
0.61887 -1.76563 319.936 245.672 181.523 0.0885697 -0.683173 1.67257 -319.936 229.18 -2.05993 -0.0885697
0.785501 -1.771 319.909 247.715 220.936 0.0893196 -0.796176 1.68637 -319.909 229.783 -2.79019 -0.0893196
0.903108 -1.56381 319.888 217.803 247.497 0.0883431 -0.869063 1.4872 -319.888 203.582 -2.99873 -0.0883431
0.976531 -1.17372 319.909 160.765 261.239 0.0856188 -0.86752 1.10851 -319.909 154.464 -6.78029 -0.0856188
0.971661 -0.628531 319.957 83.2273 265.998 0.0811807 -0.867605 0.610975 -319.957 88.0197 -12.1768 -0.0811807
0.945416 -0.00864284 320.01 -7.14493 263.961 0.0751195 -0.836655 0.0170074 -320.01 10.7793 -18.0232 -0.0751195
0.914749 0.59438 320.076 -98.9719 257.089 0.0675809 -0.780452 -0.61215 -320.076 -67.5364 -23.1421 -0.0675809
0.871635 1.06841 320.147 -174.961 248.51 0.058766 -0.742532 -1.15692 -320.147 -132.226 -25.757 -0.058766
0.848495 1.35589 320.197 -218.4 239.399 0.0489268 -0.690244 -1.45075 -320.197 -169.056 -27.0718 -0.0489268
0.821819 1.39314 320.224 -222.485 230.835 0.0383627 -0.642396 -1.46612 -320.224 -172.236 -28.8099 -0.0383627
0.783258 1.17418 320.233 -190.211 223.626 0.0274159 -0.604431 -1.24964 -320.233 -144.384 -32.1784 -0.0274159
0.745857 0.759189 320.214 -129.171 218.212 0.0164605 -0.564007 -0.843472 -320.214 -92.0351 -37.5178 -0.0164605
0.724463 0.267712 320.17 -51.6168 215.938 0.00588743 -0.530112 -0.292912 -320.17 -25.7014 -42.8807 -0.00588743
0.725898 -0.228498 320.117 25.1384 218.095 -0.00391145 -0.519995 0.240785 -320.117 39.7559 -46.2339 0.00391145
0.757381 -0.642897 320.059 86.135 225.078 -0.0125632 -0.527015 0.643582 -320.059 91.5995 -47.8904 0.0125632
0.793457 -0.895698 320.002 123.919 236.353 -0.0197335 -0.558197 0.89538 -320.002 123.491 -49.8584 0.0197335
0.832829 -0.958472 319.959 135.333 251.064 -0.0251445 -0.596989 0.982257 -319.959 132.741 -53.7443 0.0251445
0.886789 -0.857814 319.939 120.262 269.253 -0.0285923 -0.640191 0.875811 -319.939 119.214 -58.4763 0.0285923
0.953419 -0.612169 319.939 83.4573 291.565 -0.0299614 -0.711083 0.621289 -319.939 86.9528 -61.7511 0.0299614
1.03731 -0.300867 319.962 34.4044 317.173 -0.0292322 -0.798309 0.267184 -319.962 44.1233 -63.6776 0.0292322
1.11529 0.0136543 320.004 -14.7192 343.698 -0.0264813 -0.892188 -0.0849271 -320.004 1.19511 -66.416 0.0264813
1.17095 0.316455 320.057 -55.6236 368.33 -0.0218701 -0.97758 -0.338737 -320.057 -34.7601 -71.516 0.0218701
1.20272 0.565753 320.11 -88.9202 388.953 -0.0156323 -1.04611 -0.542969 -320.11 -64.0894 -78.2372 0.0156323
1.23276 0.742343 320.16 -116.703 404.594 -0.00806019 -1.09018 -0.744291 -320.16 -88.4902 -83.6066 0.00806019
1.30477 0.818201 320.201 -133.988 417.098 0.000511946 -1.11153 -0.904091 -320.201 -103.746 -83.1972 -0.000511946
1.38629 0.788608 320.219 -131.648 428.342 0.00972432 -1.16195 -0.905104 -320.219 -102.14 -76.2143 -0.00972432
1.43783 0.648763 320.212 -107.33 436.003 0.0192087 -1.21422 -0.720223 -320.212 -81.62 -69.5384 -0.0192087
1.45892 0.373593 320.184 -66.7484 437.373 0.0286076 -1.20757 -0.45056 -320.184 -46.9688 -68.9171 -0.0286076
1.45004 0.0390878 320.139 -16.5669 435.114 0.0375895 -1.18902 -0.110287 -320.139 -3.97476 -70.4507 -0.0375895
1.42361 -0.305749 320.08 36.1415 431.774 0.0458577 -1.20009 0.253982 -320.08 41.2326 -69.245 -0.0458577
1.41313 -0.625733 320.017 83.4912 425.708 0.0531579 -1.18909 0.572048 -320.017 81.9869 -66.1645 -0.0531579
1.39127 -0.91425 319.964 121.719 415.741 0.0592876 -1.16529 0.79997 -319.964 115.071 -62.5301 -0.0592876
1.34469 -1.12829 319.926 151.632 401.846 0.0641015 -1.13826 0.99153 -319.926 141.166 -58.8315 -0.0641015
1.29032 -1.26765 319.903 172.661 383.759 0.067511 -1.08413 1.13948 -319.903 159.808 -55.7649 -0.067511
1.23051 -1.33615 319.904 181.771 362.689 0.0694839 -1.01851 1.19899 -319.904 168.377 -52.0601 -0.0694839
1.14651 -1.31904 319.926 177.415 339.39 0.0700434 -0.97033 1.16393 -319.926 165.529 -47.0616 -0.0700434
1.0451 -1.17312 319.964 158.666 312.045 0.0692604 -0.903599 1.06553 -319.964 150.543 -42.9867 -0.0692604
0.931974 -0.917971 320.011 123.076 279.99 0.0672473 -0.80666 0.851262 -320.011 121.316 -39.9965 -0.0672473
0.801102 -0.617613 320.062 73.0022 244.555 0.0641519 -0.71416 0.488637 -320.062 79.8453 -35.4711 -0.0641519
0.677705 -0.282075 320.114 19.8319 206.321 0.0601487 -0.613337 0.120025 -320.114 35.7861 -28.2725 -0.0601487
0.578906 0.0331615 320.145 -25.3704 166.829 0.0554297 -0.500182 -0.161779 -320.145 -1.45092 -18.1306 -0.0554297
0.474454 0.239412 320.157 -57.0501 127.105 0.0501963 -0.407628 -0.370846 -320.157 -27.1178 -5.69865 -0.0501963
0.369765 0.319334 320.157 -70.8027 87.0065 0.0446479 -0.309913 -0.465365 -320.157 -37.4507 6.36128 -0.0446479
0.263209 0.307177 320.14 -64.8377 46.4516 0.0389775 -0.198497 -0.388839 -320.14 -31.1686 16.7283 -0.0389775
0.160824 0.202231 320.107 -45.3639 7.68639 0.033371 -0.0982586 -0.225184 -320.107 -13.552 27.4268 -0.033371
0.0744255 0.0356175 320.073 -20.8905 -28.0967 0.0280031 -0.0133501 -0.0559835 -320.073 8.346 39.4701 -0.0280031
-0.00457615 -0.111063 320.041 2.68939 -61.2324 0.0230283 0.0608544 0.121174 -320.041 29.4837 51.3709 -0.0230283
-0.082039 -0.244411 320.012 21.169 -92.0543 0.0185813 0.13491 0.242609 -320.012 46.1864 61.1982 -0.0185813
-0.147056 -0.366226 319.995 34.5242 -119.845 0.0147778 0.214672 0.306 -319.995 58.4058 68.9343 -0.0147778
-0.188312 -0.439511 319.994 45.5485 -142.345 0.0117123 0.282317 0.385397 -319.994 68.4649 76.3435 -0.0117123
-0.216216 -0.508718 320.004 54.5724 -158.026 0.0094514 0.316797 0.440591 -320.004 76.6191 83.3697 -0.0094514
-0.234691 -0.564867 320.025 60.9828 -167.355 0.00803119 0.339305 0.472426 -320.025 82.358 87.0161 -0.00803119
-0.248765 -0.602802 320.053 65.3793 -170.787 0.00745564 0.360503 0.494124 -320.053 86.1961 85.5729 -0.00745564
-0.246042 -0.624756 320.082 68.1088 -166.832 0.00769613 0.367718 0.507946 -320.082 88.4063 81.0118 -0.00769613
-0.221801 -0.611324 320.108 67.924 -154.123 0.00869299 0.340775 0.516259 -320.108 87.884 75.4029 -0.00869299
-0.17388 -0.573318 320.127 62.703 -133.357 0.0103564 0.291622 0.479909 -320.127 82.8371 68.0901 -0.0103564
-0.109984 -0.509612 320.137 52.6871 -105.891 0.0125694 0.23151 0.403377 -320.137 73.4876 57.8151 -0.0125694
-0.0349667 -0.435938 320.138 41.3022 -72.0158 0.0151966 0.155501 0.316746 -320.138 62.7359 44.8762 -0.0151966
0.0527993 -0.37588 320.129 32.735 -32.1237 0.0180934 0.0631173 0.252607 -320.129 54.1523 29.9553 -0.0180934
0.152248 -0.360153 320.111 30.1261 12.4236 0.0211162 -0.0405636 0.223629 -320.111 50.5865 13.5633 -0.0211162
0.268616 -0.398843 320.086 35.892 61.4567 0.0241331 -0.15796 0.251759 -320.086 54.0454 -3.07738 -0.0241331
0.399125 -0.47459 320.052 49.4573 113.657 0.0270284 -0.286496 0.346729 -320.052 64.0514 -19.3897 -0.0270284
0.519693 -0.579425 320.027 66.7314 166.999 0.0297043 -0.431153 0.461845 -320.027 77.1465 -35.9884 -0.0297043
0.632814 -0.689994 320.008 83.2716 218.585 0.0320828 -0.563959 0.560555 -320.008 89.5018 -53.4982 -0.0320828
0.767214 -0.770273 319.995 96.1268 267.725 0.0341088 -0.672419 0.640039 -319.995 98.7051 -68.9935 -0.0341088
0.896701 -0.822037 319.992 103.997 314.883 0.0357478 -0.810905 0.681154 -319.992 103.658 -79.0493 -0.0357478
1.02154 -0.856058 320.004 107.492 357.392 0.036982 -0.945402 0.682709 -320.004 105.073 -85.6634 -0.036982
1.11961 -0.869392 320.024 109.326 391.595 0.0378049 -1.04581 0.685008 -320.024 105.396 -92.3878 -0.0378049
1.18099 -0.869031 320.041 110.855 416.393 0.0382207 -1.1187 0.699121 -320.041 105.765 -98.5913 -0.0382207
1.21731 -0.852152 320.061 110.36 431.507 0.0382425 -1.17037 0.70512 -320.061 104.758 -101.525 -0.0382425
1.23933 -0.824086 320.079 105.895 436.374 0.0378905 -1.1974 0.671831 -320.079 100.75 -99.6116 -0.0378905
1.2443 -0.760811 320.085 97.2161 430.198 0.0371881 -1.1943 0.620229 -320.085 93.5667 -93.1984 -0.0371881
1.20943 -0.661819 320.082 84.0408 412.106 0.0361607 -1.16382 0.547206 -320.082 82.9903 -84.1763 -0.0361607
1.13112 -0.535586 320.075 65.6625 381.396 0.0348407 -1.08951 0.434845 -320.075 68.4244 -74.6079 -0.0348407
1.01827 -0.37335 320.063 42.4178 339.339 0.0332715 -0.974399 0.296114 -320.063 50.1127 -64.118 -0.0332715
0.874698 -0.169941 320.046 14.4678 287.906 0.0315091 -0.839814 0.138196 -320.046 28.1718 -51.2025 -0.0315091
0.707271 0.0235797 320.032 -16.5901 228.734 0.0296207 -0.69007 -0.0692657 -320.032 3.86377 -35.9532 -0.0296207
0.519373 0.139059 320.033 -42.0751 162.739 0.0276847 -0.518541 -0.279134 -320.033 -15.5734 -19.7296 -0.0276847
0.298774 0.173361 320.027 -49.6696 91.3732 0.0257869 -0.338826 -0.328893 -320.027 -19.5831 -3.79318 -0.0257869
0.0474462 0.046123 320.03 -32.5463 14.0249 0.02402 -0.138308 -0.210592 -320.03 -2.7991 10.9998 -0.02402
-0.181955 -0.245265 320.04 7.50071 -66.521 0.0224826 0.092671 0.0521256 -320.04 33.6691 27.8006 -0.0224826
-0.333539 -0.667377 320.041 67.0087 -144.19 0.0212754 0.327649 0.445233 -320.041 86.7312 51.9086 -0.0212754
-0.466581 -1.14302 320.051 137.38 -213.499 0.020492 0.473817 0.932083 -320.051 149.267 82.481 -0.020492
-0.602734 -1.5976 320.054 206.06 -278.118 0.0202136 0.618674 1.41737 -320.054 210.369 108.13 -0.0202136
-0.769055 -1.96877 320.048 259.443 -340.059 0.0205114 0.793741 1.77982 -320.048 258.289 122.789 -0.0205114
-0.988293 -2.16516 320.051 288.651 -396.257 0.0214452 0.92347 1.99038 -320.051 285.275 130.68 -0.0214452
-1.15269 -2.15391 320.054 288.345 -445.176 0.0230465 1.06388 2.00929 -320.054 286.641 137.41 -0.0230465
-1.2577 -1.94002 320.048 256.845 -484.977 0.0253054 1.17041 1.80912 -320.048 260.967 147.913 -0.0253054
-1.32831 -1.54117 320.047 198.167 -515.188 0.0281683 1.21921 1.426 -320.047 211.67 161.56 -0.0281683
-1.36836 -1.02431 320.053 121.373 -538.547 0.0315348 1.27626 0.914952 -320.053 146.528 171.458 -0.0315348
-1.41044 -0.468692 320.054 38.715 -555.336 0.0352608 1.33321 0.362044 -320.054 76.1176 174.543 -0.0352608
-1.46596 0.0465802 320.056 -37.2548 -563.814 0.0391679 1.35216 -0.142285 -320.056 11.298 172.729 -0.0391679
-1.47321 0.430914 320.066 -95.1941 -562.913 0.0430468 1.36831 -0.537419 -320.066 -38.3942 168.61 -0.0430468
-1.44038 0.64081 320.074 -126.85 -551.529 0.0466633 1.3474 -0.755961 -320.074 -65.8985 164.675 -0.0466633
-1.38617 0.653903 320.081 -128.355 -530.287 0.0497762 1.28412 -0.767789 -320.081 -67.8356 159.704 -0.0497762
-1.32728 0.465249 320.093 -100.891 -502.471 0.0521561 1.21974 -0.593625 -320.093 -45.2023 148.976 -0.0521561
-1.27086 0.109374 320.104 -48.9016 -469.689 0.0536048 1.16389 -0.258158 -320.104 -1.72963 131.78 -0.0536048
-1.16518 -0.35889 320.103 20.7851 -429.201 0.053971 1.10656 0.201021 -320.103 56.6465 113.902 -0.053971
-1.04226 -0.884302 320.099 98.8469 -378.861 0.0531597 0.973882 0.712767 -320.099 121.797 98.9668 -0.0531597
-0.946671 -1.40122 320.089 174.999 -324.174 0.0511408 0.807136 1.20598 -320.089 185.125 80.6292 -0.0511408
-0.810241 -1.85115 320.067 240.949 -269.599 0.0479599 0.729073 1.62869 -320.067 239.669 55.809 -0.0479599
-0.635231 -2.18875 320.043 290.903 -209.885 0.0437385 0.623687 1.94745 -320.043 280.346 34.9548 -0.0437385
-0.441384 -2.36952 320.011 320.088 -140.895 0.0386581 0.406085 2.1411 -320.011 302.859 22.9233 -0.0386581
-0.232406 -2.36553 319.988 322.978 -69.6641 0.0329512 0.201789 2.16572 -319.988 302.815 8.90893 -0.0329512
-0.100822 -2.18659 319.968 296.982 -4.23233 0.0268976 0.0263105 1.97958 -319.968 278.397 -13.966 -0.0268976
0.00502666 -1.81041 319.961 244.854 55.8261 0.0208076 -0.118247 1.64295 -319.961 232.096 -39.2961 -0.0208076
0.169024 -1.26417 319.961 170.548 112.661 0.014993 -0.24323 1.17977 -319.961 167.015 -56.0942 -0.014993
0.380179 -0.622691 319.991 78.046 168.858 0.00974656 -0.417812 0.569518 -319.991 86.6736 -58.9166 -0.00974656
0.558008 0.0366482 320.034 -20.6928 218.384 0.00532153 -0.615107 -0.108499 -320.034 0.744508 -56.5511 -0.00532153
0.666533 0.632434 320.065 -109.811 253.992 0.00191559 -0.736462 -0.719704 -320.065 -76.8037 -60.3393 -0.00191559
0.715535 1.0836 320.104 -174.62 275.24 -0.000330119 -0.778432 -1.1458 -320.104 -133.13 -68.9684 0.000330119
0.771053 1.30684 320.15 -207.118 288.105 -0.00132916 -0.804858 -1.36336 -320.15 -161.501 -70.4898 0.00132916
0.850263 1.3155 320.174 -205.892 296.003 -0.00105917 -0.863261 -1.34014 -320.174 -160.716 -59.39 0.00105917
0.907688 1.12556 320.178 -176.141 295.026 0.000433899 -0.913201 -1.12948 -320.178 -135.151 -43.617 -0.000433899
0.902717 0.787515 320.175 -126.556 280.176 0.00304869 -0.888019 -0.796862 -320.175 -92.1276 -32.9781 -0.00304869
0.836222 0.340357 320.158 -64.2125 252.665 0.00664499 -0.800381 -0.399262 -320.158 -37.8234 -26.8146 -0.00664499
0.761629 -0.136422 320.123 5.18673 218.575 0.0110544 -0.698214 0.0649781 -320.123 22.7176 -17.2138 -0.0110544
0.705713 -0.572666 320.085 72.5649 182.019 0.0160863 -0.611856 0.542659 -320.085 81.5384 -0.400094 -0.0160863
0.639971 -0.876321 320.045 123.236 142.503 0.0215324 -0.532023 0.927183 -320.045 125.894 18.9101 -0.0215324
0.545486 -1.00244 320.004 142.481 98.778 0.0271755 -0.419355 1.06868 -320.004 143.604 33.9277 -0.0271755
0.391575 -0.873618 319.975 124.659 50.9678 0.0328061 -0.28918 0.969237 -319.975 129.908 42.4131 -0.0328061
0.201097 -0.530013 319.973 72.6506 0.980399 0.0382352 -0.149849 0.626172 -319.973 87.1014 46.7663 -0.0382352
0.00185215 -0.0842703 319.988 -1.26648 -49.9295 0.0432996 -0.0104872 0.0919823 -319.988 25.7087 50.8278 -0.0432996
-0.157937 0.423245 320.01 -78.1266 -99.7528 0.0478595 0.139358 -0.421072 -320.01 -38.3526 57.7994 -0.0478595
-0.317479 0.861736 320.048 -143.531 -147.907 0.0517944 0.262278 -0.852273 -320.048 -93.0367 66.8508 -0.0517944
-0.525797 1.15145 320.092 -189.853 -198.638 0.0550055 0.387147 -1.17482 -320.092 -131.256 71.4766 -0.0550055
-0.776789 1.29294 320.126 -211.094 -254.967 0.0574237 0.561245 -1.30765 -320.126 -147.892 69.0089 -0.0574237
-1.04824 1.30137 320.163 -208.61 -315.216 0.0590072 0.748745 -1.25405 -320.163 -144.139 65.7791 -0.0590072
-1.32322 1.17509 320.197 -190.332 -378.296 0.0597328 0.913688 -1.12035 -320.197 -126.514 67.9895 -0.0597328
-1.59189 0.991461 320.208 -163.522 -447.453 0.0595918 1.09503 -0.926601 -320.208 -101.212 74.8648 -0.0595918
-1.83441 0.803781 320.21 -134.312 -525.284 0.0585934 1.33748 -0.704292 -320.21 -73.8069 85.5665 -0.0585934
-2.00484 0.618989 320.193 -108.871 -606.127 0.056766 1.60709 -0.528972 -320.193 -49.5198 105.464 -0.056766
-2.18529 0.424736 320.17 -86.9101 -685.577 0.0541506 1.79343 -0.410479 -320.17 -28.2933 134.077 -0.0541506
-2.36796 0.261664 320.132 -63.9675 -762.626 0.0507985 1.97856 -0.248794 -320.132 -6.38992 160.156 -0.0507985
-2.58135 0.1126 320.091 -39.783 -839.328 0.0467805 2.20182 -0.059845 -320.091 16.1013 176.397 -0.0467805
-2.8303 -0.0412931 320.051 -19.3133 -911.332 0.0421952 2.38844 0.0735387 -320.051 35.3014 188.106 -0.0421952
-3.02343 -0.151845 320.032 -4.52667 -976.183 0.0371667 2.56517 0.17285 -320.032 49.4947 201.748 -0.0371667
-3.13446 -0.212409 320.016 3.869 -1030.08 0.0318429 2.70297 0.234125 -320.016 57.9242 221.16 -0.0318429
-3.12197 -0.237936 320.017 5.46984 -1069.39 0.0263914 2.81929 0.236723 -320.017 60.2079 246.017 -0.0263914
-3.0627 -0.212507 320.038 1.40768 -1090.65 0.0209921 2.84912 0.211156 -320.038 57.2289 271.273 -0.0209921
-2.99097 -0.134388 320.07 -7.98247 -1093.91 0.0158341 2.83082 0.163133 -320.07 49.2011 286.931 -0.0158341
-2.9586 -0.0349254 320.108 -22.9555 -1080.78 0.0111163 2.77417 0.0584422 -320.108 35.9837 286.116 -0.0111163
-2.86836 0.0815951 320.142 -40.921 -1048.68 0.00704116 2.7172 -0.0722667 -320.142 19.8103 274.424 -0.00704116
-2.69806 0.221561 320.164 -58.5808 -992.531 0.00379729 2.55912 -0.17885 -320.164 3.42463 263.732 -0.00379729
-2.44365 0.389094 320.176 -77.2473 -913.259 0.00153749 2.30069 -0.275611 -320.176 -14.405 255.428 -0.00153749
-2.15743 0.55496 320.187 -100.611 -820.482 0.000371017 2.03104 -0.438782 -320.187 -36.478 239.602 -0.000371017
-1.89451 0.716378 320.166 -126.014 -718.323 0.00036999 1.75076 -0.636564 -320.166 -60.6771 212.68 -0.00036999
-1.69006 0.886026 320.151 -147.486 -609.591 0.00156991 1.43101 -0.778304 -320.151 -82.2061 176.587 -0.00156991
-1.47058 1.01337 320.139 -163.307 -501.996 0.00396276 1.16999 -0.88807 -320.139 -99.1294 135.604 -0.00396276
-1.22058 1.0831 320.101 -172.313 -395.511 0.00749426 0.901935 -0.965353 -320.101 -110.428 100.911 -0.00749426
-0.839556 1.10184 320.071 -173.062 -286.635 0.0120572 0.645581 -0.982837 -320.071 -114.684 80.2813 -0.0120572
-0.498413 1.03132 320.071 -164.191 -178.35 0.0174825 0.300082 -0.955716 -320.071 -110.076 67.0295 -0.0174825
-0.299191 0.885593 320.068 -143.464 -84.5079 0.0235547 -0.00143613 -0.839726 -320.068 -94.6673 42.5427 -0.0235547
-0.178948 0.657444 320.059 -109.931 -10.8514 0.0300444 -0.137406 -0.632405 -320.059 -68.0717 4.45644 -0.0300444
-0.0800055 0.348851 320.063 -66.3458 47.915 0.0367142 -0.237626 -0.369473 -320.063 -32.7411 -26.6562 -0.0367142
0.0662119 0.0546525 320.066 -18.7822 97.708 0.0433058 -0.38468 -0.0369616 -320.066 6.2312 -35.853 -0.0433058
0.194706 -0.144656 320.069 18.7313 131.227 0.0495493 -0.520958 0.259351 -320.069 37.1531 -32.7588 -0.0495493
0.298313 -0.231415 320.079 31.2904 141.549 0.0551859 -0.506604 0.338756 -320.079 47.5382 -30.7421 -0.0551859
0.288746 -0.107451 320.095 13.8465 132.28 0.0599797 -0.458641 0.230755 -320.095 32.9519 -29.4349 -0.0599797
0.213677 0.240701 320.11 -33.1008 108.336 0.0637236 -0.388746 -0.0457305 -320.11 -6.35136 -25.5534 -0.0637236
0.188842 0.738406 320.127 -106.728 74.5386 0.0662443 -0.237712 -0.527858 -320.127 -68.0203 -16.1101 -0.0662443
0.167045 1.24305 320.141 -192.472 39.1446 0.0674058 -0.144034 -1.16506 -320.141 -139.945 3.25076 -0.0674058
0.14836 1.75512 320.148 -267.853 4.71204 0.0671132 -0.0772791 -1.65667 -320.148 -203.154 25.7926 -0.0671132
0.102358 2.15767 320.151 -321.233 -30.4593 0.0653235 0.0316795 -1.96465 -320.151 -247.884 39.4831 -0.0653235
-0.00601893 2.34207 320.133 -351.887 -64.493 0.0620603 0.148987 -2.18586 -320.133 -273.237 42.288 -0.0620603
-0.0885223 2.36015 320.123 -356.402 -90.9717 0.0574151 0.257137 -2.223 -320.123 -276.347 42.3921 -0.0574151
-0.165273 2.20918 320.117 -333.182 -106.601 0.0515387 0.278435 -2.0593 -320.117 -256.116 44.4494 -0.0515387
-0.21992 1.87694 320.104 -286.507 -115.08 0.0446381 0.292602 -1.76366 -320.104 -216.091 43.4099 -0.0446381
-0.261355 1.42797 320.095 -221.916 -119.305 0.0369788 0.333688 -1.34521 -320.095 -160.906 36.2412 -0.0369788
-0.266902 0.896243 320.093 -145.504 -116.14 0.028875 0.358967 -0.851555 -320.093 -95.7301 28.833 -0.028875
-0.26455 0.329047 320.088 -64.0095 -104.093 0.0206698 0.305793 -0.326393 -320.088 -26.3892 24.4783 -0.0206698
-0.283801 -0.16515 320.08 13.0619 -88.7463 0.012716 0.229123 0.210206 -320.08 38.8741 17.0947 -0.012716
-0.357104 -0.526803 320.071 70.6693 -78.3345 0.00536569 0.192563 0.618371 -320.071 87.5648 1.64853 -0.00536569
-0.402434 -0.746126 320.059 98.5697 -73.7733 -0.00104257 0.225215 0.7717 -320.059 111.121 -13.6504 0.00104257
-0.35723 -0.747383 320.048 97.7176 -68.5921 -0.00620842 0.236763 0.757984 -320.048 110.253 -14.174 0.00620842
-0.255834 -0.533895 320.039 70.8024 -60.3971 -0.00989335 0.168699 0.609399 -320.039 87.1715 1.0232 0.00989335
-0.160923 -0.135583 320.035 16.2966 -55.2059 -0.0119319 0.112381 0.276322 -320.035 40.6851 16.7026 0.0119319
-0.101221 0.407449 320.042 -63.8862 -55.6101 -0.0122352 0.126719 -0.255672 -320.042 -27.5747 23.3649 0.0122352
-0.101527 1.07518 320.063 -160.477 -56.5943 -0.010793 0.116741 -0.883373 -320.063 -109.861 25.6849 0.010793
-0.0824486 1.78717 320.094 -261.998 -54.471 -0.0076722 0.0913095 -1.53486 -320.094 -196.612 29.7099 0.0076722
-0.0232022 2.46353 320.132 -358.565 -49.6499 -0.00301153 0.060617 -2.15786 -320.132 -279.466 37.3104 0.00301153
0.0366344 2.99414 320.171 -439.253 -42.3057 0.00298381 -0.00576626 -2.71394 -320.171 -348.831 47.3976 -0.00298381
0.0794523 3.22578 320.208 -485.483 -35.6789 0.0100474 -0.057207 -3.10518 -320.208 -388.611 53.7913 -0.0100474
0.0993807 3.12724 320.231 -476.075 -31.4055 0.0178683 -0.065553 -3.07818 -320.231 -380.683 53.4299 -0.0178683
0.152811 2.57748 320.237 -400.748 -25.2428 0.0261126 -0.0507842 -2.61618 -320.237 -316.304 52.6138 -0.0261126
0.235208 1.61683 320.223 -263.199 -11.9385 0.0344319 -0.100989 -1.72904 -320.223 -198.705 57.6277 -0.0344319
0.335817 0.34943 320.202 -77.2948 7.97149 0.0424659 -0.187829 -0.505943 -320.202 -40.7146 63.6155 -0.0424659
0.383114 -0.880281 320.148 121.804 27.5067 0.049865 -0.255266 0.929136 -320.148 128.147 59.9504 -0.049865
0.36796 -1.96867 320.074 286.697 43.1708 0.0563211 -0.277592 2.04808 -320.074 268.047 45.3162 -0.0563211
0.356874 -2.6415 320.022 384.675 57.0207 0.0615842 -0.275693 2.6859 -320.022 351.048 29.7161 -0.0615842
0.404552 -2.70396 319.98 401.878 73.2257 0.065466 -0.299211 2.85024 -319.98 365.161 23.3799 -0.065466
0.429626 -2.2928 319.944 336.677 89.2841 0.0678449 -0.386098 2.38383 -319.944 309.184 22.8157 -0.0678449
0.397302 -1.45009 319.938 206.927 96.4878 0.068673 -0.414151 1.48503 -319.938 198.462 15.0569 -0.068673
0.313694 -0.347129 319.961 42.7191 92.4937 0.0679788 -0.349557 0.387195 -319.961 58.778 -1.38278 -0.0679788
0.196993 0.791887 319.996 -126.394 82.2795 0.0658624 -0.29405 -0.739741 -319.996 -84.9969 -14.9316 -0.0658624
0.0755633 1.84011 320.045 -277.94 67.2657 0.0624804 -0.270892 -1.7231 -320.045 -213.978 -19.8901 -0.0624804
-0.0340799 2.64083 320.103 -397.411 43.317 0.0580273 -0.203695 -2.52235 -320.103 -315.434 -20.3941 -0.0580273
-0.132453 3.12473 320.167 -472.403 9.90439 0.0527205 -0.0812424 -3.04015 -320.167 -378.76 -17.5363 -0.0527205
-0.266169 3.25656 320.22 -494.327 -31.9104 0.0467891 0.0300268 -3.19468 -320.22 -396.376 -9.63878 -0.0467891
-0.408062 3.0434 320.257 -462.552 -81.9165 0.0404669 0.168697 -2.97031 -320.257 -367.734 1.51427 -0.0404669
-0.536818 2.56159 320.279 -387.713 -138.753 0.0339894 0.351019 -2.43451 -320.279 -302.056 15.2658 -0.0339894
-0.675356 1.9122 320.286 -288.012 -197.979 0.0275844 0.507128 -1.73488 -320.286 -215.478 33.6639 -0.0275844
-0.812267 1.22451 320.253 -184.92 -257.655 0.0214605 0.652518 -1.02699 -320.253 -125.862 54.2102 -0.0214605
-0.956702 0.65809 320.213 -96.6725 -318.039 0.0158086 0.81612 -0.394033 -320.213 -48.4943 71.9131 -0.0158086
-1.114 0.274673 320.16 -38.6534 -377.253 0.0108052 0.977714 0.0178584 -320.16 3.30765 86.9552 -0.0108052
-1.25563 0.0235147 320.087 -13.4492 -432.426 0.00660312 1.12349 0.119563 -320.087 26.8297 102.313 -0.00660312
-1.37322 -0.0240929 320.025 -10.6761 -481.328 0.00332275 1.23967 0.121255 -320.025 30.8656 118.819 -0.00332275
-1.47005 0.0122242 319.978 -19.7508 -523.622 0.00104849 1.33931 0.0459072 -319.978 24.5226 133.881 -0.00104849
-1.56131 0.0390435 319.945 -32.0358 -559.477 -0.000173931 1.42749 -0.0833377 -319.945 15.2588 144.876 0.000173931
-1.64315 0.0485284 319.938 -37.4238 -587.841 -0.00033435 1.50037 -0.139578 -319.938 11.5721 151.813 0.00033435
-1.66312 0.0293267 319.96 -32.2886 -605.878 0.000544508 1.56878 -0.0854969 -319.96 16.5565 157.603 -0.000544508
-1.61603 -0.067324 319.999 -20.1453 -609.464 0.00240111 1.5851 -0.0175628 -319.999 27.1397 165.419 -0.00240111
-1.58825 -0.166874 320.053 -4.84036 -599.523 0.00513408 1.50447 0.0868012 -320.053 39.9916 170.457 -0.00513408
-1.54565 -0.241147 320.115 9.01487 -581.605 0.00861564 1.46334 0.19447 -320.115 51.2591 164.142 -0.00861564
-1.46432 -0.283823 320.161 16.4367 -554.028 0.012706 1.44002 0.244903 -320.161 56.6932 151.085 -0.012706
-1.31458 -0.255207 320.188 15.1006 -510.054 0.0172554 1.33185 0.245472 -320.188 54.155 142.819 -0.0172554
-1.08953 -0.155821 320.2 4.21495 -448.956 0.0221015 1.14449 0.184499 -320.2 42.8959 138.788 -0.0221015
-0.83705 0.000670028 320.191 -16.0654 -375.774 0.0270779 0.938727 0.0509029 -320.191 23.1176 129.035 -0.0270779
-0.636871 0.153524 320.161 -40.8616 -294.486 0.0320292 0.706177 -0.150618 -320.161 -1.02248 107.686 -0.0320292
-0.485992 0.288654 320.119 -61.5928 -207.989 0.0368187 0.462582 -0.314863 -320.119 -21.6331 75.8722 -0.0368187
-0.282879 0.359804 320.086 -71.4507 -117.639 0.0413286 0.259228 -0.392759 -320.086 -32.3584 41.8703 -0.0413286
-0.0225785 0.338925 320.04 -66.868 -20.3931 0.0454582 -0.00946017 -0.371266 -320.04 -31.0935 17.8827 -0.0454582
0.279855 0.306125 320.008 -53.8096 78.7949 0.0491228 -0.316894 -0.249333 -320.008 -22.7895 3.10774 -0.0491228
0.572169 0.262978 319.993 -43.1073 170.585 0.0522535 -0.569788 -0.171275 -319.993 -16.7593 -13.208 -0.0522535
0.793239 0.315319 319.999 -45.3236 251.882 0.0547951 -0.785375 -0.170125 -319.999 -21.6151 -34.0318 -0.0547951
0.968621 0.503441 320.02 -66.5947 322.133 0.0567034 -0.963724 -0.287783 -320.02 -42.5702 -55.2777 -0.0567034
1.14397 0.828206 320.055 -110.456 382.465 0.0579447 -1.11489 -0.570228 -320.055 -82.5574 -70.3877 -0.0579447
1.3159 1.19678 320.109 -170.853 433.932 0.0584923 -1.27345 -1.02739 -320.109 -136.183 -76.1135 -0.0584923
1.42968 1.55389 320.155 -229.646 472.178 0.058318 -1.41817 -1.46972 -320.155 -187.781 -78.5893 -0.058318
1.45416 1.7931 320.183 -267.439 490.861 0.0573956 -1.47684 -1.74355 -320.183 -220.83 -85.7422 -0.0573956
1.42645 1.71486 320.206 -268.51 490.471 0.0557161 -1.44069 -1.83621 -320.206 -221.75 -94.1582 -0.0557161
1.40076 1.38976 320.212 -221.364 477.373 0.0532893 -1.38134 -1.52457 -320.212 -180.973 -92.833 -0.0532893
1.38583 0.815306 320.184 -131.929 454.675 0.0501308 -1.32945 -0.891597 -320.184 -103.682 -79.4294 -0.0501308
1.32286 -0.00299175 320.141 -18.0812 419.444 0.0462644 -1.24992 -0.169552 -320.141 -4.83298 -63.9721 -0.0462644
1.18108 -0.861211 320.089 106.271 369.141 0.0417397 -1.09044 0.656841 -320.089 103.434 -55.3813 -0.0417397
0.980677 -1.67596 320.026 226.616 307.434 0.0366422 -0.876733 1.47448 -320.026 208.496 -50.9836 -0.0366422
0.778383 -2.35982 319.975 326.816 240.026 0.0310882 -0.651856 2.15023 -319.975 296.036 -42.6989 -0.0310882
0.613529 -2.81378 319.922 392.895 173.846 0.0252198 -0.455028 2.59731 -319.922 354.379 -26.6069 -0.0252198
0.472857 -2.9509 319.884 416.016 111.225 0.0192014 -0.279083 2.78494 -319.884 376.101 -7.84799 -0.0192014
0.316656 -2.75758 319.867 390.19 51.2469 0.0132188 -0.0992763 2.64577 -319.867 356.018 5.60665 -0.0132188
0.12406 -2.26206 319.879 316.391 -4.23851 0.00747813 0.0680654 2.16397 -319.879 294.869 11.2875 -0.00747813
-0.0858214 -1.4995 319.914 204.439 -52.9741 0.0022011 0.210037 1.43574 -319.914 200.971 11.3581 -0.0022011
-0.232663 -0.574107 319.971 68.8921 -92.5697 -0.00238939 0.348905 0.551715 -319.971 86.6703 11.4406 0.00238939
-0.352357 0.394743 320.046 -73.6095 -119.762 -0.00608657 0.39326 -0.386698 -320.046 -34.1873 15.9325 0.00608657
-0.456559 1.28078 320.128 -205.804 -139.81 -0.00871131 0.408683 -1.27324 -320.128 -146.756 19.4265 0.00871131
-0.483625 1.9363 320.198 -308.525 -156.187 -0.0101148 0.498165 -1.99377 -320.198 -234.043 19.685 0.0101148
-0.480055 2.31193 320.253 -363.493 -162.549 -0.0101847 0.508012 -2.35446 -320.253 -280.748 25.163 0.0101847
-0.415761 2.3589 320.284 -365.86 -157.254 -0.00886184 0.452418 -2.34006 -320.284 -282.879 36.4147 0.00886184
-0.329322 2.06538 320.288 -322.672 -144.589 -0.00614923 0.385665 -2.05604 -320.288 -246.318 44.91 0.00614923
-0.339363 1.52526 320.259 -243.76 -130.074 -0.00210622 0.276583 -1.53973 -320.259 -179.357 44.0939 0.00210622
-0.355407 0.808445 320.203 -139.628 -118.302 0.0031598 0.239847 -0.860347 -320.203 -90.6966 35.21 -0.0031598
-0.293638 0.0113341 320.127 -21.9693 -105.358 0.0094971 0.230547 -0.0797318 -320.127 9.50097 32.101 -0.0094971
-0.201712 -0.809751 320.042 96.8852 -87.1536 0.0167077 0.105115 0.690872 -320.042 110.431 43.917 -0.0167077
-0.112317 -1.56588 319.962 206.325 -72.2729 0.0245469 -0.0193231 1.39974 -319.962 203.281 58.559 -0.0245469
-0.0869103 -2.20566 319.9 298.045 -70.3129 0.032738 -0.0403307 1.99139 -319.9 281.599 62.9974 -0.032738
-0.113196 -2.71598 319.858 368.532 -79.6285 0.0409915 0.0042871 2.43035 -319.858 342.194 62.5008 -0.0409915
-0.128687 -3.05458 319.847 416.749 -93.4147 0.0490116 0.0423569 2.74332 -319.847 383.947 68.8523 -0.0490116
-0.102013 -3.11578 319.861 435.507 -108.978 0.0565016 0.0712503 2.93921 -319.861 400.69 84.0555 -0.0565016
-0.0840481 -2.9425 319.896 411.845 -128.099 0.0631765 0.110325 2.80067 -319.896 381.296 100.203 -0.0631765
-0.122979 -2.45205 319.954 340.411 -152.035 0.0687755 0.183001 2.33862 -319.954 321.206 108.676 -0.0687755
-0.197855 -1.59698 320.029 223.453 -177.57 0.0730778 0.297122 1.6285 -320.029 222.04 108.077 -0.0730778
-0.283719 -0.493596 320.104 65.0878 -199.142 0.0759165 0.400215 0.607015 -320.104 86.9972 103.536 -0.0759165
-0.360385 0.769118 320.187 -121.701 -212.063 0.077182 0.45096 -0.637868 -320.187 -72.4701 98.8577 -0.077182
-0.399479 2.06848 320.241 -312.514 -216.854 0.076818 0.496116 -1.90031 -320.241 -235.399 92.0285 -0.076818
-0.46495 3.22535 320.28 -480.929 -214.07 0.0748233 0.49765 -3.00728 -320.28 -379.583 80.0246 -0.0748233
-0.534158 3.98269 320.307 -601.012 -206.872 0.0712575 0.517234 -3.8679 -320.307 -482.914 60.6179 -0.0712575
-0.48619 4.28342 320.292 -647.949 -190.139 0.0662413 0.577047 -4.20322 -320.292 -523.804 42.3116 -0.0662413
-0.379016 4.05046 320.251 -610.554 -155.871 0.0599459 0.491538 -3.94007 -320.251 -492.695 34.7235 -0.0599459
-0.26249 3.28389 320.209 -496.95 -108.206 0.0525784 0.310762 -3.18762 -320.209 -396.548 28.2011 -0.0525784
-0.159369 2.12674 320.155 -326.135 -58.3552 0.044384 0.201467 -2.05869 -320.155 -251.696 7.79404 -0.044384
-0.135515 0.785814 320.089 -124.672 -9.02012 0.0356578 0.0872171 -0.704528 -320.089 -81.0154 -22.345 -0.0356578
-0.0619031 -0.550136 320.032 75.3727 43.6536 0.0267345 -0.0406643 0.629995 -320.032 87.6837 -47.0752 -0.0267345
0.0833148 -1.68322 319.968 241.874 97.4009 0.0179668 -0.196554 1.71776 -319.968 227.84 -59.1413 -0.0179668
0.215435 -2.4547 319.932 354.551 145.641 0.00970804 -0.394782 2.44701 -319.932 322.387 -61.6834 -0.00970804
0.355785 -2.78042 319.928 402.576 180.884 0.00229165 -0.50541 2.75789 -319.928 362.264 -62.2111 -0.00229165
0.509938 -2.66676 319.925 384.403 203.945 -0.00398452 -0.545309 2.62322 -319.925 346.147 -58.4413 0.00398452
0.617261 -2.15943 319.944 307.972 219.517 -0.00887401 -0.643944 2.10324 -319.944 280.723 -45.5614 0.00887401
0.736745 -1.37462 319.992 189.435 227.146 -0.0122003 -0.705205 1.29882 -319.992 179.815 -28.2387 0.0122003
0.82293 -0.41976 320.041 49.6495 224.978 -0.0138693 -0.722162 0.379032 -320.041 60.744 -11.8462 0.0138693
0.860844 0.566164 320.082 -93.5866 216.239 -0.0138737 -0.73313 -0.555474 -320.082 -61.1978 3.61503 0.0138737
0.885955 1.43685 320.133 -223.477 202.649 -0.0122838 -0.706388 -1.42535 -320.133 -171.649 16.9454 0.0122838
0.863071 2.09952 320.182 -322.768 186.007 -0.00923139 -0.680849 -2.0923 -320.182 -255.956 26.8649 0.00923139
0.797679 2.47201 320.21 -377.797 166.679 -0.00490191 -0.643008 -2.4546 -320.21 -302.386 31.8993 0.00490191
0.695854 2.51148 320.226 -383.061 143.847 0.000471774 -0.575354 -2.48015 -320.226 -306.101 31.2885 -0.000471774
0.564911 2.22097 320.233 -340.436 117.273 0.00662708 -0.482416 -2.19211 -320.233 -268.836 26.9046 -0.00662708
0.441503 1.66263 320.214 -258.036 88.5577 0.0132894 -0.365016 -1.63751 -320.214 -197.556 22.3168 -0.0132894
0.337666 0.929315 320.174 -149.225 60.221 0.020182 -0.250526 -0.903056 -320.174 -103.693 20.4489 -0.020182
0.217495 0.128272 320.127 -30.599 31.6786 0.0270317 -0.15669 -0.107206 -320.127 -1.8145 19.3826 -0.0270317
0.0827575 -0.610485 320.066 78.8311 1.83518 0.03358 -0.0432614 0.627305 -320.066 92.189 14.9044 -0.03358
-0.0580248 -1.20613 320.002 164.136 -28.4623 0.0396003 0.0917403 1.18231 -320.002 165.768 7.07241 -0.0396003
-0.19729 -1.59449 319.957 217.831 -56.337 0.0449066 0.202593 1.52026 -319.957 212.366 0.366879 -0.0449066
-0.303732 -1.73962 319.929 238.095 -79.7752 0.0493585 0.286456 1.65248 -319.929 230.401 -2.51167 -0.0493585
-0.3779 -1.65632 319.916 225.514 -98.8534 0.0528653 0.348734 1.57184 -319.916 220.345 -2.30791 -0.0528653
-0.435939 -1.39066 319.929 184.197 -114.357 0.0553851 0.39228 1.2866 -319.929 185.593 -0.858441 -0.0553851
-0.470722 -0.98026 319.969 122.657 -125.833 0.0569203 0.424992 0.873884 -319.969 133.475 1.27751 -0.0569203
-0.476803 -0.500352 320.014 51.4871 -132.283 0.0575146 0.436399 0.400206 -320.014 72.9713 5.29943 -0.0575146
-0.446676 -0.0410004 320.062 -18.3317 -132.824 0.0572485 0.417414 -0.0770714 -320.062 13.458 12.6136 -0.0572485
-0.306492 0.332948 320.113 -75.1714 -124.357 0.0562289 0.403841 -0.467569 -320.113 -35.2595 25.3757 -0.0562289
-0.15955 0.572832 320.148 -110.281 -104.824 0.0545724 0.288493 -0.702155 -320.148 -65.6664 42.0716 -0.0545724
-0.0639883 0.67811 320.166 -121.738 -79.704 0.0523981 0.13379 -0.754881 -320.166 -76.0281 51.5406 -0.0523981
0.0425545 0.643322 320.174 -114.068 -53.917 0.0498312 0.0762677 -0.691788 -320.174 -70.1833 48.4593 -0.0498312
0.15099 0.487675 320.165 -91.8281 -22.311 0.046997 -0.0178434 -0.555613 -320.165 -52.1283 44.8824 -0.046997
0.295468 0.189198 320.141 -53.8686 17.6111 0.0440022 -0.18877 -0.353013 -320.141 -20.899 48.5758 -0.0440022
0.462591 -0.196705 320.111 3.26066 59.7666 0.0409278 -0.353278 0.0182383 -320.111 26.5202 52.2787 -0.0409278
0.545422 -0.667143 320.067 75.6078 96.2075 0.037837 -0.496493 0.509388 -320.067 86.9501 47.1191 -0.037837
0.570212 -1.21113 320.019 153.795 122.821 0.0347786 -0.564018 1.00713 -320.019 152.606 33.3171 -0.0347786
0.601939 -1.75178 319.98 231.043 141.902 0.0317868 -0.580344 1.49777 -319.98 217.762 20.9196 -0.0317868
0.6277 -2.27496 319.947 303.936 156.289 0.0288821 -0.633672 1.94886 -319.947 279.397 17.479 -0.0288821
0.639902 -2.7122 319.921 368.193 161.83 0.0260737 -0.660494 2.37214 -319.921 333.962 17.3318 -0.0260737
0.610859 -2.95909 319.91 412.63 154.24 0.0233677 -0.602968 2.72255 -319.91 372.003 12.9588 -0.0233677
0.517714 -3.0201 319.918 422.047 135.35 0.020781 -0.506001 2.79195 -319.918 380.593 5.57507 -0.020781
0.423379 -2.79321 319.94 389.388 110.236 0.0183468 -0.381396 2.58666 -319.94 353.577 0.422324 -0.0183468
0.342644 -2.2597 319.977 315.299 83.7281 0.0161114 -0.270644 2.13255 -319.977 291.294 0.447481 -0.0161114
0.276765 -1.50056 320.026 204.646 58.3508 0.0141294 -0.17627 1.41337 -320.026 197.817 3.65399 -0.0141294
0.234195 -0.57491 320.078 69.5298 35.9797 0.0124612 -0.0759102 0.531843 -320.078 83.3951 6.2544 -0.0124612
0.199732 0.317635 320.131 -68.6821 20.6976 0.0111725 -0.00565879 -0.425212 -320.131 -33.79 7.05785 -0.0111725
0.185066 0.98351 320.173 -178.178 15.8569 0.0103325 0.0234788 -1.22669 -320.173 -126.909 5.85015 -0.0103325
0.166678 1.32938 320.193 -229.846 21.4556 0.0100076 -0.00224218 -1.5762 -320.193 -171.263 1.28548 -0.0100076
0.152837 1.22361 320.187 -213.602 35.5093 0.010253 -0.053197 -1.46727 -320.187 -157.86 -7.60485 -0.010253
0.185646 0.726315 320.166 -136.941 56.1649 0.0111085 -0.0931471 -0.939994 -320.166 -93.0467 -18.1653 -0.0111085
0.249531 -0.0710277 320.131 -17.6741 83.4381 0.0125927 -0.177679 -0.143847 -320.131 7.71868 -24.8939 -0.0125927
0.34788 -0.942481 320.079 118.486 114.501 0.0146982 -0.285903 0.802966 -320.079 122.628 -27.3826 -0.0146982
0.45918 -1.74083 320.027 241.329 145.368 0.017386 -0.387279 1.64483 -320.027 226.268 -28.8333 -0.017386
0.575914 -2.33982 319.987 327.981 174.394 0.0205822 -0.471999 2.20143 -319.987 299.182 -29.9954 -0.0205822
0.68833 -2.59239 319.951 367.814 201.755 0.0241754 -0.560651 2.47686 -319.951 332.256 -29.5482 -0.0241754
0.77662 -2.50318 319.925 356.968 226.148 0.0280188 -0.656994 2.41518 -319.925 322.265 -28.4048 -0.0280188
0.840076 -2.11166 319.924 298.319 245.206 0.0319397 -0.729459 2.01652 -319.924 271.804 -28.657 -0.0319397
0.894653 -1.47303 319.944 203.744 258.556 0.0357489 -0.767788 1.38476 -319.944 190.96 -29.1472 -0.0357489
0.928847 -0.726297 319.978 91.3269 266.651 0.0392493 -0.802869 0.620414 -319.978 94.723 -27.655 -0.0392493
0.943849 0.00395575 320.017 -19.5599 269.673 0.0422463 -0.827722 -0.139345 -320.017 -0.135463 -25.1618 -0.0422463
0.930816 0.614708 320.063 -110.662 266.24 0.0445631 -0.818555 -0.751026 -320.063 -77.8308 -24.793 -0.0445631
0.896229 1.01842 320.109 -170.213 257.24 0.04606 -0.779632 -1.14483 -320.109 -128.402 -25.9518 -0.04606
0.850857 1.17289 320.145 -193.549 244.911 0.0466461 -0.73525 -1.30044 -320.145 -147.881 -26.0365 -0.0466461
0.795249 1.10044 320.17 -181.76 229.764 0.046285 -0.687582 -1.21052 -320.17 -137.251 -25.1799 -0.046285
0.726681 0.835893 320.18 -141.381 211.286 0.0450007 -0.622217 -0.928093 -320.18 -102.101 -25.2321 -0.0450007
0.647043 0.43577 320.174 -81.8664 190.014 0.0428799 -0.54189 -0.523929 -320.174 -50.5561 -26.0901 -0.0428799
0.56061 -0.0234327 320.15 -13.1889 167.655 0.0400671 -0.465666 -0.0560357 -320.15 8.78344 -26.2363 -0.0400671
0.457766 -0.488689 320.105 55.1771 143.963 0.0367526 -0.397105 0.401651 -320.105 67.861 -26.2603 -0.0367526
0.354196 -0.908224 320.055 116.179 117.995 0.0331604 -0.30844 0.804806 -320.055 120.459 -26.8863 -0.0331604
0.213587 -1.18412 319.998 161.445 90.1702 0.0295335 -0.245845 1.14149 -319.998 159.781 -27.1727 -0.0295335
0.0278728 -1.30082 319.946 181.153 56.6478 0.0261141 -0.179375 1.29643 -319.946 177.582 -28.5317 -0.0261141
-0.121733 -1.22584 319.918 169.451 15.6223 0.0231286 -0.0344631 1.2235 -319.918 168.861 -28.2469 -0.0231286
-0.249593 -0.932998 319.92 127.534 -28.3534 0.0207727 0.0776505 0.963915 -319.92 134.5 -17.501 -0.0207727
-0.358617 -0.496895 319.944 60.9897 -75.204 0.019192 0.154477 0.518515 -319.944 79.3262 3.57399 -0.019192
-0.425347 -0.0157376 319.99 -17.002 -126.63 0.0184715 0.285956 -0.0354888 -319.99 14.3817 27.505 -0.0184715
-0.532039 0.460989 320.058 -89.0332 -180.74 0.0186385 0.401059 -0.51613 -320.058 -45.7818 50.8548 -0.0186385
-0.663562 0.82911 320.12 -144.049 -237.201 0.0196666 0.52502 -0.875573 -320.12 -91.2284 71.9033 -0.0196666
-0.787812 1.01432 320.168 -174.842 -293.553 0.0214775 0.664285 -1.09156 -320.168 -115.832 91.7354 -0.0214775
-0.891275 1.00782 320.216 -176.29 -346.2 0.0239437 0.785506 -1.10497 -320.216 -115.336 113.224 -0.0239437
-0.97549 0.802506 320.239 -147.112 -393.365 0.0268928 0.877808 -0.905259 -320.239 -88.5855 135.889 -0.0268928
-1.04574 0.411703 320.229 -90.8012 -436.047 0.0301215 0.972679 -0.527919 -320.229 -38.8268 155.655 -0.0301215
-1.11128 -0.0990596 320.204 -15.2545 -473.435 0.0334144 1.06741 -0.0137854 -320.204 27.1487 170.813 -0.0334144
-1.17442 -0.666138 320.16 68.7515 -503.36 0.0365572 1.13988 0.556351 -320.16 100.174 181.935 -0.0365572
-1.21672 -1.22758 320.103 150.276 -524.62 0.0393482 1.19815 1.09709 -320.103 170.844 189.25 -0.0393482
-1.22832 -1.72395 320.041 221.574 -535.805 0.0416083 1.2389 1.56305 -320.041 232.428 193.174 -0.0416083
-1.18689 -2.10222 319.987 277.261 -534.508 0.0431912 1.26048 1.93386 -319.987 280.175 194.615 -0.0431912
-1.11402 -2.32886 319.942 311.837 -518.781 0.0439903 1.23461 2.169 -319.942 309.363 192.553 -0.0439903
-1.03917 -2.38883 319.916 320.731 -489.463 0.0439454 1.16944 2.22192 -319.916 316.056 182.638 -0.0439454
-1.04492 -2.26675 319.911 302.603 -450.944 0.0430526 1.05627 2.09078 -319.911 299.218 159.063 -0.0430526
-0.991898 -1.96977 319.924 259.72 -405.276 0.0413676 1.02807 1.79902 -319.924 260.802 124.752 -0.0413676
-0.869694 -1.54072 319.955 197.032 -345.587 0.0389953 0.936881 1.36973 -319.955 204.966 94.6923 -0.0389953
-0.731476 -1.02183 320 121.945 -271.385 0.0360748 0.701406 0.860215 -320 138.046 72.2696 -0.0360748
-0.579233 -0.425959 320.061 40.8518 -194.312 0.0327752 0.505564 0.345535 -320.061 65.787 43.4576 -0.0327752
-0.432306 0.16566 320.137 -43.1394 -117.053 0.0292953 0.362572 -0.206551 -320.137 -8.14981 6.43696 -0.0292953
-0.289168 0.691794 320.168 -120.889 -37.5162 0.0258473 0.176234 -0.739968 -320.168 -76.709 -27.4023 -0.0258473
-0.097666 1.11354 320.209 -181.182 43.1631 0.0226363 -0.0380216 -1.14509 -320.209 -130.594 -51.8638 -0.0226363
0.136238 1.37474 320.234 -216.03 121.476 0.0198494 -0.247164 -1.37137 -320.234 -163.063 -68.8276 -0.0198494
0.366491 1.43419 320.213 -223.507 194.365 0.0176413 -0.455987 -1.4318 -320.213 -172.144 -80.9361 -0.0176413
0.585698 1.30258 320.179 -203.475 260.142 0.0161217 -0.644106 -1.31244 -320.179 -157.523 -90.3373 -0.0161217
0.756424 1.01255 320.138 -158.934 316.158 0.0153579 -0.817634 -1.01936 -320.138 -121.549 -98.7089 -0.0153579
0.847782 0.565949 320.079 -95.6098 358.909 0.0153755 -0.978648 -0.626443 -320.079 -68.9518 -106.529 -0.0153755
0.91895 0.0425043 320.02 -19.5657 385.413 0.0161543 -1.0642 -0.134928 -320.02 -4.84848 -111.344 -0.0161543
0.956842 -0.514824 319.975 61.448 395.047 0.0176284 -1.12241 0.394542 -319.975 64.2057 -107.705 -0.0176284
0.936402 -1.08843 319.935 140.392 385.055 0.0196923 -1.15836 0.884564 -319.935 132.131 -95.614 -0.0196923
0.849662 -1.54609 319.909 210.043 350.004 0.0222062 -1.09964 1.37159 -319.909 192.927 -80.7401 -0.0222062
0.704654 -1.83387 319.909 257.637 289.036 0.0250045 -0.932537 1.73881 -319.909 235.78 -63.011 -0.0250045
0.487536 -1.95643 319.944 272.127 204.497 0.0279079 -0.721233 1.82902 -319.944 250.672 -37.8167 -0.0279079
0.230816 -1.83855 319.977 252.079 102.062 0.0307358 -0.476955 1.70108 -319.977 236.783 -4.7939 -0.0307358
-0.0544583 -1.52647 320.008 204.327 -17.5263 0.0333124 -0.149875 1.39983 -320.008 199.847 29.9726 -0.0333124
-0.394309 -1.07976 320.075 136.897 -150.099 0.0354772 0.213621 0.97202 -320.075 146.528 65.1351 -0.0354772
-0.751885 -0.503228 320.148 56.0974 -285.592 0.0371063 0.572788 0.495652 -320.148 81.9436 101.352 -0.0371063
-1.14554 0.11879 320.151 -35.4768 -425.821 0.0381226 0.957935 -0.0793858 -320.151 8.22954 133.734 -0.0381226
-1.54711 0.727685 320.182 -129.518 -565.779 0.0384913 1.35773 -0.70405 -320.182 -68.0589 162.737 -0.0384913
-1.97435 1.29442 320.244 -213.369 -702.923 0.0382236 1.73088 -1.23799 -320.244 -136.187 189.075 -0.0382236
-2.36227 1.711 320.238 -275.564 -829.56 0.0373827 2.08405 -1.63819 -320.238 -186.774 213.112 -0.0373827
-2.72742 1.86 320.213 -305.962 -947.563 0.0360794 2.42911 -1.8824 -320.213 -210.669 232.804 -0.0360794
-3.06138 1.75235 320.225 -293.125 -1052.28 0.0344651 2.72459 -1.80329 -320.225 -197.717 250.388 -0.0344651
-3.29539 1.34112 320.193 -233.755 -1138.83 0.0327164 2.98998 -1.40384 -320.193 -145.143 267.799 -0.0327164
-3.42917 0.670469 320.13 -136.039 -1203.07 0.031014 3.19285 -0.748346 -320.13 -59.7393 285.399 -0.031014
-3.52109 -0.155705 320.096 -14.7568 -1241.96 0.0295324 3.27697 0.0692479 -320.096 45.9575 299.894 -0.0295324
-3.54602 -1.01598 320.066 112.518 -1257.12 0.0284327 3.32746 0.930204 -320.066 156.358 304.594 -0.0284327
-3.50155 -1.76818 320.012 225.965 -1246.16 0.0278466 3.32161 1.70644 -320.012 253.961 300.612 -0.0278466
-3.40204 -2.3083 319.969 306.555 -1206.76 0.0278602 3.19467 2.24705 -319.969 322.603 292.551 -0.0278602
-3.2154 -2.55163 319.959 342.371 -1141.63 0.0285066 3.00053 2.47726 -319.959 352.173 280.134 -0.0285066
-2.96648 -2.51996 319.96 333.205 -1054.97 0.0297675 2.75236 2.37183 -319.96 342.405 262.3 -0.0297675
-2.67513 -2.23033 319.957 289.163 -950.131 0.0315734 2.44568 2.04982 -319.957 301.987 240.255 -0.0315734
-2.34222 -1.78788 319.982 223.643 -833.042 0.0338091 2.11967 1.58824 -319.982 242.673 214.408 -0.0338091
-1.97678 -1.29286 320.013 150.545 -704.566 0.0363263 1.7549 1.075 -320.013 176.544 187.039 -0.0363263
-1.60132 -0.843047 320.045 83.9349 -570.167 0.038956 1.37245 0.599956 -320.045 115.442 157.587 -0.038956
-1.2268 -0.453832 320.073 32.4516 -436.499 0.0415147 1.00755 0.266167 -320.073 67.0859 126.323 -0.0415147
-0.853524 -0.117393 320.078 -5.30209 -304.188 0.0438145 0.648439 0.0615275 -320.078 30.1206 95.4409 -0.0438145
-0.497577 0.12639 320.092 -38.3721 -176.41 0.0456786 0.299125 -0.168644 -320.092 -2.25874 65.3359 -0.0456786
-0.155552 0.304645 320.132 -66.412 -54.8397 0.0469522 -0.027497 -0.390314 -320.132 -29.445 36.3651 -0.0469522
0.159659 0.441965 320.13 -82.2238 57.5455 0.0475098 -0.331619 -0.489083 -320.13 -46.2368 9.74523 -0.0475098
0.426628 0.470447 320.117 -83.9291 155.754 0.0472632 -0.593549 -0.508635 -320.117 -51.1683 -15.2139 -0.0472632
0.646758 0.383931 320.124 -71.8569 238.106 0.0461702 -0.805794 -0.454869 -320.124 -43.8735 -37.6802 -0.0461702
0.805669 0.216436 320.114 -45.0745 302.332 0.0442332 -0.968569 -0.280653 -320.114 -23.4744 -57.343 -0.0442332
0.914848 0.00264587 320.081 -8.52725 346.759 0.0415007 -1.06245 -0.0162236 -320.081 6.01028 -73.6288 -0.0415007
0.991809 -0.201279 320.068 26.3665 372.244 0.0380761 -1.09507 0.241779 -320.068 34.8998 -83.9238 -0.0380761
1.01351 -0.337578 320.058 47.818 380.169 0.0341051 -1.10293 0.39191 -320.058 52.9989 -87.7489 -0.0341051
0.960546 -0.327549 320.033 48.1203 369.245 0.0297584 -1.0628 0.408918 -320.033 53.6608 -89.6967 -0.0297584
0.825512 -0.148297 320.028 23.0309 338.26 0.0252326 -0.951786 0.259389 -320.028 33.3523 -92.7343 -0.0252326
0.602901 0.148353 320.039 -25.4276 288.545 0.0207449 -0.804497 -0.0815057 -320.039 -6.22099 -94.1777 -0.0207449
0.41687 0.544768 320.048 -87.1218 224.466 0.0165086 -0.57544 -0.496385 -320.048 -56.5498 -87.5339 -0.0165086
0.244182 0.965481 320.067 -150.029 152.81 0.0127131 -0.375769 -0.901288 -320.067 -107.643 -67.449 -0.0127131
0.106834 1.32564 320.094 -204.898 76.482 0.00951235 -0.172891 -1.25845 -320.094 -151.821 -38.2793 -0.00951235
-0.0431874 1.57282 320.118 -243.72 -2.57491 0.00702077 0.0364868 -1.51379 -320.118 -182.385 -9.03769 -0.00702077
-0.280935 1.67578 320.15 -259.666 -84.1762 0.0053173 0.223475 -1.61053 -320.15 -194.012 13.7297 -0.0053173
-0.503336 1.63474 320.153 -252.889 -166.985 0.00445117 0.4826 -1.54631 -320.153 -186.252 29.8714 -0.00445117
-0.697995 1.45836 320.153 -227.12 -242.002 0.00444332 0.68533 -1.3616 -320.153 -162.157 49.8447 -0.00444332
-0.868077 1.1974 320.15 -188.304 -306.897 0.00528314 0.798487 -1.08749 -320.15 -127.088 75.466 -0.00528314
-1.00759 0.913651 320.149 -145.394 -366.161 0.00693025 0.928691 -0.779386 -320.149 -88.2703 97.3381 -0.00693025
-1.17596 0.654146 320.13 -106.915 -422.663 0.00932671 1.06821 -0.507011 -320.13 -53.3038 111.194 -0.00932671
-1.34359 0.448507 320.116 -78.8834 -474.749 0.0124018 1.20306 -0.323825 -320.116 -27.6433 121.398 -0.0124018
-1.45339 0.327661 320.107 -63.0706 -519.031 0.0160667 1.32386 -0.221736 -320.107 -12.6713 133.735 -0.0160667
-1.5248 0.295095 320.092 -59.0262 -553.872 0.0202129 1.39058 -0.191204 -320.092 -8.00153 149.413 -0.0202129
-1.57773 0.321938 320.079 -65.259 -581.024 0.0247147 1.43361 -0.241708 -320.079 -12.4483 163.243 -0.0247147
-1.62797 0.404137 320.073 -78.7736 -602.441 0.029434 1.4868 -0.336542 -320.073 -23.3783 170.329 -0.029434
-1.6736 0.550201 320.067 -97.5207 -616.832 0.0342246 1.53188 -0.439625 -320.067 -39.0338 172.167 -0.0342246
-1.68642 0.729568 320.063 -122.283 -621.354 0.0389346 1.54366 -0.592399 -320.063 -60.1343 173.283 -0.0389346
-1.64386 0.933092 320.074 -152.376 -614.785 0.0434112 1.52262 -0.794959 -320.074 -86.1152 175.507 -0.0434112
-1.53961 1.15312 320.092 -183.793 -596.553 0.047508 1.47858 -1.00137 -320.092 -113.584 177.781 -0.047508
-1.43701 1.35556 320.116 -212.144 -567.688 0.0510909 1.3835 -1.18686 -320.116 -138.8 176.27 -0.0510909
-1.33619 1.51986 320.139 -234.412 -530.187 0.0540476 1.28399 -1.33103 -320.139 -159.127 166.518 -0.0540476
-1.21229 1.64477 320.16 -249.569 -483.727 0.0562977 1.19056 -1.42113 -320.16 -173.66 150.18 -0.0562977
-1.0726 1.72212 320.18 -258.49 -426.57 0.0577934 1.03921 -1.47772 -320.18 -183.237 133.344 -0.0577934
-0.874281 1.72093 320.189 -260.668 -358.539 0.0585132 0.858187 -1.52439 -320.189 -187.341 117.847 -0.0585132
-0.636789 1.64038 320.185 -251.616 -281.343 0.0584574 0.655856 -1.49979 -320.185 -181.876 101.552 -0.0584574
-0.405185 1.50945 320.172 -228.785 -197.596 0.0576502 0.42489 -1.3408 -320.172 -164.678 81.8611 -0.0576502
-0.18689 1.31994 320.151 -198.003 -111.04 0.0561403 0.193542 -1.13347 -320.151 -140.663 57.5889 -0.0561403
0.0368701 1.09963 320.135 -166.598 -23.0637 0.0539972 -0.030079 -0.947174 -320.135 -115.926 31.5887 -0.0539972
0.301287 0.850833 320.117 -134.163 66.8741 0.0513014 -0.257311 -0.78009 -320.117 -90.9389 9.73468 -0.0513014
0.58569 0.674579 320.088 -101.725 157.626 0.0481365 -0.508034 -0.543721 -320.088 -66.4046 -6.93799 -0.0481365
0.844064 0.618598 320.076 -80.8758 245.009 0.0445876 -0.7646 -0.342536 -320.076 -51.747 -23.0362 -0.0445876
1.00525 0.619246 320.08 -83.6454 321.177 0.0407395 -0.993732 -0.400542 -320.08 -57.0802 -45.137 -0.0407395
1.09065 0.786702 320.074 -108.24 380.845 0.0366783 -1.13846 -0.581464 -320.074 -80.5936 -72.8758 -0.0366783
1.20622 1.01836 320.089 -144.377 427.333 0.0324973 -1.20629 -0.849017 -320.089 -113.391 -93.9193 -0.0324973
1.32747 1.22369 320.114 -179.603 465.121 0.028286 -1.32205 -1.12622 -320.114 -144.796 -98.9031 -0.028286
1.39498 1.37754 320.12 -202.343 488.498 0.0241164 -1.43484 -1.28342 -320.12 -165.009 -97.3432 -0.0241164
1.3681 1.39907 320.123 -207.659 488.59 0.0200568 -1.42081 -1.33334 -320.123 -169.557 -103.074 -0.0200568
1.30755 1.31613 320.136 -195.52 468.738 0.0161851 -1.28297 -1.24831 -320.136 -158.504 -110.64 -0.0161851
1.27139 1.19075 320.141 -172.244 441.208 0.0125762 -1.16558 -1.05396 -320.141 -137.627 -104.373 -0.0125762
1.2082 1.03546 320.132 -149.296 408.912 0.00929167 -1.12783 -0.891959 -320.132 -116.763 -86.1037 -0.00929167
1.09498 0.965031 320.127 -136.533 364.589 0.00638836 -1.01763 -0.778175 -320.127 -104.087 -72.7321 -0.00638836
0.930664 1.01102 320.117 -140.551 307.865 0.00393124 -0.806322 -0.770821 -320.117 -105.402 -67.9833 -0.00393124
0.734629 1.12138 320.108 -161.936 247.585 0.00199137 -0.620089 -0.931307 -320.108 -121.412 -60.6052 -0.00199137
0.575206 1.25775 320.102 -189.594 189.45 0.000638357 -0.468451 -1.15058 -320.102 -142.859 -45.5471 -0.000638357
0.433518 1.39364 320.096 -209.742 133.11 -6.26816e-05 -0.330161 -1.27066 -320.096 -158.054 -27.995 6.26816e-05
0.267515 1.43776 320.083 -216.533 76.6421 -5.58016e-05 -0.189901 -1.30389 -320.083 -161.941 -13.9403 5.58016e-05
0.0985835 1.37221 320.079 -209.393 21.1672 0.000700143 -0.0302642 -1.26039 -320.079 -154.021 -3.95313 -0.000700143
-0.0595382 1.24284 320.081 -189.862 -31.3702 0.00223065 0.122372 -1.11628 -320.081 -135.788 5.56206 -0.00223065
-0.150183 1.08552 320.082 -164.543 -76.303 0.00454354 0.256133 -0.925579 -320.082 -113.05 19.4032 -0.00454354
-0.18157 0.903313 320.08 -141.651 -110.16 0.00762107 0.332538 -0.793734 -320.08 -92.5757 38.283 -0.00762107
-0.144406 0.739193 320.091 -122.267 -131.687 0.0114119 0.384445 -0.692602 -320.091 -75.3322 57.702 -0.0114119
-0.103174 0.649283 320.103 -105.937 -140.151 0.0158317 0.387219 -0.56115 -320.103 -61.096 71.4381 -0.0158317
-0.173303 0.626934 320.109 -98.1982 -139.385 0.0207724 0.309741 -0.479969 -320.109 -54.5389 71.6885 -0.0207724
-0.227267 0.666151 320.119 -104.531 -134.322 0.0261134 0.31954 -0.52753 -320.119 -60.1891 57.8523 -0.0261134
-0.189911 0.800458 320.127 -123.434 -119.216 0.0317214 0.32355 -0.650525 -320.127 -76.8147 47.3953 -0.0317214
-0.0895817 0.958089 320.126 -148.72 -89.0493 0.0374404 0.172787 -0.837721 -320.126 -99.1449 51.9501 -0.0374404
0.0466657 1.10026 320.122 -171.868 -53.0967 0.0430897 0.00862931 -1.01164 -320.122 -119.644 57.5363 -0.0430897
0.125005 1.18694 320.115 -184.703 -21.698 0.0484853 -0.0813178 -1.1029 -320.115 -131.38 49.4453 -0.0484853
0.159791 1.16351 320.099 -183.046 5.97601 0.0534576 -0.128656 -1.10986 -320.099 -130.764 33.1865 -0.0534576
0.216479 1.03453 320.085 -165.225 34.7025 0.0578471 -0.198397 -1.00586 -320.085 -116.417 21.9867 -0.0578471
0.313092 0.822377 320.072 -133.11 65.2763 0.0614979 -0.303738 -0.793902 -320.072 -89.9695 19.3566 -0.0614979
0.385179 0.543343 320.061 -92.2035 91.6443 0.0642672 -0.407735 -0.530226 -320.061 -55.9383 17.3502 -0.0642672
0.410205 0.246106 320.057 -48.6257 108.12 0.0660375 -0.443067 -0.246892 -320.057 -19.35 9.24814 -0.0660375
0.487766 -0.0304095 320.06 -7.5331 118.807 0.0667254 -0.387332 0.0251722 -320.06 15.3065 1.60299 -0.0667254
0.565758 -0.264063 320.067 26.7492 132.518 0.0662818 -0.425082 0.248109 -320.067 44.0709 3.89212 -0.0662818
0.652686 -0.430428 320.072 51.0612 148.911 0.0646887 -0.498466 0.404205 -320.072 64.2847 9.65343 -0.0646887
0.729408 -0.523093 320.076 64.462 163.516 0.0619655 -0.513556 0.487815 -320.076 75.2238 7.75461 -0.0619655
0.761633 -0.551114 320.082 68.2386 178.627 0.0581766 -0.529954 0.506336 -320.082 77.8733 -0.602906 -0.0581766
0.782052 -0.520933 320.085 64.4518 197.631 0.0534311 -0.577679 0.480586 -320.085 73.9362 -10.1477 -0.0534311
0.8433 -0.441568 320.086 54.2504 220.915 0.0478792 -0.622829 0.417066 -320.086 64.4065 -18.6849 -0.0478792
0.932722 -0.331866 320.087 38.2433 248.673 0.0417083 -0.692184 0.305107 -320.087 49.8049 -24.4586 -0.0417083
1.05917 -0.208898 320.09 18.8882 281.192 0.0351285 -0.777539 0.159945 -320.09 32.1342 -27.6676 -0.0351285
1.17882 -0.0953088 320.087 0.678955 317.072 0.0283622 -0.881411 0.0197918 -320.087 15.3043 -32.6082 -0.0283622
1.26835 -0.0294994 320.087 -10.8197 353.979 0.0216437 -0.980178 -0.0787983 -320.087 4.10043 -43.4314 -0.0216437
1.34176 -0.0426335 320.091 -10.3899 391.452 0.0152185 -1.06852 -0.096676 -320.091 3.01372 -58.4789 -0.0152185
1.39547 -0.119289 320.091 3.4866 429.435 0.00932584 -1.18461 0.00287119 -320.091 13.4661 -72.9252 -0.00932584
1.46076 -0.263591 320.08 26.8357 464.969 0.0041764 -1.28787 0.162858 -320.08 32.1325 -85.1055 -0.0041764
1.51968 -0.447646 320.072 53.8182 494.273 -5.76543e-05 -1.36933 0.334023 -320.072 54.1985 -94.9589 5.76543e-05
1.54277 -0.589344 320.063 78.7369 514.468 -0.00324277 -1.43903 0.522053 -320.063 74.8086 -102.297 0.00324277
1.57176 -0.663074 320.05 93.3591 523.639 -0.00528993 -1.44639 0.642338 -320.05 86.9763 -106.426 0.00528993
1.5881 -0.63959 320.042 90.7709 522.896 -0.00616229 -1.43599 0.63124 -320.042 84.7893 -104.867 0.00616229
1.5592 -0.480642 320.041 68.8237 512.111 -0.00587573 -1.42853 0.49809 -320.041 66.4033 -99.1282 0.00587573
1.49634 -0.269096 320.04 31.9011 489.026 -0.00449489 -1.35945 0.219464 -320.04 35.6426 -94.3085 0.00449489
1.3975 -0.0426377 320.045 -7.44656 455.229 -0.00212533 -1.24514 -0.0739129 -320.045 3.21129 -90.0058 0.00212533
1.27746 0.191063 320.055 -38.357 414.926 0.00109701 -1.12924 -0.244874 -320.055 -21.7533 -82.3633 -0.00109701
1.14762 0.326527 320.062 -59.2816 369.588 0.00501294 -1.0079 -0.37806 -320.062 -37.9225 -71.8045 -0.00501294
1.00411 0.373478 320.066 -69.9186 319.056 0.00944784 -0.862491 -0.459599 -320.066 -45.0254 -61.2736 -0.00944784
0.844141 0.358479 320.069 -68.2514 264.818 0.0142246 -0.702222 -0.437566 -320.069 -41.5767 -51.3664 -0.0142246
0.68332 0.264835 320.072 -55.6362 209.82 0.0191733 -0.542063 -0.346856 -320.072 -28.7332 -40.8057 -0.0191733
0.526979 0.106517 320.076 -34.4679 156.015 0.0241362 -0.391978 -0.207496 -320.076 -8.79499 -29.4291 -0.0241362
0.378729 -0.0983372 320.065 -6.56692 104.604 0.0289696 -0.249284 -0.0254258 -320.065 16.7338 -18.3047 -0.0289696
0.226586 -0.330399 320.06 26.7476 55.8575 0.0335456 -0.122104 0.199286 -320.06 46.4933 -8.2329 -0.0335456
0.0769097 -0.541038 320.05 60.2357 10.5171 0.0377547 -0.00821593 0.447056 -320.05 76.3052 0.615866 -0.0377547
-0.0342669 -0.702823 320.037 86.185 -30.9056 0.0415104 0.119265 0.642147 -320.037 99.6358 8.99398 -0.0415104
-0.126205 -0.784442 320.031 98.0297 -66.5151 0.0447501 0.209664 0.7275 -320.031 110.848 19.3447 -0.0447501
-0.196322 -0.755552 320.024 93.8453 -95.4294 0.0474322 0.264895 0.707015 -320.024 108.216 30.8809 -0.0474322
-0.240965 -0.651347 320.023 76.0056 -118.493 0.0495348 0.318509 0.576888 -320.023 93.6993 40.3212 -0.0495348
-0.270339 -0.478187 320.027 49.7773 -135.24 0.0510527 0.360337 0.40167 -320.027 71.8232 47.1964 -0.0510527
-0.279995 -0.282142 320.032 20.5709 -143.911 0.0519956 0.369839 0.207774 -320.032 47.1857 53.1984 -0.0519956
-0.282163 -0.102089 320.043 -7.08436 -144.927 0.0523846 0.342135 0.0170299 -320.043 23.6403 57.7337 -0.0523846
-0.2707 0.0387545 320.057 -28.5454 -140.391 0.0522495 0.310955 -0.131183 -320.057 5.18744 59.0927 -0.0522495
-0.265909 0.0906478 320.071 -38.9244 -131.983 0.0516284 0.264868 -0.220291 -320.071 -3.90368 57.7278 -0.0516284
-0.293546 0.00242333 320.085 -31.4285 -122.505 0.0505675 0.195396 -0.209813 -320.085 2.22928 54.0492 -0.0505675
-0.302098 -0.225466 320.094 0.166208 -115.394 0.0491196 0.172186 -0.0154405 -320.094 28.9414 48.9815 -0.0491196
-0.314098 -0.57725 320.092 54.4303 -111.447 0.0473421 0.145982 0.359909 -320.092 75.0818 47.0025 -0.0473421
-0.319187 -1.00029 320.082 120.427 -111.876 0.0452938 0.119783 0.822451 -320.082 131.369 50.3364 -0.0452938
-0.334258 -1.44226 320.069 184.849 -119.759 0.0430309 0.118504 1.24687 -320.069 186.581 56.2868 -0.0430309
-0.34206 -1.77168 320.049 236.811 -136.087 0.040608 0.174812 1.61963 -320.049 231.579 63.7173 -0.040608
-0.360841 -1.94815 320.03 266.243 -157.859 0.0380775 0.231785 1.84463 -320.03 257.584 74.9687 -0.0380775
-0.433932 -1.95749 320.018 266.316 -184.746 0.0354876 0.261411 1.84356 -320.018 258.653 87.6018 -0.0354876
-0.534323 -1.78499 320.013 238.701 -219.781 0.0328858 0.355802 1.65376 -320.013 236.241 95.6644 -0.0328858
-0.647429 -1.45252 320.016 190.013 -261.129 0.0303219 0.498455 1.34205 -320.016 195.982 101.613 -0.0303219
-0.768704 -1.0394 320.03 127.919 -303.556 0.0278455 0.61049 0.930708 -320.03 144.233 111.732 -0.0278455
-0.881897 -0.593489 320.044 60.9514 -346.436 0.0255015 0.718572 0.486854 -320.044 88.3405 123.963 -0.0255015
-1.01663 -0.154505 320.071 -2.4662 -391.269 0.0233314 0.846796 0.0838472 -320.071 35.495 132.393 -0.0233314
-1.18664 0.202774 320.105 -56.013 -437.611 0.0213766 0.989059 -0.268802 -320.105 -8.98577 135.528 -0.0213766
-1.34137 0.438795 320.131 -93.344 -482.612 0.0196751 1.15063 -0.525251 -320.131 -39.655 136.771 -0.0196751
-1.43275 0.538893 320.152 -108.75 -521.025 0.0182577 1.3025 -0.624019 -320.152 -51.7085 141.515 -0.0182577
-1.49859 0.470518 320.167 -100.265 -549.341 0.0171453 1.38104 -0.571691 -320.167 -43.5251 149.829 -0.0171453
-1.5542 0.257861 320.17 -69.42 -569.194 0.0163462 1.44061 -0.364993 -320.17 -16.4633 153.734 -0.0163462
-1.6501 -0.0567613 320.161 -21.7996 -583.465 0.0158605 1.4978 -0.0366204 -320.161 24.7035 146.847 -0.0158605
-1.71185 -0.421827 320.137 33.2667 -589.884 0.0156846 1.57903 0.339876 -320.137 72.0345 133.528 -0.0156846
-1.62051 -0.753461 320.1 85.0318 -579.243 0.0158075 1.64001 0.702375 -320.1 116.117 127.106 -0.0158075
-1.49631 -0.993038 320.062 122.767 -546.565 0.0162028 1.50515 0.96404 -320.062 147.594 130.252 -0.0162028
-1.36322 -1.10655 320.033 139.253 -500.856 0.016832 1.34577 1.0625 -320.033 160.376 125.02 -0.016832
-1.22567 -1.05711 320.005 133.123 -448.542 0.017662 1.2716 1.01644 -320.005 153.318 102.074 -0.017662
-1.13275 -0.838929 319.981 104.992 -384.617 0.0186717 1.10889 0.840634 -319.981 127.043 73.6126 -0.0186717
-0.99081 -0.472742 319.98 55.4369 -308.898 0.019845 0.884346 0.521332 -319.98 81.9406 48.6845 -0.019845
-0.779252 0.0173836 319.996 -13.4735 -227.216 0.0211686 0.660245 0.0634871 -319.996 19.9492 27.3508 -0.0211686
-0.487612 0.618329 320.041 -98.1036 -140.274 0.0226348 0.436705 -0.488304 -320.041 -54.5962 11.7368 -0.0226348
-0.225368 1.25901 320.071 -189.852 -51.1008 0.0242365 0.139747 -1.09453 -320.071 -135.026 -0.0336831 -0.0242365
-0.00588181 1.87114 320.119 -278.713 30.9938 0.0259707 -0.110259 -1.69324 -320.119 -213.365 -17.116 -0.0259707
0.185525 2.31684 320.17 -350.793 103.368 0.0278442 -0.284475 -2.23369 -320.17 -277.459 -38.8318 -0.0278442
0.372906 2.54865 320.197 -388.047 170.208 0.0298567 -0.474571 -2.52071 -320.197 -311.849 -53.4001 -0.0298567
0.584675 2.48326 320.205 -378.897 232.383 0.0319848 -0.688731 -2.48039 -320.205 -306.406 -56.6458 -0.0319848
0.756509 2.12878 320.206 -324.071 282.699 0.0341862 -0.876841 -2.11182 -320.206 -261.393 -57.1736 -0.0341862
0.837979 1.66968 320.184 -241.081 313.629 0.0364054 -0.982037 -1.46463 -320.184 -191.623 -62.272 -0.0364054
0.871154 1.13174 320.147 -158.255 324.765 0.0385764 -0.994181 -0.892975 -320.147 -121.235 -67.1305 -0.0385764
0.913681 0.712647 320.114 -95.8183 321.657 0.0406274 -0.975289 -0.471953 -320.114 -67.6651 -60.7799 -0.0406274
0.967563 0.3864 320.08 -57.0984 308.07 0.04248 -0.96564 -0.273701 -320.08 -33.9599 -41.1437 -0.04248
0.95819 0.149689 320.042 -31.5085 281.601 0.0440514 -0.940818 -0.158855 -320.042 -11.0044 -19.4806 -0.0440514
0.864651 -0.0304356 320.01 -7.07713 239.437 0.0452667 -0.823218 0.000844745 -320.01 11.49 -6.56883 -0.0452667
0.639439 -0.216619 319.994 19.3435 183.15 0.0460729 -0.676582 0.18349 -319.994 36.0006 -1.73645 -0.0460729
0.341706 -0.339431 319.981 41.6557 114.768 0.0464395 -0.49856 0.375811 -319.981 57.2056 0.823893 -0.0464395
0.0770789 -0.294762 319.981 45.0186 35.2921 0.0463535 -0.24372 0.482333 -319.981 62.3863 8.41584 -0.0463535
-0.197448 -0.0569362 320.008 12.6041 -51.4903 0.0458157 -0.0278624 0.304376 -320.008 37.3915 27.3007 -0.0458157
-0.435426 0.490354 320.06 -62.6641 -145.69 0.04484 0.228317 -0.139417 -320.06 -24.1888 53.0575 -0.04484
-0.639362 1.22532 320.128 -175.992 -244.935 0.0434598 0.546408 -0.907163 -320.128 -118.357 80.0002 -0.0434598
-0.886056 1.97359 320.175 -302.775 -342.761 0.0417267 0.809075 -1.84146 -320.175 -223.905 107.275 -0.0417267
-1.10422 2.64576 320.232 -405.979 -433.144 0.0396957 1.06264 -2.539 -320.232 -309.833 132.317 -0.0396957
-1.29632 3.0153 320.281 -462.22 -513.488 0.037418 1.30427 -2.90892 -320.281 -355.695 152.593 -0.037418
-1.44816 3.0822 320.289 -466.079 -577.576 0.0349449 1.48838 -2.8796 -320.289 -357.024 170.145 -0.0349449
-1.55117 2.80797 320.278 -425.734 -623.126 0.0323288 1.6142 -2.60038 -320.278 -320.945 183.99 -0.0323288
-1.61154 2.31713 320.258 -352.802 -648.836 0.0296255 1.68532 -2.10346 -320.258 -257.483 191.48 -0.0296255
-1.62847 1.71359 320.211 -261.502 -654.175 0.0269016 1.70809 -1.4772 -320.211 -178.968 191.322 -0.0269016
-1.6128 1.11566 320.153 -170.07 -639.32 0.0242321 1.66968 -0.84791 -320.153 -100.941 183.967 -0.0242321
-1.56457 0.637572 320.106 -96.6917 -606.077 0.0216948 1.5787 -0.345756 -320.106 -38.966 170.024 -0.0216948
-1.39388 0.268699 320.065 -49.8496 -554.49 0.0193719 1.49353 -0.0956471 -320.065 -0.33863 153.883 -0.0193719
-1.13795 0.107205 320.029 -25.9648 -480.761 0.0173447 1.30319 0.04775 -320.029 17.8744 141.932 -0.0173447
-0.855787 0.0977395 320.015 -21.4652 -387.208 0.0156836 1.00418 0.0773527 -320.015 18.7662 128.824 -0.0156836
-0.589416 0.122131 320.024 -31.8714 -283.13 0.0144501 0.713624 -0.0645194 -320.024 6.21017 101.885 -0.0144501
-0.343561 0.33045 320.035 -53.215 -172.173 0.0137006 0.446365 -0.167834 -320.035 -15.4811 62.0515 -0.0137006
-0.0565667 0.558436 320.067 -86.4281 -51.168 0.0134815 0.140791 -0.408548 -320.067 -46.991 23.1551 -0.0134815
0.300412 0.776686 320.1 -125.968 79.1272 0.0138252 -0.229545 -0.747498 -320.1 -84.3962 -6.42579 -0.0138252
0.710369 1.03771 320.126 -160.193 210.976 0.0147483 -0.590029 -0.97907 -320.126 -118.195 -31.6092 -0.0147483
1.08607 1.22735 320.156 -184.824 339.3 0.0162399 -0.952353 -1.15629 -320.156 -144.229 -57.7518 -0.0162399
1.37861 1.42455 320.178 -203.821 457.791 0.0182565 -1.28349 -1.24677 -320.178 -164.96 -89.8621 -0.0182565
1.61216 1.68936 320.201 -228.086 561.313 0.020738 -1.53447 -1.33566 -320.201 -189.54 -126.235 -0.020738
1.78418 2.03481 320.215 -270.995 649.188 0.0236123 -1.76722 -1.591 -320.215 -229.593 -158.007 -0.0236123
1.96225 2.45598 320.225 -335.307 720.721 0.0267778 -1.95551 -2.05082 -320.225 -286.934 -178.788 -0.0267778
2.16133 2.88436 320.216 -404.707 774.276 0.0300975 -2.0801 -2.56696 -320.216 -347.959 -187.536 -0.0300975
2.28162 3.20251 320.198 -456.578 808.693 0.0334153 -2.20418 -2.954 -320.198 -393.463 -188.144 -0.0334153
2.31243 3.31105 320.161 -474.325 819.841 0.03657 -2.24468 -3.08711 -320.161 -409.084 -189.422 -0.03657
2.27427 3.12892 320.113 -451.463 807.987 0.039399 -2.17911 -2.9588 -320.113 -389.079 -191.91 -0.039399
2.15919 2.81316 320.08 -394.454 777.326 0.0417449 -2.10235 -2.50219 -320.08 -339.435 -187.803 -0.0417449
2.02585 2.3851 320.05 -326.262 729.285 0.043467 -1.98924 -2.00371 -320.05 -279.686 -173.903 -0.043467
1.91171 1.95778 320.028 -267.426 664.433 0.044454 -1.79684 -1.62576 -320.028 -227.326 -151.534 -0.044454
1.78009 1.71093 320.044 -228.144 587.718 0.0446384 -1.59584 -1.32525 -320.044 -191.024 -120.935 -0.0446384
1.59001 1.56048 320.069 -212.098 501.232 0.0440023 -1.40139 -1.23783 -320.069 -174.22 -87.7525 -0.0440023
1.37186 1.45455 320.087 -210.919 405.847 0.0425784 -1.13938 -1.30327 -320.087 -169.804 -58.8845 -0.0425784
1.11464 1.28601 320.127 -201.912 307.896 0.0404526 -0.877798 -1.32278 -320.127 -158.227 -32.7872 -0.0404526
0.791451 1.09491 320.139 -169.022 209.949 0.0377585 -0.667464 -1.04431 -320.139 -126.273 -8.72679 -0.0377585
0.493643 0.787669 320.137 -119.938 110.561 0.034665 -0.392851 -0.667356 -320.137 -80.8767 11.4058 -0.034665
0.208553 0.528914 320.135 -75.4337 12.0784 0.0313645 -0.113976 -0.306167 -320.135 -39.774 31.8 -0.0313645
0.0281 0.436221 320.123 -57.1165 -79.0477 0.0280561 0.159341 -0.133186 -320.123 -21.4033 60.0579 -0.0280561
-0.100428 0.601938 320.102 -79.5599 -156.528 0.0249322 0.343546 -0.253083 -320.102 -38.3962 94.1605 -0.0249322
-0.239274 0.947198 320.104 -141.364 -222.97 0.0221715 0.496653 -0.724266 -320.104 -89.327 120.127 -0.0221715
-0.384628 1.47098 320.103 -222.846 -278.603 0.0199337 0.677987 -1.2833 -320.103 -157.362 130.537 -0.0199337
-0.543807 1.99733 320.105 -301.556 -317.34 0.0183461 0.791496 -1.80723 -320.105 -223.677 131.551 -0.0183461
-0.610187 2.39365 320.118 -361.227 -334.961 0.0174895 0.861223 -2.21049 -320.118 -274.413 130.351 -0.0174895
-0.597397 2.59437 320.133 -390.619 -330.45 0.0173961 0.852128 -2.4065 -320.133 -299.803 128.874 -0.0173961
-0.551356 2.55779 320.144 -384.713 -306.326 0.0180499 0.767237 -2.36854 -320.144 -295.417 122.883 -0.0180499
-0.5049 2.22585 320.152 -342.17 -268.435 0.0193882 0.665249 -2.13586 -320.152 -259.997 105.584 -0.0193882
-0.466271 1.67388 320.154 -263.141 -220.374 0.0213139 0.562008 -1.63628 -320.154 -193.826 77.2414 -0.0213139
-0.433164 0.953317 320.139 -156.175 -163.821 0.0237085 0.419881 -0.932155 -320.139 -104.069 45.0341 -0.0237085
-0.372406 0.136008 320.135 -37.5482 -102.744 0.0264368 0.257382 -0.167604 -320.135 -4.26958 14.9389 -0.0264368
-0.314653 -0.652706 320.114 78.0646 -42.3867 0.0293519 0.0679079 0.581706 -320.114 92.4899 -11.1384 -0.0293519
-0.206533 -1.29556 320.08 174.969 9.18446 0.0323054 -0.0363874 1.22665 -320.08 173.406 -33.2573 -0.0323054
-0.0655512 -1.75999 320.053 241.991 52.9457 0.0351538 -0.126089 1.65109 -320.053 229.119 -45.0728 -0.0351538
0.0745602 -1.96221 320.03 273.695 89.8951 0.0377608 -0.25552 1.86583 -320.03 254.991 -44.7396 -0.0377608
0.199734 -1.91208 320.003 268.135 115.955 0.0400016 -0.349044 1.83589 -320.003 249.492 -40.5603 -0.0400016
0.304996 -1.64347 319.98 227.51 130.055 0.0417715 -0.373008 1.55688 -319.98 214.501 -36.7939 -0.0417715
0.403999 -1.24282 319.971 162.85 138.086 0.0429883 -0.392669 1.08966 -319.971 159.322 -28.4344 -0.0429883
0.539296 -0.783842 319.973 92.1155 145.884 0.0435881 -0.429548 0.600006 -319.973 99.0669 -12.4645 -0.0435881
0.688672 -0.357013 319.987 30.7442 155.231 0.0435303 -0.485408 0.202376 -319.987 46.5944 6.51947 -0.0435303
0.814382 0.0290959 320.019 -17.3555 166.053 0.042804 -0.54421 -0.0596003 -320.019 5.20445 21.1757 -0.042804
0.855631 0.370531 320.063 -59.7075 176.873 0.0414272 -0.614724 -0.289599 -320.063 -31.3491 25.8039 -0.0414272
0.740945 0.638276 320.113 -102.021 181.658 0.0394498 -0.693872 -0.591602 -320.113 -67.7085 16.1383 -0.0394498
0.634801 0.913864 320.165 -141.166 176.645 0.0369596 -0.63252 -0.841271 -320.165 -101.092 -1.95365 -0.0369596
0.547756 1.14333 320.208 -173.15 167.019 0.0340759 -0.589386 -1.03949 -320.208 -128.163 -10.3052 -0.0340759
0.540392 1.23816 320.233 -193.437 155.551 0.0309292 -0.576869 -1.2139 -320.233 -145.054 -1.61414 -0.0309292
0.717852 1.27328 320.237 -195.922 143.823 0.0276482 -0.458642 -1.20856 -320.237 -146.681 18.2398 -0.0276482
0.775632 1.2053 320.218 -182.334 135.663 0.0243579 -0.489394 -1.09134 -320.218 -134.693 38.5766 -0.0243579
0.768054 1.12332 320.178 -163.854 127.225 0.0211796 -0.458378 -0.922849 -320.178 -118.589 41.6647 -0.0211796
0.746232 1.07378 320.129 -153.454 120.941 0.0182358 -0.330942 -0.831501 -320.129 -109.534 27.3489 -0.0182358
0.737746 1.11622 320.086 -158.721 130.386 0.0156456 -0.321594 -0.862038 -320.086 -114.345 15.4778 -0.0156456
0.836897 1.26417 320.051 -180.198 159.837 0.0135083 -0.408938 -1.00932 -320.051 -133.635 11.8392 -0.0135083
1.04796 1.49461 320.036 -213.52 205.641 0.011901 -0.496016 -1.23796 -320.036 -163.707 7.29575 -0.011901
1.25763 1.82436 320.048 -254.667 267.663 0.0108902 -0.648298 -1.47896 -320.048 -201.373 -4.61395 -0.0108902
1.46848 2.20346 320.071 -304.314 345.809 0.0105366 -0.83729 -1.78987 -320.071 -247.009 -27.3679 -0.0105366
1.71522 2.60869 320.117 -361.528 441.09 0.0108936 -1.04682 -2.17934 -320.117 -299.533 -59.4223 -0.0108936
1.88019 3.04875 320.178 -421.182 550.421 0.0120058 -1.39051 -2.5703 -320.178 -354.634 -98.256 -0.0120058
1.93468 3.52743 320.228 -483.019 659.33 0.0139054 -1.75605 -2.94923 -320.228 -411.223 -148.889 -0.0139054
1.72589 3.94458 320.245 -546.806 742.872 0.0166111 -2.07626 -3.40955 -320.245 -468.604 -216.786 -0.0166111
1.37177 4.19694 320.265 -599.123 779.527 0.0201258 -2.16855 -3.87384 -320.265 -515.246 -289.408 -0.0201258
0.94793 4.2565 320.235 -617.376 762.702 0.0244165 -2.12937 -4.05728 -320.235 -530.547 -336.47 -0.0244165
0.70179 3.89099 320.186 -580.211 692.188 0.0293854 -1.90246 -3.90387 -320.186 -496.054 -331.414 -0.0293854
0.286495 3.06912 320.157 -472.395 558.565 0.0348505 -1.7267 -3.24541 -320.157 -399.457 -279.732 -0.0348505
-0.0351395 1.74342 320.093 -292.226 353.602 0.0405469 -1.10018 -2.09705 -320.093 -237.992 -206.185 -0.0405469
-0.398983 -0.0197621 320.033 -46.0572 98.1762 0.0461519 -0.317935 -0.48163 -320.033 -17.6205 -109.647 -0.0461519
-0.631049 -1.96139 320.065 245.549 -173.94 0.0512999 0.476879 1.55479 -320.065 240.084 19.956 -0.0512999
-0.775659 -3.88676 319.993 529.184 -429.201 0.0555841 1.10223 3.51353 -319.993 492.79 168.163 -0.0555841
-1.1507 -5.41226 319.866 758.767 -676.998 0.0586104 1.64339 5.1412 -319.866 698.616 288.792 -0.0586104
-1.5555 -6.28078 319.871 892.421 -904.943 0.0600704 2.35502 6.12827 -319.871 821.197 362.043 -0.0600704
-2.28742 -6.31822 319.865 904.498 -1096.18 0.059764 2.73694 6.2962 -319.865 837.483 399.084 -0.059764
-2.79815 -5.55 319.825 789.894 -1243.77 0.0576243 3.1968 5.54571 -319.825 742.382 412.382 -0.0576243
-3.04968 -4.05717 319.891 569.543 -1335.25 0.0537478 3.52004 4.07841 -319.891 553.988 424.326 -0.0537478
-3.19112 -2.14911 320.006 282.824 -1363.19 0.0483689 3.45426 2.11622 -320.006 306.29 441.749 -0.0483689
-3.22865 -0.0823288 320.121 -23.6467 -1347.45 0.0418224 3.36882 0.0417357 -320.121 40.9185 432.679 -0.0418224
-3.30039 1.8159 320.208 -304.007 -1305.6 0.0345378 3.35975 -1.85209 -320.208 -202.345 382.333 -0.0345378
-3.37775 3.37836 320.289 -527.106 -1229.78 0.0270175 3.20147 -3.31339 -320.289 -396.779 317.932 -0.0270175
-3.3881 4.60681 320.342 -686.891 -1124.2 0.01977 2.85849 -4.25376 -320.342 -536.475 258.57 -0.01977
-3.47787 5.52561 320.383 -801.17 -1016.6 0.0132538 2.45137 -4.88941 -320.383 -636.841 195.084 -0.0132538
-3.47252 6.14936 320.418 -888.144 -931.52 0.00785911 2.33604 -5.45327 -320.418 -713.858 126.935 -0.00785911
-3.47411 6.21533 320.38 -931.92 -865.744 0.0038942 2.18679 -5.98901 -320.38 -753.171 81.7451 -0.0038942
-3.41041 5.4575 320.328 -868.001 -821.042 0.00156667 2.01808 -5.88757 -320.328 -698.439 69.2362 -0.00156667
-2.95923 3.78474 320.266 -632.61 -793.972 0.000972179 2.1487 -4.38634 -320.266 -495.553 86.4434 -0.000972179
-2.59531 0.991328 320.137 -222.806 -767.909 0.00208625 1.99559 -1.66026 -320.137 -143.206 131.73 -0.00208625
-1.97681 -2.35403 320.003 295.924 -732.613 0.00476556 1.97721 1.97111 -320.003 301.434 184.328 -0.00476556
-1.18065 -5.71159 319.861 811.384 -669.31 0.00877563 1.96859 5.54185 -319.861 742.652 232.155 -0.00877563
-0.356559 -8.46594 319.729 1219.37 -548.566 0.0138258 1.60709 8.2582 -319.729 1090.08 275.24 -0.0138258
0.279328 -10.1358 319.639 1458.31 -377.413 0.0195969 0.966794 9.77476 -319.639 1291.11 280.59 -0.0195969
0.678677 -10.5948 319.615 1519.17 -175.251 0.0257826 0.361395 10.0788 -319.615 1335.61 217.628 -0.0257826
0.693344 -9.79108 319.688 1409.46 37.5001 0.0321321 -0.281389 9.33587 -319.688 1231.74 96.2518 -0.0321321
0.82173 -7.65482 319.756 1131.93 256.143 0.0384603 -0.784552 7.67358 -319.756 984.755 -34.5543 -0.0384603
0.825925 -4.43852 319.886 682.826 470.599 0.0446295 -1.57633 4.80483 -319.886 593.606 -138.523 -0.0446295
1.02477 -0.587158 320.064 102.959 634.725 0.0505127 -1.9824 0.820729 -320.064 91.5218 -218.653 -0.0505127
1.44784 3.35533 320.194 -505.874 749.861 0.0559524 -2.1141 -3.44781 -320.194 -433.454 -256.869 -0.0559524
1.97844 6.80393 320.389 -1015.45 835.017 0.0607307 -2.34849 -6.88152 -320.389 -874.217 -236.232 -0.0607307
2.34799 9.09615 320.421 -1346.26 884.339 0.0645666 -2.62519 -9.06738 -320.421 -1161.76 -196.267 -0.0645666
2.61953 10.2261 320.373 -1485.79 886.029 0.0671471 -2.4842 -9.82266 -320.373 -1282.55 -179.944 -0.0671471
2.57723 10.3982 320.424 -1475.29 857.613 0.0681782 -2.34857 -9.50201 -320.424 -1272.54 -176.15 -0.0681782
2.71433 9.81958 320.448 -1379.23 825.741 0.0674107 -2.12532 -8.77548 -320.448 -1188.37 -156.27 -0.0674107
2.92911 8.67787 320.39 -1230.35 807.664 0.0646581 -2.07446 -7.90146 -320.39 -1058.92 -115.667 -0.0646581
3.02378 7.21831 320.368 -1023.51 801.027 0.0598532 -2.16219 -6.57017 -320.368 -880.375 -83.9256 -0.0598532
2.97997 5.30205 320.356 -752.18 792.623 0.0530955 -2.08282 -4.83604 -320.356 -647.65 -92.552 -0.0530955
2.71818 2.79671 320.279 -416.12 788.245 0.0446568 -2.02363 -2.82107 -320.279 -359.531 -132.469 -0.0446568
2.56548 -0.215034 320.164 -4.96822 797.301 0.0349564 -1.94697 -0.311167 -320.164 -8.23801 -173.148 -0.0349564
2.46534 -3.5014 320.04 469.128 823.168 0.02452 -2.07663 2.77154 -320.04 397.127 -194.894 -0.02452
2.42313 -6.8463 319.855 957.713 847.105 0.0139386 -2.1991 6.00302 -319.855 816.627 -207.72 -0.0139386
2.28545 -9.76868 319.68 1390.18 848.262 0.00382778 -2.21057 8.91575 -319.68 1189.89 -226.298 -0.00382778
1.87377 -11.6407 319.526 1685.75 815.663 -0.00522362 -2.19486 11.0506 -319.526 1447.6 -252.745 0.00522362
1.37287 -11.9009 319.364 1760.03 737.938 -0.0126971 -1.93928 11.8152 -319.364 1514.84 -279.58 0.0126971
0.818493 -10.6241 319.287 1561.81 614.828 -0.018167 -1.57809 10.4326 -319.287 1345.83 -283.099 0.018167
0.24369 -7.75789 319.412 1118.9 446.803 -0.0213394 -1.19818 7.35645 -319.412 968.218 -247.231 0.0213394
-0.168987 -3.86327 319.613 530.635 233.857 -0.0221027 -0.583708 3.39118 -319.613 471.171 -176.563 0.0221027
-0.625522 0.226161 319.859 -77.6644 -7.91623 -0.0205357 -0.00107903 -0.627306 -319.859 -40.0809 -78.8233 0.0205357
-1.10722 3.6501 320.199 -589.578 -263.422 -0.0168777 0.595173 -4.03577 -320.199 -471.598 27.226 0.0168777
-1.59905 6.09623 320.372 -935.264 -531.494 -0.0114751 1.3603 -6.2003 -320.372 -762.562 121.102 0.0114751
-1.93297 7.27393 320.577 -1092.81 -782.089 -0.00473869 2.131 -7.12086 -320.577 -894.754 218.545 0.00473869
-2.15362 7.21603 320.646 -1083.16 -992.186 0.00286826 2.63604 -7.02642 -320.646 -883.36 327.869 -0.00286826
-2.32501 6.22584 320.629 -933.454 -1157.98 0.0108871 2.98591 -5.97622 -320.629 -751.319 421.229 -0.0108871
-2.63353 4.38462 320.625 -677.335 -1283.3 0.0189557 3.26347 -4.34233 -320.625 -527.581 465.327 -0.0189557
-2.8775 2.00554 320.554 -343.624 -1359.15 0.0268234 3.57849 -2.19945 -320.554 -236.879 463.842 -0.0268234
-3.09542 -0.562655 320.383 35.8247 -1368.76 0.0343134 3.56657 0.361023 -320.383 91.8602 445.018 -0.0343134
-3.05531 -3.15919 320.196 414.106 -1312.1 0.0413088 3.38445 2.86534 -320.196 417.924 419.176 -0.0413088
-2.79754 -5.42698 320.022 747.397 -1198.23 0.0477504 3.06887 5.0799 -320.022 703.57 384.712 -0.0477504
-2.48625 -7.09388 319.792 1000.14 -1042.36 0.0536098 2.59097 6.79329 -319.792 917.584 338.146 -0.0536098
-2.06156 -7.92845 319.598 1137.21 -859.074 0.0588529 2.118 7.76775 -319.598 1030.31 279.215 -0.0588529
-1.5002 -7.78263 319.484 1130.81 -654.703 0.063419 1.64188 7.77489 -319.484 1017.54 218.563 -0.063419
-0.86922 -6.47334 319.44 960.024 -430.927 0.0672216 1.02794 6.7292 -319.44 863.142 167.187 -0.0672216
-0.254866 -4.15317 319.472 627.974 -201.615 0.0701587 0.360277 4.5227 -319.472 570.126 115.435 -0.0701587
0.311757 -1.2618 319.633 180.804 26.6859 0.0721326 -0.24639 1.34539 -319.633 179.305 49.7001 -0.0721326
0.834511 1.83349 319.951 -288.171 248.425 0.0730812 -0.759824 -1.91182 -319.951 -228.899 -28.3989 -0.0730812
1.37112 4.47726 320.184 -681.557 469.274 0.0729894 -1.30873 -4.61681 -320.184 -574.097 -98.8178 -0.0729894
1.95234 6.20276 320.413 -937.819 689.28 0.0718667 -1.92038 -6.39837 -320.413 -802.111 -153.612 -0.0718667
2.50247 6.78034 320.689 -1023.24 895.836 0.0697522 -2.51042 -7.02636 -320.689 -883.172 -202.281 -0.0697522
2.92544 6.15328 320.734 -932.825 1074.33 0.0667365 -2.99501 -6.48129 -320.734 -811.741 -255.068 -0.0667365
3.2315 4.48833 320.692 -684.609 1217.4 0.062945 -3.35442 -4.83661 -320.692 -602.956 -305.934 -0.062945
3.45432 1.9918 320.629 -317.414 1321.4 0.0585167 -3.6236 -2.41298 -320.629 -290.763 -341.788 -0.0585167
3.62268 -0.949111 320.443 115.321 1381.44 0.0535927 -3.79973 0.464706 -320.443 79.9521 -354.153 -0.0535927
3.54725 -3.89438 320.122 554.184 1387.4 0.0482904 -3.93826 3.43413 -320.122 457.812 -351.415 -0.0482904
3.32367 -6.43783 319.828 935.89 1326 0.0426856 -3.74831 6.04161 -319.828 787.364 -347.248 -0.0426856
3.08951 -8.04533 319.544 1193.36 1208.92 0.0368208 -3.28402 7.92488 -319.544 1011.91 -326.871 -0.0368208
2.81771 -8.4365 319.286 1269.66 1056.89 0.0307173 -2.87235 8.58879 -319.286 1081.31 -269.593 -0.0307173
2.51641 -7.17237 319.183 1119.43 872.854 0.0243661 -2.42251 7.85803 -319.183 956.08 -189.729 -0.0243661
2.00547 -4.43238 319.242 722.763 648.197 0.0177337 -1.816 5.30512 -319.242 621.894 -119.859 -0.0177337
1.31143 -0.626551 319.408 130.901 391.925 0.0108076 -1.02753 1.21968 -319.408 124.12 -68.782 -0.0108076
0.546758 3.68707 319.743 -530.679 133.06 0.00362731 -0.276454 -3.28954 -319.743 -432.573 -19.7015 -0.00362731
-0.128495 7.24352 320.184 -1104.78 -99.5514 -0.00371518 0.33016 -7.42135 -320.184 -920.089 35.4218 0.00371518
-0.80921 9.27094 320.397 -1453.24 -316.953 -0.01106 0.919501 -10.0646 -320.397 -1216.57 76.9961 0.01106
-1.45012 9.55576 320.571 -1488.59 -513.844 -0.0181745 1.51106 -10.2331 -320.571 -1243.81 103.286 0.0181745
-2.09192 7.88025 320.828 -1229.69 -690.403 -0.0247747 2.01495 -8.37592 -320.828 -1014.9 121.268 0.0247747
-2.62006 4.86014 320.957 -761.564 -843.476 -0.0305194 2.46485 -5.04666 -320.957 -606.277 138.96 0.0305194
-2.98592 1.24994 320.864 -208.299 -968.026 -0.0350076 2.82833 -1.17912 -320.864 -126.982 162.514 0.0350076
-3.19669 -2.32735 320.697 312.729 -1059.83 -0.0378163 3.05192 2.28197 -320.697 323.878 194.106 0.0378163
-3.25957 -5.36694 320.488 740.471 -1118.23 -0.0385572 3.17209 5.02138 -320.488 694.122 227.048 0.0385572
-3.30458 -7.52985 320.13 1055.5 -1147.34 -0.0369273 3.17157 7.12041 -320.13 967.603 249.91 0.0369273
-3.32948 -8.81672 319.733 1249.17 -1153.6 -0.0327178 3.14654 8.45622 -319.733 1136.08 256.157 0.0327178
-3.30439 -9.25693 319.425 1313.19 -1137.33 -0.02582 3.0669 8.88096 -319.425 1191.5 254.373 0.02582
-3.1533 -8.48403 319.185 1234.71 -1096.47 -0.0162701 2.89426 8.58574 -319.185 1122.48 258.291 0.0162701
-2.81592 -6.49865 319.051 981.585 -1032 -0.00427856 2.66589 7.13936 -319.051 901.733 272.05 0.00427856
-2.35908 -3.61019 319.13 545.868 -946.515 0.00978209 2.37772 4.13561 -319.13 523.831 289.582 -0.00978209
-1.84494 0.144957 319.392 -14.9929 -839.422 0.0254052 2.03091 0.320003 -319.392 39.2951 301.573 -0.0254052
-1.19456 4.22623 319.711 -611.381 -705.361 0.0419923 1.69553 -3.65559 -319.711 -476.84 303.897 -0.0419923
-0.693073 7.82613 320.134 -1157.92 -543.701 0.0589016 1.11995 -7.45929 -320.134 -952.629 291.31 -0.0589016
-0.317357 10.578 320.647 -1568.25 -368.259 0.075483 0.550458 -10.2987 -320.647 -1314.38 246.806 -0.075483
0.017321 11.9724 320.93 -1781.24 -188.632 0.0910903 0.113496 -11.8274 -320.93 -1505.02 174.197 -0.0910903
0.295631 11.7322 321.132 -1755.51 -3.58621 0.105101 -0.400083 -11.7596 -321.132 -1488.24 98.9631 -0.105101
0.661076 9.85254 321.286 -1483.97 181.677 0.116964 -0.908294 -9.99826 -321.286 -1257.01 34.7623 -0.116964
1.09459 6.48361 321.266 -991.265 351.501 0.126212 -1.31069 -6.75302 -321.266 -836.405 -19.2688 -0.126212
1.61594 2.10252 320.979 -340.425 513.062 0.132447 -1.67875 -2.4269 -320.979 -284.932 -57.7225 -0.132447
1.9373 -2.61707 320.584 363.089 648.107 0.135366 -2.06323 2.27523 -320.584 312.532 -95.0618 -0.135366
2.10251 -6.90403 320.055 1010.33 741.317 0.134811 -2.21695 6.67492 -320.055 864.763 -144.038 -0.134811
2.05722 -10.201 319.56 1501.24 790.566 0.130784 -2.25811 9.99078 -319.56 1286.97 -193.714 -0.130784
1.92112 -12.0391 319.1 1772.64 806.723 0.123374 -2.29222 11.8321 -319.1 1523.65 -223.894 -0.123374
1.81743 -12.3059 318.761 1808.15 783.811 0.112754 -2.15758 12.0547 -318.761 1555.71 -233.919 -0.112754
1.71232 -11.089 318.679 1622.84 724.868 0.0991933 -1.91297 10.7715 -318.679 1395.8 -223.378 -0.0991933
1.58291 -8.56588 318.811 1254.51 638.231 0.0830443 -1.62688 8.33528 -318.811 1079.32 -194.296 -0.0830443
1.25465 -5.15566 319.077 752.32 524.256 0.0647221 -1.35626 5.01428 -319.077 652.054 -163.232 -0.0647221
0.847343 -1.37914 319.448 186.103 382.48 0.0447387 -0.880166 1.21814 -319.448 172.624 -143.676 -0.0447387
0.27902 2.3226 319.957 -365.271 227.196 0.0236994 -0.46383 -2.44962 -319.957 -293.597 -124.614 -0.0236994
-0.197789 5.45546 320.459 -829.306 75.6212 0.00226637 -0.072946 -5.52851 -320.459 -687.297 -93.1482 -0.00226637
-0.491868 7.65059 320.87 -1156.89 -71.9811 -0.0188612 0.382323 -7.72228 -320.87 -965.742 -49.3415 0.0188612
-0.687309 8.65331 321.113 -1313.44 -205.817 -0.0389579 0.723808 -8.80514 -321.113 -1097.18 10.0187 0.0389579
-0.86791 8.41647 321.239 -1281.07 -322.567 -0.0573048 0.932692 -8.58356 -321.239 -1066.25 72.6652 0.0573048
-0.981607 7.03295 321.219 -1074.39 -425.352 -0.0732146 1.22393 -7.15622 -321.219 -884.787 119.256 0.0732146
-1.152 4.73966 321.047 -731.496 -508.608 -0.0860377 1.437 -4.81322 -321.047 -587.478 149.341 0.0860377
-1.45566 1.88907 320.739 -309.001 -568.76 -0.0951808 1.44572 -1.96321 -320.739 -222.812 166.195 0.0951808
-1.63392 -1.09687 320.316 136.449 -615.465 -0.100145 1.5844 1.05515 -320.316 160.833 169.019 0.100145
-1.72749 -3.84484 319.851 547.915 -646.506 -0.100564 1.67503 3.8519 -319.851 515.002 174.534 0.100564
-1.79793 -6.02409 319.423 873.346 -661.069 -0.096245 1.58924 6.05931 -319.423 795.294 191.145 0.096245
-1.85342 -7.33003 319.111 1068.54 -674.754 -0.0871972 1.56008 7.39115 -319.111 964.328 201.14 0.0871972
-1.92931 -7.58261 318.933 1106.96 -697.388 -0.0736299 1.67351 7.6655 -318.933 998.677 197.596 0.0736299
-1.87355 -6.73447 318.931 983.112 -715.313 -0.0559536 1.82774 6.84957 -318.931 892.739 201.894 0.0559536
-1.77595 -4.87365 319.138 711.015 -714.225 -0.0348008 1.75952 5.04715 -319.138 659.007 223.689 0.0348008
-1.68582 -2.24631 319.488 324.425 -703.954 -0.0110078 1.68666 2.46867 -319.488 326.761 235.946 0.0110078
-1.62142 0.796653 319.929 -127.78 -689.386 0.0144695 1.75415 -0.576223 -319.929 -61.6643 221.026 -0.0144695
-1.59374 3.78934 320.39 -579.683 -656.348 0.0406247 1.73939 -3.67817 -320.39 -451.331 193.976 -0.0406247
-1.50946 6.37514 320.791 -964.347 -596.917 0.0664264 1.59625 -6.28998 -320.791 -784.375 166.118 -0.0664264
-1.31225 8.0674 321.086 -1221.08 -514.132 0.0908661 1.42738 -8.08279 -321.086 -1008.88 134.1 -0.0908661
-1.11037 8.55128 321.176 -1306.13 -411.207 0.113012 1.16113 -8.76863 -321.176 -1085.36 96.0753 -0.113012
-0.846547 7.90969 321.124 -1200.88 -289.348 0.132024 0.854317 -8.01075 -321.124 -997.362 53.3043 -0.132024
-0.478239 6.23135 320.964 -934.812 -150.417 0.147177 0.536178 -6.12847 -320.964 -771.767 9.47196 -0.147177
-0.0620135 3.88221 320.668 -573.053 4.57117 0.157929 0.109397 -3.63811 -320.668 -465.275 -28.7875 -0.157929
0.457039 1.21013 320.335 -177.939 171.834 0.163932 -0.360175 -1.03851 -320.335 -132.464 -59.2119 -0.163932
1.04849 -1.28865 319.892 199.575 348.207 0.165014 -0.867674 1.48638 -319.892 183.697 -83.5167 -0.165014
1.59082 -3.50575 319.507 518.839 520.313 0.161214 -1.38706 3.51771 -319.507 451.062 -108.697 -0.161214
2.02811 -5.13964 319.239 756.932 679.78 0.152803 -1.89091 5.04933 -319.239 650.065 -137.897 -0.152803
2.3672 -6.08265 319.106 897.298 817.774 0.140258 -2.3218 5.9679 -319.106 766.747 -169.284 -0.140258
2.64378 -6.29026 319.1 929.114 928.769 0.124204 -2.6711 6.16796 -319.1 791.22 -193.618 -0.124204
2.84964 -5.70616 319.236 849.318 1008.98 0.105376 -2.97647 5.66113 -319.236 720.373 -203.071 -0.105376
3.05409 -4.48553 319.494 665.621 1052.76 0.084578 -3.13265 4.39952 -319.494 561.314 -196.972 -0.084578
3.14346 -2.77258 319.826 405.396 1057.03 0.0626367 -3.2119 2.60858 -319.826 337.711 -177.968 -0.0626367
3.04385 -0.799162 320.189 107.773 1015.53 0.0403646 -3.1785 0.589998 -320.189 84.1077 -154.922 -0.0403646
2.70654 1.14281 320.498 -184.483 920.751 0.0185347 -2.96251 -1.3714 -320.498 -162.622 -136.717 -0.0185347
2.18462 2.81848 320.712 -433.351 773.366 -0.00214231 -2.54327 -3.00569 -320.712 -370.797 -119.557 0.00214231
1.67554 4.09521 320.847 -614.717 585.746 -0.0210526 -1.93553 -4.12236 -320.847 -519.913 -86.5164 0.0210526
1.11869 4.77676 320.856 -717.601 370.836 -0.0377109 -1.34449 -4.77018 -320.856 -600.583 -30.5695 0.0377109
0.521037 4.89051 320.727 -734.926 136.96 -0.0517634 -0.706566 -4.83354 -320.727 -607.704 32.1727 0.0517634
-0.121868 4.36786 320.603 -663.797 -111.808 -0.062961 0.0897288 -4.34663 -320.603 -539.419 81.6649 0.062961
-0.801964 3.15626 320.323 -500.677 -363.93 -0.0711295 0.950386 -3.31751 -320.323 -393.127 120.496 0.0711295
-1.46311 1.44397 320.007 -250.511 -592.319 -0.0761711 1.63508 -1.61292 -320.007 -171.471 162.54 0.0761711
-2.01494 -0.724507 319.784 65.0255 -794.475 -0.078079 2.26276 0.507216 -319.784 105.185 201.381 0.078079
-2.55214 -3.08758 319.551 406.522 -963.292 -0.0769123 2.76532 2.77501 -319.551 403.139 226.264 0.0769123
-3.01039 -5.2052 319.407 724.631 -1096.47 -0.0727749 3.21705 4.97264 -319.407 680.897 233.522 0.0727749
-3.29849 -6.81503 319.406 965.118 -1182.29 -0.0658382 3.55262 6.62926 -319.406 891.457 233.058 0.0658382
-3.38553 -7.65962 319.463 1086.63 -1211.75 -0.056351 3.67555 7.43451 -319.463 997.759 233.468 0.056351
-3.28649 -7.53177 319.595 1070.09 -1183.64 -0.0446208 3.59316 7.33362 -319.595 982.713 230.465 0.0446208
-3.05042 -6.46308 319.827 913.794 -1103.42 -0.0310086 3.36484 6.27503 -319.827 845.268 214.547 0.0310086
-2.8409 -4.58789 320.068 636.746 -979.856 -0.0159248 2.93888 4.38649 -320.068 602.602 179.014 0.0159248
-2.65507 -2.13645 320.329 276.145 -830.387 0.000191882 2.46317 1.95295 -320.329 288.665 121.272 -0.000191882
-2.35857 0.505615 320.492 -112.733 -662.472 0.0168996 1.99811 -0.673146 -320.492 -49.9084 58.9367 -0.0168996
-1.79503 2.93404 320.597 -470.309 -478.006 0.0337551 1.50063 -3.10097 -320.597 -362.905 21.404 -0.0337551
-1.17371 4.80405 320.621 -745.02 -278.138 0.0503015 0.72909 -4.965 -320.621 -603.811 14.2637 -0.0503015
-0.505353 5.83102 320.501 -893.804 -90.2874 0.0660702 0.103533 -5.98363 -320.501 -737.496 5.45538 -0.0660702
0.131966 5.87257 320.354 -899.293 76.8601 0.0806093 -0.32589 -6.05508 -320.354 -747.616 -14.0498 -0.0806093
0.708711 4.91807 320.219 -757.789 234.85 0.0935126 -0.81413 -5.13794 -320.219 -630.683 -24.6831 -0.0935126
1.29918 3.09428 320.011 -483.062 390.66 0.104416 -1.38218 -3.30734 -320.011 -400.806 -20.2733 -0.104416
1.79568 0.727449 319.817 -120.337 522.684 0.112999 -1.83099 -0.8352 -319.817 -95.3572 -21.5634 -0.112999
2.14582 -1.81367 319.712 265.181 621.212 0.119023 -2.11123 1.78014 -319.712 231.14 -32.8858 -0.119023
2.28909 -4.08669 319.626 605.909 686.12 0.122355 -2.34976 4.07234 -319.626 520.789 -44.9671 -0.122355
2.34158 -5.68249 319.597 845.84 712.235 0.122957 -2.41473 5.69771 -319.597 725.645 -54.8178 -0.122957
2.29957 -6.34827 319.655 947.424 699.668 0.120887 -2.33932 6.4003 -319.655 813.011 -58.489 -0.120887
2.16318 -6.03118 319.76 896.465 652.733 0.116284 -2.18551 6.04203 -319.76 770.716 -51.7141 -0.116284
1.95433 -4.78864 319.883 706.416 574.228 0.109339 -1.91722 4.7493 -319.883 610.69 -39.2412 -0.109339
1.58579 -2.81288 320.04 411.905 465.595 0.100286 -1.56408 2.79401 -320.04 362.395 -30.4423 -0.100286
1.11038 -0.447434 320.189 57.073 333.42 0.0894082 -1.1065 0.426526 -320.189 63.6965 -27.3064 -0.0894082
0.54383 1.95451 320.324 -305.159 186.982 0.0770302 -0.635949 -1.99796 -320.324 -240.515 -24.3087 -0.0770302
0.0116467 4.05784 320.397 -617.931 40.0554 0.0634875 -0.172642 -4.06658 -320.397 -503.811 -15.1036 -0.0634875
-0.504078 5.54205 320.46 -839.047 -108.438 0.0491128 0.295512 -5.53114 -320.46 -689.869 -2.74778 -0.0491128
-0.896991 6.22774 320.401 -941.881 -251.936 0.03425 0.807934 -6.20418 -320.401 -774.648 15.449 -0.03425
-1.19302 6.06082 320.325 -915.366 -378.057 0.0192613 1.20886 -5.9913 -320.325 -748.716 45.0484 -0.0192613
-1.35094 5.02495 320.276 -765.494 -479.123 0.00452139 1.52453 -4.99066 -320.276 -617.375 80.4676 -0.00452139
-1.49989 3.24811 320.193 -509.147 -552.488 -0.00958408 1.70993 -3.30118 -320.193 -395.079 107.471 0.00958408
-1.62646 1.036 320.069 -177.732 -597 -0.0226476 1.83373 -1.04152 -320.069 -109.015 117.292 0.0226476
-1.70945 -1.31188 319.97 176.841 -612.281 -0.034234 1.88463 1.38472 -319.97 195.638 114.04 0.034234
-1.67876 -3.43884 319.902 492.365 -594.377 -0.0438981 1.81008 3.49965 -319.902 465.849 110.685 0.0438981
-1.50352 -4.916 319.84 716.28 -545.09 -0.0512161 1.61194 5.02668 -319.84 656.76 113.026 0.0512161
-1.27034 -5.50641 319.819 810.304 -473.941 -0.0558225 1.3154 5.68451 -319.819 735.093 115.139 0.0558225
-1.04231 -5.20405 319.857 758.562 -395.151 -0.0574375 1.02487 5.2715 -319.857 688.051 108.114 0.0574375
-0.820293 -4.04431 319.915 580.878 -313.033 -0.0558882 0.748752 4.02225 -319.915 533.091 94.9669 0.0558882
-0.522624 -2.2562 319.988 317.258 -227.078 -0.051137 0.484172 2.24452 -319.988 304.327 86.8436 0.051137
-0.150771 -0.204902 320.101 11.9786 -134.682 -0.0433092 0.163083 0.173055 -320.101 40.319 90.3182 0.0433092
0.182011 1.79393 320.216 -287.01 -41.2269 -0.0327005 -0.217939 -1.85882 -320.216 -217.267 95.6064 0.0327005
0.36489 3.42335 320.262 -529.89 33.3426 -0.0197635 -0.488644 -3.51134 -320.262 -427.57 83.8419 0.0197635
0.448412 4.48013 320.294 -683.502 85.5772 -0.0050787 -0.593309 -4.5367 -320.294 -561.47 57.7435 0.0050787
0.465835 4.81395 320.319 -731.554 121.408 0.0106794 -0.66646 -4.85975 -320.319 -604.123 34.527 -0.0106794
0.526933 4.46377 320.29 -674.959 143.989 0.0267746 -0.688206 -4.45403 -320.29 -556.341 23.4408 -0.0267746
0.648454 3.53202 320.248 -531.47 154.483 0.0424493 -0.634108 -3.45784 -320.248 -433.614 22.2666 -0.0424493
0.738663 2.19951 320.216 -330.863 158.123 0.0569761 -0.584224 -2.09429 -320.216 -261.94 24.1805 -0.0569761
0.764743 0.735665 320.153 -108.777 155.962 0.0696954 -0.492463 -0.576581 -320.153 -72.3237 17.2613 -0.0696954
0.718928 -0.660868 320.068 98.3443 153.026 0.0800561 -0.371815 0.806256 -320.068 104.338 -2.77835 -0.0800561
0.682378 -1.86871 320.018 267.012 159.224 0.0876653 -0.27496 1.85775 -320.018 247.645 -27.3594 -0.0876653
0.616606 -2.67865 319.963 385.783 180.862 0.0923062 -0.331587 2.63565 -319.963 348.126 -50.194 -0.0923062
0.639547 -3.05129 319.902 443.789 213.207 0.0939344 -0.359117 3.03395 -319.902 396.571 -75.477 -0.0939344
0.685375 -2.97011 319.873 430.678 254.193 0.0926862 -0.419399 2.93117 -319.873 384.279 -101.697 -0.0926862
0.743582 -2.40478 319.875 347.162 304.317 0.0888706 -0.56285 2.36732 -319.875 311.872 -123.847 -0.0888706
0.894421 -1.38494 319.899 203.195 359.172 0.082928 -0.679273 1.44061 -319.899 187.053 -141.66 -0.082928
1.10809 -0.0948033 319.943 13.3653 420.948 0.0753853 -0.842921 0.164228 -319.943 22.4873 -151.193 -0.0753853
1.32742 1.32267 320.026 -196.573 489.575 0.0668145 -1.10146 -1.25614 -320.026 -159.435 -153.691 -0.0668145
1.56158 2.68688 320.115 -394.717 557.898 0.0577855 -1.33116 -2.57327 -320.115 -331.542 -157.817 -0.0577855
1.76113 3.73319 320.202 -551.857 623.363 0.048829 -1.55679 -3.65422 -320.202 -468.142 -164.433 -0.048829
1.91315 4.26671 320.259 -637.409 682.789 0.0404045 -1.79706 -4.2849 -320.259 -543.349 -169.571 -0.0404045
2.10602 4.22036 320.298 -630.193 733.001 0.0328657 -1.97354 -4.24768 -320.298 -539.029 -168.696 -0.0328657
2.28648 3.54755 320.295 -529.346 772.868 0.0264332 -2.1574 -3.5735 -320.295 -453.88 -158.211 -0.0264332
2.43555 2.3777 320.263 -352.708 796.62 0.021195 -2.29703 -2.37645 -320.263 -303.69 -142.096 -0.021195
2.55043 0.89157 320.194 -131.937 800.762 0.0171229 -2.3381 -0.898659 -320.194 -115.194 -124.74 -0.0171229
2.54894 -0.648322 320.121 96.8807 785.756 0.0140944 -2.36466 0.639998 -320.121 81.0839 -106.347 -0.0140944
2.43015 -2.01631 320.023 298.959 747.453 0.0119225 -2.32518 1.99711 -320.023 255.297 -90.0086 -0.0119225
2.19928 -3.03026 319.925 445.982 681.881 0.0103921 -2.17991 2.97647 -319.925 383.518 -76.5243 -0.0103921
1.90402 -3.55046 319.859 521.346 589.298 0.00929385 -1.93177 3.49215 -319.859 451.195 -59.1735 -0.00929385
1.5586 -3.54773 319.818 518.529 472.816 0.00844334 -1.63546 3.48626 -319.818 452.829 -31.5544 -0.00844334
1.153 -3.01192 319.807 440.972 331.244 0.00769954 -1.26862 3.01341 -319.807 391.111 3.05827 -0.00769954
0.711253 -2.0618 319.856 298.685 166.676 0.00699 -0.787057 2.09093 -319.856 274.832 39.7968 -0.00699
0.20209 -0.839789 319.943 113.082 -10.5405 0.00631684 -0.290974 0.864098 -319.943 122.299 77.8412 -0.00631684
-0.318402 0.420894 320.034 -82.2483 -193.745 0.00573868 0.245085 -0.459652 -320.034 -39.2307 114.773 -0.00573868
-0.806985 1.54476 320.148 -253.843 -374.777 0.00536362 0.816469 -1.60305 -320.148 -180.701 149.062 -0.00536362
-1.29474 2.35949 320.228 -375.594 -544.113 0.00534101 1.30636 -2.38827 -320.228 -279.872 183.038 -0.00534101
-1.80542 2.76928 320.332 -435.813 -701.632 0.00582315 1.74118 -2.75917 -320.332 -327.447 209.669 -0.00582315
-2.26697 2.74221 320.39 -433.829 -844.079 0.00694184 2.20718 -2.73789 -320.39 -322.752 223.751 -0.00694184
-2.67631 2.32261 320.401 -374.771 -966.931 0.00880876 2.6318 -2.34497 -320.401 -269.612 231.21 -0.00880876
-2.97759 1.60097 320.391 -268.495 -1059.11 0.0114934 2.92462 -1.6215 -320.391 -176.34 241.168 -0.0114934
-3.17497 0.694752 320.333 -132.58 -1119.45 0.0149932 3.11116 -0.686449 -320.333 -58.0042 248.376 -0.0149932
-3.30898 -0.241283 320.244 9.21674 -1150.31 0.0192321 3.23644 0.294367 -320.244 64.8852 243.379 -0.0192321
-3.38609 -1.07267 320.128 132.578 -1151.17 0.0240762 3.29417 1.12697 -320.128 171.293 225.634 -0.0240762
-3.39935 -1.73397 320.001 223.06 -1120.01 0.0293388 3.23211 1.68127 -320.001 248.665 201.304 -0.0293388
-3.27356 -2.13705 319.89 278.742 -1057.2 0.0347814 3.08867 2.01943 -319.89 295.334 175.821 -0.0347814
-2.8557 -2.27358 319.798 301.015 -957.854 0.0401283 2.91083 2.16675 -319.798 312.254 158.932 -0.0401283
-2.2768 -2.20934 319.743 290.338 -816.715 0.0450847 2.49417 2.06261 -319.743 299.676 155.522 -0.0450847
-1.64901 -1.8347 319.749 246.394 -638.245 0.0493586 1.88865 1.81155 -319.749 257.215 147.685 -0.0493586
-1.05961 -1.178 319.837 163.089 -444.561 0.0527032 1.34503 1.3028 -319.837 179.585 110.873 -0.0527032
-0.582332 -0.254188 319.9 35.4236 -237.722 0.05495 0.74414 0.456842 -319.9 62.8677 53.3962 -0.05495
-0.13071 1.00057 320.058 -135.692 -17.5753 0.0560167 0.0432424 -0.631173 -320.058 -89.5197 -7.09603 -0.0560167
0.397688 2.41421 320.264 -334.004 199.622 0.0559095 -0.603382 -1.93674 -320.264 -266.692 -61.5454 -0.0559095
0.99198 3.7215 320.342 -535.94 405.818 0.0547134 -1.21435 -3.40212 -320.342 -447.625 -100.868 -0.0547134
1.57377 4.7156 320.415 -696.415 593.712 0.0525706 -1.8258 -4.61103 -320.415 -591.357 -123.614 -0.0525706
2.09027 5.09112 320.502 -762.694 747.84 0.0496742 -2.29159 -5.16716 -320.502 -653.731 -141.799 -0.0496742
2.4669 4.69404 320.458 -708.067 864.201 0.046259 -2.63041 -4.85791 -320.458 -610.83 -159.139 -0.046259
2.6898 3.60217 320.334 -538.175 941.71 0.042559 -2.86714 -3.68266 -320.334 -467.675 -173.036 -0.042559
2.70806 2.02149 320.225 -294.4 974.315 0.0387827 -3.01445 -1.99324 -320.225 -259.905 -182.725 -0.0387827
2.58894 0.27538 320.097 -31.3306 954.657 0.0351139 -2.95542 -0.199714 -320.097 -34.2095 -187.712 -0.0351139
2.375 -1.24588 319.931 199.543 884.912 0.0317001 -2.72795 1.39666 -319.931 165.411 -179.072 -0.0317001
2.02535 -2.33856 319.804 359.705 768.796 0.028646 -2.43483 2.48377 -319.804 306.247 -151.973 -0.028646
1.65509 -3.01174 319.734 438.764 608.267 0.02602 -1.93599 2.91339 -319.734 379.473 -111.808 -0.02602
1.18191 -3.17282 319.704 454.325 412.918 0.0238593 -1.35966 3.01051 -319.704 399.573 -61.8063 -0.0238593
0.52969 -3.0982 319.743 430.757 189.371 0.0221679 -0.776317 2.81742 -319.743 386.182 -9.34292 -0.0221679
-0.17087 -2.94836 319.854 390.484 -52.3017 0.0209293 -0.0702359 2.4851 -319.854 359.888 37.591 -0.0209293
-0.961288 -2.65269 319.939 351.968 -302.618 0.0201342 0.638121 2.32954 -319.939 336.107 80.4241 -0.0201342
-1.70284 -2.23486 320.026 304.673 -555.211 0.0197881 1.39089 2.17264 -320.026 304.051 126.137 -0.0197881
-2.38692 -1.73731 320.169 225.851 -805.36 0.0198943 2.11772 1.66389 -320.169 243.928 180.931 -0.0198943
-2.9596 -0.902093 320.27 108.889 -1036.8 0.0204395 2.75747 0.96403 -320.27 148.926 244.439 -0.0204395
-3.40049 0.168594 320.311 -44.9856 -1243.83 0.0213909 3.37401 -0.0115329 -320.311 20.2514 304.996 -0.0213909
-3.87084 1.37289 320.389 -223.143 -1416.57 0.022708 3.80462 -1.19643 -320.389 -131.499 352.949 -0.022708
-4.26376 2.53355 320.439 -398.255 -1552.69 0.0243479 4.19362 -2.39893 -320.439 -282.702 380.816 -0.0243479
-4.55135 3.35812 320.408 -531.344 -1645.31 0.026243 4.48236 -3.37576 -320.408 -398.358 393.668 -0.026243
-4.66524 3.70769 320.351 -584.315 -1687.59 0.0282809 4.60065 -3.74378 -320.351 -444.475 403.795 -0.0282809
-4.57975 3.33636 320.287 -536.035 -1677.69 0.0303252 4.54927 -3.46173 -320.287 -402.533 412.802 -0.0303252
-4.37661 2.2892 320.167 -385.237 -1620.72 0.0322373 4.35545 -2.46697 -320.167 -271.375 410.745 -0.0322373
-4.07253 0.706016 320.026 -150.994 -1521.62 0.0338728 4.09522 -0.884637 -320.026 -68.5092 389.776 -0.0338728
-3.6177 -1.20106 319.895 129.207 -1377.2 0.0350924 3.75267 0.982493 -319.895 172.445 355.768 -0.0350924
-3.03112 -3.08619 319.782 409.545 -1183.64 0.0357827 3.21821 2.85484 -319.782 410.951 317.39 -0.0357827
-2.31101 -4.62815 319.716 643.559 -947.977 0.0358659 2.57203 4.42512 -319.716 606.679 270.866 -0.0358659
-1.52125 -5.54548 319.718 788.432 -682.638 0.0353033 1.87996 5.40445 -319.718 723.695 210.702 -0.0353033
-0.801662 -5.7646 319.785 821.8 -395.974 0.0341134 1.06224 5.56525 -319.785 742.777 136.948 -0.0341134
-0.209736 -5.26863 319.869 748.21 -105.633 0.0323883 0.215128 4.99133 -319.869 668.621 46 -0.0323883
0.306486 -4.14401 319.964 589.319 177.681 0.0302954 -0.563434 3.90241 -319.964 521.847 -57.8339 -0.0302954
0.788506 -2.57758 320.13 368.232 443.051 0.0280701 -1.2686 2.44169 -320.13 324.928 -158.629 -0.0280701
1.29346 -0.857818 320.134 118.396 673.644 0.0259818 -1.86295 0.74522 -320.134 103.03 -236.869 -0.0259818
1.79604 0.866505 320.158 -131.731 867.213 0.024279 -2.43827 -0.940386 -320.158 -117.705 -281.164 -0.024279
2.38203 2.4059 320.261 -351.301 1015.43 0.0231744 -2.78916 -2.3866 -320.261 -310.402 -299.703 -0.0231744
2.92582 3.55443 320.238 -518.399 1120.44 0.0228277 -3.01755 -3.50871 -320.238 -456.845 -297.894 -0.0228277
3.2891 4.06778 320.174 -609.166 1189.64 0.0232995 -3.26578 -4.23122 -320.174 -536.733 -282.56 -0.0232995
3.43782 3.90413 320.193 -595.321 1218.98 0.0245516 -3.40139 -4.21443 -320.193 -525.664 -272.596 -0.0245516
3.26722 2.99306 320.154 -464.035 1200.47 0.0264738 -3.39379 -3.35672 -320.154 -412.71 -278.723 -0.0264738
2.92581 1.48577 320.06 -233.944 1135.25 0.0288999 -3.19989 -1.75649 -320.06 -213.701 -287.541 -0.0288999
2.56789 -0.237079 320.028 43.2963 1030.73 0.031627 -2.90003 0.267697 -320.028 26.4639 -274.068 -0.031627
2.31389 -1.86663 320.013 295.895 894.714 0.0344147 -2.5292 2.06211 -320.013 246.662 -224.672 -0.0344147
2.08511 -2.95395 319.913 463.075 730.06 0.0369971 -2.11775 3.26225 -319.913 395.348 -148.85 -0.0369971
1.62143 -3.35759 319.85 515.594 531.917 0.039135 -1.68442 3.6146 -319.85 447.227 -75.0428 -0.039135
1.01781 -3.00324 319.879 455.446 299.325 0.0406433 -0.994597 3.2161 -319.879 403.429 -21.5446 -0.0406433
0.248372 -2.11871 319.952 307.504 50.2156 0.041383 -0.302551 2.17323 -319.952 285.239 25.2548 -0.041383
-0.504498 -1.00207 319.978 118.26 -196.298 0.0412731 0.31965 0.809349 -319.978 131.976 81.3701 -0.0412731
-1.15016 0.0658007 320.069 -56.6398 -436.258 0.040306 0.953945 -0.414757 -320.069 -9.59968 144.053 -0.040306
-1.86891 0.906381 320.128 -180.234 -678.889 0.0385296 1.56307 -1.18392 -320.128 -108.276 202.794 -0.0385296
-2.59678 1.33644 320.222 -242.169 -920.247 0.0360351 2.22117 -1.54783 -320.222 -155.969 252.253 -0.0360351
-3.17501 1.45224 320.276 -252.257 -1153.84 0.0329668 2.99809 -1.53851 -320.276 -160.581 298.227 -0.0329668
-3.63229 1.26701 320.268 -224.983 -1353.74 0.0295182 3.55639 -1.33381 -320.268 -134.009 357.44 -0.0295182
-3.88768 0.921145 320.307 -172.312 -1511.9 0.0259174 3.98328 -0.952765 -320.307 -86.3038 421.012 -0.0259174
-4.03964 0.360698 320.295 -98.895 -1624.07 0.0224027 4.30612 -0.512292 -320.295 -21.5092 467.34 -0.0224027
-4.18802 -0.274281 320.219 -5.15878 -1687.22 0.0192008 4.50127 0.124464 -320.219 60.3618 482.918 -0.0192008
-4.37125 -0.953214 320.165 100.247 -1699.21 0.0165419 4.53326 0.87298 -320.165 152.065 465.192 -0.0165419
-4.48768 -1.57952 320.09 198.707 -1663.35 0.0146694 4.48048 1.5748 -320.09 236.997 420.675 -0.0146694
-4.39405 -1.93285 319.978 264.21 -1577.54 0.0137955 4.32761 2.09701 -319.978 292.392 369.141 -0.0137955
-4.19143 -1.94597 319.905 271.501 -1444.5 0.0140557 3.91527 2.16644 -319.905 296.497 321.327 -0.0140557
-3.81379 -1.43958 319.869 204.871 -1279.72 0.0154978 3.48282 1.75552 -319.869 236.461 268.781 -0.0154978
-3.24722 -0.495682 319.866 66.9813 -1091.78 0.0180862 3.10628 0.812995 -319.866 113.861 211.489 -0.0180862
-2.66581 0.681635 319.851 -119.295 -876.429 0.02171 2.4845 -0.5533 -319.851 -51.098 162.752 -0.02171
-2.03482 2.00395 319.935 -312.254 -646.102 0.0261771 1.80217 -1.86862 -319.935 -222.359 114.278 -0.0261771
-1.36239 3.13249 320.095 -475.362 -412.47 0.0312198 1.19742 -2.98945 -320.095 -369.86 57.5369 -0.0312198
-0.668017 3.93598 320.146 -589.712 -171.114 0.036532 0.543523 -3.77127 -320.146 -474.422 2.89541 -0.036532
0.0659264 4.28457 320.236 -637.377 72.2135 0.0417889 -0.15028 -4.11753 -320.236 -522.712 -42.7547 -0.0417889
0.83366 4.08237 320.418 -609.953 317.166 0.0466533 -0.878383 -4.01348 -320.418 -507.858 -80.653 -0.0466533
1.56349 3.33108 320.387 -503.689 553.663 0.0508218 -1.57569 -3.39734 -320.387 -425.313 -119.616 -0.0508218
2.19168 2.17305 320.34 -327.017 766.795 0.0540609 -2.16736 -2.23222 -320.34 -281.205 -163.871 -0.0540609
2.72915 0.685383 320.344 -104.094 954.745 0.0562007 -2.6943 -0.76853 -320.344 -96.6036 -204.465 -0.0562007
3.13524 -0.79674 320.255 126.035 1110.89 0.0571361 -3.18127 0.81096 -320.255 96.019 -236.978 -0.0571361
3.45192 -2.07666 320.096 321.304 1225.62 0.0568458 -3.51722 2.13808 -320.096 260.735 -261.366 -0.0568458
3.6811 -2.93872 320.015 449.5 1296.39 0.0553843 -3.71949 2.99316 -320.015 369.646 -272.417 -0.0553843
3.86949 -3.28016 319.931 497.574 1326.49 0.0528479 -3.79935 3.29635 -319.931 410.584 -265.439 -0.0528479
3.91418 -3.17974 319.825 471.319 1315.63 0.0493514 -3.8145 3.046 -319.825 388.404 -246.368 -0.0493514
3.77985 -2.65679 319.773 390.283 1260.1 0.0450363 -3.68414 2.48641 -319.773 319.961 -227.509 -0.0450363
3.50792 -1.86151 319.774 273.226 1161.64 0.0400783 -3.36745 1.72282 -319.774 221.765 -210.525 -0.0400783
3.05374 -0.841787 319.772 129.944 1027.15 0.0346691 -3.00768 0.841247 -319.772 102.515 -188.686 -0.0346691
2.52387 0.242045 319.823 -31.934 859.865 0.0289976 -2.53678 -0.212634 -319.823 -30.7824 -159.919 -0.0289976
1.94738 1.38451 319.917 -198.339 664.579 0.0232467 -1.95987 -1.26026 -319.917 -166.784 -124.285 -0.0232467
1.30301 2.45754 320.038 -354.815 449.272 0.017588 -1.36451 -2.23678 -320.038 -293.305 -80.6018 -0.017588
0.728547 3.22733 320.181 -482.913 221.932 0.0121823 -0.65875 -3.12824 -320.181 -394.588 -30.511 -0.0121823
0.224695 3.71182 320.33 -556.383 4.84805 0.00718034 -0.0176482 -3.58002 -320.33 -450.394 27.9837 -0.00718034
-0.354552 3.81336 320.459 -567.619 -204.708 0.00271556 0.541779 -3.58888 -320.459 -454.396 79.8394 -0.00271556
-0.891681 3.50797 320.443 -524.681 -400.9 -0.00108955 1.16807 -3.28155 -320.443 -412.722 114.96 0.00108955
-1.36502 2.91532 320.447 -440.33 -569.054 -0.00411114 1.70484 -2.70343 -320.447 -335.404 143.273 0.00411114
-1.90517 2.08072 320.439 -323.614 -706.101 -0.00623256 1.9888 -1.93842 -320.439 -231.235 166.227 0.00623256
-2.36194 1.13807 320.293 -187.196 -819.68 -0.00733936 2.31715 -1.02478 -320.293 -111.328 171.17 0.00733936
-2.79744 0.180471 320.145 -49.1504 -913.343 -0.00730646 2.61436 -0.107383 -320.145 9.53481 163.494 0.00730646
-3.13018 -0.658417 320.04 71.9194 -982.084 -0.00602136 2.78864 0.697206 -320.04 115.403 162.098 0.00602136
-3.20647 -1.20795 319.902 157.57 -1023.76 -0.0034189 2.91923 1.31004 -319.902 190.257 175.11 0.0034189
-3.21487 -1.44591 319.799 192.527 -1042.1 0.000509786 2.89424 1.54775 -319.799 220.983 195.674 -0.000509786
-3.05809 -1.34721 319.79 174.082 -1040.34 0.00571708 2.90747 1.39826 -319.79 205.157 213.713 -0.00571708
-2.82913 -1.03608 319.805 118.332 -1012.72 0.0120852 2.82332 0.953928 -319.805 156.589 229.35 -0.0120852
-2.52518 -0.609824 319.838 51.6032 -953.612 0.0194161 2.6062 0.47201 -319.838 97.9133 242.285 -0.0194161
-2.23118 -0.225622 319.932 -4.81528 -868.873 0.0274462 2.29169 0.0828991 -319.932 47.5482 241.724 -0.0274462
-1.98522 0.00184306 320.034 -39.7654 -767.202 0.0358761 1.95637 -0.17663 -320.034 15.2501 220.539 -0.0358761
-1.69812 0.195148 320.104 -54.1604 -650.789 0.0443895 1.64081 -0.200599 -320.104 -0.360336 187.606 -0.0443895
-1.30113 0.335616 320.194 -64.7733 -518.305 0.0526586 1.28794 -0.232125 -320.194 -13.5011 158.95 -0.0526586
-0.807181 0.521537 320.259 -87.4081 -372.289 0.060355 0.856458 -0.384249 -320.259 -37.5496 141.024 -0.060355
-0.234233 0.874104 320.29 -129.313 -215.035 0.0671714 0.405249 -0.632608 -320.29 -78.628 125.509 -0.0671714
0.306743 1.30438 320.328 -192.771 -51.6173 0.0728379 -0.0525328 -1.08433 -320.328 -136.963 100.348 -0.0728379
0.814598 1.81305 320.342 -264.17 115.831 0.077133 -0.486032 -1.57249 -320.342 -203.216 63.2535 -0.077133
1.33644 2.32 320.299 -332.055 290.603 0.0798877 -0.926775 -2.02721 -320.299 -268.129 21.7859 -0.0798877
1.82784 2.72472 320.218 -388.48 473.003 0.0809846 -1.46081 -2.43071 -320.218 -323.316 -18.6268 -0.0809846
2.22908 2.98921 320.171 -424.857 649.61 0.0803652 -1.99279 -2.69972 -320.171 -360.611 -65.9821 -0.0803652
2.59184 3.06227 320.1 -432.627 809.38 0.0780442 -2.37334 -2.76902 -320.1 -372.505 -122.741 -0.0780442
2.85423 2.88945 320.047 -406.93 948.625 0.0741116 -2.72508 -2.63383 -320.047 -355.677 -176.856 -0.0741116
3.0597 2.51167 320.014 -350.573 1065.61 0.0687201 -3.04879 -2.2826 -320.014 -311.376 -220.501 -0.0687201
3.27673 1.99519 319.999 -271.464 1152.01 0.0620664 -3.2198 -1.75379 -319.999 -246.15 -253.123 -0.0620664
3.44767 1.44688 320.019 -186.177 1208.97 0.0543806 -3.33836 -1.16625 -320.019 -174.598 -269.978 -0.0543806
3.49804 0.963855 320.065 -113.957 1234.62 0.0459166 -3.44068 -0.681945 -320.065 -113.247 -274.503 -0.0459166
3.41744 0.664194 320.108 -69.5581 1220.59 0.0369394 -3.38678 -0.381836 -320.108 -74.8271 -279.062 -0.0369394
3.1935 0.522921 320.148 -57.087 1166.23 0.0277305 -3.18937 -0.345374 -320.148 -62.7544 -282.978 -0.0277305
2.94253 0.447522 320.186 -63.2601 1081.14 0.0185925 -2.90467 -0.486069 -320.186 -65.5947 -272.014 -0.0185925
2.73821 0.374272 320.195 -63.6911 975.169 0.0098216 -2.58811 -0.541417 -320.195 -62.6882 -238.21 -0.0098216
2.47295 0.187558 320.166 -41.4832 851.237 0.0016804 -2.29193 -0.400504 -320.166 -39.6518 -192.096 -0.0016804
2.1255 -0.148724 320.104 4.98069 707.944 -0.00559694 -1.89123 -0.0771983 -320.104 4.96803 -152.43 0.00559694
1.70179 -0.443856 320.028 61.6312 551.238 -0.0117952 -1.40106 0.427441 -320.028 58.7591 -122.245 0.0117952
1.17708 -0.609952 319.965 97.4568 391.484 -0.0167296 -0.985532 0.784847 -319.965 95.2275 -92.6571 0.0167296
0.671537 -0.541355 319.932 87.0114 230.563 -0.0202656 -0.548883 0.755594 -319.932 92.1689 -62.1704 0.0202656
0.22269 -0.180053 319.942 28.5866 71.5465 -0.0223284 -0.0905728 0.369362 -319.942 47.3785 -28.7484 0.0223284
-0.212102 0.407805 319.95 -62.3312 -78.5902 -0.0229 0.28206 -0.230838 -319.95 -25.7485 9.57059 0.0229
-0.614252 1.09269 320.011 -165.108 -219.783 -0.0220101 0.635086 -0.899973 -320.011 -109.935 46.1741 0.0220101
-1.00342 1.74457 320.066 -264.247 -354.984 -0.0197207 1.02254 -1.55309 -320.066 -190.99 73.8481 0.0197207
-1.30319 2.25415 320.12 -343.825 -473.939 -0.0161204 1.3847 -2.0876 -320.12 -255.579 101.14 0.0161204
-1.52484 2.55433 320.187 -392.367 -570.241 -0.0113388 1.62336 -2.41794 -320.187 -294.099 133.652 0.0113388
-1.67567 2.56334 320.244 -401.019 -643.106 -0.00554375 1.78213 -2.50845 -320.244 -299.186 163.585 0.00554375
-1.76605 2.31407 320.273 -366.804 -692.405 0.00108224 1.91294 -2.28729 -320.273 -268.441 182.219 -0.00108224
-1.79947 1.90653 320.261 -299.669 -715.24 0.00835742 1.97611 -1.78592 -320.261 -210.07 191.658 -0.00835742
-1.73631 1.37709 320.244 -220.096 -707.09 0.0160994 1.93354 -1.24472 -320.244 -141.806 198.107 -0.0160994
-1.56467 0.940046 320.213 -148.586 -667.405 0.0241207 1.78823 -0.726912 -320.213 -81.4678 202.248 -0.0241207
-1.31588 0.671563 320.161 -102.152 -599.716 0.0322354 1.56549 -0.38462 -320.161 -43.5663 199.791 -0.0322354
-1.07354 0.545333 320.118 -86.9298 -511.568 0.0402699 1.2741 -0.325917 -320.118 -33.2547 185.528 -0.0402699
-0.848135 0.503441 320.072 -89.6386 -409.574 0.0480654 0.965398 -0.428103 -320.072 -38.8748 157.519 -0.0480654
-0.568612 0.49087 320.023 -88.3437 -296.037 0.0554809 0.681633 -0.452564 -320.023 -41.816 122.031 -0.0554809
-0.222357 0.388885 319.978 -73.0091 -168.799 0.0623871 0.335865 -0.375738 -319.978 -32.4639 90.6349 -0.0623871
0.176143 0.186658 319.968 -43.0661 -30.6252 0.0686501 -0.077269 -0.201637 -319.968 -10.4468 64.8255 -0.0686501
0.563243 -0.0460843 319.953 -4.98317 109.005 0.0741293 -0.48731 0.047613 -319.953 18.0199 35.5607 -0.0741293
0.887583 -0.239091 319.945 27.8618 239.44 0.0786947 -0.819235 0.263793 -319.945 41.6711 -3.96154 -0.0786947
1.16867 -0.328328 319.989 43.1585 360.073 0.0822264 -1.11171 0.346892 -319.989 50.1653 -45.1173 -0.0822264
1.43871 -0.272873 320.046 35.8155 470.483 0.0845979 -1.39484 0.273187 -320.046 39.6686 -78.8932 -0.0845979
1.70704 -0.107273 320.092 9.89823 568.653 0.0856828 -1.65779 0.0650248 -320.092 13.9714 -103.486 -0.0856828
1.96054 0.119735 320.155 -24.1956 650.963 0.085368 -1.86017 -0.186932 -320.155 -18.075 -122.668 -0.085368
2.1392 0.28201 320.208 -52.1188 715.612 0.0835561 -2.02118 -0.416545 -320.208 -44.2673 -140.269 -0.0835561
2.25235 0.341518 320.22 -60.1806 761.991 0.0801803 -2.11949 -0.478256 -320.22 -52.9456 -157.338 -0.0801803
2.33095 0.295403 320.21 -45.3717 792.476 0.075224 -2.16817 -0.333682 -320.21 -41.4248 -170.175 -0.075224
2.34427 0.102694 320.18 -15.6244 807.937 0.0687211 -2.22349 -0.130484 -320.18 -16.5048 -176.124 -0.0687211
2.30275 -0.0766795 320.117 16.9691 804.72 0.0607568 -2.22406 0.129127 -320.117 11.5181 -178.566 -0.0607568
2.21781 -0.192521 320.047 37.9047 780.432 0.051486 -2.13397 0.30098 -320.047 30.3089 -178.492 -0.051486
2.09019 -0.198105 319.992 36.4186 737.83 0.0411431 -2.00919 0.286604 -319.992 30.5826 -170.829 -0.0411431
1.939 -0.0075078 319.952 9.85125 679.364 0.0300322 -1.86238 0.135114 -319.952 9.91596 -153.64 -0.0300322
1.76654 0.258095 319.934 -36.8744 605.638 0.0185121 -1.6692 -0.20841 -319.934 -27.4652 -130.563 -0.0185121
1.5478 0.583914 319.955 -89.9468 518.467 0.00698313 -1.44439 -0.573484 -319.955 -69.7897 -104.83 -0.00698313
1.3002 0.883213 319.996 -134.94 420.888 -0.00413003 -1.18259 -0.853848 -319.996 -104.834 -77.8034 0.00413003
1.04925 1.03826 320.055 -162.662 318.115 -0.0144012 -0.903845 -1.04263 -320.055 -124.584 -48.3989 0.0144012
0.767817 1.06229 320.099 -167.092 213.217 -0.0234249 -0.652599 -1.04871 -320.099 -124.306 -17.2911 0.0234249
0.451519 0.934969 320.15 -149.004 105.961 -0.0308342 -0.399422 -0.905717 -320.15 -105.064 11.0913 0.0308342
0.134739 0.661628 320.191 -113.391 -4.18742 -0.0363161 -0.0884677 -0.676561 -320.191 -71.2868 34.3206 0.0363161
-0.192662 0.31156 320.209 -65.0823 -114.286 -0.0396274 0.21242 -0.355995 -320.209 -26.9885 57.4236 0.0396274
-0.461182 -0.0607629 320.201 -10.9209 -217.935 -0.0406088 0.499138 0.0183124 -320.201 21.9499 84.1667 0.0406088
-0.67364 -0.383217 320.198 36.6944 -312.865 -0.0391897 0.771664 0.360789 -320.198 66.154 111.903 0.0391897
-0.902937 -0.605584 320.154 69.5172 -398.715 -0.0353923 0.997884 0.6018 -320.154 97.319 134.655 0.0353923
-1.1135 -0.690513 320.114 80.7096 -474.15 -0.0293352 1.24239 0.685295 -320.114 109.386 147.092 0.0293352
-1.31994 -0.615671 320.08 69.5342 -534.67 -0.0212274 1.4453 0.623368 -320.08 101.678 150.97 0.0212274
-1.51685 -0.407147 320.034 38.7251 -576.708 -0.01136 1.56168 0.426402 -320.034 76.4966 149.674 0.01136
-1.62284 -0.133455 319.994 -4.8875 -599.873 -9.62389e-05 1.66315 0.118454 -319.994 39.7951 144.162 9.62389e-05
-1.65549 0.092994 319.975 -47.0835 -602.043 0.0121393 1.69443 -0.221776 -319.975 3.74218 137.515 -0.0121393
-1.63382 0.228928 319.963 -70.4252 -583.11 0.0248757 1.63559 -0.403316 -319.963 -16.7547 129.745 -0.0248757
-1.52771 0.141221 319.964 -62.5116 -545.807 0.0376182 1.56014 -0.392689 -319.964 -11.0913 117.6 -0.0376182
-1.3315 -0.174489 319.979 -18.4222 -488.551 0.0498743 1.44506 -0.127987 -319.979 24.9623 103.454 -0.0498743
-1.09289 -0.625075 320.004 55.4105 -409.371 0.0611735 1.21095 0.396182 -320.004 85.724 89.7133 -0.0611735
-0.795508 -1.06254 320.033 134.799 -312.415 0.071086 0.940176 1.00225 -320.033 150.427 71.413 -0.071086
-0.461155 -1.38615 320.065 188.977 -202.097 0.0792563 0.657813 1.37971 -320.065 193.05 46.4955 -0.0792563
-0.0919059 -1.42336 320.119 199.849 -75.2006 0.0854236 0.298676 1.4565 -320.119 197.916 20.4494 -0.0854236
0.243366 -1.13821 320.146 162.08 61.951 0.0894243 -0.149092 1.20329 -320.146 161.342 -8.28308 -0.0894243
0.585706 -0.664774 320.144 86.4381 197.948 0.0912088 -0.529064 0.631967 -320.144 92.7152 -44.2362 -0.0912088
0.919613 -0.0797292 320.171 -1.52721 329.251 0.0908484 -0.891234 0.000415625 -320.171 12.6833 -79.1263 -0.0908484
1.25505 0.440919 320.136 -78.7719 454.398 0.0885005 -1.28114 -0.55157 -320.136 -58.1904 -103.848 -0.0885005
1.60505 0.715176 320.084 -125.862 568.065 0.0843797 -1.63668 -0.937503 -320.084 -102.266 -119.86 -0.0843797
1.90119 0.795826 320.053 -130.759 662.645 0.0787623 -1.9363 -0.945391 -320.053 -109.599 -131.988 -0.0787623
2.16518 0.684841 320.017 -102.133 735.583 0.0719688 -2.14581 -0.689394 -320.017 -87.5539 -139.405 -0.0719688
2.36588 0.385409 319.979 -59.0451 786.975 0.0643215 -2.32384 -0.421487 -319.979 -52.3044 -138.416 -0.0643215
2.51722 0.0496517 319.975 -11.1361 815.545 0.0561288 -2.44285 -0.119692 -319.975 -12.1796 -129.622 -0.0561288
2.59947 -0.295643 319.99 38.6955 819.39 0.0476863 -2.48469 0.203848 -319.99 30.3435 -116.351 -0.0476863
2.58412 -0.610884 320.002 86.4131 797.986 0.0392634 -2.45758 0.534609 -320.002 71.8287 -100.876 -0.0392634
2.48336 -0.885749 320.027 126.598 751.507 0.031093 -2.33977 0.810385 -320.027 107.68 -84.6874 -0.031093
2.25799 -1.08472 320.058 155.019 680.499 0.0233773 -2.16553 1.00987 -320.058 134.283 -69.0116 -0.0233773
1.96068 -1.1479 320.079 167.093 586.141 0.0162924 -1.89015 1.13192 -320.079 147.789 -53.9239 -0.0162924
1.59652 -1.08818 320.091 157.135 471.63 0.0099827 -1.5516 1.08756 -320.091 143.381 -36.6755 -0.0099827
1.16706 -0.898534 320.098 124.403 340.088 0.00455297 -1.17786 0.871801 -320.098 120.139 -16.3054 -0.00455297
0.754328 -0.560146 320.115 72.6719 195.05 7.18932e-05 -0.711608 0.553756 -320.115 81.2348 7.0705 -7.18932e-05
0.355483 -0.130282 320.115 7.80568 47.5361 -0.00342341 -0.254647 0.147472 -320.115 30.6488 36.1074 0.00342341
-0.0963437 0.389413 320.094 -67.5527 -98.1985 -0.00593214 0.136207 -0.312735 -320.094 -29.2954 65.1778 0.00593214
-0.533662 0.945647 320.113 -148.821 -240.872 -0.00748617 0.585719 -0.821328 -320.113 -95.0579 85.1053 0.00748617
-0.963551 1.5168 320.112 -232.191 -376.104 -0.00812712 1.04197 -1.34232 -320.112 -162.49 97.7095 0.00812712
-1.33345 2.04947 320.11 -309.005 -492.48 -0.00790542 1.40288 -1.81741 -320.11 -224.827 112.934 0.00790542
-1.61656 2.37617 320.139 -367.241 -588.493 -0.00689579 1.69921 -2.25366 -320.139 -271.939 128.739 0.00689579
-1.8426 2.45072 320.171 -386.88 -662.599 -0.00518297 1.93916 -2.42826 -320.171 -286.7 138.349 0.00518297
-2.00593 2.2426 320.17 -354.972 -710.245 -0.00284461 2.11037 -2.19884 -320.17 -258.19 139.709 0.00284461
-2.06691 1.68468 320.153 -275.746 -728.368 4.2109e-05 2.21293 -1.68648 -320.153 -189.628 135.22 -4.2109e-05
-2.01717 0.898654 320.15 -161.175 -712.33 0.00339769 2.19302 -0.932626 -320.15 -91.5674 128.833 -0.00339769
-1.86157 0.0382922 320.133 -30.0943 -660.937 0.00714455 2.0437 -0.0388807 -320.133 19.5629 119.643 -0.00714455
-1.66532 -0.797968 320.101 93.9175 -580.903 0.0112064 1.79413 0.776236 -320.101 123.576 101.333 -0.0112064
-1.40985 -1.43834 320.077 190.186 -479.63 0.0155094 1.52519 1.40804 -320.077 202.969 72.6992 -0.0155094
-1.07006 -1.78197 320.048 244.971 -357.014 0.0199835 1.1987 1.7715 -320.048 245.819 42.3564 -0.0199835
-0.640971 -1.79409 320.019 249.597 -214.105 0.0245527 0.773245 1.78677 -320.019 244.968 17.7533 -0.0245527
-0.139505 -1.47952 320.025 205.665 -53.2766 0.0291344 0.262171 1.47246 -320.025 202.056 -2.93102 -0.0291344
0.364258 -0.900386 320.027 122.042 114.314 0.0336557 -0.266022 0.893357 -320.027 125.741 -27.6795 -0.0336557
0.823946 -0.180747 320.021 17.4863 278.607 0.0380525 -0.765087 0.170636 -320.021 31.125 -59.2345 -0.0380525
1.27098 0.541983 320.029 -87.6769 434.655 0.0422479 -1.22658 -0.563061 -320.029 -64.8268 -89.4954 -0.0422479
1.7223 1.15527 320.043 -176.67 581.411 0.0461579 -1.68877 -1.18229 -320.043 -146.03 -109.811 -0.0461579
2.14876 1.58102 320.058 -235.811 711.827 0.0497104 -2.12292 -1.58298 -320.058 -201.012 -121.136 -0.0497104
2.48156 1.78753 320.081 -262.108 816.414 0.0528373 -2.47222 -1.75357 -320.081 -226.789 -131.336 -0.0528373
2.68779 1.76768 320.107 -257.616 887.591 0.0554696 -2.68936 -1.72918 -320.107 -225.174 -143.908 -0.0554696
2.79047 1.56683 320.128 -227.173 925.32 0.0575544 -2.79318 -1.53027 -320.128 -200.42 -153.043 -0.0575544
2.81927 1.18162 320.153 -174.487 932.115 0.0590579 -2.82584 -1.20975 -320.153 -155.656 -151.348 -0.0590579
2.76878 0.683366 320.161 -102.37 907.307 0.0599506 -2.78206 -0.734458 -320.161 -93.3429 -139.623 -0.0599506
2.61438 0.0991961 320.144 -17.2517 848.658 0.0602035 -2.62734 -0.162909 -320.144 -18.8736 -123.793 -0.0602035
2.34905 -0.51942 320.127 70.7249 757.487 0.0597961 -2.36264 0.422134 -320.127 59.3585 -106.006 -0.0597961
1.99315 -1.02728 320.067 149.233 637.691 0.0587256 -2.00544 0.998057 -320.067 130.508 -84.929 -0.0587256
1.59807 -1.3553 320.003 200.437 496.285 0.0570109 -1.57848 1.39468 -320.003 179.37 -57.3316 -0.0570109
1.1605 -1.44433 319.956 210.821 338.604 0.0546874 -1.12141 1.48638 -319.956 193.948 -23.5187 -0.0546874
0.676493 -1.2145 319.948 176.469 167.856 0.0517954 -0.627421 1.2971 -319.948 170.436 11.8301 -0.0517954
0.164856 -0.704592 319.942 100.811 -6.96843 0.0483852 -0.111749 0.83163 -319.942 111.418 44.4403 -0.0483852
-0.382977 0.0163054 319.951 -7.44993 -181.069 0.0445266 0.401487 0.135683 -319.951 24.0427 71.6721 -0.0445266
-0.899406 0.816149 320.031 -132.062 -346.63 0.0403102 0.912254 -0.702147 -320.031 -77.4746 95.0572 -0.0403102
-1.35772 1.57813 320.069 -249.54 -497.282 0.0358404 1.36724 -1.48635 -320.069 -173.493 119.284 -0.0358404
-1.74107 2.17098 320.132 -339.251 -629.573 0.031217 1.7526 -2.07238 -320.132 -246.563 145.15 -0.031217
-2.05213 2.44855 320.244 -386.028 -738.953 0.0265288 2.06793 -2.40565 -320.244 -284.13 167.801 -0.0265288
-2.30469 2.38051 320.264 -381.062 -823.325 0.0218699 2.31907 -2.39351 -320.264 -278.021 182.442 -0.0218699
-2.4764 2.00201 320.274 -324.124 -880.407 0.0173407 2.50619 -1.99635 -320.274 -227.852 189.854 -0.0173407
-2.54377 1.34363 320.3 -227.52 -905.621 0.0130381 2.58286 -1.34919 -320.3 -144.184 195.122 -0.0130381
-2.49732 0.528463 320.258 -108.539 -896.935 0.00905479 2.53926 -0.562023 -320.258 -41.9076 198.873 -0.00905479
-2.39053 -0.277333 320.185 13.7185 -859.625 0.00548106 2.40453 0.273621 -320.185 62.4897 194.982 -0.00548106
-2.23348 -0.974933 320.128 119.015 -798.223 0.0024095 2.22101 0.98328 -320.128 151.511 180.737 -0.0024095
-1.97638 -1.46039 320.057 192.177 -712.464 -6.34385e-05 1.99298 1.46531 -320.057 211.941 162.145 6.34385e-05
-1.63351 -1.65946 319.975 224.725 -603.441 -0.0018476 1.66912 1.6818 -319.975 236.769 145.405 0.0018476
-1.23924 -1.57446 319.934 215.133 -478.023 -0.0028671 1.27681 1.60989 -319.934 224.691 128.859 0.0028671
-0.810783 -1.23237 319.904 167.286 -342.488 -0.0030584 0.882486 1.2758 -319.904 179.165 107.225 0.0030584
-0.407204 -0.70845 319.886 90.91 -201.596 -0.00237033 0.475192 0.738178 -319.886 108.954 78.6164 0.00237033
-0.00829856 -0.11071 319.95 0.74497 -54.8386 -0.000768763 0.0518042 0.0945138 -319.95 27.6978 45.7302 0.000768763
0.400177 0.474176 320.001 -84.9156 92.5703 0.00176321 -0.358183 -0.500986 -320.001 -49.638 11.6623 -0.00176321
0.769431 0.93078 320.052 -151.6 233.92 0.00521949 -0.767763 -0.975951 -320.052 -111.594 -21.8308 -0.00521949
1.12245 1.21662 320.128 -192.298 365.05 0.00955118 -1.13653 -1.27395 -320.128 -151.522 -53.0069 -0.00955118
1.43297 1.39526 320.196 -208.726 480.649 0.014662 -1.445 -1.34663 -320.196 -169.801 -82.8813 -0.014662
1.67835 1.4339 320.239 -209.816 576.112 0.0204247 -1.68784 -1.34746 -320.239 -174.165 -110.714 -0.0204247
1.87047 1.40558 320.271 -203.226 650.831 0.0266831 -1.86919 -1.30728 -320.271 -171.299 -133.696 -0.0266831
2.00257 1.37559 320.283 -193.629 704.242 0.033242 -2.00168 -1.22234 -320.283 -165.029 -150.45 -0.033242
2.07375 1.27328 320.255 -182.2 734.83 0.0398728 -2.06861 -1.17892 -320.255 -156.335 -161.896 -0.0398728
2.08125 1.11391 320.202 -162.97 742.404 0.0463294 -2.06813 -1.08235 -320.202 -140.225 -168.478 -0.0463294
2.01732 0.901574 320.137 -130.34 727.953 0.0523593 -2.01906 -0.853456 -320.137 -111.928 -169.656 -0.0523593
1.88435 0.5841 320.056 -85.9389 691.652 0.057717 -1.91642 -0.565452 -320.056 -72.7214 -165.963 -0.057717
1.70576 0.214715 319.968 -34.0103 634.114 0.0621765 -1.7426 -0.222882 -319.968 -26.3388 -157.206 -0.0621765
1.48616 -0.124342 319.905 17.9423 558.559 0.0655403 -1.53308 0.154822 -319.905 20.6841 -141.07 -0.0655403
1.23215 -0.407638 319.871 58.2931 466.75 0.0676487 -1.29362 0.43817 -319.871 58.5813 -117.603 -0.0676487
0.963479 -0.566717 319.86 78.7571 360.719 0.0683934 -1.00433 0.583117 -319.86 80.103 -88.8541 -0.0683934
0.667661 -0.578832 319.896 77.1189 243.907 0.0677285 -0.699908 0.581011 -319.896 83.1285 -55.1854 -0.0677285
0.356419 -0.455157 319.966 55.9867 120.098 0.0656668 -0.390617 0.451348 -319.966 69.2843 -17.3392 -0.0656668
0.041417 -0.234376 320.031 20.1395 -6.91531 0.0622718 -0.0712697 0.219213 -320.031 42.5963 21.7933 -0.0622718
-0.278107 0.0263068 320.111 -22.5788 -134.472 0.0576647 0.246075 -0.0659357 -320.111 9.94915 61.1181 -0.0576647
-0.583577 0.28984 320.2 -62.7679 -258.055 0.0520248 0.55476 -0.317637 -320.2 -21.003 99.6088 -0.0520248
-0.881468 0.531323 320.235 -97.7904 -376.675 0.0455756 0.855761 -0.516949 -320.235 -46.8423 135.255 -0.0455756
-1.16542 0.695092 320.248 -123.951 -488.078 0.0385783 1.14158 -0.678872 -320.248 -65.6507 167.725 -0.0385783
-1.43165 0.796386 320.262 -140.345 -590.533 0.0313254 1.40966 -0.775574 -320.262 -76.5933 196.166 -0.0313254
-1.67726 0.801118 320.244 -144.388 -682.188 0.0241226 1.66243 -0.80598 -320.244 -77.3994 218.802 -0.0241226
-1.88193 0.714499 320.179 -133.765 -756.951 0.0172724 1.87395 -0.735239 -320.179 -66.291 235.932 -0.0172724
-2.05255 0.537615 320.125 -108.186 -814.124 0.0110651 2.03892 -0.55843 -320.125 -43.03 246.643 -0.0110651
-2.1793 0.275937 320.077 -70.5966 -852.028 0.00576578 2.15797 -0.3077 -320.077 -9.86343 250.529 -0.00576578
-2.25201 -0.0101509 320.019 -26.1705 -869.652 0.00159523 2.23274 0.0073383 -320.019 28.7165 247.759 -0.00159523
-2.27465 -0.297761 319.977 17.3827 -866.301 -0.00128443 2.25084 0.305616 -319.977 66.0648 238.801 0.00128443
-2.24303 -0.533445 319.962 52.7112 -841.771 -0.00277547 2.21357 0.541235 -319.962 95.8147 223.849 0.00277547
-2.15699 -0.668618 319.956 74.3079 -796.717 -0.00284492 2.12479 0.68894 -319.956 113.278 203.05 0.00284492
-2.01146 -0.706762 319.967 79.2809 -731.038 -0.0015252 1.98004 0.705566 -319.967 115.865 177.611 0.0015252
-1.8067 -0.631847 320.003 68.6458 -645.932 0.00108637 1.7796 0.619113 -320.003 104.216 148.655 -0.00108637
-1.55467 -0.458416 320.05 44.6699 -544.311 0.0048346 1.52689 0.447041 -320.05 80.48 116.966 -0.0048346
-1.25519 -0.22164 320.092 10.7829 -429.033 0.00952046 1.23168 0.201662 -320.092 47.7854 84.0744 -0.00952046
-0.908932 0.0667927 320.129 -28.1206 -301.514 0.0149141 0.89685 -0.0655285 -320.129 9.96187 50.895 -0.0149141
-0.531108 0.369543 320.172 -70.0301 -164.309 0.0207623 0.523938 -0.355952 -320.172 -30.0402 17.664 -0.0207623
-0.124139 0.651333 320.221 -109.939 -19.4893 0.0267989 0.119854 -0.637263 -320.221 -67.8906 -14.8452 -0.0267989
0.285014 0.87328 320.229 -140.126 126.515 0.032766 -0.297899 -0.854175 -320.229 -98.3082 -46.3514 -0.032766
0.689896 0.986856 320.205 -155.861 268.978 0.0384238 -0.704533 -0.990044 -320.205 -117.024 -76.4527 -0.0384238
1.08037 0.984846 320.176 -153.231 403.738 0.0435408 -1.09437 -0.994651 -320.176 -120.019 -103.182 -0.0435408
1.44037 0.868786 320.151 -132.605 526.215 0.0479071 -1.45773 -0.864707 -320.151 -106.681 -125.525 -0.0479071
1.75686 0.656622 320.086 -97.5383 631.172 0.051362 -1.77246 -0.631342 -320.086 -80.2318 -143.11 -0.051362
2.01529 0.384607 320.038 -55.3181 715.222 0.0537856 -2.03125 -0.356577 -320.038 -46.9544 -155.575 -0.0537856
2.20307 0.115117 320.013 -13.5169 774.711 0.0550858 -2.22138 -0.078797 -320.013 -13.1895 -162.768 -0.0550858
2.31046 -0.115599 319.99 21.0559 807.037 0.0552207 -2.3379 0.147505 -319.99 15.3428 -164.119 -0.0552207
2.3382 -0.277821 319.978 43.9185 810.589 0.0542075 -2.3715 0.291763 -319.978 34.7997 -159.205 -0.0542075
2.28251 -0.340638 319.993 53.017 784.395 0.0521037 -2.31766 0.357565 -319.993 43.4625 -148.198 -0.0521037
2.13903 -0.313916 320.016 47.6232 728.586 0.0490035 -2.1768 0.325271 -320.016 40.7097 -131.775 -0.0490035
1.9099 -0.205192 320.037 29.2143 644.747 0.0450471 -1.95187 0.206945 -320.037 27.7702 -110.814 -0.0450471
1.60626 -0.0334788 320.068 1.32243 535.969 0.0404159 -1.64995 0.0307688 -320.068 7.62927 -85.8839 -0.0404159
1.242 0.170417 320.097 -32.02 406.182 0.0353215 -1.28245 -0.178808 -320.097 -16.116 -57.4131 -0.0353215
0.829183 0.377498 320.124 -66.0075 260.385 0.0299952 -0.869841 -0.388008 -320.124 -39.603 -25.8998 -0.0299952
0.387701 0.557199 320.137 -95.8251 104.261 0.0246782 -0.428071 -0.568028 -320.137 -59.45 7.93193 -0.0246782
-0.0647057 0.679772 320.151 -116.983 -56.4781 0.0196075 0.0343254 -0.694411 -320.151 -72.6632 42.0095 -0.0196075
-0.508017 0.731655 320.155 -127.055 -214.812 0.0150055 0.486336 -0.748152 -320.155 -77.1715 76.3696 -0.0150055
-0.940855 0.714565 320.123 -127.211 -367.099 0.0110837 0.921898 -0.732292 -320.123 -72.4605 108.41 -0.0110837
-1.34553 0.615298 320.098 -115.059 -508.758 0.00803559 1.33071 -0.634992 -320.098 -57.4652 137.428 -0.00803559
-1.72011 0.440637 320.093 -91.2628 -638.278 0.00601039 1.71116 -0.461872 -320.093 -33.234 162.413 -0.00601039
-2.04314 0.207759 320.081 -58.3043 -749.173 0.00511341 2.03616 -0.228303 -320.081 -1.78047 183.588 -0.00511341
-2.29725 -0.0550214 320.051 -19.8154 -836.618 0.00541389 2.28965 0.0414819 -320.051 33.2712 200.755 -0.00541389
-2.47721 -0.307745 320.037 17.1382 -898.632 0.00692823 2.47241 0.296536 -320.037 66.4348 212.548 -0.00692823
-2.5731 -0.50857 320.046 46.635 -933.55 0.00961459 2.5812 0.498976 -320.046 92.6229 219.13 -0.00961459
-2.57093 -0.621268 320.038 63.5303 -938.212 0.0133759 2.59613 0.615 -320.038 107.311 222.016 -0.0133759
-2.4828 -0.626025 320.036 64.5215 -912.681 0.0180562 2.51351 0.620026 -320.036 107.669 220.112 -0.0180562
-2.32541 -0.513556 320.058 48.5519 -859.989 0.0234533 2.35774 0.509224 -320.058 92.8078 210.773 -0.0234533
-2.10904 -0.297675 320.067 17.5402 -782.283 0.0293347 2.13338 0.294978 -320.067 64.4241 194.091 -0.0293347
-1.82047 -0.0126099 320.072 -23.5152 -681.132 0.0354395 1.84658 0.00838556 -320.072 26.5402 172.608 -0.0354395
-1.47743 0.299371 320.101 -67.9555 -560.077 0.0414883 1.49473 -0.30352 -320.101 -15.1717 147.767 -0.0414883
-1.10501 0.586682 320.114 -108.331 -426.674 0.0472032 1.10751 -0.589941 -320.114 -54.0233 119.553 -0.0472032
-0.700939 0.797523 320.102 -136.977 -283.512 0.0523205 0.700958 -0.80046 -320.102 -83.5649 88.6438 -0.0523205
-0.269212 0.903894 320.117 -150.547 -132.821 0.0565973 0.277392 -0.906656 -320.117 -99.3516 56.384 -0.0565973
0.169061 0.875827 320.14 -144.441 21.0105 0.0598229 -0.162812 -0.881541 -320.14 -98.1182 24.1863 -0.0598229
0.604453 0.698741 320.135 -116.21 172.534 0.0618311 -0.595924 -0.717324 -320.135 -79.2281 -7.09051 -0.0618311
1.023 0.412086 320.11 -70.9338 317.259 0.062508 -1.00557 -0.435147 -320.11 -45.9645 -37.1535 -0.062508
1.39205 0.0696277 320.101 -16.2089 448.623 0.0617915 -1.37277 -0.078335 -320.101 -4.13815 -66.5781 -0.0617915
1.70108 -0.266088 320.094 36.9356 562.358 0.0596774 -1.68372 0.270624 -320.094 37.2542 -94.4633 -0.0596774
1.95094 -0.53583 320.068 78.7159 655.564 0.0562335 -1.93347 0.539753 -320.068 69.8789 -118.48 -0.0562335
2.13457 -0.680848 320.058 102.02 726.004 0.0515918 -2.12171 0.690947 -320.058 87.4732 -137.418 -0.0515918
2.2456 -0.677226 320.061 102.887 771.163 0.0459308 -2.23591 0.695455 -320.061 86.7275 -151.375 -0.0459308
2.28245 -0.535644 320.056 81.5141 790.089 0.0394784 -2.27468 0.545098 -320.056 67.7873 -159.809 -0.0394784
2.24941 -0.284431 320.054 42.8932 783.207 0.0325048 -2.24295 0.278868 -320.054 34.9585 -161.878 -0.0325048
2.14884 0.0327039 320.061 -4.82524 751.305 0.0252967 -2.14264 -0.0374799 -320.061 -4.79502 -157.773 -0.0252967
1.98128 0.348598 320.065 -53.2829 695.688 0.0181453 -1.97698 -0.359247 -320.065 -44.3852 -148.275 -0.0181453
1.75504 0.618221 320.064 -94.7916 618.721 0.0113428 -1.75147 -0.628542 -320.064 -77.2886 -133.843 -0.0113428
1.48054 0.802947 320.072 -123.797 523.612 0.00517133 -1.47699 -0.809586 -320.072 -98.7856 -114.734 -0.00517133
1.16313 0.877354 320.073 -137.194 413.315 -0.000115256 -1.16034 -0.887138 -320.073 -106.367 -92.2211 0.000115256
0.814545 0.844999 320.085 -134.869 292.03 -0.00430178 -0.813136 -0.854271 -320.085 -99.6798 -67.2681 0.00430178
0.447879 0.711401 320.082 -117.532 163.767 -0.00721612 -0.449119 -0.720422 -320.082 -80.0816 -40.1733 0.00721612
0.0814458 0.501199 320.095 -88.5829 33.5158 -0.00873518 -0.0840774 -0.511019 -320.095 -51.0848 -11.2093 0.00873518
-0.281431 0.248278 320.108 -52.8145 -96.1526 -0.00879342 0.277645 -0.257813 -320.108 -16.9617 18.1211 0.00879342
-0.619069 0.00188491 320.099 -16.9401 -219.366 -0.00738581 0.613767 0.000129555 -320.099 16.8076 48.0232 0.00738581
-0.929844 -0.186058 320.102 10.1096 -333.891 -0.00456062 0.923011 0.204737 -320.102 43.9669 76.6722 0.00456062
-1.21215 -0.298714 320.083 25.177 -438.282 -0.000415836 1.20324 0.320668 -320.083 60.4672 103.148 0.000415836
-1.45992 -0.309434 320.078 25.5145 -530.174 0.00489306 1.44903 0.335544 -320.078 63.6672 126.68 -0.00489306
-1.66893 -0.216736 320.082 10.9704 -607.882 0.0111595 1.65659 0.250192 -320.082 53.628 146.691 -0.0111595
-1.82754 -0.0419733 320.076 -16.3206 -668.67 0.0181454 1.81539 0.0714721 -320.076 32.1111 163.517 -0.0181454
-1.92286 0.178586 320.068 -51.0686 -709.224 0.0255845 1.91236 -0.166766 -320.068 3.50791 177.426 -0.0255845
-1.96021 0.414116 320.072 -86.5669 -729.318 0.0331834 1.94925 -0.404741 -320.072 -26.3764 187.218 -0.0331834
-1.9422 0.615135 320.08 -116.702 -729.157 0.0406415 1.9318 -0.609398 -320.08 -52.2581 191.947 -0.0406415
-1.86884 0.748155 320.081 -136.804 -709.133 0.047671 1.85958 -0.750286 -320.081 -69.979 192.064 -0.047671
-1.74062 0.792609 320.088 -143.214 -669.854 0.0540049 1.73184 -0.799684 -320.088 -76.5301 188.205 -0.0540049
-1.56594 0.746575 320.099 -135.076 -613.265 0.0594077 1.55829 -0.747796 -320.099 -71.1481 179.815 -0.0594077
-1.36017 0.617478 320.105 -114.394 -543.085 0.0636892 1.3538 -0.61372 -320.105 -55.4921 166.434 -0.0636892
-1.12703 0.427359 320.101 -84.8696 -461.467 0.066711 1.12169 -0.425265 -320.101 -32.7448 149.237 -0.066711
-0.869465 0.209811 320.096 -50.9388 -370.538 0.068387 0.867238 -0.208167 -320.096 -6.66141 129.207 -0.068387
-0.595836 -0.00683114 320.089 -16.9056 -272.612 0.0686864 0.595598 0.00765117 -320.089 19.0171 106.789 -0.0686864
-0.316197 -0.185735 320.076 11.5518 -171.04 0.0676355 0.318182 0.188519 -320.076 40.2349 82.3643 -0.0676355
-0.0256824 -0.301794 320.088 31.1457 -66.2118 0.0653142 0.0307518 0.313908 -320.088 53.9774 57.5692 -0.0653142
0.256384 -0.341712 320.068 39.1966 37.5095 0.0618473 -0.254802 0.358814 -320.068 57.6354 32.4523 -0.0618473
0.510105 -0.293655 320.053 33.803 135.362 0.0574023 -0.518274 0.313169 -320.053 50.0872 6.23267 -0.0574023
0.733462 -0.167686 320.067 16.8451 224.034 0.0521866 -0.743577 0.189814 -320.067 32.6138 -20.2858 -0.0521866
0.92637 0.0116731 320.071 -8.87279 302.212 0.0464264 -0.942275 0.00226739 -320.071 7.66474 -44.2099 -0.0464264
1.08458 0.219551 320.058 -38.5488 367.748 0.0403512 -1.10646 -0.207122 -320.058 -20.2798 -65.0766 -0.0403512
1.21056 0.420692 320.078 -67.3926 419.406 0.0341936 -1.22838 -0.408148 -320.078 -46.9711 -82.3822 -0.0341936
1.29628 0.581948 320.097 -90.9695 456.709 0.0281812 -1.31597 -0.573671 -320.097 -68.5185 -95.663 -0.0281812
1.33926 0.681965 320.095 -105.627 478.775 0.0225175 -1.3626 -0.67627 -320.095 -81.8393 -105.3 -0.0225175
1.34055 0.705642 320.105 -109.164 485.215 0.0173725 -1.36501 -0.70189 -320.105 -85.1105 -111.209 -0.0173725
1.30653 0.652073 320.119 -101.43 476.728 0.0128848 -1.33204 -0.649555 -320.119 -78.2199 -111.984 -0.0128848
1.2412 0.53299 320.114 -84.1407 453.875 0.0091573 -1.2669 -0.530699 -320.114 -62.6531 -107.197 -0.0091573
1.14183 0.369891 320.105 -60.495 416.843 0.00625097 -1.1634 -0.366336 -320.105 -41.0803 -98.2598 -0.00625097
1.00249 0.193156 320.103 -34.7145 366.376 0.00419031 -1.02295 -0.182678 -320.103 -17.0942 -86.5393 -0.00419031
0.829698 0.0277589 320.09 -11.1931 303.935 0.00297146 -0.849357 -0.0149315 -320.09 5.38884 -72.0639 -0.00297146
0.636401 -0.102693 320.068 6.56973 232.108 0.00256558 -0.652574 0.112545 -320.068 23.2449 -54.2569 -0.00256558
0.429465 -0.183597 320.067 16.7926 153.406 0.00292182 -0.443043 0.188912 -320.067 34.7418 -33.2365 -0.00292182
0.20953 -0.207789 320.06 19.0403 69.8301 0.00396953 -0.221361 0.213783 -320.06 39.272 -10.825 -0.00396953
-0.014886 -0.176504 320.044 12.8839 -15.8406 0.00562035 0.00525998 0.180967 -320.044 36.5802 12.3746 -0.00562035
-0.236454 -0.0958542 320.054 -0.672313 -101.365 0.00777601 0.227757 0.0987378 -320.054 27.6486 36.3898 -0.00777601
-0.444988 0.0238223 320.065 -19.2307 -183.364 0.0103374 0.437425 -0.0146393 -320.065 14.0287 60.4549 -0.0103374
-0.647611 0.167676 320.077 -41.7529 -261.411 0.0132077 0.641108 -0.156578 -320.077 -2.90963 82.2196 -0.0132077
-0.841531 0.319833 320.083 -65.7674 -333.766 0.0162949 0.833194 -0.308423 -320.083 -20.8701 101.11 -0.0162949
-1.01628 0.458985 320.101 -87.4838 -398.389 0.0195125 1.00759 -0.445139 -320.101 -37.244 117.375 -0.0195125
-1.16492 0.561851 320.122 -104.056 -453.27 0.0227816 1.15637 -0.552429 -320.122 -49.689 131.066 -0.0227816
-1.28795 0.617297 320.131 -113.199 -497.244 0.0260354 1.27621 -0.610056 -320.131 -56.1579 141.405 -0.0260354
-1.38287 0.616814 320.136 -113.638 -529.211 0.0292185 1.36671 -0.609251 -320.136 -55.5398 147.7 -0.0292185
-1.44246 0.55857 320.137 -105.473 -547.988 0.0322849 1.42484 -0.553355 -320.137 -47.9433 150.182 -0.0322849
-1.46152 0.453114 320.129 -90.0002 -552.593 0.0351965 1.44229 -0.449661 -320.129 -34.5361 149.737 -0.0351965
-1.4378 0.316157 320.112 -69.5527 -542.841 0.0379228 1.41753 -0.313827 -320.112 -17.3161 146.7 -0.0379228
-1.37684 0.169549 320.092 -47.3391 -519.563 0.0404376 1.35506 -0.166935 -320.092 0.996776 140.517 -0.0404376
-1.28466 0.0386417 320.071 -27.0092 -484.082 0.0427167 1.26169 -0.0323725 -320.071 17.3226 130.738 -0.0427167
-1.16211 -0.0579743 320.048 -11.8 -437.328 0.0447352 1.13873 0.0649282 -320.048 28.8884 117.99 -0.0447352
-1.00936 -0.104477 320.032 -3.8186 -380.327 0.0464669 0.98528 0.112115 -320.032 33.8419 103.4 -0.0464669
-0.828484 -0.0943246 320.022 -3.95674 -314.547 0.047886 0.804594 0.103934 -320.022 31.446 87.6929 -0.047886
-0.623894 -0.0324842 320.017 -11.6968 -242.128 0.0489648 0.606202 0.0428142 -320.017 22.2045 71.081 -0.0489648
-0.403578 0.0748056 320.035 -26.4497 -164.453 0.0496743 0.389079 -0.0636758 -320.035 7.43594 53.9809 -0.0496743
-0.171183 0.203383 320.057 -44.4445 -83.0638 0.0499893 0.156673 -0.192422 -320.057 -10.1037 36.9501 -0.0499893
0.0669265 0.331327 320.066 -62.3611 -0.720705 0.0498958 -0.0783276 -0.321884 -320.066 -27.7329 20.1117 -0.0498958
0.29534 0.44066 320.094 -77.3872 78.9271 0.0493949 -0.305137 -0.431096 -320.094 -42.8869 3.49296 -0.0493949
0.502464 0.513109 320.117 -86.8122 153.005 0.0485 -0.515367 -0.503895 -320.117 -53.5214 -12.7955 -0.0485
0.692669 0.543517 320.123 -90.1254 220.305 0.0472333 -0.705512 -0.535367 -320.123 -58.7557 -27.4319 -0.0472333
0.85786 0.528752 320.134 -86.8003 278.447 0.0456235 -0.870406 -0.521232 -320.134 -58.0929 -39.8709 -0.0456235
0.991451 0.475212 320.133 -77.8535 325.578 0.043703 -1.00427 -0.467633 -320.133 -52.2476 -49.9731 -0.043703
1.09139 0.394098 320.121 -64.8328 360.371 0.0415101 -1.10292 -0.383636 -320.121 -42.471 -57.2699 -0.0415101
1.1545 0.297636 320.109 -49.9344 381.969 0.0390876 -1.16595 -0.286153 -320.109 -30.5899 -61.4067 -0.0390876
1.17725 0.201082 320.094 -35.328 389.427 0.0364776 -1.1884 -0.188506 -320.094 -18.381 -62.611 -0.0364776
1.15833 0.117608 320.072 -22.8383 382.472 0.0337223 -1.16908 -0.102217 -320.072 -7.42888 -60.9521 -0.0337223
1.0985 0.055963 320.055 -14.0022 361.323 0.0308683 -1.10957 -0.0391671 -320.055 0.95435 -56.3269 -0.0308683
1.00003 0.0218587 320.046 -9.58366 326.594 0.0279647 -1.01021 -0.00442618 -320.046 6.04382 -48.9895 -0.0279647
0.864066 0.014357 320.037 -9.71276 279.346 0.0250624 -0.872889 -0.000990071 -320.037 7.68541 -39.5755 -0.0250624
0.694327 0.0329936 320.038 -13.8068 221.263 0.0222159 -0.702914 -0.02161 -320.038 6.36143 -28.5208 -0.0222159
0.500688 0.0705833 320.055 -20.6456 154.86 0.0194835 -0.509206 -0.059277 -320.055 2.81148 -15.7423 -0.0194835
0.290921 0.121965 320.065 -29.5489 82.8059 0.0169223 -0.299423 -0.110052 -320.065 -2.38843 -1.77137 -0.0169223
0.070949 0.181376 320.083 -39.4796 7.18674 0.0145858 -0.0790925 -0.167975 -320.083 -8.65689 12.8913 -0.0145858
-0.147834 0.244711 320.11 -50.1509 -68.9263 0.0125264 0.139783 -0.23181 -320.11 -15.5429 28.4103 -0.0125264
-0.356507 0.303853 320.127 -60.0795 -142.42 0.0107961 0.348374 -0.291548 -320.127 -22.0275 44.1281 -0.0107961
-0.554708 0.354093 320.14 -68.5956 -211.857 0.00944521 0.546575 -0.34283 -320.14 -27.5279 58.6771 -0.00944521
-0.738756 0.391113 320.146 -75.1428 -275.764 0.00852268 0.730511 -0.379947 -320.146 -31.2158 71.6343 -0.00852268
-0.896032 0.409881 320.143 -78.9375 -331.2 0.00807388 0.886755 -0.397741 -320.143 -32.4674 83.6556 -0.00807388
-1.02642 0.405636 320.132 -79.1234 -377.427 0.00813336 1.01669 -0.392621 -320.132 -30.9867 93.8342 -0.00813336
-1.12875 0.37881 320.119 -75.7963 -413.336 0.00872366 1.11855 -0.365911 -320.119 -26.9201 101.467 -0.00872366
-1.19945 0.332773 320.102 -69.4685 -437.91 0.00985787 1.18806 -0.321012 -320.102 -20.6904 106.626 -0.00985787
-1.23431 0.272615 320.081 -60.8763 -450.373 0.0115359 1.22238 -0.262611 -320.081 -12.9112 109.508 -0.0115359
-1.23173 0.206674 320.065 -51.0956 -450.445 0.0137414 1.22142 -0.196839 -320.065 -4.50444 110.068 -0.0137414
-1.19286 0.142825 320.053 -41.461 -438.206 0.0164431 1.18426 -0.133717 -320.053 3.39307 108.353 -0.0164431
-1.12057 0.0919264 320.046 -33.4518 -414.233 0.0195933 1.11191 -0.0821723 -320.046 9.52866 104.403 -0.0195933
-1.01787 0.0622045 320.046 -28.3407 -379.549 0.0231242 1.00935 -0.0515611 -320.046 12.7472 98.1343 -0.0231242
-0.889569 0.0598085 320.05 -27.1921 -335.521 0.0269486 0.881692 -0.0494794 -320.05 12.2153 89.5467 -0.0269486
-0.739933 0.0871225 320.059 -30.2355 -283.728 0.0309631 0.732517 -0.0764023 -320.059 7.76745 79.1273 -0.0309631
-0.570199 0.142288 320.07 -37.3609 -225.33 0.0350498 0.562965 -0.131447 -320.07 -0.327456 67.7063 -0.0350498
-0.386105 0.220473 320.091 -48.2177 -162.076 0.0390792 0.379036 -0.210841 -320.091 -11.2313 55.4076 -0.0390792
-0.193165 0.307949 320.102 -60.3542 -95.8081 0.0429152 0.186312 -0.298616 -320.102 -23.2959 42.5358 -0.0429152
0.00299355 0.390848 320.103 -71.6934 -28.4468 0.0464282 -0.00967395 -0.381686 -320.103 -34.8762 29.466 -0.0464282
0.193682 0.458515 320.113 -80.8269 37.2745 0.0495021 -0.199936 -0.449699 -320.113 -44.48 16.4869 -0.0495021
0.371524 0.499051 320.115 -85.7316 99.0569 0.0520348 -0.377404 -0.489468 -320.115 -50.6663 3.89834 -0.0520348
0.531599 0.506945 320.101 -85.8364 155.186 0.0539432 -0.538525 -0.497274 -320.101 -52.7318 -7.75898 -0.0539432
0.67225 0.480706 320.091 -81.0442 204.34 0.0551689 -0.679545 -0.471497 -320.091 -50.3437 -17.916 -0.0551689
0.787451 0.421997 320.089 -71.567 244.741 0.0556755 -0.794719 -0.413898 -320.089 -43.7624 -26.4215 -0.0556755
0.872843 0.338727 320.071 -58.5805 275.113 0.055448 -0.880356 -0.33104 -320.071 -33.8109 -33.1134 -0.055448
0.928409 0.241774 320.058 -43.7172 294.765 0.0544966 -0.935908 -0.233744 -320.058 -21.8526 -37.3818 -0.0544966
0.953389 0.145166 320.057 -29.1051 303.236 0.0528556 -0.961043 -0.13641 -320.057 -9.68495 -38.9163 -0.0528556
0.945058 0.0625335 320.054 -16.8713 300.079 0.0505791 -0.952796 -0.0538956 -320.054 0.885328 -38.0564 -0.0505791
0.902122 0.00693511 320.05 -8.87708 285.254 0.0477407 -0.909818 0.00179516 -320.05 8.2589 -35.1268 -0.0477407
0.826989 -0.0131864 320.058 -6.37138 259.346 0.0444322 -0.834702 0.0222736 -320.058 11.3605 -30.0196 -0.0444322
0.723772 0.00482071 320.068 -9.78225 223.38 0.0407608 -0.731514 0.00424664 -320.068 9.79738 -22.6297 -0.0407608
0.595004 0.0565768 320.077 -18.393 178.46 0.0368434 -0.602718 -0.0483915 -320.077 3.99498 -13.3687 -0.0368434
0.445193 0.134254 320.085 -30.9611 126.5 0.0328019 -0.452822 -0.126497 -320.085 -4.94552 -2.90131 -0.0328019
0.275969 0.223668 320.098 -45.304 68.7399 0.0287578 -0.283569 -0.216057 -320.098 -15.3136 8.00087 -0.0287578
0.096092 0.309092 320.106 -59.0224 7.44883 0.0248279 -0.103674 -0.30194 -320.106 -25.2476 19.4863 -0.0248279
-0.0861906 0.377254 320.113 -70.1764 -55.0741 0.0211207 0.078583 -0.370482 -320.113 -32.968 31.5418 -0.0211207
-0.263059 0.415719 320.116 -76.8188 -116.107 0.0177339 0.255445 -0.408972 -320.116 -36.9499 43.6008 -0.0177339
-0.432365 0.41803 320.115 -77.9412 -174.127 0.0147512 0.424769 -0.411423 -320.115 -36.4835 54.7367 -0.0147512
-0.589796 0.386066 320.111 -73.9658 -227.733 0.0122395 0.582212 -0.379733 -320.111 -31.668 64.749 -0.0122395
-0.726584 0.324779 320.105 -65.6725 -274.829 0.0102497 0.719008 -0.318887 -320.105 -23.0951 73.965 -0.0102497
-0.838763 0.243678 320.097 -54.4249 -313.959 0.00881326 0.831273 -0.23845 -320.097 -12.0354 82.0169 -0.00881326
-0.928714 0.153937 320.089 -41.7051 -344.814 0.00794028 0.921539 -0.149011 -320.089 -0.0122071 87.9186 -0.00794028
-0.993742 0.069265 320.085 -29.5411 -366.545 0.00762392 0.986584 -0.0646288 -320.085 11.168 91.6415 -0.00762392
-1.02937 0.00226517 320.081 -19.8261 -378.274 0.00784469 1.02151 0.00201531 -320.081 19.9074 93.6024 -0.00784469
-1.03536 -0.0372834 320.077 -13.9975 -379.879 0.00857209 1.02726 0.041294 -320.077 24.9635 93.5826 -0.00857209
-1.01349 -0.0439481 320.079 -12.8515 -371.541 0.00976716 1.00536 0.0479604 -320.079 25.658 91.3089 -0.00976716
-0.963652 -0.0174066 320.081 -16.4786 -353.491 0.0113858 0.955371 0.0212395 -320.081 21.9298 87.0827 -0.0113858
-0.886236 0.0381783 320.082 -24.2591 -326.262 0.0133795 0.877826 -0.0345542 -320.082 14.3297 81.312 -0.0133795
-0.785023 0.113889 320.085 -34.847 -290.914 0.0156956 0.776514 -0.110385 -320.085 3.99086 74.0078 -0.0156956
-0.663866 0.199024 320.087 -46.7043 -248.603 0.0182791 0.655577 -0.195705 -320.087 -7.69039 65.219 -0.0182791
-0.523432 0.283782 320.094 -58.6071 -199.934 0.0210732 0.5154 -0.28064 -320.094 -19.2207 55.4042 -0.0210732
-0.372757 0.355329 320.095 -68.5688 -147.433 0.0240188 0.364743 -0.352356 -320.095 -29.0426 44.6269 -0.0240188
-0.211267 0.403364 320.095 -74.9697 -91.8244 0.0270565 0.203408 -0.400599 -320.095 -35.9377 33.7141 -0.0270565
-0.0448792 0.420955 320.093 -76.75 -34.8248 0.0301305 0.0371867 -0.41839 -320.093 -39.0448 22.7627 -0.0301305
0.117479 0.408014 320.093 -73.9992 21.1599 0.0331885 -0.12507 -0.405638 -320.093 -38.2497 11.7197 -0.0331885
0.27135 0.366352 320.089 -66.958 74.4095 0.0361802 -0.278831 -0.364258 -320.089 -33.8262 1.0606 -0.0361802
0.411563 0.301734 320.083 -56.4451 122.972 0.0390564 -0.418997 -0.300006 -320.083 -26.5463 -8.68361 -0.0390564
0.537686 0.225686 320.079 -44.3277 166.048 0.0417688 -0.545245 -0.224197 -320.079 -17.6968 -16.8227 -0.0417688
0.644288 0.149035 320.073 -32.2549 202.071 0.044268 -0.651845 -0.147735 -320.073 -8.62883 -23.3317 -0.044268
0.726652 0.0830173 320.07 -21.9011 229.757 0.0465009 -0.734195 -0.0819105 -320.07 -0.778611 -28.2179 -0.0465009
0.781479 0.0370584 320.066 -14.7089 248.003 0.0484138 -0.789074 -0.0361888 -320.066 4.68793 -31.2789 -0.0484138
0.80997 0.0180799 320.063 -11.7213 256.609 0.0499545 -0.817547 -0.0173417 -320.063 6.92301 -32.0026 -0.0499545
0.811477 0.0287151 320.063 -13.3391 255.34 0.0510732 -0.819014 -0.0280745 -320.063 5.59029 -30.3284 -0.0510732
0.784792 0.0669731 320.064 -19.2819 244.149 0.0517238 -0.792338 -0.0665223 -320.064 0.941909 -26.5303 -0.0517238
0.730654 0.126658 320.066 -28.6116 223.388 0.0518676 -0.738183 -0.126361 -320.066 -6.23169 -20.768 -0.0518676
0.651035 0.197605 320.071 -39.7543 193.664 0.0514761 -0.658534 -0.197552 -320.071 -14.7143 -13.0992 -0.0514761
0.55154 0.268485 320.076 -51.0309 156.593 0.0505334 -0.55898 -0.268762 -320.076 -23.0566 -3.59435 -0.0505334
0.431633 0.327893 320.077 -60.72 112.795 0.0490384 -0.439034 -0.328365 -320.077 -29.7989 6.98939 -0.0490384
0.294261 0.365304 320.085 -67.1906 63.5428 0.0470068 -0.301638 -0.366006 -320.085 -33.6896 18.1947 -0.0470068
0.143983 0.373435 320.09 -69.2277 10.2911 0.0444746 -0.151324 -0.374258 -320.09 -33.913 29.826 -0.0444746
-0.0142067 0.352175 320.093 -66.9037 -45.2727 0.0414979 0.0068999 -0.353039 -320.093 -30.3694 41.5799 -0.0414979
-0.174749 0.304012 320.095 -60.604 -101.052 0.0381519 0.167472 -0.305073 -320.095 -23.3937 52.8994 -0.0381519
-0.333345 0.235261 320.095 -51.119 -155.358 0.0345288 0.326089 -0.23647 -320.095 -13.9109 63.2873 -0.0345288
-0.484186 0.157395 320.098 -40.2319 -206.441 0.0307355 0.476948 -0.158814 -320.098 -3.32171 72.5996 -0.0307355
-0.624246 0.0831885 320.096 -29.9755 -253.187 0.026889 0.617019 -0.0848416 -320.096 6.88444 80.5647 -0.026889
-0.745884 0.0229708 320.091 -21.8086 -293.585 0.0231079 0.73864 -0.0247938 -320.091 15.3257 87.2855 -0.0231079
-0.849277 -0.0166507 320.087 -16.5671 -327.006 0.0195062 0.842022 0.0146225 -320.087 20.9993 92.0844 -0.0195062
-0.932138 -0.0307588 320.087 -14.9503 -352.486 0.0161921 0.924879 0.0285087 -320.087 23.249 94.6304 -0.0161921
-0.989924 -0.0180357 320.084 -17.1548 -368.939 0.0132637 0.982649 0.015573 -320.084 21.911 95.0951 -0.0132637
-1.01959 0.0181538 320.082 -22.6674 -375.654 0.0108041 1.0123 -0.0208177 -320.082 17.4017 93.6112 -0.0108041
-1.02038 0.0710968 320.083 -30.4836 -372.327 0.00888021 1.01309 -0.0739368 -320.083 10.5724 90.0774 -0.00888021
-0.992171 0.131905 320.085 -39.2773 -358.927 0.00754335 0.984856 -0.134873 -320.085 2.55471 84.5054 -0.00754335
-0.934895 0.190759 320.086 -47.5952 -335.701 0.00682605 0.927562 -0.193906 -320.086 -5.4064 77.1551 -0.00682605
-0.849653 0.238465 320.088 -54.067 -303.254 0.00674076 0.842271 -0.24179 -320.088 -12.1353 68.331 -0.00674076
-0.738421 0.268437 320.09 -57.7431 -262.419 0.00728064 0.730968 -0.271966 -320.09 -16.7662 58.3167 -0.00728064
-0.602306 0.278876 320.096 -58.5494 -213.87 0.00841996 0.594858 -0.282648 -320.096 -18.8778 47.4638 -0.00841996
-0.449692 0.268394 320.097 -56.2566 -159.943 0.0101164 0.442258 -0.272353 -320.097 -18.3033 35.7998 -0.0101164
-0.280411 0.238773 320.1 -51.0549 -101.47 0.0123157 0.272936 -0.242928 -320.1 -15.3533 24.2079 -0.0123157
-0.0998631 0.19378 320.097 -43.4239 -40.2374 0.0149549 0.0923656 -0.198094 -320.097 -10.5829 12.9672 -0.0149549
0.0821618 0.14277 320.097 -34.889 21.0709 0.0179633 -0.0896816 -0.147238 -320.097 -5.05392 2.05812 -0.0179633
0.260163 0.0934201 320.094 -26.6076 80.4744 0.0212674 -0.267711 -0.0980777 -320.094 0.265199 -8.06183 -0.0212674
0.426332 0.0526704 320.086 -19.5788 135.448 0.0247896 -0.433905 -0.0575116 -320.086 4.4625 -17.0294 -0.0247896
0.576989 0.0270401 320.081 -14.8711 184.426 0.0284451 -0.584575 -0.0320995 -320.081 6.80082 -24.3005 -0.0284451
0.708614 0.020113 320.079 -13.0857 226.085 0.0321444 -0.716229 -0.0253664 -320.079 6.89986 -29.5229 -0.0321444
0.810704 0.0320011 320.073 -14.2354 257.951 0.0357963 -0.818351 -0.0374408 -320.073 4.73939 -33.1283 -0.0357963
0.881178 0.0605606 320.066 -18.0816 279.212 0.0393082 -0.888876 -0.066185 -320.066 0.672007 -34.8788 -0.0393082
0.918875 0.101074 320.066 -23.9317 289.189 0.0425886 -0.926643 -0.106861 -320.066 -4.68925 -34.4176 -0.0425886
0.922941 0.147223 320.067 -30.8501 287.581 0.0455504 -0.930752 -0.153194 -320.067 -10.5408 -31.6872 -0.0455504
0.891998 0.192318 320.067 -37.8464 274.299 0.0481129 -0.899862 -0.198471 -320.067 -16.0227 -26.974 -0.0481129
0.82685 0.23018 320.069 -43.9976 249.765 0.0502036 -0.834772 -0.236508 -320.069 -20.3508 -20.4768 -0.0502036
0.731096 0.255729 320.074 -48.5186 214.973 0.0517608 -0.739054 -0.262242 -320.074 -22.9095 -12.1979 -0.0517608
0.608298 0.26571 320.079 -50.8355 171.121 0.0527344 -0.616285 -0.272424 -320.079 -23.375 -2.34873 -0.0527344
0.463227 0.260372 320.078 -51.0082 119.947 0.0530875 -0.471265 -0.267277 -320.078 -21.7523 8.65967 -0.0530875
0.297847 0.240379 320.084 -49.0409 62.69 0.0527988 -0.305933 -0.247469 -320.084 -18.2214 20.13 -0.0527988
0.118723 0.208863 320.085 -45.2893 1.29319 0.0518672 -0.126861 -0.216148 -320.085 -13.2944 31.9369 -0.0518672
-0.0676126 0.172766 320.085 -40.9272 -62.1871 0.0503117 0.0594217 -0.180245 -320.085 -7.71226 43.8319 -0.0503117
-0.252805 0.135317 320.083 -36.3274 -124.948 0.0481724 0.24456 -0.142972 -320.083 -1.99232 55.324 -0.0481724
-0.431445 0.100954 320.084 -32.0311 -184.94 0.0455098 0.423142 -0.108784 -320.084 3.17873 65.8611 -0.0455098
-0.600429 0.0763123 320.083 -29.2032 -240.881 0.0424049 0.592067 -0.0843289 -320.083 7.13181 75.0251 -0.0424049
-0.74872 0.064766 320.08 -28.4451 -290.193 0.0389533 0.740298 -0.0729629 -320.08 9.53944 83.2866 -0.0389533
-0.873745 0.0637916 320.073 -29.1121 -331.785 0.0352595 0.865261 -0.0721701 -320.073 10.452 90.271 -0.0352595
-0.97448 0.0724087 320.076 -31.0096 -364.633 0.0314337 0.965933 -0.080973 -320.076 9.94538 95.2387 -0.0314337
-1.04754 0.0885787 320.078 -33.841 -387.581 0.0275902 1.03893 -0.0973242 -320.078 8.28696 97.9726 -0.0275902
-1.08901 0.109399 320.077 -37.1641 -399.755 0.0238422 1.08033 -0.118326 -320.077 5.8355 98.6785 -0.0238422
-1.09641 0.131321 320.08 -40.4464 -400.682 0.020299 1.08766 -0.140427 -320.08 3.03904 97.5737 -0.020299
-1.06991 0.150678 320.085 -43.1415 -390.378 0.017063 1.06109 -0.159963 -320.085 0.363288 94.6204 -0.017063
-1.01182 0.16437 320.087 -44.7905 -369.308 0.0142284 1.00292 -0.173836 -320.087 -1.79474 89.6516 -0.0142284
-0.925032 0.170102 320.089 -45.0688 -338.331 0.0118779 0.916063 -0.179749 -320.089 -3.12546 82.7204 -0.0118779
-0.812304 0.166433 320.092 -43.7661 -298.563 0.0100792 0.80326 -0.176262 -320.092 -3.44178 74.1821 -0.0100792
-0.675937 0.153645 320.091 -40.962 -251.151 0.00888253 0.66682 -0.163657 -320.091 -2.74124 64.5435 -0.00888253
-0.519148 0.135342 320.094 -37.4234 -197.229 0.00831913 0.509957 -0.145534 -320.094 -1.25162 54.048 -0.00831913
-0.352738 0.112675 320.096 -33.3012 -139.567 0.00840076 0.343471 -0.123046 -320.096 0.859851 42.478 -0.00840076
-0.175481 0.085504 320.092 -28.369 -78.8256 0.00912214 0.166135 -0.096055 -320.092 3.40449 30.8287 -0.00912214
0.00493854 0.0577982 320.087 -23.2726 -17.2516 0.0104597 -0.0143642 -0.0685294 -320.087 5.93251 19.2202 -0.0104597
0.178117 0.034349 320.09 -18.8794 42.2003 0.0123704 -0.187624 -0.0452598 -320.09 7.98834 7.7303 -0.0123704
0.341113 0.0174774 320.083 -15.4832 98.0342 0.0147948 -0.350703 -0.0285686 -320.083 9.2246 -2.96163 -0.0147948
0.486626 0.00853426 320.081 -13.2635 147.952 0.0176572 -0.496301 -0.0198061 -320.081 9.44765 -12.5771 -0.0176572
0.611432 0.00999133 320.081 -12.6987 190.652 0.0208632 -0.621192 -0.0214422 -320.081 8.45395 -20.7084 -0.0208632
0.712824 0.0216625 320.082 -13.8125 225.139 0.0243052 -0.722673 -0.0332917 -320.082 6.31849 -27.111 -0.0243052
0.782544 0.0419131 320.081 -16.3494 249.435 0.0278672 -0.792482 -0.0537213 -320.081 3.237 -32.0886 -0.0278672
0.821266 0.0684102 320.08 -20.0248 263.307 0.0314287 -0.831294 -0.0803974 -320.08 -0.430544 -35.2254 -0.0314287
0.829552 0.0976821 320.082 -24.3256 266.573 0.03487 -0.839672 -0.109848 -320.082 -4.2384 -36.1819 -0.03487
0.807287 0.126139 320.083 -28.7189 259.245 0.0380779 -0.817501 -0.138484 -320.083 -7.72824 -35.0047 -0.0380779
0.75527 0.15025 320.082 -32.6742 241.737 0.0409497 -0.765578 -0.162773 -320.082 -10.4554 -31.8842 -0.0409497
0.676092 0.167195 320.082 -35.7505 214.823 0.0433972 -0.686496 -0.179895 -320.082 -12.0819 -26.8794 -0.0433972
0.573717 0.174906 320.084 -37.5648 179.6 0.045349 -0.584216 -0.187785 -320.084 -12.4204 -19.9884 -0.045349
0.454187 0.17347 320.08 -38.141 137.844 0.0467523 -0.464785 -0.186525 -320.08 -11.4701 -11.3175 -0.0467523
0.318975 0.163589 320.077 -37.5508 90.5888 0.0475744 -0.329673 -0.176822 -320.077 -9.35409 -1.49019 -0.0475744
0.170793 0.14571 320.078 -35.7204 39.0042 0.0478052 -0.181591 -0.159119 -320.078 -6.26966 9.07657 -0.0478052
0.0197236 0.124185 320.074 -33.3315 -14.3554 0.0474575 -0.0306242 -0.13777 -320.074 -2.73647 20.6155 -0.0474575
-0.133264 0.102649 320.073 -31.0168 -68.5059 0.0465666 0.12226 -0.116412 -320.073 0.873652 32.4145 -0.0465666
-0.280545 0.0827242 320.072 -28.8725 -120.989 0.0451876 0.269436 -0.0966628 -320.072 4.20932 44.1242 -0.0451876
-0.418523 0.0668138 320.072 -27.2002 -170.414 0.0433932 0.407308 -0.0809285 -320.072 6.90786 55.3493 -0.0433932
-0.543732 0.0578614 320.075 -26.5018 -215.534 0.041269 0.53241 -0.0721519 -320.075 8.65879 65.8059 -0.041269
-0.653005 0.0585518 320.077 -27.3136 -255.252 0.0389088 0.641574 -0.0730178 -320.077 9.2571 75.2724 -0.0389088
-0.741778 0.0666662 320.075 -29.1795 -288.297 0.0364084 0.730237 -0.0813074 -320.075 8.85913 83.7414 -0.0364084
-0.810262 0.0800386 320.078 -31.6843 -314.186 0.03386 0.79861 -0.0948548 -320.078 7.64779 90.6736 -0.03386
-0.858154 0.0962333 320.082 -34.4614 -332.422 0.0313496 0.846389 -0.111224 -320.082 5.92902 95.6567 -0.0313496
-0.884054 0.112445 320.083 -37.0767 -342.586 0.0289548 0.872176 -0.127611 -320.083 4.04342 98.6604 -0.0289548
-0.886121 0.126009 320.083 -39.1405 -344.372 0.0267416 0.874128 -0.141349 -320.083 2.33732 99.8863 -0.0267416
-0.864692 0.134279 320.085 -40.2661 -337.883 0.0247638 0.852584 -0.149793 -320.085 1.15487 99.3442 -0.0247638
-0.822221 0.135372 320.084 -40.1684 -323.627 0.023063 0.809996 -0.15106 -320.084 0.730778 96.8636 -0.023063
-0.76119 0.128492 320.082 -38.7441 -302.259 0.021669 0.748846 -0.144353 -320.082 1.1816 92.4137 -0.021669
-0.683713 0.113878 320.08 -36.0466 -274.554 0.0206001 0.671249 -0.129913 -320.08 2.49496 86.1834 -0.0206001
-0.592064 0.0929486 320.078 -32.3048 -241.426 0.0198625 0.57948 -0.109156 -320.078 4.50816 78.4565 -0.0198625
-0.487652 0.0696319 320.08 -28.2522 -203.567 0.0194507 0.474946 -0.0860116 -320.08 6.86978 69.5326 -0.0194507
-0.377929 0.0462834 320.078 -24.2417 -162.93 0.0193497 0.3651 -0.0628355 -320.078 9.28252 59.3061 -0.0193497
-0.261255 0.0243632 320.08 -20.3789 -119.773 0.0195389 0.248302 -0.0410874 -320.08 11.4483 48.4843 -0.0195389
-0.143233 0.00662079 320.077 -17.0689 -75.7027 0.0199935 0.130155 -0.0235168 -320.077 13.0131 37.1222 -0.0199935
-0.0261967 -0.00461207 320.079 -14.6918 -31.7191 0.0206837 0.0129922 -0.0124554 -320.079 13.7129 25.5747 -0.0206837
0.0847413 -0.0069669 320.083 -13.6793 10.4038 0.0215767 -0.0980733 -0.0102718 -320.083 13.3255 14.2004 -0.0215767
0.189609 -0.000367075 320.085 -14.0581 50.0093 0.0226391 -0.20307 -0.0170426 -320.085 11.8568 3.66125 -0.0226391
0.283958 0.0139685 320.083 -15.6342 85.8283 0.0238349 -0.297548 -0.0315489 -320.083 9.44898 -6.00449 -0.0238349
0.36381 0.0337764 320.087 -18.0645 116.672 0.0251249 -0.377531 -0.0515271 -320.087 6.38428 -14.708 -0.0251249
0.429384 0.0560084 320.092 -20.9081 142.102 0.0264699 -0.443237 -0.0739291 -320.092 3.06363 -21.9529 -0.0264699
0.480551 0.0781128 320.087 -23.8432 161.637 0.0278303 -0.494537 -0.0962033 -320.087 -0.130013 -27.296 -0.0278303
0.514948 0.0967538 320.086 -26.3868 174.736 0.0291656 -0.529067 -0.115014 -320.086 -2.75838 -30.8475 -0.0291656
0.531072 0.109445 320.089 -28.1668 181.061 0.030438 -0.545327 -0.127874 -320.089 -4.50674 -32.6863 -0.030438
0.529754 0.114316 320.085 -28.9112 180.625 0.0316156 -0.544144 -0.132914 -320.085 -5.13083 -32.597 -0.0316156
0.512247 0.110835 320.081 -28.5367 173.611 0.0326718 -0.526774 -0.129602 -320.081 -4.56711 -30.4149 -0.0326718
0.478921 0.0997545 320.08 -27.1491 160.239 0.0335853 -0.493586 -0.118689 -320.08 -2.91721 -26.2581 -0.0335853
0.430194 0.0828778 320.077 -25.0122 140.842 0.0343414 -0.444998 -0.10198 -320.077 -0.415703 -20.3432 -0.0343414
0.367378 0.0628935 320.074 -22.5181 115.951 0.0349328 -0.382322 -0.0821633 -320.074 2.58714 -12.8365 -0.0349328
0.291372 0.0419977 320.077 -19.9216 86.1104 0.0353576 -0.306457 -0.0614347 -320.077 5.73932 -4.03464 -0.0353576
0.21436 0.03839 320.074 -18.4731 52.4281 0.0356177 -0.21436 -0.03839 -320.074 7.97225 6.22028 -0.0356177
0.126298 0.0435497 320.072 -19.8103 16.4087 0.0357184 -0.126298 -0.0435497 -320.072 7.88582 17.8373 -0.0357184
