0.108296 -0.088877 320.089 16.866 12.5238 0.000136699 -0.0173833 0.167233 -320.089 20.3339 5.74328 -0.000136699
0.16227 -0.0315482 320.088 7.45193 22.1263 0.000130649 -0.0713551 0.109841 -320.088 13.0796 11.827 -0.000130649
0.213723 0.0648878 320.086 -8.82207 34.7513 0.000113522 -0.122831 0.0133422 -320.086 1.3196 14.1692 -0.000113522
0.223287 0.178551 320.084 -28.6518 45.709 8.51263e-05 -0.132455 -0.100367 -320.084 -11.8904 6.02636 -8.51263e-05
0.214936 0.293268 320.084 -49.2295 57.4953 4.90051e-05 -0.124238 -0.2151 -320.084 -24.6559 -8.12968 -4.90051e-05
0.242471 0.39814 320.084 -68.3432 75.8826 -3.5987e-06 -0.151563 -0.319831 -320.084 -36.0021 -18.5064 3.5987e-06
0.326077 0.481117 320.084 -83.7255 102.593 -9.60817e-05 -0.233047 -0.401169 -320.084 -44.4997 -21.1918 9.60817e-05
0.43146 0.527936 320.085 -93.2089 133.179 -0.000244113 -0.33607 -0.444794 -320.085 -48.1634 -21.4592 0.000244113
0.514829 0.529101 320.088 -95.6697 161.951 -0.000444995 -0.417262 -0.443892 -320.088 -45.7478 -26.2773 0.000444995
0.571244 0.488511 320.093 -91.7239 187.596 -0.00069996 -0.472086 -0.403219 -320.093 -37.8942 -35.7119 0.00069996
0.6273 0.418761 320.098 -83.3681 212.647 -0.00102973 -0.533692 -0.339211 -320.098 -26.8229 -43.6232 0.00102973
0.709666 0.329769 320.104 -72.4537 238.399 -0.00145314 -0.614919 -0.268383 -320.104 -14.5224 -45.571 0.00145314
0.803007 0.24004 320.108 -60.0898 262.357 -0.00196503 -0.70148 -0.186325 -320.108 -1.93133 -43.3633 0.00196503
0.864274 0.156369 320.113 -47.7027 280.022 -0.00254491 -0.768996 -0.102307 -320.113 10.0423 -42.2958 0.00254491
0.873482 0.095855 320.117 -37.8346 288.195 -0.00317179 -0.794751 -0.0303161 -320.117 19.4238 -45.3744 0.00317179
0.851108 0.0814652 320.118 -33.9958 287.317 -0.00382195 -0.778833 0.00687221 -320.118 23.0779 -50.0534 0.00382195
0.823863 0.143208 320.117 -40.1404 280.219 -0.00446117 -0.748918 -0.0124991 -320.117 17.4384 -51.2669 0.00446117
0.782012 0.251765 320.111 -57.6004 267.453 -0.00504177 -0.722257 -0.134178 -320.111 1.45024 -48.4759 0.00504177
0.706011 0.394966 320.103 -81.6329 245.927 -0.00550333 -0.661641 -0.308862 -320.103 -20.6989 -46.8295 0.00550333
0.58139 0.551888 320.094 -104.76 214.105 -0.00577972 -0.55013 -0.463231 -320.094 -42.7947 -49.3519 0.00577972
0.429856 0.669268 320.086 -121.626 175.243 -0.00581507 -0.414489 -0.585381 -320.086 -60.7229 -52.2593 0.00581507
0.316145 0.784385 320.079 -131.256 135.343 -0.00557815 -0.277995 -0.628092 -320.079 -74.0151 -48.7677 0.00557815
0.250798 0.862742 320.072 -136.927 99.2087 -0.00506094 -0.182227 -0.66511 -320.072 -85.0967 -36.1086 0.00506094
0.228325 0.909549 320.065 -140.756 67.8802 -0.00426656 -0.10608 -0.711025 -320.065 -94.7294 -19.1756 0.00426656
0.215071 0.872617 320.061 -138.598 41.5607 -0.00320647 -0.0335936 -0.758731 -320.061 -98.4445 -5.36876 0.00320647
0.163901 0.721199 320.062 -120.74 21.6581 -0.00191552 0.00650162 -0.713165 -320.062 -87.6764 1.23803 0.00191552
0.160679 0.339718 320.07 -74.5492 12.1361 -0.000468271 0.0536838 -0.532978 -320.07 -52.2589 3.42108 0.000468271
0.220336 -0.326991 320.089 14.3021 20.4671 0.00102144 0.00704467 -0.0994894 -320.089 18.74 10.5334 -0.00102144
0.356356 -1.10726 320.116 146.866 48.883 0.00241112 -0.165602 0.768381 -320.116 125.637 26.9742 -0.00241112
0.543782 -1.88353 320.151 292.216 89.2069 0.00353559 -0.38797 1.80542 -320.151 243.744 46.2108 -0.00353559
0.69861 -2.51225 320.181 401.442 129.211 0.00421967 -0.586569 2.55133 -320.181 334.235 57.5901 -0.00421967
0.765392 -2.70053 320.192 436.979 158.938 0.00431738 -0.699386 2.8326 -320.192 366.914 54.0005 -0.00431738
0.790553 -2.44936 320.183 386.075 176.587 0.00376257 -0.684299 2.4866 -320.183 331.046 37.8631 -0.00376257
0.996302 -1.7576 320.159 263.558 198.553 0.00259191 -0.554194 1.69353 -320.159 237.822 26.9333 -0.00259191
1.45083 -0.766542 320.129 100.778 255.366 0.000920564 -0.59069 0.704118 -320.129 112.847 41.5107 -0.000920564
1.91017 0.461566 320.101 -77.1706 354.657 -0.0011099 -0.974097 -0.209616 -320.101 -20.4118 64.754 0.0011099
2.11261 1.72849 320.078 -264.324 463.479 -0.00336272 -1.34801 -1.1409 -320.078 -152.668 39.8492 0.00336272
1.64874 2.85333 320.068 -458.07 538.3 -0.00569963 -1.54403 -2.23081 -320.068 -280.753 -73.6121 0.00569963
0.827181 3.43851 320.065 -621.659 561.59 -0.00797896 -1.32383 -3.46536 -320.065 -381.604 -247.954 0.00797896
0.39824 3.6254 320.068 -689.572 570.208 -0.0100776 -0.919697 -3.97279 -320.068 -414.605 -377.395 0.0100776
0.504939 3.19935 320.081 -623.909 610.531 -0.0119091 -1.15665 -3.55953 -320.081 -358.329 -367.752 0.0119091
1.11528 2.17124 320.099 -437.855 656.653 -0.0134155 -1.68581 -2.36902 -320.099 -222.013 -248.444 0.0134155
1.61939 0.868674 320.125 -185.09 640.734 -0.0145323 -1.9089 -0.684936 -320.125 -40.8089 -127.082 0.0145323
1.22774 -0.814431 320.155 75.4879 519.799 -0.0151741 -1.80893 0.699925 -320.155 144.402 -77.805 0.0151741
0.178396 -2.68711 320.181 333.194 288.24 -0.0152548 -1.12497 1.83806 -320.181 324.183 -98.3445 0.0152548
-1.00501 -4.30119 320.199 603.364 -14.4248 -0.0146769 -0.146765 3.31736 -320.199 503.518 -110.111 0.0146769
-1.62392 -5.83131 320.208 873.26 -323.981 -0.0133047 0.73968 4.76405 -320.208 666.216 -19.8088 0.0133047
-1.29273 -6.90385 320.204 1105.02 -589.412 -0.0110086 1.38685 6.09792 -320.204 784.197 199.027 0.0110086
-0.729454 -7.4649 320.181 1256.53 -800.492 -0.00773701 1.54211 6.94118 -320.181 836.833 468.689 0.00773701
-1.14735 -7.63605 320.152 1308.11 -1019.32 -0.00349494 1.56854 7.05326 -320.152 826.481 622.439 0.00349494
-2.11629 -7.27405 320.13 1267.4 -1288.1 0.00171801 2.82213 6.73284 -320.13 768.089 568.043 -0.00171801
-3.30399 -6.46129 320.105 1142.32 -1508.31 0.00780171 4.10085 5.95059 -320.105 661.43 429.837 -0.00780171
-3.82018 -4.96521 320.067 929.98 -1558.9 0.0143541 4.30787 4.83154 -320.067 493.811 375.375 -0.0143541
-3.38967 -2.92016 320.008 625.134 -1447.7 0.0207623 3.79656 3.17305 -320.008 260.544 401.12 -0.0207623
-2.71129 -0.650412 319.943 245.995 -1258.74 0.0265491 3.26888 0.930021 -319.943 -16.0299 387.648 -0.0265491
-2.38277 1.43658 319.895 -144.218 -1040.36 0.0314346 2.95487 -1.48985 -319.895 -280.705 263.096 -0.0314346
-2.3598 2.68366 319.885 -441.888 -780.211 0.0350415 2.54894 -3.49032 -319.885 -454.98 65.9088 -0.0350415
-2.14839 3.27394 319.921 -561.247 -454.303 0.0368073 1.7496 -3.90478 -319.921 -481.71 -112.45 -0.0368073
-1.50299 3.36269 319.992 -525.913 -78.1087 0.0362749 0.509984 -2.94613 -319.992 -390.755 -214.126 -0.0362749
-0.222473 2.95652 320.063 -449.092 301.167 0.033246 -0.649652 -2.04692 -320.063 -277.994 -238.347 -0.033246
0.941317 2.66747 320.107 -419.892 632.41 0.027648 -1.87849 -1.70424 -320.107 -215.473 -221.566 -0.027648
1.69696 2.87112 320.123 -465.337 859.673 0.019582 -2.69226 -1.86683 -320.123 -223.285 -220.519 -0.019582
2.19894 2.93682 320.127 -555.355 966.434 0.00957942 -2.73013 -2.7905 -320.127 -277.042 -248.662 -0.00957942
2.69769 3.27442 320.122 -622.573 1010.31 -0.00144956 -2.56297 -3.24923 -320.122 -325.534 -244.31 0.00144956
3.36123 3.17089 320.113 -617.373 1053.53 -0.0125755 -2.76449 -3.33745 -320.113 -328.499 -161.917 0.0125755
3.87006 2.16356 320.125 -497.278 1086.07 -0.0229991 -3.20882 -2.9408 -320.125 -244.586 -56.095 0.0229991
4.23675 0.460394 320.177 -221.718 1074.71 -0.031918 -3.11211 -1.29791 -320.177 -33.9757 -5.61196 0.031918
4.36334 -1.7926 320.262 181.827 1052.52 -0.0385888 -2.89708 1.4126 -320.262 283.647 3.68576 0.0385888
4.47154 -4.61205 320.355 625.531 1074.44 -0.0426777 -3.10088 4.08125 -320.355 637.324 27.094 0.0426777
4.32144 -7.06103 320.437 1023.84 1118.69 -0.0443569 -3.67298 6.58684 -320.437 958.868 44.1861 0.0443569
3.99897 -8.49373 320.488 1284.48 1116.53 -0.043975 -3.64393 8.43441 -320.488 1174.82 -4.65299 0.043975
3.41909 -8.76216 320.489 1316.95 1056.62 -0.0418624 -3.13917 8.62399 -320.489 1208.88 -102.252 0.0418624
2.90396 -8.37856 320.424 1137.1 981.503 -0.0384876 -2.64704 6.79783 -320.424 1067.66 -173.465 0.0384876
2.41724 -7.10695 320.34 887.155 904.702 -0.0344378 -2.48081 4.93082 -320.34 861.603 -191.602 0.0344378
1.51939 -5.68466 320.282 691.957 774.325 -0.0300733 -2.36849 3.83788 -320.282 691.379 -208.134 0.0300733
0.529935 -4.16233 320.243 555.079 545.663 -0.0254667 -1.47326 3.50847 -320.243 559.25 -253.521 0.0254667
-0.396934 -3.04671 320.191 415.861 261.192 -0.0207892 -0.422353 2.64981 -320.191 411.678 -256.761 0.0207892
-0.75745 -1.55702 320.122 245.774 -8.82454 -0.0164213 0.278202 1.67102 -320.122 223.197 -141.436 0.0164213
-0.548113 0.308901 320.045 36.7821 -245.958 -0.0125207 0.703743 0.520939 -320.045 -5.91426 63.6578 0.0125207
-0.438772 2.21853 319.961 -219.144 -474.184 -0.00878262 1.11874 -1.13137 -319.961 -267.42 246.894 0.00878262
-0.740549 4.10222 319.874 -502.841 -703.953 -0.00479797 1.91119 -3.03198 -319.874 -533.489 317.278 0.00479797
-1.06075 5.97763 319.805 -780.934 -873.376 -0.000435038 2.88533 -4.72609 -319.805 -773.992 298.459 0.000435038
-0.854289 7.45381 319.773 -1024.52 -875.095 0.00421694 3.17863 -6.25519 -319.773 -967.055 287.575 -0.00421694
0.0691916 8.00818 319.771 -1175.25 -659.963 0.00908202 2.45488 -7.4053 -319.771 -1064.01 312.006 -0.00908202
1.03456 7.57042 319.819 -1151.93 -284.492 0.0141223 1.04851 -7.19609 -319.819 -993.407 281.656 -0.0141223
0.683396 5.89378 319.944 -927.749 115.271 0.0191228 -0.617697 -5.52969 -319.944 -732.004 73.7942 -0.0191228
-1.35967 3.25131 320.111 -562.642 378.827 0.0235024 -1.58344 -2.97705 -320.111 -342.458 -345.289 -0.0235024
-1.95079 0.896238 320.236 -189.168 519.349 0.0264057 -0.420075 -0.164922 -320.236 34.6968 -739.918 -0.0264057
-0.864251 -0.476418 320.283 37.257 743.414 0.027023 -0.931805 1.45521 -320.283 243.058 -731.495 -0.027023
0.938622 -0.675949 320.239 50.5465 1019.79 0.0249488 -3.55925 1.27665 -320.239 232.848 -364.41 -0.0249488
2.37598 -0.334205 320.143 -68.4091 1037.32 0.0205214 -4.08981 -0.117845 -320.143 99.6023 -96.4236 -0.0205214
2.2434 0.253379 320.069 -178.704 728.206 0.0148297 -2.06172 -1.15772 -320.069 -26.4996 -101.623 -0.0148297
1.54875 0.629951 320.047 -199.753 371.899 0.00897533 -0.286591 -1.35382 -320.047 -88.5843 -104.603 -0.00897533
2.3719 1.77093 320.042 -180.498 219.42 0.00332687 -0.0907269 -0.376351 -320.042 -131.502 138.437 -0.00332687
3.99383 2.66205 320.03 -242.44 259.956 -0.00200091 -1.2844 -0.617275 -320.03 -233.953 506.453 0.00200091
4.22815 3.74127 320.017 -421.051 287.264 -0.00618644 -2.1164 -1.86362 -320.017 -393.203 633.906 0.00618644
2.06619 3.50032 320.03 -594.096 149.924 -0.00812743 -1.16804 -4.02833 -320.03 -499.717 319.665 0.00812743
-2.54381 2.80875 320.077 -583.271 -130.784 -0.00770123 0.169452 -4.20347 -320.077 -435.596 -263.183 0.00770123
-4.35373 1.20847 320.128 -342.444 -368.879 -0.00574076 2.77417 -2.59465 -320.128 -210.217 -666.164 0.00574076
-2.94215 -2.01945 320.141 87.0555 -312.595 -0.00299895 2.60124 -0.628102 -320.141 115.027 -492.434 0.00299895
-1.36903 -5.12197 320.14 683.366 -93.9397 0.000164991 -0.918414 3.29396 -320.14 539.416 28.3024 -0.000164991
-1.71566 -8.2762 320.181 1331.05 -223.119 0.00353919 -1.61204 7.84951 -320.181 1011.98 207.449 -0.00353919
-4.89201 -11.6901 320.239 1847.1 -859.671 0.00703349 1.82398 10.6125 -320.239 1393.44 -117.018 -0.00703349
-8.47736 -13.3153 320.239 2128.28 -1629.29 0.0104149 5.37757 12.0815 -320.239 1561.91 -385.182 -0.0104149
-9.69149 -13.2745 320.161 2160.36 -2204.69 0.013028 6.38977 11.7532 -320.161 1476.38 -134.39 -0.013028
-8.87119 -10.6577 320.008 1946.86 -2663.25 0.0145919 6.23236 10.6879 -320.008 1155.14 464.696 -0.0145919
-8.69492 -5.50766 319.821 1411.96 -3250.98 0.0161162 7.26957 8.20144 -319.821 580.738 925.854 -0.0161162
-10.277 0.797649 319.596 480.045 -4007.51 0.0190412 10.2411 2.19701 -319.596 -275.678 1019.68 -0.0190412
-12.8404 9.35523 319.318 -781.107 -4715.34 0.0238262 13.3204 -5.37235 -319.318 -1357.53 906.943 -0.0238262
-14.6859 18.3651 319.02 -2198.45 -5150.04 0.0304404 15.0806 -14.2066 -319.02 -2532.73 817.352 -0.0304404
-15.2266 24.9218 318.777 -3457.55 -5263.35 0.03965 15.6313 -23.2864 -318.777 -3545.5 772.034 -0.03965
-14.6465 29.1255 318.656 -4171.55 -5092.11 0.0525586 15.682 -27.6684 -318.656 -4078.97 678.087 -0.0525586
-12.2296 28.1215 318.702 -4124.65 -4562.79 0.0690515 15.1469 -27.5185 -318.702 -3958.35 578.482 -0.0690515
-8.80906 22.1452 318.946 -3288.75 -3565.46 0.0873437 11.6993 -22.271 -318.946 -3163.73 580.291 -0.0873437
-4.21473 12.7516 319.399 -1806.71 -2185.24 0.104785 6.66325 -12.1383 -319.399 -1809.03 600.996 -0.104785
0.949722 1.57739 319.967 -39.4216 -602.276 0.11863 1.69541 0.0598953 -319.967 -180.832 492.344 -0.11863
4.99678 -8.93315 320.522 1542.03 1057.56 0.12618 -3.8587 10.8549 -320.522 1332.86 230.005 -0.12618
8.25098 -15.6756 320.896 2515.05 2645.53 0.124726 -8.87878 17.9617 -320.896 2371.62 -153.128 -0.124726
12.3024 -17.7227 321.192 2633.4 4087.55 0.111981 -12.0958 19.0602 -321.192 2709.91 -536.626 -0.111981
16.1967 -14.7679 321.254 1919.41 5407.88 0.0869857 -15.6599 14.5857 -321.254 2344.16 -771.229 -0.0869857
19.5943 -7.33834 321.055 619.647 6527.68 0.0505765 -18.9355 7.05406 -321.055 1469.9 -919.798 -0.0505765
21.4979 1.49529 320.837 -935.862 7291.78 0.00505394 -20.5627 -2.45204 -320.837 360.565 -1169.54 -0.00505394
21.6564 9.6432 320.684 -2368.86 7676.63 -0.0462194 -20.5499 -11.3408 -320.684 -681.912 -1532.15 0.0462194
20.9411 15.2227 320.545 -3321.87 7792.34 -0.0991698 -20.0174 -17.1613 -320.545 -1385.32 -1828.55 0.0991698
20.4237 18.2097 320.466 -3635.49 7737.09 -0.1498 -19.677 -18.043 -320.466 -1633.81 -1897.87 0.1498
20.7011 17.2701 320.468 -3391.4 7530.47 -0.194749 -19.1765 -16.3272 -320.468 -1492 -1724.21 0.194749
21.1545 13.7287 320.519 -2749.83 7166.99 -0.231031 -18.4584 -12.5788 -320.519 -1074.27 -1400.15 0.231031
20.5757 9.52046 320.571 -1908.17 6626.2 -0.255997 -17.5602 -7.17557 -320.571 -519.263 -1075.18 0.255997
18.3896 4.35704 320.615 -1084.96 5864.25 -0.268031 -15.7231 -2.9863 -320.615 16.5903 -899.011 0.268031
15.2441 -0.419252 320.645 -374.874 4911.62 -0.266828 -12.4468 0.191875 -320.645 462.426 -880.654 0.266828
11.46 -3.52125 320.647 205.62 3903.42 -0.252967 -9.3875 3.38608 -320.647 796.929 -868.051 0.252967
8.25098 -5.88426 320.616 620.597 2937.64 -0.227683 -6.79751 5.1874 -320.616 987.223 -746.25 0.227683
5.48402 -6.58482 320.543 851.414 2009.25 -0.192851 -4.54756 6.31808 -320.543 1022.71 -548.271 0.192851
2.46346 -6.43959 320.427 908.785 1065.95 -0.150784 -2.22809 6.16419 -320.427 922.108 -382.302 0.150784
-1.00888 -5.69744 320.282 843.358 80.9554 -0.104137 0.54316 5.14928 -320.282 732.465 -305.828 0.104137
-4.26376 -4.38243 320.122 723.868 -888.063 -0.0558511 3.50698 4.06577 -320.122 503.682 -241.671 0.0558511
-6.45239 -4.09098 319.954 640.523 -1732.04 -0.00875278 5.78193 2.38413 -319.954 300.567 -47.5943 0.00875278
-7.23946 -5.88724 319.819 799.052 -2392.63 0.0349352 6.98962 1.58934 -319.819 287.766 321.751 -0.0349352
-7.41804 -9.87162 319.805 1437.82 -2905.72 0.0736442 7.2738 4.59611 -319.805 664.969 766.253 -0.0736442
-8.02645 -16.3455 319.934 2587.53 -3362.7 0.106138 7.2234 11.559 -319.934 1467.71 1140.97 -0.106138
-9.11756 -25.0886 320.189 4047.57 -3828.55 0.131317 7.57656 20.2165 -320.189 2536 1395.98 -0.131317
-10.0525 -33.2529 320.485 5505.73 -4283.5 0.148391 8.2116 29.4691 -320.485 3608.56 1621.87 -0.148391
-10.5328 -39.633 320.725 6621.93 -4683.12 0.157159 8.47133 36.2521 -320.725 4405.01 1912.97 -0.157159
-10.9062 -41.5175 320.836 7098.57 -5066.92 0.158178 8.74999 39.6345 -320.836 4693.77 2201.08 -0.158178
-11.733 -37.9904 320.734 6705.79 -5512.64 0.152676 10.1708 37.7858 -320.734 4305.62 2319.48 -0.152676
-13.3769 -29.966 320.419 5387.25 -5994.09 0.142294 12.6766 29.2028 -320.419 3211.28 2197.61 -0.142294
-15.7353 -16.666 319.967 3332.01 -6393.5 0.128914 15.2173 17.047 -319.967 1567.98 1885.23 -0.128914
-17.8457 0.794827 319.44 754.045 -6597.1 0.114606 17.4561 2.86267 -319.44 -451.926 1457.36 -0.114606
-18.2306 19.2234 318.864 -2160.47 -6479.76 0.101466 19.3839 -14.213 -318.864 -2696.03 1004.9 -0.101466
-16.6635 36.8528 318.294 -5065.28 -5883.42 0.0912989 19.5033 -31.6214 -318.294 -4882.14 620.285 -0.0912989
-13.6742 51.4712 317.94 -7498.85 -4748.38 0.0852456 17.0799 -45.7806 -317.94 -6630.02 273.633 -0.0852456
-9.6856 60.0614 317.928 -9068.44 -3156.59 0.083487 13.1917 -54.7869 -317.928 -7617.5 -171.008 -0.083487
-5.10723 62.3558 318.084 -9582.66 -1197.13 0.085141 8.23691 -56.5593 -318.084 -7694.7 -742.008 -0.085141
-0.900297 58.1558 318.48 -9096.01 1035.81 0.0881736 1.20352 -52.1521 -318.48 -6931.41 -1338.07 -0.0881736
3.23511 49.4696 319.149 -7871.55 3299.19 0.0895331 -6.32849 -43.0962 -319.149 -5578.7 -1902.5 -0.0895331
7.31936 38.727 319.805 -6299.55 5300 0.0860833 -12.6827 -32.1094 -319.805 -3994.11 -2383.36 -0.0860833
8.4817 26.1636 320.27 -4685 6724.26 0.0757092 -18.7354 -23.0273 -320.27 -2464.11 -2756.91 -0.0757092
6.95402 14.7114 320.612 -3103.51 7174.86 0.0576377 -21.0126 -14.127 -320.612 -1088.73 -3097.47 -0.0576377
4.12719 1.52233 320.864 -1434.12 6504.34 0.0324268 -18.1541 -7.0448 -320.864 187.24 -3253.58 -0.0324268
1.31952 -14.3468 320.926 697.506 4967.21 0.00212109 -13.5954 1.6705 -320.926 1627.96 -2789.42 -0.00212109
-0.543221 -29.3147 320.963 3542.85 2824.19 -0.0299469 -9.39901 18.7202 -320.963 3435.28 -1531.48 0.0299469
-3.94309 -45.4961 321.103 6741.8 27.4837 -0.0598684 -4.86704 37.9452 -321.103 5381.59 106.627 0.0598684
-11.4968 -60.2439 321.24 9609.63 -3615.62 -0.0837201 3.26694 54.148 -321.24 7011.78 1463.61 0.0837201
-22.3915 -66.8822 322.919 11270.4 -7789.33 -0.0980392 14.9557 64.4618 -322.919 7815.46 2348.84 0.0980392
-33.1938 -61.3432 324.161 11199.4 -11836.3 -0.100596 27.3037 66.3455 -324.161 7357.01 3024.57 0.100596
-43.4173 -45.4919 322.279 9181.1 -15479.2 -0.0901706 38.2294 53.8976 -322.279 5264.74 3587.21 0.0901706
-52.9151 -21.4101 321.516 5447.33 -18625.5 -0.0652712 48.405 27.4685 -321.516 1660.41 3868.29 0.0652712
-62.4276 8.56474 322.113 892.624 -21245.9 -0.0241698 58.2241 -4.04218 -322.113 -2717.98 3674.05 0.0241698
-72.2689 37.8343 320.068 -3459.69 -23315.8 0.0340307 66.9557 -34.0488 -320.068 -6978.27 3041.33 -0.0340307
-80.0243 60.4843 316.402 -6846.98 -24786.6 0.109031 74.6662 -57.7041 -316.402 -10319.2 2262.87 -0.109031
-83.6462 73.2765 313.905 -8810.98 -25503.5 0.198998 78.9764 -71.4747 -313.905 -12214.9 1826.36 -0.198998
-80.7979 76.9993 310.833 -9213.17 -25267.1 0.299947 78.2294 -72.9851 -310.833 -12573.1 2112.8 -0.299947
-70.1634 68.2056 311.259 -7928.71 -23819.4 0.40584 72.2858 -64.4608 -311.259 -11341.3 3074.79 -0.40584
-56.2459 47.6158 311.866 -5126.86 -21329.8 0.509296 61.7353 -47.0519 -311.866 -8622.3 4143.15 -0.509296
-41.9907 18.6983 311.469 -1080.17 -18052.2 0.602014 49.2444 -20.3754 -311.469 -4591.75 4756.89 -0.602014
-27.3657 -15.0148 312.995 3780.35 -14099 0.674867 36.4526 13.2953 -312.995 337.619 4794.57 -0.674867
-9.4623 -50.0503 317.689 8809.32 -9173.83 0.718107 21.3176 47.9595 -317.689 5434.66 4678.57 -0.718107
13.2939 -77.1077 323.144 12971.7 -2752.31 0.721827 -0.807217 78.4963 -323.144 9639.05 4788.1 -0.721827
38.1007 -88.9548 328.292 14567.2 4724.28 0.677417 -25.1904 93.2645 -328.292 11909.4 4470.09 -0.677417
56.1729 -80.8736 326.27 12888.9 11719.3 0.581474 -44.3874 89.8724 -326.27 11918.9 2903.25 -0.581474
63.2522 -56.5332 327.461 8133.36 17307.7 0.438509 -55.911 64.5061 -327.461 9450.13 32.5689 -0.438509
64.0649 -21.7422 336.691 1530.77 21302.7 0.257236 -60.44 23.2424 -336.691 4999.51 -3169.81 -0.257236
62.5531 16.5874 339.425 -5205.21 24181.2 0.0467885 -64.1006 -21.5538 -339.425 -345.937 -5721.34 -0.0467885
65.9565 43.7739 331.423 -10474.6 26470.2 -0.180908 -66.1726 -61.802 -331.423 -4877.47 -7205.03 0.180908
71.9276 60.3429 323.008 -13146 28577.5 -0.409803 -71.0024 -79.0331 -323.008 -7118.65 -7736.88 0.409803
78.3558 65.8462 322.208 -13069 30381.2 -0.624172 -76.3203 -70.9663 -322.208 -6824.03 -7828.47 0.624172
86.1569 49.9592 323.964 -10835.9 31766.8 -0.813662 -79.8324 -55.6224 -323.964 -4519.48 -7566.55 0.813662
92.0382 28.3442 323.934 -7210.92 32628.3 -0.974053 -84.018 -28.1176 -323.934 -1006.91 -6964.16 0.974053
97.02 4.56385 322.317 -3211.19 32945.6 -1.10434 -87.1989 1.42698 -322.317 2742.35 -6096.75 1.10434
100.371 -18.437 322.965 156.29 32669.8 -1.20331 -87.9887 22.5322 -322.965 5784.38 -5221.34 1.20331
99.2995 -35.7331 324.455 2498.25 31728.6 -1.26846 -86.973 34.9669 -324.455 7763.17 -4586.48 1.26846
94.8583 -42.488 322.5 3707.76 30114.7 -1.29797 -82.3642 42.2993 -322.5 8601.35 -4292.28 1.29797
86.7237 -40.3124 320.703 3621.22 27933.7 -1.29292 -75.8279 41.0296 -320.703 8188.04 -4248.46 1.29292
74.1784 -27.9308 320.514 2165.99 25217.9 -1.25668 -68.5898 31.4915 -320.514 6459 -4412.95 1.25668
59.3878 -7.51718 318.882 -544.091 21862.5 -1.1923 -57.4015 13.0502 -318.882 3524.21 -4839.31 1.1923
40.1586 17.3872 315.826 -4027.34 17840.8 -1.10065 -44.9616 -11.9328 -315.826 -240.333 -5427.23 1.10065
20.4696 43.9762 313.743 -7810.35 13174.2 -0.981209 -29.0106 -39.4583 -313.743 -4318.95 -5948.3 0.981209
6.05304 65.0492 314.622 -11032.2 8111.54 -0.834138 -9.0571 -65.2737 -314.622 -7908.53 -5889.98 0.834138
-8.87451 78.4335 315.622 -12785 2979.55 -0.661773 3.6337 -79.9382 -315.622 -10229.3 -4782.78 0.661773
-15.7352 77.7916 318.695 -12331.6 -2308.76 -0.468477 18.5241 -80.9999 -318.695 -10741.7 -2667.57 0.468477
-18.9521 61.5827 320.403 -9240.38 -7214.82 -0.260122 31.234 -64.8882 -320.403 -9134.7 -88.2597 0.260122
-28.522 33.4485 320.319 -4065.6 -11260.9 -0.0438318 33.2873 -33.2958 -320.319 -5629.32 2257.65 0.0438318
-36.2758 -5.02319 319.718 2312.65 -14958.3 0.172254 41.1244 4.62914 -319.718 -905.656 3680.53 -0.172254
-47.3303 -42.9009 324.947 8431.48 -18123.9 0.378824 47.4927 42.6532 -324.947 4005.74 4306.43 -0.378824
-55.8848 -71.6349 328.853 12934.3 -20313.9 0.565484 50.2867 72.5604 -328.853 8025.71 4840.25 -0.565484
-59.0382 -89.6068 323.105 15667.9 -21813.1 0.722798 53.0248 90.2854 -323.105 10480 5478.91 -0.722798
-59.4847 -93.9152 318.993 16371.6 -22833.6 0.845559 54.1151 94.1102 -318.993 10958.8 6272.59 -0.845559
-57.4497 -87.0935 319.279 15220 -23454.3 0.93398 54.691 84.1675 -319.279 9674.88 7102.1 -0.93398
-54.4128 -70.3475 318.785 12540.5 -23659.7 0.991316 55.7923 64.4941 -318.785 7062.42 7587.54 -0.991316
-54.0885 -48.7664 315.181 9104.77 -23430.5 1.02105 55.5725 40.9656 -315.181 3942.96 7439.01 -1.02105
-55.6795 -27.2669 314.178 5678.57 -22776.9 1.02673 55.3371 18.852 -314.178 1031.37 6591.79 -1.02673
-55.3096 -10.6989 314.513 3011.28 -21522.1 1.01244 55.0437 2.46516 -314.513 -1090.68 5438.11 -1.01244
-52.4456 1.52739 312.955 1273.02 -19475.8 0.98113 50.0152 -5.41503 -312.955 -2274.96 4544.73 -0.98113
-43.541 6.82261 311.788 378.071 -16650.3 0.93329 42.1424 -8.69102 -311.788 -2626.44 4163.53 -0.93329
-32.0393 10.4212 312.706 33.8555 -13285.9 0.868504 31.1155 -6.19264 -312.706 -2443.14 4079.31 -0.868504
-22.7684 14.1728 314.26 -369.447 -9804.58 0.786479 18.8601 -3.91145 -314.26 -2254.64 3733.27 -0.786479
-16.9795 19.1234 316.116 -1495.09 -6622.5 0.686951 10.4262 -8.91655 -316.116 -2576.79 2626.01 -0.686951
-11.9612 23.7835 320.206 -3385.29 -3550.7 0.570843 6.07845 -22.8141 -320.206 -3384.15 923.414 -0.570843
-4.28014 28.127 324.189 -5005.36 118.167 0.440589 -1.45769 -33.6989 -324.189 -3977.9 -526.927 -0.440589
5.98011 23.7066 322.317 -5070.11 3683.11 0.299109 -10.2978 -35.9314 -322.317 -3596.49 -1309.98 -0.299109
18.2919 14.2052 323.708 -3573.23 6813.43 0.150644 -18.8167 -24.0131 -323.708 -1982.18 -1407.65 -0.150644
29.7007 -3.90926 326.837 -903.175 9631.49 0.000990439 -28.8389 -5.10154 -326.837 726.913 -1106.32 -0.000990439
37.3323 -25.7207 326.925 2398.08 11923.6 -0.145348 -38.0511 18.6576 -326.925 4046.68 -946.16 0.145348
40.4821 -48.8235 325.511 5789.11 13464.4 -0.285698 -43.2238 42.2575 -325.511 7441.36 -1273.61 0.285698
39.4199 -66.8669 324.862 8592.56 14253.2 -0.416455 -45.3963 62.9467 -324.862 10265.7 -1898.03 0.416455
38.8973 -74.1876 324.221 10044.2 14418.2 -0.533904 -44.1213 75.5261 -324.221 11705.6 -2323.06 0.533904
38.5656 -72.3206 321.003 9619.26 14066.9 -0.636762 -42.4226 71.4603 -321.003 11268.4 -2268.02 0.636762
37.6889 -58.4088 318.593 7383.24 13164.5 -0.723337 -39.3677 54.3953 -318.593 9003.46 -1939.75 0.723337
35.3902 -33.6141 318.535 3871.24 11625.8 -0.788466 -31.9948 31.0403 -318.535 5519.45 -1810.16 0.788466
27.7688 -6.07481 319.038 -255.282 9506.83 -0.826552 -22.9114 2.51591 -319.038 1500.24 -2122.41 0.826552
15.5314 20.2451 319.378 -4144.32 6892.42 -0.834017 -12.4907 -23.5997 -319.378 -2229.09 -2804.14 0.834017
2.43441 42.4602 319.001 -7071.17 4002.64 -0.808077 -0.660469 -40.6654 -319.001 -5009.14 -3540.08 0.808077
-12.3505 54.9463 318.48 -8759.59 1133.18 -0.747987 7.18604 -51.7507 -318.48 -6745.02 -3962.88 0.747987
-26.4164 59.9862 318.256 -9223.96 -1791.19 -0.657228 14.1613 -55.1875 -318.256 -7511.63 -4100.09 0.657228
-36.7485 59.7935 318.842 -8663.99 -4881.45 -0.541569 24.7529 -51.494 -318.842 -7506.2 -4054.96 0.541569
-41.5385 54.3933 319.97 -7505.33 -7644.03 -0.407208 33.8909 -46.0689 -319.97 -7091.14 -3322.05 0.407208
-42.7284 48.2791 319.867 -6203.65 -9707.8 -0.261745 35.5514 -39.6479 -319.867 -6570.46 -1679.17 0.261745
-39.4936 42.8649 319.218 -5000.75 -11356.1 -0.113227 37.0605 -33.3436 -319.218 -6069.63 213.19 0.113227
-38.6339 38.5152 318.713 -4080.94 -12891.3 0.0323798 38.6415 -28.844 -318.713 -5702.75 1637.92 -0.0323798
-43.038 35.4024 318.11 -3445.29 -14464.2 0.170998 40.8731 -26.0561 -318.11 -5480.36 2242.35 -0.170998
-47.3011 33.7871 317.738 -3103.91 -15916.9 0.298663 46.2297 -24.8466 -317.738 -5410.84 2294.3 -0.298663
-50.2276 33.1118 317.053 -2969.01 -16841.6 0.411862 48.2014 -24.9222 -317.053 -5458.23 2505.12 -0.411862
-51.0708 30.0521 316.465 -2783.61 -17148 0.509385 45.3879 -26.4755 -316.465 -5424.45 3096.08 -0.509385
-49.8969 22.5912 317.056 -2074.8 -17173.5 0.592114 43.3014 -25.1696 -317.056 -4859.23 3594.22 -0.592114
-48.1946 8.14623 317.718 -306.084 -17073 0.660844 43.3096 -16.4627 -317.718 -3263.8 3739.7 -0.660844
-45.9031 -13.6258 317.693 2742.92 -16622.7 0.71501 41.6748 2.21604 -317.693 -435.145 3860.42 -0.71501
-40.902 -37.0932 319.775 6690.08 -15598.2 0.752637 36.5001 31.1928 -319.775 3238.09 4315.15 -0.752637
-33.7166 -62.5742 321.264 10576.2 -14130.7 0.771125 28.7855 57.4905 -321.264 6875.69 5013.83 -0.771125
-28.6319 -84.1416 321.114 13686.2 -12661 0.768996 21.0294 77.8208 -321.114 9853.5 5411.83 -0.768996
-27.9149 -94.678 320.532 15467.7 -11690 0.747098 17.6902 92.2471 -320.532 11698.9 5032.76 -0.747098
-27.3367 -97.5939 319.933 15647.9 -11102.3 0.707682 19.7308 93.1132 -319.933 12067.7 4235.28 -0.707682
-26.8384 -91.6446 318.7 14295.6 -10510.1 0.653258 19.3382 82.1297 -318.7 10959 3774.82 -0.653258
-22.733 -75.169 318.208 11872.1 -9745.06 0.587503 17.513 67.0235 -318.208 8793.15 3873.07 -0.587503
-18.2445 -54.8982 318.559 8777.43 -8980.57 0.516215 15.4035 46.8617 -318.559 6012.35 4068.72 -0.516215
-16.8791 -31.4829 318.454 5369.75 -8418.66 0.446224 14.7971 26.3196 -318.454 3032.38 3795.33 -0.446224
-18.9062 -8.99137 318.485 1943.72 -8055.24 0.383357 16.4394 5.53121 -318.485 169.282 2901.54 -0.383357
-20.9875 13.1056 319.102 -1244.71 -7547.97 0.331038 18.5038 -11.9079 -319.102 -2387.39 1795.07 -0.331038
-17.5715 32.5993 318.677 -4128.92 -6468.12 0.290282 19.2637 -27.4661 -318.677 -4596.71 1104.37 -0.290282
-10.197 45.416 318.189 -6540.84 -4590.67 0.260411 14.38 -43.3119 -318.189 -6350 1011.34 -0.260411
-1.6092 54.7052 319.043 -8099.83 -2157.13 0.239123 6.96829 -51.3478 -319.043 -7309.01 906.461 -0.239123
6.98874 56.0955 319.545 -8599.31 510.842 0.222155 1.93434 -53.2895 -319.545 -7294.52 224.365 -0.222155
14.7076 50.5483 320.44 -8058.12 3437.81 0.203546 -3.23723 -48.6987 -320.44 -6363.76 -823.261 -0.203546
22.7242 41.06 324.928 -6702.36 6674.79 0.176718 -11.7862 -37.7566 -324.928 -4752.34 -1645.81 -0.176718
32.8486 29.4603 328.449 -5033.38 10098.1 0.136018 -22.1801 -24.4913 -328.449 -2809.76 -2079.62 -0.136018
43.7459 17.7384 327.468 -3512.42 13554.7 0.077844 -33.0223 -12.5895 -327.468 -899.316 -2369.15 -0.077844
53.4544 8.23201 326.554 -2345.24 16920.2 0.000607422 -43.5881 -2.79342 -326.554 737.022 -2780.4 -0.000607422
60.8373 1.23306 328.579 -1691.41 19995.5 -0.0958161 -52.5562 2.88313 -328.579 1923.73 -3471.03 0.0958161
66.6773 -2.96551 328.851 -1516.01 22670.7 -0.210129 -59.2062 4.75662 -328.851 2629.43 -4323.44 0.210129
71.0625 -3.43813 326.928 -1742.3 24937.1 -0.33995 -65.2146 4.45913 -326.928 2880.14 -5073.2 0.33995
72.3378 0.184117 325.671 -2362.9 26656.7 -0.482648 -71.5966 2.25631 -325.671 2653.49 -5675.26 0.482648
71.0546 8.42004 324.537 -3500.51 27481.7 -0.634472 -73.8921 -3.0884 -324.537 1817.17 -6350.14 0.634472
65.4946 19.136 321.86 -5214.18 27175.1 -0.788921 -71.7244 -14.668 -321.86 290.959 -7166 0.788921
51.076 33.6053 318.052 -7326.38 25546.8 -0.937754 -68.5426 -29.0437 -318.052 -1787.88 -8097.75 0.937754
34.5477 45.8705 314.72 -9473.7 22366.5 -1.07287 -56.445 -47.2273 -314.72 -4064.05 -9082.46 1.07287
21.504 45.5072 311.046 -10508.9 18045.8 -1.18568 -37.7251 -65.2107 -311.046 -5587.57 -9386.46 1.18568
9.73224 43.5417 307.286 -9387.52 13301.8 -1.26627 -25.4739 -58.279 -307.286 -5413.88 -8146.12 1.26627
5.56952 24.5554 306.274 -5943.32 8387.68 -1.30466 -14.6128 -38.9259 -306.274 -3284.47 -5430.79 1.30466
2.28711 -12.8378 315.798 174.334 2929.16 -1.29166 -4.28504 -5.80169 -315.798 846.764 -1966.94 1.29166
-13.3138 -57.9776 356.947 8473.11 -4912.13 -1.21922 11.3536 44.8241 -356.947 6467.07 1316.83 1.21922
-25.536 -102.277 344.615 15922.1 -11192.9 -1.08656 24.4193 91.5846 -344.615 12253.9 3904.46 1.08656
-41.5775 -134.987 319.341 21996.3 -17402.6 -0.903021 40.1919 132.05 -319.341 16814.6 5477.84 0.903021
-56.125 -150.307 333.676 25364.8 -22905.1 -0.679891 54.4127 156.358 -333.676 19210.3 6781.91 0.679891
-66.9525 -144.831 339.002 25470.9 -27340.2 -0.426937 65.4482 159.376 -339.002 18750.8 8024.09 0.426937
-76.2344 -116.806 318.383 21703.7 -30971 -0.156798 74.6131 133.238 -318.383 14646.1 8968.02 0.156798
-85.1936 -67.248 309.059 14348.6 -34231.1 0.116791 86.2555 81.6795 -309.059 7307.44 9228.71 -0.116791
-94.2355 -3.78233 321.632 4616.51 -37000.5 0.385006 100.761 12.7996 -321.632 -2190.85 8566.5 -0.385006
-104.095 62.3758 326.696 -5317.42 -38580.6 0.644646 112.985 -55.8336 -326.696 -11845 6934.32 -0.644646
-107.056 112.864 314.155 -13535.8 -38340.7 0.893463 119.655 -111.996 -314.155 -19126.7 5302.27 -0.893463
-98.1914 141.646 295.541 -18880.4 -35825.3 1.12673 114.331 -149.442 -295.541 -23406.9 4861.12 -1.12673
-81.1217 154.464 287.912 -20627.8 -31153.5 1.3372 95.3056 -154.64 -287.912 -24278.2 5445.15 -1.3372
-59.7144 138.966 290.941 -18519.6 -25157.1 1.5161 73.108 -136.19 -290.941 -21455 5795.92 -1.5161
-41.5673 100.464 290.256 -13337.6 -18471.9 1.65259 50.1441 -98.5866 -290.256 -15579.8 5100.29 -1.65259
-28.2647 50.0412 289.495 -6183.17 -11496.9 1.73388 26.3953 -46.077 -289.495 -7779.15 3527.41 -1.73388
-7.38617 -15.0967 319.323 2775.61 -3835.88 1.74706 6.04724 14.395 -319.323 1510.83 1874.37 -1.74706
26.5801 -71.8108 387.877 10536.7 6904.52 1.6802 -27.6176 69.0836 -387.877 9937.77 982.561 -1.6802
61.4726 -109.205 349.524 15136.7 15848.7 1.52717 -58.2295 103.372 -349.524 15751.8 1574.97 -1.52717
97.76 -128.373 309.651 17304.3 23974.1 1.29401 -85.651 121.849 -309.651 19050.5 2717.83 -1.29401
121.914 -129.952 338.518 17036.1 31018.9 0.993754 -109.275 125.927 -338.518 20140.8 2638.47 -0.993754
134.591 -115.957 358.091 14297.6 36205.5 0.639979 -118.227 112.817 -358.091 18938.8 618.392 -0.639979
136.533 -87.6817 337.044 9488.16 39558.1 0.249899 -118.404 84.6913 -337.044 15548.2 -2415.98 -0.249899
135.591 -48.2002 328.553 3259.42 42275.4 -0.155271 -120.108 47.0755 -328.553 10570.4 -5010.81 0.155271
135.643 -5.66816 345.031 -3395.84 44700.1 -0.555349 -123.116 3.8656 -345.031 4762.14 -6970.93 0.555349
133.579 36.7844 345.764 -9902.1 46345.7 -0.932723 -126.484 -39.1027 -345.764 -1147.83 -8416.41 0.932723
129.116 71.9439 329.359 -15209.6 46892.7 -1.27091 -125.237 -73.3629 -329.359 -5929.17 -9794.1 1.27091
119.864 97.5119 321.066 -19001.9 46284.6 -1.55638 -117.781 -97.3246 -321.066 -9335.06 -11614.2 1.55638
108.926 114.014 322.273 -21394 44751.7 -1.78171 -105.884 -111.593 -322.273 -11415.4 -13398.1 1.78171
100.833 122.044 317.163 -22358 42739 -1.9434 -94.8216 -116.968 -317.163 -12398.5 -14174.4 1.9434
97.1189 121.667 308.497 -21958.7 40659.7 -2.0389 -89.5262 -114.971 -308.497 -12450.3 -13415 2.0389
96.2199 113.287 307.173 -20338.2 38416.1 -2.06808 -87.0607 -106.063 -307.173 -11556.5 -11670.2 2.06808
92.0558 95.9636 309.501 -17590.8 35467.8 -2.03407 -81.8209 -91.6603 -309.501 -9691.86 -10098.2 2.03407
79.8976 69.3498 307.448 -13691 31523.7 -1.94186 -72.1943 -71.1779 -307.448 -6745.39 -9331.78 1.94186
63.4717 33.4766 305.311 -8597.41 26855.7 -1.79922 -58.1911 -43.9176 -305.311 -2662.15 -9098.02 1.79922
49.7137 -4.15717 309.115 -2395.14 22166.3 -1.61788 -44.8082 -4.30538 -309.115 2362.75 -8364.8 1.61788
41.0416 -40.9877 314.85 4167.28 17845.8 -1.41112 -37.6541 38.9563 -314.85 7441.38 -6358.1 1.41112
36.2582 -70.9175 318.552 9777.63 13570.8 -1.19011 -33.2079 75.1347 -318.552 11440.4 -3440.47 1.19011
28.8945 -88.211 319.881 13466.2 8675.3 -0.963564 -25.8638 97.7397 -319.881 13552.4 -699.19 0.963564
13.9078 -90.3668 324.299 14697.1 2449.46 -0.738854 -10.5236 102.381 -324.299 13311.7 1103.78 0.738854
-8.82145 -74.5614 328.369 12848.8 -4822.9 -0.522246 12.5403 86.8969 -328.369 10615.4 1706.82 0.522246
-35.2763 -42.764 330.784 8224.36 -11780.6 -0.318437 34.7376 53.033 -330.784 5700.35 1580.27 0.318437
-58.1154 -0.593263 332.638 2026.72 -17903.1 -0.129594 54.9465 6.41986 -332.638 -1001.53 1433.04 0.129594
-79.4674 36.9111 332.508 -3868 -23360 0.0458065 72.8111 -39.5502 -332.508 -7235.8 1178.1 -0.0458065
-97.1392 61.4398 324.013 -7961.67 -28103 0.211986 87.232 -73.9637 -324.013 -11706.4 1247.35 -0.211986
-106.739 75.4778 314.512 -9404.73 -32012.8 0.371903 100.381 -83.8016 -314.512 -13731.5 1843.3 -0.371903
-111.966 67.6601 312.822 -7974.91 -34849.9 0.525289 105.412 -77.3648 -312.822 -13088.3 3180.92 -0.525289
-111.185 43.5294 313.902 -3820.59 -36537.5 0.671046 104.494 -50.675 -313.902 -9856.04 5106.93 -0.671046
-106.887 6.89927 316.336 2298.5 -37228.7 0.807881 99.7346 -8.80875 -316.336 -4566.73 7107.41 -0.807881
-102.396 -38.1294 320.806 9383.29 -37147.5 0.932373 93.2439 39.2103 -320.806 1871.17 8616.79 -0.932373
-100.443 -82.0851 322.41 15767.1 -36605.4 1.03941 85.6785 80.7076 -322.41 7906.33 9456.06 -1.03941
-98.7315 -115.441 321.501 20688.4 -35730.8 1.12334 78.6136 113.811 -321.501 12643.1 9857.59 -1.12334
-92.6466 -134.136 317.59 23308.6 -34706.7 1.17854 75.7442 130.807 -317.59 15209 10137.5 -1.17854
-85.8402 -136.63 313.482 23475.6 -33384.6 1.20188 69.497 131.148 -313.482 15453.4 10715.5 -1.20188
-78.222 -123.004 312.579 21312.6 -31868.7 1.19477 62.168 116.757 -312.579 13544.3 11374 -1.19477
-67.4222 -96.2289 312.279 17324.7 -30383.4 1.1626 61.4001 91.6727 -312.279 9995.33 11573.1 -1.1626
-58.5288 -62.3326 309.435 12197.4 -28647.7 1.11364 60.1811 59.5331 -309.435 5525.17 11312.5 -1.11364
-45.9082 -26.9117 307.533 6753.34 -26142.5 1.05673 58.4014 25.3295 -307.533 850.182 10907.3 -1.05673
-29.4534 7.56775 304.998 1614.16 -22451.4 0.99877 52.1727 -4.30437 -304.998 -3328.96 10522.4 -0.99877
-17.7136 34.0737 301.78 -2756.5 -17567.6 0.944602 35.043 -29.3712 -301.78 -6454.53 9846.72 -0.944602
-3.73801 50.0973 299.746 -5967.16 -12000.6 0.89679 22.4647 -47.5136 -299.746 -8210.87 8154.44 -0.89679
10.4274 59.2908 303.6 -8016.98 -5719.59 0.854417 11.6339 -54.8586 -303.6 -8566.81 5524.01 -0.854417
23.8507 61.5933 331.559 -9062.14 2489.25 0.812595 -9.90794 -54.8439 -331.559 -7857.78 2416.73 -0.812595
38.1206 53.2082 368.768 -8492.48 11014.4 0.763143 -30.4958 -47.3962 -368.768 -6132.62 -1015.34 -0.763143
54.9665 41.3769 349.322 -7754.58 18498.8 0.697991 -50.1691 -40.3182 -349.322 -4126.09 -3169.08 -0.697991
71.4037 31.3281 325.326 -7061.59 25684.2 0.612451 -73.1319 -32.427 -325.326 -2214.6 -4611.39 -0.612451
85.6382 20.3222 339.7 -6465.24 32195.1 0.504436 -91.8472 -26.7026 -339.7 -383.86 -6309.14 -0.504436
95.4347 8.19664 351.1 -5579.77 37341.3 0.373321 -103.302 -19.3389 -351.1 1559.33 -8344.18 -0.373321
99.5669 -2.07955 334.359 -4315.51 40960.4 0.220906 -111.745 -7.0429 -334.359 3574.16 -10128.3 -0.220906
103.767 -10.0062 323.091 -3080.53 43382.7 0.0513067 -117.283 4.68529 -323.091 5194.87 -11131.7 -0.0513067
106.506 -15.7479 326.897 -2271.81 44537 -0.130662 -120.381 11.2908 -326.897 6179.76 -11432.2 0.130662
104.469 -15.6858 324.257 -2079.87 44092.8 -0.320668 -120.679 13.3467 -324.257 6277.92 -11243.6 0.320668
96.9445 -8.05652 312.556 -2683.69 41660.3 -0.514466 -113.311 10.2936 -312.556 5330.95 -10986.9 0.514466
81.9621 6.48202 305.717 -4273.59 37254.6 -0.705232 -98.4432 -0.669141 -305.717 3217.02 -10932.2 0.705232
60.9265 29.2903 305.636 -6922.06 31120 -0.88378 -77.4822 -19.1725 -305.636 -135.508 -10914.8 0.88378
37.703 55.8841 303.183 -10333.4 23609.9 -1.04289 -51.7396 -45.7077 -303.183 -4441.7 -10539 1.04289
12.4041 84.4044 300.793 -14057.1 15081.9 -1.17573 -24.7004 -75.2594 -300.793 -9153.21 -9638.01 1.17573
-14.7994 109.097 306.346 -17221.7 5679.78 -1.27167 3.99271 -101.343 -306.346 -13363.7 -8380.87 1.27167
-44.0684 124.532 329.343 -18814.9 -4681.31 -1.32034 34.0447 -117.659 -329.343 -16382.5 -6664.58 1.32034
-72.6727 124.591 353.147 -17781.9 -15247.2 -1.31589 62.7748 -118.949 -353.147 -17609.5 -4460 1.31589
-97.1704 106.36 332.438 -14457.9 -24576.4 -1.25445 89.1406 -106.829 -332.438 -16517.3 -2546.86 1.25445
-116.198 75.3013 313.403 -9179.52 -32753.6 -1.13465 110.342 -79.8433 -313.403 -13355.7 -235.674 1.13465
-128.975 34.7335 327.111 -2064.59 -39723.1 -0.961438 124.1 -37.1097 -327.111 -8361.32 2849.69 0.961438
-134.197 -15.44 346.468 6007.72 -44774.9 -0.745013 129.938 11.7412 -346.468 -2038.03 6263.68 0.745013
-135.997 -65.9054 339.546 14051.7 -48163.8 -0.497549 132.981 63.21 -339.546 4734.96 8932.85 0.497549
-135.89 -106.613 324.409 20568.4 -50439.7 -0.233124 134.189 107.447 -324.409 10564.4 11042.3 0.233124
-134.342 -136.826 322.463 25324.1 -51858.6 0.0330112 133.579 138.179 -322.463 14667.7 12765.7 -0.0330112
-131.355 -151.1 321.305 27805.4 -52375.1 0.288045 130.285 154.471 -321.305 16630.1 14189.3 -0.288045
-126.896 -147.768 308.606 27618.8 -52056.5 0.521749 126.245 154.432 -308.606 16324.6 15111.5 -0.521749
-120.12 -126.07 297.176 24428.8 -50959.8 0.724739 123.877 134.697 -297.176 13490.7 15352.5 -0.724739
-112.852 -89.2013 296.605 18667.9 -48984.7 0.891663 121.234 96.992 -296.605 8413.28 14823.9 -0.891663
-105.438 -44.1671 296.211 11191.2 -45850.3 1.02279 115.633 46.2956 -296.211 1976.32 13591.5 -1.02279
-94.4956 5.74372 291.836 3065.25 -41399 1.1207 108.491 -5.17349 -291.836 -4632.76 11785.2 -1.1207
-80.1063 46.1464 287.468 -3851.2 -35369.3 1.18955 95.5799 -49.1104 -287.468 -9975.48 9742.99 -1.18955
-60.8929 71.0236 285.868 -8791.84 -27695.7 1.23469 75.6863 -79.7874 -285.868 -13111 7774.3 -1.23469
-36.1846 79.3654 282.683 -10720.7 -18564.8 1.25891 50.6829 -85.6393 -282.683 -13248.1 5892.08 -1.25891
-9.80806 68.1505 283.815 -9930.3 -8298.39 1.26089 19.3296 -73.1114 -283.815 -10592 4040.57 -1.26089
22.6656 41.0666 338.858 -6875.84 4197.1 1.23587 -17.3389 -45.6211 -338.858 -5721.35 1620.19 -1.23587
53.0048 -5.95435 423.184 -744.713 16611.4 1.17612 -51.5856 2.30461 -423.184 1937.69 -1362.84 -1.17612
82.0911 -43.6169 361.499 4145.69 26891.3 1.0747 -84.9729 41.5011 -361.499 8213.71 -2538.58 -1.0747
114.708 -69.6168 311.169 7441.29 36579.6 0.928071 -115.654 71.1211 -311.169 12997.1 -3015.84 -0.928071
143.439 -78.4877 350.988 8205.01 45506 0.735923 -142.749 83.5464 -350.988 15325.3 -3788.28 -0.735923
163.808 -70.4446 378.264 6134.73 52331.2 0.502288 -160.282 74.2809 -378.264 14876.5 -5067.18 -0.502288
174.332 -44.7425 346.357 1802.1 56727.4 0.23572 -169.606 48.4795 -346.357 11721 -6576.78 -0.23572
176.385 -6.92137 323.109 -4212.77 59458 -0.0509366 -173.731 9.56407 -323.109 6582.24 -8409.08 0.0509366
171.761 38.5873 339.775 -11299.3 60886.8 -0.342732 -173.233 -36.8607 -339.775 304.466 -10560.6 0.342732
161.033 83.4504 347.875 -18094.7 60625.9 -0.625652 -168.045 -82.0579 -347.875 -5991.72 -12601.3 0.625652
147.451 119.703 324.234 -23462.7 58569.9 -0.886292 -156.735 -118.812 -324.234 -11231 -14179.1 0.886292
133.988 144.764 302.888 -27073 55155.2 -1.11189 -140.52 -144.027 -302.888 -14922.8 -15097.1 1.11189
118.597 154.308 302.522 -28540.7 50732.7 -1.29228 -124.559 -157.861 -302.522 -16850.8 -15240.9 1.29228
105.133 146.475 300.928 -27164.4 45449.9 -1.41981 -108.75 -153.693 -300.928 -16480.2 -14228.2 1.41981
90.1418 121.283 287.265 -22778.8 39203.2 -1.48875 -93.804 -129.029 -287.265 -13614.8 -12357.6 1.48875
71.1592 79.8594 278.879 -15825.7 31905.6 -1.49708 -76.4477 -87.7259 -278.879 -8541.61 -10365.2 1.49708
48.3482 28.7552 286.033 -7138.53 23584.3 -1.44712 -54.1741 -33.1429 -286.033 -1867.6 -8616.14 1.44712
24.4971 -30.2389 300.383 2713.16 14606.3 -1.34381 -30.6203 27.1686 -300.383 5621.11 -6550.11 1.34381
1.81507 -79.7322 330.429 12014 4973.46 -1.19311 -7.14076 86.2089 -330.429 12097.6 -3652.51 1.19311
-22.919 -114.385 390.194 18425.7 -6141.51 -1.00175 16.8898 122.26 -390.194 15972.3 339.75 1.00175
-50.8117 -127.762 368.094 20755.9 -16772.6 -0.777275 44.1638 129.23 -368.094 16604.3 2918.58 0.777275
-81.5362 -122.481 317.702 20449.3 -26934.2 -0.527907 75.1377 120.851 -317.702 14925.1 4093.73 0.527907
-111.876 -103.56 326.82 18225.5 -36925.5 -0.262081 107.03 100.151 -326.82 11396.4 5010.85 0.262081
-137.482 -79.1522 354.618 14714.2 -45839.1 0.0119179 134.106 67.0167 -354.618 6552.25 6229.42 -0.0119179
-155.702 -49.36 339.741 10845.1 -52768.7 0.286639 153.742 35.4334 -339.741 1503.25 7641.39 -0.286639
-167.619 -22.0345 314.643 7754.38 -57721.5 0.555912 166.39 13.7297 -314.643 -2531.29 9020.59 -0.555912
-177.131 -6.26894 314.69 5897.7 -61395.3 0.812341 175.332 -0.506644 -314.69 -5032.86 9998.96 -0.812341
-183.357 -0.661923 317.961 5401.41 -63802.2 1.04554 181.941 -4.95213 -317.961 -5995.94 10529.7 -1.04554
-184.093 -3.19431 306.352 6194.7 -64633.6 1.24469 184.773 1.91467 -306.352 -5423.74 10847.2 -1.24469
-178.06 -11.4187 294.261 7832.77 -63680.1 1.40038 180.469 15.9518 -294.261 -3828 11405.3 -1.40038
-165.585 -27.2963 295.264 9759.15 -60895.3 1.50488 167.935 27.5311 -295.264 -1764.93 12258.6 -1.50488
-149.268 -45.2519 296.777 11818.5 -56541.8 1.55384 150.142 40.6984 -296.777 697.249 12869.8 -1.55384
-132.847 -63.9268 291.407 14011.2 -51043.6 1.54578 129.994 57.1214 -291.407 3602.29 12702.4 -1.54578
-116.289 -84.1922 288.469 16192.4 -44794 1.48005 110.506 73.92 -288.469 6804.32 11709.3 -1.48005
-98.6919 -101.332 292.788 18141.7 -37833.5 1.35778 89.479 91.8864 -292.788 9954.03 10378.7 -1.35778
-74.061 -111.42 298.048 19479.6 -29910.7 1.1827 66.5638 108.193 -298.048 12449 9384.09 -1.1827
-41.1081 -112.799 295.461 19306.1 -21023.1 0.960067 40.6584 113.37 -295.461 13571.5 9072.1 -0.960067
-4.58096 -101.834 292.435 17432.9 -11286.6 0.697486 8.74197 107.609 -292.435 13009.7 9304.12 -0.697486
28.9918 -75.0614 299.369 13505.2 -1553.69 0.405481 -22.0759 90.5062 -299.369 10557.8 8950.77 -0.405481
58.6869 -39.2102 342.78 7129.98 8395.42 0.0956444 -46.5526 53.6357 -342.78 6361.8 6900.53 -0.0956444
77.4095 15.0934 404.102 -2509.01 17528.1 -0.219394 -60.4286 -3.82487 -404.102 -247.143 2545.75 0.219394
90.4978 68.3918 368.738 -11386.9 25046.7 -0.52493 -73.1228 -58.3469 -368.738 -7044.77 -1196.23 0.52493
109.72 112.995 332.626 -19069 33031.3 -0.805294 -93.9619 -105.176 -332.626 -12653.6 -3338.98 0.805294
126.036 143.619 346.059 -25177.8 40993.4 -1.04626 -116.799 -145.541 -346.059 -16869.1 -5577.51 1.04626
134.789 155.324 359.557 -28301.2 47729.5 -1.23517 -133.538 -165.402 -359.557 -18340.9 -8574.6 1.23517
135.426 144.719 337.155 -27642 52629.4 -1.36036 -142.443 -158.516 -337.155 -16457.5 -12076.5 1.36036
137.871 113.731 319.27 -23534.1 56355.9 -1.41582 -146.2 -127.611 -319.27 -11569.3 -14895.4 1.41582
147.456 65.477 330.008 -16773 59602.6 -1.40437 -154 -80.6315 -330.008 -4493.04 -15597.7 1.40437
160.249 5.96475 338.051 -7863.63 62172 -1.33341 -168.813 -20.1069 -338.051 4042 -14145.9 1.33341
173.794 -54.0626 332.291 1399.28 63178.9 -1.2124 -179.964 42.5937 -332.291 12617.6 -11571 1.2124
178.303 -107.921 324.412 9735.27 61934.1 -1.05366 -181.513 96.8303 -324.412 19994 -9459.28 1.05366
168.749 -147.445 322.602 16372.4 58158.5 -0.870759 -170.213 139.073 -322.602 25243 -8726.99 0.870759
149.665 -166.975 313.66 20165.5 52258.8 -0.676233 -148.497 163.295 -313.66 27810.6 -8777 0.676233
126.169 -164.973 298.004 20511.9 45050.6 -0.481729 -123.665 162.457 -298.004 27053 -8618.52 0.481729
102.654 -139.155 289.3 17374.3 37292.2 -0.29806 -100.96 137.807 -289.3 22858.5 -7601.48 0.29806
80.2391 -93.7171 288.137 11335.9 29012.2 -0.132203 -76.6159 93.3111 -288.137 15830.6 -6139.48 0.132203
56.2873 -34.888 288.707 3195.59 20095.9 0.0161188 -47.6694 34.398 -288.707 6863.85 -4933.73 -0.0161188
27.4752 35.037 309.019 -6482.4 10669.8 0.151378 -16.7209 -34.6871 -309.019 -3654.9 -4212.81 -0.151378
-1.98752 99.2523 364.207 -15330.4 616.8 0.276515 14.8012 -96.6762 -364.207 -13147.2 -3045.54 -0.276515
-30.1645 143.432 369.078 -21007.2 -9159.47 0.392517 46.5925 -139.518 -369.078 -20115.9 -2012.6 -0.392517
-54.3045 167.7 316.01 -23683.6 -17042.1 0.498813 73.3805 -161.327 -316.01 -24128.4 -1548.29 -0.498813
-71.8666 175.048 296.562 -23935.5 -23232.7 0.592817 91.1564 -165.721 -296.562 -25578.4 -507.056 -0.592817
-83.6469 166.11 320.575 -21982.7 -27839.6 0.671474 98.9332 -155.518 -320.575 -24749.4 1236.57 -0.671474
-92.3277 139.229 321.565 -17631.8 -30978.1 0.731366 100.689 -129.901 -321.565 -21468.8 2846.21 -0.731366
-98.2601 99.8605 302.542 -11560.2 -33090 0.766885 103.724 -92.1648 -302.542 -16332.5 3653.59 -0.766885
-103.453 54.0775 300.373 -4433.77 -34468.8 0.770351 105.435 -45.5458 -300.373 -10029.9 4025.75 -0.770351
-105.424 6.62934 319.987 2666 -34907.2 0.735393 102.905 1.32563 -319.987 -3421.62 4536.19 -0.735393
-102.827 -37.9178 324.548 9191.68 -34214.9 0.65912 96.9121 44.8481 -324.548 2851.75 5090.69 -0.65912
-95.6963 -68.9287 311.979 13727.7 -32607.5 0.541737 89.02 75.7184 -311.979 7307.63 5673.25 -0.541737
-86.0309 -87.1724 306.737 16361 -30351.5 0.388548 78.0338 93.7786 -306.737 9949.2 6423.6 -0.388548
-76.6677 -91.567 309.581 16876.6 -27921.8 0.210631 67.869 97.8753 -309.581 10667.1 6835.84 -0.210631
-68.6079 -84.135 307.766 15429 -25517.3 0.0190113 61.66 88.8665 -307.766 9723.96 6512.2 -0.0190113
-63.056 -67.9658 301.712 12410.9 -23097.3 -0.178574 57.0177 68.5873 -301.712 7443.22 5583.45 0.178574
-55.8911 -45.3213 302.01 8466.86 -20459.8 -0.372789 53.1262 42.6379 -302.01 4323.97 4561.74 0.372789
-46.4066 -16.8632 307.777 4176.99 -17315.2 -0.550348 46.2012 17.5619 -307.777 833.02 3810.63 0.550348
-36.4271 11.3508 309.085 -103.521 -13592 -0.698058 34.9552 -7.30571 -309.085 -2601.66 3182.54 0.698058
-25.1018 35.5581 308.139 -4127.32 -9479.08 -0.805758 23.4872 -30.5934 -308.139 -5481.18 2393.75 0.805758
-12.6554 57.2874 316.878 -7487.59 -5093.78 -0.866588 13.5108 -46.3263 -316.878 -7566.7 1278.77 0.866588
0.729752 73.1419 333.183 -10088.3 -325.685 -0.877071 3.78645 -58.1156 -333.183 -8986.02 -117.785 0.877071
17.3762 82.2658 339.121 -11969.5 5084.63 -0.835908 -11.1345 -68.5485 -339.121 -9949.92 -926.524 0.835908
37.4022 88.1739 331.922 -13229.5 10547.1 -0.743027 -27.6249 -75.2374 -331.922 -10522.8 -1068.98 0.743027
58.9359 89.7193 331.236 -13979.4 15984.2 -0.601833 -42.6833 -79.3657 -331.236 -10600.1 -1174.18 0.601833
75.4583 88.2473 339.662 -14258.7 21242.8 -0.421099 -58.6862 -78.9068 -339.662 -10043.4 -1689.03 0.421099
88.1662 79.0885 340.542 -13702.6 26258.1 -0.213505 -73.71 -74.8911 -340.542 -8687.55 -2657.62 0.213505
98.7858 66.1764 337.018 -12414.8 30899.9 0.0067751 -86.0566 -64.6399 -337.018 -6611.27 -3946.68 -0.0067751
107.225 52.684 338.664 -10732.7 35200.3 0.225267 -98.5606 -49.2714 -338.664 -4101.29 -5187.57 -0.225267
115.4 36.636 340.196 -8818.47 39104.5 0.427441 -111.269 -34.4218 -340.196 -1527.18 -6042.99 -0.427441
120.704 20.9447 335.76 -6980.73 42191.2 0.599577 -123.269 -21.7108 -335.76 761.662 -6606.83 -0.599577
128.673 7.51772 330.116 -5327.09 44196.6 0.731065 -126.187 -10.6398 -330.116 2667.79 -7025.88 -0.731065
133.203 -2.8652 327.465 -3878.58 45261.3 0.81556 -128.552 -0.608425 -327.465 4185.85 -7086.8 -0.81556
136.721 -11.0535 325.128 -2704.49 45477.4 0.849545 -129.442 6.72017 -325.128 5267.08 -6663.97 -0.849545
137.58 -16.6631 321.032 -1836.9 44726.2 0.831764 -128.015 11.3784 -321.032 5892.49 -6000.87 -0.831764
131.364 -18.4403 316.874 -1271.55 42802.7 0.764418 -124.092 14.8401 -316.874 6089.61 -5558.94 -0.764418
120.344 -18.4296 313.94 -1028.36 39576.6 0.653351 -112.267 14.9121 -313.94 5856.65 -5661.92 -0.653351
100.087 -18.0964 310.83 -1010.15 35142.8 0.507422 -98.3684 11.451 -310.83 5288.64 -6202.87 -0.507422
75.3084 -18.5769 306.354 -957.607 29638.8 0.336852 -80.6192 6.72656 -306.354 4621.35 -6892.83 -0.336852
53.6351 -18.85 301.587 -563.018 23392.3 0.151115 -57.108 5.66935 -301.587 4115.18 -7228.51 -0.151115
32.5726 -21.9629 299.047 391.137 16925.1 -0.0401682 -37.9581 7.89141 -299.047 3938.92 -6622.66 0.0401682
15.9738 -29.2454 300.295 2110.16 10425.6 -0.226039 -20.9545 14.4825 -300.295 4238.67 -5025.48 0.226039
-0.990021 -37.7172 313.36 4671.19 3442.98 -0.396384 -5.09903 28.9453 -313.36 5013.14 -2832.23 0.396384
-22.6392 -46.2318 366.431 6961.84 -5014.4 -0.542642 13.1198 39.857 -366.431 5550.46 -192.551 0.542642
-49.2756 -46.0417 365.787 7920.29 -13583.6 -0.656792 38.8943 45.6266 -365.787 5407.65 734.534 0.656792
-77.2634 -36.3031 322.887 7905.74 -21506.1 -0.733823 65.7442 48.0859 -322.887 4366.1 671.773 0.733823
-102.85 -28.6265 323.706 6654.27 -29107.6 -0.77254 88.9479 30.2889 -323.706 1919.11 1161.51 0.77254
-123.27 -12.0033 349.565 4490.63 -36089.6 -0.771292 107.635 8.51475 -349.565 -1492.56 2429.55 0.771292
-137.889 8.65784 342.371 2287.33 -42068.3 -0.726908 124.065 -8.11417 -342.371 -4705.97 3877.7 0.726908
-145.697 21.32 318.382 625.185 -47043.1 -0.639002 140.161 -24.3915 -318.382 -7248.16 5371.75 0.639002
-152.136 30.2295 314.336 -93.6853 -51045.2 -0.512431 150.046 -30.8987 -314.336 -8767.83 6989.05 0.512431
-155.44 31.2884 320.05 327.267 -53859.8 -0.354548 155.858 -28.6701 -320.05 -9016.8 8464.79 0.354548
-157.268 21.7037 312.519 1906.51 -55300.6 -0.172529 157.195 -19.6225 -312.519 -7887.55 9443.64 0.172529
-156.967 4.98403 300.274 4558.58 -55425.3 0.025308 155.149 -1.43941 -300.274 -5467.86 9915.09 -0.025308
-154.426 -17.6221 300.635 7945.32 -54350.6 0.228357 149.178 21.9482 -300.635 -2170.93 10079.3 -0.228357
-148.474 -41.6554 305.799 11417.9 -52076.1 0.424892 139.569 46.4668 -305.799 1411.85 10068.6 -0.424892
-138.173 -61.9745 303.455 14218.8 -48644.5 0.603312 126.916 67.3928 -303.455 4603.32 9982.52 -0.603312
-123.371 -76.3382 297.388 15864.8 -44253.8 0.753144 112.048 79.861 -297.388 6854.34 9917.34 -0.753144
-106.265 -81.9717 296.158 16202.2 -39180.7 0.866924 94.8099 84.2685 -296.158 7973.98 9847.97 -0.866924
-86.6617 -77.8535 297.46 15178 -33641.2 0.941466 78.1923 80.6587 -297.46 7872.97 9585.42 -0.941466
-64.9462 -63.746 295.011 12756.8 -27687 0.975964 62.8404 68.9658 -295.011 6542 9034.18 -0.975964
-43.3455 -41.0983 290.865 8963.85 -21296.7 0.970436 45.9021 48.2742 -290.865 4033.67 8262.31 -0.970436
-20.7637 -13.5897 291.815 4069.84 -14510.9 0.927357 28.8328 18.4888 -291.815 598.974 7256.69 -0.927357
0.142497 15.9243 300.274 -1467.43 -7323.48 0.851867 10.3917 -16.0556 -300.274 -3175.15 5806.64 -0.851867
18.3448 42.3009 336.291 -6792.11 668.756 0.749284 -10.2149 -47.5938 -336.291 -6270.01 3476.31 -0.749284
36.5633 50.8792 382.825 -9363.31 9609.99 0.623755 -29.6435 -63.6252 -382.825 -7281.97 36.7056 -0.623755
54.705 50.2647 349.632 -9459.02 17446.9 0.479118 -50.9336 -56.7402 -349.632 -6099.69 -2045.12 -0.479118
75.0526 40.4282 322.92 -8270.84 25128.5 0.319582 -76.4841 -41.9778 -322.92 -3715.38 -3038.04 -0.319582
95.3806 26.1697 347.558 -6630.2 32466.7 0.14903 -100.21 -24.8486 -347.558 -799.478 -3944.5 -0.14903
107.563 12.7428 361.542 -4970.69 38335.1 -0.0278619 -119.684 -8.36112 -361.542 1884.69 -5186.62 0.0278619
110.537 1.05236 337.834 -3825.35 41951.4 -0.203744 -129.251 0.657393 -337.834 3748.13 -6974.47 0.203744
111.067 -3.28581 320.229 -3470.06 43704 -0.369774 -126.86 4.93301 -320.229 4644.13 -8995.47 0.369774
108.605 -0.174608 325.425 -4055.41 44285.5 -0.517543 -124.483 2.26628 -325.425 4388.68 -10272.8 0.517543
107.863 10.2759 325.144 -5587.85 43761.2 -0.639338 -122.18 -8.0262 -325.144 2906.7 -10192.8 0.639338
111.832 27.0842 311.2 -7814.91 42026 -0.727876 -114.379 -23.5843 -311.2 432.065 -9028.27 0.727876
108.564 45.8112 305.199 -10320.9 39164.2 -0.776848 -108.074 -42.6851 -305.199 -2557.09 -7571.04 0.776848
95.1109 61.8519 309.964 -12466 34897.8 -0.781971 -97.6675 -60.9536 -309.964 -5396.58 -6782.45 0.781971
74.2908 73.3302 307.562 -13786.9 28921.4 -0.741078 -75.5111 -73.0023 -307.562 -7492.33 -7066.61 0.741078
47.8106 78.2094 298.78 -14103.4 21859.1 -0.65351 -49.6154 -78.3423 -298.78 -8657.43 -7633.58 0.65351
21.0677 75.6152 293.136 -13214.9 14683.9 -0.521214 -28.571 -76.2321 -293.136 -8858.87 -7421.38 0.521214
2.10917 68.3996 296.906 -11497.1 7586.46 -0.350543 -8.10356 -68.4055 -296.906 -8387.37 -6072.13 0.350543
-12.9483 57.4012 312.535 -9034.91 402.078 -0.149798 8.55571 -55.8641 -312.535 -7425.36 -3517.7 0.149798
-30.1297 39.9333 361.883 -5379.55 -7667.77 0.0743562 23.3699 -37.6483 -361.883 -5892.15 -123.643 -0.0743562
-50.2806 16.7275 364.281 -936.695 -15489.8 0.314149 45.8942 -13.376 -364.281 -3431.5 1470.26 -0.314149
-71.2468 -3.64588 323.322 2610.59 -22696.4 0.556768 71.8139 5.94563 -323.322 -1207.45 1848.11 -0.556768
-92.4844 -20.0739 319.95 5368.21 -29351.8 0.787352 91.2679 19.5417 -319.95 400.977 2571.27 -0.787352
-106.986 -30.8336 342.169 7373.52 -35000 0.993854 105.053 28.2773 -342.169 1233.2 4082.32 -0.993854
-115.811 -38.834 336.593 8816.12 -39347.8 1.16773 114.65 33.1837 -336.593 1668.69 5738.44 -1.16773
-124.669 -45.1991 314.349 10052.1 -42761.7 1.3032 121.102 38.4572 -314.349 2124.27 6924.51 -1.3032
-133.722 -50.3432 312.073 11321.6 -45703.4 1.3957 128.801 46.7062 -312.073 2802.38 7423.83 -1.3957
-141.707 -54.9717 320.745 12445.8 -47953.5 1.43945 136.346 54.8908 -320.745 3542.18 7407.01 -1.43945
-145.443 -57.3989 315.663 13052 -48950.8 1.42864 139.871 59.6416 -315.663 3979 7349.19 -1.42864
-143.44 -55.2712 303.74 12906 -48534.4 1.36074 137 59.9149 -303.74 3854.17 7647.58 -1.36074
-136.72 -49.618 301.654 11934.5 -46991.7 1.23731 129.599 53.5402 -301.654 3077.1 8160.47 -1.23731
-127.831 -42.8906 304.008 10330.4 -44659.2 1.06268 121.339 40.978 -304.008 1877.31 8324.42 -1.06268
-118.069 -34.9927 300.124 8571.3 -41641.8 0.843177 113.796 28.9891 -300.124 744.703 7832.11 -0.843177
-105.1 -28.6179 294.37 7143.89 -37759.2 0.586814 105.506 21.1077 -294.37 98.2411 7052.54 -0.586814
-86.9887 -25.8154 293.989 6334.59 -32668.6 0.302241 91.5466 18.6695 -293.989 143.888 6635.52 -0.302241
-63.2717 -25.7756 295.341 6144.33 -26228.4 -0.000740803 70.1543 22.4578 -295.341 876.585 6765.08 0.000740803
-38.2858 -27.7843 294.01 6304.64 -18818.6 -0.309734 43.2695 29.9549 -294.01 2094.83 6910.64 0.309734
-13.0981 -32.0308 295.764 6629.76 -10998.1 -0.611302 18.3114 37.4563 -295.764 3473.58 6396.22 0.611302
10.4937 -36.5986 306.691 6708.57 -2943.28 -0.893702 -3.55657 41.9206 -306.691 4703.69 4968.18 0.893702
32.6786 -37.7365 363.43 5790.84 6086.48 -1.14689 -25.7091 40.6654 -363.43 5601.49 2407.03 1.14689
56.36 -33.9949 382.895 3482.09 14952.1 -1.36194 -49.9497 27.9718 -382.895 5518.15 536.319 1.36194
81.5891 -27.4166 339.332 1641.9 22842.2 -1.53165 -75.0875 19.6309 -339.332 5186.47 -15.3793 1.53165
105.797 -20.8217 328.866 179.239 30385.7 -1.65133 -98.7862 15.1805 -328.866 5040.81 -576.929 1.65133
123.94 -15.6092 357.48 -997.792 37100.2 -1.71951 -116.735 12.7764 -357.48 5106.68 -2014.25 1.71951
132.9 -8.26077 360.229 -2261.27 42289.7 -1.73672 -129.271 10.3612 -360.229 4947.79 -4056.99 1.73672
137.082 7.06272 335.235 -4076.45 46026.2 -1.70436 -136.075 7.14508 -335.235 4067.2 -6191.47 1.70436
138.254 24.2012 327.682 -6946.46 48785.5 -1.62515 -140.713 -9.11179 -327.682 2082.25 -8097.51 1.62515
138.651 47.3635 337.752 -10843.6 50553.8 -1.5024 -142.3 -34.3044 -337.752 -1050.67 -9563.33 1.5024
139.009 72.8309 335.148 -15063.9 51065.8 -1.33815 -139.388 -63.7022 -335.148 -4804.87 -10444 1.33815
137.108 96.8795 320.097 -18876.2 50377.1 -1.13375 -134.044 -91.148 -320.097 -8474.57 -10817.2 1.13375
132.801 109.587 312.673 -21532.6 48715.6 -0.892032 -126.326 -115.91 -312.673 -11262.1 -10911.3 0.892032
124.612 117.349 313.301 -22280.9 46156.6 -0.61816 -117.355 -120.904 -313.301 -12366.6 -10852.5 0.61816
115.623 116.429 309.517 -21090.9 42805.7 -0.318815 -105.796 -109.879 -309.517 -11818.5 -10498.9 0.318815
104.556 100.917 303.066 -18541.3 38893 -0.00207499 -95.2263 -96.3162 -303.066 -10139.8 -9744.94 0.00207499
92.2623 83.7972 301.946 -15188.4 34526.5 0.322312 -84.461 -74.3007 -301.946 -7802.98 -8743.03 -0.322312
78.5477 65.9454 304.241 -11688.8 29635.1 0.642432 -71.5986 -51.5012 -304.241 -5392.76 -7727.55 -0.642432
62.0272 50.0999 304.182 -8790.04 24174.8 0.944489 -56.8172 -35.1377 -304.182 -3608.14 -6831.78 -0.944489
43.9883 40.3741 302.024 -7017.65 18231.5 1.21511 -39.2609 -27.9735 -302.024 -2923.23 -6078.04 -1.21511
24.8352 40.154 303.296 -6644.71 11970.6 1.44311 -20.1972 -29.6945 -303.296 -3511.44 -5387.3 -1.44311
6.24217 48.5502 310.468 -7529.21 5544.79 1.61986 -0.546995 -39.3906 -310.468 -5253.27 -4535.31 -1.61986
-8.51152 60.102 332.214 -9072.64 -951.312 1.7398 19.6218 -55.0526 -332.214 -7662.42 -3130.97 -1.7398
-23.6144 68.8755 345.303 -10030.6 -7039.56 1.80012 34.2756 -67.3007 -345.303 -9757.65 -1385.14 -1.80012
-40.0271 69.6307 325.421 -9886.78 -12267.1 1.8 48.2834 -72.159 -325.421 -10714.7 -592.037 -1.8
-53.6611 62.9737 311.013 -8564.34 -16708.8 1.74123 62.4166 -67.4884 -311.013 -10388.9 -196.006 -1.74123
-64.2626 47.1806 319.502 -5877.92 -20257.4 1.62884 70.4923 -52.6765 -319.502 -8626.08 626.315 -1.62884
-68.6235 21.0155 326.322 -1656.84 -22639.6 1.4691 72.4399 -27.142 -326.322 -5332.36 2080.68 -1.4691
-66.6932 -10.6492 322.96 3502.26 -23974.7 1.2663 71.9288 7.76525 -322.96 -815.745 3763.45 -1.2663
-64.9603 -43.1984 319.4 8672.76 -24699.6 1.02187 69.5352 42.7318 -319.4 3826.28 5083.31 -1.02187
-63.1129 -70.7445 322.996 13036.1 -24902.6 0.738039 65.8755 71.7752 -322.996 7687.99 6082.35 -0.738039
-60.9581 -87.6304 319.951 15899.4 -24672.4 0.421481 62.7308 92.2525 -319.951 10254.6 6621.96 -0.421481
-59.7361 -92.5011 310.767 16753.6 -24159.7 0.0824753 60.7083 99.2249 -310.767 11120.6 6584.35 -0.0824753
-59.5383 -83.6953 305.838 15427.5 -23423.5 -0.267139 59.4228 91.9189 -305.838 10104.1 6068.06 0.267139
-59.6448 -64.4396 306.364 12070.8 -22428 -0.614386 58.3776 68.8947 -306.364 7315.52 5213.7 0.614386
-59.1106 -35.981 307.52 7273.67 -21058.2 -0.945303 56.7749 36.2439 -307.52 3231.05 4160.53 0.945303
-58.2808 -1.58509 310.738 1931.35 -19285.2 -1.24427 54.6836 1.47694 -310.738 -1478.37 2819.32 1.24427
-57.3638 27.5112 311.638 -3002.88 -17063.9 -1.4945 51.285 -31.5232 -311.638 -5569.2 1234.33 1.4945
-52.0531 44.9503 309.407 -6354.86 -14173.2 -1.68239 45.1514 -54.0157 -309.407 -8021.53 16.8622 1.68239
-42.172 51.5721 306.53 -7602.81 -10630.9 -1.80065 35.0095 -59.0199 -306.53 -8464.26 -605.75 1.80065
-29.2145 42.5875 306.247 -6622.42 -6613.13 -1.84683 21.1999 -50.1383 -306.247 -6849.44 -724.331 1.84683
-11.0902 17.3126 316.675 -3356.23 -2150.71 -1.82157 7.14838 -27.499 -316.675 -3154.26 -502.281 1.82157
13.7742 -23.8798 344.522 2999.68 3224 -1.72868 -10.7515 17.2056 -344.522 2969.35 346.382 1.72868
36.735 -60.3729 353.169 8409.24 8233.68 -1.57626 -30.7684 55.8392 -353.169 8477.34 1592.24 1.57626
58.7072 -91.8159 338.27 12929 12743.5 -1.37765 -47.9234 88.5358 -338.27 13278.3 2776.92 1.37765
75.7895 -111.324 331.164 16161.8 16902.9 -1.14834 -63.75 115.793 -331.164 16841.1 3408.83 1.14834
86.6105 -116.069 336.025 17298.5 20579 -0.902204 -77.207 130.371 -336.025 18511.8 3272.01 0.902204
93.8987 -110.004 332.16 15512.9 23557.7 -0.651175 -83.9854 117.391 -332.16 17527.5 2347.08 0.651175
95.4903 -84.0947 326.163 10992.3 25935.4 -0.404608 -88.9179 88.3281 -326.163 14056.8 925.744 0.404608
93.722 -43.7404 328.739 4636.89 27669.5 -0.168692 -90.4583 48.725 -328.739 8790.11 -831.974 0.168692
89.7459 2.21171 336.886 -2925.71 28730.3 0.052518 -88.8374 -3.46605 -336.886 2087.97 -2696.42 -0.052518
84.4274 48.6339 337.458 -10229.4 29160.1 0.256556 -88.6129 -54.2529 -337.458 -4736.73 -3926.88 -0.256556
76.7527 86.2461 326.347 -15804.8 28565.9 0.442425 -84.9455 -90.19 -326.347 -9850.07 -4982.59 -0.442425
64.7238 109.155 313.552 -19297.5 26818.2 0.608563 -76.6407 -113.835 -313.552 -13121.7 -6194.75 -0.608563
51.4768 120.486 308.384 -20543 24190.4 0.751998 -65.09 -120.534 -308.384 -14495.3 -7176.06 -0.751998
40.2492 119.037 305.698 -19936.5 20920.4 0.87092 -52.7051 -117.002 -305.698 -14376.3 -7345.8 -0.87092
29.3675 108.047 300.023 -17856.7 17136.9 0.964909 -43.6452 -104.965 -300.023 -13106.8 -6472.66 -0.964909
19.5839 92.3087 295.756 -14792.7 12689 1.03387 -33.0541 -85.8259 -295.756 -11099.5 -5000.2 -1.03387
6.77428 72.7718 298.305 -11296.3 7336.74 1.07867 -19.3149 -65.3315 -298.305 -8775.68 -3521.54 -1.07867
-10.9656 52.3157 313.943 -7794.62 707.028 1.10064 -0.67495 -46.0307 -313.943 -6497.14 -2195.26 -1.10064
-30.6777 29.6193 359.395 -3725.65 -7227.79 1.10133 23.6315 -25.252 -359.395 -4245.89 -678.526 -1.10133
-49.7744 7.99604 357.098 207.072 -14326.8 1.08409 45.2628 -4.49699 -357.098 -2016.94 479.406 -1.08409
-65.303 -6.54741 321.529 2846.89 -20315.8 1.05414 63.0395 9.07192 -321.529 -568.927 1613.66 -1.05414
-77.1697 -16.9927 322.344 4770.46 -25800.3 1.01679 78.9659 17.5252 -322.344 256.747 3040.87 -1.01679
-86.7054 -25.2995 339.665 6247.41 -30519.8 0.976808 91.1144 22.485 -339.665 711.342 4587.58 -0.976808
-96.556 -32.8757 330.274 7536.32 -34220.5 0.937985 99.5179 27.2472 -330.274 1217.09 5625.43 -0.937985
-105.157 -39.644 311.117 8780.12 -37141.8 0.901278 109.094 33.7751 -311.117 1905.62 5903.57 -0.901278
-112.92 -46.5075 311.373 9949.73 -39317.1 0.864116 117.016 40.5337 -311.373 2716.51 5794.06 -0.864116
-117.547 -50.8303 317.75 10805.1 -40352.4 0.822472 120.19 46.8658 -317.75 3410.48 5690.56 -0.822472
-118.014 -51.6957 310.851 11078.3 -40045.1 0.773112 117.804 50.0488 -310.851 3724.91 5665.82 -0.773112
-114.515 -49.5342 300.787 10682.9 -38665.9 0.714062 112.437 48.4262 -300.787 3568.87 5582.67 -0.714062
-107.503 -43.4171 300.75 9671.16 -36511.4 0.644072 106.532 43.4838 -300.75 2972.51 5311.35 -0.644072
-99.4223 -33.7805 303.119 8070.77 -33572.2 0.561873 97.7519 35.265 -303.119 1976.94 4829.8 -0.561873
-87.3853 -23.2702 299.344 5997.75 -29768.2 0.46535 87.9319 22.5839 -299.344 677.863 4214.05 -0.46535
-70.2992 -12.128 295.085 3778.1 -25028.1 0.351929 75.9868 9.22263 -295.085 -665.424 3706.54 -0.351929
-50.4643 -1.78771 295.529 1812.06 -19296.8 0.220431 58.0471 -0.874141 -295.529 -1671.39 3478.68 -0.220431
-29.3538 4.81477 298.029 292.832 -12763.9 0.0716669 35.8306 -7.5915 -298.029 -2090.13 3257.69 -0.0716669
-6.76844 6.93418 304.132 -645.712 -5658.43 -0.0927104 14.4528 -9.62923 -304.132 -1758.28 2558.45 0.0927104
15.1182 3.82211 345.995 -743.011 2636.45 -0.270912 -8.1893 -4.03257 -345.995 -398.919 754.831 0.270912
37.7199 -3.03218 377.337 -392.944 11135.6 -0.460951 -33.6591 3.83097 -377.337 1385.8 -732.213 0.460951
59.5235 -8.75506 341.918 -98.8703 18312.2 -0.659193 -57.814 10.7962 -341.918 2932.69 -1211.42 0.659193
80.6216 -12.374 325.583 -50.534 25035.9 -0.859977 -80.859 15.5276 -325.583 4095.25 -1503.75 0.859977
94.6108 -14.2648 347.444 -337.28 30867 -1.05752 -99.716 16.7425 -347.444 4830.1 -2536.77 1.05752
102.229 -14.0166 352.562 -987.998 35047.4 -1.24543 -109.393 14.0186 -352.562 5046.23 -4185.23 1.24543
107.071 -10.2121 330.633 -1937.75 37700.4 -1.41549 -112.096 9.20252 -330.633 4742.11 -5738.09 1.41549
111.164 -4.18224 320.769 -3099.93 39580.9 -1.55869 -115.361 2.46708 -320.769 4048.41 -6545.97 1.55869
116.226 2.49942 328.381 -4301.36 40846.1 -1.66674 -119.516 -5.56024 -328.381 3111.25 -6465.28 1.66674
119.221 9.47138 327.738 -5257.41 41023.9 -1.73343 -121.755 -11.6686 -327.738 2166.47 -5883.63 1.73343
115.858 15.9948 316.144 -5834.13 39716.6 -1.75425 -118.8 -14.585 -316.144 1372.7 -5503.87 1.75425
105.386 20.4447 311.065 -6142.46 36937.9 -1.72627 -108.579 -16.8704 -311.065 703.559 -5740.73 1.72627
90.1511 26.6652 313.212 -6425.79 32995.2 -1.64946 -93.1111 -17.9662 -313.212 -75.0929 -6267.86 1.64946
73.9885 34.1602 310.186 -6972.39 28328.9 -1.52608 -76.6244 -22.465 -310.186 -1269.48 -6358.8 1.52608
59.5863 42.7427 303.577 -7904.61 23326.8 -1.35857 -61.5293 -32.4727 -303.577 -3036.21 -5659.2 1.35857
46.1713 54.669 304.29 -9221.56 18034.1 -1.1495 -46.9392 -44.7718 -304.29 -5237.12 -4451.74 1.1495
30.5161 66.4151 308.083 -10568.4 12252.2 -0.90276 -30.8255 -57.7737 -308.083 -7484.05 -3302.47 0.90276
9.53418 76.6215 314.203 -11727.2 5605.64 -0.622991 -10.4916 -68.9375 -314.203 -9428.24 -2676.14 0.622991
-13.7725 81.2175 326.476 -12144 -1596.29 -0.314324 12.31 -76.5059 -326.476 -10777.1 -2191.5 0.314324
-38.1766 78.5473 341.045 -11343.6 -8767.11 0.0187824 33.2984 -77.2333 -341.045 -11293.1 -1635.66 -0.0187824
-60.5785 64.9703 333.811 -9106 -15228.9 0.369913 51.4522 -70.0405 -333.811 -10509.6 -1084.83 -0.369913
-75.0483 40.2492 322.566 -5469.48 -20832.2 0.730187 68.0784 -54.4088 -322.566 -8278.88 -16.1019 -0.730187
-85.2399 9.79824 328.556 -210.861 -25646.4 1.08842 77.9593 -22.1635 -328.556 -4423.39 1862.41 -1.08842
-91.8102 -30.6957 341.127 6243.19 -29736.5 1.43175 84.1895 18.4117 -341.127 907.346 4071.81 -1.43175
-97.0591 -72.5215 337.752 12851.2 -33288.7 1.74651 91.2308 59.7468 -337.752 6387.95 5824.03 -1.74651
-100.63 -108.37 329.352 18935.6 -36155.9 2.01928 96.2513 100.252 -329.352 11402 7433.08 -2.01928
-102.649 -136.322 325.004 23614.2 -38384.8 2.23798 99.4285 130.352 -325.004 15161.4 8898.53 -2.23798
-103.571 -148.959 321.312 26095.6 -40012.3 2.39196 102.033 147.92 -321.312 17070.6 10007.7 -2.39196
-103.49 -144.712 312.522 25839.7 -40981.6 2.47305 104.677 147.346 -312.522 16624.8 10604.7 -2.47305
-102.922 -123.899 303.415 22730 -41233.9 2.47779 106.505 126.897 -303.415 13736.5 10677.2 -2.47779
-101.742 -87.6458 300.57 17206.7 -40692.9 2.40857 107.081 91.1634 -300.57 8797.18 10228.1 -2.40857
-99.7044 -40.127 301.264 10005.2 -39208.2 2.27303 105.326 44.4939 -301.264 2309.71 9300.18 -2.27303
-96.9502 12.3546 301.849 1707.76 -36880.5 2.08179 103.065 -9.59056 -301.849 -4880.66 7710.81 -2.08179
-91.9424 61.7191 300.777 -6012.39 -33436.4 1.84602 97.7642 -58.1781 -300.777 -11397.4 5778.19 -1.84602
-82.5356 103.051 299.25 -12572.1 -28732.9 1.57631 87.1109 -97.2123 -299.25 -16519.1 4005.6 -1.57631
-68.0283 130.925 295.56 -17331.6 -22806.8 1.28202 70.7489 -124.419 -295.56 -19766.6 2583.56 -1.28202
-50.3917 143.676 293.962 -19903.5 -16110 0.971507 51.6645 -137.353 -293.962 -20929.7 1241.84 -0.971507
-31.0939 141.383 299.856 -20297.6 -8934.11 0.652876 31.7026 -135.61 -299.856 -19952.3 -209.77 -0.652876
-9.86158 124.717 316.283 -18686.5 -1125.4 0.332536 10.5492 -120.604 -316.283 -16965 -1838.38 -0.332536
16.2025 96.2872 342.045 -15053.8 7498.39 0.0127427 -14.9247 -91.9563 -342.045 -12307.7 -2949.22 -0.0127427
45.2545 58.1171 350.92 -9804.5 16004.7 -0.306878 -42.9704 -53.3574 -350.92 -6403.76 -3134.29 0.306878
72.2104 17.0195 345.804 -4201.81 23674 -0.624823 -69.5397 -11.4164 -345.804 58.5473 -3004.61 0.624823
95.6153 -18.1075 345.27 445.407 30466.4 -0.936904 -93.2273 23.2738 -345.27 5555.34 -2933.92 0.936904
111.071 -45.0123 348.803 3732.15 35926.6 -1.23891 -109.612 46.5312 -348.803 9556.72 -3747.53 1.23891
118.662 -61.7284 343.577 5691.67 39922.2 -1.5257 -119.309 61.3436 -343.577 12177.5 -5217.23 1.5257
122.216 -68.371 334.852 6280.17 42731.9 -1.78927 -125.037 66.899 -334.852 13360.2 -6669.74 1.78927
126.451 -67.1253 330.49 5646.16 44649.6 -2.0215 -127.92 62.8126 -330.49 13218.1 -7547.44 2.0215
130.395 -56.9698 328.54 4100.77 45728 -2.2159 -130.592 53.7562 -328.54 11970.8 -7662.07 2.2159
131.857 -39.0399 323.595 1856.36 45729.3 -2.3649 -131.379 41.4481 -323.595 9820.59 -7339.64 2.3649
127.298 -17.1487 317.203 -1082.65 44313.8 -2.46004 -127.033 22.5149 -317.203 6827.1 -7225.36 2.46004
114.493 11.3033 314.52 -4774.3 41320.4 -2.49515 -115.867 -0.768705 -314.52 3001.11 -7723.13 2.49515
94.4699 40.1915 313.557 -9011.04 36848 -2.46682 -98.7111 -31.6193 -313.557 -1442.37 -8663.18 2.46682
70.2751 68.0185 309.48 -12990.9 31217.5 -2.37292 -78.0182 -62.0195 -309.48 -5922.45 -9569.35 2.37292
45.6742 94.3038 304.32 -16472.2 24671.5 -2.21289 -54.2158 -87.6458 -304.32 -9982.4 -10073.7 2.21289
23.7886 112.555 300.548 -18745.9 17801.9 -1.98816 -31.4285 -106.772 -300.548 -13137.4 -9714.16 1.98816
3.15952 121.43 299.613 -19576.1 10766.3 -1.70153 -12.0244 -116.968 -299.613 -15075.3 -8515.48 1.70153
-15.2275 120.177 301.873 -18661.3 3548.57 -1.35757 7.09861 -114.681 -301.873 -15472.1 -6769.08 1.35757
-32.5877 107.363 316.403 -16053 -3895.44 -0.965053 25.5431 -102.392 -316.403 -14429.6 -4549.71 0.965053
-52.0848 82.0827 346.638 -11576.6 -11742.2 -0.536804 44.427 -80.0744 -346.638 -11986.4 -2305.46 0.536804
-70.5282 46.7549 347.541 -5538.58 -18866 -0.0866808 62.7702 -46.361 -347.541 -7986.85 -551.281 0.0866808
-83.4345 7.26038 330.556 931.703 -24824 0.370725 76.9717 -8.03433 -330.556 -3144.12 1448.75 -0.370725
-90.9539 -33.5216 333.218 7217.88 -29907.3 0.818447 87.4237 28.8798 -333.218 1864.28 3899.17 -0.818447
-94.8583 -66.5052 342.435 12639.2 -34053.3 1.23947 92.875 61.208 -342.435 5939.12 6663.5 -1.23947
-94.4562 -92.0527 334.391 17002.9 -37105.8 1.62058 94.8298 87.7652 -334.391 9150.15 9477.21 -1.62058
-94.4517 -108.391 320.147 19976.2 -39490.2 1.95255 96.0891 106.095 -320.147 11215.7 11672.9 -1.95255
-98.0552 -115.756 316.508 21354.5 -41589.2 2.22828 98.8721 113.807 -316.508 12029.5 12837 -2.22828
-103.993 -112.638 316.945 21041.6 -43337.4 2.44248 104.192 111.132 -316.945 11501.1 12944.3 -2.44248
-109.177 -99.2161 311.488 19132.5 -44336.7 2.5925 109.237 98.6789 -311.488 9649.11 12458.4 -2.5925
-110.749 -78.8249 304.389 15945 -44267.4 2.67853 110.77 77.0103 -304.389 6722.79 11942.9 -2.67853
-106.164 -53.1448 302.507 11891.6 -43046 2.7035 109.179 49.9024 -302.507 3103.8 11623.8 -2.7035
-97.4965 -24.9428 302.083 7463.16 -40676.4 2.67189 103.593 21.738 -302.083 -660.278 11332.4 -2.67189
-87.6766 0.0780729 297.604 3276.04 -37253.6 2.58841 94.2237 -4.62464 -297.604 -3942.14 10710 -2.58841
-77.6731 18.3836 292.044 -18.3826 -32993.5 2.45745 83.3932 -24.8313 -292.044 -6246.55 9492.56 -2.45745
-67.4449 28.0834 290.399 -2044.44 -28038.8 2.28291 71.5489 -35.6516 -290.399 -7204.9 7761.53 -2.28291
-57.3926 28.1543 291.977 -2753.26 -22407.5 2.06837 56.2758 -37.3073 -291.977 -6749.51 5827.68 -2.06837
-44.5283 18.6469 293.685 -2065.3 -16185.7 1.81739 39.0515 -29.1938 -293.685 -4879.49 3996.79 -1.81739
-25.0959 -0.13468 299.31 73.0132 -9435.56 1.53345 21.8737 -11.1656 -299.31 -1671.73 2585.19 -1.53345
-1.65957 -26.9359 326.561 3723.27 -1634.54 1.21957 -0.482632 18.1534 -326.561 2829.49 1456.93 -1.21957
26.3608 -48.5717 377.87 6495.43 7208.22 0.876982 -28.0594 42.3839 -377.87 6720.94 716.171 -0.876982
51.9425 -62.0991 355.904 7855.13 14605.9 0.505507 -53.4022 56.1206 -355.904 9321.04 738.666 -0.505507
70.3285 -68.5147 320.946 8312.52 20529.8 0.109737 -71.5483 63.4054 -320.946 10851.7 136.709 -0.109737
79.0604 -70.0479 334.623 8010.37 25272.3 -0.298255 -82.0767 64.7995 -334.623 11577.1 -1786.42 0.298255
81.9863 -65.0329 353.073 6658 28783.8 -0.705696 -85.4602 58.2195 -353.073 11242.2 -4359.56 0.705696
83.4222 -52.6233 337.546 4452.82 31241.5 -1.10244 -86.4492 46.1196 -337.546 9883.33 -6456.94 1.10244
86.8048 -37.0852 320.52 1909.71 33235.8 -1.47835 -89.5042 31.2754 -320.52 8009.74 -7513.18 1.47835
92.7343 -20.2735 326.162 -618.124 34867.2 -1.82339 -92.5158 16.301 -326.162 5916.94 -7838.03 1.82339
97.3408 -4.61223 332.656 -2965.32 35729.9 -2.12863 -93.5946 1.63301 -332.656 3855.56 -7869.59 2.12863
97.1198 8.31955 324.126 -4817.27 35539.7 -2.38518 -91.5748 -10.0635 -324.126 2128.65 -8008.31 2.38518
93.3504 15.6719 316.259 -5938.49 34490.3 -2.5842 -85.3132 -18.2531 -316.259 991.89 -8421.23 2.5842
88.2721 15.7886 318.83 -6148.32 33010.3 -2.71978 -77.5734 -22.0027 -318.83 640.145 -8806.04 2.71978
83.7058 11.4503 320.729 -5328.15 31428.8 -2.79022 -72.3732 -17.2635 -320.729 1139.81 -8647.75 2.79022
81.3414 0.923359 316.835 -3567.36 29866.9 -2.79588 -69.8535 -6.89356 -316.835 2417.07 -7803.13 2.79588
81.7322 -12.8626 315.178 -1171.93 28331.2 -2.73785 -67.7131 8.28176 -315.178 4231.66 -6529.33 2.73785
82.5889 -27.1408 319.412 1399.35 26783.5 -2.61916 -65.9931 25.5087 -319.412 6240.04 -5113.45 2.61916
82.0932 -39.2808 322.691 3733.58 25120.8 -2.44523 -64.2674 41.1239 -322.691 7940.54 -3780.38 2.44523
79.9141 -46.5434 319.172 5193.01 23293.5 -2.22312 -61.3964 50.0758 -319.172 8838.57 -2695.12 2.22312
75.4512 -45.3648 315.826 5385.08 21359.9 -1.96118 -57.4107 51.0844 -315.826 8622.66 -1996.75 1.96118
69.1632 -34.8306 316.673 4104.13 19375.1 -1.66888 -52.1986 42.4834 -316.673 7123.5 -1688.84 1.66888
60.9438 -15.1806 317.956 1309.18 17310 -1.35555 -45.8437 23.1678 -317.956 4256.49 -1746.89 1.35555
51.7049 14.3583 320.348 -2847.99 15171.9 -1.02909 -38.4273 -5.2289 -320.348 -4.68159 -2033.63 1.02909
42.5038 48.0198 324.027 -7618.64 12963.9 -0.695931 -30.865 -37.6294 -324.027 -4833.46 -2265.9 0.695931
31.6396 78.6488 325.858 -12112.4 10582 -0.362136 -22.3629 -67.734 -325.858 -9165.49 -2702.39 0.362136
20.683 104.071 321.656 -15821.5 8176.71 -0.0342413 -12.3749 -92.8067 -321.656 -12794.3 -3345.11 0.0342413
11.1514 122.475 317.115 -18480.3 5946.72 0.281572 -2.69727 -110.962 -317.115 -15447.7 -3910.57 -0.281572
4.2891 131.068 313.138 -19782.4 4263.43 0.580405 2.88151 -121.224 -313.138 -16884.9 -4039.05 -0.580405
1.06527 129.158 309.447 -19510.4 3086.84 0.857623 5.61848 -121.152 -309.447 -16867.9 -3732.3 -0.857623
0.5802 114.733 305.988 -17534 2315 1.10755 6.49738 -110.78 -305.988 -15239.7 -3161.91 -1.10755
2.38774 90.1028 304.275 -13916.8 1933.49 1.32374 5.79928 -88.5365 -304.275 -12044 -2418.95 -1.32374
7.2756 58.5736 307.991 -9009.43 2053.57 1.49944 2.93628 -55.8601 -307.991 -7620.17 -1414.75 -1.49944
16.2767 17.6927 324.304 -2862.15 2969.63 1.62732 -4.54405 -16.3963 -324.304 -2092.03 62.6184 -1.62732
25.5973 -26.5368 338.286 4048.09 4126.08 1.70018 -13.456 28.1091 -338.286 3891.55 1554.96 -1.70018
31.9762 -54.3336 330.936 8320.49 5025.27 1.71301 -19.2582 56.2626 -330.936 7750.41 2426.24 -1.71301
35.792 -70.8231 319.713 10651.5 6025.07 1.66597 -25.7758 71.7192 -319.713 10061.7 2929.06 -1.66597
36.1836 -76.0238 319.836 11156.2 6911.5 1.56548 -31.1475 74.2532 -319.836 10680.9 2882.23 -1.56548
34.5818 -70.3455 323.203 10074.1 7415.41 1.41974 -31.3457 67.1747 -323.203 9908.65 2177.08 -1.41974
30.4504 -55.8538 319.657 7553.3 7561.25 1.23486 -29.04 50.0726 -319.657 7837.35 1098.01 -1.23486
24.898 -34.373 319.174 4064.79 7492 1.01772 -26.8867 26.9611 -319.174 4845.16 49.1813 -1.01772
21.1086 -7.58257 325.792 -54.1071 7204.5 0.778303 -23.3258 0.0355499 -325.792 1158.43 -730.303 -0.778303
16.5675 15.6509 323.312 -3676.31 6429.5 0.527695 -18.7135 -24.7149 -323.312 -2191.71 -1285.81 -0.527695
10.2647 30.1776 316.282 -5807.45 5286.49 0.276222 -13.9353 -38.5272 -316.282 -4178.25 -1754.53 -0.276222
3.91607 34.6529 314.327 -6359.29 3898.48 0.032834 -7.31144 -41.7746 -314.327 -4748.25 -2253.5 -0.032834
-1.7129 28.0957 315.185 -5380.65 2423.44 -0.195556 -0.866416 -36.139 -315.185 -3954.55 -2535.58 0.195556
-4.91056 11.9784 316.725 -2767.12 1117.2 -0.403732 2.46275 -19.6749 -316.725 -1833.07 -2181.38 0.403732
-4.21109 -14.4721 324.053 1592 121.314 -0.587054 2.0367 7.22129 -324.053 1559.7 -1026.61 0.587054
-3.49893 -42.2214 331.191 6038.77 -986.886 -0.742237 1.9903 34.5524 -331.191 5117.76 186.84 0.742237
-4.10806 -66.1904 332.649 9835.36 -2189.85 -0.868025 3.88116 58.789 -332.649 8327.89 1021.87 0.868025
-5.03563 -85.452 327.992 12996.5 -3259.66 -0.963264 5.78332 79.8189 -327.992 11023.2 1676.45 0.963264
-4.51038 -99.1327 324.885 15297.4 -4019.12 -1.02688 6.04964 95.2089 -324.885 12948 2469.89 1.02688
-2.38952 -104.558 323.406 16414.1 -4479.99 -1.06102 5.21156 103.332 -323.406 13800.8 3357.63 1.06102
0.403637 -100.033 318.919 16017.8 -4723.18 -1.06994 4.58096 101.71 -318.919 13303.9 4096.34 1.06994
1.43516 -85.0829 312.824 13966.4 -4877.42 -1.05582 4.37064 89.1626 -312.824 11358.5 4430.44 1.05582
-0.208877 -61.0216 310.544 10320.5 -5084.97 -1.01986 5.80989 65.2325 -310.544 8029.37 4190.61 1.01986
-3.04697 -27.7437 315.868 5228.1 -5346.5 -0.964553 10.1587 32.0543 -315.868 3463.95 3409.48 0.964553
-7.17326 13.7904 326.777 -1463.48 -5397.69 -0.891952 15.6046 -12.3568 -326.777 -2333.35 2072.79 0.891952
-7.92487 48.8493 328.036 -7198.3 -4389.46 -0.802638 16.5147 -49.1683 -328.036 -7043.45 827.578 0.802638
-5.38895 71.154 320.154 -10914.8 -2686.93 -0.698056 12.8739 -73.7208 -320.154 -10137.3 28.1352 0.698056
-2.15219 80.2687 312.353 -12599.6 -594.79 -0.582587 6.23344 -84.4228 -312.353 -11333.1 -622.704 0.582587
1.0034 76.4046 313.219 -12172.8 1657.17 -0.462673 -0.306951 -79.9358 -313.219 -10547.3 -1459.26 0.462673
3.88032 57.9765 317.256 -9673.82 3897.76 -0.344348 -6.43454 -62.4178 -317.256 -7823.38 -2384.67 0.344348
8.35042 27.2564 321.736 -5162.8 6291.85 -0.232906 -14.652 -31.2205 -321.736 -3337.5 -2929.1 0.232906
18.3812 -14.1278 332.918 937.839 8663.25 -0.13357 -23.6535 9.73489 -332.918 2525.95 -2529.77 0.13357
29.2604 -52.3785 337.347 6597.77 10567 -0.0509088 -34.3394 46.2145 -337.347 7726.08 -1296.72 0.0509088
38.2239 -82.5722 331.151 11119.6 11862.7 0.0119305 -42.5779 75.9359 -331.151 11911.9 -92.121 -0.0119305
42.5266 -104.39 324.434 14417 12290 0.0539755 -45.5255 97.4586 -324.434 14913.3 533.641 -0.0539755
42.2422 -116.284 322.567 16187.1 11969 0.0771268 -44.4883 108.503 -322.567 16477.1 661.483 -0.0771268
39.0617 -116.366 319.545 16236.3 11049.7 0.0856431 -41.0784 108.236 -319.545 16401 620.589 -0.0856431
33.8079 -103.735 313.181 14591.8 9638.19 0.0851413 -36.6153 97.7477 -313.181 14685.4 616.008 -0.0851413
26.6502 -82.0753 309.473 11521.4 7739.45 0.0822114 -30.516 76.9206 -309.473 11581.4 583.437 -0.0822114
16.3306 -51.7312 311.505 7316.71 5236.62 0.0842784 -21.7603 49.323 -311.505 7366 309.025 -0.0842784
2.85174 -10.6806 323.332 1659.88 1875.42 0.0989393 -8.00127 13.0033 -323.332 1780.67 -293.55 -0.0989393
-14.0613 36.6463 341.774 -5342.74 -2287.04 0.132048 8.9205 -32.7975 -341.774 -4747.78 -1054.55 -0.132048
-29.0599 69.4426 337.124 -10147.4 -6120.19 0.186427 24.5152 -66.6765 -337.124 -9632.52 -1674.74 -0.186427
-41.0149 94.5397 318.9 -13686.3 -9455.49 0.262674 38.5552 -92.5405 -318.9 -13498.4 -2123.45 -0.262674
-50.1344 108.189 313.626 -15687.7 -12303.3 0.359738 49.4094 -108.745 -313.626 -15834.7 -2184.63 -0.359738
-55.4553 110.395 316.952 -15827.7 -14537 0.475305 56.7147 -111.75 -316.952 -16451.3 -1792.37 -0.475305
-57.8403 98.1086 312.196 -13865.7 -15915.2 0.60494 58.543 -100.576 -312.196 -15002.7 -1030.93 -0.60494
-57.6848 72.4805 304.972 -9891.26 -16618.4 0.739091 57.386 -75.6847 -304.972 -11634.2 -139.644 -0.739091
-55.6025 36.9157 310.608 -4340.53 -16860.9 0.864965 54.8768 -39.4027 -310.608 -6743.51 766.974 -0.864965
-50.3643 -8.39928 324.997 2420.31 -16434.1 0.971924 49.4956 5.22531 -324.997 -433.578 1879.9 -0.971924
-43.3451 -53.7703 331.029 9083.12 -15281.5 1.05113 42.3358 49.2527 -331.029 5895.54 2787.1 -1.05113
-32.2734 -89.6653 325.494 14478.1 -13407.9 1.0929 32.4461 84.6854 -325.494 10866.4 3961.51 -1.0929
-18.5885 -115.58 320.598 18361.6 -11102.5 1.08956 20.3715 110.23 -320.598 14461.2 5401.95 -1.08956
-6.93703 -128.146 319.131 20392.2 -8857.56 1.03865 8.98905 125.376 -319.131 16457.6 6507.29 -1.03865
0.620759 -128.675 315.816 20466.4 -6898.61 0.940359 1.31735 127.38 -315.816 16750.3 6765.88 -0.940359
2.00892 -116.236 308.534 18436.9 -5463.47 0.796093 -1.95991 115.201 -308.534 15200.4 6014.55 -0.796093
-1.21822 -91.1004 305.05 14554.2 -4485.79 0.611048 -2.06134 91.4829 -305.05 11981.7 4588.61 -0.611048
-4.98504 -55.8661 308.801 9086.06 -3817.93 0.394476 0.528969 56.7876 -308.801 7286.18 3002.37 -0.394476
-9.10581 -9.18509 325.276 1769.49 -3403.49 0.157434 4.29435 9.31129 -325.276 919.686 1446.74 -0.157434
-12.1382 42.5564 340.374 -6369.4 -2661.04 -0.0867394 6.29367 -41.851 -340.374 -5895.32 -22.3589 0.0867394
-12.9314 77.6347 331.712 -11792.7 -1767.1 -0.322516 6.18332 -76.3667 -331.712 -10587.2 -1011.43 0.322516
-12.9963 100.761 312.49 -15345.5 -1063.08 -0.536569 6.86608 -99.5971 -312.49 -13771.1 -1820.72 0.536569
-12.9303 110.666 309.961 -16948.8 -472.068 -0.720092 7.54323 -109.812 -309.961 -15092.1 -2497.83 0.720092
-11.8767 106.992 315.054 -16525.5 199.97 -0.865546 6.49096 -106.976 -315.054 -14570 -2861.59 0.865546
-7.50698 89.5154 308.744 -13949.3 1079.96 -0.965692 3.6854 -89.7559 -308.744 -12103.4 -2697.58 0.965692
-0.451243 60.7539 304.121 -9646.86 2211.49 -1.01723 -1.97039 -61.2645 -304.121 -8085.08 -1981.38 1.01723
9.67822 21.7374 320.323 -3765.13 3776.21 -1.02141 -10.7843 -22.5964 -320.323 -2678.12 -792.954 1.02141
19.5913 -26.6543 343.111 3765.93 5138.06 -0.981587 -19.4015 26.9425 -343.111 4020.71 538.406 0.981587
23.2748 -60.9249 336.256 9087.33 5562.98 -0.903948 -23.4127 61.6158 -336.256 8719.24 1231.52 0.903948
24.691 -84.296 320.227 12607.1 5631.25 -0.798385 -24.6457 85.0598 -320.227 12002.9 1547.42 0.798385
23.9625 -94.525 318.014 14257.8 5432.68 -0.673686 -24.2526 96.3492 -318.014 13479.6 1582.51 0.673686
21.8064 -91.9052 321.526 13978.7 4977.95 -0.535266 -22.4134 95.0569 -321.526 13190.4 1456.01 0.535266
17.9277 -76.9951 314.369 11685.6 4193.13 -0.388763 -18.6392 79.3718 -314.369 11036.5 1127.36 0.388763
11.9067 -50.9191 308.661 7798.26 3089.03 -0.239311 -12.8955 53.6845 -308.661 7400.91 520.414 0.239311
4.40454 -15.204 321.967 2393.32 1651.65 -0.0897121 -4.23901 17.7433 -321.967 2393.26 -391.256 0.0897121
-3.7395 29.0234 338.441 -4546.47 -85.8453 0.0573392 6.11015 -27.6027 -338.441 -3682.07 -1342.11 -0.0573392
-9.00314 58.7372 327.988 -9108.19 -1347.65 0.199028 13.2121 -58.2504 -327.988 -7892.41 -1878.74 -0.199028
-13.0575 78.022 311.796 -12048.4 -2186.62 0.334205 17.5412 -79.0974 -311.796 -10783.9 -2258.97 -0.334205
-15.8385 85.9742 310.788 -13286.9 -2658.33 0.460474 20.1638 -87.6949 -310.788 -11950.5 -2572.86 -0.460474
-17.1196 82.9312 314.857 -12812.5 -2743.01 0.572463 20.9637 -84.4047 -314.857 -11504.7 -2790.38 -0.572463
-17.33 68.0093 309.436 -10612.2 -2389.47 0.665155 18.2117 -69.9521 -309.436 -9435.77 -2773.84 -0.665155
-14.6349 44.2397 307.344 -7081.02 -1677.54 0.73391 14.2049 -46.5203 -307.344 -6107.26 -2511 -0.73391
-7.70357 13.1924 322.079 -2270.07 -545.481 0.77354 8.4925 -14.1399 -322.079 -1701.61 -1805.03 -0.77354
2.75961 -23.2132 335.06 3495.61 1095.49 0.779947 -1.59407 23.1892 -335.06 3246.41 -459.486 -0.779947
12.5024 -47.3132 328.456 7187.61 2507.67 0.750838 -9.81774 47.387 -328.456 6573.18 739.707 -0.750838
20.5253 -61.5643 320.06 9320.93 3673.64 0.686379 -15.2198 62.2546 -320.06 8671.39 1525.48 -0.686379
25.8106 -66.7207 320.745 9989.21 4689.18 0.590456 -19.504 66.6164 -320.745 9386.31 1902.05 -0.590456
28.7351 -63.7723 323.207 9316.46 5570.25 0.468713 -22.7273 61.8319 -323.207 8934.97 1916.3 -0.468713
29.9971 -52.2128 320.088 7429.93 6243.7 0.326011 -23.5741 49.9115 -320.088 7408.68 1551.3 -0.326011
28.7948 -35.111 319.766 4612.8 6766.68 0.167821 -23.8573 31.5584 -319.766 5072.95 897.002 -0.167821
25.3614 -12.8911 325.765 1108.49 7059.94 0.00124369 -23.0018 9.19585 -325.765 2098.55 -16.8812 -0.00124369
19.967 9.24056 324.756 -2325.67 6885.73 -0.166262 -19.6309 -13.0481 -324.756 -915.679 -1114.3 0.166262
13.6795 25.6974 318.958 -4829.1 6409.48 -0.327744 -15.9186 -28.8842 -318.958 -3104.88 -2090.05 0.327744
9.60532 34.599 318.192 -6158.42 5897.34 -0.476418 -11.9931 -37.1037 -318.192 -4263.62 -2739.92 0.476418
7.49013 35.8385 317.956 -6327.83 5448.92 -0.606248 -9.63137 -38.1666 -317.956 -4428.7 -2942.62 0.606248
7.01905 29.863 315.603 -5402.61 5085.08 -0.712466 -9.48693 -32.6266 -315.603 -3680.11 -2669.9 0.712466
8.35788 17.6976 316.179 -3416.27 4761.46 -0.790451 -10.1122 -19.7187 -316.179 -2022.63 -2063.2 0.790451
10.1654 0.449054 321.025 -535.692 4341.5 -0.836169 -10.9302 -0.66776 -321.025 371.621 -1264.46 0.836169
10.3602 -18.019 321.938 2525.39 3576.2 -0.847654 -10.5222 18.6635 -321.938 2803.33 -533.188 0.847654
10.1694 -30.8905 322.964 4785.51 2673.78 -0.824862 -9.66626 33.3423 -322.964 4547.14 213.873 0.824862
9.95599 -36.4627 322.31 5930.94 1759.8 -0.768719 -8.84653 40.9821 -322.31 5322.21 974.337 0.768719
8.59717 -35.4222 319.686 5859.4 794.103 -0.68076 -7.91212 39.4666 -319.686 5022.76 1603.54 0.68076
5.75332 -26.2818 319.342 4581.27 -333.867 -0.563648 -4.89087 30.498 -319.342 3669.75 1876.43 0.563648
0.457558 -9.83908 323.334 2066.55 -1713.29 -0.421464 0.650422 13.2616 -323.334 1291.09 1678.88 0.421464
-6.10967 11.7764 324.279 -1293.17 -3091.63 -0.259029 6.77333 -8.84624 -324.279 -1701.91 1211.52 0.259029
-11.1897 31.4325 321.193 -4313.23 -4116.62 -0.0816543 11.6685 -28.7409 -321.193 -4428.74 785.635 0.0816543
-14.686 45.9668 321.309 -6516.42 -4840.24 0.104173 15.1107 -43.6243 -321.309 -6500.49 499.802 -0.104173
-17.1826 55.6833 318.899 -7877.26 -5329.13 0.290892 17.373 -52.2644 -318.899 -7807.25 296.412 -0.290892
-19.1066 59.1546 315.207 -8353.4 -5646.67 0.470856 19.1035 -55.3273 -315.207 -8280.57 82.7279 -0.470856
-20.3146 56.8594 313.991 -7981.65 -5807.24 0.636117 20.4549 -52.7788 -313.991 -7948.34 -128.477 -0.636117
-19.265 47.8696 314.425 -6792.74 -5711.54 0.777741 21.2839 -45.9729 -314.425 -6841.78 -191.668 -0.777741
-16.2198 33.9299 314.209 -4790.34 -5216.09 0.887127 19.2705 -33.3563 -314.209 -4985.05 48.7573 -0.887127
-10.2945 14.0314 317.232 -1882.68 -4258.65 0.957635 15.0497 -14.7455 -317.232 -2297.08 566.758 -0.957635
-2.50747 -13.1174 321.224 1934.27 -2754.87 0.984438 8.56178 8.13419 -321.224 1154.82 1138.95 -0.984438
4.91237 -36.3981 324.922 5551.21 -930.572 0.964467 1.03251 32.823 -324.922 4507.97 1489.56 -0.964467
10.335 -55.0527 329.287 8274.13 877.296 0.897082 -6.08982 51.6594 -329.287 7233.14 1508.34 -0.897082
15.2075 -68.146 326.237 10047 2658.34 0.783878 -12.3761 64.0756 -326.237 9167.08 1353.03 -0.783878
20.2118 -74.2805 322.663 10818.8 4376.28 0.628609 -17.7521 70.3602 -322.663 10199.5 1147.7 -0.628609
25.2354 -73.0009 323.162 10533.1 6002.65 0.438237 -22.3943 70.0794 -323.162 10257.9 930.077 -0.438237
29.4898 -63.5313 323.223 9056.13 7472.08 0.222675 -26.3459 62.2585 -323.223 9221.34 657.034 -0.222675
32.6614 -45.2435 321.395 6296.75 8724.65 -0.00731013 -28.6589 46.6603 -321.395 7055.44 205.03 0.00731013
33.0716 -19.4492 323.794 2253.52 9650.37 -0.241239 -29.2253 21.6544 -323.794 3715.79 -574.977 0.241239
30.6102 12.697 329.465 -2689.84 10077 -0.46862 -27.0426 -10.6012 -329.465 -699.861 -1672.32 0.46862
26.8448 42.4064 328.416 -7272.03 10112.2 -0.678526 -23.8324 -40.6194 -328.416 -4797.88 -2718.13 0.678526
22.4781 65.2963 324.551 -10911.4 9942.39 -0.859936 -20.3553 -64.5295 -324.551 -7960.22 -3685.91 0.859936
19.2696 80.4133 319.386 -13263.2 9794.2 -1.00347 -17.2857 -79.7461 -319.386 -10017 -4448.72 1.00347
18.1082 86.0588 316.199 -14179.1 9795.08 -1.10248 -15.9017 -85.8942 -316.199 -10815 -4818.78 1.10248
19.5592 81.827 314.264 -13520.2 10019 -1.15234 -16.8429 -81.5168 -314.264 -10222.6 -4695.04 1.15234
22.8166 68.0431 312.823 -11304.8 10431.9 -1.15126 -20.0193 -66.4414 -312.823 -8243.59 -4173.74 1.15126
26.7522 45.1432 314.619 -7774.9 10912.4 -1.10181 -24.0832 -43.3371 -314.619 -5087.79 -3492.61 1.10181
29.542 16.0379 321.635 -3308.23 11244 -1.01003 -28.2427 -13.322 -321.635 -963.152 -2814.97 1.01003
30.7089 -13.9088 325.877 1329.54 11207 -0.883861 -32.2579 17.8601 -325.877 3282.26 -2026.73 0.883861
28.3679 -36.8302 323.097 4947.46 10443.7 -0.73282 -32.9513 40.7602 -323.097 6323.66 -1505.96 0.73282
23.553 -49.7557 317.716 7063.03 9010.5 -0.566367 -29.1448 53.598 -317.716 7952.57 -1329.74 0.566367
17.4606 -52.5724 315.255 7589.07 7097.96 -0.392064 -23.0593 55.2985 -315.255 8083.53 -1191.81 0.392064
10.9346 -45.7702 315.376 6690.18 4833.02 -0.216605 -16.6759 47.2531 -315.376 6825.36 -808.856 0.216605
4.72744 -30.2491 317.775 4505.33 2167.97 -0.04633 -9.34456 30.4102 -317.775 4307.96 -118.275 0.04633
-3.13974 -5.59992 329.007 950.139 -1106.1 0.114533 0.724635 5.10744 -329.007 606.224 541.657 -0.114533
-14.6477 19.3977 331.672 -2666.84 -4787.6 0.264374 14.4366 -19.9063 -331.672 -3042.52 550.77 -0.264374
-26.5673 37.0938 324.137 -5002.41 -7960.44 0.402518 26.2641 -36.3089 -324.137 -5661.2 266.016 -0.402518
-35.8313 47.4361 320.087 -6317.93 -10601 0.527559 35.483 -46.5298 -320.087 -7333.17 214.41 -0.527559
-41.5487 50.6863 320.593 -6608.38 -12657.8 0.637053 41.2649 -49.9626 -320.593 -8013.19 593.991 -0.637053
-45.7698 47.1474 318.991 -5836.13 -14179.6 0.728245 43.2685 -45.9471 -318.991 -7686.88 1206.16 -0.728245
-49.2329 36.7661 317.093 -4170.08 -15349.3 0.798804 44.2874 -36.1695 -317.093 -6422.73 1720.64 -0.798804
-51.8413 21.1021 317.43 -1761.3 -16330.5 0.847377 46.5686 -21.2935 -317.43 -4392.87 1988.09 -0.847377
-52.9415 2.30307 319.622 1126.95 -16973.9 0.87343 47.9116 -2.55906 -319.622 -1826.45 2273.79 -0.87343
-51.7785 -16.8121 320.454 3936.26 -17099.9 0.875927 46.1896 15.8957 -320.454 824.175 2817.15 -0.875927
-47.714 -33.3769 319.904 6414.67 -16725.2 0.853955 42.1971 31.9708 -319.904 3089.16 3612.19 -0.853955
-42.5576 -45.2878 319.584 8241.57 -16065.6 0.809588 36.9217 43.8577 -319.584 4720.78 4467.96 -0.809588
-38.8775 -52.6131 318.274 9338.45 -15395.6 0.747666 32.1343 50.9435 -318.274 5718.12 5028.81 -0.747666
-37.3408 -54.3317 316.833 9640.89 -14917.4 0.672785 30.0108 53.6026 -316.833 6051.63 5083.77 -0.672785
-37.5891 -50.5597 316.229 9072.09 -14623.1 0.58866 29.9768 50.5661 -316.229 5630.65 4760 -0.58866
-38.2011 -41.0152 315.942 7615.37 -14363.6 0.498986 30.3439 41.5962 -315.942 4396.41 4360.04 -0.498986
-38.3749 -26.0411 315.947 5341.43 -14061.4 0.40774 30.2687 26.9802 -315.947 2369.97 4045.4 -0.40774
-38.5634 -7.36766 316.869 2497.29 -13777.3 0.319827 30.6349 8.33348 -316.869 -209.397 3682.41 -0.319827
-39.0337 11.5864 317.824 -413.357 -13496.9 0.240853 32.1625 -10.7552 -317.824 -2827.3 3113.75 -0.240853
-39.9337 27.9118 316.344 -2960.37 -13152.4 0.175103 33.7307 -27.1169 -316.344 -5030.68 2413.22 -0.175103
-39.1548 39.4111 314.781 -4783.9 -12599.7 0.124221 34.9355 -38.5403 -314.781 -6538.67 1801.55 -0.124221
-36.476 45.5754 313.838 -5841.47 -11698.5 0.0881455 33.8794 -44.7434 -313.838 -7278.7 1446.06 -0.0881455
-32.0817 45.4678 311.909 -5972.63 -10451.8 0.0667063 30.8289 -44.9404 -311.909 -7160.92 1284.88 -0.0667063
-27.0224 39.1823 310.823 -5187.16 -8928.39 0.0597641 26.3462 -39.0441 -310.823 -6176.57 1152.14 -0.0597641
-22.1533 26.5608 312.473 -3515.08 -7201.52 0.0659599 20.9691 -27.5016 -312.473 -4337.79 918.844 -0.0659599
-16.6326 8.41907 317.959 -914.62 -5225.91 0.0822329 15.3655 -9.0846 -317.959 -1626.75 564.863 -0.0822329
-8.67995 -13.1755 321.496 2230.98 -2703.38 0.104023 7.66485 12.6644 -321.496 1524.62 322.329 -0.104023
0.782119 -31.6494 324.852 4846.32 72.3235 0.125064 -2.07549 30.4874 -324.852 4182.68 342.394 -0.125064
10.2248 -43.3807 328.84 6428.83 2723.85 0.138868 -11.7769 42.0577 -328.84 5985.75 478.173 -0.138868
18.0911 -48.627 325.741 7020.51 4999.48 0.141331 -19.3671 47.4203 -325.741 6935.13 453.649 -0.141331
23.1405 -47.6241 321.894 6679.34 6759.67 0.130252 -23.8765 46.6466 -321.894 7017.44 87.1357 -0.130252
25.3371 -40.9394 323.293 5475.69 8055.95 0.103321 -26.0319 39.9191 -323.293 6271.36 -572.263 -0.103321
26.0613 -28.5067 325.047 3411.97 8977.62 0.0589486 -26.559 27.2802 -325.047 4691.12 -1308.27 -0.0589486
25.8192 -11.9068 323.66 741.354 9559.77 -0.00191177 -26.3912 10.2339 -323.66 2472.02 -1947.25 0.00191177
24.4236 5.88288 322.255 -2010.18 9801.92 -0.0761858 -26.0668 -7.88318 -322.255 5.5981 -2437.6 0.0761858
22.0576 20.9721 321.672 -4334.61 9665.95 -0.159846 -24.4431 -23.4308 -321.672 -2122.05 -2880.49 0.159846
18.271 30.7869 319.893 -5843.46 9145.81 -0.248159 -21.4217 -33.5548 -319.893 -3510.64 -3349.8 0.248159
13.4865 35.4399 317.044 -6473.24 8299.16 -0.336072 -17.5513 -37.3882 -317.044 -4113.83 -3762.06 0.336072
9.04736 34.3784 314.932 -6246.58 7279.66 -0.418928 -14.067 -36.0429 -314.932 -3990.26 -3896.25 0.418928
5.68599 28.2552 314.365 -5230.69 6160.14 -0.492231 -11.6694 -29.9567 -314.365 -3231.24 -3617.05 0.492231
3.2956 17.9701 315.508 -3483.55 4872.65 -0.55139 -9.80973 -19.156 -315.508 -1913.55 -2951.79 0.55139
0.585279 4.2785 318.224 -1130.3 3193.72 -0.592424 -7.31158 -4.75183 -318.224 -183.447 -2035.4 0.592424
-4.1721 -9.70269 321.456 1391.56 907.413 -0.612228 -3.1121 10.199 -321.456 1499.54 -1057.21 0.612228
-10.4164 -19.7038 327.578 3310.73 -1833.18 -0.608226 3.6894 21.326 -327.578 2651.6 -219.725 0.608226
-19.0729 -24.1433 328.812 4216.51 -4964.17 -0.578581 12.6673 25.8765 -328.812 3053.6 341.005 0.578581
-27.3603 -22.9821 324.698 4256.25 -7918.58 -0.522854 20.8965 24.8441 -324.698 2696.46 887.417 0.522854
-34.6188 -16.3772 325.327 3617.72 -10710.8 -0.442255 28.9085 19.7732 -325.327 1639.76 1452.37 0.442255
-41.6231 -5.96814 326.817 2372.3 -13364.2 -0.338932 36.7953 10.2511 -326.817 -9.74538 1933.68 0.338932
-48.1069 6.371 324.839 814.174 -15760.4 -0.215089 44.3978 -1.41933 -324.839 -1939.6 2276.01 0.215089
-54.1637 19.3654 321.528 -901.263 -17851.8 -0.073065 51.3101 -13.7109 -321.528 -3897.87 2477.15 0.073065
-59.2781 30.1041 320.187 -2423.97 -19542.9 0.0837168 56.7834 -25.1371 -320.187 -5595.59 2625.01 -0.0837168
-62.9684 37.3869 318.158 -3510.18 -20759.3 0.250238 60.7789 -33.636 -318.158 -6802.39 2721.36 -0.250238
-65.2829 39.0656 314.5 -3914.91 -21453.5 0.420713 62.8781 -38.1209 -314.5 -7293.11 2772.92 -0.420713
-66.0057 35.1698 311.957 -3439.31 -21617.6 0.589445 62.8813 -36.0061 -311.957 -6895.13 2831.51 -0.589445
-64.4024 27.0152 311.471 -2108.19 -21240.2 0.750356 60.9628 -26.3399 -311.471 -5636.58 2966.64 -0.750356
-60.5359 14.5725 312.233 -203.186 -20307.5 0.896478 56.5744 -12.6521 -312.233 -3744.49 3235.21 -0.896478
-54.9791 -0.546883 313.224 1895.13 -18889.3 1.02096 50.1593 1.72177 -313.224 -1557.29 3559.3 -1.02096
-49.3699 -14.6698 312.701 3864.68 -17165.5 1.11843 42.5255 15.8988 -312.701 585.031 3763.86 -1.11843
-43.2561 -26.6918 313.745 5472.09 -15292.9 1.18528 35.6903 27.2153 -313.745 2368.38 3777.38 -1.18528
-36.5799 -34.7471 315.014 6447.91 -13322.8 1.21948 29.3557 34.035 -315.014 3553.34 3702.84 -1.21948
-30.0591 -37.8298 314.345 6694.79 -11275.1 1.22062 22.1793 36.2422 -314.345 4074.27 3650.92 -1.22062
-23.4156 -36.249 314.236 6282.22 -9253.9 1.18939 15.3954 34.2549 -314.236 3967.4 3586.15 -1.18939
-17.2321 -30.3241 315.675 5303.46 -7383.37 1.12726 10.0311 28.9002 -315.675 3306.14 3398.66 -1.12726
-12.9132 -21.1474 317.104 3801.22 -5742.12 1.03724 5.8369 19.9663 -317.104 2175.78 2999.41 -1.03724
-9.97128 -9.52432 318.446 1862.87 -4322.5 0.923709 3.24744 8.08622 -318.446 698.168 2388.29 -0.923709
-7.59929 3.51516 319.736 -290.615 -3015.05 0.791278 1.37282 -4.70137 -319.736 -901.702 1702.22 -0.791278
-5.42789 14.956 320.026 -2229.99 -1828.98 0.644543 -0.624048 -16.1842 -320.026 -2293.69 1125.55 -0.644543
-3.33261 22.9046 320.714 -3571.4 -829.32 0.488304 -2.42672 -24.0518 -320.714 -3250.95 695.332 -0.488304
-1.74005 27.2075 319.737 -4257.13 -40.7386 0.327639 -3.96031 -27.5856 -319.737 -3704.32 363.349 -0.327639
-1.38205 27.389 318.485 -4327.56 459.679 0.168119 -4.75784 -27.5263 -318.485 -3651.88 32.5132 -0.168119
-1.69999 23.8948 318.77 -3833.62 671.069 0.0155269 -4.4266 -24.079 -318.77 -3137.29 -272.242 -0.0155269
-2.408 17.3209 319.644 -2813.94 635.164 -0.124889 -3.7768 -17.2773 -319.644 -2213.46 -433.467 0.124889
-2.98858 7.95582 320.074 -1360.36 407.699 -0.248745 -3.16056 -8.31424 -320.074 -1003.87 -380.602 0.248745
-3.45853 -2.485 320.489 298.886 -30.7324 -0.352551 -1.98268 1.64249 -320.489 300.829 -183.057 0.352551
-4.89912 -12.3496 321.411 1910.9 -719.136 -0.433987 -0.175774 11.3518 -321.411 1533.18 31.4716 0.433987
-7.33766 -20.4193 322.697 3209.11 -1682.11 -0.492152 3.06011 18.9637 -322.697 2513.95 167.577 0.492152
-10.3332 -25.5417 322.494 4050.71 -2803.69 -0.527364 7.20003 23.8781 -322.494 3131.21 249.795 0.527364
-13.9097 -27.2298 321.618 4408.02 -3974.15 -0.540903 11.3097 26.0604 -321.618 3336.77 300.842 0.540903
-17.9955 -25.6635 321.233 4283.44 -5135.79 -0.534968 15.2899 25.2789 -321.233 3120.63 287.974 0.534968
-22.3489 -21.5311 320.995 3719.45 -6279.11 -0.512245 19.7214 21.3044 -320.995 2507 152.586 0.512245
-27.2991 -14.9205 320.521 2814.88 -7353.24 -0.475136 23.8472 15.2522 -320.521 1571.9 -93.9617 0.475136
-31.5466 -6.99411 319.609 1687.97 -8303.86 -0.425547 28.1056 7.57588 -319.609 431.88 -380.859 0.425547
-34.9767 1.14128 318.801 489.472 -9065.78 -0.365415 31.4584 -0.75527 -318.801 -762.118 -605.796 0.365415
-36.7187 8.00352 318.375 -538.83 -9561.78 -0.296968 33.708 -8.11829 -318.375 -1800.71 -690.785 0.296968
-36.8373 12.773 317.562 -1231.29 -9765.9 -0.222173 34.6017 -12.8964 -317.562 -2495.51 -634.341 0.222173
-35.9029 14.4014 316.604 -1485.18 -9681.8 -0.142656 33.8741 -14.7036 -316.604 -2740.82 -477.011 0.142656
-33.8274 12.7268 316.232 -1269.85 -9337.12 -0.0604275 32.2241 -13.3315 -316.232 -2513.48 -279.898 0.0604275
-31.6669 8.04647 316.503 -614.093 -8765.95 0.0220785 29.1588 -8.811 -316.503 -1832.43 -90.7175 -0.0220785
-28.9137 0.992709 317.188 391.888 -7999.41 0.10238 25.5026 -1.83083 -317.188 -799.418 75.5042 -0.10238
-25.5114 -7.27561 317.755 1574.66 -7065.29 0.177775 21.1471 6.26398 -317.755 395.174 270.349 -0.177775
-20.5026 -15.1699 318.377 2695.64 -5979.11 0.245419 16.5586 13.8667 -318.377 1525.7 580.463 -0.245419
-14.9133 -21.5318 319.167 3598.9 -4779.3 0.302777 10.9178 19.8681 -319.167 2418.59 1014.12 -0.302777
-9.11228 -25.2791 319.713 4133.93 -3602.95 0.347882 5.75506 23.491 -319.713 2954.21 1432.45 -0.347882
-4.08174 -26.3272 319.904 4251.05 -2568.7 0.379713 1.74156 24.4109 -319.904 3122.77 1713.96 -0.379713
-0.309516 -24.8318 320.048 3967.79 -1703.9 0.39836 -1.42961 22.7224 -320.048 2943.1 1859.65 -0.39836
2.8407 -21.0739 320.188 3342.02 -974.21 0.4045 -3.72893 18.8744 -320.188 2463.44 1923.28 -0.4045
5.57863 -15.6559 320.598 2451.75 -344.529 0.399064 -5.4797 13.3132 -320.598 1758.15 1947.18 -0.399064
7.84055 -9.22207 320.967 1426.32 192.974 0.383603 -6.84163 7.14246 -320.967 951.962 1937.51 -0.383603
9.6768 -2.95066 320.627 446.444 673.904 0.360493 -7.88503 1.48249 -320.627 198.033 1876.26 -0.360493
10.818 1.8062 320.641 -328.14 1120.63 0.332282 -8.8236 -3.02426 -320.641 -373.565 1733.03 -0.332282
11.8922 4.838 321.154 -802.711 1582.78 0.300967 -9.39856 -5.35666 -321.154 -678.615 1511.88 -0.300967
12.5591 5.42604 321.344 -948.231 2081.51 0.268014 -10.3577 -5.89434 -321.344 -696.889 1250.85 -0.268014
12.9101 3.70951 321.036 -773.769 2585.83 0.234442 -11.4611 -4.64366 -321.036 -440.458 959.306 -0.234442
13.5724 0.522653 321.183 -335.505 3062.47 0.200654 -11.9934 -1.48612 -321.183 42.8766 657.7 -0.200654
14.1025 -3.70348 321.786 248.217 3512.38 0.166581 -12.8669 2.48344 -321.786 649.776 413.077 -0.166581
14.3909 -7.89502 321.742 840.399 3907.51 0.131835 -13.9985 6.53477 -321.742 1255.11 225.42 -0.131835
14.1096 -11.4616 321.382 1315.42 4159.28 0.0957968 -14.4826 9.64455 -321.382 1750.03 4.07955 -0.0957968
13.5922 -13.9562 321.317 1619.85 4245.77 0.058114 -13.7641 11.5028 -321.317 2077.97 -261.287 -0.058114
12.7569 -14.6822 321.338 1739.06 4219.83 0.0190642 -12.962 12.5243 -321.338 2212.63 -472.918 -0.0190642
12.5485 -13.4357 321.063 1638.47 4131.63 -0.020719 -11.9898 12.4616 -321.063 2122.98 -556.298 0.020719
12.4774 -10.8546 320.732 1284.88 3991.08 -0.0606096 -11.1584 10.3022 -320.732 1787.81 -547.216 0.0606096
11.9627 -5.46379 320.585 649.455 3764.35 -0.100032 -9.93825 7.28357 -320.585 1201.39 -572.998 0.100032
10.1828 2.04683 320.37 -345.353 3410.58 -0.138382 -8.04681 1.88529 -320.37 320.595 -753.033 0.138382
6.99807 10.1215 320.092 -1672.72 2916.37 -0.175018 -5.32857 -7.09043 -320.092 -829.413 -1116.74 0.175018
2.95556 19.5312 319.957 -3118.23 2333.05 -0.209234 -2.1765 -16.2142 -319.957 -2076.8 -1578.92 0.209234
-0.433145 27.7477 320.437 -4378.34 1792.95 -0.24015 0.807386 -24.3315 -320.437 -3190.11 -1964.97 0.24015
-2.58353 33.5042 319.698 -5321.89 1366.36 -0.266842 3.14828 -31.071 -319.698 -4062.37 -2191.38 0.266842
-3.80163 36.5855 318.124 -5843.26 1049.99 -0.288461 4.62869 -35.0448 -318.124 -4566.14 -2267.62 0.288461
-4.29419 36.4607 317.341 -5833.58 849.662 -0.30401 5.34589 -35.2879 -317.341 -4592.91 -2243.55 0.30401
-4.09331 32.7199 317.528 -5240.33 767.199 -0.312436 5.43507 -31.4709 -317.528 -4087.79 -2145.26 0.312436
-2.90844 25.5007 318.051 -4097.8 830.193 -0.313205 4.8016 -23.8927 -318.051 -3079.98 -1944.36 0.313205
-1.07103 14.8493 319.488 -2468.65 1065.34 -0.306494 2.64159 -13.56 -319.488 -1659.99 -1598.95 0.306494
1.26529 2.26579 320.696 -541.129 1405.04 -0.293069 -0.137884 -1.74312 -320.696 -42.1645 -1195.54 0.293069
3.62892 -10.0708 320.535 1290.66 1724.75 -0.27416 -2.30955 9.06857 -320.535 1489.47 -856.399 0.27416
5.76878 -19.8298 321.35 2765.64 1995.83 -0.251036 -4.17242 18.1733 -321.35 2755.44 -545.949 0.251036
8.18182 -26.0461 322.245 3746.79 2265.6 -0.224675 -6.13691 24.573 -322.245 3607.55 -179.769 0.224675
10.4026 -29.4296 321.413 4232.01 2515.58 -0.195969 -8.27354 27.4345 -321.413 4029.85 203.195 0.195969
12.0686 -29.3647 320.526 4252.38 2686.72 -0.165732 -9.65887 27.6758 -320.526 4035.14 475.271 0.165732
12.6981 -26.597 320.859 3851.57 2744.17 -0.134378 -9.98096 25.1752 -320.859 3670.41 556.061 0.134378
12.0356 -21.7526 321.13 3082.94 2698.57 -0.102138 -9.74154 20.035 -321.13 2988.15 470.686 0.102138
10.9479 -15.3628 320.925 2062.35 2583.47 -0.0694323 -8.90936 13.2375 -320.925 2092.53 306.889 0.0694323
10.0895 -8.37924 320.817 967.217 2447.03 -0.0367366 -7.87069 6.21656 -320.817 1152.82 167.697 0.0367366
9.94912 -2.23451 320.583 15.9853 2351.16 -0.00437715 -7.06475 0.213259 -320.583 338.973 125.994 0.00437715
10.1874 2.98419 320.397 -687.899 2328.15 0.0272318 -6.95264 -3.56365 -320.397 -264.172 167.275 -0.0272318
10.6244 6.27022 320.349 -1146.95 2371.6 0.0573049 -7.10602 -6.11468 -320.349 -653.237 209.649 -0.0573049
10.6802 9.63301 320.428 -1468.94 2453.71 0.0848799 -7.41291 -6.75728 -320.428 -913.265 180.482 -0.0848799
10.4342 11.8294 320.514 -1803.15 2558.81 0.109107 -7.61253 -8.63134 -320.514 -1170.56 69.0822 -0.109107
10.6134 14.0293 320.651 -2187.19 2706.56 0.129117 -7.53441 -11.1036 -320.651 -1465.48 -63.396 -0.129117
11.1133 17.2254 320.794 -2601.21 2941.28 0.143955 -8.13464 -12.9776 -320.794 -1788.26 -137.605 -0.143955
12.1792 19.8658 320.988 -3046.53 3255.11 0.152861 -9.08042 -15.8459 -320.988 -2143.49 -158.398 -0.152861
13.2986 22.4808 321.043 -3498.87 3600.88 0.155141 -10.0158 -18.8131 -321.043 -2502.44 -204.735 -0.155141
14.0057 25.2937 320.968 -3916.06 3943.57 0.149887 -10.7135 -21.0731 -320.968 -2822.56 -342.265 -0.149887
14.2047 28.1281 321.076 -4306.54 4269.08 0.136471 -11.1507 -22.9223 -321.076 -3112.87 -574.114 -0.136471
13.9978 30.8081 321.244 -4700.26 4572.7 0.115008 -11.4878 -24.9514 -321.244 -3403.68 -857.542 -0.115008
13.8379 33.4363 320.988 -5109.84 4854.81 0.0859964 -11.6105 -27.2244 -320.988 -3706.53 -1143.79 -0.0859964
13.0502 35.6834 320.662 -5503.69 5089.9 0.050129 -12.0839 -29.663 -320.662 -3993.8 -1423.4 -0.050129
11.9222 36.8038 320.257 -5805.13 5215.9 0.00864527 -11.8799 -32.0516 -320.257 -4202.46 -1741.96 -0.00864527
10.7495 36.8445 319.546 -5912.69 5223.37 -0.0366031 -10.8959 -33.0337 -319.546 -4243.64 -2062.13 0.0366031
10.1776 34.2897 318.781 -5699.49 5192.09 -0.0833578 -9.96917 -32.583 -318.781 -4020.13 -2248.38 0.0833578
10.1452 29.6779 318.414 -5047.65 5188.76 -0.129129 -10.2873 -28.681 -318.414 -3434.73 -2203.77 0.129129
10.7833 23.0055 318.81 -3942.5 5179.52 -0.171409 -11.1606 -21.1328 -318.81 -2473.32 -1975.57 0.171409
11.2621 14.0396 319.598 -2521.87 5061.69 -0.207835 -11.9126 -11.8845 -319.598 -1247.15 -1679.98 0.207835
10.5723 5.09826 319.701 -1067.28 4702.85 -0.236285 -11.7606 -2.44019 -319.701 -30.0327 -1444.89 0.236285
8.94381 -2.48869 319.326 149.608 4088.47 -0.254926 -10.3616 4.93102 -319.326 926.79 -1272.19 0.254926
6.67343 -7.12807 319.694 921.994 3265.58 -0.262003 -8.46435 9.11467 -319.694 1436.71 -1057.03 0.262003
3.9278 -8.13608 319.973 1145.8 2253.81 -0.255778 -6.31189 9.58484 -319.973 1428.08 -759.558 0.255778
0.236614 -6.218 320.338 851.9 1029.39 -0.235008 -3.5746 6.29901 -320.338 966.331 -472.189 0.235008
-4.45128 -2.21477 321.157 242.542 -423.167 -0.199076 0.708992 1.11459 -321.157 241.285 -326.479 0.199076
-10.1102 2.54721 321.855 -392.286 -2102.66 -0.147507 6.31165 -3.81674 -321.855 -531.749 -286.818 0.147507
-15.7703 6.38531 322.329 -836.03 -3846.4 -0.0806123 11.7616 -7.64363 -322.329 -1201.17 -161.186 0.0806123
-19.4664 8.28236 321.25 -1001.35 -5395.8 -0.000792332 16.1493 -10.0371 -321.25 -1658.67 209.527 0.000792332
-22.2885 7.8308 321.295 -787.257 -6756.13 0.0881565 19.1545 -9.83571 -321.295 -1777.28 718.905 -0.0881565
-25.0746 5.02528 321.885 -198.983 -8014.5 0.182603 21.9534 -6.74242 -321.885 -1507.83 1161.67 -0.182603
-27.6703 0.142317 321.541 685.313 -9163.38 0.278826 24.9827 -1.46566 -321.541 -915.277 1489.52 -0.278826
-29.7203 -6.08078 320.695 1720.18 -10130.6 0.372123 27.4101 4.79742 -320.695 -135.289 1802.93 -0.372123
-30.6743 -11.9574 320.694 2724.36 -10855.5 0.457203 28.8776 11.2871 -320.694 657.936 2173.12 -0.457203
-30.6747 -16.7253 320.297 3547.05 -11322.7 0.529147 29.3217 16.6733 -320.297 1311.14 2573.55 -0.529147
-30.1248 -19.6335 319.088 4058.09 -11569.5 0.583866 29.3374 20.0071 -319.088 1707.36 2896.63 -0.583866
-29.0885 -19.9479 317.817 4184.53 -11615.7 0.618379 29.4386 21.1264 -317.817 1789.32 3078.26 -0.618379
-27.9203 -17.2839 316.78 3869.54 -11428.5 0.630997 28.9735 19.7172 -316.78 1512.33 3128.93 -0.630997
-26.3376 -12.4626 315.759 3104.55 -10976.4 0.620904 27.9875 14.8463 -315.759 868.647 3051.57 -0.620904
-24.1794 -5.70218 314.843 1986.7 -10242.8 0.587833 26.6369 7.62681 -314.843 -45.3639 2830.42 -0.587833
-21.8584 2.37443 314.478 660.278 -9207.62 0.532514 24.3656 -0.492113 -314.478 -1072.85 2466.09 -0.532514
-18.7128 10.3137 314.444 -700.509 -7846.38 0.456922 21.5356 -8.56449 -314.444 -2039.34 1977.66 -0.456922
-14.2419 17.2824 314.84 -1976.82 -6086.89 0.363742 17.567 -15.7003 -314.84 -2813.21 1449.75 -0.363742
-8.21492 22.2516 315.904 -2983.42 -3872.34 0.256103 11.9422 -20.6021 -315.904 -3241.72 934.164 -0.256103
-1.15807 24.321 320.272 -3521.77 -1315.62 0.13768 5.50183 -22.1024 -320.272 -3223.06 345.202 -0.13768
7.07989 23.1688 325.567 -3590.84 1591.54 0.0121183 -2.38527 -20.8004 -325.567 -2798.54 -211.72 -0.0121183
16.9943 19.1102 327.84 -3171.33 4823.46 -0.117353 -12.1993 -16.6568 -327.84 -2027.56 -569.61 0.117353
25.5107 13.6448 326.703 -2586.52 7699.9 -0.246873 -20.4123 -11.5461 -326.703 -1076.87 -1007.5 0.246873
32.4486 7.89515 328.006 -2012.28 10294.2 -0.371647 -27.7045 -6.4399 -328.006 -74.9429 -1526.14 0.371647
38.471 2.14696 330.107 -1516.9 12649.8 -0.487564 -34.0528 -2.3468 -330.107 858.557 -2076.39 0.487564
44.1535 -2.52018 329.597 -1077.57 14771.3 -0.591581 -39.5557 1.77352 -329.597 1695.16 -2565.51 0.591581
49.3058 -5.68842 328.09 -737.837 16671.7 -0.680458 -44.8343 5.62496 -328.09 2374.65 -2944.21 0.680458
53.7053 -7.46722 327.529 -595.582 18310.1 -0.750659 -49.5104 7.84553 -327.529 2812.82 -3258.54 0.750659
57.0376 -7.05615 327.285 -748.346 19601.3 -0.79939 -52.961 7.93258 -327.285 2917.86 -3559.81 0.79939
58.9092 -4.01318 325.871 -1240.88 20479.2 -0.825223 -54.9564 5.63152 -325.871 2633.31 -3872.89 0.825223
59.1869 1.49282 323.988 -2080.94 20929.9 -0.827726 -55.5897 0.614553 -323.988 1943.85 -4189.52 0.827726
57.8197 8.49591 322.6 -3188.83 20954.9 -0.806748 -55.1189 -7.01447 -322.6 925.242 -4481.05 0.806748
55.368 16.9421 321.158 -4403.73 20547.7 -0.762569 -53.1743 -15.1655 -321.158 -271.71 -4713.52 0.762569
51.8437 25.588 319.183 -5579.24 19721.1 -0.696458 -50.1273 -23.1272 -319.183 -1509.31 -4844 0.696458
47.1928 33.1312 317.473 -6601.79 18496 -0.610462 -46.315 -30.5605 -317.473 -2662.64 -4852.21 0.610462
40.9614 39.3812 316.161 -7418.26 16842.7 -0.507245 -41.7756 -36.8567 -316.161 -3668.58 -4768.64 0.507245
33.7596 43.2948 313.754 -7866.47 14760.8 -0.39032 -35.7516 -41.0264 -313.754 -4393.97 -4614.66 0.39032
26.3342 44.2896 311.315 -7872.18 12325 -0.263654 -28.3904 -42.7404 -311.315 -4780.63 -4334.7 0.263654
18.8632 41.5234 310.733 -7355.57 9664.09 -0.131274 -21.3226 -41.9205 -310.733 -4774.66 -3794.45 0.131274
11.6233 36.5174 311.783 -6341.87 6760.19 0.00236521 -14.2978 -36.8033 -311.783 -4315.63 -2972.17 -0.00236521
5.12238 27.6111 314.214 -4741.18 3605.22 0.132445 -7.15792 -28.3847 -314.214 -3396.95 -1808.97 -0.132445
-1.78278 14.4299 323.708 -2394.79 83.9884 0.254588 -0.356644 -15.389 -323.708 -1938.02 -289.703 -0.254588
-11.261 -2.1836 336.037 607.55 -3846.49 0.365241 9.03936 1.25584 -336.037 -106.215 887.328 -0.365241
-21.2101 -18.1237 330.674 3230.38 -7497.43 0.461516 19.2954 15.6141 -330.674 1675.24 1591.99 -0.461516
-29.7207 -31.2173 325.169 5346.6 -10669.5 0.541313 27.8899 27.2531 -325.169 3154.7 2268.81 -0.541313
-35.97 -41.1555 329.096 7116.37 -13442.7 0.603335 34.1876 37.0841 -329.096 4259.71 3208.49 -0.603335
-40.3063 -47.673 330.448 8451.07 -15802.7 0.646772 38.5388 44.7704 -330.448 4990.9 4296.75 -0.646772
-44.4353 -50.1757 324.191 9190.72 -17879.3 0.671506 42.6432 49.1634 -324.191 5254.42 5170.07 -0.671506
-49.3011 -49.1678 319.571 9237.58 -19837.3 0.677926 48.1394 48.5401 -319.571 4971.29 5616.9 -0.677926
-54.581 -43.0141 319.825 8556.8 -21607.3 0.666518 54.6019 44.0117 -319.825 4100.47 5675.74 -0.666518
-58.8351 -33.1778 319.15 7198.81 -22892.3 0.638645 59.9515 34.5395 -319.15 2652.84 5562.28 -0.638645
-61.6271 -19.9679 315.239 5296.56 -23514.8 0.59697 62.5054 21.6444 -315.239 761.385 5407.68 -0.59697
-62.6621 -5.53501 311.928 3123.61 -23520.4 0.544682 63.2978 7.03397 -311.928 -1286.52 5149.18 -0.544682
-63.1099 7.95941 310.696 1045.3 -22989.6 0.485037 62.4812 -6.46044 -310.696 -3130.67 4674.85 -0.485037
-62.8574 18.6763 309.79 -658.821 -21965.6 0.421079 60.7376 -16.9278 -309.79 -4505.75 3945.46 -0.421079
-59.9781 25.4011 308.486 -1894.35 -20392 0.354929 58.4619 -24.2123 -308.486 -5306.92 3127.12 -0.354929
-54.0549 26.529 306.347 -2468.35 -18144.5 0.287763 53.0725 -27.6801 -306.347 -5401.74 2530.85 -0.287763
-44.5212 21.9039 305.334 -2217.38 -15217.6 0.220634 44.1335 -25.5381 -305.334 -4670.39 2296.37 -0.220634
-32.0069 11.9845 306.834 -1022.92 -11749.1 0.154557 32.9268 -15.9178 -306.834 -3026.69 2283.34 -0.154557
-18.7307 -3.38589 311.15 1043.98 -7878.71 0.0898528 20.2403 0.259841 -311.15 -510.825 2194.93 -0.0898528
-5.53483 -21.7244 318.953 3652.29 -3518.85 0.0260797 6.69242 20.5205 -318.953 2487.78 1731.44 -0.0260797
7.18441 -36.6078 332.964 5654.62 1129.13 -0.037688 -6.30651 36.4965 -332.964 4968.19 831.994 0.037688
21.0439 -44.0036 339.532 6372.63 5784.32 -0.102577 -20.2687 44.5989 -339.532 6501.09 231.536 0.102577
34.3419 -44.4241 330.575 6000.82 9920.94 -0.168639 -33.579 44.9386 -330.575 6981.91 -28.0218 0.168639
45.4113 -38.7778 327.146 4781.76 13477.1 -0.234101 -43.8187 39.7363 -327.146 6623.04 -477.633 0.234101
52.6645 -28.7581 333.774 2957.8 16377 -0.296754 -50.0954 29.7652 -333.774 5540.4 -1400.58 0.296754
57.5246 -14.2981 334.021 472.159 18678.8 -0.354846 -53.3768 14.8841 -334.021 3760.67 -2510.19 0.354846
60.962 3.22052 329.319 -2339.12 20575.5 -0.406507 -56.516 -2.30278 -329.319 1527.29 -3444.33 0.406507
64.6819 21.0349 327.669 -5142.5 22220.6 -0.44952 -59.8189 -20.1137 -327.669 -847.489 -4063 0.44952
67.8776 36.6028 328.365 -7606.41 23530.6 -0.481785 -62.5251 -35.9545 -328.365 -2948.97 -4510.41 0.481785
69.125 47.9631 326.735 -9411.33 24348.1 -0.501778 -63.6414 -47.5081 -326.735 -4474.68 -4981.35 0.501778
67.7851 54.085 322.493 -10430.1 24631.7 -0.508831 -63.1564 -54.0296 -322.493 -5293.49 -5528.88 0.508831
65.5576 54.9073 319.673 -10586 24506 -0.503056 -61.2648 -54.8312 -319.673 -5373.54 -6001.61 0.503056
63.5472 51.0073 318.843 -9916.23 24116.7 -0.484802 -59.5905 -50.0911 -318.843 -4787.46 -6148.69 0.484802
62.358 42.9401 317.764 -8582.09 23499.8 -0.454941 -58.5681 -41.2937 -317.764 -3670.19 -5855.83 0.454941
61.6933 31.2672 316.26 -6769.13 22606.5 -0.415712 -57.4393 -30.2574 -316.26 -2182.14 -5227.44 0.415712
60.103 18.116 316.173 -4648.48 21363.5 -0.37037 -55.6943 -16.9676 -316.173 -459.487 -4474.3 0.37037
56.6654 5.14949 316.182 -2544.18 19672.5 -0.322419 -52.2374 -3.97786 -316.182 1209.17 -3791.39 0.322419
51.1336 -5.71196 315.472 -744.885 17512.6 -0.275452 -46.5712 6.60108 -315.472 2526.67 -3265.74 0.275452
43.0462 -12.9797 314.781 583.248 14939.3 -0.232652 -39.6663 13.7613 -314.781 3296.26 -2878.81 0.232652
33.3056 -14.909 313.115 1199.63 12027.3 -0.196144 -31.6166 16.504 -313.115 3359.97 -2560.41 0.196144
22.5935 -11.9521 312.781 1080.72 8820.36 -0.166884 -22.5404 14.086 -312.781 2699.07 -2237.81 0.166884
11.3511 -4.34635 315.797 290.784 5255.85 -0.144577 -12.0331 6.81572 -315.797 1328.76 -1842.92 0.144577
-0.757406 7.76972 322.419 -1175.14 1115.29 -0.127666 0.208923 -4.53854 -322.419 -613.985 -1250.3 0.127666
-13.3429 19.8826 331.694 -2684.65 -3167.57 -0.113316 12.3169 -16.5914 -331.694 -2614.28 -565.904 0.113316
-25.9376 28.1674 329.717 -3532.91 -7256.59 -0.0973595 25.7235 -24.7586 -329.717 -4155.43 -265.01 0.0973595
-36.3745 33.1519 322.012 -3911.4 -10685.4 -0.0758226 37.0593 -29.4195 -322.012 -5177.39 -8.76068 0.0758226
-44.1589 35.092 321.582 -3896.46 -13526.5 -0.0471649 45.1237 -31.2561 -321.582 -5740.09 520.774 0.0471649
-48.9138 34.1523 323.965 -3520.82 -15729.8 -0.0115512 49.9704 -30.2835 -323.965 -5836.77 1320.75 0.0115512
-51.8561 30.1147 320.241 -2715.56 -17363.3 0.031289 52.9022 -26.1391 -320.241 -5452.12 2094.98 -0.031289
-53.9881 23.3256 315.783 -1566.8 -18550 0.0815071 55.0768 -19.5601 -315.783 -4657.59 2652.1 -0.0815071
-54.9221 14.616 315.997 -213.651 -19285.9 0.137793 56.6109 -11.4818 -315.997 -3570.7 3026.56 -0.137793
-53.965 5.26164 317.046 1173.98 -19412.5 0.198257 56.176 -2.62643 -317.046 -2311.88 3354.06 -0.198257
-50.6455 -4.72665 314.213 2512.15 -18821.4 0.261309 52.8859 5.74255 -314.213 -982.529 3724.6 -0.261309
-44.9269 -14.191 311.694 3756.7 -17585.5 0.3249 47.5115 13.9903 -311.694 346.402 4103.34 -0.3249
-38.5842 -22.0743 312.351 4861.61 -15850.5 0.386369 40.234 22.4003 -312.351 1608.62 4351.21 -0.386369
-32.6594 -28.8076 313.375 5703.47 -13776.9 0.443136 32.4085 28.8447 -313.375 2680.83 4280.87 -0.443136
-26.18 -32.9183 311.561 6071.95 -11513.2 0.492247 26.3996 32.3174 -311.561 3413.14 3838.75 -0.492247
-19.3522 -32.8017 311.049 5889.16 -9020.89 0.529977 20.0815 33.0704 -311.049 3687.05 3264.26 -0.529977
-10.8394 -28.8168 313.577 5131.76 -6156.06 0.553072 12.065 29.7352 -313.577 3379.31 2809.06 -0.553072
-0.0993464 -20.1652 316.611 3657.01 -2904.5 0.559556 3.30708 21.9051 -316.611 2457.6 2398.93 -0.559556
10.0737 -6.69471 324.803 1322.6 563.22 0.54792 -5.28897 9.00677 -324.803 959.156 1667.43 -0.54792
19.4055 8.60671 335.37 -1458.19 4315.9 0.516731 -15.0435 -6.70714 -335.37 -768.172 697.921 -0.516731
26.5547 21.1859 329.166 -3720.8 7500.49 0.465613 -22.05 -20.0223 -329.166 -2269.83 -419.904 -0.465613
33.2843 30.0675 326.456 -5313.59 10410.6 0.396322 -28.8948 -28.8863 -326.456 -3257.37 -1347.94 -0.396322
40.5872 34.671 331.172 -6302.8 13262.6 0.311956 -36.6127 -33.987 -331.172 -3680.13 -2007.5 -0.311956
47.4525 35.2252 331.219 -6640.59 15903.3 0.215407 -44.2575 -34.731 -331.219 -3532.48 -2531.19 -0.215407
53.7335 32.4015 326.898 -6377.85 18221.4 0.109671 -50.6346 -31.2434 -326.898 -2879.12 -3003.16 -0.109671
59.1235 27.4187 327 -5774.38 20210.4 -0.00179916 -56.012 -25.4762 -327 -1921.41 -3421.01 0.00179916
63.5628 21.3 328.827 -5032.24 21847.2 -0.115787 -60.9581 -19.4158 -328.827 -894.522 -3688.44 0.115787
67.3855 15.9727 326.66 -4337.01 23028.3 -0.229369 -64.4629 -13.8484 -326.66 -6.97469 -3801.71 0.229369
69.7148 11.5263 323.307 -3818.64 23699.6 -0.339486 -66.4215 -10.4454 -323.307 615.174 -3848.68 0.339486
69.8556 8.61023 322.436 -3502.53 23827.1 -0.442723 -66.5958 -8.81028 -322.436 960.398 -3929.99 0.442723
67.9989 7.2423 321.878 -3330.57 23377.7 -0.535787 -64.4659 -8.16374 -321.878 1081.33 -4060.96 0.535787
64.2525 7.02535 319.34 -3235.36 22388.7 -0.616124 -60.6963 -8.01536 -319.34 1039.66 -4167.14 0.616124
59.0768 7.14558 316.764 -3159.22 20950.3 -0.68141 -55.8991 -8.35703 -316.764 897.049 -4182.3 0.68141
53.1 7.31774 315.639 -3038.91 19126.3 -0.729266 -49.9693 -8.56892 -315.639 721.739 -4093.64 0.729266
46.1465 6.78109 315.007 -2805.06 16948 -0.758287 -43.2292 -8.4375 -315.007 585.939 -3911.5 0.758287
38.504 4.10806 313.424 -2332.07 14459.9 -0.768078 -35.5981 -7.65264 -313.424 616.595 -3650.25 0.768078
30.6303 -0.1011 312.788 -1463.29 11751.5 -0.758162 -27.3309 -3.46465 -312.788 969.275 -3295.19 0.758162
22.7017 -7.14453 314.041 -112.735 8925.48 -0.728535 -19.4345 3.81506 -314.041 1701.27 -2777 0.728535
14.6676 -17.4481 316.711 1701.9 5945.64 -0.680883 -11.8249 13.1216 -316.711 2737.38 -2078.95 0.680883
6.13075 -28.6276 321.416 3802.17 2692.03 -0.61806 -3.65827 24.4412 -321.416 3907.68 -1261.21 0.61806
-2.25332 -38.131 329.789 5644.06 -626.178 -0.543165 4.52527 34.5705 -329.789 4920.3 -359.362 0.543165
-11.6561 -44.8785 329.888 6937.62 -3952.57 -0.459224 13.6661 41.6638 -329.888 5639.6 263.905 0.459224
-20.0725 -47.9163 323.867 7597.12 -6884.55 -0.368884 22.3739 45.0533 -323.867 5915.39 699.998 0.368884
-26.7554 -47.2422 322.361 7685.49 -9337.55 -0.274741 28.9724 44.7207 -322.361 5681.96 1216.07 0.274741
-31.4232 -43.0972 324.255 7230.03 -11311 -0.179879 33.5002 40.5913 -324.255 4936.14 1846.82 0.179879
-34.8206 -35.9945 322.577 6326.31 -12830.2 -0.0871155 36.7659 33.4956 -322.577 3777.31 2392.8 0.0871155
-38.0275 -27.1027 318.498 5092.86 -14024.1 0.00220264 39.8204 24.4153 -318.498 2399.54 2673.68 -0.00220264
-40.81 -17.9993 317.558 3762.95 -14896.2 0.087917 42.7272 14.8333 -317.558 1014.53 2716.93 -0.087917
-42.2261 -10.6059 317.877 2651.36 -15288.1 0.169417 44.1564 6.73961 -317.877 -124.245 2694.42 -0.169417
-41.4401 -6.12684 315.744 1919.13 -15096.3 0.244916 43.2845 1.38698 -315.744 -820.835 2744.25 -0.244916
-38.3945 -5.06825 313.326 1707.99 -14340.4 0.312393 40.0296 0.213718 -313.326 -934.304 2905.76 -0.312393
-33.8403 -8.12947 313.373 2072.94 -13134.9 0.370213 35.1213 3.13013 -313.373 -431.031 3077.98 -0.370213
-28.3367 -15.1742 314.574 3003.11 -11564 0.41677 29.4396 10.0128 -314.574 662.04 3136.09 -0.41677
-22.2341 -24.8542 314.882 4349.59 -9671.93 0.4505 23.1692 20.1568 -314.882 2195.43 3046.76 -0.4505
-14.9924 -35.8659 316.419 5873.1 -7431.8 0.47008 15.9174 31.3014 -316.419 3890.66 2918.1 -0.47008
-6.21976 -46.4069 319.248 7346.77 -4813.53 0.474296 7.00283 41.988 -319.248 5500.78 2875.76 -0.474296
3.06319 -54.3671 322.646 8413.8 -2017.97 0.462394 -2.42819 50.2272 -322.646 6787 2805.76 -0.462394
11.5663 -58.7949 323.836 8881.57 733.183 0.434399 -11.1553 54.8025 -323.836 7626.63 2564.96 -0.434399
18.8959 -58.8416 324.392 8654.19 3355.08 0.39078 -18.8671 55.0473 -324.392 7895.4 2135.35 -0.39078
25.0957 -54.0886 325.162 7700.83 5737.67 0.332604 -25.5651 50.6375 -325.162 7516.26 1633.29 -0.332604
30.4161 -44.3211 325.333 6016.94 7806.52 0.262043 -30.9843 41.6331 -325.333 6471.29 1130.74 -0.262043
33.9676 -30.7666 325.435 3755.7 9438.63 0.182195 -34.7033 28.3582 -325.435 4832.89 560.171 -0.182195
35.6524 -14.3958 325.772 1101.26 10606.8 0.0968522 -36.553 11.872 -325.772 2712.05 -90.0716 -0.0968522
36.24 2.75475 325.454 -1538 11323.8 0.0103026 -36.4605 -4.99836 -325.454 407.141 -731.73 -0.0103026
35.8055 17.0404 323.426 -3762.71 11688.2 -0.0735637 -35.6835 -19.7978 -323.426 -1594.94 -1269.96 0.0735637
35.3509 26.8226 321.94 -5288.16 11821 -0.1517 -34.566 -29.9982 -321.94 -2973.48 -1630.02 0.1517
34.8345 30.8497 320.605 -5932.21 11766.1 -0.221307 -33.1249 -34.3445 -320.605 -3546.31 -1859.22 0.221307
33.9349 29.0594 319.113 -5673.5 11551.6 -0.279739 -31.7096 -32.7372 -319.113 -3311.17 -1981.58 0.279739
32.7223 22.6457 318.545 -4585.12 11210.5 -0.325362 -30.4656 -24.8617 -318.545 -2322.9 -1998.48 0.325362
31.7291 11.3647 319.378 -2852.37 10761.3 -0.357863 -29.1249 -13.3831 -319.378 -748.177 -1889.96 0.357863
30.1569 -2.33068 320.233 -762.007 10145 -0.377588 -27.8995 0.11938 -320.233 1113.93 -1682.24 0.377588
28.0833 -15.7164 320.065 1365.63 9311.98 -0.385062 -25.9696 13.8588 -320.065 2928.29 -1433.7 0.385062
25.0135 -27.866 320.427 3284.74 8218.21 -0.380996 -22.8846 25.1964 -320.427 4422.62 -1237.32 0.380996
20.9873 -36.7606 320.51 4735.23 6920.24 -0.366254 -19.1205 33.4349 -320.51 5462.33 -1074.73 0.366254
16.7855 -41.9834 320.213 5672.59 5476.48 -0.341872 -14.6873 38.4752 -320.213 6016.88 -889.419 0.341872
13.0241 -43.7095 319.758 6083.84 3972.56 -0.309309 -9.86503 40.0712 -319.758 6088.88 -636.68 0.309309
9.04966 -41.5577 319.844 5953.01 2480.81 -0.270321 -5.84797 38.5203 -319.844 5682.15 -310.087 0.270321
4.801 -35.9818 320.444 5304.31 976.628 -0.226581 -1.47999 33.721 -320.444 4823.63 -61.6812 0.226581
-0.0807594 -27.2464 320.812 4136.13 -558.76 -0.179697 3.95717 25.5943 -320.812 3541.95 -28.9611 0.179697
-6.13084 -15.6169 321.827 2473.67 -2073.69 -0.131114 9.39485 14.4725 -321.827 1898.98 -185.936 0.131114
-11.6387 -3.32796 321.004 629.645 -3408.24 -0.0819351 14.3777 2.19091 -321.004 173.271 -377.834 0.0819351
-15.4857 7.19015 318.716 -944.99 -4336.66 -0.0334561 17.4762 -8.40629 -318.716 -1319.9 -460.317 0.0334561
-18.2358 14.2527 318.488 -2034.05 -4966.23 0.0123487 19.2769 -16.0998 -318.488 -2374.74 -493.286 -0.0123487
-19.768 17.5667 319.078 -2514.98 -5355.14 0.0532148 20.5532 -19.4784 -319.078 -2866.17 -513.308 -0.0532148
-20.2473 16.7291 317.895 -2399.11 -5489.48 0.0870555 20.5786 -19.0835 -317.895 -2802.89 -452.686 -0.0870555
-19.3948 12.0769 317.221 -1706.07 -5369.19 0.111964 19.216 -14.8022 -317.221 -2197.82 -251.192 -0.111964
-17.0687 4.46903 318.575 -512.348 -5018.65 0.126218 16.9566 -6.88209 -318.575 -1135.34 64.6634 -0.126218
-13.9932 -5.10787 319.351 977.505 -4468.14 0.12862 13.7201 2.99234 -319.351 201.062 431.704 -0.12862
-10.6367 -15.4314 319.323 2546.98 -3771.86 0.118897 9.95157 13.2451 -319.323 1621.23 771.376 -0.118897
-7.68722 -24.6309 320.235 3952.14 -3046.94 0.0976803 6.34837 22.623 -320.235 2915.33 999.415 -0.0976803
-5.27642 -31.3554 321.714 4982.26 -2402.81 0.0662476 3.66119 29.7145 -321.714 3892.69 1097.04 -0.0662476
-2.92483 -35.1153 321.108 5556.67 -1814.25 0.0264188 1.41851 33.8527 -321.108 4465.83 1177.09 -0.0264188
-0.913507 -35.6472 319.745 5629.5 -1291.53 -0.0195763 -0.916442 34.6175 -319.745 4581.28 1286.82 0.0195763
0.588241 -33.0024 319.986 5219.36 -883.529 -0.0690703 -2.69165 32.189 -319.986 4254.05 1355.75 0.0690703
1.12028 -27.2576 320.536 4346.63 -655.037 -0.118818 -3.22392 26.7446 -320.536 3500.7 1282.57 0.118818
0.340186 -18.6508 320.516 3023.56 -629.909 -0.165368 -2.55742 18.4045 -320.516 2361.16 1047.85 0.165368
-1.19596 -7.79443 320.651 1328.49 -758.522 -0.205414 -1.14386 7.76298 -320.651 932.512 748.31 0.205414
-2.39585 3.2459 320.466 -416.191 -935.846 -0.235636 0.389012 -3.24569 -320.466 -526.51 528.762 0.235636
-3.08328 12.6368 319.987 -1882.69 -1091.67 -0.252955 1.3827 -12.5655 -319.987 -1778.64 440.28 0.252955
-3.57621 18.8492 319.671 -2831.55 -1222.69 -0.255094 1.93627 -18.6171 -319.671 -2611.75 419.076 0.255094
-3.96047 21.2289 319.49 -3186.03 -1345.82 -0.240425 2.59588 -20.9363 -319.49 -2940.02 390.349 0.240425
-4.12106 19.9101 319.092 -2973.65 -1428.58 -0.207984 3.07652 -19.5949 -319.092 -2765.81 379.769 0.207984
-3.68748 14.9697 319.441 -2227.44 -1414.22 -0.158269 2.84684 -15.0188 -319.441 -2129.23 461.606 0.158269
-2.61712 7.44312 320.262 -1066.59 -1285.72 -0.0934361 1.76868 -7.7905 -320.262 -1146.18 645.134 0.0934361
-1.16984 -1.14118 320.681 277.754 -1082.69 -0.0167381 0.384446 0.66543 -320.681 -14.6091 853.454 0.0167381
0.275046 -9.13114 320.687 1525.05 -868.375 0.0678422 -0.621923 8.54697 -320.687 1044.17 995.376 -0.0678422
1.53507 -15.1101 320.983 2455.41 -651.194 0.155949 -1.32929 14.5444 -320.983 1853.93 1064.29 -0.155949
2.21684 -17.9045 321.138 2930.27 -435.751 0.243317 -2.21577 18.0564 -321.138 2295.35 1077.1 -0.243317
2.83232 -17.7449 320.535 2922.06 -231.488 0.325916 -2.64952 18.3675 -320.535 2325.5 1025.82 -0.325916
3.17087 -14.4497 320.227 2424.32 -53.5868 0.399946 -2.64614 15.5484 -320.227 1934.71 897.27 -0.399946
2.95089 -7.88975 320.574 1439.46 87.689 0.462013 -2.40933 9.89384 -320.574 1144.68 690.393 -0.462013
2.34564 1.11173 320.516 23.5424 186.22 0.509344 -1.75726 1.38916 -320.516 16.8592 410.051 -0.509344
1.56735 11.4203 319.998 -1643.4 266.948 0.539948 -0.826237 -8.98981 -319.998 -1322.21 81.8844 -0.539948
0.607054 22.0253 320.353 -3299.09 350.105 0.552859 0.0248332 -19.184 -320.353 -2688.83 -263.521 -0.552859
-0.34331 31.1745 320.791 -4714.91 447.602 0.548179 0.710164 -28.0251 -320.791 -3887.34 -597.772 -0.548179
-0.970935 38.2451 320.017 -5815.75 558.708 0.526781 1.31675 -35.0194 -320.017 -4830.54 -887.381 -0.526781
-1.36454 42.7845 318.694 -6547.85 686.959 0.490186 1.60888 -39.7921 -318.694 -5451.79 -1114.54 -0.490186
-1.53731 44.4882 318.174 -6845.93 830.915 0.440459 1.61193 -41.7584 -318.174 -5687.14 -1283.41 -0.440459
-1.45626 43.2224 317.982 -6676.8 983.302 0.379751 1.48215 -40.55 -317.982 -5496.78 -1404.63 -0.379751
-0.787023 38.9031 317.704 -6057.36 1161.69 0.31012 1.23255 -36.5293 -317.704 -4904.28 -1449.1 -0.31012
0.375435 32.2944 317.989 -5054.3 1393.7 0.233592 0.296446 -29.8544 -317.989 -3977.02 -1375.92 -0.233592
2.10392 23.9379 319.386 -3771.2 1680.2 0.151826 -1.22455 -21.3074 -319.386 -2803.88 -1190.11 -0.151826
4.10178 14.7478 320.576 -2363.38 1987.54 0.0659772 -2.8074 -12.1996 -320.576 -1552.99 -977.088 -0.0659772
5.28901 7.08728 320.162 -1147.39 2209.67 -0.0227352 -3.89215 -4.27264 -320.162 -504.157 -869.001 0.0227352
5.62521 2.47589 319.869 -416.579 2315.55 -0.112406 -4.1527 0.516432 -319.869 130.862 -887.998 0.112406
5.5711 1.56271 320.518 -282.406 2348.98 -0.20039 -3.92106 1.41093 -320.518 259.311 -962.747 0.20039
4.92436 3.7083 320.513 -653.72 2327.88 -0.28364 -3.79883 -1.08728 -320.513 -44.1282 -1053.23 0.28364
4.01921 7.28596 319.722 -1291.04 2228.08 -0.359015 -3.06141 -5.55192 -319.722 -575.346 -1191.98 0.359015
2.85566 10.5347 319.504 -1889.62 2065.64 -0.423632 -1.85578 -9.87349 -319.504 -1076.73 -1373.71 0.423632
1.64638 12.5713 319.713 -2207.84 1903.12 -0.475376 -0.953997 -11.8908 -319.713 -1347.53 -1517.94 0.475376
1.14426 12.3833 319.419 -2162.84 1788.74 -0.513206 -0.458952 -11.5641 -319.419 -1317.71 -1548.62 0.513206
1.61188 10.062 319.302 -1779.34 1748.03 -0.537047 -0.472332 -9.1332 -319.302 -1010.67 -1438.35 0.537047
2.4415 6.08283 319.83 -1141.89 1770.63 -0.547485 -1.23495 -5.21721 -319.83 -500.91 -1229.98 0.547485
3.49202 1.36926 320.171 -375.244 1821.12 -0.54544 -2.06011 -0.414785 -320.171 115.147 -1008.3 0.54544
4.51055 -3.27401 320.244 384.273 1880.97 -0.531919 -2.79858 4.39497 -320.244 729.18 -813.161 0.531919
5.35237 -7.26013 320.63 1015.92 1965.26 -0.507955 -3.82864 8.29702 -320.63 1243.71 -625.671 0.507955
6.48354 -9.97315 320.971 1441.13 2082.56 -0.474727 -4.87277 10.8994 -320.971 1590.85 -427.046 0.474727
7.74301 -11.04 320.966 1619.06 2225.91 -0.433586 -6.01162 12.0215 -320.966 1731 -222.009 0.433586
8.65783 -10.3222 320.972 1522.82 2372.61 -0.385894 -7.30604 11.4649 -320.972 1642.07 -47.7259 0.385894
9.09969 -7.6474 321.07 1134.48 2473.22 -0.332891 -8.13426 9.19206 -321.07 1311.51 36.261 0.332891
9.10408 -3.30553 321.051 460.002 2502.76 -0.275745 -8.24932 4.98672 -321.051 744.074 24.1922 0.275745
8.65381 2.51306 320.86 -446.183 2472.25 -0.21569 -8.11153 -0.683244 -320.86 -19.0209 -30.6533 0.21569
7.97965 9.24924 320.663 -1483.37 2383.02 -0.153945 -7.7514 -7.13295 -320.663 -897.72 -91.6779 0.153945
7.11775 15.6356 320.433 -2490.4 2230.52 -0.0913696 -7.11248 -13.6663 -320.433 -1767.9 -157.304 0.0913696
6.01379 20.4539 320.093 -3279.6 2023.44 -0.0283303 -6.29101 -19.1069 -320.093 -2469.31 -230.169 0.0283303
4.77967 23.1652 319.537 -3697.05 1769.57 0.0350017 -5.33843 -21.9786 -319.537 -2863.03 -294.377 -0.0350017
3.63967 22.514 319.004 -3669.06 1486.41 0.098217 -4.45738 -22.5078 -319.004 -2873.19 -305.432 -0.098217
2.59655 18.5937 318.907 -3111.83 1184.15 0.160605 -3.97919 -19.538 -318.907 -2429.13 -225.022 -0.160605
1.52295 11.5377 319.625 -1975.21 848.249 0.221508 -3.91117 -12.4852 -319.625 -1515.55 -56.0833 -0.221508
0.573909 1.30647 320.562 -377.137 443.231 0.280345 -3.67752 -3.05381 -320.562 -256.476 175.664 -0.280345
-0.253454 -9.84732 321.222 1410.85 -58.9963 0.336117 -3.10491 7.65333 -321.222 1132.16 472.663 -0.336117
-1.5476 -19.8163 322.089 3036.36 -713.163 0.387419 -2.34429 17.5344 -322.089 2391.24 826.087 -0.387419
-2.93404 -27.1515 323.031 4226.99 -1529.43 0.433117 -0.739186 24.5805 -323.031 3290.76 1205.14 -0.433117
-5.07884 -30.4096 322.521 4888.83 -2497.9 0.472705 1.3884 28.9101 -322.521 3731.99 1550.05 -0.472705
-8.14947 -30.1052 321.969 4959.18 -3613.73 0.506097 4.21446 29.0749 -321.969 3641.87 1806.14 -0.506097
-12.1436 -25.726 322.218 4390.91 -4893.54 0.533462 8.19394 25.0527 -322.218 2989.87 1924.34 -0.533462
-16.9471 -17.0614 322.072 3242.08 -6266.38 0.555152 12.91 17.5868 -322.072 1795.28 1910.96 -0.555152
-22.1404 -6.12115 321.855 1653.39 -7638.57 0.571466 18.0226 6.36606 -321.855 164.284 1782.74 -0.571466
-27.2224 6.39187 321.246 -141.119 -8942.31 0.582457 23.3504 -5.95754 -321.246 -1649.76 1571.19 -0.582457
-31.7288 18.4637 320.764 -1817.46 -10094.8 0.588085 28.3415 -17.1033 -320.764 -3346.89 1341.14 -0.588085
-35.385 28.7407 319.912 -3240.6 -11022 0.588397 32.156 -26.5193 -319.912 -4785.24 1180.74 -0.588397
-37.5291 36.4754 318.496 -4326.15 -11682.4 0.58344 35.0504 -33.7295 -318.496 -5871.28 1107.53 -0.58344
-38.8545 41.2446 316.688 -4979.41 -12079.1 0.573102 36.7059 -37.9648 -316.688 -6526.44 1070.23 -0.573102
-39.6473 42.3741 315.298 -5127.72 -12226.9 0.557093 37.3342 -38.9402 -315.298 -6683.96 1011.35 -0.557093
-39.3411 39.9226 314.448 -4735.29 -12119.2 0.53503 37.5179 -36.1367 -314.448 -6312.76 922.064 -0.53503
-38.1786 34.0437 313.945 -3845.46 -11709.3 0.50637 36.2023 -29.9224 -313.945 -5445.32 873.494 -0.50637
-35.7245 25.4528 314.231 -2599.35 -10977.8 0.470069 33.3538 -21.3204 -314.231 -4193.21 914.323 -0.470069
-31.9446 15.2212 315.262 -1146.73 -9973.92 0.424676 29.6591 -11.2249 -315.262 -2692.35 998.906 -0.424676
-27.6132 5.24653 315.915 260.087 -8761.05 0.368856 25.3666 -1.15557 -315.915 -1187.03 1042.03 -0.368856
-22.8015 -2.63313 316.198 1341.21 -7380.22 0.301632 20.9151 6.75341 -316.198 25.4954 1010.54 -0.301632
-17.9212 -6.50468 316.473 1807.22 -5884.55 0.222574 16.2506 10.5921 -316.473 679.213 905.464 -0.222574
-13.2029 -5.59931 317.487 1542.15 -4317.96 0.132216 11.7481 9.68861 -317.487 680.822 682.603 -0.132216
-9.09329 -0.0320462 318.54 531.024 -2715.49 0.0323315 7.50964 4.10419 -318.54 70.9669 297.253 -0.0323315
-6.03146 8.7466 320.435 -1035.43 -1209.8 -0.0740802 4.38499 -4.94968 -320.435 -954.264 -305.231 0.0740802
-3.35485 18.3103 322.225 -2729.82 189.028 -0.183242 1.91133 -15.011 -322.225 -2112.09 -951.393 0.183242
0.504829 26.5035 322.637 -4155.41 1643.88 -0.291269 -1.16631 -23.5375 -322.637 -3116.65 -1394.24 0.291269
5.24272 31.8408 321.831 -5094.24 3120.66 -0.394351 -5.15947 -29.1774 -321.831 -3773.58 -1598.78 0.394351
9.32887 34.6578 321.252 -5538.81 4475.16 -0.488701 -9.12011 -31.1227 -321.252 -4021.68 -1780.67 0.488701
12.6615 34.5853 321.71 -5568.78 5641.87 -0.570971 -11.8955 -30.4391 -321.71 -3882.45 -2056.59 0.570971
14.8322 32.0508 321.963 -5271.62 6646.86 -0.638442 -14.545 -27.9411 -321.963 -3448.86 -2358.17 0.638442
16.4243 28.3487 321.486 -4749.8 7515.68 -0.688643 -17.3653 -23.8466 -321.486 -2838.16 -2583.34 0.688643
18.6293 23.6682 321.319 -4136.58 8226.1 -0.7193 -19.4461 -19.7005 -321.319 -2169.08 -2669.13 0.7193
20.4051 18.682 321.233 -3480.78 8763.74 -0.728663 -21.8195 -15.5412 -321.233 -1496.11 -2602.73 0.728663
21.3091 13.5476 320.596 -2798.98 9049.44 -0.715716 -23.8553 -11.4503 -320.596 -837.414 -2460.97 0.715716
21.7549 8.24889 319.772 -2071.55 9012.07 -0.680272 -24.1042 -7.25509 -319.772 -185.197 -2323.19 0.680272
21.1342 3.56343 319.442 -1320.72 8669.85 -0.622923 -23.6453 -2.5359 -319.442 430.76 -2139.2 0.622923
19.8441 -0.955576 319.16 -623.796 8056.54 -0.544971 -22.9149 1.20928 -319.16 935.045 -1821.78 0.544971
18.1659 -4.63896 318.562 -19.1112 7142.2 -0.448565 -21.3051 4.08625 -318.562 1284.11 -1388.45 0.448565
15.3198 -6.99535 318.262 475.793 5868.89 -0.336717 -18.6403 6.2669 -318.262 1449.05 -919.924 0.336717
10.8881 -7.97573 318.788 816.36 4160.91 -0.212922 -14.3682 7.26084 -318.788 1396.04 -481.283 0.212922
5.09286 -7.35942 319.705 939.287 1982.03 -0.0807401 -8.06656 6.67703 -319.705 1099.52 -65.27 0.0807401
-0.935565 -5.28679 323.637 810.268 -329.466 0.056475 -1.88501 4.40429 -323.637 598.117 466.292 -0.056475
-8.02725 -3.15834 325.691 674.416 -2855 0.195905 5.34753 2.02078 -325.691 79.3479 904.44 -0.195905
-14.5179 -2.06258 323.765 674.182 -5274.82 0.334725 13.0603 0.397329 -323.765 -314.6 1254.48 -0.334725
-19.7578 -2.19504 322.521 868.795 -7343.23 0.468937 19.0818 0.294253 -322.521 -504.043 1680.7 -0.468937
-23.9612 -3.61717 323.443 1253.26 -9085.8 0.593986 23.4304 1.70652 -323.443 -475.777 2175 -0.593986
-27.5679 -5.93653 322.941 1764.64 -10549 0.706208 26.9346 4.3092 -322.941 -271.18 2600.08 -0.706208
-30.9096 -8.59594 320.787 2300.51 -11772.7 0.802499 30.1224 7.36654 -320.787 24.2605 2871.32 -0.802499
-34.0428 -11.2613 319.724 2783.14 -12766.6 0.879697 32.9478 10.0846 -319.724 324.371 2996.53 -0.879697
-36.3263 -13.2111 319.585 3141.28 -13471.4 0.935087 34.9952 12.2041 -319.585 557.895 3069.93 -0.935087
-37.6129 -14.1197 318.6 3325.66 -13838.7 0.966952 35.6546 13.3351 -318.6 670.071 3153.45 -0.966952
-37.5979 -14.161 317.088 3322.24 -13897.1 0.974536 35.5495 13.1188 -317.088 648.078 3229.06 -0.974536
-36.869 -13.2156 316.305 3154.9 -13705.9 0.957853 34.9232 11.9993 -316.305 515.259 3235.39 -0.957853
-36.0686 -11.4549 315.948 2859.52 -13304.9 0.917673 33.7515 10.3022 -315.948 307.935 3122.33 -0.917673
-34.8981 -9.2493 315.362 2465.98 -12712.9 0.855419 32.521 8.05913 -315.362 54.6706 2881.45 -0.855419
-33.2818 -6.67682 314.764 2012.56 -11923.7 0.772944 30.9041 5.64721 -314.764 -216.662 2564.87 -0.772944
-31.0299 -4.09412 314.64 1533.71 -10924.2 0.672577 28.5405 3.12785 -314.64 -479.718 2239.42 -0.672577
-27.8683 -1.74847 314.889 1071.24 -9721.34 0.557321 25.6637 0.821445 -314.889 -693.812 1917.75 -0.557321
-24.1417 0.186635 315.116 672.186 -8335.12 0.430832 22.2414 -0.772662 -315.116 -808.219 1574.53 -0.430832
-19.8112 1.47711 315.549 372.441 -6766.17 0.297169 18.3363 -1.4708 -315.549 -798.125 1206.83 -0.297169
-14.8182 2.35485 316.631 141.978 -4999.98 0.160506 13.921 -1.36035 -316.631 -679.885 812.526 -0.160506
-9.42794 2.89935 318.107 -85.2303 -3005.81 0.0248496 8.52909 -1.23598 -318.107 -514.475 390.064 -0.0248496
-3.96009 3.76833 320.743 -350.028 -942.741 -0.106301 3.39654 -1.16338 -320.743 -366.209 -127.519 0.106301
1.10488 5.42543 323.558 -763.762 1090.79 -0.230024 -1.87533 -2.30117 -323.558 -359.427 -653.75 0.230024
6.38066 7.50513 324.628 -1370.31 3177.01 -0.343481 -8.08886 -5.68101 -324.628 -546.989 -1065.54 0.343481
10.2774 10.7915 322.665 -2035.89 4858.29 -0.443971 -12.2522 -9.01483 -322.665 -844.117 -1570.97 0.443971
12.8232 14.0981 322.866 -2682.66 6169.8 -0.529801 -14.9681 -12.4267 -322.866 -1174.29 -2113.64 0.529801
14.9172 16.2686 323.689 -3217.92 7229.95 -0.600021 -17.2715 -15.8779 -323.689 -1456.56 -2531.19 0.600021
17.4667 17.6614 322.504 -3515.84 8090.2 -0.653446 -19.3504 -17.4766 -322.504 -1593.77 -2716.33 0.653446
20.2424 17.3251 320.715 -3504.23 8773.14 -0.688948 -21.4871 -17.1002 -320.715 -1502.05 -2683.9 0.688948
22.4045 14.7567 320.647 -3157.98 9249.17 -0.706057 -23.6361 -14.7821 -320.647 -1138.36 -2532.67 0.706057
23.4443 10.2273 320.737 -2480.85 9428.42 -0.705058 -24.8199 -10.2579 -320.737 -499.919 -2388.73 0.705058
23.1719 4.23629 319.836 -1549.07 9258.12 -0.6872 -24.5512 -4.11729 -319.836 331.262 -2297.84 0.6872
21.7264 -2.0863 319.135 -530.71 8778.56 -0.654452 -23.5074 2.46323 -319.135 1188.08 -2181.58 0.654452
19.7002 -7.51792 319.033 382.698 8026.14 -0.608844 -21.848 8.10032 -319.033 1883.41 -1967.09 0.608844
17.0677 -11.0789 318.843 1051.06 6982.35 -0.552276 -19.4483 11.8257 -318.843 2274.28 -1657.76 0.552276
13.5973 -12.0197 318.264 1366.27 5614.36 -0.486426 -15.8798 13.0005 -318.264 2267.02 -1316.56 0.486426
9.2445 -9.89871 318.574 1242.08 3907.74 -0.412485 -10.8639 11.1046 -318.574 1808.16 -975.698 0.412485
4.0538 -4.81521 319.911 659.518 1874.65 -0.3312 -4.49809 6.18648 -319.911 938.219 -626.548 0.3312
-1.39305 2.41737 322.692 -285.278 -194.093 -0.24278 1.36362 -0.894918 -322.692 -195.958 -205.958 0.24278
-7.45559 9.64598 322.677 -1221.64 -2265.71 -0.146835 7.27809 -7.9255 -322.677 -1330.68 120.488 0.146835
-13.7009 15.048 321.895 -1875.61 -4258.64 -0.0432159 13.592 -13.3556 -321.895 -2249.98 284.068 0.0432159
-19.1374 18.0148 321.071 -2173.06 -5933.1 0.0666795 18.4115 -16.4608 -321.071 -2834.26 464.162 -0.0666795
-23.2113 18.7325 320.98 -2130.13 -7275.09 0.179672 21.5708 -17.0983 -320.98 -3073.64 751.339 -0.179672
-25.5313 17.5378 320.464 -1823.67 -8327.24 0.292137 23.8731 -15.9127 -320.464 -3033.79 1128.46 -0.292137
-26.7758 15.1893 319.795 -1355.87 -9122.83 0.401024 25.2138 -13.4579 -319.795 -2803.2 1545.52 -0.401024
-27.6882 12.1512 319.335 -814.472 -9717.86 0.503343 25.8315 -10.3649 -319.335 -2453.35 1915.9 -0.503343
-28.1182 8.78192 318.998 -267.272 -10149.8 0.59574 26.5485 -7.18764 -318.998 -2049.02 2179.47 -0.59574
-28.4254 5.12421 318.445 255.917 -10407.2 0.675066 26.8102 -4.32705 -318.445 -1624.87 2353.2 -0.675066
-28.3679 1.55382 317.897 756.353 -10475.2 0.738924 26.4874 -1.43127 -317.897 -1185.63 2476.02 -0.738924
-27.6049 -2.6906 317.739 1274.08 -10352.7 0.785687 25.7842 1.2469 -317.739 -697.44 2566.69 -0.785687
-26.2059 -7.50817 317.663 1881.78 -10038.1 0.814348 24.5953 4.7635 -317.663 -94.2015 2628.71 -0.814348
-24.3409 -12.2346 317.492 2586.07 -9535.83 0.824394 22.7881 9.88634 -317.492 632.521 2661.2 -0.824394
-22.0813 -17.081 317.456 3286.13 -8869.72 0.815683 20.571 15.0382 -317.456 1385.03 2647.22 -0.815683
-19.4788 -20.7253 317.494 3826.15 -8064.8 0.788405 18.1097 19.3826 -317.494 2005.52 2580.2 -0.788405
-16.8263 -22.393 317.392 4058.13 -7152.2 0.743234 15.4314 21.7073 -317.392 2353.24 2444.71 -0.743234
-14.4648 -21.4225 317.337 3866.14 -6187.58 0.681454 12.9316 21.2315 -317.337 2334.56 2189.35 -0.681454
-12.4932 -17.5565 317.447 3196.01 -5214.97 0.604972 10.9928 17.491 -317.447 1898.84 1788.12 -0.604972
-10.8052 -10.7966 318.242 2057.51 -4216.41 0.516333 9.44441 10.6778 -318.242 1064.55 1263.22 -0.516333
-8.63355 -1.99278 318.651 561.564 -3103.7 0.418475 7.58782 1.72303 -318.651 -20.3967 739.293 -0.418475
-6.07764 7.34518 319.125 -1043.42 -1892.41 0.314279 5.1865 -7.69688 -319.125 -1141.43 251.777 -0.314279
-3.57272 14.9761 320.843 -2387.24 -701.822 0.206612 2.86985 -15.5376 -320.843 -2046.19 -234.712 -0.206612
-1.00096 19.6396 321.086 -3258.85 509.539 0.0985696 0.135095 -20.4987 -321.086 -2573.62 -671.57 -0.0985696
1.83159 20.8172 320.696 -3564.6 1746.48 -0.00690563 -3.10983 -21.8434 -320.696 -2634.88 -1022.22 0.00690563
5.1384 18.3068 320.995 -3278.39 2965.13 -0.10749 -6.46224 -19.4604 -320.995 -2210.57 -1270.37 0.10749
8.03389 12.9113 321.79 -2483.4 4061.18 -0.201459 -9.86018 -13.558 -321.79 -1364.4 -1449.41 0.201459
10.2367 5.68852 321.708 -1413.81 4930.53 -0.287676 -12.7176 -5.99727 -321.708 -286.244 -1581.41 0.287676
11.642 -2.05044 321.326 -289.633 5527.7 -0.365578 -14.8557 1.60139 -321.326 817.955 -1662.27 0.365578
12.6507 -9.08521 321.265 731.922 5841.1 -0.434793 -15.9679 8.25891 -321.265 1785.84 -1666.75 0.434793
13.0722 -14.9541 321.028 1576.76 5868.62 -0.494761 -16.3548 13.3316 -321.028 2530.89 -1576.91 0.494761
13.0543 -19.2332 320.334 2231.01 5612 -0.544765 -15.7946 17.0633 -320.334 3040.8 -1405.25 0.544765
12.285 -21.8885 319.768 2705.12 5082.02 -0.584166 -14.4284 19.6857 -319.768 3333.8 -1187.22 0.584166
10.3251 -23.1988 319.826 2989.29 4279.55 -0.612399 -12.4325 20.8371 -319.826 3407.62 -961.783 0.612399
7.07329 -22.7774 319.948 3072.33 3189.09 -0.628657 -9.50755 20.8183 -319.948 3260.98 -771.523 0.628657
2.79645 -20.927 320.077 2938.58 1832.46 -0.631741 -5.54245 19.2411 -320.077 2897.1 -615.583 0.631741
-1.91649 -17.767 321.209 2592.05 322.334 -0.620165 -1.1538 16.1873 -321.209 2341.31 -431.457 0.620165
-6.8148 -14.0279 322.557 2140.54 -1329.59 -0.592198 3.77596 12.3624 -322.557 1694.41 -211.389 0.592198
-11.9194 -10.7096 322.948 1732.29 -3068.09 -0.546317 8.79821 8.69269 -322.948 1087.95 51.6868 0.546317
-15.9371 -8.79664 321.803 1539.98 -4665.05 -0.482287 13.2903 6.35955 -321.803 663.955 408.124 0.482287
-18.9768 -8.7524 321.763 1643.93 -6048.52 -0.401469 16.7325 6.02825 -321.763 506.085 845.702 0.401469
-21.0808 -10.8022 322.424 2044.58 -7234.07 -0.306108 19.8122 7.70573 -322.424 647.658 1274.21 0.306108
-22.8099 -14.5668 321.687 2690.85 -8198.3 -0.199155 21.9322 11.2045 -321.687 1057.35 1675.84 0.199155
-23.7896 -18.8099 320.803 3457.6 -8921.55 -0.0844359 23.2848 16.1672 -320.803 1628.74 2057.46 0.0844359
-23.7507 -23.1219 320.523 4190.58 -9400.41 0.0338239 24.1327 20.8023 -320.523 2196.26 2416.66 -0.0338239
-23.572 -26.4496 320.031 4742.58 -9629.86 0.15153 23.724 24.2747 -320.031 2632.64 2730.13 -0.15153
-23.3819 -27.8395 318.908 5025.73 -9665.33 0.264977 22.9584 26.4366 -318.908 2865.69 2904.03 -0.264977
-23.2067 -27.6113 317.984 4982.41 -9564.24 0.371217 22.5546 26.2207 -317.984 2844.39 2887.44 -0.371217
-23.0246 -25.1882 317.605 4599.05 -9313.43 0.468067 22.0341 23.9507 -317.605 2545.58 2739.79 -0.468067
-22.3482 -21.0715 317.351 3908.89 -8875.05 0.553704 20.9896 19.4951 -317.351 1989.78 2553.07 -0.553704
-20.9645 -15.6192 316.961 3008.7 -8249.15 0.626572 19.4152 13.7383 -316.961 1260.78 2359.14 -0.626572
-18.7907 -9.88798 316.788 2035.25 -7457.43 0.685462 17.6319 7.48686 -316.788 492.636 2144.96 -0.685462
-15.8463 -4.83809 316.96 1138.19 -6491.94 0.72934 15.5131 1.86727 -316.96 -161.098 1918.07 -0.72934
-12.0349 -0.848545 316.936 454.65 -5314.05 0.757068 12.5717 -1.71429 -316.936 -578.157 1724.6 -0.757068
-7.54164 0.977963 317.346 45.6544 -3906.88 0.767271 8.57837 -3.569 -317.346 -704.573 1554.02 -0.767271
-2.68365 0.467008 318.433 -49.7215 -2316.69 0.758552 4.10334 -3.4476 -318.433 -517.884 1323.69 -0.758552
1.98609 -2.10593 320.78 204.055 -659.773 0.72984 -0.187149 -0.887028 -320.78 -26.4113 972.78 -0.72984
6.65307 -6.55242 322.339 724.433 1063.74 0.680366 -4.95026 3.12903 -322.339 682.127 623.731 -0.680366
12.3262 -11.5564 324.159 1339.96 2941.95 0.609746 -10.7357 7.98198 -324.159 1498.19 414.606 -0.609746
17.7942 -16.4332 324.185 1914.95 4677.44 0.518935 -16.0286 12.7318 -324.185 2321.41 246.696 -0.518935
22.2346 -20.6803 324.102 2385.45 6158.92 0.410569 -20.3544 16.7789 -324.102 3055.62 42.7978 -0.410569
25.7076 -23.2215 324.594 2665.08 7407.97 0.287977 -23.825 19.7757 -324.594 3580.28 -193.747 -0.287977
27.9896 -23.9432 324.436 2665.05 8402.7 0.154792 -26.4638 20.6095 -324.436 3805.96 -470.388 -0.154792
28.9887 -22.1908 323.201 2337.82 9104.72 0.0150857 -27.7902 19.3483 -323.201 3694.92 -832.014 -0.0150857
28.5133 -18.1539 322.518 1696.68 9500.46 -0.12699 -27.9074 15.9108 -322.518 3249.63 -1277.88 0.12699
26.7806 -12.4617 322.289 801.635 9598.75 -0.267143 -27.0823 10.3659 -322.289 2511.58 -1746.55 0.267143
24.41 -5.76435 321.234 -209.492 9409.96 -0.400718 -25.2381 3.82884 -321.234 1599.51 -2169.81 0.400718
21.883 0.864077 319.857 -1181.62 8974.71 -0.523409 -22.6255 -2.61816 -319.857 671.706 -2481.86 0.523409
18.9447 6.32635 319.183 -1956.92 8326.99 -0.631889 -19.8836 -7.87586 -319.183 -110.506 -2660.77 0.631889
15.8926 9.67885 318.469 -2392.45 7484.15 -0.723376 -16.6814 -11.0289 -318.469 -619.951 -2728.68 0.723376
12.7405 10.6621 317.673 -2425.22 6478.95 -0.795284 -13.2511 -11.4749 -317.673 -794.433 -2682.53 0.795284
9.64549 8.98065 317.641 -2047.44 5365.27 -0.845482 -10.0421 -9.45938 -317.641 -634.501 -2487.95 0.845482
6.91355 4.83904 318.282 -1293.65 4168.64 -0.872454 -7.03548 -5.28963 -318.282 -180.053 -2128.65 0.872454
4.11828 -1.02158 319.076 -237.755 2862.37 -0.875282 -4.24771 0.663559 -319.076 481.203 -1637.39 0.875282
1.11129 -7.83281 319.971 962.735 1459.55 -0.853809 -1.41464 7.17915 -319.971 1217.7 -1087.07 0.853809
-1.63132 -14.3192 322.196 2100.47 84.2309 -0.808696 1.46158 13.2404 -322.196 1903.78 -532.199 0.808696
-4.87614 -19.6495 322.769 3049.35 -1330.67 -0.741082 4.68595 18.2693 -322.769 2460.75 -61.1926 0.741082
-8.18266 -23.8632 322.337 3743.43 -2698.83 -0.652682 7.80025 21.5348 -322.337 2854.08 370.296 0.652682
-11.0595 -26.6911 322.224 4233.86 -3931.85 -0.54648 10.434 23.8353 -322.224 3109.48 799.123 0.54648
-13.2284 -28.3212 322.358 4569.87 -4990.19 -0.426397 12.6809 25.4899 -322.358 3251.36 1212.57 0.426397
-15.2184 -29.1064 321.8 4769.37 -5904.04 -0.296556 14.5845 26.3144 -321.8 3286.26 1557.85 0.296556
-16.9207 -28.6356 321.089 4797.67 -6680.63 -0.161449 16.3177 26.2954 -321.089 3187.22 1832.83 0.161449
-18.1454 -27.0879 320.558 4629.4 -7306.89 -0.0256532 17.7791 24.8903 -320.558 2926.75 2066.82 0.0256532
-19.0127 -24.2275 320.002 4263.85 -7765.71 0.106908 18.6576 22.3023 -320.002 2500.83 2270.48 -0.106908
-19.5605 -20.6261 319.434 3737.72 -8071.24 0.232942 19.3757 18.5248 -319.434 1954.86 2391.15 -0.232942
-19.6158 -16.9466 318.739 3153.5 -8209.24 0.349515 20.0789 14.2812 -318.739 1387.8 2418.64 -0.349515
-19.2711 -13.5523 318.1 2635.23 -8128.94 0.454103 20.0055 10.845 -318.1 913.468 2399.44 -0.454103
-18.1252 -11.437 317.683 2269.78 -7788.78 0.544727 18.9143 8.42784 -317.683 620.158 2385.27 -0.544727
-15.8899 -11.0792 317.44 2133.69 -7184.05 0.619781 17.0496 7.56041 -317.44 577.959 2377.85 -0.619781
-12.9324 -12.639 317.459 2284.74 -6321.84 0.677783 14.256 8.80216 -317.459 833.644 2353.41 -0.677783
-9.30207 -16.0788 317.804 2716.11 -5216.95 0.717377 10.7497 12.0598 -317.804 1375 2288.17 -0.717377
-4.80009 -20.7657 318.63 3350.03 -3857.75 0.73728 6.60641 16.7928 -318.63 2109.28 2188.28 -0.73728
0.447135 -24.9641 319.659 3957.88 -2274.05 0.736288 1.89388 21.8177 -319.659 2841.05 2055.27 -0.736288
5.73972 -27.7965 321.365 4297.62 -582.059 0.713727 -3.13906 25.0071 -321.365 3375.72 1867.52 -0.713727
10.8435 -27.3229 322.482 4182.29 1146.45 0.669731 -8.05923 25.9133 -322.482 3553.27 1599.76 -0.669731
15.7071 -23.6153 323.291 3503.34 2894.98 0.605097 -12.7057 22.9677 -323.291 3264.78 1237.47 -0.605097
19.8428 -16.3295 324.547 2168.99 4589.58 0.52155 -16.8858 15.5014 -324.547 2454.92 755.629 -0.52155
22.6382 -5.97005 324.609 422.849 6021.31 0.422221 -19.4812 5.55761 -324.609 1250.26 111.687 -0.422221
24.6987 4.93155 324.221 -1390.57 7216.59 0.311385 -20.8742 -5.32768 -324.221 -102.758 -577.413 -0.311385
26.5685 15.1385 324.54 -3043.24 8310.59 0.193686 -22.6641 -15.3918 -324.54 -1396.31 -1135.53 -0.193686
28.5684 23.0381 324.501 -4309.38 9322.11 0.0735577 -24.6297 -23.0369 -324.501 -2389.63 -1567.12 -0.0735577
30.1306 27.6342 323.317 -5086.84 10199.6 -0.0451354 -26.2154 -27.5421 -323.317 -2935.29 -1983.94 0.0451354
30.5684 28.7949 322.322 -5342.71 10904.1 -0.15917 -27.4031 -28.5551 -322.322 -2995.8 -2449.43 0.15917
30.6033 26.5216 322.048 -5098.12 11445.1 -0.265783 -27.9301 -26.409 -322.048 -2598.6 -2906.31 0.265783
30.8437 21.2657 321.707 -4402.33 11868.9 -0.362844 -28.4675 -21.5474 -321.707 -1824.45 -3215.37 0.362844
31.7277 13.9766 321.162 -3352.02 12203 -0.44901 -29.4106 -14.3785 -321.162 -773.943 -3283.18 0.44901
32.7814 5.60195 321.119 -2132.03 12395.5 -0.523454 -30.5536 -6.26813 -321.119 401.602 -3156.24 0.523454
33.7576 -2.71106 321.354 -867.893 12378.3 -0.585859 -30.9522 2.10259 -321.354 1561.94 -2939.91 0.585859
33.5793 -9.65282 320.856 255.865 12107.3 -0.636114 -30.7158 9.58723 -320.856 2534.74 -2730.39 0.636114
32.332 -14.6512 319.918 1070.57 11581.6 -0.673682 -29.4225 14.6518 -319.918 3182.59 -2575.73 0.673682
30.1912 -16.8354 319.453 1481.15 10837.4 -0.698098 -27.2654 17.0008 -319.453 3431.09 -2458.34 0.698098
27.1856 -15.9388 319.119 1456.45 9909.07 -0.709583 -24.6979 16.444 -319.119 3244.93 -2342.52 0.709583
23.9039 -12.0654 318.698 994.962 8817.27 -0.708431 -21.4554 12.8695 -318.698 2624.56 -2201.88 0.708431
20.1796 -5.65015 318.291 155.026 7580.23 -0.694617 -17.8412 6.61755 -318.291 1624.33 -2034.69 0.694617
15.9119 2.58079 318.735 -961.239 6187.12 -0.668186 -13.8435 -1.5696 -318.735 355.529 -1846.29 0.668186
10.7985 11.0381 318.512 -2135.92 4590.27 -0.629214 -8.88047 -10.1157 -318.512 -939.806 -1717.44 0.629214
5.05448 18.0918 318.342 -3127.54 2815.66 -0.57772 -3.07458 -17.3993 -318.342 -2030.75 -1624.86 0.57772
0.0186811 22.1618 319.296 -3628.45 1122.68 -0.514188 1.91118 -21.4579 -319.296 -2710.31 -1391.87 0.514188
-3.59923 22.6704 319.832 -3571.88 -340.304 -0.43985 5.42186 -22.036 -319.832 -2924.16 -968.587 0.43985
-6.46954 19.7914 319.478 -2965.4 -1639.42 -0.356345 8.28181 -18.8408 -319.478 -2647.44 -505.776 0.356345
-9.09493 13.6953 320.371 -1852.72 -2816.74 -0.265431 10.9195 -12.3223 -320.371 -1926.7 -96.4728 0.265431
-11.0676 5.62448 321.321 -442.891 -3812.66 -0.169306 13.1515 -3.83158 -321.321 -929.735 285.676 0.169306
-11.4231 -2.5523 319.979 920.344 -4440.09 -0.0709941 13.696 4.40848 -319.979 92.7755 779.992 0.0709941
-10.4901 -9.45071 319.596 2036.87 -4744.43 0.0259394 12.9375 11.1764 -319.596 962.304 1328.25 -0.0259394
-9.19901 -13.9729 320.376 2781.51 -4832.39 0.118202 11.8339 15.8625 -320.376 1555.86 1762.96 -0.118202
-8.42911 -15.7496 319.827 3068.3 -4773.4 0.203291 10.7165 17.6534 -319.827 1787.5 1977.88 -0.203291
-7.87678 -14.4088 318.534 2853.86 -4590.76 0.279294 9.93778 16.3332 -318.534 1615.19 1989.11 -0.279294
-7.08712 -9.85416 318.571 2139.86 -4259.51 0.34464 9.15308 11.9535 -318.571 1030.83 1887.65 -0.34464
-5.84911 -2.5853 319.038 975.374 -3729.79 0.398158 7.66082 4.75433 -319.038 92.8417 1756.16 -0.398158
-4.05342 6.51337 318.735 -508.636 -2996.74 0.439048 5.66115 -4.28479 -318.735 -1058.87 1576.55 -0.439048
-2.34247 15.954 318.802 -2076.87 -2168.49 0.467062 3.9075 -13.6449 -318.802 -2222.73 1254.11 -0.467062
-0.827987 23.7722 320.425 -3420.94 -1304.2 0.48274 2.66997 -21.7324 -320.425 -3190.27 792.462 -0.48274
1.27928 29.222 320.445 -4382.87 -299.913 0.486765 0.758346 -27.3906 -320.445 -3842.91 375.113 -0.486765
4.37324 31.7718 319.66 -4884.33 868.95 0.479328 -2.2519 -30.0791 -319.66 -4103.1 96.2269 -0.479328
8.42194 31.1641 320.336 -4906.43 2179.33 0.460648 -5.99305 -29.7185 -320.336 -3940.77 -79.2433 -0.460648
12.636 27.5121 321.496 -4422.33 3542.48 0.431446 -9.96113 -25.9142 -321.496 -3341.94 -250.445 -0.431446
16.4501 21.1832 322.226 -3540.98 4846.52 0.392569 -13.5626 -19.5731 -322.226 -2382.8 -473.886 -0.392569
19.5562 13.3982 322.744 -2463.18 6036.89 0.344808 -16.9686 -12.0125 -322.744 -1231.33 -714.973 -0.344808
22.0382 5.87335 323.198 -1439.54 7087.22 0.289058 -20.2453 -4.82198 -323.198 -117.213 -925.645 -0.289058
23.9909 0.0613264 323.29 -647.422 7957 0.22634 -22.9513 0.992027 -323.29 779.617 -1115.96 -0.22634
24.9745 -3.33289 322.876 -210.922 8585.35 0.157883 -24.7349 4.34891 -322.876 1323.79 -1340.18 -0.157883
25.3562 -3.80944 322.337 -185.922 8949.58 0.0854027 -25.0843 4.91165 -322.337 1449.58 -1596.69 -0.0854027
24.8174 -1.0897 321.669 -580.576 9072.82 0.0112349 -24.8398 2.77258 -321.669 1138.07 -1832.95 -0.0112349
23.4613 4.25886 320.92 -1374.68 8951.92 -0.0621264 -24.0387 -2.35473 -320.92 409.912 -2025.39 0.0621264
21.6229 12.0392 320.155 -2484.99 8554.14 -0.132605 -21.9145 -9.51609 -320.155 -650.84 -2203.97 0.132605
19.1428 20.6661 319.439 -3734.82 7903.94 -0.198197 -18.9216 -17.9559 -319.439 -1880.76 -2350.25 0.198197
15.9385 28.844 319.021 -4931.11 7047.64 -0.256435 -15.729 -26.2028 -319.021 -3070.9 -2425.22 0.256435
12.9044 35.4041 318.409 -5868.22 6037.9 -0.304793 -11.9001 -32.7458 -318.409 -4037.47 -2414.98 0.304793
9.84747 39.1295 317.259 -6374.28 4972.82 -0.341212 -8.58699 -36.6469 -317.259 -4639.17 -2278.22 0.341212
6.87465 39.9147 316.848 -6399.91 3870.12 -0.364152 -5.64865 -37.2632 -316.848 -4816.64 -2037.37 0.364152
4.37854 37.3585 316.784 -5922.23 2757.35 -0.372813 -2.63331 -34.6896 -316.784 -4548.28 -1728.5 0.372813
1.86035 31.5968 317.245 -4955.32 1662.74 -0.367427 -0.238533 -29.0232 -317.245 -3853.94 -1350.87 0.367427
-0.555582 22.829 318.817 -3531.45 609.092 -0.349076 1.64881 -20.5255 -318.817 -2768.45 -925.59 0.349076
-2.60966 11.673 320.927 -1729.69 -395.118 -0.319395 3.75591 -9.81372 -320.927 -1392.32 -529.009 0.319395
-4.98124 0.424717 321.145 136.918 -1353.46 -0.280565 5.6176 1.36559 -321.145 0.217418 -188.592 0.280565
-7.69293 -9.10979 321.172 1714.97 -2300.94 -0.235231 7.49352 10.7239 -321.172 1167.67 89.7365 0.235231
-9.87114 -14.9179 321.258 2716.94 -3178.35 -0.186185 9.67332 16.8651 -321.258 1902.35 331.563 0.186185
-11.8251 -16.595 320.873 3080.66 -3957.19 -0.136033 11.6079 19.1426 -320.873 2113.6 543.303 0.136033
-13.7355 -14.282 320.047 2803.4 -4648.5 -0.086881 13.4215 17.1693 -320.047 1768.34 691.785 0.086881
-15.7719 -8.17827 319.71 1944.78 -5258.5 -0.0401222 15.319 11.479 -319.71 913.45 728.857 0.0401222
-17.7245 0.578351 319.507 629.524 -5756.41 0.0035458 17.2846 2.65039 -319.507 -326.343 656.563 -0.0035458
-19.2635 10.6138 318.873 -916.751 -6079.85 0.043838 18.8541 -7.7209 -318.873 -1745.16 527.905 -0.043838
-19.9181 19.9282 318.463 -2380.62 -6175.83 0.0805532 19.698 -17.4292 -318.463 -3045.4 406.144 -0.0805532
-19.4387 26.9463 318.032 -3490.28 -6025.02 0.113548 19.5534 -24.5806 -318.032 -3994.76 346.418 -0.113548
-17.8795 30.4988 317.152 -4106.81 -5618.68 0.142734 18.1079 -28.5956 -317.152 -4478 377.523 -0.142734
-15.2791 30.2545 316.336 -4159.91 -4982.75 0.167887 15.7307 -28.8582 -316.336 -4427.69 466.138 -0.167887
-11.9843 26.1425 316.561 -3617.24 -4150.5 0.188603 12.5965 -24.9994 -316.561 -3812.29 569.689 -0.188603
-8.57576 18.1838 317.982 -2486.75 -3143.58 0.204265 8.54753 -17.2067 -317.982 -2654.24 648.367 -0.204265
-4.85435 7.11657 319.867 -851.846 -2007.85 0.213996 4.34553 -6.10001 -319.867 -1067.62 666.187 -0.213996
-1.2605 -4.70443 320.642 913.471 -799.582 0.216873 -0.393389 5.61712 -320.642 586.739 671.029 -0.216873
2.44885 -14.4065 321.371 2365.83 338.236 0.212274 -4.56507 15.4239 -321.371 1968.65 680.586 -0.212274
5.73167 -20.0223 322.216 3175.71 1312.28 0.2002 -7.9696 21.1888 -322.216 2812.13 680.247 -0.2002
7.79549 -20.8302 321.642 3269.98 2059.84 0.181503 -10.6888 22.4655 -321.642 3020.49 629.345 -0.181503
8.70111 -16.7836 320.509 2623.06 2519.53 0.157717 -11.7238 18.8236 -320.509 2550.02 452.899 -0.157717
8.05332 -7.98765 321.137 1218.77 2659.55 0.130836 -11.173 10.0527 -321.137 1401.69 139.596 -0.130836
6.33539 4.77111 321.401 -781.472 2476.73 0.103253 -9.0644 -2.41447 -321.401 -263.427 -233.15 -0.103253
3.8089 18.6045 320.27 -2965.71 2034.13 0.0776304 -6.31663 -16.5115 -320.27 -2137.44 -556.941 -0.0776304
1.52476 30.092 320.84 -4757.38 1521.7 0.0566033 -3.84037 -28.5764 -320.84 -3768.09 -736.725 -0.0566033
-0.5947 37.7211 320.293 -5930.13 954.242 0.0424298 -1.43066 -36.7668 -320.293 -4894.06 -828.297 -0.0424298
-3.12376 40.9618 317.755 -6398.01 318.987 0.0366512 0.934733 -40.2296 -317.755 -5400.11 -905.401 -0.0366512
-5.55297 39.6897 316.723 -6147.68 -342.635 0.0399679 3.28722 -38.8398 -316.723 -5263.37 -939.924 -0.0399679
-7.22132 33.7837 317.717 -5222.88 -960.033 0.0522172 5.1029 -33.3254 -317.717 -4528.32 -830.346 -0.0522172
-7.97702 23.6673 319.129 -3646.33 -1510.57 0.072404 6.01225 -23.6935 -319.129 -3234.89 -523.566 -0.072404
-8.00821 9.72513 320.806 -1444.96 -1994.99 0.0990485 6.20499 -10.2059 -320.806 -1450.35 -73.6695 -0.0990485
-8.16228 -5.7819 321.689 1032.32 -2490.94 0.130365 6.39785 4.86648 -321.689 515.834 369.894 -0.130365
-8.66278 -18.9975 321.434 3176.62 -2965.84 0.164012 6.49653 18.4715 -321.434 2268.93 755.787 -0.164012
-9.83152 -28.1457 322.189 4625.86 -3505.8 0.197164 7.29572 27.6049 -322.189 3476.5 1007.94 -0.197164
-11.4646 -32.3974 321.892 5318.23 -4122.43 0.227244 8.928 31.9159 -321.892 4028.73 1148.36 -0.227244
-13.5784 -31.3843 320.342 5241.47 -4787.61 0.252459 10.7645 31.4465 -320.342 3890.33 1237.95 -0.252459
-15.7889 -25.6717 319.865 4412.24 -5497.38 0.271436 13.0828 25.7841 -319.865 3066.87 1288.13 -0.271436
-17.7987 -15.7649 320.517 2942.27 -6214.54 0.283007 16.1287 15.7225 -320.517 1635.53 1269.26 -0.283007
-20.0141 -3.18888 320.227 1082.16 -6830.11 0.286628 18.7664 3.2273 -320.227 -147.187 1178.57 -0.286628
-21.9538 9.347 318.662 -805.307 -7290.18 0.282479 21.1331 -9.38337 -318.662 -1913.55 1012.28 -0.282479
-23.4523 19.5519 318.349 -2341.5 -7564.89 0.271198 23.0842 -19.3317 -318.349 -3305.77 785.524 -0.271198
-24.1154 26.0029 317.794 -3303.42 -7599.98 0.253584 23.9578 -25.2897 -317.794 -4147.06 597.585 -0.253584
-23.6005 27.9302 316.202 -3613.22 -7367.59 0.230131 23.5009 -27.0618 -316.202 -4374.9 507.213 -0.230131
-22.2089 25.7239 315.522 -3294.65 -6895.28 0.200861 21.7278 -24.5497 -315.522 -4007.95 495.946 -0.200861
-19.9371 19.4539 316.633 -2400.11 -6232.06 0.165717 19.3928 -18.4063 -316.633 -3098.89 503.658 -0.165717
-17.1163 9.4543 317.848 -1017.28 -5383.48 0.124934 16.3947 -9.39273 -317.848 -1719.3 502.543 -0.124934
-13.4632 -2.8993 318.461 701.133 -4307.37 0.0789023 12.4616 1.63177 -318.461 -41.1832 530.961 -0.0789023
-8.53693 -15.4579 319.039 2503.12 -3007.13 0.0278898 7.68702 13.3626 -319.039 1685.71 642.568 -0.0278898
-3.53066 -25.8639 321.32 4033.59 -1657.1 -0.0278781 2.80316 23.7768 -321.32 3180.15 731.996 0.0278781
0.62649 -32.891 322.94 5024.11 -416.84 -0.0877582 -1.458 30.8084 -322.94 4232.2 717.514 0.0877582
4.16544 -35.9874 321.51 5462.76 703.744 -0.150136 -4.9219 34.6131 -321.51 4795.98 617.048 0.150136
6.90998 -35.5481 320.683 5329.81 1688.33 -0.212531 -7.77802 34.5359 -320.683 4853.5 448.701 0.212531
8.82333 -31.2608 321.664 4645.46 2518.99 -0.27236 -9.90309 31.0354 -321.664 4405.81 207.09 0.27236
9.943 -23.6888 321.951 3397.27 3173.02 -0.327196 -11.0462 23.3982 -321.951 3443.58 -116.192 0.327196
10.1447 -13.36 321.911 1670.25 3621.08 -0.374508 -11.2007 12.316 -321.911 2059.21 -510.851 0.374508
9.79628 -1.6843 321.44 -209.746 3851.02 -0.411682 -10.3027 0.493623 -321.44 524.716 -920.578 0.411682
9.51248 8.13619 320.67 -1817.97 3949.91 -0.436277 -9.09346 -9.98414 -320.67 -816.573 -1235.48 0.436277
10.7461 14.7602 320.56 -2873.98 4090.52 -0.446124 -8.31603 -16.8591 -320.56 -1722.08 -1309.19 0.446124
12.6021 16.8565 320.434 -3199.95 4379.72 -0.439524 -9.6762 -18.9839 -320.434 -2009.52 -1130.76 0.439524
14.1795 14.0512 320.116 -2762.26 4725.61 -0.415883 -11.92 -16.0656 -320.116 -1615.61 -921.146 0.415883
15.7891 6.75399 320.477 -1645.69 5013.94 -0.375944 -12.77 -8.66017 -320.477 -595.902 -851.707 0.375944
16.2528 -3.72907 321.56 -53.3924 5258.95 -0.32141 -14.2111 1.77227 -321.56 850.819 -819.535 0.32141
16.8318 -15.1495 322.37 1703.68 5467.21 -0.25497 -16.0732 13.2915 -322.37 2426.95 -672.876 0.25497
17.9864 -24.6238 322.642 3199.32 5596.89 -0.180376 -17.8711 23.1449 -322.642 3739.86 -373.741 0.180376
19.4451 -30.2226 321.975 4147.09 5596.63 -0.101823 -18.8279 29.581 -321.975 4541.04 -23.1472 0.101823
19.4004 -31.2221 320.539 4382.93 5386.68 -0.0231323 -19.183 31.1806 -320.539 4682.99 230.903 0.0231323
18.1383 -26.7921 319.542 3818.28 4919.66 0.0525176 -17.6272 27.6087 -319.542 4084.95 287.233 -0.0525176
15.3926 -17.2007 320.176 2408.03 4205.98 0.122347 -14.6384 18.022 -320.176 2708.61 166.289 -0.122347
11.2929 -2.6936 321.347 199.741 3252.57 0.184096 -10.6953 3.1863 -321.347 653.573 -50.5011 -0.184096
6.44342 13.428 320.058 -2303.47 2052.32 0.236685 -5.55158 -13.4007 -320.058 -1595.45 -303.951 -0.236685
2.24545 27.0606 320.505 -4334.5 927.068 0.280426 -1.10534 -26.9059 -320.505 -3507.41 -436.559 -0.280426
-0.893205 35.5104 320.653 -5571.78 -34.5769 0.316044 2.36429 -35.5569 -320.653 -4754.88 -437.075 -0.316044
-3.25413 38.6434 317.834 -5988.3 -843.567 0.343448 5.01664 -38.8333 -317.834 -5269.44 -358.408 -0.343448
-4.9217 36.5059 316.055 -5584.3 -1488.89 0.36197 6.8774 -36.5202 -316.055 -5026.38 -227.419 -0.36197
-5.77213 29.03 317.713 -4397.33 -1965.95 0.371292 7.93636 -29.1654 -317.713 -4058 -29.2344 -0.371292
-5.63755 16.6087 320.054 -2446.56 -2239.55 0.371192 8.05197 -16.7832 -320.054 -2404.46 245.934 -0.371192
-4.72881 0.509253 320.893 101.19 -2302.08 0.360849 7.2256 -0.698647 -320.893 -275.764 559.752 -0.360849
-2.80599 -15.1642 319.899 2565.26 -2113.71 0.339109 5.42503 14.8904 -319.899 1802.64 911.906 -0.339109
-0.955299 -26.8096 321.501 4356.58 -1822.48 0.305233 3.53833 26.4996 -321.501 3390.43 1163.64 -0.305233
-0.117256 -33.2393 321.842 5315.35 -1533.63 0.259367 2.19492 32.8443 -321.842 4287.89 1192.21 -0.259367
-0.0128085 -34.3449 319.366 5445.8 -1261.62 0.202644 1.78717 33.9394 -319.366 4477.05 995.585 -0.202644
-0.419708 -30.2645 318.441 4808.15 -973.761 0.137203 1.68675 30.2813 -318.441 3989.93 664.454 -0.137203
-0.765219 -21.6088 320.35 3447.12 -643.59 0.0660191 1.64191 21.7946 -320.35 2859.77 292.062 -0.0660191
-0.941603 -8.80505 321.732 1409.43 -273.906 -0.00775734 1.51612 9.14357 -321.732 1198.6 -83.3283 0.00775734
-1.18256 5.94991 320.471 -924.943 101.02 -0.0812521 1.47169 -4.87322 -320.471 -647.779 -485.032 0.0812521
-0.960508 19.058 320.052 -3037.17 521.155 -0.151646 1.6456 -17.941 -320.052 -2339.2 -896.352 0.151646
-0.41886 28.3853 321.453 -4541.4 1022.73 -0.216215 1.11454 -27.3412 -321.453 -3556.56 -1240.25 0.216215
0.734993 33.5323 320.214 -5374.49 1600.89 -0.272969 -0.148516 -32.455 -320.214 -4214.79 -1465.55 0.272969
2.28934 34.3287 318.193 -5550.52 2216.56 -0.320856 -1.99076 -33.3924 -318.193 -4290.94 -1586.16 0.320856
4.1613 31.1059 318.516 -5098.56 2861.07 -0.359223 -4.24103 -30.1589 -318.516 -3804.93 -1630.32 0.359223
6.5554 23.8804 320.176 -4031.31 3519.48 -0.387436 -6.68724 -23.0091 -320.176 -2783.49 -1584.26 0.387436
9.30815 13.1228 321.115 -2408.17 4156.51 -0.405105 -9.58621 -12.368 -321.115 -1297.46 -1399.31 0.405105
11.8999 0.748702 320.833 -528.379 4666.68 -0.412379 -12.4573 -0.235757 -320.833 383.513 -1115.35 0.412379
13.9699 -11.3851 321.327 1304.97 4981.27 -0.409791 -14.6944 11.4293 -321.327 2008.2 -804.035 0.409791
15.3134 -20.995 322.33 2788.27 5082.24 -0.397916 -16.1813 20.862 -322.33 3291.97 -494.024 0.397916
15.7249 -27.0489 321.947 3739.79 4959.36 -0.377492 -16.7787 26.7971 -321.947 4082.71 -225.289 0.377492
15.0614 -29.3351 320.408 4126.23 4597.61 -0.349446 -16.2651 28.9199 -320.408 4337.1 -35.7594 0.349446
13.2796 -27.6148 319.928 3934.6 3999.64 -0.31443 -14.6968 27.3027 -319.928 4043.91 73.8924 0.31443
10.1546 -21.5705 320.154 3150.33 3149.76 -0.272936 -12.2209 22.0456 -320.154 3186.21 108.053 0.272936
5.68694 -11.5666 320.423 1717.95 1988.05 -0.225786 -8.31064 12.2948 -320.423 1748.47 50.2082 0.225786
0.382877 2.0562 321.045 -268.487 565.062 -0.173609 -3.07162 -0.499242 -321.045 -102.989 -61.2739 0.173609
-5.19825 16.4436 321.381 -2333.16 -958.692 -0.116107 2.41621 -13.7172 -321.381 -2048.89 -148.76 0.116107
-10.6015 27.845 321.713 -3984.11 -2486.13 -0.0526972 7.72557 -25.2283 -321.713 -3726.84 -181.038 0.0526972
-15.4249 35.707 321.418 -5034.31 -3945.75 0.0164446 12.7412 -32.8132 -321.418 -4920.91 -154.324 -0.0164446
-19.2482 39.1626 319.575 -5474.56 -5258.91 0.0904331 17.0883 -36.921 -319.575 -5579.35 -31.5274 -0.0904331
-21.8215 38.1752 318.43 -5271.31 -6368.45 0.168061 20.3407 -36.9888 -318.43 -5648.58 228.51 -0.168061
-22.7209 32.6931 318.451 -4405.41 -7209.33 0.247717 22.4071 -32.6237 -318.451 -5083.11 635.652 -0.247717
-22.1922 22.0929 318.505 -2802.91 -7758.35 0.327292 23.1985 -23.4759 -318.505 -3815.62 1144.21 -0.327292
-20.6738 7.70278 318.774 -550.477 -7971.04 0.404191 22.3022 -9.23039 -318.774 -1906.78 1706.1 -0.404191
-18.6528 -8.74911 319.973 1998.63 -7849.42 0.475205 20.1501 7.60051 -319.973 380.498 2189.87 -0.475205
-16.7704 -23.5716 320.44 4301.19 -7505.11 0.536649 17.7939 23.3554 -320.44 2521.18 2461.39 -0.536649
-14.9716 -34.5612 320.263 5981.95 -6987.33 0.585025 15.3695 34.8159 -320.263 4102.65 2557.99 -0.585025
-13.1019 -39.8734 318.661 6796.52 -6369.14 0.617634 13.1427 40.7126 -318.661 4916.67 2536.5 -0.617634
-11.1999 -39.4507 317.017 6656.1 -5706.58 0.632706 11.3423 39.9809 -317.017 4888.92 2413.82 -0.632706
-9.78568 -33.1027 316.81 5593.33 -5040.94 0.629244 9.96069 33.1764 -316.81 4039.91 2156.72 -0.629244
-9.00998 -21.008 317.991 3661.8 -4405.37 0.607144 9.52524 20.9251 -317.991 2433.2 1699.81 -0.607144
-9.01747 -4.03032 319.573 954.611 -3730.33 0.567475 9.67689 3.9274 -319.573 203.187 1004.78 -0.567475
-8.74162 14.1678 318.643 -2035.64 -2828.37 0.512191 8.79777 -14.5173 -318.643 -2131.26 274.002 -0.512191
-8.32229 29.2678 320.86 -4456.31 -1869.17 0.443746 7.89409 -28.9366 -320.86 -4000.55 -489.455 -0.443746
-6.89378 39.2418 321.744 -6065.89 -802.58 0.365033 6.12931 -38.3433 -321.744 -5207.92 -1088.54 -0.365033
-4.17479 43.7971 318.568 -6868.16 383.55 0.278946 3.21389 -42.9687 -318.568 -5740.28 -1452.71 -0.278946
-0.313167 43.5017 317.591 -6890.79 1629.68 0.188041 -0.201749 -42.3582 -317.591 -5586.45 -1638.41 -0.188041
3.91125 38.0551 319.586 -6154.14 2904.69 0.0948372 -4.28264 -37.0507 -319.586 -4760.79 -1703.82 -0.0948372
8.4243 27.5487 320.774 -4682.84 4172.33 0.00171854 -8.58788 -27.3861 -320.774 -3301.38 -1687.65 -0.00171854
13.2525 13.0326 321.912 -2575.46 5362.18 -0.0896337 -12.7712 -13.49 -321.912 -1280.63 -1565.98 0.0896337
17.4637 -2.69613 322.815 -244.239 6360.93 -0.17835 -16.9665 2.07398 -322.815 934.847 -1341.48 0.17835
21.0248 -16.5391 323.421 1822.49 7110.46 -0.263769 -20.4372 15.9512 -323.421 2895.9 -1067.94 0.263769
23.7615 -25.9453 323.45 3286.61 7613.18 -0.344702 -22.9161 25.9738 -323.45 4254.95 -811.978 0.344702
25.3097 -30.4299 322.253 3996.73 7853.65 -0.419283 -24.0286 30.9543 -322.253 4920.26 -665.526 0.419283
25.5446 -29.7403 320.823 3946.35 7853.33 -0.485375 -23.9199 31.0103 -320.823 4878.54 -646.994 0.485375
24.4446 -24.6644 320.498 3168.22 7643.27 -0.541069 -22.9373 25.795 -320.498 4161.2 -739.962 0.541069
22.3098 -15.8158 320.935 1774.55 7225.69 -0.584869 -20.9215 16.1699 -320.935 2870.5 -926.21 0.584869
19.1895 -4.3755 320.74 41.7442 6588.29 -0.615451 -18.0105 4.32254 -320.74 1219.59 -1166.25 0.615451
14.9127 6.9761 319.588 -1674.6 5723.62 -0.631496 -14.4755 -7.45373 -319.588 -424.431 -1438.09 0.631496
10.1193 16.3243 318.685 -3058.22 4689.9 -0.631831 -10.5208 -16.8226 -318.685 -1760.15 -1677.24 0.631831
6.18304 21.7142 318.711 -3848.32 3593.03 -0.61582 -6.34268 -22.4346 -318.711 -2568.33 -1761.49 0.61582
3.07884 22.7428 318.46 -3928.04 2542.38 -0.583769 -3.42885 -23.4379 -318.46 -2783.39 -1587.78 0.583769
1.13013 19.4357 317.945 -3303.01 1553 -0.536832 -1.32254 -19.8131 -317.945 -2400.67 -1190.42 0.536832
0.154102 11.6791 319.478 -1986.03 638.018 -0.476271 0.359641 -11.9906 -319.478 -1453.52 -664.619 0.476271
-0.807228 0.724941 321.443 -158.937 -204.595 -0.403167 1.60326 -1.09776 -321.443 -105.835 -145.309 0.403167
-2.11678 -11.5559 321.562 1854.28 -1012.27 -0.319204 2.7181 10.9179 -321.562 1411.6 307.375 0.319204
-3.42545 -22.3579 322.18 3614.37 -1765.01 -0.227355 3.7875 21.7096 -322.18 2789.56 712.086 0.227355
-4.48985 -29.9669 322.688 4841.55 -2430.39 -0.131411 4.68706 29.2511 -322.688 3764.33 1089.84 0.131411
-5.41626 -33.7632 321.638 5463.06 -3015.01 -0.0348409 5.49534 32.8966 -321.638 4224.57 1420.46 0.0348409
-6.39209 -33.333 320.231 5450.09 -3548.1 0.0597473 6.49255 32.5453 -320.231 4124.22 1665.24 -0.0597473
-7.88493 -28.8535 320.196 4802.05 -4082.55 0.150289 7.90496 28.0574 -320.196 3469.4 1776.26 -0.150289
-9.96728 -20.7797 320.436 3581.8 -4616.43 0.235065 9.80205 19.8164 -320.436 2319.08 1731.03 -0.235065
-12.2265 -10.0518 320.021 1957.89 -5093.83 0.312858 12.1149 9.07353 -320.021 823.258 1543.64 -0.312858
-13.7543 1.2186 319.058 244.246 -5403.03 0.382967 14.2376 -2.07888 -319.058 -721.19 1322.31 -0.382967
-14.5437 11.3021 318.442 -1276.42 -5488 0.444852 15.3219 -11.6291 -318.442 -2053.39 1135.26 -0.444852
-14.3649 18.44 318.154 -2364.43 -5336.29 0.497743 15.4324 -18.2158 -318.154 -2959.71 994.089 -0.497743
-13.2963 22.0958 317.392 -2949.93 -4963.47 0.540667 14.7521 -21.5628 -317.392 -3391.91 876.447 -0.540667
-11.6949 22.4311 316.834 -3046.12 -4388.02 0.572442 13.2596 -21.6597 -316.834 -3358.71 752.087 -0.572442
-9.36267 19.817 317.39 -2719.82 -3597.41 0.591514 11.0948 -18.9913 -317.39 -2917.68 616.849 -0.591514
-5.87303 14.5114 318.313 -2040.54 -2570.71 0.596213 8.29185 -14.272 -318.313 -2140.65 506.805 -0.596213
-1.49002 7.51364 319.447 -1097.01 -1295 0.58515 4.14213 -7.84132 -319.447 -1133.45 473.59 -0.58515
3.77686 -0.143712 320.884 -44.188 179.11 0.557378 -0.955241 -0.810594 -320.884 -52.5972 508.385 -0.557378
9.62592 -7.06164 322.502 923.979 1783.35 0.512497 -6.16217 5.9512 -322.502 966.354 513.827 -0.512497
15.0475 -11.8189 324.188 1558.54 3436.99 0.45093 -11.5388 11.0816 -324.188 1767.98 432.635 -0.45093
19.0487 -14.542 323.603 1802.25 4902.9 0.374078 -15.9121 13.5484 -323.603 2277.88 187.186 -0.374078
22.3546 -14.9717 323.547 1688.31 6191.74 0.284064 -19.1664 13.634 -323.547 2466.2 -144.803 -0.284064
25.1551 -13.2908 324.34 1276.87 7339.84 0.18357 -22.0163 11.751 -324.34 2359.31 -468.398 -0.18357
27.2033 -10.1538 324.178 673.966 8308.99 0.0757608 -24.3876 8.44425 -324.178 2025.43 -792.248 -0.0757608
28.2502 -6.16671 323.226 -34.905 9038.29 -0.0361983 -25.6713 4.25325 -323.226 1545.54 -1180.23 0.0361983
28.2268 -1.98255 322.669 -751.613 9531.86 -0.149298 -26.037 -0.117282 -322.669 1018.81 -1621.8 0.149298
27.7708 1.69445 322.419 -1363.61 9831.94 -0.260175 -25.784 -3.8537 -322.419 553.294 -2023.22 0.260175
27.3819 4.2021 321.721 -1753.89 9983.57 -0.365278 -25.3265 -6.08717 -321.721 254.493 -2296.86 0.365278
26.8975 5.14394 320.868 -1867.31 10006.2 -0.461599 -25.0366 -6.47581 -320.868 174.529 -2431.66 0.461599
26.2965 4.3154 320.417 -1711.7 9886.59 -0.546664 -24.523 -5.30336 -320.417 309.72 -2474.3 0.546664
25.3544 1.86372 320.219 -1318.63 9612.15 -0.618261 -23.7157 -2.83737 -320.219 631.359 -2454.85 0.618261
23.6643 -1.54136 319.849 -748.533 9174.06 -0.67469 -22.919 0.787825 -319.849 1083.03 -2379.46 0.67469
21.8138 -5.39368 319.41 -96.6154 8560.16 -0.714952 -21.4223 4.80374 -319.41 1574.73 -2253.84 0.714952
19.8497 -9.31372 319.283 545.865 7783.67 -0.738539 -19.461 8.30527 -319.283 2011.03 -2050.16 0.738539
17.7981 -12.6347 319.417 1129.92 6865.85 -0.745226 -17.4242 11.2613 -319.417 2339.5 -1729.35 0.745226
16.0439 -14.9675 319.357 1618.3 5820.63 -0.735037 -15.0325 13.5744 -319.357 2526.64 -1289.96 0.735037
14.0627 -16.2786 319.475 1968.1 4647.68 -0.708223 -12.529 14.7978 -319.475 2545.63 -772.334 0.708223
11.611 -16.3327 319.947 2165.21 3321.02 -0.665207 -9.2878 15.1343 -319.947 2405.81 -276.643 0.665207
7.98137 -15.0257 320.619 2174.64 1878.87 -0.606656 -5.74612 14.5123 -320.619 2116.65 119.814 0.606656
4.16776 -13.0336 321.502 1991.7 447.211 -0.533641 -1.62519 12.4495 -321.502 1710.98 395.051 0.533641
-0.139808 -10.35 321.538 1700.87 -950.513 -0.447692 2.53469 9.9825 -321.538 1253.94 559.215 0.447692
-4.4047 -7.71762 321.34 1396.98 -2251.04 -0.350991 6.35568 7.44582 -321.34 807.231 681.994 0.350991
-8.05167 -5.83945 320.903 1144.45 -3358.72 -0.24667 9.45537 4.99433 -320.903 431.068 806.897 0.24667
-10.4359 -4.95167 320.323 1042.98 -4219.43 -0.138411 11.9994 3.64054 -320.323 207.174 949.419 0.138411
-11.8815 -5.24232 320.008 1138.49 -4826.91 -0.0296438 13.7321 3.86036 -320.008 186.083 1093.46 0.0296438
-12.7777 -6.18116 319.623 1393.26 -5184.03 0.0765416 14.3646 5.77168 -319.623 345.629 1227.36 -0.0765416
-12.8752 -7.78446 319.217 1696.69 -5305.55 0.176983 14.4088 7.92143 -319.217 587.604 1327.8 -0.176983
-12.5535 -9.14606 318.928 1927.57 -5215.36 0.268547 13.7612 9.619 -318.928 801.217 1378.54 -0.268547
-11.7606 -9.25193 318.713 1980.86 -4940.14 0.348588 12.7517 10.4752 -318.713 887.602 1365.85 -0.348588
-10.6623 -7.93622 318.546 1751.93 -4503.49 0.415195 11.4025 9.28878 -318.546 752.77 1286 -0.415195
-9.18212 -4.79052 318.482 1194.02 -3916.04 0.467179 9.72225 5.87828 -318.482 357.8 1159.34 -0.467179
-7.13259 -0.182658 318.625 353.899 -3175.9 0.503965 7.73027 0.532638 -318.625 -248.62 1008.34 -0.503965
-4.70398 5.50033 318.835 -640.084 -2303.73 0.525576 5.36562 -5.41261 -318.835 -944.528 834.776 -0.525576
-2.45362 10.9622 319.883 -1591.23 -1391.81 0.532593 3.03522 -10.9028 -319.883 -1585.08 590.854 -0.532593
-0.188917 15.3625 320.297 -2360.75 -448.991 0.525822 0.702839 -15.1548 -320.297 -2073.13 318.56 -0.525822
2.10059 18.3197 320.217 -2890.61 518.815 0.506109 -1.89161 -17.8232 -320.217 -2361.08 62.9746 -0.506109
4.55369 19.47 320.783 -3154.65 1503.08 0.474503 -4.70753 -18.9653 -320.783 -2430.51 -153.243 -0.474503
6.99405 18.9003 321.053 -3135.25 2447.56 0.432275 -7.37789 -18.3403 -321.053 -2276.71 -352.898 -0.432275
8.9105 16.5434 320.791 -2855.97 3249.79 0.380808 -9.46055 -16.2943 -320.791 -1916.59 -572.074 -0.380808
10.4598 13.0319 320.787 -2374.33 3894.13 0.321636 -10.9739 -12.8926 -320.787 -1394.02 -769.757 -0.321636
11.7965 8.93671 320.973 -1781.85 4397.43 0.256354 -12.2517 -8.77959 -320.973 -794.044 -891.913 -0.256354
12.804 5.07863 320.965 -1195.2 4742.78 0.186604 -13.288 -4.63968 -320.965 -218.702 -939.508 -0.186604
13.1333 1.91791 320.57 -714.41 4902.48 0.114312 -13.8338 -1.35623 -320.57 236.804 -971.676 -0.114312
12.685 -0.0812813 320.334 -413.295 4852.35 0.0416986 -13.5071 0.586784 -320.334 508.501 -1034.17 -0.0416986
11.5757 -0.560676 320.242 -314.778 4609.27 -0.0288766 -12.4969 1.21283 -320.242 570.668 -1099.47 0.0288766
10.0536 0.371089 320 -420.301 4203.49 -0.0949813 -11.1497 0.385433 -320 420.716 -1111.48 0.0949813
8.38074 2.48286 319.711 -697.232 3647.03 -0.15436 -9.42652 -1.6727 -319.711 91.9594 -1049.76 0.15436
6.27501 5.40909 319.499 -1089.03 2935.91 -0.205175 -7.39933 -4.52301 -319.499 -355.301 -940.799 0.205175
3.57947 8.53433 319.446 -1514.06 2052.77 -0.245829 -4.8449 -7.67534 -319.446 -842.075 -822.38 0.245829
0.528968 10.977 319.733 -1848.93 1066.21 -0.274942 -2.06925 -10.4908 -319.733 -1270.84 -684.522 0.274942
-2.66823 12.2046 320.079 -1978.74 45.2302 -0.291748 0.689105 -12.0419 -320.079 -1544.39 -531.31 0.291748
-6.01386 11.5194 320.198 -1819.52 -1040.67 -0.296002 3.81545 -11.8982 -320.198 -1582.77 -388.384 0.296002
-9.37491 8.78945 320.541 -1308.68 -2167.58 -0.28776 6.97705 -9.43934 -320.541 -1339.26 -211.951 0.28776
-12.2795 4.33952 321.549 -473.354 -3305.95 -0.267869 10.1457 -4.71773 -321.549 -841.547 41.1472 0.267869
-14.238 -1.08772 321.079 507.941 -4304.69 -0.238184 12.448 1.03641 -321.079 -197.747 417.904 0.238184
-15.5594 -6.76451 320.731 1479.79 -5155.42 -0.200961 14.0908 6.72878 -320.731 482.809 835.163 0.200961
-16.8683 -11.5739 321.19 2329.56 -5918.87 -0.158418 15.8997 12.0715 -321.19 1108.59 1143.08 0.158418
-18.6217 -15.0594 321.043 2947.88 -6588.95 -0.112715 17.655 16.0377 -321.043 1573.39 1301.32 0.112715
-20.1637 -17.1839 319.951 3272.11 -7124.01 -0.0660482 19.2908 17.7085 -319.951 1800.89 1373.18 0.0660482
-21.2955 -17.37 319.305 3300.48 -7490.32 -0.0205912 20.2999 17.5403 -319.305 1775.27 1427.43 0.0205912
-21.7869 -15.6695 319.191 3060.7 -7676.78 0.0216937 20.7812 15.8323 -319.191 1519.85 1472.03 -0.0216937
-22.0073 -12.7528 318.675 2596.48 -7695.91 0.0593831 20.7149 12.5404 -318.675 1081.91 1468.82 -0.0593831
-22.0879 -9.13049 318.084 1998.9 -7572.16 0.0918334 20.3511 8.42057 -318.084 554.4 1386.78 -0.0918334
-21.551 -5.22175 317.909 1391.89 -7303.98 0.119019 19.9477 4.66539 -317.909 47.6361 1256.23 -0.119019
-20.3756 -1.72987 317.862 852.337 -6853.8 0.141113 18.7001 1.58603 -317.862 -367.843 1159.45 -0.141113
-18.2094 0.514244 317.563 443.114 -6217.24 0.158198 16.7113 -0.868874 -317.563 -641.657 1128.25 -0.158198
-15.492 1.70341 317.683 198.264 -5432.93 0.170333 14.1336 -2.04665 -317.683 -741.01 1115.18 -0.170333
-12.6075 1.66657 318.168 131.862 -4546.69 0.177713 11.3316 -1.96604 -318.168 -657.861 1057.3 -0.177713
-9.65276 0.6751 318.489 202.831 -3587.18 0.180567 8.55673 -0.92487 -318.489 -433.832 932.594 -0.180567
-6.91095 -0.856728 318.784 353.244 -2575.15 0.17899 5.52052 0.654797 -318.784 -132.516 762.518 -0.17899
-4.41677 -2.45315 319.892 511.319 -1572.08 0.172985 2.62246 2.24377 -319.892 171.863 545.357 -0.172985
-2.11862 -3.54112 320.607 597.293 -640.312 0.162613 0.135886 3.34884 -320.607 404.16 311.181 -0.162613
-0.25446 -3.70389 320.636 551.822 197.731 0.148259 -2.24388 3.59807 -320.636 509.143 91.9703 -0.148259
1.45189 -2.63103 320.651 338.315 916.314 0.130823 -4.10027 2.81887 -320.651 453.247 -107.045 -0.130823
2.68683 -0.438736 321.181 -46.5702 1483.61 0.11154 -5.45194 0.857315 -321.181 234.34 -296.94 -0.11154
3.31672 2.50441 320.922 -557.927 1884.02 0.0917746 -6.29014 -2.11842 -320.922 -114.489 -482.876 -0.0917746
3.22177 5.48033 320.124 -1097.45 2070.3 0.0730301 -6.31394 -5.61211 -320.124 -515.104 -678.745 -0.0730301
2.68909 8.04598 319.962 -1545.77 2064.79 0.0569377 -5.73145 -8.57509 -319.962 -870.131 -834.954 -0.0569377
2.3319 9.50338 320.054 -1798.29 1923.78 0.0450496 -4.90533 -10.4086 -320.054 -1095.75 -866.067 -0.0450496
2.02058 9.5348 319.659 -1787.1 1681.58 0.0385517 -4.41144 -10.5662 -319.659 -1134.28 -741.555 -0.0385517
1.60943 8.22251 319.399 -1506.27 1326.74 0.0380732 -3.84678 -8.84093 -319.399 -973.589 -529.602 -0.0380732
0.940155 5.82632 319.81 -1030.37 847.068 0.0437236 -2.70873 -5.85664 -319.81 -667.489 -313.945 -0.0437236
-0.0692915 2.75821 320.403 -476.501 267.721 0.0552229 -1.16088 -2.66219 -320.403 -311.167 -107.816 -0.0552229
-1.39439 0.480942 320.352 18.7032 -368.174 0.0718338 0.36123 0.507373 -320.352 -14.6729 112.564 -0.0718338
-2.8845 -0.521156 320.402 308.255 -1054.95 0.0923074 2.07186 2.29718 -320.402 101.728 332.403 -0.0923074
-4.59957 -0.200357 320.765 300.644 -1780.85 0.115213 4.10252 1.65201 -320.765 -30.7285 512.222 -0.115213
-6.80037 2.21435 320.644 11.9258 -2518.19 0.139249 6.27532 -0.415596 -320.644 -393.024 612.419 -0.139249
-9.09998 5.53871 320.18 -473.961 -3215.14 0.163076 8.68057 -4.03641 -320.18 -916.052 624.316 -0.163076
-11.1923 8.84163 319.777 -1021.42 -3817.33 0.185171 10.9626 -8.36797 -319.777 -1477.71 589.718 -0.185171
-12.7976 11.4371 319.452 -1434.57 -4276.02 0.204081 12.6946 -11.5765 -319.452 -1907.76 562.561 -0.204081
-13.73 11.3514 319.026 -1522.21 -4564.33 0.218554 13.6738 -13.1414 -319.026 -2034.95 572.477 -0.218554
-13.9799 8.39582 318.713 -1122.09 -4681.32 0.227364 13.9032 -11.1219 -318.713 -1712.14 619.488 -0.227364
-13.6338 2.31911 318.898 -179.038 -4630.26 0.229225 13.3611 -5.04092 -318.898 -888.659 697.412 -0.229225
-12.6339 -5.63235 319.314 1141.21 -4414.47 0.22289 12.0771 4.20623 -319.314 290.055 813.641 -0.22289
-11.1797 -13.7308 319.741 2509.84 -4060.26 0.207187 10.1306 14.0404 -319.741 1527.01 953.895 -0.207187
-9.58107 -19.8121 319.957 3520.33 -3659.74 0.181153 8.32729 21.3435 -319.957 2461.24 1048.18 -0.181153
-8.58006 -22.456 319.676 3913.28 -3311.04 0.144526 7.073 24.1177 -319.676 2855.43 1027.9 -0.144526
-8.92772 -20.8466 319.376 3618.81 -3073.51 0.0982655 6.26951 22.2443 -319.376 2643.68 857.472 -0.0982655
-10.2035 -15.3174 319.718 2678.12 -2993.22 0.0444748 6.74472 15.9313 -319.718 1863.51 523.687 -0.0444748
-11.1651 -6.97942 319.956 1267.28 -2997.13 -0.0140383 8.34057 6.47412 -319.956 688.568 156.824 0.0140383
-11.718 2.42227 319.466 -270.054 -2940.49 -0.07395 8.93191 -3.47934 -319.466 -586.468 -65.4346 0.07395
-11.6452 10.1823 319.081 -1538.88 -2821.51 -0.131667 8.83928 -11.7234 -319.081 -1643.08 -159.943 0.131667
-11.0642 14.8751 319.288 -2256.6 -2706.72 -0.183772 9.17621 -16.0421 -319.288 -2234.8 -238.874 0.183772
-10.8875 15.7579 318.995 -2352.4 -2570.61 -0.227252 8.90768 -16.1847 -318.995 -2288.05 -309.879 0.227252
-10.5867 12.5688 318.721 -1871.7 -2396.2 -0.259763 8.22826 -12.9812 -318.721 -1839.95 -341.456 0.259763
-9.45181 6.46671 319.482 -913.203 -2169.9 -0.280023 7.47063 -6.65657 -319.482 -992.909 -292.443 0.280023
-7.57839 -1.28415 320.084 324.364 -1862.75 -0.287624 6.0252 1.42882 -320.084 70.4607 -117.131 0.287624
-4.93877 -9.16986 320.089 1565.32 -1483.91 -0.282649 4.17688 9.36137 -320.089 1127.83 156.301 0.282649
-2.56106 -15.4445 320.347 2543.6 -1103.23 -0.265734 2.18981 15.6594 -320.347 1976.31 410.057 0.265734
-0.795267 -19.2065 320.849 3097.41 -776.125 -0.23796 0.849225 19.2046 -320.849 2484.19 534.707 0.23796
0.289548 -20.3165 320.528 3207.41 -501.758 -0.200368 0.133477 19.7979 -320.528 2621.6 522.557 0.200368
0.988706 -19.0855 320.235 2940.77 -226.525 -0.154118 -0.575918 17.9093 -320.235 2434.82 452.72 0.154118
1.71183 -15.6391 320.673 2393.1 77.7754 -0.100987 -1.47632 14.6423 -320.673 2006.92 385.134 0.100987
2.57652 -10.7144 320.991 1635.03 399.434 -0.0430888 -2.37717 10.2368 -320.991 1409.16 320.884 0.0430888
3.2921 -5.03344 320.629 741.924 712.81 0.0175239 -3.23846 4.96018 -320.629 710.001 237.541 -0.0175239
4.17995 1.04137 320.513 -199.552 1013.41 0.0785392 -3.68717 -0.485967 -320.513 -22.6312 132.064 -0.0785392
5.10788 7.2458 320.785 -1127.08 1322.26 0.137203 -4.26992 -5.64991 -320.785 -747.038 43.608 -0.137203
5.98824 12.5485 320.585 -1995.16 1639.35 0.190766 -5.12194 -11.0201 -320.585 -1429.85 -20.9385 -0.190766
6.8561 17.0566 320.197 -2719.95 1927.84 0.23695 -5.67499 -15.4734 -320.197 -2007.28 -102.194 -0.23695
7.42751 19.9734 320.056 -3236.74 2178.69 0.274056 -6.11178 -18.9252 -320.056 -2415.99 -205.817 -0.274056
7.77987 21.4222 320.056 -3493.15 2401.1 0.300813 -6.63614 -20.5558 -320.056 -2607.14 -300.189 -0.300813
8.34429 20.7964 319.813 -3462.05 2606.72 0.316313 -7.11075 -20.5838 -319.813 -2551.46 -354.337 -0.316313
9.04887 18.0745 319.806 -3104.34 2806.86 0.320147 -7.80086 -18.524 -319.806 -2214.43 -351.48 -0.320147
9.84127 13.4264 320.243 -2397.74 2999.37 0.31245 -8.66265 -13.9762 -320.243 -1584.9 -303.433 -0.31245
10.5408 7.06974 320.489 -1418.01 3147.54 0.293781 -9.3925 -7.71802 -320.489 -731.71 -243.854 -0.293781
10.9513 0.0197919 320.617 -314.331 3218.51 0.264913 -9.84087 -0.630306 -320.617 218.812 -190.066 -0.264913
11.0825 -6.34514 320.863 724.984 3205.13 0.22672 -9.98092 6.23303 -320.863 1101.58 -137.44 -0.22672
10.8716 -10.7541 320.866 1485.91 3104.9 0.180275 -9.79315 11.4228 -320.866 1735.38 -95.421 -0.180275
10.0732 -12.4219 320.629 1798.71 2897.85 0.127075 -9.09232 13.5667 -320.629 1976.48 -106.61 -0.127075
8.51258 -11.149 320.279 1599.42 2562.8 0.0691039 -7.60299 12.0593 -320.279 1771.83 -215.205 -0.0691039
6.24866 -6.63613 320.128 914.956 2099.77 0.00870578 -5.3075 7.60376 -320.128 1153.29 -415.175 -0.00870578
3.87954 -0.172517 320.08 -137.765 1568.74 -0.0514904 -2.5332 0.474214 -320.08 231.047 -632.057 0.0514904
1.69533 6.86517 319.963 -1293.59 1065.3 -0.108646 -0.198298 -7.40244 -319.963 -780.04 -785.881 0.108646
0.0812698 12.8101 319.632 -2226.72 650.818 -0.159963 1.59537 -13.6353 -319.632 -1616.23 -867.173 0.159963
-0.870409 16.0027 319.222 -2714.65 351.974 -0.203044 2.92731 -16.9689 -319.222 -2076.45 -900.677 0.203044
-1.2934 16.3958 319.138 -2696.66 194.441 -0.236153 3.46876 -16.5302 -319.138 -2087.76 -883.647 0.236153
-1.41188 13.742 319.325 -2223.98 184.286 -0.258402 2.9524 -13.2076 -319.325 -1692.03 -815.861 0.258402
-0.805037 9.18876 319.804 -1435.45 296.211 -0.269899 2.13335 -7.70998 -319.804 -1020.18 -720.608 0.269899
-0.0743706 3.52301 320.123 -537.869 490.646 -0.271628 0.827971 -1.92914 -320.123 -254.632 -619.065 0.271628
0.658841 -1.68939 320.305 266.889 716.137 -0.265153 -0.561691 3.14352 -320.305 434.958 -535.869 0.265153
1.67513 -5.38507 320.528 821.908 921.517 -0.252368 -1.34065 6.59549 -320.528 918.428 -480.125 0.252368
2.4613 -6.99124 320.559 1043.11 1104.44 -0.235246 -2.24544 7.90165 -320.559 1120.34 -417.099 0.235246
3.03503 -6.85565 320.46 945.447 1250.72 -0.215548 -3.09978 6.87397 -320.46 1048.95 -355.679 0.215548
3.30529 -5.23503 320.403 638.253 1320.89 -0.194629 -3.37669 4.65429 -320.403 798.136 -346.196 0.194629
3.14979 -2.4044 320.37 243.062 1315.08 -0.173369 -3.25457 2.49779 -320.37 468.698 -380.634 0.173369
2.92629 0.404632 320.258 -168.945 1273.05 -0.152259 -3.1155 0.0456387 -320.258 116.279 -391.315 0.152259
3.0934 2.9049 320.175 -534.907 1228.1 -0.131542 -3.10729 -2.20729 -320.175 -208.352 -323.447 0.131542
3.81262 5.24871 320.158 -806.343 1197.83 -0.111263 -3.23465 -3.49913 -320.158 -465.115 -170.481 0.111263
4.53253 6.33994 320.121 -976.274 1177.86 -0.0913444 -3.67136 -4.77744 -320.121 -639.415 17.1905 0.0913444
5.26386 6.65945 320.075 -1025.95 1151.81 -0.0718169 -3.79156 -5.26281 -320.075 -706.636 166.656 0.0718169
5.44341 6.24905 320.122 -952.879 1120.45 -0.0529761 -3.96909 -4.85762 -320.122 -661.172 249.685 0.0529761
5.4387 5.35637 320.216 -806.161 1095.2 -0.0352943 -4.03234 -3.94363 -320.216 -545.368 283.309 0.0352943
4.77322 4.37269 320.267 -657.354 1060.97 -0.0192151 -4.40292 -3.06253 -320.267 -423.22 274.625 0.0192151
4.017 3.67404 320.26 -563.214 980.717 -0.00492822 -4.17408 -2.57118 -320.26 -344.446 211.682 0.00492822
3.22347 3.29288 320.272 -535.316 850.684 0.00776588 -3.49428 -2.61991 -320.272 -324.02 127.518 -0.00776588
2.39582 3.04885 320.293 -534.89 700.21 0.0193661 -3.002 -2.94778 -320.293 -336.589 85.9697 -0.0193661
1.97274 2.88955 320.234 -510.092 541.743 0.0305274 -2.4548 -2.95216 -320.234 -338.821 103.088 -0.0305274
1.36809 2.36499 320.175 -431.097 362.402 0.0420363 -2.09064 -2.67842 -320.175 -301.755 141.204 -0.0420363
0.537843 1.23447 320.2 -280.699 139.845 0.054726 -1.44888 -2.10783 -320.2 -204.905 149.369 -0.054726
-0.628917 -0.8454 320.204 -12.2628 -134.637 0.0692913 -0.527204 -1.01145 -320.204 -11.7517 119.837 -0.0692913
-1.72173 -3.87071 320.265 423.569 -433.433 0.0861445 0.469058 1.21381 -320.265 315.416 114.417 -0.0861445
-2.37506 -7.63102 320.437 1034.68 -722.558 0.105307 1.17599 4.83713 -320.437 777.258 205.061 -0.105307
-2.69155 -12.0477 320.659 1749.08 -1003.63 0.126389 1.51281 9.04686 -320.659 1316.42 390.22 -0.126389
-2.96669 -16.1987 320.837 2448.02 -1312.99 0.148709 1.963 13.3378 -320.837 1844.25 593.116 -0.148709
-3.63731 -19.2086 320.88 2994.37 -1675.05 0.171408 2.77862 16.9131 -320.88 2254.93 738.148 -0.171408
-4.78638 -20.8653 320.757 3289.5 -2091.43 0.193523 4.03637 18.6896 -320.757 2458.83 803.793 -0.193523
-6.24664 -20.4967 320.603 3285.69 -2534.32 0.214105 5.51414 18.6744 -320.603 2407.04 818.85 -0.214105
-7.7579 -18.0974 320.404 2975.95 -2966.11 0.232435 6.98874 16.7344 -320.404 2086.39 815.954 -0.232435
-9.23313 -13.9196 320.161 2380.47 -3364.67 0.248118 8.42023 12.9094 -320.161 1519.18 791.462 -0.248118
-10.7359 -8.17616 319.818 1559.93 -3720.61 0.260911 9.81675 7.8305 -319.818 767.304 725.62 -0.260911
-12.0821 -1.76604 319.572 609.076 -4010.25 0.270491 11.2267 1.81449 -319.572 -87.3202 614.466 -0.270491
-13.1727 4.55968 319.288 -369.801 -4203.48 0.276405 12.3802 -4.53774 -319.288 -950.538 481.518 -0.276405
-13.884 10.0611 318.866 -1239.54 -4279.33 0.278062 13.056 -10.183 -318.866 -1700.42 355.914 -0.278062
-14.0706 13.6561 318.598 -1852.8 -4232.03 0.274717 13.2608 -14.3239 -318.598 -2211.25 252.038 -0.274717
-13.8216 14.8909 318.476 -2099.4 -4064.1 0.265532 12.8547 -15.9972 -318.476 -2387.27 179.791 -0.265532
-13.043 13.7242 318.449 -1927.49 -3780.22 0.249565 11.8978 -14.5936 -318.449 -2185.8 148.739 -0.249565
-11.6629 9.68636 318.682 -1349.81 -3385.94 0.22582 10.4449 -10.7934 -318.682 -1624.72 166.886 -0.22582
-9.78246 3.78732 319.108 -439.325 -2891.53 0.193551 8.44906 -4.57104 -319.108 -774.097 236.552 -0.193551
-7.28614 -3.03781 319.615 656.606 -2309.54 0.152506 6.17859 3.01 -319.615 223.028 348.076 -0.152506
-4.68535 -9.97399 320.017 1718.27 -1694.78 0.102888 3.74955 10.0037 -320.017 1185.2 465.09 -0.102888
-2.35044 -15.4408 320.441 2543.07 -1107.99 0.0453293 1.5448 15.517 -320.441 1955.64 538.894 -0.0453293
0.0892892 -18.7804 320.747 3014.29 -569.558 -0.0189118 0.133584 18.7133 -320.747 2433.95 561.045 0.0189118
2.17327 -19.7994 320.475 3114.03 -54.6433 -0.0878064 -1.35827 19.4754 -320.475 2592.84 566.782 0.0878064
3.88414 -18.5443 320.442 2874.73 451.934 -0.158686 -2.96959 18.1417 -320.442 2455.8 544.054 0.158686
5.08814 -15.5131 320.873 2347.79 904.291 -0.228615 -4.01285 14.9299 -320.873 2075.42 419.462 0.228615
5.69167 -10.7415 320.995 1590.1 1297.32 -0.294597 -4.49164 10.6228 -320.995 1513.76 185.024 0.294597
5.9543 -5.11737 320.939 679.997 1678.04 -0.353569 -4.97367 5.33898 -320.939 838.748 -86.1542 0.353569
6.44337 0.449035 321.08 -250.828 2074.09 -0.402525 -5.55218 -0.274008 -321.08 145.03 -325.804 0.402525
7.103 5.3353 320.954 -1049.01 2475.19 -0.438768 -6.31128 -4.95926 -320.954 -447.704 -519.575 0.438768
7.62108 8.27657 320.708 -1582.58 2846.12 -0.460148 -7.15523 -8.33504 -320.708 -832.177 -691.503 0.460148
8.1516 9.06684 320.679 -1775.03 3176.46 -0.465316 -7.82789 -9.58716 -320.679 -936.659 -846.026 0.465316
8.78411 7.49519 320.673 -1598.98 3477.27 -0.453835 -8.57887 -8.53687 -320.673 -731.874 -945.028 0.453835
9.68338 3.96737 320.657 -1084.28 3753.31 -0.426175 -9.56986 -5.19617 -320.657 -248.657 -945.881 0.426175
10.8446 -0.627955 320.819 -346.607 3975.56 -0.383708 -10.5843 -0.182415 -320.819 409.833 -851.761 0.383708
11.8048 -5.59095 320.902 441.653 4105.57 -0.32858 -11.529 4.98444 -320.902 1093.45 -705.027 0.32858
12.2459 -9.7216 320.827 1105.24 4096.83 -0.263373 -11.9593 9.25646 -320.827 1650.83 -569.95 0.263373
11.9993 -11.9693 320.603 1511.56 3936.71 -0.190804 -11.7355 11.9712 -320.603 1965.64 -478.683 0.190804
11.1468 -12.0571 320.443 1574.54 3633.28 -0.113668 -10.8731 12.2803 -320.443 1960.42 -425.185 0.113668
9.78666 -9.85853 320.37 1272.98 3198.44 -0.0348284 -9.48744 10.0556 -320.37 1619.42 -390.285 0.0348284
8.12955 -5.55305 320.196 651.07 2649.03 0.0430154 -7.58253 5.78592 -320.196 995.532 -359.585 -0.0430154
6.30104 0.144465 320.042 -184.815 2008.5 0.117604 -5.27977 0.206458 -320.042 193.095 -320.586 -0.117604
4.36696 6.16002 320.032 -1085.22 1350.79 0.187158 -3.10441 -5.82423 -320.032 -656.575 -261.292 -0.187158
2.55991 11.4343 319.981 -1866.45 733.94 0.250202 -1.08401 -11.0817 -319.981 -1405.39 -201.873 -0.250202
0.708646 15.1611 319.627 -2396.41 172.409 0.305363 0.716908 -14.6889 -319.627 -1940.85 -172.215 -0.305363
-0.998985 16.8963 319.397 -2623.27 -324.86 0.351318 2.33984 -16.3664 -319.397 -2209.69 -159.945 -0.351318
-2.11362 16.7338 319.408 -2562.04 -717.734 0.386839 3.54996 -16.1797 -319.408 -2220.05 -105.798 -0.386839
-2.45204 14.7749 319.39 -2245.21 -971.445 0.410857 4.01867 -14.45 -319.39 -2000.79 29.8229 -0.410857
-2.19806 11.4475 319.409 -1714.85 -1094.44 0.422453 3.8653 -11.3077 -319.409 -1591 211.374 -0.422453
-1.71819 7.2445 319.592 -1044.47 -1114.99 0.42087 3.39311 -7.16415 -319.592 -1048.59 369.87 -0.42087
-1.15678 2.68797 319.894 -332.042 -1055.48 0.405677 2.87687 -2.73334 -319.894 -455.158 466.823 -0.405677
-0.497157 -1.27123 319.953 304.721 -913.124 0.37693 2.19845 1.44992 -319.953 91.1358 519.029 -0.37693
0.355263 -4.16232 319.985 762.239 -693.428 0.335209 1.33169 4.52226 -319.985 500.034 549.493 -0.335209
1.32186 -5.50144 320.19 969.795 -410.413 0.281684 0.329059 6.05356 -320.19 709.452 553.171 -0.281684
2.08036 -4.90754 320.263 889.372 -102.182 0.21812 -0.610647 5.96611 -320.263 690.757 492.455 -0.21812
2.3971 -2.3038 320.231 502.307 191.528 0.146759 -1.20418 4.10585 -320.231 429.063 331.965 -0.146759
2.036 2.22932 320.228 -194.686 447.916 0.0701635 -1.51303 0.341855 -320.228 -79.6602 69.0849 -0.0701635
1.44736 7.91949 320.356 -1138.16 665.58 -0.00883 -1.31537 -5.35046 -320.356 -790.214 -261.68 0.00883
1.06268 13.8433 320.33 -2153.26 871.009 -0.0871205 -0.889554 -11.8081 -320.33 -1574.29 -583.774 0.0871205
0.997283 18.9453 320.039 -3008.44 1100.52 -0.16153 -0.848364 -17.231 -320.039 -2248.54 -827.782 0.16153
1.6118 21.7533 319.786 -3524.28 1375.24 -0.229169 -1.13246 -20.7332 -319.786 -2649.76 -971.072 0.229169
2.60465 21.3288 319.422 -3581.29 1692.68 -0.287689 -1.87144 -21.5716 -319.422 -2653 -1036.11 0.287689
3.84861 17.312 319.462 -3063.36 2065.77 -0.335294 -3.17106 -18.5695 -319.462 -2151.18 -1038.93 0.335294
5.62617 9.64598 320.285 -1912.73 2497.17 -0.370787 -4.81079 -11.1774 -320.285 -1113.96 -973.193 0.370787
7.91727 -1.32683 321.084 -264.211 2960.6 -0.393718 -6.84962 -0.886536 -321.084 327.019 -807.007 0.393718
10.3243 -13.7185 321.606 1611.84 3393.57 -0.404427 -9.26927 10.914 -321.606 1966.04 -538.312 0.404427
12.7889 -25.104 322.909 3358.91 3769.2 -0.403922 -11.7343 22.2185 -322.909 3515.99 -197.418 0.403922
14.7288 -33.5186 323.684 4720.35 4025.63 -0.393631 -13.6366 31.5656 -323.684 4735.64 104.53 0.393631
15.6492 -38.4939 322.014 5537.43 4125.19 -0.375072 -14.6204 37.275 -322.014 5471.29 281.568 0.375072
15.478 -38.7664 320.186 5688.52 4058.72 -0.349744 -14.5569 38.9299 -320.186 5600.28 313.697 0.349744
14.432 -34.0095 319.874 5054.62 3843.97 -0.319243 -13.58 35.2533 -319.874 5008.61 234.137 0.319243
12.6091 -24.3067 320.149 3578.93 3493.79 -0.285036 -11.8945 25.4047 -320.149 3643.2 74.01 0.285036
10.0219 -9.13861 321.604 1253.94 2979.92 -0.24789 -9.26935 10.0872 -321.604 1538.59 -170.102 0.24789
6.43705 9.07132 321.101 -1533.62 2243.1 -0.207578 -5.45864 -7.55747 -321.101 -883.373 -508.522 0.207578
2.62376 25.2158 320.266 -3986.41 1471.67 -0.163285 -1.72294 -23.3356 -320.266 -3068.91 -834.65 0.163285
-0.196853 36.3704 321.023 -5653.82 866.287 -0.114476 0.854556 -34.3582 -321.023 -4624.1 -1014.43 0.114476
-2.51624 42.6605 319.106 -6566.18 365.529 -0.0616303 2.58995 -40.4828 -319.106 -5515.71 -1103.69 0.0616303
-4.29414 43.4684 316.456 -6706.7 -51.8674 -0.00611254 3.86891 -41.981 -316.456 -5710.13 -1131.3 0.00611254
-5.64013 39.3543 316.349 -6094.38 -391.915 0.0506071 4.52933 -38.4102 -316.349 -5205.51 -1083.63 -0.0506071
-5.64864 30.4643 317.854 -4734.33 -630.78 0.107032 4.80539 -29.9079 -317.854 -4037.98 -887.07 -0.107032
-4.51858 17.3202 319.711 -2671.08 -744.978 0.161024 3.82516 -16.6919 -319.711 -2270.73 -467.382 -0.161024
-2.53238 1.50906 321.238 -140.763 -748.602 0.20986 1.91893 -0.827876 -321.238 -198.489 100.541 -0.20986
-0.852912 -12.7196 320.993 2162.35 -782.633 0.250868 0.312862 13.5871 -320.993 1660.46 610.738 -0.250868
-0.414597 -22.4053 321.577 3687.42 -959.327 0.281973 -0.1515 23.1298 -321.577 2929.53 917.525 -0.281973
-1.15542 -26.504 321.36 4342.28 -1266.33 0.302217 0.458263 27.1993 -321.36 3461.73 1027.38 -0.302217
-2.24204 -25.3488 319.976 4191.46 -1642.49 0.312024 1.7738 26.0897 -319.976 3283.58 1053.69 -0.312024
-3.46311 -19.0716 319.842 3288.87 -2047.96 0.312826 3.25505 20.2709 -319.842 2428.65 1065.75 -0.312826
-5.13752 -8.29398 321.013 1679.89 -2491.77 0.306398 4.99055 9.98605 -321.013 977.339 1013.46 -0.306398
-7.05993 5.09669 320.166 -375.495 -2908.77 0.294548 7.12723 -3.08603 -320.166 -812.233 840.299 -0.294548
-9.45616 18.5213 318.978 -2459.39 -3269.75 0.279175 9.42579 -16.4122 -318.978 -2615.22 518.997 -0.279175
-11.9044 29.0491 320.205 -4119.28 -3555.29 0.262208 11.7264 -27.2726 -320.205 -4063.3 114.611 -0.262208
-13.3938 35.8935 319.448 -5191.41 -3675.25 0.24515 13.1866 -34.321 -319.448 -5010.08 -193.721 -0.24515
-13.6821 38.6748 316.628 -5637.99 -3594.63 0.228619 13.2276 -37.2344 -316.628 -5391.08 -321.729 -0.228619
-13.1485 36.9562 316.11 -5446.68 -3363.61 0.212536 12.2114 -36.211 -316.11 -5183.96 -327.028 -0.212536
-12.167 31.0664 317.447 -4610.28 -3044.11 0.196606 10.8414 -30.7963 -317.447 -4377.7 -304.214 -0.196606
-10.8638 21.0507 318.463 -3120.87 -2645.94 0.180372 9.17395 -20.966 -318.463 -2983.37 -269.984 -0.180372
-8.84668 7.29507 319.801 -1038.13 -2153.77 0.162966 7.01448 -7.53067 -319.801 -1115.33 -154.567 -0.162966
-5.74658 -7.28082 320.495 1217.7 -1536.79 0.143056 3.9559 6.83008 -320.495 833.172 123.898 -0.143056
-2.00857 -19.0988 321.145 3098.34 -892.744 0.119346 0.661605 19.2505 -321.145 2474.32 502.118 -0.119346
0.803099 -26.3565 321.919 4224.61 -379.277 0.0912248 -2.04563 26.7794 -321.919 3496.61 791.029 -0.0912248
2.42131 -28.6908 320.785 4570.17 -49.0102 0.0589366 -3.26368 29.2594 -320.785 3850.53 873.418 -0.0589366
2.83646 -25.9797 319.405 4174.75 118.429 0.0232528 -3.25646 27.0852 -319.405 3535.93 765.821 -0.0232528
2.27469 -18.6048 320.252 3026.51 159.844 -0.0148998 -2.60963 19.8033 -320.252 2554.33 549.356 0.0148998
0.971693 -6.74553 321.498 1169.49 94.6993 -0.0543135 -1.54382 8.10878 -321.498 988.908 270.851 0.0543135
-0.833904 6.87186 320.465 -1030.13 -68.7666 -0.0931492 0.109001 -5.90226 -320.465 -825.89 -67.6901 0.0931492
-2.89233 19.0583 319.494 -2982.47 -264.21 -0.129008 1.97089 -18.4779 -319.494 -2471.54 -441.449 0.129008
-4.89165 27.4185 320.19 -4274.1 -452.434 -0.159517 3.63559 -26.7018 -320.19 -3589.78 -785.294 0.159517
-5.923 31.0609 319.014 -4830.18 -571.038 -0.183182 4.81699 -30.2962 -319.014 -4085.33 -988.065 0.183182
-5.74322 29.9961 317.172 -4677.66 -579.1 -0.199509 5.0302 -29.421 -317.172 -3955.91 -984.893 0.199509
-4.67762 24.641 317.795 -3855.14 -470.197 -0.208271 4.05681 -24.1108 -317.795 -3228.61 -797.681 0.208271
-3.04929 15.0205 320.1 -2368.35 -280.799 -0.209348 2.50776 -14.5784 -320.1 -1932.39 -525.601 0.209348
-1.28211 1.99506 320.75 -379.495 -57.7715 -0.203153 0.970725 -2.35559 -320.75 -252.67 -268.705 0.203153
0.489221 -11.5822 320.339 1731.47 184.828 -0.19082 -0.68452 10.7402 -320.339 1511.91 -13.5926 0.19082
2.27619 -22.7785 321.999 3472.52 412.953 -0.17427 -2.40353 21.8616 -321.999 3013.74 267.54 0.17427
3.89007 -30.0173 322.985 4591.01 596.729 -0.155635 -4.00313 29.1246 -322.985 4002.61 550.514 0.155635
4.91496 -32.8378 320.69 5065.21 702.438 -0.136167 -5.1141 32.451 -320.69 4421.65 754.979 0.136167
4.9615 -31.609 319.507 4882.37 682.758 -0.116182 -5.27313 31.2591 -319.507 4252.72 804.403 0.116182
4.02232 -26.1761 320.489 4073.73 529.106 -0.0959115 -4.40095 26.049 -320.489 3514.78 694.774 0.0959115
2.36405 -16.5864 321.25 2618.98 256.516 -0.0756519 -2.73558 16.698 -321.25 2217.33 484.336 0.0756519
0.400228 -3.77051 320.72 626.739 -101.498 -0.0551914 -0.626362 4.06495 -320.72 511.891 250.395 0.0551914
-1.45614 9.64288 319.85 -1452.23 -469.64 -0.0334937 1.48163 -8.98784 -319.85 -1254.58 42.3167 0.0334937
-3.30811 20.7665 319.991 -3162.29 -809.712 -0.00906675 3.33744 -19.9124 -319.991 -2748.13 -156.568 0.00906675
-4.91299 27.8552 319.927 -4240.01 -1089.66 0.0192323 4.97852 -26.8953 -319.927 -3715.12 -348.45 -0.0192323
-6.17446 30.5794 318.333 -4669.03 -1294.05 0.0515288 6.17964 -29.8989 -318.333 -4118.41 -502.019 -0.0515288
-6.91042 29.0709 317.289 -4472.83 -1400.27 0.0869024 6.6361 -28.9037 -317.289 -3950.74 -569.173 -0.0869024
-6.7613 23.5281 318.27 -3655.23 -1394.8 0.123973 6.42208 -23.8121 -318.27 -3223.02 -521.995 -0.123973
-5.81962 14.0628 319.746 -2214.48 -1262.16 0.161282 5.27784 -14.6732 -319.746 -1960.48 -351.679 -0.161282
-4.25556 1.99137 320.16 -309.756 -1029.6 0.196998 3.5098 -2.5401 -320.16 -348.314 -100.215 -0.196998
-2.41871 -10.1195 320.439 1609.53 -753.647 0.228642 1.54092 9.63216 -320.439 1260.7 176.694 -0.228642
-0.796496 -19.7671 321.537 3094.93 -517.982 0.253486 -0.143966 18.9846 -321.537 2536.03 421.463 -0.253486
0.437679 -25.3645 321.495 3932.93 -361.636 0.269404 -1.24205 24.2132 -321.495 3271.17 603.939 -0.269404
1.28735 -26.575 320.338 4138.88 -278.253 0.275473 -1.82935 25.6564 -320.338 3450.81 729.286 -0.275473
1.52519 -23.5291 319.988 3728.68 -276.483 0.271883 -2.04462 23.3185 -319.988 3078.7 793.272 -0.271883
1.069 -16.8749 320.57 2712.36 -378.271 0.2594 -1.56252 16.7417 -320.57 2172.49 758.646 -0.2594
-0.626413 -6.62927 320.761 1139.02 -625.37 0.238916 -0.34749 6.8831 -320.761 824.724 582.816 -0.238916
-2.93247 5.26348 320.047 -700.057 -982.664 0.211623 1.76787 -4.55364 -320.047 -725.908 297.617 -0.211623
-5.32973 15.9162 319.752 -2410.18 -1380.18 0.179536 4.14947 -15.7897 -319.752 -2196.18 0.597261 -0.179536
-7.1032 23.589 319.863 -3598.21 -1724.26 0.145183 6.07554 -23.6272 -319.863 -3261.85 -193.189 -0.145183
-7.90161 27.2826 318.87 -4138.96 -1976.02 0.110548 7.30547 -27.2368 -318.87 -3782.24 -236.595 -0.110548
-8.35073 26.4295 317.717 -4013.47 -2142.18 0.0766978 7.60161 -26.7236 -317.717 -3709.12 -179.172 -0.0766978
-8.49191 21.3235 318.183 -3227.4 -2258.35 0.0443006 7.77804 -21.8115 -318.183 -3039.4 -109.561 -0.0443006
-8.83892 12.1528 319.774 -1789.36 -2333.67 0.0140146 7.5924 -12.5797 -319.774 -1803.46 -57.999 -0.0140146
-8.74034 0.0549553 320.618 111.316 -2335.25 -0.0136114 7.08667 -0.544923 -320.618 -197.664 31.1176 0.0136114
-7.54556 -12.3789 320.179 2068.74 -2212.59 -0.0385798 5.95628 11.8414 -320.179 1451.3 246.007 0.0385798
-5.89683 -22.5419 321.105 3649.13 -2022.64 -0.0616212 4.20247 21.96 -321.105 2817.95 550.08 0.0616212
-4.62424 -29.0718 322.051 4630.62 -1889.67 -0.0834332 2.94402 28.1161 -322.051 3679.92 784.588 0.0834332
-4.04804 -31.7271 320.553 5008.25 -1852.47 -0.103828 2.6808 30.3987 -320.553 4019.84 869.256 0.103828
-4.14542 -30.5886 319.503 4821.05 -1891.01 -0.122004 3.03483 29.0967 -319.503 3852.38 842.21 0.122004
-4.54936 -26.0116 320.224 4131.13 -1959.52 -0.137232 3.46769 24.6591 -320.224 3232.37 789.162 0.137232
-4.91911 -18.4066 320.673 2991.67 -2030.58 -0.148923 3.9762 17.4053 -320.673 2212.73 732.686 0.148923
-5.52924 -9.0822 320.077 1534.1 -2116.64 -0.156244 4.64216 8.02497 -320.077 952.478 633.512 0.156244
-6.49138 0.241223 319.441 77.0973 -2192.86 -0.15791 5.35204 -1.08724 -319.441 -269.219 467.053 0.15791
-7.51878 7.47374 319.58 -1059.27 -2264.65 -0.152757 6.3733 -8.16123 -319.58 -1211.61 241.49 0.152757
-8.23565 11.4469 319.529 -1695.72 -2282 -0.140511 7.0637 -12.1354 -319.529 -1729.97 54.6953 0.140511
-8.19357 12.1007 318.938 -1797.95 -2202.9 -0.121685 6.98182 -12.6368 -318.938 -1795.62 -6.10958 0.121685
-7.43831 9.61817 319.006 -1411.55 -2041.89 -0.0972384 6.26355 -10.0673 -319.006 -1448 47.2063 0.0972384
-6.49346 4.69183 319.704 -649.7 -1838.86 -0.0685112 5.20288 -5.17762 -319.704 -783.626 135.782 0.0685112
-5.64012 -1.65443 320.051 342.691 -1631.7 -0.0369314 4.21036 1.20005 -320.051 72.7025 197.064 0.0369314
-4.90277 -8.28413 320.099 1367.94 -1432.11 -0.00389098 3.30845 7.71831 -320.099 957.779 235.907 0.00389098
-4.07514 -13.9744 320.476 2229.97 -1241.04 0.0290395 2.41788 13.1175 -320.476 1707 294.696 -0.0290395
-3.01848 -17.5919 320.842 2781.86 -1057.3 0.0602996 1.50427 16.6408 -320.842 2192.67 397.371 -0.0602996
-1.91722 -18.9466 320.582 2966.12 -901.785 0.0887599 0.71437 17.686 -320.582 2357.1 516.735 -0.0887599
-1.24263 -17.9786 320.284 2801.18 -799.276 0.113771 0.112763 16.5342 -320.284 2214 599.733 -0.113771
-0.959771 -14.8206 320.442 2323.4 -771.059 0.135013 0.153681 13.5679 -320.442 1801.89 606.764 -0.135013
-1.1576 -9.89221 320.513 1575.08 -804.097 0.152367 0.54966 9.00983 -320.513 1171.83 553.627 -0.152367
-1.70798 -3.98012 320.133 659.281 -872.969 0.165835 1.01848 3.33261 -320.133 403.714 474.5 -0.165835
-2.51525 2.14348 319.82 -295.81 -978.52 0.175614 1.63703 -2.63909 -319.82 -398.619 372.936 -0.175614
-3.45744 7.31542 319.887 -1132.57 -1118.74 0.182175 2.52272 -8.0775 -319.887 -1103.52 247.57 -0.182175
-4.54971 10.5941 319.66 -1679.11 -1281.05 0.186087 3.43971 -11.7823 -319.66 -1571.64 117.879 -0.186087
-5.23603 11.5716 319.238 -1823.62 -1431.7 0.187744 4.37449 -12.7174 -319.238 -1705.02 32.8238 -0.187744
-5.35832 9.67605 319.267 -1532.25 -1530.96 0.187247 4.85229 -11.0061 -319.267 -1472.28 44.6435 -0.187247
-4.96755 5.10742 319.704 -822.332 -1559.32 0.184451 4.68242 -6.69127 -319.704 -891.402 154.149 -0.184451
-4.28043 -1.00676 319.966 196.038 -1523.97 0.179064 4.1087 -0.00763173 -319.966 -50.2344 301.716 -0.179064
-3.746 -7.77304 320.153 1307.19 -1466.22 0.170681 3.49658 7.25716 -320.153 877.323 410.392 -0.170681
-3.44267 -13.9145 320.472 2253.11 -1403.51 0.158712 3.03526 13.1709 -320.472 1683.01 458.74 -0.158712
-3.21129 -17.6137 320.617 2842.01 -1339.38 0.142476 2.73826 17.0884 -320.617 2200.82 471.429 -0.142476
-3.11944 -18.7235 320.308 2987.08 -1276.04 0.121572 2.39312 17.9197 -320.308 2337.77 471.708 -0.121572
-3.31472 -16.8855 320.089 2686.9 -1241.56 0.096217 2.20218 15.9613 -320.089 2086.29 436.757 -0.096217
-3.77795 -12.2994 320.262 1988 -1266.69 0.0672597 2.60891 11.6756 -320.262 1496.1 335.68 -0.0672597
-4.47653 -5.65981 320.227 977.779 -1336.73 0.0359009 3.38455 5.56975 -320.227 654.4 191.722 -0.0359009
-5.12613 1.79896 319.784 -183.987 -1416.89 0.00345694 4.23102 -1.62797 -319.784 -313.412 54.6885 -0.00345694
-5.38598 9.13097 319.579 -1303.88 -1467.91 -0.0285736 4.98259 -8.47354 -319.579 -1253.51 -41.0903 0.0285736
-5.46808 15.0559 319.677 -2197.76 -1464.03 -0.0585053 5.30392 -13.9127 -319.677 -2010.86 -103.411 0.0585053
-5.5269 18.7572 319.223 -2756.41 -1412.44 -0.0847836 5.38714 -17.2659 -319.223 -2477.28 -175.35 0.0847836
-5.49369 19.7965 318.882 -2936.54 -1314.3 -0.106285 5.41076 -18.3612 -318.882 -2607.38 -271.7 0.106285
-5.32518 18.3752 319.009 -2740.3 -1152.26 -0.122365 5.04865 -17.008 -319.009 -2400.54 -356.155 0.122365
-4.65499 14.9028 319.344 -2201.69 -908.126 -0.132732 4.21848 -13.2999 -319.344 -1895.89 -381.766 0.132732
-3.44323 9.77754 319.61 -1415.83 -590.1 -0.137325 2.91775 -8.14119 -319.61 -1187.59 -334.213 0.137325
-1.66145 4.11383 319.958 -538.291 -224.667 -0.136395 1.48917 -2.42787 -319.958 -412.157 -232.669 0.136395
0.298253 -0.945293 320.297 249.986 165.599 -0.130555 -0.0998264 2.71379 -320.297 281.622 -106.782 0.130555
2.00518 -4.38843 320.478 778.612 549.586 -0.120649 -1.72637 6.19047 -320.478 758.33 -5.83631 0.120649
3.57147 -5.58892 320.613 943.229 899.365 -0.107554 -2.78325 7.35452 -320.613 937.167 26.1936 0.107554
4.84524 -4.57955 320.723 730.403 1226.59 -0.0920378 -3.61621 6.00459 -320.723 807.079 5.81759 0.0920378
5.91971 -1.64275 320.881 217.138 1560.85 -0.0747772 -4.56763 2.78371 -320.881 425.517 -33.2769 0.0747772
6.8935 2.29623 320.939 -476.027 1906.26 -0.0564835 -5.53928 -1.67668 -320.939 -101.858 -95.1697 0.0564835
7.63522 5.92049 320.722 -1156.06 2232.31 -0.037858 -6.29756 -6.28239 -320.722 -617.761 -202.388 0.037858
8.09273 8.55287 320.503 -1629.07 2528.71 -0.019448 -6.95463 -9.2884 -320.503 -964.145 -335.981 0.019448
8.54926 9.21054 320.527 -1772.77 2807.49 -0.00182165 -7.7229 -10.1629 -320.527 -1043.18 -436.051 0.00182165
9.05689 7.62147 320.432 -1562.01 3060.82 0.0141916 -8.74567 -8.83051 -320.432 -829.553 -466.476 -0.0141916
9.72966 4.15075 320.311 -1030.57 3246.29 0.0277026 -9.52329 -5.35778 -320.311 -352.167 -440.93 -0.0277026
10.0652 -0.85684 320.414 -264.743 3323.52 0.0380206 -10.116 -0.543357 -320.414 309.143 -383.279 -0.0380206
9.99584 -5.99353 320.536 589.901 3259.63 0.0445581 -10.2231 5.12435 -320.536 1024.41 -314.203 -0.0445581
9.42424 -10.3348 320.447 1338.37 3040.82 0.0468143 -9.78325 10.0517 -320.447 1622.75 -242.945 -0.0468143
8.36063 -13.0488 320.432 1802.74 2670.82 0.0446446 -8.76122 12.8154 -320.432 1954.42 -176.866 -0.0446446
6.83097 -13.315 320.44 1895.8 2158.61 0.0384441 -7.09593 13.164 -320.44 1950.85 -129.993 -0.0384441
5.22207 -11.5325 320.348 1629.66 1550.77 0.0291284 -4.75993 10.903 -320.348 1629.66 -96.6355 -0.0291284
3.2989 -7.80046 320.455 1086.28 904.078 0.0180398 -2.48798 7.08524 -320.455 1076.29 -60.8487 -0.0180398
1.43359 -3.20429 320.456 403.496 269.76 0.00672255 -0.221564 2.44497 -320.456 417.261 -28.1985 -0.00672255
-0.110756 1.4745 320.069 -268.307 -301.748 -0.00341416 1.98868 -1.91951 -320.069 -224.708 -3.42795 0.00341416
-1.58856 5.65773 319.799 -835.223 -764.681 -0.011281 3.56515 -5.37922 -319.799 -768.136 14.749 0.011281
-2.85624 8.39762 319.796 -1244.69 -1105.65 -0.0161205 4.64345 -8.16801 -319.796 -1161.87 14.1716 0.0161205
-3.53786 9.93429 319.549 -1453.92 -1306.14 -0.0176026 5.46542 -9.47349 -319.549 -1365.54 -4.17712 0.0176026
-3.59715 9.97972 319.307 -1451.27 -1343.13 -0.0159132 5.66324 -9.43375 -319.307 -1369 -4.62132 0.0159132
-2.8887 8.26955 319.387 -1238.17 -1200.86 -0.0116651 5.10223 -8.33752 -319.387 -1174.37 37.7626 0.0116651
-1.53124 5.41113 319.591 -815.261 -890.667 -0.00579206 3.89085 -5.59993 -319.591 -784.271 101.315 0.00579206
0.170127 1.37595 319.818 -223.211 -448.135 0.000542423 2.27507 -1.76064 -319.818 -232.308 141.57 -0.000542423
2.14101 -3.31151 320.226 463.326 104.008 0.00608478 0.438003 2.72957 -320.226 414.467 143.823 -0.00608478
4.28332 -7.91693 320.686 1139.79 755.373 0.00955542 -1.75893 7.2771 -320.686 1067.68 124.292 -0.00955542
6.59118 -11.5753 321.331 1676.06 1479.52 0.00965511 -4.18691 11.1444 -321.331 1624.65 89.8013 -0.00965511
8.94102 -13.6209 321.768 1954.13 2243.57 0.00526124 -6.6741 13.4966 -321.768 1985.33 30.2307 -0.00526124
10.9087 -13.7158 321.752 1905.45 2990.43 -0.0041964 -9.04504 13.72 -321.752 2080.02 -84.5163 0.0041964
12.2103 -11.5563 321.774 1508.6 3651.02 -0.018638 -10.9492 11.769 -321.774 1879.36 -277.577 0.018638
13.1373 -7.64398 321.811 816.842 4191.8 -0.0375719 -12.0411 7.64657 -321.811 1403.42 -523.368 0.0375719
13.8166 -2.59932 321.649 -59.8601 4625.49 -0.0601483 -12.7725 2.09417 -321.649 740.141 -750.658 0.0601483
14.417 2.8399 321.409 -942.421 4968.43 -0.0850703 -13.4509 -3.4044 -321.409 33.2375 -906.656 0.0850703
15.1365 7.2722 321.09 -1676.91 5225.2 -0.110722 -13.9297 -8.20447 -321.09 -573.897 -988.522 0.110722
15.7209 9.89456 320.749 -2119.9 5399.03 -0.135363 -14.3736 -11.1973 -320.749 -946.896 -1012.45 0.135363
16.3064 10.1831 320.453 -2178.25 5500.65 -0.157318 -14.664 -11.6185 -320.453 -991.697 -986.604 0.157318
16.6299 7.91717 320.334 -1829.38 5534.62 -0.175275 -15.0776 -9.36996 -320.334 -684.575 -913.586 0.175275
16.8985 3.35767 320.395 -1124.48 5489.72 -0.188482 -15.2772 -4.87804 -320.395 -74.2134 -801.055 0.188482
17.1303 -2.55516 320.586 -175.381 5360 -0.196587 -15.2397 1.2787 -320.586 730.535 -643.744 0.196587
17.1858 -8.62352 320.811 838.274 5147.12 -0.199459 -15.1586 7.93851 -320.811 1566.45 -435.516 0.199459
16.9975 -13.7083 320.87 1697.43 4843.35 -0.197241 -14.8262 13.4123 -320.87 2241.65 -208.49 0.197241
16.4751 -16.6512 320.731 2229.86 4440.25 -0.190372 -13.8449 16.6875 -320.731 2612.91 -25.1171 0.190372
15.0473 -16.7199 320.515 2330.44 3942.4 -0.179356 -12.4393 17.2272 -320.515 2600.89 59.7973 0.179356
12.8047 -14.1096 320.471 1974.52 3348.63 -0.164619 -10.3189 14.565 -320.471 2190.84 18.4424 0.164619
9.95898 -8.81416 320.367 1198.26 2689.35 -0.146566 -7.6738 9.30229 -320.367 1433.15 -121.172 0.146566
6.83229 -1.58974 320.278 124.192 1997.62 -0.125587 -4.86745 2.36225 -320.278 449.303 -292.498 0.125587
3.97305 5.97441 320.188 -1049.48 1348.82 -0.101972 -2.3264 -5.37522 -320.188 -600.156 -429.292 0.101972
1.68588 12.5009 319.963 -2063.96 800.153 -0.0760018 -0.264907 -12.1467 -319.963 -1517.69 -513.372 0.0760018
0.0107666 16.766 319.545 -2715.12 360.693 -0.0481699 1.39875 -16.5999 -319.545 -2133.18 -559.837 0.0481699
-1.07502 18.1089 319.243 -2913.24 36.5402 -0.0192708 2.54424 -18.1344 -319.243 -2353.04 -560.57 0.0192708
-1.44821 16.5391 319.099 -2651.4 -152.547 0.00961414 2.94593 -16.5958 -319.099 -2163.15 -484.632 -0.00961414
-1.10317 12.222 319.452 -1966.94 -200.065 0.0371554 2.53848 -12.3385 -319.452 -1601.67 -328.218 -0.0371554
-0.376101 5.87575 319.898 -958.492 -138.713 0.0618983 1.54254 -6.00028 -319.898 -767.045 -139.523 -0.0618983
0.237239 -1.47847 320.111 194.456 -28.9262 0.0824029 0.343365 1.18146 -320.111 192.068 13.8846 -0.0824029
0.753697 -8.52649 320.457 1290.84 79.6321 0.097321 -0.521391 8.00614 -320.457 1111.36 105.954 -0.097321
1.0353 -14.1355 320.789 2141.95 156.065 0.105577 -1.173 13.2352 -320.789 1835.02 165.089 -0.105577
1.19089 -17.4879 320.834 2642.13 195.716 0.106664 -1.72145 16.2885 -320.834 2265.6 227.662 -0.106664
1.18426 -18.3541 320.54 2777.42 174.142 0.100814 -1.93664 17.1063 -320.54 2375.03 279.389 -0.100814
0.802296 -16.9376 320.411 2569.81 65.7993 0.08893 -1.62312 15.7358 -320.411 2177.72 286.453 -0.08893
-0.0382638 -13.3463 320.508 2051.97 -129.989 0.0724333 -0.816498 12.5435 -320.508 1709.94 242.613 -0.0724333
-1.08178 -8.34087 320.379 1285.91 -395.741 0.0530984 0.43798 7.6456 -320.379 1037.12 174.111 -0.0530984
-1.84652 -2.14737 320.038 389.92 -672.616 0.0329162 1.83536 2.28747 -320.038 254.756 136.409 -0.0329162
-2.46728 4.09887 319.858 -524.072 -908.463 0.0139368 2.74422 -3.27972 -319.858 -547.643 149.566 -0.0139368
-2.95109 9.39119 319.813 -1343.26 -1099.67 -0.00199166 3.47753 -8.58879 -319.813 -1268.76 163.569 0.00199166
-3.57072 13.3914 319.528 -1949.66 -1245.39 -0.0134811 4.10456 -12.4371 -319.528 -1802.72 127.956 0.0134811
-4.09793 15.0778 319.26 -2260.28 -1327.82 -0.0197198 4.64753 -14.7382 -319.26 -2071.48 54.8671 0.0197198
-4.05074 14.7311 319.254 -2225.06 -1303.71 -0.0204963 4.77679 -14.5746 -319.254 -2032.56 18.9443 0.0204963
-3.26632 12.1266 319.404 -1838.96 -1137.23 -0.0161631 3.98941 -12.146 -319.404 -1687.39 81.0674 0.0161631
-1.77302 7.43936 319.648 -1141.94 -839.072 -0.00754703 2.49176 -7.81837 -319.648 -1074.61 217.807 0.00754703
-0.190998 2.11543 320.06 -252.136 -475.18 0.00415027 0.740591 -1.64635 -320.06 -294.152 338.697 -0.00415027
0.973275 -3.33509 320.47 618.924 -106.121 0.017459 -0.879837 4.21804 -320.47 478.713 374.882 -0.017459
1.84088 -7.6123 320.611 1261.28 224.802 0.0307883 -1.92088 8.42389 -320.611 1068.81 322.015 -0.0307883
2.38092 -9.33393 320.588 1539.51 509.401 0.0426279 -2.72976 10.5881 -320.588 1355.06 234.149 -0.0426279
2.66533 -8.36342 320.581 1384.07 738.987 0.0517787 -3.41771 9.8863 -320.581 1267.42 146.507 -0.0517787
2.5876 -5.17757 320.477 806.43 873.816 0.0575163 -3.60771 6.01026 -320.477 818.886 28.5455 -0.0575163
1.85516 0.0239798 320.347 -58.0101 881.043 0.0596065 -3.12047 0.499843 -320.347 126.842 -155.466 -0.0596065
0.63562 5.65983 320.125 -1000.88 770.64 0.0582515 -2.05478 -5.64586 -320.125 -642.157 -376.834 -0.0582515
-0.518108 10.141 319.894 -1779.14 604.964 0.0540551 -0.910967 -11.0254 -319.894 -1296.63 -544.963 -0.0540551
-1.05767 12.6699 319.559 -2182.14 438.324 0.047896 -0.0576578 -13.7654 -319.559 -1659.16 -580.961 -0.047896
-1.13598 12.33 319.427 -2103.22 294.927 0.0406533 0.100036 -13.3583 -319.427 -1629.46 -472.363 -0.0406533
-1.01964 9.24378 319.618 -1557.42 149.642 0.0329887 -0.031245 -9.81469 -319.618 -1211.85 -291.782 -0.0329887
-1.04932 4.06962 320.074 -667.595 -34.2557 0.0252993 0.0169706 -4.05915 -320.074 -513.49 -119.988 -0.0252993
-1.32134 -1.67035 320.293 330.875 -266.518 0.0177384 0.326816 2.46787 -320.293 270.537 26.8654 -0.0177384
-1.73746 -6.38193 320.527 1164.54 -541.361 0.0102691 0.78306 7.9051 -320.527 911.614 174.022 -0.0102691
-2.0624 -9.17038 320.531 1615.78 -850.949 0.0027986 1.50835 10.4169 -320.531 1230.64 330.039 -0.0027986
-2.52014 -8.71386 320.431 1598.72 -1189.78 -0.00457748 2.46815 10.223 -320.431 1153.35 461.964 0.00457748
-3.52511 -5.19428 320.159 1101.85 -1556.21 -0.0113587 3.64758 7.05766 -320.159 679.027 510.214 0.0113587
-4.90725 0.637959 319.982 206.446 -1931.44 -0.0167237 5.35157 1.2519 -319.982 -116.448 436.464 0.0167237
-6.5986 7.85376 319.734 -911.454 -2260.05 -0.0198606 7.05215 -5.89828 -319.734 -1085.85 271.92 0.0198606
-8.16624 14.5861 319.458 -2007.24 -2486.36 -0.0201597 8.39577 -13.21 -319.458 -2030.65 75.1494 0.0201597
-9.14576 19.5897 319.208 -2828.98 -2579.04 -0.0171748 9.2732 -18.6947 -319.208 -2732.91 -101.834 0.0171748
-9.4501 21.8923 318.723 -3212.03 -2526.29 -0.0106725 9.39585 -21.1877 -318.723 -3046.72 -216.292 0.0106725
-8.79379 20.526 318.214 -3088.41 -2320.85 -0.000906093 8.81778 -20.7223 -318.214 -2904.27 -241.896 0.000906093
-7.32505 15.9194 318.508 -2414.76 -1974.24 0.0112392 7.47424 -16.3097 -318.508 -2267.47 -179.282 -0.0112392
-5.26007 8.30067 319.544 -1232.54 -1494.74 0.0244345 5.35874 -8.45099 -319.544 -1200.93 -50.6618 -0.0244345
-2.7537 -1.53389 320.093 247.545 -924.477 0.0371478 2.89551 0.868839 -320.093 101.94 101.941 -0.0371478
-0.213792 -11.3226 320.402 1744.47 -327.769 0.0477812 0.413607 10.4532 -320.402 1419.73 235.761 -0.0477812
1.89671 -19.2419 321.238 2941.82 226.527 0.05487 -1.91695 18.3156 -321.238 2515.35 327.662 -0.05487
3.49834 -24.2005 321.533 3669.89 706.949 0.0573675 -3.89231 23.2202 -321.533 3220.36 367.873 -0.0573675
4.32482 -25.0712 320.81 3848.21 1059.23 0.0548293 -5.22636 25.0799 -320.81 3438.66 330.337 -0.0548293
4.56305 -22.0201 320.132 3414.13 1267.93 0.0474701 -5.62348 22.8421 -320.132 3104.09 214.637 -0.0474701
4.05833 -14.562 320.601 2302.38 1324.69 0.0361324 -5.31027 16.1332 -320.601 2157.21 39.5471 -0.0361324
2.84891 -3.16155 321.253 512.596 1220.98 0.0221394 -4.31242 4.87625 -321.253 654.861 -177.131 -0.0221394
1.07861 10.1961 320.645 -1611.81 963.757 0.00723606 -2.58689 -8.6176 -320.645 -1122.21 -427.709 -0.00723606
-0.827526 22.1406 320.191 -3529.26 645.846 -0.00631944 -0.639108 -21.357 -320.191 -2791.37 -669.861 0.00631944
-2.54093 30.7866 320.468 -4851.07 304.674 -0.0161271 1.21926 -30.0953 -320.468 -3995.67 -847.969 0.0161271
-3.78463 35.2605 318.979 -5514.68 -11.9858 -0.0206036 2.5547 -34.5992 -318.979 -4636.59 -906.587 0.0206036
-4.22685 35.7834 317.2 -5517.94 -270.939 -0.0193528 3.29929 -34.4927 -317.2 -4693.69 -820.789 0.0193528
-4.01626 32.06 317.622 -4904.76 -463.66 -0.0125372 3.37932 -30.6332 -317.622 -4204.81 -609.936 0.0125372
-3.57842 24.4178 318.93 -3715.4 -621.55 -0.000497522 3.02222 -23.146 -318.93 -3195.54 -337.431 0.000497522
-3.01623 13.6636 320.072 -1995.41 -744.408 0.0158964 2.52447 -12.1026 -320.072 -1748.13 -61.4644 -0.0158964
-2.37006 1.20604 320.298 -30.1929 -844.957 0.0349794 2.03985 0.0379866 -320.298 -139.151 202.516 -0.0349794
-1.55998 -10.2099 320.644 1754.01 -922.73 0.0545248 1.4359 10.8925 -320.644 1312.62 484.901 -0.0545248
-0.458755 -18.2553 321.309 3034.22 -984.092 0.0723578 0.932744 18.8898 -321.309 2363.57 778.591 -0.0723578
0.204933 -22.4608 321.06 3682.46 -1055.11 0.086919 0.496058 22.8185 -321.06 2897.38 1008.87 -0.086919
0.155255 -22.7169 320.075 3739.46 -1159.4 0.0974071 0.599315 23.1547 -320.075 2926.49 1090.58 -0.0974071
-0.854824 -19.34 319.976 3236.78 -1318.12 0.103594 1.3936 19.9687 -319.976 2475.55 987.029 -0.103594
-2.56147 -12.7972 320.528 2203.81 -1509.61 0.105491 2.68098 13.2829 -320.528 1586.36 743.631 -0.105491
-4.27789 -3.69596 320.228 765.342 -1679.64 0.10321 4.12759 4.23718 -320.228 388.056 454.381 -0.10321
-5.76066 5.90317 319.401 -786.524 -1785.06 0.0971772 5.22395 -5.66804 -319.401 -894.075 185.447 -0.0971772
-6.50157 14.0316 319.519 -2123.08 -1818.34 0.0883408 6.28609 -14.3861 -319.519 -2005.37 -42.8272 -0.0883408
-6.67209 19.371 319.551 -2977.04 -1748.28 0.0778809 6.7445 -19.8008 -319.551 -2714.07 -203.791 -0.0778809
-6.3322 20.9329 318.615 -3249.46 -1562.98 0.0666515 6.36516 -21.5151 -318.615 -2917.79 -284.014 -0.0666515
-5.22263 19.3717 318.296 -2972.37 -1271.62 0.0549666 5.56122 -19.179 -318.296 -2628.68 -296.712 -0.0549666
-3.59155 14.6493 319.365 -2228.22 -870.215 0.0427572 4.13169 -13.9752 -319.365 -1930.65 -252.694 -0.0427572
-1.60459 7.83261 320.06 -1179.83 -379.75 0.0299144 2.19751 -7.03768 -320.06 -980.691 -172.61 -0.0299144
0.554852 0.727304 320.069 -41.7435 167.971 0.0165571 -0.014993 0.677908 -320.069 34.5206 -84.1955 -0.0165571
2.66241 -5.57854 320.513 929.413 726.38 0.00278866 -2.21454 7.07296 -320.513 908.611 -15.8268 -0.00278866
4.27704 -10.0175 321.254 1526.15 1233.03 -0.0116531 -4.11394 10.6808 -321.254 1480.9 -10.8775 0.0116531
5.23905 -11.2792 321.062 1681.89 1649.96 -0.0271049 -5.4638 11.904 -321.062 1686.06 -90.9026 0.0271049
5.79002 -9.83542 320.722 1401.48 1952.62 -0.0434119 -5.98235 10.2404 -320.722 1514.83 -237.268 0.0434119
6.15802 -6.28344 320.913 770.69 2175.63 -0.059878 -6.18454 6.13453 -320.913 1032.83 -376.706 0.059878
6.4171 -1.10216 320.917 -54.4474 2329.62 -0.0756589 -6.32393 1.07525 -320.917 369.953 -472.278 0.0756589
6.46937 4.34135 320.309 -910.953 2396.88 -0.0899997 -6.19688 -4.21252 -320.309 -332.825 -550.065 0.0899997
6.19103 8.78617 319.955 -1639.87 2376.29 -0.102132 -5.70908 -8.96014 -319.955 -939.58 -640.605 0.102132
5.61087 11.6059 320.004 -2089.88 2295.8 -0.111249 -5.12678 -11.8752 -320.004 -1322.83 -728.954 0.111249
5.0871 11.9894 319.784 -2170.28 2198.28 -0.116779 -4.72315 -12.5647 -319.784 -1398.33 -766.3 0.116779
4.9693 9.94795 319.58 -1853.57 2107.39 -0.118552 -4.58011 -10.6817 -319.58 -1144.76 -713.626 0.118552
5.1687 5.77571 319.918 -1180.95 2021.74 -0.116678 -4.78463 -6.52474 -319.918 -607.087 -569.774 0.116678
5.42906 0.162036 320.237 -276.546 1914.72 -0.111483 -5.12653 -0.977233 -320.237 110.297 -375.872 0.111483
5.58881 -5.61039 320.404 686.012 1758.41 -0.103505 -5.251 5.08867 -320.404 867.933 -178.992 0.103505
5.77749 -10.6463 320.731 1516.23 1562.8 -0.0933319 -5.02784 10.2107 -320.731 1513.78 10.7995 0.0933319
5.8224 -13.9477 320.986 2071.04 1337.59 -0.0814611 -4.72779 13.583 -320.986 1928.79 198.102 0.0814611
5.70873 -14.9848 320.694 2279.37 1100.9 -0.068292 -4.33867 14.8223 -320.694 2051.35 360.922 0.068292
4.79314 -13.9983 320.446 2135.58 823.167 -0.0540825 -3.80559 13.6427 -320.446 1880.51 427.465 0.0540825
2.98785 -11.3542 320.585 1702.34 474.367 -0.0389289 -2.63805 10.5202 -320.585 1475.95 343.762 0.0389289
0.749964 -7.37855 320.549 1083.2 69.0283 -0.0229189 -0.796871 6.47485 -320.549 929.735 155.952 0.0229189
-1.74165 -3.15641 320.129 413.562 -342.793 -0.00624429 0.721631 2.04122 -320.129 341.792 -15.3914 0.00624429
-3.35898 0.519274 319.988 -163.624 -726.22 0.0109384 2.23262 -1.8684 -319.988 -183.045 -87.1343 -0.0109384
-4.28238 3.34022 320.026 -539.613 -1070.11 0.0286373 3.36227 -4.1892 -320.026 -554.018 -42.3174 -0.0286373
-4.9883 4.49598 319.851 -671.308 -1377.61 0.0468173 3.97019 -5.12428 -319.851 -725.987 73.4419 -0.0468173
-5.58147 4.02201 319.782 -562.695 -1676.87 0.0651148 4.6946 -4.62123 -319.782 -692.513 180.428 -0.0651148
-6.26048 2.39895 319.959 -250.39 -1974.03 0.0828858 5.55253 -2.64841 -319.959 -482.227 253.506 -0.0828858
-6.70028 -0.148312 320.068 181.531 -2221.74 0.0993902 6.2 -0.0437025 -320.068 -165.47 342.542 -0.0993902
-6.90524 -3.19898 319.945 655.754 -2392.77 0.113824 6.23679 2.63123 -319.945 192.322 477.83 -0.113824
-6.99688 -5.97193 320.03 1111.06 -2506.87 0.125348 5.99849 5.4115 -320.03 543.967 612.725 -0.125348
-6.99535 -8.267 320.233 1480.82 -2599.8 0.133234 6.10242 7.67814 -320.233 837.079 690.402 -0.133234
-7.17932 -9.45385 320.153 1693.66 -2670.38 0.136981 6.21902 9.13972 -320.153 1009.1 717.09 -0.136981
-7.17658 -8.88569 319.873 1681.87 -2704.62 0.136347 6.3627 9.51576 -319.873 992.976 730.764 -0.136347
-7.04439 -6.8852 319.747 1388.2 -2695.85 0.131405 6.32813 7.7415 -319.747 738.176 746.247 -0.131405
-6.95024 -3.09312 319.729 814.37 -2654.89 0.122682 6.26275 4.26494 -319.729 255.856 728.634 -0.122682
-7.05588 1.67942 319.518 42.5234 -2600.18 0.111149 6.46232 -0.638941 -319.518 -378.318 629.926 -0.111149
-7.46661 6.22268 319.289 -765.693 -2526.63 0.0979845 6.77815 -6.13686 -319.289 -1029.15 451.307 -0.0979845
-7.76498 10.0824 319.267 -1415.88 -2410.77 0.0843371 7.06484 -10.2442 -319.267 -1536.65 251.056 -0.0843371
-7.63621 11.7085 319.156 -1750 -2221.52 0.0711839 6.86536 -12.5389 -319.156 -1772.33 110.173 -0.0711839
-6.89604 11.2313 319.049 -1689.68 -1943.16 0.059192 5.99674 -11.9105 -319.049 -1672.1 66.2238 -0.059192
-5.6925 8.4534 319.303 -1249.58 -1603.82 0.0486637 4.72984 -8.75881 -319.303 -1250.73 86.4832 -0.0486637
-4.38354 3.70864 319.77 -525.623 -1241.18 0.0396287 3.32467 -3.99736 -319.77 -593.561 118.847 -0.0396287
-3.16889 -2.0364 320.072 343.496 -886.866 0.0318858 2.00232 1.58718 -320.072 183.38 133.792 -0.0318858
-2.19876 -7.56536 320.301 1201.93 -567.935 0.0249714 0.800733 7.22455 -320.301 947.291 130.999 -0.0249714
-1.38735 -11.888 320.579 1873.63 -303.076 0.0183139 -0.185086 11.6724 -320.579 1549.85 127.767 -0.0183139
-0.666421 -14.1588 320.599 2214.95 -115.572 0.0115288 -0.757083 13.9393 -320.599 1867.8 128.489 -0.0115288
0.0737029 -13.9136 320.393 2171.48 0.311045 0.00455246 -0.888589 13.735 -320.393 1845.9 139.486 -0.00455246
0.679037 -11.2422 320.307 1751.82 62.3544 -0.00238888 -0.818975 11.093 -320.307 1493.5 155.427 0.00238888
1.18704 -6.62379 320.382 1022.1 89.2104 -0.00884278 -0.465999 6.49518 -320.382 884.109 151.24 0.00884278
0.923278 -0.981704 320.202 126.388 92.687 -0.0142169 -0.306027 0.88645 -320.202 145.078 86.423 0.0142169
-0.0143465 4.6401 319.971 -765.421 70.2694 -0.0179047 0.0452208 -4.63433 -319.971 -582.153 -78.0896 0.0179047
-0.957116 9.39247 319.891 -1510.99 34.1324 -0.0194436 0.920871 -9.13988 -319.891 -1181.81 -305.764 0.0194436
-1.54151 12.5197 319.844 -2005.8 44.825 -0.0187074 1.36927 -12.1447 -319.844 -1578.03 -466.165 0.0187074
-1.61259 13.7622 319.626 -2200.83 129.325 -0.0160122 0.85628 -13.3032 -319.626 -1731.89 -486.223 0.0160122
-0.975573 12.7825 319.551 -2077.4 243.611 -0.0119667 0.255258 -12.6696 -319.551 -1620.93 -420.51 0.0119667
-0.418561 9.77658 319.723 -1636.16 335.829 -0.00724569 -0.322981 -10.0385 -319.723 -1243.13 -347.747 0.00724569
-0.208967 5.22946 319.949 -924.95 384.483 -0.00257926 -0.821544 -5.56888 -319.949 -644.213 -293.566 0.00257926
0.0113627 -0.381196 320.127 -57.5799 388.144 0.00115746 -1.07109 -0.269348 -320.127 73.6675 -229.149 -0.00115746
0.385255 -6.08567 320.411 830.638 360.529 0.00305202 -1.3619 5.09359 -320.411 793.569 -105.332 -0.00305202
0.802374 -10.7321 320.605 1599.92 294.065 0.00250715 -1.77253 9.93966 -320.605 1403.61 80.8401 -0.00250715
0.946701 -13.7445 320.641 2128.6 148.54 -0.000503679 -1.87915 13.3396 -320.641 1806.75 262.141 0.000503679
0.449447 -14.961 320.595 2341.3 -100.76 -0.00550893 -1.4156 14.5039 -320.595 1940.12 371.09 0.00550893
-0.743767 -13.7434 320.497 2220.01 -455.863 -0.0117015 -0.320502 13.8161 -320.497 1784.66 392.921 0.0117015
-2.23603 -10.5856 320.474 1760.69 -886.979 -0.0180442 1.27687 10.7682 -320.474 1342.43 374.301 0.0180442
-3.53928 -5.87883 320.472 1041.48 -1329.31 -0.0233642 2.96552 5.93728 -320.472 675.974 381.046 0.0233642
-4.72015 -0.350256 320.087 202.206 -1744.77 -0.0263779 4.36404 0.391515 -320.087 -93.6934 420.88 0.0263779
-5.71095 4.53296 319.816 -573.416 -2115.26 -0.0257944 5.73819 -4.96421 -319.816 -805.651 446.983 0.0257944
-6.62679 8.07014 319.688 -1110.59 -2423.19 -0.0206445 7.06835 -8.577 -319.688 -1307.27 427.998 0.0206445
-7.62537 9.33023 319.466 -1304.53 -2641.03 -0.0105485 7.9225 -9.98417 -319.466 -1500.83 376.293 0.0105485
-8.12744 8.20192 319.213 -1122.25 -2741.55 0.00423794 8.41555 -8.85072 -319.213 -1354.46 332.093 -0.00423794
-7.89044 5.38959 319.278 -626.74 -2697.21 0.0228219 8.30701 -5.28836 -319.278 -923.746 338.034 -0.0228219
-6.98341 1.13709 319.49 43.5773 -2494.13 0.0437537 7.37122 -0.853717 -319.49 -331.875 402.967 -0.0437537
-5.53841 -3.32494 319.626 732.632 -2164.81 0.0652707 6.07895 3.69218 -319.626 287.825 471.86 -0.0652707
-3.9753 -6.91617 319.695 1291.19 -1755.98 0.085524 4.73423 7.56553 -319.695 813.73 486.283 -0.085524
-2.51902 -9.11259 319.926 1595.85 -1287.6 0.102731 3.35621 9.72464 -319.926 1141.76 430.749 -0.102731
-0.870196 -9.47422 320.119 1583.91 -759.428 0.115335 2.03036 9.79309 -320.119 1215.99 336.058 -0.115335
0.917189 -7.81871 320.4 1271.8 -169.188 0.122127 0.436132 8.11705 -320.4 1043.8 238.618 -0.122127
2.72792 -4.63294 320.533 707.186 470.907 0.122305 -1.44444 4.84117 -320.533 669.296 136.481 -0.122305
4.64816 -0.615064 320.881 -7.26547 1143.75 0.115495 -3.19709 0.571944 -320.881 179.38 -0.961839 -0.115495
6.51114 3.47925 321.404 -736.177 1843.44 0.101786 -4.91685 -3.75334 -321.404 -315.341 -178.286 -0.101786
8.30844 6.67395 321.177 -1327 2558.29 0.0817338 -6.72621 -7.2568 -321.177 -698.034 -367.319 -0.0817338
9.88787 8.24228 320.925 -1652.83 3233.84 0.0562754 -8.60249 -9.14497 -320.925 -874.718 -539.043 -0.0562754
11.4412 7.56384 321.141 -1655.94 3861.47 0.0265931 -10.5397 -9.21776 -321.141 -783.87 -657.963 -0.0265931
12.6799 4.87021 321.157 -1304.28 4397.09 -0.00600081 -12.415 -6.81577 -321.157 -395.337 -739.842 0.00600081
13.6263 0.532054 320.922 -658.858 4786.98 -0.0401955 -13.7144 -2.33744 -320.922 240.147 -802.468 0.0401955
14.2115 -4.76155 320.942 148.64 5014.5 -0.0747534 -14.5429 3.12062 -320.942 994.81 -824.057 0.0747534
14.4923 -9.76032 321.065 945.319 5078.12 -0.108415 -15.0884 8.48794 -321.065 1704.35 -767.585 0.108415
14.6493 -13.3575 320.781 1557.75 4968.28 -0.139818 -15.0601 12.5964 -320.781 2211.64 -639.555 0.139818
14.1423 -15.1487 320.413 1875.18 4660.63 -0.167547 -14.389 14.414 -320.413 2418.7 -504.026 0.167547
12.6922 -14.7136 320.178 1856.02 4142.62 -0.190213 -12.78 13.9003 -320.178 2300.17 -431.788 0.190213
10.2461 -11.9296 320.078 1514.93 3423.33 -0.206503 -10.2379 11.4469 -320.078 1880.46 -438.812 0.206503
7.07837 -7.37473 320.069 888.694 2541.26 -0.215245 -7.12216 7.04222 -320.069 1205.13 -471.443 0.215245
3.62211 -1.53895 320.11 66.2501 1554.74 -0.215498 -3.82129 1.48095 -320.11 371.903 -468.623 0.215498
0.488791 4.30858 320.374 -786.086 581.928 -0.206638 -0.710621 -4.39757 -320.374 -479.188 -405.104 0.206638
-2.41561 8.9353 320.236 -1444.88 -361.677 -0.188362 2.32956 -9.10593 -320.236 -1176.43 -327.342 0.188362
-4.76965 11.467 319.819 -1771.45 -1245.46 -0.160729 5.43145 -11.6962 -319.819 -1593.76 -238.33 0.160729
-6.59292 11.3598 319.752 -1686.65 -1989.09 -0.12451 7.56512 -11.6593 -319.752 -1657.34 -71.5195 0.12451
-7.53597 8.65726 319.997 -1198.42 -2556.19 -0.0814242 8.78181 -8.99763 -319.997 -1365.9 180.112 0.0814242
-7.83197 3.78357 319.87 -383.155 -2950.57 -0.0337854 9.3066 -4.17475 -319.87 -772.065 453.904 0.0337854
-8.04767 -2.15897 319.66 601.455 -3176.26 0.0158267 9.07301 2.02212 -319.66 7.31265 681.249 -0.0158267
-7.93357 -8.16788 319.97 1565.78 -3267.97 0.0645263 8.85987 8.1777 -319.97 810.57 819.963 -0.0645263
-7.63082 -13.0462 320.049 2334.85 -3233.82 0.109293 8.37359 13.1595 -320.049 1474.21 900.286 -0.109293
-6.93242 -15.6595 319.721 2761.95 -3073.25 0.14748 7.48913 16.1401 -319.721 1859.88 969.859 -0.14748
-5.95388 -15.6399 319.519 2766.52 -2820.57 0.17712 6.44224 16.3773 -319.519 1886.84 1011.91 -0.17712
-5.20294 -12.7641 319.629 2316.11 -2526.13 0.196889 5.53163 13.7227 -319.629 1533.56 959.651 -0.196889
-4.84589 -7.551 319.607 1454.86 -2215.77 0.206128 5.03366 8.3298 -319.607 853.582 774.595 -0.206128
-4.70343 -0.735451 319.513 310.9 -1867.03 0.204989 4.67748 1.20994 -319.513 -27.4409 499.602 -0.204989
-4.404 6.41495 319.643 -876.647 -1473.58 0.1944 4.2801 -6.0362 -319.643 -931.9 208.829 -0.1944
-3.61701 12.2741 319.862 -1883.18 -1010.84 0.175804 3.47715 -12.3058 -319.862 -1687.88 -21.418 -0.175804
-2.03579 16.0746 319.548 -2524.65 -469.594 0.15083 2.30344 -16.0693 -319.548 -2145.69 -160.908 -0.15083
0.0255003 17.1154 319.501 -2738.33 147.558 0.121137 0.508107 -17.1321 -319.501 -2237.89 -216.261 -0.121137
2.44789 15.2432 319.892 -2510.46 814.6 0.0883656 -1.5796 -15.4338 -319.892 -1947.19 -226.566 -0.0883656
5.21083 10.783 320.494 -1868.48 1536.34 0.0539933 -3.87949 -11.062 -320.494 -1306.11 -211.293 -0.0539933
8.11042 4.38214 321.079 -914.937 2306.31 0.01921 -6.53815 -4.7388 -321.079 -411.097 -172.315 -0.01921
10.8259 -2.65185 321.293 145.382 3034.92 -0.015019 -9.04721 2.36173 -321.293 582.101 -140.498 0.015019
13.0312 -8.80819 321.715 1082.94 3672.14 -0.0478828 -11.3138 8.88989 -321.715 1487.41 -126.671 0.0478828
14.623 -13.0555 322.037 1699.49 4197.18 -0.0787519 -13.1726 13.2529 -322.037 2121.79 -149.153 0.0787519
15.5243 -14.4743 321.737 1884.4 4583.19 -0.10715 -14.262 14.8217 -321.737 2370.85 -244.871 0.10715
15.5954 -12.7707 321.333 1603.42 4817.95 -0.132531 -14.5569 13.3853 -321.333 2195.45 -425.614 0.132531
14.8948 -8.48015 321.293 897.714 4900.7 -0.154127 -14.1613 8.88045 -321.293 1623.05 -666.984 0.154127
13.7555 -2.36005 321.081 -105.493 4839.14 -0.171151 -13.0973 2.21221 -321.081 768.023 -925.19 0.171151
12.2128 4.65309 320.539 -1195.98 4649.54 -0.182992 -11.7271 -4.86504 -320.539 -188.874 -1158.75 0.182992
10.5892 10.935 320.018 -2175.53 4364.9 -0.189066 -10.2177 -11.3783 -320.018 -1068.45 -1329.54 0.189066
8.96601 15.5596 319.731 -2866.08 4009.33 -0.188763 -8.7823 -15.9029 -319.731 -1707.21 -1418.89 0.188763
7.49784 17.5594 319.267 -3142.19 3612.91 -0.181802 -7.55019 -17.7923 -319.267 -1996.04 -1415.64 0.181802
6.31847 16.5825 318.947 -2970.83 3181.86 -0.168465 -6.42075 -16.9619 -318.947 -1904.61 -1321.17 0.168465
5.41846 12.967 319.131 -2365.06 2726.2 -0.149433 -5.54743 -13.3052 -319.131 -1453.47 -1124.55 0.149433
4.85565 7.23215 319.539 -1409.8 2237.57 -0.125592 -4.79225 -7.50819 -319.539 -732.9 -829.04 0.125592
4.29979 0.286978 319.945 -245.982 1698.79 -0.0980167 -4.16505 -0.547518 -319.945 124.055 -463.957 0.0980167
3.80535 -6.41418 320.531 896.878 1145.26 -0.0679346 -3.55668 6.29866 -320.531 949.898 -72.5987 0.0679346
3.01403 -11.4002 321.063 1802.79 549.098 -0.0366421 -2.56565 11.9109 -321.063 1584.21 262.624 0.0366421
1.42709 -13.9352 320.907 2295.24 -121.618 -0.00543181 -1.09992 14.8127 -320.907 1882.03 487.898 0.00543181
-0.827075 -13.6649 320.604 2305.86 -860.283 0.0245812 0.980691 14.4393 -320.604 1778.15 594.973 -0.0245812
-3.35453 -10.2746 320.931 1850.13 -1631.33 0.0526891 3.54641 11.3022 -320.931 1285.71 624.387 -0.0526891
-6.06924 -4.54158 320.676 1018.44 -2376.04 0.0785002 5.97219 5.78406 -320.676 482.852 620.758 -0.0785002
-8.55362 2.04488 319.979 -11.4375 -3044.86 0.10165 8.28085 -1.37181 -319.979 -483.819 591.91 -0.10165
-10.5803 8.59013 319.706 -1003.99 -3602 0.121777 10.4696 -8.0833 -319.706 -1417.31 535.506 -0.121777
-12.3495 13.6013 319.416 -1758.21 -4030.64 0.138647 12.1251 -13.186 -319.416 -2132.54 465.763 -0.138647
-13.5108 15.8369 318.884 -2123.53 -4309.54 0.152065 13.221 -15.9335 -318.884 -2491.2 416.182 -0.152065
-13.8252 15.1608 318.485 -2021.88 -4419.26 0.16163 13.5625 -15.4582 -318.485 -2425.52 430.352 -0.16163
-13.3938 11.4626 318.605 -1450.32 -4355.34 0.16665 12.9191 -11.8172 -318.605 -1930.67 522.572 -0.16665
-12.2835 5.43391 318.979 -503.815 -4139.3 0.166376 11.6201 -5.55966 -318.979 -1092.01 656.793 -0.166376
-10.671 -1.92868 319.23 627.526 -3801.36 0.160313 9.99471 1.85324 -319.23 -76.5235 789.73 -0.160313
-8.76158 -9.2426 319.563 1738.81 -3362.82 0.148198 8.1275 9.14569 -319.563 934.405 900.536 -0.148198
-6.59512 -15.1213 319.823 2631.7 -2855.45 0.129933 6.29591 15.1181 -319.823 1763.36 974.885 -0.129933
-4.60829 -18.6084 319.97 3136.54 -2321.65 0.105848 4.5155 18.571 -319.97 2266.74 989.463 -0.105848
-2.96994 -19.1628 319.962 3188.16 -1791.63 0.0769881 2.98891 19.1787 -319.962 2383.77 920.531 -0.0769881
-1.79967 -16.6518 319.909 2776.04 -1283.4 0.0450072 1.84504 16.9526 -319.909 2107.34 749.952 -0.0450072
-0.994892 -11.3359 320.137 1910.03 -791.123 0.0118732 1.04383 11.8798 -320.137 1463.63 492.584 -0.0118732
-0.536417 -3.94861 320.536 691.404 -328.533 -0.020365 0.503644 4.56665 -320.536 546.051 176.771 0.020365
-0.156976 4.33304 320.423 -675.007 124.44 -0.0496379 0.0400714 -3.67726 -320.423 -488.929 -152.002 0.0496379
0.387249 12.1769 320.315 -1958.98 594.516 -0.0739086 -0.565931 -11.3841 -320.315 -1464.7 -453.283 0.0739086
1.17151 17.9483 320.516 -2938.65 1088.25 -0.0914631 -1.41374 -17.458 -320.516 -2206.42 -708.296 0.0914631
2.34652 20.9586 320.23 -3473.32 1601.52 -0.101251 -2.47705 -20.7464 -320.23 -2587.21 -894.913 0.101251
3.85089 20.892 319.729 -3524.46 2130.79 -0.102978 -3.95273 -20.9792 -319.729 -2560.43 -989.946 0.102978
5.65421 17.4327 319.868 -3083.95 2666.39 -0.0970289 -5.812 -18.32 -319.868 -2112.08 -992.342 0.0970289
7.59734 10.9425 320.68 -2143.24 3176.9 -0.0843526 -7.89191 -12.3771 -320.68 -1246.39 -917.522 0.0843526
9.28182 2.60113 320.736 -837.991 3584.8 -0.0663481 -9.80982 -3.73422 -320.736 -83.9068 -801.501 0.0663481
10.5343 -6.76903 320.806 600.929 3841.54 -0.0448256 -11.3793 5.46986 -320.806 1175.99 -648.024 0.0448256
11.5006 -14.9521 321.282 1894.62 3929.4 -0.0219326 -12.4216 13.8581 -321.282 2290.16 -444.214 0.0219326
12.0029 -20.6342 321.414 2815.31 3840.31 0.000111116 -12.9605 19.7225 -321.414 3047.35 -204.439 -0.000111116
11.5922 -22.8509 320.767 3230.17 3541.67 0.0194586 -12.7242 22.3472 -320.767 3336.13 -0.826659 -0.0194586
9.99606 -21.3497 319.892 3105.77 2993.35 0.0349636 -11.1702 21.4931 -319.892 3118.43 88.4378 -0.0349636
7.2379 -16.4045 320.082 2403.47 2202.82 0.046076 -8.3768 16.4614 -320.082 2371.27 70.7493 -0.046076
3.66429 -7.78133 320.797 1146.87 1216.38 0.0526357 -4.74264 8.09513 -320.797 1159.58 8.08926 -0.0526357
-0.194238 2.69296 320.901 -434.092 125.892 0.0550714 -0.783455 -2.36959 -320.901 -301.511 -39.4027 -0.0550714
-4.001 12.5984 320.156 -1929.51 -986.879 0.0546208 3.18226 -12.5031 -320.156 -1717.37 -58.1816 -0.0546208
-7.54403 20.0185 320.169 -2989.88 -2060.81 0.0530182 6.99604 -19.8227 -320.169 -2798.38 -55.4377 -0.0530182
-10.7548 23.6612 320.146 -3460.89 -3041.77 0.0517957 10.2818 -23.4236 -320.146 -3379.63 -20.5825 -0.0517957
-13.4705 23.4923 319.097 -3338.39 -3898.18 0.0516753 12.8616 -23.1514 -319.097 -3437.76 64.4221 -0.0516753
-15.2767 19.713 318.976 -2672.9 -4583.12 0.0526717 14.6399 -19.3199 -318.976 -2997.08 226.762 -0.0526717
-16.385 12.793 319.713 -1529.05 -5092.54 0.0547327 15.4887 -12.309 -319.713 -2116.51 450.263 -0.0547327
-16.7123 3.82753 319.937 -93.0031 -5413.85 0.0578196 15.6997 -3.27559 -319.937 -937.095 692.112 -0.0578196
-16.3072 -5.62592 319.602 1366 -5559.55 0.0614335 15.4475 5.90267 -319.602 311.286 932.41 -0.0614335
-15.5622 -13.8427 319.812 2622.59 -5561.04 0.0645914 14.7265 13.9897 -319.812 1423.8 1146.34 -0.0645914
-14.6439 -19.5428 320.057 3493.19 -5456.33 0.0663765 13.8956 19.7126 -320.057 2213.06 1295.59 -0.0663765
-13.7096 -22.1648 319.463 3877.71 -5277.88 0.0663308 13.1938 22.246 -319.463 2577.63 1355.1 -0.0663308
-13.0592 -21.4129 318.72 3759.64 -5044.74 0.0644589 12.4941 21.6512 -318.72 2499.88 1318.78 -0.0644589
-12.5542 -17.5776 318.743 3163.64 -4765.36 0.0612056 11.9905 17.967 -318.743 2003.06 1186.94 -0.0612056
-11.9126 -11.132 319.034 2142.25 -4410.2 0.0572761 11.599 11.5597 -319.034 1156.65 983.212 -0.0572761
-11.0435 -2.84759 318.642 831.827 -3933.26 0.0533316 10.8008 3.52586 -318.642 95.7665 750.138 -0.0533316
-9.86316 5.86885 318.364 -583.459 -3324.14 0.0500147 9.6075 -5.06463 -318.364 -1003.91 487.751 -0.0500147
-8.51971 13.4516 318.743 -1854.36 -2623.58 0.0479196 8.37104 -12.6435 -318.743 -1936.28 164.108 -0.0479196
-7.19923 18.6717 319.601 -2747.69 -1869.17 0.0472488 6.94118 -17.713 -319.601 -2538.4 -188.403 -0.0472488
-5.31896 20.8376 319.306 -3184.58 -1019.81 0.0477015 4.80661 -20.0617 -319.306 -2757.86 -452.055 -0.0477015
-2.41815 20.0451 319.185 -3172.91 -58.738 0.0485525 1.93715 -19.6592 -319.185 -2596.24 -572.448 -0.0485525
0.97416 16.6765 320.283 -2738.03 949.904 0.0486878 -1.38633 -16.4131 -320.283 -2070.32 -603.116 -0.0486878
4.79908 10.8899 321.445 -1923.24 2006.01 0.0468625 -4.9825 -10.8733 -321.445 -1239.73 -578.939 -0.0468625
8.50541 3.84647 321.448 -893.43 3008.45 0.0420832 -8.37186 -3.99283 -321.448 -246.721 -548.565 -0.0420832
11.7348 -3.11001 321.468 118.313 3857.41 0.0337491 -11.1827 2.7975 -321.468 738.691 -518.219 -0.0337491
14.5389 -8.70734 322.17 938.25 4581.04 0.0215844 -13.879 8.49552 -322.17 1559.78 -441.2 -0.0215844
16.8735 -12.0424 322.277 1431.83 5159.5 0.00561336 -16.1987 12.1515 -322.277 2081.88 -342.258 -0.00561336
18.3868 -12.9367 321.589 1538.84 5547.23 -0.0137215 -17.6378 13.0796 -321.589 2239.55 -300.212 0.0137215
18.7469 -10.9659 321.197 1244.8 5720.74 -0.0354478 -18.0226 11.5102 -321.197 2019.11 -364.975 0.0354478
18.1651 -6.54437 321.175 574.247 5688.83 -0.0582012 -17.3857 7.3091 -321.175 1436.72 -509.94 0.0582012
16.8783 -0.268094 320.844 -389.181 5471.63 -0.0805239 -16.0763 0.972456 -320.844 567.47 -670.117 0.0805239
15.239 6.89764 320.152 -1483.03 5101.21 -0.100946 -14.2785 -6.33756 -320.152 -441.971 -799.633 0.100946
13.2743 13.5796 319.75 -2497.94 4601.96 -0.117854 -12.1707 -13.2128 -319.75 -1396.8 -892.97 0.117854
11.0713 18.4442 319.536 -3230.89 4001.22 -0.129594 -9.79033 -18.2645 -319.536 -2104.53 -959.243 0.129594
8.83834 20.1961 319.024 -3510.15 3363.41 -0.134931 -7.52207 -20.5841 -319.024 -2416.65 -976.738 0.134931
6.73839 18.8082 318.653 -3269.25 2732.81 -0.133399 -5.63547 -19.3469 -318.653 -2275.85 -926.814 0.133399
4.98966 14.1462 319.107 -2504.24 2124.08 -0.125204 -4.0708 -14.7071 -319.107 -1689.03 -801.048 0.125204
3.39619 6.63934 319.757 -1288.12 1532.13 -0.110975 -2.89596 -7.38926 -319.757 -750.882 -612.952 0.110975
2.01667 -2.22578 320.344 176.918 979.869 -0.0917839 -2.10709 1.55138 -320.344 371.484 -377.461 0.0917839
0.922842 -10.5271 321.008 1587.83 429.034 -0.069205 -1.12266 10.3591 -321.008 1446.77 -130.355 0.069205
-0.181636 -16.7569 321.238 2638.37 -144.49 -0.0450725 -0.00532002 16.7765 -321.238 2234.14 118.566 0.0450725
-1.5463 -19.4058 320.956 3148.31 -747.917 -0.0210763 1.21969 19.9356 -320.956 2568.41 343.984 0.0210763
-3.26405 -18.352 320.544 3062.66 -1401.94 0.00157723 2.98882 19.1658 -320.544 2389.33 489.756 -0.00157723
-5.44402 -13.9675 320.653 2401.97 -2097.74 0.0222609 5.31916 14.4116 -320.653 1722.38 528.767 -0.0222609
-7.88095 -6.58066 320.568 1310.34 -2790.97 0.0407625 7.91605 7.26153 -320.568 702.01 489.375 -0.0407625
-9.94247 1.98814 319.855 18.5386 -3364.22 0.0570598 10.1045 -1.20491 -319.855 -481.245 444.095 -0.0570598
-11.3949 10.0459 319.206 -1217.95 -3780.65 0.071275 11.7645 -9.43322 -319.206 -1611 407.527 -0.071275
-12.3996 16.2373 319.041 -2158.17 -4043.85 0.0837496 12.9433 -15.5919 -319.041 -2465.21 352.999 -0.0837496
-12.889 19.2964 318.698 -2639.22 -4141.13 0.0947658 13.5497 -18.7943 -318.698 -2893.97 290.962 -0.0947658
-12.556 18.9236 317.977 -2611.4 -4042.51 0.104071 13.3291 -18.6895 -317.977 -2852.42 273.044 -0.104071
-11.2949 15.2511 317.956 -2071.11 -3737.14 0.110981 12.1091 -15.1098 -317.956 -2338.99 328.732 -0.110981
-9.17743 8.48031 318.786 -1073.03 -3230.6 0.114852 9.99207 -8.60536 -318.786 -1408.31 438.292 -0.114852
-6.44504 -0.261054 319.243 226.517 -2543.72 0.115099 7.17869 -0.143402 -319.243 -208.401 558.345 -0.115099
-3.34929 -9.51416 319.762 1611.87 -1726.13 0.110898 4.07473 8.90102 -319.762 1064.62 642.954 -0.110898
-0.353356 -17.425 320.752 2780.35 -866.037 0.101287 1.0061 16.6675 -320.752 2173.8 665.645 -0.101287
2.35822 -22.5663 321.577 3496.52 -27.4781 0.0856666 -1.79877 21.6185 -321.577 2923.84 630.418 -0.0856666
4.87412 -24.4098 321.102 3714.82 791.156 0.0641951 -4.42825 23.4882 -321.102 3244.81 561.259 -0.0641951
6.9363 -22.7206 321.024 3426.78 1537.55 0.0377677 -6.62982 22.3257 -321.024 3118.18 436.248 -0.0377677
8.43298 -18.0068 321.586 2640.13 2204 0.00768978 -8.31192 17.7303 -321.586 2551.87 233.478 -0.00768978
9.26131 -10.3156 322.044 1386.66 2761.73 -0.0245791 -9.34086 10.1938 -322.044 1592.46 -52.7065 0.0245791
9.3466 -0.809761 321.444 -134.529 3157.77 -0.0573072 -9.56861 1.06221 -321.444 405.423 -401.782 0.0573072
8.82815 8.53074 320.664 -1631.68 3387.17 -0.088275 -9.23986 -8.21036 -320.664 -802.102 -753.029 0.088275
8.19909 16.2377 320.611 -2863.53 3511.32 -0.115112 -8.86252 -16.0166 -320.611 -1824.48 -1022.47 0.115112
7.79564 20.987 320.349 -3630.3 3568.02 -0.135956 -8.65797 -21.037 -320.349 -2477.38 -1167 0.135956
7.52799 22.4287 319.312 -3862.11 3555.12 -0.14965 -8.55684 -22.6028 -319.312 -2682.58 -1207.61 0.14965
7.24722 20.4751 318.811 -3566.53 3455.75 -0.155602 -8.37838 -20.8059 -318.811 -2433.13 -1175.3 0.155602
7.04117 15.4236 319.392 -2778.72 3273.64 -0.153672 -8.1253 -15.8752 -319.392 -1770.38 -1060.61 0.153672
6.79245 8.17801 319.865 -1590.25 2997.59 -0.144087 -7.92962 -8.27137 -319.865 -801.034 -850.235 0.144087
6.39456 -0.0500511 319.835 -215.019 2593.46 -0.127489 -7.55286 0.384675 -319.835 277.203 -560.131 0.127489
5.73243 -7.58687 320.248 1064.78 2048.63 -0.105001 -6.81237 8.23918 -320.248 1234.01 -220.834 0.105001
4.74761 -12.8127 321.156 1968.19 1403.79 -0.0780128 -5.71473 13.5461 -321.156 1861.32 119.441 0.0780128
3.04481 -14.9958 321.074 2363.43 633.081 -0.0477988 -3.83258 15.4481 -321.074 2059.98 367.133 0.0477988
0.428379 -13.953 320.674 2263.53 -269.188 -0.0153149 -1.05667 14.2545 -320.674 1835.26 483.763 0.0153149
-2.8297 -10.1314 321.01 1722.79 -1269.37 0.0186807 2.39328 10.2673 -321.01 1241.72 507.201 -0.0186807
-6.05724 -4.26944 321.28 880.449 -2266.31 0.0534128 5.84419 4.49598 -321.28 394.089 531.756 -0.0534128
-8.89017 2.2869 320.38 -75.9246 -3165.07 0.0880469 8.78238 -2.07907 -320.38 -557.228 590.092 -0.0880469
-11.437 8.19957 319.733 -942.332 -3933.08 0.121795 11.213 -8.15654 -319.733 -1432.74 633.207 -0.121795
-13.9269 12.3287 319.671 -1534.75 -4603.75 0.154028 13.6254 -12.3863 -319.671 -2054.69 590.179 -0.154028
-16.0391 13.7158 319.328 -1726.29 -5139.74 0.184167 15.79 -14.0137 -319.328 -2301.02 503.743 -0.184167
-17.2254 12.1703 318.634 -1473.75 -5468.81 0.211274 16.9565 -12.6731 -318.634 -2134.1 490.24 -0.211274
-17.1496 8.00328 318.431 -813.898 -5565.24 0.233904 16.9057 -8.51032 -318.431 -1583.55 604.624 -0.233904
-15.9239 2.07231 318.884 132.293 -5440.26 0.250538 15.934 -2.20642 -318.884 -751.968 798.77 -0.250538
-14.1805 -4.76699 318.986 1178.19 -5136.47 0.259968 14.3954 4.70221 -318.986 199.704 972.143 -0.259968
-12.3305 -11.1249 318.87 2131.3 -4695.96 0.261153 12.6592 11.0993 -318.87 1099.8 1053.46 -0.261153
-10.3691 -15.7757 319.072 2810.51 -4134.88 0.253062 10.8583 15.7955 -319.072 1778.54 1040.18 -0.253062
-8.38817 -18.0095 319.173 3085.94 -3461.12 0.234996 8.76457 17.7406 -319.173 2110.07 960.02 -0.234996
-6.38105 -17.4178 319.032 2917.18 -2701.43 0.207065 6.5062 16.8555 -319.032 2063.89 821.963 -0.207065
-4.43745 -14.2324 319.495 2345.08 -1897.17 0.170217 4.42624 13.4903 -319.495 1683.85 604.433 -0.170217
-2.64931 -9.13855 320.244 1452.65 -1074.47 0.125907 2.46616 8.20596 -320.244 1067.97 328.622 -0.125907
-0.738379 -3.30141 320.588 432.778 -251.09 0.0759189 0.652829 2.15524 -320.588 360.203 48.7206 -0.0759189
1.44221 2.11054 320.593 -508.304 583.09 0.0223664 -1.34028 -3.34803 -320.593 -285.03 -176.724 -0.0223664
3.96928 6.2349 321.052 -1203.67 1460.68 -0.0324358 -3.82599 -7.10676 -321.052 -735.399 -323.811 0.0324358
6.67464 8.08131 321.314 -1554.18 2344.92 -0.086204 -6.42199 -8.85206 -321.314 -907.083 -435.812 0.086204
8.86619 7.52445 320.826 -1525 3116 -0.136866 -8.54393 -8.27546 -320.826 -771.877 -578.354 0.136866
10.5655 5.20029 320.869 -1196.46 3764.27 -0.182706 -10.3672 -5.67433 -320.869 -385.029 -713.214 0.182706
12.0233 1.6916 321.352 -684.909 4299.46 -0.222466 -12.076 -1.99562 -321.352 147.553 -787.023 0.222466
13.3763 -2.21264 321.358 -112.755 4700.41 -0.255203 -13.4604 1.91822 -321.358 711.245 -789.37 0.255203
14.3925 -5.65958 321.001 409.073 4949.31 -0.280059 -14.421 5.46902 -321.001 1206.13 -750.573 0.280059
14.8687 -8.12953 320.979 788.008 5035.85 -0.296267 -14.8435 7.97803 -320.979 1550.64 -706.437 0.296267
14.6251 -9.16747 320.973 957.2 4950.42 -0.303326 -14.6521 9.02577 -320.973 1684.53 -684.441 0.303326
13.7208 -8.59549 320.582 892.62 4694.64 -0.301103 -13.7517 8.47908 -320.582 1586.64 -691.463 0.301103
12.1896 -6.53308 320.255 608.653 4284.3 -0.289745 -12.3198 6.42277 -320.255 1272.27 -712.528 0.289745
10.2259 -3.17919 320.195 148.653 3735.66 -0.269537 -10.4376 3.27804 -320.195 788.192 -723.832 0.269537
7.93604 0.87557 319.96 -417.935 3066.97 -0.240855 -8.28998 -0.615208 -319.96 200.156 -701.326 0.240855
5.41702 5.01388 319.691 -1006.18 2282.22 -0.204252 -5.84726 -4.74316 -319.691 -412.405 -639.134 0.204252
2.8566 8.60001 319.701 -1496.84 1430.71 -0.16055 -3.31939 -8.24118 -319.701 -950.758 -528.746 0.16055
0.534862 10.8647 320.012 -1785.98 593.607 -0.110871 -0.964907 -10.5772 -320.012 -1329.79 -373.079 0.110871
-1.6974 11.3526 319.941 -1805.14 -234.581 -0.056582 1.36822 -11.2912 -319.941 -1484.92 -210.308 0.056582
-3.85895 10.0857 319.856 -1532.68 -1046.35 0.0007083 3.62532 -10.0441 -319.856 -1391.79 -42.6267 -0.0007083
-5.73319 7.01965 320.191 -985.477 -1807.24 0.059099 5.55452 -7.11675 -320.191 -1067.85 163.601 -0.059099
-7.19636 2.64252 320.724 -232.903 -2499.47 0.116511 7.11305 -2.87381 -320.724 -567.645 414.855 -0.116511
-8.35716 -2.30038 320.485 609.974 -3090.62 0.170818 8.17258 2.07892 -320.485 27.5674 681.645 -0.170818
-9.45567 -7.07764 320.28 1400.4 -3584.27 0.219877 8.90112 6.77401 -320.28 613.718 908.291 -0.219877
-10.495 -10.9529 320.475 2031.48 -4020.6 0.261718 9.91586 10.5555 -320.475 1095.38 1044.89 -0.261718
-11.5423 -13.3099 320.43 2418.68 -4387.79 0.294786 10.9248 12.8708 -320.43 1387.25 1112.33 -0.294786
-12.3291 -13.8002 319.852 2515.82 -4662.69 0.318008 11.7042 13.388 -319.852 1436.61 1158.95 -0.318008
-12.4954 -12.3426 319.445 2316.43 -4831.7 0.330803 12.3888 12.064 -319.445 1231.89 1203.89 -0.330803
-12.403 -9.26233 319.298 1851.8 -4883.26 0.33311 12.6472 8.99927 -319.298 803.644 1231.23 -0.33311
-12.0797 -5.02312 318.953 1192.76 -4815.2 0.325402 12.7413 4.75397 -318.953 229.825 1196.75 -0.325402
-11.7272 -0.337456 318.481 450.758 -4622.63 0.308652 12.6117 0.111431 -318.481 -383.696 1074.98 -0.308652
-11.5139 3.98055 318.373 -259.114 -4294.68 0.284125 11.9701 -4.20763 -318.373 -928.967 872.376 -0.284125
-10.8727 7.19198 318.477 -824.567 -3822.93 0.253125 11.1303 -7.49496 -318.477 -1308 617.336 -0.253125
-9.55339 8.82896 318.337 -1153.64 -3191.2 0.216844 9.75954 -9.14081 -318.337 -1456.18 378.241 -0.216844
-7.57573 8.55713 318.676 -1205.04 -2398.04 0.176327 7.50079 -9.01157 -318.676 -1346.79 202.566 -0.176327
-4.97486 6.2694 319.585 -950.961 -1504.48 0.132506 4.82229 -7.02936 -319.585 -980.766 78.1684 -0.132506
-2.02157 2.49395 320.166 -436.487 -545.214 0.0862653 1.79873 -3.26599 -320.166 -400.2 -10.5305 -0.0862653
0.930416 -2.361 320.491 244.011 413.71 0.038474 -1.20756 1.46128 -320.491 311.229 -101.568 -0.038474
3.93917 -7.43194 321.244 949.48 1358.77 -0.0100792 -4.10164 6.2732 -321.244 1041.39 -186.884 0.0100792
6.7799 -11.6924 322.02 1538.13 2251.81 -0.0587319 -6.92049 10.4451 -322.02 1677.66 -255.684 0.0587319
9.25996 -14.4124 321.744 1902.93 3028.26 -0.106691 -9.31195 13.3284 -321.744 2126.77 -322.613 0.106691
11.2039 -15.4314 321.473 1993.07 3653.41 -0.152716 -11.1074 14.3211 -321.473 2328.74 -402.973 0.152716
12.5349 -14.691 321.71 1819.84 4126.89 -0.195323 -12.3889 13.4979 -321.71 2274.62 -495.648 0.195323
13.2635 -12.3116 321.553 1414.91 4447.17 -0.233168 -13.1341 11.1406 -321.553 1991.14 -600.876 0.233168
13.5197 -8.81505 321.053 850.843 4618.58 -0.265008 -13.3274 7.65007 -321.053 1539.89 -706.403 0.265008
13.4571 -4.84759 320.9 226.678 4656.97 -0.28952 -13.0861 3.66329 -320.9 1008.25 -788.698 0.28952
13.2111 -1.07107 320.789 -346.377 4588.56 -0.305427 -12.6369 -0.0201492 -320.789 497.372 -821.37 0.305427
12.7647 2.01141 320.439 -778.054 4425.41 -0.311819 -12.0984 -2.7106 -320.439 90.2946 -801.701 0.311819
12.1603 3.82335 320.086 -1021.17 4175.38 -0.308352 -11.3571 -4.34492 -320.086 -167.24 -747.837 0.308352
11.2322 4.34683 320.026 -1061.81 3837.41 -0.295231 -10.4171 -4.72367 -320.026 -257.549 -682.148 0.295231
10.0388 3.74398 319.973 -912.331 3419.19 -0.273129 -9.24356 -3.86426 -319.973 -194.401 -608.866 0.273129
8.74623 2.19247 319.854 -620.146 2939.27 -0.243113 -7.91818 -2.2222 -319.854 -22.3708 -510.524 0.243113
7.46045 0.163459 319.998 -246.711 2409.35 -0.206572 -6.52429 -0.142419 -319.998 201.401 -371.28 0.206572
6.13617 -1.80836 320.109 129.963 1853.18 -0.16517 -5.21315 1.97413 -320.109 418.982 -199.438 0.16517
4.76866 -3.56754 320.323 447.31 1297.14 -0.120656 -3.90564 3.55656 -320.323 587.393 -33.5233 0.120656
3.07213 -4.79867 320.464 682.33 728.368 -0.074658 -2.43972 4.65412 -320.464 690.949 74.3375 0.074658
1.13583 -5.33513 320.462 814.867 145.204 -0.0286942 -0.665316 5.22866 -320.462 720.052 117.003 0.0286942
-0.673277 -5.3061 320.31 844.979 -416.098 0.0157685 1.10744 5.09539 -320.31 666.563 156.591 -0.0157685
-2.17518 -4.70507 320.357 785.367 -919.977 0.0574038 2.47239 4.39409 -320.357 537.143 242.705 -0.0574038
-3.35215 -3.61149 320.364 659.307 -1364.88 0.0951465 3.57385 3.36781 -320.364 355.368 355.435 -0.0951465
-4.48966 -2.28999 320.105 493.319 -1770.2 0.128206 4.65529 2.11912 -320.105 148.061 437.381 -0.128206
-5.77513 -0.93446 319.959 307.773 -2140.19 0.155959 5.7773 0.750292 -319.959 -62.1156 456.788 -0.155959
-7.08557 0.325266 319.872 132.57 -2465.83 0.177922 6.8715 -0.503332 -319.872 -252.005 432.433 -0.177922
-8.07454 1.16931 319.714 -2.68452 -2717.1 0.193866 7.74309 -1.60468 -319.714 -399.343 412.906 -0.193866
-8.63345 1.52603 319.553 -57.4235 -2874.18 0.203848 8.15792 -2.12532 -319.553 -472.032 428.16 -0.203848
-8.9014 1.26763 319.511 -10.0005 -2953.65 0.208113 8.23926 -1.89078 -319.511 -447.798 456.656 -0.208113
-9.05994 0.298385 319.548 138.6 -2979.74 0.207029 8.21258 -0.992841 -319.548 -325.087 463.511 -0.207029
-9.14205 -1.09253 319.56 362.008 -2960.37 0.201099 8.12321 0.508802 -319.56 -128.219 445.263 -0.201099
-9.02285 -2.67045 319.578 610.583 -2888.75 0.190924 7.86174 2.18565 -319.578 96.095 429.111 -0.190924
-8.65874 -4.14061 319.632 828.605 -2766.95 0.177169 7.35821 3.6061 -319.632 298.04 433.597 -0.177169
-8.06671 -5.12145 319.702 974.354 -2609.38 0.160578 6.76614 4.60928 -319.702 440.523 448.357 -0.160578
-7.26003 -5.45741 319.724 1017.86 -2429.54 0.141971 6.28008 4.97943 -319.724 499.561 456.685 -0.141971
-6.5373 -5.15906 319.687 949.525 -2229.72 0.122159 5.6628 4.59498 -319.687 468.619 451.983 -0.122159
-5.80777 -4.23346 319.677 787.659 -2014.38 0.101871 5.09323 3.6879 -319.677 364.122 425.895 -0.101871
-4.95015 -2.90673 319.714 565.879 -1779.62 0.0817588 4.64766 2.4611 -319.714 214.791 381.06 -0.0817588
-4.13998 -1.53166 319.746 325.119 -1508.85 0.0623828 3.91985 1.08385 -319.746 55.5458 334.404 -0.0623828
-3.27944 -0.35848 319.769 114.983 -1207.52 0.0441523 3.07074 -0.0713676 -319.769 -72.7434 282.226 -0.0441523
-2.39891 0.309402 319.868 -22.139 -885.332 0.0272924 2.18734 -0.77857 -319.868 -135.545 217.143 -0.0272924
-1.69982 0.159325 320.019 -57.4595 -552.779 0.0118648 1.15295 -0.976372 -320.019 -107.29 137.313 -0.0118648
-0.933613 -0.719528 320.128 37.4078 -223.886 -0.00220298 0.207791 -0.269825 -320.128 28.0649 57.9134 0.00220298
-0.210329 -2.2676 320.221 251.145 91.6851 -0.0150874 -0.859342 1.22895 -320.221 256.906 3.23871 0.0150874
0.66973 -3.89768 320.354 526.064 377.661 -0.0270257 -1.85574 3.34506 -320.354 526.202 -9.48252 0.0270257
1.57287 -5.39642 320.502 769.27 612.753 -0.0382408 -2.72568 5.10068 -320.502 755.775 13.4827 0.0382408
2.25672 -6.09918 320.502 896.16 769.861 -0.0488489 -3.3425 6.10766 -320.502 877.263 45.6205 0.0488489
2.45269 -5.53736 320.424 847.984 825.666 -0.0588005 -3.5826 6.10225 -320.424 843.005 53.2841 0.0588005
2.18074 -4.01713 320.379 600.052 770.773 -0.0678712 -3.23521 4.47771 -320.379 634.013 18.1632 0.0678712
1.49564 -1.48948 320.324 193.611 620.005 -0.0756772 -2.46023 1.80996 -320.324 285.607 -43.3736 0.0756772
0.605789 1.46445 320.228 -274.846 409.693 -0.0817037 -1.54661 -1.28846 -320.228 -125.277 -95.402 0.0817037
-0.243584 4.34688 320.06 -707.426 170.231 -0.0853558 -0.607642 -4.07995 -320.06 -517.033 -116.216 0.0853558
-0.958422 6.51422 319.949 -1025.68 -82.7957 -0.0860328 0.330013 -6.19485 -319.949 -820.896 -103.828 0.0860328
-1.63466 7.63953 319.874 -1175.99 -335.521 -0.0832171 1.13036 -7.24931 -319.874 -987.207 -66.2397 0.0832171
-2.25175 7.54296 319.815 -1132.65 -575.019 -0.076572 1.81137 -7.08057 -319.815 -991.905 -15.9701 0.076572
-2.99919 6.37803 319.829 -916.196 -810 -0.0660182 2.35369 -5.76983 -319.829 -848.549 31.0038 0.0660182
-3.67616 4.38216 319.9 -577.468 -1042.73 -0.0517489 2.99112 -3.73618 -319.9 -601.705 72.1611 0.0517489
-4.22668 1.80993 320.026 -181.6 -1260.31 -0.034212 3.57836 -1.54656 -320.026 -305.599 123.84 0.034212
-4.53859 -0.696744 320.028 222.108 -1450.05 -0.014079 4.03425 0.812146 -320.028 -2.28966 201.446 0.014079
-4.67577 -2.82786 320.023 582.652 -1615.05 0.00782457 4.41182 3.00301 -320.023 265.219 291.132 -0.00782457
-4.803 -4.40968 320.023 840.443 -1749.54 0.0305894 4.69441 4.49052 -320.023 453.461 365.647 -0.0305894
-4.89859 -4.93344 319.972 955.495 -1855.39 0.0532521 5.12019 5.3015 -319.972 532.388 395.464 -0.0532521
-5.10136 -4.49625 319.836 899.045 -1918.45 0.0748418 5.46877 4.98417 -319.836 479.22 378.319 -0.0748418
-5.51566 -3.01887 319.72 668.289 -1928.91 0.0944566 5.55543 3.59091 -319.72 292.862 316.103 -0.0944566
-5.75202 -0.523786 319.65 284.62 -1889.53 0.111314 5.79039 1.37081 -319.65 -8.61969 208.54 -0.111314
-5.81777 2.52292 319.576 -213.322 -1786.05 0.124777 5.86603 -1.66409 -319.576 -394.39 84.9765 -0.124777
-5.74673 5.79958 319.501 -755.746 -1616.23 0.13438 5.55738 -4.98764 -319.501 -811.057 -29.0712 -0.13438
-5.31626 8.87838 319.481 -1265.84 -1385.86 0.13984 5.09134 -8.05872 -319.481 -1194.64 -128.482 -0.13984
-4.58968 11.2161 319.555 -1664.88 -1103.31 0.141058 4.44545 -10.4423 -319.555 -1481.72 -210.837 -0.141058
-3.60017 12.5058 319.432 -1899.02 -770.284 0.138086 3.51707 -11.7777 -319.432 -1629.12 -264.369 -0.138086
-2.32459 12.5841 319.48 -1942.19 -394.76 0.131062 2.35284 -11.8746 -319.48 -1611.56 -284.547 -0.131062
-0.895584 11.6327 319.749 -1803.6 10.6765 0.120146 0.95565 -10.6797 -319.749 -1438.42 -278.494 -0.120146
0.621701 9.74484 319.979 -1527.75 426.605 0.105538 -0.52704 -8.69594 -319.979 -1151.85 -257.701 -0.105538
2.0626 7.37838 320.068 -1181.86 831.238 0.0875622 -2.00422 -6.32503 -320.068 -809.536 -237.553 -0.0875622
3.31855 5.05689 320.333 -832.532 1205.17 0.0666695 -3.39518 -3.91154 -320.333 -471.003 -226.171 -0.0666695
4.3412 3.1747 320.5 -556.232 1517.58 0.0434026 -4.47578 -2.01377 -320.5 -198.185 -232.363 -0.0434026
5.03719 1.96712 320.475 -398.024 1755.71 0.0184371 -5.29651 -0.987935 -320.475 -31.9626 -249.636 -0.0184371
5.41893 1.72159 320.395 -373.96 1902.19 -0.00736339 -5.75386 -0.772673 -320.395 10.8717 -273.877 0.00736339
5.47329 2.34888 320.379 -478.031 1950.52 -0.0329869 -5.84206 -1.39057 -320.379 -66.004 -301.338 0.0329869
5.15435 3.79812 320.271 -692.432 1898.35 -0.057364 -5.58722 -2.66729 -320.271 -247.673 -332.562 0.057364
4.52217 5.73025 320.077 -984.865 1749.49 -0.0794173 -4.95414 -4.52935 -320.077 -506.492 -367.746 0.0794173
3.60859 7.84147 319.976 -1303.05 1519.11 -0.0980828 -4.06828 -6.61598 -319.976 -798.186 -399.185 0.0980828
2.42814 9.78106 319.913 -1585.07 1227.19 -0.112347 -3.10628 -8.49007 -319.913 -1070.2 -419.077 0.112347
1.06201 10.8977 319.787 -1763.25 881.672 -0.121315 -2.02999 -9.93802 -319.787 -1264.54 -429.114 0.121315
-0.279972 11.067 319.707 -1776.72 497.862 -0.124321 -0.78792 -10.3041 -319.707 -1328.74 -421.586 0.124321
-1.53549 10.1028 319.77 -1597.34 96.2472 -0.12102 0.354173 -9.41668 -319.77 -1238.92 -369.313 0.12102
-2.1352 7.90696 319.943 -1230.74 -297.292 -0.111419 1.54984 -7.46514 -319.943 -1002.74 -237.746 0.111419
-2.29885 4.83207 319.929 -713.173 -639.276 -0.0958574 2.19414 -4.53129 -319.929 -647.06 -14.3492 0.0958574
-2.43139 1.41546 320.125 -106.676 -950.574 -0.0749933 2.49336 -0.826548 -320.125 -218.663 233.061 0.0749933
-2.44636 -2.02569 320.324 475.661 -1239.49 -0.0497666 3.15204 2.64496 -320.324 203.55 423.093 0.0497666
-2.83732 -4.83812 320.26 944.94 -1499.38 -0.0213741 3.76663 5.42397 -320.26 546.814 536.105 0.0213741
-3.47443 -6.3694 320.083 1220.89 -1699.75 0.0087758 4.15247 7.16264 -320.083 746.06 587.307 -0.0087758
-3.89656 -6.46716 320.017 1254.62 -1836.2 0.0391639 4.68807 7.37772 -320.017 757.832 584.327 -0.0391639
-4.27296 -4.9957 319.913 1030.15 -1897.19 0.068324 5.01855 5.98874 -319.913 566.694 542.575 -0.068324
-4.63368 -2.21086 319.69 579.845 -1879.79 0.0949744 5.0915 3.16066 -319.69 201.416 462.378 -0.0949744
-4.94204 1.28807 319.589 -12.0157 -1799.22 0.118049 5.15751 -0.628367 -319.589 -265.716 327.871 -0.118049
-5.26913 4.99767 319.619 -630.104 -1664.14 0.136694 5.13988 -4.43876 -319.619 -740.365 148.461 -0.136694
-5.30082 7.89247 319.502 -1152.76 -1470.21 0.150259 4.99548 -7.80773 -319.502 -1127.94 -28.3182 -0.150259
-4.27933 9.58572 319.463 -1472.75 -1180.01 0.158269 4.68161 -9.79942 -319.463 -1343.49 -123.69 -0.158269
-2.67772 9.67036 319.455 -1518.38 -766.767 0.160386 3.24195 -9.94247 -319.455 -1331.07 -94.2145 -0.160386
-0.651676 7.79104 319.647 -1276.92 -278.329 0.156423 1.33653 -8.37743 -319.647 -1072.21 -10.5332 -0.156423
1.62255 4.36151 320.02 -770.591 245.974 0.146342 -0.332134 -4.95984 -320.02 -583.826 39.0439 -0.146342
3.61301 -0.158823 320.394 -89.0717 796.719 0.130155 -2.19037 -0.374016 -320.394 57.5815 48.5886 -0.130155
5.41557 -5.10912 320.883 633.937 1366.61 0.107867 -4.24687 4.34573 -320.883 739.424 40.538 -0.107867
7.3346 -9.46147 321.291 1264.49 1927.53 0.0796442 -6.08795 8.53448 -321.291 1349.7 27.0838 -0.0796442
9.07961 -12.5063 321.361 1694.12 2450.51 0.0461006 -7.81399 11.5332 -321.361 1798.04 9.50294 -0.0461006
10.6281 -13.9288 321.339 1867.88 2909.04 0.00834123 -9.18353 12.8865 -321.339 2027.46 -24.0553 -0.00834123
11.8266 -13.2704 321.424 1759.01 3288.91 -0.0322298 -10.1445 12.6665 -321.424 2008.57 -89.2478 0.0322298
12.4505 -10.8104 321.317 1365.71 3584.75 -0.0740416 -10.7621 10.5481 -321.317 1736.5 -203.878 0.0740416
12.549 -6.95392 321.128 735.258 3781.05 -0.115339 -10.7969 6.69888 -321.128 1247.2 -380.048 0.115339
11.9987 -1.96807 320.932 -49.2603 3884.68 -0.154217 -10.5146 1.96314 -320.932 619.065 -603.996 0.154217
11.1632 3.23247 320.767 -866.35 3910.18 -0.188797 -9.93015 -3.07436 -320.767 -51.5251 -835.269 0.188797
10.345 7.66338 320.551 -1592.87 3880.93 -0.217398 -9.26466 -7.84886 -320.551 -662.625 -1021.24 0.217398
9.55264 10.9668 320.196 -2111.53 3818.81 -0.238638 -8.87751 -11.1767 -320.196 -1107.51 -1130.37 0.238638
8.99994 12.4589 319.896 -2336.39 3723.97 -0.251556 -8.51547 -12.626 -319.896 -1310.01 -1168.54 0.251556
8.54133 11.8895 319.775 -2242.53 3588.07 -0.255702 -8.17928 -12.1133 -319.775 -1246.58 -1148.47 0.255702
8.10822 9.41952 319.78 -1841.92 3407.07 -0.25109 -7.92477 -9.65613 -319.78 -931.175 -1067.96 0.25109
7.80585 5.42797 319.845 -1192.08 3175.45 -0.238151 -7.65247 -5.65697 -319.845 -419.835 -920.671 0.238151
7.59791 0.506815 320.011 -384.779 2886.29 -0.217728 -7.33554 -0.749914 -320.011 201.063 -708.82 0.217728
7.24079 -4.49963 320.254 450.981 2522.89 -0.191006 -6.96774 4.25489 -320.254 820.113 -451.977 0.191006
6.60378 -8.74107 320.393 1174.29 2079.04 -0.159378 -6.34341 8.50055 -320.393 1330.18 -192.77 0.159378
5.6443 -11.5096 320.589 1666.38 1570.03 -0.124281 -5.31727 11.2672 -320.589 1642.57 26.2714 0.124281
4.0648 -12.4303 320.736 1866.34 985.783 -0.0870508 -3.89489 12.1877 -320.736 1710.37 172.844 0.0870508
1.92746 -11.4739 320.563 1769.06 338.3 -0.0488566 -2.09187 11.232 -320.563 1530.07 246.283 0.0488566
-0.438696 -8.87787 320.545 1412.05 -362.298 -0.010713 0.19193 8.62888 -320.545 1131.89 269.746 0.010713
-2.80295 -5.25957 320.563 881.373 -1071.03 0.0265499 2.52017 4.85918 -320.563 589.347 295.176 -0.0265499
-4.93748 -1.42313 320.484 316.241 -1746.78 0.0623666 4.61983 0.838656 -320.484 13.1088 354.25 -0.0623666
-6.72534 1.84492 320.118 -148.772 -2354.45 0.096326 6.43763 -2.47753 -320.118 -478.345 436.667 -0.096326
-8.22735 3.72985 319.937 -403.615 -2884.37 0.127865 8.0544 -4.47106 -319.937 -786.859 512.225 -0.127865
-9.25757 4.10535 319.844 -409.546 -3298 0.156195 9.32885 -4.69273 -319.844 -867.547 589.975 -0.156195
-9.75015 3.08322 319.546 -192.433 -3570.02 0.180506 9.9726 -3.32957 -319.546 -737.962 696.113 -0.180506
-9.57345 0.838045 319.391 178.167 -3686.38 0.200045 10.001 -1.07981 -319.391 -455.371 833.504 -0.200045
-8.89023 -1.94267 319.467 624.304 -3656.07 0.214028 9.55105 1.76803 -319.467 -83.644 967.622 -0.214028
-7.91596 -4.73537 319.455 1065.6 -3493.56 0.221701 8.78848 4.71784 -319.455 309.427 1057.62 -0.221701
-6.73858 -7.06865 319.327 1415.28 -3208.37 0.222523 7.82307 7.11655 -319.327 647.216 1084.29 -0.222523
-5.38986 -8.67561 319.3 1611.31 -2804.29 0.216256 6.62351 8.40446 -319.3 871.66 1051.35 -0.216256
-3.99825 -9.14392 319.451 1630.46 -2293.88 0.202999 5.13328 8.69806 -319.451 963.024 960.884 -0.202999
-2.59258 -8.58918 319.724 1472.21 -1697.89 0.183178 3.54201 7.92919 -319.724 928.716 801.854 -0.183178
-1.20475 -7.26196 319.946 1179.24 -1051.64 0.157462 2.03984 6.35635 -319.946 800.036 577.271 -0.157462
0.187445 -5.30704 320.289 806.597 -374.69 0.126691 0.519769 4.46374 -320.289 613.337 325.39 -0.126691
1.62071 -3.30109 320.57 406.859 330.666 0.0919047 -1.24633 2.30479 -320.57 407.615 86.8786 -0.0919047
3.18166 -1.34728 320.744 37.5973 1048.78 0.0543472 -3.12476 0.460363 -320.744 224.692 -129.559 -0.0543472
4.70331 0.356903 321.176 -270.201 1743.89 0.0153092 -4.90501 -0.881258 -321.176 89.6525 -343.081 -0.0153092
5.93917 1.37835 321.061 -498.593 2373.02 -0.0239759 -6.45646 -1.96018 -321.061 12.6026 -565.571 0.0239759
6.87339 1.96005 320.687 -638.113 2878.11 -0.0621855 -7.49331 -2.45997 -320.687 -5.24261 -782.87 0.0621855
7.71063 2.15441 320.859 -695.347 3274.48 -0.0979329 -8.37987 -2.47289 -320.859 21.6986 -927.664 0.0979329
8.62147 1.98068 320.88 -695.42 3577.59 -0.130092 -9.25535 -2.31693 -320.88 69.5595 -970.512 0.130092
9.48896 1.71736 320.526 -658.065 3768.73 -0.157789 -9.88468 -1.94483 -320.526 124.477 -943.821 0.157789
9.87277 1.48818 320.355 -605.003 3826.05 -0.180119 -10.1893 -1.47897 -320.355 172.397 -901.067 0.180119
9.82489 1.33783 320.403 -565.231 3744.01 -0.196198 -9.92314 -1.23231 -320.403 190.349 -864.905 0.196198
9.54061 1.46832 320.286 -557.748 3548.43 -0.205407 -9.25895 -1.25157 -320.286 161.19 -807.663 0.205407
9.08556 1.9161 320.074 -587.498 3275.63 -0.207478 -8.59007 -1.55785 -320.074 81.4966 -698.942 0.207478
8.4051 2.55044 320.037 -644.604 2927.32 -0.202436 -7.8228 -2.12762 -320.037 -36.1993 -561.945 0.202436
7.26101 3.18552 319.99 -707.112 2482.82 -0.190489 -6.68563 -2.81188 -319.99 -165.215 -449.988 0.190489
5.51838 3.73996 319.825 -747.318 1941.36 -0.172008 -5.16104 -3.31391 -319.825 -278.324 -384.398 0.172008
3.69062 4.05294 319.867 -748.144 1361.06 -0.147672 -3.41731 -3.59084 -319.867 -363.006 -324.277 0.147672
1.99292 4.05354 320.117 -704.144 785.634 -0.11853 -1.79564 -3.63787 -320.117 -413.708 -232.508 0.11853
0.32261 3.71847 320.156 -600.66 214.128 -0.0858873 -0.318334 -3.3077 -320.156 -420.309 -119.773 0.0858873
-1.27567 3.03042 319.961 -444.386 -357.765 -0.0511667 1.30531 -2.65052 -319.961 -380.896 -17.4534 0.0511667
-2.82127 2.02618 320.045 -239.55 -922.341 -0.0158228 3.03058 -1.68698 -320.045 -299.603 70.4911 0.0158228
-4.2605 0.91751 320.363 -13.9904 -1438.51 0.0187768 4.42481 -0.525461 -320.363 -195.106 173.663 -0.0187768
-5.37791 -0.185102 320.146 211.469 -1889.78 0.0513839 5.59625 0.677015 -320.146 -85.4627 291.217 -0.0513839
-6.25587 -1.1435 319.946 400.156 -2261.65 0.0807806 6.53237 1.64821 -319.946 6.36618 398.54 -0.0807806
-7.09904 -1.72875 319.902 528.63 -2555.86 0.105854 7.20911 2.34395 -319.902 64.1295 471.174 -0.105854
-7.69203 -1.81266 319.875 570.579 -2760.32 0.125847 7.76748 2.56527 -319.875 66.6054 507.856 -0.125847
-8.05529 -1.48435 319.628 514.891 -2865.21 0.140416 7.99094 2.06554 -319.628 2.01809 527.254 -0.140416
-8.28093 -0.694441 319.48 377.515 -2879.7 0.149449 7.84223 1.08704 -319.48 -117.55 530.54 -0.149449
-8.19941 0.499909 319.505 185.815 -2822.82 0.15303 7.70132 -0.083011 -319.505 -269.421 506.159 -0.15303
-7.933 1.77117 319.449 -35.196 -2696.62 0.151539 7.37601 -1.45995 -319.449 -433.241 466.268 -0.151539
-7.49315 2.98755 319.32 -251.585 -2503.61 0.145623 6.75402 -2.76951 -319.32 -583.935 428.012 -0.145623
-6.80069 4.00774 319.38 -427.121 -2260.64 0.136118 6.04569 -3.70693 -319.38 -692.921 389.14 -0.136118
-5.97463 4.55913 319.541 -537.421 -1985.42 0.123992 5.27604 -4.24045 -319.541 -740.354 346.417 -0.123992
-5.07339 4.60409 319.531 -566.927 -1681.85 0.11021 4.40066 -4.23114 -319.531 -716.135 301.705 -0.11021
-3.97487 4.14705 319.594 -517.861 -1355.77 0.0955677 3.54212 -3.7133 -319.594 -623.671 260.73 -0.0955677
-2.81242 3.30363 319.772 -409.193 -1004.99 0.0806576 2.5037 -2.82059 -319.772 -480.206 230.514 -0.0806576
-1.63174 2.3381 319.958 -278.66 -639.803 0.0659492 1.39986 -1.74694 -319.958 -314.579 198.078 -0.0659492
-0.508797 1.64858 320.063 -172.938 -282.444 0.051797 0.429849 -0.707749 -320.063 -169.259 145.672 -0.051797
0.43376 1.44812 320.111 -156.465 61.8326 0.0383947 -0.473891 -0.299937 -320.111 -97.4885 70.5318 -0.0383947
1.24409 2.05256 320.215 -270.223 386.15 0.0258214 -1.26176 -0.742895 -320.215 -136.056 -20.6946 -0.0258214
1.94393 3.65225 320.349 -534.028 690.311 0.014173 -1.94309 -2.09144 -320.349 -300.757 -123.319 -0.014173
2.5511 5.84117 320.355 -922.984 967.262 0.00363685 -2.48091 -4.46076 -320.355 -574.231 -233.088 -0.00363685
3.07195 8.34095 320.316 -1366.75 1220.27 -0.00551604 -2.94736 -7.24708 -320.316 -898.648 -341.889 0.00551604
3.45922 10.8063 320.223 -1774.98 1445.61 -0.0129889 -3.38947 -9.66012 -320.223 -1199.35 -446.035 0.0129889
3.80727 12.5139 320.146 -2076.04 1643.9 -0.0185504 -3.77474 -11.5215 -320.146 -1416.94 -537.196 0.0185504
3.91905 13.2111 320.07 -2214.24 1801.49 -0.0221042 -4.23354 -12.3879 -320.07 -1506 -611.423 0.0221042
3.97056 12.8982 319.931 -2169.04 1905.04 -0.0236983 -4.53123 -11.9904 -319.931 -1448.02 -663.948 0.0236983
3.99713 11.5086 319.889 -1957.03 1945.51 -0.023527 -4.67455 -10.6225 -319.889 -1259.4 -679.649 0.023527
3.85586 9.31522 319.947 -1615.45 1912.82 -0.021945 -4.80672 -8.52836 -319.947 -977.984 -648.437 0.021945
3.61161 6.68852 319.912 -1197.9 1786.43 -0.0194215 -4.63326 -6.02683 -319.912 -650.353 -583.132 0.0194215
3.16741 4.00879 319.891 -761.587 1560.56 -0.0164399 -4.1353 -3.46575 -319.891 -325.084 -494.796 0.0164399
2.37498 1.65028 320.023 -363.991 1242.6 -0.0134139 -3.44838 -1.18433 -320.023 -48.3772 -392.638 0.0134139
1.33658 -0.181622 320.16 -49.8423 837.306 -0.0106243 -2.40222 0.493188 -320.16 147.554 -291.286 0.0106243
-0.013604 -1.40821 320.261 170.307 349.166 -0.00818288 -1.04332 1.51786 -320.261 254.703 -197.987 0.00818288
-1.55148 -2.03758 320.217 306.658 -192.211 -0.00603686 0.478574 2.02033 -320.217 283.018 -102.538 0.00603686
-3.1573 -2.09356 320.272 375.084 -774.908 -0.00399104 2.1619 2.18595 -320.272 247.017 0.821335 0.00399104
-4.63545 -1.72442 320.439 381.495 -1368.56 -0.00173445 3.93423 1.96354 -320.439 154.889 120.717 0.00173445
-6.08048 -1.18527 320.377 344.98 -1946.96 0.0011118 5.51457 1.34775 -320.377 23.8158 258.11 -0.0011118
-7.40188 -0.526519 320.144 291.115 -2483.2 0.00491957 6.94985 0.665492 -320.144 -116.96 392.482 -0.00491957
-8.54331 0.0580196 320.006 246.842 -2959.29 0.00994795 8.33313 0.112744 -320.006 -237.754 500.577 -0.00994795
-9.42758 0.358815 319.962 232.8 -3336.89 0.0162487 9.43277 -0.244777 -319.962 -319.222 588.957 -0.0162487
-10.1432 0.377865 319.634 254.908 -3605.93 0.0236829 10.0708 -0.293087 -319.634 -351.011 660.621 -0.0236829
-10.5569 0.0736794 319.433 318.006 -3767.53 0.0320062 10.4545 0.00445822 -319.433 -326.612 705.938 -0.0320062
-10.6731 -0.529899 319.437 416.805 -3821.08 0.0408676 10.5909 0.601839 -319.437 -250.887 722.629 -0.0408676
-10.4994 -1.35383 319.34 538.541 -3759.79 0.0497635 10.3645 1.40919 -319.34 -135.617 719.605 -0.0497635
-9.9529 -2.21221 319.171 662.913 -3584.44 0.0580746 9.83808 2.34258 -319.171 0.293379 700.546 -0.0580746
-8.94129 -2.91684 319.146 760.407 -3296.42 0.0651701 9.08639 3.20029 -319.146 129.704 669.386 -0.0651701
-7.68094 -3.38865 319.208 799.155 -2894.39 0.0705045 7.88675 3.64752 -319.208 224.348 625.693 -0.0705045
-6.25161 -3.40689 319.349 759.067 -2394.83 0.0736394 6.44384 3.66392 -319.349 269.286 544.624 -0.0736394
-4.72429 -2.89827 319.461 631.446 -1827.43 0.0742241 5.00395 3.22162 -319.461 258.523 409.75 -0.0742241
-3.36162 -2.0181 319.76 423.691 -1215.42 0.0720537 3.3569 2.22673 -319.76 193.59 236.63 -0.0720537
-1.97045 -0.779617 320.176 162.776 -579.048 0.0671369 1.63456 0.938618 -320.176 87.1304 54.3476 -0.0671369
-0.511165 0.654319 320.354 -126.938 63.736 0.0596611 -0.158815 -0.523648 -320.354 -44.2338 -114.121 -0.0596611
0.884635 2.02457 320.37 -407.666 686.453 0.0499704 -2.06392 -1.992 -320.37 -176.203 -255.608 -0.0499704
2.42257 3.20122 320.748 -648.038 1262.11 0.0385458 -3.67071 -3.22956 -320.748 -286.841 -372.907 -0.0385458
3.89787 4.02126 320.817 -823.31 1769.04 0.0259169 -5.11417 -4.0958 -320.817 -356.768 -454.574 -0.0259169
5.34536 4.35366 320.505 -911.291 2187.62 0.0126812 -6.3281 -4.48465 -320.505 -373.727 -485.576 -0.0126812
6.55069 4.26799 320.405 -912.218 2499.76 -0.000437404 -7.39819 -4.33411 -320.405 -338.574 -466.542 0.000437404
7.40031 3.8028 320.508 -842.412 2685.99 -0.0127217 -8.14546 -3.7991 -320.508 -263.101 -420.463 0.0127217
7.84736 3.06654 320.36 -727.228 2729.42 -0.0235935 -8.29243 -3.07352 -320.36 -165.88 -377.588 0.0235935
7.79259 2.34109 320.149 -591.904 2640.54 -0.032584 -7.99894 -2.19395 -320.149 -67.9576 -339.565 0.032584
7.2065 1.84065 320.186 -472.955 2435.05 -0.0392933 -7.46658 -1.41273 -320.186 -0.607145 -297.067 0.0392933
6.18346 1.59164 320.147 -406.899 2116.15 -0.0433822 -6.57599 -1.14896 -320.147 7.9524 -256.9 0.0433822
4.91468 1.65881 320.003 -399.851 1696.99 -0.0445613 -5.19782 -1.39514 -320.003 -44.4835 -223.206 0.0445613
3.35812 1.92773 320.069 -423.496 1214.93 -0.0426521 -3.6832 -1.89 -320.069 -131.649 -188.414 0.0426521
1.79423 2.28251 320.209 -443.224 696.849 -0.0376781 -1.97243 -2.28052 -320.209 -220.025 -147.281 0.0376781
0.360487 2.20199 320.172 -414.055 173.415 -0.0298455 -0.222692 -2.52918 -320.172 -273.43 -87.6261 0.0298455
-1.00933 1.61672 319.999 -298.616 -324.993 -0.0194811 1.21834 -2.2063 -319.999 -256.72 1.12696 0.0194811
-2.09037 0.440782 320.049 -71.4303 -786.644 -0.00705177 2.60513 -1.05013 -320.049 -144.871 103.016 0.00705177
-2.97043 -1.38755 320.252 250.261 -1190.72 0.00680176 3.75585 0.71311 -320.252 55.4549 210.945 -0.00680176
-3.74863 -3.53959 320.163 632.502 -1519.46 0.0212808 4.50072 2.98757 -320.163 316.515 317.486 -0.0212808
-4.24125 -5.60761 319.995 1003.97 -1767.34 0.0354762 5.10488 5.31255 -319.995 583.448 405.306 -0.0354762
-4.57228 -7.34689 320.015 1291.19 -1928.35 0.0484611 5.45198 7.01718 -320.015 796.69 467.315 -0.0484611
-4.70365 -8.2214 319.988 1442.52 -2000.12 0.0594037 5.58401 7.97292 -319.988 911.332 500.594 -0.0594037
-4.63138 -8.20004 319.81 1431.81 -1982.52 0.0676305 5.53646 7.87661 -319.81 904.938 500.446 -0.0676305
-4.40266 -7.2595 319.707 1264.77 -1878.59 0.0726345 5.30347 6.8256 -319.707 782.557 463.888 -0.0726345
-4.02116 -5.52147 319.732 973.51 -1691.94 0.0740817 4.9012 5.11103 -319.732 572.081 391.655 -0.0740817
-3.58523 -3.37735 319.734 606.323 -1427.84 0.0718313 4.24616 2.95337 -319.734 314.114 286.824 -0.0718313
-3.05646 -1.18675 319.764 225.232 -1107 0.0659276 3.49743 0.751221 -319.764 56.8019 152.549 -0.0659276
-2.30365 0.63634 319.891 -107.414 -732.255 0.056561 2.64517 -1.14859 -319.891 -151.648 12.0881 -0.056561
-1.3519 1.59693 320.066 -328.29 -309.246 0.044043 1.4987 -2.46767 -320.066 -262.177 -104.921 -0.044043
-0.110944 1.60105 320.052 -379.332 150.72 0.0287647 0.138753 -2.60405 -320.052 -231.729 -185.841 -0.0287647
1.30928 0.536489 320.23 -247.075 629.547 0.0111343 -1.40913 -1.51657 -320.23 -51.4737 -232.316 -0.0111343
2.58445 -1.39854 320.602 32.5462 1095.35 -0.00844422 -3.10019 0.526077 -320.602 246.688 -266.127 0.00844422
3.65891 -3.55127 320.699 372.657 1493.58 -0.0295201 -4.48245 3.0765 -320.699 589.796 -306.538 0.0295201
4.55255 -5.54871 320.611 673.804 1804.48 -0.051492 -5.52272 5.20784 -320.611 888.445 -335.796 0.051492
5.28894 -6.57106 320.7 845.089 2014.89 -0.0735503 -6.30354 6.55244 -320.7 1061.01 -325.361 0.0735503
5.8417 -6.47002 320.678 835.164 2114.38 -0.0947126 -6.78781 6.57432 -320.678 1059.42 -274.067 0.0947126
6.07182 -5.12063 320.449 632.522 2087.13 -0.113852 -6.77851 5.26121 -320.449 875.226 -214.884 0.113852
5.65018 -2.55661 320.298 262.546 1921.45 -0.129716 -6.2666 2.94888 -320.298 536.735 -185.204 0.129716
4.738 0.722238 320.244 -223.899 1630.21 -0.14103 -5.13495 -0.184704 -320.244 91.5556 -191.436 0.14103
3.52341 4.20039 320.158 -746.946 1264.74 -0.146647 -3.78854 -3.64514 -320.158 -393.446 -198.748 0.146647
2.22448 7.31569 320.014 -1209.31 865.979 -0.14566 -2.46021 -6.75184 -320.014 -834.988 -182.53 0.14566
1.00099 9.42345 319.929 -1511.94 460.349 -0.137476 -1.16357 -8.90107 -319.929 -1150.75 -143.968 0.137476
-0.254913 10.1456 319.816 -1598.77 54.8825 -0.121902 0.0616367 -9.71577 -319.816 -1287.07 -99.943 0.121902
-1.33201 9.47979 319.834 -1453.55 -335.052 -0.0992174 1.278 -8.96593 -319.834 -1226.45 -44.1917 0.0992174
-1.93029 7.62681 319.858 -1115.42 -669.841 -0.0701885 2.30949 -6.94561 -319.858 -1001.66 52.8579 0.0701885
-2.19986 4.91031 319.899 -654.314 -936.47 -0.0360311 2.85168 -4.21816 -319.899 -671.631 200.672 0.0360311
-2.43161 1.94438 320.032 -155.014 -1137.52 0.00167684 2.98298 -1.20165 -320.032 -301.586 348.237 -0.00167684
-2.84607 -0.706332 320.044 289.002 -1307.39 0.0411542 3.23682 1.54666 -320.044 38.9461 420.476 -0.0411542
-3.48199 -2.59758 320.027 598.482 -1462.47 0.0805483 3.80757 3.45972 -320.027 282.27 399.918 -0.0805483
-4.27774 -3.46823 319.976 718.952 -1577.39 0.117969 4.21261 4.07623 -319.976 377.902 340.235 -0.117969
-4.8403 -3.06766 319.911 646.153 -1638.05 0.151557 4.43708 3.55828 -319.911 317.243 286.514 -0.151557
-4.91337 -1.62089 319.827 408.888 -1645.97 0.179712 4.67081 2.03154 -319.827 122.454 249.925 -0.179712
-4.96939 0.517549 319.738 59.1007 -1607.81 0.201275 4.57038 -0.188808 -319.738 -161.103 218.375 -0.201275
-4.94496 3.03032 319.68 -337.471 -1543.77 0.215501 4.54508 -2.58365 -319.68 -477.637 161.827 -0.215501
-4.94415 5.37513 319.599 -722.202 -1459.42 0.221936 4.55397 -4.95445 -319.599 -778.13 76.6626 -0.221936
-4.83515 7.19536 319.538 -1037.36 -1339.97 0.220452 4.40426 -6.93437 -319.538 -1015.19 -4.76761 -0.220452
-4.43387 8.18034 319.551 -1223.14 -1176.51 0.211305 4.01825 -8.09745 -319.551 -1141.59 -53.3918 -0.211305
-3.75254 8.18842 319.545 -1241.37 -971.51 0.195086 3.34434 -8.12106 -319.545 -1128.03 -61.0338 -0.195086
-2.85998 7.16407 319.584 -1095.58 -740.312 0.172628 2.51875 -7.09703 -319.584 -976.263 -42.1488 -0.172628
-1.85638 5.26644 319.784 -816.987 -502.04 0.144939 1.68537 -5.26168 -319.784 -712.532 -13.0746 -0.144939
-0.819688 2.82289 319.987 -450.72 -255.717 0.113149 0.790006 -2.88016 -319.987 -377.798 21.7565 -0.113149
0.156719 0.139018 320.062 -54.2614 -11.8981 0.0784779 -0.140524 -0.361965 -320.062 -18.4763 55.4336 -0.0784779
0.957483 -2.42399 320.222 325.747 214.758 0.0422427 -1.02785 2.06118 -320.222 325.922 74.4651 -0.0422427
1.65868 -4.53816 320.37 642.311 409.44 0.0058321 -1.63305 4.12535 -320.37 616.396 69.991 -0.0058321
2.20618 -6.05077 320.443 860.68 574.096 -0.029377 -2.11269 5.53408 -320.443 822.432 54.9295 0.029377
2.8086 -6.79988 320.444 963.908 715.648 -0.0621123 -2.42061 6.22664 -320.444 928.627 45.9506 0.0621123
3.38966 -6.83952 320.449 957.16 842.377 -0.0912629 -2.72194 6.21685 -320.449 939.668 47.6993 0.0912629
3.76258 -6.32311 320.459 861.185 951.709 -0.115911 -3.02763 5.63432 -320.459 875.93 37.2278 0.115911
3.9275 -5.43904 320.415 708.498 1034.82 -0.135348 -3.0869 4.71952 -320.415 767.2 -13.0227 0.135348
3.91835 -4.34951 320.403 529.975 1102.25 -0.149128 -2.9967 3.70455 -320.403 639.899 -94.5915 0.149128
3.71585 -3.31979 320.398 356.046 1167.71 -0.157114 -3.0825 2.68108 -320.398 515.459 -176.708 0.157114
3.71057 -2.53562 320.399 216.07 1237.55 -0.159483 -3.13949 1.82029 -320.399 416.384 -238.76 0.159483
3.7449 -2.26697 320.379 146.12 1309.82 -0.156662 -3.35201 1.30513 -320.379 372.414 -274.941 0.156662
3.76664 -2.53509 320.382 175.908 1374.18 -0.149287 -3.65173 1.48809 -320.382 408.141 -292.432 0.149287
3.91961 -3.32036 320.426 304.829 1419.5 -0.138192 -3.79369 2.37387 -320.426 522.007 -294.824 0.138192
4.18257 -4.56853 320.479 500.71 1449.49 -0.124395 -3.95152 3.59729 -320.479 685.244 -263.678 0.124395
4.62874 -5.80107 320.517 716.865 1471.18 -0.109033 -4.19181 5.04003 -320.517 857.818 -185.748 0.109033
4.98815 -6.84401 320.537 899.929 1472.96 -0.0932302 -4.52446 6.21473 -320.537 997.002 -87.1595 0.0932302
5.12795 -7.32813 320.523 1000.82 1429.76 -0.0779688 -4.56887 6.89476 -320.523 1065.3 -17.4124 0.0779688
4.95895 -7.16039 320.489 987.041 1336.52 -0.0639701 -4.25114 6.77695 -320.489 1037.62 4.87865 0.0639701
4.62331 -6.34016 320.456 857.815 1216.39 -0.0516824 -3.77617 5.84605 -320.456 912.447 6.98931 0.0516824
4.42783 -4.86002 320.415 641.83 1100.73 -0.0413286 -3.29682 4.46662 -320.415 712.983 24.3395 0.0413286
4.33971 -3.14481 320.344 382.253 1006.32 -0.0328906 -2.99988 2.76996 -320.344 476.864 62.5644 0.0328906
4.29852 -1.50559 320.288 129.615 934.752 -0.0260906 -2.76945 1.11834 -320.288 251.381 94.4878 0.0260906
4.32478 -0.140015 320.242 -69.6616 890.741 -0.0204917 -2.46139 -0.0756256 -320.242 78.7766 97.4778 0.0204917
4.4169 0.792953 320.227 -198.467 896.115 -0.0156749 -2.3131 -0.749996 -320.227 -25.967 83.9915 0.0156749
4.61534 1.36836 320.26 -272.021 967.211 -0.0113644 -2.50595 -1.02316 -320.26 -75.7371 69.9303 0.0113644
4.96146 1.81244 320.328 -325.817 1097.26 -0.00743225 -2.88088 -1.11822 -320.328 -100.329 44.9642 0.00743225
5.35728 2.22519 320.389 -401.314 1269.32 -0.00382037 -3.29225 -1.4477 -320.389 -132.752 -9.35072 0.00382037
5.72246 2.79479 320.441 -519.214 1474.24 -0.000501954 -3.72683 -2.08717 -320.441 -190.618 -97.4784 0.000501954
6.05996 3.65763 320.533 -678.029 1712.79 0.00248993 -4.27094 -2.90508 -320.533 -276.122 -207.256 -0.00248993
6.43903 4.74482 320.568 -872.434 1969.47 0.00507893 -4.823 -3.92936 -320.568 -388.627 -327.917 -0.00507893
6.86948 5.94567 320.539 -1090.46 2233.86 0.00722186 -5.38567 -5.14203 -320.539 -521.396 -447.26 -0.00722186
7.22455 7.17346 320.521 -1309.18 2488.2 0.00892749 -5.98644 -6.35999 -320.521 -658.159 -561.997 -0.00892749
7.41721 8.29064 320.503 -1503.79 2710.54 0.0102219 -6.55034 -7.42853 -320.503 -781.249 -673.751 -0.0102219
7.59015 9.13245 320.422 -1654.67 2883.44 0.0111741 -6.83714 -8.27772 -320.422 -876.157 -779.291 -0.0111741
7.6853 9.63049 320.301 -1750.97 3010.09 0.0119073 -7.10167 -8.84199 -320.301 -934.281 -853.272 -0.0119073
7.68552 9.71541 320.209 -1779.41 3084.84 0.0124738 -7.3863 -9.02881 -320.209 -945.361 -886.416 -0.0124738
7.64996 9.35061 320.101 -1731.51 3089.74 0.0128017 -7.42933 -8.77107 -320.101 -902.804 -890.221 -0.0128017
7.40224 8.50873 319.971 -1604.84 3014.26 0.0128339 -7.29382 -8.06895 -319.971 -805.097 -870.627 -0.0128339
6.99139 7.29468 319.885 -1406.35 2857.37 0.0125584 -6.94774 -6.91297 -319.885 -659.156 -824.149 -0.0125584
6.46205 5.8646 319.915 -1153.03 2618.86 0.0118806 -6.39236 -5.39158 -319.915 -483.523 -743.903 -0.0118806
5.74319 4.33754 319.908 -879.007 2300.96 0.0106447 -5.70824 -3.82592 -319.908 -308.039 -630.699 -0.0106447
4.78136 2.91941 319.853 -618.459 1903.83 0.00878008 -4.83681 -2.42481 -319.853 -158.796 -500.952 -0.00878008
3.61264 1.76461 319.945 -399.318 1443.2 0.00635149 -3.73245 -1.34847 -319.945 -53.5703 -371.748 -0.00635149
2.2659 0.946977 320.187 -234.011 944.411 0.00355301 -2.48583 -0.645959 -320.187 2.19788 -251.032 -0.00355301
0.726493 0.491412 320.269 -119.987 402.57 0.000682722 -1.05393 -0.259467 -320.269 10.7384 -142.259 -0.000682722
-0.665706 0.250993 320.179 -44.8142 -143.557 -0.00197808 0.482791 -0.174646 -320.179 -16.9559 -23.0993 0.00197808
-1.95598 0.272511 320.151 9.65233 -680.384 -0.00421717 1.89608 -0.114929 -320.151 -65.6506 119.498 0.00421717
-3.16736 0.314469 320.349 55.5586 -1191.59 -0.00576099 3.13858 -0.13069 -320.349 -119.729 272.799 0.00576099
-4.34131 0.310275 320.264 107.412 -1671.84 -0.0062668 4.33758 -0.0752809 -320.264 -162.727 407.025 0.0062668
-5.645 0.346284 320.103 165.697 -2115.81 -0.00555685 5.44068 0.173652 -320.103 -189.905 500.207 0.00555685
-6.93125 0.172901 320.038 221.247 -2516.96 -0.00375549 6.53412 0.261302 -320.038 -207.387 554.668 0.00375549
-7.98835 -0.0479774 319.993 274.754 -2850.85 -0.00114784 7.49366 0.357523 -319.993 -214.703 594.793 0.00114784
-8.71651 -0.419675 319.85 341.747 -3096.77 0.00202772 8.12651 0.55032 -319.85 -199.584 642.359 -0.00202772
-9.0216 -1.19503 319.685 445.737 -3254.17 0.00560689 8.52769 0.891164 -319.685 -141.325 696.7 -0.00560689
-9.07547 -2.28751 319.644 610.517 -3324.16 0.00941585 8.60914 1.79293 -319.644 -16.3024 746.781 -0.00941585
-8.81489 -3.72444 319.634 839.443 -3306.4 0.0132569 8.50463 3.27094 -319.634 178.318 782.023 -0.0132569
-8.32542 -5.35955 319.555 1098.13 -3199.28 0.0168981 8.14051 5.03811 -319.555 413.954 799.102 -0.0168981
-7.68153 -6.81363 319.533 1333.24 -3003.96 0.0200962 7.47264 6.77721 -319.533 642.746 794.765 -0.0200962
-6.87023 -7.71645 319.554 1477.32 -2735.1 0.0227354 6.69439 7.98903 -319.554 805.822 757.468 -0.0227354
-5.95527 -7.95912 319.615 1476.97 -2403.99 0.024812 5.86246 8.0987 -319.615 857.234 680.995 -0.024812
-4.9282 -7.16827 319.637 1310.66 -2010.64 0.0262817 4.92847 7.23911 -319.637 783.574 573.587 -0.0262817
-3.8373 -5.62713 319.697 1005.25 -1569.83 0.0271041 3.91856 5.4474 -319.697 604.545 439.18 -0.0271041
-2.66894 -3.67258 319.897 617.394 -1084.43 0.0273376 2.80995 3.09609 -319.897 366.567 285.933 -0.0273376
-1.45779 -1.4947 320.161 222.716 -571.146 0.0270948 1.61472 0.922796 -320.161 128.807 123.707 -0.0270948
-0.170052 0.295014 320.24 -120.713 -28.0233 0.0265136 0.233282 -0.969831 -320.24 -63.0284 -30.1175 -0.0265136
1.24378 1.58395 320.273 -367.895 530.04 0.0257338 -1.25553 -2.15799 -320.273 -175.994 -164.963 -0.0257338
2.823 2.18295 320.656 -501.626 1100.03 0.0247865 -2.83086 -2.63313 -320.656 -198.559 -275.195 -0.0247865
4.41061 2.133 320.91 -534.344 1658.54 0.0235429 -4.49121 -2.50946 -320.91 -140.821 -360.496 -0.0235429
5.85548 1.67634 320.764 -490.905 2171.4 0.0218428 -6.06438 -1.88623 -320.764 -27.5375 -433.715 -0.0218428
7.05888 1.09579 320.615 -422.369 2591.13 0.0196617 -7.23921 -1.14149 -320.615 96.3366 -506.955 -0.0196617
8.0803 0.736903 320.799 -381.861 2906.49 0.0170433 -8.03866 -0.628791 -320.799 182.355 -557.024 -0.0170433
8.91953 0.764993 320.778 -403.997 3127.74 0.0138833 -8.67637 -0.662951 -320.778 195.372 -563.208 -0.0138833
9.50066 1.30945 320.49 -495.56 3251.21 0.010033 -9.07528 -1.18908 -320.49 131.345 -544.051 -0.010033
9.68044 1.99869 320.351 -629.795 3267.19 0.00564383 -9.04516 -2.20675 -320.351 17.5618 -538.261 -0.00564383
9.0741 2.41623 320.323 -741.479 3169.92 0.00111155 -8.78147 -3.27569 -320.323 -86.7165 -567.543 -0.00111155
8.25595 2.61696 320.145 -759.605 2971.48 -0.00329965 -7.94114 -3.44678 -320.145 -122.563 -610.408 0.00329965
7.50005 2.28354 320.051 -667.142 2713.87 -0.00752595 -7.01453 -2.85348 -320.051 -80.2865 -597.81 0.00752595
6.88044 1.37348 320.127 -488.256 2429.31 -0.0115711 -6.43692 -1.86382 -320.127 16.9765 -487.965 0.0115711
6.27686 0.339792 320.078 -261.481 2097.52 -0.0154834 -5.83788 -0.484384 -320.078 140.971 -331.844 0.0154834
5.35404 -0.663463 319.981 -42.9425 1697 -0.0192624 -4.88539 0.78917 -319.981 253.409 -204.832 0.0192624
4.0502 -1.49434 320.196 116.842 1240.96 -0.0227716 -3.5623 1.4967 -320.196 317.322 -131.549 0.0227716
2.55806 -1.71924 320.298 195.832 755.71 -0.0258971 -2.04856 1.78422 -320.298 312.963 -84.1516 0.0258971
1.04704 -1.43611 320.242 189.188 270.375 -0.0286629 -0.616954 1.49285 -320.242 236.315 -27.5076 0.0286629
-0.365245 -0.723018 320.062 114.89 -198.971 -0.0310385 0.702727 0.762999 -320.062 101.137 43.7595 0.0310385
-1.76342 0.272399 320.094 3.99447 -657.135 -0.0327741 2.06906 -0.130955 -320.094 -62.3198 99.1783 0.0327741
-3.19766 1.3408 320.16 -113.437 -1094.49 -0.0335529 3.45023 -0.992385 -320.16 -225.136 126.497 0.0335529
-4.45983 2.16259 319.989 -211.389 -1480.11 -0.0331914 4.71819 -1.79317 -319.989 -362.807 143.664 0.0331914
-5.3932 2.64763 319.778 -258.202 -1788.51 -0.0316331 5.68835 -2.23506 -319.778 -450.567 174.793 0.0316331
-5.99908 2.66631 319.798 -236.265 -2004.58 -0.0289059 6.25086 -2.2037 -319.798 -470.581 220.574 0.0289059
-6.35379 2.10634 319.747 -144.68 -2128.24 -0.0251492 6.47753 -1.76279 -319.747 -416.688 259.425 0.0251492
-6.48731 1.1654 319.632 7.77549 -2172.18 -0.0205981 6.5579 -0.820264 -319.632 -295.462 272.169 0.0205981
-6.35031 -0.013687 319.607 191.585 -2131.93 -0.015544 6.41521 0.375173 -319.607 -134.27 272.621 0.015544
-5.83496 -1.11367 319.645 363.778 -2000.21 -0.0103694 5.9407 1.57564 -319.645 27.7497 284.956 0.0103694
-4.88122 -1.91944 319.657 482.488 -1779.74 -0.00552076 5.18757 2.45269 -319.657 153.488 312.888 0.00552076
-3.6362 -2.24872 319.705 517.076 -1481.96 -0.00130996 4.20723 2.8142 -319.705 219.184 339.004 0.00130996
-2.2376 -1.99017 319.792 457.461 -1123.05 0.0021908 3.13902 2.64987 -319.792 217.239 339.259 -0.0021908
-1.10067 -1.17463 319.987 302.193 -720.145 0.00500195 1.8165 1.91376 -319.987 146.907 294.657 -0.00500195
-0.0323682 0.159879 320.128 56.7236 -290.93 0.00710187 0.640902 0.648614 -320.128 14.4793 192.594 -0.00710187
1.03606 1.91285 320.228 -257.668 154.726 0.00846981 -0.414059 -1.02025 -320.228 -168.504 56.696 -0.00846981
2.1985 3.93687 320.352 -612.784 629.472 0.00915461 -1.67751 -2.93211 -320.352 -385.464 -64.3001 -0.00915461
3.52515 6.04048 320.638 -979.104 1129.09 0.00923645 -3.12849 -4.92579 -320.638 -614.671 -159.078 -0.00923645
4.75486 8.00423 320.726 -1323.57 1618.95 0.0087647 -4.59528 -6.7969 -320.726 -827.592 -255.959 -0.0087647
5.67174 9.67561 320.505 -1616.99 2049.64 0.0078057 -5.72071 -8.34823 -320.505 -1002.61 -388.801 -0.0078057
6.22717 10.9208 320.398 -1841.95 2388.94 0.00648561 -6.41355 -9.53224 -320.398 -1130.78 -545.768 -0.00648561
6.5 11.6225 320.465 -1990.23 2641.14 0.00489787 -7.0001 -10.4103 -320.465 -1212.15 -672.348 -0.00489787
6.57727 11.6714 320.247 -2044.86 2801.05 0.00310293 -7.51752 -10.8659 -320.247 -1230.9 -745.388 -0.00310293
6.45619 10.9263 319.927 -1971.16 2842.54 0.00130662 -7.66976 -10.595 -319.927 -1157 -782.215 -0.00130662
6.08731 9.34139 319.835 -1743.24 2752.88 -0.000127231 -7.374 -9.31893 -319.835 -969.191 -789.328 0.000127231
5.65944 6.83339 319.877 -1358.27 2546.57 -0.000866728 -6.74765 -7.11938 -319.877 -670.068 -736.74 0.000866728
5.2046 3.64213 319.93 -834.284 2242.44 -0.000677176 -6.09495 -4.05626 -319.93 -285.157 -594.427 0.000677176
4.68345 0.08489 319.918 -230.599 1850.5 0.000644196 -5.40257 -0.535254 -319.918 139.797 -380.003 -0.000644196
3.94637 -3.31926 320.191 366.129 1376.5 0.00329843 -4.45552 2.95319 -320.191 544.767 -152.101 -0.00329843
2.80065 -5.96218 320.569 863.165 826.507 0.00744946 -3.10218 5.89579 -320.569 859.535 33.2532 -0.00744946
1.13213 -7.36728 320.629 1159.5 202.275 0.0131115 -1.3333 7.56165 -320.629 1009.66 156.45 -0.0131115
-0.804703 -7.34441 320.404 1208.9 -467.488 0.0201261 0.723942 7.51997 -320.404 951.136 244.292 -0.0201261
-2.82582 -5.82183 320.509 1016.14 -1146.05 0.0283601 2.83239 5.9104 -320.509 689.047 321.287 -0.0283601
-4.83356 -3.25209 320.581 649.923 -1806.91 0.0378298 4.92265 3.15988 -320.581 282.468 385.271 -0.0378298
-6.72327 -0.312492 320.162 215.568 -2412.69 0.0485619 6.92918 -0.0343661 -320.162 -174.216 423.668 -0.0485619
-8.38841 2.44541 319.771 -169.117 -2927.07 0.0604175 8.70342 -2.71277 -319.771 -579.258 437.268 -0.0604175
-9.49872 4.30252 319.7 -422.107 -3301 0.0730383 10.0515 -4.51005 -319.7 -857.131 453.18 -0.0730383
-9.98706 4.96971 319.371 -501.439 -3510.84 0.0858475 10.7389 -5.12481 -319.371 -963.988 491.701 -0.0858475
-9.9411 4.38537 319.045 -390.658 -3547.99 0.0980757 10.6405 -4.39198 -319.045 -883.357 549.626 -0.0980757
-9.46537 2.52737 319.087 -113.201 -3432.78 0.108815 10.0231 -2.62071 -319.087 -633.505 593.398 -0.108815
-8.61115 -0.188748 319.201 281.281 -3186.06 0.117012 9.12354 -0.0304751 -319.201 -257.05 601.986 -0.117012
-7.43674 -3.22569 319.245 727.158 -2810.19 0.121433 7.81072 3.01285 -319.245 180.409 588.277 -0.121433
-5.94915 -6.03144 319.448 1132.52 -2323.14 0.120821 6.12944 5.84342 -319.448 593.839 562.647 -0.120821
-4.32623 -7.95084 319.715 1399.72 -1770.84 0.114203 4.29492 7.8772 -319.715 900.838 513.885 -0.114203
-2.77482 -8.72571 319.968 1467.37 -1201.67 0.101143 2.53974 8.56425 -319.968 1045.39 426.478 -0.101143
-1.37083 -8.12785 320.166 1319.82 -649.586 0.0817443 1.03602 7.92155 -320.166 1012.48 298.274 -0.0817443
-0.0822638 -6.41061 320.387 993.066 -126.978 0.0565749 -0.227326 6.12414 -320.387 828.336 147.865 -0.0565749
1.08475 -4.00329 320.416 552.931 364.759 0.0266656 -1.43571 3.55714 -320.416 545.499 2.63532 -0.0266656
2.2527 -1.25163 320.473 83.4538 831.079 -0.0065343 -2.58457 0.923932 -320.473 232.371 -125.788 0.0065343
3.34852 1.44093 320.669 -349.488 1255.51 -0.0413201 -3.55429 -1.35472 -320.669 -57.1754 -248.949 0.0413201
4.35444 3.82983 320.626 -724.062 1638.7 -0.0759335 -4.40106 -3.2434 -320.626 -304.282 -361.941 0.0759335
5.30081 5.55908 320.477 -1022.84 1979.53 -0.108669 -5.1583 -4.90661 -320.477 -498.558 -454.377 0.108669
6.04941 6.59084 320.436 -1222.67 2268.91 -0.137885 -5.90438 -6.08788 -320.436 -620.397 -525.886 0.137885
6.61889 7.04708 320.451 -1302.96 2493.77 -0.162093 -6.45855 -6.3939 -320.451 -650.956 -586.919 0.162093
7.01852 6.68971 320.374 -1271.32 2651.56 -0.180134 -6.80169 -6.1609 -320.374 -596.877 -636.394 0.180134
7.23891 5.71575 320.328 -1143.05 2747.86 -0.191244 -7.06893 -5.39029 -320.328 -471.707 -661.618 0.191244
7.33369 4.33431 320.355 -935.521 2783.43 -0.194993 -7.26556 -4.10104 -320.355 -291.192 -654.809 0.194993
7.22792 2.59876 320.324 -671.779 2749.04 -0.191243 -7.35611 -2.53894 -320.324 -75.7696 -622.778 0.191243
6.8738 0.703734 320.248 -375.459 2629.48 -0.180146 -7.18586 -0.819998 -320.248 153.069 -579.742 0.180146
6.3337 -1.21189 320.235 -69.359 2420.04 -0.162168 -6.6705 0.898396 -320.235 375.068 -524.184 0.162168
5.61639 -2.9287 320.231 219.962 2133.78 -0.138058 -6.0331 2.49207 -320.231 566.868 -435.493 0.138058
4.81219 -4.19712 320.247 461.779 1777.83 -0.108794 -5.26187 3.82098 -320.247 702.583 -309.39 0.108794
3.9361 -4.86863 320.291 613.838 1364.18 -0.0755185 -4.31391 4.55065 -320.291 754.292 -161.877 0.0755185
2.81666 -4.98275 320.32 669.586 886.87 -0.0394531 -3.08582 4.55339 -320.32 715.719 -26.9058 0.0394531
1.54834 -4.43573 320.387 627.784 355.705 -0.00183009 -1.46051 3.98396 -320.387 595.516 82.5046 0.00183009
0.210486 -3.49165 320.25 521.105 -185.324 0.0360852 0.163795 2.98355 -320.25 419.881 191.79 -0.0360852
-1.14775 -2.4426 320.241 393.258 -711.32 0.0730202 1.61124 1.80662 -320.241 224.506 308.812 -0.0730202
-2.4786 -1.5051 320.269 286.566 -1204.2 0.107849 2.94181 0.828149 -320.269 53.0053 413.78 -0.107849
-3.87561 -1.0146 320.193 243.352 -1660.96 0.139598 4.21538 0.268832 -320.193 -56.1513 481.443 -0.139598
-5.2405 -1.09831 320.078 281.907 -2063.9 0.167272 5.40697 0.259755 -320.078 -83.7235 512.038 -0.167272
-6.3919 -1.75519 320.003 407.4 -2394.35 0.189856 6.36914 0.861758 -320.003 -26.1943 534.672 -0.189856
-7.15362 -2.89667 319.916 602.352 -2631.22 0.206498 6.93051 1.93625 -319.916 100.919 578.732 -0.206498
-7.46492 -4.34027 319.887 838.6 -2773.85 0.216572 7.17202 3.31497 -319.887 274.815 640.617 -0.216572
-7.5585 -5.81912 319.828 1079.17 -2844.91 0.219637 7.23124 4.7975 -319.828 464.57 689.22 -0.219637
-7.48972 -7.11176 319.777 1280.37 -2856.6 0.215445 7.2738 6.05846 -319.777 634.417 704.65 -0.215445
-7.17512 -7.98936 319.687 1409.5 -2800.44 0.204012 7.23075 6.8927 -319.687 753.998 700.561 -0.204012
-6.65724 -8.31667 319.588 1452.12 -2662.32 0.185695 6.8345 7.2301 -319.588 807.911 695.557 -0.185695
-5.99754 -8.06921 319.596 1404.64 -2449.22 0.161209 6.18025 7.06848 -319.596 795.874 673.842 -0.161209
-5.35504 -7.39034 319.644 1276.23 -2180.99 0.131591 5.47261 6.41977 -319.644 731.284 602.469 -0.131591
-4.73671 -6.42711 319.657 1094.68 -1868.7 0.0980887 4.81189 5.48067 -319.657 636.296 476.894 -0.0980887
-3.88979 -5.29801 319.73 890.336 -1503 0.0620528 4.09305 4.49137 -319.73 532.681 339.706 -0.0620528
-2.70698 -4.19039 319.876 690.273 -1065.16 0.0248598 2.95772 3.5664 -319.876 437.242 239.781 -0.0248598
-1.28023 -3.23029 320.135 510.703 -578.856 -0.012134 1.53814 2.77122 -320.135 361.59 168.222 0.012134
0.194755 -2.40057 320.225 353.331 -71.0603 -0.0476334 0.111694 2.1639 -320.225 309.966 83.2491 0.0476334
1.43033 -1.70783 320.289 208.209 425.239 -0.080486 -1.19943 1.60777 -320.289 273.422 -41.7121 0.080486
2.55794 -1.14404 320.548 65.8404 912.54 -0.109775 -2.4063 0.963127 -320.548 239.999 -188.517 0.109775
3.64475 -0.671018 320.81 -69.3157 1380.56 -0.134812 -3.61204 0.290334 -320.81 208.474 -322.199 0.134812
4.86866 -0.301661 320.788 -177.742 1840.67 -0.155025 -4.92689 -0.202148 -320.788 191.504 -412.349 0.155025
6.01036 -0.170594 320.698 -237.062 2249.7 -0.169929 -6.14527 -0.388089 -320.698 204.616 -477.546 0.169929
6.8951 -0.233666 320.705 -244.366 2576.18 -0.179212 -7.09558 -0.183539 -320.705 250.688 -536.658 0.179212
7.52311 -0.356117 320.741 -217.709 2807.9 -0.182818 -7.74902 0.300973 -320.741 312.137 -581.64 0.182818
7.92973 -0.42545 320.65 -194.715 2948.1 -0.180924 -8.22295 0.67029 -320.65 352.832 -593.59 0.180924
8.16485 -0.45002 320.512 -201.416 2993.87 -0.173874 -8.45826 0.580405 -320.512 350.036 -570.961 0.173874
8.08595 -0.334644 320.387 -229.458 2933.52 -0.16214 -8.37155 0.240879 -320.387 312.01 -534.86 0.16214
7.50368 -0.130001 320.268 -255.782 2753.4 -0.146291 -7.91087 -0.0912433 -320.268 260.407 -506.692 0.146291
6.50272 -0.0120646 320.114 -260.616 2453.98 -0.127015 -7.01018 -0.342004 -320.114 211.767 -484.211 0.127015
5.34646 -0.204807 320.021 -226.511 2055.59 -0.105102 -5.7583 -0.513133 -320.021 180.94 -436.569 0.105102
4.14535 -0.384848 320.046 -136.151 1599.08 -0.081333 -4.54436 -0.0661139 -320.046 181.864 -332.04 0.081333
2.97291 -0.856274 320.2 -0.844416 1111.85 -0.056375 -3.39738 0.575141 -320.2 208.431 -183.094 0.056375
1.6638 -1.57854 320.255 158.641 572.338 -0.0307996 -1.96749 1.23836 -320.255 250.475 -42.9465 0.0307996
0.17612 -2.2776 320.344 331.103 3.57918 -0.00515249 -0.344791 2.08311 -320.344 302.555 72.4326 0.00515249
-1.37096 -2.87471 320.285 489.246 -575.459 0.0200444 1.32273 2.84077 -320.285 341.486 182.943 -0.0200444
-2.82476 -3.20751 320.39 598.302 -1131.61 0.0443248 2.83033 3.25116 -320.39 340.637 307.399 -0.0443248
-4.33994 -3.17304 320.48 638.241 -1664.44 0.0672722 4.15025 3.17343 -320.48 284.599 426.971 -0.0672722
-5.89249 -2.76281 320.271 605.439 -2167.19 0.0885115 5.50106 2.61732 -320.271 177.177 506.702 -0.0885115
-7.5316 -2.06097 320.067 520.38 -2643.74 0.107743 6.9493 1.76263 -320.067 36.2297 533.66 -0.107743
-9.02736 -1.26185 320.09 411.568 -3056.57 0.124761 8.22944 0.772593 -320.09 -114.786 542.3 -0.124761
-10.0097 -0.632054 319.925 324.483 -3377.72 0.139412 9.25602 -0.0682975 -319.925 -241.283 570.837 -0.139412
-10.5116 -0.325547 319.587 294.379 -3597.11 0.151555 9.84239 -0.43597 -319.587 -309.05 631.528 -0.151555
-10.7794 -0.445817 319.508 342.545 -3726.1 0.161089 10.0161 -0.134744 -319.508 -295.912 695.956 -0.161089
-10.971 -1.01292 319.564 456.087 -3787.44 0.167937 10.0715 0.671609 -319.564 -209.861 721.23 -0.167937
-11.1263 -1.89604 319.451 600.746 -3790.91 0.17198 10.101 1.6722 -319.451 -80.8213 697.884 -0.17198
-11.1366 -2.76963 319.322 736.565 -3729.71 0.173099 9.95911 2.65144 -319.322 52.5451 656.012 -0.173099
-10.7661 -3.42368 319.343 827.433 -3596.02 0.171272 9.59282 3.32581 -319.343 154.646 629.688 -0.171272
-9.948 -3.66969 319.351 850.227 -3388.77 0.166593 8.99795 3.57267 -319.351 203.397 628.186 -0.166593
-8.8503 -3.38406 319.255 792.325 -3117.54 0.159233 8.21277 3.36618 -319.255 189.704 631.105 -0.159233
-7.60479 -2.6026 319.263 650.555 -2790.54 0.14942 7.37442 2.66449 -319.263 115.861 607.605 -0.14942
-6.3931 -1.28325 319.365 429.182 -2408.74 0.137424 6.42333 1.5901 -319.365 -10.7122 540.961 -0.137424
-5.30294 0.369716 319.397 140.083 -1978.22 0.12352 5.34639 0.0989261 -319.397 -178.617 426.411 -0.12352
-4.31172 2.15887 319.589 -187.551 -1512.22 0.107948 4.21652 -1.65709 -319.589 -366.283 269.861 -0.107948
-3.16003 3.83953 319.799 -509.073 -1013.97 0.0908687 3.12207 -3.40825 -319.799 -543.611 99.3516 -0.0908687
-1.8483 5.09218 320.015 -780.432 -474.314 0.0723771 1.74806 -4.92056 -320.015 -674.221 -48.6263 -0.0723771
-0.31672 5.76694 320.096 -943.533 95.4198 0.0525553 0.159267 -5.67587 -320.096 -719.135 -163.527 -0.0525553
1.60893 5.76897 320.276 -991.026 684.979 0.0314719 -1.39938 -5.63795 -320.276 -666.647 -245.409 -0.0314719
3.53566 4.98598 320.709 -916.344 1291.43 0.00913796 -3.25271 -4.88307 -320.709 -518.102 -301.274 -0.00913796
5.38468 3.6081 320.879 -751.022 1886.52 -0.0144258 -5.10689 -3.5901 -320.879 -295.56 -357.03 0.0144258
7.09424 1.81614 320.766 -520.125 2429.72 -0.0390365 -6.63631 -1.90244 -320.766 -21.0647 -428.455 0.0390365
8.38606 -0.296434 320.859 -256.173 2892.03 -0.0642689 -8.04219 -0.150928 -320.859 276.268 -497.769 0.0642689
9.44746 -2.43195 321.102 23.5829 3265.75 -0.0895376 -9.26312 1.7049 -321.102 576.324 -539.025 0.0895376
10.34 -4.30283 320.971 297.99 3541.99 -0.114211 -10.2013 3.64048 -320.971 854.906 -548.688 0.114211
11.0007 -5.82303 320.778 525.607 3710.02 -0.13758 -10.7792 5.20328 -320.778 1075.2 -536.423 0.13758
11.2542 -6.91211 320.81 676.36 3763.33 -0.158784 -11.0635 6.08502 -320.81 1210.8 -511.522 0.158784
11.1261 -7.35165 320.731 747.499 3695.72 -0.176842 -10.92 6.45999 -320.731 1258.03 -483.58 0.176842
10.6001 -7.19108 320.459 744.785 3508.53 -0.190781 -10.3529 6.35931 -320.459 1222.85 -455.676 0.190781
9.65691 -6.53476 320.338 673.032 3208.13 -0.199734 -9.45036 5.75472 -320.338 1111.5 -424.127 0.199734
8.29238 -5.36608 320.26 543.786 2799.88 -0.202994 -8.24578 4.80382 -320.26 932.899 -390.058 0.202994
6.45676 -3.75637 320.096 356.007 2278.46 -0.20002 -6.71409 3.47098 -320.096 693.294 -358.98 0.20002
4.34546 -1.8623 320.007 116.228 1659.83 -0.190438 -4.81464 1.71153 -320.007 402.424 -324.353 0.190438
2.16488 0.221341 320.211 -150.8 997.05 -0.174099 -2.83318 -0.237105 -320.211 83.806 -267.744 0.174099
-0.142255 2.2364 320.304 -400.606 287.016 -0.15115 -0.703903 -2.08669 -320.304 -227.656 -203.895 0.15115
-2.44027 3.80815 320.105 -591.837 -443.967 -0.122018 1.54597 -3.68455 -320.105 -496.695 -135.395 0.122018
-4.71978 4.56782 320.099 -675.131 -1189.38 -0.0874142 3.8341 -4.78148 -320.099 -682.892 -55.3741 0.0874142
-6.80903 4.42014 320.455 -604.361 -1905.79 -0.0483158 5.82794 -4.85254 -320.455 -742.261 66.0464 0.0483158
-8.58462 2.9849 320.423 -340.352 -2580.78 -0.00589431 7.61308 -3.77353 -320.423 -640.7 221.992 0.00589431
-10.0204 0.580155 320.184 102.287 -3181.73 0.0384237 9.09349 -1.3314 -320.184 -378.859 397.645 -0.0384237
-11.0388 -2.45504 320.176 651.596 -3683.34 0.0828447 10.2408 1.99051 -320.176 -4.26186 583.148 -0.0828447
-11.6575 -5.75972 320.19 1208.84 -4079.62 0.125382 11.0533 5.31612 -320.19 402.081 770.234 -0.125382
-12.0124 -8.55873 320.035 1689.46 -4368.21 0.164209 11.5205 8.31956 -320.035 764.72 938.363 -0.164209
-12.1851 -10.2628 319.786 2007.11 -4562.66 0.197798 11.8572 10.4549 -319.786 1005.05 1058.1 -0.197798
-12.3308 -10.6261 319.541 2088.08 -4674.17 0.224846 12.1331 11.0074 -319.541 1057.2 1108.01 -0.224846
-12.5115 -9.58876 319.293 1908.91 -4700.65 0.24429 12.304 9.71952 -319.293 898.52 1083.4 -0.24429
-12.7864 -6.97159 319.065 1498.87 -4637.76 0.255546 12.243 7.15894 -319.065 556.155 989.806 -0.255546
-12.9336 -3.31001 318.89 915.618 -4486.01 0.258674 12.0914 3.5475 -318.89 82.5183 839.383 -0.258674
-12.7007 0.777421 318.787 238.76 -4233.3 0.254245 11.7954 -0.692753 -318.787 -450.788 664.458 -0.254245
-11.9947 4.75772 318.703 -426.589 -3859.67 0.24307 11.0177 -4.73151 -318.703 -950.775 507.529 -0.24307
-10.6911 7.88929 318.594 -967.146 -3366.75 0.226118 9.78004 -7.88719 -318.594 -1323.94 385.119 -0.226118
-8.82479 9.61408 318.731 -1299.76 -2767.75 0.204482 8.17271 -9.66483 -318.731 -1500.42 292.249 -0.204482
-6.59236 9.78003 319.167 -1374.78 -2090.26 0.179241 6.22917 -9.66368 -319.167 -1449.57 223.045 -0.179241
-4.02115 8.41943 319.505 -1212.76 -1342.89 0.151279 3.92758 -8.17077 -319.505 -1197.23 185.32 -0.151279
-1.3021 6.06796 319.875 -883.954 -544.913 0.121293 1.27298 -5.56189 -319.875 -805.574 169.821 -0.121293
1.25579 3.2402 320.328 -489.065 243.989 0.0899217 -1.32262 -2.62179 -320.328 -362.682 131.448 -0.0899217
3.68247 0.569002 320.734 -133.118 1007.98 0.0577944 -3.65629 -0.0300809 -320.734 45.7825 60.8362 -0.0577944
5.82167 -1.2976 321.239 102.395 1723.26 0.0254905 -5.78787 1.82378 -321.239 350.586 -32.301 -0.0254905
7.64986 -2.07431 321.264 167.278 2369.01 -0.00643981 -7.66288 2.58155 -321.264 508.431 -138.534 0.00643981
8.92934 -1.59449 320.936 52.4139 2884.52 -0.037312 -8.99076 2.24564 -320.936 504.575 -273.937 0.037312
9.64773 -0.0760894 320.978 -223.377 3255.63 -0.0661747 -9.75251 0.781385 -320.978 346.824 -428.914 0.0661747
9.85411 2.25056 320.967 -614.832 3488.97 -0.0920005 -10.0678 -1.51569 -320.967 66.3258 -585.655 0.0920005
9.63791 5.03889 320.572 -1061.81 3587.85 -0.114006 -9.95035 -4.22048 -320.572 -284.925 -732.5 0.114006
9.15949 7.57892 320.25 -1487.76 3565.13 -0.131611 -9.43964 -7.05309 -320.25 -639.66 -853.282 0.131611
8.5335 9.58295 320.135 -1809.66 3444.45 -0.144232 -8.75371 -9.21591 -320.135 -923.19 -923.311 0.144232
7.81523 10.4447 319.915 -1950.29 3243.16 -0.151411 -8.02858 -10.3178 -319.915 -1067.81 -932.129 0.151411
7.00862 9.94284 319.66 -1866.83 2965.16 -0.153088 -7.21469 -10.0129 -319.66 -1033.93 -890.244 0.153088
6.03505 8.27279 319.599 -1563.21 2613.41 -0.149625 -6.32598 -8.14812 -319.599 -823.787 -809.976 0.149625
4.89256 5.40488 319.807 -1079.38 2179.72 -0.141625 -5.26334 -5.3327 -319.807 -481.662 -697.777 0.141625
3.54684 1.96487 319.9 -493.312 1674.54 -0.129816 -4.15381 -1.94222 -319.9 -75.0684 -550.633 0.129816
2.1465 -1.42131 320.149 99.6934 1129.16 -0.114925 -3.04693 1.49692 -320.149 323.863 -371.035 0.114925
0.651575 -4.30799 320.499 611.869 523.397 -0.0975983 -1.59412 4.35428 -320.499 646.541 -195.211 0.0975983
-1.0004 -6.30155 320.6 977.265 -135.783 -0.0784526 0.170616 6.22369 -320.6 842.703 -34.2216 0.0784526
-2.78974 -7.25572 320.481 1175.28 -841.8 -0.0580845 2.17098 6.98552 -320.481 894.308 119.37 0.0580845
-4.62386 -7.22155 320.787 1223.17 -1559.69 -0.0369123 4.19614 6.81134 -320.787 816.428 274.74 0.0369123
-6.49846 -6.59144 320.709 1162.47 -2259.04 -0.0151098 6.11434 5.88138 -320.709 650.714 421.319 0.0151098
-8.21263 -5.4128 320.25 1049.57 -2908.71 0.00721024 8.03888 4.91021 -320.25 451.496 540.762 -0.00721024
-9.71091 -4.20132 320.144 921.955 -3464.78 0.0297481 9.70945 3.88183 -320.144 253.869 635.082 -0.0297481
-10.8777 -3.29498 319.94 811.819 -3901.23 0.0519764 10.9782 2.87031 -319.94 85.506 716.582 -0.0519764
-11.6262 -2.65629 319.596 746.171 -4202.66 0.0733174 11.8551 2.29974 -319.596 -24.4328 781.062 -0.0733174
-11.9896 -2.48179 319.326 739.874 -4361.92 0.0932152 12.2647 2.18834 -319.326 -59.6125 827.584 -0.0932152
-11.8892 -2.79937 319.224 787.86 -4373.11 0.110993 12.2517 2.45433 -319.224 -22.791 855.163 -0.110993
-11.3239 -3.34856 319.072 871.233 -4231.74 0.12579 11.7859 3.11367 -319.072 69.3897 863.902 -0.12579
-10.3185 -3.95514 318.911 954.562 -3939.22 0.136722 10.8598 3.87644 -318.911 184.927 852.67 -0.136722
-8.90552 -4.40009 318.93 995.048 -3501.41 0.143055 9.52287 4.4025 -318.93 285.371 815.424 -0.143055
-7.23309 -4.51 318.991 961.281 -2933.54 0.14428 7.78848 4.45174 -318.991 342.053 743.872 -0.14428
-5.38734 -4.14168 319.293 837.679 -2257.37 0.140142 5.8494 3.98886 -319.293 344.629 619.241 -0.140142
-3.42866 -3.27373 319.644 630.615 -1512.9 0.130661 3.91147 3.10513 -319.644 296.89 442.792 -0.130661
-1.32115 -2.09755 320.1 365.536 -718.93 0.116097 1.83141 1.84626 -320.1 207.846 259.283 -0.116097
1.07807 -0.741356 320.555 70.7236 120.569 0.0969328 -0.487063 0.400212 -320.555 95.171 107.356 -0.0969328
3.73345 0.539878 320.768 -207.867 998.296 0.073956 -3.06171 -0.936805 -320.768 -6.99888 -8.35504 -0.073956
6.52599 1.46439 321.55 -434.639 1903.21 0.0482003 -5.74983 -1.96834 -321.55 -64.7636 -114.897 -0.0482003
9.04674 1.77189 321.532 -566.375 2769.49 0.0207635 -8.19509 -2.4121 -321.532 -42.4986 -257.67 -0.0207635
10.9171 1.40806 321.179 -584.514 3505.34 -0.00717997 -10.0757 -2.11386 -321.179 71.548 -446.663 0.00717997
12.5805 0.477578 321.452 -503.429 4146.69 -0.0343757 -11.7403 -1.21488 -321.452 256.024 -602.778 0.0343757
14.1007 -0.752247 321.759 -363.03 4696.06 -0.0597583 -13.4464 0.0164096 -321.759 473.017 -681.988 0.0597583
15.3697 -2.03763 321.385 -203.44 5119 -0.0825382 -14.8366 1.28949 -321.385 685.025 -717.538 0.0825382
16.0597 -3.1267 320.988 -60.6879 5381.95 -0.102019 -15.631 2.39035 -320.988 860.37 -764.13 0.102019
16.0494 -3.75203 321.003 26.1549 5473.49 -0.117536 -15.792 3.07506 -321.003 963.827 -833.427 0.117536
15.5379 -3.67734 320.858 27.3642 5402.17 -0.128563 -15.4057 3.15648 -320.858 963.6 -892.6 0.128563
14.7216 -2.76618 320.4 -78.2955 5184.89 -0.134876 -14.6437 2.47927 -320.4 838.536 -905.14 0.134876
13.5508 -1.0491 320.084 -292.716 4827.02 -0.136526 -13.585 1.00824 -320.084 589.848 -872.092 0.136526
11.8878 1.23346 319.943 -591.875 4314.09 -0.133607 -12.0304 -1.15314 -319.943 243.482 -827.891 0.133607
9.67957 3.81558 319.738 -929.223 3635.87 -0.126207 -9.83354 -3.6071 -319.738 -150.679 -791.227 0.126207
7.06166 6.28414 319.424 -1249.14 2822.51 -0.114567 -7.2257 -6.01195 -319.424 -538.577 -738.911 0.114567
4.36393 8.21859 319.542 -1480.33 1912.2 -0.0991026 -4.46835 -7.9019 -319.542 -862.732 -623.165 0.0991026
2.04444 9.2408 319.911 -1554.77 1008.63 -0.0803411 -1.98875 -8.82885 -319.911 -1071.15 -419.062 0.0803411
-0.136542 9.07412 320.111 -1443.97 140.196 -0.0589408 0.214385 -8.63779 -320.111 -1129.62 -189.907 0.0589408
-2.51693 7.72794 320.066 -1150.13 -735.385 -0.0357073 2.67103 -7.26152 -320.066 -1027.54 -19.3653 0.0357073
-5.09715 5.29838 320.278 -695.31 -1604.61 -0.011539 5.22071 -4.88133 -320.278 -783.192 102.398 0.011539
-7.52832 1.97703 320.775 -123.143 -2411.89 0.0126077 7.37274 -1.87173 -320.775 -435.184 241.788 -0.0126077
-9.33538 -1.4849 320.484 492.798 -3110.56 0.035722 9.0912 1.64976 -320.484 -36.1687 426.414 -0.035722
-10.4784 -4.69989 320.123 1058.81 -3663.76 0.056778 10.2718 4.95848 -320.123 345.969 640.385 -0.056778
-11.4692 -7.35649 320.148 1504.58 -4112.08 0.0748099 11.1517 7.47865 -320.148 652.593 815.567 -0.0748099
-12.5279 -9.0651 320.171 1790 -4478.84 0.0890561 12.0482 9.07192 -320.171 847.111 897.229 -0.0890561
-13.5959 -9.71117 319.742 1900.1 -4761.11 0.0991361 12.9282 9.61202 -319.742 909.466 895.835 -0.0991361
-14.3536 -9.30017 319.379 1838.02 -4934.87 0.105012 13.5544 9.0856 -319.379 835.387 868.183 -0.105012
-14.6372 -7.91225 319.298 1624.82 -4983.29 0.106773 13.7069 7.66509 -319.298 640.522 853.172 -0.106773
-14.5173 -5.70533 319.131 1294.04 -4913.72 0.104665 13.4396 5.64143 -319.131 356.554 840.089 -0.104665
-14.0692 -3.00088 318.86 880.41 -4746.75 0.099306 13.0417 3.1748 -318.86 18.7371 796.535 -0.099306
-13.4698 -0.157249 318.731 427.422 -4490.99 0.0916597 12.4572 0.473163 -318.731 -334.129 713.572 -0.0916597
-12.6521 2.42743 318.791 -15.3488 -4137.11 0.0827421 11.5675 -2.1922 -318.791 -654.34 608.741 -0.0827421
-11.4363 4.58386 318.741 -384.669 -3682.45 0.0734503 10.3967 -4.19784 -318.741 -889.939 502.038 -0.0734503
-9.8463 5.74175 318.685 -629.698 -3132.68 0.0645783 8.84672 -5.50967 -318.685 -1003.95 409.843 -0.0645783
-7.97638 5.88952 318.981 -722.12 -2506.38 0.0567841 6.96794 -5.78118 -318.981 -972.661 329.651 -0.0567841
-6.01101 4.99023 319.568 -643.797 -1841.65 0.0504775 4.91763 -4.92446 -319.568 -796.067 249.897 -0.0504775
-3.98758 3.30798 319.758 -429.485 -1167.39 0.0457919 2.8107 -3.16727 -319.758 -510.875 177.299 -0.0457919
-1.91891 1.29354 319.972 -158.731 -506.892 0.0426326 0.754605 -1.06007 -319.972 -182.999 117.601 -0.0426326
0.0750084 -0.628915 320.389 96.6516 109.102 0.0407308 -1.15001 0.864927 -320.389 120.424 69.442 -0.0407308
1.88429 -1.93618 320.512 266.744 666.551 0.0397593 -2.92468 2.2453 -320.512 340.639 33.9764 -0.0397593
3.4601 -2.33986 320.68 298.45 1145.19 0.039448 -4.35079 2.71797 -320.68 436.091 -7.41448 -0.039448
4.59012 -1.72113 320.734 171.801 1518.13 0.0395843 -5.35734 2.13472 -320.734 387.952 -69.0215 -0.0395843
5.37376 -0.0702183 320.638 -106.852 1791.19 0.0399765 -5.90316 0.590163 -320.638 202.2 -148.209 -0.0399765
5.85173 2.37924 320.523 -499.546 1963.75 0.040476 -6.03777 -1.69381 -320.523 -92.9437 -231.248 -0.040476
5.81782 5.33782 320.423 -960.947 2049.96 0.041017 -6.15596 -4.43237 -320.423 -459.378 -304.867 -0.041017
5.56563 8.40419 320.23 -1434.77 2043.55 0.041606 -5.82402 -7.30415 -320.23 -848.383 -383.16 -0.041606
4.99793 11.1648 320.045 -1864.24 1952.16 0.0422614 -5.19416 -9.99326 -320.045 -1210.75 -465.767 -0.0422614
4.15185 13.3026 319.931 -2192.23 1795.83 0.0429689 -4.50184 -12.0989 -319.931 -1499.29 -533.111 -0.0429689
3.34936 14.5931 319.765 -2380.66 1593.21 0.0436651 -3.6826 -13.3516 -319.765 -1680.33 -566.443 -0.0436651
2.60119 14.8437 319.638 -2406.98 1360.25 0.0442419 -2.9128 -13.6508 -319.638 -1733.82 -554.525 -0.0442419
1.86396 13.9601 319.612 -2262.45 1102.82 0.0445812 -2.23159 -12.9633 -319.612 -1649.97 -503.812 -0.0445812
1.12553 12.0361 319.647 -1945.34 817.953 0.044576 -1.50054 -11.1807 -319.647 -1428.39 -433.202 -0.044576
0.441127 9.20265 319.75 -1485.36 515.112 0.0440984 -0.712764 -8.53053 -319.75 -1091.49 -345.104 -0.0440984
-0.193003 5.72574 319.962 -922.794 208.155 0.0429751 -0.0301853 -5.27805 -319.962 -676.146 -230.38 -0.0429751
-0.733051 2.11829 320.081 -323.405 -95.9525 0.0409892 0.567642 -1.71853 -320.081 -234.039 -92.5696 -0.0409892
-1.20448 -1.20583 320.109 238.236 -403.595 0.0378876 1.24761 1.63865 -320.109 175.245 46.8108 -0.0378876
-1.8466 -3.76336 320.282 680.416 -715.513 0.0334375 1.92564 4.26686 -320.282 486.685 165.994 -0.0334375
-2.70878 -5.10947 320.262 935.082 -1029.91 0.0275125 2.69465 5.7814 -320.262 647.795 242.552 -0.0275125
-3.73154 -4.95479 320.189 957.81 -1350.18 0.0201131 3.72219 5.90897 -320.189 621.237 264.213 -0.0201131
-4.87518 -3.37285 320.013 735.473 -1656.67 0.0113554 4.8038 4.40799 -320.013 395.726 246.806 -0.0113554
-5.90989 -0.590146 319.851 308.753 -1922.05 0.00152888 5.84077 1.56811 -319.851 5.56728 210.729 -0.00152888
-6.76553 2.79456 319.697 -226.504 -2128.15 -0.00885214 6.72561 -1.99664 -319.697 -468.871 163.642 0.00885214
-7.40572 6.00545 319.493 -747.782 -2258.61 -0.0191133 7.36764 -5.48651 -319.493 -921.178 107.655 0.0191133
-7.72014 8.43877 319.32 -1134.01 -2303.21 -0.0285747 7.76315 -7.96362 -319.32 -1248.43 49.1319 0.0285747
-7.61307 9.44981 319.214 -1309.68 -2243.78 -0.0366899 7.73205 -9.09491 -319.214 -1384.07 9.97936 0.0366899
-7.06918 8.91045 319.195 -1240.55 -2072.58 -0.0431054 7.12907 -8.5749 -319.195 -1299.32 5.78001 0.0431054
-6.1272 6.9707 319.295 -945.272 -1802.29 -0.0476495 6.06105 -6.5054 -319.295 -1012.14 28.041 0.0476495
-4.86196 3.93328 319.595 -487.154 -1458.2 -0.0503056 4.75651 -3.42338 -319.595 -581.218 57.9617 0.0503056
-3.47458 0.454357 319.804 33.8934 -1065.43 -0.0512082 3.26273 0.0443802 -319.804 -93.044 84.5507 0.0512082
-2.00154 -2.91881 320.066 518.601 -651.562 -0.0506212 1.77941 3.17496 -320.066 367.1 101.035 0.0506212
-0.424981 -5.56727 320.278 890.209 -231.842 -0.0488345 0.383292 5.5981 -320.278 732.249 114.064 0.0488345
1.02828 -6.97617 320.431 1091.91 176.232 -0.0460605 -1.02674 7.10106 -320.431 953.501 122.855 0.0460605
2.27962 -7.0514 320.48 1085.17 550.166 -0.042422 -2.24317 7.28743 -320.48 998.113 108.314 0.042422
3.21636 -5.684 320.581 854.803 875.502 -0.0379774 -3.13575 6.09391 -320.581 856.258 49.5953 0.0379774
3.7045 -3.15064 320.632 429.673 1140.86 -0.0327312 -3.74274 3.61093 -320.632 552.405 -55.8533 0.0327312
3.93957 0.187118 320.55 -120.879 1347.37 -0.0266464 -4.02981 0.304904 -320.55 137.52 -185.783 0.0266464
4.11958 3.69129 320.438 -708.767 1514.9 -0.019665 -4.19576 -3.35575 -320.438 -315.715 -302.444 0.019665
4.27896 6.56641 320.319 -1213.8 1650.84 -0.0117333 -4.40994 -6.67532 -320.319 -710.827 -383.649 0.0117333
4.45117 8.371 320.154 -1525.7 1750.63 -0.00283486 -4.62454 -8.6996 -320.154 -955.301 -426.938 0.00283486
4.71758 8.65873 320.037 -1580.85 1816.06 0.00693307 -4.7987 -9.05731 -320.037 -993.953 -428.223 -0.00693307
5.12368 7.40334 320.069 -1378.72 1854.17 0.0172655 -5.02057 -7.77011 -320.069 -826.645 -375.124 -0.0172655
5.63498 4.99337 320.168 -972.058 1868.03 0.0276667 -5.36338 -5.12939 -320.168 -499.425 -265.09 -0.0276667
6.10223 2.10151 320.245 -465.464 1845.01 0.0375854 -5.70926 -1.77668 -320.245 -98.6474 -124.264 -0.0375854
6.33358 -0.803446 320.305 15.3504 1762.82 0.0465091 -5.8046 1.19336 -320.305 274.226 4.96916 -0.0465091
6.2443 -2.92166 320.433 371.076 1616.56 0.0539732 -5.52231 3.34963 -320.433 539.646 96.7665 -0.0539732
5.65919 -3.80792 320.431 536.117 1413.34 0.0595782 -5.04201 4.32743 -320.431 645.53 144.668 -0.0595782
4.66115 -3.54294 320.371 493.915 1153.75 0.0630506 -4.24963 3.82501 -320.371 576.315 143.581 -0.0630506
3.42983 -2.13413 320.302 273.228 843.998 0.0643213 -3.04679 2.2128 -320.302 358.143 99.1099 -0.0643213
1.98213 0.000352201 320.253 -56.4288 505.151 0.0635459 -1.73877 -0.0473683 -320.253 49.3631 36.9924 -0.0635459
0.575413 2.15161 320.124 -400.768 169.022 0.0610177 -0.454454 -2.49051 -320.124 -273.756 -18.4685 -0.0610177
-0.609644 3.99041 319.924 -667.248 -152.254 0.0570719 0.83324 -4.28093 -319.924 -534.498 -57.0757 -0.0570719
-1.55252 4.96795 319.816 -796.903 -438.714 0.052062 1.94362 -5.19531 -319.816 -679.642 -69.5287 -0.052062
-2.25476 4.8866 319.804 -762.052 -666.99 0.0463254 2.6889 -5.06861 -319.804 -684.181 -52.1061 -0.0463254
-2.62522 3.89043 319.797 -572.317 -837.612 0.0401016 3.25046 -3.86024 -319.797 -553.533 -17.3451 -0.0401016
-2.82772 2.23037 319.777 -277.904 -943.26 0.0335137 3.49336 -1.93668 -319.777 -327.206 23.27 -0.0335137
-2.95942 0.267723 319.868 42.7312 -984.667 0.0266215 3.42322 0.0910275 -319.868 -68.0261 55.5559 -0.0266215
-3.01553 -1.58126 319.945 325.643 -979.3 0.0194531 3.28892 1.82509 -319.945 169.675 61.5191 -0.0194531
-2.94749 -2.94342 319.972 524.188 -934.811 0.0120197 3.15608 3.03735 -319.972 345.168 46.3184 -0.0120197
-2.82721 -3.69743 320.001 616.849 -849.705 0.00436101 2.80143 3.55352 -320.001 437.032 30.4164 -0.00436101
-2.45396 -3.79064 320.056 606.653 -730.689 -0.00342594 2.42269 3.44998 -320.056 445.684 20.935 0.00342594
-1.8451 -3.3235 320.067 516.857 -581.983 -0.011189 2.01925 2.9169 -320.067 390.098 19.6386 0.011189
-1.19247 -2.64824 320.041 385.103 -404.038 -0.0187276 1.42021 2.08299 -320.041 302.515 23.9387 0.0187276
-0.524693 -2.09604 320.096 264.631 -210.463 -0.0258418 0.804378 1.29198 -320.096 227.753 17.3066 0.0258418
0.0122118 -1.91733 320.145 207.367 -11.1777 -0.032407 0.165069 0.955653 -320.145 210.108 -10.5925 0.032407
0.319779 -2.36401 320.138 247.268 184.16 -0.0383831 -0.567765 1.23455 -320.138 275.554 -54.2718 0.0383831
0.642362 -3.383 320.201 389.369 359.361 -0.0437967 -1.15062 2.21317 -320.201 423.63 -97.4747 0.0437967
1.03081 -4.88362 320.337 611.831 510.63 -0.0487499 -1.72644 3.66683 -320.337 630.367 -108.319 0.0487499
1.61024 -6.34217 320.407 864.45 633.713 -0.0533802 -2.29208 5.45745 -320.407 849.816 -64.8739 0.0533802
2.3919 -7.25255 320.411 1062.89 715.369 -0.0577532 -2.69429 7.03296 -320.411 1012.57 25.4767 0.0577532
3.23392 -7.46081 320.426 1124.93 755.44 -0.0618053 -2.90312 7.52607 -320.426 1052.46 137.97 0.0618053
3.93448 -6.5968 320.427 1010.82 760.955 -0.0653553 -2.9136 6.84797 -320.427 942.525 235.62 0.0653553
4.4094 -4.71211 320.38 730.457 749.831 -0.0681253 -2.71063 5.12456 -320.38 698.654 286.174 0.0681253
4.48755 -2.64742 320.341 347.315 745.635 -0.0698014 -2.50744 2.36244 -320.341 380.464 272.264 0.0698014
4.29171 -0.971604 320.343 -3.21951 774.427 -0.07012 -2.3629 -0.276988 -320.343 103.97 194.252 0.07012
4.42556 0.269065 320.319 -195.105 868.163 -0.0689311 -2.16717 -1.27078 -320.319 -28.8668 91.9215 0.0689311
5.12997 0.233553 320.402 -196.86 1075.59 -0.0662939 -2.52939 -1.09327 -320.402 3.75567 39.9908 0.0662939
6.50577 -0.575137 320.681 -49.6923 1414.28 -0.0625655 -3.65347 0.233371 -320.681 166.741 65.1755 0.0625655
8.69655 -0.956693 320.979 123.261 1879.25 -0.058353 -5.05107 2.39571 -320.979 363.28 122.403 0.058353
10.865 -0.73653 321.226 132.881 2426.9 -0.0543489 -6.7012 3.23737 -321.226 443.795 130.637 0.0543489
12.2129 0.956777 321.278 -156.314 2995.24 -0.0511331 -8.39021 1.93418 -321.278 297.393 4.91544 0.0511331
12.8669 4.16079 321.453 -746.55 3520.91 -0.0490392 -9.30102 -1.58033 -321.453 -88.8334 -291.721 0.0490392
12.9311 8.45925 321.623 -1529.85 4010.56 -0.0481571 -9.88722 -6.5105 -321.623 -646.766 -685 0.0481571
12.6488 12.765 321.558 -2338.89 4480.41 -0.0483629 -10.7433 -11.8941 -321.558 -1245.91 -1069.61 0.0483629
11.9868 16.081 321.222 -2977.71 4896.72 -0.0493414 -11.9301 -16.2135 -321.222 -1716.82 -1408 0.0493414
11.36 17.2726 320.685 -3271.49 5199.2 -0.0506419 -12.5782 -18.3287 -320.685 -1903.77 -1706.03 0.0506419
11.2946 15.4265 320.029 -3112.05 5386.34 -0.0517361 -12.5545 -17.7325 -320.029 -1708.46 -1905.34 0.0517361
11.5478 10.9586 319.874 -2445.23 5501.48 -0.0521879 -13.217 -13.3789 -319.874 -1093.48 -1887.3 0.0521879
12.2145 4.26649 320.037 -1341.52 5517.55 -0.0518892 -14.3726 -5.88559 -320.037 -135.905 -1639.16 0.0518892
12.6021 -4.11271 319.95 -9.38054 5314.89 -0.0510125 -15.0096 2.53727 -319.95 973.541 -1288.89 0.0510125
12.0097 -12.4754 319.858 1338.6 4797.39 -0.0497402 -14.3238 10.7613 -319.858 2035.92 -958.95 0.0497402
10.2893 -19.1095 319.94 2474.58 3967.77 -0.0481441 -12.4806 17.4972 -319.94 2842.99 -649.522 0.0481441
7.84066 -22.9772 320.5 3205.74 2882.71 -0.046065 -9.87748 21.4514 -320.5 3248.83 -301.402 0.046065
5.42518 -23.6023 320.809 3445.72 1622.4 -0.042836 -6.59518 22.1459 -320.809 3201.1 127.584 0.042836
3.20539 -20.8012 321.168 3196.56 268.307 -0.0372978 -2.70075 19.8744 -321.168 2713.75 589.544 0.0372978
-0.560455 -14.6373 321.964 2479.22 -1196.3 -0.0280844 1.17956 15.0458 -321.964 1834.43 939.495 0.0280844
-5.8024 -6.38128 322.467 1343.56 -2772.18 -0.0138173 6.09519 7.2893 -322.467 644.029 1036.17 0.0138173
-11.5365 2.37309 321.283 66.2584 -4276.17 0.00649996 11.3534 -1.71308 -321.283 -658.289 940.045 -0.00649996
-16.6178 10.102 320.323 -1074.2 -5561.64 0.0330135 15.8963 -10.0338 -320.323 -1849.49 824.474 -0.0330135
-20.2507 14.0316 320.507 -1766.26 -6580.24 0.0651677 19.4396 -16.2819 -320.507 -2635.98 797.977 -0.0651677
-22.403 14.2725 319.608 -1786.33 -7313.1 0.10195 21.5554 -17.3014 -319.608 -2798.8 908.681 -0.10195
-23.3289 9.97084 318.329 -1062.71 -7779.79 0.141477 22.3199 -12.9246 -318.329 -2261.15 1128.23 -0.141477
-23.2644 1.72554 318.93 281.2 -8018.18 0.180785 22.2923 -3.95347 -318.93 -1103.21 1378.81 -0.180785
-22.5058 -8.36245 319.918 1949.08 -8036.4 0.216329 21.6107 7.7897 -319.918 401.229 1605.56 -0.216329
-21.1254 -18.4319 319.398 3506.05 -7844.05 0.244573 20.2781 18.4657 -319.398 1858.77 1807.33 -0.244573
-19.1361 -26.4388 319.025 4679.46 -7477.91 0.262652 18.6626 26.1775 -319.025 2969.42 1965.36 -0.262652
-16.4446 -30.9578 318.88 5348.72 -6942.8 0.268833 16.7708 30.7391 -318.88 3619.54 2097.11 -0.268833
-14.1936 -32.075 318.129 5450.51 -6283.05 0.26235 14.2142 31.3879 -318.129 3774.08 2137.41 -0.26235
-12.3144 -30.2203 317.475 5023.46 -5575.39 0.243139 12.2721 28.3408 -317.475 3488.43 1987.09 -0.243139
-10.6182 -25.0603 318.005 4173.75 -4815.94 0.212012 11.0897 23.2956 -318.005 2854.73 1648.47 -0.212012
-8.6731 -17.552 318.565 2992.25 -3906.29 0.170763 9.56751 16.3637 -318.565 1937.45 1245.61 -0.170763
-5.47443 -8.50426 318.687 1543.34 -2727.3 0.121842 6.88423 7.90686 -318.687 842.387 924.516 -0.121842
-1.62156 1.72342 319.516 -36.9351 -1343.14 0.0680257 3.18504 -0.442595 -319.516 -277.099 641.167 -0.0680257
1.64903 9.80612 321.704 -1497.31 51.5499 0.0121401 -0.31109 -9.14839 -321.704 -1256.68 233.543 -0.0121401
4.53584 15.9037 322.396 -2623.24 1479.87 -0.0433347 -3.53571 -15.5481 -322.396 -1947.23 -302.715 0.0433347
7.6632 19.2457 321.979 -3245.42 2947.13 -0.096458 -6.87817 -18.5699 -321.979 -2250.42 -825.932 0.096458
11.1284 19.2211 321.953 -3405.53 4346.8 -0.145621 -10.2855 -19.2686 -321.953 -2188.93 -1223.26 0.145621
14.7617 16.9818 322.707 -3172.45 5662.83 -0.189408 -14.1548 -17.2462 -322.707 -1803.39 -1445.72 0.189408
18.459 13.4089 322.8 -2662.07 6833.93 -0.226714 -17.8016 -12.9582 -322.8 -1172.03 -1546.71 0.226714
21.7826 8.93182 322.35 -2015.5 7810.84 -0.256601 -20.7753 -7.86721 -322.35 -428.695 -1606.12 0.256601
24.9624 4.57063 322.621 -1390.82 8604.57 -0.278086 -22.9362 -3.11941 -322.621 269.91 -1621.8 0.278086
27.4999 1.10069 322.889 -928.321 9236.94 -0.290509 -25.0139 0.214001 -322.889 795.76 -1582.01 0.290509
29.4871 -0.901992 322.457 -685.813 9697.73 -0.293913 -26.6036 1.91525 -322.457 1091.31 -1522.02 0.293913
30.515 -1.18765 321.887 -674.713 9957.83 -0.288782 -27.391 2.08678 -321.887 1146.55 -1517.73 0.288782
29.9742 -0.0628258 321.581 -869.031 9992.75 -0.275662 -27.4751 0.759234 -321.581 984.46 -1618.7 0.275662
27.6506 2.2563 321 -1226.54 9765.77 -0.25528 -26.7593 -1.72205 -321 644.437 -1833.51 0.25528
24.3686 5.30089 319.922 -1683.56 9261.48 -0.228783 -24.7094 -5.01497 -319.922 180.676 -2104.73 0.228783
20.4944 8.05883 318.936 -2145.62 8508.59 -0.197467 -21.984 -8.92129 -318.936 -325.388 -2312.28 0.197467
17.4997 9.83779 318.155 -2442.12 7574.4 -0.162341 -18.4959 -11.994 -318.155 -733.481 -2322.41 0.162341
15.1576 10.8256 317.78 -2440.84 6523.33 -0.124215 -15.4987 -12.3022 -317.78 -922.557 -2050.34 0.124215
13.3215 9.51988 317.869 -2102.84 5365.43 -0.0840125 -12.9124 -10.7924 -317.869 -850.814 -1538.85 0.0840125
11.7566 6.60351 318.518 -1462.58 4048.86 -0.0428587 -9.61353 -7.1852 -318.518 -542.514 -933.136 0.0428587
8.12118 2.93849 319.091 -630.699 2510.55 -0.00208115 -6.21323 -2.08729 -319.091 -100.467 -421.282 0.00208115
3.37116 -1.30899 320.545 187.597 865.717 0.0369976 -2.19393 2.16634 -320.545 317.075 -54.671 -0.0369976
-1.46532 -4.59737 322.483 821.687 -751.097 0.0735379 2.48475 5.19617 -322.483 601.642 175.652 -0.0735379
-6.50458 -6.66099 322.316 1242.06 -2354.88 0.106961 7.20926 6.82101 -322.316 717.774 357.08 -0.106961
-10.6292 -7.69483 321.204 1436.49 -3759.26 0.136282 10.8047 6.76119 -321.204 665.432 636.309 -0.136282
-13.5197 -7.46226 321.028 1508.03 -4899.55 0.16045 13.2161 6.50699 -321.028 523.681 1002.98 -0.16045
-16.1945 -6.67737 321.43 1505.79 -5884.22 0.178955 15.3998 6.05657 -321.43 346.877 1278.85 -0.178955
-19.0979 -5.85734 320.852 1458.43 -6766.01 0.191553 17.9389 5.30417 -320.852 166.113 1367.56 -0.191553
-21.8868 -5.00718 319.763 1390.36 -7519.81 0.197948 20.4127 4.53134 -319.763 -1.36055 1354.89 -0.197948
-23.737 -4.33082 319.477 1340.38 -8078.47 0.198027 22.2151 3.96186 -319.477 -132.182 1381.36 -0.198027
-24.123 -4.01826 319.298 1333.32 -8391.89 0.192086 23.0175 3.72375 -319.298 -204.969 1521.03 -0.192086
-23.0991 -4.27988 318.474 1390.68 -8455.04 0.180836 22.9615 3.92799 -318.474 -194.544 1740.52 -0.180836
-21.4435 -5.37101 317.746 1534.02 -8295.39 0.165263 22.1143 4.67644 -317.746 -70.5858 1944.5 -0.165263
-19.3066 -7.30995 317.556 1778.67 -7927.71 0.146308 20.9575 6.2199 -317.556 190.68 2056.08 -0.146308
-17.4923 -10.2742 317.404 2135.51 -7346.33 0.124731 18.8376 8.55025 -317.404 602.953 2047.79 -0.124731
-15.3472 -13.9007 317.475 2599.05 -6548.69 0.101304 16.3758 11.9262 -317.475 1156.56 1921.7 -0.101304
-12.3575 -17.4922 317.781 3103.01 -5517.45 0.0768049 13.5365 16.0567 -317.781 1774.2 1740.17 -0.0768049
-8.72228 -19.9501 318.302 3497.45 -4223.13 0.0517471 9.43109 19.8937 -318.302 2293.9 1573.73 -0.0517471
-4.40074 -19.5547 318.799 3502.4 -2727.88 0.026352 4.8167 21.6576 -318.799 2487.15 1380.42 -0.026352
-0.420273 -16.0984 319.87 2889.96 -1206.23 0.000773576 0.799535 18.7416 -319.87 2173.03 1024.73 -0.000773576
2.68952 -8.46391 321.903 1555.24 259.373 -0.024695 -2.40642 11.1758 -321.903 1298.48 481.024 0.024695
5.54556 2.7161 323.39 -359.187 1696.11 -0.0494005 -5.13723 0.0869004 -323.39 -23.4043 -139.611 0.0494005
8.62287 15.2239 323.686 -2474.06 3158.52 -0.0722607 -8.27673 -12.5759 -323.686 -1566.49 -694.573 0.0722607
11.0066 25.6541 322.814 -4284.31 4403.5 -0.0919096 -10.6802 -24.2639 -322.814 -2970.87 -1239.97 0.0919096
13.2883 32.622 323.001 -5534.42 5521.33 -0.106868 -12.9337 -32.4433 -323.001 -3922.59 -1695.1 0.106868
15.2244 36.1427 322.046 -6136.21 6518.93 -0.115974 -15.3839 -35.754 -322.046 -4314.1 -2052.14 0.115974
17.1945 34.5678 320.238 -6042.8 7401.58 -0.118778 -17.8016 -35.2009 -320.238 -4098.71 -2294.67 0.118778
19.5692 28.4823 319.976 -5235.11 8182.42 -0.115266 -20.2136 -29.9825 -319.976 -3264.08 -2378.03 0.115266
22.2065 18.7632 321.128 -3777.38 8831.44 -0.105716 -22.8575 -19.912 -321.128 -1846.3 -2258.42 0.105716
25.2632 5.80649 321.571 -1836.28 9314.26 -0.0911237 -25.5736 -6.8352 -321.571 -4.5142 -1902.13 0.0911237
27.9106 -7.47291 321.361 207.474 9526.32 -0.0733755 -27.6486 6.92782 -321.361 1881.35 -1428.57 0.0733755
29.201 -17.661 321.249 1927.2 9402.35 -0.0549455 -28.4994 18.9453 -321.249 3388.58 -994.756 0.0549455
28.0221 -24.3009 320.884 3009.72 8872.15 -0.038236 -27.6099 25.5925 -320.884 4237.08 -766.879 0.038236
24.6957 -26.0082 319.118 3290.22 7958.9 -0.0247914 -24.731 26.3971 -319.118 4321.87 -757.684 0.0247914
19.8096 -22.2479 318.069 2807.64 6738.15 -0.0151541 -20.4611 22.4941 -318.069 3691.17 -870.172 0.0151541
14.2838 -14.3885 319.018 1663.53 5271.86 -0.00937963 -15.2583 13.7145 -319.018 2417.91 -966.065 0.00937963
7.76207 -2.6139 320.07 -3.87259 3512.43 -0.00722639 -9.64874 1.93912 -320.07 664.018 -973.125 0.00722639
0.0384368 10.2754 319.31 -1856.82 1368.15 -0.0076628 -2.59307 -10.716 -319.31 -1193.92 -980.426 0.0076628
-6.74974 20.4472 321.569 -3320.64 -753.682 -0.00852439 4.4369 -21.4498 -321.569 -2767.02 -870.96 0.00852439
-13.4818 26.0198 322.685 -4028.21 -2840.68 -0.00716647 10.7556 -27.4598 -322.685 -3741.84 -685.109 0.00716647
-19.5936 25.9727 320.853 -3855.53 -4863.52 -0.00172272 16.8287 -28.0631 -320.853 -3994.67 -437.576 0.00172272
-23.7382 20.7827 320.28 -2867.53 -6619.79 0.00843208 21.6791 -23.1372 -320.28 -3512.08 6.84315 -0.00843208
-24.9681 11.7495 321.662 -1188.43 -8010.53 0.0230611 25.049 -12.6641 -321.662 -2356.08 724.329 -0.0230611
-24.6424 0.475674 322.189 795.891 -8969.28 0.0411151 25.8587 0.364768 -322.189 -808.34 1608.32 -0.0411151
-24.4824 -10.7499 321.003 2695.82 -9635.13 0.0607621 25.524 13.0209 -321.003 762.516 2342.61 -0.0607621
-25.3568 -20.0804 320.133 4154.41 -10195.5 0.0799973 26.2551 22.2971 -320.133 2008.1 2667.39 -0.0799973
-27.3767 -25.6857 319.592 4998.3 -10654.4 0.0971447 27.5928 27.6442 -319.592 2755.96 2637.19 -0.0971447
-28.9244 -27.4569 318.341 5185.09 -10897.8 0.110981 28.9297 28.4094 -318.341 2937.76 2461.33 -0.110981
-29.6905 -25.7266 317.04 4792.78 -10839.9 0.120865 28.7732 25.1442 -317.04 2604 2315.47 -0.120865
-29.4622 -20.6757 316.746 3979.14 -10512.1 0.126972 27.6024 19.7471 -316.746 1899.18 2192.21 -0.126972
-27.9371 -13.6824 316.642 2904.93 -9973.79 0.130211 26.7629 13.065 -316.642 985.889 1999.41 -0.130211
-26.3013 -6.14786 315.918 1723.08 -9222.99 0.131535 25.1592 5.7848 -315.918 14.5856 1722.01 -0.131535
-24.0214 1.19541 315.502 556.03 -8244.86 0.131503 22.8621 -1.06125 -315.502 -880.66 1412.17 -0.131503
-20.5124 7.33475 315.872 -458.676 -7021.04 0.130607 19.9748 -6.7131 -315.872 -1579.82 1121.35 -0.130607
-16.3627 11.4466 316.347 -1252.31 -5539.53 0.129269 15.6419 -11.0115 -316.347 -2008.77 876.357 -0.129269
-11.4957 13.2248 317.072 -1714.9 -3837.48 0.127388 10.6112 -12.9535 -317.072 -2087.32 616.686 -0.127388
-6.32341 12.4578 318.813 -1787.82 -2030.64 0.124269 5.74461 -12.2753 -318.813 -1805.08 272.914 -0.124269
-1.05944 9.4697 321.684 -1500.57 -183.951 0.118752 0.63736 -9.42288 -321.684 -1244.42 -62.2873 -0.118752
5.67192 5.37407 323.151 -1007.25 1810.6 0.109349 -5.3664 -5.32356 -323.151 -547.73 -202.062 -0.109349
13.2894 1.46539 324.06 -490.204 3885.1 0.0947526 -12.311 -0.830931 -324.06 155.28 -156.62 -0.0947526
18.3329 -1.23836 323.585 -136.373 5601.12 0.0746516 -18.3378 2.90263 -323.585 736.2 -260.09 -0.0746516
21.31 -2.79909 323.702 -59.6691 6913.61 0.050008 -21.8515 4.2099 -323.702 1075.65 -625.578 -0.050008
22.9519 -2.31438 324.088 -279.372 7884.44 0.0221462 -23.6511 3.37531 -324.088 1103.13 -1092.9 -0.0221462
23.883 0.271554 323.338 -753.606 8614.36 -0.00797461 -25.354 0.816685 -323.338 829.416 -1437.48 0.00797461
25.2299 3.37731 322.06 -1385.88 9122.14 -0.0391214 -26.4241 -3.76486 -322.06 344.4 -1592.46 0.0391214
26.5456 7.02345 321.298 -2006.09 9389.51 -0.0693743 -26.8062 -8.07212 -321.298 -191.203 -1612.4 0.0693743
26.4508 10.5249 320.685 -2480.13 9370.48 -0.0968968 -26.8471 -10.9268 -320.685 -640.773 -1601.28 0.0968968
25.0889 12.3682 319.507 -2758.14 9017.47 -0.12055 -25.4496 -13.0827 -319.507 -943.732 -1650.05 0.12055
22.6971 12.869 318.51 -2798.95 8362.79 -0.139587 -22.7877 -13.6611 -318.51 -1059.48 -1731.23 0.139587
19.8811 11.8747 318.303 -2575.36 7503.34 -0.153333 -19.8099 -12.5149 -318.303 -971.682 -1715.86 0.153333
17.261 9.2788 318.417 -2091.99 6507.01 -0.161341 -16.9996 -9.88503 -318.417 -695.23 -1511.49 0.161341
14.8669 5.76256 318.396 -1396.3 5377.51 -0.163378 -14.1379 -5.72604 -318.396 -275.125 -1149.12 0.163378
11.9565 1.79712 318.892 -599.491 4068.58 -0.159228 -10.8399 -1.03134 -318.892 186.989 -746.02 0.159228
7.85353 -1.65031 319.553 145.715 2536.46 -0.148909 -6.61659 3.22538 -319.553 561.774 -427.463 0.148909
3.17583 -3.75271 320.885 616.049 936.307 -0.132913 -2.0737 5.32673 -320.885 702.836 -170.801 0.132913
-1.62411 -4.03988 322.117 744.103 -614.679 -0.111937 2.53577 5.07826 -322.117 580.993 9.34507 0.111937
-6.68682 -2.46901 321.553 597.31 -2159.83 -0.0865397 7.50191 3.27092 -321.553 237.466 93.9585 0.0865397
-11.4081 -0.0745116 320.85 281.373 -3582.59 -0.0571279 12.0748 0.179467 -320.85 -243.24 163.278 0.0571279
-14.7769 2.85165 320.4 -74.4346 -4726.07 -0.0243633 15.5798 -2.80988 -320.4 -746.554 305.271 0.0243633
-17.107 5.39305 319.946 -360.451 -5602.99 0.0104345 18.0278 -5.11716 -319.946 -1164.72 485.608 -0.0104345
-19.1039 6.84775 319.351 -499.81 -6256.19 0.0456911 19.6219 -6.36868 -319.351 -1418.32 615.266 -0.0456911
-20.8702 6.9665 318.862 -460.966 -6727.17 0.0801967 20.8805 -6.31167 -318.862 -1465.96 645.555 -0.0801967
-21.9661 5.76032 318.525 -250.025 -7003.38 0.112802 21.7813 -5.04272 -318.525 -1317.16 631.008 -0.112802
-22.1114 3.47619 318.273 90.4741 -7042.03 0.141954 21.653 -2.91548 -318.273 -1016.64 667.001 -0.141954
-21.0891 0.667188 318.05 505.64 -6838.01 0.165958 20.4741 -0.161864 -318.05 -623.571 783.073 -0.165958
-19.0713 -2.25708 318.017 924.903 -6428.94 0.183402 18.6993 2.68958 -318.017 -203.703 925.736 -0.183402
-16.519 -4.91106 318.036 1282.3 -5853.16 0.193244 16.5942 5.18671 -318.036 187.2 1027.81 -0.193244
-13.772 -6.82709 318.107 1529.76 -5120.2 0.194823 14.0966 7.15436 -318.107 503.8 1058.49 -0.194823
-10.7721 -7.7394 318.244 1622.39 -4231.92 0.187881 11.2617 8.29324 -318.244 708.883 1020.04 -0.187881
-7.56955 -7.45697 318.614 1524.82 -3187.66 0.172495 7.96733 8.31612 -318.614 768.345 922.171 -0.172495
-4.39262 -5.86784 319.156 1199.47 -2038.45 0.149098 4.44403 6.90961 -319.156 658.004 749.193 -0.149098
-1.59071 -3.11087 320.382 646.988 -885.988 0.118596 1.21313 3.99218 -320.382 385.551 476.22 -0.118596
1.2246 0.531513 321.189 -52.4471 232.289 0.0823296 -1.60333 0.120283 -321.189 -7.29137 179.237 -0.0823296
4.46671 4.1639 321.323 -786.199 1367.31 0.0420226 -4.69713 -4.29698 -321.323 -443.588 -32.3445 -0.0420226
8.40098 7.06761 322.052 -1390.65 2551.72 -0.000164938 -8.28182 -7.95127 -322.052 -792.425 -121.714 0.000164938
11.6822 8.63473 321.565 -1698.19 3582.8 -0.0417459 -11.3495 -9.38096 -321.565 -920.71 -227.988 0.0417459
14.0547 8.17704 321.159 -1696.33 4418.68 -0.0802373 -13.5675 -8.94287 -321.159 -792.756 -394.778 0.0802373
15.7027 5.89615 321.661 -1416.11 5086.28 -0.113578 -15.3215 -6.79156 -321.661 -429.261 -566.264 0.113578
16.9535 2.40581 321.807 -918.733 5608.78 -0.140397 -16.9061 -3.16973 -321.807 106.57 -675.388 0.140397
18.0646 -1.84538 321.36 -295.914 5975.13 -0.159966 -18.0465 1.14284 -321.36 727.959 -713.709 0.159966
18.8319 -5.91609 321.27 323.018 6171.14 -0.172065 -18.6608 5.41463 -321.27 1321.16 -708.531 0.172065
19.173 -9.07694 321.418 821.672 6191.82 -0.176915 -18.6095 8.80926 -321.418 1775.05 -687.085 0.176915
18.834 -10.5009 321.053 1088.7 6045.58 -0.175167 -18.0799 10.6917 -321.053 1988.5 -667.457 0.175167
17.6544 -10.0374 320.48 1049.87 5735.52 -0.167743 -17.0351 10.2847 -320.48 1900.94 -681.325 0.167743
15.5337 -7.57703 320.299 696.291 5248.37 -0.155512 -15.2698 7.65554 -320.299 1515.12 -759.792 0.155512
12.5709 -3.3404 320.104 88.4985 4582.77 -0.139128 -12.7623 3.42119 -320.104 892.243 -890.27 0.139128
9.39327 1.93293 319.702 -671.293 3771.54 -0.119035 -9.6556 -1.82304 -319.702 124.059 -993.691 0.119035
6.26674 7.44103 319.47 -1461.04 2865.15 -0.0953814 -6.65875 -7.2674 -319.47 -677.282 -978.863 0.0953814
3.56791 12.1847 319.446 -2130.67 1903.24 -0.0681066 -3.83676 -12.0134 -319.446 -1386.12 -821.222 0.0681066
1.19164 15.1991 319.672 -2516.91 951.336 -0.03727 -1.40135 -15.0392 -319.672 -1877.15 -570.789 0.03727
-1.18124 15.9701 319.639 -2554.37 5.69968 -0.00326726 1.16014 -15.8871 -319.639 -2074.53 -344.533 0.00326726
-3.77119 14.4661 319.789 -2236.18 -948.64 0.0331128 4.00633 -14.407 -319.789 -1958.77 -182.425 -0.0331128
-6.14583 10.994 320.08 -1594.74 -1841.11 0.0706436 6.49236 -10.7682 -320.08 -1566.65 1.50797 -0.0706436
-7.95953 6.10984 320.691 -728.73 -2634.63 0.107684 8.33639 -5.70309 -320.691 -986.717 261.397 -0.107684
-9.2992 0.97425 320.503 186.056 -3293.29 0.142306 9.45886 -0.145465 -320.503 -347.495 560.368 -0.142306
-10.5924 -3.50714 320.032 961.209 -3844.97 0.172467 10.3291 4.56313 -320.032 212.916 796.031 -0.172467
-12.0629 -6.90309 320.218 1491.65 -4347.78 0.196265 11.7202 7.49188 -320.218 601.668 881.747 -0.196265
-13.698 -8.85999 320.188 1761.6 -4781.65 0.212268 13.2427 8.69237 -320.188 790.646 855.875 -0.212268
-14.9969 -9.72782 319.529 1833.5 -5091.04 0.21972 14.2978 8.52326 -319.529 820.371 822.6 -0.21972
-15.4673 -9.34843 319.175 1787.92 -5250.72 0.218526 14.8072 8.15071 -319.175 756.749 839.523 -0.218526
-15.1925 -8.4296 319.194 1669.76 -5264.71 0.2091 14.8012 7.45507 -319.194 640.349 894.187 -0.2091
-14.7581 -7.21013 318.965 1495.01 -5155.59 0.192212 14.2539 6.4564 -318.965 492.76 927.92 -0.192212
-14.1825 -5.47114 318.643 1268.94 -4953.76 0.168978 13.7172 5.47211 -318.643 323.042 888.259 -0.168978
-13.5058 -3.612 318.614 980.293 -4658.45 0.140814 13.0582 3.95836 -318.614 121.467 787.906 -0.140814
-12.5584 -1.78499 318.678 642.144 -4246.73 0.109215 11.9532 1.91019 -318.678 -103.627 675.554 -0.109215
-11.13 0.0123071 318.7 300.408 -3711.6 0.0755399 10.408 -0.0700769 -318.7 -310.979 573.834 -0.0755399
-9.3898 1.30356 318.735 15.6969 -3082.85 0.0410063 8.57523 -1.681 -318.735 -448.18 465.758 -0.0410063
-7.49088 1.69782 319.171 -145.714 -2386.54 0.00673939 6.62288 -2.50234 -319.171 -463.642 330.688 -0.00673939
-5.45639 1.50228 319.687 -147.549 -1657.27 -0.0263006 4.65569 -1.86057 -319.687 -340.417 184.613 0.0263006
-3.08772 0.554638 319.949 -28.2802 -894.829 -0.0573736 2.47936 -0.484014 -319.949 -122.265 84.3279 0.0573736
-0.379713 -0.555648 320.346 121.386 -108.464 -0.08583 0.0875426 1.07437 -320.346 115.545 40.7029 0.08583
2.13314 -1.55342 320.636 234.017 663.785 -0.110983 -2.44421 2.23586 -320.636 316.373 3.14232 0.110983
4.30428 -1.92783 321.103 247.301 1382.57 -0.132176 -4.52546 2.784 -321.103 436.866 -96.0925 0.132176
6.01136 -1.51648 321.283 126.702 2034.33 -0.148873 -6.20126 2.4324 -321.283 446.356 -254.735 0.148873
7.50811 -0.18042 321.109 -133.751 2605.16 -0.160636 -7.43823 1.17375 -321.109 329.574 -426.922 0.160636
9.07482 1.96324 321.069 -509.802 3106.89 -0.167086 -8.49916 -0.868966 -321.069 97.1522 -545.605 0.167086
10.6227 4.53619 321.254 -946.971 3556.88 -0.167901 -9.74033 -3.43466 -321.254 -212.493 -589.279 0.167901
11.854 7.15551 321.047 -1377.64 3934.85 -0.162837 -10.9308 -6.00348 -321.047 -535.813 -614.477 0.162837
12.4684 9.31143 320.734 -1738.32 4202.77 -0.15184 -11.6489 -8.20661 -320.734 -808.624 -688.044 0.15184
12.2357 10.2785 320.622 -1960.88 4351.15 -0.13519 -12.0218 -9.87414 -320.622 -968.968 -815.475 0.13519
11.7677 9.92759 320.489 -1976.26 4393.38 -0.113549 -11.9526 -10.2679 -320.489 -959.871 -935.412 0.113549
11.2212 8.39734 320.212 -1748.62 4349.64 -0.0879224 -11.9844 -8.85287 -320.212 -759.543 -966.544 0.0879224
10.5633 5.53902 320.017 -1309.11 4197.57 -0.0595616 -12.116 -6.2341 -320.017 -403.138 -891.477 0.0595616
9.72448 1.99042 319.893 -728.207 3874.11 -0.0298327 -11.6348 -2.71164 -319.893 43.549 -760.805 0.0298327
8.45803 -1.59389 319.807 -95.9797 3339.06 -6.37425e-05 -10.2951 1.14303 -319.807 492.427 -605.869 6.37425e-05
6.6333 -4.56592 319.767 464.862 2599.48 0.0286214 -8.4146 4.37241 -319.767 832.93 -406.549 -0.0286214
4.74324 -5.93184 320.116 818.734 1695.54 0.0554803 -5.94232 6.34834 -320.116 964.976 -138.727 -0.0554803
2.71591 -5.5981 320.84 873.875 713.708 0.0801799 -3.33442 6.15881 -320.84 834.217 167.019 -0.0801799
-0.37172 -3.32173 320.898 629.579 -377.775 0.102621 -0.407917 4.15262 -320.898 456.699 381.964 -0.102621
-4.53736 0.390493 320.795 155.035 -1602.88 0.122973 3.57331 0.682222 -320.795 -111.965 420.729 -0.122973
-9.3607 4.73056 321.289 -442.963 -2897.24 0.141863 8.13205 -3.79588 -321.289 -794.857 349.393 -0.141863
-13.5961 9.00051 320.898 -1029.47 -4072.63 0.159987 12.095 -8.3125 -320.898 -1484.69 331.144 -0.159987
-16.7796 12.2334 319.861 -1465.16 -5065.51 0.177541 15.0542 -11.9569 -319.861 -2047.94 429.141 -0.177541
-19.0425 13.5958 319.998 -1613.81 -5892.04 0.194485 17.4726 -13.6761 -319.998 -2346.77 573.246 -0.194485
-20.7334 12.6582 319.778 -1409.21 -6575.04 0.21083 19.5875 -12.9265 -319.778 -2305.95 701.39 -0.21083
-21.7581 9.63673 318.982 -870.785 -7074.64 0.226191 21.1132 -9.6205 -318.982 -1924.75 828.966 -0.226191
-21.9692 5.05677 318.674 -99.6231 -7349.75 0.239501 21.6589 -4.5344 -318.674 -1291.23 993.1 -0.239501
-21.2613 -0.227198 318.752 755.258 -7387.79 0.249371 21.2677 1.21317 -318.752 -543.087 1190.28 -0.249371
-19.9016 -5.34089 318.414 1522.6 -7212.2 0.254491 20.2543 6.24906 -318.414 164.351 1359.54 -0.254491
-18.3953 -9.35534 318.022 2083.29 -6861.4 0.253735 18.8497 9.92938 -318.022 721.643 1432.37 -0.253735
-16.7713 -11.254 317.834 2359.04 -6362.29 0.246192 17.3657 12.1986 -317.834 1051.3 1386.14 -0.246192
-14.8664 -11.1614 317.811 2285.87 -5701.41 0.231258 15.6414 12.0477 -317.811 1088.8 1254.42 -0.231258
-12.7469 -8.77954 317.815 1848.79 -4860.94 0.208713 13.2014 9.60182 -317.815 823.995 1078.75 -0.208713
-10.2592 -4.40783 318.088 1090.93 -3859.6 0.178771 10.4289 5.28787 -318.088 319.386 844.426 -0.178771
-7.58606 0.997965 318.561 122.62 -2730.3 0.142098 7.61431 -0.312688 -318.561 -311.98 515.507 -0.142098
-5.15121 6.36907 319.735 -864.725 -1549.27 0.0996892 4.95581 -5.88923 -319.735 -915.809 77.8145 -0.0996892
-2.55974 10.5922 320.884 -1664.05 -348.676 0.0525723 2.22251 -10.2369 -320.884 -1362.34 -345.698 -0.0525723
0.774595 12.9637 320.975 -2168.15 925.805 0.0016024 -1.23357 -12.8091 -320.975 -1577.07 -630.258 -0.0016024
4.92364 12.9709 321.596 -2294.01 2285.36 -0.05236 -5.4888 -13.1362 -321.596 -1500.28 -765.684 0.05236
8.75606 10.773 321.83 -2038.26 3528.61 -0.108024 -9.28983 -10.9621 -321.83 -1121.25 -897.05 0.108024
11.7217 6.91435 321.498 -1514.58 4542.39 -0.163609 -11.9717 -6.9988 -321.498 -508.81 -1087.74 0.163609
14.3904 2.22079 321.887 -865.242 5388.75 -0.217333 -14.2431 -2.28955 -321.887 207.762 -1214.14 0.217333
17.3651 -2.29809 322.399 -220.956 6132.56 -0.267626 -16.7084 2.34051 -322.399 892.606 -1165.87 0.267626
20.0551 -5.89112 322.157 297.33 6744.86 -0.312668 -19.3844 6.08948 -322.157 1440.99 -997.371 0.312668
21.7866 -8.12066 321.604 615.528 7141.85 -0.350176 -21.2133 8.41773 -321.604 1784.96 -876.314 0.350176
22.2125 -8.65412 321.396 684.943 7275.43 -0.377891 -21.5376 8.99926 -321.396 1877.51 -900.515 0.377891
21.4678 -7.71211 321.238 502.92 7176.8 -0.394099 -20.8709 7.54676 -321.238 1711.59 -1007 0.394099
20.1963 -5.33678 320.746 127.603 6907.7 -0.397681 -19.8391 4.73765 -320.746 1333.65 -1073.12 0.397681
18.7921 -1.82888 320.157 -351.03 6494.77 -0.38796 -18.5724 1.44804 -320.157 824.718 -1049.33 0.38796
16.8 1.94434 319.834 -862.518 5906.23 -0.364574 -16.9837 -2.17295 -319.834 262.031 -982.614 0.364574
13.8957 5.25738 319.365 -1312.21 5095.69 -0.327489 -14.5409 -5.56806 -319.365 -262.689 -950.907 0.327489
10.3113 7.74191 318.898 -1615.72 4063.63 -0.277153 -11.0148 -7.9747 -318.898 -669.506 -954.26 0.277153
6.60208 8.83214 319.005 -1709.7 2878.12 -0.214769 -7.11853 -9.16473 -319.005 -906.404 -876.418 0.214769
3.34634 8.17942 319.433 -1529.59 1638.11 -0.142397 -3.73387 -8.82083 -319.433 -941.218 -604.191 0.142397
0.794083 5.9302 320.397 -1064.59 464.839 -0.0626167 -1.2239 -6.67387 -320.397 -766.94 -169.713 0.0626167
-2.01214 2.29502 320.928 -374.725 -725.865 0.0219597 1.54752 -3.08075 -320.928 -406.034 207.253 -0.0219597
-5.76044 -2.18305 321.506 447.248 -2014.89 0.10858 5.19618 1.42412 -321.506 77.6888 418.362 -0.10858
-9.56397 -6.50352 321.889 1246.13 -3284.53 0.193861 8.93139 5.96238 -321.889 566.453 589.639 -0.193861
-12.099 -9.69168 321.198 1861.93 -4331.69 0.273947 11.4226 9.49465 -321.198 927.609 903.583 -0.273947
-13.6795 -11.4032 320.856 2222.18 -5181.32 0.34537 12.9168 11.344 -320.856 1085.19 1303.72 -0.34537
-15.3321 -11.4926 321.054 2305.42 -5941.37 0.405592 14.5463 11.4084 -321.054 1024.7 1584.5 -0.405592
-17.5839 -10.1173 320.591 2142.71 -6654.62 0.45272 16.806 9.9444 -320.591 775.132 1640.4 -0.45272
-19.9504 -7.8096 319.455 1793.02 -7274.08 0.485026 19.2958 7.14811 -319.455 383.376 1552.98 -0.485026
-21.7103 -4.65747 318.999 1344.56 -7709.89 0.50109 21.1329 4.02369 -318.999 -80.0545 1465.3 -0.50109
-22.4489 -1.47764 318.694 879.347 -7912.09 0.500342 21.9083 0.873422 -318.694 -534.575 1447.1 -0.500342
-22.5178 0.8505 317.998 496.575 -7901.64 0.483294 21.7959 -1.83718 -317.998 -883.975 1443.05 -0.483294
-22.4246 2.06535 317.518 290.84 -7738.82 0.451268 21.3717 -3.08382 -317.518 -1036 1356.04 -0.451268
-22.1384 1.69488 317.579 311.895 -7444.65 0.40599 20.9307 -2.69698 -317.579 -947.177 1168.65 -0.40599
-21.1087 -0.298018 317.566 551.848 -6970.44 0.34932 19.971 -0.850799 -317.566 -629.522 985.029 -0.34932
-18.8478 -3.43589 317.469 967.859 -6262.86 0.283185 17.8667 2.25808 -317.469 -138.134 913.515 -0.283185
-15.5856 -7.18473 317.85 1484.86 -5336.19 0.209761 14.5714 6.13567 -317.85 452.693 941.696 -0.209761
-11.7865 -10.8827 318.556 2000.64 -4261.32 0.13162 10.9056 10.0996 -318.556 1049.83 953.78 -0.13162
-8.10379 -13.7929 318.987 2391.65 -3111.04 0.0515235 7.4532 13.2906 -318.987 1544.89 842.813 -0.0515235
-4.89943 -15.052 319.393 2517.61 -1947.59 -0.0279507 4.38117 14.8259 -319.393 1824.49 594.14 0.0279507
-1.98378 -14.1368 320.505 2291.79 -797.375 -0.104471 1.47162 14.143 -320.505 1817.63 293.272 0.104471
1.02592 -11.1016 321.401 1712.55 336.453 -0.17565 -1.54845 11.1013 -321.401 1513.45 38.5079 0.17565
4.14165 -6.21694 321.556 855.428 1447.22 -0.238838 -4.59855 6.37048 -321.556 973.01 -173.547 0.238838
7.07087 -0.233122 322.246 -163.168 2524.14 -0.291366 -7.50289 0.670062 -322.246 293.488 -400.231 0.291366
8.92864 5.79726 321.687 -1176.31 3397.39 -0.331098 -9.34965 -5.08098 -321.687 -405.596 -732.749 0.331098
9.9871 11.1561 321.148 -2050.85 4074.4 -0.356936 -10.3844 -10.0473 -321.148 -1031.67 -1103.38 0.356936
11.1181 15.1661 321.4 -2723.06 4650.55 -0.368621 -11.4897 -14.0502 -321.4 -1524.08 -1352.73 0.368621
12.6588 17.4015 321.319 -3117.03 5159.34 -0.36601 -13.0021 -16.5097 -321.319 -1812.53 -1416.55 0.36601
14.2288 17.6029 320.437 -3186.68 5564.56 -0.349219 -14.5396 -16.9833 -320.437 -1841.11 -1369.43 0.349219
15.3312 15.6431 320.058 -2925.85 5815.15 -0.319363 -15.5526 -15.3766 -320.058 -1583.78 -1312.22 0.319363
15.6787 11.9447 320.32 -2365.86 5889.74 -0.278573 -16.0124 -11.6799 -320.32 -1069.24 -1269.5 0.278573
15.5948 7.05938 320.304 -1596.18 5794.26 -0.229495 -15.9548 -6.64747 -320.304 -397.736 -1195.02 0.229495
15.3814 1.93693 319.987 -770.017 5550.02 -0.174959 -15.6394 -1.37297 -319.987 286.97 -1028.6 0.174959
14.8677 -2.59855 320.026 -21.9671 5151.89 -0.117768 -15.1427 3.15329 -320.026 855.838 -778.73 0.117768
13.6889 -5.8051 320.044 539.446 4556.6 -0.0605272 -13.9424 6.30324 -320.044 1218.31 -530.952 0.0605272
11.4703 -7.13015 319.762 839.36 3731.08 -0.00558679 -11.6799 7.73815 -319.762 1319.72 -358.643 0.00558679
8.24069 -6.5525 319.641 833.152 2691.05 0.0450291 -8.44425 7.0186 -319.641 1137.78 -260.324 -0.0450291
4.52052 -4.10125 320.239 525.885 1511.81 0.0899084 -4.70931 4.3336 -320.239 699.153 -166.79 -0.0899084
0.967525 -0.330479 321.023 11.4692 330.935 0.128444 -1.1106 0.400179 -321.023 94.6011 -27.7244 -0.128444
-2.45861 3.59002 320.551 -530.77 -839.669 0.160581 2.49808 -3.77117 -320.551 -538.458 118.002 -0.160581
-5.88819 6.62896 320.39 -934.747 -1991.19 0.186503 6.11928 -7.11421 -320.39 -1061.37 242.437 -0.186503
-8.9654 8.06927 320.786 -1064.38 -3054.09 0.206556 9.45397 -8.60369 -320.786 -1357.08 371.263 -0.206556
-11.2395 7.70928 320.283 -904.336 -3927.65 0.221149 11.9772 -8.06376 -320.283 -1386.05 545.588 -0.221149
-12.5957 5.50516 319.405 -485.888 -4578.56 0.230517 13.5427 -5.84486 -319.405 -1161.55 770.134 -0.230517
-13.308 1.9658 319.62 119.224 -5022.67 0.234624 14.3842 -2.25318 -319.62 -730.3 987.048 -0.234624
-13.7236 -2.34633 319.762 819.698 -5282.06 0.233291 14.7096 2.12584 -319.762 -167.781 1137.82 -0.233291
-14.0259 -6.88335 319.253 1510.91 -5377.36 0.226336 14.7366 6.48549 -319.253 433.774 1184.9 -0.226336
-14.0978 -10.7502 318.992 2089.96 -5317.8 0.213632 14.5154 10.3002 -318.992 970.874 1147.21 -0.213632
-13.8791 -13.2649 319.09 2459.22 -5105.46 0.195213 13.8018 12.9022 -319.09 1344.97 1070.92 -0.195213
-13.0787 -14.0337 318.938 2549.03 -4748.41 0.171441 12.7547 13.6975 -318.938 1482.27 983.277 -0.171441
-11.9043 -12.8951 318.667 2332.33 -4276.7 0.143082 11.4622 12.5111 -318.667 1360.92 871.291 -0.143082
-10.6495 -10.0074 318.768 1841.36 -3719.63 0.111304 10.0044 9.6466 -318.768 1015.83 709.915 -0.111304
-9.25736 -5.89238 318.962 1146.31 -3090.7 0.0775692 8.55672 5.57643 -318.962 521.285 495.39 -0.0775692
-7.54332 -1.2554 319.128 349.101 -2377.02 0.0434214 6.98561 0.936932 -319.128 -29.6622 260.96 -0.0434214
-5.63836 2.97055 319.429 -400.949 -1607.22 0.0102783 5.08066 -3.39941 -319.429 -524.003 46.7475 -0.0102783
-3.37387 5.89643 320.027 -956.875 -798.596 -0.0206895 2.89154 -6.59431 -320.027 -857.733 -112.735 0.0206895
-0.834249 6.83585 320.181 -1212.23 30.1288 -0.0485738 0.490819 -8.01536 -320.181 -945.67 -221.623 0.0485738
1.90713 5.7978 320.303 -1119.79 875.855 -0.072769 -2.11831 -7.03027 -320.303 -744.455 -288.013 0.072769
4.90758 3.08349 321.157 -711.035 1741.51 -0.0930795 -4.9183 -3.78574 -321.157 -287.688 -309.115 0.0930795
7.99714 -0.561606 321.536 -141.249 2577.05 -0.109697 -7.64174 0.529471 -321.536 298.891 -298.467 0.109697
10.6346 -4.60707 321.3 415.344 3290.9 -0.12299 -9.94535 4.30235 -321.3 878.082 -292.988 0.12299
12.6835 -7.66042 321.498 855.182 3880.18 -0.133281 -11.8898 7.52846 -321.498 1350.47 -300.772 0.133281
14.076 -8.73293 321.801 1058.66 4332.04 -0.140802 -13.3234 9.6459 -321.801 1610.35 -340.945 0.140802
14.7792 -8.31121 321.451 938.735 4635.51 -0.145817 -14.1293 8.97226 -321.451 1570.99 -424.311 0.145817
14.6408 -5.78635 321.02 502.503 4779.16 -0.148598 -14.3438 6.15912 -321.02 1231.51 -556.336 0.148598
13.7793 -1.54724 320.87 -163.845 4756.69 -0.149188 -13.8664 1.93067 -320.87 667.462 -728.097 0.149188
12.4386 3.14748 320.628 -927.024 4572.83 -0.147342 -12.7523 -3.27222 -320.628 -7.49915 -900.963 0.147342
11.0489 7.3129 320.074 -1613.77 4269.05 -0.142725 -11.3528 -8.18871 -320.074 -640.302 -1002.88 0.142725
9.95776 10.404 319.784 -2052.09 3889.16 -0.135068 -10.0124 -11.1093 -319.784 -1075.33 -977.101 0.135068
9.46907 11.4971 319.623 -2147.96 3476.4 -0.124283 -8.79975 -11.751 -319.623 -1231.34 -812.721 0.124283
9.27182 10.5134 319.579 -1904.43 3041.97 -0.110563 -7.79231 -10.2246 -319.579 -1109.92 -554.731 0.110563
8.91277 7.85473 319.649 -1403.28 2579.11 -0.0943607 -6.85293 -7.11227 -319.649 -772.295 -281.998 0.0943607
7.84434 4.31379 319.877 -754.257 2066.61 -0.0762908 -5.80439 -3.05714 -319.877 -317.405 -78.4934 0.0762908
6.34308 0.574121 320.067 -122.748 1532.81 -0.0570391 -4.4048 0.609715 -320.067 127.44 32.5303 0.0570391
4.64147 -2.33905 320.423 364.547 1027.65 -0.0373132 -2.99982 3.3541 -320.423 462.362 85.1064 0.0373132
2.75907 -4.16148 320.464 646.438 537.835 -0.0178135 -1.62138 4.649 -320.464 633.585 100.037 0.0178135
0.636959 -4.83427 320.26 727.965 63.9794 0.000884871 -0.368012 4.60595 -320.26 643.715 82.4408 -0.000884871
-1.54357 -4.409 320.217 662.118 -420.71 0.0184974 1.19105 3.83062 -320.217 535.268 22.8495 -0.0184974
-3.48582 -3.4894 320.344 518.075 -902.823 0.0349943 3.01749 2.55572 -320.344 360.595 -43.5125 -0.0349943
-4.81015 -2.32123 320.195 361.246 -1331.97 0.050386 4.62579 1.34128 -320.195 171.379 -41.361 -0.050386
-5.61658 -1.4321 319.945 255.991 -1673.98 0.0646249 5.49828 0.466451 -319.945 20.4698 55.8398 -0.0646249
-5.78726 -0.982863 319.839 234.08 -1930.89 0.0776732 6.15496 0.246203 -319.839 -54.7743 191.761 -0.0776732
-5.81752 -0.686209 319.833 279.16 -2113.08 0.0895203 6.64039 0.826811 -319.833 -58.5088 298.458 -0.0895203
-6.11902 -0.813689 319.637 328.009 -2221.5 0.100004 6.77458 1.16834 -319.637 -39.1646 343.264 -0.100004
-6.16885 -1.14945 319.503 345.243 -2249.45 0.108653 6.99912 1.04041 -319.503 -26.1972 331.315 -0.108653
-5.85803 -1.09968 319.502 336.206 -2166.55 0.11486 6.86728 1.07429 -319.502 -19.4999 312.931 -0.11486
-5.0572 -0.918857 319.463 298.476 -1950.72 0.11814 6.09952 0.967288 -319.463 -23.6541 325.441 -0.11814
-3.82792 -0.664311 319.531 230.213 -1620.42 0.118135 4.94203 0.646572 -319.531 -39.0759 342.578 -0.118135
-2.49189 -0.203688 319.709 138.422 -1210.6 0.114551 3.63302 0.350741 -319.709 -57.3356 317.972 -0.114551
-1.29471 0.386278 319.912 24.8288 -746.269 0.107217 2.20593 0.00897845 -319.912 -79.2978 236.082 -0.107217
0.0160999 0.994305 320.151 -119.198 -236.39 0.0961004 0.827372 -0.60889 -320.151 -113.594 118.273 -0.0961004
1.52714 1.59232 320.27 -274.077 317.734 0.0812411 -0.721413 -1.35041 -320.27 -153.567 10.1395 -0.0812411
3.4052 1.79533 320.537 -401.51 924.204 0.0627619 -2.54145 -2.14453 -320.537 -171.241 -57.5875 -0.0627619
5.5365 1.41638 320.985 -440.229 1560.97 0.0409179 -4.49198 -2.40207 -320.985 -115.106 -99.8819 -0.0409179
7.65517 0.677381 321.097 -354.977 2208.14 0.0160987 -6.53399 -1.44683 -321.097 45.5966 -141.184 -0.0160987
9.63785 -0.930807 320.907 -168.879 2804.03 -0.0111924 -8.21983 -0.0779983 -320.907 291.856 -202.79 0.0111924
11.334 -2.95533 321.221 86.3814 3334.16 -0.0403536 -9.79417 1.74728 -321.221 595.79 -256.54 0.0403536
12.8644 -5.07986 321.473 384.903 3806.61 -0.0706889 -11.3528 3.95285 -321.473 926.28 -279.122 0.0706889
14.1587 -7.09759 321.35 673.197 4197.19 -0.101376 -12.6479 6.08606 -321.35 1241 -292.617 0.101376
15.0002 -8.70617 321.29 898.348 4482.64 -0.131454 -13.5151 7.76184 -321.29 1492.97 -329.107 0.131454
15.4015 -9.33935 321.348 1010.57 4663.68 -0.159904 -13.9497 8.86087 -321.348 1632.37 -388.171 0.159904
15.527 -8.83424 321.255 951.629 4748.83 -0.185743 -13.9878 8.77425 -321.255 1605.28 -449.244 0.185743
15.4151 -7.13004 321.007 693.096 4748.92 -0.208026 -13.7484 7.19215 -321.007 1386.29 -500.277 0.208026
14.8758 -4.35226 320.8 264.936 4660.58 -0.225796 -13.2649 4.39836 -320.8 1004.9 -560.642 0.225796
13.9365 -0.92742 320.613 -259.132 4475.36 -0.238095 -12.2775 0.952694 -320.613 530.698 -655.576 0.238095
12.6532 2.46238 320.398 -785.085 4209.15 -0.24407 -10.9638 -2.59142 -320.398 49.1976 -767.05 0.24407
11.292 5.12659 320.177 -1206.48 3901.91 -0.243102 -9.68145 -5.56807 -320.177 -348.949 -844.395 0.243102
10.1201 6.59689 320.008 -1431.83 3583.7 -0.234935 -8.58486 -7.26552 -320.008 -583.771 -856.42 0.234935
9.11975 6.49326 319.86 -1398.58 3264.44 -0.21973 -7.7153 -7.2644 -319.86 -601.675 -809.621 0.21973
8.13894 4.77783 319.808 -1102.17 2934.92 -0.198022 -6.97162 -5.54721 -319.808 -399.193 -731.516 0.198022
7.05272 1.79903 319.992 -589.609 2573.25 -0.170681 -6.19524 -2.41404 -319.992 -23.5411 -641.409 0.170681
5.92708 -1.75131 320.124 31.4478 2174.33 -0.138903 -5.33021 1.43801 -320.124 431.113 -532.734 0.138903
4.8575 -4.99317 320.245 614.278 1758.2 -0.104125 -4.54363 5.04323 -320.245 843.325 -387.417 0.104125
3.82009 -7.17567 320.482 1020.84 1324.34 -0.0678312 -3.71875 7.45098 -320.482 1103.91 -225.361 0.0678312
2.64977 -7.92842 320.498 1179.73 845.297 -0.0313838 -2.49631 8.12093 -320.498 1151.93 -95.2381 0.0313838
1.11563 -7.05593 320.369 1070.8 319.295 0.00404502 -0.954076 7.06009 -320.369 980.154 -17.4817 -0.00404502
-0.680015 -4.82384 320.286 750.808 -230.289 0.0375 0.741872 4.71104 -320.286 634.713 23.5595 -0.0375
-2.45453 -1.87458 320.247 315.542 -777.109 0.0683119 2.52126 1.61404 -320.247 191.658 52.8328 -0.0683119
-4.06518 1.09355 320.116 -126.517 -1285.09 0.0961139 4.09749 -1.53972 -320.116 -255.604 96.6618 -0.0961139
-5.37002 3.35925 319.891 -458.173 -1726.62 0.120717 5.34607 -3.98104 -319.891 -607.708 166.161 -0.120717
-6.33473 4.45442 319.776 -595.497 -2094.73 0.141975 6.31106 -5.09001 -319.776 -790.502 252.985 -0.141975
-6.88012 4.0802 319.734 -505.546 -2374.44 0.159764 6.94367 -4.72243 -319.734 -772.554 360.754 -0.159764
-7.02617 2.36635 319.721 -210.752 -2555.41 0.173974 7.11075 -3.00601 -319.721 -568.839 495.606 -0.173974
-6.80771 -0.249143 319.689 232.489 -2635.64 0.184451 6.83302 -0.219441 -319.689 -227.1 647.47 -0.184451
-6.40947 -3.16271 319.794 722.81 -2638.66 0.190927 6.33365 2.97545 -319.794 170.172 780.621 -0.190927
-5.97959 -5.80375 319.891 1150.12 -2591.51 0.193014 5.86564 5.74142 -319.891 528.508 863.845 -0.193014
-5.67894 -7.64493 319.873 1425.44 -2511.15 0.19029 5.44852 7.46263 -319.873 770.778 887.869 -0.19029
-5.4566 -8.25151 319.825 1504.7 -2403.67 0.182446 5.1188 7.99016 -319.825 856.264 860.859 -0.182446
-5.27429 -7.60366 319.823 1383.17 -2271.79 0.169416 4.85717 7.27452 -319.823 779.615 793.884 -0.169416
-5.11233 -6.0479 319.787 1097.73 -2114.83 0.151414 4.6276 5.44235 -319.787 572.718 694.334 -0.151414
-4.80825 -3.99026 319.712 730.427 -1929.35 0.128863 4.50394 3.13037 -319.712 305.025 571.627 -0.128863
-4.45884 -1.96345 319.684 379.463 -1703.47 0.10239 4.16958 1.0442 -319.684 58.2731 445.813 -0.10239
-3.93991 -0.482401 319.74 123.32 -1431.53 0.0728512 3.63661 -0.342249 -319.74 -102.346 327.502 -0.0728512
-3.30391 0.105519 319.766 8.04585 -1126.03 0.0412719 2.93276 -0.81848 -319.766 -141.823 217.526 -0.0412719
-2.6749 -0.226542 319.863 37.5977 -796.759 0.00875803 1.99698 -0.369016 -319.863 -57.9583 116.489 -0.00875803
-1.92733 -1.31344 320.05 183.029 -465.234 -0.0235712 1.10849 0.797134 -320.05 123.838 23.536 0.0235712
-1.17399 -2.87583 320.184 399.307 -148.275 -0.054637 0.183491 2.33809 -320.184 358.343 -48.7799 0.054637
-0.254591 -4.41218 320.27 623.673 144.896 -0.0834083 -0.645956 3.94503 -320.27 590.581 -87.1734 0.0834083
0.773511 -5.56522 320.353 792.916 406.041 -0.108889 -1.39329 5.17393 -320.353 767.337 -89.8027 0.108889
1.61113 -6.0529 320.473 859.372 626.72 -0.130146 -2.14409 5.71158 -320.473 849.786 -79.2456 0.130146
2.1295 -5.63377 320.46 794.872 782.528 -0.146333 -2.56546 5.47566 -320.46 819.05 -98.1407 0.146333
2.33579 -4.3139 320.408 594.624 871.288 -0.156696 -2.54767 4.40941 -320.408 672.551 -159.196 0.156696
2.22473 -2.2959 320.402 275.025 914.291 -0.160653 -2.42389 2.51032 -320.402 422.968 -236.061 0.160653
1.9616 0.170345 320.345 -116.709 926.185 -0.157867 -2.28205 0.113246 -320.345 108.047 -306.603 0.157867
1.6519 2.67018 320.211 -517.461 909.293 -0.148251 -2.06707 -2.4051 -320.211 -220.347 -365.829 0.148251
1.36636 4.74584 320.081 -859.206 867.783 -0.131969 -1.76201 -4.63907 -320.081 -504.782 -410.101 0.131969
1.12157 6.18255 320.028 -1083.85 811.219 -0.109504 -1.51226 -6.07997 -320.028 -698.236 -425.459 0.109504
1.0305 6.70574 319.936 -1162.15 747.283 -0.0817163 -1.34665 -6.63441 -319.936 -776.485 -398.993 0.0817163
1.06145 6.29827 319.891 -1090.09 677.222 -0.0497761 -1.3131 -6.26454 -319.891 -735.553 -329.587 0.0497761
1.06876 5.06227 319.943 -881.38 591.632 -0.0150108 -1.37087 -5.03828 -319.943 -586.446 -234.91 0.0150108
0.896853 3.1741 320.016 -568.415 473.97 0.0211563 -1.38113 -3.17946 -320.016 -354.914 -141.182 -0.0211563
0.618681 0.972928 320.085 -200.433 315.178 0.0571875 -1.13951 -0.964806 -320.085 -81.2052 -58.4408 -0.0571875
0.241231 -1.1818 320.2 164.76 121.565 0.0914691 -0.80416 1.22205 -320.2 184.52 30.9873 -0.0914691
-0.205774 -2.8983 320.239 466.803 -102.951 0.122431 -0.452502 3.00493 -320.239 391.035 138.754 -0.122431
-0.751387 -3.87201 320.295 653.546 -365.609 0.148687 0.0707239 4.04643 -320.295 497.22 245.342 -0.148687
-1.48168 -3.84202 320.294 690.673 -672.372 0.169144 0.900425 4.18911 -320.294 476.591 324.645 -0.169144
-2.48979 -2.70505 320.225 557.972 -1014.25 0.183017 1.95405 3.28999 -320.225 313.576 366.169 -0.183017
-3.67118 -0.643881 320.149 260.873 -1376.2 0.18983 3.19387 1.24911 -320.149 14.7761 375.578 -0.18983
-4.82401 2.10803 319.972 -149.939 -1729.32 0.189489 4.50328 -1.53424 -319.972 -378.566 370.251 -0.189489
-5.76004 5.15023 319.799 -598.418 -2037.91 0.182375 5.70726 -4.48705 -319.799 -801.057 367.303 -0.182375
-6.53021 7.6828 319.573 -993.103 -2276.09 0.169275 6.56394 -7.22989 -319.573 -1172.81 368.633 -0.169275
-7.11805 9.2625 319.429 -1240.94 -2438.78 0.151186 7.18531 -8.98112 -319.429 -1408.91 355.321 -0.151186
-7.5011 9.45724 319.32 -1273.02 -2519.8 0.12917 7.5708 -9.25672 -319.32 -1445.15 324.558 -0.12917
-7.54913 8.05772 319.249 -1066.82 -2503.1 0.104271 7.57149 -7.98051 -319.249 -1262.58 300.854 -0.104271
-7.14747 5.28951 319.335 -644.785 -2379.18 0.0774222 7.08492 -5.24715 -319.335 -885.279 306.223 -0.0774222
-6.31617 1.60196 319.561 -77.138 -2155.99 0.049405 6.17013 -1.52394 -319.561 -376.211 337.098 -0.049405
-5.31 -2.43733 319.689 536.515 -1867.01 0.0209049 5.0226 2.48007 -319.689 178.732 361.549 -0.0209049
-4.36621 -6.07048 319.877 1083.89 -1552.37 -0.00741762 3.91436 6.10559 -319.877 685.922 345.693 0.00741762
-3.56373 -8.65996 320.059 1466.26 -1238.76 -0.0349015 2.99073 8.71981 -320.059 1059.53 283.596 0.0349015
-2.85842 -9.69351 320.098 1608.08 -939.243 -0.0608553 2.24518 9.86037 -320.098 1233.48 195.654 0.0608553
-2.17739 -8.89003 320.17 1475.55 -652.15 -0.0844991 1.58026 9.33357 -320.17 1172.6 104.894 0.0844991
-1.64017 -5.98946 320.169 1047.55 -395.857 -0.104956 1.04419 7.14483 -320.169 861.013 5.31583 0.104956
-1.32483 -1.85554 320.124 350.678 -179.522 -0.121308 0.765153 2.80498 -320.124 326.55 -123.89 0.121308
-1.27446 3.26513 320.124 -496.299 -2.78257 -0.132658 0.743386 -2.44703 -320.124 -333.714 -289.386 0.132658
-1.29086 8.57794 320.024 -1341.76 156.739 -0.138178 0.820712 -7.52331 -320.024 -997.883 -461.79 0.138178
-1.01205 12.9244 319.948 -2054.64 334.146 -0.137225 0.74762 -11.9598 -319.948 -1561.26 -587.395 0.137225
-0.314681 15.8841 319.857 -2533.73 552.952 -0.129483 0.250592 -14.8841 -319.857 -1937.2 -632.064 0.129483
0.709241 17.0279 319.762 -2722.31 814.429 -0.115043 -0.675879 -15.9526 -319.762 -2070.16 -609.629 0.115043
1.83056 16.2453 319.737 -2615.81 1086.62 -0.0944274 -1.72299 -15.1695 -319.737 -1949.24 -566.266 0.0944274
2.81905 13.7602 319.877 -2244.57 1351.38 -0.0686132 -2.83472 -12.7051 -319.877 -1601.38 -525.433 0.0686132
3.76013 9.91525 320.18 -1669.22 1596.59 -0.0389972 -3.91453 -9.06306 -320.18 -1088.94 -476.659 0.0389972
4.72664 5.49396 320.322 -990.841 1805.59 -0.00727622 -4.93018 -4.78204 -320.322 -502.927 -397.45 0.00727622
5.58074 1.19047 320.359 -325.116 1956.78 0.0247174 -5.91197 -0.642526 -320.359 58.0868 -281.865 -0.0247174
6.11223 -2.35959 320.425 222.637 2012 0.0552244 -6.58672 2.67286 -320.425 507.889 -161.967 -0.0552244
6.15077 -4.73947 320.469 594.762 1939.76 0.0827454 -6.65988 4.84157 -320.469 796.714 -73.8165 -0.0827454
5.75385 -5.71352 320.393 759.517 1747.48 0.10611 -6.14683 5.71351 -320.393 900.255 -14.2448 -0.10611
5.04889 -5.34879 320.336 721.218 1460.34 0.124467 -5.28522 5.27698 -320.336 822.243 44.5903 -0.124467
4.14356 -3.85617 320.357 516.12 1105.11 0.137317 -4.24992 3.76969 -320.357 591.595 117.002 -0.137317
3.05761 -1.63454 320.291 197.29 692.571 0.144596 -2.97532 1.51977 -320.291 260.874 185.613 -0.144596
1.76049 0.796124 320.221 -156.069 245.087 0.146627 -1.50074 -0.955319 -320.221 -98.3989 229.379 -0.146627
0.18462 2.92636 320.048 -457.948 -219.262 0.143899 0.0139699 -3.08568 -320.048 -415.416 243.678 -0.143899
-1.46295 4.36051 319.965 -650.819 -678.907 0.136882 1.59587 -4.51273 -319.965 -638.123 233.136 -0.136882
-2.85807 4.98722 320.016 -703.225 -1108.17 0.12603 3.1733 -4.95854 -320.016 -741.41 229.597 -0.12603
-3.91257 4.88248 319.942 -631.479 -1460.86 0.111827 4.27318 -4.52911 -319.942 -735.415 268.446 -0.111827
-4.4873 4.14217 319.77 -474.216 -1724.68 0.094799 5.01477 -3.60086 -319.77 -650.132 340.306 -0.094799
-4.78187 3.16234 319.775 -280.062 -1909.15 0.0755336 5.58698 -2.35548 -319.775 -520.893 398.338 -0.0755336
-5.02118 2.22881 319.742 -103.835 -2008.54 0.0546396 5.93149 -1.16474 -319.742 -388.431 412.658 -0.0546396
-5.1498 1.45337 319.59 9.58603 -2015.74 0.0326977 6.10774 -0.464986 -319.59 -287.516 375.609 -0.0326977
-5.02278 1.20997 319.495 39.5762 -1920 0.0102926 6.07571 -0.15787 -319.495 -237.568 303.301 -0.0102926
-4.58401 1.52862 319.533 -26.017 -1708.16 -0.0119292 5.63082 -0.375318 -319.533 -249.959 220.438 0.0119292
-3.90828 2.33115 319.597 -182.149 -1394.93 -0.0333028 4.81194 -1.15395 -319.597 -323.695 125.195 0.0333028
-3.09819 3.56235 319.647 -411.38 -1008.82 -0.0532407 3.84376 -2.33256 -319.647 -444.769 -1.46966 0.0532407
-2.28287 5.04764 319.868 -688.875 -571.743 -0.0712515 2.79315 -3.76567 -319.868 -591.505 -166.189 0.0712515
-1.38707 6.56795 320.001 -973.895 -100.574 -0.086923 1.70313 -5.23615 -320.001 -741.256 -347.459 0.086923
-0.290632 7.98596 320.041 -1247.84 405.12 -0.0999593 0.407958 -6.64976 -320.041 -878.958 -504.264 0.0999593
1.00115 8.90644 320.306 -1465.25 930.037 -0.110192 -1.07507 -7.88197 -320.306 -974.544 -624.655 0.110192
2.39633 9.10859 320.476 -1577.21 1455.42 -0.117495 -2.64667 -8.54556 -320.476 -988.574 -717.724 0.117495
3.6879 8.54145 320.379 -1541.68 1942.54 -0.12175 -4.13875 -8.16386 -320.379 -886.424 -799.287 0.12175
4.79322 7.1597 320.349 -1359.96 2354.66 -0.122914 -5.4066 -6.8215 -320.349 -672.485 -865.684 0.122914
5.81647 5.14757 320.482 -1072.83 2682.37 -0.121064 -6.52138 -4.89115 -320.482 -386.881 -882.096 0.121064
6.91449 2.97159 320.541 -740.689 2921.04 -0.116349 -7.48039 -2.68308 -320.541 -82.0859 -821.534 0.116349
7.93457 0.903001 320.447 -419.591 3063 -0.108892 -8.31784 -0.655874 -320.447 191.925 -693.572 0.108892
8.51794 -0.685403 320.378 -159.7 3083.15 -0.0987579 -8.86604 0.943044 -320.378 395.186 -549.545 0.0987579
8.53316 -1.74218 320.319 8.56889 2958.37 -0.0860407 -8.75478 1.79223 -320.319 503.923 -439.187 0.0860407
7.91148 -2.3148 320.238 87.9349 2691.4 -0.0709256 -8.06065 1.88258 -320.238 520.989 -364.07 0.0709256
6.81419 -2.18947 320.168 102.085 2308.13 -0.0536514 -7.05935 1.73767 -320.168 467.711 -286.612 0.0536514
5.54829 -1.68844 320.105 69.9395 1837.03 -0.0344609 -5.80372 1.28832 -320.105 361.943 -182.974 0.0344609
4.16111 -1.06603 320.218 14.6264 1306.51 -0.0136121 -4.42739 0.595396 -320.218 226.348 -55.2723 0.0136121
2.55653 -0.516185 320.302 -27.4155 728.771 0.00855571 -2.9069 -0.0335953 -320.302 97.3368 66.9826 -0.00855571
0.697994 -0.0111697 320.35 -25.6912 105.035 0.0315618 -1.08823 -0.162723 -320.35 3.71236 154.937 -0.0315618
-1.02557 0.168372 320.203 16.9639 -533.404 0.0548219 1.01783 -0.118453 -320.203 -58.3576 235.418 -0.0548219
-2.50018 0.10801 320.366 84.0234 -1137.32 0.0777168 2.85194 -0.0212679 -320.366 -102.29 357.078 -0.0777168
-3.59259 0.1828 320.354 159.142 -1665.26 0.0995539 4.22001 0.331693 -320.354 -136.771 526.106 -0.0995539
-4.5154 0.371286 320.101 204.813 -2113 0.119508 5.32422 0.514465 -320.101 -183.088 678.121 -0.119508
-5.50582 0.870785 319.872 181.733 -2490.75 0.136723 6.44749 0.283783 -319.872 -265.966 747.87 -0.136723
-6.52988 1.70006 319.773 70.6129 -2775.65 0.15049 7.47296 -0.563672 -319.773 -398.388 734.425 -0.15049
-7.39225 2.82631 319.562 -109.634 -2933.36 0.160247 8.08027 -1.84378 -319.562 -567.752 678.386 -0.160247
-7.77384 3.96797 319.288 -317.859 -2953.32 0.165514 8.29715 -3.31732 -319.288 -739.527 611.477 -0.165514
-7.68432 4.79579 319.199 -491.305 -2838.28 0.165982 8.06251 -4.5124 -319.199 -860.059 543.901 -0.165982
-7.26102 5.05796 319.221 -572.656 -2601.99 0.161587 7.37897 -4.95504 -319.221 -881.208 469.053 -0.161587
-6.38466 4.57046 319.266 -532.68 -2263.61 0.152384 6.54422 -4.49022 -319.266 -782.939 380.133 -0.152384
-5.24799 3.44544 319.418 -383.827 -1838.29 0.138467 5.36845 -3.20636 -319.418 -581.943 291.83 -0.138467
-3.87787 1.97463 319.626 -176.938 -1341.27 0.120067 3.84452 -1.49882 -319.626 -327.205 216.465 -0.120067
-2.36967 0.44355 319.855 21.1219 -809.981 0.0976387 2.23224 0.055092 -319.855 -77.2177 139.81 -0.0976387
-0.989141 -0.752441 320.144 154.501 -284.095 0.0718555 0.71751 1.1515 -320.144 122.28 35.8894 -0.0718555
0.27271 -1.46641 320.255 202.903 211.953 0.0435709 -0.539962 1.64136 -320.255 248.586 -92.8154 -0.0435709
1.45627 -1.48593 320.298 159.421 679.243 0.0137629 -1.71408 1.62371 -320.298 292.144 -216.316 -0.0137629
2.63727 -0.889483 320.613 28.055 1117.28 -0.016529 -2.84382 1.05827 -320.613 254.514 -317.501 0.016529
3.68385 0.101826 320.646 -171.928 1506.41 -0.0462013 -3.88375 -0.0371746 -320.646 151.142 -402.484 0.0462013
4.56093 1.39003 320.54 -402.325 1842.01 -0.0740701 -4.74486 -1.27987 -320.54 13.6737 -484.703 0.0740701
5.09248 2.68599 320.448 -626.583 2094.25 -0.0989658 -5.30855 -2.50689 -320.448 -128.76 -577.13 0.0989658
5.4058 3.73226 320.434 -815.063 2268.6 -0.119924 -5.62948 -3.61186 -320.434 -252.931 -658.829 0.119924
5.62573 4.42897 320.352 -939.875 2373.55 -0.136282 -5.84323 -4.36434 -320.352 -338.731 -700.478 0.136282
5.78001 4.47756 320.216 -974.25 2412.97 -0.147577 -6.01942 -4.72671 -320.216 -364.077 -691.819 0.147577
5.8031 3.62781 320.105 -881.491 2378.35 -0.153437 -6.05743 -4.47187 -320.105 -296.318 -648.476 0.153437
5.57944 2.02074 320.072 -629.983 2257.7 -0.153697 -5.87011 -3.05795 -320.072 -108.825 -587.905 0.153697
5.03331 -0.166493 320.047 -242.034 2048.92 -0.148537 -5.51421 -0.597549 -320.047 178.607 -510.752 0.148537
4.34641 -2.85201 320.112 209.757 1758.7 -0.138468 -4.93164 2.0628 -320.112 503.682 -405.766 0.138468
3.56352 -5.40911 320.308 648.858 1400.54 -0.124174 -4.21305 4.59618 -320.308 804.376 -266.772 0.124174
2.6216 -7.4343 320.456 1021.63 974.107 -0.106369 -3.29127 6.72725 -320.456 1035.69 -112.332 0.106369
1.45756 -8.69938 320.49 1272.85 479.99 -0.0857556 -2.03545 8.04419 -320.49 1159.84 28.852 0.0857556
-0.0112016 -9.04101 320.514 1378.56 -73.2843 -0.0631017 -0.496673 8.42321 -320.514 1159.06 143.734 0.0631017
-1.65754 -8.59185 320.535 1344.74 -665.276 -0.0392317 1.28126 7.8217 -320.535 1040.45 236.767 0.0392317
-3.21926 -7.4962 320.624 1217.83 -1253.89 -0.0148287 3.10903 6.67303 -320.624 841.488 331.507 0.0148287
-4.54476 -6.05621 320.446 1045.18 -1795.53 0.00965246 4.73094 5.30968 -320.446 607.021 443.6 -0.00965246
-5.67166 -4.71159 320.165 878.299 -2258.84 0.0337602 5.99201 3.98678 -320.165 386.499 558.808 -0.0337602
-6.63161 -3.69294 320.006 756.964 -2633.63 0.0568987 7.01589 3.02413 -320.006 220.097 644.441 -0.0568987
-7.39106 -3.16135 319.938 703.058 -2903.92 0.0784934 7.78662 2.56785 -319.938 130.567 691.77 -0.0784934
-7.84621 -3.04232 319.721 711.94 -3054.04 0.09809 8.1746 2.63203 -319.721 113.771 719.018 -0.09809
-7.86349 -3.2588 319.52 756.023 -3075.67 0.115223 8.09926 2.92919 -319.52 144.333 748.985 -0.115223
-7.45493 -3.55564 319.507 803.28 -2977.26 0.129348 7.61503 3.29702 -319.507 193.629 780.44 -0.129348
-6.77164 -3.75179 319.529 824.588 -2778.52 0.139929 6.84684 3.54294 -319.529 236.494 792.977 -0.139929
-5.95478 -3.70883 319.514 798.471 -2502.87 0.146561 5.96432 3.53534 -319.514 255.166 764.861 -0.146561
-5.07251 -3.31377 319.566 711.865 -2164.64 0.149047 5.00498 3.21175 -319.566 237.228 695.024 -0.149047
-4.14036 -2.57825 319.643 563.824 -1781.33 0.147311 3.99307 2.52834 -319.643 178.949 595.147 -0.147311
-3.09679 -1.52309 319.819 362.359 -1361.3 0.141317 2.92591 1.5417 -319.819 83.5796 482.885 -0.141317
-1.99568 -0.289909 319.939 128.917 -922.686 0.131146 1.8255 0.344265 -319.939 -36.3222 365.3 -0.131146
-0.813469 1.01878 320.04 -119.06 -474.647 0.11706 0.776914 -0.93491 -320.04 -164.542 242.587 -0.11706
0.296845 2.26137 320.144 -351.242 -28.214 0.0995058 -0.297792 -2.08301 -320.144 -279.911 114.842 -0.0995058
1.32161 3.31806 320.174 -550.662 404.228 0.0791106 -1.31342 -3.01289 -320.174 -369.325 -19.9338 -0.0791106
2.3447 4.10979 320.313 -710.806 826.054 0.0566151 -2.25468 -3.7205 -320.313 -427.212 -155.195 -0.0566151
3.29606 4.66319 320.495 -826.339 1227.83 0.0327777 -3.18373 -4.14331 -320.495 -453.692 -282.682 -0.0327777
4.10442 5.06205 320.464 -910.633 1600.31 0.00841515 -4.13845 -4.35958 -320.464 -458.93 -398.029 -0.00841515
4.82459 5.12561 320.415 -968.479 1923.19 -0.0154995 -4.90421 -4.6332 -320.415 -450.211 -504.174 0.0154995
5.53151 4.9601 320.432 -990.346 2188.18 -0.0379224 -5.42574 -4.75376 -320.432 -421.924 -590.006 0.0379224
6.08055 4.64416 320.443 -963.427 2397.68 -0.0579685 -5.98256 -4.49251 -320.443 -365.059 -638.338 0.0579685
6.49034 4.17681 320.383 -896.453 2542.71 -0.0749875 -6.45108 -3.96396 -320.383 -287.382 -655.441 0.0749875
6.59172 3.53068 320.3 -809.187 2603.48 -0.0884786 -6.68627 -3.43453 -320.3 -203.863 -667.18 0.0884786
6.20108 2.97709 320.235 -716.374 2561.7 -0.0980641 -6.6346 -2.82039 -320.235 -126.999 -689.714 0.0980641
5.39961 2.35801 320.134 -626.112 2407.29 -0.103515 -6.18606 -2.39873 -320.134 -66.0003 -717.191 0.103515
4.41551 1.68525 320.017 -527.584 2146.02 -0.104779 -5.36331 -2.05051 -320.017 -16.0997 -718.962 0.104779
3.4733 1.03816 319.949 -402.338 1803.39 -0.102032 -4.38967 -1.48111 -319.949 35.5347 -655.488 0.102032
2.55968 0.0317369 319.982 -231.992 1396.71 -0.0956394 -3.43548 -0.835547 -319.982 105.387 -521.254 0.0956394
1.57256 -1.19455 320.107 -2.04733 938.462 -0.0860171 -2.43991 0.257374 -320.107 212.62 -352.362 0.0860171
0.315344 -2.60588 320.244 285.487 403.197 -0.0736031 -1.06137 1.83944 -320.244 360.247 -201.488 0.0736031
-1.15315 -4.2934 320.31 600.076 -175.943 -0.0589581 0.50219 3.45974 -320.31 526.518 -64.4257 0.0589581
-2.66848 -5.95443 320.419 913.448 -781.675 -0.0427604 2.11678 5.05474 -320.419 686.492 84.9522 0.0427604
-4.02107 -7.46633 320.685 1205.41 -1378.54 -0.0256851 3.60818 6.50338 -320.685 824.94 266.988 0.0256851
-5.2351 -8.70012 320.65 1452.4 -1945.73 -0.00829016 4.9024 7.68818 -320.65 929.619 468.19 0.00829016
-6.43338 -9.61928 320.478 1642.42 -2475.84 0.00897508 6.11187 8.54359 -320.478 997.668 647.042 -0.00897508
-7.57396 -10.1631 320.479 1764.61 -2951.8 0.0255993 7.35562 9.04961 -320.479 1028.23 775.329 -0.0255993
-8.59758 -10.2365 320.311 1823.87 -3353 0.0409409 8.48092 9.31312 -320.311 1018.08 863.285 -0.0409409
-9.45057 -9.92295 319.99 1806.81 -3654.5 0.0544357 9.20585 9.07604 -319.99 955.265 934.742 -0.0544357
-10.0142 -9.15968 319.831 1712.74 -3856.99 0.0657606 9.69911 8.40338 -319.831 840.775 983.164 -0.0657606
-10.3608 -8.07213 319.724 1553.85 -3966.61 0.0747192 10.0368 7.33472 -319.724 686.396 993.109 -0.0747192
-10.4805 -6.75643 319.478 1350.5 -3979.54 0.0811371 10.2003 6.04339 -319.478 510.941 964.95 -0.0811371
-10.2083 -5.43073 319.252 1132.39 -3880.33 0.0849525 10.105 4.68768 -319.252 339.386 919.456 -0.0849525
-9.58053 -4.26737 319.169 931.647 -3657.19 0.0862776 9.52075 3.51256 -319.169 200.252 873.004 -0.0862776
-8.53918 -3.42363 319.144 776.754 -3312.67 0.0853694 8.55933 2.73933 -319.144 120.068 820.32 -0.0853694
-7.15869 -2.97424 319.111 680.455 -2857.91 0.0826112 7.30704 2.45385 -319.111 109.424 749.177 -0.0826112
-5.56107 -2.93095 319.362 636.63 -2301.32 0.0783927 5.75692 2.5555 -319.362 161.525 651.254 -0.0783927
-3.8586 -3.15467 319.626 624.97 -1670.06 0.0729633 3.96162 2.89742 -319.626 255.137 529.713 -0.0729633
-1.98876 -3.49018 319.969 619.64 -989.815 0.0664897 2.06868 3.26429 -319.969 362.262 397.843 -0.0664897
0.00325524 -3.66639 320.355 591.453 -285.038 0.0591675 0.100478 3.51111 -320.355 451.642 270.206 -0.0591675
2.03872 -3.60555 320.594 515.149 424.87 0.0512082 -1.91739 3.37456 -320.594 498.988 150.989 -0.0512082
4.11833 -3.08159 320.832 373.721 1128.49 0.0427709 -3.87239 2.86639 -320.832 490.176 35.3001 -0.0427709
6.03789 -2.09307 321.287 163.654 1805.94 0.0338886 -5.74396 1.94424 -321.287 422.368 -89.6779 -0.0338886
7.71503 -0.737864 321.271 -106.497 2429.11 0.0245055 -7.32933 0.601432 -321.271 300.265 -237.321 -0.0245055
9.0526 0.8485 320.884 -407.452 2952.42 0.0147045 -8.41356 -0.966138 -320.884 142.744 -407.381 -0.0147045
10.0151 2.48592 321.054 -705.295 3384.48 0.00480243 -9.37987 -2.56882 -321.054 -30.388 -557.985 -0.00480243
10.6891 3.99291 321.107 -973.012 3731.19 -0.00489902 -10.2901 -4.0581 -321.107 -198.185 -673.542 0.00489902
11.128 5.17424 320.694 -1183 3970.12 -0.0143096 -10.7819 -5.26354 -320.694 -335.11 -776.529 0.0143096
11.2223 5.86068 320.456 -1313.04 4095.68 -0.0234573 -10.9067 -6.05232 -320.456 -419.495 -869.79 0.0234573
11.1551 5.91046 320.488 -1341.03 4123.66 -0.0323006 -10.7689 -6.27883 -320.488 -431.684 -927.387 0.0323006
11.0133 5.2921 320.344 -1250.57 4068.74 -0.0406677 -10.5688 -5.78068 -320.344 -359.887 -922.286 0.0406677
10.7242 4.05955 320.076 -1043.62 3930.1 -0.0484699 -10.3322 -4.5277 -320.076 -205.618 -860.467 0.0484699
10.1364 2.32424 320.022 -744.05 3687.49 -0.0558747 -9.81073 -2.71299 -320.022 10.7439 -779.726 0.0558747
9.06775 0.378126 319.988 -398.657 3325.83 -0.0631171 -8.87322 -0.638003 -319.988 249.759 -710.468 0.0631171
7.553 -1.33717 319.898 -66.317 2846 -0.0703043 -7.53627 1.35697 -319.898 456.689 -646.108 0.0703043
5.78926 -2.48875 319.923 182.294 2259.27 -0.0773851 -5.88587 2.70552 -319.923 571.548 -556.781 0.0773851
3.93915 -2.8708 320.044 297.325 1603.66 -0.0840355 -4.15409 3.03697 -320.044 560.43 -423.145 0.0840355
2.05738 -2.34388 320.254 275.001 914.166 -0.089639 -2.3382 2.50405 -320.254 429.034 -272.609 0.089639
-0.160045 -1.26465 320.368 154.746 164.738 -0.0935016 -0.135244 1.28406 -320.368 215.503 -167.219 0.0935016
-2.55938 0.118258 320.139 -4.63606 -612.686 -0.0949238 2.34996 -0.132892 -320.139 -31.6462 -101.281 0.0949238
-4.84797 1.44708 320.308 -149.663 -1376.5 -0.093086 4.79558 -1.4399 -320.308 -269.326 -27.0723 0.093086
-6.54764 2.28922 320.385 -226.533 -2059.55 -0.0871536 6.83156 -2.38644 -320.385 -452.089 111.541 0.0871536
-7.78629 2.4221 320.046 -194.348 -2626.78 -0.0766215 8.17878 -2.61029 -320.046 -535.877 301.556 0.0766215
-8.77558 1.6272 319.821 -24.3563 -3075.44 -0.0615064 9.10187 -1.88399 -319.821 -484.654 471.109 0.0615064
-9.61697 -0.0523767 319.885 271.3 -3419.98 -0.0422635 9.97839 -0.230292 -319.885 -295.85 565.123 0.0422635
-10.2073 -2.31129 319.734 648.456 -3639.87 -0.0197017 10.5758 2.09346 -319.734 -7.05528 611.869 0.0197017
-10.2002 -4.70927 319.472 1039.33 -3698.41 0.00502028 10.528 4.6102 -319.472 316.224 678.111 -0.00502028
-9.39607 -6.69285 319.436 1367.31 -3588.1 0.0305213 9.83385 6.84485 -319.436 601.158 785.497 -0.0305213
-8.18406 -8.04141 319.445 1564.23 -3342.44 0.0554355 8.69003 8.15236 -319.445 790.11 882.444 -0.0554355
-7.03374 -8.45234 319.355 1599.16 -3009.49 0.0784911 7.48864 8.46427 -319.355 860.091 891.872 -0.0784911
-6.06801 -7.77393 319.293 1466.86 -2617.67 0.0984971 6.46531 7.87631 -319.293 808.22 790.064 -0.0984971
-5.0966 -6.17232 319.534 1168.35 -2149.22 0.114512 5.31814 6.24636 -319.534 636.988 630.701 -0.114512
-3.84982 -3.82765 319.652 742.639 -1600.67 0.125954 3.83909 3.84342 -319.652 372.662 479.637 -0.125954
-2.35086 -1.13024 319.876 258.197 -1002 0.132451 2.11595 1.08698 -319.876 64.4363 350.644 -0.132451
-0.908261 1.45788 320.206 -210.533 -401.537 0.133815 0.371042 -1.55907 -320.206 -227.588 214.886 -0.133815
0.482304 3.52807 320.287 -594.81 170.251 0.130147 -1.09733 -3.67279 -320.287 -451.469 60.0492 -0.130147
1.96811 4.82342 320.29 -855.284 722.164 0.121709 -2.48605 -5.02994 -320.29 -576.621 -72.7564 -0.121709
3.48988 5.12633 320.641 -958.73 1260.05 0.108782 -4.12222 -5.48484 -320.641 -583.488 -150.535 -0.108782
5.1182 4.51302 320.756 -904.288 1756.11 0.0917751 -5.62988 -4.93106 -320.756 -468.525 -189.884 -0.0917751
6.45448 3.10663 320.558 -710.226 2168.46 0.0713169 -6.88994 -3.48255 -320.558 -247.915 -224.158 -0.0713169
7.36743 1.12983 320.527 -427.49 2470.35 0.0481962 -7.79257 -1.56466 -320.527 35.1376 -261.617 -0.0481962
7.87838 -0.915795 320.71 -118.025 2652.59 0.0232865 -8.33906 0.53013 -320.71 327.205 -289.821 -0.0232865
7.95862 -2.78445 320.616 163.458 2711.01 -0.00244459 -8.56606 2.32317 -320.616 577.739 -303.475 0.00244459
7.58403 -4.19253 320.373 378.141 2633.59 -0.0278894 -8.31104 3.5962 -320.373 752.638 -317.681 0.0278894
6.7148 -5.06822 320.315 512.259 2417.24 -0.0517919 -7.5474 4.24485 -320.315 840.063 -338.974 0.0517919
5.44963 -5.35391 320.304 571.929 2075.86 -0.0728214 -6.38416 4.39932 -320.304 844.444 -351.088 0.0728214
4.01916 -5.08896 320.25 566.294 1636.03 -0.0897265 -4.94429 4.16229 -320.25 777.285 -329.214 0.0897265
2.62743 -4.49201 320.231 512.437 1134.89 -0.101499 -3.34643 3.55913 -320.231 656.953 -263.596 0.101499
1.10002 -3.83419 320.311 448.473 582.369 -0.107398 -1.68372 2.81156 -320.311 516.926 -175.904 0.107398
-0.480684 -2.89128 320.342 392.324 -0.745957 -0.106915 0.152812 2.42753 -320.342 380.499 -90.7032 0.106915
-2.17091 -2.089 320.172 338.438 -596.694 -0.0999142 2.00061 1.91731 -320.172 243.905 -10.2356 0.0999142
-3.88563 -1.52902 320.235 282.647 -1178.51 -0.0867223 3.72714 1.14801 -320.235 106.773 70.2123 0.0867223
-5.40428 -0.890942 320.337 246.112 -1721.51 -0.0680046 5.34966 0.71848 -320.337 -11.6143 155.525 0.0680046
-6.68308 -0.495206 320.106 232.219 -2197.47 -0.0446541 6.71 0.385196 -320.106 -103.47 246.888 0.0446541
-7.72593 -0.427157 319.829 244.451 -2593.18 -0.0178316 7.78178 0.136371 -319.829 -161.597 334.394 0.0178316
-8.43553 -0.502576 319.833 290.063 -2889.07 0.0110464 8.58615 0.276917 -319.833 -175.717 409.565 -0.0110464
-8.61793 -0.871013 319.732 367.099 -3063.96 0.0404709 9.0996 0.647442 -319.732 -145.306 482.854 -0.0404709
-8.42305 -1.49172 319.432 468.004 -3103.1 0.0689848 9.01583 1.19618 -319.432 -76.2574 562.241 -0.0689848
-7.94568 -2.24103 319.336 584.698 -3018.56 0.0951718 8.49067 1.95696 -319.336 26.4541 623.429 -0.0951718
-7.27047 -3.04545 319.444 701.637 -2832.3 0.117624 7.82458 2.81165 -319.444 150.526 632.415 -0.117624
-6.43579 -3.78044 319.422 793.641 -2551.3 0.135056 7.01057 3.55154 -319.422 272.72 591.595 -0.135056
-5.3433 -4.26059 319.404 835.354 -2170.5 0.146435 5.91083 4.0182 -319.404 368.438 530.198 -0.146435
-3.98736 -4.42931 319.526 815.867 -1706.64 0.150996 4.52773 4.09777 -319.526 423.836 465.37 -0.150996
-2.50304 -4.27206 319.832 738.194 -1183.47 0.148294 2.95516 3.83492 -319.832 440.279 387.583 -0.148294
-1.11887 -3.80166 320.101 617.996 -643.404 0.138302 1.39702 3.3918 -320.101 427.533 276.378 -0.138302
0.253286 -3.07349 320.197 461.302 -97.6635 0.121399 -0.0253093 2.77344 -320.197 388.356 138.096 -0.121399
1.68075 -2.06827 320.351 268.384 446.543 0.0982643 -1.42035 1.96989 -320.351 318.24 5.42233 -0.0982643
3.16119 -0.818249 320.652 40.6804 996.889 0.0698207 -2.99969 0.936901 -320.652 214.01 -98.9758 -0.0698207
4.55413 0.500296 320.898 -214.417 1517.16 0.0372366 -4.49365 -0.399258 -320.898 83.1827 -198.502 -0.0372366
5.77334 1.77466 320.827 -463.909 1992.51 0.00193031 -5.74163 -1.74155 -320.827 -47.7062 -314.215 -0.00193031
6.6691 2.72133 320.634 -667.085 2388.25 -0.0345029 -6.66724 -2.88567 -320.634 -148.478 -444.307 0.0345029
7.43146 3.18996 320.678 -784.324 2708.54 -0.0704655 -7.39899 -3.51571 -320.678 -191.009 -546.681 0.0704655
8.20637 3.23167 320.757 -802.449 2963.11 -0.104486 -8.10058 -3.42837 -320.757 -166.35 -586.124 0.104486
8.91245 2.80029 320.58 -734.035 3144.2 -0.135242 -8.71139 -2.8249 -320.58 -84.457 -575.535 0.135242
9.23945 2.00569 320.42 -608.41 3230.45 -0.161545 -9.10265 -1.94892 -320.42 32.6311 -557.286 0.161545
9.11102 1.10969 320.425 -458.147 3204.48 -0.182333 -9.03321 -0.943515 -320.425 158.648 -560.127 0.182333
8.62975 0.289231 320.375 -316.375 3073.23 -0.19668 -8.56263 -0.0686837 -320.375 263.241 -567.444 0.19668
7.96721 -0.272845 320.246 -209.76 2857.44 -0.203889 -7.90436 0.497132 -320.246 320.583 -544.049 0.203889
7.21133 -0.498517 320.187 -150.147 2566.61 -0.203548 -7.09129 0.685184 -320.187 321.19 -481.88 0.203548
6.40948 -0.390389 320.148 -135.113 2205.89 -0.195493 -6.01003 0.559403 -320.148 272.304 -395.626 0.195493
5.51905 0.0269848 320.084 -155.55 1798.57 -0.17979 -4.7612 0.250087 -320.084 187.309 -300.094 0.17979
4.53758 0.558907 320.138 -197.151 1379.38 -0.156827 -3.53941 -0.225709 -320.138 82.6524 -202.034 0.156827
3.41918 1.0993 320.171 -246.706 972.868 -0.127375 -2.42187 -0.76114 -320.171 -23.9481 -121.383 0.127375
2.136 1.55925 320.131 -286.149 568.897 -0.0925475 -1.19516 -1.1995 -320.131 -114.879 -83.0014 0.0925475
0.844804 1.79241 320.08 -305.282 196.404 -0.0537608 -0.0111381 -1.55725 -320.08 -181.474 -70.9721 0.0537608
-0.261725 1.7767 320.041 -292.078 -124.4 -0.0126745 0.914771 -1.72944 -320.041 -217.296 -46.2176 0.0126745
-1.08703 1.47991 320.009 -238.222 -387.214 0.028932 1.52224 -1.64131 -320.009 -215.121 7.75158 -0.028932
-1.41302 1.05224 319.993 -142.915 -588.655 0.0692999 2.01817 -1.13406 -319.993 -174.494 89.1814 -0.0692999
-1.59019 0.599592 320.011 -31.2889 -734.322 0.106759 2.19161 -0.416658 -320.011 -116.04 183.419 -0.106759
-1.74229 0.193466 319.97 52.9286 -836.825 0.139741 2.21733 0.0684514 -319.97 -70.7074 259.724 -0.139741
-1.88921 0.12264 319.927 82.0101 -912.967 0.166852 2.36891 0.26236 -319.927 -61.2891 292.272 -0.166852
-2.05756 0.46743 319.918 37.3947 -960.987 0.187012 2.53199 -0.000540783 -319.918 -104.954 292.041 -0.187012
-2.12634 1.14625 319.873 -79.8289 -968.864 0.199498 2.57002 -0.803617 -319.873 -203.049 284.407 -0.199498
-2.06135 2.10006 319.814 -243.05 -936.314 0.203913 2.48747 -1.87736 -319.814 -334.442 273.398 -0.203913
-1.96279 3.1773 319.804 -418.348 -871.524 0.200206 2.33757 -2.92635 -319.804 -468.109 244.909 -0.200206
-1.94742 4.02618 319.802 -569.33 -786.013 0.188728 2.1747 -3.8459 -319.802 -574.122 185.594 -0.188728
-1.90277 4.56952 319.777 -667.316 -681.433 0.17018 2.0601 -4.36015 -319.777 -629.858 104.527 -0.17018
-1.69634 4.75987 319.805 -698.333 -549.541 0.145531 1.85579 -4.36312 -319.805 -626.993 32.7279 -0.145531
-1.29886 4.54267 319.862 -670.371 -382.985 0.115977 1.39092 -4.02852 -319.862 -574.848 -8.1 -0.115977
-0.750356 4.02617 319.908 -600.635 -192.997 0.0828975 0.797174 -3.4642 -319.908 -487.613 -31.6812 -0.0828975
-0.171852 3.34665 319.946 -510.027 -2.00293 0.0477782 0.282977 -2.7879 -319.946 -381.296 -63.4524 -0.0477782
0.321113 2.71526 320.035 -422.335 180.919 0.0121429 -0.167723 -2.09119 -320.035 -276.093 -108.793 -0.0121429
0.820364 2.16242 320.108 -359.824 360.993 -0.0225387 -0.594038 -1.64034 -320.108 -192.845 -153.92 0.0225387
1.4213 1.83258 320.163 -332.241 546.728 -0.0549286 -1.05344 -1.41703 -320.163 -140.127 -185.144 0.0549286
2.04037 1.76166 320.212 -334.039 735.055 -0.083831 -1.59733 -1.32034 -320.212 -114.045 -204.067 0.083831
2.63152 1.80903 320.277 -357.521 919.699 -0.108208 -2.12356 -1.38684 -320.277 -107.177 -225.933 0.108208
3.09741 2.00966 320.328 -396.119 1089.15 -0.12729 -2.55044 -1.48665 -320.328 -112.301 -265.237 0.12729
3.50688 2.33214 320.326 -449.029 1248.51 -0.140692 -2.88939 -1.63973 -320.326 -128.556 -315.435 0.140692
3.92083 2.80702 320.361 -522.863 1404.28 -0.148393 -3.24497 -1.91487 -320.361 -163.763 -358.98 0.148393
4.3652 3.50886 320.415 -628.39 1560.67 -0.150644 -3.67553 -2.3783 -320.415 -227.606 -387.877 0.150644
4.72636 4.44715 320.372 -773.424 1704.4 -0.14791 -4.10105 -3.11933 -320.372 -326.627 -416.958 0.14791
4.82297 5.50737 320.297 -953.545 1812.74 -0.140818 -4.3952 -4.19503 -320.297 -456.902 -468.204 0.140818
4.68307 6.69644 320.249 -1149.45 1876.17 -0.130087 -4.4662 -5.36038 -320.249 -603.132 -541.37 0.130087
4.44993 7.74688 320.186 -1331.82 1897.89 -0.116479 -4.38852 -6.53859 -320.186 -744.606 -608.079 0.116479
4.28746 8.51358 320.098 -1465.69 1890.45 -0.100797 -4.33763 -7.45636 -320.098 -855.495 -631.599 0.100797
4.25984 8.83589 320.022 -1517.77 1856.08 -0.0838117 -4.34709 -7.86124 -320.022 -909.051 -599.984 0.0838117
4.19628 8.54809 319.965 -1468.74 1782.58 -0.0661906 -4.37116 -7.6623 -319.965 -887.317 -532.487 0.0661906
3.97874 7.7202 319.936 -1320.05 1653.76 -0.0485017 -4.22898 -6.79628 -319.936 -789.814 -456.335 0.0485017
3.60689 6.56413 319.957 -1103.65 1466.71 -0.0312585 -3.85367 -5.4523 -319.957 -642.878 -378.367 0.0312585
3.13425 5.29236 320.024 -871.568 1236.38 -0.0149204 -3.4051 -4.09358 -320.024 -492.657 -282.544 0.0149204
2.60081 4.27892 320.073 -680.126 967.903 0.000180728 -2.89569 -3.03926 -320.073 -383.534 -166.368 -0.000180728
1.96424 3.73355 320.128 -563.207 656.168 0.0139313 -2.207 -2.50157 -320.128 -342.95 -48.0633 -0.0139313
1.06306 3.84521 320.109 -538.868 298.402 0.0264416 -1.29555 -2.50808 -320.109 -384.313 45.4006 -0.0264416
-0.102288 4.50697 320.071 -613.575 -97.4973 0.0379655 -0.142478 -3.21388 -320.071 -508.159 103.486 -0.0379655
-1.46803 5.59921 319.971 -762.896 -522.285 0.0488368 1.23814 -4.4269 -319.971 -693.637 128.288 -0.0488368
-2.87671 6.90576 319.985 -938.568 -949.785 0.0594411 2.65804 -5.77501 -319.985 -903.538 143.878 -0.0594411
-4.17903 8.03144 319.859 -1093.65 -1352.39 0.0701971 3.95243 -7.03685 -319.859 -1095.22 168.31 -0.0701971
-5.28091 8.66632 319.747 -1176.2 -1708.28 0.0814901 5.05664 -7.84339 -319.747 -1221.98 202.849 -0.0814901
-6.24709 8.54735 319.712 -1145.79 -2015.16 0.0935263 5.99719 -7.91721 -319.712 -1245.72 231.981 -0.0935263
-7.04886 7.62247 319.617 -984.782 -2262.76 0.10625 6.75321 -7.0642 -319.617 -1148.32 252.68 -0.10625
-7.58062 5.96314 319.586 -709.016 -2440.61 0.119362 7.27154 -5.4196 -319.586 -943.972 277.527 -0.119362
-7.78836 3.95102 319.622 -371.073 -2535.8 0.132308 7.42466 -3.2619 -319.622 -676.004 320.004 -0.132308
-7.70916 1.92999 319.578 -39.4031 -2551.89 0.144317 7.27117 -1.12303 -319.578 -403.228 369.762 -0.144317
-7.47777 0.290544 319.572 217.019 -2509.25 0.154525 7.01308 0.513975 -319.572 -183.592 398.265 -0.154525
-7.23532 -0.533727 319.603 344.995 -2425.07 0.162096 6.75226 1.41444 -319.603 -60.9949 387.392 -0.162096
-6.98499 -0.371155 319.561 311.836 -2301.71 0.166275 6.4656 1.32378 -319.561 -64.682 342.385 -0.166275
-6.60393 0.801004 319.485 111.414 -2138.18 0.166431 6.16934 0.176815 -319.485 -201.293 277.721 -0.166431
-6.09525 2.50873 319.491 -213.548 -1931.52 0.162146 5.76176 -1.96299 -319.491 -435.457 204.762 -0.162146
-5.4493 4.32959 319.558 -565.713 -1678.64 0.153297 5.2091 -4.28408 -319.558 -685.212 126.732 -0.153297
-4.65812 5.9279 319.531 -840.139 -1382.93 0.140056 4.52312 -5.8077 -319.531 -864.518 46.4362 -0.140056
-3.68124 6.67171 319.61 -984.948 -1035.59 0.12276 3.58981 -6.49722 -319.61 -928.101 -22.4914 -0.12276
-2.57251 6.30306 319.729 -973.593 -645.62 0.101782 2.38955 -6.29714 -319.729 -856.964 -76.0535 -0.101782
-1.30818 4.97797 319.926 -801.776 -234.401 0.0775351 1.10427 -5.01877 -319.926 -650.651 -115.876 -0.0775351
0.106283 2.73819 320.051 -491.67 191.896 0.0505466 -0.276869 -2.92354 -320.051 -331.039 -135.055 -0.0505466
1.62606 0.026503 320.288 -95.6804 620.819 0.0214526 -1.75233 -0.243139 -320.288 56.2903 -127.914 -0.0214526
3.12022 -2.6761 320.594 312.425 1032.02 -0.00907766 -3.2252 2.55568 -320.594 447.399 -107.237 0.00907766
4.40353 -4.86904 320.69 640.021 1387.07 -0.0403519 -4.46983 4.82539 -320.69 768.106 -94.2872 0.0403519
5.3957 -6.09449 320.684 822.223 1673.07 -0.0715516 -5.41406 6.174 -320.684 959.817 -98.3662 0.0715516
5.97093 -6.15999 320.689 818.868 1872.55 -0.101661 -6.01451 6.27819 -320.689 987.754 -126.564 0.101661
6.16644 -5.08362 320.673 634.911 1983.37 -0.129521 -6.24567 5.17869 -320.673 855.512 -175.076 0.129521
6.04115 -3.05104 320.535 310.578 2007.22 -0.153916 -6.12672 3.18929 -320.535 595.435 -234.239 0.153916
5.62588 -0.658533 320.394 -83.4394 1950.6 -0.173666 -5.75926 0.597412 -320.394 265.23 -291.328 0.173666
4.94355 1.90185 320.266 -470.238 1821.68 -0.187741 -5.22978 -1.80421 -320.266 -68.9138 -338.617 0.187741
4.05288 4.01168 320.101 -785.359 1625.68 -0.195313 -4.52918 -3.81833 -320.101 -352.943 -374.111 0.195313
3.18197 5.32848 320.004 -982.247 1377.37 -0.195816 -3.61458 -5.20053 -320.004 -548.137 -385.688 0.195816
2.34026 5.8387 319.957 -1031.62 1098.89 -0.189016 -2.76296 -5.59764 -319.957 -630.504 -353.866 0.189016
1.67538 5.40419 319.949 -934.873 804.799 -0.17504 -1.95192 -5.14527 -319.949 -598.262 -274.979 0.17504
1.05727 4.15073 320.043 -709.793 498.14 -0.154353 -1.2035 -3.93898 -320.043 -465.812 -167.732 0.154353
0.408871 2.36153 320.072 -393.908 180.84 -0.127719 -0.406472 -2.13814 -320.072 -259.931 -61.3539 0.127719
-0.272865 0.280117 320.1 -37.0974 -139.907 -0.0961604 0.458914 -0.104222 -320.1 -18.6549 33.7005 0.0961604
-1.02357 -1.712 320.18 306.683 -451.639 -0.0609176 1.25954 1.87663 -320.18 214.961 119.171 0.0609176
-1.73502 -3.34498 320.256 589.917 -740.159 -0.0233772 1.98027 3.47981 -320.256 402.057 198.817 0.0233772
-2.34566 -4.48416 320.189 780.14 -996.368 0.0150256 2.67192 4.44641 -320.189 517.902 265.127 -0.0150256
-2.9233 -4.98236 320.149 867.643 -1213.99 0.0528697 3.28566 4.8148 -320.149 556.398 309.1 -0.0528697
-3.43169 -4.86858 320.082 858.031 -1386.58 0.0887549 3.83078 4.63242 -320.082 523.04 328.227 -0.0887549
-3.73345 -4.28989 319.952 764.424 -1497.02 0.121331 4.26126 3.92179 -319.952 429.345 332.048 -0.121331
-3.80834 -3.36299 319.838 612.229 -1532.07 0.149376 4.43035 2.89016 -319.838 296.979 331.598 -0.149376
-3.78428 -2.26688 319.778 433.681 -1493.26 0.171869 4.26321 1.773 -319.778 153.927 320.676 -0.171869
-3.68191 -1.25217 319.759 258.72 -1397.78 0.188022 3.9876 0.704956 -319.759 26.2254 280.399 -0.188022
-3.52364 -0.437605 319.75 113.642 -1260.16 0.197292 3.67395 -0.118758 -319.75 -66.7995 211.767 -0.197292
-3.12565 0.0850785 319.768 12.8098 -1074.14 0.199376 3.22642 -0.63709 -319.768 -117.305 149.11 -0.199376
-2.44179 0.284065 319.841 -37.0685 -835.95 0.194224 2.47541 -0.823895 -319.841 -123.569 119.967 -0.194224
-1.5752 0.176051 319.95 -40.4375 -563.994 0.182066 1.50595 -0.712613 -319.95 -88.4262 115.368 -0.182066
-0.666563 -0.211058 320.046 0.823425 -288.089 0.163453 0.593922 -0.315321 -320.046 -15.8113 104.605 -0.163453
0.105838 -0.757729 320.104 68.3999 -26.2965 0.139207 -0.207742 0.264824 -320.104 80.2395 72.1343 -0.139207
0.826381 -1.35043 320.198 143.09 220.594 0.110329 -0.909789 0.880124 -320.198 180.975 32.5338 -0.110329
1.5216 -1.891 320.266 206.125 450.087 0.0779611 -1.59939 1.3709 -320.266 267.706 4.78917 -0.0779611
2.19728 -2.28208 320.339 250.136 660.73 0.0434037 -2.27968 1.73575 -320.339 333.455 -8.36845 -0.0434037
2.75051 -2.48156 320.376 271.565 836.011 0.00811026 -2.82354 1.9782 -320.376 376.173 -23.8541 -0.00811026
3.05127 -2.5206 320.348 268.843 961.221 -0.0264143 -3.16974 2.04874 -320.348 394.767 -54.7464 0.0264143
3.13325 -2.4194 320.352 243.163 1033.45 -0.0587472 -3.28916 1.9384 -320.352 389.675 -97.4834 0.0587472
3.10601 -2.1884 320.334 202.875 1060.74 -0.0876172 -3.25391 1.72465 -320.334 365.32 -133.73 0.0876172
3.02784 -1.92354 320.296 159.723 1051.44 -0.11192 -3.16822 1.45145 -320.296 330.293 -148.223 0.11192
2.88079 -1.74052 320.263 129.944 1006.99 -0.130747 -3.03929 1.21246 -320.263 298.77 -143.974 0.130747
2.63023 -1.70278 320.248 130.413 924.808 -0.143429 -2.78956 1.17119 -320.248 286.852 -134.667 0.143429
2.2959 -1.89076 320.254 170.006 808.717 -0.149595 -2.40329 1.368 -320.254 303.21 -123.544 0.149595
1.86958 -2.31424 320.245 248.333 669.144 -0.14922 -2.02253 1.7839 -320.245 346.896 -101.574 0.14922
1.38271 -2.88439 320.277 354.556 512.006 -0.142624 -1.6692 2.37905 -320.277 410.054 -66.9179 0.142624
0.973693 -3.47232 320.299 470.555 339.552 -0.130427 -1.19018 3.05486 -320.299 477.746 -23.9544 0.130427
0.566241 -3.93051 320.271 569.794 155.258 -0.113472 -0.695064 3.62577 -320.271 528.112 28.6991 0.113472
0.140586 -4.13259 320.245 626.264 -33.8265 -0.0927782 -0.233838 3.90453 -320.245 541.588 88.4033 0.0927782
-0.340899 -3.99819 320.246 626.397 -227.508 -0.0694807 0.260157 3.81511 -320.246 509.017 139.841 0.0694807
-0.901775 -3.67603 320.238 578.767 -427.079 -0.0447365 0.860361 3.32103 -320.238 438.123 170.24 0.0447365
-1.47969 -3.21965 320.136 509.132 -617.414 -0.0196458 1.48408 2.70606 -320.136 352.161 185.557 0.0196458
-1.97267 -2.88433 320.087 454.029 -781.837 0.00475308 2.01237 2.17665 -320.087 281.678 201.221 -0.00475308
-2.31006 -2.74151 320.083 442.071 -908.961 0.0275024 2.35989 2.02282 -320.083 250.585 228.511 -0.0275024
-2.55721 -2.90402 320.05 481.882 -997.731 0.0477837 2.49516 2.24805 -320.05 267.15 261.466 -0.0477837
-2.69539 -3.29176 320.017 560.044 -1058.15 0.0649256 2.60745 2.76971 -320.017 321.149 285.311 -0.0649256
-2.76923 -3.75165 320.031 647.392 -1093.56 0.0783839 2.69553 3.37239 -320.031 388.207 297.097 -0.0783839
-2.7666 -4.10289 320.036 710.771 -1101.41 0.0877737 2.69794 3.8098 -320.036 439.422 304.935 -0.0877737
-2.68215 -4.09514 320.008 720.328 -1082.99 0.0929147 2.61614 3.95085 -320.008 449.229 310.705 -0.0929147
-2.61322 -3.61614 319.991 652.5 -1046.88 0.0938442 2.49339 3.61445 -319.991 398.564 302.545 -0.0938442
-2.64207 -2.65436 319.978 497.771 -1004.57 0.090812 2.44121 2.69826 -319.978 280.402 263.793 -0.090812
-2.76539 -1.21671 319.938 267.409 -961.138 0.0842732 2.51271 1.33337 -319.938 103.524 192.295 -0.0842732
-2.86028 0.501746 319.899 -12.3087 -906.032 0.0748617 2.60627 -0.353001 -319.899 -111.515 110.098 -0.0748617
-2.72549 2.08347 319.866 -293.938 -821.49 0.0633505 2.59553 -2.18868 -319.866 -326.473 47.0165 -0.0633505
-2.3721 3.37076 319.855 -514.516 -699.119 0.0506104 2.34353 -3.54 -319.855 -489.331 12.9438 -0.0506104
-1.84939 3.98276 319.84 -626.01 -544.332 0.0375421 1.93047 -4.17379 -319.84 -558.905 -5.50052 -0.0375421
-1.29533 3.70562 319.872 -607.877 -364.158 0.0249706 1.38797 -4.03226 -319.872 -516.273 -25.9228 -0.0249706
-0.614326 2.66427 319.954 -462.193 -159.638 0.0135469 0.818489 -3.01884 -319.954 -363.479 -48.291 -0.0135469
0.018616 1.00468 320.06 -218.267 62.5929 0.00371716 0.00708406 -1.37398 -320.06 -127.352 -60.1863 -0.00371716
0.667822 -0.835503 320.189 71.0462 287.996 -0.00424628 -0.883922 0.64701 -320.189 144.279 -61.3437 0.00424628
1.26774 -2.53527 320.281 332.509 487.789 -0.0102094 -1.62267 2.4344 -320.281 389.425 -66.221 0.0102094
1.74125 -3.67359 320.356 503.503 645.575 -0.0141531 -2.15436 3.60708 -320.356 554.157 -77.6203 0.0141531
2.11228 -3.91844 320.349 542.443 752.526 -0.0161496 -2.45095 3.95805 -320.349 601.75 -87.3314 0.0161496
2.38072 -3.26877 320.32 436.204 809.869 -0.0163397 -2.56718 3.31946 -320.32 520.786 -88.6492 0.0163397
2.36353 -1.80174 320.293 204.401 815.138 -0.014901 -2.58313 1.87196 -320.293 329.111 -94.0515 0.014901
2.06097 0.093272 320.207 -103.177 761.223 -0.0120073 -2.29179 -0.13111 -320.207 70.3135 -126.449 0.0120073
1.46802 2.08654 320.106 -420.625 656.077 -0.00782721 -1.76809 -2.18192 -320.106 -199.817 -183.635 0.00782721
0.822019 3.78511 320.056 -683.579 524.008 -0.00258123 -1.17598 -3.87695 -320.056 -429.916 -231.624 0.00258123
0.384701 4.81573 320.012 -840.857 391.647 0.00341865 -0.693789 -4.96125 -320.012 -579.887 -233.129 -0.00341865
0.144736 4.99077 319.934 -859.179 268.194 0.00980667 -0.44865 -5.19429 -319.934 -620.803 -180.516 -0.00980667
0.0036985 4.23369 319.95 -726.451 146.408 0.0162094 -0.309942 -4.47341 -319.95 -538.722 -99.7943 -0.0162094
-0.164678 2.6302 320.037 -460.752 16.5321 0.0222379 -0.141256 -2.91418 -320.037 -344.813 -19.3467 -0.0222379
-0.39843 0.420444 320.087 -98.2352 -127.215 0.0274657 0.101302 -0.750283 -320.087 -71.7756 54.7162 -0.0274657
-0.606002 -2.01457 320.147 301.512 -274.375 0.0314452 0.330606 1.64715 -320.147 230.697 137.893 -0.0314452
-0.722573 -4.28083 320.304 678.507 -421.666 0.0337771 0.52721 3.90758 -320.304 511.501 239.15 -0.0337771
-0.861287 -6.02112 320.294 976.335 -570.925 0.034202 0.708182 5.69719 -320.294 726.642 341.429 -0.034202
-1.13053 -6.96838 320.235 1153.3 -734.145 0.0326484 1.0653 6.7702 -320.235 843.296 413.149 -0.0326484
-1.594 -6.90857 320.284 1178.99 -910.126 0.0292265 1.63248 6.97141 -320.284 838.221 438.958 -0.0292265
-2.25247 -5.72741 320.209 1035.54 -1085.79 0.0241943 2.27133 6.18413 -320.209 695.708 425.788 -0.0241943
-3.09395 -3.74026 320.026 728.076 -1253.59 0.0179202 2.91216 4.17277 -320.026 422.238 377.977 -0.0179202
-3.9674 -0.995407 319.942 306.122 -1406.83 0.0108906 3.66439 1.51798 -319.942 59.6607 294.882 -0.0108906
-4.81089 1.92193 319.868 -157.001 -1535.23 0.00372435 4.42807 -1.4442 -319.868 -331.489 189.727 -0.00372435
-5.47933 4.38067 319.682 -573.75 -1616.68 -0.00292265 4.99577 -4.24762 -319.682 -679.326 91.5981 0.00292265
-5.79768 5.82355 319.561 -844.652 -1637.77 -0.00850839 5.30371 -6.19312 -319.561 -900.765 21.7995 0.00850839
-5.70514 6.05381 319.555 -892.558 -1590.13 -0.0126472 5.28116 -6.49369 -319.555 -930.012 -8.96391 0.0126472
-5.22006 4.91118 319.594 -705.809 -1469.98 -0.0150988 4.87037 -5.1611 -319.594 -757.151 1.27887 0.0150988
-4.34331 2.2907 319.676 -324.02 -1283.01 -0.0158206 4.16281 -2.80829 -319.676 -416.377 44.788 0.0158206
-3.18397 -1.11301 319.867 195.337 -1037.57 -0.0149804 3.182 0.527235 -319.867 43.4037 110.651 0.0149804
-1.9097 -4.85892 320.13 769.553 -749.88 -0.0128637 1.99882 4.24531 -320.13 553.618 180.447 0.0128637
-0.705169 -8.43358 320.319 1304.92 -441.89 -0.00981839 0.722656 7.66566 -320.319 1034.53 233.395 0.00981839
0.360106 -11.081 320.439 1704.57 -145.767 -0.0062591 -0.359513 10.3356 -320.439 1407.39 249.85 0.0062591
1.19376 -12.4422 320.512 1896.66 123.419 -0.00259327 -1.25808 11.6879 -320.512 1609.48 232.938 0.00259327
1.81277 -12.2292 320.567 1847.13 357.721 0.000900495 -1.99549 11.5313 -320.567 1605.21 196.293 -0.000900495
2.22775 -10.3713 320.503 1554.02 543.796 0.00410098 -2.47333 9.89237 -320.503 1390.15 140.471 -0.00410098
2.33865 -7.10273 320.43 1042.17 667.978 0.00701271 -2.6555 6.86368 -320.43 986.948 59.3366 -0.00701271
2.15557 -2.92079 320.364 370.669 727.036 0.00974496 -2.51023 2.72304 -320.364 449.143 -47.042 -0.00974496
1.77526 1.54329 320.274 -348.946 731.133 0.0124846 -2.12278 -1.77289 -320.274 -133.149 -162.398 -0.0124846
1.36462 5.60677 320.063 -992.598 703.724 0.0154518 -1.69728 -5.77697 -320.063 -661.718 -256.301 -0.0154518
1.03139 8.44133 319.92 -1451.51 662.547 0.0188212 -1.37954 -8.74841 -319.92 -1046.41 -309.657 -0.0188212
0.824454 9.73346 319.807 -1654.35 613.317 0.0226315 -1.16621 -10.0704 -319.807 -1223.39 -321.555 -0.0226315
0.724275 9.3296 319.753 -1576.74 557.249 0.0267595 -1.0651 -9.57057 -319.753 -1169.67 -294.906 -0.0267595
0.745882 7.31372 319.835 -1247.59 497.524 0.0309491 -1.08784 -7.53065 -319.835 -909.472 -229.014 -0.0309491
0.881153 4.20509 320.028 -732.801 429.795 0.0348586 -1.18566 -4.29061 -320.028 -501.759 -127.79 -0.0348586
1.02258 0.581782 320.17 -135.185 349.052 0.0381027 -1.34128 -0.562555 -320.17 -31.1718 -4.34376 -0.0381027
0.917548 -2.86733 320.3 431.215 232.845 0.040273 -1.43344 2.91922 -320.3 409.547 109.479 -0.040273
0.580699 -5.60741 320.36 868.029 60.5731 0.0410074 -1.12279 5.46801 -320.36 741.279 187.111 -0.0410074
-0.0456901 -7.12256 320.397 1120.96 -170.059 0.0401162 -0.47156 6.90154 -320.397 916.879 231.511 -0.0401162
-0.854158 -7.24506 320.366 1167.74 -439.359 0.0376434 0.340285 7.09494 -320.366 916.094 264.744 -0.0376434
-1.77433 -6.20075 320.255 1020.69 -737.421 0.0338407 1.28735 5.98908 -320.255 750.838 290.844 -0.0338407
-2.82716 -4.20046 320.213 732.562 -1051.83 0.0291319 2.35789 4.04561 -320.213 466.051 296.089 -0.0291319
-4.02761 -1.65361 320.121 365.399 -1376.28 0.0240945 3.57723 1.67041 -320.121 118.147 268.345 -0.0240945
-5.28239 0.82167 319.912 -6.90794 -1687.07 0.0193868 4.79219 -0.816645 -319.912 -230.478 219.77 -0.0193868
-6.34547 2.91829 319.775 -314.751 -1953.41 0.015604 5.85449 -2.84383 -319.775 -521.745 176.846 -0.015604
-7.05028 4.28243 319.685 -507.662 -2150.96 0.0131868 6.61619 -4.11187 -319.685 -711.229 160.946 -0.0131868
-7.31043 4.63293 319.57 -558.583 -2264.96 0.0124157 7.02122 -4.54431 -319.57 -774.027 178.037 -0.0124157
-7.1982 4.01845 319.502 -461.646 -2291.82 0.0133876 7.05179 -3.99548 -319.502 -701.919 216.64 -0.0133876
-6.71586 2.58482 319.543 -235.182 -2228.03 0.0159647 6.77936 -2.53567 -319.543 -507.976 262.549 -0.0159647
-5.96871 0.59426 319.58 73.433 -2074.95 0.0197775 6.17826 -0.500521 -319.58 -231.698 305.575 -0.0197775
-5.08906 -1.50462 319.641 398.041 -1840.13 0.0242728 5.24106 1.71288 -319.641 70.1957 335.148 -0.0242728
-4.16179 -3.31826 319.826 664.371 -1545.81 0.0287915 4.15602 3.55476 -319.826 334.911 333.796 -0.0287915
-3.16902 -4.41576 319.921 813.04 -1214.42 0.0326871 3.13456 4.68991 -319.921 510.527 295.797 -0.0326871
-2.21776 -4.62636 320.038 812.326 -864.054 0.0354292 2.09401 4.85589 -320.038 565.825 235.682 -0.0354292
-1.2437 -3.87239 320.175 659.988 -500.408 0.036632 1.02936 4.08187 -320.175 496.007 169.162 -0.036632
-0.174291 -2.28283 320.198 378.697 -136.985 0.0360545 0.0774205 2.51885 -320.198 319.09 100.361 -0.0360545
0.74162 -0.145856 320.232 11.1819 210.153 0.0336329 -0.855953 0.409043 -320.232 69.4148 22.8427 -0.0336329
1.51742 2.18299 320.221 -386.055 528.949 0.0294825 -1.62727 -1.89844 -320.221 -207.136 -70.2653 -0.0294825
2.21623 4.31901 320.265 -754.056 819.873 0.0238331 -2.21357 -4.047 -320.265 -461.804 -173.628 -0.0238331
2.85499 5.92187 320.286 -1033.68 1088.12 0.016973 -2.81146 -5.65922 -320.286 -649.442 -261.452 -0.016973
3.55785 6.70198 320.213 -1185.15 1339.42 0.00921453 -3.45519 -6.51889 -320.213 -736.327 -316.466 -0.00921453
4.34295 6.47586 320.199 -1179.93 1570.3 0.000853098 -4.10381 -6.45638 -320.199 -699.688 -338.535 -0.000853098
5.09221 5.27284 320.3 -1014.07 1773.24 -0.00785335 -4.76219 -5.38286 -320.3 -534.837 -336.567 0.00785335
5.75849 3.21283 320.372 -708.271 1940.45 -0.0166884 -5.36767 -3.44063 -320.372 -259.167 -318.721 0.0166884
6.28168 0.633981 320.391 -313.251 2062.07 -0.0254939 -5.87219 -0.935304 -320.391 84.5049 -290.864 0.0254939
6.69238 -1.86778 320.489 94.3721 2134.28 -0.0341605 -6.22503 1.75822 -320.489 431.737 -252.093 0.0341605
6.93156 -3.91798 320.571 427.015 2150.9 -0.0425485 -6.42868 3.89875 -320.571 708.008 -204.452 0.0425485
6.82728 -4.98702 320.529 613.712 2100.43 -0.0504195 -6.46405 5.10907 -320.529 852.524 -164.174 0.0504195
6.34078 -4.80091 320.404 608.605 1967.72 -0.0574296 -6.09506 5.09554 -320.404 828.664 -156.036 0.0574296
5.37362 -3.32554 320.321 398.207 1744.76 -0.0631228 -5.30053 3.73609 -320.321 627.227 -189.401 0.0631228
4.14663 -0.664048 320.248 5.26504 1445.95 -0.0669539 -4.09862 1.22033 -320.248 268.004 -243.968 0.0669539
2.93332 2.75076 320.133 -505.708 1109.64 -0.0683875 -2.74694 -2.08771 -320.133 -197.738 -280.923 0.0683875
1.75931 6.29134 319.971 -1043.15 757.496 -0.0669533 -1.45189 -5.64651 -319.971 -691.705 -288.197 0.0669533
0.828198 9.33802 319.882 -1492.73 419.973 -0.0622473 -0.169251 -8.63121 -319.882 -1118.37 -273.03 0.0622473
-0.0240862 11.0953 319.68 -1763.24 113.716 -0.0540657 0.950277 -10.6292 -319.68 -1393.37 -253.942 0.0540657
-0.950266 11.2184 319.583 -1782.64 -146.77 -0.0425795 1.71126 -11.0171 -319.583 -1448.13 -239.178 0.0425795
-1.57551 9.70122 319.628 -1524.97 -345.222 -0.0283301 2.33624 -9.46538 -319.628 -1259.83 -222.857 0.0283301
-1.99677 6.63936 319.737 -1032.85 -468.165 -0.0121546 2.47866 -6.42882 -319.737 -865.796 -182.203 0.0121546
-2.09543 2.69098 319.895 -391.98 -522.535 0.00484536 2.26309 -2.3803 -319.895 -344.689 -111.158 -0.00484536
-1.80193 -1.42197 320.105 269.891 -529.883 0.0214116 1.98359 1.77813 -320.105 195.285 -20.7974 -0.0214116
-1.3933 -4.951 320.213 825.582 -504.704 0.0363352 1.53887 5.20208 -320.213 649.87 77.8355 -0.0363352
-1.05894 -7.33179 320.223 1187.44 -467.857 0.0486303 1.0622 7.34991 -320.223 946.026 158.72 -0.0486303
-0.849415 -8.20734 320.24 1314.54 -446.107 0.057608 0.885308 8.06739 -320.24 1050.39 193.088 -0.057608
-0.827482 -7.56097 320.239 1208.03 -439.303 0.0629149 0.904181 7.37899 -320.239 962.961 186.766 -0.0629149
-0.830596 -5.61818 320.16 901.108 -432.314 0.0645508 0.984651 5.46508 -320.16 709.5 167.716 -0.0645508
-0.707072 -2.84714 320.085 459.412 -407.366 0.0628131 1.02182 2.68443 -320.085 344.532 155.436 -0.0628131
-0.516386 0.206911 320.046 -26.983 -359.767 0.058215 0.964682 -0.360146 -320.046 -55.2122 144.016 -0.058215
-0.27988 2.91094 319.985 -460.34 -289.556 0.0514283 0.902866 -3.0508 -319.985 -405.725 117.395 -0.0514283
-0.0792468 4.84941 319.896 -764.527 -188.478 0.043163 0.718677 -4.82759 -319.896 -641.406 72.5588 -0.043163
0.166229 5.833 319.884 -908.119 -51.6212 0.0339899 0.372655 -5.49291 -319.884 -737.461 22.0437 -0.0339899
0.542491 6.38258 319.965 -932.921 119.269 0.0242869 -0.135427 -5.06035 -319.965 -729.73 -19.9091 -0.0242869
0.902341 6.29438 320.051 -922.165 306.127 0.0143314 -0.80961 -4.79802 -320.051 -689.628 -56.0583 -0.0143314
1.2224 6.01676 320.066 -921.002 482.334 0.004396 -1.353 -4.83789 -320.066 -656.319 -106.343 -0.004396
1.46694 6.08119 320.085 -935.18 631.426 -0.00519981 -1.67173 -4.74183 -320.085 -637.615 -173.155 0.00519981
1.66227 5.99184 320.129 -965.937 757.566 -0.0141022 -1.94698 -5.04444 -320.129 -637.903 -230.55 0.0141022
1.94442 5.77789 320.146 -986.471 865.479 -0.0219867 -2.22612 -5.39452 -320.146 -637.194 -256.635 0.0219867
2.31533 5.07107 320.105 -934.114 954.977 -0.0285531 -2.51991 -5.36813 -320.105 -583.045 -249.386 0.0285531
2.72632 4.16615 320.103 -768.135 1024.14 -0.0334845 -2.80532 -4.14888 -320.103 -440.398 -217.29 0.0334845
3.00868 2.72907 320.201 -515.798 1066.84 -0.036535 -3.13904 -2.41501 -320.201 -232.004 -170.5 0.036535
3.19096 1.0736 320.26 -242.944 1071.68 -0.0376688 -3.32827 -0.669786 -320.26 -10.7295 -121.466 0.0376688
3.23896 -0.266568 320.25 -7.85549 1030.62 -0.0370278 -3.30966 0.876809 -320.25 173.649 -76.3344 0.0370278
3.08621 -1.30469 320.27 145.32 942.807 -0.0347889 -3.13892 1.65409 -320.27 284.289 -35.7892 0.0347889
2.72203 -1.65344 320.278 202.717 805.887 -0.0311331 -2.75626 1.8848 -320.278 311.139 -7.72295 0.0311331
2.1365 -1.58927 320.202 177.912 621.146 -0.0262849 -2.13139 1.46825 -320.202 266.159 0.753645 0.0262849
1.39617 -1.16258 320.187 106.153 404.587 -0.0204745 -1.34756 0.806109 -320.187 179.787 -4.58914 0.0204745
0.604957 -0.461141 320.132 23.4859 172.234 -0.0138773 -0.50318 0.260253 -320.132 81.3025 -10.3649 0.0138773
-0.13557 0.168166 320.05 -50.8243 -59.6958 -0.0066364 0.316233 -0.268405 -320.05 -12.5569 -5.58879 0.0066364
-0.796478 0.731319 320.02 -107.211 -276.61 0.00110164 1.05268 -0.63415 -320.02 -91.0598 7.80881 -0.00110164
-1.32997 1.23238 319.996 -147.157 -467.802 0.0091892 1.73241 -0.828966 -319.996 -152.155 22.2904 -0.0091892
-1.72387 1.6293 319.945 -183.773 -620.132 0.0174356 2.28985 -1.05102 -319.945 -205.418 36.0457 -0.0174356
-2.03646 1.99467 319.899 -231.985 -722.941 0.0255421 2.62635 -1.40163 -319.899 -261.202 44.3145 -0.0255421
-2.25199 2.40321 319.863 -297.394 -775.83 0.0331246 2.82637 -1.85977 -319.863 -321.704 36.7312 -0.0331246
-2.39028 2.78301 319.834 -373.717 -779.151 0.0397913 2.90008 -2.41599 -319.834 -381.391 9.29823 -0.0397913
-2.46156 3.22299 319.828 -449.379 -733.833 0.045182 2.78987 -2.84692 -319.828 -432.298 -30.1913 -0.045182
-2.41948 3.5499 319.838 -516.062 -645.503 0.0489848 2.50818 -3.23574 -319.838 -469.648 -71.212 -0.0489848
-2.29659 3.72746 319.868 -561.857 -528.32 0.0509626 2.09071 -3.48841 -319.868 -486.417 -109.554 -0.0509626
-1.96446 3.85114 319.897 -579.546 -392.956 0.0509728 1.70847 -3.43329 -319.897 -478.743 -140.774 -0.0509728
-1.43009 3.84131 319.921 -576.862 -241.061 0.0489554 1.26847 -3.26218 -319.921 -455.188 -150.755 -0.0489554
-0.768662 3.86236 319.949 -570.666 -76.3466 0.0449237 0.68752 -3.03395 -319.949 -431.334 -134.632 -0.0449237
-0.100985 3.95345 319.992 -580.759 86.4745 0.0390052 0.0837859 -2.94809 -319.992 -422.05 -112.404 -0.0390052
0.464119 4.07874 320.01 -615.153 234.016 0.0314721 -0.378972 -3.12797 -320.01 -432.048 -110.279 -0.0314721
0.802307 4.40607 320.032 -672.661 361.748 0.0227048 -0.742705 -3.38107 -320.032 -458.925 -135.699 -0.0227048
1.07492 4.64614 320.036 -740.631 473.661 0.0131292 -0.982672 -3.85548 -320.036 -494.815 -172.824 -0.0131292
1.40801 4.71268 320.056 -790.111 582.255 0.00320148 -1.2592 -4.29374 -320.056 -518.724 -192.571 -0.00320148
1.78743 4.55326 320.085 -784.39 692.756 -0.00657021 -1.71109 -4.29413 -320.085 -501.374 -182.071 0.00657021
2.13887 4.01642 320.099 -707.149 790.639 -0.0156546 -2.18965 -3.79277 -320.099 -427.793 -159.2 0.0156546
2.41985 2.94378 320.143 -560.121 859.348 -0.0235909 -2.48887 -2.96357 -320.143 -298.505 -143.507 0.0235909
2.55459 1.64423 320.211 -354.441 896.559 -0.0300518 -2.70908 -1.64902 -320.211 -124.368 -129.118 0.0300518
2.66463 0.330512 320.268 -126.842 903.78 -0.0348462 -2.85923 -0.116388 -320.268 61.6084 -98.597 0.0348462
2.93517 -0.940196 320.302 73.6247 886.316 -0.0379011 -2.86928 1.06845 -320.302 217.949 -40.5227 0.0379011
3.08761 -1.75336 320.31 214.743 843.306 -0.0392173 -2.93164 1.92159 -320.31 318.978 33.4605 0.0392173
3.06665 -2.03216 320.297 276.474 763.702 -0.0388338 -2.77933 2.29364 -320.297 351.854 87.6224 0.0388338
2.79792 -1.77539 320.27 246.638 645.822 -0.0368458 -2.32016 2.05961 -320.27 310.422 99.4758 0.0368458
2.27179 -0.970262 320.237 131.045 506.658 -0.0334181 -1.75901 1.30528 -320.237 199.47 80.4142 0.0334181
1.76591 0.253085 320.172 -48.8886 369.762 -0.0287508 -1.14775 0.160628 -320.172 35.3779 54.7614 0.0287508
1.30807 1.70274 320.089 -263.97 248.948 -0.0230481 -0.640474 -1.19629 -320.089 -157.295 35.1461 0.0230481
0.726458 3.12138 320.035 -478.954 145.969 -0.0165159 -0.334702 -2.56527 -320.035 -347.32 9.03748 0.0165159
0.0931122 4.32709 319.985 -662.033 47.5279 -0.00937618 0.100987 -3.71072 -319.985 -505.843 -47.9428 0.00937618
-0.55027 5.09732 319.937 -788.751 -45.1082 -0.00190465 0.6251 -4.54928 -319.937 -612.872 -124.991 0.00190465
-0.987525 5.30313 319.906 -837.119 -110.535 0.00554096 1.00163 -4.95793 -319.906 -653.775 -177.846 -0.00554096
-1.0912 5.00662 319.901 -792.015 -134.372 0.012564 1.06394 -4.7021 -319.901 -618.618 -178.182 -0.012564
-0.9874 4.09733 319.919 -655.561 -127.154 0.0188109 0.874442 -3.91202 -319.919 -508.147 -142.847 -0.0188109
-0.859866 2.68927 319.957 -443.663 -113.099 0.0240148 0.687769 -2.65562 -319.957 -332.9 -111.298 -0.0240148
-0.887152 1.02969 320.024 -183.958 -109.136 0.0279684 0.574097 -1.03518 -320.024 -116.023 -102.741 -0.0279684
-0.942201 -0.614063 320.088 76.9318 -115.185 0.0304727 0.542656 0.613109 -320.088 101.419 -100.167 -0.0304727
-0.849428 -2.00077 320.126 291.977 -122.139 0.0313731 0.49132 1.91154 -320.126 276.53 -72.3602 -0.0313731
-0.681477 -2.85365 320.152 429.799 -130.264 0.0306853 0.303875 2.72914 -320.152 381.445 -12.7354 -0.0306853
-0.463505 -3.09342 320.16 474.301 -153.095 0.0286551 0.23738 2.9642 -320.16 405.961 51.2596 -0.0286551
-0.430655 -2.74925 320.138 427.529 -200.847 0.0256785 0.327209 2.63263 -320.138 354.576 90.5652 -0.0256785
-0.565391 -1.88079 320.112 303.389 -268.086 0.0221963 0.585509 1.85793 -320.112 239.994 100.549 -0.0221963
-0.847393 -0.715022 320.077 125.686 -341.486 0.018658 0.855446 0.716921 -320.077 82.549 93.6263 -0.018658
-1.16155 0.578194 320.018 -70.2868 -411.329 0.0155205 1.11396 -0.519737 -320.018 -89.0442 80.1562 -0.0155205
-1.37214 1.78914 319.957 -250.545 -470.924 0.013217 1.40996 -1.63023 -319.957 -246.071 66.0599 -0.013217
-1.52192 2.69547 319.918 -388.361 -511.775 0.0120836 1.5974 -2.49702 -319.918 -365.874 57.8547 -0.0120836
-1.59064 3.22876 319.891 -467.855 -529.81 0.012287 1.67347 -2.983 -319.891 -434.473 54.8264 -0.012287
-1.60151 3.28071 319.877 -482.26 -526.794 0.0137992 1.67887 -3.10381 -319.877 -445.173 49.4663 -0.0137992
-1.54704 2.85 319.891 -429.488 -502.787 0.0164318 1.63532 -2.83278 -319.891 -395.994 39.764 -0.0164318
-1.41284 2.13664 319.933 -317.052 -454.145 0.0198853 1.47952 -2.07211 -319.933 -294.275 33.3626 -0.0198853
-1.1519 1.2767 319.986 -174.243 -379.373 0.0237672 1.19044 -1.06379 -319.986 -165.653 38.6441 -0.0237672
-0.839403 0.384935 320.045 -39.4646 -285.508 0.0276114 0.767317 -0.181096 -320.045 -42.6329 51.8256 -0.0276114
-0.529176 -0.304404 320.098 60.8371 -187.977 0.0309358 0.366045 0.478427 -320.098 53.0216 57.8614 -0.0309358
-0.322307 -0.657629 320.141 112.084 -100.558 0.0333011 0.0511725 0.864915 -320.141 109.222 46.4536 -0.0333011
-0.205395 -0.722785 320.154 109.203 -28.0344 0.034331 -0.170074 0.854257 -320.154 119.99 23.2612 -0.034331
-0.0794343 -0.48334 320.154 59.5392 30.5151 0.0337276 -0.308097 0.540731 -320.154 89.2828 3.23381 -0.0337276
0.0544511 0.00863684 320.141 -21.2191 75.8759 0.0313167 -0.444397 0.060614 -320.141 28.7805 -2.75364 -0.0313167
0.188576 0.632066 320.114 -117.341 104.175 0.0270854 -0.531275 -0.508415 -320.114 -48.3684 1.12312 -0.0270854
0.245777 1.22472 320.083 -212.174 110.261 0.0211838 -0.524158 -1.1097 -320.083 -127.014 2.33389 -0.0211838
0.229359 1.68881 320.057 -285.221 95.1948 0.0139062 -0.394985 -1.57731 -320.057 -189.337 -3.76803 -0.0139062
0.189715 1.9461 320.039 -320.594 69.725 0.00567538 -0.234936 -1.78838 -320.039 -222.01 -7.35818 -0.00567538
0.0939986 1.95117 320.033 -313.596 42.7161 -0.002985 -0.190279 -1.72726 -320.033 -220.853 -0.81577 0.002985
0.0400491 1.68337 320.044 -268.096 12.977 -0.0115075 -0.109272 -1.45892 -320.044 -188.44 9.2285 0.0115075
-0.0120954 1.16119 320.06 -190.325 -19.2173 -0.0193379 0.00148142 -1.03702 -320.06 -129.023 17.6624 0.0193379
-0.0875633 0.516389 320.083 -87.944 -49.0967 -0.0259762 0.0639168 -0.424637 -320.083 -48.7255 27.4131 0.0259762
-0.091577 -0.267079 320.111 27.5657 -72.9798 -0.0310254 0.124442 0.21615 -320.111 42.7185 41.8306 0.0310254
-0.0282992 -1.03025 320.137 143.799 -87.5335 -0.0342248 0.144992 0.889077 -320.137 135.159 62.5129 0.0342248
0.0983509 -1.66861 320.155 246.628 -90.6987 -0.0354405 0.128546 1.52363 -320.155 217.289 86.4093 0.0354405
0.292321 -2.16012 320.166 321.132 -81.497 -0.0346566 0.118576 1.96114 -320.166 277.772 106.815 0.0346566
0.455164 -2.32707 320.168 355.259 -58.3755 -0.0319826 0.0527395 2.23581 -320.168 307.806 116.948 0.0319826
0.557866 -2.23683 320.162 339.928 -22.7517 -0.0276357 -0.0283651 2.17429 -320.162 301.071 108.124 0.0276357
0.631715 -1.90586 320.15 277.332 23.877 -0.0219092 -0.0534804 1.79105 -320.15 259.869 76.038 0.0219092
0.693332 -1.32482 320.135 180.111 86.125 -0.0151517 -0.0955163 1.25122 -320.135 194.196 29.0771 0.0151517
0.826729 -0.673514 320.124 64.6618 170.305 -0.00775473 -0.208604 0.573668 -320.124 116.522 -19.0119 0.00775473
1.08323 -0.0928352 320.119 -46.8468 279.438 -0.000135828 -0.419797 -0.111295 -320.119 44.0863 -59.87 0.000135828
1.41166 0.323765 320.131 -129.064 411.292 0.00727734 -0.755487 -0.57928 -320.131 -2.28098 -94.872 -0.00727734
1.78553 0.356791 320.17 -162.802 562.471 0.0140523 -1.17208 -0.797353 -320.17 -5.08833 -130.81 -0.0140523
2.27073 0.0482807 320.231 -133.392 728.518 0.0197494 -1.58486 -0.549245 -320.231 46.3113 -165.975 -0.0197494
2.76271 -0.55376 320.273 -47.3344 907.918 0.0239242 -2.16522 0.116802 -320.273 144.438 -189.163 -0.0239242
3.29929 -1.42238 320.383 70.7492 1090.77 0.0261573 -2.82163 0.913421 -320.383 268.246 -198.29 -0.0261573
3.89949 -2.21624 320.441 191.595 1261.16 0.0261277 -3.381 1.80479 -320.441 392.204 -199.848 -0.0261277
4.42865 -2.84532 320.447 283.924 1412.49 0.0236667 -3.92696 2.47557 -320.447 488.695 -194.676 -0.0236667
4.93649 -3.19213 320.495 324.671 1538.66 0.018754 -4.35787 2.7444 -320.495 537.36 -184.209 -0.018754
5.30608 -3.09024 320.496 306.369 1631 0.0115337 -4.69661 2.68419 -320.496 532.082 -173.462 -0.0115337
5.51664 -2.65562 320.448 232.511 1685.27 0.00235817 -4.90093 2.22577 -320.448 476.166 -167.35 -0.00235817
5.59187 -1.96297 320.411 118.951 1699.85 -0.0082323 -4.91794 1.49683 -320.411 383.168 -168.482 0.0082323
5.52489 -1.14543 320.37 -7.85448 1677.22 -0.0195928 -4.80325 0.695314 -320.37 274.733 -172.281 0.0195928
5.32137 -0.377933 320.31 -121.581 1624 -0.0310481 -4.64314 -0.0230953 -320.31 172.578 -171.988 0.0310481
4.99651 0.155008 320.252 -199.24 1541.21 -0.0419298 -4.4186 -0.549387 -320.252 96.36 -169.185 0.0419298
4.59085 0.347185 320.223 -222.292 1429.79 -0.0516124 -4.07053 -0.751535 -320.223 62.1535 -167.502 0.0516124
4.09285 0.150186 320.208 -181.29 1294.19 -0.0595843 -3.66142 -0.557898 -320.208 77.9553 -163.997 0.0595843
3.59627 -0.449673 320.186 -78.9753 1141.08 -0.0655038 -3.19915 -0.0140996 -320.186 141.868 -150.557 0.0655038
3.12614 -1.35083 320.213 75.6437 976.137 -0.0691887 -2.74176 0.860157 -320.213 245.277 -120.793 0.0691887
2.73474 -2.46209 320.271 263.889 805.977 -0.0705862 -2.28724 1.92573 -320.271 373.39 -74.0013 0.0705862
2.33795 -3.65138 320.29 463.904 633.72 -0.0697614 -1.87204 3.05286 -320.29 510.021 -20.2011 0.0697614
1.91987 -4.7661 320.293 652.908 462.003 -0.0668789 -1.43733 4.12465 -320.293 638.785 27.1389 0.0668789
1.50838 -5.72515 320.324 813.029 295.934 -0.0621708 -0.969632 4.99721 -320.324 744.862 65.0211 0.0621708
1.10433 -6.42963 320.331 929.42 144.811 -0.0559161 -0.580789 5.59437 -320.331 817.661 100.537 0.0559161
0.734786 -6.81838 320.299 999.895 12.4513 -0.0484263 -0.279377 5.94519 -320.299 854.7 135.053 0.0484263
0.484006 -6.91858 320.298 1023.49 -99.7768 -0.0400294 0.0289105 6.01028 -320.298 855.169 165.753 0.0400294
0.318824 -6.78026 320.294 1004.69 -186.351 -0.0310575 0.262692 5.80137 -320.294 823.551 194.127 0.0310575
0.162332 -6.37051 320.245 951.875 -244.286 -0.0218452 0.348253 5.46588 -320.245 768.113 216.735 0.0218452
0.0590641 -5.76843 320.207 869.967 -278.908 -0.0127256 0.433971 4.99291 -320.207 693.831 223.82 0.0127256
-0.058274 -4.99256 320.196 759.418 -293.51 -0.00400769 0.498493 4.37058 -320.196 601.226 211.999 0.00400769
-0.15545 -4.04753 320.163 620.601 -287.878 0.0040483 0.536408 3.59308 -320.163 489.753 186.81 -0.0040483
-0.191215 -3.0254 320.118 459.562 -261.252 0.0112343 0.532776 2.63807 -320.118 363.5 155.642 -0.0112343
-0.155592 -2.02622 320.127 294.008 -214.961 0.0174028 0.478176 1.61967 -320.127 235.877 122.638 -0.0174028
0.00861302 -1.08348 320.1 143.664 -147.038 0.0224837 0.394533 0.757205 -320.1 123.896 90.9456 -0.0224837
0.253955 -0.453763 320.068 27.8317 -55.0892 0.0264693 0.20172 0.0379126 -320.068 43.6795 62.9192 -0.0264693
0.544874 -0.164381 320.088 -34.8137 59.9292 0.0293681 -0.113448 -0.329342 -320.088 10.8703 36.2646 -0.0293681
0.908454 -0.254806 320.138 -32.785 193.875 0.0311927 -0.475651 -0.243771 -320.138 34.3599 8.10957 -0.0311927
1.30192 -0.763203 320.175 29.4011 342.301 0.0319672 -0.923311 0.194025 -320.175 109.596 -17.7438 -0.0319672
1.817 -1.51888 320.233 137.115 503.749 0.0317014 -1.41392 0.959286 -320.233 222.812 -32.7057 -0.0317014
2.43151 -2.36553 320.342 264.516 677.567 0.0303652 -2.00636 1.87121 -320.342 350.869 -30.8086 -0.0303652
3.08917 -3.1698 320.4 379.505 851.17 0.0279138 -2.62142 2.6597 -320.4 467.25 -19.1597 -0.0279138
3.73203 -3.69009 320.434 454.855 1010.37 0.0243285 -3.13393 3.22823 -320.434 550.054 -10.1755 -0.0243285
4.24759 -3.85118 320.464 472.214 1150.26 0.0196238 -3.57382 3.41844 -320.464 583.691 -10.9526 -0.0196238
4.67141 -3.69191 320.462 427.926 1268.09 0.013841 -3.87122 3.14207 -320.462 564.637 -23.7133 -0.013841
4.95873 -3.20261 320.476 337.981 1365.65 0.00707194 -4.10306 2.60402 -320.476 505.272 -45.5942 -0.00707194
5.0802 -2.48416 320.436 222.037 1441.91 -0.000512578 -4.29154 1.95475 -320.436 422.454 -76.5901 0.000512578
5.01748 -1.57406 320.39 91.1659 1489.48 -0.0086746 -4.3756 1.29539 -320.39 325.256 -120.869 0.0086746
4.83085 -0.675114 320.356 -51.52 1504.34 -0.017137 -4.28718 0.460827 -320.356 216.046 -175.559 0.017137
4.54175 0.202325 320.304 -192.123 1488.06 -0.0255894 -4.10252 -0.39671 -320.304 104.552 -228.038 0.0255894
4.29289 1.01107 320.253 -312.323 1448.55 -0.0336877 -3.84268 -1.1057 -320.253 4.22952 -262.447 0.0336877
4.20821 1.43333 320.218 -391.84 1396.98 -0.041078 -3.53983 -1.72968 -320.218 -68.2549 -267.28 0.041078
4.14888 1.41011 320.188 -400.908 1342.78 -0.0474278 -3.3822 -1.93921 -320.188 -86.2318 -244.753 0.0474278
4.0368 0.943814 320.177 -318.154 1282.95 -0.052457 -3.27469 -1.44368 -320.177 -29.208 -217.005 0.052457
3.87322 -0.15336 320.205 -149.631 1214.57 -0.0559878 -3.08188 -0.487987 -320.205 100.574 -200.596 0.0559878
3.60655 -1.61822 320.251 84.8024 1141.94 -0.0579732 -2.93016 0.935416 -320.251 285.829 -188.95 0.0579732
3.36374 -3.25039 320.325 352.194 1069.75 -0.0584756 -2.83425 2.59438 -320.325 496.664 -166.195 0.0584756
3.26299 -4.79575 320.369 609.319 997.073 -0.057633 -2.72924 4.18423 -320.369 695.115 -123.668 0.057633
3.12812 -6.00999 320.409 812.021 919.848 -0.0556216 -2.71463 5.40077 -320.409 845.643 -68.4434 0.0556216
2.8724 -6.69715 320.392 930.592 820.875 -0.0526212 -2.58497 6.07721 -320.392 925.245 -25.7623 0.0526212
2.44158 -6.73521 320.373 949.581 689.239 -0.0488135 -2.20048 6.14844 -320.373 922.185 -12.8925 0.0488135
1.99726 -6.14548 320.338 868.331 535.311 -0.0443843 -1.59245 5.57499 -320.338 834.479 -12.1852 0.0443843
1.5488 -5.0417 320.292 705.342 384.074 -0.039496 -1.1182 4.46767 -320.292 676.255 4.64881 0.039496
1.14015 -3.64215 320.227 497.345 241.759 -0.0342619 -0.748334 3.08032 -320.227 479.379 33.5142 0.0342619
0.726451 -2.24363 320.143 288.802 101.637 -0.0287402 -0.292933 1.70202 -320.143 284.507 47.0561 0.0287402
0.229418 -1.11454 320.095 120.364 -32.4351 -0.0229742 0.193804 0.591762 -320.095 127.616 37.9366 0.0229742
-0.174029 -0.458417 320.081 23.4492 -140.803 -0.0170834 0.603207 -0.0693268 -320.081 33.1753 27.9926 0.0170834
-0.35837 -0.384042 320.06 13.6342 -208.463 -0.0112944 0.78768 -0.197706 -320.06 13.5579 41.8955 0.0112944
-0.298116 -0.87497 320.058 94.8687 -230.197 -0.00584899 0.708208 0.273873 -320.058 72.1931 83.8013 0.00584899
-0.0993751 -1.87151 320.108 253.9 -216.911 -0.000927728 0.476634 1.2473 -320.108 199.403 132.963 0.000927728
0.132701 -3.20072 320.185 462.066 -182.506 0.00330923 0.226973 2.54444 -320.185 372.841 168.541 -0.00330923
0.369316 -4.59364 320.243 680.58 -131.776 0.00667886 -0.0330455 3.93868 -320.243 559.286 190.015 -0.00667886
0.626672 -5.7807 320.276 866.819 -67.233 0.00903088 -0.342493 5.14488 -320.276 720.767 207.913 -0.00903088
0.917879 -6.36249 320.316 975.471 5.59347 0.0103242 -0.6734 5.98322 -320.316 818.439 225.589 -0.0103242
1.13427 -6.28099 320.325 967.905 72.7633 0.0106462 -0.951573 6.02427 -320.325 820.104 230.414 -0.0106462
1.13164 -5.48529 320.298 834.096 117.561 0.0102062 -1.07619 5.19495 -320.298 717.776 203.502 -0.0102062
0.926678 -3.96074 320.254 592.866 134.376 0.0093181 -0.969064 3.75112 -320.254 527.682 141.515 -0.0093181
0.580625 -2.06684 320.212 282.936 129.611 0.0083466 -0.741057 1.81075 -320.212 280.48 63.0339 -0.0083466
0.285728 -0.111661 320.138 -40.0543 115.343 0.0076507 -0.461899 -0.249957 -320.138 19.9546 -5.97991 -0.0076507
0.147637 1.67672 320.073 -316.801 104.718 0.00756403 -0.245518 -1.92631 -320.073 -206.726 -46.78 -0.00756403
0.0628849 2.93365 320.025 -507.928 100.193 0.00837106 -0.19238 -3.0793 -320.025 -365.761 -62.251 -0.00837106
0.0409925 3.51712 319.99 -595.715 96.3734 0.0102471 -0.134046 -3.60458 -319.99 -439.076 -70.0729 -0.0102471
-0.024239 3.49649 319.987 -580.306 89.9193 0.0132065 -0.0875863 -3.42579 -319.987 -425.509 -79.8457 -0.0132065
-0.148664 2.93827 320.016 -484.243 81.0206 0.0170985 -0.0988904 -2.76719 -320.016 -344.768 -87.3995 -0.0170985
-0.234512 2.11636 320.048 -345.73 67.8919 0.0216413 -0.109479 -1.84756 -320.048 -230.231 -85.2533 -0.0216413
-0.287164 1.27015 320.082 -206.088 46.1729 0.0264832 -0.127332 -0.963888 -320.082 -118.514 -68.6805 -0.0264832
-0.331027 0.6917 320.102 -104.142 10.402 0.0312695 -0.118527 -0.315312 -320.102 -42.1554 -40.6986 -0.0312695
-0.438769 0.555459 320.1 -68.7413 -47.0653 0.0356846 -0.0238635 -0.0866938 -320.1 -24.5157 -12.8171 -0.0356846
-0.647772 0.893874 320.077 -113.183 -130.532 0.0394665 0.218918 -0.406931 -320.077 -75.7421 4.79987 -0.0394665
-1.0057 1.53797 320.051 -223.053 -238.318 0.0424396 0.564119 -1.25655 -320.051 -182.869 10.1946 -0.0424396
-1.4193 2.42221 319.995 -358.67 -361.373 0.0445514 0.997789 -2.2 -319.995 -312.77 9.89464 -0.0445514
-1.81414 3.23839 319.935 -478.938 -487.361 0.0458407 1.43471 -3.0284 -319.935 -431.412 14.7606 -0.0458407
-2.15951 3.70027 319.899 -550.005 -607.131 0.0463621 1.79739 -3.59823 -319.899 -510.206 31.3707 -0.0463621
-2.44222 3.70905 319.878 -544.601 -718.494 0.046159 2.1069 -3.65619 -319.878 -525.263 56.4029 -0.046159
-2.67349 3.31683 319.867 -458.041 -819.095 0.0452732 2.37262 -3.07878 -319.867 -470.896 84.5211 -0.0452732
-2.87928 2.59332 319.88 -316.129 -907.65 0.0437348 2.58048 -2.12348 -319.88 -368.843 112.729 -0.0437348
-3.07192 1.70284 319.911 -164.344 -982.031 0.0415491 2.72654 -1.18693 -319.911 -255.133 137.683 -0.0415491
-3.24208 0.973625 319.92 -38.0237 -1046.08 0.0387256 2.89446 -0.38889 -319.92 -159.519 152.438 -0.0387256
-3.41382 0.575544 319.906 33.8663 -1099.7 0.0353241 3.07172 0.0723537 -319.906 -106.532 155.224 -0.0353241
-3.55923 0.506759 319.896 36.8973 -1139.04 0.0314668 3.23948 0.0135683 -319.896 -108.099 148.98 -0.0314668
-3.67272 0.761591 319.879 -17.5796 -1159.43 0.0273164 3.3595 -0.425931 -319.879 -154.505 135.436 -0.0273164
-3.73272 1.15835 319.848 -97.7546 -1156.96 0.0230626 3.42394 -1.02167 -319.848 -218.544 114.933 -0.0230626
-3.69232 1.63936 319.827 -172.173 -1126.74 0.0189104 3.41692 -1.43222 -319.827 -273.685 91.7109 -0.0189104
-3.5084 1.99652 319.826 -226.861 -1062.82 0.0150305 3.28062 -1.69185 -319.826 -308.641 74.4942 -0.0150305
-3.17867 2.08699 319.832 -255.332 -963.327 0.0115026 2.97644 -1.8632 -319.832 -318.247 67.3298 -0.0115026
-2.72232 1.9901 319.863 -250.079 -831.427 0.00832237 2.54608 -1.76677 -319.863 -295.455 64.5437 -0.00832237
-2.20874 1.68015 319.907 -211.177 -678.654 0.00543972 2.06238 -1.42882 -319.907 -240.269 57.0052 -0.00543972
-1.66638 1.14966 319.967 -146.99 -511.531 0.00275292 1.54462 -0.975139 -319.967 -161.518 44.2875 -0.00275292
-1.13805 0.573419 320.011 -70.63 -334.634 0.000100301 0.954973 -0.409186 -320.011 -71.9829 30.2258 -0.000100301
-0.617989 0.0370844 320.062 0.585286 -157.442 -0.00268581 0.374693 0.134208 -320.062 13.6196 13.3126 0.00268581
-0.123899 -0.342025 320.126 48.411 8.55271 -0.00570308 -0.128639 0.536056 -320.126 79.204 -7.36889 0.00570308
0.296057 -0.381979 320.161 56.7923 159.268 -0.00895125 -0.599609 0.75993 -320.161 109.099 -28.276 0.00895125
0.639182 -0.00722424 320.163 4.31225 285.023 -0.0123436 -0.961802 0.608171 -320.163 85.0284 -51.2321 0.0123436
0.89632 0.763201 320.175 -120.555 381.032 -0.0157083 -1.18231 -0.0857583 -320.175 -2.91326 -77.5714 0.0157083
1.01213 1.85193 320.174 -306.32 447.483 -0.018773 -1.31481 -1.254 -320.174 -145.114 -107.724 0.018773
1.02334 3.08333 320.128 -517.648 485.391 -0.0211786 -1.33131 -2.62174 -320.128 -311.459 -141.446 0.0211786
0.956512 4.18394 320.06 -706.592 496.712 -0.0225429 -1.25317 -3.86392 -320.06 -462.932 -173.729 0.0225429
0.868828 4.89748 320.038 -830.514 490.253 -0.0225317 -1.17052 -4.70499 -320.038 -564.895 -191.99 0.0225317
0.804758 5.12923 320.022 -863.486 470.875 -0.0209032 -1.13302 -4.91413 -320.022 -595.977 -187.415 0.0209032
0.748485 4.72077 320.002 -799.777 436.156 -0.017529 -1.12377 -4.57585 -320.002 -551.166 -162.341 0.017529
0.677802 3.74816 320.017 -645.999 380.673 -0.0124015 -1.06882 -3.69424 -320.017 -435.5 -125.31 0.0124015
0.569857 2.36016 320.068 -420.463 302.524 -0.00564116 -0.950043 -2.3501 -320.068 -264.023 -80.3729 0.00564116
0.42487 0.737069 320.137 -156.53 205.177 0.00249213 -0.803932 -0.778463 -320.137 -63.7165 -25.6614 -0.00249213
0.206742 -0.880255 320.162 110.153 82.8278 0.0116214 -0.600497 0.797429 -320.162 133.627 35.0375 -0.0116214
-0.0992526 -2.23623 320.169 338.115 -65.45 0.0213098 -0.291763 2.12636 -320.169 295.845 93.5505 -0.0213098
-0.535824 -3.15657 320.193 497.612 -239.865 0.0311063 0.147287 3.01838 -320.193 399.754 140.262 -0.0311063
-1.18142 -3.43897 320.252 570.077 -444.394 0.0405736 0.711998 3.43558 -320.252 429.017 168.447 -0.0405736
-1.98315 -3.08673 320.144 539.885 -670.728 0.049322 1.39636 3.1898 -320.144 372.395 178.362 -0.049322
-2.84663 -2.14602 320.082 410.663 -912.791 0.0570367 2.22368 2.27755 -320.082 232.465 174.263 -0.0570367
-3.77022 -0.677234 320.07 203.07 -1160.88 0.06349 3.07546 0.90252 -320.07 26.9365 163.907 -0.06349
-4.62436 1.04175 319.987 -47.8601 -1399.06 0.0685457 3.90994 -0.771641 -319.987 -215.077 156.269 -0.0685457
-5.4084 2.75691 319.819 -300.981 -1620.13 0.072161 4.6795 -2.47151 -319.819 -458.084 151.182 -0.072161
-6.10806 4.1836 319.744 -512.021 -1814.05 0.0743696 5.3332 -3.91168 -319.744 -663.532 148.081 -0.0743696
-6.64549 5.11961 319.732 -645.886 -1973.51 0.0752605 5.89068 -4.8347 -319.732 -799.734 148.134 -0.0752605
-6.95578 5.4213 319.621 -681.173 -2084.88 0.0749552 6.2547 -5.10802 -319.621 -847.955 161.266 -0.0749552
-7.03412 5.06611 319.556 -615.656 -2141.19 0.0735772 6.34532 -4.72213 -319.556 -805.767 192.852 -0.0735772
-6.83972 4.10005 319.612 -461.213 -2142.57 0.071235 6.24553 -3.7773 -319.612 -682.549 236.892 -0.071235
-6.45538 2.65756 319.644 -240.737 -2091.51 0.0680237 5.95986 -2.41986 -319.644 -496.201 283.191 -0.0680237
-5.90383 0.993324 319.644 15.1364 -1990.36 0.0640177 5.53755 -0.778326 -319.644 -271.772 323.653 -0.0640177
-5.21679 -0.716696 319.696 270.601 -1842.11 0.0592616 4.99869 0.863895 -319.696 -40.2001 353.754 -0.0592616
-4.48836 -2.22284 319.809 489.279 -1651.22 0.0537723 4.31107 2.29424 -319.809 167.733 368.961 -0.0537723
-3.6379 -3.26314 319.83 639.269 -1424.97 0.0475617 3.64175 3.37395 -319.83 325.703 363.987 -0.0475617
-2.8748 -3.78205 319.862 698.431 -1171.72 0.0406638 2.8601 3.86817 -319.862 413.656 335.753 -0.0406638
-2.27698 -3.69622 320.017 657.785 -910.216 0.0331496 2.07713 3.74385 -320.017 423.666 275.54 -0.0331496
-1.64802 -2.97934 320.072 523.081 -647.424 0.0251328 1.52437 3.09175 -320.072 359.344 185.181 -0.0251328
-1.05734 -1.77183 320.035 307.528 -377.411 0.0167651 0.910645 1.9219 -320.035 229.355 90.9246 -0.0167651
-0.456932 -0.237521 320.143 39.6495 -105.622 0.00823163 0.220027 0.40488 -320.143 53.7644 7.47873 -0.00823163
0.164861 1.49832 320.154 -249.393 158.748 -0.000240247 -0.432208 -1.18524 -320.154 -140.562 -71.0379 0.000240247
0.697619 3.11606 320.124 -524.976 403.177 -0.00838706 -1.02094 -2.74847 -320.124 -327.277 -151.814 0.00838706
1.15671 4.41367 320.16 -759.168 625.964 -0.0159439 -1.53831 -4.12562 -320.16 -481.821 -232.084 0.0159439
1.57592 5.31667 320.175 -918.651 822.213 -0.0226953 -2.01105 -4.99605 -320.175 -580.1 -298.188 0.0226953
1.99317 5.67351 320.181 -989.065 990.699 -0.0284905 -2.50151 -5.34744 -320.181 -612.657 -334.361 0.0284905
2.37272 5.48884 320.12 -970.987 1122.58 -0.033208 -2.97806 -5.18234 -320.12 -579.961 -341.569 0.033208
2.63871 4.88098 320.132 -875.72 1200.73 -0.0367465 -3.31525 -4.52641 -320.132 -491.623 -331.951 0.0367465
2.80353 3.9776 320.155 -727.842 1215.95 -0.0390414 -3.39972 -3.56744 -320.155 -368.903 -310.962 0.0390414
2.83546 3.00299 320.14 -560.597 1171.74 -0.0400477 -3.34321 -2.50747 -320.14 -240.504 -270.504 0.0400477
2.70084 2.031 320.133 -402.849 1070.81 -0.0397168 -3.19036 -1.63747 -320.133 -130.562 -211.676 0.0397168
2.42169 1.27341 320.142 -271.075 911.285 -0.0379845 -2.79306 -0.931535 -320.142 -49.6177 -150.892 0.0379845
1.85743 0.792746 320.174 -172.957 691.995 -0.0347584 -2.18044 -0.413541 -320.174 -2.54572 -103.148 0.0347584
1.07072 0.54035 320.147 -114.603 427.371 -0.0299475 -1.38477 -0.202884 -320.147 6.47976 -69.0657 0.0299475
0.0590889 0.557188 320.124 -97.366 130.486 -0.0235249 -0.522542 -0.258104 -320.124 -21.1172 -45.1339 0.0235249
-1.10953 0.717928 320.084 -105.258 -197.053 -0.0155294 0.444555 -0.516792 -320.084 -74.0524 -28.641 0.0155294
-2.34192 0.872487 320.056 -120.104 -547.997 -0.00601777 1.54141 -0.882741 -320.056 -134.712 -16.9045 0.00601777
-3.55089 0.932011 320.095 -109.32 -909.882 0.00492 2.65234 -1.05626 -320.095 -179.231 7.09607 -0.00492
-4.6145 0.702929 320.106 -57.1784 -1262.82 0.0170882 3.66256 -1.0054 -320.106 -190.565 57.8738 -0.0170882
-5.4345 0.150602 320.046 52.6914 -1594.85 0.0301659 4.56799 -0.556286 -320.046 -154.795 138.351 -0.0301659
-6.15017 -0.722035 320.037 221.362 -1905.02 0.0437361 5.32591 0.310572 -320.037 -70.5953 233.594 -0.0437361
-6.77887 -1.85856 320.106 425.205 -2183.17 0.0572973 5.95702 1.39871 -320.106 48.9183 327.946 -0.0572973
-7.2983 -3.12152 319.996 642.376 -2428.94 0.0702831 6.56049 2.5813 -319.996 187.182 409.906 -0.0702831
-7.65641 -4.31678 319.917 847.174 -2625.89 0.0821195 7.03515 3.73487 -319.917 323.75 485.303 -0.0821195
-7.941 -5.30354 319.946 1016.72 -2764.25 0.092267 7.21044 4.71372 -319.946 439.875 556.416 -0.092267
-8.14847 -5.98409 319.9 1131.99 -2855.13 0.100249 7.28895 5.37248 -319.9 519.253 605.458 -0.100249
-8.37607 -6.19992 319.808 1177.03 -2912.67 0.105719 7.38395 5.67242 -319.808 549.166 615.989 -0.105719
-8.59759 -5.88175 319.76 1139.58 -2939.3 0.108504 7.48747 5.50951 -319.76 516.72 595.373 -0.108504
-8.62192 -5.127 319.703 1017.18 -2925.35 0.108579 7.55651 4.73899 -319.703 417.487 567.952 -0.108579
-8.31565 -3.89537 319.592 826.507 -2856.31 0.10606 7.47569 3.61144 -319.592 265.346 555.329 -0.10606
-7.87154 -2.39725 319.508 594.417 -2731.28 0.101243 7.09367 2.26703 -319.508 84.3772 550.619 -0.101243
-7.32504 -1.09091 319.495 357.35 -2562.45 0.094564 6.67842 0.741273 -319.495 -90.1173 521.94 -0.094564
-6.68885 -0.0414959 319.5 165.219 -2351.78 0.0864911 6.31228 -0.384542 -319.5 -214.126 457.456 -0.0864911
-6.04232 0.521676 319.456 55.2807 -2087.62 0.0774388 5.66296 -0.885484 -319.456 -258.904 382.256 -0.0774388
-5.22009 0.572334 319.553 31.4685 -1766.97 0.0677208 4.72046 -0.764831 -319.553 -225.041 318.789 -0.0677208
-4.14187 0.225749 319.789 68.188 -1400.98 0.0575633 3.63152 -0.244916 -319.789 -135.99 268.518 -0.0575633
-2.93495 -0.331848 319.864 131.583 -1012.78 0.0471634 2.47548 0.405258 -319.864 -24.0394 224.539 -0.0471634
-1.75193 -0.896198 320.012 185.066 -616.299 0.0367081 1.24858 0.93355 -320.012 81.0913 179.132 -0.0367081
-0.642556 -1.22919 320.199 206.119 -231.176 0.026351 0.0943632 1.28137 -320.199 158.813 123.822 -0.026351
0.367183 -1.27211 320.291 178.834 124.806 0.0162264 -0.884847 1.28904 -320.291 193.31 57.7165 -0.0162264
1.31528 -0.951492 320.249 97.045 448.053 0.00648162 -1.72318 0.937761 -320.249 177.343 -5.14699 -0.00648162
2.09405 -0.243962 320.394 -32.7448 737.27 -0.00272853 -2.54876 0.319824 -320.394 114.429 -60.5301 0.00272853
2.70358 0.768767 320.419 -202.403 973.904 -0.0112495 -3.14885 -0.540396 -320.419 11.8541 -120.792 0.0112495
3.13437 1.8868 320.327 -394.211 1147.04 -0.0189059 -3.4428 -1.62584 -320.327 -116.576 -188.121 0.0189059
3.33278 3.02601 320.237 -583.78 1264.86 -0.0255147 -3.62327 -2.71382 -320.237 -250.672 -250.523 0.0255147
3.34937 3.97863 320.228 -740.728 1327.95 -0.0309516 -3.67932 -3.63617 -320.228 -366.189 -302.818 0.0309516
3.19049 4.44836 320.148 -837.113 1334.14 -0.0351615 -3.57726 -4.33229 -320.148 -439.213 -346.826 0.0351615
2.94137 4.39494 320.038 -841.899 1286.65 -0.0380982 -3.29476 -4.45525 -320.038 -444.525 -376.621 0.0380982
2.6803 3.80311 320.045 -742.198 1199.46 -0.0397285 -2.9688 -3.86397 -320.045 -372.294 -374.913 0.0397285
2.43315 2.67431 320.091 -552.622 1082.96 -0.0400998 -2.70165 -2.74134 -320.091 -234.689 -333.469 0.0400998
2.2402 1.21651 320.105 -305.566 938.622 -0.0393166 -2.38176 -1.27426 -320.105 -56.6977 -264.1 0.0393166
1.8639 -0.160013 320.158 -46.9706 758.391 -0.037464 -2.03083 0.379014 -320.158 125.012 -190.067 0.037464
1.2102 -1.15161 320.197 156.599 534.18 -0.0346228 -1.52211 1.70272 -320.197 257.943 -135.338 0.0346228
0.391303 -1.60183 320.246 247.161 270.953 -0.0309144 -0.732489 2.13207 -320.246 295.278 -106.453 0.0309144
-0.596516 -1.17209 320.143 204.786 -25.4288 -0.0264502 0.189918 1.74095 -320.143 218.49 -88.2864 0.0264502
-1.66896 -0.111973 320.073 46.8284 -338.479 -0.0212588 1.11835 0.497343 -320.073 41.8341 -66.6543 0.0212588
-2.70327 1.35835 320.052 -176.666 -662.253 -0.0152851 2.15453 -1.18148 -320.052 -192.123 -44.4263 0.0152851
-3.66833 2.90342 320.007 -397.5 -984.643 -0.0084232 3.22885 -2.76883 -320.007 -426.312 -19.0557 0.0084232
-4.53578 4.11522 319.855 -562.481 -1281.22 -0.000571534 4.13416 -3.9735 -319.855 -612.33 19.2671 0.000571534
-5.22559 4.7938 319.787 -635.29 -1536.73 0.00828897 4.83938 -4.51878 -319.787 -717.247 71.4599 -0.00828897
-5.76184 4.71387 319.76 -599.924 -1748.46 0.0180646 5.36936 -4.41826 -319.76 -726.308 127.718 -0.0180646
-6.19725 3.92788 319.755 -458.781 -1917.65 0.0285745 5.73706 -3.63275 -319.755 -639.047 179.765 -0.0285745
-6.50499 2.58549 319.733 -232.506 -2039.53 0.0395352 5.93516 -2.27545 -319.733 -473.01 227.793 -0.0395352
-6.6007 0.920501 319.772 35.9996 -2111.23 0.0505115 5.99039 -0.650214 -319.772 -263.413 277.309 -0.0505115
-6.47076 -0.701868 319.792 300.302 -2134 0.060953 5.8977 1.00661 -319.792 -51.2305 332.263 -0.060953
-6.17563 -1.91762 319.767 505.3 -2110.06 0.0703119 5.63844 2.35929 -319.767 116.969 388.804 -0.0703119
-5.8311 -2.54018 319.767 605.584 -2050.72 0.0781275 5.30087 3.02458 -319.767 203.798 428.618 -0.0781275
-5.49674 -2.41078 319.773 578.981 -1967.83 0.0840631 5.03392 2.88855 -319.773 191.809 433.254 -0.0840631
-5.19065 -1.49377 319.728 429.342 -1860.49 0.0879398 4.79952 2.03712 -319.728 84.456 404.727 -0.0879398
-4.81549 0.0235762 319.707 178.256 -1719.25 0.0897258 4.51065 0.549226 -319.707 -101.172 360.36 -0.0897258
-4.298 1.8947 319.708 -136.387 -1536.75 0.0894692 4.09306 -1.34453 -319.708 -333.63 314.203 -0.0894692
-3.61965 3.75089 319.677 -456.201 -1316.35 0.087285 3.58631 -3.29009 -319.677 -566.291 266.574 -0.087285
-2.85235 5.21533 319.706 -723.469 -1054.91 0.083382 2.91057 -4.91639 -319.706 -748.203 215.471 -0.083382
-2.02547 5.93521 319.793 -879.608 -758.286 0.0780067 2.12082 -5.82811 -319.793 -829.248 154.483 -0.0780067
-1.15865 5.68573 319.831 -885.419 -437.659 0.0713433 1.24116 -5.77429 -319.831 -779.494 88.4276 -0.0713433
-0.146322 4.54222 319.962 -733.626 -87.0171 0.0634788 0.214143 -4.61832 -319.962 -597.31 34.9304 -0.0634788
1.01503 2.6354 320.115 -461.713 279.643 0.0544225 -0.930815 -2.71373 -320.115 -315.564 4.19358 -0.0544225
2.26048 0.358082 320.332 -126.665 652.632 0.0441499 -2.17358 -0.402162 -320.332 16.0144 -6.48471 -0.0441499
3.44598 -1.89557 320.514 203.75 1006.42 0.0326661 -3.32305 1.84499 -320.514 339.435 -20.2847 -0.0326661
4.3816 -3.67235 320.608 459.526 1309.66 0.0200554 -4.2386 3.62409 -320.608 600.212 -53.8816 -0.0200554
5.09669 -4.6974 320.646 598.519 1560.58 0.00648752 -4.91301 4.6396 -320.646 757.614 -102.324 -0.00648752
5.65842 -4.77239 320.64 591.937 1754.14 -0.00777901 -5.30826 4.71457 -320.64 785.906 -156.343 0.00777901
6.03494 -3.90355 320.643 440.093 1898.66 -0.022354 -5.59191 3.84768 -320.643 685.493 -204.563 0.022354
6.16248 -2.27841 320.556 171.195 1988.48 -0.0367009 -5.72706 2.2082 -320.556 480.002 -255.928 0.0367009
6.03547 -0.215131 320.442 -162.336 2014.98 -0.0502072 -5.56059 0.141161 -320.442 213.377 -324.867 0.0502072
5.68639 1.92789 320.33 -503.245 1987.74 -0.0622668 -5.18883 -1.97804 -320.33 -65.0209 -402.257 0.0622668
5.26396 3.76976 320.247 -793.744 1926.57 -0.0723273 -4.77921 -3.8059 -320.247 -307.724 -461.965 0.0723273
4.92366 5.00822 320.145 -985.412 1847.3 -0.0799486 -4.4169 -5.04073 -320.145 -475.403 -484.874 0.0799486
4.66906 5.47067 320.072 -1049 1756.17 -0.0848532 -4.14685 -5.47845 -320.072 -542.572 -470.175 0.0848532
4.42898 5.09514 320.039 -977.528 1649.92 -0.0869223 -3.91099 -5.07935 -320.039 -501.45 -433.361 0.0869223
4.15499 4.01797 320.044 -788.897 1521.73 -0.0861922 -3.60662 -3.92821 -320.044 -366.26 -389.551 0.0861922
3.86357 2.5554 320.088 -527.802 1379.63 -0.0828796 -3.29124 -2.27224 -320.088 -174.175 -336.018 0.0828796
3.50176 0.936575 320.167 -252.757 1226.56 -0.0773541 -3.04694 -0.61946 -320.167 26.2068 -271.467 0.0773541
3.11395 -0.479681 320.169 -14.6889 1055.13 -0.0700498 -2.69712 0.756491 -320.169 193.918 -207.71 0.0700498
2.61813 -1.37211 320.194 152.457 859.203 -0.0613939 -2.20996 1.74496 -320.194 300.143 -155.128 0.0613939
2.01393 -1.65185 320.222 220.434 642.233 -0.051783 -1.60701 2.0881 -320.222 322.754 -114.087 0.051783
1.37975 -1.21167 320.206 176.721 417.727 -0.0415941 -0.930555 1.74262 -320.206 252.399 -80.5438 0.0415941
0.697929 -0.137255 320.105 30.4229 194.618 -0.0311864 -0.25799 0.740007 -320.105 96.9932 -54.7359 0.0311864
-0.0517568 1.35129 320.028 -189.143 -25.0418 -0.0208545 0.429662 -0.76052 -320.028 -117.671 -44.3859 0.0208545
-0.791589 3.05325 319.993 -439.582 -233.42 -0.0107864 1.17877 -2.41158 -319.993 -354.351 -52.7543 0.0107864
-1.4813 4.59462 319.891 -675.031 -415.584 -0.00110453 1.83934 -4.00332 -319.891 -574.08 -67.1243 0.00110453
-1.98939 5.7381 319.797 -849.277 -554.041 0.00806719 2.30518 -5.19486 -319.797 -739.064 -70.4541 -0.00806719
-2.25788 6.25729 319.779 -927.458 -641.46 0.016584 2.54377 -5.76988 -319.779 -819.837 -56.9226 -0.016584
-2.31957 6.02726 319.759 -892.994 -680.751 0.0242834 2.58089 -5.62704 -319.759 -800.101 -32.12 -0.0242834
-2.18574 5.07708 319.762 -745.58 -673.869 0.0309896 2.4549 -4.73456 -319.762 -679.774 -1.30269 -0.0309896
-1.82595 3.51188 319.848 -505.877 -620.133 0.0365147 2.17713 -3.25492 -319.848 -477.073 37.62 -0.0365147
-1.28831 1.56463 319.952 -209.73 -519.524 0.0406574 1.67692 -1.41216 -319.952 -222.558 87.9058 -0.0406574
-0.601763 -0.481468 320.028 100.415 -379.377 0.0432253 1.03007 0.536516 -320.028 47.699 141.67 -0.0432253
0.119743 -2.30816 320.127 378.621 -215.585 0.0440873 0.344571 2.3325 -320.127 295.818 182.561 -0.0440873
0.767736 -3.66271 320.261 581.209 -41.4939 0.0432107 -0.312137 3.67788 -320.261 485.469 198.363 -0.0432107
1.29504 -4.30351 320.283 672.754 132.484 0.0406603 -0.894487 4.36135 -320.283 586.275 186.001 -0.0406603
1.65102 -4.10508 320.286 632.312 297.138 0.0365987 -1.41512 4.23706 -320.286 579.761 149.139 -0.0365987
1.85845 -3.11257 320.316 460.61 441.018 0.0313079 -1.78429 3.25605 -320.316 464.648 89.4713 -0.0313079
2.095 -1.42668 320.312 182.477 561.78 0.025179 -1.89186 1.61302 -320.312 259.034 19.1262 -0.025179
2.22732 0.652754 320.275 -159.783 670.052 0.0186631 -2.07047 -0.465482 -320.275 -2.90143 -43.5929 -0.0186631
2.39649 2.78979 320.189 -509.975 765.351 0.0122278 -2.19331 -2.61264 -320.189 -275.242 -96.1328 -0.0122278
2.53528 4.59712 320.137 -808.341 845.49 0.0063258 -2.26438 -4.45593 -320.137 -507.346 -145.493 -0.0063258
2.63697 5.77237 320.117 -1004.52 914.834 0.00133857 -2.32708 -5.65513 -320.117 -656.207 -190.706 -0.00133857
2.79427 6.11697 320.079 -1067.27 980.894 -0.00249874 -2.413 -6.0168 -320.079 -696.111 -221.227 0.00249874
3.04155 5.59057 320.074 -990.879 1051.64 -0.00513493 -2.62342 -5.51183 -320.074 -622.668 -225.33 0.00513493
3.39633 4.30816 320.148 -792.464 1126.77 -0.00667237 -2.94326 -4.24394 -320.148 -450.548 -202.339 0.00667237
3.76282 2.49261 320.241 -508.824 1195.08 -0.00731282 -3.29561 -2.45042 -320.241 -209.809 -166.156 0.00731282
4.07054 0.466733 320.292 -190.542 1245.35 -0.00734101 -3.56542 -0.443399 -320.292 57.8751 -132.504 0.00734101
4.2692 -1.41164 320.345 104.788 1271.49 -0.00711582 -3.72181 1.41413 -320.345 305.363 -107.08 0.00711582
4.36467 -2.84334 320.4 329.513 1273.38 -0.00700575 -3.77953 2.80939 -320.4 491.396 -86.7632 0.00700575
4.39488 -3.60098 320.416 449.869 1252.35 -0.00730578 -3.72094 3.54051 -320.416 587.366 -69.9395 0.00730578
4.27667 -3.62199 320.379 454.882 1207.8 -0.00820066 -3.58073 3.53591 -320.379 584.755 -63.0442 0.00820066
3.97984 -2.99415 320.329 355.615 1137.46 -0.00975563 -3.29502 2.85862 -320.329 494.408 -77.4606 0.00975563
3.55092 -1.90933 320.275 183.626 1045.16 -0.0119218 -2.83824 1.72264 -320.275 343.737 -113.962 0.0119218
3.07119 -0.64278 320.223 -17.25 945.377 -0.0145784 -2.3485 0.405073 -320.223 169.169 -155.151 0.0145784
2.67309 0.423698 320.17 -195.042 855.14 -0.0175766 -1.94725 -0.826018 -320.17 13.1512 -181.179 0.0175766
2.35353 1.08985 320.116 -301.192 780.658 -0.0207527 -1.70108 -1.55634 -320.116 -83.5805 -189.027 0.0207527
2.13038 1.15668 320.091 -307.061 720.557 -0.0239534 -1.5255 -1.61837 -320.091 -96.4141 -186.988 0.0239534
1.90738 0.557905 320.114 -211.866 670.47 -0.0270796 -1.44733 -1.0656 -320.114 -24.272 -180.785 0.0270796
1.7577 -0.40202 320.15 -40.6008 626.827 -0.0300988 -1.39195 0.0836562 -320.15 110.941 -167.072 0.0300988
1.65154 -1.58879 320.203 159.435 586.139 -0.0330124 -1.41021 1.35617 -320.203 268.255 -139.31 0.0330124
1.55227 -2.66651 320.252 338.758 540.297 -0.0358143 -1.45477 2.46212 -320.252 406.242 -101.601 0.0358143
1.59444 -3.35675 320.256 459.984 482.408 -0.0384523 -1.29277 3.20945 -320.256 493.924 -61.3335 0.0384523
1.4408 -3.58614 320.253 502.015 412.497 -0.0408048 -1.23228 3.40794 -320.253 514.097 -22.758 0.0408048
1.16865 -3.37047 320.242 465.892 324.693 -0.0426915 -1.05008 3.06585 -320.242 469.217 -1.19248 0.0426915
0.825867 -2.7174 320.206 371.975 216.995 -0.043897 -0.638037 2.43677 -320.206 376.875 -3.38727 0.043897
0.435448 -1.87138 320.157 245.588 104.921 -0.0441884 -0.213145 1.59094 -320.157 257.475 -9.99014 0.0441884
0.127403 -1.02963 320.114 117.06 4.90936 -0.043349 0.1086 0.709668 -320.114 135.69 -1.70003 0.043349
-0.0972847 -0.333374 320.084 18.5014 -77.6363 -0.0412163 0.307147 0.0601445 -320.084 38.7421 19.146 0.0412163
-0.369758 0.0112611 320.052 -28.9956 -150.625 -0.037694 0.437756 -0.280897 -320.052 -13.3596 33.3895 0.037694
-0.642461 -0.0382053 320.045 -16.3998 -220.921 -0.0327676 0.665841 -0.233118 -320.045 -11.8023 30.7745 0.0327676
-0.874184 -0.432792 320.051 52.0751 -280.471 -0.0265534 0.863268 0.187216 -320.051 38.1491 27.8397 0.0265534
-0.960656 -1.071 320.067 159.299 -319.1 -0.0193136 0.910874 0.849835 -320.067 119.952 46.8596 0.0193136
-0.844039 -1.80317 320.095 281.206 -336.172 -0.0113815 0.850545 1.59919 -320.095 213.325 89.5146 0.0113815
-0.709119 -2.47639 320.131 393.643 -342.135 -0.00307654 0.710098 2.29431 -320.131 299.72 135.383 0.00307654
-0.657831 -2.92576 320.137 472.748 -348.906 0.00530013 0.644109 2.81424 -320.137 361.463 159.129 -0.00530013
-0.655745 -3.02701 320.139 495.503 -357.592 0.0134329 0.720322 2.99512 -320.139 379.702 157.028 -0.0134329
-0.672238 -2.71132 320.141 447.434 -356.275 0.021012 0.754127 2.71355 -320.141 340.989 148.426 -0.021012
-0.639139 -1.97139 320.123 329.875 -337.417 0.027803 0.679668 1.98827 -320.123 245.648 145.252 -0.027803
-0.608876 -0.892052 320.116 159.305 -308.405 0.0336943 0.570081 0.946734 -320.116 108.046 136.656 -0.0336943
-0.609534 0.343755 320.086 -39.1591 -277.514 0.0386828 0.545385 -0.27122 -320.086 -50.0357 109.393 -0.0386828
-0.635452 1.45779 320.041 -232.315 -242.652 0.0428192 0.553196 -1.52687 -320.041 -201.215 69.7958 -0.0428192
-0.6194 2.33371 320.017 -381.221 -196.068 0.0461605 0.472078 -2.45817 -320.017 -314.919 37.5032 -0.0461605
-0.43893 2.77187 320.01 -457.541 -134.137 0.0487595 0.304405 -2.91595 -320.01 -368.802 26.3154 -0.0487595
-0.0976506 2.63787 320.008 -446.597 -59.4641 0.0506725 0.0598048 -2.85459 -320.008 -351.381 36.9093 -0.0506725
0.208827 1.96137 320.033 -348.741 19.0338 0.0519401 -0.310869 -2.24071 -320.033 -261.769 56.9236 -0.0519401
0.497154 0.827732 320.084 -176.3 88.7432 0.0525526 -0.591756 -1.1425 -320.084 -109.947 70.03 -0.0525526
0.709931 -0.596608 320.152 43.2536 145.867 0.0524536 -0.814005 0.251133 -320.152 79.9286 76.2016 -0.0524536
0.801489 -2.08609 320.205 273.179 186.857 0.0515662 -1.04967 1.69443 -320.205 276.118 82.807 -0.0515662
0.86912 -3.37737 320.246 476.275 205.193 0.0498105 -1.16507 2.9763 -320.246 446.892 91.0687 -0.0498105
0.907871 -4.28674 320.283 620.294 197.55 0.047136 -1.146 3.86901 -320.283 564.717 101.52 -0.047136
0.831488 -4.65681 320.282 683.333 163.476 0.0435607 -1.06838 4.25291 -320.282 611.243 113.118 -0.0435607
0.67135 -4.40345 320.251 654.437 101.927 0.039169 -0.840129 4.08186 -320.251 578.495 118.097 -0.039169
0.400244 -3.61306 320.219 536.219 15.5874 0.0340812 -0.467321 3.31134 -320.219 469.944 110.719 -0.0340812
-0.0391294 -2.35024 320.163 346.802 -88.5358 0.0284564 -0.049264 2.11296 -320.163 301.783 90.0947 -0.0284564
-0.530327 -0.804599 320.101 115.876 -201.373 0.0225065 0.453769 0.670558 -320.101 98.5808 58.3103 -0.0225065
-0.986184 0.728581 320.044 -122.873 -312.502 0.0164764 0.993232 -0.88051 -320.044 -110.778 24.6685 -0.0164764
-1.3959 2.0525 319.962 -327.17 -406.821 0.0106118 1.39037 -2.20255 -319.962 -290.911 1.61228 -0.0106118
-1.66272 2.94776 319.908 -459.774 -476.895 0.00513493 1.68241 -3.03948 -319.908 -409.969 -9.6312 -0.00513493
-1.76845 3.17395 319.889 -496.427 -519.413 0.00020936 1.88562 -3.3151 -319.889 -446.214 -12.0856 -0.00020936
-1.67526 2.63221 319.888 -421.968 -526.425 -0.00408732 1.95934 -2.93202 -319.888 -386.294 -2.28447 0.00408732
-1.46498 1.52125 319.915 -238.885 -491.801 -0.00776151 1.76576 -1.72172 -319.915 -232.105 21.7832 0.00776151
-1.18567 -0.0740299 319.985 18.4341 -423.628 -0.0109112 1.40011 -0.0273897 -319.985 -11.465 47.3956 0.0109112
-0.929387 -1.87003 320.073 296.939 -339.413 -0.013725 1.01852 1.7654 -320.073 231.448 55.9969 0.013725
-0.634086 -3.41979 320.154 540.315 -248.531 -0.0164302 0.75006 3.38653 -320.154 448.766 47.2121 0.0164302
-0.328261 -4.42784 320.195 698.387 -149.522 -0.0192464 0.437002 4.47657 -320.195 595.504 38.3349 0.0192464
0.0103739 -4.69873 320.204 734.888 -44.976 -0.0223548 0.079123 4.76296 -320.204 639.938 35.2159 0.0223548
0.346014 -4.22768 320.215 644.229 54.0776 -0.0258261 -0.188876 4.18752 -320.215 578.508 24.1135 0.0258261
0.518622 -3.05016 320.207 448.572 141.152 -0.02957 -0.381136 3.00826 -320.207 431.688 -9.67792 0.02957
0.592645 -1.45142 320.169 186.896 216.313 -0.0333942 -0.432653 1.43158 -320.169 231.941 -66.3077 0.0333942
0.550707 0.24883 320.133 -94.4073 286.09 -0.0370809 -0.522842 -0.292909 -320.133 15.5948 -128.78 0.0370809
0.532052 1.87484 320.119 -349.574 354.683 -0.0403831 -0.65432 -1.78053 -320.119 -181.684 -180.709 0.0403831
0.615736 3.13139 320.1 -549.905 423.548 -0.0430151 -0.823027 -2.96061 -320.1 -335.422 -212.679 0.0430151
0.751456 3.89556 320.047 -672.956 484.622 -0.0447079 -1.02691 -3.68443 -320.047 -428.596 -224.247 0.0447079
0.976151 4.12823 320.043 -710.249 533.21 -0.0452577 -1.19247 -3.88858 -320.043 -454.787 -216.04 0.0452577
1.20342 3.70474 320.072 -659.789 568.446 -0.0445241 -1.40401 -3.67242 -320.072 -412.312 -187.5 0.0445241
1.40795 2.83553 320.083 -524.119 585.393 -0.0424175 -1.61192 -2.85731 -320.083 -303.248 -144.574 0.0424175
1.56746 1.5836 320.107 -321.981 577.641 -0.0388994 -1.73331 -1.61399 -320.107 -142.813 -96.132 0.0388994
1.5807 0.0796987 320.17 -84.8537 540.254 -0.0339877 -1.79909 -0.208709 -320.17 42.7842 -47.4511 0.0339877
1.43263 -1.38348 320.254 153.205 471.321 -0.0277502 -1.78348 1.22624 -320.254 225.855 -2.5524 0.0277502
1.25198 -2.52009 320.266 356.531 367.366 -0.0202811 -1.53248 2.52019 -320.266 375.734 38.3635 0.0202811
0.908986 -3.18757 320.257 484.355 231.554 -0.0116881 -1.23984 3.29701 -320.257 457.821 81.4376 0.0116881
0.408992 -3.23763 320.25 509.413 63.3961 -0.00209343 -0.838399 3.37316 -320.25 451.169 118.19 0.00209343
-0.149155 -2.66629 320.207 430.505 -138.421 0.0083757 -0.134494 2.75044 -320.207 356.658 136.179 -0.0083757
-0.868929 -1.54467 320.158 268.958 -358.226 0.0196027 0.620058 1.62836 -320.158 192.275 141.303 -0.0196027
-1.60282 -0.0964224 320.093 57.544 -581.16 0.0314656 1.40275 0.193979 -320.093 -15.0786 143.426 -0.0314656
-2.24369 1.39939 319.986 -166.035 -788.601 0.0437979 2.15647 -1.34178 -319.986 -231.913 147.809 -0.0437979
-2.82435 2.74415 319.914 -361.186 -969.964 0.0563704 2.77657 -2.6462 -319.914 -421.622 154.331 -0.0563704
-3.25404 3.6791 319.855 -494.204 -1112.44 0.0688922 3.27681 -3.54155 -319.855 -554.494 161.39 -0.0688922
-3.53361 4.03031 319.785 -545.132 -1208.05 0.0809884 3.59611 -3.93554 -319.785 -611.809 169.774 -0.0809884
-3.62959 3.77597 319.758 -503.974 -1248.93 0.092184 3.68748 -3.72 -319.758 -584.676 183.318 -0.092184
-3.45926 2.97595 319.784 -376.805 -1232.48 0.101931 3.5997 -2.91346 -319.784 -478.413 204.351 -0.101931
-3.04542 1.74668 319.817 -187.426 -1157.21 0.109648 3.28836 -1.70359 -319.817 -313.406 234.539 -0.109648
-2.50705 0.32366 319.854 28.3954 -1030.68 0.114741 2.7459 -0.304282 -319.854 -119.18 265.24 -0.114741
-1.98696 -1.04304 319.954 232.645 -870.785 0.116661 2.09734 1.05259 -319.954 72.2499 275.446 -0.116661
-1.48223 -2.11447 320.031 385.773 -697.819 0.114986 1.5786 2.10655 -320.031 227.874 251.581 -0.114986
-1.02703 -2.68119 320.073 458.982 -516.173 0.109465 1.09007 2.68186 -320.073 320.527 207.513 -0.109465
-0.579534 -2.58377 320.081 433.182 -325.833 0.100031 0.555025 2.67843 -320.081 331.597 160.421 -0.100031
-0.127942 -1.87969 320.154 306.697 -141.93 0.0868298 0.096608 2.00507 -320.154 257.865 109.24 -0.0868298
0.246445 -0.685213 320.149 97.8973 28.5626 0.070253 -0.263328 0.782891 -320.149 115.453 45.9438 -0.070253
0.47126 0.806171 320.075 -154.99 180.057 0.0509225 -0.534062 -0.698339 -320.075 -63.6483 -33.057 -0.0509225
0.596286 2.24765 320.078 -403.067 310.025 0.0296134 -0.686991 -2.18538 -320.078 -241.151 -122.169 -0.0296134
0.728027 3.33142 320.109 -601.862 431.052 0.00717978 -0.835794 -3.41948 -320.109 -379.202 -202.012 -0.00717978
1.055 3.96658 320.053 -709.018 551.508 -0.0154866 -1.00034 -3.97802 -320.053 -445.542 -250.699 0.0154866
1.43827 3.91142 320.054 -709.796 676.528 -0.0375061 -1.40515 -3.92097 -320.054 -428.506 -260.932 0.0375061
1.84319 3.22627 320.116 -609.273 792.548 -0.0580728 -1.84465 -3.23849 -320.116 -330.351 -254.038 0.0580728
2.1928 2.04776 320.176 -427.376 885.426 -0.0764818 -2.15018 -2.03947 -320.176 -166.829 -251.558 0.0764818
2.38355 0.653604 320.204 -203.231 949.517 -0.0921471 -2.3977 -0.54424 -320.204 28.8271 -251.861 0.0921471
2.49526 -0.743578 320.26 15.2721 984.904 -0.104634 -2.59287 0.842479 -320.26 214.81 -242.624 0.104634
2.59053 -1.82803 320.304 187.663 988.152 -0.113653 -2.67711 1.91492 -320.304 355.817 -219.841 0.113653
2.52571 -2.45352 320.287 288.588 952.317 -0.118993 -2.68668 2.50351 -320.287 431.316 -192.17 0.118993
2.2898 -2.62684 320.258 313.017 869.821 -0.120491 -2.4761 2.5451 -320.258 438.145 -174.753 0.120491
1.92831 -2.31637 320.257 272.502 742.508 -0.118077 -2.00913 2.22382 -320.257 386.913 -168.084 0.118077
1.4292 -1.72562 320.216 187.972 587.143 -0.111826 -1.52075 1.5981 -320.216 294.748 -156.532 0.111826
0.905278 -1.04827 320.178 88.6264 417.703 -0.101934 -1.03954 0.844648 -320.178 186.265 -133.525 0.101934
0.296341 -0.444855 320.131 6.73746 234.293 -0.0886991 -0.555098 0.221485 -320.131 90.0048 -109.411 0.0886991
-0.35968 0.00942649 320.087 -37.6346 34.296 -0.072529 0.0295796 -0.0878665 -320.087 23.497 -90.1434 0.072529
-1.02735 0.175031 320.079 -42.1153 -172.177 -0.0539722 0.607916 -0.199538 -320.079 -12.2331 -65.2007 0.0539722
-1.61759 0.1137 320.072 -15.3862 -377.602 -0.0337137 1.13426 -0.155297 -320.072 -23.5407 -22.532 0.0337137
-2.07201 -0.0449574 320.062 36.35 -576.16 -0.0125179 1.60279 0.0877898 -320.062 -16.82 41.3827 0.0125179
-2.38669 -0.258009 320.07 95.9204 -764.603 0.00887612 2.04326 0.366018 -320.07 -4.9242 119.559 -0.00887612
-2.74807 -0.505905 320.055 147.845 -942.4 0.0298022 2.38011 0.532335 -320.055 3.4162 195.388 -0.0298022
-3.13013 -0.657347 320.037 186.909 -1112.62 0.0496425 2.78417 0.663769 -320.037 5.52652 250.929 -0.0496425
-3.4841 -0.688037 320.017 210.211 -1265.78 0.0678515 3.20733 0.74483 -320.017 -1.47598 290.769 -0.0678515
-3.84039 -0.614565 319.983 211.47 -1391.9 0.084007 3.46848 0.677731 -319.983 -23.1081 326.852 -0.084007
-4.08791 -0.426604 319.939 190.813 -1489.75 0.0977953 3.67268 0.478266 -319.939 -58.7027 358.815 -0.0977953
-4.22117 -0.131678 319.907 153.717 -1559.7 0.109004 3.86046 0.211522 -319.907 -103.188 381.934 -0.109004
-4.33183 0.21715 319.87 104.792 -1599.71 0.117546 3.93406 -0.11233 -319.87 -151.986 395.065 -0.117546
-4.34946 0.592169 319.828 48.5063 -1610.31 0.123407 3.9826 -0.460813 -319.828 -200.82 396.036 -0.123407
-4.27415 0.976703 319.796 -11.3193 -1590.52 0.126593 3.98915 -0.804358 -319.796 -246.792 386.296 -0.126593
-4.09728 1.34286 319.767 -71.6276 -1536.26 0.127147 3.899 -1.13458 -319.767 -287.689 370.984 -0.127147
-3.78665 1.67915 319.737 -129.584 -1444.7 0.12518 3.71463 -1.42595 -319.737 -320.966 351.57 -0.12518
-3.3669 1.92665 319.74 -180.21 -1316.4 0.120849 3.43692 -1.67402 -319.74 -342.396 324.928 -0.120849
-2.89255 1.98991 319.761 -215.353 -1150.18 0.114329 3.02782 -1.86242 -319.761 -343.885 287.489 -0.114329
-2.4213 1.91883 319.793 -223.732 -952.611 0.105813 2.51846 -1.79823 -319.793 -315.931 232.92 -0.105813
-1.90363 1.68839 319.89 -208.081 -726.403 0.0954944 1.9685 -1.54057 -319.89 -260.755 162.433 -0.0954944
-1.30669 1.34753 319.988 -179.177 -478.581 0.0835531 1.36898 -1.20024 -319.988 -190.788 89.1097 -0.0835531
-0.612381 1.05511 320.036 -152.443 -209.623 0.0701827 0.635424 -0.844034 -320.036 -123.385 28.3001 -0.0701827
0.120109 0.858746 320.095 -147.648 67.8834 0.0556199 -0.167733 -0.663998 -320.095 -73.599 -25.3888 -0.0556199
0.80436 0.849684 320.183 -171.669 334.077 0.0401498 -0.898688 -0.671101 -320.183 -49.4031 -85.2715 -0.0401498
1.35671 1.09087 320.243 -231.17 576.814 0.0240999 -1.50319 -0.88344 -320.243 -55.9026 -159.266 -0.0240999
1.89761 1.4702 320.262 -320.936 794.47 0.00782982 -1.94422 -1.36422 -320.262 -91.2031 -233.651 -0.00782982
2.46895 1.92648 320.284 -420.74 992.196 -0.00827672 -2.38169 -1.94449 -320.284 -142.091 -284.286 0.00827672
2.97804 2.36003 320.281 -505.089 1168.98 -0.0238219 -2.91814 -2.3963 -320.281 -186.448 -308.739 0.0238219
3.43966 2.53795 320.239 -549.349 1312.37 -0.0384179 -3.30637 -2.63188 -320.239 -202.323 -328.307 0.0384179
3.73704 2.45378 320.232 -539.753 1413.54 -0.0517173 -3.52246 -2.47768 -320.232 -177.325 -354.62 0.0517173
3.87346 2.02079 320.249 -476.309 1478.41 -0.0634485 -3.69064 -2.02768 -320.249 -112.497 -375.075 0.0634485
3.99685 1.31734 320.25 -368.548 1512.35 -0.0734373 -3.8028 -1.33733 -320.25 -17.7525 -374.727 0.0734373
4.09196 0.475556 320.242 -231.694 1515.09 -0.0815736 -3.89401 -0.470893 -320.242 93.6018 -350.445 0.0815736
4.08878 -0.526786 320.257 -81.091 1480.13 -0.0877706 -3.90876 0.359626 -320.257 209.33 -313.958 0.0877706
3.9409 -1.46666 320.26 69.6987 1402.9 -0.091978 -3.76864 1.22203 -320.26 320.443 -278.801 0.091978
3.68497 -2.23598 320.265 206.243 1286.39 -0.0942085 -3.45921 2.03991 -320.265 414.566 -244.758 0.0942085
3.29561 -2.83105 320.26 309.73 1138.5 -0.0945295 -3.117 2.57641 -320.26 475.555 -203.552 0.0945295
2.75544 -3.08449 320.263 369.951 958.93 -0.0930272 -2.73628 2.86945 -320.263 494.809 -158.246 0.0930272
2.13174 -3.04403 320.27 382.767 744.133 -0.0897662 -2.14562 2.83556 -320.27 471.272 -120.409 0.0897662
1.38123 -2.81462 320.25 355.563 500.748 -0.0847944 -1.44328 2.47499 -320.25 412.845 -88.684 0.0847944
0.709728 -2.41506 320.228 312.159 250.287 -0.0781893 -0.674464 2.05729 -320.228 337.601 -48.1041 0.0781893
0.096113 -2.00659 320.163 271.456 4.26387 -0.0700773 -0.0158372 1.66363 -320.163 261.857 12.435 0.0700773
-0.491607 -1.75218 320.128 249.984 -229.779 -0.0605983 0.521913 1.3591 -320.128 202.216 82.3233 0.0605983
-1.05938 -1.64303 320.164 259.052 -457.477 -0.0498767 1.12893 1.3138 -320.164 170.799 138.74 0.0498767
-1.6579 -1.74831 320.119 299.469 -671.902 -0.0380577 1.72368 1.47599 -320.119 169.328 179.256 0.0380577
-2.18618 -2.02147 320.081 360.743 -858.349 -0.0253509 2.21915 1.76672 -320.081 190.061 216.486 0.0253509
-2.51915 -2.31865 320.068 429.935 -1007.51 -0.0120073 2.60442 2.16168 -320.068 221.497 260.887 0.0120073
-2.71199 -2.70258 320.056 494.106 -1116.7 0.00171624 2.8282 2.44107 -320.056 253.756 309.214 -0.00171624
-2.82332 -3.12123 320.016 552.543 -1187.45 0.0155612 2.94541 2.66115 -320.016 288.161 346.537 -0.0155612
-2.88758 -3.41492 319.999 607.731 -1224.45 0.0292631 3.04929 3.02002 -319.999 327.805 359.004 -0.0292631
-2.88314 -3.70662 319.992 649.563 -1220.8 0.0425351 3.06303 3.26738 -319.992 364.294 354.017 -0.0425351
-2.71802 -3.91855 319.97 670.868 -1168.27 0.0550599 2.91692 3.38134 -319.97 390.319 346.825 -0.0550599
-2.37408 -3.90811 319.981 668.748 -1067.2 0.0665227 2.60006 3.46174 -319.981 402.57 341.99 -0.0665227
-1.91384 -3.74165 320.019 634.986 -925.312 0.0766411 2.15903 3.34367 -320.019 394.939 331.378 -0.0766411
-1.42491 -3.40557 320.027 565.432 -752.847 0.0851606 1.66061 2.98807 -320.027 363.928 302.795 -0.0851606
-0.950105 -2.83262 320.056 461.058 -558.836 0.0918472 1.14 2.4689 -320.056 309.538 253.925 -0.0918472
-0.425253 -2.06124 320.094 323.16 -345.214 0.0964806 0.608527 1.75809 -320.094 231.989 194.354 -0.0964806
0.132193 -1.13862 320.169 158.74 -121.096 0.0988514 0.033649 0.868717 -320.169 133.038 135.365 -0.0988514
0.714072 -0.117258 320.154 -21.8244 110.269 0.0987843 -0.588514 -0.120563 -320.154 21.3639 79.5583 -0.0987843
1.23261 0.860318 320.14 -197.751 334.014 0.0961724 -1.19501 -1.10233 -320.14 -87.4927 19.8856 -0.0961724
1.7096 1.69979 320.212 -349.456 540.902 0.0909927 -1.67068 -1.92309 -320.212 -177.107 -48.0013 -0.0909927
2.21815 2.28837 320.241 -459.453 733.527 0.0832967 -2.05652 -2.48592 -320.241 -234.491 -110.147 -0.0832967
2.7354 2.54386 320.214 -514.509 916.909 0.0731852 -2.53604 -2.72696 -320.214 -251.651 -148.245 -0.0731852
3.27655 2.4458 320.251 -510.511 1084.81 0.0608103 -3.02764 -2.61232 -320.251 -224.808 -165.706 -0.0608103
3.72238 2.01994 320.285 -452.674 1225.66 0.0464295 -3.44993 -2.16693 -320.285 -156.103 -180.113 -0.0464295
3.94418 1.34914 320.26 -353.785 1326.72 0.0304325 -3.75224 -1.47022 -320.26 -56.3363 -204.778 -0.0304325
3.96937 0.574011 320.272 -236.246 1382.02 0.0132798 -3.88524 -0.673496 -320.272 54.4849 -236.93 -0.0132798
3.9277 -0.134933 320.301 -125.432 1394.47 -0.00454977 -3.85479 0.0562989 -320.301 152.706 -259.81 0.00454977
3.85155 -0.626109 320.29 -43.996 1369.6 -0.022518 -3.76775 0.573431 -320.29 217.784 -258.712 0.022518
3.76841 -0.813359 320.253 -5.87455 1308.2 -0.0399894 -3.57889 0.792493 -320.253 238.725 -237.002 0.0399894
3.5045 -0.694104 320.218 -13.7041 1206.63 -0.0562769 -3.30194 0.698784 -320.218 215.651 -214.267 0.0562769
3.03847 -0.338176 320.181 -59.387 1062.28 -0.0707081 -2.81005 0.343396 -320.181 158.031 -209.405 0.0707081
2.43723 0.155571 320.168 -126.032 885.989 -0.0826711 -2.14013 -0.152545 -320.168 80.9332 -218.155 0.0826711
1.79035 0.667562 320.156 -192.836 698.362 -0.0916715 -1.4878 -0.64694 -320.156 1.57493 -219.679 0.0916715
1.25069 1.03683 320.094 -237.294 518.657 -0.097378 -0.928972 -1.02313 -320.094 -62.2146 -199.989 0.097378
0.830353 1.11065 320.078 -241.138 353.875 -0.0996112 -0.46598 -1.18745 -320.078 -92.9052 -163.966 0.0996112
0.502562 0.843837 320.077 -189.588 207.953 -0.0983292 -0.0790104 -0.976353 -320.077 -74.9528 -122.293 0.0983292
0.248537 0.169996 320.074 -75.7386 82.1911 -0.0936692 0.236918 -0.371599 -320.074 -2.96973 -79.7028 0.0936692
0.105941 -0.871675 320.087 91.932 -14.8793 -0.0859926 0.432128 0.564245 -320.087 116.736 -32.0251 0.0859926
0.12947 -2.07907 320.129 294.24 -76.292 -0.0758545 0.484313 1.79595 -320.129 268.862 24.9686 0.0758545
0.187012 -3.27591 320.172 498.174 -105.446 -0.063915 0.336848 3.08509 -320.172 426.163 83.7198 0.063915
0.192262 -4.31936 320.204 664.472 -117.648 -0.0508725 0.155199 4.0935 -320.204 558.013 122.961 0.0508725
0.170378 -4.95974 320.224 767.29 -127.286 -0.0374409 0.144889 4.73646 -320.224 641.668 130.871 0.0374409
0.080774 -5.07468 320.228 788.158 -131.274 -0.0243146 0.136667 4.88941 -320.228 659.724 123.037 0.0243146
0.0586012 -4.65486 320.215 720.638 -124.306 -0.0121059 0.103294 4.46848 -320.215 605.08 117.728 0.0121059
0.0877333 -3.80378 320.195 577.951 -109.531 -0.00128843 0.0484867 3.53077 -320.195 487.853 115.203 0.00128843
0.0440956 -2.63914 320.166 388.971 -94.4074 0.00784322 -0.008473 2.33464 -320.166 333.807 102.092 -0.00784322
-0.0871946 -1.41245 320.127 189.574 -85.9469 0.0151783 0.0370575 1.08627 -320.127 173.57 68.0408 -0.0151783
-0.267734 -0.370213 320.097 15.3757 -81.178 0.0207403 0.129913 -0.0236507 -320.097 35.0494 23.6546 -0.0207403
-0.406911 0.384378 320.076 -105.464 -72.6119 0.0246316 0.151149 -0.75624 -320.076 -60.2068 -8.13261 -0.0246316
-0.390481 0.812859 320.066 -161.821 -57.1548 0.0270331 0.0923277 -1.02193 -320.066 -104.718 -12.609 -0.0270331
-0.234053 0.853413 320.07 -161.871 -38.5176 0.0282168 -0.0215197 -0.986817 -320.07 -105.46 8.02779 -0.0282168
-0.0975635 0.623761 320.084 -120.453 -25.6132 0.0285127 -0.178576 -0.711926 -320.084 -73.5649 37.7461 -0.0285127
-0.00621726 0.236861 320.101 -54.5345 -27.4215 0.0282663 -0.227435 -0.290162 -320.101 -21.9792 59.8765 -0.0282663
0.0043152 -0.329598 320.118 22.769 -43.953 0.0278244 -0.197014 0.0917285 -320.118 38.5201 73.4511 -0.0278244
-0.0129775 -0.858964 320.136 105.763 -68.2673 0.0275207 -0.154911 0.573619 -320.136 102.472 89.0469 -0.0275207
0.00223101 -1.31697 320.146 185.087 -95.6348 0.0276481 -0.11795 1.068 -320.146 161.544 113.144 -0.0276481
0.0173528 -1.62258 320.154 243.777 -126.035 0.0284444 -0.0884971 1.44696 -320.154 202.339 141.34 -0.0284444
-0.0208859 -1.64889 320.151 264.131 -163.197 0.0300876 -0.0107377 1.62193 -320.151 211.249 161.529 -0.0300876
-0.14384 -1.39145 320.134 232.801 -208.931 0.0326742 0.158131 1.43781 -320.134 178.438 164.761 -0.0326742
-0.337452 -0.860399 320.108 149.848 -259.129 0.0361903 0.397602 0.889362 -320.108 104.555 151.956 -0.0361903
-0.533149 -0.0959315 320.071 30.1134 -304.344 0.0405123 0.652472 0.120877 -320.071 1.56337 131.657 -0.0405123
-0.680349 0.811684 320.029 -108.12 -335.58 0.0454254 0.856771 -0.726311 -320.029 -115.169 111.803 -0.0454254
-0.760341 1.67009 319.988 -246.032 -347.654 0.0506232 0.987039 -1.60268 -319.988 -229.318 93.3488 -0.0506232
-0.781756 2.40397 319.959 -363.249 -338.738 0.0557154 1.05234 -2.32004 -319.959 -322.974 71.9022 -0.0557154
-0.791832 2.97332 319.944 -446.108 -308.699 0.0602595 1.03071 -2.74257 -319.944 -384.25 43.6664 -0.0602595
-0.716876 3.14683 319.942 -488.583 -256.331 0.0637842 0.969992 -3.02419 -319.942 -407.931 11.185 -0.0637842
-0.518042 2.91323 319.953 -476.656 -177.328 0.065819 0.808991 -3.00597 -319.953 -383.304 -15.3216 -0.065819
-0.187839 2.37071 319.984 -399.333 -69.2519 0.0659464 0.478608 -2.4589 -319.984 -302.351 -27.1729 -0.0659464
0.276274 1.40492 320.051 -264.463 61.8706 0.0638287 0.038693 -1.59647 -320.051 -171.627 -26.6736 -0.0638287
0.80434 0.187688 320.12 -88.7719 208.457 0.0592001 -0.472013 -0.464376 -320.12 -6.01442 -22.04 -0.0592001
1.27617 -0.967946 320.179 97.1707 357.472 0.0518896 -1.01242 0.863207 -320.179 168.798 -23.6763 -0.0518896
1.6415 -1.99377 320.244 250.741 495.008 0.0418737 -1.48817 1.91548 -320.244 317.12 -38.6998 -0.0418737
1.91527 -2.62767 320.303 339.391 612.369 0.0293147 -1.83856 2.53179 -320.303 410.077 -65.085 -0.0293147
2.08885 -2.75518 320.303 349.482 703.427 0.0145779 -2.08677 2.64325 -320.303 434.667 -94.6179 -0.0145779
2.13837 -2.47421 320.278 287.728 762.245 -0.00178275 -2.24548 2.22864 -320.278 395.327 -123.003 0.00178275
2.04208 -1.7911 320.263 176.203 781.53 -0.0190765 -2.26475 1.55393 -320.263 309.549 -153.371 0.0190765
1.78737 -0.915164 320.215 39.6605 756.178 -0.0365225 -2.11078 0.718923 -320.215 197.494 -187.377 0.0365225
1.40067 -0.0713422 320.155 -96.0747 687.904 -0.0532893 -1.81831 -0.17812 -320.155 80.2993 -217.858 0.0532893
0.968976 0.605537 320.121 -198.99 585.539 -0.0685486 -1.44906 -0.878081 -320.121 -16.8071 -232.045 0.0685486
0.527178 0.941741 320.107 -242.148 455.239 -0.0815262 -1.06195 -1.21725 -320.107 -71.7327 -222.47 0.0815262
0.194531 0.822682 320.092 -211.525 306.49 -0.0915475 -0.618822 -1.12199 -320.092 -71.1546 -186.824 0.0915475
-0.143385 0.242035 320.088 -104.633 145.375 -0.0980959 -0.250275 -0.55758 -320.088 -11.5991 -128.82 0.0980959
-0.509397 -0.725455 320.119 67.5803 -29.7488 -0.100862 0.113637 0.416933 -320.119 98.4359 -60.2673 0.100862
-0.853593 -1.83831 320.145 274.203 -214.517 -0.0997474 0.560674 1.67042 -320.145 235.722 8.99297 0.0997474
-1.21325 -2.9713 320.206 474.516 -403.198 -0.0948391 1.00893 2.82345 -320.206 367.647 79.7364 0.0948391
-1.59408 -3.8827 320.211 636.704 -587.151 -0.086368 1.38628 3.71849 -320.211 468.014 152.993 0.086368
-1.98186 -4.36527 320.17 736.608 -763.663 -0.0746881 1.77105 4.27343 -320.17 518.937 216.756 0.0746881
-2.38605 -4.38748 320.169 759.893 -933.939 -0.0602456 2.23759 4.34325 -320.169 509.093 260.079 0.0602456
-2.75991 -3.95652 320.13 703.318 -1085.89 -0.0435454 2.72294 3.88847 -320.13 437.029 286.823 0.0435454
-3.05407 -3.22341 320.046 585.94 -1207.02 -0.0251501 3.1204 3.00491 -320.046 319.553 307.18 0.0251501
-3.22799 -2.28196 319.957 443.534 -1284.36 -0.00565878 3.36514 2.05519 -319.957 187.205 323.518 0.00565878
-3.24886 -1.39408 319.909 307.512 -1312.46 0.0143356 3.49424 1.18581 -319.909 67.9096 329.766 -0.0143356
-3.18775 -0.774352 319.862 201.708 -1289.67 0.0342204 3.45766 0.495343 -319.862 -16.6652 321.249 -0.0342204
-2.95 -0.424051 319.831 142.635 -1212.28 0.0533079 3.29735 0.189246 -319.831 -52.9969 301.895 -0.0533079
-2.47164 -0.313973 319.844 126.991 -1073.54 0.0708646 2.94025 0.247518 -319.844 -44.9314 284.869 -0.0708646
-1.87969 -0.448097 319.897 135.418 -876.215 0.0861766 2.26464 0.414709 -319.897 -9.64756 272.156 -0.0861766
-1.19762 -0.611442 319.972 144.954 -641.097 0.0985926 1.52297 0.620418 -319.972 34.3536 244.451 -0.0985926
-0.477865 -0.648877 320.052 133.745 -382.237 0.107577 0.816868 0.740117 -320.052 68.2931 193.403 -0.107577
0.217421 -0.436494 320.137 82.156 -110.021 0.112742 0.0827181 0.615855 -320.137 70.8574 129.584 -0.112742
1.01941 0.147866 320.176 -28.5297 176.212 0.11384 -0.659324 0.127991 -320.176 25.6362 68.4309 -0.11384
1.84285 1.11725 320.21 -199.587 466.97 0.110788 -1.46026 -0.747457 -320.21 -71.4743 14.4337 -0.110788
2.59883 2.41088 320.333 -424.422 753.505 0.103737 -2.24141 -1.96942 -320.333 -212.264 -48.0195 -0.103737
3.10688 3.79792 320.346 -672.871 1012.43 0.0930741 -2.89629 -3.40362 -320.346 -373.849 -137.249 -0.0930741
3.48362 5.16935 320.304 -912.328 1235.52 0.0793601 -3.30523 -4.75521 -320.304 -530.148 -245.509 -0.0793601
3.84445 6.30877 320.273 -1111.51 1431.76 0.0632596 -3.64974 -5.86443 -320.273 -657.779 -338.678 -0.0632596
4.29656 7.03647 320.258 -1243.69 1610.79 0.045489 -4.09315 -6.60725 -320.258 -739.336 -387.143 -0.045489
4.78545 7.27475 320.212 -1292.36 1759.82 0.0267932 -4.53719 -6.84511 -320.212 -759.905 -400.299 -0.0267932
5.11142 6.95432 320.143 -1250.63 1858.8 0.00793993 -4.84074 -6.54098 -320.143 -710.917 -407.605 -0.00793993
5.12437 6.11306 320.113 -1124.26 1895.5 -0.0103292 -4.94201 -5.72602 -320.113 -596.656 -427.619 0.0103292
4.88639 4.84373 320.113 -931.893 1867.8 -0.0273885 -4.8114 -4.55209 -320.113 -434.022 -453.498 0.0273885
4.56189 3.327 320.122 -696.918 1787.34 -0.0427448 -4.5481 -3.15487 -320.122 -245.581 -458.611 0.0427448
4.1857 1.77137 320.125 -445.471 1660.97 -0.0559753 -4.27363 -1.67091 -320.125 -55.3325 -427.106 0.0559753
3.71514 0.334121 320.121 -205.563 1483.2 -0.0666934 -3.90178 -0.287349 -320.121 114.69 -372.199 0.0666934
3.14903 -0.795051 320.202 -4.77851 1256.06 -0.0745874 -3.30997 0.856976 -320.202 244.331 -313.894 0.0745874
2.3753 -1.46939 320.163 132.239 977.916 -0.0794584 -2.51927 1.61274 -320.163 315.214 -263.744 0.0794584
1.45052 -1.68476 320.197 192.207 658.576 -0.0812094 -1.58111 1.81816 -320.197 316.507 -215.84 0.0812094
0.496955 -1.37657 320.254 175.578 321.336 -0.0798364 -0.591009 1.55968 -320.254 250.93 -161.82 0.0798364
-0.454493 -0.66383 320.12 98.1844 -21.2744 -0.0754413 0.399652 0.920797 -320.12 132.071 -102.229 0.0754413
-1.40599 0.264759 320.028 -17.8673 -360.297 -0.0682302 1.37763 0.00786486 -320.028 -19.3157 -44.3744 0.0682302
-2.37693 1.16502 320.051 -139.719 -687.129 -0.0585041 2.31524 -0.992815 -320.051 -173.543 4.37542 0.0585041
-3.34894 1.88644 320.042 -228.812 -992.486 -0.0466554 3.15074 -1.73494 -320.042 -296.988 46.3965 0.0466554
-4.20063 2.24309 319.926 -260.482 -1262.36 -0.0331685 3.86846 -2.07758 -319.926 -366.822 87.6014 0.0331685
-4.88009 2.11477 319.88 -221.736 -1491.06 -0.0186239 4.42614 -1.97935 -319.88 -372.561 135.974 0.0186239
-5.39175 1.51667 319.908 -110.695 -1679.01 -0.00367432 4.80195 -1.41136 -319.908 -314.092 194.471 0.00367432
-5.69834 0.619957 319.913 56.3916 -1826.53 0.0110126 5.03725 -0.406873 -319.913 -204.873 262.82 -0.0110126
-5.69386 -0.434225 319.885 242.258 -1929.16 0.0247869 5.20742 0.718065 -319.885 -74.0619 341.009 -0.0247869
-5.61188 -1.4861 319.868 414.452 -1987.82 0.0370372 5.14554 1.71424 -319.868 51.364 420.298 -0.0370372
-5.47754 -2.25864 319.859 546.314 -2011.74 0.0472605 5.04181 2.53282 -319.859 150.713 478.645 -0.0472605
-5.31086 -2.67423 319.841 615.452 -2006.19 0.0551216 5.00268 2.97554 -319.841 206.29 502.958 -0.0551216
-5.13998 -2.60175 319.793 605.386 -1963.85 0.0604485 4.88767 2.96038 -319.793 203.611 502.245 -0.0604485
-4.89448 -1.93878 319.743 507.41 -1878.79 0.0632249 4.66208 2.47593 -319.743 134.834 485.844 -0.0632249
-4.54497 -0.739167 319.742 319.655 -1753.1 0.0636084 4.38337 1.44712 -319.742 -1.2461 451.77 -0.0636084
-4.1407 0.92236 319.726 50.6448 -1588.92 0.0619471 4.04894 -0.0847375 -319.726 -196.296 395.376 -0.0619471
-3.68981 2.70809 319.7 -263.582 -1391.33 0.0587508 3.69046 -2.01302 -319.7 -421.798 315.968 -0.0587508
-3.15281 4.43976 319.69 -571.047 -1154.45 0.0545901 3.23009 -3.86521 -319.69 -635.165 224.69 -0.0545901
-2.45905 5.89868 319.786 -825.771 -871.314 0.0500071 2.60883 -5.26435 -319.786 -795.832 133.402 -0.0500071
-1.60628 6.72183 319.805 -993.296 -549.08 0.0454922 1.83989 -6.16582 -319.805 -879.025 47.6573 -0.0454922
-0.602697 6.86712 319.873 -1055.85 -192.31 0.0414616 0.910867 -6.40178 -319.873 -872.006 -27.3959 -0.0414616
0.538998 6.35382 319.984 -1011.63 197.472 0.0381876 -0.186146 -5.92958 -319.984 -773.193 -90.9531 -0.0381876
1.70174 5.27761 320.183 -880.057 600.699 0.035739 -1.37446 -4.89306 -320.183 -597.938 -151.618 -0.035739
2.85511 3.81991 320.375 -687.252 1006.39 0.0340051 -2.57809 -3.48602 -320.375 -374.656 -213.904 -0.0340051
3.95892 2.30012 320.525 -482.862 1394.39 0.0327615 -3.71874 -2.01436 -320.525 -144.541 -274.895 -0.0327615
5.0045 1.04696 320.613 -313.699 1755.03 0.0316912 -4.79319 -0.747043 -320.613 52.3876 -326.709 -0.0316912
5.87793 0.298366 320.624 -219.1 2062.47 0.0304264 -5.71374 0.0264873 -320.624 178.839 -372.818 -0.0304264
6.49436 0.191707 320.6 -224.696 2296.93 0.0286544 -6.37761 0.110126 -320.6 211.999 -420.707 -0.0286544
6.79821 0.780156 320.521 -331.865 2444.36 0.0261639 -6.72246 -0.472326 -320.521 148.977 -473.493 -0.0261639
6.8139 1.95023 320.423 -523.346 2502.96 0.0228143 -6.76579 -1.62892 -320.423 2.3639 -523.308 -0.0228143
6.57003 3.48585 320.307 -766.224 2474.75 0.0185558 -6.55574 -3.16296 -320.307 -200.778 -561.019 -0.0185558
6.10129 5.11747 320.147 -1016.87 2364.46 0.0134781 -6.12447 -4.78867 -320.147 -423.384 -581.649 -0.0134781
5.49738 6.54304 319.993 -1227.72 2180.35 0.00777831 -5.4697 -6.19908 -319.993 -624.547 -580.757 -0.00777831
4.8098 7.4926 319.904 -1357.08 1937.41 0.00167585 -4.69181 -7.12905 -319.904 -768.192 -551.257 -0.00167585
4.04683 7.77075 319.843 -1375.71 1653.55 -0.00463605 -3.92726 -7.3964 -319.843 -828.71 -490.005 0.00463605
3.26323 7.31489 319.835 -1274.66 1338.2 -0.0109689 -3.11357 -6.93062 -319.835 -795.728 -407.509 0.0109689
2.4634 6.16741 319.87 -1062.29 1002.85 -0.0171018 -2.25751 -5.78461 -319.87 -674.715 -313.625 0.0171018
1.64831 4.51734 319.991 -768.618 659.125 -0.022825 -1.42028 -4.12847 -319.991 -487.856 -210.917 0.022825
0.729144 2.59404 320.102 -429.704 309.177 -0.0280194 -0.661752 -2.19724 -320.102 -266.565 -105.699 0.0280194
-0.231191 0.694288 320.128 -95.5394 -45.0775 -0.0326431 0.151543 -0.295329 -320.128 -48.2043 -10.1228 0.0326431
-1.21255 -0.917089 320.116 193.048 -409.724 -0.0366532 1.13307 1.32667 -320.116 133.159 68.3652 0.0366532
-2.27293 -2.01279 320.259 400.815 -774.163 -0.0399629 2.08722 2.4464 -320.259 247.433 139.177 0.0399629
-3.32033 -2.47669 320.227 505.552 -1125.67 -0.0424406 3.00517 2.91746 -320.227 278.682 204.249 0.0424406
-4.28166 -2.34216 320.138 509.267 -1462.26 -0.0439213 4.00365 2.73387 -320.138 228.868 255.3 0.0439213
-5.17996 -1.71327 320.023 432.714 -1769.63 -0.0442065 4.96453 2.06258 -320.023 116.616 291.842 0.0442065
-6.00976 -0.783122 319.961 306.841 -2028.41 -0.0430852 5.74208 1.12356 -319.961 -29.0086 316.509 0.0430852
-6.6583 0.157891 319.818 170.661 -2230.4 -0.0403798 6.40983 0.128239 -319.818 -174.108 326.825 0.0403798
-7.08982 0.894133 319.674 60.686 -2363.85 -0.0359626 6.8793 -0.668066 -319.674 -286.768 329.092 0.0359626
-7.22797 1.25461 319.601 5.50747 -2414.92 -0.0297744 7.0517 -1.06693 -319.601 -341.902 334.933 0.0297744
-7.03445 1.10504 319.566 21.4367 -2377.28 -0.0218809 6.89405 -0.992577 -319.566 -325.304 348.368 0.0218809
-6.5474 0.451466 319.537 110.019 -2254.53 -0.0125007 6.43756 -0.416138 -319.537 -235.201 362.927 0.0125007
-5.82692 -0.589783 319.581 257.038 -2056.81 -0.00198889 5.75177 0.593459 -319.581 -84.2953 369.918 0.00198889
-4.93458 -1.83762 319.674 431.158 -1793.76 0.00919169 4.86647 1.80878 -319.674 99.3911 365.688 -0.00919169
-3.88936 -3.02395 319.819 590.687 -1475.22 0.0205131 3.8279 2.96278 -319.819 279.805 350.574 -0.0205131
-2.73694 -3.86086 319.893 697.546 -1117.28 0.0314385 2.70741 3.83999 -319.893 421.88 323.661 -0.0314385
-1.58456 -4.19498 320.103 718.747 -741.551 0.0414796 1.56374 4.16514 -320.103 496.332 282.413 -0.0414796
-0.461078 -3.94853 320.21 641.824 -355.295 0.0502388 0.425696 3.84956 -320.21 491.447 225.679 -0.0502388
0.588696 -3.12504 320.263 475.499 22.8082 0.0574208 -0.606762 2.98914 -320.263 412.952 151.08 -0.0574208
1.54762 -1.83284 320.303 238.815 384.301 0.0628322 -1.5305 1.71242 -320.303 276.228 64.0932 -0.0628322
2.43092 -0.304052 320.414 -35.7849 728.524 0.0663633 -2.40478 0.172165 -320.414 104.758 -23.838 -0.0663633
3.24786 1.26781 320.476 -314.083 1049.45 0.0679501 -3.20447 -1.40164 -320.476 -74.1365 -109.02 -0.0679501
3.97943 2.65235 320.447 -559.971 1336.37 0.0675748 -3.90949 -2.79169 -320.447 -231.511 -186.454 -0.0675748
4.61752 3.59437 320.396 -740.679 1586.75 0.0652989 -4.52859 -3.84206 -320.396 -340.392 -253.523 -0.0652989
5.13308 3.94547 320.372 -825.048 1793.53 0.0612501 -5.06963 -4.32225 -320.372 -376.889 -306.28 -0.0612501
5.49181 3.66481 320.343 -797.741 1945.47 0.0555676 -5.50904 -4.08773 -320.343 -329.399 -341.891 -0.0555676
5.75361 2.73335 320.297 -664.138 2036.84 0.0483879 -5.78571 -3.23245 -320.297 -203.425 -354.835 -0.0483879
5.87762 1.30514 320.289 -444.963 2063.6 0.0398852 -5.93846 -1.87296 -320.289 -17.5566 -341.372 -0.0398852
5.82104 -0.373497 320.294 -173.797 2019.96 0.0303023 -5.93938 -0.190839 -320.294 199.613 -305.988 -0.0303023
5.54709 -1.99468 320.279 102.223 1899.36 0.0199395 -5.70491 1.53075 -320.279 409.343 -259.598 -0.0199395
5.02153 -3.3268 320.288 334.697 1697.25 0.00914489 -5.17946 2.90235 -320.288 569.789 -210.694 -0.00914489
4.36884 -4.04137 320.324 475.049 1433.55 -0.00167349 -4.40829 3.67516 -320.324 645.654 -154.524 0.00167349
3.4955 -4.07271 320.296 509.29 1116.71 -0.0120442 -3.50848 3.73087 -320.296 624.182 -96.0855 0.0120442
2.35977 -3.52258 320.259 443.88 748.258 -0.02146 -2.41204 3.06966 -320.259 513.721 -52.8063 0.02146
1.04993 -2.47518 320.28 307.891 340.724 -0.0293998 -1.05466 2.02089 -320.28 345.286 -33.6947 0.0293998
-0.357834 -1.26918 320.161 150.4 -79.4034 -0.0353737 0.338094 0.84326 -320.161 156.588 -21.3841 0.0353737
-1.7262 -0.207955 320.046 14.0577 -489.155 -0.0390294 1.6334 -0.221318 -320.046 -15.7997 0.434715 0.0390294
-2.93636 0.440588 320.089 -57.9244 -875.953 -0.0401832 2.82238 -0.894291 -320.089 -135.693 37.7644 0.0401832
-3.9754 0.507654 320.087 -40.7882 -1223.88 -0.0387662 3.81172 -0.989001 -320.087 -176.203 90.1479 0.0387662
-4.81145 -0.0870122 319.973 79.3747 -1522.87 -0.0348554 4.59427 -0.404254 -319.973 -124.882 153.2 0.0348554
-5.45186 -1.30035 319.954 293.91 -1775.05 -0.0287445 5.24214 0.79097 -319.954 10.6412 217.547 0.0287445
-5.74579 -2.94897 320.026 569.483 -1960.89 -0.0209273 5.70443 2.38529 -320.026 206.343 292.979 0.0209273
-5.78642 -4.76091 319.958 868.219 -2069.95 -0.012011 5.78874 4.17395 -319.958 430.832 383.473 0.012011
-5.62386 -6.42845 319.879 1144.52 -2108.92 -0.00264711 5.62751 5.89564 -319.879 647.021 469.236 0.00264711
-5.34343 -7.73972 319.93 1354.48 -2093.44 0.00649337 5.44082 7.21619 -319.93 819.466 521.544 -0.00649337
-5.05454 -8.40333 319.932 1462.06 -2026.19 0.0147656 5.17855 7.96806 -319.932 917.54 534.478 -0.0147656
-4.68474 -8.31945 319.84 1444.38 -1904.4 0.0216105 4.8152 7.95141 -319.84 920.567 519.488 -0.0216105
-4.17667 -7.49614 319.818 1299.33 -1729.31 0.0265751 4.34707 7.12291 -319.818 825.546 486.667 -0.0265751
-3.58056 -6.0105 319.85 1048.12 -1503.55 0.0293325 3.74507 5.67709 -319.85 650.727 435.571 -0.0293325
-2.97737 -4.109 319.874 725.932 -1238.55 0.0297258 3.06552 3.81954 -319.874 426.627 357.648 -0.0297258
-2.38186 -2.11819 319.925 381.822 -951.857 0.0277803 2.43214 1.82474 -319.925 191.508 250.342 -0.0277803
-1.74054 -0.278478 319.975 60.6051 -639.261 0.0236549 1.72589 0.00769523 -319.975 -18.7328 134.445 -0.0236549
-0.946359 1.15405 320.076 -195.948 -298.928 0.0176042 0.861278 -1.38751 -320.076 -173.187 36.0588 -0.0176042
0.0158352 2.02196 320.084 -360.574 59.1337 0.00998724 -0.119146 -2.19397 -320.084 -251.987 -38.8253 -0.00998724
1.03014 2.25773 320.147 -423.402 417.78 0.00125179 -1.17174 -2.36948 -320.147 -249.057 -96.2683 -0.00125179
2.02541 1.93971 320.322 -398.444 767.197 -0.00812153 -2.22142 -2.00103 -320.322 -174.404 -147.732 0.00812153
2.93728 1.2136 320.447 -307.008 1086.21 -0.0176545 -3.15989 -1.2412 -320.447 -50.0588 -197.156 0.0176545
3.73107 0.209975 320.434 -183.144 1361.14 -0.0268718 -3.98577 -0.391342 -320.434 95.2818 -236.118 0.0268718
4.45906 -0.845767 320.48 -47.4608 1590.53 -0.0352908 -4.71417 0.4974 -320.48 242.049 -253.416 0.0352908
5.06407 -1.65617 320.545 77.7404 1762.02 -0.0424271 -5.29425 1.4283 -320.545 369.802 -252.4 0.0424271
5.40635 -2.28159 320.487 165.189 1857.37 -0.0478112 -5.65215 1.99259 -320.487 455.189 -245.847 0.0478112
5.45687 -2.55703 320.404 200.359 1868.49 -0.0510036 -5.70106 2.17105 -320.404 485.965 -242.507 0.0510036
5.21487 -2.40804 320.376 184.016 1795.95 -0.0516209 -5.45554 2.04533 -320.376 462.417 -240.936 0.0516209
4.7307 -1.90781 320.313 121.081 1647.55 -0.0493726 -4.97502 1.60464 -320.313 388.686 -233.009 0.0493726
4.04428 -1.15032 320.233 18.6626 1434.49 -0.0440856 -4.32799 0.859864 -320.233 272.902 -214.141 0.0440856
3.2104 -0.192124 320.181 -104.154 1168.98 -0.0357084 -3.52938 -0.00271806 -320.181 131.258 -186.419 0.0357084
2.25867 0.840176 320.124 -233.465 851.07 -0.0243249 -2.49808 -0.917063 -320.124 -22.1589 -157.335 0.0243249
1.17413 1.79025 320.143 -351.416 498.45 -0.0101958 -1.41416 -1.81016 -320.143 -171.888 -120.578 0.0101958
0.020673 2.53261 320.08 -439.319 131.762 0.00621833 -0.354653 -2.56174 -320.08 -300.915 -76.2868 -0.00621833
-1.0455 3.01167 319.984 -478.774 -244.875 0.0243127 0.823271 -2.9832 -319.984 -392.162 -26.6081 -0.0243127
-2.0606 3.11219 319.965 -460.89 -612.235 0.0434007 1.90678 -3.06395 -319.965 -436.242 34.9271 -0.0434007
-3.01356 2.83742 320.05 -383.174 -959.768 0.0627056 2.80381 -2.7719 -320.05 -431.465 112.78 -0.0627056
-3.78898 2.25382 320.033 -258.987 -1275.22 0.0813624 3.62975 -2.16444 -320.033 -382.464 194.733 -0.0813624
-4.47608 1.41939 319.936 -101.668 -1555.64 0.0984819 4.35517 -1.34335 -319.936 -299.125 269.182 -0.0984819
-5.1012 0.469911 319.918 71.678 -1798.02 0.113202 4.97857 -0.392692 -319.918 -196.29 329.54 -0.113202
-5.5808 -0.414818 319.969 231.536 -1988.05 0.124729 5.45015 0.517408 -319.969 -95.2871 380.867 -0.124729
-5.88558 -1.12015 319.852 355.866 -2121.2 0.132412 5.76295 1.22132 -319.852 -14.8035 423.931 -0.132412
-6.06332 -1.57155 319.727 429.817 -2198.63 0.1358 5.92693 1.60828 -319.727 33.0897 451.49 -0.1358
-6.17426 -1.71833 319.738 451.907 -2225.28 0.134641 5.99312 1.71693 -319.738 48.1219 452.346 -0.134641
-6.18509 -1.58106 319.71 427.071 -2201.06 0.128893 5.99852 1.58923 -319.71 34.4439 425.872 -0.128893
-6.0392 -1.25842 319.602 365.134 -2120.88 0.118726 5.87353 1.2428 -319.602 -0.869155 385.288 -0.118726
-5.74945 -0.792018 319.57 280.302 -1982.84 0.10451 5.51719 0.808988 -319.57 -46.8923 341.486 -0.10451
-5.32938 -0.31112 319.647 188.445 -1795.97 0.0867782 5.0097 0.353585 -319.647 -91.1517 289.875 -0.0867782
-4.77033 0.0797727 319.705 102.97 -1569.3 0.0662087 4.44813 -0.0562349 -319.705 -122.107 226.603 -0.0662087
-4.15178 0.311983 319.7 40.6585 -1312.8 0.0435857 3.78525 -0.302853 -319.7 -129.472 156.959 -0.0435857
-3.45261 0.385497 319.79 5.38456 -1030.63 0.0197245 2.98231 -0.348679 -319.79 -111.649 93.7521 -0.0197245
-2.64919 0.303584 319.963 -5.52623 -731.068 -0.00456783 2.11216 -0.23457 -319.963 -72.372 38.0862 0.00456783
-1.81237 0.116353 320.051 -2.47444 -431.234 -0.0284671 1.24041 -0.046569 -320.051 -21.0166 -12.7695 0.0284671
-0.923107 -0.142823 320.073 10.9544 -141.281 -0.0511358 0.445688 0.175401 -320.073 35.3529 -57.3441 0.0511358
-0.0417772 -0.410419 320.156 26.9799 136.045 -0.071791 -0.358601 0.399652 -320.156 90.6885 -89.1014 0.071791
0.744673 -0.659215 320.241 44.4922 392.748 -0.0897504 -1.18471 0.627679 -320.241 142.363 -110.912 0.0897504
1.44261 -0.91106 320.298 60.5978 616.782 -0.104418 -1.84699 0.806887 -320.298 188.804 -136.788 0.104418
1.99749 -1.09545 320.343 73.8109 802.914 -0.115286 -2.36443 0.98518 -320.343 228.217 -166.675 0.115286
2.42021 -1.18768 320.328 79.8043 946.97 -0.121975 -2.77356 1.1199 -320.328 255.144 -189.525 0.121975
2.798 -1.21081 320.351 73.7373 1051.83 -0.124266 -3.07663 1.12112 -320.351 264.711 -195.227 0.124266
3.09982 -1.12946 320.35 57.2723 1115.81 -0.122096 -3.28513 1.0408 -320.35 257.669 -184.939 0.122096
3.23683 -0.994616 320.3 34.68 1136.25 -0.115528 -3.3913 0.892069 -320.3 239.054 -170.032 0.115528
3.27327 -0.899301 320.268 14.3811 1112.32 -0.10476 -3.2663 0.697508 -320.268 217.246 -159.037 0.10476
3.13548 -0.737618 320.27 2.12416 1052.58 -0.0901568 -3.07934 0.637756 -320.27 197.352 -146.625 0.0901568
2.88329 -0.608776 320.253 -5.69252 963.864 -0.072247 -2.85382 0.566994 -320.253 176.202 -127.535 0.072247
2.5864 -0.504534 320.224 -15.2993 848.955 -0.0516926 -2.51964 0.424727 -320.224 150.036 -104.597 0.0516926
2.18579 -0.32749 320.192 -27.9554 710.463 -0.0292508 -2.13039 0.296825 -320.192 118.437 -81.1979 0.0292508
1.7209 -0.031541 320.18 -49.8322 553.164 -0.00573625 -1.67879 0.150739 -320.18 76.1464 -57.43 0.00573625
1.27631 0.333399 320.194 -92.5506 388.453 0.0180049 -1.1839 -0.20051 -320.194 14.8681 -29.6213 -0.0180049
0.807774 0.81088 320.116 -155.434 219.672 0.0411338 -0.717144 -0.7012 -320.116 -64.3072 2.84946 -0.0411338
0.330877 1.29641 320.067 -223.872 49.5233 0.0628794 -0.253605 -1.27146 -320.067 -149.208 35.9377 -0.0628794
-0.103083 1.71044 320.055 -280.102 -116.934 0.0825735 0.250515 -1.75612 -320.055 -223.492 65.6883 -0.0825735
-0.547105 2.00602 320.027 -310.671 -273.091 0.0996379 0.680577 -2.02008 -320.027 -274.161 94.4601 -0.0996379
-0.932534 2.04223 319.972 -307.569 -412.245 0.113569 1.0407 -2.10327 -319.972 -294.556 124.933 -0.113569
-1.22987 1.92252 319.961 -270.823 -533.371 0.123954 1.36115 -1.90298 -319.961 -284.757 155.977 -0.123954
-1.49457 1.68618 319.976 -212.934 -635.553 0.130489 1.60545 -1.53432 -319.976 -254.698 183.93 -0.130489
-1.73865 1.4887 319.959 -158.267 -722.511 0.133002 1.83395 -1.14464 -319.959 -224.02 202.003 -0.133002
-1.9858 1.38661 319.922 -132.647 -794.815 0.131446 2.06043 -0.994816 -319.922 -213.013 205.328 -0.131446
-2.2588 1.49938 319.904 -147.1 -852.876 0.125934 2.28387 -1.10324 -319.904 -230.684 191.162 -0.125934
-2.57885 1.85885 319.891 -200.566 -898.15 0.116754 2.50017 -1.42617 -319.891 -276.364 158.475 -0.116754
-2.87632 2.3671 319.853 -283.744 -928.174 0.104357 2.73003 -1.94906 -319.853 -343.011 111.907 -0.104357
-3.10018 3.01725 319.813 -384.185 -938.241 0.0893141 2.92007 -2.52529 -319.813 -420.772 61.9104 -0.0893141
-3.24896 3.66434 319.792 -487.467 -924.507 0.0722968 2.98513 -3.12395 -319.792 -498.51 17.2207 -0.0722968
-3.20755 4.2141 319.78 -578.795 -885.608 0.0540419 3.01275 -3.65442 -319.78 -564.161 -19.52 -0.0540419
-2.96155 4.59795 319.767 -643.697 -816.125 0.0353065 2.94874 -4.00191 -319.767 -605.549 -43.7655 -0.0353065
-2.64618 4.74565 319.762 -673.567 -711.912 0.0168091 2.63357 -4.12069 -319.762 -614.437 -56.1184 -0.0168091
-2.21502 4.57653 319.825 -663.252 -581.82 -0.00081757 2.26829 -4.02063 -319.825 -585.689 -70.1861 0.00081757
-1.69487 4.11981 319.877 -610.078 -426.814 -0.0170486 1.85924 -3.63916 -319.877 -517.134 -89.8157 0.0170486
-1.10596 3.43214 319.918 -518.352 -242.041 -0.0314792 1.2913 -2.97943 -319.918 -413.151 -106.088 0.0314792
-0.400193 2.55165 319.99 -399.86 -32.6461 -0.0438464 0.612855 -2.16046 -319.99 -284.787 -113.91 0.0438464
0.374812 1.60887 320.107 -269.734 190.894 -0.0540346 -0.132025 -1.24928 -320.107 -145.612 -116.139 0.0540346
1.15401 0.717565 320.184 -144.656 420.661 -0.062042 -0.909982 -0.352047 -320.184 -10.8991 -119.167 0.062042
1.90556 -0.0276458 320.258 -47.0766 646.797 -0.0679486 -1.62963 0.352358 -320.258 102.069 -131.053 0.0679486
2.58083 -0.518074 320.344 12.0505 860.709 -0.0719214 -2.28601 0.816618 -320.344 181.578 -151.005 0.0719214
3.16198 -0.689731 320.384 22.6727 1054.24 -0.074201 -2.86989 0.976122 -320.384 219.001 -174.821 0.074201
3.61817 -0.556371 320.406 -14.5233 1220.28 -0.0750504 -3.37571 0.814487 -320.406 213.272 -200.684 0.0750504
3.93709 -0.163395 320.366 -90.8819 1352.1 -0.0747209 -3.75034 0.391113 -320.366 170.963 -231.394 0.0747209
4.14387 0.406714 320.362 -192.173 1447.31 -0.0734312 -3.97791 -0.199863 -320.362 103.511 -263.229 0.0734312
4.26877 1.0364 320.354 -298.885 1507.81 -0.0713407 -4.11197 -0.841303 -320.354 25.5056 -285.932 0.0713407
4.3499 1.60625 320.298 -392.168 1534.89 -0.0685475 -4.18553 -1.42448 -320.298 -48.7541 -290.465 0.0685475
4.41702 2.01191 320.244 -456.176 1530.22 -0.0650986 -4.19561 -1.85024 -320.244 -105.545 -274.61 0.0650986
4.40038 2.18587 320.228 -479.596 1493.05 -0.0609928 -4.16386 -2.03776 -320.228 -134.626 -244.594 0.0609928
4.276 2.10063 320.211 -459.061 1421.67 -0.0561916 -4.03836 -1.96468 -320.211 -132.125 -209.726 0.0561916
4.00429 1.78891 320.187 -400.092 1316.06 -0.0506357 -3.82349 -1.66257 -320.187 -101.861 -175.101 0.0506357
3.64942 1.33702 320.186 -315.081 1177.54 -0.0442649 -3.47815 -1.20208 -320.186 -54.2513 -138.68 0.0442649
3.26985 0.836526 320.185 -221.082 1014.76 -0.0370333 -3.05792 -0.704445 -320.185 -3.15399 -92.5424 0.0370333
2.81585 0.380565 320.224 -131.406 829.829 -0.0289045 -2.62269 -0.248101 -320.224 39.8029 -37.3011 0.0289045
2.26318 0.0580436 320.176 -60.2154 620.807 -0.0198484 -2.08179 0.0933051 -320.176 65.164 12.2979 0.0198484
1.59294 -0.0926081 320.189 -17.0804 393.42 -0.0098656 -1.41766 0.251244 -320.189 66.954 45.2534 0.0098656
0.789266 -0.0403719 320.159 -6.14053 149.811 0.000986733 -0.654267 0.206591 -320.159 42.0242 60.6195 -0.000986733
-0.0353102 0.209089 320.086 -25.9278 -97.9122 0.0125911 0.16217 -0.0299194 -320.086 -8.7131 69.3612 -0.0125911
-0.888631 0.603924 320.054 -71.4368 -339.236 0.0247802 0.910435 -0.438532 -320.054 -79.8595 77.4498 -0.0247802
-1.67439 1.06121 320.023 -129.264 -568.879 0.0373442 1.66058 -0.929107 -320.023 -159.675 83.4316 -0.0373442
-2.35355 1.49677 319.976 -182.008 -779.493 0.0500226 2.40125 -1.36818 -319.976 -233.945 87.2995 -0.0500226
-2.90587 1.81537 319.909 -220.424 -957.95 0.0624821 3.0145 -1.71164 -319.909 -291.664 96.0151 -0.0624821
-3.26146 1.9386 319.868 -232.289 -1088.96 0.0743108 3.43692 -1.87892 -319.868 -321.961 113.676 -0.0743108
-3.44898 1.80021 319.827 -209.093 -1169.81 0.0850523 3.66594 -1.81969 -319.827 -316.41 133.793 -0.0850523
-3.43733 1.44606 319.804 -149.138 -1197.83 0.0942401 3.75875 -1.45614 -319.804 -272.071 149.93 -0.0942401
-3.24263 0.948478 319.804 -65.2582 -1168.57 0.101398 3.66084 -0.876838 -319.804 -199.487 163.218 -0.101398
-2.87163 0.38134 319.816 19.9444 -1080.04 0.106046 3.33828 -0.29441 -319.816 -117.685 175.611 -0.106046
-2.343 -0.0601599 319.854 84.573 -936.903 0.107749 2.84538 0.207937 -319.854 -45.2207 181.186 -0.107749
-1.73088 -0.256681 319.913 107.57 -751.434 0.106179 2.26478 0.485076 -319.913 0.539246 169.426 -0.106179
-1.16486 -0.167667 319.969 74.4455 -534.025 0.101151 1.57972 0.39833 -319.969 8.04464 134.321 -0.101151
-0.617841 0.278344 320.034 -15.1035 -299.115 0.0926297 0.92932 -0.00789907 -320.034 -26.3309 74.0105 -0.0926297
-0.0196705 0.969614 320.073 -151.661 -52.4125 0.080733 0.34145 -0.740409 -320.073 -96.75 0.311079 -0.080733
0.572718 1.82431 320.09 -313.645 204.513 0.0657365 -0.360035 -1.62589 -320.09 -187.718 -67.9239 -0.0657365
1.21144 2.64092 320.16 -469.85 464.589 0.0480592 -1.09284 -2.48772 -320.16 -275.494 -128.037 -0.0480592
1.90787 3.25534 320.207 -592.494 717.472 0.0282526 -1.72402 -3.13455 -320.207 -336.208 -187.37 -0.0282526
2.63436 3.55319 320.239 -657.117 959.799 0.00697052 -2.32041 -3.39087 -320.239 -352.2 -236.885 -0.00697052
3.29473 3.42638 320.298 -656.581 1192.89 -0.0151051 -3.05762 -3.27801 -320.298 -318 -266.372 0.0151051
3.97002 2.90556 320.317 -591.926 1404.73 -0.0372961 -3.71754 -2.77699 -320.317 -234.258 -283.751 0.0372961
4.60894 2.08555 320.36 -475.289 1586.7 -0.0588967 -4.2555 -1.94542 -320.36 -110.985 -294.356 0.0588967
5.15227 1.0752 320.416 -326.086 1738.18 -0.0791923 -4.7644 -0.934556 -320.416 33.4431 -292.671 0.0791923
5.60214 0.0688777 320.427 -172.964 1851.65 -0.0975298 -5.18709 0.0844342 -320.427 174.563 -279.177 0.0975298
5.93858 -0.783429 320.431 -42.4283 1921.49 -0.113323 -5.47166 0.928303 -320.431 290.463 -258.694 0.113323
6.10967 -1.41042 320.439 48.4864 1943.78 -0.126008 -5.59729 1.45312 -320.439 366.903 -237.866 0.126008
6.10064 -1.68323 320.417 94.0168 1917.69 -0.135076 -5.5396 1.71736 -320.417 399.417 -221.557 0.135076
5.92606 -1.62591 320.379 93.087 1846.73 -0.140145 -5.31124 1.68553 -320.379 387.418 -209.306 0.140145
5.61949 -1.32851 320.34 51.1248 1738.67 -0.140989 -4.96156 1.33853 -320.34 335.787 -196.822 0.140989
5.20664 -0.838699 320.302 -17.0338 1601.2 -0.137516 -4.52537 0.827129 -320.302 258.518 -183.001 0.137516
4.68507 -0.304757 320.253 -90.6137 1441.62 -0.129784 -4.02628 0.277883 -320.253 174.768 -172.045 0.129784
4.01451 0.094233 320.221 -147.118 1264.58 -0.118033 -3.49064 -0.199415 -320.221 104.008 -170.631 0.118033
3.29952 0.290767 320.156 -169.237 1070.52 -0.102691 -2.81893 -0.446356 -320.156 61.7544 -178.449 0.102691
2.60863 0.250112 320.168 -147.216 872.92 -0.0843382 -2.16987 -0.386612 -320.168 54.3892 -175.955 0.0843382
1.97185 0.0834993 320.187 -92.0611 680.776 -0.0637002 -1.6588 -0.0500758 -320.187 72.4127 -151.041 0.0637002
1.3718 -0.213423 320.138 -24.9385 490.976 -0.0416109 -1.19666 0.293201 -320.138 98.3832 -116.042 0.0416109
0.74872 -0.471323 320.15 31.2671 297.262 -0.0189307 -0.662528 0.546358 -320.15 116.508 -90.9381 0.0189307
0.0739829 -0.61682 320.126 67.0958 95.6604 0.00351878 -0.0505303 0.657022 -320.126 117.972 -76.7588 -0.00351878
-0.504339 -0.566149 320.096 75.9462 -99.7091 0.0249717 0.55897 0.617713 -320.096 96.1199 -54.4373 -0.0249717
-0.885987 -0.31961 320.073 54.4559 -273.144 0.0447404 1.05426 0.385873 -320.073 48.174 -8.87197 -0.0447404
-1.19617 0.0761797 320.04 6.46728 -421.748 0.0622663 1.3576 -0.0221893 -320.04 -20.5689 50.1676 -0.0622663
-1.50309 0.554542 320.002 -55.3738 -554.525 0.0771536 1.65939 -0.496299 -320.002 -97.0638 94.1466 -0.0771536
-1.83412 1.01303 319.965 -117.599 -672.353 0.08915 2.03166 -0.955848 -319.965 -168.185 109.513 -0.08915
-2.14626 1.39213 319.937 -169.721 -763.66 0.0981035 2.32267 -1.3295 -319.937 -225.406 112.992 -0.0981035
-2.31356 1.69261 319.903 -205.933 -816.28 0.103943 2.42751 -1.55219 -319.903 -265.188 125.939 -0.103943
-2.2692 1.8791 319.886 -227.784 -829.944 0.106689 2.39442 -1.68183 -319.886 -289.258 150.785 -0.106689
-2.1456 1.96716 319.884 -239.397 -813.436 0.106462 2.24995 -1.74845 -319.884 -300.121 173.224 -0.106462
-1.98647 1.95066 319.882 -242.385 -776.146 0.103473 2.11911 -1.77173 -319.882 -298.127 178.135 -0.103473
-1.79405 1.81601 319.884 -233.903 -718.172 0.0979788 1.9895 -1.73103 -319.884 -281.154 167.09 -0.0979788
-1.54728 1.62034 319.907 -210.585 -634.129 0.0902547 1.75027 -1.53682 -319.907 -247.853 153.861 -0.0902547
-1.1702 1.30564 319.95 -173.437 -522.054 0.0806066 1.41392 -1.26716 -319.95 -200.135 145.697 -0.0806066
-0.71007 0.942733 319.98 -126.079 -385.73 0.0693767 0.988924 -0.898158 -319.98 -141.195 138.279 -0.0693767
-0.239991 0.598427 320.023 -77.3794 -233.785 0.0569244 0.530308 -0.471952 -320.023 -77.9969 121.622 -0.0569244
0.229196 0.24631 320.083 -39.3635 -71.5403 0.0436028 0.0937353 -0.163124 -320.083 -20.042 91.3802 -0.0436028
0.698296 0.0136574 320.131 -18.819 100.283 0.0297433 -0.360172 0.0625391 -320.131 25.9376 54.1005 -0.0297433
1.19446 -0.0925348 320.165 -18.1426 280.855 0.0156665 -0.854059 0.167264 -320.165 55.835 17.8319 -0.0156665
1.71214 -0.0737246 320.202 -39.5028 463.427 0.00169977 -1.34461 0.117933 -320.202 67.2209 -17.7855 -0.00169977
2.23819 0.0944146 320.277 -82.0264 646.944 -0.0118264 -1.8246 -0.0455708 -320.277 61.4847 -54.6699 0.0118264
2.63401 0.404104 320.302 -141.43 821.815 -0.0245954 -2.33499 -0.287993 -320.302 40.5963 -97.4238 0.0245954
2.9663 0.792738 320.276 -216.425 975.71 -0.0363198 -2.69259 -0.654556 -320.276 5.79608 -150.656 0.0363198
3.25735 1.23922 320.323 -298.603 1107.25 -0.0467508 -2.93731 -1.0761 -320.323 -38.2083 -203.969 0.0467508
3.51208 1.70177 320.315 -378.943 1222.45 -0.0556805 -3.20359 -1.48786 -320.315 -84.9538 -243.151 0.0556805
3.74718 2.07137 320.271 -447.167 1318.88 -0.0629463 -3.45928 -1.86747 -320.271 -125.627 -268.021 0.0629463
3.91424 2.28909 320.269 -489.579 1387.28 -0.0684351 -3.61614 -2.10325 -320.269 -149.137 -289.175 0.0684351
3.99974 2.33902 320.265 -499.396 1427.25 -0.0720851 -3.67053 -2.12112 -320.265 -149.189 -308.7 0.0720851
3.89616 2.18681 320.23 -476.418 1437.05 -0.0739091 -3.7328 -1.95697 -320.23 -126.207 -324.464 0.0739091
3.6177 1.88199 320.2 -427.315 1408.71 -0.0740017 -3.71453 -1.65083 -320.2 -86.5342 -339.267 0.0740017
3.32695 1.52268 320.198 -363.401 1337.99 -0.072487 -3.45713 -1.25626 -320.198 -40.8898 -348.328 0.072487
2.88943 1.21241 320.188 -300.383 1227.85 -0.0694721 -3.21691 -0.88299 -320.188 -4.55164 -336.92 0.0694721
2.36177 0.98431 320.14 -254.725 1073.97 -0.0650648 -2.89983 -0.700116 -320.14 9.56515 -306.156 0.0650648
1.88847 0.819912 320.109 -224.596 872.77 -0.0593789 -2.28382 -0.703402 -320.109 2.92457 -263.728 0.0593789
1.2983 0.71881 320.162 -196.405 632.827 -0.052493 -1.63389 -0.721379 -320.162 -13.0904 -204.573 0.052493
0.694036 0.533524 320.142 -151.436 371.691 -0.0444534 -0.97744 -0.656421 -320.142 -21.5898 -127.311 0.0444534
0.0998421 0.229655 320.095 -79.692 96.6596 -0.0353358 -0.260694 -0.389959 -320.095 -10.3468 -43.5067 0.0353358
-0.531979 -0.264021 320.096 25.7405 -186.62 -0.0252631 0.472594 0.0968429 -320.096 26.8021 40.6552 0.0252631
-1.14769 -0.891353 320.137 154.439 -465.894 -0.0143753 1.20927 0.753337 -320.137 84.7592 122.673 0.0143753
-1.71423 -1.5545 320.16 291.954 -727.168 -0.00284765 1.86343 1.49736 -320.16 151.815 205.867 0.00284765
-2.27981 -2.19572 320.113 415.416 -962.166 0.00906561 2.39085 2.1241 -320.113 212.685 281.407 -0.00906561
-2.84465 -2.66341 320.08 508.443 -1173.88 0.0210597 2.93561 2.59147 -320.08 255.606 331.353 -0.0210597
-3.37781 -2.85771 320.083 557.622 -1358.21 0.0328252 3.50857 2.82717 -320.083 268.972 354.543 -0.0328252
-3.81841 -2.74725 319.999 551.253 -1500.06 0.0440361 3.97192 2.71398 -319.999 242.893 364.739 -0.0440361
-4.10422 -2.30575 319.87 488.028 -1588.05 0.054348 4.25011 2.26679 -319.87 177.023 370.594 -0.054348
-4.23452 -1.62005 319.831 380.153 -1622.27 0.0634475 4.39846 1.55997 -319.831 82.575 364.282 -0.0634475
-4.27053 -0.80954 319.8 248.143 -1604.61 0.0710939 4.43548 0.743722 -319.8 -21.7931 336.109 -0.0710939
-4.22579 -0.016993 319.739 113.492 -1533.84 0.077108 4.33138 -0.0477888 -319.739 -117.339 287.202 -0.077108
-4.0074 0.616982 319.71 -1.53303 -1409.08 0.0813287 4.08919 -0.694089 -319.71 -188.392 229.728 -0.0813287
-3.56525 1.01893 319.746 -82.8748 -1228.14 0.0836061 3.62628 -1.10548 -319.746 -225.3 180.771 -0.0836061
-2.86358 1.15503 319.805 -124.321 -992.511 0.0838348 2.93169 -1.24123 -319.805 -223.441 148.573 -0.0838348
-1.99602 1.03804 319.89 -127.113 -714.519 0.0819694 2.06632 -1.10787 -319.89 -184.374 123 -0.0819694
-1.11498 0.72515 320.012 -102.351 -417.003 0.078012 1.12932 -0.791272 -320.012 -117.78 90.3313 -0.078012
-0.270523 0.31451 320.079 -63.2001 -115.082 0.0720067 0.208639 -0.384594 -320.079 -38.291 45.6032 -0.0720067
0.505582 -0.0539244 320.154 -30.707 178.611 0.0640505 -0.673097 -0.0174426 -320.154 35.9809 -6.48774 -0.0640505
1.26914 -0.284614 320.231 -18.2537 454.037 0.0543112 -1.47425 0.2079 -320.231 89.6798 -53.8869 -0.0543112
2.03342 -0.310602 320.345 -36.3224 707.75 0.0430496 -2.20118 0.218008 -320.345 112.897 -90.3292 -0.0430496
2.68026 -0.126512 320.337 -83.4836 926.399 0.0306304 -2.86165 0.0276518 -320.337 105.569 -118.517 -0.0306304
3.19036 0.208358 320.333 -151.479 1097.22 0.0175012 -3.32596 -0.315936 -320.333 74.9203 -147.347 -0.0175012
3.50294 0.606306 320.32 -226.226 1214.96 0.00415283 -3.59279 -0.726024 -320.32 32.2114 -180.584 -0.00415283
3.66522 1.01847 320.281 -294.731 1283.66 -0.00891315 -3.69348 -1.08693 -320.281 -11.6398 -210.869 0.00891315
3.70404 1.37347 320.252 -347.937 1309.98 -0.021214 -3.71716 -1.36231 -320.252 -50.0403 -228.018 0.021214
3.55478 1.57456 320.22 -380.166 1292.11 -0.0323115 -3.69966 -1.57793 -320.22 -78.3545 -234.41 0.0323115
3.27805 1.64672 320.174 -386.249 1223.41 -0.0418138 -3.46592 -1.63802 -320.174 -91.4655 -240.008 0.0418138
2.82887 1.55547 320.138 -364.54 1105.81 -0.0493859 -3.08495 -1.55414 -320.138 -87.6902 -243.263 0.0493859
2.26521 1.31576 320.131 -316.993 947.618 -0.054791 -2.62632 -1.33989 -320.131 -69.2213 -233.961 0.054791
1.65882 0.9788 320.159 -247.593 751.064 -0.0579105 -2.06979 -1.00014 -320.159 -40.2221 -206.838 0.0579105
1.11356 0.548438 320.135 -161.046 526.311 -0.0587135 -1.40086 -0.589017 -320.135 -4.41427 -159.067 0.0587135
0.51887 0.0609091 320.158 -63.9869 286.236 -0.0572274 -0.7901 -0.133672 -320.158 35.6253 -94.7826 0.0572274
-0.155501 -0.468411 320.139 42.3911 27.3314 -0.0535459 -0.124411 0.378461 -320.139 80.6751 -31.2655 0.0535459
-0.884079 -1.01968 320.115 152.805 -245.021 -0.0478378 0.657902 0.916695 -320.115 128.672 20.8672 0.0478378
-1.73903 -1.44744 320.164 255.446 -523.324 -0.0403437 1.41625 1.48448 -320.164 170.788 64.0799 0.0403437
-2.5485 -1.67696 320.152 329.142 -794.83 -0.0313661 2.17019 1.88835 -320.152 189.226 107.765 0.0313661
-3.2742 -1.67219 320.095 353.059 -1052.63 -0.0212448 2.89862 1.91126 -320.095 168.044 153.656 0.0212448
-3.93932 -1.31582 320.058 322.581 -1290.43 -0.0103116 3.56667 1.61981 -320.058 104.488 197.173 0.0103116
-4.55065 -0.654404 320.006 244.061 -1504.51 0.00113095 4.19085 1.04878 -320.006 4.01305 231.237 -0.00113095
-5.12018 0.0748363 319.887 131.829 -1689.14 0.0127825 4.76188 0.159117 -319.887 -118.916 249.75 -0.0127825
-5.56836 0.674275 319.815 23.2155 -1831.78 0.024332 5.24236 -0.764352 -319.815 -231.532 257.153 -0.024332
-5.81873 1.16264 319.775 -41.6348 -1920.44 0.035477 5.55123 -1.19273 -319.775 -299.852 264.372 -0.035477
-5.82392 1.17716 319.701 -44.5341 -1944.03 0.0459153 5.58423 -1.25799 -319.701 -308.532 282.335 -0.0459153
-5.584 0.76145 319.669 16.9685 -1902.52 0.0553113 5.359 -0.881686 -319.669 -254.963 308.442 -0.0553113
-5.28946 0.0618061 319.722 131.462 -1808.56 0.0633112 4.88888 -0.0575657 -319.722 -148.08 325.731 -0.0633112
-4.94137 -0.828007 319.797 267.999 -1681 0.0695943 4.41003 0.912155 -319.797 -14.4719 318.591 -0.0695943
-4.50529 -1.70175 319.811 388.317 -1527.81 0.0738896 3.95704 1.73441 -319.811 111.58 294.927 -0.0738896
-4.03072 -2.23476 319.838 461.174 -1351.83 0.0759905 3.3586 2.3133 -319.838 200.218 275.243 -0.0759905
-3.45163 -2.46856 319.934 468.827 -1164.49 0.0758103 2.73466 2.36459 -319.934 233.925 263.108 -0.0758103
-2.88155 -2.25354 319.989 413.225 -983.075 0.0734355 2.1746 2.05912 -319.989 213.832 246.316 -0.0734355
-2.46186 -1.62951 319.969 304.813 -820.823 0.0691255 1.71949 1.49646 -319.969 149.756 211.587 -0.0691255
-2.15728 -0.829737 319.971 159.18 -682.508 0.0632621 1.42202 0.633462 -319.971 53.7304 161.147 -0.0632621
-1.90436 0.101666 320.016 -0.531535 -562.677 0.0562971 1.20352 -0.287893 -320.016 -55.8133 110.17 -0.0562971
-1.65289 0.932107 320.019 -143.446 -456.854 0.0487304 0.984198 -1.128 -320.019 -155.672 73.057 -0.0487304
-1.42371 1.50767 319.979 -243.805 -365.741 0.0410895 0.751529 -1.71444 -319.979 -224.189 49.2996 -0.0410895
-1.29209 1.70058 319.99 -283.663 -295.179 0.0338703 0.561223 -1.93693 -319.99 -244.717 25.7093 -0.0338703
-1.24196 1.45998 320.029 -255.926 -250.302 0.0274695 0.502101 -1.75452 -320.029 -211.016 -3.14894 -0.0274695
-1.23258 0.869812 320.042 -166.723 -226.459 0.0221505 0.493519 -1.17119 -320.042 -129.725 -24.3032 -0.0221505
-1.21114 0.0683864 320.057 -36.9069 -217.501 0.018048 0.44049 -0.323781 -320.057 -19.9708 -22.438 -0.018048
-1.13872 -0.764285 320.099 102.727 -225.476 0.0152047 0.406572 0.577533 -320.099 92.3495 0.913859 -0.0152047
-1.09009 -1.47034 320.126 221.315 -256.078 0.0136154 0.451656 1.31106 -320.126 182.949 31.8993 -0.0136154
-1.19095 -1.84387 320.118 294.469 -313.014 0.0132339 0.571546 1.78496 -320.118 232.952 56.5872 -0.0132339
-1.40465 -1.78777 320.127 303.25 -395.968 0.0139524 0.844433 1.86355 -320.127 227.471 68.6421 -0.0139524
-1.69206 -1.36993 320.105 242.693 -496.146 0.0156096 1.20667 1.41665 -320.105 162.417 74.2123 -0.0156096
-2.00023 -0.589368 320.043 128.253 -600.609 0.0180307 1.56361 0.642789 -320.043 51.0389 81.8132 -0.0180307
-2.29345 0.29289 320.001 -9.00566 -701.478 0.0210451 1.89761 -0.318299 -320.001 -79.5017 91.3305 -0.0210451
-2.56232 1.07169 319.984 -130.851 -793.95 0.0244672 2.21468 -1.17822 -319.984 -195.727 98.4706 -0.0244672
-2.81933 1.56772 319.93 -203.741 -872.468 0.0280695 2.4651 -1.68418 -319.93 -268.398 103.094 -0.0280695
-2.99489 1.64204 319.896 -209.304 -930.739 0.0315674 2.63988 -1.74288 -319.896 -282.14 110.328 -0.0315674
-3.03571 1.23951 319.915 -145.35 -963.031 0.0346241 2.70628 -1.3821 -319.915 -235.17 126.938 -0.0346241
-2.9594 0.452056 319.932 -19.8406 -968.69 0.0368886 2.63273 -0.613799 -319.932 -134.622 154.298 -0.0368886
-2.7635 -0.584924 319.947 147.119 -951.612 0.0380493 2.4876 0.443715 -319.947 2.74814 186.731 -0.0380493
-2.50536 -1.71497 319.99 324.806 -916.889 0.0378544 2.29778 1.56437 -319.99 152.081 217.097 -0.0378544
-2.21175 -2.74246 320.034 483.28 -866.393 0.0361099 2.07789 2.56597 -320.034 288.421 241.259 -0.0361099
-1.87386 -3.49881 320.052 598.117 -800.924 0.0327055 1.85833 3.30815 -320.052 391.301 256.885 -0.0327055
-1.57538 -3.88488 320.068 652.966 -721.418 0.0276589 1.58235 3.68581 -320.068 447.395 261.002 -0.0276589
-1.29446 -3.84414 320.1 641.064 -631.378 0.0211271 1.33374 3.67097 -320.1 451.189 248.118 -0.0211271
-1.02863 -3.37974 320.098 563.02 -532.392 0.0133858 1.12941 3.26881 -320.098 403.28 217.717 -0.0133858
-0.817662 -2.54365 320.088 425.488 -422.122 0.00479954 0.878575 2.51213 -320.088 309.337 174.867 -0.00479954
-0.605034 -1.38911 320.084 241.08 -304.725 -0.00421108 0.650573 1.49884 -320.084 178.71 121.854 0.00421108
-0.406065 -0.124462 320.114 27.9641 -184.193 -0.0131978 0.444922 0.243334 -320.114 25.5921 60.5034 0.0131978
-0.239579 1.18657 320.059 -189.641 -60.7209 -0.0217004 0.221707 -1.01142 -320.059 -129.669 -5.94106 0.0217004
-0.0680272 2.2947 320.021 -383.116 62.2279 -0.0292739 0.0139919 -2.16355 -320.021 -264.666 -73.378 0.0292739
0.10338 2.92675 320.04 -517.276 182.474 -0.035528 -0.209429 -3.05525 -320.04 -351.965 -135.868 0.035528
0.313463 3.19836 320.054 -566.268 301.24 -0.0401585 -0.477387 -3.24229 -320.054 -369.668 -184.826 0.0401585
0.522278 2.92163 320.051 -528.443 414.124 -0.0429678 -0.821183 -2.90003 -320.051 -317.603 -217.122 0.0429678
0.721338 2.18472 320.084 -421.661 509.473 -0.0438772 -1.1474 -2.17994 -320.084 -212.722 -235.926 0.0438772
0.941755 1.19336 320.144 -270.513 578.596 -0.0429103 -1.36216 -1.19243 -320.144 -76.3682 -241.678 0.0429103
1.09365 0.146473 320.174 -104.227 618.268 -0.0401589 -1.56961 -0.114756 -320.174 66.0304 -229.095 0.0401589
1.20221 -0.737849 320.193 43.1657 623.304 -0.0357767 -1.69213 0.835986 -320.193 185.275 -200.611 0.0357767
1.23745 -1.36003 320.212 141.265 587.252 -0.02998 -1.65089 1.38399 -320.212 257.224 -165.577 0.02998
1.16089 -1.57803 320.217 178.137 511.493 -0.0230104 -1.45907 1.52662 -320.217 272.786 -129.041 0.0230104
0.953628 -1.37877 320.194 155.929 402.985 -0.0150919 -1.17262 1.31068 -320.194 234.714 -92.5632 0.0150919
0.656967 -0.903543 320.155 88.0812 269.109 -0.0064307 -0.788078 0.771679 -320.155 155.252 -58.0076 0.0064307
0.302979 -0.222667 320.117 -3.90336 117.456 0.00277606 -0.326638 0.117821 -320.117 53.3632 -25.2083 -0.00277606
-0.134974 0.540064 320.085 -99.4565 -40.8507 0.0123328 0.102607 -0.508611 -320.085 -52.8637 6.71079 -0.0123328
-0.699076 1.11931 320.046 -182.25 -204.171 0.0220284 0.501716 -1.1536 -320.046 -147.888 29.6957 -0.0220284
-1.22316 1.50755 320.009 -232.782 -371.084 0.0316268 1.04355 -1.56968 -320.009 -214.161 41.3595 -0.0316268
-1.65073 1.60516 319.986 -235.485 -525.383 0.0408717 1.53626 -1.67019 -319.986 -240.187 61.5767 -0.0408717
-1.99381 1.33938 319.984 -185.382 -655.227 0.0494764 1.78444 -1.47173 -319.984 -222.781 105.152 -0.0494764
-2.23254 0.777986 319.998 -85.826 -767.463 0.0571133 1.9614 -0.938437 -319.998 -163.231 156.653 -0.0571133
-2.45982 0.0451052 319.998 44.7926 -869.242 0.0634631 2.15649 -0.154185 -319.998 -73.3671 196.763 -0.0634631
-2.72101 -0.698061 320.009 180.257 -963.606 0.0682724 2.37065 0.705159 -320.009 24.0495 221.805 -0.0682724
-2.9396 -1.2995 320.028 287.179 -1044.81 0.0713342 2.56674 1.36282 -320.028 100.106 242.542 -0.0713342
-3.0804 -1.56812 320.009 341.918 -1108.96 0.0724813 2.69583 1.70376 -320.009 133.965 267.284 -0.0724813
-3.16873 -1.42961 319.983 331.403 -1157.76 0.071672 2.78817 1.64122 -319.983 115.289 289.697 -0.071672
-3.23867 -0.919101 319.966 256.044 -1194.87 0.0690401 2.92786 1.15536 -319.966 45.8912 296.26 -0.0690401
-3.35213 -0.137223 319.922 130.832 -1218.49 0.064823 3.07762 0.342968 -319.922 -60.5374 281.623 -0.064823
-3.43121 0.745769 319.865 -16.1748 -1220.48 0.0592978 3.20901 -0.610769 -319.865 -180.413 253.102 -0.0592978
-3.40845 1.57673 319.833 -152.721 -1190.58 0.0527991 3.22824 -1.45238 -319.833 -286.906 223.839 -0.0527991
-3.36613 2.15259 319.819 -251.354 -1127.84 0.0457094 3.03117 -2.03997 -319.819 -357.348 196.067 -0.0457094
-3.25605 2.34116 319.823 -294.281 -1043.04 0.0383939 2.80899 -2.27892 -319.823 -376.579 159.793 -0.0383939
-3.01791 2.1119 319.846 -273.738 -940.58 0.0311722 2.62137 -2.10822 -319.846 -339.054 119.484 -0.0311722
-2.71634 1.49498 319.894 -192.057 -814.967 0.0243058 2.23273 -1.54638 -319.894 -249.511 94.4551 -0.0243058
-2.24027 0.518257 319.95 -60.5093 -673.293 0.0179658 1.76883 -0.716855 -319.95 -118.662 89.6528 -0.0179658
-1.67905 -0.604622 320.023 104.931 -525.235 0.012247 1.26864 0.386869 -320.023 39.3721 96.1 -0.012247
-1.17179 -1.71711 320.072 275.078 -382.208 0.00720758 0.766484 1.55589 -320.072 200.677 100.018 -0.00720758
-0.720965 -2.72616 320.139 418.042 -254.525 0.00285735 0.391844 2.47956 -320.139 338.49 92.544 -0.00285735
-0.435351 -3.38266 320.205 511.179 -145.836 -0.000856337 0.0528474 3.11704 -320.205 433.323 74.8655 0.000856337
-0.286403 -3.61334 320.204 541.009 -59.8041 -0.00400182 -0.209211 3.36667 -320.204 473.246 48.779 0.00400182
-0.106098 -3.40759 320.198 501.731 1.50914 -0.00661889 -0.248414 3.16269 -320.198 452.96 19.5474 0.00661889
0.0796987 -2.73393 320.201 397.771 47.8332 -0.00873506 -0.259479 2.58432 -320.201 374.981 1.96893 0.00873506
0.171308 -1.74783 320.173 242.078 84.0405 -0.010387 -0.377453 1.64336 -320.173 250.662 -3.68145 0.010387
0.209764 -0.614339 320.12 58.3552 102.2 -0.0115958 -0.361129 0.490524 -320.12 102.175 -18.5396 0.0115958
0.126545 0.5028 320.084 -120.575 100.588 -0.0123475 -0.204569 -0.618046 -320.084 -42.2942 -51.6921 0.0123475
-0.0482452 1.43649 320.063 -266.443 90.8247 -0.0126365 -0.0618519 -1.49895 -320.063 -160.091 -88.0032 0.0126365
-0.109009 2.05861 320.033 -361.477 83.6277 -0.0125217 0.0619713 -2.06694 -320.033 -237.982 -107.597 0.0125217
-0.0254292 2.31169 320.011 -398.447 87.5922 -0.0121047 0.0585108 -2.28841 -320.011 -269.961 -98.9171 0.0121047
0.139804 2.2139 320.02 -377.174 101.045 -0.0114706 -0.0589875 -2.13414 -320.02 -254.607 -71.3121 0.0114706
0.315512 1.78765 320.041 -306.606 115.352 -0.0106943 -0.150132 -1.67979 -320.041 -197.223 -46.8658 0.0106943
0.405046 1.13233 320.063 -202.529 126.535 -0.0098896 -0.205031 -1.01812 -320.063 -109.943 -37.0675 0.0098896
0.419309 0.379019 320.101 -84.7907 137.378 -0.00920421 -0.266757 -0.275321 -320.101 -10.3051 -36.8588 0.00920421
0.286797 -0.339927 320.132 24.4041 144.919 -0.00876222 -0.413055 0.397318 -320.132 82.6909 -42.3829 0.00876222
0.023516 -0.850852 320.147 105.706 133.878 -0.00862505 -0.472354 0.92323 -320.147 152.038 -60.9792 0.00862505
-0.254552 -1.03922 320.151 140.367 94.3308 -0.00878386 -0.282781 1.16714 -320.151 180.191 -89.4175 0.00878386
-0.550646 -0.952425 320.141 120.288 32.449 -0.00915367 -0.0511542 0.961523 -320.141 157.801 -104.316 0.00915367
-0.79305 -0.562865 320.11 58.5497 -44.6902 -0.00956871 0.14738 0.488178 -320.11 94.1903 -91.4247 0.00956871
-0.90515 -0.0218269 320.076 -19.6124 -135.854 -0.0097744 0.431958 -0.0798251 -320.076 11.2504 -58.1452 0.0097744
-1.11973 0.492971 320.042 -90.7411 -242.633 -0.00942869 0.694988 -0.60178 -320.042 -68.2128 -21.0483 0.00942869
-1.37422 0.89983 320.012 -136.885 -360.97 -0.00816906 1.04897 -0.918638 -320.012 -127.175 8.5787 0.00816906
-1.78895 1.13243 319.993 -153.566 -484.924 -0.00571387 1.33675 -1.035 -319.993 -161.149 30.1561 0.00571387
-2.19906 1.12023 319.994 -142.586 -611.79 -0.00187944 1.66095 -1.04913 -319.994 -172.361 50.0209 0.00187944
-2.52336 0.891509 320.009 -102.022 -734.863 0.00346814 1.98637 -0.917735 -320.009 -160.553 78.3766 -0.00346814
-2.67813 0.546468 320.002 -34.9314 -844.065 0.0103901 2.24309 -0.569746 -320.002 -126.898 127.468 -0.0103901
-2.61794 0.0711101 319.991 50.9495 -930.302 0.0187975 2.40815 -0.109945 -319.991 -76.8527 198.151 -0.0187975
-2.42198 -0.419846 319.999 142.159 -989.753 0.0284501 2.46607 0.415092 -319.999 -20.3979 277.384 -0.0284501
-2.22561 -0.788245 319.988 218.79 -1022.42 0.0390071 2.43788 0.918918 -319.988 29.7325 342.489 -0.0390071
-2.20095 -1.01055 319.969 260.454 -1035.73 0.0500254 2.37854 1.1856 -319.969 59.129 367.923 -0.0500254
-2.19723 -0.946025 319.961 253.499 -1030.19 0.0609555 2.47859 1.1878 -319.961 57.0214 348.435 -0.0609555
-2.15146 -0.646103 319.94 196.088 -989.784 0.0711883 2.50593 0.837244 -319.94 19.8953 310.864 -0.0711883
-1.92543 -0.21158 319.911 103.648 -898.535 0.0800997 2.30592 0.217092 -319.911 -40.9464 281.77 -0.0800997
-1.5275 0.418482 319.922 0.0377442 -760.095 0.0870804 1.92728 -0.310191 -319.922 -105.551 256.511 -0.0870804
-1.03934 1.03022 319.946 -106.071 -585.592 0.0915711 1.49508 -0.828016 -319.946 -163.633 216.184 -0.0915711
-0.54652 1.51527 319.998 -204.817 -385.544 0.0930875 1.05679 -1.33708 -319.998 -209.416 151.975 -0.0930875
-0.0786098 1.89431 320.002 -287.743 -159.617 0.0912375 0.505536 -1.72116 -320.002 -237.468 74.7614 -0.0912375
0.440917 2.08825 320.049 -347.017 88.7508 0.0857596 -0.138406 -1.9633 -320.049 -241.662 -3.87778 -0.0857596
1.07796 2.07114 320.137 -372.779 349.569 0.0765698 -0.805915 -1.99706 -320.137 -218.429 -74.452 -0.0765698
1.72801 1.818 320.233 -365.766 618.569 0.0637731 -1.58644 -1.85232 -320.233 -167.739 -134.916 -0.0637731
2.35784 1.32665 320.273 -321.4 875.991 0.0476354 -2.3251 -1.49312 -320.273 -88.6259 -192.865 -0.0476354
3.01037 0.750799 320.366 -247.46 1107.86 0.0285795 -2.90895 -0.877348 -320.366 10.4823 -244.527 -0.0285795
3.65598 0.192585 320.389 -166.088 1314.24 0.00720834 -3.47609 -0.191484 -320.389 109.795 -274.216 -0.00720834
4.22049 -0.32008 320.406 -101.526 1491.32 -0.0157085 -4.08279 0.2821 -320.406 188.474 -280.756 0.0157085
4.6752 -0.650663 320.423 -62.3885 1623.49 -0.0392698 -4.49316 0.574202 -320.423 239.767 -286.959 0.0392698
4.87717 -0.836646 320.378 -47.4699 1695.51 -0.0624515 -4.63741 0.667534 -320.378 265.404 -308.501 0.0624515
4.86143 -0.840495 320.339 -50.8782 1712.91 -0.0841644 -4.60222 0.664904 -320.339 268.976 -333.218 0.0841644
4.749 -0.7003 320.327 -69.3862 1687.22 -0.103375 -4.4772 0.558877 -320.327 251.714 -342.064 0.103375
4.57917 -0.524521 320.285 -96.7891 1622.94 -0.119175 -4.28337 0.319523 -320.285 218.822 -330.77 0.119175
4.27014 -0.341954 320.212 -119.296 1518.66 -0.130778 -4.00898 0.103234 -320.212 183.413 -311.487 0.130778
3.81315 -0.260886 320.193 -122.625 1376 -0.137534 -3.59232 -0.00299609 -320.193 159.579 -296.085 0.137534
3.2735 -0.381152 320.197 -95.7685 1202.53 -0.139021 -3.04406 0.0443715 -320.197 157.142 -281.079 0.139021
2.76838 -0.722828 320.153 -31.1999 1012.41 -0.135131 -2.46019 0.316596 -320.153 181.845 -249.642 0.135131
2.34084 -1.23745 320.197 71.2416 820.837 -0.126083 -1.9945 0.858224 -320.197 232.957 -188.376 0.126083
1.93696 -1.88535 320.216 197.902 628.05 -0.112339 -1.60593 1.55597 -320.216 301.901 -111.279 0.112339
1.52579 -2.59331 320.237 328.823 432.548 -0.0945478 -1.14673 2.25573 -320.237 375.607 -42.7926 0.0945478
1.03269 -3.21181 320.216 446.541 235.538 -0.0735293 -0.644907 2.88849 -320.216 439.778 9.12809 0.0735293
0.415658 -3.61183 320.202 531.323 41.683 -0.0502611 -0.215626 3.33805 -320.202 478.516 50.4573 0.0502611
-0.112465 -3.69941 320.206 564.933 -144.455 -0.0258185 0.278945 3.47212 -320.206 477.188 87.5294 0.0258185
-0.528991 -3.43171 320.199 540.65 -316.582 -0.00126 0.761434 3.23486 -320.199 428.171 128.594 0.00126
-0.878913 -2.80689 320.147 460.611 -467.263 0.0224553 1.11783 2.65762 -320.147 333.616 176.254 -0.0224553
-1.19326 -1.90141 320.061 335.483 -596.297 0.0444745 1.42302 1.81804 -320.061 205.243 214.941 -0.0444745
-1.51671 -0.833586 320.029 182.262 -706.741 0.0640529 1.76359 0.827092 -320.029 59.3678 228.659 -0.0640529
-1.82747 0.258142 320 20.3078 -793.065 0.0805892 2.09767 -0.205363 -320 -87.2917 221.135 -0.0805892
-2.03145 1.23535 319.914 -129.113 -841.525 0.0936387 2.3037 -1.15496 -319.914 -217.819 209.953 -0.0936387
-2.08335 1.98617 319.875 -246.173 -845.258 0.102901 2.31218 -1.88345 -319.875 -315.7 204.924 -0.102901
-1.96297 2.43164 319.886 -316.039 -806.213 0.108227 2.18658 -2.28043 -319.886 -368.254 201.713 -0.108227
-1.70235 2.45443 319.883 -331.191 -730.249 0.109625 1.98411 -2.36744 -319.883 -369.083 193.21 -0.109625
-1.33627 2.10624 319.894 -289.776 -618.439 0.107216 1.66332 -2.07298 -319.894 -317.162 181.456 -0.107216
-0.848205 1.56172 319.96 -204.774 -470.804 0.101199 1.20792 -1.39143 -319.96 -224.07 171.229 -0.101199
-0.243406 0.954818 320.028 -107.956 -292.819 0.0918669 0.652804 -0.601835 -320.028 -118.042 162.164 -0.0918669
0.398168 0.421822 320.078 -37.918 -94.5194 0.0796427 0.0449484 -0.0511741 -320.078 -30.6992 145.852 -0.0796427
1.01209 0.108396 320.141 -14.5739 113.223 0.0650597 -0.539617 0.158443 -320.141 21.8741 112.749 -0.0650597
1.59048 0.136626 320.187 -38.8913 324.726 0.0487242 -1.06695 0.125783 -320.187 37.2575 62.4518 -0.0487242
2.13482 0.417365 320.226 -106.531 536.906 0.0312885 -1.56045 -0.193899 -320.226 17.566 1.64083 -0.0312885
2.66647 0.915965 320.326 -208.908 756.095 0.0134222 -2.10289 -0.72468 -320.326 -29.7152 -60.9035 -0.0134222
3.07433 1.50901 320.313 -326.531 967.476 -0.00421509 -2.67014 -1.35845 -320.313 -90.4373 -130.03 0.00421509
3.42058 2.09016 320.329 -440.431 1156.6 -0.0209975 -3.06672 -1.96639 -320.329 -149.398 -210.668 0.0209975
3.72273 2.57593 320.325 -534.802 1324.89 -0.0363663 -3.37351 -2.44006 -320.325 -194.508 -289.986 0.0363663
4.00394 2.85695 320.332 -596.683 1474.4 -0.0498686 -3.70878 -2.74318 -320.332 -217.569 -349.507 0.0498686
4.30378 2.90133 320.314 -617.465 1602.6 -0.0611681 -4.04711 -2.80902 -320.314 -212.854 -384.666 0.0611681
4.57205 2.69729 320.276 -595.117 1697.89 -0.070028 -4.29298 -2.62404 -320.276 -178.713 -405.034 0.070028
4.69718 2.27608 320.258 -534.976 1750.86 -0.0762975 -4.43496 -2.2215 -320.258 -119.187 -419.076 0.0762975
4.71406 1.69345 320.255 -447.275 1760.84 -0.0799197 -4.44482 -1.67841 -320.255 -43.327 -425.144 0.0799197
4.66217 1.01484 320.243 -342.716 1731.94 -0.0809371 -4.3712 -1.07062 -320.243 39.0395 -414.559 0.0809371
4.56297 0.226589 320.229 -225.946 1669.03 -0.0794674 -4.26192 -0.471007 -320.229 123.951 -382.14 0.0794674
4.40723 -0.541696 320.235 -96.678 1571.49 -0.0756827 -4.07784 0.255928 -320.235 211.98 -334.257 0.0756827
4.15085 -1.22211 320.246 32.6723 1441.53 -0.0698252 -3.81475 1.03603 -320.246 294.896 -280.142 0.0698252
3.77007 -1.79499 320.258 140.503 1282.4 -0.0622112 -3.47394 1.62691 -320.258 356.229 -226.29 0.0622112
3.28883 -2.08669 320.224 210.025 1092.67 -0.053199 -2.99043 1.99056 -320.224 382.004 -177.233 0.053199
2.73788 -2.1237 320.234 232.774 879.208 -0.0431654 -2.41842 1.99212 -320.234 364.946 -127.467 0.0431654
2.12917 -1.97458 320.249 216.23 649.55 -0.0324954 -1.81643 1.67301 -320.249 313.549 -74.2886 0.0324954
1.52621 -1.64352 320.212 182.731 415.77 -0.0215663 -1.17817 1.31864 -320.212 247.55 -21.4414 0.0215663
0.91938 -1.35228 320.142 154.064 184.847 -0.0107448 -0.540721 0.985311 -320.142 185.562 28.1072 0.0107448
0.334 -1.1723 320.109 144.425 -37.1902 -0.000392777 0.0702171 0.791784 -320.109 141.022 75.7638 0.000392777
-0.148574 -1.14976 320.115 163.345 -236.229 0.0091418 0.610154 0.817342 -320.115 122.622 125.713 -0.0091418
-0.516435 -1.33965 320.105 211.59 -405.905 0.0175352 1.04512 1.02527 -320.105 132.251 178.277 -0.0175352
-0.791546 -1.71313 320.086 286.28 -540.772 0.0244972 1.34799 1.41634 -320.086 168.709 228.783 -0.0244972
-1.01462 -2.16758 320.058 374.867 -638.714 0.0297778 1.53754 1.95206 -320.058 224.035 266.488 -0.0297778
-1.14567 -2.62891 320.079 457.909 -700.1 0.03316 1.69442 2.46595 -320.079 282.718 285.865 -0.03316
-1.22192 -2.94633 320.079 514.209 -723.032 0.0344783 1.7389 2.83554 -320.079 326.248 291.191 -0.0344783
-1.20027 -2.99039 320.047 525.299 -706.148 0.0336643 1.68099 2.9537 -320.047 338.721 285.91 -0.0336643
-1.12203 -2.72731 320.046 480.796 -654.682 0.0307753 1.542 2.72236 -320.046 311.364 266.157 -0.0307753
-1.0138 -2.15683 320.056 382.436 -575.445 0.0260102 1.3781 2.16222 -320.056 245.407 226.707 -0.0260102
-0.902878 -1.3295 320.037 241.173 -472.058 0.0197047 1.17904 1.36114 -320.037 150.016 168.695 -0.0197047
-0.774296 -0.419112 320.04 77.4181 -348.565 0.0122982 0.938545 0.390169 -320.04 40.3513 99.2292 -0.0122982
-0.516734 0.473396 320.068 -81.332 -206.759 0.00430238 0.701408 -0.52257 -320.068 -63.266 29.7469 -0.00430238
-0.167918 1.20774 320.052 -212.6 -42.7833 -0.00372785 0.318447 -1.23672 -320.052 -142.533 -27.4374 0.00372785
0.345956 1.65028 320.058 -299.603 139.122 -0.0112443 -0.129077 -1.68113 -320.058 -184.477 -69.1784 0.0112443
1.07365 1.73715 320.121 -330.965 338.122 -0.0177572 -0.590256 -1.78554 -320.121 -180.983 -94.9564 0.0177572
1.91423 1.50515 320.196 -309.463 562.023 -0.0228769 -1.2293 -1.53305 -320.196 -132.169 -103.384 0.0228769
2.76465 1.00835 320.269 -244.622 804.061 -0.0263519 -2.01301 -0.990503 -320.269 -46.0776 -107.478 0.0263519
3.54845 0.330701 320.358 -158.301 1048.21 -0.0280884 -2.76953 -0.341291 -320.358 60.3036 -127.294 0.0280884
4.16436 -0.360864 320.473 -72.9255 1279.55 -0.0281423 -3.45539 0.296976 -320.473 168.06 -168.934 0.0281423
4.7045 -0.877888 320.489 -10.2028 1496.36 -0.0267125 -4.05465 0.822777 -320.489 256.772 -219.659 0.0267125
5.32714 -1.10966 320.558 9.51637 1705 -0.0241301 -4.6144 1.06857 -320.558 306.366 -256.027 0.0241301
5.92752 -0.988547 320.6 -24.0694 1894.96 -0.0207835 -5.2035 0.954651 -320.6 305.738 -272.757 0.0207835
6.45019 -0.532339 320.549 -108.402 2051.99 -0.0170181 -5.68763 0.493723 -320.549 256.76 -283.169 0.0170181
6.74701 0.16998 320.48 -230.453 2162.88 -0.0131352 -5.99547 -0.228682 -320.48 171.759 -305.939 0.0131352
6.79202 0.971764 320.435 -368.302 2221.16 -0.00944545 -6.07874 -1.08225 -320.435 69.0594 -345.388 0.00944545
6.69185 1.75041 320.38 -496.221 2232.92 -0.00624403 -5.99468 -1.87619 -320.38 -31.5309 -383.81 0.00624403
6.54967 2.35087 320.309 -591.23 2210 -0.00376718 -5.88893 -2.48786 -320.309 -112.636 -396.929 0.00376718
6.39442 2.63819 320.24 -634.326 2154.86 -0.00220189 -5.78606 -2.81444 -320.24 -158.717 -379.433 0.00220189
6.17353 2.51821 320.179 -611.451 2059.83 -0.0016916 -5.58272 -2.76397 -320.179 -156.787 -346.284 0.0016916
5.88396 2.01785 320.156 -519.188 1922.88 -0.00232702 -5.19845 -2.25662 -320.156 -102.578 -307.58 0.00232702
5.4565 1.20211 320.162 -370.441 1753.94 -0.00415988 -4.79737 -1.38888 -320.162 -6.6516 -259.446 0.00415988
4.96395 0.185342 320.167 -190.084 1557.22 -0.00720671 -4.33688 -0.358661 -320.167 110.492 -201.701 0.00720671
4.43233 -0.771159 320.24 -9.13663 1341.83 -0.0114004 -3.82542 0.712482 -320.24 224.246 -138.434 0.0114004
3.79612 -1.53598 320.225 138.752 1106.21 -0.0165404 -3.23647 1.54715 -320.225 308.856 -81.4367 0.0165404
3.03105 -1.95546 320.231 230.924 846.046 -0.0223214 -2.49994 2.01431 -320.231 345.609 -40.0806 0.0223214
2.15932 -1.91633 320.249 252.439 569.393 -0.0283999 -1.65516 2.05387 -320.249 324.257 -13.4593 0.0283999
1.35683 -1.43653 320.232 203.348 298.995 -0.034392 -0.751136 1.64926 -320.232 244.945 8.36952 0.034392
0.572855 -0.674509 320.096 99.0111 42.7145 -0.0398442 0.0780024 0.838975 -320.096 120.923 29.693 0.0398442
-0.199792 0.161035 320.04 -26.2696 -187.58 -0.0442904 0.795682 -0.135148 -320.04 -16.6565 42.9389 0.0442904
-0.878394 0.931095 320.032 -133.77 -387.851 -0.0473282 1.51699 -0.904567 -320.032 -132.772 39.3933 0.0473282
-1.46048 1.36119 319.953 -193.215 -542.793 -0.0486505 2.06222 -1.36013 -319.953 -201.962 30.2279 0.0486505
-1.82755 1.4352 319.897 -191.873 -640.594 -0.0480999 2.37361 -1.36161 -319.897 -214.239 29.2434 0.0480999
-1.94997 1.10296 319.927 -133.206 -679.149 -0.0457094 2.45089 -1.00079 -319.927 -172.19 38.6783 0.0457094
-1.90297 0.466572 319.952 -31.9302 -663.593 -0.0416583 2.30496 -0.355623 -319.952 -87.2604 51.1579 0.0416583
-1.72298 -0.332111 319.967 91.0418 -603.867 -0.0362205 2.04197 0.452326 -319.967 23.1901 55.9022 0.0362205
-1.48225 -1.20829 320.008 213.236 -510.314 -0.0297582 1.6907 1.21821 -320.008 139.551 48.5629 0.0297582
-1.16859 -1.92441 320.068 314.275 -389.866 -0.0227049 1.27811 1.90804 -320.068 242.751 33.9071 0.0227049
-0.780205 -2.39348 320.129 375.636 -250.728 -0.0154991 0.810974 2.35677 -320.129 314.693 19.3906 0.0154991
-0.275401 -2.55475 320.172 384.046 -99.1006 -0.00851141 0.334178 2.4487 -320.172 343.017 10.7283 0.00851141
0.236572 -2.37737 320.172 340.528 59.2152 -0.0020107 -0.211347 2.22213 -320.172 327.788 6.41562 0.0020107
0.697484 -1.93808 320.19 255.677 211.172 0.00384267 -0.717 1.73971 -320.19 278.661 -4.74667 -0.00384267
1.15123 -1.32149 320.216 146.692 349.707 0.00898594 -1.07218 1.12652 -320.216 208.908 -25.4004 -0.00898594
1.58957 -0.636321 320.223 29.2577 480.594 0.0134215 -1.42897 0.461012 -320.223 130.042 -40.4324 -0.0134215
2.04545 -0.00911713 320.24 -80.6712 610.164 0.0171846 -1.87148 -0.186984 -320.24 54.6427 -39.1845 -0.0171846
2.52001 0.540929 320.251 -169.661 730.233 0.0203369 -2.28621 -0.665627 -320.251 -5.87226 -29.7977 -0.0203369
2.923 0.932315 320.23 -231.899 831.975 0.0229649 -2.6216 -0.978957 -320.23 -46.0615 -24.0464 -0.0229649
3.21959 1.14376 320.237 -269.501 912.206 0.0251419 -2.87126 -1.17128 -320.237 -67.1541 -24.7366 -0.0251419
3.38894 1.24324 320.267 -285.881 970.391 0.0268857 -3.07528 -1.22386 -320.267 -72.8877 -28.543 -0.0268857
3.4419 1.26778 320.251 -288.529 1003.03 0.0281705 -3.20447 -1.19756 -320.251 -69.9973 -34.6399 -0.0281705
3.4085 1.20936 320.222 -284.639 1005.97 0.0289696 -3.19149 -1.19324 -320.222 -64.7732 -44.296 -0.0289696
3.26547 1.13089 320.22 -275.336 979.043 0.0292707 -3.0757 -1.16517 -320.22 -58.5918 -55.0106 -0.0292707
3.09405 1.05902 320.213 -259.958 926.579 0.0290591 -2.84783 -1.08168 -320.213 -51.3807 -60.6631 -0.0290591
2.88078 0.946003 320.196 -239.104 854.819 0.0283135 -2.5939 -0.99811 -320.196 -43.6452 -56.9431 -0.0283135
2.53657 0.822713 320.166 -213.048 764.142 0.0270282 -2.35327 -0.876036 -320.166 -34.019 -51.4422 -0.0270282
2.082 0.665789 320.145 -181.164 649.432 0.025227 -1.97453 -0.723311 -320.145 -20.8744 -58.0405 -0.025227
1.57872 0.475275 320.151 -144.098 514.565 0.0229534 -1.44579 -0.551172 -320.151 -5.20624 -73.3823 -0.0229534
1.08104 0.293161 320.156 -105.91 376.824 0.0202537 -0.972768 -0.369188 -320.156 9.5547 -76.9776 -0.0202537
0.7107 0.139289 320.109 -68.7316 244.596 0.0171682 -0.560107 -0.189189 -320.109 20.9383 -58.8399 -0.0171682
0.418641 0.00850514 320.088 -35.5244 117.812 0.0137519 -0.195175 -0.0471245 -320.088 27.4273 -27.8457 -0.0137519
0.0767159 -0.0919621 320.092 -8.13922 -5.90827 0.0100996 0.144412 0.0601219 -320.092 30.2712 -3.45855 -0.0100996
-0.345107 -0.143504 320.071 12.0423 -127.492 0.00632913 0.532598 0.146599 -320.071 30.1859 0.161839 -0.00632913
-0.76474 -0.153699 320.045 21.9864 -241.316 0.00254663 0.967739 0.169163 -320.045 25.0375 -10.4374 -0.00254663
-1.04682 -0.174042 320.034 24.6577 -330.711 -0.00114901 1.31137 0.103685 -320.034 15.8383 -12.1461 0.00114901
-1.13424 -0.189573 320.021 29.4197 -384.124 -0.00463953 1.45964 0.0799333 -320.021 9.90542 6.87232 0.00463953
-1.13275 -0.258942 320.007 44.6244 -404.635 -0.00779334 1.42846 0.157354 -320.007 16.043 32.0384 0.00779334
-1.12839 -0.434661 320.009 72.0642 -404.333 -0.0104948 1.38299 0.321122 -320.009 37.9321 38.963 0.0104948
-1.10099 -0.701628 320.025 109.536 -385.918 -0.0126657 1.38005 0.558819 -320.025 73.777 25.0169 0.0126657
-0.988522 -0.999236 320.041 152.174 -339.847 -0.014289 1.26297 0.854657 -320.041 117.347 12.4158 0.014289
-0.709585 -1.2555 320.064 191.198 -260.915 -0.0154178 0.963514 1.15679 -320.064 159.432 17.6775 0.0154178
-0.310388 -1.44442 320.091 216.006 -158.426 -0.0161388 0.557051 1.35926 -320.091 191.461 32.4409 0.0161388
0.0694683 -1.50497 320.124 219.537 -47.6095 -0.0165355 0.152149 1.4405 -320.124 208.496 35.8801 0.0165355
0.370532 -1.40655 320.14 197.362 61.7762 -0.0167079 -0.17334 1.37521 -320.14 206.842 17.7987 0.0167079
0.611547 -1.15444 320.153 147.625 167.592 -0.0168012 -0.446006 1.12801 -320.153 183.985 -13.0939 0.0168012
0.796668 -0.766787 320.168 76.1697 270.525 -0.0169739 -0.764843 0.736983 -320.168 142.256 -42.522 0.0169739
0.99801 -0.345844 320.179 -4.44573 365.354 -0.0173339 -1.04834 0.250103 -320.179 90.9274 -66.6471 0.0173339
1.15781 0.0129628 320.176 -74.6086 444.886 -0.0179133 -1.28403 -0.184927 -320.176 45.7131 -88.4984 0.0179133
1.2747 0.246357 320.173 -118.157 505.532 -0.0186937 -1.45728 -0.429153 -320.173 19.8384 -106.819 0.0186937
1.41184 0.278552 320.182 -126.889 547.936 -0.0196385 -1.5616 -0.460915 -320.182 19.2619 -114.037 0.0196385
1.51137 0.0826555 320.18 -99.4464 572.318 -0.0206948 -1.697 -0.298495 -320.18 43.8764 -104.253 0.0206948
1.60067 -0.267023 320.183 -40.4975 574.957 -0.0217699 -1.77856 0.0742356 -320.183 89.8971 -82.1067 0.0217699
1.62003 -0.711092 320.2 36.778 551.381 -0.0227189 -1.77608 0.557474 -320.2 147.373 -56.1823 0.0227189
1.53885 -1.15561 320.222 114.488 501.312 -0.0233635 -1.69147 1.02375 -320.222 202.024 -30.3631 0.0233635
1.39786 -1.48297 320.221 176.366 426.775 -0.0235183 -1.50438 1.38331 -320.221 239.987 -3.70924 0.0235183
1.20107 -1.6819 320.214 211.803 333.469 -0.0229989 -1.26722 1.5166 -320.214 252.861 26.2854 0.0229989
0.940032 -1.68802 320.211 221.404 223.57 -0.0216163 -0.981352 1.50001 -320.211 241.785 56.4309 0.0216163
0.628851 -1.51756 320.184 208.795 100.659 -0.0191782 -0.617002 1.373 -320.184 211.223 80.8842 0.0191782
0.292814 -1.26923 320.156 178.829 -27.9415 -0.0155116 -0.197787 1.10836 -320.156 166.702 99.444 0.0155116
0.011949 -0.952546 320.134 141.104 -148.54 -0.0105058 0.219212 0.817238 -320.134 116.161 118.355 0.0105058
-0.284744 -0.619839 320.108 102.228 -254.045 -0.00414782 0.514783 0.542494 -320.108 66.8164 137.548 0.00414782
-0.543622 -0.380455 320.07 68.875 -342.716 0.00347319 0.795509 0.270046 -320.07 25.8344 147.611 -0.00347319
-0.817834 -0.241587 320.046 48.815 -414.51 0.0121826 1.05078 0.0956254 -320.046 0.396788 142.33 -0.0121826
-1.05526 -0.195204 320.033 45.7092 -464.265 0.0217141 1.25554 0.072874 -320.033 -6.5301 127.757 -0.0217141
-1.16683 -0.242217 320.02 54.8301 -485.52 0.0316869 1.36942 0.1347 -320.02 0.166798 116.23 -0.0316869
-1.13403 -0.318492 320.013 67.5047 -475.064 0.0416244 1.34042 0.231048 -320.013 12.5698 114.776 -0.0416244
-0.966804 -0.310346 320.018 72.7495 -436.18 0.0510159 1.21814 0.339242 -320.018 21.8496 118.032 -0.0510159
-0.759005 -0.209034 320.027 57.6515 -375.677 0.0593667 1.03665 0.30995 -320.027 17.9497 114.229 -0.0593667
-0.530544 0.00359201 320.038 15.8268 -298.748 0.0662168 0.859488 0.081896 -320.038 -4.28727 96.4377 -0.0662168
-0.288877 0.388273 320.044 -51.3999 -203.831 0.0711534 0.645762 -0.267157 -320.044 -43.7109 67.949 -0.0711534
-0.0328443 0.827582 320.052 -136.018 -90.3698 0.0738312 0.351421 -0.758594 -320.052 -94.3764 34.7662 -0.0738312
0.197235 1.27566 320.066 -224.427 34.6915 0.0739964 -0.00641431 -1.26913 -320.066 -145.305 -4.52475 -0.0739964
0.501025 1.67204 320.077 -300.084 164.461 0.0715045 -0.284417 -1.66279 -320.077 -184.497 -49.3929 -0.0715045
0.837208 1.90624 320.093 -351.978 299.296 0.0663275 -0.607384 -1.92421 -320.093 -204.673 -88.0871 -0.0663275
1.24327 1.94477 320.126 -373.513 442.086 0.0585496 -1.02214 -2.00497 -320.126 -200.528 -111.267 -0.0585496
1.69661 1.7789 320.144 -359.294 584.886 0.0483591 -1.45709 -1.84694 -320.144 -167.735 -124.676 -0.0483591
2.1383 1.40497 320.17 -310.548 717.414 0.0360496 -1.84098 -1.47224 -320.17 -107.755 -136.954 -0.0360496
2.52261 0.858551 320.209 -235.068 837.503 0.0220181 -2.20119 -0.948992 -320.209 -27.8578 -148.604 -0.0220181
2.78945 0.243396 320.242 -146.539 938.361 0.00674205 -2.55029 -0.344666 -320.242 60.765 -159.75 -0.00674205
2.97103 -0.358348 320.265 -58.066 1013.15 -0.00924688 -2.80479 0.249894 -320.265 146.084 -171.014 0.00924688
2.93859 -0.862297 320.269 16.5467 1052.38 -0.0253642 -3.00776 0.738638 -320.269 215.691 -185.36 0.0253642
2.76366 -1.1956 320.258 67.0515 1045.5 -0.0409757 -2.99903 1.05889 -320.258 260.144 -205.154 0.0409757
2.61128 -1.29507 320.252 87.4742 994.829 -0.0554351 -2.72771 1.18392 -320.252 272.354 -216.132 0.0554351
2.40215 -1.13685 320.24 75.1583 914.602 -0.0681276 -2.5121 1.09473 -320.24 248.754 -197.818 0.0681276
2.16788 -0.797502 320.217 33.4605 805.611 -0.0784931 -2.26273 0.770925 -320.217 194.144 -159.388 0.0784931
1.76155 -0.343551 320.154 -25.2229 658.319 -0.0860445 -1.85402 0.325386 -320.154 122.191 -130.867 0.0860445
1.13494 0.120099 320.144 -83.3682 474.944 -0.0904026 -1.25496 -0.117151 -320.144 48.7316 -125.966 0.0904026
0.395084 0.503172 320.146 -129.758 272.885 -0.091344 -0.579233 -0.496485 -320.146 -15.585 -130.013 0.091344
-0.252218 0.710463 320.077 -149.22 67.9615 -0.0888329 0.0828691 -0.736418 -320.077 -61.03 -115.807 0.0888329
-0.726634 0.663841 320.05 -129.348 -123.484 -0.083005 0.585796 -0.764776 -320.05 -78.1693 -66.8691 0.083005
-1.12129 0.36132 320.067 -63.5979 -302.186 -0.074116 0.949346 -0.472879 -320.067 -57.4717 1.15733 0.074116
-1.52255 -0.173037 320.064 44.093 -475.032 -0.0625272 1.32167 0.132443 -320.064 0.506737 61.1156 0.0625272
-1.97506 -0.885478 320.087 175.738 -645.807 -0.0487352 1.75301 0.878957 -320.087 80.9142 103.021 0.0487352
-2.42117 -1.59685 320.092 304.143 -802.31 -0.0333551 2.12871 1.60867 -320.092 161.96 139.704 0.0333551
-2.76509 -2.12858 320.077 405.977 -939.147 -0.0170382 2.42083 2.19484 -320.077 222.613 183.749 0.0170382
-3.03061 -2.38863 320.069 461.726 -1056.85 -0.000406097 2.63778 2.48339 -320.069 246.626 231.013 0.000406097
-3.30502 -2.38356 320.048 463.472 -1163.4 0.0159942 2.85295 2.37848 -320.048 228.946 266.139 -0.0159942
-3.62149 -2.08683 320.016 419.747 -1263.2 0.0317166 3.13676 2.01903 -320.016 177.366 278.489 -0.0317166
-3.94768 -1.56547 319.976 344.608 -1350.18 0.0463822 3.43477 1.51045 -319.976 102.884 274.607 -0.0463822
-4.1758 -0.929844 319.921 249.537 -1414.79 0.059654 3.67891 0.885183 -319.921 14.7687 270.483 -0.059654
-4.28475 -0.228632 319.877 146.98 -1449.88 0.0712787 3.78027 0.249163 -319.877 -76.9597 274.943 -0.0712787
-4.31828 0.399513 319.85 49.0534 -1458.29 0.0811178 3.77241 -0.376969 -319.85 -161.273 279.603 -0.0811178
-4.33283 0.905303 319.829 -31.7578 -1447.57 0.0891274 3.74436 -0.876276 -319.829 -226.507 270.893 -0.0891274
-4.31976 1.2979 319.813 -89.52 -1419.53 0.0953223 3.71392 -1.16699 -319.813 -268.044 249.273 -0.0953223
-4.23742 1.47511 319.81 -125.916 -1370.28 0.0997339 3.59908 -1.38443 -319.81 -289.012 228.82 -0.0997339
-4.04006 1.43171 319.819 -138.605 -1298.03 0.1024 3.3634 -1.51151 -319.819 -288.508 219.661 -0.1024
-3.75698 1.31049 319.84 -122.839 -1209.38 0.103407 3.04875 -1.3487 -319.84 -263.036 218.049 -0.103407
-3.45321 1.04157 319.875 -85.8508 -1115.06 0.102904 2.73128 -1.05712 -319.875 -218.617 214.187 -0.102904
-3.17032 0.695115 319.899 -40.9765 -1022.61 0.101042 2.44983 -0.737013 -319.899 -166.674 203.946 -0.101042
-2.92213 0.429711 319.935 -0.305815 -934.067 0.0979361 2.18107 -0.392342 -319.935 -118.735 190.72 -0.0979361
-2.69915 0.300623 319.963 20.2716 -853.834 0.0936922 1.94864 -0.173691 -319.963 -88.817 176.848 -0.0936922
-2.51952 0.339547 319.964 8.70007 -786.344 0.0884328 1.77376 -0.201702 -319.964 -86.9981 161.042 -0.0884328
-2.42181 0.600837 319.963 -36.617 -735.206 0.0822972 1.67003 -0.442336 -319.963 -114.633 139.322 -0.0822972
-2.41498 1.05956 319.965 -110.682 -702.833 0.0754316 1.6579 -0.856507 -319.965 -167.417 109.832 -0.0754316
-2.45896 1.65597 319.948 -205.602 -686.875 0.067976 1.73085 -1.4076 -319.948 -239.241 76.9837 -0.067976
-2.52167 2.22536 319.922 -305.333 -682.41 0.0600616 1.83514 -2.06496 -319.922 -317.764 48.3219 -0.0600616
-2.58925 2.7342 319.899 -388.283 -683.726 0.0518194 1.91676 -2.58561 -319.899 -384.402 28.0009 -0.0518194
-2.62687 3.04284 319.888 -435.841 -688.478 0.043387 2.00469 -2.86925 -319.888 -422.902 14.529 -0.043387
-2.6511 3.04093 319.884 -438.051 -693.878 0.0349039 2.06813 -2.89689 -319.884 -424.431 7.19381 -0.0349039
-2.65824 2.74832 319.89 -391.559 -696.989 0.0264883 2.08549 -2.60437 -319.89 -385.904 6.73366 -0.0264883
-2.61618 2.18968 319.909 -301.861 -696.253 0.0182202 2.07725 -2.03458 -319.909 -311.643 13.2883 -0.0182202
-2.59517 1.446 319.942 -182.698 -693.344 0.0101581 2.00328 -1.28031 -319.942 -213.153 24.1578 -0.0101581
-2.6262 0.641583 319.976 -53.5631 -694.926 0.00236668 1.92794 -0.463487 -319.976 -106.723 32.1481 -0.00236668
-2.6425 -0.0884323 320 62.9907 -704.628 -0.00507357 1.95445 0.268192 -320 -10.8904 35.5943 0.00507357
-2.688 -0.640339 320.01 150.084 -721.265 -0.0120603 1.98153 0.796762 -320.01 59.0152 41.6306 0.0120603
-2.75546 -0.988385 320.015 200.243 -744.634 -0.0184645 1.99702 1.04936 -320.015 96.139 52.874 0.0184645
-2.78568 -1.11289 320.019 217.688 -776.929 -0.0241286 2.10868 1.10359 -320.019 104.678 64.4626 0.0241286
-2.8519 -1.06783 320.006 212.507 -815.567 -0.0288678 2.23417 1.03648 -320.006 93.5775 75.1456 0.0288678
-2.96908 -0.942108 319.987 195.367 -856.783 -0.0324898 2.33645 0.896643 -319.987 72.148 84.3721 0.0324898
-3.11458 -0.713988 319.981 172.423 -900.254 -0.034831 2.45883 0.787708 -319.981 46.1347 88.825 0.034831
-3.25223 -0.465789 319.974 143.055 -943.693 -0.035774 2.61286 0.621434 -319.974 15.2953 89.7915 0.035774
-3.3362 -0.233394 319.958 108.121 -980.907 -0.0352422 2.75229 0.37245 -319.958 -19.7003 94.4633 0.0352422
-3.33989 0.0339253 319.938 73.2873 -1004.61 -0.0332053 2.81706 0.162437 -319.938 -54.2103 108.15 0.0332053
-3.2956 0.27171 319.931 41.2348 -1013.46 -0.0296912 2.79951 -0.0328202 -319.931 -85.0703 125.935 0.0296912
-3.16562 0.386018 319.924 15.495 -1008.22 -0.024782 2.79805 -0.253797 -319.924 -108.045 139.789 0.024782
-2.97864 0.420134 319.913 4.71768 -983.835 -0.0186066 2.74522 -0.344593 -319.913 -115.423 150.279 0.0186066
-2.72661 0.378016 319.914 12.5511 -933.608 -0.0113517 2.57123 -0.254744 -319.914 -104.095 162.034 0.0113517
-2.35733 0.188721 319.934 34.4482 -856.057 -0.00326387 2.3213 -0.109678 -319.934 -77.4324 174.591 0.00326387
-1.9056 -0.0749316 319.954 66.0266 -751.521 0.00537668 1.98495 0.112456 -319.954 -38.459 184.762 -0.00537668
-1.41117 -0.360392 319.988 102.2 -621.543 0.014278 1.56285 0.404526 -319.988 9.23934 188.22 -0.014278
-1.0216 -0.570073 320.035 130.828 -474.279 0.0231287 1.02989 0.709308 -320.035 55.3104 175.326 -0.0231287
-0.664428 -0.606376 320.081 131.41 -324.363 0.031593 0.610705 0.859499 -320.081 81.7647 138.598 -0.031593
-0.333725 -0.396778 320.113 86.0559 -176.496 0.0393407 0.270954 0.682302 -320.113 70.8535 88.5575 -0.0393407
-0.0407172 0.128244 320.12 -12.9034 -29.506 0.0460896 -0.122495 0.143392 -320.12 15.1623 41.7186 -0.0460896
0.27619 0.969993 320.111 -156.477 110.474 0.0516292 -0.48022 -0.65399 -320.111 -79.4861 0.151207 -0.0516292
0.605933 2.00152 320.11 -328.975 234.209 0.0558332 -0.708787 -1.64745 -320.11 -201.271 -42.101 -0.0558332
0.82234 3.07334 320.097 -510.865 340.882 0.0586601 -0.925466 -2.73518 -320.097 -333.211 -85.5186 -0.0586601
0.989019 4.00975 320.074 -675.608 432.341 0.0601235 -1.08526 -3.75065 -320.074 -452.114 -129.252 -0.0601235
1.14647 4.74128 320.038 -795.007 508.209 0.060259 -1.17907 -4.4184 -320.038 -536.065 -168.372 -0.060259
1.25959 5.15126 320.037 -858.493 572.683 0.0591249 -1.33451 -4.72608 -320.037 -576.883 -193.635 -0.0591249
1.31489 5.12527 320.049 -864.716 621.654 0.0568007 -1.52486 -4.7734 -320.049 -573.779 -206.787 -0.0568007
1.37298 4.80307 320.037 -815.985 646.816 0.0533705 -1.58822 -4.44889 -320.037 -528.554 -214.241 -0.0533705
1.39949 4.21149 320.043 -722.614 648.126 0.0489282 -1.5973 -3.86216 -320.043 -450.719 -210.395 -0.0489282
1.37861 3.45205 320.08 -602.349 627.477 0.0435889 -1.62814 -3.14224 -320.08 -356.023 -188.394 -0.0435889
1.35333 2.71802 320.094 -476.071 580.785 0.0374758 -1.57209 -2.35883 -320.094 -261.795 -153.69 -0.0374758
1.22901 2.08365 320.087 -366.065 503.337 0.0307357 -1.41991 -1.7122 -320.087 -185.638 -116.657 -0.0307357
0.954608 1.65438 320.091 -288.903 393.611 0.0235799 -1.15187 -1.29914 -320.091 -140.365 -86.0399 -0.0235799
0.566523 1.48945 320.102 -252.097 255.852 0.0162676 -0.741157 -1.14305 -320.102 -130.472 -64.6855 -0.0162676
0.0861043 1.50975 320.063 -248.299 95.6947 0.00906057 -0.239 -1.23604 -320.063 -150.67 -47.6711 -0.00906057
-0.451948 1.6605 320.028 -261.217 -77.3991 0.00223374 0.286271 -1.43122 -320.028 -187.954 -29.4794 -0.00223374
-1.03027 1.82442 320.012 -275.113 -257.742 -0.00391802 0.823929 -1.62832 -320.012 -226.447 -11.7018 0.00391802
-1.60019 1.86855 319.981 -272.255 -438.514 -0.00914068 1.39142 -1.72887 -319.981 -250.259 3.39095 0.00914068
-2.13306 1.74859 319.954 -239.314 -610.962 -0.0132559 1.92903 -1.61077 -319.954 -248.549 19.8986 0.0132559
-2.59987 1.43461 319.969 -172.276 -767.208 -0.0161418 2.37746 -1.25439 -319.969 -218.125 42.786 0.0161418
-2.96277 0.918699 319.963 -80.6421 -901.384 -0.0177432 2.73205 -0.768274 -319.963 -164.114 72.3693 0.0177432
-3.19807 0.264387 319.94 27.7802 -1009.24 -0.0180912 3.01563 -0.179758 -319.94 -91.9104 104.535 0.0180912
-3.33161 -0.434612 319.94 144.521 -1087.1 -0.0172772 3.19718 0.49501 -319.94 -9.00962 136.38 0.0172772
-3.33678 -1.1133 319.952 255.515 -1130.99 -0.0154367 3.28115 1.15038 -319.952 73.8559 167.168 0.0154367
-3.20832 -1.69176 319.944 347.202 -1137.24 -0.0127643 3.25132 1.69665 -319.944 145.602 196.338 0.0127643
-3.00725 -2.08766 319.938 408.854 -1105.32 -0.00949551 3.07847 2.0858 -319.938 198.01 218.772 0.00949551
-2.73453 -2.28793 319.952 434.711 -1039.01 -0.00586901 2.8458 2.26466 -319.952 227.22 226.01 0.00586901
-2.42305 -2.23992 319.969 422.54 -941.575 -0.00212653 2.56079 2.25846 -319.969 231.48 215.473 0.00212653
-2.03793 -1.95683 319.986 371.75 -810.861 0.00148203 2.19804 2.04018 -319.986 209.372 193.742 -0.00148203
-1.56528 -1.4936 319.996 284.868 -648.862 0.00472046 1.73716 1.58003 -319.996 162.027 167.782 -0.00472046
-1.01144 -0.861156 320.033 170.852 -458.877 0.00737928 1.19886 0.980653 -320.033 96.9899 136.949 -0.00737928
-0.43226 -0.168909 320.091 44.073 -252.175 0.0092784 0.632924 0.300909 -320.091 24.3401 97.1543 -0.0092784
0.170056 0.467424 320.098 -81.2643 -33.5071 0.0102905 0.0693543 -0.39494 -320.098 -43.9743 48.4562 -0.0102905
0.83165 1.01251 320.104 -188.735 196.776 0.0103476 -0.518189 -0.944282 -320.104 -95.6145 0.261663 -0.0103476
1.52833 1.35827 320.18 -263.864 435.966 0.00941281 -1.18988 -1.29512 -320.18 -121.794 -39.509 -0.00941281
2.26404 1.4829 320.276 -306.561 682.577 0.00747724 -1.91358 -1.44998 -320.276 -119.801 -73.4865 -0.00747724
2.89344 1.38022 320.294 -311.267 920.084 0.00459067 -2.65028 -1.36296 -320.294 -87.6208 -111.939 -0.00459067
3.44833 1.091 320.362 -285.476 1132.6 0.000865529 -3.23654 -1.09294 -320.362 -32.2412 -158.126 -0.000865529
3.96654 0.684346 320.394 -240.322 1318.91 -0.00355182 -3.72603 -0.720369 -320.394 35.7513 -197.569 0.00355182
4.42903 0.25525 320.409 -188.588 1479.45 -0.00848603 -4.24333 -0.328001 -320.409 103.317 -215.391 0.00848603
4.83664 -0.159591 320.432 -138.701 1606.14 -0.0137078 -4.69216 0.00612231 -320.432 162.212 -217.388 0.0137078
5.04773 -0.477135 320.383 -97.6248 1677.26 -0.0189252 -4.92696 0.280812 -320.383 207.162 -223.582 0.0189252
5.00178 -0.600525 320.331 -73.9521 1684.62 -0.0238012 -4.91829 0.481182 -320.331 230.524 -238.837 0.0238012
4.7193 -0.548648 320.307 -78.6776 1629.98 -0.0279812 -4.72453 0.440933 -320.307 221.876 -253.473 0.0279812
4.25309 -0.283839 320.253 -114.613 1516.61 -0.0311148 -4.37376 0.156827 -320.253 178.09 -259.011 0.0311148
3.68621 0.191132 320.189 -174.479 1350.21 -0.0328584 -3.83632 -0.279916 -320.189 105.54 -253.416 0.0328584
2.97446 0.772193 320.134 -247.343 1134.17 -0.0328875 -3.15804 -0.82714 -320.134 14.5428 -239.8 0.0328875
2.11159 1.35443 320.087 -319.148 872.86 -0.0309376 -2.34828 -1.39898 -320.087 -81.2451 -222.094 0.0309376
1.1675 1.83239 320.119 -371.218 575.981 -0.0268509 -1.41523 -1.86695 -320.119 -166.509 -198.614 0.0268509
0.189732 2.11546 320.067 -389.077 261.058 -0.0206067 -0.463624 -2.13247 -320.067 -228.244 -164.752 0.0206067
-0.719184 2.10841 320.016 -363.638 -56.1104 -0.0123321 0.466365 -2.16168 -320.016 -256.778 -115.553 0.0123321
-1.59818 1.7922 320.013 -288.302 -374.514 -0.00229366 1.35221 -1.88378 -320.013 -245.666 -54.3732 0.00229366
-2.38554 1.1948 320.024 -165.406 -678.249 0.00912678 2.15235 -1.28762 -320.024 -195.017 17.908 -0.00912678
-3.05975 0.397764 320.088 -8.83748 -963.51 0.021458 2.88334 -0.457068 -320.088 -114.983 98.2385 -0.021458
-3.641 -0.459938 320.052 155.463 -1217.79 0.0341456 3.47676 0.444772 -320.052 -23.5165 181.145 -0.0341456
-4.16202 -1.25934 320.008 304.957 -1440.85 0.0465694 3.9696 1.25306 -320.008 60.6793 256.27 -0.0465694
-4.62439 -1.82872 320.01 418.351 -1635.14 0.0581092 4.44984 1.87653 -320.01 120.682 313.099 -0.0581092
-4.97626 -2.1041 319.948 477.811 -1786.78 0.0682146 4.83017 2.16434 -319.948 143.115 357.95 -0.0682146
-5.19637 -2.0514 319.873 478.549 -1889.57 0.0764254 5.0654 2.09334 -319.873 124.446 394.303 -0.0764254
-5.27684 -1.67514 319.815 428.086 -1942.31 0.0823701 5.18951 1.75471 -319.815 71.0605 417.176 -0.0823701
-5.26152 -1.08737 319.749 337.852 -1944.9 0.0857899 5.20072 1.19085 -319.749 -6.03455 420.357 -0.0857899
-5.1682 -0.398956 319.691 224.966 -1897.67 0.0865431 5.10068 0.510748 -319.691 -92.0122 401.368 -0.0865431
-4.93788 0.295816 319.672 108.01 -1798 0.0845804 4.89458 -0.14747 -319.672 -171.684 365.387 -0.0845804
-4.51983 0.882678 319.678 2.40131 -1641.96 0.0799449 4.52977 -0.704387 -319.678 -232.325 323.491 -0.0799449
-3.98841 1.28696 319.689 -77.2266 -1434.09 0.0727804 3.93406 -1.06826 -319.689 -264.389 279.905 -0.0727804
-3.37476 1.50133 319.735 -128.055 -1188.21 0.0633052 3.2166 -1.2179 -319.735 -266.546 228.048 -0.0633052
-2.65536 1.48293 319.833 -153.936 -915.356 0.0517938 2.4954 -1.2449 -319.833 -242.023 165.195 -0.0517938
-1.89716 1.28014 319.966 -158.082 -620.762 0.0385903 1.6889 -1.14794 -319.966 -194.438 98.6874 -0.0385903
-1.04278 1.00281 320.055 -138.67 -313.933 0.0241092 0.830839 -0.835467 -320.055 -128.273 41.4297 -0.0241092
-0.117251 0.64886 320.088 -110.183 -1.34773 0.00882229 -0.0869442 -0.494933 -320.088 -55.9711 -2.57971 -0.00882229
0.785304 0.315201 320.19 -83.9208 302.359 -0.00674468 -1.01226 -0.179445 -320.19 11.9723 -39.9824 0.00674468
1.58555 0.141496 320.299 -72.3476 580.155 -0.0220245 -1.8093 0.0900514 -320.299 64.6867 -85.0209 0.0220245
2.24915 0.107272 320.372 -89.2575 826.898 -0.0364432 -2.46989 0.116729 -320.372 90.3468 -138.75 0.0364432
2.76956 0.242975 320.347 -136.787 1032.19 -0.0494463 -2.9946 -0.109191 -320.347 85.2486 -191.667 0.0494463
3.17825 0.496468 320.364 -201.295 1195.02 -0.0605048 -3.42164 -0.48506 -320.364 58.2445 -232.637 0.0605048
3.46019 0.777543 320.329 -264.205 1309.84 -0.0691362 -3.71863 -0.862601 -320.329 25.4111 -263.043 0.0691362
3.6273 0.935149 320.282 -304.77 1373.21 -0.0749535 -3.83364 -1.13435 -320.282 3.56456 -285.249 0.0749535
3.64305 0.874967 320.248 -305.285 1385.61 -0.077703 -3.82512 -1.17675 -320.248 6.65617 -296.552 0.077703
3.56088 0.705235 320.229 -262.4 1351.54 -0.077271 -3.71487 -0.842234 -320.229 37.0501 -290.524 0.077271
3.41044 0.336996 320.212 -191.889 1275.07 -0.0736733 -3.51359 -0.415412 -320.212 82.0916 -265.369 0.0736733
3.15157 -0.102639 320.186 -112.157 1157.94 -0.0670461 -3.22506 0.00985138 -320.186 128.078 -228.097 0.0670461
2.75106 -0.431961 320.174 -37.8086 999.43 -0.0576368 -2.79693 0.44114 -320.174 164.309 -190.389 0.0576368
2.16586 -0.615664 320.217 13.2553 802.337 -0.0457973 -2.26056 0.691679 -320.217 176.416 -156.732 0.0457973
1.45694 -0.543194 320.172 24.0321 571.694 -0.031982 -1.58625 0.666251 -320.172 151.5 -127.601 0.031982
0.734278 -0.1452 320.174 -13.651 325.261 -0.0167206 -0.841865 0.334583 -320.174 83.2584 -94.9087 0.0167206
-0.0175822 0.500229 320.106 -95.0065 68.0634 -0.000562405 -0.0990215 -0.32152 -320.106 -24.3968 -55.5023 0.000562405
-0.703488 1.3154 320.05 -201.03 -189.686 0.0159627 0.667016 -1.13626 -320.05 -155.097 -9.34327 -0.0159627
-1.39773 2.16962 320.004 -311.024 -440.968 0.0323442 1.38341 -1.95241 -320.004 -287.707 36.3666 -0.0323442
-2.07914 2.86476 319.958 -399.297 -676.77 0.0480748 2.0375 -2.64159 -319.958 -400.483 77.552 -0.0480748
-2.65853 3.3055 319.925 -448.195 -893.158 0.0626418 2.70574 -3.06366 -319.925 -476.868 112.15 -0.0626418
-3.14444 3.41341 319.864 -446.146 -1074.43 0.075527 3.21207 -3.14627 -319.864 -506.53 148.803 -0.075527
-3.48528 3.18448 319.833 -395.409 -1211.18 0.0862281 3.52156 -2.90344 -319.833 -488.663 190.697 -0.0862281
-3.6626 2.65412 319.82 -300.555 -1305.49 0.0943016 3.72712 -2.35877 -319.82 -427.276 229.097 -0.0943016
-3.745 1.91332 319.811 -177.159 -1358.96 0.0993967 3.82241 -1.61315 -319.811 -334.671 256.575 -0.0993967
-3.74591 1.10373 319.805 -46.5413 -1371.52 0.101259 3.81004 -0.791888 -319.805 -228.321 270.738 -0.101259
-3.64284 0.371444 319.815 68.0405 -1344.31 0.0997368 3.7165 -0.0472199 -319.815 -128.311 272.143 -0.0997368
-3.42288 -0.149469 319.823 145.316 -1277.13 0.0948181 3.5334 0.482877 -319.823 -52.9008 263.674 -0.0948181
-3.11244 -0.360063 319.832 170.938 -1170.92 0.0866624 3.23626 0.714373 -319.832 -14.3278 245.995 -0.0866624
-2.7448 -0.232633 319.858 139.487 -1030.7 0.0755994 2.85884 0.604176 -319.858 -17.4598 214.387 -0.0755994
-2.34346 0.206949 319.888 54.358 -862.77 0.0620963 2.45561 0.172207 -319.888 -59.0354 163.805 -0.0620963
-1.8962 0.871518 319.915 -72.3982 -669.676 0.0467253 2.01908 -0.517334 -319.915 -129.111 99.6583 -0.0467253
-1.37354 1.65617 319.987 -219.147 -451.067 0.0301298 1.49481 -1.31232 -319.987 -211.972 33.7626 -0.0301298
-0.756557 2.41706 320.004 -361.278 -210.112 0.0129851 0.878025 -2.06596 -320.004 -289.999 -27.2889 -0.0129851
-0.0584955 3.03365 320.016 -481.956 47.4681 -0.00403223 0.196115 -2.67988 -320.016 -348.214 -83.6965 0.00403223
0.675095 3.40613 320.094 -565.06 311.975 -0.0202728 -0.529332 -3.06333 -320.094 -375.053 -135.532 0.0202728
1.4521 3.48188 320.192 -603.617 582.787 -0.0351588 -1.29222 -3.17667 -320.192 -364.075 -181.94 0.0351588
2.2331 3.2954 320.237 -593.647 849.355 -0.0482228 -2.06487 -2.95727 -320.237 -315.172 -222.136 0.0482228
2.95449 2.89152 320.322 -546.375 1101.16 -0.0591114 -2.85223 -2.51225 -320.322 -239.194 -254.15 0.0591114
3.59353 2.39253 320.358 -483.179 1324.65 -0.0675683 -3.55783 -1.98488 -320.358 -153.344 -281.761 0.0675683
4.07147 1.93935 320.367 -424.214 1503.98 -0.0734455 -4.11989 -1.49917 -320.367 -75.9567 -309.573 0.0734455
4.41747 1.64047 320.377 -386.398 1633.67 -0.0767106 -4.49713 -1.17835 -320.377 -23.7786 -333.885 0.0767106
4.61719 1.53555 320.342 -380.188 1706.06 -0.0774094 -4.68935 -1.12497 -320.342 -7.01644 -349.153 0.0774094
4.67232 1.67077 320.29 -404.418 1721.09 -0.0756297 -4.73334 -1.28255 -320.29 -25.3351 -349.751 0.0756297
4.5752 1.96673 320.237 -450.004 1678.25 -0.0715006 -4.61482 -1.61309 -320.237 -70.7613 -338.347 0.0715006
4.28587 2.30772 320.175 -501.679 1576.93 -0.065201 -4.31885 -2.03204 -320.175 -129.467 -322.29 0.065201
3.84441 2.61299 320.128 -540.353 1425.14 -0.0569559 -3.85422 -2.3737 -320.128 -184.736 -302.487 0.0569559
3.28578 2.78256 320.103 -552.921 1234.35 -0.0470411 -3.30306 -2.56361 -320.103 -224.328 -273.385 0.0470411
2.64112 2.73554 320.071 -529.582 1012.21 -0.0357899 -2.71298 -2.55748 -320.071 -239.859 -231.181 0.0357899
1.96216 2.47328 320.081 -469.121 764.133 -0.0235755 -2.06171 -2.32687 -320.081 -228.608 -177.004 0.0235755
1.1916 1.99616 320.119 -371.182 493.711 -0.0107855 -1.39208 -1.87436 -320.119 -191.365 -116.524 0.0107855
0.383479 1.38636 320.102 -250.764 206.436 0.00218125 -0.646061 -1.2845 -320.102 -137.36 -55.8012 -0.00218125
-0.429211 0.726141 320.092 -119.522 -94.6916 0.0149107 0.165569 -0.631178 -320.092 -77.6253 8.53889 -0.0149107
-1.25058 0.109787 320.099 3.69105 -401.656 0.0270101 0.967472 -0.0434477 -320.099 -25.7623 78.8478 -0.0270101
-2.01034 -0.407124 320.145 111.678 -707.917 0.0381673 1.7918 0.437692 -320.145 11.3882 154.148 -0.0381673
-2.76812 -0.733168 320.126 193.007 -1004.34 0.048153 2.57705 0.792511 -320.126 29.1068 225.612 -0.048153
-3.51008 -0.855837 320.058 242.497 -1284.68 0.0567869 3.3743 0.982709 -320.058 25.1855 281.615 -0.0567869
-4.22901 -0.770267 320.011 256.723 -1541.36 0.0639397 4.15393 0.966414 -320.011 -3.748 319.948 -0.0639397
-4.9111 -0.442123 319.936 230.459 -1760.03 0.0695422 4.81202 0.728431 -319.936 -59.6647 343.409 -0.0695422
-5.43905 -0.036799 319.847 170.995 -1928.51 0.0735771 5.36632 0.207582 -319.847 -134.715 354.281 -0.0735771
-5.75462 0.320195 319.753 104.42 -2037.05 0.0760899 5.79383 -0.38468 -319.753 -206.031 354.628 -0.0760899
-5.88473 0.616652 319.666 61.6395 -2075.31 0.0771807 5.96097 -0.663517 -319.666 -246.83 349.638 -0.0771807
-5.77544 0.662791 319.613 53.9433 -2038.04 0.0769492 5.87648 -0.670046 -319.613 -246.8 340.62 -0.0769492
-5.39831 0.409959 319.603 79.8787 -1925.77 0.075448 5.58491 -0.471025 -319.603 -207.122 325.76 -0.075448
-4.74823 0.106824 319.624 127.615 -1736.88 0.0726911 5.06546 0.0310309 -319.624 -137.93 307.216 -0.0726911
-3.86768 -0.269301 319.683 172.744 -1473.59 0.0686786 4.281 0.500198 -319.683 -60.3285 286.416 -0.0686786
-2.82363 -0.597364 319.747 195.324 -1152.12 0.0634068 3.33685 0.79169 -319.747 6.99711 254.554 -0.0634068
-1.77381 -0.653714 319.918 180.315 -784.057 0.056875 2.21497 0.936896 -319.918 51.1539 202.907 -0.056875
-0.763311 -0.426486 320.071 111.734 -389.976 0.0490881 1.08917 0.754043 -320.071 59.9972 120.213 -0.0490881
0.211962 0.0858386 320.178 -11.7189 11.5115 0.0400624 0.041518 0.187701 -320.178 26.555 13.7188 -0.0400624
1.20508 0.820638 320.214 -176.468 418.355 0.0298577 -1.03208 -0.682217 -320.214 -42.0292 -91.7517 -0.0298577
2.29609 1.68297 320.417 -356.098 831.276 0.0186026 -2.163 -1.62572 -320.417 -124.949 -180.784 -0.0186026
3.40834 2.40352 320.585 -512.762 1230.07 0.00648881 -3.27744 -2.45917 -320.585 -194.233 -255.069 -0.00648881
4.49682 2.77996 320.528 -615.993 1603.24 -0.00623835 -4.30551 -2.98953 -320.528 -222.898 -319.826 0.00623835
5.48775 2.72103 320.513 -637.772 1941.93 -0.019293 -5.26576 -2.97183 -320.513 -190.108 -374.257 0.019293
6.36963 2.20626 320.58 -576.5 2230.63 -0.0323808 -6.09589 -2.41653 -320.58 -96.0026 -413.58 0.0323808
7.12889 1.33848 320.564 -450.97 2462.14 -0.0452332 -6.81316 -1.46986 -320.564 42.0281 -430.085 0.0452332
7.6428 0.337216 320.54 -297.25 2623.46 -0.0575847 -7.43238 -0.370186 -320.54 193.523 -426.462 0.0575847
7.92099 -0.60774 320.509 -150.763 2700.75 -0.069122 -7.74896 0.614514 -320.509 327.391 -417.211 0.069122
7.84606 -1.29823 320.442 -41.9868 2683.85 -0.0794912 -7.73825 1.28879 -320.442 416.919 -412.802 0.0794912
7.50692 -1.58701 320.366 10.4157 2575.59 -0.0883164 -7.3865 1.55763 -320.366 445.572 -405.15 0.0883164
6.94335 -1.39379 320.302 -0.583525 2386.18 -0.0951982 -6.82232 1.40772 -320.302 406.781 -380.018 0.0951982
6.16979 -0.805696 320.201 -70.4398 2122.08 -0.0997296 -6.0708 0.821267 -320.201 306.069 -338.087 0.0997296
5.17647 0.0836866 320.118 -181.604 1788.33 -0.101504 -5.08395 -0.0427608 -320.118 162.583 -292.771 0.101504
3.96139 1.03646 320.098 -302.867 1398.37 -0.100136 -3.89192 -1.0142 -320.098 4.39861 -253.383 0.100136
2.6592 1.75616 320.122 -397.187 982.443 -0.0953437 -2.61736 -1.90204 -320.122 -134.705 -212.784 0.0953437
1.30336 2.11105 320.123 -423.77 547.256 -0.0870317 -1.31232 -2.31918 -320.123 -220.135 -165.207 0.0870317
0.0362598 1.87402 320.092 -355.696 119.93 -0.0753075 -0.0872283 -2.15267 -320.092 -229.411 -101.033 0.0753075
-1.12417 0.991905 320.063 -188.199 -294.771 -0.0604921 1.03611 -1.38705 -320.063 -157.331 -19.2144 0.0604921
-2.10775 -0.326181 320.12 63.0208 -689.198 -0.0431135 2.10534 0.00397122 -320.12 -14.7618 75.9065 0.0431135
-2.91635 -1.9515 320.248 358.036 -1048.5 -0.0238306 2.99713 1.66539 -320.248 167.934 187.157 0.0238306
-3.65179 -3.62354 320.216 652.242 -1368.34 -0.00337796 3.67922 3.31117 -320.216 355.938 300.14 0.00337796
-4.32751 -5.03649 320.15 905.416 -1654.26 0.0174394 4.35213 4.74993 -320.15 517.232 389.339 -0.0174394
-4.94226 -6.02052 320.128 1078.88 -1897.47 0.0377963 5.01777 5.68851 -320.128 623.213 445.887 -0.0377963
-5.45746 -6.43901 320.055 1154.9 -2085.97 0.0569267 5.54703 6.03124 -320.055 657.874 482.176 -0.0569267
-5.76801 -6.32692 319.905 1136.39 -2205.7 0.0741524 5.86333 5.77022 -319.905 622.211 510.536 -0.0741524
-5.87261 -5.74495 319.809 1043.97 -2253.47 0.0889011 5.97817 5.11646 -319.809 535.1 526.313 -0.0889011
-5.81362 -4.83104 319.761 903.22 -2232.8 0.100736 5.95771 4.26783 -319.761 419.747 517.254 -0.100736
-5.59869 -3.84046 319.673 737.293 -2142.38 0.109332 5.79108 3.26901 -319.673 296.579 482.521 -0.109332
-5.23384 -2.87541 319.604 570.245 -1980.5 0.114444 5.38956 2.31639 -319.604 184.926 432.432 -0.114444
-4.69306 -2.06642 319.646 423.85 -1750.87 0.115923 4.75402 1.54259 -319.646 101.256 374.301 -0.115923
-3.92177 -1.53721 319.742 311.299 -1461.4 0.113754 3.96772 0.983657 -319.742 55.5923 311.851 -0.113754
-2.98838 -1.27824 319.795 242.081 -1127.87 0.108036 3.04413 0.742878 -319.795 52.0688 248.958 -0.108036
-1.8434 -1.19401 319.928 209.251 -753.724 0.0989495 1.97851 0.805942 -319.928 81.6843 196.889 -0.0989495
-0.622084 -1.25091 320.093 190.54 -351.409 0.0867718 0.733788 0.931529 -320.093 126.764 153.816 -0.0867718
0.562378 -1.34507 320.239 173.444 53.2509 0.0718997 -0.517782 1.04042 -320.239 173.212 104.067 -0.0718997
1.67178 -1.32482 320.256 143.623 442.265 0.0548491 -1.61278 1.10624 -320.256 209.501 36.3101 -0.0548491
2.65706 -1.24757 320.447 95.0912 811.566 0.0362063 -2.62499 0.978274 -320.447 228.068 -41.8371 -0.0362063
3.54709 -1.10305 320.598 31.6327 1151.4 0.016588 -3.55575 0.701911 -320.598 230.238 -116.263 -0.016588
4.35245 -0.843525 320.556 -33.1189 1451.05 -0.00335697 -4.39165 0.475749 -320.556 224.302 -176.706 0.00335697
5.07747 -0.634682 320.534 -91.274 1711.22 -0.0229516 -5.14447 0.232065 -320.534 216.61 -221.549 0.0229516
5.59009 -0.493654 320.546 -131.979 1903.29 -0.0415237 -5.6411 0.076973 -320.546 214.216 -266.522 0.0415237
5.84391 -0.427106 320.465 -151.09 2020.35 -0.0584339 -5.89667 0.0529347 -320.465 220.115 -309.256 0.0584339
5.90317 -0.487121 320.388 -148.483 2067.04 -0.0731059 -5.97134 0.0975088 -320.388 232.683 -336.352 0.0731059
5.86089 -0.618294 320.352 -125.775 2047.12 -0.0850582 -5.85721 0.240513 -320.352 249.818 -339.191 0.0850582
5.69782 -0.827606 320.305 -85.2527 1964.6 -0.0938931 -5.59637 0.450436 -320.305 270.241 -318.467 0.0938931
5.28785 -1.14622 320.24 -28.4818 1820 -0.0992932 -5.23329 0.688879 -320.24 294.463 -286.53 0.0992932
4.59447 -1.51451 320.202 45.6623 1609.22 -0.101066 -4.65887 1.038 -320.202 324.63 -260.424 0.101066
3.71809 -1.89804 320.238 127.725 1346.32 -0.0991788 -3.88101 1.43718 -320.238 356.388 -238.458 0.0991788
2.82441 -2.27625 320.235 212.284 1047 -0.0937547 -2.95439 1.82181 -320.235 382.778 -204.322 0.0937547
1.96576 -2.56591 320.253 289.584 723.059 -0.0850571 -2.01078 2.14876 -320.253 395.197 -143.035 0.0850571
1.1111 -2.7541 320.304 352.076 390.394 -0.0734715 -1.16359 2.36724 -320.304 391.932 -58.5038 0.0734715
0.229246 -2.80749 320.228 397.536 49.2356 -0.0594792 -0.26513 2.4917 -320.228 372.452 23.0941 0.0594792
-0.720403 -2.77286 320.134 420.847 -301.208 -0.0436249 0.787162 2.44471 -320.134 337.418 81.7983 0.0436249
-1.7305 -2.67712 320.243 430.908 -646.826 -0.0265098 1.8473 2.30127 -320.243 292.733 125.806 0.0265098
-2.65286 -2.52025 320.161 432.258 -958.799 -0.00878943 2.72233 2.13547 -320.161 244.618 175.87 0.00878943
-3.40534 -2.41873 320.037 435.769 -1230.42 0.00887985 3.45318 1.97767 -320.037 203.536 231.299 -0.00887985
-4.01111 -2.38696 320.044 453.749 -1459.31 0.0259159 4.05968 1.96608 -320.044 179.344 283.476 -0.0259159
-4.53458 -2.42889 319.999 484.172 -1643.24 0.0418059 4.53188 2.09502 -319.999 173.818 322.29 -0.0418059
-4.87898 -2.57202 319.883 519.914 -1774.04 0.0560404 4.89887 2.25383 -319.883 181.996 349.405 -0.0560404
-5.00315 -2.69564 319.846 551.177 -1843.88 0.0681147 5.08923 2.43673 -319.846 195.3 373.352 -0.0681147
-4.94964 -2.75654 319.833 568.497 -1849.68 0.0776093 5.02526 2.56624 -319.833 205.653 396.168 -0.0776093
-4.73746 -2.6612 319.778 558.84 -1797.17 0.0842315 4.81462 2.57854 -319.778 203.231 405.189 -0.0842315
-4.54467 -2.36467 319.761 509.588 -1700.1 0.087786 4.49177 2.36509 -319.761 178.346 383.28 -0.087786
-4.33061 -1.84922 319.778 414.572 -1566.69 0.0881678 4.17101 1.86056 -319.778 125.103 327.957 -0.0881678
-4.003 -1.11417 319.785 279.478 -1397.57 0.0854042 3.82525 1.11895 -319.785 45.5662 257.157 -0.0854042
-3.51232 -0.382731 319.8 127.756 -1191.41 0.0796899 3.32115 0.183454 -319.8 -44.9996 196.09 -0.0796899
-2.74714 0.321406 319.849 -8.64383 -944.179 0.0713888 2.65371 -0.573675 -319.849 -121.013 157.62 -0.0713888
-1.89936 0.815542 319.924 -105.771 -667.822 0.0609978 1.81224 -1.01913 -319.924 -160.506 127.353 -0.0609978
-1.03948 0.902239 320.022 -150.057 -381.533 0.0490806 0.979908 -1.18298 -320.022 -152.731 87.6244 -0.0490806
-0.177604 0.672832 320.054 -137.025 -91.9108 0.0362137 0.193884 -0.932784 -320.054 -96.1902 38.1466 -0.0362137
0.718339 0.16794 320.142 -78.0277 202.183 0.0229581 -0.647677 -0.378359 -320.142 -1.38109 -2.79171 -0.0229581
1.69787 -0.536505 320.257 9.66503 498.577 0.00983035 -1.56729 0.313008 -320.257 113.627 -22.5787 -0.00983035
2.71107 -1.21734 320.414 100.742 791.253 -0.00271025 -2.50471 1.05069 -320.414 228.556 -31.2143 0.00271025
3.61358 -1.75342 320.442 169.095 1056.33 -0.0142576 -3.30584 1.63255 -320.442 322.543 -48.179 0.0142576
4.36136 -2.01774 320.485 191.321 1284.23 -0.0244836 -3.90936 1.8928 -320.485 376.451 -79.2056 0.0244836
4.8638 -1.93786 320.518 160.437 1476.09 -0.0331771 -4.44091 1.79745 -320.518 381.798 -120.354 0.0331771
5.21425 -1.5857 320.518 80.943 1628.7 -0.0402324 -4.78978 1.33296 -320.518 342.57 -170.952 0.0402324
5.35836 -1.00034 320.473 -28.3991 1738.1 -0.0455896 -4.99843 0.699604 -320.473 274.786 -228.777 0.0455896
5.33228 -0.39468 320.424 -138.839 1800.14 -0.049203 -5.057 0.0228329 -320.424 198.855 -285.869 0.049203
5.17929 0.0846671 320.368 -226.83 1817.79 -0.0510812 -5.02496 -0.550108 -320.368 133.932 -330.282 0.0510812
4.97286 0.367675 320.304 -271.136 1791.69 -0.0513291 -4.88453 -0.825068 -320.304 97.1683 -354.576 0.0513291
4.706 0.345019 320.247 -262.649 1722.28 -0.0501289 -4.67039 -0.801167 -320.247 95.4677 -355.188 0.0501289
4.32651 0.0921166 320.211 -205.481 1607.54 -0.0476873 -4.40526 -0.454615 -320.211 125.442 -334.384 0.0476873
3.81559 -0.337177 320.195 -116.199 1443.56 -0.0442039 -4.02565 0.0606159 -320.195 173.459 -300.184 0.0442039
3.23184 -0.764781 320.209 -21.6475 1235.27 -0.0398684 -3.49095 0.59316 -320.209 218.497 -254.919 0.0398684
2.52178 -1.0194 320.154 52.7215 979.386 -0.0348635 -2.81607 0.992502 -320.154 239.248 -200.905 0.0348635
1.73003 -1.09269 320.208 88.7162 681.125 -0.0293538 -2.01042 1.04 -320.208 220.922 -135.483 0.0293538
0.872071 -0.955372 320.245 88.6418 354.503 -0.0234542 -1.12859 0.808793 -320.245 167.584 -62.4716 0.0234542
-0.102883 -0.622346 320.137 69.7442 4.53791 -0.0172069 -0.178896 0.512054 -320.137 95.1171 6.97322 0.0172069
-1.16746 -0.238691 320.078 46.2459 -362.273 -0.0106019 0.88178 0.200898 -320.078 17.8017 64.0994 0.0106019
-2.27635 0.192286 320.161 24.5875 -735.74 -0.00361705 2.0026 -0.047943 -320.161 -59.1779 112.717 0.00361705
-3.32249 0.568057 320.146 1.89634 -1094.33 0.00376047 3.04583 -0.350319 -320.146 -134.885 166.876 -0.00376047
-4.25481 0.90032 320.013 -16.1928 -1422.39 0.0115327 3.95341 -0.614071 -320.013 -203.27 226.8 -0.0115327
-5.08602 1.11253 319.931 -21.1748 -1720.4 0.0196842 4.81575 -0.804383 -319.931 -256.663 278.04 -0.0196842
-5.71039 1.02967 319.942 -3.60209 -1972.54 0.0281547 5.64327 -0.951383 -319.942 -283.466 318.631 -0.0281547
-6.18135 0.784003 319.826 49.0192 -2156.17 0.0367983 6.1519 -0.749078 -319.826 -270.928 359.47 -0.0367983
-6.44511 0.256404 319.68 139.86 -2266.63 0.0453668 6.38818 -0.267619 -319.68 -215.109 396.976 -0.0453668
-6.44428 -0.503621 319.685 259.098 -2305.16 0.0535273 6.4937 0.428093 -319.685 -122.812 420.168 -0.0535273
-6.33374 -1.1941 319.691 384.484 -2269.28 0.0608924 6.30911 1.35759 -319.691 -12.8263 427.222 -0.0608924
-6.13708 -1.80313 319.636 479.188 -2166.9 0.0670517 5.89598 2.06248 -319.636 83.3438 413.675 -0.0670517
-5.76075 -2.04206 319.641 510.181 -2012.58 0.0716084 5.47269 2.40241 -319.641 136.4 375.91 -0.0716084
-5.29002 -1.8547 319.7 459.9 -1812.51 0.0742384 4.93557 2.19511 -319.7 129.259 322.789 -0.0742384
-4.60688 -1.29249 319.749 333.676 -1568.07 0.0747316 4.31965 1.44766 -319.749 65.0979 267.705 -0.0747316
-3.78277 -0.492537 319.744 165.012 -1286.59 0.072992 3.57755 0.433462 -319.744 -29.9383 214.477 -0.072992
-2.91249 0.343016 319.82 -2.35989 -979.11 0.0690472 2.71467 -0.509983 -319.82 -121.17 159.588 -0.0690472
-1.96673 1.05485 319.946 -140.776 -651.537 0.0630526 1.84287 -1.17679 -319.946 -183.194 96.9165 -0.0630526
-1.06923 1.42574 320.043 -230.766 -316.927 0.0552457 0.903599 -1.5643 -320.043 -203.53 30.0308 -0.0552457
-0.198319 1.50657 320.039 -269.253 18.8707 0.0459085 -0.0855618 -1.59358 -320.039 -181.174 -34.6631 -0.0459085
0.742625 1.32748 320.144 -261.402 342.748 0.0353705 -0.996082 -1.32469 -320.144 -124.061 -88.7284 -0.0353705
1.68755 1.0086 320.322 -230.252 653.822 0.0240005 -1.94269 -0.930055 -320.322 -51.6529 -124.246 -0.0240005
2.6517 0.718888 320.371 -198.164 939.605 0.0121835 -2.80108 -0.540891 -320.371 14.7961 -144.59 -0.0121835
3.44294 0.556813 320.394 -189.824 1181.41 0.000318228 -3.55978 -0.368683 -320.394 54.9393 -160.662 -0.000318228
3.99775 0.677937 320.384 -220.85 1366.67 -0.0111768 -4.1047 -0.445322 -320.384 57.1614 -185.702 0.0111768
4.35653 1.04847 320.387 -292.922 1492.68 -0.0218773 -4.37385 -0.831885 -320.387 19.1788 -220.141 0.0218773
4.56298 1.52373 320.365 -389.142 1565.76 -0.0313669 -4.45889 -1.47617 -320.365 -47.3016 -250.665 0.0313669
4.6735 2.01725 320.29 -478.979 1595.18 -0.0392523 -4.46513 -2.08087 -320.29 -117.047 -263.029 0.0392523
4.76614 2.2881 320.236 -529.078 1589.41 -0.0452059 -4.39387 -2.45813 -320.236 -161.114 -254.183 0.0452059
4.69722 2.26525 320.215 -518.218 1549.73 -0.0490131 -4.31982 -2.39839 -320.215 -159.956 -235.386 0.0490131
4.45233 1.99386 320.185 -450.507 1471.66 -0.0505994 -4.11223 -1.89648 -320.185 -115.278 -223.242 0.0505994
3.97829 1.4964 320.175 -353.613 1354.7 -0.0500381 -3.78836 -1.27573 -320.175 -49.6601 -222.462 0.0500381
3.29929 1.07866 320.178 -262.673 1198.34 -0.0475256 -3.36483 -0.681273 -320.178 6.52007 -226.619 0.0475256
2.65118 0.922693 320.143 -213.068 1006.27 -0.0433137 -2.72298 -0.381694 -320.143 23.1726 -222.391 0.0433137
2.11826 1.12944 320.159 -224.868 791.058 -0.0376553 -1.99313 -0.543889 -320.159 -18.5533 -191.16 0.0376553
1.58758 1.76222 320.127 -300.365 566.45 -0.0307987 -1.3722 -1.12303 -320.127 -119.055 -134.441 0.0307987
1.08655 2.40431 320.049 -411.561 335.762 -0.0229891 -0.652733 -2.15201 -320.049 -250.571 -81.658 0.0229891
0.497553 2.93487 320 -501.55 109.844 -0.0144558 0.112071 -2.99589 -320 -360.199 -52.9772 0.0144558
-0.196389 3.0526 319.964 -512.8 -97.4595 -0.00543246 0.777176 -3.22328 -319.964 -399.022 -43.6044 0.00543246
-0.848127 2.60995 319.952 -424.348 -270.773 0.00377391 1.2652 -2.71523 -319.952 -349.277 -36.2887 -0.00377391
-1.36358 1.78872 319.97 -257.716 -402.568 0.012743 1.52685 -1.57032 -319.97 -230.182 -17.7376 -0.012743
-1.70242 0.765988 320.014 -66.9096 -501.381 0.020992 1.67383 -0.300277 -320.014 -87.8082 10.2054 -0.020992
-1.76876 -0.133935 320.046 91.4436 -575.956 0.0280629 1.88476 0.696273 -320.046 29.4265 44.2587 -0.0280629
-1.70568 -0.678595 320.014 178.488 -620.244 0.0335714 1.95783 1.16806 -320.014 90.0962 86.9176 -0.0335714
-1.69275 -0.740603 319.976 184.249 -638.934 0.0372424 1.85544 1.12668 -319.976 87.3476 122.262 -0.0372424
-1.7731 -0.400176 319.976 118.534 -648.971 0.0389538 1.8577 0.630289 -319.976 31.4769 120.283 -0.0389538
-2.09529 0.334831 319.96 0.786899 -659.456 0.0387464 1.92921 -0.0844086 -319.96 -61.4253 73.6361 -0.0387464
-2.49583 1.31444 319.92 -152.107 -667.601 0.0367849 2.0464 -0.974722 -319.92 -180.242 6.66851 -0.0367849
-2.63144 2.28399 319.908 -315.409 -662.724 0.0333282 2.19924 -2.01936 -319.908 -309.612 -40.0122 -0.0333282
-2.38082 3.06477 319.889 -450.755 -626.42 0.0287389 2.14724 -2.92803 -319.889 -419.75 -32.2695 -0.0287389
-1.84601 3.33243 319.867 -510.293 -554.759 0.0234682 1.81205 -3.40632 -319.867 -468.606 22.5416 -0.0234682
-1.24673 2.99385 319.892 -460.836 -461.993 0.0179631 1.38344 -3.09396 -319.892 -423.499 79.2204 -0.0179631
-0.742351 1.97822 319.954 -303.785 -359.91 0.0125448 1.01918 -2.05633 -319.954 -282.242 103.509 -0.0125448
-0.441411 0.588679 320.029 -78.3886 -249.011 0.00735669 0.59709 -0.488984 -320.029 -78.0462 97.888 -0.00735669
-0.11264 -0.836401 320.117 151.47 -128.23 0.0024103 0.185294 1.11628 -320.117 132.354 84.9679 -0.0024103
0.373008 -1.9721 320.2 323.731 3.55267 -0.0023106 -0.240462 2.27623 -320.2 293.602 85.8722 0.0023106
0.950076 -2.42923 320.218 395.616 141.101 -0.00675909 -0.712705 2.8353 -320.218 369.325 101.046 0.00675909
1.49499 -2.11156 320.221 343.224 271.665 -0.010817 -1.1043 2.60704 -320.221 342.352 106.83 0.010817
1.82014 -1.16994 320.225 171.588 384.464 -0.0143495 -1.35018 1.51728 -320.225 218.785 77.3133 0.0143495
1.94602 0.19943 320.219 -77.2837 480.334 -0.0172236 -1.40789 -0.0985447 -320.219 33.8599 8.47801 0.0172236
2.00281 1.71091 320.206 -340.716 578.198 -0.0192861 -1.4431 -1.73793 -320.206 -160.58 -75.6343 0.0192861
2.11454 3.00594 320.169 -558.829 691.779 -0.0203943 -1.62941 -3.02523 -320.169 -317.733 -145.526 0.0203943
2.24839 3.84259 320.159 -694.944 818.261 -0.0204804 -2.02548 -3.74825 -320.159 -408.291 -194.644 0.0204804
2.33329 4.18032 320.186 -741.945 936.524 -0.0195672 -2.43828 -3.85608 -320.186 -426.081 -240.26 0.0195672
2.39615 3.9629 320.173 -716.086 1025.17 -0.0177603 -2.64136 -3.61715 -320.173 -385.677 -289.995 0.0177603
2.41334 3.48894 320.157 -641.865 1081.37 -0.0152638 -2.7791 -3.06769 -320.157 -311.225 -323.521 0.0152638
2.71157 2.91009 320.181 -549.692 1113.6 -0.0123548 -2.78935 -2.46468 -320.181 -231.683 -310.891 0.0123548
3.21513 2.34549 320.192 -463.88 1133.72 -0.00928113 -2.9072 -1.99842 -320.192 -167.702 -240.809 0.00928113
3.92527 1.87101 320.181 -391.885 1146.71 -0.00618435 -2.99651 -1.65842 -320.181 -121.33 -137.811 0.00618435
4.4236 1.46177 320.189 -327.371 1150.89 -0.003129 -3.13685 -1.34179 -320.189 -80.3545 -49.3431 0.003129
4.34308 1.15751 320.214 -267.402 1134.74 -0.000171976 -3.27841 -0.930269 -320.214 -36.3091 -24.4101 0.000171976
4.14807 0.82433 320.236 -218.074 1098.17 0.00261383 -2.92437 -0.628362 -320.236 6.64148 -67.6223 -0.00261383
3.89269 0.581462 320.277 -183.593 1075.88 0.00513401 -2.69235 -0.404979 -320.277 39.9012 -116.112 -0.00513401
3.70376 0.493833 320.308 -166.527 1088.17 0.00725375 -2.90198 -0.257472 -320.308 56.9935 -125.358 -0.00725375
3.50895 0.533206 320.277 -172.836 1102.63 0.00881514 -3.16752 -0.280041 -320.277 54.2961 -129.507 -0.00881514
3.10916 0.798559 320.217 -211.269 1075.44 0.00969369 -3.05539 -0.471942 -320.217 26.2867 -176.657 -0.00969369
2.55713 1.32878 320.185 -291.693 1000.78 0.00979868 -2.57112 -0.940852 -320.185 -38.4579 -252.587 -0.00979868
1.82548 2.16673 320.151 -418.759 895.283 0.00901626 -2.20546 -1.73983 -320.151 -149.213 -306.636 -0.00901626
1.45757 3.16199 320.059 -576.795 768.131 0.00725699 -1.66278 -2.8446 -320.059 -296.269 -312.027 -0.00725699
1.12639 3.98744 319.986 -720.258 624.653 0.00462475 -1.26234 -3.99788 -319.986 -440.253 -275.202 -0.00462475
0.673765 4.4566 319.935 -788.61 457.492 0.00144917 -0.858595 -4.59166 -319.935 -526.276 -232.892 -0.00144917
0.160359 4.04612 319.918 -732.162 265.256 -0.00191175 -0.216357 -4.49778 -319.918 -509.37 -209.026 0.00191175
-0.373244 2.79853 319.963 -528.179 73.9379 -0.00522611 0.346239 -3.37421 -319.963 -368.75 -177.475 0.00522611
-0.646101 0.661191 320.042 -179.185 -90.332 -0.00835168 0.662021 -1.33289 -320.042 -110.514 -99.2631 0.00835168
-0.625808 -2.05143 320.132 274.099 -220.301 -0.0111792 0.700172 1.42974 -320.132 231.827 27.5589 0.0111792
-0.504257 -4.87717 320.296 757.187 -330.083 -0.0136394 0.616206 4.46371 -320.296 600.224 166.669 0.0136394
-0.412681 -7.49452 320.359 1182.96 -437.223 -0.0156972 0.678351 7.01983 -320.359 926.213 277.613 0.0156972
-0.463542 -9.25355 320.32 1477.33 -543.285 -0.0173451 0.861533 8.82471 -320.32 1149.73 349.283 0.0173451
-0.626826 -9.83787 320.31 1590.03 -640.593 -0.0186081 1.07907 9.54497 -320.31 1226.63 390.968 0.0186081
-0.818025 -9.08662 320.261 1490.67 -722.784 -0.0194859 1.34367 8.95273 -320.261 1130.82 406.744 0.0194859
-1.15859 -7.04666 320.137 1183.37 -790.438 -0.0198656 1.60981 7.06287 -320.137 867.139 386.176 0.0198656
-1.69804 -4.02215 320.053 711.781 -846.737 -0.0195226 1.96101 4.13464 -320.053 473.796 313.121 0.0195226
-2.21347 -0.456449 319.955 150.032 -886.182 -0.0181994 2.5167 0.668238 -319.955 13.7719 197.113 0.0181994
-2.61218 2.8877 319.849 -402.663 -879.61 -0.0156909 2.86338 -2.85886 -319.849 -431.947 82.5074 0.0156909
-2.68774 5.44131 319.802 -833.412 -805.146 -0.0119241 2.83461 -5.60855 -319.802 -771.807 1.58214 0.0119241
-2.33069 6.81006 319.711 -1058.6 -664.608 -0.00699431 2.54409 -6.91838 -319.711 -935.876 -44.4638 0.00699431
-1.7081 6.61989 319.727 -1050.69 -466.813 -0.00116739 1.9369 -6.79796 -319.727 -898.725 -63.1102 0.00116739
-0.842418 5.09406 319.905 -823.972 -214.237 0.00508526 1.04848 -5.21959 -319.905 -674.493 -60.3065 -0.00508526
0.216956 2.71254 320.04 -444.316 74.34 0.0110848 -0.00243391 -2.55043 -320.04 -320.385 -41.7165 -0.0110848
1.36391 -0.0969676 320.205 -11.8536 379.528 0.0160754 -1.16508 0.354294 -320.205 77.3252 -10.7685 -0.0160754
2.50127 -2.57042 320.412 369.079 681.093 0.0193987 -2.31052 2.92694 -320.412 429.487 19.8977 -0.0193987
3.50582 -4.15319 320.541 607.311 952.447 0.0205954 -3.25546 4.58335 -320.541 661.813 32.3223 -0.0205954
4.30348 -4.69162 320.551 654.135 1176.13 0.0194546 -3.91169 4.86791 -320.551 734.492 20.3709 -0.0194546
4.85506 -4.09499 320.523 525.368 1354.2 0.0160505 -4.35852 4.03679 -320.523 655.74 -12.1867 -0.0160505
5.18281 -2.60902 320.543 269.538 1487.01 0.0107454 -4.60024 2.45183 -320.543 465.31 -61.8667 -0.0107454
5.20634 -0.745288 320.463 -49.366 1575.34 0.00413846 -4.72196 0.429548 -320.463 219.535 -128.773 -0.00413846
5.05699 1.15271 320.352 -359.752 1621.36 -0.00302804 -4.63498 -1.47176 -320.352 -22.1491 -208.872 0.00302804
4.80964 2.7496 320.267 -604.61 1629.57 -0.00998722 -4.41808 -2.88713 -320.267 -214.989 -284.359 0.00998722
4.52577 3.66644 320.213 -754.471 1612.83 -0.0160784 -4.26012 -3.83145 -320.213 -335.559 -331.751 0.0160784
4.24125 3.98748 320.135 -796.148 1567.64 -0.0208276 -4.09986 -4.05522 -320.135 -373.034 -351.24 0.0208276
3.91337 3.65776 320.075 -737.546 1484.85 -0.0239502 -3.82678 -3.70861 -320.075 -333.341 -355.928 0.0239502
3.55374 2.745 320.084 -598.561 1365.92 -0.0253358 -3.42266 -2.97457 -320.084 -233.01 -348.238 0.0253358
3.15758 1.59605 320.132 -403.659 1220.92 -0.0250264 -3.0254 -1.81657 -320.132 -92.6607 -318.889 0.0250264
2.78466 0.424912 320.142 -189.969 1056.72 -0.0231761 -2.63869 -0.486689 -320.142 57.1128 -265.519 0.0231761
2.39451 -0.511651 320.17 -5.08954 871.92 -0.0200008 -2.20925 0.678351 -320.17 177.674 -200.32 0.0200008
1.86968 -1.1059 320.217 111.244 662.57 -0.0157312 -1.70072 1.30404 -320.217 238.681 -141.668 0.0157312
1.19053 -1.11895 320.221 141.526 433.428 -0.0105891 -1.08387 1.42695 -320.221 228.246 -101.39 0.0105891
0.483077 -0.669062 320.158 88.824 195.519 -0.004782 -0.342551 0.967062 -320.158 148.848 -74.5403 0.004782
-0.125141 -0.133673 320.083 -13.7881 -35.7878 0.00148877 0.405201 -0.0409711 -320.083 27.2921 -40.7978 -0.00148877
-0.583788 0.415429 320.059 -102.803 -238.202 0.00800122 0.9628 -0.861813 -320.059 -82.6604 13.4348 -0.00800122
-0.930122 0.801113 320.008 -132.958 -407.409 0.0144894 1.33911 -1.08017 -320.008 -140.196 77.1692 -0.0144894
-1.20649 0.738159 319.96 -98.5151 -547.391 0.0206322 1.65119 -0.895024 -319.96 -138.528 131.253 -0.0206322
-1.63317 0.409767 319.977 -18.7044 -665.452 0.0260463 1.83389 -0.361572 -319.977 -93.0667 160.461 -0.0260463
-1.97103 -0.0897787 319.995 76.0899 -763.753 0.0303081 2.13015 0.237542 -319.995 -28.1926 166.398 -0.0303081
-2.10157 -0.528538 319.967 159.393 -829.25 0.0330217 2.39431 0.78536 -319.967 31.8769 174.385 -0.0330217
-2.12138 -1.07835 319.954 222.723 -850.295 0.0338932 2.33174 0.98975 -319.954 78.146 201.546 -0.0338932
-1.96891 -1.49843 319.982 279.29 -834.678 0.0327548 2.19772 1.27411 -319.982 123.935 227.535 -0.0327548
-1.69217 -1.84876 319.998 336.528 -789.469 0.0295606 2.13202 1.68477 -319.998 177.255 232.163 -0.0295606
-1.41092 -2.19757 319.995 384.417 -706.894 0.0243707 1.91272 2.02852 -319.995 229.963 222.505 -0.0243707
-1.16982 -2.29733 320.044 406.896 -586.124 0.0173225 1.45582 2.3427 -320.044 267.583 203.441 -0.0173225
-0.900394 -2.23589 320.09 385.591 -441.526 0.00865248 0.999192 2.309 -320.09 275.006 164.712 -0.00865248
-0.471381 -1.87345 320.103 314.572 -282.346 -0.00122884 0.699661 1.97498 -320.103 244.763 111.826 0.00122884
-0.0529281 -1.30752 320.165 200.722 -105.498 -0.0117628 0.213541 1.31191 -320.165 179.967 66.8838 0.0117628
0.431622 -0.554258 320.157 62.5067 85.9453 -0.0223909 -0.379791 0.531021 -320.157 95.1984 32.5391 0.0223909
0.909165 0.244397 320.139 -80.187 270.82 -0.032596 -0.881757 -0.259631 -320.139 6.8933 -9.52747 0.032596
1.25175 0.884539 320.172 -204.926 436.13 -0.0418156 -1.2818 -0.989351 -320.172 -67.4804 -66.4621 0.0418156
1.56142 1.30249 320.215 -291.068 586.869 -0.0494654 -1.60777 -1.46179 -320.215 -110.779 -124.412 0.0494654
1.96112 1.3725 320.193 -317.325 726.136 -0.0550666 -1.90977 -1.55931 -320.193 -108.919 -161.364 0.0550666
2.42372 1.04759 320.205 -276.207 859.997 -0.0582785 -2.3384 -1.24473 -320.205 -57.1659 -165.451 0.0582785
2.8834 0.545303 320.277 -183.634 975.815 -0.0588759 -2.75543 -0.488283 -320.277 33.1162 -153.676 0.0588759
3.15199 -0.0791956 320.298 -78.5234 1057.23 -0.056803 -3.05249 0.287734 -320.298 131.47 -152.746 0.056803
3.04635 -0.561774 320.273 -3.38329 1089.48 -0.0522082 -3.19256 0.813104 -320.273 202.765 -179.887 0.0522082
2.82263 -0.580307 320.275 8.82895 1070.56 -0.0453635 -2.97374 0.981885 -320.275 217.762 -225.23 0.0453635
2.56381 -0.172891 320.274 -59.8462 1017.15 -0.0365781 -2.67738 0.505577 -320.274 158.044 -252.536 0.0365781
2.26319 0.726432 320.215 -200.781 940.334 -0.0261864 -2.50027 -0.449363 -320.215 29.5853 -245.293 0.0261864
1.94777 1.99046 320.138 -387.896 829.184 -0.0145328 -2.16997 -1.66357 -320.138 -143.34 -228.203 0.0145328
1.46442 3.27616 320.091 -586.72 679.797 -0.00193973 -1.66047 -3.02748 -320.091 -329.449 -223.375 0.00193973
0.830762 4.4019 320.032 -756.523 502.55 0.0112794 -1.06438 -4.20754 -320.032 -494.614 -225.159 -0.0112794
0.247683 5.0922 319.977 -855.946 317.713 0.0247788 -0.487206 -4.9696 -319.977 -606.151 -209.318 -0.0247788
-0.230674 5.13181 319.928 -855.163 136.32 0.0381866 -0.0601523 -5.14805 -319.928 -638.542 -159.956 -0.0381866
-0.509994 4.50858 319.956 -740.034 -36.8828 0.0511408 0.28901 -4.55885 -319.956 -577.425 -78.602 -0.0511408
-0.74769 3.25732 319.97 -519.405 -207.983 0.0632657 0.559358 -3.27305 -319.97 -429.336 18.1191 -0.0632657
-1.01967 1.51427 320.007 -226.356 -380.71 0.0741189 0.829754 -1.56522 -320.007 -220.894 111.473 -0.0741189
-1.34564 -0.29064 320.089 88.4693 -559.401 0.0832144 1.17326 0.358867 -320.089 6.18037 192.335 -0.0832144
-1.74342 -1.87766 320.163 364.184 -740.901 0.0900937 1.55355 2.02186 -320.163 202.768 260.248 -0.0900937
-2.20706 -2.93131 320.125 549.841 -923.684 0.0943786 1.98105 3.09897 -320.125 326.783 313.051 -0.0943786
-2.75401 -3.23914 320.086 617.109 -1107.5 0.0958332 2.48825 3.44319 -320.086 354.326 343.252 -0.0958332
-3.39004 -2.77034 320.094 558.472 -1292.19 0.0944127 3.09707 2.99917 -320.094 280.394 346.682 -0.0944127
-4.08806 -1.61499 320.007 390.821 -1465.49 0.0902359 3.73249 1.88875 -320.007 118.882 325.931 -0.0902359
-4.77768 -0.0175299 319.855 146.421 -1618.35 0.0835424 4.36393 0.285732 -319.855 -101.703 286.62 -0.0835424
-5.35967 1.64816 319.777 -121.227 -1736.75 0.074706 4.9155 -1.50689 -319.777 -336.517 240.178 -0.074706
-5.77591 3.10818 319.736 -352.102 -1809.38 0.0642365 5.28603 -3.00513 -319.736 -535.461 198.426 -0.0642365
-5.96914 4.02734 319.629 -498.711 -1829.37 0.0527046 5.43471 -3.93783 -319.629 -657.926 168.767 -0.0527046
-5.83043 4.19832 319.569 -533.484 -1792.7 0.0406494 5.4059 -4.16111 -319.569 -680.453 156.535 -0.0406494
-5.39631 3.71443 319.614 -453.679 -1695.8 0.0285314 5.10166 -3.54935 -319.614 -601.091 167.086 -0.0285314
-4.81471 2.62821 319.676 -284.195 -1544.01 0.0167153 4.46746 -2.36594 -319.676 -440.842 192.205 -0.0167153
-4.1272 1.06455 319.734 -61.5165 -1357.52 0.00548176 3.77226 -0.948671 -319.734 -230.452 206.966 -0.00548176
-3.55638 -0.569699 319.841 177.94 -1157.67 -0.00493454 3.05099 0.650639 -319.841 -0.147191 195.269 0.00493454
-2.98406 -2.09681 319.989 396.939 -952.902 -0.0143375 2.42731 2.11727 -319.989 215.764 164.744 0.0143375
-2.35491 -3.21908 320.062 555.893 -746.511 -0.0225911 1.83898 3.22993 -320.062 381.464 135.722 0.0225911
-1.61608 -3.73684 320.095 626.931 -536.742 -0.0295996 1.20859 3.81385 -320.095 470.425 125.355 0.0295996
-0.923016 -3.58294 320.133 592.766 -333.854 -0.0352416 0.558199 3.73019 -320.133 470.003 118.111 0.0352416
-0.449008 -2.78939 320.186 457.065 -161.294 -0.0393339 0.108472 3.00374 -320.186 384.78 80.219 0.0393339
-0.316074 -1.46973 320.178 235.618 -27.4978 -0.041673 -0.108702 1.7335 -320.178 229.852 -2.24885 0.041673
-0.34575 0.0982191 320.102 -37.7727 76.247 -0.042119 -0.13594 0.0549178 -320.102 31.4623 -105.912 0.042119
-0.322582 1.69597 320.088 -312.891 167.026 -0.0406229 -0.160569 -1.65425 -320.088 -173.964 -189.371 0.0406229
-0.0566075 3.02524 320.088 -537.97 259.931 -0.0371965 -0.292903 -3.05567 -320.088 -345.695 -224.114 0.0371965
0.362777 3.77659 320.042 -673.181 359.093 -0.0319142 -0.620794 -3.93284 -320.042 -447.135 -214.49 0.0319142
0.763089 3.98584 320.007 -695.463 448.394 -0.0249561 -0.988371 -3.94634 -320.007 -457.242 -192.066 0.0249561
1.11402 3.47921 320.069 -615.639 518.358 -0.0166387 -1.22572 -3.39812 -320.069 -383.818 -176.441 0.0166387
1.43139 2.50947 320.137 -462.222 574.465 -0.00740722 -1.43486 -2.40115 -320.137 -251.487 -155.981 0.00740722
1.77367 1.32187 320.166 -270.346 625.562 0.00220935 -1.74592 -1.16537 -320.166 -91.2561 -112.138 -0.00220935
2.11932 -0.104811 320.211 -68.5358 666.077 0.0116681 -2.09838 -0.0701584 -320.211 73.3641 -51.2631 -0.0116681
2.34965 -1.37472 320.273 128.966 680.4 0.0204825 -2.33167 1.10845 -320.273 231.638 1.69115 -0.0204825
2.33409 -2.43102 320.299 300.603 656.253 0.028244 -2.38265 2.16672 -320.299 367.259 30.8644 -0.028244
2.1555 -3.25157 320.3 423.432 594.174 0.0345934 -2.22176 2.83183 -320.3 460.319 43.4508 -0.0345934
1.86644 -3.65059 320.293 489.367 502.178 0.0392439 -1.97551 3.17047 -320.293 501.6 57.4389 -0.0392439
1.45948 -3.53771 320.286 495.383 382.063 0.0420664 -1.6946 3.23083 -320.286 487.999 77.3159 -0.0420664
0.804507 -3.06254 320.233 436.881 222.375 0.0431233 -1.30786 2.81483 -320.233 417.072 85.2951 -0.0431233
0.0256056 -2.25405 320.167 321.094 15.0964 0.0426205 -0.547897 1.99422 -320.167 296.221 68.5786 -0.0426205
-0.85182 -1.15319 320.119 169.395 -222.631 0.0408491 0.347109 0.984976 -320.119 141.402 48.3167 -0.0408491
-1.75592 -0.0302638 320.088 7.23658 -470.68 0.038151 1.1412 -0.16885 -320.088 -27.1646 49.1057 -0.038151
-2.52016 0.926723 320.015 -129.506 -720.327 0.0349132 1.94242 -1.20249 -320.015 -179.568 70.7399 -0.0349132
-3.27051 1.58359 319.979 -210.265 -968.571 0.0315749 2.70294 -1.83206 -319.979 -285.637 98.8942 -0.0315749
-3.97098 1.71593 319.974 -214.362 -1203.61 0.0285878 3.42241 -2.00165 -319.974 -325.324 127.07 -0.0285878
-4.50656 1.3302 319.937 -136.216 -1411.84 0.0263244 4.06644 -1.62844 -319.937 -293.117 163.401 -0.0263244
-4.83385 0.524712 319.908 14.522 -1578.24 0.0250155 4.49229 -0.739356 -319.908 -197.565 219.903 -0.0250155
-5.02094 -0.633957 319.922 212.69 -1698.99 0.0247657 4.65293 0.421362 -319.922 -58.6724 289.749 -0.0247657
-5.07859 -1.92678 319.941 424.16 -1779.41 0.0255963 4.74041 1.67174 -319.941 99.4215 348.794 -0.0255963
-5.17313 -3.11754 319.929 618.712 -1829.14 0.0274387 4.78656 2.87381 -319.929 252.569 377.905 -0.0274387
-5.22488 -4.10446 319.911 768.527 -1848.98 0.0301063 4.84981 3.76779 -319.911 376.055 380.987 -0.0301063
-5.13361 -4.73979 319.889 857.924 -1828.54 0.0333129 4.81458 4.28994 -319.889 454.829 378.963 -0.0333129
-4.82167 -4.92217 319.858 883.767 -1760.92 0.0367212 4.627 4.49407 -319.858 485.124 384.048 -0.0367212
-4.39794 -4.74827 319.833 848.777 -1650.62 0.0399819 4.28508 4.32518 -319.833 470.272 385.217 -0.0399819
-3.94605 -4.28059 319.843 762.212 -1506.44 0.0427475 3.91311 3.85553 -319.843 420.593 361.092 -0.0427475
-3.49423 -3.5382 319.831 637.762 -1332.96 0.044667 3.55674 3.2422 -319.831 347.988 305.502 -0.044667
-3.09712 -2.70106 319.863 488.39 -1128.2 0.0453885 3.05477 2.45095 -319.863 260.67 231.944 -0.0453885
-2.5832 -1.79167 319.939 325.566 -893.186 0.0445839 2.48276 1.5924 -319.939 166.515 155.363 -0.0445839
-1.8409 -0.923416 319.977 164.313 -627.034 0.0419915 1.85943 0.736406 -319.977 77.1298 88.3333 -0.0419915
-0.921295 -0.236259 320.04 24.2291 -328.828 0.0374622 1.04932 -0.0234982 -320.04 6.84529 42.181 -0.0374622
0.0539192 0.248946 320.128 -76.3889 -10.0341 0.0309708 0.0717329 -0.482487 -320.128 -29.8445 7.88117 -0.0309708
1.04738 0.451684 320.18 -131.633 313.573 0.0225883 -0.889436 -0.643684 -320.18 -27.6019 -30.9499 -0.0225883
1.99635 0.389158 320.284 -147.666 631.495 0.0124627 -1.78835 -0.572419 -320.284 7.74847 -79.6105 -0.0124627
2.79422 0.149396 320.425 -134.989 939.396 0.000833181 -2.75497 -0.328294 -320.425 65.2613 -130.404 -0.000833181
3.56158 -0.185143 320.506 -106.308 1217.63 -0.0119469 -3.58335 -0.00732643 -320.506 131.718 -176.121 0.0119469
4.28587 -0.567798 320.448 -72.2466 1457.45 -0.0253965 -4.29082 0.290946 -320.448 196.505 -207.358 0.0253965
4.90232 -0.903033 320.506 -36.3299 1658.27 -0.0389178 -4.98 0.602637 -320.506 254.518 -218.058 0.0389178
5.26973 -1.12398 320.497 -5.74192 1790.85 -0.0518515 -5.44803 0.902854 -320.497 299.61 -228.975 0.0518515
5.30187 -1.21322 320.378 8.60501 1836.25 -0.063534 -5.56113 1.06342 -320.378 321.539 -253.148 0.063534
5.06252 -1.13914 320.304 -3.12829 1796.23 -0.0733112 -5.34517 0.981919 -320.304 310.672 -279.311 0.0733112
4.60696 -0.841741 320.292 -39.4463 1680.13 -0.0805578 -4.93982 0.725863 -320.292 266.606 -288.507 0.0805578
3.97242 -0.445591 320.209 -91.4118 1494.68 -0.0847269 -4.37797 0.287623 -320.209 197.398 -277.267 0.0847269
3.19667 -0.05189 320.144 -141.18 1250.19 -0.0853903 -3.63089 -0.191065 -320.144 120.496 -254.579 0.0853903
2.2601 0.26874 320.096 -169.311 948.683 -0.0822657 -2.65765 -0.516892 -320.096 54.807 -231.231 0.0822657
1.2063 0.346028 320.177 -159.664 605.356 -0.0752648 -1.58289 -0.655486 -320.177 13.9175 -197.951 0.0752648
0.189303 0.217634 320.187 -105.691 249.616 -0.0645346 -0.546079 -0.482052 -320.187 3.93798 -141.491 0.0645346
-0.744829 -0.0958541 320.089 -13.7148 -108.764 -0.05042 0.43061 -0.0485979 -320.089 20.6353 -61.6726 0.05042
-1.60005 -0.594727 320.092 97.7795 -463.835 -0.033404 1.38279 0.439652 -320.092 52.715 29.8505 0.033404
-2.43033 -1.11917 320.225 215.68 -808.412 -0.0140963 2.27209 0.983784 -320.225 90.2176 123.666 0.0140963
-3.24933 -1.58493 320.169 320.897 -1131.76 0.00678026 3.06754 1.46252 -320.169 122.368 211.589 -0.00678026
-4.01908 -1.90774 320.079 401.474 -1428.8 0.0284302 3.8189 1.80542 -320.079 138.636 286.856 -0.0284302
-4.71246 -2.03798 320.066 446.123 -1696.14 0.0500197 4.54881 1.92644 -320.066 130.598 346.736 -0.0500197
-5.30312 -1.96116 320.005 451.686 -1916.56 0.0707013 5.11722 1.81381 -320.005 97.5913 398.196 -0.0707013
-5.82625 -1.69844 319.904 426.317 -2089.59 0.089658 5.52182 1.55208 -319.904 46.8252 436.007 -0.089658
-6.24479 -1.32061 319.803 380.195 -2219.25 0.106165 5.89254 1.20498 -319.803 -12.3404 450.702 -0.106165
-6.54588 -0.888299 319.755 322.489 -2302.59 0.119613 6.20582 0.830837 -319.755 -71.7864 444.625 -0.119613
-6.70437 -0.48852 319.679 261.51 -2329.9 0.129485 6.33406 0.44462 -319.679 -125.007 430.245 -0.129485
-6.64786 -0.123173 319.597 205.102 -2297.21 0.135352 6.28423 0.142503 -319.597 -165.597 413.114 -0.135352
-6.33114 0.196521 319.563 155.536 -2204.74 0.13695 6.10555 -0.0579226 -319.563 -191.637 392.843 -0.13695
-5.87496 0.428784 319.56 109.287 -2052.96 0.134216 5.69529 -0.239982 -319.56 -205.643 367.31 -0.134216
-5.27805 0.591918 319.567 64.6633 -1847.87 0.127266 5.14378 -0.408294 -319.567 -209.253 329.581 -0.127266
-4.53698 0.761746 319.649 18.3762 -1591.98 0.116362 4.47711 -0.52454 -319.649 -204.626 278.851 -0.116362
-3.67757 0.866938 319.704 -27.4834 -1292.79 0.101913 3.67404 -0.662785 -319.704 -194.252 221.938 -0.101913
-2.65084 0.922899 319.794 -73.9253 -951.46 0.0844788 2.7112 -0.825086 -319.794 -179.651 170.505 -0.0844788
-1.48794 0.988223 319.983 -116.35 -574.57 0.0647282 1.61219 -0.890752 -319.983 -156.396 123.15 -0.0647282
-0.273108 0.985099 320.126 -148.774 -179.949 0.0433959 0.456491 -0.89068 -320.126 -123.656 73.8982 -0.0433959
0.931686 0.945568 320.148 -177.017 220.973 0.0212523 -0.698888 -0.857215 -320.148 -84.9587 16.8726 -0.0212523
2.04345 0.862503 320.291 -199.416 617.072 -0.000953698 -1.86183 -0.79916 -320.291 -42.2095 -47.748 0.000953698
3.05329 0.76736 320.526 -219.411 998.92 -0.0225464 -2.95413 -0.731545 -320.526 1.28396 -123.227 0.0225464
3.91897 0.664169 320.576 -236.909 1342.43 -0.0429093 -3.88312 -0.664307 -320.576 43.4055 -205.111 0.0429093
4.69693 0.598804 320.505 -255.207 1648.5 -0.061462 -4.70267 -0.60518 -320.505 79.6732 -278.327 0.061462
5.41237 0.615064 320.547 -274.283 1905.13 -0.0776999 -5.35656 -0.541726 -320.547 105.508 -335.385 0.0776999
5.9429 0.685833 320.549 -300.821 2098.35 -0.0912271 -5.86424 -0.590019 -320.549 114.674 -377.307 0.0912271
6.19774 0.838016 320.43 -335.483 2218.59 -0.101721 -6.18334 -0.729773 -320.43 106.87 -413.852 0.101721
6.19792 1.10774 320.334 -376.759 2257.33 -0.10891 -6.17965 -0.907371 -320.334 83.1279 -452.958 0.10891
5.961 1.45608 320.318 -426.197 2220.39 -0.112607 -5.94726 -1.18543 -320.318 41.5536 -484.211 0.112607
5.54308 1.86276 320.251 -482.694 2117.67 -0.112713 -5.60146 -1.5757 -320.251 -17.7149 -492.643 0.112713
5.00123 2.28471 320.131 -537.812 1953.81 -0.109203 -5.12772 -2.01371 -320.131 -87.4916 -476.679 0.109203
4.44713 2.68854 320.09 -581.028 1735.79 -0.102139 -4.44019 -2.38657 -320.09 -157.048 -439.549 0.102139
3.76882 2.98025 320.078 -602.529 1475.17 -0.0917021 -3.71938 -2.65753 -320.078 -217.204 -382.83 0.0917021
3.00305 3.08123 320.075 -596.898 1187.95 -0.0782028 -2.99553 -2.81528 -320.075 -260.313 -312.76 0.0782028
2.13936 2.9746 320.034 -557.009 872.419 -0.062059 -2.16147 -2.76703 -320.034 -277.574 -244.69 0.062059
1.18757 2.66986 320.102 -479.279 534.996 -0.0437686 -1.24694 -2.45851 -320.102 -266.065 -179.27 0.0437686
0.235986 2.19462 320.108 -371.978 191.968 -0.0239324 -0.332259 -1.96588 -320.108 -232.598 -108.279 0.0239324
-0.671921 1.60504 320.06 -248.314 -149.067 -0.00327857 0.522747 -1.39573 -320.06 -187.616 -24.2914 0.00327857
-1.51263 0.957479 320.041 -119.961 -486.839 0.0174151 1.38516 -0.822746 -320.041 -138.485 65.1225 -0.0174151
-2.31126 0.279423 320.131 12.2705 -815.726 0.0374436 2.22913 -0.235733 -320.131 -86.7704 154.474 -0.0374436
-3.0899 -0.343126 320.121 138.106 -1125.98 0.0561737 3.02304 0.366602 -320.121 -34.5046 235.434 -0.0561737
-3.80688 -0.93691 320.028 255.685 -1408.36 0.0729633 3.77809 0.931228 -320.028 16.3432 303.203 -0.0729633
-4.45362 -1.46405 319.997 358.737 -1658.04 0.0871956 4.47879 1.41772 -319.997 60.6646 356.483 -0.0871956
-4.98672 -1.7765 319.963 435.155 -1855.12 0.0983811 4.97922 1.8402 -319.963 91.1083 402.904 -0.0983811
-5.35079 -1.90003 319.899 472.684 -1996.46 0.106177 5.3424 2.02381 -319.899 98.2604 438.214 -0.106177
-5.60296 -1.78427 319.777 462.957 -2082.99 0.11037 5.58176 1.91925 -319.777 76.0069 453.124 -0.11037
-5.78033 -1.35653 319.723 404.48 -2115.55 0.110895 5.70377 1.58505 -319.723 23.7827 442.141 -0.110895
-5.81542 -0.667656 319.683 297.32 -2091.41 0.107847 5.7254 0.96917 -319.683 -58.6528 409.879 -0.107847
-5.71776 0.239487 319.611 146.858 -2008.27 0.101484 5.55752 0.0937088 -319.611 -167.239 365.577 -0.101484
-5.50005 1.31141 319.583 -32.0855 -1872.05 0.0922111 5.21926 -0.918591 -319.583 -291.188 310.53 -0.0922111
-5.05833 2.36891 319.635 -221.295 -1687.2 0.0805734 4.83781 -2.01147 -319.635 -414.5 245.79 -0.0805734
-4.49045 3.18079 319.637 -385.426 -1459.43 0.0672271 4.29635 -2.99582 -319.637 -511.451 179.807 -0.0672271
-3.75556 3.68942 319.639 -492.418 -1187.72 0.0528757 3.55818 -3.53488 -319.639 -556.795 122.82 -0.0528757
-2.83484 3.71744 319.789 -526.934 -876.518 0.0381939 2.6734 -3.59395 -319.789 -535.047 74.6902 -0.0381939
-1.84841 3.20454 319.929 -480.812 -544.409 0.0237773 1.70453 -3.15542 -319.929 -443.051 27.468 -0.0237773
-0.825895 2.29977 320.007 -363.765 -199.98 0.0101305 0.673065 -2.21714 -320.007 -292.436 -17.7138 -0.0101305
0.215175 1.19199 320.09 -209.834 145.483 -0.00235137 -0.373689 -1.01227 -320.09 -110.468 -59.0196 0.00235137
1.25476 0.0127374 320.264 -52.9438 480.373 -0.0134049 -1.40282 0.127721 -320.264 69.4959 -92.5623 0.0134049
2.21068 -0.921965 320.435 68.9399 796.248 -0.022868 -2.39538 1.04726 -320.435 216.915 -124.622 0.022868
2.99714 -1.43782 320.434 130.851 1068.07 -0.0306285 -3.19969 1.60114 -320.434 310.33 -164.68 0.0306285
3.64961 -1.46058 320.451 114.442 1286.25 -0.0366232 -3.74231 1.6157 -320.451 332.076 -208.678 0.0366232
4.1127 -0.961924 320.453 19.6501 1455.01 -0.0408449 -4.18608 1.10523 -320.453 280.177 -245.242 0.0408449
4.42743 -0.0580422 320.44 -138.395 1574.52 -0.0433188 -4.49496 0.148216 -320.44 167.791 -273.848 0.0433188
4.54757 1.05079 320.344 -324.381 1634.14 -0.0440774 -4.57768 -1.01208 -320.344 24.0497 -303.799 0.0440774
4.48187 2.18885 320.255 -502.718 1636.8 -0.0431571 -4.48336 -2.10351 -320.255 -121.563 -329.641 0.0431571
4.2906 3.14303 320.214 -646.339 1592.72 -0.0406364 -4.31608 -2.9986 -320.214 -246.625 -337.725 0.0406364
4.02852 3.74157 320.158 -735.053 1506.94 -0.0366917 -4.08793 -3.61539 -320.158 -334.464 -323.36 0.0366917
3.70757 3.9587 320.091 -756.344 1380.97 -0.0315839 -3.76201 -3.81454 -320.091 -373.608 -291.684 0.0315839
3.29329 3.7624 320.061 -708.603 1216.53 -0.0255961 -3.34931 -3.59881 -320.061 -361.415 -247.812 0.0255961
2.80248 3.13946 320.077 -599.28 1018.89 -0.0190312 -2.85614 -3.07024 -320.077 -303.344 -193.661 0.0190312
2.22365 2.22318 320.115 -439.05 792.161 -0.0122332 -2.30994 -2.22249 -320.115 -207.169 -130.997 0.0122332
1.56035 1.11593 320.139 -241.027 538.25 -0.00554327 -1.68405 -1.1257 -320.139 -84.8474 -65.0722 0.00554327
0.870782 -0.0757039 320.17 -31.8116 266.794 0.000748358 -0.965312 0.0133333 -320.17 44.6925 1.03591 -0.000748358
0.125945 -1.21875 320.163 170.575 -20.4922 0.00640227 -0.200136 1.09643 -320.163 165.877 68.1635 -0.00640227
-0.661058 -2.16715 320.151 346.921 -312.836 0.0112415 0.572792 2.04413 -320.151 265.15 133.087 -0.0112415
-1.49158 -2.83686 320.242 482.933 -611.367 0.015185 1.41565 2.76176 -320.242 330.831 187.736 -0.015185
-2.34127 -3.19666 320.165 563.066 -901.098 0.0182483 2.26501 3.10822 -320.165 353.427 229.9 -0.0182483
-3.2092 -3.1774 320.089 584.128 -1175.28 0.0205066 3.09725 3.11688 -320.089 330.922 256.429 -0.0205066
-4.02954 -2.74834 320.099 546.404 -1426.63 0.0220737 3.90939 2.82138 -320.099 263.456 270.036 -0.0220737
-4.7426 -2.01038 319.981 451.142 -1640.18 0.0231167 4.62041 2.14461 -319.981 153.229 276.233 -0.0231167
-5.26561 -1.01164 319.813 309.361 -1802.72 0.0238525 5.19568 1.18924 -319.813 11.1338 278.866 -0.0238525
-5.62153 0.0810883 319.774 144.168 -1908.3 0.0244987 5.59532 0.0897497 -319.774 -142.167 274.474 -0.0244987
-5.80541 1.11267 319.709 -16.5659 -1951.1 0.025231 5.8138 -0.944246 -319.709 -281.549 258.756 -0.025231
-5.74798 1.94627 319.588 -148.89 -1924.53 0.0261715 5.86118 -1.73798 -319.588 -385.689 233.76 -0.0261715
-5.44244 2.45168 319.545 -237.582 -1820.48 0.0273647 5.62538 -2.22841 -319.545 -441.73 208.624 -0.0273647
-4.94938 2.58586 319.615 -273.694 -1642.58 0.0287496 5.07038 -2.35343 -319.615 -443.344 183.419 -0.0287496
-4.30387 2.36749 319.652 -258.728 -1404.21 0.0301716 4.32268 -2.1213 -319.652 -392.939 148.04 -0.0301716
-3.4538 1.83855 319.709 -203.609 -1117.6 0.0314194 3.52221 -1.63656 -319.709 -300.881 101.931 -0.0314194
-2.45567 1.1299 319.869 -124.334 -785.021 0.0322492 2.52731 -0.985896 -319.869 -182.771 59.6967 -0.0322492
-1.25836 0.406637 320.057 -40.6327 -416.491 0.0324059 1.38386 -0.27135 -320.057 -57.6909 32.0974 -0.0324059
0.103898 -0.256411 320.124 31.5779 -25.9842 0.0316549 0.173665 0.354075 -320.124 57.174 16.2233 -0.0316549
1.38643 -0.734455 320.201 74.5133 370.141 0.029825 -1.13389 0.797537 -320.201 147.99 -2.68816 -0.029825
2.53422 -0.916298 320.403 75.8858 750.78 0.0268244 -2.29956 1.01701 -320.403 204.786 -46.2994 -0.0268244
3.49262 -0.794486 320.549 26.1411 1100.58 0.0226141 -3.26233 0.893782 -320.549 218.79 -116.098 -0.0226141
4.27808 -0.341446 320.547 -74.6672 1411.38 0.0172021 -4.11475 0.426106 -320.547 185.695 -188.131 -0.0172021
5.0619 0.414863 320.557 -217.403 1695.11 0.0106856 -4.92862 -0.314377 -320.557 110.845 -239.053 -0.0106856
5.68459 1.33812 320.56 -381.408 1925.36 0.00329443 -5.61134 -1.22315 -320.56 8.5748 -279.098 -0.00329443
6.04691 2.29031 320.456 -545.679 2083.4 -0.00462485 -6.04373 -2.16898 -320.456 -102.996 -321.272 0.00462485
6.1273 3.14276 320.34 -688.546 2161.47 -0.0126845 -6.18966 -3.01167 -320.34 -206.466 -366.22 0.0126845
5.9963 3.77438 320.285 -791.615 2163.18 -0.020506 -6.10749 -3.65139 -320.285 -288.131 -398.83 0.020506
5.7773 4.0693 320.216 -839.581 2097.1 -0.0277082 -5.84904 -4.01689 -320.216 -336.103 -402.241 0.0277082
5.4559 4.00144 320.121 -819.933 1970.21 -0.033908 -5.50602 -3.97656 -320.121 -339.982 -372.189 0.033908
5.04026 3.54809 320.057 -730.892 1785.4 -0.0387627 -5.01839 -3.51804 -320.057 -296.458 -319.079 0.0387627
4.45876 2.73745 320.07 -581.75 1545.73 -0.0420027 -4.37998 -2.71641 -320.07 -211.248 -257.239 0.0420027
3.71494 1.67251 320.125 -390.344 1267.15 -0.043445 -3.6557 -1.67868 -320.125 -97.0305 -192.674 0.043445
2.81967 0.515151 320.143 -181.274 953.542 -0.0430164 -2.811 -0.532256 -320.143 28.7581 -132.66 0.0430164
1.84762 -0.621735 320.211 25.5899 609.281 -0.0407579 -1.81704 0.579276 -320.211 148.718 -74.8979 0.0407579
0.855924 -1.60672 320.29 208.683 259.409 -0.0367824 -0.850498 1.52613 -320.29 246.456 -10.4391 0.0367824
-0.167122 -2.34223 320.174 354.742 -96.7096 -0.0312471 0.1046 2.24264 -320.174 311.514 57.3585 0.0312471
-1.19121 -2.79749 320.183 455.069 -455.081 -0.0243611 1.13856 2.66954 -320.183 339.503 115.818 0.0243611
-2.20497 -2.9783 320.243 509.701 -805.521 -0.0163745 2.20401 2.80857 -320.243 331.475 163.319 0.0163745
-3.18076 -2.91121 320.157 523.501 -1130.47 -0.00754926 3.16545 2.70807 -320.157 293.444 206.027 0.00754926
-4.02734 -2.65378 320.065 507.654 -1419.28 0.00184144 4.03043 2.45719 -320.065 235.542 245.479 -0.00184144
-4.70187 -2.27245 319.994 472.157 -1661.06 0.0115087 4.77918 2.12528 -319.994 167.491 279.906 -0.0115087
-5.20165 -1.86869 319.888 424.093 -1840.32 0.0211649 5.3067 1.7194 -319.888 97.9827 309.492 -0.0211649
-5.53887 -1.48655 319.823 374.05 -1954.12 0.0305102 5.62675 1.34124 -319.823 37.5955 327.527 -0.0305102
-5.67646 -1.21884 319.744 332.548 -1999.87 0.0392096 5.78463 1.03544 -319.744 -4.21789 330.246 -0.0392096
-5.59208 -1.10401 319.677 307.957 -1972.48 0.0469242 5.72557 0.871162 -319.677 -20.1898 323.771 -0.0469242
-5.26137 -1.13875 319.663 304.98 -1868.91 0.0533319 5.40055 0.904829 -319.663 -7.30935 315.703 -0.0533319
-4.62243 -1.28561 319.712 318.534 -1690.18 0.0581083 4.85907 1.10474 -319.712 29.4632 308.861 -0.0581083
-3.69156 -1.49603 319.721 336.223 -1440.17 0.0609438 4.11878 1.36168 -319.721 79.5993 302.191 -0.0609438
-2.70959 -1.71563 319.793 347.339 -1134.94 0.0616006 3.12426 1.58538 -319.793 132.789 284.805 -0.0616006
-1.63122 -1.86525 319.968 342.327 -788.916 0.0599344 2.10396 1.73031 -319.968 180.472 244.513 -0.0599344
-0.526614 -1.92275 320.072 314.043 -412.598 0.0558805 1.06636 1.73157 -320.072 217.151 180.367 -0.0558805
0.565861 -1.83816 320.186 265.356 -13.554 0.0494676 -0.0781691 1.64018 -320.186 240.112 107.346 -0.0494676
1.71215 -1.60088 320.272 194.206 399.589 0.0408286 -1.2655 1.42958 -320.272 246.024 34.297 -0.0408286
2.88815 -1.21468 320.457 101.929 816.662 0.0301781 -2.45016 1.09644 -320.457 233.618 -38.7531 -0.0301781
3.96527 -0.718422 320.635 -10.6875 1217.18 0.0177977 -3.57452 0.609896 -320.635 203.279 -118.412 -0.0177977
4.92867 -0.126693 320.629 -136.601 1588.34 0.00404159 -4.58129 0.0319016 -320.629 159.087 -202.39 -0.00404159
5.81888 0.478864 320.652 -263.643 1927.21 -0.0106565 -5.4691 -0.585139 -320.652 108.359 -282.1 0.0106565
6.57208 1.0479 320.653 -379.153 2213.71 -0.0257785 -6.20793 -1.15181 -320.653 58.743 -351.123 0.0257785
7.16419 1.51417 320.57 -472.281 2442.22 -0.0407588 -6.82928 -1.60811 -320.57 17.7358 -402.781 0.0407588
7.58805 1.81688 320.518 -536.016 2602.47 -0.0550442 -7.25461 -1.93047 -320.518 -9.41139 -439.261 0.0550442
7.82249 1.93544 320.491 -563.867 2689.46 -0.0681037 -7.44827 -2.05961 -320.491 -17.5866 -463.83 0.0681037
7.85629 1.85465 320.403 -554.028 2705.61 -0.0794111 -7.44624 -1.98645 -320.403 -5.06464 -475.317 0.0794111
7.6943 1.55053 320.32 -506.491 2655.09 -0.0884659 -7.29546 -1.73572 -320.32 28.0352 -470.347 0.0884659
7.37936 1.07619 320.289 -423.399 2540.6 -0.0948376 -6.97719 -1.28172 -320.289 79.8702 -448.135 0.0948376
6.91027 0.561555 320.248 -316.186 2364.06 -0.0981967 -6.49045 -0.635003 -320.248 141.466 -410.893 0.0981967
6.26206 0.0111526 320.168 -205.953 2129.77 -0.0983283 -5.85452 -0.0473899 -320.168 196.67 -363.727 0.0983283
5.4754 -0.411762 320.147 -111.519 1847.07 -0.0951421 -5.06975 0.41703 -320.147 231.268 -310.004 0.0951421
4.55475 -0.580675 320.185 -46.798 1523.44 -0.0886645 -4.15651 0.716712 -320.185 234.751 -253.569 0.0886645
3.55096 -0.491187 320.21 -26.463 1181.79 -0.0790321 -3.22333 0.695034 -320.21 198.394 -194.17 0.0790321
2.43556 -0.146272 320.135 -50.8333 814.487 -0.0665072 -2.14349 0.353802 -320.135 123.206 -146.68 0.0665072
1.23985 0.421031 320.156 -108.509 431.899 -0.0514775 -0.959576 -0.187122 -320.156 19.9985 -110.706 0.0514775
0.0765055 1.0735 320.142 -183.12 60.9019 -0.0344427 0.166031 -0.85148 -320.142 -96.5844 -73.1498 0.0344427
-0.988861 1.62578 320.015 -248.736 -291.433 -0.0160067 1.19824 -1.50592 -320.015 -206.171 -26.4239 0.0160067
-1.91868 2.01422 319.951 -283.373 -613.373 0.00317056 2.1139 -1.91124 -319.951 -286.741 26.5902 -0.00317056
-2.68014 2.06955 320.022 -266.631 -898.584 0.0224191 2.91257 -1.97907 -320.022 -321.268 84.4103 -0.0224191
-3.26625 1.81275 319.981 -200.759 -1132.11 0.0410321 3.50483 -1.6864 -319.981 -307.208 146.111 -0.0410321
-3.71055 1.24887 319.858 -93.7641 -1311.18 0.058254 3.88632 -1.12092 -319.858 -250.032 204.701 -0.058254
-4.07426 0.498195 319.876 37.0932 -1440.5 0.0733484 4.09621 -0.379747 -319.876 -164.07 250.316 -0.0733484
-4.29043 -0.287596 319.919 170.363 -1525.34 0.0856696 4.26019 0.414262 -319.919 -67.7618 279.68 -0.0856696
-4.35147 -0.960901 319.866 281.143 -1562.42 0.0946938 4.29006 1.08385 -319.866 16.5954 303.424 -0.0946938
-4.27898 -1.37159 319.819 347.362 -1551.45 0.100038 4.12524 1.49825 -319.819 70.264 326.917 -0.100038
-4.08225 -1.4442 319.845 357.903 -1503.79 0.101488 3.91251 1.59174 -319.845 83.845 338.822 -0.101488
-3.87445 -1.16759 319.851 309.503 -1429.41 0.0990611 3.68186 1.33678 -319.851 54.9822 328.319 -0.0990611
-3.68289 -0.602152 319.816 211.027 -1334.37 0.0930283 3.45099 0.778032 -319.816 -9.92403 294.927 -0.0930283
-3.43587 0.1419 319.806 80.1101 -1218.12 0.0838548 3.21925 0.0173748 -319.806 -97.6901 248.577 -0.0838548
-3.10609 0.925873 319.836 -59.4377 -1075.6 0.0721318 2.88354 -0.788789 -319.836 -189.247 203.148 -0.0721318
-2.66857 1.6044 319.839 -181.956 -908.688 0.0585607 2.46227 -1.46555 -319.839 -263.717 161.452 -0.0585607
-2.15208 2.04502 319.883 -270.188 -719.864 0.0439073 1.96231 -1.91871 -319.883 -305.421 120.787 -0.0439073
-1.64118 2.1714 319.942 -309.718 -522.762 0.0289142 1.4275 -2.05593 -319.942 -304.27 76.1306 -0.0289142
-1.09776 1.98444 319.984 -298.969 -319.136 0.0142467 0.884033 -1.87377 -319.984 -261.469 30.9435 -0.0142467
-0.484572 1.54894 320.021 -249.358 -109.697 0.000468824 0.322401 -1.44903 -320.021 -186.171 -7.28623 -0.000468824
0.185433 0.975034 320.111 -177.401 100.916 -0.0119739 -0.289287 -0.889001 -320.111 -93.4464 -31.1821 0.0119739
0.879713 0.350294 320.182 -97.8321 308.424 -0.0227486 -0.939443 -0.307361 -320.182 2.19418 -42.8874 0.0227486
1.53079 -0.197606 320.212 -27.9843 500.287 -0.0316127 -1.51461 0.213536 -320.212 87.5701 -56.1492 0.0316127
2.09948 -0.591773 320.298 18.8059 674.547 -0.038412 -2.00237 0.588378 -320.298 152.451 -76.5121 0.038412
2.5379 -0.775959 320.333 34.599 825.573 -0.0430943 -2.4219 0.763742 -320.333 188.841 -102.522 0.0430943
2.86156 -0.730788 320.307 16.5095 949.956 -0.0456988 -2.7592 0.718998 -320.307 193.816 -130.559 0.0456988
3.07938 -0.49333 320.332 -31.6556 1045 -0.0463283 -2.99885 0.463562 -320.332 170.325 -158.875 0.0463283
3.1777 -0.115413 320.328 -98.6994 1106.75 -0.0451386 -3.13013 0.0774283 -320.328 126.325 -187.082 0.0451386
3.1728 0.320985 320.263 -172.048 1134.12 -0.0423407 -3.1437 -0.362724 -320.263 72.2955 -213.077 0.0423407
3.11365 0.731412 320.221 -238.749 1129.9 -0.0381904 -3.0571 -0.781466 -320.221 18.516 -230.007 0.0381904
3.03047 1.04708 320.211 -286.983 1099.05 -0.0329796 -2.91955 -1.10069 -320.211 -25.4878 -231.291 0.0329796
2.87065 1.24007 320.174 -309.317 1043.52 -0.0270274 -2.78176 -1.25149 -320.174 -53.0848 -219.134 0.0270274
2.64962 1.28169 320.134 -305.636 960.641 -0.0206518 -2.54424 -1.25239 -320.134 -62.9115 -203.084 0.0206518
2.34432 1.18327 320.139 -280.407 851.885 -0.0141401 -2.22048 -1.14502 -320.139 -58.1972 -185.988 0.0141401
1.9531 0.997627 320.156 -239.676 723.307 -0.0077446 -1.88277 -0.951988 -320.156 -43.8583 -163.63 0.0077446
1.56495 0.772855 320.121 -190.274 581.387 -0.00168962 -1.50807 -0.712549 -320.121 -25.7549 -132.908 0.00168962
1.20284 0.5506 320.134 -140.552 430.156 0.003844 -1.10179 -0.485939 -320.134 -10.1954 -93.7154 -0.003844
0.863249 0.366778 320.149 -98.0999 278.074 0.00874423 -0.718255 -0.316895 -320.149 -1.31027 -47.12 -0.00874423
0.494523 0.246393 320.114 -63.4626 123.241 0.012965 -0.346466 -0.189145 -320.114 0.17206 -0.301013 -0.012965
0.0927689 0.203809 320.087 -39.9145 -32.0352 0.0165053 0.0498588 -0.118871 -320.087 -6.91451 38.6109 -0.0165053
-0.385332 0.224377 320.084 -29.6089 -186.234 0.0193937 0.454575 -0.137864 -320.084 -22.9088 64.1593 -0.0193937
-0.860865 0.269443 320.065 -30.0108 -336.495 0.0216764 0.908863 -0.24992 -320.065 -45.2811 78.9708 -0.0216764
-1.26912 0.327531 320.023 -31.3074 -473.331 0.023411 1.33475 -0.349234 -320.023 -66.8039 94.287 -0.023411
-1.58619 0.41312 319.997 -26.6391 -589.939 0.0246585 1.65736 -0.339785 -319.997 -82.49 117.662 -0.0246585
-1.8365 0.426553 319.989 -17.6579 -684.484 0.0254778 1.88608 -0.331297 -319.989 -92.1518 142.36 -0.0254778
-2.0644 0.392145 319.963 -5.6613 -761.77 0.0259203 2.10524 -0.300449 -319.963 -94.638 154.503 -0.0259203
-2.34663 0.35219 319.935 9.5138 -823.386 0.0260258 2.29249 -0.199204 -319.935 -89.2781 147.785 -0.0260258
-2.6016 0.289576 319.937 23.1459 -866.675 0.0258166 2.46812 -0.108475 -319.937 -80.6203 128.448 -0.0258166
-2.73264 0.190261 319.936 32.4021 -885.625 0.0253007 2.58516 -0.0894476 -319.936 -72.68 111.344 -0.0253007
-2.75024 0.0976003 319.924 40.7272 -876.127 0.0244886 2.54008 -0.0616925 -319.924 -63.5135 105.866 -0.0244886
-2.63852 0.0252742 319.928 50.8576 -842.544 0.0234003 2.41985 0.0251797 -319.928 -50.5239 106.054 -0.0234003
-2.42336 -0.0716733 319.946 60.3894 -789.765 0.0220555 2.29082 0.101073 -319.946 -34.9607 103.402 -0.0220555
-2.10949 -0.167989 319.956 67.0067 -714.996 0.0204582 2.11432 0.162896 -319.956 -18.6265 100.045 -0.0204582
-1.80508 -0.239979 319.975 70.4323 -616.933 0.0185973 1.7616 0.229581 -319.975 -1.93572 97.6734 -0.0185973
-1.47807 -0.306212 320.004 69.9779 -502.973 0.0164682 1.37868 0.276705 -320.004 14.9489 87.1233 -0.0164682
-1.1095 -0.352161 320.045 65.6204 -381.685 0.0140905 1.07065 0.312413 -320.045 31.1243 64.4416 -0.0140905
-0.760347 -0.356888 320.074 56.1442 -252.062 0.0114967 0.692786 0.329209 -320.074 43.6769 40.7745 -0.0114967
-0.333414 -0.329376 320.091 39.1903 -113.319 0.00871034 0.274702 0.285356 -320.091 50.2103 25.138 -0.00871034
0.133241 -0.289258 320.119 17.7025 28.2432 0.0057631 -0.167187 0.195419 -320.119 52.7507 15.9085 -0.0057631
0.572693 -0.237164 320.149 -1.48993 165.714 0.00273494 -0.601765 0.139829 -320.149 56.247 5.74609 -0.00273494
0.954619 -0.14715 320.16 -18.7234 290.195 -0.000255144 -0.953327 0.142636 -320.16 60.762 -11.8596 0.000255144
1.2438 -0.0579022 320.175 -39.4798 399.058 -0.00310086 -1.25816 0.0909032 -320.175 60.9901 -34.1357 0.00310086
1.4532 0.0527318 320.198 -67.2737 490.997 -0.00571974 -1.52888 -0.0451065 -320.198 52.9089 -56.0736 0.00571974
1.60824 0.181561 320.209 -98.6698 563.011 -0.00801662 -1.73332 -0.226545 -320.209 39.1938 -75.6655 0.00801662
1.69022 0.32457 320.195 -126.177 610.002 -0.00987881 -1.85317 -0.369439 -320.195 25.1398 -93.1996 0.00987881
1.72887 0.427367 320.183 -145.772 630.514 -0.0112131 -1.8711 -0.482536 -320.183 13.3553 -105.424 0.0112131
1.7019 0.463851 320.184 -154.537 627.246 -0.0119617 -1.86395 -0.557581 -320.184 5.91601 -107.117 0.0119617
1.63893 0.432767 320.177 -148.874 600.451 -0.012085 -1.80101 -0.550241 -320.177 5.84621 -98.6867 0.012085
1.53707 0.317863 320.163 -126.868 549.632 -0.0115494 -1.65535 -0.448697 -320.163 15.311 -83.9648 0.0115494
1.35511 0.113853 320.168 -89.5875 477.902 -0.0103355 -1.4739 -0.267104 -320.168 34.0873 -65.228 0.0103355
1.07842 -0.114138 320.172 -42.8075 386.837 -0.00844945 -1.26157 -0.00509548 -320.172 58.5409 -45.4527 0.00844945
0.764316 -0.305686 320.158 3.71982 275.612 -0.00592046 -0.944057 0.271028 -320.158 80.0092 -26.2804 0.00592046
0.425975 -0.432173 320.144 36.1947 148.768 -0.00278705 -0.576448 0.414587 -320.144 86.8216 -2.32756 0.00278705
0.0363966 -0.387756 320.13 46.4824 10.3893 0.000906879 -0.217797 0.433075 -320.13 72.8217 26.9871 -0.000906879
-0.377813 -0.171647 320.106 31.1641 -137.324 0.00510616 0.201682 0.290339 -320.106 36.0577 53.204 -0.00510616
-0.803824 0.115078 320.074 -7.13908 -293.157 0.00974482 0.727297 -0.0672897 -320.074 -19.2049 70.4062 -0.00974482
-1.22826 0.428208 320.034 -51.239 -443.555 0.0147482 1.23018 -0.464125 -320.034 -78.2061 85.7215 -0.0147482
-1.61245 0.698299 319.999 -81.0052 -578.127 0.0200139 1.64182 -0.716032 -319.999 -124.235 104.345 -0.0200139
-1.91014 0.757538 319.978 -83.2864 -690.401 0.0253848 1.9918 -0.814999 -319.978 -144.9 122.244 -0.0253848
-2.13207 0.599306 319.959 -53.1882 -775.944 0.0306502 2.26424 -0.688543 -319.959 -133.601 135.75 -0.0306502
-2.34969 0.212666 319.938 10.8921 -831.847 0.0355627 2.38291 -0.32312 -319.938 -88.3872 142.653 -0.0355627
-2.48534 -0.363923 319.953 101.357 -859.595 0.0398453 2.44637 0.223024 -319.953 -15.7119 141.407 -0.0398453
-2.54165 -1.02336 319.976 204.098 -860.947 0.0432113 2.43251 0.869662 -319.976 71.317 136.586 -0.0432113
-2.52757 -1.65515 319.988 300.384 -837.626 0.0453944 2.30425 1.4825 -319.988 155.866 133.991 -0.0453944
-2.27754 -2.14674 320 372.768 -791.235 0.0461685 2.20924 1.9469 -320 222.371 137.816 -0.0461685
-1.99105 -2.41806 320.018 409.505 -722.145 0.045368 1.94086 2.19346 -320.018 260.861 149.47 -0.045368
-1.70373 -2.44963 320.038 407.241 -638.221 0.0429207 1.61375 2.20391 -320.038 269.203 154.991 -0.0429207
-1.42208 -2.26777 320.046 368.793 -549.886 0.0388608 1.40079 1.99862 -320.046 251.366 138.74 -0.0388608
-1.20267 -1.9312 320.04 304.347 -455.947 0.0333068 1.19632 1.64088 -320.04 214.89 106.651 -0.0333068
-0.99938 -1.52371 320.062 227.883 -351.923 0.0264335 0.914213 1.21158 -320.062 169.726 73.4409 -0.0264335
-0.706673 -1.14119 320.109 155.377 -240.042 0.0184672 0.625325 0.806292 -320.109 127.719 46.3596 -0.0184672
-0.344934 -0.876917 320.091 101.33 -121.451 0.00969881 0.302733 0.51493 -320.091 100.988 27.4946 -0.00969881
0.0314604 -0.80636 320.094 77.4981 0.398274 0.00047376 -0.0689196 0.410197 -320.094 99.3053 14.623 -0.00047376
0.435324 -0.965182 320.152 90.9208 121.631 -0.00885173 -0.420696 0.542267 -320.152 128.104 3.46034 0.00885173
0.806583 -1.34079 320.181 139.47 237.521 -0.0179407 -0.775173 0.895601 -320.181 185.427 -6.721 0.0179407
1.14492 -1.85437 320.193 213.575 345.617 -0.0264682 -1.13165 1.42353 -320.193 262.612 -13.6245 0.0264682
1.43585 -2.42658 320.247 297.279 440.861 -0.0341209 -1.46572 1.99846 -320.247 345.55 -17.8533 0.0341209
1.66109 -2.93226 320.29 372.721 516.743 -0.0406163 -1.73037 2.51767 -320.29 418.996 -22.393 0.0406163
1.78694 -3.2588 320.296 422.969 567.36 -0.0457087 -1.90916 2.87723 -320.296 468.417 -28.6339 0.0457087
1.82631 -3.28165 320.292 432.713 589.212 -0.0491904 -1.97599 3.00306 -320.292 480.267 -34.9999 0.0491904
1.7652 -2.95632 320.289 389.558 580.431 -0.0508996 -1.94331 2.78094 -320.289 443.88 -39.8518 0.0508996
1.63367 -2.38498 320.266 295.002 541.585 -0.0507189 -1.78389 2.12885 -320.266 360.686 -43.3422 0.0507189
1.43033 -1.61489 320.229 171.16 477.467 -0.0485621 -1.53285 1.28195 -320.229 249.604 -45.3646 0.0485621
1.20992 -0.795739 320.189 48.6136 396.777 -0.0443806 -1.21708 0.478151 -320.189 136.368 -42.7461 0.0443806
0.99374 -0.169932 320.153 -46.9745 309.156 -0.0382033 -0.909613 -0.194471 -320.153 43.3301 -31.4079 0.0382033
0.737304 0.189241 320.123 -95.0739 220.055 -0.0301719 -0.679466 -0.542603 -320.123 -11.3047 -13.2244 0.0301719
0.51621 0.186252 320.108 -85.4415 130.476 -0.0205395 -0.410506 -0.525438 -320.108 -17.9731 4.92579 0.0205395
0.228555 -0.191707 320.111 -19.7154 42.5212 -0.00965226 -0.208371 -0.171017 -320.111 22.749 21.4907 0.00965226
-0.0498626 -0.829271 320.121 90.864 -42.8809 0.00206015 -0.0148795 0.492008 -320.121 101.176 38.1013 -0.00206015
-0.206204 -1.60895 320.134 223.797 -122.632 0.0140923 0.213377 1.29446 -320.134 198.157 61.7438 -0.0140923
-0.322063 -2.37432 320.149 353.207 -192.235 0.0258923 0.322327 2.06265 -320.149 291.606 98.4529 -0.0258923
-0.379169 -2.95689 320.16 454.237 -254.183 0.0369122 0.409943 2.66041 -320.16 362.109 139.155 -0.0369122
-0.477991 -3.25787 320.176 510.416 -316.648 0.0466572 0.551372 2.98457 -320.176 396.79 166.526 -0.0466572
-0.634486 -3.19134 320.136 509.648 -377.634 0.05472 0.751408 2.97596 -320.136 386.663 175.564 -0.05472
-0.815302 -2.76679 320.102 448.978 -430.519 0.0607906 0.95717 2.58877 -320.102 329.405 172.181 -0.0607906
-1.06516 -2.02503 320.089 336.194 -471.475 0.0646518 1.06968 1.87864 -320.089 231.242 160.431 -0.0646518
-1.28962 -1.05592 320.053 187.421 -503.59 0.0661943 1.2267 0.960365 -320.053 105.784 137.104 -0.0661943
-1.58486 0.00221926 320.005 22.101 -529.817 0.0654417 1.35273 -0.0579732 -320.005 -30.604 102.145 -0.0654417
-1.78826 1.00448 319.984 -136.837 -549.409 0.0625307 1.54314 -1.04298 -319.984 -160.416 64.557 -0.0625307
-1.82025 1.839 319.951 -267.72 -552.549 0.0576664 1.68016 -1.8445 -319.951 -267.252 43.184 -0.0576664
-1.81108 2.39026 319.917 -353.764 -534.749 0.0511162 1.56318 -2.3659 -319.917 -337.068 43.7566 -0.0511162
-1.71771 2.55577 319.918 -383.156 -508.268 0.0432197 1.4602 -2.55036 -319.918 -358.535 45.8623 -0.0432197
-1.64347 2.34158 319.932 -352.051 -481.386 0.0343677 1.42197 -2.33573 -319.932 -327.346 35.3952 -0.0343677
-1.60946 1.77026 319.949 -266.459 -450.65 0.0249584 1.34016 -1.78204 -319.949 -249.491 21.5698 -0.0249584
-1.51622 0.908382 319.982 -139.318 -412.258 0.0153624 1.19257 -0.997569 -319.982 -137.433 18.2434 -0.0153624
-1.33152 -0.0659401 320.031 11.9885 -367.911 0.00592587 0.995929 -0.0298465 -320.031 -6.57541 29.364 -0.00592587
-1.09873 -1.00258 320.072 163.168 -324.15 -0.00300701 0.798389 0.964876 -320.072 122.859 48.1735 0.00300701
-0.852327 -1.78847 320.102 286.647 -285.928 -0.0111044 0.660993 1.75562 -320.102 228.455 65.7546 0.0111044
-0.751121 -2.23995 320.123 359.941 -256.898 -0.0180848 0.506095 2.24867 -320.123 292.392 73.9756 0.0180848
-0.756543 -2.30293 320.133 370.1 -242.892 -0.0237216 0.46834 2.33665 -320.133 304.16 64.7122 0.0237216
-0.828628 -2.03686 320.125 317.904 -243.613 -0.027817 0.564629 1.96753 -320.125 264.057 41.0156 0.027817
-0.924404 -1.43966 320.103 219.957 -250.115 -0.0302121 0.673996 1.34615 -320.103 184.943 17.7479 0.0302121
-0.9817 -0.67253 320.075 99.0622 -255.257 -0.0308261 0.741184 0.594039 -320.075 85.0915 4.82813 0.0308261
-1.00432 0.151071 320.049 -25.0729 -258.098 -0.0296641 0.773047 -0.149561 -320.049 -18.4856 -0.231254 0.0296641
-1.01723 0.877158 320.026 -136.251 -260.367 -0.0267992 0.810429 -0.827102 -320.026 -111.253 -5.25406 0.0267992
-1.04364 1.4138 320.007 -220.423 -261.843 -0.022379 0.849215 -1.3486 -320.007 -180.829 -13.23 0.022379
-1.06041 1.71418 319.999 -266.84 -258.943 -0.0166421 0.855376 -1.62682 -319.999 -218.483 -19.4409 0.0166421
-1.01111 1.66887 320.003 -268.488 -247.839 -0.00990399 0.807207 -1.68657 -320.003 -218.936 -16.3634 0.00990399
-0.895966 1.35897 320.018 -221.99 -227.871 -0.00251816 0.677179 -1.40704 -320.018 -179.793 -0.69895 0.00251816
-0.743148 0.815747 320.042 -134.629 -203.591 0.00514355 0.500519 -0.848576 -320.042 -107.083 22.8947 -0.00514355
-0.587677 0.215027 320.074 -28.4957 -181.856 0.0126923 0.343086 -0.11348 -320.074 -19.1253 46.6166 -0.0126923
-0.480788 -0.335949 320.101 65.6336 -168.332 0.0197432 0.223836 0.516407 -320.101 58.3238 65.9357 -0.0197432
-0.423047 -0.705278 320.115 123.623 -165.953 0.0259632 0.168123 0.867492 -320.115 105.013 80.0157 -0.0259632
-0.44292 -0.75324 320.115 134.943 -176.215 0.0311132 0.163891 0.945034 -320.115 111.934 87.9673 -0.0311132
-0.562884 -0.527827 320.106 98.62 -202.071 0.0350611 0.232984 0.690247 -320.106 78.4926 86.3049 -0.0350611
-0.747563 -0.0544845 320.083 23.146 -243.859 0.0377648 0.417725 0.185415 -320.083 11.85 74.3567 -0.0377648
-1.00911 0.59346 320.053 -76.0949 -297.276 0.0392541 0.636279 -0.452287 -320.053 -75.6978 57.9414 -0.0392541
-1.32464 1.29634 320.019 -182.421 -359.269 0.0396288 0.857614 -1.13282 -320.019 -170.361 41.836 -0.0396288
-1.62049 1.92905 319.989 -278.321 -427.944 0.0390638 1.131 -1.76076 -319.989 -257.615 27.6906 -0.0390638
-1.86983 2.39091 319.957 -346.873 -498.387 0.0377968 1.41234 -2.22357 -319.957 -323.393 20.8945 -0.0377968
-2.03599 2.60823 319.937 -375.118 -562.841 0.0360867 1.63806 -2.43158 -319.937 -356.923 28.2609 -0.0360867
-2.16184 2.51919 319.936 -357.263 -618.055 0.0341657 1.7569 -2.3692 -319.936 -352.753 47.767 -0.0341657
-2.24416 2.15601 319.932 -295.642 -666.718 0.0322239 1.86247 -2.02182 -319.932 -311.109 68.9829 -0.0322239
-2.30531 1.58004 319.946 -200.051 -709.484 0.030412 1.97569 -1.44812 -319.946 -239.637 86.2833 -0.030412
-2.34236 0.928188 319.971 -89.009 -742.509 0.0288307 2.04637 -0.747577 -319.971 -154.163 103.546 -0.0288307
-2.36421 0.373143 319.983 10.1667 -762.758 0.0275201 2.02911 -0.087286 -319.983 -76.7404 123.041 -0.0275201
-2.43282 -0.000478987 319.985 73.4806 -777.916 0.0264865 1.98453 0.314605 -319.985 -27.3654 134.65 -0.0264865
-2.47619 -0.0551105 319.99 85.4583 -794.593 0.0257436 2.08536 0.401076 -319.99 -18.8367 130.347 -0.0257436
-2.54629 0.241104 319.975 41.6202 -808.187 0.0253107 2.19381 0.143124 -319.975 -55.5172 117.996 -0.0253107
-2.60007 0.863358 319.939 -53.7349 -812.039 0.0251845 2.24386 -0.433253 -319.939 -134.323 106.781 -0.0251845
-2.60027 1.71758 319.907 -187.632 -805.684 0.0253497 2.28509 -1.25398 -319.907 -243.799 94.453 -0.0253497
-2.59062 2.62609 319.885 -337.987 -789.442 0.0258093 2.31538 -2.20865 -319.885 -364.17 75.2919 -0.0258093
-2.52312 3.43305 319.853 -473.137 -761.034 0.0265665 2.36258 -3.05764 -319.853 -469.644 49.9509 -0.0265665
-2.38241 3.99869 319.823 -567.461 -710.492 0.0275701 2.3005 -3.6164 -319.823 -538.715 29.026 -0.0275701
-2.19271 4.17535 319.828 -604.58 -634.635 0.0286926 2.0541 -3.82426 -319.828 -557.496 16.72 -0.0286926
-1.90631 3.93523 319.864 -577.609 -540.522 0.0297574 1.76787 -3.62265 -319.864 -520.318 6.03105 -0.0297574
-1.55065 3.32115 319.906 -491.403 -431.424 0.0305612 1.44971 -3.03306 -319.906 -431.673 -4.91772 -0.0305612
-1.15151 2.42961 319.952 -362.12 -307.541 0.0308612 1.03535 -2.1707 -319.952 -306.159 -10.3391 -0.0308612
-0.688127 1.43514 320.013 -214.972 -174.369 0.0303801 0.571545 -1.18413 -320.013 -165.511 -8.5271 -0.0303801
-0.216537 0.51419 320.088 -78.2133 -41.4683 0.0288701 0.101526 -0.256667 -320.088 -33.7424 -4.35021 -0.0288701
0.190161 -0.190409 320.129 22.6061 81.6231 0.0261762 -0.328422 0.428383 -320.129 67.3095 -5.62289 -0.0261762
0.499839 -0.555792 320.151 70.1208 186.136 0.0222437 -0.64742 0.77195 -320.151 122.764 -18.5489 -0.0222437
0.704784 -0.54386 320.165 57.7923 267.796 0.0171085 -0.846907 0.725939 -320.165 126.639 -41.2285 -0.0171085
0.834342 -0.207052 320.17 -7.15404 328.813 0.0109135 -0.976703 0.322338 -320.17 83.9782 -64.3811 -0.0109135
0.890296 0.317157 320.151 -103.049 369.976 0.0039221 -1.06994 -0.308339 -320.151 12.0507 -83.7325 -0.0039221
0.882691 0.90217 320.125 -201.711 389.402 -0.00351018 -1.0874 -0.935321 -320.125 -65.4005 -101.641 0.00351018
0.846835 1.41494 320.107 -279.978 388.004 -0.010988 -1.00676 -1.39794 -320.107 -128.861 -117.136 0.010988
0.787371 1.69456 320.094 -323.535 371.816 -0.0181173 -0.919835 -1.67905 -320.094 -166.772 -122.238 0.0181173
0.742771 1.74823 320.083 -325.312 345.893 -0.0245316 -0.854909 -1.68205 -320.083 -173.217 -112.303 0.0245316
0.738555 1.57377 320.085 -287.562 311.402 -0.0299014 -0.76956 -1.43316 -320.085 -149.437 -90.9415 0.0299014
0.704634 1.16461 320.097 -220.263 269.012 -0.0339428 -0.688401 -1.05527 -320.097 -102.357 -65.4185 0.0339428
0.611414 0.662549 320.108 -134.657 217.789 -0.0364447 -0.582381 -0.543268 -320.108 -40.5966 -43.3045 0.0364447
0.46987 0.156288 320.12 -46.2281 158.556 -0.0372881 -0.426855 -0.00323309 -320.12 23.0235 -27.4001 0.0372881
0.333083 -0.308993 320.131 27.878 96.8191 -0.0364323 -0.243773 0.396072 -320.131 74.5656 -12.3063 0.0364323
0.217804 -0.611835 320.131 79.5701 38.72 -0.033894 -0.0912714 0.673542 -320.131 107.217 6.72199 0.033894
0.117809 -0.755319 320.127 106.057 -13.0753 -0.0297435 0.0268962 0.796365 -320.127 119.446 26.67 0.0297435
-0.0300199 -0.784025 320.121 110.05 -60.6028 -0.0241073 0.12722 0.762645 -320.121 114.745 38.0188 0.0241073
-0.218463 -0.686468 320.111 97.7522 -105.873 -0.0171661 0.267227 0.664987 -320.111 98.6927 35.4734 0.0171661
-0.405138 -0.475089 320.097 71.7697 -146.121 -0.00916606 0.422503 0.519986 -320.097 72.9048 25.9695 0.00916606
-0.524127 -0.21053 320.084 32.1395 -175.556 -0.000431858 0.528695 0.259905 -320.084 36.3148 22.6333 0.000431858
-0.53613 0.157257 320.068 -18.9568 -191.303 0.00866353 0.566443 -0.0413092 -320.068 -9.78602 31.1084 -0.00866353
-0.53947 0.583887 320.048 -79.0732 -197.428 0.0177479 0.52281 -0.392926 -320.048 -62.7422 43.0596 -0.0177479
-0.577452 1.02345 320.033 -145.896 -202.896 0.0264671 0.51967 -0.803856 -320.033 -119.493 43.4595 -0.0264671
-0.683296 1.46612 320.021 -214.736 -211.871 0.0344782 0.580226 -1.2239 -320.021 -176.004 28.2717 -0.0344782
-0.793279 1.77592 320.007 -275.292 -220.124 0.0414524 0.655153 -1.66779 -320.007 -224.961 9.67992 -0.0414524
-0.798042 1.91616 319.997 -309.214 -219.914 0.0470988 0.685895 -1.95073 -319.997 -252.529 4.32442 -0.0470988
-0.712473 1.86377 319.999 -300.824 -208.021 0.0511986 0.596136 -1.90093 -319.999 -246.071 17.9066 -0.0511986
-0.568598 1.49477 320.013 -246.653 -189.778 0.0536152 0.462053 -1.59179 -320.013 -201.709 40.0447 -0.0536152
-0.440043 0.848029 320.037 -150.406 -172.444 0.0542733 0.352208 -1.02391 -320.037 -121.474 57.3461 -0.0542733
-0.348173 0.115685 320.068 -25.8939 -157.636 0.0531426 0.269646 -0.180526 -320.068 -17.0376 67.8818 -0.0531426
-0.258366 -0.666326 320.102 99.6031 -143.951 0.0502426 0.191604 0.625648 -320.102 88.2242 78.583 -0.0502426
-0.154095 -1.29974 320.124 199.52 -130.766 0.0456666 0.102386 1.25377 -320.124 171.606 93.5029 -0.0456666
-0.0706199 -1.62254 320.131 255.213 -121.914 0.0396053 0.0353439 1.63075 -320.131 217.59 106.511 -0.0396053
-0.0664781 -1.67952 320.129 257.278 -123.106 0.0323447 0.0459705 1.59975 -320.129 219.301 106.757 -0.0323447
-0.159828 -1.44709 320.117 212.643 -135.415 0.0242414 0.152161 1.27518 -320.117 183.002 90.0816 -0.0242414
-0.274792 -0.967049 320.097 137.889 -152.119 0.015696 0.325763 0.820843 -320.097 121.993 64.8733 -0.015696
-0.316072 -0.430691 320.074 50.4508 -161.375 0.00712912 0.478713 0.262687 -320.074 50.3977 45.9312 -0.00712912
-0.299356 0.0562707 320.055 -28.9605 -155.156 -0.00104205 0.505609 -0.240752 -320.055 -14.0988 38.2677 0.00104205
-0.252999 0.435439 320.044 -82.8316 -134.745 -0.00843268 0.465576 -0.516845 -320.044 -55.445 30.4718 0.00843268
-0.182153 0.561791 320.047 -104.786 -103.643 -0.014731 0.453605 -0.619541 -320.047 -66.7867 11.5062 0.014731
-0.159517 0.473591 320.059 -95.2628 -59.8954 -0.0197412 0.363601 -0.517108 -320.059 -48.6332 -15.7337 0.0197412
-0.138768 0.225062 320.076 -60.7202 -3.79391 -0.0234029 0.196203 -0.245455 -320.076 -7.62079 -44.3299 0.0234029
0.0440379 -0.165294 320.104 -11.3083 63.5462 -0.0257655 0.0656333 0.0745846 -320.104 46.1575 -65.9597 0.0257655
0.300202 -0.553056 320.134 43.0877 143.372 -0.0269331 -0.189557 0.452325 -320.134 102.959 -71.3131 0.0269331
0.584803 -0.891723 320.152 91.0237 228.928 -0.0270405 -0.529538 0.791065 -320.152 153.42 -65.9496 0.0270405
0.867463 -1.14717 320.172 123.048 307.961 -0.0262615 -0.793146 1.01091 -320.172 190.429 -65.4447 0.0262615
1.04704 -1.25424 320.197 134.195 374.075 -0.0247883 -1.00018 1.11424 -320.197 209.826 -75.2257 0.0247883
1.18156 -1.13319 320.206 119.765 428.108 -0.0227921 -1.14845 1.1146 -320.206 206.699 -88.0296 0.0227921
1.35011 -0.847266 320.205 74.6412 473.565 -0.0204227 -1.26099 0.875533 -320.205 175.526 -92.5327 0.0204227
1.52595 -0.413281 320.204 3.28836 512.061 -0.0178141 -1.40294 0.432437 -320.204 119.429 -84.7773 0.0178141
1.73493 0.0966957 320.194 -79.9381 542.775 -0.0150566 -1.49504 -0.0966665 -320.194 51.6718 -71.6947 0.0150566
1.87527 0.596056 320.177 -157.62 564.541 -0.012202 -1.56776 -0.569371 -320.177 -11.8904 -62.4672 0.012202
1.90712 1.028 320.159 -219.413 576.184 -0.00931688 -1.61497 -0.908245 -320.159 -62.1002 -62.592 0.00931688
1.88171 1.34636 320.153 -264.858 578.273 -0.00650099 -1.60088 -1.15426 -320.153 -98.66 -70.3978 0.00650099
1.80058 1.55347 320.148 -296.399 572.905 -0.00385363 -1.59098 -1.34214 -320.148 -124.51 -78.2498 0.00385363
1.7849 1.69355 320.137 -315.554 562.523 -0.00144794 -1.5333 -1.45308 -320.137 -141.825 -78.5466 0.00144794
1.89026 1.74032 320.131 -322.612 553.008 0.000666259 -1.46101 -1.51895 -320.131 -151.126 -64.2705 -0.000666259
1.98911 1.65785 320.132 -314.081 548.625 0.00245348 -1.51525 -1.52556 -320.132 -148.626 -37.7005 -0.00245348
2.0722 1.48585 320.132 -285.433 544.585 0.00388775 -1.55161 -1.36194 -320.132 -128.503 -16.3534 -0.00388775
2.12721 1.19868 320.139 -238.904 538.564 0.00495015 -1.49186 -1.07245 -320.139 -91.2405 -11.0476 -0.00495015
2.10149 0.840398 320.158 -182.884 536.998 0.00562098 -1.48181 -0.720555 -320.158 -44.0734 -14.6827 -0.00562098
1.97308 0.463772 320.175 -126.441 539.997 0.00587129 -1.57119 -0.372334 -320.175 4.79869 -23.3357 -0.00587129
1.89851 0.139712 320.183 -77.787 540.213 0.00567477 -1.5354 -0.0641703 -320.183 48.0013 -39.5628 -0.00567477
1.79813 -0.0907211 320.189 -44.5867 536.668 0.00503205 -1.49283 0.141157 -320.189 78.1127 -56.768 -0.00503205
1.65867 -0.214556 320.187 -30.7121 528.27 0.00396719 -1.48641 0.200195 -320.187 90.8081 -69.5632 -0.00396719
1.59271 -0.203669 320.174 -35 511.157 0.0025077 -1.36501 0.153727 -320.174 86.7652 -79.6919 -0.0025077
1.51934 -0.0939556 320.158 -52.9822 487.364 0.000703356 -1.23702 0.0217447 -320.158 69.6357 -85.196 -0.000703356
1.37423 0.128727 320.143 -80.7683 457.839 -0.00134086 -1.15891 -0.129492 -320.143 43.1013 -88.1584 0.00134086
1.20878 0.395889 320.124 -116.831 418.915 -0.0034814 -0.994307 -0.343137 -320.124 9.31402 -97.2532 0.0034814
1.01332 0.63579 320.107 -156.269 372.827 -0.0055672 -0.773678 -0.627544 -320.107 -27.4163 -111.691 0.0055672
0.8182 0.79743 320.095 -186.158 327.921 -0.00743536 -0.595439 -0.873719 -320.095 -56.7693 -121.11 0.00743536
0.659957 0.871501 320.087 -193.72 288.94 -0.00891856 -0.492325 -0.930961 -320.087 -68.2726 -120.189 0.00891856
0.562403 0.789511 320.087 -176.064 254.921 -0.00988297 -0.414424 -0.828783 -320.087 -59.1556 -111.753 0.00988297
0.548688 0.603211 320.095 -139.49 225.888 -0.0102401 -0.328667 -0.593917 -320.095 -34.52 -97.2668 0.0102401
0.595013 0.391266 320.106 -96.3365 205.557 -0.00994391 -0.302139 -0.304101 -320.106 -4.75549 -74.1487 0.00994391
0.661847 0.186142 320.11 -60.374 194.876 -0.00900819 -0.357508 -0.0951433 -320.11 19.4588 -45.7888 0.00900819
0.763005 -0.090308 320.116 -32.497 190.49 -0.0074977 -0.387199 -0.0481959 -320.116 38.5787 -22.4451 0.0074977
0.850434 -0.421506 320.126 3.5202 193.101 -0.00549228 -0.416734 0.0626385 -320.126 66.791 -8.08531 0.00549228
0.914699 -0.851349 320.142 64.2165 206.517 -0.00310502 -0.512512 0.400555 -320.142 117.647 1.75681 0.00310502
1.05194 -1.51413 320.167 155.831 233.009 -0.000526594 -0.639155 0.905251 -320.167 195.659 13.6318 0.000526594
1.21977 -2.26344 320.201 275.187 271.936 0.00199556 -0.861922 1.67761 -320.201 297.391 31.4964 -0.00199556
1.41912 -2.89395 320.24 398.398 316.89 0.00421155 -1.11082 2.61977 -320.24 402.675 51.7195 -0.00421155
1.61563 -3.38907 320.267 485.529 359.128 0.00588744 -1.30927 3.24495 -320.267 478.313 66.9218 -0.00588744
1.71841 -3.56993 320.274 509.477 391.69 0.00682036 -1.45955 3.39105 -320.274 501.862 71.1894 -0.00682036
1.75372 -3.24157 320.269 463.329 410.931 0.00688264 -1.49633 3.16387 -320.269 467.283 62.4836 -0.00688264
1.77773 -2.62795 320.251 353.451 419.842 0.00604309 -1.42611 2.41684 -320.251 379.452 46.9182 -0.00604309
1.76012 -1.7035 320.221 202.96 425.526 0.00434564 -1.38347 1.46255 -320.221 256.959 32.5356 -0.00434564
1.75002 -0.702102 320.189 41.7797 431.644 0.00189677 -1.34029 0.448552 -320.189 125.3 18.7313 -0.00189677
1.70633 0.179428 320.168 -99.8921 437.605 -0.00112786 -1.296 -0.436692 -320.168 10.2552 0.0503967 0.00112786
1.57178 0.886609 320.147 -201.842 443.702 -0.00449853 -1.29656 -0.987753 -320.147 -70.6242 -25.4449 0.00449853
1.54233 1.22043 320.141 -255.305 451.931 -0.00797739 -1.20479 -1.29636 -320.141 -110.514 -51.2171 0.00797739
1.57899 1.25061 320.15 -258.866 470.834 -0.0113606 -1.22803 -1.28343 -320.15 -109.469 -61.3574 0.0113606
1.73801 1.03583 320.161 -219.419 503.248 -0.0144879 -1.36253 -0.98087 -320.161 -73.7552 -51.0788 0.0144879
1.9574 0.536493 320.173 -150.05 542.016 -0.0172335 -1.528 -0.585184 -320.173 -13.0882 -33.8848 0.0172335
2.16381 -0.094717 320.2 -60.0071 580.253 -0.019501 -1.64943 -0.0529737 -320.2 65.9012 -24.4312 0.019501
2.31728 -0.728564 320.225 39.5328 617.617 -0.0212292 -1.74966 0.604668 -320.225 153.999 -24.8664 0.0212292
2.45341 -1.27521 320.248 127.833 657.074 -0.0224054 -1.85893 1.21202 -320.248 233.359 -28.589 0.0224054
2.50532 -1.61529 320.265 182.557 695.409 -0.0230585 -2.02552 1.60402 -320.265 284.99 -35.0897 0.0230585
2.442 -1.69143 320.266 190.309 721.21 -0.0232158 -2.12901 1.67035 -320.266 297.924 -54.9663 0.0232158
2.33537 -1.44536 320.253 149.455 727.144 -0.022879 -2.02636 1.44528 -320.253 270.31 -91.2291 0.022879
2.15562 -0.907116 320.235 65.0874 718.967 -0.0220553 -1.89684 0.951237 -320.235 204.681 -127.931 0.0220553
2.06342 -0.147028 320.212 -52.9087 705.058 -0.0207863 -1.74959 0.232645 -320.212 107.827 -148.792 0.0207863
2.0386 0.718857 320.169 -188.225 689.856 -0.019121 -1.64591 -0.618479 -320.169 -6.33094 -152.269 0.019121
1.98755 1.52096 320.132 -317.319 671.957 -0.0170813 -1.57365 -1.46327 -320.132 -116.523 -152.312 0.0170813
1.91034 2.14888 320.103 -416.25 648.318 -0.0146789 -1.41607 -2.09575 -320.103 -200.72 -162.807 0.0146789
1.83139 2.4648 320.087 -467.639 627.127 -0.0119644 -1.25487 -2.43354 -320.087 -244.312 -176.525 0.0119644
1.76359 2.42964 320.086 -463.667 619.451 -0.0090483 -1.26302 -2.42446 -320.086 -241.853 -177.531 0.0090483
1.74558 2.10053 320.099 -408.019 622.429 -0.00608071 -1.37803 -2.0599 -320.099 -196.709 -166.433 0.00608071
1.81513 1.53002 320.12 -316.181 626.541 -0.00322237 -1.43269 -1.48148 -320.12 -121.607 -152.523 0.00322237
1.8023 0.855951 320.148 -209.038 626.212 -0.00062595 -1.53996 -0.816801 -320.148 -34.2283 -138.509 0.00062595
1.74439 0.23336 320.172 -107.339 615.566 0.00157097 -1.61372 -0.178318 -320.172 47.3113 -125.617 -0.00157097
1.72726 -0.29033 320.187 -27.4305 590.58 0.00325642 -1.55692 0.268483 -320.187 108.425 -111.457 -0.00325642
1.65988 -0.661754 320.191 25.8859 553.96 0.00437214 -1.52494 0.513984 -320.191 144.766 -89.3955 -0.00437214
1.59611 -0.82674 320.189 56.9551 505.573 0.00493303 -1.44235 0.670654 -320.189 160.457 -62.4277 -0.00493303
1.4511 -0.890465 320.178 71.4694 442.263 0.00500973 -1.30833 0.709375 -320.178 160.856 -39.837 -0.00500973
1.20252 -0.869305 320.163 74.6802 362.987 0.00470438 -1.10293 0.684788 -320.163 151.029 -26.7181 -0.00470438
0.854147 -0.793169 320.146 71.7585 269.179 0.0041437 -0.844893 0.633134 -320.146 135.418 -21.2331 -0.0041437
0.471894 -0.731663 320.133 67.9312 164.063 0.00346574 -0.536813 0.545821 -320.133 117.659 -16.6542 -0.00346574
0.113196 -0.700076 320.118 69.4955 52.6915 0.00280348 -0.210837 0.483553 -320.118 102.499 -5.02256 -0.00280348
-0.0655974 -0.716795 320.108 82.0368 -54.1996 0.00228699 0.148381 0.497417 -320.108 94.446 23.4159 -0.00228699
-0.175689 -0.809053 320.098 107.68 -146.181 0.00203981 0.341338 0.592907 -320.098 96.127 71.0788 -0.00203981
-0.298688 -0.901831 320.095 141.159 -226.496 0.00215288 0.441456 0.799478 -320.095 106.184 118.714 -0.00215288
-0.43285 -0.995218 320.094 170.837 -301.809 0.00267083 0.649058 0.985553 -320.094 117.144 144.16 -0.00267083
-0.75876 -1.03677 320.095 184.361 -371.883 0.00360394 0.802929 1.05006 -320.095 119.053 144.37 -0.00360394
-1.07717 -0.964669 320.092 176.279 -433.329 0.00493592 1.00393 0.977444 -320.092 106.125 130.244 -0.00493592
-1.28777 -0.843034 320.076 150.568 -479.532 0.00662113 1.18255 0.741638 -320.076 79.9136 119.817 -0.00662113
-1.35673 -0.74092 320.057 123.171 -504.178 0.00859455 1.23889 0.467761 -320.057 52.6897 126.196 -0.00859455
-1.25233 -0.616816 320.049 110.423 -507.862 0.0107788 1.23577 0.406928 -320.049 38.5731 145.46 -0.0107788
-1.16675 -0.636981 320.046 115.622 -496.774 0.0130622 1.13113 0.445323 -320.046 41.8831 162.006 -0.0130622
-1.08299 -0.761874 320.043 135.159 -477.814 0.0152928 1.08545 0.585369 -320.043 60.8354 161.892 -0.0152928
-0.987146 -0.860335 320.047 160.207 -448.862 0.0173107 1.06944 0.843758 -320.047 87.6242 149.272 -0.0173107
-0.847684 -0.976052 320.058 176.694 -401.666 0.0189659 0.953388 0.990866 -320.058 109.307 139.318 -0.0189659
-0.703039 -1.01245 320.069 176.489 -338.192 0.0201204 0.712042 1.0184 -320.069 118.778 132.075 -0.0201204
-0.542415 -0.910864 320.084 157.694 -270.263 0.0206773 0.534368 0.963841 -320.084 114.857 113.48 -0.0206773
-0.380023 -0.677388 320.087 116.772 -200.971 0.0205952 0.440745 0.776527 -320.087 94.6061 81.5967 -0.0205952
-0.256447 -0.335435 320.09 52.3582 -126.027 0.0198574 0.279746 0.409207 -320.09 55.9287 48.228 -0.0198574
-0.0830014 0.12453 320.092 -28.906 -44.8342 0.0184605 0.0960335 -0.0510321 -320.092 3.45301 19.164 -0.0184605
0.130023 0.614419 320.089 -115.999 39.4489 0.0164594 -0.0859506 -0.554551 -320.089 -53.83 -7.48797 -0.0164594
0.399703 1.02975 320.087 -195.192 126.39 0.0139911 -0.246101 -1.03267 -320.087 -104.491 -31.7375 -0.0139911
0.675524 1.32255 320.098 -251.265 217.64 0.0112185 -0.463107 -1.34591 -320.098 -136.511 -51.1436 -0.0112185
0.985808 1.42361 320.105 -276.19 313.932 0.00826246 -0.713571 -1.4596 -320.105 -142.827 -65.7222 -0.00826246
1.34464 1.40488 320.122 -272.348 414.813 0.00520613 -0.969999 -1.32801 -320.122 -124.866 -76.9698 -0.00520613
1.69651 1.2741 320.157 -253.372 519.964 0.00212244 -1.27646 -1.11285 -320.157 -93.6152 -86.2293 -0.00212244
2.03847 1.05921 320.183 -231.288 624.705 -0.000934501 -1.57206 -0.940473 -320.183 -59.4689 -98.096 0.000934501
2.28781 0.905817 320.2 -212.893 723.209 -0.00393611 -1.86593 -0.752745 -320.2 -28.3391 -117.435 0.00393611
2.49501 0.804841 320.212 -204.85 811.705 -0.00686872 -2.08009 -0.646787 -320.212 -6.35244 -144.478 0.00686872
2.63245 0.75243 320.226 -211.243 887.802 -0.00973554 -2.26219 -0.680606 -320.226 2.70837 -173.935 0.00973554
2.69662 0.787251 320.241 -226.926 948.814 -0.0125574 -2.42879 -0.760738 -320.241 1.65989 -201.241 0.0125574
2.73643 0.785949 320.217 -241.98 990.845 -0.0153442 -2.51321 -0.890561 -320.217 -1.98013 -225.09 0.0153442
2.717 0.81187 320.199 -246.387 1011.69 -0.018063 -2.55621 -0.88389 -320.199 -0.382466 -242.431 0.018063
2.68879 0.801365 320.199 -239.031 1011.67 -0.0206489 -2.54376 -0.795864 -320.199 6.57694 -248.313 0.0206489
2.6368 0.692523 320.188 -223.245 990.784 -0.0230326 -2.50727 -0.732303 -320.188 15.8495 -240.343 0.0230326
2.53295 0.596131 320.168 -199.855 946.756 -0.0251256 -2.4335 -0.590909 -320.168 27.0296 -222.248 0.0251256
2.38928 0.486053 320.162 -172.379 877.927 -0.0268022 -2.26234 -0.439863 -320.162 37.5241 -199.349 0.0268022
2.16753 0.380759 320.173 -147.495 786.385 -0.0279248 -2.03879 -0.339317 -320.173 42.5865 -172.748 0.0279248
1.88803 0.3292 320.143 -129.045 675.543 -0.0283682 -1.77054 -0.286496 -320.143 39.3491 -141.779 0.0283682
1.58926 0.307514 320.136 -116.243 550.012 -0.0280193 -1.44988 -0.297376 -320.136 28.1692 -106.576 0.0280193
1.29505 0.323156 320.163 -107.403 416.597 -0.0267814 -1.09774 -0.332748 -320.163 11.9728 -67.4277 0.0267814
0.946448 0.347366 320.132 -98.3195 279.826 -0.0245851 -0.782064 -0.357867 -320.132 -4.2185 -27.5436 0.0245851
0.492503 0.367966 320.099 -84.6609 135.521 -0.0213977 -0.461475 -0.329748 -320.099 -16.726 3.85589 0.0213977
0.0274823 0.361474 320.109 -67.8881 -15.4863 -0.0172367 -0.0243322 -0.285577 -320.109 -26.0807 23.4208 0.0172367
-0.445611 0.334995 320.1 -50.106 -165.195 -0.0121812 0.411399 -0.245558 -320.1 -34.1451 40.7243 0.0121812
-0.842225 0.329681 320.067 -33.5069 -305.53 -0.00637597 0.801928 -0.196538 -320.067 -42.7943 66.3406 0.00637597
-1.1523 0.331418 320.041 -19.2247 -431.642 -2.30671e-05 1.12832 -0.163983 -320.041 -52.5462 99.6435 2.30671e-05
-1.46849 0.278338 320.035 -4.98528 -546.954 0.00665521 1.40532 -0.175242 -320.035 -60.6626 128.467 -0.00665521
-1.78655 0.165877 320.015 15.569 -652.526 0.0134415 1.72152 -0.142774 -320.015 -60.1209 141.636 -0.0134415
-2.0751 0.0131647 319.989 46.4503 -741.523 0.0201013 2.02396 0.00745067 -319.989 -46.9556 144.564 -0.0201013
-2.26907 -0.265241 319.979 88.4863 -804.158 0.0263649 2.20838 0.19532 -319.979 -21.2196 152.071 -0.0263649
-2.3388 -0.645161 319.983 143.83 -835.589 0.0319725 2.23284 0.469537 -319.983 18.4975 169.714 -0.0319725
-2.29858 -1.00433 319.991 209.981 -840.883 0.0367263 2.17542 0.922491 -319.991 70.3545 189.142 -0.0367263
-2.12977 -1.38013 320 271.995 -823.161 0.0404764 2.12126 1.33254 -320 122.522 203.824 -0.0404764
-1.93676 -1.68084 320.011 314.741 -780.694 0.0430863 1.94815 1.60064 -320.011 162.411 214.618 -0.0430863
-1.72271 -1.76846 320.025 328.745 -716.71 0.0444442 1.70121 1.74584 -320.025 182.216 217.744 -0.0444442
-1.4802 -1.67816 320.044 307.345 -638.039 0.0444997 1.47999 1.65003 -320.044 176.544 206.641 -0.0444997
-1.26853 -1.43707 320.053 252.128 -546.791 0.0432842 1.2398 1.30561 -320.053 146.65 181.289 -0.0432842
-1.10006 -1.02289 320.039 175.021 -446.973 0.0408941 0.973685 0.877681 -320.039 101.357 144.898 -0.0408941
-0.847849 -0.557767 320.073 88.9051 -341.394 0.0374588 0.778867 0.395128 -320.073 49.7298 104.576 -0.0374588
-0.524448 -0.134894 320.08 7.32773 -226.781 0.0331423 0.532339 -0.0763611 -320.08 1.30957 73.0837 -0.0331423
-0.18514 0.176932 320.057 -55.5318 -102.372 0.028156 0.160506 -0.423598 -320.057 -31.6398 52.3115 -0.028156
0.163194 0.33044 320.078 -88.5531 20.8451 0.0227421 -0.1729 -0.546698 -320.078 -38.8575 28.4612 -0.0227421
0.405613 0.314427 320.117 -90.8707 135.196 0.0171484 -0.476431 -0.450281 -320.117 -20.2523 -6.25688 -0.0171484
0.618148 0.128529 320.136 -71.7137 238.254 0.0116066 -0.705313 -0.260199 -320.136 15.1738 -44.89 -0.0116066
0.862986 -0.0849721 320.147 -43.0168 333.001 0.00630291 -0.925473 0.00319269 -320.147 55.7283 -71.8251 -0.00630291
1.11759 -0.237252 320.178 -18.8561 419.711 0.00137447 -1.20672 0.243093 -320.178 88.5179 -80.4772 -0.00137447
1.34809 -0.279267 320.197 -13.8437 489.114 -0.0030588 -1.43493 0.329654 -320.197 102.162 -83.0767 0.0030588
1.46327 -0.141381 320.189 -36.8397 531.612 -0.00688069 -1.53124 0.228327 -320.189 90.3832 -94.7307 0.00688069
1.50192 0.204375 320.179 -90.419 548.12 -0.0100049 -1.46912 -0.0663953 -320.179 50.891 -114.573 0.0100049
1.47929 0.708022 320.167 -170.721 547.904 -0.0123983 -1.39103 -0.561662 -320.167 -13.9517 -128.96 0.0123983
1.42758 1.25488 320.14 -263.405 536.786 -0.0140638 -1.33971 -1.19113 -320.14 -92.1822 -132.818 0.0140638
1.359 1.78555 320.108 -346.474 513.881 -0.0150038 -1.24118 -1.72953 -320.108 -164.44 -134.23 0.0150038
1.24454 2.16487 320.087 -402.375 479.564 -0.0152162 -1.09167 -2.08413 -320.087 -215.166 -138.329 0.0152162
1.08721 2.37104 320.077 -424.697 438.78 -0.0147336 -0.954782 -2.19624 -320.077 -239.076 -140.372 0.0147336
0.970454 2.35763 320.07 -415.929 396.563 -0.0136489 -0.831051 -2.14661 -320.07 -238.668 -133.2 0.0136489
0.902309 2.1081 320.069 -378.186 355.815 -0.0120896 -0.748914 -1.97717 -320.069 -215.516 -114.413 0.0120896
0.87537 1.65734 320.078 -309.259 316.698 -0.0101765 -0.687575 -1.61908 -320.078 -166.898 -88.2602 0.0101765
0.857142 1.07527 320.09 -211.209 278.148 -0.0080295 -0.629022 -1.02397 -320.09 -93.8848 -61.0112 0.0080295
0.819253 0.430099 320.106 -99.4575 239.543 -0.00580234 -0.578421 -0.317959 -320.106 -9.29068 -35.4054 0.00580234
0.77916 -0.144839 320.126 1.79713 201.114 -0.00368483 -0.515046 0.326044 -320.126 66.5842 -12.1448 0.00368483
0.713048 -0.553056 320.134 70.6506 163.062 -0.00186355 -0.45174 0.732383 -320.134 116.103 6.97964 0.00186355
0.612129 -0.736223 320.13 98.9534 124.075 -0.000477802 -0.355077 0.860193 -320.13 133 17.1539 0.000477802
0.484422 -0.702113 320.124 91.0452 85.3514 0.000406512 -0.214788 0.75982 -320.124 121.381 16.8574 -0.000406512
0.338756 -0.478191 320.115 57.3693 51.5867 0.000790368 -0.086944 0.53473 -320.115 89.8266 10.8243 -0.000790368
0.162125 -0.172758 320.101 8.27053 24.882 0.00070826 -0.0196044 0.205433 -320.101 46.707 2.04439 -0.00070826
0.0259552 0.189812 320.087 -46.4598 3.55781 0.000213375 0.0760489 -0.13042 -320.087 -0.0384975 -10.3332 -0.000213375
-0.0288465 0.519508 320.074 -98.362 -10.2013 -0.000606503 0.18906 -0.458966 -320.074 -43.7759 -20.9628 0.000606503
-0.0386759 0.771059 320.063 -138.933 -10.8192 -0.0016275 0.186558 -0.720948 -320.063 -77.8207 -21.4061 0.0016275
0.0418544 0.923823 320.06 -161.428 1.67927 -0.002715 0.125861 -0.849744 -320.06 -96.2376 -13.3695 0.002715
0.164309 0.94462 320.064 -164.575 23.4674 -0.003746 0.0417861 -0.857049 -320.064 -97.1785 -5.11687 0.003746
0.20105 0.856433 320.074 -152.019 49.3349 -0.00462419 -0.09984 -0.762112 -320.074 -83.1358 -5.01371 0.00462419
0.222474 0.714174 320.088 -130.72 73.8607 -0.00529381 -0.167116 -0.599964 -320.088 -60.2163 -16.5806 0.00529381
0.233477 0.592886 320.102 -110.427 97.5191 -0.00573259 -0.220947 -0.428238 -320.102 -37.947 -30.745 0.00573259
0.238771 0.538757 320.112 -101.262 121.458 -0.00591885 -0.335651 -0.33844 -320.112 -26.2092 -37.1867 0.00591885
0.31457 0.587695 320.114 -109.107 141.445 -0.00580758 -0.400882 -0.371124 -320.114 -30.2305 -36.6405 0.00580758
0.40511 0.711084 320.11 -132.3 154.815 -0.00533798 -0.425831 -0.531909 -320.11 -48.3309 -33.2053 0.00533798
0.410021 0.899441 320.102 -163.387 160.424 -0.0044507 -0.470701 -0.732558 -320.102 -73.7677 -31.5682 0.0044507
0.381004 1.103 320.092 -195.131 156.08 -0.00309622 -0.436351 -0.928432 -320.092 -100.06 -36.4288 0.00309622
0.331953 1.24567 320.083 -221.515 144.359 -0.00124064 -0.356807 -1.12181 -320.083 -122.501 -43.4018 0.00124064
0.287283 1.28945 320.077 -234.017 131.378 0.00113023 -0.31573 -1.2483 -320.077 -134.734 -42.9082 -0.00113023
0.270342 1.22379 320.074 -224.425 118.675 0.0040093 -0.314327 -1.2151 -320.074 -129.956 -32.9156 -0.0040093
0.273508 1.04686 320.08 -191.692 103.808 0.00735996 -0.310924 -1.00826 -320.08 -106.919 -18.145 -0.00735996
0.269839 0.779148 320.089 -144.068 85.1259 0.0111058 -0.294842 -0.708696 -320.089 -72.1077 -2.40486 -0.0111058
0.261247 0.461984 320.099 -92.6145 63.0934 0.0151267 -0.265139 -0.413337 -320.099 -34.5506 13.982 -0.0151267
0.233472 0.194134 320.106 -46.3879 38.2848 0.0192643 -0.238776 -0.137409 -320.106 -1.75407 30.8368 -0.0192643
0.1752 0.0139912 320.111 -13.4573 9.48756 0.0233426 -0.198432 0.0564567 -320.111 19.6718 45.2147 -0.0233426
0.0921759 -0.0456346 320.109 -0.588523 -24.6267 0.0271933 -0.10824 0.118312 -320.109 24.4679 54.0706 -0.0271933
-0.0412484 0.0233179 320.1 -9.72924 -63.6461 0.0306562 0.00534758 0.0323256 -320.1 11.1101 57.1111 -0.0306562
-0.216034 0.215592 320.085 -37.8137 -106.829 0.0335713 0.142506 -0.168135 -320.085 -17.8553 54.8824 -0.0335713
-0.404648 0.487796 320.068 -78.4661 -153.484 0.0357953 0.31837 -0.445927 -320.068 -57.1023 48.4954 -0.0357953
-0.611979 0.776625 320.05 -122.619 -201.349 0.0372229 0.493576 -0.750579 -320.05 -99.1672 40.694 -0.0372229
-0.813831 1.02307 320.026 -159.644 -248.145 0.0377873 0.662315 -1.00772 -320.026 -135.299 33.5602 -0.0377873
-1.0064 1.16686 320.01 -180.404 -293.156 0.0374498 0.819538 -1.1611 -320.01 -157.703 27.6644 -0.0374498
-1.19274 1.16694 320.002 -178.692 -335.728 0.0362013 0.953139 -1.17355 -320.002 -161.222 23.6652 -0.0362013
-1.35237 1.01867 320 -152.597 -375.638 0.0340655 1.07492 -1.02711 -320 -144.483 22.5996 -0.0340655
-1.4779 0.742745 320.003 -105.493 -412.243 0.0310961 1.17376 -0.744744 -320.003 -110.455 26.513 -0.0310961
-1.5776 0.375253 320.009 -44.631 -445.782 0.0273784 1.23772 -0.382849 -320.009 -65.3233 36.1766 -0.0273784
-1.66179 -0.0214436 320.025 21.2978 -479.081 0.0230366 1.29474 0.00961319 -320.025 -16.574 48.8581 -0.0230366
-1.73823 -0.387732 320.032 82.5841 -513.743 0.0182347 1.36991 0.371601 -320.032 27.9718 61.3902 -0.0182347
-1.78345 -0.669816 320.039 130.371 -548.283 0.0131682 1.47297 0.647495 -320.039 61.2732 74.2864 -0.0131682
-1.82423 -0.853071 320.032 160.372 -579.379 0.00805326 1.54582 0.799263 -320.032 79.9641 88.7777 -0.00805326
-1.8873 -0.929408 320.027 173.396 -606.966 0.00312015 1.59199 0.849423 -320.027 85.3324 100.412 -0.00312015
-2.00039 -0.91722 320.027 173.121 -634.156 -0.0013915 1.65833 0.831319 -320.027 81.2161 101.472 0.0013915
-2.12317 -0.860071 320.021 163.886 -660.668 -0.00524832 1.78159 0.756364 -320.021 71.2634 92.1956 0.00524832
-2.22149 -0.786093 320.01 151.217 -680.245 -0.00825345 1.87869 0.660768 -320.01 59.2968 83.354 0.00825345
-2.24868 -0.721788 320.004 141.125 -687.39 -0.0102682 1.89734 0.589597 -320.004 49.7072 83.8247 0.0102682
-2.18239 -0.707311 320.003 138.36 -682.063 -0.0112073 1.86905 0.564871 -320.003 46.7773 92.2364 0.0112073
-2.09577 -0.773071 320.004 146.327 -667.039 -0.0110292 1.79176 0.604568 -320.004 54.1304 101.043 0.0110292
-2.02428 -0.943569 320.013 167.535 -645.681 -0.00974956 1.70034 0.71962 -320.013 74.4055 103.394 0.00974956
-1.95061 -1.1942 320.027 202.399 -619.184 -0.00746204 1.61581 0.938283 -320.027 107.72 99.9425 0.00746204
-1.83838 -1.48476 320.043 246.529 -585.187 -0.00432899 1.49917 1.23815 -320.043 149.366 99.2674 0.00432899
-1.67232 -1.77319 320.061 290.884 -542.969 -0.000552534 1.31893 1.54125 -320.061 190.949 107.437 0.000552534
-1.47957 -2.02483 320.079 326.651 -497.422 0.00364555 1.1125 1.77114 -320.079 225.134 119.96 -0.00364555
-1.31855 -2.17448 320.095 348.131 -455.95 0.0080373 0.93963 1.92393 -320.095 247.586 127.075 -0.0080373
-1.21049 -2.18488 320.104 350.187 -422.713 0.0124035 0.834113 1.97212 -320.104 254.033 124.943 -0.0124035
-1.14245 -2.04851 320.105 327.973 -396.879 0.0165387 0.768745 1.85799 -320.105 239.838 118.561 -0.0165387
-1.09145 -1.75456 320.102 280.613 -376.4 0.0202572 0.711028 1.57763 -320.102 203.745 113.934 -0.0202572
-1.06006 -1.30599 320.097 212.181 -362.634 0.0234195 0.671229 1.17757 -320.097 148.866 110.553 -0.0234195
-1.122 -0.757709 320.085 128.144 -359.815 0.0259562 0.648185 0.675329 -320.085 80.2611 102.114 -0.0259562
-1.26615 -0.167369 320.062 36.4842 -372.869 0.0278592 0.722254 0.114638 -320.062 4.67685 83.4752 -0.0278592
-1.44107 0.404017 320.042 -52.8136 -399.922 0.0291614 0.884809 -0.444783 -320.042 -70.3268 61.4843 -0.0291614
-1.606 0.8584 320.024 -126.768 -433.518 0.0299335 1.02745 -0.94462 -320.024 -135.011 50.3471 -0.0299335
-1.72876 1.16093 320.005 -171.711 -470.415 0.0302837 1.12619 -1.24907 -320.005 -178.246 54.9777 -0.0302837
-1.82428 1.22503 319.995 -178.44 -513.567 0.0303507 1.23555 -1.3243 -319.995 -191.744 68.2456 -0.0303507
-1.95357 1.02688 319.994 -144.346 -565.112 0.0302883 1.36487 -1.15394 -319.994 -172.273 82.0776 -0.0302883
-2.08883 0.612926 320.003 -72.7184 -623.714 0.0302379 1.53857 -0.732945 -320.003 -122.561 95.635 -0.0302379
-2.21354 0.0350511 320.024 24.9236 -683.63 0.0302991 1.69296 -0.155812 -320.024 -52.3581 114.83 -0.0302991
-2.26248 -0.603547 320.026 131.98 -739.169 0.0305312 1.82814 0.477525 -320.026 25.4222 143.437 -0.0305312
-2.25316 -1.18531 320.032 232.177 -787.718 0.0309766 1.93471 1.08502 -320.032 98.0485 177.682 -0.0309766
-2.30693 -1.63914 320.035 310.019 -831.214 0.0316601 1.98702 1.54809 -320.035 153.453 205.615 -0.0316601
-2.42627 -1.88185 320.03 352.564 -873.945 0.0325718 2.10628 1.79735 -320.03 182.406 213.57 -0.0325718
-2.55846 -1.86417 320.015 352.724 -913.054 0.0336673 2.31571 1.79298 -320.015 179.052 202.977 -0.0336673
-2.6572 -1.58878 319.99 310.275 -936.874 0.0348778 2.47029 1.52272 -319.99 142.224 189.968 -0.0348778
-2.67465 -1.0913 319.962 232.393 -937.521 0.0361107 2.50663 1.04117 -319.962 77.853 182.819 -0.0361107
-2.63545 -0.424085 319.937 130.644 -917.587 0.0372617 2.48071 0.449582 -319.937 -3.31075 172.417 -0.0372617
-2.58227 0.296326 319.915 16.7886 -881.748 0.0382285 2.46016 -0.212603 -319.915 -90.3631 147.421 -0.0382285
-2.55273 0.966479 319.899 -96.1687 -829.581 0.0388927 2.40213 -0.883296 -319.899 -172.257 108.169 -0.0388927
-2.52251 1.54351 319.894 -195.03 -758.463 0.0390908 2.25551 -1.43995 -319.894 -238.152 62.9817 -0.0390908
-2.37426 1.96025 319.905 -268.199 -670.34 0.0386376 2.08627 -1.81835 -319.905 -280.558 21.2567 -0.0386376
-2.11928 2.13842 319.919 -309.255 -565.67 0.0373757 1.82078 -2.02875 -319.919 -296.003 -7.51079 -0.0373757
-1.79843 2.10163 319.942 -314.167 -448.26 0.0351879 1.43879 -2.00401 -319.942 -282.194 -22.521 -0.0351879
-1.38996 1.86442 319.966 -285.402 -326.504 0.0319841 1.0774 -1.75701 -319.966 -240.648 -32.1437 -0.0319841
-0.975825 1.45352 320.002 -231.025 -205.62 0.0277143 0.709288 -1.36313 -320.002 -178.135 -39.103 -0.0277143
-0.538566 0.952205 320.047 -161.429 -86.9282 0.022388 0.337418 -0.874716 -320.047 -103.965 -39.982 -0.022388
-0.0733207 0.433116 320.085 -87.8948 27.8346 0.0160793 -0.0348717 -0.364276 -320.085 -27.9475 -32.8253 -0.0160793
0.360218 -0.056682 320.122 -19.5368 137.133 0.00893928 -0.433255 0.0962351 -320.122 41.7386 -21.0412 -0.00893928
0.69921 -0.453523 320.152 35.1567 231.943 0.00120282 -0.781935 0.469369 -320.152 98.89 -15.7462 -0.00120282
0.862571 -0.703194 320.172 69.568 303.489 -0.00683751 -1.04264 0.728836 -320.172 138.428 -25.5088 0.00683751
0.9348 -0.782282 320.189 77.7418 348.4 -0.0148637 -1.13714 0.815088 -320.189 154.257 -46.0604 0.0148637
0.941884 -0.683115 320.19 57.856 370.849 -0.0225368 -1.17093 0.700958 -320.19 143.139 -62.4909 0.0225368
0.9439 -0.420715 320.176 14.9503 374.272 -0.0294951 -1.17412 0.427842 -320.176 108.233 -65.1404 0.0294951
0.924513 -0.0605178 320.157 -40.7366 357.07 -0.0353684 -1.11993 0.062816 -320.157 58.5539 -58.6726 0.0353684
0.787306 0.277198 320.137 -95.1942 315.765 -0.039805 -0.999183 -0.328223 -320.137 7.1398 -54.9362 0.039805
0.568321 0.471493 320.114 -130.83 251.122 -0.0425087 -0.744451 -0.636884 -320.114 -30.2816 -59.2518 0.0425087
0.30875 0.48538 320.101 -130.671 172.436 -0.0432804 -0.446729 -0.689153 -320.101 -40.0266 -61.7035 0.0432804
0.0879483 0.37213 320.101 -93.067 91.6686 -0.0420371 -0.208703 -0.416455 -320.101 -21.5218 -47.804 0.0420371
-0.0532953 0.160621 320.103 -36.8868 13.8038 -0.0388013 -0.0346561 -0.0240877 -320.103 10.0757 -15.9793 0.0388013
-0.189027 -0.110857 320.101 15.5742 -64.2952 -0.0336846 0.120178 0.256111 -320.101 37.8085 19.6647 0.0336846
-0.456677 -0.215292 320.095 48.494 -149.285 -0.026876 0.293127 0.466485 -320.095 50.6645 40.4126 0.026876
-0.821133 -0.105979 320.094 46.9389 -245.47 -0.0186347 0.599089 0.470528 -320.094 36.9566 38.9847 0.0186347
-1.16104 0.0627384 320.071 7.65675 -343.072 -0.00928163 0.979816 0.0630679 -320.071 -7.44796 31.6869 0.00928163
-1.44994 0.348054 320.036 -47.189 -428.358 0.000830435 1.22762 -0.428965 -320.036 -65.5187 38.8017 -0.000830435
-1.57785 0.73768 320.011 -92.5499 -497.461 0.0113556 1.4112 -0.702302 -320.011 -116.455 62.4613 -0.0113556
-1.5858 0.908844 319.988 -118.439 -550.725 0.0219607 1.56158 -0.940279 -319.988 -149.988 92.5548 -0.0219607
-1.61895 0.898849 319.969 -115.681 -587.968 0.0323007 1.6087 -0.977486 -319.969 -156.68 118.012 -0.0323007
-1.64918 0.789133 319.97 -82.0148 -610.729 0.0420084 1.64738 -0.698405 -319.97 -133.844 130.686 -0.0420084
-1.69541 0.483617 319.981 -31.3247 -618.853 0.0507112 1.6459 -0.374049 -319.981 -93.0117 132.285 -0.0507112
-1.70549 0.161218 319.99 19.5379 -610.914 0.0580612 1.59578 -0.0436319 -319.99 -49.0248 130.18 -0.0580612
-1.62527 -0.133361 319.998 59.3044 -587.601 0.0637588 1.52034 0.188264 -319.998 -12.3035 129.529 -0.0637588
-1.51199 -0.310989 320.007 81.4065 -551.5 0.0675649 1.38006 0.324589 -320.007 11.1992 130.343 -0.0675649
-1.38129 -0.321064 320.015 80.8305 -508.088 0.0693195 1.23857 0.353387 -320.015 17.4078 126.578 -0.0693195
-1.26369 -0.184612 320.023 54.2317 -462.199 0.0689598 1.13286 0.212192 -320.023 3.64647 113.258 -0.0689598
-1.19842 0.0811779 320.022 4.87869 -415.384 0.0665238 1.02883 -0.0786766 -320.022 -27.9038 91.1843 -0.0665238
-1.15859 0.437825 320.026 -57.3741 -368.775 0.0621509 0.936591 -0.439295 -320.026 -69.8921 63.9211 -0.0621509
-1.07187 0.815137 320.021 -121.947 -320.392 0.0560752 0.871884 -0.807513 -320.021 -113.668 37.696 -0.0560752
-0.943444 1.1312 320.015 -177.65 -267.575 0.0485973 0.762072 -1.12935 -320.015 -150.672 19.6458 -0.0485973
-0.751604 1.33301 320.017 -214.791 -209.74 0.040055 0.61674 -1.33511 -320.017 -172.773 10.9445 -0.040055
-0.507146 1.36833 320.022 -225.922 -148.198 0.0308079 0.461881 -1.38046 -320.022 -173.386 7.56099 -0.0308079
-0.306835 1.22314 320.034 -208.386 -85.1828 0.0212224 0.254106 -1.24241 -320.034 -149.789 3.97884 -0.0212224
-0.153953 0.931686 320.055 -165.901 -26.0254 0.0116587 0.0655766 -0.931198 -320.055 -104.73 -5.43229 -0.0116587
0.00713001 0.562952 320.075 -109.021 28.0079 0.00245558 -0.0582828 -0.516451 -320.075 -47.7931 -17.9311 -0.00245558
0.178 0.180193 320.102 -51.9539 80.3145 -0.00609489 -0.208679 -0.123716 -320.102 7.79828 -23.4425 0.00609489
0.360239 -0.140886 320.123 -5.98292 130.355 -0.0137582 -0.393881 0.177543 -320.123 52.2354 -19.9991 0.0137582
0.491369 -0.343312 320.132 22.6908 170.562 -0.0203407 -0.548435 0.372175 -320.132 81.2399 -18.6158 0.0203407
0.530176 -0.428813 320.139 32.1654 194.458 -0.0256801 -0.600318 0.43936 -320.139 93.9394 -29.2659 0.0256801
0.501533 -0.412478 320.145 24.4771 203.345 -0.0296663 -0.557868 0.386861 -320.145 91.6179 -48.4285 0.0296663
0.453593 -0.278612 320.142 4.09974 204.358 -0.0322658 -0.510442 0.27971 -320.142 76.9715 -63.267 0.0322658
0.42436 -0.0998551 320.132 -24.1834 201.713 -0.03351 -0.495359 0.102628 -320.132 53.5519 -67.0568 0.03351
0.402872 0.10942 320.123 -54.6204 193.517 -0.0334595 -0.474813 -0.0822136 -320.123 26.7279 -64.9864 0.0334595
0.345046 0.333547 320.113 -83.359 176.612 -0.0321917 -0.416109 -0.236422 -320.113 0.501016 -65.0458 0.0321917
0.247507 0.501586 320.101 -109.053 151.406 -0.0298241 -0.318477 -0.412256 -320.101 -23.7618 -68.2428 0.0298241
0.149522 0.587271 320.093 -126.662 122.11 -0.0265212 -0.215464 -0.5753 -320.093 -42.2822 -68.2125 0.0265212
0.0910659 0.615684 320.087 -128.807 93.2799 -0.0224656 -0.144427 -0.610952 -320.087 -49.4326 -58.2762 0.0224656
0.0614195 0.535269 320.087 -112.816 65.9092 -0.0178364 -0.121447 -0.535908 -320.087 -42.8212 -38.6471 0.0178364
-0.0116051 0.395052 320.089 -82.7924 35.0942 -0.0128136 -0.123833 -0.347403 -320.089 -25.0662 -18.2012 0.0128136
-0.115512 0.221318 320.096 -47.6563 -4.70402 -0.00758326 -0.047217 -0.129158 -320.096 -3.23102 -4.74553 0.00758326
-0.23181 0.0543727 320.099 -16.8437 -52.0047 -0.00233067 0.086786 0.0367715 -320.099 14.3414 6.06313 0.00233067
-0.351873 -0.0317788 320.096 3.54585 -101.341 0.00277512 0.187257 0.143776 -320.096 22.0387 23.2171 -0.00277512
-0.430555 -0.028367 320.088 10.2848 -151.648 0.00759387 0.295032 0.160954 -320.088 17.3232 46.2827 -0.00759387
-0.550533 0.0150283 320.081 3.99632 -206.019 0.0120234 0.412102 0.0550534 -320.081 1.9432 66.0601 -0.0120234
-0.744646 0.10964 320.063 -8.68252 -266.127 0.0160028 0.574541 -0.0732994 -320.063 -17.7518 74.2199 -0.0160028
-0.94216 0.205318 320.046 -21.1595 -329.172 0.0194974 0.818214 -0.1909 -320.046 -36.2428 73.0301 -0.0194974
-1.10144 0.254111 320.036 -28.1441 -385.02 0.0224816 1.02295 -0.28324 -320.036 -49.7447 75.862 -0.0224816
-1.19297 0.304249 320.022 -26.9354 -426.77 0.0249463 1.12055 -0.270581 -320.022 -56.3808 90.0174 -0.0249463
-1.21824 0.298072 320.016 -20.2678 -456.446 0.0269148 1.17918 -0.23845 -320.016 -57.4676 107.409 -0.0269148
-1.24035 0.258388 320.011 -12.201 -477.105 0.0284367 1.2364 -0.204807 -320.011 -54.8707 116.48 -0.0284367
-1.2977 0.243473 320.01 -6.12047 -488.821 0.0295648 1.28021 -0.150574 -320.01 -50.9011 113.478 -0.0295648
-1.35917 0.246958 320.012 -6.82372 -489.672 0.0303364 1.30178 -0.144701 -320.012 -49.8537 102.282 -0.0303364
-1.34534 0.263021 320.012 -15.9812 -476.689 0.030773 1.30744 -0.219287 -320.012 -53.8751 90.5353 -0.030773
-1.26454 0.335347 320.011 -30.3926 -447.455 0.0309007 1.23383 -0.294421 -320.011 -60.9011 83.8106 -0.0309007
-1.13987 0.449517 320.015 -48.3865 -404.646 0.0307578 1.09806 -0.363258 -320.015 -69.5137 78.9475 -0.0307578
-0.999251 0.561755 320.021 -70.9013 -353.891 0.0303752 0.96614 -0.47799 -320.021 -79.9979 67.9211 -0.0303752
-0.865479 0.676064 320.022 -96.6112 -297.526 0.029762 0.847557 -0.616579 -320.022 -91.0583 48.3813 -0.029762
-0.70921 0.802437 320.024 -122.111 -234.071 0.0289138 0.720368 -0.7311 -320.024 -100.588 26.2902 -0.0289138
-0.477407 0.901478 320.034 -145.154 -159.855 0.0278172 0.555971 -0.83786 -320.034 -107.477 9.83053 -0.0278172
-0.201376 0.917763 320.048 -161.199 -74.5865 0.0264551 0.310999 -0.935624 -320.048 -108.035 0.463622 -0.0264551
0.0885267 0.865163 320.058 -162.986 16.9079 0.024817 0.0381163 -0.914937 -320.058 -95.6334 -9.04506 -0.024817
0.324608 0.733268 320.078 -148.267 108.975 0.0228908 -0.240354 -0.756564 -320.078 -68.2118 -26.1224 -0.0228908
0.543779 0.502588 320.117 -121.215 198.256 0.0206392 -0.474576 -0.540563 -320.117 -30.3991 -49.2963 -0.0206392
0.763789 0.239692 320.137 -88.8145 284.912 0.0180039 -0.715239 -0.296093 -320.137 10.8845 -68.8004 -0.0180039
1.0454 0.00297751 320.155 -56.9538 369.844 0.0149385 -0.971192 -0.0476975 -320.155 49.4781 -75.4332 -0.0149385
1.39122 -0.202834 320.18 -31.4161 451.695 0.0114284 -1.23148 0.135062 -320.18 80.3724 -69.055 -0.0114284
1.6815 -0.356438 320.199 -14.5072 524.94 0.007489 -1.51045 0.250753 -320.199 102.569 -59.4508 -0.007489
1.90326 -0.438618 320.212 -5.71602 583.212 0.00315491 -1.69281 0.330822 -320.212 117.333 -58.8844 -0.00315491
2.03353 -0.416968 320.212 -7.69782 624.394 -0.00152442 -1.78162 0.374189 -320.212 122.454 -68.131 0.00152442
2.10582 -0.296381 320.213 -25.0233 652.767 -0.00647555 -1.84267 0.310702 -320.213 113.022 -77.0553 0.00647555
2.15987 -0.0897078 320.212 -58.8313 671.191 -0.0115882 -1.89804 0.108798 -320.212 87.4571 -79.5336 0.0115882
2.17594 0.183444 320.196 -102.75 677.3 -0.0167074 -1.92204 -0.167259 -320.196 51.5743 -79.8019 0.0167074
2.14112 0.481903 320.179 -147.358 668.738 -0.0216399 -1.86851 -0.435476 -320.179 13.8472 -84.0826 0.0216399
2.04774 0.773462 320.17 -187.017 647.438 -0.0261856 -1.76312 -0.656082 -320.17 -20.9047 -91.6916 0.0261856
1.92451 1.01885 320.16 -220.464 617.788 -0.0301749 -1.64412 -0.854341 -320.16 -51.9112 -97.2855 0.0301749
1.78786 1.21716 320.144 -247.172 581.925 -0.0334671 -1.52422 -1.02404 -320.144 -78.6613 -98.7686 0.0334671
1.63435 1.37722 320.132 -265.934 539.692 -0.0359257 -1.3867 -1.13883 -320.132 -99.8215 -98.9066 0.0359257
1.45259 1.47851 320.124 -276.755 491.288 -0.0374247 -1.22297 -1.21668 -320.124 -115.015 -100.797 0.0374247
1.25272 1.50131 320.11 -279.084 438.057 -0.0378822 -1.0352 -1.26869 -320.11 -123.537 -103.997 0.0378822
1.08051 1.47293 320.107 -271.364 385.108 -0.0372742 -0.844315 -1.24694 -320.107 -123.955 -103.918 0.0372742
0.935259 1.38176 320.101 -253.026 336.012 -0.035619 -0.698726 -1.15709 -320.101 -115.972 -97.2013 0.035619
0.823429 1.2673 320.094 -227.671 291.749 -0.0329669 -0.582031 -1.00134 -320.094 -102.048 -86.2614 0.0329669
0.676443 1.13594 320.091 -201.521 249.496 -0.0293978 -0.49538 -0.847809 -320.091 -86.7867 -78.0645 0.0293978
0.52962 0.974389 320.093 -178.555 207.105 -0.0250159 -0.363 -0.757897 -320.093 -73.2 -76.3382 0.0250159
0.425504 0.830038 320.091 -156.979 168.724 -0.0199449 -0.216297 -0.666017 -320.091 -60.4387 -74.4888 0.0199449
0.395891 0.660498 320.087 -133.487 142.075 -0.0143309 -0.150746 -0.57632 -320.087 -46.2508 -61.7497 0.0143309
0.454046 0.504946 320.09 -106.109 129.379 -0.00834258 -0.168153 -0.422591 -320.09 -28.6808 -38.1469 0.00834258
0.54243 0.356314 320.097 -78.2915 126.744 -0.00215987 -0.223915 -0.247516 -320.097 -9.45647 -14.618 0.00215987
0.623491 0.186981 320.101 -54.9825 130.385 0.0040347 -0.262929 -0.133931 -320.101 8.34448 -0.831767 -0.0040347
0.641285 0.0789287 320.107 -38.3358 139.53 0.0100513 -0.326121 -0.0266487 -320.107 22.9832 1.80425 -0.0100513
0.637648 0.0925619 320.116 -33.9139 153.47 0.0156888 -0.39154 0.0600431 -320.116 29.1706 -3.12174 -0.0156888
0.681743 0.156182 320.121 -49.1051 171.964 0.0207467 -0.431794 -0.0446321 -320.121 19.9007 -9.30798 -0.0207467
0.719334 0.302041 320.118 -81.2519 194.878 0.0250506 -0.529387 -0.279768 -320.118 -3.31907 -12.5214 -0.0250506
0.786104 0.556205 320.112 -121.199 218.61 0.0284678 -0.604376 -0.505091 -320.112 -33.0491 -15.5952 -0.0284678
0.939894 0.791228 320.109 -162.375 243.579 0.0309051 -0.606091 -0.765155 -320.109 -63.8183 -17.907 -0.0309051
1.04996 0.966577 320.107 -196.508 274.235 0.0322993 -0.723302 -0.996965 -320.107 -88.8549 -15.4743 -0.0322993
1.14569 1.04335 320.104 -213.6 307.851 0.0326151 -0.862323 -1.10774 -320.104 -99.0251 -14.9082 -0.0326151
1.26271 1.01456 320.112 -208.831 340.134 0.031854 -0.915848 -1.04032 -320.112 -89.8273 -22.3288 -0.031854
1.34015 0.892726 320.127 -187.416 374.062 0.0300588 -1.01289 -0.852906 -320.127 -66.3241 -30.8183 -0.0300588
1.4304 0.692521 320.143 -159.04 410.906 0.0272958 -1.15243 -0.658147 -320.143 -37.3263 -34.1934 -0.0272958
1.55261 0.522816 320.154 -131.992 446.703 0.0236428 -1.2736 -0.453502 -320.154 -9.99438 -34.5522 -0.0236428
1.604 0.394119 320.164 -113.562 475.705 0.0192151 -1.39881 -0.319735 -320.164 9.70108 -37.8302 -0.0192151
1.59886 0.307909 320.169 -107.076 492.072 0.0141844 -1.43736 -0.296658 -320.169 19.0847 -49.287 -0.0141844
1.57133 0.32055 320.168 -110.776 496.004 0.00875351 -1.38614 -0.310658 -320.168 18.9083 -64.6253 -0.00875351
1.50684 0.376831 320.163 -121.6 492.244 0.00313233 -1.36225 -0.384732 -320.163 10.7911 -73.6976 -0.00313233
1.44626 0.449992 320.155 -134.572 480.915 -0.00245283 -1.33322 -0.483717 -320.155 -1.24626 -75.408 0.00245283
1.36019 0.51693 320.145 -143.172 458.51 -0.00775676 -1.25776 -0.544435 -320.145 -11.187 -76.5186 0.00775676
1.20551 0.514629 320.137 -142.093 423.536 -0.0125413 -1.14061 -0.559589 -320.137 -14.1224 -81.1063 0.0125413
1.01229 0.42918 320.133 -127.614 378.032 -0.0166014 -0.983655 -0.496776 -320.133 -7.04522 -86.5724 0.0166014
0.835621 0.261597 320.131 -98.2787 326.49 -0.0197787 -0.814461 -0.340173 -320.131 10.7419 -85.4006 0.0197787
0.706789 0.000555672 320.131 -54.6854 273.156 -0.0219673 -0.670903 -0.112623 -320.131 38.1624 -71.7891 0.0219673
0.589162 -0.32595 320.134 0.627774 218.308 -0.0231086 -0.572101 0.185056 -320.134 73.5673 -48.5531 0.0231086
0.45859 -0.66501 320.138 62.1989 158.687 -0.0231876 -0.451832 0.544912 -320.138 113.574 -25.5547 0.0231876
0.297526 -0.956605 320.14 119.655 92.8072 -0.0222432 -0.282947 0.899478 -320.14 150.032 -7.79401 0.0222432
0.119629 -1.17091 320.141 160.457 24.457 -0.0203676 -0.105587 1.12093 -320.141 172.573 8.75876 0.0203676
-0.0234601 -1.22606 320.135 177.519 -41.5124 -0.0176862 0.0650107 1.20031 -320.135 175.085 28.9715 0.0176862
-0.113652 -1.10409 320.121 168.402 -101.837 -0.0143407 0.225448 1.12652 -320.121 155.785 52.7098 0.0143407
-0.206991 -0.8227 320.104 133.48 -155.265 -0.0104807 0.351993 0.893547 -320.104 115.996 74.0383 0.0104807
-0.299234 -0.396955 320.086 75.2552 -202.295 -0.00626279 0.504268 0.527796 -320.086 59.2372 85.4253 0.00626279
-0.387308 0.0379289 320.06 3.42466 -238.604 -0.00185453 0.657742 0.0205277 -320.06 -5.81287 86.5659 0.00185453
-0.454884 0.418277 320.037 -62.9828 -257.315 0.00256499 0.747372 -0.45155 -320.037 -63.2562 82.4095 -0.00256499
-0.511458 0.704389 320.026 -106.115 -256.069 0.00681358 0.736758 -0.701754 -320.026 -98.0523 74.5067 -0.00681358
-0.484049 0.799009 320.028 -120.553 -236.207 0.0107066 0.709518 -0.759318 -320.028 -105.737 62.6498 -0.0107066
-0.377179 0.720506 320.035 -110.453 -196.714 0.0140524 0.619522 -0.662537 -320.035 -90.3842 51.8643 -0.0140524
-0.197834 0.513661 320.049 -82.5787 -136.942 0.0166598 0.426394 -0.456904 -320.049 -58.3484 46.3452 -0.0166598
0.0375706 0.220876 320.077 -44.7551 -62.8211 0.0183583 0.187504 -0.196603 -320.077 -15.8359 41.3036 -0.0183583
0.285196 -0.0996499 320.096 -3.64248 19.9129 0.0190217 -0.057877 0.0928365 -320.096 31.6474 30.3958 -0.0190217
0.526696 -0.379615 320.125 33.3176 108.421 0.0185845 -0.303323 0.378676 -320.125 76.8625 12.8553 -0.0185845
0.765747 -0.579225 320.149 55.5921 199.476 0.0170363 -0.547948 0.565174 -320.149 110.652 -7.69354 -0.0170363
1.01376 -0.632747 320.163 56.1531 291.464 0.0144191 -0.798237 0.622907 -320.163 126.219 -27.0477 -0.0144191
1.25895 -0.511544 320.178 31.4481 381.038 0.0108505 -1.04363 0.532312 -320.178 120.114 -45.1128 -0.0108505
1.4729 -0.257609 320.187 -16.732 463.912 0.00653454 -1.25636 0.273497 -320.187 93.7578 -65.7689 -0.00653454
1.64039 0.1089 320.19 -81.9199 537.748 0.00173568 -1.42524 -0.0911594 -320.19 52.6761 -90.5223 -0.00173568
1.77552 0.534352 320.197 -155.06 602.971 -0.00325178 -1.56087 -0.502561 -320.197 4.19474 -116.216 0.00325178
1.88802 0.935518 320.177 -225.509 658.002 -0.00812303 -1.6736 -0.917911 -320.177 -44.0202 -138.359 0.00812303
1.98194 1.26162 320.162 -283.199 703.563 -0.0125855 -1.78594 -1.26334 -320.162 -83.9211 -153.823 0.0125855
2.0522 1.46819 320.166 -319.111 737.564 -0.0163766 -1.8811 -1.46993 -320.166 -108.056 -163.695 0.0163766
2.08099 1.50921 320.163 -328.542 756.93 -0.0192722 -1.94289 -1.52467 -320.163 -112.547 -169.849 0.0192722
2.07647 1.38611 320.153 -310.601 760.267 -0.0210999 -1.96199 -1.41725 -320.153 -96.9947 -171.06 0.0210999
2.0802 1.14367 320.159 -269.083 749.056 -0.0217572 -1.93938 -1.15451 -320.159 -65.1062 -162.636 0.0217572
2.06099 0.834771 320.169 -213.417 724.541 -0.0212175 -1.92986 -0.803638 -320.169 -24.8938 -142.388 0.0212175
2.00311 0.498418 320.166 -155.248 683.74 -0.0195182 -1.88531 -0.468494 -320.166 14.5254 -116.607 0.0195182
1.87942 0.211516 320.165 -103.559 623.499 -0.0167488 -1.7537 -0.181317 -320.165 46.2755 -93.6317 0.0167488
1.66717 0.0247234 320.169 -65.1949 543.79 -0.0130472 -1.5442 0.024059 -320.169 64.9246 -75.4031 0.0130472
1.37951 -0.0389513 320.177 -46.527 450.938 -0.00859675 -1.31068 0.0949228 -320.177 65.8417 -58.5077 0.00859675
1.03963 0.0309417 320.147 -48.6361 345.148 -0.00361314 -1.03053 0.028045 -320.147 48.1196 -43.0632 0.00361314
0.684471 0.19727 320.118 -66.9013 227.343 0.00167774 -0.676294 -0.158013 -320.118 15.2283 -28.6091 -0.00167774
0.305302 0.426565 320.105 -93.5279 102.388 0.00705666 -0.314507 -0.396354 -320.105 -26.0441 -11.6086 -0.00705666
-0.0401257 0.656074 320.088 -118.207 -23.0259 0.0123124 0.0532362 -0.618409 -320.088 -66.9275 9.87818 -0.0123124
-0.381203 0.808116 320.048 -132.68 -145.578 0.0172397 0.39397 -0.78886 -320.048 -99.2649 33.0617 -0.0172397
-0.724387 0.821874 320.036 -128.284 -263.047 0.0216504 0.715445 -0.848902 -320.036 -114.338 53.6677 -0.0216504
-1.03022 0.68077 320.03 -98.2009 -371.328 0.0253841 1.03339 -0.726327 -320.03 -106.067 71.0486 -0.0253841
-1.28408 0.39229 320.021 -42.6556 -464.409 0.0283004 1.29003 -0.417446 -320.021 -74.7797 89.7166 -0.0283004
-1.4658 -0.0158891 320.023 30.6916 -539.101 0.0302755 1.46435 0.00715041 -320.023 -27.0951 112.472 -0.0302755
-1.58524 -0.475921 320.035 109.032 -594.67 0.0312211 1.56565 0.460038 -320.035 27.2351 135.802 -0.0312211
-1.66028 -0.87556 320.029 179.317 -633.072 0.031101 1.6351 0.895534 -320.029 78.3112 153.09 -0.031101
-1.66028 -1.16132 320.027 228.663 -654.333 0.0299309 1.7156 1.20449 -320.027 115.387 162.59 -0.0299309
-1.59816 -1.27088 320.029 247.092 -653.273 0.0277708 1.72553 1.32242 -320.029 130.012 169.102 -0.0277708
-1.49917 -1.16098 320.023 230.578 -627.867 0.0247242 1.62906 1.2439 -320.023 119.142 172.144 -0.0247242
-1.35468 -0.81811 320.011 178.569 -582.053 0.0209429 1.51908 0.980769 -320.011 83.0823 163.421 -0.0209429
-1.23582 -0.285998 320.003 92.6324 -519.102 0.016622 1.38318 0.512686 -320.003 23.6642 137.672 -0.016622
-1.16521 0.395828 320.016 -21.1079 -441.738 0.0119752 1.21176 -0.125138 -320.016 -54.375 95.7244 -0.0119752
-1.03584 1.18049 320.016 -150.406 -352.433 0.00721193 1.07534 -0.841313 -320.016 -143.191 45.3323 -0.00721193
-0.844164 1.96595 319.995 -284.052 -246.493 0.00254128 0.853263 -1.60213 -319.995 -234.265 -0.168575 -0.00254128
-0.584727 2.59673 319.994 -404.103 -125.948 -0.00182385 0.533253 -2.33951 -319.994 -313.058 -36.1883 0.00182385
-0.266117 3.04522 320.011 -487.971 -0.0638566 -0.00568469 0.21271 -2.80223 -320.011 -361.638 -68.8678 0.00568469
0.0420853 3.20326 320.025 -523.69 124.792 -0.00888171 -0.119618 -2.94992 -320.025 -370.393 -100.324 0.00888171
0.342084 3.03297 320.037 -510.905 246.025 -0.0113141 -0.468691 -2.82025 -320.037 -339.644 -126.939 0.0113141
0.668 2.62314 320.083 -456.36 360.663 -0.0129447 -0.814304 -2.41578 -320.083 -275.916 -143.734 0.0129447
1.0128 2.07959 320.125 -373.577 464.871 -0.0137831 -1.15686 -1.81308 -320.125 -192.187 -147.851 0.0137831
1.33143 1.48285 320.137 -284.404 550.98 -0.0138638 -1.4683 -1.21012 -320.137 -107.073 -142.251 0.0138638
1.54949 0.96158 320.168 -207.871 610.879 -0.0132431 -1.71011 -0.716945 -320.168 -36.2278 -135.226 0.0132431
1.64401 0.581108 320.185 -155.379 637.521 -0.0119996 -1.80673 -0.410629 -320.185 11.0612 -134.048 0.0119996
1.61699 0.423256 320.175 -131.424 630.886 -0.0102166 -1.76977 -0.268481 -320.175 30.6969 -136.721 0.0102166
1.49479 0.504829 320.163 -138.547 595.028 -0.00796631 -1.65321 -0.310264 -320.163 19.9082 -135.629 0.00796631
1.3094 0.765954 320.153 -175.681 532.98 -0.00530988 -1.46919 -0.583117 -320.153 -20.5207 -127.396 0.00530988
1.0558 1.16732 320.126 -233.213 446.88 -0.00228726 -1.21332 -1.00068 -320.126 -81.9461 -115.516 0.00228726
0.722888 1.63723 320.089 -297.33 339.248 0.00109355 -0.882023 -1.44982 -320.089 -151.325 -104.636 -0.00109355
0.325205 2.05844 320.058 -353.846 214.52 0.00482769 -0.491602 -1.86559 -320.058 -216.375 -94.6998 -0.00482769
-0.0892029 2.35069 320.041 -390.113 79.7169 0.00887648 -0.081457 -2.17077 -320.041 -266.863 -80.0168 -0.00887648
-0.47833 2.45074 320.009 -396.329 -58.4253 0.0131721 0.312457 -2.30312 -320.009 -294.359 -55.99 -0.0131721
-0.840675 2.33638 319.999 -366.261 -196.678 0.0176314 0.673933 -2.20078 -319.999 -292.886 -23.2627 -0.0176314
-1.17112 1.99261 319.992 -301.441 -330.222 0.022141 1.00176 -1.8862 -319.992 -261.993 14.2774 -0.022141
-1.47571 1.44361 319.992 -205.799 -456.769 0.0265495 1.30754 -1.38085 -319.992 -204.386 51.7897 -0.0265495
-1.75536 0.764201 320.009 -88.2901 -575.03 0.0306819 1.58733 -0.723022 -320.009 -127.546 88.436 -0.0306819
-1.99429 0.0245174 320.035 38.2275 -681.138 0.0343519 1.82586 -0.00474058 -320.035 -42.1796 124.87 -0.0343519
-2.17742 -0.666395 320.029 155.503 -770.979 0.0373721 2.00924 0.66549 -320.029 38.3567 161.191 -0.0373721
-2.32125 -1.21898 320.021 250.564 -844.929 0.0395843 2.15309 1.2156 -320.021 103.551 193.119 -0.0395843
-2.44584 -1.58313 320.022 313.029 -903.95 0.0408844 2.27764 1.56414 -320.022 144.663 215.768 -0.0408844
-2.55614 -1.69866 320.015 336.559 -947.414 0.0412181 2.38801 1.69465 -320.015 156.9 227.056 -0.0412181
-2.64223 -1.55647 319.99 319.045 -973.677 0.0405714 2.47413 1.58923 -319.99 138.446 228.242 -0.0405714
-2.69128 -1.2057 319.964 263.732 -981.296 0.0389794 2.52318 1.23903 -319.964 91.9106 221.608 -0.0389794
-2.69909 -0.691732 319.946 181.064 -968.959 0.0365339 2.52455 0.732326 -319.946 26.2685 207.996 -0.0365339
-2.66403 -0.105704 319.925 85.741 -936.697 0.033373 2.4814 0.163096 -319.925 -46.2826 187.212 -0.033373
-2.57125 0.451122 319.91 -7.1277 -884.358 0.0296566 2.39632 -0.381195 -319.91 -113.429 160.881 -0.0296566
-2.41615 0.889866 319.91 -84.5063 -811.193 0.0255469 2.24024 -0.825735 -319.91 -164.422 133.141 -0.0255469
-2.17973 1.14838 319.918 -136.149 -716.193 0.021199 1.99997 -1.10226 -319.918 -190.558 107.653 -0.021199
-1.8731 1.20246 319.945 -155.238 -603.973 0.0167594 1.69527 -1.15465 -319.945 -186.982 84.5374 -0.0167594
-1.51302 1.03853 319.986 -140.84 -477.588 0.0123598 1.33531 -0.996288 -319.986 -154.6 63.0768 -0.0123598
-1.11692 0.699294 320.014 -100.384 -342.517 0.00810802 0.938587 -0.680142 -320.014 -99.8811 43.5225 -0.00810802
-0.69844 0.258269 320.053 -44.2046 -202.5 0.0040857 0.520484 -0.263448 -320.053 -31.4882 25.3859 -0.0040857
-0.282353 -0.198347 320.108 15.4821 -64.0443 0.000357374 0.103095 0.180539 -320.108 39.6294 8.35422 -0.000357374
0.106001 -0.60345 320.146 66.8938 67.8683 -0.00302095 -0.302051 0.564368 -320.146 102.799 -7.95862 0.00302095
0.442733 -0.891485 320.165 100.573 186.07 -0.00599804 -0.655082 0.828123 -320.165 149.248 -25.6581 0.00599804
0.71785 -1.01917 320.18 110.529 284.905 -0.0085242 -0.923894 0.936318 -320.18 173.526 -45.215 0.0085242
0.92608 -0.977308 320.199 95.6697 362.626 -0.0105517 -1.12684 0.879755 -320.199 174.052 -62.991 0.0105517
1.08394 -0.774173 320.195 58.7408 419.079 -0.0120351 -1.26583 0.68169 -320.195 152.664 -76.1634 0.0120351
1.24356 -0.469177 320.181 6.91 455.425 -0.0129275 -1.31122 0.37126 -320.181 115.06 -82.6262 0.0129275
1.33962 -0.110954 320.171 -50.3071 474.438 -0.0131898 -1.35085 0.0219111 -320.171 69.4613 -81.8776 0.0131898
1.38291 0.2266 320.16 -102.932 477.027 -0.0128077 -1.34709 -0.307201 -320.16 25.2203 -78.7168 0.0128077
1.38385 0.487777 320.144 -142.26 464.31 -0.0117918 -1.26915 -0.556395 -320.144 -9.60332 -77.2135 0.0117918
1.30378 0.662223 320.135 -164.059 440.295 -0.0101778 -1.19429 -0.680694 -320.135 -31.2027 -75.7605 0.0101778
1.20749 0.725414 320.133 -169.304 407.976 -0.00804224 -1.09306 -0.716613 -320.133 -40.3456 -72.2155 0.00804224
1.11652 0.676298 320.13 -160.411 369.984 -0.00550542 -0.975213 -0.694995 -320.13 -38.946 -64.6619 0.00550542
1.01474 0.514323 320.125 -136.808 328.79 -0.0027094 -0.878903 -0.607454 -320.125 -26.2765 -52.3628 0.0027094
0.932495 0.291584 320.124 -97.8223 285.217 0.000200559 -0.765987 -0.391401 -320.124 -1.48697 -37.2727 -0.000200559
0.844528 0.0199565 320.133 -48.3868 239.977 0.00307235 -0.655744 -0.0967394 -320.133 31.3783 -20.9637 -0.00307235
0.742877 -0.267493 320.131 1.55054 194.428 0.00574409 -0.55472 0.188092 -320.131 64.6123 -4.994 -0.00574409
0.631955 -0.514588 320.128 44.3346 148.558 0.00806391 -0.440617 0.425908 -320.128 92.3042 8.05395 -0.00806391
0.514276 -0.643229 320.129 73.6874 103.103 0.0099155 -0.309784 0.616714 -320.129 109.385 17.2845 -0.0099155
0.397891 -0.65734 320.122 82.6795 60.5227 0.0112266 -0.181245 0.670268 -320.122 110.241 24.1738 -0.0112266
0.300771 -0.55816 320.109 69.0949 23.226 0.0119644 -0.0583867 0.558882 -320.109 93.2444 29.421 -0.0119644
0.204481 -0.345728 320.096 37.7115 -7.33258 0.0121325 0.0430539 0.345394 -320.096 62.7533 31.1845 -0.0121325
0.110452 -0.0601792 320.085 -4.10731 -30.4532 0.0117697 0.137693 0.0852059 -320.085 25.284 26.8541 -0.0117697
0.0312692 0.226017 320.07 -49.6478 -44.881 0.0109432 0.228195 -0.207081 -320.07 -13.226 16.6184 -0.0109432
-0.0205978 0.47574 320.059 -90.7188 -47.2989 0.00973497 0.275577 -0.466145 -320.059 -46.0834 4.6355 -0.00973497
-0.015183 0.61582 320.058 -118.169 -35.1628 0.00823024 0.266655 -0.651261 -320.058 -65.89 -5.3709 -0.00823024
0.0431733 0.614649 320.062 -123.727 -8.25148 0.00651612 0.191571 -0.68964 -320.062 -65.7497 -12.822 -0.00651612
0.139895 0.504469 320.072 -105.703 31.2272 0.00467496 0.0635604 -0.527913 -320.072 -44.2815 -19.5524 -0.00467496
0.262458 0.291848 320.094 -72.4724 79.9862 0.00276929 -0.0976738 -0.267875 -320.094 -8.85381 -26.9621 -0.00276929
0.421212 0.0177863 320.118 -35.6524 135.238 0.000837641 -0.271192 -0.0198364 -320.118 30.1656 -33.8096 -0.000837641
0.649323 -0.271319 320.135 -1.40012 196.028 -0.00108785 -0.445996 0.180948 -320.135 67.0719 -35.9269 0.00108785
0.914277 -0.511551 320.15 29.7674 262.859 -0.00296351 -0.678235 0.388977 -320.15 101.014 -30.3868 0.00296351
1.17817 -0.6706 320.172 54.4984 331.663 -0.00473805 -0.942897 0.595412 -320.172 129.366 -22.2625 0.00473805
1.4202 -0.774701 320.189 66.1361 395.817 -0.00636834 -1.15575 0.693719 -320.189 147.116 -20.1884 0.00636834
1.59961 -0.768032 320.198 61.009 452.544 -0.00782446 -1.32497 0.693118 -320.198 151.166 -26.1257 0.00782446
1.71391 -0.649995 320.206 39.6772 501.678 -0.00908279 -1.47873 0.595528 -320.206 141.148 -36.186 0.00908279
1.8196 -0.455135 320.209 5.00548 542.665 -0.0101199 -1.58387 0.398649 -320.209 118.884 -46.4289 0.0101199
1.90682 -0.253573 320.207 -34.9381 575.719 -0.0109109 -1.66905 0.133331 -320.207 90.977 -54.3466 0.0109109
1.95606 -0.0709096 320.197 -67.9435 599.221 -0.011436 -1.73886 -0.0729869 -320.197 67.4547 -60.4892 0.011436
1.97495 0.0352817 320.187 -85.4298 611.13 -0.0116941 -1.758 -0.17014 -320.187 55.3896 -66.834 0.0116941
1.96333 0.0242821 320.187 -84.9279 611.941 -0.0117105 -1.74027 -0.168601 -320.187 56.708 -71.8987 0.0117105
1.90789 -0.0984537 320.186 -66.4388 602.701 -0.011525 -1.72251 -0.0647588 -320.186 71.1429 -73.3127 0.011525
1.82474 -0.269807 320.184 -33.7057 582.256 -0.0111767 -1.67585 0.156612 -320.184 95.479 -71.7772 0.0111767
1.71677 -0.463683 320.187 3.0029 549.643 -0.0106988 -1.58492 0.393494 -320.187 121.371 -68.1427 0.0106988
1.56458 -0.673523 320.193 34.5525 505.317 -0.0101162 -1.47311 0.537818 -320.193 141.297 -62.2829 0.0101162
1.38666 -0.816926 320.189 59.0127 449.394 -0.00944211 -1.31894 0.646421 -320.189 153.475 -54.7484 0.00944211
1.20047 -0.866771 320.18 75.2421 383.136 -0.00867461 -1.11764 0.731444 -320.18 156.867 -44.954 0.00867461
0.988205 -0.857215 320.17 79.8692 309.564 -0.00779899 -0.917893 0.718923 -320.17 149.061 -31.4295 0.00779899
0.763088 -0.781979 320.161 73.7218 229.676 -0.00679047 -0.700113 0.62833 -320.161 131.146 -16.0919 0.00679047
0.520322 -0.614256 320.139 59.8091 144.54 -0.00561367 -0.452234 0.528334 -320.139 106.192 -2.45119 0.00561367
0.256358 -0.401564 320.12 38.2807 56.5578 -0.00422758 -0.190529 0.377414 -320.12 74.9216 8.94735 0.00422758
-0.00525841 -0.180549 320.105 10.6765 -29.8115 -0.00260291 0.0695204 0.15912 -320.105 38.7271 19.3193 0.00260291
-0.255251 0.0636143 320.081 -18.5641 -111.45 -0.000730669 0.314465 -0.0529758 -320.081 1.7043 28.8537 0.000730669
-0.488741 0.260045 320.058 -44.49 -186.956 0.00138942 0.54437 -0.261941 -320.058 -31.2452 36.8566 -0.00138942
-0.682279 0.358065 320.043 -59.5079 -252.934 0.00375369 0.753423 -0.421433 -320.043 -53.6191 44.1859 -0.00375369
-0.817105 0.371573 320.028 -56.6137 -305.256 0.00634037 0.916016 -0.428511 -320.028 -59.4841 53.1647 -0.00634037
-0.89613 0.243413 320.021 -33.999 -340.92 0.00910149 1.00196 -0.315094 -320.021 -46.9825 64.7602 -0.00910149
-0.917204 -0.00925401 320.028 6.23658 -359.553 0.011969 1.02728 -0.0880096 -320.028 -17.5012 76.5867 -0.011969
-0.890952 -0.350103 320.037 59.7359 -362.226 0.0148571 1.00852 0.235755 -320.037 25.5704 85.7717 -0.0148571
-0.819968 -0.731651 320.05 118.999 -349.277 0.0176582 0.947993 0.608746 -320.05 75.9378 91.9417 -0.0176582
-0.71009 -1.07258 320.069 173.084 -320.99 0.0202457 0.835271 0.972557 -320.069 124.242 96.0454 -0.0202457
-0.56381 -1.32361 320.088 210.068 -279.449 0.0224814 0.687696 1.22532 -320.088 160.444 97.2835 -0.0224814
-0.398004 -1.42832 320.099 221.508 -227.733 0.0242256 0.52587 1.31655 -320.099 177.456 93.2888 -0.0242256
-0.236237 -1.36239 320.107 204.802 -169.235 0.025354 0.36306 1.23698 -320.107 172.997 82.0977 -0.025354
-0.0846196 -1.13646 320.116 162.526 -105.921 0.0257727 0.206584 1.00675 -320.116 148.967 63.7231 -0.0257727
0.0676969 -0.800966 320.113 101.476 -38.1491 0.0254211 0.0498145 0.657319 -320.113 110.469 41.0535 -0.0254211
0.233355 -0.415044 320.11 32.3254 33.87 0.024274 -0.116926 0.260286 -320.11 65.8271 17.5339 -0.024274
0.416475 -0.0353649 320.112 -33.4084 109.014 0.0223444 -0.29797 -0.0991672 -320.112 24.1348 -4.49153 -0.0223444
0.593857 0.260328 320.116 -86.4989 184.774 0.0196797 -0.500698 -0.384043 -320.116 -7.16172 -24.8184 -0.0196797
0.76624 0.420049 320.12 -119.622 257.75 0.0163509 -0.693792 -0.556242 -320.12 -22.2968 -44.4955 -0.0163509
0.958993 0.431381 320.133 -127.649 326.485 0.0124464 -0.859252 -0.56841 -320.133 -17.7124 -61.0033 -0.0124464
1.15021 0.285483 320.147 -110.731 392.057 0.00806775 -1.05994 -0.433716 -320.147 6.11376 -69.4789 -0.00806775
1.34849 -0.00432654 320.165 -71.8833 452.142 0.00332497 -1.26838 -0.178067 -320.165 46.4991 -70.3407 -0.00332497
1.52365 -0.379391 320.186 -16.8282 501.558 -0.00166253 -1.44601 0.185387 -320.186 98.7331 -68.4009 0.00166253
1.64573 -0.77848 320.208 45.2227 536.801 -0.00676265 -1.58018 0.599705 -320.208 154.857 -66.3471 0.00676265
1.71098 -1.12746 320.222 101.271 555.695 -0.0118324 -1.66159 0.972754 -320.222 203.712 -63.9023 0.0118324
1.7279 -1.3728 320.228 139.94 556.996 -0.0167184 -1.68378 1.2126 -320.228 235.54 -59.5301 0.0167184
1.69926 -1.45155 320.228 155.095 540.548 -0.0212498 -1.64665 1.30363 -320.228 245.062 -52.6863 0.0212498
1.60553 -1.35333 320.221 144.703 506.457 -0.025235 -1.55754 1.23274 -320.221 230.898 -45.2476 0.025235
1.44198 -1.10698 320.201 110.854 454.674 -0.0284726 -1.39819 1.00098 -320.201 195.296 -40.4956 0.0284726
1.21802 -0.741938 320.183 59.9209 387.649 -0.0307699 -1.17186 0.660673 -320.183 143.767 -39.0394 0.0307699
0.945784 -0.301354 320.155 -0.385843 309.037 -0.0319553 -0.909081 0.267952 -320.155 83.0237 -38.3274 0.0319553
0.652084 0.108599 320.126 -60.0785 223.081 -0.0318921 -0.633985 -0.156668 -320.126 21.4851 -35.2003 0.0318921
0.355211 0.379567 320.1 -103.904 133.081 -0.0304909 -0.354335 -0.52695 -320.1 -27.8293 -29.1662 0.0304909
0.0509236 0.489445 320.088 -115.216 42.0043 -0.0277172 -0.0930654 -0.653091 -320.088 -50.7776 -20.4729 0.0277172
-0.247274 0.354797 320.075 -87.0108 -48.2707 -0.0236032 0.151671 -0.527846 -320.075 -41.1868 -9.30204 0.0236032
-0.48955 -0.020299 320.069 -22.2271 -135.487 -0.0182698 0.395608 -0.182917 -320.069 -1.31808 7.04497 0.0182698
-0.620215 -0.574665 320.085 71.0547 -214.091 -0.0119281 0.614018 0.340932 -320.085 62.0975 34.7017 0.0119281
-0.701222 -1.21142 320.093 180.645 -279.316 -0.00484781 0.708835 0.989471 -320.093 139.292 74.1587 0.00484781
-0.756576 -1.83565 320.1 289.119 -335.096 0.00267023 0.773347 1.64602 -320.1 216.943 112.323 -0.00267023
-0.853516 -2.36257 320.133 377.459 -387.936 0.0103068 0.879489 2.16376 -320.133 280.414 135.494 -0.0103068
-1.05496 -2.6634 320.118 430.254 -438.201 0.0177372 0.986754 2.47951 -320.118 317.226 140.784 -0.0177372
-1.24266 -2.669 320.096 436.437 -483.472 0.0246493 1.14922 2.51682 -320.096 317.29 135.092 -0.0246493
-1.3779 -2.3667 320.092 391.907 -518.3 0.0307678 1.28606 2.22898 -320.092 276.084 130.325 -0.0307678
-1.4612 -1.78177 320.07 302.36 -539.751 0.0358857 1.3464 1.66059 -320.07 198.062 130.868 -0.0358857
-1.49752 -1.01792 320.026 182.74 -550.871 0.0398804 1.40062 0.902854 -320.026 96.6015 128.824 -0.0398804
-1.54211 -0.202531 319.999 53.1902 -553.858 0.0426987 1.46084 0.0903191 -319.999 -10.3852 116.609 -0.0426987
-1.61179 0.538464 319.992 -65.5414 -547.125 0.0443294 1.49205 -0.639162 -319.992 -105.319 95.2794 -0.0443294
-1.61654 1.07028 319.971 -153.837 -527.54 0.0447864 1.50617 -1.18234 -319.971 -173.23 73.0421 -0.0447864
-1.51968 1.32721 319.952 -198.922 -489.372 0.0441087 1.42186 -1.44837 -319.952 -204.147 61.3035 -0.0441087
-1.3261 1.27261 319.975 -194.135 -432.881 0.042365 1.21873 -1.39244 -319.975 -192.893 62.5732 -0.042365
-1.07461 0.907136 320.002 -141.978 -364.36 0.0396492 0.961465 -1.04221 -320.002 -141.08 68.1045 -0.0396492
-0.818811 0.297228 320.027 -52.3605 -291.017 0.0360653 0.706259 -0.453775 -320.027 -56.6056 69.1554 -0.0360653
-0.540298 -0.443403 320.068 58.4516 -215.402 0.0317173 0.478622 0.277297 -320.068 46.3923 67.2363 -0.0317173
-0.272379 -1.19244 320.117 170.222 -137.353 0.0267136 0.200435 1.01196 -320.117 150.174 68.6889 -0.0267136
-0.0435394 -1.83268 320.154 264.242 -61.9601 0.021182 -0.103276 1.62725 -320.154 238.555 70.823 -0.021182
0.194838 -2.27173 320.17 326.505 3.16066 0.0152891 -0.280241 2.03767 -320.17 299.696 66.1908 -0.0152891
0.385111 -2.45343 320.183 349.095 57.2915 0.00923892 -0.397257 2.19954 -320.183 327.004 56.838 -0.00923892
0.49704 -2.35669 320.193 330.778 103.01 0.00324429 -0.534181 2.11636 -320.193 319.162 47.3945 -0.00324429
0.574352 -2.01445 320.186 275.288 138.076 -0.00249159 -0.606566 1.80422 -320.186 279.555 34.183 0.00249159
0.54792 -1.51625 320.167 192.383 159.083 -0.00776248 -0.62632 1.29845 -320.167 216.571 12.2989 0.00776248
0.449261 -0.905826 320.152 96.0352 165.688 -0.0123591 -0.568389 0.72963 -320.152 141.568 -16.9815 0.0123591
0.369964 -0.258446 320.135 -1.56295 162.916 -0.0161061 -0.448042 0.169643 -320.135 63.7315 -43.1659 0.0161061
0.339442 0.320084 320.112 -91.1888 158.972 -0.018889 -0.379038 -0.376031 -320.112 -9.98903 -53.6636 0.018889
0.32702 0.754983 320.092 -161.107 155.142 -0.0206382 -0.387097 -0.830583 -320.092 -69.3042 -50.473 0.0206382
0.291012 0.988996 320.082 -198.579 144.842 -0.0213132 -0.364589 -1.08082 -320.082 -102.189 -48.6966 0.0213132
0.205616 1.00168 320.08 -197.617 125.294 -0.0209202 -0.271795 -1.06713 -320.08 -103.001 -55.0696 0.0209202
0.131984 0.787396 320.085 -161.828 102.802 -0.0195346 -0.167553 -0.846864 -320.085 -75.6428 -58.4681 0.0195346
0.132167 0.43647 320.097 -101.161 85.7713 -0.0172945 -0.145842 -0.4624 -320.097 -29.4494 -44.6329 0.0172945
0.197825 0.010854 320.111 -28.7326 74.3868 -0.0143719 -0.203625 -0.0149809 -320.111 24.9849 -15.3966 0.0143719
0.256832 -0.42259 320.122 42.8168 60.6109 -0.0109393 -0.241367 0.412756 -320.122 78.5757 12.3504 0.0109393
0.241002 -0.81894 320.13 104.188 39.0107 -0.00715964 -0.20329 0.756962 -320.13 124.817 26.0412 0.00715964
0.177584 -1.09754 320.138 149.435 12.7877 -0.00320646 -0.110861 1.02237 -320.138 158.622 29.553 0.00320646
0.136078 -1.20629 320.138 172.262 -10.2691 0.000731565 -0.0373236 1.17472 -320.138 173.744 35.8313 -0.000731565
0.134576 -1.1027 320.13 164.907 -26.6758 0.0044819 -0.0209963 1.15622 -320.13 163.367 49.5888 -0.0044819
0.136943 -0.821877 320.116 123.643 -40.2538 0.00791689 -0.00423037 0.891572 -320.116 125.384 61.0299 -0.00791689
0.0559182 -0.356943 320.099 53.3781 -56.361 0.0109555 0.0518193 0.457551 -320.099 65.0365 57.1997 -0.0109555
-0.114256 0.201741 320.078 -35.2711 -76.3048 0.0135502 0.168179 -0.100565 -320.078 -8.58272 35.515 -0.0135502
-0.311836 0.725013 320.055 -126.423 -95.6908 0.0156717 0.302751 -0.716899 -320.055 -83.015 6.65816 -0.0156717
-0.429339 1.18703 320.037 -200.797 -107.755 0.0173002 0.409791 -1.18474 -320.037 -143.749 -13.8852 -0.0173002
-0.470682 1.47094 320.028 -245.395 -109.277 0.0184288 0.412601 -1.46099 -320.028 -180.543 -18.7686 -0.0184288
-0.492409 1.5057 320.023 -253.675 -105.498 0.0190664 0.346525 -1.53028 -320.023 -187.38 -16.1001 -0.0190664
-0.544616 1.32421 320.029 -224.414 -106.076 0.0192345 0.317826 -1.33969 -320.029 -162.58 -18.9367 -0.0192345
-0.652929 0.988885 320.046 -166.274 -115.556 0.0189573 0.337813 -0.939098 -320.046 -113.792 -28.1083 -0.0189573
-0.791854 0.554879 320.063 -96.1231 -133.675 0.0182552 0.360953 -0.497291 -320.063 -56.6841 -33.5736 -0.0182552
-0.914662 0.16737 320.073 -31.5455 -161.612 0.0171572 0.391871 -0.0991257 -320.073 -7.09367 -28.0485 -0.0171572
-1.00165 -0.070919 320.077 13.309 -203.036 0.0157365 0.478787 0.175599 -320.077 22.6102 -12.0132 -0.0157365
-1.05694 -0.138494 320.071 29.1061 -258.177 0.0141312 0.638443 0.233206 -320.071 25.0272 11.7338 -0.0141312
-1.19711 -0.0641731 320.057 17.9916 -325.565 0.0125254 0.784804 0.0791741 -320.057 2.99236 37.3016 -0.0125254
-1.41498 0.150188 320.039 -8.82431 -406.271 0.0111198 1.00527 -0.136646 -320.039 -32.664 54.1169 -0.0111198
-1.70721 0.416791 320.025 -40.4088 -498.414 0.0101209 1.30788 -0.361284 -320.025 -72.4231 59.628 -0.0101209
-2.06274 0.632843 320.002 -68.8886 -594.658 0.00972736 1.59783 -0.598915 -320.002 -109.83 61.8796 -0.00972736
-2.36587 0.775785 319.993 -84.4828 -687.941 0.0100968 1.8837 -0.753684 -319.993 -137.46 69.3729 -0.0100968
-2.5819 0.805267 319.982 -81.05 -772.82 0.0113267 2.12789 -0.782419 -319.982 -149.319 87.1728 -0.0113267
-2.65536 0.676724 319.96 -54.9141 -843.435 0.0134545 2.33688 -0.678 -319.96 -141.574 116.545 -0.0134545
-2.65753 0.415093 319.953 -6.8732 -894.459 0.016441 2.43281 -0.416515 -319.953 -113.58 153.136 -0.016441
-2.62863 0.0598956 319.959 56.6943 -926.647 0.0201521 2.46013 -0.0296507 -319.959 -69.3071 185.422 -0.0201521
-2.64126 -0.350668 319.96 123.635 -942.903 0.0243777 2.44721 0.375412 -319.96 -17.7283 201.653 -0.0243777
-2.62515 -0.723302 319.962 181.318 -943.139 0.028866 2.46611 0.733117 -319.962 30.7058 201.476 -0.028866
-2.55894 -0.953246 319.972 218.452 -921.474 0.0333312 2.41274 0.998185 -319.972 65.4879 197.236 -0.0333312
-2.39516 -0.971002 319.975 223.718 -874.019 0.0374607 2.24474 1.09041 -319.975 76.1859 198.085 -0.0374607
-2.15027 -0.790166 319.972 190.369 -805.467 0.0409562 2.01729 0.912405 -319.972 57.3733 198.312 -0.0409562
-1.9276 -0.426976 319.977 123.047 -724.664 0.0435772 1.77636 0.510954 -319.977 13.5636 185.069 -0.0435772
-1.81666 0.102475 319.99 32.3285 -639.646 0.0451446 1.5441 0.0108663 -319.99 -45.3463 150.167 -0.0451446
-1.71115 0.69115 319.994 -70.2105 -552.44 0.0455255 1.39487 -0.559315 -319.994 -111.229 100.255 -0.0455255
-1.56147 1.25741 319.991 -170.942 -460.588 0.0446339 1.2262 -1.13352 -319.991 -176.249 54.9458 -0.0446339
-1.2175 1.74328 319.989 -256.908 -357.403 0.042449 1.01341 -1.61807 -319.989 -231.324 32.9272 -0.042449
-0.837631 2.0281 319.991 -313.907 -243.573 0.0390259 0.628952 -1.94855 -319.991 -263.768 30.4058 -0.0390259
-0.558207 2.06339 320.003 -330.594 -136.343 0.0344902 0.241895 -2.01513 -320.003 -261.919 20.2631 -0.0344902
-0.393279 1.81975 320.027 -303.063 -50.6303 0.0290182 0.06042 -1.79341 -320.027 -221.875 -14.8753 -0.0290182
-0.298661 1.32525 320.058 -237.204 17.894 0.0228008 -0.0355424 -1.34694 -320.058 -151.046 -55.4956 -0.0228008
-0.125183 0.736874 320.088 -146.897 82.4732 0.0160285 -0.209901 -0.71826 -320.088 -64.5426 -69.3796 -0.0160285
0.14128 0.18222 320.124 -53.8768 143.222 0.00892035 -0.484555 -0.061541 -320.124 18.4316 -51.4169 -0.00892035
0.441459 -0.286324 320.143 18.7472 186.582 0.00176027 -0.660617 0.399265 -320.143 80.8326 -25.541 -0.00176027
0.547912 -0.525208 320.146 57.5236 202.144 -0.00511465 -0.726671 0.654945 -320.146 113.913 -16.0262 0.00511465
0.452648 -0.467462 320.147 54.1523 188.637 -0.0113779 -0.63685 0.672606 -320.147 111.46 -29.4162 0.0113779
0.336481 -0.141053 320.138 4.26955 156.286 -0.0167598 -0.387901 0.362585 -320.138 68.8762 -50.1431 0.0167598
0.235525 0.341708 320.109 -81.3389 121.73 -0.0210277 -0.211314 -0.259644 -320.109 -6.0584 -55.9669 0.0210277
0.193338 0.97965 320.079 -177.711 92.1643 -0.0239616 -0.118548 -0.87606 -320.079 -91.9291 -46.0806 0.0239616
0.152 1.59617 320.053 -264.663 63.5371 -0.0253871 -0.0109697 -1.39308 -320.053 -169.667 -39.1558 0.0253871
0.0248415 2.00112 320.031 -330.216 33.5857 -0.0252278 0.125586 -1.83676 -320.031 -227.411 -47.5647 0.0252278
-0.106361 2.19761 320.017 -362.398 8.51591 -0.0235306 0.283773 -2.05331 -320.017 -255.24 -64.5632 0.0235306
-0.20666 2.15453 320.015 -354.486 -2.57901 -0.0204622 0.325726 -1.99683 -320.015 -248.684 -74.1452 0.0204622
-0.197449 1.84173 320.026 -308.027 1.98713 -0.0162786 0.273923 -1.72255 -320.026 -209.841 -69.8483 0.0162786
-0.100252 1.33301 320.042 -230.128 17.3247 -0.0112812 0.176359 -1.24593 -320.042 -144.574 -56.8849 0.0112812
0.0359568 0.69066 320.064 -131.998 38.7017 -0.00580288 0.060911 -0.643641 -320.064 -61.8627 -41.687 0.00580288
0.135026 0.00535231 320.094 -27.6982 62.2326 -0.000213758 -0.0916319 -0.00255919 -320.094 26.5548 -28.6426 0.000213758
0.171669 -0.568358 320.123 65.8978 81.4188 0.00510476 -0.2292 0.615765 -320.123 106.154 -22.4967 -0.00510476
0.128469 -0.940011 320.135 127.934 88.7168 0.00981453 -0.301594 1.03636 -320.135 159.227 -25.5387 -0.00981453
0.078864 -1.0818 320.141 144.859 82.1881 0.0136628 -0.26533 1.10871 -320.141 173.415 -31.492 -0.0136628
0.0693387 -0.906765 320.138 117.241 67.1197 0.0165 -0.196091 0.917919 -320.138 147.887 -27.9031 -0.0165
0.0798869 -0.446123 320.118 52.4758 47.8858 0.0182778 -0.171568 0.525567 -320.118 88.7251 -10.7637 -0.0182778
0.073917 0.199277 320.094 -40.8596 21.7405 0.0190376 -0.124992 -0.0511959 -320.094 4.49627 7.66832 -0.0190376
0.0114155 0.911627 320.072 -149.426 -13.7581 0.018901 0.0154126 -0.751931 -320.072 -92.2431 13.6088 -0.018901
-0.160562 1.62682 320.04 -256.669 -55.0852 0.0180568 0.17657 -1.42501 -320.04 -186.701 6.46628 -0.0180568
-0.33385 2.24855 320.017 -347.85 -94.562 0.0167327 0.343173 -1.98307 -320.017 -266.932 -3.50065 -0.0167327
-0.42475 2.70695 320.004 -413.76 -124.548 0.0151661 0.464117 -2.38533 -320.004 -326.062 -4.35073 -0.0151661
-0.447318 2.92102 319.989 -447.549 -141.404 0.0135797 0.479797 -2.6262 -319.989 -358.368 6.89525 -0.0135797
-0.432332 2.7932 319.984 -438.955 -149.047 0.0121616 0.455738 -2.66631 -319.984 -354.212 20.1704 -0.0121616
-0.412646 2.37506 319.997 -378.04 -151.528 0.0110514 0.448238 -2.32344 -319.997 -304.549 26.5796 -0.0110514
-0.33542 1.61818 320.022 -265.633 -145.084 0.0103264 0.44277 -1.6589 -320.022 -210.428 32.1428 -0.0103264
-0.182051 0.610451 320.056 -112.544 -122.413 0.00998885 0.323273 -0.728516 -320.056 -81.9156 49.1211 -0.00998885
0.0480305 -0.527596 320.104 63.2966 -85.0411 0.00996862 0.107679 0.362916 -320.104 66.1788 76.5196 -0.00996862
0.26643 -1.49604 320.146 232.444 -41.5068 0.0101521 -0.131912 1.54744 -320.146 209.846 99.5652 -0.0101521
0.389877 -2.2688 320.179 354.931 -3.14872 0.0104095 -0.294794 2.35236 -320.179 316.581 102.872 -0.0104095
0.41902 -2.61575 320.19 403.421 24.8176 0.0106078 -0.333603 2.66247 -320.19 363.546 84.865 -0.0106078
0.420258 -2.36108 320.186 367.773 47.3587 0.0106264 -0.30942 2.51499 -320.186 340.746 59.0879 -0.0106264
0.377973 -1.66944 320.167 250.02 68.5647 0.0103885 -0.332173 1.76523 -320.167 249.053 35.1448 -0.0103885
0.297823 -0.595826 320.134 71.5221 83.9178 0.00988672 -0.315551 0.632596 -320.134 106.973 5.83531 -0.00988672
0.158027 0.66787 320.091 -132.16 88.7386 0.00917978 -0.195761 -0.625714 -320.091 -55.8004 -36.5952 -0.00917978
-0.040389 1.87267 320.061 -325.557 87.7644 0.0083616 -0.0617317 -1.8178 -320.061 -210.681 -83.8232 -0.0083616
-0.229813 2.86625 320.026 -479.968 85.8348 0.00753008 0.0242932 -2.74314 -320.026 -335.095 -121.835 -0.00753008
-0.317269 3.46317 319.995 -575.569 86.2224 0.0067729 0.0670886 -3.33851 -319.995 -412.739 -141.102 -0.0067729
-0.289883 3.58905 319.989 -598.26 88.9774 0.00616633 0.0650382 -3.50005 -319.989 -431.81 -139.574 -0.00616633
-0.23126 3.23677 320.001 -543.249 91.7186 0.00576942 -0.0172028 -3.17167 -320.001 -387.918 -121.88 -0.00576942
-0.154828 2.47932 320.021 -420.417 88.972 0.00559963 -0.0970256 -2.40243 -320.021 -288.915 -96.4945 -0.00559963
-0.0609137 1.4859 320.054 -255.706 77.7702 0.00561492 -0.134578 -1.35218 -320.054 -156.672 -66.2865 -0.00561492
0.00636456 0.453856 320.102 -83.6858 57.7227 0.00573739 -0.183369 -0.267285 -320.102 -21.0872 -29.4994 -0.00573739
0.043057 -0.40842 320.125 60.0381 27.5132 0.00589124 -0.211141 0.616251 -320.125 88.8733 9.92698 -0.00589124
0.00335634 -0.893377 320.128 148.295 -18.4545 0.00602662 -0.151274 1.17121 -320.128 151.739 41.2646 -0.00602662
-0.155181 -0.943657 320.126 164.59 -82.0198 0.00614058 0.0117853 1.25145 -320.126 154.434 57.9349 -0.00614058
-0.407628 -0.657614 320.112 112.863 -159.393 0.00627648 0.268594 0.808157 -320.112 100.217 61.1466 -0.00627648
-0.720155 -0.0339668 320.079 16.1069 -245.148 0.0064948 0.57964 0.136198 -320.079 8.75157 56.1332 -0.0064948
-1.03058 0.685079 320.032 -95.2014 -330.322 0.00685834 0.893023 -0.623914 -320.032 -94.832 50.509 -0.00685834
-1.30694 1.27175 319.997 -191.052 -408.187 0.00743626 1.16615 -1.31836 -319.997 -185.1 48.3805 -0.00743626
-1.53121 1.60277 319.97 -242.258 -474.408 0.00828996 1.38098 -1.69857 -319.97 -237.212 50.6608 -0.00828996
-1.65351 1.58839 319.956 -232.598 -525.574 0.00943817 1.55424 -1.64749 -319.956 -237.34 58.7581 -0.00943817
-1.66383 1.15682 319.959 -162.974 -556.198 0.0108355 1.63128 -1.24614 -319.959 -185.926 76.5851 -0.0108355
-1.64062 0.431966 319.979 -45.132 -566.026 0.0123776 1.55247 -0.516217 -319.979 -92.3822 101.161 -0.0123776
-1.55673 -0.448944 320.02 98.52 -562.302 0.0139218 1.47012 0.399831 -320.02 25.0645 121.55 -0.0139218
-1.42939 -1.32032 320.047 236.869 -547.358 0.0153185 1.40383 1.27937 -320.047 141.118 134.735 -0.0153185
-1.27235 -1.97561 320.061 341.664 -519.118 0.0164302 1.29052 1.96537 -320.061 231.204 145.806 -0.0164302
-1.07671 -2.27752 320.081 390.269 -477.233 0.0171376 1.13454 2.30769 -320.081 276.195 155.078 -0.0171376
-0.875924 -2.16903 320.09 371.178 -425.296 0.0173629 0.982905 2.22329 -320.09 267.241 154.459 -0.0173629
-0.767807 -1.7068 320.077 288.126 -368.321 0.0171044 0.840729 1.70985 -320.077 208.506 134.015 -0.0171044
-0.775039 -0.963641 320.09 160.318 -311.634 0.0164275 0.750408 0.936064 -320.09 115.872 89.6142 -0.0164275
-0.766618 -0.093354 320.076 13.0828 -251.804 0.0154167 0.741733 0.0586793 -320.076 9.13719 32.5139 -0.0154167
-0.682167 0.747407 320.037 -129.032 -178.778 0.0141482 0.648457 -0.781436 -320.037 -93.0141 -14.4352 -0.0141482
-0.465493 1.47969 320.03 -246.076 -89.0128 0.0126984 0.426522 -1.41993 -320.03 -175.18 -40.2219 -0.0126984
-0.149558 1.95789 320.04 -327.305 10.2209 0.0111447 0.152064 -1.8614 -320.04 -227.615 -53.4279 -0.0111447
0.142498 2.18078 320.04 -366.484 109.285 0.00955173 -0.134225 -2.02801 -320.04 -245.066 -68.2144 -0.00955173
0.390933 2.18201 320.043 -369.316 203.432 0.00795936 -0.385781 -1.9551 -320.043 -231.859 -89.4715 -0.00795936
0.646258 2.01972 320.083 -348.131 293.247 0.00637163 -0.615659 -1.74828 -320.083 -199.448 -108.56 -0.00637163
0.939451 1.7177 320.118 -314.487 382.277 0.00476484 -0.894779 -1.53947 -320.118 -158.902 -114.236 -0.00476484
1.23557 1.36945 320.133 -272.025 466.791 0.00312856 -1.22346 -1.28089 -320.133 -113.22 -107.804 -0.00312856
1.47692 1.00138 320.154 -221.191 536.292 0.00148841 -1.50078 -0.949236 -320.154 -62.4072 -101.813 -0.00148841
1.64456 0.51536 320.189 -161.986 584.333 -0.000119738 -1.65954 -0.643038 -320.189 -6.52046 -102.334 0.000119738
1.76994 0.0601007 320.205 -92.9195 613.529 -0.0016768 -1.74951 -0.201936 -320.205 54.6433 -100.189 0.0016768
1.90201 -0.361434 320.214 -20.9286 629.512 -0.00318075 -1.84269 0.281163 -320.214 114.093 -83.4478 0.00318075
2.01515 -0.804642 320.225 43.6257 630.984 -0.00463039 -1.93841 0.623096 -320.225 163.626 -54.6261 0.00463039
2.04228 -1.14066 320.227 97.7474 610.728 -0.00599781 -1.9469 0.925624 -320.227 202.297 -29.2887 0.00599781
1.92899 -1.37777 320.217 139.634 564.484 -0.00722307 -1.81962 1.16577 -320.217 229.773 -18.1209 0.00722307
1.71577 -1.51224 320.215 165.139 496.666 -0.00824766 -1.58264 1.29171 -320.215 242.129 -15.8668 0.00824766
1.4845 -1.51783 320.199 171.598 417.293 -0.00903142 -1.31773 1.29006 -320.199 236.273 -8.7718 0.00903142
1.2756 -1.37076 320.177 159.944 333.474 -0.00952241 -1.07172 1.19614 -320.177 212.945 8.73892 0.00952241
1.0498 -1.1139 320.159 131.788 244.624 -0.0096301 -0.821075 0.996255 -320.159 174.773 28.1405 0.0096301
0.736923 -0.805848 320.135 91.7073 149.35 -0.00924746 -0.534773 0.702646 -320.135 127.468 36.1424 0.00924746
0.326364 -0.461431 320.113 46.5299 48.5393 -0.00829768 -0.195668 0.39434 -320.113 77.8383 27.8332 0.00829768
-0.0616021 -0.125438 320.101 2.73021 -48.8903 -0.0067609 0.183909 0.101878 -320.101 30.3537 13.5611 0.0067609
-0.413786 0.178597 320.078 -37.0539 -133.852 -0.00467703 0.456823 -0.170133 -320.078 -13.5337 7.52839 0.00467703
-0.700434 0.422287 320.059 -70.2096 -206.46 -0.00213477 0.65006 -0.414362 -320.059 -51.2464 10.2535 0.00213477
-0.86248 0.544956 320.04 -90.1666 -268.359 0.000752708 0.877778 -0.605427 -320.04 -76.8522 15.381 -0.000752708
-0.998818 0.582957 320.025 -90.8614 -317.193 0.00386064 1.02823 -0.627713 -320.025 -84.8985 22.4273 -0.00386064
-1.07258 0.525656 320.016 -73.5302 -350.002 0.00703439 1.11115 -0.505843 -320.016 -76.1825 32.3816 -0.00703439
-1.08363 0.355457 320.017 -45.3175 -366.919 0.010084 1.14291 -0.345632 -320.017 -56.3784 43.0209 -0.010084
-1.14432 0.132339 320.019 -11.1895 -371.995 0.0128259 1.07827 -0.147563 -320.019 -29.3051 48.6456 -0.0128259
-1.18685 -0.128004 320.026 26.4485 -371.56 0.0151254 1.06526 0.0733933 -320.026 2.98749 43.9259 -0.0151254
-1.15389 -0.386437 320.038 64.9037 -363.858 0.0168899 1.08751 0.314471 -320.038 37.1062 37.8027 -0.0168899
-1.07427 -0.652393 320.05 101.847 -342.418 0.0180453 0.972633 0.527311 -320.05 69.7264 44.6531 -0.0180453
-0.92719 -0.906549 320.063 137.244 -310.578 0.0185375 0.788682 0.731743 -320.063 100.955 60.9474 -0.0185375
-0.779314 -1.16374 320.078 172.525 -278.486 0.0183557 0.645434 0.938287 -320.078 133.046 71.2012 -0.0183557
-0.67831 -1.4465 320.092 209.205 -250.324 0.0175372 0.56372 1.14596 -320.092 167.615 69.6471 -0.0175372
-0.585014 -1.7181 320.106 247.684 -222.155 0.0161435 0.49418 1.39059 -320.106 204.133 65.202 -0.0161435
-0.423957 -1.86607 320.122 280.266 -188.454 0.0142364 0.39159 1.68029 -320.122 235.133 69.8691 -0.0142364
-0.204385 -1.93718 320.132 292.682 -148.137 0.0118879 0.232033 1.78795 -320.132 248.683 84.6988 -0.0118879
-0.00633878 -1.83156 320.133 276.266 -106.888 0.00921129 0.0694921 1.71221 -320.133 238.735 95.9125 -0.00921129
0.111829 -1.46048 320.13 226.498 -71.4806 0.00636543 -0.00738302 1.49364 -320.13 202.814 88.9381 -0.00636543
0.143429 -0.885117 320.125 137.971 -40.6743 0.00352856 -0.0208552 1.00445 -320.125 136.647 64.7992 -0.00352856
0.138742 -0.1198 320.112 13.4453 -8.36219 0.000881612 -0.0434421 0.257896 -320.112 41.481 35.2227 -0.000881612
0.182431 0.793641 320.094 -132.979 29.7129 -0.00138903 -0.0807514 -0.616704 -320.094 -71.9145 9.059 0.00138903
0.213198 1.73779 320.071 -283.334 72.1938 -0.00309562 -0.178792 -1.50834 -320.071 -188.314 -14.5586 0.00309562
0.229532 2.47458 320.062 -413.518 112.786 -0.00406859 -0.247339 -2.3538 -320.062 -288.052 -42.6657 0.00406859
0.33334 2.96582 320.042 -499.118 154.111 -0.0041891 -0.237743 -2.88143 -320.042 -350.515 -70.1543 0.0041891
0.483551 3.10624 320.036 -523.283 205.578 -0.00342821 -0.365158 -2.9901 -320.036 -362.564 -81.1482 0.00342821
0.680211 2.83025 320.057 -484.726 266.477 -0.00186409 -0.629421 -2.72896 -320.057 -323.097 -74.9593 0.00186409
0.902705 2.19534 320.085 -390.398 325.16 0.000339624 -0.858411 -2.12374 -320.085 -237.253 -67.9386 -0.000339624
1.00547 1.33331 320.112 -256.458 371.55 0.00296606 -1.05629 -1.24778 -320.112 -118.683 -70.5581 -0.00296606
1.05177 0.384815 320.145 -109.325 401.203 0.00575799 -1.15969 -0.300789 -320.145 9.5834 -78.3984 -0.00575799
1.0998 -0.487239 320.18 23.8068 415.866 0.00842885 -1.21895 0.523581 -320.18 122.935 -77.4578 -0.00842885
1.11232 -1.12723 320.2 122.941 414.409 0.01071 -1.30102 1.11914 -320.2 203.328 -62.2977 -0.01071
1.11272 -1.44531 320.195 175.35 390.47 0.0124181 -1.27016 1.42161 -320.195 241.099 -42.8767 -0.0124181
1.05623 -1.43853 320.185 177.189 341.715 0.0134766 -1.09345 1.39272 -320.185 234.097 -28.136 -0.0134766
0.861683 -1.1344 320.175 133.744 273.202 0.0138881 -0.889758 1.07528 -320.175 187.255 -17.6487 -0.0138881
0.64091 -0.629464 320.144 58.7175 191.565 0.0137121 -0.607725 0.549709 -320.144 112.581 -9.24973 -0.0137121
0.411261 -0.00404976 320.108 -30.3564 104.445 0.0130644 -0.305235 -0.0388031 -320.108 25.3062 0.358426 -0.0130644
0.179162 0.61614 320.088 -116.998 20.0354 0.0120943 -0.0447847 -0.604892 -320.088 -60.3841 13.0073 -0.0120943
-0.0178828 1.10762 320.059 -187.828 -57.5868 0.0109482 0.206818 -1.09552 -320.059 -132.224 25.26 -0.0109482
-0.221821 1.41347 320.029 -230.777 -126.104 0.00975115 0.41355 -1.40587 -320.029 -178.782 33.9502 -0.00975115
-0.41616 1.493 320.02 -238.009 -182.949 0.00860077 0.5789 -1.47468 -320.02 -193.082 38.4042 -0.00860077
-0.580785 1.34153 320.018 -209.625 -226.852 0.00755409 0.707572 -1.30857 -320.018 -175.308 39.5925 -0.00755409
-0.704915 0.993663 320.015 -152.604 -257.475 0.0066198 0.791714 -0.963295 -320.015 -131.606 39.8815 -0.0066198
-0.759051 0.526698 320.024 -77.6894 -274.547 0.00577627 0.839529 -0.500271 -320.024 -71.388 42.0919 -0.00577627
-0.746218 0.0226829 320.04 2.78975 -278.01 0.00499818 0.837904 0.00494655 -320.04 -5.22451 47.6305 -0.00499818
-0.714656 -0.446422 320.053 76.3911 -270.028 0.00426254 0.778634 0.468588 -320.053 56.6995 52.8455 -0.00426254
-0.686063 -0.812318 320.063 132.636 -255.632 0.00354114 0.72762 0.830015 -320.063 106.128 50.0464 -0.00354114
-0.670513 -1.05384 320.076 165.036 -237.132 0.00280405 0.705987 1.02877 -320.076 137.689 37.0077 -0.00280405
-0.659377 -1.15236 320.085 173.227 -212.328 0.0020282 0.664957 1.07426 -320.085 150.41 19.866 -0.0020282
-0.606814 -1.10469 320.091 161.015 -179.1 0.00120028 0.588637 1.01301 -320.091 146.78 5.46307 -0.00120028
-0.505852 -0.950309 320.095 133.009 -138.11 0.000319203 0.475164 0.861421 -320.095 130.313 -4.26175 -0.000319203
-0.382886 -0.745326 320.096 94.9244 -92.199 -0.000602958 0.336949 0.635828 -320.096 105.818 -12.1069 0.000602958
-0.252048 -0.515264 320.096 54.0917 -44.641 -0.00154683 0.203931 0.403339 -320.096 79.4239 -21.2043 0.00154683
-0.11289 -0.30285 320.102 16.6991 3.83064 -0.0024894 0.0703776 0.197479 -320.102 56.0237 -29.9282 0.0024894
0.0534177 -0.154163 320.108 -12.2433 54.095 -0.00339754 -0.0842073 0.0299308 -320.108 38.9995 -33.4512 0.00339754
0.328745 -0.0816502 320.113 -28.3873 108.212 -0.00422387 -0.226318 -0.0599941 -320.113 31.5249 -26.8104 0.00422387
0.607747 -0.0916795 320.125 -29.1316 167.57 -0.00491633 -0.472077 -0.0443907 -320.125 35.9779 -9.82451 0.00491633
0.823706 -0.158186 320.142 -17.0542 224.899 -0.00542763 -0.750262 0.0774098 -320.142 51.2457 4.74011 0.00542763
1.01305 -0.273994 320.156 0.419081 271.704 -0.00571301 -0.888029 0.222999 -320.156 71.7373 5.56166 0.00571301
1.13408 -0.404892 320.169 16.3627 310.222 -0.00573306 -0.993988 0.33341 -320.169 90.8408 0.115447 0.00573306
1.24344 -0.560861 320.184 30.6299 345.493 -0.00546728 -1.13117 0.388498 -320.184 107.228 0.739533 0.00546728
1.37735 -0.684785 320.191 47.4813 376.385 -0.00491396 -1.26233 0.497006 -320.191 124.14 8.41275 0.00491396
1.43693 -0.802065 320.195 66.8757 396.582 -0.00407503 -1.38544 0.636079 -320.195 141.988 14.7899 0.00407503
1.41196 -0.946593 320.199 85.4363 399.089 -0.00296015 -1.40544 0.731954 -320.199 158.356 11.5697 0.00296015
1.33543 -1.08137 320.198 102.898 383.788 -0.00160912 -1.31271 0.814111 -320.198 172.417 2.25968 0.00160912
1.2165 -1.23341 320.193 122.604 356.669 -8.94495e-05 -1.22278 0.890299 -320.193 185.88 -1.02253 8.94495e-05
1.1098 -1.38069 320.188 147.92 320.388 0.00153665 -1.13147 1.02289 -320.188 201.243 6.39202 -0.00153665
1.006 -1.47272 320.185 175.579 272.944 0.00322886 -0.997702 1.22383 -320.185 216.172 19.1923 -0.00322886
0.839924 -1.56347 320.176 195.882 212.983 0.00495117 -0.8276 1.32341 -320.176 223.548 30.1567 -0.00495117
0.631559 -1.55724 320.163 202.292 141.879 0.00665872 -0.587386 1.33992 -320.163 218.657 35.9205 -0.00665872
0.394318 -1.40815 320.151 191.077 64.866 0.00830863 -0.318561 1.27437 -320.151 198.712 39.2339 -0.00830863
0.164892 -1.14774 320.135 158.927 -11.3534 0.00987072 -0.0591545 1.056 -320.135 161.324 44.2594 -0.00987072
-0.0209399 -0.762635 320.112 107.224 -81.1242 0.0113274 0.187483 0.717321 -320.112 107.888 51.0369 -0.0113274
-0.191865 -0.366898 320.086 44.0583 -141.119 0.0126688 0.396063 0.253708 -320.086 46.2125 55.7587 -0.0126688
-0.357197 -0.0585947 320.067 -12.7007 -189.596 0.0138825 0.576622 -0.19727 -320.067 -7.33503 53.8841 -0.0138825
-0.527012 0.139185 320.05 -42.5967 -223.484 0.0149406 0.700027 -0.398882 -320.05 -35.4608 45.1136 -0.0149406
-0.662406 0.107605 320.044 -37.0298 -241.123 0.0157882 0.767245 -0.363981 -320.044 -31.3653 33.2961 -0.0157882
-0.690415 -0.121147 320.052 1.04967 -240.85 0.0163404 0.787741 -0.103681 -320.052 1.61156 25.9851 -0.0163404
-0.624146 -0.517889 320.064 62.6568 -221.751 0.0164995 0.699746 0.291803 -320.064 55.108 29.3285 -0.0164995
-0.477006 -0.940882 320.078 134.328 -188.028 0.016182 0.542217 0.794087 -320.078 117.87 39.9193 -0.016182
-0.309018 -1.33611 320.101 198.127 -148.168 0.0153313 0.384671 1.2351 -320.101 175.565 47.4244 -0.0153313
-0.153058 -1.64299 320.115 239.925 -106.359 0.0139161 0.262395 1.49737 -320.115 216.447 46.1311 -0.0139161
-0.0164369 -1.73416 320.122 252.434 -62.3671 0.0119318 0.150777 1.61259 -320.122 233.909 38.314 -0.0119318
0.107107 -1.61134 320.128 231.109 -15.1928 0.00941384 0.0187608 1.51875 -320.128 223.734 28.3928 -0.00941384
0.230267 -1.29902 320.131 176.61 33.7824 0.00645211 -0.113879 1.19892 -320.131 186.364 16.7158 -0.00645211
0.354413 -0.827476 320.127 97.7337 82.6474 0.00318913 -0.220929 0.734597 -320.127 129.24 1.58267 -0.00318913
0.459279 -0.309427 320.12 9.24031 131.288 -0.000204693 -0.326729 0.198019 -320.12 64.4764 -16.3032 0.000204693
0.562009 0.154219 320.12 -71.6557 180.586 -0.00356111 -0.439823 -0.296672 -320.12 6.10623 -34.0971 0.00356111
0.684451 0.487943 320.121 -129.39 231.292 -0.00672834 -0.566332 -0.631373 -320.121 -33.3019 -48.4896 0.00672834
0.835769 0.625147 320.124 -154.6 283.205 -0.00957674 -0.713089 -0.758146 -320.124 -46.4672 -56.9628 0.00957674
1.0056 0.546528 320.133 -146.029 334.935 -0.0120118 -0.883959 -0.680734 -320.133 -32.3866 -59.0749 0.0120118
1.17309 0.296882 320.147 -108.342 383.284 -0.0139854 -1.0598 -0.412703 -320.147 5.12822 -57.4416 0.0139854
1.32202 -0.0673348 320.164 -51.9041 424.334 -0.0154876 -1.21211 -0.029675 -320.164 57.2501 -54.6447 0.0154876
1.44198 -0.469087 320.182 10.0733 455.496 -0.016527 -1.33134 0.376329 -320.182 112.629 -50.9988 0.016527
1.52053 -0.816996 320.197 64.8426 474.932 -0.0171227 -1.42063 0.733382 -320.197 160.284 -46.0222 0.0171227
1.53728 -1.05975 320.206 102.688 480.318 -0.017301 -1.47345 0.968167 -320.206 191.823 -41.3009 0.017301
1.49765 -1.15991 320.205 118.174 469.028 -0.0170842 -1.44951 1.05109 -320.205 202.944 -39.2759 0.0170842
1.35143 -1.06084 320.2 109.534 439.823 -0.0164812 -1.38537 1.01599 -320.2 192.098 -40.6969 0.0164812
1.09792 -0.80745 320.191 75.678 390.284 -0.0154923 -1.25732 0.802829 -320.191 158.181 -46.6897 0.0154923
0.828169 -0.426773 320.168 19.918 320.218 -0.0141106 -0.992514 0.42431 -320.168 103.654 -54.4239 0.0141106
0.529918 0.060365 320.138 -48.4237 235.679 -0.0123174 -0.710831 -0.0278353 -320.138 35.5484 -54.3235 0.0123174
0.226961 0.539612 320.108 -117.397 140.971 -0.0100833 -0.441751 -0.516865 -320.108 -36.1318 -42.9465 0.0100833
-0.0313272 0.89492 320.085 -170.683 37.8771 -0.00737584 -0.115336 -0.948819 -320.085 -97.1938 -25.0561 0.00737584
-0.330218 1.09669 320.053 -193.247 -70.2066 -0.00416407 0.192404 -1.1547 -320.053 -133.818 -5.37991 0.00416407
-0.647955 1.0712 320.035 -178.841 -180.674 -0.00043525 0.502185 -1.12009 -320.035 -139.45 13.6386 0.00043525
-0.938482 0.801151 320.036 -129.223 -288.154 0.00378081 0.80851 -0.882427 -320.036 -115.256 34.1254 -0.00378081
-1.17239 0.349924 320.035 -50.2041 -386.225 0.00841612 1.06111 -0.452137 -320.035 -66.1505 61.2409 -0.00841612
-1.34258 -0.222572 320.044 48.9937 -471.586 0.0133875 1.23981 0.114457 -320.044 0.198053 95.6555 -0.0133875
-1.4607 -0.845541 320.068 154.902 -545.158 0.0185911 1.38382 0.723262 -320.068 73.2982 130.912 -0.0185911
-1.55284 -1.40834 320.064 251.115 -606.064 0.0238793 1.50668 1.28961 -320.064 141.178 160.388 -0.0238793
-1.64363 -1.83282 320.054 323.641 -654.003 0.0290651 1.60729 1.7173 -320.054 192.492 180.375 -0.0290651
-1.71352 -2.06402 320.065 361.657 -687.231 0.0339428 1.69398 1.92672 -320.065 218.511 190.759 -0.0339428
-1.74463 -2.07983 320.054 363.025 -703.662 0.0382967 1.75576 1.91054 -320.054 217.095 193.653 -0.0382967
-1.70611 -1.88899 320.023 331.849 -700.268 0.0419156 1.78354 1.71185 -320.023 191.672 191.834 -0.0419156
-1.61248 -1.54687 320.007 276.142 -674.479 0.0446096 1.73936 1.37868 -320.007 149.25 186.137 -0.0446096
-1.48608 -1.13649 320.01 205.99 -626.007 0.0462119 1.62315 0.960863 -320.01 99.0457 173.05 -0.0462119
-1.42025 -0.728442 319.996 133.59 -560.933 0.0465824 1.43219 0.543287 -319.996 51.4549 145.479 -0.0465824
-1.27832 -0.375931 319.993 68.9203 -482.557 0.0456266 1.31638 0.196271 -319.993 14.4477 104.795 -0.0456266
-1.05699 -0.132673 320.025 20.3226 -386.317 0.0433027 1.12768 -0.0472303 -320.025 -7.72224 68.4058 -0.0433027
-0.776979 -0.00742771 320.043 -8.70087 -269.588 0.0396178 0.745339 -0.162623 -320.043 -13.7086 48.204 -0.0396178
-0.414445 0.0499452 320.053 -21.3012 -142.764 0.0346379 0.336932 -0.134565 -320.053 -5.41488 33.6944 -0.0346379
-0.0684939 0.0363153 320.094 -26.7529 -20.3974 0.0285046 -0.00487761 -0.0793401 -320.094 9.99407 11.562 -0.0285046
0.203453 -0.000416869 320.124 -32.2917 94.0743 0.0214241 -0.322279 -0.0502702 -320.124 25.0469 -16.9822 -0.0214241
0.454854 0.0126192 320.138 -42.7129 198.286 0.0136349 -0.597621 -0.0458183 -320.138 34.1775 -44.3866 -0.0136349
0.721116 0.100808 320.149 -62.0064 291.091 0.00540666 -0.837829 -0.0972543 -320.149 33.1465 -63.3664 -0.00540666
0.972434 0.24242 320.165 -90.8969 370.465 -0.00293805 -1.0666 -0.239908 -320.165 20.7033 -72.7918 0.00293805
1.17544 0.424095 320.163 -125.599 432.252 -0.0110377 -1.2369 -0.434474 -320.163 0.714113 -80.1872 0.0110377
1.26531 0.608802 320.153 -158.472 472.19 -0.0185382 -1.32971 -0.61596 -320.153 -19.6382 -93.4694 0.0185382
1.21572 0.703677 320.152 -180.875 488.833 -0.0251196 -1.35341 -0.767327 -320.152 -33.0245 -113.801 0.0251196
1.12525 0.692795 320.144 -183.082 484.057 -0.0304981 -1.27807 -0.790041 -320.144 -32.5398 -133.092 0.0304981
1.02813 0.533425 320.137 -159.089 463.875 -0.0344374 -1.20233 -0.659984 -320.137 -14.4745 -138.063 0.0344374
0.931842 0.181181 320.145 -106.835 430.848 -0.0367709 -1.16538 -0.395686 -320.145 22.8694 -124.495 0.0367709
0.823892 -0.261813 320.15 -28.8126 380.153 -0.0374069 -1.08691 0.0782052 -320.15 78.0933 -101.047 0.0374069
0.676431 -0.748465 320.159 62.2405 307.828 -0.0363288 -0.916203 0.648439 -320.159 140.636 -75.1644 0.0363288
0.460438 -1.24051 320.167 146.53 216.008 -0.0336079 -0.706328 1.10645 -320.167 194.428 -45.4814 0.0336079
0.19588 -1.59336 320.165 212.34 106.817 -0.0294006 -0.454861 1.44872 -320.165 229.665 -11.5692 0.0294006
-0.0842551 -1.76191 320.156 251.771 -17.2802 -0.0239138 -0.130739 1.62866 -320.156 240.921 24.3984 0.0239138
-0.408009 -1.7327 320.14 261.298 -151.288 -0.0173759 0.217894 1.61934 -320.14 225.851 60.3579 0.0173759
-0.781532 -1.45812 320.129 239.061 -292.048 -0.0100392 0.593091 1.45015 -320.129 183.666 91.973 0.0100392
-1.21046 -1.00847 320.108 184.33 -438.17 -0.00218781 1.01307 1.04993 -320.108 114.969 114.405 0.00218781
-1.66637 -0.446154 320.059 106.026 -583.975 0.00588988 1.46711 0.471022 -320.059 27.5059 127.673 -0.00588988
-2.14402 0.188056 320.007 19.4973 -721.596 0.0139408 1.88785 -0.128679 -320.007 -65.203 134.464 -0.0139408
-2.58312 0.758467 319.988 -59.624 -847.274 0.0217476 2.29039 -0.681862 -319.988 -149.296 137.59 -0.0217476
-2.95425 1.11699 319.95 -116.196 -955.618 0.0291066 2.64038 -1.14056 -319.95 -211.427 140.929 -0.0291066
-3.23753 1.24857 319.914 -132.434 -1040.17 0.0358335 2.88317 -1.30216 -319.914 -237.757 148.852 -0.0358335
-3.37943 1.08447 319.894 -101.981 -1099.6 0.0417737 3.05809 -1.15046 -319.894 -222.302 162.1 -0.0417737
-3.38134 0.635878 319.896 -28.5841 -1130.61 0.0467854 3.13269 -0.717819 -319.896 -167.641 181.886 -0.0467854
-3.31159 -0.0233246 319.902 76.7772 -1132.6 0.0507357 3.05474 -0.0676432 -319.902 -82.7442 205.28 -0.0507357
-3.15781 -0.787931 319.919 197.314 -1109.94 0.0535197 2.92785 0.697677 -319.919 19.0126 223.402 -0.0535197
-2.95664 -1.51806 319.951 312.124 -1065.59 0.0550658 2.76731 1.45309 -319.951 120.037 231.671 -0.0550658
-2.75542 -2.09309 319.969 398.311 -1001.68 0.0553321 2.53723 2.02864 -319.969 201.005 230.552 -0.0553321
-2.52564 -2.39866 319.992 438.723 -922.567 0.0543121 2.29956 2.32041 -319.992 247.357 219.547 -0.0543121
-2.27518 -2.42256 320.012 428.003 -829.888 0.0520469 2.04989 2.2667 -320.012 253.709 199.767 -0.0520469
-2.02159 -2.1399 320.011 370.842 -726.787 0.0486458 1.78017 1.94998 -320.011 223.738 172.973 -0.0486458
-1.75073 -1.64179 320.032 279.704 -616.246 0.04429 1.51657 1.43174 -320.032 167.157 140.389 -0.04429
-1.46758 -1.02668 320.029 169.288 -498.649 0.039202 1.23413 0.797458 -320.029 95.9906 105.293 -0.039202
-1.17299 -0.41459 320.043 58.4952 -377.093 0.0336181 0.932183 0.158815 -320.043 25.003 70.7416 -0.0336181
-0.860346 0.136186 320.061 -35.378 -255.236 0.0277794 0.629665 -0.333642 -320.061 -32.7544 38.5953 -0.0277794
-0.525034 0.59279 320.051 -107.572 -132.98 0.0219158 0.309248 -0.651569 -320.051 -73.1479 11.9313 -0.0219158
-0.187072 0.863212 320.069 -159.629 -15.0092 0.0162246 -0.0217335 -0.90767 -320.069 -97.6385 -8.54729 -0.0162246
0.14555 0.965173 320.09 -188.841 95.1392 0.0108678 -0.33815 -1.05531 -320.09 -104.735 -24.1238 -0.0108678
0.44352 0.951608 320.107 -191.663 193.229 0.00597551 -0.624452 -1.00118 -320.107 -92.1146 -37.086 -0.00597551
0.693386 0.790853 320.123 -172.176 276.023 0.00163789 -0.869015 -0.831033 -320.123 -63.5538 -47.8448 -0.00163789
0.898759 0.526222 320.142 -138.19 341.468 -0.00210193 -1.06609 -0.600862 -320.142 -25.6702 -54.6637 0.00210193
1.04938 0.239083 320.159 -95.6586 388.046 -0.00523319 -1.22078 -0.30665 -320.159 16.2507 -56.7815 0.00523319
1.14888 -0.0131848 320.169 -53.2135 413.376 -0.00775949 -1.30419 -0.00110134 -320.169 54.8472 -55.4882 0.00775949
1.19276 -0.181446 320.174 -22.0653 416.295 -0.00969493 -1.30142 0.224059 -320.174 80.8625 -52.437 0.00969493
1.14601 -0.235654 320.172 -10.7608 397.382 -0.0110659 -1.2401 0.292821 -320.172 87.4329 -49.2731 0.0110659
0.998118 -0.133166 320.16 -21.8682 356.548 -0.0119073 -1.1057 0.218781 -320.16 72.905 -49.5412 0.0119073
0.750133 0.112786 320.138 -54.468 294.33 -0.0122521 -0.882996 0.00410272 -320.138 38.5957 -55.8337 0.0122521
0.390778 0.424206 320.114 -102.627 212.46 -0.0121263 -0.602892 -0.353871 -320.114 -10.4814 -67.027 0.0121263
0.0542968 0.77801 320.087 -154.161 116.883 -0.0115537 -0.22114 -0.727103 -320.087 -64.5549 -75.9904 0.0115537
-0.251412 1.09626 320.067 -195.502 18.6553 -0.0105598 0.11296 -1.02872 -320.067 -113.245 -70.9418 0.0105598
-0.463213 1.29619 320.038 -218.045 -74.9959 -0.00917308 0.39371 -1.22549 -320.038 -148.304 -49.0955 0.00917308
-0.630633 1.32713 320.019 -214.705 -162.672 -0.0074283 0.623583 -1.26503 -320.019 -161.848 -19.3856 0.0074283
-0.858847 1.17439 320.019 -181.954 -245.548 -0.00537288 0.798389 -1.10574 -320.019 -149.225 4.70874 0.00537288
-1.06329 0.862709 320.019 -124.007 -323.733 -0.00307721 1.04147 -0.769661 -320.019 -113.024 17.6735 0.00307721
-1.24181 0.444733 320.019 -51.4457 -389.516 -0.000643487 1.22849 -0.342926 -320.019 -62.8236 30.1731 0.000643487
-1.36121 0.0189913 320.031 22.2018 -437.172 0.00180165 1.28799 0.0966549 -320.031 -10.7188 51.6866 -0.00180165
-1.39799 -0.328569 320.043 83.8203 -471.197 0.00413817 1.31498 0.46984 -320.043 32.4037 76.3245 -0.00413817
-1.45024 -0.53607 320.038 121.052 -497.814 0.0062842 1.33687 0.690882 -320.038 57.4512 92.0818 -0.0062842
-1.54414 -0.576653 320.029 127.35 -520.834 0.00819498 1.39627 0.70784 -320.029 59.5222 92.7773 -0.00819498
-1.62922 -0.433483 320.021 103.649 -538.204 0.00984609 1.49293 0.544934 -320.021 38.7541 83.7225 -0.00984609
-1.67561 -0.134254 320.007 55.9285 -543.782 0.0112397 1.53438 0.243565 -320.007 -0.791616 76.5424 -0.0112397
-1.65729 0.239175 319.994 -5.96858 -535.358 0.0124225 1.50566 -0.154758 -319.994 -51.0316 74.9788 -0.0124225
-1.60064 0.616721 319.984 -68.3743 -516.679 0.0134794 1.45212 -0.5456 -319.984 -100.278 72.3599 -0.0134794
-1.54254 0.952246 319.978 -120.502 -490.551 0.0145036 1.39343 -0.835902 -319.978 -139.093 63.2799 -0.0145036
-1.469 1.18061 319.978 -157.93 -456.223 0.0155677 1.3188 -1.03629 -319.978 -163.977 50.5796 -0.0155677
-1.33174 1.29241 319.989 -179.507 -410.925 0.0167128 1.20418 -1.14707 -319.989 -174.759 41.9938 -0.0167128
-1.09645 1.31081 319.996 -185.457 -352.119 0.0179506 1.03223 -1.15114 -319.996 -172.094 42.4848 -0.0179506
-0.833286 1.24894 320.012 -178.812 -282.077 0.0192698 0.776984 -1.07144 -320.012 -158.192 47.9055 -0.0192698
-0.581278 1.14475 320.032 -166.053 -208.308 0.0206373 0.526354 -0.946079 -320.032 -137.622 47.3268 -0.0206373
-0.354195 1.05711 320.051 -155.52 -135.387 0.0219911 0.331337 -0.821804 -320.051 -117.392 35.9113 -0.0219911
-0.169783 1.03171 320.071 -156.469 -63.2475 0.0232399 0.134652 -0.774552 -320.071 -105.916 19.3283 -0.0232399
0.0381262 1.06651 320.077 -172.579 9.29193 0.0242815 -0.0550598 -0.859713 -320.077 -107.265 4.74595 -0.0242815
0.270661 1.16551 320.082 -199.216 82.0733 0.0250292 -0.250599 -1.01758 -320.082 -117.975 -5.65978 -0.0250292
0.479098 1.32968 320.093 -228.798 152.15 0.025424 -0.458365 -1.15223 -320.093 -131.84 -15.0926 -0.025424
0.640747 1.48695 320.103 -257.711 214.942 0.0254269 -0.633748 -1.29075 -320.103 -145.93 -28.7511 -0.0254269
0.761566 1.60484 320.095 -284.402 268.303 0.0250017 -0.754421 -1.44443 -320.095 -158.72 -46.8723 -0.0250017
0.886325 1.64014 320.101 -301.251 314.342 0.0241125 -0.840055 -1.5657 -320.101 -164.642 -62.213 -0.0241125
1.03416 1.65644 320.112 -302.225 357.192 0.022739 -0.952447 -1.51876 -320.112 -159.233 -67.1509 -0.022739
1.18042 1.66076 320.115 -293.128 395.321 0.0208852 -1.09681 -1.37029 -320.115 -147.397 -62.9799 -0.0208852
1.2358 1.5681 320.116 -284.941 420.62 0.0185721 -1.22368 -1.33799 -320.116 -137.435 -61.7475 -0.0185721
1.17476 1.52296 320.12 -280.3 424.544 0.0158365 -1.22506 -1.30702 -320.12 -131.024 -74.3084 -0.0158365
1.08048 1.48304 320.117 -277.507 408.975 0.0127363 -1.08055 -1.30486 -320.117 -127.703 -93.4352 -0.0127363
0.978847 1.42559 320.112 -273.279 384.866 0.00934562 -0.973152 -1.32304 -320.112 -126.219 -99.7387 -0.00934562
0.89389 1.374 320.105 -262.412 355.845 0.00575636 -0.935825 -1.27496 -320.105 -122.589 -88.5694 -0.00575636
0.797129 1.25555 320.099 -242.012 315.332 0.00209593 -0.852588 -1.18639 -320.099 -112.892 -74.3249 -0.00209593
0.674859 1.09014 320.094 -211.246 260.42 -0.0014764 -0.648989 -1.01878 -320.094 -95.248 -66.8968 0.0014764
0.535326 0.919674 320.093 -173.537 198.972 -0.00480858 -0.424002 -0.775747 -320.093 -72.8539 -58.5645 0.00480858
0.376008 0.719479 320.092 -135.534 139.229 -0.00778726 -0.291451 -0.568488 -320.092 -51.6293 -41.392 0.00778726
0.241819 0.581456 320.087 -104.117 80.442 -0.0103194 -0.160425 -0.38485 -320.087 -36.2833 -21.3048 0.0103194
0.107325 0.527827 320.079 -85.6724 20.4921 -0.012302 0.0235049 -0.275093 -320.079 -30.9646 -7.77574 0.012302
-0.0848734 0.523142 320.07 -84.305 -38.9827 -0.0136447 0.205389 -0.323155 -320.07 -38.6133 -2.79142 0.0136447
-0.279435 0.572126 320.057 -94.9096 -94.1449 -0.0143133 0.39176 -0.459363 -320.057 -54.8982 -3.09519 0.0143133
-0.443085 0.687176 320.046 -108.401 -140.78 -0.0143219 0.551835 -0.557781 -320.046 -72.4074 -3.59438 0.0143219
-0.573299 0.78246 320.04 -119.841 -176.515 -0.0137014 0.654963 -0.641608 -320.04 -86.9793 -1.8418 0.0137014
-0.658922 0.820754 320.03 -125.799 -201.459 -0.0125012 0.730806 -0.703099 -320.03 -95.5109 -0.413368 0.0125012
-0.718359 0.816561 320.025 -122.927 -216.317 -0.0108045 0.784472 -0.683395 -320.025 -94.9066 -2.01899 0.0108045
-0.709925 0.762173 320.029 -111.495 -218.68 -0.00872278 0.821403 -0.593887 -320.029 -85.4304 -3.79963 0.00872278
-0.624687 0.616635 320.033 -93.4187 -204.199 -0.00638468 0.783532 -0.50134 -320.033 -68.9171 -0.369935 0.00638468
-0.427627 0.408144 320.039 -67.3288 -170.101 -0.00393351 0.680189 -0.359122 -320.039 -44.0586 9.2329 0.00393351
-0.188052 0.202685 320.056 -34.3215 -117.437 -0.00151839 0.486916 -0.109953 -320.056 -11.0242 19.5521 0.00151839
-0.0531645 0.0164114 320.08 -4.71496 -54.4029 0.000723458 0.196721 0.138221 -320.08 22.4722 18.4166 -0.000723458
0.071873 -0.112161 320.098 8.46421 9.26152 0.00267278 0.0252142 0.258014 -320.098 45.3531 -1.98876 -0.00267278
0.235147 -0.0828336 320.117 -2.15995 75.8805 0.00423195 -0.0945358 0.240589 -320.117 49.1547 -27.2971 -0.00423195
0.432376 0.0870945 320.127 -37.8013 151.586 0.00534141 -0.34483 0.0395529 -320.127 30.8668 -37.7942 -0.00534141
0.697949 0.378668 320.132 -92.1921 231.329 0.00599565 -0.639769 -0.28543 -320.132 -4.35369 -35.9226 -0.00599565
0.9256 0.731677 320.133 -153.728 302.574 0.00624826 -0.879633 -0.643258 -320.133 -46.1269 -39.0724 -0.00624826
1.05554 1.04796 320.133 -211.489 358.528 0.0061988 -1.02278 -0.991521 -320.133 -84.9482 -55.1897 -0.0061988
1.12776 1.28315 320.132 -255.516 401.969 0.00595264 -1.10873 -1.25298 -320.132 -113.104 -75.5141 -0.00595264
1.21389 1.40037 320.131 -277.388 437.973 0.0055871 -1.20404 -1.37041 -320.131 -125.342 -85.0588 -0.0055871
1.31905 1.35632 320.134 -273.237 467.116 0.0051706 -1.34278 -1.34252 -320.134 -119.048 -78.7151 -0.0051706
1.4125 1.15532 320.133 -242.549 482.376 0.00479638 -1.44708 -1.15614 -320.133 -93.4517 -65.236 -0.00479638
1.52551 0.828567 320.139 -189.872 480.602 0.00455705 -1.41984 -0.834078 -320.139 -51.8525 -51.0331 -0.00455705
1.56325 0.426226 320.159 -124.631 467.063 0.00449179 -1.41523 -0.443012 -320.159 -1.80291 -32.7505 -0.00449179
1.56405 0.0180575 320.165 -57.5206 443.72 0.00458933 -1.40178 -0.0456493 -320.165 48.1434 -11.3409 -0.00458933
1.5411 -0.336547 320.167 1.67581 409.498 0.00483202 -1.31398 0.299429 -320.167 90.6267 6.67641 -0.00483202
1.43609 -0.595177 320.178 45.9294 365.198 0.00521499 -1.19232 0.548063 -320.178 120.096 17.92 -0.00521499
1.25716 -0.716446 320.176 69.5562 313.166 0.00573182 -1.04212 0.673994 -320.176 132.406 22.0083 -0.00573182
1.06429 -0.686256 320.164 70.0312 256.002 0.00635855 -0.832317 0.660475 -320.164 125.6 20.5454 -0.00635855
0.870908 -0.526129 320.149 48.3636 198.881 0.00705644 -0.617819 0.497974 -320.149 100.409 18.2863 -0.00705644
0.712689 -0.278738 320.132 10.9883 146.907 0.00778669 -0.416369 0.227231 -320.132 62.5179 17.8946 -0.00778669
0.563504 -0.00808208 320.111 -31.1291 102.576 0.00851363 -0.250576 -0.0713749 -320.111 21.9371 16.3729 -0.00851363
0.409396 0.204385 320.09 -65.6376 66.8045 0.00919609 -0.106186 -0.318333 -320.09 -10.2981 8.71424 -0.00919609
0.265107 0.297709 320.08 -82.3221 41.1528 0.00978402 0.0223833 -0.444286 -320.08 -25.4694 -5.30817 -0.00978402
0.135247 0.274533 320.077 -77.0493 27.9557 0.0102127 0.0866125 -0.397025 -320.077 -20.5076 -20.3141 -0.0102127
0.0804407 0.125052 320.078 -52.9886 28.1495 0.0103944 0.10147 -0.23104 -320.078 1.26558 -30.6139 -0.0103944
0.102254 -0.119613 320.09 -16.5011 40.8839 0.0102356 0.0559364 6.09653e-05 -320.09 33.901 -33.5342 -0.0102356
0.16072 -0.36212 320.105 24.4178 62.7586 0.00967082 -0.0515627 0.291318 -320.105 70.5302 -31.2564 -0.00967082
0.273446 -0.562458 320.117 58.4545 89.1471 0.00867046 -0.141534 0.54064 -320.117 101.82 -28.1466 -0.00867046
0.398042 -0.670953 320.127 74.8733 118.25 0.00722728 -0.238002 0.662167 -320.127 118.814 -25.0749 -0.00722728
0.498923 -0.626685 320.135 68.0094 148.729 0.00535499 -0.361445 0.645043 -320.135 116.748 -22.8982 -0.00535499
0.594301 -0.498539 320.136 39.8825 177.614 0.0031022 -0.450268 0.446318 -320.136 97.3709 -24.9499 -0.0031022
0.674032 -0.306811 320.132 1.54588 204.367 0.000562351 -0.513731 0.18418 -320.132 69.7506 -30.8252 -0.000562351
0.745694 -0.0529035 320.131 -35.739 230.959 -0.00213747 -0.589736 -0.00371459 -320.131 42.8322 -35.8915 0.00213747
0.827521 0.133282 320.13 -67.0394 257.628 -0.00486888 -0.680503 -0.187503 -320.13 20.3667 -37.4191 0.00486888
0.917198 0.234594 320.128 -87.6624 282.614 -0.00752354 -0.768192 -0.325209 -320.128 6.25262 -36.5799 0.00752354
0.994366 0.255366 320.13 -91.7621 303.934 -0.0100031 -0.845043 -0.33858 -320.13 5.38416 -35.4775 0.0100031
1.05536 0.158658 320.136 -77.7703 320.707 -0.0122125 -0.906735 -0.244959 -320.136 19.0414 -34.391 0.0122125
1.10262 -0.0441735 320.145 -47.8629 332.85 -0.014079 -0.960574 -0.0620735 -320.145 45.1746 -31.8265 0.014079
1.14285 -0.322661 320.154 -5.72221 340.137 -0.0155663 -1.00665 0.192441 -320.154 80.4771 -26.5719 0.0155663
1.15657 -0.632519 320.166 43.2566 341.094 -0.0166632 -1.04663 0.494566 -320.166 120.42 -19.7419 0.0166632
1.12731 -0.905384 320.176 90.613 332.837 -0.0173712 -1.05504 0.806499 -320.176 158.038 -14.5466 0.0173712
1.08187 -1.09838 320.182 125.518 314.206 -0.0176999 -0.992437 1.03453 -320.182 184.314 -11.6633 0.0176999
1.00004 -1.17402 320.183 140.036 287.081 -0.0176613 -0.912228 1.11411 -320.183 192.36 -8.14814 0.0176613
0.889751 -1.09967 320.174 131.761 252.883 -0.0172618 -0.817601 1.0486 -320.174 180.327 -3.8042 0.0172618
0.758017 -0.91826 320.16 103.953 211.43 -0.0164946 -0.676427 0.839917 -320.16 151.47 -2.09297 0.0164946
0.595868 -0.647416 320.144 64.0525 164.451 -0.0153414 -0.501174 0.566907 -320.144 112.364 -4.23058 0.0153414
0.416812 -0.350578 320.126 20.3736 115.836 -0.0137816 -0.322282 0.27233 -320.126 70.1274 -7.71778 0.0137816
0.232715 -0.0884609 320.108 -18.9121 69.0582 -0.0118026 -0.169613 -0.00103636 -320.108 31.6237 -9.96221 0.0118026
0.0725854 0.0978442 320.095 -45.9355 25.8184 -0.00939829 -0.0302301 -0.195095 -320.095 3.39544 -10.3298 0.00939829
-0.0794143 0.148648 320.087 -54.0434 -13.384 -0.0065638 0.0783194 -0.285055 -320.087 -8.93583 -9.07048 0.0065638
-0.252189 0.021713 320.081 -37.5551 -50.3367 -0.00330582 0.148918 -0.239923 -320.081 -0.410282 -7.5632 0.00330582
-0.383256 -0.255572 320.086 6.40876 -86.4531 0.000339526 0.246567 0.00209621 -320.086 31.0929 -4.76601 -0.000339526
-0.484649 -0.63745 320.098 72.1236 -120.449 0.00430205 0.307761 0.408769 -320.098 79.9676 5.50795 -0.00430205
-0.538993 -1.05171 320.107 145.014 -152.399 0.00848337 0.329184 0.864593 -320.107 133.516 26.3358 -0.00848337
-0.576864 -1.43947 320.114 209.476 -186.497 0.0127675 0.349854 1.2339 -320.114 179.073 51.8024 -0.0127675
-0.611697 -1.66783 320.12 254.011 -226.753 0.0170397 0.435723 1.50785 -320.12 207.544 74.3892 -0.0170397
-0.683443 -1.7043 320.114 268.586 -271.859 0.021199 0.547654 1.59539 -320.114 211.007 92.6772 -0.021199
-0.8277 -1.55409 320.102 248.451 -320.077 0.0251495 0.646178 1.43422 -320.102 185.918 105.495 -0.0251495
-0.997032 -1.22164 320.088 198.485 -372.368 0.0287973 0.809196 1.08357 -320.088 136.65 109.383 -0.0287973
-1.17122 -0.751208 320.067 129.48 -425.372 0.032069 1.01447 0.634974 -320.067 72.139 107.151 -0.032069
-1.34059 -0.248644 320.035 53.5079 -472.294 0.0349167 1.17412 0.134278 -320.035 2.3549 106.176 -0.0349167
-1.46381 0.210378 320.012 -15.9427 -509.882 0.0372946 1.29197 -0.322576 -320.012 -61.2563 108.66 -0.0372946
-1.55518 0.568054 319.999 -67.1844 -538.267 0.0391517 1.37648 -0.642399 -319.999 -108.444 111.428 -0.0391517
-1.64028 0.746539 319.987 -93.5561 -558.452 0.0404459 1.43239 -0.816012 -319.987 -133.225 111.086 -0.0404459
-1.68579 0.730334 319.982 -92.0606 -570.019 0.041137 1.4851 -0.821301 -319.982 -133.131 108.362 -0.041137
-1.64398 0.549802 319.987 -63.3099 -568.874 0.0411682 1.50693 -0.63937 -319.987 -109.216 110.117 -0.0411682
-1.54079 0.217884 319.998 -12.4884 -551.603 0.040478 1.4171 -0.324336 -319.998 -66.0397 120.904 -0.040478
-1.39371 -0.201708 320.013 52.3029 -521.985 0.0390252 1.2742 0.0889864 -320.013 -9.81667 133.455 -0.0390252
-1.29129 -0.637691 320.033 120.068 -487.925 0.036792 1.13104 0.539438 -320.033 51.2045 135.139 -0.036792
-1.20433 -1.02044 320.053 177.93 -453.214 0.0337785 1.06459 0.934216 -320.053 106.301 122.808 -0.0337785
-1.02109 -1.26005 320.065 214.199 -410.647 0.0300096 1.0416 1.2063 -320.065 144.362 110.314 -0.0300096
-0.831194 -1.3183 320.073 220.948 -352.673 0.025541 0.840496 1.28779 -320.073 157.897 109.275 -0.025541
-0.630726 -1.20786 320.09 197.245 -287.135 0.0204705 0.612372 1.16151 -320.09 147.184 106.16 -0.0204705
-0.461741 -0.940317 320.088 148.666 -223.818 0.0149536 0.510063 0.897525 -320.088 118.504 82.443 -0.0149536
-0.434701 -0.546887 320.08 82.0556 -162.871 0.00918291 0.409598 0.54868 -320.08 77.2301 40.235 -0.00918291
-0.426252 -0.0702711 320.087 2.08039 -100.831 0.00333965 0.314234 0.121396 -320.087 25.8362 -6.49613 -0.00333965
-0.333352 0.448807 320.084 -85.3545 -34.8122 -0.00241282 0.208136 -0.363717 -320.084 -32.6684 -43.3848 0.00241282
-0.118463 0.978852 320.069 -171.995 36.6291 -0.00788678 0.0648997 -0.842043 -320.069 -92.5721 -62.5948 0.00788678
0.0861588 1.44803 320.066 -249.427 109.613 -0.0128688 -0.176248 -1.27496 -320.066 -146.24 -70.6303 0.0128688
0.23719 1.79445 320.073 -308.729 172.61 -0.0171723 -0.35939 -1.60727 -320.073 -185.583 -84.9037 0.0171723
0.330913 1.92219 320.066 -342.322 221.749 -0.0206639 -0.435026 -1.8347 -320.066 -203.619 -109.281 0.0206639
0.408168 1.85182 320.075 -340.296 263.454 -0.0232526 -0.515138 -1.82242 -320.075 -193.656 -127.998 0.0232526
0.55034 1.56204 320.094 -299.229 303.767 -0.0248984 -0.659825 -1.55903 -320.094 -154.361 -126.551 0.0248984
0.730988 1.09496 320.112 -225.024 339.336 -0.0256181 -0.857598 -1.07711 -320.112 -90.6848 -107.103 0.0256181
0.86543 0.640183 320.13 -136.965 359.689 -0.0254552 -1.017 -0.424435 -320.13 -17.8344 -84.7668 0.0254552
0.913996 0.198037 320.15 -62.855 356.688 -0.024465 -1.04344 0.0531873 -320.15 41.702 -70.9081 0.024465
0.887796 -0.0435508 320.159 -22.0147 331.539 -0.0227365 -0.952618 0.296803 -320.159 71.372 -62.8357 0.0227365
0.826361 -0.116356 320.147 -17.3882 292.166 -0.0203791 -0.824337 0.234935 -320.147 68.3514 -51.1343 0.0203791
0.723187 -0.0327726 320.13 -35.9765 243.204 -0.0174718 -0.704909 0.0231281 -320.13 44.0411 -34.6484 0.0174718
0.579122 0.145752 320.114 -60.6909 184.512 -0.0140534 -0.535527 -0.176887 -320.114 13.778 -21.6454 0.0140534
0.310161 0.304615 320.099 -80.93 115.173 -0.0101627 -0.349242 -0.339472 -320.099 -12.6641 -18.6044 0.0101627
-0.0481776 0.453483 320.086 -93.4376 35.5739 -0.0058655 -0.11686 -0.415206 -320.086 -32.7653 -24.9934 0.0058655
-0.364878 0.635336 320.075 -103.643 -49.9212 -0.00124564 0.189543 -0.437979 -320.075 -52.2637 -30.2077 0.00124564
-0.657431 0.824896 320.056 -121.561 -134.964 0.00361549 0.420366 -0.564546 -320.056 -80.2475 -21.4077 -0.00361549
-0.861228 1.13581 320.046 -154.258 -218.908 0.00865349 0.643314 -0.766566 -320.046 -122.045 0.31717 -0.00865349
-1.00035 1.47057 320.018 -201.95 -301.757 0.013818 0.902545 -1.13581 -320.018 -176.61 25.0703 -0.013818
-1.20194 1.73536 319.985 -252.105 -381.574 0.0190527 1.12094 -1.59634 -319.985 -231.81 43.6667 -0.0190527
-1.40675 1.96025 319.966 -283.868 -454.625 0.0242772 1.363 -1.84791 -319.966 -269.248 51.6185 -0.0242772
-1.56697 2.0017 319.956 -285.768 -513.44 0.0293793 1.57534 -1.88977 -319.956 -279.431 56.1677 -0.0293793
-1.62495 1.91158 319.954 -259.714 -548.536 0.0342179 1.66727 -1.69841 -319.954 -264.571 69.3808 -0.0342179
-1.55989 1.64657 319.955 -214.787 -556.264 0.0386358 1.62621 -1.42815 -319.955 -231.716 92.4671 -0.0386358
-1.43097 1.30204 319.968 -159.064 -541.527 0.0424727 1.5086 -1.07722 -319.968 -186.387 113.539 -0.0424727
-1.29778 0.939472 319.987 -101.491 -510.711 0.045565 1.38156 -0.690748 -319.987 -135.136 120.58 -0.045565
-1.1849 0.638689 320.002 -55.2816 -466.304 0.0477381 1.24474 -0.356967 -320.002 -89.1607 112.559 -0.0477381
-1.06345 0.486878 320.015 -34.8734 -408.57 0.0488084 1.07831 -0.179837 -320.015 -61.7981 96.8018 -0.0488084
-0.819298 0.452837 320.032 -45.7427 -336.515 0.0486224 0.924151 -0.270757 -320.032 -59.2221 82.8014 -0.0486224
-0.504163 0.624791 320.033 -81.4785 -247.579 0.0471114 0.678026 -0.461752 -320.033 -76.2546 75.6222 -0.0471114
-0.1967 0.904102 320.033 -131.954 -146.718 0.0442974 0.35283 -0.719874 -320.033 -103.903 66.9213 -0.0442974
0.0536719 1.12103 320.053 -185.644 -44.6286 0.0402532 0.0770167 -1.06041 -320.053 -131.254 41.555 -0.0402532
0.238548 1.39451 320.062 -231.076 54.7026 0.0350815 -0.130381 -1.22341 -320.062 -149.287 -0.4872 -0.0350815
0.432329 1.53292 320.077 -264.815 155.5 0.0289147 -0.34371 -1.37521 -320.077 -157.76 -41.8381 -0.0289147
0.702426 1.52 320.102 -282.407 261.503 0.0219132 -0.627861 -1.48929 -320.102 -154.911 -67.0335 -0.0219132
1.0734 1.44836 320.125 -276.963 370.544 0.0142698 -0.946781 -1.38667 -320.125 -135.076 -75.5835 -0.0142698
1.42798 1.23726 320.144 -250.325 475.379 0.0062111 -1.28729 -1.1625 -320.144 -98.5073 -79.1958 -0.0062111
1.67799 1.02007 320.173 -214.688 566.043 -0.00202412 -1.57791 -0.833017 -320.173 -54.7473 -91.0985 0.00202412
1.82416 0.922162 320.196 -191.516 635.087 -0.0102094 -1.74241 -0.550012 -320.196 -22.6026 -114.819 0.0102094
1.8598 1.01766 320.194 -204.749 681.808 -0.0181242 -1.84196 -0.550698 -320.194 -23.3684 -141.751 0.0181242
1.8641 1.34406 320.179 -263.296 706.754 -0.0255195 -1.85701 -0.917769 -320.179 -65.5963 -163.786 0.0255195
1.87166 1.86003 320.157 -353.841 711.592 -0.032099 -1.7862 -1.52607 -320.157 -138.411 -177.77 0.032099
1.798 2.43445 320.128 -450.237 698.684 -0.0375462 -1.71652 -2.17297 -320.128 -219.469 -185.693 0.0375462
1.65547 2.91476 320.092 -526.796 667.277 -0.0415745 -1.58418 -2.67913 -320.092 -286.234 -194.266 0.0415745
1.47762 3.13388 320.069 -563.349 620.202 -0.0439681 -1.37749 -2.95489 -320.069 -321.573 -203.142 0.0439681
1.26888 3.16093 320.064 -551.85 565.066 -0.0446039 -1.20907 -2.83374 -320.064 -319.379 -202.924 0.0446039
1.107 2.91137 320.067 -500.858 505.801 -0.0434504 -1.06847 -2.51008 -320.067 -287.06 -187.766 0.0434504
1.03621 2.43735 320.068 -422.922 443.65 -0.0405577 -0.915343 -2.088 -320.068 -234.766 -158.341 0.0405577
0.994816 1.92671 320.076 -329.675 380.955 -0.0360612 -0.800946 -1.52091 -320.076 -171.388 -118.494 0.0360612
0.918688 1.35584 320.103 -236.875 317.816 -0.0301895 -0.720221 -1.01636 -320.103 -107.898 -78.3642 0.0301895
0.808409 0.775631 320.1 -152.349 249.975 -0.0232566 -0.563798 -0.616458 -320.1 -49.9837 -49.4837 0.0232566
0.63229 0.210643 320.1 -72.0488 179.626 -0.0156298 -0.383094 -0.249338 -320.1 5.17868 -31.1731 0.0156298
0.394608 -0.179602 320.115 3.22517 112.051 -0.00768707 -0.264153 0.232836 -320.115 56.6932 -15.5948 0.00768707
0.22019 -0.461741 320.122 59.8232 47.7587 0.000205874 -0.114139 0.588332 -320.122 92.7693 1.38505 -0.000205874
0.0778737 -0.498528 320.113 80.2736 -12.8204 0.00770461 0.0216378 0.732898 -320.113 98.6954 21.3907 -0.00770461
0.0144192 -0.257389 320.102 54.7091 -67.5927 0.0145114 0.182801 0.576234 -320.102 66.4846 43.3722 -0.0145114
-0.0550243 0.255251 320.079 -17.4963 -114.845 0.0204039 0.310826 0.111804 -320.079 -3.25555 61.8054 -0.0204039
-0.167756 0.872592 320.049 -122.3 -155.026 0.0252419 0.438564 -0.638028 -320.049 -97.0854 66.9617 -0.0252419
-0.298042 1.56237 320.017 -233.14 -186.14 0.0289591 0.606707 -1.3649 -320.017 -192.075 54.6818 -0.0289591
-0.45182 2.15226 319.991 -326.899 -201.91 0.0315417 0.712431 -1.95225 -319.991 -269.367 32.7613 -0.0315417
-0.494525 2.53337 319.978 -389.793 -195.739 0.0329945 0.758658 -2.34065 -319.978 -318.289 13.7211 -0.0329945
-0.410776 2.66624 319.977 -413.399 -163.945 0.0333322 0.678797 -2.46858 -319.977 -332.59 5.78367 -0.0333322
-0.244325 2.52591 319.987 -395.049 -109.397 0.0326061 0.471469 -2.32679 -319.987 -309.966 5.65986 -0.0326061
-0.0558782 2.06932 320.016 -336.441 -41.6082 0.0309104 0.224594 -1.97463 -320.016 -251.088 1.26902 -0.0309104
0.110203 1.40829 320.056 -242.909 31.2862 0.028351 -0.00947087 -1.36873 -320.056 -160.567 -13.3114 -0.028351
0.248801 0.630911 320.094 -128.38 106.505 0.0250237 -0.262778 -0.608644 -320.094 -51.735 -31.405 -0.0250237
0.410996 -0.166259 320.143 -12.8821 181.099 0.0210274 -0.532021 0.133014 -320.143 56.327 -43.1433 -0.0210274
0.548936 -0.830968 320.17 84.0737 245.797 0.0164956 -0.808555 0.756263 -320.17 146.486 -47.4837 -0.0164956
0.706654 -1.2588 320.183 148.666 291.472 0.0116215 -0.962249 1.1863 -320.183 206.525 -47.8203 -0.0116215
0.831385 -1.44037 320.196 172.75 315.319 0.00665904 -1.03302 1.32579 -320.196 229.082 -43.2193 -0.00665904
0.880345 -1.32699 320.192 156.483 317.904 0.00188905 -1.07075 1.22558 -320.192 214.318 -33.2201 -0.00188905
0.858425 -0.979131 320.17 105.319 297.372 -0.00241636 -1.01553 0.898973 -320.17 167.492 -23.9519 0.00241636
0.770285 -0.485611 320.147 29.7147 254.766 -0.00600096 -0.841845 0.394508 -320.147 98.1069 -19.4782 0.00600096
0.629546 0.0227161 320.125 -51.9555 197.896 -0.00862958 -0.617624 -0.183868 -320.125 21.9019 -15.756 0.00862958
0.507823 0.446426 320.101 -116.43 137.456 -0.0101203 -0.392349 -0.639853 -320.101 -41.418 -5.8742 0.0101203
0.435729 0.680307 320.087 -145.393 82.9339 -0.0103739 -0.221859 -0.843013 -320.087 -75.9325 13.254 0.0103739
0.402023 0.715669 320.083 -135.322 39.0333 -0.00938513 -0.117755 -0.747765 -320.083 -77.2801 36.9937 0.00938513
0.325384 0.564217 320.084 -98.0094 4.02276 -0.00725542 -0.0719089 -0.479061 -320.084 -53.5285 54.0981 0.00725542
0.0985864 0.249496 320.092 -48.7868 -29.7612 -0.00419221 -0.0490572 -0.200387 -320.092 -16.5211 51.5354 0.00419221
-0.125159 -0.0392258 320.101 -0.0622715 -66.5213 -0.00047154 0.127559 0.115607 -320.101 22.625 30.078 0.00047154
-0.31958 -0.237186 320.104 34.6388 -98.4802 0.00360208 0.275778 0.346437 -320.104 50.2324 12.2113 -0.00360208
-0.368604 -0.34096 320.096 46.1174 -117.841 0.00770942 0.330224 0.366488 -320.096 56.7528 16.4875 -0.00770942
-0.134435 -0.229906 320.084 34.3155 -121.317 0.0115373 0.407169 0.298002 -320.084 42.4759 42.7547 -0.0115373
0.0253656 0.0115337 320.071 1.99635 -110.013 0.0148213 0.275806 0.108372 -320.071 12.166 73.7288 -0.0148213
0.108912 0.371555 320.061 -48.375 -94.6224 0.017361 0.216921 -0.16062 -320.061 -28.861 79.0622 -0.017361
0.125136 0.780004 320.054 -113.139 -77.1926 0.0189986 0.31182 -0.525084 -320.054 -76.4137 50.2958 -0.0189986
0.117038 1.20472 320.051 -184.94 -42.4694 0.0196041 0.320827 -0.937275 -320.051 -126.235 13.2348 -0.0196041
0.27196 1.59733 320.049 -253.548 22.1872 0.0190845 0.178326 -1.32918 -320.049 -171.643 -8.02367 -0.0190845
0.649923 1.89484 320.057 -307.756 117.246 0.0173993 -0.0691785 -1.6248 -320.057 -203.649 -11.9858 -0.0173993
1.08111 2.10695 320.076 -342.465 235.579 0.0145694 -0.439987 -1.74353 -320.076 -217.053 -13.5277 -0.0145694
1.48506 2.20543 320.103 -363.116 367.592 0.0106622 -0.820937 -1.77026 -320.103 -214.645 -31.1772 -0.0106622
1.85573 2.2388 320.145 -380.667 509.06 0.00576067 -1.15246 -1.78705 -320.145 -204.441 -70.2468 -0.00576067
2.08826 2.30482 320.173 -402.018 656.559 -3.61016e-05 -1.57303 -1.80141 -320.173 -194.833 -122.446 3.61016e-05
2.19772 2.49178 320.197 -438.557 798.011 -0.00656742 -2.00976 -1.8834 -320.197 -197.438 -184.13 0.00656742
2.0311 2.75823 320.217 -498.454 908.995 -0.0135834 -2.39975 -2.19529 -320.217 -221.634 -262.283 0.0135834
1.65019 3.06339 320.17 -576.008 962.343 -0.0207607 -2.48854 -2.72344 -320.17 -265.202 -357.786 0.0207607
1.10554 3.42153 320.091 -649.434 949.645 -0.0277048 -2.34863 -3.21192 -320.091 -314.808 -444.418 0.0277048
0.744358 3.59125 320.055 -692.027 880.604 -0.0339518 -2.00767 -3.6048 -320.055 -353.944 -477.477 0.0339518
0.337396 3.47284 320.022 -675.364 759.543 -0.0390058 -1.85274 -3.65832 -320.022 -361.128 -438.381 0.0390058
0.19743 2.86843 320.004 -574.308 580.584 -0.0423546 -1.39199 -3.24051 -320.004 -313.573 -347.252 0.0423546
0.0428231 1.69502 320.031 -373.776 348.693 -0.0434915 -0.797146 -2.22257 -320.031 -195.592 -224.981 0.0434915
0.00590224 0.121914 320.13 -86.2536 97.6191 -0.0420264 -0.168116 -0.549731 -320.13 -11.3539 -71.5155 0.0420264
0.00842191 -1.82206 320.156 257.423 -153.578 -0.0377924 0.335192 1.42936 -320.156 215.12 106.026 0.0377924
-0.155878 -3.76444 320.236 604.758 -394.77 -0.0308318 0.674269 3.47924 -320.236 447.982 273.23 0.0308318
-0.371197 -5.40803 320.288 900.669 -624.673 -0.02134 1.21244 5.24756 -320.288 647.929 392.922 0.02134
-1.10723 -6.42384 320.255 1091.69 -840.508 -0.00965808 1.5802 6.40067 -320.255 772.135 447.804 0.00965808
-1.82751 -6.63044 320.242 1139.66 -1037.94 0.00371518 2.24697 6.62594 -320.242 786.988 443.284 -0.00371518
-2.41392 -5.87013 320.147 1031.29 -1196.22 0.0181545 2.90882 5.89248 -320.147 678.354 419.924 -0.0181545
-2.9046 -4.29407 320.005 783.757 -1294.31 0.0329839 3.18147 4.25947 -320.005 459.643 406.939 -0.0329839
-3.22339 -2.1427 319.915 444.651 -1342.13 0.0475572 3.37087 2.09999 -319.915 172.398 380.896 -0.0475572
-3.56888 0.179376 319.875 73.6923 -1358.87 0.0612886 3.63134 -0.217454 -319.875 -130.774 309.721 -0.0612886
-4.0143 2.35628 319.757 -271.305 -1344.63 0.0736104 3.82882 -2.28793 -319.757 -402.95 202.329 -0.0736104
-4.38838 4.22765 319.669 -555.382 -1290.42 0.0839206 3.83114 -3.85618 -319.669 -618.693 93.7587 -0.0839206
-4.65649 5.65931 319.714 -771.552 -1203.67 0.0916094 3.57643 -4.98992 -319.714 -775.324 5.41822 -0.0916094
-4.58738 6.55445 319.736 -920.929 -1102.43 0.0961814 3.3916 -5.82204 -319.736 -876.967 -58.5835 -0.0961814
-4.43218 6.63876 319.689 -983.821 -999.179 0.0973668 3.07769 -6.40064 -319.689 -910.439 -93.3929 -0.0973668
-4.16104 5.78285 319.697 -911.026 -900.583 0.0951069 2.69606 -6.23535 -319.697 -834.887 -96.9374 -0.0951069
-3.36824 4.08167 319.796 -660.892 -800.495 0.0894893 2.51542 -4.71466 -319.796 -616.91 -55.4727 -0.0894893
-2.47476 1.41524 319.937 -245.244 -679.536 0.0807289 1.84375 -2.11908 -319.937 -268.006 51.0086 -0.0807289
-1.1503 -1.66519 320.1 268.083 -537.619 0.0691492 1.15072 1.2623 -320.1 157.551 202.217 -0.0691492
0.367732 -4.76572 320.189 777.784 -374.776 0.0551876 0.461316 4.58713 -320.189 581.435 360.123 -0.0551876
1.68255 -7.42864 320.315 1193.22 -190.436 0.0394519 -0.366775 7.21006 -320.315 933.993 487.261 -0.0394519
2.48987 -9.25528 320.389 1459.45 -1.03461 0.0227065 -1.17874 8.87544 -320.389 1175.11 533.431 -0.0227065
2.75157 -10.0526 320.43 1553.97 173.223 0.00573964 -1.65724 9.50965 -320.43 1288.51 467.203 -0.00573964
2.38651 -9.62696 320.477 1467.27 322.891 -0.0107387 -1.95306 9.148 -320.477 1260.71 308.089 0.0107387
1.9636 -7.74907 320.456 1185.21 450.056 -0.0260862 -1.92448 7.76881 -320.456 1069.43 115.968 0.0260862
1.28633 -4.57156 320.382 689.605 549.827 -0.0397076 -2.07589 4.95698 -320.382 694.705 -59.6261 0.0397076
0.79858 -0.546001 320.288 24.0319 598.017 -0.0510433 -1.80617 0.791758 -320.288 170.111 -217.418 0.0510433
0.4753 3.71037 320.199 -687.953 594.886 -0.0594995 -1.17633 -3.80767 -320.199 -404.673 -352.464 0.0594995
0.263331 7.53986 319.981 -1296.35 571.196 -0.0644973 -0.652686 -7.6215 -319.981 -906.861 -435.498 0.0644973
0.141961 10.1293 319.807 -1695.56 549.35 -0.0657443 -0.433625 -10.0991 -319.807 -1243.88 -463.076 0.0657443
0.329531 11.2975 319.726 -1846.03 533.625 -0.063381 -0.187142 -10.873 -319.726 -1375.58 -455.944 0.063381
0.482045 11.0835 319.737 -1768.61 532.105 -0.0578453 -0.241457 -10.1405 -319.737 -1315.47 -424.438 0.0578453
0.948359 9.59987 319.808 -1519.74 555.869 -0.0497488 -0.328627 -8.50129 -319.808 -1110.59 -367.853 0.0497488
1.60747 7.13428 319.934 -1150.75 619.86 -0.0398425 -0.70823 -6.31736 -319.934 -804.005 -280.977 0.0398425
2.31935 4.23591 320.088 -702.153 722.98 -0.028946 -1.41281 -3.55396 -320.088 -429.964 -178.299 0.028946
3.03817 1.18122 320.231 -235.473 843.971 -0.0178969 -2.09421 -0.6909 -320.231 -36.8246 -95.7837 0.0178969
3.45288 -1.77581 320.347 186.963 957.406 -0.00754479 -2.72209 1.75017 -320.347 325.045 -57.6118 0.00754479
3.74219 -4.26111 320.45 531.631 1050.15 0.00132695 -3.09141 3.70745 -320.45 625.848 -54.4997 -0.00132695
3.87574 -6.04069 320.488 790.513 1124.18 0.00816187 -3.46675 5.27276 -320.488 852.948 -54.4618 -0.00816187
4.01774 -7.17081 320.496 957.222 1175.33 0.0127037 -3.78202 6.28353 -320.496 997.295 -39.0986 -0.0127037
4.03606 -7.61601 320.484 1027.55 1184.94 0.0149093 -3.95727 6.71858 -320.484 1054.86 -20.6039 -0.0149093
3.59772 -7.24683 320.413 994.837 1125.45 0.0148642 -3.93557 6.62601 -320.413 1020.51 -28.0629 -0.0148642
2.80072 -5.9496 320.324 838.752 978.852 0.0127842 -3.39668 5.85947 -320.324 876.765 -75.7813 -0.0127842
1.68764 -4.11758 320.26 551.325 748.864 0.00901276 -2.48688 3.9161 -320.26 615.693 -140.057 -0.00901276
0.425878 -1.779 320.222 180.018 454.443 0.00401075 -1.43017 1.35662 -320.222 275.41 -183.005 -0.00401075
-0.560243 0.644782 320.119 -186.342 131.228 -0.00163093 -0.231723 -1.1415 -320.119 -73.2623 -177.868 0.00163093
-1.45699 2.67263 319.99 -471.718 -204.312 -0.00723143 0.797697 -3.0947 -319.99 -366.198 -122.988 0.00723143
-2.29384 3.87815 319.927 -629.441 -543.235 -0.0121274 1.75507 -4.28394 -319.927 -556.292 -45.6095 0.0121274
-2.99482 4.25826 319.991 -633.941 -871.962 -0.0157332 2.74361 -4.36775 -319.991 -619.067 36.7858 0.0157332
-3.4107 3.74322 319.966 -500.147 -1161.67 -0.0175423 3.61907 -3.58216 -319.966 -563.757 138.07 0.0175423
-3.50255 2.45845 319.931 -267.484 -1370.61 -0.017179 4.01014 -2.25895 -319.931 -417.375 276.132 0.017179
-3.33924 0.743652 319.913 29.6707 -1497.33 -0.0144616 4.03462 -0.481008 -319.913 -206.956 422.47 0.0144616
-3.24033 -1.31955 319.953 351.185 -1562.79 -0.00937303 3.90313 1.36405 -319.953 39.4405 521.065 0.00937303
-3.15135 -3.37383 319.968 658.6 -1575.94 -0.00202709 3.88891 3.16981 -319.968 292.896 549.115 0.00202709
-3.18921 -5.03786 319.936 915 -1531.04 0.00725105 3.68494 4.82571 -319.936 518.855 528.451 -0.00725105
-3.0283 -6.2148 319.957 1081.94 -1424.31 0.0178792 3.37461 5.90562 -319.957 679.789 490.464 -0.0178792
-2.64404 -6.68185 319.977 1136.04 -1262.82 0.0291624 2.92953 6.31665 -319.977 753.204 449.869 -0.0291624
-2.23501 -6.37421 319.989 1072.21 -1064.61 0.0404472 2.34519 6.05795 -319.989 734.667 396.503 -0.0404472
-1.8465 -5.33062 320.026 896.562 -855.624 0.0510917 1.90589 5.16154 -320.026 628.344 308.414 -0.0510917
-1.45972 -3.64589 320.071 617.488 -636.636 0.0603992 1.60879 3.63775 -320.071 441.118 189.494 -0.0603992
-1.02999 -1.36812 320.026 251.694 -394.458 0.0676653 1.19699 1.63732 -320.026 185.182 70.3503 -0.0676653
-0.510099 1.1797 320.11 -169.463 -129.421 0.072278 0.621009 -0.790888 -320.11 -116.79 -34.6625 -0.072278
0.0747849 3.49835 320.098 -588.093 148.83 0.0738075 -0.00600731 -3.4104 -320.098 -415.793 -135.999 -0.0738075
0.719973 5.36164 320.097 -925.485 437.431 0.0720563 -0.641389 -5.44405 -320.097 -644.745 -237.702 -0.0720563
1.43747 6.34671 320.145 -1114.74 735.896 0.0670252 -1.37182 -6.49354 -320.145 -751.229 -324.976 -0.0670252
2.36044 6.25447 320.277 -1130.01 1051.54 0.0588191 -2.3268 -6.46028 -320.277 -717.852 -367.018 -0.0588191
3.47489 5.15925 320.315 -982.563 1372.26 0.0476271 -3.48325 -5.41811 -320.315 -554.84 -357.161 -0.0476271
4.59977 3.23873 320.357 -703.159 1668.07 0.0338222 -4.67297 -3.58387 -320.357 -288.766 -316.176 -0.0338222
5.52118 0.855498 320.453 -340.977 1901.51 0.018011 -5.65052 -1.22195 -320.453 38.4516 -273.359 -0.018011
6.09982 -1.64225 320.469 39.8362 2043.5 0.000941665 -6.27793 1.1991 -320.469 372.297 -239.918 -0.000941665
6.37312 -3.83158 320.456 379.53 2087.85 -0.0165965 -6.5594 3.3219 -320.456 659.144 -203.672 0.0165965
6.19421 -5.35202 320.453 629.371 2026.88 -0.033813 -6.60561 4.86775 -320.453 854.859 -162.185 0.033813
5.67261 -5.99999 320.373 752.361 1850.5 -0.0499133 -6.1194 5.5831 -320.373 930.018 -132.643 0.0499133
4.86563 -5.55184 320.309 725.63 1567.43 -0.064106 -5.07028 5.42511 -320.309 868.774 -119.855 0.064106
3.73915 -4.10937 320.288 547.056 1206.31 -0.0756633 -3.79664 4.26961 -320.288 669.99 -108.205 0.0756633
2.45853 -1.61447 320.255 227.742 796.958 -0.0839737 -2.35972 2.33591 -320.255 345.975 -94.5578 0.0839737
0.964023 1.41813 320.179 -205.846 352.948 -0.0885603 -0.764663 -0.499851 -320.179 -72.9493 -100.333 0.0885603
-0.622889 4.41913 320.003 -674.017 -90.9399 -0.0891076 0.921601 -3.79506 -320.003 -519.466 -132.885 0.0891076
-2.23887 7.01055 319.824 -1072.06 -512.413 -0.0854795 2.52328 -6.59228 -319.824 -904.255 -179.712 0.0854795
-3.56975 8.25947 319.785 -1291.43 -866.455 -0.0777338 3.78194 -8.44658 -319.785 -1135.67 -202.628 0.0777338
-4.40646 7.78249 319.638 -1244.68 -1130.92 -0.0661536 4.5225 -8.61755 -319.638 -1137.86 -167.959 0.0661536
-4.64889 5.72362 319.616 -889.793 -1292.44 -0.0512716 4.71301 -6.43626 -319.616 -876.574 -69.8923 0.0512716
-4.481 2.09456 319.893 -285.268 -1363.27 -0.0338674 4.40001 -2.61608 -319.893 -398.669 70.3549 0.0338674
-4.03807 -2.28476 320.059 444.549 -1372.19 -0.0149215 3.87476 2.0885 -320.059 191.437 219.602 0.0149215
-3.49851 -6.52103 320.152 1143.82 -1348.42 0.00447551 3.3327 6.59555 -320.152 762.584 352.741 -0.00447551
-2.96864 -9.87476 320.218 1668.06 -1305.31 0.0232286 2.81631 9.827 -320.218 1195.18 461.495 -0.0232286
-2.54744 -11.7652 320.25 1942.51 -1261.16 0.0403458 2.45539 11.4017 -320.25 1424.22 530.92 -0.0403458
-2.41141 -11.8523 320.21 1949.41 -1228.26 0.0550433 2.27145 11.4215 -320.21 1432.85 544.556 -0.0550433
-2.55078 -10.28 320.124 1700.88 -1212.69 0.0667865 2.3583 9.90069 -320.124 1231.93 496.259 -0.0667865
-2.88806 -7.41327 320.029 1239.69 -1206.54 0.0752657 2.63818 7.01768 -320.029 857.659 400.665 -0.0752657
-3.26366 -3.38469 319.948 633.023 -1194.88 0.0803962 2.99111 3.49171 -319.948 366.625 283.438 -0.0803962
-3.47768 1.1371 319.887 -47.574 -1160.15 0.0823338 3.31982 -0.462958 -319.887 -184.438 170.189 -0.0823338
-3.42314 5.25644 319.733 -720.599 -1077.45 0.0814419 3.44275 -4.7036 -319.733 -726.159 77.9553 -0.0814419
-3.11005 8.61799 319.696 -1271.85 -937.483 0.0782062 3.30572 -8.12877 -319.696 -1161.08 3.86155 -0.0782062
-2.43084 10.7121 319.584 -1611.92 -731.369 0.0731102 2.95795 -10.1117 -319.584 -1413.49 -52.4648 -0.0731102
-1.63999 11.0668 319.561 -1707.42 -455.346 0.0665195 2.08913 -10.6808 -319.561 -1452.31 -86.6738 -0.0665195
-0.684588 9.92698 319.749 -1562.98 -123.958 0.0586558 0.92985 -9.63317 -319.749 -1279.04 -110.058 -0.0586558
0.481253 7.40771 319.987 -1205.32 244.746 0.049667 -0.34361 -7.25519 -319.987 -925.267 -123.559 -0.049667
1.694 3.98198 320.168 -706.17 626.165 0.0397067 -1.8039 -4.01086 -320.168 -455.388 -115.837 -0.0397067
3.04229 0.23026 320.433 -145.789 1003.65 0.0289533 -3.3024 -0.383581 -320.433 56.2706 -79.0298 -0.0289533
4.35545 -3.25381 320.683 375.621 1331.02 0.0175863 -4.58283 2.97034 -320.683 528.315 -29.015 -0.0175863
5.49038 -5.94638 320.697 781.659 1589.27 0.00580983 -5.55646 5.60508 -320.697 896.256 19.5065 -0.00580983
6.07884 -7.51028 320.633 1016.91 1749.54 -0.00608538 -6.21134 7.15061 -320.633 1112.76 40.1591 0.00608538
6.14239 -7.71087 320.627 1051.84 1794.44 -0.0177282 -6.2628 7.4698 -320.627 1153.33 12.1175 0.0177282
5.60911 -6.66493 320.517 887.378 1725.67 -0.0287022 -5.82047 6.44376 -320.517 1016.73 -60.8734 0.0287022
4.58556 -4.53099 320.353 554.782 1553.01 -0.0385282 -4.97601 4.31322 -320.353 729.732 -159.774 0.0385282
3.4038 -1.76125 320.229 122.765 1301.08 -0.0466677 -3.76169 1.49687 -320.229 350.156 -256.283 0.0466677
2.2515 1.09267 320.127 -318.659 1007.4 -0.0525837 -2.46263 -1.42674 -320.127 -47.805 -319.236 0.0525837
1.21632 3.56096 320.021 -681.984 698.805 -0.0557893 -1.26259 -3.80359 -320.021 -388.37 -335.988 0.0557893
0.207573 5.13963 319.923 -900.881 396.797 -0.0559072 -0.314478 -5.28839 -319.923 -614.485 -318.955 0.0559072
-0.677824 5.56648 319.845 -945.563 103.347 -0.052768 0.643288 -5.73588 -319.845 -696.739 -293.983 0.052768
-1.58727 4.92517 319.888 -818.761 -172.017 -0.0464392 1.39281 -5.05882 -319.888 -631.878 -260.331 0.0464392
-2.25549 3.37146 319.933 -545.776 -416.86 -0.03719 1.97063 -3.44832 -319.933 -445.006 -197.198 0.03719
-2.46368 1.21891 319.996 -181.388 -615.677 -0.025494 2.34842 -1.29435 -319.996 -183.564 -84.1891 0.025494
-2.34985 -1.15493 320.142 212.327 -766.93 -0.01202 2.38826 0.995179 -320.142 100.395 77.1699 0.01202
-2.16688 -3.2924 320.17 570.747 -883.681 0.00243865 2.23504 3.11659 -320.17 360.871 242.193 -0.00243865
-2.05296 -4.88943 320.136 843.79 -991.71 0.0170455 2.30792 4.75973 -320.136 558.686 355.726 -0.0170455
-2.19981 -5.70772 320.172 988.68 -1093.32 0.0309747 2.49968 5.63031 -320.172 659.236 407.818 -0.0309747
-2.64538 -5.66695 320.127 989.181 -1183.34 0.04344 2.63492 5.58894 -320.127 646.831 413.249 -0.04344
-3.02192 -4.76456 320.019 852.577 -1259.55 0.0537428 2.96982 4.72067 -320.019 526.178 385.995 -0.0537428
-3.34442 -3.19249 319.935 608.836 -1312.8 0.06135 3.28923 3.19993 -319.935 320.545 345.957 -0.06135
-3.66426 -1.2565 319.893 303.692 -1337.01 0.0659379 3.44468 1.29356 -319.893 67.3956 301.168 -0.0659379
-3.93483 0.70096 319.801 -7.77059 -1340.95 0.0673734 3.62618 -0.636647 -319.801 -186.03 239.554 -0.0673734
-4.10872 2.33811 319.711 -271.76 -1321.69 0.0656913 3.83958 -2.2509 -319.711 -394.492 164.218 -0.0656913
-3.98284 3.40905 319.678 -447.321 -1258.47 0.0610889 3.93463 -3.28794 -319.678 -525.254 105.727 -0.0610889
-3.59151 3.78743 319.691 -512.684 -1131.69 0.0538849 3.57422 -3.60487 -319.691 -560.966 88.4834 -0.0538849
-2.92235 3.45774 319.742 -469.723 -948.227 0.0444732 2.92323 -3.22378 -319.742 -500.708 97.195 -0.0444732
-2.07777 2.50596 319.828 -335.751 -727.002 0.0333355 2.21742 -2.27403 -319.828 -358.461 101.681 -0.0333355
-1.25548 1.11252 319.987 -143.759 -480.918 0.0210297 1.40873 -0.995554 -319.987 -162.314 93.0975 -0.0210297
-0.411102 -0.359235 320.1 66.328 -212.844 0.00809273 0.502415 0.448842 -320.1 51.2158 79.972 -0.00809273
0.526873 -1.69267 320.218 247.685 67.3358 -0.00498585 -0.40573 1.67648 -320.218 241.88 68.6314 0.00498585
1.4213 -2.69096 320.311 367.835 346.597 -0.0176648 -1.3679 2.46227 -320.311 380.856 59.7319 0.0176648
2.21112 -3.01881 320.397 409.529 604.206 -0.0293193 -2.20294 2.91247 -320.397 452.115 38.7957 0.0293193
2.85066 -2.67328 320.45 352.628 826.611 -0.0393343 -2.78969 2.78153 -320.45 439.697 -4.88223 0.0393343
3.23898 -1.66875 320.441 187.637 1003.54 -0.0471667 -3.18913 1.92558 -320.441 334.286 -66.8557 0.0471667
3.47464 -0.206683 320.382 -65.0573 1135.41 -0.0523511 -3.37272 0.387254 -320.382 150.965 -137.387 0.0523511
3.57883 1.56659 320.308 -355.666 1225.63 -0.0545386 -3.38857 -1.35854 -320.308 -69.7921 -209.814 0.0545386
3.54502 3.10691 320.231 -624.647 1282.26 -0.0535498 -3.33064 -3.09433 -320.231 -276.861 -279.508 0.0535498
3.37027 4.17421 320.152 -809.272 1308.01 -0.0494111 -3.2259 -4.26924 -320.152 -418.053 -345.672 0.0494111
3.12697 4.51341 320.083 -869.471 1306.99 -0.042397 -3.0792 -4.63415 -320.083 -460.174 -401.222 0.042397
2.91963 4.04383 320.071 -796.692 1286.05 -0.0330477 -2.94837 -4.1725 -320.071 -397.649 -429.415 0.0330477
2.79076 2.94465 320.111 -612.829 1250.61 -0.022092 -2.9242 -2.99202 -320.111 -250.266 -416.321 0.022092
2.82523 1.36065 320.164 -357.292 1198.64 -0.0103233 -2.9079 -1.45114 -320.164 -51.7316 -361.946 0.0103233
2.87177 -0.380541 320.203 -76.2202 1125.94 0.00147955 -2.94378 0.207981 -320.203 161.305 -277.597 -0.00147955
2.7907 -1.9773 320.253 187.765 1020.09 0.0125962 -2.93237 1.75722 -320.253 354.489 -185.595 -0.0125962
2.48067 -3.16563 320.299 391.939 868.282 0.0224062 -2.75 2.92512 -320.299 492.745 -105.814 -0.0224062
1.94023 -3.68521 320.346 497.246 663.577 0.0304214 -2.31759 3.48823 -320.346 544.837 -43.0106 -0.0304214
1.3663 -3.35031 320.298 479.794 418.595 0.0363301 -1.63986 3.32174 -320.298 489.539 19.479 -0.0363301
0.725026 -2.29388 320.246 341.304 148.314 0.040071 -0.9626 2.30081 -320.246 326.307 97.4768 -0.040071
0.00192752 -0.647005 320.154 112.463 -146.214 0.0418564 -0.197136 0.706943 -320.154 84.3953 174.974 -0.0418564
-0.842692 1.16586 320.104 -150.079 -464.481 0.0420889 0.808876 -1.14352 -320.104 -185.215 223.606 -0.0420889
-1.79149 2.66546 320.008 -376.206 -788.391 0.041244 1.94765 -2.83512 -320.008 -422.651 243.492 -0.041244
-2.78379 3.60427 319.932 -500.996 -1091.05 0.0397636 2.96473 -3.78203 -319.932 -571.752 253.549 -0.0397636
-3.5359 3.62589 319.847 -488.15 -1341.98 0.0379864 3.79664 -3.85452 -319.847 -598.183 273.759 -0.0379864
-4.09234 2.62674 319.807 -321.936 -1530.39 0.0361497 4.31665 -2.95562 -319.807 -488.541 305.291 -0.0361497
-4.43167 0.813097 319.827 -17.3718 -1657.45 0.034405 4.64911 -1.05778 -319.827 -253.782 334.401 -0.034405
-4.5535 -1.60645 319.896 374.672 -1720.64 0.0327722 4.82089 1.41099 -319.896 64.4634 354.741 -0.0327722
-4.43694 -4.18964 319.896 779.286 -1710.42 0.0310922 4.7421 3.95278 -319.896 404.503 372.858 -0.0310922
-4.09856 -6.39656 319.901 1123.99 -1628.69 0.029081 4.42123 6.18806 -319.901 705.222 387.024 -0.029081
-3.60603 -7.8704 319.964 1346.46 -1484.24 0.026462 3.93685 7.67254 -319.964 912.549 384.801 -0.026462
-3.2118 -8.328 319.992 1401.06 -1298.08 0.0230573 3.31489 8.11609 -319.992 988.813 346.728 -0.0230573
-2.95393 -7.62541 319.995 1269.25 -1091.75 0.0188026 2.75202 7.43234 -319.995 919.096 260.238 -0.0188026
-2.74044 -5.8619 320.04 967.024 -881.492 0.0137314 2.36117 5.68563 -320.04 711.185 138.484 -0.0137314
-2.31347 -3.27915 320.118 533.598 -654.751 0.00797085 2.00371 3.10351 -320.118 394.056 26.4402 -0.00797085
-1.7812 -0.278781 320.039 35.467 -404.182 0.00175516 1.31338 0.109435 -320.039 21.1009 -45.7803 -0.00175516
-1.07368 2.60192 320.05 -441.853 -151.135 -0.00456814 0.650895 -2.76249 -320.05 -337.526 -99.0832 0.00456814
-0.338623 4.81099 320.008 -814.6 88.5342 -0.0105835 0.134582 -5.00302 -320.008 -611.4 -156.27 0.0105835
0.344381 5.9933 319.998 -1025.8 324.746 -0.0159293 -0.4553 -6.22465 -319.998 -749.579 -206.915 0.0159293
1.06581 5.95452 320.009 -1038.89 560.423 -0.0204222 -1.15315 -6.1787 -320.009 -724.267 -235.816 0.0204222
1.89964 4.77402 320.093 -860.058 795.034 -0.0240518 -1.9368 -4.88739 -320.093 -544.029 -234.936 0.0240518
2.80166 2.68242 320.244 -536.032 1019 -0.0268744 -2.76526 -2.71771 -320.244 -248.967 -207.087 0.0268744
3.53976 0.119975 320.347 -139.369 1211.36 -0.0289697 -3.60359 -0.135072 -320.347 101.888 -170.1 0.0289697
4.09223 -2.37301 320.388 249.242 1348.15 -0.0304652 -4.1692 2.38902 -320.388 442.212 -144.233 0.0304652
4.43998 -4.31304 320.478 554.524 1426.08 -0.0315041 -4.4818 4.36777 -320.478 706.302 -126.117 0.0315041
4.58497 -5.35699 320.517 716.099 1444.69 -0.0321558 -4.60846 5.36841 -320.517 841.804 -105.277 0.0321558
4.56102 -5.31915 320.448 710.629 1404.22 -0.0323638 -4.52198 5.27776 -320.448 828.621 -80.9732 0.0323638
4.2566 -4.21601 320.381 546.472 1302.89 -0.031939 -4.23375 4.19615 -320.381 675.375 -65.973 0.031939
3.67417 -2.32789 320.328 258.951 1142.71 -0.0305837 -3.67008 2.30589 -320.328 413.955 -72.6174 0.0305837
2.78662 -0.000236084 320.223 -98.2373 927.637 -0.027973 -2.88354 -0.0454807 -320.223 91.3536 -101.142 0.027973
1.7719 2.38951 320.148 -458.761 674.937 -0.0238633 -1.94129 -2.39871 -320.148 -237.193 -133.216 0.0238633
0.794757 4.39785 320.055 -756.589 409.547 -0.0181417 -1.0142 -4.38636 -320.055 -519.888 -145.016 0.0181417
0.0353326 5.70139 319.935 -939.892 148.733 -0.0108139 -0.129037 -5.67659 -319.935 -713.362 -123.739 0.0108139
-0.580124 6.12969 319.898 -981.14 -99.0601 -0.00200293 0.596789 -6.05654 -319.898 -789.456 -71.4517 0.00200293
-1.03522 5.5536 319.876 -871.202 -325.327 0.00801403 1.21788 -5.51753 -319.876 -737.272 -2.17362 -0.00801403
-1.47067 4.04357 319.866 -619.83 -525.534 0.0187809 1.69167 -4.09941 -319.866 -563.1 65.3431 -0.0187809
-1.87981 1.90995 319.956 -260.954 -700.113 0.0297053 2.09789 -1.91576 -319.956 -294.609 120.944 -0.0297053
-2.23183 -0.511739 320.082 142.884 -844.534 0.0401323 2.41614 0.588381 -320.082 17.3285 167.552 -0.0401323
-2.45092 -2.81305 320.064 516.569 -948.982 0.0494033 2.58909 2.87703 -320.064 310.607 214.697 -0.0494033
-2.54324 -4.51978 320.061 798.717 -1016.96 0.0569282 2.65731 4.63623 -320.061 532.088 259.093 -0.0569282
-2.6147 -5.33827 320.115 938.472 -1056.56 0.0622751 2.66211 5.52566 -320.115 640.513 287.469 -0.0622751
-2.74356 -5.24334 320.071 915.418 -1079.7 0.0652127 2.72522 5.3143 -320.071 619.07 282.672 -0.0652127
-2.93975 -4.21423 319.97 742.904 -1088.91 0.0657057 2.86448 4.19102 -319.97 478.835 243.213 -0.0657057
-3.06663 -2.44694 319.955 459.048 -1075.76 0.0639024 3.02617 2.43465 -319.955 250.689 188.294 -0.0639024
-3.02678 -0.326079 319.894 115.015 -1026.1 0.0601045 3.03974 0.29257 -319.894 -24.7075 142.666 -0.0601045
-2.86292 1.77582 319.805 -228.651 -937.325 0.0547157 2.82511 -1.84409 -319.805 -296.937 109.169 -0.0547157
-2.64121 3.48828 319.813 -513.285 -819.593 0.0481873 2.511 -3.58086 -319.813 -513.518 69.6292 -0.0481873
-2.38928 4.51682 319.812 -687.518 -687.281 0.0409667 2.23682 -4.57634 -319.812 -633.432 14.1539 -0.0409667
-2.07657 4.69775 319.812 -730.454 -537.48 0.0334265 1.86547 -4.74595 -319.812 -641.491 -35.8375 -0.0334265
-1.50289 4.09743 319.877 -645.438 -359.505 0.0258 1.3332 -4.08717 -319.877 -543.628 -52.7151 -0.0258
-0.622247 2.87272 319.975 -459.356 -153.346 0.0181943 0.637341 -2.79467 -319.975 -364.025 -29.4338 -0.0181943
0.345169 1.26924 320.066 -215.655 64.3893 0.0106591 -0.182672 -1.15853 -320.066 -137.077 12.9095 -0.0106591
1.2386 -0.388623 320.175 38.356 277.459 0.00321567 -0.952117 0.556007 -320.175 98.85 41.8321 -0.00321567
1.91993 -1.83055 320.256 251.288 470.356 -0.00415325 -1.5547 1.98353 -320.256 302.776 35.8878 0.00415325
2.44066 -2.88163 320.346 389.686 645.748 -0.0114875 -2.01199 2.87009 -320.346 445.842 3.01565 0.0114875
2.78136 -3.30138 320.391 438.709 806.313 -0.0187943 -2.48146 3.25613 -320.391 513.835 -39.4294 0.0187943
3.11168 -3.10463 320.409 395.799 947.186 -0.0260053 -2.81662 3.08639 -320.409 503.434 -83.2341 0.0260053
3.35431 -2.40396 320.41 270.904 1063.91 -0.0329849 -3.07446 2.36298 -320.41 421.362 -126.905 0.0329849
3.45296 -1.30636 320.368 87.2586 1152.25 -0.0395693 -3.26279 1.26695 -320.368 286.236 -173.264 0.0395693
3.49279 0.0338099 320.327 -124.992 1209.13 -0.0455889 -3.26641 0.0247721 -320.327 123.24 -223.598 0.0455889
3.48591 1.34418 320.268 -336.744 1241.61 -0.0508568 -3.20691 -1.27114 -320.268 -43.7179 -265.564 0.0508568
3.44706 2.46482 320.232 -517.373 1258.02 -0.0551612 -3.20931 -2.39481 -320.232 -189.194 -287.172 0.0551612
3.42939 3.25072 320.185 -637.956 1256.7 -0.0582967 -3.18694 -3.13119 -320.185 -289.797 -291.652 0.0582967
3.35719 3.53947 320.134 -684.463 1234.33 -0.0601 -3.14219 -3.45638 -320.134 -332.486 -286.331 0.0601
3.19588 3.291 320.119 -649.149 1188.88 -0.0604494 -3.07373 -3.31015 -320.119 -310.433 -274.381 0.0604494
3.05219 2.59966 320.135 -533.764 1121.22 -0.0592618 -2.9128 -2.62841 -320.135 -226.282 -251.169 0.0592618
2.92068 1.54619 320.16 -357.37 1038.19 -0.0565086 -2.78487 -1.5735 -320.16 -96.2908 -206.107 0.0565086
2.81136 0.326579 320.19 -149.792 939.214 -0.0522091 -2.66561 -0.325265 -320.19 54.756 -140.691 0.0522091
2.68061 -0.885072 320.244 55.7578 818.734 -0.046405 -2.45721 0.877613 -320.244 200.093 -69.8877 0.046405
2.36482 -1.87905 320.233 228.346 671.871 -0.039164 -2.17093 1.87029 -320.233 316.228 -10.932 0.039164
1.84956 -2.51529 320.266 343.188 497.943 -0.0305955 -1.73912 2.49509 -320.266 384.682 24.9456 0.0305955
1.17587 -2.72196 320.257 388.273 300.115 -0.0208509 -1.15549 2.66537 -320.257 394.44 39.6311 0.0208509
0.442982 -2.45821 320.186 362.155 85.7367 -0.0101094 -0.472182 2.39686 -320.186 343.296 47.7678 0.0101094
-0.289603 -1.79937 320.126 274.266 -134.312 0.00143025 0.208741 1.73469 -320.126 239.324 61.9503 -0.00143025
-0.994474 -0.837523 320.113 144.674 -352.851 0.0135413 0.872819 0.839089 -320.113 99.1117 81.0928 -0.0135413
-1.66718 0.22857 320.052 -4.48792 -569.435 0.0259565 1.58742 -0.197921 -320.052 -57.2269 95.6331 -0.0259565
-2.35354 1.22263 319.958 -145.872 -774.25 0.0383543 2.26002 -1.19705 -319.958 -205.381 102.56 -0.0383543
-2.96563 1.95723 319.914 -253.262 -957.986 0.0503425 2.88848 -1.99801 -319.914 -321.045 105.667 -0.0503425
-3.37964 2.32708 319.893 -301.632 -1102.37 0.0614612 3.38962 -2.38841 -319.893 -383.086 116.758 -0.0614612
-3.61566 2.27011 319.829 -281.049 -1197.41 0.071224 3.62789 -2.30039 -319.829 -382.563 142.638 -0.071224
-3.712 1.80056 319.812 -197.718 -1244.63 0.0791551 3.64441 -1.78992 -319.812 -323.473 173.301 -0.0791551
-3.66587 1.00474 319.853 -70.3964 -1252.39 0.084809 3.60296 -1.00019 -319.853 -220.41 193.714 -0.084809
-3.51884 0.0470828 319.873 77.1008 -1222.52 0.0878111 3.472 -0.0706091 -319.873 -93.6996 204.267 -0.0878111
-3.24644 -0.879403 319.876 219.165 -1152.85 0.0879114 3.19071 0.857793 -319.876 33.7291 215.163 -0.0879114
-2.84258 -1.60846 319.927 330.209 -1046.63 0.0850115 2.77544 1.6172 -319.927 138.923 228.144 -0.0850115
-2.39561 -1.99359 319.97 385.73 -918.241 0.0791889 2.31928 2.04945 -319.97 202.125 231.241 -0.0791889
-1.98887 -1.9811 319.987 372.215 -778.677 0.0707179 1.89215 2.03823 -319.987 212.144 213.164 -0.0707179
-1.68514 -1.62896 319.998 293.952 -637.344 0.0600423 1.50918 1.57352 -319.998 171.66 171.989 -0.0600423
-1.39149 -0.991112 320.026 172.555 -494.015 0.0477169 1.19696 0.867353 -320.026 97.7121 117.103 -0.0477169
-0.898071 -0.223602 320.05 37.1842 -341.577 0.0343748 0.956075 0.111201 -320.05 11.6343 71.776 -0.0343748
-0.273579 0.434343 320.052 -84.072 -167.161 0.0206887 0.502292 -0.588728 -320.052 -64.4707 54.4488 -0.0206887
0.379899 0.962635 320.06 -171.797 24.9412 0.00728878 -0.127756 -0.986996 -320.06 -111.44 49.2709 -0.00728878
0.967491 1.24656 320.105 -220.484 215.919 -0.00529859 -0.667179 -1.11526 -320.105 -122.716 22.5098 0.00529859
1.30385 1.29638 320.162 -239.333 393.567 -0.0166692 -1.1336 -1.08315 -320.162 -106.518 -38.001 0.0166692
1.46624 1.3428 320.211 -251.239 557.877 -0.0265698 -1.55827 -0.954124 -320.211 -82.6874 -116.524 0.0265698
1.67385 1.47445 320.245 -279.612 706.172 -0.0349036 -1.89027 -0.972076 -320.245 -76.1216 -185.975 0.0349036
1.98967 1.67552 320.244 -337.014 838.604 -0.0416528 -2.22363 -1.33948 -320.244 -101.374 -223.735 0.0416528
2.31009 1.96203 320.248 -408.469 945.864 -0.0467962 -2.57527 -1.85201 -320.248 -146.057 -233.098 0.0467962
2.56264 2.17243 320.206 -461.76 1014.61 -0.0503143 -2.77446 -2.25243 -320.206 -181.542 -236.05 0.0503143
2.64885 2.15365 320.166 -468.361 1040.61 -0.0522349 -2.82089 -2.32607 -320.166 -182.921 -242.711 0.0522349
2.60683 1.88262 320.169 -417.633 1029.97 -0.0526423 -2.79342 -1.96731 -320.169 -142.139 -242.196 0.0526423
2.45511 1.3568 320.175 -320.625 986.196 -0.0516581 -2.77749 -1.32708 -320.175 -69.7014 -222.922 0.0516581
2.26582 0.666823 320.166 -198.655 904.062 -0.0494115 -2.65141 -0.587209 -320.166 16.1225 -186.858 0.0494115
1.99522 0.00358775 320.189 -74.7006 777.845 -0.0460043 -2.36658 0.155066 -320.189 96.4407 -141.698 0.0460043
1.53725 -0.553103 320.171 28.9543 605.679 -0.0415181 -1.9681 0.705885 -320.171 153.776 -94.4239 0.0415181
1.05013 -1.0328 320.212 103.102 396.691 -0.0360541 -1.34567 0.929318 -320.212 181.876 -47.1883 0.0360541
0.465482 -1.26682 320.183 155.749 160.583 -0.0297146 -0.652502 1.09604 -320.183 187.55 2.65314 0.0297146
-0.279022 -1.44244 320.11 196.041 -95.5431 -0.0225504 0.0195268 1.14701 -320.11 180.283 52.3195 0.0225504
-1.07761 -1.66467 320.124 238.515 -365.717 -0.01457 0.823926 1.17724 -320.124 174.593 88.9312 0.01457
-2.00679 -1.80202 320.194 294.539 -646.587 -0.0057832 1.66676 1.46201 -320.194 180.005 111.692 0.0057832
-2.84317 -1.87381 320.114 349.409 -916.765 0.00376749 2.51495 1.80834 -320.114 185.985 136.482 -0.00376749
-3.53337 -1.94846 320.054 381.127 -1162.96 0.0139775 3.25013 1.87121 -320.054 174.341 174.981 -0.0139775
-4.0501 -1.75493 320.067 381.356 -1373.9 0.0246795 3.83742 1.8201 -320.067 138.649 224.981 -0.0246795
-4.40542 -1.36523 319.987 344.382 -1547.98 0.0356765 4.37756 1.53049 -319.987 76.9889 268.516 -0.0356765
-4.79261 -0.784232 319.842 265.875 -1678.09 0.0467414 4.72294 0.969898 -319.842 -10.3289 291.883 -0.0467414
-5.10029 -0.0668977 319.795 155.124 -1762.24 0.0575697 5.02649 0.208547 -319.795 -114.403 287.076 -0.0575697
-5.28269 0.623339 319.769 34.1218 -1792.89 0.0677769 5.2101 -0.641904 -319.769 -217.257 264.527 -0.0677769
-5.21843 1.24599 319.681 -69.9093 -1757.3 0.0769586 5.15046 -1.28396 -319.681 -297 247.045 -0.0769586
-4.84099 1.53949 319.646 -131.74 -1651.87 0.0847153 4.80892 -1.6714 -319.646 -334.142 246.306 -0.0847153
-4.23637 1.44583 319.692 -132.951 -1485.43 0.0906367 4.2141 -1.63287 -319.692 -313.776 254.472 -0.0906367
-3.47523 0.934119 319.748 -67.4749 -1272.29 0.094318 3.49911 -1.12206 -319.748 -230.751 256.253 -0.094318
-2.57474 0.0332254 319.82 52.3795 -1020.23 0.0953876 2.71675 -0.263197 -319.82 -95.001 249.233 -0.0953876
-1.59512 -1.08455 319.954 206.29 -733.3 0.0935069 1.79197 0.841133 -319.954 73.8586 239.616 -0.0935069
-0.509451 -2.20086 320.087 361.27 -419.879 0.0884019 0.784095 1.98724 -320.087 247.498 231.047 -0.0884019
0.618607 -3.10059 320.181 484.248 -93.3462 0.0799504 -0.241186 2.95222 -320.181 395.343 218.097 -0.0799504
1.54743 -3.65449 320.294 541.37 226.742 0.0682316 -1.27326 3.44474 -320.294 490.145 183.665 -0.0682316
2.14818 -3.72316 320.329 518.695 515.726 0.0535103 -2.14251 3.43139 -320.329 520.738 109.025 -0.0535103
2.43601 -3.23525 320.417 417.984 756.597 0.0362252 -2.70636 2.98105 -320.417 485.008 -7.37415 -0.0362252
2.51996 -2.21166 320.445 240.628 943.74 0.0170048 -3.02509 2.06867 -320.445 380.973 -135.371 -0.0170048
2.60515 -0.80797 320.388 2.27095 1081.09 -0.00334096 -3.20436 0.689498 -320.388 214.911 -233.814 0.00334096
2.68302 0.84358 320.299 -266.368 1169.29 -0.0238658 -3.35876 -0.921316 -320.299 9.48776 -287.947 0.0238658
2.8418 2.50398 320.215 -525.916 1203.72 -0.0435193 -3.27018 -2.48368 -320.215 -199.243 -312.04 0.0435193
2.93339 3.83444 320.157 -733.604 1188.73 -0.0612111 -3.0299 -3.78633 -320.157 -374.14 -318.654 0.0612111
2.84478 4.46893 320.078 -847.301 1138.68 -0.0759621 -2.82024 -4.64089 -320.078 -476.78 -312.045 0.0759621
2.62973 4.2952 320.028 -825.82 1061.74 -0.0870151 -2.59141 -4.62169 -320.028 -470.201 -299.776 0.0870151
2.24375 3.22684 320.042 -653.118 960.518 -0.0938288 -2.37693 -3.60947 -320.042 -340.559 -286.056 0.0938288
1.82325 1.45658 320.114 -354.717 836.903 -0.0960948 -2.11163 -1.74143 -320.114 -110.273 -262.418 0.0960948
1.47513 -0.562643 320.208 4.61338 692.921 -0.0938221 -1.82459 0.594858 -320.208 163.308 -211.154 0.0938221
1.29661 -2.45849 320.261 337.469 533 -0.0873318 -1.52314 2.66416 -320.261 406.66 -121.501 0.0873318
1.18853 -3.72478 320.301 569.172 359.364 -0.0771143 -1.22287 4.04917 -320.301 560.278 -7.79733 0.0771143
0.793342 -4.18166 320.265 659.659 155.159 -0.063719 -0.859615 4.45208 -320.265 594.814 85.5935 0.063719
0.118384 -3.72043 320.2 602.865 -89.1435 -0.0477495 -0.0939645 3.9444 -320.2 510.921 119.999 0.0477495
-0.910046 -2.58255 320.182 427.486 -360.079 -0.02988 0.85304 2.63993 -320.182 331.518 103.377 0.02988
-1.98763 -1.0905 320.127 188.548 -628.188 -0.010845 1.79313 0.887726 -320.127 99.1536 77.8242 0.010845
-2.81512 0.405451 319.987 -43.0026 -866.135 0.00859329 2.60866 -0.772614 -319.987 -127.822 76.5643 -0.00859329
-3.46955 1.58136 319.936 -205.723 -1066.47 0.0276997 3.14775 -1.87338 -319.936 -295.825 103.032 -0.0276997
-3.95476 2.08484 319.907 -264.463 -1232.04 0.0457843 3.55955 -2.30726 -319.907 -373.215 137.863 -0.0457843
-4.17545 1.92472 319.86 -216.287 -1362.12 0.0621536 3.9893 -2.0155 -319.86 -355.68 173.091 -0.0621536
-4.22088 1.14043 319.827 -81.0966 -1441.59 0.0760898 4.14102 -1.21072 -319.827 -259.942 223.644 -0.0760898
-3.95676 0.00266048 319.843 108.669 -1462.15 0.0869357 4.05736 -0.0359305 -319.843 -113.669 294.548 -0.0869357
-3.49093 -1.35232 319.861 316.021 -1426.73 0.0942043 3.77131 1.19281 -319.861 54.3977 368.301 -0.0942043
-3.02823 -2.5757 319.885 507.331 -1347.46 0.0976171 3.35782 2.41806 -319.885 218.856 416.402 -0.0976171
-2.73346 -3.47752 319.928 647.635 -1239.17 0.0970936 2.90392 3.3931 -319.928 351.223 417.105 -0.0970936
-2.54889 -3.87343 319.963 703.607 -1112.72 0.0927485 2.54132 3.86846 -319.963 421.79 370.493 -0.0927485
-2.33381 -3.55295 320.018 651.158 -971.862 0.0848998 2.26391 3.72567 -320.018 406.861 301.62 -0.0848998
-2.1204 -2.58378 320.006 485.789 -811.491 0.0740727 1.82983 2.81576 -320.006 299.13 235.799 -0.0740727
-1.8102 -0.991901 319.994 224.511 -645.343 0.0609713 1.46196 1.32432 -319.994 112.333 168.672 -0.0609713
-1.40921 0.929277 320.018 -97.9965 -480.591 0.0464139 1.26091 -0.595409 -320.018 -123.313 91.9097 -0.0464139
-1.16414 2.77931 320.002 -424.968 -319.319 0.0312565 0.973374 -2.64428 -320.002 -362.924 8.55366 -0.0312565
-0.941923 4.39352 319.921 -698.617 -157.542 0.016316 0.697129 -4.25112 -319.921 -557.37 -80.2664 -0.016316
-0.643342 5.40416 319.9 -875.739 3.64567 0.00230354 0.469766 -5.25364 -319.9 -672.837 -164.52 -0.00230354
-0.230443 5.72233 319.968 -941.535 174.555 -0.0102003 0.0994536 -5.54902 -319.968 -696.263 -221.154 0.0102003
0.360982 5.31137 320.01 -891.784 359.337 -0.0207507 -0.449736 -5.13561 -320.01 -626.301 -239.782 0.0207507
1.06257 4.19895 320.023 -737.351 548.352 -0.029061 -1.10963 -4.12646 -320.023 -472.535 -230.605 0.029061
1.77117 2.53303 320.154 -496.453 730.471 -0.0350021 -1.784 -2.60275 -320.154 -250.041 -211.458 0.0350021
2.41519 0.630426 320.287 -204.365 893.447 -0.0385906 -2.3896 -0.692686 -320.287 11.7955 -192.592 0.0385906
2.96136 -1.26971 320.353 86.7213 1029.19 -0.0400118 -2.92469 1.18222 -320.353 269.176 -171.016 0.0400118
3.36049 -2.7235 320.392 319.701 1129.95 -0.0395866 -3.40892 2.73846 -320.392 473.524 -143.293 0.0395866
3.63118 -3.52657 320.416 448.762 1184.72 -0.0376387 -3.69988 3.59119 -320.416 585.036 -116.394 0.0376387
3.69346 -3.53168 320.396 450.373 1183.29 -0.0344207 -3.73385 3.58897 -320.396 583.851 -101.014 0.0344207
3.55901 -2.76615 320.329 330.564 1125.36 -0.0301497 -3.48522 2.78318 -320.329 475.368 -98.8563 0.0301497
3.19421 -1.49042 320.248 123.523 1019.68 -0.0250263 -3.08933 1.3497 -320.248 288.799 -103.892 0.0250263
2.66343 0.0825837 320.198 -119.15 874.705 -0.0192115 -2.56273 -0.261855 -320.198 68.8079 -112.811 0.0192115
2.05706 1.58511 320.123 -343.249 701.234 -0.0128387 -1.90927 -1.73104 -320.123 -138.821 -122.711 0.0128387
1.34485 2.78244 320.044 -508.159 513.554 -0.00606291 -1.29639 -2.78301 -320.044 -300.668 -127.931 0.00606291
0.651511 3.41642 320.002 -591.314 319.018 0.000899288 -0.665089 -3.38548 -320.002 -397.101 -126.27 -0.000899288
0.0550689 3.52929 320.006 -585.93 128.991 0.00776632 -0.068203 -3.39856 -320.006 -420.715 -110.071 -0.00776632
-0.454914 3.14755 319.996 -501.568 -49.1666 0.0142226 0.390201 -2.91527 -319.996 -379.318 -73.0806 -0.0142226
-0.766833 2.26794 319.998 -356.24 -213.986 0.0199449 0.840272 -2.16368 -319.998 -287.564 -19.4385 -0.0199449
-0.954479 1.21821 320.021 -171.997 -355.295 0.0246069 1.17233 -1.07953 -320.021 -161.693 45.9207 -0.0246069
-1.1415 0.139448 320.054 20.0848 -471.716 0.0279011 1.33849 0.0967469 -320.054 -26.0629 110.64 -0.0279011
-1.26787 -0.821404 320.081 183.439 -569.686 0.0295907 1.55868 1.05963 -320.081 90.1432 157.949 -0.0295907
-1.39417 -1.45579 320.047 290.311 -643.965 0.0295547 1.75172 1.67873 -320.047 165.433 185.613 -0.0295547
-1.67368 -1.72852 320.034 331.907 -693.987 0.0278059 1.76166 1.87825 -320.034 192.473 193.454 -0.0278059
-1.92671 -1.61392 320.04 312.472 -729.445 0.0245001 1.87958 1.73312 -320.04 174.178 174.971 -0.0245001
-2.20845 -1.20546 320.015 243.351 -753.597 0.0199295 2.01581 1.28236 -320.015 118.452 138.413 -0.0199295
-2.448 -0.592334 319.97 141.374 -763.028 0.01448 2.08864 0.633147 -319.97 37.0074 102.512 -0.01448
-2.47017 0.158556 319.952 25.5579 -755.278 0.00858246 2.16795 -0.0511395 -319.952 -55.7143 80.0822 -0.00858246
-2.43134 0.847657 319.934 -85.8395 -730.895 0.00269698 2.09399 -0.740503 -319.934 -144.616 72.163 -0.00269698
-2.22072 1.35031 319.911 -172.844 -692.54 -0.0026954 2.06224 -1.2966 -319.911 -211.458 69.1182 0.0026954
-1.97087 1.49149 319.904 -210.694 -638.333 -0.00714317 1.96476 -1.57793 -319.904 -235.016 65.5012 0.00714317
-1.66827 1.24986 319.93 -183.075 -561.357 -0.0103097 1.75352 -1.39487 -319.93 -200.956 63.35 0.0103097
-1.33639 0.619713 319.969 -91.4698 -459.752 -0.0120243 1.40006 -0.769883 -319.969 -110.227 61.5348 0.0120243
-1.00157 -0.315829 320.03 44.6982 -341.522 -0.0122647 0.971209 0.131924 -320.03 20.5269 54.5164 0.0122647
-0.621194 -1.21444 320.106 190.73 -213.617 -0.0111181 0.560892 1.2087 -320.106 161.469 41.7778 0.0111181
-0.163886 -1.9195 320.177 300.93 -79.1627 -0.00875251 0.150008 2.02839 -320.177 272.766 33.7616 0.00875251
0.371501 -2.20264 320.203 338.945 62.3604 -0.00538474 -0.319653 2.34709 -320.203 322.147 38.5594 0.00538474
0.942115 -1.86658 320.209 284.915 202.206 -0.00123541 -0.762175 2.12068 -320.209 294.406 46.2122 0.00123541
1.39643 -1.03093 320.213 140.792 330.189 0.00350349 -1.12896 1.26245 -320.213 192.364 37.8397 -0.00350349
1.69275 0.258208 320.204 -72.3403 440.423 0.00865533 -1.34704 -0.00508953 -320.204 33.9677 2.67109 -0.00865533
1.89801 1.7994 320.19 -323.481 540.901 0.0140185 -1.46696 -1.49133 -320.19 -154.822 -50.2234 -0.0140185
2.03216 3.32574 320.145 -576.304 639.365 0.0193462 -1.64598 -3.01639 -320.145 -345.41 -102.857 -0.0193462
2.12594 4.61638 320.109 -791.337 734.171 0.024357 -1.87732 -4.31178 -320.109 -506.168 -150.119 -0.024357
2.24834 5.4666 320.079 -935.002 818.171 0.0287529 -2.01844 -5.15805 -320.079 -609.041 -195.557 -0.0287529
2.31573 5.71716 320.086 -985.745 889.957 0.0322138 -2.17984 -5.4482 -320.086 -636.896 -233.877 -0.0322138
2.37014 5.36247 320.073 -937.743 947.657 0.0343828 -2.35866 -5.12145 -320.073 -585.913 -257.533 -0.0343828
2.52783 4.49581 320.075 -802.807 989.125 0.0349016 -2.46793 -4.24181 -320.075 -467.128 -260.136 -0.0349016
2.72764 3.28979 320.135 -608.437 1015.11 0.0334847 -2.61263 -2.99452 -320.135 -305.039 -236.072 -0.0334847
2.85227 1.95599 320.18 -394.274 1019.16 0.0299743 -2.79192 -1.65938 -320.18 -131.4 -196.056 -0.0299743
2.83577 0.743957 320.178 -197.599 986.072 0.0243674 -2.80351 -0.446867 -320.178 24.2277 -163.826 -0.0243674
2.61077 -0.219093 320.201 -47.2343 909.181 0.0168408 -2.60642 0.405904 -320.201 137.728 -148.464 -0.0168408
2.28739 -0.867522 320.234 46.0375 797.994 0.00776231 -2.24756 0.826965 -320.234 199.892 -136.67 -0.00776231
1.99334 -1.15567 320.198 92.3698 667.143 -0.00234769 -1.8354 0.9798 -320.198 217.684 -108.755 0.00234769
1.69672 -1.18525 320.188 106.784 528.535 -0.0128707 -1.50626 0.961191 -320.188 204.925 -61.4425 0.0128707
1.38765 -1.09239 320.205 105.245 383.234 -0.0231106 -1.14115 0.854683 -320.205 177.56 -14.4937 0.0231106
0.984036 -0.822908 320.15 93.6345 227.051 -0.0323416 -0.667617 0.805637 -320.15 142.951 13.8558 0.0323416
0.40247 -0.464816 320.101 65.415 64.7874 -0.0399162 -0.200933 0.648835 -320.101 96.4156 23.4498 0.0399162
-0.184666 -0.0484858 320.104 14.4085 -94.6979 -0.0453278 0.313719 0.273903 -320.104 32.5072 22.5118 0.0453278
-0.696194 0.42809 320.075 -52.2853 -243.948 -0.0481986 0.835204 -0.228904 -320.075 -43.051 21.355 0.0481986
-1.16248 0.904483 320.004 -118.816 -375.367 -0.0482803 1.23609 -0.718283 -320.004 -116.799 26.4914 0.0482803
-1.55738 1.30199 319.967 -171.868 -487.981 -0.0454964 1.5793 -1.09922 -319.967 -176.814 31.6143 0.0454964
-1.89472 1.54695 319.965 -203.858 -583.935 -0.039971 1.91484 -1.34547 -319.965 -216.164 29.603 0.039971
-2.12074 1.6091 319.934 -210.725 -655.192 -0.0320174 2.2065 -1.43386 -319.934 -231.148 25.4965 0.0320174
-2.22573 1.47648 319.909 -189.022 -692.514 -0.0221056 2.32939 -1.33298 -319.909 -218.91 29.6197 0.0221056
-2.17161 1.10425 319.924 -135.726 -691.626 -0.0108139 2.28362 -1.0465 -319.924 -176.492 43.2198 0.0108139
-1.96446 0.550689 319.953 -51.9191 -653.994 0.00122358 2.11902 -0.522515 -319.953 -103.743 59.6454 -0.00122358
-1.64742 -0.0655069 319.987 49.2398 -581.397 0.0133336 1.83328 0.192412 -319.987 -11.5121 74.7483 -0.0133336
-1.23202 -0.690683 320.014 142.451 -476.878 0.024796 1.43953 0.829966 -320.014 78.7182 87.9857 -0.024796
-0.73198 -1.07915 320.065 201.898 -345.84 0.0348862 0.967204 1.30341 -320.065 144.465 98.4826 -0.0348862
-0.193318 -1.13117 320.124 206.025 -197.278 0.0429815 0.455956 1.43308 -320.124 166.688 102.781 -0.0429815
0.282897 -0.852101 320.138 144.127 -41.667 0.0486318 -0.071874 1.08296 -320.138 137.11 93.4145 -0.0486318
0.663999 -0.288618 320.131 29.4266 111.539 0.0515635 -0.540618 0.367887 -320.131 65.9779 64.0808 -0.0515635
0.993727 0.494161 320.146 -111.66 253.882 0.0516741 -0.874809 -0.453856 -320.146 -26.131 18.6054 -0.0516741
1.30195 1.28082 320.161 -251.15 387.423 0.0490271 -1.18252 -1.26698 -320.161 -119.146 -25.0581 -0.0490271
1.64845 1.93215 320.162 -368.213 518.423 0.0438344 -1.54442 -1.94791 -320.162 -195.71 -52.7882 -0.0438344
1.98792 2.33603 320.144 -440.742 638.296 0.0364469 -1.90802 -2.33442 -320.144 -238.068 -70.217 -0.0364469
2.25426 2.40272 320.151 -457.918 736.357 0.0273483 -2.18235 -2.37672 -320.151 -236.767 -89.4776 -0.0273483
2.41879 2.1143 320.172 -419.807 808.782 0.0171075 -2.35886 -2.09477 -320.172 -192.034 -112.163 -0.0171075
2.52558 1.54583 320.188 -336.085 857.941 0.00629886 -2.47942 -1.5455 -320.188 -113.372 -128.169 -0.00629886
2.6212 0.801156 320.204 -223.691 885.308 -0.00454328 -2.56939 -0.845608 -320.204 -15.8832 -128.525 0.00454328
2.71434 0.0288271 320.227 -102.704 889.857 -0.0149143 -2.60873 -0.0995305 -320.227 83.7528 -113.854 0.0149143
2.7151 -0.685122 320.241 7.69121 867.977 -0.0243233 -2.59092 0.543568 -320.241 170.547 -94.5431 0.0243233
2.58135 -1.19688 320.237 93.0625 815.105 -0.0323171 -2.44156 1.05301 -320.237 233.575 -82.9466 0.0323171
2.32037 -1.40319 320.232 139.852 732.794 -0.0385209 -2.1491 1.36292 -320.232 261.819 -81.228 0.0385209
1.93059 -1.33536 320.225 137.117 627.833 -0.0426528 -1.8035 1.30612 -320.225 246.481 -83.3287 0.0426528
1.48186 -0.910873 320.208 84.6786 506.605 -0.044518 -1.39906 0.966057 -320.208 187.872 -86.3085 0.044518
1.01404 -0.240585 320.169 -7.74215 374.199 -0.0440013 -0.925824 0.354703 -320.169 94.1168 -90.9019 0.0440013
0.516401 0.541232 320.1 -123.759 235.188 -0.0410713 -0.43117 -0.448115 -320.1 -20.0645 -96.3467 0.0410713
0.0297719 1.35253 320.059 -239.261 97.1107 -0.0358059 0.0508453 -1.21827 -320.059 -134.297 -99.2906 0.0358059
-0.394673 1.94582 320.03 -329.798 -31.9026 -0.0284196 0.49709 -1.89354 -320.03 -228.037 -97.06 0.0284196
-0.751403 2.26503 319.982 -374.289 -146.097 -0.0192632 0.860212 -2.25406 -319.982 -282.268 -87.7158 0.0192632
-0.999251 2.24219 319.953 -360.702 -239.188 -0.00879511 1.123 -2.21129 -319.953 -286.286 -69.0516 0.00879511
-1.11429 1.82658 319.967 -290.478 -306.404 0.0024431 1.26728 -1.83117 -319.967 -240.859 -39.7159 -0.0024431
-1.14397 1.14159 319.988 -174.593 -347.469 0.0138411 1.2652 -1.12731 -319.988 -154.924 -2.82767 -0.0138411
-1.12479 0.289408 320.011 -34.0226 -367.992 0.0247553 1.1796 -0.258631 -320.011 -45.4376 32.7968 -0.0247553
-1.04822 -0.605341 320.048 106.645 -373.768 0.0345657 1.0969 0.589628 -320.048 67.1619 61.6357 -0.0345657
-0.948609 -1.36555 320.086 226.101 -366.308 0.0427273 0.969399 1.3188 -320.086 164.116 87.1325 -0.0427273
-0.775205 -1.86698 320.109 306.329 -345.506 0.0488108 0.81514 1.82232 -320.109 229.905 113.927 -0.0488108
-0.543049 -2.0409 320.108 335.487 -313.916 0.0525331 0.646187 2.0173 -320.108 254.345 140.634 -0.0525331
-0.353481 -1.8722 320.113 309.314 -276.652 0.0537745 0.453382 1.86822 -320.113 234.337 158.978 -0.0537745
-0.207108 -1.40848 320.116 233.183 -239.365 0.0525765 0.34272 1.40299 -320.116 175.482 159.126 -0.0525765
-0.14902 -0.725637 320.091 122.108 -203.105 0.0491177 0.280923 0.733735 -320.091 90.0802 140.407 -0.0491177
-0.16655 0.0539536 320.065 -5.38747 -165.764 0.0436809 0.213717 -0.0336941 -320.065 -7.22501 110.431 -0.0436809
-0.142927 0.775741 320.057 -128.038 -125.467 0.0366262 0.185338 -0.791524 -320.057 -99.583 77.8464 -0.0366262
-0.0767768 1.26711 320.048 -220.816 -79.3628 0.0283662 0.117746 -1.40261 -320.048 -167.013 51.3299 -0.0283662
0.0212047 1.45635 320.037 -259.923 -27.0805 0.0193374 -0.0193447 -1.63984 -320.037 -189.894 33.3511 -0.0193374
0.186128 1.20129 320.051 -231.194 28.8273 0.00996294 -0.152002 -1.46588 -320.051 -156.309 20.8207 -0.00996294
0.417984 0.522855 320.09 -133.042 89.3414 0.00061817 -0.298507 -0.841113 -320.09 -65.1304 15.4119 -0.00061817
0.673053 -0.435132 320.145 20.38 157.607 -0.00838699 -0.548831 0.194297 -320.145 71.0631 20.6987 0.00838699
0.961667 -1.459 320.188 192.403 227.684 -0.0168119 -0.809451 1.39557 -320.188 222.328 30.5382 0.0168119
1.23131 -2.37685 320.225 337.946 292.744 -0.0244772 -1.02439 2.37007 -320.225 351.719 36.0021 0.0244772
1.41222 -2.91098 320.262 421.349 348.609 -0.0312391 -1.19467 2.94585 -320.262 429.565 31.2828 0.0312391
1.41817 -2.92648 320.265 421.643 388.973 -0.0369616 -1.31898 2.99495 -320.265 438.636 9.97019 0.0369616
1.32754 -2.47186 320.244 336.497 408.668 -0.0415054 -1.26794 2.43734 -320.244 376.688 -30.1859 0.0415054
1.15719 -1.56551 320.216 184.806 411.212 -0.0447255 -1.12733 1.48206 -320.216 257.872 -77.805 0.0447255
0.97192 -0.417898 320.181 -2.41214 404.918 -0.0464701 -0.999369 0.301474 -320.181 106.799 -116.945 0.0464701
0.836318 0.668939 320.136 -184.844 392.067 -0.0465903 -0.869604 -0.902865 -320.136 -43.6769 -142.611 0.0465903
0.725567 1.59347 320.086 -324.785 374.189 -0.0449571 -0.762511 -1.75083 -320.086 -161.275 -156.383 0.0449571
0.66904 2.16401 320.062 -401.634 352.876 -0.0414922 -0.648659 -2.1688 -320.062 -228.047 -159.858 0.0414922
0.633346 2.21917 320.057 -410.652 330.956 -0.0362151 -0.589114 -2.25714 -320.057 -239.87 -151.835 0.0362151
0.648971 1.85201 320.062 -352.358 310.904 -0.0292703 -0.57073 -1.92571 -320.062 -196.648 -132.269 0.0292703
0.706351 1.12169 320.082 -235.015 292.815 -0.0209064 -0.585582 -1.21828 -320.082 -105.074 -103.788 0.0209064
0.767403 0.181615 320.115 -81.0317 275.261 -0.0114557 -0.634265 -0.261869 -320.115 16.5156 -70.406 0.0114557
0.820588 -0.801641 320.156 78.9835 254.646 -0.00133582 -0.669513 0.722346 -320.156 142.387 -37.0637 0.00133582
0.800488 -1.61715 320.18 212.508 227.915 0.00897498 -0.703213 1.53839 -320.18 245.941 -8.47923 -0.00897498
0.732564 -2.06886 320.19 293.298 191.492 0.0190016 -0.65835 2.05204 -320.19 305.433 11.4338 -0.0190016
0.599418 -2.10096 320.192 304.083 144.831 0.0283246 -0.552155 2.1003 -320.192 306.344 23.1975 -0.0283246
0.399935 -1.70825 320.175 244.225 89.2944 0.0365936 -0.411302 1.68012 -320.175 248.111 29.1609 -0.0365936
0.228297 -0.936429 320.139 128.289 27.7197 0.0435314 -0.183348 0.929705 -320.139 142.891 32.5518 -0.0435314
0.0796288 0.0464464 320.103 -20.4117 -31.5498 0.0489416 0.026468 -0.02836 -320.103 9.59907 39.6102 -0.0489416
-0.107463 1.09915 320.059 -177.146 -85.5758 0.0527012 0.149406 -1.01847 -320.059 -130.463 48.4727 -0.0527012
-0.278666 2.04632 320.02 -318.921 -138.402 0.0547452 0.333439 -1.91552 -320.02 -256.632 49.5834 -0.0547452
-0.447041 2.77256 319.983 -426.435 -186.696 0.0550643 0.529552 -2.58898 -319.983 -352.478 44.8341 -0.0550643
-0.576512 3.20555 319.96 -487.432 -223.173 0.0536993 0.649567 -2.96138 -319.96 -408.489 44.9893 -0.0536993
-0.604875 3.20121 319.953 -493.486 -243.758 0.0507237 0.691835 -3.0723 -319.953 -417.911 55.2508 -0.0507237
-0.561427 2.79665 319.961 -436.022 -249.453 0.0462469 0.663029 -2.77301 -319.961 -373.1 71.398 -0.0462469
-0.48438 2.06097 319.986 -317.125 -243.073 0.0404294 0.594263 -2.01492 -319.986 -274.954 86.1782 -0.0404294
-0.368431 1.00576 320.026 -154.37 -226.352 0.0334662 0.522066 -1.00766 -320.026 -138.038 96.7948 -0.0334662
-0.220665 -0.169483 320.073 27.5758 -197.552 0.0255556 0.405696 0.133739 -320.073 16.6139 106.398 -0.0255556
-0.0471382 -1.26279 320.118 201.078 -157.06 0.0169166 0.238773 1.26217 -320.118 165.915 115.426 -0.0169166
0.0847094 -2.16653 320.159 338.979 -110.98 0.00782795 0.0508174 2.14367 -320.159 287.392 115.896 -0.00782795
0.173161 -2.71395 320.18 420.316 -66.2456 -0.00138031 -0.0518046 2.68206 -320.18 363.8 99.0405 0.00138031
0.215241 -2.81532 320.182 432.323 -24.3279 -0.0103641 -0.079889 2.8043 -320.182 384.26 67.4616 0.0103641
0.245907 -2.47076 320.175 371.873 19.1778 -0.0187882 -0.106732 2.46306 -320.175 345.04 32.4733 0.0187882
0.287127 -1.73013 320.158 248.377 66.0496 -0.0263263 -0.158061 1.7227 -320.158 253.326 -0.778342 0.0263263
0.311772 -0.726505 320.129 82.7832 113.548 -0.032655 -0.20841 0.71911 -320.129 127.248 -37.1961 0.032655
0.286668 0.353338 320.099 -95.496 157.503 -0.0374713 -0.224738 -0.363976 -320.099 -8.77011 -82.2328 0.0374713
0.258085 1.31538 320.081 -255.666 199.685 -0.0405421 -0.211363 -1.33756 -320.081 -129.873 -130.317 0.0405421
0.290236 2.0018 320.067 -370.924 246.788 -0.0417513 -0.254951 -2.03023 -320.067 -215.019 -166.234 0.0417513
0.437424 2.32623 320.061 -425.181 304.073 -0.0411139 -0.410235 -2.32828 -320.061 -251.231 -179.417 0.0411139
0.665102 2.25341 320.073 -414.715 367.541 -0.0387556 -0.655279 -2.21768 -320.073 -235.066 -174.075 0.0387556
0.903547 1.80834 320.099 -347.279 427.552 -0.0348923 -0.905196 -1.76784 -320.099 -172.491 -163.027 0.0348923
1.1082 1.10946 320.126 -239.501 476.92 -0.029831 -1.11105 -1.07098 -320.126 -77.4845 -152.675 0.029831
1.28365 0.261351 320.16 -112.12 514.328 -0.0239563 -1.29056 -0.290952 -320.16 31.6914 -138.466 0.0239563
1.45185 -0.545514 320.203 13.8792 540.121 -0.0176783 -1.46582 0.491757 -320.203 136.652 -114.357 0.0176783
1.5959 -1.20035 320.218 118.444 550.148 -0.0113794 -1.60954 1.13331 -320.218 220.455 -82.6178 0.0113794
1.6572 -1.62184 320.224 185.844 537.63 -0.00537975 -1.6715 1.51948 -320.224 270.42 -52.2796 0.00537975
1.60295 -1.68255 320.225 205.787 498.95 8.69582e-05 -1.61588 1.65179 -320.225 278.542 -29.6889 -8.69582e-05
1.46007 -1.39788 320.212 172.228 436.022 0.00488426 -1.43945 1.43932 -320.212 239.893 -13.3155 -0.00488426
1.24648 -0.827736 320.185 89.2889 355.184 0.00896485 -1.20535 0.871981 -320.185 157.591 2.28263 -0.00896485
0.977888 -0.0179843 320.145 -27.4703 260.119 0.0123663 -0.926256 0.104884 -320.145 45.2744 17.5492 -0.0123663
0.651641 0.876 320.099 -156.815 153.583 0.0152088 -0.595763 -0.742334 -320.099 -78.3345 28.4292 -0.0152088
0.257245 1.70264 320.071 -276.813 39.8996 0.0176594 -0.237769 -1.54272 -320.071 -194.7 32.5524 -0.0176594
-0.147733 2.31208 320.025 -367.759 -76.249 0.0198806 0.161251 -2.19213 -320.025 -286.624 31.6424 -0.0198806
-0.526321 2.63378 319.995 -412.15 -187.838 0.0220005 0.536341 -2.53722 -319.995 -339.079 33.4873 -0.0220005
-0.820655 2.61833 319.978 -401.07 -285.906 0.0240979 0.832792 -2.5146 -319.978 -344.592 45.4831 -0.0240979
-1.02527 2.21907 319.976 -335.065 -366.944 0.0261954 1.04189 -2.17393 -319.976 -303.053 66.1924 -0.0261954
-1.17565 1.50816 319.984 -220.842 -432.145 0.0282715 1.19077 -1.52184 -319.984 -219.206 87.7215 -0.0282715
-1.28163 0.621648 320.008 -73.9935 -482.787 0.0302612 1.31298 -0.615691 -320.008 -105.561 105.052 -0.0302612
-1.34562 -0.343475 320.038 81.5064 -517.069 0.0320445 1.38675 0.33762 -320.038 17.6988 119.206 -0.0320445
-1.34823 -1.21508 320.065 219.224 -532.053 0.0334633 1.39236 1.17977 -320.065 128.996 132.925 -0.0334633
-1.32128 -1.82649 320.063 318.957 -529.787 0.0343634 1.33601 1.82258 -320.063 211.501 142.741 -0.0343634
-1.29186 -2.11559 320.071 364.479 -515.758 0.0346267 1.27875 2.12437 -320.071 251.829 141.335 -0.0346267
-1.24509 -2.0337 320.077 348.271 -492.31 0.034175 1.26256 2.03888 -320.077 243.705 127.11 -0.034175
-1.18328 -1.58033 320.057 273.655 -456.55 0.03296 1.22074 1.60384 -320.057 189.219 106.526 -0.03296
-1.08691 -0.843445 320.036 152.569 -406.414 0.030964 1.12645 0.880716 -320.036 98.1449 84.2514 -0.030964
-0.944902 0.0476908 320.043 5.70904 -344.676 0.0282145 1.02035 -0.00199504 -320.043 -12.7598 58.7554 -0.0282145
-0.802622 0.928425 320.015 -142.491 -271.611 0.0247891 0.874157 -0.897146 -320.015 -122.626 27.831 -0.0247891
-0.650599 1.62893 319.987 -266.06 -188.037 0.0207944 0.696375 -1.64597 -319.987 -209.682 -7.56848 -0.0207944
-0.440725 2.04957 320.001 -343.152 -93.065 0.0163402 0.48491 -2.07778 -320.001 -256.49 -41.0515 -0.0163402
-0.18077 2.09455 320.031 -361.521 12.4491 0.0115298 0.182524 -2.14208 -320.031 -254.041 -64.5881 -0.0115298
0.161772 1.76768 320.051 -319.914 125.293 0.00646214 -0.176586 -1.828 -320.051 -202.559 -75.2245 -0.00646214
0.55443 1.21734 320.088 -232.288 239.815 0.00123734 -0.567085 -1.16618 -320.088 -114.102 -75.7165 -0.00123734
0.944228 0.513121 320.151 -124.963 348.244 -0.00404083 -0.954207 -0.422166 -320.151 -11.0363 -71.0464 0.00404083
1.28799 -0.142048 320.184 -26.6772 442.702 -0.00926192 -1.28665 0.245471 -320.184 82.848 -67.0676 0.00926192
1.54541 -0.564299 320.206 39.4005 517.471 -0.0142994 -1.54447 0.725545 -320.206 147.851 -66.821 0.0142994
1.70996 -0.740928 320.231 58.4105 569.3 -0.0190004 -1.70454 0.840214 -320.231 171.147 -71.3683 0.0190004
1.77314 -0.614466 320.224 30.4726 595.812 -0.0231839 -1.75934 0.647679 -320.224 152.723 -80.6629 0.0231839
1.73144 -0.210226 320.2 -33.3756 597.98 -0.0266524 -1.73327 0.260854 -320.2 101.627 -92.6444 0.0266524
1.59854 0.307849 320.178 -117.443 576.822 -0.0292144 -1.63229 -0.288229 -320.178 30.6424 -105.482 0.0292144
1.4144 0.836747 320.153 -201.314 535.025 -0.0306989 -1.45316 -0.845341 -320.153 -43.2713 -116.526 0.0306989
1.19489 1.28434 320.123 -265.118 477.596 -0.0309729 -1.24426 -1.25227 -320.123 -103.608 -121.451 0.0309729
0.965364 1.51326 320.093 -295.894 408.499 -0.0299662 -1.03004 -1.48113 -320.093 -139.323 -116.98 0.0299662
0.765035 1.49333 320.09 -287.221 332.022 -0.0276835 -0.808017 -1.47607 -320.09 -144.335 -102.061 0.0276835
0.574023 1.22392 320.086 -238.087 250.629 -0.0241989 -0.607953 -1.22163 -320.086 -117.319 -77.7162 0.0241989
0.381758 0.749457 320.084 -154.917 164.365 -0.0196549 -0.417741 -0.753464 -320.084 -63.4885 -47.2756 0.0196549
0.180993 0.147179 320.1 -51.2005 72.7531 -0.0142578 -0.212403 -0.163133 -320.1 6.11937 -14.9335 0.0142578
-0.0325092 -0.480288 320.111 55.7193 -21.9812 -0.00825686 -0.00119375 0.438591 -320.111 77.8399 17.8193 0.00825686
-0.245854 -1.00399 320.117 149.249 -117.2 -0.00191752 0.215533 0.97474 -320.117 138.345 50.2767 0.00191752
-0.464987 -1.32816 320.119 213.437 -211.639 0.00450196 0.43794 1.34329 -320.119 174.85 80.2964 -0.00450196
-0.702335 -1.42264 320.117 237.229 -305.088 0.010768 0.677244 1.4397 -320.117 178.832 104.244 -0.010768
-0.959637 -1.25481 320.104 218.817 -395.309 0.016683 0.936497 1.2767 -320.104 149.21 119.194 -0.016683
-1.22422 -0.891791 320.073 165.896 -478.958 0.0220926 1.20861 0.886676 -320.073 92.744 124.68 -0.0220926
-1.47053 -0.402044 320.028 92.3137 -550.375 0.026886 1.46213 0.380221 -320.028 21.6033 123.33 -0.026886
-1.67586 0.111982 319.998 14.6485 -604.642 0.0309882 1.66152 -0.133883 -319.998 -50.1001 118.694 -0.0309882
-1.81622 0.538308 319.981 -51.6716 -638.356 0.0343488 1.79378 -0.571728 -319.981 -109.333 112.742 -0.0343488
-1.87989 0.832204 319.954 -95.4039 -650.536 0.0369344 1.85961 -0.835163 -319.954 -146.578 106.096 -0.0369344
-1.87066 0.931589 319.938 -111.569 -640.71 0.0387244 1.84561 -0.923324 -319.938 -157.667 99.6785 -0.0387244
-1.78485 0.842819 319.949 -100.43 -609.333 0.0397037 1.75386 -0.834623 -319.949 -143.032 94.1766 -0.0397037
-1.62555 0.609259 319.973 -66.6486 -557.858 0.0398562 1.59168 -0.587878 -319.973 -107.044 89.5247 -0.0398562
-1.40325 0.263726 319.986 -19.232 -488.993 0.0391694 1.3702 -0.264985 -319.986 -57.3636 85.2883 -0.0391694
-1.13194 -0.106356 320.012 31.857 -406.008 0.0376447 1.10342 0.0929574 -320.012 -2.70116 80.6674 -0.0376447
-0.835332 -0.432344 320.06 76.3907 -313.356 0.0353032 0.806099 0.420375 -320.06 47.6706 74.5159 -0.0353032
-0.524507 -0.661316 320.088 104.095 -214.354 0.0321884 0.499768 0.640296 -320.088 85.153 65.4111 -0.0321884
-0.215695 -0.722847 320.103 107.183 -113.467 0.0283705 0.202982 0.724178 -320.103 103.155 52.7554 -0.0283705
0.0745041 -0.611375 320.123 81.8975 -13.6541 0.0239506 -0.0820476 0.625675 -320.123 97.894 36.7679 -0.0239506
0.339111 -0.334312 320.14 29.4798 82.5675 0.0190609 -0.343619 0.349115 -320.14 69.8331 17.2442 -0.0190609
0.553895 0.0768682 320.133 -43.535 170.436 0.013863 -0.567453 -0.0567668 -320.133 24.0935 -6.65557 -0.013863
0.726952 0.538719 320.126 -126.359 247.866 0.00854221 -0.742353 -0.542073 -320.126 -30.7367 -33.3053 -0.00854221
0.866266 0.983556 320.129 -204.052 314.14 0.00329186 -0.880998 -0.993873 -320.129 -83.3541 -58.9936 -0.00329186
0.988227 1.34112 320.12 -265.055 370.589 -0.00170356 -1.0065 -1.33683 -320.12 -124.163 -79.3221 0.00170356
1.10048 1.5506 320.112 -300.792 416.629 -0.00627604 -1.1169 -1.524 -320.112 -146.075 -92.883 0.00627604
1.1916 1.57298 320.117 -307.212 450.94 -0.0102773 -1.20839 -1.54349 -320.117 -145.754 -100.574 0.0102773
1.24983 1.41682 320.121 -283.535 471.413 -0.0135858 -1.26909 -1.37861 -320.121 -122.793 -103.719 0.0135858
1.26939 1.09958 320.125 -233.97 477.19 -0.0161193 -1.29826 -1.06601 -320.125 -80.8454 -102.412 0.0161193
1.25663 0.670833 320.14 -166.386 468.072 -0.0178429 -1.29167 -0.656163 -320.14 -26.5774 -96.144 0.0178429
1.21413 0.216602 320.161 -91.6739 444.571 -0.0187618 -1.25111 -0.198792 -320.161 31.1764 -84.7908 0.0187618
1.1317 -0.203339 320.162 -21.8136 406.025 -0.018911 -1.17144 0.215286 -320.162 82.5156 -69.9143 0.018911
0.994869 -0.523718 320.164 33.2401 351.487 -0.0183456 -1.03903 0.525563 -320.164 119.118 -54.648 0.0183456
0.799861 -0.694361 320.162 66.0069 281.44 -0.0171324 -0.845829 0.69151 -320.162 135.285 -41.1848 0.0171324
0.554224 -0.703876 320.152 73.962 197.796 -0.0153455 -0.596782 0.695048 -320.152 129.259 -29.6191 0.0153455
0.26902 -0.563747 320.128 59.1888 104.183 -0.0130644 -0.311799 0.552688 -320.128 103.021 -19.0698 0.0130644
-0.0355586 -0.31467 320.106 27.7043 4.85224 -0.0103711 -0.006918 0.303276 -320.106 62.1133 -8.51912 0.0103711
-0.332015 -0.0229101 320.09 -10.4773 -94.3225 -0.007346 0.300049 0.00750746 -320.09 14.9646 2.74955 0.007346
-0.618196 0.250344 320.061 -45.8598 -190.494 -0.00406801 0.595384 -0.267702 -320.061 -29.3079 14.2047 0.00406801
-0.879171 0.437693 320.039 -68.1691 -279.046 -0.000620344 0.859224 -0.456345 -320.039 -61.5961 26.2931 0.000620344
-1.09534 0.495459 320.024 -70.8015 -356.072 0.00290087 1.07975 -0.51618 -320.024 -76.0207 39.6803 -0.00290087
-1.25355 0.405312 320.018 -50.9756 -418.058 0.0063868 1.24413 -0.427654 -320.018 -69.8601 54.6336 -0.0063868
-1.35448 0.180219 320.017 -10.6095 -464.03 0.00972513 1.34713 -0.201835 -320.017 -44.6895 70.8428 -0.00972513
-1.40149 -0.135501 320.019 43.4667 -493.589 0.012804 1.39349 0.121255 -320.019 -5.93352 86.7401 -0.012804
-1.39964 -0.484698 320.026 101.122 -507.207 0.0155156 1.39459 0.472905 -320.026 38.2508 100.408 -0.0155156
-1.35108 -0.79623 320.038 151.238 -505.301 0.0177682 1.35961 0.786134 -320.038 78.9143 110.622 -0.0177682
-1.2632 -1.01161 320.04 184.818 -488.464 0.0194979 1.28972 1.00501 -320.04 108.427 116.729 -0.0194979
-1.14966 -1.09159 320.044 195.283 -457.501 0.0206731 1.18197 1.08528 -320.044 121.236 117.982 -0.0206731
-1.01694 -1.01798 320.053 180.137 -414.039 0.0212963 1.05095 1.01342 -320.053 115.23 112.943 -0.0212963
-0.878192 -0.798933 320.063 140.646 -360.336 0.0214052 0.903803 0.796096 -320.063 91.2955 100.918 -0.0214052
-0.724244 -0.46881 320.063 82.3819 -298.188 0.0210682 0.751719 0.464365 -320.063 53.367 83.4067 -0.0210682
-0.552502 -0.0712311 320.06 12.81 -227.102 0.0203713 0.570711 0.0668664 -320.06 7.38559 63.7687 -0.0203713
-0.356985 0.33708 320.062 -58.9732 -148.406 0.0194066 0.35961 -0.340509 -320.062 -39.3814 44.3637 -0.0194066
-0.139974 0.69983 320.074 -124.02 -65.5963 0.018267 0.139994 -0.70292 -320.074 -79.7321 25.2138 -0.018267
0.0927561 0.967831 320.073 -174.148 19.0047 0.0170391 -0.0841498 -0.970738 -320.073 -107.492 7.21476 -0.0170391
0.327953 1.10853 320.077 -204.237 103.441 0.0157894 -0.321378 -1.11455 -320.077 -118.774 -8.36689 -0.0157894
0.562446 1.10012 320.101 -210.93 184.496 0.0145539 -0.553471 -1.11967 -320.101 -111.634 -21.4296 -0.0145539
0.787432 0.95844 320.119 -195.018 259.417 0.0133387 -0.769101 -0.982704 -320.119 -87.0893 -32.151 -0.0133387
0.988182 0.723294 320.126 -161.935 325.759 0.012129 -0.967888 -0.732456 -320.126 -49.6701 -40.2872 -0.012129
1.15399 0.43994 320.144 -120.433 380.826 0.0108895 -1.13573 -0.435168 -320.144 -6.82727 -46.7496 -0.0108895
1.27376 0.164813 320.165 -80.4018 421.92 0.0095678 -1.25537 -0.160686 -320.165 32.9829 -52.9628 -0.0095678
1.33542 -0.0379108 320.172 -50.1783 447.19 0.00811455 -1.32189 0.0485363 -320.172 62.6039 -59.5452 -0.00811455
1.3411 -0.13039 320.17 -36.0697 455.895 0.00650072 -1.3309 0.149571 -320.17 76.6076 -66.0876 -0.00650072
1.29455 -0.103912 320.17 -40.9752 448.343 0.00471845 -1.28637 0.11386 -320.17 72.4781 -71.7753 -0.00471845
1.20053 0.0343823 320.162 -62.8919 425.49 0.00278358 -1.19374 -0.0402355 -320.162 51.9178 -76.08 -0.00278358
1.06613 0.258052 320.144 -95.8744 389.005 0.000746152 -1.0596 -0.263077 -320.144 20.0347 -78.6839 -0.000746152
0.899531 0.50564 320.127 -132.206 341.139 -0.00131206 -0.895001 -0.516844 -320.127 -16.4629 -79.039 0.00131206
0.714108 0.729245 320.112 -163.353 284.536 -0.00329431 -0.71035 -0.740104 -320.112 -50.2242 -76.3304 0.00329431
0.522067 0.87786 320.097 -181.604 221.882 -0.00509949 -0.518337 -0.884846 -320.097 -74.574 -69.6241 0.00509949
0.332196 0.908869 320.085 -181.141 155.68 -0.00662769 -0.329259 -0.919163 -320.085 -84.5028 -58.6448 0.00662769
0.149029 0.811107 320.08 -159.429 87.8252 -0.00778877 -0.147547 -0.820862 -320.08 -77.6995 -43.9793 0.00778877
-0.024505 0.591217 320.077 -118.136 20.2563 -0.00851125 0.0231993 -0.600709 -320.077 -55.0278 -26.6138 0.00851125
-0.187163 0.279351 320.074 -62.3761 -45.8103 -0.00874924 0.184394 -0.289684 -320.074 -20.2552 -7.78326 0.00874924
-0.337538 -0.0761272 320.077 0.191429 -109.017 -0.00848264 0.333554 0.066095 -320.077 20.5486 11.7244 0.00848264
-0.475083 -0.413027 320.083 60.4315 -168.226 -0.00771137 0.469505 0.415147 -320.083 60.0017 31.0266 0.00771137
-0.604469 -0.674885 320.087 108.621 -223.128 -0.00645194 0.59728 0.694538 -320.087 90.479 48.4111 0.00645194
-0.727725 -0.826736 320.078 137.598 -272.76 -0.00473532 0.718344 0.849836 -320.078 106.151 62.4091 0.00473532
-0.845805 -0.839902 320.072 143.956 -316.364 -0.00260502 0.83434 0.867374 -320.072 104.271 71.8917 0.00260502
-0.95306 -0.715061 320.07 127.831 -352.402 -0.000117503 0.940077 0.750262 -320.07 85.2551 76.8977 0.000117503
-1.03924 -0.485337 320.054 93.2196 -379.124 0.002657 1.02646 0.516375 -320.054 52.5139 78.4893 -0.002657
-1.09556 -0.200735 320.036 47.7933 -394.854 0.0056323 1.08451 0.213171 -320.036 12.5381 77.5748 -0.0056323
-1.11786 0.0920313 320.029 1.34232 -398.455 0.00870546 1.10633 -0.0821671 -320.029 -26.4612 74.768 -0.00870546
-1.09925 0.329848 320.023 -37.5279 -389.153 0.0117583 1.08831 -0.323812 -320.023 -57.2602 70.8179 -0.0117583
-1.03551 0.470727 320.017 -62.3843 -366.638 0.0146578 1.02577 -0.47297 -320.017 -74.5547 66.7102 -0.0146578
-0.925827 0.497031 320.021 -69.767 -331.285 0.0172588 0.916591 -0.504475 -320.021 -75.5846 63.2403 -0.0172588
-0.774097 0.41575 320.035 -60.0045 -284.463 0.0194142 0.766053 -0.417034 -320.035 -60.8488 60.4409 -0.0194142
-0.590936 0.250242 320.049 -37.644 -228.764 0.0209893 0.584233 -0.246288 -320.049 -34.3716 57.895 -0.0209893
-0.387642 0.0407843 320.065 -9.35556 -166.631 0.0218729 0.382024 -0.038581 -320.065 -2.06881 54.8155 -0.0218729
-0.181168 -0.159035 320.089 17.0672 -102.027 0.0219867 0.178825 0.160765 -320.089 29.4831 49.8816 -0.0219867
0.0161281 -0.308052 320.104 35.1893 -37.552 0.0212958 -0.0163793 0.308914 -320.104 54.5149 42.5862 -0.0212958
0.198181 -0.372068 320.116 40.0691 24.9187 0.0198165 -0.196092 0.374998 -320.116 68.5146 32.8299 -0.0198165
0.35706 -0.330979 320.127 29.1225 83.0647 0.0176171 -0.351726 0.343725 -320.127 68.924 20.5285 -0.0176171
0.481215 -0.188519 320.131 2.0337 134.603 0.014815 -0.479551 0.206514 -320.131 55.3552 5.7418 -0.014815
0.566448 0.0390887 320.129 -38.3829 178.005 0.0115682 -0.575043 -0.0185561 -320.129 29.979 -11.2736 -0.0115682
0.620802 0.319682 320.126 -86.6679 212.551 0.00806495 -0.631444 -0.296401 -320.126 -2.89302 -29.615 -0.00806495
0.645537 0.602674 320.118 -135.554 238.477 0.00451058 -0.662273 -0.588006 -320.118 -37.5083 -47.3754 -0.00451058
0.651769 0.849034 320.111 -177.189 256.326 0.00111182 -0.674786 -0.835956 -320.111 -67.7066 -62.4301 -0.00111182
0.653982 1.0191 320.105 -205.715 266.973 -0.00193591 -0.67273 -1.0059 -320.105 -88.5894 -73.0094 0.00193591
0.64757 1.08528 320.101 -217.303 270.984 -0.00446077 -0.668292 -1.07657 -320.101 -96.8904 -78.5769 0.00446077
0.631855 1.04222 320.1 -210.631 268.241 -0.0063264 -0.656421 -1.03623 -320.1 -91.443 -79.8465 0.0063264
0.606448 0.898213 320.103 -187.149 258.589 -0.00743832 -0.63219 -0.894265 -320.103 -73.3699 -77.4347 0.00743832
0.572433 0.679419 320.108 -150.98 242.341 -0.00774808 -0.599273 -0.67677 -320.108 -46.139 -70.9628 0.00774808
0.531101 0.422254 320.116 -107.757 219.657 -0.00725813 -0.558141 -0.419843 -320.116 -14.6542 -60.333 0.00725813
0.482035 0.17098 320.118 -64.5884 190.712 -0.00601975 -0.504725 -0.167239 -320.118 15.403 -46.3703 0.00601975
0.413175 -0.0317461 320.12 -28.0381 155.146 -0.00412333 -0.434705 0.0427712 -320.12 38.839 -31.09 0.00412333
0.317315 -0.158803 320.121 -3.46931 112.676 -0.00168811 -0.338 0.172299 -320.121 51.57 -16.7181 0.00168811
0.194601 -0.195916 320.113 6.67985 63.9881 0.00114617 -0.211619 0.206283 -320.113 51.7712 -4.35032 -0.00114617
0.0520103 -0.14567 320.103 3.07913 11.0561 0.00422782 -0.0662966 0.151263 -320.103 40.0981 6.61682 -0.00422782
-0.0976901 -0.0265588 320.094 -10.7632 -43.3088 0.007403 0.0852416 0.0328648 -320.094 19.4518 17.0781 -0.007403
-0.249549 0.12805 320.077 -30.4848 -97.6164 0.0105265 0.23942 -0.123353 -320.077 -5.96804 26.7868 -0.0105265
-0.400099 0.281714 320.062 -50.3355 -150.166 0.0134686 0.390948 -0.278681 -320.062 -30.9931 35.319 -0.0134686
-0.542862 0.404642 320.055 -65.1127 -199.242 0.0161141 0.534904 -0.39498 -320.055 -50.9565 42.6195 -0.0161141
-0.66494 0.464131 320.045 -70.675 -241.963 0.0183599 0.658097 -0.452454 -320.045 -62.3722 49.5998 -0.0183599
-0.760697 0.449927 320.035 -65.2722 -276.681 0.0201177 0.751924 -0.437922 -320.035 -63.5859 56.6834 -0.0201177
-0.825765 0.365004 320.036 -49.1954 -302.517 0.0213166 0.816623 -0.350436 -320.036 -54.6011 63.5954 -0.0213166
-0.860314 0.219073 320.04 -24.802 -318.837 0.0219045 0.851325 -0.209159 -320.04 -37.2564 69.8047 -0.0219045
-0.869235 0.040724 320.043 4.09396 -325.695 0.0218493 0.856887 -0.0331051 -320.043 -14.6544 74.5322 -0.0218493
-0.856329 -0.140181 320.048 32.7758 -323.691 0.0211391 0.83933 0.148139 -320.048 9.28356 76.9516 -0.0211391
-0.82335 -0.295502 320.056 56.3848 -313.544 0.0197873 0.804808 0.300989 -320.056 30.4477 76.6323 -0.0197873
-0.773972 -0.399226 320.063 71.1201 -295.912 0.017838 0.75374 0.402859 -320.063 45.578 73.6361 -0.017838
-0.709588 -0.437698 320.066 74.914 -271.467 0.0153659 0.68826 0.44015 -320.066 52.7826 68.1221 -0.0153659
-0.634564 -0.407946 320.069 67.4039 -241.219 0.012473 0.611648 0.410696 -320.069 51.6775 59.9855 -0.012473
-0.551663 -0.316509 320.072 49.839 -206.134 0.00928421 0.527488 0.323105 -320.072 43.2149 49.2703 -0.00928421
-0.461389 -0.182727 320.074 24.8332 -166.939 0.0059408 0.43679 0.190043 -320.074 29.4318 36.4795 -0.0059408
-0.363905 -0.0269086 320.076 -4.01407 -124.609 0.00259111 0.338567 0.0349451 -320.076 13.0853 22.7036 -0.00259111
-0.255541 0.126397 320.077 -32.537 -79.6024 -0.000617327 0.230404 -0.116287 -320.077 -2.65948 9.28172 0.000617327
-0.132108 0.254403 320.081 -57.2671 -32.4432 -0.00354817 0.113493 -0.243534 -320.081 -15.0363 -2.83076 0.00354817
-0.00186798 0.340489 320.085 -75.2832 15.5793 -0.00608613 -0.0133873 -0.328778 -320.085 -21.9334 -13.3704 0.00608613
0.12971 0.376794 320.093 -85.3128 63.0895 -0.00814144 -0.144976 -0.365262 -320.093 -22.4985 -22.5236 0.00814144
0.261201 0.364327 320.103 -87.4044 108.727 -0.00965207 -0.273197 -0.354391 -320.103 -17.0338 -30.3136 0.00965207
0.385278 0.316687 320.111 -83.4039 150.862 -0.0105853 -0.395586 -0.306623 -320.111 -7.18777 -36.5379 0.0105853
0.495476 0.249252 320.12 -75.8057 187.972 -0.0109353 -0.509053 -0.239557 -320.12 4.7426 -41.0623 0.0109353
0.589694 0.181902 320.127 -67.6883 218.569 -0.0107171 -0.603207 -0.173327 -320.127 16.0227 -44.2196 0.0107171
0.66085 0.133442 320.133 -61.8797 241.358 -0.00996032 -0.674051 -0.125529 -320.133 24.1919 -46.324 0.00996032
0.704704 0.117671 320.135 -60.4971 255.416 -0.00870604 -0.718187 -0.109696 -320.135 27.396 -47.5647 0.00870604
0.720348 0.14319 320.134 -64.6876 260.224 -0.00700352 -0.732478 -0.132183 -320.134 24.6095 -48.0114 0.00700352
0.70657 0.207313 320.131 -74.4051 255.73 -0.00490678 -0.718614 -0.195231 -320.131 15.8511 -47.543 0.00490678
0.665912 0.302512 320.124 -88.3046 242.272 -0.00247177 -0.677644 -0.28928 -320.124 2.25801 -45.9759 0.00247177
0.601267 0.414702 320.116 -104.052 220.524 0.00024313 -0.612578 -0.398508 -320.116 -14.158 -43.125 -0.00024313
0.516251 0.524251 320.107 -118.851 191.47 0.00317454 -0.527899 -0.506579 -320.107 -30.9677 -38.7957 -0.00317454
0.416534 0.61314 320.099 -129.856 156.273 0.00625187 -0.427241 -0.594798 -320.099 -45.6823 -32.7971 -0.00625187
0.307297 0.662651 320.093 -134.481 116.297 0.00939618 -0.31658 -0.648587 -320.093 -56.0508 -24.8706 -0.00939618
0.193327 0.664402 320.086 -130.925 73.1677 0.0125207 -0.202363 -0.652425 -320.086 -60.401 -15.0067 -0.0125207
0.0784898 0.615649 320.081 -118.94 28.263 0.0155326 -0.0874527 -0.603753 -320.081 -58.2123 -3.60182 -0.0155326
-0.0363565 0.522551 320.077 -99.7441 -17.4511 0.0183352 0.0274111 -0.510017 -320.077 -50.2427 8.61393 -0.0183352
-0.149489 0.399981 320.075 -75.7842 -62.9748 0.0208323 0.140921 -0.38588 -320.075 -38.3378 21.0846 -0.0208323
-0.258553 0.266812 320.073 -50.4611 -107.075 0.0229325 0.250082 -0.253238 -320.073 -25.0207 33.3576 -0.0229325
-0.362924 0.144252 320.072 -27.1162 -148.86 0.0245558 0.354367 -0.131304 -320.072 -12.8237 44.7125 -0.0245558
-0.464024 0.0487951 320.071 -8.50727 -187.852 0.0256396 0.455466 -0.0369447 -320.071 -3.83667 54.224 -0.0256396
-0.558562 -0.00808424 320.064 3.58774 -222.706 0.0261416 0.549886 0.019833 -320.064 0.596412 61.5342 -0.0261416
-0.644448 -0.0221038 320.059 8.43691 -252.472 0.0260399 0.634687 0.0348768 -320.059 -0.0183912 66.4262 -0.0260399
-0.718017 0.00279706 320.055 6.48634 -276.246 0.0253343 0.707778 0.0108976 -320.055 -5.16123 68.8361 -0.0253343
-0.776098 0.0552389 320.05 -0.582489 -293.168 0.0240477 0.765366 -0.0416663 -320.05 -13.3438 68.9156 -0.0240477
-0.815253 0.11868 320.044 -10.1955 -302.464 0.0222254 0.803267 -0.106305 -320.044 -22.3378 66.9999 -0.0222254
-0.831415 0.174009 320.04 -19.3097 -303.495 0.0199311 0.818863 -0.163483 -320.04 -29.5713 63.4225 -0.0199311
-0.821742 0.205357 320.04 -25.2281 -295.95 0.0172409 0.810895 -0.19501 -320.04 -32.7924 58.4658 -0.0172409
-0.785773 0.200715 320.041 -26.2137 -279.753 0.0142393 0.776729 -0.191132 -320.041 -30.5761 52.5049 -0.0142393
-0.724457 0.158692 320.045 -21.8471 -255.207 0.0110151 0.715347 -0.148429 -320.045 -22.6424 45.8503 -0.0110151
-0.638398 0.0847485 320.052 -12.9933 -222.912 0.00765986 0.629433 -0.0735497 -320.052 -9.88542 38.6238 -0.00765986
-0.531733 -0.00766588 320.062 -1.8609 -183.974 0.00426582 0.523446 0.0185339 -320.062 5.77399 30.679 -0.00426582
-0.410159 -0.0990965 320.073 8.71543 -139.93 0.00092524 0.402356 0.110376 -320.073 21.8095 22.0024 -0.00092524
-0.279069 -0.170574 320.086 15.74 -92.449 -0.00227235 0.271457 0.18198 -320.086 35.5558 12.7061 0.00227235
-0.140519 -0.207457 320.094 16.9762 -42.5758 -0.00524302 0.133081 0.217591 -320.094 44.8335 3.1941 0.00524302
0.000442518 -0.199021 320.102 11.018 8.15373 -0.00790818 -0.00765307 0.208841 -320.102 48.2748 -6.47884 0.00790818
0.139398 -0.146083 320.113 -1.82124 58.3524 -0.010194 -0.146427 0.155722 -320.113 45.6844 -16.1985 0.010194
0.269835 -0.0540739 320.117 -20.6318 106.004 -0.0120346 -0.276415 0.0633499 -320.117 37.6856 -25.8898 0.0120346
0.389609 0.0648123 320.119 -43.2828 149.857 -0.0133757 -0.395796 -0.054729 -320.119 25.8885 -34.8821 0.0133757
0.496284 0.193223 320.124 -67.0643 188.814 -0.0141774 -0.50357 -0.183048 -320.124 12.3522 -42.5806 0.0141774
0.587773 0.311961 320.124 -88.7867 221.748 -0.0144144 -0.595449 -0.302272 -320.124 -0.513871 -48.7873 0.0144144
0.661538 0.404413 320.122 -105.753 247.737 -0.014077 -0.669185 -0.395891 -320.122 -10.5933 -53.2791 0.014077
0.716297 0.459403 320.124 -116.008 266.12 -0.0131729 -0.724202 -0.451315 -320.124 -16.3884 -55.6664 0.0131729
0.751642 0.47217 320.126 -118.723 276.369 -0.0117278 -0.759532 -0.463721 -320.126 -17.335 -55.6248 0.0117278
0.766601 0.446204 320.125 -114.466 278.187 -0.00978335 -0.774655 -0.436992 -320.125 -13.9349 -53.0724 0.00978335
0.759476 0.390173 320.125 -104.699 271.257 -0.00739362 -0.767618 -0.381085 -320.125 -7.43427 -48.2251 0.00739362
0.728722 0.318661 320.126 -91.6686 255.503 -0.00462232 -0.736818 -0.309475 -320.126 0.338386 -41.4622 0.00462232
0.673201 0.247312 320.124 -77.9068 231.098 -0.00154267 -0.681316 -0.23775 -320.124 7.37559 -33.2574 0.00154267
0.592785 0.190561 320.121 -65.8194 198.49 0.00176343 -0.600931 -0.181021 -320.121 11.7904 -24.1007 -0.00176343
0.488406 0.158973 320.117 -57.1809 158.382 0.00520847 -0.496522 -0.150361 -320.117 12.2126 -14.4325 -0.00520847
0.36249 0.159547 320.113 -53.1727 111.815 0.00870191 -0.370517 -0.151385 -320.113 7.99108 -4.58664 -0.00870191
0.218908 0.190099 320.102 -53.5458 60.3524 0.0121506 -0.226904 -0.18209 -320.102 -0.516386 5.02042 -0.0121506
0.0632164 0.242465 320.094 -57.1162 5.86486 0.0154599 -0.0711941 -0.234941 -320.094 -12.2128 14.1292 -0.0154599
-0.10017 0.305447 320.083 -62.2535 -49.9902 0.0185379 0.0921657 -0.298323 -320.083 -25.415 22.3743 -0.0185379
-0.264301 0.365703 320.069 -67.065 -105.251 0.0212981 0.256291 -0.358603 -320.069 -38.0963 29.8087 -0.0212981
-0.42252 0.409374 320.061 -69.5755 -158.084 0.0236602 0.414528 -0.402422 -320.061 -48.2783 36.5364 -0.0236602
-0.567185 0.42472 320.055 -68.0486 -206.445 0.0255528 0.559205 -0.418057 -320.055 -54.2884 42.742 -0.0255528
-0.691014 0.403631 320.044 -61.2532 -248.25 0.0269163 0.683043 -0.397432 -320.044 -55.0072 48.4606 -0.0269163
-0.790212 0.345918 320.038 -49.2947 -282.218 0.0277027 0.782331 -0.340417 -320.038 -50.2828 53.506 -0.0277027
-0.861861 0.257485 320.038 -33.1813 -307.372 0.0278779 0.854312 -0.252302 -320.038 -40.7345 57.7277 -0.0278779
-0.90316 0.14948 320.038 -14.7413 -322.813 0.0274254 0.895628 -0.144602 -320.038 -27.8264 61.1247 -0.0274254
-0.914273 0.0368231 320.038 3.62405 -328.29 0.0263498 0.906009 -0.0323193 -320.038 -13.506 63.46 -0.0263498
-0.897228 -0.0646053 320.042 19.4033 -324.079 0.0246759 0.888706 0.0688252 -320.042 0.147078 64.2459 -0.0246759
-0.855759 -0.140173 320.047 30.3033 -310.757 0.0224487 0.847206 0.144395 -320.047 11.2022 63.0088 -0.0224487
-0.793563 -0.179593 320.052 34.6834 -289.112 0.0197331 0.78485 0.183625 -320.052 18.2416 59.5131 -0.0197331
-0.712822 -0.178336 320.056 31.9156 -259.909 0.0166128 0.703973 0.182149 -320.056 20.6008 53.8656 -0.0166128
-0.615366 -0.138134 320.061 22.356 -223.989 0.0131884 0.606413 0.14182 -320.061 18.4451 46.3717 -0.0131884
-0.503699 -0.0673657 320.066 7.4012 -182.377 0.00957437 0.494978 0.0708585 -320.066 12.79 37.2823 -0.00957437
-0.381143 0.0213387 320.072 -10.8333 -136.362 0.00589448 0.372692 -0.0180333 -320.072 5.20166 26.9616 -0.00589448
-0.251128 0.112774 320.079 -29.8287 -87.392 0.00227588 0.242696 -0.109646 -320.079 -2.41914 15.8977 -0.00227588
-0.112815 0.192298 320.084 -47.1575 -36.1409 -0.00115887 0.104546 -0.189389 -320.084 -8.25184 4.94744 0.00115887
0.0302182 0.247241 320.088 -60.6034 15.8669 -0.00429787 -0.0383119 -0.244543 -320.088 -10.8231 -5.38939 0.00429787
0.174959 0.269865 320.1 -68.7246 67.2891 -0.00704261 -0.182946 -0.267364 -320.1 -9.32501 -14.6385 0.00704261
0.317511 0.259428 320.11 -71.2783 116.603 -0.00931171 -0.325383 -0.257225 -320.11 -3.80072 -22.4249 0.00931171
0.451307 0.221651 320.116 -69.0964 161.9 -0.0110468 -0.459128 -0.219833 -320.116 4.92199 -28.7414 0.0110468
0.569423 0.166256 320.125 -63.5954 201.371 -0.0122146 -0.577376 -0.16469 -320.125 15.4671 -33.7752 0.0122146
0.666872 0.105865 320.133 -56.6771 233.633 -0.0128038 -0.674823 -0.104497 -320.133 26.0573 -37.6443 0.0128038
0.739697 0.0540359 320.137 -50.4231 257.557 -0.0128235 -0.747633 -0.0528713 -320.137 34.8261 -40.3517 0.0128235
0.784724 0.0220844 320.14 -46.5724 272.28 -0.012302 -0.792715 -0.0211694 -320.14 40.2186 -41.9485 0.012302
0.799688 0.0173884 320.141 -46.2532 277.261 -0.0112831 -0.807661 -0.0166117 -320.141 41.242 -42.5714 0.0112831
0.783894 0.041907 320.139 -49.7778 272.374 -0.00982164 -0.791824 -0.041233 -320.139 37.6285 -42.2911 0.00982164
0.738857 0.0919941 320.134 -56.5943 257.966 -0.00797997 -0.746797 -0.0915198 -320.134 29.8661 -41.0023 0.00797997
0.667907 0.159275 320.128 -65.4034 234.791 -0.00582517 -0.675829 -0.158962 -320.128 19.1088 -38.5003 0.00582517
0.574986 0.232073 320.12 -74.4316 203.86 -0.00342768 -0.582877 -0.232017 -320.12 6.95654 -34.649 0.00342768
0.464217 0.297285 320.112 -81.6583 166.35 -0.000860483 -0.472046 -0.297576 -320.112 -4.80331 -29.4253 0.000860483
0.339872 0.343652 320.104 -85.3981 123.537 0.00180168 -0.347659 -0.344149 -320.104 -14.5509 -22.8559 -0.00180168
0.207539 0.362712 320.097 -84.4523 77.1079 0.00448332 -0.215301 -0.36345 -320.097 -21.0527 -14.9985 -0.00448332
0.0722486 0.349673 320.09 -78.1236 28.7261 0.0071098 -0.0799725 -0.350539 -320.09 -23.5921 -6.05719 -0.0071098
-0.0626389 0.306116 320.084 -66.7949 -20.21 0.00961006 0.0549509 -0.307025 -320.084 -22.2502 3.55238 -0.00961006
-0.194253 0.238174 320.077 -51.6375 -68.4532 0.0119197 0.186597 -0.239291 -320.077 -17.6751 13.4217 -0.0119197
-0.318671 0.156359 320.073 -34.4913 -114.5 0.0139831 0.311037 -0.157631 -320.073 -11.0506 23.1915 -0.0139831
-0.434033 0.0724475 320.07 -17.3548 -157.281 0.0157549 0.426417 -0.0739399 -320.07 -3.8176 32.3364 -0.0157549
-0.539069 -0.00202961 320.067 -2.15618 -195.895 0.0172034 0.531466 0.000290241 -320.067 2.60602 40.3271 -0.0172034
-0.628961 -0.0572511 320.061 9.48465 -228.845 0.0183122 0.621339 0.055333 -320.061 6.99949 47.0737 -0.0183122
-0.701212 -0.0866284 320.057 16.4493 -255.215 0.0190789 0.693578 0.0844944 -320.057 8.55091 52.3832 -0.0190789
-0.754473 -0.0876697 320.055 18.2704 -274.368 0.0195138 0.746835 0.0853022 -320.055 7.006 56.0116 -0.0195138
-0.787162 -0.0625694 320.051 15.263 -285.765 0.0196375 0.779507 0.0599782 -320.051 2.69123 57.8847 -0.0196375
-0.797438 -0.0172042 320.047 8.33367 -289.024 0.0194771 0.789768 0.0144013 -320.047 -3.592 58.1525 -0.0194771
-0.784094 0.0395686 320.047 -1.11579 -283.985 0.0190618 0.776415 -0.0425568 -320.047 -10.6695 57.0068 -0.0190618
-0.747374 0.097588 320.047 -11.4551 -270.814 0.0184213 0.739678 -0.100711 -320.047 -17.2152 54.5425 -0.0184213
-0.688427 0.147137 320.048 -21.1174 -249.947 0.0175825 0.680712 -0.150448 -320.048 -21.987 50.8603 -0.0175825
-0.608395 0.180661 320.052 -28.8186 -221.959 0.0165679 0.600628 -0.18416 -320.052 -24.066 46.2057 -0.0165679
-0.509437 0.19459 320.058 -33.9424 -187.703 0.0153953 0.501595 -0.198303 -320.058 -23.034 40.8004 -0.0153953
-0.394734 0.188872 320.064 -36.3608 -148.363 0.0140805 0.386898 -0.19284 -320.064 -19.0061 34.8869 -0.0140805
-0.270739 0.168147 320.075 -36.7543 -105.738 0.0126383 0.262917 -0.172313 -320.075 -12.6349 28.3949 -0.0126383
-0.14047 0.138437 320.083 -35.9597 -60.9519 0.0110835 0.132606 -0.142809 -320.083 -4.84273 21.5793 -0.0110835
-0.00893763 0.107633 320.089 -35.0802 -15.5178 0.00943233 0.00104895 -0.112171 -320.089 3.1879 14.4819 -0.00943233
0.118605 0.083025 320.099 -35.1228 28.9516 0.00770482 -0.126517 -0.0877255 -320.099 10.341 7.18781 -0.00770482
0.239004 0.069619 320.111 -36.6596 71.2487 0.0059268 -0.246946 -0.0745196 -320.111 15.728 -0.0144459 -0.0059268
0.346513 0.0723758 320.114 -40.442 109.664 0.00412908 -0.35448 -0.0774695 -320.114 18.6661 -7.08931 -0.00412908
0.437136 0.0908759 320.116 -46.3389 142.936 0.00234725 -0.445118 -0.0961993 -320.116 19.1403 -13.9405 -0.00234725
0.507891 0.12242 320.123 -53.8404 170.03 0.000620398 -0.515903 -0.127947 -320.123 17.4345 -20.3991 -0.000620398
0.557696 0.160812 320.125 -61.8912 190.355 -0.00101128 -0.565742 -0.166535 -320.125 14.2916 -26.1909 0.00101128
0.586517 0.198938 320.122 -69.3026 203.584 -0.00250687 -0.594617 -0.204856 -320.122 10.5896 -30.9994 0.00250687
0.594982 0.229599 320.122 -74.904 209.616 -0.00382501 -0.603155 -0.235688 -320.122 7.25312 -34.5409 0.00382501
0.584012 0.246732 320.123 -77.7418 208.556 -0.00492575 -0.592231 -0.253014 -320.123 5.0839 -36.66 0.00492575
0.554799 0.24657 320.12 -77.2261 200.68 -0.00577231 -0.563073 -0.253044 -320.12 4.58992 -37.2815 0.00577231
0.509167 0.227977 320.117 -73.1976 186.448 -0.00633246 -0.517502 -0.234636 -320.117 5.94259 -36.3336 0.00633246
0.449437 0.192966 320.115 -66.0147 166.496 -0.00658015 -0.45781 -0.199818 -320.115 8.91334 -33.7813 0.00658015
0.377744 0.146155 320.113 -56.4821 141.532 -0.00649742 -0.386148 -0.15322 -320.113 12.9624 -29.7081 0.00649742
0.295688 0.0938658 320.11 -45.6965 112.296 -0.00607614 -0.304145 -0.101131 -320.11 17.3543 -24.3826 0.00607614
0.20509 0.0421736 320.106 -34.6822 79.6946 -0.00531925 -0.213599 -0.0496335 -320.106 21.3462 -18.1827 0.00531925
0.108122 -0.00262449 320.102 -24.531 44.6642 -0.00424153 -0.116685 -0.00504029 -320.102 24.1972 -11.4109 0.00424153
0.00820136 -0.036308 320.099 -15.9671 8.3459 -0.00286917 -0.0168196 0.0284383 -320.099 25.4061 -4.21218 0.00286917
-0.0911495 -0.05603 320.094 -9.52379 -28.0203 -0.00123817 0.0824743 0.047975 -320.094 24.6812 3.19935 0.00123817
-0.188099 -0.0611321 320.086 -5.47033 -63.5597 0.000607395 0.179363 0.052894 -320.086 22.0978 10.4847 -0.000607395
-0.279643 -0.053528 320.082 -3.62635 -97.178 0.00261716 0.270845 0.0450932 -320.082 18.0288 17.4247 -0.00261716
-0.362865 -0.036965 320.077 -3.45683 -127.907 0.00473606 0.354004 0.0283404 -320.077 13.0308 23.901 -0.00473606
-0.435124 -0.0160969 320.071 -4.29044 -154.89 0.00690537 0.426197 0.00728126 -320.071 7.78322 29.8273 -0.00690537
-0.494264 0.00511147 320.068 -5.59133 -177.455 0.00906387 0.485272 -0.0141226 -320.068 2.90178 35.1583 -0.00906387
-0.536978 0.0223742 320.063 -6.6989 -194.695 0.0111501 0.527917 -0.0315759 -320.063 -1.02765 39.9504 -0.0111501
-0.562917 0.0335204 320.06 -7.30822 -206.274 0.0131045 0.553785 -0.0429132 -320.06 -3.68008 43.9698 -0.0131045
-0.572592 0.0378843 320.06 -7.34355 -212.093 0.014869 0.563385 -0.0474657 -320.06 -4.93747 46.9708 -0.014869
-0.566463 0.036736 320.06 -7.01104 -212.178 0.0163894 0.557177 -0.0465057 -320.06 -4.96309 48.8446 -0.0163894
-0.545008 0.0326693 320.061 -6.71052 -206.682 0.0176168 0.535648 -0.0426298 -320.061 -4.11122 49.6045 -0.0176168
-0.509557 0.0289274 320.063 -6.93511 -195.952 0.0185095 0.50012 -0.0390775 -320.063 -2.83055 49.2109 -0.0185095
-0.462438 0.0287605 320.066 -8.16903 -180.544 0.0190348 0.452923 -0.0391024 -320.066 -1.58169 47.5431 -0.0190348
-0.406164 0.034816 320.068 -10.7896 -161.115 0.0191721 0.396571 -0.0453502 -320.068 -0.756174 44.5258 -0.0191721
-0.343069 0.0487757 320.072 -15.015 -138.417 0.0189141 0.333399 -0.0594994 -320.072 -0.623926 40.2303 -0.0189141
-0.275022 0.0705731 320.077 -20.7733 -113.231 0.0182685 0.265271 -0.0814855 -320.077 -1.23726 34.8948 -0.0182685
-0.202246 0.0985365 320.079 -27.7159 -86.0343 0.0172589 0.192412 -0.109638 -320.079 -2.45909 28.9285 -0.0172589
-0.12685 0.129589 320.082 -35.2972 -57.5983 0.0159233 0.116932 -0.14088 -320.082 -3.94049 22.4878 -0.0159233
-0.0513055 0.159733 320.087 -42.8008 -28.786 0.0143118 0.041302 -0.171213 -320.087 -5.23546 15.7156 -0.0143118
0.0226064 0.185088 320.09 -49.5203 -0.400287 0.0124844 -0.0326971 -0.196757 -320.09 -5.92304 8.89481 -0.0124844
0.0935887 0.202456 320.094 -54.8569 26.8317 0.010507 -0.103768 -0.214315 -320.094 -5.67204 2.37352 -0.010507
0.160312 0.209727 320.099 -58.3791 52.2579 0.00844693 -0.170582 -0.221776 -320.099 -4.3007 -3.58454 -0.00844693
0.220842 0.206378 320.103 -59.947 75.1687 0.00637099 -0.231204 -0.218614 -320.103 -1.79593 -8.83396 -0.00637099
0.272244 0.193921 320.105 -59.7787 94.7573 0.00434283 -0.2827 -0.206345 -320.105 1.62034 -13.4216 -0.00434283
0.313162 0.174658 320.108 -58.1937 110.509 0.00242117 -0.323713 -0.187271 -320.108 5.59926 -17.2286 -0.00242117
0.342864 0.151781 320.112 -55.6485 122.06 0.000658611 -0.353512 -0.164582 -320.112 9.6699 -20.1053 -0.000658611
0.360381 0.128731 320.113 -52.6746 129.1 -0.000898284 -0.371127 -0.14172 -320.113 13.364 -22.022 0.000898284
0.365109 0.108296 320.113 -49.7055 131.469 -0.00220875 -0.375954 -0.121472 -320.113 16.3051 -22.9966 0.00220875
0.357011 0.0923139 320.114 -47.0293 129.172 -0.00323855 -0.367957 -0.105677 -320.114 18.2467 -23.0432 0.00323855
0.33656 0.0813254 320.113 -44.7449 122.351 -0.00396069 -0.347607 -0.0948757 -320.113 19.1309 -22.1671 0.00396069
0.30465 0.0745908 320.111 -42.7571 111.291 -0.00435609 -0.315801 -0.0883277 -320.111 19.0774 -20.3919 0.00435609
0.262553 0.0703212 320.108 -40.8133 96.403 -0.00441472 -0.273808 -0.0842442 -320.108 18.3531 -17.7584 0.00441472
0.211954 0.0661109 320.106 -38.567 78.2207 -0.00413725 -0.223316 -0.0802198 -320.106 17.3104 -14.3095 0.00413725
0.154515 0.0597273 320.103 -35.7202 57.3137 -0.00353598 -0.165984 -0.0740221 -320.103 16.3 -10.1307 0.00353598
0.091958 0.0491722 320.099 -32.0101 34.2865 -0.00263493 -0.103536 -0.0636527 -320.099 15.6394 -5.32436 0.00263493
0.0268481 0.0329373 320.097 -27.2123 10.0072 -0.00146936 -0.0385366 -0.0476032 -320.097 15.5421 -0.0117257 0.00146936
-0.0397 0.0118158 320.093 -21.5502 -14.9337 -8.43793e-05 0.0278998 -0.0266668 -320.093 16.0008 5.54279 8.43793e-05
-0.106004 -0.0127861 320.089 -15.3352 -39.8769 0.00146729 0.0940913 -0.00225001 -320.089 16.918 11.1704 -0.00146729
-0.169996 -0.0383055 320.087 -9.0382 -64.0872 0.0031276 0.157969 0.0230847 -320.087 18.0198 16.739 -0.0031276
-0.229878 -0.0617795 320.085 -3.21014 -86.86 0.0048358 0.217735 0.0463743 -320.085 18.9956 22.068 -0.0048358
-0.284571 -0.0803915 320.081 1.64955 -107.633 0.0065311 0.272312 0.0648022 -320.081 19.5261 26.9104 -0.0065311
-0.33322 -0.0920223 320.078 5.16378 -125.912 0.00815474 0.320842 0.0762491 -320.078 19.3723 31.0219 -0.00815474
-0.374375 -0.0951047 320.077 7.03918 -141.176 0.00965206 0.361877 0.0791478 -320.077 18.3721 34.3054 -0.00965206
-0.406521 -0.0891956 320.075 7.16485 -152.977 0.0109751 0.393902 0.0730555 -320.075 16.5073 36.7528 -0.0109751
-0.428855 -0.0751288 320.073 5.63462 -161.046 0.012084 0.416115 0.0588056 -320.073 13.9263 38.3295 -0.012084
-0.440199 -0.0552133 320.071 2.81357 -165.048 0.012947 0.427335 0.0387073 -320.071 10.935 39.0433 -0.012947
-0.440428 -0.0322413 320.07 -0.862083 -164.909 0.013542 0.42744 0.0155529 -320.07 7.90844 38.8569 -0.013542
-0.429416 -0.00930041 320.07 -4.89988 -160.649 0.0138579 0.416303 -0.00757028 -320.07 5.25146 37.8263 -0.0138579
-0.407104 0.0109678 320.07 -8.86025 -152.39 0.0138939 0.393863 -0.0280205 -320.07 3.29222 36.091 -0.0138939
-0.374273 0.0268235 320.072 -12.4473 -140.468 0.0136603 0.360904 -0.0440578 -320.072 2.24056 33.7577 -0.0136603
-0.332083 0.0373353 320.074 -15.4762 -125.322 0.0131769 0.318584 -0.0547509 -320.074 2.18256 30.9294 -0.0131769
-0.281861 0.0427539 320.076 -17.9345 -107.427 0.012473 0.268232 -0.0603506 -320.076 3.03287 27.6916 -0.012473
-0.225593 0.0444561 320.079 -19.9976 -87.4038 0.0115853 0.211833 -0.0622336 -320.079 4.56734 24.0888 -0.0115853
-0.16553 0.0444241 320.084 -21.9279 -65.9497 0.0105571 0.151637 -0.0623821 -320.084 6.47239 20.1616 -0.0105571
-0.103805 0.0451097 320.087 -24.0581 -43.7733 0.00943551 0.0897775 -0.0632479 -320.087 8.36854 15.9969 -0.00943551
-0.0426333 0.0486485 320.09 -26.6497 -21.6317 0.00826867 0.0284705 -0.0669665 -320.09 9.897 11.7067 -0.00826867
0.0159018 0.0567267 320.094 -29.9061 -0.234988 0.00710337 -0.0302011 -0.0752243 -320.094 10.7714 7.39388 -0.00710337
0.0698156 0.069967 320.097 -33.867 19.7498 0.00598367 -0.0842524 -0.0886438 -320.097 10.8508 3.14703 -0.00598367
0.117609 0.0876365 320.1 -38.3472 37.7807 0.00494955 -0.132185 -0.106492 -320.1 10.1631 -0.928792 -0.00494955
0.15811 0.107926 320.102 -43.0035 53.3573 0.00403548 -0.172825 -0.126961 -320.102 8.89099 -4.67551 -0.00403548
0.190169 0.128872 320.103 -47.5165 66.0186 0.00326922 -0.205025 -0.148084 -320.103 7.28623 -7.96681 -0.00326922
0.213504 0.147402 320.103 -51.3705 75.5108 0.00267153 -0.228502 -0.166793 -320.103 5.72532 -10.6317 -0.00267153
0.228039 0.160654 320.104 -54.083 81.6708 0.00225618 -0.24318 -0.180223 -320.104 4.5584 -12.5305 -0.00225618
0.233784 0.166168 320.104 -55.2535 84.4152 0.00202965 -0.24907 -0.185913 -320.104 4.09983 -13.5765 -0.00202965
0.230864 0.162508 320.104 -54.6508 83.7414 0.00199106 -0.246295 -0.182431 -320.104 4.53501 -13.7314 -0.00199106
0.219616 0.149481 320.104 -52.2491 79.7338 0.00213259 -0.235192 -0.169579 -320.104 5.89507 -12.9814 -0.00213259
0.200525 0.128184 320.103 -48.2367 72.5547 0.00243993 -0.216248 -0.148459 -320.103 8.04858 -11.3474 -0.00243993
0.174063 0.100879 320.102 -42.9934 62.4248 0.00289259 -0.189935 -0.12133 -320.102 10.7187 -8.91204 -0.00289259
0.151221 0.0848107 320.101 -37.6426 49.959 0.00346452 -0.151221 -0.0848107 -320.101 13.014 -5.42355 -0.00346452
0.118677 0.0691611 320.1 -33.771 35.897 0.00412519 -0.118677 -0.0691611 -320.1 13.6962 -0.857155 -0.00412519
