Run #, RV_column1, RV_column2, RV_column3, RV_column4, RV_column5, RV_column6, bwpar_1, bwpar_2, bwpar_3, bwpar_4, bwpar_5, bwpar_6, bwpar_7, bwpar_8, bwpar_9, bwpar_10, bwpar_11, bwpar_12, bwpar_13, bwpar_14, bwpar_15, bwpar_1.median, bwpar_2.median, bwpar_3.median, bwpar_4.median, bwpar_5.median, bwpar_6.median, bwpar_7.median, bwpar_8.median, bwpar_9.median, bwpar_10.median, bwpar_11.median, bwpar_12.median, bwpar_13.median, bwpar_14.median, bwpar_15.median, bwpar_1.q5, bwpar_2.q5, bwpar_3.q5, bwpar_4.q5, bwpar_5.q5, bwpar_6.q5, bwpar_7.q5, bwpar_8.q5, bwpar_9.q5, bwpar_10.q5, bwpar_11.q5, bwpar_12.q5, bwpar_13.q5, bwpar_14.q5, bwpar_15.q5, bwpar_1.q95, bwpar_2.q95, bwpar_3.q95, bwpar_4.q95, bwpar_5.q95, bwpar_6.q95, bwpar_7.q95, bwpar_8.q95, bwpar_9.q95, bwpar_10.q95, bwpar_11.q95, bwpar_12.q95, bwpar_13.q95, bwpar_14.q95, bwpar_15.q95, bwpar_1.var, bwpar_2.var, bwpar_3.var, bwpar_4.var, bwpar_5.var, bwpar_6.var, bwpar_7.var, bwpar_8.var, bwpar_9.var, bwpar_10.var, bwpar_11.var, bwpar_12.var, bwpar_13.var, bwpar_14.var, bwpar_15.var, bwpar_1.q5_w_mnoise, bwpar_2.q5_w_mnoise, bwpar_3.q5_w_mnoise, bwpar_4.q5_w_mnoise, bwpar_5.q5_w_mnoise, bwpar_6.q5_w_mnoise, bwpar_7.q5_w_mnoise, bwpar_8.q5_w_mnoise, bwpar_9.q5_w_mnoise, bwpar_10.q5_w_mnoise, bwpar_11.q5_w_mnoise, bwpar_12.q5_w_mnoise, bwpar_13.q5_w_mnoise, bwpar_14.q5_w_mnoise, bwpar_15.q5_w_mnoise, bwpar_1.q95_w_mnoise, bwpar_2.q95_w_mnoise, bwpar_3.q95_w_mnoise, bwpar_4.q95_w_mnoise, bwpar_5.q95_w_mnoise, bwpar_6.q95_w_mnoise, bwpar_7.q95_w_mnoise, bwpar_8.q95_w_mnoise, bwpar_9.q95_w_mnoise, bwpar_10.q95_w_mnoise, bwpar_11.q95_w_mnoise, bwpar_12.q95_w_mnoise, bwpar_13.q95_w_mnoise, bwpar_14.q95_w_mnoise, bwpar_15.q95_w_mnoise, bwpar_1.var_w_mnoise, bwpar_2.var_w_mnoise, bwpar_3.var_w_mnoise, bwpar_4.var_w_mnoise, bwpar_5.var_w_mnoise, bwpar_6.var_w_mnoise, bwpar_7.var_w_mnoise, bwpar_8.var_w_mnoise, bwpar_9.var_w_mnoise, bwpar_10.var_w_mnoise, bwpar_11.var_w_mnoise, bwpar_12.var_w_mnoise, bwpar_13.var_w_mnoise, bwpar_14.var_w_mnoise, bwpar_15.var_w_mnoise
1, 2.5, 0.47946, 0.05863, 0.19988, 0.83333, 0.85669, 0.81227, 1.0873, 1.38, 0.39822, 0.43119, 1.0617, 0.57231, 0.69524, 0.01855, 8.2264, 1.2439, 0.00839, 4.3326, 0.31149, 0.02851, 0.99927, 1.0009, 1.2847, 0.38216, 0.41206, 2.4277, 1.4862, 0.77841, 0.0093202, 6.0948, 0.67387, 0.0044798, 4.4876, 0.54639, 0.050679, 0.82561, 0.94859, 0.8826, 0.24262, 0.17145, 1.9894, -0.021663, 0.63788, 0.0022993, 4.7886, -0.061496, -0.0068743, 2.3861, 0.54062, 0.034591, 1.1729, 1.0533, 1.6867, 0.5217, 0.65267, 2.8659, 2.994, 0.91893, 0.016341, 7.401, 1.4092, 0.015834, 6.5892, 0.55216, 0.066767, 0.011146, 0.0010125, 0.059748, 0.0071972, 0.021398, 0.070994, 0.84033, 0.0072988, 1.8219e-05, 0.63062, 0.19987, 4.7649e-05, 1.6324, 1.231e-05, 9.5664e-05, 0.2213, 0.90348, 0.54769, 0.13224, 0.096293, -0.32384, -0.75107, 0.49638, -0.0058254, 1.7572, -0.30869, -0.0099401, 0.89865, -0.80296, 0.026189, 1.7772, 1.0984, 2.0216, 0.63209, 0.72783, 5.1791, 3.7234, 1.0604, 0.024466, 10.432, 1.6564, 0.0189, 8.0766, 1.8957, 0.075169, 0.2237, 0.0035098, 0.20074, 0.023087, 0.036854, 2.7982, 1.85, 0.029399, 8.4785e-05, 6.9543, 0.35683, 7.6855e-05, 4.7609, 0.67297, 0.00022168
2, 4, 0.29084, 0.13792, 0.19995, 1.1111, 0.3202, 1.833, 0.97656, 1.8305, 0.45665, 0.57029, 1.069, 1.1707, 0.97682, 0.00127, 4.5274, 1.0832, 0.00311, 9.3245, 0.46392, 0.05143, 1.0743, 0.99538, 1.4826, 0.45075, 0.55082, 1.5401, 0.79601, 0.82823, 0.0022124, 5.3289, 0.8715, 0.0055874, 3.9481, 0.8483, 0.05395, 0.91229, 0.96127, 1.231, 0.37315, 0.44684, 1.1169, -0.007312, 0.7346, -0.0027762, 4.1905, 0.53728, 0.00087897, 2.7148, 0.84253, 0.045128, 1.2363, 1.0295, 1.7342, 0.52834, 0.65479, 1.9632, 1.5993, 0.92186, 0.007201, 6.4672, 1.2057, 0.010296, 5.1814, 0.85407, 0.062772, 0.0097033, 0.00043002, 0.023396, 0.0022255, 0.0039959, 0.06619, 0.23852, 0.0032401, 9.1981e-06, 0.47893, 0.041286, 8.194e-06, 0.56216, 1.2307e-05, 2.8764e-05, 0.29886, 0.90639, 0.81569, 0.22936, 0.32141, -1.2091, -1.0417, 0.56639, -0.012105, 1.0388, 0.13913, -0.0044718, 0.78814, -0.50105, 0.033486, 1.8498, 1.0844, 2.1495, 0.67213, 0.78022, 4.2892, 2.6337, 1.0901, 0.01653, 9.6189, 1.6039, 0.015647, 7.108, 2.1976, 0.074414, 0.22226, 0.0029273, 0.16439, 0.018115, 0.019452, 2.7934, 1.2482, 0.02534, 7.5764e-05, 6.8026, 0.19825, 3.74e-05, 3.6907, 0.67297, 0.00015478
3, 5.3333, 0.35833, 0.05406, 0.04308, 1.3368, 0.37016, 1.633, 1.081, 1.0542, 0.24966, 0.87643, 5.1546, 6.7792, 0.86043, 0.0225, 1.3707, 0.0227, 0.00683, 1.9686, 0.64833, 0.07126, 1.138, 1.0374, 1.3968, 0.22829, 0.48037, 1.7158, 3.5017, 0.81094, 0.014113, 7.1248, 0.66584, 0.022018, 3.8928, 0.79068, 0.064471, 0.95648, 0.98934, 1.0468, 0.11717, 0.29785, 1.228, 2.2723, 0.68305, 0.0078346, 5.7604, 0.10884, 0.014369, 2.1401, 0.78491, 0.051201, 1.3195, 1.0854, 1.7469, 0.33941, 0.66288, 2.2037, 4.731, 0.93883, 0.020391, 8.4892, 1.2228, 0.029666, 5.6456, 0.79645, 0.07774, 0.012177, 0.00085241, 0.04528, 0.0045639, 0.012312, 0.087974, 0.55858, 0.0060453, 1.4567e-05, 0.68807, 0.11467, 2.1622e-05, 1.1355, 1.2308e-05, 6.508e-05, 0.35823, 0.94216, 0.68693, -0.0069537, 0.20627, -1.044, 1.4418, 0.53499, -0.00070331, 2.7692, -0.19143, 0.010291, 0.49631, -0.55867, 0.041733, 1.9177, 1.1326, 2.1068, 0.46353, 0.75446, 4.4757, 5.5615, 1.0869, 0.028928, 11.48, 1.5231, 0.033745, 7.2894, 2.14, 0.087209, 0.22473, 0.0033497, 0.18627, 0.020453, 0.027768, 2.8152, 1.5682, 0.028145, 8.1134e-05, 7.0118, 0.27163, 5.0828e-05, 4.264, 0.67297, 0.00019109
4, 2.5, 0.13114, 0.11054, 0.25389, 0.97222, 0.42379, 0.88513, 0.94691, 1.3673, 0.69261, 0.85921, 2.5579, 1.0546, 0.53489, 0.00371, 0.3588, 0.53943, 0.00061, 2.3382, 1.1408, 0.02865, 0.92898, 1.0128, 1.2094, 0.62629, 0.58543, 1.7605, 1.1801, 0.66446, 0.0068063, 3.3803, 0.63878, 0.0064962, 4.5575, 1.0955, 0.047072, 0.7678, 0.97149, 0.87731, 0.47752, 0.40666, 1.3505, -0.32155, 0.53829, 0.00016712, 2.0361, -0.032193, -0.0032468, 2.7338, 1.0897, 0.031382, 1.0901, 1.0541, 1.5416, 0.77506, 0.76419, 2.1704, 2.6817, 0.79063, 0.013446, 4.7245, 1.3098, 0.016239, 6.3812, 1.1013, 0.062762, 0.0096011, 0.00063028, 0.040772, 0.0081806, 0.011812, 0.062121, 0.83343, 0.005884, 1.6292e-05, 0.66785, 0.1664, 3.5085e-05, 1.2293, 1.2307e-05, 9.0992e-05, 0.1537, 0.9208, 0.50818, 0.3711, 0.31381, -0.98665, -1.053, 0.3893, -0.0081662, -0.96899, -0.29657, -0.0066925, 1.1238, -0.25386, 0.022841, 1.7042, 1.1048, 1.9107, 0.88148, 0.85704, 4.5076, 3.4131, 0.93962, 0.021779, 7.7295, 1.5741, 0.019685, 7.9912, 2.4448, 0.071302, 0.22215, 0.0031275, 0.18177, 0.02407, 0.027268, 2.7894, 1.8431, 0.027984, 8.2858e-05, 6.9916, 0.32336, 6.4291e-05, 4.3578, 0.67297, 0.00021701
5, 3, 0.24453, 0.05395, 0.11871, 1.5151, 0.59776, 0.55993, 0.90153, 1.752, 0.16836, 0.42723, 7.2512, 6.4201, 0.49806, 0.02915, 0.45405, 0.26621, 0.00774, 4.9483, 0.69782, 0.04736, 0.78365, 1.0263, 1.2245, 0.45003, 0.41582, 1.925, 1.2756, 0.76832, 0.0066069, 5.0729, 0.82484, 0.007706, 5.5573, 0.91, 0.053301, 0.63625, 0.99156, 0.92619, 0.34087, 0.2776, 1.5369, -0.21455, 0.65843, 0.00096658, 3.9622, 0.12232, -0.0050136, 4.0167, 0.90423, 0.040729, 0.93106, 1.0611, 1.5229, 0.55919, 0.55403, 2.313, 2.7658, 0.87821, 0.012247, 6.1836, 1.5274, 0.020426, 7.0979, 0.91577, 0.065873, 0.008031, 0.00044633, 0.032896, 0.004404, 0.0070612, 0.055653, 0.82076, 0.0044633, 1.1759e-05, 0.45598, 0.18242, 5.9799e-05, 0.87724, 1.2306e-05, 5.8416e-05, 0.011124, 0.93707, 0.53862, 0.21571, 0.16899, -0.81899, -0.94975, 0.50024, -0.0079503, 0.79005, -0.13339, -0.0078119, 2.2653, -0.43935, 0.030963, 1.5562, 1.1156, 1.9104, 0.68435, 0.66264, 4.6689, 3.501, 1.0364, 0.021164, 9.3557, 1.7831, 0.023224, 8.8494, 2.2594, 0.075639, 0.22058, 0.0029436, 0.17389, 0.020294, 0.022517, 2.7829, 1.8304, 0.026563, 7.8325e-05, 6.7797, 0.33938, 8.9005e-05, 4.0058, 0.67297, 0.00018443
6, 4.4984, 0.33805, 0.06971, 0.10139, 0.79167, 0.36058, 0.79565, 0.93252, 1.8733, 0.14583, 0.64376, 0.81153, 0.96056, 0.43328, 0.04854, 4.8255, 0.01387, 0.00907, 3.2548, 0.52472, 0.06344, 1.0929, 1.021, 1.6395, 0.28057, 0.51006, 1.4326, 3.4796, 0.81185, 0.010643, 5.2155, 0.2011, 0.010748, 3.638, 0.71968, 0.057451, 0.93692, 0.98275, 1.3356, 0.20742, 0.36813, 1.0304, 2.444, 0.70566, 0.0055923, 4.1749, -0.24286, 0.0043988, 2.3535, 0.71391, 0.046332, 1.2488, 1.0593, 1.9434, 0.35373, 0.65198, 1.8349, 4.5153, 0.91804, 0.015694, 6.2561, 0.64505, 0.017097, 4.9225, 0.72545, 0.068571, 0.0089893, 0.00054143, 0.034134, 0.0019781, 0.0074449, 0.059816, 0.39644, 0.0041676, 9.4293e-06, 0.40023, 0.072849, 1.49e-05, 0.6098, 1.2307e-05, 4.5698e-05, 0.31867, 0.93035, 0.95114, 0.060705, 0.26114, -1.3133, 1.5292, 0.54526, -0.0036959, 0.95031, -0.58742, -0.00017575, 0.45772, -0.62967, 0.035897, 1.8671, 1.1117, 2.3278, 0.50044, 0.75897, 4.1786, 5.4301, 1.0784, 0.024982, 9.4807, 0.98962, 0.021672, 6.8183, 2.069, 0.079005, 0.22154, 0.0030387, 0.17513, 0.017868, 0.022901, 2.787, 1.4061, 0.026268, 7.5996e-05, 6.7239, 0.22981, 4.4106e-05, 3.7383, 0.67297, 0.00017171
7, 2, 0.09264, 0.0611, 0.34991, 1.3333, 0.66775, 1.023, 1.0096, 1.7243, 0.73859, 0.79833, 0.77002, 0.55564, 0.871, 0.00051, 0.71047, 1.9766, 0.00365, 2.6854, 1.0026, 0.05222, 0.9143, 1.0465, 1.1076, 0.48453, 0.481, 2.0733, 0.79606, 0.71873, 0.0066294, 2.0798, 0.90455, 0.0075635, 4.0479, 1.4862, 0.068423, 0.74492, 1.0108, 0.79327, 0.35529, 0.30185, 1.6454, -0.37603, 0.61641, 0.0010161, 0.68367, 0.17845, -0.0012069, 2.4656, 1.4804, 0.055468, 1.0837, 1.0822, 1.422, 0.61377, 0.66016, 2.5011, 1.9682, 0.82106, 0.012243, 3.476, 1.6307, 0.016334, 5.6302, 1.4919, 0.081378, 0.010604, 0.00047036, 0.036522, 0.0061736, 0.011863, 0.067655, 0.50777, 0.0038698, 1.1646e-05, 0.72048, 0.19487, 2.843e-05, 0.92543, 1.2308e-05, 6.2031e-05, 0.13728, 0.95688, 0.41459, 0.24021, 0.20913, -0.67658, -1.2301, 0.45366, -0.0079173, -2.2858, -0.071097, -0.004924, 0.7361, 0.13681, 0.045867, 1.6913, 1.1361, 1.8006, 0.72885, 0.75287, 4.8231, 2.8223, 0.9838, 0.021176, 6.4454, 1.8802, 0.020051, 7.3597, 2.8355, 0.090979, 0.22316, 0.0029676, 0.17752, 0.022063, 0.027319, 2.7949, 1.5174, 0.02597, 7.8212e-05, 7.0442, 0.35183, 5.7636e-05, 4.0539, 0.67297, 0.00018805
8, 4.4984, 0.33805, 0.06971, 0.10139, 0.79167, 0.36058, 1.8536, 1.0883, 1.9676, 0.08987, 0.49055, 0.38119, 6.3728, 0.96148, 0.00753, 2.4561, 0.03855, 0.01783, 3.045, 0.38185, 0.06782, 1.0481, 0.98724, 1.6166, 0.28754, 0.58386, 1.4421, 1.3545, 0.71224, 0.016452, 5.3655, 0.18964, 0.0062789, 3.6789, 0.71968, 0.055863, 0.89218, 0.94897, 1.3128, 0.21438, 0.44193, 1.0398, 0.31885, 0.60605, 0.011402, 4.3249, -0.25431, -7.0446e-05, 2.3944, 0.71391, 0.044744, 1.2041, 1.0255, 1.9205, 0.36069, 0.72578, 1.8444, 2.3902, 0.81843, 0.021503, 6.4061, 0.6336, 0.012628, 4.9634, 0.72545, 0.066982, 0.0089893, 0.00054143, 0.034134, 0.0019781, 0.0074449, 0.059816, 0.39644, 0.0041676, 9.4293e-06, 0.40023, 0.072849, 1.49e-05, 0.6098, 1.2307e-05, 4.5698e-05, 0.27393, 0.89657, 0.92831, 0.067671, 0.33494, -1.3039, -0.59595, 0.44565, 0.0021133, 1.1003, -0.59888, -0.004645, 0.49862, -0.62967, 0.034309, 1.8223, 1.0779, 2.305, 0.50741, 0.83277, 4.1881, 3.305, 0.97883, 0.030791, 9.6307, 0.97816, 0.017203, 6.8592, 2.069, 0.077417, 0.22154, 0.0030387, 0.17513, 0.017868, 0.022901, 2.787, 1.4061, 0.026268, 7.5996e-05, 6.7239, 0.22981, 4.4106e-05, 3.7383, 0.67297, 0.00017171
9, 4, 0.25756, 0.09774, 0.21, 1.5, 0.38708, 0.80888, 0.96822, 1.9965, 0.35204, 0.52437, 0.40713, 1.5386, 0.85234, 0.00013, 0.85966, 1.2515, 0.00198, 3.1628, 1.1869, 0.04649, 1.1033, 0.99625, 1.4444, 0.48369, 0.51611, 1.5154, 1.1777, 0.81568, 0.0044481, 5.1576, 0.60217, 0.0033571, 5.0941, 1.0569, 0.053527, 0.93196, 0.95489, 1.1356, 0.39685, 0.33147, 1.1166, -0.2895, 0.70525, -0.0013525, 3.868, -0.10777, -0.0058185, 3.5779, 1.0512, 0.039492, 1.2746, 1.0376, 1.7533, 0.57053, 0.70076, 1.9142, 2.6449, 0.92611, 0.010249, 6.4473, 1.3121, 0.012533, 6.6103, 1.0627, 0.067562, 0.010846, 0.00063227, 0.035263, 0.0027876, 0.012602, 0.058785, 0.79563, 0.0045072, 1.2436e-05, 0.61474, 0.18629, 3.1118e-05, 0.84969, 1.2306e-05, 7.2808e-05, 0.32582, 0.90423, 0.75388, 0.2589, 0.24059, -1.2301, -1.0324, 0.54738, -0.010172, 0.82492, -0.36151, -0.0094182, 1.8134, -0.29242, 0.030334, 1.8807, 1.0883, 2.135, 0.70848, 0.79163, 4.2608, 3.3877, 1.084, 0.019068, 9.4903, 1.5658, 0.016132, 8.3748, 2.4063, 0.07672, 0.2234, 0.0031295, 0.17626, 0.018677, 0.028058, 2.786, 1.8053, 0.026607, 7.9002e-05, 6.9384, 0.34325, 6.0324e-05, 3.9782, 0.67297, 0.00019882
10, 2, 0.16718, 0.11289, 0.56689, 1.3123, 0.52876, 0.97247, 0.93562, 1.2127, 0.15669, 0.52852, 2.2164, 0.89257, 0.2654, 0.00597, 0.57087, 1.1129, 0.00026, 1.604, 1.4799, 0.07342, 1.2196, 0.99412, 1.2565, 0.53004, 0.20623, 1.5714, 1.2642, 0.56671, 0.0046461, 3.4805, 0.81536, 0.0061129, 2.1072, 1.5979, 0.049589, 1.0495, 0.94424, 0.9161, 0.35149, -0.030649, 1.1205, -0.24406, 0.42149, -0.0024851, 2.0139, 0.10004, -0.0057605, 0.01253, 1.5921, 0.033351, 1.3897, 1.044, 1.5969, 0.70859, 0.44311, 2.0224, 2.7725, 0.71194, 0.011777, 4.9471, 1.5307, 0.017986, 4.2018, 1.6036, 0.065827, 0.010694, 0.00091931, 0.042824, 0.011783, 0.02074, 0.07517, 0.84083, 0.007795, 1.8796e-05, 0.79502, 0.18912, 5.2107e-05, 1.6217, 1.2308e-05, 9.7456e-05, 0.44245, 0.89797, 0.55127, 0.25642, -0.1067, -1.1821, -0.97333, 0.28231, -0.010551, -0.90812, -0.15229, -0.0087193, -1.4778, 0.2485, 0.025, 1.9968, 1.0903, 1.9617, 0.80366, 0.51917, 4.325, 3.5017, 0.85111, 0.019843, 7.8691, 1.783, 0.020945, 5.6921, 2.9472, 0.074177, 0.22325, 0.0034166, 0.18382, 0.027673, 0.036196, 2.8024, 1.8505, 0.029895, 8.5363e-05, 7.1187, 0.34608, 8.1313e-05, 4.7502, 0.67297, 0.00022347
11, 1.6364, 0.47111, 0.07152, 0, 0.97222, 1.022, 0.20239, 0.98345, 1.4928, 0.06478, 0.16837, 9.2504, 1.5595, 0.91434, 0.04154, 6.2886, 0.93332, 0.00695, 3.8898, 0.65178, 0.09161, 0.60281, 1.0002, 1.0374, 0.27239, 0.39916, 3.0509, 1.2529, 0.81367, 0.012137, 5.3329, 0.56146, 0.0045253, 5.2841, 0.13779, 0.041815, 0.4249, 0.94812, 0.65971, 0.09487, 0.16405, 2.541, -0.25475, 0.66432, 0.0048819, 3.8351, -0.10518, -0.0064128, 3.0841, 0.13201, 0.025428, 0.78071, 1.0524, 1.4151, 0.44992, 0.63428, 3.5607, 2.7606, 0.96303, 0.019392, 6.8308, 1.2281, 0.015464, 7.4842, 0.14356, 0.058201, 0.011698, 0.0010043, 0.052721, 0.011648, 0.020432, 0.096094, 0.84017, 0.0082448, 1.9455e-05, 0.82924, 0.16426, 4.4222e-05, 1.789, 1.231e-05, 9.925e-05, -0.17612, 0.90292, 0.31343, -0.00056179, 0.087563, 0.28705, -0.98421, 0.52714, -0.0031187, 0.93379, -0.37078, -0.0095694, 1.6366, -1.2116, 0.017127, 1.3817, 1.0976, 1.7613, 0.54535, 0.71077, 5.8147, 3.4901, 1.1002, 0.027392, 9.7321, 1.4937, 0.01862, 8.9317, 1.4871, 0.066502, 0.22425, 0.0035016, 0.19371, 0.027538, 0.035887, 2.8233, 1.8498, 0.030345, 8.6021e-05, 7.153, 0.32122, 7.3427e-05, 4.9175, 0.67297, 0.00022526
12, 8, 0.44876, 0.04706, 0.28113, 1.3333, 0.368, 0.89874, 1.0853, 1.9079, 0.44933, 0.5498, 1.3811, 0.86589, 0.82567, 0.00181, 8.7442, 0.43533, 0.00173, 8.91, 2.0326, 0.07183, 1.4169, 1.042, 1.3189, 0.53101, 0.66615, 2.0012, 1.0832, 0.79363, 0.0067828, 7.1174, 0.60315, 0.010156, 4.1324, 1.488, 0.060583, 1.2309, 0.99301, 0.94515, 0.38898, 0.47891, 1.4434, -0.41861, 0.65901, 5.7222e-05, 5.692, -0.12378, -0.0033492, 2.2204, 1.4822, 0.04634, 1.603, 1.0911, 1.6926, 0.67303, 0.85339, 2.559, 2.5851, 0.92825, 0.013508, 8.5428, 1.3301, 0.023662, 6.0443, 1.4938, 0.074826, 0.012793, 0.00088869, 0.051625, 0.0074557, 0.012958, 0.11501, 0.83369, 0.0066984, 1.6719e-05, 0.75096, 0.19531, 6.7418e-05, 1.3511, 1.231e-05, 7.4982e-05, 0.63612, 0.94633, 0.59698, 0.27969, 0.38888, -0.77184, -1.15, 0.5145, -0.0082282, 2.7424, -0.37312, -0.0060121, 0.65103, 0.13866, 0.037264, 2.1978, 1.1378, 2.0408, 0.78233, 0.94341, 4.7743, 3.3165, 1.0728, 0.021794, 11.492, 1.5794, 0.026325, 7.6138, 2.8374, 0.083903, 0.22535, 0.003386, 0.19262, 0.023345, 0.028414, 2.8422, 1.8433, 0.028798, 8.3285e-05, 7.0747, 0.35227, 9.6623e-05, 4.4797, 0.67297, 0.000201
13, 6.5574, 0.12218, 0.03547, 0.13607, 1.9174, 0.31909, 0.36056, 1.0875, 0.69361, 0.36405, 0.44787, 4.3688, 1.4497, 0.54341, 0.00044, 2.9662, 0.83681, 0.0043, 2.268, 3.2194, 0.07002, 1.0926, 1.0198, 1.2385, 0.47901, 0.52193, 1.9049, 0.93585, 0.77956, 0.0037548, 4.6394, 0.72118, 0.007851, 4.3769, 1.7047, 0.065427, 0.90741, 0.97959, 0.94068, 0.34105, 0.30946, 1.4139, -0.56221, 0.65463, -0.0025214, 3.1521, 0.034688, -0.0030573, 2.5867, 1.6989, 0.050071, 1.2777, 1.06, 1.5364, 0.61697, 0.73441, 2.396, 2.4339, 0.90448, 0.010031, 6.1268, 1.4077, 0.018759, 6.1671, 1.7104, 0.080783, 0.01267, 0.00059826, 0.032794, 0.0070349, 0.016686, 0.089127, 0.82947, 0.0057684, 1.4559e-05, 0.81768, 0.17419, 4.398e-05, 1.1845, 1.2307e-05, 8.7154e-05, 0.31195, 0.9283, 0.55284, 0.22997, 0.22704, -0.85545, -1.2948, 0.50497, -0.01106, 0.24383, -0.22536, -0.0062205, 0.9609, 0.3553, 0.041411, 1.8732, 1.1113, 1.9242, 0.72806, 0.81682, 4.6653, 3.1665, 1.0541, 0.01857, 9.035, 1.6677, 0.021923, 7.7929, 3.054, 0.089442, 0.22522, 0.0030955, 0.17379, 0.022924, 0.032142, 2.8164, 1.8391, 0.027868, 8.1125e-05, 7.1414, 0.33115, 7.3186e-05, 4.3131, 0.67297, 0.00021317
14, 3.5, 0.38998, 0.10164, 0.15567, 1.3757, 0.52977, 0.28127, 1.0339, 0.64588, 0.42538, 0.53787, 1.4891, 0.76511, 0.93639, 4e-05, 8.3363, 1.0969, 0.00076, 3.0066, 1.9098, 0.07123, 0.99624, 1.0309, 1.0297, 0.46455, 0.51101, 1.864, 1.139, 0.81812, 0.005223, 5.5111, 0.97399, 0.0083583, 3.6304, 0.65749, 0.051495, 0.82311, 0.98584, 0.69644, 0.35081, 0.33143, 1.4367, -0.3074, 0.6899, -0.0011031, 4.2343, 0.43864, -2.2293e-05, 1.8553, 0.65172, 0.036452, 1.1694, 1.076, 1.363, 0.57829, 0.69059, 2.2914, 2.5853, 0.94634, 0.011549, 6.7879, 1.5093, 0.016739, 5.4054, 0.66326, 0.066537, 0.011079, 0.00075084, 0.041052, 0.0047816, 0.011919, 0.067504, 0.77322, 0.0060767, 1.4791e-05, 0.60255, 0.10593, 2.596e-05, 1.1646, 1.2308e-05, 8.3635e-05, 0.21839, 0.93716, 0.3279, 0.22806, 0.23886, -0.88576, -1.0573, 0.54202, -0.0096134, 1.1822, 0.13062, -0.0038586, 0.22226, -0.69186, 0.027678, 1.7741, 1.1247, 1.7315, 0.70104, 0.78316, 4.6138, 3.3353, 1.0942, 0.020059, 9.84, 1.8174, 0.020575, 7.0384, 2.0068, 0.075311, 0.22363, 0.0032481, 0.18205, 0.020671, 0.027375, 2.7947, 1.7829, 0.028177, 8.1358e-05, 6.9263, 0.26289, 5.5165e-05, 4.2931, 0.67297, 0.00020965
15, 6.0132, 0.26546, 0.04042, 0.0685, 0.93291, 0.325, 0.61725, 1.0542, 1.9677, 0.35764, 0.66747, 1.2401, 0.52901, 0.85289, 0.00097, 9.4284, 0.63557, 0.00368, 7.0911, 0.58669, 0.05815, 1.1196, 1.0135, 1.2501, 0.29347, 0.55394, 1.7381, 1.5289, 0.79734, 0.0079044, 5.3208, 0.81775, 0.0042289, 4.1693, 1.0898, 0.065105, 0.94048, 0.96468, 0.87514, 0.17582, 0.33138, 1.2447, 0.030314, 0.66143, 0.0019005, 3.9348, 0.12358, -0.0065619, 2.5246, 1.0841, 0.048986, 1.2988, 1.0622, 1.625, 0.41112, 0.77651, 2.2316, 3.0274, 0.93324, 0.013908, 6.7067, 1.5119, 0.01502, 5.814, 1.0956, 0.081223, 0.011863, 0.00087963, 0.051953, 0.005116, 0.018309, 0.089995, 0.83003, 0.0068267, 1.3323e-05, 0.70998, 0.1781, 4.3038e-05, 0.9998, 1.2308e-05, 9.6028e-05, 0.34042, 0.91788, 0.52754, 0.055079, 0.2517, -1.0227, -0.70213, 0.51758, -0.0067974, 0.95845, -0.13437, -0.0097518, 0.82725, -0.25952, 0.040595, 1.8988, 1.109, 1.9726, 0.53187, 0.85619, 4.4989, 3.7599, 1.0771, 0.022606, 9.6831, 1.7699, 0.01821, 7.5114, 2.4392, 0.089615, 0.22442, 0.0033769, 0.19295, 0.021006, 0.033765, 2.8172, 1.8397, 0.028927, 7.9889e-05, 7.0337, 0.33507, 7.2244e-05, 4.1283, 0.67297, 0.00022204
16, 2, 0.23842, 0.10557, 0.19966, 0.91398, 0.62467, 0.23749, 0.9285, 1.9162, 0.62473, 0.30155, 2.945, 0.80283, 0.7992, 0.00016, 7.1011, 0.13177, 0.00029, 2.8981, 1.9696, 0.04316, 0.85339, 0.98502, 1.3058, 0.6386, 0.48827, 2.3291, 1.1604, 0.74347, 0.0075264, 4.4869, 0.79402, 0.0047869, 5.217, 0.79425, 0.045544, 0.69398, 0.93716, 0.95549, 0.51096, 0.28397, 1.9145, -0.34103, 0.61376, 0.0014144, 3.2669, 0.067059, -0.0074359, 3.4194, 0.78848, 0.029727, 1.0128, 1.0329, 1.6561, 0.76623, 0.69258, 2.7437, 2.6617, 0.87318, 0.013638, 5.7069, 1.521, 0.01701, 7.0145, 0.80002, 0.061361, 0.009392, 0.00084694, 0.045352, 0.0060213, 0.015428, 0.063539, 0.83317, 0.0062183, 1.3807e-05, 0.5501, 0.19533, 5.5219e-05, 1.1943, 1.2307e-05, 9.2468e-05, 0.078482, 0.8899, 0.59573, 0.39512, 0.19921, -0.4187, -1.0725, 0.46667, -0.0072199, 0.17444, -0.18227, -0.010327, 1.7971, -0.5551, 0.021231, 1.6283, 1.0801, 2.0158, 0.88207, 0.77733, 5.077, 3.3933, 1.0203, 0.022273, 8.7994, 1.7703, 0.0199, 8.6368, 2.1436, 0.069857, 0.22195, 0.0033442, 0.18635, 0.021911, 0.030883, 2.7908, 1.8428, 0.028318, 8.0373e-05, 6.8738, 0.35229, 8.4425e-05, 4.3228, 0.67297, 0.00021848
17, 2.25, 0.30301, 0.08051, 0.07844, 1.5132, 0.67066, 0.20141, 0.92282, 1.8492, 0.1746, 0.37176, 5.0099, 4.0041, 0.78876, 0.02767, 9.0316, 0.41524, 0.00539, 2.2602, 0.70514, 0.04915, 0.83639, 0.95517, 1.2565, 0.31906, 0.29642, 2.5671, 1.2383, 0.76864, 0.011278, 5.0843, 0.49561, 0.0057434, 4.7613, 0.59797, 0.041569, 0.67091, 0.92258, 0.99595, 0.21803, 0.17169, 2.1623, 0.24253, 0.66866, 0.0061591, 3.915, 0.084996, -0.00048613, 3.4056, 0.5922, 0.031307, 1.0019, 0.98776, 1.517, 0.42009, 0.42115, 2.9718, 2.2341, 0.86861, 0.016397, 6.2536, 0.90622, 0.011973, 6.117, 0.60374, 0.051831, 0.010122, 0.0003926, 0.025092, 0.0037729, 0.00575, 0.060544, 0.36652, 0.0036942, 9.6851e-06, 0.50537, 0.062318, 1.4344e-05, 0.67932, 1.2306e-05, 3.8921e-05, 0.060208, 0.86675, 0.58616, 0.088413, 0.056891, -0.17929, -0.69125, 0.50447, -0.0030852, 0.78586, -0.27463, -0.0051113, 1.5515, -0.75138, 0.020445, 1.6126, 1.0436, 1.9268, 0.54971, 0.53595, 5.3134, 3.1679, 1.0328, 0.025641, 9.3827, 1.2659, 0.016598, 7.971, 1.9473, 0.062693, 0.22268, 0.0028899, 0.16609, 0.019662, 0.021206, 2.7878, 1.3762, 0.025794, 7.6251e-05, 6.8291, 0.21928, 4.3549e-05, 3.8078, 0.67297, 0.00016494
18, 4, 0.29084, 0.13792, 0.19995, 1.1111, 0.3202, 1.2911, 1.0642, 1.2225, 0.54347, 0.49418, 1.383, 0.11287, 0.75468, 0.00147, 4.0265, 0.79872, 0.01305, 2.9969, 0.74897, 0.06345, 1.0991, 0.98029, 1.5835, 0.43859, 0.57049, 1.5324, 1.0459, 0.8608, 0.0021848, 5.3668, 0.94632, 0.0027986, 5.0851, 0.84829, 0.051206, 0.93703, 0.94618, 1.3319, 0.36099, 0.46652, 1.1093, 0.24259, 0.76717, -0.0028038, 4.2285, 0.6121, -0.0019098, 3.8518, 0.84252, 0.042385, 1.2611, 1.0144, 1.8351, 0.51618, 0.67447, 1.9556, 1.8492, 0.95443, 0.0071734, 6.5051, 1.2805, 0.007507, 6.3184, 0.85406, 0.060028, 0.0097033, 0.00043002, 0.023396, 0.0022255, 0.0039959, 0.06619, 0.23852, 0.0032401, 9.1981e-06, 0.47893, 0.041286, 8.194e-06, 0.56216, 1.2307e-05, 2.8764e-05, 0.3236, 0.8913, 0.91658, 0.2172, 0.34109, -1.2167, -0.79175, 0.59896, -0.012132, 1.0767, 0.21395, -0.0072606, 1.9251, -0.50106, 0.030743, 1.8745, 1.0693, 2.2504, 0.65997, 0.7999, 4.2816, 2.8836, 1.1226, 0.016502, 9.6569, 1.6787, 0.012858, 8.245, 2.1976, 0.07167, 0.22226, 0.0029273, 0.16439, 0.018115, 0.019452, 2.7934, 1.2482, 0.02534, 7.5764e-05, 6.8026, 0.19825, 3.74e-05, 3.6907, 0.67297, 0.00015478
19, 4.56, 0.08105, 0.08646, 0.3, 1.0417, 0.27718, 1.4479, 0.98909, 1.2872, 0.52359, 0.53536, 1.2386, 1.0729, 0.69251, 0.01595, 2.9169, 0.78989, 0.02172, 8.5994, 0.67804, 0.05496, 1.1384, 1.0383, 1.168, 0.67696, 0.62195, 1.1635, 1.0961, 0.76196, 0.0036995, 3.355, 0.58928, 0.016441, 6.3783, 1.5847, 0.053264, 0.97733, 1.0045, 0.88996, 0.55187, 0.47829, 0.74902, -0.01627, 0.65421, -0.0021694, 1.9888, 0.13621, 0.0095622, 4.8047, 1.579, 0.041333, 1.2995, 1.072, 1.4461, 0.80205, 0.76561, 1.5779, 2.2085, 0.86972, 0.0095685, 4.7213, 1.0424, 0.023321, 7.9519, 1.5905, 0.065194, 0.0095892, 0.00042048, 0.028578, 0.0057835, 0.0076282, 0.063487, 0.45735, 0.0042915, 1.2731e-05, 0.68996, 0.075871, 1.7491e-05, 0.91525, 1.2308e-05, 5.2607e-05, 0.36315, 0.94941, 0.49068, 0.43481, 0.37204, -1.5843, -0.89615, 0.49475, -0.010948, -1.0011, -0.20441, 0.0052012, 3.0707, 0.2354, 0.03128, 1.9137, 1.1271, 1.8454, 0.91911, 0.87186, 3.9113, 3.0884, 1.0292, 0.018347, 7.7112, 1.383, 0.027682, 9.686, 2.9341, 0.075247, 0.22214, 0.0029177, 0.16957, 0.021673, 0.023084, 2.7907, 1.467, 0.026391, 7.9297e-05, 7.0137, 0.23283, 4.6697e-05, 4.0438, 0.67297, 0.00017862
20, 1.9912, 0.27023, 0.05807, 0.30689, 1.0526, 0.71435, 1.6918, 1.0025, 1.5077, 0.23838, 0.30685, 8.142, 0.05836, 0.99276, 0.03226, 0.59444, 0.01478, 0.01515, 3.4914, 0.40701, 0.08043, 0.97612, 0.97421, 1.4287, 0.46068, 0.37604, 1.9909, 1.4953, 0.69782, 0.0097269, 3.5957, 0.73163, 0.0029475, 4.9056, 1.0393, 0.054038, 0.81605, 0.93139, 1.1105, 0.3132, 0.17109, 1.5718, -0.01255, 0.55615, 0.0028166, 2.2118, 0.082573, -0.0068002, 2.8791, 1.0335, 0.03806, 1.1362, 1.017, 1.7469, 0.60816, 0.58098, 2.4099, 3.0031, 0.83949, 0.016637, 4.9797, 1.3807, 0.012695, 6.9321, 1.0451, 0.070017, 0.0094694, 0.00067749, 0.037428, 0.0080391, 0.015525, 0.064907, 0.8403, 0.0074181, 1.765e-05, 0.70794, 0.15571, 3.512e-05, 1.5179, 1.2307e-05, 9.4365e-05, 0.20107, 0.88153, 0.73388, 0.20624, 0.086521, -0.75763, -0.74197, 0.41522, -0.0053678, -0.76597, -0.18812, -0.010245, 1.36, -0.31006, 0.02962, 1.7512, 1.0669, 2.1235, 0.71512, 0.66555, 4.7394, 3.7325, 0.98042, 0.024822, 7.9574, 1.6514, 0.01614, 8.4511, 2.3886, 0.078456, 0.22202, 0.0031748, 0.17842, 0.023929, 0.030981, 2.7921, 1.85, 0.029518, 8.4216e-05, 7.0317, 0.31267, 6.4326e-05, 4.6464, 0.67297, 0.00022038
21, 4.7, 0.39202, 0.08776, 0.4617, 1.9192, 0.50804, 1.5421, 1.0088, 1.2675, 0.45474, 0.55807, 1.3595, 0.79097, 0.64892, 0.00092, 6.793, 0.19369, 0.0047, 3.7576, 0.65062, 0.07239, 1.4338, 1.0253, 1.7098, 0.5444, 0.58918, 1.5127, 0.70666, 0.77143, 0.0040206, 5.6992, 0.53099, 0.0052711, 2.7726, 1.4747, 0.056787, 1.2636, 0.98633, 1.4247, 0.42975, 0.41375, 1.0719, -0.33798, 0.6558, -0.00199, 4.2877, 0.028781, -0.0014757, 1.0856, 1.4689, 0.044365, 1.604, 1.0643, 1.9948, 0.65906, 0.76461, 1.9534, 1.7513, 0.88705, 0.010031, 7.1106, 1.0332, 0.012018, 4.4595, 1.4805, 0.069209, 0.010708, 0.00056132, 0.030038, 0.0048588, 0.011375, 0.071806, 0.40335, 0.0049416, 1.3353e-05, 0.73631, 0.093222, 1.6824e-05, 1.0518, 1.2309e-05, 5.7037e-05, 0.65661, 0.93433, 1.0295, 0.30747, 0.31975, -1.2392, -1.2486, 0.50094, -0.010684, 1.3287, -0.29174, -0.0058885, -0.59049, 0.12534, 0.034533, 2.211, 1.1163, 2.39, 0.78133, 0.85861, 4.2646, 2.6619, 1.0419, 0.018725, 10.07, 1.3537, 0.016431, 6.1356, 2.824, 0.079041, 0.22326, 0.0030586, 0.17103, 0.020748, 0.026831, 2.799, 1.413, 0.027042, 7.9919e-05, 7.06, 0.25018, 4.603e-05, 4.1803, 0.67297, 0.00018305
22, 4.6981, 0.15862, 0.04387, 0.1029, 0.84667, 0.3102, 1.7929, 1.0952, 0.50736, 0.46387, 0.34894, 1.5752, 0.91984, 0.8057, 0.00012, 3.8981, 1.418, 0.01313, 9.6718, 0.57311, 0.05216, 0.98001, 1.0429, 0.995, 0.35883, 0.3877, 1.2855, 1.555, 0.80937, 0.0053032, 4.0577, 0.57155, 0.012677, 6.9568, 1.1337, 0.054722, 0.8262, 1.01, 0.73792, 0.28343, 0.27754, 0.87412, 0.68502, 0.7152, 0.00066594, 3.0121, 0.20415, 0.0075748, 5.7456, 1.128, 0.045348, 1.1338, 1.0758, 1.2521, 0.43423, 0.49787, 1.6969, 2.4249, 0.90354, 0.0099404, 5.1033, 0.93896, 0.01778, 8.168, 1.1395, 0.064096, 0.0087438, 0.00039971, 0.024427, 0.0021012, 0.0044858, 0.06256, 0.27972, 0.0032778, 7.9481e-06, 0.40409, 0.049892, 9.6226e-06, 0.54222, 1.2306e-05, 3.2481e-05, 0.20623, 0.95439, 0.326, 0.1382, 0.15542, -1.4618, -0.31279, 0.54734, -0.0088955, -0.20875, -0.17654, 0.0024277, 3.8054, -0.21562, 0.034014, 1.7538, 1.1315, 1.664, 0.57945, 0.61998, 4.0329, 3.4227, 1.0714, 0.019502, 8.3241, 1.3197, 0.022927, 10.108, 2.4831, 0.07543, 0.2213, 0.002897, 0.16542, 0.017991, 0.019942, 2.7898, 1.2894, 0.025378, 7.4514e-05, 6.7278, 0.20685, 3.8828e-05, 3.6707, 0.67297, 0.0001585
23, 2.5, 0.13114, 0.04582, 0.25389, 0.97222, 0.73611, 1.4919, 0.9978, 0.85206, 0.83349, 0.83054, 3.2684, 1.606, 0.69339, 0.0056, 1.38, 0.38279, 0.00446, 4.7605, 0.6188, 0.05266, 0.80838, 1.0138, 0.96542, 0.61546, 0.55653, 2.0941, 1.1772, 0.59032, 0.011548, 2.6367, 0.83197, 0.014222, 4.2847, 1.3278, 0.052763, 0.64459, 0.97261, 0.62544, 0.46075, 0.37683, 1.6786, -0.32848, 0.4637, 0.0048881, 1.283, 0.16204, 0.0025045, 2.3768, 1.322, 0.037083, 0.97217, 1.0549, 1.3054, 0.77018, 0.73623, 2.5096, 2.6829, 0.71694, 0.018209, 3.9905, 1.5019, 0.02594, 6.1926, 1.3336, 0.068443, 0.0099156, 0.00062595, 0.042722, 0.0088478, 0.011935, 0.063815, 0.83797, 0.0059259, 1.6396e-05, 0.67737, 0.16589, 5.0749e-05, 1.3454, 1.2307e-05, 9.0872e-05, 0.032557, 0.92184, 0.2604, 0.35676, 0.2843, -0.65385, -1.0586, 0.31496, -0.0034335, -1.7155, -0.10263, -0.00048569, 0.80557, -0.021567, 0.028539, 1.5842, 1.1057, 1.6704, 0.87417, 0.82876, 4.8421, 3.413, 0.86568, 0.02653, 6.9889, 1.7666, 0.02893, 7.7639, 2.6771, 0.076987, 0.22247, 0.0031232, 0.18372, 0.024737, 0.027391, 2.791, 1.8476, 0.028026, 8.2962e-05, 7.0011, 0.32285, 7.9955e-05, 4.474, 0.67297, 0.00021689
24, 6.5574, 0.1049, 0.07474, 0.41345, 0.88496, 0.25882, 0.99733, 1.0786, 0.67899, 0.7679, 0.59358, 1.6858, 0.26835, 0.50696, 0.00351, 1.9904, 0.30603, 0.03217, 2.6683, 1.047, 0.06267, 1.2105, 1.0306, 1.112, 0.52499, 0.42576, 1.382, 0.76351, 0.65678, 0.0044996, 4.5032, 0.67482, 0.010106, 3.2056, 2.061, 0.068493, 1.0432, 0.99602, 0.84046, 0.42557, 0.27789, 0.90761, -0.66495, 0.53821, -0.0017668, 3.1902, 0.10046, 0.0003831, 1.5602, 2.0552, 0.054287, 1.3778, 1.0653, 1.3836, 0.62441, 0.57364, 1.8563, 2.192, 0.77535, 0.010766, 5.8162, 1.2492, 0.019829, 4.8511, 2.0668, 0.082699, 0.010344, 0.00044312, 0.027255, 0.0036533, 0.0080825, 0.083171, 0.7542, 0.0051964, 1.4514e-05, 0.63718, 0.12193, 3.494e-05, 1.0008, 1.2308e-05, 7.459e-05, 0.43394, 0.94145, 0.43732, 0.29505, 0.17341, -1.3755, -1.421, 0.38503, -0.010311, 0.16351, -0.19383, -0.0030679, -0.13681, 0.71167, 0.045196, 1.9871, 1.1198, 1.7867, 0.75493, 0.67812, 4.1394, 2.948, 0.92854, 0.019311, 8.8429, 1.5435, 0.02328, 6.5481, 3.4104, 0.09179, 0.2229, 0.0029404, 0.16825, 0.019543, 0.023538, 2.8104, 1.7639, 0.027296, 8.108e-05, 6.9609, 0.2789, 6.4146e-05, 4.1293, 0.67297, 0.0002006
25, 4.6981, 0.16327, 0.04387, 0.1029, 0.84667, 0.31592, 1.1971, 1.0809, 0.54477, 0.35771, 0.31914, 1.2026, 1.3776, 0.86669, 0.00014, 4.4372, 0.95026, 0.00997, 9.1106, 0.69067, 0.0478, 1.0051, 1.0458, 0.98679, 0.37242, 0.40328, 1.3044, 1.3429, 0.79622, 0.0055198, 4.041, 0.75786, 0.015261, 7.0801, 1.1271, 0.055829, 0.85131, 1.011, 0.71743, 0.29844, 0.28248, 0.89351, 0.41852, 0.70024, 0.00083257, 2.9971, 0.35655, 0.0096929, 5.8553, 1.1213, 0.045984, 1.1589, 1.0806, 1.2561, 0.44639, 0.52408, 1.7153, 2.2672, 0.8922, 0.010207, 5.0849, 1.1592, 0.02083, 8.3048, 1.1328, 0.065674, 0.008743, 0.00044792, 0.026816, 0.0020225, 0.0053938, 0.06241, 0.31581, 0.0034052, 8.1204e-06, 0.40278, 0.059524, 1.1461e-05, 0.55442, 1.2306e-05, 3.5825e-05, 0.23133, 0.95652, 0.31298, 0.15228, 0.16577, -1.4428, -0.55083, 0.53353, -0.0086953, -0.22496, -0.0074612, 0.0047721, 3.9234, -0.22228, 0.034904, 1.7789, 1.1351, 1.6606, 0.59256, 0.64078, 4.0517, 3.2366, 1.0589, 0.019735, 8.3071, 1.5232, 0.025751, 10.237, 2.4764, 0.076755, 0.2213, 0.0029452, 0.16781, 0.017912, 0.02085, 2.7896, 1.3255, 0.025505, 7.4687e-05, 6.7265, 0.21649, 4.0667e-05, 3.6829, 0.67297, 0.00016184
26, 3.75, 0.72522, 0.11557, 0.2412, 0.99099, 0.57057, 1.0871, 0.99065, 1.6722, 0.31319, 0.66779, 0.7575, 0.90584, 0.89583, 0.00094, 9.2066, 0.81282, 0.00187, 4.7959, 0.41124, 0.05737, 1.3679, 0.95753, 1.7906, 0.28582, 0.54632, 1.7845, 1.6728, 0.80034, 0.0074554, 8.1352, 1.2262, 0.0018654, 3.6953, 0.13192, 0.056351, 1.1922, 0.90937, 1.4469, 0.12396, 0.33085, 1.2946, 0.167, 0.65166, 0.00050293, 6.7288, 0.7206, -0.0059189, 1.6328, 0.12615, 0.04002, 1.5436, 1.0057, 2.1344, 0.44768, 0.76179, 2.2745, 3.1785, 0.94903, 0.014408, 9.5416, 1.7317, 0.0096497, 5.7578, 0.13769, 0.072683, 0.011412, 0.00085733, 0.043678, 0.0096833, 0.01716, 0.088717, 0.83804, 0.0081713, 1.7866e-05, 0.73109, 0.094474, 2.2397e-05, 1.5723, 1.231e-05, 9.8584e-05, 0.58944, 0.86226, 1.0838, 0.022783, 0.24926, -0.97565, -0.56309, 0.51416, -0.0076587, 3.7663, 0.40139, -0.0099504, 0.12904, -1.2174, 0.031701, 2.1463, 1.0528, 2.4975, 0.54886, 0.84338, 4.5447, 3.9086, 1.0865, 0.022569, 12.504, 2.051, 0.013681, 7.2616, 1.4813, 0.081002, 0.22397, 0.0033546, 0.18467, 0.025573, 0.032616, 2.8159, 1.8477, 0.030271, 8.4432e-05, 7.0548, 0.25144, 5.1602e-05, 4.7008, 0.67297, 0.0002246
27, 1.6364, 0.50326, 0.0764, 0.12354, 0.97222, 1.0488, 0.32473, 1.0083, 0.90826, 0.32429, 0.30102, 0.79955, 0.19252, 0.63031, 2e-05, 2.7503, 0.38699, 0.00028, 2.4779, 2.2659, 0.03314, 0.73299, 0.99136, 1.2118, 0.34894, 0.33273, 3.2032, 1.2646, 0.77572, 0.012366, 5.7142, 0.76711, 0.0075621, 4.6976, 0.3056, 0.045628, 0.55546, 0.93912, 0.83379, 0.14764, 0.09819, 2.6968, -0.24307, 0.62789, 0.0051574, 4.3083, 0.10038, -0.0033862, 2.525, 0.29983, 0.029268, 0.91053, 1.0436, 1.5898, 0.55025, 0.56728, 3.7097, 2.7722, 0.92354, 0.019574, 7.1202, 1.4338, 0.01851, 6.8701, 0.31137, 0.061989, 0.01165, 0.0010089, 0.05282, 0.014978, 0.020333, 0.094802, 0.84014, 0.0080768, 1.9206e-05, 0.73064, 0.1643, 4.4304e-05, 1.7445, 1.231e-05, 9.8935e-05, -0.045847, 0.89397, 0.48768, 0.059959, 0.021563, 0.44004, -0.97254, 0.48998, -0.0028676, 1.3455, -0.1652, -0.0065405, 1.0665, -1.0438, 0.020958, 1.5118, 1.0888, 1.936, 0.63793, 0.64391, 5.9664, 3.5017, 1.0615, 0.027599, 10.083, 1.6994, 0.021665, 8.3286, 1.6549, 0.070298, 0.2242, 0.0035062, 0.19381, 0.030867, 0.035789, 2.822, 1.8498, 0.030177, 8.5772e-05, 7.0544, 0.32126, 7.3509e-05, 4.8731, 0.67297, 0.00022495
28, 2.1818, 0.29133, 0.0918, 0.25974, 1.3333, 0.64866, 0.86012, 1.01, 1.4164, 0.57783, 0.32175, 1.3124, 0.80963, 0.79559, 0.00053, 4.1451, 1.2245, 0.00235, 3.7724, 0.61854, 0.05583, 0.98907, 0.95561, 1.4283, 0.58134, 0.35538, 2.3201, 1.289, 0.76959, 0.0084388, 3.8154, 0.5752, 0.0042887, 4.4375, 0.89882, 0.04915, 0.82426, 0.91774, 1.1426, 0.43618, 0.15867, 1.9253, -0.21344, 0.63021, 0.0016517, 2.4145, -0.06603, -0.0061373, 2.4898, 0.89305, 0.033516, 1.1539, 0.99348, 1.714, 0.7265, 0.5521, 2.7149, 2.7913, 0.90897, 0.015226, 5.2163, 1.2164, 0.014715, 6.3853, 0.90459, 0.064784, 0.01004, 0.00053002, 0.030164, 0.0077887, 0.014302, 0.057599, 0.83428, 0.0071803, 1.7026e-05, 0.72536, 0.15198, 4.0178e-05, 1.4021, 1.2306e-05, 9.034e-05, 0.21303, 0.86511, 0.74781, 0.32823, 0.071639, -0.42481, -0.94462, 0.48813, -0.0065999, -0.55169, -0.33904, -0.0094123, 0.93642, -0.45053, 0.024956, 1.7651, 1.0461, 2.1088, 0.83445, 0.63913, 5.065, 3.5225, 1.051, 0.023478, 8.1825, 1.4894, 0.01799, 7.9387, 2.2482, 0.073344, 0.22259, 0.0030273, 0.17116, 0.023678, 0.029758, 2.7848, 1.8439, 0.02928, 8.3593e-05, 7.0491, 0.30894, 6.9383e-05, 4.5307, 0.67297, 0.00021635
29, 2.5, 0.13114, 0.11054, 0.42293, 0.97222, 0.48267, 0.82129, 1.0904, 1.2918, 0.43218, 0.53775, 2.8483, 6.3041, 0.50103, 0.00316, 0.34077, 0.38452, 0.00059, 1.6817, 3.5403, 0.03706, 1.0682, 0.9869, 1.2195, 0.56104, 0.30648, 1.5825, 1.1182, 0.63946, 0.0050685, 3.1455, 0.73283, 0.0087862, 2.3165, 1.4342, 0.04978, 0.90877, 0.94607, 0.89244, 0.41125, 0.12802, 1.1628, -0.38959, 0.50993, -0.0013742, 1.7505, 0.07188, -0.0015157, 0.5811, 1.4284, 0.033965, 1.2277, 1.0277, 1.5465, 0.71083, 0.48495, 2.0021, 2.626, 0.76899, 0.011511, 4.5406, 1.3938, 0.019088, 4.0518, 1.44, 0.065595, 0.0093968, 0.00061608, 0.039532, 0.0082932, 0.011772, 0.065092, 0.84027, 0.0062016, 1.5342e-05, 0.71934, 0.16147, 3.9227e-05, 1.1131, 1.2307e-05, 9.2443e-05, 0.2933, 0.89512, 0.52061, 0.30525, 0.035067, -1.1661, -1.119, 0.36275, -0.009818, -1.2197, -0.19535, -0.0048207, -1.0711, 0.084831, 0.025468, 1.8431, 1.0787, 1.9184, 0.81683, 0.5779, 4.3311, 3.3554, 0.91618, 0.019955, 7.5108, 1.661, 0.022393, 5.704, 2.7835, 0.074091, 0.22195, 0.0031133, 0.18053, 0.024183, 0.027228, 2.7923, 1.8499, 0.028302, 8.1908e-05, 7.043, 0.31843, 6.8433e-05, 4.2416, 0.67297, 0.00021846
30, 6.5574, 0.11106, 0.03446, 0.37104, 1.9174, 0.41066, 1.1811, 0.92601, 1.4125, 0.551, 0.02888, 2.4606, 0.417, 0.5345, 0.00979, 3.9031, 0.39239, 0.03163, 3.508, 2.515, 0.05273, 1.2266, 1.051, 1.0897, 0.534, 0.41128, 1.7571, 0.85908, 0.66741, 0.0055152, 3.9705, 0.84346, 0.014215, 3.3948, 2.2043, 0.062426, 1.0414, 1.0132, 0.74852, 0.37137, 0.19564, 1.2724, -0.63449, 0.54112, -0.00095816, 2.4661, 0.13055, 0.0021042, 1.5519, 2.1986, 0.046868, 1.4119, 1.0888, 1.4308, 0.69664, 0.62692, 2.2419, 2.3527, 0.79369, 0.011989, 5.475, 1.5564, 0.026326, 5.2377, 2.2101, 0.077984, 0.012687, 0.0005293, 0.043014, 0.0097758, 0.017187, 0.086851, 0.82451, 0.0058944, 1.5488e-05, 0.83656, 0.18785, 5.4212e-05, 1.2553, 1.2308e-05, 8.9465e-05, 0.44601, 0.96052, 0.38408, 0.27049, 0.1141, -1.0022, -1.3686, 0.3922, -0.0093846, -0.43089, -0.12241, -0.00080791, -0.049146, 0.85499, 0.038281, 2.0073, 1.1415, 1.7952, 0.79752, 0.70846, 4.5164, 3.0867, 0.94262, 0.020415, 8.3719, 1.8093, 0.029238, 6.8387, 3.5537, 0.086571, 0.22524, 0.0030266, 0.18401, 0.025665, 0.032643, 2.8141, 1.8342, 0.027994, 8.2054e-05, 7.1603, 0.34481, 8.3418e-05, 4.3838, 0.67297, 0.00021548
31, 3, 0.34793, 0.07308, 0.09056, 0.66146, 0.50163, 1.3477, 1.0657, 0.86327, 0.28051, 0.61531, 1.3444, 0.47851, 0.65825, 0.01039, 3.7559, 0.26498, 0.00555, 3.5536, 0.33668, 0.06186, 0.90333, 0.98706, 1.1228, 0.32488, 0.45284, 1.7501, 1.6303, 0.72021, 0.015918, 5.7046, 0.6785, 0.015036, 3.5755, 0.48508, 0.057193, 0.72578, 0.94571, 0.7778, 0.22389, 0.2776, 1.3569, 0.12698, 0.61379, 0.01056, 4.4002, -0.054854, 0.00478, 2.1463, 0.47931, 0.042001, 1.0809, 1.0284, 1.4679, 0.42587, 0.62807, 2.1432, 3.1337, 0.82663, 0.021276, 7.009, 1.4119, 0.025292, 5.0048, 0.49085, 0.072386, 0.011651, 0.00063194, 0.044003, 0.0037694, 0.01135, 0.05712, 0.83536, 0.0041862, 1.061e-05, 0.62889, 0.19878, 3.8878e-05, 0.75501, 1.2307e-05, 8.5315e-05, 0.12448, 0.89505, 0.41536, 0.094255, 0.18353, -0.9946, -0.60389, 0.45353, 0.0014681, 1.3675, -0.30256, 0.0014639, 0.33408, -0.86427, 0.033282, 1.6822, 1.0791, 1.8303, 0.55551, 0.72214, 4.4947, 3.8646, 0.98689, 0.030368, 10.042, 1.6596, 0.028608, 6.817, 1.8344, 0.081105, 0.22421, 0.0031292, 0.185, 0.019659, 0.026806, 2.7844, 1.845, 0.026286, 7.7176e-05, 6.9526, 0.35574, 6.8084e-05, 3.8835, 0.67297, 0.00021133
32, 2.1818, 0.4772, 0.03381, 0.23429, 2.0833, 1.184, 1.1833, 1.0962, 0.55101, 0.61858, 0.38809, 0.65727, 0.94401, 0.99438, 0.00612, 7.1722, 0.01258, 0.00782, 3.8605, 0.78632, 0.02925, 0.84849, 1.0132, 1.1466, 0.39943, 0.39566, 3.2803, 1.1807, 0.73728, 0.012421, 4.1437, 0.78464, 0.014141, 4.0525, 0.88792, 0.044871, 0.67056, 0.96103, 0.74674, 0.18854, 0.14839, 2.7957, -0.32775, 0.59451, 0.0053445, 2.6706, 0.048915, 0.00026939, 1.8997, 0.88215, 0.028735, 1.0264, 1.0654, 1.5464, 0.61033, 0.64293, 3.7649, 2.6892, 0.88004, 0.019498, 5.6168, 1.5204, 0.028012, 6.2053, 0.89369, 0.061007, 0.011701, 0.0010064, 0.05909, 0.016439, 0.022599, 0.086802, 0.84108, 0.0075336, 1.8511e-05, 0.80206, 0.20007, 7.1116e-05, 1.713, 1.231e-05, 9.6236e-05, 0.069561, 0.91585, 0.41082, 0.10369, 0.074788, 0.52103, -1.0569, 0.45413, -0.0027503, -0.24705, -0.19819, -0.0023345, 0.43328, -0.46143, 0.02035, 1.6274, 1.1106, 1.8823, 0.69518, 0.71653, 6.0395, 3.4184, 1.0204, 0.027593, 8.5345, 1.7675, 0.030616, 7.6718, 2.2373, 0.069393, 0.22425, 0.0035036, 0.20008, 0.032329, 0.038055, 2.814, 1.8507, 0.029634, 8.5077e-05, 7.1258, 0.35703, 0.00010032, 4.8415, 0.67297, 0.00022225
33, 7.6378, 0.10199, 0.00844, 0.3395, 6.0476, 0.45183, 1.2473, 1.0941, 0.79235, 0.25032, 0.73413, 6.2955, 1.2774, 0.92586, 0.01334, 0.36817, 0.5912, 0.00664, 1.6783, 3.542, 0.04725, 1.4395, 1.0721, 1.3303, 0.5474, 0.66222, 2.79, 0.68464, 0.79847, -0.00022026, 3.0348, 1.1532, 0.018945, 2.8535, 2.8357, 0.05559, 1.2474, 1.0158, 0.92394, 0.34775, 0.40834, 2.2139, -0.82348, 0.65323, -0.0071163, 1.5124, 0.4175, 0.0050454, 0.64194, 2.8299, 0.039158, 1.6315, 1.1284, 1.7367, 0.74706, 0.91611, 3.3661, 2.1928, 0.9437, 0.0066758, 4.5571, 1.889, 0.032845, 5.0651, 2.8415, 0.072023, 0.013636, 0.001171, 0.061035, 0.014734, 0.023825, 0.12267, 0.84066, 0.0077963, 1.7577e-05, 0.85659, 0.20007, 7.141e-05, 1.8078, 1.2311e-05, 9.9805e-05, 0.65719, 0.9725, 0.59099, 0.25956, 0.33623, 0.013189, -1.5528, 0.51407, -0.015308, -1.3728, 0.17039, 0.002446, -0.80098, 1.4864, 0.030873, 2.2218, 1.1717, 2.0696, 0.83525, 0.98822, 5.5668, 2.9221, 1.0829, 0.014868, 7.4424, 2.1361, 0.035444, 6.5081, 4.1851, 0.080308, 0.22619, 0.0036682, 0.20203, 0.030624, 0.03928, 2.8499, 1.8503, 0.029896, 8.4143e-05, 7.1803, 0.35703, 0.00010062, 4.9364, 0.67297, 0.00022582
34, 4.56, 0.08105, 0.08646, 0.2, 1.0417, 0.23453, 1.6219, 1.0406, 0.62635, 0.57732, 0.38073, 1.4634, 0.56523, 0.5145, 0.00115, 2.8791, 0.18924, 0.02803, 6.9276, 0.79508, 0.06654, 1.0544, 1.0317, 1.2712, 0.45892, 0.59668, 1.24, 1.1417, 0.69897, 0.0031825, 4.0325, 0.74651, 0.013748, 4.2175, 1.3804, 0.054985, 0.89457, 0.99647, 0.96974, 0.34088, 0.40688, 0.82798, -0.36006, 0.57604, -0.0034085, 2.742, 0.14831, 0.0029606, 2.2811, 1.3747, 0.039316, 1.2142, 1.067, 1.5727, 0.57696, 0.78648, 1.6521, 2.6434, 0.8219, 0.0097736, 5.323, 1.3447, 0.024536, 6.1539, 1.3862, 0.070653, 0.0094392, 0.00045962, 0.033593, 0.00515, 0.013315, 0.062758, 0.83354, 0.0055856, 1.6057e-05, 0.61554, 0.13226, 4.3012e-05, 1.386, 1.2308e-05, 9.0738e-05, 0.27939, 0.94229, 0.58394, 0.22034, 0.31768, -1.5074, -1.0915, 0.42528, -0.011769, -0.30047, -0.13809, -0.00022998, 0.72265, 0.031098, 0.030768, 1.8294, 1.1212, 1.9585, 0.69751, 0.87568, 3.9875, 3.3748, 0.97265, 0.018134, 8.3654, 1.6311, 0.027726, 7.7124, 2.7298, 0.079201, 0.22199, 0.0029569, 0.17459, 0.02104, 0.02877, 2.79, 1.8432, 0.027686, 8.2623e-05, 6.9393, 0.28923, 7.2217e-05, 4.5145, 0.67297, 0.00021675
35, 2, 0.13709, 0.04021, 0.20759, 1.7797, 0.55401, 1.8959, 1.0967, 0.99776, 0.81552, 0.25261, 2.7814, 2.8703, 0.29264, 0.02543, 0.05457, 0.93384, 0.00577, 1.1751, 0.48095, 0.0608, 0.86721, 1.0131, 1.132, 0.5563, 0.42859, 2.004, 1.647, 0.6093, 0.0079022, 3.6964, 0.92234, 0.0051742, 3.5909, 1.15, 0.053363, 0.69203, 0.97012, 0.8105, 0.44054, 0.2097, 1.569, 0.13925, 0.49042, 0.0017532, 2.2548, 0.18909, -0.0080841, 1.9558, 1.1442, 0.037657, 1.0424, 1.0561, 1.4535, 0.67206, 0.64747, 2.439, 3.1547, 0.72819, 0.014051, 5.138, 1.6556, 0.018432, 5.2261, 1.1557, 0.069069, 0.011342, 0.00068253, 0.038199, 0.0049526, 0.017708, 0.069953, 0.84021, 0.0052238, 1.3975e-05, 0.76814, 0.19873, 6.4971e-05, 0.98824, 1.2307e-05, 9.1174e-05, 0.088905, 0.92034, 0.43569, 0.31884, 0.12904, -0.74698, -0.59019, 0.33741, -0.0068595, -0.68392, -0.058639, -0.010788, 0.25355, -0.1994, 0.029122, 1.6455, 1.1058, 1.8283, 0.79376, 0.72813, 4.755, 3.8841, 0.8812, 0.022664, 8.0767, 1.9033, 0.021137, 6.9283, 2.4993, 0.077604, 0.2239, 0.0031798, 0.17919, 0.020842, 0.033164, 2.7972, 1.8499, 0.027324, 8.0542e-05, 7.0918, 0.35569, 9.4177e-05, 4.1168, 0.67297, 0.00021719
36, 4.7, 0.39202, 0.08935, 0.4617, 2.6667, 0.50219, 0.91433, 1.0239, 1.9297, 0.57232, 0.74553, 1.7294, 0.12379, 0.83408, 4e-05, 4.6123, 1.9519, 0.01053, 1.7727, 0.86094, 0.06771, 1.4465, 1.0247, 1.6341, 0.48433, 0.53131, 1.6724, 0.94881, 0.75762, 0.0026914, 5.3487, 0.83482, 0.0048978, 2.898, 1.5497, 0.056651, 1.2615, 0.98525, 1.3462, 0.36263, 0.31275, 1.2238, -0.12682, 0.64073, -0.0033378, 3.884, 0.10399, -0.005793, 1.0732, 1.5439, 0.043229, 1.6315, 1.0642, 1.922, 0.60603, 0.74987, 2.121, 2.0244, 0.87451, 0.0087206, 6.8134, 1.5657, 0.015589, 4.7229, 1.5555, 0.070073, 0.012644, 0.00057595, 0.03064, 0.005474, 0.017656, 0.074387, 0.42763, 0.0050501, 1.3436e-05, 0.79292, 0.19742, 4.2244e-05, 1.2308, 1.2309e-05, 6.6585e-05, 0.66594, 0.93354, 0.95264, 0.24391, 0.232, -1.0808, -1.0232, 0.4866, -0.012021, 0.96073, -0.14436, -0.0090058, -0.53626, 0.20037, 0.033824, 2.2271, 1.1159, 2.3155, 0.72475, 0.83062, 4.4255, 2.9208, 1.0286, 0.017404, 9.7367, 1.814, 0.018801, 6.3323, 2.8991, 0.079478, 0.2252, 0.0030732, 0.17163, 0.021364, 0.033111, 2.8016, 1.4373, 0.02715, 8.0002e-05, 7.1166, 0.35438, 7.1449e-05, 4.3593, 0.67297, 0.0001926
37, 6, 0.37518, 0.06684, 0.10492, 0.8642, 0.29938, 1.8579, 1.0275, 1.9291, 0.15447, 0.29838, 3.9516, 4.1117, 0.99765, 0.01072, 2.0823, 0.01164, 0.00531, 2.1442, 0.65783, 0.0589, 1.1653, 1.0177, 1.3962, 0.23794, 0.58635, 1.6637, 1.6823, 0.80527, 0.012317, 6.3008, 0.62451, 0.0092574, 3.6576, 0.87847, 0.063947, 0.98445, 0.9623, 0.99518, 0.13419, 0.33799, 1.1651, 0.17822, 0.66898, 0.0061345, 4.9816, -0.10883, -0.0018073, 1.9204, 0.8727, 0.047679, 1.3462, 1.0732, 1.7972, 0.34168, 0.8347, 2.1623, 3.1864, 0.94155, 0.0185, 7.6199, 1.3578, 0.020322, 5.3948, 0.88425, 0.080216, 0.012094, 0.0011362, 0.059443, 0.0039783, 0.022798, 0.091885, 0.83614, 0.0068649, 1.413e-05, 0.64319, 0.19877, 4.525e-05, 1.1154, 1.2309e-05, 9.782e-05, 0.38572, 0.9186, 0.65981, 0.0060876, 0.26464, -1.098, -0.55242, 0.52533, -0.0024584, 1.9592, -0.35654, -0.0049357, 0.26909, -0.47087, 0.039339, 1.9449, 1.1169, 2.1326, 0.46978, 0.90806, 4.4255, 3.917, 1.0852, 0.027093, 10.642, 1.6056, 0.023451, 7.0462, 2.2278, 0.088556, 0.22465, 0.0036334, 0.20044, 0.019868, 0.038254, 2.8191, 1.8458, 0.028965, 8.0696e-05, 6.9669, 0.35573, 7.4456e-05, 4.244, 0.67297, 0.00022383
38, 3.0049, 0.29001, 0.1222, 0.36241, 1.3544, 0.4912, 1.1682, 0.98183, 1.5504, 0.61426, 0.44434, 1.1333, 0.67352, 0.70553, 0.02787, 2.3136, 1.1764, 0.0268, 8.0086, 0.29101, 0.02541, 1.0285, 0.99929, 1.3791, 0.53027, 0.38745, 1.7106, 1.2088, 0.73482, 0.006223, 3.9933, 0.75189, 0.0034276, 3.3621, 1.113, 0.048895, 0.87738, 0.95225, 1.0509, 0.38892, 0.14506, 1.294, -0.29934, 0.5895, -0.00091666, 2.5955, 0.038707, -0.0082449, 1.2593, 1.1072, 0.032522, 1.1796, 1.0463, 1.7074, 0.67162, 0.62983, 2.1273, 2.7169, 0.88014, 0.013363, 5.3911, 1.4651, 0.0151, 5.4649, 1.1187, 0.065268, 0.0084418, 0.00081784, 0.03983, 0.0073843, 0.021715, 0.06416, 0.84065, 0.0078052, 1.8841e-05, 0.72213, 0.18799, 5.0359e-05, 1.6344, 1.2307e-05, 9.908e-05, 0.25526, 0.90458, 0.67968, 0.27933, 0.070321, -1.0375, -1.0287, 0.45038, -0.0089781, -0.37281, -0.21418, -0.011244, -0.22763, -0.23638, 0.024217, 1.8018, 1.094, 2.0786, 0.7812, 0.70457, 4.4588, 3.4462, 1.0193, 0.021424, 8.3594, 1.718, 0.0181, 6.9518, 2.4623, 0.073573, 0.221, 0.0033151, 0.18082, 0.023274, 0.037171, 2.7914, 1.8503, 0.029905, 8.5407e-05, 7.0458, 0.34496, 7.9565e-05, 4.7629, 0.67297, 0.00022509
39, 2, 0.062, 0.15337, 0.59912, 1.1719, 0.38897, 0.83042, 1.0811, 0.68945, 0.58865, 0.28196, 1.5555, 0.81505, 0.58224, 0.00044, 3.7151, 1.1254, 0.00691, 1.0474, 1.95, 0.04357, 1.1828, 1.0277, 1.1779, 0.60822, 0.36633, 1.3886, 0.94363, 0.56164, 0.0025472, 2.3699, 0.85503, 0.0062601, 2.0875, 1.7397, 0.047297, 1.0133, 0.98027, 0.84093, 0.4572, 0.1213, 0.90982, -0.56409, 0.41205, -0.0047219, 0.94766, 0.22929, -0.0035499, -0.11789, 1.734, 0.030888, 1.3524, 1.0752, 1.5149, 0.75924, 0.61136, 1.8673, 2.4514, 0.71122, 0.0098163, 3.7922, 1.4808, 0.01607, 4.2929, 1.7455, 0.063706, 0.010629, 0.00083255, 0.041975, 0.0084295, 0.022191, 0.084716, 0.84021, 0.00827, 1.953e-05, 0.74768, 0.14472, 3.5571e-05, 1.7977, 1.231e-05, 9.9519e-05, 0.40577, 0.93281, 0.47434, 0.35171, 0.047181, -1.3697, -1.2935, 0.27499, -0.012715, -2.0041, -0.048413, -0.0069783, -1.5633, 0.39038, 0.022595, 1.9599, 1.1226, 1.8815, 0.86473, 0.68548, 4.1468, 3.1808, 0.84828, 0.01781, 6.744, 1.7585, 0.019499, 5.7383, 3.0891, 0.071999, 0.22318, 0.0033298, 0.18297, 0.024319, 0.037647, 2.8119, 1.8499, 0.03037, 8.6096e-05, 7.0714, 0.30168, 6.4776e-05, 4.9262, 0.67297, 0.00022553
40, 4.7, 0.39202, 0.08776, 0.23073, 1.9192, 0.48658, 1.4337, 1.0287, 1.8949, 0.52544, 0.54351, 1.1888, 0.77789, 0.84091, 0.00056, 5.8579, 0.53773, 0.00393, 4.2766, 0.56305, 0.03475, 1.2085, 1.0268, 1.5211, 0.52389, 0.62516, 1.8542, 1.2326, 0.80394, 0.0033, 5.3795, 0.4164, 0.0060677, 4.0281, 1.0414, 0.053097, 1.0385, 0.98206, 1.2196, 0.3978, 0.38987, 1.4341, -0.27423, 0.66969, -0.0031372, 4.0279, -0.14462, -0.0032493, 2.1774, 1.0357, 0.036859, 1.3785, 1.0716, 1.8225, 0.64998, 0.86044, 2.2744, 2.7394, 0.93819, 0.0097371, 6.7311, 0.97742, 0.015385, 5.8789, 1.0472, 0.069335, 0.010683, 0.0007409, 0.03359, 0.005876, 0.020461, 0.065258, 0.83921, 0.0066613, 1.5315e-05, 0.67522, 0.11633, 3.2084e-05, 1.266, 1.2308e-05, 9.7459e-05, 0.43133, 0.93323, 0.83381, 0.28122, 0.31343, -0.89442, -1.004, 0.52499, -0.011584, 1.0279, -0.44349, -0.0068095, 0.57999, -0.30793, 0.028508, 1.9856, 1.1204, 2.2084, 0.76656, 0.93689, 4.6029, 3.4691, 1.0829, 0.018184, 9.731, 1.2763, 0.018945, 7.4762, 2.3908, 0.077686, 0.22324, 0.0032382, 0.17458, 0.021766, 0.035917, 2.7925, 1.8489, 0.028761, 8.1882e-05, 6.9989, 0.27329, 6.129e-05, 4.3945, 0.67297, 0.00022347
41, 2.8571, 0.37557, 0.09667, 0.13131, 1.6927, 0.62603, 1.405, 0.90815, 0.50188, 0.48596, 0.68235, 0.67907, 0.57241, 0.99338, 0.00092, 7.931, 1.4361, 0.001, 2.4199, 0.39314, 0.03929, 0.8578, 1.0016, 1.2479, 0.37322, 0.43, 2.3585, 1.456, 0.78435, 0.0077649, 5.2504, 0.74722, 0.004799, 3.5163, 0.62422, 0.048544, 0.68716, 0.95572, 0.87368, 0.25415, 0.19919, 1.9605, -0.030587, 0.66104, 0.0016393, 3.9481, 0.020686, -0.006956, 1.759, 0.61845, 0.033383, 1.0284, 1.0475, 1.6221, 0.49229, 0.66082, 2.7566, 2.9426, 0.90765, 0.01389, 6.5527, 1.4738, 0.016554, 5.2737, 0.62999, 0.063704, 0.010763, 0.0007787, 0.051762, 0.0052403, 0.019691, 0.058569, 0.81681, 0.0056197, 1.3869e-05, 0.62686, 0.1951, 5.1073e-05, 1.1415, 1.2308e-05, 8.4951e-05, 0.080505, 0.90748, 0.52575, 0.13413, 0.12163, -0.38684, -0.76698, 0.51049, -0.0069871, 0.91395, -0.22875, -0.0099386, 0.11739, -0.72513, 0.024653, 1.6351, 1.0958, 1.9701, 0.61232, 0.73837, 5.1039, 3.679, 1.0582, 0.022517, 9.5869, 1.7232, 0.019537, 6.9152, 1.9736, 0.072435, 0.22332, 0.003276, 0.19276, 0.02113, 0.035147, 2.7858, 1.8265, 0.02772, 8.0435e-05, 6.9506, 0.35206, 8.0279e-05, 4.27, 0.67297, 0.00021097
42, 3.0049, 0.23427, 0.07638, 0.14319, 1.3544, 0.52635, 0.86369, 1.0113, 0.82924, 0.56093, 0.37132, 1.355, 0.77987, 0.53788, 0.01138, 1.6615, 0.46132, 0.02274, 7.6879, 0.19781, 0.0485, 0.78219, 1.0041, 1.245, 0.51975, 0.4494, 1.933, 0.98416, 0.74155, 0.0068332, 4.7673, 0.4596, 0.025436, 5.3001, 0.89737, 0.046151, 0.64384, 0.97284, 0.99735, 0.41825, 0.33866, 1.5574, -0.10908, 0.63415, 0.0013577, 3.5643, -0.0054606, 0.01883, 3.8755, 0.8916, 0.035562, 0.92055, 1.0354, 1.4926, 0.62124, 0.56014, 2.3086, 2.0774, 0.84896, 0.012309, 5.9703, 0.92466, 0.032043, 6.7246, 0.90314, 0.056741, 0.0070749, 0.00036166, 0.022666, 0.0038076, 0.0045328, 0.052148, 0.44175, 0.0042638, 1.1082e-05, 0.53493, 0.07994, 1.6132e-05, 0.75002, 1.2306e-05, 4.1449e-05, 0.011341, 0.91617, 0.57956, 0.2889, 0.21685, -0.8092, -0.99747, 0.47448, -0.0076609, 0.45958, -0.34099, 0.014361, 2.0607, -0.45198, 0.024866, 1.553, 1.0921, 1.9104, 0.7506, 0.68195, 4.6752, 2.9658, 1.0086, 0.021327, 9.075, 1.2602, 0.036512, 8.5394, 2.2467, 0.067437, 0.21963, 0.0028589, 0.16366, 0.019697, 0.019989, 2.7794, 1.4514, 0.026364, 7.7648e-05, 6.8586, 0.2369, 4.5338e-05, 3.8785, 0.67297, 0.00016746
43, 3, 0.35826, 0.12126, 0.10019, 0.48387, 0.34299, 1.1867, 1.0262, 0.74933, 0.33302, 0.44337, 1.2119, 0.59746, 0.73741, 0.0002, 6.5387, 0.99824, 0.00394, 2.4298, 0.68129, 0.07193, 0.94155, 0.98342, 1.2853, 0.28801, 0.4938, 1.601, 1.4354, 0.74762, 0.009849, 5.9014, 0.56292, 0.0017961, 3.3586, 0.32665, 0.049469, 0.76454, 0.94337, 0.9559, 0.17736, 0.32416, 1.186, -0.048894, 0.6349, 0.0038311, 4.5175, -0.027656, -0.0076798, 1.7918, 0.32088, 0.034493, 1.1186, 1.0235, 1.6146, 0.39867, 0.66345, 2.0159, 2.9196, 0.86033, 0.015867, 7.2854, 1.1535, 0.011272, 4.9255, 0.33242, 0.064445, 0.011581, 0.00059285, 0.040096, 0.004526, 0.010637, 0.063629, 0.81427, 0.0046957, 1.3386e-05, 0.70795, 0.12891, 3.3188e-05, 0.90739, 1.2308e-05, 8.29e-05, 0.16283, 0.89199, 0.5853, 0.052992, 0.22811, -1.1469, -0.78605, 0.47837, -0.0048586, 1.5397, -0.31654, -0.011197, 0.054198, -1.0227, 0.025694, 1.7203, 1.0749, 1.9852, 0.52304, 0.7595, 4.3488, 3.6568, 1.0169, 0.024557, 10.263, 1.4424, 0.014789, 6.6631, 1.676, 0.073243, 0.22413, 0.0030901, 0.18109, 0.020416, 0.026093, 2.7909, 1.8239, 0.026796, 7.9952e-05, 7.0317, 0.28587, 6.2394e-05, 4.0359, 0.67297, 0.00020891
44, 2.5, 0.1772, 0.14937, 0.62894, 0.97222, 0.42492, 1.1899, 0.93389, 1.354, 0.6293, 0.02828, 1.115, 0.50551, 0.46123, 0.00283, 2.0236, 0.38757, 0.00229, 1.6513, 1.2568, 0.03491, 1.2793, 0.98306, 1.441, 0.55931, 0.21074, 1.3069, 1.0317, 0.54667, 0.0038578, 3.4342, 0.52974, 0.003267, 1.6699, 1.6423, 0.051577, 1.1124, 0.93804, 1.113, 0.40056, 0.014578, 0.83784, -0.47537, 0.41186, -0.0032421, 2.0338, -0.015812, -0.0053763, -0.31291, 1.6365, 0.03533, 1.4463, 1.0281, 1.7691, 0.71807, 0.40691, 1.7759, 2.5388, 0.68149, 0.010958, 4.8345, 1.0753, 0.01191, 3.6528, 1.6481, 0.067824, 0.010301, 0.00074923, 0.039771, 0.0093158, 0.014223, 0.081304, 0.8395, 0.0067178, 1.8632e-05, 0.72479, 0.11001, 2.7612e-05, 1.4532, 1.2308e-05, 9.7564e-05, 0.50283, 0.88934, 0.74169, 0.29817, -0.072624, -1.4497, -1.205, 0.26745, -0.011325, -0.93277, -0.32014, -0.0091316, -1.8509, 0.29296, 0.026982, 2.0558, 1.0768, 2.1404, 0.82045, 0.49411, 4.0634, 3.2685, 0.8259, 0.01904, 7.8011, 1.3796, 0.015666, 5.1907, 2.9917, 0.076171, 0.22285, 0.0032465, 0.18077, 0.025205, 0.029679, 2.8085, 1.8492, 0.028818, 8.5198e-05, 7.0485, 0.26697, 5.6818e-05, 4.5817, 0.67297, 0.00022358
45, 4.56, 0.32421, 0.04323, 0.2, 2.0833, 0.76092, 1.3472, 1.0454, 1.0003, 0.43989, 0.79948, 0.63351, 0.72003, 0.93319, 0.00623, 2.0348, 1.7532, 0.01031, 8.8826, 0.57549, 0.05214, 0.97711, 1.0057, 1.045, 0.63807, 0.72562, 2.2428, 0.90706, 0.80693, 0.0057607, 4.2525, 1.1618, 0.0075706, 4.4782, 1.308, 0.045861, 0.81444, 0.97207, 0.77102, 0.52141, 0.58552, 1.8118, -0.20117, 0.69204, -7.8919e-05, 2.962, 0.75682, 0.0013627, 2.9143, 1.3023, 0.033791, 1.1398, 1.0393, 1.3191, 0.75474, 0.86571, 2.6739, 2.0153, 0.92182, 0.0116, 5.543, 1.5667, 0.013778, 6.0422, 1.3138, 0.057931, 0.0097805, 0.00041786, 0.027753, 0.0050305, 0.007254, 0.068683, 0.45395, 0.0048789, 1.2604e-05, 0.61553, 0.060611, 1.4244e-05, 0.90404, 1.2307e-05, 5.3846e-05, 0.20152, 0.91688, 0.36935, 0.40016, 0.47774, -0.50752, -1.0829, 0.53676, -0.0088748, -0.080435, 0.39453, -0.0032717, 1.1751, -0.041305, 0.023802, 1.7527, 1.0945, 1.7207, 0.87598, 0.97349, 4.9932, 2.897, 1.0771, 0.020396, 8.5855, 1.929, 0.018413, 7.7813, 2.6574, 0.067921, 0.22233, 0.0029151, 0.16875, 0.02092, 0.02271, 2.7959, 1.4636, 0.026979, 7.9171e-05, 6.9392, 0.21757, 4.345e-05, 4.0326, 0.67297, 0.00017986
46, 2.5, 0.1772, 0.14937, 0.39994, 0.97222, 0.41986, 0.86088, 0.97973, 1.6511, 0.36077, 0.01922, 0.37544, 2.2462, 0.49057, 0.00383, 0.64001, 0.10414, 0.00046, 1.8291, 2.2335, 0.03008, 1.062, 0.97385, 1.2926, 0.54849, 0.38763, 1.7251, 1.05, 0.64387, 0.0048924, 3.2741, 0.57053, 0.0042287, 2.1627, 1.2208, 0.043116, 0.89979, 0.92957, 0.97246, 0.40611, 0.17114, 1.291, -0.45736, 0.50657, -0.0019461, 1.8774, 0.025166, -0.0043554, 0.30669, 1.215, 0.027061, 1.2242, 1.0181, 1.6128, 0.69088, 0.60412, 2.1592, 2.5574, 0.78117, 0.011731, 4.6708, 1.1159, 0.012813, 4.0187, 1.2266, 0.05917, 0.0097254, 0.00072451, 0.037891, 0.0074935, 0.017323, 0.069649, 0.83981, 0.0069674, 1.7285e-05, 0.72099, 0.10993, 2.7236e-05, 1.2732, 1.2307e-05, 9.5267e-05, 0.28651, 0.88048, 0.59695, 0.29697, 0.089831, -1.0257, -1.1869, 0.36344, -0.01017, -1.0917, -0.27923, -0.0081287, -1.2883, -0.12853, 0.018647, 1.8375, 1.0672, 1.9883, 0.80002, 0.68543, 4.476, 3.2869, 0.9243, 0.019954, 7.6398, 1.4203, 0.016586, 5.6136, 2.5702, 0.067584, 0.22228, 0.0032218, 0.17888, 0.023383, 0.032779, 2.7969, 1.8495, 0.029067, 8.3852e-05, 7.0447, 0.26689, 5.6441e-05, 4.4017, 0.67297, 0.00022128
47, 1.5, 0.12975, 0.1397, 0.3332, 0.9697, 0.50471, 0.17717, 0.96432, 0.58978, 0.9131, 0.03206, 2.1719, 0.8805, 0.99635, 0.01558, 4.1445, 0.31675, 0.00676, 4.9521, 0.96827, 0.03542, 0.84263, 1.0086, 1.1997, 0.67808, 0.33405, 1.9522, 1.138, 0.70919, 0.0046942, 2.256, 0.85527, 0.0052674, 3.6225, 1.0844, 0.042378, 0.66218, 0.95642, 0.81237, 0.53039, 0.095286, 1.4471, -0.36938, 0.57235, -0.0022063, 0.8736, 0.12303, -0.0068238, 1.6719, 1.0786, 0.026087, 1.0231, 1.0608, 1.587, 0.82576, 0.57282, 2.4573, 2.6455, 0.84602, 0.011595, 3.6384, 1.5875, 0.017359, 5.5731, 1.0902, 0.05867, 0.012035, 0.0010064, 0.055454, 0.0080616, 0.021072, 0.094295, 0.83987, 0.0069205, 1.76e-05, 0.70632, 0.19818, 5.4036e-05, 1.4063, 1.2308e-05, 9.8099e-05, 0.063118, 0.91123, 0.47067, 0.42352, 0.019687, -0.81072, -1.0989, 0.42898, -0.010396, -2.1052, -0.12495, -0.0097398, 0.11976, -0.26494, 0.017754, 1.6221, 1.106, 1.9287, 0.93264, 0.64842, 4.7151, 3.375, 0.98939, 0.019784, 6.6172, 1.8355, 0.020274, 7.1252, 2.4338, 0.067002, 0.22459, 0.0035037, 0.19645, 0.023951, 0.036528, 2.8215, 1.8495, 0.02902, 8.4166e-05, 7.03, 0.35514, 8.3242e-05, 4.5348, 0.67297, 0.00022411
48, 4, 0.23445, 0.11054, 0.22306, 1.95, 0.34281, 1.9712, 0.95122, 1.9752, 0.45769, 0.47944, 0.95186, 1.1925, 0.80103, 0.01336, 2.494, 0.19204, 0.00991, 6.6832, 0.56914, 0.05217, 1.1235, 1.0044, 1.3602, 0.47364, 0.46271, 1.5818, 1.1464, 0.80349, 0.0024976, 4.4883, 0.87674, 0.0048153, 4.3325, 1.139, 0.049184, 0.95093, 0.96274, 1.0558, 0.35594, 0.25386, 1.1732, -0.31588, 0.68117, -0.0035123, 3.1632, 0.1553, -0.0069592, 2.5891, 1.1332, 0.034661, 1.2961, 1.0461, 1.6645, 0.59134, 0.67155, 1.9903, 2.6088, 0.92581, 0.0085075, 5.8133, 1.5982, 0.01659, 6.0759, 1.1448, 0.063707, 0.011006, 0.00064182, 0.034246, 0.0051207, 0.016121, 0.061696, 0.79038, 0.00553, 1.335e-05, 0.64894, 0.19237, 5.1242e-05, 1.1234, 1.2307e-05, 7.796e-05, 0.34577, 0.91225, 0.67159, 0.23522, 0.17042, -1.1651, -1.0604, 0.53008, -0.012207, 0.14493, -0.095448, -0.0099379, 0.9408, -0.21035, 0.025692, 1.9012, 1.0966, 2.0487, 0.71206, 0.75499, 4.3287, 3.3533, 1.0769, 0.017202, 8.8317, 1.8489, 0.019568, 7.7242, 2.4884, 0.072676, 0.22356, 0.0031391, 0.17524, 0.02101, 0.031577, 2.7889, 1.8, 0.02763, 7.9916e-05, 6.9727, 0.34934, 8.0448e-05, 4.2519, 0.67297, 0.00020397
49, 3.0049, 0.1623, 0.05357, 0.04951, 1.3368, 0.45659, 0.12861, 0.95373, 1.9007, 0.45028, 0.44392, 1.8979, 1.1693, 0.91859, 6e-05, 5.5055, 0.94696, 0.00129, 5.322, 0.50906, 0.03373, 0.72148, 0.98479, 1.1052, 0.41428, 0.48326, 1.8274, 1.1327, 0.77705, 0.003811, 5.101, 0.35642, 0.0076362, 6.8525, 0.86327, 0.039564, 0.57916, 0.95087, 0.85999, 0.31979, 0.35896, 1.4309, 0.031791, 0.66316, -0.001811, 3.8386, -0.097111, 0.00068665, 5.3578, 0.8575, 0.027984, 0.8638, 1.0187, 1.3504, 0.50877, 0.60756, 2.2239, 2.2336, 0.89093, 0.0094331, 6.3635, 0.80995, 0.014586, 8.3472, 0.86904, 0.051144, 0.0074863, 0.00042514, 0.022222, 0.0033, 0.0057106, 0.058096, 0.44795, 0.0047936, 1.1682e-05, 0.58908, 0.076025, 1.7851e-05, 0.82575, 1.2305e-05, 4.9563e-05, -0.050093, 0.89587, 0.44067, 0.18643, 0.24396, -0.91775, -0.85318, 0.5073, -0.010739, 0.77633, -0.43753, -0.0036471, 3.5816, -0.48608, 0.017769, 1.4931, 1.0737, 1.7697, 0.64214, 0.72257, 4.5725, 3.1185, 1.0468, 0.018361, 9.4257, 1.1504, 0.01892, 10.123, 2.2126, 0.061359, 0.22004, 0.0029224, 0.16322, 0.01919, 0.021166, 2.7853, 1.4576, 0.026894, 7.8249e-05, 6.9128, 0.23299, 4.7057e-05, 3.9543, 0.67297, 0.00017558
50, 4, 0.20693, 0.04168, 0.03201, 1.8518, 0.4529, 1.5755, 1.056, 0.89908, 0.38729, 0.48467, 0.20197, 1.543, 0.9732, 0.00222, 4.0266, 0.37408, 0.00188, 3.5715, 0.38483, 0.07329, 0.94609, 1.0162, 1.2446, 0.38332, 0.56493, 1.7358, 1.1117, 0.81581, 0.0031617, 5.8329, 0.45395, 0.0058653, 5.7783, 0.97122, 0.04704, 0.77699, 0.97954, 0.96112, 0.27759, 0.42362, 1.3158, 0.014763, 0.70055, -0.0026503, 4.4777, -0.017648, -0.00072054, 4.1958, 0.96545, 0.035637, 1.1152, 1.0528, 1.5282, 0.48905, 0.70624, 2.1557, 2.2086, 0.93107, 0.0089737, 7.1881, 0.92556, 0.012451, 7.3608, 0.97699, 0.058443, 0.010569, 0.00049655, 0.02971, 0.0041317, 0.0073805, 0.065187, 0.44472, 0.0049102, 1.2485e-05, 0.67882, 0.082205, 1.6031e-05, 0.92559, 1.2306e-05, 4.8061e-05, 0.16913, 0.9262, 0.56505, 0.15058, 0.31636, -1.0129, -0.87198, 0.54548, -0.011463, 1.4802, -0.35046, -0.0051977, 2.4664, -0.37813, 0.025338, 1.7231, 1.1062, 1.9242, 0.61606, 0.81349, 4.4844, 3.0953, 1.0861, 0.017786, 10.186, 1.2584, 0.016928, 9.0902, 2.3206, 0.068742, 0.22312, 0.0029938, 0.1707, 0.020021, 0.022836, 2.7924, 1.4544, 0.02701, 7.9051e-05, 7.0025, 0.23917, 4.5237e-05, 4.0541, 0.67297, 0.00017408
51, 4, 0.14463, 0.03544, 0.1, 2.0238, 0.48658, 1.7688, 0.99574, 1.7978, 0.4421, 0.51461, 0.68442, 1.3253, 0.9568, 0.00108, 3.0653, 1.1647, 0.00447, 6.2193, 0.42351, 0.05154, 0.94291, 1.0463, 1.0915, 0.46159, 0.43311, 1.7026, 1.2127, 0.7997, 0.0040934, 4.6717, 0.72338, 0.012494, 4.7909, 1.2658, 0.051865, 0.77036, 1.0035, 0.74997, 0.35746, 0.23247, 1.2818, -0.25802, 0.69191, -0.0012927, 3.2274, 0.019479, 0.0026678, 3.1327, 1.26, 0.036524, 1.1155, 1.0891, 1.433, 0.56572, 0.63374, 2.1234, 2.6835, 0.90748, 0.0094795, 6.116, 1.4273, 0.02232, 6.4491, 1.2715, 0.067207, 0.011004, 0.00067775, 0.043106, 0.0040078, 0.014879, 0.065436, 0.7995, 0.0042939, 1.0722e-05, 0.771, 0.18313, 3.5686e-05, 1.0163, 1.2306e-05, 8.6992e-05, 0.16519, 0.95363, 0.38572, 0.22957, 0.14663, -1.0462, -0.99969, 0.53247, -0.010367, 0.29051, -0.23586, -0.00075637, 1.4422, -0.08358, 0.027859, 1.7206, 1.139, 1.7972, 0.69361, 0.71959, 4.4514, 3.4251, 1.0669, 0.018554, 9.0529, 1.6826, 0.025744, 8.1396, 2.6151, 0.075871, 0.22356, 0.003175, 0.1841, 0.019897, 0.030334, 2.7927, 1.8092, 0.026394, 7.7289e-05, 7.0947, 0.34009, 6.4891e-05, 4.1448, 0.67297, 0.00021301
52, 4.6981, 0.13859, 0.04387, 0, 0.84667, 0.19799, 0.88921, 0.9291, 1.1908, 0.25829, 0.22153, 0.77163, 1.44, 0.9526, 0.0001, 3.549, 0.21347, 0.00111, 4.5144, 0.42595, 0.04593, 0.96286, 1.0548, 1.049, 0.39935, 0.53285, 1.2599, 1.0398, 0.86696, 0.0036755, 5.9076, 0.73305, 0.0038365, 5.7975, 0.93034, 0.057708, 0.80676, 1.0182, 0.76032, 0.28076, 0.37922, 0.82631, -0.055366, 0.74903, -0.0022538, 4.5167, 0.17027, -0.0036701, 4.1645, 0.92457, 0.0458, 1.119, 1.0913, 1.3376, 0.51794, 0.68647, 1.6935, 2.1349, 0.98489, 0.0096049, 7.2985, 1.2958, 0.011343, 7.4305, 0.93611, 0.069616, 0.0090065, 0.00049295, 0.030794, 0.0051982, 0.0087234, 0.069483, 0.44328, 0.0051404, 1.2995e-05, 0.71504, 0.11707, 2.0827e-05, 0.98562, 1.2307e-05, 5.2411e-05, 0.18862, 0.96481, 0.36722, 0.16049, 0.27708, -1.4909, -0.94291, 0.59548, -0.010996, 1.5437, -0.12799, -0.0077982, 2.4612, -0.41901, 0.035736, 1.7371, 1.1447, 1.7307, 0.63821, 0.78862, 4.0106, 3.0224, 1.1384, 0.018347, 10.271, 1.5941, 0.015471, 9.1338, 2.2797, 0.079679, 0.22156, 0.0029902, 0.17179, 0.021088, 0.024179, 2.7967, 1.4529, 0.02724, 7.9561e-05, 7.0388, 0.27403, 5.0033e-05, 4.1141, 0.67297, 0.00017843
53, 2.1818, 0.16255, 0.08371, 0.214, 1.0417, 0.52392, 0.89294, 0.97718, 1.2364, 0.44438, 0.33975, 0.81104, 1.2038, 0.56662, 0.02108, 1.2338, 0.66865, 0.00825, 5.1722, 0.76619, 0.04885, 0.91561, 1.0032, 1.1138, 0.67145, 0.38762, 2.034, 1.1549, 0.56406, 0.011358, 4.2866, 0.66804, 0.011787, 3.7482, 0.99465, 0.048397, 0.75719, 0.95904, 0.79689, 0.57254, 0.19801, 1.6313, -0.25706, 0.44979, 0.0057733, 3.0278, 0.014594, 0.0010405, 2.2381, 0.98888, 0.03431, 1.074, 1.0474, 1.4307, 0.77036, 0.57723, 2.4367, 2.5669, 0.67833, 0.016942, 5.5454, 1.3215, 0.022534, 5.2582, 1.0004, 0.062484, 0.0092753, 0.00072218, 0.037117, 0.0036159, 0.013289, 0.059947, 0.73691, 0.0048262, 1.1526e-05, 0.58566, 0.15782, 4.2687e-05, 0.84282, 1.2306e-05, 7.3348e-05, 0.1409, 0.90992, 0.41961, 0.44173, 0.10875, -0.71204, -1.0189, 0.29416, -0.0031779, -0.037034, -0.25481, -0.0021595, 0.47027, -0.3547, 0.025172, 1.6903, 1.0966, 1.808, 0.90118, 0.66649, 4.7801, 3.3287, 0.83397, 0.025893, 8.6102, 1.5909, 0.025734, 7.0261, 2.344, 0.071622, 0.22183, 0.0032194, 0.17811, 0.019505, 0.028744, 2.7872, 1.7466, 0.026926, 7.8092e-05, 6.9094, 0.31478, 7.1892e-05, 3.9713, 0.67297, 0.00019936
54, 5.4951, 0.18313, 0.04428, 0.26576, 2.2281, 0.41515, 1.1184, 1.0798, 1.1035, 0.66249, 0.42974, 1.2357, 0.26638, 0.67189, 0.00121, 8.086, 1.3222, 0.02083, 7.9834, 0.74892, 0.04648, 1.1678, 1.0551, 1.4658, 0.60682, 0.37487, 1.7494, 0.81367, 0.65489, 0.0075489, 3.9995, 0.70248, 0.024341, 4.456, 1.7126, 0.053879, 0.98228, 1.0136, 1.1475, 0.49243, 0.21848, 1.2606, -0.35456, 0.53924, 0.0016738, 2.6438, 0.18877, 0.016703, 2.8504, 1.7069, 0.041841, 1.3532, 1.0967, 1.7841, 0.72121, 0.53125, 2.2381, 1.9819, 0.77053, 0.013424, 5.3552, 1.2162, 0.03198, 6.0616, 1.7184, 0.065917, 0.012716, 0.00063905, 0.037443, 0.0048364, 0.0090389, 0.08828, 0.50443, 0.0049432, 1.2758e-05, 0.67935, 0.097542, 2.1566e-05, 0.95281, 1.2307e-05, 5.3565e-05, 0.38707, 0.96303, 0.77095, 0.37001, 0.11743, -1.0106, -1.2103, 0.38439, -0.0071009, -0.35333, -0.12732, 0.012621, 1.133, 0.36328, 0.031837, 1.9484, 1.1473, 2.1606, 0.84362, 0.6323, 4.5093, 2.8376, 0.92538, 0.022199, 8.3523, 1.5323, 0.036061, 7.779, 3.062, 0.075921, 0.22527, 0.0031363, 0.17844, 0.020726, 0.024495, 2.8155, 1.5141, 0.027043, 7.9324e-05, 7.0031, 0.2545, 5.0772e-05, 4.0813, 0.67297, 0.00017958
55, 6.5574, 0.12536, 0.07885, 0.13961, 0.88496, 0.18522, 1.0637, 1.0594, 0.53823, 0.58288, 0.62286, 1.9736, 0.46374, 0.76149, 0.00056, 4.3636, 0.72288, 0.00637, 5.6036, 0.61502, 0.06222, 0.98991, 1.0191, 1.2657, 0.44974, 0.52875, 1.7026, 0.91136, 0.72207, 0.0034061, 4.2033, 0.99968, 0.0043488, 4.6543, 1.4765, 0.061097, 0.81859, 0.97974, 0.97962, 0.28578, 0.31506, 1.2154, -0.57771, 0.59573, -0.003028, 2.7928, 0.39745, -0.0033614, 2.8416, 1.4707, 0.045498, 1.1612, 1.0585, 1.5518, 0.6137, 0.74243, 2.1899, 2.4004, 0.84841, 0.0098403, 5.6137, 1.6019, 0.012059, 6.467, 1.4823, 0.076696, 0.010848, 0.00057383, 0.030253, 0.0099363, 0.016877, 0.087746, 0.81954, 0.0058996, 1.5301e-05, 0.73529, 0.13405, 2.1972e-05, 1.2144, 1.2307e-05, 8.9938e-05, 0.21246, 0.92799, 0.58505, 0.1854, 0.23298, -1.0571, -1.3133, 0.44684, -0.011477, -0.16688, 0.11235, -0.0074183, 1.2265, 0.12714, 0.036926, 1.7674, 1.1103, 1.9464, 0.71407, 0.82451, 4.4624, 3.136, 0.9973, 0.018289, 8.5735, 1.887, 0.016116, 8.0821, 2.8258, 0.085269, 0.2234, 0.0030711, 0.17125, 0.025826, 0.032332, 2.815, 1.8292, 0.028, 8.1868e-05, 7.059, 0.29101, 5.1178e-05, 4.343, 0.67297, 0.00021595
56, 3.5, 0.39435, 0.10278, 0.20989, 1.3757, 0.54613, 1.3573, 1.0758, 0.51689, 0.58708, 0.48509, 1.0719, 0.72147, 0.89135, 0.00032, 7.7913, 1.1948, 0.01131, 5.29, 0.40646, 0.05681, 0.99048, 1.0171, 1.08, 0.5129, 0.5084, 1.825, 1.1627, 0.78084, 0.0039121, 5.409, 0.96408, 0.0028242, 3.6077, 0.75461, 0.054336, 0.81725, 0.97175, 0.74593, 0.40406, 0.32739, 1.3964, -0.28876, 0.65341, -0.0023508, 4.1816, 0.4291, -0.005505, 1.8403, 0.74884, 0.039198, 1.1637, 1.0625, 1.4141, 0.62175, 0.6894, 2.2536, 2.6142, 0.90827, 0.010175, 6.6363, 1.499, 0.011153, 5.375, 0.76038, 0.069474, 0.011092, 0.00076145, 0.04125, 0.0043789, 0.01211, 0.067892, 0.77871, 0.006002, 1.4498e-05, 0.55677, 0.10578, 2.5642e-05, 1.1545, 1.2308e-05, 8.4697e-05, 0.21261, 0.92324, 0.37781, 0.27873, 0.2353, -0.92497, -1.0369, 0.5051, -0.010897, 1.0944, 0.12095, -0.0093575, 0.20356, -0.59474, 0.030459, 1.7684, 1.111, 1.7822, 0.74707, 0.78149, 4.575, 3.3624, 1.0566, 0.018722, 9.7235, 1.8072, 0.015006, 7.0118, 2.104, 0.078212, 0.22365, 0.0032587, 0.18224, 0.020268, 0.027566, 2.7951, 1.7884, 0.028102, 8.1064e-05, 6.8805, 0.26274, 5.4848e-05, 4.283, 0.67297, 0.00021071
57, 2.8571, 0.43878, 0.13183, 0.15306, 0.83333, 0.56356, 0.7385, 0.97373, 1.6128, 0.38523, 0.54651, 0.82695, 0.39863, 0.81177, 0.00046, 4.6613, 1.7417, 0.00407, 5.0189, 0.41883, 0.04296, 0.96323, 0.99051, 1.2824, 0.46794, 0.45122, 2.1528, 1.2939, 0.80566, 0.0063636, 6.3073, 0.68083, 0.0058916, 3.9591, 0.37034, 0.046021, 0.78732, 0.93683, 0.88718, 0.3416, 0.2134, 1.7305, -0.21204, 0.66577, -0.00060268, 4.9511, -0.053461, -0.0065081, 1.9234, 0.36457, 0.029963, 1.1391, 1.0442, 1.6776, 0.59429, 0.68904, 2.5751, 2.7999, 0.94555, 0.01333, 7.6635, 1.4151, 0.018291, 5.9948, 0.37611, 0.062078, 0.011438, 0.001065, 0.057734, 0.0059, 0.020904, 0.065916, 0.83828, 0.0072331, 1.7937e-05, 0.67983, 0.19929, 5.6828e-05, 1.5317, 1.231e-05, 9.5307e-05, 0.18476, 0.89233, 0.54914, 0.22514, 0.13758, -0.5962, -0.94205, 0.52395, -0.0087568, 1.9543, -0.30093, -0.0093652, 0.40822, -0.97901, 0.02155, 1.7417, 1.0887, 2.0157, 0.71075, 0.76487, 4.9018, 3.5299, 1.0874, 0.021484, 10.66, 1.6626, 0.021148, 7.5099, 1.7197, 0.070491, 0.22399, 0.0035623, 0.19873, 0.02179, 0.03636, 2.7931, 1.8479, 0.029333, 8.4503e-05, 7.0035, 0.35625, 8.6034e-05, 4.6602, 0.67297, 0.00022132
58, 4.7, 0.41303, 0.08776, 0.4617, 1.9192, 0.52352, 1.9273, 1.0065, 1.9418, 0.63449, 0.58351, 1.2537, 0.6942, 0.94268, 6e-05, 6.5153, 0.04537, 0.00219, 2.908, 1.3303, 0.03907, 1.4251, 1.0298, 1.5593, 0.47292, 0.56136, 1.544, 0.88221, 0.72855, 0.0044863, 5.8739, 0.59535, 0.006969, 3.0033, 1.4394, 0.065745, 1.2547, 0.98777, 1.2373, 0.35471, 0.38413, 1.1, -0.3217, 0.60923, -0.0018106, 4.4622, 0.019005, -0.00097661, 1.2731, 1.4337, 0.052685, 1.5955, 1.0719, 1.8812, 0.59113, 0.73858, 1.988, 2.0861, 0.84787, 0.010783, 7.2856, 1.1717, 0.014915, 4.7334, 1.4452, 0.078805, 0.010732, 0.00065416, 0.038309, 0.005165, 0.011609, 0.072865, 0.53572, 0.0052624, 1.4655e-05, 0.73656, 0.12278, 2.3334e-05, 1.1064, 1.2309e-05, 6.304e-05, 0.64787, 0.9375, 0.86275, 0.23425, 0.29076, -1.2084, -1.1626, 0.45646, -0.010338, 1.5033, -0.27462, -0.0049537, -0.38165, 0.090076, 0.043129, 2.2024, 1.1222, 2.2558, 0.71159, 0.83196, 4.2964, 2.927, 1.0006, 0.01931, 10.244, 1.4653, 0.018892, 6.3882, 2.7888, 0.088361, 0.22329, 0.0031514, 0.1793, 0.021055, 0.027065, 2.8001, 1.5454, 0.027362, 8.1222e-05, 7.0603, 0.27974, 5.254e-05, 4.2349, 0.67297, 0.00018905
59, 2, 0.14601, 0.09329, 0.19249, 0.91398, 0.52222, 0.86583, 1.0272, 0.54199, 0.60177, 0.21864, 1.4577, 0.61431, 0.6144, 0.001, 6.8509, 0.44848, 0.00547, 2.4472, 0.28274, 0.049, 0.81639, 1.0109, 1.1239, 0.6259, 0.37031, 2.0835, 1.237, 0.56413, 0.010337, 4.2198, 0.73136, 0.0052032, 3.7084, 0.93346, 0.047067, 0.65571, 0.96819, 0.8153, 0.51129, 0.17531, 1.662, -0.18749, 0.44469, 0.0045069, 2.9773, 0.081508, -0.0061004, 2.0696, 0.92769, 0.032554, 0.97706, 1.0535, 1.4326, 0.7405, 0.56532, 2.5049, 2.6614, 0.68358, 0.016166, 5.4623, 1.3812, 0.016507, 5.3472, 0.93923, 0.06158, 0.009542, 0.00067309, 0.035205, 0.0048545, 0.014055, 0.065648, 0.74998, 0.0052733, 1.2562e-05, 0.57059, 0.15609, 4.7225e-05, 0.99262, 1.2306e-05, 7.7853e-05, 0.041217, 0.91825, 0.43348, 0.38899, 0.08775, -0.6654, -0.94495, 0.29199, -0.0042949, -0.099069, -0.18895, -0.009177, 0.36923, -0.41589, 0.023582, 1.5916, 1.1035, 1.8144, 0.8628, 0.65288, 4.8323, 3.4189, 0.83627, 0.024968, 8.5387, 1.6517, 0.019583, 7.0475, 2.2828, 0.070553, 0.2221, 0.0031704, 0.1762, 0.020744, 0.029511, 2.7929, 1.7596, 0.027373, 7.9128e-05, 6.8943, 0.31305, 7.6431e-05, 4.1211, 0.67297, 0.00020387
60, 3, 0.19839, 0.09253, 0.29999, 1.25, 0.46631, 0.91298, 0.99747, 1.429, 0.46589, 0.33976, 0.11565, 1.2037, 0.99874, 0.00307, 0.88585, 1.8769, 0.00231, 3.9451, 0.63878, 0.03972, 0.9486, 0.97432, 1.189, 0.65289, 0.517, 1.6393, 1.5284, 0.74069, 0.0078168, 3.366, 0.55312, 0.0048653, 5.4669, 1.1967, 0.044058, 0.80027, 0.93933, 0.95335, 0.54041, 0.37445, 1.2455, 0.41677, 0.61798, 0.0018324, 2.0466, 0.094838, -0.0022242, 3.8709, 1.1909, 0.031951, 1.0969, 1.0093, 1.4246, 0.76537, 0.65956, 2.033, 2.64, 0.86339, 0.013801, 4.6854, 1.0114, 0.011955, 7.0628, 1.2025, 0.056165, 0.0081327, 0.00045253, 0.020522, 0.0046764, 0.007511, 0.057314, 0.45672, 0.005565, 1.3237e-05, 0.64339, 0.077627, 1.8577e-05, 0.94141, 1.2306e-05, 5.4176e-05, 0.1759, 0.88498, 0.52793, 0.417, 0.26773, -1.1055, -0.46345, 0.4671, -0.0068771, -0.97563, -0.24355, -0.0065048, 2.1485, -0.15267, 0.021979, 1.7213, 1.0637, 1.85, 0.88877, 0.76628, 4.384, 3.5202, 1.0143, 0.022511, 7.7076, 1.3498, 0.016235, 8.7852, 2.546, 0.066138, 0.22069, 0.0029498, 0.16152, 0.020566, 0.022967, 2.7845, 1.4664, 0.027665, 7.9803e-05, 6.9671, 0.23459, 4.7783e-05, 4.0699, 0.67297, 0.00018019
61, 4.56, 0.08105, 0.08646, 0.3, 1.0417, 0.27718, 1.1226, 1.0057, 1.3549, 0.72541, 0.81134, 1.2129, 1.1694, 0.83202, 0.00477, 2.1555, 0.56328, 0.01399, 9.6799, 0.75003, 0.04299, 1.1531, 1.0355, 1.1543, 0.6035, 0.48574, 1.1641, 1.0524, 0.73487, 0.0058378, 3.4381, 0.69882, 0.021071, 6.0622, 1.5847, 0.058261, 0.99201, 1.0017, 0.87623, 0.47841, 0.34208, 0.74961, -0.059973, 0.62712, -3.1188e-05, 2.0718, 0.24575, 0.014192, 4.4886, 1.579, 0.04633, 1.3142, 1.0692, 1.4324, 0.72859, 0.6294, 1.5785, 2.1648, 0.84263, 0.011707, 4.8044, 1.1519, 0.02795, 7.6358, 1.5905, 0.070191, 0.0095892, 0.00042048, 0.028578, 0.0057835, 0.0076282, 0.063487, 0.45735, 0.0042915, 1.2731e-05, 0.68996, 0.075871, 1.7491e-05, 0.91525, 1.2308e-05, 5.2607e-05, 0.37783, 0.9466, 0.47696, 0.36135, 0.23583, -1.5837, -0.93985, 0.46766, -0.0088095, -0.91801, -0.09487, 0.0098308, 2.7546, 0.2354, 0.036277, 1.9283, 1.1243, 1.8316, 0.84566, 0.73565, 3.9119, 3.0447, 1.0021, 0.020485, 7.7942, 1.4925, 0.032311, 9.3699, 2.9341, 0.080244, 0.22214, 0.0029177, 0.16957, 0.021673, 0.023084, 2.7907, 1.467, 0.026391, 7.9297e-05, 7.0137, 0.23283, 4.6697e-05, 4.0438, 0.67297, 0.00017862
62, 6.2215, 0.12155, 0.01628, 0.09479, 2.0833, 0.31572, 1.9871, 0.958, 1.7262, 0.37289, 0.5704, 0.66887, 0.45233, 0.68311, 1e-05, 9.065, 0.79542, 0.00212, 1.375, 1.7917, 0.08933, 1.0346, 1.0416, 1.1575, 0.38761, 0.51599, 1.8868, 1.2636, 0.81557, 0.003488, 4.614, 0.77309, 0.012926, 5.4523, 1.6135, 0.063499, 0.84581, 0.99277, 0.81664, 0.26262, 0.28913, 1.3909, -0.23463, 0.68345, -0.0028152, 3.1289, 0.061482, -0.00062536, 3.6207, 1.6078, 0.047685, 1.2234, 1.0905, 1.4984, 0.5126, 0.74284, 2.3828, 2.7618, 0.9477, 0.0097912, 6.0991, 1.4847, 0.026478, 7.2839, 1.6193, 0.079313, 0.013171, 0.00088248, 0.042952, 0.0057744, 0.019021, 0.090915, 0.82963, 0.0064521, 1.4685e-05, 0.81518, 0.18716, 6.7876e-05, 1.24, 1.2308e-05, 9.243e-05, 0.25311, 0.94601, 0.45207, 0.14551, 0.21057, -0.87442, -0.96719, 0.53764, -0.011339, 0.21914, -0.19182, -0.0032807, 2.0144, 0.26418, 0.039188, 1.8161, 1.1373, 1.863, 0.62971, 0.8214, 4.6481, 3.4943, 1.0935, 0.018315, 9.0088, 1.738, 0.029133, 8.8902, 2.9629, 0.08781, 0.22572, 0.0033797, 0.18395, 0.021664, 0.034477, 2.8181, 1.8393, 0.028552, 8.1251e-05, 7.1389, 0.34413, 9.7082e-05, 4.3685, 0.67297, 0.00021844
63, 4, 0.31953, 0.09037, 0.61304, 1.25, 0.37617, 1.7054, 0.98478, 1.0337, 0.39835, 0.48384, 0.99153, 1.1387, 0.52236, 0.00254, 8.6989, 0.10625, 0.00588, 1.3954, 1.5152, 0.07813, 1.5632, 1.0004, 1.6561, 0.38247, 0.38171, 0.76934, 1.4755, 0.57281, 0.0041677, 5.2237, 0.86906, 0.0027007, 2.1672, 1.6438, 0.064427, 1.3901, 0.94825, 1.2963, 0.22171, 0.13136, 0.30829, -0.032979, 0.43014, -0.0028632, 3.743, 0.14844, -0.0085385, 0.12191, 1.638, 0.048009, 1.7363, 1.0526, 2.0159, 0.54324, 0.63205, 1.2304, 2.984, 0.71548, 0.011198, 6.7043, 1.5897, 0.01394, 4.2124, 1.6496, 0.080846, 0.011075, 0.0010067, 0.047851, 0.0095527, 0.023164, 0.078566, 0.84104, 0.0075232, 1.8271e-05, 0.81031, 0.19194, 4.669e-05, 1.5461, 1.2308e-05, 9.9639e-05, 0.78535, 0.90307, 0.94133, 0.12011, 0.05846, -1.9859, -0.76218, 0.28971, -0.010983, 0.83035, -0.10252, -0.011629, -1.3892, 0.29447, 0.039719, 2.341, 1.0978, 2.3709, 0.64484, 0.70495, 3.5246, 3.7132, 0.85591, 0.019318, 9.617, 1.8406, 0.01703, 5.7235, 2.9932, 0.089136, 0.22363, 0.003504, 0.18885, 0.025442, 0.03862, 2.8058, 1.8507, 0.029623, 8.4837e-05, 7.134, 0.3489, 7.5896e-05, 4.6746, 0.67297, 0.00022565
64, 4.6981, 0.15862, 0.04387, 0.1029, 0.84667, 0.3102, 0.79241, 1.0622, 0.55011, 0.45916, 0.3469, 1.3454, 1.1421, 0.89835, 0.02138, 6.0631, 0.12965, 0.02151, 9.4721, 1.0125, 0.05454, 1.0212, 1.0482, 0.98759, 0.35945, 0.38829, 1.2908, 1.4934, 0.79563, 0.0027647, 3.9193, 0.98106, 0.0099162, 6.9914, 1.1337, 0.054109, 0.86735, 1.0153, 0.73051, 0.28405, 0.27813, 0.8794, 0.62345, 0.70146, -0.0018725, 2.8737, 0.61366, 0.0048138, 5.7802, 1.128, 0.044734, 1.175, 1.0811, 1.2447, 0.43485, 0.49846, 1.7022, 2.3633, 0.8898, 0.0074019, 4.9649, 1.3485, 0.015019, 8.2026, 1.1395, 0.063483, 0.0087438, 0.00039971, 0.024427, 0.0021012, 0.0044858, 0.06256, 0.27972, 0.0032778, 7.9481e-06, 0.40409, 0.049892, 9.6226e-06, 0.54222, 1.2306e-05, 3.2481e-05, 0.24738, 0.95968, 0.3186, 0.13883, 0.15602, -1.4565, -0.37436, 0.5336, -0.011434, -0.3471, 0.23296, -0.00033331, 3.84, -0.21563, 0.033401, 1.7949, 1.1367, 1.6566, 0.58007, 0.62057, 4.0382, 3.3611, 1.0577, 0.016963, 8.1857, 1.7292, 0.020166, 10.143, 2.4831, 0.074816, 0.2213, 0.002897, 0.16542, 0.017991, 0.019942, 2.7898, 1.2894, 0.025378, 7.4514e-05, 6.7278, 0.20685, 3.8828e-05, 3.6707, 0.67297, 0.0001585
65, 4, 0.18588, 0.02711, 0.06024, 1.6537, 0.47104, 0.69657, 1.0595, 1.3399, 0.37582, 0.39301, 0.90748, 0.76832, 0.74257, 0.00045, 5.469, 0.90154, 0.01359, 8.6633, 0.44619, 0.04761, 0.9622, 1.019, 1.1423, 0.39696, 0.49946, 1.5905, 1.4515, 0.82289, 0.0045688, 5.4915, 0.64002, 0.0093976, 6.0842, 1.071, 0.055403, 0.7891, 0.98045, 0.83927, 0.2878, 0.33015, 1.1671, 0.014531, 0.70891, -0.0013004, 4.1613, -0.029843, -0.0022886, 4.5422, 1.0652, 0.041857, 1.1353, 1.0575, 1.4452, 0.50613, 0.66876, 2.0139, 2.8885, 0.93686, 0.010438, 6.8218, 1.3099, 0.021084, 7.6261, 1.0767, 0.068948, 0.011074, 0.0005487, 0.033931, 0.0044044, 0.010595, 0.066254, 0.7632, 0.0048017, 1.2732e-05, 0.65405, 0.16585, 5.0477e-05, 0.87879, 1.2306e-05, 6.7815e-05, 0.18436, 0.9282, 0.45431, 0.16264, 0.23398, -1.1587, -0.73861, 0.5531, -0.010079, 1.1466, -0.29453, -0.0052852, 2.7914, -0.27839, 0.032502, 1.74, 1.1098, 1.8302, 0.63128, 0.76494, 4.3397, 3.6416, 1.0927, 0.019216, 9.8365, 1.5746, 0.02408, 9.3769, 2.4203, 0.078303, 0.22363, 0.003046, 0.17492, 0.020294, 0.02605, 2.7935, 1.7729, 0.026902, 7.9299e-05, 6.9778, 0.32281, 7.9682e-05, 4.0073, 0.67297, 0.00019383
66, 6.58, 0.15255, 0.05183, 0.41875, 1.0417, 0.27964, 1.2589, 0.91403, 1.7128, 0.13078, 0.40948, 0.81358, 1.995, 0.25709, 0.00968, 1.9398, 0.42969, 0.00027, 1.8152, 2.1744, 0.06344, 1.2899, 1.0065, 1.4132, 0.57282, 0.44776, 1.3477, 0.95485, 0.67924, 0.0042898, 5.1423, 0.89412, 0.010045, 2.2234, 2.0309, 0.069154, 1.1215, 0.97262, 1.1413, 0.47198, 0.32178, 0.87162, -0.50885, 0.57887, -0.0011651, 3.8244, 0.18938, -0.0024586, 0.88932, 2.0251, 0.057626, 1.4583, 1.0404, 1.6851, 0.67367, 0.57373, 1.8239, 2.4186, 0.77961, 0.0097447, 6.4601, 1.5989, 0.022548, 3.5575, 2.0366, 0.080681, 0.010479, 0.00042471, 0.027318, 0.0037586, 0.0058659, 0.083787, 0.79186, 0.0037234, 1.0998e-05, 0.64193, 0.18358, 5.7781e-05, 0.65782, 1.2307e-05, 4.9116e-05, 0.51306, 0.91761, 0.73838, 0.34226, 0.20758, -1.41, -1.2529, 0.41492, -0.010197, 0.80107, -0.065739, -0.0052965, -0.97725, 0.6815, 0.047386, 2.0667, 1.0954, 2.088, 0.80339, 0.68794, 4.1055, 3.1626, 0.94356, 0.018776, 9.4834, 1.854, 0.025386, 5.424, 3.3802, 0.090921, 0.22303, 0.002922, 0.16831, 0.019648, 0.021322, 2.811, 1.8015, 0.025823, 7.7564e-05, 6.9656, 0.34054, 8.6987e-05, 3.7863, 0.67297, 0.00017513
67, 3, 0.26774, 0.04855, 0.04287, 1.1228, 0.50411, 0.29292, 1.0014, 1.9009, 0.40038, 0.50932, 2.9583, 1.722, 0.99462, 0.00025, 6.1756, 0.82509, 0.00014, 1.2703, 4.3825, 0.08061, 0.83187, 1.015, 1.2716, 0.34461, 0.42418, 1.8078, 1.7672, 0.79308, 0.0069001, 5.7068, 0.64895, 0.0046118, 5.3926, 0.64124, 0.056405, 0.66942, 0.97878, 0.96753, 0.23741, 0.25598, 1.4122, 0.27339, 0.67707, 0.00095428, 4.3623, -0.068348, -0.0066662, 3.7405, 0.63547, 0.042842, 0.99432, 1.0511, 1.5756, 0.45181, 0.59237, 2.2035, 3.261, 0.90908, 0.012846, 7.0514, 1.3663, 0.01589, 7.0447, 0.64701, 0.069968, 0.0097539, 0.00048396, 0.034169, 0.0042472, 0.010457, 0.057859, 0.82478, 0.0049742, 1.3067e-05, 0.66819, 0.19017, 4.7012e-05, 1.0088, 1.2306e-05, 6.7991e-05, 0.056331, 0.92515, 0.58317, 0.1112, 0.1594, -0.9372, -0.46061, 0.52243, -0.0077781, 1.3575, -0.32016, -0.0097483, 2.0469, -0.70811, 0.033495, 1.6074, 1.1048, 1.96, 0.57802, 0.68895, 4.5529, 3.995, 1.0637, 0.021578, 10.056, 1.6181, 0.018972, 8.7383, 1.9906, 0.079316, 0.22231, 0.0029812, 0.17516, 0.020137, 0.025913, 2.7851, 1.8344, 0.027074, 7.9633e-05, 6.9919, 0.34713, 7.6218e-05, 4.1374, 0.67297, 0.00019401
68, 2.1818, 0.28637, 0.16597, 0.59996, 0.86111, 0.46736, 1.2229, 0.91013, 1.6858, 0.51573, 0.20011, 1.2496, 1.2992, 0.71408, 0.00572, 2.2703, 0.86402, 0.00138, 1.2368, 2.5553, 0.03615, 1.2944, 0.97734, 1.5404, 0.46766, 0.25629, 1.5241, 1.0854, 0.54105, 0.0037729, 4.1474, 0.82501, 0.0034592, 1.7221, 1.3031, 0.048745, 1.1247, 0.92772, 1.1676, 0.32111, 0.018883, 1.0538, -0.42258, 0.40288, -0.0034056, 2.7106, 0.092836, -0.0099457, -0.30715, 1.2974, 0.03235, 1.4642, 1.027, 1.9132, 0.61421, 0.49369, 1.9944, 2.5933, 0.67921, 0.010951, 5.5842, 1.5572, 0.016864, 3.7514, 1.3089, 0.06514, 0.010654, 0.00091012, 0.051372, 0.007938, 0.020832, 0.081751, 0.84045, 0.0070555, 1.9046e-05, 0.76305, 0.19814, 6.6416e-05, 1.522, 1.2309e-05, 9.9348e-05, 0.51733, 0.88133, 0.81897, 0.21376, -0.057045, -1.2326, -1.152, 0.26019, -0.011446, -0.23135, -0.15516, -0.012625, -1.825, -0.04621, 0.024052, 2.0715, 1.0734, 2.2618, 0.72156, 0.56962, 4.2809, 3.3227, 0.82191, 0.018992, 8.5262, 1.8052, 0.019544, 5.2693, 2.6525, 0.073438, 0.22321, 0.0034074, 0.19237, 0.023828, 0.036287, 2.809, 1.8501, 0.029156, 8.5613e-05, 7.0868, 0.35511, 9.5622e-05, 4.6506, 0.67297, 0.00022536
69, 1.9912, 0.72035, 0.17202, 0.33339, 0.52493, 0.68114, 1.9058, 0.94259, 1.7271, 0.44618, 0.64172, 0.62552, 0.28503, 0.92724, 9e-05, 7.9959, 1.242, 0.00031, 8.6038, 0.48195, 0.03036, 1.22, 0.95171, 1.7004, 0.2831, 0.39933, 2.344, 1.5028, 0.71939, 0.0070703, 7.2879, 0.67873, -0.002236, 4.0459, -0.040386, 0.046001, 1.0341, 0.89536, 1.2937, 0.10758, 0.14544, 1.8281, -0.0056774, 0.57514, -1.4425e-05, 5.7864, -0.056996, -0.016133, 2.0418, -0.046157, 0.029568, 1.406, 1.0081, 2.1071, 0.45862, 0.65321, 2.8599, 3.0113, 0.86365, 0.014155, 8.7895, 1.4145, 0.011661, 6.05, -0.034615, 0.062434, 0.012779, 0.0011736, 0.061136, 0.011387, 0.023824, 0.098374, 0.84108, 0.0076913, 1.8552e-05, 0.83334, 0.20007, 7.1384e-05, 1.4845, 1.2311e-05, 9.9807e-05, 0.43923, 0.85205, 0.96087, 0.011439, 0.073331, -0.42088, -0.73487, 0.43549, -0.0081051, 2.8875, -0.3041, -0.018733, 0.51309, -1.3897, 0.021283, 2.0008, 1.0514, 2.4399, 0.55475, 0.72532, 5.109, 3.7405, 1.0033, 0.022246, 11.688, 1.6616, 0.014261, 7.5787, 1.309, 0.070719, 0.22533, 0.0036709, 0.20213, 0.027276, 0.03928, 2.8256, 1.8507, 0.029791, 8.5118e-05, 7.157, 0.35703, 0.00010059, 4.613, 0.67297, 0.00022582
70, 2, 0.062, 0.19719, 0.3497, 0.91146, 0.29321, 1.2213, 1.0953, 0.74592, 0.71968, 0.41801, 0.92691, 1.4921, 0.69262, 0.00031, 0.51538, 0.91246, 0.00492, 2.4094, 1.0774, 0.02778, 0.87094, 1.0315, 1.1145, 0.78593, 0.63545, 1.7971, 0.76675, 0.77019, 0.002006, 2.3049, 0.88521, 0.006335, 4.604, 1.1563, 0.036188, 0.70013, 0.98781, 0.776, 0.63147, 0.45224, 1.3078, -0.74168, 0.64529, -0.0048511, 0.90493, 0.15063, -0.0075573, 2.829, 1.1505, 0.020555, 1.0417, 1.0751, 1.453, 0.94039, 0.81867, 2.2863, 2.2752, 0.8951, 0.0088632, 3.7048, 1.6198, 0.020227, 6.3789, 1.1621, 0.051821, 0.010784, 0.0007048, 0.042349, 0.0088185, 0.012407, 0.08847, 0.841, 0.0057663, 1.7379e-05, 0.72439, 0.19944, 7.1333e-05, 1.1644, 1.231e-05, 9.0328e-05, 0.093602, 0.9384, 0.41019, 0.52738, 0.36089, -0.963, -1.4709, 0.49561, -0.013064, -2.0619, -0.096764, -0.010158, 1.1959, -0.19303, 0.011994, 1.6483, 1.1246, 1.8188, 1.0445, 0.91001, 4.5571, 3.0044, 1.0448, 0.017076, 6.6717, 1.8672, 0.022828, 8.012, 2.5057, 0.060381, 0.22334, 0.0032021, 0.18334, 0.024708, 0.027863, 2.8157, 1.8507, 0.027866, 8.3945e-05, 7.0481, 0.3564, 0.00010054, 4.293, 0.67297, 0.00021634
71, 3, 0.19901, 0.07594, 0.1, 1.5278, 0.42467, 0.8976, 0.92972, 1.5365, 0.47477, 0.57106, 1.6641, 0.47995, 0.93445, 0.00994, 7.8101, 1.7067, 0.00163, 9.5735, 0.30436, 0.03665, 0.78636, 0.98552, 1.2168, 0.42315, 0.48414, 1.8296, 1.2498, 0.79886, 0.0044828, 5.0984, 1.352, 0.0025537, 5.5516, 0.85781, 0.051554, 0.63958, 0.95423, 0.98404, 0.35245, 0.36927, 1.4478, 0.22978, 0.70448, -0.00037351, 4.048, 0.91102, -0.0039944, 4.2984, 0.85204, 0.042303, 0.93315, 1.0168, 1.4495, 0.49386, 0.59901, 2.2114, 2.2699, 0.89324, 0.0093392, 6.1487, 1.793, 0.0091017, 6.8049, 0.86358, 0.060806, 0.0079634, 0.00036181, 0.020018, 0.0018477, 0.0048773, 0.053884, 0.38458, 0.0032925, 8.717e-06, 0.40776, 0.071873, 1.5848e-05, 0.58055, 1.2305e-05, 3.1635e-05, 0.013954, 0.89757, 0.55674, 0.20409, 0.24959, -0.91344, -0.69238, 0.53675, -0.0097889, 0.83078, 0.56515, -0.0084869, 2.3838, -0.49154, 0.030902, 1.5588, 1.0735, 1.8768, 0.64222, 0.71869, 4.5727, 3.192, 1.061, 0.018755, 9.366, 2.1388, 0.013594, 8.7195, 2.2072, 0.072207, 0.22052, 0.0028591, 0.16101, 0.017737, 0.020333, 2.7811, 1.3942, 0.025392, 7.5283e-05, 6.7315, 0.22883, 4.5054e-05, 3.7091, 0.67297, 0.00015765
72, 3.0049, 0.16297, 0.06867, 0.10201, 1.3544, 0.43383, 0.13469, 0.98208, 1.4059, 0.54494, 0.6159, 4.0133, 1.9444, 0.73672, 0.00045, 2.1846, 0.58094, 0.00071, 2.5005, 1.3171, 0.03739, 0.76511, 0.97763, 1.2231, 0.45304, 0.5167, 1.7338, 0.91435, 0.78337, 0.0046598, 4.785, 0.61087, 0.0027502, 6.6975, 0.9307, 0.042544, 0.62602, 0.94526, 0.9795, 0.38227, 0.40239, 1.3482, -0.13938, 0.67945, -0.00032388, 3.6819, 0.17704, -0.0035449, 5.4137, 0.92493, 0.031637, 0.90419, 1.01, 1.4667, 0.52382, 0.63101, 2.1195, 1.9681, 0.88729, 0.0096435, 5.8881, 1.0447, 0.0090452, 7.9812, 0.93647, 0.053452, 0.0071499, 0.00038726, 0.021932, 0.0018513, 0.0048297, 0.054976, 0.4104, 0.0039917, 9.1801e-06, 0.44974, 0.069563, 1.4647e-05, 0.60913, 1.2305e-05, 4.3976e-05, -0.0058788, 0.88929, 0.55916, 0.23396, 0.28243, -1.0098, -1.0458, 0.51768, -0.0096557, 0.50412, -0.172, -0.0081422, 3.5175, -0.41865, 0.021099, 1.5361, 1.066, 1.887, 0.67213, 0.75097, 4.4774, 2.8745, 1.0491, 0.018975, 9.0659, 1.3937, 0.013643, 9.8775, 2.28, 0.06399, 0.2197, 0.0028845, 0.16293, 0.017741, 0.020285, 2.7822, 1.4201, 0.026092, 7.5746e-05, 6.7735, 0.22653, 4.3853e-05, 3.7377, 0.67297, 0.00016999
73, 6.58, 0.15255, 0.07488, 0.41875, 0.73746, 0.21669, 1.2772, 0.97707, 1.8453, 0.68567, 0.62979, 1.6501, 0.77907, 0.94812, 0.00012, 4.9612, 1.2347, 0.00033, 1.505, 3.5975, 0.08455, 1.2738, 0.9963, 1.4038, 0.5047, 0.43808, 1.2522, 0.9122, 0.56821, 0.0048549, 4.8995, 0.85328, 0.012783, 2.4032, 1.9398, 0.071963, 1.0986, 0.96201, 1.141, 0.40193, 0.27631, 0.7758, -0.26101, 0.46646, -0.00055568, 3.5257, 0.2162, 0.004375, 0.94121, 1.934, 0.060398, 1.449, 1.0306, 1.6666, 0.60746, 0.59985, 1.7285, 2.0854, 0.66997, 0.010266, 6.2734, 1.4904, 0.021192, 3.8651, 1.9456, 0.083529, 0.011348, 0.00043461, 0.025525, 0.0039035, 0.0096726, 0.083869, 0.50873, 0.003827, 1.082e-05, 0.69765, 0.15001, 2.6131e-05, 0.78998, 1.2307e-05, 4.944e-05, 0.49552, 0.90724, 0.73255, 0.27329, 0.17734, -1.5057, -1.1146, 0.30336, -0.0096148, 0.54103, -0.058055, 0.00054741, -0.85285, 0.59044, 0.050176, 2.0521, 1.0854, 2.075, 0.73611, 0.69882, 4.01, 2.939, 0.83306, 0.019325, 9.258, 1.7646, 0.025019, 5.6592, 3.2891, 0.093751, 0.2239, 0.0029319, 0.16652, 0.019793, 0.025128, 2.8111, 1.5184, 0.025927, 7.7386e-05, 7.0214, 0.30697, 5.5337e-05, 3.9185, 0.67297, 0.00017545
74, 4, 0.18588, 0.05414, 0.12047, 0.82812, 0.33729, 1.6389, 1.0183, 0.60394, 0.42476, 0.43377, 1.0974, 0.57956, 0.65953, 0.00362, 4.4607, 1.8966, 0.01274, 5.3743, 0.36212, 0.04084, 1.0008, 1.014, 1.2431, 0.36133, 0.36237, 1.1741, 1.4618, 0.77072, 0.0063527, 4.4053, 0.91441, 0.0086145, 6.7473, 0.99432, 0.060635, 0.83008, 0.97544, 0.93391, 0.25807, 0.15543, 0.76315, 0.003434, 0.65829, 0.00087518, 3.1994, 0.22879, -0.0013998, 5.1711, 0.98855, 0.045568, 1.1715, 1.0526, 1.5523, 0.46459, 0.56931, 1.585, 2.9202, 0.88315, 0.01183, 5.6113, 1.6, 0.018629, 8.3234, 1.0001, 0.075702, 0.01077, 0.00055064, 0.035338, 0.0039411, 0.015828, 0.062405, 0.7861, 0.0046722, 1.1089e-05, 0.53758, 0.17375, 3.7067e-05, 0.91821, 1.2306e-05, 8.3909e-05, 0.22347, 0.92323, 0.55242, 0.1297, 0.071442, -1.5732, -0.74241, 0.50158, -0.0081422, 0.09681, -0.031498, -0.0047759, 3.4384, -0.35503, 0.036803, 1.7781, 1.1048, 1.9338, 0.59296, 0.6533, 3.9213, 3.666, 1.0399, 0.020847, 8.7139, 1.8603, 0.022005, 10.056, 2.3437, 0.084467, 0.22332, 0.0030479, 0.17633, 0.019831, 0.031284, 2.7896, 1.7958, 0.026772, 7.7656e-05, 6.8613, 0.33071, 6.6273e-05, 4.0467, 0.67297, 0.00020992
75, 4.4984, 0.31474, 0.0649, 0.09439, 0.79167, 0.35916, 0.68095, 0.98915, 1.8581, 0.40456, 0.42977, 0.92153, 0.84581, 0.73281, 0.00015, 4.8815, 0.01327, 0.00139, 4.8323, 0.71664, 0.03597, 1.076, 0.98856, 1.6791, 0.26636, 0.64957, 1.4186, 3.0524, 0.75462, 0.015556, 5.0836, 0.21929, 0.0087325, 3.9871, 0.75953, 0.062121, 0.92069, 0.95012, 1.3731, 0.19591, 0.49051, 1.0187, 1.8912, 0.64474, 0.010261, 4.0542, -0.28521, 0.0019754, 2.564, 0.75376, 0.050423, 1.2313, 1.027, 1.9852, 0.33681, 0.80863, 1.8185, 4.2137, 0.86451, 0.020852, 6.113, 0.72379, 0.01549, 5.4102, 0.7653, 0.073818, 0.0089139, 0.00054603, 0.034621, 0.0018344, 0.0093512, 0.059106, 0.49845, 0.0044629, 1.0365e-05, 0.39167, 0.094074, 1.6876e-05, 0.74851, 1.2307e-05, 5.0574e-05, 0.30192, 0.89782, 0.98982, 0.047378, 0.3905, -1.3271, 1.0325, 0.48654, 0.0011292, 0.82111, -0.60484, -0.0024333, 0.74835, -0.58982, 0.040263, 1.8501, 1.0793, 2.3684, 0.48534, 0.90864, 4.1642, 5.0724, 1.0227, 0.029983, 9.3461, 1.0434, 0.019898, 7.2258, 2.1089, 0.083979, 0.22147, 0.0030433, 0.17562, 0.017724, 0.024807, 2.7863, 1.5081, 0.026563, 7.6931e-05, 6.7154, 0.25104, 4.6082e-05, 3.877, 0.67297, 0.00017659
76, 6.58, 0.15255, 0.07854, 0.20938, 1.1111, 0.17345, 1.1198, 0.94393, 1.8835, 0.37668, 0.55987, 0.40348, 0.93577, 0.84934, 0.00136, 1.2018, 1.6682, 0.00085, 3.4862, 1.9556, 0.05496, 1.1131, 1.0138, 1.3308, 0.51473, 0.51218, 1.6652, 0.93305, 0.68635, 0.0067346, 4.8985, 1.1135, 0.0057269, 4.1093, 1.5708, 0.062176, 0.94236, 0.97356, 1.0383, 0.35817, 0.30623, 1.1851, -0.55588, 0.54479, 0.00048841, 3.4408, 0.52974, -0.0025288, 2.2909, 1.565, 0.046217, 1.2839, 1.054, 1.6233, 0.67128, 0.71813, 2.1454, 2.422, 0.82792, 0.012981, 6.3562, 1.6972, 0.013983, 5.9277, 1.5765, 0.078136, 0.01078, 0.00059782, 0.031629, 0.009059, 0.015677, 0.085217, 0.81939, 0.0074076, 1.4421e-05, 0.78535, 0.12595, 2.5191e-05, 1.2222, 1.2307e-05, 9.4139e-05, 0.33581, 0.92227, 0.6474, 0.25492, 0.22196, -1.0932, -1.2915, 0.40381, -0.0080678, 0.51286, 0.2386, -0.0064046, 0.67841, 0.2214, 0.037771, 1.8905, 1.1053, 2.0142, 0.77453, 0.80241, 4.4237, 3.1576, 0.9689, 0.021537, 9.2841, 1.9884, 0.017858, 7.5402, 2.9201, 0.086582, 0.22333, 0.0030951, 0.17262, 0.024949, 0.031133, 2.8124, 1.8291, 0.029508, 8.0987e-05, 7.1091, 0.28291, 5.4397e-05, 4.3507, 0.67297, 0.00022015
77, 2.25, 0.30385, 0.0606, 0.15791, 2.0159, 0.83622, 0.65541, 0.91446, 1.1502, 0.42711, 0.34616, 6.6348, 4.9193, 0.74512, 0.0044, 3.3927, 0.30954, 0.00228, 5.0106, 0.83014, 0.04891, 0.79675, 0.96409, 1.3673, 0.40379, 0.29366, 2.7548, 3.9654, 0.76129, 0.0087172, 3.8615, 0.39515, 0.0040078, 4.4012, 0.90155, 0.03544, 0.62622, 0.93142, 1.0771, 0.27562, 0.15531, 2.3424, 2.8644, 0.64432, 0.0028768, 2.4849, -0.062708, -0.0027274, 2.8009, 0.89578, 0.023709, 0.96728, 0.99676, 1.6575, 0.53196, 0.43202, 3.1672, 5.0665, 0.87826, 0.014558, 5.2381, 0.85301, 0.010743, 6.0015, 0.90732, 0.047171, 0.010749, 0.00039445, 0.031126, 0.0060718, 0.0070755, 0.062863, 0.44811, 0.0050572, 1.2608e-05, 0.70041, 0.077483, 1.6767e-05, 0.94655, 1.2307e-05, 5.0868e-05, 0.019474, 0.87564, 0.6849, 0.16004, 0.046764, 0.0072957, 1.9795, 0.49023, -0.0059186, -0.49788, -0.40128, -0.0071448, 1.0808, -0.4478, 0.013564, 1.574, 1.0525, 2.0497, 0.64755, 0.54056, 5.5023, 5.9514, 1.0324, 0.023353, 8.2208, 1.1916, 0.01516, 7.7216, 2.2509, 0.057316, 0.2233, 0.0028917, 0.17212, 0.021961, 0.022531, 2.7901, 1.4578, 0.027157, 7.9174e-05, 7.0241, 0.23444, 4.5972e-05, 4.0751, 0.67297, 0.00017688
78, 3, 0.19901, 0.07594, 0.1, 1.5278, 0.42467, 0.22104, 0.91358, 1.6178, 0.327, 0.45006, 1.2799, 1.4426, 0.96024, 0.01263, 9.4869, 1.9251, 0.0022, 6.3656, 0.51142, 0.06155, 0.81171, 0.98786, 1.2052, 0.44034, 0.52232, 1.8372, 0.88314, 0.79502, 0.0041306, 4.9903, 1.252, 0.0022444, 6.1469, 0.85781, 0.045303, 0.66493, 0.95657, 0.9725, 0.36963, 0.40745, 1.4554, -0.13691, 0.70063, -0.00072577, 3.9399, 0.81104, -0.0043037, 4.8937, 0.85204, 0.036052, 0.9585, 1.0191, 1.4379, 0.51104, 0.6372, 2.219, 1.9032, 0.8894, 0.0089869, 6.0406, 1.693, 0.0087924, 7.4002, 0.86358, 0.054555, 0.0079634, 0.00036181, 0.020018, 0.0018477, 0.0048773, 0.053884, 0.38458, 0.0032925, 8.717e-06, 0.40776, 0.071873, 1.5848e-05, 0.58055, 1.2305e-05, 3.1635e-05, 0.039301, 0.89991, 0.5452, 0.22127, 0.28778, -0.90585, -1.0591, 0.53291, -0.010141, 0.72267, 0.46516, -0.0087962, 2.9791, -0.49154, 0.024651, 1.5841, 1.0758, 1.8652, 0.6594, 0.75687, 4.5803, 2.8254, 1.0571, 0.018402, 9.2578, 2.0389, 0.013285, 9.3148, 2.2072, 0.065956, 0.22052, 0.0028591, 0.16101, 0.017737, 0.020333, 2.7811, 1.3942, 0.025392, 7.5283e-05, 6.7315, 0.22883, 4.5054e-05, 3.7091, 0.67297, 0.00015765
79, 4.6981, 0.15408, 0.04401, 0, 0.89123, 0.21726, 1.105, 1.0815, 0.89482, 0.42757, 0.57606, 1.1113, 0.60446, 0.94667, 0.00015, 8.3986, 0.47392, 0.0025, 6.3764, 0.2292, 0.0583, 0.96751, 1.0394, 1.0261, 0.33636, 0.40827, 1.2974, 1.3042, 0.87237, 0.0035274, 5.4807, 0.66651, 0.0024322, 5.3927, 0.91284, 0.053687, 0.81173, 1.0057, 0.75479, 0.2192, 0.26419, 0.86693, 0.15573, 0.75682, -0.0022905, 4.1005, 0.12889, -0.0053892, 3.8082, 0.90707, 0.041948, 1.1233, 1.0732, 1.2974, 0.45352, 0.55236, 1.7279, 2.4526, 0.98791, 0.0093453, 6.8609, 1.2041, 0.010254, 6.9772, 0.91861, 0.065427, 0.008969, 0.00042069, 0.027209, 0.0050735, 0.0076736, 0.068503, 0.48749, 0.0049346, 1.2511e-05, 0.70406, 0.10683, 2.2611e-05, 0.928, 1.2306e-05, 5.0942e-05, 0.19334, 0.95059, 0.35152, 0.098209, 0.15812, -1.4528, -0.70844, 0.60192, -0.011099, 1.1202, -0.1783, -0.0094081, 2.0798, -0.43651, 0.031807, 1.7417, 1.1283, 1.7007, 0.57451, 0.65843, 4.0477, 3.3168, 1.1428, 0.018154, 9.8412, 1.5113, 0.014273, 8.7056, 2.2622, 0.075568, 0.22152, 0.002918, 0.1682, 0.020963, 0.023129, 2.7957, 1.4972, 0.027035, 7.9077e-05, 7.0278, 0.26379, 5.1817e-05, 4.0565, 0.67297, 0.00017696
80, 8, 0.43305, 0.03016, 0.27129, 1.3281, 0.46337, 1.3119, 1.091, 0.65398, 0.86124, 0.71936, 1.2026, 0.4822, 0.8581, 0.00639, 8.3363, 0.34398, 0.01764, 3.8112, 1.2819, 0.04025, 1.3304, 1.0438, 1.4795, 0.48239, 0.57532, 2.1259, 1.0373, 0.77749, 0.0071072, 6.7512, 0.60515, 0.014474, 5.8101, 1.5692, 0.071897, 1.1444, 0.99491, 1.1059, 0.33673, 0.38847, 1.5666, -0.46456, 0.64313, 0.00041727, 5.3279, -0.12178, 0.00082072, 3.931, 1.5634, 0.057654, 1.5165, 1.0927, 1.8532, 0.62806, 0.76218, 2.6853, 2.5392, 0.91184, 0.013797, 8.1744, 1.3321, 0.028127, 7.6893, 1.575, 0.08614, 0.012795, 0.00088386, 0.051608, 0.0078426, 0.012905, 0.11564, 0.83369, 0.0066717, 1.6542e-05, 0.7487, 0.19532, 6.8901e-05, 1.3051, 1.231e-05, 7.4979e-05, 0.54962, 0.94817, 0.75768, 0.229, 0.29832, -0.64744, -1.1959, 0.49848, -0.0078879, 2.3768, -0.37112, -0.001818, 2.3467, 0.21985, 0.048577, 2.1113, 1.1395, 2.2014, 0.73579, 0.85233, 4.8993, 3.2705, 1.0565, 0.022102, 11.125, 1.5814, 0.030766, 9.2736, 2.9186, 0.095216, 0.22535, 0.0033811, 0.1926, 0.023732, 0.028361, 2.8429, 1.8433, 0.028772, 8.3108e-05, 7.0724, 0.35228, 9.8107e-05, 4.4337, 0.67297, 0.00020099
81, 5.4951, 0.1914, 0.07359, 0.27776, 1.3333, 0.3153, 1.2817, 1.065, 1.7518, 0.63635, 0.36912, 1.0918, 0.25088, 0.61192, 0.00042, 6.9096, 1.7201, 0.0124, 3.2098, 0.87793, 0.05238, 1.2357, 1.0468, 1.3479, 0.57962, 0.44097, 1.4967, 1.0767, 0.67418, 0.0069765, 4.459, 0.84824, 0.01501, 5.5289, 1.5377, 0.056126, 1.0516, 1.0037, 0.99553, 0.4538, 0.2115, 1.0082, -0.43021, 0.55458, 0.00099126, 3.0091, 0.1163, 0.0037141, 3.8334, 1.5319, 0.040989, 1.4197, 1.09, 1.7003, 0.70545, 0.67044, 1.9852, 2.5835, 0.79378, 0.012962, 5.9089, 1.5802, 0.026306, 7.2243, 1.5435, 0.071263, 0.012524, 0.00068737, 0.045899, 0.0058517, 0.019462, 0.088202, 0.83927, 0.005287, 1.3241e-05, 0.77699, 0.19802, 4.7161e-05, 1.0625, 1.2306e-05, 8.4689e-05, 0.45531, 0.95403, 0.63684, 0.33709, 0.13361, -1.2633, -1.1599, 0.40197, -0.0077177, 0.075929, -0.13176, 0.00063587, 2.1615, 0.18837, 0.03225, 2.016, 1.1397, 2.059, 0.82215, 0.74834, 4.2566, 3.3133, 0.94639, 0.021671, 8.8421, 1.8282, 0.029384, 8.8962, 2.8871, 0.080002, 0.22508, 0.0031846, 0.18689, 0.021741, 0.034918, 2.8154, 1.8489, 0.027387, 7.9807e-05, 7.1007, 0.35498, 7.6367e-05, 4.191, 0.67297, 0.0002107
82, 3, 0.21736, 0.06894, 0.10552, 1.5151, 0.47661, 0.42981, 1.0497, 0.73885, 0.43479, 0.3397, 1.599, 0.76761, 0.77635, 1e-05, 8.3476, 1.4587, 0.00181, 6.8057, 0.73764, 0.06878, 0.80123, 0.99133, 1.1933, 0.43454, 0.49015, 1.8892, 1.0414, 0.79382, 0.0067731, 4.9588, 1.1065, 0.006548, 5.4308, 0.86321, 0.049209, 0.65616, 0.96255, 0.97603, 0.3605, 0.39422, 1.51, 0.16216, 0.70268, 0.002068, 3.9249, 0.74228, 0.0014768, 4.235, 0.85744, 0.040918, 0.94629, 1.0201, 1.4105, 0.50857, 0.58608, 2.2684, 1.9206, 0.88497, 0.011478, 5.9927, 1.4708, 0.011619, 6.6267, 0.86898, 0.0575, 0.0077784, 0.00030618, 0.017446, 0.0020259, 0.0034014, 0.053141, 0.28572, 0.0030704, 8.1825e-06, 0.3951, 0.049044, 9.5057e-06, 0.52855, 1.2306e-05, 2.5406e-05, 0.02914, 0.90424, 0.53856, 0.21438, 0.26427, -0.85352, -0.83071, 0.53287, -0.0074478, 0.6952, 0.35998, -0.003686, 2.2853, -0.48614, 0.028969, 1.5733, 1.0784, 1.848, 0.6547, 0.71602, 4.6319, 2.9135, 1.0548, 0.020994, 9.2223, 1.8531, 0.016782, 8.5764, 2.2126, 0.06945, 0.22033, 0.0028034, 0.15844, 0.017915, 0.018857, 2.7804, 1.2954, 0.02517, 7.4749e-05, 6.7188, 0.20601, 3.8711e-05, 3.6571, 0.67297, 0.00015142
83, 3, 0.35974, 0.12176, 0.20036, 0.48387, 0.37378, 0.61482, 0.9618, 1.2713, 0.32289, 0.29609, 1.5024, 0.77862, 0.65415, 0.00472, 9.4119, 0.48097, 0.00393, 2.9344, 0.90805, 0.06033, 1.0586, 0.99464, 1.139, 0.37813, 0.47627, 1.4941, 1.4444, 0.77647, 0.0030012, 6.0133, 0.8286, 0.0020286, 3.7816, 0.52169, 0.052869, 0.88129, 0.95368, 0.81671, 0.27301, 0.2772, 1.0826, -0.0554, 0.65677, -0.0031317, 4.5509, 0.23865, -0.0071847, 2.003, 0.51592, 0.037051, 1.236, 1.0356, 1.4614, 0.48325, 0.67534, 1.9056, 2.9442, 0.89617, 0.009134, 7.4758, 1.4186, 0.011242, 5.5601, 0.52746, 0.068686, 0.011624, 0.00062026, 0.038404, 0.0040841, 0.014648, 0.0626, 0.83139, 0.0052955, 1.3902e-05, 0.79052, 0.12864, 3.1374e-05, 1.1692, 1.2308e-05, 9.2477e-05, 0.27984, 0.9028, 0.44237, 0.14567, 0.19088, -1.2533, -0.78744, 0.50422, -0.011754, 1.6261, -0.050439, -0.010774, 0.37162, -0.82766, 0.028555, 1.8374, 1.0865, 1.8357, 0.61059, 0.76166, 4.2415, 3.6762, 1.0487, 0.017756, 10.401, 1.7076, 0.014831, 7.1915, 1.871, 0.077182, 0.22418, 0.0031175, 0.1794, 0.019974, 0.030103, 2.7898, 1.8411, 0.027395, 8.0468e-05, 7.1142, 0.2856, 6.058e-05, 4.2977, 0.67297, 0.00021849
84, 3.0066, 0.27707, 0.08854, 0.0715, 0.4712, 0.35285, 0.52583, 1.0736, 0.77583, 0.32346, 0.49335, 1.1921, 0.77006, 0.705, 0.00048, 5.2501, 0.38993, 0.00443, 2.68, 0.42764, 0.06325, 0.91376, 0.98933, 1.3449, 0.31873, 0.47609, 1.5231, 1.558, 0.8025, 0.0086621, 5.5478, 0.68679, 0.0036053, 4.2436, 0.48345, 0.054507, 0.73591, 0.95212, 1.0265, 0.20349, 0.26601, 1.1243, 0.055798, 0.68897, 0.0028126, 4.1463, -0.045611, -0.0094611, 2.64, 0.47768, 0.039761, 1.0916, 1.0265, 1.6634, 0.43397, 0.68616, 1.9219, 3.0601, 0.91602, 0.014512, 6.9493, 1.4192, 0.016672, 5.8472, 0.48922, 0.069253, 0.011691, 0.00051165, 0.037485, 0.0049088, 0.016312, 0.058771, 0.83403, 0.0047636, 1.2647e-05, 0.72596, 0.19826, 6.3104e-05, 0.9505, 1.2307e-05, 8.0371e-05, 0.13485, 0.8991, 0.65005, 0.081513, 0.18292, -1.2224, -0.67546, 0.5329, -0.0059774, 1.1805, -0.29356, -0.012198, 0.92155, -0.8659, 0.030877, 1.6927, 1.0796, 2.0398, 0.55594, 0.76925, 4.2686, 3.7914, 1.0721, 0.023302, 9.9151, 1.6671, 0.019409, 7.5656, 1.8328, 0.078137, 0.22424, 0.0030089, 0.17848, 0.020798, 0.031767, 2.786, 1.8437, 0.026864, 7.9213e-05, 7.0497, 0.35522, 9.2309e-05, 4.079, 0.67297, 0.00020639
85, 2.5, 0.13114, 0.04582, 0.42293, 0.97222, 0.80039, 1.1503, 1.0053, 0.79531, 0.94335, 0.10493, 1.8954, 0.49611, 0.72529, 0.00709, 4.0869, 0.85206, 0.01537, 2.1554, 1.2325, 0.06219, 0.95775, 1.0176, 0.98995, 0.54452, 0.4833, 1.9571, 1.1064, 0.55715, 0.0089074, 2.1617, 0.73824, 0.014195, 2.8261, 1.6692, 0.056537, 0.79369, 0.97584, 0.64335, 0.343, 0.29976, 1.522, -0.39487, 0.42611, 0.0021574, 0.74051, 0.054527, 0.0027263, 0.86989, 1.6634, 0.040468, 1.1218, 1.0593, 1.3366, 0.74604, 0.66685, 2.3923, 2.6077, 0.68818, 0.015657, 3.5829, 1.422, 0.025663, 4.7823, 1.675, 0.072606, 0.0099476, 0.00064332, 0.044403, 0.01501, 0.012452, 0.069984, 0.83303, 0.0063462, 1.684e-05, 0.74656, 0.17278, 4.8611e-05, 1.4144, 1.2307e-05, 9.5438e-05, 0.18187, 0.92538, 0.28172, 0.25539, 0.20852, -0.79386, -1.1264, 0.27973, -0.0061146, -2.2119, -0.20629, -0.00031535, -0.67977, 0.31986, 0.03206, 1.7336, 1.1097, 1.6982, 0.83366, 0.75809, 4.7081, 3.3392, 0.83457, 0.023929, 6.5354, 1.6828, 0.028704, 6.332, 3.0186, 0.081015, 0.2225, 0.0031406, 0.1854, 0.0309, 0.027907, 2.7972, 1.8427, 0.028446, 8.3407e-05, 7.0703, 0.32974, 7.7817e-05, 4.5429, 0.67297, 0.00022145
86, 4, 0.29084, 0.13792, 0.19995, 1.1111, 0.3202, 1.3599, 0.94894, 1.2687, 0.48874, 0.48712, 1.5155, 1.0426, 0.87326, 0.00097, 8.3809, 0.96378, 0.00248, 4.7639, 0.57032, 0.05269, 1.0959, 1.0001, 1.5758, 0.44625, 0.57232, 1.5292, 0.82627, 0.84341, 0.0022539, 5.037, 0.9029, 0.0057642, 4.7676, 0.84829, 0.053662, 0.93389, 0.96603, 1.3242, 0.36866, 0.46834, 1.106, 0.022948, 0.74978, -0.0027347, 3.8987, 0.56868, 0.0010557, 3.5343, 0.84252, 0.044841, 1.2579, 1.0342, 1.8274, 0.52385, 0.6763, 1.9524, 1.6296, 0.93704, 0.0072425, 6.1753, 1.2371, 0.010473, 6.0008, 0.85406, 0.062484, 0.0097033, 0.00043002, 0.023396, 0.0022255, 0.0039959, 0.06619, 0.23852, 0.0032401, 9.1981e-06, 0.47893, 0.041286, 8.194e-06, 0.56216, 1.2307e-05, 2.8764e-05, 0.32046, 0.91115, 0.90891, 0.22487, 0.34291, -1.2199, -1.0114, 0.58158, -0.012063, 0.74692, 0.17053, -0.004295, 1.6076, -0.50106, 0.033199, 1.8714, 1.0891, 2.2427, 0.66764, 0.80173, 4.2784, 2.6639, 1.1052, 0.016571, 9.3271, 1.6353, 0.015823, 7.9275, 2.1976, 0.074126, 0.22226, 0.0029273, 0.16439, 0.018115, 0.019452, 2.7934, 1.2482, 0.02534, 7.5764e-05, 6.8026, 0.19825, 3.74e-05, 3.6907, 0.67297, 0.00015478
87, 4.56, 0.08105, 0.04323, 0.3, 2.0833, 0.43786, 0.57076, 1.0672, 1.0782, 0.82847, 0.78171, 1.2926, 0.89715, 0.93874, 0.00121, 6.808, 0.53455, 0.0319, 8.3657, 2.9677, 0.08395, 1.0794, 1.0467, 1.2575, 0.59077, 0.60701, 1.4762, 0.99214, 0.7331, 0.0051751, 3.1879, 0.98719, 0.019345, 5.4079, 1.8271, 0.055974, 0.91481, 1.0141, 0.98554, 0.47987, 0.46418, 1.0624, -0.11985, 0.62545, -0.0006369, 1.8888, 0.52057, 0.01278, 3.8285, 1.8214, 0.044059, 1.244, 1.0793, 1.5295, 0.70167, 0.74984, 1.8901, 2.1041, 0.84076, 0.010987, 4.487, 1.4538, 0.02591, 6.9874, 1.8329, 0.067888, 0.010011, 0.00039228, 0.027338, 0.0045458, 0.0075401, 0.0633, 0.45703, 0.0042835, 1.2485e-05, 0.62376, 0.080477, 1.593e-05, 0.92206, 1.2308e-05, 5.2466e-05, 0.3034, 0.95827, 0.58265, 0.35563, 0.35758, -1.2715, -0.99989, 0.46593, -0.0094494, -1.1476, 0.18569, 0.0082946, 2.0975, 0.47779, 0.033999, 1.8554, 1.1351, 1.9324, 0.8259, 0.85644, 4.2239, 2.9842, 1.0003, 0.0198, 7.5234, 1.7887, 0.030396, 8.7183, 3.1765, 0.077948, 0.22256, 0.0028895, 0.16833, 0.020435, 0.022996, 2.7905, 1.4667, 0.026383, 7.9051e-05, 6.9475, 0.23744, 4.5136e-05, 4.0506, 0.67297, 0.00017848
88, 4.7, 0.26135, 0.13402, 0.19952, 1.3333, 0.26562, 1.4242, 0.97031, 1.9281, 0.55257, 0.62716, 1.6537, 0.50733, 0.87132, 0.00195, 5.9565, 0.8309, 0.0031, 3.9174, 0.4819, 0.03888, 1.1668, 0.99148, 1.6176, 0.4366, 0.62634, 1.6302, 0.98029, 0.83073, 0.0024396, 5.0855, 1.0602, 0.0077445, 4.832, 1.0244, 0.049835, 0.99172, 0.94651, 1.2831, 0.34015, 0.40048, 1.1934, -0.49706, 0.71666, -0.0033155, 3.8019, 0.42711, -0.0034454, 3.2884, 1.0186, 0.033717, 1.342, 1.0364, 1.952, 0.53306, 0.8522, 2.067, 2.4576, 0.94481, 0.0081948, 6.3692, 1.6932, 0.018934, 6.3755, 1.0302, 0.065953, 0.011335, 0.00074738, 0.04135, 0.0034387, 0.018855, 0.070524, 0.8067, 0.0048098, 1.2242e-05, 0.60904, 0.14813, 4.6281e-05, 0.88061, 1.2307e-05, 9.6024e-05, 0.38855, 0.89778, 0.91518, 0.20792, 0.32166, -1.1211, -1.2365, 0.56091, -0.012162, 0.7546, 0.15164, -0.0065465, 1.5385, -0.32494, 0.025325, 1.9451, 1.0852, 2.3199, 0.66528, 0.93102, 4.3814, 3.1971, 1.1006, 0.017042, 9.4164, 1.9687, 0.022036, 8.1254, 2.3738, 0.074345, 0.22389, 0.0032446, 0.18234, 0.019328, 0.034311, 2.7978, 1.8164, 0.02691, 7.8808e-05, 6.9327, 0.30509, 7.5487e-05, 4.0091, 0.67297, 0.00022204
89, 6, 0.29326, 0.04107, 0.14819, 1, 0.38358, 1.7636, 0.93224, 1.0507, 0.29278, 0.53974, 1.0936, 0.18183, 0.52661, 0.01875, 4.0794, 1.3698, 0.00351, 9.1533, 0.68213, 0.07562, 1.1363, 1.0364, 1.4322, 0.39738, 0.55565, 1.7421, 1.4006, 0.8005, 0.0082822, 5.3457, 0.63375, 0.014188, 4.9945, 1.2123, 0.063053, 0.95668, 0.98577, 1.0587, 0.25509, 0.33534, 1.2526, -0.099913, 0.66234, 0.0017804, 3.9486, -0.058879, 0.0031778, 3.1536, 1.2065, 0.047006, 1.3159, 1.087, 1.8057, 0.53967, 0.77595, 2.2315, 2.9011, 0.93866, 0.014784, 6.7428, 1.3264, 0.025198, 6.8354, 1.218, 0.0791, 0.01192, 0.00094608, 0.051569, 0.0074832, 0.017939, 0.088543, 0.8322, 0.0070551, 1.5625e-05, 0.72145, 0.17731, 4.4805e-05, 1.2526, 1.2308e-05, 9.518e-05, 0.35696, 0.93984, 0.71043, 0.14591, 0.25506, -1.018, -0.83171, 0.51964, -0.0066299, 0.97977, -0.31725, 3.7323e-05, 1.5517, -0.1371, 0.03859, 1.9156, 1.1329, 2.154, 0.64885, 0.85623, 4.5022, 3.6329, 1.0814, 0.023194, 9.7115, 1.5847, 0.028338, 8.4374, 2.5616, 0.087516, 0.22447, 0.0034433, 0.19256, 0.023373, 0.033395, 2.8158, 1.8419, 0.029155, 8.2191e-05, 7.0452, 0.33428, 7.4011e-05, 4.3811, 0.67297, 0.00022119
90, 3.0049, 0.1684, 0.07188, 0.2108, 1.3368, 0.50631, 0.73949, 1.0092, 0.86216, 0.93199, 0.77681, 7.9794, 0.8289, 0.29245, 0.04211, 0.43637, 0.14439, 0.03026, 4.9199, 0.21217, 0.04551, 0.81781, 0.97391, 1.229, 0.58298, 0.51106, 1.6439, 1.2377, 0.62406, 0.008228, 4.2386, 0.77683, 0.016064, 3.9956, 1.1493, 0.050091, 0.67782, 0.93853, 0.95685, 0.49168, 0.33391, 1.2598, -0.24437, 0.50845, 0.0025824, 3.0014, 0.14044, 0.0089361, 2.4731, 1.1435, 0.034642, 0.9578, 1.0093, 1.5012, 0.67427, 0.68821, 2.0279, 2.7197, 0.73967, 0.013874, 5.4759, 1.4132, 0.023192, 5.5181, 1.155, 0.06554, 0.0072433, 0.00046265, 0.027381, 0.0030807, 0.011599, 0.054525, 0.81184, 0.0049398, 1.1781e-05, 0.56579, 0.14969, 1.8779e-05, 0.85674, 1.2305e-05, 8.822e-05, 0.046665, 0.88442, 0.55408, 0.35643, 0.24051, -1.0995, -0.98227, 0.35358, -0.0063312, -0.078754, -0.13403, 0.0046699, 0.71193, -0.20008, 0.026016, 1.589, 1.0634, 1.904, 0.80953, 0.78161, 4.3872, 3.4576, 0.89454, 0.022787, 8.556, 1.6877, 0.027458, 7.2792, 2.4986, 0.074166, 0.2198, 0.0029599, 0.16837, 0.01897, 0.027055, 2.7818, 1.8215, 0.02704, 7.8347e-05, 6.8895, 0.30665, 4.7985e-05, 3.9853, 0.67297, 0.00021423
91, 6.5574, 0.10461, 0.15315, 0.41232, 0.81121, 0.1496, 1.0057, 1.0994, 0.74226, 0.77687, 0.46934, 1.5632, 0.47828, 0.75392, 0.01062, 8.0815, 0.75229, 0.03369, 3.6071, 0.93623, 0.05121, 1.1548, 1.0286, 1.1995, 0.70078, 0.48952, 1.5872, 0.39606, 0.65174, 0.0019353, 3.7949, 0.77513, 0.01393, 2.547, 1.905, 0.058032, 0.98038, 0.98893, 0.88377, 0.54857, 0.32484, 1.0788, -1.1124, 0.52858, -0.0049148, 2.4278, 0.040529, 4.0116e-05, 0.79815, 1.8993, 0.042172, 1.3292, 1.0683, 1.5153, 0.85299, 0.6542, 2.0957, 1.9045, 0.7749, 0.0087854, 5.1621, 1.5097, 0.02782, 4.2959, 1.9108, 0.073892, 0.011246, 0.00058159, 0.036849, 0.0085627, 0.010024, 0.095551, 0.84099, 0.0056064, 1.7343e-05, 0.6908, 0.19946, 7.131e-05, 1.1305, 1.2309e-05, 9.2977e-05, 0.37667, 0.93733, 0.50586, 0.44357, 0.22696, -1.1763, -1.8416, 0.37795, -0.013132, -0.56144, -0.20686, -0.0025608, -0.84752, 0.55567, 0.033691, 1.933, 1.1199, 1.8932, 0.95799, 0.75208, 4.3508, 2.6337, 0.92553, 0.017003, 8.1513, 1.7571, 0.030421, 5.9416, 3.2544, 0.082373, 0.2238, 0.0030789, 0.17784, 0.024452, 0.025479, 2.8228, 1.8506, 0.027706, 8.391e-05, 7.0145, 0.35642, 0.00010052, 4.259, 0.67297, 0.00021899
92, 2.25, 0.30301, 0.08051, 0.07844, 1.5132, 0.67066, 1.7941, 0.95075, 0.72053, 0.30215, 0.19775, 0.22269, 1.4562, 0.96655, 0.0099, 5.792, 0.0208, 0.00526, 5.621, 0.32028, 0.04191, 0.76055, 0.95078, 1.4574, 0.28877, 0.36116, 2.6733, 2.1632, 0.73892, 0.013863, 5.3432, 0.65221, 0.0058072, 4.0315, 0.59797, 0.043805, 0.59506, 0.91819, 1.1968, 0.18774, 0.23643, 2.2686, 1.1674, 0.63895, 0.0087446, 4.1739, 0.2416, -0.00042229, 2.6758, 0.5922, 0.033543, 0.92603, 0.98337, 1.7179, 0.38981, 0.48588, 3.0781, 3.159, 0.83889, 0.018982, 6.5125, 1.0628, 0.012037, 5.3872, 0.60374, 0.054067, 0.010122, 0.0003926, 0.025092, 0.0037729, 0.00575, 0.060544, 0.36652, 0.0036942, 9.6851e-06, 0.50537, 0.062318, 1.4344e-05, 0.67932, 1.2306e-05, 3.8921e-05, -0.015635, 0.86236, 0.78701, 0.058127, 0.12163, -0.073017, 0.23365, 0.47475, -0.00049969, 1.0447, -0.11803, -0.0050475, 0.82179, -0.75138, 0.022681, 1.5367, 1.0392, 2.1277, 0.51942, 0.60068, 5.4197, 4.0928, 1.0031, 0.028227, 9.6416, 1.4225, 0.016662, 7.2412, 1.9473, 0.06493, 0.22268, 0.0028899, 0.16609, 0.019662, 0.021206, 2.7878, 1.3762, 0.025794, 7.6251e-05, 6.8291, 0.21928, 4.3549e-05, 3.8078, 0.67297, 0.00016494
93, 3.8279, 0.35472, 0.05462, 0.23244, 2.3056, 0.7296, 0.67293, 1.0977, 0.69351, 0.47225, 0.42841, 1.6964, 0.74409, 0.6449, 3e-05, 4.0468, 1.9794, 0.00481, 2.0599, 0.74043, 0.03786, 1.1152, 1.0247, 1.1639, 0.5849, 0.53759, 2.0855, 1.1987, 0.79913, 0.005349, 4.6121, 0.88633, 0.0077673, 4.734, 1.1787, 0.051922, 0.92888, 0.9728, 0.76873, 0.4397, 0.29428, 1.6433, -0.29464, 0.67069, -0.0011227, 3.1944, 0.15489, -0.0050674, 2.8565, 1.173, 0.03581, 1.3016, 1.0766, 1.5592, 0.73011, 0.78091, 2.5278, 2.692, 0.92756, 0.011821, 6.0298, 1.6178, 0.020602, 6.6115, 1.1845, 0.068034, 0.012837, 0.00099543, 0.057731, 0.0077929, 0.021882, 0.072291, 0.82424, 0.0060968, 1.548e-05, 0.74286, 0.19774, 6.0886e-05, 1.3029, 1.2308e-05, 9.5952e-05, 0.33434, 0.92749, 0.43069, 0.33177, 0.21976, -0.66658, -1.0288, 0.52292, -0.00955, 0.23955, -0.093298, -0.0078451, 1.2714, -0.1706, 0.027416, 1.8961, 1.1219, 1.8972, 0.83803, 0.85543, 4.8377, 3.4262, 1.0753, 0.020248, 8.9846, 1.8659, 0.02338, 8.1966, 2.5281, 0.076428, 0.22539, 0.0034927, 0.19873, 0.023682, 0.037338, 2.7995, 1.8339, 0.028197, 8.2047e-05, 7.0666, 0.3547, 9.0092e-05, 4.4314, 0.67297, 0.00022197
94, 4, 0.44611, 0.06497, 0.07227, 0.82812, 0.53178, 1.4487, 1.0955, 0.71607, 0.40972, 0.62801, 0.91995, 0.44166, 0.70632, 0.00016, 5.3266, 0.89327, 0.02218, 7.3772, 0.48554, 0.05473, 1.0561, 1.0096, 1.3391, 0.22638, 0.52213, 1.6666, 1.6075, 0.81323, 0.010749, 6.2651, 0.63004, 0.0073151, 4.5397, 0.45812, 0.057599, 0.88387, 0.95424, 0.93955, 0.10083, 0.27136, 1.2324, 0.099741, 0.66723, 0.0036442, 5.028, -0.10514, -0.005404, 2.4224, 0.45235, 0.041209, 1.2284, 1.065, 1.7386, 0.35192, 0.7729, 2.1007, 3.1152, 0.95924, 0.017854, 7.5021, 1.3652, 0.020034, 6.6571, 0.46389, 0.073989, 0.010967, 0.0011341, 0.059, 0.0058254, 0.023243, 0.069666, 0.84024, 0.0078796, 1.8659e-05, 0.56559, 0.19977, 5.9794e-05, 1.657, 1.231e-05, 9.929e-05, 0.27847, 0.91052, 0.60349, -0.01601, 0.19856, -1.0843, -0.6297, 0.52843, -0.0044356, 1.9477, -0.35239, -0.0082024, 0.94147, -0.89123, 0.03291, 1.8338, 1.1088, 2.0747, 0.46876, 0.84571, 4.4174, 3.8447, 1.098, 0.025934, 10.582, 1.6125, 0.022833, 8.138, 1.8075, 0.082289, 0.22352, 0.0036314, 0.19999, 0.021715, 0.038699, 2.7969, 1.8499, 0.02998, 8.5225e-05, 6.8893, 0.35674, 8.9e-05, 4.7856, 0.67297, 0.0002253
95, 4, 0.29084, 0.13792, 0.19995, 1.1111, 0.3202, 0.76228, 1.0008, 1.8738, 0.46773, 0.68187, 1.5374, 0.92981, 0.90979, 0.00016, 2.1547, 0.93272, 0.00149, 3.0302, 0.68581, 0.05544, 1.1232, 0.99122, 1.4754, 0.4492, 0.52197, 1.5287, 0.85292, 0.83806, 0.0023658, 5.5085, 0.91107, 0.0060419, 5.0791, 0.84829, 0.053035, 0.96117, 0.95711, 1.2238, 0.3716, 0.41799, 1.1055, 0.049595, 0.74443, -0.0026228, 4.3702, 0.57685, 0.0013335, 3.8458, 0.84252, 0.044213, 1.2852, 1.0253, 1.727, 0.52679, 0.62595, 1.9519, 1.6562, 0.93168, 0.0073544, 6.6469, 1.2453, 0.01075, 6.3124, 0.85406, 0.061856, 0.0097033, 0.00043002, 0.023396, 0.0022255, 0.0039959, 0.06619, 0.23852, 0.0032401, 9.1981e-06, 0.47893, 0.041286, 8.194e-06, 0.56216, 1.2307e-05, 2.8764e-05, 0.34774, 0.90222, 0.80851, 0.22781, 0.29256, -1.2204, -0.98475, 0.57622, -0.011951, 1.2185, 0.1787, -0.0040173, 1.9192, -0.50106, 0.032571, 1.8986, 1.0802, 2.1423, 0.67058, 0.75138, 4.2778, 2.6906, 1.0999, 0.016683, 9.7986, 1.6434, 0.016101, 8.2391, 2.1976, 0.073498, 0.22226, 0.0029273, 0.16439, 0.018115, 0.019452, 2.7934, 1.2482, 0.02534, 7.5764e-05, 6.8026, 0.19825, 3.74e-05, 3.6907, 0.67297, 0.00015478
96, 6.0393, 0.11432, 0.0632, 0.45002, 1.3864, 0.32467, 1.7004, 1.0193, 1.1423, 0.94583, 0.25611, 1.3654, 0.36406, 0.79702, 0.00041, 9.4, 1.971, 0.01449, 4.4592, 4.2956, 0.05111, 1.3077, 1.0237, 1.3093, 0.5874, 0.40444, 1.3427, 0.9284, 0.62172, 0.0043306, 4.4695, 0.83473, 0.013847, 2.6007, 2.1231, 0.065427, 1.1204, 0.97187, 0.94277, 0.44131, 0.16704, 0.84801, -0.55597, 0.49057, -0.0021202, 3.0495, 0.11078, 0.0026037, 0.77398, 2.1173, 0.049616, 1.495, 1.0755, 1.6758, 0.73349, 0.64183, 1.8374, 2.4128, 0.75287, 0.010781, 5.8896, 1.5587, 0.025091, 4.4274, 2.1289, 0.081238, 0.012965, 0.00099264, 0.049647, 0.0078882, 0.02083, 0.090457, 0.81438, 0.0063577, 1.538e-05, 0.74536, 0.19371, 4.6725e-05, 1.2333, 1.2307e-05, 9.2401e-05, 0.5266, 0.92652, 0.59109, 0.33376, 0.091113, -1.4183, -1.2931, 0.34424, -0.010559, 0.096251, -0.13932, -0.00048574, -0.83461, 0.77377, 0.041118, 2.0888, 1.1209, 2.0275, 0.84104, 0.71776, 4.1038, 3.1499, 0.8992, 0.01922, 8.8428, 1.8088, 0.02818, 6.036, 3.4725, 0.089736, 0.22552, 0.0034899, 0.19064, 0.023778, 0.036286, 2.8177, 1.824, 0.028458, 8.1947e-05, 7.0691, 0.35068, 7.5931e-05, 4.3619, 0.67297, 0.00021842
97, 6.5574, 0.10993, 0.11064, 0.37139, 1.1799, 0.1906, 0.51055, 1.0441, 1.8096, 0.61252, 0.27059, 1.6937, 1.3049, 0.60625, 2e-05, 5.3413, 1.0398, 0.01325, 1.4627, 3.3013, 0.07146, 1.2174, 1.0366, 0.99606, 0.62991, 0.43629, 1.5853, 0.6423, 0.67056, 0.0043316, 4.2272, 0.84258, 0.016064, 3.7205, 1.929, 0.059498, 1.0442, 1.0023, 0.72783, 0.45849, 0.27614, 1.103, -0.86533, 0.54516, -0.0022333, 2.7744, 0.12167, 0.0023288, 1.9327, 1.9232, 0.04437, 1.3906, 1.0709, 1.2643, 0.80134, 0.59643, 2.0676, 2.1499, 0.79595, 0.010896, 5.68, 1.5635, 0.029798, 5.5083, 1.9347, 0.074626, 0.011083, 0.00043364, 0.026593, 0.010861, 0.0094792, 0.085986, 0.8401, 0.0058117, 1.5929e-05, 0.78007, 0.19209, 6.9725e-05, 1.1814, 1.2308e-05, 8.4593e-05, 0.43954, 0.94755, 0.3227, 0.36089, 0.17655, -1.1735, -1.5948, 0.39575, -0.010608, -0.15681, -0.12921, -0.00029676, 0.30573, 0.57963, 0.035627, 1.9953, 1.1256, 1.6694, 0.89894, 0.69602, 4.3442, 2.8794, 0.94536, 0.019271, 8.6112, 1.8144, 0.032424, 7.1353, 3.2783, 0.083369, 0.22364, 0.0029309, 0.16759, 0.026751, 0.024935, 2.8132, 1.8498, 0.027912, 8.2496e-05, 7.1038, 0.34905, 9.8931e-05, 4.3099, 0.67297, 0.00021061
98, 3, 0.19839, 0.09253, 0.29999, 1.25, 0.46631, 1.3285, 0.90987, 0.97288, 0.68117, 0.54435, 0.80528, 1.867, 0.91153, 0.01063, 1.5156, 0.45711, 0.00335, 8.7289, 0.69476, 0.03565, 0.93271, 0.99019, 1.2554, 0.58953, 0.41758, 1.6248, 1.2283, 0.76265, 0.0063135, 3.3019, 1.2553, 0.0042038, 4.0274, 1.1967, 0.045808, 0.78437, 0.9552, 1.0197, 0.47705, 0.27503, 1.231, 0.11672, 0.63994, 0.00032908, 1.9826, 0.79702, -0.0028857, 2.4314, 1.1909, 0.033701, 1.081, 1.0252, 1.491, 0.70201, 0.56013, 2.0185, 2.3399, 0.88535, 0.012298, 4.6213, 1.7136, 0.011293, 5.6233, 1.2024, 0.057915, 0.0081327, 0.00045253, 0.020522, 0.0046764, 0.007511, 0.057314, 0.45672, 0.005565, 1.3237e-05, 0.64339, 0.077627, 1.8577e-05, 0.94141, 1.2306e-05, 5.4176e-05, 0.16, 0.90086, 0.59432, 0.35364, 0.1683, -1.12, -0.76349, 0.48906, -0.0083804, -1.0397, 0.45863, -0.0071663, 0.70901, -0.15267, 0.023728, 1.7054, 1.0795, 1.9164, 0.82542, 0.66685, 4.3695, 3.2202, 1.0362, 0.021007, 7.6436, 2.052, 0.015574, 7.3457, 2.546, 0.067888, 0.22069, 0.0029498, 0.16152, 0.020566, 0.022967, 2.7845, 1.4664, 0.027665, 7.9803e-05, 6.9671, 0.23459, 4.7783e-05, 4.0699, 0.67297, 0.00018019
99, 2.5, 0.1772, 0.06191, 0.62894, 0.97222, 0.71036, 1.4091, 1.0025, 0.86134, 0.61691, 0.12588, 1.074, 1.2008, 0.61036, 0.00308, 3.549, 0.76437, 0.01066, 1.4463, 1.797, 0.05289, 1.2323, 0.9845, 1.19, 0.5275, 0.14955, 1.4763, 1.1723, 0.46877, 0.00802, 2.9496, 0.81029, 0.011106, 2.3038, 1.8878, 0.060476, 1.066, 0.9383, 0.8155, 0.34351, -0.047722, 1.0161, -0.33558, 0.33357, 0.00086019, 1.5293, 0.096704, 0.00028074, 0.29519, 1.882, 0.044176, 1.3987, 1.0307, 1.5645, 0.71149, 0.34682, 1.9366, 2.6801, 0.60397, 0.01518, 4.37, 1.5239, 0.021931, 4.3123, 1.8935, 0.076776, 0.01023, 0.00078876, 0.05184, 0.012512, 0.014384, 0.078294, 0.84035, 0.006756, 1.8947e-05, 0.74564, 0.18821, 4.3311e-05, 1.4912, 1.2308e-05, 9.8196e-05, 0.45595, 0.89021, 0.46771, 0.2503, -0.13459, -1.2788, -1.065, 0.18936, -0.0071905, -1.4237, -0.15608, -0.0029013, -1.2316, 0.53843, 0.035847, 2.0087, 1.0788, 1.9123, 0.80471, 0.43368, 4.2314, 3.4095, 0.74819, 0.023231, 7.323, 1.7767, 0.025113, 5.8391, 3.2371, 0.085105, 0.22278, 0.003286, 0.19283, 0.028402, 0.029839, 2.8055, 1.85, 0.028856, 8.5514e-05, 7.0693, 0.34517, 7.2516e-05, 4.6197, 0.67297, 0.00022421
100, 4.56, 0.08105, 0.02882, 0.2, 3.125, 0.47855, 0.49934, 1.0633, 1.2089, 0.51208, 0.61336, 3.274, 0.87046, 0.80291, 0.00028, 3.3333, 1.6087, 0.04241, 1.5459, 3.577, 0.05423, 1.0306, 1.0579, 1.2349, 0.65103, 0.59436, 1.8415, 1.1421, 0.69491, 0.0035132, 3.2536, 0.93684, 0.014465, 4.2767, 1.7927, 0.052125, 0.83964, 1.0207, 0.92789, 0.51509, 0.35769, 1.4033, -0.3544, 0.57325, -0.0028461, 1.7506, 0.20142, 0.0015009, 2.285, 1.7869, 0.037073, 1.2216, 1.095, 1.5418, 0.78696, 0.83103, 2.2798, 2.6386, 0.81658, 0.0098725, 4.7565, 1.6723, 0.02743, 6.2685, 1.7985, 0.067178, 0.013481, 0.00051036, 0.034831, 0.0068298, 0.020703, 0.070992, 0.82773, 0.0054712, 1.4947e-05, 0.8349, 0.1999, 6.2124e-05, 1.4663, 1.2309e-05, 8.3745e-05, 0.24861, 0.96767, 0.54516, 0.4031, 0.28159, -0.90998, -1.0875, 0.42179, -0.011337, -1.1473, -0.045763, -0.0012539, 0.75091, 0.44335, 0.028303, 1.8126, 1.1481, 1.9246, 0.89896, 0.90714, 4.593, 3.3717, 0.96803, 0.018364, 7.6545, 1.9195, 0.030185, 7.8025, 3.1421, 0.075948, 0.22603, 0.0030076, 0.17582, 0.022719, 0.036159, 2.7982, 1.8374, 0.027571, 8.1514e-05, 7.1586, 0.35687, 9.133e-05, 4.5948, 0.67297, 0.00020976
101, 4.7, 0.26135, 0.06701, 0.42785, 2.6667, 0.48527, 1.3974, 1.0483, 1.6911, 0.35465, 0.12328, 0.01801, 0.78515, 0.68615, 0.00782, 4.7938, 0.07053, 0.01432, 1.646, 2.1993, 0.07582, 1.302, 1.0025, 1.5793, 0.4707, 0.52324, 1.6339, 1.16, 0.73932, 0.0052003, 4.4195, 0.93248, 0.011647, 3.0903, 1.773, 0.057356, 1.1173, 0.95656, 1.2079, 0.32366, 0.27918, 1.2006, -0.3483, 0.60424, -0.0018793, 2.9393, 0.1973, -0.0016105, 0.99356, 1.7673, 0.041069, 1.4868, 1.0485, 1.9506, 0.61773, 0.76731, 2.0671, 2.6682, 0.87441, 0.01228, 5.8998, 1.6677, 0.024904, 5.1871, 1.7788, 0.073643, 0.012615, 0.00078169, 0.050965, 0.0079906, 0.022017, 0.069376, 0.84083, 0.0067442, 1.8526e-05, 0.80985, 0.19977, 6.4959e-05, 1.6249, 1.2308e-05, 9.8048e-05, 0.52151, 0.90836, 0.85859, 0.21652, 0.20483, -1.1168, -1.0776, 0.45997, -0.0099726, 0.02633, -0.049945, -0.0043148, -0.49587, 0.42368, 0.032735, 2.0825, 1.0967, 2.2999, 0.72488, 0.84165, 4.3846, 3.3975, 1.0187, 0.020373, 8.8127, 1.9149, 0.027608, 6.6765, 3.1224, 0.081977, 0.22517, 0.003279, 0.19196, 0.02388, 0.037473, 2.7966, 1.8505, 0.028844, 8.5092e-05, 7.1336, 0.35673, 9.4165e-05, 4.7535, 0.67297, 0.00022406
102, 4.56, 0.32421, 0.04323, 0.3, 2.0833, 0.78689, 0.88302, 0.99911, 0.71558, 0.44657, 0.70225, 1.5564, 0.57684, 0.6773, 0.00397, 3.429, 1.5652, 0.00234, 6.369, 0.77082, 0.05335, 1.085, 1.0118, 1.1025, 0.43357, 0.65004, 2.1059, 0.95739, 0.72982, 0.012558, 4.3041, 1.4215, 0.010046, 4.3789, 1.504, 0.051147, 0.92239, 0.97635, 0.82762, 0.30235, 0.5097, 1.6697, -0.15358, 0.6046, 0.0063183, 3.0005, 1.0161, 0.0037476, 2.6797, 1.4982, 0.038996, 1.2476, 1.0473, 1.3774, 0.5648, 0.79038, 2.5422, 2.0684, 0.85504, 0.018798, 5.6078, 1.8268, 0.016344, 6.0782, 1.5098, 0.063298, 0.0097718, 0.00046555, 0.027928, 0.0063649, 0.0072796, 0.070343, 0.4562, 0.0057952, 1.439e-05, 0.62814, 0.060731, 1.4662e-05, 1.0673, 1.2308e-05, 5.4574e-05, 0.30942, 0.92231, 0.42646, 0.18819, 0.40202, -0.64523, -1.0341, 0.4551, -0.0022417, -0.032736, 0.65401, -0.0008484, 1.0097, 0.15463, 0.029043, 1.8606, 1.1014, 1.7785, 0.67895, 0.89805, 4.8571, 2.9489, 1.0045, 0.027358, 8.641, 2.1889, 0.02094, 7.7482, 2.8533, 0.073251, 0.22233, 0.0029628, 0.16892, 0.022254, 0.022735, 2.7976, 1.4659, 0.027895, 8.0957e-05, 6.9518, 0.21769, 4.3868e-05, 4.1958, 0.67297, 0.00018059
103, 3, 0.21736, 0.06894, 0.10552, 1.5151, 0.47661, 0.74171, 0.94301, 1.3895, 0.55727, 0.71059, 0.38427, 0.76941, 0.96923, 0.00379, 0.66814, 1.0175, 0.00081, 5.0321, 0.81487, 0.04569, 0.78981, 1.0044, 1.1128, 0.41892, 0.40852, 1.9129, 1.0409, 0.76703, 0.0063085, 5.4386, 1.2444, 0.0068735, 5.7305, 0.86321, 0.053865, 0.64475, 0.97563, 0.89552, 0.34489, 0.31259, 1.5337, 0.16165, 0.67588, 0.0016034, 4.4047, 0.88012, 0.0018022, 4.5346, 0.85744, 0.045574, 0.93488, 1.0332, 1.33, 0.49296, 0.50446, 2.292, 1.9201, 0.85817, 0.011014, 6.4725, 1.6087, 0.011945, 6.9263, 0.86898, 0.062155, 0.0077784, 0.00030618, 0.017446, 0.0020259, 0.0034014, 0.053141, 0.28572, 0.0030704, 8.1825e-06, 0.3951, 0.049044, 9.5057e-06, 0.52855, 1.2306e-05, 2.5406e-05, 0.017726, 0.91732, 0.45805, 0.19876, 0.18265, -0.82985, -0.83122, 0.50607, -0.0079125, 1.175, 0.49782, -0.0033605, 2.5849, -0.48614, 0.033624, 1.5619, 1.0915, 1.7675, 0.63908, 0.6344, 4.6556, 2.913, 1.028, 0.020529, 9.7022, 1.9909, 0.017108, 8.876, 2.2126, 0.074105, 0.22033, 0.0028034, 0.15844, 0.017915, 0.018857, 2.7804, 1.2954, 0.02517, 7.4749e-05, 6.7188, 0.20601, 3.8711e-05, 3.6571, 0.67297, 0.00015142
104, 1.5, 0.08881, 0.13334, 0.14145, 0.93633, 0.2675, 0.30551, 1.0602, 1.9406, 0.41516, 0.16556, 2.2003, 0.82535, 0.8099, 0.00011, 8.6459, 1.8966, 0.0011, 1.381, 0.93641, 0.05191, 0.76138, 1.0057, 1.1695, 0.48534, 0.37387, 1.7041, 1.4481, 0.72729, 0.0024354, 4.2267, 0.8195, 0.0030062, 4.4527, 0.70255, 0.042204, 0.57974, 0.95326, 0.77633, 0.31611, 0.13027, 1.1858, -0.060381, 0.58076, -0.0046448, 2.827, 0.086066, -0.010724, 2.415, 0.69678, 0.025822, 0.94301, 1.0582, 1.5626, 0.65457, 0.61746, 2.2225, 2.9566, 0.87381, 0.0095157, 5.6264, 1.5529, 0.016737, 6.4904, 0.70833, 0.058586, 0.012194, 0.0010172, 0.057126, 0.010585, 0.021932, 0.099308, 0.84107, 0.0079354, 1.8529e-05, 0.72412, 0.19882, 6.968e-05, 1.5347, 1.2309e-05, 9.9197e-05, -0.018406, 0.90821, 0.43733, 0.21771, 0.05582, -1.0613, -0.78957, 0.44222, -0.012738, -0.14001, -0.16162, -0.01335, 0.90069, -0.6468, 0.01752, 1.5412, 1.1032, 1.9016, 0.75298, 0.69192, 4.4695, 3.6858, 1.0124, 0.017609, 8.5934, 1.8006, 0.019363, 8.0047, 2.0519, 0.066888, 0.22475, 0.0035145, 0.19812, 0.026475, 0.037388, 2.8265, 1.8507, 0.030035, 8.5095e-05, 7.0478, 0.35579, 9.8886e-05, 4.6633, 0.67297, 0.00022521
105, 3.9167, 0.14201, 0.10898, 0.20001, 1.3229, 0.28418, 0.91609, 1.075, 1.2074, 0.2563, 0.04975, 1.2689, 1.0536, 0.56052, 0.00071, 9.9705, 1.8945, 0.00856, 1.5215, 1.7961, 0.07913, 1.0102, 1.0117, 1.2285, 0.51503, 0.3979, 1.3667, 1.1146, 0.60135, 0.0052122, 3.9318, 0.71552, 0.0092874, 3.3818, 1.1779, 0.055982, 0.84047, 0.96957, 0.88613, 0.42375, 0.19132, 0.94779, -0.38833, 0.48397, -0.00076494, 2.7387, -0.0058946, -0.0032102, 1.8322, 1.1721, 0.040412, 1.18, 1.0538, 1.5709, 0.60631, 0.60448, 1.7856, 2.6176, 0.71872, 0.011189, 5.1249, 1.4369, 0.021785, 4.9314, 1.1837, 0.071552, 0.010653, 0.00065511, 0.043328, 0.0030795, 0.015773, 0.064858, 0.83492, 0.005092, 1.3205e-05, 0.52615, 0.19236, 5.773e-05, 0.88752, 1.2306e-05, 8.9604e-05, 0.23313, 0.91932, 0.52233, 0.28849, 0.10722, -1.3818, -1.1193, 0.33011, -0.0094788, -0.37314, -0.25665, -0.0060491, 0.085524, -0.17146, 0.031829, 1.7873, 1.104, 1.9347, 0.74157, 0.68857, 4.1152, 3.3486, 0.87258, 0.019903, 8.2368, 1.6877, 0.024624, 6.6781, 2.5272, 0.080135, 0.22321, 0.0031524, 0.18432, 0.018969, 0.031229, 2.7921, 1.8446, 0.027192, 7.9771e-05, 6.8499, 0.34932, 8.6936e-05, 4.016, 0.67297, 0.00021562
106, 4.56, 0.08105, 0.04323, 0.3, 2.0833, 0.43786, 0.51249, 1.0954, 1.2942, 0.51115, 0.63118, 2.4692, 0.86357, 0.75153, 0.00029, 3.0187, 1.2588, 0.01808, 5.6359, 2.9373, 0.05629, 1.0821, 1.0423, 1.2156, 0.68155, 0.68045, 1.4489, 1.0073, 0.76939, 0.0053477, 3.5617, 0.61588, 0.026883, 6.2124, 1.8271, 0.06749, 0.91756, 1.0097, 0.94365, 0.57065, 0.53762, 1.0351, -0.10465, 0.66173, -0.00046434, 2.2626, 0.14926, 0.020318, 4.633, 1.8214, 0.055576, 1.2467, 1.0748, 1.4876, 0.79245, 0.82327, 1.8628, 2.1193, 0.87704, 0.01116, 4.8608, 1.0825, 0.033449, 7.7919, 1.8329, 0.079404, 0.010011, 0.00039228, 0.027338, 0.0045458, 0.0075401, 0.0633, 0.45703, 0.0042835, 1.2485e-05, 0.62376, 0.080477, 1.593e-05, 0.92206, 1.2308e-05, 5.2466e-05, 0.30615, 0.95385, 0.54076, 0.44641, 0.43101, -1.2988, -0.98469, 0.50221, -0.0092769, -0.77382, -0.18562, 0.015833, 2.902, 0.47779, 0.045515, 1.8581, 1.1307, 1.8905, 0.91669, 0.92988, 4.1966, 2.9994, 1.0366, 0.019972, 7.8972, 1.4174, 0.037934, 9.5229, 3.1765, 0.089464, 0.22256, 0.0028895, 0.16833, 0.020435, 0.022996, 2.7905, 1.4667, 0.026383, 7.9051e-05, 6.9475, 0.23744, 4.5136e-05, 4.0506, 0.67297, 0.00017848
107, 3.6004, 0, 0, 0.11998, 1.25, 0.59586, 0.21088, 1.07, 1.04, 0.56964, 0.74961, 0.08816, 0.39666, 0.98202, 0.00025, 1.2741, 0.24701, 0.00499, 5.9445, 1.3836, 0.06743, 0.7171, 1.0368, 0.90948, 0.55111, 0.45113, 1.6324, 1.2533, 0.70797, 0.0084529, 2.8028, 0.78027, 0.015588, 5.1887, 1.5461, 0.057769, 0.5368, 0.98045, 0.503, 0.40529, 0.19747, 1.1564, -0.2552, 0.55852, 0.0011829, 1.4975, 0.044544, 0.0017205, 2.9825, 1.5404, 0.04134, 0.8974, 1.0931, 1.316, 0.69694, 0.70479, 2.1084, 2.7618, 0.85743, 0.015723, 4.1081, 1.516, 0.029456, 7.395, 1.5519, 0.074198, 0.012015, 0.0011717, 0.06107, 0.0078594, 0.023782, 0.083731, 0.84106, 0.0082558, 1.9535e-05, 0.62973, 0.20007, 7.1081e-05, 1.7991, 1.2311e-05, 9.9761e-05, -0.062374, 0.93712, 0.1701, 0.29763, 0.12531, -1.1254, -0.98439, 0.42139, -0.0068098, -1.5346, -0.20256, -0.00088391, 1.5374, 0.19679, 0.033054, 1.4966, 1.1364, 1.6489, 0.8046, 0.77695, 4.3901, 3.491, 0.99455, 0.023716, 7.1402, 1.7631, 0.03206, 8.84, 2.8955, 0.082485, 0.22457, 0.003669, 0.20206, 0.023749, 0.039238, 2.811, 1.8507, 0.030356, 8.6102e-05, 6.9534, 0.35703, 0.00010029, 4.9276, 0.67297, 0.00022578
108, 4.7, 0.41303, 0.17869, 0.4617, 1.3333, 0.31366, 1.5232, 1.0995, 1.5454, 0.51078, 0.57717, 1.1224, 0.74663, 0.87513, 0.00392, 8.8641, 0.85558, 0.00397, 2.8428, 0.97708, 0.07179, 1.469, 0.99769, 1.662, 0.60325, 0.50335, 1.5553, 0.90591, 0.76574, 0.00244, 6.1248, 0.80773, 0.0038145, 2.6388, 1.1652, 0.050086, 1.2906, 0.95162, 1.2787, 0.43396, 0.28438, 1.0649, -0.60259, 0.638, -0.0047153, 4.6723, 0.072049, -0.0097891, 0.67506, 1.1594, 0.03372, 1.6474, 1.0438, 2.0452, 0.77254, 0.72233, 2.0456, 2.4144, 0.89349, 0.0095954, 7.5773, 1.5434, 0.017418, 4.6025, 1.1709, 0.066452, 0.011767, 0.00078458, 0.054301, 0.010593, 0.017723, 0.088864, 0.84108, 0.0060312, 1.8924e-05, 0.77977, 0.20004, 6.8399e-05, 1.4253, 1.231e-05, 9.8997e-05, 0.68995, 0.90346, 0.93506, 0.33558, 0.20375, -1.205, -1.3318, 0.48986, -0.012768, 1.7409, -0.17507, -0.012436, -0.87129, -0.18417, 0.025413, 2.248, 1.0919, 2.3889, 0.87093, 0.80296, 4.3155, 3.1436, 1.0416, 0.017648, 10.509, 1.7905, 0.020065, 6.1488, 2.5145, 0.07476, 0.22432, 0.0032818, 0.1953, 0.026482, 0.033178, 2.8161, 1.8507, 0.028131, 8.549e-05, 7.1035, 0.35701, 9.7605e-05, 4.5538, 0.67297, 0.00022501
109, 2.25, 0.30385, 0.0606, 0.15791, 2.0159, 0.83622, 0.54272, 0.90669, 1.9097, 0.26153, 0.24624, 4.0173, 7.6441, 0.68062, 0.01032, 1.7016, 0.22126, 0.00152, 2.5061, 1.0259, 0.02441, 0.80245, 0.96532, 1.1996, 0.46707, 0.33941, 2.8151, 2.7561, 0.77605, 0.007596, 4.0488, 0.43873, 0.0044441, 5.1589, 0.90154, 0.04533, 0.63191, 0.93265, 0.90945, 0.3389, 0.20105, 2.4027, 1.655, 0.65908, 0.0017555, 2.6722, -0.01913, -0.0022911, 3.5587, 0.89577, 0.033599, 0.97298, 0.99799, 1.4898, 0.59524, 0.47777, 3.2275, 3.8572, 0.89302, 0.013436, 5.4254, 0.89658, 0.011179, 6.7592, 0.90731, 0.057061, 0.010749, 0.00039445, 0.031126, 0.0060718, 0.0070755, 0.062863, 0.44811, 0.0050572, 1.2608e-05, 0.70041, 0.077483, 1.6767e-05, 0.94655, 1.2307e-05, 5.0868e-05, 0.025172, 0.87687, 0.51724, 0.22331, 0.092507, 0.067628, 0.77014, 0.50499, -0.0070399, -0.31058, -0.3577, -0.0067085, 1.8385, -0.44781, 0.023454, 1.5797, 1.0538, 1.882, 0.71082, 0.58631, 5.5626, 4.7421, 1.0471, 0.022232, 8.4081, 1.2352, 0.015597, 8.4794, 2.2509, 0.067206, 0.2233, 0.0028917, 0.17212, 0.021961, 0.022531, 2.7901, 1.4578, 0.027157, 7.9174e-05, 7.0241, 0.23444, 4.5972e-05, 4.0751, 0.67297, 0.00017688
110, 3.75, 0.72522, 0.11557, 0.35142, 0.99099, 0.57282, 1.1724, 0.92333, 1.9126, 0.24361, 0.58794, 1.2371, 0.43781, 0.46108, 0.0002, 7.1984, 1.7411, 0.00223, 6.7136, 0.38182, 0.06873, 1.4785, 0.97499, 1.7649, 0.26901, 0.53794, 1.5969, 1.6956, 0.7834, 0.0069642, 7.7903, 0.76854, 0.001631, 4.7386, 0.33468, 0.058177, 1.3025, 0.92683, 1.4212, 0.10278, 0.32247, 1.1032, 0.18985, 0.63905, -0.00012437, 6.3297, 0.26297, -0.0062069, 2.7282, 0.3289, 0.041845, 1.6545, 1.0232, 2.1087, 0.43523, 0.75341, 2.0905, 3.2014, 0.92775, 0.014053, 9.2508, 1.2741, 0.009469, 6.749, 0.34045, 0.074508, 0.011452, 0.00085733, 0.043678, 0.010212, 0.01716, 0.090067, 0.83804, 0.0077018, 1.8572e-05, 0.78849, 0.094474, 2.2706e-05, 1.4939, 1.231e-05, 9.8584e-05, 0.7, 0.87972, 1.0581, 0.0032635, 0.24088, -1.164, -0.54023, 0.49945, -0.008213, 3.4036, -0.056243, -0.01022, 1.2023, -1.0147, 0.033526, 2.257, 1.0703, 2.4718, 0.53475, 0.835, 4.3577, 3.9315, 1.0674, 0.022141, 12.177, 1.5933, 0.013482, 8.275, 1.684, 0.082827, 0.22401, 0.0033546, 0.18467, 0.026102, 0.032616, 2.8173, 1.8477, 0.029802, 8.5138e-05, 7.1122, 0.25144, 5.1912e-05, 4.6224, 0.67297, 0.0002246
111, 2, 0.09264, 0.04073, 0.34991, 2, 0.79893, 0.56615, 1.098, 1.1462, 0.2966, 0.42366, 0.74537, 2.0915, 0.90745, 0.01102, 3.9385, 1.9587, 0.02522, 1.3313, 1.0788, 0.06602, 0.85334, 1.0376, 1.2147, 0.44967, 0.51324, 2.3973, 1.0742, 0.71257, 0.0053591, 2.7577, 0.99248, 0.011898, 3.6176, 1.6469, 0.071362, 0.6795, 1.002, 0.87196, 0.2984, 0.38146, 1.9528, -0.42333, 0.61082, -0.0002719, 1.3786, 0.26089, -0.00077418, 2.123, 1.6412, 0.059873, 1.0272, 1.0731, 1.5574, 0.60095, 0.64503, 2.8418, 2.5717, 0.81433, 0.01099, 4.1369, 1.7241, 0.02457, 5.1123, 1.6527, 0.08285, 0.01117, 0.00046719, 0.043417, 0.0084579, 0.0064194, 0.073025, 0.82885, 0.0038271, 1.172e-05, 0.70298, 0.19783, 5.9353e-05, 0.82568, 1.2308e-05, 4.8781e-05, 0.075334, 0.94803, 0.50834, 0.19302, 0.26997, -0.35522, -1.1561, 0.44772, -0.0091944, -1.6024, 0.012744, -0.0035811, 0.34681, 0.29759, 0.049615, 1.6313, 1.1271, 1.921, 0.70633, 0.75652, 5.1498, 3.3045, 0.97743, 0.019913, 7.1179, 1.9722, 0.027377, 6.8884, 2.9963, 0.093108, 0.22372, 0.0029645, 0.18441, 0.024347, 0.021875, 2.8003, 1.8385, 0.025927, 7.8286e-05, 7.0267, 0.35479, 8.8558e-05, 3.9542, 0.67297, 0.0001748
112, 4, 0.16546, 0.09921, 0.38996, 1.5333, 0.36631, 1.047, 0.94381, 1.831, 0.35225, 0.02547, 1.6428, 0.42134, 0.36263, 0.00817, 1.195, 0.26831, 0.00114, 1.0004, 1.732, 0.04851, 1.2071, 0.99971, 1.1996, 0.47531, 0.30022, 1.2172, 1.1606, 0.66772, 0.0040076, 4.1372, 0.98077, 0.0076436, 2.4146, 1.5661, 0.054251, 1.0344, 0.95667, 0.88825, 0.34362, 0.067644, 0.79701, -0.34705, 0.5336, -0.0023419, 2.6856, 0.26696, -0.0012829, 0.68721, 1.5604, 0.037867, 1.3797, 1.0428, 1.5109, 0.607, 0.53281, 1.6374, 2.6682, 0.80183, 0.010357, 5.5888, 1.6946, 0.01657, 4.1419, 1.5719, 0.070635, 0.011018, 0.00068465, 0.035824, 0.0064099, 0.019994, 0.065265, 0.8401, 0.006648, 1.4901e-05, 0.77883, 0.18833, 2.9451e-05, 1.1028, 1.2306e-05, 9.9216e-05, 0.42931, 0.90693, 0.50792, 0.22968, -0.0094687, -1.5315, -1.0765, 0.38883, -0.010839, -0.24643, 0.014237, -0.004954, -0.96894, 0.2168, 0.029565, 1.9848, 1.0925, 1.8912, 0.72093, 0.60992, 3.9659, 3.3977, 0.94661, 0.018854, 8.5208, 1.9473, 0.020241, 5.7981, 2.9155, 0.078936, 0.22357, 0.0031819, 0.17682, 0.022299, 0.03545, 2.7925, 1.8498, 0.028748, 8.1468e-05, 7.1025, 0.34529, 5.8657e-05, 4.2313, 0.67297, 0.00022523
113, 1.9912, 0.26268, 0.05645, 0.15009, 1.0526, 0.66684, 0.29321, 0.99178, 1.5849, 0.62031, 0.81081, 1.4757, 0.091, 0.94676, 0.00034, 9.007, 0.68064, 6e-05, 6.4418, 2.8807, 0.04967, 0.89755, 0.97586, 1.4252, 0.42937, 0.33136, 2.3118, 1.9304, 0.68944, 0.01052, 4.8295, 0.46422, 0.0047309, 5.3144, 0.74598, 0.049221, 0.73706, 0.93251, 1.1118, 0.29465, 0.13595, 1.8907, 0.42926, 0.5652, 0.0045055, 3.5094, -0.18478, -0.0050668, 3.5889, 0.74021, 0.033754, 1.058, 1.0192, 1.7386, 0.56408, 0.52676, 2.7329, 3.4315, 0.81369, 0.016534, 6.1496, 1.1132, 0.014529, 7.04, 0.75175, 0.064689, 0.0095206, 0.00069459, 0.036299, 0.0067081, 0.014113, 0.065543, 0.83287, 0.005706, 1.3368e-05, 0.6441, 0.15568, 3.5481e-05, 1.1005, 1.2307e-05, 8.8429e-05, 0.12242, 0.88293, 0.7326, 0.1821, 0.048516, -0.43701, -0.30234, 0.41516, -0.0041865, 0.48762, -0.45549, -0.0084983, 1.9318, -0.60337, 0.025134, 1.6727, 1.0688, 2.1178, 0.67663, 0.6142, 5.0606, 4.1631, 0.96373, 0.025225, 9.1713, 1.3839, 0.01796, 8.697, 2.0953, 0.073308, 0.22207, 0.0031919, 0.17729, 0.022598, 0.029569, 2.7928, 1.8425, 0.027806, 7.9934e-05, 6.9678, 0.31265, 6.4687e-05, 4.2291, 0.67297, 0.00021444
114, 2.9733, 0.30271, 0.12022, 0.10006, 1.1111, 0.41343, 1.7393, 0.97657, 1.4911, 0.40595, 0.57538, 1.2935, 0.75638, 0.81055, 0.0006, 5.4275, 0.57931, 0.00029, 5.6108, 0.41887, 0.03237, 0.82145, 0.99542, 1.2323, 0.39444, 0.43172, 1.913, 1.1643, 0.76059, 0.0089878, 5.4387, 0.66109, 0.0062131, 3.7959, 0.53922, 0.049519, 0.6587, 0.95521, 0.92322, 0.30227, 0.2434, 1.5165, -0.31973, 0.64963, 0.0028426, 4.1723, -0.029801, -0.0043163, 2.2858, 0.53345, 0.034515, 0.9842, 1.0356, 1.5413, 0.48661, 0.62005, 2.3096, 2.6483, 0.87154, 0.015133, 6.7051, 1.352, 0.016742, 5.306, 0.54499, 0.064523, 0.0097901, 0.0005975, 0.035304, 0.0031399, 0.013109, 0.058113, 0.81397, 0.0045501, 1.3958e-05, 0.59278, 0.17643, 4.0978e-05, 0.8429, 1.2306e-05, 8.3207e-05, 0.045844, 0.90391, 0.54163, 0.16753, 0.15372, -0.83212, -1.057, 0.49207, -0.0057723, 1.1128, -0.28865, -0.0075668, 0.51798, -0.81013, 0.025727, 1.5971, 1.0869, 1.9229, 0.62134, 0.70972, 4.6582, 3.3855, 1.0291, 0.023748, 9.7645, 1.6108, 0.019993, 7.0738, 1.8886, 0.073311, 0.22234, 0.0030948, 0.1763, 0.019029, 0.028565, 2.7853, 1.8236, 0.02665, 8.0524e-05, 6.9165, 0.33339, 7.0184e-05, 3.9714, 0.67297, 0.00020922
115, 4, 0.22752, 0.02783, 0.5276, 1.75, 0.66824, 1.4755, 1.0446, 1.0799, 0.35622, 0.10681, 1.5015, 0.23729, 0.29876, 0.01249, 1.4912, 0.39396, 0.01268, 1.6221, 2.9859, 0.0571, 1.3353, 0.9861, 1.255, 0.46234, 0.31563, 1.2738, 1.2984, 0.58028, 0.0081937, 4.0851, 0.9017, 0.0098092, 2.7123, 1.9489, 0.062503, 1.1584, 0.93966, 0.87405, 0.28199, 0.078101, 0.81248, -0.19568, 0.4345, 0.0010623, 2.5805, 0.16731, -0.0031277, 0.57728, 1.9431, 0.04649, 1.5121, 1.0325, 1.636, 0.64269, 0.55316, 1.7351, 2.7924, 0.72606, 0.015325, 5.5897, 1.6361, 0.022746, 4.8474, 1.9546, 0.078515, 0.011562, 0.0007972, 0.053646, 0.012022, 0.020854, 0.078657, 0.82505, 0.0078546, 1.8797e-05, 0.83675, 0.19934, 6.186e-05, 1.6849, 1.2308e-05, 9.477e-05, 0.55657, 0.89169, 0.52935, 0.18754, 0.0022037, -1.4815, -0.9296, 0.2956, -0.0070035, -0.31635, -0.080137, -0.0058873, -0.89638, 0.59953, 0.038062, 2.1139, 1.0805, 1.9807, 0.73714, 0.62906, 4.0291, 3.5264, 0.86496, 0.023391, 8.4866, 1.8835, 0.025506, 6.3211, 3.2982, 0.086943, 0.22412, 0.0032945, 0.19464, 0.027911, 0.03631, 2.8059, 1.8347, 0.029955, 8.5363e-05, 7.1605, 0.35631, 9.1065e-05, 4.8134, 0.67297, 0.00022078
116, 4.56, 0.32421, 0.04323, 0.2, 2.0833, 0.76092, 1.1431, 1.0049, 0.93255, 0.7148, 0.84837, 1.0764, 0.81761, 0.93878, 0.0023, 3.8334, 0.84776, 0.00824, 6.0415, 0.92583, 0.03857, 0.9865, 1.0125, 1.0584, 0.55104, 0.70267, 2.2317, 0.86319, 0.80569, 0.0065049, 4.0774, 1.5114, 0.0085802, 5.2992, 1.308, 0.05166, 0.82383, 0.97883, 0.78436, 0.43437, 0.56258, 1.8006, -0.24504, 0.6908, 0.00066523, 2.787, 1.1065, 0.0023723, 3.7353, 1.3023, 0.03959, 1.1492, 1.0461, 1.3324, 0.6677, 0.84276, 2.6628, 1.9714, 0.92059, 0.012345, 5.3679, 1.9164, 0.014788, 6.8632, 1.3138, 0.063729, 0.0097805, 0.00041786, 0.027753, 0.0050305, 0.007254, 0.068683, 0.45395, 0.0048789, 1.2604e-05, 0.61553, 0.060611, 1.4244e-05, 0.90404, 1.2307e-05, 5.3846e-05, 0.21092, 0.92365, 0.3827, 0.31313, 0.45479, -0.51867, -1.1268, 0.53552, -0.0081307, -0.25551, 0.74417, -0.0022621, 1.9962, -0.041311, 0.0296, 1.7621, 1.1013, 1.7341, 0.78895, 0.95055, 4.982, 2.8531, 1.0759, 0.02114, 8.4104, 2.2786, 0.019422, 8.6023, 2.6574, 0.073719, 0.22233, 0.0029151, 0.16875, 0.02092, 0.02271, 2.7959, 1.4636, 0.026979, 7.9171e-05, 6.9392, 0.21757, 4.345e-05, 4.0326, 0.67297, 0.00017986
117, 4.6981, 0.13859, 0.04387, 0.1029, 0.84667, 0.28552, 0.44942, 1.0231, 1.7742, 0.33488, 0.44508, 0.54672, 3.0064, 0.97361, 0, 1.3673, 0.387, 0.0008, 7.7034, 4.9749, 0.05752, 1.0327, 1.0402, 0.90945, 0.37863, 0.36818, 1.2646, 1.2383, 0.77627, 0.0043659, 4.1475, 0.73923, 0.012263, 6.3347, 1.1623, 0.055269, 0.87874, 1.0042, 0.63301, 0.29098, 0.21447, 0.85054, 0.042299, 0.66921, -0.00084636, 3.0925, 0.19989, 0.0044425, 4.8372, 1.1566, 0.043331, 1.1867, 1.0762, 1.1859, 0.46627, 0.52189, 1.6787, 2.4344, 0.88333, 0.0095782, 5.2026, 1.2786, 0.020084, 7.8322, 1.1681, 0.067207, 0.0087658, 0.00048013, 0.028245, 0.0028392, 0.0087326, 0.063377, 0.52873, 0.0042366, 1.0042e-05, 0.41141, 0.10751, 2.2608e-05, 0.82884, 1.2306e-05, 5.2672e-05, 0.25892, 0.95045, 0.23278, 0.15352, 0.11237, -1.4831, -0.80181, 0.50934, -0.010031, -0.12121, -0.10667, 0.00042351, 3.0625, -0.18701, 0.033282, 1.8066, 1.13, 1.5861, 0.60373, 0.624, 4.0124, 3.2785, 1.0432, 0.018763, 8.4163, 1.5851, 0.024103, 9.6068, 2.5117, 0.077256, 0.22132, 0.0029774, 0.16924, 0.018729, 0.024188, 2.7906, 1.5384, 0.026337, 7.6608e-05, 6.7351, 0.26448, 5.1814e-05, 3.9574, 0.67297, 0.00017869
118, 3.0022, 0.21681, 0.10674, 0.2059, 1.3386, 0.41882, 0.51079, 1.051, 1.1433, 0.6005, 0.60417, 1.4706, 0.27334, 0.83835, 0.00137, 6.5248, 0.01345, 0.00616, 6.678, 0.69303, 0.05306, 0.87276, 0.98397, 1.2277, 0.48982, 0.44763, 1.7501, 1.2457, 0.71898, 0.0069628, 4.3478, 0.96971, 0.0018005, 4.6035, 0.95622, 0.04438, 0.73136, 0.95215, 0.97249, 0.40089, 0.29605, 1.3632, -0.24768, 0.59557, 0.00091979, 3.1306, 0.29363, -0.008565, 2.8931, 0.95045, 0.029081, 1.0142, 1.0158, 1.4829, 0.57875, 0.59921, 2.1369, 2.7391, 0.84239, 0.013006, 5.5649, 1.6458, 0.012166, 6.314, 0.96199, 0.059679, 0.00739, 0.00037423, 0.024075, 0.0029232, 0.0084925, 0.055316, 0.82429, 0.0056293, 1.3497e-05, 0.54753, 0.16895, 3.9712e-05, 1.0813, 1.2306e-05, 8.6511e-05, 0.10135, 0.89583, 0.55943, 0.26422, 0.19308, -0.99369, -0.98183, 0.44508, -0.0077551, 0.036088, 0.030691, -0.011855, 1.2286, -0.39313, 0.020401, 1.6442, 1.0721, 1.896, 0.71543, 0.70217, 4.4939, 3.4732, 0.99289, 0.021681, 8.6594, 1.9087, 0.015456, 7.9784, 2.3056, 0.068359, 0.21994, 0.0028715, 0.16507, 0.018813, 0.023948, 2.7825, 1.834, 0.027729, 8.0063e-05, 6.8712, 0.32591, 6.8918e-05, 4.2099, 0.67297, 0.00021253
119, 2.25, 0.34455, 0.13744, 0.0892, 1.0079, 0.51293, 1.7962, 0.94851, 0.92745, 0.34529, 0.28427, 2.3246, 0.9779, 0.56956, 0.00541, 8.9966, 0.19464, 0.00182, 3.9881, 0.23038, 0.03244, 0.8397, 0.96775, 1.4334, 0.39919, 0.32015, 2.4092, 1.2657, 0.76447, 0.0085718, 5.2557, 0.60581, 0.0042316, 3.1695, 0.33291, 0.039568, 0.67556, 0.92407, 1.0806, 0.27767, 0.11693, 1.9784, -0.23954, 0.65193, 0.0023199, 3.9068, -0.087136, -0.0067721, 1.6501, 0.32714, 0.023883, 1.0038, 1.0114, 1.7862, 0.52071, 0.52337, 2.84, 2.771, 0.877, 0.014824, 6.6047, 1.2988, 0.015235, 4.689, 0.33868, 0.055254, 0.0099587, 0.00070524, 0.046004, 0.005458, 0.015264, 0.068604, 0.83748, 0.004681, 1.4446e-05, 0.67253, 0.17748, 4.4753e-05, 0.85335, 1.2308e-05, 9.0932e-05, 0.063805, 0.87467, 0.72211, 0.15886, 0.031858, -0.34112, -0.96979, 0.49529, -0.0062331, 0.90504, -0.34542, -0.009914, -0.11271, -1.0164, 0.015341, 1.6156, 1.0608, 2.1447, 0.63951, 0.60845, 5.1595, 3.5012, 1.0336, 0.023377, 9.6064, 1.557, 0.018377, 6.4518, 1.6823, 0.063796, 0.22251, 0.0032025, 0.187, 0.021348, 0.03072, 2.7958, 1.8471, 0.026781, 8.1013e-05, 6.9962, 0.33444, 7.3959e-05, 3.9819, 0.67297, 0.00021695
120, 3, 0.21736, 0.06894, 0.10552, 1.5151, 0.47661, 1.4733, 1.0656, 0.54998, 0.50302, 0.3207, 1.2563, 0.90325, 0.80235, 0.00028, 9.1492, 1.4945, 0.0051, 2.9339, 0.4588, 0.05764, 0.76304, 0.98939, 1.2167, 0.42584, 0.49433, 1.8959, 1.003, 0.79021, 0.00674, 4.9087, 1.0953, 0.0054772, 6.0849, 0.86322, 0.051455, 0.61797, 0.96061, 0.9994, 0.35181, 0.3984, 1.5167, 0.12377, 0.69907, 0.0020348, 3.8748, 0.73108, 0.00040594, 4.8891, 0.85745, 0.043164, 0.90811, 1.0182, 1.4339, 0.49988, 0.59026, 2.275, 1.8822, 0.88136, 0.011445, 5.9426, 1.4596, 0.010549, 7.2808, 0.86899, 0.059746, 0.0077784, 0.00030618, 0.017446, 0.0020259, 0.0034014, 0.053141, 0.28572, 0.0030704, 8.1825e-06, 0.3951, 0.049044, 9.5057e-06, 0.52855, 1.2306e-05, 2.5406e-05, -0.0090454, 0.9023, 0.56193, 0.20568, 0.26846, -0.84684, -0.8691, 0.52925, -0.007481, 0.64512, 0.34878, -0.0047568, 2.9394, -0.48613, 0.031215, 1.5351, 1.0765, 1.8714, 0.646, 0.7202, 4.6386, 2.8751, 1.0512, 0.020961, 9.1723, 1.8419, 0.015711, 9.2305, 2.2126, 0.071696, 0.22033, 0.0028034, 0.15844, 0.017915, 0.018857, 2.7804, 1.2954, 0.02517, 7.4749e-05, 6.7188, 0.20601, 3.8711e-05, 3.6571, 0.67297, 0.00015142
121, 4.56, 0.32421, 0.04323, 0.3, 2.0833, 0.78689, 0.68576, 0.9811, 1.1317, 0.4226, 0.65159, 0.87109, 0.97315, 0.67327, 0.02257, 1.7121, 1.8787, 0.00922, 5.0359, 1.1051, 0.04749, 1.0941, 1.0152, 1.0201, 0.44317, 0.6739, 2.1236, 0.77833, 0.73088, 0.008537, 4.4747, 1.3001, 0.006592, 4.8337, 1.504, 0.053685, 0.93146, 0.97971, 0.74519, 0.31195, 0.53356, 1.6874, -0.33264, 0.60566, 0.0022973, 3.171, 0.89479, 0.00029371, 3.1345, 1.4982, 0.041533, 1.2567, 1.0507, 1.295, 0.5744, 0.81424, 2.5599, 1.8893, 0.85609, 0.014777, 5.7783, 1.7055, 0.01289, 6.533, 1.5097, 0.065836, 0.0097718, 0.00046555, 0.027928, 0.0063649, 0.0072796, 0.070343, 0.4562, 0.0057952, 1.439e-05, 0.62814, 0.060731, 1.4662e-05, 1.0673, 1.2308e-05, 5.4574e-05, 0.31849, 0.92566, 0.34403, 0.1978, 0.42588, -0.62755, -1.2131, 0.45616, -0.0062627, 0.1378, 0.53269, -0.0043023, 1.4645, 0.15463, 0.031581, 1.8696, 1.1047, 1.6961, 0.68855, 0.92191, 4.8748, 2.7698, 1.0056, 0.023337, 8.8116, 2.0676, 0.017486, 8.203, 2.8533, 0.075789, 0.22233, 0.0029628, 0.16892, 0.022254, 0.022735, 2.7976, 1.4659, 0.027895, 8.0957e-05, 6.9518, 0.21769, 4.3868e-05, 4.1958, 0.67297, 0.00018059
122, 3.0049, 0.1623, 0.05357, 0.04951, 1.3368, 0.45659, 1.2514, 0.95992, 0.77052, 0.41889, 0.37026, 1.436, 0.7106, 0.61358, 0.00273, 6.005, 0.07381, 0.01051, 9.2238, 0.11614, 0.02513, 0.68193, 0.98373, 1.2833, 0.4208, 0.51048, 1.8372, 1.3362, 0.84321, 0.0033425, 5.0545, 0.77933, 0.0020008, 5.8226, 0.86327, 0.042947, 0.53962, 0.94982, 1.0381, 0.32631, 0.38618, 1.4408, 0.23528, 0.72932, -0.0022796, 3.792, 0.3258, -0.0049487, 4.3279, 0.8575, 0.031367, 0.82425, 1.0176, 1.5285, 0.51529, 0.63478, 2.2337, 2.4371, 0.95709, 0.0089645, 6.3169, 1.2329, 0.0089504, 7.3173, 0.86904, 0.054527, 0.0074863, 0.00042514, 0.022222, 0.0033, 0.0057106, 0.058096, 0.44795, 0.0047936, 1.1682e-05, 0.58908, 0.076025, 1.7851e-05, 0.82575, 1.2305e-05, 4.9563e-05, -0.08964, 0.89481, 0.61879, 0.19294, 0.27117, -0.90791, -0.64969, 0.57346, -0.011208, 0.72981, -0.01462, -0.0092825, 2.5518, -0.48608, 0.021151, 1.4535, 1.0727, 1.9478, 0.64866, 0.74978, 4.5824, 3.322, 1.1129, 0.017893, 9.3792, 1.5733, 0.013284, 9.0935, 2.2126, 0.064742, 0.22004, 0.0029224, 0.16322, 0.01919, 0.021166, 2.7853, 1.4576, 0.026894, 7.8249e-05, 6.9128, 0.23299, 4.7057e-05, 3.9543, 0.67297, 0.00017558
123, 4.5625, 0.14721, 0.04663, 0, 1.1778, 0.19263, 1.3507, 1.0793, 0.64349, 0.42826, 0.60469, 0.85331, 0.58128, 0.98999, 0.00128, 8.9719, 1.794, 0.00393, 4.3879, 0.26061, 0.05327, 1.019, 1.0342, 1.1471, 0.32252, 0.44318, 1.296, 1.353, 0.87589, 0.0024894, 5.5838, 0.59995, 0.0028701, 5.6972, 0.91973, 0.053936, 0.84786, 0.99665, 0.84905, 0.20202, 0.27072, 0.87204, 0.22865, 0.76256, -0.003256, 4.1723, -0.062608, -0.0061702, 4.1295, 0.91396, 0.041709, 1.19, 1.0717, 1.4451, 0.44303, 0.61563, 1.72, 2.4773, 0.98922, 0.0082348, 6.9952, 1.2625, 0.01191, 7.2649, 0.9255, 0.066163, 0.01082, 0.00052101, 0.032827, 0.0053675, 0.010993, 0.066445, 0.46721, 0.0047473, 1.2201e-05, 0.73637, 0.16226, 3.0207e-05, 0.90834, 1.2306e-05, 5.5255e-05, 0.24155, 0.94383, 0.46129, 0.082708, 0.17567, -1.4532, -0.64598, 0.60638, -0.012109, 1.2132, -0.32938, -0.0098084, 2.3924, -0.42962, 0.03179, 1.7963, 1.1246, 1.8328, 0.56234, 0.71068, 4.0453, 3.3519, 1.1454, 0.017088, 9.9543, 1.5293, 0.015549, 9.002, 2.2691, 0.076082, 0.22337, 0.0030183, 0.17382, 0.021257, 0.026448, 2.7937, 1.4769, 0.026847, 7.8767e-05, 7.0601, 0.31922, 5.9413e-05, 4.0369, 0.67297, 0.00018127
124, 6.5574, 0.1047, 0.0838, 0.50605, 0.88496, 0.24638, 0.8706, 1.074, 0.64377, 0.86394, 0.58756, 2.2467, 0.40053, 0.66611, 0.00057, 9.965, 0.31629, 0.01586, 3.4083, 2.1609, 0.08053, 1.3067, 1.0308, 1.1659, 0.67534, 0.44191, 1.2294, 0.72438, 0.62289, 0.0044071, 4.0994, 0.74392, 0.017534, 3.1005, 2.214, 0.065875, 1.1382, 0.99282, 0.88928, 0.47492, 0.25256, 0.74519, -0.77449, 0.47663, -0.0027122, 2.5891, 0.17389, 0.0069449, 0.97794, 2.2082, 0.049882, 1.4752, 1.0688, 1.4425, 0.87575, 0.63125, 1.7137, 2.2232, 0.76916, 0.011527, 5.6097, 1.314, 0.028122, 5.2231, 2.2197, 0.081868, 0.010494, 0.00053349, 0.028275, 0.014846, 0.013251, 0.086676, 0.83037, 0.0079068, 1.8734e-05, 0.84309, 0.1201, 4.1442e-05, 1.6652, 1.2308e-05, 9.4533e-05, 0.52987, 0.94026, 0.48914, 0.38697, 0.16322, -1.5297, -1.5068, 0.33797, -0.010784, -0.30398, -0.12187, 0.0037084, -0.50083, 0.8646, 0.041447, 2.0835, 1.1214, 1.8426, 0.96371, 0.7206, 3.9886, 2.9556, 0.90782, 0.019599, 8.5029, 1.6097, 0.031359, 6.7019, 3.5633, 0.090302, 0.22305, 0.0030308, 0.16927, 0.030736, 0.028707, 2.8139, 1.84, 0.030007, 8.53e-05, 7.1668, 0.27706, 7.0647e-05, 4.7938, 0.67297, 0.00022055
125, 3.0049, 0.29103, 0.12422, 0, 1.3368, 0.34018, 0.13438, 0.93988, 1.0817, 0.31714, 0.3177, 1.1879, 0.76344, 0.69657, 0.00011, 5.1224, 0.31644, 0.00142, 2.3397, 1.0328, 0.02895, 0.7707, 1.0079, 1.2929, 0.36895, 0.5145, 1.9969, 1.3557, 0.83557, 0.0052723, 6.0625, 0.68654, 0.0033829, 4.4369, 0.36803, 0.04542, 0.6207, 0.96778, 0.97527, 0.19877, 0.32537, 1.5781, -0.14949, 0.69669, -0.0018546, 4.6192, -0.022719, -0.0078215, 2.3776, 0.36226, 0.029355, 0.9207, 1.048, 1.6105, 0.53913, 0.70363, 2.4157, 2.8608, 0.97446, 0.012399, 7.5057, 1.3958, 0.014587, 6.4962, 0.3738, 0.061484, 0.0083162, 0.00059486, 0.037284, 0.010704, 0.013221, 0.064838, 0.83736, 0.0071295, 1.8773e-05, 0.76987, 0.18593, 4.6401e-05, 1.5675, 1.2307e-05, 9.5386e-05, -0.0023303, 0.91643, 0.59837, 0.10072, 0.23596, -0.75156, -0.87977, 0.55436, -0.0099228, 1.6816, -0.27664, -0.010919, 0.87246, -0.98132, 0.020945, 1.5437, 1.0994, 1.9874, 0.63719, 0.79304, 4.7454, 3.5911, 1.1168, 0.020467, 10.443, 1.6497, 0.017685, 8.0013, 1.7174, 0.069894, 0.22087, 0.0030921, 0.17828, 0.026594, 0.028677, 2.7921, 1.847, 0.029229, 8.534e-05, 7.0936, 0.34289, 7.5606e-05, 4.696, 0.67297, 0.0002214
126, 4, 0.22305, 0.06497, 0.07227, 0.82812, 0.30042, 0.96552, 1.0856, 0.55059, 0.33942, 0.42883, 1.3077, 0.47894, 0.60757, 0.00495, 7.9526, 1.6812, 0.01629, 4.1865, 0.43928, 0.07077, 1.0269, 0.99343, 1.4099, 0.30571, 0.52071, 1.2271, 1.6463, 0.82536, 0.0045136, 4.8726, 0.92044, 0.0074463, 5.7742, 0.79889, 0.054159, 0.85648, 0.95344, 1.0887, 0.19342, 0.30895, 0.8133, 0.16895, 0.7063, -0.0013682, 3.6632, 0.22999, -0.0042949, 4.0272, 0.79312, 0.039249, 1.1974, 1.0334, 1.7312, 0.41799, 0.73247, 1.6408, 3.1236, 0.94442, 0.010395, 6.082, 1.6109, 0.019187, 7.5211, 0.80466, 0.069068, 0.010738, 0.00059093, 0.038144, 0.00466, 0.016574, 0.06328, 0.8067, 0.0052396, 1.2787e-05, 0.54061, 0.1762, 5.0953e-05, 1.128, 1.2306e-05, 8.2162e-05, 0.24967, 0.90202, 0.71373, 0.069915, 0.22633, -1.5206, -0.57051, 0.55339, -0.010139, 0.56312, -0.028979, -0.0072803, 2.3806, -0.55046, 0.030426, 1.8042, 1.0848, 2.1061, 0.5415, 0.81509, 3.9748, 3.8631, 1.0973, 0.019166, 9.1821, 1.8699, 0.022173, 9.1677, 2.1482, 0.077891, 0.22329, 0.0030882, 0.17914, 0.02055, 0.03203, 2.7905, 1.8164, 0.02734, 7.9353e-05, 6.8643, 0.33316, 8.0158e-05, 4.2565, 0.67297, 0.00020818
127, 3.0049, 0.23387, 0.07719, 0.14319, 1.3368, 0.52201, 0.71713, 1.0658, 1.0619, 0.67808, 0.3956, 1.4225, 0.47705, 0.62206, 0.00364, 3.115, 0.02526, 0.03344, 6.0033, 0.16016, 0.03458, 0.78924, 0.99609, 1.2007, 0.49003, 0.44389, 1.9226, 1.0643, 0.72515, 0.0080683, 4.6615, 0.69512, 0.018885, 5.7067, 0.89319, 0.050758, 0.6505, 0.9649, 0.95485, 0.38793, 0.33204, 1.5472, -0.027762, 0.61766, 0.0025819, 3.4565, 0.23289, 0.012342, 4.2794, 0.88742, 0.04013, 0.92797, 1.0273, 1.4465, 0.59213, 0.55574, 2.298, 2.1564, 0.83264, 0.013555, 5.8666, 1.1574, 0.025428, 7.134, 0.89896, 0.061386, 0.007114, 0.00035946, 0.022339, 0.0038533, 0.0046242, 0.052089, 0.44082, 0.0042705, 1.1125e-05, 0.53671, 0.078969, 1.5824e-05, 0.75296, 1.2306e-05, 4.1748e-05, 0.018315, 0.90817, 0.53593, 0.25891, 0.21081, -0.81958, -0.91667, 0.45805, -0.0064299, 0.35328, -0.10383, 0.0078472, 2.4661, -0.45616, 0.029453, 1.5602, 1.084, 1.8654, 0.72115, 0.67697, 4.6648, 3.0453, 0.99226, 0.022566, 8.9698, 1.4941, 0.029923, 8.9473, 2.2425, 0.072062, 0.21967, 0.0028567, 0.16333, 0.019743, 0.02008, 2.7793, 1.4505, 0.02637, 7.7692e-05, 6.8604, 0.23593, 4.503e-05, 3.8815, 0.67297, 0.00016776
128, 2, 0.35329, 0.12544, 0.20759, 0.78652, 0.498, 0.26529, 1.0591, 1.8561, 0.25017, 0.10517, 2.8836, 2.3685, 0.71813, 0.00015, 3.775, 0.07673, 0.00094, 1.697, 1.6013, 0.03549, 1.0055, 0.97179, 1.3717, 0.50269, 0.34976, 2.0701, 1.4241, 0.74214, 0.0039124, 6.0309, 0.64834, 0.0031561, 3.925, 0.47325, 0.044913, 0.83683, 0.92593, 1.0043, 0.39271, 0.15191, 1.6361, -0.081129, 0.61831, -0.002251, 4.7247, -0.047464, -0.0083805, 2.2232, 0.46748, 0.02881, 1.1741, 1.0177, 1.7391, 0.61266, 0.54761, 2.5041, 2.9293, 0.86596, 0.010076, 7.3371, 1.3441, 0.014693, 5.6268, 0.47902, 0.061017, 0.010513, 0.0007775, 0.049882, 0.00447, 0.014468, 0.06961, 0.83743, 0.005667, 1.4041e-05, 0.6306, 0.17894, 4.9192e-05, 1.0704, 1.2308e-05, 9.5851e-05, 0.22862, 0.87766, 0.65307, 0.26799, 0.065224, -0.68072, -0.81139, 0.46805, -0.010855, 1.6933, -0.30498, -0.011408, 0.55448, -0.8761, 0.020413, 1.7824, 1.0659, 2.0903, 0.73738, 0.6343, 4.8209, 3.6596, 1.0162, 0.01868, 10.369, 1.6017, 0.01772, 7.2955, 1.8226, 0.069414, 0.22307, 0.0032748, 0.19088, 0.02036, 0.029924, 2.7968, 1.8471, 0.027767, 8.0607e-05, 6.9543, 0.33591, 7.8398e-05, 4.199, 0.67297, 0.00022187
129, 3, 0.27345, 0.03343, 0.04505, 1.7018, 0.64253, 0.28535, 1.0802, 1.8424, 0.36976, 0.38865, 0.92983, 0.89203, 0.95683, 0.00043, 8.4101, 1.6111, 0.00541, 9.105, 0.59763, 0.05459, 0.80013, 1.0051, 1.3014, 0.32286, 0.42905, 2.1907, 1.7092, 0.80518, 0.0081919, 5.5657, 0.66699, 0.0065978, 3.8753, 0.78247, 0.063093, 0.63055, 0.96673, 0.95631, 0.16822, 0.24333, 1.777, 0.20489, 0.68904, 0.0020525, 4.2253, -0.052073, -0.0063483, 2.1347, 0.7767, 0.049216, 0.96972, 1.0435, 1.6464, 0.4775, 0.61478, 2.6043, 3.2134, 0.92131, 0.014331, 6.9061, 1.3861, 0.019544, 5.6159, 0.78824, 0.07697, 0.01063, 0.00054463, 0.044007, 0.0088387, 0.01275, 0.063246, 0.83637, 0.0049851, 1.3932e-05, 0.66408, 0.19111, 6.1948e-05, 1.1198, 1.2307e-05, 7.1176e-05, 0.023066, 0.9144, 0.59388, 0.064201, 0.15281, -0.55699, -0.52568, 0.53448, -0.0065658, 1.2176, -0.30343, -0.0091063, 0.48504, -0.56688, 0.039995, 1.5772, 1.0958, 2.0088, 0.58152, 0.7053, 4.9384, 3.944, 1.0759, 0.02295, 9.9138, 1.6374, 0.022302, 7.2656, 2.1318, 0.086191, 0.22318, 0.0030419, 0.185, 0.024728, 0.028206, 2.7905, 1.846, 0.027085, 8.0498e-05, 6.9878, 0.34807, 9.1153e-05, 4.2483, 0.67297, 0.00019719
130, 2, 0.35621, 0.05167, 0.18994, 1, 0.8647, 1.7308, 1.0679, 0.67742, 0.41156, 0.36763, 1.0482, 0.64669, 0.62777, 0.00068, 8.7882, 0.40591, 0.00708, 3.1943, 0.37958, 0.03473, 0.8377, 0.98589, 1.285, 0.44134, 0.22759, 2.6215, 2.096, 0.73323, 0.0085159, 5.0648, 0.71039, 0.010018, 4.3903, 0.72792, 0.048651, 0.67436, 0.93922, 0.9063, 0.30702, 0.030361, 2.1876, 0.61328, 0.60598, 0.0020681, 3.7843, -0.024383, -0.0013185, 2.4905, 0.72215, 0.032721, 1.001, 1.0326, 1.6636, 0.57566, 0.42482, 3.0554, 3.5786, 0.86049, 0.014964, 6.3452, 1.4452, 0.021354, 6.2901, 0.7337, 0.064581, 0.0098601, 0.00080514, 0.052994, 0.0066685, 0.014378, 0.069585, 0.81253, 0.0059854, 1.5366e-05, 0.606, 0.19955, 4.7501e-05, 1.334, 1.2308e-05, 9.3792e-05, 0.06197, 0.89137, 0.5605, 0.1943, -0.056515, -0.12934, -0.12441, 0.45758, -0.0063727, 0.7348, -0.27173, -0.004388, 0.91561, -0.62142, 0.024265, 1.6134, 1.0804, 2.0094, 0.68839, 0.5117, 5.3723, 4.3163, 1.0089, 0.023404, 9.3947, 1.6925, 0.024424, 7.865, 2.0773, 0.073037, 0.22241, 0.0033024, 0.19399, 0.022558, 0.029834, 2.7968, 1.8222, 0.028085, 8.1932e-05, 6.9297, 0.35651, 7.6707e-05, 4.4625, 0.67297, 0.00021981
131, 5.3333, 0.34261, 0.05169, 0.0412, 1.3368, 0.36861, 1.6082, 1.0945, 1.1152, 0.01054, 0.413, 0.18983, 6.3704, 0.78441, 0.03335, 9.112, 0.71465, 0.03382, 2.5602, 0.28438, 0.07362, 1.127, 1.0327, 1.3637, 0.30795, 0.73423, 1.8638, 3.6049, 0.81977, 0.011935, 6.1751, 0.35571, 0.0082145, 3.7475, 0.82144, 0.06362, 0.94548, 0.98461, 1.0132, 0.1966, 0.55171, 1.3767, 2.3766, 0.69292, 0.0057275, 4.8109, -0.20041, 0.00073963, 2.0275, 0.81567, 0.050353, 1.3084, 1.0807, 1.7142, 0.41931, 0.91674, 2.3509, 4.8332, 0.94661, 0.018142, 7.5392, 0.91182, 0.015689, 5.4676, 0.82721, 0.076886, 0.012173, 0.00085406, 0.045411, 0.0045834, 0.012312, 0.087693, 0.55766, 0.005947, 1.4241e-05, 0.68782, 0.11431, 2.0651e-05, 1.0935, 1.2308e-05, 6.5051e-05, 0.34721, 0.93746, 0.65351, 0.072602, 0.46013, -0.89587, 1.5457, 0.5443, -0.0028514, 1.8196, -0.50099, -0.0033998, 0.36777, -0.52791, 0.040884, 1.9067, 1.1279, 2.0738, 0.54331, 1.0083, 4.6235, 5.6642, 1.0952, 0.026721, 10.531, 1.2124, 0.019829, 7.1273, 2.1708, 0.086356, 0.22473, 0.0033513, 0.18641, 0.020473, 0.027768, 2.8149, 1.5673, 0.028047, 8.0807e-05, 7.0115, 0.27127, 4.9857e-05, 4.222, 0.67297, 0.00019107
132, 6.58, 0.15255, 0.03744, 0.41875, 1.4749, 0.34159, 1.9955, 0.94001, 1.6599, 0.49465, 0.35365, 0.78493, 1.083, 0.73588, 0.00355, 9.7545, 0.64242, 0.00076, 1.4044, 2.2447, 0.04814, 1.3057, 1.0056, 1.372, 0.47201, 0.36052, 1.4973, 1.0915, 0.60202, 0.0057379, 4.796, 0.81201, 0.0094244, 2.359, 2.125, 0.06823, 1.1203, 0.96986, 1.0621, 0.34863, 0.1886, 1.0162, -0.37629, 0.49745, -0.00012762, 3.362, 0.10603, -0.0006027, 0.8464, 2.1192, 0.055047, 1.491, 1.0413, 1.6818, 0.59539, 0.53244, 1.9785, 2.5594, 0.70659, 0.011604, 6.2299, 1.518, 0.019451, 3.8717, 2.1308, 0.081414, 0.012702, 0.00047146, 0.035492, 0.0056265, 0.010925, 0.08558, 0.79633, 0.0040416, 1.2716e-05, 0.76, 0.18421, 3.7162e-05, 0.8457, 1.2307e-05, 6.4242e-05, 0.52501, 0.91596, 0.68096, 0.23073, 0.093366, -1.2613, -1.1189, 0.33607, -0.008908, 0.41817, -0.14876, -0.0039756, -0.92005, 0.77567, 0.045542, 2.0863, 1.0952, 2.063, 0.71328, 0.62768, 4.256, 3.302, 0.86796, 0.020384, 9.1738, 1.7728, 0.022824, 5.6381, 3.4744, 0.090918, 0.22526, 0.0029687, 0.17649, 0.021516, 0.02638, 2.8128, 1.806, 0.026142, 7.9283e-05, 7.0837, 0.34118, 6.6367e-05, 3.9742, 0.67297, 0.00019026
133, 2.25, 0.40365, 0.10725, 0.1045, 1.5132, 0.69031, 0.40909, 0.90238, 1.9188, 0.16961, 0.20541, 8.3604, 4.1782, 0.73874, 0.01647, 2.2509, 0.0209, 0.00241, 2.7867, 0.65054, 0.03387, 0.89221, 0.99966, 1.2702, 0.30685, 0.4217, 2.5989, 1.2426, 0.81113, 0.0067768, 5.8712, 0.80933, 0.0026085, 3.8575, 0.41809, 0.040396, 0.72515, 0.94709, 0.88004, 0.17599, 0.18671, 2.1816, -0.25486, 0.67621, 0.00017923, 4.6792, 0.079954, -0.010156, 1.9421, 0.41232, 0.024553, 1.0593, 1.0522, 1.6603, 0.43772, 0.65668, 3.0161, 2.7401, 0.94605, 0.013374, 7.0633, 1.5387, 0.015373, 5.7729, 0.42386, 0.05624, 0.010317, 0.0010217, 0.056254, 0.0063298, 0.020409, 0.06435, 0.82884, 0.0067283, 1.6088e-05, 0.52519, 0.19663, 6.0224e-05, 1.356, 1.2309e-05, 9.278e-05, 0.11569, 0.90209, 0.53964, 0.06167, 0.1102, -0.14935, -0.98765, 0.53185, -0.0081773, 1.5666, -0.16876, -0.012946, 0.37426, -0.93126, 0.016066, 1.6687, 1.0972, 2.0007, 0.55204, 0.7332, 5.3471, 3.4729, 1.0904, 0.021731, 10.176, 1.7874, 0.018163, 7.3407, 1.7674, 0.064726, 0.22287, 0.0035189, 0.19725, 0.022219, 0.035865, 2.7916, 1.8385, 0.028828, 8.2654e-05, 6.8489, 0.35359, 8.943e-05, 4.4845, 0.67297, 0.00021879
134, 2.8571, 0.31616, 0.03225, 0, 2.5, 1.0324, 1.8568, 0.98898, 1.3392, 0.19784, 0.305, 0.12818, 0.09563, 0.44879, 0.00201, 1.5262, 1.0602, 0.04796, 4.9098, 0.26284, 0.07382, 0.63151, 1.0137, 0.98635, 0.3395, 0.47327, 3.3244, 0.9891, 0.8283, 0.011758, 3.9177, 0.77879, 0.018761, 4.9617, 0.87088, 0.043812, 0.44002, 0.96492, 0.58488, 0.16191, 0.23308, 2.8482, -0.5194, 0.68673, 0.0046307, 2.3989, 0.043084, 0.0051208, 2.804, 0.86511, 0.027797, 0.823, 1.0624, 1.3878, 0.51709, 0.71346, 3.8005, 2.4976, 0.96986, 0.018885, 5.4365, 1.5145, 0.032401, 7.1193, 0.87665, 0.059827, 0.013553, 0.00087796, 0.059573, 0.011657, 0.021324, 0.083812, 0.84108, 0.0074071, 1.8775e-05, 0.85259, 0.20005, 6.8766e-05, 1.7208, 1.2309e-05, 9.4795e-05, -0.15063, 0.9181, 0.24971, 0.066499, 0.15782, 0.56657, -1.2486, 0.54575, -0.0034373, -0.48865, -0.20403, 0.0024799, 1.3395, -0.47847, 0.01937, 1.4136, 1.1092, 1.723, 0.61249, 0.78872, 6.0821, 3.2268, 1.1108, 0.026953, 8.324, 1.7616, 0.035042, 8.5838, 2.2202, 0.068254, 0.22611, 0.0033752, 0.20057, 0.027546, 0.03678, 2.811, 1.8507, 0.029507, 8.5341e-05, 7.1763, 0.35702, 9.7972e-05, 4.8493, 0.67297, 0.00022081
135, 5.999, 0.24413, 0.00896, 0.18697, 3.3073, 0.6461, 1.6405, 1.0647, 0.74788, 0.84333, 0.45908, 0.83329, 0.82683, 0.94894, 0.00019, 2.4192, 0.46328, 0.00392, 3.3546, 2.2644, 0.04487, 1.1223, 1.043, 1.2369, 0.55743, 0.56926, 2.5765, 0.98956, 0.78805, 0.0073241, 4.286, 0.86332, 0.01626, 4.8646, 1.7991, 0.057816, 0.93028, 0.99138, 0.83494, 0.39712, 0.3168, 2.0588, -0.51893, 0.64759, 0.00035235, 2.7822, 0.1276, 0.0023765, 2.7525, 1.7933, 0.041456, 1.3144, 1.0947, 1.6389, 0.71774, 0.82173, 3.0941, 2.4981, 0.92852, 0.014296, 5.7898, 1.5991, 0.030144, 6.9768, 1.8049, 0.074176, 0.013635, 0.00098577, 0.05973, 0.0094984, 0.023559, 0.099029, 0.84107, 0.0072929, 1.7965e-05, 0.83585, 0.20007, 7.1243e-05, 1.6489, 1.2309e-05, 9.8927e-05, 0.34006, 0.94595, 0.50001, 0.29535, 0.24437, -0.18878, -1.2481, 0.50605, -0.0077988, -0.11522, -0.11951, -0.00022544, 1.2694, 0.44976, 0.033147, 1.9046, 1.1401, 1.9739, 0.81952, 0.89416, 5.3417, 3.2272, 1.0701, 0.022447, 8.6872, 1.8462, 0.032745, 8.4598, 3.1485, 0.082486, 0.22619, 0.003483, 0.20072, 0.025388, 0.039015, 2.8263, 1.8507, 0.029393, 8.4531e-05, 7.1596, 0.35703, 0.00010045, 4.7774, 0.67297, 0.00022494
136, 3.0049, 0.16268, 0.06944, 0.10201, 1.3368, 0.42998, 0.19636, 0.96975, 1.0673, 0.50572, 0.51429, 1.9557, 0.59306, 0.60697, 0.00332, 4.0659, 0.22156, 0.00313, 5.5905, 0.29652, 0.03673, 0.76518, 0.97947, 1.2797, 0.45652, 0.54864, 1.767, 1.4511, 0.80667, 0.0042391, 4.6327, 0.77817, 0.0017108, 6.1142, 0.9266, 0.042804, 0.62561, 0.947, 1.0333, 0.38542, 0.43375, 1.3813, 0.40107, 0.70262, -0.00076346, 3.5158, 0.32991, -0.004553, 4.8351, 0.92083, 0.031856, 0.90475, 1.0119, 1.5262, 0.52761, 0.66353, 2.1527, 2.5012, 0.91073, 0.0092418, 5.7497, 1.2264, 0.0079747, 7.3934, 0.93237, 0.053751, 0.0072001, 0.00038978, 0.022453, 0.0018681, 0.004879, 0.054991, 0.40755, 0.004002, 9.2499e-06, 0.46113, 0.074267, 1.4502e-05, 0.60475, 1.2305e-05, 4.4297e-05, -0.0058939, 0.89109, 0.61474, 0.23733, 0.31408, -0.9766, -0.50701, 0.54093, -0.010083, 0.34827, -0.012782, -0.0091636, 2.9361, -0.42275, 0.021338, 1.5363, 1.0679, 1.9447, 0.67571, 0.7832, 4.5106, 3.4093, 1.0724, 0.018561, 8.9172, 1.5691, 0.012585, 9.2924, 2.276, 0.06427, 0.21975, 0.002887, 0.16345, 0.017758, 0.020335, 2.7822, 1.4172, 0.026102, 7.5816e-05, 6.7848, 0.23123, 4.3708e-05, 3.7333, 0.67297, 0.00017031
137, 2, 0.062, 0.15337, 0.3497, 1.1719, 0.35343, 1.7917, 1.0908, 0.92032, 0.88552, 0.88839, 1.045, 1.079, 0.88366, 0.00026, 0.65724, 0.65562, 0.00892, 6.7166, 0.85853, 0.04083, 0.90825, 1.041, 1.0423, 0.67357, 0.47308, 1.7793, 1.0219, 0.72211, 0.0031629, 2.1607, 0.99732, 0.0057481, 3.6656, 1.2657, 0.039834, 0.74196, 0.99923, 0.72301, 0.53606, 0.30144, 1.3205, -0.48578, 0.60155, -0.0035435, 0.80031, 0.373, -0.005334, 1.959, 1.2599, 0.024311, 1.0745, 1.0827, 1.3615, 0.81107, 0.64473, 2.238, 2.5296, 0.84268, 0.0098692, 3.5211, 1.6216, 0.01683, 5.3721, 1.2714, 0.055357, 0.010221, 0.00064431, 0.037675, 0.0069884, 0.01089, 0.077794, 0.84021, 0.0053727, 1.6623e-05, 0.68401, 0.14407, 4.5393e-05, 1.0764, 1.2309e-05, 8.9068e-05, 0.1319, 0.94879, 0.34701, 0.42478, 0.2061, -0.97557, -1.2152, 0.44948, -0.01184, -2.1936, 0.094856, -0.0084586, 0.29263, -0.083682, 0.015711, 1.6846, 1.1332, 1.7375, 0.92236, 0.74007, 4.5341, 3.2591, 0.99475, 0.018165, 6.515, 1.8998, 0.019955, 7.0385, 2.615, 0.063957, 0.22277, 0.0031416, 0.17867, 0.022878, 0.026346, 2.805, 1.8499, 0.027473, 8.319e-05, 7.0077, 0.30103, 7.4598e-05, 4.2049, 0.67297, 0.00021508
138, 5.4951, 0.18658, 0.04293, 0.27077, 2.2281, 0.42595, 0.90854, 1.0896, 1.7515, 0.53639, 0.30147, 0.83737, 0.42987, 0.39188, 0.01044, 1.4954, 0.5848, 0.02285, 4.9224, 0.83158, 0.04858, 1.1839, 1.0531, 1.2908, 0.6482, 0.44397, 1.7679, 0.74752, 0.71664, 0.00572, 4.7055, 1.0915, 0.022542, 5.4136, 1.7217, 0.053305, 0.99846, 1.0119, 0.97007, 0.53739, 0.28803, 1.2788, -0.42116, 0.60252, -0.00015694, 3.3551, 0.57764, 0.014837, 3.8179, 1.7159, 0.041267, 1.3694, 1.0944, 1.6114, 0.75902, 0.5999, 2.257, 1.9162, 0.83076, 0.011597, 6.0558, 1.6053, 0.030247, 7.0092, 1.7275, 0.065343, 0.012716, 0.00062908, 0.038011, 0.004539, 0.0089877, 0.088404, 0.50482, 0.0048135, 1.2766e-05, 0.67399, 0.097586, 2.1943e-05, 0.94104, 1.2307e-05, 5.3561e-05, 0.40325, 0.96116, 0.59484, 0.41311, 0.1868, -0.99214, -1.2767, 0.4468, -0.0089305, 0.35431, 0.2616, 0.010779, 2.0954, 0.37236, 0.031263, 1.9646, 1.1451, 1.9867, 0.8833, 0.70113, 4.5279, 2.7717, 0.98649, 0.02037, 9.0566, 1.9213, 0.034306, 8.7318, 3.0711, 0.075347, 0.22527, 0.0031263, 0.179, 0.020429, 0.024443, 2.8156, 1.5145, 0.026913, 7.9332e-05, 6.9977, 0.25455, 5.1149e-05, 4.0696, 0.67297, 0.00017958
139, 2.25, 0.31691, 0.0842, 0.08204, 1.5132, 0.67396, 1.1096, 0.91486, 1.4385, 0.22054, 0.26254, 1.2785, 0.70091, 0.51289, 0.03167, 2.5363, 0.78562, 0.00641, 3.7786, 0.33838, 0.03977, 0.80189, 0.95633, 1.3094, 0.29578, 0.30373, 2.6684, 2.0742, 0.78, 0.011839, 5.6375, 0.47021, 0.0046465, 4.2689, 0.57342, 0.042075, 0.63647, 0.92304, 1.0298, 0.19585, 0.17098, 2.2635, 0.93869, 0.68163, 0.0067228, 4.4804, -0.012404, -0.0025151, 2.8997, 0.56765, 0.031351, 0.96731, 0.98963, 1.5891, 0.39572, 0.43647, 3.0734, 3.2098, 0.87836, 0.016955, 6.7947, 0.95283, 0.011808, 5.6382, 0.57919, 0.052798, 0.010114, 0.00040979, 0.028907, 0.0036913, 0.0065128, 0.060612, 0.4766, 0.0035763, 9.6747e-06, 0.49492, 0.086089, 1.8957e-05, 0.69298, 1.2307e-05, 4.2506e-05, 0.025721, 0.86765, 0.63144, 0.065616, 0.059931, -0.077946, 0.068952, 0.51643, -0.0025232, 1.3424, -0.3407, -0.0067686, 1.0535, -0.77593, 0.020722, 1.5781, 1.045, 1.9874, 0.52595, 0.54752, 5.4148, 4.0795, 1.0436, 0.026201, 9.9326, 1.2811, 0.016062, 7.4844, 1.9228, 0.063427, 0.22267, 0.0029071, 0.1699, 0.019581, 0.021969, 2.7878, 1.4863, 0.025676, 7.6241e-05, 6.8186, 0.24305, 4.8163e-05, 3.8215, 0.67297, 0.00016852
140, 6.58, 0.15255, 0.07854, 0.41875, 1.1111, 0.20921, 1.4482, 1.0684, 1.3531, 0.33881, 0.35513, 0.67187, 0.91657, 0.54195, 0.00016, 4.9234, 1.8247, 0.00566, 1.4761, 1.538, 0.08741, 1.2907, 0.98193, 1.5224, 0.58433, 0.45312, 1.3753, 0.83166, 0.65219, 0.0040095, 5.0253, 1.1116, 0.0074127, 2.1415, 1.9717, 0.068809, 1.1215, 0.94772, 1.2581, 0.47994, 0.32457, 0.90005, -0.35507, 0.55083, -0.0014535, 3.6974, 0.53725, -0.00033588, 0.77057, 1.9659, 0.057158, 1.4599, 1.0161, 1.7866, 0.68873, 0.58167, 1.8505, 2.0184, 0.75356, 0.0094724, 6.3532, 1.6859, 0.015161, 3.5124, 1.9775, 0.080461, 0.010579, 0.00043252, 0.025804, 0.0040282, 0.0061081, 0.083467, 0.52054, 0.0037977, 1.1031e-05, 0.65175, 0.12191, 2.2192e-05, 0.69465, 1.2307e-05, 5.0177e-05, 0.51373, 0.8929, 0.85059, 0.35219, 0.21158, -1.3824, -1.203, 0.38749, -0.01048, 0.68103, 0.24294, -0.0043796, -1.0747, 0.62234, 0.046976, 2.0677, 1.071, 2.1941, 0.81647, 0.69466, 4.1329, 2.8664, 0.9169, 0.018499, 9.3695, 1.9802, 0.019205, 5.3576, 3.321, 0.090642, 0.22313, 0.0029298, 0.1668, 0.019918, 0.021564, 2.8107, 1.5302, 0.025898, 7.7597e-05, 6.9755, 0.27887, 5.1397e-05, 3.8232, 0.67297, 0.00017619
141, 2.25, 0.32819, 0.06546, 0.08496, 2.0159, 0.80617, 0.33115, 0.92858, 1.5033, 0.37884, 0.28337, 2.8619, 0.10309, 0.76895, 0.00877, 9.0654, 0.11913, 0.00155, 5.6528, 0.86888, 0.03393, 0.77384, 0.96852, 1.2492, 0.27513, 0.32243, 2.9205, 1.9343, 0.73343, 0.015001, 4.6833, 0.52075, 0.00418, 4.0203, 0.69751, 0.042397, 0.60229, 0.93088, 0.93732, 0.11605, 0.14165, 2.5031, 0.44809, 0.62527, 0.009194, 3.235, -0.094933, -0.005669, 2.2858, 0.69174, 0.029078, 0.9454, 1.0062, 1.5612, 0.4342, 0.5032, 3.338, 3.4205, 0.84159, 0.020809, 6.1316, 1.1364, 0.014029, 5.7547, 0.70328, 0.055715, 0.010878, 0.00052355, 0.035963, 0.0093527, 0.012079, 0.064405, 0.81643, 0.0043239, 1.2465e-05, 0.7753, 0.1401, 3.5853e-05, 1.1119, 1.2307e-05, 6.5564e-05, -0.0036586, 0.87811, 0.55732, 0.013796, 0.049488, 0.17228, -0.28842, 0.46605, 0.00037868, 0.30079, -0.37576, -0.0090873, 0.63316, -0.65184, 0.01963, 1.5513, 1.0589, 1.9412, 0.53646, 0.59537, 5.6688, 4.1571, 1.0008, 0.029624, 9.0659, 1.4173, 0.017447, 7.4074, 2.0469, 0.065164, 0.22343, 0.0030208, 0.17696, 0.025242, 0.027535, 2.7916, 1.8261, 0.026424, 7.9031e-05, 7.099, 0.29707, 6.5059e-05, 4.2404, 0.67297, 0.00019158
142, 7.5, 0.72522, 0.11557, 0.2412, 0.99099, 0.28911, 0.649, 1.006, 1.7291, 0.14361, 0.37906, 9.4255, 2.8687, 0.76521, 0.00316, 8.214, 0.01555, 0.02411, 1.2552, 0.58376, 0.09502, 1.5546, 0.99592, 1.8116, 0.27484, 0.62241, 1.9155, 1.3545, 0.84466, 0.0054495, 9.2399, 0.56493, 0.0033104, 4.4628, 0.61003, 0.06546, 1.3636, 0.93957, 1.4049, 0.096015, 0.36852, 1.3496, -0.15404, 0.69562, -0.0015095, 7.7525, -0.1708, -0.010486, 2.3928, 0.60425, 0.049028, 1.7456, 1.0523, 2.2183, 0.45366, 0.87629, 2.4815, 2.863, 0.9937, 0.012409, 10.727, 1.3007, 0.017106, 6.5327, 0.6158, 0.081893, 0.013483, 0.0011736, 0.061137, 0.011819, 0.023825, 0.11838, 0.84108, 0.0082099, 1.7899e-05, 0.81769, 0.20007, 7.0347e-05, 1.5837, 1.2311e-05, 9.9808e-05, 0.77256, 0.89626, 1.0721, 0.0010352, 0.29641, -0.85915, -0.88323, 0.5583, -0.0096676, 4.8443, -0.41791, -0.013101, 0.89217, -0.73932, 0.040742, 2.3366, 1.0956, 2.5511, 0.54864, 0.9484, 4.6902, 3.5922, 1.131, 0.020567, 13.635, 1.5478, 0.019722, 8.0333, 1.9594, 0.090178, 0.22604, 0.0036709, 0.20213, 0.027708, 0.03928, 2.8456, 1.8507, 0.03031, 8.4466e-05, 7.1414, 0.35703, 9.9553e-05, 4.7122, 0.67297, 0.00022582
143, 4, 0.17869, 0.16747, 0.7, 0.72222, 0.25693, 1.8258, 0.91074, 1.4615, 0.28822, 0.03239, 1.6833, 2.6463, 0.17198, 0.00955, 1.3058, 0.1538, 0.00137, 1.6116, 2.425, 0.06553, 1.4446, 0.97598, 1.3994, 0.61699, 0.28808, 0.77045, 0.83789, 0.57072, 0.0026298, 3.7151, 0.9004, 0.0078057, 1.6557, 1.8848, 0.055523, 1.2613, 0.92482, 1.0333, 0.41557, 0.043765, 0.26402, -0.6706, 0.42393, -0.0045719, 2.2171, 0.16494, -0.0057685, -0.48332, 1.879, 0.039097, 1.6278, 1.0271, 1.7656, 0.81841, 0.5324, 1.2769, 2.3464, 0.71751, 0.0098315, 5.2132, 1.6359, 0.02138, 3.7947, 1.8906, 0.071949, 0.012415, 0.00096728, 0.04955, 0.014995, 0.022063, 0.094793, 0.84107, 0.0079642, 1.917e-05, 0.82942, 0.19992, 6.8104e-05, 1.6911, 1.2309e-05, 9.9724e-05, 0.66439, 0.87916, 0.68143, 0.32792, -0.030519, -1.9927, -1.3998, 0.28552, -0.0126, -0.68407, -0.082234, -0.0084201, -1.9554, 0.53547, 0.03081, 2.2247, 1.0728, 2.1174, 0.90605, 0.60669, 3.5336, 3.0756, 0.85592, 0.01786, 8.1144, 1.883, 0.024031, 5.2668, 3.2342, 0.080236, 0.22497, 0.0034645, 0.19054, 0.030885, 0.037518, 2.822, 1.8507, 0.030064, 8.5736e-05, 7.1531, 0.35688, 9.731e-05, 4.8197, 0.67297, 0.00022574
144, 4.4984, 0.27827, 0.05739, 0.09264, 0.79167, 0.36082, 0.3498, 0.90052, 1.9932, 0.35769, 0.84081, 4.2032, 5.2219, 0.95763, 0.00499, 2.3817, 0.32762, 0.00069, 2.6619, 2.9377, 0.06345, 1.0634, 0.982, 1.6471, 0.30023, 0.63815, 1.3226, 1.808, 0.73474, 0.010378, 4.9794, 0.34259, 0.0069464, 4.7615, 0.84062, 0.056045, 0.90859, 0.94175, 1.3515, 0.2289, 0.4901, 0.9254, 0.72609, 0.62562, 0.0050707, 3.9501, -0.1274, 0.00061898, 3.3882, 0.83485, 0.044403, 1.2183, 1.0223, 1.9427, 0.37156, 0.78621, 1.7198, 2.8899, 0.84386, 0.015686, 6.0088, 0.81258, 0.013274, 6.1349, 0.84639, 0.067686, 0.0088623, 0.00059895, 0.032301, 0.0018805, 0.008102, 0.058314, 0.43265, 0.0044008, 1.0412e-05, 0.39161, 0.081643, 1.4798e-05, 0.69712, 1.2307e-05, 5.0091e-05, 0.28946, 0.89048, 0.96239, 0.080966, 0.38569, -1.4226, -0.1674, 0.46697, -0.0040532, 0.71698, -0.46087, -0.0039648, 1.5443, -0.50873, 0.034217, 1.8374, 1.0735, 2.3319, 0.5195, 0.89061, 4.0679, 3.7834, 1.0025, 0.02481, 9.2419, 1.1461, 0.017858, 7.9787, 2.19, 0.077873, 0.22142, 0.0030962, 0.1733, 0.01777, 0.023558, 2.7855, 1.4423, 0.026501, 7.6979e-05, 6.7153, 0.2386, 4.4003e-05, 3.8256, 0.67297, 0.00017611
145, 4.4984, 0.28084, 0.05792, 0.09349, 0.79167, 0.36102, 0.4759, 0.90508, 1.9385, 0.18205, 0.75003, 3.7828, 2.2093, 0.65909, 0.01921, 1.6395, 0.14229, 0.00244, 2.9959, 1.2145, 0.05735, 1.0606, 0.98051, 1.6681, 0.31857, 0.68087, 1.3327, 3.0684, 0.79195, 0.0084818, 5.0305, 0.40364, 0.0055745, 4.6727, 0.83642, 0.058017, 0.90573, 0.94061, 1.3739, 0.24832, 0.536, 0.93553, 2.0016, 0.68329, 0.003181, 4.0048, -0.056752, -0.00064909, 3.3029, 0.83065, 0.046564, 1.2154, 1.0204, 1.9624, 0.38881, 0.82574, 1.73, 4.1352, 0.9006, 0.013783, 6.0563, 0.86403, 0.011798, 6.0426, 0.84219, 0.069471, 0.0088631, 0.0005884, 0.031998, 0.0018238, 0.0077568, 0.058318, 0.42064, 0.0043635, 1.0386e-05, 0.38888, 0.078342, 1.4316e-05, 0.69356, 1.2307e-05, 4.8487e-05, 0.2866, 0.88914, 0.98401, 0.09965, 0.43027, -1.4125, 1.1013, 0.52437, -0.0059473, 0.76894, -0.39425, -0.0052768, 1.457, -0.51293, 0.036289, 1.8346, 1.0719, 2.3523, 0.53748, 0.93148, 4.078, 5.0356, 1.0595, 0.022911, 9.2921, 1.2015, 0.016426, 7.8884, 2.1858, 0.079745, 0.22142, 0.0030857, 0.17299, 0.017713, 0.023213, 2.7855, 1.4303, 0.026463, 7.6952e-05, 6.7126, 0.2353, 4.3522e-05, 3.8221, 0.67297, 0.0001745
146, 4.56, 0.08105, 0.04323, 0.2, 2.0833, 0.37977, 0.64628, 1.0768, 1.6017, 0.52521, 0.71765, 3.2224, 1.2615, 0.688, 0.00012, 2.2106, 0.23115, 0.04396, 6.1086, 2.4097, 0.04345, 1.0112, 1.0458, 1.1732, 0.51084, 0.61405, 1.4842, 1.1688, 0.68109, 0.0038628, 3.4435, 0.85524, 0.019375, 3.7981, 1.6151, 0.060079, 0.84519, 1.0129, 0.89764, 0.39767, 0.42688, 1.0756, -0.32377, 0.56551, -0.0022864, 2.1278, 0.204, 0.0082257, 1.9805, 1.6093, 0.045554, 1.1771, 1.0787, 1.4488, 0.62401, 0.80122, 1.8928, 2.6613, 0.79667, 0.010012, 4.7591, 1.5065, 0.030525, 5.6158, 1.6209, 0.074605, 0.010182, 0.00039947, 0.028069, 0.0047338, 0.012948, 0.061717, 0.82339, 0.0049376, 1.3976e-05, 0.63978, 0.15676, 4.5947e-05, 1.2212, 1.2308e-05, 7.798e-05, 0.23488, 0.95726, 0.4969, 0.27462, 0.33684, -1.2627, -1.0582, 0.41063, -0.010899, -0.89703, -0.066051, 0.0051159, 0.36765, 0.26577, 0.036587, 1.7875, 1.1343, 1.8495, 0.74705, 0.89127, 4.2311, 3.3958, 0.95156, 0.018625, 7.784, 1.7765, 0.033635, 7.2286, 2.9645, 0.083572, 0.22274, 0.0028967, 0.16906, 0.020623, 0.028404, 2.7889, 1.8331, 0.027038, 8.0542e-05, 6.9635, 0.31372, 7.5152e-05, 4.3497, 0.67297, 0.00020399
147, 2.5, 0.2982, 0.06484, 0.6, 1.6667, 0.77092, 0.92858, 1.0653, 0.87941, 0.41175, 0.28611, 1.1012, 0.12765, 0.32978, 0.00045, 7.9993, 0.62862, 0.00789, 1.6314, 0.87548, 0.07689, 1.2746, 0.97568, 1.4598, 0.45543, 0.29054, 1.807, 1.2853, 0.58146, 0.0074642, 3.7355, 0.73149, 0.0070848, 2.0589, 1.6882, 0.057039, 1.0943, 0.92464, 1.1025, 0.27141, 0.04725, 1.3491, -0.22259, 0.44544, 0.00040922, 2.238, 0.020458, -0.0044366, 0.0043879, 1.6824, 0.040635, 1.4548, 1.0267, 1.8172, 0.63944, 0.53382, 2.2649, 2.7931, 0.71748, 0.014519, 5.233, 1.4425, 0.018606, 4.1135, 1.6939, 0.073443, 0.012004, 0.00096255, 0.047195, 0.012515, 0.021877, 0.077503, 0.84036, 0.0068385, 1.8396e-05, 0.82885, 0.18686, 4.9064e-05, 1.5602, 1.2308e-05, 9.9456e-05, 0.49511, 0.87892, 0.74627, 0.17821, -0.027276, -0.94771, -0.95199, 0.30165, -0.0076973, -0.66353, -0.233, -0.0074672, -1.5027, 0.3388, 0.032341, 2.054, 1.0724, 2.1734, 0.73265, 0.60835, 4.5617, 3.5225, 0.86127, 0.022626, 8.1346, 1.696, 0.021637, 5.6206, 3.0375, 0.081738, 0.22456, 0.0034598, 0.18819, 0.028405, 0.037332, 2.8047, 1.85, 0.028938, 8.4963e-05, 7.1526, 0.34382, 7.8269e-05, 4.6887, 0.67297, 0.00022547
148, 4, 0.17869, 0.02857, 0.5, 2.6667, 0.74816, 1.769, 0.90508, 0.92317, 0.58485, 0.19554, 1.2001, 1.3676, 0.57204, 0.01601, 2.4759, 0.41572, 0.00688, 2.3177, 1.8749, 0.04277, 1.2132, 1.0145, 1.1848, 0.54986, 0.31022, 1.7309, 0.92701, 0.58506, 0.0068435, 2.9657, 0.95752, 0.013825, 2.4256, 2.1354, 0.057482, 1.0232, 0.96722, 0.79466, 0.36524, 0.067087, 1.2598, -0.56699, 0.44021, -0.0002443, 1.4682, 0.22205, 0.00078632, 0.28778, 2.1297, 0.041468, 1.4032, 1.0618, 1.5749, 0.73448, 0.55336, 2.2019, 2.421, 0.7299, 0.013931, 4.4631, 1.693, 0.026864, 4.5633, 2.1412, 0.073495, 0.013344, 0.00082603, 0.056254, 0.012597, 0.02185, 0.082028, 0.82498, 0.007755, 1.8568e-05, 0.82881, 0.19993, 6.284e-05, 1.6892, 1.2308e-05, 9.478e-05, 0.43143, 0.91967, 0.45426, 0.27224, -0.0074733, -1.0261, -1.3009, 0.30085, -0.0083333, -1.4334, -0.025122, -0.0019554, -1.1848, 0.7861, 0.03304, 1.995, 1.1093, 1.9153, 0.82748, 0.62792, 4.4878, 3.1549, 0.86926, 0.02202, 7.3647, 1.9402, 0.029606, 6.0359, 3.4848, 0.081923, 0.2259, 0.0033233, 0.19725, 0.028487, 0.037306, 2.8093, 1.8346, 0.029855, 8.5134e-05, 7.1525, 0.35689, 9.2046e-05, 4.8177, 0.67297, 0.00022079
149, 2, 0.09264, 0.05925, 0.34991, 2, 0.67782, 0.3795, 0.97384, 1.447, 0.37479, 0.61597, 1.6727, 0.18878, 0.71181, 0, 8.8944, 1.4525, 0.00284, 5.1829, 1.9931, 0.09282, 0.91495, 1.0562, 1.2314, 0.56412, 0.46845, 2.2123, 0.95368, 0.76606, 0.0056438, 2.5571, 1.1056, 0.0078809, 3.0702, 1.5646, 0.056575, 0.74062, 1.0208, 0.91936, 0.43534, 0.32669, 1.7795, -0.21682, 0.66459, 8.5363e-05, 1.1722, 0.38007, -0.0028223, 1.566, 1.5588, 0.044541, 1.0893, 1.0916, 1.5434, 0.69289, 0.61021, 2.6452, 2.1242, 0.86753, 0.011202, 3.942, 1.8311, 0.018584, 4.5744, 1.5703, 0.068608, 0.011233, 0.00046271, 0.035983, 0.0061296, 0.0074275, 0.069262, 0.50639, 0.0038056, 1.1419e-05, 0.70886, 0.19456, 4.2342e-05, 0.83628, 1.2308e-05, 5.3518e-05, 0.13683, 0.96672, 0.5394, 0.32004, 0.21963, -0.5383, -1.0716, 0.50131, -0.0088819, -1.8049, 0.13037, -0.0060322, -0.20497, 0.21521, 0.034535, 1.6931, 1.1457, 1.9233, 0.80819, 0.71727, 4.963, 2.979, 1.0308, 0.020169, 6.9191, 2.0808, 0.021794, 6.3454, 2.9139, 0.078614, 0.22379, 0.00296, 0.17698, 0.022019, 0.022883, 2.7965, 1.5161, 0.025906, 7.7986e-05, 7.0326, 0.35153, 7.1547e-05, 3.9648, 0.67297, 0.00017953
150, 8, 0.34793, 0.07308, 0.09056, 0.66146, 0.20229, 0.56553, 0.92462, 1.7693, 0.15235, 0.75344, 1.505, 0.2519, 0.91029, 0.0322, 6.417, 0.18183, 0.00236, 2.0135, 0.77326, 0.06822, 1.1639, 1.0341, 1.3499, 0.35285, 0.63404, 1.9544, 1.0228, 0.83702, 0.011992, 6.6447, 0.55922, 0.0095581, 3.9128, 1.1606, 0.065648, 0.97239, 0.97802, 0.94401, 0.19256, 0.38087, 1.3915, -0.48563, 0.69347, 0.0058926, 5.1476, -0.1765, -0.003845, 2.151, 1.1548, 0.049216, 1.3554, 1.0902, 1.7558, 0.51315, 0.88721, 2.5172, 2.5313, 0.98057, 0.018092, 8.1418, 1.2949, 0.022961, 5.6746, 1.1664, 0.08208, 0.013556, 0.0011631, 0.0609, 0.0094968, 0.02369, 0.11711, 0.84104, 0.0076163, 1.3751e-05, 0.82838, 0.20006, 6.6398e-05, 1.1473, 1.2309e-05, 9.9801e-05, 0.38176, 0.9346, 0.61085, 0.090778, 0.3086, -0.81972, -1.2148, 0.55347, -0.002749, 2.2458, -0.42361, -0.0065248, 0.51156, -0.18877, 0.040931, 1.9461, 1.1336, 2.089, 0.61493, 0.95948, 4.7284, 3.2605, 1.1206, 0.026733, 11.044, 1.542, 0.025641, 7.314, 2.5099, 0.090365, 0.22611, 0.0036604, 0.20189, 0.025386, 0.039145, 2.8443, 1.8507, 0.029716, 8.0318e-05, 7.1521, 0.35702, 9.5603e-05, 4.2758, 0.67297, 0.00022582
151, 2, 0.09264, 0.0219, 0.34991, 1.8182, 0.97622, 0.41015, 1.0878, 1.5688, 0.10212, 0.38975, 5.2443, 1.1517, 0.58688, 0.00191, 0.57458, 1.6995, 0.04551, 1.4148, 1.8326, 0.09028, 0.7836, 1.0422, 0.90758, 0.55719, 0.51206, 2.4915, 0.98793, 0.73634, 0.0096757, 2.1785, 0.91571, 0.022144, 3.4491, 1.7384, 0.059844, 0.608, 1.0029, 0.52101, 0.36617, 0.36286, 2.0235, -0.52021, 0.62621, 0.003354, 0.76606, 0.18033, 0.0084837, 1.6941, 1.7326, 0.046314, 0.9592, 1.0815, 1.2942, 0.74821, 0.66127, 2.9595, 2.4961, 0.84647, 0.015997, 3.5909, 1.6511, 0.035804, 5.2041, 1.7441, 0.073374, 0.011398, 0.00057141, 0.055234, 0.013487, 0.0082285, 0.080949, 0.84067, 0.0044831, 1.4771e-05, 0.73737, 0.19988, 6.8968e-05, 1.1385, 1.2309e-05, 6.7662e-05, 0.0051994, 0.95111, 0.17895, 0.27527, 0.25892, -0.2649, -1.2495, 0.46816, -0.0051588, -2.1923, -0.066859, 0.0058461, 0.051365, 0.38902, 0.036953, 1.562, 1.1333, 1.6362, 0.83911, 0.7652, 5.2479, 3.2254, 1.0045, 0.02451, 6.5493, 1.8983, 0.038441, 6.8468, 3.0877, 0.082735, 0.22395, 0.0030687, 0.19623, 0.029376, 0.023684, 2.8082, 1.8503, 0.026583, 8.1337e-05, 7.0611, 0.35684, 9.8174e-05, 4.267, 0.67297, 0.00019368
152, 3.9167, 0.13352, 0.06831, 0.19994, 1.9844, 0.39616, 0.81865, 1.0942, 0.83088, 0.43027, 0.41067, 1.5147, 0.67025, 0.38759, 6e-05, 4.5568, 0.26652, 0.00455, 1.2076, 2.3676, 0.08879, 1.0893, 1.0199, 1.3534, 0.52349, 0.36017, 1.4999, 1.1807, 0.63158, 0.0075246, 3.457, 0.80325, 0.010813, 3.1634, 1.3695, 0.056234, 0.91706, 0.97746, 1.0225, 0.42756, 0.16377, 1.0877, -0.32079, 0.51473, 0.0018702, 2.1521, 0.076772, -0.0011422, 1.5512, 1.3638, 0.040781, 1.2616, 1.0623, 1.6843, 0.61942, 0.55657, 1.9121, 2.6821, 0.74843, 0.013179, 4.7619, 1.5297, 0.022768, 4.7756, 1.3753, 0.071688, 0.010968, 0.00066539, 0.040471, 0.0034013, 0.014257, 0.062804, 0.83323, 0.0050463, 1.1817e-05, 0.6294, 0.19507, 5.2826e-05, 0.96072, 1.2306e-05, 8.8266e-05, 0.31167, 0.92739, 0.65273, 0.29504, 0.07664, -1.2476, -1.0523, 0.36057, -0.007038, -0.88027, -0.17268, -0.0040848, -0.16281, 0.0202, 0.032156, 1.867, 1.1124, 2.0541, 0.75195, 0.6437, 4.2473, 3.4136, 0.90259, 0.022087, 7.7943, 1.7792, 0.025711, 6.4896, 2.7189, 0.080312, 0.22352, 0.0031627, 0.18146, 0.019291, 0.029713, 2.79, 1.8429, 0.027146, 7.8383e-05, 6.9531, 0.35203, 8.2032e-05, 4.0892, 0.67297, 0.00021428
153, 2, 0.24182, 0.10498, 0.73674, 0.57292, 0.43928, 1.5253, 0.95429, 1.9126, 0.3431, 0.13513, 1.3854, 4.2915, 0.76975, 0.01706, 5.0432, 1.9812, 0.00925, 1.81, 0.35819, 0.04515, 1.4618, 0.96773, 1.597, 0.37974, 0.22166, 0.83418, 1.579, 0.50252, 0.0050286, 4.0738, 0.84507, -0.0005911, 1.9331, 1.6412, 0.061577, 1.2779, 0.91509, 1.2158, 0.21149, -0.022862, 0.34504, 0.070524, 0.35834, -0.0019285, 2.5629, 0.11151, -0.012766, -0.00098916, 1.6355, 0.045166, 1.6457, 1.0204, 1.9782, 0.548, 0.46618, 1.3233, 3.0875, 0.64669, 0.011986, 5.5846, 1.5786, 0.011584, 3.8672, 1.647, 0.077987, 0.012506, 0.0010245, 0.053707, 0.010464, 0.022099, 0.088431, 0.84106, 0.0076834, 1.7889e-05, 0.84367, 0.19889, 5.4787e-05, 1.3826, 1.2309e-05, 9.954e-05, 0.68147, 0.87012, 0.87122, 0.11272, -0.0971, -1.9259, -0.65867, 0.21865, -0.010088, -0.32984, -0.13614, -0.015666, -1.5605, 0.2919, 0.036873, 2.2421, 1.0653, 2.3228, 0.64676, 0.54041, 3.5942, 3.8167, 0.78638, 0.020145, 8.4774, 1.8263, 0.014484, 5.4267, 2.9906, 0.08628, 0.22506, 0.0035217, 0.1947, 0.026353, 0.037555, 2.8157, 1.8507, 0.029783, 8.4456e-05, 7.1674, 0.35585, 8.3992e-05, 4.5111, 0.67297, 0.00022555
154, 4, 0.23335, 0.05971, 0.73864, 0.95, 0.41217, 1.6449, 0.95325, 1.5069, 0.32566, 0.31955, 0.06911, 2.0257, 0.63946, 0.00364, 2.5114, 0.56838, 0.0121, 2.3161, 2.1292, 0.0762, 1.6322, 0.99078, 1.5383, 0.37915, 0.24133, 0.47129, 1.4998, 0.51786, 0.0072869, 4.3765, 0.97362, 0.0079896, 2.0566, 2.072, 0.071224, 1.455, 0.9411, 1.185, 0.21097, 0.00042259, -0.018162, -0.0087296, 0.37439, 0.00031672, 2.8737, 0.25339, -0.0044247, 0.12884, 2.0662, 0.054804, 1.8094, 1.0405, 1.8916, 0.54734, 0.48224, 0.96074, 3.0082, 0.66132, 0.014257, 5.8793, 1.6939, 0.020404, 3.9843, 2.0777, 0.087645, 0.011606, 0.00091204, 0.04613, 0.010455, 0.021451, 0.088546, 0.84106, 0.0076072, 1.7957e-05, 0.83476, 0.19173, 5.6963e-05, 1.3735, 1.2309e-05, 9.966e-05, 0.85339, 0.89474, 0.82678, 0.11218, -0.074664, -2.2888, -0.73792, 0.23435, -0.0078353, -0.024369, 0.0023301, -0.0072791, -1.4335, 0.72262, 0.046515, 2.4109, 1.0868, 2.2498, 0.64613, 0.55733, 3.2314, 3.7374, 0.80136, 0.022409, 8.7773, 1.9449, 0.023258, 5.5466, 3.4213, 0.095934, 0.22416, 0.0034093, 0.18712, 0.026344, 0.036907, 2.8158, 1.8507, 0.029707, 8.4523e-05, 7.1585, 0.34869, 8.6169e-05, 4.5021, 0.67297, 0.00022567
155, 4, 0.20693, 0.04168, 0.03201, 1.8518, 0.4529, 1.1179, 0.96222, 1.2709, 0.47373, 0.6558, 1.6524, 0.78437, 0.76832, 0.00023, 9.7332, 0.12321, 0.00033, 5.2329, 0.44807, 0.03862, 0.96885, 1.0348, 1.1663, 0.36085, 0.48321, 1.7011, 1.4458, 0.86133, 0.0035349, 5.2203, 0.58534, 0.0067161, 5.2868, 0.97122, 0.060263, 0.79975, 0.9982, 0.88278, 0.25512, 0.3419, 1.2811, 0.34889, 0.74607, -0.002277, 3.8651, 0.11374, 0.00013026, 3.7043, 0.96545, 0.04886, 1.1379, 1.0715, 1.4498, 0.46657, 0.62452, 2.121, 2.5427, 0.97659, 0.0093469, 6.5755, 1.0569, 0.013302, 6.8692, 0.97699, 0.071666, 0.010569, 0.00049655, 0.02971, 0.0041317, 0.0073805, 0.065187, 0.44472, 0.0049102, 1.2485e-05, 0.67882, 0.082205, 1.6031e-05, 0.92559, 1.2306e-05, 4.8061e-05, 0.19189, 0.94485, 0.4867, 0.1281, 0.23465, -1.0476, -0.53785, 0.591, -0.01109, 0.86761, -0.21907, -0.0043469, 1.9749, -0.37813, 0.038561, 1.7458, 1.1248, 1.8459, 0.59359, 0.73178, 4.4497, 3.4295, 1.1317, 0.018159, 9.5729, 1.3898, 0.017779, 8.5986, 2.3206, 0.081965, 0.22312, 0.0029938, 0.1707, 0.020021, 0.022836, 2.7924, 1.4544, 0.02701, 7.9051e-05, 7.0025, 0.23917, 4.5237e-05, 4.0541, 0.67297, 0.00017408
156, 4.7, 0.26135, 0.13402, 0.42785, 1.3333, 0.30527, 1.8152, 1.0107, 1.8913, 0.61122, 0.74595, 1.7567, 0.19426, 0.93875, 0.00023, 6.6471, 1.5952, 0.0087, 2.7057, 0.59524, 0.06034, 1.3592, 0.99324, 1.6854, 0.49707, 0.41062, 1.3249, 0.97859, 0.67655, 0.0051272, 5.1784, 0.85789, 0.0065194, 3.0327, 1.462, 0.055458, 1.1839, 0.94825, 1.3549, 0.36653, 0.17168, 0.87651, -0.52986, 0.54153, -0.0019373, 3.7644, 0.22719, -0.0037488, 0.95172, 1.4562, 0.039145, 1.5344, 1.0382, 2.0159, 0.62761, 0.64956, 1.7732, 2.487, 0.81158, 0.012192, 6.5925, 1.4886, 0.016788, 5.1137, 1.4677, 0.07177, 0.011355, 0.00074816, 0.040371, 0.0062982, 0.021102, 0.074295, 0.84103, 0.0067387, 1.8446e-05, 0.73901, 0.14702, 3.8971e-05, 1.6006, 1.2308e-05, 9.8357e-05, 0.58083, 0.89953, 0.98489, 0.25206, 0.096123, -1.4283, -1.2591, 0.39722, -0.010039, 0.80712, -0.048996, -0.007062, -0.54427, 0.11261, 0.030819, 2.1375, 1.0869, 2.3859, 0.74208, 0.72512, 4.078, 3.2163, 0.95588, 0.020293, 9.5498, 1.7648, 0.020101, 6.6097, 2.8113, 0.080096, 0.22391, 0.0032454, 0.18136, 0.022188, 0.036558, 2.8015, 1.8507, 0.028839, 8.5012e-05, 7.0627, 0.30399, 6.8176e-05, 4.7292, 0.67297, 0.00022437
