0.0379274 0.112205 319.985 -6.27072 0.700834 4.44043e-07 0.0282553 -0.0058308 -319.985 -10.2329 0.652032 -4.44043e-07
0.046721 0.138379 319.983 -10.1034 3.07715 4.86902e-07 0.00546977 -0.0292987 -319.983 -13.3445 2.693 -4.86902e-07
0.0752921 0.187172 319.977 -17.5492 6.9054 9.64793e-07 -0.0133544 -0.0765442 -319.977 -19.333 5.49516 -9.64793e-07
0.101956 0.263594 319.966 -28.4464 11.3368 2.93202e-06 -0.0342555 -0.140793 -319.966 -28.1138 7.71948 -2.93202e-06
0.108097 0.370848 319.951 -42.7656 15.5875 7.95183e-06 -0.0619854 -0.218467 -319.951 -39.6635 8.21149 -7.95183e-06
0.104928 0.518136 319.933 -60.9946 18.8402 1.72207e-05 -0.0733226 -0.306601 -319.933 -54.3667 6.1088 -1.72207e-05
0.0578819 0.701998 319.912 -84.2328 20.329 3.02978e-05 -0.0949039 -0.422927 -319.912 -73.1208 1.06745 -3.02978e-05
-0.0358078 0.908557 319.885 -113.432 18.6061 4.4115e-05 -0.115971 -0.593418 -319.885 -96.6657 -7.35769 -4.4115e-05
-0.103075 1.15647 319.852 -148.84 12.8119 5.28874e-05 -0.0625091 -0.802607 -319.852 -125.2 -18.4419 -5.28874e-05
-0.190754 1.45439 319.811 -190.404 4.29616 4.90733e-05 -0.0141711 -1.04127 -319.811 -158.697 -28.9474 -4.90733e-05
-0.257834 1.79298 319.764 -238.195 -5.07372 2.52923e-05 0.0312485 -1.31956 -319.764 -197.2 -35.3164 -2.52923e-05
-0.229241 2.16093 319.712 -292.052 -13.139 -2.30988e-05 0.111491 -1.64666 -319.712 -240.569 -34.4876 2.30988e-05
-0.113457 2.52776 319.656 -350.659 -16.1807 -9.54637e-05 0.168525 -2.03593 -319.656 -287.732 -23.249 9.54637e-05
-0.0780105 2.86562 319.597 -410.544 -13.5884 -0.000183908 0.0413837 -2.47038 -319.597 -335.881 -3.12529 0.000183908
-0.0391444 3.16971 319.54 -466.262 -11.8134 -0.000272612 -0.0723525 -2.88467 -319.54 -380.656 16.4186 0.000272612
-0.037451 3.49132 319.492 -513.121 -18.2858 -0.000340561 -0.0894703 -3.16744 -319.492 -418.341 25.5002 0.000340561
-0.0972378 3.74797 319.458 -549.452 -34.8953 -0.000368944 -0.00240034 -3.37963 -319.458 -447.594 21.5518 0.000368944
-0.131063 3.91721 319.438 -575.128 -56.6299 -0.000350309 0.19637 -3.5416 -319.438 -468.25 10.7392 0.000350309
-0.0781974 3.99979 319.429 -589.697 -72.6133 -0.000293254 0.400278 -3.64676 -319.429 -479.943 5.58188 0.000293254
-0.0540764 4.00666 319.429 -592.38 -73.9925 -0.000217721 0.365416 -3.67414 -319.429 -482.051 15.1953 0.000217721
-0.0116045 3.97061 319.436 -583.274 -63.0426 -0.000141603 0.185354 -3.59238 -319.436 -474.678 35.3572 0.000141603
0.276949 3.95288 319.455 -565.586 -46.0457 -6.71805e-05 0.202803 -3.38206 -319.455 -460.465 56.2729 6.71805e-05
0.424022 4.01001 319.482 -547.428 -24.3305 2.15484e-05 0.076863 -3.09147 -319.482 -445.964 72.75 -2.15484e-05
0.494644 4.12196 319.503 -540.48 -0.386716 0.000147663 -0.0710207 -2.89104 -319.503 -440.536 79.3917 -0.000147663
0.527853 4.13778 319.501 -552.393 21.5847 0.000324113 -0.135453 -3.02958 -319.501 -450.215 71.1191 -0.000324113
0.575556 4.14478 319.468 -579.775 42.8898 0.000541929 -0.0935023 -3.37578 -319.468 -472.241 50.677 -0.000541929
0.853843 4.17677 319.416 -610.895 74.6547 0.000771229 0.0937376 -3.74525 -319.416 -497.279 31.7173 -0.000771229
1.39039 4.33655 319.372 -635.133 136.573 0.000974369 0.167153 -3.89888 -319.372 -516.884 34.6571 -0.000974369
1.79099 4.48125 319.354 -649.267 238.562 0.00112408 -0.38333 -3.93812 -319.354 -528.481 65.7911 -0.00112408
2.26899 4.62736 319.361 -656.234 365.585 0.00121733 -1.0767 -3.88389 -319.361 -534.365 102.728 -0.00121733
2.56167 4.86941 319.37 -663.678 490.219 0.00127604 -1.73341 -3.74054 -319.37 -540.728 111.044 -0.00127604
2.52269 5.19895 319.36 -683.407 589.679 0.00132989 -2.16417 -3.66875 -319.36 -557.054 66.5817 -0.00132989
2.65815 5.48554 319.319 -725.061 662.82 0.00138653 -1.89683 -3.92213 -319.319 -590.935 -24.7755 -0.00138653
2.56792 5.90794 319.247 -790.619 734.658 0.00140587 -1.78182 -4.34766 -319.247 -643.989 -125.078 -0.00140587
2.28782 6.46186 319.156 -877.159 824.312 0.0013 -2.15337 -4.91262 -319.156 -713.964 -201.709 -0.0013
2.08029 7.0314 319.053 -978.801 922.698 0.000968636 -2.69211 -5.65635 -319.053 -796.03 -253.559 -0.000968636
2.48726 7.52359 318.948 -1084.29 1016.42 0.000349509 -2.70704 -6.52611 -318.948 -881.061 -288.093 -0.000349509
2.98753 7.92285 318.848 -1177.16 1110.93 -0.000553082 -2.80891 -7.3255 -318.848 -955.865 -298.239 0.000553082
3.40125 8.36841 318.771 -1243.56 1212.72 -0.00168009 -3.25158 -7.73743 -318.771 -1009.41 -280.139 0.00168009
3.53933 8.62874 318.734 -1278.89 1306.7 -0.00295488 -3.97054 -7.93404 -318.734 -1038 -254.15 0.00295488
3.80455 8.65859 318.74 -1283.81 1368.93 -0.00431601 -4.19008 -7.96801 -318.74 -1042.01 -248.498 0.00431601
3.89452 8.49392 318.779 -1259.58 1393.02 -0.00572798 -4.11774 -7.81987 -318.779 -1022.48 -270.062 0.00572798
3.75641 8.14821 318.837 -1207.94 1388.94 -0.00717355 -3.97313 -7.49901 -318.837 -980.879 -305.48 0.00717355
3.5543 7.64997 318.911 -1131.67 1367.85 -0.00864359 -3.78792 -7.01264 -318.911 -919.422 -338.545 0.00864359
3.32928 7.02104 319.005 -1034.78 1336.72 -0.0101353 -3.65025 -6.39103 -319.005 -841.369 -358.154 0.0101353
3.14594 6.29478 319.119 -922.229 1297.1 -0.0116536 -3.53093 -5.66434 -319.119 -750.678 -360.918 0.0116536
3.07096 5.50164 319.246 -799.443 1248.18 -0.0132043 -3.34624 -4.87244 -319.246 -651.739 -348.405 0.0132043
3.262 4.6822 319.376 -672.083 1194.85 -0.0147809 -2.98527 -4.04777 -319.376 -549.112 -318.948 0.0147809
3.62537 3.8708 319.498 -545.745 1150.62 -0.0163578 -2.6906 -3.22814 -319.498 -447.291 -265.252 0.0163578
3.60455 3.10404 319.609 -425.791 1119.03 -0.017894 -3.00152 -2.44626 -319.609 -350.612 -193.231 0.017894
3.62989 2.40302 319.71 -316.992 1081.54 -0.019339 -3.14781 -1.74284 -319.71 -262.949 -131.866 0.019339
3.60588 1.78444 319.798 -222.92 1021.6 -0.0206383 -2.9332 -1.14738 -319.798 -187.194 -105.426 0.0206383
3.26743 1.25333 319.869 -145.344 940.276 -0.0217469 -2.6209 -0.677595 -319.869 -124.759 -115.219 0.0217469
2.52602 0.832017 319.921 -84.2921 842.328 -0.0226506 -2.39315 -0.311479 -319.921 -75.6605 -152.907 0.0226506
1.52208 0.565301 319.955 -39.7109 725.107 -0.0233836 -2.13514 -0.00359279 -319.955 -39.8624 -212.269 0.0233836
0.95213 0.535949 319.974 -14.7405 593.074 -0.0240249 -1.302 0.288325 -319.974 -19.8914 -276.574 0.0240249
0.511341 0.811361 319.974 -18.7831 470.537 -0.0246685 -0.628389 0.510652 -319.974 -23.2745 -310.028 0.0246685
0.487465 1.33268 319.94 -65.7022 383.202 -0.0253779 -0.231841 0.426199 -319.94 -61.0945 -281.657 0.0253779
1.01678 1.82762 319.854 -162.187 343.434 -0.026147 -0.116608 -0.322145 -319.854 -138.528 -184.165 0.026147
1.59629 2.35045 319.709 -296.24 345.289 -0.0268879 -0.589378 -1.52516 -319.709 -245.898 -39.0435 0.0268879
2.53931 2.8399 319.534 -439.286 367.71 -0.0274484 -0.880731 -2.87705 -319.534 -360.43 111.003 0.0274484
3.23724 3.38793 319.378 -559.457 393.171 -0.0276538 -1.19621 -3.87611 -319.378 -456.676 227.156 0.0276538
3.76911 3.90003 319.289 -636.575 415.896 -0.0273578 -1.26586 -4.35758 -319.289 -518.545 288.508 0.0273578
3.49892 4.11944 319.285 -665.298 432.352 -0.0264884 -1.63509 -4.5089 -319.285 -541.682 285.93 0.0264884
2.94958 4.13033 319.338 -649.239 433.449 -0.0250699 -1.68789 -4.29141 -319.338 -528.841 215.485 0.0250699
2.67887 4.12345 319.414 -601.29 426.423 -0.0232107 -1.07513 -3.68144 -319.414 -490.5 99.0968 0.0232107
1.79153 4.18749 319.488 -546.169 434.386 -0.0210654 -1.16115 -2.90884 -319.488 -446.504 -20.7632 0.0210654
0.439538 4.17568 319.544 -512.438 448.626 -0.0187879 -1.81273 -2.4873 -319.544 -419.614 -132.791 0.0187879
-0.0933452 4.15734 319.562 -517.306 440.867 -0.0164963 -1.48207 -2.56864 -319.562 -423.559 -245.665 0.0164963
-0.11053 4.37033 319.527 -562.504 421.742 -0.0142654 -0.74962 -2.9382 -319.527 -459.853 -331.294 0.0142654
0.105182 4.7737 319.441 -641.249 429.781 -0.0121375 -0.522993 -3.5501 -319.441 -523.13 -340.836 0.0121375
0.857403 5.31936 319.323 -742.865 485.208 -0.0101254 -0.770582 -4.31444 -319.323 -604.764 -256.466 0.0101254
1.69896 6.09541 319.199 -857.195 574.441 -0.00819997 -1.62925 -5.01294 -319.199 -696.704 -107.979 0.00819997
2.87624 7.27796 319.078 -984.157 663.91 -0.00627886 -2.19517 -5.46983 -319.078 -799.077 46.2745 0.00627886
3.68008 8.52053 318.948 -1134.92 726.705 -0.00423839 -2.61544 -6.17453 -318.948 -920.708 154.625 0.00423839
4.28141 9.89975 318.783 -1320.12 756.467 -0.00196057 -2.5056 -7.18664 -318.783 -1070.02 193.591 0.00196057
4.08775 11.1907 318.567 -1538.81 761.597 0.000601275 -2.53649 -8.71874 -318.567 -1246.24 165.74 -0.000601275
3.35735 12.4087 318.31 -1773.12 746.573 0.00337657 -2.55362 -10.5246 -318.31 -1434.92 81.0988 -0.00337657
2.19804 13.4999 318.056 -1993.14 705.988 0.00618665 -2.48203 -12.2728 -318.056 -1612.08 -50.3508 -0.00618665
1.26168 14.4776 317.857 -2169.17 641.919 0.0088067 -1.85686 -13.567 -317.857 -1753.87 -204.561 -0.0088067
0.855763 15.1496 317.746 -2281.41 582.558 0.0110381 -0.934355 -14.344 -317.746 -1844.31 -330.906 -0.0110381
0.653382 15.6466 317.725 -2325.26 565.758 0.0127499 -0.688942 -14.4136 -317.725 -1879.73 -376.696 -0.0127499
0.851235 15.7644 317.766 -2310.85 600.525 0.013885 -1.06447 -14.1104 -317.766 -1868.2 -331.282 -0.013885
1.38449 15.3223 317.838 -2250.71 661.982 0.0144545 -1.69154 -13.7751 -317.838 -1819.61 -230.505 -0.0144545
1.93382 14.6612 317.932 -2151.09 713.749 0.0145304 -2.24547 -13.1487 -317.932 -1739.11 -128.034 -0.0145304
2.18542 13.9259 318.055 -2019.19 726.498 0.01423 -2.51206 -12.1811 -318.055 -1632.79 -68.3717 -0.01423
2.01257 13.1979 318.211 -1870.63 687.442 0.0136757 -2.38746 -10.9922 -318.211 -1513.22 -70.9686 -0.0136757
1.55831 12.4319 318.381 -1726.52 604.04 0.012943 -1.86235 -9.89923 -318.381 -1397.29 -124.587 -0.012943
1.19981 11.4009 318.53 -1599.85 504.387 0.0120284 -1.03872 -9.29525 -318.53 -1295.23 -190.32 -0.0120284
1.19431 10.2939 318.636 -1485 429.751 0.0108659 -0.323611 -8.91765 -318.636 -1202.42 -216.538 -0.0108659
1.34796 9.22352 318.716 -1365.06 409.627 0.00938984 -0.348448 -8.4377 -318.716 -1105.5 -171.539 -0.00938984
2.19626 7.90627 318.816 -1221.24 446.373 0.00760294 -0.543124 -7.89655 -318.816 -989.349 -62.5102 -0.00760294
3.18751 6.50792 318.978 -1037.08 526.164 0.00560642 -1.12305 -6.91628 -318.978 -840.773 77.3659 -0.00560642
4.24137 5.04541 319.209 -807.028 628.643 0.00357565 -1.71237 -5.41037 -319.209 -655.588 204.678 -0.00357565
4.44715 3.33489 319.489 -538.247 724.564 0.00169932 -2.67055 -3.65456 -319.489 -439.48 271.596 -0.00169932
4.13017 1.49876 319.785 -243.824 778.492 0.000112926 -3.1225 -1.6947 -319.785 -202.894 236.67 -0.000112926
3.95485 -0.263753 320.076 58.7577 785.738 -0.00114939 -2.41008 0.442324 -320.076 40.0155 105.453 0.00114939
3.47304 -1.82966 320.344 345.366 790.037 -0.00216954 -1.7636 2.56911 -320.344 269.968 -56.4187 0.00216954
2.92607 -3.20013 320.585 589.538 836.107 -0.00311557 -1.74742 4.34432 -320.585 465.835 -181.012 0.00311557
2.59124 -4.06042 320.777 766.183 929.485 -0.0041725 -2.27734 5.7593 -320.777 607.472 -246.881 0.0041725
2.80893 -4.41835 320.88 853.016 1048.64 -0.00546611 -2.75088 6.51843 -320.88 676.902 -269.159 0.00546611
2.95871 -4.09571 320.861 832.881 1167.52 -0.00702072 -3.41546 6.579 -320.861 660.378 -273.968 0.00702072
3.40514 -3.21234 320.708 697.64 1267.4 -0.00877052 -3.62671 5.71596 -320.708 551.32 -281.71 0.00877052
3.68146 -1.61811 320.436 450.677 1345.63 -0.0106121 -3.81236 4.1234 -320.436 352.493 -295.192 0.0106121
3.79502 0.664999 320.072 102.636 1406.37 -0.0124614 -4.0369 1.91585 -320.072 72.3517 -308.546 0.0124614
3.9143 3.46043 319.638 -332.016 1450.09 -0.0142781 -4.15479 -0.896515 -319.638 -277.45 -319.022 0.0142781
3.96155 6.59366 319.145 -832.675 1476.11 -0.0160479 -4.24461 -4.22176 -319.145 -680.242 -325.834 0.0160479
3.79646 9.84212 318.607 -1370.07 1479.66 -0.017751 -4.38099 -7.90531 -318.607 -1112.53 -333.383 0.017751
3.30874 13.098 318.059 -1907.95 1447.49 -0.0193524 -4.49022 -11.5878 -318.059 -1545.23 -354.174 0.0193524
2.79256 16.3795 317.548 -2413.09 1368.04 -0.020823 -4.13884 -14.8229 -317.548 -1951.67 -396.12 0.020823
2.29251 19.3404 317.111 -2863.39 1248.73 -0.022168 -3.43943 -17.6705 -317.111 -2313.9 -444.674 0.022168
1.68579 21.8082 316.777 -3244.75 1110.75 -0.0234306 -2.87661 -20.1222 -316.777 -2620.69 -470.427 0.0234306
1.21968 23.6993 316.536 -3544.36 968.455 -0.0246591 -2.44594 -22.0946 -316.536 -2861.54 -453.785 0.0246591
1.14736 24.8912 316.372 -3749.01 827.169 -0.0258595 -1.96006 -23.5399 -316.372 -3025.79 -390.855 0.0258595
1.38655 25.3275 316.291 -3844.7 692.188 -0.0269671 -1.50843 -24.3336 -316.291 -3102.18 -285.919 0.0269671
1.34311 25.0588 316.321 -3820.03 560.054 -0.0278575 -1.51918 -24.2791 -316.321 -3081.62 -158.716 0.0278575
1.04519 24.3156 316.483 -3675.71 407.478 -0.0283932 -1.50262 -23.1567 -316.483 -2964.99 -50.4847 0.0283932
0.307595 22.9746 316.771 -3430.17 206.342 -0.0284798 -1.15352 -21.328 -316.771 -2767.13 -1.68389 0.0284798
-0.982183 20.8495 317.141 -3107.48 -56.6572 -0.0281095 -0.388517 -19.2876 -317.141 -2507.12 -26.4061 0.0281095
-2.27022 18.1011 317.545 -2721.38 -368.07 -0.0273686 1.07227 -17.0511 -317.545 -2195.91 -99.7866 0.0273686
-3.69176 14.9038 317.965 -2274.25 -689.865 -0.0264043 2.4237 -14.4755 -317.965 -1835.51 -166.189 0.0264043
-5.13438 11.4815 318.421 -1767.61 -992.435 -0.0253641 3.24363 -11.3574 -318.421 -1427.23 -180.474 0.0253641
-6.1644 7.89933 318.937 -1212.54 -1274.53 -0.024333 3.89667 -7.77441 -318.937 -980.005 -134.242 0.024333
-6.74956 4.35762 319.504 -633.132 -1547.25 -0.0232972 4.58967 -3.83725 -319.504 -513.226 -40.8138 0.0232972
-7.21469 0.762761 320.072 -61.1484 -1819.56 -0.0221528 5.19189 -0.0488072 -320.072 -52.3863 81.6499 0.0221528
-7.67241 -2.73259 320.585 475.868 -2099.53 -0.0207541 5.79306 3.38873 -320.585 380.416 212.939 0.0207541
-8.23915 -5.8716 321.011 958.965 -2394.02 -0.0189725 6.45616 6.48668 -321.011 769.787 334.819 0.0189725
-9.18984 -8.57292 321.36 1374.61 -2709.82 -0.0167315 7.05966 9.15138 -321.36 1104.77 432.655 0.0167315
-10.3431 -10.7672 321.644 1712.2 -3054.57 -0.0140038 7.91263 11.3163 -321.644 1376.98 496.215 0.0140038
-11.4794 -12.4186 321.863 1964.48 -3425 -0.0107829 9.16895 12.9238 -321.863 1580.59 531.425 0.0107829
-12.2794 -13.4621 322.002 2127.04 -3794.7 -0.00706063 10.7354 13.9819 -322.002 1712.02 569.564 0.00706063
-12.3072 -13.8328 322.047 2196.12 -4114.66 -0.00282469 12.3408 14.5068 -322.047 1768.21 660.507 0.00282469
-11.9401 -13.4466 321.994 2165.49 -4337.22 0.00193692 13.0024 14.5014 -321.994 1744.08 841.308 -0.00193692
-11.2328 -12.32 321.844 2025.7 -4453.85 0.00724756 12.7237 13.828 -321.844 1632.06 1095.33 -0.00724756
-10.0773 -10.6251 321.593 1770.45 -4493.98 0.0131676 12.2863 12.234 -321.593 1427.22 1357.83 -0.0131676
-8.74603 -8.44568 321.239 1406.75 -4485.64 0.0198014 12.0769 9.72618 -321.239 1135.25 1564.7 -0.0198014
-7.63659 -5.82892 320.792 957.936 -4432.67 0.0272574 11.9554 6.55756 -320.792 774.756 1683.83 -0.0272574
-7.24201 -2.88737 320.282 458.064 -4328.91 0.0355731 11.452 3.05336 -320.282 372.953 1705.79 -0.0355731
-7.83717 0.228125 319.763 -56.3474 -4187.36 0.0446494 10.4781 -0.466739 -319.763 -40.8647 1617.55 -0.0446494
-9.19155 3.33189 319.284 -553.002 -4044.91 0.0542358 9.66047 -3.77224 -319.284 -440.778 1400.54 -0.0542358
-10.5934 6.35356 318.874 -1008.7 -3925.58 0.063968 9.78626 -6.63405 -318.874 -808.09 1068.18 -0.063968
-11.7303 9.11163 318.535 -1411.39 -3804.79 0.073426 10.4521 -9.07725 -318.535 -1132.98 695.95 -0.073426
-12.7996 11.5426 318.255 -1757.64 -3634.15 0.0821881 10.396 -11.1196 -318.255 -1412.49 384.281 -0.0821881
-13.0462 13.5073 318.025 -2046.92 -3391.52 0.0898812 9.7708 -12.8923 -318.025 -1646.01 195.207 -0.0898812
-12.3317 14.949 317.846 -2275.32 -3087.78 0.0962419 8.7289 -14.4008 -317.846 -1830.31 137.628 -0.0962419
-11.1292 15.9849 317.728 -2435.29 -2754.69 0.101174 7.25503 -15.4316 -317.728 -1959.43 179.279 -0.101174
-9.31416 16.6135 317.683 -2521.82 -2430.54 0.10477 6.12717 -15.9224 -317.683 -2029.49 267.062 -0.10477
-7.40351 16.7768 317.712 -2535.3 -2136.21 0.107254 5.27821 -15.9364 -317.712 -2040.81 358.987 -0.107254
-5.77795 16.3898 317.807 -2478.19 -1873.46 0.108879 4.50259 -15.5899 -317.807 -1995.32 432.343 -0.108879
-4.15637 15.3649 317.954 -2349.01 -1633.31 0.109817 4.07749 -14.9511 -317.954 -1891.76 478.716 -0.109817
-2.38759 13.775 318.154 -2140.38 -1390.01 0.110122 3.88768 -13.8517 -318.154 -1724.2 509.644 -0.110122
-0.725697 11.5712 318.42 -1842.91 -1110.06 0.109765 3.29997 -12.22 -318.42 -1485.14 544.672 -0.109765
0.740449 8.83078 318.773 -1450.51 -780.597 0.108703 2.15496 -9.90052 -318.773 -1169.73 580.828 -0.108703
2.20609 5.51796 319.221 -964.482 -414.941 0.106924 0.953166 -6.94612 -319.221 -779.07 588.748 -0.106924
3.03447 1.84414 319.753 -396.295 -38.8692 0.104448 -0.495157 -3.29405 -319.753 -322.466 531.71 -0.104448
3.2597 -2.12193 320.338 230.458 316.495 0.101284 -1.71736 0.819804 -320.338 181.054 379.501 -0.101284
3.07021 -6.09961 320.94 881.01 631.661 0.0973842 -2.3684 5.22774 -320.94 703.537 129.682 -0.0973842
2.59068 -9.7779 321.509 1509.73 914.086 0.0926123 -2.65948 9.65328 -321.509 1208.44 -178.268 -0.0926123
2.2777 -13.0226 321.993 2065.49 1191.29 0.0867521 -2.80915 13.5716 -321.993 1654.69 -477.493 -0.0867521
2.72499 -15.5002 322.383 2501.23 1499.83 0.079563 -2.98429 16.7097 -322.383 2004.53 -698.233 -0.079563
4.05798 -17.4198 322.643 2784.03 1872.97 0.0708624 -3.659 18.435 -322.643 2231.61 -789.901 -0.0708624
6.48613 -18.8649 322.726 2913.94 2326.94 0.0606044 -4.82299 18.6661 -322.726 2336.19 -740.878 -0.0606044
9.10744 -19.5505 322.637 2924.07 2847.37 0.0489171 -6.98827 18.113 -322.637 2344.58 -591.3 -0.0489171
10.8617 -19.6024 322.454 2859.77 3367.35 0.0360814 -10.0007 17.2308 -322.454 2292.74 -444.072 -0.0360814
11.0661 -19.0647 322.276 2758.45 3771.98 0.0224576 -12.7143 16.4574 -322.276 2210.66 -440.011 -0.0224576
9.75848 -17.8047 322.158 2632.94 3958.21 0.00837988 -13.6551 16.089 -322.158 2108.38 -676.934 -0.00837988
8.40283 -15.7758 322.061 2461.43 3924.66 -0.0059528 -11.6623 15.8922 -322.061 1968.53 -1111.16 0.0059528
7.2124 -12.9283 321.898 2193.53 3801.05 -0.0205407 -8.86925 15.2707 -321.898 1751.16 -1544.27 0.0205407
7.04011 -9.29349 321.58 1770.9 3757.3 -0.035545 -7.27372 13.4444 -321.58 1409.86 -1747.56 0.035545
8.22355 -5.13507 321.038 1158.1 3883.23 -0.0511256 -7.95166 9.69445 -321.038 916.378 -1613.17 0.0511256
11.068 -0.45241 320.27 367.25 4150.48 -0.0672189 -9.94263 4.1775 -320.27 280.441 -1204.34 0.0672189
14.8363 4.54833 319.356 -540.528 4464.17 -0.0833919 -12.0921 -2.5271 -319.356 -449.2 -690.642 0.0833919
17.8363 9.47879 318.424 -1470.2 4726.39 -0.0988905 -14.0818 -9.58407 -318.424 -1196.4 -255.236 0.0988905
19.385 14.0192 317.597 -2314.9 4865.78 -0.112888 -15.1095 -15.9371 -317.597 -1875.54 -34.4221 0.112888
19.0819 17.875 316.977 -2984.29 4857.77 -0.124796 -15.0471 -20.7157 -316.977 -2413.96 -77.4846 0.124796
17.1944 20.4531 316.613 -3419.7 4726.34 -0.134465 -14.108 -23.7543 -316.613 -2764.24 -341.226 0.134465
14.3803 21.5789 316.519 -3595.07 4523.42 -0.142156 -12.7438 -24.8877 -316.519 -2904.92 -722.455 0.142156
12.2072 21.3791 316.681 -3514.71 4316.74 -0.14835 -10.8006 -24.0483 -316.681 -2839.9 -1091.28 0.14835
10.9337 20.2659 317.059 -3218.77 4181.41 -0.153516 -9.4563 -21.3432 -317.059 -2601.72 -1321.94 0.153516
10.2648 18.5838 317.584 -2784.73 4152.89 -0.157965 -9.68105 -17.4271 -317.584 -2252.67 -1355.51 0.157965
10.2188 16.4119 318.15 -2309.48 4189.7 -0.161813 -10.8271 -13.4695 -318.15 -1870.49 -1238.57 0.161813
10.5262 14.0745 318.643 -1877.57 4206.75 -0.164997 -11.791 -10.2352 -318.643 -1523.01 -1077.99 0.164997
10.573 12.0296 318.974 -1541.75 4134.69 -0.16734 -12.0426 -7.94815 -318.974 -1252.84 -964.449 0.16734
9.74183 10.6435 319.123 -1324.75 3942.75 -0.168624 -11.6974 -6.53643 -319.123 -1078.47 -937.335 0.168624
8.30287 10.151 319.122 -1232.2 3632.52 -0.168681 -10.5615 -5.83871 -319.122 -1004.52 -987.611 0.168681
6.62523 10.5795 319.012 -1264.73 3233.75 -0.167458 -8.82342 -5.83534 -319.012 -1031.46 -1067.03 0.167458
5.1883 11.7684 318.805 -1420.49 2796.72 -0.165029 -6.86202 -6.6613 -318.805 -1157.55 -1105.86 0.165029
4.61218 13.3832 318.488 -1687.06 2379.21 -0.161558 -4.9476 -8.48833 -318.488 -1372.44 -1037.37 0.161558
4.70784 15.2586 318.064 -2032.63 2027.35 -0.157203 -3.85611 -11.0699 -318.064 -1650.33 -825.584 0.157203
5.26935 17.0773 317.582 -2406.1 1748.7 -0.152035 -3.67989 -14.0641 -317.582 -1950.11 -493.899 0.152035
6.0967 18.4572 317.135 -2742.3 1510.38 -0.145983 -3.82754 -17.0125 -317.135 -2219.37 -120.068 0.145983
6.29995 19.3842 316.819 -2975.02 1260.8 -0.13883 -4.1244 -19.0768 -316.819 -2405.11 198.676 0.13883
5.24835 19.8488 316.7 -3060.44 942.951 -0.130279 -4.16213 -19.7046 -316.7 -2472.49 374.036 0.130279
3.09854 19.7831 316.782 -2994.43 514.783 -0.120071 -3.14599 -18.9111 -316.782 -2418.3 358.828 0.120071
0.478719 19.1465 317.019 -2810.22 -13.4726 -0.108131 -0.763909 -17.1646 -317.019 -2269.16 187.001 0.108131
-1.76175 17.8759 317.331 -2558.64 -561.733 -0.0946493 2.3882 -15.1822 -317.331 -2065.71 -19.4433 0.0946493
-3.09786 16.1265 317.648 -2283.8 -1014.09 -0.0800694 4.90151 -13.3762 -317.648 -1843.21 -105.997 0.0800694
-3.51701 14.0709 317.938 -2009.36 -1292.84 -0.0649296 5.57998 -11.8794 -317.938 -1620.72 18.6772 0.0649296
-2.87586 11.8353 318.21 -1737.37 -1408.27 -0.0496484 4.85881 -10.5932 -318.21 -1400.05 324.055 0.0496484
-1.97023 9.53882 318.497 -1455.96 -1442.94 -0.0343606 3.44513 -9.24712 -318.497 -1171.93 682.566 0.0343606
-1.83077 7.48941 318.827 -1155.67 -1506.21 -0.0189071 2.20913 -7.41383 -318.827 -929.091 937.771 0.0189071
-2.0664 6.06056 319.193 -851.329 -1670.6 -0.0029954 2.76277 -4.91374 -319.193 -683.828 991.462 0.0029954
-2.6487 5.42565 319.548 -594.544 -1910.98 0.0135557 4.73644 -2.23906 -319.548 -477.648 874.176 -0.0135557
-3.51982 5.48786 319.799 -459.558 -2125.49 0.0306281 6.53928 -0.4413 -319.799 -369.853 714.612 -0.0306281
-3.75702 6.46528 319.843 -512.653 -2214.59 0.0477951 7.47876 -0.154828 -319.843 -413.411 639.113 -0.0477951
-3.70881 8.2376 319.613 -785.432 -2143.62 0.0644953 6.65044 -1.9067 -319.613 -633.616 690.771 -0.0644953
-2.9753 11.0066 319.115 -1263.35 -1957.86 0.08027 5.19616 -5.30788 -319.115 -1018.83 811.101 -0.08027
-1.96094 14.6772 318.428 -1895.92 -1733.23 0.0949053 3.96397 -9.80471 -318.428 -1528.76 900.886 -0.0949053
-0.979027 18.7396 317.658 -2611.77 -1514.92 0.108397 3.40881 -14.9858 -317.658 -2105.92 897.874 -0.108397
-0.480218 22.5213 316.905 -3323.57 -1301.23 0.120789 3.05994 -20.3952 -316.905 -2679.81 803.181 -0.120789
-0.243349 25.7567 316.245 -3935.48 -1065.99 0.132023 2.65597 -25.0627 -316.245 -3173.4 658.105 -0.132023
0.169117 28.2442 315.769 -4367.44 -782.736 0.141914 2.09531 -28.1558 -315.769 -3522.08 511.55 -0.141914
1.00861 29.6745 315.542 -4575.13 -434.26 0.150244 1.25037 -29.4117 -315.542 -3690.13 399.302 -0.150244
2.48988 30.0734 315.576 -4558.66 -14.9734 0.156876 0.202716 -28.8052 -315.576 -3677.57 334.39 -0.156876
4.53856 29.3473 315.823 -4356.7 473.574 0.161801 -1.06421 -26.9284 -315.823 -3515.43 310.285 -0.161801
6.65476 27.9162 316.2 -4032.29 1021.7 0.165074 -2.81511 -24.1746 -316.2 -3254.43 303.791 -0.165074
8.85466 26.1171 316.609 -3660.14 1609.78 0.16672 -4.64625 -21.1719 -316.609 -2954.89 280.36 -0.16672
10.4811 24.0189 316.971 -3309.11 2211.95 0.166692 -6.78066 -18.74 -316.971 -2672.23 205.145 -0.166692
11.654 21.9143 317.236 -3021.81 2798.24 0.164909 -8.68672 -17.1359 -317.236 -2440.74 50.5139 -0.164909
12.9316 20.1095 317.394 -2809.65 3356.98 0.161323 -9.74453 -16.2032 -317.394 -2269.95 -180.485 -0.161323
13.9581 18.7424 317.469 -2663.21 3909.47 0.155956 -10.7761 -15.6834 -317.469 -2152.47 -443.994 -0.155956
14.784 17.6519 317.501 -2562.45 4477.77 0.148861 -12.2141 -15.4799 -317.501 -2072.21 -694.512 -0.148861
15.8172 16.6246 317.511 -2479.41 5059.37 0.14006 -13.7568 -15.4446 -317.511 -2006.59 -914.722 -0.14006
16.8084 15.4973 317.527 -2378.95 5635.15 0.129503 -15.4848 -15.288 -317.527 -1927.45 -1109.1 -0.129503
17.5864 14.1834 317.623 -2226.33 6177.13 0.117073 -17.241 -14.6474 -317.623 -1806.67 -1295.61 -0.117073
18.1528 12.699 317.833 -1998.15 6653.34 0.102648 -18.6571 -13.2031 -317.833 -1625.17 -1493.6 -0.102648
18.3548 11.066 318.154 -1693.15 7042.18 0.0861684 -19.6978 -10.9172 -318.154 -1381.97 -1707.77 -0.0861684
18.2751 9.40005 318.547 -1336.91 7335.41 0.0676783 -20.3184 -8.00243 -318.547 -1097.43 -1924.62 -0.0676783
18.3633 7.73547 318.957 -975.26 7541.45 0.0473237 -20.3522 -5.01456 -318.957 -808.26 -2113.02 -0.0473237
19.0141 6.08814 319.327 -657.039 7692.3 0.0253284 -19.9834 -2.56577 -319.327 -553.49 -2224.03 -0.0253284
20.0892 4.60999 319.607 -415.823 7829.79 0.00196339 -19.9724 -0.936441 -319.607 -360.011 -2212.49 -0.00196339
21.4239 3.22475 319.77 -259.066 7971.21 -0.0224663 -20.6246 -0.298941 -319.77 -233.814 -2076 0.0224663
22.8113 1.92375 319.835 -164.507 8093.35 -0.0476161 -21.5933 -0.37561 -319.835 -157.108 -1868.72 0.0476161
23.843 0.714106 319.867 -89.5856 8150.32 -0.0730926 -22.3656 -0.612024 -319.867 -95.8879 -1673.56 0.0730926
24.3741 -0.880484 319.935 16.9045 8106.62 -0.0984658 -22.3637 -0.824414 -319.935 -9.02892 -1556.07 0.0984658
24.2441 -3.37923 320.105 214.828 7961.57 -0.123314 -21.6358 -0.757996 -320.105 151.877 -1531.23 0.123314
22.8965 -6.74714 320.425 568.203 7735.61 -0.14728 -21.0468 0.447548 -320.425 438.264 -1576.37 0.14728
20.6767 -10.8672 320.942 1121.35 7433.46 -0.17011 -20.4331 3.47849 -320.942 885.444 -1670.81 0.17011
17.8341 -15.7784 321.682 1876.25 7039.74 -0.191642 -19.5116 8.31975 -321.682 1494.79 -1803.87 0.191642
14.6589 -21.2677 322.617 2788.34 6539.54 -0.211769 -18.0168 14.6093 -322.617 2230.42 -1957.3 0.211769
12.0199 -26.8885 323.666 3776.15 5945.71 -0.230393 -15.514 21.7415 -323.666 3026.59 -2083.25 0.230393
9.69635 -32.1112 324.697 4733.14 5305 -0.247419 -13.0975 28.8735 -324.697 3797.89 -2106.35 0.247419
8.31503 -36.5397 325.568 5548.76 4667.03 -0.262743 -10.9353 34.9758 -325.568 4455.41 -1965.06 0.262743
7.63596 -39.7052 326.164 6129.88 4055.88 -0.276213 -9.52264 39.3145 -326.164 4924.05 -1647.78 0.276213
8.15277 -41.2664 326.415 6416.55 3471.04 -0.287572 -8.08681 41.4573 -326.415 5155.52 -1192.96 0.287572
8.56779 -40.9243 326.312 6385.62 2897.01 -0.296408 -7.29621 41.4036 -326.312 5131.09 -673.022 0.296408
8.47958 -38.7356 325.89 6045.69 2297.36 -0.302199 -6.5787 39.208 -325.89 4857.71 -187.622 0.302199
8.31233 -35.0592 325.205 5434.7 1643.08 -0.304431 -4.70857 35.003 -325.205 4366.17 180.237 0.304431
7.22218 -30.2815 324.321 4618.77 952.112 -0.302764 -2.53797 29.2562 -324.321 3709.83 413.818 0.302764
5.23358 -25.1639 323.319 3690.18 265.571 -0.29714 -0.532912 22.3981 -323.319 2963.16 540.628 0.29714
2.31221 -20.0614 322.305 2759.54 -395.675 -0.287774 0.946569 15.5015 -322.305 2215.27 585.353 0.287774
-0.998303 -14.9571 321.407 1927.01 -1040.11 -0.275051 2.44234 9.87276 -321.407 1546.37 556.696 0.275051
-4.50969 -10.3375 320.726 1250.2 -1683.7 -0.259387 4.17145 5.76706 -320.726 1002.63 466.547 0.259387
-7.92652 -6.58326 320.289 740.617 -2328.04 -0.241152 6.19936 2.9547 -320.289 593.631 348.629 0.241152
-10.8423 -3.78159 320.045 380.676 -2953.83 -0.220651 8.39303 1.12244 -320.045 305.345 259.031 0.220651
-12.9564 -1.8627 319.912 141.328 -3528.22 -0.198158 10.3697 -0.0348856 -319.912 114.371 260.464 0.198158
-13.9969 -0.672068 319.829 -6.78559 -4020.88 -0.173931 11.8698 -0.741456 -319.829 -2.91195 396.9 0.173931
-14.3667 -0.0824977 319.797 -86.9512 -4424.47 -0.148187 12.4516 -1.17137 -319.797 -65.3616 666.458 0.148187
-14.2372 0.0607763 319.819 -113.826 -4768.25 -0.121055 12.5727 -1.36092 -319.819 -85.0469 1010.46 0.121055
-13.6664 -0.268057 319.902 -93.3773 -5094.2 -0.0925521 13.0652 -1.41322 -319.902 -66.8169 1346.42 0.0925521
-12.7576 -1.28008 320.038 -17.9573 -5412.17 -0.0626391 14.2511 -1.43891 -320.038 -4.2651 1624.78 0.0626391
-11.543 -3.07945 320.246 138.632 -5680.1 -0.0313304 15.7319 -1.2045 -320.246 123.642 1854.8 0.0313304
-10.5476 -5.61046 320.549 414.512 -5836.63 0.00121379 16.3099 -0.163782 -320.549 347.395 2069.16 -0.00121379
-10.1485 -8.90199 320.981 842.546 -5863.06 0.0346815 15.5395 2.07603 -320.981 693.121 2258.84 -0.0346815
-10.1887 -12.9466 321.571 1435.43 -5804.51 0.0686826 14.384 5.68549 -321.571 1170.94 2356.2 -0.0686826
-10.5969 -17.616 322.322 2178.72 -5722 0.102828 13.8464 10.6064 -322.322 1769.2 2291.95 -0.102828
-11.6111 -22.8101 323.19 3032.67 -5640.14 0.136735 13.9382 16.4258 -323.19 2455.92 2055.83 -0.136735
-12.8743 -28.1578 324.103 3940.13 -5537.79 0.169957 14.4476 22.7775 -324.103 3185.07 1706.15 -0.169957
-13.7953 -33.3015 324.974 4833.43 -5364.56 0.201899 14.8885 29.1459 -324.974 3902.18 1343.17 -0.201899
-14.2988 -37.8076 325.724 5640.61 -5075.3 0.231834 14.3539 35.038 -325.724 4549.61 1059.03 -0.231834
-13.2195 -41.4402 326.307 6295.36 -4652.29 0.259031 13.5378 39.8339 -326.307 5073.93 901.952 -0.259031
-10.5548 -44.2136 326.68 6750.14 -4087.19 0.282934 12.285 42.9094 -326.68 5437.35 885.604 -0.282934
-6.6465 -46.0032 326.813 6990.99 -3373.44 0.303277 10.3136 44.2114 -326.813 5628.98 995.072 -0.303277
-1.82391 -46.8714 326.72 7038.82 -2517.73 0.320062 7.69964 43.9485 -326.72 5665.84 1180.44 -0.320062
2.24507 -47.0134 326.465 6941.8 -1560.56 0.333436 3.73293 42.5468 -326.465 5586.63 1348.33 -0.333436
5.59745 -46.2521 326.142 6756.14 -583.778 0.343546 -0.0638447 40.9058 -326.142 5436.22 1372.84 -0.343546
7.43863 -44.8486 325.828 6521.91 331.405 0.350436 -3.20879 39.2788 -325.828 5246.52 1156.66 -0.350436
8.1141 -42.8024 325.547 6251.02 1150.24 0.354001 -5.02644 37.8201 -325.547 5027.12 688.357 -0.354001
7.73336 -40.0858 325.26 5926.36 1895.17 0.353979 -6.15831 36.3366 -325.26 4764.24 50.4502 -0.353979
7.22045 -36.8747 324.906 5513.34 2622.02 0.349984 -7.06154 34.208 -324.906 4430.28 -619.824 -0.349984
7.62353 -32.9017 324.426 4978.14 3391.87 0.341595 -8.13281 31.2664 -324.426 3998.21 -1181.59 -0.341595
9.18678 -28.0197 323.796 4295.83 4245.86 0.328489 -10.1292 27.3363 -323.796 3447.81 -1536.01 -0.328489
12.0252 -22.2727 323.016 3455.25 5180.94 0.310588 -13.054 22.2293 -323.016 2770.06 -1663.53 -0.310588
15.6324 -15.4259 322.092 2459.39 6145.44 0.288143 -16.596 16.2192 -322.092 1967.39 -1626.83 -0.288143
19.726 -7.75538 321.046 1322.53 7067.08 0.261712 -19.7773 9.21158 -321.046 1050.97 -1529.85 -0.261712
24.1493 0.29085 319.894 75.4578 7904.5 0.232024 -21.891 1.15835 -319.894 45.9427 -1451.96 -0.232024
28.8655 8.27558 318.673 -1221.29 8672.85 0.199817 -22.9908 -7.60543 -318.673 -1000.19 -1405.9 -0.199817
33.4698 15.636 317.609 -2473.98 9430.24 0.165701 -24.1724 -16.4566 -317.609 -2015.29 -1353.06 -0.165701
36.913 21.9605 316.97 -3567.58 10208.8 0.130114 -26.7888 -24.3642 -316.97 -2912.56 -1282.97 -0.130114
39.3822 26.8079 316.744 -4398.94 10967.4 0.0933673 -29.8905 -30.4672 -316.744 -3613.06 -1261.19 -0.0933673
40.9214 30.0079 316.327 -4910.42 11665.9 0.05572 -32.5282 -34.1462 -316.327 -4063.89 -1374.09 -0.05572
41.3696 31.537 315.706 -5093.27 12264.4 0.0173931 -34.2107 -35.2244 -315.706 -4245.8 -1673.07 -0.0173931
41.3018 31.3012 315.298 -4970.87 12775 -0.0214713 -34.6896 -34.041 -315.298 -4169.71 -2124.65 0.0214713
41.0976 29.2763 315.777 -4582.35 13239.7 -0.060855 -34.6361 -31.1288 -315.777 -3867.6 -2623.77 0.060855
41.0641 25.7974 316.863 -3977.1 13733.3 -0.100852 -35.2114 -26.8147 -316.863 -3382.74 -3039.96 0.100852
41.1909 21.4427 318.384 -3223.09 14257.8 -0.141567 -36.9442 -21.3736 -318.384 -2766.46 -3302.75 0.141567
41.8206 16.3504 319.501 -2384.68 14784.8 -0.182979 -39.186 -15.4993 -319.501 -2070.78 -3426.76 0.182979
43.6334 10.822 319.983 -1516.43 15268.6 -0.224853 -40.5313 -9.61688 -319.983 -1342.76 -3467.66 0.224853
46.5679 5.21853 320.233 -661.607 15708.8 -0.266772 -40.8922 -3.93843 -320.233 -619.346 -3445.9 0.266772
50.2208 -0.419105 320.999 142.804 16143.1 -0.308273 -41.1007 1.1291 -320.999 73.8166 -3339.2 0.308273
53.3991 -5.96277 322.419 894.062 16608.3 -0.348978 -42.7097 5.65591 -322.419 731.364 -3133.84 0.348978
55.8301 -11.349 323.711 1601.34 17091.8 -0.388606 -45.4829 9.81032 -323.711 1358.78 -2888.49 0.388606
57.4094 -16.7368 324.144 2286.26 17529 -0.426873 -48.1996 13.696 -324.144 1971.21 -2723.91 0.426873
57.9064 -22.142 323.836 2971.12 17854 -0.463413 -49.8509 17.5827 -323.836 2586.24 -2747.55 0.463413
56.8165 -27.2831 323.758 3663 18028.8 -0.497806 -50.4145 21.8917 -323.758 3216.43 -2994.98 0.497806
54.3093 -32.0217 324.185 4370.47 18064 -0.529726 -50.1176 26.8161 -324.185 3860.79 -3421.32 0.529726
50.6614 -36.4978 325.005 5071.5 17980.9 -0.559084 -49.5141 31.8594 -325.005 4491.52 -3931.97 0.559084
47.1513 -40.3245 325.776 5711.4 17803.8 -0.586052 -48.2638 36.6968 -325.776 5063.73 -4420.02 0.586052
44.9356 -43.2233 326 6243.24 17578.9 -0.610945 -46.4152 40.9544 -326 5533.03 -4763.39 0.610945
44.425 -44.732 325.876 6602.31 17365.3 -0.634024 -44.8156 44.234 -325.876 5843.83 -4845.19 0.634024
45.3414 -44.5823 325.852 6717.89 17201 -0.655296 -44.4495 45.8914 -325.852 5939.16 -4604.56 0.655296
47.4267 -42.9496 325.905 6527.38 17067.8 -0.674414 -45.035 44.9765 -325.905 5773.26 -4098.84 0.674414
50.052 -39.4316 325.529 6016.52 16908 -0.690714 -45.7779 41.7071 -325.529 5334.61 -3469.23 0.690714
51.2447 -34.0511 324.407 5203.97 16642.3 -0.703372 -46.8312 36.2976 -324.407 4637.66 -2890.97 0.703372
51.3014 -26.8978 322.704 4128.36 16197.4 -0.711626 -46.2874 29.1613 -322.704 3714.21 -2515.79 0.711626
50.0865 -18.2728 320.946 2836.52 15559.6 -0.714989 -43.8372 20.613 -320.946 2603.63 -2392.32 0.714989
47.6788 -8.55245 319.558 1378.33 14792.3 -0.713367 -40.3914 10.9406 -319.558 1348.89 -2445.27 0.713367
44.4252 1.92019 318.491 -192.153 13986.1 -0.707051 -37.1794 0.525759 -318.491 -2.62932 -2544.86 0.707051
40.9957 12.8368 317.428 -1828.41 13200.7 -0.696564 -34.6762 -10.2781 -317.428 -1404.86 -2590.78 0.696564
37.6722 23.8484 316.018 -3478 12446 -0.682455 -32.9042 -21.0964 -316.018 -2809.06 -2550.38 0.682455
34.3427 34.4001 314.31 -5058.57 11683.9 -0.665126 -31.4892 -31.4879 -314.31 -4158.23 -2453.56 0.665126
31.3185 44.0988 312.937 -6541.31 10852.7 -0.64478 -29.309 -41.3633 -312.937 -5413.65 -2351.97 0.64478
28.9219 52.2045 311.529 -7826.77 9978.91 -0.62149 -26.3131 -50.2625 -311.529 -6506.97 -2234.18 0.62149
26.626 58.8758 310.549 -8880.48 9086.2 -0.595291 -23.4674 -57.4791 -310.549 -7396 -2062.4 0.595291
24.6568 63.9297 310.028 -9641.45 8217.79 -0.566241 -21.1475 -62.3795 -310.028 -8027.48 -1795.73 0.566241
23.1715 66.9438 309.654 -10069.4 7399.1 -0.534421 -19.3702 -64.9102 -309.654 -8375.16 -1435.26 0.534421
22.4795 67.7889 309.578 -10167 6612.59 -0.499869 -17.3875 -65.2551 -309.578 -8443.97 -1024.73 0.499869
22.0882 66.331 310.045 -9946.59 5845.44 -0.462533 -15.2899 -63.694 -310.045 -8242.08 -607.49 0.462533
22.5347 62.7565 310.777 -9417.15 5143.43 -0.42234 -12.8107 -60.2072 -310.777 -7783.74 -191.491 0.42234
23.2177 57.2794 311.756 -8605.18 4552.92 -0.379288 -10.9168 -54.95 -311.756 -7094.15 228.105 0.379288
22.3185 50.0442 312.921 -7542.83 4084.55 -0.333476 -11.2717 -48.2078 -312.921 -6201.26 619.04 0.333476
20.1925 41.3221 314.129 -6267.71 3663.52 -0.285101 -12.1762 -40.1951 -314.129 -5135.41 868.182 0.285101
16.8139 31.5933 315.405 -4822.68 3172.99 -0.234411 -11.9395 -30.9768 -315.405 -3930.01 852.295 0.234411
13.0182 21.0979 317.01 -3248.25 2555.37 -0.181689 -9.23805 -20.8654 -317.01 -2621.8 560.629 0.181689
8.85534 9.64083 319.408 -1542.4 1843.31 -0.127324 -5.20732 -10.2043 -319.408 -1233.64 126.296 0.127324
5.68149 -2.29044 321.358 221.351 1220.89 -0.0719351 -1.57511 0.620237 -321.358 185.842 -203.612 0.0719351
4.64978 -14.2747 322.419 1988.06 846.453 -0.0164153 0.26458 11.4279 -322.419 1607.43 -231.26 0.0164153
5.53989 -25.9477 323.359 3720.42 751.957 0.0382788 -0.39577 22.1453 -323.359 3007.22 79.5324 -0.0382788
7.66072 -36.6668 325.135 5350.14 835.937 0.0914883 -2.52394 32.6443 -325.135 4345.73 589.298 -0.0914883
10.4569 -46.0284 327.165 6851.41 972.175 0.143054 -4.28028 42.9344 -327.165 5593.59 1089.37 -0.143054
12.9249 -53.6787 328.529 8153.53 1085.62 0.193168 -4.97069 52.3636 -328.529 6680.81 1417.49 -0.193168
14.1393 -59.2423 329.014 9159.75 1169.71 0.24199 -5.03316 60.0418 -329.014 7527.05 1512.05 -0.24199
14.4321 -62.5506 328.992 9783.12 1265.94 0.289318 -4.61653 64.9826 -328.992 8057.69 1398.87 -0.289318
14.3151 -63.7365 328.836 9970.51 1435.87 0.3345 -4.20504 66.32 -328.836 8223.3 1155.65 -0.3345
13.9054 -62.665 328.644 9713.42 1731.53 0.376588 -4.64454 64.0852 -328.644 8017.86 865.023 -0.376588
13.674 -59.4549 328.217 9059.62 2162.31 0.414597 -5.82865 58.8058 -328.217 7484.05 568.55 -0.414597
13.6215 -54.4496 327.304 8106.76 2695.84 0.447712 -7.49434 51.4169 -327.304 6703.06 261.84 -0.447712
13.592 -48.0732 325.985 6972.68 3282.13 0.475362 -9.28195 43.0326 -325.985 5772.22 -77.2468 -0.475362
13.6602 -41.0967 324.691 5773.13 3872.19 0.497159 -10.6922 34.3914 -324.691 4786.98 -459.165 -0.497159
14.1339 -34.2419 323.779 4610.78 4454.14 0.512785 -11.5847 26.1193 -323.779 3833.22 -848.616 -0.512785
15.1413 -28.0066 323.331 3575.72 5046.14 0.521947 -12.4446 18.8884 -323.331 2984.51 -1178.05 -0.521947
16.5714 -22.8407 323.161 2734.76 5671.32 0.524423 -13.9689 13.1206 -323.161 2295.96 -1388.67 -0.524423
18.4612 -18.98 322.902 2133.87 6329.33 0.520158 -16.1257 9.18036 -322.902 1805.59 -1479.4 -0.520158
20.8359 -16.438 322.441 1783.52 6995.07 0.509341 -18.3608 7.2055 -322.441 1524.09 -1499.19 -0.509341
23.4004 -15.1714 322.094 1665.23 7636.1 0.492363 -20.2771 7.01153 -322.094 1438.07 -1512.34 -0.492363
25.5152 -14.8338 322.234 1734.37 8229.84 0.469687 -22.0154 8.35176 -322.234 1509.21 -1565.98 -0.469687
26.7682 -14.7874 322.793 1913.9 8763.75 0.441703 -23.7241 10.8492 -322.793 1672.58 -1684.43 -0.441703
27.3153 -14.3936 323.348 2101.07 9226.66 0.408674 -25.1251 13.7846 -323.348 1840.98 -1873.69 -0.408674
27.3148 -13.403 323.511 2177.95 9613.87 0.3708 -26.1432 15.8474 -323.511 1914.12 -2117.46 -0.3708
27.1056 -11.8069 323.195 2046.49 9931.4 0.328343 -26.7473 15.7499 -323.195 1808.66 -2378.82 -0.328343
26.8262 -9.12835 322.554 1660.21 10191.1 0.281693 -27.2031 13.353 -322.554 1484.92 -2613.11 -0.281693
26.6332 -5.18311 321.743 1026.9 10400.3 0.231366 -27.6482 8.9411 -321.743 949.125 -2786.42 -0.231366
26.6183 -0.256663 320.796 196.074 10555.2 0.177923 -28.0592 2.88728 -320.796 243.907 -2885.59 -0.177923
26.5759 4.97262 319.764 -746.635 10639.8 0.121896 -28.4725 -4.35117 -319.764 -557.513 -2918.22 -0.121896
26.5406 9.59696 318.552 -1683.59 10637.7 0.0637656 -28.6144 -12.1202 -318.552 -1354.28 -2901.43 -0.0637656
26.7717 12.6763 317.267 -2460.41 10544.2 0.00399946 -28.1245 -19.3208 -317.267 -2015.51 -2844.44 -0.00399946
26.8368 13.8152 316.334 -2913.79 10368.3 -0.0568867 -27.5282 -24.1898 -316.334 -2402.59 -2743.38 0.0568867
26.6919 12.2918 316.081 -2901.6 10119.9 -0.118286 -26.9367 -25.5732 -316.081 -2395.2 -2598.72 0.118286
26.1789 7.10155 316.569 -2321.44 9796.2 -0.179497 -26.3461 -23.1232 -316.569 -1906.56 -2430.14 0.179497
24.4154 -1.95758 317.692 -1114.22 9369.43 -0.239758 -26.1112 -16.2561 -317.692 -885.88 -2283.74 0.239758
20.9931 -14.834 319.431 743.373 8777.13 -0.29832 -25.6685 -4.65146 -319.431 681.196 -2233 0.29832
15.9377 -31.4097 321.968 3206.69 7937.73 -0.354525 -23.9368 11.2312 -321.968 2758.53 -2343.98 0.354525
9.06745 -51.3876 325.288 6223.76 6791.73 -0.407873 -20.6459 30.8882 -325.288 5286.07 -2620.47 0.407873
0.521092 -74.0677 329.288 9687.82 5306 -0.458018 -15.9267 53.5085 -329.288 8159.26 -2991.77 0.458018
-8.58208 -97.263 335.722 13211.5 3535.56 -0.504708 -10.275 76.4821 -335.722 11094.8 -3287.12 0.504708
-16.2945 -119.1 345.151 16477.7 1599.38 -0.54771 -3.90511 97.8234 -345.151 13870.3 -3323.38 0.54771
-22.9234 -138.921 353.349 19385.7 -368.808 -0.586754 1.35175 117.042 -353.349 16425.6 -3021.45 0.586754
-28.8202 -156.538 356.37 21934.8 -2362.11 -0.621436 5.55584 134.357 -356.37 18765.2 -2445.76 0.621436
-33.8951 -171.509 356.249 24119.3 -4437.64 -0.651109 10.2738 149.69 -356.249 20821.8 -1745.49 0.651109
-39.4476 -183.805 355.277 25952.3 -6664.78 -0.674947 15.4823 163.352 -355.277 22622.1 -1029.66 0.674947
-45.9065 -193.007 356.35 27410.9 -9041.94 -0.692157 21.2427 175.185 -356.35 24107.8 -368.457 0.692157
-53.1222 -198.888 357.663 28434 -11618.4 -0.702124 28.4707 184.669 -357.663 25235.9 180.304 0.702124
-61.0511 -201.049 357.489 28937.5 -14346.8 -0.704496 36.6101 191.189 -357.489 25948 653.384 0.704496
-68.5244 -199.276 356.789 28858.2 -17056.5 -0.699269 44.7915 193.921 -356.789 26162 1165.12 0.699269
-75.7367 -192.62 354.799 28078.8 -19795.9 -0.68668 53.0106 192.142 -354.799 25761.3 1737.52 0.68668
-83.5635 -180.658 351.983 26487.5 -22617.6 -0.666929 61.0103 184.673 -351.983 24633.9 2337.01 0.666929
-90.3283 -164.042 351.735 24221.8 -25224 -0.640123 67.4578 171.857 -351.735 22781.2 3085.95 0.640123
-96.8324 -141.356 349.825 21086.8 -27832.6 -0.606422 74.3033 153.097 -349.825 20116.7 3818.14 0.606422
-102.987 -112.899 347.803 17136 -30410.5 -0.566019 81.4525 128.703 -347.803 16672 4526.06 0.566019
-107.842 -80.2574 346.027 12586.3 -32773.6 -0.519076 87.9465 99.1753 -346.027 12522.3 5292.37 0.519076
-111.471 -42.4273 343.595 7234.64 -35040.6 -0.465794 94.7787 63.5226 -343.595 7591.52 6087.02 0.465794
-113.413 -1.65321 346.339 1554.67 -37031.4 -0.406389 100.564 23.2866 -346.339 1935.92 6986.14 0.406389
-116.441 41.966 347.293 -4580.24 -38892.9 -0.340983 105.716 -21.7309 -347.293 -4331.82 7693.54 0.340983
-121.189 83.8212 349.222 -10603.9 -40681.9 -0.269582 111.604 -66.2003 -349.222 -10388 7985.06 0.269582
-126.469 121.68 345.631 -16197.6 -42322.1 -0.1923 117.304 -107.012 -345.631 -15803.9 8082.67 0.1923
-129.968 155.373 337.773 -21289.5 -43708.8 -0.10966 122.372 -143.534 -337.773 -20538.1 8267.16 0.10966
-131.409 185.272 326.932 -25863.3 -44777.5 -0.0226196 125.874 -176.118 -326.932 -24707.9 8642.87 0.0226196
-131.562 210.121 316.101 -29718.6 -45585 0.067746 126.984 -203.482 -316.101 -28158.6 9273.12 -0.067746
-130.632 229.637 304.618 -32861 -46189.8 0.160641 126.82 -226.306 -304.618 -30939.9 10031.4 -0.160641
-129.707 243.532 293.288 -35183.6 -46682.1 0.255721 125.834 -243.747 -293.288 -33000.8 10792.8 -0.255721
-129.799 251.773 283.048 -36633.1 -47138.8 0.352985 124.365 -255.026 -283.048 -34281 11444.1 -0.352985
-130.622 253.853 274.55 -37144.4 -47639.5 0.452531 123.932 -259.855 -274.55 -34734.8 11892.1 -0.452531
-132.611 249.362 268.237 -36634.5 -48232.6 0.554339 124.763 -257.566 -268.237 -34294.6 12092.2 -0.554339
-135.885 237.6 266.235 -34995.1 -48935.8 0.658163 127.023 -247.22 -266.235 -32840.5 12020.8 -0.658163
-140.637 218.551 268.118 -32256.9 -49678.4 0.763546 129.567 -229.12 -268.118 -30381.4 11740.6 -0.763546
-145.845 192.319 271.837 -28452.7 -50397.3 0.869866 132.398 -203.617 -271.837 -26947.6 11332 -0.869866
-150.323 159.896 276.922 -23719.9 -50999.9 0.976366 135.157 -171.329 -276.922 -22626.9 10918.8 -0.976366
-153.86 122.446 282.973 -18211.9 -51422.2 1.08221 136.899 -133.118 -282.973 -17549.1 10598.8 -1.08221
-156.077 80.0715 291.712 -11987.3 -51677.3 1.18656 137.548 -89.6218 -291.712 -11759.1 10447.5 -1.18656
-157.079 33.8245 307.161 -5179.97 -51819.1 1.2887 137.578 -41.9346 -307.161 -5423.31 10435.6 -1.2887
-157.934 -14.0762 330.661 1771.31 -51875.7 1.3881 136.859 7.99924 -330.661 1315.45 10459 -1.3881
-158.976 -62.5778 352.28 8763.04 -51876.6 1.4844 136.997 58.5821 -352.28 8190.35 10282.4 -1.4844
-160.569 -109.38 370.557 15589.7 -51765 1.57722 137 107.343 -370.557 14739.1 9937.43 -1.57722
-162.305 -152.06 375.869 21749.6 -51500.1 1.6659 137.046 151.175 -375.869 20687.9 9421.47 -1.6659
-162.657 -188.927 371.104 27052.5 -51088.1 1.74941 137.342 188.094 -371.104 25712.1 8923.04 -1.74941
-161.709 -220.209 366.135 31567.4 -50552.7 1.82659 136.826 218.719 -366.135 29861.8 8596.94 -1.82659
-159.795 -245.157 363.684 35176.8 -49933.3 1.89649 134.859 242.93 -363.684 33133.1 8523.41 -1.89649
-157.011 -264.104 361.535 37961 -49233.5 1.9585 131.852 261.631 -361.535 35618.2 8636.41 -1.9585
-153.951 -276.922 358.915 39867.2 -48529.3 2.01238 128.585 274.469 -358.915 37302.6 8820.14 -2.01238
-151.525 -283.844 354.377 40870.2 -47889.5 2.05811 125.562 281.003 -354.377 38182.2 8946.79 -2.05811
-150.066 -284.989 348.252 40981.7 -47363.8 2.09577 123.466 281.409 -348.252 38286.2 8923.48 -2.09577
-149.343 -279.679 342.864 40157.8 -46992.2 2.12539 123.203 275.602 -342.864 37552.9 8694.59 -2.12539
-149.798 -268.107 339.07 38431.4 -46757.7 2.14683 123.884 263.775 -339.07 36003.6 8305.07 -2.14683
-151.268 -250.298 335.638 35852.2 -46597.1 2.15979 124.646 246.545 -335.638 33678.6 7835.96 -2.15979
-153.243 -226.851 331.58 32488.9 -46447.5 2.16394 124.974 224.144 -331.58 30624.8 7368.31 -2.16394
-155.037 -198.561 326.897 28421.2 -46283 2.15907 124.997 196.813 -326.897 26907.6 6953.79 -2.15907
-156.426 -166.021 322.346 23736 -46111.9 2.14524 124.895 165.216 -322.346 22616.9 6606.8 -2.14524
-157.811 -130.239 319.627 18603.5 -45923.4 2.12275 124.027 130.453 -319.627 17876.7 6348.68 -2.12275
-158.271 -91.4304 316.574 13019 -45771.1 2.09205 124.081 92.6692 -316.574 12742.7 6127.31 -2.09205
-157.916 -50.0006 316.57 7072.16 -45641.1 2.05372 123.993 52.0268 -316.57 7204.68 6060.13 -2.05372
-157.164 -7.89404 325.794 1077.49 -45594.8 2.0084 124.546 10.1474 -325.794 1446.79 6037.23 -2.0084
-157.61 34.7068 336.494 -4963.17 -45677.5 1.95689 126.375 -32.9179 -336.494 -4500.65 5796.78 -1.95689
-157.788 75.2553 343.226 -10847.5 -45694.9 1.90007 128.256 -74.0417 -343.226 -10046.2 5523.1 -1.90007
-156.533 112.635 335.505 -16280 -45438 1.83872 128.176 -111.666 -335.505 -15109.7 5457.43 -1.83872
-154.089 145.78 315.792 -21108.4 -44956.4 1.77337 126.187 -145.109 -315.792 -19597.8 5606.46 -1.77337
-150.523 174.926 296.274 -25347.7 -44378.3 1.70443 123.296 -174.383 -296.274 -23530.7 5941.87 -1.70443
-146.809 199.86 285.794 -28965.2 -43839.7 1.63246 120.025 -199.217 -285.794 -26875.5 6385.74 -1.63246
-143.693 219.702 284.092 -31855.7 -43426.6 1.55842 117.104 -219.027 -284.092 -29532.9 6817.89 -1.55842
-141.731 233.801 286.739 -33927.2 -43173.6 1.48344 115.128 -233.288 -286.739 -31430.1 7114.24 -1.48344
-140.841 241.468 287.476 -35081.9 -43078.7 1.40855 114.823 -241.48 -287.476 -32494.6 7186.23 -1.40855
-140.992 242.545 282.967 -35296 -43100 1.33443 116.017 -243.49 -282.967 -32711.6 7021.89 -1.33443
-142.321 237.042 275.549 -34552.2 -43199.5 1.26138 117.585 -239.074 -275.549 -32066 6720.23 -1.26138
-143.892 224.882 270.198 -32867.1 -43341.7 1.18944 119.148 -228.418 -270.198 -30557.6 6427.01 -1.18944
-144.97 206.236 269.9 -30287.2 -43488.3 1.11861 120.409 -211.896 -269.9 -28216.8 6246.87 -1.11861
-145.019 181.56 274.413 -26848.5 -43598.5 1.0489 121.256 -189.512 -274.413 -25071.7 6229.57 -1.0489
-144.475 151.397 281.598 -22609 -43638.8 0.98051 121.127 -161.549 -281.598 -21179.2 6360.41 -0.98051
-143.773 116.82 290.019 -17696.7 -43586.6 0.913775 119.717 -128.485 -290.019 -16627.6 6599.25 -0.913775
-143.318 78.2061 297.107 -12096.3 -43505.9 0.849091 117.679 -90.0209 -297.107 -11443.3 6863.81 -0.849091
-143.142 35.9245 308.642 -5951.72 -43490.4 0.786821 115.998 -47.5162 -308.642 -5724.28 7102.24 -0.786821
-143.599 -9.25417 331.104 451.641 -43651.9 0.72734 116.092 -2.66295 -331.104 470.693 7175.4 -0.72734
-144.691 -56.2201 356.411 7065.44 -44012.8 0.67113 119.894 43.1447 -356.411 6840.61 6839.25 -0.67113
-145.383 -103.135 378.447 13709.7 -44289.1 0.618554 124.221 88.1678 -378.447 13064.9 6402.73 -0.618554
-144.067 -147.417 381.657 20025.8 -44162.7 0.569481 125.84 130.663 -381.657 18895 6232.94 -0.569481
-140.69 -189.987 373.381 26084.5 -43617.1 0.523361 124.296 171.302 -373.381 24481.6 6380.72 -0.523361
-135.638 -229.778 364.878 31814.7 -42760.4 0.479773 119.624 209.849 -364.878 29714.4 6889.31 -0.479773
-129.575 -266.368 361.602 37145.6 -41757.8 0.438932 113.429 245.961 -361.602 34558 7604.01 -0.438932
-123.882 -298.464 367.131 41844.7 -40820.1 0.401706 107.168 278.08 -367.131 38847.7 8336.86 -0.401706
-119.705 -323.801 380.189 45655.8 -40057.3 0.369149 102.33 303.828 -380.189 42191 8830.37 -0.369149
-117.239 -344.289 387.128 48733.4 -39407.4 0.341967 99.4068 324.504 -387.128 44877.9 8932.79 -0.341967
-117.05 -359.461 382.203 50970.1 -38878.4 0.320324 97.9639 339.374 -382.203 46845.4 8636.71 -0.320324
-119.27 -369.39 369.285 52417.7 -38461.4 0.303948 97.1186 348.993 -369.285 48130.5 8035.79 -0.303948
-123.394 -374.22 356.197 53116.6 -38190.4 0.292266 96.6022 353.827 -356.197 48780.4 7268.52 -0.292266
-128.252 -373.982 348.42 53089.6 -38082.4 0.284537 96.7994 353.902 -348.42 48782.1 6459.04 -0.284537
-132.07 -368.533 347.823 52270.4 -38124.1 0.280054 98.6624 348.543 -347.823 48088.3 5708.1 -0.280054
-134.05 -357.41 350.775 50633.3 -38221.5 0.27826 101.273 337.692 -350.775 46650.7 5163.46 -0.27826
-134.769 -340.489 351.685 48180 -38258.2 0.278719 102.47 321.442 -351.685 44461.9 4932.54 -0.278719
-134.179 -318.169 347.311 44945.8 -38183.4 0.281067 101.807 299.896 -347.311 41555.4 5035.24 -0.281067
-131.845 -291.274 339.503 41009.8 -38044.5 0.285053 100.533 273.36 -339.503 38011.5 5404.33 -0.285053
-127.872 -260.739 331.877 36511.8 -37877.8 0.29064 99.381 242.779 -331.877 33954.5 5957.42 -0.29064
-122.48 -227.059 326.451 31546.2 -37727.1 0.29804 98.8319 208.967 -326.451 29473.7 6639.43 -0.29804
-116.486 -191.089 322.873 26228.3 -37599 0.307676 98.691 172.614 -322.873 24669.5 7370.18 -0.307676
-111.4 -153.769 322.832 20711 -37463.1 0.320084 97.2915 134.549 -322.832 19637.3 8140.61 -0.320084
-108.325 -116.453 326.101 15183.2 -37333.1 0.335761 94.7445 96.1485 -326.101 14569.2 8794.85 -0.335761
-105.632 -78.9002 327.67 9628.47 -37241.7 0.35501 93.4371 57.168 -327.67 9413.61 9261.91 -0.35501
-103.947 -42.5884 329.433 4304.9 -37250.6 0.37784 94.443 20.1775 -329.433 4479.09 9365 -0.37784
-103.628 -7.92203 331.101 -588.483 -37307.2 0.403913 96.8545 -13.4848 -331.101 -189.643 9128.58 -0.403913
-104.642 24.0405 328.19 -4999.34 -37318.6 0.43245 99.6352 -43.2665 -328.19 -4419.36 8611.51 -0.43245
-105.98 52.2736 322.748 -8897.19 -37161 0.462261 101.371 -69.072 -322.748 -8083.4 8027.94 -0.462261
-105.852 76.0643 313.363 -12136.6 -36743.4 0.492 102.101 -90.282 -313.363 -11140.7 7532.12 -0.492
-103.806 94.6257 302.809 -14661.3 -36042.8 0.520511 101.068 -106.727 -302.809 -13513.6 7269.06 -0.520511
-99.7343 108.037 294.517 -16492.3 -35067 0.547113 98.1001 -118.653 -294.517 -15227.5 7283.89 -0.547113
-93.5065 117.041 290.203 -17665.1 -33856.7 0.571681 94.1285 -125.864 -290.203 -16323.1 7504.82 -0.571681
-86.3666 121.36 288.716 -18181.9 -32447.1 0.594486 88.893 -128.621 -288.716 -16796.3 7829.94 -0.594486
-79.9845 120.878 287.648 -18045.4 -30896.5 0.615953 82.1819 -127.166 -287.648 -16661.4 8114.87 -0.615953
-74.251 115.854 285.41 -17269.9 -29289.5 0.636525 75.7885 -121.519 -285.41 -15943.6 8209.06 -0.636525
-69.459 106.844 282.363 -15900.6 -27699.2 0.65654 70.6177 -111.776 -282.363 -14688.6 8018.12 -0.65654
-65.8894 94.0304 280.135 -13993.3 -26164.1 0.676107 66.721 -98.565 -280.135 -12954.2 7533.25 -0.676107
-62.7645 77.9186 280.291 -11628.9 -24657.8 0.695032 64.0868 -82.3751 -280.291 -10798.8 6838.07 -0.695032
-59.5425 59.1644 284.158 -8885.26 -23114.3 0.712868 61.8262 -63.4725 -284.158 -8273.55 6066.31 -0.712868
-55.3709 38.0777 289.732 -5818.02 -21438.9 0.729039 59.2346 -42.3116 -289.732 -5429.51 5341.87 -0.729039
-50.1834 14.221 297.246 -2392.74 -19583.1 0.743003 55.4187 -18.7973 -297.246 -2226.68 4750.53 -0.743003
-44.2243 -11.9921 309.347 1261.1 -17555 0.754397 50.6578 6.35353 -309.347 1306.35 4226.88 -0.754397
-37.5897 -39.736 326.871 5104.27 -15365.8 0.763066 46.092 32.4956 -326.871 5003.37 3609.48 -0.763066
-28.6465 -66.7225 342.644 9016.4 -12700.7 0.768897 38.9317 58.165 -342.644 8460.07 3203.64 -0.768897
-16.6331 -92.2647 351.219 12840.1 -9454.31 0.771646 28.8901 83.0291 -351.219 11690.7 3050.98 -0.771646
-2.05158 -115.774 353.55 16449 -5665.43 0.771022 16.7545 106.527 -353.55 14660.2 3009.23 -0.771022
13.5007 -136.696 354.022 19727.4 -1459.61 0.76684 3.47077 128.237 -354.022 17348 2847.52 -0.76684
28.1522 -154.336 354.286 22512 2880.67 0.758974 -9.33661 147.36 -354.286 19708.4 2359.32 -0.758974
41.4946 -167.916 354.928 24621.4 7175.07 0.747203 -20.8443 162.592 -354.928 21631.4 1552.73 -0.747203
53.3373 -177.336 354.96 26012 11266.2 0.731176 -30.0922 173.14 -354.96 23035.8 424.239 -0.731176
65.321 -182.226 356.846 26634.5 15318.9 0.71041 -38.1684 178.72 -356.846 23879.3 -809.165 -0.71041
76.0875 -183.109 360.297 26646.6 19171.4 0.684265 -46.1069 180.045 -360.297 24177.1 -2030.84 -0.684265
87.3472 -179.634 363.557 25981.8 23100 0.651981 -56.2878 176.66 -363.557 23882.8 -2945.17 -0.651981
99.3129 -172.644 368.411 24804.7 27005.4 0.612786 -67.1845 169.418 -368.411 23069.3 -3636.24 -0.612786
111.021 -162.238 369.039 23170.7 30825.7 0.566194 -78.423 158.657 -369.039 21741.2 -4230.68 -0.566194
123.217 -147.959 365.145 20972.1 34671.7 0.512243 -89.8618 144.064 -365.145 19898.8 -4755.74 -0.512243
135.7 -130.918 363.864 18412.5 38452.8 0.451339 -99.6933 126.635 -363.864 17634.1 -5399.19 -0.451339
147.941 -111.848 365.852 15654.7 42149.7 0.38393 -108.229 107.691 -365.852 15071.8 -6171.82 -0.38393
159.901 -89.9974 367.747 12583.5 45878.4 0.310264 -117.296 87.0408 -367.747 12195.1 -6940.42 -0.310264
171.107 -65.6108 369.19 9218.85 49645.4 0.230348 -127.386 64.8066 -369.19 9035.1 -7709.56 -0.230348
182.309 -39.4012 372.214 5710.27 53467.4 0.144136 -138.141 41.8827 -372.214 5667.37 -8439.55 -0.144136
194.07 -12.3322 375.428 2243.31 57323.8 0.0517133 -149.059 19.2614 -375.428 2179.65 -9101.95 -0.0517133
206.571 15.9917 374.561 -1380.29 61201.5 -0.046681 -159.99 -4.65847 -374.561 -1508.93 -9682.78 0.046681
219.217 44.3726 370.944 -5082.9 65065.4 -0.150719 -170.756 -29.1165 -370.944 -5202 -10254.5 0.150719
231.262 73.5401 367.28 -8898.54 68910.3 -0.260054 -181.699 -54.2238 -367.28 -8982.98 -10866.6 0.260054
241.874 103.199 365.07 -12817.2 72697.5 -0.374404 -192.738 -79.9025 -365.07 -12809.9 -11606.9 0.374404
251.101 132.79 364.641 -16794.8 76391.4 -0.493654 -203.329 -106.071 -364.641 -16637.2 -12508.6 0.493654
259.529 162.14 363.293 -20798.6 79967.4 -0.617891 -213.222 -132.633 -363.293 -20459.7 -13502.7 0.617891
267.372 190.749 360.233 -24754 83399.3 -0.74727 -221.927 -159.137 -360.233 -24218.7 -14602.6 0.74727
274.743 218.388 355.187 -28623.4 86684.5 -0.881817 -229.779 -185.268 -355.187 -27875.5 -15743.9 0.881817
281.616 244.968 348.527 -32360.2 89853.2 -1.02142 -237.585 -210.774 -348.527 -31428.9 -16847.6 1.02142
288.356 269.786 340.94 -35897.4 92910.2 -1.16591 -245.236 -235.554 -340.94 -34833 -17882 1.16591
295.475 292.08 334.04 -39153.1 95876.3 -1.31504 -252.587 -259.019 -334.04 -37981.2 -18814.7 1.31504
303.141 311.635 327.104 -42075.8 98759.4 -1.4685 -259.741 -280.822 -327.104 -40846.2 -19616.7 1.4685
311.265 327.997 319.947 -44566.7 101568 -1.62592 -266.974 -300.067 -319.947 -43337.8 -20271 1.62592
319.6 340.98 312.668 -46538.6 104311 -1.78683 -274.572 -315.689 -312.668 -45368.1 -20779.8 1.78683
327.738 350.449 305.623 -47927.4 106984 -1.95069 -282.795 -326.928 -305.623 -46875.9 -21159.6 1.95069
335.625 356.249 299.126 -48695 109573 -2.11689 -291.261 -333.283 -299.126 -47807.8 -21457.6 2.11689
343.11 358.392 293.435 -48836.3 112057 -2.28476 -299.586 -334.598 -293.435 -48149.3 -21726 2.28476
349.998 356.941 289.089 -48384.5 114409 -2.4536 -307.354 -331.124 -289.089 -47910.8 -22022.4 2.4536
356.189 351.789 286.096 -47382.6 116613 -2.62277 -314.36 -323.443 -286.096 -47116.2 -22374.3 2.62277
361.584 343.112 284.598 -45913.2 118655 -2.79172 -320.596 -312.522 -284.598 -45842.7 -22781.4 2.79172
366.345 330.823 283.713 -44033 120527 -2.96005 -325.925 -299.246 -283.713 -44145.2 -23233.6 2.96005
370.747 315.273 283.033 -41802.6 122227 -3.1274 -330.286 -284.204 -283.033 -42094.6 -23699 3.1274
374.65 296.943 282.411 -39259.1 123759 -3.29347 -334.102 -267.459 -282.411 -39729.4 -24144 3.29347
378.026 276.177 282.542 -36435.8 125136 -3.45797 -337.621 -249.035 -282.542 -37068.6 -24549.4 3.45797
381.212 253.401 282.439 -33350.3 126357 -3.62059 -340.729 -228.885 -282.439 -34147 -24882.8 3.62059
384.356 229.23 282.914 -30054.6 127418 -3.78099 -343.252 -206.959 -282.914 -30991.9 -25144.7 3.78099
387.308 204.133 285.387 -26651.5 128314 -3.9388 -345.345 -183.984 -285.387 -27668.3 -25325.2 3.9388
390.325 177.748 289.247 -23069.7 129079 -4.09357 -347.192 -159.758 -289.247 -24167.9 -25397.3 4.09357
392.774 151.332 293.693 -19435.6 129699 -4.24482 -349.459 -134.739 -293.693 -20604.5 -25345.5 4.24482
394.473 125.142 297.006 -15745.6 130156 -4.3919 -352.118 -108.688 -297.006 -16983.9 -25184 4.3919
395.375 99.562 299.571 -12021.9 130425 -4.53407 -354.493 -81.5648 -299.571 -13332.2 -24987.2 4.53407
395.657 75.9855 301.767 -8433.87 130485 -4.67053 -356.121 -54.7803 -301.767 -9872.4 -24775.3 4.67053
394.767 54.5201 304.424 -5088.99 130304 -4.80046 -356.805 -29.337 -304.424 -6652.62 -24617.1 4.80046
392.682 35.4996 307.398 -2143.81 129856 -4.92313 -356.253 -7.21476 -307.398 -3840.05 -24533 4.92313
389.912 19.3976 309.314 274.181 129115 -5.03785 -353.9 10.3132 -309.314 -1551.61 -24507.2 5.03785
386.332 6.98186 308.233 2092.06 128057 -5.14408 -350.009 23.0678 -308.233 153.045 -24500.3 5.14408
381.518 -0.981466 304.795 3243.91 126696 -5.24134 -345.406 31.0385 -304.795 1231.08 -24467.3 5.24134
375.492 -3.99362 300.237 3690.48 125064 -5.32929 -340.61 34.2851 -300.237 1660.36 -24362.8 5.32929
368.76 -1.87028 295.739 3422.18 123192 -5.40767 -335.551 32.8613 -295.739 1432.22 -24155.3 5.40767
361.648 5.25987 291.732 2448.04 121089 -5.47628 -330.004 26.7556 -291.732 554.129 -23837.3 5.47628
354.653 16.9734 287.907 787.493 118752 -5.5349 -323.493 15.8148 -287.907 -955.497 -23404.6 5.5349
347.95 32.8392 283.704 -1524.29 116190 -5.58325 -316.012 0.0419451 -283.704 -3070.98 -22843.6 5.58325
341.131 52.6033 280.179 -4435.7 113443 -5.62097 -308.334 -20.2 -280.179 -5757.56 -22139.5 5.62097
333.533 75.4981 277.18 -7833.03 110519 -5.64765 -301.115 -44.0137 -277.18 -8896.01 -21303.5 5.64765
325.068 100.959 274.534 -11610.8 107410 -5.66287 -294.204 -70.63 -274.534 -12405.1 -20361.2 5.66287
315.7 128.021 270.932 -15606.2 104061 -5.66619 -286.701 -98.8735 -270.932 -16148.2 -19388.7 5.66619
305.384 155.951 266.668 -19704.5 100436 -5.65719 -277.967 -127.813 -266.668 -20007 -18447.8 5.65719
294.425 184.483 263.061 -23874.3 96524.7 -5.63552 -267.247 -156.948 -263.061 -23905.6 -17586.4 5.63552
282.002 212.084 258.57 -27921.5 92307.2 -5.60093 -254.909 -185.007 -258.57 -27646 -16851.8 5.60093
268.672 239.002 252.507 -31876.9 87829.2 -5.55337 -241.415 -212.132 -252.507 -31251 -16147.5 5.55337
255.187 264.036 245.373 -35523.9 83202.2 -5.49306 -227.603 -237.125 -245.373 -34601.8 -15361.7 5.49306
241.633 286.391 238.621 -38747.7 78499.7 -5.42041 -213.97 -259.123 -238.621 -37581.9 -14484.2 5.42041
228.495 305.053 233.343 -41453.1 73785.2 -5.33588 -200.497 -277.855 -233.343 -40106.9 -13511.5 5.33588
216.229 319.842 229.163 -43605.7 69085.9 -5.2398 -187.097 -293.169 -229.163 -42165 -12420.3 5.2398
204.185 330.684 225.554 -45191.7 64406.3 -5.13233 -174.411 -304.673 -225.554 -43704 -11216.8 5.13233
191.913 337.45 221.854 -46147.3 59759.5 -5.01355 -162.827 -311.771 -221.854 -44687.2 -9923.79 5.01355
179.355 340.139 219.634 -46465.1 55119.6 -4.88352 -151.489 -314.372 -219.634 -45108.9 -8641.13 4.88352
166.488 339.016 219.272 -46175.5 50451.8 -4.74231 -139.588 -312.549 -219.272 -44986.2 -7450.61 4.74231
152.975 333.825 218.672 -45299 45712 -4.59003 -126.806 -306.649 -218.672 -44311 -6401.83 4.59003
139.092 324.642 218.348 -43866.1 40942.8 -4.4269 -113.257 -297.082 -218.348 -43120.6 -5482.19 4.4269
125.088 311.555 218.359 -41940.1 36165.8 -4.2534 -98.8986 -284.551 -218.359 -41462.6 -4684.45 4.2534
110.931 294.762 219.4 -39561.7 31448.4 -4.07028 -84.5951 -269.431 -219.4 -39376.4 -3959.26 4.07028
96.6857 274.675 222.191 -36743.7 26863.5 -3.87848 -71.206 -251.726 -222.191 -36907.9 -3249.75 3.87848
82.304 251.755 226.071 -33523.6 22434.3 -3.67906 -59.16 -231.329 -226.071 -34068.7 -2526.71 3.67906
68.1521 226.414 230.568 -29926.1 18156.1 -3.47306 -47.8939 -208.076 -230.568 -30868.3 -1813.48 3.47306
54.1251 198.804 234.983 -25971 13998.4 -3.26146 -37.0564 -182.144 -234.983 -27333 -1143.53 3.26146
41.0056 169.692 241.369 -21752.3 9996.52 -3.04515 -26.0116 -154.117 -241.369 -23558.2 -531.135 3.04515
28.1744 139.403 250.325 -17404 6118.04 -2.82504 -14.8559 -125.002 -250.325 -19596.1 -16.8958 2.82504
15.6726 108.353 263.74 -12964 2460.2 -2.60211 -4.70404 -95.4075 -263.74 -15551.7 463.606 2.60211
4.73996 77.2107 282.9 -8549.69 -1010.4 -2.37735 4.25147 -65.6974 -282.9 -11452.3 1143.63 2.37735
-4.46172 45.9188 309.838 -4270.86 -4287.21 -2.15168 11.2547 -36.1724 -309.838 -7221.46 2144.34 2.15168
-12.9129 14.3795 342.364 -267.54 -7391.39 -1.92569 17.1734 -6.72924 -342.364 -2690.68 3226.99 1.92569
-23.2478 -17.2239 378.414 3484.81 -10615.3 -1.69955 25.673 23.1586 -378.414 2163.81 3802.23 1.69955
-36.6731 -46.3996 390.937 6992.62 -13993.6 -1.47318 37.3612 50.5041 -390.937 6568.69 3650.25 1.47318
-51.1786 -73.1484 383.1 10326.3 -17362 -1.24682 50.3718 74.5958 -383.1 10352.2 3152.22 1.24682
-65.4817 -98.1995 370.529 13555.8 -20814.6 -1.02139 64.2255 96.6673 -370.529 13718.6 2650.53 1.02139
-78.0018 -121.435 363.247 16590.7 -24181.5 -0.798329 76.9859 116.819 -363.247 16756.6 2466.47 0.798329
-88.0637 -143.245 365.955 19496.6 -27362.3 -0.579132 87.4499 135.545 -365.955 19525 2760.81 0.579132
-95.7319 -162.407 374.303 22134.4 -30334.2 -0.364927 95.5999 152.739 -374.303 21977.1 3504 0.364927
-101.387 -178.439 380.825 24370.2 -33009.2 -0.156306 101.051 167.387 -380.825 24036.9 4609.74 0.156306
-105.386 -190.77 380.194 26139.8 -35375 0.0466457 104.684 179.328 -380.194 25664.8 5894.51 -0.0466457
-108.959 -199.935 373.512 27424.2 -37544.7 0.244258 107.806 187.882 -373.512 26859.6 7117.13 -0.244258
-112.795 -205.906 363.617 28232 -39597.3 0.437075 111.367 193.071 -363.617 27612.5 8127.13 -0.437075
-116.81 -209.067 355.135 28600 -41599.9 0.625559 116.548 194.976 -355.135 27952.1 8836.22 -0.625559
-122.018 -210.043 351.518 28565.6 -43598.5 0.809849 122.789 193.392 -351.518 27900.7 9225.74 -0.809849
-127.288 -208.67 350.935 28151.6 -45501.7 0.98966 129.81 188.87 -350.935 27489.2 9401.71 -0.98966
-133.176 -205.161 351.887 27404.3 -47237.6 1.16436 135.788 181.939 -351.887 26775.4 9470.53 -1.16436
-138.793 -200.3 351.544 26443.8 -48688.7 1.33318 140.019 173.331 -351.544 25850.7 9538.17 -1.33318
-143.305 -194.385 349.011 25365.2 -49819.5 1.49549 142.586 163.983 -349.011 24792.4 9674.89 -1.49549
-146.688 -187.491 345.581 24274.8 -50658.3 1.65085 143.731 155.351 -345.581 23709 9877.89 -1.65085
-150.202 -180.393 342.537 23230.1 -51282.7 1.79899 143.141 147.595 -342.537 22674.4 10091.7 -1.79899
-152.919 -173.906 340.533 22299.1 -51762 1.93974 142.709 140.811 -340.533 21747.6 10249.9 -1.93974
-156.691 -168.029 339.592 21504.4 -52164.2 2.07288 141.505 135.355 -339.592 20955.9 10291.6 -2.07288
-161.084 -162.81 339.557 20853.6 -52548.6 2.19823 140.672 131.308 -339.557 20309.7 10176.8 -2.19823
-164.839 -158.19 340.164 20335.7 -52944.7 2.3156 141.626 128.592 -340.164 19800.8 9912.95 -2.3156
-169.442 -153.787 341.027 19917.5 -53340.9 2.4248 142.331 127.123 -341.027 19397.2 9565.55 -2.4248
-174.216 -148.994 341.561 19551.7 -53709.9 2.5257 142.68 126.796 -341.561 19046.4 9217.16 -2.5257
-177.855 -143.753 341.558 19159.8 -54044.2 2.61826 143.455 126.556 -341.558 18671.2 8933.42 -2.61826
-180.74 -137.483 340.954 18650.6 -54338.2 2.7026 143.847 125.692 -340.954 18181.7 8768.71 -2.7026
-183.287 -129.813 339.8 17932.2 -54599.1 2.77894 143.314 123.268 -339.8 17487.2 8747.63 -2.77894
-184.117 -121.022 338.448 16932.4 -54851.6 2.84758 143.455 117.957 -338.448 16513.2 8863.48 -2.84758
-183.235 -110.467 337.158 15603.1 -55104.4 2.90875 144.322 109.674 -337.158 15205.7 9117.33 -2.90875
-181.119 -98.1649 336.917 13949.7 -55342.1 2.96265 145.158 98.2359 -336.917 13536.3 9532.24 -2.96265
-178.641 -84.1259 337.368 11992.9 -55560.5 3.00954 145.345 84.1685 -337.368 11559.2 10068.5 -3.00954
-176.393 -68.2584 336.087 9765.23 -55730.3 3.04971 144.365 67.9462 -336.087 9295.41 10687.9 -3.04971
-174.982 -51.115 334.732 7302.87 -55927.6 3.08351 142.816 49.6142 -334.732 6792.53 11297.6 -3.08351
-174.412 -33.769 333.407 4742.99 -56218.7 3.11133 142.004 30.1084 -333.407 4194.54 11780.1 -3.11133
-175.368 -16.6125 330.971 2150.32 -56636.3 3.13358 141.995 9.90614 -330.971 1558.48 12064.2 -3.13358
-177.77 -0.572902 330.316 -325.097 -57245.7 3.15052 143.624 -9.39864 -330.316 -912.912 12107.7 -3.15052
-181.534 14.3939 329.06 -2591.14 -58001.3 3.16219 146.496 -27.0041 -329.06 -3205.57 11933.2 -3.16219
-186.824 27.1288 325.782 -4497 -58839.5 3.16828 149.437 -41.5782 -325.782 -5121.7 11619.6 -3.16828
-193.629 37.2792 321.975 -5971.78 -59761.6 3.16813 152.04 -52.6353 -321.975 -6614.89 11225.5 -3.16813
-201.436 44.2952 319.012 -6968.73 -60776.2 3.16088 154.443 -59.9583 -319.012 -7624.6 10810.9 -3.16088
-208.678 47.7577 317.838 -7462.84 -61901.9 3.14564 158.104 -63.6845 -317.838 -8136.49 10409.1 -3.14564
-215.393 47.3753 318.833 -7438.56 -63135.5 3.12167 162.625 -63.8571 -318.833 -8131.44 10066.6 -3.12167
-221.356 43.1542 321.591 -6881.28 -64446.1 3.08843 167.605 -60.2496 -321.591 -7593.18 9840.38 -3.08843
-225.904 35.2694 325.272 -5792.66 -65793.5 3.04573 173.065 -52.7673 -325.272 -6531.22 9780.25 -3.04573
-230.014 23.5934 329.501 -4197.1 -67128.3 2.9936 177.327 -41.6434 -329.501 -4935.95 9935.39 -2.9936
-233.597 8.39897 333.95 -2120.01 -68451.8 2.93235 180.688 -27.241 -333.95 -2870.83 10278.1 -2.93235
-236.463 -10.2004 338.551 388.551 -69772.1 2.86255 183.705 -9.96663 -338.551 -358.605 10765.3 -2.86255
-238.408 -31.3402 346.305 3272.44 -71159.6 2.78501 187.59 9.76797 -346.305 2478.45 11324.1 -2.78501
-239.769 -54.5371 354.322 6458.18 -72578.4 2.70076 192.08 32.0537 -354.322 5658.94 11910.3 -2.70076
-241.401 -78.7638 361.401 9860.61 -74013.4 2.61098 196.454 56.2798 -361.401 9038.85 12491.3 -2.61098
-243.896 -103.545 366.846 13363.9 -75424.4 2.51682 199.888 81.4471 -366.846 12527.6 13060.1 -2.51682
-247.275 -128.73 369.794 16885.9 -76806.9 2.41935 202.609 106.688 -369.794 16064.5 13578.6 -2.41935
-250.68 -153.989 372.166 20414.5 -78191.9 2.3195 205.869 131.627 -372.166 19563.1 14020.8 -2.3195
-253.809 -177.81 375.405 23795.2 -79616 2.21809 210.132 155.63 -375.405 22877.6 14399.5 -2.21809
-256.924 -200.323 379.748 27066.6 -81041.8 2.11582 214.979 179.223 -379.748 26061.2 14699.2 -2.11582
-260.628 -220.83 382.328 30065.4 -82435.8 2.0133 219.59 201.034 -382.328 28987 14919.3 -2.0133
-265.063 -238.729 382.217 32701.8 -83765 1.91114 223.302 220.387 -382.217 31565.7 15101 -1.91114
-270.221 -253.646 380.218 34920.4 -85031.6 1.80997 225.933 236.887 -380.218 33745 15272.7 -1.80997
-275.414 -265.057 377.9 36649 -86274.1 1.71035 228.465 250.074 -377.9 35459.4 15429.4 -1.71035
-280.042 -272.906 375.807 37863.7 -87519.4 1.61286 231.8 259.598 -375.807 36676.4 15555.7 -1.61286
-283.568 -277.236 373.969 38529.9 -88766.4 1.51807 236.337 264.912 -373.969 37360 15669.7 -1.51807
-286.318 -277.623 371.824 38630.9 -89975 1.42658 241.152 266.182 -371.824 37490.5 15815.5 -1.42658
-288.482 -273.986 368.849 38162.8 -91096.6 1.33895 245.345 263.393 -368.849 37058.4 16044.6 -1.33895
-290.514 -266.255 365.066 37115.6 -92104 1.25572 248.087 256.49 -365.066 36056.3 16382.1 -1.25572
-291.716 -254.266 360.429 35501.8 -92982.9 1.1774 250.063 245.86 -360.429 34502.8 16815.9 -1.1774
-291.15 -237.855 355.479 33333.7 -93743.1 1.10454 252.569 231.964 -355.479 32427.7 17305.1 -1.10454
-288.517 -217.096 349.853 30627.3 -94354.4 1.03774 255.885 215.064 -349.853 29861.7 17822.8 -1.03774
-284.745 -192.687 344.398 27444 -94749.9 0.977613 258.374 195.088 -344.398 26831.5 18400.3 -0.977613
-280.082 -164.689 338.727 23724.5 -94856 0.924706 258.787 170.968 -338.727 23255.1 19104.5 -0.924706
-274.052 -133.673 333.079 19513.1 -94643.2 0.879503 257.566 142.512 -333.079 19141.7 19910.6 -0.879503
-267.622 -100.665 326.791 14923 -94139.9 0.842423 255.087 110.506 -326.791 14631.4 20660 -0.842423
-261.155 -65.3344 320.364 9889.09 -93379.3 0.813788 251.709 74.8392 -320.364 9728.21 21284.7 -0.813788
-254.825 -28.4889 313.863 4538.08 -92405.6 0.793753 248.289 36.4241 -313.863 4545.92 21684.1 -0.793753
-249.213 7.90901 309.302 -897.913 -91257 0.782312 244.781 -2.90433 -309.302 -616.256 21819.5 -0.782312
-244.232 43.1705 302.704 -6234.18 -89893.5 0.779294 241.234 -42.4634 -302.704 -5750.93 21660.9 -0.779294
-239.494 75.5192 295.664 -11185.8 -88302.1 0.784296 237.59 -79.9579 -295.664 -10573.3 21255.6 -0.784296
-234.177 104.319 287.01 -15636.8 -86427.2 0.796651 233.82 -113.997 -287.01 -14915.5 20668.3 -0.796651
-227.113 128.587 277.575 -19424.6 -84213.3 0.815477 229.857 -143.122 -277.575 -18598.4 20015.1 -0.815477
-218.306 147.882 268.543 -22389.4 -81597.5 0.839783 224.502 -165.653 -268.543 -21485.3 19398.5 -0.839783
-207.438 161.634 258.802 -24450.5 -78467.8 0.868582 216.583 -180.82 -258.802 -23469.2 18916 -0.868582
-193.722 169.029 248.776 -25497 -74811.6 0.900992 206.659 -188.26 -248.776 -24496.8 18586.5 -0.900992
-177.963 169.849 239.314 -25490.2 -70663.8 0.936318 194.517 -187.903 -239.314 -24566.8 18361 -0.936318
-161.054 164.403 231.418 -24512.5 -66067.1 0.974053 180.125 -180.387 -231.418 -23729.6 18160.6 -0.974053
-142.603 153.037 226.15 -22642.7 -61102.5 1.01378 165.183 -166.443 -226.15 -22057.4 17883 -1.01378
-122.515 136.207 223.507 -19990.2 -55812.9 1.05505 150.67 -147.111 -223.507 -19650.1 17447.8 -1.05505
-101.779 114.751 222.747 -16672.2 -50197.9 1.09723 135.855 -123.179 -222.747 -16617.8 16819.4 -1.09723
-81.8317 89.964 223.987 -12856.7 -44233.6 1.13951 118.988 -95.338 -223.987 -13070.3 16018.2 -1.13951
-63.5226 62.9218 227.422 -8703.27 -37970 1.18082 99.9654 -64.7703 -227.422 -9163.73 14990.2 -1.18082
-46.317 34.6388 233.36 -4382.91 -31510.3 1.21993 80.5706 -32.716 -233.36 -5042.37 13664.4 -1.21993
-30.7721 6.48697 245.258 -178.874 -25148.1 1.2554 63.0095 -0.846572 -245.258 -848.506 11947.4 -1.2554
-19.8042 -19.6162 273.461 3564.54 -19466 1.28556 49.7429 28.8073 -273.461 3210.69 9669.03 -1.28556
-12.3218 -44.8573 306.871 6963.4 -14158.2 1.30866 39.6784 57.0602 -306.871 7299.35 6835.57 -1.30866
-7.10331 -69.1907 345.567 10129.5 -9100.56 1.32308 32.7507 83.1939 -345.567 11198.8 3504.64 -1.32308
0.897024 -93.5255 398.946 13562.8 -3496.32 1.32699 22.9821 108.119 -398.946 14664.2 422.855 -1.32699
14.7867 -114.967 449.466 16831.6 3044.37 1.3177 6.44858 129.308 -449.466 17367 -1814.04 -1.3177
36.1266 -130.437 470.278 19288.2 10598.2 1.29193 -17.3316 143.997 -470.278 19134.3 -3004.76 -1.29193
63.1682 -139.428 457.344 20773.6 18777 1.24718 -46.4023 152.094 -457.344 20039.3 -3290.87 -1.24718
92.5258 -142.265 426.257 21330.6 27114.4 1.18291 -77.0859 154.467 -426.257 20207.6 -3197.95 -1.18291
120.159 -139.555 397.217 21076.7 35250.2 1.10079 -105.765 151.819 -397.217 19707.8 -3431 -1.10079
143.934 -131.936 384.917 20049.9 43017.5 1.0034 -129.883 144.316 -384.917 18616.2 -4468.31 -1.0034
162.969 -119.96 391.994 18376.1 50289.7 0.892489 -148.433 132.182 -391.994 16915.7 -6439.63 -0.892489
177.784 -103.91 408.283 16083.2 57019.3 0.768177 -162.012 115.637 -408.283 14647.2 -9144.69 -0.768177
190.04 -83.7779 423.913 13230.4 63290.3 0.62936 -172.642 94.7775 -423.913 11762.5 -12159.5 -0.62936
201.185 -60.3887 425.537 9900.01 69191.6 0.474561 -183.233 70.7984 -425.537 8461.26 -14978.7 -0.474561
212.303 -33.9955 413.728 6142.18 74840.7 0.302607 -195.216 43.975 -413.728 4768.34 -17371.9 -0.302607
224.242 -6.03138 395.958 2079.8 80328.3 0.112919 -208.675 15.1583 -395.958 881.468 -19293.3 -0.112919
237.353 22.7135 379.517 -2150.9 85678.3 -0.0945453 -222.864 -15.0699 -379.517 -3143.21 -20813.7 0.0945453
251.171 52.0585 370.184 -6451.22 90870.4 -0.319396 -237.073 -46.3716 -370.184 -7331.97 -22068.1 0.319396
265.105 80.554 367.982 -10625 95838 -0.5609 -250.708 -76.8156 -367.982 -11408.7 -23154.1 0.5609
278.27 107.846 368.373 -14550.9 100501 -0.818084 -263.998 -105.516 -368.373 -15321 -24088.5 0.818084
289.709 133.209 365.158 -18126 104750 -1.08977 -276.948 -131.49 -365.158 -18932.1 -24905.8 1.08977
299.519 155.879 357.444 -21278.1 108539 -1.37454 -288.742 -154.195 -357.444 -22131.1 -25662.2 1.37454
308.229 175.447 346.277 -23974.2 111859 -1.67066 -298.516 -173.726 -346.277 -24906.5 -26395.7 1.67066
315.846 191.374 334.03 -26159.7 114744 -1.97625 -306.238 -189.752 -334.03 -27191.7 -27139 1.97625
322.484 203.671 323.099 -27841.3 117253 -2.2894 -312.285 -202.225 -323.099 -28975.2 -27878.4 2.2894
327.67 212.193 314.578 -28994.2 119430 -2.60835 -317.579 -210.897 -314.578 -30227.2 -28591.3 2.60835
330.947 216.997 307.723 -29612.8 121270 -2.9316 -322.802 -215.655 -307.723 -30945.7 -29243.7 2.9316
332.869 218.371 301.488 -29726 122789 -3.258 -327.594 -216.56 -301.488 -31150.5 -29825.8 3.258
333.607 216.589 295.469 -29368.9 124006 -3.58669 -331.983 -213.794 -295.469 -30869.8 -30330 3.58669
333.618 211.756 289.504 -28585.6 124920 -3.91685 -335.438 -207.795 -289.504 -30135.8 -30765.3 3.91685
333.901 203.931 283.742 -27401 125522 -4.24743 -336.868 -198.816 -283.742 -28967.6 -31135.6 4.24743
333.415 193.224 278.322 -25831.7 125776 -4.57704 -337.236 -187.243 -278.322 -27417.8 -31415.9 4.57704
331.807 179.421 273.37 -23869 125628 -4.90381 -336.64 -173.354 -273.37 -25504.2 -31586 4.90381
329.045 162.562 269.334 -21536.7 125024 -5.2254 -335.006 -157.522 -269.334 -23261.1 -31607.2 5.2254
325.245 142.834 266.858 -18818.9 123958 -5.53921 -332.324 -139.407 -266.858 -20683 -31455.7 5.53921
320.424 121.081 265.133 -15767.2 122407 -5.84255 -328.5 -118.678 -265.133 -17789.9 -31122.1 5.84255
314.586 97.9272 263.905 -12445.8 120372 -6.1328 -323.693 -95.6278 -263.905 -14645.8 -30585.2 6.1328
307.772 73.5722 262.472 -8891.19 117834 -6.40745 -317.605 -70.6757 -262.472 -11300.7 -29863 6.40745
300.085 48.3781 260.568 -5175.6 114772 -6.66412 -309.7 -44.3074 -260.568 -7801.16 -28996.3 6.66412
291.675 22.9702 260.304 -1384.31 111219 -6.90058 -299.847 -17.4183 -260.304 -4274.76 -28009.3 6.90058
282.678 -1.8718 261.091 2334.23 107198 -7.11482 -288.174 8.92254 -261.091 -831.529 -26891.2 7.11482
271.992 -25.9431 261.123 5891.24 102736 -7.30506 -276.14 33.8513 -261.123 2467.77 -25621.2 7.30506
259.827 -48.351 260.885 9147.17 97866.5 -7.4697 -263.664 56.1611 -260.885 5469.01 -24214.9 7.4697
246.754 -68.8048 261.4 12003.2 92617.2 -7.60727 -250.158 75.3216 -261.4 8156.12 -22699.7 7.60727
232.186 -86.9036 261.553 14449 86972.4 -7.71637 -235.828 91.3676 -261.553 10488.1 -21115.1 7.71637
215.682 -102.239 260.715 16472 80916.4 -7.79568 -220.64 104.399 -260.715 12434.4 -19512.6 7.79568
197.082 -114.421 258.558 18086.3 74442.2 -7.84414 -204.481 115.112 -258.558 14023.5 -17924.1 7.84414
176.428 -123.008 255.339 19255.3 67545.9 -7.86096 -186.941 123.431 -255.339 15220 -16395.7 7.86096
154.204 -127.764 252.26 19950.4 60249.6 -7.84587 -167.464 129.024 -252.26 15972.7 -14958.2 7.84587
131.144 -128.73 249.469 20149.1 52604.5 -7.79907 -145.951 131.771 -249.469 16293.6 -13573.4 7.79907
107.031 -125.866 246.349 19818.9 44687 -7.72124 -123.647 131.071 -246.349 16124.9 -12174.8 7.72124
82.8858 -119.482 242.524 18926.6 36586 -7.6134 -100.682 126.259 -242.524 15450.5 -10690.5 7.6134
60.3252 -110.048 238.14 17486.6 28395.7 -7.47685 -76.584 117.022 -238.14 14277.9 -9054.17 7.47685
39.8194 -97.6349 236.174 15549.4 20325.3 -7.31305 -52.9397 104.094 -236.174 12669.6 -7184.81 7.31305
20.3593 -82.2986 238.497 13189.1 12489.5 -7.12366 -31.7277 88.4915 -238.497 10701.4 -5061.11 7.12366
2.95131 -64.3606 248.364 10526 5100.77 -6.91063 -13.6236 71.1212 -248.364 8424.83 -2660.11 6.91063
-9.27529 -44.4303 284.957 7700.43 -1433.77 -6.67643 -0.333387 52.4201 -284.957 5845.97 291.635 6.67643
-12.5026 -21.2657 366.67 4885.74 -6967.97 -6.42373 4.26633 30.2569 -366.67 2318.37 4718.84 6.42373
-18.5639 0.340704 436.136 2225.24 -12722.6 -6.15311 14.2443 9.06887 -436.136 -1012.78 8196.76 6.15311
-31.9234 20.6338 458.766 -341.809 -19027.1 -5.86116 32.4528 -11.4146 -458.766 -4156.7 10035.8 5.86116
-54.0611 39.8732 429.44 -2919.93 -25913.8 -5.54311 56.2392 -31.2051 -429.44 -7043.15 10450 5.54311
-79.6657 57.6736 370.64 -5429.21 -32796.8 -5.19784 82.0737 -50.0164 -370.64 -9656.41 10103.8 5.19784
-106.291 75.6031 332.732 -8102.53 -39929.9 -4.8287 108.114 -69.297 -332.732 -12188.5 9843.85 4.8287
-131.119 93.3994 332.118 -10865.9 -47166 -4.44039 132.067 -88.906 -332.118 -14660.2 10223.3 4.44039
-152.45 110.547 364.283 -13612.3 -54488.3 -4.03684 154.686 -108.017 -364.283 -16992 11347.7 4.03684
-169.045 124.392 398.163 -15806.5 -61383.6 -3.62129 174.031 -122.906 -398.163 -18823.9 13158.8 3.62129
-180.696 133.623 409.68 -17270.8 -67423.6 -3.19646 188.553 -132.686 -409.68 -20022.3 15492.4 3.19646
-189.217 138.433 393.925 -18022.6 -72552.7 -2.76388 198.022 -137.179 -393.925 -20570.3 18082.5 2.76388
-197.133 139.362 365.24 -18131.9 -77109.1 -2.32362 204.655 -136.729 -365.24 -20523.7 20597.8 2.32362
-205.296 136.753 339.167 -17761.3 -81410.3 -1.87502 211.978 -132.736 -339.167 -19966.4 22730.9 1.87502
-213.821 130.912 327.262 -16993.8 -85708.8 -1.41751 222.928 -126.21 -327.262 -19001.2 24293.9 1.41751
-223.115 121.974 329.652 -15862.9 -89955.3 -0.951212 236.22 -118.073 -329.652 -17742.3 25356.8 0.951212
-232.593 110.311 337.336 -14407.7 -93937.5 -0.477267 250.036 -108.201 -337.336 -16184.2 26051.6 0.477267
-242.386 95.8328 342.826 -12596.5 -97466.6 0.00230832 262.081 -96.1368 -342.826 -14280.7 26501 -0.00230832
-251.9 78.9822 341.27 -10471.2 -100398 0.484935 271.03 -82.0378 -341.27 -12073.5 26836.2 -0.484935
-259.844 59.6334 334.752 -7971.72 -102744 0.967765 277.574 -65.2631 -334.752 -9515.99 27150.8 -0.967765
-265.264 38.664 326.78 -5143.52 -104550 1.44791 282.708 -45.429 -326.78 -6632.38 27481.1 -1.44791
-268.122 16.7252 321.458 -2023.42 -105896 1.92261 287.077 -22.5838 -321.458 -3484 27814.8 -1.92261
-269.436 -5.65056 319.894 1238.11 -106801 2.38929 290.107 1.63581 -319.894 -223.676 28108.9 -2.38929
-269.856 -28.9477 319.058 4587.55 -107243 2.84543 291.349 26.2681 -319.058 3135.39 28316 -2.84543
-269.73 -52.8965 319.552 8004.34 -107255 3.28853 291.163 51.149 -319.552 6552.98 28369.8 -3.28853
-269.169 -76.5604 319.543 11335.3 -106807 3.71611 289.626 74.9882 -319.543 9870.72 28216.6 -3.71611
-267.614 -99.1492 317.692 14490.6 -105868 4.12581 287.159 97.4375 -317.692 13018.9 27847 -4.12581
-264.512 -120.135 313.619 17442.3 -104417 4.51557 284.075 118.502 -313.619 15952.2 27272.9 -4.51557
-260.005 -139.212 308.42 20117.7 -102425 4.88369 279.599 137.61 -308.42 18620.4 26552.5 -4.88369
-253.837 -155.806 303.251 22423.6 -99856.6 5.22881 273.052 153.804 -303.251 20902.7 25779.8 -5.22881
-246.299 -170.03 298.767 24327.2 -96732 5.54984 264.28 166.861 -298.767 22816.3 24954.4 -5.54984
-237.285 -181.647 295.091 25793.7 -93092.4 5.84572 253.838 176.519 -295.091 24327 24054.1 -5.84572
-226.797 -190.633 291.53 26837.5 -88965.6 6.11531 242.04 182.814 -291.53 25421.1 23063.8 -6.11531
-215.103 -197.104 287.822 27498.5 -84406.1 6.35729 229.311 186.22 -287.822 26141.7 21941.2 -6.35729
-202.091 -200.911 283.553 27781 -79453.6 6.57025 216.128 187.079 -283.553 26511.7 20674.8 -6.57025
-188.531 -202.224 279.018 27738.7 -74132.8 6.75286 201.811 185.924 -279.018 26575.6 19276.6 -6.75286
-174.825 -201.097 274.147 27408.1 -68478 6.90394 186.241 183.251 -274.147 26373.6 17741 -6.90394
-160.623 -197.481 270.154 26787.3 -62569.6 7.02265 170.412 179.214 -270.154 25923.1 16056.8 -7.02265
-146.607 -191.631 267.769 25875.7 -56474.9 7.1085 154.221 173.724 -267.769 25247.7 14210.2 -7.1085
-132.121 -183.593 266.356 24683.9 -50206.6 7.16137 138.189 166.76 -266.356 24340.3 12233.4 -7.16137
-116.684 -173.263 266.715 23152.7 -43847.7 7.18156 123.029 157.644 -266.715 23150.6 10176.4 -7.18156
-100.274 -160.708 269.202 21286.7 -37442.5 7.16978 108.391 146.313 -269.202 21675.1 8135.77 -7.16978
-84.9212 -146.798 276.481 19205.2 -31189.5 7.12707 93.5202 133.271 -276.481 19986.3 6131.51 -7.12707
-71.7185 -133.066 290.499 17137.4 -25237.9 7.05455 78.7001 119.636 -290.499 18226.1 4121.12 -7.05455
-59.1305 -118.497 305.118 14991.3 -19498.3 6.95294 63.9671 104.981 -305.118 16283.7 2228 -6.95294
-46.5837 -103.35 318.779 12877.8 -13942.2 6.82232 49.4451 90.2967 -318.779 14222.8 486.747 -6.82232
-33.6301 -86.7775 329.513 10694.7 -8513.79 6.66223 35.0988 74.9679 -329.513 11940.9 -1091.34 -6.66223
-20.0445 -69.3947 345.561 8606.94 -3191.89 6.47191 20.8102 59.3866 -345.561 9414.75 -2479.52 -6.47191
-5.9192 -50.7548 366.084 6492.68 2182.08 6.25031 6.69746 42.5486 -366.084 6562.89 -3864.41 -6.25031
9.84778 -30.7531 394.648 4420.07 8125.29 5.99619 -9.45939 24.6272 -394.648 3326.63 -5296.34 -5.99619
32.2942 -9.21296 432.668 2028.81 15465.2 5.70863 -33.3692 5.38818 -432.668 8.41056 -6097.47 -5.70863
58.2842 14.1024 454.521 -857.503 23424.9 5.3886 -61.3056 -15.7817 -454.521 -3333.83 -6461.68 -5.3886
81.3592 36.1426 440.195 -3759.45 30812.7 5.04008 -86.9452 -35.5717 -440.195 -6288.07 -7002.52 -5.04008
98.8231 55.8686 402.803 -6448.24 37233.1 4.6683 -106.64 -53.3169 -402.803 -8843.63 -8213.11 -4.6683
111.419 73.8453 368.7 -8974.56 42921.4 4.27671 -120.478 -70.1639 -368.7 -11190.1 -10196.8 -4.27671
120.513 90.1924 353.369 -11310.1 48173.5 3.86596 -130.524 -86.2064 -353.369 -13387.2 -12754.6 -3.86596
128.44 104.545 355.284 -13440.2 53205.6 3.43511 -139.042 -101.467 -355.284 -15402.7 -15456.1 -3.43511
137.046 116.829 363.247 -15308.8 58127 2.9834 -148.476 -115.195 -363.247 -17176.4 -17818.3 -2.9834
147.608 126.679 365.503 -16817 62943.1 2.51137 -159.961 -126.41 -365.503 -18617.5 -19521.7 -2.51137
160.332 133.736 357.451 -17908.8 67595.8 2.0212 -173.276 -134.648 -357.451 -19665.7 -20517.6 -2.0212
173.791 137.673 342.43 -18561.6 72002.5 1.51631 -187.925 -139.888 -342.43 -20295.3 -20989.9 -1.51631
187.411 138.491 327.56 -18772.1 76078.7 1.00081 -201.738 -142.055 -327.56 -20500.6 -21229.9 -1.00081
200.387 136.107 318.352 -18544.6 79761.4 0.478773 -213.299 -141.275 -318.352 -20283.8 -21476.9 -0.478773
211.696 130.738 315.851 -17879.8 83018.3 -0.0462858 -222.642 -137.249 -315.851 -19633.5 -21834.2 0.0462858
220.642 122.83 316.903 -16768.4 85840 -0.571517 -230.66 -129.391 -316.903 -18538.6 -22268.6 0.571517
227.172 112.733 317.815 -15250.3 88227.8 -1.0945 -238.075 -117.868 -317.815 -17030.8 -22693.2 1.0945
231.848 100.647 316.333 -13375.6 90175.7 -1.61277 -244.711 -103.25 -316.333 -15167.7 -23052 1.61277
235.76 86.5786 312.43 -11220.1 91683.8 -2.12361 -249.578 -86.5575 -312.43 -13017.6 -23330.9 2.12361
239.735 71.1354 307.32 -8904.62 92773.9 -2.62405 -252.133 -69.0517 -307.32 -10721.2 -23510.6 2.62405
243.436 54.7358 302.827 -6523.01 93486.7 -3.11121 -253.114 -51.6935 -302.827 -8378.03 -23572.3 3.11121
246.494 37.86 300.339 -4128.05 93866.7 -3.58262 -253.3 -34.6816 -300.339 -6030.33 -23500.9 3.58262
248.598 21.2359 299.866 -1768.25 93936.1 -4.03631 -253.313 -18.0538 -299.866 -3736.65 -23274.9 4.03631
249.144 5.33025 301.134 500.074 93690.7 -4.47076 -253.782 -2.33772 -301.134 -1579.68 -22887 4.47076
247.938 -9.93317 300.94 2631.93 93052.7 -4.88462 -254.096 12.0429 -300.94 437.025 -22377.1 4.88462
245.404 -24.5671 298.984 4613.23 91960.3 -5.27652 -252.873 24.9534 -298.984 2310.44 -21818 5.27652
241.892 -38.5399 295.849 6471.91 90380.2 -5.64494 -249.126 36.7541 -295.849 4058.59 -21264.4 5.64494
237.451 -51.6442 293.146 8200.39 88341.2 -5.98819 -242.987 47.7146 -293.146 5697.76 -20716.9 5.98819
231.546 -63.8804 290.841 9850.05 85898.4 -6.3046 -235.809 58.543 -290.841 7275.7 -20116.3 6.3046
224.289 -74.9573 288.862 11418.5 83108.5 -6.59258 -228.286 69.3521 -288.862 8769.98 -19406.6 6.59258
216.151 -85.0353 287.363 12883.5 80016.2 -6.85072 -220.561 79.9006 -287.363 10191.3 -18546.5 6.85072
207.674 -93.7809 285.751 14227.5 76631.9 -7.07769 -212.252 90.1162 -285.751 11500.7 -17524.8 7.07769
199.681 -100.79 284.218 15401.7 72976.4 -7.27226 -202.726 99.8411 -284.218 12668.2 -16335.3 7.27226
192.334 -105.859 281.927 16322.9 69071.3 -7.43332 -192.008 108.053 -281.927 13605.4 -14974.3 7.43332
185.066 -109.363 279.216 16934.3 64966.3 -7.55993 -181.078 113.539 -279.216 14251.8 -13433.4 7.55993
177.716 -111.231 277.419 17184.5 60717.2 -7.65143 -170.376 115.627 -277.419 14555 -11727.5 7.65143
170.571 -110.742 276.319 17058.3 56351.8 -7.70738 -159.608 114.848 -276.319 14503.5 -9885.21 7.70738
162.557 -107.341 275.205 16567.7 51863.8 -7.7276 -149.339 111.833 -275.205 14096.3 -7972.77 7.7276
153.439 -100.924 273.933 15717.4 47250 -7.71216 -139.295 106.834 -273.933 13349.1 -6057.61 7.71216
143.733 -92.0934 272.912 14521.9 42500.4 -7.66135 -128.45 99.5187 -272.912 12285.2 -4200.98 7.66135
132.904 -81.1139 271.936 12977.9 37594.6 -7.57573 -116.511 89.4987 -271.936 10890.5 -2498.15 7.57573
120.967 -68.0327 271.672 11107.1 32562.2 -7.45615 -103.515 76.9895 -271.672 9180.43 -970.846 7.45615
108.093 -52.9972 272.597 8949.95 27476.3 -7.30381 -89.986 62.2082 -272.597 7165.22 405.1 7.30381
94.9937 -35.971 276.457 6565.14 22461.8 -7.12036 -76.6631 45.4307 -276.457 4819.97 1708.65 7.12036
82.1274 -16.383 285.064 3985.69 17614.3 -6.90792 -64.9331 26.1059 -285.064 1954.63 3102.49 6.90792
69.0146 4.47844 300.259 1346.78 12926.4 -6.66907 -54.0545 4.953 -300.259 -1285.46 4423.47 6.66907
55.4426 23.1353 321.717 -1073.47 8461.62 -6.40667 -42.363 -14.6519 -321.717 -4220.51 5343.88 6.40667
42.7308 39.5192 340.899 -3264.22 4294.49 -6.12348 -30.5281 -32.824 -340.899 -6867.68 6063.17 6.12348
30.5642 53.805 351.919 -5179.12 359.008 -5.82149 -18.0577 -49.5803 -351.919 -9299.37 6533.46 5.82149
18.8964 66.0011 352.414 -6923.1 -3395.9 -5.5022 -5.99309 -64.7359 -352.414 -11385 6946.32 5.5022
7.00744 76.4033 342.668 -8481.81 -7040.34 -5.16762 5.70524 -77.9139 -342.668 -13127 7268.04 5.16762
-4.83023 85.1416 328.215 -9752.53 -10595.5 -4.82078 16.6419 -88.0419 -328.215 -14496.2 7615.67 4.82078
-16.2795 92.631 316.597 -10767.5 -14033.2 -4.46536 26.1668 -94.8003 -316.597 -15474.5 8100.09 4.46536
-26.8324 98.5654 311.931 -11491.7 -17367 -4.1049 34.7058 -98.4298 -311.931 -16088.4 8745.37 4.1049
-36.71 102.537 313.775 -11883.5 -20643.8 -3.74203 42.7726 -99.1237 -313.775 -16349.7 9494.48 3.74203
-46.6207 104.309 319.664 -11969.9 -23901.8 -3.37823 50.5308 -97.5132 -319.664 -16286.6 10262.8 3.37823
-57.1297 103.629 325.509 -11814 -27189.2 -3.01414 58.7905 -94.6179 -325.509 -15942.5 10906.7 3.01414
-68.9922 100.934 328.498 -11469 -30540.8 -2.65015 67.9749 -90.7903 -328.498 -15374.5 11296.8 2.65015
-82.0421 96.3869 327.203 -10927.2 -33950.8 -2.28686 78.4376 -85.8792 -327.203 -14592 11402.1 2.28686
-95.4891 90.4629 324.387 -10255.9 -37413.5 -1.92538 90.4229 -80.27 -324.387 -13648.3 11293 1.92538
-109.088 83.565 323.624 -9455.87 -40922.3 -1.56727 103.306 -73.8246 -323.624 -12580.1 11083.2 1.56727
-122.578 76.3177 327.418 -8571.01 -44441.2 -1.21431 116.146 -66.434 -327.418 -11415.9 10902.9 1.21431
-135.138 68.8692 333.595 -7602.66 -47871.9 -0.868254 128.409 -57.9545 -333.595 -10154.8 10844.2 0.868254
-146.409 61.2111 339.896 -6531.16 -51168.6 -0.530697 139.965 -48.39 -339.896 -8815.6 10930.6 0.530697
-155.789 53.4987 343.319 -5404.77 -54204 -0.203043 150.41 -38.3829 -343.319 -7461.59 11177.8 0.203043
-163.615 46.1186 343.359 -4295.36 -56971.9 0.113465 159.716 -28.6293 -343.359 -6172.49 11536.8 -0.113465
-170.265 39.64 340.022 -3304.58 -59434.4 0.417733 167.553 -19.7754 -340.022 -5016.84 11964 -0.417733
-176.987 34.3219 336.18 -2480.15 -61675.9 0.708783 173.879 -12.5485 -336.18 -4085.13 12372.7 -0.708783
-183.939 30.7125 332.155 -1931.94 -63716.2 0.985731 179.292 -7.65689 -332.155 -3443.3 12677.4 -0.985731
-191.728 28.9463 328.751 -1689.14 -65631.4 1.24779 184.465 -5.47836 -328.751 -3133.88 12774.2 -1.24779
-199.784 29.297 325.896 -1786.08 -67461 1.49424 190.736 -6.23991 -325.896 -3192.54 12595.4 -1.49424
-208.319 31.8904 323.328 -2221.77 -69205.6 1.72436 197.927 -9.75121 -323.328 -3611.21 12136.7 -1.72436
-216.959 36.6324 320.86 -2974.56 -70825.4 1.93735 205.684 -15.7298 -320.86 -4358.83 11460.5 -1.93735
-224.596 43.1293 318.246 -4003.28 -72248.9 2.13236 213.855 -24.0335 -318.246 -5401.51 10671.5 -2.13236
-230.921 50.8251 315.674 -5245.21 -73390.3 2.30851 221.19 -34.3343 -315.674 -6678.25 9902.07 -2.30851
-234.969 58.9225 312.909 -6638.79 -74155.3 2.465 227.025 -46.2937 -312.909 -8091.65 9285.76 -2.465
-235.263 66.1627 309.457 -8062.24 -74456.2 2.60128 231.516 -59.465 -309.457 -9524.75 8920.12 -2.60128
-231.008 72.1284 304.432 -9388.6 -74204.2 2.71721 234.524 -72.6318 -304.432 -10875.7 8847.79 -2.71721
-224.342 76.7727 297.464 -10454.8 -73304.4 2.81308 232.962 -83.3517 -297.464 -11959.1 9106.99 -2.81308
-215.26 79.2717 289.293 -11105.2 -71768.3 2.88971 227.451 -90.3914 -289.293 -12642.9 9622.66 -2.88971
-204.02 78.8605 280.319 -11269.3 -69672.2 2.94842 219.498 -93.4668 -280.319 -12850.9 10223.5 -2.94842
-192.413 75.3817 271.489 -10902.2 -67139.8 2.99087 209.67 -92.0969 -271.489 -12538.7 10702.5 -2.99087
-181.087 68.7301 263.986 -9988.18 -64304 3.01884 199.595 -86.1952 -263.986 -11695.4 10873.5 -3.01884
-170.056 59.508 258.441 -8564.98 -61240.3 3.03398 190.556 -75.6597 -258.441 -10353.5 10629.7 -3.03398
-160.336 48.3265 255.453 -6723.54 -57972.1 3.03759 181.829 -61.1448 -255.453 -8599.01 9953.83 -3.03759
-151.881 35.2358 254.729 -4574.49 -54466.6 3.03057 172.735 -44.0414 -254.729 -6523 8914.62 -3.03057
-144.158 20.2068 256.845 -2253.59 -50712.5 3.01346 162.98 -26.1359 -256.845 -4235.46 7616.39 -3.01346
-136.546 4.39216 261.582 105.704 -46704.5 2.98662 152.506 -7.94871 -261.582 -1836.92 6149.33 -2.98662
-128.709 -11.6291 270.996 2386.01 -42602.3 2.95047 142.456 9.62359 -270.996 583.683 4559.76 -2.95047
-120.343 -28.1512 285.733 4532.82 -38490.3 2.9055 133.721 26.2819 -285.733 3080.24 2850.59 -2.9055
-112.446 -43.9835 300.176 6454.53 -34195.4 2.8522 123.204 41.4394 -300.176 5495.85 1145.68 -2.8522
-104.011 -58.5495 316.105 8165.45 -29821.7 2.79097 111.109 54.9055 -316.105 7708.88 -339.399 -2.79097
-92.8772 -71.3123 327.027 9664.6 -25213.1 2.72216 97.3865 66.6589 -327.027 9641.88 -1449.98 -2.72216
-80.3705 -81.7381 332.205 10869.4 -20347.8 2.64611 79.8789 76.5694 -332.205 11284.3 -2092.9 -2.64611
-67.9165 -89.7222 334.516 11828.5 -15442.5 2.56329 59.539 85.1164 -334.516 12639.7 -2385.75 -2.56329
-54.2821 -95.6133 338.317 12673.4 -10662.5 2.47473 40.4643 92.8609 -338.317 13704.1 -2564.52 -2.47473
-41.1818 -99.9715 346.451 13422.3 -6037.46 2.38195 22.5159 99.3602 -346.451 14475.6 -2819.74 -2.38195
-28.8666 -103.52 361.917 14143.6 -1494.14 2.28628 6.61209 104.518 -361.917 14973.9 -3386.65 -2.28628
-17.4501 -105.6 380.817 14764.2 3083.41 2.18836 -7.74778 107.906 -380.817 15119.5 -4326.87 -2.18836
-6.83813 -105.063 395.729 15022.1 7681.27 2.0882 -20.3383 107.942 -395.729 14791.7 -5647.19 -2.0882
4.18689 -101.474 396.661 14777.3 12141 1.98559 -31.2896 104.084 -396.661 13993.4 -7006.28 -1.98559
15.8733 -95.3266 384.767 14040 16416.4 1.88031 -41.6502 96.7422 -384.767 12840.9 -8178.99 -1.88031
28.7278 -86.8876 367.256 12915 20592.1 1.77199 -52.2941 86.8896 -367.256 11403.7 -9055.26 -1.77199
42.3703 -76.6484 353.52 11496.4 24761.8 1.66012 -64.5624 75.2778 -353.52 9762.55 -9589.35 -1.66012
58.3822 -65.0906 347.763 9895.78 28963.5 1.54425 -77.2069 62.7862 -347.763 7996.37 -9768.83 -1.54425
75.1496 -52.2124 348.193 8098.05 33155.8 1.42407 -91.2922 49.2786 -348.193 6100.73 -9629.12 -1.42407
91.8213 -38.2156 350.901 6171.53 37225 1.29967 -106.381 35.2502 -350.901 4104.5 -9238.78 -1.29967
108.18 -22.9985 351.413 4122.31 41028.5 1.17157 -120.896 20.861 -351.413 2009.78 -8709.65 -1.17157
122.562 -7.29586 348.31 2027.35 44443.9 1.04061 -134.628 6.33439 -348.31 -126.296 -8182.82 -1.04061
135.003 8.6671 342.777 -65.4796 47399.5 0.907865 -146.023 -7.7927 -342.777 -2244.92 -7798.36 -0.907865
144.59 24.5284 336.127 -2167.72 49849.9 0.774364 -154.932 -22.115 -336.127 -4367.01 -7658.23 -0.774364
150.573 39.8964 330.295 -4254.14 51800.8 0.640852 -161.95 -36.5389 -330.295 -6449.99 -7788.11 -0.640852
153.565 54.6385 325.21 -6279.71 53261.4 0.507629 -166.768 -50.5483 -325.21 -8448.18 -8154.58 -0.507629
154.585 68.4197 320.137 -8223.68 54263.1 0.374583 -169.269 -64.2404 -320.137 -10349 -8663.45 -0.374583
154.991 80.8333 313.695 -10050.7 54873.5 0.241391 -169.819 -77.6612 -313.695 -12137.2 -9142.89 -0.241391
155.727 91.4117 306.254 -11691.5 55188.8 0.107754 -169.278 -90.2641 -306.254 -13739.9 -9436.34 -0.107754
157.628 99.8491 298.212 -13078.3 55303.8 -0.0264429 -168.45 -101.349 -298.212 -15084.5 -9408.66 0.0264429
160.266 105.794 290.306 -14130.5 55290.9 -0.161049 -168.88 -110.263 -290.306 -16110.9 -8975.6 0.161049
163.682 108.613 283.357 -14763.9 55173 -0.295581 -170.717 -116.549 -283.357 -16750.8 -8131.95 0.295581
167.128 108.106 277.949 -14891.4 54893.2 -0.429166 -173.526 -119.197 -277.949 -16922.1 -6986.06 0.429166
170.23 103.954 273.987 -14431.3 54334.6 -0.560589 -175.433 -117.294 -273.987 -16534.2 -5734.79 0.560589
172.59 95.4463 271.353 -13340 53403 -0.688469 -174.914 -110.89 -271.353 -15538.5 -4553.4 0.688469
173.356 82.5813 269.942 -11596.3 52065.1 -0.811507 -171.912 -99.6693 -269.942 -13911.6 -3535.52 0.811507
172.313 65.3397 269.874 -9209.66 50345.4 -0.928658 -166.657 -83.7262 -269.874 -11654.5 -2703.32 0.928658
169.267 43.6991 271.412 -6187.69 48311.4 -1.03921 -160.069 -63.2533 -271.412 -8783.38 -2022.58 1.03921
163.691 17.2008 276.777 -2520.75 46040.6 -1.14276 -153.226 -38.0976 -276.777 -5222.56 -1491.82 1.14276
157.95 -13.8591 286.824 1721.44 43631.4 -1.23923 -145.21 -8.33635 -286.824 -954.229 -1006.66 1.23923
153.444 -48.5868 306.261 6442.72 41294 -1.32876 -137.848 25.847 -306.261 3967.58 -322.957 1.32876
149.61 -83.6698 332.092 11353.6 39028.8 -1.41155 -131.999 61.8877 -332.092 9011.49 597.237 1.41155
145.386 -118.244 353.375 16287.8 36677.3 -1.48777 -126.349 98.8935 -353.375 14097.8 1571.25 1.48777
139.586 -151.61 364.483 21140.4 34132.7 -1.55752 -120.222 135.632 -364.483 19059.8 2442.04 1.55752
131.15 -182.686 365.787 25711.2 31398.6 -1.62065 -113.706 170.7 -365.787 23748.9 3071.97 1.62065
120.152 -211.208 362.851 29942.9 28468 -1.67682 -106.021 203.828 -362.851 28147.5 3373.72 1.67682
106.423 -235.979 358.11 33612.6 25339 -1.72576 -96.9361 233.17 -358.11 32052.5 3295.04 1.72576
90.1293 -255.989 352.828 36592.1 21983.6 -1.76756 -86.309 257.73 -352.828 35311.6 2868.28 1.76756
72.5501 -270.838 348.737 38840.1 18371.9 -1.8027 -73.2809 276.815 -348.737 37813.4 2182.84 1.8027
55.2119 -279.475 346.747 40137.9 14718.5 -1.83197 -59.0687 288.921 -346.747 39419 1407.96 1.83197
37.6771 -281.093 343.433 40407.2 10994.7 -1.85647 -44.5858 293.485 -343.433 40014.9 637.461 1.85647
20.8386 -275.145 334.487 39517 7195.11 -1.87756 -30.0071 289.414 -334.487 39501.1 24.6444 1.87756
5.99446 -262.079 322.628 37510.8 3423.09 -1.89659 -15.6581 276.753 -322.628 37904 -304.987 1.89659
-5.5373 -242.555 314.756 34552.6 -26.8932 -1.91479 -3.40136 256.829 -314.756 35339.3 -199.12 1.91479
-14.9779 -216.557 308.092 30660.4 -3290.88 -1.93296 7.19597 230.053 -308.092 31844.4 246.021 1.93296
-23.0433 -185.293 304.81 26039.1 -6437.47 -1.95132 16.1129 197.699 -304.81 27561.6 1002.02 1.95132
-28.9585 -150.875 312.878 21064.1 -9317.51 -1.96948 22.9563 162.065 -312.878 22733.4 2083.13 1.96948
-33.0247 -114.756 330.672 15985.3 -12093.7 -1.98673 29.1344 124.199 -330.672 17458.4 3411.28 1.98673
-35.5654 -78.4599 351.801 11101.2 -14728.3 -2.00227 35.9616 85.0451 -351.801 11781.7 4718.39 2.00227
-39.851 -39.1375 361.168 6029.44 -17460 -2.01541 44.5833 42.3657 -361.168 5374.01 5626.81 2.01541
-49.5777 2.47432 364.089 740.773 -20582.5 -2.02559 56.879 -2.26493 -364.089 -1410.35 5651.98 2.02559
-63.9738 41.5059 360.239 -4373.74 -23931 -2.03247 72.5696 -43.9531 -360.239 -7596.21 4777.44 2.03247
-79.8614 78.1208 353.532 -9329.95 -27266 -2.03615 87.9197 -82.4714 -353.532 -13158 3730.32 2.03615
-95.7179 114.372 352.226 -14402.3 -30587 -2.03734 101.997 -119.478 -352.226 -18340.5 2851.9 2.03734
-109.627 148.265 348.87 -19232.2 -33697.9 -2.03721 114.552 -153.193 -348.87 -22973.5 2250.47 2.03721
-120.368 177.123 336.486 -23354.6 -36335 -2.03712 123.971 -181.25 -336.486 -26815.3 2061.22 2.03712
-128.067 200.65 317.068 -26690.7 -38453.3 -2.0384 130.097 -203.624 -317.068 -29899.6 2243.46 2.0384
-133.71 218.555 297.771 -29244.1 -40194.8 -2.04182 133.807 -220.826 -297.771 -32255.3 2676.33 2.04182
-138.117 230.723 283.273 -31024.1 -41667.6 -2.04723 136.227 -233.11 -283.273 -33893.8 3193.58 2.04723
-141.924 237.299 274.998 -32037.2 -42992.1 -2.05377 138.844 -240.334 -274.998 -34809.7 3617.64 2.05377
-145.479 238.241 271.189 -32268.2 -44224.7 -2.06023 142.633 -242.275 -271.189 -34981 3820.24 2.06023
-149.59 233.608 269.037 -31692.4 -45365.6 -2.06551 147.095 -238.548 -269.037 -34386.2 3759.07 2.06551
-154.576 223.718 266.937 -30311.3 -46374.3 -2.06887 151.298 -228.883 -266.937 -33030.4 3480.67 2.06887
-159.862 209.162 264.42 -28190 -47172.8 -2.06995 154.541 -213.515 -264.42 -30963.4 3085.38 2.06995
-164.439 190.626 262.822 -25447.5 -47717.8 -2.06847 156.815 -193.305 -262.822 -28283.5 2671.35 2.06847
-167.873 168.846 263.593 -22200.2 -48007.4 -2.0641 158.076 -169.115 -263.593 -25098 2303.09 2.0641
-169.951 144.498 267.904 -18558.3 -48095.9 -2.05634 158.732 -141.977 -267.904 -21535.8 2006.59 2.05634
-170.94 117.988 274.92 -14668.2 -47957.8 -2.04466 158.13 -113.236 -274.92 -17694.8 1810.97 2.04466
-171.232 89.8767 284.946 -10686.7 -47661.6 -2.02854 156.635 -84.2535 -284.946 -13687.4 1678.46 2.02854
-170.92 60.4984 294.714 -6685.53 -47181.8 -2.00755 154.027 -55.4355 -294.714 -9544.53 1603.52 2.00755
-170.549 30.0385 304.939 -2653.56 -46619.8 -1.98119 151.01 -26.6335 -304.939 -5282.86 1511.77 1.98119
-170.041 -1.33253 317.651 1388.08 -46086.8 -1.94898 149.097 2.94344 -317.651 -794.55 1313.18 1.94898
-170.637 -33.8852 333.564 5457.64 -45691.8 -1.91038 149.164 33.6876 -333.564 3994.93 820.858 1.91038
-171.19 -63.9719 347.845 9284.06 -45268.7 -1.86492 149.565 62.1906 -347.845 8370.14 260.96 1.86492
-169.957 -91.8993 356.418 12941.1 -44655.5 -1.81218 149.001 89.5614 -356.418 12454.6 -100.849 1.81218
-166.512 -117.445 357.955 16397.9 -43753.9 -1.75179 146.207 115.196 -357.955 16162.9 -126.105 1.75179
-160.856 -140.434 353.86 19542.4 -42588.3 -1.6834 141.85 138.558 -353.86 19506.7 115.045 1.6834
-153.907 -160.509 349.69 22347.7 -41243.7 -1.60661 135.716 159.521 -349.69 22445.8 607.05 1.60661
-145.886 -176.849 345.605 24677.6 -39762.2 -1.52099 128.729 177.321 -345.605 24894.5 1231.52 1.52099
-137.316 -189.109 342.229 26487.4 -38205.2 -1.42618 121.831 191.659 -342.229 26807.3 1844.52 1.42618
-129.278 -196.759 339.284 27667.8 -36632.1 -1.32207 115.116 201.588 -339.284 28087.3 2341.72 1.32207
-121.758 -199.308 334.605 28095.3 -35037.7 -1.20883 108.957 205.98 -334.605 28630.7 2667.88 1.20883
-115.241 -196.883 327.67 27733.5 -33414.3 -1.08679 102.914 204.161 -327.67 28397.5 2809.56 1.08679
-109.413 -189.287 319.311 26560.8 -31780.6 -0.956385 97.2691 196.072 -319.311 27373.3 2789.38 0.956385
-103.604 -176.821 311.316 24635.2 -30127.6 -0.818241 92.1659 182.155 -311.316 25605 2671.36 0.818241
-98.2578 -160.737 307.592 22162.8 -28486.1 -0.673164 86.8076 163.553 -307.592 23222.1 2534.53 0.673164
-92.932 -141.821 307.877 19280 -26837.9 -0.522001 81.012 141.099 -307.877 20314.7 2448.39 0.522001
-86.9854 -120.591 310.438 16099.3 -25158.3 -0.3655 74.8537 115.765 -310.438 16978 2468.13 0.3655
-80.2674 -97.831 314.691 12828.3 -23504.7 -0.204264 68.9951 89.3365 -314.691 13364.2 2579.8 0.204264
-72.6293 -72.9564 316.687 9448.51 -21770 -0.0388109 62.209 62.2436 -316.687 9469.81 2869.29 0.0388109
-63.6249 -46.3307 317.144 6025.51 -19940.8 0.130393 54.9967 34.7926 -317.144 5323.58 3315.43 -0.130393
-54.5019 -18.0641 318.462 2618.68 -18094.7 0.302973 47.438 7.36483 -318.462 935.267 3809.62 -0.302973
-46.1768 8.88081 323.284 -486.576 -16379.6 0.478648 41.4497 -16.9972 -323.284 -3141.02 4103.7 -0.478648
-38.3493 33.6242 327.518 -3327.61 -14694.5 0.657078 35.4068 -38.3665 -327.518 -6755.07 4366.23 -0.657078
-29.4591 56.4168 326.533 -5940.12 -12928.5 0.837627 29.06 -57.1153 -326.533 -9957.77 4739.48 -0.837627
-19.3335 77.4576 321.206 -8353.51 -11056.2 1.01939 21.9076 -73.6037 -321.206 -12797.6 5291.75 -1.01939
-9.51745 97.0917 315.393 -10701.4 -9087.96 1.20151 12.7095 -89.3753 -315.393 -15405.2 5990.77 -1.20151
0.975163 116.1 311.901 -13034.5 -7041.94 1.38339 2.97171 -104.356 -311.901 -17829 6781.9 -1.38339
10.7333 134.271 310.486 -15292.5 -4961.25 1.56472 -7.52156 -118.218 -310.486 -20054.1 7541.24 -1.56472
19.4942 151.086 309.793 -17427.1 -2965.1 1.74522 -17.0318 -131.014 -309.793 -22063.5 8108.13 -1.74522
26.9328 166.388 307.682 -19342.5 -1155.2 1.92443 -24.4679 -142.25 -307.682 -23861.9 8385.92 -1.92443
32.8724 180.653 306.801 -21129.1 541.476 2.1015 -30.8479 -152.628 -306.801 -25523.9 8419.47 -2.1015
38.1334 193.622 305.875 -22796.7 2096.99 2.27514 -35.3441 -162.467 -305.875 -27048.1 8235.57 -2.27514
42.7894 205.167 304.132 -24352.6 3519.86 2.44373 -38.634 -172.142 -304.132 -28461.5 7930.53 -2.44373
47.0137 215.654 302.681 -25836.5 4903.08 2.6055 -41.9369 -181.831 -302.681 -29800.9 7606.33 -2.6055
51.3989 225.21 301.09 -27234 6282.96 2.7585 -45.6953 -191.159 -301.09 -31045.8 7371.31 -2.7585
56.0618 233.577 299.404 -28522.7 7680.06 2.90076 -50.3095 -200.157 -299.404 -32186.8 7277.22 -2.90076
61.2482 240.583 297.625 -29663.8 9106.31 3.03041 -55.5709 -208.494 -297.625 -33192.3 7317.29 -3.03041
66.8723 245.975 294.699 -30602.4 10504.3 3.14592 -60.5518 -215.625 -294.699 -34005.5 7406.85 -3.14592
72.0608 249.587 290.555 -31292.3 11811.6 3.24606 -65.0562 -221.077 -290.555 -34582.8 7458.65 -3.24606
75.9398 251.294 285.332 -31677.7 12967.8 3.3297 -69.0444 -224.26 -285.332 -34880.3 7405.44 -3.3297
78.7257 250.667 279.888 -31729.1 13944.4 3.3956 -71.7553 -225.202 -279.888 -34871.5 7199.8 -3.3956
80.2149 247.766 275.248 -31428.7 14732.1 3.44243 -73.2634 -223.574 -275.248 -34536.8 6833.34 -3.44243
80.3801 242.545 272.509 -30772.9 15344.8 3.46894 -73.8225 -219.38 -272.509 -33874.3 6324.35 -3.46894
79.9283 234.649 271.206 -29742 15810.4 3.47408 -73.1463 -212.722 -271.206 -32868.2 5703.74 -3.47408
79.0736 224.229 270.941 -28357.5 16145.9 3.45699 -71.5694 -203.663 -270.941 -31526.5 5030.9 -3.45699
78.072 211.522 271.366 -26629 16397.6 3.41696 -69.5197 -192.085 -271.366 -29856.7 4355.35 -3.41696
76.9508 196.953 272.247 -24607.2 16587.4 3.3534 -67.4146 -178.153 -272.247 -27890.2 3717.22 -3.3534
76.1986 180.6 273.907 -22348.9 16741.8 3.26588 -65.2286 -162.487 -273.907 -25667.9 3154.89 -3.26588
75.9485 162.562 276.018 -19866.9 16901 3.15416 -63.1325 -145.33 -276.018 -23224.8 2670.69 -3.15416
75.6637 143.628 279.201 -17223.1 17082.5 3.01817 -61.6826 -126.714 -279.201 -20614.2 2250.17 -3.01817
75.5472 124.278 284.02 -14443.6 17311.4 2.85806 -60.6268 -106.795 -284.02 -17898.7 1861.57 -2.85806
75.6067 105.051 290.639 -11637.9 17569.5 2.67424 -59.347 -86.306 -290.639 -15146.9 1438.11 -2.67424
75.0152 86.5269 299.845 -8933.02 17849.6 2.46735 -58.1505 -66.181 -299.845 -12443.5 914.591 -2.46735
73.3991 68.7323 310.127 -6370.52 18128.1 2.23824 -56.9509 -46.9466 -310.127 -9824.28 249.729 -2.23824
71.3577 51.721 319.242 -3968.27 18383.7 1.98795 -54.9263 -28.8231 -319.242 -7309.7 -567.478 -1.98795
68.9322 35.8618 326.662 -1796.3 18626.4 1.71768 -52.29 -12.2989 -326.662 -4949.83 -1511.57 -1.71768
66.6471 22.2076 330.603 10.5941 18875.3 1.42859 -49.7096 1.6109 -330.603 -2899.24 -2435.99 -1.42859
65.1663 11.2302 331.333 1423.8 19195 1.12197 -47.6932 12.3327 -331.333 -1275.69 -3241.32 -1.12197
64.5018 3.2716 330.314 2387.88 19606.8 0.799382 -46.379 19.3124 -330.314 -149.201 -3927.25 -0.799382
64.6108 -1.64701 329.532 2890.11 20116.1 0.4628 -45.4626 22.2613 -329.532 449.6 -4546.46 -0.4628
65.4026 -3.83041 330.117 2971.23 20722.3 0.114423 -44.6533 21.5169 -330.117 569.812 -5151.12 -0.114423
66.6307 -3.60245 332.276 2676.59 21434.4 -0.243519 -44.0919 17.5695 -332.276 280.012 -5764.69 0.243519
68.4328 -1.4829 335.193 2082.63 22260.6 -0.608813 -43.7036 11.1441 -335.193 -322.028 -6386.99 0.608813
70.1988 1.88938 337.766 1297.23 23206.7 -0.979198 -44.2147 3.22905 -337.766 -1116.45 -7008.09 0.979198
72.0029 5.64772 339.299 434.707 24269.8 -1.35233 -45.4886 -5.34542 -339.299 -1980.11 -7634.32 1.35233
74.387 8.70605 339.334 -372.518 25435.4 -1.72577 -46.7056 -13.7886 -339.334 -2782.69 -8290.13 1.72577
76.9699 10.5286 338.672 -1015.61 26712.3 -2.09709 -48.2037 -20.9966 -338.672 -3403.55 -8990.03 2.09709
79.5134 10.5153 338.151 -1374.01 28116.6 -2.46388 -50.3164 -25.8746 -338.151 -3726.07 -9736.2 2.46388
82.0653 8.18411 338.423 -1356.72 29659.1 -2.82376 -53.0961 -27.6399 -338.423 -3664.19 -10524.9 2.82376
84.7224 3.19772 340.035 -901.059 31343.7 -3.17439 -56.5563 -25.7903 -340.035 -3163.14 -11344.3 3.17439
87.9336 -4.88909 342.673 32.2174 33165.3 -3.51352 -60.3127 -20.2277 -342.673 -2186.07 -12180.4 3.51352
91.8202 -15.921 345.731 1436.48 35117.7 -3.83903 -64.3541 -10.81 -345.731 -728.15 -13012 3.83903
96.437 -29.2766 349.798 3293.6 37221.7 -4.14895 -69.0314 2.40332 -349.798 1133.55 -13802.6 4.14895
101.847 -44.6763 355.794 5585.34 39500.8 -4.44147 -74.7773 19.5658 -355.794 3399.57 -14505.5 4.44147
108.001 -60.9702 362.095 8140.57 41920 -4.71493 -81.3732 39.6264 -362.095 5933.2 -15124.8 4.71493
114.416 -77.293 367.436 10809 44446.2 -4.96779 -89.0464 61.1827 -367.436 8567.31 -15663.9 4.96779
121 -92.9582 370.571 13432.5 47024.2 -5.19858 -97.3937 82.8772 -370.571 11173.7 -16138.4 5.19858
128.001 -107.46 371.352 15823.7 49592.6 -5.40595 -105.309 102.441 -371.352 13551.3 -16607.3 5.40595
135.299 -120.262 370.555 17853.4 52136.4 -5.58877 -112.764 118.672 -370.555 15585.6 -17076.1 5.58877
142.521 -130.483 368.829 19420 54644.6 -5.74615 -120.008 130.785 -368.829 17145.2 -17550.5 5.74615
149.297 -137.599 366.56 20460.3 57118.9 -5.87748 -127.562 138.473 -366.56 18177 -18010.7 5.87748
155.593 -141.455 364.096 20956.1 59557.6 -5.98245 -135.595 141.666 -364.096 18667.7 -18435.9 5.98245
161.909 -142.249 361.539 20916.6 61950.9 -6.06108 -143.652 140.328 -361.539 18630.8 -18810.3 6.06108
168.458 -140.263 358.753 20410.1 64277.1 -6.11362 -151.454 135.087 -358.753 18125.3 -19121.4 6.11362
174.985 -135.688 355.513 19515.3 66521.9 -6.1405 -159.282 126.895 -355.513 17232.6 -19351.8 6.1405
181.879 -128.851 352.182 18331.8 68679.2 -6.14226 -166.826 116.91 -352.182 16061.2 -19484.1 6.14226
189.407 -120.558 348.686 16961.9 70738.1 -6.11954 -173.84 105.788 -348.686 14713 -19504.4 6.11954
197.077 -111.519 344.648 15495.9 72688.1 -6.07309 -180.785 93.9916 -344.648 13262.4 -19407.3 6.07309
204.38 -102.109 340.817 14009.1 74531.3 -6.00382 -188.142 82.2487 -340.817 11788.1 -19197.6 6.00382
211.416 -92.9222 337.517 12586.6 76253.1 -5.91277 -195.61 71.2525 -337.517 10385.4 -18888.7 5.91277
218.114 -84.317 334.761 11287.2 77818.5 -5.80108 -202.728 61.496 -334.761 9114.69 -18519.8 5.80108
224.142 -76.5887 332.202 10153.3 79189.4 -5.67001 -209.266 53.208 -332.202 8006.87 -18131.9 5.67001
229.643 -70.1709 329.341 9233.95 80334.4 -5.52086 -214.698 46.6186 -329.341 7105.61 -17747.9 5.52086
234.375 -65.3351 326.232 8547.95 81243.7 -5.35506 -219.148 41.7291 -326.232 6430.38 -17374.3 5.35506
237.96 -62.2433 323.092 8104.39 81919.7 -5.17419 -223.054 38.4956 -323.092 5988.61 -17005.1 5.17419
240.372 -60.8925 320.21 7908.55 82363.4 -4.97994 -226.502 37.0109 -320.21 5787.54 -16632.3 4.97994
241.925 -61.1268 317.732 7957.44 82569.4 -4.77414 -229.183 37.3901 -317.732 5824.48 -16249.6 4.77414
242.653 -62.6419 315.582 8242.15 82514.2 -4.55866 -230.933 39.7833 -315.582 6086.74 -15852 4.55866
242.393 -64.9869 313.713 8727.99 82166.9 -4.3354 -231.711 44.1523 -313.713 6540.48 -15437 4.3354
241.348 -67.4403 311.935 9349.65 81523.5 -4.10626 -231.404 50.3146 -311.935 7124.55 -14988.3 4.10626
239.083 -69.0904 310 10009.6 80581.5 -3.87312 -230.535 57.8241 -310 7746.38 -14491.6 3.87312
235.928 -69.5405 307.6 10579.8 79330.5 -3.63783 -228.724 65.3047 -307.6 8286 -13943.8 3.63783
232.354 -68.4889 304.675 10916.2 77765.7 -3.4021 -225.476 71.0878 -304.675 8611.64 -13343.5 3.4021
228.025 -65.3442 301.022 10893.1 75889.8 -3.16759 -221.2 73.9901 -301.022 8600.59 -12683.6 3.16759
222.432 -60.1294 296.7 10416.6 73710.1 -2.93586 -216.463 72.6361 -296.7 8157.64 -11962.7 2.93586
215.618 -52.2897 291.957 9439.2 71224.6 -2.70841 -211.105 66.9172 -291.957 7237.43 -11195.1 2.70841
207.121 -41.2126 287.275 7952.66 68418.7 -2.48663 -205.242 57.3545 -287.275 5835.5 -10413.7 2.48663
196.672 -27.3568 283.001 5997.64 65261.4 -2.2718 -198.602 43.9648 -283.001 3977.78 -9662.69 2.2718
184.792 -11.263 279.123 3669.73 61717.3 -2.06507 -190.148 27.5085 -279.123 1750.72 -8979.02 2.06507
172.185 6.3676 275.647 1044.48 57781.1 -1.86748 -179.206 8.42341 -275.647 -761.776 -8352.94 1.86748
159.782 25.1217 273.477 -1769.15 53519.3 -1.67998 -165.818 -13.0115 -273.477 -3571.74 -7714.26 1.67998
146.567 43.7808 270.823 -4612.3 48993.4 -1.50342 -152.169 -34.9822 -270.823 -6413.77 -6962.86 1.50342
132.474 61.744 266.494 -7318.6 44248.2 -1.33857 -139.047 -55.933 -266.494 -9152.41 -6043.24 1.33857
117.556 78.0648 262 -9759.34 39296.9 -1.18601 -126.149 -74.7808 -262 -11632.4 -5002.1 1.18601
102.191 92.2452 256.639 -11820.8 34149.3 -1.04601 -113.089 -90.8919 -256.639 -13809.2 -3850.54 1.04601
86.5306 103.414 253.052 -13395 28828.9 -0.918355 -98.7672 -103.273 -253.052 -15530 -2742.85 0.918355
71.5291 111.628 253.363 -14501.4 23446.6 -0.802276 -83.7177 -112.577 -253.363 -16875.1 -1580.53 0.802276
56.543 116.14 257.084 -15024.4 18046 -0.696604 -67.8421 -117.935 -257.084 -17734.1 -512.057 0.696604
42.0812 117.612 264.663 -15041.7 12755.9 -0.600163 -52.4353 -119.692 -264.663 -18170.3 585.44 0.600163
27.6674 115.461 275.901 -14541.5 7670.53 -0.512004 -37.8882 -118.192 -275.901 -18161.6 1604.91 0.512004
13.8852 109.721 288.212 -13602.7 2821.69 -0.431329 -24.6061 -114.023 -288.212 -17715.8 2651.01 0.431329
1.80503 101.241 303.324 -12354.8 -1720.56 -0.357302 -12.2223 -107.594 -303.324 -16879.6 3752.24 0.357302
-9.03921 90.6553 323.42 -10891.9 -6180.6 -0.28893 -0.0145107 -98.8972 -323.42 -15646.4 4966.51 0.28893
-19.3894 77.9626 341.773 -9298.41 -10631.1 -0.225109 11.5167 -87.5869 -341.773 -13882 6331.11 0.225109
-31.2609 63.347 348.946 -7567.56 -15193.5 -0.164687 23.8131 -73.8048 -348.946 -11637.9 7484.92 0.164687
-45.5429 46.3317 347.979 -5570.12 -19994.9 -0.106534 37.6585 -57.3572 -347.979 -8950.47 8323.84 0.106534
-61.6076 26.547 346.555 -3150.07 -25045.1 -0.0496707 53.0559 -37.9852 -346.555 -5888.76 8945.71 0.0496707
-78.0672 4.76311 345.694 -407.737 -30101.4 0.00673651 69.0289 -16.5239 -345.694 -2577.13 9438.33 -0.00673651
-94.6548 -18.3196 353.114 2514.59 -35332.1 0.0636221 86.2006 6.70378 -353.114 983.54 9917.29 -0.0636221
-112.348 -42.5942 376.107 5695.48 -40905.2 0.122265 104.155 31.6368 -376.107 4691.84 10467 -0.122265
-131.328 -68.2814 404.463 9143.74 -46743.7 0.184225 122.454 57.9017 -404.463 8518.08 11048.1 -0.184225
-151.24 -94.7463 430.658 12808.2 -52763.5 0.250903 140.733 84.8972 -430.658 12340.3 11680.8 -0.250903
-168.389 -120.486 435.227 16371.1 -58236.2 0.322908 156.304 110.352 -435.227 15945.9 12543.3 -0.322908
-182.292 -145.194 422.713 19751 -63124.8 0.399911 169.249 133.778 -422.713 19304.2 13656.2 -0.399911
-193.601 -168.888 405.686 22930.7 -67573.6 0.481474 180.022 155.081 -405.686 22422.6 15002.3 -0.481474
-203.508 -191.472 394.758 25921 -71779.5 0.567984 189.662 174.897 -394.758 25366.8 16457.7 -0.567984
-213.061 -212.773 393.86 28722.9 -75880.6 0.660614 199.285 193.457 -393.86 28145.3 17853.3 -0.660614
-223.503 -232.34 400.12 31327.9 -79918.7 0.760599 209.115 211.046 -400.12 30743.5 19026.1 -0.760599
-234.963 -250.286 407.537 33709.3 -83870.2 0.868676 219.76 227.091 -407.537 33122.7 19855.2 -0.868676
-246.789 -266.071 410.631 35801.1 -87680.7 0.984969 231.919 241.216 -410.631 35219.4 20285.5 -0.984969
-259.198 -279.12 408.083 37568.8 -91278.4 1.10907 244.354 253.589 -408.083 37010.5 20390.9 -1.10907
-271.611 -289.226 401.451 39000.4 -94601.8 1.24014 256.159 264.265 -401.451 38487.2 20316 -1.24014
-283.078 -296.474 393.551 40053.5 -97605.4 1.37704 267.015 272.551 -393.551 39607.2 20190.2 -1.37704
-292.689 -300.895 386.124 40696.6 -100264 1.5185 277.04 278.009 -386.124 40345.5 20096.8 -1.5185
-301.22 -302.33 380.73 40929.5 -102600 1.66328 285.337 280.64 -380.73 40680.6 20073.5 -1.66328
-309.168 -300.573 376.505 40727.5 -104630 1.8102 291.702 280.218 -376.505 40576.7 20094.9 -1.8102
-316.541 -295.518 372.017 40066.7 -106394 1.95813 296.984 276.463 -372.017 40003 20085 -1.95813
-323.386 -286.972 366.674 38973.3 -107919 2.1059 301.833 269.739 -366.674 38957.3 19973.4 -2.1059
-328.825 -274.662 359.738 37390.9 -109229 2.25231 307.564 259.72 -359.738 37412.1 19724.6 -2.25231
-334.006 -258.244 351.95 35268.7 -110323 2.39612 312.777 246.3 -351.95 35355.6 19371.5 -2.39612
-338.922 -237.941 343.575 32632.5 -111136 2.53615 316.595 229.56 -343.575 32804.6 18971.7 -2.53615
-342.037 -214.945 335.614 29559.1 -111617 2.67142 319.779 209.038 -335.614 29784.8 18581.6 -2.67142
-343.286 -189.089 327.726 26040 -111739 2.80119 322.079 184.889 -327.726 26303.1 18218.6 -2.80119
-342.623 -160.186 320.571 22053.7 -111495 2.925 323.282 157.176 -320.571 22363.9 17910.6 -2.925
-340.924 -129.184 314.478 17705.8 -110867 3.0424 322.579 126.389 -314.478 18063 17630.2 -3.0424
-337.892 -97.0518 308.052 13124 -109872 3.15285 321.112 93.5819 -308.052 13555.4 17277.5 -3.15285
-333.434 -64.033 301.093 8387.95 -108493 3.25559 318.692 59.3428 -301.093 8878.1 16875.7 -3.25559
-328.61 -31.2176 296.03 3644.35 -106777 3.34965 314.816 24.977 -296.03 4219.58 16389.7 -3.34965
-322.742 0.0261907 292.258 -882.77 -104720 3.43404 310.25 -7.97601 -292.258 -237.588 15804.9 -3.43404
-316.13 29.8498 286.315 -5179.21 -102284 3.50781 304.568 -39.1366 -286.315 -4475.45 15106.2 -3.50781
-308.444 57.1567 279.659 -9075.68 -99461.9 3.57017 297.712 -67.2568 -279.659 -8335.24 14336.7 -3.57017
-299.778 81.3683 272.19 -12507.9 -96235.7 3.62049 289.246 -91.8062 -272.19 -11726 13527.7 -3.62049
-290.262 102.118 263.026 -15391.6 -92600.9 3.65836 278.969 -112.185 -263.026 -14596.7 12684.9 -3.65836
-279.424 118.682 255.287 -17646 -88619.1 3.68348 267.61 -127.976 -255.287 -16869.1 11829.7 -3.68348
-267.062 130.87 248.868 -19312.1 -84291.6 3.69571 255.371 -139.931 -248.868 -18580.6 10963.5 -3.69571
-253.829 138.378 243.658 -20329.5 -79660.3 3.69499 241.927 -147.723 -243.658 -19703.4 10082.8 -3.69499
-239.522 141.656 239.178 -20740.1 -74721.9 3.68132 227.402 -151.321 -239.178 -20254.5 9195.85 -3.68132
-224.347 140.838 235.363 -20555.5 -69503.2 3.6548 211.753 -150.679 -235.363 -20234.3 8306.44 -3.6548
-208.709 136.135 232.871 -19786.8 -64048.2 3.61558 194.892 -145.743 -232.871 -19654.2 7414.09 -3.61558
-192.287 127.748 232.226 -18452.3 -58427 3.56386 177.746 -136.691 -232.226 -18548.7 6503.79 -3.56386
-174.568 115.765 232.807 -16628.2 -52646.4 3.49991 160.815 -124.379 -232.807 -16973.8 5584.63 -3.49991
-156.11 100.522 234.815 -14370.9 -46740.8 3.4241 143.594 -109.262 -234.815 -14983.5 4684.08 -3.4241
-137.199 82.2823 238.671 -11733.9 -40744.2 3.33692 125.719 -91.7469 -238.671 -12618.2 3846.8 -3.33692
-118.56 61.6345 245.652 -8784.5 -34749.3 3.23906 107.031 -72.0262 -245.652 -9919.77 3086.3 -3.23906
-101.03 39.8174 260.212 -5753.38 -29071.3 3.13142 89.5625 -51.4327 -260.212 -7017.12 2315.31 -3.13142
-86.1759 17.2257 284.8 -2748.88 -23956.3 3.01506 73.9136 -29.7974 -284.8 -3832.94 1477.98 -3.01506
-73.5357 -8.32856 313.471 401.276 -19259.8 2.89109 60.2494 -4.5735 -313.471 123.177 475.412 -2.89109
-61.8304 -36.3839 340.187 3686.58 -14767.9 2.76046 48.4472 23.4116 -340.187 4681.7 -708.405 -2.76046
-48.5858 -62.0492 363.834 6821.39 -10346.2 2.62381 35.61 49.7477 -363.834 8827.65 -1457.5 -2.62381
-32.5959 -86.3833 374.504 9951.31 -5783.64 2.48155 19.8648 75.361 -374.504 12691.8 -1553.13 -2.48155
-14.3117 -110.033 378.742 13162 -1087.48 2.33398 1.9545 100.693 -378.742 16339.8 -1158.05 -2.33398
5.36807 -133.716 384.331 16566.7 3761.72 2.18163 -17.3084 126.479 -384.331 19861.9 -531.48 -2.18163
25.765 -158.027 395.908 20259.6 8865.8 2.02544 -37.5043 153.167 -395.908 23310.2 72.2992 -2.02544
45.6152 -180.704 408.053 23824.8 14054.7 1.86671 -56.7689 178.014 -408.053 26399.7 385.432 -1.86671
63.1956 -199.516 411.934 26836 19031.9 1.70682 -73.7145 198.533 -411.934 28895.1 265.816 -1.70682
77.6611 -213.406 404.337 29132 23517.7 1.54692 -87.0969 214.227 -404.337 30739 -302.029 -1.54692
89.0423 -222.085 390.249 30653.2 27551.4 1.38752 -97.519 224.505 -390.249 31868.4 -1268.92 -1.38752
98.372 -225.78 376.058 31390.3 31231.8 1.22828 -106.044 229.082 -376.058 32285.6 -2437.57 -1.22828
106.791 -224.473 364.62 31363 34632 1.06825 -113.816 228.129 -364.62 31993.5 -3560.07 -1.06825
115.499 -217.955 358.419 30536.6 37946.4 0.906358 -122.092 221.306 -358.419 30950.4 -4484.58 -0.906358
125.093 -205.876 355.892 28887 41225.5 0.741865 -131.232 208.641 -355.892 29135.4 -5128.37 -0.741865
135.039 -188.625 352.735 26521.6 44347.1 0.574518 -141.077 191.072 -352.735 26625.5 -5468.71 -0.574518
145.025 -166.656 348.175 23521.6 47307.6 0.40449 -151.822 169.23 -348.175 23491.5 -5519.55 -0.40449
154.848 -140.018 344.062 19908.7 50060.3 0.232229 -162.01 143.35 -344.062 19752.2 -5464.65 -0.232229
163.053 -109.619 338.356 15838.5 52384.5 0.0582541 -169.885 114.017 -338.356 15460.4 -5534.07 -0.0582541
169.951 -75.8005 333.984 11237.6 54378.7 -0.117099 -176.377 81.4711 -333.984 10771.5 -5650.23 0.117099
174.853 -38.2649 331.021 6175.62 55955 -0.29375 -180.683 45.651 -331.021 5565.99 -5933.65 0.29375
178.448 1.95608 333.893 736.893 57244.9 -0.471735 -184.028 7.45397 -333.893 29.1077 -6243.74 0.471735
181.244 43.6988 340.888 -4880.2 58291.8 -0.651023 -187.409 -32.3868 -340.888 -5772.67 -6415.08 0.651023
182.586 84.4742 341.252 -10455.3 58908.7 -0.831292 -189.525 -71.7703 -341.252 -11417.4 -6544.66 0.831292
182.117 123.066 332.826 -15835.4 59009 -1.01176 -189.341 -109.867 -332.826 -16770.5 -6742.69 1.01176
180.34 159.291 317.622 -20952.6 58636.5 -1.19132 -186.783 -146.505 -317.622 -21849.7 -6991.47 1.19132
177.055 192.285 301.313 -25699.9 57859 -1.36891 -181.937 -180.665 -301.313 -26498.4 -7368.38 1.36891
172.482 221.75 289.083 -30055.2 56780.6 -1.54396 -175.767 -212.137 -289.083 -30668.7 -7806.55 1.54396
167.267 246.577 278.677 -33765.5 55516.5 -1.71641 -169.733 -239.39 -278.677 -34244.4 -8128.95 1.71641
161.716 266.382 269.934 -36717.1 54094.3 -1.88635 -164.022 -261.381 -269.934 -37139.7 -8293.95 1.88635
156.001 280.808 261.52 -38844.4 52495.8 -2.05368 -158.431 -277.415 -261.52 -39272.5 -8289.27 2.05368
150.418 289.217 253.317 -40062.8 50703 -2.21798 -152.174 -286.814 -253.317 -40543.9 -8165.32 2.21798
144.25 291.388 244.949 -40352.3 48665.3 -2.37862 -145.249 -289.432 -244.949 -40922.1 -7972.17 2.37862
137.419 287.266 237.448 -39710.7 46390.8 -2.53476 -137.495 -285.305 -237.448 -40407.4 -7750.15 2.53476
129.625 277.22 231.864 -38192 43890.7 -2.68534 -129.116 -274.85 -231.864 -39056.1 -7523.31 2.68534
120.183 261.683 229.116 -35871.2 41182.1 -2.82924 -120.72 -258.702 -229.116 -36942.8 -7318.49 2.82924
109.391 241.423 229.043 -32840.8 38249.7 -2.96554 -111.646 -237.347 -229.043 -34150.8 -7171.89 2.96554
97.488 217.105 231.027 -29202 35090.7 -3.09357 -101.531 -211.534 -231.027 -30775.9 -7098.39 3.09357
84.8258 189.167 234.867 -25057.8 31720.9 -3.21279 -90.0834 -182.281 -234.867 -26919.2 -7105.98 3.21279
72.3277 158.44 240.04 -20533.5 28214 -3.32275 -77.4736 -150.54 -240.04 -22704 -7116 3.32275
60.0662 126.087 247.222 -15819.3 24639.1 -3.42301 -64.5591 -117.5 -247.222 -18269.4 -7067.18 3.42301
48.0287 93.5105 258.628 -11133.3 21106.7 -3.51326 -52.2504 -84.1591 -258.628 -13732.9 -6943.52 3.51326
37.3104 62.1043 276.322 -6724.39 17817 -3.59328 -41.3776 -51.8355 -276.322 -9224.85 -6675.46 3.59328
27.8983 31.3624 296.455 -2571.39 14776.9 -3.66301 -32.0447 -20.3542 -296.455 -4670.57 -6259.94 3.66301
20.2786 1.2854 316.749 1294.83 11985.7 -3.7224 -24.2239 10.2599 -316.749 -42.7533 -5633.4 3.7224
15.0426 -27.0953 334.865 4822.22 9400.77 -3.77137 -17.9421 39.1961 -334.865 4452.8 -4667.72 3.77137
10.5801 -52.6344 348.764 7974.88 6909.48 -3.80962 -12.6462 65.1454 -348.764 8508.28 -3553.02 3.80962
4.51762 -74.5557 355.631 10706.8 4349.29 -3.83644 -6.6834 87.1508 -355.631 11926.5 -2689.71 3.83644
-3.78328 -93.1978 354.745 13026.5 1631.78 -3.85074 1.19841 105.406 -354.745 14772.7 -2252.76 3.85074
-13.9613 -108.325 347.67 14909.5 -1237.16 -3.85141 10.9944 120.025 -347.67 17053.7 -2195.39 3.85141
-25.231 -120.354 342.541 16423.7 -4151.24 -3.83801 21.9244 131.664 -342.541 18852.6 -2403.07 3.83801
-36.7389 -128.982 339.936 17519.6 -7062.17 -3.81092 33.0821 140.133 -339.936 20150.1 -2678.16 3.81092
-47.7205 -134.287 340.868 18203.9 -9920.75 -3.77092 43.4455 145.466 -340.868 20955.2 -2820.38 3.77092
-57.4675 -136.135 343.865 18440.6 -12651.6 -3.71869 52.4974 147.422 -343.865 21251.4 -2734.08 3.71869
-65.1892 -134.38 347.154 18244.1 -15238 -3.65451 60.0952 146.003 -347.154 21003.8 -2305.75 3.65451
-71.1165 -128.7 348.019 17568.8 -17676.5 -3.57824 66.4933 140.896 -348.019 20169 -1606.21 3.57824
-75.5151 -119.371 345.932 16427.5 -19964.4 -3.48939 71.9947 132.073 -345.932 18768.7 -717.168 3.48939
-78.8029 -106.505 341.746 14807.2 -22125.2 -3.38722 76.8963 119.487 -341.746 16825.3 285.066 3.38722
-81.5797 -90.3075 337.386 12724.1 -24204 -3.27093 81.3789 103.061 -337.386 14340.8 1336.24 3.27093
-84.0497 -71.0516 334.132 10209.6 -26205.7 -3.13975 85.9833 83.0627 -334.132 11359.8 2336.88 3.13975
-86.9548 -48.6857 333.749 7311.44 -28169.6 -2.99298 90.2222 59.81 -333.749 7872.02 3289.99 2.99298
-90.3917 -23.1684 334.978 4027.52 -30114.5 -2.83006 94.8996 33.0983 -334.978 3845.04 4088.6 2.83006
-95.895 4.89241 340.353 424.173 -32166.8 -2.65053 100.969 3.87989 -340.353 -569.205 4510.22 2.65053
-102.744 33.1189 347.364 -3350.16 -34322.6 -2.45418 109.105 -25.948 -347.364 -4921.56 4558.29 2.45418
-109.913 61.1668 352.555 -7252.86 -36460.4 -2.24142 118.089 -56.396 -352.555 -9207.59 4426.51 2.24142
-116.314 87.8782 350.815 -11101.6 -38321.4 -2.01368 125.447 -85.9355 -350.815 -13233 4356.99 2.01368
-120.16 111.98 339.299 -14689.5 -39691.4 -1.77338 130.136 -113.568 -339.299 -16885.8 4532.86 1.77338
-121.248 132.773 322.542 -17866.7 -40546.7 -1.52314 131.816 -138.087 -322.542 -20049.1 5004.81 1.52314
-120.893 150.393 305.813 -20544.6 -40999.8 -1.26502 130.865 -158.523 -305.813 -22695 5645.92 1.26502
-119.829 164.346 292.376 -22607.2 -41157.1 -1.00035 128.232 -173.857 -292.376 -24728.9 6324.96 1.00035
-118.516 173.874 283.368 -23976.6 -41132.3 -0.730209 125.406 -183.827 -283.368 -26086.8 6882.64 0.730209
-117.19 178.479 277.794 -24616.8 -40992.4 -0.455764 123.49 -188.442 -277.794 -26735.8 7198.87 0.455764
-116.444 177.836 273.734 -24498.2 -40743.4 -0.178411 122.246 -187.601 -273.734 -26646 7230.8 0.178411
-116.104 171.913 269.89 -23608.9 -40351.7 0.100196 121.371 -181.194 -269.89 -25809.1 7012.45 -0.100196
-115.641 160.91 266.11 -21977.6 -39775.4 0.378165 120.481 -169.433 -266.11 -24254 6629.27 -0.378165
-114.919 145.347 263.311 -19665.4 -38977.4 0.653423 118.71 -152.634 -263.311 -22037.1 6184.2 -0.653423
-113.069 125.837 263.646 -16817.4 -37938.6 0.923849 116.116 -131.914 -263.646 -19255.6 5770.17 -0.923849
-109.783 102.887 266.451 -13493.3 -36648.8 1.18744 112.63 -107.701 -266.451 -15980 5430.12 -1.18744
-105.302 77.4803 273.707 -9884.88 -35132.3 1.44241 107.675 -80.9692 -273.707 -12292.8 5234.52 -1.44241
-100.025 50.2657 284.645 -6098.24 -33504.8 1.6872 102.461 -52.8216 -284.645 -8332.21 5074.86 -1.6872
-94.8005 21.8526 300.052 -2246.69 -31879.9 1.92048 97.2958 -23.5507 -300.052 -4111.07 4903 -1.92048
-90.173 -7.85929 317.294 1659.52 -30255.4 2.14115 92.2469 7.19578 -317.294 444.434 4632.53 -2.14115
-87.0472 -38.0527 334.39 5517.34 -28693.3 2.34825 88.3701 38.6599 -334.39 5216.97 4052.22 -2.34825
-84.0276 -65.844 345.893 9126.99 -27060.3 2.54081 84.8462 67.8337 -345.893 9581.98 3340.35 -2.54081
-80.2041 -91.0717 350.546 12433.2 -25255.4 2.71761 80.0749 94.0916 -350.546 13483.8 2746.68 -2.71761
-74.2912 -113.651 349.323 15357.9 -23223.5 2.8773 73.7491 116.671 -349.323 16881.2 2437.87 -2.8773
-66.8079 -133.265 345.429 17887.1 -21052.7 3.01872 66.4729 135.968 -345.429 19798.9 2343.55 -3.01872
-58.3689 -149.79 341.762 19991.2 -18763.3 3.14128 58.194 151.693 -341.762 22209.4 2404.56 -3.14128
-49.5301 -163.348 339.37 21678.3 -16420.6 3.24492 49.775 163.783 -339.37 24112.4 2487.55 -3.24492
-41.0653 -173.542 338.774 22927.5 -14102.3 3.32965 41.8753 172.527 -338.774 25514.2 2470 -3.32965
-33.786 -179.692 338.181 23685.7 -11822.3 3.39526 34.2117 177.886 -338.181 26367 2292.02 -3.39526
-27.25 -181.948 337.715 23958.6 -9601.13 3.44131 27.5613 179.809 -337.715 26678.9 1927.46 -3.44131
-21.5475 -179.972 336.029 23679.7 -7516.4 3.46738 22.3417 178.014 -336.029 26429.5 1382.75 -3.46738
-16.4576 -174.158 333.862 22905.4 -5516.01 3.47298 18.0317 172.725 -333.862 25649.3 709.518 -3.47298
-11.2555 -164.682 331.907 21669.9 -3511.18 3.45743 13.5317 164.127 -331.907 24354.2 74.0611 -3.45743
-4.92609 -151.852 329.993 20001.3 -1477.7 3.42008 9.06449 152.213 -329.993 22558.7 -437.003 -3.42008
1.9555 -135.985 328.326 17958 640.306 3.3606 3.49778 137.317 -328.326 20295.2 -801.576 -3.3606
9.56486 -117.454 328.086 15593.2 2857.52 3.27906 -2.90821 119.837 -328.086 17619 -1045.88 -3.27906
17.5706 -96.4569 328.043 12926.5 5190.72 3.17576 -10.8305 99.7186 -328.043 14529.8 -1138.55 -3.17576
26.3548 -73.5717 327.768 10010.2 7660.05 3.05117 -19.5338 77.1079 -327.768 11077 -1149.24 -3.05117
36.3017 -49.2383 329.676 6898.66 10245.7 2.90582 -28.0421 52.0875 -329.676 7279.72 -1140.16 -2.90582
46.4347 -22.2681 338.274 3515.66 12990.2 2.74031 -36.9422 23.782 -338.274 2925.59 -1206.52 -2.74031
58.5219 7.5081 355.59 -152.958 16084.8 2.55526 -48.1694 -7.4774 -355.59 -1948.86 -1020 -2.55526
71.8182 36.0366 371.045 -3894.45 19436.7 2.35159 -61.1676 -37.2657 -371.045 -6370.99 -673.774 -2.35159
83.9977 62.8415 376.79 -7565.63 22752.5 2.13091 -73.7472 -64.4439 -376.79 -10257.2 -509.875 -2.13091
94.1235 87.3216 367.053 -10987.1 25754.3 1.89565 -83.9507 -88.5928 -367.053 -13642.6 -659.684 -1.89565
102.211 109.176 347.368 -14070.8 28422.1 1.64835 -91.7358 -109.658 -347.368 -16564.8 -1105.71 -1.64835
109.067 128.653 328.004 -16789.2 30896.2 1.39104 -97.9613 -127.812 -328.004 -19111.3 -1749.85 -1.39104
115.462 145.722 316.061 -19172.1 33299.2 1.12517 -103.597 -143.548 -316.061 -21318.4 -2466.88 -1.12517
121.772 160.145 313.025 -21200.1 35739.6 0.851972 -110.265 -156.973 -313.025 -23187.4 -3083.77 -0.851972
128.972 171.823 314.918 -22813.2 38244 0.572883 -118.107 -167.462 -314.918 -24677.1 -3473.4 -0.572883
136.807 180.486 316.353 -23976.1 40735.7 0.289761 -126.971 -174.759 -316.353 -25748 -3619.11 -0.289761
144.895 185.85 313.976 -24683.4 43105.8 0.00494313 -135.958 -178.983 -313.976 -26382.2 -3594.14 -0.00494313
152.227 188.215 308.087 -24944.4 45265.2 -0.278964 -144.515 -179.953 -308.087 -26586.7 -3528.25 0.278964
157.986 187.782 301.116 -24793.9 47137.7 -0.559436 -151.858 -177.944 -301.116 -26394 -3566.93 0.559436
162.294 184.569 295.957 -24270.4 48688.6 -0.834347 -156.968 -173.569 -295.957 -25854.7 -3799.01 0.834347
164.739 178.873 293.843 -23405.3 49919.3 -1.10213 -160.182 -167.013 -293.843 -25004.8 -4234.81 1.10213
165.757 170.917 294.362 -22270.9 50834 -1.36174 -161.437 -158.876 -294.362 -23887.1 -4826.59 1.36174
165.736 160.581 295.34 -20867.4 51460.2 -1.61249 -161.28 -149.254 -295.34 -22497.5 -5473 1.61249
164.621 147.888 295.114 -19175.2 51835.4 -1.85384 -160.634 -137.923 -295.114 -20827.5 -6092.01 1.85384
162.887 133.048 294.111 -17199.3 51995.7 -2.08527 -159.555 -124.705 -294.111 -18876.8 -6644.79 2.08527
161.054 116.512 292.754 -15009.4 51957.7 -2.30625 -157.971 -110.005 -292.754 -16695 -7084.92 2.30625
159.004 98.5014 291.196 -12602.2 51727.5 -2.51628 -156.155 -93.6886 -291.196 -14298.1 -7396.74 2.51628
156.45 79.2061 291.485 -9973.24 51325.3 -2.71489 -154.418 -75.8293 -291.485 -11727.5 -7595.03 2.71489
152.828 58.3037 293.892 -7131.73 50688 -2.90158 -151.859 -56.2193 -293.892 -8899.72 -7821.59 2.90158
147.984 36.29 297.659 -4132.91 49793.4 -3.07593 -148.389 -35.4397 -297.659 -5910.12 -8088.55 3.07593
142.791 13.6793 302.999 -1043.75 48651.5 -3.23768 -143.315 -13.7795 -302.999 -2803.98 -8381.03 3.23768
136.624 -9.11676 307.847 2052.2 47258 -3.3867 -137.444 7.98488 -307.847 336.149 -8671.1 3.3867
129.37 -31.7032 313.196 5122.3 45659.2 -3.52284 -131.484 29.2797 -313.196 3407.36 -8920.85 3.52284
121.703 -53.6465 317.452 8059.01 43850 -3.64584 -124.661 49.7439 -317.452 6405.99 -9140.46 3.64584
113.63 -74.4483 319.453 10843.3 41822.1 -3.75533 -116.902 69.1638 -319.453 9251.28 -9331.96 3.75533
105.104 -93.5129 319.944 13386.1 39637.8 -3.85094 -108.902 87.3555 -319.944 11923.1 -9466.29 3.85094
95.5039 -110.392 319.311 15657 37260.1 -3.9324 -100.525 103.628 -319.311 14292.3 -9611.73 3.9324
86.0153 -125.233 319.013 17635 34753.1 -3.99958 -91.3596 118.123 -319.013 16420.6 -9723.01 3.99958
77.3822 -137.829 319.945 19262.3 32188 -4.05243 -81.5679 130.44 -319.945 18280.6 -9743.82 4.05243
68.9418 -148.185 320.287 20562.7 29522.8 -4.09083 -71.3819 140.138 -320.287 19787.4 -9693.7 4.09083
60.7162 -156.078 320.462 21512 26852 -4.11459 -61.8923 147.226 -320.462 20935.3 -9511.17 4.11459
52.6228 -161.182 319.62 22088.8 24198.3 -4.1235 -53.4988 151.911 -319.62 21728.9 -9174.89 4.1235
45.0237 -163.573 318.323 22295.6 21576.3 -4.11729 -45.7883 154.139 -318.323 22168.9 -8706.24 4.11729
37.5301 -163.551 317.168 22146.3 18963.9 -4.09557 -38.6062 153.852 -317.168 22275.2 -8158.42 4.09557
29.9977 -161.088 316.302 21660.4 16350.4 -4.05797 -31.6855 151.279 -316.302 22056.5 -7578.46 4.05797
22.199 -156.101 316.053 20856.7 13722.1 -4.0042 -24.7268 146.782 -316.053 21533.2 -7025.98 4.0042
14.3318 -148.836 316.681 19758.7 11084.1 -3.93415 -17.2134 140.444 -316.681 20727.8 -6550.82 3.93415
6.19962 -139.751 317.134 18401.5 8435.02 -3.84795 -9.26654 132.09 -317.134 19644.4 -6162.38 3.84795
-2.13425 -129.256 318.398 16851.7 5838.76 -3.74605 -1.42754 122.124 -318.398 18330.9 -5839.74 3.74605
-9.73047 -117.64 320.756 15193.2 3365.6 -3.62917 6.27459 111.186 -320.756 16832.9 -5517.76 3.62917
-16.8289 -104.993 323.286 13462.6 1021.84 -3.49819 13.3055 99.574 -323.286 15168.2 -5161.84 3.49819
-23.157 -91.9259 325.862 11715.3 -1161.07 -3.35401 19.4538 87.2858 -325.862 13366.4 -4735.79 3.35401
-28.5418 -78.6305 328.071 9955.35 -3206.69 -3.19751 25.009 74.0436 -328.071 11411.5 -4232.31 3.19751
-33.0198 -65.1536 329.078 8168.85 -5153.76 -3.02942 30.2106 59.824 -329.078 9320.84 -3651.29 3.02942
-36.6618 -51.5423 331.114 6397.09 -7024.98 -2.85031 34.7334 45.0531 -331.114 7119.51 -2934.12 2.85031
-39.9082 -37.6094 333.838 4615.31 -8819.03 -2.66053 38.3698 29.7289 -333.838 4805.91 -2114.73 2.66053
-42.1632 -23.287 337.297 2866.72 -10538.1 -2.46032 40.8777 13.9143 -337.297 2336.33 -1073.83 2.46032
-44.8148 -9.38979 338.718 1228.33 -12263.3 -2.24983 43.5117 -1.06852 -338.718 -67.3405 -99.8573 2.24983
-49.5376 2.41009 335.863 -178.827 -14070.4 -2.02922 47.5191 -13.3786 -335.863 -2034.75 475.023 2.02922
-55.496 12.0065 330.404 -1329.05 -15944.9 -1.79898 53.1775 -22.6745 -330.404 -3528.87 714.607 1.79898
-61.8615 19.9048 327.034 -2268.18 -17892.9 -1.56005 59.8043 -29.4396 -327.034 -4642.18 835.781 1.56005
-68.0467 25.9013 325.952 -2974.15 -19799.4 -1.31361 66.0098 -34.0538 -325.952 -5421.43 999.785 1.31361
-73.0922 29.7597 325.785 -3446.44 -21561.9 -1.06075 71.1982 -37.0609 -325.785 -5910.16 1321.68 1.06075
-76.5139 31.5041 326.419 -3691.25 -23149.5 -0.80241 75.3422 -38.724 -326.419 -6142.38 1842.14 0.80241
-78.4819 31.4228 326.69 -3723.02 -24549 -0.539413 78.294 -38.8993 -326.69 -6123.83 2545.02 0.539413
-79.6401 29.8301 326.976 -3574.69 -25809.3 -0.272483 80.1829 -37.6566 -326.976 -5875.27 3371.06 0.272483
-80.0549 26.6164 326.724 -3225.59 -26943.4 -0.00228868 81.6059 -34.864 -326.724 -5383.61 4240.79 0.00228868
-79.7964 22.0121 325.32 -2676.96 -27959.4 0.270466 83.0726 -30.4163 -325.32 -4665.14 5081.41 -0.270466
-79.4786 16.351 323.884 -1949.69 -28894.2 0.544921 84.7183 -24.3912 -323.884 -3756.53 5824.9 -0.544921
-79.4416 9.57944 322.701 -1055.04 -29731.7 0.819956 86.1197 -16.861 -322.701 -2649.24 6466.62 -0.819956
-79.6778 1.98772 322.126 -24.6949 -30481.2 1.09419 87.5423 -8.21401 -322.126 -1406.52 6979.65 -1.09419
-79.7323 -6.47482 322.065 1126.36 -31121.4 1.36605 89.2068 1.53086 -322.065 -9.03695 7375.61 -1.36605
-79.6235 -15.2611 322.558 2340.15 -31624.7 1.63389 90.7951 11.9042 -322.558 1458.99 7668.84 -1.63389
-79.9557 -24.0256 323.892 3577.75 -31980.7 1.89604 91.4599 22.3361 -323.892 2908.4 7882.79 -1.89604
-80.4462 -32.7263 324.913 4792.82 -32168.3 2.15075 91.3076 32.4694 -324.913 4329.64 8021.5 -2.15075
-80.6346 -40.8851 325.17 5928.14 -32187.2 2.39622 90.7745 41.985 -325.17 5668.28 8088.25 -2.39622
-80.5198 -48.1038 324.497 6942.65 -32034.9 2.63062 89.7618 50.522 -324.497 6859.17 8094.48 -2.63062
-79.8755 -54.245 323.116 7809.49 -31705.5 2.8522 88.3321 57.8184 -323.116 7873.2 8057.16 -2.8522
-78.5802 -59.0382 321.581 8498.69 -31202.1 3.05926 86.4886 63.6931 -321.581 8677.16 7995.51 -3.05926
-76.5275 -62.4135 320.414 8976.95 -30534.5 3.25025 84.349 67.853 -320.414 9253.56 7917.62 -3.25025
-73.7976 -64.1193 319.726 9223.96 -29705.9 3.42374 81.7442 70.24 -319.726 9579.39 7838.97 -3.42374
-70.5895 -63.8152 319.342 9234.42 -28719.6 3.57845 78.4073 71.0242 -319.342 9636.11 7772.58 -3.57845
-66.6529 -61.446 318.417 8992.42 -27565.5 3.71332 74.5116 69.9921 -318.417 9401.97 7719.25 -3.71332
-61.9807 -57.0023 317.121 8492.01 -26272.4 3.82751 70.3546 67.0254 -317.121 8865.04 7667.05 -3.82751
-56.9796 -50.6566 316.304 7746.57 -24897.2 3.92038 66.0525 62.0111 -316.304 8020.3 7599.5 -3.92038
-51.5887 -42.3095 314.755 6728.27 -23401.8 3.99142 61.3974 54.6574 -314.755 6840.8 7516.52 -3.99142
-45.8118 -31.7802 312.226 5426.48 -21771.4 4.04023 56.2521 44.9604 -312.226 5311.37 7421.78 -4.04023
-40.0925 -19.2092 309.484 3855.82 -20026.2 4.06658 50.5212 32.953 -309.484 3441.74 7286.66 -4.06658
-34.4592 -4.8106 307.778 2045.79 -18198.4 4.07052 44.6414 18.5615 -307.778 1222.13 7077.88 -4.07052
-28.9842 10.8329 308.844 92.6504 -16372.5 4.05229 39.2887 2.37794 -308.844 -1279.49 6775.15 -4.05229
-23.837 27.3608 312.375 -1975.9 -14571.6 4.01229 34.5781 -14.9223 -312.375 -3946 6362.03 -4.01229
-18.908 44.2888 316.516 -4131.58 -12753.4 3.95095 30.0609 -33.0126 -316.516 -6692.21 5874.71 -3.95095
-14.2207 61.1877 318.368 -6313.59 -10861.1 3.86861 25.0226 -51.2191 -318.368 -9424.39 5353.33 -3.86861
-9.25394 77.7439 317.236 -8460.84 -8871.44 3.76552 19.1916 -68.7155 -317.236 -12043.9 4885.1 -3.76552
-3.40503 93.676 314.016 -10536 -6796.16 3.64198 12.9556 -85.2594 -314.016 -14514.5 4511.47 -3.64198
3.33184 108.886 311.237 -12546.6 -4645.81 3.49836 6.01958 -100.707 -311.237 -16794.9 4284.85 -3.49836
10.2465 123.422 310.297 -14511.8 -2445.92 3.33524 -1.48657 -115.287 -310.297 -18905.1 4113.4 -3.33524
17.0678 137.102 312.223 -16401.9 -213.781 3.15337 -9.15162 -128.837 -312.223 -20826.6 3919.27 -3.15337
23.5779 149.208 314.589 -18125.2 2029.88 2.9537 -16.1676 -140.906 -314.589 -22487 3579.62 -2.9537
28.9757 158.858 314.061 -19565.3 4218.58 2.7371 -22.8579 -150.932 -314.061 -23800.5 3093.41 -2.7371
33.2674 165.876 310.772 -20661.3 6380.88 2.50425 -29.2378 -158.371 -310.772 -24727.1 2434.69 -2.50425
36.5352 170.25 305.706 -21363.7 8466.17 2.25571 -34.904 -162.77 -305.706 -25251.2 1609.07 -2.25571
38.8127 171.988 300.483 -21664.5 10463.1 1.99197 -39.9744 -164.086 -300.483 -25376.7 649.29 -1.99197
40.5696 170.972 298.15 -21588.3 12405.3 1.71363 -44.4887 -162.738 -298.15 -25121.1 -405.999 -1.71363
41.8653 167.092 298.127 -21142.7 14246 1.42144 -48.0467 -158.796 -298.127 -24471.7 -1557.75 -1.42144
43.429 160.571 299.418 -20328.6 16028.8 1.11624 -51.5364 -152.311 -299.418 -23465.4 -2623.6 -1.11624
45.729 151.548 300.099 -19142.1 17774.8 0.799008 -55.2781 -143.251 -300.099 -22120.9 -3515.37 -0.799008
48.3528 140.229 299.151 -17625.2 19435 0.471009 -59.4023 -131.841 -299.151 -20456.4 -4223.9 -0.471009
50.9089 126.812 298.907 -15819.1 21017.1 0.133919 -63.854 -118.458 -298.907 -18511.5 -4818.41 -0.133919
53.9521 111.863 300.252 -13814.1 22498.3 -0.210291 -67.8918 -103.938 -300.252 -16392.2 -5301.78 0.210291
57.3454 95.36 303.58 -11641.5 23837.5 -0.559491 -71.0324 -88.4632 -303.58 -14089.5 -5719.4 0.559491
60.2299 77.8363 307.772 -9363.66 24994.7 -0.91145 -73.6974 -72.3643 -307.772 -11661.9 -6092.87 0.91145
62.2307 59.2395 310.927 -6943.46 25948.9 -1.26385 -75.9487 -55.3271 -310.927 -9094.98 -6446.18 1.26385
63.3779 39.5802 314.237 -4405.78 26701.7 -1.61431 -77.6559 -37.4471 -314.237 -6379.02 -6794.19 1.61431
63.8417 19.5022 318.493 -1824.33 27260.1 -1.96046 -78.7919 -19.2909 -318.493 -3609.52 -7123.62 1.96046
63.8819 -0.536625 322.37 754.121 27593.5 -2.29995 -78.8818 -1.05541 -322.37 -831.281 -7434.76 2.29995
63.2973 -20.3471 326.309 3295.3 27690.1 -2.63054 -78.0498 16.9697 -326.309 1922.97 -7726.26 2.63054
61.687 -39.1789 329.843 5719.82 27543.2 -2.95019 -76.4427 34.1683 -329.843 4541.51 -8027.31 2.95019
59.0563 -57.0644 332.426 8062.93 27135.8 -3.25716 -73.8792 50.8076 -332.426 7030.84 -8345.95 3.25716
55.5558 -73.6557 333.002 10240.3 26485.6 -3.54997 -70.3709 66.4135 -333.002 9360.26 -8677.64 3.54997
51.1392 -89.0197 332.096 12251.2 25592.6 -3.82734 -65.9699 80.7458 -332.096 11506 -9021.34 3.82734
45.9813 -102.902 331.561 14046.8 24518.3 -4.08807 -61.1114 93.5877 -331.561 13451.2 -9351.93 4.08807
40.4602 -115.132 331.205 15627.8 23310.9 -4.33104 -56.1798 105.168 -331.205 15203.2 -9611.11 4.33104
34.8583 -125.408 330.101 16996.9 21944.4 -4.55505 -50.7871 115.665 -330.101 16741.8 -9788.22 4.55505
29.3123 -133.491 329.386 18127 20457.5 -4.75887 -45.0921 124.825 -329.386 18025.4 -9879.81 4.75887
23.814 -139.072 328.121 18959.6 18874.4 -4.94134 -39.5655 132.282 -328.121 19017.9 -9846.02 4.94134
18.8175 -142.097 326.407 19459.6 17225.1 -5.10144 -34.0959 137.652 -326.407 19693 -9668.6 5.10144
14.4284 -142.667 323.218 19588.5 15487.3 -5.23826 -28.4078 140.218 -323.218 20003 -9349.55 5.23826
10.3934 -140.878 319.901 19326.1 13707.1 -5.35095 -23.0849 139.671 -319.901 19938.2 -8887.83 5.35095
6.85143 -136.413 316.692 18663.7 11882.6 -5.43874 -17.6834 136.108 -316.692 19476.8 -8324.07 5.43874
3.82375 -129.399 314.558 17626.3 10036.3 -5.50101 -12.1743 129.719 -314.558 18638.3 -7681.43 5.50101
0.341307 -120.261 313.37 16259.9 8198.41 -5.53733 -7.6261 120.589 -313.37 17447.8 -6976.16 5.53733
-3.44519 -109.262 313.043 14609.6 6378.85 -5.54753 -3.62642 109.032 -313.043 15941.4 -6254.88 5.54753
-6.81776 -97.2239 315.26 12812.9 4635.32 -5.53166 0.431711 95.858 -315.26 14209.2 -5559.35 5.53166
-10.1771 -84.2578 318.176 10925.3 2933 -5.49 4.48563 81.5381 -318.176 12277.8 -4902.67 5.49
-13.595 -70.677 321.378 9019.63 1287.79 -5.423 8.4778 66.738 -321.378 10210.9 -4302.86 5.423
-17.0249 -56.8402 324.289 7131.74 -309.598 -5.33116 12.3826 51.5833 -324.289 8040.55 -3740.61 5.33116
-20.4001 -42.702 325.779 5282.76 -1879.87 -5.21494 16.2606 36.2749 -325.779 5767.61 -3194.48 5.21494
-23.7004 -28.0144 326.903 3495.05 -3410.85 -5.07477 19.6961 20.886 -326.903 3345.45 -2615.41 5.07477
-27.0152 -12.9384 327.978 1759.32 -4916.29 -4.91111 22.2959 5.73368 -327.978 850.409 -1947.07 4.91111
-29.9819 1.65746 329.472 142.252 -6405.57 -4.72447 24.7717 -8.28126 -329.472 -1536.79 -1228.89 4.72447
-33.2477 14.3252 329.029 -1265.03 -7946.21 -4.51527 28.2546 -19.7721 -329.029 -3510.85 -642.035 4.51527
-36.9969 24.8885 327.111 -2463.7 -9553.79 -4.28388 33.0794 -28.9023 -327.111 -5068.76 -243.303 4.28388
-40.6035 33.6504 324.501 -3480.24 -11164.4 -4.03095 38.5343 -36.3191 -324.501 -6316.88 90.6407 4.03095
-43.5339 40.9384 321.59 -4332.65 -12701.3 -3.75792 43.6363 -42.351 -321.59 -7328.96 495.179 3.75792
-45.709 46.6719 320.137 -5042.5 -14114.8 -3.46672 47.3519 -47.3939 -320.137 -8127.58 1076.22 3.46672
-46.6467 51.0234 320.955 -5635.83 -15396.6 -3.15925 49.8481 -51.6417 -320.955 -8738.09 1869.3 3.15925
-46.1262 54.0312 322.947 -6081.37 -16538.5 -2.83704 51.4993 -54.7644 -322.947 -9150.86 2844.85 2.83704
-45.1885 55.7492 324.038 -6355.95 -17554 -2.50132 52.2458 -56.5658 -324.038 -9369.04 3879.52 2.50132
-44.4995 56.0949 323.035 -6444.34 -18459.8 -2.15316 52.0784 -56.8267 -323.035 -9365.57 4898.35 2.15316
-44.4905 55.3721 320.168 -6355.82 -19312 -1.79375 51.9822 -55.5796 -320.168 -9178.15 5759.49 1.79375
-45.3125 53.7596 316.159 -6095.75 -20145.1 -1.42455 52.4992 -52.7107 -316.159 -8810.68 6400.62 1.42455
-47.0465 51.3457 312.568 -5689.41 -20978.8 -1.04742 53.8104 -48.4755 -312.568 -8286.07 6804.34 1.04742
-49.3804 48.0714 310.472 -5164.55 -21804.2 -0.664632 55.9012 -43.3441 -310.472 -7634.22 7007.13 0.664632
-52.1305 44.0941 310.653 -4548.81 -22595.9 -0.278711 58.3277 -37.5805 -310.653 -6886.47 7071 0.278711
-54.6881 39.5592 312.781 -3870.24 -23315.7 0.10768 60.8778 -31.4403 -312.781 -6070.91 7072.71 -0.10768
-56.4314 34.6333 315.531 -3166.8 -23913.9 0.491885 63.3615 -25.3357 -315.531 -5230.47 7076.3 -0.491885
-57.5433 29.6386 318.143 -2465.12 -24348.8 0.871347 64.8478 -19.2778 -318.143 -4385.14 7144.95 -0.871347
-57.5837 24.8894 320.014 -1786.95 -24600.8 1.24368 65.4362 -13.3449 -320.014 -3568.16 7306.97 -1.24368
-56.4832 20.4879 320.798 -1169.09 -24661.9 1.60668 65.1618 -8.01376 -320.798 -2823.72 7559.22 -1.60668
-54.7306 16.5276 320.399 -635.606 -24537.1 1.95839 63.6638 -3.55025 -320.399 -2178.09 7888.91 -1.95839
-52.1711 13.1907 319.302 -205.824 -24248 2.29707 61.5172 -0.0628305 -319.302 -1652.64 8258.76 -2.29707
-49.0866 10.5774 317.819 101.336 -23823.4 2.62124 59.0165 2.22062 -317.819 -1274.39 8616.73 -2.62124
-46.0047 8.70974 316.19 279.462 -23290.3 2.92965 56.1663 3.2294 -316.19 -1049.9 8915.35 -2.92965
-43.4128 7.60501 314.476 332.328 -22675.5 3.22122 52.9884 3.02177 -314.476 -977.207 9110.3 -3.22122
-41.4375 7.2498 312.717 273.127 -22007.3 3.49494 49.829 1.77085 -312.717 -1043.38 9163.52 -3.49494
-40.1246 7.5452 310.972 121.703 -21309.7 3.74988 46.9759 -0.310927 -310.972 -1224.68 9052.28 -3.74988
-39.671 8.42465 309.383 -99.1341 -20599.4 3.9851 44.3606 -2.93264 -309.383 -1493.88 8775.39 -3.9851
-39.8271 9.75509 308.212 -361.207 -19887.7 4.19971 42.173 -5.81162 -308.212 -1820.98 8352.23 -4.19971
-40.0716 11.354 307.647 -642.371 -19176.4 4.39282 40.6788 -8.79051 -307.647 -2180.55 7820.11 -4.39282
-39.4958 13.0607 307.76 -919.645 -18445.5 4.56364 40.1751 -11.6285 -307.76 -2539.4 7244.84 -4.56364
-38.3311 14.729 308.647 -1171.98 -17663.5 4.71147 39.645 -14.2138 -308.647 -2882.44 6704.45 -4.71147
-36.5562 16.3185 310.182 -1386.36 -16799 4.83574 38.428 -16.4498 -310.182 -3203.52 6263.12 -4.83574
-33.5765 17.7269 311.749 -1542.79 -15827.4 4.93604 36.6074 -17.9962 -311.749 -3460.69 5967.87 -4.93604
-29.2695 18.7733 313.262 -1642.4 -14755 5.01215 34.2681 -18.9614 -313.262 -3642.69 5830.28 -5.01215
-23.8877 19.2668 314.366 -1695.28 -13589.2 5.06407 31.3855 -19.6045 -314.366 -3748.91 5825.97 -5.06407
-17.7351 19.0212 314.543 -1697.68 -12332.9 5.09208 28.0338 -20.0241 -314.543 -3770.85 5904.95 -5.09208
-11.5359 17.9124 313.318 -1631.91 -10989 5.09665 24.0171 -20.2051 -313.318 -3706.69 5996.38 -5.09665
-6.17349 16.0115 311.016 -1485.64 -9590.35 5.07841 19.2567 -19.877 -311.016 -3540.85 6020.48 -5.07841
-1.27684 13.1874 308.486 -1245.35 -8183.75 5.03809 15.0127 -18.9823 -308.486 -3260.5 5899.58 -5.03809
2.89225 9.35413 306.581 -894.189 -6803.35 4.97641 11.6563 -17.3127 -306.581 -2841.34 5579.31 -4.97641
5.48133 4.77157 306.161 -416.033 -5468.08 4.894 8.60369 -14.3087 -306.161 -2257.56 5041.1 -4.894
6.60487 -0.562316 307.503 198.011 -4178.31 4.79133 6.12294 -9.75149 -307.503 -1487.17 4263.97 -4.79133
6.27876 -6.93456 312.118 959.064 -2943.44 4.66866 4.19443 -3.42912 -312.118 -471.52 3262.54 -4.66866
4.3727 -14.2876 320.276 1850.51 -1761.39 4.52603 2.99078 4.86959 -320.276 827.472 1992.66 -4.52603
2.06248 -22.0119 329.404 2808.13 -587.962 4.36325 2.35786 14.2591 -329.404 2264.98 595.963 -4.36325
1.32976 -29.4981 336.916 3744.84 687.588 4.17979 1.19842 23.308 -336.916 3642.65 -608.274 -4.17979
2.76735 -36.3054 341.567 4667.91 2140.42 3.97504 -1.29877 31.5511 -341.567 4826.4 -1499.37 -3.97504
5.84934 -42.5234 342.589 5552.01 3757.18 3.74884 -5.46156 39.1997 -342.589 5883.37 -2092.18 -3.74884
10.3165 -47.974 341.657 6350.06 5505.42 3.50186 -10.661 45.6772 -341.657 6755.03 -2478.4 -3.50186
15.4544 -52.9436 341.027 7068.57 7341.68 3.23564 -16.2602 50.911 -341.027 7464.76 -2803.03 -3.23564
20.5868 -57.2189 341.99 7673.48 9212.28 2.95223 -21.9126 54.8043 -341.99 8003.26 -3155.1 -2.95223
25.3007 -60.6835 344.239 8164.92 11061.1 2.6537 -27.1467 57.5855 -344.239 8386.06 -3602.16 -2.6537
29.2421 -63.1072 346.841 8523.86 12844.7 2.34205 -31.8214 59.3586 -346.841 8614.56 -4170.25 -2.34205
32.3841 -64.4801 348.633 8755.1 14533.5 2.019 -35.8446 60.2611 -348.633 8701.74 -4846.95 -2.019
34.8012 -64.5255 347.31 8830.59 16080.8 1.68602 -39.2073 60.2724 -347.31 8633.98 -5577.74 -1.68602
36.8225 -63.5582 344.35 8762.47 17533.9 1.34439 -42.3003 59.2914 -344.35 8429.14 -6308.59 -1.34439
39.1148 -61.9939 341.078 8580.13 18923.8 0.99539 -45.1431 57.3419 -341.078 8119.35 -6974.21 -0.99539
41.9566 -59.803 337.99 8290.57 20245.9 0.640476 -47.581 54.4206 -337.99 7693.09 -7552.36 -0.640476
45.1651 -56.9675 336.086 7894.34 21543.7 0.281347 -50.452 50.8501 -336.086 7192.48 -7994.37 -0.281347
48.7973 -53.6171 334.679 7427.41 22798.3 -0.0800755 -53.6068 46.8862 -334.679 6635.43 -8294.61 0.0800755
52.5121 -49.9337 333.528 6904.86 24003.2 -0.441748 -57.1605 42.4836 -333.528 6026.05 -8478.2 0.441748
55.7855 -46.0627 332.391 6353.67 25124.9 -0.801633 -61.1003 37.9048 -332.391 5394.41 -8586.95 0.801633
58.6356 -41.9453 330.967 5786.42 26114 -1.15779 -64.6596 33.4684 -330.967 4764.28 -8676.4 1.15779
61.2248 -37.7827 329.37 5223.82 26934.3 -1.50839 -67.0918 29.2275 -329.37 4150.58 -8791.73 1.50839
63.5628 -33.7023 327.426 4687.79 27575 -1.85178 -68.2411 25.3087 -327.426 3566.91 -8943 1.85178
65.397 -29.827 325.411 4182.77 28062.3 -2.1865 -68.719 21.6645 -325.411 3019.4 -9105.82 2.1865
66.9507 -26.2776 323.602 3705.53 28435.6 -2.51132 -68.8757 18.1369 -323.602 2506.08 -9239.18 2.51132
68.5959 -23.0325 321.918 3268.02 28727.2 -2.82514 -68.8433 14.8824 -321.918 2033.87 -9304.92 2.82514
70.3696 -20.2347 320.356 2879.69 28968.9 -3.12695 -69.0287 11.9129 -320.356 1614.98 -9272.77 3.12695
72.1594 -18.1189 319.019 2552.12 29177.1 -3.41573 -69.7068 9.16688 -319.019 1262.09 -9136.16 3.41573
73.8776 -16.9001 318.037 2304.46 29350 -3.6904 -70.8095 6.70968 -318.037 995.236 -8914.96 3.6904
75.3306 -16.7548 317.497 2162.71 29470.2 -3.94987 -72.1246 4.73189 -317.497 839.849 -8648.57 3.94987
76.1117 -17.9452 317.283 2167.99 29508.2 -4.19302 -73.5054 3.59951 -317.283 842.694 -8384.82 4.19302
75.7892 -20.471 317.239 2364.32 29425.1 -4.41872 -74.7692 3.96593 -317.239 1051.17 -8170.86 4.41872
74.4391 -24.362 317.377 2787.81 29188.7 -4.62593 -75.3727 6.36465 -317.377 1507.96 -8039.96 4.62593
72.0328 -29.8086 317.548 3458.19 28777 -4.81367 -75.1202 10.8642 -317.548 2229.63 -8001.63 4.81367
68.8573 -36.6913 318.046 4374.18 28195.8 -4.98108 -73.9097 17.5214 -318.046 3208.7 -8035.61 4.98108
65.5811 -44.8126 319.006 5521.97 27466.9 -5.12747 -71.6119 26.3174 -319.006 4428.73 -8088.23 5.12747
62.5063 -54.1366 320.5 6872.07 26631.4 -5.25227 -68.7434 36.8942 -320.5 5864.08 -8086.21 5.25227
60.2926 -64.5922 322.258 8365.63 25740.9 -5.35499 -65.5732 48.6164 -322.258 7474.73 -7951.43 5.35499
59.2081 -75.8653 323.579 9955.63 24839.8 -5.43522 -62.6444 61.0041 -323.579 9196.58 -7615.27 5.43522
59.0945 -87.6121 326.276 11591.3 23973.6 -5.49255 -60.5223 73.7382 -326.276 10987.7 -7065.19 5.49255
59.8806 -99.4511 329.413 13219.1 23167.3 -5.52653 -59.5688 86.4507 -329.413 12796.7 -6286.1 5.52653
60.9997 -111.066 331.721 14802.5 22342.1 -5.53668 -58.9929 98.6242 -331.721 14543.3 -5389.52 5.53668
61.9283 -122.289 333.794 16304.8 21457.9 -5.52256 -58.3763 109.954 -333.794 16198.2 -4466.96 5.52256
62.5378 -133.074 336.277 17714.1 20510.6 -5.48396 -57.5508 120.474 -336.277 17771.5 -3555.18 5.48396
61.8643 -142.776 338.264 18965.8 19445 -5.42094 -56.0453 129.763 -338.264 19178.6 -2800.23 5.42094
59.5114 -151.374 339.603 20061.9 18250.8 -5.33391 -54.1505 138.02 -339.603 20442.1 -2206.42 5.33391
55.9093 -158.84 339.878 20997.6 16916.3 -5.22373 -51.2942 145.066 -339.878 21538.1 -1782.3 5.22373
51.0732 -164.971 339.119 21735.3 15444.3 -5.09164 -47.5243 150.708 -339.119 22448.8 -1521.54 5.09164
45.1547 -169.563 338.456 22277.5 13883.9 -4.93911 -43.2181 155.167 -338.456 23173.6 -1398.86 4.93911
38.8067 -172.369 337.568 22610.8 12247.9 -4.76782 -38.209 158.462 -337.568 23694.5 -1359.09 4.76782
32.2671 -173.31 336.422 22714 10563.6 -4.5796 -32.8764 160.385 -336.422 23992.3 -1343.45 4.5796
25.6815 -172.4 335.445 22579.9 8871.25 -4.37638 -27.8087 160.747 -335.445 24050 -1289.15 4.37638
19.7782 -169.513 334.397 22184.3 7211.63 -4.1601 -22.9942 159.28 -334.397 23836.3 -1136.97 4.1601
14.82 -164.543 332.949 21506.3 5594.4 -3.93264 -18.3339 155.825 -332.949 23335 -873.701 3.93264
10.2992 -157.19 330.549 20530.3 3999.85 -3.69568 -14.2298 150.394 -330.549 22521.5 -494.515 3.69568
5.98687 -147.589 327.847 19259.9 2438.68 -3.45071 -10.9378 142.89 -327.847 21397.4 -6.09732 3.45071
2.07095 -136.218 325.846 17705.9 911.709 -3.19902 -8.03372 132.934 -325.846 19966.1 557.857 3.19902
-0.729724 -123.565 326.662 16000.6 -547.164 -2.94175 -4.99005 121.281 -326.662 18269.3 1190.44 2.94175
-2.97031 -109.169 328.896 14125.4 -2002.27 -2.67982 -1.71684 108.07 -328.896 16280.2 1865.38 2.67982
-5.50773 -93.4664 331.656 12119.1 -3478.4 -2.41405 1.91659 93.536 -331.656 14054 2469.23 2.41405
-8.1618 -76.1842 334.074 9960.34 -4981.01 -2.14522 5.50065 77.3342 -334.074 11525.5 3089.86 2.14522
-11.1455 -57.5027 335.358 7695.31 -6522.55 -1.87419 9.30272 59.6325 -335.358 8697.31 3672.6 1.87419
-15.0055 -37.243 334.205 5285.51 -8117.32 -1.60193 13.452 40.1835 -334.205 5548.57 4137.43 1.60193
-20.3493 -15.1523 331.396 2738.24 -9786.29 -1.3295 18.0461 19.3455 -331.396 2086.96 4406.99 1.3295
-27.5375 7.10422 328.775 166.882 -11561.2 -1.05807 23.9331 -1.49284 -328.775 -1373.72 4344.04 1.05807
-35.464 28.0826 327.456 -2338.4 -13387.3 -0.788827 30.851 -21.5491 -327.456 -4612.4 4085.11 0.788827
-43.5258 47.9468 329.987 -4832.03 -15266.4 -0.522961 37.7681 -40.9167 -329.987 -7610.7 3860.12 0.522961
-50.8742 66.5494 333.567 -7253.91 -17127.2 -0.261668 44.0762 -59.4054 -333.567 -10381.4 3801.47 0.261668
-57.0462 83.618 333.202 -9512.69 -18884.5 -0.00611437 49.6727 -76.5452 -333.202 -12911.5 3904.07 0.00611437
-62.2862 99.6191 330.674 -11676.3 -20591.5 0.242664 54.7363 -92.4787 -330.674 -15218 4161.78 -0.242664
-66.8389 114.347 326.759 -13706.2 -22262.2 0.483828 59.4228 -106.877 -326.759 -17264.6 4532.65 -0.483828
-70.6005 127.455 321.704 -15533 -23893.2 0.716702 64.1324 -119.37 -321.704 -19020.6 4972.01 -0.716702
-73.2912 138.436 316.014 -17076.6 -25465.8 0.940722 69.2061 -129.644 -316.014 -20451 5452.42 -0.940722
-75.3598 147.158 311.084 -18318.3 -26974 1.15543 74.3026 -137.746 -311.084 -21563.2 5952.7 -1.15543
-77.4524 153.411 307.254 -19227.8 -28410.9 1.36043 78.9515 -143.606 -307.254 -22348.3 6441.13 -1.36043
-79.4766 156.997 303.585 -19790.3 -29716.1 1.55538 82.9228 -147.231 -303.585 -22794.4 6902.88 -1.55538
-81.3361 157.987 300.157 -20009.6 -30888.2 1.73986 86.6066 -148.67 -300.157 -22914.2 7295.42 -1.73986
-83.2333 156.564 296.834 -19891.1 -31926 1.91344 89.9805 -147.778 -296.834 -22708 7592.45 -1.91344
-85.9595 152.898 293.907 -19442.9 -32847.1 2.07569 92.5872 -144.508 -293.907 -22184.9 7764.77 -2.07569
-89.3664 147.15 291.224 -18683.4 -33641.2 2.22616 94.6584 -138.947 -291.224 -21361.1 7790.55 -2.22616
-93.3529 139.542 289.259 -17636.1 -34341.4 2.36433 96.7366 -131.25 -289.259 -20266 7640.81 -2.36433
-97.6207 130.445 288.807 -16366 -34968.9 2.48961 99.2838 -121.834 -288.807 -18945 7313.52 -2.48961
-101.774 120.174 289.271 -14908.4 -35494.9 2.6013 102.239 -110.872 -289.271 -17431 6843.89 -2.6013
-105.717 108.926 290.624 -13291.8 -35898.9 2.69871 105.084 -98.618 -290.624 -15758.4 6297.26 -2.69871
-108.846 97.1127 292.929 -11594.7 -36135.1 2.78123 107.473 -85.5654 -292.929 -13975.6 5760.6 -2.78123
-111.015 85.1427 295.94 -9877.47 -36176.4 2.84842 108.903 -72.1757 -295.94 -12143.7 5297.71 -2.84842
-112.11 73.0853 298.589 -8147.76 -36008.2 2.90015 109.285 -58.8261 -298.589 -10317.7 4922.83 -2.90015
-111.354 61.2456 300.943 -6473.91 -35629.3 2.93654 109.266 -46.1019 -300.943 -8553.69 4653.01 -2.93654
-109.187 49.9495 303.946 -4914.49 -35057.5 2.95804 108.352 -34.244 -303.946 -6872.58 4512.86 -2.95804
-105.989 39.3531 306.601 -3481.31 -34271.9 2.96536 106.134 -23.4169 -306.601 -5307.4 4486.48 -2.96536
-102.071 29.9287 308.178 -2225.42 -33305.4 2.95947 102.997 -13.9987 -308.178 -3926.08 4509.52 -2.95947
-97.899 21.8986 309.161 -1166.4 -32211.5 2.9414 99.2144 -5.95494 -309.161 -2735.38 4531.95 -2.9414
-93.8115 15.4865 308.832 -323.6 -30994.1 2.91222 94.8769 0.483553 -308.832 -1779.58 4497.86 -2.91222
-89.9713 10.7197 307.414 301.734 -29684.5 2.87294 90.3556 5.28622 -307.414 -1065.57 4363.55 -2.87294
-86.197 7.88842 306.429 675.955 -28351.6 2.82445 86.4886 8.23344 -306.429 -631.036 4105.77 -2.82445
-82.5394 7.10097 305.987 796.824 -26996.7 2.76761 83.1701 9.29723 -305.987 -492.823 3733.23 -2.76761
-79.0574 8.41335 305.925 659.878 -25597.7 2.70316 79.9019 8.38604 -305.925 -667.1 3285.34 -2.70316
-75.3047 11.7009 305.798 267.635 -24112 2.6317 76.4731 5.35178 -305.798 -1159.66 2811.58 -2.6317
-71.109 16.9383 305.826 -371.681 -22512 2.55371 72.6079 0.127016 -305.826 -1984.62 2347.03 -2.55371
-66.3427 23.9776 306.247 -1227.83 -20787.8 2.46962 67.9877 -6.89093 -306.247 -3095.98 1944.01 -2.46962
-60.821 32.5453 307.64 -2270.1 -18968.1 2.37983 62.9113 -15.5115 -307.64 -4459.55 1615.19 -2.37983
-54.7422 42.4003 310.245 -3477.48 -17074.8 2.28479 57.3964 -25.72 -310.245 -6060.61 1352.34 -2.28479
-48.1664 53.1017 313.402 -4834.02 -15122.6 2.18494 51.4462 -37.1868 -313.402 -7807.31 1161.47 -2.18494
-40.8508 64.6041 314.724 -6325.74 -13092.8 2.08067 45.2863 -49.6513 -314.724 -9670.6 1026.51 -2.08067
-32.6757 76.5552 313.871 -7902.54 -10981.2 1.97235 38.8856 -62.6006 -313.871 -11579.4 964.257 -1.97235
-24.1361 88.7808 311.797 -9530.68 -8809.08 1.86037 32.2326 -75.7906 -311.797 -13508.9 928.038 -1.86037
-15.6285 101.026 309.311 -11173 -6583.17 1.74524 24.8384 -88.766 -309.311 -15396.8 937.397 -1.74524
-6.8489 113.304 308.24 -12838.9 -4308.94 1.62753 17.2343 -101.479 -308.24 -17228.9 966.122 -1.62753
2.35533 125.612 311.291 -14539.3 -1945.73 1.50785 9.52584 -114.069 -311.291 -19013.8 980.568 -1.50785
11.745 137.551 316.812 -16215.6 509.643 1.3868 1.71871 -125.915 -316.812 -20667.3 943.586 -1.3868
20.8008 148.372 319.748 -17762.8 3065.53 1.26496 -6.56356 -136.359 -319.748 -22096.6 826.118 -1.26496
29.1448 157.574 319.82 -19132.3 5725.67 1.14285 -15.4306 -145.318 -319.82 -23268.7 586.457 -1.14285
37.1853 164.937 317.292 -20251.6 8472.17 1.0208 -24.5123 -152.335 -317.292 -24161.2 247.471 -1.0208
45.2348 170.563 314.442 -21115.1 11296.6 0.898924 -33.3781 -157.238 -314.442 -24770.5 -198.618 -0.898924
53.218 174.22 313.208 -21718.8 14193.7 0.77723 -41.9862 -160.161 -313.208 -25087 -762.142 -0.77723
61.341 175.819 313.543 -22051.7 17161.7 0.655697 -50.8698 -161.282 -313.543 -25134.4 -1338.04 -0.655697
69.6892 175.246 314.356 -22077 20182.4 0.53434 -60.1252 -160.375 -314.356 -24901.7 -1882.99 -0.53434
78.6173 172.597 315.081 -21824.6 23270.1 0.413302 -70.0361 -157.788 -315.081 -24420.8 -2322.45 -0.413302
87.8993 167.763 315.32 -21273.2 26369.2 0.292976 -80.242 -153.437 -315.32 -23686.4 -2682.95 -0.292976
97.298 160.888 315.701 -20426.7 29441 0.174018 -90.2615 -147.237 -315.701 -22702.6 -3026.25 -0.174018
106.505 152.012 315.502 -19324.5 32416.1 0.0571679 -99.7096 -139.553 -315.502 -21486.9 -3380.39 -0.0571679
115.347 141.31 315.791 -17978.8 35307.1 -0.0569877 -109.001 -130.565 -315.791 -20076.7 -3723.6 0.0569877
123.646 129.457 317.157 -16464.9 38055.5 -0.168103 -117.796 -120.363 -317.157 -18503.6 -4069.47 0.168103
131.059 116.316 318.54 -14745.7 40626.1 -0.275972 -126.071 -108.591 -318.54 -16736.1 -4434.46 0.275972
137.278 101.979 320.438 -12867.1 42979.2 -0.380409 -133.428 -95.5633 -320.438 -14784.9 -4877.68 0.380409
142.583 86.7392 320.986 -10841.2 45079.4 -0.481312 -139.628 -81.454 -320.986 -12703.1 -5359.49 0.481312
147.045 70.6052 320.516 -8678.47 46914 -0.578779 -144.51 -66.3073 -320.516 -10487.8 -5879.59 0.578779
151.071 53.8941 321.608 -6431.72 48529.1 -0.673084 -148.42 -50.5771 -321.608 -8194.23 -6376.57 0.673084
154.134 36.7168 322.802 -4110.96 49906.1 -0.764555 -151.721 -34.2757 -322.802 -5829.53 -6856.42 0.764555
156.121 19.3751 324.435 -1763.83 51055 -0.853548 -154.793 -17.6293 -324.435 -3419.94 -7290.97 0.853548
157.57 2.39335 325.999 543.155 51970.9 -0.940474 -157.239 -1.24558 -325.999 -1057.24 -7656.3 0.940474
158.539 -14.2207 326.845 2806.27 52624.9 -1.02577 -158.619 14.5595 -326.845 1216.97 -7977.84 1.02577
158.809 -30.3697 328.358 5007.39 53021.5 -1.10985 -159.075 29.826 -328.358 3412.72 -8269.2 1.10985
158.181 -45.4883 328.46 7072.1 53123.9 -1.19308 -158.402 44.2809 -328.46 5487.15 -8552.41 1.19308
156.721 -59.5773 327.57 9010.87 52940.1 -1.27586 -156.54 57.8243 -327.57 7415.84 -8833.91 1.27586
154.44 -72.5909 325.961 10780 52487.1 -1.35864 -153.666 70.0225 -325.961 9175.33 -9104.26 1.35864
151.154 -84.4802 324.331 12362.7 51799 -1.44193 -150.42 80.899 -324.331 10778.9 -9333.09 1.44193
146.835 -94.8912 322.648 13744.6 50874.1 -1.52625 -146.718 90.4024 -322.648 12184.1 -9534.33 1.52625
141.755 -103.584 321.439 14906.4 49716.9 -1.61206 -142.188 98.3936 -321.439 13357.4 -9726.01 1.61206
136.252 -110.553 320.473 15835.9 48334.9 -1.69976 -136.59 104.847 -320.473 14306.4 -9901.82 1.69976
130.105 -115.85 319.038 16530.8 46739.6 -1.78959 -130.412 109.681 -319.038 15029.4 -10036.8 1.78959
123.008 -119.249 317.043 16977.3 44957 -1.88161 -124.29 112.969 -317.043 15518.8 -10110.9 1.88161
115.187 -120.647 314.551 17174.1 42988.5 -1.9757 -117.97 114.78 -314.551 15771.1 -10129 1.9757
106.809 -120.012 311.859 17110.4 40829.6 -2.07156 -111.128 114.993 -311.859 15775.5 -10108.4 2.07156
98.131 -117.406 308.947 16777.7 38472.5 -2.16876 -103.359 113.407 -308.947 15521.4 -10061.9 2.16876
89.1716 -112.909 305.862 16172.4 35924.5 -2.26681 -94.7247 109.887 -305.862 15004.2 -9985.47 2.26681
80.0479 -106.51 302.9 15285.9 33227 -2.36512 -85.5683 104.331 -302.9 14217.5 -9855.93 2.36512
70.817 -98.328 300.157 14123.8 30419.2 -2.46308 -76.3005 96.7095 -300.157 13167.8 -9646.9 2.46308
61.4733 -88.5338 297.482 12710 27513.3 -2.56005 -67.0641 87.1249 -297.482 11869.5 -9351.51 2.56005
52.1417 -77.2457 294.897 11076.9 24526.3 -2.65539 -57.8645 75.888 -294.897 10350.2 -8968.33 2.65539
42.9761 -64.6861 293.743 9263.82 21526.1 -2.74841 -49.0326 63.2777 -293.743 8640.86 -8496.76 2.74841
33.9078 -51.2909 294.171 7351.56 18527.4 -2.83834 -40.5932 49.8529 -294.171 6799.83 -7957.65 2.83834
25.4259 -37.5709 297.071 5425.09 15601.1 -2.92431 -32.4836 36.0666 -297.071 4876.94 -7362.1 2.92431
17.4969 -24.0821 303.155 3577.2 12790.3 -3.00542 -24.9366 22.259 -303.155 2904.67 -6725.26 3.00542
10.1288 -10.8609 310.435 1824.27 10104.9 -3.08087 -17.9137 8.55054 -310.435 888.586 -6062.54 3.08087
3.09524 2.27326 315.895 174.104 7483.97 -3.15006 -11.3428 -4.82367 -315.895 -1171.36 -5355.98 3.15006
-3.7177 14.7722 318.951 -1317.3 4916.74 -3.21263 -5.05346 -17.2147 -318.951 -3163.6 -4634.39 3.21263
-10.9651 26.0261 322.411 -2613.79 2408.9 -3.26836 1.34414 -28.0121 -322.411 -4953.62 -4048.54 3.26836
-19.1793 35.8707 321.842 -3732.06 -181.586 -3.317 8.8224 -36.9587 -321.842 -6465.54 -3667.68 3.317
-28.1042 44.1111 318.36 -4672.33 -2855.24 -3.35821 17.8118 -44.1539 -318.36 -7685.7 -3514.84 3.35821
-37.622 50.7013 315.173 -5436.98 -5577.83 -3.39157 27.5217 -49.8901 -315.173 -8646.35 -3496.4 3.39157
-46.9986 55.8636 315.188 -6053.66 -8279.45 -3.41683 36.8492 -54.5651 -315.188 -9406.68 -3425.22 3.41683
-55.4509 59.5992 317.859 -6511.78 -10902.9 -3.43394 45.2487 -58.2189 -317.859 -9983.08 -3173.12 3.43394
-62.6132 61.9373 320.417 -6808.3 -13433.6 -3.44286 52.3401 -60.5996 -320.417 -10347.3 -2650.51 3.44286
-68.7399 63.2179 324.25 -7014.35 -15919 -3.44338 58.1014 -61.8535 -324.25 -10496.2 -1842.76 3.44338
-74.3481 63.3415 328.528 -7094.53 -18379.3 -3.43486 63.0653 -61.9232 -328.528 -10443.3 -876.219 3.43486
-79.4635 62.0237 330.967 -6991.19 -20826.4 -3.41622 68.0841 -60.5672 -330.967 -10172.4 138.524 3.41622
-84.5316 59.2736 330.683 -6703 -23278.7 -3.38618 73.512 -57.8015 -330.683 -9688.42 1108.43 3.38618
-90.1781 55.5463 330.072 -6287.88 -25787.4 -3.34347 79.6162 -54.0607 -330.072 -9057.97 1959.67 3.34347
-96.3227 50.7253 330.293 -5725.64 -28353.6 -3.28697 86.3404 -49.2079 -330.293 -8265.93 2712.21 3.28697
-102.588 44.8453 330.804 -5025.47 -30924.4 -3.21585 93.4176 -43.2894 -330.804 -7314.43 3403.47 3.21585
-108.933 38.1084 332.902 -4219.22 -33499.1 -3.12947 100.691 -36.5801 -332.902 -6238.41 4059.74 3.12947
-115.203 30.3543 336.955 -3281.32 -36062.9 -3.02741 107.89 -29.0442 -336.955 -5036.03 4725.52 3.02741
-121.166 21.7102 341.128 -2236.29 -38554.8 -2.90948 114.748 -20.8922 -341.128 -3729.9 5410.29 2.90948
-126.727 12.1331 343.964 -1063.36 -40920.7 -2.77575 120.859 -11.978 -343.964 -2314.35 6130.61 2.77575
-132.036 1.84801 344.942 217.953 -43138.1 -2.62645 126.087 -2.39755 -344.942 -814.851 6862.8 2.62645
-136.72 -8.93017 344.094 1577.27 -45174 -2.46193 130.682 7.76421 -344.094 756.975 7591.24 2.46193
-140.888 -19.9038 343.956 2995.41 -47091.9 -2.28265 135.287 18.0771 -343.956 2318.47 8272.72 2.28265
-144.498 -31.189 343.153 4429.26 -48844.6 -2.08923 139.644 28.167 -343.153 3876.64 8902.95 2.08923
-147.822 -42.6642 342.36 5869.97 -50426.6 -1.8825 143.415 38.0361 -342.36 5423.61 9485.33 1.8825
-150.533 -53.9429 342.199 7311.36 -51838.9 -1.66352 146.882 47.9158 -342.199 6943.82 10026.6 1.66352
-152.577 -64.7242 342.39 8717.11 -53052.3 -1.43353 149.824 57.6892 -342.39 8415.23 10536.6 1.43353
-153.82 -75.2331 342.316 10092.4 -54042.8 -1.19387 152.102 67.2143 -342.316 9844.2 11029.4 1.19387
-153.908 -84.9964 341.764 11396.4 -54788.1 -0.94595 153.813 76.359 -341.764 11186.8 11519.2 0.94595
-153.118 -93.894 340.244 12601 -55271.2 -0.691149 154.579 84.9766 -340.244 12433.7 12003.8 0.691149
-151.53 -101.723 337.998 13686.1 -55486.2 -0.430813 154.317 92.9641 -337.998 13562.4 12477.1 0.430813
-149.352 -108.431 335.396 14635.4 -55439.8 -0.166294 153.011 100.044 -335.396 14542.8 12918.8 0.166294
-146.519 -114.07 332.656 15422.8 -55146.6 0.100999 151.056 105.833 -332.656 15354.7 13297.2 -0.100999
-143.37 -118.422 329.718 16016.2 -54616 0.369596 148.399 110.127 -329.718 15971.1 13582.1 -0.369596
-140.365 -121.238 326.603 16401.4 -53862.6 0.637985 144.864 113.001 -326.603 16382 13747.8 -0.637985
-137.201 -122.342 323.417 16566.5 -52909.2 0.904645 141.068 114.487 -323.417 16579.2 13773.3 -0.904645
-133.424 -121.712 320.219 16501 -51768.7 1.16808 137.558 114.472 -320.219 16554.1 13658.5 -1.16808
-129.342 -119.508 317.033 16203.4 -50430.2 1.42683 133.729 112.762 -317.033 16303.7 13433.8 -1.42683
-124.901 -115.729 313.9 15680.2 -48873.7 1.67953 129.173 109.426 -313.9 15830.7 13143.6 -1.67953
-119.725 -110.6 310.829 14945.5 -47087.6 1.9249 123.923 104.415 -310.829 15145.9 12824.3 -1.9249
-113.516 -104.256 307.9 14024.1 -45069.1 2.16176 118.068 97.9139 -307.9 14269.4 12502.3 -2.16176
-106.241 -96.8321 305.096 12929.9 -42824.1 2.38906 111.576 90.0109 -305.096 13218.3 12192.7 -2.38906
-98.4246 -88.7102 302.744 11712.2 -40374.3 2.60578 104.08 80.972 -302.744 12034.2 11894.4 -2.60578
-90.3227 -80.1513 301.477 10436.6 -37788.2 2.81101 96.0541 71.4062 -301.477 10773.1 11574 -2.81101
-83.0488 -71.7207 303.067 9205.65 -35220.4 3.00392 87.9672 62.0143 -303.067 9509.73 11163.7 -3.00392
-75.8525 -63.2981 304.102 7995.1 -32618 3.18386 80.3276 52.7447 -304.102 8244.15 10646.6 -3.18386
-68.9565 -55.1939 304.218 6856.26 -30003.8 3.35028 73.0957 44.0213 -304.218 7027.76 10019.6 -3.35028
-62.519 -47.7649 306.056 5852.16 -27492 3.50273 66.8177 36.3035 -306.056 5911.85 9297.51 -3.50273
-56.218 -40.8558 306.896 4942.5 -24970.8 3.64073 60.6669 29.3193 -306.896 4876.9 8530.06 -3.64073
-49.9255 -34.5659 306.337 4147.12 -22408.2 3.76379 54.2321 23.3974 -306.337 3962.99 7760.57 -3.76379
-43.0898 -29.1255 304.215 3463.29 -19738.2 3.87133 47.2536 18.2502 -304.215 3164.86 7036.4 -3.87133
-35.7279 -24.4819 303.314 2899.05 -17015 3.96281 39.9096 13.9373 -303.314 2475.5 6383.67 -3.96281
-28.0433 -20.7542 307.382 2455.77 -14351.3 4.03784 32.671 10.5066 -307.382 1916.9 5820.27 -4.03784
-20.347 -18.1947 313.692 2129.63 -11752.9 4.09634 25.6416 7.64304 -313.692 1484.02 5295.12 -4.09634
-13.0152 -16.6441 316.564 1908.6 -9124.39 4.13829 18.2987 5.42067 -316.564 1176.96 4733.59 -4.13829
-5.98231 -16.0488 316.846 1806.71 -6502.93 4.1636 11.0785 4.1995 -316.846 1024.61 4120.68 -4.1636
0.581301 -16.6743 316.333 1834.58 -3917.32 4.17212 4.09813 4.07473 -316.333 1066.79 3444.54 -4.17212
6.52563 -18.4357 319.001 2003.69 -1379.34 4.16363 -2.86913 5.35435 -319.001 1323.22 2727.99 -4.16363
12.1061 -21.1347 325.785 2297.92 1106.72 4.13786 -9.16576 8.05329 -325.785 1784.42 1919.64 -4.13786
17.7249 -24.8434 333.795 2721.63 3578.03 4.09435 -14.979 11.9426 -333.795 2424.1 1064.68 -4.09435
23.5643 -29.5302 342.082 3328.95 6129.6 4.03228 -21.0101 16.9576 -342.082 3174.66 191.515 -4.03228
30.1342 -34.8099 351.488 4077.31 8887.75 3.95045 -27.9705 22.7015 -351.488 3969.35 -655.165 -3.95045
37.9372 -40.8084 360.59 4943.83 11895.3 3.84763 -36.3938 29.0643 -360.59 4833.19 -1373.83 -3.84763
47.2055 -47.2184 366.756 5914.27 15082.6 3.72336 -45.7068 35.9946 -366.756 5730.13 -1943.55 -3.72336
56.5316 -53.959 368.429 6954.03 18283.2 3.57848 -55.3223 43.3438 -368.429 6662.53 -2478.33 -3.57848
64.973 -60.3046 366.397 7959 21389.2 3.41475 -64.4571 50.553 -366.397 7554.77 -3111.58 -3.41475
72.4906 -66.3986 362.287 8919.79 24286.7 3.23387 -71.8788 57.4034 -362.287 8405.71 -3906.91 -3.23387
78.9685 -72.278 359.431 9825.4 27014.9 3.03692 -78.1438 63.6748 -359.431 9200.72 -4840.42 -3.03692
84.4691 -77.72 357.716 10658 29573 2.82446 -83.7339 69.3015 -357.716 9917.32 -5835.01 -2.82446
89.5843 -82.5691 357.296 11394.3 32024.7 2.59703 -89.3276 74.2738 -357.296 10555.7 -6776.46 -2.59703
94.7524 -86.5132 357.12 12012.1 34392.1 2.35544 -95.1757 78.5887 -357.12 11093.9 -7591.25 -2.35544
100.345 -89.4766 355.846 12503.8 36646.4 2.10107 -100.904 82.1911 -355.846 11521.2 -8251.97 -2.10107
105.744 -91.4114 353.241 12847.3 38753.9 1.83578 -106.649 84.7343 -353.241 11804.2 -8792.49 -1.83578
110.716 -92.1059 349.925 13023.3 40679.5 1.56165 -111.955 86.1654 -349.925 11925.4 -9273.8 -1.56165
115.113 -91.5843 346.657 13015.8 42387.9 1.28066 -116.269 86.2231 -346.657 11867.6 -9757.95 -1.28066
118.549 -89.7662 344.009 12809.7 43866.4 0.994524 -119.634 84.7607 -344.009 11614.4 -10279.9 -0.994524
120.988 -86.4461 341.801 12402.9 45108.2 0.704624 -122.048 81.9903 -341.801 11168.4 -10838.4 -0.704624
122.513 -81.7105 339.383 11799.4 46119.2 0.412146 -123.686 77.8892 -339.383 10534.9 -11403.5 -0.412146
123.165 -75.5384 336.252 11002.7 46908.6 0.118214 -124.803 72.5438 -336.252 9719.25 -11943.5 -0.118214
123.132 -68.1978 332.562 10017.4 47490.1 -0.176028 -125.47 65.7778 -332.562 8729.77 -12435.9 0.176028
122.913 -59.8394 328.34 8857.62 47862.3 -0.4694 -125.169 57.5033 -328.34 7561.35 -12881.8 0.4694
122.428 -50.6225 324.474 7558.67 48056.7 -0.760751 -124.404 48.1988 -324.474 6267.81 -13252.5 0.760751
121.728 -40.5888 321.132 6137.38 48090.4 -1.04903 -123.308 37.9486 -321.132 4850.08 -13539.4 1.04903
120.885 -30.2181 318.288 4655.66 47973.8 -1.33327 -121.955 27.1881 -318.288 3374.25 -13732.2 1.33327
119.543 -19.6549 315.834 3138.46 47713.1 -1.61263 -120.772 16.3094 -315.834 1890.5 -13827.3 1.61263
118.181 -9.13827 313.302 1658.8 47307.6 -1.88625 -119.276 6.11323 -313.302 471.237 -13825.1 1.88625
116.909 1.30542 310.358 234.365 46749.5 -2.15328 -117.185 -3.5721 -310.358 -921.443 -13741.8 2.15328
115.368 11.4286 307.341 -1120.21 46047.3 -2.4127 -114.874 -12.8782 -307.341 -2285.93 -13583.6 2.4127
113.752 20.9233 304.124 -2375.77 45205.6 -2.66342 -112.076 -21.3676 -304.124 -3547.14 -13365.4 2.66342
111.422 29.4953 301.444 -3529.29 44240.8 -2.90422 -109.46 -29.2417 -301.444 -4695.11 -13098.3 2.90422
108.942 37.3449 299.14 -4575.14 43160.5 -3.1339 -106.554 -36.4166 -299.14 -5751.79 -12777.3 3.1339
105.959 44.0717 297.165 -5496.18 41963 -3.35125 -103.58 -42.8833 -297.165 -6677.04 -12419.2 3.35125
102.427 49.5236 295.414 -6282.73 40650.4 -3.55515 -100.582 -48.8364 -295.414 -7486.46 -12026.3 3.55515
98.3546 53.7418 293.503 -6916.13 39211.4 -3.74451 -97.4018 -53.8688 -293.503 -8147.5 -11608.6 3.74451
94.0563 56.5796 291.206 -7362.95 37637 -3.91831 -93.5943 -57.6563 -291.206 -8627.67 -11175.5 3.91831
89.5501 57.9672 288.859 -7595.36 35937.7 -4.07561 -89.2297 -59.8539 -288.859 -8896.85 -10724.8 4.07561
84.5437 57.9627 286.567 -7603.64 34129.3 -4.21554 -84.8672 -60.3045 -286.567 -8950.84 -10235 4.21554
79.7009 56.547 284.631 -7382.31 32228 -4.33733 -80.0683 -58.9411 -284.631 -8783.13 -9690.5 4.33733
75.1335 53.6312 283.254 -6936.59 30252.5 -4.44037 -74.9531 -55.9021 -283.254 -8395.45 -9077.4 4.44037
71.001 49.4357 282.741 -6292.63 28232.5 -4.52419 -69.7205 -51.2955 -282.741 -7807.57 -8375.23 4.52419
67.0869 44.1431 283.136 -5462.07 26196.8 -4.58853 -64.9085 -45.1424 -283.136 -7036.42 -7567.54 4.58853
63.2405 37.8714 284.554 -4478.51 24165.8 -4.63328 -60.7716 -37.7955 -284.554 -6114.21 -6660.52 4.63328
59.4512 30.9826 287.688 -3411.09 22162.2 -4.65848 -57.2491 -29.6904 -287.688 -5083.41 -5686.35 4.65848
55.8125 23.6603 291.637 -2295.84 20152.3 -4.66435 -53.637 -21.095 -291.637 -3971.09 -4697.45 4.66435
52.069 15.8873 296.022 -1165.48 18112.7 -4.65127 -49.6463 -12.3787 -296.022 -2793.84 -3746.68 4.65127
48.1073 7.89795 301.913 -87.747 16092.3 -4.6198 -45.6396 -3.93197 -301.913 -1571.32 -2847.68 4.6198
43.492 -0.336581 307.666 953.469 14041.7 -4.57069 -41.4844 4.48776 -307.666 -281.708 -2031.36 4.57069
38.245 -8.61704 313.534 1926.75 11980 -4.50483 -37.0448 12.3233 -313.534 1000.6 -1332.67 4.50483
32.9669 -16.7015 319.739 2843.87 9920.14 -4.42323 -31.9552 19.8517 -319.739 2268.7 -731.514 4.42323
26.8926 -23.923 324.294 3669.6 7822.8 -4.32704 -26.3682 26.9746 -324.294 3450.79 -274.917 4.32704
20.7993 -30.1659 327.49 4380.24 5733.93 -4.21764 -20.108 33.2665 -327.49 4494.8 75.5386 4.21764
14.6379 -35.4358 328.953 5004.1 3682.03 -4.09657 -13.9303 38.9349 -328.953 5402.11 390.341 4.09657
8.75142 -39.5401 328.883 5515.55 1682.63 -3.96548 -8.08421 43.649 -328.883 6125.09 737.015 3.96548
3.82553 -42.321 328.895 5913.68 -236.878 -3.82592 -2.68566 47.4336 -328.895 6646.05 1200.74 3.82592
-0.324353 -43.7933 330.612 6163.3 -2085.39 -3.67917 2.12784 49.9171 -330.612 6950.26 1784.08 3.67917
-4.20824 -43.7737 333.778 6228.27 -3874.59 -3.52627 5.76982 50.7726 -333.778 7002.51 2509.22 3.52627
-7.65394 -42.1781 336.895 6093.81 -5632.25 -3.36791 9.00149 49.8522 -336.895 6785 3321.37 3.36791
-11.4224 -39.0264 338.081 5757.9 -7399.38 -3.20451 12.479 47.0481 -338.081 6287.35 4063.38 3.20451
-15.9557 -34.3399 336.591 5220.21 -9208.17 -3.03635 16.3887 42.5017 -336.591 5532.66 4679.81 3.03635
-20.9878 -28.1319 333.057 4485.63 -11051.9 -2.86382 21.1326 36.2523 -333.057 4523.47 5145.18 2.86382
-27.017 -20.4948 329.143 3573.25 -12916.5 -2.68747 26.0713 28.6626 -329.143 3304.41 5465.24 2.68747
-33.1551 -11.4277 326.253 2499.74 -14792.2 -2.50789 31.6997 19.8448 -326.253 1874.5 5685.01 2.50789
-39.4255 -1.24174 328.876 1287.1 -16784.8 -2.3256 38.3168 10.1262 -328.876 301.035 5864.63 2.3256
-45.8124 9.93255 333.276 -74.6095 -18782 -2.14109 44.8397 -0.56635 -333.276 -1398.13 6045.42 2.14109
-51.7506 21.3218 336.013 -1512.97 -20707.7 -1.95494 51.1539 -11.9362 -336.013 -3145.68 6247.01 1.95494
-57.0112 32.8289 335.828 -2992.79 -22517.3 -1.76782 57.0374 -23.55 -335.828 -4902.47 6488.54 1.76782
-62.0226 44.2455 333.104 -4493.79 -24207.3 -1.58039 61.7778 -35.1872 -333.104 -6628.59 6806.26 1.58039
-66.6289 55.5438 330.157 -6020.46 -25844.5 -1.39315 66.1985 -46.9118 -330.157 -8324.57 7173.14 1.39315
-71.0224 66.3967 328.074 -7520.47 -27437.2 -1.20648 70.2477 -58.1718 -328.074 -9919.81 7577.64 1.20648
-75.4493 76.8398 325.49 -8950.12 -28957.9 -1.02071 73.8586 -68.5497 -325.49 -11404.4 7967.54 1.02071
-79.8998 86.6159 323.157 -10302.6 -30461.9 -0.836193 77.8322 -78.1664 -323.157 -12766.2 8287.14 0.836193
-84.9818 95.3282 320.678 -11525.7 -31952.8 -0.653322 81.8615 -86.7831 -320.678 -13968.3 8498.28 0.653322
-90.458 102.845 317.875 -12605.5 -33421.3 -0.472664 86.2261 -94.345 -317.875 -14998.6 8585.57 0.472664
-95.3072 108.742 314.444 -13490.3 -34837.6 -0.294916 91.5966 -100.659 -314.444 -15822.3 8568.6 0.294916
-100.433 112.757 310.496 -14148.2 -36151.3 -0.120807 96.3754 -105.582 -310.496 -16414.9 8493.92 0.120807
-105.556 114.93 306.815 -14561 -37344.1 0.0489969 100.465 -108.837 -306.815 -16761.3 8395.58 -0.0489969
-109.62 115.602 303.87 -14712.7 -38403 0.213946 104.667 -109.86 -303.87 -16846.3 8295.95 -0.213946
-112.919 114.418 302.085 -14599.4 -39325.2 0.373553 108.543 -108.952 -302.085 -16666.4 8212.36 -0.373553
-115.191 111.512 301.262 -14222.4 -40089.5 0.527316 112.05 -106.018 -301.262 -16225.8 8165.83 -0.527316
-116.465 106.834 300.609 -13597 -40652.7 0.674694 114.72 -101.304 -300.609 -15536.5 8175.56 -0.674694
-116.718 100.491 300.126 -12742.6 -41003.9 0.815207 116.473 -95.0146 -300.126 -14622.8 8244.94 -0.815207
-116.549 92.7448 299.706 -11687.6 -41138.8 0.948557 116.82 -87.3115 -299.706 -13515.5 8354.15 -0.948557
-115.758 83.735 298.856 -10453.8 -41062.9 1.07471 116.261 -78.3409 -298.856 -12232.7 8467.12 -1.07471
-114.661 73.7277 298.25 -9079.13 -40811.7 1.19391 115.04 -68.3413 -298.25 -10807.2 8540.75 -1.19391
-113.345 62.8783 297.779 -7591.09 -40421.6 1.30661 113.758 -57.4921 -297.779 -9258.33 8515.28 -1.30661
-112.269 51.4393 297.975 -6032.42 -39927.7 1.41332 112.462 -46.0382 -297.975 -7613.01 8354.95 -1.41332
-111.69 39.8197 298.838 -4456.53 -39351.6 1.51454 111.218 -34.4068 -298.838 -5934.76 8035.63 -1.51454
-111.127 28.1489 300.257 -2878.02 -38691.3 1.61058 110.377 -22.7246 -300.257 -4244.86 7574.14 -1.61058
-110.964 16.6062 302.27 -1328.75 -37934.8 1.70156 109.18 -11.1924 -302.27 -2564.63 7010.58 -1.70156
-110.4 5.36727 304.506 166.851 -37074.5 1.78749 108.053 0.0127916 -304.506 -919.014 6390.02 -1.78749
-109.242 -5.41648 307.399 1574.91 -36103.2 1.8683 106.815 10.7464 -307.399 684.425 5757.32 -1.8683
-107.695 -15.3171 310.602 2855.39 -34987.2 1.94393 104.676 20.6505 -310.602 2175.8 5161.17 -1.94393
-105.115 -24.0823 313.372 3985.6 -33727.9 2.0144 102.162 29.5758 -313.372 3521.59 4619.17 -2.0144
-101.83 -31.3525 314.786 4933.43 -32302.6 2.07978 98.4982 37.2688 -314.786 4668.07 4171.76 -2.07978
-97.8241 -36.9333 315.284 5665.63 -30728 2.14019 93.7966 43.425 -315.284 5578.66 3822.06 -2.14019
-92.8482 -40.9091 315.72 6169.34 -29063.5 2.1958 88.9398 47.7736 -315.72 6240.07 3540.24 -2.1958
-87.7722 -43.0107 315.246 6437.21 -27323.3 2.2468 83.3797 50.3223 -315.246 6623.09 3295.75 -2.2468
-82.8514 -43.4252 314.761 6484.65 -25575.9 2.29333 77.7548 50.9929 -314.761 6727.43 3031.71 -2.29333
-77.313 -41.8754 313.361 6290.07 -23804.8 2.33555 72.9779 49.8211 -313.361 6540.96 2712.35 -2.33555
-71.7883 -38.4441 311.234 5846.58 -22000.2 2.37351 68.3845 46.6443 -311.234 6059.38 2332.19 -2.37351
-66.7725 -33.5728 309.014 5170.34 -20162.1 2.40717 63.4132 41.2065 -309.014 5292.56 1900.42 -2.40717
-61.7934 -27.0466 308.562 4271.26 -18338.6 2.43644 58.7839 33.8312 -308.562 4245.9 1430.19 -2.43644
-57.2341 -18.8514 310.949 3222.41 -16549.9 2.46114 54.0952 25.0879 -310.949 2923.98 944.057 -2.46114
-52.7173 -9.12151 315.628 2044.39 -14821.1 2.48106 50.0552 14.9053 -315.628 1315.08 421.425 -2.48106
-48.0327 1.56065 318.647 757.357 -13060.8 2.49583 46.1941 3.29635 -318.647 -517.698 -133.603 -2.49583
-43.4517 12.5715 319.412 -577.469 -11242 2.50495 41.3333 -8.7318 -319.412 -2407.41 -621.318 -2.50495
-38.1851 23.2235 319.152 -1898.53 -9364.34 2.50781 35.9123 -20.3814 -319.152 -4207.82 -993.529 -2.50781
-32.064 33.1104 318.785 -3166.28 -7428.77 2.5041 29.8823 -31.2508 -318.785 -5845.46 -1218.91 -2.5041
-25.4954 42.3197 317.837 -4362.07 -5469.65 2.49398 23.3984 -41.3763 -317.837 -7356.11 -1341.78 -2.49398
-18.8952 50.6017 317.821 -5454.74 -3500.58 2.47794 16.8248 -50.4165 -317.821 -8688.26 -1457.59 -2.47794
-12.664 57.8838 318.255 -6419.96 -1572.17 2.4565 10.5349 -58.283 -318.255 -9843.66 -1623.92 -2.4565
-6.74974 63.8581 318.116 -7228.69 320.718 2.42994 4.55178 -64.8455 -318.116 -10789.9 -1842.1 -2.42994
-1.02257 68.3217 318.096 -7884.43 2204.12 2.39818 -1.08109 -70.3032 -318.096 -11522.9 -2126.01 -2.39818
4.75441 71.4585 318.608 -8404.55 4109.41 2.36093 -6.36219 -74.3166 -318.608 -12003.7 -2474.01 -2.36093
10.7191 73.0416 318.862 -8721.87 6054.26 2.31769 -11.682 -76.4752 -318.862 -12210 -2830.1 -2.31769
16.7462 73.0626 320.078 -8838.65 8093.5 2.26793 -17.8463 -76.9136 -320.078 -12157.4 -3153.65 -2.26793
23.4963 71.0081 320.739 -8680 10180.1 2.21123 -24.1935 -75.4585 -320.739 -11824.6 -3398.23 -2.21123
30.7592 67.143 321.513 -8267.76 12326.4 2.14738 -30.8586 -72.0004 -321.513 -11211.6 -3586.48 -2.14738
37.664 61.1815 321.749 -7571.45 14469.4 2.07634 -37.9733 -66.4215 -321.749 -10292.4 -3759.13 -2.07634
44.5083 53.3088 322.421 -6595.61 16593.9 1.99807 -44.9005 -58.8099 -322.421 -9100.77 -3948.12 -1.99807
51.24 43.4609 324.477 -5346.61 18681.9 1.91234 -51.6131 -49.3514 -324.477 -7647.46 -4145.96 -1.91234
57.8178 31.7276 328.632 -3831.73 20750.4 1.81877 -58.2032 -37.9629 -328.632 -5926.2 -4362.3 -1.81877
64.218 18.2851 332.799 -2054.05 22745.9 1.71701 -64.4257 -24.4932 -332.799 -3937.28 -4582.11 -1.71701
70.9241 3.39583 336.516 -81.0234 24692.8 1.60682 -70.4453 -9.62653 -336.516 -1745.7 -4739.41 -1.60682
77.915 -12.65 340.262 2044.56 26582.8 1.48823 -76.5078 6.26075 -340.262 598.04 -4794.37 -1.48823
84.5129 -28.8969 343.23 4205.48 28371.1 1.36149 -82.783 22.3063 -343.23 2956.94 -4773.76 -1.36149
90.8165 -45.1747 346.399 6413.53 30043.7 1.22694 -88.7148 38.5881 -346.399 5306.21 -4727.01 -1.22694
96.712 -60.7013 348.347 8576.93 31533.4 1.08493 -93.5622 54.5475 -348.347 7550 -4707.32 -1.08493
101.278 -75.2699 349.213 10645 32821.9 0.9357 -97.7899 69.8518 -349.213 9663.37 -4760.25 -0.9357
104.598 -88.5999 348.537 12568.1 33905.7 0.779365 -101.432 84.2477 -348.537 11621.3 -4866.29 -0.779365
107.118 -100.43 346.623 14284.7 34782.3 0.615993 -103.949 97.0652 -346.623 13354.5 -5035.83 -0.615993
108.908 -110.661 344.518 15757.3 35475.2 0.445655 -105.599 107.974 -344.518 14840.9 -5245.84 -0.445655
110.039 -119.145 342.454 16957.5 36004.6 0.268444 -106.707 116.697 -342.454 16049.1 -5460.81 -0.268444
110.768 -125.642 340.337 17855.8 36392.1 0.0845204 -107.476 123.083 -340.337 16953.7 -5638.35 -0.0845204
111.355 -129.821 338.067 18435.5 36652.1 -0.10581 -107.935 127.236 -338.067 17540.2 -5752.28 0.10581
112.023 -131.6 335.482 18690 36793.1 -0.302056 -108.05 129.146 -335.482 17801.7 -5784.97 0.302056
112.664 -130.919 332.395 18612.4 36820.9 -0.503584 -108.034 128.774 -332.395 17731.5 -5727.36 0.503584
112.954 -127.78 328.935 18198.1 36732.4 -0.709652 -108.131 126.073 -328.935 17327.9 -5587.62 0.709652
113.078 -122.343 325.379 17450.7 36522.6 -0.919402 -107.961 120.944 -325.379 16596 -5387.85 0.919402
112.686 -114.85 321.959 16388.7 36177.9 -1.13186 -107.545 113.38 -321.959 15550.3 -5160.05 1.13186
112.055 -105.298 318.784 15044.6 35686.9 -1.34592 -106.331 103.81 -318.784 14217.7 -4931.45 1.34592
110.846 -93.7974 315.852 13448.8 35045.9 -1.56041 -104.483 92.5133 -315.852 12622.5 -4722.41 1.56041
108.497 -80.5181 313.205 11619.7 34263.5 -1.77407 -102.58 79.6539 -313.205 10793.1 -4539.27 1.77407
105.453 -65.8575 310.936 9602.89 33338.3 -1.98563 -100.196 65.4447 -310.936 8769.22 -4378.05 1.98563
101.893 -50.1586 309.132 7433.63 32266.8 -2.19381 -97.0531 50.0147 -309.132 6581.74 -4248.82 2.19381
98.0069 -33.4674 308.099 5160.12 31054.2 -2.39734 -92.86 33.733 -308.099 4240.58 -4171.03 2.39734
93.8498 -16.1516 308.538 2825.37 29761.5 -2.59501 -88.606 16.7142 -308.538 1770.2 -4058.79 2.59501
89.7351 1.34692 309.537 466.655 28406.4 -2.78569 -84.389 -1.02313 -309.537 -802.236 -3873.31 2.78569
86.1033 18.4675 310.03 -1860.8 27013.3 -2.96833 -80.2635 -18.5901 -310.03 -3329.2 -3570.12 2.96833
82.5075 34.4771 308.754 -4033.47 25564.5 -3.14189 -76.2519 -35.0063 -308.754 -5694.45 -3191.66 3.14189
78.1634 48.8303 306.183 -5975.85 24046.1 -3.30533 -72.231 -49.5589 -306.183 -7797.43 -2850.51 3.30533
73.3563 60.912 303.565 -7616.12 22449.3 -3.45767 -67.3734 -61.9765 -303.565 -9585.94 -2612.94 3.45767
68.3268 71.1123 301.076 -8981.29 20789.9 -3.598 -61.7158 -72.472 -301.076 -11117.3 -2455.71 3.598
62.6323 79.2543 298.571 -10036.2 19056.7 -3.72566 -55.3421 -80.5611 -298.571 -12334 -2417.9 3.72566
56.3433 85.184 296.882 -10787.7 17296.5 -3.84023 -48.7946 -86.5187 -296.882 -13246.2 -2460.09 3.84023
50.1159 88.7367 295.382 -11217.4 15539 -3.94153 -42.0171 -90.3296 -295.382 -13847.2 -2528.42 3.94153
44.0825 89.9902 294.256 -11342.7 13836.5 -4.02961 -35.6131 -92.0335 -294.256 -14135.9 -2572.22 4.02961
38.6445 89.1123 293.6 -11172.6 12226.5 -4.10464 -29.7537 -91.5466 -293.6 -14115.1 -2548.71 4.10464
33.3881 86.2556 292.892 -10710.8 10689.5 -4.16686 -24.6792 -88.7125 -292.892 -13780.6 -2463 4.16686
28.7269 81.4704 292.918 -9985.17 9247.93 -4.21652 -20.0744 -83.8553 -292.918 -13156.8 -2323.35 4.21652
24.7146 75.0626 294.695 -9043.34 7922.59 -4.2538 -15.9055 -77.2341 -294.695 -12275.2 -2147.51 4.2538
20.9122 67.2848 297.745 -7923.45 6680.47 -4.27877 -12.0411 -68.982 -297.745 -11151.8 -1982.45 4.27877
17.2211 58.2813 301.853 -6657.68 5528.18 -4.29145 -8.49099 -59.3958 -301.853 -9815.82 -1847.29 4.29145
13.3084 48.0032 306.041 -5271.76 4435.53 -4.29185 -5.07897 -48.6997 -306.041 -8266.14 -1783.34 4.29185
9.27058 36.6398 310.575 -3806.28 3401.98 -4.28007 -1.56871 -37.0354 -310.575 -6508.51 -1809.52 4.28007
5.06249 23.8758 314.584 -2242.69 2395.85 -4.25622 2.29326 -24.3638 -314.584 -4511.97 -1936.09 4.25622
0.357981 9.81423 317.873 -584.394 1424.66 -4.22044 5.77257 -10.5598 -317.873 -2270.16 -2113.5 4.22044
-4.14079 -5.28523 320.914 1139.79 517.753 -4.17288 8.70664 4.18291 -320.914 182.269 -2250.06 4.17288
-7.96261 -20.119 324.905 2841.38 -308.497 -4.11365 11.1459 18.6778 -324.905 2585.58 -2303.1 4.11365
-10.8717 -34.0273 329.835 4481.02 -1058.42 -4.04288 13.3695 32.4261 -329.835 4817.16 -2274.4 4.04288
-13.4387 -47.0587 334.319 6042.02 -1748.66 -3.96076 15.1866 45.0109 -334.319 6842.05 -2200.7 3.96076
-16.0339 -59.1313 336.888 7500.18 -2405.07 -3.86753 16.7774 56.4176 -336.888 8670.85 -2133.29 3.86753
-18.5359 -70.1975 338.103 8854.64 -3037.49 -3.76338 18.4355 66.7307 -338.103 10309.4 -2086.32 3.76338
-20.9298 -80.1956 337.886 10084.1 -3651.99 -3.64845 20.2479 76.0305 -337.886 11781.5 -2063.7 3.64845
-23.3097 -88.7676 337.268 11175.6 -4249.61 -3.52294 22.1163 84.4351 -337.268 13066.6 -2063.72 3.52294
-25.718 -95.8235 336.718 12110.8 -4825.31 -3.38715 23.8303 91.8175 -336.718 14152.7 -2067.85 3.38715
-27.736 -101.353 336.299 12862 -5365.49 -3.24145 25.561 97.8586 -336.299 15021.2 -2055.11 3.24145
-29.2107 -105.247 335.826 13400.6 -5860.59 -3.08633 27.2091 102.261 -335.826 15644.1 -1999.74 3.08633
-30.2276 -107.346 335.204 13698.2 -6298.77 -2.92234 28.4298 104.817 -335.204 15998 -1877.34 2.92234
-30.6187 -107.458 334.066 13735.8 -6674.27 -2.75002 29.2657 105.41 -334.066 16059 -1676.15 2.75002
-30.5042 -105.574 332.35 13504.3 -6986.26 -2.56983 29.6689 103.898 -332.35 15814.9 -1407.09 2.56983
-30.0067 -101.739 330.69 13009.3 -7239.72 -2.38214 29.6682 100.266 -330.69 15264.4 -1086.29 2.38214
-29.181 -96.0293 329.045 12253.4 -7441.83 -2.18735 29.4198 94.4979 -329.045 14413.4 -736.094 2.18735
-28.6001 -88.423 327.401 11259.9 -7609.64 -1.98592 28.7156 86.8487 -327.401 13271.1 -390.43 1.98592
-28.3683 -79.0888 325.931 10064.2 -7763.29 -1.7784 27.964 77.6084 -325.931 11866.4 -100.891 1.7784
-28.4135 -68.156 324.735 8697.66 -7921.22 -1.56547 27.4818 66.9898 -324.735 10215.9 116.719 1.56547
-28.7132 -55.7087 323.433 7170.12 -8085.7 -1.34792 27.2931 55.0956 -323.433 8335.88 264.418 1.34792
-29.1346 -41.8257 322.57 5496.99 -8246.67 -1.12658 27.2137 41.7642 -322.57 6199.49 376.486 1.12658
-29.4233 -26.5418 322.413 3692.14 -8396.65 -0.902315 27.363 26.8679 -322.413 3779.98 464.254 0.902315
-29.6583 -9.71414 323.033 1763.54 -8530.35 -0.675945 27.5887 10.2559 -323.033 1028.4 532.739 0.675945
-30.2944 7.08692 323.321 -172.912 -8649.8 -0.448264 27.6072 -6.56898 -323.321 -1741.39 559.967 0.448264
-31.2816 22.6243 324.075 -2019.4 -8768.76 -0.220055 27.8979 -22.1214 -324.075 -4246.54 499.712 0.220055
-31.7962 36.6387 323.948 -3746.37 -8844.61 0.00786622 28.0062 -36.1338 -323.948 -6442.77 488.014 -0.00786622
-31.6217 49.2618 321.98 -5337.5 -8858.26 0.234646 27.6392 -48.7932 -321.98 -8390.73 577.006 -0.234646
-30.5176 60.4336 318.442 -6767.65 -8808.22 0.459467 26.9823 -60.0019 -318.442 -10093.4 772.858 -0.459467
-28.7921 70.1619 314.213 -8017.05 -8699.15 0.681648 25.7633 -69.6485 -314.213 -11555.9 1075.24 -0.681648
-26.8097 78.4724 310.472 -9073.83 -8546.27 0.90066 23.8945 -77.5819 -310.472 -12772.7 1460.67 -0.90066
-24.7248 85.3144 307.784 -9923.66 -8377.08 1.11608 21.7675 -83.7025 -307.784 -13737.2 1880.25 -1.11608
-22.3397 90.5032 306.05 -10559.1 -8216.14 1.32753 20.1522 -88.1526 -306.05 -14450.8 2278.54 -1.32753
-20.1468 93.7698 304.745 -10968.4 -8079.44 1.53466 18.9428 -91.0802 -304.745 -14908.4 2617.46 -1.53466
-18.6646 95.1288 303.504 -11146.9 -7973.53 1.73707 17.8197 -92.4155 -303.504 -15106.9 2875.76 -1.73707
-17.6595 94.6195 302.189 -11089.9 -7900.89 1.93418 17.0963 -92.0639 -302.189 -15043.3 3044.77 -1.93418
-17.0351 92.2529 300.975 -10801 -7856.71 2.12516 16.7582 -90.0553 -300.975 -14719.6 3135.15 -2.12516
-16.8967 88.12 300.155 -10287.6 -7831.7 2.30904 16.4845 -86.3973 -300.155 -14142.3 3167.79 -2.30904
-16.8166 82.3132 300.124 -9566.73 -7815.88 2.48474 16.4415 -81.1898 -300.124 -13321.4 3169.27 -2.48474
-16.7056 74.9245 300.909 -8650.48 -7800.71 2.65125 16.4839 -74.4868 -300.909 -12265.2 3163.81 -2.65125
-16.5457 66.0931 302.513 -7555 -7773.76 2.80756 16.3513 -66.3221 -302.513 -10981.7 3177.93 -2.80756
-16.4111 56.1338 304.465 -6289.56 -7730.9 2.95275 15.9216 -56.5523 -304.465 -9485.62 3214.21 -2.95275
-16.2934 45.1646 306.812 -4876.56 -7675.56 3.08597 15.2119 -45.304 -306.812 -7788.79 3274.82 -3.08597
-16.0537 33.3093 309.476 -3351.39 -7623.83 3.20643 14.7513 -32.956 -309.476 -5926.17 3321.32 -3.20643
-15.6347 20.5351 313.186 -1739.02 -7579.29 3.31335 14.6035 -19.5865 -313.186 -3879.26 3356.34 -3.31335
-15.776 7.20562 317.789 -82.9707 -7557.82 3.40603 14.5277 -5.53147 -317.789 -1702.43 3326.06 -3.40603
-16.584 -6.62818 322.821 1590.89 -7565.43 3.48377 14.6503 9.1884 -322.821 620.096 3203.96 -3.48377
-17.8809 -20.1913 327.345 3197.66 -7614.45 3.5459 15.5963 23.3763 -327.345 2897.4 2939.81 -3.5459
-18.7936 -32.3571 330.215 4647.19 -7647.43 3.59169 16.7141 35.7491 -330.215 4882.58 2689.32 -3.59169
-19.2071 -42.9537 331.765 5923.06 -7628.29 3.62039 17.1923 46.3424 -331.765 6572.87 2545.93 -3.62039
-18.9361 -51.7632 332.42 7005.15 -7551.55 3.63141 17.0798 55.1693 -332.42 7959.61 2523.25 -3.63141
-17.9792 -58.8794 332.241 7885 -7429.03 3.62452 16.6396 62.2293 -332.241 9064.25 2596.51 -3.62452
-16.7933 -64.3533 331.525 8553.45 -7279.51 3.5999 15.8586 67.4369 -331.525 9891.08 2722.49 -3.5999
-15.733 -68.1861 330.442 9008.41 -7128.26 3.55806 14.9802 70.8484 -330.442 10450.2 2842.8 -3.55806
-14.8506 -70.2483 329.262 9252.38 -6997.95 3.4996 14.4805 72.6739 -329.262 10750.3 2906.26 -3.4996
-14.5343 -70.4968 328.077 9290.22 -6901.28 3.42513 14.28 73.0666 -328.077 10802.2 2882.41 -3.42513
-14.772 -69.0664 326.932 9125.66 -6840.35 3.33519 14.4526 71.9531 -326.932 10610.5 2764.68 -3.33519
-15.3514 -66.0294 325.843 8763.17 -6807.84 3.23028 15.0479 69.3191 -325.843 10179 2568.53 -3.23028
-16.2733 -61.5382 324.83 8209.67 -6789.59 3.11084 15.7595 65.0948 -324.83 9512.37 2322.55 -3.11084
-17.4386 -55.5835 323.844 7475.9 -6771.69 2.97733 16.3632 59.4237 -323.844 8618.61 2058.01 -2.97733
-18.5253 -48.1438 322.994 6572.94 -6746.21 2.83027 16.9725 52.4155 -322.994 7499.03 1796.16 -2.83027
-19.6425 -39.4496 322.337 5514.58 -6706.93 2.6703 17.2919 43.9275 -322.337 6152.19 1556.8 -2.6703
-20.6483 -29.5365 321.884 4314.37 -6658.69 2.49815 17.5401 33.9765 -321.884 4571.93 1334.06 -2.49815
-21.1475 -18.331 321.656 2985.34 -6603.71 2.31466 18.1282 22.62 -321.656 2743.05 1127.87 -2.31466
-21.4657 -6.02725 321.339 1553.02 -6547.47 2.1207 18.9425 9.99487 -321.339 686.399 914.122 -2.1207
-21.6899 6.42923 320.912 95.9926 -6477.5 1.91717 19.7072 -2.85948 -320.912 -1399.02 706.752 -1.91717
-22.0471 18.5927 321.097 -1335.16 -6398.23 1.70492 20.3535 -15.149 -321.097 -3390.41 488.121 -1.70492
-22.0467 29.8949 321.038 -2700.32 -6288.98 1.48487 20.8504 -26.3902 -321.038 -5180.73 310.498 -1.48487
-21.6729 40.3009 320.214 -3991.34 -6139.69 1.25804 21.0638 -36.8061 -320.214 -6804.35 184.726 -1.25804
-21.1149 49.7899 318.257 -5194.58 -5956.35 1.02558 21.0348 -46.3784 -318.257 -8269.27 84.5861 -1.02558
-20.3429 58.3712 315.325 -6294.88 -5742.13 0.788613 20.8932 -55.0289 -315.325 -9581.01 -0.719321 -0.788613
-19.5997 66.0535 312.417 -7278.8 -5502.74 0.548188 20.5458 -62.6061 -312.417 -10733 -86.3161 -0.548188
-18.8104 72.9121 309.918 -8136.49 -5241.89 0.305234 20.2073 -69.0188 -309.918 -11732.9 -188.008 -0.305234
-18.1496 78.9082 308.278 -8862.61 -4958.28 0.0606417 19.6893 -74.2337 -308.278 -12576 -305.103 -0.0606417
-17.6713 83.8415 307.486 -9458.94 -4656.65 -0.184687 19.0914 -78.4638 -307.486 -13262.3 -454.336 0.184687
-17.2383 87.5649 307.171 -9916.95 -4341.67 -0.429814 18.6554 -81.7951 -307.171 -13791.7 -645.684 0.429814
-16.8563 90.1904 306.918 -10238.5 -4009.69 -0.673783 18.2882 -84.1021 -306.918 -14160.6 -870.608 0.673783
-16.4058 91.6616 306.351 -10415.4 -3652.29 -0.915664 17.9216 -85.3319 -306.351 -14361.7 -1111.3 0.915664
-15.6441 92.0287 305.463 -10441.8 -3259.18 -1.15455 17.544 -85.3814 -305.463 -14393.5 -1342.53 1.15455
-14.4512 91.4155 304.537 -10324.9 -2811.64 -1.38953 16.9369 -84.2144 -304.537 -14261.1 -1535.63 1.38953
-13.1183 89.7328 303.829 -10073 -2299.2 -1.61965 15.5929 -82.0433 -303.829 -13973.5 -1670.78 1.61965
-11.4711 87.0601 303.544 -9697.8 -1724.29 -1.8439 13.726 -78.9566 -303.544 -13542.4 -1751.11 1.8439
-9.15531 83.4894 303.796 -9214.8 -1093.25 -2.06118 11.8033 -75.0918 -303.796 -12984.6 -1786.01 2.06118
-6.3267 79.2006 304.618 -8638.16 -411.046 -2.27034 9.78344 -70.4824 -304.618 -12315.8 -1786.51 2.27034
-3.56442 74.3427 305.713 -7980.68 316.232 -2.47023 7.19116 -65.1972 -305.713 -11553.5 -1761.07 2.47023
-1.07699 68.8348 307.041 -7259.45 1075.78 -2.65968 4.10427 -59.5637 -307.041 -10715.2 -1736.94 2.65968
1.08933 62.7781 308.617 -6495.56 1847.21 -2.83762 0.912716 -53.7295 -308.617 -9814.73 -1754.75 2.83762
2.99089 56.338 310.302 -5703.26 2603.71 -3.00307 -1.88198 -47.657 -310.302 -8855.65 -1850.01 3.00307
4.81937 49.6865 312 -4893.91 3341.09 -3.15523 -4.08083 -41.3673 -312 -7853.61 -2019.6 3.15523
6.5131 42.8904 313.763 -4078.5 4066.25 -3.29342 -5.99762 -34.9082 -313.763 -6813.71 -2235.19 3.29342
7.89745 35.9788 315.39 -3269.09 4791.05 -3.4171 -8.20034 -28.4541 -315.39 -5752.38 -2453.72 3.4171
9.4953 29.1238 317.302 -2471.82 5541.91 -3.52581 -10.6513 -22.0526 -317.302 -4694.21 -2633.69 3.52581
11.7522 22.3813 319.634 -1687.94 6336.33 -3.61912 -13.1667 -15.8406 -319.634 -3664.99 -2755.99 3.61912
14.1876 15.8279 321.233 -933.694 7136.67 -3.69668 -16.0236 -9.88286 -321.233 -2668.18 -2811.82 3.69668
16.847 9.67515 321.886 -232.136 7941 -3.7582 -19.2048 -4.42664 -321.886 -1744.96 -2795.43 3.7582
19.548 4.02422 322.493 417.433 8743.83 -3.8035 -22.6811 0.637252 -322.493 -894.922 -2730.69 3.8035
22.1794 -0.862683 323.08 997.212 9503.89 -3.83244 -25.9869 5.26297 -323.08 -143.367 -2657.02 3.83244
24.5957 -5.00205 323.567 1486.48 10185.4 -3.84496 -28.7135 9.1369 -323.567 488.862 -2616.23 3.84496
26.2734 -8.42241 324.082 1882.15 10776.2 -3.8411 -31.2146 12.1379 -324.082 991.899 -2619.8 3.8411
27.4248 -10.9178 324.493 2178.41 11270.2 -3.82111 -33.24 14.3886 -324.493 1359.89 -2667.12 3.82111
28.5005 -12.571 324.305 2375.21 11653 -3.78534 -34.3095 15.8686 -324.305 1601.59 -2748.17 3.78534
29.525 -13.5009 323.551 2474.11 11941.9 -3.73427 -34.7811 16.467 -323.551 1716.55 -2826.73 3.73427
30.6259 -13.6434 322.192 2471.93 12157.1 -3.66846 -34.9786 16.2411 -322.192 1707.05 -2859.82 3.66846
31.8104 -13.0577 320.683 2378.04 12327.2 -3.58851 -35.3556 15.2887 -320.683 1585.66 -2811.4 3.58851
33.0437 -11.9316 319.341 2205.28 12464.4 -3.49505 -36.1304 13.6195 -319.341 1367.19 -2668 3.49505
34.4991 -10.3304 318.406 1967.84 12566.8 -3.38871 -37.0173 11.3803 -318.406 1067.13 -2443.22 3.38871
36.3108 -8.38473 317.996 1682.55 12627.8 -3.2701 -37.6658 8.67337 -317.996 701.275 -2160.63 3.2701
37.6696 -6.1194 318.104 1371.28 12640 -3.1398 -38.6497 5.79113 -318.104 292.145 -1845.81 3.1398
38.3395 -3.52352 318.222 1051.45 12575 -2.99844 -39.6405 3.08387 -318.222 -130.186 -1549.36 2.99844
38.354 -0.795493 318.122 736.03 12404.5 -2.84663 -40.0739 0.581216 -318.122 -546.787 -1317.54 2.84663
37.2977 1.94264 317.59 427.752 12106.1 -2.6851 -39.9379 -1.77324 -317.59 -951.194 -1187.56 2.6851
35.4077 4.56514 316.78 132.329 11677.5 -2.51468 -38.8991 -3.98789 -316.78 -1332.71 -1170.57 2.51468
32.8464 6.88042 315.926 -148.816 11134.7 -2.3363 -37.0897 -6.24859 -315.926 -1691.97 -1241.38 2.3363
29.7359 8.96539 315.087 -409.234 10499.6 -2.15102 -34.9065 -8.38593 -315.087 -2022.46 -1349.4 2.15102
26.4106 10.8484 314.27 -641.253 9795.04 -1.95995 -32.5277 -10.3091 -314.27 -2323.12 -1445.61 1.95995
23.3984 12.4668 313.641 -841.315 9057.41 -1.76425 -30.0641 -12.064 -313.641 -2595.16 -1477.13 1.76425
21.0005 13.7594 312.942 -1012.76 8296.87 -1.56497 -27.5127 -13.6678 -312.942 -2829.04 -1412.53 1.56497
19.0533 14.6947 312.467 -1143.6 7536.07 -1.36309 -25.2933 -14.9936 -312.467 -3014.61 -1238.48 1.36309
17.5559 15.3412 312.157 -1222.26 6770.95 -1.15941 -23.3373 -15.8032 -312.157 -3139.68 -960.655 1.15941
16.3695 15.4777 312.613 -1244.18 6004.81 -0.954645 -21.6397 -16.243 -312.613 -3198.37 -602.283 0.954645
15.2194 14.9373 314.254 -1200.47 5237.28 -0.749388 -20.059 -16.3003 -314.254 -3174.42 -221.086 0.749388
13.7932 13.7352 315.876 -1078.6 4428.52 -0.544186 -18.3522 -15.6913 -315.876 -3042.8 144.772 0.544186
12.3649 11.7402 316.725 -878.916 3558.75 -0.339567 -15.8617 -14.4423 -316.725 -2788.42 461.278 0.339567
10.5185 9.07493 316.639 -594.746 2630.2 -0.136098 -12.9383 -12.3272 -316.639 -2403.48 717.156 0.136098
8.03787 5.79728 316.558 -222.471 1661.32 0.0655607 -10.0757 -9.26094 -316.558 -1887.85 933.049 -0.0655607
4.9047 1.80913 317.393 234.686 657.991 0.26466 -7.24047 -5.50761 -317.393 -1261.51 1096.02 -0.26466
1.72409 -2.81725 319.187 769.397 -372.88 0.460407 -4.07585 -1.00826 -319.187 -519.009 1233.87 -0.460407
-1.14782 -7.75793 321.553 1363.85 -1415.92 0.652018 -0.630829 4.36492 -321.553 330.025 1387.76 -0.652018
-3.89641 -13.0196 324.047 1998.77 -2468.24 0.838737 2.8133 10.2124 -324.047 1249.89 1568.19 -0.838737
-6.92986 -18.1395 326.146 2640.71 -3516.55 1.01983 5.83252 16.2276 -326.146 2166.44 1764.04 -1.01983
-9.71098 -22.944 327.978 3258.21 -4551.85 1.19456 8.8552 22.0719 -327.978 3039.41 1981.62 -1.19456
-12.2179 -27.24 329.248 3824.15 -5576.99 1.36222 12.0182 27.3586 -329.248 3814.79 2207.69 -1.36222
-15.0027 -30.9298 330.024 4314.36 -6592.53 1.52226 14.6743 31.8656 -330.024 4471.95 2456.23 -1.52226
-17.7867 -34.0082 330.192 4715.45 -7592.74 1.67423 17.3594 35.374 -330.192 4992.86 2685.54 -1.67423
-20.3109 -36.3879 329.929 5010.65 -8584.37 1.81778 20.3858 37.7735 -329.929 5366.66 2895 -1.81778
-22.71 -37.8632 329.651 5193.24 -9566.04 1.95254 23.5577 39.2093 -329.651 5591.58 3091.81 -1.95254
-25.4833 -38.3675 329.204 5263.41 -10521 2.07814 26.304 39.7525 -329.204 5668.05 3269.3 -2.07814
-28.3417 -37.9306 328.74 5222.31 -11450.3 2.19423 28.884 39.4012 -328.74 5598.84 3432.65 -2.19423
-31.2993 -36.5946 328.122 5072.49 -12355.2 2.30046 31.4193 38.1838 -328.122 5391.24 3564.29 -2.30046
-34.4207 -34.4231 327.315 4817.97 -13239.4 2.39653 33.9561 36.091 -327.315 5048.85 3652.32 -2.39653
-37.2433 -31.5316 326.545 4464.12 -14101.5 2.48215 36.9511 33.093 -326.545 4578.33 3696.33 -2.48215
-40.0761 -28.145 325.971 4027.85 -14937.6 2.55706 39.9968 29.2026 -325.971 3995.98 3705.93 -2.55706
-42.9992 -24.4408 325.841 3529.86 -15753.1 2.62098 42.8752 24.545 -325.841 3323.55 3705.95 -2.62098
-45.8501 -20.3865 326.019 2981.98 -16537.7 2.67366 45.6063 19.4465 -326.019 2590.33 3705.97 -2.67366
-48.5237 -16.1298 325.806 2415.15 -17269.3 2.71485 48.1447 14.2359 -325.806 1832.05 3705.2 -2.71485
-50.9454 -11.9682 324.995 1865.85 -17942.2 2.74436 50.574 9.25689 -324.995 1101.97 3696.46 -2.74436
-52.9056 -8.08832 323.963 1356.81 -18554.2 2.76204 53.0236 4.78218 -323.963 441.653 3689.01 -2.76204
-54.2516 -4.67957 322.781 915.136 -19088.8 2.76782 55.426 0.993402 -322.781 -124.079 3697.03 -2.76782
-55.3858 -1.97906 321.574 559.189 -19530 2.76171 57.1868 -2.08406 -321.574 -576.848 3731.38 -2.76171
-56.3594 0.061007 320.537 299.268 -19877.8 2.74376 58.2908 -4.26457 -320.537 -907.656 3787.04 -2.74376
-56.971 1.25506 319.603 141.72 -20138.1 2.71406 59.1472 -5.62899 -319.603 -1108.19 3840.87 -2.71406
-57.8248 1.48282 318.703 90.0286 -20323.7 2.6727 59.4535 -6.24529 -318.703 -1174.62 3863.41 -2.6727
-58.5807 0.824542 317.807 146.871 -20449.7 2.61979 59.872 -5.99161 -317.807 -1103.8 3824.92 -2.61979
-59.1363 -0.533931 316.995 312.213 -20524.4 2.55541 60.6655 -4.6791 -316.995 -895.269 3710.98 -2.55541
-59.8174 -2.69715 316.449 580.631 -20543.5 2.4797 61.4283 -2.49235 -316.449 -554.824 3528.56 -2.4797
-60.5125 -5.73077 316.342 942.941 -20497.1 2.39275 62.0688 0.360354 -316.342 -93.2436 3296.09 -2.39275
-60.8989 -9.61117 316.815 1392.24 -20373.4 2.29468 62.6761 3.84541 -316.815 488.355 3034.56 -2.29468
-60.722 -14.2184 317.862 1924.57 -20158 2.18564 63.2287 8.02423 -317.862 1185.7 2768.06 -2.18564
-60.0037 -19.2029 319.275 2523.68 -19829.9 2.06584 63.3674 12.986 -319.275 1978.68 2522.8 -2.06584
-58.2393 -24.455 320.654 3162.03 -19365.4 1.93557 63.111 18.3159 -320.654 2821.4 2343.28 -1.93557
-56.2278 -29.9127 321.949 3818.19 -18758.2 1.79523 61.5268 23.6739 -321.949 3679.08 2241.87 -1.79523
-53.7652 -35.5451 322.948 4474.51 -18020.2 1.64539 59.0746 28.9186 -322.948 4545.23 2194.72 -1.64539
-50.5591 -41.1974 323.584 5122.62 -17169.2 1.48674 56.4828 33.9658 -323.584 5394.78 2158.71 -1.48674
-47.4672 -46.6784 324.139 5753.65 -16243.3 1.32007 53.489 38.9778 -324.139 6232.54 2088.51 -1.32007
-44.4584 -51.9978 325.022 6367.55 -15268 1.14625 50.4846 43.9021 -325.022 7052.57 1959.32 -1.14625
-41.571 -56.9669 325.503 6964.2 -14246.6 0.966137 47.642 48.8676 -325.503 7846.58 1745.02 -0.966137
-38.9887 -61.4084 325.767 7538.25 -13180.7 0.780538 44.7891 53.8982 -325.767 8598.44 1445.51 -0.780538
-36.695 -65.3354 326.09 8065.98 -12068 0.590197 41.9042 58.6706 -326.09 9288.47 1063.69 -0.590197
-34.1678 -68.8668 326.712 8528.36 -10905.7 0.395797 39.1964 62.8087 -326.712 9899.71 640.634 -0.395797
-31.2189 -71.7563 327.688 8908.89 -9687.33 0.197982 36.4715 66.2166 -327.688 10400.7 223.286 -0.197982
-27.9534 -73.6969 328.839 9195.18 -8398.36 -0.00260668 33.2118 68.9642 -328.839 10770.8 -145.2 0.00260668
-24.2269 -74.9358 329.866 9376.16 -7034.08 -0.205283 29.4286 70.6572 -329.866 11000.3 -450.92 0.205283
-20.1328 -75.5068 330.781 9448.45 -5613.25 -0.409279 25.4009 71.1749 -330.781 11080.4 -727.254 0.409279
-15.7548 -75.2746 332.183 9410.04 -4125.61 -0.613766 21.0411 70.7431 -332.183 11026 -983.862 0.613766
-11.4569 -74.2511 333.23 9263.98 -2591.81 -0.817897 16.2258 69.3077 -333.23 10827.8 -1233.83 0.817897
-7.55298 -72.4532 333.914 9012.44 -1043.83 -1.02084 11.0612 66.9466 -333.914 10497.1 -1504.04 1.02084
-3.69929 -69.8305 334.441 8677.81 512.977 -1.22177 6.22195 64.0047 -334.441 10052.8 -1835.45 1.22177
0.0153366 -66.6212 334.948 8286.91 2071.53 -1.41992 1.8937 60.4765 -334.948 9500.45 -2259.4 1.41992
3.74725 -62.7851 336.065 7849.85 3650.27 -1.61457 -2.09867 56.6023 -336.065 8858.1 -2747.87 1.61457
7.50732 -58.5812 337.398 7361.2 5261.38 -1.80509 -6.10002 52.194 -337.398 8141.12 -3263.4 1.80509
10.9591 -54.0839 338.567 6832.04 6926.06 -1.99086 -10.9046 47.2424 -338.567 7347.5 -3763.34 1.99086
15.1201 -49.3297 340.322 6286.24 8684.39 -2.17125 -16.1713 42.1852 -340.322 6519.8 -4192.99 2.17125
20.1337 -43.9707 341.198 5698.5 10491.7 -2.34556 -21.4509 37.2293 -341.198 5663.53 -4550.98 2.34556
25.8701 -38.3703 340.717 5081.84 12323.6 -2.51302 -26.8025 32.2803 -340.717 4803.35 -4823.24 2.51302
31.7575 -32.8532 339.658 4456.48 14183.3 -2.67288 -32.6747 27.2011 -339.658 3945.31 -5029.96 2.67288
37.5891 -27.044 338.656 3785.43 16034 -2.82439 -38.6793 21.9664 -338.656 3070.41 -5217.19 2.82439
43.4015 -21.4433 338.216 3107.58 17855.1 -2.96685 -44.5193 16.7383 -338.216 2232.43 -5400.75 2.96685
48.8474 -15.8531 337.829 2424.65 19603.8 -3.09954 -50.0343 11.4941 -337.829 1398.8 -5608.98 3.09954
53.6064 -10.645 336.944 1762.03 21249.3 -3.22181 -55.1895 6.24459 -336.944 597.618 -5861.11 3.22181
57.6509 -5.68227 335.72 1113.35 22780.9 -3.33303 -59.9459 1.20114 -335.72 -154.276 -6155.58 3.33303
61.3266 -1.05294 334.124 500.635 24184.3 -3.43262 -63.9133 -3.38444 -334.124 -831.341 -6484.58 3.43262
64.077 3.06787 331.702 -41.0496 25442 -3.5201 -67.688 -7.31382 -331.702 -1416.39 -6825.3 3.5201
66.6894 6.64856 328.968 -499.696 26569.2 -3.59506 -70.7807 -10.4641 -328.968 -1899.83 -7151.06 3.59506
69.4371 9.68055 326.321 -880.82 27585.3 -3.65719 -73.2725 -12.9826 -326.321 -2295.53 -7431.39 3.65719
72.0039 11.9705 324.008 -1182.67 28506.5 -3.70618 -75.832 -15.0417 -324.008 -2602.32 -7633.04 3.70618
74.8576 13.6479 321.79 -1392.98 29333.3 -3.74171 -78.1515 -16.3862 -321.79 -2814.89 -7734.43 3.74171
78.3243 14.6366 319.758 -1512.93 30077.1 -3.76349 -80.0867 -17.1263 -319.758 -2936.85 -7721.24 3.76349
81.7141 14.6327 317.984 -1541.62 30747.2 -3.77125 -82.4256 -17.5556 -317.984 -2967.64 -7589.07 3.77125
84.5577 13.8848 316.532 -1472.16 31335 -3.76475 -85.4254 -17.32 -316.532 -2899.4 -7359.05 3.76475
87.8305 12.5838 315.446 -1296.25 31816.6 -3.74379 -87.6395 -16.1029 -315.446 -2722.83 -7072.81 3.74379
90.5569 10.493 314.659 -1011.64 32170.1 -3.70821 -89.6229 -14.0987 -314.659 -2434.32 -6767.57 3.70821
92.1486 7.66529 314.08 -621.439 32376.1 -3.65793 -91.6001 -11.2947 -314.08 -2036.32 -6474.85 3.65793
92.8479 4.31544 313.617 -131.726 32409.3 -3.59297 -92.9192 -7.57674 -313.617 -1536.86 -6226.44 3.59297
92.4323 0.402442 313.167 442.399 32246.9 -3.51346 -93.4786 -3.1725 -313.167 -946.965 -6045.18 3.51346
91.418 -3.79473 312.69 1073.23 31884.8 -3.41968 -92.7647 1.79773 -312.69 -294.788 -5926.59 3.41968
89.7038 -8.26036 312.229 1732.8 31339.4 -3.31211 -91.1973 7.01684 -312.229 401.035 -5842.53 3.31211
86.9226 -12.7832 311.736 2393.49 30631.3 -3.19136 -89.5772 12.3068 -311.736 1113.66 -5752.9 3.19136
84.1001 -17.4504 311.098 3021.98 29783 -3.05823 -87.301 17.0455 -311.098 1801.55 -5621.33 3.05823
81.5123 -21.6776 309.938 3603.98 28803 -2.91358 -84.3682 21.4903 -309.938 2433.26 -5417.92 2.91358
78.7368 -25.3772 308.494 4129.56 27719.8 -2.75828 -81.6339 25.6937 -308.494 3013.75 -5110.59 2.75828
76.0941 -28.6318 307.396 4573.12 26558.5 -2.59317 -79.033 29.2382 -307.396 3521.74 -4688.24 2.59317
73.7334 -31.3575 306.777 4921.27 25308.1 -2.41904 -76.1814 31.9594 -306.777 3935.95 -4172.53 2.41904
71.4656 -33.4924 306.544 5169.3 23968.9 -2.23657 -73.1727 33.9067 -306.544 4259.28 -3577.37 2.23657
68.4497 -35.0345 306.453 5314.86 22527 -2.04645 -70.5341 35.056 -306.453 4490.46 -2932.77 2.04645
64.8874 -35.9361 306.73 5361.1 20970.5 -1.84934 -67.591 35.4571 -306.73 4626.61 -2292.86 1.84934
60.6413 -35.9897 307.374 5305.83 19277.6 -1.64591 -64.028 35.3031 -307.374 4667.95 -1699.21 1.64591
55.7064 -35.5063 307.692 5163.31 17421.7 -1.43686 -59.3458 34.4814 -307.692 4627.96 -1195.97 1.43686
49.8245 -34.4817 309.233 4945.24 15481.3 -1.22301 -54.3979 33.1457 -309.233 4515.9 -777.882 1.22301
43.2301 -32.8099 310.91 4661.52 13436.5 -1.00533 -48.7994 31.4854 -310.91 4333.47 -446.48 1.00533
36.4569 -30.8819 313.841 4340.94 11365.7 -0.784865 -42.9098 29.4731 -313.841 4102.77 -154.855 0.784865
29.4128 -28.8503 317.026 4004.13 9270.72 -0.56273 -36.8106 27.1352 -317.026 3828.22 93.0798 0.56273
22.508 -26.756 320.594 3673.4 7197.8 -0.340068 -30.6594 24.613 -320.594 3512.94 330.6 0.340068
16.0182 -24.3723 323.193 3323.55 5137.98 -0.118038 -24.4211 21.8288 -323.193 3139.59 599.923 0.118038
10.012 -22.0423 324.954 3001.04 3098.09 0.102229 -18.2009 19.0535 -324.954 2747.66 918.679 -0.102229
4.08594 -19.8516 325.481 2721.04 1064.18 0.319679 -12.3702 16.3126 -325.481 2337.5 1296.38 -0.319679
-1.58147 -17.7421 326.155 2472.81 -982.507 0.533337 -6.78942 13.8053 -326.155 1939.61 1757.64 -0.533337
-7.09199 -15.92 327.586 2253.53 -3081.98 0.742308 -0.980275 11.6244 -327.586 1598.69 2261.45 -0.742308
-12.668 -14.3676 330.652 2071.75 -5233.32 0.945766 5.11988 9.98181 -330.652 1333.36 2767.03 -0.945766
-18.7726 -13.2553 333.525 1945.47 -7457 1.14296 11.4075 8.84219 -333.525 1144.5 3244.4 -1.14296
-25.6143 -12.5717 334.565 1878.42 -9759.31 1.33322 18.1548 8.35936 -334.565 1048.31 3632.77 -1.33322
-33.0704 -12.0841 333.798 1859.95 -12121.7 1.51591 25.4575 8.62389 -333.798 1035.57 3917.58 -1.51591
-41.2359 -11.6641 331.892 1884.14 -14515.9 1.69031 32.9117 9.49051 -331.892 1073.91 4114.06 -1.69031
-50.1887 -11.4213 333.813 1932.94 -17058.3 1.8556 40.7903 10.6332 -333.813 1151.07 4288.84 -1.8556
-59.0856 -11.3585 338.818 1984.27 -19707.8 2.01087 49.4739 11.6555 -338.818 1234.07 4465.34 -2.01087
-67.5112 -11.5608 342.344 2039.33 -22352.2 2.15526 58.514 12.3237 -342.344 1300.86 4652.7 -2.15526
-75.5142 -11.6977 342.548 2074.49 -24913.6 2.28808 67.1026 12.7276 -342.548 1341.39 4880.21 -2.28808
-83.2752 -11.5995 341.582 2075.63 -27427.8 2.40884 75.149 12.9191 -341.582 1353.34 5170.81 -2.40884
-91.2159 -11.4329 342.063 2049.18 -29955.3 2.51722 82.6546 12.8022 -342.063 1340.12 5525.08 -2.51722
-98.7684 -10.8925 344.082 1972.59 -32483.1 2.61301 90.1867 12.4586 -344.082 1293.03 5930.02 -2.61301
-105.876 -10.1167 345.99 1890.94 -34985.2 2.69608 97.9079 12.1592 -345.99 1224.23 6345.25 -2.69608
-112.876 -8.99588 347.215 1772.59 -37469 2.7664 105.788 11.6826 -347.215 1119.02 6735.78 -2.7664
-119.902 -7.49365 347.426 1600.75 -39917 2.82407 113.628 10.8728 -347.426 967.302 7093.71 -2.82407
-126.345 -5.57022 345.223 1393.32 -42222.1 2.86922 121.085 9.90693 -345.223 770.363 7445.54 -2.86922
-132.548 -3.35191 341.29 1140.06 -44340.6 2.90204 127.375 8.50349 -341.29 516.725 7809.42 -2.90204
-137.962 -0.916284 337.344 835.165 -46278.6 2.92283 133.085 6.53279 -337.344 204.886 8185.19 -2.92283
-143.015 1.84324 334.503 466.406 -48051.3 2.93199 138.01 3.97462 -334.503 -170.649 8556.25 -2.93199
-147.481 4.97188 332.377 35.785 -49649.2 2.92997 142.482 0.909917 -332.377 -606.886 8898.34 -2.92997
-151.335 8.37801 330.495 -452.239 -51075.6 2.91724 146.746 -2.70913 -330.495 -1102.13 9184.34 -2.91724
-154.7 12.0832 328.155 -984.723 -52318.5 2.89429 150.682 -6.68381 -328.155 -1644.53 9402.38 -2.89429
-157.749 15.9837 325.107 -1540.03 -53364 2.86162 154.001 -10.8331 -325.107 -2215.86 9554.96 -2.86162
-160.429 19.7511 321.668 -2103.87 -54204.2 2.81969 156.627 -15.2622 -321.668 -2799.15 9652.07 -2.81969
-162.161 23.2591 318.243 -2655.57 -54830.3 2.76893 158.955 -19.7462 -318.243 -3365.94 9710.11 -2.76893
-163.087 26.4591 315.022 -3168.22 -55227.4 2.70975 160.599 -24.0025 -315.022 -3896.79 9748.37 -2.70975
-163.258 29.1217 312.101 -3617.33 -55379 2.64263 161.251 -27.8834 -312.101 -4363.4 9786.21 -2.64263
-162.298 31.032 309.346 -3972.91 -55271 2.56808 161.119 -31.1808 -309.346 -4736.57 9833.28 -2.56808
-160.207 32.1313 306.599 -4206.32 -54887.8 2.48671 160.065 -33.5416 -306.599 -4987.32 9892.77 -2.48671
-157.31 32.2949 303.812 -4289.33 -54229.4 2.39919 157.824 -34.7046 -303.812 -5089.88 9956.92 -2.39919
-153.736 31.3614 300.872 -4210.91 -53306.5 2.30627 154.51 -34.6661 -300.872 -5032.17 10002.4 -2.30627
-149.435 29.3472 297.937 -3963.09 -52143 2.2087 150.553 -33.2819 -297.937 -4804.28 9999.34 -2.2087
-144.492 26.332 295.324 -3546.43 -50762.2 2.1072 146.201 -30.4549 -295.324 -4403.25 9924.82 -2.1072
-139.194 22.253 293.381 -2966.95 -49185.3 2.00241 141.407 -26.3506 -293.381 -3837.42 9766 -2.00241
-133.489 17.0588 292.102 -2246.54 -47415.7 1.89489 136.24 -21.2924 -292.102 -3123 9523.89 -1.89489
-127.474 10.7773 291.437 -1395.29 -45457.5 1.7851 130.567 -15.3906 -291.437 -2269.21 9207.41 -1.7851
-121.052 3.56149 291.233 -431.03 -43310 1.6734 124.388 -8.66217 -291.233 -1282 8830.15 -1.6734
-114.257 -4.15299 291.654 609.398 -40989.6 1.56013 117.722 -1.16319 -291.654 -193.31 8400.46 -1.56013
-106.933 -12.2472 293.433 1732.57 -38536.3 1.44556 111.044 7.21125 -293.433 988.314 7913.66 -1.44556
-99.7783 -20.5989 297.673 2878.12 -36033.7 1.32987 104.284 16.093 -297.673 2254.67 7364.99 -1.32987
-93.0347 -28.9143 302.545 3998.94 -33473.3 1.21323 97.082 25.0261 -302.545 3547.97 6763.67 -1.21323
-86.2767 -37.1291 306.658 5085.71 -30832.3 1.09575 89.6707 33.9708 -306.658 4862.93 6114.49 -1.09575
-79.5466 -44.6784 311.55 6082.47 -28206.4 0.977529 82.498 42.4621 -311.55 6111.45 5443.78 -0.977529
-72.6135 -51.5898 315.474 6993.3 -25534.4 0.85859 75.3242 50.5103 -315.474 7294.6 4756.79 -0.85859
-65.1649 -57.2251 317.087 7769.06 -22777.7 0.738951 67.5847 57.6428 -317.087 8305.99 4137.72 -0.738951
-56.8997 -61.3851 316.945 8340.28 -19906.2 0.618734 59.1328 63.2089 -316.945 9096.15 3618.75 -0.618734
-48.3481 -64.2057 317.578 8686.46 -17005.8 0.498166 50.25 66.9813 -317.578 9672.89 3171.3 -0.498166
-39.228 -65.5676 319.51 8810.38 -14114 0.377494 41.5327 68.8774 -319.51 10005.1 2789.05 -0.377494
-30.0464 -65.5771 322.144 8753.72 -11258.1 0.256944 32.9196 68.8683 -322.144 10062 2437.21 -0.256944
-21.0363 -64.3015 324.213 8525.93 -8430.84 0.136734 24.5941 67.1138 -324.213 9865.57 2050.23 -0.136734
-12.1661 -61.5182 325.119 8105.82 -5636.86 0.0170613 16.7463 63.6205 -325.119 9406.98 1610.51 -0.0170613
-3.37562 -57.0943 326.748 7509.46 -2874.14 -0.101955 9.08321 58.6758 -326.748 8691.87 1165.39 0.101955
5.0897 -51.1607 330.882 6754.4 -127.83 -0.220297 1.76132 52.6772 -330.882 7776.67 644.202 0.220297
12.938 -43.8831 336.347 5876.39 2624.36 -0.338008 -5.60757 45.4886 -336.347 6629.72 38.2642 0.338008
20.7735 -35.417 341.311 4897.54 5443.91 -0.455187 -12.8261 37.0428 -341.311 5241.2 -657.303 0.455187
28.9718 -25.8605 348.423 3832.88 8464.28 -0.572087 -20.559 27.4714 -348.423 3628.31 -1429.78 0.572087
37.9706 -15.0652 356.963 2601.4 11781.7 -0.68919 -30.0805 16.6729 -356.963 1837.12 -2135.98 0.68919
49.3334 -3.45252 365.364 1225.45 15455.8 -0.807102 -41.6831 5.04268 -365.364 -40.5188 -2576.66 0.807102
61.8843 8.59959 367.896 -281.923 19279.7 -0.926244 -54.2301 -7.12179 -367.896 -1923.01 -2871.14 0.926244
74.1828 20.5485 365.884 -1878.85 23124.5 -1.04661 -67.0725 -19.3784 -365.884 -3714.27 -3182.96 1.04661
85.3845 31.7788 360.039 -3451.31 26819.4 -1.16781 -78.7576 -31.0601 -360.039 -5348.84 -3662.96 1.16781
94.762 42.2855 353.299 -4961.93 30278.2 -1.28929 -88.6172 -41.8695 -353.299 -6821.71 -4418.71 1.28929
102.421 51.6919 347.55 -6327.27 33481.3 -1.41056 -96.4286 -51.4679 -347.55 -8116.34 -5446.12 1.41056
108.898 59.9536 343.722 -7534.98 36476 -1.53141 -102.725 -59.8316 -343.722 -9235.57 -6641.84 1.53141
114.965 67.1514 341.667 -8558.88 39342 -1.65195 -108.461 -66.6983 -341.667 -10180.2 -7844.03 1.65195
121.366 73.0571 339.899 -9384.35 42134.5 -1.77246 -114.298 -72.1213 -339.899 -10940.3 -8912.53 1.77246
128.151 77.5487 337.282 -10005 44882.2 -1.89306 -120.99 -76.0938 -337.282 -11504.2 -9764.39 1.89306
135.433 80.6517 333.609 -10423.5 47582.5 -2.01358 -128.521 -78.6167 -333.609 -11872.8 -10383.9 2.01358
143.09 82.4515 329.79 -10647 50207.6 -2.13364 -136.479 -79.7204 -329.79 -12055.4 -10817 2.13364
150.574 82.8948 326.776 -10685.8 52710.1 -2.25266 -144.498 -79.6085 -326.776 -12062.7 -11143.5 2.25266
157.61 81.9244 324.946 -10552.4 55034.2 -2.36998 -151.872 -78.4982 -324.946 -11904.8 -11444.2 2.36998
163.657 79.7017 323.957 -10254.8 57131.1 -2.48493 -158.379 -76.2912 -323.957 -11582.4 -11777.4 2.48493
168.582 76.3782 323.196 -9799.01 58971.4 -2.59689 -163.805 -72.9533 -323.196 -11105.8 -12162.7 2.59689
172.401 71.985 321.926 -9197.57 60539.9 -2.70534 -168.088 -68.623 -321.926 -10486.2 -12592.2 2.70534
175.411 66.4524 320.224 -8452.81 61840.9 -2.80979 -171.06 -63.3665 -320.224 -9720.82 -13052.3 2.80979
177.634 59.9224 318.251 -7578.89 62900 -2.90977 -173.215 -57.3367 -318.251 -8836.79 -13495.9 2.90977
179.153 52.5547 316.141 -6583.16 63739 -3.00485 -174.89 -50.5025 -316.141 -7844.74 -13886.4 3.00485
180.279 44.1935 314.208 -5469.61 64373.8 -3.09466 -176.021 -43.0107 -314.208 -6739.51 -14204.4 3.09466
181.294 35.039 312.844 -4254.18 64819.7 -3.17893 -176.578 -34.8895 -312.844 -5537.11 -14429.8 3.17893
182.173 25.2468 311.815 -2945.77 65084.4 -3.25749 -176.748 -26.1602 -311.815 -4253.37 -14547.6 3.25749
182.309 14.8173 311.375 -1550.07 65168.7 -3.33023 -177.074 -16.746 -311.375 -2871.92 -14567.4 3.33023
181.824 4.03946 311.007 -81.6102 65054 -3.39701 -177.225 -6.70069 -311.007 -1426.2 -14500.2 3.39701
180.838 -6.49728 311.193 1416.54 64726.9 -3.45766 -176.822 3.68765 -311.193 4.17462 -14368.6 3.45766
179.519 -16.7862 310.886 2927.15 64155.6 -3.51191 -175.288 14.4796 -310.886 1443.9 -14199 3.51191
177.434 -26.8476 309.898 4407.14 63335.2 -3.55936 -172.965 25.1526 -309.898 2865.72 -13999.3 3.55936
174.459 -36.3982 309.215 5828.55 62283 -3.59949 -170.074 35.5981 -309.215 4242.74 -13772.3 3.59949
170.73 -44.9539 308.566 7110.58 61000.9 -3.63176 -166.498 45.1417 -308.566 5493.68 -13517.4 3.63176
166.384 -52.325 307.69 8204 59494.7 -3.65564 -162.169 53.2992 -307.69 6573.46 -13231.1 3.65564
161.644 -58.3982 306.262 9086.01 57774.3 -3.67069 -157.043 59.8001 -306.262 7451.16 -12898.5 3.67069
156.637 -63.0519 304.19 9734.8 55863.7 -3.67654 -151.323 64.4777 -304.19 8108.19 -12497.5 3.67654
151.127 -66.012 301.765 10140 53786.3 -3.6729 -145.467 67.4164 -301.765 8528.45 -12020 3.6729
145.427 -67.2118 299.344 10296.7 51562.3 -3.65954 -139.311 68.6292 -299.344 8709.27 -11464.9 3.65954
139.236 -66.6878 297.284 10205.8 49205.4 -3.63631 -133.197 68.1159 -297.284 8654.88 -10839.7 3.63631
132.707 -64.5235 295.411 9883.45 46710.6 -3.60307 -126.799 65.9749 -295.411 8374.65 -10163.9 3.60307
125.891 -60.7226 293.64 9337.87 44075.4 -3.55966 -119.893 62.327 -293.64 7877.75 -9459.36 3.55966
118.591 -55.3447 291.784 8587.3 41297.7 -3.50592 -112.526 57.357 -291.784 7180.13 -8744.69 3.50592
110.787 -48.5263 289.857 7650.13 38383.2 -3.4417 -104.676 51.1678 -289.857 6296.92 -8031.77 3.4417
102.496 -40.5288 288.115 6543.08 35348.3 -3.36692 -96.3847 43.6933 -288.115 5238.77 -7328.18 3.36692
93.8104 -31.3162 286.768 5282.95 32214.5 -3.28159 -87.7105 35.1982 -286.768 4020.85 -6634.45 3.28159
84.8241 -21.169 286.052 3887.52 29004.9 -3.18586 -78.8087 25.4976 -286.052 2638.83 -5938.55 3.18586
75.8231 -10.2917 286.604 2401.91 25767.9 -3.07997 -69.871 14.733 -286.604 1095.95 -5221.75 3.07997
67.1332 1.16263 288.084 833.133 22539.9 -2.96427 -61.0165 3.0341 -288.084 -575.194 -4458.46 2.96427
59.5216 12.9242 291.848 -743.94 19437.2 -2.83927 -52.7693 -9.16576 -291.848 -2351.18 -3583.96 2.83927
52.8601 24.2605 297.101 -2214 16507.3 -2.70551 -45.547 -20.8828 -297.101 -4107.36 -2605.96 2.70551
46.0641 35.0058 303.801 -3531.59 13731.9 -2.56361 -39.6504 -31.5314 -303.801 -5784.1 -1615.73 2.56361
38.7544 44.665 309.105 -4694.29 10980.7 -2.41408 -33.212 -41.0666 -309.105 -7308.14 -798.602 2.41408
31.3743 53.0585 313.402 -5698.7 8257.13 -2.25742 -25.3323 -49.4945 -313.402 -8658.56 -221.372 2.25742
22.988 60.1547 315.953 -6553.14 5559.77 -2.09418 -16.5973 -56.7991 -315.953 -9820.23 68.5019 2.09418
14.0102 66.1001 316.157 -7290.58 2948.04 -1.92517 -7.73675 -63.1555 -316.157 -10805 171.792 1.92517
4.78322 70.9973 313.968 -7923.4 406.649 -1.75143 0.775998 -68.4535 -313.968 -11599.2 218.207 1.75143
-4.34284 74.9579 310.793 -8435.09 -2035.28 -1.57421 8.7316 -72.4295 -310.793 -12198.3 257.466 1.57421
-12.2861 77.6592 309.446 -8794.58 -4375.63 -1.3948 16.3062 -75.253 -309.446 -12612.1 414.58 1.3948
-18.9045 78.9538 311.446 -8982.29 -6586.2 -1.21438 22.9541 -76.9363 -311.446 -12841.4 757.401 1.21438
-24.8574 78.8554 314.499 -8997.29 -8687.91 -1.03388 28.1709 -77.2494 -314.499 -12856.8 1284.76 1.03388
-29.8311 77.441 317.297 -8838.89 -10712.2 -0.853866 32.7537 -75.8768 -317.297 -12625.3 1960.33 0.853866
-34.6587 74.5512 318.813 -8511.94 -12690.7 -0.674549 36.9691 -73.1383 -318.813 -12164.5 2662.15 0.674549
-39.1808 70.0836 319.151 -8018.34 -14649.4 -0.49597 41.7009 -69.0779 -319.151 -11464.3 3315.04 0.49597
-44.1408 64.2085 318.343 -7348.21 -16602.7 -0.318143 46.7558 -63.5909 -318.343 -10543.8 3856.71 0.318143
-49.6966 57.2531 317.61 -6511.34 -18562.8 -0.141171 52.1681 -56.6071 -317.61 -9429.29 4272.27 0.141171
-55.4268 48.9404 318.004 -5495.65 -20506.3 0.0346993 57.9038 -48.3264 -318.004 -8122.23 4601.96 -0.0346993
-61.2379 39.3701 319.508 -4323.62 -22408.4 0.209094 63.8212 -39.1051 -319.508 -6663.83 4853.72 -0.209094
-66.8887 28.4479 322.283 -2995.18 -24234.5 0.381579 69.4127 -28.8214 -322.283 -5024.03 5097.59 -0.381579
-72.6352 16.5968 325.428 -1556.95 -25958.6 0.551719 74.3066 -17.8079 -325.428 -3261.81 5323.99 -0.551719
-78.5796 3.92562 329.409 -25.8121 -27600.5 0.719096 78.5974 -6.09455 -329.409 -1379.71 5524.91 -0.719096
-84.3442 -9.49746 333.347 1582.36 -29186.1 0.883263 83.0323 6.36271 -333.347 634.737 5674.97 -0.883263
-89.7374 -23.259 336.612 3241 -30702.7 1.04369 87.7379 19.1428 -336.612 2691.33 5770.65 -1.04369
-95.3183 -36.9934 340.008 4921.77 -32156 1.19977 92.0912 31.8619 -340.008 4713.61 5826.56 -1.19977
-100.43 -50.4121 342.487 6590.23 -33510.7 1.35083 96.0823 44.3385 -342.487 6670.15 5900.92 -1.35083
-104.494 -63.4132 344.669 8245.28 -34743.8 1.49618 99.9316 56.6258 -344.669 8555.18 6020.47 -1.49618
-108.309 -75.7132 346.389 9849.64 -35889.1 1.63518 103.149 68.6286 -346.389 10352.9 6176.21 -1.63518
-111.379 -86.9482 347.105 11354.8 -36883 1.76726 105.491 79.8649 -347.105 11993.4 6408.04 -1.76726
-113.616 -97.1715 347.398 12748 -37745.1 1.89199 107.35 90.0469 -347.398 13456.7 6692.91 -1.89199
-115.512 -106.182 346.607 13983.6 -38495.7 2.00907 108.816 99.0064 -346.607 14736.5 6969.96 -2.00907
-116.729 -113.582 344.322 15012.6 -39116.8 2.11823 110.265 106.532 -344.322 15796.5 7216.04 -2.11823
-117.911 -119.294 341.755 15831.3 -39635.4 2.21916 111.38 112.654 -341.755 16634 7411.98 -2.21916
-119.206 -123.16 339.314 16413.6 -40053.7 2.31149 112.08 117.172 -339.314 17225.1 7550.45 -2.31149
-120.467 -125.109 337.141 16735.7 -40378.2 2.39482 112.61 119.849 -337.141 17550.2 7624.08 -2.39482
-121.537 -124.972 335.13 16784.3 -40610.1 2.46875 113.131 120.66 -335.13 17595.8 7633.46 -2.46875
-122.674 -122.868 332.983 16546.2 -40744.9 2.5329 113.291 119.296 -332.983 17348.2 7587.19 -2.5329
-123.564 -118.749 330.495 16016.6 -40775.3 2.587 113.259 115.743 -330.495 16803.6 7498.94 -2.587
-124.108 -112.564 327.719 15206.8 -40698.3 2.63081 112.989 110.189 -327.719 15969.9 7385.13 -2.63081
-124.352 -104.507 325.047 14143.9 -40520 2.66418 112.367 102.762 -325.047 14865.2 7261.73 -2.66418
-124.261 -94.8325 322.406 12838.5 -40242.6 2.68708 111.362 93.3765 -322.406 13502.5 7139.83 -2.68708
-123.853 -83.5606 319.993 11308.1 -39878.9 2.69959 109.987 82.2977 -319.993 11904.3 7027.99 -2.69959
-123.052 -70.8131 319.137 9624.17 -39452.4 2.70189 108.344 70.0257 -319.137 10086.2 6945.11 -2.70189
-122.168 -57.1035 319.58 7833.64 -39013.2 2.69426 106.906 56.9562 -319.58 8128.49 6832.15 -2.69426
-121.029 -42.2613 319.474 5911.66 -38540.1 2.677 105.527 42.8893 -319.474 6004.1 6713.37 -2.677
-119.562 -26.5219 318.802 3910.15 -38027.6 2.65039 104.166 28.1233 -318.802 3735.84 6598.68 -2.65039
-117.869 -10.527 317.865 1871.35 -37489.8 2.61476 102.997 12.9954 -317.865 1418.41 6464.02 -2.61476
-116.184 5.81823 317.899 -198.394 -36934.5 2.5705 101.72 -2.65945 -317.899 -990.745 6325.49 -2.5705
-114.245 21.6344 318.341 -2224.65 -36346.1 2.51809 100.304 -17.8722 -318.341 -3307.64 6208.78 -2.51809
-111.636 37.1766 317.899 -4209.43 -35690.8 2.45798 98.774 -32.6888 -317.899 -5572.2 6135.59 -2.45798
-108.522 51.9943 315.512 -6105.01 -34936.2 2.39064 96.5869 -46.7796 -315.512 -7722.92 6126.61 -2.39064
-105.09 65.7038 312.911 -7901.47 -34109.5 2.31649 93.7144 -60.2902 -312.911 -9736.4 6186.05 -2.31649
-101.425 78.1357 310.14 -9567.73 -33222.9 2.236 90.3299 -73.036 -310.14 -11594.1 6289.98 -2.236
-97.6049 89.237 306.435 -11061.8 -32293.4 2.14966 86.9707 -84.6744 -306.435 -13282.7 6369.67 -2.14966
-93.63 98.8717 302.296 -12367.5 -31323.5 2.05793 83.7085 -94.859 -302.296 -14750.6 6417.26 -2.05793
-89.9019 106.754 298.913 -13440 -30345 1.96123 80.417 -103.208 -298.913 -15949.6 6425.65 -1.96123
-86.5631 112.63 295.889 -14231.1 -29360.1 1.85994 77.1896 -109.498 -295.889 -16861 6364.24 -1.85994
-83.4212 116.369 292.908 -14727.3 -28365.2 1.75439 74.2779 -113.645 -292.908 -17468.4 6221.17 -1.75439
-80.3185 117.926 290.149 -14915.2 -27363.9 1.64488 71.8219 -115.478 -290.149 -17754.7 6002.46 -1.64488
-77.5869 117.239 287.839 -14786.6 -26341.1 1.53161 69.1959 -114.969 -287.839 -17715.7 5734.08 -1.53161
-74.9838 114.315 286.326 -14343.7 -25290.8 1.41475 66.4002 -112.145 -286.326 -17354 5443.8 -1.41475
-72.0507 109.376 286.048 -13599.5 -24217.9 1.29445 63.7673 -106.98 -286.048 -16684.2 5154.02 -1.29445
-68.7069 102.491 287.286 -12602.2 -23118.8 1.17089 61.1611 -99.9478 -287.286 -15733.8 4891.59 -1.17089
-65.242 93.862 289.758 -11398.8 -21993.2 1.0443 58.1732 -91.374 -289.758 -14529.8 4672.75 -1.0443
-61.5214 83.7716 292.99 -10011 -20839.5 0.914997 54.8375 -81.2319 -292.99 -13086.1 4510.26 -0.914997
-57.7011 72.5683 296.545 -8489.26 -19663.1 0.783392 51.0819 -69.7435 -296.545 -11432 4397.94 -0.783392
-53.8309 60.32 299.346 -6836.61 -18466.3 0.650049 47.046 -57.0011 -299.346 -9586.8 4311.74 -0.650049
-49.7793 46.9816 301.411 -5059.48 -17256.4 0.515667 42.985 -43.1907 -301.411 -7564.01 4241.59 -0.515667
-45.9027 33.0617 303.907 -3219.77 -16072 0.381031 39.21 -28.7324 -303.907 -5431.7 4132.57 -0.381031
-42.2729 18.7706 308.991 -1377.54 -14957.4 0.246921 35.9221 -13.8305 -308.991 -3187.91 3990.58 -0.246921
-39.0017 4.09909 316.081 448.471 -13913.5 0.114043 33.2708 1.5519 -316.081 -807.469 3780.09 -0.114043
-36.5628 -10.6283 322.57 2232.14 -12920.3 -0.0169938 31.2134 16.8338 -322.57 1609.07 3421.34 0.0169938
-34.5556 -24.6993 327.144 3897.47 -11949.9 -0.145679 29.6695 31.0294 -327.144 3900.11 2953.57 0.145679
-32.2143 -37.0848 329.804 5370.75 -10943.3 -0.271595 27.8118 43.394 -329.804 5891.21 2540.46 0.271595
-28.9925 -47.4046 330.909 6629.34 -9862.51 -0.394386 25.0229 53.7706 -330.909 7529.75 2306.56 0.394386
-25.2109 -55.8401 331.049 7668.24 -8718.85 -0.5137 21.2345 62.2798 -331.049 8862.84 2227.92 0.5137
-20.7688 -62.3439 330.641 8470.37 -7542.84 -0.629145 17.0593 68.7542 -330.641 9877.48 2263.32 0.629145
-15.9338 -67.0014 329.801 9035.94 -6365.7 -0.740254 13.0218 73.1812 -329.801 10583.6 2333.16 0.740254
-11.5424 -69.7787 328.864 9356.9 -5223.11 -0.846504 9.01542 75.5611 -328.864 10984.5 2371.07 0.846504
-7.67611 -70.5325 328.159 9436.63 -4147.65 -0.947388 5.54488 76.0747 -328.159 11082.1 2327.64 0.947388
-4.81688 -68.993 327.441 9269.6 -3154.24 -1.04252 2.57522 75.0168 -327.441 10885.4 2155.29 1.04252
-2.55899 -65.2752 326.639 8849.09 -2243.26 -1.13169 0.633898 72.1753 -326.639 10387.5 1837.34 1.13169
-0.484342 -59.7242 325.96 8176.33 -1404.26 -1.21494 -0.25653 67.1684 -325.96 9582.21 1418.69 1.21494
1.19816 -52.4817 325.258 7259.33 -605.024 -1.29249 -0.923776 59.9495 -325.258 8474.72 953.677 1.29249
2.82172 -43.378 324.625 6108.98 198.261 -1.36468 -1.80701 50.7001 -324.625 7055.88 506.54 1.36468
4.92807 -32.454 324.452 4753.45 1040.37 -1.43186 -3.10946 39.5252 -324.452 5318 146.776 1.43186
7.83245 -19.687 324.518 3210.46 1944.6 -1.49431 -4.97744 26.3418 -324.518 3228.69 -84.3947 1.49431
11.5751 -4.93462 325.083 1491.54 2925.88 -1.55219 -7.69479 11.1632 -325.083 758.507 -156.487 1.55219
15.4939 10.4057 326.373 -296.163 3954.25 -1.60555 -11.2144 -4.57681 -326.373 -1803.81 -138.621 1.60555
18.8191 25.2692 326.664 -2072.69 4982.57 -1.65438 -15.1853 -19.7908 -326.664 -4237.2 -140.807 1.65438
21.8277 39.5421 328.146 -3840.5 6024.49 -1.69851 -18.8513 -33.9278 -328.146 -6446.22 -243.165 1.69851
24.9099 53.3853 330.092 -5608.81 7083.85 -1.73773 -21.5784 -47.3141 -330.092 -8489.66 -483.836 1.73773
27.6008 66.5155 330.129 -7341.65 8139.73 -1.77189 -24.0644 -60.0272 -330.129 -10374.4 -810.085 1.77189
29.6967 78.6755 328.274 -9025.32 9192.91 -1.80103 -26.7391 -72.2862 -328.274 -12108.8 -1191.21 1.80103
31.4738 89.5717 324.493 -10590.1 10217.2 -1.82525 -29.3274 -83.6705 -324.493 -13662.3 -1600.94 1.82525
33.6871 99.1313 319.759 -11998.4 11223.4 -1.84469 -31.316 -93.8696 -319.759 -15019.2 -2016.09 1.84469
35.9175 107.174 314.793 -13196.7 12205.5 -1.85946 -33.3162 -102.437 -314.793 -16145.1 -2403.48 1.85946
38.3023 113.274 310.332 -14142.4 13171.6 -1.86961 -35.3778 -109.282 -310.332 -17010.7 -2744.92 1.86961
41.0384 117.469 306.971 -14811 14131.3 -1.87513 -37.4616 -114.072 -306.971 -17599.1 -3027.45 1.87513
43.7819 119.544 304.713 -15175.9 15088.9 -1.87598 -39.909 -116.652 -304.713 -17885.3 -3255.8 1.87598
46.9994 119.142 303.022 -15217 16022.5 -1.87219 -42.0412 -117.104 -303.022 -17850.9 -3437.86 1.87219
49.9121 116.491 301.661 -14927.4 16926.9 -1.86378 -44.5126 -115.09 -301.661 -17487.3 -3585.98 1.86378
52.3313 111.635 300.949 -14301.8 17807.6 -1.8508 -47.4263 -110.569 -300.949 -16800.4 -3717.45 1.8508
54.6351 104.577 300.921 -13366.7 18635.9 -1.83325 -49.9582 -103.843 -300.921 -15806.1 -3865.92 1.83325
56.6743 95.6312 301.763 -12147.2 19395.3 -1.81116 -51.8809 -94.8944 -301.763 -14521.1 -4067.37 1.81116
58.3915 84.745 303.702 -10670.2 20074.6 -1.7846 -53.0412 -84.1179 -303.702 -12966.4 -4340.01 1.7846
59.3587 72.2024 307.156 -8998.91 20697.4 -1.75374 -54.1276 -71.9763 -307.156 -11183.2 -4670.74 1.75374
60.2021 58.2805 310.992 -7133.18 21285.9 -1.71894 -55.1946 -58.556 -310.992 -9222.38 -4987.05 1.71894
60.9242 43.0368 315.075 -5088.84 21826.1 -1.68073 -55.8057 -43.5136 -315.075 -7028.18 -5335.83 1.68073
62.0039 27.1021 319.346 -2925.11 22362.6 -1.63974 -56.3283 -27.3288 -319.346 -4696.73 -5643.38 1.63974
63.5877 10.7561 324.304 -705.077 22934.8 -1.59664 -57.2012 -10.5252 -324.304 -2277.4 -5866.94 1.59664
65.1074 -5.57456 329.023 1510.01 23517.8 -1.55208 -59.0234 6.25047 -329.023 140.941 -5977.71 1.55208
66.9119 -21.3935 333.409 3616.67 24084.4 -1.50659 -60.9491 22.0524 -333.409 2460 -6018.26 1.50659
68.5442 -36.2021 336.584 5603.9 24581.7 -1.46059 -62.5615 36.8103 -336.584 4611.07 -6058.23 1.46059
69.3701 -49.5279 338.295 7413.12 24962.6 -1.41437 -63.6966 50.1032 -338.295 6527.71 -6162.48 1.41437
69.333 -61.4276 338.518 9025.89 25214.9 -1.36821 -64.1586 61.8546 -338.518 8225.4 -6353.93 1.36821
68.6133 -71.5913 337.422 10395.2 25326.1 -1.32246 -63.5449 71.7006 -337.422 9656.85 -6651.24 1.32246
67.3869 -79.9366 335.661 11516.1 25323.1 -1.27758 -62.1257 79.6771 -335.661 10820.5 -7018.58 1.27758
65.8204 -86.3406 334.044 12383.2 25255.6 -1.23409 -60.5575 85.9348 -334.044 11725.6 -7389.84 1.23409
64.3393 -90.7728 332.684 12992.2 25163.1 -1.19251 -59.1492 90.4123 -332.684 12363.7 -7701.87 1.19251
63.2426 -93.2882 331.307 13335.6 25068.1 -1.15332 -58.0799 92.9489 -331.307 12727.3 -7910.46 1.15332
62.6335 -93.8796 329.603 13411.7 24979.4 -1.1168 -57.4754 93.5266 -329.603 12814.8 -7992.58 1.1168
62.4563 -92.5084 327.493 13216.3 24892.9 -1.08312 -57.3313 92.1316 -327.493 12622.7 -7952.52 1.08312
62.5778 -89.1854 325.141 12752.1 24795.3 -1.05226 -57.4943 88.7902 -325.141 12154 -7817.08 1.05226
62.909 -83.9612 322.908 12025.4 24671.4 -1.0241 -57.6872 83.5573 -322.908 11416.9 -7621.86 1.0241
63.3845 -76.9009 321.041 11045 24507.8 -0.998452 -57.633 76.5017 -321.041 10421.4 -7401.26 0.998452
63.7112 -68.0614 319.548 9822.47 24292 -0.975076 -57.2966 67.6735 -319.548 9170.97 -7188.76 0.975076
63.6262 -57.6774 318.361 8390.39 24023.7 -0.953762 -56.9295 57.3022 -318.361 7698.04 -6985.56 0.953762
63.4234 -45.9815 317.352 6784.37 23710.5 -0.93434 -56.3126 45.6033 -317.352 6029.66 -6788.89 0.93434
62.7977 -33.2117 316.323 5038.97 23357.7 -0.91669 -55.8435 32.8064 -316.323 4196.73 -6591.17 0.91669
62.1335 -19.5732 316.738 3197.15 22994.8 -0.900735 -55.3924 19.1203 -316.738 2214.29 -6385.59 0.900735
61.2859 -5.30318 316.97 1293.62 22599.5 -0.886415 -54.985 4.83344 -316.97 121.142 -6167.41 0.886415
60.3895 9.31111 317.402 -654.147 22186.7 -0.873674 -54.7075 -9.68032 -317.402 -2007.66 -5920.45 0.873674
59.5808 23.6933 316.839 -2559.37 21730.7 -0.862467 -54.2061 -23.7565 -316.839 -4085.27 -5650.08 0.862467
58.5482 37.3653 315.307 -4357.75 21238.2 -0.852755 -53.6223 -36.9758 -315.307 -6050.43 -5386.81 0.852755
57.2084 49.9437 313.139 -6032.01 20688.9 -0.844486 -52.6325 -49.2737 -313.139 -7857.68 -5166.87 0.844486
55.4504 60.9041 309.998 -7509.72 20068.4 -0.837596 -51.1474 -60.2766 -309.998 -9453.78 -5004.24 0.837596
53.4261 70.3547 307.019 -8796.17 19398 -0.832071 -49.2593 -69.8583 -307.019 -10830.9 -4885.16 0.832071
51.1482 78.2326 304.058 -9866.07 18700.3 -0.827951 -47.573 -77.9818 -304.058 -12000.4 -4746.22 0.827951
49.0565 84.359 301.24 -10702.5 17983.6 -0.825282 -45.8484 -84.4704 -301.24 -12929.3 -4567.62 0.825282
47.3845 88.6542 298.798 -11280.1 17254.5 -0.824067 -43.9389 -89.0424 -298.798 -13592.6 -4343.73 0.824067
45.8101 90.9166 296.384 -11572.5 16513.8 -0.824265 -42.3046 -91.5457 -296.384 -13967 -4056.21 0.824265
44.4005 90.9125 294.043 -11570.5 15768.3 -0.825771 -40.9957 -92.1241 -294.043 -14049.2 -3695.32 0.825771
43.1331 88.6486 292.058 -11266.6 15011.5 -0.828375 -39.8339 -90.6343 -292.058 -13827.6 -3282.6 0.828375
41.9607 84.2497 290.685 -10663.6 14232.1 -0.831754 -38.6672 -86.9751 -290.685 -13302.8 -2834.57 0.831754
40.9098 77.8022 290.479 -9778.87 13436.3 -0.835516 -37.346 -81.2422 -290.479 -12482.8 -2374.28 0.835516
39.923 69.5437 291.804 -8650.44 12626.1 -0.839238 -35.8001 -73.6002 -291.804 -11386 -1921.48 0.839238
38.6535 59.4712 293.684 -7277.95 11789.2 -0.842494 -34.2258 -64.0343 -293.684 -10010.1 -1485.48 0.842494
37.1002 47.828 296.772 -5710.6 10945.1 -0.844918 -32.645 -52.783 -296.772 -8373.29 -1082.55 0.844918
35.8328 34.8999 302.189 -3996.76 10145.7 -0.846246 -30.9061 -40.088 -302.189 -6501.05 -705.774 0.846246
34.5521 20.5073 309.346 -2136.06 9384.45 -0.84629 -29.3634 -25.6692 -309.346 -4329.42 -341.171 0.84629
33.1948 4.32289 317.226 -144.055 8646.64 -0.844897 -27.8835 -9.44505 -317.226 -1785.68 -1.96643 0.844897
32.207 -13.4038 325.398 1954.59 7935.12 -0.841963 -26.2395 8.25102 -325.398 1073.25 339.486 0.841963
31.3326 -31.1908 333.334 4044.96 7247.3 -0.837458 -24.8354 25.8964 -333.334 3942.17 706.287 0.837458
30.4293 -47.8055 339.183 6063.51 6575.67 -0.831409 -23.5078 42.1814 -339.183 6529.04 1062.75 0.831409
29.1775 -63.5912 342.331 8022.38 5901.04 -0.823873 -22.2309 57.5283 -342.331 8928.48 1379.66 0.823873
27.5702 -78.3692 343.67 9920.1 5221.58 -0.814887 -20.7958 72.0356 -343.67 11130.5 1629.08 0.814887
25.7671 -92.0687 342.9 11694.8 4511.75 -0.80444 -18.749 85.5024 -342.9 13158.9 1795.5 0.80444
23.9697 -104.67 341.976 13329.7 3792.05 -0.79255 -16.3621 97.7285 -341.976 14999.6 1925.09 0.79255
22.1094 -116.012 341.846 14817.1 3092.28 -0.77936 -14.113 108.812 -341.846 16651.5 2045.56 0.77936
20.1683 -125.915 342.535 16114.9 2426.04 -0.765116 -12.256 118.431 -342.535 18086.8 2176.33 0.765116
18.4014 -134.396 343.783 17217.7 1791.77 -0.750095 -10.6171 126.427 -343.783 19290.7 2330.25 0.750095
16.8436 -141.049 344.347 18082.9 1177.61 -0.734539 -9.02337 132.659 -344.347 20229.4 2499.67 0.734539
15.3817 -145.779 343.669 18686.8 577.592 -0.718623 -7.499 136.994 -343.669 20894.4 2678 0.718623
13.8855 -148.583 341.781 19027 -11.8857 -0.70244 -5.98201 139.446 -341.781 21289.8 2842.07 0.70244
12.2991 -149.403 339.284 19110.2 -594.329 -0.686025 -4.3835 140.172 -339.284 21422.7 2975.25 0.686025
10.5721 -148.277 336.832 18942.1 -1171.75 -0.669396 -2.62779 139.219 -336.832 21299.7 3062.06 0.669396
8.72755 -145.262 335.021 18536.7 -1731.82 -0.652578 -0.799651 136.698 -335.021 20930 3105.29 0.652578
6.71272 -140.388 333.584 17896.6 -2272.42 -0.635627 0.989952 132.603 -333.584 20314.4 3110.95 0.635627
4.5269 -133.879 332.065 17023.4 -2792.71 -0.618628 2.71434 126.75 -332.065 19457.1 3081.76 0.618628
2.49714 -125.989 330.772 15959.6 -3275.89 -0.60169 4.45669 119.353 -330.772 18380.9 3035.05 0.60169
0.594915 -116.741 329.945 14743 -3710 -0.584914 6.02232 110.783 -329.945 17103.1 2982.11 0.584914
-1.45592 -106.329 329.032 13376.2 -4098.47 -0.56835 7.14012 100.889 -329.032 15627.1 2925.59 0.56835
-3.20733 -95.0978 328.415 11911.4 -4447.54 -0.552008 8.32323 89.9068 -328.415 13982.4 2862.66 0.552008
-4.72301 -82.844 327.329 10343.4 -4761.67 -0.535892 9.62964 78.0471 -327.329 12174.6 2780.67 0.535892
-6.61961 -69.7905 326.248 8712.05 -5046.22 -0.520024 10.5185 65.4559 -326.248 10216 2674.41 0.520024
-8.60845 -56.2757 324.811 7019.37 -5316.36 -0.504463 11.5261 51.9134 -324.811 8120.9 2524.42 0.504463
-10.4055 -42.1772 323.47 5266.11 -5577.77 -0.489316 12.9676 37.3974 -323.47 5868.67 2332.01 0.489316
-12.2012 -27.4893 322.748 3478.18 -5823.25 -0.474729 14.5078 22.1164 -322.748 3461.82 2110.25 0.474729
-14.8019 -12.294 322.482 1691.49 -6063.27 -0.460854 15.6749 6.48765 -322.482 934.374 1822.84 0.460854
-17.8472 2.13606 322.095 1.61399 -6304.22 -0.447815 16.9793 -8.29969 -322.095 -1465.01 1455.14 0.447815
-20.762 15.0675 322.115 -1523.93 -6554.63 -0.435729 19.1159 -21.2726 -322.115 -3565.19 998.915 0.435729
-23.297 26.0895 321.492 -2856.25 -6764.96 -0.424722 20.9166 -32.2424 -321.492 -5311.13 602.729 0.424722
-25.3634 35.133 319.658 -3980.46 -6918.53 -0.41491 22.0454 -41.2957 -319.658 -6720.05 309.265 0.41491
-26.7468 42.3302 316.617 -4887.56 -7019.54 -0.406339 22.8106 -48.5175 -316.617 -7831.21 109.57 0.406339
-27.4749 47.6179 313.067 -5562.68 -7079.23 -0.398988 23.3705 -53.8296 -313.067 -8639.68 -11.1034 0.398988
-28.2766 51.0162 309.926 -5998.34 -7115.84 -0.392798 23.3899 -57.2408 -309.926 -9157.01 -89.5112 0.392798
-28.8343 52.5003 307.788 -6188.9 -7149.15 -0.387682 23.5754 -58.7444 -307.788 -9384.53 -160.292 0.387682
-29.61 52.0657 306.792 -6133.13 -7196.97 -0.383502 23.8233 -58.3416 -306.792 -9322.98 -255.666 0.383502
-30.2958 49.7476 306.719 -5835.23 -7269.15 -0.380075 24.6576 -56.0508 -306.719 -8975.7 -396.101 0.380075
-31.4831 45.6294 307.264 -5303.79 -7365.6 -0.377209 25.5119 -51.8904 -307.264 -8348.3 -585.126 0.377209
-33.1531 39.8544 308.152 -4554.43 -7481.62 -0.374747 26.3055 -45.9197 -308.152 -7453.54 -813.61 0.374747
-34.7346 32.4876 309.577 -3603.05 -7617.68 -0.372581 27.6237 -38.1669 -309.577 -6288.57 -1082.99 0.372581
-36.6801 23.5599 311.665 -2475.16 -7762.89 -0.370654 28.7776 -28.8491 -311.665 -4862.66 -1371.14 0.370654
-38.4232 12.7884 314.761 -1184.1 -7911.91 -0.368946 30.2218 -18.0719 -314.761 -3137.74 -1667.73 0.368946
-39.9201 0.506389 318.912 244.867 -8043.48 -0.367428 31.5205 -5.6473 -318.912 -1108.9 -1926.97 0.367428
-40.9626 -12.4363 323.191 1749.24 -8130.48 -0.366023 32.1266 7.72523 -323.191 1069.67 -2070.4 0.366023
-41.2388 -25.2731 328.325 3258.37 -8149.99 -0.364576 31.6743 21.0019 -328.325 3215.47 -2026.23 0.364576
-40.5738 -37.5563 332.563 4714.49 -8140.99 -0.362907 31.2562 33.2694 -332.563 5195.86 -1883.87 0.362907
-39.9616 -48.9889 335.059 6096.48 -8142.09 -0.360848 30.8506 44.6033 -335.059 7000.87 -1740.71 0.360848
-39.7969 -59.3533 335.986 7381.06 -8175.32 -0.358202 30.6031 54.9316 -335.986 8613.09 -1650.22 0.358202
-40.1315 -68.7001 335.649 8557.36 -8248.72 -0.354686 30.6278 64.325 -335.649 10060.3 -1627.59 0.354686
-40.998 -76.8803 335.002 9609.43 -8363.28 -0.349974 30.8631 72.7638 -335.002 11334.8 -1667.7 0.349974
-41.9884 -83.7873 334.81 10525.9 -8516.21 -0.343777 31.5867 80.1703 -334.81 12422 -1755.11 0.343777
-42.5095 -89.3347 335.07 11277.5 -8686.85 -0.335914 32.9491 86.2893 -335.07 13303.7 -1848.59 0.335914
-42.9727 -93.5498 335.386 11846 -8847.7 -0.326325 33.9734 90.8612 -335.386 13965.4 -1896.55 0.326325
-43.4585 -96.2273 335.338 12214.7 -8978.65 -0.315024 34.1849 93.8587 -335.338 14391.1 -1863.93 0.315024
-43.1907 -97.361 334.652 12372.7 -9072.86 -0.302013 34.2399 95.1613 -334.652 14574 -1740.84 0.302013
-42.2875 -96.7491 333.374 12317.6 -9130.72 -0.287229 34.0567 94.946 -333.374 14513.2 -1531.99 0.287229
-41.1323 -94.427 331.834 12049.4 -9157.81 -0.270546 33.3984 93.1739 -331.834 14208.2 -1252.24 0.270546
-39.5533 -90.536 330.16 11570.1 -9164.15 -0.251799 32.6954 89.7385 -330.16 13661.6 -927.692 0.251799
-38.1147 -85.0367 328.792 10896.2 -9161.32 -0.23082 31.6487 84.8353 -328.792 12879.2 -583.886 0.23082
-36.7812 -78.0288 327.543 10033.7 -9163.11 -0.207466 30.6293 78.4424 -327.543 11865.6 -253.947 0.207466
-35.2023 -69.5103 326.539 9002.31 -9172.82 -0.181623 30.0471 70.6898 -326.539 10619.1 57.155 0.181623
-33.8971 -59.7103 325.401 7807.82 -9188.39 -0.153192 29.4431 61.4587 -325.401 9149.38 338.933 0.153192
-32.4715 -48.5476 324.319 6451.62 -9194.9 -0.122082 28.8131 50.7381 -324.319 7442.21 632.173 0.122082
-30.803 -35.8917 323.552 4945.87 -9185.7 -0.0882148 28.2146 38.6254 -323.552 5480.91 939.37 0.0882148
-29.4593 -21.8237 323.272 3301.28 -9154.73 -0.0515356 27.0481 24.9514 -323.272 3242.49 1258.87 0.0515356
-28.2295 -6.33783 323.23 1534.89 -9123.08 -0.0120329 26.1894 9.79726 -323.23 720.543 1518.89 0.0120329
-27.3914 9.1571 322.686 -250.739 -9105.7 0.0302373 25.8185 -5.41217 -322.686 -1791.25 1670.29 -0.0302373
-27.0913 23.9391 322.622 -1997.39 -9109.39 0.0751145 26.0479 -19.7653 -322.622 -4122.66 1683.76 -0.0751145
-26.5239 37.7889 322.403 -3685.99 -9074.47 0.12232 26.1729 -33.3154 -322.403 -6269.47 1710.77 -0.12232
-25.108 50.6151 321.15 -5298 -8961.55 0.171512 25.8501 -46.1283 -321.15 -8246.5 1841.17 -0.171512
-22.9332 62.4749 318.857 -6812.97 -8750.75 0.222375 24.5879 -58.0079 -318.857 -10054.6 2111.33 -0.222375
-20.1678 73.2714 315.7 -8208.7 -8448.82 0.274671 22.4007 -68.8897 -315.7 -11693.3 2502.46 -0.274671
-17.0091 82.8558 312.407 -9470.73 -8080.94 0.328268 19.5989 -78.7206 -312.407 -13148.9 2968.75 -0.328268
-13.6854 91.1053 309.439 -10579.3 -7680.51 0.383142 16.6752 -87.3362 -309.439 -14400.8 3442.74 -0.383142
-10.5855 97.9819 306.846 -11508.8 -7278.59 0.43932 13.9466 -94.4526 -306.846 -15429.8 3856.82 -0.43932
-8.21776 103.253 304.291 -12218.5 -6900.88 0.496768 11.4666 -99.8194 -304.291 -16208.9 4158.09 -0.496768
-6.42303 106.609 301.73 -12688.3 -6565.23 0.555293 9.71778 -103.493 -301.73 -16722.7 4319.14 -0.555293
-5.26522 107.961 299.187 -12898.7 -6273.1 0.614494 8.62427 -105.306 -299.187 -16955 4343.1 -0.614494
-4.74024 107.45 297.026 -12837.4 -6012.05 0.673765 7.85559 -104.968 -297.026 -16897.2 4264.32 -0.673765
-4.66066 105.137 295.669 -12512.5 -5765.45 0.732361 7.16917 -102.511 -295.669 -16554.3 4126.31 -0.732361
-4.56657 101.057 295.313 -11940.9 -5517.52 0.789487 6.62218 -98.1204 -295.313 -15940.1 3969.63 -0.789487
-4.48382 95.3275 295.996 -11144.6 -5254.82 0.844375 5.84027 -91.9904 -295.996 -15076.4 3829.55 -0.844375
-4.18996 88.0546 297.741 -10162.6 -4970.18 0.896344 4.83574 -84.4759 -297.741 -13988.8 3728.29 -0.896344
-3.46044 79.5262 300.059 -9026.95 -4665.04 0.944814 3.8074 -75.707 -300.059 -12703.4 3670.85 -0.944814
-2.57624 69.9858 302.641 -7763.33 -4344.89 0.989298 2.49123 -65.7536 -302.641 -11238.5 3660.31 -0.989298
-1.39309 59.4453 305.028 -6388.59 -4016.76 1.02938 1.15599 -54.8989 -305.028 -9618.48 3686.25 -1.02938
-0.0747672 48.177 307.227 -4931.88 -3693.93 1.06473 -0.062664 -43.3275 -307.227 -7878.24 3720.04 -1.06473
0.993308 36.4407 309.671 -3427.18 -3390.98 1.095 -1.23677 -31.1983 -309.671 -6042.43 3732.49 -1.095
1.9323 24.1238 312.964 -1897.57 -3112.08 1.11987 -2.25092 -18.7464 -312.964 -4105.19 3728.61 -1.11987
2.60004 11.5581 317.138 -380.204 -2877.2 1.13905 -2.64306 -6.19781 -317.138 -2107.42 3643.93 -1.13905
2.92767 -1.12535 321.86 1113.21 -2690.04 1.15228 -2.2723 6.62975 -321.86 -30.3186 3452.78 -1.15228
2.61136 -13.2753 325.995 2529.18 -2541.55 1.15929 -1.46786 19.1522 -325.995 2006.8 3149.6 -1.15929
2.28294 -23.9104 328.48 3787.44 -2383.9 1.15969 -0.761618 30.2257 -328.48 3786.98 2849.14 -1.15969
2.25282 -32.9492 329.509 4861.02 -2181.21 1.15299 -0.801137 39.3831 -329.509 5260.34 2649.47 -1.15299
2.83629 -40.2248 329.463 5733.9 -1929.19 1.13875 -1.41449 46.6412 -329.463 6421.85 2566.38 -1.13875
3.92398 -45.6592 328.831 6396.66 -1643.34 1.11669 -2.37141 52.0742 -328.831 7280.28 2567.92 -1.11669
4.92008 -49.3911 328.044 6851.04 -1352.92 1.0868 -3.58323 55.7197 -328.044 7858.57 2587.67 -1.0868
5.30123 -51.4234 327.094 7083.62 -1093.25 1.04927 -4.84534 57.4609 -327.094 8154.14 2559.16 -1.04927
5.0636 -51.8339 326.068 7098.39 -896.537 1.00435 -5.51857 57.3513 -326.068 8181.42 2424.65 -1.00435
4.42281 -50.5974 325.02 6902.92 -777.227 0.952231 -5.09442 55.5532 -325.02 7952 2157.64 -0.952231
2.84405 -47.9544 324.05 6510.76 -727.535 0.89299 -4.29003 52.0131 -324.05 7478.54 1775.83 -0.89299
0.866637 -43.9211 323.336 5942.24 -728.566 0.826588 -3.01349 46.9642 -323.336 6775.67 1322.92 -0.826588
-1.09989 -38.5879 322.967 5223.3 -758.737 0.752955 -1.2978 40.6761 -322.967 5867.84 839.222 -0.752955
-3.10095 -32.0745 323.024 4383.59 -786.084 0.672062 0.102578 33.3099 -323.024 4764.75 391.939 -0.672062
-4.41165 -24.5024 323.013 3444.43 -790.476 0.583976 1.35277 25.0903 -323.013 3493.56 39.1291 -0.583976
-4.99772 -15.9444 322.765 2425.1 -754.884 0.488894 2.07195 16.0788 -322.765 2053.84 -178.226 -0.488894
-4.85865 -6.89885 322.002 1366.71 -679.84 0.387168 2.33809 6.62505 -322.002 523.13 -270.466 -0.387168
-4.15847 2.21988 321.183 317.001 -580.493 0.2793 2.39929 -2.51785 -321.183 -983.003 -279.975 -0.2793
-3.69387 11.0588 320.297 -703.904 -484.717 0.165948 2.19738 -11.3719 -320.297 -2438.36 -282.123 -0.165948
-3.29801 19.0868 319.05 -1655.41 -406.555 0.0479323 2.23467 -19.4771 -319.05 -3744.91 -309.819 -0.0479323
-3.84135 26.2837 317.875 -2524.86 -364.58 -0.0738646 2.08664 -26.6846 -317.875 -4891.64 -406.764 0.0738646
-4.96234 32.6834 316.786 -3303.33 -372.745 -0.198645 2.40122 -32.9468 -316.786 -5885.48 -599.059 0.198645
-6.13756 38.3052 315.83 -3981.83 -429.564 -0.325764 3.63235 -38.1996 -315.83 -6729.15 -878.479 0.325764
-7.93869 43.0597 314.928 -4554.68 -519.493 -0.454687 4.80937 -42.5023 -314.928 -7424.11 -1204.79 0.454687
-9.94222 46.8151 313.904 -5020.24 -631.414 -0.584926 6.1073 -46.0651 -313.904 -7982.91 -1554.41 0.584926
-12.3137 49.774 312.814 -5373.68 -757.614 -0.715997 7.15828 -48.6225 -312.814 -8401.61 -1906.75 0.715997
-14.0371 51.8928 311.852 -5614.64 -890.415 -0.847421 8.74956 -50.2352 -311.852 -8682.95 -2237.49 0.847421
-16.0059 52.8772 311.069 -5744.09 -1021.72 -0.978725 9.80788 -51.2207 -311.069 -8829.24 -2529.58 0.978725
-17.581 52.8452 310.439 -5760.84 -1146.89 -1.10942 10.8449 -51.4613 -310.439 -8841.63 -2769.84 1.10942
-18.5376 51.731 309.945 -5661.31 -1262.78 -1.23897 11.9956 -50.9744 -309.945 -8717.03 -2948.89 1.23897
-19.5845 49.5328 309.595 -5439.69 -1367.43 -1.3668 12.5094 -49.6664 -309.595 -8447.82 -3062.82 1.3668
-20.4963 46.4987 309.463 -5090.67 -1469.87 -1.49225 12.8096 -47.1789 -309.463 -8023.93 -3130.27 1.49225
-20.9961 42.5292 309.701 -4612.8 -1582.98 -1.61459 13.4584 -43.5416 -309.701 -7437.01 -3178.24 1.61459
-21.5955 37.5278 310.359 -4009.29 -1714.12 -1.73304 14.1239 -38.8657 -310.359 -6685.96 -3224.5 1.73304
-22.2906 31.6901 311.404 -3289.32 -1865.71 -1.84688 14.8894 -33.046 -311.404 -5774.24 -3277.69 1.84688
-22.8687 24.9387 312.858 -2463.37 -2035.79 -1.95543 15.9453 -26.2373 -312.858 -4702.25 -3336.69 1.95543
-23.4062 17.4099 314.625 -1548.84 -2216.29 -2.05806 17.0585 -18.5211 -314.625 -3483.02 -3387.64 2.05806
-24.0257 9.31477 316.543 -568.485 -2395.59 -2.15426 17.8833 -10.0251 -316.543 -2141.3 -3410.99 2.15426
-24.2956 0.755435 318.5 452.272 -2563.74 -2.24358 18.6434 -1.0578 -318.5 -709.063 -3387.6 2.24358
-24.1714 -8.02942 320.73 1476.36 -2707.17 -2.32562 19.0495 7.88478 -320.73 747.929 -3284.33 2.32562
-23.5306 -16.379 323.237 2459.01 -2833.99 -2.39994 19.5346 16.4021 -323.237 2126.03 -3136.46 2.39994
-22.9266 -24.28 325.704 3385.79 -2947.51 -2.46606 19.7489 24.2756 -325.704 3407.15 -2969.18 2.46606
-22.5118 -31.5664 327.528 4231.58 -3048.98 -2.5235 19.6248 31.1763 -327.528 4547.2 -2793.14 2.5235
-22.1578 -37.9762 328.454 4987.93 -3151.17 -2.5718 19.5754 37.3516 -328.454 5552.46 -2635.41 2.5718
-21.8328 -43.5719 328.674 5642.32 -3257.57 -2.61061 19.7697 42.4894 -328.674 6400.56 -2511.64 2.61061
-22.036 -48.366 328.457 6194.52 -3370.64 -2.63962 19.8346 46.6661 -328.457 7104.12 -2436.94 2.63962
-22.3821 -52.217 328.154 6645.19 -3485.91 -2.65859 20.0709 50.1209 -328.154 7676.13 -2403.87 2.65859
-22.6479 -55.149 328.048 6993.7 -3592.77 -2.66734 20.4542 52.8218 -328.048 8116.12 -2388.46 2.66734
-22.7088 -57.1021 328.091 7237.26 -3677.98 -2.66579 20.8186 54.7941 -328.091 8422.04 -2363.26 2.66579
-22.3492 -58.1693 328.095 7374.74 -3724.96 -2.65398 21.0318 55.9561 -328.095 8596.61 -2296.25 2.65398
-21.7489 -58.3172 327.916 7404.43 -3721.36 -2.63195 20.6709 56.3183 -327.916 8638.31 -2165.78 2.63195
-20.8426 -57.5274 327.505 7326.01 -3664.57 -2.59977 19.7345 55.8883 -327.505 8545.94 -1965.15 2.59977
-19.2891 -55.8972 326.924 7139.89 -3561.27 -2.55743 18.7022 54.5571 -326.924 8317.46 -1707.02 2.55743
-17.3962 -53.4563 326.295 6850.5 -3418.22 -2.5049 17.4271 52.3624 -326.295 7957.91 -1407.12 2.5049
-15.4488 -50.0912 325.731 6462.94 -3244.67 -2.44214 15.8518 49.4703 -325.731 7469.53 -1087.99 2.44214
-13.4443 -45.94 325.096 5980.62 -3055.01 -2.36916 14.3057 45.8123 -325.096 6858.66 -780.959 2.36916
-11.5816 -41.0998 324.422 5408.4 -2859 -2.28603 12.807 41.3215 -324.422 6124.69 -506.613 2.28603
-9.7607 -35.4926 323.923 4750.21 -2658.04 -2.19292 11.4744 36.0276 -323.923 5256.99 -266.154 2.19292
-8.05769 -29.1414 323.528 4016.44 -2451.48 -2.09012 10.2167 30.0531 -323.528 4265.51 -58.135 2.09012
-6.3123 -21.8744 323.201 3210.58 -2232.43 -1.97802 9.0498 23.5405 -323.201 3142.69 130.776 1.97802
-4.52742 -13.8449 322.824 2336.26 -1991.5 -1.8571 7.75545 16.3311 -322.824 1884.22 321.257 1.8571
-2.70909 -5.43814 322.087 1409.98 -1728.93 -1.72793 6.37334 8.42986 -322.087 528.125 507.138 1.72793
-0.749691 3.02913 321.174 461.088 -1440.39 -1.59118 4.9012 0.3083 -321.174 -844.697 699.469 1.59118
1.0347 11.3414 320.387 -497.62 -1133.23 -1.44759 3.21968 -7.99698 -320.387 -2211.75 878.131 1.44759
2.57633 19.1032 319.719 -1432.2 -817.395 -1.29796 1.52389 -16.0985 -319.719 -3497.45 1016.33 1.29796
4.09848 26.3169 319.163 -2325.42 -494.662 -1.14309 0.0667221 -23.7012 -319.163 -4678.1 1111.67 1.14309
5.69241 33.0378 318.384 -3159.43 -155.005 -0.983816 -1.37484 -30.5393 -318.384 -5741.99 1198.01 0.983816
7.38688 39.1935 317.141 -3920.56 211.012 -0.821025 -3.05202 -36.6544 -317.141 -6698.47 1305 0.821025
9.04546 44.52 315.748 -4592.69 600.292 -0.655618 -5.08568 -42.0198 -315.748 -7522.93 1433.6 0.655618
10.5788 49.0325 314.332 -5167.55 999.849 -0.488499 -7.29831 -46.5835 -314.332 -8218.51 1559.45 0.488499
12.3286 52.7659 313.009 -5635.4 1397.71 -0.320578 -9.19799 -50.1997 -313.009 -8779.4 1673.54 0.320578
14.1861 55.7965 311.808 -5991.18 1786.12 -0.152776 -10.7541 -52.7544 -311.808 -9205.38 1764.12 0.152776
16.0065 58.1341 310.922 -6239.26 2166.9 0.013963 -12.1343 -54.2935 -310.922 -9499.89 1832.59 -0.013963
17.8344 59.5736 310.37 -6384.32 2544.34 0.178646 -13.3952 -55.1071 -310.37 -9670.17 1888.83 -0.178646
19.291 59.9724 310.026 -6430.53 2920.65 0.34022 -14.9748 -55.4259 -310.026 -9724.39 1938.9 -0.34022
20.6685 59.5308 309.851 -6379.82 3294.89 0.497606 -16.5569 -55.0911 -309.851 -9666.36 1980.35 -0.497606
22.1036 58.3071 309.745 -6235.16 3663.16 0.64976 -17.9588 -54.0609 -309.745 -9495.51 2010.62 -0.64976
23.4721 56.2621 309.638 -5996.73 4021.5 0.795713 -19.2703 -52.3748 -309.638 -9211.62 2028.85 -0.795713
24.7476 53.4759 309.523 -5664.9 4366.86 0.934569 -20.4931 -49.9704 -309.523 -8816.84 2034.62 -0.934569
25.9945 50.1736 309.556 -5243.53 4698.36 1.06549 -21.5479 -46.6712 -309.556 -8314.12 2026.74 -1.06549
27.2378 46.2746 309.922 -4740.87 5017.56 1.18769 -22.4447 -42.6638 -309.922 -7710.06 2008.62 -1.18769
28.3297 41.7554 310.565 -4168.79 5328.33 1.30043 -23.3915 -38.1548 -310.565 -7018.39 1984.78 -1.30043
29.4178 36.6379 311.556 -3537.87 5632.56 1.403 -24.2768 -33.2238 -311.556 -6242.79 1958.41 -1.403
30.3585 30.9863 312.789 -2859.13 5929.09 1.49478 -25.2433 -27.9656 -312.789 -5394.47 1930.53 -1.49478
31.191 24.9061 314.454 -2138.27 6217.92 1.57519 -26.1281 -22.313 -314.454 -4473.13 1883.88 -1.57519
32.0014 18.6282 316.499 -1381.77 6502.86 1.64371 -26.8974 -16.1092 -316.499 -3482.67 1821.97 -1.64371
32.6262 12.0919 318.843 -598.697 6773.47 1.69992 -27.5089 -9.53999 -318.843 -2431.52 1726.41 -1.69992
33.0418 5.45913 320.804 181.476 7022.33 1.74342 -27.9151 -2.93312 -320.804 -1358.74 1594.48 -1.74342
33.4488 -1.00827 322.579 941.794 7269.67 1.77385 -28.2919 3.5227 -322.579 -310.414 1458.66 -1.77385
33.9639 -7.09109 323.797 1661.29 7519.03 1.79098 -28.7332 9.70472 -323.797 686.568 1344.75 -1.79098
34.433 -12.443 324.188 2306.76 7756.27 1.79477 -29.2638 15.356 -324.188 1581.01 1248.66 -1.79477
34.6164 -16.8533 324.065 2852.1 7971.06 1.78539 -29.9156 20.1764 -324.065 2327.53 1151.79 -1.78539
34.4208 -20.3674 323.893 3281.88 8149.07 1.76309 -30.4872 23.8812 -323.893 2908.07 1027.39 -1.76309
34.2134 -22.9509 323.904 3588.76 8282.2 1.72818 -30.4516 26.4206 -323.904 3318.16 861.231 -1.72818
33.5471 -24.4301 324.033 3765.82 8366.06 1.681 -30.2345 27.8711 -324.033 3551.13 654.694 -1.681
32.8699 -24.8014 324.057 3811.3 8400.38 1.62199 -29.4369 28.2458 -324.057 3610.03 414.863 -1.62199
31.6913 -24.1009 323.787 3726.25 8392.27 1.55162 -28.7104 27.5567 -323.787 3500.57 157.047 -1.55162
30.2004 -22.3363 323.164 3512.01 8347.99 1.47046 -28.0357 25.8049 -323.164 3222.63 -101.272 -1.47046
29.2129 -19.5782 322.363 3178.28 8276.27 1.3791 -26.7702 23.0681 -322.363 2787.27 -344.571 -1.3791
28.2201 -15.8692 321.623 2732.96 8190.06 1.27824 -25.6364 19.3955 -321.623 2199.45 -555.848 -1.27824
27.1722 -11.2416 321.018 2181.36 8090.33 1.16862 -24.685 14.8017 -321.018 1460.46 -735.876 -1.16862
26.2336 -5.91267 320.595 1542.8 7979.71 1.05107 -23.8134 9.43662 -320.595 602.342 -878.618 -1.05107
25.3175 -0.10028 320.201 834.76 7849 0.926501 -22.8818 3.41505 -320.201 -345.845 -1006.63 -0.926501
24.3112 5.96131 319.734 82.0507 7694.06 0.795819 -21.8261 -3.08889 -319.734 -1351.76 -1140.49 -0.795819
23.0686 12.0161 319.275 -680.561 7515.71 0.659944 -20.7114 -9.67607 -319.275 -2358.51 -1292.33 -0.659944
21.4368 17.9874 318.741 -1439.65 7308.89 0.519806 -19.5821 -16.0708 -318.741 -3330.22 -1472.3 -0.519806
19.4187 23.5941 318.121 -2168.24 7067.05 0.376347 -18.2009 -22.2184 -318.121 -4246.83 -1706.59 -0.376347
17.1767 28.6719 317.373 -2839.14 6784.09 0.230488 -16.3413 -27.8477 -317.373 -5074.62 -1998.08 -0.230488
14.4256 33.0845 316.3 -3441.11 6462.94 0.0830983 -14.4186 -32.9867 -316.3 -5809.58 -2331.59 -0.0830983
11.6676 36.7977 315.145 -3955.9 6113.53 -0.0650195 -12.1161 -37.3342 -315.145 -6423.08 -2691.01 0.0650195
8.88822 39.6469 313.903 -4365.41 5751.24 -0.213119 -9.7648 -40.8685 -313.903 -6907.08 -3047.47 0.213119
5.89653 41.4147 312.654 -4654.21 5389.24 -0.360486 -7.82569 -43.6199 -312.654 -7250.82 -3376.34 0.360486
3.42699 42.2457 311.415 -4807.87 5030.21 -0.506418 -5.67041 -45.1943 -311.415 -7433.83 -3665.46 0.506418
1.51449 42.1838 310.317 -4816.97 4683.38 -0.650214 -3.43634 -45.4266 -310.317 -7448.57 -3899.92 0.650214
-0.263217 41.1549 309.549 -4680.48 4359.86 -0.791182 -1.69858 -44.3665 -309.549 -7292.63 -4069.39 0.791182
-1.77012 39.0057 309.272 -4406.15 4064.94 -0.928626 -0.354573 -42.2441 -309.272 -6969.05 -4174.42 0.928626
-2.85857 35.7872 309.575 -4001.85 3792.96 -1.06185 0.892436 -39.0904 -309.575 -6481.44 -4230.16 1.06185
-3.55707 31.5928 310.435 -3471.49 3539.88 -1.19014 2.17112 -34.847 -310.435 -5830.77 -4254.57 1.19014
-4.10889 26.5723 311.705 -2830.04 3307.23 -1.31284 3.25681 -29.5547 -311.705 -5028.78 -4251.79 1.31284
-4.63376 20.8331 313.276 -2098.16 3096.18 -1.42927 4.11402 -23.3623 -313.276 -4090.63 -4234.78 1.42927
-4.97745 14.2438 315.051 -1284.95 2904.89 -1.53883 4.90897 -16.4744 -315.051 -3017.53 -4203.4 1.53883
-5.20179 6.93323 316.777 -413.928 2734.88 -1.64097 5.53008 -9.20228 -316.777 -1847.52 -4152.25 1.64097
-5.25379 -0.927951 318.497 503.799 2588.68 -1.73521 6.07106 -1.54291 -318.497 -592.984 -4089.55 1.73521
-5.08726 -9.1306 320.528 1446.17 2477.46 -1.82115 6.33544 6.23717 -320.528 701.594 -3992.41 1.82115
-4.59338 -17.3681 322.821 2385.95 2403.06 -1.89846 6.38902 13.863 -322.821 1982.11 -3856.67 1.89846
-3.96775 -25.4859 325.27 3322.73 2365.55 -1.96684 6.17557 21.3626 -325.27 3231.27 -3701.9 1.96684
-3.26057 -33.2708 327.485 4234.64 2361.01 -2.02601 5.65491 28.6592 -327.485 4430.38 -3525.66 2.02601
-2.66167 -40.6543 328.901 5112.87 2379.19 -2.0757 4.89465 35.6881 -328.901 5569.54 -3353.84 2.0757
-1.86805 -47.434 330.143 5943.2 2414.36 -2.11567 4.41688 42.2527 -330.143 6607.2 -3211.17 2.11567
-0.741833 -53.6466 331.061 6727.71 2481.83 -2.14572 4.02625 48.4842 -331.061 7564.67 -3066.43 2.14572
0.312427 -59.3355 331.697 7455.5 2590.06 -2.16576 3.12548 54.1857 -331.697 8431.38 -2901.08 2.16576
1.13602 -64.4365 332.015 8112.44 2736.31 -2.17573 1.56614 59.259 -332.015 9198.68 -2713.84 2.17573
2.22982 -68.8386 332.156 8680.99 2909.02 -2.17558 -0.0254771 63.6216 -332.156 9857.04 -2510.68 2.17558
3.79546 -72.4991 332.276 9155.67 3104.68 -2.16534 -1.38992 67.227 -332.276 10399.5 -2296.17 2.16534
5.53616 -75.3843 332.345 9533.27 3327.27 -2.14511 -2.92893 70.0683 -332.345 10823.5 -2059.64 2.14511
7.14893 -77.4269 332.275 9809.21 3569.23 -2.11505 -4.88139 72.1429 -332.275 11123.8 -1802.53 2.11505
8.59704 -78.4951 331.878 9970.67 3815.63 -2.07538 -7.09071 73.4314 -331.878 11292.2 -1537.02 2.07538
10.1426 -78.5257 331.129 10011.2 4050.83 -2.02639 -9.0727 73.9318 -331.129 11325.9 -1278.56 2.02639
11.599 -77.5201 330.049 9921.47 4260.44 -1.96842 -10.8309 73.5232 -330.049 11217.6 -1038.41 1.96842
12.9947 -75.5251 328.837 9698.86 4440.23 -1.90188 -12.3121 72.1067 -328.837 10962.6 -815.752 1.90188
14.1913 -72.5788 327.61 9342.21 4591.6 -1.82726 -13.7391 69.625 -327.61 10559.3 -600.193 1.82726
15.0406 -68.6294 326.439 8856.08 4713.37 -1.74511 -15.2706 66.1818 -326.439 10010.5 -389.067 1.74511
16.0375 -63.7805 325.492 8253.25 4807.2 -1.65601 -16.4449 61.8093 -325.492 9322.46 -179.411 1.65601
17.1426 -58.0351 324.579 7532.43 4869.22 -1.56058 -17.3479 56.46 -324.579 8490.16 39.1089 1.56058
18.1601 -51.5593 323.853 6712.19 4907.46 -1.45947 -18.3087 50.1516 -323.853 7520.86 277.128 1.45947
19.1531 -44.4301 323.114 5806.49 4923.21 -1.35336 -19.3128 43.0121 -323.114 6429.25 540.092 1.35336
20.0694 -36.5843 322.667 4832.06 4916.95 -1.24297 -20.3637 35.1695 -322.667 5207.71 820.778 1.24297
20.6836 -28.1463 322.432 3807.71 4877.87 -1.12907 -21.4504 26.7335 -322.432 3870.26 1096.91 1.12907
21.053 -19.1054 322.475 2744.26 4796.74 -1.01249 -22.4192 17.6745 -322.475 2400.47 1364.21 1.01249
21.3301 -9.84867 322.005 1674.27 4643.42 -0.894072 -22.4801 8.40239 -322.005 877.281 1563.49 0.894072
21.0305 -0.93027 321.088 649.591 4419.96 -0.774721 -22.0374 -0.45296 -321.088 -585.564 1681.51 0.774721
19.8992 7.39048 320.291 -301.448 4132.76 -0.65542 -21.4424 -8.55685 -320.291 -1933.29 1725.5 0.65542
18.0745 15.0041 319.361 -1172.76 3772.34 -0.537158 -20.4172 -15.8065 -319.361 -3142.26 1685.35 0.537158
16.3871 21.6066 318.092 -1947.65 3358.78 -0.420863 -18.6594 -22.1557 -318.092 -4180.17 1614.81 0.420863
14.906 26.9769 316.632 -2621.57 2919.6 -0.307445 -16.7023 -27.8458 -316.632 -5054.36 1570.63 0.307445
13.6834 31.2748 315.171 -3182.12 2477.42 -0.197845 -14.9149 -32.6316 -315.171 -5765.24 1589.17 0.197845
12.6427 34.7607 313.782 -3616.78 2045.33 -0.093007 -13.5961 -36.1874 -313.782 -6316.2 1688.46 0.093007
11.5446 37.2291 312.734 -3917.71 1617.3 0.00619953 -12.7806 -38.5899 -312.734 -6697.01 1846 -0.00619953
10.3209 38.5627 312.183 -4082.56 1174.37 0.0990145 -12.1279 -39.9157 -312.183 -6904.39 2023.59 -0.0990145
8.77644 38.7851 312.062 -4111.14 689.791 0.1848 -11.2375 -40.172 -312.062 -6942.81 2164.68 -0.1848
7.22764 37.949 312.076 -4004.11 144.031 0.263013 -9.41337 -39.3408 -312.076 -6816.45 2235.67 -0.263013
5.41118 36.1275 312.123 -3768.15 -460.021 0.333155 -6.92403 -37.3907 -312.123 -6524.46 2234.36 -0.333155
3.21066 33.4247 312.296 -3410.05 -1106.16 0.394724 -4.1334 -34.3498 -312.296 -6078.58 2179.24 -0.394724
0.424128 29.877 312.805 -2941.84 -1777 0.447223 -1.58309 -30.3587 -312.805 -5491.55 2100.44 -0.447223
-2.37765 25.4109 313.815 -2374.75 -2458.62 0.490209 0.983373 -25.6656 -313.815 -4776.61 2028.05 -0.490209
-4.95363 20.2286 315.398 -1722.91 -3141.83 0.523366 3.66526 -20.1559 -315.398 -3931.93 1972.69 -0.523366
-7.37422 14.4033 317.543 -1002.39 -3816.17 0.546545 6.23504 -13.8552 -317.543 -2955.27 1945.87 -0.546545
-9.86374 8.03045 319.622 -239.343 -4484.81 0.559742 8.66431 -7.24793 -319.622 -1901.6 1923.33 -0.559742
-12.6655 1.35572 321.887 555.394 -5158.36 0.563003 10.9759 -0.160285 -321.887 -770.187 1878.49 -0.563003
-15.6427 -5.4407 323.677 1355.13 -5835.48 0.556362 13.3283 7.03607 -323.677 388.449 1806.94 -0.556362
-18.2771 -12.3567 324.839 2132.67 -6514.93 0.539866 16.132 13.7337 -324.839 1516.22 1722.51 -0.539866
-21.2225 -18.9267 325.48 2861.5 -7189.34 0.51367 18.6389 19.8335 -325.48 2560.67 1631.07 -0.51367
-24.2797 -24.8827 326.046 3532.43 -7854.08 0.478065 21.0141 25.379 -326.046 3499.53 1532.77 -0.478065
-26.5612 -29.9692 326.728 4137.74 -8505.1 0.433446 24.0577 30.5281 -326.728 4326.91 1435.84 -0.433446
-28.6359 -34.3279 327.531 4667.79 -9127.63 0.380256 26.9015 35.0212 -327.531 5035.87 1367.35 -0.380256
-30.9821 -38.0016 328.23 5113.7 -9711.57 0.318986 28.9342 38.7446 -328.23 5625.39 1335.84 -0.318986
-32.8262 -40.9086 328.725 5464.8 -10258.9 0.250222 31.0306 41.6061 -328.725 6081.79 1329.22 -0.250222
-34.3176 -43.0866 328.79 5716.71 -10773.3 0.174666 33.1951 43.5407 -328.79 6405.55 1329.57 -0.174666
-36.1106 -44.5455 328.331 5868.77 -11252.5 0.0931133 34.8572 44.5542 -328.331 6599.56 1322.97 -0.0931133
-37.5421 -45.2021 327.547 5922.75 -11697.7 0.00639918 36.7651 44.767 -327.547 6667.26 1298.91 -0.00639918
-38.7166 -44.8465 326.671 5881.52 -12105.1 -0.0846238 38.7817 44.4449 -326.671 6613.59 1257.95 0.0846238
-40.4082 -43.7103 325.9 5746 -12468.6 -0.179092 40.0725 43.3806 -325.9 6441.05 1202.61 0.179092
-42.169 -41.8446 325.238 5516.61 -12791.4 -0.276125 41.1401 41.5189 -325.238 6148.65 1128.44 0.276125
-43.845 -39.2403 324.578 5195.85 -13080.1 -0.374835 42.2846 38.9002 -324.578 5738.28 1021.45 0.374835
-44.9953 -35.8977 323.913 4787.28 -13332.8 -0.474326 43.9117 35.5346 -323.913 5207.83 884.837 0.474326
-46.1997 -31.8757 323.191 4299.11 -13537.4 -0.573717 45.2018 31.4968 -323.191 4567.81 739.966 0.573717
-47.5539 -27.2039 322.466 3738.12 -13685 -0.672138 45.8725 26.8136 -322.466 3819.36 603.952 0.672138
-48.7312 -21.9472 321.73 3113.85 -13777.8 -0.768731 46.2739 21.5475 -321.73 2970.78 475.851 0.768731
-49.1913 -16.1502 321.08 2437.36 -13820.2 -0.862646 47.0461 15.7474 -321.08 2024.13 346.146 0.862646
-49.4372 -10.0086 320.413 1728.9 -13805 -0.953049 47.546 9.62142 -320.413 1015.65 227.039 0.953049
-49.5011 -3.75484 319.703 1009.86 -13723 -1.03912 47.5362 3.41198 -319.703 -9.61466 138.093 1.03912
-49.3219 2.37465 318.955 301.671 -13575.2 -1.12003 47.0811 -2.67031 -318.955 -1010.56 79.9834 1.12003
-49.1202 8.23155 318.17 -382.035 -13376.1 -1.19499 46.273 -8.55648 -318.17 -1970.39 23.3102 1.19499
-48.6697 13.4572 317.48 -1014.4 -13133.3 -1.26324 45.4227 -14.0133 -317.48 -2833.18 -36.1687 1.26324
-47.7393 18.0119 316.657 -1586.42 -12850.6 -1.32407 44.8306 -19.0663 -316.657 -3605.88 -104.329 1.32407
-46.8235 21.8423 315.685 -2080.39 -12523.6 -1.37685 43.8502 -23.4854 -315.685 -4266.54 -164.375 1.37685
-46.0098 24.9478 314.648 -2478.64 -12153.4 -1.42098 42.3694 -26.9715 -314.648 -4790.9 -211.687 1.42098
-44.958 27.2145 313.738 -2771.64 -11747.2 -1.45598 40.7974 -29.5182 -313.738 -5171.59 -248.767 1.45598
-43.3979 28.7228 313.004 -2952.63 -11312.5 -1.48141 39.4977 -31.0029 -313.004 -5409.5 -281.262 1.48141
-41.7619 29.3172 312.593 -3019.26 -10850.8 -1.49694 37.9957 -31.5619 -312.593 -5504.28 -301.765 1.49694
-40.0711 28.9751 312.406 -2972.66 -10359.1 -1.50226 36.208 -31.2305 -312.406 -5456.58 -304.406 1.50226
-38.1965 27.7512 312.447 -2816.26 -9840.75 -1.49717 34.2799 -29.9988 -312.447 -5269.25 -288.351 1.49717
-36.1961 25.6612 312.678 -2554.52 -9300.49 -1.48152 32.2483 -27.9122 -312.678 -4946.37 -262.02 1.48152
-34.0695 22.7222 313.116 -2194.28 -8741.55 -1.45527 30.1467 -25.0394 -313.116 -4493.11 -226.849 1.45527
-31.878 18.8932 313.886 -1741.79 -8168.7 -1.41847 27.9577 -21.4389 -313.886 -3905.72 -184.187 1.41847
-29.6669 14.2128 315.086 -1203.26 -7587.12 -1.37125 25.7523 -17.1555 -315.086 -3189.64 -145.136 1.37125
-27.5232 8.77188 316.611 -582.939 -7006.43 -1.31382 23.5833 -12.0828 -316.611 -2338.49 -119.609 1.31382
-25.3688 2.74932 318.256 109.137 -6424.76 -1.24652 21.431 -6.18114 -318.256 -1361.71 -95.8565 1.24652
-23.1733 -3.87974 320.033 854.175 -5838.05 -1.16972 19.2661 0.179045 -320.033 -288.853 -69.5719 1.16972
-20.8387 -10.8639 321.958 1633.51 -5244.05 -1.08389 16.998 6.80646 -321.958 836.825 -16.6748 1.08389
-18.4424 -17.9572 323.712 2434.64 -4640.18 -0.989553 14.5233 13.7393 -323.712 1998.73 63.8667 0.989553
-16.1174 -24.8364 325.129 3225.47 -4033.29 -0.887311 11.7945 20.5611 -325.129 3125.51 166.88 0.887311
-13.8756 -31.49 326.354 3991.63 -3437.41 -0.777846 8.96259 26.9886 -326.354 4190.29 283.619 0.777846
-11.4855 -37.8115 327.544 4723.12 -2866.91 -0.661842 6.49633 32.9243 -327.544 5174.52 395.244 0.661842
-9.00167 -43.6858 328.591 5415.13 -2331.45 -0.53995 4.48816 38.51 -328.591 6086.67 490.804 0.53995
-6.61233 -48.978 329.517 6059.5 -1827.59 -0.412819 2.67012 43.7629 -329.517 6918.45 578.023 0.412819
-4.4562 -53.899 330.362 6656.63 -1342.88 -0.281163 0.692164 48.4465 -330.362 7665.85 674.005 0.281163
-2.50398 -58.4765 331.009 7197.76 -881.241 -0.145782 -1.35947 52.4941 -331.009 8332.12 774.659 0.145782
-0.321386 -62.5581 331.359 7681.13 -444.174 -0.00755134 -3.07528 56.0238 -331.359 8914.26 884.936 0.00755134
1.8911 -66.0797 331.41 8105.73 -32.6862 0.132605 -4.65968 59.1322 -331.41 9417.78 1006.38 -0.132605
4.05831 -69.0505 331.373 8472.44 357.101 0.273744 -6.22901 61.8483 -331.373 9847.18 1140.9 -0.273744
6.31627 -71.431 331.42 8782.92 727.176 0.414923 -7.63328 64.2277 -331.42 10203 1284.61 -0.414923
8.37985 -73.2685 331.48 9031.78 1076.56 0.555207 -9.12469 66.157 -331.48 10481.4 1433.87 -0.555207
10.4623 -74.4693 331.466 9210.53 1401.45 0.693676 -10.383 67.6165 -331.466 10675.1 1577.54 -0.693676
12.3823 -74.9392 331.187 9308.9 1696.17 0.829418 -11.4777 68.5728 -331.187 10776.3 1705.61 -0.829418
13.9599 -74.7432 330.685 9320.29 1961.51 0.961515 -12.5561 68.8606 -330.685 10777.7 1812.75 -0.961515
15.6254 -73.901 330.001 9238.42 2198.77 1.08903 -13.1946 68.3659 -330.001 10672.4 1898.63 -1.08903
17.0068 -72.3716 329.225 9060.42 2413.89 1.21103 -13.8388 67.0842 -329.225 10456.8 1967.62 -1.21103
18.0669 -70.1343 328.46 8787.52 2611.74 1.32664 -14.581 65.043 -328.46 10130.7 2022.63 -1.32664
19.1944 -67.0357 327.738 8421.22 2794.12 1.43504 -15.0546 62.4078 -327.738 9694.33 2064.94 -1.43504
20.3749 -63.1291 327.028 7962.52 2965.15 1.53548 -15.3144 59.1366 -327.028 9148.2 2096.1 -1.53548
21.1221 -58.4724 326.349 7415.08 3128.78 1.62728 -15.8623 55.1932 -326.349 8491.74 2114.36 -1.62728
21.5528 -53.0813 325.683 6783.41 3282.44 1.70975 -16.4944 50.5852 -325.683 7723.68 2110.15 -1.70975
21.9251 -47.1134 325.026 6070.11 3423.35 1.78228 -16.8501 45.1435 -325.026 6839.82 2071.83 -1.78228
22.0018 -40.5401 324.362 5280.33 3548.77 1.84425 -17.1118 38.922 -324.362 5838.58 1994.54 -1.84425
21.7102 -33.3256 323.822 4417.3 3656.35 1.89514 -17.3727 31.8908 -323.822 4707.6 1883.49 -1.89514
21.3079 -25.6273 323.28 3498.75 3744.06 1.93445 -17.363 24.1873 -323.28 3470.41 1738.98 -1.93445
20.7134 -17.4258 322.861 2541.46 3813.39 1.96177 -17.1859 15.9929 -322.861 2132.91 1562.58 -1.96177
19.9864 -9.05489 322.34 1579.03 3866.87 1.97676 -16.8391 7.63825 -322.34 754.503 1359.69 -1.97676
19.1748 -1.02066 321.611 650.911 3912.44 1.97909 -16.5073 -0.404084 -321.611 -567.413 1154.88 -1.97909
18.3091 6.51227 321.235 -220.674 3949.38 1.9685 -16.1209 -7.93323 -321.235 -1803.9 943.529 -1.9685
17.3926 13.3821 320.478 -1017.88 3974.54 1.94486 -15.6799 -14.7035 -320.478 -2915.79 729.094 -1.94486
16.7147 19.4333 319.156 -1719.16 3996.67 1.9082 -15.1359 -20.4499 -319.156 -3865.74 536.411 -1.9082
16.2618 24.6516 317.662 -2320.31 4019.12 1.85866 -14.5653 -25.1713 -317.662 -4655.81 371.023 -1.85866
15.8756 28.9657 316.226 -2820.33 4044.85 1.79648 -14.1823 -29.0233 -316.226 -5298.79 237.888 -1.79648
15.7158 32.4387 315.056 -3217.79 4071.37 1.722 -13.7304 -31.9738 -315.056 -5800.42 125.982 -1.722
15.766 35.1579 314.198 -3517.55 4098.46 1.63568 -13.1788 -34.0877 -314.198 -6177.14 28.9667 -1.63568
15.5892 37.1821 313.753 -3726.44 4126.17 1.53806 -12.8926 -35.3983 -313.753 -6435.02 -63.2355 -1.53806
15.1822 38.4466 313.577 -3850.15 4147.6 1.42976 -12.7261 -36.092 -313.577 -6585.38 -164.543 -1.42976
14.755 38.8572 313.554 -3895.51 4154.95 1.31142 -12.3075 -36.3773 -313.554 -6637.44 -289.822 -1.31142
14.2119 38.5926 313.561 -3867.33 4145.17 1.18371 -11.6548 -36.1524 -313.561 -6597.1 -446.921 -1.18371
13.5303 37.7927 313.599 -3769.16 4121.65 1.04729 -10.8341 -35.3187 -313.599 -6466.62 -633.136 -1.04729
12.696 36.4857 313.646 -3606.26 4092.11 0.902856 -10.0026 -33.931 -313.646 -6252.34 -836.195 -0.902856
11.7016 34.6769 313.74 -3385.17 4063.82 0.751078 -9.31418 -32.0898 -313.74 -5962.56 -1042.87 -0.751078
10.5674 32.3745 313.914 -3113.25 4039.71 0.592682 -8.83366 -29.9066 -313.914 -5606.64 -1244.14 -0.592682
9.5579 29.5651 314.282 -2795.5 4017.21 0.428443 -8.24343 -27.4362 -314.282 -5185.39 -1444.91 -0.428443
8.56952 26.3222 314.802 -2433.38 3994.17 0.259199 -7.63619 -24.629 -314.802 -4700.74 -1644.53 -0.259199
7.81489 22.8725 315.402 -2031.42 3973.4 0.0858388 -6.88132 -21.3412 -315.402 -4159.69 -1834.37 -0.0858388
7.22409 19.1976 316.037 -1592.59 3958.1 -0.0907257 -6.12874 -17.6146 -316.037 -3562.59 -2006.45 0.0907257
6.52331 15.2603 316.704 -1125.8 3952.39 -0.269579 -5.72812 -13.6511 -316.704 -2923.59 -2154.29 0.269579
5.76261 11.1434 317.398 -640.127 3955.87 -0.449815 -5.60975 -9.54336 -317.398 -2258.14 -2280.24 0.449815
5.24795 6.91543 318.195 -144.223 3960.33 -0.630543 -5.34508 -5.33887 -318.195 -1573.86 -2393.22 0.630543
4.98697 2.6362 319.184 354.505 3964.31 -0.81089 -4.89401 -1.07871 -319.184 -877.458 -2496.29 0.81089
4.72029 -1.53273 320.125 839.969 3968.2 -0.989996 -4.52905 3.08161 -320.125 -197.204 -2588.08 0.989996
4.41094 -5.48268 320.937 1300.22 3971.45 -1.16702 -4.27299 7.03673 -320.937 448.901 -2670.02 1.16702
4.11871 -9.09106 321.75 1724.43 3973.68 -1.34112 -4.03573 10.6558 -321.75 1036.24 -2745.92 1.34112
3.83022 -12.281 322.405 2102.4 3971.31 -1.5115 -3.76037 13.8532 -322.405 1552.25 -2822.1 1.5115
3.55029 -15.042 322.85 2428.79 3963.97 -1.67738 -3.43056 16.6033 -322.85 1997.19 -2899.8 1.67738
3.23848 -17.2861 323.116 2694.24 3952.67 -1.83801 -3.09853 18.8148 -323.116 2355.35 -2978.36 1.83801
2.94524 -18.9822 323.223 2894.25 3940.62 -1.99269 -2.77728 20.4751 -323.223 2625.1 -3052.12 1.99269
2.67703 -20.0595 323.203 3023.92 3931.38 -2.14075 -2.52752 21.5743 -323.203 2800.07 -3115.22 2.14075
2.48957 -20.4439 323.089 3079.09 3927.3 -2.28156 -2.33584 22.1215 -323.089 2875.28 -3164.1 2.28156
2.40045 -20.0852 322.877 3055.8 3929.9 -2.41452 -2.21123 22.1164 -322.877 2847.64 -3196.54 2.41452
2.46883 -19.006 322.588 2948.43 3941.2 -2.53904 -2.13422 21.439 -322.588 2709.13 -3209.03 2.53904
2.60235 -17.3412 322.262 2753.21 3962.91 -2.65458 -2.22653 19.8703 -322.262 2451.76 -3199.13 2.65458
2.5776 -14.9338 321.931 2471.24 3992.28 -2.76064 -2.65344 17.5742 -321.931 2075.4 -3172.23 2.76064
2.17499 -11.7066 321.574 2106.09 4018.11 -2.85672 -3.43692 14.6831 -321.574 1584.21 -3144.79 2.85672
1.81277 -7.81633 321.242 1664.82 4028.04 -2.94241 -3.97594 11.1685 -321.242 989.061 -3130.02 2.94241
1.62384 -3.40354 320.988 1147.97 4013.36 -3.01735 -4.02591 6.80904 -320.988 278.155 -3134.85 3.01735
1.59648 1.5313 320.701 571.746 3980.17 -3.08122 -3.77871 1.93309 -320.701 -518.721 -3140.23 3.08122
1.30991 6.99072 320.019 -50.2892 3937.54 -3.13379 -3.87483 -3.144 -320.019 -1371.37 -3124.6 3.13379
0.907874 12.8015 319.196 -701.44 3891.14 -3.17489 -4.28476 -8.28243 -319.196 -2252.68 -3077.6 3.17489
0.945086 18.7887 318.206 -1374.37 3835.87 -3.20442 -4.35054 -13.5913 -318.206 -3160.77 -3008.59 3.20442
1.19185 24.9652 317.134 -2066.26 3773.1 -3.22232 -4.33507 -19.0111 -317.134 -4091.96 -2914.27 3.22232
1.63369 30.9586 316.256 -2766.61 3705.9 -3.22854 -4.31085 -24.5799 -316.256 -5009.94 -2789.51 3.22854
2.36591 36.8615 315.405 -3477.74 3643.42 -3.22305 -4.35588 -30.3523 -315.405 -5932.97 -2619.27 3.22305
2.93784 42.7494 314.599 -4177.51 3582.39 -3.20586 -4.82261 -35.8464 -314.599 -6826.32 -2413.99 3.20586
3.83309 48.4685 313.806 -4859.51 3519.84 -3.177 -5.10364 -41.1104 -313.806 -7681.66 -2188 3.177
4.63625 53.7033 313.031 -5515.21 3455.03 -3.13655 -5.55665 -46.3447 -313.031 -8491.34 -1948.63 3.13655
5.59152 58.5841 312.261 -6137.13 3388.54 -3.08466 -5.90229 -51.2883 -312.261 -9244.57 -1701.36 3.08466
6.12171 63.1265 311.555 -6718.34 3317.96 -3.02157 -6.58141 -55.8071 -311.555 -9931.68 -1462.83 3.02157
6.58134 67.2004 310.66 -7238.74 3231.97 -2.94756 -7.08371 -59.7899 -310.66 -10539 -1243.57 2.94756
6.96482 70.7689 309.542 -7687.9 3126.32 -2.86299 -7.38234 -63.1552 -309.542 -11060.3 -1043.87 2.86299
6.94699 73.754 308.419 -8061.21 2999.25 -2.7683 -7.75684 -65.9204 -308.419 -11491.8 -868.309 2.7683
6.56559 76.0231 307.336 -8354.23 2846.56 -2.66398 -8.149 -68.1856 -307.336 -11833.4 -715.547 2.66398
6.26588 77.4069 306.453 -8562.6 2664.22 -2.55058 -8.07394 -70.0474 -306.453 -12079.3 -587.082 2.55058
5.68718 78.3183 305.763 -8678.92 2454.38 -2.42866 -7.98477 -70.9994 -305.763 -12223.7 -472.144 2.42866
5.39201 78.5764 305.222 -8700.26 2223.07 -2.29886 -7.47604 -71.1736 -305.222 -12262.9 -354.821 2.29886
5.09635 78.1239 304.828 -8628.42 1980.92 -2.16183 -7.06266 -70.6665 -304.828 -12200.4 -213.467 2.16183
4.83524 77.0086 304.725 -8470.76 1740.82 -2.01821 -6.91548 -69.5123 -304.725 -12040.3 -32.1428 2.01821
4.73417 75.2157 304.88 -8230.35 1500.82 -1.86864 -6.87676 -67.7724 -304.88 -11786.2 186.575 1.86864
4.77635 72.7633 305.264 -7917.04 1259.34 -1.7137 -6.94321 -65.5304 -305.264 -11442.4 441.434 1.7137
4.87889 69.6477 305.722 -7531.98 1006.76 -1.55397 -7.003 -62.8101 -305.722 -11010.6 714.812 1.55397
4.8497 65.9803 306.269 -7077.27 731.898 -1.39001 -6.97519 -59.5308 -306.269 -10493 979.684 1.39001
4.6367 62.0112 306.986 -6564.44 429.92 -1.22242 -6.79076 -55.5592 -306.986 -9894.3 1223.98 1.22242
4.20401 57.4646 307.765 -5991.7 92.0283 -1.05184 -6.38771 -51.1675 -307.765 -9215.89 1442.77 1.05184
3.64199 52.3266 308.611 -5366.27 -283.617 -0.878974 -5.63962 -46.5138 -308.611 -8470.72 1632.86 0.878974
3.05024 46.7601 309.687 -4692.97 -693.621 -0.704553 -4.48104 -41.5172 -309.687 -7665.45 1795.67 0.704553
2.30529 40.9116 310.99 -3977.87 -1125.85 -0.529317 -3.24247 -36.0176 -310.99 -6792.13 1948.02 0.529317
1.1002 34.7696 312.62 -3227.44 -1574.94 -0.354029 -2.32299 -30.1146 -312.62 -5856.6 2097.46 0.354029
-0.134443 28.6016 314.379 -2455.92 -2045.85 -0.179477 -1.20169 -23.8083 -314.379 -4882.1 2236.28 0.179477
-1.35771 22.4194 316.306 -1675.04 -2535.51 -0.00646883 0.0753438 -17.1583 -316.306 -3866.92 2373.58 0.00646883
-2.71065 16.0982 318.438 -908.946 -3044.02 0.164188 1.44329 -10.5785 -318.438 -2827.35 2498.83 -0.164188
-4.19546 9.80645 320.235 -185.537 -3573.94 0.331708 3.08521 -4.5911 -320.235 -1832.13 2588.62 -0.331708
-5.57886 3.70897 321.767 492.365 -4114.23 0.495312 4.99132 1.02141 -321.767 -871.117 2665.93 -0.495312
-6.92804 -1.80171 322.804 1107.52 -4657.05 0.654207 7.01426 6.20647 -322.804 10.6867 2734.15 -0.654207
-8.45024 -6.54238 323.467 1651.6 -5192.37 0.807626 8.81367 10.9743 -323.467 797.388 2801.93 -0.807626
-9.80969 -10.5383 323.975 2107.86 -5714.7 0.954846 10.5393 14.9103 -323.975 1451.27 2889.82 -0.954846
-11.3772 -13.7878 324.272 2466.84 -6221.04 1.09519 11.8854 17.8681 -324.272 1961.06 2985.77 -1.09519
-12.8628 -16.236 324.391 2730.61 -6715.05 1.22802 13.3028 19.9455 -324.391 2330.72 3070.94 -1.22802
-14.3229 -17.7907 324.299 2898.81 -7204.03 1.35279 14.9104 21.2502 -324.299 2562.73 3128.13 -1.35279
-15.9086 -18.5487 324.021 2974.96 -7689.59 1.46898 16.6075 21.786 -324.021 2667.66 3151.92 -1.46898
-17.7271 -18.6524 323.65 2962.61 -8170.51 1.57611 18.3044 21.4831 -323.65 2652.1 3138.69 -1.57611
-19.886 -18.0339 323.198 2868.53 -8646.31 1.67373 19.8929 20.5275 -323.198 2525.86 3088.02 -1.67373
-22.2365 -16.598 322.707 2700.36 -9118.83 1.76146 21.5466 19.128 -322.707 2297.15 2998.3 -1.76146
-24.4903 -14.5468 322.216 2462.86 -9586.72 1.83893 23.5298 17.1553 -322.216 1971.46 2871.53 -1.83893
-26.7922 -11.9906 321.687 2162.38 -10041 1.90584 25.5321 14.6118 -321.687 1558.16 2721.89 -1.90584
-28.7836 -8.97257 321.24 1804.17 -10471.3 1.96192 27.7108 11.514 -321.24 1060.39 2567.12 -1.96192
-30.6317 -5.65314 320.927 1400.17 -10863.2 2.00697 29.6244 7.9209 -320.927 496.9 2431.27 -2.00697
-32.2771 -2.16745 320.656 965.965 -11207.2 2.04085 31.151 3.97394 -320.656 -109.164 2330.16 -2.04085
-33.6648 1.39726 320.286 521.082 -11501.6 2.06354 32.3324 -0.0403723 -320.286 -725.054 2263.95 -2.06354
-34.9537 4.91014 319.816 81.7532 -11753.6 2.07512 33.1867 -3.96251 -319.816 -1326.35 2214.98 -2.07512
-36.0649 8.12292 319.129 -335.343 -11970.4 2.07578 33.9319 -7.76062 -319.129 -1890.53 2171.23 -2.07578
-36.9173 10.8651 318.302 -712.349 -12159.7 2.06581 34.797 -11.2991 -318.302 -2392.6 2119.5 -2.06581
-37.7923 13.0405 317.407 -1032.55 -12325.9 2.04554 35.6138 -14.4482 -317.407 -2817.63 2048.39 -2.04554
-38.9541 14.7503 316.558 -1277.5 -12470.9 2.01537 36.1575 -16.8154 -316.558 -3143.3 1954.43 -2.01537
-40.1402 16.0179 315.887 -1435.41 -12598.4 1.97572 36.726 -18.1875 -315.887 -3354.85 1836.21 -1.97572
-41.2264 16.7568 315.458 -1503.13 -12710.2 1.927 37.4401 -18.6046 -315.458 -3448.91 1696 -1.927
-42.2329 16.8525 315.317 -1485.05 -12803.6 1.86966 38.195 -18.255 -315.317 -3431.44 1542.97 -1.86966
-42.9111 16.2441 315.491 -1389.12 -12870.9 1.80413 39.0633 -17.3175 -315.491 -3310.98 1394.04 -1.80413
-43.3363 15.0072 315.951 -1224.31 -12901.8 1.73088 39.759 -15.8529 -315.951 -3097.66 1268.27 -1.73088
-43.3779 13.3565 316.562 -1001.08 -12885.2 1.6504 40.2011 -13.8216 -316.562 -2805.53 1184.34 -1.6504
-43.1721 11.2379 317.227 -730.088 -12815.9 1.56323 40.1652 -11.4377 -317.227 -2446.34 1149.26 -1.56323
-42.7619 8.66084 317.839 -422.412 -12698.8 1.47 39.7523 -8.86845 -317.839 -2033.72 1147.83 -1.47
-41.7567 5.84492 318.348 -87.5567 -12541.6 1.37135 39.5376 -6.05543 -318.348 -1580.73 1162.02 -1.37135
-40.5155 2.8466 318.772 267.742 -12346.8 1.268 39.2816 -3.02381 -318.772 -1092.07 1177.58 -1.268
-39.4353 -0.264207 319.14 634.114 -12110.6 1.16064 38.5556 0.132799 -319.14 -581.26 1195.11 -1.16064
-38.3121 -3.37794 319.475 1000.62 -11836.7 1.04999 37.6797 3.30625 -319.475 -67.8195 1202.12 -1.04999
-37.1632 -6.45456 319.829 1359.91 -11530 0.93671 36.7667 6.44423 -319.829 442.658 1185.44 -0.93671
-36.1666 -9.41637 320.165 1701.96 -11193.6 0.821459 35.6925 9.43017 -320.165 933.024 1140.45 -0.821459
-34.9416 -12.2178 320.464 2018.44 -10828.6 0.704848 34.8548 12.1428 -320.464 1388.26 1065.98 -0.704848
-33.4991 -14.8357 320.732 2304.51 -10429.6 0.58746 34.1063 14.5003 -320.732 1798.53 975.726 -0.58746
-32.2118 -17.2363 321.097 2559.24 -9990.19 0.469858 32.8753 16.531 -321.097 2164 890.941 -0.469858
-30.869 -19.3018 321.468 2782.99 -9508.01 0.352587 31.3397 18.36 -321.468 2485.31 814.024 -0.352587
-29.1119 -21.1204 321.795 2976.5 -8986.2 0.236177 29.8945 19.9105 -321.795 2763.34 742.977 -0.236177
-27.0273 -22.832 322.02 3143.5 -8423.8 0.121148 28.4443 21.1202 -322.02 3005.18 678.051 -0.121148
-24.9672 -24.3213 322.173 3287.9 -7817.48 0.00800298 26.5454 22.1599 -322.173 3214.75 628.733 -0.00800298
-22.7398 -25.61 322.329 3416.44 -7170.34 -0.102762 24.4471 23.0949 -322.329 3397.43 590.061 0.102762
-20.1693 -26.693 322.577 3532.05 -6491.13 -0.210655 22.4338 24.0087 -322.577 3561.3 555.62 0.210655
-17.6997 -27.6523 322.869 3635.88 -5784.75 -0.315194 20.1345 24.8349 -322.869 3707.37 520.087 0.315194
-15.2032 -28.6142 323.154 3728.79 -5053.53 -0.415922 17.7649 25.4559 -323.154 3836 473.483 0.415922
-12.4665 -29.5382 323.551 3812.56 -4301.84 -0.512433 15.6579 25.9638 -323.551 3952.64 403.473 0.512433
-9.82461 -30.3965 324.037 3886.98 -3527.61 -0.604381 13.4591 26.43 -324.037 4063.61 310.685 0.604381
-7.12864 -31.2218 324.573 3959.36 -2730.29 -0.691498 11.2314 26.8419 -324.573 4164.39 206.618 0.691498
-4.34481 -31.915 325.175 4029.33 -1910.18 -0.773585 8.91826 27.3516 -325.175 4262.8 104.163 0.773585
-1.45364 -32.4706 325.831 4093.5 -1062.85 -0.850498 6.54186 27.946 -325.831 4359.61 -1.45979 0.850498
1.30683 -32.9152 326.314 4148.58 -188.092 -0.922149 3.82989 28.5341 -326.314 4449.06 -105.716 0.922149
3.82514 -33.1502 326.743 4198.32 711.139 -0.988495 0.756059 29.133 -326.743 4516.05 -217.561 0.988495
6.25977 -33.1003 327.08 4233.69 1621.32 -1.04954 -2.26718 29.6638 -327.08 4547.97 -359.032 1.04954
8.90588 -32.836 327.615 4250.82 2539.33 -1.1053 -4.76341 29.9481 -327.615 4533.62 -552.319 1.1053
11.4448 -32.1671 328.163 4225.61 3458.29 -1.15587 -7.0826 29.9361 -328.163 4463.52 -786.218 1.15587
13.9119 -31.1817 328.762 4156.06 4400.99 -1.20138 -9.59278 29.4404 -328.762 4325.7 -1027.12 1.20138
16.5505 -29.8869 329.459 4042.74 5379.54 -1.24203 -12.2753 28.3949 -329.459 4111.42 -1255.69 1.24203
19.4104 -28.2125 330.144 3877.63 6401.06 -1.27804 -15.1082 26.7884 -330.144 3817.24 -1475.26 1.27804
22.445 -26.0837 330.765 3650.97 7461.78 -1.30961 -18.2076 24.6472 -330.765 3446.18 -1672.33 1.30961
25.4789 -23.6005 330.913 3366.05 8553.05 -1.33697 -21.6912 22.0282 -330.913 3016.9 -1846.49 1.33697
28.5838 -20.903 331.141 3042.84 9673.85 -1.36038 -25.4464 18.9929 -331.141 2537.67 -2002.33 1.36038
32.0726 -18.0433 331.215 2695.64 10794.5 -1.38004 -28.8092 15.7515 -331.215 2030.87 -2159.38 1.38004
35.5055 -14.9013 331.143 2328.94 11901.1 -1.39619 -32.042 12.5676 -331.143 1512.13 -2328.53 1.39619
38.7155 -11.7459 330.829 1958.61 12986.8 -1.40904 -35.306 9.47372 -330.829 1007.74 -2503.84 1.40904
41.8036 -8.69201 330.63 1590.92 14053.1 -1.41886 -38.4738 6.42832 -330.63 521.722 -2690.38 1.41886
44.7408 -5.79338 330.26 1234.98 15085.6 -1.4259 -41.4499 3.52816 -330.26 66.0341 -2891.26 1.4259
47.5069 -3.18876 329.24 910.823 16069 -1.43046 -44.2053 0.916415 -329.24 -339.909 -3098.42 1.43046
50.1855 -0.94557 328.14 631.366 17017.8 -1.43282 -46.8708 -1.32922 -328.14 -688.729 -3295.95 1.43282
52.7482 0.886515 326.999 401.579 17923 -1.43323 -49.4299 -3.18803 -326.999 -975.538 -3481.36 1.43323
55.2096 2.27929 326.012 225.004 18783.7 -1.43189 -51.9049 -4.60755 -326.012 -1192.59 -3648.29 1.43189
57.6828 3.24858 325.791 101.456 19622.4 -1.42897 -54.3899 -5.5726 -325.791 -1339.8 -3790.11 1.42897
60.0854 3.81746 325.535 33.246 20413.7 -1.42462 -56.7746 -6.04061 -325.535 -1416.72 -3908.77 1.42462
62.3524 3.98816 324.773 25.2501 21140.2 -1.41901 -58.9851 -5.97461 -324.773 -1423.39 -4006.43 1.41901
64.451 3.78032 323.782 71.8142 21805 -1.41226 -61.0657 -5.45976 -323.782 -1368.82 -4084.55 1.41226
66.2428 3.12847 322.808 167.917 22400.3 -1.40451 -63.0415 -4.65318 -322.808 -1260.81 -4151.01 1.40451
67.6341 2.1745 322.022 303.984 22916.4 -1.39588 -64.8752 -3.55809 -322.022 -1110.11 -4214.43 1.39588
68.8606 0.915911 321.465 472.887 23345.7 -1.3865 -66.2325 -2.2751 -321.465 -923.319 -4280.94 1.3865
70.3801 -0.457607 321.088 668.499 23691.2 -1.37649 -66.7336 -0.709466 -321.088 -707.597 -4342.69 1.37649
71.1169 -1.83108 320.697 881.092 23961.3 -1.36599 -67.6305 1.1101 -320.697 -473.324 -4383.39 1.36599
71.6288 -3.22579 320.19 1095.64 24157.9 -1.35514 -68.4299 2.94158 -320.19 -236.358 -4396.16 1.35514
72.0983 -4.80122 319.557 1301.26 24275.8 -1.34405 -68.881 4.47494 -319.557 -6.90358 -4385.17 1.34405
72.3571 -6.30146 318.827 1493.28 24311.2 -1.33285 -69.0978 5.87746 -318.827 207.334 -4354.44 1.33285
72.4128 -7.62191 318.112 1668.62 24263.3 -1.3216 -69.0423 7.20537 -318.112 402.641 -4307.11 1.3216
72.1847 -8.78059 317.459 1825.85 24130.4 -1.31036 -68.7535 8.43543 -317.459 579.733 -4247.54 1.31036
71.5893 -9.71888 316.864 1959.8 23911 -1.29919 -68.2744 9.53399 -316.864 730.854 -4179.66 1.29919
70.4448 -10.4421 316.272 2066.77 23600 -1.28816 -67.7078 10.4537 -316.272 853.834 -4109.56 1.28816
68.8769 -10.9866 315.643 2140.2 23189.6 -1.27734 -66.8057 11.0684 -315.643 942.649 -4046.51 1.27734
67.4368 -11.4303 314.93 2179.28 22677.2 -1.2668 -64.9906 11.2922 -314.93 996.989 -3991.61 1.2668
65.6071 -11.3266 314.096 2185.46 22073.1 -1.25661 -62.946 11.5789 -314.096 1016.43 -3932.04 1.25661
63.3265 -10.9321 313.229 2155.41 21392.5 -1.2468 -60.9429 11.6161 -313.229 996.522 -3853.46 1.2468
60.7357 -10.4398 312.552 2082.33 20646.8 -1.23741 -58.9511 11.1237 -312.552 931.808 -3751.91 1.23741
57.9509 -9.68491 312.012 1967.54 19830.4 -1.22843 -56.7682 10.2676 -312.012 821.177 -3633.65 1.22843
55.1966 -8.70731 311.454 1813.91 18937 -1.21979 -54.0683 9.06305 -311.454 669.46 -3506.79 1.21979
52.0344 -7.58459 310.843 1631.04 17968 -1.21143 -51.2859 7.55773 -310.843 484.593 -3373.11 1.21143
48.7829 -6.33046 310.397 1436.07 16933.4 -1.20322 -48.1821 5.94251 -310.397 278.059 -3231.59 1.20322
45.5621 -4.95174 310.501 1241.04 15857.5 -1.19507 -44.8545 4.39358 -310.501 63.415 -3075.69 1.19507
42.1648 -3.70752 310.697 1049.62 14742.7 -1.18687 -41.532 2.74318 -310.697 -150.22 -2905.23 1.18687
38.6435 -2.64687 310.637 871.773 13585.7 -1.17849 -38.1154 1.12419 -310.637 -347.331 -2723.27 1.17849
35.2697 -1.73703 310.989 724.861 12418 -1.16977 -34.5692 -0.209518 -310.989 -514.351 -2528.27 1.16977
32.0732 -1.12701 311.719 614.328 11241.5 -1.16057 -30.8072 -1.28848 -311.719 -640.139 -2329.93 1.16057
28.9139 -0.803224 313.138 551.251 10079.7 -1.15077 -27.1852 -1.94481 -313.138 -714.178 -2121.42 1.15077
25.3798 -0.957532 314.477 548.331 8928.79 -1.14025 -23.9949 -2.14351 -314.477 -717.43 -1916.04 1.14025
21.8612 -1.46103 315.38 594.322 7774.62 -1.12894 -20.623 -1.79894 -315.38 -644.682 -1730.93 1.12894
18.3414 -2.33963 315.996 689.8 6610.67 -1.11681 -16.8264 -0.865975 -315.996 -486.578 -1595.83 1.11681
14.8972 -3.6926 316.802 836.283 5458.64 -1.10388 -12.7552 0.500972 -316.802 -252.356 -1500.47 1.10388
11.4007 -5.52488 318.164 1031.45 4335.51 -1.09022 -8.73715 2.23749 -318.164 51.9725 -1433.79 1.09022
7.61809 -7.85527 319.581 1279.41 3242.25 -1.07591 -5.1934 4.29544 -319.581 418.211 -1370.68 1.07591
4.00833 -10.6173 320.539 1571.74 2174.76 -1.06102 -1.69469 6.63595 -320.539 840.037 -1302.95 1.06102
0.499981 -13.7161 321.111 1907.65 1135.88 -1.04559 1.60798 9.37725 -321.111 1321.49 -1222.26 1.04559
-3.11192 -17.0717 321.583 2277.81 121.601 -1.02968 4.62047 12.46 -321.583 1852.44 -1140.02 1.02968
-6.47041 -20.7656 322.341 2682.43 -865.026 -1.01335 7.71787 15.7156 -322.341 2420.48 -1061.72 1.01335
-9.32106 -24.5831 323.492 3115.05 -1825.47 -0.996648 11.0933 19.2395 -323.492 3015.4 -977.297 0.996648
-11.9598 -28.3552 324.761 3566.19 -2752.75 -0.979631 14.3957 23.0992 -324.761 3632.48 -886.057 0.979631
-14.5335 -32.0286 326.357 4019.55 -3634.59 -0.962304 17.1895 27.0843 -326.357 4251.11 -759.838 0.962304
-17.1418 -35.539 327.761 4468.7 -4474.17 -0.944616 19.5049 31.1191 -327.761 4858.1 -613.673 0.944616
-19.5874 -38.8282 328.694 4894.77 -5273.98 -0.926445 21.7273 34.9416 -328.694 5427.51 -471.361 0.926445
-22.0611 -41.8427 329.304 5280.33 -6036.43 -0.907641 23.8819 38.3243 -329.304 5937.45 -360.626 0.907641
-24.4908 -44.5144 329.518 5615.81 -6764.34 -0.888064 25.9791 41.1862 -329.518 6376.57 -270.064 0.888064
-26.6618 -46.8228 329.337 5894.6 -7454.85 -0.867595 28.1718 43.4333 -329.337 6735.48 -193.851 0.867595
-28.7298 -48.6026 329.112 6112.39 -8104.51 -0.846114 30.159 45.1806 -329.112 7011.42 -115.061 0.846114
-30.8572 -49.8119 328.842 6266.53 -8704.23 -0.823483 31.7081 46.45 -328.842 7204.26 -32.9745 0.823483
-32.7841 -50.4392 328.682 6356.44 -9253.11 -0.799555 33.0673 47.2227 -328.682 7310.34 53.1408 0.799555
-34.4453 -50.4764 328.553 6378.31 -9755.23 -0.774182 34.3511 47.4714 -328.553 7328.48 140.472 0.774182
-36.027 -49.9857 328.32 6330.07 -10212.9 -0.747228 35.3898 47.1098 -328.32 7257.41 228.967 0.747228
-37.4301 -49.096 327.944 6212.41 -10628.3 -0.718573 36.3107 46.031 -327.944 7099.52 316.899 0.718573
-38.651 -47.7034 327.46 6031.54 -11003.9 -0.688129 37.122 44.4232 -327.46 6860.39 406.148 0.688129
-39.7247 -45.8077 326.903 5794.68 -11339.1 -0.655829 37.7677 42.4004 -326.903 6548.71 498.876 0.655829
-40.4975 -43.6179 326.361 5510.72 -11632.8 -0.621626 38.389 39.8995 -326.361 6176.06 595.861 0.621626
-41.1252 -41.1674 325.866 5190.09 -11884.4 -0.585486 38.7855 37.027 -325.866 5751.59 702.658 0.585486
-41.7978 -38.3673 325.439 4844.75 -12095.6 -0.547399 38.7826 34.0719 -325.439 5291.33 818.81 0.547399
-42.0738 -35.3248 325.088 4484.1 -12271.1 -0.507368 38.8975 31.0811 -325.088 4807.48 938.481 0.507368
-42.0079 -32.2085 324.685 4115.33 -12411.9 -0.465419 39.0612 27.9908 -324.685 4307.51 1064.55 0.465419
-41.8627 -29.0825 324.221 3745.4 -12516.6 -0.421599 38.9879 24.8481 -324.221 3800.03 1198.91 0.421599
-41.6562 -26.0084 323.73 3382.17 -12586 -0.375987 38.6679 21.731 -323.73 3296.7 1341.28 0.375987
-41.4868 -23.0457 323.194 3033.49 -12624.6 -0.328694 38.0954 18.7175 -323.194 2808.94 1483.1 0.328694
-41.3826 -20.2434 322.633 2707 -12640.2 -0.279855 37.3792 15.8967 -322.633 2348.42 1613.06 0.279855
-41.0255 -17.6374 322.119 2409.85 -12640.5 -0.229628 36.967 13.3698 -322.119 1927.16 1720.7 0.229628
-40.5207 -15.2491 321.697 2147.23 -12624.5 -0.178194 36.7023 11.2193 -321.697 1554.54 1812.26 0.178194
-40.0459 -13.1067 321.409 1920.36 -12585.5 -0.125753 36.235 9.43802 -321.409 1232.27 1904.95 0.125753
-39.4961 -11.3228 321.27 1729.19 -12519.6 -0.0725115 35.5693 7.91259 -321.27 960.28 2009.12 0.0725115
-38.7869 -9.94712 321.206 1573.92 -12427 -0.0186652 34.7645 6.59595 -321.206 738.735 2128.51 0.0186652
-37.8831 -8.86533 321.153 1455.11 -12310.8 0.0356166 33.8976 5.60942 -321.153 568.083 2260.14 -0.0356166
-36.7164 -7.98412 321.061 1372.44 -12173 0.0901938 33.0682 5.04176 -321.061 447.98 2401.86 -0.0901938
-35.3412 -7.33636 320.939 1323.09 -12014.2 0.144949 32.2398 4.81584 -320.939 375.059 2551.7 -0.144949
-34.0949 -7.05585 320.816 1302.55 -11835.7 0.199776 31.1116 4.71888 -320.816 342.773 2705.82 -0.199776
-32.7948 -7.05481 320.69 1307.88 -11642 0.254564 29.9602 4.78688 -320.69 346.824 2855.61 -0.254564
-31.2761 -7.16624 320.568 1336.88 -11437.3 0.309192 29.0385 5.1474 -320.568 383.886 2992.92 -0.309192
-30.0354 -7.38168 320.473 1385.99 -11223.6 0.363529 27.8992 5.74851 -320.473 449.069 3112.88 -0.363529
-28.9872 -7.78317 320.415 1450.31 -11005.2 0.417426 26.7043 6.42555 -320.415 535.707 3209.08 -0.417426
-27.8001 -8.22261 320.367 1524.86 -10786 0.470708 25.8576 7.24132 -320.367 636.838 3275.25 -0.470708
-26.5376 -8.52102 320.339 1602.97 -10563.4 0.523173 25.2451 8.26073 -320.339 743.17 3315.96 -0.523173
-25.5449 -8.75816 320.351 1674.95 -10331.5 0.574591 24.4062 9.2393 -320.351 841.348 3341.34 -0.574591
-24.567 -8.92516 320.381 1730.09 -10087.6 0.624704 23.5405 10.0024 -320.381 916.39 3356.47 -0.624704
-23.3438 -8.81624 320.384 1758.71 -9830.2 0.673235 22.88 10.5898 -320.384 954.735 3363.79 -0.673235
-22.2646 -8.46554 320.321 1751.88 -9556.9 0.719897 22 10.8135 -320.321 943.792 3365.9 -0.719897
-21.1809 -7.9801 320.15 1703.47 -9268.15 0.76439 21.0702 10.4647 -320.15 875.43 3360.24 -0.76439
-19.8877 -7.21755 319.862 1612.27 -8965.64 0.806415 20.341 9.66055 -319.862 747.354 3342.16 -0.806415
-18.7923 -6.08325 319.498 1480.71 -8650.08 0.845671 19.4262 8.53331 -319.498 562.382 3309.44 -0.845671
-17.7302 -4.62041 319.111 1312.73 -8324.38 0.881858 18.5341 7.11032 -319.111 326.466 3258.85 -0.881858
-16.4911 -2.87857 318.681 1111.74 -7988.17 0.914679 17.91 5.4059 -318.681 45.1146 3185.14 -0.914679
-15.5126 -0.902406 318.267 882.176 -7639.17 0.943841 17.0838 3.45172 -318.267 -275.414 3090.57 -0.943841
-14.7479 1.28267 317.843 627.647 -7276.95 0.969052 16.1049 1.27144 -317.843 -631.86 2974.35 -0.969052
-13.9522 3.62564 317.376 353.572 -6903.91 0.99002 15.2563 -1.0762 -317.376 -1014.28 2833.57 -0.99002
-13.1326 6.086 316.946 64.8354 -6521.04 1.00646 14.5518 -3.54406 -316.946 -1415.3 2666.23 -1.00646
-12.1882 8.61116 316.608 -231.914 -6123.42 1.01811 13.988 -6.07306 -316.608 -1825.94 2482.05 -1.01811
-11.0461 11.1358 316.528 -528.954 -5701.58 1.02471 13.4092 -8.59572 -316.528 -2235.34 2303.51 -1.02471
-10.01 13.6833 316.687 -825.134 -5255.03 1.02605 12.4738 -11.1345 -316.687 -2651.05 2135.48 -1.02605
-8.80623 16.159 316.723 -1112.87 -4779.78 1.022 11.4053 -13.6008 -316.723 -3055 1980.9 -1.022
-7.21838 18.52 316.579 -1388.11 -4275.78 1.01246 10.4482 -15.9624 -316.579 -3440.75 1835.85 -1.01246
-5.71418 20.7045 316.214 -1646.15 -3741.7 0.997399 9.10216 -18.1702 -316.214 -3797.47 1703.51 -0.997399
-4.2777 22.68 315.927 -1883.59 -3179.89 0.976826 7.46915 -20.1867 -315.927 -4118.77 1574.25 -0.976826
-2.7342 24.4268 315.833 -2096.52 -2602.27 0.950837 5.91837 -21.9508 -315.833 -4397.26 1432.78 -0.950837
-1.18423 25.9861 315.903 -2280.44 -2016.66 0.919591 4.47298 -23.4141 -315.903 -4636.41 1269.64 -0.919591
0.250264 27.4121 316.013 -2435.66 -1429.01 0.883274 3.13153 -24.5293 -316.013 -4836.9 1073.88 -0.883274
1.55579 28.7136 316.056 -2563.91 -834.778 0.842058 1.78759 -25.3234 -316.056 -5001.97 853.963 -0.842058
2.72328 29.7906 316.183 -2670.94 -226.986 0.796099 0.272027 -25.9381 -316.183 -5131.74 625.284 -0.796099
3.76856 30.7208 316.437 -2758.9 389.93 0.745553 -1.3409 -26.3931 -316.437 -5237.68 384.109 -0.745553
5.03553 31.5259 316.682 -2831.87 1014.63 0.690577 -2.72408 -26.7209 -316.682 -5323.31 134.078 -0.690577
6.37358 32.2885 316.929 -2894.3 1652.92 0.63133 -4.20889 -26.9443 -316.929 -5398.92 -105.348 -0.63133
7.57567 33.0216 317.147 -2955.05 2303.88 0.567992 -6.02954 -27.1642 -317.147 -5471.59 -329.481 -0.567992
9.10577 33.706 317.202 -3019.85 2961.6 0.500793 -7.67793 -27.4305 -317.202 -5539.9 -538.633 -0.500793
10.8412 34.297 317.095 -3093.23 3623.86 0.429979 -9.19566 -27.8948 -317.095 -5614.25 -741.957 -0.429979
12.5139 34.7976 317.126 -3177.58 4296.15 0.355771 -10.9762 -28.5709 -317.126 -5694.65 -927.314 -0.355771
14.1405 35.2863 317.417 -3273.42 4980.55 0.27837 -13.0279 -29.3633 -317.417 -5778.15 -1093.28 -0.27837
15.9204 35.7425 318.12 -3367.66 5682.52 0.197994 -15.0991 -30.1292 -318.12 -5855 -1252.62 -0.197994
18.2433 36.2657 319.069 -3450.77 6404.28 0.114911 -16.8299 -30.6908 -319.069 -5923.78 -1403.43 -0.114911
20.4562 36.6649 319.365 -3522.25 7124.53 0.0294571 -18.7634 -31.1605 -319.365 -5973.94 -1540.03 -0.0294571
22.4666 36.6998 319.196 -3574.25 7843.56 -0.0579536 -21.0191 -31.7068 -319.196 -6003.27 -1658.93 0.0579536
24.4527 36.3004 318.671 -3602.53 8538.52 -0.146866 -23.0485 -32.2651 -318.671 -5997.21 -1789.06 0.146866
26.3714 35.6145 318.207 -3592.26 9208.51 -0.236849 -24.8481 -32.4981 -318.207 -5944.07 -1935.87 0.236849
28.0535 34.695 317.793 -3530.49 9845.32 -0.327541 -26.5186 -32.1693 -317.793 -5831.11 -2100.79 0.327541
29.4022 33.4395 317.707 -3410.52 10457.9 -0.41863 -28.2833 -31.2765 -317.707 -5650.39 -2274.93 0.41863
30.473 31.6949 317.857 -3230.62 11038.8 -0.509806 -30.0519 -29.9431 -317.857 -5399.48 -2455.81 0.509806
31.779 29.5896 318.105 -2986.81 11584.3 -0.600711 -31.3416 -28.0263 -318.105 -5080.35 -2635.54 0.600711
33.3455 27.1394 318.246 -2680.59 12097.7 -0.69093 -32.2852 -25.5498 -318.246 -4697.05 -2795.45 0.69093
34.9421 24.4128 318.227 -2330.6 12582.9 -0.780003 -33.2235 -22.6688 -318.227 -4262.18 -2923.86 0.780003
36.2302 21.5274 318.168 -1948.04 13044 -0.867453 -34.5934 -19.4281 -318.168 -3787.34 -3011.21 0.867453
37.1932 18.5563 318.331 -1549.67 13476 -0.952831 -36.287 -16.0496 -318.331 -3297.03 -3069.72 0.952831
38.0598 15.3974 318.901 -1146.71 13861.8 -1.03573 -37.7815 -12.8377 -318.901 -2808.38 -3123.45 1.03573
39.0723 12.2707 319.458 -754.997 14181.3 -1.11576 -38.5355 -9.77545 -319.458 -2333.92 -3194.21 1.11576
39.8011 9.31919 319.931 -382.85 14432.6 -1.19259 -38.955 -6.83205 -319.931 -1881.07 -3283.61 1.19259
40.0439 6.62683 320.077 -41.1701 14618 -1.2659 -39.3363 -4.12341 -320.077 -1466.86 -3380.72 1.2659
39.8385 4.24052 319.864 261.596 14735.7 -1.33542 -39.6577 -1.70847 -319.864 -1097.69 -3481.64 1.33542
39.3017 2.2114 319.444 517.563 14781.9 -1.40093 -39.7676 0.335638 -319.444 -783.597 -3587.25 1.40093
38.8873 0.573916 318.964 722.71 14755.9 -1.46226 -39.2096 1.97699 -318.964 -529.867 -3697.37 1.46226
38.1688 -0.646096 318.513 873.743 14665.7 -1.51925 -38.5525 3.18566 -318.513 -341.003 -3799.81 1.51925
37.0453 -1.42348 318.099 968.765 14518.1 -1.57181 -38.0329 3.95371 -318.099 -219.739 -3882.52 1.57181
35.9185 -1.77151 317.631 1009.77 14311.4 -1.61988 -37.2525 4.30336 -317.631 -163.103 -3943.39 1.61988
34.9275 -1.69384 317.099 998.197 14048.3 -1.66339 -36.1127 4.25464 -317.099 -169.208 -3979.43 1.66339
33.8326 -1.21528 316.475 936.333 13734 -1.70233 -34.9345 3.81627 -316.475 -235.66 -3984.41 1.70233
32.6195 -0.394933 315.896 829.573 13377.8 -1.73664 -33.8222 2.99885 -315.896 -358.097 -3955.17 1.73664
31.3373 0.694372 315.353 679.741 12978.8 -1.76631 -32.6843 1.77488 -315.353 -531.996 -3896.43 1.76631
30.0741 1.94509 314.847 494.752 12534.9 -1.79129 -31.3658 0.16201 -314.847 -747.75 -3815.67 1.79129
28.9817 3.26237 314.565 294.056 12055.9 -1.81157 -29.7631 -1.68342 -314.565 -989.668 -3715.84 1.81157
27.9954 4.72759 314.405 85.9996 11548.6 -1.82713 -28.0405 -3.5511 -314.405 -1248.04 -3589.76 1.82713
26.5515 6.09123 314.269 -114.777 11020 -1.83795 -26.7994 -5.4382 -314.269 -1502.2 -3439.22 1.83795
24.8217 7.31584 314.2 -300.027 10465.5 -1.84404 -25.7297 -7.2461 -314.2 -1741.34 -3278.81 1.84404
22.8876 8.19884 313.972 -456.432 9864.02 -1.8454 -24.4004 -8.92859 -313.972 -1943.95 -3136.65 1.8454
21.1411 8.79084 313.961 -566.947 9227.29 -1.84206 -22.4479 -10.1889 -313.961 -2092.64 -3020.21 1.84206
19.2519 9.09874 314.186 -622.056 8567.01 -1.83411 -20.3351 -10.8618 -314.186 -2174.79 -2922.68 1.83411
17.1308 8.92454 314.204 -613.752 7881.87 -1.82167 -18.277 -11.0191 -314.204 -2180.69 -2825.29 1.82167
15.0413 8.41008 314.134 -552.639 7186.3 -1.8049 -16.2343 -10.5988 -314.134 -2110.94 -2711.05 1.8049
13.1153 7.40076 314.231 -438.554 6498.11 -1.78398 -14.2812 -9.74877 -314.231 -1964.75 -2568.88 1.78398
11.2747 5.80062 314.548 -268.928 5818.64 -1.75909 -12.5004 -8.56054 -314.548 -1744.07 -2399.41 1.75909
9.36356 3.67809 315.284 -43.284 5148.24 -1.73037 -11.0398 -6.90552 -315.284 -1440.99 -2204.12 1.73037
7.43367 1.23787 316.527 234.759 4485.57 -1.69791 -9.7628 -4.5573 -316.527 -1048.83 -1993.49 1.69791
5.85782 -1.62812 317.817 569.931 3814.72 -1.66176 -8.06507 -1.63998 -317.817 -574.574 -1784.13 1.66176
4.24341 -4.8985 318.866 950.805 3126.91 -1.622 -6.24396 1.64585 -318.866 -37.8429 -1580.66 1.622
2.40519 -8.51798 319.724 1370.33 2423.23 -1.57873 -4.44446 5.2652 -319.724 555.774 -1389.74 1.57873
0.521602 -12.3756 320.578 1815.63 1710.17 -1.53206 -2.63534 9.10679 -320.578 1188.05 -1197.25 1.53206
-1.3886 -16.414 321.528 2279.43 986.896 -1.48217 -0.810371 13.1226 -321.528 1851.52 -1000.56 1.48217
-3.27011 -20.5139 322.653 2751.89 260.89 -1.42925 1.01127 17.1833 -322.653 2521.23 -796.711 1.42925
-5.09285 -24.5538 323.834 3224.95 -469.326 -1.37352 2.91427 21.1868 -323.834 3173.98 -591.889 1.37352
-6.71826 -28.4641 324.935 3690.75 -1204.42 -1.3152 5.00906 25.1101 -324.935 3804.64 -381.493 1.3152
-8.2034 -32.1074 325.913 4136.63 -1937.98 -1.25453 7.14594 28.906 -325.913 4400.04 -158.969 1.25453
-10.0536 -35.4082 326.9 4552.45 -2669.8 -1.19176 8.87014 32.5602 -326.9 4957.77 68.4716 1.19176
-11.9951 -38.3152 327.823 4928.13 -3406.57 -1.12711 10.6052 35.9139 -327.823 5458.46 286.558 1.12711
-13.9335 -40.8883 328.544 5255.62 -4151.21 -1.06089 12.5915 38.6917 -328.544 5880 477.812 1.06089
-15.9741 -42.9434 329.039 5522.53 -4898.01 -0.993422 14.7001 41.0199 -329.039 6226.69 639.859 0.993422
-18.0687 -44.3687 329.201 5721.67 -5640.12 -0.925082 16.8504 42.8545 -329.201 6483.89 783.846 0.925082
-20.1724 -45.2801 329.045 5847.87 -6373.01 -0.856264 18.9897 43.98 -329.045 6642.84 918.94 0.856264
-22.2219 -45.4966 328.846 5897.47 -7095.72 -0.787357 21.0539 44.5107 -328.846 6697.84 1062.05 0.787357
-24.281 -44.952 328.523 5863.64 -7800.66 -0.718725 22.9591 44.4337 -328.523 6644.65 1208.4 0.718725
-26.4186 -43.802 328.163 5746.02 -8486.15 -0.650698 24.7178 43.552 -328.163 6477.88 1344.94 0.650698
-28.4708 -41.894 327.631 5540.31 -9157.85 -0.583591 26.5897 41.984 -327.631 6197.03 1463.93 0.583591
-30.0331 -39.2242 327.046 5244.75 -9812.78 -0.517727 28.9462 39.7131 -327.046 5801 1567.07 0.517727
-31.8529 -35.9951 326.581 4860.47 -10440.1 -0.453436 30.7979 36.5194 -326.581 5286.25 1677.37 0.453436
-33.6991 -32.1226 326.013 4395.82 -11030.1 -0.391042 32.3228 32.6084 -326.013 4661.42 1792.51 0.391042
-35.229 -27.5247 325.29 3859.31 -11581.9 -0.330845 33.872 28.1552 -325.29 3931.04 1910.53 0.330845
-36.3892 -22.2436 324.409 3260.04 -12094.2 -0.273092 35.4775 23.2455 -324.409 3103.92 2033.14 0.273092
-37.2731 -16.4299 323.528 2606.86 -12564.6 -0.217967 37.0475 17.9002 -323.528 2195.24 2157.59 0.217967
-38.3833 -10.3812 322.74 1909.34 -12988.9 -0.165587 38.1656 12.0188 -322.74 1223.03 2267.91 0.165587
-39.5157 -4.21831 321.905 1185.4 -13367.6 -0.116036 39.0696 5.79901 -321.905 213.876 2359.62 0.116036
-40.4871 1.83606 321.085 462.521 -13704.9 -0.0693905 40.0463 -0.405386 -321.085 -779.02 2422.65 0.0693905
-41.3559 7.62077 320.381 -244.001 -13998.4 -0.0257321 41.0003 -6.48317 -320.381 -1732.84 2459.65 0.0257321
-42.0027 13.016 319.567 -915.098 -14234 0.0148535 41.6921 -12.2437 -319.567 -2623.2 2506.71 -0.0148535
-42.425 18.0038 318.755 -1531.27 -14411.1 0.0522944 42.1209 -17.3828 -318.755 -3424.49 2563.77 -0.0522944
-42.5545 22.4556 317.851 -2082.03 -14525 0.0865651 42.2444 -21.9198 -317.851 -4131.91 2641.53 -0.0865651
-42.4068 26.1529 316.982 -2557.2 -14579.9 0.117707 42.0815 -25.9074 -316.982 -4732.41 2739.42 -0.117707
-42.0262 29.0497 316.001 -2941.47 -14577.6 0.145837 41.6651 -29.1911 -316.001 -5213.22 2848.4 -0.145837
-41.4353 31.2335 314.98 -3223.96 -14523.3 0.171144 41.0685 -31.5161 -314.98 -5561.81 2960.18 -0.171144
-40.623 32.5946 313.989 -3399.32 -14423.3 0.193862 40.4284 -32.9467 -313.989 -5777.2 3063.63 -0.193862
-39.5637 32.9246 313.118 -3464.47 -14279.8 0.214228 39.8059 -33.6628 -313.118 -5858.43 3155.85 -0.214228
-38.404 32.174 312.484 -3415 -14091.6 0.232453 39.031 -33.648 -312.484 -5800.74 3239.01 -0.232453
-37.1498 30.4703 312.158 -3245.56 -13857 0.24873 38.0582 -32.6834 -312.158 -5596.66 3316.88 -0.24873
-35.6608 27.8715 312.254 -2956.86 -13579.9 0.263253 37.0585 -30.6845 -312.254 -5241.78 3389 -0.263253
-34.2207 24.1946 312.651 -2543.33 -13257.4 0.276233 35.7308 -27.7158 -312.651 -4725.1 3455.02 -0.276233
-32.8523 19.597 313.233 -2008.35 -12895.6 0.28789 34.1923 -23.694 -313.233 -4053.6 3501.47 -0.28789
-31.3775 14.2148 313.982 -1354.06 -12501.4 0.298447 32.7291 -18.4431 -313.982 -3219.56 3520.11 -0.298447
-29.8805 7.99502 314.95 -592.596 -12079.3 0.308115 31.3295 -12.175 -314.95 -2233.1 3505.19 -0.308115
-28.397 0.856427 316.287 266.319 -11630 0.317077 29.9434 -5.03693 -316.287 -1093.78 3459.57 -0.317077
-27.0334 -7.00256 318.144 1199.45 -11157.3 0.325481 28.5763 2.78516 -318.144 167.858 3371.4 -0.325481
-25.9791 -15.4842 320.576 2192.41 -10669.9 0.333445 27.2111 11.2178 -320.576 1542.23 3225.23 -0.333445
-25.1427 -24.1581 323.094 3206.26 -10157.9 0.341052 25.7184 19.8391 -323.094 2949.08 3041.94 -0.341052
-24.0953 -32.6909 325.435 4211.33 -9613 0.348332 24.2428 28.3325 -325.435 4327.14 2853.21 -0.348332
-22.7094 -40.8292 327.277 5185.57 -9026.53 0.355246 22.5043 36.4904 -327.277 5633.97 2707.13 -0.355246
-20.8759 -48.3801 328.85 6110 -8405.69 0.361732 20.6142 44.1907 -328.85 6844.41 2610.6 -0.361732
-18.8191 -55.2484 330.102 6968.06 -7755.9 0.367771 18.5005 51.3819 -330.102 7954.47 2547.72 -0.367771
-16.9307 -61.3661 330.877 7743.97 -7092.29 0.373434 16.0709 57.8831 -330.877 8945.06 2491.71 -0.373434
-15.0734 -66.7643 331.17 8421.78 -6432.22 0.378837 13.7849 63.4062 -331.17 9796.11 2414.84 -0.378837
-13.2135 -71.2969 331.024 8986.95 -5794.53 0.384073 11.9739 67.9764 -331.024 10505.2 2294.27 -0.384073
-11.5676 -74.6689 330.88 9429.21 -5183.44 0.389175 10.4217 71.6595 -330.88 11050.6 2134.16 -0.389175
-10.223 -76.8307 330.907 9741.26 -4598.93 0.394125 8.99347 74.4017 -330.907 11425 1941.18 -0.394125
-9.0671 -77.8144 330.695 9900.22 -4039.82 0.398884 7.81758 75.9204 -330.695 11616.3 1711.85 -0.398884
-7.86898 -77.5718 330.418 9897.95 -3496.73 0.40339 6.93237 76.1055 -330.418 11610.4 1463.74 -0.40339
-6.61037 -76.1386 329.808 9725.45 -2961.66 0.407532 6.23803 74.8279 -329.808 11403.4 1205.37 -0.407532
-5.55116 -73.5441 328.993 9384.6 -2426.54 0.411121 5.29465 72.0969 -328.993 10998.6 953.827 -0.411121
-4.3553 -69.7881 327.927 8884.65 -1887.03 0.413918 4.24508 68.0168 -327.927 10401.5 731.798 -0.413918
-2.77354 -64.9735 326.708 8240.85 -1339.37 0.415675 3.30139 62.7146 -326.708 9628.97 540.717 -0.415675
-1.28157 -59.1222 325.644 7475.13 -779.822 0.416206 1.97411 56.4695 -325.644 8701.27 378.825 -0.416206
0.0365491 -52.35 324.991 6606.39 -217.647 0.415388 0.435436 49.3809 -324.991 7629.67 219.609 -0.415388
1.33081 -44.7732 324.56 5654.86 334.219 0.413128 -0.922586 41.648 -324.56 6438.11 42.1245 -0.413128
2.63451 -36.3273 324.436 4639.38 876.468 0.409323 -2.11386 33.4165 -324.436 5119.14 -147.714 -0.409323
3.89086 -27.1863 324.329 3574.14 1400.51 0.40385 -2.96949 24.6908 -324.329 3683.56 -372.917 -0.40385
5.17019 -17.5513 324.191 2467.38 1919.03 0.396551 -3.65159 15.3324 -324.191 2131.94 -613.673 -0.396551
6.29041 -7.62684 324.166 1347.6 2447.09 0.387218 -4.72259 5.77302 -324.166 524.799 -831.823 -0.387218
7.33054 2.22583 324.118 250.607 2980.64 0.375606 -5.97857 -3.40349 -324.118 -1041.52 -1040.8 -0.375606
8.55043 11.5366 323.081 -801.404 3516.62 0.361486 -7.14175 -12.124 -323.081 -2513.19 -1240.31 -0.361486
9.88362 19.8746 321.543 -1783.18 4055.7 0.344685 -8.37575 -20.2048 -321.543 -3829.51 -1417.36 -0.344685
11.0429 27.443 320.143 -2696.71 4598.74 0.325078 -9.74927 -27.516 -320.143 -4998.67 -1603.19 -0.325078
11.9768 34.3504 319.452 -3542.07 5153.69 0.302576 -11.3172 -34.0277 -319.452 -6031.63 -1805.14 -0.302576
12.9488 40.365 319.195 -4304.75 5718.24 0.277126 -12.816 -39.8505 -319.195 -6925.89 -2020.95 -0.277126
14.0205 45.4501 318.848 -4974.67 6284.04 0.248724 -14.229 -44.9531 -318.848 -7682 -2236.22 -0.248724
15.1849 49.6715 317.906 -5534.16 6836 0.217448 -15.4647 -49.0616 -317.906 -8288.44 -2449.76 -0.217448
16.339 53.0606 316.423 -5975.41 7379.84 0.183461 -16.7789 -52.1157 -316.423 -8748.97 -2645.96 -0.183461
17.2999 55.4955 314.59 -6285.44 7907.7 0.146952 -18.3396 -54.1068 -314.59 -9058.33 -2819.01 -0.146952
18.4541 56.8391 313.022 -6466.95 8418.87 0.108088 -19.7547 -55.2447 -313.022 -9224.06 -2968.78 -0.108088
19.7096 57.0951 311.899 -6522.54 8906.81 0.0670135 -21.0676 -55.569 -311.899 -9249.59 -3095.48 -0.0670135
20.6896 56.3862 311.291 -6450.27 9366.88 0.0238783 -22.6214 -54.9341 -311.291 -9133.71 -3199.18 -0.0238783
21.6952 54.7678 311.087 -6252.36 9791.43 -0.0211426 -24.0266 -53.3203 -311.087 -8879.15 -3284.61 0.0211426
22.9121 52.283 311.08 -5930.69 10176.9 -0.0678382 -25.0602 -50.7138 -311.08 -8488.17 -3353.55 0.0678382
24.0803 49.0343 311.11 -5493.76 10522.7 -0.115958 -26.0334 -47.154 -311.11 -7972.09 -3398.24 0.115958
25.3073 45.0758 311.464 -4953.69 10835.5 -0.165218 -26.8874 -42.7613 -311.464 -7343.28 -3418.51 0.165218
26.5255 40.3991 311.953 -4334.19 11112.9 -0.215323 -27.7044 -37.83 -311.953 -6617.97 -3409.93 0.215323
27.4829 35.0714 312.53 -3649.99 11351.5 -0.265984 -28.6913 -32.5245 -312.53 -5813.91 -3375.45 0.265984
28.2988 29.336 313.299 -2908.44 11552.9 -0.316935 -29.7206 -26.7922 -313.299 -4950.42 -3317.9 0.316935
29.1169 23.2983 314.422 -2129.25 11711.8 -0.367933 -30.5163 -20.7378 -314.422 -4037.21 -3250.19 0.367933
29.9029 17.0189 315.767 -1337.74 11816 -0.418749 -30.94 -14.5407 -315.767 -3082.55 -3184.48 0.418749
30.667 10.6144 317.153 -548.211 11869.4 -0.469178 -31.071 -8.40651 -317.153 -2117.21 -3112.13 0.469178
31.1045 4.17729 318.138 230.411 11871.8 -0.519065 -31.2328 -2.38347 -318.138 -1151.94 -3030.62 0.519065
31.1448 -2.06971 318.876 989.954 11828.3 -0.568331 -31.552 3.61059 -318.876 -198.296 -2937.03 0.568331
31.167 -7.82548 319.768 1704.19 11743.2 -0.616946 -31.6368 9.37852 -319.768 700.278 -2837.32 0.616946
31.0243 -13.0792 320.657 2355.05 11599.1 -0.664883 -31.4028 14.6265 -320.657 1519.23 -2746.49 0.664883
30.6145 -17.8252 321.266 2937.8 11395.3 -0.712095 -30.9322 19.3557 -321.266 2262.61 -2666.71 0.712095
29.955 -21.7771 321.532 3428.56 11134.7 -0.758525 -30.2505 23.4028 -321.532 2891.41 -2594.86 0.758525
29.0856 -24.8249 321.422 3819.45 10820.2 -0.804128 -29.3839 26.7388 -321.422 3394.02 -2524.71 0.804128
28.0566 -26.9648 320.976 4102.39 10457.3 -0.848862 -28.3857 29.2975 -320.976 3768.73 -2447.26 0.848862
26.9069 -28.2738 320.344 4265.06 10053.6 -0.892672 -27.3012 30.8265 -320.344 4003.29 -2358.2 0.892672
25.761 -28.7974 319.742 4306.97 9620.61 -0.935489 -26.1567 31.266 -319.742 4096.19 -2247.8 0.935489
24.7597 -28.3879 319.171 4231.23 9160.06 -0.977237 -24.8666 30.8071 -319.171 4050.41 -2110.17 0.977237
23.9936 -27.0211 318.659 4045.67 8681.85 -1.01781 -23.4854 29.5523 -318.659 3869.05 -1934.84 1.01781
23.2679 -24.7686 318.69 3768.29 8212.71 -1.05708 -22.4707 27.6093 -318.69 3559.23 -1711.66 1.05708
22.4027 -21.6336 319.027 3397.06 7746.47 -1.09485 -21.8957 24.9117 -319.027 3114.12 -1449.41 1.09485
21.5564 -17.7713 319.044 2929.55 7257.87 -1.13087 -21.176 21.2979 -319.044 2535.3 -1182.63 1.13087
20.6644 -13.2456 318.823 2373.76 6742.08 -1.1649 -20.201 16.7302 -318.823 1818.43 -930.959 1.1649
19.7577 -7.9821 318.784 1743.23 6205.96 -1.19673 -18.9504 11.4245 -318.784 969.812 -699.606 1.19673
18.8384 -2.28992 318.907 1068.25 5655.63 -1.22619 -17.3924 5.74035 -318.907 52.6387 -498.856 1.22619
17.54 3.77397 319.037 359.702 5087.2 -1.25314 -15.8286 -0.302911 -319.037 -933.236 -333.885 1.25314
15.7501 9.93989 319.081 -357.256 4510.78 -1.27747 -14.5217 -6.44913 -319.081 -1939.42 -193.832 1.27747
13.7494 15.9652 318.827 -1057.96 3923.39 -1.29911 -13.1358 -12.4746 -318.827 -2925.34 -83.4497 1.29911
11.6421 21.7544 317.876 -1741.69 3312.88 -1.31805 -11.4346 -18.2771 -317.876 -3864.01 -9.17338 1.31805
9.42069 27.1897 316.621 -2396.78 2682.62 -1.33431 -9.51412 -23.7236 -316.621 -4732.01 38.1233 1.33431
7.0139 32.235 315.408 -3012.81 2038.84 -1.34799 -7.57979 -28.7479 -315.408 -5525.41 71.0649 1.34799
4.67227 36.8589 314.512 -3580.86 1392.84 -1.3592 -5.61762 -33.3105 -314.512 -6243.2 111.479 1.3592
2.44827 40.9742 314 -4087.95 748.279 -1.36807 -3.67342 -37.3645 -314 -6879.61 169.462 1.36807
0.439006 44.4793 313.503 -4528.47 110.835 -1.3747 -1.78846 -40.9335 -313.503 -7429.28 258.599 1.3747
-1.71068 47.2086 312.996 -4892.11 -522.681 -1.37916 -0.214588 -44.0203 -312.996 -7879.75 367.633 1.37916
-3.74624 49.0537 312.453 -5168 -1160.68 -1.38148 1.45501 -46.5812 -312.453 -8220.59 483.678 1.38148
-5.54636 50.0483 311.924 -5343.54 -1808.6 -1.38166 3.47339 -48.3586 -311.924 -8433.04 593.769 1.38166
-7.49108 50.3043 311.465 -5407.32 -2464.46 -1.37969 5.42582 -49.1056 -311.465 -8509.63 700.783 1.37969
-9.52339 49.697 311.199 -5349.54 -3128.57 -1.37561 7.36693 -48.8022 -311.199 -8439.9 805.393 1.37561
-11.4727 48.1845 311.184 -5166.53 -3801.2 -1.36942 9.46196 -47.4544 -311.184 -8222.51 908.634 1.36942
-13.2662 45.8089 311.502 -4863.79 -4474.57 -1.36115 11.7873 -45.0521 -311.502 -7856.43 1002.24 1.36115
-15.017 42.4446 311.89 -4447.36 -5139.61 -1.35081 14.1089 -41.7958 -311.89 -7346.14 1094.06 1.35081
-16.634 38.0783 312.702 -3922.62 -5789.67 -1.33843 16.3543 -37.7632 -312.702 -6695.23 1200.34 1.33843
-17.967 32.7795 313.688 -3294.48 -6413.56 -1.32406 18.5045 -32.9188 -313.688 -5903.59 1333.57 1.32406
-19.4859 26.7642 315.036 -2569.04 -7013.33 -1.30774 20.1284 -27.1629 -315.036 -4981.41 1490.42 1.30774
-21.1593 20.075 316.646 -1755.33 -7593.41 -1.28945 21.541 -20.4389 -316.646 -3917.7 1635.67 1.28945
-22.8258 12.628 318.364 -866.638 -8165.47 -1.26913 23.264 -12.9812 -318.364 -2720.27 1730.57 1.26913
-24.8085 4.67809 320.07 71.4251 -8741.62 -1.24675 25.3559 -5.08309 -320.07 -1440.18 1733.92 1.24675
-27.157 -3.80583 321.931 1052.29 -9316.63 -1.22237 27.7072 3.37474 -321.931 -49.9198 1648.91 1.22237
-29.5526 -12.3724 323.629 2040.3 -9865.65 -1.19614 30.1077 12.0459 -323.629 1374.61 1524.61 1.19614
-31.5867 -20.4249 325.147 2990.96 -10364.5 -1.16831 32.4108 20.4186 -325.147 2722.83 1414.55 1.16831
-33.0419 -27.7258 326.698 3876.06 -10790.7 -1.13902 34.4145 28.1556 -326.698 3942.55 1354.93 1.13902
-34.0316 -34.314 328.144 4674.56 -11125.2 -1.10839 35.6115 34.9117 -328.144 5011.92 1381.68 1.10839
-34.6784 -40.2271 329.121 5373.13 -11371.7 -1.07645 36.0023 40.536 -329.121 5928.38 1481.45 1.07645
-34.7186 -45.2263 329.591 5961.35 -11547.9 -1.04321 36.2745 45.1095 -329.591 6680.17 1612.66 1.04321
-34.3829 -49.2542 329.406 6439.92 -11670.8 -1.00862 36.6306 48.8232 -329.406 7285.29 1731.69 1.00862
-34.175 -52.351 328.71 6806.56 -11747.3 -0.972641 36.7545 51.6431 -328.71 7746.86 1819.35 0.972641
-34.2846 -54.7031 327.814 7060.83 -11783.9 -0.935226 36.6048 53.391 -327.814 8066.5 1861.22 0.935226
-34.3859 -56.2619 326.989 7207.5 -11786.8 -0.896378 36.6323 54.2177 -326.989 8253.71 1846.13 0.896378
-34.4824 -56.948 326.38 7254.11 -11755.8 -0.85615 36.815 54.3297 -326.38 8318.77 1776.47 0.85615
-34.5785 -56.9472 326.027 7209.42 -11683.2 -0.814641 36.975 53.6766 -326.027 8271.88 1668.72 0.814641
-34.5661 -56.3558 325.841 7084.14 -11558.3 -0.77197 36.9872 52.3278 -325.841 8125.54 1544.84 0.77197
-34.3434 -55.0967 325.701 6890.15 -11371.7 -0.728254 36.7425 50.538 -325.701 7892.69 1424.89 0.728254
-33.8274 -53.2959 325.538 6638.61 -11117 -0.683601 36.1727 48.3398 -325.538 7584.41 1323.67 0.683601
-32.9573 -51.0463 325.24 6340.36 -10792.3 -0.638115 35.2753 45.8136 -325.24 7214.12 1248.05 0.638115
-31.6547 -48.3334 324.8 6004.27 -10399.2 -0.591884 34.1471 43.1027 -324.8 6790.95 1197.07 0.591884
-29.8795 -45.2973 324.286 5636.65 -9941.71 -0.544989 32.8577 40.1872 -324.286 6325.43 1170.65 0.544989
-27.835 -41.9363 323.75 5241.92 -9422.19 -0.4975 31.2382 37.11 -323.75 5818.93 1166.33 0.4975
-25.7827 -38.2898 323.273 4822.42 -8845.91 -0.449487 29.1597 33.8623 -323.273 5273.4 1170.77 0.449487
-23.6455 -34.5574 322.726 4382.44 -8223.32 -0.401024 26.8906 30.3124 -322.726 4694.03 1167.71 0.401024
-21.577 -30.8 322.087 3928.08 -7568.27 -0.352187 24.5808 26.4913 -322.087 4087.62 1128.53 0.352187
-19.7692 -26.9552 321.569 3468.74 -6893.95 -0.303069 22.2389 22.5805 -321.569 3461.4 1038.32 0.303069
-17.998 -23.0836 321.242 3013.88 -6213.36 -0.253795 20.2174 18.6812 -321.242 2828.62 892.133 0.253795
-16.1219 -19.2718 321.117 2574.14 -5526.16 -0.204538 18.6015 14.9052 -321.117 2206.36 697.478 0.204538
-14.3181 -15.5866 321.219 2160.41 -4816.42 -0.155521 16.8491 11.3921 -321.219 1612.61 489.444 0.155521
-12.4329 -12.0564 321.457 1777.27 -4070.63 -0.107022 14.8692 8.21306 -321.457 1056.76 288.752 0.107022
-10.231 -8.83054 321.683 1430.78 -3281.25 -0.0593605 12.6133 5.39333 -321.683 557.139 127.48 0.0593605
-7.64344 -6.15541 321.848 1128.3 -2450.72 -0.0128543 10.0045 2.82228 -321.848 125.365 28.4521 0.0128543
-4.78704 -3.9874 321.771 871.902 -1588.99 0.0322427 7.15344 0.576866 -321.771 -235.933 -30.2383 -0.0322427
-1.83209 -2.20115 321.462 665.39 -710.051 0.0757713 4.22432 -1.12965 -321.462 -518.266 -81.3949 -0.0757713
1.07214 -0.757607 321.358 514.639 173.333 0.117626 1.38231 -2.21774 -321.358 -721.843 -156.177 -0.117626
3.77793 0.352111 321.453 418.946 1052.47 0.157678 -1.33073 -2.75766 -321.453 -857.035 -272.408 -0.157678
6.18065 0.982682 321.637 373.237 1925.33 0.195716 -4.04287 -2.91773 -321.637 -921.996 -424.819 -0.195716
8.24521 1.19357 321.736 366.263 2785.38 0.231436 -6.7752 -2.76203 -321.736 -922.769 -608.903 -0.231436
10.2385 1.05211 321.936 391.169 3631.37 0.264486 -9.20203 -2.38954 -321.936 -875.77 -831.606 -0.264486
12.1867 0.65876 322.707 456.618 4474.63 0.294488 -11.5182 -1.7399 -322.707 -795.289 -1073.27 -0.294488
14.3239 0.174382 323.974 548.128 5326.29 0.321044 -13.7096 -0.82066 -323.974 -690.405 -1314.3 -0.321044
16.7198 -0.451878 325.429 652.428 6200.65 0.343765 -15.9621 0.139065 -325.429 -572.787 -1533.31 -0.343765
19.3187 -1.09782 326.475 756.333 7111.26 0.362311 -18.6377 1.11094 -326.475 -450.314 -1701.23 -0.362311
22.0613 -1.66965 326.519 859.618 8027.38 0.37643 -21.5272 2.09888 -326.519 -335.348 -1825.14 -0.37643
24.921 -2.21034 325.817 938.025 8930.46 0.385976 -24.3826 2.7828 -325.817 -242.391 -1924.83 -0.385976
27.9837 -2.70389 325.163 998.241 9821.28 0.39087 -27.0835 3.20722 -325.163 -174.164 -2005.66 -0.39087
31.081 -2.98593 324.909 1037.7 10688 0.39108 -29.577 3.48641 -324.909 -135.11 -2086.6 -0.39108
33.7918 -3.00457 325.136 1054.7 11525.7 0.386627 -32.2201 3.65301 -325.136 -126.215 -2171.7 -0.386627
36.2215 -2.74491 325.769 1050.52 12329.6 0.377577 -34.8484 3.72367 -325.769 -148.536 -2264.39 -0.377577
38.553 -2.19758 326.13 1013.78 13083.9 0.364024 -37.1251 3.57586 -326.13 -209.12 -2370.73 -0.364024
40.5951 -1.49602 325.783 941.365 13771.9 0.346097 -39.1149 3.03202 -325.783 -311.044 -2491.84 -0.346097
42.2225 -0.552639 325.03 828.958 14401.6 0.323947 -41.0348 2.14881 -325.03 -454.302 -2622.88 -0.323947
43.4118 0.765189 323.885 681.024 14960.4 0.29773 -42.8122 1.10075 -323.885 -637.506 -2764.61 -0.29773
44.5525 2.42192 322.719 498.495 15446.5 0.267594 -44.0867 -0.126428 -322.719 -858.613 -2911.09 -0.267594
45.5469 4.28924 321.671 280.431 15861.9 0.23369 -45.0309 -1.69682 -321.671 -1121.69 -3053.82 -0.23369
46.3067 6.41841 320.8 28.1432 16214.7 0.19618 -45.9141 -3.53034 -320.8 -1424.02 -3175.57 -0.19618
47.1591 8.87339 320.064 -256.921 16512.9 0.155261 -46.57 -5.54399 -320.064 -1764.38 -3261.74 -0.155261
47.9342 11.5035 319.354 -579.552 16759.3 0.111182 -47.2355 -7.93348 -319.354 -2144.26 -3305.83 -0.111182
48.5297 14.2315 318.455 -931.758 16947.5 0.0642542 -47.9487 -10.6458 -318.455 -2553.46 -3310.66 -0.0642542
49.027 17.0024 317.383 -1302.5 17069.4 0.014834 -48.479 -13.5631 -317.383 -2978.79 -3288.84 -0.014834
49.3357 19.6722 316.286 -1683.44 17119.1 -0.0367105 -48.7623 -16.699 -316.286 -3410.38 -3256.08 0.0367105
49.347 22.0957 315.208 -2054.28 17089.3 -0.0900249 -48.7511 -19.8962 -315.208 -3826.14 -3226.82 0.0900249
49.0027 24.339 314.171 -2390.77 16975 -0.144787 -48.4029 -22.7488 -314.171 -4202.8 -3210.3 0.144787
48.3124 26.4239 313.296 -2671.79 16780.1 -0.200714 -47.7163 -24.9261 -313.296 -4518.29 -3209 0.200714
47.3281 28.2277 312.452 -2894.34 16510.1 -0.257553 -46.7357 -26.5082 -312.452 -4769.6 -3215.19 0.257553
46.1174 29.6301 311.63 -3053.2 16173.3 -0.315064 -45.5241 -27.557 -311.63 -4953.79 -3218.71 0.315064
44.7466 30.6259 310.806 -3153.86 15777.2 -0.372999 -44.1522 -28.1623 -310.806 -5077.19 -3207.99 0.372999
43.2722 31.0935 310.017 -3201.53 15328.8 -0.431085 -42.6771 -28.5211 -310.017 -5145.16 -3174.15 0.431085
41.7351 31.112 309.34 -3200.05 14834.3 -0.48903 -41.1428 -28.6105 -309.34 -5161.72 -3111.44 0.48903
40.1733 30.8197 308.972 -3151.89 14302.7 -0.546518 -39.5828 -28.3202 -308.972 -5128.32 -3018.77 0.546518
38.5832 30.2351 308.914 -3059.11 13734.2 -0.603222 -37.9892 -27.6792 -308.914 -5049.56 -2898.04 0.603222
36.9537 29.2981 308.968 -2920.76 13130.7 -0.658805 -36.3478 -26.7197 -308.968 -4922.47 -2754.48 0.658805
35.2557 27.9759 309.152 -2740.69 12494.8 -0.712922 -34.6467 -25.5191 -309.152 -4749.43 -2596.76 0.712922
33.454 26.2527 309.458 -2524.08 11827.2 -0.765232 -32.8762 -24.1316 -309.458 -4530.66 -2431.6 0.765232
31.5149 24.2008 309.83 -2274.17 11123.9 -0.815404 -30.9906 -22.5106 -309.83 -4266.5 -2266.25 0.815404
29.488 21.978 310.396 -1987.83 10391.1 -0.863137 -28.9183 -20.442 -310.396 -3952.21 -2109.83 0.863137
27.5771 19.6094 311.53 -1675.99 9652.73 -0.908175 -26.6682 -18.0165 -311.53 -3593.07 -1956.51 0.908175
25.784 17.0016 312.77 -1341.86 8912.74 -0.950313 -24.3292 -15.3873 -312.77 -3194.23 -1797.64 0.950313
23.7471 14.1772 313.384 -989.2 8157.39 -0.989386 -22.2197 -12.5957 -313.384 -2760.86 -1625.76 0.989386
21.7186 11.2426 313.763 -631.784 7400.1 -1.02526 -20.1098 -9.7177 -313.763 -2304.73 -1450.98 1.02526
20.0588 8.28851 314.541 -277.851 6658.18 -1.05785 -17.7879 -6.7837 -314.541 -1834.54 -1269.64 1.05785
18.4477 5.29485 315.616 79.6967 5931.74 -1.0871 -15.6452 -3.68914 -315.616 -1340 -1071.87 1.0871
16.8844 2.5003 317.127 419.128 5229.82 -1.11296 -13.6393 -0.595924 -317.127 -855.385 -872.729 1.11296
15.1694 -0.0615515 318.547 738.075 4541.91 -1.1354 -11.8499 2.39815 -318.547 -396.73 -678.575 1.1354
13.3311 -2.43041 319.742 1027.73 3864.59 -1.15441 -10.1752 5.05926 -319.742 17.6019 -496.269 1.15441
11.5091 -4.4347 320.289 1274.53 3187.27 -1.17004 -8.32479 7.35104 -320.289 372.087 -336.417 1.17004
9.62054 -5.93566 320.46 1472.11 2513.53 -1.18236 -6.35202 9.27148 -320.46 653.368 -206.584 1.18236
7.70148 -7.05758 320.384 1611.61 1846.58 -1.1915 -4.36506 10.5871 -320.384 855.023 -89.7842 1.1915
5.78246 -7.72236 320.208 1685.85 1193.9 -1.19759 -2.39842 11.2124 -320.208 961.347 15.659 1.19759
3.86758 -7.86556 320.144 1697.06 561.092 -1.20082 -0.533782 11.2165 -320.144 970.757 116.204 1.20082
1.89232 -7.54748 320.268 1648.01 -48.9769 -1.20134 1.09897 10.6115 -320.268 890.628 218.138 1.20134
-0.120126 -6.78581 320.504 1545.37 -638.789 -1.19933 2.54811 9.48838 -320.504 729.498 320.42 1.19933
-1.88469 -5.50365 320.715 1395.99 -1213.07 -1.19494 4.18968 8.06761 -320.715 500.603 415.025 1.19494
-3.63748 -3.84418 320.644 1206.07 -1772.11 -1.18826 5.799 6.34406 -320.644 217.059 500.603 1.18826
-5.59247 -2.0186 320.391 983.69 -2316.06 -1.17943 7.16056 4.23712 -320.391 -110.926 577.554 1.17943
-7.29314 -0.0800833 320.052 738.323 -2847.59 -1.16855 8.76895 1.86565 -320.052 -468.758 643.244 1.16855
-8.83721 2.03706 319.722 482.012 -3363.21 -1.15574 10.4599 -0.52521 -319.722 -843.36 703.496 1.15574
-10.5683 4.17168 319.447 224.142 -3856.86 -1.14113 11.8207 -2.91458 -319.447 -1218.64 761.943 1.14113
-12.4079 6.1319 319.281 -26.5496 -4329.56 -1.12485 12.9722 -5.30333 -319.281 -1576.62 813.664 1.12485
-13.8989 7.962 319.179 -259.408 -4783.46 -1.10698 14.3884 -7.48618 -319.179 -1905.4 858.439 1.10698
-15.1629 9.53731 319.011 -464.791 -5216.67 -1.08763 15.9433 -9.40706 -319.011 -2189.34 895.011 1.08763
-16.4831 10.7951 318.799 -634.704 -5623.75 -1.06688 17.2398 -11.0161 -318.799 -2420.68 933.849 1.06688
-17.8908 11.921 318.509 -763.439 -6001.33 -1.0448 18.1841 -12.0432 -318.509 -2593.28 980.351 1.0448
-19.3288 12.8513 318.212 -850.419 -6355.54 -1.02149 18.9408 -12.5504 -318.212 -2707.48 1025.61 1.02149
-20.4414 13.4027 318.041 -899.526 -6695.22 -0.997019 19.9986 -12.7964 -318.041 -2769.99 1059.87 0.997019
-21.3766 13.5423 317.951 -915.445 -7019.51 -0.971476 21.2318 -12.894 -317.951 -2787.27 1079.15 0.971476
-22.4195 13.3707 317.942 -900.323 -7322.1 -0.94494 22.2529 -12.7791 -317.942 -2762.29 1091.48 0.94494
-23.5942 12.9579 318.001 -854.221 -7599.78 -0.917514 22.9964 -12.3959 -318.001 -2696.98 1099.44 0.917514
-24.8683 12.3024 318.044 -778.48 -7856.28 -0.889309 23.5632 -11.7574 -318.044 -2591.62 1097.14 0.889309
-25.9965 11.4121 318.044 -674.751 -8096.72 -0.860444 24.2801 -10.8816 -318.044 -2448.15 1078.33 0.860444
-27.403 10.324 318.052 -545.086 -8325.09 -0.831037 24.7703 -9.77123 -318.052 -2270.11 1040.36 0.831037
-28.6835 9.09206 318.107 -392.013 -8545.39 -0.801197 25.4779 -8.39959 -318.107 -2058.78 981.621 0.801197
-29.5328 7.78531 318.3 -220.07 -8754.85 -0.771031 26.6151 -6.76248 -318.3 -1818.7 912.349 0.771031
-30.3109 6.41709 318.668 -36.7044 -8940.86 -0.740644 27.5553 -4.95956 -318.668 -1558.25 857.234 0.740644
-31.034 4.95649 319.152 146.616 -9093.62 -0.710138 28.0827 -3.26186 -319.152 -1299.54 834.371 0.710138
-31.6711 3.59202 319.614 323.587 -9212.46 -0.679597 28.207 -1.56958 -319.614 -1048.7 846.095 0.679597
-32.1793 2.40519 319.911 485.23 -9305.35 -0.649064 28.1185 0.0396329 -319.911 -819.019 879.737 0.649064
-32.2741 1.24452 320.006 623.598 -9381.5 -0.618539 28.2802 1.27597 -320.006 -621.908 919.517 0.618539
-32.4845 0.263458 319.919 734.41 -9446.6 -0.587979 28.277 2.21712 -319.919 -463.692 955.201 0.587979
-32.939 -0.447124 319.755 816.055 -9506.28 -0.557323 28.0792 2.9282 -319.755 -346.364 978.602 0.557323
-33.1473 -0.886237 319.6 867.395 -9565.91 -0.526517 28.2614 3.3878 -319.6 -271.925 983.306 0.526517
-33.5197 -1.0529 319.521 887.602 -9625.12 -0.495528 28.3782 3.58268 -319.521 -241.534 973.793 0.495528
-34.0939 -0.948491 319.525 876.085 -9682.27 -0.464339 28.3239 3.50047 -319.525 -256.141 957.977 0.464339
-34.3486 -0.573523 319.571 832.666 -9736.54 -0.432939 28.5652 3.13452 -319.571 -316.423 942.649 0.432939
-34.6862 0.0616315 319.612 758.051 -9784.97 -0.401311 28.6095 2.48466 -319.612 -421.658 937.439 0.401311
-35.1565 0.936449 319.597 654.268 -9827.61 -0.369433 28.3762 1.57054 -319.597 -568.253 946.67 0.369433
-35.1914 2.042 319.489 523.774 -9867.96 -0.337276 28.4727 0.423371 -319.489 -753.045 968.389 0.337276
-35.1097 3.38165 319.31 369.751 -9905.71 -0.304807 28.5596 -0.895795 -319.31 -971.142 1005.13 0.304807
-35.0517 4.96353 319.117 195.622 -9938.83 -0.271997 28.4507 -2.30649 -319.117 -1215.85 1061.27 0.271997
-34.9576 6.80218 318.938 2.04461 -9970.19 -0.238822 28.2736 -3.77536 -318.938 -1485.19 1130.22 0.238822
-34.8336 8.82668 318.756 -211.989 -10004.2 -0.205273 28.1151 -5.38953 -318.756 -1780.43 1203.38 0.205273
-34.7109 10.8181 318.601 -445.125 -10045.3 -0.171358 28.0368 -7.3228 -318.601 -2096.61 1272.19 0.171358
-34.6364 12.8969 318.403 -695.783 -10094.8 -0.137108 28.0225 -9.44953 -318.403 -2434.58 1333.7 0.137108
-34.6838 15.0952 318.125 -957.546 -10153.3 -0.102573 28.0012 -11.627 -318.125 -2785.28 1388.08 0.102573
-34.9882 17.3397 317.806 -1224.74 -10223.8 -0.0678266 27.9014 -13.8268 -317.806 -3140.13 1429.51 0.0678266
-35.4955 19.5586 317.418 -1492.41 -10311 -0.0329796 27.8498 -16.0463 -317.418 -3493.7 1452.43 0.0329796
-35.8346 21.641 317.016 -1753.54 -10417.4 0.00181712 28.2459 -18.2769 -317.016 -3836.23 1455.51 -0.00181712
-36.4296 23.4858 316.69 -1999.04 -10540.1 0.0363694 28.5792 -20.4576 -316.69 -4154.19 1447.77 -0.0363694
-37.3067 25.1001 316.424 -2220.08 -10676.2 0.0704496 28.7301 -22.4545 -316.424 -4438.62 1439.4 -0.0704496
-37.8483 26.5837 316.21 -2407.2 -10825.8 0.103814 29.2897 -24.0131 -316.21 -4677.32 1434.26 -0.103814
-38.2954 27.7269 316.034 -2554.01 -10984.7 0.136225 29.9191 -25.2487 -316.034 -4863.48 1441.8 -0.136225
-38.6602 28.363 315.917 -2654.63 -11146 0.167463 30.4689 -26.226 -315.917 -4988.7 1474.23 -0.167463
-38.8109 28.5075 315.845 -2702.52 -11304.8 0.197336 30.9939 -26.8288 -315.845 -5045.41 1537.58 -0.197336
-38.9135 28.2829 315.797 -2691.25 -11459.5 0.22568 31.3276 -26.8331 -315.797 -5025.84 1630.25 -0.22568
-38.8689 27.507 315.769 -2616.31 -11611.5 0.252369 31.6376 -26.3458 -315.769 -4923.96 1744.1 -0.252369
-38.4387 26.1221 315.792 -2474.83 -11761.5 0.277301 32.2373 -25.3789 -315.792 -4736.26 1869.33 -0.277301
-38.1851 24.2868 315.887 -2265.18 -11906.8 0.300394 32.5846 -23.7556 -315.887 -4461.81 2000.42 -0.300394
-38.3688 21.8383 316.11 -1986.9 -12049.4 0.321575 32.5037 -21.6172 -316.11 -4098.06 2127.62 -0.321575
-38.5993 18.7549 316.385 -1641.6 -12198.8 0.340783 32.5924 -18.9939 -316.385 -3644.6 2231.32 -0.340783
-38.9034 15.2273 316.729 -1231.55 -12362.6 0.357969 33.0161 -15.7317 -316.729 -3104.28 2292.36 -0.357969
-39.4336 11.1465 317.212 -760.435 -12541.4 0.373083 33.6575 -11.9936 -317.212 -2481 2306.41 -0.373083
-40.1558 6.51675 317.953 -231.191 -12729 0.386053 34.4217 -7.77721 -317.953 -1772.09 2285.18 -0.386053
-40.9386 1.59174 318.968 349.295 -12913.6 0.396785 35.1896 -2.90404 -318.968 -981.192 2252.03 -0.396785
-41.748 -3.67896 320.331 969.589 -13091.7 0.40517 35.9598 2.40584 -320.331 -120.622 2208.39 -0.40517
-42.5102 -9.2797 321.89 1616.49 -13256.1 0.41111 36.6687 7.91483 -321.89 787.384 2166.22 -0.41111
-43.0497 -14.9943 323.403 2269.21 -13396 0.414537 37.2602 13.373 -323.403 1698.42 2147.13 -0.414537
-43.2324 -20.6262 324.743 2910.92 -13507.1 0.415424 37.8006 18.6436 -324.743 2582.68 2156.45 -0.415424
-42.9934 -25.9706 325.853 3531.03 -13581.5 0.413796 38.1915 23.7532 -325.853 3425.8 2208.98 -0.413796
-42.6168 -30.9628 326.698 4119.62 -13617.2 0.409713 38.1411 28.6129 -326.698 4216.21 2303.89 -0.409713
-41.6814 -35.697 327.287 4668.4 -13615.7 0.403279 38.1371 32.9836 -327.287 4941.9 2433.37 -0.403279
-40.5407 -40.1332 327.705 5171.32 -13580.4 0.39465 37.9633 36.7983 -327.705 5593.93 2581.68 -0.39465
-39.5552 -44.1181 327.945 5629.36 -13517.3 0.384028 37.4802 40.2763 -327.945 6180.56 2723.93 -0.384028
-38.7536 -47.6995 328.002 6044.01 -13434.7 0.371642 36.8624 43.4225 -328.002 6707.65 2839.91 -0.371642
-37.9339 -50.6885 327.944 6411.71 -13340 0.357706 36.5011 46.3666 -327.944 7170.47 2910.71 -0.357706
-37.4913 -53.1252 327.767 6727.52 -13235.9 0.342392 36.0949 49.0286 -327.767 7568.39 2925.82 -0.342392
-36.9931 -55.0182 327.498 6984.19 -13120.5 0.325821 36.0485 51.3045 -327.498 7895.27 2887.26 -0.325821
-36.1534 -56.3486 327.238 7172.01 -12981.5 0.308056 36.4076 53.0518 -327.238 8138.27 2816.37 -0.308056
-35.4933 -57.2594 327.074 7283.28 -12799.7 0.289117 36.2863 53.9989 -327.074 8287.03 2744.97 -0.289117
-35.0394 -57.5938 326.981 7314.79 -12564.7 0.269006 35.4592 54.2457 -326.981 8336.86 2690.46 -0.269006
-34.2206 -57.2758 326.806 7267.16 -12279.2 0.247753 34.5463 53.8766 -326.806 8288.29 2648.84 -0.247753
-32.8861 -56.3331 326.493 7145.16 -11949.1 0.225434 33.7921 52.9186 -326.493 8144.18 2612.62 -0.225434
-31.2826 -54.7729 326.022 6952.06 -11573.2 0.202182 32.9481 51.4104 -326.022 7907.73 2581.11 -0.202182
-29.9264 -52.5855 325.394 6689.72 -11152 0.178164 31.5064 49.4079 -325.394 7583.5 2553.46 -0.178164
-28.5648 -49.7671 324.622 6360.88 -10691.9 0.153563 29.8828 46.9464 -324.622 7173.19 2513.42 -0.153563
-27.086 -46.4174 323.694 5968.32 -10202.8 0.128556 28.3724 43.9873 -323.694 6682.6 2445.14 -0.128556
-25.5355 -42.7049 322.789 5513.75 -9688.96 0.103314 26.9677 40.3519 -322.789 6108.57 2347.5 -0.103314
-23.8071 -38.4889 322.166 5003.44 -9151.73 0.0780002 25.7505 36.2426 -322.166 5453.5 2225.36 -0.0780002
-21.9448 -33.7188 321.776 4446.29 -8585.46 0.0527724 24.5318 31.8341 -321.776 4725.87 2093.31 -0.0527724
-20.3278 -28.521 321.471 3847.54 -7981.04 0.0277624 22.7671 27.0707 -321.471 3930.33 1965.34 -0.0277624
-18.6183 -23.1327 321.083 3213.98 -7339.59 0.0030698 20.8373 21.7717 -321.083 3068.03 1836.57 -0.0030698
-16.7189 -17.5293 320.6 2557.18 -6669.74 -0.0212237 19.0248 16.1241 -320.6 2150.12 1689.72 0.0212237
-14.7432 -11.7694 320.122 1893.19 -5976.41 -0.0450446 17.1868 10.3524 -320.122 1200.16 1533.79 0.0450446
-12.7544 -6.06231 319.584 1241.39 -5262.38 -0.0683232 15.2238 4.64347 -319.584 254.234 1376.62 0.0683232
-10.879 -0.673733 319.138 624.392 -4525.5 -0.0909913 13.0195 -0.731536 -319.138 -635.208 1214.6 0.0909913
-9.14536 4.35608 318.99 48.1653 -3774.02 -0.113 10.7005 -5.73556 -318.99 -1463.29 1034.35 0.113
-7.24333 8.88784 319.133 -475.656 -3014.93 -0.134342 8.62339 -10.216 -319.133 -2200.82 836.334 0.134342
-5.12219 12.7943 319.281 -933.358 -2249.32 -0.155036 6.67668 -14.0732 -319.281 -2829.74 644.265 0.155036
-3.06572 16.0286 319.107 -1319.67 -1479.3 -0.175072 4.66166 -17.3255 -319.107 -3351.33 448.315 0.175072
-1.02335 18.4969 318.637 -1630.64 -700.439 -0.194409 2.56098 -19.988 -318.637 -3758.51 253.524 0.194409
1.08118 20.1388 318.1 -1856.98 88.9682 -0.213023 0.397832 -22.0493 -318.1 -4050.49 65.6149 0.213023
3.27917 20.9688 317.661 -1989 887.054 -0.23095 -1.81061 -23.3399 -317.661 -4215.29 -111.552 0.23095
5.52454 21.2294 317.525 -2023.02 1692.8 -0.248269 -4.06625 -23.6236 -317.525 -4257.45 -283.106 0.248269
7.73692 20.8156 317.628 -1962.74 2497.7 -0.265064 -6.26766 -22.9702 -317.628 -4168.4 -465.97 0.265064
9.91727 19.7411 317.846 -1817.06 3298.41 -0.281415 -8.40836 -21.5023 -317.846 -3958.25 -657.598 0.281415
12.0256 18.0235 318.261 -1597.13 4092.92 -0.297431 -10.45 -19.3795 -318.261 -3640.69 -866.931 0.297431
14.049 15.5483 319.22 -1307.53 4889.08 -0.313276 -12.5566 -16.8843 -319.22 -3234.65 -1080.6 0.313276
15.9687 12.5283 321.494 -954.314 5718.28 -0.32916 -14.9228 -13.9478 -321.494 -2754.27 -1305.17 0.32916
17.8701 9.15149 323.782 -551.762 6558.79 -0.345303 -17.4453 -10.593 -323.782 -2214.72 -1521.78 0.345303
20.2388 5.38074 325.333 -98.0657 7406.63 -0.361913 -19.6537 -6.80358 -325.333 -1610.35 -1724.62 0.361913
22.6169 1.32598 326.095 394.091 8249.58 -0.379152 -21.9003 -2.69772 -326.095 -960.414 -1916.27 0.379152
24.8223 -2.83718 325.929 898.115 9068.68 -0.39713 -24.233 1.51611 -325.929 -292.052 -2096.67 0.39713
27.1546 -7.0429 325.926 1411.52 9880.79 -0.415931 -26.5393 5.73255 -325.926 373.245 -2256.15 0.415931
29.6697 -11.2041 326.435 1919.61 10671.2 -0.435645 -28.5584 9.7885 -326.435 1015.18 -2408.5 0.435645
32.3002 -15.2837 327.909 2422.11 11453.2 -0.45636 -30.5254 13.5923 -327.909 1616.01 -2543.44 0.45636
34.3834 -19.2562 329.212 2906.97 12205.8 -0.478123 -32.915 17.1733 -329.212 2188.3 -2666.62 0.478123
36.4009 -22.9042 329.944 3366.17 12918 -0.500927 -35.0935 20.5804 -329.944 2716.5 -2788.52 0.500927
38.315 -26.1677 329.967 3788.24 13572.4 -0.524731 -36.9043 23.7016 -329.967 3188.04 -2918.98 0.524731
39.9414 -29.2428 329.592 4177.24 14166.6 -0.54949 -38.4651 26.4353 -329.592 3612.02 -3064.83 0.54949
41.2492 -32.0224 328.935 4524.75 14694.2 -0.57517 -39.7398 28.8167 -328.935 3986.84 -3229.03 0.57517
42.2837 -34.3059 328.41 4831.98 15161.6 -0.601759 -40.7944 31.0554 -328.41 4312.51 -3402.21 0.601759
43.1477 -36.3363 328.198 5094.64 15577.6 -0.629271 -41.6628 32.879 -328.198 4589.25 -3573.99 0.629271
43.8789 -38.1764 328.091 5313.91 15944 -0.657735 -42.4068 34.2398 -328.091 4817.98 -3732.24 0.657735
44.5765 -39.6753 328.057 5493.3 16270.6 -0.687173 -43.0967 35.3313 -328.057 5001.14 -3863.25 0.687173
45.204 -40.5471 327.674 5631.02 16547.5 -0.717574 -43.7207 36.4266 -327.674 5138.7 -3964.01 0.717574
45.7569 -40.9313 326.882 5719.57 16771.3 -0.74888 -44.2496 37.2901 -326.882 5224.75 -4035.83 0.74888
46.1798 -40.9385 325.866 5750.67 16940.1 -0.781004 -44.6796 37.6901 -325.866 5250.62 -4084.93 0.781004
46.4247 -40.7129 324.871 5718.22 17051.1 -0.813846 -44.9753 37.3872 -324.871 5209.07 -4120.22 0.813846
46.4589 -40.0084 324.043 5621.37 17101.1 -0.847309 -45.0889 36.6129 -324.043 5098.91 -4149.72 0.847309
46.3747 -38.7148 323.368 5460.92 17088.3 -0.881298 -44.8901 35.4924 -323.368 4921.45 -4176.7 0.881298
46.3198 -36.8403 322.747 5237.74 17016 -0.915717 -44.2892 34.0184 -322.747 4675.96 -4196.59 0.915717
46.2298 -34.462 322.034 4953.18 16894.4 -0.950468 -43.511 32.1207 -322.034 4362.04 -4197.13 0.950468
45.5811 -31.7873 321.171 4607.85 16732.3 -0.985441 -43.1994 29.5944 -321.171 3979.43 -4170.31 0.985441
44.9596 -28.5958 320.215 4204.41 16529.5 -1.02052 -42.7457 26.724 -320.215 3534.41 -4119.04 1.02052
44.3546 -24.9167 319.393 3749.15 16283.5 -1.05554 -42.0394 23.5058 -319.393 3024.33 -4057.81 1.05554
43.5983 -20.9766 318.692 3244.67 15992.6 -1.09034 -41.2026 19.7686 -318.692 2454.32 -3991.11 1.09034
42.7278 -16.6498 318.135 2699.95 15663.8 -1.1247 -40.2912 15.8074 -318.135 1839.09 -3913.1 1.1247
41.7759 -12.1083 317.696 2133.2 15303.5 -1.1584 -39.3473 11.6725 -317.696 1191.52 -3819.62 1.1584
40.738 -7.55344 317.197 1543.84 14909.2 -1.1912 -38.3528 7.06825 -317.197 499.038 -3711.51 1.1912
39.6076 -2.9087 316.488 951.275 14478.8 -1.22283 -37.2917 2.42053 -316.488 -208.88 -3589.72 1.22283
38.4528 1.78035 315.475 368.902 14015.8 -1.25299 -36.108 -2.03917 -315.475 -906.865 -3456.17 1.25299
37.4387 6.36898 314.573 -183.932 13532.5 -1.2814 -34.7434 -6.18072 -314.573 -1575.82 -3308.06 1.2814
36.5587 10.6744 313.877 -696.668 13033.8 -1.30776 -33.2486 -10.0535 -313.877 -2207.62 -3143.96 1.30776
35.4689 14.3971 313.44 -1164.16 12530.9 -1.33173 -32.0396 -13.8262 -313.44 -2789.13 -2965.1 1.33173
34.1708 17.7664 313.182 -1584.06 12019.7 -1.35302 -31.0678 -17.2664 -313.182 -3322.25 -2773.96 1.35302
33.0012 20.7422 312.779 -1940.46 11488.4 -1.37135 -29.8181 -20.1407 -312.779 -3784.59 -2583.67 1.37135
32.0242 23.2993 312.236 -2233.26 10937.9 -1.38643 -28.2013 -22.4166 -312.236 -4168.16 -2398.74 1.38643
31.1106 25.3866 311.905 -2456.87 10390.6 -1.39803 -26.5519 -24.0927 -311.905 -4471.26 -2212.65 1.39803
29.7319 26.9113 311.743 -2617.14 9854.21 -1.40595 -25.5009 -25.3637 -311.743 -4702.27 -2018.82 1.40595
28.4605 27.9338 311.702 -2720.14 9325.22 -1.41002 -24.4112 -26.2283 -311.702 -4863.37 -1822.78 1.41002
27.2599 28.5961 311.52 -2766.09 8787.47 -1.41015 -23.1097 -26.5394 -311.52 -4953.64 -1637.77 1.41015
25.9961 28.8862 311.462 -2764.44 8248 -1.40623 -21.7724 -26.4268 -311.462 -4980.1 -1464.85 1.40623
24.6809 28.6035 311.78 -2714.73 7714.43 -1.39826 -20.4244 -26.1217 -311.78 -4947.53 -1306.4 1.39826
23.3081 28.0477 312.172 -2622.58 7184.57 -1.38627 -19.0686 -25.4104 -312.172 -4862.33 -1160.78 1.38627
22.0007 27.3392 312.718 -2495.94 6669.02 -1.37033 -17.7665 -24.283 -312.718 -4732 -1012.79 1.37033
20.7146 26.3974 313.215 -2341.2 6163.26 -1.35059 -16.4847 -22.9134 -313.215 -4563.22 -868.774 1.35059
19.4458 25.0464 313.571 -2165.07 5666.12 -1.32722 -15.2166 -21.5723 -313.571 -4362.53 -729.081 1.32722
18.2099 23.5523 314.265 -1977.34 5188.47 -1.30042 -13.9947 -20.1185 -314.265 -4137.66 -597.685 1.30042
17.0121 21.9804 315.023 -1777.78 4728.19 -1.27043 -12.7919 -18.4999 -315.023 -3890.62 -475.631 1.27043
15.8836 20.3039 315.597 -1566.97 4281.01 -1.23747 -11.6172 -16.769 -315.597 -3624.51 -353.071 1.23747
14.7994 18.5139 315.856 -1349.3 3843.92 -1.20183 -10.4762 -14.9884 -315.856 -3342.41 -229.721 1.20183
13.7012 16.5766 316.011 -1128.36 3420.71 -1.16375 -9.48775 -13.2435 -316.011 -3047.97 -100.859 1.16375
12.3986 14.4977 316.256 -905.998 3006.02 -1.12352 -8.679 -11.5758 -316.256 -2745.96 16.1013 1.12352
10.959 12.3702 316.568 -680.302 2591.81 -1.08141 -7.84742 -9.87564 -316.568 -2435.92 110.322 1.08141
9.82279 10.4197 316.988 -451.243 2174.61 -1.03773 -6.48468 -7.91173 -316.988 -2117.13 175.74 1.03773
8.31097 8.48725 317.504 -223.07 1758.84 -0.99279 -5.35229 -5.92169 -317.504 -1796.32 219.492 0.99279
6.56147 6.57834 318.09 -2.29355 1346.81 -0.946938 -4.4005 -4.00441 -318.09 -1481.6 251.571 0.946938
5.30582 4.79035 318.636 205.524 938.332 -0.900508 -2.89869 -2.18921 -318.636 -1185.13 272.273 0.900508
4.04631 3.17576 319.075 393.814 541.185 -0.85383 -1.49817 -0.5477 -319.075 -917.714 295.29 0.85383
2.82597 1.77505 319.421 556.343 164.22 -0.807236 -0.318363 0.84006 -319.421 -689.974 334.506 0.807236
1.79714 0.550766 319.704 690.684 -189.416 -0.761061 0.700707 1.89878 -319.704 -504.788 399.704 0.761061
0.842866 -0.513147 319.895 795.265 -520.747 -0.715617 1.52275 2.59353 -319.895 -363.226 480.628 0.715617
-0.21244 -1.37217 319.984 872.221 -837.439 -0.671173 2.09774 3.01521 -319.984 -260.929 567.388 0.671173
-1.38776 -1.83258 320.016 924.938 -1151.98 -0.627951 2.6729 3.4341 -320.016 -190.579 635.243 0.627951
-2.31444 -1.81204 319.998 951.11 -1473.28 -0.58614 3.82186 3.89124 -319.998 -155.644 664.443 0.58614
-3.70338 -1.43319 319.97 945.059 -1801.06 -0.545934 4.83053 4.15872 -319.97 -165.182 655.161 0.545934
-5.42729 -0.822328 319.924 898.6 -2134.03 -0.507561 5.78861 3.96508 -319.924 -231.322 611.363 0.507561
-6.70393 0.244106 319.836 805.502 -2467.88 -0.471288 7.36895 3.42303 -319.836 -363.346 544.027 0.471288
-7.97574 1.66457 319.721 661.015 -2789.44 -0.437399 8.84655 2.33715 -319.721 -569.642 479.514 0.437399
-9.25945 3.5386 319.588 464.288 -3086.08 -0.406167 9.93774 0.785305 -319.588 -852.39 442.518 0.406167
-10.5611 5.71746 319.361 216.341 -3356.02 -0.377808 10.6253 -1.36512 -319.361 -1210.35 432.817 0.377808
-11.8058 8.36244 319.069 -76.4047 -3608.42 -0.352464 11.165 -3.82205 -319.069 -1631.65 434.303 0.352464
-12.5159 11.4922 318.678 -408.929 -3851.95 -0.330204 12.2177 -6.44828 -318.678 -2104.72 429.981 0.330204
-13.3003 14.8929 318.279 -777.231 -4085.57 -0.311046 13.1819 -9.35114 -318.279 -2618.66 417.808 0.311046
-14.2096 18.2628 317.866 -1176.68 -4306.97 -0.294965 13.9837 -12.7462 -317.866 -3166.07 398.756 0.294965
-15.1052 21.672 317.422 -1598.27 -4516.62 -0.281913 14.8058 -16.4031 -317.422 -3733.49 367.094 0.281913
-15.9407 25.0536 316.956 -2029.56 -4711.33 -0.271836 15.6064 -20.1757 -316.956 -4303.55 332.014 0.271836
-16.686 28.3065 316.527 -2454.92 -4887.87 -0.264673 16.374 -23.8744 -316.527 -4851.23 296.096 0.264673
-17.3444 31.5562 316.012 -2862.44 -5043.14 -0.260323 17.0378 -27.2348 -316.012 -5368.94 265.66 0.260323
-17.9134 34.4584 315.336 -3240.55 -5177.4 -0.258628 17.6164 -30.4359 -315.336 -5845.12 238.728 0.258628
-18.4404 36.951 314.562 -3578.81 -5292.83 -0.259377 18.1324 -33.3787 -314.562 -6267.66 207.693 0.259377
-18.8941 39.1581 313.799 -3867.35 -5388.24 -0.262335 18.59 -35.7895 -313.799 -6625.49 175.166 0.262335
-19.2907 40.7796 313.165 -4097.05 -5463.69 -0.267269 18.9805 -37.8223 -313.165 -6907.29 140.174 0.267269
-19.6029 41.8311 312.641 -4260.59 -5517.95 -0.273943 19.3032 -39.3716 -312.641 -7107.77 105.397 0.273943
-19.8399 42.5512 312.22 -4351.31 -5550.25 -0.282099 19.5364 -40.1 -312.22 -7219.79 71.8156 0.282099
-19.9886 42.7793 311.914 -4367.98 -5560.16 -0.291453 19.6871 -40.1487 -311.914 -7241.84 39.8646 0.291453
-20.0661 42.5482 311.743 -4314.75 -5547.87 -0.3017 19.7434 -39.5515 -311.743 -7179.11 8.98382 0.3017
-20.0558 41.8823 311.728 -4199.25 -5514.05 -0.312519 19.7365 -38.4018 -311.728 -7040.46 -22.1761 0.312519
-19.9619 40.6409 311.862 -4030.7 -5459.26 -0.323593 19.6759 -36.9865 -311.862 -6837.12 -54.9605 0.323593
-19.7901 38.7784 312.157 -3815.25 -5384.1 -0.334623 19.5765 -35.4272 -312.157 -6573.6 -91.6802 0.334623
-19.6349 36.3592 312.541 -3554.38 -5288.46 -0.345333 19.3451 -33.6746 -312.541 -6250.53 -132.611 0.345333
-19.6269 33.4598 312.926 -3245.83 -5174 -0.355481 18.8712 -31.6149 -312.926 -5864.93 -178.928 0.355481
-19.7545 30.3622 313.303 -2885.66 -5046.97 -0.364856 18.26 -28.8952 -313.303 -5410.83 -237.469 0.364856
-19.6132 27.1044 313.764 -2476.37 -4912.31 -0.373266 17.9714 -25.5118 -313.764 -4890.55 -311.064 0.373266
-19.7681 23.4429 314.404 -2024.57 -4772.57 -0.380537 17.4822 -21.7664 -314.404 -4305.61 -403.01 0.380537
-19.7903 19.356 315.416 -1537.6 -4628.37 -0.38651 17.1844 -17.7047 -315.416 -3652.09 -507.535 0.38651
-19.9072 14.9863 316.605 -1027.36 -4477.59 -0.391053 16.7693 -13.4097 -316.605 -2949.63 -615.423 0.391053
-19.5046 10.4213 317.771 -501.933 -4312.54 -0.394045 16.6344 -8.92431 -317.771 -2208.39 -704.086 0.394045
-18.9983 5.82091 318.785 27.2396 -4123.95 -0.395377 16.1277 -4.33354 -318.785 -1451.21 -749.794 0.395377
-18.5619 1.35736 319.606 546.445 -3910.46 -0.394946 15.0185 0.268154 -319.606 -701.702 -745.935 0.394946
-17.9809 -2.77415 320.379 1038.88 -3684.62 -0.392648 13.7427 4.72886 -320.379 8.38853 -710.908 0.392648
-16.8091 -6.51529 321.185 1491.03 -3458.05 -0.388358 12.9184 8.87302 -321.185 659.833 -657.157 0.388358
-15.6331 -9.9292 321.971 1891.91 -3231.91 -0.381942 11.968 12.4972 -321.971 1243.96 -584.809 0.381942
-14.7235 -12.8619 322.516 2224.91 -3012.23 -0.373263 10.7651 15.3944 -322.516 1726.89 -508.011 0.373263
-14.0861 -15.1499 322.779 2484.64 -2809.29 -0.362199 9.50118 17.6475 -322.779 2102.71 -444.087 0.362199
-13.5742 -16.7449 322.825 2666.86 -2632.27 -0.348663 8.45697 19.2281 -322.825 2364.96 -402.628 0.348663
-12.8399 -17.6549 322.72 2769.74 -2483.54 -0.332601 7.99299 20.1155 -322.72 2513.63 -383.038 0.332601
-12.274 -17.8664 322.561 2792.77 -2354.72 -0.313986 7.51888 20.3204 -322.561 2548.87 -365.77 0.313986
-11.6576 -17.3397 322.4 2735.97 -2235.11 -0.292815 7.00494 19.8728 -322.4 2469.31 -326.782 0.292815
-10.7185 -16.0301 322.209 2599.77 -2116.07 -0.269116 6.52324 18.8146 -322.209 2274.11 -246.707 0.269116
-9.59199 -13.9211 321.979 2382.77 -1991.34 -0.242942 5.81792 17.1206 -321.979 1958.85 -114.946 0.242942
-8.57271 -11.1423 321.655 2085.37 -1863.26 -0.214357 4.65498 14.6657 -321.655 1523.77 62.3469 0.214357
-7.20765 -7.84727 321.18 1710.28 -1741.99 -0.183418 3.70404 11.3258 -321.18 970.286 265.037 0.183418
-5.72743 -3.98456 320.55 1269.42 -1635.93 -0.150174 2.93689 7.40004 -320.55 321.131 473.222 0.150174
-4.54783 0.339029 319.873 777.454 -1549.19 -0.114684 2.05939 3.08208 -319.873 -396.325 674.029 0.114684
-3.42314 5.02164 319.268 244.898 -1486.62 -0.0770307 1.46092 -1.56122 -319.268 -1168.97 852.238 0.0770307
-2.6263 9.89681 318.761 -312.981 -1451.98 -0.0373317 0.990205 -6.37063 -318.761 -1966.51 994.632 0.0373317
-1.91059 14.7877 318.3 -881.117 -1442.89 0.00425841 0.890864 -11.2251 -318.3 -2762.34 1099.25 -0.00425841
-1.44983 19.4896 317.922 -1443.38 -1449.45 0.0475227 0.81849 -15.9918 -317.922 -3525.36 1180.08 -0.0475227
-0.946281 23.9333 317.362 -1991.98 -1456.18 0.0921706 0.716491 -20.688 -317.362 -4256.04 1271.14 -0.0921706
-0.666288 27.9607 316.751 -2509.19 -1459.33 0.137866 0.266472 -25.1343 -316.751 -4924.9 1376.01 -0.137866
-0.241752 31.6411 315.97 -2982.62 -1459.79 0.18427 -0.170136 -29.1457 -315.97 -5528.12 1496.47 -0.18427
0.280784 35.032 315.077 -3399.76 -1462.58 0.231071 -0.533685 -32.498 -315.077 -6054.83 1622.7 -0.231071
0.586172 37.8858 314.236 -3751.67 -1473.85 0.277972 -0.994141 -35.2969 -314.236 -6494.13 1740.58 -0.277972
0.561232 40.1272 313.535 -4032.83 -1501.99 0.324668 -1.52256 -37.5439 -313.535 -6841.22 1838.61 -0.324668
0.338209 41.747 313.006 -4238.63 -1557.11 0.37083 -1.80537 -39.188 -313.006 -7092.28 1901.55 -0.37083
0.278546 42.7409 312.562 -4365.78 -1642.55 0.416095 -1.44636 -40.2126 -312.562 -7247.65 1927.85 -0.416095
-0.0478226 43.0979 312.217 -4411.25 -1751.65 0.460065 -1.01514 -40.58 -312.217 -7303.57 1930.37 -0.460065
-0.538788 42.8175 312.023 -4374.43 -1875.29 0.502319 -0.60436 -40.2822 -312.023 -7259.44 1927.23 -0.502319
-1.02476 41.9059 311.987 -4256.5 -2007.08 0.542432 -0.174997 -39.3291 -311.987 -7116.32 1930.31 -0.542432
-1.46251 40.3627 312.121 -4060.31 -2142.99 0.580011 0.23701 -37.7629 -312.121 -6877.26 1946.64 -0.580011
-1.87634 38.179 312.438 -3789.88 -2283.13 0.614706 0.601114 -35.6485 -312.438 -6546.05 1977.22 -0.614706
-2.26874 35.3418 312.905 -3449.83 -2429.3 0.646216 0.969441 -33.0534 -312.905 -6125.72 2016.19 -0.646216
-2.57817 31.8862 313.469 -3044.32 -2584.39 0.674278 1.47321 -29.9991 -313.469 -5620.02 2056.71 -0.674278
-2.73921 27.9481 314.097 -2576.72 -2748 0.698648 2.21225 -26.3833 -314.097 -5030.28 2093.56 -0.698648
-2.971 23.6728 314.848 -2052.97 -2916.43 0.719093 2.91972 -22.1247 -314.848 -4359.53 2129.75 -0.719093
-3.58943 18.827 316.012 -1478.76 -3087.03 0.735393 3.24494 -17.4293 -316.012 -3598.31 2167.54 -0.735393
-4.23307 13.4974 317.247 -867.553 -3268.04 0.747368 3.76783 -12.4784 -317.247 -2770.62 2184.55 -0.747368
-4.98943 7.90603 318.428 -229.949 -3467.43 0.754869 4.62033 -7.27043 -318.428 -1896.72 2158.1 -0.754869
-5.99178 2.08688 319.838 432.421 -3683.51 0.757744 5.67797 -1.67055 -319.838 -960.904 2085.28 -0.757744
-7.15342 -3.99727 321.214 1105.03 -3908.88 0.755815 6.89093 3.97321 -321.214 7.87438 1977.76 -0.755815
-8.32724 -10.1751 322.391 1776.44 -4129.55 0.74889 8.09099 9.58387 -322.391 986.327 1865.64 -0.74889
-9.4159 -16.0961 323.372 2430.52 -4335.13 0.736774 9.15558 15.1239 -323.372 1936.28 1769.31 -0.736774
-10.4524 -21.7202 324.217 3056.66 -4520.79 0.719309 9.95051 20.3785 -324.217 2832.73 1698.08 -0.719309
-11.4332 -26.8768 325.09 3645.19 -4690.45 0.696416 10.5609 25.3195 -325.09 3657.5 1644.49 -0.696416
-12.0956 -31.7023 325.894 4190.42 -4847.94 0.668119 11.3126 29.7642 -325.894 4409.82 1603.51 -0.668119
-12.3418 -36.0522 326.595 4686.24 -4993.47 0.634513 12.3419 33.7451 -326.595 5080.11 1569.98 -0.634513
-13.0134 -39.7692 327.07 5129.89 -5125.7 0.595746 12.8289 37.437 -327.07 5673.51 1539.57 -0.595746
-13.6835 -42.9431 327.339 5512.94 -5248.55 0.552005 13.3046 40.6131 -327.339 6179.32 1501.61 -0.552005
-14.3112 -45.5451 327.378 5829.76 -5368.6 0.503506 13.9629 43.2482 -327.378 6595.59 1441.3 -0.503506
-15.0406 -47.4651 327.253 6073.67 -5486.79 0.450475 14.6887 45.3565 -327.253 6915.53 1355.53 -0.450475
-15.8404 -48.6347 327.037 6237.4 -5600.6 0.393145 15.4654 46.9005 -327.037 7131.64 1248.51 -0.393145
-16.5813 -49.0844 326.769 6313.97 -5705.8 0.331759 16.3445 47.7464 -326.769 7236.41 1126.87 -0.331759
-17.0489 -48.8632 326.469 6297.44 -5793.92 0.26657 17.3837 47.7467 -326.469 7221.99 1004.08 -0.26657
-17.2756 -47.7769 326.13 6184.59 -5852.6 0.197853 18.3284 47.0378 -326.13 7083.5 898.884 -0.197853
-17.5029 -45.9064 325.714 5973.77 -5872.31 0.125918 18.7822 45.5046 -325.714 6817.85 823.4 -0.125918
-17.5234 -43.3959 325.172 5665.85 -5852.24 0.0511178 18.9729 43.0061 -325.172 6424.58 773.993 -0.0511178
-17.4743 -40.1088 324.534 5265.47 -5798.32 -0.0261455 18.9122 39.7193 -324.534 5904.73 735.797 0.0261455
-17.0596 -36.1097 323.814 4780.95 -5716.88 -0.105429 19.0582 35.7016 -323.814 5267.05 692.454 0.105429
-16.4611 -31.5429 323.02 4223.55 -5608.13 -0.186262 19.2793 30.9713 -323.02 4523.1 637.177 0.186262
-16.023 -26.4809 322.319 3604.42 -5468.78 -0.268163 19.2185 25.5692 -322.319 3677.57 568.476 0.268163
-15.6251 -20.9397 321.851 2938.62 -5300.14 -0.350666 19.0651 19.6564 -321.851 2740.25 478.078 0.350666
-15.4644 -15.0514 321.366 2249.26 -5105.02 -0.433337 18.7079 13.5585 -321.366 1752.04 356.722 0.433337
-15.4104 -9.03003 320.701 1555.62 -4886.63 -0.515783 18.3595 7.41692 -320.701 743.406 196.153 0.515783
-15.4891 -3.21741 320.043 886.693 -4645.03 -0.597659 17.9696 1.53418 -320.043 -224.502 -0.177931 0.597659
-15.3943 2.39593 319.662 250.835 -4379.37 -0.678668 17.706 -3.90647 -319.662 -1135.73 -213.776 0.678668
-15.0008 7.54487 319.456 -338.784 -4085.91 -0.758543 17.5843 -8.89432 -319.456 -1964.84 -433.05 0.758543
-14.7318 11.8939 319.079 -867.567 -3757.79 -0.836994 17.0711 -13.5536 -319.079 -2696.87 -649.46 0.836994
-14.5092 15.507 318.491 -1323.61 -3392.94 -0.913701 16.1459 -17.6365 -318.491 -3318 -851.348 0.913701
-13.9653 18.4799 317.68 -1696.1 -2998.53 -0.988343 15.2664 -20.8611 -317.68 -3812.94 -1044.17 0.988343
-12.959 20.8061 316.959 -1976.25 -2573.65 -1.06064 14.524 -23.1394 -316.959 -4177.27 -1221.82 1.06064
-11.8628 22.347 316.525 -2163.34 -2115.06 -1.13037 13.5118 -24.6255 -316.525 -4413.86 -1382.71 1.13037
-10.654 23.0643 316.292 -2254.77 -1623.24 -1.1973 12.2254 -25.3404 -316.292 -4522.9 -1522.6 1.1973
-9.31249 22.9753 316.341 -2249.54 -1103.28 -1.26114 10.8006 -25.2698 -316.341 -4505.8 -1652.56 1.26114
-7.88305 22.0953 316.596 -2150.06 -561.144 -1.32159 9.29624 -24.4197 -316.596 -4363.14 -1781.12 1.32159
-6.37761 20.4541 316.97 -1958.47 -0.998018 -1.37836 7.81418 -22.7983 -316.97 -4098.1 -1920.06 1.37836
-4.72255 18.0807 317.43 -1679.28 575.506 -1.43117 6.46371 -20.4248 -317.43 -3712.93 -2072.71 1.43117
-2.84004 15.0427 317.969 -1321.33 1173.66 -1.47984 5.16508 -17.3561 -317.969 -3216.18 -2222.34 1.47984
-0.969291 11.4182 318.513 -894.936 1800.14 -1.52422 3.50818 -13.685 -318.513 -2621.48 -2351.73 1.52422
0.85997 7.27426 319.302 -411.037 2457.87 -1.56419 1.40569 -9.52614 -319.302 -1943.34 -2455.71 1.56419
3.09089 2.58402 320.38 126.229 3142.08 -1.59964 -0.612313 -4.941 -320.38 -1182.45 -2541.65 1.59964
5.76181 -2.60321 322.175 719.993 3863.6 -1.63049 -2.59407 -0.0545087 -322.175 -366.352 -2608.16 1.63049
8.48448 -8.13055 324.421 1353.77 4628.4 -1.65663 -4.94867 5.03628 -324.421 485.93 -2658.35 1.65663
11.1011 -13.6518 326.76 2010.27 5427.75 -1.67795 -7.74864 10.3016 -326.76 1339.11 -2695.51 1.67795
13.9366 -19.1174 329.165 2690.32 6271.03 -1.69435 -10.6792 15.806 -329.165 2194.43 -2727.62 1.69435
16.6605 -24.4972 330.866 3364.32 7125.4 -1.70576 -13.6645 21.2312 -330.866 3032.74 -2778.95 1.70576
19.1196 -29.6011 331.899 4013.76 7970.65 -1.71217 -16.6707 26.3502 -331.899 3814.18 -2855.46 1.71217
21.7929 -34.5106 333.303 4659.13 8827.41 -1.71363 -19.3206 31.2753 -333.303 4545.34 -2963.27 1.71363
24.71 -39.0145 334.121 5258.78 9667.66 -1.71024 -21.3831 35.7664 -334.121 5204.68 -3102.85 1.71024
27.2751 -43.0526 334.114 5797.25 10489.6 -1.70217 -23.6238 39.7015 -334.114 5782.22 -3248.76 1.70217
29.5985 -46.6655 334.078 6277.21 11317.1 -1.68962 -26.3084 43.0439 -334.078 6275.73 -3372.11 1.68962
32.2028 -49.8403 334.247 6700.38 12155.9 -1.67286 -29.0102 45.8173 -334.247 6685.06 -3465.01 1.67286
34.9785 -52.3207 334.097 7039.4 12987.4 -1.65212 -31.6885 48.0124 -334.097 7000.4 -3530.17 1.65212
37.7434 -54.1058 333.483 7294.59 13796.6 -1.62758 -34.4058 49.659 -333.483 7225.46 -3569.49 1.62758
40.4393 -55.3614 332.747 7467.29 14580.9 -1.59939 -37.1567 50.6068 -332.747 7361.05 -3589.03 1.59939
43.0848 -56.0503 332.101 7561.95 15334.2 -1.56773 -39.8268 50.9443 -332.101 7409.94 -3596.02 1.56773
45.7735 -56.0726 331.596 7580.31 16050 -1.53284 -42.2259 50.8137 -331.596 7376.33 -3597.53 1.53284
48.5605 -55.4714 331.317 7523.48 16734.5 -1.49494 -44.3603 50.2091 -331.317 7264.3 -3591.1 1.49494
51.0682 -54.3162 330.832 7393.31 17377.8 -1.4543 -46.5763 49.0971 -330.832 7077.03 -3571.49 1.4543
53.0566 -52.5756 330.194 7187.97 17978.4 -1.41122 -49.0635 47.5153 -330.194 6817.27 -3544 1.41122
54.7134 -50.278 329.185 6916.68 18513.3 -1.366 -51.3559 45.5374 -329.185 6490.05 -3524.94 1.366
56.1052 -47.4911 328.008 6581.33 18967.5 -1.31899 -53.1505 43.1047 -328.008 6094.76 -3532.15 1.31899
57.1733 -44.303 326.981 6182.6 19340.7 -1.27059 -54.5004 40.1779 -326.981 5637.55 -3566.02 1.27059
57.7533 -40.7156 326.004 5732.16 19627.9 -1.22119 -55.5854 36.8719 -326.004 5123.14 -3619.57 1.22119
58.0133 -36.7509 324.854 5234.98 19827.8 -1.17121 -56.2981 33.231 -324.854 4555.8 -3682.9 1.17121
58.1406 -32.5465 323.6 4698.64 19950.9 -1.12111 -56.6794 29.268 -323.6 3949.01 -3734.8 1.12111
58.3746 -28.1579 322.254 4139.99 20004.6 -1.07135 -56.6894 25.1804 -322.254 3321.31 -3754.65 1.07135
58.4319 -23.4967 320.882 3557.42 19997 -1.02236 -56.742 20.9515 -320.882 2659.65 -3732.36 1.02236
58.2847 -18.9041 319.561 2968.98 19935.5 -0.974498 -57.0091 16.5814 -319.561 1993.68 -3654.95 0.974498
57.9409 -14.4567 318.231 2382.35 19807.7 -0.928051 -57.298 12.1013 -318.231 1330.87 -3536.15 0.928051
57.5883 -10.0426 316.937 1804.05 19596.9 -0.883252 -57.1255 7.65883 -316.937 669.673 -3400.38 0.883252
57.1369 -5.76312 315.822 1250.04 19295.8 -0.840292 -56.4196 3.3843 -315.822 26.5837 -3262.9 0.840292
56.2567 -1.78623 314.884 738.87 18906.2 -0.79935 -55.5045 -0.571225 -314.884 -572.347 -3126.49 0.79935
55.0046 1.74629 314.058 287.805 18433.8 -0.760594 -54.3233 -4.06633 -314.058 -1104.76 -2996.7 0.760594
53.4475 4.76829 313.241 -96.6536 17878.6 -0.72419 -52.8146 -7.04416 -313.241 -1559.94 -2872.97 0.72419
51.549 7.24473 312.099 -413.42 17234.1 -0.690282 -50.9522 -9.50288 -312.099 -1933.81 -2757.47 0.690282
49.3364 9.07536 310.821 -654.037 16509.3 -0.658985 -48.7932 -11.4096 -310.821 -2216.17 -2647.44 0.658985
47.0036 10.1845 309.992 -811.659 15730.9 -0.630378 -46.4175 -12.7599 -309.992 -2402.72 -2530.95 0.630378
44.7198 10.5346 309.501 -878.058 14904.9 -0.604503 -43.7759 -13.4902 -309.501 -2487.46 -2397.35 0.604503
42.5656 10.1977 309.435 -846.902 14050.8 -0.581354 -41.0147 -13.4408 -309.435 -2464.54 -2234.36 0.581354
40.2756 9.25528 309.776 -721.597 13188.3 -0.560857 -38.6536 -12.5574 -309.776 -2334.28 -2025.9 0.560857
37.9913 7.67201 310.582 -510.658 12325.7 -0.542857 -36.5972 -10.9673 -310.582 -2101.05 -1774.03 0.542857
35.7572 5.35397 311.292 -213.871 11433.9 -0.527124 -34.3803 -8.68501 -311.292 -1753.98 -1508.68 0.527124
33.5278 2.4175 312.53 150.548 10531.4 -0.51339 -32.0723 -5.76239 -312.53 -1298.36 -1244.59 0.51339
31.211 -1.05159 314.284 578.599 9622.32 -0.501382 -29.675 -2.17103 -314.284 -738.261 -998.772 0.501382
28.6842 -4.9185 316.03 1059.17 8693.11 -0.490834 -27.0797 2.03053 -316.03 -89.602 -790.027 0.490834
25.8148 -9.04737 317.81 1562.57 7742.33 -0.481509 -24.2612 6.59582 -317.81 623.807 -639.005 0.481509
22.5637 -13.522 319.235 2080.4 6767.16 -0.47324 -21.3889 11.2329 -319.235 1381.23 -524.759 0.47324
19.0309 -18.0754 321.06 2590.19 5787.85 -0.465917 -18.4669 15.7278 -321.06 2137.85 -452.733 0.465917
15.7865 -22.5343 322.726 3093.39 4812.11 -0.459423 -15.2561 20.1341 -322.726 2875.47 -384.558 0.459423
12.743 -26.7415 323.704 3575.37 3836.54 -0.453622 -11.9196 24.3181 -323.704 3568 -306.322 0.453622
9.6545 -30.6339 324.366 4029.15 2874.9 -0.448375 -8.86547 28.2405 -324.366 4208.08 -208.973 0.448375
6.51438 -34.1404 324.785 4445.26 1927.86 -0.443545 -6.18369 31.8922 -324.785 4793.93 -81.4823 0.443545
3.35326 -37.1301 325.068 4815.41 992.89 -0.438991 -3.69649 35.1921 -325.068 5304.18 58.1602 0.438991
0.578654 -39.6133 325.683 5137.17 67.4124 -0.434554 -0.992953 38.0591 -325.683 5731.34 212.14 0.434554
-2.01726 -41.6574 326.437 5394.61 -856.591 -0.430052 1.84934 40.2645 -326.437 6068.77 370.23 0.430052
-4.73329 -43.1446 327.294 5581.45 -1777.41 -0.425268 4.56558 41.8373 -327.294 6310.28 525.978 0.425268
-7.54448 -43.8857 328.057 5689.43 -2698.61 -0.419978 7.2779 42.8691 -328.057 6450.49 669.341 0.419978
-10.4027 -43.8982 328.508 5717.06 -3624.27 -0.413994 10.0996 43.2779 -328.508 6481.84 795.293 0.413994
-13.2349 -43.3125 328.594 5656.82 -4543.5 -0.407176 12.9805 42.8523 -328.594 6400.54 910.214 0.407176
-16.0685 -42.0512 328.324 5508.17 -5448.65 -0.399425 15.8433 41.6628 -328.324 6206.13 1013.45 0.399425
-18.9544 -39.9419 327.792 5274.38 -6337.37 -0.39065 18.5322 39.8749 -327.792 5894.39 1117.35 0.39065
-21.9413 -37.0114 327.215 4957.18 -7215.29 -0.380752 21.0161 37.4913 -327.215 5467.74 1225.17 0.380752
-24.8474 -33.3921 326.671 4555.16 -8077.3 -0.369615 23.5647 34.3369 -326.671 4921.63 1319.47 0.369615
-27.5591 -29.0999 326.002 4071.31 -8923.26 -0.357117 26.3514 30.4284 -326.002 4257.62 1391.74 0.357117
-30.2484 -24.1651 325.338 3506.06 -9750.64 -0.343169 29.1635 25.7682 -325.338 3479.85 1445.24 0.343169
-32.9205 -18.524 324.741 2864.33 -10551.9 -0.327733 31.8147 20.4298 -324.741 2584.84 1497.69 0.327733
-35.482 -12.1939 324.017 2156.01 -11316.6 -0.310812 34.3252 14.5259 -324.017 1580.9 1548.92 0.310812
-37.9045 -5.54483 323.089 1397.64 -12037.6 -0.292419 36.6725 8.05584 -323.089 503.126 1599.05 0.292419
-40.2509 1.16498 322.29 612.175 -12716.9 -0.272555 38.8553 1.31994 -322.29 -593.275 1641.27 0.272555
-42.4189 7.85192 321.556 -179.595 -13350.4 -0.2512 40.9057 -5.37469 -321.556 -1674.44 1681.54 0.2512
-44.2258 14.3304 320.882 -958.221 -13934.6 -0.228337 42.9925 -11.8292 -320.882 -2706.04 1718.07 0.228337
-45.8695 20.5682 320.194 -1713.38 -14461.7 -0.203975 44.7887 -18.0369 -320.194 -3692.88 1761.3 0.203975
-47.3262 26.3759 319.47 -2429.22 -14924.7 -0.178153 46.1262 -23.8265 -319.47 -4600.36 1831.02 0.178153
-48.4065 31.737 318.648 -3101.52 -15326.4 -0.1509 47.1636 -29.2008 -318.648 -5430.76 1934.31 0.1509
-49.2151 36.5521 317.793 -3719.46 -15674.5 -0.12221 47.9943 -34.0601 -317.793 -6166.97 2051.22 0.12221
-49.811 40.7361 316.612 -4262.49 -15964.9 -0.0920693 48.6172 -38.2887 -316.612 -6801.5 2169.57 0.0920693
-50.2502 44.2705 315.101 -4718.81 -16200.9 -0.0604988 49.0549 -41.7899 -315.101 -7329.95 2281.68 0.0604988
-50.5799 47.171 313.509 -5083.79 -16386.9 -0.0275588 49.3697 -44.4893 -313.509 -7748.75 2376.58 0.0275588
-50.8145 49.4382 312.052 -5354.63 -16524.8 0.00666269 49.6016 -46.3633 -312.052 -8057.52 2448.55 -0.00666269
-50.9296 50.9805 310.936 -5532.22 -16614.8 0.042058 49.7646 -47.5337 -310.936 -8259.59 2499.26 -0.042058
-50.9364 51.5908 310.206 -5618.7 -16655.5 0.0785075 49.8124 -48.2495 -310.206 -8358.67 2532.07 -0.0785075
-50.9085 51.3594 309.782 -5612.94 -16644.5 0.115884 49.6238 -48.4036 -309.782 -8353.59 2551.44 -0.115884
-50.9452 50.4628 309.514 -5511.83 -16582.1 0.154047 49.0896 -47.7682 -309.514 -8240.23 2558.91 -0.154047
-50.9471 49.1057 309.326 -5316.51 -16473.5 0.19284 48.3623 -46.1471 -309.326 -8018.64 2552.28 -0.19284
-50.7936 47.1983 309.205 -5034.66 -16325.1 0.232091 47.6233 -43.7432 -309.205 -7696.99 2529.46 -0.232091
-50.366 44.5231 309.312 -4680.76 -16141.6 0.271617 46.9926 -40.9703 -309.312 -7288.29 2494.83 -0.271617
-49.9304 41.2553 309.742 -4262.13 -15923.1 0.311237 46.114 -37.7651 -309.742 -6800.87 2461.21 -0.311237
-49.1068 37.5598 310.379 -3787.82 -15669 0.350779 45.323 -34.1061 -310.379 -6245.75 2434.08 -0.350779
-48.1525 33.5148 311.196 -3269.55 -15378.9 0.390077 44.3179 -30.0673 -311.196 -5632.52 2419.44 -0.390077
-47.2587 29.1925 312.413 -2723.25 -15061.4 0.428968 42.9551 -25.7314 -312.413 -4966.93 2418.9 -0.428968
-46.1387 24.6294 313.787 -2155.12 -14720.4 0.46729 41.5936 -21.1508 -313.787 -4255.24 2426.6 -0.46729
-44.4593 19.9779 315.026 -1581.93 -14361.7 0.50489 40.6819 -16.4904 -315.026 -3525.05 2431.97 -0.50489
-43.0431 15.2681 315.989 -1007.96 -13978.5 0.541619 39.3313 -11.7824 -315.989 -2780.82 2437.59 -0.541619
-41.7806 10.6062 316.706 -445.191 -13575.9 0.577317 37.7598 -7.13108 -316.706 -2040.06 2433.39 -0.577317
-40.3305 6.08395 317.27 95.8541 -13156.4 0.611796 36.2923 -2.61513 -317.27 -1316.07 2424.01 -0.611796
-38.7434 1.83821 317.834 600.919 -12726.1 0.644853 35.0039 1.63909 -317.834 -631.46 2398.08 -0.644853
-37.0456 -2.05841 318.506 1061.02 -12286.3 0.676265 33.9037 5.5674 -318.506 3.61479 2351.95 -0.676265
-35.4868 -5.49993 319.209 1464.5 -11830.1 0.705778 32.582 9.04254 -319.209 568.165 2300.96 -0.705778
-34.0424 -8.37702 319.864 1798.72 -11356 0.7331 30.9722 11.9013 -319.864 1036.71 2256.56 -0.7331
-32.5315 -10.7019 320.321 2058.6 -10867.5 0.757925 29.3614 14.0709 -320.321 1405.86 2207.29 -0.757925
-30.9328 -12.4429 320.501 2239.49 -10369.2 0.779952 27.8298 15.4728 -320.501 1664.84 2149.51 -0.779952
-29.3327 -13.5548 320.399 2343.85 -9864.88 0.798892 26.3297 16.1915 -320.399 1816.68 2081.45 -0.798892
-27.7536 -13.8924 320.185 2374.68 -9358.36 0.81448 24.8548 16.4246 -320.185 1865.69 2004.86 -0.81448
-26.3018 -13.6239 319.974 2334.35 -8852.17 0.826473 23.3207 16.0331 -319.974 1813.65 1919.11 -0.826473
-25.1267 -12.8687 319.804 2226.25 -8349.48 0.834643 21.6568 14.9609 -319.804 1665.96 1816.36 -0.834643
-24.1866 -11.5688 319.605 2056.44 -7857.18 0.838765 20.0121 13.365 -319.605 1430.46 1688.43 -0.838765
-22.9318 -9.57693 319.349 1831.35 -7378.33 0.838621 18.9573 11.491 -319.349 1114.49 1535.47 -0.838621
-21.4883 -7.14631 319.171 1556.62 -6904.77 0.83401 18.1462 9.16124 -319.171 722.976 1380.09 -0.83401
-19.9304 -4.54911 319.116 1239.87 -6421.43 0.824759 17.1745 6.22907 -319.116 265.861 1253.38 -0.824759
-18.538 -1.56938 319.103 893.158 -5922.15 0.81074 15.5871 3.14738 -319.103 -235.769 1173.69 -0.81074
-16.981 1.6607 318.982 525.026 -5409.86 0.791881 13.8112 -0.0660196 -318.982 -769.442 1130.35 -0.791881
-15.2404 4.91449 318.733 145.498 -4895.66 0.76818 12.1061 -3.45029 -318.733 -1318.95 1100.84 -0.76818
-13.5773 8.0567 318.376 -234.077 -4393.07 0.739713 10.4751 -6.92379 -318.376 -1865.29 1061.68 -0.739713
-12.0289 10.9783 317.964 -598.617 -3905.41 0.706606 8.96841 -10.2791 -317.964 -2379.27 1003.97 -0.706606
-10.48 13.758 317.528 -936.435 -3434.6 0.669013 7.67695 -13.2673 -317.528 -2848.72 933.023 -0.669013
-8.82487 16.1043 317.249 -1233.51 -2975.75 0.627109 6.5683 -15.9079 -317.249 -3249.64 863.298 -0.627109
-7.32422 17.9539 316.928 -1480.36 -2524.79 0.581093 5.32691 -18.1989 -316.928 -3582.32 798.348 -0.581093
-6.03262 19.3841 316.64 -1666.38 -2082.01 0.531172 3.87245 -19.8779 -316.64 -3831.47 742.089 -0.531172
-4.7223 20.2045 316.352 -1785.02 -1649.17 0.477542 2.48774 -21.0354 -316.352 -3989.66 688.579 -0.477542
-3.37789 20.3546 316.097 -1828.49 -1229.3 0.420392 1.20805 -21.6162 -316.097 -4048.48 638.034 -0.420392
-2.09415 20.0014 315.954 -1792.59 -824.198 0.359921 -0.0108885 -21.3576 -315.954 -3998.75 585.225 -0.359921
-0.921613 19.0137 315.998 -1676.15 -437.552 0.296359 -1.1571 -20.37 -315.998 -3838.7 525.091 -0.296359
0.125118 17.3364 316.283 -1480.54 -71.3537 0.229953 -2.21202 -18.736 -316.283 -3570.84 454.998 -0.229953
1.03584 15.0348 316.8 -1209.41 273.729 0.160945 -3.17081 -16.4347 -316.8 -3197.75 373.509 -0.160945
1.83511 12.209 317.434 -869.931 596.212 0.0895508 -4.02306 -13.4549 -317.434 -2724.67 284.058 -0.0895508
2.61264 8.95884 318.231 -471.119 898.042 0.0159628 -4.72308 -9.82987 -318.231 -2161.26 190.86 -0.0159628
3.54471 5.33191 319.086 -27.9519 1184.96 -0.0596347 -5.23605 -5.76786 -319.086 -1528.32 107.94 0.0596347
4.59931 1.2498 319.95 444.185 1462.65 -0.137048 -5.71061 -1.61 -319.95 -847.239 45.9068 0.137048
5.37959 -2.9911 320.786 927.377 1732.29 -0.21606 -6.54825 2.57868 -320.786 -150.667 4.23719 0.21606
6.33901 -7.24451 321.66 1412.84 1991.51 -0.296427 -7.24198 6.80991 -321.66 551.345 -22.1666 0.296427
7.54226 -11.4709 322.536 1892.42 2239.73 -0.377886 -7.71632 11.0102 -322.536 1251.11 -34.2382 0.377886
8.31052 -15.4875 323.387 2353.62 2474.76 -0.46017 -8.53644 15.0037 -323.387 1910.97 -45.676 0.46017
8.86482 -19.1843 324.064 2784.45 2687.97 -0.543021 -9.30737 18.729 -324.064 2518.92 -72.2214 0.543021
9.28924 -22.4107 324.649 3175.34 2870.86 -0.62619 -9.7638 22.139 -324.649 3056.87 -130.687 0.62619
9.57034 -25.0821 325.073 3517.26 3019.93 -0.709438 -9.86385 25.2107 -325.073 3518.79 -225.349 0.709438
9.85963 -27.1428 325.351 3794.17 3140.47 -0.792513 -9.57179 27.7331 -325.351 3883.35 -345.278 0.792513
10.1128 -28.8036 325.351 4000.5 3244.28 -0.875166 -9.14677 29.4824 -325.351 4154.32 -472.262 0.875166
9.8815 -29.9019 325.134 4130.48 3342.74 -0.957156 -9.25727 30.5202 -325.134 4323.32 -586.859 0.957156
9.78276 -30.4101 324.777 4184.44 3437.78 -1.03825 -9.32721 30.8941 -324.777 4392.8 -685.256 1.03825
9.85956 -30.4037 324.394 4165.56 3527.89 -1.11821 -9.29181 30.5789 -324.394 4366.65 -768.975 1.11821
9.93503 -29.8903 324.054 4079.57 3612.43 -1.19674 -9.30016 29.6581 -324.054 4251.88 -841.237 1.19674
9.98307 -28.775 323.772 3934.29 3690.18 -1.27352 -9.33486 28.355 -323.772 4058.65 -906.897 1.27352
9.98058 -27.0925 323.521 3735.44 3757.72 -1.34816 -9.35161 26.7296 -323.521 3794.48 -971.967 1.34816
9.94124 -25.0073 323.248 3487.48 3812.27 -1.4203 -9.26314 24.6759 -323.248 3463.12 -1043.96 1.4203
9.84383 -22.5641 322.926 3195.48 3854.33 -1.48956 -9.09693 22.2217 -322.926 3069.66 -1122.53 1.48956
9.60142 -19.7954 322.553 2865.64 3884.79 -1.5556 -8.95631 19.4281 -322.553 2620.98 -1206.24 1.5556
9.04946 -16.7411 322.175 2504.69 3901.35 -1.61811 -8.95903 16.3544 -322.175 2124.23 -1299.35 1.61811
8.33558 -13.4825 321.758 2121.64 3900.86 -1.67676 -8.92736 13.0856 -321.758 1593.71 -1402.93 1.67676
8.04538 -10.0942 321.479 1725.93 3884.08 -1.7313 -8.30464 9.69806 -321.479 1041.09 -1513.66 1.7313
7.66068 -6.69526 321.245 1329.12 3857.04 -1.78145 -7.73168 6.30172 -321.245 486.838 -1620.44 1.78145
7.16852 -3.30253 320.819 934.787 3825.79 -1.82694 -7.34375 2.91369 -320.819 -67.8382 -1712.28 1.82694
6.73073 -0.0461133 320.25 555.119 3792.34 -1.86752 -7.0141 -0.342051 -320.25 -599.59 -1786.25 1.86752
6.34175 3.03073 319.522 195.975 3755.76 -1.90298 -6.73329 -3.41785 -319.522 -1101.54 -1843.54 1.90298
6.07098 5.84059 318.85 -132.93 3715.42 -1.93314 -6.38595 -6.23083 -318.85 -1559.59 -1889.88 1.93314
6.0454 8.32848 318.361 -424.74 3674.2 -1.95785 -5.87662 -8.72048 -318.361 -1964.43 -1923.69 1.95785
6.24213 10.4603 318.034 -675.947 3636.43 -1.97698 -5.27724 -10.8562 -318.034 -2310.52 -1942.45 1.97698
6.23794 12.2253 317.779 -883.818 3607.41 -1.9904 -5.08052 -12.6187 -317.779 -2596.35 -1941.72 1.9904
6.46576 13.5984 317.526 -1045.07 3587.44 -1.99798 -4.81751 -13.9859 -317.526 -2818.64 -1926.87 1.99798
6.36866 14.5598 317.306 -1157.02 3573.18 -1.99962 -4.94191 -14.9339 -317.306 -2973.92 -1908.96 1.99962
6.28091 15.0812 317.175 -1217.74 3557.92 -1.99525 -4.9581 -15.4508 -317.175 -3058.52 -1903.83 1.99525
6.2081 15.1505 317.161 -1226.48 3536.84 -1.98481 -4.751 -15.5344 -317.161 -3071.17 -1921.97 1.98481
6.02946 14.7611 317.239 -1183.3 3511.49 -1.96832 -4.46626 -15.1921 -317.239 -3011.95 -1961.43 1.96832
5.81056 13.9379 317.361 -1089.02 3487.44 -1.94584 -4.15529 -14.4157 -317.361 -2882.34 -2011.46 1.94584
5.51257 12.7384 317.487 -945.916 3470.49 -1.91746 -3.9856 -13.1914 -317.487 -2686.21 -2059.86 1.91746
5.07597 11.2529 317.621 -757.987 3462.77 -1.88335 -4.07927 -11.4929 -317.621 -2428.48 -2100.02 1.88335
4.61979 9.56843 317.813 -533.088 3460.85 -1.84365 -4.2847 -9.363 -317.813 -2119.52 -2133.05 1.84365
4.70264 7.64384 318.167 -279.988 3463.24 -1.79852 -4.03977 -6.96499 -318.167 -1767.64 -2157.96 1.79852
4.79633 5.3361 318.613 -10.0805 3474.56 -1.74813 -3.9734 -4.6545 -318.613 -1391.19 -2165.3 1.74813
4.91021 2.88286 319.083 269.826 3499.47 -1.69264 -4.18789 -2.30705 -319.083 -999.207 -2144.12 1.69264
5.16781 0.346559 319.515 554.428 3535.6 -1.63225 -4.51817 0.0334208 -319.515 -601.276 -2097.88 1.63225
5.52798 -2.27502 319.852 838.82 3577.44 -1.56715 -4.90558 2.27978 -319.852 -204.365 -2035.04 1.56715
5.94154 -4.90147 320.18 1122.93 3620.53 -1.49756 -5.30456 4.53019 -320.18 194.073 -1964.39 1.49756
6.34142 -7.31065 320.574 1403.66 3660.91 -1.4237 -5.69796 6.93965 -320.574 587.742 -1893.73 1.4237
6.70565 -9.70586 321.035 1676.19 3696.2 -1.34583 -6.05565 9.20389 -321.035 967.341 -1827.94 1.34583
7.03174 -12.1458 321.496 1938.27 3725.38 -1.26423 -6.37451 11.2408 -321.496 1331.84 -1766.84 1.26423
7.32304 -14.4831 321.984 2188.83 3748.33 -1.17921 -6.65762 13.1687 -321.984 1678.23 -1709.38 1.17921
7.57029 -16.493 322.35 2424.79 3764.79 -1.09113 -6.93208 15.1722 -322.35 2003.98 -1652.87 1.09113
7.75903 -18.3882 322.561 2642.14 3773.44 -1.00038 -7.18094 16.9663 -322.561 2303 -1600.38 1.00038
7.96815 -20.2454 322.639 2837.45 3775.9 -0.907408 -7.37706 18.4247 -322.639 2571.73 -1546.29 0.907408
8.34938 -21.9603 322.662 3010.22 3775.85 -0.812671 -7.44883 19.6311 -322.662 2807.84 -1483.05 0.812671
8.94725 -23.3667 322.706 3162.28 3779.3 -0.716646 -7.45732 20.7868 -322.706 3014.37 -1401.9 0.716646
9.47004 -24.6481 322.814 3294.65 3792.07 -0.619803 -7.7914 21.7325 -322.814 3193.72 -1295.03 0.619803
9.88405 -25.7072 322.975 3407.38 3812.79 -0.52259 -8.45014 22.5629 -322.975 3345.46 -1165.92 0.52259
10.4305 -26.2493 323.162 3498.71 3833.18 -0.425433 -9.03054 23.5516 -323.162 3468.4 -1028.92 0.425433
10.9721 -26.5417 323.323 3561.62 3844.41 -0.328729 -9.48521 24.3161 -323.323 3553.42 -901.058 0.328729
11.3781 -26.7991 323.399 3589.12 3841.42 -0.232872 -9.8405 24.5263 -323.399 3591.36 -791.874 0.232872
11.6323 -26.7728 323.357 3579.7 3822.93 -0.138268 -10.0879 24.41 -323.357 3580.83 -703.556 0.138268
11.7672 -26.4026 323.222 3534.44 3790.36 -0.0453546 -10.2331 24.0441 -323.222 3523.04 -632.203 0.0453546
11.8308 -25.7256 323.037 3454.85 3747.09 0.0454087 -10.3015 23.4109 -323.037 3419.26 -570.907 -0.0454087
11.8676 -24.7693 322.828 3342.32 3697.04 0.133561 -10.3423 22.4973 -322.828 3270.07 -510.456 -0.133561
11.9213 -23.6098 322.615 3199.65 3644.1 0.218665 -10.4045 21.2699 -322.615 3078.67 -441.795 -0.218665
12.0293 -22.3224 322.418 3032.02 3590.75 0.30032 -10.5122 19.7348 -322.418 2851.25 -358.798 -0.30032
12.2066 -20.9638 322.223 2847.48 3537.13 0.37818 -10.6553 17.9667 -322.223 2598.19 -260.936 -0.37818
12.4253 -19.4739 322.067 2656.27 3482.04 0.451941 -10.8286 16.185 -322.067 2331.51 -151.603 -0.451941
12.5693 -17.8277 321.969 2469.62 3421.76 0.521341 -11.0526 14.6061 -321.969 2066.8 -40.4758 -0.521341
12.498 -16.2951 321.865 2292.26 3350.39 0.586145 -11.357 13.0567 -321.865 1812.84 62.8317 -0.586145
12.208 -15.0352 321.682 2130.66 3258.64 0.646139 -11.5728 11.5096 -321.682 1581.58 143.49 -0.646139
11.9345 -14.0909 321.473 1994 3141.68 0.701124 -11.3802 10.0769 -321.473 1385.57 194.485 -0.701124
11.6259 -13.4017 321.284 1892.79 3002.03 0.750912 -10.8898 9.00198 -321.284 1239.9 221.535 -0.750912
11.1497 -12.837 321.148 1834.15 2847.62 0.795326 -10.399 8.54536 -321.148 1155.61 239.816 -0.795326
10.6501 -12.5461 321.088 1818.42 2685.65 0.834202 -9.91889 8.56175 -321.088 1132.92 263.827 -0.834202
10.202 -12.5435 321.126 1841.91 2521.02 0.867396 -9.47645 8.96895 -321.126 1166.08 302.939 -0.867396
9.70931 -12.8872 321.234 1897.93 2354.3 0.894788 -9.18403 9.59419 -321.234 1245.67 358.845 -0.894788
9.03902 -13.6507 321.388 1980.98 2180.27 0.916294 -9.07434 10.2733 -321.388 1364.52 422.732 -0.916294
8.32613 -14.5822 321.577 2087.77 1989.47 0.931868 -8.82238 11.2069 -321.577 1518.75 477.457 -0.931868
7.85402 -15.5598 321.787 2214.15 1776.74 0.941496 -8.05043 12.4434 -321.787 1702.27 515.006 -0.941496
7.15409 -16.548 322.023 2352.91 1545.47 0.945189 -7.2751 13.8826 -322.023 1903.23 538.685 -0.945189
6.26895 -17.5973 322.232 2494.36 1300.25 0.942971 -6.54429 15.3015 -322.232 2107.24 556.574 -0.942971
5.42988 -18.7886 322.44 2630.5 1044.54 0.934879 -5.68816 16.4681 -322.44 2301.11 573.814 -0.934879
4.76799 -19.9017 322.61 2756.54 782.165 0.920967 -4.65184 17.5307 -322.61 2479.58 597.23 -0.920967
4.25589 -20.8691 322.747 2869.27 521.145 0.901324 -3.57981 18.498 -322.747 2637.63 635.204 -0.901324
3.59962 -21.6918 322.874 2967.01 266.575 0.876076 -2.83788 19.336 -322.874 2772.31 692.713 -0.876076
2.82813 -22.3611 322.987 3047.7 16.377 0.845387 -2.32263 20.0256 -322.987 2881.82 761.428 -0.845387
2.13554 -22.8716 323.127 3109.78 -236.293 0.809456 -1.67839 20.5476 -323.127 2964.28 825.612 -0.809456
1.51452 -23.2206 323.187 3152.15 -496.238 0.768516 -0.792269 20.8988 -323.187 3019.89 873.244 -0.768516
0.984785 -23.4024 323.172 3174.74 -760.623 0.722825 0.318869 21.0781 -323.172 3047.85 906.621 -0.722825
0.393993 -23.4203 323.118 3177.85 -1020.74 0.672659 1.38706 21.095 -323.118 3049.61 933.231 -0.672659
-0.524033 -23.2752 323.051 3161.93 -1270.52 0.61831 2.05961 20.9542 -323.051 3025.52 959.125 -0.61831
-1.32912 -22.9803 323.02 3128.57 -1510.7 0.560093 2.78751 20.6653 -323.02 2977.18 983.542 -0.560093
-2.14723 -22.5576 322.953 3079.75 -1743.47 0.498351 3.51357 20.2415 -322.953 2907.52 999.046 -0.498351
-3.19381 -22.0283 322.84 3017.53 -1971.5 0.433456 4.07428 19.6932 -322.84 2818.92 1001.03 -0.433456
-4.28362 -21.4132 322.695 2944.4 -2198.66 0.365802 4.72288 19.0454 -322.695 2715.28 983.879 -0.365802
-5.07985 -20.7196 322.563 2862.97 -2424.97 0.295794 5.78455 18.3373 -322.563 2600.54 949.207 -0.295794
-5.94297 -19.9283 322.452 2775.72 -2642.53 0.22383 6.73866 17.6187 -322.452 2476.46 911.544 -0.22383
-6.79568 -19.0088 322.384 2683.13 -2843.36 0.15031 7.49992 16.9295 -322.384 2343.89 885.64 -0.15031
-7.47464 -17.963 322.322 2584.44 -3023.92 0.0756427 8.16601 16.2575 -322.322 2202.16 877.144 -0.0756427
-8.00951 -16.8792 322.254 2477.55 -3183.89 0.000258602 8.70833 15.4691 -322.254 2047.03 885.576 -0.000258602
-8.51385 -15.8243 322.13 2361.26 -3326 -0.0753948 9.07849 14.4834 -322.13 1877.71 904.568 0.0753948
-9.14189 -14.5978 321.93 2235.81 -3456.9 -0.150857 9.26847 13.507 -321.93 1694.87 920.297 0.150857
-9.82381 -13.1919 321.678 2100.68 -3586.41 -0.225666 9.54642 12.5392 -321.678 1497.79 914.872 0.225666
-10.409 -11.7749 321.397 1954.18 -3719.71 -0.299377 10.1588 11.3882 -321.397 1284.87 880.036 0.299377
-11.0472 -10.4077 321.136 1796.54 -3853.92 -0.37159 10.901 9.99843 -321.136 1056.66 820.602 0.37159
-11.9148 -8.97722 320.922 1631.14 -3983.24 -0.441956 11.4722 8.53675 -320.922 817.283 748.191 0.441956
-12.8211 -7.4954 320.763 1462.67 -4105.04 -0.510186 11.996 7.06666 -320.763 572.624 669.514 0.510186
-13.3504 -6.02804 320.619 1295.88 -4215.76 -0.576031 12.7949 5.61585 -320.619 331 594.081 0.576031
-13.6405 -4.6077 320.47 1134.47 -4307.69 -0.63927 13.5809 4.21477 -320.47 97.5358 535.165 0.63927
-14.0963 -3.27503 320.316 982.144 -4374.9 -0.699684 13.8482 2.88834 -320.316 -122.299 500.96 0.699684
-14.2582 -2.04387 320.139 841.538 -4419.92 -0.757061 14.1298 1.65815 -320.139 -326.171 483.745 0.757061
-14.0918 -0.958266 319.922 716.846 -4445.28 -0.811195 14.5395 0.566858 -319.922 -506.147 474.943 0.811195
-13.9853 -0.0214488 319.693 609.837 -4451.26 -0.8619 14.7421 -0.370213 -319.693 -661.395 467.462 0.8619
-13.9845 0.741625 319.476 522.941 -4439.5 -0.90902 14.7628 -1.12931 -319.476 -787.533 452.99 0.90902
-13.7211 1.31632 319.292 457.737 -4411.89 -0.952429 15.0367 -1.69276 -319.292 -881.615 424.112 0.952429
-13.5069 1.69256 319.158 414.696 -4366.1 -0.992035 15.2372 -2.06512 -319.158 -943.347 380.57 0.992035
-13.5817 1.86212 319.079 394.168 -4300 -1.02778 15.108 -2.24819 -319.079 -972.172 322.576 1.02778
-13.7252 1.81835 319.041 396.238 -4216.49 -1.05964 14.9343 -2.24446 -319.041 -967.596 243.933 1.05964
-14.0077 1.5754 319.055 420.548 -4120.18 -1.08764 14.7135 -2.03735 -319.055 -928.925 139.783 1.08764
-14.206 1.1759 319.123 466.049 -4013.57 -1.11182 14.694 -1.60125 -319.123 -857.49 9.06918 1.11182
-14.1599 0.696069 319.215 530.005 -3892.03 -1.13228 14.9136 -0.914229 -319.215 -758.151 -135.696 1.13228
-14.0975 0.190942 319.387 607.625 -3745.02 -1.14913 14.8976 -0.0147001 -319.387 -639.196 -270.598 1.14913
-13.8912 -0.364062 319.598 690.805 -3564.25 -1.16253 14.5942 0.930782 -319.598 -512.388 -378.801 1.16253
-13.4248 -1.03902 319.801 772.846 -3348.08 -1.1726 14.0743 1.72713 -319.801 -388.523 -455.666 1.1726
-12.7122 -1.79522 319.987 849.516 -3099.22 -1.17946 13.3534 2.33935 -319.987 -273.685 -502.557 1.17946
-11.8152 -2.595 320.097 920.862 -2822.64 -1.18317 12.4722 2.80947 -320.097 -167.308 -528.882 1.18317
-10.8246 -3.43996 320.144 990.371 -2525.39 -1.1838 11.4876 3.20183 -320.144 -63.6531 -548.225 1.1838
-9.81 -4.21912 320.229 1062.5 -2214.69 -1.18136 10.4738 3.71142 -320.229 44.5816 -573.504 1.18136
-8.82243 -4.86967 320.389 1138.72 -1895.45 -1.1759 9.4822 4.43553 -320.389 160.746 -614.091 1.1759
-7.87773 -5.48543 320.651 1216.93 -1569.84 -1.16753 8.53785 5.2486 -320.651 282.492 -673.553 1.16753
-6.95649 -6.01312 320.934 1293.06 -1237.55 -1.15636 7.61612 6.11215 -320.934 401.06 -746.063 1.15636
-6.01868 -6.44892 321.169 1360.97 -895.426 -1.14256 6.68013 6.93564 -321.169 509.384 -824.032 1.14256
-5.01547 -6.89802 321.359 1414.38 -540.046 -1.12631 5.67612 7.47955 -321.359 594.941 -896.551 1.12631
-3.90716 -7.27512 321.496 1450.39 -169.2 -1.1078 4.56892 7.77206 -321.496 652.636 -955.366 1.1078
-2.67618 -7.42622 321.568 1468.5 217.689 -1.08723 3.33725 7.96863 -321.568 683.18 -995.637 1.08723
-1.34011 -7.29462 321.608 1468.06 618.976 -1.06478 2.00244 8.09072 -321.608 682.28 -1021.16 1.06478
0.0724038 -6.88103 321.596 1444.53 1030.17 -1.04058 0.588645 8.08246 -321.596 646.763 -1034.84 1.04058
1.51941 -6.27982 321.585 1393.06 1446.49 -1.01479 -0.858176 7.77948 -321.585 571.686 -1044.21 1.01479
2.97051 -5.54735 321.578 1310.2 1862.84 -0.98753 -2.30994 7.07489 -321.578 453.412 -1052.34 0.98753
4.39195 -4.6046 321.523 1196.8 2275.34 -0.958957 -3.72711 6.05043 -321.523 291.484 -1065.61 0.958957
5.76333 -3.37832 321.406 1055.45 2681.23 -0.929222 -5.09563 4.82257 -321.406 89.3572 -1086.12 0.929222
7.09329 -1.87063 321.311 890.24 3081.26 -0.89849 -6.42839 3.47618 -321.311 -144.886 -1111.59 0.89849
8.38049 -0.0577198 321.257 703.767 3475.27 -0.866934 -7.73274 2.02651 -321.257 -415.043 -1141.02 0.866934
9.63918 1.99866 321.075 492.864 3860.9 -0.834731 -8.99987 0.397674 -321.075 -719.919 -1171.34 0.834731
10.9035 4.11905 320.733 256.473 4237.21 -0.802062 -10.2276 -1.59502 -320.733 -1059.19 -1197.18 0.802062
12.1973 6.31283 320.349 -1.28906 4606.76 -0.769114 -11.4406 -3.86217 -320.349 -1425.78 -1214.27 0.769114
13.4347 8.69157 319.974 -273.91 4969.36 -0.736072 -12.7076 -6.20196 -319.974 -1813.56 -1224.82 0.736072
14.4625 11.2323 319.637 -557.189 5321.06 -0.703119 -14.1392 -8.50678 -319.637 -2208.47 -1230.84 0.703119
15.2718 13.8947 319.492 -851.501 5657.92 -0.670422 -15.6425 -10.777 -319.492 -2604.54 -1242.61 0.670422
16.2539 16.5531 319.306 -1153.7 5966.93 -0.638132 -16.666 -13.129 -319.306 -3003.64 -1269.6 0.638132
17.4026 19.1033 318.905 -1459.41 6244.7 -0.606378 -17.221 -15.5896 -318.905 -3399.25 -1307.77 0.606378
18.522 21.5873 318.282 -1764.68 6500.91 -0.575279 -17.7136 -18.0689 -318.282 -3788.66 -1337.4 0.575279
19.3697 23.9772 317.504 -2061.2 6743.86 -0.544968 -18.538 -20.4726 -317.504 -4163.08 -1345.55 0.544968
20.1525 26.1961 316.826 -2346.12 6978.95 -0.515577 -19.5334 -22.821 -316.826 -4517.39 -1331.09 0.515577
20.9944 28.1229 316.267 -2607.66 7196.26 -0.487231 -20.4199 -25.0688 -316.267 -4840.15 -1305.91 0.487231
21.5924 29.726 315.778 -2834.57 7384.39 -0.460036 -21.3076 -27.0835 -315.778 -5119.59 -1285.59 0.460036
21.8246 31.113 315.296 -3017.66 7531.33 -0.434084 -22.119 -28.6083 -315.296 -5344.03 -1286.07 0.434084
22.0505 32.2041 314.833 -3150.79 7629.58 -0.409468 -22.3771 -29.6202 -314.833 -5505.25 -1316.25 0.409468
22.1921 32.8766 314.381 -3232.99 7681.4 -0.386287 -22.2294 -30.231 -314.381 -5602.65 -1368.71 0.386287
22.0159 33.108 313.935 -3264.6 7696.75 -0.364654 -22.121 -30.482 -313.935 -5638.54 -1423.8 0.364654
21.5337 32.8663 313.501 -3244.94 7680.84 -0.344692 -22.1625 -30.4024 -313.501 -5613.21 -1469.63 0.344692
20.8826 32.1113 313.129 -3173.01 7631.28 -0.326508 -22.2048 -30.0126 -313.129 -5524.9 -1505.44 0.326508
20.5195 30.8784 312.861 -3046.68 7545.22 -0.31019 -21.7637 -29.2397 -312.861 -5370.47 -1532.24 0.31019
20.1645 29.3097 312.719 -2863.56 7426.62 -0.295792 -21.1906 -27.9068 -312.719 -5147.45 -1543.96 0.295792
19.6663 27.2592 312.699 -2624.04 7280.96 -0.283342 -20.7273 -26.164 -312.699 -4856.02 -1533.44 0.283342
19.1457 24.7258 312.842 -2330.04 7111.49 -0.272853 -20.2803 -24.0337 -312.842 -4497.26 -1500.09 0.272853
18.6385 21.9488 313.248 -1986.71 6920.44 -0.264325 -19.7994 -21.3287 -313.248 -4073.3 -1448.1 0.264325
18.09 18.8264 313.947 -1597.97 6704.41 -0.257751 -19.2479 -18.1729 -313.947 -3583.34 -1386.87 0.257751
17.404 15.3608 314.745 -1173.02 6457.58 -0.253112 -18.6117 -14.7131 -314.745 -3039 -1326.05 0.253112
16.5873 11.6185 315.598 -721.656 6178.42 -0.250375 -17.8568 -10.9942 -315.598 -2446.1 -1267.91 0.250375
15.7421 7.69996 316.477 -254.74 5870.26 -0.249501 -16.8948 -7.09609 -316.477 -1819 -1213.88 0.249501
15.019 3.64829 317.533 218.433 5540.66 -0.250445 -15.6458 -3.05051 -317.533 -1158.91 -1161.6 0.250445
14.2807 -0.376994 318.527 684.291 5195.75 -0.253163 -14.3458 0.983108 -318.527 -496.882 -1103.38 0.253163
12.9542 -4.29223 319.333 1135.15 4836.88 -0.257612 -13.6135 4.90635 -319.333 149.299 -1034.26 0.257612
11.4183 -8.00263 320.065 1560.89 4456.62 -0.26374 -12.886 8.60645 -320.065 760.716 -972.492 0.26374
10.2922 -11.4677 320.909 1954.85 4051.64 -0.271473 -11.4892 12.0303 -320.909 1330.91 -922.389 0.271473
9.03508 -14.5486 321.623 2305.09 3623.54 -0.280703 -10.0222 15.0633 -321.623 1836.36 -877.457 0.280703
7.33599 -17.1627 322.063 2606.14 3176.99 -0.29131 -8.84303 17.693 -322.063 2269.24 -835.809 0.29131
5.42391 -19.2276 322.327 2852.69 2712.28 -0.303185 -7.74685 19.9425 -322.327 2626.52 -794.323 0.303185
3.91906 -20.6408 322.498 3036.82 2228.01 -0.316229 -6.08394 21.7607 -322.498 2894.68 -755.719 0.316229
2.66996 -21.4599 322.531 3154.44 1732.89 -0.330322 -4.16555 23.0285 -322.531 3069.15 -706.354 0.330322
1.50287 -21.8525 322.423 3197.69 1239.93 -0.3453 -2.3879 23.454 -322.423 3140.39 -628.09 0.3453
0.125317 -21.7368 322.33 3168.2 761.412 -0.360976 -1.23093 23.1168 -322.33 3106.51 -506.952 0.360976
-1.1004 -21.0799 322.351 3073.31 295.469 -0.377152 -0.249188 22.1134 -322.351 2969.01 -352.662 0.377152
-2.09725 -19.8827 322.345 2917.38 -170.614 -0.393615 0.863161 20.5652 -322.345 2740.7 -184.532 0.393615
-3.12054 -18.0552 322.257 2708.47 -644.578 -0.410136 2.04939 18.6961 -322.257 2432.25 -22.5878 0.410136
-4.39259 -15.8535 322.063 2454.05 -1131.23 -0.426495 3.26381 16.389 -322.063 2055.63 113.286 0.426495
-6.10526 -13.4919 321.827 2163.02 -1636.59 -0.442507 4.41392 13.587 -321.827 1623.99 215.244 0.442507
-8.14417 -11.0175 321.468 1847.61 -2165.71 -0.458031 5.75391 10.4919 -321.468 1159.94 268.761 0.458031
-9.90164 -8.35546 320.989 1525.04 -2717.05 -0.472967 7.81592 7.4565 -320.989 685.132 282.868 0.472967
-11.7897 -5.78567 320.558 1211.64 -3276.86 -0.487248 9.88255 4.50851 -320.558 226.3 286.548 0.487248
-13.6966 -3.29409 320.262 919.373 -3827.06 -0.500826 11.7351 1.86093 -320.262 -200.682 307.966 0.500826
-15.3703 -1.17621 320.108 656.251 -4356.12 -0.513639 13.4162 -0.653637 -320.108 -585.888 364.871 0.513639
-16.8964 0.463512 320.057 431.949 -4860.03 -0.525609 14.7971 -2.93456 -320.057 -910.295 459.307 0.525609
-18.4292 1.7745 320.055 259.836 -5342.39 -0.536647 15.8025 -4.62834 -320.055 -1158.7 583.799 0.536647
-20.0124 2.54171 320.016 150.697 -5818.15 -0.546643 16.703 -5.75452 -320.016 -1314.55 709.349 0.546643
-21.1459 2.87121 319.908 109.973 -6294.35 -0.555469 18.177 -6.1022 -319.908 -1368.59 818.045 0.555469
-22.4136 2.52455 319.88 139.203 -6772.9 -0.562981 19.6115 -5.92185 -319.88 -1324.06 915.899 0.562981
-23.8411 1.42823 319.965 239.008 -7250.47 -0.569032 20.9532 -5.27507 -319.965 -1179.89 1003.48 0.569032
-25.29 -0.293334 320.261 412.326 -7722.34 -0.573489 22.3229 -4.00795 -320.261 -934.915 1078.52 0.573489
-26.7354 -2.42077 320.775 659.873 -8184.69 -0.576246 23.6876 -1.86834 -320.775 -585.251 1145.3 0.576246
-28.1305 -5.11495 321.362 975.378 -8634.47 -0.577225 25.0239 0.887913 -321.362 -137.923 1210.56 0.577225
-29.3834 -8.39119 322.085 1351.75 -9069.48 -0.576369 26.3981 4.14316 -322.085 399.837 1275.73 0.576369
-30.2988 -12.144 322.894 1779.75 -9482.33 -0.573632 27.8654 7.84086 -322.894 1014.58 1353 0.573632
-30.9586 -16.2198 323.782 2246.73 -9864.02 -0.568985 29.205 11.8521 -323.782 1679.47 1452.8 0.568985
-31.9309 -20.4719 324.766 2742.61 -10212.3 -0.562401 29.8426 16.1284 -324.766 2377.24 1573.81 0.562401
-32.7091 -24.7114 325.731 3252.98 -10532.3 -0.553844 30.4521 20.575 -325.731 3082.66 1697.78 0.553844
-33.3122 -28.8062 326.55 3765.4 -10829.4 -0.543275 31.1632 25.1022 -326.55 3777.06 1809.22 0.543275
-33.9091 -32.7629 327.138 4265.4 -11104.6 -0.530667 31.8334 29.4937 -327.138 4445.6 1905.48 0.530667
-34.5031 -36.6879 327.52 4737.4 -11357.9 -0.516002 32.4595 33.3931 -327.52 5068.83 1986.55 0.516002
-35.1141 -40.3111 327.777 5173.06 -11590 -0.499272 33.0552 36.9511 -327.777 5638.38 2048.49 0.499272
-35.6953 -43.5101 328.009 5564.58 -11799.4 -0.480479 33.6287 40.1606 -328.009 6143.92 2095.11 0.480479
-36.2216 -46.278 328.232 5905.71 -11984 -0.459647 34.1399 42.9475 -328.232 6580.37 2133.54 0.459647
-36.6588 -48.5804 328.423 6190.88 -12141.1 -0.436823 34.5694 45.2654 -328.423 6941.96 2168.47 0.436823
-36.9914 -50.4225 328.47 6417.25 -12268.8 -0.412068 34.9137 47.0867 -328.47 7228.41 2200.68 0.412068
-37.1828 -51.7679 328.368 6581.93 -12365.1 -0.385458 35.1679 48.4035 -328.368 7436.39 2234.08 0.385458
-37.2592 -52.5777 328.152 6683.43 -12428.8 -0.357092 35.2794 49.2313 -328.152 7564.12 2271.13 0.357092
-37.3326 -52.7942 327.855 6720.57 -12461.1 -0.327077 35.1556 49.6097 -327.855 7610.24 2310.22 0.327077
-37.5288 -52.3853 327.461 6691.21 -12467.6 -0.295514 34.77 49.5419 -327.461 7572.85 2343.05 0.295514
-37.6805 -51.3921 326.945 6592.17 -12457.1 -0.262502 34.444 48.9366 -326.945 7448.11 2356.96 0.262502
-37.4793 -49.9393 326.323 6421.4 -12434 -0.228142 34.5511 47.6357 -326.323 7233.37 2347.23 0.228142
-37.3622 -48.0169 325.657 6180.24 -12394.5 -0.192552 34.564 45.6685 -325.657 6930.03 2322.58 0.192552
-37.3006 -45.547 325.027 5873.02 -12333 -0.155879 34.3879 43.1725 -325.027 6542.09 2294.75 0.155879
-37.1325 -42.5375 324.531 5504.31 -12246.6 -0.118295 34.0975 40.1746 -324.531 6069.86 2273.03 0.118295
-36.8356 -39.0689 324.09 5082.07 -12136.7 -0.0799885 33.7409 36.7255 -324.09 5523.75 2255.21 0.0799885
-36.3124 -35.1965 323.61 4613.8 -12004.1 -0.0411527 33.4337 32.871 -323.61 4910.44 2239.52 0.0411527
-35.4925 -30.9726 323.077 4107.21 -11846 -0.00198758 33.1969 28.6546 -323.077 4235.62 2230.02 0.00198758
-34.5636 -26.4782 322.492 3572.59 -11657.5 0.0373057 32.753 24.1627 -322.492 3512.44 2234.51 -0.0373057
-33.9195 -21.8151 321.77 3021.36 -11441 0.0765334 31.8029 19.4983 -321.77 2758.13 2242.12 -0.0765334
-33.1593 -17.0522 320.973 2463.79 -11204.7 0.115504 30.9281 14.7339 -320.973 1982.24 2235.79 -0.115504
-32.3849 -12.327 320.153 1914.3 -10958.5 0.154014 30.25 10.0036 -320.153 1208.34 2194.09 -0.154014
-31.706 -7.76831 319.336 1386.29 -10702.5 0.191845 29.6405 5.43713 -319.336 459.22 2119.83 -0.191845
-31.099 -3.53401 318.636 894.536 -10434.8 0.228763 29.0644 1.19486 -318.636 -235.393 2019.22 -0.228763
-30.4898 0.285896 318.048 449.949 -10150.2 0.264517 28.4494 -2.62008 -318.048 -859.372 1907.5 -0.264517
-29.792 3.64814 317.604 59.3571 -9843.16 0.298842 27.72 -5.95499 -317.604 -1406.11 1801.91 -0.298842
-28.9781 6.45171 317.348 -267.871 -9513.79 0.331482 26.8438 -8.71474 -317.348 -1857.53 1710.84 -0.331482
-28.0013 8.68751 317.12 -530.257 -9162 0.362211 25.8743 -10.9383 -317.12 -2219.29 1633.24 -0.362211
-26.7759 10.2944 316.857 -723.834 -8789.96 0.39084 24.933 -12.6496 -316.857 -2490.13 1566.3 -0.39084
-25.2602 11.1641 316.555 -841.608 -8395.04 0.417202 24.0067 -13.8193 -316.555 -2657.77 1515.06 -0.417202
-23.769 11.2905 316.254 -878.953 -7976.07 0.441148 22.7796 -14.3806 -316.254 -2716.65 1478.51 -0.441148
-22.438 10.7891 316.029 -831.287 -7537.47 0.462542 21.2115 -14.1358 -316.029 -2659.86 1447.69 -0.462542
-20.9845 9.69488 315.983 -696.166 -7089.2 0.481263 19.7737 -13.004 -315.983 -2483.4 1406.21 -0.481263
-19.5814 7.88408 316.233 -475.355 -6639.36 0.497201 18.46 -11.151 -316.233 -2191.41 1338.83 -0.497201
-18.5076 5.33768 316.842 -173.285 -6196.34 0.510263 17.1134 -8.5905 -316.842 -1778.71 1236.93 -0.510263
-17.8096 2.10345 317.778 204.91 -5767.28 0.520369 15.7924 -5.33743 -317.778 -1248.97 1092.94 -0.520369
-17.0942 -1.73771 318.907 647.992 -5352.27 0.527427 14.928 -1.49514 -318.907 -616.723 901.645 -0.527427
-15.9976 -6.11825 320.183 1145.18 -4937.28 0.531304 14.535 2.8104 -320.183 101.734 697.83 -0.531304
-14.7939 -10.9989 321.548 1687.11 -4500.46 0.53182 13.8262 7.46723 -321.548 894.607 531.37 -0.53182
-13.5419 -16.1968 322.842 2258.95 -4027.78 0.528783 12.492 12.3169 -322.842 1728.98 423.305 -0.528783
-12.0241 -21.4543 323.972 2847.14 -3522.82 0.522057 10.7663 17.3358 -323.972 2579.06 374.915 -0.522057
-10.1893 -26.5507 324.936 3442.9 -2999.05 0.511598 8.94494 22.5318 -324.936 3423.84 365.416 -0.511598
-8.28229 -31.3858 325.921 4027.66 -2474.04 0.497467 7.09961 27.639 -325.921 4230.7 368.145 -0.497467
-6.52149 -35.953 326.942 4587.2 -1962.62 0.479798 5.32685 32.4757 -326.942 4987.45 353.875 -0.479798
-4.9907 -40.2581 327.85 5108.3 -1476.18 0.458741 3.82226 36.888 -327.85 5686.6 294.909 -0.458741
-3.58471 -44.2874 328.665 5581.33 -1015.38 0.434413 2.70911 40.6607 -328.665 6305.71 189.354 -0.434413
-2.20075 -47.7881 329.245 6000.65 -570.921 0.406868 1.87371 43.9774 -329.245 6840.7 58.1625 -0.406868
-1.00704 -50.5625 329.682 6362.75 -129.42 0.376122 0.864372 46.9886 -329.682 7288.51 -72.3949 -0.376122
0.165612 -52.6973 329.717 6654.78 311.687 0.342201 -0.232635 49.49 -329.717 7645.45 -193.333 -0.342201
1.71803 -54.1865 329.483 6868.51 761.076 0.305154 -1.14403 51.3314 -329.483 7897.93 -295.478 -0.305154
3.34178 -54.9264 329.092 6994.56 1222.33 0.265051 -2.2784 52.4836 -329.092 8036.71 -368.384 -0.265051
5.05194 -55.0281 328.704 7024.53 1696.07 0.22199 -3.63322 52.7281 -328.704 8055.16 -410.873 -0.22199
6.72518 -54.4444 328.254 6955.08 2176.63 0.176111 -5.19659 52.0656 -328.254 7950.13 -436.217 -0.176111
8.45964 -53.0807 327.811 6790.69 2658.22 0.12759 -6.70912 50.6497 -327.811 7725.38 -461.147 -0.12759
10.339 -50.9419 327.375 6534.65 3134.5 0.0766082 -7.91966 48.5291 -327.375 7385.12 -502.757 -0.0766082
11.8892 -48.0281 326.824 6188.35 3604.46 0.0233291 -9.3115 45.754 -326.824 6935.03 -558.757 -0.0233291
13.1938 -44.3602 326.172 5758.66 4067.57 -0.032085 -10.8138 42.3919 -326.172 6380.61 -626.85 0.032085
14.4847 -39.9711 325.538 5248.3 4517.25 -0.0894417 -12.113 38.4103 -325.538 5719.22 -711.851 0.0894417
15.6641 -34.9765 325.143 4660.44 4949.58 -0.148508 -13.2161 33.6669 -325.143 4943.97 -822.498 0.148508
16.7313 -29.3881 324.775 4007.56 5370.89 -0.209034 -14.2397 28.3485 -324.775 4070.2 -948.961 0.209034
17.7499 -23.1549 324.317 3296.61 5787.49 -0.270805 -15.2511 22.5972 -324.317 3103.7 -1079.28 0.270805
18.7777 -16.4477 324.017 2534.98 6202.47 -0.333674 -16.2874 16.309 -324.017 2046.45 -1203.22 0.333674
19.9997 -9.38164 323.955 1734.72 6633.28 -0.397545 -17.5205 9.60651 -323.955 919.667 -1288.31 0.397545
21.4296 -2.19153 323.947 907.697 7080.89 -0.462302 -18.9652 2.69459 -323.947 -227.002 -1331.6 0.462302
22.8845 4.81628 323.216 80.304 7518.15 -0.527738 -20.4197 -4.27853 -323.216 -1356.35 -1359.98 0.527738
24.3383 11.4593 322.179 -723.706 7947.06 -0.593559 -21.8274 -10.9838 -322.179 -2420.58 -1386.91 0.593559
25.6962 17.7252 321.218 -1495.49 8362.37 -0.659436 -23.1173 -17.2379 -321.218 -3401.12 -1430.22 0.659436
26.6976 23.5104 319.982 -2206.89 8738.55 -0.725035 -24.1945 -22.8465 -319.982 -4284.45 -1514.18 0.725035
27.1385 28.6619 318.874 -2848.74 9075.14 -0.790056 -25.2627 -27.8002 -318.874 -5056.98 -1638.25 0.790056
27.3454 33.3941 318.125 -3427.86 9379.31 -0.854254 -26.107 -32.0363 -318.125 -5733.11 -1793.95 0.854254
27.7319 37.3022 317.455 -3928.82 9647.04 -0.917436 -26.3482 -35.7399 -317.455 -6297.54 -1972.55 0.917436
28.0454 40.4759 316.536 -4342.03 9884.84 -0.979438 -26.4746 -38.7823 -316.536 -6754.35 -2147.74 0.979438
28.2525 42.9033 315.349 -4662.94 10104.9 -1.04011 -26.7916 -41.1391 -315.349 -7103.04 -2293.6 1.04011
28.5773 44.4713 314.035 -4887.15 10312.6 -1.09928 -27.192 -42.8852 -314.035 -7342.65 -2399.26 1.09928
29.1582 45.506 312.849 -5011.84 10508.3 -1.15678 -27.5345 -43.6575 -312.849 -7470.83 -2465.23 1.15678
30.0125 45.9207 312.059 -5040.02 10694.4 -1.21236 -27.7951 -43.5998 -312.059 -7492.56 -2494.89 1.21236
30.778 45.477 311.708 -4976.53 10869.6 -1.26579 -28.2801 -43.0278 -311.708 -7413.86 -2494.56 1.26579
31.2826 44.3836 311.747 -4826.7 11026.2 -1.31679 -28.9922 -41.8007 -311.747 -7238.88 -2480.44 1.31679
31.6591 42.7987 312.004 -4597.56 11150.1 -1.36511 -29.5337 -39.8548 -312.004 -6973.82 -2475.27 1.36511
31.9323 40.701 312.35 -4297.98 11229.4 -1.41049 -29.6642 -37.3259 -312.35 -6625.84 -2497.65 1.41049
32.1625 37.9725 312.717 -3940.56 11264.8 -1.45272 -29.3186 -34.5112 -312.717 -6207.42 -2548.73 1.45272
32.3222 34.799 313.099 -3534.35 11268.7 -1.49163 -28.7314 -31.3719 -313.099 -5730.07 -2612.15 1.49163
31.939 31.3353 313.502 -3088.52 11255.1 -1.52709 -28.5974 -27.9032 -313.502 -5205.65 -2670.56 1.52709
31.2909 27.6572 313.988 -2613.44 11228.1 -1.55903 -28.7055 -24.2018 -313.988 -4647.9 -2718.95 1.55903
30.6271 23.8504 314.667 -2124.68 11181.1 -1.58737 -28.6708 -20.3657 -314.667 -4066.99 -2769.5 1.58737
30.3646 19.959 315.485 -1632.61 11107.1 -1.61206 -27.9941 -16.4532 -315.485 -3466.84 -2826.72 1.61206
29.9566 16.109 316.253 -1151.2 11012.4 -1.63304 -27.3781 -12.5907 -316.253 -2868.85 -2875.29 1.63304
29.4 12.3986 316.773 -687.403 10903.1 -1.65026 -26.9396 -8.87472 -316.773 -2293.26 -2905.35 1.65026
28.8907 8.88468 317.095 -250.417 10781.3 -1.66368 -26.5141 -5.35766 -317.095 -1746.22 -2914.73 1.66368
28.4369 5.66169 317.359 147.693 10647.2 -1.67331 -26.0991 -2.13111 -317.359 -1241.68 -2902.67 1.67331
28.0294 2.80305 317.619 498.535 10500.2 -1.67913 -25.6694 0.731998 -317.619 -791.728 -2873.34 1.67913
27.6127 0.379167 317.915 794.546 10339 -1.68112 -25.2482 3.16147 -317.915 -408.481 -2830.03 1.68112
27.1665 -1.55873 318.225 1030.28 10161.5 -1.67924 -24.7974 5.10403 -318.225 -101.116 -2778.73 1.67924
26.646 -2.97387 318.47 1201.3 9963.83 -1.67345 -24.2888 6.52309 -318.47 124.528 -2725.88 1.67345
26.0523 -3.85938 318.618 1306.17 9745.31 -1.66374 -23.6925 7.40952 -318.618 267.666 -2674.8 1.66374
25.3741 -4.18371 318.625 1342.05 9506.62 -1.65013 -23.0204 7.73383 -318.625 322.571 -2626.07 1.65013
24.642 -3.96112 318.525 1311.52 9251.94 -1.63265 -22.2953 7.51036 -318.525 290.689 -2576.41 1.63265
23.8855 -3.20122 318.419 1217.34 8987.85 -1.61139 -21.5645 6.7541 -318.419 172.68 -2521.65 1.61139
23.1461 -1.9252 318.24 1061.55 8715.39 -1.58643 -20.8264 5.48583 -318.24 -27.5991 -2457.19 1.58643
22.447 -0.152284 317.941 846.8 8434.06 -1.55787 -20.0816 3.72384 -317.941 -307.565 -2379.3 1.55787
21.7866 2.06198 317.531 578.589 8145.88 -1.5258 -19.3521 1.50959 -317.531 -659.123 -2287.08 1.5258
21.0803 4.64812 317.139 265.386 7854.58 -1.49034 -18.7613 -1.09868 -317.139 -1072.88 -2178.79 1.49034
20.1996 7.50967 316.971 -81.47 7564.15 -1.45158 -18.4227 -4.00825 -316.971 -1533.71 -2060.48 1.45158
19.1804 10.5704 316.956 -450.822 7262.75 -1.40961 -18.0805 -7.10347 -316.956 -2025.92 -1951.09 1.40961
18.4942 13.8196 316.781 -839.029 6937.2 -1.36455 -17.0785 -10.2938 -316.781 -2538.96 -1863.36 1.36455
17.6341 17.2492 316.46 -1238.85 6598.43 -1.31651 -16.0703 -13.4726 -316.46 -3064.04 -1787.71 1.31651
16.6188 20.7988 315.972 -1641.62 6252.5 -1.26569 -15.1569 -16.5855 -315.972 -3593.75 -1713.45 1.26569
15.6382 24.3079 315.367 -2044.04 5902.03 -1.2123 -14.2066 -19.732 -315.367 -4122.85 -1635.03 1.2123
14.7407 27.5855 314.934 -2441.09 5554.63 -1.15658 -13.3111 -23.0385 -314.934 -4647.34 -1540.39 1.15658
13.8752 30.7275 314.667 -2826.22 5214.88 -1.09877 -12.5684 -26.3132 -314.667 -5160.33 -1427.55 1.09877
12.904 33.6354 314.502 -3188.06 4879.15 -1.03908 -11.9971 -29.4569 -314.502 -5645.52 -1309.55 1.03908
11.9232 36.199 314.265 -3518.63 4536.64 -0.977717 -11.3216 -32.3917 -314.265 -6084.55 -1200.75 0.977717
11.249 38.4492 313.767 -3808.28 4184.03 -0.914902 -10.1927 -34.9347 -313.767 -6465.79 -1102.47 0.914902
10.6428 40.4041 313.037 -4045.9 3826.78 -0.85087 -8.96669 -36.9163 -313.037 -6779.13 -1003.72 0.85087
9.61123 41.7896 312.294 -4224.29 3472.48 -0.785888 -8.22285 -38.4933 -312.294 -7015.38 -899.977 0.785888
8.66978 42.5362 311.711 -4338.33 3121.94 -0.720232 -7.43336 -39.6597 -311.711 -7169.07 -793.724 0.720232
7.87072 42.7522 311.407 -4382.96 2775.28 -0.654182 -6.54215 -40.2234 -311.407 -7233.56 -685.604 0.654182
7.02865 42.5346 311.291 -4352.66 2432.09 -0.588012 -5.73092 -40.0055 -311.291 -7202.89 -575.723 0.588012
6.01759 41.7209 311.243 -4245.61 2089.21 -0.521979 -5.07365 -39.1592 -311.243 -7077.55 -468.248 0.521979
4.87087 40.2905 311.288 -4064.52 1741.81 -0.456335 -4.43325 -37.741 -311.288 -6859.88 -372.834 0.456335
3.85601 38.2905 311.5 -3813.34 1386.32 -0.391329 -3.47724 -35.7529 -311.5 -6552.79 -295.006 0.391329
2.89614 35.7573 311.898 -3497.31 1024.68 -0.327224 -2.3427 -33.239 -311.898 -6162.36 -228.276 0.327224
1.82527 32.7449 312.482 -3122.59 662.316 -0.264298 -1.27745 -30.2462 -312.482 -5696.51 -166.614 0.264298
0.734544 29.2901 313.164 -2697.66 303.89 -0.202843 -0.266058 -26.8306 -313.164 -5159.79 -104.119 0.202843
-0.253819 25.45 313.959 -2230.35 -45.5037 -0.143151 0.681219 -23.0401 -313.959 -4559.05 -27.3508 0.143151
-1.15517 21.3085 314.825 -1729.62 -385.862 -0.0854892 1.57619 -18.9242 -314.825 -3904.02 59.8857 0.0854892
-1.96936 16.9432 315.92 -1203.48 -715.524 -0.0300747 2.39658 -14.474 -315.92 -3196.32 159.095 0.0300747
-2.73931 12.5426 317.1 -667.547 -1036.57 0.0229224 3.16478 -9.80464 -317.1 -2462.82 263.196 -0.0229224
-3.50188 8.21395 318.276 -138.389 -1352.6 0.0733643 3.92081 -5.07023 -318.276 -1723.55 365.048 -0.0733643
-4.28115 4.00319 319.342 363.719 -1665.13 0.121134 4.69222 -0.616366 -319.342 -1012.99 458.916 -0.121134
-5.05859 -0.0021665 320.254 822.735 -1973.69 0.166127 5.46672 3.33401 -320.254 -358.549 548.637 -0.166127
-5.81606 -3.61775 320.992 1229.22 -2276.01 0.20823 6.22132 6.79994 -320.992 226.063 637.711 -0.20823
-6.56394 -6.80194 321.507 1576.8 -2573.13 0.247325 6.9608 9.72391 -321.507 733.35 725.049 -0.247325
-7.33713 -9.47221 321.75 1860.79 -2866.74 0.283292 7.71493 12.0396 -321.75 1147.16 803.312 -0.283292
-8.14043 -11.5051 321.856 2080.32 -3155.82 0.316022 8.50636 13.8609 -321.856 1467.06 867.66 -0.316022
-8.936 -12.8855 321.926 2235.43 -3437.54 0.345409 9.32761 15.1817 -321.926 1689.98 921.616 -0.345409
-9.69378 -13.7919 322.004 2326.18 -3708.46 0.371356 10.1419 15.8401 -322.004 1818.24 971.113 -0.371356
-10.4356 -14.2631 322.107 2355.59 -3963.71 0.393792 10.8437 15.8801 -322.107 1860.38 1022.97 -0.393792
-11.2653 -14.2011 322.17 2329.6 -4203.02 0.412673 11.3195 15.4949 -322.17 1823.78 1078.29 -0.412673
-12.1858 -13.6837 322.113 2256.28 -4430.63 0.427982 11.6513 14.7326 -322.113 1717.99 1129.4 -0.427982
-12.8693 -12.8642 321.919 2142.47 -4652.17 0.439733 12.2653 13.5679 -321.919 1554.1 1168.17 -0.439733
-13.4304 -11.7012 321.652 1995.04 -4867.64 0.447962 13.0427 12.158 -321.652 1341.46 1195.2 -0.447962
-14.0686 -10.3368 321.377 1822.34 -5072.06 0.452721 13.682 10.5008 -321.377 1091.27 1219.79 -0.452721
-14.6828 -8.9458 321.118 1633.57 -5261.45 0.454072 14.2175 8.5867 -321.118 817.466 1247.29 -0.454072
-15.209 -7.48594 320.891 1439.81 -5434.52 0.452092 14.7005 6.65254 -320.891 536.216 1278.2 -0.452092
-15.6453 -6.02406 320.679 1251.83 -5591.28 0.446873 15.1319 4.82284 -320.679 263.529 1312.67 -0.446873
-16.0061 -4.58105 320.465 1079 -5731.47 0.438528 15.4908 3.24812 -320.465 14.015 1351.36 -0.438528
-16.308 -3.23194 320.249 926.018 -5856.06 0.427205 15.7954 1.93368 -320.249 -205.777 1390.35 -0.427205
-16.5573 -2.08998 320.044 795.411 -5966.71 0.413081 16.0748 0.806215 -320.044 -392.785 1426.34 -0.413081
-16.7617 -1.16267 319.87 688.911 -6064 0.396361 16.3324 -0.11845 -319.87 -545.478 1458.42 -0.396361
-16.9952 -0.454667 319.705 608.348 -6148.42 0.377253 16.5174 -0.811906 -319.705 -661.055 1483.79 -0.377253
-17.378 0.0136495 319.561 554.866 -6222.52 0.355972 16.5623 -1.27517 -319.561 -737.95 1497.63 -0.355972
-17.9057 0.20011 319.448 529.659 -6291.54 0.332732 16.5639 -1.52851 -319.448 -774.293 1492.26 -0.332732
-18.2498 0.0554525 319.372 534.305 -6359.03 0.307738 16.9055 -1.59228 -319.372 -767.617 1463.59 -0.307738
-18.5604 -0.43173 319.371 571.627 -6422.01 0.281176 17.3628 -1.42952 -319.371 -713.974 1418.96 -0.281176
-19.1174 -1.18053 319.474 644.731 -6475.08 0.253211 17.534 -0.907631 -319.474 -609.236 1370.02 -0.253211
-19.7531 -2.16507 319.669 755.249 -6518.11 0.223982 17.5596 0.0297196 -319.669 -450.774 1320.49 -0.223982
-20.0077 -3.43046 319.939 901.731 -6552.8 0.19362 17.9083 1.31134 -319.939 -240.786 1270.76 -0.19362
-20.1823 -4.96837 320.277 1081.07 -6576.13 0.162257 18.2093 2.89475 -320.277 16.7227 1227.57 -0.162257
-20.5246 -6.70026 320.647 1288.5 -6585.25 0.130034 18.1491 4.78274 -320.647 315.912 1197.3 -0.130034
-20.9004 -8.53899 321.019 1516.74 -6585.05 0.0971073 17.9468 6.93741 -321.019 646.564 1172.92 -0.0971073
-20.9469 -10.4613 321.362 1755.45 -6582.17 0.0636509 18.0913 9.19845 -321.362 993.331 1143.44 -0.0636509
-21.0732 -12.5507 321.665 1995.46 -6577.99 0.0298445 18.1952 11.3196 -321.665 1342.62 1107.18 -0.0298445
-21.4593 -14.5971 321.965 2228.72 -6573.24 -0.00413796 18.0872 13.3537 -321.965 1680.44 1063.7 0.00413796
-21.7686 -16.4512 322.231 2450.15 -6570.63 -0.0381372 18.1346 15.3704 -322.231 2000.76 1011.36 0.0381372
-21.8924 -18.0451 322.476 2652.31 -6570.18 -0.0720128 18.4272 17.3081 -322.476 2292.87 952.839 0.0720128
-22.007 -19.3803 322.707 2826.15 -6566.53 -0.105642 18.673 19.0073 -322.707 2543.71 898.933 0.105642
-22.1759 -20.5572 322.931 2963.31 -6554.92 -0.138912 18.711 20.217 -322.931 2740.58 858.571 0.138912
-22.384 -21.4103 323.077 3060.37 -6536.37 -0.171709 18.571 21.0569 -323.077 2880.46 830.676 0.171709
-22.4877 -21.7958 323.103 3114.49 -6515.67 -0.20391 18.4837 21.6197 -323.103 2959.07 807.842 0.20391
-22.1502 -21.6838 323.008 3122.44 -6493.87 -0.235381 18.8098 21.8826 -323.008 2972.24 787.802 0.235381
-22.0073 -21.14 322.831 3079.77 -6466.21 -0.265986 18.8351 21.7017 -322.831 2913.46 776.761 0.265986
-21.7721 -20.3634 322.607 2984.15 -6429.61 -0.29559 18.8031 20.8339 -322.607 2778.93 777.705 0.29559
-21.3094 -19.2911 322.354 2839.04 -6383.16 -0.324061 18.8551 19.3978 -322.354 2572.95 788.91 0.324061
-21.0934 -17.8379 322.08 2652.29 -6326.84 -0.351276 18.5391 17.605 -322.08 2305.39 807.224 0.351276
-20.8649 -15.9359 321.744 2433.52 -6265.19 -0.377114 18.2276 15.6985 -321.744 1991.14 821.379 0.377114
-20.4631 -13.79 321.337 2189.59 -6202.38 -0.401454 18.1769 13.5969 -321.337 1640.6 822.159 0.401454
-19.9661 -11.5622 320.915 1925.95 -6135.93 -0.424186 18.2826 11.2115 -320.915 1258.59 810.802 0.424186
-19.6469 -9.34429 320.52 1652.41 -6059.03 -0.44522 18.1543 8.62671 -320.52 859.973 796.896 0.44522
-19.4751 -7.14921 320.15 1380.93 -5969.57 -0.464493 17.7858 6.05362 -320.15 464.135 783.492 0.464493
-19.1827 -4.8688 319.815 1122.53 -5869.69 -0.481962 17.4814 3.80559 -319.815 88.7551 767.618 0.481962
-18.8262 -2.73722 319.551 883.964 -5761.08 -0.497595 17.2184 1.76407 -319.551 -256.727 746.281 0.497595
-18.4643 -0.829185 319.321 668.095 -5643.11 -0.511362 16.9224 -0.104114 -319.321 -569.36 720.984 0.511362
-18.0839 0.811361 319.101 479.206 -5514.24 -0.523231 16.5682 -1.76546 -319.101 -842.588 695.581 0.523231
-17.6707 2.12779 318.907 320.608 -5374.58 -0.533175 16.1655 -3.23198 -318.907 -1073.48 670.824 0.533175
-17.2053 3.05309 318.737 198.211 -5223.76 -0.541182 15.7155 -4.45904 -318.737 -1252.31 648.867 0.541182
-16.6843 3.59592 318.623 118.175 -5062.23 -0.547254 15.2168 -5.32822 -318.623 -1369.89 630.852 0.547254
-16.1152 3.8674 318.552 84.8542 -4890.64 -0.551398 14.6701 -5.65549 -318.552 -1420.37 616.249 0.551398
-15.51 3.64965 318.541 100.579 -4710.28 -0.553625 14.0849 -5.61684 -318.541 -1400.2 603.358 0.553625
-14.8829 2.91695 318.641 167.416 -4522.93 -0.553956 13.479 -5.20203 -318.641 -1306.43 589.473 0.553956
-14.2481 1.81355 318.869 286.756 -4330.5 -0.552427 12.8738 -4.23791 -318.869 -1136.41 571.544 0.552427
-13.62 0.355936 319.183 456.886 -4134.66 -0.549094 12.2789 -2.73168 -319.183 -891.74 547.894 0.549094
-13.0088 -1.5229 319.576 673.674 -3935.47 -0.544037 11.6808 -0.820632 -319.576 -578.117 518.983 0.544037
-12.4313 -3.77438 320.077 930.241 -3734.02 -0.537349 11.0783 1.42179 -320.077 -205.74 483.795 0.537349
-11.842 -6.32862 320.638 1221.4 -3529.73 -0.529143 10.4829 3.98067 -320.638 218.705 446.414 0.529143
-11.1438 -9.11181 321.231 1541.35 -3321.93 -0.519548 9.96355 6.83882 -321.231 688.276 410.151 0.519548
-10.2451 -11.9841 321.836 1879.21 -3107.18 -0.508703 9.5396 9.92429 -321.836 1184.22 381.679 0.508703
-9.29652 -14.8368 322.397 2222.38 -2881.35 -0.496751 8.98224 13.1115 -322.397 1686.37 367.759 0.496751
-8.56592 -17.6319 322.957 2558.3 -2644.41 -0.483834 8.0312 16.1831 -322.957 2171.55 367.349 0.483834
-7.73259 -20.3725 323.454 2876.26 -2403.02 -0.470078 7.12427 18.9736 -323.454 2627.71 370.695 0.470078
-6.85985 -22.8077 323.833 3167.29 -2164.31 -0.455598 6.34678 21.5823 -323.833 3042.62 364.136 0.455598
-6.08467 -24.8384 324.101 3422.63 -1932.01 -0.440506 5.63595 23.9575 -324.101 3403.96 341.018 0.440506
-5.41947 -26.505 324.325 3632.82 -1706.67 -0.424928 5.00254 25.9083 -324.325 3700.06 298.655 0.424928
-4.85127 -27.869 324.537 3791.51 -1487.97 -0.409017 4.43532 27.2804 -324.537 3924.33 240.124 0.409017
-4.31948 -28.7657 324.61 3894.71 -1272.98 -0.392949 3.91399 28.1673 -324.61 4070.78 173.778 0.392949
-3.79055 -29.1658 324.529 3941.68 -1058.92 -0.376912 3.39687 28.5974 -324.529 4139.99 107.343 0.376912
-3.23247 -29.0932 324.347 3932.29 -843.763 -0.361085 2.85886 28.5516 -324.347 4132.8 46.7881 0.361085
-2.63912 -28.5537 324.101 3866.86 -626.592 -0.345623 2.27966 28.0268 -324.101 4049.26 -5.10807 0.345623
-1.99682 -27.5726 323.824 3747.83 -406.706 -0.330659 1.65452 27.036 -323.824 3892.26 -46.4725 0.330659
-1.32494 -26.1467 323.545 3577.64 -185.873 -0.316311 0.99554 25.6102 -323.545 3663.3 -79.9304 0.316311
-0.631823 -24.2663 323.256 3359.81 33.8184 -0.30269 0.319463 23.7973 -323.256 3364.18 -106.91 0.30269
0.0412605 -21.9238 322.944 3097.89 249.054 -0.289898 -0.340176 21.6598 -322.944 2999.07 -134.563 0.289898
0.700426 -19.15 322.607 2794.5 459.459 -0.278025 -0.98278 19.2153 -322.607 2572.09 -161.748 0.278025
1.32817 -16.0503 322.209 2451.82 662.851 -0.267153 -1.59676 16.3757 -322.209 2083.51 -190.361 0.267153
1.91958 -12.7746 321.79 2074.88 858.564 -0.257352 -2.16978 13.0792 -321.79 1540.62 -222.147 0.257352
2.44835 -9.25655 321.37 1671.93 1045.08 -0.248693 -2.68245 9.52839 -321.37 954.241 -261.971 0.248693
2.94537 -5.62517 320.964 1256.45 1223.63 -0.241253 -3.16406 5.90744 -320.964 354.712 -302.656 0.241253
3.37757 -1.93506 320.649 834.82 1392.48 -0.235098 -3.59048 2.23761 -320.649 -253.731 -350.439 0.235098
3.7474 1.75032 320.305 414.319 1550.42 -0.23027 -3.95034 -1.42402 -320.305 -861.485 -405.401 0.23027
4.12554 5.28859 319.856 6.8326 1701.53 -0.2268 -4.29784 -4.94724 -319.856 -1442.3 -454.165 0.2268
4.52332 8.63882 319.205 -380.657 1847.16 -0.224731 -4.6357 -8.28824 -319.205 -1991.3 -496.144 0.224731
4.91346 11.7128 318.481 -739.002 1988.37 -0.224111 -5.01406 -11.3578 -318.481 -2492.8 -529.174 0.224111
5.21657 14.4697 317.819 -1062.23 2124.46 -0.224986 -5.49965 -14.1101 -317.819 -2940.64 -554.306 0.224986
5.37895 16.8775 317.328 -1345.51 2250.8 -0.227376 -6.05771 -16.5126 -317.328 -3330.6 -579.249 0.227376
5.57011 18.8735 317.034 -1582.73 2360.81 -0.231268 -6.40878 -18.5019 -317.034 -3651.19 -612.809 0.231268
5.82723 20.4447 316.834 -1770.83 2451.84 -0.23662 -6.47251 -20.0672 -316.834 -3902.08 -658.407 0.23662
5.91238 21.5753 316.615 -1906.73 2526.27 -0.243393 -6.53519 -21.1921 -316.615 -4081.88 -711.673 0.243393
5.9203 22.2472 316.354 -1988.03 2587.76 -0.251567 -6.583 -21.8587 -316.354 -4187.93 -764.96 0.251567
6.02586 22.4607 316.067 -2013.94 2639.39 -0.261151 -6.50429 -22.0645 -316.067 -4220.7 -812.502 0.261151
6.2836 22.2155 315.82 -1984.27 2686.47 -0.272168 -6.34346 -21.8086 -315.82 -4180.22 -845.748 0.272168
6.51531 21.5207 315.673 -1900.01 2734.31 -0.284637 -6.37076 -21.1014 -315.673 -4068.24 -857.122 0.284637
6.6324 20.3864 315.678 -1762.93 2782.53 -0.298544 -6.65208 -19.9599 -315.678 -3886.78 -849.402 0.298544
6.83814 18.8192 315.877 -1575.18 2825.13 -0.313839 -6.85196 -18.3985 -315.877 -3636.62 -835.05 0.313839
7.03192 16.8322 316.269 -1339.8 2855.73 -0.330439 -6.92817 -16.4316 -316.269 -3318.6 -827.677 0.330439
7.06474 14.4731 316.785 -1061.72 2870.64 -0.348253 -6.94533 -14.0884 -316.785 -2938.54 -835.403 0.348253
6.84177 11.7923 317.377 -745.952 2867.89 -0.367207 -6.95938 -11.3769 -317.377 -2499.62 -861.69 0.367207
6.41403 8.89039 317.961 -400.901 2845.65 -0.387251 -6.89891 -8.34903 -317.961 -2014.75 -907.618 0.387251
6.08894 5.82637 318.549 -34.8516 2804.73 -0.408366 -6.48982 -5.06162 -318.549 -1491.88 -969.308 0.408366
5.80238 2.6682 319.063 338.521 2751.51 -0.430549 -5.93476 -1.71517 -319.063 -954.902 -1033.81 0.430549
5.33987 -0.615429 319.522 708.011 2694.4 -0.453793 -5.62337 1.44874 -319.522 -422.031 -1085.01 0.453793
4.94685 -3.88245 319.973 1065.17 2636.68 -0.478067 -5.38276 4.41075 -319.973 92.5887 -1116.04 0.478067
4.72013 -6.90521 320.496 1405.83 2578.77 -0.503297 -5.13215 7.32576 -320.496 582.952 -1125.07 0.503297
4.57349 -9.63401 321.061 1722.97 2519.1 -0.529373 -4.90578 10.0946 -321.061 1035.24 -1117.78 0.529373
4.56096 -12.1294 321.586 2010.69 2456.98 -0.556158 -4.63041 12.6042 -321.586 1448 -1096.22 0.556158
4.64291 -14.2849 321.974 2258.67 2391.87 -0.583508 -4.30426 14.7429 -321.974 1801.02 -1065.62 0.583508
4.53932 -16.0483 322.191 2462.69 2323.37 -0.611283 -4.16889 16.5079 -322.191 2090.84 -1030.95 0.611283
4.30244 -17.36 322.278 2618.89 2248.73 -0.639349 -4.10411 17.9061 -322.278 2313.92 -998.966 0.639349
4.0878 -18.1549 322.286 2722.49 2163.66 -0.667573 -3.85052 18.9137 -322.286 2462.59 -979.889 0.667573
3.90464 -18.439 322.254 2769.39 2067.35 -0.695811 -3.36245 19.4587 -322.254 2531.71 -977.976 0.695811
3.73384 -18.3022 322.178 2756.4 1965.87 -0.723922 -2.76604 19.4001 -322.178 2517.36 -984.335 0.723922
3.38764 -17.7128 322.045 2682.79 1866.65 -0.75178 -2.38167 18.7512 -322.045 2417.65 -987.83 0.75178
2.98012 -16.6051 321.855 2551.05 1773 -0.779271 -2.15198 17.6138 -321.855 2235.15 -983.838 0.779271
2.70816 -14.9855 321.621 2365.35 1684.85 -0.806286 -1.87946 16.0436 -321.621 1974.41 -972.379 0.806286
2.59634 -12.8827 321.394 2131.69 1604.08 -0.83271 -1.56564 14.0973 -321.394 1641.38 -951.658 0.83271
2.63106 -10.3288 321.146 1852.44 1532.61 -0.858411 -1.25793 11.7718 -321.146 1237.72 -918.882 0.858411
2.66098 -7.45029 320.884 1532.43 1472.56 -0.883246 -1.12853 9.04085 -320.884 772.66 -873.221 0.883246
2.62965 -4.36795 320.589 1180.05 1422.07 -0.90706 -1.17109 5.96515 -320.589 263.191 -821.616 0.90706
2.58986 -1.06902 320.267 800.409 1375.06 -0.929692 -1.19761 2.61939 -320.267 -287.129 -776.879 0.929692
2.54994 2.36283 319.853 405.176 1328.53 -0.95098 -1.13223 -0.856606 -319.853 -858.681 -745.468 0.95098
2.47222 5.81174 319.376 6.05396 1282.79 -0.97077 -1.01758 -4.33726 -319.376 -1429.39 -727 0.97077
2.34742 9.23412 318.788 -388.953 1239.11 -0.988915 -0.879744 -7.75397 -318.788 -1991.56 -720.404 0.988915
2.206 12.5404 318.199 -768.719 1201.02 -1.00529 -0.761295 -10.9688 -318.199 -2524.47 -718.963 1.00529
2.10099 15.7031 317.658 -1127.73 1172.62 -1.0198 -0.702554 -13.9309 -317.658 -3022.69 -713.718 1.0198
2.07299 18.6538 317.161 -1462.08 1155.23 -1.03237 -0.691594 -16.6644 -317.161 -3483.9 -701.979 1.03237
2.20678 21.2066 316.78 -1765.51 1150.67 -1.04289 -0.687883 -19.2132 -316.78 -3894.52 -679.373 1.04289
2.52783 23.4289 316.423 -2034.87 1160.89 -1.05125 -0.698058 -21.5025 -316.423 -4256.63 -643.374 1.05125
2.88198 25.3211 316.042 -2263.79 1187.4 -1.05731 -0.89521 -23.4349 -316.042 -4563 -592.841 1.05731
3.14454 26.8285 315.672 -2446.45 1227.55 -1.06095 -1.33125 -24.9642 -315.672 -4805.37 -535.295 1.06095
3.36289 27.932 315.339 -2579.83 1275.17 -1.06203 -1.84497 -26.0741 -315.339 -4981.79 -480.487 1.06203
3.59485 28.6081 315.07 -2661.21 1323.47 -1.06045 -2.25784 -26.7516 -315.07 -5089.86 -438.506 1.06045
4.04515 28.8391 314.884 -2689.12 1370.5 -1.05612 -2.33632 -26.9958 -314.884 -5128.45 -411.449 1.05612
4.4088 28.6015 314.782 -2662.93 1420.36 -1.049 -2.46601 -26.8214 -314.782 -5096.95 -392.126 1.049
4.61228 27.871 314.755 -2582.36 1477.14 -1.03904 -2.80311 -26.2479 -314.755 -4994.99 -373.058 1.03904
4.85839 26.6457 314.799 -2447.23 1540.68 -1.02623 -3.15211 -25.273 -314.799 -4822.16 -353.09 1.02623
5.16797 24.9645 314.951 -2256.98 1609.24 -1.01059 -3.46536 -23.8298 -314.951 -4575.08 -334.206 1.01059
5.4986 22.8426 315.217 -2012.72 1682.2 -0.992133 -3.77879 -21.9158 -315.217 -4254.45 -316.711 0.992133
5.82635 20.2781 315.616 -1716.79 1759.12 -0.970925 -4.11081 -19.5568 -315.616 -3861.25 -300.929 0.970925
6.16233 17.3722 316.146 -1373.1 1840.2 -0.947026 -4.46804 -16.6904 -316.146 -3397.03 -284.592 0.947026
6.52192 14.1117 316.795 -988.256 1925.44 -0.920519 -4.85186 -13.4177 -316.795 -2867.48 -265.34 0.920519
6.89731 10.5393 317.485 -571.261 2013.37 -0.891501 -5.24792 -9.85831 -317.485 -2286.33 -244.845 0.891501
7.27967 6.73454 318.202 -131.334 2102.64 -0.860079 -5.64806 -6.07417 -318.202 -1664.14 -224.138 0.860079
7.65544 2.80752 318.916 320.047 2191.65 -0.826371 -6.04241 -2.16879 -318.916 -1019.34 -204.887 0.826371
8.02621 -1.1314 319.702 770.725 2279.48 -0.790505 -6.43206 1.75552 -319.702 -369.521 -185.812 0.790505
8.34987 -4.93513 320.534 1206.91 2362.52 -0.752614 -6.77588 5.5489 -320.534 257.552 -174.923 0.752614
8.65148 -8.56582 321.412 1621.37 2441.79 -0.712846 -7.09652 9.17286 -321.412 858.424 -166.599 0.712846
8.95731 -11.9438 322.208 2006.76 2519.84 -0.67137 -7.42274 12.5437 -322.208 1417.55 -155.706 0.67137
9.22508 -14.9055 322.749 2347.48 2592.35 -0.628385 -7.71059 15.498 -322.749 1904.83 -150.044 0.628385
9.46929 -17.4307 323.003 2638.64 2659.77 -0.584106 -7.9767 18.0144 -323.003 2319.26 -145.699 0.584106
9.69221 -19.4454 323.114 2873.18 2722.12 -0.538767 -8.2181 20.0203 -323.114 2647.44 -142.785 0.538767
9.8754 -20.9333 323.13 3046.98 2777.09 -0.492598 -8.41786 21.4989 -323.13 2888.83 -143.917 0.492598
10.0192 -21.8864 323.108 3158.25 2824.65 -0.445812 -8.57793 22.443 -323.108 3043.1 -148.724 0.445812
10.1172 -22.3001 323.089 3206.49 2864.94 -0.398613 -8.70721 22.8476 -323.089 3109.37 -157.001 0.398613
10.1708 -22.1766 323.016 3191.17 2897.3 -0.351213 -8.80337 22.7154 -323.016 3088.9 -168.227 0.351213
10.2043 -21.5313 322.864 3114.16 2921.97 -0.303833 -8.8528 22.0618 -322.864 2984.1 -181.158 0.303833
10.2706 -20.3871 322.65 2978.97 2940.15 -0.256711 -8.8244 20.9096 -322.65 2797.87 -193.962 0.256711
10.3899 -18.7762 322.384 2790.03 2954.59 -0.210091 -8.75025 19.2904 -322.384 2534.73 -202.035 0.210091
10.4444 -16.7338 322.065 2551.98 2966.72 -0.164213 -8.77007 17.2382 -322.065 2199.71 -203.746 0.164213
10.4292 -14.314 321.719 2271.26 2976.08 -0.119301 -8.87992 14.8065 -321.719 1801.41 -199.902 0.119301
10.4303 -11.5703 321.367 1954.96 2978.68 -0.0755682 -8.89266 12.0497 -321.367 1347.9 -200.604 0.0755682
10.2324 -8.5951 321.056 1612.73 2971.94 -0.0332273 -8.97166 9.06492 -321.056 856.003 -210.542 0.0332273
10.0059 -5.49009 320.797 1254.9 2952.91 0.0075058 -8.89253 5.95827 -320.797 344.471 -234.331 -0.0075058
9.79058 -2.30544 320.59 889.391 2920.53 0.0464213 -8.5784 2.78129 -320.59 -180.371 -276.098 -0.0464213
9.44169 0.900768 320.27 521.411 2876.72 0.083318 -8.22631 -0.420477 -320.27 -709.226 -330.461 -0.083318
9.04943 4.02607 319.783 159.882 2827.66 0.11799 -7.88918 -3.57228 -319.783 -1226.22 -383.628 -0.11799
8.69598 6.97559 319.123 -186.472 2777.97 0.150224 -7.58101 -6.61387 -319.123 -1718.35 -426.751 -0.150224
8.39267 9.67015 318.417 -508.928 2728.83 0.17981 -7.30442 -9.47323 -318.417 -2173.21 -459.027 -0.17981
8.1389 12.0803 317.805 -799.126 2681 0.206567 -7.06782 -12.0367 -317.805 -2579.12 -480.101 -0.206567
7.90876 14.241 317.361 -1050.73 2632.98 0.230345 -6.85256 -14.174 -317.361 -2929.04 -494.677 -0.230345
7.67925 16.0257 317.061 -1259.47 2582.86 0.251029 -6.63613 -15.945 -317.061 -3217.96 -507.205 -0.251029
7.41153 17.3729 316.864 -1421.84 2527.91 0.26853 -6.39071 -17.3507 -316.864 -3440.9 -524.299 -0.26853
7.07984 18.2768 316.707 -1535.21 2466.62 0.282773 -6.10335 -18.3601 -316.707 -3595.3 -549.872 -0.282773
6.68419 18.7536 316.542 -1596.9 2398.65 0.293681 -5.76074 -18.92 -316.542 -3678.71 -585.453 -0.293681
6.28224 18.868 316.371 -1605.84 2325.78 0.301179 -5.3395 -18.9541 -316.371 -3690.55 -628.016 -0.301179
5.96083 18.5971 316.232 -1563.51 2252.04 0.305193 -4.83027 -18.5129 -316.232 -3633.21 -670.747 -0.305193
5.71073 17.8385 316.178 -1472.78 2183.24 0.305666 -4.35073 -17.7439 -316.178 -3510.13 -704.289 -0.305666
5.33157 16.6885 316.242 -1336.82 2122.72 0.302569 -4.15826 -16.6039 -316.242 -3325.56 -723.965 -0.302569
4.96339 15.179 316.462 -1158.05 2068.01 0.295913 -4.06364 -15.0841 -316.462 -3080.35 -734.205 -0.295913
4.62833 13.3231 316.805 -940.533 2013.56 0.285746 -3.93703 -13.2401 -316.805 -2780.03 -744.515 -0.285746
4.42331 11.1274 317.244 -687.413 1955.55 0.27214 -3.60045 -11.1053 -317.244 -2427.06 -762.425 -0.27214
4.16159 8.62243 317.72 -403.322 1895.6 0.255181 -3.27359 -8.72971 -317.72 -2028.08 -784.964 -0.255181
3.81474 5.85981 318.212 -91.3804 1835.75 0.234953 -3.02371 -6.09119 -318.212 -1584.1 -808.739 -0.234953
3.41303 2.97984 318.673 241.549 1776.23 0.211548 -2.82949 -3.18944 -318.673 -1107.84 -832.73 -0.211548
3.00606 -0.0264948 319.141 588.694 1716.55 0.18507 -2.64656 -0.146915 -319.141 -608.423 -855.726 -0.18507
2.77131 -3.09521 319.68 940.83 1657 0.155648 -2.3151 2.93453 -319.68 -99.8176 -875.528 -0.155648
2.5333 -6.13774 320.285 1289.45 1599.13 0.123447 -2.03775 5.98531 -320.285 404.347 -889.894 -0.123447
2.29987 -9.07143 320.949 1625.29 1544.62 0.088658 -1.84475 8.91666 -320.949 889.363 -895.166 -0.088658
2.13485 -11.8692 321.595 1943.87 1495.13 0.0514857 -1.71433 11.7105 -321.595 1353.35 -887.159 -0.0514857
2.02255 -14.4005 322.122 2233.76 1448.84 0.0121353 -1.62036 14.2396 -322.122 1771.71 -869.905 -0.0121353
1.95418 -16.6273 322.498 2490.7 1404.86 -0.0291823 -1.55802 16.4904 -322.498 2141.44 -844.443 0.0291823
1.87053 -18.4779 322.733 2708.54 1359.39 -0.0722491 -1.48135 18.4116 -322.733 2451.5 -821.653 0.0722491
1.75546 -19.9011 322.872 2881.13 1310.88 -0.116844 -1.37592 19.9618 -322.872 2695.06 -804.265 0.116844
1.608 -20.8998 322.926 3003.91 1259.19 -0.16275 -1.23993 21.0783 -322.926 2868.33 -792.526 0.16275
1.43512 -21.5069 322.919 3073.23 1205 -0.209747 -1.07783 21.6744 -322.919 2967.41 -785.492 0.209747
1.25288 -21.6575 322.868 3087.94 1149.78 -0.257614 -0.905832 21.7959 -322.868 2990.77 -780.133 0.257614
1.08117 -21.3369 322.773 3048.66 1095.39 -0.306125 -0.743992 21.4679 -322.773 2939.28 -772.728 0.306125
0.938144 -20.5584 322.641 2957.44 1043.76 -0.355061 -0.611269 20.7025 -322.641 2814.39 -759.989 0.355061
0.84228 -19.3246 322.477 2816.77 996.589 -0.404211 -0.52559 19.5269 -322.477 2617.84 -738.549 0.404211
0.793259 -17.6533 322.264 2628.9 953.861 -0.45337 -0.486561 17.9559 -322.264 2351.92 -708.482 0.45337
0.790755 -15.5891 322.005 2396.81 915.102 -0.502326 -0.493075 15.9874 -322.005 2019.6 -669.517 0.502326
0.806259 -13.2217 321.687 2124.87 878.097 -0.55086 -0.518176 13.6028 -321.687 1626.45 -627.197 0.55086
0.830146 -10.5613 321.318 1820.26 841.906 -0.598749 -0.553399 10.9198 -321.318 1183.22 -583.11 0.598749
0.843508 -7.6895 320.937 1492.33 804.952 -0.645781 -0.580366 8.04059 -320.937 706.275 -540.888 0.645781
0.842523 -4.71344 320.603 1151.24 766.704 -0.69175 -0.588697 5.0588 -320.603 213.527 -501.97 0.69175
0.787935 -1.65727 320.286 801.874 723.95 -0.736456 -0.532579 1.9907 -320.286 -294.222 -475.046 0.736456
0.703681 1.36635 319.899 455.425 678.97 -0.779705 -0.443377 -1.05088 -319.899 -796.623 -454.68 0.779705
0.599822 4.28621 319.42 120.523 634.499 -0.821321 -0.371141 -3.98238 -319.42 -1280.64 -435.205 0.821321
0.488868 7.03264 318.873 -194.013 593.334 -0.861138 -0.375628 -6.70646 -318.873 -1731.73 -409.311 0.861138
0.39367 9.56076 318.318 -481.495 554.365 -0.898998 -0.416048 -9.15724 -318.318 -2141.08 -378.384 0.898998
0.42111 11.818 317.818 -736.799 517.378 -0.93474 -0.381063 -11.3031 -317.818 -2502.01 -342.827 0.93474
0.460949 13.7307 317.415 -955.948 482.94 -0.968216 -0.391238 -13.1554 -317.415 -2809.79 -301.753 0.968216
0.50245 15.2958 317.108 -1136.24 450.898 -0.999278 -0.450207 -14.6834 -317.108 -3062.4 -256.002 0.999278
0.568569 16.4475 316.882 -1274.46 420.288 -1.02778 -0.52351 -15.9016 -316.882 -3255.88 -206.223 1.02778
0.628653 17.2015 316.7 -1368.25 389.405 -1.05358 -0.600978 -16.7603 -316.7 -3387.8 -156.431 1.05358
0.651631 17.5623 316.556 -1414.85 356.375 -1.07653 -0.678221 -17.2088 -316.556 -3454.46 -109.709 1.07653
0.631212 17.5553 316.444 -1413.14 319.79 -1.09654 -0.74006 -17.2105 -316.444 -3455.42 -67.6574 1.09654
0.604723 17.1431 316.384 -1363.24 278.775 -1.1135 -0.734744 -16.8026 -316.384 -3390.51 -31.4178 1.1135
0.579123 16.3278 316.403 -1266.6 233.865 -1.12737 -0.669685 -16.0044 -316.403 -3261.32 0.489356 1.12737
0.521924 15.1348 316.531 -1125.31 186.609 -1.13808 -0.611793 -14.8188 -316.531 -3069.7 31.334 1.13808
0.455535 13.5969 316.767 -942.86 137.895 -1.14563 -0.559812 -13.2681 -316.767 -2819.86 63.1853 1.14563
0.412924 11.737 317.105 -722.586 88.0597 -1.14999 -0.488448 -11.3727 -317.105 -2514.54 96.7786 1.14999
0.410815 9.58874 317.514 -470.344 37.8895 -1.15116 -0.399775 -9.20138 -317.514 -2162.22 133.95 1.15116
0.406798 7.17378 317.996 -191.217 -12.7549 -1.14915 -0.329104 -6.80234 -317.996 -1767.6 173.848 1.14915
0.336802 4.59345 318.506 107.679 -64.7027 -1.14398 -0.312505 -4.21413 -318.506 -1343.13 213.38 1.14398
0.240223 1.90962 319.094 419.335 -120.835 -1.1357 -0.23914 -1.49298 -319.094 -898.326 245.447 1.1357
0.128206 -0.820683 319.73 735.098 -181.887 -1.12435 -0.0881246 1.25542 -319.73 -447.311 269.416 1.12435
0.012701 -3.56587 320.286 1048.46 -246.324 -1.11002 0.113095 3.95683 -320.286 1.60944 289.238 1.11002
-0.110331 -6.26137 320.811 1353.98 -310.911 -1.09283 0.295465 6.58768 -320.811 441.546 310.783 1.09283
-0.287996 -8.85458 321.263 1646.1 -375.294 -1.07288 0.399938 9.11939 -321.263 866.681 335.358 1.07288
-0.502402 -11.2449 321.611 1917.11 -442.583 -1.05028 0.520158 11.4845 -321.611 1261.22 355.477 1.05028
-0.745924 -13.3636 321.885 2160.96 -515.142 -1.02517 0.715297 13.638 -321.885 1615.27 366.301 1.02517
-0.986931 -15.2044 322.126 2372.1 -593.034 -0.997702 1.01874 15.4907 -322.126 1921.06 367.654 0.997702
-1.25872 -16.7506 322.354 2546 -674.389 -0.968047 1.36258 16.982 -322.354 2172.27 362.514 0.968047
-1.56137 -17.9544 322.551 2679.87 -756.376 -0.936389 1.69386 18.1123 -322.551 2365.08 355.444 0.936389
-1.89301 -18.7854 322.695 2772.23 -837.117 -0.902911 1.97745 18.8887 -322.695 2497.69 349.738 0.902911
-2.2043 -19.2284 322.759 2822.32 -916.525 -0.867796 2.26713 19.3185 -322.759 2569.76 344.689 0.867796
-2.49836 -19.2978 322.728 2829.54 -994.736 -0.831228 2.567 19.3783 -322.728 2580.61 339.421 0.831228
-2.79639 -19.0006 322.617 2794.15 -1071.93 -0.793393 2.86473 19.0653 -322.617 2530.59 332.879 0.793393
-3.10666 -18.3445 322.457 2717.42 -1148.56 -0.754475 3.17015 18.3919 -322.457 2421.24 322.989 0.754475
-3.43577 -17.3451 322.266 2601.42 -1224.8 -0.714664 3.48852 17.3741 -322.266 2254.92 308.275 0.714664
-3.78234 -16.0309 322.045 2449.5 -1300.59 -0.67415 3.82598 16.0427 -322.045 2036.56 288.015 0.67415
-4.14781 -14.4318 321.812 2265.37 -1375.58 -0.63313 4.18348 14.4272 -321.812 1770.78 261.538 0.63313
-4.52072 -12.5915 321.534 2054.09 -1448.84 -0.591809 4.55593 12.5718 -321.534 1464.82 230.21 0.591809
-4.88928 -10.5464 321.226 1820.38 -1518.88 -0.550398 4.92911 10.5126 -321.226 1124.11 196.182 0.550398
-5.24635 -8.36496 320.892 1571.2 -1584.17 -0.509109 5.284 8.31907 -320.892 761.001 161.604 0.509109
-5.58967 -6.11096 320.561 1313.33 -1643.81 -0.468158 5.61248 6.0539 -320.561 386.394 127.014 0.468158
-5.88654 -3.85443 320.235 1053.76 -1696.35 -0.427753 5.91622 3.78502 -320.235 12.6036 95.3208 0.427753
-6.17378 -1.63039 319.982 797.229 -1742.24 -0.388086 6.17342 1.54234 -319.982 -356.009 64.8775 0.388086
-6.45878 0.511632 319.698 549.512 -1783.43 -0.349331 6.43348 -0.628395 -319.698 -711.887 29.6858 0.349331
-6.73448 2.51465 319.403 317.056 -1820.17 -0.311653 6.71705 -2.66791 -319.403 -1045.21 -11.9111 0.311653
-7.00659 4.34061 319.101 105.244 -1850.94 -0.275224 6.98881 -4.52095 -319.101 -1348.29 -57.2863 0.275224
-7.26767 5.9481 318.785 -80.6345 -1874.14 -0.240223 7.22946 -6.1323 -318.785 -1612.91 -104.287 0.240223
-7.49896 7.28986 318.499 -236.632 -1888 -0.20682 7.42105 -7.48188 -318.499 -1833.58 -149.56 0.20682
-7.67968 8.35178 318.248 -360.776 -1891.88 -0.175167 7.57191 -8.5643 -318.248 -2009.55 -191.988 0.175167
-7.78634 9.10591 318.058 -450.096 -1885.31 -0.145395 7.69346 -9.34665 -318.058 -2135.27 -230.364 0.145395
-7.84516 9.55249 317.935 -503.441 -1868.03 -0.117615 7.75572 -9.81512 -317.935 -2209.99 -264.411 0.117615
-7.86127 9.69507 317.876 -520.272 -1840.35 -0.0919145 7.76368 -9.95903 -317.876 -2233.25 -295.232 0.0919145
-7.8349 9.52493 317.878 -500.807 -1802.93 -0.0683601 7.73121 -9.78911 -317.878 -2205.13 -324.155 0.0683601
-7.77176 9.05148 317.935 -446.302 -1756.42 -0.047003 7.66458 -9.31825 -317.935 -2127.47 -352.178 0.047003
-7.67489 8.28771 318.047 -358.503 -1701.1 -0.0278811 7.56603 -8.55764 -318.047 -2001.92 -379.792 0.0278811
-7.54455 7.25318 318.211 -239.801 -1636.97 -0.0110213 7.4336 -7.52627 -318.211 -1831.48 -406.726 0.0110213
-7.37518 5.97691 318.421 -93.3273 -1563.9 0.00356084 7.2618 -6.25268 -318.421 -1621.09 -431.603 -0.00356084
-7.16545 4.483 318.681 77.7298 -1481.9 0.0158642 7.04931 -4.76105 -318.681 -1374.31 -454.017 -0.0158642
-6.91111 2.81391 318.98 268.798 -1390.94 0.0259051 6.79231 -3.09406 -318.98 -1098.48 -472.892 -0.0259051
-6.60813 0.992378 319.336 476.236 -1290.94 0.0337188 6.48662 -1.27451 -319.336 -796.336 -487.138 -0.0337188
-6.27201 -0.915849 319.727 693.591 -1183.43 0.0393586 6.14796 0.632038 -319.727 -479.799 -499.611 -0.0393586
-5.90713 -2.86197 320.133 915.781 -1069.34 0.0428884 5.78074 2.57718 -320.133 -157.387 -510.613 -0.0428884
-5.51447 -4.81869 320.538 1138.76 -949.254 0.0443748 5.38584 4.53349 -320.538 167.276 -519.83 -0.0443748
-5.09306 -6.72044 320.91 1356 -823.343 0.0438875 4.9614 6.43443 -320.91 482.243 -526.696 -0.0438875
-4.63588 -8.55066 321.235 1564.49 -691.574 0.0415052 4.50004 8.26127 -321.235 785.578 -529.24 -0.0415052
-4.1423 -10.2755 321.521 1759.71 -554.68 0.0373196 4.00301 9.97818 -321.521 1072.05 -526.822 -0.0373196
-3.62047 -11.8388 321.754 1936.24 -414.225 0.0314371 3.48361 11.5299 -321.754 1331.47 -520.879 -0.0314371
-3.08429 -13.201 321.951 2090.47 -271.96 0.0239743 2.9583 12.8838 -321.951 1557.39 -513.911 -0.0239743
-2.54797 -14.3325 322.11 2219.18 -129.036 0.0150468 2.42882 14.0171 -322.11 1745.64 -507.002 -0.0150468
-2.02358 -15.217 322.233 2319.8 13.6276 0.00476197 1.89236 14.9045 -322.233 1892.99 -500.526 -0.00476197
-1.49936 -15.8369 322.334 2390.22 155.743 -0.00677697 1.36113 15.5273 -322.334 1996.5 -494.265 0.00677697
-0.97725 -16.181 322.385 2429.25 296.352 -0.0194641 0.837035 15.8756 -322.385 2054.38 -487.807 0.0194641
-0.460438 -16.2447 322.376 2436.12 434.938 -0.0331881 0.317242 15.9428 -322.376 2065.83 -480.689 0.0331881
0.0494583 -16.0291 322.313 2410.86 571.071 -0.0478362 -0.196574 15.7258 -322.313 2030.53 -472.947 0.0478362
0.554523 -15.5417 322.214 2354.55 704.577 -0.0632996 -0.706278 15.2324 -322.214 1949.57 -463.855 0.0632996
1.05636 -14.7902 322.082 2268.67 835.004 -0.0794752 -1.21246 14.482 -322.082 1825.26 -452.657 0.0794752
1.55214 -13.7942 321.913 2155.03 961.421 -0.0962653 -1.71257 13.4883 -321.913 1660.43 -439.181 0.0962653
2.038 -12.5792 321.709 2016.51 1083.07 -0.113576 -2.20251 12.2748 -321.709 1459.05 -423.781 0.113576
2.51084 -11.165 321.489 1855.88 1199.22 -0.131313 -2.67915 10.8618 -321.489 1224.01 -406.601 0.131313
2.96757 -9.60581 321.258 1678.34 1309.27 -0.149386 -3.13902 9.30359 -321.258 965.247 -387.966 0.149386
3.3926 -7.92914 321.025 1487.61 1411.8 -0.167703 -3.56756 7.62797 -321.025 686.814 -370.658 0.167703
3.78721 -6.19079 320.811 1289.13 1506.35 -0.186175 -3.96817 5.89071 -320.811 398.863 -353.567 0.186175
4.14255 -4.41963 320.564 1086.75 1591.84 -0.204716 -4.33316 4.12072 -320.564 105.63 -337.943 0.204716
4.44264 -2.6457 320.323 884.596 1666.7 -0.22325 -4.64077 2.34793 -320.323 -188.592 -327.488 0.22325
4.70902 -0.931572 320.048 688.651 1732.01 -0.241715 -4.90624 0.634971 -320.048 -472.284 -318.145 0.241715
4.9481 0.702139 319.753 502.074 1788.39 -0.260059 -5.14663 -0.997519 -319.753 -742.826 -307.251 0.260059
5.16112 2.20965 319.439 329.991 1836.07 -0.278234 -5.36317 -2.50366 -319.439 -992.513 -294.691 0.278234
5.35917 3.54225 319.15 177.13 1875.68 -0.296189 -5.56417 -3.83479 -319.15 -1212.45 -278.376 0.296189
5.53637 4.68587 318.892 45.9525 1906.71 -0.313874 -5.74385 -4.97711 -318.892 -1401.2 -259.429 0.313874
5.68154 5.61446 318.673 -60.4869 1928.17 -0.331237 -5.89108 -5.90503 -318.673 -1554.59 -239.976 0.331237
5.78629 6.30624 318.504 -139.755 1939.31 -0.348231 -5.99804 -6.59713 -318.504 -1669 -221.525 0.348231
5.84399 6.74765 318.388 -190.264 1939.53 -0.36482 -6.05803 -7.03955 -318.388 -1742.18 -205.344 0.36482
5.85392 6.93404 318.316 -211.21 1928.73 -0.380976 -6.0704 -7.22596 -318.316 -1773.41 -191.536 0.380976
5.81786 6.86196 318.283 -202.157 1907.07 -0.39668 -6.03643 -7.1515 -318.283 -1761.94 -179.826 0.39668
5.73952 6.53342 318.287 -163.491 1874.94 -0.411916 -5.95963 -6.82089 -318.287 -1708.35 -169.591 0.411916
5.62301 5.95562 318.333 -96.171 1832.83 -0.426679 -5.84435 -6.24212 -318.333 -1613.8 -160.135 0.426679
5.4719 5.14088 318.429 -1.75298 1781.32 -0.440965 -5.69592 -5.42716 -318.429 -1480.13 -150.797 0.440965
5.29114 4.11127 318.571 117.354 1720.99 -0.454778 -5.51958 -4.39707 -318.571 -1310.97 -140.732 0.454778
5.09174 2.8848 318.771 258.639 1652.45 -0.468122 -5.3212 -3.16815 -318.771 -1108.61 -128.189 0.468122
4.86896 1.48795 319.028 418.775 1575.61 -0.481 -5.09804 -1.76878 -319.028 -877.397 -114.115 0.481
4.61277 -0.0366368 319.317 593.311 1489.96 -0.493414 -4.84262 -0.241979 -319.317 -624.878 -100.447 0.493414
4.31707 -1.65148 319.617 778.267 1395.66 -0.505363 -4.55199 1.37496 -319.617 -357.529 -88.6263 0.505363
3.9795 -3.31587 319.937 969.182 1292.58 -0.516853 -4.2188 3.04136 -319.937 -82.2805 -79.8778 0.516853
3.61637 -5.00302 320.262 1162.37 1182.15 -0.527894 -3.85625 4.73051 -320.262 197.07 -71.4869 0.527894
3.23563 -6.66579 320.57 1352.87 1065.56 -0.538499 -3.47684 6.39524 -320.57 472.27 -61.8024 0.538499
2.8439 -8.28172 320.865 1537.4 943.675 -0.548668 -3.08718 8.01311 -320.865 740.326 -49.8348 0.548668
2.44474 -9.81024 321.126 1711.7 817.282 -0.55839 -2.69013 9.54353 -321.126 994.134 -35.4704 0.55839
2.02206 -11.2046 321.346 1870.91 685.204 -0.567648 -2.26932 10.9398 -321.346 1225.48 -22.0712 0.567648
1.57273 -12.4351 321.529 2011.72 547.653 -0.57643 -1.82174 12.172 -321.529 1429.34 -10.7024 0.57643
1.10571 -13.4743 321.682 2131.08 405.527 -0.584729 -1.35641 13.2129 -321.682 1601.11 0.25794 0.584729
0.624312 -14.3055 321.815 2226.56 259.741 -0.592541 -0.876726 14.0459 -321.815 1738.54 10.8355 0.592541
0.127099 -14.9108 321.905 2296.25 110.362 -0.599849 -0.381178 14.6529 -321.905 1838.52 20.5529 0.599849
-0.386479 -15.2819 321.942 2339.12 -42.0649 -0.606629 0.130751 15.0256 -321.942 1899.75 28.716 0.606629
-0.911997 -15.4138 321.943 2354.88 -196.834 -0.612854 0.654684 15.1592 -321.943 1921.14 35.8581 0.612854
-1.44476 -15.3074 321.904 2343.32 -352.934 -0.6185 1.18588 15.0544 -321.904 1903.14 42.2923 0.6185
-1.97909 -14.9671 321.836 2305.16 -509.373 -0.623546 1.71871 14.7157 -321.836 1846.27 48.6105 0.623546
-2.51135 -14.4043 321.751 2241.77 -665.043 -0.627974 2.24947 14.1544 -321.751 1752.34 54.7393 0.627974
-3.03705 -13.6345 321.629 2154.69 -819.365 -0.63176 2.77374 13.3862 -321.629 1624.18 61.3475 0.63176
-3.5541 -12.6749 321.476 2046 -971.722 -0.634877 3.28938 12.4282 -321.476 1464.48 68.4105 0.634877
-4.05479 -11.5431 321.335 1918.46 -1121.55 -0.637292 3.78872 11.298 -321.335 1275.45 77.5272 0.637292
-4.55398 -10.281 321.174 1775.86 -1269.08 -0.638968 4.28659 10.0375 -321.174 1065.01 84.78 0.638968
-5.05108 -8.91288 320.972 1621.2 -1413.74 -0.639875 4.78242 8.67087 -320.972 836.921 89.7504 0.639875
-5.54188 -7.47549 320.738 1458.57 -1554.96 -0.639989 5.27199 7.23492 -320.738 597.422 93.0595 0.639989
-6.01952 -6.01034 320.505 1291.99 -1691.53 -0.639299 5.74845 5.77124 -320.505 354.094 95.4272 0.639299
-6.47539 -4.55045 320.268 1125.49 -1822.48 -0.637789 6.20314 4.31282 -320.268 112.171 98.2865 0.637789
-6.9079 -3.12198 320.071 962.396 -1947.24 -0.635441 6.6345 2.88586 -320.071 -124.37 101.525 0.635441
-7.32315 -1.75737 319.903 806.566 -2066.03 -0.632233 7.04867 1.52276 -319.903 -350.297 103.654 0.632233
-7.71877 -0.483081 319.721 661.117 -2178.35 -0.628146 7.44335 0.249995 -319.721 -561.32 104.828 0.628146
-8.09663 0.674209 319.531 529.119 -2283.84 -0.623167 7.82028 -0.905753 -319.531 -753.041 104.167 0.623167
-8.44583 1.68356 319.342 413.807 -2381.29 -0.617292 8.16858 -1.91354 -319.342 -920.035 103.526 0.617292
-8.76412 2.53048 319.17 317.191 -2470.16 -0.610525 8.48602 -2.75888 -319.17 -1060.26 102.989 0.610525
-9.04586 3.19546 319.028 241.43 -2549.75 -0.602873 8.76695 -3.42226 -319.028 -1170.4 103.445 0.602873
-9.28906 3.66733 318.93 187.884 -2619.72 -0.594343 9.00936 -3.89252 -318.93 -1248.71 105.117 0.594343
-9.49536 3.93771 318.875 157.473 -2680 -0.584941 9.21493 -4.16124 -318.875 -1293.75 107.458 0.584941
-9.66759 4.00189 318.855 150.655 -2730.77 -0.574675 9.38647 -4.22376 -318.855 -1304.66 109.866 0.574675
-9.81002 3.86188 318.865 167.195 -2772.33 -0.563559 9.52827 -4.08205 -318.865 -1281.77 111.448 0.563559
-9.92721 3.52479 318.907 206.31 -2805.01 -0.551617 9.64487 -3.74326 -318.907 -1226.29 111.259 0.551617
-10.0197 3.00033 318.981 266.846 -2828.81 -0.53888 9.73685 -3.21705 -318.981 -1139.77 109.142 0.53888
-10.0849 2.30335 319.084 347.089 -2843.53 -0.525392 9.80152 -2.51831 -319.084 -1024.68 105.643 0.525392
-10.1212 1.45315 319.221 444.855 -2849.03 -0.511206 9.83736 -1.66632 -319.221 -884.214 101.058 0.511206
-10.1223 0.470183 319.39 557.678 -2844.89 -0.496382 9.83814 -0.681541 -319.39 -721.641 96.6912 0.496382
-10.0865 -0.62261 319.591 682.822 -2831.03 -0.480985 9.80199 0.413092 -319.591 -540.644 93.006 0.480985
-10.0167 -1.79201 319.807 816.729 -2807.77 -0.465086 9.7319 1.58436 -319.807 -346.963 89.4625 0.465086
-9.91404 -3.00932 320.015 956.141 -2775.35 -0.448757 9.62899 2.80356 -320.015 -145.373 86.0056 0.448757
-9.77865 -4.24679 320.236 1097.77 -2734.02 -0.432078 9.49342 4.04295 -320.236 59.6415 82.8215 0.432078
-9.45831 -5.36925 320.467 1237.53 -2682.88 -0.415137 9.45831 5.36925 -320.467 262.602 81.6908 0.415137
-9.22448 -6.53755 320.671 1370.55 -2620.34 -0.398023 9.22448 6.53755 -320.671 456.596 84.9128 0.398023
